step,damage,IDLE,CHARGING,PROTECTING,MOVING_TO_CHARGER,MOVING_TO_FIELD,TERMINATED,Drone_1_battery,Drone_1_state,Drone_1_target,Drone_2_battery,Drone_2_state,Drone_2_target,Drone_3_battery,Drone_3_state,Drone_3_target,Drone_4_battery,Drone_4_state,Drone_4_target,Drone_5_battery,Drone_5_state,Drone_5_target,Drone_6_battery,Drone_6_state,Drone_6_target,Drone_7_battery,Drone_7_state,Drone_7_target,Drone_8_battery,Drone_8_state,Drone_8_target,Drone_9_battery,Drone_9_state,Drone_9_target,Drone_10_battery,Drone_10_state,Drone_10_target,Drone_11_battery,Drone_11_state,Drone_11_target,Drone_12_battery,Drone_12_state,Drone_12_target,Drone_13_battery,Drone_13_state,Drone_13_target,Drone_14_battery,Drone_14_state,Drone_14_target,Drone_15_battery,Drone_15_state,Drone_15_target,Drone_16_battery,Drone_16_state,Drone_16_target,Drone_17_battery,Drone_17_state,Drone_17_target,Drone_18_battery,Drone_18_state,Drone_18_target,Drone_19_battery,Drone_19_state,Drone_19_target,Drone_20_battery,Drone_20_state,Drone_20_target,Drone_21_battery,Drone_21_state,Drone_21_target,Drone_22_battery,Drone_22_state,Drone_22_target,Drone_23_battery,Drone_23_state,Drone_23_target,Drone_24_battery,Drone_24_state,Drone_24_target,Field_1_damage,Field_1_threat_level,Field_1_protecting_drones,Field_1_arriving_drones,Field_1_drones_for_full_protection,Field_2_damage,Field_2_threat_level,Field_2_protecting_drones,Field_2_arriving_drones,Field_2_drones_for_full_protection,Field_3_damage,Field_3_threat_level,Field_3_protecting_drones,Field_3_arriving_drones,Field_3_drones_for_full_protection,Field_4_damage,Field_4_threat_level,Field_4_protecting_drones,Field_4_arriving_drones,Field_4_drones_for_full_protection,Field_5_damage,Field_5_threat_level,Field_5_protecting_drones,Field_5_arriving_drones,Field_5_drones_for_full_protection,Field_6_damage,Field_6_threat_level,Field_6_protecting_drones,Field_6_arriving_drones,Field_6_drones_for_full_protection,Field_7_damage,Field_7_threat_level,Field_7_protecting_drones,Field_7_arriving_drones,Field_7_drones_for_full_protection,Field_8_damage,Field_8_threat_level,Field_8_protecting_drones,Field_8_arriving_drones,Field_8_drones_for_full_protection,Field_9_damage,Field_9_threat_level,Field_9_protecting_drones,Field_9_arriving_drones,Field_9_drones_for_full_protection,Field_10_damage,Field_10_threat_level,Field_10_protecting_drones,Field_10_arriving_drones,Field_10_drones_for_full_protection,Field_11_damage,Field_11_threat_level,Field_11_protecting_drones,Field_11_arriving_drones,Field_11_drones_for_full_protection,Field_12_damage,Field_12_threat_level,Field_12_protecting_drones,Field_12_arriving_drones,Field_12_drones_for_full_protection
1,0,0,0,0,0,24,0,1,MOVING_TO_FIELD,Field_5,1,MOVING_TO_FIELD,Field_5,1,MOVING_TO_FIELD,Field_5,1,MOVING_TO_FIELD,Field_4,1,MOVING_TO_FIELD,Field_4,1,MOVING_TO_FIELD,Field_6,1,MOVING_TO_FIELD,Field_2,1,MOVING_TO_FIELD,Field_4,1,MOVING_TO_FIELD,Field_2,1,MOVING_TO_FIELD,Field_4,1,MOVING_TO_FIELD,Field_5,1,MOVING_TO_FIELD,Field_5,1,MOVING_TO_FIELD,Field_2,1,MOVING_TO_FIELD,Field_6,1,MOVING_TO_FIELD,Field_2,1,MOVING_TO_FIELD,Field_5,1,MOVING_TO_FIELD,Field_2,1,MOVING_TO_FIELD,Field_5,1,MOVING_TO_FIELD,Field_4,1,MOVING_TO_FIELD,Field_5,1,MOVING_TO_FIELD,Field_5,1,MOVING_TO_FIELD,Field_2,1,MOVING_TO_FIELD,Field_4,1,MOVING_TO_FIELD,Field_6,0,0.05,0,0,2,0,0.10,0,6,6,0,0.01,0,0,1,0,0.28,0,6,6,0,0.13,0,9,9,0,0.12,0,3,3,0,0.05,0,0,2,0,0.00,0,0,1,0,0.04,0,0,2,0,0.03,0,0,3,0,0.05,0,0,2,0,0.05,0,0,1
2,0,0,0,0,0,24,0,1,MOVING_TO_FIELD,Field_5,1,MOVING_TO_FIELD,Field_5,1,MOVING_TO_FIELD,Field_5,1,MOVING_TO_FIELD,Field_4,1,MOVING_TO_FIELD,Field_4,1,MOVING_TO_FIELD,Field_6,1,MOVING_TO_FIELD,Field_2,1,MOVING_TO_FIELD,Field_4,1,MOVING_TO_FIELD,Field_2,1,MOVING_TO_FIELD,Field_4,1,MOVING_TO_FIELD,Field_5,1,MOVING_TO_FIELD,Field_5,1,MOVING_TO_FIELD,Field_2,1,MOVING_TO_FIELD,Field_6,1,MOVING_TO_FIELD,Field_2,1,MOVING_TO_FIELD,Field_5,1,MOVING_TO_FIELD,Field_2,1,MOVING_TO_FIELD,Field_5,1,MOVING_TO_FIELD,Field_4,1,MOVING_TO_FIELD,Field_5,1,MOVING_TO_FIELD,Field_5,1,MOVING_TO_FIELD,Field_2,1,MOVING_TO_FIELD,Field_4,1,MOVING_TO_FIELD,Field_6,0,0.05,0,0,2,0,0.10,0,6,6,0,0.01,0,0,1,0,0.28,0,6,6,0,0.13,0,9,9,0,0.12,0,3,3,0,0.05,0,0,2,0,0.00,0,0,1,0,0.04,0,0,2,0,0.03,0,0,3,0,0.05,0,0,2,0,0.05,0,0,1
3,0,0,0,1,0,23,0,1,MOVING_TO_FIELD,Field_5,1,MOVING_TO_FIELD,Field_5,1,MOVING_TO_FIELD,Field_5,1,MOVING_TO_FIELD,Field_4,1,MOVING_TO_FIELD,Field_4,1,MOVING_TO_FIELD,Field_6,1,MOVING_TO_FIELD,Field_2,1,MOVING_TO_FIELD,Field_4,1,MOVING_TO_FIELD,Field_2,1,MOVING_TO_FIELD,Field_4,1,MOVING_TO_FIELD,Field_5,1,MOVING_TO_FIELD,Field_5,1,MOVING_TO_FIELD,Field_2,1,MOVING_TO_FIELD,Field_6,1,MOVING_TO_FIELD,Field_2,1,MOVING_TO_FIELD,Field_5,1,MOVING_TO_FIELD,Field_2,1,MOVING_TO_FIELD,Field_5,1,MOVING_TO_FIELD,Field_4,1,MOVING_TO_FIELD,Field_5,1,MOVING_TO_FIELD,Field_5,1,MOVING_TO_FIELD,Field_2,1,MOVING_TO_FIELD,Field_4,1,PROTECTING,Field_6,0,0.06,0,0,2,0,0.09,0,6,6,0,0.01,0,0,1,0,0.28,0,6,6,0,0.12,0,9,9,0,0.12,1,2,2,0,0.05,0,0,2,0,0.00,0,0,1,0,0.04,0,0,2,0,0.03,0,0,3,0,0.09,0,0,2,0,0.05,0,0,1
4,0,0,0,1,0,23,0,1,MOVING_TO_FIELD,Field_5,1,MOVING_TO_FIELD,Field_5,1,MOVING_TO_FIELD,Field_5,1,MOVING_TO_FIELD,Field_4,1,MOVING_TO_FIELD,Field_4,1,MOVING_TO_FIELD,Field_6,1,MOVING_TO_FIELD,Field_2,1,MOVING_TO_FIELD,Field_4,1,MOVING_TO_FIELD,Field_2,1,MOVING_TO_FIELD,Field_4,1,MOVING_TO_FIELD,Field_5,1,MOVING_TO_FIELD,Field_5,1,MOVING_TO_FIELD,Field_2,1,MOVING_TO_FIELD,Field_6,1,MOVING_TO_FIELD,Field_2,1,MOVING_TO_FIELD,Field_5,1,MOVING_TO_FIELD,Field_2,1,MOVING_TO_FIELD,Field_5,1,MOVING_TO_FIELD,Field_4,1,MOVING_TO_FIELD,Field_5,1,MOVING_TO_FIELD,Field_5,1,MOVING_TO_FIELD,Field_2,1,MOVING_TO_FIELD,Field_4,1,PROTECTING,Field_6,0,0.06,0,0,2,0,0.09,0,6,6,0,0.01,0,0,1,0,0.27,0,6,6,0,0.13,0,9,9,0,0.12,1,2,2,0,0.06,0,0,2,0,0.00,0,0,1,0,0.05,0,0,2,0,0.03,0,0,3,0,0.09,0,0,2,0,0.05,0,0,1
5,0,0,0,1,0,23,0,1,MOVING_TO_FIELD,Field_5,1,MOVING_TO_FIELD,Field_5,1,MOVING_TO_FIELD,Field_5,1,MOVING_TO_FIELD,Field_4,1,MOVING_TO_FIELD,Field_4,1,MOVING_TO_FIELD,Field_6,1,MOVING_TO_FIELD,Field_2,1,MOVING_TO_FIELD,Field_4,1,MOVING_TO_FIELD,Field_2,1,MOVING_TO_FIELD,Field_4,1,MOVING_TO_FIELD,Field_5,1,MOVING_TO_FIELD,Field_5,1,MOVING_TO_FIELD,Field_2,1,MOVING_TO_FIELD,Field_6,1,MOVING_TO_FIELD,Field_2,1,MOVING_TO_FIELD,Field_5,1,MOVING_TO_FIELD,Field_2,1,MOVING_TO_FIELD,Field_5,1,MOVING_TO_FIELD,Field_4,1,MOVING_TO_FIELD,Field_5,1,MOVING_TO_FIELD,Field_5,1,MOVING_TO_FIELD,Field_2,1,MOVING_TO_FIELD,Field_4,1,PROTECTING,Field_6,0,0.08,0,0,2,0,0.09,0,6,6,0,0.01,0,0,1,0,0.30,0,6,6,0,0.14,0,9,9,0,0.13,1,2,2,0,0.06,0,0,2,0,0.00,0,0,1,0,0.05,0,0,2,0,0.03,0,0,3,0,0.09,0,0,2,0,0.05,0,0,1
6,0,0,0,3,0,21,0,1,MOVING_TO_FIELD,Field_5,1,MOVING_TO_FIELD,Field_5,1,MOVING_TO_FIELD,Field_5,1,PROTECTING,Field_4,1,PROTECTING,Field_4,1,MOVING_TO_FIELD,Field_6,1,MOVING_TO_FIELD,Field_2,1,MOVING_TO_FIELD,Field_4,1,MOVING_TO_FIELD,Field_2,1,MOVING_TO_FIELD,Field_4,1,MOVING_TO_FIELD,Field_5,1,MOVING_TO_FIELD,Field_5,1,MOVING_TO_FIELD,Field_2,1,MOVING_TO_FIELD,Field_6,1,MOVING_TO_FIELD,Field_2,1,MOVING_TO_FIELD,Field_5,1,MOVING_TO_FIELD,Field_2,1,MOVING_TO_FIELD,Field_5,1,MOVING_TO_FIELD,Field_4,1,MOVING_TO_FIELD,Field_5,1,MOVING_TO_FIELD,Field_5,1,MOVING_TO_FIELD,Field_2,1,MOVING_TO_FIELD,Field_4,1,PROTECTING,Field_6,0,0.08,0,0,2,0,0.09,0,6,6,0,0.01,0,0,1,0,0.28,2,4,4,0,0.14,0,9,9,0,0.13,1,2,2,0,0.06,0,0,2,0,0.00,0,0,1,0,0.05,0,0,2,0,0.03,0,0,3,0,0.07,0,0,2,0,0.05,0,0,1
7,0,0,0,3,0,21,0,1,MOVING_TO_FIELD,Field_5,1,MOVING_TO_FIELD,Field_5,1,MOVING_TO_FIELD,Field_5,1,PROTECTING,Field_4,1,PROTECTING,Field_4,1,MOVING_TO_FIELD,Field_6,1,MOVING_TO_FIELD,Field_2,1,MOVING_TO_FIELD,Field_4,1,MOVING_TO_FIELD,Field_2,1,MOVING_TO_FIELD,Field_4,1,MOVING_TO_FIELD,Field_5,1,MOVING_TO_FIELD,Field_5,1,MOVING_TO_FIELD,Field_2,1,MOVING_TO_FIELD,Field_6,1,MOVING_TO_FIELD,Field_2,1,MOVING_TO_FIELD,Field_5,1,MOVING_TO_FIELD,Field_2,1,MOVING_TO_FIELD,Field_5,1,MOVING_TO_FIELD,Field_4,1,MOVING_TO_FIELD,Field_5,1,MOVING_TO_FIELD,Field_5,1,MOVING_TO_FIELD,Field_2,1,MOVING_TO_FIELD,Field_4,1,PROTECTING,Field_6,0,0.10,0,0,2,0,0.09,0,6,6,0,0.03,0,0,1,0,0.28,2,4,4,0,0.15,0,9,9,0,0.11,1,2,2,0,0.07,0,0,2,0,0.00,0,0,1,0,0.05,0,0,2,0,0.03,0,0,3,0,0.07,0,0,2,0,0.10,0,0,1
8,0,0,0,4,0,20,0,1,MOVING_TO_FIELD,Field_5,1,MOVING_TO_FIELD,Field_5,1,MOVING_TO_FIELD,Field_5,1,PROTECTING,Field_4,1,PROTECTING,Field_4,1,MOVING_TO_FIELD,Field_6,1,MOVING_TO_FIELD,Field_2,1,MOVING_TO_FIELD,Field_4,1,MOVING_TO_FIELD,Field_2,1,MOVING_TO_FIELD,Field_4,1,MOVING_TO_FIELD,Field_5,1,MOVING_TO_FIELD,Field_5,1,MOVING_TO_FIELD,Field_2,1,MOVING_TO_FIELD,Field_6,1,MOVING_TO_FIELD,Field_2,1,MOVING_TO_FIELD,Field_5,1,MOVING_TO_FIELD,Field_2,1,MOVING_TO_FIELD,Field_5,1,PROTECTING,Field_4,1,MOVING_TO_FIELD,Field_5,1,MOVING_TO_FIELD,Field_5,1,MOVING_TO_FIELD,Field_2,1,MOVING_TO_FIELD,Field_4,1,PROTECTING,Field_6,0,0.10,0,0,2,0,0.09,0,6,6,0,0.03,0,0,1,0,0.28,3,3,3,0,0.18,0,9,9,0,0.13,1,2,2,0,0.07,0,0,2,0,0.00,0,0,1,0,0.04,0,0,2,0,0.05,0,0,3,0,0.09,0,0,2,0,0.10,0,0,1
9,0,0,0,5,0,19,0,1,MOVING_TO_FIELD,Field_5,1,MOVING_TO_FIELD,Field_5,1,MOVING_TO_FIELD,Field_5,1,PROTECTING,Field_4,1,PROTECTING,Field_4,1,MOVING_TO_FIELD,Field_6,1,MOVING_TO_FIELD,Field_2,1,MOVING_TO_FIELD,Field_4,1,MOVING_TO_FIELD,Field_2,1,MOVING_TO_FIELD,Field_4,1,PROTECTING,Field_5,1,MOVING_TO_FIELD,Field_5,1,MOVING_TO_FIELD,Field_2,1,MOVING_TO_FIELD,Field_6,1,MOVING_TO_FIELD,Field_2,1,MOVING_TO_FIELD,Field_5,1,MOVING_TO_FIELD,Field_2,1,MOVING_TO_FIELD,Field_5,1,PROTECTING,Field_4,1,MOVING_TO_FIELD,Field_5,1,MOVING_TO_FIELD,Field_5,1,MOVING_TO_FIELD,Field_2,1,MOVING_TO_FIELD,Field_4,1,PROTECTING,Field_6,0,0.11,0,0,2,0,0.09,0,6,6,0,0.03,0,0,1,0,0.28,3,3,3,0,0.18,1,8,8,0,0.13,1,2,2,0,0.08,0,0,2,0,0.00,0,0,1,0,0.05,0,0,2,0,0.08,0,0,3,0,0.11,0,0,2,0,0.10,0,0,1
10,0,0,0,7,0,17,0,1,PROTECTING,Field_5,1,MOVING_TO_FIELD,Field_5,1,MOVING_TO_FIELD,Field_5,1,PROTECTING,Field_4,1,PROTECTING,Field_4,1,MOVING_TO_FIELD,Field_6,1,MOVING_TO_FIELD,Field_2,1,MOVING_TO_FIELD,Field_4,1,MOVING_TO_FIELD,Field_2,1,MOVING_TO_FIELD,Field_4,1,PROTECTING,Field_5,1,MOVING_TO_FIELD,Field_5,1,MOVING_TO_FIELD,Field_2,1,MOVING_TO_FIELD,Field_6,1,MOVING_TO_FIELD,Field_2,1,MOVING_TO_FIELD,Field_5,1,MOVING_TO_FIELD,Field_2,1,MOVING_TO_FIELD,Field_5,1,PROTECTING,Field_4,1,MOVING_TO_FIELD,Field_5,1,MOVING_TO_FIELD,Field_5,1,PROTECTING,Field_2,1,MOVING_TO_FIELD,Field_4,1,PROTECTING,Field_6,0,0.11,0,0,2,0,0.10,1,5,5,0,0.03,0,0,1,0,0.30,3,3,3,0,0.18,2,7,7,0,0.13,1,2,2,0,0.08,0,0,2,0,0.05,0,0,1,0,0.05,0,0,2,0,0.13,0,0,3,0,0.11,0,0,2,0,0.13,0,0,1
11,0,2,0,8,0,14,0,1,PROTECTING,Field_5,1,MOVING_TO_FIELD,Field_5,1,PROTECTING,Field_5,1,PROTECTING,Field_4,1,PROTECTING,Field_4,1,MOVING_TO_FIELD,Field_6,1,MOVING_TO_FIELD,Field_10,1,PROTECTING,Field_4,1,IDLE,,1,MOVING_TO_FIELD,Field_4,1,PROTECTING,Field_5,1,MOVING_TO_FIELD,Field_5,1,MOVING_TO_FIELD,Field_10,1,MOVING_TO_FIELD,Field_6,1,IDLE,,1,MOVING_TO_FIELD,Field_5,1,MOVING_TO_FIELD,Field_10,1,MOVING_TO_FIELD,Field_5,1,PROTECTING,Field_4,1,MOVING_TO_FIELD,Field_5,1,MOVING_TO_FIELD,Field_5,1,MOVING_TO_FIELD,Field_12,1,MOVING_TO_FIELD,Field_4,1,PROTECTING,Field_6,0,0.13,0,0,2,0,0.12,0,0,6,0,0.03,0,0,1,0,0.31,4,2,2,0,0.18,3,6,6,0,0.12,1,2,2,0,0.08,0,0,2,0,0.05,0,0,1,0,0.04,0,0,2,0,0.13,0,3,3,0,0.11,0,0,2,0,0.13,0,1,1
12,0,2,0,8,0,14,0,1,PROTECTING,Field_5,1,MOVING_TO_FIELD,Field_5,1,PROTECTING,Field_5,1,PROTECTING,Field_4,1,PROTECTING,Field_4,1,MOVING_TO_FIELD,Field_6,1,MOVING_TO_FIELD,Field_10,1,PROTECTING,Field_4,1,IDLE,,1,MOVING_TO_FIELD,Field_4,1,PROTECTING,Field_5,1,MOVING_TO_FIELD,Field_5,1,MOVING_TO_FIELD,Field_10,1,MOVING_TO_FIELD,Field_6,1,IDLE,,1,MOVING_TO_FIELD,Field_5,1,MOVING_TO_FIELD,Field_10,1,MOVING_TO_FIELD,Field_5,1,PROTECTING,Field_4,1,MOVING_TO_FIELD,Field_5,1,MOVING_TO_FIELD,Field_5,1,MOVING_TO_FIELD,Field_12,1,MOVING_TO_FIELD,Field_4,1,PROTECTING,Field_6,0,0.15,0,0,2,0,0.11,0,0,6,0,0.03,0,0,1,0,0.32,4,2,2,0,0.21,3,6,6,0,0.13,1,2,2,0,0.08,0,0,2,0,0.07,0,0,1,0,0.04,0,0,2,0,0.13,0,3,3,0,0.11,0,0,2,0,0.13,0,1,1
13,0,2,0,10,0,12,0,1,PROTECTING,Field_5,1,MOVING_TO_FIELD,Field_5,1,PROTECTING,Field_5,1,PROTECTING,Field_4,1,PROTECTING,Field_4,1,MOVING_TO_FIELD,Field_6,1,MOVING_TO_FIELD,Field_10,1,PROTECTING,Field_4,1,IDLE,,1,MOVING_TO_FIELD,Field_4,1,PROTECTING,Field_5,1,MOVING_TO_FIELD,Field_5,1,PROTECTING,Field_10,1,PROTECTING,Field_6,1,IDLE,,1,MOVING_TO_FIELD,Field_5,1,MOVING_TO_FIELD,Field_10,1,MOVING_TO_FIELD,Field_5,1,PROTECTING,Field_4,1,MOVING_TO_FIELD,Field_5,1,MOVING_TO_FIELD,Field_5,1,MOVING_TO_FIELD,Field_12,1,MOVING_TO_FIELD,Field_4,1,PROTECTING,Field_6,0,0.16,0,0,2,0,0.12,0,0,6,0,0.04,0,0,1,0,0.32,4,2,2,0,0.22,3,6,6,0,0.14,2,1,1,0,0.10,0,0,2,0,0.10,0,0,1,0,0.04,0,0,2,0,0.15,1,2,2,0,0.11,0,0,2,0,0.15,0,1,1
14,1,2,0,11,0,11,0,1,PROTECTING,Field_5,1,MOVING_TO_FIELD,Field_5,1,PROTECTING,Field_5,1,PROTECTING,Field_4,1,PROTECTING,Field_4,1,MOVING_TO_FIELD,Field_6,1,MOVING_TO_FIELD,Field_10,1,PROTECTING,Field_4,1,IDLE,,1,MOVING_TO_FIELD,Field_4,1,PROTECTING,Field_5,1,MOVING_TO_FIELD,Field_5,1,PROTECTING,Field_10,1,PROTECTING,Field_6,1,IDLE,,1,PROTECTING,Field_5,1,MOVING_TO_FIELD,Field_10,1,MOVING_TO_FIELD,Field_5,1,PROTECTING,Field_4,1,MOVING_TO_FIELD,Field_5,1,MOVING_TO_FIELD,Field_5,1,MOVING_TO_FIELD,Field_12,1,MOVING_TO_FIELD,Field_4,1,PROTECTING,Field_6,0,0.18,0,0,2,0,0.12,0,0,6,0,0.05,0,0,1,0,0.34,4,2,2,0,0.23,4,5,5,0,0.15,2,1,1,0,0.12,0,0,2,0,0.10,0,0,1,0,0.04,0,0,2,0,0.18,1,2,2,0,0.11,0,0,2,1,0.15,0,1,1
15,1,2,0,11,0,11,0,1,PROTECTING,Field_5,1,MOVING_TO_FIELD,Field_5,1,PROTECTING,Field_5,1,PROTECTING,Field_4,1,PROTECTING,Field_4,1,MOVING_TO_FIELD,Field_6,1,MOVING_TO_FIELD,Field_10,1,PROTECTING,Field_4,1,IDLE,,1,MOVING_TO_FIELD,Field_4,1,PROTECTING,Field_5,1,MOVING_TO_FIELD,Field_5,1,PROTECTING,Field_10,1,PROTECTING,Field_6,1,IDLE,,1,PROTECTING,Field_5,1,MOVING_TO_FIELD,Field_10,1,MOVING_TO_FIELD,Field_5,1,PROTECTING,Field_4,1,MOVING_TO_FIELD,Field_5,1,MOVING_TO_FIELD,Field_5,1,MOVING_TO_FIELD,Field_12,1,MOVING_TO_FIELD,Field_4,1,PROTECTING,Field_6,0,0.21,0,0,2,0,0.12,0,0,6,0,0.07,0,0,1,0,0.35,4,2,2,0,0.24,4,5,5,0,0.15,2,1,1,0,0.12,0,0,2,0,0.10,0,0,1,0,0.04,0,0,2,0,0.21,1,2,2,0,0.11,0,0,2,1,0.13,0,1,1
16,1,2,0,11,0,11,0,1,PROTECTING,Field_5,1,MOVING_TO_FIELD,Field_5,1,PROTECTING,Field_5,1,PROTECTING,Field_4,1,PROTECTING,Field_4,1,MOVING_TO_FIELD,Field_6,1,MOVING_TO_FIELD,Field_10,1,PROTECTING,Field_4,1,IDLE,,1,MOVING_TO_FIELD,Field_4,1,PROTECTING,Field_5,1,MOVING_TO_FIELD,Field_5,1,PROTECTING,Field_10,1,PROTECTING,Field_6,1,IDLE,,1,PROTECTING,Field_5,1,MOVING_TO_FIELD,Field_10,1,MOVING_TO_FIELD,Field_5,1,PROTECTING,Field_4,1,MOVING_TO_FIELD,Field_5,1,MOVING_TO_FIELD,Field_5,1,MOVING_TO_FIELD,Field_12,1,MOVING_TO_FIELD,Field_4,1,PROTECTING,Field_6,0,0.18,0,0,2,0,0.12,0,0,6,0,0.08,0,0,1,0,0.36,4,2,2,0,0.24,4,5,5,0,0.18,2,1,1,0,0.13,0,0,2,0,0.10,0,0,1,0,0.04,0,0,2,0,0.20,1,2,2,0,0.11,0,0,2,1,0.15,0,1,1
17,2,2,0,12,0,10,0,1,PROTECTING,Field_5,1,MOVING_TO_FIELD,Field_5,1,PROTECTING,Field_5,1,PROTECTING,Field_4,1,PROTECTING,Field_4,1,MOVING_TO_FIELD,Field_6,1,MOVING_TO_FIELD,Field_10,1,PROTECTING,Field_4,1,IDLE,,1,MOVING_TO_FIELD,Field_4,1,PROTECTING,Field_5,1,PROTECTING,Field_5,1,PROTECTING,Field_10,1,PROTECTING,Field_6,1,IDLE,,1,PROTECTING,Field_5,1,MOVING_TO_FIELD,Field_10,1,MOVING_TO_FIELD,Field_5,1,PROTECTING,Field_4,1,MOVING_TO_FIELD,Field_5,1,MOVING_TO_FIELD,Field_5,1,MOVING_TO_FIELD,Field_12,1,MOVING_TO_FIELD,Field_4,1,PROTECTING,Field_6,0,0.18,0,0,2,0,0.13,0,0,6,0,0.11,0,0,1,0,0.38,4,2,2,0,0.25,5,4,4,0,0.19,2,1,1,0,0.14,0,0,2,0,0.10,0,0,1,0,0.05,0,0,2,0,0.20,1,2,2,0,0.11,0,0,2,2,0.15,0,1,1
18,4,2,0,13,0,9,0,1,PROTECTING,Field_5,1,PROTECTING,Field_5,1,PROTECTING,Field_5,1,PROTECTING,Field_4,1,PROTECTING,Field_4,1,MOVING_TO_FIELD,Field_6,1,MOVING_TO_FIELD,Field_10,1,PROTECTING,Field_4,1,IDLE,,1,MOVING_TO_FIELD,Field_4,1,PROTECTING,Field_5,1,PROTECTING,Field_5,1,PROTECTING,Field_10,1,PROTECTING,Field_6,1,IDLE,,1,PROTECTING,Field_5,1,MOVING_TO_FIELD,Field_10,1,MOVING_TO_FIELD,Field_5,1,PROTECTING,Field_4,1,MOVING_TO_FIELD,Field_5,1,MOVING_TO_FIELD,Field_5,1,MOVING_TO_FIELD,Field_12,1,MOVING_TO_FIELD,Field_4,1,PROTECTING,Field_6,0,0.15,0,0,2,1,0.14,0,0,6,0,0.12,0,0,1,0,0.38,4,2,2,0,0.25,6,3,3,0,0.18,2,1,1,0,0.14,0,0,2,0,0.10,0,0,1,0,0.05,0,0,2,0,0.21,1,2,2,1,0.12,0,0,2,2,0.15,0,1,1
19,5,2,0,16,0,6,0,1,PROTECTING,Field_5,1,PROTECTING,Field_5,1,PROTECTING,Field_5,1,PROTECTING,Field_4,1,PROTECTING,Field_4,1,PROTECTING,Field_6,1,MOVING_TO_FIELD,Field_10,1,PROTECTING,Field_4,1,IDLE,,1,PROTECTING,Field_4,1,PROTECTING,Field_5,1,PROTECTING,Field_5,1,PROTECTING,Field_10,1,PROTECTING,Field_6,1,IDLE,,1,PROTECTING,Field_5,1,MOVING_TO_FIELD,Field_10,1,PROTECTING,Field_5,1,PROTECTING,Field_4,1,MOVING_TO_FIELD,Field_5,1,MOVING_TO_FIELD,Field_5,1,MOVING_TO_FIELD,Field_12,1,MOVING_TO_FIELD,Field_4,1,PROTECTING,Field_6,0,0.19,0,0,2,1,0.14,0,0,6,0,0.12,0,0,1,0,0.39,5,1,1,0,0.26,7,2,2,0,0.15,3,0,0,0,0.13,0,0,2,0,0.10,0,0,1,0,0.04,0,0,2,0,0.23,1,2,2,1,0.12,0,0,2,3,0.15,0,1,1
20,5,2,0,16,0,6,0,1,PROTECTING,Field_5,1,PROTECTING,Field_5,1,PROTECTING,Field_5,1,PROTECTING,Field_4,1,PROTECTING,Field_4,1,PROTECTING,Field_6,1,MOVING_TO_FIELD,Field_10,1,PROTECTING,Field_4,1,IDLE,,1,PROTECTING,Field_4,1,PROTECTING,Field_5,1,PROTECTING,Field_5,1,PROTECTING,Field_10,1,PROTECTING,Field_6,1,IDLE,,1,PROTECTING,Field_5,1,MOVING_TO_FIELD,Field_10,1,PROTECTING,Field_5,1,PROTECTING,Field_4,1,MOVING_TO_FIELD,Field_5,1,MOVING_TO_FIELD,Field_5,1,MOVING_TO_FIELD,Field_12,1,MOVING_TO_FIELD,Field_4,1,PROTECTING,Field_6,0,0.19,0,0,2,1,0.15,0,0,6,0,0.12,0,0,1,0,0.39,5,1,1,0,0.27,7,2,2,0,0.14,3,0,0,0,0.14,0,0,2,0,0.10,0,0,1,0,0.03,0,0,2,0,0.28,1,2,2,1,0.16,0,0,2,3,0.18,0,1,1
21,8,0,0,19,0,5,0,1,PROTECTING,Field_5,1,PROTECTING,Field_5,1,PROTECTING,Field_5,1,PROTECTING,Field_4,1,PROTECTING,Field_4,1,PROTECTING,Field_6,1,MOVING_TO_FIELD,Field_10,1,PROTECTING,Field_4,1,MOVING_TO_FIELD,Field_11,1,PROTECTING,Field_4,1,PROTECTING,Field_5,1,PROTECTING,Field_5,1,PROTECTING,Field_10,1,PROTECTING,Field_6,1,MOVING_TO_FIELD,Field_1,1,PROTECTING,Field_5,1,MOVING_TO_FIELD,Field_10,1,PROTECTING,Field_5,1,PROTECTING,Field_4,1,PROTECTING,Field_5,1,PROTECTING,Field_5,1,MOVING_TO_FIELD,Field_12,1,PROTECTING,Field_4,1,PROTECTING,Field_6,2,0.19,0,1,2,1,0.16,0,0,6,0,0.12,0,0,1,0,0.39,6,0,0,0,0.27,9,0,0,0,0.15,3,0,0,0,0.14,0,0,2,0,0.12,0,0,1,0,0.03,0,0,2,1,0.28,1,2,2,1,0.18,0,1,2,3,0.18,0,1,1
22,9,0,0,19,0,5,0,1,PROTECTING,Field_5,1,PROTECTING,Field_5,1,PROTECTING,Field_5,1,PROTECTING,Field_4,1,PROTECTING,Field_4,1,PROTECTING,Field_6,1,MOVING_TO_FIELD,Field_10,1,PROTECTING,Field_4,1,MOVING_TO_FIELD,Field_11,1,PROTECTING,Field_4,1,PROTECTING,Field_5,1,PROTECTING,Field_5,1,PROTECTING,Field_10,1,PROTECTING,Field_6,1,MOVING_TO_FIELD,Field_1,1,PROTECTING,Field_5,1,MOVING_TO_FIELD,Field_10,1,PROTECTING,Field_5,1,PROTECTING,Field_4,1,PROTECTING,Field_5,1,PROTECTING,Field_5,1,MOVING_TO_FIELD,Field_12,1,PROTECTING,Field_4,1,PROTECTING,Field_6,2,0.19,0,1,2,1,0.18,0,0,6,0,0.12,0,0,1,0,0.42,6,0,0,0,0.29,9,0,0,0,0.14,3,0,0,0,0.15,0,0,2,1,0.12,0,0,1,0,0.04,0,0,2,1,0.28,1,2,2,1,0.18,0,1,2,3,0.18,0,1,1
23,12,0,0,19,0,5,0,1,PROTECTING,Field_5,1,PROTECTING,Field_5,1,PROTECTING,Field_5,1,PROTECTING,Field_4,1,PROTECTING,Field_4,1,PROTECTING,Field_6,1,MOVING_TO_FIELD,Field_10,1,PROTECTING,Field_4,1,MOVING_TO_FIELD,Field_11,1,PROTECTING,Field_4,1,PROTECTING,Field_5,1,PROTECTING,Field_5,1,PROTECTING,Field_10,1,PROTECTING,Field_6,1,MOVING_TO_FIELD,Field_1,1,PROTECTING,Field_5,1,MOVING_TO_FIELD,Field_10,1,PROTECTING,Field_5,1,PROTECTING,Field_4,1,PROTECTING,Field_5,1,PROTECTING,Field_5,1,MOVING_TO_FIELD,Field_12,1,PROTECTING,Field_4,1,PROTECTING,Field_6,2,0.19,0,1,2,1,0.18,0,0,6,0,0.12,0,0,1,0,0.41,6,0,0,0,0.29,9,0,0,0,0.12,3,0,0,2,0.16,0,0,2,1,0.12,0,0,1,0,0.04,0,0,2,1,0.28,1,2,2,1,0.20,0,1,2,4,0.21,0,1,1
24,15,0,0,19,0,5,0,1,PROTECTING,Field_5,1,PROTECTING,Field_5,1,PROTECTING,Field_5,1,PROTECTING,Field_4,1,PROTECTING,Field_4,1,PROTECTING,Field_6,1,MOVING_TO_FIELD,Field_10,1,PROTECTING,Field_4,1,MOVING_TO_FIELD,Field_11,1,PROTECTING,Field_4,1,PROTECTING,Field_5,1,PROTECTING,Field_5,1,PROTECTING,Field_10,1,PROTECTING,Field_6,1,MOVING_TO_FIELD,Field_1,1,PROTECTING,Field_5,1,MOVING_TO_FIELD,Field_10,1,PROTECTING,Field_5,1,PROTECTING,Field_4,1,PROTECTING,Field_5,1,PROTECTING,Field_5,1,MOVING_TO_FIELD,Field_12,1,PROTECTING,Field_4,1,PROTECTING,Field_6,3,0.19,0,1,2,2,0.18,0,0,6,0,0.12,0,0,1,0,0.42,6,0,0,0,0.29,9,0,0,0,0.13,3,0,0,3,0.17,0,0,2,1,0.12,0,0,1,0,0.04,0,0,2,1,0.30,1,2,2,1,0.20,0,1,2,4,0.21,0,1,1
25,18,0,0,19,0,5,0,1,PROTECTING,Field_5,1,PROTECTING,Field_5,1,PROTECTING,Field_5,1,PROTECTING,Field_4,1,PROTECTING,Field_4,1,PROTECTING,Field_6,1,MOVING_TO_FIELD,Field_10,1,PROTECTING,Field_4,1,MOVING_TO_FIELD,Field_11,1,PROTECTING,Field_4,1,PROTECTING,Field_5,1,PROTECTING,Field_5,1,PROTECTING,Field_10,1,PROTECTING,Field_6,1,MOVING_TO_FIELD,Field_1,1,PROTECTING,Field_5,1,MOVING_TO_FIELD,Field_10,1,PROTECTING,Field_5,1,PROTECTING,Field_4,1,PROTECTING,Field_5,1,PROTECTING,Field_5,1,MOVING_TO_FIELD,Field_12,1,PROTECTING,Field_4,1,PROTECTING,Field_6,3,0.18,0,1,2,2,0.18,0,0,6,0,0.13,0,0,1,0,0.41,6,0,0,0,0.29,9,0,0,0,0.12,3,0,0,4,0.18,0,0,2,2,0.10,0,0,1,0,0.04,0,0,2,1,0.31,1,2,2,1,0.21,0,1,2,5,0.21,0,1,1
26,21,0,0,19,0,5,0,1,PROTECTING,Field_5,1,PROTECTING,Field_5,1,PROTECTING,Field_5,1,PROTECTING,Field_4,1,PROTECTING,Field_4,1,PROTECTING,Field_6,1,MOVING_TO_FIELD,Field_10,1,PROTECTING,Field_4,1,MOVING_TO_FIELD,Field_11,1,PROTECTING,Field_4,1,PROTECTING,Field_5,1,PROTECTING,Field_5,1,PROTECTING,Field_10,1,PROTECTING,Field_6,1,MOVING_TO_FIELD,Field_1,1,PROTECTING,Field_5,1,MOVING_TO_FIELD,Field_10,1,PROTECTING,Field_5,1,PROTECTING,Field_4,1,PROTECTING,Field_5,1,PROTECTING,Field_5,1,MOVING_TO_FIELD,Field_12,1,PROTECTING,Field_4,1,PROTECTING,Field_6,4,0.18,0,1,2,2,0.18,0,0,6,0,0.13,0,0,1,0,0.42,6,0,0,0,0.28,9,0,0,0,0.09,3,0,0,6,0.17,0,0,2,2,0.10,0,0,1,0,0.04,0,0,2,1,0.31,1,2,2,1,0.21,0,1,2,5,0.21,0,1,1
27,26,0,0,19,0,5,0,1,PROTECTING,Field_5,1,PROTECTING,Field_5,1,PROTECTING,Field_5,1,PROTECTING,Field_4,1,PROTECTING,Field_4,1,PROTECTING,Field_6,1,MOVING_TO_FIELD,Field_10,1,PROTECTING,Field_4,1,MOVING_TO_FIELD,Field_11,1,PROTECTING,Field_4,1,PROTECTING,Field_5,1,PROTECTING,Field_5,1,PROTECTING,Field_10,1,PROTECTING,Field_6,1,MOVING_TO_FIELD,Field_1,1,PROTECTING,Field_5,1,MOVING_TO_FIELD,Field_10,1,PROTECTING,Field_5,1,PROTECTING,Field_4,1,PROTECTING,Field_5,1,PROTECTING,Field_5,1,MOVING_TO_FIELD,Field_12,1,PROTECTING,Field_4,1,PROTECTING,Field_6,4,0.19,0,1,2,2,0.18,0,0,6,2,0.13,0,0,1,0,0.42,6,0,0,0,0.29,9,0,0,0,0.09,3,0,0,8,0.18,0,0,2,2,0.10,0,0,1,0,0.04,0,0,2,1,0.31,1,2,2,2,0.21,0,1,2,5,0.21,0,1,1
28,27,0,0,19,0,5,0,1,PROTECTING,Field_5,1,PROTECTING,Field_5,1,PROTECTING,Field_5,1,PROTECTING,Field_4,1,PROTECTING,Field_4,1,PROTECTING,Field_6,1,MOVING_TO_FIELD,Field_10,1,PROTECTING,Field_4,1,MOVING_TO_FIELD,Field_11,1,PROTECTING,Field_4,1,PROTECTING,Field_5,1,PROTECTING,Field_5,1,PROTECTING,Field_10,1,PROTECTING,Field_6,1,MOVING_TO_FIELD,Field_1,1,PROTECTING,Field_5,1,MOVING_TO_FIELD,Field_10,1,PROTECTING,Field_5,1,PROTECTING,Field_4,1,PROTECTING,Field_5,1,PROTECTING,Field_5,1,MOVING_TO_FIELD,Field_12,1,PROTECTING,Field_4,1,PROTECTING,Field_6,4,0.19,0,1,2,2,0.18,0,0,6,2,0.13,0,0,1,0,0.43,6,0,0,0,0.29,9,0,0,0,0.09,3,0,0,8,0.19,0,0,2,2,0.07,0,0,1,0,0.05,0,0,2,2,0.31,1,2,2,2,0.20,0,1,2,5,0.21,0,1,1
29,30,0,0,20,0,4,0,1,PROTECTING,Field_5,1,PROTECTING,Field_5,1,PROTECTING,Field_5,1,PROTECTING,Field_4,1,PROTECTING,Field_4,1,PROTECTING,Field_6,1,PROTECTING,Field_10,1,PROTECTING,Field_4,1,MOVING_TO_FIELD,Field_11,1,PROTECTING,Field_4,1,PROTECTING,Field_5,1,PROTECTING,Field_5,1,PROTECTING,Field_10,1,PROTECTING,Field_6,1,MOVING_TO_FIELD,Field_1,1,PROTECTING,Field_5,1,MOVING_TO_FIELD,Field_10,1,PROTECTING,Field_5,1,PROTECTING,Field_4,1,PROTECTING,Field_5,1,PROTECTING,Field_5,1,MOVING_TO_FIELD,Field_12,1,PROTECTING,Field_4,1,PROTECTING,Field_6,4,0.19,0,1,2,2,0.18,0,0,6,3,0.13,0,0,1,0,0.43,6,0,0,0,0.29,9,0,0,0,0.07,3,0,0,8,0.19,0,0,2,2,0.07,0,0,1,0,0.05,0,0,2,2,0.33,2,1,1,2,0.21,0,1,2,7,0.21,0,1,1
30,35,0,0,21,0,3,0,1,PROTECTING,Field_5,1,PROTECTING,Field_5,1,PROTECTING,Field_5,1,PROTECTING,Field_4,1,PROTECTING,Field_4,1,PROTECTING,Field_6,1,PROTECTING,Field_10,1,PROTECTING,Field_4,1,PROTECTING,Field_11,1,PROTECTING,Field_4,1,PROTECTING,Field_5,1,PROTECTING,Field_5,1,PROTECTING,Field_10,1,PROTECTING,Field_6,1,MOVING_TO_FIELD,Field_1,1,PROTECTING,Field_5,1,MOVING_TO_FIELD,Field_10,1,PROTECTING,Field_5,1,PROTECTING,Field_4,1,PROTECTING,Field_5,1,PROTECTING,Field_5,1,MOVING_TO_FIELD,Field_12,1,PROTECTING,Field_4,1,PROTECTING,Field_6,5,0.19,0,1,2,2,0.20,0,0,6,3,0.12,0,0,1,0,0.43,6,0,0,0,0.29,9,0,0,0,0.07,3,0,0,11,0.19,0,0,2,2,0.07,0,0,1,0,0.05,0,0,2,2,0.33,2,1,1,2,0.23,1,0,1,8,0.21,0,1,1
31,38,0,0,18,0,6,0,1,PROTECTING,Field_5,1,PROTECTING,Field_5,1,PROTECTING,Field_5,1,PROTECTING,Field_4,1,PROTECTING,Field_4,1,MOVING_TO_FIELD,Field_1,1,PROTECTING,Field_10,1,PROTECTING,Field_4,1,PROTECTING,Field_11,1,PROTECTING,Field_4,1,PROTECTING,Field_5,1,PROTECTING,Field_5,1,PROTECTING,Field_10,1,MOVING_TO_FIELD,Field_11,1,MOVING_TO_FIELD,Field_1,1,PROTECTING,Field_5,1,MOVING_TO_FIELD,Field_10,1,PROTECTING,Field_5,1,PROTECTING,Field_4,1,PROTECTING,Field_5,1,PROTECTING,Field_5,1,MOVING_TO_FIELD,Field_12,1,PROTECTING,Field_4,1,MOVING_TO_FIELD,Field_3,6,0.19,0,2,2,2,0.21,0,0,6,3,0.11,0,1,1,0,0.43,6,0,0,0,0.29,9,0,0,0,0.05,0,0,3,12,0.19,0,0,2,2,0.07,0,0,1,0,0.05,0,0,2,2,0.33,2,1,1,2,0.23,1,1,1,9,0.21,0,1,1
32,39,0,0,18,0,6,0,1,PROTECTING,Field_5,1,PROTECTING,Field_5,1,PROTECTING,Field_5,1,PROTECTING,Field_4,1,PROTECTING,Field_4,1,MOVING_TO_FIELD,Field_1,1,PROTECTING,Field_10,1,PROTECTING,Field_4,1,PROTECTING,Field_11,1,PROTECTING,Field_4,1,PROTECTING,Field_5,1,PROTECTING,Field_5,1,PROTECTING,Field_10,1,MOVING_TO_FIELD,Field_11,1,MOVING_TO_FIELD,Field_1,1,PROTECTING,Field_5,1,MOVING_TO_FIELD,Field_10,1,PROTECTING,Field_5,1,PROTECTING,Field_4,1,PROTECTING,Field_5,1,PROTECTING,Field_5,1,MOVING_TO_FIELD,Field_12,1,PROTECTING,Field_4,1,MOVING_TO_FIELD,Field_3,6,0.18,0,2,2,2,0.20,0,0,6,3,0.11,0,1,1,0,0.42,6,0,0,0,0.29,9,0,0,0,0.05,0,0,3,12,0.20,0,0,2,2,0.10,0,0,1,0,0.05,0,0,2,3,0.34,2,1,1,2,0.23,1,1,1,9,0.21,0,1,1
33,43,0,0,18,0,6,0,1,PROTECTING,Field_5,1,PROTECTING,Field_5,1,PROTECTING,Field_5,1,PROTECTING,Field_4,1,PROTECTING,Field_4,1,MOVING_TO_FIELD,Field_1,1,PROTECTING,Field_10,1,PROTECTING,Field_4,1,PROTECTING,Field_11,1,PROTECTING,Field_4,1,PROTECTING,Field_5,1,PROTECTING,Field_5,1,PROTECTING,Field_10,1,MOVING_TO_FIELD,Field_11,1,MOVING_TO_FIELD,Field_1,1,PROTECTING,Field_5,1,MOVING_TO_FIELD,Field_10,1,PROTECTING,Field_5,1,PROTECTING,Field_4,1,PROTECTING,Field_5,1,PROTECTING,Field_5,1,MOVING_TO_FIELD,Field_12,1,PROTECTING,Field_4,1,MOVING_TO_FIELD,Field_3,6,0.18,0,2,2,3,0.20,0,0,6,3,0.11,0,1,1,0,0.39,6,0,0,0,0.29,9,0,0,0,0.04,0,0,3,12,0.19,0,0,2,2,0.10,0,0,1,0,0.05,0,0,2,3,0.34,2,1,1,3,0.23,1,1,1,11,0.21,0,1,1
34,46,0,0,18,0,6,0,1,PROTECTING,Field_5,1,PROTECTING,Field_5,1,PROTECTING,Field_5,1,PROTECTING,Field_4,1,PROTECTING,Field_4,1,MOVING_TO_FIELD,Field_1,1,PROTECTING,Field_10,1,PROTECTING,Field_4,1,PROTECTING,Field_11,1,PROTECTING,Field_4,1,PROTECTING,Field_5,1,PROTECTING,Field_5,1,PROTECTING,Field_10,1,MOVING_TO_FIELD,Field_11,1,MOVING_TO_FIELD,Field_1,1,PROTECTING,Field_5,1,MOVING_TO_FIELD,Field_10,1,PROTECTING,Field_5,1,PROTECTING,Field_4,1,PROTECTING,Field_5,1,PROTECTING,Field_5,1,MOVING_TO_FIELD,Field_12,1,PROTECTING,Field_4,1,MOVING_TO_FIELD,Field_3,6,0.18,0,2,2,3,0.21,0,0,6,3,0.11,0,1,1,0,0.39,6,0,0,0,0.29,9,0,0,0,0.01,0,0,3,12,0.18,0,0,2,2,0.10,0,0,1,1,0.05,0,0,2,3,0.34,2,1,1,4,0.23,1,1,1,12,0.21,0,1,1
35,50,0,0,18,0,6,0,1,PROTECTING,Field_5,1,PROTECTING,Field_5,1,PROTECTING,Field_5,1,PROTECTING,Field_4,1,PROTECTING,Field_4,1,MOVING_TO_FIELD,Field_1,1,PROTECTING,Field_10,1,PROTECTING,Field_4,1,PROTECTING,Field_11,1,PROTECTING,Field_4,1,PROTECTING,Field_5,1,PROTECTING,Field_5,1,PROTECTING,Field_10,1,MOVING_TO_FIELD,Field_11,1,MOVING_TO_FIELD,Field_1,1,PROTECTING,Field_5,1,MOVING_TO_FIELD,Field_10,1,PROTECTING,Field_5,1,PROTECTING,Field_4,1,PROTECTING,Field_5,1,PROTECTING,Field_5,1,MOVING_TO_FIELD,Field_12,1,PROTECTING,Field_4,1,MOVING_TO_FIELD,Field_3,9,0.18,0,2,2,3,0.21,0,0,6,3,0.12,0,1,1,0,0.35,6,0,0,0,0.26,9,0,0,0,0.01,0,0,3,12,0.20,0,0,2,2,0.10,0,0,1,1,0.05,0,0,2,3,0.34,2,1,1,4,0.23,1,1,1,13,0.21,0,1,1
36,51,0,0,18,0,6,0,1,PROTECTING,Field_5,1,PROTECTING,Field_5,1,PROTECTING,Field_5,1,PROTECTING,Field_4,1,PROTECTING,Field_4,1,MOVING_TO_FIELD,Field_1,1,PROTECTING,Field_10,1,PROTECTING,Field_4,1,PROTECTING,Field_11,1,PROTECTING,Field_4,1,PROTECTING,Field_5,1,PROTECTING,Field_5,1,PROTECTING,Field_10,1,MOVING_TO_FIELD,Field_11,1,MOVING_TO_FIELD,Field_1,1,PROTECTING,Field_5,1,MOVING_TO_FIELD,Field_10,1,PROTECTING,Field_5,1,PROTECTING,Field_4,1,PROTECTING,Field_5,1,PROTECTING,Field_5,1,MOVING_TO_FIELD,Field_12,1,PROTECTING,Field_4,1,MOVING_TO_FIELD,Field_3,9,0.18,0,2,2,4,0.21,0,0,6,3,0.12,0,1,1,0,0.35,6,0,0,0,0.24,9,0,0,0,0.01,0,0,3,12,0.20,0,0,2,2,0.10,0,0,1,1,0.05,0,0,2,3,0.34,2,1,1,4,0.20,1,1,1,13,0.21,0,1,1
37,54,0,0,20,0,4,0,1,PROTECTING,Field_5,1,PROTECTING,Field_5,1,PROTECTING,Field_5,1,PROTECTING,Field_4,1,PROTECTING,Field_4,1,PROTECTING,Field_1,1,PROTECTING,Field_10,1,PROTECTING,Field_4,1,PROTECTING,Field_11,1,PROTECTING,Field_4,1,PROTECTING,Field_5,1,PROTECTING,Field_5,1,PROTECTING,Field_10,1,MOVING_TO_FIELD,Field_11,1,MOVING_TO_FIELD,Field_1,1,PROTECTING,Field_5,1,PROTECTING,Field_10,1,PROTECTING,Field_5,1,PROTECTING,Field_4,1,PROTECTING,Field_5,1,PROTECTING,Field_5,1,MOVING_TO_FIELD,Field_12,1,PROTECTING,Field_4,1,MOVING_TO_FIELD,Field_3,9,0.18,1,1,1,5,0.21,0,0,6,3,0.12,0,1,1,0,0.35,6,0,0,0,0.24,9,0,0,0,0.01,0,0,3,13,0.20,0,0,2,3,0.10,0,0,1,1,0.05,0,0,2,3,0.34,3,0,0,4,0.20,1,1,1,13,0.15,0,1,1
38,58,0,0,20,0,4,0,1,PROTECTING,Field_5,1,PROTECTING,Field_5,1,PROTECTING,Field_5,1,PROTECTING,Field_4,1,PROTECTING,Field_4,1,PROTECTING,Field_1,1,PROTECTING,Field_10,1,PROTECTING,Field_4,1,PROTECTING,Field_11,1,PROTECTING,Field_4,1,PROTECTING,Field_5,1,PROTECTING,Field_5,1,PROTECTING,Field_10,1,MOVING_TO_FIELD,Field_11,1,MOVING_TO_FIELD,Field_1,1,PROTECTING,Field_5,1,PROTECTING,Field_10,1,PROTECTING,Field_5,1,PROTECTING,Field_4,1,PROTECTING,Field_5,1,PROTECTING,Field_5,1,MOVING_TO_FIELD,Field_12,1,PROTECTING,Field_4,1,MOVING_TO_FIELD,Field_3,9,0.18,1,1,1,5,0.21,0,0,6,5,0.12,0,1,1,0,0.34,6,0,0,0,0.24,9,0,0,0,0.01,0,0,3,13,0.20,0,0,2,5,0.10,0,0,1,1,0.06,0,0,2,3,0.33,3,0,0,4,0.20,1,1,1,13,0.15,0,1,1
39,60,0,0,20,0,4,0,1,PROTECTING,Field_5,1,PROTECTING,Field_5,1,PROTECTING,Field_5,1,PROTECTING,Field_4,1,PROTECTING,Field_4,1,PROTECTING,Field_1,1,PROTECTING,Field_10,1,PROTECTING,Field_4,1,PROTECTING,Field_11,1,PROTECTING,Field_4,1,PROTECTING,Field_5,1,PROTECTING,Field_5,1,PROTECTING,Field_10,1,MOVING_TO_FIELD,Field_11,1,MOVING_TO_FIELD,Field_1,1,PROTECTING,Field_5,1,PROTECTING,Field_10,1,PROTECTING,Field_5,1,PROTECTING,Field_4,1,PROTECTING,Field_5,1,PROTECTING,Field_5,1,MOVING_TO_FIELD,Field_12,1,PROTECTING,Field_4,1,MOVING_TO_FIELD,Field_3,9,0.19,1,1,1,7,0.20,0,0,6,5,0.11,0,1,1,0,0.32,6,0,0,0,0.19,9,0,0,0,0.02,0,0,3,13,0.21,0,0,2,5,0.10,0,0,1,1,0.06,0,0,2,3,0.31,3,0,0,4,0.20,1,1,1,13,0.15,0,1,1
40,68,0,0,20,0,4,0,1,PROTECTING,Field_5,1,PROTECTING,Field_5,1,PROTECTING,Field_5,1,PROTECTING,Field_4,1,PROTECTING,Field_4,1,PROTECTING,Field_1,1,PROTECTING,Field_10,1,PROTECTING,Field_4,1,PROTECTING,Field_11,1,PROTECTING,Field_4,1,PROTECTING,Field_5,1,PROTECTING,Field_5,1,PROTECTING,Field_10,1,MOVING_TO_FIELD,Field_11,1,MOVING_TO_FIELD,Field_1,1,PROTECTING,Field_5,1,PROTECTING,Field_10,1,PROTECTING,Field_5,1,PROTECTING,Field_4,1,PROTECTING,Field_5,1,PROTECTING,Field_5,1,MOVING_TO_FIELD,Field_12,1,PROTECTING,Field_4,1,MOVING_TO_FIELD,Field_3,10,0.18,1,1,1,9,0.20,0,0,6,7,0.11,0,1,1,0,0.30,6,0,0,0,0.18,9,0,0,0,0.02,0,0,3,13,0.20,0,0,2,5,0.10,0,0,1,1,0.06,0,0,2,3,0.30,3,0,0,5,0.21,1,1,1,15,0.15,0,1,1
41,69,0,0,14,0,10,0,1,MOVING_TO_FIELD,Field_2,1,MOVING_TO_FIELD,Field_2,1,PROTECTING,Field_5,1,PROTECTING,Field_4,1,PROTECTING,Field_4,1,PROTECTING,Field_1,1,PROTECTING,Field_10,1,PROTECTING,Field_4,1,PROTECTING,Field_11,1,PROTECTING,Field_4,1,MOVING_TO_FIELD,Field_2,1,PROTECTING,Field_5,1,PROTECTING,Field_10,1,MOVING_TO_FIELD,Field_11,1,MOVING_TO_FIELD,Field_1,1,MOVING_TO_FIELD,Field_2,1,PROTECTING,Field_10,1,MOVING_TO_FIELD,Field_2,1,PROTECTING,Field_4,1,PROTECTING,Field_5,1,MOVING_TO_FIELD,Field_2,1,MOVING_TO_FIELD,Field_7,1,PROTECTING,Field_4,1,MOVING_TO_FIELD,Field_7,10,0.19,1,1,1,10,0.20,0,6,6,7,0.08,0,0,1,0,0.28,6,0,0,0,0.16,3,0,6,0,0.02,0,0,3,13,0.20,0,2,2,5,0.10,0,0,1,1,0.06,0,0,2,3,0.28,3,0,0,5,0.21,1,1,1,15,0.15,0,0,1
42,72,0,0,14,0,10,0,1,MOVING_TO_FIELD,Field_2,1,MOVING_TO_FIELD,Field_2,1,PROTECTING,Field_5,1,PROTECTING,Field_4,1,PROTECTING,Field_4,1,PROTECTING,Field_1,1,PROTECTING,Field_10,1,PROTECTING,Field_4,1,PROTECTING,Field_11,1,PROTECTING,Field_4,1,MOVING_TO_FIELD,Field_2,1,PROTECTING,Field_5,1,PROTECTING,Field_10,1,MOVING_TO_FIELD,Field_11,1,MOVING_TO_FIELD,Field_1,1,MOVING_TO_FIELD,Field_2,1,PROTECTING,Field_10,1,MOVING_TO_FIELD,Field_2,1,PROTECTING,Field_4,1,PROTECTING,Field_5,1,MOVING_TO_FIELD,Field_2,1,MOVING_TO_FIELD,Field_7,1,PROTECTING,Field_4,1,MOVING_TO_FIELD,Field_7,11,0.18,1,1,1,11,0.20,0,6,6,7,0.08,0,0,1,0,0.26,6,0,0,0,0.17,3,0,6,0,0.02,0,0,3,13,0.20,0,2,2,5,0.07,0,0,1,1,0.07,0,0,2,3,0.28,3,0,0,6,0.21,1,1,1,15,0.15,0,0,1
43,74,0,0,14,0,10,0,1,MOVING_TO_FIELD,Field_2,1,MOVING_TO_FIELD,Field_2,1,PROTECTING,Field_5,1,PROTECTING,Field_4,1,PROTECTING,Field_4,1,PROTECTING,Field_1,1,PROTECTING,Field_10,1,PROTECTING,Field_4,1,PROTECTING,Field_11,1,PROTECTING,Field_4,1,MOVING_TO_FIELD,Field_2,1,PROTECTING,Field_5,1,PROTECTING,Field_10,1,MOVING_TO_FIELD,Field_11,1,MOVING_TO_FIELD,Field_1,1,MOVING_TO_FIELD,Field_2,1,PROTECTING,Field_10,1,MOVING_TO_FIELD,Field_2,1,PROTECTING,Field_4,1,PROTECTING,Field_5,1,MOVING_TO_FIELD,Field_2,1,MOVING_TO_FIELD,Field_7,1,PROTECTING,Field_4,1,MOVING_TO_FIELD,Field_7,11,0.18,1,1,1,12,0.20,0,6,6,7,0.07,0,0,1,0,0.24,6,0,0,0,0.15,3,0,6,0,0.04,0,0,3,13,0.20,0,2,2,5,0.07,0,0,1,1,0.08,0,0,2,3,0.28,3,0,0,7,0.21,1,1,1,15,0.15,0,0,1
44,78,0,0,15,0,9,0,1,MOVING_TO_FIELD,Field_2,1,MOVING_TO_FIELD,Field_2,1,PROTECTING,Field_5,1,PROTECTING,Field_4,1,PROTECTING,Field_4,1,PROTECTING,Field_1,1,PROTECTING,Field_10,1,PROTECTING,Field_4,1,PROTECTING,Field_11,1,PROTECTING,Field_4,1,MOVING_TO_FIELD,Field_2,1,PROTECTING,Field_5,1,PROTECTING,Field_10,1,MOVING_TO_FIELD,Field_11,1,MOVING_TO_FIELD,Field_1,1,MOVING_TO_FIELD,Field_2,1,PROTECTING,Field_10,1,MOVING_TO_FIELD,Field_2,1,PROTECTING,Field_4,1,PROTECTING,Field_5,1,MOVING_TO_FIELD,Field_2,1,MOVING_TO_FIELD,Field_7,1,PROTECTING,Field_4,1,PROTECTING,Field_7,12,0.19,1,1,1,12,0.21,0,6,6,7,0.07,0,0,1,0,0.23,6,0,0,0,0.15,3,0,6,0,0.04,0,0,3,13,0.21,1,1,1,5,0.07,0,0,1,1,0.08,0,0,2,3,0.26,3,0,0,9,0.21,1,1,1,16,0.13,0,0,1
45,79,0,0,15,0,9,0,1,MOVING_TO_FIELD,Field_2,1,MOVING_TO_FIELD,Field_2,1,PROTECTING,Field_5,1,PROTECTING,Field_4,1,PROTECTING,Field_4,1,PROTECTING,Field_1,1,PROTECTING,Field_10,1,PROTECTING,Field_4,1,PROTECTING,Field_11,1,PROTECTING,Field_4,1,MOVING_TO_FIELD,Field_2,1,PROTECTING,Field_5,1,PROTECTING,Field_10,1,MOVING_TO_FIELD,Field_11,1,MOVING_TO_FIELD,Field_1,1,MOVING_TO_FIELD,Field_2,1,PROTECTING,Field_10,1,MOVING_TO_FIELD,Field_2,1,PROTECTING,Field_4,1,PROTECTING,Field_5,1,MOVING_TO_FIELD,Field_2,1,MOVING_TO_FIELD,Field_7,1,PROTECTING,Field_4,1,PROTECTING,Field_7,12,0.19,1,1,1,12,0.21,0,6,6,7,0.07,0,0,1,0,0.22,6,0,0,0,0.15,3,0,6,0,0.04,0,0,3,13,0.23,1,1,1,5,0.07,0,0,1,1,0.08,0,0,2,3,0.23,3,0,0,10,0.21,1,1,1,16,0.13,0,0,1
46,81,0,0,15,0,9,0,1,MOVING_TO_FIELD,Field_2,1,MOVING_TO_FIELD,Field_2,1,PROTECTING,Field_5,1,PROTECTING,Field_4,1,PROTECTING,Field_4,1,PROTECTING,Field_1,1,PROTECTING,Field_10,1,PROTECTING,Field_4,1,PROTECTING,Field_11,1,PROTECTING,Field_4,1,MOVING_TO_FIELD,Field_2,1,PROTECTING,Field_5,1,PROTECTING,Field_10,1,MOVING_TO_FIELD,Field_11,1,MOVING_TO_FIELD,Field_1,1,MOVING_TO_FIELD,Field_2,1,PROTECTING,Field_10,1,MOVING_TO_FIELD,Field_2,1,PROTECTING,Field_4,1,PROTECTING,Field_5,1,MOVING_TO_FIELD,Field_2,1,MOVING_TO_FIELD,Field_7,1,PROTECTING,Field_4,1,PROTECTING,Field_7,13,0.21,1,1,1,12,0.20,0,6,6,7,0.07,0,0,1,0,0.20,6,0,0,0,0.15,3,0,6,0,0.04,0,0,3,13,0.23,1,1,1,5,0.07,0,0,1,1,0.09,0,0,2,3,0.21,3,0,0,11,0.21,1,1,1,16,0.13,0,0,1
47,83,0,0,15,0,9,0,1,MOVING_TO_FIELD,Field_2,1,MOVING_TO_FIELD,Field_2,1,PROTECTING,Field_5,1,PROTECTING,Field_4,1,PROTECTING,Field_4,1,PROTECTING,Field_1,1,PROTECTING,Field_10,1,PROTECTING,Field_4,1,PROTECTING,Field_11,1,PROTECTING,Field_4,1,MOVING_TO_FIELD,Field_2,1,PROTECTING,Field_5,1,PROTECTING,Field_10,1,MOVING_TO_FIELD,Field_11,1,MOVING_TO_FIELD,Field_1,1,MOVING_TO_FIELD,Field_2,1,PROTECTING,Field_10,1,MOVING_TO_FIELD,Field_2,1,PROTECTING,Field_4,1,PROTECTING,Field_5,1,MOVING_TO_FIELD,Field_2,1,MOVING_TO_FIELD,Field_7,1,PROTECTING,Field_4,1,PROTECTING,Field_7,13,0.23,1,1,1,13,0.19,0,6,6,7,0.07,0,0,1,0,0.16,6,0,0,0,0.16,3,0,6,0,0.04,0,0,3,13,0.21,1,1,1,5,0.07,0,0,1,1,0.10,0,0,2,3,0.21,3,0,0,12,0.21,1,1,1,16,0.10,0,0,1
48,86,0,0,15,0,9,0,1,MOVING_TO_FIELD,Field_2,1,MOVING_TO_FIELD,Field_2,1,PROTECTING,Field_5,1,PROTECTING,Field_4,1,PROTECTING,Field_4,1,PROTECTING,Field_1,1,PROTECTING,Field_10,1,PROTECTING,Field_4,1,PROTECTING,Field_11,1,PROTECTING,Field_4,1,MOVING_TO_FIELD,Field_2,1,PROTECTING,Field_5,1,PROTECTING,Field_10,1,MOVING_TO_FIELD,Field_11,1,MOVING_TO_FIELD,Field_1,1,MOVING_TO_FIELD,Field_2,1,PROTECTING,Field_10,1,MOVING_TO_FIELD,Field_2,1,PROTECTING,Field_4,1,PROTECTING,Field_5,1,MOVING_TO_FIELD,Field_2,1,MOVING_TO_FIELD,Field_7,1,PROTECTING,Field_4,1,PROTECTING,Field_7,13,0.24,1,1,1,14,0.19,0,6,6,8,0.07,0,0,1,0,0.15,6,0,0,0,0.15,3,0,6,0,0.04,0,0,3,13,0.21,1,1,1,5,0.07,0,0,1,1,0.10,0,0,2,3,0.20,3,0,0,13,0.21,1,1,1,16,0.10,0,0,1
49,89,0,0,15,0,9,0,1,MOVING_TO_FIELD,Field_2,1,MOVING_TO_FIELD,Field_2,1,PROTECTING,Field_5,1,PROTECTING,Field_4,1,PROTECTING,Field_4,1,PROTECTING,Field_1,1,PROTECTING,Field_10,1,PROTECTING,Field_4,1,PROTECTING,Field_11,1,PROTECTING,Field_4,1,MOVING_TO_FIELD,Field_2,1,PROTECTING,Field_5,1,PROTECTING,Field_10,1,MOVING_TO_FIELD,Field_11,1,MOVING_TO_FIELD,Field_1,1,MOVING_TO_FIELD,Field_2,1,PROTECTING,Field_10,1,MOVING_TO_FIELD,Field_2,1,PROTECTING,Field_4,1,PROTECTING,Field_5,1,MOVING_TO_FIELD,Field_2,1,MOVING_TO_FIELD,Field_7,1,PROTECTING,Field_4,1,PROTECTING,Field_7,13,0.23,1,1,1,15,0.20,0,6,6,8,0.05,0,0,1,0,0.12,6,0,0,0,0.17,3,0,6,0,0.04,0,0,3,15,0.21,1,1,1,5,0.07,0,0,1,1,0.10,0,0,2,3,0.18,3,0,0,13,0.21,1,1,1,16,0.08,0,0,1
50,91,0,0,16,0,8,0,1,MOVING_TO_FIELD,Field_2,1,MOVING_TO_FIELD,Field_2,1,PROTECTING,Field_5,1,PROTECTING,Field_4,1,PROTECTING,Field_4,1,PROTECTING,Field_1,1,PROTECTING,Field_10,1,PROTECTING,Field_4,1,PROTECTING,Field_11,1,PROTECTING,Field_4,1,MOVING_TO_FIELD,Field_2,1,PROTECTING,Field_5,1,PROTECTING,Field_10,1,MOVING_TO_FIELD,Field_11,1,PROTECTING,Field_1,1,MOVING_TO_FIELD,Field_2,1,PROTECTING,Field_10,1,MOVING_TO_FIELD,Field_2,1,PROTECTING,Field_4,1,PROTECTING,Field_5,1,MOVING_TO_FIELD,Field_2,1,MOVING_TO_FIELD,Field_7,1,PROTECTING,Field_4,1,PROTECTING,Field_7,13,0.23,2,0,0,15,0.21,0,6,6,8,0.05,0,0,1,0,0.11,6,0,0,0,0.17,3,0,6,0,0.04,0,0,3,16,0.20,1,1,1,5,0.07,0,0,1,1,0.10,0,0,2,3,0.16,3,0,0,14,0.21,1,1,1,16,0.08,0,0,1
51,93,0,0,16,0,8,0,1,MOVING_TO_FIELD,Field_2,1,MOVING_TO_FIELD,Field_2,1,PROTECTING,Field_5,1,PROTECTING,Field_4,1,PROTECTING,Field_4,1,PROTECTING,Field_1,1,PROTECTING,Field_10,1,PROTECTING,Field_4,1,PROTECTING,Field_11,1,PROTECTING,Field_4,1,MOVING_TO_FIELD,Field_2,1,PROTECTING,Field_5,1,PROTECTING,Field_10,1,MOVING_TO_FIELD,Field_11,1,PROTECTING,Field_1,1,MOVING_TO_FIELD,Field_2,1,PROTECTING,Field_10,1,MOVING_TO_FIELD,Field_2,1,PROTECTING,Field_4,1,PROTECTING,Field_5,1,MOVING_TO_FIELD,Field_2,1,MOVING_TO_FIELD,Field_7,1,PROTECTING,Field_4,1,PROTECTING,Field_7,13,0.21,2,0,0,16,0.22,0,6,6,8,0.05,0,0,1,0,0.08,6,0,0,0,0.17,3,0,6,0,0.05,0,0,3,17,0.20,1,1,1,5,0.07,0,0,1,1,0.10,0,0,2,3,0.16,3,0,0,14,0.21,1,1,1,16,0.08,0,0,1
52,94,0,0,17,0,7,0,1,MOVING_TO_FIELD,Field_2,1,MOVING_TO_FIELD,Field_2,1,PROTECTING,Field_5,1,PROTECTING,Field_4,1,PROTECTING,Field_4,1,PROTECTING,Field_1,1,PROTECTING,Field_10,1,PROTECTING,Field_4,1,PROTECTING,Field_11,1,PROTECTING,Field_4,1,MOVING_TO_FIELD,Field_2,1,PROTECTING,Field_5,1,PROTECTING,Field_10,1,MOVING_TO_FIELD,Field_11,1,PROTECTING,Field_1,1,PROTECTING,Field_2,1,PROTECTING,Field_10,1,MOVING_TO_FIELD,Field_2,1,PROTECTING,Field_4,1,PROTECTING,Field_5,1,MOVING_TO_FIELD,Field_2,1,MOVING_TO_FIELD,Field_7,1,PROTECTING,Field_4,1,PROTECTING,Field_7,13,0.21,2,0,0,17,0.23,1,5,5,8,0.04,0,0,1,0,0.07,6,0,0,0,0.17,3,0,6,0,0.05,0,0,3,17,0.20,1,1,1,5,0.07,0,0,1,1,0.10,0,0,2,3,0.16,3,0,0,14,0.20,1,1,1,16,0.08,0,0,1
53,94,0,0,17,0,7,0,1,MOVING_TO_FIELD,Field_2,1,MOVING_TO_FIELD,Field_2,1,PROTECTING,Field_5,1,PROTECTING,Field_4,1,PROTECTING,Field_4,1,PROTECTING,Field_1,1,PROTECTING,Field_10,1,PROTECTING,Field_4,1,PROTECTING,Field_11,1,PROTECTING,Field_4,1,MOVING_TO_FIELD,Field_2,1,PROTECTING,Field_5,1,PROTECTING,Field_10,1,MOVING_TO_FIELD,Field_11,1,PROTECTING,Field_1,1,PROTECTING,Field_2,1,PROTECTING,Field_10,1,MOVING_TO_FIELD,Field_2,1,PROTECTING,Field_4,1,PROTECTING,Field_5,1,MOVING_TO_FIELD,Field_2,1,MOVING_TO_FIELD,Field_7,1,PROTECTING,Field_4,1,PROTECTING,Field_7,13,0.21,2,0,0,17,0.23,1,5,5,8,0.04,0,0,1,0,0.04,6,0,0,0,0.16,3,0,6,0,0.05,0,0,3,17,0.20,1,1,1,5,0.07,0,0,1,1,0.09,0,0,2,3,0.16,3,0,0,14,0.20,1,1,1,16,0.08,0,0,1
54,95,0,0,18,0,6,0,1,MOVING_TO_FIELD,Field_2,1,MOVING_TO_FIELD,Field_2,1,PROTECTING,Field_5,1,PROTECTING,Field_4,1,PROTECTING,Field_4,1,PROTECTING,Field_1,1,PROTECTING,Field_10,1,PROTECTING,Field_4,1,PROTECTING,Field_11,1,PROTECTING,Field_4,1,MOVING_TO_FIELD,Field_2,1,PROTECTING,Field_5,1,PROTECTING,Field_10,1,MOVING_TO_FIELD,Field_11,1,PROTECTING,Field_1,1,PROTECTING,Field_2,1,PROTECTING,Field_10,1,MOVING_TO_FIELD,Field_2,1,PROTECTING,Field_4,1,PROTECTING,Field_5,1,MOVING_TO_FIELD,Field_2,1,PROTECTING,Field_7,1,PROTECTING,Field_4,1,PROTECTING,Field_7,13,0.21,2,0,0,17,0.24,1,5,5,8,0.03,0,0,1,0,0.03,6,0,0,0,0.15,3,0,6,0,0.05,0,0,3,17,0.18,2,0,0,5,0.05,0,0,1,1,0.07,0,0,2,3,0.13,3,0,0,15,0.21,1,1,1,16,0.08,0,0,1
55,97,0,0,20,0,4,0,1,MOVING_TO_FIELD,Field_2,1,PROTECTING,Field_2,1,PROTECTING,Field_5,1,PROTECTING,Field_4,1,PROTECTING,Field_4,1,PROTECTING,Field_1,1,PROTECTING,Field_10,1,PROTECTING,Field_4,1,PROTECTING,Field_11,1,PROTECTING,Field_4,1,MOVING_TO_FIELD,Field_2,1,PROTECTING,Field_5,1,PROTECTING,Field_10,1,MOVING_TO_FIELD,Field_11,1,PROTECTING,Field_1,1,PROTECTING,Field_2,1,PROTECTING,Field_10,1,PROTECTING,Field_2,1,PROTECTING,Field_4,1,PROTECTING,Field_5,1,MOVING_TO_FIELD,Field_2,1,PROTECTING,Field_7,1,PROTECTING,Field_4,1,PROTECTING,Field_7,13,0.21,2,0,0,17,0.25,3,3,3,8,0.03,0,0,1,0,0.03,6,0,0,0,0.16,3,0,6,0,0.05,0,0,3,17,0.17,2,0,0,5,0.05,0,0,1,1,0.07,0,0,2,3,0.13,3,0,0,17,0.20,1,1,1,16,0.08,0,0,1
56,97,0,0,20,0,4,0,1,MOVING_TO_FIELD,Field_2,1,PROTECTING,Field_2,1,PROTECTING,Field_5,1,PROTECTING,Field_4,1,PROTECTING,Field_4,1,PROTECTING,Field_1,1,PROTECTING,Field_10,1,PROTECTING,Field_4,1,PROTECTING,Field_11,1,PROTECTING,Field_4,1,MOVING_TO_FIELD,Field_2,1,PROTECTING,Field_5,1,PROTECTING,Field_10,1,MOVING_TO_FIELD,Field_11,1,PROTECTING,Field_1,1,PROTECTING,Field_2,1,PROTECTING,Field_10,1,PROTECTING,Field_2,1,PROTECTING,Field_4,1,PROTECTING,Field_5,1,MOVING_TO_FIELD,Field_2,1,PROTECTING,Field_7,1,PROTECTING,Field_4,1,PROTECTING,Field_7,13,0.19,2,0,0,17,0.26,3,3,3,8,0.03,0,0,1,0,0.03,6,0,0,0,0.17,3,0,6,0,0.05,0,0,3,17,0.15,2,0,0,5,0.05,0,0,1,1,0.06,0,0,2,3,0.11,3,0,0,17,0.20,1,1,1,16,0.05,0,0,1
57,97,0,0,20,0,4,0,1,MOVING_TO_FIELD,Field_2,1,PROTECTING,Field_2,1,PROTECTING,Field_5,1,PROTECTING,Field_4,1,PROTECTING,Field_4,1,PROTECTING,Field_1,1,PROTECTING,Field_10,1,PROTECTING,Field_4,1,PROTECTING,Field_11,1,PROTECTING,Field_4,1,MOVING_TO_FIELD,Field_2,1,PROTECTING,Field_5,1,PROTECTING,Field_10,1,MOVING_TO_FIELD,Field_11,1,PROTECTING,Field_1,1,PROTECTING,Field_2,1,PROTECTING,Field_10,1,PROTECTING,Field_2,1,PROTECTING,Field_4,1,PROTECTING,Field_5,1,MOVING_TO_FIELD,Field_2,1,PROTECTING,Field_7,1,PROTECTING,Field_4,1,PROTECTING,Field_7,13,0.19,2,0,0,17,0.27,3,3,3,8,0.03,0,0,1,0,0.03,6,0,0,0,0.19,3,0,6,0,0.05,0,0,3,17,0.15,2,0,0,5,0.05,0,0,1,1,0.06,0,0,2,3,0.11,3,0,0,17,0.20,1,1,1,16,0.05,0,0,1
58,97,0,0,22,0,2,0,1,PROTECTING,Field_2,1,PROTECTING,Field_2,1,PROTECTING,Field_5,1,PROTECTING,Field_4,1,PROTECTING,Field_4,1,PROTECTING,Field_1,1,PROTECTING,Field_10,1,PROTECTING,Field_4,1,PROTECTING,Field_11,1,PROTECTING,Field_4,1,PROTECTING,Field_2,1,PROTECTING,Field_5,1,PROTECTING,Field_10,1,MOVING_TO_FIELD,Field_11,1,PROTECTING,Field_1,1,PROTECTING,Field_2,1,PROTECTING,Field_10,1,PROTECTING,Field_2,1,PROTECTING,Field_4,1,PROTECTING,Field_5,1,MOVING_TO_FIELD,Field_2,1,PROTECTING,Field_7,1,PROTECTING,Field_4,1,PROTECTING,Field_7,13,0.16,2,0,0,17,0.28,5,1,1,8,0.04,0,0,1,0,0.03,6,0,0,0,0.20,3,0,6,0,0.06,0,0,3,17,0.12,2,0,0,5,0.05,0,0,1,1,0.05,0,0,2,3,0.10,3,0,0,17,0.21,1,1,1,16,0.05,0,0,1
59,98,0,0,22,0,2,0,1,PROTECTING,Field_2,1,PROTECTING,Field_2,1,PROTECTING,Field_5,1,PROTECTING,Field_4,1,PROTECTING,Field_4,1,PROTECTING,Field_1,1,PROTECTING,Field_10,1,PROTECTING,Field_4,1,PROTECTING,Field_11,1,PROTECTING,Field_4,1,PROTECTING,Field_2,1,PROTECTING,Field_5,1,PROTECTING,Field_10,1,MOVING_TO_FIELD,Field_11,1,PROTECTING,Field_1,1,PROTECTING,Field_2,1,PROTECTING,Field_10,1,PROTECTING,Field_2,1,PROTECTING,Field_4,1,PROTECTING,Field_5,1,MOVING_TO_FIELD,Field_2,1,PROTECTING,Field_7,1,PROTECTING,Field_4,1,PROTECTING,Field_7,13,0.15,2,0,0,17,0.29,5,1,1,8,0.04,0,0,1,0,0.01,6,0,0,0,0.20,3,0,6,0,0.06,0,0,3,17,0.09,2,0,0,5,0.05,0,0,1,2,0.05,0,0,2,3,0.10,3,0,0,17,0.23,1,1,1,16,0.05,0,0,1
60,100,0,0,22,0,2,0,1,PROTECTING,Field_2,1,PROTECTING,Field_2,1,PROTECTING,Field_5,1,PROTECTING,Field_4,1,PROTECTING,Field_4,1,PROTECTING,Field_1,1,PROTECTING,Field_10,1,PROTECTING,Field_4,1,PROTECTING,Field_11,1,PROTECTING,Field_4,1,PROTECTING,Field_2,1,PROTECTING,Field_5,1,PROTECTING,Field_10,1,MOVING_TO_FIELD,Field_11,1,PROTECTING,Field_1,1,PROTECTING,Field_2,1,PROTECTING,Field_10,1,PROTECTING,Field_2,1,PROTECTING,Field_4,1,PROTECTING,Field_5,1,MOVING_TO_FIELD,Field_2,1,PROTECTING,Field_7,1,PROTECTING,Field_4,1,PROTECTING,Field_7,13,0.13,2,0,0,17,0.29,5,1,1,8,0.05,0,0,1,0,0.01,6,0,0,0,0.20,3,0,6,0,0.06,0,0,3,17,0.08,2,0,0,5,0.05,0,0,1,3,0.05,0,0,2,3,0.10,3,0,0,18,0.23,1,1,1,16,0.03,0,0,1
61,101,0,0,17,0,7,0,1,PROTECTING,Field_2,1,PROTECTING,Field_2,1,PROTECTING,Field_5,1,MOVING_TO_FIELD,Field_5,1,MOVING_TO_FIELD,Field_5,1,PROTECTING,Field_1,1,PROTECTING,Field_10,1,MOVING_TO_FIELD,Field_5,1,PROTECTING,Field_11,1,MOVING_TO_FIELD,Field_5,1,PROTECTING,Field_2,1,PROTECTING,Field_5,1,PROTECTING,Field_10,1,MOVING_TO_FIELD,Field_11,1,PROTECTING,Field_1,1,PROTECTING,Field_2,1,PROTECTING,Field_10,1,PROTECTING,Field_2,1,MOVING_TO_FIELD,Field_5,1,PROTECTING,Field_5,1,PROTECTING,Field_2,1,PROTECTING,Field_7,1,MOVING_TO_FIELD,Field_5,1,PROTECTING,Field_7,13,0.11,2,0,0,17,0.29,6,0,0,8,0.07,0,0,1,0,0.01,0,0,6,0,0.21,3,6,6,0,0.06,0,0,3,17,0.06,2,0,0,5,0.05,0,0,1,3,0.05,0,0,2,3,0.10,3,0,0,19,0.23,1,1,1,16,0.03,0,0,1
62,101,0,0,17,0,7,0,1,PROTECTING,Field_2,1,PROTECTING,Field_2,1,PROTECTING,Field_5,1,MOVING_TO_FIELD,Field_5,1,MOVING_TO_FIELD,Field_5,1,PROTECTING,Field_1,1,PROTECTING,Field_10,1,MOVING_TO_FIELD,Field_5,1,PROTECTING,Field_11,1,MOVING_TO_FIELD,Field_5,1,PROTECTING,Field_2,1,PROTECTING,Field_5,1,PROTECTING,Field_10,1,MOVING_TO_FIELD,Field_11,1,PROTECTING,Field_1,1,PROTECTING,Field_2,1,PROTECTING,Field_10,1,PROTECTING,Field_2,1,MOVING_TO_FIELD,Field_5,1,PROTECTING,Field_5,1,PROTECTING,Field_2,1,PROTECTING,Field_7,1,MOVING_TO_FIELD,Field_5,1,PROTECTING,Field_7,13,0.11,2,0,0,17,0.29,6,0,0,8,0.08,0,0,1,0,0.01,0,0,6,0,0.21,3,6,6,0,0.07,0,0,3,17,0.06,2,0,0,5,0.05,0,0,1,3,0.05,0,0,2,3,0.11,3,0,0,19,0.23,1,1,1,16,0.03,0,0,1
63,102,0,0,17,0,7,0,1,PROTECTING,Field_2,1,PROTECTING,Field_2,1,PROTECTING,Field_5,1,MOVING_TO_FIELD,Field_5,1,MOVING_TO_FIELD,Field_5,1,PROTECTING,Field_1,1,PROTECTING,Field_10,1,MOVING_TO_FIELD,Field_5,1,PROTECTING,Field_11,1,MOVING_TO_FIELD,Field_5,1,PROTECTING,Field_2,1,PROTECTING,Field_5,1,PROTECTING,Field_10,1,MOVING_TO_FIELD,Field_11,1,PROTECTING,Field_1,1,PROTECTING,Field_2,1,PROTECTING,Field_10,1,PROTECTING,Field_2,1,MOVING_TO_FIELD,Field_5,1,PROTECTING,Field_5,1,PROTECTING,Field_2,1,PROTECTING,Field_7,1,MOVING_TO_FIELD,Field_5,1,PROTECTING,Field_7,13,0.10,2,0,0,17,0.30,6,0,0,8,0.09,0,0,1,0,0.01,0,0,6,0,0.21,3,6,6,0,0.08,0,0,3,17,0.06,2,0,0,5,0.05,0,0,1,3,0.05,0,0,2,3,0.11,3,0,0,20,0.23,1,1,1,16,0.03,0,0,1
64,103,0,0,17,0,7,0,1,PROTECTING,Field_2,1,PROTECTING,Field_2,1,PROTECTING,Field_5,1,MOVING_TO_FIELD,Field_5,1,MOVING_TO_FIELD,Field_5,1,PROTECTING,Field_1,1,PROTECTING,Field_10,1,MOVING_TO_FIELD,Field_5,1,PROTECTING,Field_11,1,MOVING_TO_FIELD,Field_5,1,PROTECTING,Field_2,1,PROTECTING,Field_5,1,PROTECTING,Field_10,1,MOVING_TO_FIELD,Field_11,1,PROTECTING,Field_1,1,PROTECTING,Field_2,1,PROTECTING,Field_10,1,PROTECTING,Field_2,1,MOVING_TO_FIELD,Field_5,1,PROTECTING,Field_5,1,PROTECTING,Field_2,1,PROTECTING,Field_7,1,MOVING_TO_FIELD,Field_5,1,PROTECTING,Field_7,13,0.10,2,0,0,17,0.30,6,0,0,8,0.08,0,0,1,0,0.01,0,0,6,0,0.21,3,6,6,0,0.08,0,0,3,17,0.06,2,0,0,5,0.02,0,0,1,3,0.05,0,0,2,3,0.10,3,0,0,21,0.21,1,1,1,16,0.03,0,0,1
65,104,0,0,17,0,7,0,1,PROTECTING,Field_2,1,PROTECTING,Field_2,1,PROTECTING,Field_5,1,MOVING_TO_FIELD,Field_5,1,MOVING_TO_FIELD,Field_5,1,PROTECTING,Field_1,1,PROTECTING,Field_10,1,MOVING_TO_FIELD,Field_5,1,PROTECTING,Field_11,1,MOVING_TO_FIELD,Field_5,1,PROTECTING,Field_2,1,PROTECTING,Field_5,1,PROTECTING,Field_10,1,MOVING_TO_FIELD,Field_11,1,PROTECTING,Field_1,1,PROTECTING,Field_2,1,PROTECTING,Field_10,1,PROTECTING,Field_2,1,MOVING_TO_FIELD,Field_5,1,PROTECTING,Field_5,1,PROTECTING,Field_2,1,PROTECTING,Field_7,1,MOVING_TO_FIELD,Field_5,1,PROTECTING,Field_7,13,0.10,2,0,0,17,0.29,6,0,0,9,0.08,0,0,1,0,0.01,0,0,6,0,0.20,3,6,6,0,0.08,0,0,3,17,0.05,2,0,0,5,0.02,0,0,1,3,0.06,0,0,2,3,0.08,3,0,0,21,0.21,1,1,1,16,0.03,0,0,1
66,104,0,0,17,0,7,0,1,PROTECTING,Field_2,1,PROTECTING,Field_2,1,PROTECTING,Field_5,1,MOVING_TO_FIELD,Field_5,1,MOVING_TO_FIELD,Field_5,1,PROTECTING,Field_1,1,PROTECTING,Field_10,1,MOVING_TO_FIELD,Field_5,1,PROTECTING,Field_11,1,MOVING_TO_FIELD,Field_5,1,PROTECTING,Field_2,1,PROTECTING,Field_5,1,PROTECTING,Field_10,1,MOVING_TO_FIELD,Field_11,1,PROTECTING,Field_1,1,PROTECTING,Field_2,1,PROTECTING,Field_10,1,PROTECTING,Field_2,1,MOVING_TO_FIELD,Field_5,1,PROTECTING,Field_5,1,PROTECTING,Field_2,1,PROTECTING,Field_7,1,MOVING_TO_FIELD,Field_5,1,PROTECTING,Field_7,13,0.06,2,0,0,17,0.28,6,0,0,9,0.07,0,0,1,0,0.01,0,0,6,0,0.21,3,6,6,0,0.08,0,0,3,17,0.05,2,0,0,5,0.02,0,0,1,3,0.07,0,0,2,3,0.08,3,0,0,21,0.21,1,1,1,16,0.03,0,0,1
67,104,0,0,18,0,6,0,1,PROTECTING,Field_2,1,PROTECTING,Field_2,1,PROTECTING,Field_5,1,MOVING_TO_FIELD,Field_5,1,MOVING_TO_FIELD,Field_5,1,PROTECTING,Field_1,1,PROTECTING,Field_10,1,MOVING_TO_FIELD,Field_5,1,PROTECTING,Field_11,1,MOVING_TO_FIELD,Field_5,1,PROTECTING,Field_2,1,PROTECTING,Field_5,1,PROTECTING,Field_10,1,PROTECTING,Field_11,1,PROTECTING,Field_1,1,PROTECTING,Field_2,1,PROTECTING,Field_10,1,PROTECTING,Field_2,1,MOVING_TO_FIELD,Field_5,1,PROTECTING,Field_5,1,PROTECTING,Field_2,1,PROTECTING,Field_7,1,MOVING_TO_FIELD,Field_5,1,PROTECTING,Field_7,13,0.06,2,0,0,17,0.25,6,0,0,9,0.07,0,0,1,0,0.01,0,0,6,0,0.20,3,6,6,0,0.08,0,0,3,17,0.04,2,0,0,5,0.02,0,0,1,3,0.07,0,0,2,3,0.08,3,0,0,21,0.21,2,0,0,16,0.03,0,0,1
68,104,0,0,18,0,6,0,1,PROTECTING,Field_2,1,PROTECTING,Field_2,1,PROTECTING,Field_5,1,MOVING_TO_FIELD,Field_5,1,MOVING_TO_FIELD,Field_5,1,PROTECTING,Field_1,1,PROTECTING,Field_10,1,MOVING_TO_FIELD,Field_5,1,PROTECTING,Field_11,1,MOVING_TO_FIELD,Field_5,1,PROTECTING,Field_2,1,PROTECTING,Field_5,1,PROTECTING,Field_10,1,PROTECTING,Field_11,1,PROTECTING,Field_1,1,PROTECTING,Field_2,1,PROTECTING,Field_10,1,PROTECTING,Field_2,1,MOVING_TO_FIELD,Field_5,1,PROTECTING,Field_5,1,PROTECTING,Field_2,1,PROTECTING,Field_7,1,MOVING_TO_FIELD,Field_5,1,PROTECTING,Field_7,13,0.05,2,0,0,17,0.27,6,0,0,9,0.07,0,0,1,0,0.03,0,0,6,0,0.18,3,6,6,0,0.08,0,0,3,17,0.04,2,0,0,5,0.02,0,0,1,3,0.07,0,0,2,3,0.07,3,0,0,21,0.21,2,0,0,16,0.03,0,0,1
69,105,0,0,20,0,4,0,1,PROTECTING,Field_2,1,PROTECTING,Field_2,1,PROTECTING,Field_5,1,PROTECTING,Field_5,1,MOVING_TO_FIELD,Field_5,1,PROTECTING,Field_1,1,PROTECTING,Field_10,1,PROTECTING,Field_5,1,PROTECTING,Field_11,1,MOVING_TO_FIELD,Field_5,1,PROTECTING,Field_2,1,PROTECTING,Field_5,1,PROTECTING,Field_10,1,PROTECTING,Field_11,1,PROTECTING,Field_1,1,PROTECTING,Field_2,1,PROTECTING,Field_10,1,PROTECTING,Field_2,1,MOVING_TO_FIELD,Field_5,1,PROTECTING,Field_5,1,PROTECTING,Field_2,1,PROTECTING,Field_7,1,MOVING_TO_FIELD,Field_5,1,PROTECTING,Field_7,13,0.05,2,0,0,17,0.28,6,0,0,10,0.07,0,0,1,0,0.01,0,0,6,0,0.18,5,4,4,0,0.08,0,0,3,17,0.05,2,0,0,5,0.02,0,0,1,3,0.09,0,0,2,3,0.07,3,0,0,21,0.20,2,0,0,16,0.03,0,0,1
70,106,0,0,20,0,4,0,1,PROTECTING,Field_2,1,PROTECTING,Field_2,1,PROTECTING,Field_5,1,PROTECTING,Field_5,1,MOVING_TO_FIELD,Field_5,1,PROTECTING,Field_1,1,PROTECTING,Field_10,1,PROTECTING,Field_5,1,PROTECTING,Field_11,1,MOVING_TO_FIELD,Field_5,1,PROTECTING,Field_2,1,PROTECTING,Field_5,1,PROTECTING,Field_10,1,PROTECTING,Field_11,1,PROTECTING,Field_1,1,PROTECTING,Field_2,1,PROTECTING,Field_10,1,PROTECTING,Field_2,1,MOVING_TO_FIELD,Field_5,1,PROTECTING,Field_5,1,PROTECTING,Field_2,1,PROTECTING,Field_7,1,MOVING_TO_FIELD,Field_5,1,PROTECTING,Field_7,13,0.03,2,0,0,17,0.27,6,0,0,11,0.07,0,0,1,0,0.01,0,0,6,0,0.18,5,4,4,0,0.08,0,0,3,17,0.05,2,0,0,5,0.02,0,0,1,3,0.09,0,0,2,3,0.07,3,0,0,21,0.20,2,0,0,16,0.03,0,0,1
71,106,0,0,20,0,4,0,1,PROTECTING,Field_2,1,PROTECTING,Field_2,1,PROTECTING,Field_5,1,PROTECTING,Field_5,1,MOVING_TO_FIELD,Field_5,1,PROTECTING,Field_1,1,PROTECTING,Field_10,1,PROTECTING,Field_5,1,PROTECTING,Field_11,1,MOVING_TO_FIELD,Field_5,1,PROTECTING,Field_2,1,PROTECTING,Field_5,1,PROTECTING,Field_10,1,PROTECTING,Field_11,1,PROTECTING,Field_1,1,PROTECTING,Field_2,1,PROTECTING,Field_10,1,PROTECTING,Field_2,1,MOVING_TO_FIELD,Field_5,1,PROTECTING,Field_5,1,PROTECTING,Field_2,1,PROTECTING,Field_7,1,MOVING_TO_FIELD,Field_5,1,PROTECTING,Field_7,13,0.03,2,0,0,17,0.24,6,0,0,11,0.05,0,0,1,0,0.01,0,0,6,0,0.18,5,4,4,0,0.08,0,0,3,17,0.05,2,0,0,5,0.02,0,0,1,3,0.09,0,0,2,3,0.07,3,0,0,21,0.20,2,0,0,16,0.00,0,0,1
72,106,0,0,20,0,4,0,1,PROTECTING,Field_2,1,PROTECTING,Field_2,1,PROTECTING,Field_5,1,PROTECTING,Field_5,1,MOVING_TO_FIELD,Field_5,1,PROTECTING,Field_1,1,PROTECTING,Field_10,1,PROTECTING,Field_5,1,PROTECTING,Field_11,1,MOVING_TO_FIELD,Field_5,1,PROTECTING,Field_2,1,PROTECTING,Field_5,1,PROTECTING,Field_10,1,PROTECTING,Field_11,1,PROTECTING,Field_1,1,PROTECTING,Field_2,1,PROTECTING,Field_10,1,PROTECTING,Field_2,1,MOVING_TO_FIELD,Field_5,1,PROTECTING,Field_5,1,PROTECTING,Field_2,1,PROTECTING,Field_7,1,MOVING_TO_FIELD,Field_5,1,PROTECTING,Field_7,13,0.03,2,0,0,17,0.23,6,0,0,11,0.05,0,0,1,0,0.01,0,0,6,0,0.18,5,4,4,0,0.08,0,0,3,17,0.04,2,0,0,5,0.02,0,0,1,3,0.11,0,0,2,3,0.05,3,0,0,21,0.20,2,0,0,16,0.00,0,0,1
73,106,0,0,21,0,3,0,1,PROTECTING,Field_2,1,PROTECTING,Field_2,1,PROTECTING,Field_5,1,PROTECTING,Field_5,1,PROTECTING,Field_5,1,PROTECTING,Field_1,1,PROTECTING,Field_10,1,PROTECTING,Field_5,1,PROTECTING,Field_11,1,MOVING_TO_FIELD,Field_5,1,PROTECTING,Field_2,1,PROTECTING,Field_5,1,PROTECTING,Field_10,1,PROTECTING,Field_11,1,PROTECTING,Field_1,1,PROTECTING,Field_2,1,PROTECTING,Field_10,1,PROTECTING,Field_2,1,MOVING_TO_FIELD,Field_5,1,PROTECTING,Field_5,1,PROTECTING,Field_2,1,PROTECTING,Field_7,1,MOVING_TO_FIELD,Field_5,1,PROTECTING,Field_7,13,0.03,2,0,0,17,0.23,6,0,0,11,0.05,0,0,1,0,0.01,0,0,6,0,0.18,6,3,3,0,0.08,0,0,3,17,0.04,2,0,0,5,0.02,0,0,1,3,0.09,0,0,2,3,0.03,3,0,0,21,0.20,2,0,0,16,0.00,0,0,1
74,106,0,0,21,0,3,0,1,PROTECTING,Field_2,1,PROTECTING,Field_2,1,PROTECTING,Field_5,1,PROTECTING,Field_5,1,PROTECTING,Field_5,1,PROTECTING,Field_1,1,PROTECTING,Field_10,1,PROTECTING,Field_5,1,PROTECTING,Field_11,1,MOVING_TO_FIELD,Field_5,1,PROTECTING,Field_2,1,PROTECTING,Field_5,1,PROTECTING,Field_10,1,PROTECTING,Field_11,1,PROTECTING,Field_1,1,PROTECTING,Field_2,1,PROTECTING,Field_10,1,PROTECTING,Field_2,1,MOVING_TO_FIELD,Field_5,1,PROTECTING,Field_5,1,PROTECTING,Field_2,1,PROTECTING,Field_7,1,MOVING_TO_FIELD,Field_5,1,PROTECTING,Field_7,13,0.03,2,0,0,17,0.20,6,0,0,11,0.05,0,0,1,0,0.01,0,0,6,0,0.18,6,3,3,0,0.07,0,0,3,17,0.04,2,0,0,5,0.02,0,0,1,3,0.09,0,0,2,3,0.03,3,0,0,21,0.16,2,0,0,16,0.00,0,0,1
75,106,0,0,21,0,3,0,1,PROTECTING,Field_2,1,PROTECTING,Field_2,1,PROTECTING,Field_5,1,PROTECTING,Field_5,1,PROTECTING,Field_5,1,PROTECTING,Field_1,1,PROTECTING,Field_10,1,PROTECTING,Field_5,1,PROTECTING,Field_11,1,MOVING_TO_FIELD,Field_5,1,PROTECTING,Field_2,1,PROTECTING,Field_5,1,PROTECTING,Field_10,1,PROTECTING,Field_11,1,PROTECTING,Field_1,1,PROTECTING,Field_2,1,PROTECTING,Field_10,1,PROTECTING,Field_2,1,MOVING_TO_FIELD,Field_5,1,PROTECTING,Field_5,1,PROTECTING,Field_2,1,PROTECTING,Field_7,1,MOVING_TO_FIELD,Field_5,1,PROTECTING,Field_7,13,0.05,2,0,0,17,0.20,6,0,0,11,0.05,0,0,1,0,0.01,0,0,6,0,0.18,6,3,3,0,0.07,0,0,3,17,0.06,2,0,0,5,0.02,0,0,1,3,0.09,0,0,2,3,0.03,3,0,0,21,0.16,2,0,0,16,0.00,0,0,1
76,106,0,0,21,0,3,0,1,PROTECTING,Field_2,1,PROTECTING,Field_2,1,PROTECTING,Field_5,1,PROTECTING,Field_5,1,PROTECTING,Field_5,1,PROTECTING,Field_1,1,PROTECTING,Field_10,1,PROTECTING,Field_5,1,PROTECTING,Field_11,1,MOVING_TO_FIELD,Field_5,1,PROTECTING,Field_2,1,PROTECTING,Field_5,1,PROTECTING,Field_10,1,PROTECTING,Field_11,1,PROTECTING,Field_1,1,PROTECTING,Field_2,1,PROTECTING,Field_10,1,PROTECTING,Field_2,1,MOVING_TO_FIELD,Field_5,1,PROTECTING,Field_5,1,PROTECTING,Field_2,1,PROTECTING,Field_7,1,MOVING_TO_FIELD,Field_5,1,PROTECTING,Field_7,13,0.05,2,0,0,17,0.16,6,0,0,11,0.05,0,0,1,0,0.03,0,0,6,0,0.18,6,3,3,0,0.07,0,0,3,17,0.06,2,0,0,5,0.02,0,0,1,3,0.08,0,0,2,3,0.03,3,0,0,21,0.12,2,0,0,16,0.00,0,0,1
77,106,0,0,23,0,1,0,1,PROTECTING,Field_2,1,PROTECTING,Field_2,1,PROTECTING,Field_5,1,PROTECTING,Field_5,1,PROTECTING,Field_5,1,PROTECTING,Field_1,1,PROTECTING,Field_10,1,PROTECTING,Field_5,1,PROTECTING,Field_11,1,PROTECTING,Field_5,1,PROTECTING,Field_2,1,PROTECTING,Field_5,1,PROTECTING,Field_10,1,PROTECTING,Field_11,1,PROTECTING,Field_1,1,PROTECTING,Field_2,1,PROTECTING,Field_10,1,PROTECTING,Field_2,1,PROTECTING,Field_5,1,PROTECTING,Field_5,1,PROTECTING,Field_2,1,PROTECTING,Field_7,1,MOVING_TO_FIELD,Field_5,1,PROTECTING,Field_7,13,0.05,2,0,0,17,0.15,6,0,0,11,0.07,0,0,1,0,0.03,0,0,6,0,0.19,8,1,1,0,0.08,0,0,3,17,0.06,2,0,0,5,0.02,0,0,1,3,0.09,0,0,2,3,0.03,3,0,0,21,0.12,2,0,0,16,0.03,0,0,1
78,107,0,0,23,0,1,0,1,PROTECTING,Field_2,1,PROTECTING,Field_2,1,PROTECTING,Field_5,1,PROTECTING,Field_5,1,PROTECTING,Field_5,1,PROTECTING,Field_1,1,PROTECTING,Field_10,1,PROTECTING,Field_5,1,PROTECTING,Field_11,1,PROTECTING,Field_5,1,PROTECTING,Field_2,1,PROTECTING,Field_5,1,PROTECTING,Field_10,1,PROTECTING,Field_11,1,PROTECTING,Field_1,1,PROTECTING,Field_2,1,PROTECTING,Field_10,1,PROTECTING,Field_2,1,PROTECTING,Field_5,1,PROTECTING,Field_5,1,PROTECTING,Field_2,1,PROTECTING,Field_7,1,MOVING_TO_FIELD,Field_5,1,PROTECTING,Field_7,13,0.05,2,0,0,17,0.15,6,0,0,12,0.07,0,0,1,0,0.03,0,0,6,0,0.18,8,1,1,0,0.08,0,0,3,17,0.06,2,0,0,5,0.02,0,0,1,3,0.10,0,0,2,3,0.03,3,0,0,21,0.12,2,0,0,16,0.03,0,0,1
79,107,0,0,23,0,1,0,1,PROTECTING,Field_2,1,PROTECTING,Field_2,1,PROTECTING,Field_5,1,PROTECTING,Field_5,1,PROTECTING,Field_5,1,PROTECTING,Field_1,1,PROTECTING,Field_10,1,PROTECTING,Field_5,1,PROTECTING,Field_11,1,PROTECTING,Field_5,1,PROTECTING,Field_2,1,PROTECTING,Field_5,1,PROTECTING,Field_10,1,PROTECTING,Field_11,1,PROTECTING,Field_1,1,PROTECTING,Field_2,1,PROTECTING,Field_10,1,PROTECTING,Field_2,1,PROTECTING,Field_5,1,PROTECTING,Field_5,1,PROTECTING,Field_2,1,PROTECTING,Field_7,1,MOVING_TO_FIELD,Field_5,1,PROTECTING,Field_7,13,0.06,2,0,0,17,0.14,6,0,0,12,0.08,0,0,1,0,0.03,0,0,6,0,0.18,8,1,1,0,0.08,0,0,3,17,0.06,2,0,0,5,0.05,0,0,1,3,0.08,0,0,2,3,0.02,3,0,0,21,0.12,2,0,0,16,0.03,0,0,1
80,107,0,0,23,0,1,0,1,PROTECTING,Field_2,1,PROTECTING,Field_2,1,PROTECTING,Field_5,1,PROTECTING,Field_5,1,PROTECTING,Field_5,1,PROTECTING,Field_1,1,PROTECTING,Field_10,1,PROTECTING,Field_5,1,PROTECTING,Field_11,1,PROTECTING,Field_5,1,PROTECTING,Field_2,1,PROTECTING,Field_5,1,PROTECTING,Field_10,1,PROTECTING,Field_11,1,PROTECTING,Field_1,1,PROTECTING,Field_2,1,PROTECTING,Field_10,1,PROTECTING,Field_2,1,PROTECTING,Field_5,1,PROTECTING,Field_5,1,PROTECTING,Field_2,1,PROTECTING,Field_7,1,MOVING_TO_FIELD,Field_5,1,PROTECTING,Field_7,13,0.06,2,0,0,17,0.13,6,0,0,12,0.04,0,0,1,0,0.03,0,0,6,0,0.20,8,1,1,0,0.08,0,0,3,17,0.06,2,0,0,5,0.05,0,0,1,3,0.07,0,0,2,3,0.02,3,0,0,21,0.12,2,0,0,16,0.03,0,0,1
81,108,0,0,18,0,6,0,1,PROTECTING,Field_2,1,PROTECTING,Field_2,1,PROTECTING,Field_5,1,PROTECTING,Field_5,1,PROTECTING,Field_5,1,PROTECTING,Field_1,1,MOVING_TO_FIELD,Field_9,1,PROTECTING,Field_5,1,PROTECTING,Field_11,1,PROTECTING,Field_5,1,PROTECTING,Field_2,1,PROTECTING,Field_5,1,MOVING_TO_FIELD,Field_9,1,PROTECTING,Field_11,1,PROTECTING,Field_1,1,PROTECTING,Field_2,1,MOVING_TO_FIELD,Field_6,1,PROTECTING,Field_2,1,PROTECTING,Field_5,1,PROTECTING,Field_5,1,PROTECTING,Field_2,1,MOVING_TO_FIELD,Field_6,1,MOVING_TO_FIELD,Field_5,1,MOVING_TO_FIELD,Field_6,13,0.06,2,0,0,17,0.13,6,0,0,12,0.03,0,0,1,0,0.04,0,0,6,0,0.19,8,1,1,0,0.08,0,3,3,17,0.05,0,0,2,5,0.07,0,0,1,4,0.07,0,2,2,3,0.02,0,0,3,21,0.11,2,0,0,16,0.03,0,0,1
82,108,0,0,18,0,6,0,1,PROTECTING,Field_2,1,PROTECTING,Field_2,1,PROTECTING,Field_5,1,PROTECTING,Field_5,1,PROTECTING,Field_5,1,PROTECTING,Field_1,1,MOVING_TO_FIELD,Field_9,1,PROTECTING,Field_5,1,PROTECTING,Field_11,1,PROTECTING,Field_5,1,PROTECTING,Field_2,1,PROTECTING,Field_5,1,MOVING_TO_FIELD,Field_9,1,PROTECTING,Field_11,1,PROTECTING,Field_1,1,PROTECTING,Field_2,1,MOVING_TO_FIELD,Field_6,1,PROTECTING,Field_2,1,PROTECTING,Field_5,1,PROTECTING,Field_5,1,PROTECTING,Field_2,1,MOVING_TO_FIELD,Field_6,1,MOVING_TO_FIELD,Field_5,1,MOVING_TO_FIELD,Field_6,13,0.06,2,0,0,17,0.11,6,0,0,12,0.03,0,0,1,0,0.04,0,0,6,0,0.19,8,1,1,0,0.09,0,3,3,17,0.05,0,0,2,5,0.07,0,0,1,4,0.08,0,2,2,3,0.02,0,0,3,21,0.09,2,0,0,16,0.03,0,0,1
83,108,0,0,19,0,5,0,1,PROTECTING,Field_2,1,PROTECTING,Field_2,1,PROTECTING,Field_5,1,PROTECTING,Field_5,1,PROTECTING,Field_5,1,PROTECTING,Field_1,1,MOVING_TO_FIELD,Field_9,1,PROTECTING,Field_5,1,PROTECTING,Field_11,1,PROTECTING,Field_5,1,PROTECTING,Field_2,1,PROTECTING,Field_5,1,MOVING_TO_FIELD,Field_9,1,PROTECTING,Field_11,1,PROTECTING,Field_1,1,PROTECTING,Field_2,1,MOVING_TO_FIELD,Field_6,1,PROTECTING,Field_2,1,PROTECTING,Field_5,1,PROTECTING,Field_5,1,PROTECTING,Field_2,1,MOVING_TO_FIELD,Field_6,1,PROTECTING,Field_5,1,MOVING_TO_FIELD,Field_6,13,0.06,2,0,0,17,0.09,6,0,0,12,0.05,0,0,1,0,0.04,0,0,6,0,0.18,9,0,0,0,0.09,0,3,3,17,0.04,0,0,2,5,0.07,0,0,1,4,0.07,0,2,2,3,0.02,0,0,3,21,0.05,2,0,0,16,0.03,0,0,1
84,108,0,0,19,0,5,0,1,PROTECTING,Field_2,1,PROTECTING,Field_2,1,PROTECTING,Field_5,1,PROTECTING,Field_5,1,PROTECTING,Field_5,1,PROTECTING,Field_1,1,MOVING_TO_FIELD,Field_9,1,PROTECTING,Field_5,1,PROTECTING,Field_11,1,PROTECTING,Field_5,1,PROTECTING,Field_2,1,PROTECTING,Field_5,1,MOVING_TO_FIELD,Field_9,1,PROTECTING,Field_11,1,PROTECTING,Field_1,1,PROTECTING,Field_2,1,MOVING_TO_FIELD,Field_6,1,PROTECTING,Field_2,1,PROTECTING,Field_5,1,PROTECTING,Field_5,1,PROTECTING,Field_2,1,MOVING_TO_FIELD,Field_6,1,PROTECTING,Field_5,1,MOVING_TO_FIELD,Field_6,13,0.05,2,0,0,17,0.09,6,0,0,12,0.05,0,0,1,0,0.04,0,0,6,0,0.18,9,0,0,0,0.09,0,3,3,17,0.02,0,0,2,5,0.07,0,0,1,4,0.09,0,2,2,3,0.00,0,0,3,21,0.05,2,0,0,16,0.03,0,0,1
85,108,0,0,19,0,5,0,1,PROTECTING,Field_2,1,PROTECTING,Field_2,1,PROTECTING,Field_5,1,PROTECTING,Field_5,1,PROTECTING,Field_5,1,PROTECTING,Field_1,1,MOVING_TO_FIELD,Field_9,1,PROTECTING,Field_5,1,PROTECTING,Field_11,1,PROTECTING,Field_5,1,PROTECTING,Field_2,1,PROTECTING,Field_5,1,MOVING_TO_FIELD,Field_9,1,PROTECTING,Field_11,1,PROTECTING,Field_1,1,PROTECTING,Field_2,1,MOVING_TO_FIELD,Field_6,1,PROTECTING,Field_2,1,PROTECTING,Field_5,1,PROTECTING,Field_5,1,PROTECTING,Field_2,1,MOVING_TO_FIELD,Field_6,1,PROTECTING,Field_5,1,MOVING_TO_FIELD,Field_6,13,0.05,2,0,0,17,0.09,6,0,0,12,0.05,0,0,1,0,0.05,0,0,6,0,0.18,9,0,0,0,0.09,0,3,3,17,0.01,0,0,2,5,0.07,0,0,1,4,0.09,0,2,2,3,0.00,0,0,3,21,0.05,2,0,0,16,0.03,0,0,1
86,108,0,0,19,0,5,0,1,PROTECTING,Field_2,1,PROTECTING,Field_2,1,PROTECTING,Field_5,1,PROTECTING,Field_5,1,PROTECTING,Field_5,1,PROTECTING,Field_1,1,MOVING_TO_FIELD,Field_9,1,PROTECTING,Field_5,1,PROTECTING,Field_11,1,PROTECTING,Field_5,1,PROTECTING,Field_2,1,PROTECTING,Field_5,1,MOVING_TO_FIELD,Field_9,1,PROTECTING,Field_11,1,PROTECTING,Field_1,1,PROTECTING,Field_2,1,MOVING_TO_FIELD,Field_6,1,PROTECTING,Field_2,1,PROTECTING,Field_5,1,PROTECTING,Field_5,1,PROTECTING,Field_2,1,MOVING_TO_FIELD,Field_6,1,PROTECTING,Field_5,1,MOVING_TO_FIELD,Field_6,13,0.05,2,0,0,17,0.08,6,0,0,12,0.05,0,0,1,0,0.05,0,0,6,0,0.17,9,0,0,0,0.09,0,3,3,17,0.01,0,0,2,5,0.07,0,0,1,4,0.08,0,2,2,3,0.00,0,0,3,21,0.05,2,0,0,16,0.03,0,0,1
87,108,0,0,19,0,5,0,1,PROTECTING,Field_2,1,PROTECTING,Field_2,1,PROTECTING,Field_5,1,PROTECTING,Field_5,1,PROTECTING,Field_5,1,PROTECTING,Field_1,1,MOVING_TO_FIELD,Field_9,1,PROTECTING,Field_5,1,PROTECTING,Field_11,1,PROTECTING,Field_5,1,PROTECTING,Field_2,1,PROTECTING,Field_5,1,MOVING_TO_FIELD,Field_9,1,PROTECTING,Field_11,1,PROTECTING,Field_1,1,PROTECTING,Field_2,1,MOVING_TO_FIELD,Field_6,1,PROTECTING,Field_2,1,PROTECTING,Field_5,1,PROTECTING,Field_5,1,PROTECTING,Field_2,1,MOVING_TO_FIELD,Field_6,1,PROTECTING,Field_5,1,MOVING_TO_FIELD,Field_6,13,0.03,2,0,0,17,0.07,6,0,0,12,0.05,0,0,1,0,0.05,0,0,6,0,0.18,9,0,0,0,0.09,0,3,3,17,0.02,0,0,2,5,0.07,0,0,1,4,0.08,0,2,2,3,0.02,0,0,3,21,0.04,2,0,0,16,0.03,0,0,1
88,108,0,0,19,0,5,0,1,PROTECTING,Field_2,1,PROTECTING,Field_2,1,PROTECTING,Field_5,1,PROTECTING,Field_5,1,PROTECTING,Field_5,1,PROTECTING,Field_1,1,MOVING_TO_FIELD,Field_9,1,PROTECTING,Field_5,1,PROTECTING,Field_11,1,PROTECTING,Field_5,1,PROTECTING,Field_2,1,PROTECTING,Field_5,1,MOVING_TO_FIELD,Field_9,1,PROTECTING,Field_11,1,PROTECTING,Field_1,1,PROTECTING,Field_2,1,MOVING_TO_FIELD,Field_6,1,PROTECTING,Field_2,1,PROTECTING,Field_5,1,PROTECTING,Field_5,1,PROTECTING,Field_2,1,MOVING_TO_FIELD,Field_6,1,PROTECTING,Field_5,1,MOVING_TO_FIELD,Field_6,13,0.03,2,0,0,17,0.06,6,0,0,12,0.05,0,0,1,0,0.07,0,0,6,0,0.17,9,0,0,0,0.09,0,3,3,17,0.01,0,0,2,5,0.07,0,0,1,4,0.08,0,2,2,3,0.03,0,0,3,21,0.02,2,0,0,16,0.03,0,0,1
89,108,0,0,20,0,4,0,1,PROTECTING,Field_2,1,PROTECTING,Field_2,1,PROTECTING,Field_5,1,PROTECTING,Field_5,1,PROTECTING,Field_5,1,PROTECTING,Field_1,1,MOVING_TO_FIELD,Field_9,1,PROTECTING,Field_5,1,PROTECTING,Field_11,1,PROTECTING,Field_5,1,PROTECTING,Field_2,1,PROTECTING,Field_5,1,MOVING_TO_FIELD,Field_9,1,PROTECTING,Field_11,1,PROTECTING,Field_1,1,PROTECTING,Field_2,1,MOVING_TO_FIELD,Field_6,1,PROTECTING,Field_2,1,PROTECTING,Field_5,1,PROTECTING,Field_5,1,PROTECTING,Field_2,1,MOVING_TO_FIELD,Field_6,1,PROTECTING,Field_5,1,PROTECTING,Field_6,13,0.03,2,0,0,17,0.06,6,0,0,12,0.05,0,0,1,0,0.07,0,0,6,0,0.17,9,0,0,0,0.09,1,2,2,17,0.01,0,0,2,5,0.05,0,0,1,4,0.08,0,2,2,3,0.03,0,0,3,21,0.02,2,0,0,16,0.03,0,0,1
90,108,0,0,21,0,3,0,1,PROTECTING,Field_2,1,PROTECTING,Field_2,1,PROTECTING,Field_5,1,PROTECTING,Field_5,1,PROTECTING,Field_5,1,PROTECTING,Field_1,1,MOVING_TO_FIELD,Field_9,1,PROTECTING,Field_5,1,PROTECTING,Field_11,1,PROTECTING,Field_5,1,PROTECTING,Field_2,1,PROTECTING,Field_5,1,MOVING_TO_FIELD,Field_9,1,PROTECTING,Field_11,1,PROTECTING,Field_1,1,PROTECTING,Field_2,1,MOVING_TO_FIELD,Field_6,1,PROTECTING,Field_2,1,PROTECTING,Field_5,1,PROTECTING,Field_5,1,PROTECTING,Field_2,1,PROTECTING,Field_6,1,PROTECTING,Field_5,1,PROTECTING,Field_6,13,0.02,2,0,0,17,0.06,6,0,0,12,0.05,0,0,1,0,0.08,0,0,6,0,0.18,9,0,0,0,0.11,2,1,1,17,0.01,0,0,2,5,0.05,0,0,1,4,0.07,0,2,2,3,0.02,0,0,3,21,0.04,2,0,0,16,0.03,0,0,1
91,108,5,0,13,0,6,0,1,IDLE,,1,MOVING_TO_FIELD,Field_3,1,PROTECTING,Field_5,1,PROTECTING,Field_5,1,PROTECTING,Field_5,1,MOVING_TO_FIELD,Field_12,1,MOVING_TO_FIELD,Field_9,1,PROTECTING,Field_5,1,PROTECTING,Field_11,1,PROTECTING,Field_5,1,IDLE,,1,PROTECTING,Field_5,1,MOVING_TO_FIELD,Field_9,1,PROTECTING,Field_11,1,IDLE,,1,MOVING_TO_FIELD,Field_8,1,MOVING_TO_FIELD,Field_6,1,IDLE,,1,PROTECTING,Field_5,1,PROTECTING,Field_5,1,IDLE,,1,PROTECTING,Field_6,1,PROTECTING,Field_5,1,PROTECTING,Field_6,13,0.02,0,0,2,17,0.06,0,0,6,12,0.04,0,1,1,0,0.08,0,0,6,0,0.18,9,0,0,0,0.12,2,1,1,17,0.01,0,0,2,5,0.05,0,1,1,4,0.06,0,2,2,3,0.03,0,0,3,21,0.04,2,0,0,16,0.05,0,1,1
92,108,5,0,13,0,6,0,1,IDLE,,1,MOVING_TO_FIELD,Field_3,1,PROTECTING,Field_5,1,PROTECTING,Field_5,1,PROTECTING,Field_5,1,MOVING_TO_FIELD,Field_12,1,MOVING_TO_FIELD,Field_9,1,PROTECTING,Field_5,1,PROTECTING,Field_11,1,PROTECTING,Field_5,1,IDLE,,1,PROTECTING,Field_5,1,MOVING_TO_FIELD,Field_9,1,PROTECTING,Field_11,1,IDLE,,1,MOVING_TO_FIELD,Field_8,1,MOVING_TO_FIELD,Field_6,1,IDLE,,1,PROTECTING,Field_5,1,PROTECTING,Field_5,1,IDLE,,1,PROTECTING,Field_6,1,PROTECTING,Field_5,1,PROTECTING,Field_6,13,0.02,0,0,2,17,0.06,0,0,6,12,0.03,0,1,1,0,0.08,0,0,6,0,0.17,9,0,0,0,0.12,2,1,1,17,0.01,0,0,2,5,0.05,0,1,1,4,0.06,0,2,2,3,0.03,0,0,3,21,0.04,2,0,0,16,0.05,0,1,1
93,108,5,0,13,0,6,0,1,IDLE,,1,MOVING_TO_FIELD,Field_3,1,PROTECTING,Field_5,1,PROTECTING,Field_5,1,PROTECTING,Field_5,1,MOVING_TO_FIELD,Field_12,1,MOVING_TO_FIELD,Field_9,1,PROTECTING,Field_5,1,PROTECTING,Field_11,1,PROTECTING,Field_5,1,IDLE,,1,PROTECTING,Field_5,1,MOVING_TO_FIELD,Field_9,1,PROTECTING,Field_11,1,IDLE,,1,MOVING_TO_FIELD,Field_8,1,MOVING_TO_FIELD,Field_6,1,IDLE,,1,PROTECTING,Field_5,1,PROTECTING,Field_5,1,IDLE,,1,PROTECTING,Field_6,1,PROTECTING,Field_5,1,PROTECTING,Field_6,13,0.02,0,0,2,17,0.04,0,0,6,12,0.03,0,1,1,0,0.08,0,0,6,0,0.15,9,0,0,0,0.12,2,1,1,17,0.01,0,0,2,5,0.05,0,1,1,4,0.07,0,2,2,3,0.03,0,0,3,21,0.04,2,0,0,16,0.05,0,1,1
94,108,5,0,13,0,6,0,1,IDLE,,1,MOVING_TO_FIELD,Field_3,1,PROTECTING,Field_5,1,PROTECTING,Field_5,1,PROTECTING,Field_5,1,MOVING_TO_FIELD,Field_12,1,MOVING_TO_FIELD,Field_9,1,PROTECTING,Field_5,1,PROTECTING,Field_11,1,PROTECTING,Field_5,1,IDLE,,1,PROTECTING,Field_5,1,MOVING_TO_FIELD,Field_9,1,PROTECTING,Field_11,1,IDLE,,1,MOVING_TO_FIELD,Field_8,1,MOVING_TO_FIELD,Field_6,1,IDLE,,1,PROTECTING,Field_5,1,PROTECTING,Field_5,1,IDLE,,1,PROTECTING,Field_6,1,PROTECTING,Field_5,1,PROTECTING,Field_6,13,0.02,0,0,2,17,0.05,0,0,6,12,0.03,0,1,1,0,0.08,0,0,6,0,0.15,9,0,0,0,0.12,2,1,1,17,0.01,0,0,2,5,0.05,0,1,1,4,0.06,0,2,2,3,0.03,0,0,3,21,0.04,2,0,0,16,0.05,0,1,1
95,108,5,0,13,0,6,0,1,IDLE,,1,MOVING_TO_FIELD,Field_3,1,PROTECTING,Field_5,1,PROTECTING,Field_5,1,PROTECTING,Field_5,1,MOVING_TO_FIELD,Field_12,1,MOVING_TO_FIELD,Field_9,1,PROTECTING,Field_5,1,PROTECTING,Field_11,1,PROTECTING,Field_5,1,IDLE,,1,PROTECTING,Field_5,1,MOVING_TO_FIELD,Field_9,1,PROTECTING,Field_11,1,IDLE,,1,MOVING_TO_FIELD,Field_8,1,MOVING_TO_FIELD,Field_6,1,IDLE,,1,PROTECTING,Field_5,1,PROTECTING,Field_5,1,IDLE,,1,PROTECTING,Field_6,1,PROTECTING,Field_5,1,PROTECTING,Field_6,13,0.03,0,0,2,17,0.05,0,0,6,12,0.07,0,1,1,0,0.08,0,0,6,0,0.15,9,0,0,0,0.12,2,1,1,17,0.03,0,0,2,5,0.05,0,1,1,4,0.07,0,2,2,3,0.03,0,0,3,21,0.02,2,0,0,16,0.05,0,1,1
96,108,5,0,14,0,5,0,1,IDLE,,1,MOVING_TO_FIELD,Field_3,1,PROTECTING,Field_5,1,PROTECTING,Field_5,1,PROTECTING,Field_5,1,MOVING_TO_FIELD,Field_12,1,PROTECTING,Field_9,1,PROTECTING,Field_5,1,PROTECTING,Field_11,1,PROTECTING,Field_5,1,IDLE,,1,PROTECTING,Field_5,1,MOVING_TO_FIELD,Field_9,1,PROTECTING,Field_11,1,IDLE,,1,MOVING_TO_FIELD,Field_8,1,MOVING_TO_FIELD,Field_6,1,IDLE,,1,PROTECTING,Field_5,1,PROTECTING,Field_5,1,IDLE,,1,PROTECTING,Field_6,1,PROTECTING,Field_5,1,PROTECTING,Field_6,13,0.03,0,0,2,17,0.05,0,0,6,12,0.07,0,1,1,0,0.09,0,0,6,0,0.14,9,0,0,0,0.12,2,1,1,17,0.04,0,0,2,5,0.05,0,1,1,4,0.08,1,1,1,3,0.03,0,0,3,21,0.02,2,0,0,16,0.05,0,1,1
97,108,5,0,15,0,4,0,1,IDLE,,1,MOVING_TO_FIELD,Field_3,1,PROTECTING,Field_5,1,PROTECTING,Field_5,1,PROTECTING,Field_5,1,MOVING_TO_FIELD,Field_12,1,PROTECTING,Field_9,1,PROTECTING,Field_5,1,PROTECTING,Field_11,1,PROTECTING,Field_5,1,IDLE,,1,PROTECTING,Field_5,1,MOVING_TO_FIELD,Field_9,1,PROTECTING,Field_11,1,IDLE,,1,MOVING_TO_FIELD,Field_8,1,PROTECTING,Field_6,1,IDLE,,1,PROTECTING,Field_5,1,PROTECTING,Field_5,1,IDLE,,1,PROTECTING,Field_6,1,PROTECTING,Field_5,1,PROTECTING,Field_6,13,0.03,0,0,2,17,0.07,0,0,6,12,0.05,0,1,1,0,0.09,0,0,6,0,0.13,9,0,0,0,0.12,3,0,0,17,0.04,0,0,2,5,0.05,0,1,1,4,0.08,1,1,1,3,0.03,0,0,3,21,0.00,2,0,0,16,0.05,0,1,1
98,108,5,0,15,0,4,0,1,IDLE,,1,MOVING_TO_FIELD,Field_3,1,PROTECTING,Field_5,1,PROTECTING,Field_5,1,PROTECTING,Field_5,1,MOVING_TO_FIELD,Field_12,1,PROTECTING,Field_9,1,PROTECTING,Field_5,1,PROTECTING,Field_11,1,PROTECTING,Field_5,1,IDLE,,1,PROTECTING,Field_5,1,MOVING_TO_FIELD,Field_9,1,PROTECTING,Field_11,1,IDLE,,1,MOVING_TO_FIELD,Field_8,1,PROTECTING,Field_6,1,IDLE,,1,PROTECTING,Field_5,1,PROTECTING,Field_5,1,IDLE,,1,PROTECTING,Field_6,1,PROTECTING,Field_5,1,PROTECTING,Field_6,13,0.02,0,0,2,17,0.06,0,0,6,12,0.05,0,1,1,0,0.09,0,0,6,0,0.14,9,0,0,0,0.13,3,0,0,17,0.04,0,0,2,5,0.05,0,1,1,4,0.09,1,1,1,3,0.03,0,0,3,21,0.00,2,0,0,16,0.05,0,1,1
99,108,5,0,16,0,3,0,1,IDLE,,1,PROTECTING,Field_3,1,PROTECTING,Field_5,1,PROTECTING,Field_5,1,PROTECTING,Field_5,1,MOVING_TO_FIELD,Field_12,1,PROTECTING,Field_9,1,PROTECTING,Field_5,1,PROTECTING,Field_11,1,PROTECTING,Field_5,1,IDLE,,1,PROTECTING,Field_5,1,MOVING_TO_FIELD,Field_9,1,PROTECTING,Field_11,1,IDLE,,1,MOVING_TO_FIELD,Field_8,1,PROTECTING,Field_6,1,IDLE,,1,PROTECTING,Field_5,1,PROTECTING,Field_5,1,IDLE,,1,PROTECTING,Field_6,1,PROTECTING,Field_5,1,PROTECTING,Field_6,13,0.02,0,0,2,17,0.06,0,0,6,12,0.07,1,0,0,0,0.08,0,0,6,0,0.15,9,0,0,0,0.13,3,0,0,17,0.06,0,0,2,5,0.05,0,1,1,4,0.09,1,1,1,3,0.03,0,0,3,21,0.00,2,0,0,16,0.05,0,1,1
100,108,5,0,16,0,3,0,1,IDLE,,1,PROTECTING,Field_3,1,PROTECTING,Field_5,1,PROTECTING,Field_5,1,PROTECTING,Field_5,1,MOVING_TO_FIELD,Field_12,1,PROTECTING,Field_9,1,PROTECTING,Field_5,1,PROTECTING,Field_11,1,PROTECTING,Field_5,1,IDLE,,1,PROTECTING,Field_5,1,MOVING_TO_FIELD,Field_9,1,PROTECTING,Field_11,1,IDLE,,1,MOVING_TO_FIELD,Field_8,1,PROTECTING,Field_6,1,IDLE,,1,PROTECTING,Field_5,1,PROTECTING,Field_5,1,IDLE,,1,PROTECTING,Field_6,1,PROTECTING,Field_5,1,PROTECTING,Field_6,13,0.02,0,0,2,17,0.06,0,0,6,12,0.07,1,0,0,0,0.08,0,0,6,0,0.15,9,0,0,0,0.12,3,0,0,17,0.06,0,0,2,5,0.05,0,1,1,4,0.07,1,1,1,3,0.03,0,0,3,21,0.00,2,0,0,16,0.05,0,1,1
101,109,2,0,15,0,7,0,1,MOVING_TO_FIELD,Field_7,1,PROTECTING,Field_3,1,PROTECTING,Field_5,1,PROTECTING,Field_5,1,PROTECTING,Field_5,1,MOVING_TO_FIELD,Field_12,1,PROTECTING,Field_9,1,PROTECTING,Field_5,1,IDLE,,1,PROTECTING,Field_5,1,MOVING_TO_FIELD,Field_10,1,PROTECTING,Field_5,1,PROTECTING,Field_9,1,IDLE,,1,MOVING_TO_FIELD,Field_7,1,MOVING_TO_FIELD,Field_8,1,PROTECTING,Field_6,1,MOVING_TO_FIELD,Field_10,1,PROTECTING,Field_5,1,PROTECTING,Field_5,1,MOVING_TO_FIELD,Field_10,1,PROTECTING,Field_6,1,PROTECTING,Field_5,1,PROTECTING,Field_6,13,0.02,0,0,2,17,0.05,0,0,6,12,0.09,1,0,0,0,0.08,0,0,6,0,0.15,9,0,0,0,0.13,3,0,0,17,0.06,0,2,2,6,0.07,0,1,1,4,0.08,2,0,0,3,0.03,0,3,3,21,0.00,0,0,2,16,0.05,0,1,1
102,109,2,0,15,0,7,0,1,MOVING_TO_FIELD,Field_7,1,PROTECTING,Field_3,1,PROTECTING,Field_5,1,PROTECTING,Field_5,1,PROTECTING,Field_5,1,MOVING_TO_FIELD,Field_12,1,PROTECTING,Field_9,1,PROTECTING,Field_5,1,IDLE,,1,PROTECTING,Field_5,1,MOVING_TO_FIELD,Field_10,1,PROTECTING,Field_5,1,PROTECTING,Field_9,1,IDLE,,1,MOVING_TO_FIELD,Field_7,1,MOVING_TO_FIELD,Field_8,1,PROTECTING,Field_6,1,MOVING_TO_FIELD,Field_10,1,PROTECTING,Field_5,1,PROTECTING,Field_5,1,MOVING_TO_FIELD,Field_10,1,PROTECTING,Field_6,1,PROTECTING,Field_5,1,PROTECTING,Field_6,13,0.00,0,0,2,17,0.05,0,0,6,12,0.08,1,0,0,0,0.08,0,0,6,0,0.15,9,0,0,0,0.12,3,0,0,17,0.06,0,2,2,6,0.07,0,1,1,4,0.09,2,0,0,3,0.05,0,3,3,21,0.00,0,0,2,16,0.05,0,1,1
103,109,2,0,15,0,7,0,1,MOVING_TO_FIELD,Field_7,1,PROTECTING,Field_3,1,PROTECTING,Field_5,1,PROTECTING,Field_5,1,PROTECTING,Field_5,1,MOVING_TO_FIELD,Field_12,1,PROTECTING,Field_9,1,PROTECTING,Field_5,1,IDLE,,1,PROTECTING,Field_5,1,MOVING_TO_FIELD,Field_10,1,PROTECTING,Field_5,1,PROTECTING,Field_9,1,IDLE,,1,MOVING_TO_FIELD,Field_7,1,MOVING_TO_FIELD,Field_8,1,PROTECTING,Field_6,1,MOVING_TO_FIELD,Field_10,1,PROTECTING,Field_5,1,PROTECTING,Field_5,1,MOVING_TO_FIELD,Field_10,1,PROTECTING,Field_6,1,PROTECTING,Field_5,1,PROTECTING,Field_6,13,0.00,0,0,2,17,0.05,0,0,6,12,0.08,1,0,0,0,0.08,0,0,6,0,0.13,9,0,0,0,0.12,3,0,0,17,0.06,0,2,2,6,0.10,0,1,1,4,0.08,2,0,0,3,0.07,0,3,3,21,0.00,0,0,2,16,0.05,0,1,1
104,109,2,0,16,0,6,0,1,MOVING_TO_FIELD,Field_7,1,PROTECTING,Field_3,1,PROTECTING,Field_5,1,PROTECTING,Field_5,1,PROTECTING,Field_5,1,MOVING_TO_FIELD,Field_12,1,PROTECTING,Field_9,1,PROTECTING,Field_5,1,IDLE,,1,PROTECTING,Field_5,1,MOVING_TO_FIELD,Field_10,1,PROTECTING,Field_5,1,PROTECTING,Field_9,1,IDLE,,1,MOVING_TO_FIELD,Field_7,1,PROTECTING,Field_8,1,PROTECTING,Field_6,1,MOVING_TO_FIELD,Field_10,1,PROTECTING,Field_5,1,PROTECTING,Field_5,1,MOVING_TO_FIELD,Field_10,1,PROTECTING,Field_6,1,PROTECTING,Field_5,1,PROTECTING,Field_6,13,0.02,0,0,2,17,0.04,0,0,6,12,0.08,1,0,0,0,0.07,0,0,6,0,0.13,9,0,0,0,0.12,3,0,0,17,0.06,0,2,2,6,0.12,1,0,0,4,0.08,2,0,0,3,0.07,0,3,3,21,0.00,0,0,2,16,0.08,0,1,1
105,109,2,0,16,0,6,0,1,MOVING_TO_FIELD,Field_7,1,PROTECTING,Field_3,1,PROTECTING,Field_5,1,PROTECTING,Field_5,1,PROTECTING,Field_5,1,MOVING_TO_FIELD,Field_12,1,PROTECTING,Field_9,1,PROTECTING,Field_5,1,IDLE,,1,PROTECTING,Field_5,1,MOVING_TO_FIELD,Field_10,1,PROTECTING,Field_5,1,PROTECTING,Field_9,1,IDLE,,1,MOVING_TO_FIELD,Field_7,1,PROTECTING,Field_8,1,PROTECTING,Field_6,1,MOVING_TO_FIELD,Field_10,1,PROTECTING,Field_5,1,PROTECTING,Field_5,1,MOVING_TO_FIELD,Field_10,1,PROTECTING,Field_6,1,PROTECTING,Field_5,1,PROTECTING,Field_6,13,0.02,0,0,2,17,0.05,0,0,6,12,0.08,1,0,0,0,0.07,0,0,6,0,0.13,9,0,0,0,0.11,3,0,0,17,0.06,0,2,2,6,0.12,1,0,0,4,0.08,2,0,0,3,0.07,0,3,3,21,0.00,0,0,2,16,0.10,0,1,1
106,110,2,0,16,0,6,0,1,MOVING_TO_FIELD,Field_7,1,PROTECTING,Field_3,1,PROTECTING,Field_5,1,PROTECTING,Field_5,1,PROTECTING,Field_5,1,MOVING_TO_FIELD,Field_12,1,PROTECTING,Field_9,1,PROTECTING,Field_5,1,IDLE,,1,PROTECTING,Field_5,1,MOVING_TO_FIELD,Field_10,1,PROTECTING,Field_5,1,PROTECTING,Field_9,1,IDLE,,1,MOVING_TO_FIELD,Field_7,1,PROTECTING,Field_8,1,PROTECTING,Field_6,1,MOVING_TO_FIELD,Field_10,1,PROTECTING,Field_5,1,PROTECTING,Field_5,1,MOVING_TO_FIELD,Field_10,1,PROTECTING,Field_6,1,PROTECTING,Field_5,1,PROTECTING,Field_6,13,0.02,0,0,2,17,0.06,0,0,6,12,0.05,1,0,0,0,0.07,0,0,6,0,0.14,9,0,0,0,0.11,3,0,0,17,0.06,0,2,2,6,0.12,1,0,0,4,0.07,2,0,0,3,0.07,0,3,3,21,0.00,0,0,2,17,0.10,0,1,1
107,110,2,0,16,0,6,0,1,MOVING_TO_FIELD,Field_7,1,PROTECTING,Field_3,1,PROTECTING,Field_5,1,PROTECTING,Field_5,1,PROTECTING,Field_5,1,MOVING_TO_FIELD,Field_12,1,PROTECTING,Field_9,1,PROTECTING,Field_5,1,IDLE,,1,PROTECTING,Field_5,1,MOVING_TO_FIELD,Field_10,1,PROTECTING,Field_5,1,PROTECTING,Field_9,1,IDLE,,1,MOVING_TO_FIELD,Field_7,1,PROTECTING,Field_8,1,PROTECTING,Field_6,1,MOVING_TO_FIELD,Field_10,1,PROTECTING,Field_5,1,PROTECTING,Field_5,1,MOVING_TO_FIELD,Field_10,1,PROTECTING,Field_6,1,PROTECTING,Field_5,1,PROTECTING,Field_6,13,0.02,0,0,2,17,0.07,0,0,6,12,0.05,1,0,0,0,0.05,0,0,6,0,0.12,9,0,0,0,0.11,3,0,0,17,0.06,0,2,2,6,0.12,1,0,0,4,0.07,2,0,0,3,0.07,0,3,3,21,0.00,0,0,2,17,0.10,0,1,1
108,110,2,0,16,0,6,0,1,MOVING_TO_FIELD,Field_7,1,PROTECTING,Field_3,1,PROTECTING,Field_5,1,PROTECTING,Field_5,1,PROTECTING,Field_5,1,MOVING_TO_FIELD,Field_12,1,PROTECTING,Field_9,1,PROTECTING,Field_5,1,IDLE,,1,PROTECTING,Field_5,1,MOVING_TO_FIELD,Field_10,1,PROTECTING,Field_5,1,PROTECTING,Field_9,1,IDLE,,1,MOVING_TO_FIELD,Field_7,1,PROTECTING,Field_8,1,PROTECTING,Field_6,1,MOVING_TO_FIELD,Field_10,1,PROTECTING,Field_5,1,PROTECTING,Field_5,1,MOVING_TO_FIELD,Field_10,1,PROTECTING,Field_6,1,PROTECTING,Field_5,1,PROTECTING,Field_6,13,0.02,0,0,2,17,0.08,0,0,6,12,0.07,1,0,0,0,0.05,0,0,6,0,0.12,9,0,0,0,0.11,3,0,0,17,0.06,0,2,2,6,0.12,1,0,0,4,0.07,2,0,0,3,0.07,0,3,3,21,0.00,0,0,2,17,0.10,0,1,1
109,111,2,0,16,0,6,0,1,MOVING_TO_FIELD,Field_7,1,PROTECTING,Field_3,1,PROTECTING,Field_5,1,PROTECTING,Field_5,1,PROTECTING,Field_5,1,MOVING_TO_FIELD,Field_12,1,PROTECTING,Field_9,1,PROTECTING,Field_5,1,IDLE,,1,PROTECTING,Field_5,1,MOVING_TO_FIELD,Field_10,1,PROTECTING,Field_5,1,PROTECTING,Field_9,1,IDLE,,1,MOVING_TO_FIELD,Field_7,1,PROTECTING,Field_8,1,PROTECTING,Field_6,1,MOVING_TO_FIELD,Field_10,1,PROTECTING,Field_5,1,PROTECTING,Field_5,1,MOVING_TO_FIELD,Field_10,1,PROTECTING,Field_6,1,PROTECTING,Field_5,1,PROTECTING,Field_6,13,0.02,0,0,2,17,0.08,0,0,6,12,0.03,1,0,0,0,0.05,0,0,6,0,0.11,9,0,0,0,0.11,3,0,0,18,0.06,0,2,2,6,0.10,1,0,0,4,0.05,2,0,0,3,0.07,0,3,3,21,0.00,0,0,2,17,0.08,0,1,1
110,111,2,0,16,0,6,0,1,MOVING_TO_FIELD,Field_7,1,PROTECTING,Field_3,1,PROTECTING,Field_5,1,PROTECTING,Field_5,1,PROTECTING,Field_5,1,MOVING_TO_FIELD,Field_12,1,PROTECTING,Field_9,1,PROTECTING,Field_5,1,IDLE,,1,PROTECTING,Field_5,1,MOVING_TO_FIELD,Field_10,1,PROTECTING,Field_5,1,PROTECTING,Field_9,1,IDLE,,1,MOVING_TO_FIELD,Field_7,1,PROTECTING,Field_8,1,PROTECTING,Field_6,1,MOVING_TO_FIELD,Field_10,1,PROTECTING,Field_5,1,PROTECTING,Field_5,1,MOVING_TO_FIELD,Field_10,1,PROTECTING,Field_6,1,PROTECTING,Field_5,1,PROTECTING,Field_6,13,0.02,0,0,2,17,0.08,0,0,6,12,0.01,1,0,0,0,0.05,0,0,6,0,0.11,9,0,0,0,0.11,3,0,0,18,0.06,0,2,2,6,0.10,1,0,0,4,0.06,2,0,0,3,0.08,0,3,3,21,0.00,0,0,2,17,0.08,0,1,1
111,111,2,0,16,0,6,0,1,MOVING_TO_FIELD,Field_7,1,PROTECTING,Field_3,1,PROTECTING,Field_5,1,PROTECTING,Field_5,1,PROTECTING,Field_5,1,MOVING_TO_FIELD,Field_12,1,PROTECTING,Field_9,1,PROTECTING,Field_5,1,IDLE,,1,PROTECTING,Field_5,1,MOVING_TO_FIELD,Field_10,1,PROTECTING,Field_5,1,PROTECTING,Field_9,1,IDLE,,1,MOVING_TO_FIELD,Field_7,1,PROTECTING,Field_8,1,PROTECTING,Field_6,1,MOVING_TO_FIELD,Field_10,1,PROTECTING,Field_5,1,PROTECTING,Field_5,1,MOVING_TO_FIELD,Field_10,1,PROTECTING,Field_6,1,PROTECTING,Field_5,1,PROTECTING,Field_6,13,0.02,0,0,2,17,0.07,0,0,6,12,0.01,1,0,0,0,0.05,0,0,6,0,0.10,9,0,0,0,0.12,3,0,0,18,0.06,0,2,2,6,0.10,1,0,0,4,0.05,2,0,0,3,0.08,0,3,3,21,0.00,0,0,2,17,0.10,0,1,1
112,111,2,0,16,0,6,0,1,MOVING_TO_FIELD,Field_7,1,PROTECTING,Field_3,1,PROTECTING,Field_5,1,PROTECTING,Field_5,1,PROTECTING,Field_5,1,MOVING_TO_FIELD,Field_12,1,PROTECTING,Field_9,1,PROTECTING,Field_5,1,IDLE,,1,PROTECTING,Field_5,1,MOVING_TO_FIELD,Field_10,1,PROTECTING,Field_5,1,PROTECTING,Field_9,1,IDLE,,1,MOVING_TO_FIELD,Field_7,1,PROTECTING,Field_8,1,PROTECTING,Field_6,1,MOVING_TO_FIELD,Field_10,1,PROTECTING,Field_5,1,PROTECTING,Field_5,1,MOVING_TO_FIELD,Field_10,1,PROTECTING,Field_6,1,PROTECTING,Field_5,1,PROTECTING,Field_6,13,0.02,0,0,2,17,0.07,0,0,6,12,0.01,1,0,0,0,0.05,0,0,6,0,0.10,9,0,0,0,0.12,3,0,0,18,0.06,0,2,2,6,0.10,1,0,0,4,0.06,2,0,0,3,0.08,0,3,3,21,0.00,0,0,2,17,0.13,0,1,1
113,111,2,0,17,0,5,0,1,MOVING_TO_FIELD,Field_7,1,PROTECTING,Field_3,1,PROTECTING,Field_5,1,PROTECTING,Field_5,1,PROTECTING,Field_5,1,MOVING_TO_FIELD,Field_12,1,PROTECTING,Field_9,1,PROTECTING,Field_5,1,IDLE,,1,PROTECTING,Field_5,1,MOVING_TO_FIELD,Field_10,1,PROTECTING,Field_5,1,PROTECTING,Field_9,1,IDLE,,1,PROTECTING,Field_7,1,PROTECTING,Field_8,1,PROTECTING,Field_6,1,MOVING_TO_FIELD,Field_10,1,PROTECTING,Field_5,1,PROTECTING,Field_5,1,MOVING_TO_FIELD,Field_10,1,PROTECTING,Field_6,1,PROTECTING,Field_5,1,PROTECTING,Field_6,13,0.02,0,0,2,17,0.07,0,0,6,12,0.01,1,0,0,0,0.07,0,0,6,0,0.11,9,0,0,0,0.11,3,0,0,18,0.06,1,1,1,6,0.07,1,0,0,4,0.06,2,0,0,3,0.08,0,3,3,21,0.00,0,0,2,17,0.13,0,1,1
114,111,2,0,17,0,5,0,1,MOVING_TO_FIELD,Field_7,1,PROTECTING,Field_3,1,PROTECTING,Field_5,1,PROTECTING,Field_5,1,PROTECTING,Field_5,1,MOVING_TO_FIELD,Field_12,1,PROTECTING,Field_9,1,PROTECTING,Field_5,1,IDLE,,1,PROTECTING,Field_5,1,MOVING_TO_FIELD,Field_10,1,PROTECTING,Field_5,1,PROTECTING,Field_9,1,IDLE,,1,PROTECTING,Field_7,1,PROTECTING,Field_8,1,PROTECTING,Field_6,1,MOVING_TO_FIELD,Field_10,1,PROTECTING,Field_5,1,PROTECTING,Field_5,1,MOVING_TO_FIELD,Field_10,1,PROTECTING,Field_6,1,PROTECTING,Field_5,1,PROTECTING,Field_6,13,0.00,0,0,2,17,0.05,0,0,6,12,0.01,1,0,0,0,0.07,0,0,6,0,0.11,9,0,0,0,0.08,3,0,0,18,0.07,1,1,1,6,0.10,1,0,0,4,0.06,2,0,0,3,0.07,0,3,3,21,0.00,0,0,2,17,0.13,0,1,1
115,111,2,0,17,0,5,0,1,MOVING_TO_FIELD,Field_7,1,PROTECTING,Field_3,1,PROTECTING,Field_5,1,PROTECTING,Field_5,1,PROTECTING,Field_5,1,MOVING_TO_FIELD,Field_12,1,PROTECTING,Field_9,1,PROTECTING,Field_5,1,IDLE,,1,PROTECTING,Field_5,1,MOVING_TO_FIELD,Field_10,1,PROTECTING,Field_5,1,PROTECTING,Field_9,1,IDLE,,1,PROTECTING,Field_7,1,PROTECTING,Field_8,1,PROTECTING,Field_6,1,MOVING_TO_FIELD,Field_10,1,PROTECTING,Field_5,1,PROTECTING,Field_5,1,MOVING_TO_FIELD,Field_10,1,PROTECTING,Field_6,1,PROTECTING,Field_5,1,PROTECTING,Field_6,13,0.00,0,0,2,17,0.05,0,0,6,12,0.01,1,0,0,0,0.08,0,0,6,0,0.10,9,0,0,0,0.07,3,0,0,18,0.06,1,1,1,6,0.07,1,0,0,4,0.05,2,0,0,3,0.07,0,3,3,21,0.02,0,0,2,17,0.15,0,1,1
116,111,2,0,18,0,4,0,1,MOVING_TO_FIELD,Field_7,1,PROTECTING,Field_3,1,PROTECTING,Field_5,1,PROTECTING,Field_5,1,PROTECTING,Field_5,1,PROTECTING,Field_12,1,PROTECTING,Field_9,1,PROTECTING,Field_5,1,IDLE,,1,PROTECTING,Field_5,1,MOVING_TO_FIELD,Field_10,1,PROTECTING,Field_5,1,PROTECTING,Field_9,1,IDLE,,1,PROTECTING,Field_7,1,PROTECTING,Field_8,1,PROTECTING,Field_6,1,MOVING_TO_FIELD,Field_10,1,PROTECTING,Field_5,1,PROTECTING,Field_5,1,MOVING_TO_FIELD,Field_10,1,PROTECTING,Field_6,1,PROTECTING,Field_5,1,PROTECTING,Field_6,13,0.00,0,0,2,17,0.06,0,0,6,12,0.01,1,0,0,0,0.08,0,0,6,0,0.12,9,0,0,0,0.06,3,0,0,18,0.06,1,1,1,6,0.07,1,0,0,4,0.05,2,0,0,3,0.07,0,3,3,21,0.02,0,0,2,17,0.10,1,0,0
117,111,2,0,19,0,3,0,1,PROTECTING,Field_7,1,PROTECTING,Field_3,1,PROTECTING,Field_5,1,PROTECTING,Field_5,1,PROTECTING,Field_5,1,PROTECTING,Field_12,1,PROTECTING,Field_9,1,PROTECTING,Field_5,1,IDLE,,1,PROTECTING,Field_5,1,MOVING_TO_FIELD,Field_10,1,PROTECTING,Field_5,1,PROTECTING,Field_9,1,IDLE,,1,PROTECTING,Field_7,1,PROTECTING,Field_8,1,PROTECTING,Field_6,1,MOVING_TO_FIELD,Field_10,1,PROTECTING,Field_5,1,PROTECTING,Field_5,1,MOVING_TO_FIELD,Field_10,1,PROTECTING,Field_6,1,PROTECTING,Field_5,1,PROTECTING,Field_6,13,0.00,0,0,2,17,0.08,0,0,6,12,0.00,1,0,0,0,0.08,0,0,6,0,0.12,9,0,0,0,0.06,3,0,0,18,0.06,2,0,0,6,0.02,1,0,0,4,0.06,2,0,0,3,0.07,0,3,3,21,0.02,0,0,2,17,0.08,1,0,0
118,111,2,0,19,0,3,0,1,PROTECTING,Field_7,1,PROTECTING,Field_3,1,PROTECTING,Field_5,1,PROTECTING,Field_5,1,PROTECTING,Field_5,1,PROTECTING,Field_12,1,PROTECTING,Field_9,1,PROTECTING,Field_5,1,IDLE,,1,PROTECTING,Field_5,1,MOVING_TO_FIELD,Field_10,1,PROTECTING,Field_5,1,PROTECTING,Field_9,1,IDLE,,1,PROTECTING,Field_7,1,PROTECTING,Field_8,1,PROTECTING,Field_6,1,MOVING_TO_FIELD,Field_10,1,PROTECTING,Field_5,1,PROTECTING,Field_5,1,MOVING_TO_FIELD,Field_10,1,PROTECTING,Field_6,1,PROTECTING,Field_5,1,PROTECTING,Field_6,13,0.00,0,0,2,17,0.10,0,0,6,12,0.03,1,0,0,0,0.08,0,0,6,0,0.12,9,0,0,0,0.06,3,0,0,18,0.08,2,0,0,6,0.02,1,0,0,4,0.06,2,0,0,3,0.07,0,3,3,21,0.02,0,0,2,17,0.08,1,0,0
119,111,2,0,19,0,3,0,1,PROTECTING,Field_7,1,PROTECTING,Field_3,1,PROTECTING,Field_5,1,PROTECTING,Field_5,1,PROTECTING,Field_5,1,PROTECTING,Field_12,1,PROTECTING,Field_9,1,PROTECTING,Field_5,1,IDLE,,1,PROTECTING,Field_5,1,MOVING_TO_FIELD,Field_10,1,PROTECTING,Field_5,1,PROTECTING,Field_9,1,IDLE,,1,PROTECTING,Field_7,1,PROTECTING,Field_8,1,PROTECTING,Field_6,1,MOVING_TO_FIELD,Field_10,1,PROTECTING,Field_5,1,PROTECTING,Field_5,1,MOVING_TO_FIELD,Field_10,1,PROTECTING,Field_6,1,PROTECTING,Field_5,1,PROTECTING,Field_6,13,0.02,0,0,2,17,0.08,0,0,6,12,0.03,1,0,0,0,0.08,0,0,6,0,0.13,9,0,0,0,0.06,3,0,0,18,0.08,2,0,0,6,0.02,1,0,0,4,0.06,2,0,0,3,0.07,0,3,3,21,0.02,0,0,2,17,0.08,1,0,0
120,111,2,0,19,0,3,0,1,PROTECTING,Field_7,1,PROTECTING,Field_3,1,PROTECTING,Field_5,1,PROTECTING,Field_5,1,PROTECTING,Field_5,1,PROTECTING,Field_12,1,PROTECTING,Field_9,1,PROTECTING,Field_5,1,IDLE,,1,PROTECTING,Field_5,1,MOVING_TO_FIELD,Field_10,1,PROTECTING,Field_5,1,PROTECTING,Field_9,1,IDLE,,1,PROTECTING,Field_7,1,PROTECTING,Field_8,1,PROTECTING,Field_6,1,MOVING_TO_FIELD,Field_10,1,PROTECTING,Field_5,1,PROTECTING,Field_5,1,MOVING_TO_FIELD,Field_10,1,PROTECTING,Field_6,1,PROTECTING,Field_5,1,PROTECTING,Field_6,13,0.02,0,0,2,17,0.08,0,0,6,12,0.01,1,0,0,0,0.08,0,0,6,0,0.13,9,0,0,0,0.07,3,0,0,18,0.08,2,0,0,6,0.02,1,0,0,4,0.05,2,0,0,3,0.07,0,3,3,21,0.02,0,0,2,17,0.05,1,0,0
121,111,0,0,19,0,5,0,1,PROTECTING,Field_7,1,PROTECTING,Field_3,1,PROTECTING,Field_5,1,PROTECTING,Field_5,1,PROTECTING,Field_5,1,PROTECTING,Field_12,1,PROTECTING,Field_9,1,PROTECTING,Field_5,1,MOVING_TO_FIELD,Field_2,1,PROTECTING,Field_5,1,MOVING_TO_FIELD,Field_10,1,PROTECTING,Field_5,1,PROTECTING,Field_9,1,MOVING_TO_FIELD,Field_4,1,PROTECTING,Field_7,1,PROTECTING,Field_8,1,PROTECTING,Field_6,1,MOVING_TO_FIELD,Field_10,1,PROTECTING,Field_5,1,PROTECTING,Field_5,1,MOVING_TO_FIELD,Field_10,1,PROTECTING,Field_6,1,PROTECTING,Field_5,1,PROTECTING,Field_6,13,0.02,0,0,2,17,0.07,0,1,6,12,0.01,1,0,0,0,0.07,0,1,6,0,0.12,9,0,0,0,0.07,3,0,0,18,0.09,2,0,0,6,0.02,1,0,0,4,0.05,2,0,0,3,0.07,0,3,3,21,0.02,0,0,2,17,0.03,1,0,0
122,111,0,0,19,0,5,0,1,PROTECTING,Field_7,1,PROTECTING,Field_3,1,PROTECTING,Field_5,1,PROTECTING,Field_5,1,PROTECTING,Field_5,1,PROTECTING,Field_12,1,PROTECTING,Field_9,1,PROTECTING,Field_5,1,MOVING_TO_FIELD,Field_2,1,PROTECTING,Field_5,1,MOVING_TO_FIELD,Field_10,1,PROTECTING,Field_5,1,PROTECTING,Field_9,1,MOVING_TO_FIELD,Field_4,1,PROTECTING,Field_7,1,PROTECTING,Field_8,1,PROTECTING,Field_6,1,MOVING_TO_FIELD,Field_10,1,PROTECTING,Field_5,1,PROTECTING,Field_5,1,MOVING_TO_FIELD,Field_10,1,PROTECTING,Field_6,1,PROTECTING,Field_5,1,PROTECTING,Field_6,13,0.02,0,0,2,17,0.07,0,1,6,12,0.01,1,0,0,0,0.07,0,1,6,0,0.12,9,0,0,0,0.08,3,0,0,18,0.09,2,0,0,6,0.02,1,0,0,4,0.06,2,0,0,3,0.05,0,3,3,21,0.02,0,0,2,17,0.05,1,0,0
123,111,0,0,19,0,5,0,1,PROTECTING,Field_7,1,PROTECTING,Field_3,1,PROTECTING,Field_5,1,PROTECTING,Field_5,1,PROTECTING,Field_5,1,PROTECTING,Field_12,1,PROTECTING,Field_9,1,PROTECTING,Field_5,1,MOVING_TO_FIELD,Field_2,1,PROTECTING,Field_5,1,MOVING_TO_FIELD,Field_10,1,PROTECTING,Field_5,1,PROTECTING,Field_9,1,MOVING_TO_FIELD,Field_4,1,PROTECTING,Field_7,1,PROTECTING,Field_8,1,PROTECTING,Field_6,1,MOVING_TO_FIELD,Field_10,1,PROTECTING,Field_5,1,PROTECTING,Field_5,1,MOVING_TO_FIELD,Field_10,1,PROTECTING,Field_6,1,PROTECTING,Field_5,1,PROTECTING,Field_6,13,0.02,0,0,2,17,0.08,0,1,6,12,0.01,1,0,0,0,0.07,0,1,6,0,0.11,9,0,0,0,0.07,3,0,0,18,0.08,2,0,0,6,0.00,1,0,0,4,0.05,2,0,0,3,0.05,0,3,3,21,0.02,0,0,2,17,0.05,1,0,0
124,111,0,0,19,0,5,0,1,PROTECTING,Field_7,1,PROTECTING,Field_3,1,PROTECTING,Field_5,1,PROTECTING,Field_5,1,PROTECTING,Field_5,1,PROTECTING,Field_12,1,PROTECTING,Field_9,1,PROTECTING,Field_5,1,MOVING_TO_FIELD,Field_2,1,PROTECTING,Field_5,1,MOVING_TO_FIELD,Field_10,1,PROTECTING,Field_5,1,PROTECTING,Field_9,1,MOVING_TO_FIELD,Field_4,1,PROTECTING,Field_7,1,PROTECTING,Field_8,1,PROTECTING,Field_6,1,MOVING_TO_FIELD,Field_10,1,PROTECTING,Field_5,1,PROTECTING,Field_5,1,MOVING_TO_FIELD,Field_10,1,PROTECTING,Field_6,1,PROTECTING,Field_5,1,PROTECTING,Field_6,13,0.02,0,0,2,17,0.08,0,1,6,12,0.01,1,0,0,0,0.07,0,1,6,0,0.12,9,0,0,0,0.05,3,0,0,18,0.06,2,0,0,6,0.02,1,0,0,4,0.05,2,0,0,3,0.05,0,3,3,21,0.04,0,0,2,17,0.03,1,0,0
125,111,0,0,19,0,5,0,1,PROTECTING,Field_7,1,PROTECTING,Field_3,1,PROTECTING,Field_5,1,PROTECTING,Field_5,1,PROTECTING,Field_5,1,PROTECTING,Field_12,1,PROTECTING,Field_9,1,PROTECTING,Field_5,1,MOVING_TO_FIELD,Field_2,1,PROTECTING,Field_5,1,MOVING_TO_FIELD,Field_10,1,PROTECTING,Field_5,1,PROTECTING,Field_9,1,MOVING_TO_FIELD,Field_4,1,PROTECTING,Field_7,1,PROTECTING,Field_8,1,PROTECTING,Field_6,1,MOVING_TO_FIELD,Field_10,1,PROTECTING,Field_5,1,PROTECTING,Field_5,1,MOVING_TO_FIELD,Field_10,1,PROTECTING,Field_6,1,PROTECTING,Field_5,1,PROTECTING,Field_6,13,0.02,0,0,2,17,0.09,0,1,6,12,0.01,1,0,0,0,0.07,0,1,6,0,0.12,9,0,0,0,0.06,3,0,0,18,0.05,2,0,0,6,0.02,1,0,0,4,0.05,2,0,0,3,0.05,0,3,3,21,0.04,0,0,2,17,0.00,1,0,0
126,111,0,0,19,0,5,0,1,PROTECTING,Field_7,1,PROTECTING,Field_3,1,PROTECTING,Field_5,1,PROTECTING,Field_5,1,PROTECTING,Field_5,1,PROTECTING,Field_12,1,PROTECTING,Field_9,1,PROTECTING,Field_5,1,MOVING_TO_FIELD,Field_2,1,PROTECTING,Field_5,1,MOVING_TO_FIELD,Field_10,1,PROTECTING,Field_5,1,PROTECTING,Field_9,1,MOVING_TO_FIELD,Field_4,1,PROTECTING,Field_7,1,PROTECTING,Field_8,1,PROTECTING,Field_6,1,MOVING_TO_FIELD,Field_10,1,PROTECTING,Field_5,1,PROTECTING,Field_5,1,MOVING_TO_FIELD,Field_10,1,PROTECTING,Field_6,1,PROTECTING,Field_5,1,PROTECTING,Field_6,13,0.03,0,0,2,17,0.10,0,1,6,12,0.00,1,0,0,0,0.07,0,1,6,0,0.10,9,0,0,0,0.06,3,0,0,18,0.04,2,0,0,6,0.02,1,0,0,4,0.05,2,0,0,3,0.05,0,3,3,21,0.04,0,0,2,17,0.00,1,0,0
127,111,0,0,20,0,4,0,1,PROTECTING,Field_7,1,PROTECTING,Field_3,1,PROTECTING,Field_5,1,PROTECTING,Field_5,1,PROTECTING,Field_5,1,PROTECTING,Field_12,1,PROTECTING,Field_9,1,PROTECTING,Field_5,1,MOVING_TO_FIELD,Field_2,1,PROTECTING,Field_5,1,PROTECTING,Field_10,1,PROTECTING,Field_5,1,PROTECTING,Field_9,1,MOVING_TO_FIELD,Field_4,1,PROTECTING,Field_7,1,PROTECTING,Field_8,1,PROTECTING,Field_6,1,MOVING_TO_FIELD,Field_10,1,PROTECTING,Field_5,1,PROTECTING,Field_5,1,MOVING_TO_FIELD,Field_10,1,PROTECTING,Field_6,1,PROTECTING,Field_5,1,PROTECTING,Field_6,13,0.03,0,0,2,17,0.10,0,1,6,12,0.00,1,0,0,0,0.07,0,1,6,0,0.09,9,0,0,0,0.06,3,0,0,18,0.04,2,0,0,6,0.02,1,0,0,4,0.05,2,0,0,3,0.05,1,2,2,21,0.07,0,0,2,17,0.00,1,0,0
128,111,0,0,20,0,4,0,1,PROTECTING,Field_7,1,PROTECTING,Field_3,1,PROTECTING,Field_5,1,PROTECTING,Field_5,1,PROTECTING,Field_5,1,PROTECTING,Field_12,1,PROTECTING,Field_9,1,PROTECTING,Field_5,1,MOVING_TO_FIELD,Field_2,1,PROTECTING,Field_5,1,PROTECTING,Field_10,1,PROTECTING,Field_5,1,PROTECTING,Field_9,1,MOVING_TO_FIELD,Field_4,1,PROTECTING,Field_7,1,PROTECTING,Field_8,1,PROTECTING,Field_6,1,MOVING_TO_FIELD,Field_10,1,PROTECTING,Field_5,1,PROTECTING,Field_5,1,MOVING_TO_FIELD,Field_10,1,PROTECTING,Field_6,1,PROTECTING,Field_5,1,PROTECTING,Field_6,13,0.03,0,0,2,17,0.10,0,1,6,12,0.00,1,0,0,0,0.08,0,1,6,0,0.07,9,0,0,0,0.05,3,0,0,18,0.06,2,0,0,6,0.00,1,0,0,4,0.04,2,0,0,3,0.05,1,2,2,21,0.07,0,0,2,17,0.03,1,0,0
129,111,0,0,20,0,4,0,1,PROTECTING,Field_7,1,PROTECTING,Field_3,1,PROTECTING,Field_5,1,PROTECTING,Field_5,1,PROTECTING,Field_5,1,PROTECTING,Field_12,1,PROTECTING,Field_9,1,PROTECTING,Field_5,1,MOVING_TO_FIELD,Field_2,1,PROTECTING,Field_5,1,PROTECTING,Field_10,1,PROTECTING,Field_5,1,PROTECTING,Field_9,1,MOVING_TO_FIELD,Field_4,1,PROTECTING,Field_7,1,PROTECTING,Field_8,1,PROTECTING,Field_6,1,MOVING_TO_FIELD,Field_10,1,PROTECTING,Field_5,1,PROTECTING,Field_5,1,MOVING_TO_FIELD,Field_10,1,PROTECTING,Field_6,1,PROTECTING,Field_5,1,PROTECTING,Field_6,13,0.03,0,0,2,17,0.12,0,1,6,12,0.00,1,0,0,0,0.08,0,1,6,0,0.08,9,0,0,0,0.06,3,0,0,18,0.06,2,0,0,6,0.00,1,0,0,4,0.01,2,0,0,3,0.05,1,2,2,21,0.05,0,0,2,17,0.03,1,0,0
130,111,0,0,20,0,4,0,1,PROTECTING,Field_7,1,PROTECTING,Field_3,1,PROTECTING,Field_5,1,PROTECTING,Field_5,1,PROTECTING,Field_5,1,PROTECTING,Field_12,1,PROTECTING,Field_9,1,PROTECTING,Field_5,1,MOVING_TO_FIELD,Field_2,1,PROTECTING,Field_5,1,PROTECTING,Field_10,1,PROTECTING,Field_5,1,PROTECTING,Field_9,1,MOVING_TO_FIELD,Field_4,1,PROTECTING,Field_7,1,PROTECTING,Field_8,1,PROTECTING,Field_6,1,MOVING_TO_FIELD,Field_10,1,PROTECTING,Field_5,1,PROTECTING,Field_5,1,MOVING_TO_FIELD,Field_10,1,PROTECTING,Field_6,1,PROTECTING,Field_5,1,PROTECTING,Field_6,13,0.03,0,0,2,17,0.13,0,1,6,12,0.00,1,0,0,0,0.08,0,1,6,0,0.08,9,0,0,0,0.06,3,0,0,18,0.06,2,0,0,6,0.00,1,0,0,4,0.01,2,0,0,3,0.05,1,2,2,21,0.05,0,0,2,17,0.03,1,0,0
131,111,0,0,13,0,11,0,1,MOVING_TO_FIELD,Field_2,1,MOVING_TO_FIELD,Field_2,1,PROTECTING,Field_5,1,PROTECTING,Field_5,1,PROTECTING,Field_5,1,MOVING_TO_FIELD,Field_4,1,MOVING_TO_FIELD,Field_2,1,PROTECTING,Field_5,1,PROTECTING,Field_2,1,PROTECTING,Field_5,1,MOVING_TO_FIELD,Field_4,1,PROTECTING,Field_5,1,MOVING_TO_FIELD,Field_2,1,MOVING_TO_FIELD,Field_4,1,MOVING_TO_FIELD,Field_4,1,MOVING_TO_FIELD,Field_2,1,PROTECTING,Field_6,1,MOVING_TO_FIELD,Field_4,1,PROTECTING,Field_5,1,PROTECTING,Field_5,1,MOVING_TO_FIELD,Field_4,1,PROTECTING,Field_6,1,PROTECTING,Field_5,1,PROTECTING,Field_6,13,0.03,0,0,2,17,0.12,1,5,5,12,0.01,0,0,1,0,0.08,0,6,6,0,0.10,9,0,0,0,0.07,3,0,0,18,0.06,0,0,2,6,0.00,0,0,1,4,0.01,0,0,2,3,0.07,0,0,3,21,0.05,0,0,2,17,0.03,0,0,1
132,111,0,0,13,0,11,0,1,MOVING_TO_FIELD,Field_2,1,MOVING_TO_FIELD,Field_2,1,PROTECTING,Field_5,1,PROTECTING,Field_5,1,PROTECTING,Field_5,1,MOVING_TO_FIELD,Field_4,1,MOVING_TO_FIELD,Field_2,1,PROTECTING,Field_5,1,PROTECTING,Field_2,1,PROTECTING,Field_5,1,MOVING_TO_FIELD,Field_4,1,PROTECTING,Field_5,1,MOVING_TO_FIELD,Field_2,1,MOVING_TO_FIELD,Field_4,1,MOVING_TO_FIELD,Field_4,1,MOVING_TO_FIELD,Field_2,1,PROTECTING,Field_6,1,MOVING_TO_FIELD,Field_4,1,PROTECTING,Field_5,1,PROTECTING,Field_5,1,MOVING_TO_FIELD,Field_4,1,PROTECTING,Field_6,1,PROTECTING,Field_5,1,PROTECTING,Field_6,13,0.03,0,0,2,17,0.12,1,5,5,12,0.01,0,0,1,0,0.08,0,6,6,0,0.10,9,0,0,0,0.07,3,0,0,18,0.08,0,0,2,6,0.00,0,0,1,4,0.01,0,0,2,3,0.07,0,0,3,21,0.05,0,0,2,17,0.03,0,0,1
133,111,0,0,13,0,11,0,1,MOVING_TO_FIELD,Field_2,1,MOVING_TO_FIELD,Field_2,1,PROTECTING,Field_5,1,PROTECTING,Field_5,1,PROTECTING,Field_5,1,MOVING_TO_FIELD,Field_4,1,MOVING_TO_FIELD,Field_2,1,PROTECTING,Field_5,1,PROTECTING,Field_2,1,PROTECTING,Field_5,1,MOVING_TO_FIELD,Field_4,1,PROTECTING,Field_5,1,MOVING_TO_FIELD,Field_2,1,MOVING_TO_FIELD,Field_4,1,MOVING_TO_FIELD,Field_4,1,MOVING_TO_FIELD,Field_2,1,PROTECTING,Field_6,1,MOVING_TO_FIELD,Field_4,1,PROTECTING,Field_5,1,PROTECTING,Field_5,1,MOVING_TO_FIELD,Field_4,1,PROTECTING,Field_6,1,PROTECTING,Field_5,1,PROTECTING,Field_6,13,0.03,0,0,2,17,0.11,1,5,5,12,0.01,0,0,1,0,0.09,0,6,6,0,0.10,9,0,0,0,0.06,3,0,0,18,0.06,0,0,2,6,0.00,0,0,1,4,0.01,0,0,2,3,0.07,0,0,3,21,0.05,0,0,2,17,0.03,0,0,1
134,111,0,0,13,0,11,0,1,MOVING_TO_FIELD,Field_2,1,MOVING_TO_FIELD,Field_2,1,PROTECTING,Field_5,1,PROTECTING,Field_5,1,PROTECTING,Field_5,1,MOVING_TO_FIELD,Field_4,1,MOVING_TO_FIELD,Field_2,1,PROTECTING,Field_5,1,PROTECTING,Field_2,1,PROTECTING,Field_5,1,MOVING_TO_FIELD,Field_4,1,PROTECTING,Field_5,1,MOVING_TO_FIELD,Field_2,1,MOVING_TO_FIELD,Field_4,1,MOVING_TO_FIELD,Field_4,1,MOVING_TO_FIELD,Field_2,1,PROTECTING,Field_6,1,MOVING_TO_FIELD,Field_4,1,PROTECTING,Field_5,1,PROTECTING,Field_5,1,MOVING_TO_FIELD,Field_4,1,PROTECTING,Field_6,1,PROTECTING,Field_5,1,PROTECTING,Field_6,13,0.02,0,0,2,17,0.14,1,5,5,12,0.03,0,0,1,0,0.09,0,6,6,0,0.10,9,0,0,0,0.06,3,0,0,18,0.05,0,0,2,6,0.00,0,0,1,4,0.02,0,0,2,3,0.07,0,0,3,21,0.02,0,0,2,17,0.03,0,0,1
135,111,0,0,13,0,11,0,1,MOVING_TO_FIELD,Field_2,1,MOVING_TO_FIELD,Field_2,1,PROTECTING,Field_5,1,PROTECTING,Field_5,1,PROTECTING,Field_5,1,MOVING_TO_FIELD,Field_4,1,MOVING_TO_FIELD,Field_2,1,PROTECTING,Field_5,1,PROTECTING,Field_2,1,PROTECTING,Field_5,1,MOVING_TO_FIELD,Field_4,1,PROTECTING,Field_5,1,MOVING_TO_FIELD,Field_2,1,MOVING_TO_FIELD,Field_4,1,MOVING_TO_FIELD,Field_4,1,MOVING_TO_FIELD,Field_2,1,PROTECTING,Field_6,1,MOVING_TO_FIELD,Field_4,1,PROTECTING,Field_5,1,PROTECTING,Field_5,1,MOVING_TO_FIELD,Field_4,1,PROTECTING,Field_6,1,PROTECTING,Field_5,1,PROTECTING,Field_6,13,0.02,0,0,2,17,0.14,1,5,5,12,0.03,0,0,1,0,0.11,0,6,6,0,0.10,9,0,0,0,0.06,3,0,0,18,0.05,0,0,2,6,0.00,0,0,1,4,0.03,0,0,2,3,0.08,0,0,3,21,0.02,0,0,2,17,0.03,0,0,1
136,111,0,0,13,0,11,0,1,MOVING_TO_FIELD,Field_2,1,MOVING_TO_FIELD,Field_2,1,PROTECTING,Field_5,1,PROTECTING,Field_5,1,PROTECTING,Field_5,1,MOVING_TO_FIELD,Field_4,1,MOVING_TO_FIELD,Field_2,1,PROTECTING,Field_5,1,PROTECTING,Field_2,1,PROTECTING,Field_5,1,MOVING_TO_FIELD,Field_4,1,PROTECTING,Field_5,1,MOVING_TO_FIELD,Field_2,1,MOVING_TO_FIELD,Field_4,1,MOVING_TO_FIELD,Field_4,1,MOVING_TO_FIELD,Field_2,1,PROTECTING,Field_6,1,MOVING_TO_FIELD,Field_4,1,PROTECTING,Field_5,1,PROTECTING,Field_5,1,MOVING_TO_FIELD,Field_4,1,PROTECTING,Field_6,1,PROTECTING,Field_5,1,PROTECTING,Field_6,13,0.02,0,0,2,17,0.15,1,5,5,12,0.04,0,0,1,0,0.11,0,6,6,0,0.12,9,0,0,0,0.06,3,0,0,18,0.05,0,0,2,6,0.00,0,0,1,4,0.04,0,0,2,3,0.08,0,0,3,21,0.04,0,0,2,17,0.03,0,0,1
137,111,0,0,13,0,11,0,1,MOVING_TO_FIELD,Field_2,1,MOVING_TO_FIELD,Field_2,1,PROTECTING,Field_5,1,PROTECTING,Field_5,1,PROTECTING,Field_5,1,MOVING_TO_FIELD,Field_4,1,MOVING_TO_FIELD,Field_2,1,PROTECTING,Field_5,1,PROTECTING,Field_2,1,PROTECTING,Field_5,1,MOVING_TO_FIELD,Field_4,1,PROTECTING,Field_5,1,MOVING_TO_FIELD,Field_2,1,MOVING_TO_FIELD,Field_4,1,MOVING_TO_FIELD,Field_4,1,MOVING_TO_FIELD,Field_2,1,PROTECTING,Field_6,1,MOVING_TO_FIELD,Field_4,1,PROTECTING,Field_5,1,PROTECTING,Field_5,1,MOVING_TO_FIELD,Field_4,1,PROTECTING,Field_6,1,PROTECTING,Field_5,1,PROTECTING,Field_6,13,0.02,0,0,2,17,0.16,1,5,5,12,0.04,0,0,1,0,0.11,0,6,6,0,0.11,9,0,0,0,0.06,3,0,0,18,0.06,0,0,2,6,0.00,0,0,1,4,0.04,0,0,2,3,0.10,0,0,3,21,0.04,0,0,2,17,0.03,0,0,1
138,111,0,0,13,0,11,0,1,MOVING_TO_FIELD,Field_2,1,MOVING_TO_FIELD,Field_2,1,PROTECTING,Field_5,1,PROTECTING,Field_5,1,PROTECTING,Field_5,1,MOVING_TO_FIELD,Field_4,1,MOVING_TO_FIELD,Field_2,1,PROTECTING,Field_5,1,PROTECTING,Field_2,1,PROTECTING,Field_5,1,MOVING_TO_FIELD,Field_4,1,PROTECTING,Field_5,1,MOVING_TO_FIELD,Field_2,1,MOVING_TO_FIELD,Field_4,1,MOVING_TO_FIELD,Field_4,1,MOVING_TO_FIELD,Field_2,1,PROTECTING,Field_6,1,MOVING_TO_FIELD,Field_4,1,PROTECTING,Field_5,1,PROTECTING,Field_5,1,MOVING_TO_FIELD,Field_4,1,PROTECTING,Field_6,1,PROTECTING,Field_5,1,PROTECTING,Field_6,13,0.02,0,0,2,17,0.18,1,5,5,12,0.04,0,0,1,0,0.11,0,6,6,0,0.12,9,0,0,0,0.06,3,0,0,18,0.06,0,0,2,6,0.00,0,0,1,4,0.04,0,0,2,3,0.11,0,0,3,21,0.04,0,0,2,17,0.03,0,0,1
139,111,0,0,13,0,11,0,1,MOVING_TO_FIELD,Field_2,1,MOVING_TO_FIELD,Field_2,1,PROTECTING,Field_5,1,PROTECTING,Field_5,1,PROTECTING,Field_5,1,MOVING_TO_FIELD,Field_4,1,MOVING_TO_FIELD,Field_2,1,PROTECTING,Field_5,1,PROTECTING,Field_2,1,PROTECTING,Field_5,1,MOVING_TO_FIELD,Field_4,1,PROTECTING,Field_5,1,MOVING_TO_FIELD,Field_2,1,MOVING_TO_FIELD,Field_4,1,MOVING_TO_FIELD,Field_4,1,MOVING_TO_FIELD,Field_2,1,PROTECTING,Field_6,1,MOVING_TO_FIELD,Field_4,1,PROTECTING,Field_5,1,PROTECTING,Field_5,1,MOVING_TO_FIELD,Field_4,1,PROTECTING,Field_6,1,PROTECTING,Field_5,1,PROTECTING,Field_6,13,0.02,0,0,2,17,0.18,1,5,5,12,0.04,0,0,1,0,0.11,0,6,6,0,0.12,9,0,0,0,0.06,3,0,0,18,0.07,0,0,2,6,0.00,0,0,1,4,0.04,0,0,2,3,0.11,0,0,3,21,0.04,0,0,2,17,0.08,0,0,1
140,111,0,0,13,0,11,0,1,MOVING_TO_FIELD,Field_2,1,MOVING_TO_FIELD,Field_2,1,PROTECTING,Field_5,1,PROTECTING,Field_5,1,PROTECTING,Field_5,1,MOVING_TO_FIELD,Field_4,1,MOVING_TO_FIELD,Field_2,1,PROTECTING,Field_5,1,PROTECTING,Field_2,1,PROTECTING,Field_5,1,MOVING_TO_FIELD,Field_4,1,PROTECTING,Field_5,1,MOVING_TO_FIELD,Field_2,1,MOVING_TO_FIELD,Field_4,1,MOVING_TO_FIELD,Field_4,1,MOVING_TO_FIELD,Field_2,1,PROTECTING,Field_6,1,MOVING_TO_FIELD,Field_4,1,PROTECTING,Field_5,1,PROTECTING,Field_5,1,MOVING_TO_FIELD,Field_4,1,PROTECTING,Field_6,1,PROTECTING,Field_5,1,PROTECTING,Field_6,13,0.02,0,0,2,17,0.19,1,5,5,12,0.04,0,0,1,0,0.11,0,6,6,0,0.12,9,0,0,0,0.05,3,0,0,18,0.08,0,0,2,6,0.00,0,0,1,4,0.05,0,0,2,3,0.11,0,0,3,21,0.04,0,0,2,17,0.08,0,0,1
141,111,0,0,10,0,14,0,1,MOVING_TO_FIELD,Field_2,1,MOVING_TO_FIELD,Field_2,1,PROTECTING,Field_5,1,PROTECTING,Field_5,1,PROTECTING,Field_5,1,MOVING_TO_FIELD,Field_4,1,MOVING_TO_FIELD,Field_2,1,PROTECTING,Field_5,1,PROTECTING,Field_2,1,PROTECTING,Field_5,1,MOVING_TO_FIELD,Field_4,1,PROTECTING,Field_5,1,MOVING_TO_FIELD,Field_2,1,MOVING_TO_FIELD,Field_4,1,MOVING_TO_FIELD,Field_4,1,MOVING_TO_FIELD,Field_2,1,MOVING_TO_FIELD,Field_10,1,MOVING_TO_FIELD,Field_4,1,PROTECTING,Field_5,1,PROTECTING,Field_5,1,MOVING_TO_FIELD,Field_4,1,MOVING_TO_FIELD,Field_10,1,PROTECTING,Field_5,1,MOVING_TO_FIELD,Field_10,13,0.02,0,0,2,17,0.21,1,5,5,12,0.04,0,0,1,0,0.11,0,6,6,0,0.11,9,0,0,0,0.04,0,0,3,18,0.08,0,0,2,6,0.00,0,0,1,4,0.07,0,0,2,3,0.11,0,3,3,21,0.04,0,0,2,17,0.08,0,0,1
142,111,0,0,12,0,12,0,1,MOVING_TO_FIELD,Field_2,1,PROTECTING,Field_2,1,PROTECTING,Field_5,1,PROTECTING,Field_5,1,PROTECTING,Field_5,1,MOVING_TO_FIELD,Field_4,1,PROTECTING,Field_2,1,PROTECTING,Field_5,1,PROTECTING,Field_2,1,PROTECTING,Field_5,1,MOVING_TO_FIELD,Field_4,1,PROTECTING,Field_5,1,MOVING_TO_FIELD,Field_2,1,MOVING_TO_FIELD,Field_4,1,MOVING_TO_FIELD,Field_4,1,MOVING_TO_FIELD,Field_2,1,MOVING_TO_FIELD,Field_10,1,MOVING_TO_FIELD,Field_4,1,PROTECTING,Field_5,1,PROTECTING,Field_5,1,MOVING_TO_FIELD,Field_4,1,MOVING_TO_FIELD,Field_10,1,PROTECTING,Field_5,1,MOVING_TO_FIELD,Field_10,13,0.02,0,0,2,17,0.21,3,3,3,12,0.03,0,0,1,0,0.12,0,6,6,0,0.11,9,0,0,0,0.04,0,0,3,18,0.06,0,0,2,6,0.00,0,0,1,4,0.06,0,0,2,3,0.11,0,3,3,21,0.04,0,0,2,17,0.08,0,0,1
143,111,0,0,12,0,12,0,1,MOVING_TO_FIELD,Field_2,1,PROTECTING,Field_2,1,PROTECTING,Field_5,1,PROTECTING,Field_5,1,PROTECTING,Field_5,1,MOVING_TO_FIELD,Field_4,1,PROTECTING,Field_2,1,PROTECTING,Field_5,1,PROTECTING,Field_2,1,PROTECTING,Field_5,1,MOVING_TO_FIELD,Field_4,1,PROTECTING,Field_5,1,MOVING_TO_FIELD,Field_2,1,MOVING_TO_FIELD,Field_4,1,MOVING_TO_FIELD,Field_4,1,MOVING_TO_FIELD,Field_2,1,MOVING_TO_FIELD,Field_10,1,MOVING_TO_FIELD,Field_4,1,PROTECTING,Field_5,1,PROTECTING,Field_5,1,MOVING_TO_FIELD,Field_4,1,MOVING_TO_FIELD,Field_10,1,PROTECTING,Field_5,1,MOVING_TO_FIELD,Field_10,13,0.02,0,0,2,17,0.20,3,3,3,12,0.04,0,0,1,0,0.12,0,6,6,0,0.09,9,0,0,0,0.05,0,0,3,18,0.07,0,0,2,6,0.00,0,0,1,4,0.05,0,0,2,3,0.11,0,3,3,21,0.02,0,0,2,17,0.08,0,0,1
144,111,0,0,13,0,11,0,1,MOVING_TO_FIELD,Field_2,1,PROTECTING,Field_2,1,PROTECTING,Field_5,1,PROTECTING,Field_5,1,PROTECTING,Field_5,1,MOVING_TO_FIELD,Field_4,1,PROTECTING,Field_2,1,PROTECTING,Field_5,1,PROTECTING,Field_2,1,PROTECTING,Field_5,1,MOVING_TO_FIELD,Field_4,1,PROTECTING,Field_5,1,MOVING_TO_FIELD,Field_2,1,MOVING_TO_FIELD,Field_4,1,MOVING_TO_FIELD,Field_4,1,PROTECTING,Field_2,1,MOVING_TO_FIELD,Field_10,1,MOVING_TO_FIELD,Field_4,1,PROTECTING,Field_5,1,PROTECTING,Field_5,1,MOVING_TO_FIELD,Field_4,1,MOVING_TO_FIELD,Field_10,1,PROTECTING,Field_5,1,MOVING_TO_FIELD,Field_10,13,0.02,0,0,2,17,0.21,4,2,2,12,0.04,0,0,1,0,0.12,0,6,6,0,0.08,9,0,0,0,0.06,0,0,3,18,0.07,0,0,2,6,0.00,0,0,1,4,0.04,0,0,2,3,0.10,0,3,3,21,0.02,0,0,2,17,0.08,0,0,1
145,111,0,0,13,0,11,0,1,MOVING_TO_FIELD,Field_2,1,PROTECTING,Field_2,1,PROTECTING,Field_5,1,PROTECTING,Field_5,1,PROTECTING,Field_5,1,MOVING_TO_FIELD,Field_4,1,PROTECTING,Field_2,1,PROTECTING,Field_5,1,PROTECTING,Field_2,1,PROTECTING,Field_5,1,MOVING_TO_FIELD,Field_4,1,PROTECTING,Field_5,1,MOVING_TO_FIELD,Field_2,1,MOVING_TO_FIELD,Field_4,1,MOVING_TO_FIELD,Field_4,1,PROTECTING,Field_2,1,MOVING_TO_FIELD,Field_10,1,MOVING_TO_FIELD,Field_4,1,PROTECTING,Field_5,1,PROTECTING,Field_5,1,MOVING_TO_FIELD,Field_4,1,MOVING_TO_FIELD,Field_10,1,PROTECTING,Field_5,1,MOVING_TO_FIELD,Field_10,13,0.02,0,0,2,17,0.20,4,2,2,12,0.05,0,0,1,0,0.14,0,6,6,0,0.09,9,0,0,0,0.05,0,0,3,18,0.07,0,0,2,6,0.00,0,0,1,4,0.04,0,0,2,3,0.08,0,3,3,21,0.02,0,0,2,17,0.08,0,0,1
146,111,0,0,14,0,10,0,1,MOVING_TO_FIELD,Field_2,1,PROTECTING,Field_2,1,PROTECTING,Field_5,1,PROTECTING,Field_5,1,PROTECTING,Field_5,1,MOVING_TO_FIELD,Field_4,1,PROTECTING,Field_2,1,PROTECTING,Field_5,1,PROTECTING,Field_2,1,PROTECTING,Field_5,1,MOVING_TO_FIELD,Field_4,1,PROTECTING,Field_5,1,PROTECTING,Field_2,1,MOVING_TO_FIELD,Field_4,1,MOVING_TO_FIELD,Field_4,1,PROTECTING,Field_2,1,MOVING_TO_FIELD,Field_10,1,MOVING_TO_FIELD,Field_4,1,PROTECTING,Field_5,1,PROTECTING,Field_5,1,MOVING_TO_FIELD,Field_4,1,MOVING_TO_FIELD,Field_10,1,PROTECTING,Field_5,1,MOVING_TO_FIELD,Field_10,13,0.02,0,0,2,17,0.20,5,1,1,12,0.05,0,0,1,0,0.16,0,6,6,0,0.10,9,0,0,0,0.05,0,0,3,18,0.08,0,0,2,6,0.00,0,0,1,4,0.04,0,0,2,3,0.08,0,3,3,21,0.02,0,0,2,17,0.08,0,0,1
147,111,0,0,16,0,8,0,1,PROTECTING,Field_2,1,PROTECTING,Field_2,1,PROTECTING,Field_5,1,PROTECTING,Field_5,1,PROTECTING,Field_5,1,MOVING_TO_FIELD,Field_4,1,PROTECTING,Field_2,1,PROTECTING,Field_5,1,PROTECTING,Field_2,1,PROTECTING,Field_5,1,MOVING_TO_FIELD,Field_4,1,PROTECTING,Field_5,1,PROTECTING,Field_2,1,PROTECTING,Field_4,1,MOVING_TO_FIELD,Field_4,1,PROTECTING,Field_2,1,MOVING_TO_FIELD,Field_10,1,MOVING_TO_FIELD,Field_4,1,PROTECTING,Field_5,1,PROTECTING,Field_5,1,MOVING_TO_FIELD,Field_4,1,MOVING_TO_FIELD,Field_10,1,PROTECTING,Field_5,1,MOVING_TO_FIELD,Field_10,13,0.02,0,0,2,17,0.18,6,0,0,12,0.05,0,0,1,0,0.15,1,5,5,0,0.09,9,0,0,0,0.04,0,0,3,18,0.07,0,0,2,6,0.00,0,0,1,4,0.05,0,0,2,3,0.08,0,3,3,21,0.00,0,0,2,17,0.03,0,0,1
148,111,0,0,16,0,8,0,1,PROTECTING,Field_2,1,PROTECTING,Field_2,1,PROTECTING,Field_5,1,PROTECTING,Field_5,1,PROTECTING,Field_5,1,MOVING_TO_FIELD,Field_4,1,PROTECTING,Field_2,1,PROTECTING,Field_5,1,PROTECTING,Field_2,1,PROTECTING,Field_5,1,MOVING_TO_FIELD,Field_4,1,PROTECTING,Field_5,1,PROTECTING,Field_2,1,PROTECTING,Field_4,1,MOVING_TO_FIELD,Field_4,1,PROTECTING,Field_2,1,MOVING_TO_FIELD,Field_10,1,MOVING_TO_FIELD,Field_4,1,PROTECTING,Field_5,1,PROTECTING,Field_5,1,MOVING_TO_FIELD,Field_4,1,MOVING_TO_FIELD,Field_10,1,PROTECTING,Field_5,1,MOVING_TO_FIELD,Field_10,13,0.02,0,0,2,17,0.18,6,0,0,12,0.05,0,0,1,0,0.14,1,5,5,0,0.09,9,0,0,0,0.05,0,0,3,18,0.06,0,0,2,6,0.00,0,0,1,4,0.05,0,0,2,3,0.08,0,3,3,21,0.00,0,0,2,17,0.03,0,0,1
149,111,0,0,16,0,8,0,1,PROTECTING,Field_2,1,PROTECTING,Field_2,1,PROTECTING,Field_5,1,PROTECTING,Field_5,1,PROTECTING,Field_5,1,MOVING_TO_FIELD,Field_4,1,PROTECTING,Field_2,1,PROTECTING,Field_5,1,PROTECTING,Field_2,1,PROTECTING,Field_5,1,MOVING_TO_FIELD,Field_4,1,PROTECTING,Field_5,1,PROTECTING,Field_2,1,PROTECTING,Field_4,1,MOVING_TO_FIELD,Field_4,1,PROTECTING,Field_2,1,MOVING_TO_FIELD,Field_10,1,MOVING_TO_FIELD,Field_4,1,PROTECTING,Field_5,1,PROTECTING,Field_5,1,MOVING_TO_FIELD,Field_4,1,MOVING_TO_FIELD,Field_10,1,PROTECTING,Field_5,1,MOVING_TO_FIELD,Field_10,13,0.03,0,0,2,17,0.17,6,0,0,12,0.04,0,0,1,0,0.15,1,5,5,0,0.10,9,0,0,0,0.05,0,0,3,18,0.06,0,0,2,6,0.00,0,0,1,4,0.06,0,0,2,3,0.08,0,3,3,21,0.00,0,0,2,17,0.03,0,0,1
150,111,0,0,16,0,8,0,1,PROTECTING,Field_2,1,PROTECTING,Field_2,1,PROTECTING,Field_5,1,PROTECTING,Field_5,1,PROTECTING,Field_5,1,MOVING_TO_FIELD,Field_4,1,PROTECTING,Field_2,1,PROTECTING,Field_5,1,PROTECTING,Field_2,1,PROTECTING,Field_5,1,MOVING_TO_FIELD,Field_4,1,PROTECTING,Field_5,1,PROTECTING,Field_2,1,PROTECTING,Field_4,1,MOVING_TO_FIELD,Field_4,1,PROTECTING,Field_2,1,MOVING_TO_FIELD,Field_10,1,MOVING_TO_FIELD,Field_4,1,PROTECTING,Field_5,1,PROTECTING,Field_5,1,MOVING_TO_FIELD,Field_4,1,MOVING_TO_FIELD,Field_10,1,PROTECTING,Field_5,1,MOVING_TO_FIELD,Field_10,13,0.03,0,0,2,17,0.18,6,0,0,12,0.05,0,0,1,0,0.15,1,5,5,0,0.09,9,0,0,0,0.05,0,0,3,18,0.07,0,0,2,6,0.00,0,0,1,4,0.05,0,0,2,3,0.08,0,3,3,21,0.00,0,0,2,17,0.03,0,0,1
151,111,0,0,16,0,8,0,1,PROTECTING,Field_2,1,PROTECTING,Field_2,1,PROTECTING,Field_5,1,PROTECTING,Field_5,1,PROTECTING,Field_5,1,MOVING_TO_FIELD,Field_4,1,PROTECTING,Field_2,1,PROTECTING,Field_5,1,PROTECTING,Field_2,1,PROTECTING,Field_5,1,MOVING_TO_FIELD,Field_4,1,PROTECTING,Field_5,1,PROTECTING,Field_2,1,PROTECTING,Field_4,1,MOVING_TO_FIELD,Field_4,1,PROTECTING,Field_2,1,MOVING_TO_FIELD,Field_10,1,MOVING_TO_FIELD,Field_4,1,PROTECTING,Field_5,1,PROTECTING,Field_5,1,MOVING_TO_FIELD,Field_4,1,MOVING_TO_FIELD,Field_10,1,PROTECTING,Field_5,1,MOVING_TO_FIELD,Field_10,13,0.05,0,0,2,17,0.18,6,0,0,12,0.05,0,0,1,0,0.15,1,5,5,0,0.08,9,0,0,0,0.05,0,0,3,18,0.07,0,0,2,6,0.00,0,0,1,4,0.06,0,0,2,3,0.07,0,3,3,21,0.00,0,0,2,17,0.03,0,0,1
152,112,0,0,16,0,8,0,1,PROTECTING,Field_2,1,PROTECTING,Field_2,1,PROTECTING,Field_5,1,PROTECTING,Field_5,1,PROTECTING,Field_5,1,MOVING_TO_FIELD,Field_4,1,PROTECTING,Field_2,1,PROTECTING,Field_5,1,PROTECTING,Field_2,1,PROTECTING,Field_5,1,MOVING_TO_FIELD,Field_4,1,PROTECTING,Field_5,1,PROTECTING,Field_2,1,PROTECTING,Field_4,1,MOVING_TO_FIELD,Field_4,1,PROTECTING,Field_2,1,MOVING_TO_FIELD,Field_10,1,MOVING_TO_FIELD,Field_4,1,PROTECTING,Field_5,1,PROTECTING,Field_5,1,MOVING_TO_FIELD,Field_4,1,MOVING_TO_FIELD,Field_10,1,PROTECTING,Field_5,1,MOVING_TO_FIELD,Field_10,13,0.05,0,0,2,17,0.19,6,0,0,13,0.05,0,0,1,0,0.16,1,5,5,0,0.08,9,0,0,0,0.05,0,0,3,18,0.07,0,0,2,6,0.00,0,0,1,4,0.06,0,0,2,3,0.07,0,3,3,21,0.00,0,0,2,17,0.03,0,0,1
153,112,0,0,16,0,8,0,1,PROTECTING,Field_2,1,PROTECTING,Field_2,1,PROTECTING,Field_5,1,PROTECTING,Field_5,1,PROTECTING,Field_5,1,MOVING_TO_FIELD,Field_4,1,PROTECTING,Field_2,1,PROTECTING,Field_5,1,PROTECTING,Field_2,1,PROTECTING,Field_5,1,MOVING_TO_FIELD,Field_4,1,PROTECTING,Field_5,1,PROTECTING,Field_2,1,PROTECTING,Field_4,1,MOVING_TO_FIELD,Field_4,1,PROTECTING,Field_2,1,MOVING_TO_FIELD,Field_10,1,MOVING_TO_FIELD,Field_4,1,PROTECTING,Field_5,1,PROTECTING,Field_5,1,MOVING_TO_FIELD,Field_4,1,MOVING_TO_FIELD,Field_10,1,PROTECTING,Field_5,1,MOVING_TO_FIELD,Field_10,13,0.05,0,0,2,17,0.18,6,0,0,13,0.05,0,0,1,0,0.16,1,5,5,0,0.08,9,0,0,0,0.05,0,0,3,18,0.07,0,0,2,6,0.00,0,0,1,4,0.07,0,0,2,3,0.07,0,3,3,21,0.00,0,0,2,17,0.03,0,0,1
154,112,0,0,16,0,8,0,1,PROTECTING,Field_2,1,PROTECTING,Field_2,1,PROTECTING,Field_5,1,PROTECTING,Field_5,1,PROTECTING,Field_5,1,MOVING_TO_FIELD,Field_4,1,PROTECTING,Field_2,1,PROTECTING,Field_5,1,PROTECTING,Field_2,1,PROTECTING,Field_5,1,MOVING_TO_FIELD,Field_4,1,PROTECTING,Field_5,1,PROTECTING,Field_2,1,PROTECTING,Field_4,1,MOVING_TO_FIELD,Field_4,1,PROTECTING,Field_2,1,MOVING_TO_FIELD,Field_10,1,MOVING_TO_FIELD,Field_4,1,PROTECTING,Field_5,1,PROTECTING,Field_5,1,MOVING_TO_FIELD,Field_4,1,MOVING_TO_FIELD,Field_10,1,PROTECTING,Field_5,1,MOVING_TO_FIELD,Field_10,13,0.05,0,0,2,17,0.19,6,0,0,13,0.05,0,0,1,0,0.15,1,5,5,0,0.07,9,0,0,0,0.05,0,0,3,18,0.07,0,0,2,6,0.00,0,0,1,4,0.07,0,0,2,3,0.07,0,3,3,21,0.00,0,0,2,17,0.03,0,0,1
155,112,0,0,16,0,8,0,1,PROTECTING,Field_2,1,PROTECTING,Field_2,1,PROTECTING,Field_5,1,PROTECTING,Field_5,1,PROTECTING,Field_5,1,MOVING_TO_FIELD,Field_4,1,PROTECTING,Field_2,1,PROTECTING,Field_5,1,PROTECTING,Field_2,1,PROTECTING,Field_5,1,MOVING_TO_FIELD,Field_4,1,PROTECTING,Field_5,1,PROTECTING,Field_2,1,PROTECTING,Field_4,1,MOVING_TO_FIELD,Field_4,1,PROTECTING,Field_2,1,MOVING_TO_FIELD,Field_10,1,MOVING_TO_FIELD,Field_4,1,PROTECTING,Field_5,1,PROTECTING,Field_5,1,MOVING_TO_FIELD,Field_4,1,MOVING_TO_FIELD,Field_10,1,PROTECTING,Field_5,1,MOVING_TO_FIELD,Field_10,13,0.05,0,0,2,17,0.18,6,0,0,13,0.04,0,0,1,0,0.16,1,5,5,0,0.07,9,0,0,0,0.05,0,0,3,18,0.06,0,0,2,6,0.00,0,0,1,4,0.07,0,0,2,3,0.07,0,3,3,21,0.00,0,0,2,17,0.03,0,0,1
156,112,0,0,16,0,8,0,1,PROTECTING,Field_2,1,PROTECTING,Field_2,1,PROTECTING,Field_5,1,PROTECTING,Field_5,1,PROTECTING,Field_5,1,MOVING_TO_FIELD,Field_4,1,PROTECTING,Field_2,1,PROTECTING,Field_5,1,PROTECTING,Field_2,1,PROTECTING,Field_5,1,MOVING_TO_FIELD,Field_4,1,PROTECTING,Field_5,1,PROTECTING,Field_2,1,PROTECTING,Field_4,1,MOVING_TO_FIELD,Field_4,1,PROTECTING,Field_2,1,MOVING_TO_FIELD,Field_10,1,MOVING_TO_FIELD,Field_4,1,PROTECTING,Field_5,1,PROTECTING,Field_5,1,MOVING_TO_FIELD,Field_4,1,MOVING_TO_FIELD,Field_10,1,PROTECTING,Field_5,1,MOVING_TO_FIELD,Field_10,13,0.05,0,0,2,17,0.17,6,0,0,13,0.04,0,0,1,0,0.18,1,5,5,0,0.06,9,0,0,0,0.06,0,0,3,18,0.07,0,0,2,6,0.00,0,0,1,4,0.06,0,0,2,3,0.07,0,3,3,21,0.00,0,0,2,17,0.03,0,0,1
157,112,0,0,17,0,7,0,1,PROTECTING,Field_2,1,PROTECTING,Field_2,1,PROTECTING,Field_5,1,PROTECTING,Field_5,1,PROTECTING,Field_5,1,MOVING_TO_FIELD,Field_4,1,PROTECTING,Field_2,1,PROTECTING,Field_5,1,PROTECTING,Field_2,1,PROTECTING,Field_5,1,MOVING_TO_FIELD,Field_4,1,PROTECTING,Field_5,1,PROTECTING,Field_2,1,PROTECTING,Field_4,1,MOVING_TO_FIELD,Field_4,1,PROTECTING,Field_2,1,PROTECTING,Field_10,1,MOVING_TO_FIELD,Field_4,1,PROTECTING,Field_5,1,PROTECTING,Field_5,1,MOVING_TO_FIELD,Field_4,1,MOVING_TO_FIELD,Field_10,1,PROTECTING,Field_5,1,MOVING_TO_FIELD,Field_10,13,0.05,0,0,2,17,0.17,6,0,0,13,0.03,0,0,1,0,0.18,1,5,5,0,0.06,9,0,0,0,0.06,0,0,3,18,0.06,0,0,2,6,0.00,0,0,1,4,0.06,0,0,2,3,0.07,1,2,2,21,0.02,0,0,2,17,0.03,0,0,1
158,112,0,0,18,0,6,0,1,PROTECTING,Field_2,1,PROTECTING,Field_2,1,PROTECTING,Field_5,1,PROTECTING,Field_5,1,PROTECTING,Field_5,1,MOVING_TO_FIELD,Field_4,1,PROTECTING,Field_2,1,PROTECTING,Field_5,1,PROTECTING,Field_2,1,PROTECTING,Field_5,1,MOVING_TO_FIELD,Field_4,1,PROTECTING,Field_5,1,PROTECTING,Field_2,1,PROTECTING,Field_4,1,PROTECTING,Field_4,1,PROTECTING,Field_2,1,PROTECTING,Field_10,1,MOVING_TO_FIELD,Field_4,1,PROTECTING,Field_5,1,PROTECTING,Field_5,1,MOVING_TO_FIELD,Field_4,1,MOVING_TO_FIELD,Field_10,1,PROTECTING,Field_5,1,MOVING_TO_FIELD,Field_10,13,0.05,0,0,2,17,0.17,6,0,0,13,0.03,0,0,1,0,0.19,2,4,4,0,0.06,9,0,0,0,0.06,0,0,3,18,0.06,0,0,2,6,0.00,0,0,1,4,0.05,0,0,2,3,0.07,1,2,2,21,0.02,0,0,2,17,0.05,0,0,1
159,112,0,0,18,0,6,0,1,PROTECTING,Field_2,1,PROTECTING,Field_2,1,PROTECTING,Field_5,1,PROTECTING,Field_5,1,PROTECTING,Field_5,1,MOVING_TO_FIELD,Field_4,1,PROTECTING,Field_2,1,PROTECTING,Field_5,1,PROTECTING,Field_2,1,PROTECTING,Field_5,1,MOVING_TO_FIELD,Field_4,1,PROTECTING,Field_5,1,PROTECTING,Field_2,1,PROTECTING,Field_4,1,PROTECTING,Field_4,1,PROTECTING,Field_2,1,PROTECTING,Field_10,1,MOVING_TO_FIELD,Field_4,1,PROTECTING,Field_5,1,PROTECTING,Field_5,1,MOVING_TO_FIELD,Field_4,1,MOVING_TO_FIELD,Field_10,1,PROTECTING,Field_5,1,MOVING_TO_FIELD,Field_10,13,0.05,0,0,2,17,0.17,6,0,0,13,0.03,0,0,1,0,0.19,2,4,4,0,0.05,9,0,0,0,0.06,0,0,3,18,0.07,0,0,2,6,0.00,0,0,1,4,0.05,0,0,2,3,0.08,1,2,2,21,0.02,0,0,2,17,0.05,0,0,1
160,112,0,0,18,0,6,0,1,PROTECTING,Field_2,1,PROTECTING,Field_2,1,PROTECTING,Field_5,1,PROTECTING,Field_5,1,PROTECTING,Field_5,1,MOVING_TO_FIELD,Field_4,1,PROTECTING,Field_2,1,PROTECTING,Field_5,1,PROTECTING,Field_2,1,PROTECTING,Field_5,1,MOVING_TO_FIELD,Field_4,1,PROTECTING,Field_5,1,PROTECTING,Field_2,1,PROTECTING,Field_4,1,PROTECTING,Field_4,1,PROTECTING,Field_2,1,PROTECTING,Field_10,1,MOVING_TO_FIELD,Field_4,1,PROTECTING,Field_5,1,PROTECTING,Field_5,1,MOVING_TO_FIELD,Field_4,1,MOVING_TO_FIELD,Field_10,1,PROTECTING,Field_5,1,MOVING_TO_FIELD,Field_10,13,0.05,0,0,2,17,0.15,6,0,0,13,0.03,0,0,1,0,0.20,2,4,4,0,0.06,9,0,0,0,0.07,0,0,3,18,0.07,0,0,2,6,0.00,0,0,1,4,0.05,0,0,2,3,0.08,1,2,2,21,0.02,0,0,2,17,0.05,0,0,1
161,112,0,0,19,0,5,0,1,PROTECTING,Field_2,1,PROTECTING,Field_2,1,PROTECTING,Field_5,1,PROTECTING,Field_5,1,PROTECTING,Field_5,1,MOVING_TO_FIELD,Field_4,1,PROTECTING,Field_2,1,PROTECTING,Field_5,1,PROTECTING,Field_2,1,PROTECTING,Field_5,1,MOVING_TO_FIELD,Field_4,1,PROTECTING,Field_5,1,PROTECTING,Field_2,1,PROTECTING,Field_4,1,PROTECTING,Field_4,1,PROTECTING,Field_2,1,PROTECTING,Field_10,1,MOVING_TO_FIELD,Field_4,1,PROTECTING,Field_5,1,PROTECTING,Field_5,1,MOVING_TO_FIELD,Field_4,1,PROTECTING,Field_10,1,PROTECTING,Field_5,1,MOVING_TO_FIELD,Field_10,13,0.05,0,0,2,17,0.15,6,0,0,13,0.04,0,0,1,0,0.20,2,4,4,0,0.07,9,0,0,0,0.07,0,0,3,18,0.06,0,0,2,6,0.00,0,0,1,4,0.05,0,0,2,3,0.11,2,1,1,21,0.02,0,0,2,17,0.05,0,0,1
162,113,0,0,20,0,4,0,1,PROTECTING,Field_2,1,PROTECTING,Field_2,1,PROTECTING,Field_5,1,PROTECTING,Field_5,1,PROTECTING,Field_5,1,PROTECTING,Field_4,1,PROTECTING,Field_2,1,PROTECTING,Field_5,1,PROTECTING,Field_2,1,PROTECTING,Field_5,1,MOVING_TO_FIELD,Field_4,1,PROTECTING,Field_5,1,PROTECTING,Field_2,1,PROTECTING,Field_4,1,PROTECTING,Field_4,1,PROTECTING,Field_2,1,PROTECTING,Field_10,1,MOVING_TO_FIELD,Field_4,1,PROTECTING,Field_5,1,PROTECTING,Field_5,1,MOVING_TO_FIELD,Field_4,1,PROTECTING,Field_10,1,PROTECTING,Field_5,1,MOVING_TO_FIELD,Field_10,13,0.03,0,0,2,17,0.14,6,0,0,13,0.04,0,0,1,0,0.22,3,3,3,0,0.06,9,0,0,0,0.08,0,0,3,19,0.06,0,0,2,6,0.00,0,0,1,4,0.05,0,0,2,3,0.11,2,1,1,21,0.04,0,0,2,17,0.05,0,0,1
163,113,0,0,20,0,4,0,1,PROTECTING,Field_2,1,PROTECTING,Field_2,1,PROTECTING,Field_5,1,PROTECTING,Field_5,1,PROTECTING,Field_5,1,PROTECTING,Field_4,1,PROTECTING,Field_2,1,PROTECTING,Field_5,1,PROTECTING,Field_2,1,PROTECTING,Field_5,1,MOVING_TO_FIELD,Field_4,1,PROTECTING,Field_5,1,PROTECTING,Field_2,1,PROTECTING,Field_4,1,PROTECTING,Field_4,1,PROTECTING,Field_2,1,PROTECTING,Field_10,1,MOVING_TO_FIELD,Field_4,1,PROTECTING,Field_5,1,PROTECTING,Field_5,1,MOVING_TO_FIELD,Field_4,1,PROTECTING,Field_10,1,PROTECTING,Field_5,1,MOVING_TO_FIELD,Field_10,13,0.03,0,0,2,17,0.16,6,0,0,13,0.04,0,0,1,0,0.23,3,3,3,0,0.07,9,0,0,0,0.08,0,0,3,19,0.07,0,0,2,6,0.00,0,0,1,4,0.05,0,0,2,3,0.11,2,1,1,21,0.04,0,0,2,17,0.05,0,0,1
164,113,0,0,20,0,4,0,1,PROTECTING,Field_2,1,PROTECTING,Field_2,1,PROTECTING,Field_5,1,PROTECTING,Field_5,1,PROTECTING,Field_5,1,PROTECTING,Field_4,1,PROTECTING,Field_2,1,PROTECTING,Field_5,1,PROTECTING,Field_2,1,PROTECTING,Field_5,1,MOVING_TO_FIELD,Field_4,1,PROTECTING,Field_5,1,PROTECTING,Field_2,1,PROTECTING,Field_4,1,PROTECTING,Field_4,1,PROTECTING,Field_2,1,PROTECTING,Field_10,1,MOVING_TO_FIELD,Field_4,1,PROTECTING,Field_5,1,PROTECTING,Field_5,1,MOVING_TO_FIELD,Field_4,1,PROTECTING,Field_10,1,PROTECTING,Field_5,1,MOVING_TO_FIELD,Field_10,13,0.03,0,0,2,17,0.17,6,0,0,13,0.04,0,0,1,0,0.24,3,3,3,0,0.04,9,0,0,0,0.09,0,0,3,19,0.08,0,0,2,6,0.00,0,0,1,4,0.05,0,0,2,3,0.13,2,1,1,21,0.04,0,0,2,17,0.05,0,0,1
165,113,0,0,21,0,3,0,1,PROTECTING,Field_2,1,PROTECTING,Field_2,1,PROTECTING,Field_5,1,PROTECTING,Field_5,1,PROTECTING,Field_5,1,PROTECTING,Field_4,1,PROTECTING,Field_2,1,PROTECTING,Field_5,1,PROTECTING,Field_2,1,PROTECTING,Field_5,1,PROTECTING,Field_4,1,PROTECTING,Field_5,1,PROTECTING,Field_2,1,PROTECTING,Field_4,1,PROTECTING,Field_4,1,PROTECTING,Field_2,1,PROTECTING,Field_10,1,MOVING_TO_FIELD,Field_4,1,PROTECTING,Field_5,1,PROTECTING,Field_5,1,MOVING_TO_FIELD,Field_4,1,PROTECTING,Field_10,1,PROTECTING,Field_5,1,MOVING_TO_FIELD,Field_10,13,0.03,0,0,2,17,0.15,6,0,0,13,0.04,0,0,1,0,0.24,4,2,2,0,0.03,9,0,0,0,0.09,0,0,3,19,0.08,0,0,2,6,0.00,0,0,1,4,0.05,0,0,2,3,0.13,2,1,1,21,0.04,0,0,2,17,0.05,0,0,1
166,113,0,0,22,0,2,0,1,PROTECTING,Field_2,1,PROTECTING,Field_2,1,PROTECTING,Field_5,1,PROTECTING,Field_5,1,PROTECTING,Field_5,1,PROTECTING,Field_4,1,PROTECTING,Field_2,1,PROTECTING,Field_5,1,PROTECTING,Field_2,1,PROTECTING,Field_5,1,PROTECTING,Field_4,1,PROTECTING,Field_5,1,PROTECTING,Field_2,1,PROTECTING,Field_4,1,PROTECTING,Field_4,1,PROTECTING,Field_2,1,PROTECTING,Field_10,1,MOVING_TO_FIELD,Field_4,1,PROTECTING,Field_5,1,PROTECTING,Field_5,1,MOVING_TO_FIELD,Field_4,1,PROTECTING,Field_10,1,PROTECTING,Field_5,1,PROTECTING,Field_10,13,0.03,0,0,2,17,0.15,6,0,0,13,0.03,0,0,1,0,0.24,4,2,2,0,0.03,9,0,0,0,0.09,0,0,3,19,0.08,0,0,2,6,0.00,0,0,1,4,0.04,0,0,2,3,0.13,3,0,0,21,0.05,0,0,2,17,0.05,0,0,1
167,113,0,0,22,0,2,0,1,PROTECTING,Field_2,1,PROTECTING,Field_2,1,PROTECTING,Field_5,1,PROTECTING,Field_5,1,PROTECTING,Field_5,1,PROTECTING,Field_4,1,PROTECTING,Field_2,1,PROTECTING,Field_5,1,PROTECTING,Field_2,1,PROTECTING,Field_5,1,PROTECTING,Field_4,1,PROTECTING,Field_5,1,PROTECTING,Field_2,1,PROTECTING,Field_4,1,PROTECTING,Field_4,1,PROTECTING,Field_2,1,PROTECTING,Field_10,1,MOVING_TO_FIELD,Field_4,1,PROTECTING,Field_5,1,PROTECTING,Field_5,1,MOVING_TO_FIELD,Field_4,1,PROTECTING,Field_10,1,PROTECTING,Field_5,1,PROTECTING,Field_10,13,0.03,0,0,2,17,0.15,6,0,0,13,0.03,0,0,1,0,0.24,4,2,2,0,0.04,9,0,0,0,0.11,0,0,3,19,0.09,0,0,2,6,0.00,0,0,1,4,0.04,0,0,2,3,0.13,3,0,0,21,0.05,0,0,2,17,0.05,0,0,1
168,113,0,0,23,0,1,0,1,PROTECTING,Field_2,1,PROTECTING,Field_2,1,PROTECTING,Field_5,1,PROTECTING,Field_5,1,PROTECTING,Field_5,1,PROTECTING,Field_4,1,PROTECTING,Field_2,1,PROTECTING,Field_5,1,PROTECTING,Field_2,1,PROTECTING,Field_5,1,PROTECTING,Field_4,1,PROTECTING,Field_5,1,PROTECTING,Field_2,1,PROTECTING,Field_4,1,PROTECTING,Field_4,1,PROTECTING,Field_2,1,PROTECTING,Field_10,1,PROTECTING,Field_4,1,PROTECTING,Field_5,1,PROTECTING,Field_5,1,MOVING_TO_FIELD,Field_4,1,PROTECTING,Field_10,1,PROTECTING,Field_5,1,PROTECTING,Field_10,13,0.03,0,0,2,17,0.16,6,0,0,13,0.03,0,0,1,0,0.26,5,1,1,0,0.04,9,0,0,0,0.12,0,0,3,19,0.10,0,0,2,6,0.00,0,0,1,4,0.03,0,0,2,3,0.16,3,0,0,21,0.05,0,0,2,17,0.05,0,0,1
169,113,0,0,23,0,1,0,1,PROTECTING,Field_2,1,PROTECTING,Field_2,1,PROTECTING,Field_5,1,PROTECTING,Field_5,1,PROTECTING,Field_5,1,PROTECTING,Field_4,1,PROTECTING,Field_2,1,PROTECTING,Field_5,1,PROTECTING,Field_2,1,PROTECTING,Field_5,1,PROTECTING,Field_4,1,PROTECTING,Field_5,1,PROTECTING,Field_2,1,PROTECTING,Field_4,1,PROTECTING,Field_4,1,PROTECTING,Field_2,1,PROTECTING,Field_10,1,PROTECTING,Field_4,1,PROTECTING,Field_5,1,PROTECTING,Field_5,1,MOVING_TO_FIELD,Field_4,1,PROTECTING,Field_10,1,PROTECTING,Field_5,1,PROTECTING,Field_10,13,0.03,0,0,2,17,0.14,6,0,0,13,0.03,0,0,1,0,0.26,5,1,1,0,0.03,9,0,0,0,0.12,0,0,3,19,0.10,0,0,2,6,0.00,0,0,1,4,0.04,0,0,2,3,0.16,3,0,0,21,0.05,0,0,2,17,0.05,0,0,1
170,114,0,0,23,0,1,0,1,PROTECTING,Field_2,1,PROTECTING,Field_2,1,PROTECTING,Field_5,1,PROTECTING,Field_5,1,PROTECTING,Field_5,1,PROTECTING,Field_4,1,PROTECTING,Field_2,1,PROTECTING,Field_5,1,PROTECTING,Field_2,1,PROTECTING,Field_5,1,PROTECTING,Field_4,1,PROTECTING,Field_5,1,PROTECTING,Field_2,1,PROTECTING,Field_4,1,PROTECTING,Field_4,1,PROTECTING,Field_2,1,PROTECTING,Field_10,1,PROTECTING,Field_4,1,PROTECTING,Field_5,1,PROTECTING,Field_5,1,MOVING_TO_FIELD,Field_4,1,PROTECTING,Field_10,1,PROTECTING,Field_5,1,PROTECTING,Field_10,13,0.03,0,0,2,17,0.14,6,0,0,13,0.03,0,0,1,0,0.26,5,1,1,0,0.03,9,0,0,1,0.12,0,0,3,19,0.09,0,0,2,6,0.00,0,0,1,4,0.04,0,0,2,3,0.16,3,0,0,21,0.05,0,0,2,17,0.05,0,0,1
171,114,0,0,14,0,10,0,1,PROTECTING,Field_2,1,PROTECTING,Field_2,1,MOVING_TO_FIELD,Field_6,1,MOVING_TO_FIELD,Field_11,1,MOVING_TO_FIELD,Field_11,1,PROTECTING,Field_4,1,PROTECTING,Field_2,1,MOVING_TO_FIELD,Field_9,1,PROTECTING,Field_2,1,MOVING_TO_FIELD,Field_12,1,PROTECTING,Field_4,1,MOVING_TO_FIELD,Field_7,1,PROTECTING,Field_2,1,PROTECTING,Field_4,1,PROTECTING,Field_4,1,PROTECTING,Field_2,1,PROTECTING,Field_10,1,PROTECTING,Field_4,1,MOVING_TO_FIELD,Field_6,1,MOVING_TO_FIELD,Field_7,1,MOVING_TO_FIELD,Field_4,1,PROTECTING,Field_10,1,MOVING_TO_FIELD,Field_6,1,PROTECTING,Field_10,13,0.03,0,0,2,17,0.15,6,0,0,13,0.01,0,0,1,0,0.26,5,1,1,0,0.02,0,0,9,1,0.11,0,3,3,19,0.09,0,2,2,6,0.00,0,0,1,4,0.05,0,1,2,3,0.16,3,0,0,21,0.05,0,2,2,17,0.08,0,1,1
172,115,0,0,15,0,9,0,1,PROTECTING,Field_2,1,PROTECTING,Field_2,1,MOVING_TO_FIELD,Field_6,1,MOVING_TO_FIELD,Field_11,1,MOVING_TO_FIELD,Field_11,1,PROTECTING,Field_4,1,PROTECTING,Field_2,1,MOVING_TO_FIELD,Field_9,1,PROTECTING,Field_2,1,MOVING_TO_FIELD,Field_12,1,PROTECTING,Field_4,1,MOVING_TO_FIELD,Field_7,1,PROTECTING,Field_2,1,PROTECTING,Field_4,1,PROTECTING,Field_4,1,PROTECTING,Field_2,1,PROTECTING,Field_10,1,PROTECTING,Field_4,1,MOVING_TO_FIELD,Field_6,1,MOVING_TO_FIELD,Field_7,1,PROTECTING,Field_4,1,PROTECTING,Field_10,1,MOVING_TO_FIELD,Field_6,1,PROTECTING,Field_10,13,0.03,0,0,2,17,0.16,6,0,0,13,0.03,0,0,1,0,0.27,6,0,0,0,0.05,0,0,9,1,0.11,0,3,3,20,0.10,0,2,2,6,0.00,0,0,1,4,0.05,0,1,2,3,0.16,3,0,0,21,0.05,0,2,2,17,0.08,0,1,1
173,115,0,0,15,0,9,0,1,PROTECTING,Field_2,1,PROTECTING,Field_2,1,MOVING_TO_FIELD,Field_6,1,MOVING_TO_FIELD,Field_11,1,MOVING_TO_FIELD,Field_11,1,PROTECTING,Field_4,1,PROTECTING,Field_2,1,MOVING_TO_FIELD,Field_9,1,PROTECTING,Field_2,1,MOVING_TO_FIELD,Field_12,1,PROTECTING,Field_4,1,MOVING_TO_FIELD,Field_7,1,PROTECTING,Field_2,1,PROTECTING,Field_4,1,PROTECTING,Field_4,1,PROTECTING,Field_2,1,PROTECTING,Field_10,1,PROTECTING,Field_4,1,MOVING_TO_FIELD,Field_6,1,MOVING_TO_FIELD,Field_7,1,PROTECTING,Field_4,1,PROTECTING,Field_10,1,MOVING_TO_FIELD,Field_6,1,PROTECTING,Field_10,13,0.03,0,0,2,17,0.15,6,0,0,13,0.03,0,0,1,0,0.26,6,0,0,0,0.05,0,0,9,1,0.11,0,3,3,20,0.10,0,2,2,6,0.00,0,0,1,4,0.05,0,1,2,3,0.10,3,0,0,21,0.05,0,2,2,17,0.05,0,1,1
174,115,0,0,15,0,9,0,1,PROTECTING,Field_2,1,PROTECTING,Field_2,1,MOVING_TO_FIELD,Field_6,1,MOVING_TO_FIELD,Field_11,1,MOVING_TO_FIELD,Field_11,1,PROTECTING,Field_4,1,PROTECTING,Field_2,1,MOVING_TO_FIELD,Field_9,1,PROTECTING,Field_2,1,MOVING_TO_FIELD,Field_12,1,PROTECTING,Field_4,1,MOVING_TO_FIELD,Field_7,1,PROTECTING,Field_2,1,PROTECTING,Field_4,1,PROTECTING,Field_4,1,PROTECTING,Field_2,1,PROTECTING,Field_10,1,PROTECTING,Field_4,1,MOVING_TO_FIELD,Field_6,1,MOVING_TO_FIELD,Field_7,1,PROTECTING,Field_4,1,PROTECTING,Field_10,1,MOVING_TO_FIELD,Field_6,1,PROTECTING,Field_10,13,0.03,0,0,2,17,0.15,6,0,0,13,0.05,0,0,1,0,0.26,6,0,0,0,0.05,0,0,9,1,0.11,0,3,3,20,0.09,0,2,2,6,0.00,0,0,1,4,0.05,0,1,2,3,0.08,3,0,0,21,0.04,0,2,2,17,0.05,0,1,1
175,115,0,0,15,0,9,0,1,PROTECTING,Field_2,1,PROTECTING,Field_2,1,MOVING_TO_FIELD,Field_6,1,MOVING_TO_FIELD,Field_11,1,MOVING_TO_FIELD,Field_11,1,PROTECTING,Field_4,1,PROTECTING,Field_2,1,MOVING_TO_FIELD,Field_9,1,PROTECTING,Field_2,1,MOVING_TO_FIELD,Field_12,1,PROTECTING,Field_4,1,MOVING_TO_FIELD,Field_7,1,PROTECTING,Field_2,1,PROTECTING,Field_4,1,PROTECTING,Field_4,1,PROTECTING,Field_2,1,PROTECTING,Field_10,1,PROTECTING,Field_4,1,MOVING_TO_FIELD,Field_6,1,MOVING_TO_FIELD,Field_7,1,PROTECTING,Field_4,1,PROTECTING,Field_10,1,MOVING_TO_FIELD,Field_6,1,PROTECTING,Field_10,13,0.05,0,0,2,17,0.15,6,0,0,13,0.05,0,0,1,0,0.24,6,0,0,0,0.06,0,0,9,1,0.09,0,3,3,20,0.10,0,2,2,6,0.00,0,0,1,4,0.06,0,1,2,3,0.08,3,0,0,21,0.04,0,2,2,17,0.05,0,1,1
176,116,0,0,15,0,9,0,1,PROTECTING,Field_2,1,PROTECTING,Field_2,1,MOVING_TO_FIELD,Field_6,1,MOVING_TO_FIELD,Field_11,1,MOVING_TO_FIELD,Field_11,1,PROTECTING,Field_4,1,PROTECTING,Field_2,1,MOVING_TO_FIELD,Field_9,1,PROTECTING,Field_2,1,MOVING_TO_FIELD,Field_12,1,PROTECTING,Field_4,1,MOVING_TO_FIELD,Field_7,1,PROTECTING,Field_2,1,PROTECTING,Field_4,1,PROTECTING,Field_4,1,PROTECTING,Field_2,1,PROTECTING,Field_10,1,PROTECTING,Field_4,1,MOVING_TO_FIELD,Field_6,1,MOVING_TO_FIELD,Field_7,1,PROTECTING,Field_4,1,PROTECTING,Field_10,1,MOVING_TO_FIELD,Field_6,1,PROTECTING,Field_10,13,0.05,0,0,2,17,0.15,6,0,0,13,0.05,0,0,1,0,0.26,6,0,0,0,0.06,0,0,9,1,0.08,0,3,3,21,0.09,0,2,2,6,0.00,0,0,1,4,0.08,0,1,2,3,0.08,3,0,0,21,0.07,0,2,2,17,0.05,0,1,1
177,116,0,0,15,0,9,0,1,PROTECTING,Field_2,1,PROTECTING,Field_2,1,MOVING_TO_FIELD,Field_6,1,MOVING_TO_FIELD,Field_11,1,MOVING_TO_FIELD,Field_11,1,PROTECTING,Field_4,1,PROTECTING,Field_2,1,MOVING_TO_FIELD,Field_9,1,PROTECTING,Field_2,1,MOVING_TO_FIELD,Field_12,1,PROTECTING,Field_4,1,MOVING_TO_FIELD,Field_7,1,PROTECTING,Field_2,1,PROTECTING,Field_4,1,PROTECTING,Field_4,1,PROTECTING,Field_2,1,PROTECTING,Field_10,1,PROTECTING,Field_4,1,MOVING_TO_FIELD,Field_6,1,MOVING_TO_FIELD,Field_7,1,PROTECTING,Field_4,1,PROTECTING,Field_10,1,MOVING_TO_FIELD,Field_6,1,PROTECTING,Field_10,13,0.05,0,0,2,17,0.14,6,0,0,13,0.07,0,0,1,0,0.26,6,0,0,0,0.07,0,0,9,1,0.07,0,3,3,21,0.09,0,2,2,6,0.00,0,0,1,4,0.08,0,1,2,3,0.08,3,0,0,21,0.07,0,2,2,17,0.05,0,1,1
178,117,0,0,15,0,9,0,1,PROTECTING,Field_2,1,PROTECTING,Field_2,1,MOVING_TO_FIELD,Field_6,1,MOVING_TO_FIELD,Field_11,1,MOVING_TO_FIELD,Field_11,1,PROTECTING,Field_4,1,PROTECTING,Field_2,1,MOVING_TO_FIELD,Field_9,1,PROTECTING,Field_2,1,MOVING_TO_FIELD,Field_12,1,PROTECTING,Field_4,1,MOVING_TO_FIELD,Field_7,1,PROTECTING,Field_2,1,PROTECTING,Field_4,1,PROTECTING,Field_4,1,PROTECTING,Field_2,1,PROTECTING,Field_10,1,PROTECTING,Field_4,1,MOVING_TO_FIELD,Field_6,1,MOVING_TO_FIELD,Field_7,1,PROTECTING,Field_4,1,PROTECTING,Field_10,1,MOVING_TO_FIELD,Field_6,1,PROTECTING,Field_10,13,0.05,0,0,2,17,0.13,6,0,0,13,0.07,0,0,1,0,0.26,6,0,0,0,0.07,0,0,9,1,0.07,0,3,3,21,0.09,0,2,2,6,0.00,0,0,1,4,0.09,0,1,2,3,0.07,3,0,0,22,0.09,0,2,2,17,0.05,0,1,1
179,117,0,0,15,0,9,0,1,PROTECTING,Field_2,1,PROTECTING,Field_2,1,MOVING_TO_FIELD,Field_6,1,MOVING_TO_FIELD,Field_11,1,MOVING_TO_FIELD,Field_11,1,PROTECTING,Field_4,1,PROTECTING,Field_2,1,MOVING_TO_FIELD,Field_9,1,PROTECTING,Field_2,1,MOVING_TO_FIELD,Field_12,1,PROTECTING,Field_4,1,MOVING_TO_FIELD,Field_7,1,PROTECTING,Field_2,1,PROTECTING,Field_4,1,PROTECTING,Field_4,1,PROTECTING,Field_2,1,PROTECTING,Field_10,1,PROTECTING,Field_4,1,MOVING_TO_FIELD,Field_6,1,MOVING_TO_FIELD,Field_7,1,PROTECTING,Field_4,1,PROTECTING,Field_10,1,MOVING_TO_FIELD,Field_6,1,PROTECTING,Field_10,13,0.06,0,0,2,17,0.12,6,0,0,13,0.07,0,0,1,0,0.27,6,0,0,0,0.07,0,0,9,1,0.07,0,3,3,21,0.09,0,2,2,6,0.00,0,0,1,4,0.08,0,1,2,3,0.08,3,0,0,22,0.09,0,2,2,17,0.05,0,1,1
180,117,0,0,15,0,9,0,1,PROTECTING,Field_2,1,PROTECTING,Field_2,1,MOVING_TO_FIELD,Field_6,1,MOVING_TO_FIELD,Field_11,1,MOVING_TO_FIELD,Field_11,1,PROTECTING,Field_4,1,PROTECTING,Field_2,1,MOVING_TO_FIELD,Field_9,1,PROTECTING,Field_2,1,MOVING_TO_FIELD,Field_12,1,PROTECTING,Field_4,1,MOVING_TO_FIELD,Field_7,1,PROTECTING,Field_2,1,PROTECTING,Field_4,1,PROTECTING,Field_4,1,PROTECTING,Field_2,1,PROTECTING,Field_10,1,PROTECTING,Field_4,1,MOVING_TO_FIELD,Field_6,1,MOVING_TO_FIELD,Field_7,1,PROTECTING,Field_4,1,PROTECTING,Field_10,1,MOVING_TO_FIELD,Field_6,1,PROTECTING,Field_10,13,0.06,0,0,2,17,0.12,6,0,0,13,0.08,0,0,1,0,0.27,6,0,0,0,0.09,0,0,9,1,0.06,0,3,3,21,0.12,0,2,2,6,0.00,0,0,1,4,0.09,0,1,2,3,0.08,3,0,0,22,0.09,0,2,2,17,0.05,0,1,1
181,117,0,0,16,0,8,0,1,PROTECTING,Field_2,1,PROTECTING,Field_2,1,MOVING_TO_FIELD,Field_6,1,MOVING_TO_FIELD,Field_11,1,MOVING_TO_FIELD,Field_11,1,PROTECTING,Field_4,1,PROTECTING,Field_2,1,MOVING_TO_FIELD,Field_9,1,PROTECTING,Field_2,1,MOVING_TO_FIELD,Field_3,1,PROTECTING,Field_4,1,PROTECTING,Field_7,1,PROTECTING,Field_2,1,PROTECTING,Field_4,1,PROTECTING,Field_4,1,PROTECTING,Field_2,1,PROTECTING,Field_10,1,PROTECTING,Field_4,1,MOVING_TO_FIELD,Field_6,1,MOVING_TO_FIELD,Field_7,1,PROTECTING,Field_4,1,PROTECTING,Field_10,1,MOVING_TO_FIELD,Field_9,1,PROTECTING,Field_10,13,0.06,0,0,2,17,0.12,6,0,0,13,0.07,0,1,1,0,0.24,6,0,0,0,0.08,0,0,9,1,0.06,0,2,3,21,0.11,1,1,1,6,0.00,0,0,1,4,0.09,0,2,2,3,0.07,3,0,0,22,0.11,0,2,2,17,0.05,0,0,1
182,118,0,0,16,0,8,0,1,PROTECTING,Field_2,1,PROTECTING,Field_2,1,MOVING_TO_FIELD,Field_6,1,MOVING_TO_FIELD,Field_11,1,MOVING_TO_FIELD,Field_11,1,PROTECTING,Field_4,1,PROTECTING,Field_2,1,MOVING_TO_FIELD,Field_9,1,PROTECTING,Field_2,1,MOVING_TO_FIELD,Field_3,1,PROTECTING,Field_4,1,PROTECTING,Field_7,1,PROTECTING,Field_2,1,PROTECTING,Field_4,1,PROTECTING,Field_4,1,PROTECTING,Field_2,1,PROTECTING,Field_10,1,PROTECTING,Field_4,1,MOVING_TO_FIELD,Field_6,1,MOVING_TO_FIELD,Field_7,1,PROTECTING,Field_4,1,PROTECTING,Field_10,1,MOVING_TO_FIELD,Field_9,1,PROTECTING,Field_10,13,0.08,0,0,2,17,0.11,6,0,0,14,0.05,0,1,1,0,0.24,6,0,0,0,0.09,0,0,9,1,0.07,0,2,3,21,0.10,1,1,1,6,0.02,0,0,1,4,0.08,0,2,2,3,0.05,3,0,0,22,0.11,0,2,2,17,0.05,0,0,1
183,118,0,0,16,0,8,0,1,PROTECTING,Field_2,1,PROTECTING,Field_2,1,MOVING_TO_FIELD,Field_6,1,MOVING_TO_FIELD,Field_11,1,MOVING_TO_FIELD,Field_11,1,PROTECTING,Field_4,1,PROTECTING,Field_2,1,MOVING_TO_FIELD,Field_9,1,PROTECTING,Field_2,1,MOVING_TO_FIELD,Field_3,1,PROTECTING,Field_4,1,PROTECTING,Field_7,1,PROTECTING,Field_2,1,PROTECTING,Field_4,1,PROTECTING,Field_4,1,PROTECTING,Field_2,1,PROTECTING,Field_10,1,PROTECTING,Field_4,1,MOVING_TO_FIELD,Field_6,1,MOVING_TO_FIELD,Field_7,1,PROTECTING,Field_4,1,PROTECTING,Field_10,1,MOVING_TO_FIELD,Field_9,1,PROTECTING,Field_10,13,0.08,0,0,2,17,0.11,6,0,0,14,0.05,0,1,1,0,0.24,6,0,0,0,0.10,0,0,9,1,0.07,0,2,3,21,0.10,1,1,1,6,0.02,0,0,1,4,0.11,0,2,2,3,0.05,3,0,0,22,0.11,0,2,2,17,0.05,0,0,1
184,118,0,0,16,0,8,0,1,PROTECTING,Field_2,1,PROTECTING,Field_2,1,MOVING_TO_FIELD,Field_6,1,MOVING_TO_FIELD,Field_11,1,MOVING_TO_FIELD,Field_11,1,PROTECTING,Field_4,1,PROTECTING,Field_2,1,MOVING_TO_FIELD,Field_9,1,PROTECTING,Field_2,1,MOVING_TO_FIELD,Field_3,1,PROTECTING,Field_4,1,PROTECTING,Field_7,1,PROTECTING,Field_2,1,PROTECTING,Field_4,1,PROTECTING,Field_4,1,PROTECTING,Field_2,1,PROTECTING,Field_10,1,PROTECTING,Field_4,1,MOVING_TO_FIELD,Field_6,1,MOVING_TO_FIELD,Field_7,1,PROTECTING,Field_4,1,PROTECTING,Field_10,1,MOVING_TO_FIELD,Field_9,1,PROTECTING,Field_10,13,0.06,0,0,2,17,0.12,6,0,0,14,0.07,0,1,1,0,0.23,6,0,0,0,0.10,0,0,9,1,0.08,0,2,3,21,0.10,1,1,1,6,0.02,0,0,1,4,0.10,0,2,2,3,0.05,3,0,0,22,0.11,0,2,2,17,0.05,0,0,1
185,118,0,0,17,0,7,0,1,PROTECTING,Field_2,1,PROTECTING,Field_2,1,MOVING_TO_FIELD,Field_6,1,MOVING_TO_FIELD,Field_11,1,MOVING_TO_FIELD,Field_11,1,PROTECTING,Field_4,1,PROTECTING,Field_2,1,PROTECTING,Field_9,1,PROTECTING,Field_2,1,MOVING_TO_FIELD,Field_3,1,PROTECTING,Field_4,1,PROTECTING,Field_7,1,PROTECTING,Field_2,1,PROTECTING,Field_4,1,PROTECTING,Field_4,1,PROTECTING,Field_2,1,PROTECTING,Field_10,1,PROTECTING,Field_4,1,MOVING_TO_FIELD,Field_6,1,MOVING_TO_FIELD,Field_7,1,PROTECTING,Field_4,1,PROTECTING,Field_10,1,MOVING_TO_FIELD,Field_9,1,PROTECTING,Field_10,13,0.06,0,0,2,17,0.11,6,0,0,14,0.07,0,1,1,0,0.22,6,0,0,0,0.10,0,0,9,1,0.09,0,2,3,21,0.10,1,1,1,6,0.02,0,0,1,4,0.10,1,1,1,3,0.05,3,0,0,22,0.09,0,2,2,17,0.05,0,0,1
186,118,0,0,19,0,5,0,1,PROTECTING,Field_2,1,PROTECTING,Field_2,1,PROTECTING,Field_6,1,MOVING_TO_FIELD,Field_11,1,MOVING_TO_FIELD,Field_11,1,PROTECTING,Field_4,1,PROTECTING,Field_2,1,PROTECTING,Field_9,1,PROTECTING,Field_2,1,MOVING_TO_FIELD,Field_3,1,PROTECTING,Field_4,1,PROTECTING,Field_7,1,PROTECTING,Field_2,1,PROTECTING,Field_4,1,PROTECTING,Field_4,1,PROTECTING,Field_2,1,PROTECTING,Field_10,1,PROTECTING,Field_4,1,MOVING_TO_FIELD,Field_6,1,PROTECTING,Field_7,1,PROTECTING,Field_4,1,PROTECTING,Field_10,1,MOVING_TO_FIELD,Field_9,1,PROTECTING,Field_10,13,0.06,0,0,2,17,0.10,6,0,0,14,0.08,0,1,1,0,0.20,6,0,0,0,0.12,0,0,9,1,0.11,1,1,2,21,0.08,2,0,0,6,0.02,0,0,1,4,0.10,1,1,1,3,0.03,3,0,0,22,0.07,0,2,2,17,0.05,0,0,1
187,119,0,0,19,0,5,0,1,PROTECTING,Field_2,1,PROTECTING,Field_2,1,PROTECTING,Field_6,1,MOVING_TO_FIELD,Field_11,1,MOVING_TO_FIELD,Field_11,1,PROTECTING,Field_4,1,PROTECTING,Field_2,1,PROTECTING,Field_9,1,PROTECTING,Field_2,1,MOVING_TO_FIELD,Field_3,1,PROTECTING,Field_4,1,PROTECTING,Field_7,1,PROTECTING,Field_2,1,PROTECTING,Field_4,1,PROTECTING,Field_4,1,PROTECTING,Field_2,1,PROTECTING,Field_10,1,PROTECTING,Field_4,1,MOVING_TO_FIELD,Field_6,1,PROTECTING,Field_7,1,PROTECTING,Field_4,1,PROTECTING,Field_10,1,MOVING_TO_FIELD,Field_9,1,PROTECTING,Field_10,13,0.06,0,0,2,17,0.09,6,0,0,15,0.09,0,1,1,0,0.19,6,0,0,0,0.14,0,0,9,1,0.12,1,1,2,21,0.08,2,0,0,6,0.00,0,0,1,4,0.10,1,1,1,3,0.03,3,0,0,22,0.07,0,2,2,17,0.05,0,0,1
188,120,0,0,20,0,4,0,1,PROTECTING,Field_2,1,PROTECTING,Field_2,1,PROTECTING,Field_6,1,MOVING_TO_FIELD,Field_11,1,MOVING_TO_FIELD,Field_11,1,PROTECTING,Field_4,1,PROTECTING,Field_2,1,PROTECTING,Field_9,1,PROTECTING,Field_2,1,MOVING_TO_FIELD,Field_3,1,PROTECTING,Field_4,1,PROTECTING,Field_7,1,PROTECTING,Field_2,1,PROTECTING,Field_4,1,PROTECTING,Field_4,1,PROTECTING,Field_2,1,PROTECTING,Field_10,1,PROTECTING,Field_4,1,PROTECTING,Field_6,1,PROTECTING,Field_7,1,PROTECTING,Field_4,1,PROTECTING,Field_10,1,MOVING_TO_FIELD,Field_9,1,PROTECTING,Field_10,13,0.05,0,0,2,17,0.08,6,0,0,15,0.09,0,1,1,0,0.19,6,0,0,0,0.14,0,0,9,1,0.12,2,0,1,21,0.07,2,0,0,6,0.00,0,0,1,5,0.09,1,1,1,3,0.03,3,0,0,22,0.09,0,2,2,17,0.05,0,0,1
189,120,0,0,20,0,4,0,1,PROTECTING,Field_2,1,PROTECTING,Field_2,1,PROTECTING,Field_6,1,MOVING_TO_FIELD,Field_11,1,MOVING_TO_FIELD,Field_11,1,PROTECTING,Field_4,1,PROTECTING,Field_2,1,PROTECTING,Field_9,1,PROTECTING,Field_2,1,MOVING_TO_FIELD,Field_3,1,PROTECTING,Field_4,1,PROTECTING,Field_7,1,PROTECTING,Field_2,1,PROTECTING,Field_4,1,PROTECTING,Field_4,1,PROTECTING,Field_2,1,PROTECTING,Field_10,1,PROTECTING,Field_4,1,PROTECTING,Field_6,1,PROTECTING,Field_7,1,PROTECTING,Field_4,1,PROTECTING,Field_10,1,MOVING_TO_FIELD,Field_9,1,PROTECTING,Field_10,13,0.05,0,0,2,17,0.07,6,0,0,15,0.09,0,1,1,0,0.19,6,0,0,0,0.14,0,0,9,1,0.11,2,0,1,21,0.07,2,0,0,6,0.00,0,0,1,5,0.08,1,1,1,3,0.03,3,0,0,22,0.09,0,2,2,17,0.05,0,0,1
190,120,0,0,21,0,3,0,1,PROTECTING,Field_2,1,PROTECTING,Field_2,1,PROTECTING,Field_6,1,PROTECTING,Field_11,1,MOVING_TO_FIELD,Field_11,1,PROTECTING,Field_4,1,PROTECTING,Field_2,1,PROTECTING,Field_9,1,PROTECTING,Field_2,1,MOVING_TO_FIELD,Field_3,1,PROTECTING,Field_4,1,PROTECTING,Field_7,1,PROTECTING,Field_2,1,PROTECTING,Field_4,1,PROTECTING,Field_4,1,PROTECTING,Field_2,1,PROTECTING,Field_10,1,PROTECTING,Field_4,1,PROTECTING,Field_6,1,PROTECTING,Field_7,1,PROTECTING,Field_4,1,PROTECTING,Field_10,1,MOVING_TO_FIELD,Field_9,1,PROTECTING,Field_10,13,0.05,0,0,2,17,0.06,6,0,0,15,0.09,0,1,1,0,0.16,6,0,0,0,0.14,0,0,9,1,0.12,2,0,1,21,0.06,2,0,0,6,0.02,0,0,1,5,0.09,1,1,1,3,0.03,3,0,0,22,0.09,1,1,1,17,0.05,0,0,1
191,121,1,0,10,0,13,0,1,MOVING_TO_FIELD,Field_5,1,MOVING_TO_FIELD,Field_5,1,PROTECTING,Field_6,1,PROTECTING,Field_11,1,MOVING_TO_FIELD,Field_11,1,PROTECTING,Field_4,1,MOVING_TO_FIELD,Field_5,1,PROTECTING,Field_9,1,MOVING_TO_FIELD,Field_5,1,MOVING_TO_FIELD,Field_3,1,PROTECTING,Field_4,1,MOVING_TO_FIELD,Field_5,1,MOVING_TO_FIELD,Field_5,1,PROTECTING,Field_4,1,PROTECTING,Field_4,1,MOVING_TO_FIELD,Field_5,1,MOVING_TO_FIELD,Field_6,1,PROTECTING,Field_4,1,PROTECTING,Field_6,1,MOVING_TO_FIELD,Field_5,1,PROTECTING,Field_4,1,IDLE,,1,MOVING_TO_FIELD,Field_9,1,MOVING_TO_FIELD,Field_5,13,0.05,0,0,2,17,0.05,0,0,6,16,0.09,0,1,1,0,0.16,6,0,0,0,0.13,0,9,9,1,0.12,2,1,1,21,0.06,0,0,2,6,0.02,0,0,1,5,0.08,1,1,1,3,0.03,0,0,3,22,0.09,1,1,1,17,0.05,0,0,1
192,123,1,0,10,0,13,0,1,MOVING_TO_FIELD,Field_5,1,MOVING_TO_FIELD,Field_5,1,PROTECTING,Field_6,1,PROTECTING,Field_11,1,MOVING_TO_FIELD,Field_11,1,PROTECTING,Field_4,1,MOVING_TO_FIELD,Field_5,1,PROTECTING,Field_9,1,MOVING_TO_FIELD,Field_5,1,MOVING_TO_FIELD,Field_3,1,PROTECTING,Field_4,1,MOVING_TO_FIELD,Field_5,1,MOVING_TO_FIELD,Field_5,1,PROTECTING,Field_4,1,PROTECTING,Field_4,1,MOVING_TO_FIELD,Field_5,1,MOVING_TO_FIELD,Field_6,1,PROTECTING,Field_4,1,PROTECTING,Field_6,1,MOVING_TO_FIELD,Field_5,1,PROTECTING,Field_4,1,IDLE,,1,MOVING_TO_FIELD,Field_9,1,MOVING_TO_FIELD,Field_5,13,0.05,0,0,2,17,0.04,0,0,6,18,0.09,0,1,1,0,0.14,6,0,0,0,0.13,0,9,9,1,0.13,2,1,1,21,0.05,0,0,2,6,0.02,0,0,1,5,0.09,1,1,1,3,0.03,0,0,3,22,0.11,1,1,1,17,0.05,0,0,1
193,123,1,0,10,0,13,0,1,MOVING_TO_FIELD,Field_5,1,MOVING_TO_FIELD,Field_5,1,PROTECTING,Field_6,1,PROTECTING,Field_11,1,MOVING_TO_FIELD,Field_11,1,PROTECTING,Field_4,1,MOVING_TO_FIELD,Field_5,1,PROTECTING,Field_9,1,MOVING_TO_FIELD,Field_5,1,MOVING_TO_FIELD,Field_3,1,PROTECTING,Field_4,1,MOVING_TO_FIELD,Field_5,1,MOVING_TO_FIELD,Field_5,1,PROTECTING,Field_4,1,PROTECTING,Field_4,1,MOVING_TO_FIELD,Field_5,1,MOVING_TO_FIELD,Field_6,1,PROTECTING,Field_4,1,PROTECTING,Field_6,1,MOVING_TO_FIELD,Field_5,1,PROTECTING,Field_4,1,IDLE,,1,MOVING_TO_FIELD,Field_9,1,MOVING_TO_FIELD,Field_5,13,0.06,0,0,2,17,0.04,0,0,6,18,0.09,0,1,1,0,0.12,6,0,0,0,0.12,0,9,9,1,0.13,2,1,1,21,0.06,0,0,2,6,0.02,0,0,1,5,0.08,1,1,1,3,0.02,0,0,3,22,0.09,1,1,1,17,0.05,0,0,1
194,123,1,0,10,0,13,0,1,MOVING_TO_FIELD,Field_5,1,MOVING_TO_FIELD,Field_5,1,PROTECTING,Field_6,1,PROTECTING,Field_11,1,MOVING_TO_FIELD,Field_11,1,PROTECTING,Field_4,1,MOVING_TO_FIELD,Field_5,1,PROTECTING,Field_9,1,MOVING_TO_FIELD,Field_5,1,MOVING_TO_FIELD,Field_3,1,PROTECTING,Field_4,1,MOVING_TO_FIELD,Field_5,1,MOVING_TO_FIELD,Field_5,1,PROTECTING,Field_4,1,PROTECTING,Field_4,1,MOVING_TO_FIELD,Field_5,1,MOVING_TO_FIELD,Field_6,1,PROTECTING,Field_4,1,PROTECTING,Field_6,1,MOVING_TO_FIELD,Field_5,1,PROTECTING,Field_4,1,IDLE,,1,MOVING_TO_FIELD,Field_9,1,MOVING_TO_FIELD,Field_5,13,0.06,0,0,2,17,0.03,0,0,6,18,0.08,0,1,1,0,0.12,6,0,0,0,0.12,0,9,9,1,0.14,2,1,1,21,0.06,0,0,2,6,0.02,0,0,1,5,0.09,1,1,1,3,0.02,0,0,3,22,0.09,1,1,1,17,0.05,0,0,1
195,124,1,0,11,0,12,0,1,MOVING_TO_FIELD,Field_5,1,MOVING_TO_FIELD,Field_5,1,PROTECTING,Field_6,1,PROTECTING,Field_11,1,MOVING_TO_FIELD,Field_11,1,PROTECTING,Field_4,1,MOVING_TO_FIELD,Field_5,1,PROTECTING,Field_9,1,MOVING_TO_FIELD,Field_5,1,MOVING_TO_FIELD,Field_3,1,PROTECTING,Field_4,1,MOVING_TO_FIELD,Field_5,1,MOVING_TO_FIELD,Field_5,1,PROTECTING,Field_4,1,PROTECTING,Field_4,1,MOVING_TO_FIELD,Field_5,1,MOVING_TO_FIELD,Field_6,1,PROTECTING,Field_4,1,PROTECTING,Field_6,1,MOVING_TO_FIELD,Field_5,1,PROTECTING,Field_4,1,IDLE,,1,PROTECTING,Field_9,1,MOVING_TO_FIELD,Field_5,13,0.06,0,0,2,17,0.04,0,0,6,19,0.08,0,1,1,0,0.11,6,0,0,0,0.12,0,9,9,1,0.15,2,1,1,21,0.06,0,0,2,6,0.02,0,0,1,5,0.09,2,0,0,3,0.02,0,0,3,22,0.09,1,1,1,17,0.05,0,0,1
196,124,1,0,12,0,11,0,1,PROTECTING,Field_5,1,MOVING_TO_FIELD,Field_5,1,PROTECTING,Field_6,1,PROTECTING,Field_11,1,MOVING_TO_FIELD,Field_11,1,PROTECTING,Field_4,1,MOVING_TO_FIELD,Field_5,1,PROTECTING,Field_9,1,MOVING_TO_FIELD,Field_5,1,MOVING_TO_FIELD,Field_3,1,PROTECTING,Field_4,1,MOVING_TO_FIELD,Field_5,1,MOVING_TO_FIELD,Field_5,1,PROTECTING,Field_4,1,PROTECTING,Field_4,1,MOVING_TO_FIELD,Field_5,1,MOVING_TO_FIELD,Field_6,1,PROTECTING,Field_4,1,PROTECTING,Field_6,1,MOVING_TO_FIELD,Field_5,1,PROTECTING,Field_4,1,IDLE,,1,PROTECTING,Field_9,1,MOVING_TO_FIELD,Field_5,13,0.06,0,0,2,17,0.05,0,0,6,19,0.09,0,1,1,0,0.11,6,0,0,0,0.12,1,8,8,1,0.15,2,1,1,21,0.06,0,0,2,6,0.02,0,0,1,5,0.08,2,0,0,3,0.02,0,0,3,22,0.11,1,1,1,17,0.05,0,0,1
197,125,1,0,12,0,11,0,1,PROTECTING,Field_5,1,MOVING_TO_FIELD,Field_5,1,PROTECTING,Field_6,1,PROTECTING,Field_11,1,MOVING_TO_FIELD,Field_11,1,PROTECTING,Field_4,1,MOVING_TO_FIELD,Field_5,1,PROTECTING,Field_9,1,MOVING_TO_FIELD,Field_5,1,MOVING_TO_FIELD,Field_3,1,PROTECTING,Field_4,1,MOVING_TO_FIELD,Field_5,1,MOVING_TO_FIELD,Field_5,1,PROTECTING,Field_4,1,PROTECTING,Field_4,1,MOVING_TO_FIELD,Field_5,1,MOVING_TO_FIELD,Field_6,1,PROTECTING,Field_4,1,PROTECTING,Field_6,1,MOVING_TO_FIELD,Field_5,1,PROTECTING,Field_4,1,IDLE,,1,PROTECTING,Field_9,1,MOVING_TO_FIELD,Field_5,13,0.06,0,0,2,17,0.05,0,0,6,20,0.08,0,1,1,0,0.09,6,0,0,0,0.12,1,8,8,1,0.15,2,1,1,21,0.06,0,0,2,6,0.02,0,0,1,5,0.09,2,0,0,3,0.02,0,0,3,22,0.11,1,1,1,17,0.05,0,0,1
198,125,1,0,13,0,10,0,1,PROTECTING,Field_5,1,MOVING_TO_FIELD,Field_5,1,PROTECTING,Field_6,1,PROTECTING,Field_11,1,PROTECTING,Field_11,1,PROTECTING,Field_4,1,MOVING_TO_FIELD,Field_5,1,PROTECTING,Field_9,1,MOVING_TO_FIELD,Field_5,1,MOVING_TO_FIELD,Field_3,1,PROTECTING,Field_4,1,MOVING_TO_FIELD,Field_5,1,MOVING_TO_FIELD,Field_5,1,PROTECTING,Field_4,1,PROTECTING,Field_4,1,MOVING_TO_FIELD,Field_5,1,MOVING_TO_FIELD,Field_6,1,PROTECTING,Field_4,1,PROTECTING,Field_6,1,MOVING_TO_FIELD,Field_5,1,PROTECTING,Field_4,1,IDLE,,1,PROTECTING,Field_9,1,MOVING_TO_FIELD,Field_5,13,0.06,0,0,2,17,0.06,0,0,6,20,0.08,0,1,1,0,0.08,6,0,0,0,0.12,1,8,8,1,0.15,2,1,1,21,0.06,0,0,2,6,0.02,0,0,1,5,0.10,2,0,0,3,0.03,0,0,3,22,0.11,2,0,0,17,0.08,0,0,1
199,125,1,0,13,0,10,0,1,PROTECTING,Field_5,1,MOVING_TO_FIELD,Field_5,1,PROTECTING,Field_6,1,PROTECTING,Field_11,1,PROTECTING,Field_11,1,PROTECTING,Field_4,1,MOVING_TO_FIELD,Field_5,1,PROTECTING,Field_9,1,MOVING_TO_FIELD,Field_5,1,MOVING_TO_FIELD,Field_3,1,PROTECTING,Field_4,1,MOVING_TO_FIELD,Field_5,1,MOVING_TO_FIELD,Field_5,1,PROTECTING,Field_4,1,PROTECTING,Field_4,1,MOVING_TO_FIELD,Field_5,1,MOVING_TO_FIELD,Field_6,1,PROTECTING,Field_4,1,PROTECTING,Field_6,1,MOVING_TO_FIELD,Field_5,1,PROTECTING,Field_4,1,IDLE,,1,PROTECTING,Field_9,1,MOVING_TO_FIELD,Field_5,13,0.06,0,0,2,17,0.05,0,0,6,20,0.08,0,1,1,0,0.09,6,0,0,0,0.15,1,8,8,1,0.15,2,1,1,21,0.06,0,0,2,6,0.02,0,0,1,5,0.10,2,0,0,3,0.03,0,0,3,22,0.11,2,0,0,17,0.08,0,0,1
200,125,1,0,14,0,9,0,1,PROTECTING,Field_5,1,MOVING_TO_FIELD,Field_5,1,PROTECTING,Field_6,1,PROTECTING,Field_11,1,PROTECTING,Field_11,1,PROTECTING,Field_4,1,MOVING_TO_FIELD,Field_5,1,PROTECTING,Field_9,1,MOVING_TO_FIELD,Field_5,1,MOVING_TO_FIELD,Field_3,1,PROTECTING,Field_4,1,PROTECTING,Field_5,1,MOVING_TO_FIELD,Field_5,1,PROTECTING,Field_4,1,PROTECTING,Field_4,1,MOVING_TO_FIELD,Field_5,1,MOVING_TO_FIELD,Field_6,1,PROTECTING,Field_4,1,PROTECTING,Field_6,1,MOVING_TO_FIELD,Field_5,1,PROTECTING,Field_4,1,IDLE,,1,PROTECTING,Field_9,1,MOVING_TO_FIELD,Field_5,13,0.06,0,0,2,17,0.06,0,0,6,20,0.08,0,1,1,0,0.08,6,0,0,0,0.14,2,7,7,1,0.14,2,1,1,21,0.06,0,0,2,6,0.05,0,0,1,5,0.09,2,0,0,3,0.03,0,0,3,22,0.09,2,0,0,17,0.05,0,0,1
201,125,1,0,14,0,9,0,1,PROTECTING,Field_5,1,MOVING_TO_FIELD,Field_5,1,PROTECTING,Field_6,1,PROTECTING,Field_11,1,PROTECTING,Field_11,1,PROTECTING,Field_4,1,MOVING_TO_FIELD,Field_5,1,PROTECTING,Field_9,1,MOVING_TO_FIELD,Field_5,1,MOVING_TO_FIELD,Field_3,1,PROTECTING,Field_4,1,PROTECTING,Field_5,1,MOVING_TO_FIELD,Field_5,1,PROTECTING,Field_4,1,PROTECTING,Field_4,1,MOVING_TO_FIELD,Field_5,1,MOVING_TO_FIELD,Field_6,1,PROTECTING,Field_4,1,PROTECTING,Field_6,1,MOVING_TO_FIELD,Field_5,1,PROTECTING,Field_4,1,IDLE,,1,PROTECTING,Field_9,1,MOVING_TO_FIELD,Field_5,13,0.08,0,0,2,17,0.07,0,0,6,20,0.08,0,1,1,0,0.07,6,0,0,0,0.14,2,7,7,1,0.14,2,1,1,21,0.06,0,0,2,6,0.05,0,0,1,5,0.09,2,0,0,3,0.05,0,0,3,22,0.09,2,0,0,17,0.05,0,0,1
202,125,1,0,15,0,8,0,1,PROTECTING,Field_5,1,MOVING_TO_FIELD,Field_5,1,PROTECTING,Field_6,1,PROTECTING,Field_11,1,PROTECTING,Field_11,1,PROTECTING,Field_4,1,PROTECTING,Field_5,1,PROTECTING,Field_9,1,MOVING_TO_FIELD,Field_5,1,MOVING_TO_FIELD,Field_3,1,PROTECTING,Field_4,1,PROTECTING,Field_5,1,MOVING_TO_FIELD,Field_5,1,PROTECTING,Field_4,1,PROTECTING,Field_4,1,MOVING_TO_FIELD,Field_5,1,MOVING_TO_FIELD,Field_6,1,PROTECTING,Field_4,1,PROTECTING,Field_6,1,MOVING_TO_FIELD,Field_5,1,PROTECTING,Field_4,1,IDLE,,1,PROTECTING,Field_9,1,MOVING_TO_FIELD,Field_5,13,0.08,0,0,2,17,0.07,0,0,6,20,0.09,0,1,1,0,0.07,6,0,0,0,0.14,3,6,6,1,0.14,2,1,1,21,0.06,0,0,2,6,0.05,0,0,1,5,0.10,2,0,0,3,0.08,0,0,3,22,0.09,2,0,0,17,0.05,0,0,1
203,125,1,0,15,0,8,0,1,PROTECTING,Field_5,1,MOVING_TO_FIELD,Field_5,1,PROTECTING,Field_6,1,PROTECTING,Field_11,1,PROTECTING,Field_11,1,PROTECTING,Field_4,1,PROTECTING,Field_5,1,PROTECTING,Field_9,1,MOVING_TO_FIELD,Field_5,1,MOVING_TO_FIELD,Field_3,1,PROTECTING,Field_4,1,PROTECTING,Field_5,1,MOVING_TO_FIELD,Field_5,1,PROTECTING,Field_4,1,PROTECTING,Field_4,1,MOVING_TO_FIELD,Field_5,1,MOVING_TO_FIELD,Field_6,1,PROTECTING,Field_4,1,PROTECTING,Field_6,1,MOVING_TO_FIELD,Field_5,1,PROTECTING,Field_4,1,IDLE,,1,PROTECTING,Field_9,1,MOVING_TO_FIELD,Field_5,13,0.08,0,0,2,17,0.08,0,0,6,20,0.11,0,1,1,0,0.05,6,0,0,0,0.15,3,6,6,1,0.13,2,1,1,21,0.06,0,0,2,6,0.02,0,0,1,5,0.10,2,0,0,3,0.08,0,0,3,22,0.09,2,0,0,17,0.05,0,0,1
204,125,1,0,15,0,8,0,1,PROTECTING,Field_5,1,MOVING_TO_FIELD,Field_5,1,PROTECTING,Field_6,1,PROTECTING,Field_11,1,PROTECTING,Field_11,1,PROTECTING,Field_4,1,PROTECTING,Field_5,1,PROTECTING,Field_9,1,MOVING_TO_FIELD,Field_5,1,MOVING_TO_FIELD,Field_3,1,PROTECTING,Field_4,1,PROTECTING,Field_5,1,MOVING_TO_FIELD,Field_5,1,PROTECTING,Field_4,1,PROTECTING,Field_4,1,MOVING_TO_FIELD,Field_5,1,MOVING_TO_FIELD,Field_6,1,PROTECTING,Field_4,1,PROTECTING,Field_6,1,MOVING_TO_FIELD,Field_5,1,PROTECTING,Field_4,1,IDLE,,1,PROTECTING,Field_9,1,MOVING_TO_FIELD,Field_5,13,0.10,0,0,2,17,0.09,0,0,6,20,0.09,0,1,1,0,0.05,6,0,0,0,0.15,3,6,6,1,0.14,2,1,1,21,0.07,0,0,2,6,0.02,0,0,1,5,0.10,2,0,0,3,0.08,0,0,3,22,0.07,2,0,0,17,0.05,0,0,1
205,126,1,0,17,0,6,0,1,PROTECTING,Field_5,1,PROTECTING,Field_5,1,PROTECTING,Field_6,1,PROTECTING,Field_11,1,PROTECTING,Field_11,1,PROTECTING,Field_4,1,PROTECTING,Field_5,1,PROTECTING,Field_9,1,PROTECTING,Field_5,1,MOVING_TO_FIELD,Field_3,1,PROTECTING,Field_4,1,PROTECTING,Field_5,1,MOVING_TO_FIELD,Field_5,1,PROTECTING,Field_4,1,PROTECTING,Field_4,1,MOVING_TO_FIELD,Field_5,1,MOVING_TO_FIELD,Field_6,1,PROTECTING,Field_4,1,PROTECTING,Field_6,1,MOVING_TO_FIELD,Field_5,1,PROTECTING,Field_4,1,IDLE,,1,PROTECTING,Field_9,1,MOVING_TO_FIELD,Field_5,13,0.10,0,0,2,17,0.10,0,0,6,21,0.09,0,1,1,0,0.07,6,0,0,0,0.16,5,4,4,1,0.15,2,1,1,21,0.07,0,0,2,6,0.07,0,0,1,5,0.09,2,0,0,3,0.10,0,0,3,22,0.05,2,0,0,17,0.05,0,0,1
206,126,1,0,18,0,5,0,1,PROTECTING,Field_5,1,PROTECTING,Field_5,1,PROTECTING,Field_6,1,PROTECTING,Field_11,1,PROTECTING,Field_11,1,PROTECTING,Field_4,1,PROTECTING,Field_5,1,PROTECTING,Field_9,1,PROTECTING,Field_5,1,MOVING_TO_FIELD,Field_3,1,PROTECTING,Field_4,1,PROTECTING,Field_5,1,MOVING_TO_FIELD,Field_5,1,PROTECTING,Field_4,1,PROTECTING,Field_4,1,MOVING_TO_FIELD,Field_5,1,MOVING_TO_FIELD,Field_6,1,PROTECTING,Field_4,1,PROTECTING,Field_6,1,PROTECTING,Field_5,1,PROTECTING,Field_4,1,IDLE,,1,PROTECTING,Field_9,1,MOVING_TO_FIELD,Field_5,13,0.13,0,0,2,17,0.10,0,0,6,21,0.11,0,1,1,0,0.07,6,0,0,0,0.15,6,3,3,1,0.15,2,1,1,21,0.08,0,0,2,6,0.07,0,0,1,5,0.08,2,0,0,3,0.11,0,0,3,22,0.05,2,0,0,17,0.05,0,0,1
207,126,1,0,19,0,4,0,1,PROTECTING,Field_5,1,PROTECTING,Field_5,1,PROTECTING,Field_6,1,PROTECTING,Field_11,1,PROTECTING,Field_11,1,PROTECTING,Field_4,1,PROTECTING,Field_5,1,PROTECTING,Field_9,1,PROTECTING,Field_5,1,MOVING_TO_FIELD,Field_3,1,PROTECTING,Field_4,1,PROTECTING,Field_5,1,MOVING_TO_FIELD,Field_5,1,PROTECTING,Field_4,1,PROTECTING,Field_4,1,MOVING_TO_FIELD,Field_5,1,PROTECTING,Field_6,1,PROTECTING,Field_4,1,PROTECTING,Field_6,1,PROTECTING,Field_5,1,PROTECTING,Field_4,1,IDLE,,1,PROTECTING,Field_9,1,MOVING_TO_FIELD,Field_5,13,0.13,0,0,2,17,0.08,0,0,6,21,0.11,0,1,1,0,0.07,6,0,0,0,0.17,6,3,3,1,0.15,3,0,0,21,0.08,0,0,2,6,0.07,0,0,1,5,0.05,2,0,0,3,0.11,0,0,3,22,0.05,2,0,0,17,0.05,0,0,1
208,127,1,0,21,0,2,0,1,PROTECTING,Field_5,1,PROTECTING,Field_5,1,PROTECTING,Field_6,1,PROTECTING,Field_11,1,PROTECTING,Field_11,1,PROTECTING,Field_4,1,PROTECTING,Field_5,1,PROTECTING,Field_9,1,PROTECTING,Field_5,1,PROTECTING,Field_3,1,PROTECTING,Field_4,1,PROTECTING,Field_5,1,PROTECTING,Field_5,1,PROTECTING,Field_4,1,PROTECTING,Field_4,1,MOVING_TO_FIELD,Field_5,1,PROTECTING,Field_6,1,PROTECTING,Field_4,1,PROTECTING,Field_6,1,PROTECTING,Field_5,1,PROTECTING,Field_4,1,IDLE,,1,PROTECTING,Field_9,1,MOVING_TO_FIELD,Field_5,13,0.13,0,0,2,17,0.08,0,0,6,21,0.13,1,0,0,0,0.05,6,0,0,0,0.17,7,2,2,1,0.15,3,0,0,21,0.08,0,0,2,6,0.07,0,0,1,5,0.05,2,0,0,4,0.11,0,0,3,22,0.05,2,0,0,17,0.05,0,0,1
209,128,1,0,21,0,2,0,1,PROTECTING,Field_5,1,PROTECTING,Field_5,1,PROTECTING,Field_6,1,PROTECTING,Field_11,1,PROTECTING,Field_11,1,PROTECTING,Field_4,1,PROTECTING,Field_5,1,PROTECTING,Field_9,1,PROTECTING,Field_5,1,PROTECTING,Field_3,1,PROTECTING,Field_4,1,PROTECTING,Field_5,1,PROTECTING,Field_5,1,PROTECTING,Field_4,1,PROTECTING,Field_4,1,MOVING_TO_FIELD,Field_5,1,PROTECTING,Field_6,1,PROTECTING,Field_4,1,PROTECTING,Field_6,1,PROTECTING,Field_5,1,PROTECTING,Field_4,1,IDLE,,1,PROTECTING,Field_9,1,MOVING_TO_FIELD,Field_5,13,0.13,0,0,2,17,0.08,0,0,6,21,0.14,1,0,0,0,0.05,6,0,0,0,0.18,7,2,2,1,0.12,3,0,0,21,0.10,0,0,2,6,0.07,0,0,1,5,0.05,2,0,0,5,0.11,0,0,3,22,0.07,2,0,0,17,0.05,0,0,1
210,128,1,0,22,0,1,0,1,PROTECTING,Field_5,1,PROTECTING,Field_5,1,PROTECTING,Field_6,1,PROTECTING,Field_11,1,PROTECTING,Field_11,1,PROTECTING,Field_4,1,PROTECTING,Field_5,1,PROTECTING,Field_9,1,PROTECTING,Field_5,1,PROTECTING,Field_3,1,PROTECTING,Field_4,1,PROTECTING,Field_5,1,PROTECTING,Field_5,1,PROTECTING,Field_4,1,PROTECTING,Field_4,1,PROTECTING,Field_5,1,PROTECTING,Field_6,1,PROTECTING,Field_4,1,PROTECTING,Field_6,1,PROTECTING,Field_5,1,PROTECTING,Field_4,1,IDLE,,1,PROTECTING,Field_9,1,MOVING_TO_FIELD,Field_5,13,0.11,0,0,2,17,0.08,0,0,6,21,0.16,1,0,0,0,0.05,6,0,0,0,0.18,8,1,1,1,0.12,3,0,0,21,0.10,0,0,2,6,0.07,0,0,1,5,0.06,2,0,0,5,0.13,0,0,3,22,0.07,2,0,0,17,0.03,0,0,1
211,128,0,0,23,0,1,0,1,PROTECTING,Field_5,1,PROTECTING,Field_5,1,PROTECTING,Field_6,1,PROTECTING,Field_11,1,PROTECTING,Field_11,1,PROTECTING,Field_4,1,PROTECTING,Field_5,1,PROTECTING,Field_9,1,PROTECTING,Field_5,1,PROTECTING,Field_3,1,PROTECTING,Field_4,1,PROTECTING,Field_5,1,PROTECTING,Field_5,1,PROTECTING,Field_4,1,PROTECTING,Field_4,1,PROTECTING,Field_5,1,PROTECTING,Field_6,1,PROTECTING,Field_4,1,PROTECTING,Field_6,1,PROTECTING,Field_5,1,PROTECTING,Field_4,1,PROTECTING,Field_10,1,PROTECTING,Field_9,1,MOVING_TO_FIELD,Field_5,13,0.11,0,0,2,17,0.08,0,0,6,21,0.16,1,0,0,0,0.04,6,0,0,0,0.18,8,1,1,1,0.12,3,0,0,21,0.10,0,0,2,6,0.07,0,0,1,5,0.05,2,0,0,5,0.13,1,0,2,22,0.05,2,0,0,17,0.00,0,0,1
212,128,0,0,23,0,1,0,1,PROTECTING,Field_5,1,PROTECTING,Field_5,1,PROTECTING,Field_6,1,PROTECTING,Field_11,1,PROTECTING,Field_11,1,PROTECTING,Field_4,1,PROTECTING,Field_5,1,PROTECTING,Field_9,1,PROTECTING,Field_5,1,PROTECTING,Field_3,1,PROTECTING,Field_4,1,PROTECTING,Field_5,1,PROTECTING,Field_5,1,PROTECTING,Field_4,1,PROTECTING,Field_4,1,PROTECTING,Field_5,1,PROTECTING,Field_6,1,PROTECTING,Field_4,1,PROTECTING,Field_6,1,PROTECTING,Field_5,1,PROTECTING,Field_4,1,PROTECTING,Field_10,1,PROTECTING,Field_9,1,MOVING_TO_FIELD,Field_5,13,0.11,0,0,2,17,0.07,0,0,6,21,0.14,1,0,0,0,0.04,6,0,0,0,0.18,8,1,1,1,0.12,3,0,0,21,0.14,0,0,2,6,0.07,0,0,1,5,0.05,2,0,0,5,0.13,1,0,2,22,0.04,2,0,0,17,0.00,0,0,1
213,129,0,0,23,0,1,0,1,PROTECTING,Field_5,1,PROTECTING,Field_5,1,PROTECTING,Field_6,1,PROTECTING,Field_11,1,PROTECTING,Field_11,1,PROTECTING,Field_4,1,PROTECTING,Field_5,1,PROTECTING,Field_9,1,PROTECTING,Field_5,1,PROTECTING,Field_3,1,PROTECTING,Field_4,1,PROTECTING,Field_5,1,PROTECTING,Field_5,1,PROTECTING,Field_4,1,PROTECTING,Field_4,1,PROTECTING,Field_5,1,PROTECTING,Field_6,1,PROTECTING,Field_4,1,PROTECTING,Field_6,1,PROTECTING,Field_5,1,PROTECTING,Field_4,1,PROTECTING,Field_10,1,PROTECTING,Field_9,1,MOVING_TO_FIELD,Field_5,14,0.13,0,0,2,17,0.07,0,0,6,21,0.13,1,0,0,0,0.03,6,0,0,0,0.18,8,1,1,1,0.12,3,0,0,21,0.14,0,0,2,6,0.07,0,0,1,5,0.04,2,0,0,5,0.15,1,0,2,22,0.04,2,0,0,17,0.00,0,0,1
214,129,0,0,23,0,1,0,1,PROTECTING,Field_5,1,PROTECTING,Field_5,1,PROTECTING,Field_6,1,PROTECTING,Field_11,1,PROTECTING,Field_11,1,PROTECTING,Field_4,1,PROTECTING,Field_5,1,PROTECTING,Field_9,1,PROTECTING,Field_5,1,PROTECTING,Field_3,1,PROTECTING,Field_4,1,PROTECTING,Field_5,1,PROTECTING,Field_5,1,PROTECTING,Field_4,1,PROTECTING,Field_4,1,PROTECTING,Field_5,1,PROTECTING,Field_6,1,PROTECTING,Field_4,1,PROTECTING,Field_6,1,PROTECTING,Field_5,1,PROTECTING,Field_4,1,PROTECTING,Field_10,1,PROTECTING,Field_9,1,MOVING_TO_FIELD,Field_5,14,0.13,0,0,2,17,0.08,0,0,6,21,0.14,1,0,0,0,0.03,6,0,0,0,0.18,8,1,1,1,0.12,3,0,0,21,0.13,0,0,2,6,0.07,0,0,1,5,0.03,2,0,0,5,0.16,1,0,2,22,0.02,2,0,0,17,0.00,0,0,1
215,131,0,0,23,0,1,0,1,PROTECTING,Field_5,1,PROTECTING,Field_5,1,PROTECTING,Field_6,1,PROTECTING,Field_11,1,PROTECTING,Field_11,1,PROTECTING,Field_4,1,PROTECTING,Field_5,1,PROTECTING,Field_9,1,PROTECTING,Field_5,1,PROTECTING,Field_3,1,PROTECTING,Field_4,1,PROTECTING,Field_5,1,PROTECTING,Field_5,1,PROTECTING,Field_4,1,PROTECTING,Field_4,1,PROTECTING,Field_5,1,PROTECTING,Field_6,1,PROTECTING,Field_4,1,PROTECTING,Field_6,1,PROTECTING,Field_5,1,PROTECTING,Field_4,1,PROTECTING,Field_10,1,PROTECTING,Field_9,1,MOVING_TO_FIELD,Field_5,15,0.15,0,0,2,17,0.09,0,0,6,21,0.12,1,0,0,0,0.03,6,0,0,0,0.18,8,1,1,1,0.11,3,0,0,22,0.11,0,0,2,6,0.07,0,0,1,5,0.04,2,0,0,5,0.16,1,0,2,22,0.02,2,0,0,17,0.00,0,0,1
216,131,0,0,23,0,1,0,1,PROTECTING,Field_5,1,PROTECTING,Field_5,1,PROTECTING,Field_6,1,PROTECTING,Field_11,1,PROTECTING,Field_11,1,PROTECTING,Field_4,1,PROTECTING,Field_5,1,PROTECTING,Field_9,1,PROTECTING,Field_5,1,PROTECTING,Field_3,1,PROTECTING,Field_4,1,PROTECTING,Field_5,1,PROTECTING,Field_5,1,PROTECTING,Field_4,1,PROTECTING,Field_4,1,PROTECTING,Field_5,1,PROTECTING,Field_6,1,PROTECTING,Field_4,1,PROTECTING,Field_6,1,PROTECTING,Field_5,1,PROTECTING,Field_4,1,PROTECTING,Field_10,1,PROTECTING,Field_9,1,MOVING_TO_FIELD,Field_5,15,0.15,0,0,2,17,0.09,0,0,6,21,0.12,1,0,0,0,0.03,6,0,0,0,0.18,8,1,1,1,0.11,3,0,0,22,0.11,0,0,2,6,0.07,0,0,1,5,0.05,2,0,0,5,0.16,1,0,2,22,0.02,2,0,0,17,0.00,0,0,1
217,131,0,0,23,0,1,0,1,PROTECTING,Field_5,1,PROTECTING,Field_5,1,PROTECTING,Field_6,1,PROTECTING,Field_11,1,PROTECTING,Field_11,1,PROTECTING,Field_4,1,PROTECTING,Field_5,1,PROTECTING,Field_9,1,PROTECTING,Field_5,1,PROTECTING,Field_3,1,PROTECTING,Field_4,1,PROTECTING,Field_5,1,PROTECTING,Field_5,1,PROTECTING,Field_4,1,PROTECTING,Field_4,1,PROTECTING,Field_5,1,PROTECTING,Field_6,1,PROTECTING,Field_4,1,PROTECTING,Field_6,1,PROTECTING,Field_5,1,PROTECTING,Field_4,1,PROTECTING,Field_10,1,PROTECTING,Field_9,1,MOVING_TO_FIELD,Field_5,15,0.15,0,0,2,17,0.08,0,0,6,21,0.11,1,0,0,0,0.04,6,0,0,0,0.18,8,1,1,1,0.11,3,0,0,22,0.12,0,0,2,6,0.07,0,0,1,5,0.05,2,0,0,5,0.16,1,0,2,22,0.02,2,0,0,17,0.00,0,0,1
218,132,0,0,23,0,1,0,1,PROTECTING,Field_5,1,PROTECTING,Field_5,1,PROTECTING,Field_6,1,PROTECTING,Field_11,1,PROTECTING,Field_11,1,PROTECTING,Field_4,1,PROTECTING,Field_5,1,PROTECTING,Field_9,1,PROTECTING,Field_5,1,PROTECTING,Field_3,1,PROTECTING,Field_4,1,PROTECTING,Field_5,1,PROTECTING,Field_5,1,PROTECTING,Field_4,1,PROTECTING,Field_4,1,PROTECTING,Field_5,1,PROTECTING,Field_6,1,PROTECTING,Field_4,1,PROTECTING,Field_6,1,PROTECTING,Field_5,1,PROTECTING,Field_4,1,PROTECTING,Field_10,1,PROTECTING,Field_9,1,MOVING_TO_FIELD,Field_5,16,0.16,0,0,2,17,0.07,0,0,6,21,0.08,1,0,0,0,0.04,6,0,0,0,0.18,8,1,1,1,0.09,3,0,0,22,0.12,0,0,2,6,0.07,0,0,1,5,0.06,2,0,0,5,0.16,1,0,2,22,0.04,2,0,0,17,0.00,0,0,1
219,134,0,0,23,0,1,0,1,PROTECTING,Field_5,1,PROTECTING,Field_5,1,PROTECTING,Field_6,1,PROTECTING,Field_11,1,PROTECTING,Field_11,1,PROTECTING,Field_4,1,PROTECTING,Field_5,1,PROTECTING,Field_9,1,PROTECTING,Field_5,1,PROTECTING,Field_3,1,PROTECTING,Field_4,1,PROTECTING,Field_5,1,PROTECTING,Field_5,1,PROTECTING,Field_4,1,PROTECTING,Field_4,1,PROTECTING,Field_5,1,PROTECTING,Field_6,1,PROTECTING,Field_4,1,PROTECTING,Field_6,1,PROTECTING,Field_5,1,PROTECTING,Field_4,1,PROTECTING,Field_10,1,PROTECTING,Field_9,1,MOVING_TO_FIELD,Field_5,17,0.16,0,0,2,17,0.07,0,0,6,21,0.05,1,0,0,0,0.05,6,0,0,0,0.18,8,1,1,1,0.07,3,0,0,23,0.12,0,0,2,6,0.05,0,0,1,5,0.06,2,0,0,5,0.16,1,0,2,22,0.04,2,0,0,17,0.00,0,0,1
220,135,0,0,23,0,1,0,1,PROTECTING,Field_5,1,PROTECTING,Field_5,1,PROTECTING,Field_6,1,PROTECTING,Field_11,1,PROTECTING,Field_11,1,PROTECTING,Field_4,1,PROTECTING,Field_5,1,PROTECTING,Field_9,1,PROTECTING,Field_5,1,PROTECTING,Field_3,1,PROTECTING,Field_4,1,PROTECTING,Field_5,1,PROTECTING,Field_5,1,PROTECTING,Field_4,1,PROTECTING,Field_4,1,PROTECTING,Field_5,1,PROTECTING,Field_6,1,PROTECTING,Field_4,1,PROTECTING,Field_6,1,PROTECTING,Field_5,1,PROTECTING,Field_4,1,PROTECTING,Field_10,1,PROTECTING,Field_9,1,MOVING_TO_FIELD,Field_5,18,0.15,0,0,2,17,0.08,0,0,6,21,0.04,1,0,0,0,0.05,6,0,0,0,0.18,8,1,1,1,0.06,3,0,0,23,0.13,0,0,2,6,0.05,0,0,1,5,0.05,2,0,0,5,0.16,1,0,2,22,0.02,2,0,0,17,0.00,0,0,1
221,135,0,0,11,0,13,0,1,PROTECTING,Field_5,1,PROTECTING,Field_5,1,MOVING_TO_FIELD,Field_1,1,MOVING_TO_FIELD,Field_10,1,MOVING_TO_FIELD,Field_10,1,MOVING_TO_FIELD,Field_2,1,PROTECTING,Field_5,1,MOVING_TO_FIELD,Field_7,1,PROTECTING,Field_5,1,PROTECTING,Field_3,1,MOVING_TO_FIELD,Field_2,1,PROTECTING,Field_5,1,PROTECTING,Field_5,1,MOVING_TO_FIELD,Field_2,1,MOVING_TO_FIELD,Field_2,1,PROTECTING,Field_5,1,MOVING_TO_FIELD,Field_1,1,MOVING_TO_FIELD,Field_2,1,MOVING_TO_FIELD,Field_8,1,PROTECTING,Field_5,1,MOVING_TO_FIELD,Field_2,1,PROTECTING,Field_10,1,MOVING_TO_FIELD,Field_7,1,PROTECTING,Field_5,18,0.15,0,2,2,17,0.08,0,6,6,21,0.05,1,0,0,0,0.04,0,0,6,0,0.18,9,0,0,1,0.08,0,0,3,23,0.12,0,2,2,6,0.05,0,1,1,5,0.05,0,0,2,5,0.16,1,2,2,22,0.02,0,0,2,17,0.00,0,0,1
222,135,0,0,11,0,13,0,1,PROTECTING,Field_5,1,PROTECTING,Field_5,1,MOVING_TO_FIELD,Field_1,1,MOVING_TO_FIELD,Field_10,1,MOVING_TO_FIELD,Field_10,1,MOVING_TO_FIELD,Field_2,1,PROTECTING,Field_5,1,MOVING_TO_FIELD,Field_7,1,PROTECTING,Field_5,1,PROTECTING,Field_3,1,MOVING_TO_FIELD,Field_2,1,PROTECTING,Field_5,1,PROTECTING,Field_5,1,MOVING_TO_FIELD,Field_2,1,MOVING_TO_FIELD,Field_2,1,PROTECTING,Field_5,1,MOVING_TO_FIELD,Field_1,1,MOVING_TO_FIELD,Field_2,1,MOVING_TO_FIELD,Field_8,1,PROTECTING,Field_5,1,MOVING_TO_FIELD,Field_2,1,PROTECTING,Field_10,1,MOVING_TO_FIELD,Field_7,1,PROTECTING,Field_5,18,0.15,0,2,2,17,0.09,0,6,6,21,0.07,1,0,0,0,0.04,0,0,6,0,0.19,9,0,0,1,0.09,0,0,3,23,0.13,0,2,2,6,0.05,0,1,1,5,0.05,0,0,2,5,0.16,1,2,2,22,0.02,0,0,2,17,0.03,0,0,1
223,138,0,0,11,0,13,0,1,PROTECTING,Field_5,1,PROTECTING,Field_5,1,MOVING_TO_FIELD,Field_1,1,MOVING_TO_FIELD,Field_10,1,MOVING_TO_FIELD,Field_10,1,MOVING_TO_FIELD,Field_2,1,PROTECTING,Field_5,1,MOVING_TO_FIELD,Field_7,1,PROTECTING,Field_5,1,PROTECTING,Field_3,1,MOVING_TO_FIELD,Field_2,1,PROTECTING,Field_5,1,PROTECTING,Field_5,1,MOVING_TO_FIELD,Field_2,1,MOVING_TO_FIELD,Field_2,1,PROTECTING,Field_5,1,MOVING_TO_FIELD,Field_1,1,MOVING_TO_FIELD,Field_2,1,MOVING_TO_FIELD,Field_8,1,PROTECTING,Field_5,1,MOVING_TO_FIELD,Field_2,1,PROTECTING,Field_10,1,MOVING_TO_FIELD,Field_7,1,PROTECTING,Field_5,18,0.16,0,2,2,17,0.10,0,6,6,21,0.04,1,0,0,0,0.04,0,0,6,0,0.18,9,0,0,1,0.08,0,0,3,26,0.16,0,2,2,6,0.05,0,1,1,5,0.05,0,0,2,5,0.15,1,2,2,22,0.02,0,0,2,17,0.03,0,0,1
224,140,0,0,11,0,13,0,1,PROTECTING,Field_5,1,PROTECTING,Field_5,1,MOVING_TO_FIELD,Field_1,1,MOVING_TO_FIELD,Field_10,1,MOVING_TO_FIELD,Field_10,1,MOVING_TO_FIELD,Field_2,1,PROTECTING,Field_5,1,MOVING_TO_FIELD,Field_7,1,PROTECTING,Field_5,1,PROTECTING,Field_3,1,MOVING_TO_FIELD,Field_2,1,PROTECTING,Field_5,1,PROTECTING,Field_5,1,MOVING_TO_FIELD,Field_2,1,MOVING_TO_FIELD,Field_2,1,PROTECTING,Field_5,1,MOVING_TO_FIELD,Field_1,1,MOVING_TO_FIELD,Field_2,1,MOVING_TO_FIELD,Field_8,1,PROTECTING,Field_5,1,MOVING_TO_FIELD,Field_2,1,PROTECTING,Field_10,1,MOVING_TO_FIELD,Field_7,1,PROTECTING,Field_5,18,0.18,0,2,2,17,0.11,0,6,6,21,0.05,1,0,0,0,0.04,0,0,6,0,0.18,9,0,0,1,0.06,0,0,3,26,0.17,0,2,2,6,0.02,0,1,1,5,0.04,0,0,2,7,0.15,1,2,2,22,0.02,0,0,2,17,0.03,0,0,1
225,141,0,0,11,0,13,0,1,PROTECTING,Field_5,1,PROTECTING,Field_5,1,MOVING_TO_FIELD,Field_1,1,MOVING_TO_FIELD,Field_10,1,MOVING_TO_FIELD,Field_10,1,MOVING_TO_FIELD,Field_2,1,PROTECTING,Field_5,1,MOVING_TO_FIELD,Field_7,1,PROTECTING,Field_5,1,PROTECTING,Field_3,1,MOVING_TO_FIELD,Field_2,1,PROTECTING,Field_5,1,PROTECTING,Field_5,1,MOVING_TO_FIELD,Field_2,1,MOVING_TO_FIELD,Field_2,1,PROTECTING,Field_5,1,MOVING_TO_FIELD,Field_1,1,MOVING_TO_FIELD,Field_2,1,MOVING_TO_FIELD,Field_8,1,PROTECTING,Field_5,1,MOVING_TO_FIELD,Field_2,1,PROTECTING,Field_10,1,MOVING_TO_FIELD,Field_7,1,PROTECTING,Field_5,18,0.19,0,2,2,17,0.13,0,6,6,21,0.04,1,0,0,0,0.04,0,0,6,0,0.18,9,0,0,1,0.06,0,0,3,26,0.17,0,2,2,6,0.02,0,1,1,5,0.03,0,0,2,8,0.15,1,2,2,22,0.02,0,0,2,17,0.03,0,0,1
226,142,0,0,11,0,13,0,1,PROTECTING,Field_5,1,PROTECTING,Field_5,1,MOVING_TO_FIELD,Field_1,1,MOVING_TO_FIELD,Field_10,1,MOVING_TO_FIELD,Field_10,1,MOVING_TO_FIELD,Field_2,1,PROTECTING,Field_5,1,MOVING_TO_FIELD,Field_7,1,PROTECTING,Field_5,1,PROTECTING,Field_3,1,MOVING_TO_FIELD,Field_2,1,PROTECTING,Field_5,1,PROTECTING,Field_5,1,MOVING_TO_FIELD,Field_2,1,MOVING_TO_FIELD,Field_2,1,PROTECTING,Field_5,1,MOVING_TO_FIELD,Field_1,1,MOVING_TO_FIELD,Field_2,1,MOVING_TO_FIELD,Field_8,1,PROTECTING,Field_5,1,MOVING_TO_FIELD,Field_2,1,PROTECTING,Field_10,1,MOVING_TO_FIELD,Field_7,1,PROTECTING,Field_5,18,0.21,0,2,2,17,0.13,0,6,6,21,0.04,1,0,0,0,0.04,0,0,6,0,0.18,9,0,0,1,0.06,0,0,3,27,0.16,0,2,2,6,0.02,0,1,1,5,0.03,0,0,2,8,0.15,1,2,2,22,0.02,0,0,2,17,0.03,0,0,1
227,142,0,0,11,0,13,0,1,PROTECTING,Field_5,1,PROTECTING,Field_5,1,MOVING_TO_FIELD,Field_1,1,MOVING_TO_FIELD,Field_10,1,MOVING_TO_FIELD,Field_10,1,MOVING_TO_FIELD,Field_2,1,PROTECTING,Field_5,1,MOVING_TO_FIELD,Field_7,1,PROTECTING,Field_5,1,PROTECTING,Field_3,1,MOVING_TO_FIELD,Field_2,1,PROTECTING,Field_5,1,PROTECTING,Field_5,1,MOVING_TO_FIELD,Field_2,1,MOVING_TO_FIELD,Field_2,1,PROTECTING,Field_5,1,MOVING_TO_FIELD,Field_1,1,MOVING_TO_FIELD,Field_2,1,MOVING_TO_FIELD,Field_8,1,PROTECTING,Field_5,1,MOVING_TO_FIELD,Field_2,1,PROTECTING,Field_10,1,MOVING_TO_FIELD,Field_7,1,PROTECTING,Field_5,18,0.21,0,2,2,17,0.13,0,6,6,21,0.03,1,0,0,0,0.03,0,0,6,0,0.18,9,0,0,1,0.05,0,0,3,27,0.17,0,2,2,6,0.02,0,1,1,5,0.04,0,0,2,8,0.15,1,2,2,22,0.02,0,0,2,17,0.08,0,0,1
228,142,0,0,12,0,12,0,1,PROTECTING,Field_5,1,PROTECTING,Field_5,1,MOVING_TO_FIELD,Field_1,1,MOVING_TO_FIELD,Field_10,1,MOVING_TO_FIELD,Field_10,1,MOVING_TO_FIELD,Field_2,1,PROTECTING,Field_5,1,MOVING_TO_FIELD,Field_7,1,PROTECTING,Field_5,1,PROTECTING,Field_3,1,PROTECTING,Field_2,1,PROTECTING,Field_5,1,PROTECTING,Field_5,1,MOVING_TO_FIELD,Field_2,1,MOVING_TO_FIELD,Field_2,1,PROTECTING,Field_5,1,MOVING_TO_FIELD,Field_1,1,MOVING_TO_FIELD,Field_2,1,MOVING_TO_FIELD,Field_8,1,PROTECTING,Field_5,1,MOVING_TO_FIELD,Field_2,1,PROTECTING,Field_10,1,MOVING_TO_FIELD,Field_7,1,PROTECTING,Field_5,18,0.21,0,2,2,17,0.13,1,5,5,21,0.03,1,0,0,0,0.03,0,0,6,0,0.19,9,0,0,1,0.05,0,0,3,27,0.17,0,2,2,6,0.02,0,1,1,5,0.04,0,0,2,8,0.15,1,2,2,22,0.07,0,0,2,17,0.08,0,0,1
229,142,0,0,13,0,11,0,1,PROTECTING,Field_5,1,PROTECTING,Field_5,1,MOVING_TO_FIELD,Field_1,1,MOVING_TO_FIELD,Field_10,1,MOVING_TO_FIELD,Field_10,1,MOVING_TO_FIELD,Field_2,1,PROTECTING,Field_5,1,MOVING_TO_FIELD,Field_7,1,PROTECTING,Field_5,1,PROTECTING,Field_3,1,PROTECTING,Field_2,1,PROTECTING,Field_5,1,PROTECTING,Field_5,1,PROTECTING,Field_2,1,MOVING_TO_FIELD,Field_2,1,PROTECTING,Field_5,1,MOVING_TO_FIELD,Field_1,1,MOVING_TO_FIELD,Field_2,1,MOVING_TO_FIELD,Field_8,1,PROTECTING,Field_5,1,MOVING_TO_FIELD,Field_2,1,PROTECTING,Field_10,1,MOVING_TO_FIELD,Field_7,1,PROTECTING,Field_5,18,0.21,0,2,2,17,0.13,2,4,4,21,0.04,1,0,0,0,0.03,0,0,6,0,0.20,9,0,0,1,0.04,0,0,3,27,0.18,0,2,2,6,0.02,0,1,1,5,0.04,0,0,2,8,0.15,1,2,2,22,0.07,0,0,2,17,0.08,0,0,1
230,142,0,0,14,0,10,0,1,PROTECTING,Field_5,1,PROTECTING,Field_5,1,MOVING_TO_FIELD,Field_1,1,MOVING_TO_FIELD,Field_10,1,MOVING_TO_FIELD,Field_10,1,MOVING_TO_FIELD,Field_2,1,PROTECTING,Field_5,1,PROTECTING,Field_7,1,PROTECTING,Field_5,1,PROTECTING,Field_3,1,PROTECTING,Field_2,1,PROTECTING,Field_5,1,PROTECTING,Field_5,1,PROTECTING,Field_2,1,MOVING_TO_FIELD,Field_2,1,PROTECTING,Field_5,1,MOVING_TO_FIELD,Field_1,1,MOVING_TO_FIELD,Field_2,1,MOVING_TO_FIELD,Field_8,1,PROTECTING,Field_5,1,MOVING_TO_FIELD,Field_2,1,PROTECTING,Field_10,1,MOVING_TO_FIELD,Field_7,1,PROTECTING,Field_5,18,0.21,0,2,2,17,0.13,2,4,4,21,0.04,1,0,0,0,0.03,0,0,6,0,0.20,9,0,0,1,0.04,0,0,3,27,0.17,1,1,1,6,0.02,0,1,1,5,0.04,0,0,2,8,0.13,1,2,2,22,0.07,0,0,2,17,0.08,0,0,1
231,142,0,0,15,0,9,0,1,PROTECTING,Field_5,1,PROTECTING,Field_5,1,MOVING_TO_FIELD,Field_1,1,MOVING_TO_FIELD,Field_10,1,MOVING_TO_FIELD,Field_10,1,MOVING_TO_FIELD,Field_2,1,PROTECTING,Field_5,1,PROTECTING,Field_7,1,PROTECTING,Field_5,1,PROTECTING,Field_3,1,PROTECTING,Field_2,1,PROTECTING,Field_5,1,PROTECTING,Field_5,1,PROTECTING,Field_2,1,MOVING_TO_FIELD,Field_2,1,PROTECTING,Field_5,1,PROTECTING,Field_1,1,MOVING_TO_FIELD,Field_2,1,MOVING_TO_FIELD,Field_8,1,PROTECTING,Field_5,1,MOVING_TO_FIELD,Field_2,1,PROTECTING,Field_10,1,MOVING_TO_FIELD,Field_7,1,PROTECTING,Field_5,18,0.21,1,1,1,17,0.13,2,4,4,21,0.05,1,0,0,0,0.03,0,0,6,0,0.18,9,0,0,1,0.04,0,0,3,27,0.16,1,1,1,6,0.05,0,1,1,5,0.04,0,0,2,8,0.11,1,2,2,22,0.05,0,0,2,17,0.08,0,0,1
232,142,0,0,15,0,9,0,1,PROTECTING,Field_5,1,PROTECTING,Field_5,1,MOVING_TO_FIELD,Field_1,1,MOVING_TO_FIELD,Field_10,1,MOVING_TO_FIELD,Field_10,1,MOVING_TO_FIELD,Field_2,1,PROTECTING,Field_5,1,PROTECTING,Field_7,1,PROTECTING,Field_5,1,PROTECTING,Field_3,1,PROTECTING,Field_2,1,PROTECTING,Field_5,1,PROTECTING,Field_5,1,PROTECTING,Field_2,1,MOVING_TO_FIELD,Field_2,1,PROTECTING,Field_5,1,PROTECTING,Field_1,1,MOVING_TO_FIELD,Field_2,1,MOVING_TO_FIELD,Field_8,1,PROTECTING,Field_5,1,MOVING_TO_FIELD,Field_2,1,PROTECTING,Field_10,1,MOVING_TO_FIELD,Field_7,1,PROTECTING,Field_5,18,0.18,1,1,1,17,0.14,2,4,4,21,0.03,1,0,0,0,0.03,0,0,6,0,0.18,9,0,0,1,0.04,0,0,3,27,0.17,1,1,1,6,0.05,0,1,1,5,0.04,0,0,2,8,0.11,1,2,2,22,0.07,0,0,2,17,0.08,0,0,1
233,142,0,0,15,0,9,0,1,PROTECTING,Field_5,1,PROTECTING,Field_5,1,MOVING_TO_FIELD,Field_1,1,MOVING_TO_FIELD,Field_10,1,MOVING_TO_FIELD,Field_10,1,MOVING_TO_FIELD,Field_2,1,PROTECTING,Field_5,1,PROTECTING,Field_7,1,PROTECTING,Field_5,1,PROTECTING,Field_3,1,PROTECTING,Field_2,1,PROTECTING,Field_5,1,PROTECTING,Field_5,1,PROTECTING,Field_2,1,MOVING_TO_FIELD,Field_2,1,PROTECTING,Field_5,1,PROTECTING,Field_1,1,MOVING_TO_FIELD,Field_2,1,MOVING_TO_FIELD,Field_8,1,PROTECTING,Field_5,1,MOVING_TO_FIELD,Field_2,1,PROTECTING,Field_10,1,MOVING_TO_FIELD,Field_7,1,PROTECTING,Field_5,18,0.19,1,1,1,17,0.15,2,4,4,21,0.04,1,0,0,0,0.03,0,0,6,0,0.18,9,0,0,1,0.04,0,0,3,27,0.17,1,1,1,6,0.05,0,1,1,5,0.03,0,0,2,8,0.11,1,2,2,22,0.05,0,0,2,17,0.05,0,0,1
234,142,0,0,15,0,9,0,1,PROTECTING,Field_5,1,PROTECTING,Field_5,1,MOVING_TO_FIELD,Field_1,1,MOVING_TO_FIELD,Field_10,1,MOVING_TO_FIELD,Field_10,1,MOVING_TO_FIELD,Field_2,1,PROTECTING,Field_5,1,PROTECTING,Field_7,1,PROTECTING,Field_5,1,PROTECTING,Field_3,1,PROTECTING,Field_2,1,PROTECTING,Field_5,1,PROTECTING,Field_5,1,PROTECTING,Field_2,1,MOVING_TO_FIELD,Field_2,1,PROTECTING,Field_5,1,PROTECTING,Field_1,1,MOVING_TO_FIELD,Field_2,1,MOVING_TO_FIELD,Field_8,1,PROTECTING,Field_5,1,MOVING_TO_FIELD,Field_2,1,PROTECTING,Field_10,1,MOVING_TO_FIELD,Field_7,1,PROTECTING,Field_5,18,0.18,1,1,1,17,0.17,2,4,4,21,0.04,1,0,0,0,0.03,0,0,6,0,0.17,9,0,0,1,0.04,0,0,3,27,0.19,1,1,1,6,0.05,0,1,1,5,0.03,0,0,2,8,0.11,1,2,2,22,0.07,0,0,2,17,0.05,0,0,1
235,142,0,0,17,0,7,0,1,PROTECTING,Field_5,1,PROTECTING,Field_5,1,PROTECTING,Field_1,1,MOVING_TO_FIELD,Field_10,1,MOVING_TO_FIELD,Field_10,1,MOVING_TO_FIELD,Field_2,1,PROTECTING,Field_5,1,PROTECTING,Field_7,1,PROTECTING,Field_5,1,PROTECTING,Field_3,1,PROTECTING,Field_2,1,PROTECTING,Field_5,1,PROTECTING,Field_5,1,PROTECTING,Field_2,1,MOVING_TO_FIELD,Field_2,1,PROTECTING,Field_5,1,PROTECTING,Field_1,1,MOVING_TO_FIELD,Field_2,1,MOVING_TO_FIELD,Field_8,1,PROTECTING,Field_5,1,MOVING_TO_FIELD,Field_2,1,PROTECTING,Field_10,1,PROTECTING,Field_7,1,PROTECTING,Field_5,18,0.18,2,0,0,17,0.17,2,4,4,21,0.05,1,0,0,0,0.03,0,0,6,0,0.17,9,0,0,1,0.04,0,0,3,27,0.19,2,0,0,6,0.05,0,1,1,5,0.04,0,0,2,8,0.11,1,2,2,22,0.07,0,0,2,17,0.05,0,0,1
236,142,0,0,20,0,4,0,1,PROTECTING,Field_5,1,PROTECTING,Field_5,1,PROTECTING,Field_1,1,MOVING_TO_FIELD,Field_10,1,MOVING_TO_FIELD,Field_10,1,PROTECTING,Field_2,1,PROTECTING,Field_5,1,PROTECTING,Field_7,1,PROTECTING,Field_5,1,PROTECTING,Field_3,1,PROTECTING,Field_2,1,PROTECTING,Field_5,1,PROTECTING,Field_5,1,PROTECTING,Field_2,1,PROTECTING,Field_2,1,PROTECTING,Field_5,1,PROTECTING,Field_1,1,PROTECTING,Field_2,1,MOVING_TO_FIELD,Field_8,1,PROTECTING,Field_5,1,MOVING_TO_FIELD,Field_2,1,PROTECTING,Field_10,1,PROTECTING,Field_7,1,PROTECTING,Field_5,18,0.18,2,0,0,17,0.17,5,1,1,21,0.05,1,0,0,0,0.03,0,0,6,0,0.18,9,0,0,1,0.04,0,0,3,27,0.18,2,0,0,6,0.05,0,1,1,5,0.04,0,0,2,8,0.11,1,2,2,22,0.05,0,0,2,17,0.05,0,0,1
237,142,0,0,21,0,3,0,1,PROTECTING,Field_5,1,PROTECTING,Field_5,1,PROTECTING,Field_1,1,PROTECTING,Field_10,1,MOVING_TO_FIELD,Field_10,1,PROTECTING,Field_2,1,PROTECTING,Field_5,1,PROTECTING,Field_7,1,PROTECTING,Field_5,1,PROTECTING,Field_3,1,PROTECTING,Field_2,1,PROTECTING,Field_5,1,PROTECTING,Field_5,1,PROTECTING,Field_2,1,PROTECTING,Field_2,1,PROTECTING,Field_5,1,PROTECTING,Field_1,1,PROTECTING,Field_2,1,MOVING_TO_FIELD,Field_8,1,PROTECTING,Field_5,1,MOVING_TO_FIELD,Field_2,1,PROTECTING,Field_10,1,PROTECTING,Field_7,1,PROTECTING,Field_5,18,0.19,2,0,0,17,0.17,5,1,1,21,0.05,1,0,0,0,0.04,0,0,6,0,0.19,9,0,0,1,0.04,0,0,3,27,0.16,2,0,0,6,0.02,0,1,1,5,0.03,0,0,2,8,0.13,2,1,1,22,0.05,0,0,2,17,0.08,0,0,1
238,142,0,0,21,0,3,0,1,PROTECTING,Field_5,1,PROTECTING,Field_5,1,PROTECTING,Field_1,1,PROTECTING,Field_10,1,MOVING_TO_FIELD,Field_10,1,PROTECTING,Field_2,1,PROTECTING,Field_5,1,PROTECTING,Field_7,1,PROTECTING,Field_5,1,PROTECTING,Field_3,1,PROTECTING,Field_2,1,PROTECTING,Field_5,1,PROTECTING,Field_5,1,PROTECTING,Field_2,1,PROTECTING,Field_2,1,PROTECTING,Field_5,1,PROTECTING,Field_1,1,PROTECTING,Field_2,1,MOVING_TO_FIELD,Field_8,1,PROTECTING,Field_5,1,MOVING_TO_FIELD,Field_2,1,PROTECTING,Field_10,1,PROTECTING,Field_7,1,PROTECTING,Field_5,18,0.16,2,0,0,17,0.18,5,1,1,21,0.05,1,0,0,0,0.03,0,0,6,0,0.18,9,0,0,1,0.05,0,0,3,27,0.13,2,0,0,6,0.02,0,1,1,5,0.03,0,0,2,8,0.13,2,1,1,22,0.05,0,0,2,17,0.08,0,0,1
239,142,0,0,21,0,3,0,1,PROTECTING,Field_5,1,PROTECTING,Field_5,1,PROTECTING,Field_1,1,PROTECTING,Field_10,1,MOVING_TO_FIELD,Field_10,1,PROTECTING,Field_2,1,PROTECTING,Field_5,1,PROTECTING,Field_7,1,PROTECTING,Field_5,1,PROTECTING,Field_3,1,PROTECTING,Field_2,1,PROTECTING,Field_5,1,PROTECTING,Field_5,1,PROTECTING,Field_2,1,PROTECTING,Field_2,1,PROTECTING,Field_5,1,PROTECTING,Field_1,1,PROTECTING,Field_2,1,MOVING_TO_FIELD,Field_8,1,PROTECTING,Field_5,1,MOVING_TO_FIELD,Field_2,1,PROTECTING,Field_10,1,PROTECTING,Field_7,1,PROTECTING,Field_5,18,0.16,2,0,0,17,0.16,5,1,1,21,0.04,1,0,0,0,0.03,0,0,6,0,0.19,9,0,0,1,0.06,0,0,3,27,0.12,2,0,0,6,0.02,0,1,1,5,0.05,0,0,2,8,0.13,2,1,1,22,0.05,0,0,2,17,0.08,0,0,1
240,142,0,0,21,0,3,0,1,PROTECTING,Field_5,1,PROTECTING,Field_5,1,PROTECTING,Field_1,1,PROTECTING,Field_10,1,MOVING_TO_FIELD,Field_10,1,PROTECTING,Field_2,1,PROTECTING,Field_5,1,PROTECTING,Field_7,1,PROTECTING,Field_5,1,PROTECTING,Field_3,1,PROTECTING,Field_2,1,PROTECTING,Field_5,1,PROTECTING,Field_5,1,PROTECTING,Field_2,1,PROTECTING,Field_2,1,PROTECTING,Field_5,1,PROTECTING,Field_1,1,PROTECTING,Field_2,1,MOVING_TO_FIELD,Field_8,1,PROTECTING,Field_5,1,MOVING_TO_FIELD,Field_2,1,PROTECTING,Field_10,1,PROTECTING,Field_7,1,PROTECTING,Field_5,18,0.15,2,0,0,17,0.16,5,1,1,21,0.04,1,0,0,0,0.04,0,0,6,0,0.18,9,0,0,1,0.07,0,0,3,27,0.11,2,0,0,6,0.02,0,1,1,5,0.05,0,0,2,8,0.13,2,1,1,22,0.07,0,0,2,17,0.08,0,0,1
241,142,0,0,21,0,3,0,1,PROTECTING,Field_5,1,PROTECTING,Field_5,1,PROTECTING,Field_1,1,PROTECTING,Field_10,1,MOVING_TO_FIELD,Field_10,1,PROTECTING,Field_2,1,PROTECTING,Field_5,1,PROTECTING,Field_7,1,PROTECTING,Field_5,1,PROTECTING,Field_3,1,PROTECTING,Field_2,1,PROTECTING,Field_5,1,PROTECTING,Field_5,1,PROTECTING,Field_2,1,PROTECTING,Field_2,1,PROTECTING,Field_5,1,PROTECTING,Field_1,1,PROTECTING,Field_2,1,MOVING_TO_FIELD,Field_8,1,PROTECTING,Field_5,1,MOVING_TO_FIELD,Field_2,1,PROTECTING,Field_10,1,PROTECTING,Field_7,1,PROTECTING,Field_5,18,0.13,2,0,0,17,0.16,5,1,1,21,0.04,1,0,0,0,0.04,0,0,6,0,0.16,9,0,0,1,0.07,0,0,3,27,0.09,2,0,0,6,0.05,0,1,1,5,0.05,0,0,2,8,0.13,2,1,1,22,0.07,0,0,2,17,0.08,0,0,1
242,142,0,0,22,0,2,0,1,PROTECTING,Field_5,1,PROTECTING,Field_5,1,PROTECTING,Field_1,1,PROTECTING,Field_10,1,MOVING_TO_FIELD,Field_10,1,PROTECTING,Field_2,1,PROTECTING,Field_5,1,PROTECTING,Field_7,1,PROTECTING,Field_5,1,PROTECTING,Field_3,1,PROTECTING,Field_2,1,PROTECTING,Field_5,1,PROTECTING,Field_5,1,PROTECTING,Field_2,1,PROTECTING,Field_2,1,PROTECTING,Field_5,1,PROTECTING,Field_1,1,PROTECTING,Field_2,1,MOVING_TO_FIELD,Field_8,1,PROTECTING,Field_5,1,PROTECTING,Field_2,1,PROTECTING,Field_10,1,PROTECTING,Field_7,1,PROTECTING,Field_5,18,0.13,2,0,0,17,0.15,6,0,0,21,0.04,1,0,0,0,0.05,0,0,6,0,0.15,9,0,0,1,0.07,0,0,3,27,0.08,2,0,0,6,0.05,0,1,1,5,0.05,0,0,2,8,0.11,2,1,1,22,0.07,0,0,2,17,0.08,0,0,1
243,142,0,0,22,0,2,0,1,PROTECTING,Field_5,1,PROTECTING,Field_5,1,PROTECTING,Field_1,1,PROTECTING,Field_10,1,MOVING_TO_FIELD,Field_10,1,PROTECTING,Field_2,1,PROTECTING,Field_5,1,PROTECTING,Field_7,1,PROTECTING,Field_5,1,PROTECTING,Field_3,1,PROTECTING,Field_2,1,PROTECTING,Field_5,1,PROTECTING,Field_5,1,PROTECTING,Field_2,1,PROTECTING,Field_2,1,PROTECTING,Field_5,1,PROTECTING,Field_1,1,PROTECTING,Field_2,1,MOVING_TO_FIELD,Field_8,1,PROTECTING,Field_5,1,PROTECTING,Field_2,1,PROTECTING,Field_10,1,PROTECTING,Field_7,1,PROTECTING,Field_5,18,0.13,2,0,0,17,0.14,6,0,0,21,0.05,1,0,0,0,0.05,0,0,6,0,0.15,9,0,0,1,0.07,0,0,3,27,0.08,2,0,0,6,0.05,0,1,1,5,0.04,0,0,2,8,0.11,2,1,1,22,0.07,0,0,2,17,0.08,0,0,1
244,142,0,0,22,0,2,0,1,PROTECTING,Field_5,1,PROTECTING,Field_5,1,PROTECTING,Field_1,1,PROTECTING,Field_10,1,MOVING_TO_FIELD,Field_10,1,PROTECTING,Field_2,1,PROTECTING,Field_5,1,PROTECTING,Field_7,1,PROTECTING,Field_5,1,PROTECTING,Field_3,1,PROTECTING,Field_2,1,PROTECTING,Field_5,1,PROTECTING,Field_5,1,PROTECTING,Field_2,1,PROTECTING,Field_2,1,PROTECTING,Field_5,1,PROTECTING,Field_1,1,PROTECTING,Field_2,1,MOVING_TO_FIELD,Field_8,1,PROTECTING,Field_5,1,PROTECTING,Field_2,1,PROTECTING,Field_10,1,PROTECTING,Field_7,1,PROTECTING,Field_5,18,0.13,2,0,0,17,0.14,6,0,0,21,0.05,1,0,0,0,0.05,0,0,6,0,0.15,9,0,0,1,0.07,0,0,3,27,0.07,2,0,0,6,0.05,0,1,1,5,0.05,0,0,2,8,0.10,2,1,1,22,0.07,0,0,2,17,0.08,0,0,1
245,142,0,0,23,0,1,0,1,PROTECTING,Field_5,1,PROTECTING,Field_5,1,PROTECTING,Field_1,1,PROTECTING,Field_10,1,PROTECTING,Field_10,1,PROTECTING,Field_2,1,PROTECTING,Field_5,1,PROTECTING,Field_7,1,PROTECTING,Field_5,1,PROTECTING,Field_3,1,PROTECTING,Field_2,1,PROTECTING,Field_5,1,PROTECTING,Field_5,1,PROTECTING,Field_2,1,PROTECTING,Field_2,1,PROTECTING,Field_5,1,PROTECTING,Field_1,1,PROTECTING,Field_2,1,MOVING_TO_FIELD,Field_8,1,PROTECTING,Field_5,1,PROTECTING,Field_2,1,PROTECTING,Field_10,1,PROTECTING,Field_7,1,PROTECTING,Field_5,18,0.10,2,0,0,17,0.15,6,0,0,21,0.04,1,0,0,0,0.05,0,0,6,0,0.15,9,0,0,1,0.07,0,0,3,27,0.06,2,0,0,6,0.05,0,1,1,5,0.05,0,0,2,8,0.08,3,0,0,22,0.07,0,0,2,17,0.08,0,0,1
246,142,0,0,23,0,1,0,1,PROTECTING,Field_5,1,PROTECTING,Field_5,1,PROTECTING,Field_1,1,PROTECTING,Field_10,1,PROTECTING,Field_10,1,PROTECTING,Field_2,1,PROTECTING,Field_5,1,PROTECTING,Field_7,1,PROTECTING,Field_5,1,PROTECTING,Field_3,1,PROTECTING,Field_2,1,PROTECTING,Field_5,1,PROTECTING,Field_5,1,PROTECTING,Field_2,1,PROTECTING,Field_2,1,PROTECTING,Field_5,1,PROTECTING,Field_1,1,PROTECTING,Field_2,1,MOVING_TO_FIELD,Field_8,1,PROTECTING,Field_5,1,PROTECTING,Field_2,1,PROTECTING,Field_10,1,PROTECTING,Field_7,1,PROTECTING,Field_5,18,0.08,2,0,0,17,0.14,6,0,0,21,0.03,1,0,0,0,0.05,0,0,6,0,0.14,9,0,0,1,0.08,0,0,3,27,0.06,2,0,0,6,0.05,0,1,1,5,0.06,0,0,2,8,0.08,3,0,0,22,0.07,0,0,2,17,0.10,0,0,1
247,142,0,0,23,0,1,0,1,PROTECTING,Field_5,1,PROTECTING,Field_5,1,PROTECTING,Field_1,1,PROTECTING,Field_10,1,PROTECTING,Field_10,1,PROTECTING,Field_2,1,PROTECTING,Field_5,1,PROTECTING,Field_7,1,PROTECTING,Field_5,1,PROTECTING,Field_3,1,PROTECTING,Field_2,1,PROTECTING,Field_5,1,PROTECTING,Field_5,1,PROTECTING,Field_2,1,PROTECTING,Field_2,1,PROTECTING,Field_5,1,PROTECTING,Field_1,1,PROTECTING,Field_2,1,MOVING_TO_FIELD,Field_8,1,PROTECTING,Field_5,1,PROTECTING,Field_2,1,PROTECTING,Field_10,1,PROTECTING,Field_7,1,PROTECTING,Field_5,18,0.05,2,0,0,17,0.13,6,0,0,21,0.01,1,0,0,0,0.05,0,0,6,0,0.15,9,0,0,1,0.07,0,0,3,27,0.06,2,0,0,6,0.05,0,1,1,5,0.06,0,0,2,8,0.08,3,0,0,22,0.09,0,0,2,17,0.08,0,0,1
248,143,0,0,23,0,1,0,1,PROTECTING,Field_5,1,PROTECTING,Field_5,1,PROTECTING,Field_1,1,PROTECTING,Field_10,1,PROTECTING,Field_10,1,PROTECTING,Field_2,1,PROTECTING,Field_5,1,PROTECTING,Field_7,1,PROTECTING,Field_5,1,PROTECTING,Field_3,1,PROTECTING,Field_2,1,PROTECTING,Field_5,1,PROTECTING,Field_5,1,PROTECTING,Field_2,1,PROTECTING,Field_2,1,PROTECTING,Field_5,1,PROTECTING,Field_1,1,PROTECTING,Field_2,1,MOVING_TO_FIELD,Field_8,1,PROTECTING,Field_5,1,PROTECTING,Field_2,1,PROTECTING,Field_10,1,PROTECTING,Field_7,1,PROTECTING,Field_5,18,0.05,2,0,0,17,0.13,6,0,0,21,0.00,1,0,0,0,0.05,0,0,6,0,0.14,9,0,0,1,0.08,0,0,3,27,0.05,2,0,0,6,0.05,0,1,1,5,0.06,0,0,2,8,0.08,3,0,0,23,0.09,0,0,2,17,0.08,0,0,1
249,144,0,0,23,0,1,0,1,PROTECTING,Field_5,1,PROTECTING,Field_5,1,PROTECTING,Field_1,1,PROTECTING,Field_10,1,PROTECTING,Field_10,1,PROTECTING,Field_2,1,PROTECTING,Field_5,1,PROTECTING,Field_7,1,PROTECTING,Field_5,1,PROTECTING,Field_3,1,PROTECTING,Field_2,1,PROTECTING,Field_5,1,PROTECTING,Field_5,1,PROTECTING,Field_2,1,PROTECTING,Field_2,1,PROTECTING,Field_5,1,PROTECTING,Field_1,1,PROTECTING,Field_2,1,MOVING_TO_FIELD,Field_8,1,PROTECTING,Field_5,1,PROTECTING,Field_2,1,PROTECTING,Field_10,1,PROTECTING,Field_7,1,PROTECTING,Field_5,18,0.05,2,0,0,17,0.12,6,0,0,21,0.00,1,0,0,0,0.05,0,0,6,0,0.13,9,0,0,1,0.08,0,0,3,27,0.03,2,0,0,6,0.05,0,1,1,5,0.05,0,0,2,8,0.08,3,0,0,24,0.09,0,0,2,17,0.08,0,0,1
250,145,0,0,23,0,1,0,1,PROTECTING,Field_5,1,PROTECTING,Field_5,1,PROTECTING,Field_1,1,PROTECTING,Field_10,1,PROTECTING,Field_10,1,PROTECTING,Field_2,1,PROTECTING,Field_5,1,PROTECTING,Field_7,1,PROTECTING,Field_5,1,PROTECTING,Field_3,1,PROTECTING,Field_2,1,PROTECTING,Field_5,1,PROTECTING,Field_5,1,PROTECTING,Field_2,1,PROTECTING,Field_2,1,PROTECTING,Field_5,1,PROTECTING,Field_1,1,PROTECTING,Field_2,1,MOVING_TO_FIELD,Field_8,1,PROTECTING,Field_5,1,PROTECTING,Field_2,1,PROTECTING,Field_10,1,PROTECTING,Field_7,1,PROTECTING,Field_5,18,0.05,2,0,0,17,0.12,6,0,0,21,0.00,1,0,0,0,0.05,0,0,6,0,0.12,9,0,0,2,0.08,0,0,3,27,0.04,2,0,0,6,0.05,0,1,1,5,0.06,0,0,2,8,0.08,3,0,0,24,0.09,0,0,2,17,0.08,0,0,1
251,145,0,0,18,0,6,0,1,PROTECTING,Field_5,1,PROTECTING,Field_5,1,MOVING_TO_FIELD,Field_6,1,PROTECTING,Field_10,1,PROTECTING,Field_10,1,PROTECTING,Field_2,1,PROTECTING,Field_5,1,MOVING_TO_FIELD,Field_6,1,PROTECTING,Field_5,1,MOVING_TO_FIELD,Field_11,1,PROTECTING,Field_2,1,PROTECTING,Field_5,1,PROTECTING,Field_5,1,PROTECTING,Field_2,1,PROTECTING,Field_2,1,PROTECTING,Field_5,1,MOVING_TO_FIELD,Field_12,1,PROTECTING,Field_2,1,MOVING_TO_FIELD,Field_11,1,PROTECTING,Field_5,1,PROTECTING,Field_2,1,PROTECTING,Field_10,1,MOVING_TO_FIELD,Field_6,1,PROTECTING,Field_5,18,0.05,0,0,2,17,0.12,6,0,0,21,0.01,0,0,1,0,0.05,0,0,6,0,0.12,9,0,0,2,0.09,0,3,3,27,0.04,0,0,2,6,0.05,0,0,1,5,0.06,0,0,2,8,0.08,3,0,0,24,0.09,0,2,2,17,0.08,0,1,1
252,145,0,0,18,0,6,0,1,PROTECTING,Field_5,1,PROTECTING,Field_5,1,MOVING_TO_FIELD,Field_6,1,PROTECTING,Field_10,1,PROTECTING,Field_10,1,PROTECTING,Field_2,1,PROTECTING,Field_5,1,MOVING_TO_FIELD,Field_6,1,PROTECTING,Field_5,1,MOVING_TO_FIELD,Field_11,1,PROTECTING,Field_2,1,PROTECTING,Field_5,1,PROTECTING,Field_5,1,PROTECTING,Field_2,1,PROTECTING,Field_2,1,PROTECTING,Field_5,1,MOVING_TO_FIELD,Field_12,1,PROTECTING,Field_2,1,MOVING_TO_FIELD,Field_11,1,PROTECTING,Field_5,1,PROTECTING,Field_2,1,PROTECTING,Field_10,1,MOVING_TO_FIELD,Field_6,1,PROTECTING,Field_5,18,0.03,0,0,2,17,0.14,6,0,0,21,0.01,0,0,1,0,0.04,0,0,6,0,0.10,9,0,0,2,0.09,0,3,3,27,0.04,0,0,2,6,0.05,0,0,1,5,0.06,0,0,2,8,0.07,3,0,0,24,0.09,0,2,2,17,0.08,0,1,1
253,145,0,0,18,0,6,0,1,PROTECTING,Field_5,1,PROTECTING,Field_5,1,MOVING_TO_FIELD,Field_6,1,PROTECTING,Field_10,1,PROTECTING,Field_10,1,PROTECTING,Field_2,1,PROTECTING,Field_5,1,MOVING_TO_FIELD,Field_6,1,PROTECTING,Field_5,1,MOVING_TO_FIELD,Field_11,1,PROTECTING,Field_2,1,PROTECTING,Field_5,1,PROTECTING,Field_5,1,PROTECTING,Field_2,1,PROTECTING,Field_2,1,PROTECTING,Field_5,1,MOVING_TO_FIELD,Field_12,1,PROTECTING,Field_2,1,MOVING_TO_FIELD,Field_11,1,PROTECTING,Field_5,1,PROTECTING,Field_2,1,PROTECTING,Field_10,1,MOVING_TO_FIELD,Field_6,1,PROTECTING,Field_5,18,0.03,0,0,2,17,0.14,6,0,0,21,0.03,0,0,1,0,0.04,0,0,6,0,0.10,9,0,0,2,0.09,0,3,3,27,0.04,0,0,2,6,0.02,0,0,1,5,0.07,0,0,2,8,0.07,3,0,0,24,0.09,0,2,2,17,0.08,0,1,1
254,145,0,0,18,0,6,0,1,PROTECTING,Field_5,1,PROTECTING,Field_5,1,MOVING_TO_FIELD,Field_6,1,PROTECTING,Field_10,1,PROTECTING,Field_10,1,PROTECTING,Field_2,1,PROTECTING,Field_5,1,MOVING_TO_FIELD,Field_6,1,PROTECTING,Field_5,1,MOVING_TO_FIELD,Field_11,1,PROTECTING,Field_2,1,PROTECTING,Field_5,1,PROTECTING,Field_5,1,PROTECTING,Field_2,1,PROTECTING,Field_2,1,PROTECTING,Field_5,1,MOVING_TO_FIELD,Field_12,1,PROTECTING,Field_2,1,MOVING_TO_FIELD,Field_11,1,PROTECTING,Field_5,1,PROTECTING,Field_2,1,PROTECTING,Field_10,1,MOVING_TO_FIELD,Field_6,1,PROTECTING,Field_5,18,0.05,0,0,2,17,0.15,6,0,0,21,0.03,0,0,1,0,0.04,0,0,6,0,0.10,9,0,0,2,0.09,0,3,3,27,0.04,0,0,2,6,0.02,0,0,1,5,0.08,0,0,2,8,0.05,3,0,0,24,0.09,0,2,2,17,0.08,0,1,1
255,145,0,0,18,0,6,0,1,PROTECTING,Field_5,1,PROTECTING,Field_5,1,MOVING_TO_FIELD,Field_6,1,PROTECTING,Field_10,1,PROTECTING,Field_10,1,PROTECTING,Field_2,1,PROTECTING,Field_5,1,MOVING_TO_FIELD,Field_6,1,PROTECTING,Field_5,1,MOVING_TO_FIELD,Field_11,1,PROTECTING,Field_2,1,PROTECTING,Field_5,1,PROTECTING,Field_5,1,PROTECTING,Field_2,1,PROTECTING,Field_2,1,PROTECTING,Field_5,1,MOVING_TO_FIELD,Field_12,1,PROTECTING,Field_2,1,MOVING_TO_FIELD,Field_11,1,PROTECTING,Field_5,1,PROTECTING,Field_2,1,PROTECTING,Field_10,1,MOVING_TO_FIELD,Field_6,1,PROTECTING,Field_5,18,0.06,0,0,2,17,0.15,6,0,0,21,0.03,0,0,1,0,0.04,0,0,6,0,0.10,9,0,0,2,0.09,0,3,3,27,0.04,0,0,2,6,0.02,0,0,1,5,0.08,0,0,2,8,0.05,3,0,0,24,0.09,0,2,2,17,0.08,0,1,1
256,145,0,0,19,0,5,0,1,PROTECTING,Field_5,1,PROTECTING,Field_5,1,MOVING_TO_FIELD,Field_6,1,PROTECTING,Field_10,1,PROTECTING,Field_10,1,PROTECTING,Field_2,1,PROTECTING,Field_5,1,MOVING_TO_FIELD,Field_6,1,PROTECTING,Field_5,1,MOVING_TO_FIELD,Field_11,1,PROTECTING,Field_2,1,PROTECTING,Field_5,1,PROTECTING,Field_5,1,PROTECTING,Field_2,1,PROTECTING,Field_2,1,PROTECTING,Field_5,1,MOVING_TO_FIELD,Field_12,1,PROTECTING,Field_2,1,PROTECTING,Field_11,1,PROTECTING,Field_5,1,PROTECTING,Field_2,1,PROTECTING,Field_10,1,MOVING_TO_FIELD,Field_6,1,PROTECTING,Field_5,18,0.06,0,0,2,17,0.16,6,0,0,21,0.03,0,0,1,0,0.04,0,0,6,0,0.10,9,0,0,2,0.09,0,3,3,27,0.03,0,0,2,6,0.02,0,0,1,5,0.11,0,0,2,8,0.03,3,0,0,24,0.07,1,1,1,17,0.08,0,1,1
257,145,0,0,20,0,4,0,1,PROTECTING,Field_5,1,PROTECTING,Field_5,1,PROTECTING,Field_6,1,PROTECTING,Field_10,1,PROTECTING,Field_10,1,PROTECTING,Field_2,1,PROTECTING,Field_5,1,MOVING_TO_FIELD,Field_6,1,PROTECTING,Field_5,1,MOVING_TO_FIELD,Field_11,1,PROTECTING,Field_2,1,PROTECTING,Field_5,1,PROTECTING,Field_5,1,PROTECTING,Field_2,1,PROTECTING,Field_2,1,PROTECTING,Field_5,1,MOVING_TO_FIELD,Field_12,1,PROTECTING,Field_2,1,PROTECTING,Field_11,1,PROTECTING,Field_5,1,PROTECTING,Field_2,1,PROTECTING,Field_10,1,MOVING_TO_FIELD,Field_6,1,PROTECTING,Field_5,18,0.06,0,0,2,17,0.16,6,0,0,21,0.03,0,0,1,0,0.04,0,0,6,0,0.12,9,0,0,2,0.09,1,2,2,27,0.03,0,0,2,6,0.02,0,0,1,5,0.12,0,0,2,8,0.03,3,0,0,24,0.07,1,1,1,17,0.08,0,1,1
258,145,0,0,21,0,3,0,1,PROTECTING,Field_5,1,PROTECTING,Field_5,1,PROTECTING,Field_6,1,PROTECTING,Field_10,1,PROTECTING,Field_10,1,PROTECTING,Field_2,1,PROTECTING,Field_5,1,MOVING_TO_FIELD,Field_6,1,PROTECTING,Field_5,1,PROTECTING,Field_11,1,PROTECTING,Field_2,1,PROTECTING,Field_5,1,PROTECTING,Field_5,1,PROTECTING,Field_2,1,PROTECTING,Field_2,1,PROTECTING,Field_5,1,MOVING_TO_FIELD,Field_12,1,PROTECTING,Field_2,1,PROTECTING,Field_11,1,PROTECTING,Field_5,1,PROTECTING,Field_2,1,PROTECTING,Field_10,1,MOVING_TO_FIELD,Field_6,1,PROTECTING,Field_5,18,0.06,0,0,2,17,0.17,6,0,0,21,0.03,0,0,1,0,0.04,0,0,6,0,0.12,9,0,0,2,0.11,1,2,2,27,0.03,0,0,2,6,0.02,0,0,1,5,0.12,0,0,2,8,0.03,3,0,0,24,0.05,2,0,0,17,0.08,0,1,1
259,145,0,0,22,0,2,0,1,PROTECTING,Field_5,1,PROTECTING,Field_5,1,PROTECTING,Field_6,1,PROTECTING,Field_10,1,PROTECTING,Field_10,1,PROTECTING,Field_2,1,PROTECTING,Field_5,1,MOVING_TO_FIELD,Field_6,1,PROTECTING,Field_5,1,PROTECTING,Field_11,1,PROTECTING,Field_2,1,PROTECTING,Field_5,1,PROTECTING,Field_5,1,PROTECTING,Field_2,1,PROTECTING,Field_2,1,PROTECTING,Field_5,1,MOVING_TO_FIELD,Field_12,1,PROTECTING,Field_2,1,PROTECTING,Field_11,1,PROTECTING,Field_5,1,PROTECTING,Field_2,1,PROTECTING,Field_10,1,PROTECTING,Field_6,1,PROTECTING,Field_5,18,0.06,0,0,2,17,0.17,6,0,0,21,0.03,0,0,1,0,0.04,0,0,6,0,0.12,9,0,0,2,0.12,2,1,1,27,0.03,0,0,2,6,0.02,0,0,1,5,0.13,0,0,2,8,0.03,3,0,0,24,0.05,2,0,0,17,0.08,0,1,1
260,145,0,0,23,0,1,0,1,PROTECTING,Field_5,1,PROTECTING,Field_5,1,PROTECTING,Field_6,1,PROTECTING,Field_10,1,PROTECTING,Field_10,1,PROTECTING,Field_2,1,PROTECTING,Field_5,1,PROTECTING,Field_6,1,PROTECTING,Field_5,1,PROTECTING,Field_11,1,PROTECTING,Field_2,1,PROTECTING,Field_5,1,PROTECTING,Field_5,1,PROTECTING,Field_2,1,PROTECTING,Field_2,1,PROTECTING,Field_5,1,MOVING_TO_FIELD,Field_12,1,PROTECTING,Field_2,1,PROTECTING,Field_11,1,PROTECTING,Field_5,1,PROTECTING,Field_2,1,PROTECTING,Field_10,1,PROTECTING,Field_6,1,PROTECTING,Field_5,18,0.06,0,0,2,17,0.19,6,0,0,21,0.01,0,0,1,0,0.04,0,0,6,0,0.12,9,0,0,2,0.11,3,0,0,27,0.03,0,0,2,6,0.05,0,0,1,5,0.13,0,0,2,8,0.03,3,0,0,24,0.05,2,0,0,17,0.08,0,1,1
261,145,0,0,18,0,6,0,1,PROTECTING,Field_5,1,PROTECTING,Field_5,1,PROTECTING,Field_6,1,MOVING_TO_FIELD,Field_9,1,MOVING_TO_FIELD,Field_1,1,PROTECTING,Field_2,1,PROTECTING,Field_5,1,PROTECTING,Field_6,1,PROTECTING,Field_5,1,MOVING_TO_FIELD,Field_9,1,PROTECTING,Field_2,1,PROTECTING,Field_5,1,PROTECTING,Field_5,1,PROTECTING,Field_2,1,PROTECTING,Field_2,1,PROTECTING,Field_5,1,MOVING_TO_FIELD,Field_12,1,PROTECTING,Field_2,1,MOVING_TO_FIELD,Field_8,1,PROTECTING,Field_5,1,PROTECTING,Field_2,1,MOVING_TO_FIELD,Field_1,1,PROTECTING,Field_6,1,PROTECTING,Field_5,18,0.06,0,2,2,17,0.18,6,0,0,21,0.01,0,0,1,0,0.04,0,0,6,0,0.12,9,0,0,2,0.11,3,0,0,27,0.05,0,0,2,6,0.07,0,1,1,5,0.13,0,2,2,8,0.03,0,0,3,24,0.04,0,0,2,17,0.08,0,1,1
262,146,0,0,18,0,6,0,1,PROTECTING,Field_5,1,PROTECTING,Field_5,1,PROTECTING,Field_6,1,MOVING_TO_FIELD,Field_9,1,MOVING_TO_FIELD,Field_1,1,PROTECTING,Field_2,1,PROTECTING,Field_5,1,PROTECTING,Field_6,1,PROTECTING,Field_5,1,MOVING_TO_FIELD,Field_9,1,PROTECTING,Field_2,1,PROTECTING,Field_5,1,PROTECTING,Field_5,1,PROTECTING,Field_2,1,PROTECTING,Field_2,1,PROTECTING,Field_5,1,MOVING_TO_FIELD,Field_12,1,PROTECTING,Field_2,1,MOVING_TO_FIELD,Field_8,1,PROTECTING,Field_5,1,PROTECTING,Field_2,1,MOVING_TO_FIELD,Field_1,1,PROTECTING,Field_6,1,PROTECTING,Field_5,18,0.05,0,2,2,17,0.19,6,0,0,21,0.01,0,0,1,0,0.04,0,0,6,0,0.11,9,0,0,2,0.09,3,0,0,27,0.06,0,0,2,6,0.10,0,1,1,6,0.14,0,2,2,8,0.03,0,0,3,24,0.04,0,0,2,17,0.10,0,1,1
263,146,0,0,18,0,6,0,1,PROTECTING,Field_5,1,PROTECTING,Field_5,1,PROTECTING,Field_6,1,MOVING_TO_FIELD,Field_9,1,MOVING_TO_FIELD,Field_1,1,PROTECTING,Field_2,1,PROTECTING,Field_5,1,PROTECTING,Field_6,1,PROTECTING,Field_5,1,MOVING_TO_FIELD,Field_9,1,PROTECTING,Field_2,1,PROTECTING,Field_5,1,PROTECTING,Field_5,1,PROTECTING,Field_2,1,PROTECTING,Field_2,1,PROTECTING,Field_5,1,MOVING_TO_FIELD,Field_12,1,PROTECTING,Field_2,1,MOVING_TO_FIELD,Field_8,1,PROTECTING,Field_5,1,PROTECTING,Field_2,1,MOVING_TO_FIELD,Field_1,1,PROTECTING,Field_6,1,PROTECTING,Field_5,18,0.05,0,2,2,17,0.19,6,0,0,21,0.01,0,0,1,0,0.04,0,0,6,0,0.12,9,0,0,2,0.09,3,0,0,27,0.07,0,0,2,6,0.10,0,1,1,6,0.11,0,2,2,8,0.03,0,0,3,24,0.04,0,0,2,17,0.13,0,1,1
264,146,0,0,18,0,6,0,1,PROTECTING,Field_5,1,PROTECTING,Field_5,1,PROTECTING,Field_6,1,MOVING_TO_FIELD,Field_9,1,MOVING_TO_FIELD,Field_1,1,PROTECTING,Field_2,1,PROTECTING,Field_5,1,PROTECTING,Field_6,1,PROTECTING,Field_5,1,MOVING_TO_FIELD,Field_9,1,PROTECTING,Field_2,1,PROTECTING,Field_5,1,PROTECTING,Field_5,1,PROTECTING,Field_2,1,PROTECTING,Field_2,1,PROTECTING,Field_5,1,MOVING_TO_FIELD,Field_12,1,PROTECTING,Field_2,1,MOVING_TO_FIELD,Field_8,1,PROTECTING,Field_5,1,PROTECTING,Field_2,1,MOVING_TO_FIELD,Field_1,1,PROTECTING,Field_6,1,PROTECTING,Field_5,18,0.05,0,2,2,17,0.19,6,0,0,21,0.01,0,0,1,0,0.04,0,0,6,0,0.13,9,0,0,2,0.08,3,0,0,27,0.07,0,0,2,6,0.10,0,1,1,6,0.10,0,2,2,8,0.05,0,0,3,24,0.04,0,0,2,17,0.13,0,1,1
265,148,0,0,18,0,6,0,1,PROTECTING,Field_5,1,PROTECTING,Field_5,1,PROTECTING,Field_6,1,MOVING_TO_FIELD,Field_9,1,MOVING_TO_FIELD,Field_1,1,PROTECTING,Field_2,1,PROTECTING,Field_5,1,PROTECTING,Field_6,1,PROTECTING,Field_5,1,MOVING_TO_FIELD,Field_9,1,PROTECTING,Field_2,1,PROTECTING,Field_5,1,PROTECTING,Field_5,1,PROTECTING,Field_2,1,PROTECTING,Field_2,1,PROTECTING,Field_5,1,MOVING_TO_FIELD,Field_12,1,PROTECTING,Field_2,1,MOVING_TO_FIELD,Field_8,1,PROTECTING,Field_5,1,PROTECTING,Field_2,1,MOVING_TO_FIELD,Field_1,1,PROTECTING,Field_6,1,PROTECTING,Field_5,18,0.06,0,2,2,17,0.18,6,0,0,21,0.01,0,0,1,0,0.05,0,0,6,0,0.14,9,0,0,2,0.08,3,0,0,27,0.08,0,0,2,6,0.10,0,1,1,7,0.10,0,2,2,8,0.05,0,0,3,24,0.04,0,0,2,18,0.13,0,1,1
266,148,0,0,20,0,4,0,1,PROTECTING,Field_5,1,PROTECTING,Field_5,1,PROTECTING,Field_6,1,MOVING_TO_FIELD,Field_9,1,PROTECTING,Field_1,1,PROTECTING,Field_2,1,PROTECTING,Field_5,1,PROTECTING,Field_6,1,PROTECTING,Field_5,1,MOVING_TO_FIELD,Field_9,1,PROTECTING,Field_2,1,PROTECTING,Field_5,1,PROTECTING,Field_5,1,PROTECTING,Field_2,1,PROTECTING,Field_2,1,PROTECTING,Field_5,1,MOVING_TO_FIELD,Field_12,1,PROTECTING,Field_2,1,PROTECTING,Field_8,1,PROTECTING,Field_5,1,PROTECTING,Field_2,1,MOVING_TO_FIELD,Field_1,1,PROTECTING,Field_6,1,PROTECTING,Field_5,18,0.06,1,1,1,17,0.15,6,0,0,21,0.01,0,0,1,0,0.05,0,0,6,0,0.13,9,0,0,2,0.06,3,0,0,27,0.08,0,0,2,6,0.10,1,0,0,7,0.11,0,2,2,8,0.05,0,0,3,24,0.04,0,0,2,18,0.13,0,1,1
267,148,0,0,20,0,4,0,1,PROTECTING,Field_5,1,PROTECTING,Field_5,1,PROTECTING,Field_6,1,MOVING_TO_FIELD,Field_9,1,PROTECTING,Field_1,1,PROTECTING,Field_2,1,PROTECTING,Field_5,1,PROTECTING,Field_6,1,PROTECTING,Field_5,1,MOVING_TO_FIELD,Field_9,1,PROTECTING,Field_2,1,PROTECTING,Field_5,1,PROTECTING,Field_5,1,PROTECTING,Field_2,1,PROTECTING,Field_2,1,PROTECTING,Field_5,1,MOVING_TO_FIELD,Field_12,1,PROTECTING,Field_2,1,PROTECTING,Field_8,1,PROTECTING,Field_5,1,PROTECTING,Field_2,1,MOVING_TO_FIELD,Field_1,1,PROTECTING,Field_6,1,PROTECTING,Field_5,18,0.06,1,1,1,17,0.13,6,0,0,21,0.01,0,0,1,0,0.05,0,0,6,0,0.12,9,0,0,2,0.05,3,0,0,27,0.10,0,0,2,6,0.10,1,0,0,7,0.10,0,2,2,8,0.05,0,0,3,24,0.04,0,0,2,18,0.13,0,1,1
268,148,0,0,20,0,4,0,1,PROTECTING,Field_5,1,PROTECTING,Field_5,1,PROTECTING,Field_6,1,MOVING_TO_FIELD,Field_9,1,PROTECTING,Field_1,1,PROTECTING,Field_2,1,PROTECTING,Field_5,1,PROTECTING,Field_6,1,PROTECTING,Field_5,1,MOVING_TO_FIELD,Field_9,1,PROTECTING,Field_2,1,PROTECTING,Field_5,1,PROTECTING,Field_5,1,PROTECTING,Field_2,1,PROTECTING,Field_2,1,PROTECTING,Field_5,1,MOVING_TO_FIELD,Field_12,1,PROTECTING,Field_2,1,PROTECTING,Field_8,1,PROTECTING,Field_5,1,PROTECTING,Field_2,1,MOVING_TO_FIELD,Field_1,1,PROTECTING,Field_6,1,PROTECTING,Field_5,18,0.06,1,1,1,17,0.13,6,0,0,21,0.01,0,0,1,0,0.04,0,0,6,0,0.12,9,0,0,2,0.05,3,0,0,27,0.10,0,0,2,6,0.10,1,0,0,7,0.10,0,2,2,8,0.03,0,0,3,24,0.04,0,0,2,18,0.10,0,1,1
269,149,0,0,20,0,4,0,1,PROTECTING,Field_5,1,PROTECTING,Field_5,1,PROTECTING,Field_6,1,MOVING_TO_FIELD,Field_9,1,PROTECTING,Field_1,1,PROTECTING,Field_2,1,PROTECTING,Field_5,1,PROTECTING,Field_6,1,PROTECTING,Field_5,1,MOVING_TO_FIELD,Field_9,1,PROTECTING,Field_2,1,PROTECTING,Field_5,1,PROTECTING,Field_5,1,PROTECTING,Field_2,1,PROTECTING,Field_2,1,PROTECTING,Field_5,1,MOVING_TO_FIELD,Field_12,1,PROTECTING,Field_2,1,PROTECTING,Field_8,1,PROTECTING,Field_5,1,PROTECTING,Field_2,1,MOVING_TO_FIELD,Field_1,1,PROTECTING,Field_6,1,PROTECTING,Field_5,18,0.06,1,1,1,17,0.12,6,0,0,21,0.03,0,0,1,0,0.04,0,0,6,0,0.12,9,0,0,2,0.05,3,0,0,28,0.10,0,0,2,6,0.10,1,0,0,7,0.10,0,2,2,8,0.02,0,0,3,24,0.02,0,0,2,18,0.10,0,1,1
270,149,0,0,20,0,4,0,1,PROTECTING,Field_5,1,PROTECTING,Field_5,1,PROTECTING,Field_6,1,MOVING_TO_FIELD,Field_9,1,PROTECTING,Field_1,1,PROTECTING,Field_2,1,PROTECTING,Field_5,1,PROTECTING,Field_6,1,PROTECTING,Field_5,1,MOVING_TO_FIELD,Field_9,1,PROTECTING,Field_2,1,PROTECTING,Field_5,1,PROTECTING,Field_5,1,PROTECTING,Field_2,1,PROTECTING,Field_2,1,PROTECTING,Field_5,1,MOVING_TO_FIELD,Field_12,1,PROTECTING,Field_2,1,PROTECTING,Field_8,1,PROTECTING,Field_5,1,PROTECTING,Field_2,1,MOVING_TO_FIELD,Field_1,1,PROTECTING,Field_6,1,PROTECTING,Field_5,18,0.06,1,1,1,17,0.12,6,0,0,21,0.04,0,0,1,0,0.04,0,0,6,0,0.11,9,0,0,2,0.05,3,0,0,28,0.13,0,0,2,6,0.10,1,0,0,7,0.09,0,2,2,8,0.03,0,0,3,24,0.04,0,0,2,18,0.10,0,1,1
271,149,0,0,19,0,5,0,1,PROTECTING,Field_5,1,PROTECTING,Field_5,1,MOVING_TO_FIELD,Field_7,1,MOVING_TO_FIELD,Field_9,1,PROTECTING,Field_1,1,PROTECTING,Field_2,1,PROTECTING,Field_5,1,MOVING_TO_FIELD,Field_7,1,PROTECTING,Field_5,1,MOVING_TO_FIELD,Field_9,1,PROTECTING,Field_2,1,PROTECTING,Field_5,1,PROTECTING,Field_5,1,PROTECTING,Field_2,1,PROTECTING,Field_2,1,PROTECTING,Field_5,1,MOVING_TO_FIELD,Field_12,1,PROTECTING,Field_2,1,PROTECTING,Field_8,1,PROTECTING,Field_5,1,PROTECTING,Field_2,1,PROTECTING,Field_1,1,PROTECTING,Field_6,1,PROTECTING,Field_5,18,0.06,2,0,0,17,0.11,6,0,0,21,0.05,0,0,1,0,0.05,0,0,6,0,0.11,9,0,0,2,0.05,1,0,2,28,0.12,0,2,2,6,0.05,1,0,0,7,0.09,0,2,2,8,0.03,0,0,3,24,0.04,0,0,2,18,0.13,0,1,1
272,149,0,0,19,0,5,0,1,PROTECTING,Field_5,1,PROTECTING,Field_5,1,MOVING_TO_FIELD,Field_7,1,MOVING_TO_FIELD,Field_9,1,PROTECTING,Field_1,1,PROTECTING,Field_2,1,PROTECTING,Field_5,1,MOVING_TO_FIELD,Field_7,1,PROTECTING,Field_5,1,MOVING_TO_FIELD,Field_9,1,PROTECTING,Field_2,1,PROTECTING,Field_5,1,PROTECTING,Field_5,1,PROTECTING,Field_2,1,PROTECTING,Field_2,1,PROTECTING,Field_5,1,MOVING_TO_FIELD,Field_12,1,PROTECTING,Field_2,1,PROTECTING,Field_8,1,PROTECTING,Field_5,1,PROTECTING,Field_2,1,PROTECTING,Field_1,1,PROTECTING,Field_6,1,PROTECTING,Field_5,18,0.06,2,0,0,17,0.10,6,0,0,21,0.05,0,0,1,0,0.05,0,0,6,0,0.11,9,0,0,2,0.05,1,0,2,28,0.12,0,2,2,6,0.05,1,0,0,7,0.09,0,2,2,8,0.05,0,0,3,24,0.04,0,0,2,18,0.13,0,1,1
273,149,0,0,19,0,5,0,1,PROTECTING,Field_5,1,PROTECTING,Field_5,1,MOVING_TO_FIELD,Field_7,1,MOVING_TO_FIELD,Field_9,1,PROTECTING,Field_1,1,PROTECTING,Field_2,1,PROTECTING,Field_5,1,MOVING_TO_FIELD,Field_7,1,PROTECTING,Field_5,1,MOVING_TO_FIELD,Field_9,1,PROTECTING,Field_2,1,PROTECTING,Field_5,1,PROTECTING,Field_5,1,PROTECTING,Field_2,1,PROTECTING,Field_2,1,PROTECTING,Field_5,1,MOVING_TO_FIELD,Field_12,1,PROTECTING,Field_2,1,PROTECTING,Field_8,1,PROTECTING,Field_5,1,PROTECTING,Field_2,1,PROTECTING,Field_1,1,PROTECTING,Field_6,1,PROTECTING,Field_5,18,0.06,2,0,0,17,0.10,6,0,0,21,0.04,0,0,1,0,0.05,0,0,6,0,0.10,9,0,0,2,0.06,1,0,2,28,0.12,0,2,2,6,0.05,1,0,0,7,0.09,0,2,2,8,0.05,0,0,3,24,0.04,0,0,2,18,0.13,0,1,1
274,149,0,0,19,0,5,0,1,PROTECTING,Field_5,1,PROTECTING,Field_5,1,MOVING_TO_FIELD,Field_7,1,MOVING_TO_FIELD,Field_9,1,PROTECTING,Field_1,1,PROTECTING,Field_2,1,PROTECTING,Field_5,1,MOVING_TO_FIELD,Field_7,1,PROTECTING,Field_5,1,MOVING_TO_FIELD,Field_9,1,PROTECTING,Field_2,1,PROTECTING,Field_5,1,PROTECTING,Field_5,1,PROTECTING,Field_2,1,PROTECTING,Field_2,1,PROTECTING,Field_5,1,MOVING_TO_FIELD,Field_12,1,PROTECTING,Field_2,1,PROTECTING,Field_8,1,PROTECTING,Field_5,1,PROTECTING,Field_2,1,PROTECTING,Field_1,1,PROTECTING,Field_6,1,PROTECTING,Field_5,18,0.06,2,0,0,17,0.08,6,0,0,21,0.04,0,0,1,0,0.05,0,0,6,0,0.12,9,0,0,2,0.04,1,0,2,28,0.10,0,2,2,6,0.02,1,0,0,7,0.09,0,2,2,8,0.05,0,0,3,24,0.04,0,0,2,18,0.13,0,1,1
275,150,0,0,19,0,5,0,1,PROTECTING,Field_5,1,PROTECTING,Field_5,1,MOVING_TO_FIELD,Field_7,1,MOVING_TO_FIELD,Field_9,1,PROTECTING,Field_1,1,PROTECTING,Field_2,1,PROTECTING,Field_5,1,MOVING_TO_FIELD,Field_7,1,PROTECTING,Field_5,1,MOVING_TO_FIELD,Field_9,1,PROTECTING,Field_2,1,PROTECTING,Field_5,1,PROTECTING,Field_5,1,PROTECTING,Field_2,1,PROTECTING,Field_2,1,PROTECTING,Field_5,1,MOVING_TO_FIELD,Field_12,1,PROTECTING,Field_2,1,PROTECTING,Field_8,1,PROTECTING,Field_5,1,PROTECTING,Field_2,1,PROTECTING,Field_1,1,PROTECTING,Field_6,1,PROTECTING,Field_5,18,0.06,2,0,0,17,0.06,6,0,0,21,0.04,0,0,1,0,0.08,0,0,6,0,0.12,9,0,0,2,0.04,1,0,2,28,0.09,0,2,2,6,0.02,1,0,0,7,0.09,0,2,2,8,0.05,0,0,3,24,0.04,0,0,2,19,0.13,0,1,1
276,150,0,0,22,0,2,0,1,PROTECTING,Field_5,1,PROTECTING,Field_5,1,PROTECTING,Field_7,1,PROTECTING,Field_9,1,PROTECTING,Field_1,1,PROTECTING,Field_2,1,PROTECTING,Field_5,1,MOVING_TO_FIELD,Field_7,1,PROTECTING,Field_5,1,PROTECTING,Field_9,1,PROTECTING,Field_2,1,PROTECTING,Field_5,1,PROTECTING,Field_5,1,PROTECTING,Field_2,1,PROTECTING,Field_2,1,PROTECTING,Field_5,1,MOVING_TO_FIELD,Field_12,1,PROTECTING,Field_2,1,PROTECTING,Field_8,1,PROTECTING,Field_5,1,PROTECTING,Field_2,1,PROTECTING,Field_1,1,PROTECTING,Field_6,1,PROTECTING,Field_5,18,0.05,2,0,0,17,0.06,6,0,0,21,0.04,0,0,1,0,0.08,0,0,6,0,0.12,9,0,0,2,0.04,1,0,2,28,0.10,1,1,1,6,0.02,1,0,0,7,0.07,2,0,0,8,0.05,0,0,3,24,0.04,0,0,2,19,0.15,0,1,1
277,150,0,0,22,0,2,0,1,PROTECTING,Field_5,1,PROTECTING,Field_5,1,PROTECTING,Field_7,1,PROTECTING,Field_9,1,PROTECTING,Field_1,1,PROTECTING,Field_2,1,PROTECTING,Field_5,1,MOVING_TO_FIELD,Field_7,1,PROTECTING,Field_5,1,PROTECTING,Field_9,1,PROTECTING,Field_2,1,PROTECTING,Field_5,1,PROTECTING,Field_5,1,PROTECTING,Field_2,1,PROTECTING,Field_2,1,PROTECTING,Field_5,1,MOVING_TO_FIELD,Field_12,1,PROTECTING,Field_2,1,PROTECTING,Field_8,1,PROTECTING,Field_5,1,PROTECTING,Field_2,1,PROTECTING,Field_1,1,PROTECTING,Field_6,1,PROTECTING,Field_5,18,0.02,2,0,0,17,0.06,6,0,0,21,0.07,0,0,1,0,0.08,0,0,6,0,0.11,9,0,0,2,0.04,1,0,2,28,0.10,1,1,1,6,0.02,1,0,0,7,0.06,2,0,0,8,0.05,0,0,3,24,0.02,0,0,2,19,0.18,0,1,1
278,150,0,0,22,0,2,0,1,PROTECTING,Field_5,1,PROTECTING,Field_5,1,PROTECTING,Field_7,1,PROTECTING,Field_9,1,PROTECTING,Field_1,1,PROTECTING,Field_2,1,PROTECTING,Field_5,1,MOVING_TO_FIELD,Field_7,1,PROTECTING,Field_5,1,PROTECTING,Field_9,1,PROTECTING,Field_2,1,PROTECTING,Field_5,1,PROTECTING,Field_5,1,PROTECTING,Field_2,1,PROTECTING,Field_2,1,PROTECTING,Field_5,1,MOVING_TO_FIELD,Field_12,1,PROTECTING,Field_2,1,PROTECTING,Field_8,1,PROTECTING,Field_5,1,PROTECTING,Field_2,1,PROTECTING,Field_1,1,PROTECTING,Field_6,1,PROTECTING,Field_5,18,0.02,2,0,0,17,0.06,6,0,0,21,0.07,0,0,1,0,0.09,0,0,6,0,0.10,9,0,0,2,0.02,1,0,2,28,0.11,1,1,1,6,0.02,1,0,0,7,0.07,2,0,0,8,0.03,0,0,3,24,0.04,0,0,2,19,0.15,0,1,1
279,150,0,0,22,0,2,0,1,PROTECTING,Field_5,1,PROTECTING,Field_5,1,PROTECTING,Field_7,1,PROTECTING,Field_9,1,PROTECTING,Field_1,1,PROTECTING,Field_2,1,PROTECTING,Field_5,1,MOVING_TO_FIELD,Field_7,1,PROTECTING,Field_5,1,PROTECTING,Field_9,1,PROTECTING,Field_2,1,PROTECTING,Field_5,1,PROTECTING,Field_5,1,PROTECTING,Field_2,1,PROTECTING,Field_2,1,PROTECTING,Field_5,1,MOVING_TO_FIELD,Field_12,1,PROTECTING,Field_2,1,PROTECTING,Field_8,1,PROTECTING,Field_5,1,PROTECTING,Field_2,1,PROTECTING,Field_1,1,PROTECTING,Field_6,1,PROTECTING,Field_5,18,0.02,2,0,0,17,0.08,6,0,0,21,0.05,0,0,1,0,0.09,0,0,6,0,0.10,9,0,0,2,0.02,1,0,2,28,0.11,1,1,1,6,0.02,1,0,0,7,0.07,2,0,0,8,0.02,0,0,3,24,0.05,0,0,2,19,0.13,0,1,1
280,150,0,0,24,0,0,0,1,PROTECTING,Field_5,1,PROTECTING,Field_5,1,PROTECTING,Field_7,1,PROTECTING,Field_9,1,PROTECTING,Field_1,1,PROTECTING,Field_2,1,PROTECTING,Field_5,1,PROTECTING,Field_7,1,PROTECTING,Field_5,1,PROTECTING,Field_9,1,PROTECTING,Field_2,1,PROTECTING,Field_5,1,PROTECTING,Field_5,1,PROTECTING,Field_2,1,PROTECTING,Field_2,1,PROTECTING,Field_5,1,PROTECTING,Field_12,1,PROTECTING,Field_2,1,PROTECTING,Field_8,1,PROTECTING,Field_5,1,PROTECTING,Field_2,1,PROTECTING,Field_1,1,PROTECTING,Field_6,1,PROTECTING,Field_5,18,0.02,2,0,0,17,0.08,6,0,0,21,0.05,0,0,1,0,0.09,0,0,6,0,0.10,9,0,0,2,0.04,1,0,2,28,0.09,2,0,0,6,0.00,1,0,0,7,0.07,2,0,0,8,0.00,0,0,3,24,0.05,0,0,2,19,0.13,1,0,0
281,150,0,0,18,0,6,0,1,PROTECTING,Field_5,1,PROTECTING,Field_5,1,PROTECTING,Field_7,1,MOVING_TO_FIELD,Field_4,1,MOVING_TO_FIELD,Field_4,1,PROTECTING,Field_2,1,PROTECTING,Field_5,1,PROTECTING,Field_7,1,PROTECTING,Field_5,1,MOVING_TO_FIELD,Field_4,1,PROTECTING,Field_2,1,PROTECTING,Field_5,1,PROTECTING,Field_5,1,PROTECTING,Field_2,1,PROTECTING,Field_2,1,PROTECTING,Field_5,1,PROTECTING,Field_12,1,PROTECTING,Field_2,1,MOVING_TO_FIELD,Field_4,1,PROTECTING,Field_5,1,PROTECTING,Field_2,1,MOVING_TO_FIELD,Field_4,1,MOVING_TO_FIELD,Field_4,1,PROTECTING,Field_5,18,0.02,0,0,2,17,0.07,6,0,0,21,0.05,0,0,1,0,0.07,0,6,6,0,0.11,9,0,0,2,0.04,0,0,3,28,0.09,2,0,0,6,0.00,0,0,1,7,0.07,0,0,2,8,0.00,0,0,3,24,0.07,0,0,2,19,0.13,1,0,0
282,150,0,0,18,0,6,0,1,PROTECTING,Field_5,1,PROTECTING,Field_5,1,PROTECTING,Field_7,1,MOVING_TO_FIELD,Field_4,1,MOVING_TO_FIELD,Field_4,1,PROTECTING,Field_2,1,PROTECTING,Field_5,1,PROTECTING,Field_7,1,PROTECTING,Field_5,1,MOVING_TO_FIELD,Field_4,1,PROTECTING,Field_2,1,PROTECTING,Field_5,1,PROTECTING,Field_5,1,PROTECTING,Field_2,1,PROTECTING,Field_2,1,PROTECTING,Field_5,1,PROTECTING,Field_12,1,PROTECTING,Field_2,1,MOVING_TO_FIELD,Field_4,1,PROTECTING,Field_5,1,PROTECTING,Field_2,1,MOVING_TO_FIELD,Field_4,1,MOVING_TO_FIELD,Field_4,1,PROTECTING,Field_5,18,0.00,0,0,2,17,0.09,6,0,0,21,0.04,0,0,1,0,0.08,0,6,6,0,0.12,9,0,0,2,0.04,0,0,3,28,0.11,2,0,0,6,0.00,0,0,1,7,0.07,0,0,2,8,0.00,0,0,3,24,0.11,0,0,2,19,0.10,1,0,0
283,150,0,0,18,0,6,0,1,PROTECTING,Field_5,1,PROTECTING,Field_5,1,PROTECTING,Field_7,1,MOVING_TO_FIELD,Field_4,1,MOVING_TO_FIELD,Field_4,1,PROTECTING,Field_2,1,PROTECTING,Field_5,1,PROTECTING,Field_7,1,PROTECTING,Field_5,1,MOVING_TO_FIELD,Field_4,1,PROTECTING,Field_2,1,PROTECTING,Field_5,1,PROTECTING,Field_5,1,PROTECTING,Field_2,1,PROTECTING,Field_2,1,PROTECTING,Field_5,1,PROTECTING,Field_12,1,PROTECTING,Field_2,1,MOVING_TO_FIELD,Field_4,1,PROTECTING,Field_5,1,PROTECTING,Field_2,1,MOVING_TO_FIELD,Field_4,1,MOVING_TO_FIELD,Field_4,1,PROTECTING,Field_5,18,0.00,0,0,2,17,0.10,6,0,0,21,0.04,0,0,1,0,0.09,0,6,6,0,0.12,9,0,0,2,0.05,0,0,3,28,0.10,2,0,0,6,0.00,0,0,1,7,0.07,0,0,2,8,0.00,0,0,3,24,0.09,0,0,2,19,0.10,1,0,0
284,150,0,0,18,0,6,0,1,PROTECTING,Field_5,1,PROTECTING,Field_5,1,PROTECTING,Field_7,1,MOVING_TO_FIELD,Field_4,1,MOVING_TO_FIELD,Field_4,1,PROTECTING,Field_2,1,PROTECTING,Field_5,1,PROTECTING,Field_7,1,PROTECTING,Field_5,1,MOVING_TO_FIELD,Field_4,1,PROTECTING,Field_2,1,PROTECTING,Field_5,1,PROTECTING,Field_5,1,PROTECTING,Field_2,1,PROTECTING,Field_2,1,PROTECTING,Field_5,1,PROTECTING,Field_12,1,PROTECTING,Field_2,1,MOVING_TO_FIELD,Field_4,1,PROTECTING,Field_5,1,PROTECTING,Field_2,1,MOVING_TO_FIELD,Field_4,1,MOVING_TO_FIELD,Field_4,1,PROTECTING,Field_5,18,0.00,0,0,2,17,0.08,6,0,0,21,0.03,0,0,1,0,0.11,0,6,6,0,0.12,9,0,0,2,0.05,0,0,3,28,0.10,2,0,0,6,0.00,0,0,1,7,0.08,0,0,2,8,0.00,0,0,3,24,0.11,0,0,2,19,0.10,1,0,0
285,150,0,0,18,0,6,0,1,PROTECTING,Field_5,1,PROTECTING,Field_5,1,PROTECTING,Field_7,1,MOVING_TO_FIELD,Field_4,1,MOVING_TO_FIELD,Field_4,1,PROTECTING,Field_2,1,PROTECTING,Field_5,1,PROTECTING,Field_7,1,PROTECTING,Field_5,1,MOVING_TO_FIELD,Field_4,1,PROTECTING,Field_2,1,PROTECTING,Field_5,1,PROTECTING,Field_5,1,PROTECTING,Field_2,1,PROTECTING,Field_2,1,PROTECTING,Field_5,1,PROTECTING,Field_12,1,PROTECTING,Field_2,1,MOVING_TO_FIELD,Field_4,1,PROTECTING,Field_5,1,PROTECTING,Field_2,1,MOVING_TO_FIELD,Field_4,1,MOVING_TO_FIELD,Field_4,1,PROTECTING,Field_5,18,0.00,0,0,2,17,0.07,6,0,0,21,0.04,0,0,1,0,0.11,0,6,6,0,0.12,9,0,0,2,0.05,0,0,3,28,0.09,2,0,0,6,0.00,0,0,1,7,0.08,0,0,2,8,0.00,0,0,3,24,0.09,0,0,2,19,0.08,1,0,0
286,150,0,0,18,0,6,0,1,PROTECTING,Field_5,1,PROTECTING,Field_5,1,PROTECTING,Field_7,1,MOVING_TO_FIELD,Field_4,1,MOVING_TO_FIELD,Field_4,1,PROTECTING,Field_2,1,PROTECTING,Field_5,1,PROTECTING,Field_7,1,PROTECTING,Field_5,1,MOVING_TO_FIELD,Field_4,1,PROTECTING,Field_2,1,PROTECTING,Field_5,1,PROTECTING,Field_5,1,PROTECTING,Field_2,1,PROTECTING,Field_2,1,PROTECTING,Field_5,1,PROTECTING,Field_12,1,PROTECTING,Field_2,1,MOVING_TO_FIELD,Field_4,1,PROTECTING,Field_5,1,PROTECTING,Field_2,1,MOVING_TO_FIELD,Field_4,1,MOVING_TO_FIELD,Field_4,1,PROTECTING,Field_5,18,0.00,0,0,2,17,0.07,6,0,0,21,0.05,0,0,1,0,0.11,0,6,6,0,0.11,9,0,0,2,0.05,0,0,3,28,0.09,2,0,0,6,0.00,0,0,1,7,0.05,0,0,2,8,0.00,0,0,3,24,0.09,0,0,2,19,0.08,1,0,0
287,150,0,0,18,0,6,0,1,PROTECTING,Field_5,1,PROTECTING,Field_5,1,PROTECTING,Field_7,1,MOVING_TO_FIELD,Field_4,1,MOVING_TO_FIELD,Field_4,1,PROTECTING,Field_2,1,PROTECTING,Field_5,1,PROTECTING,Field_7,1,PROTECTING,Field_5,1,MOVING_TO_FIELD,Field_4,1,PROTECTING,Field_2,1,PROTECTING,Field_5,1,PROTECTING,Field_5,1,PROTECTING,Field_2,1,PROTECTING,Field_2,1,PROTECTING,Field_5,1,PROTECTING,Field_12,1,PROTECTING,Field_2,1,MOVING_TO_FIELD,Field_4,1,PROTECTING,Field_5,1,PROTECTING,Field_2,1,MOVING_TO_FIELD,Field_4,1,MOVING_TO_FIELD,Field_4,1,PROTECTING,Field_5,18,0.00,0,0,2,17,0.08,6,0,0,21,0.07,0,0,1,0,0.11,0,6,6,0,0.11,9,0,0,2,0.05,0,0,3,28,0.06,2,0,0,6,0.02,0,0,1,7,0.07,0,0,2,8,0.00,0,0,3,24,0.09,0,0,2,19,0.08,1,0,0
288,150,0,0,18,0,6,0,1,PROTECTING,Field_5,1,PROTECTING,Field_5,1,PROTECTING,Field_7,1,MOVING_TO_FIELD,Field_4,1,MOVING_TO_FIELD,Field_4,1,PROTECTING,Field_2,1,PROTECTING,Field_5,1,PROTECTING,Field_7,1,PROTECTING,Field_5,1,MOVING_TO_FIELD,Field_4,1,PROTECTING,Field_2,1,PROTECTING,Field_5,1,PROTECTING,Field_5,1,PROTECTING,Field_2,1,PROTECTING,Field_2,1,PROTECTING,Field_5,1,PROTECTING,Field_12,1,PROTECTING,Field_2,1,MOVING_TO_FIELD,Field_4,1,PROTECTING,Field_5,1,PROTECTING,Field_2,1,MOVING_TO_FIELD,Field_4,1,MOVING_TO_FIELD,Field_4,1,PROTECTING,Field_5,18,0.00,0,0,2,17,0.09,6,0,0,21,0.07,0,0,1,0,0.11,0,6,6,0,0.10,9,0,0,2,0.05,0,0,3,28,0.06,2,0,0,6,0.02,0,0,1,7,0.10,0,0,2,8,0.00,0,0,3,24,0.09,0,0,2,19,0.08,1,0,0
289,150,0,0,18,0,6,0,1,PROTECTING,Field_5,1,PROTECTING,Field_5,1,PROTECTING,Field_7,1,MOVING_TO_FIELD,Field_4,1,MOVING_TO_FIELD,Field_4,1,PROTECTING,Field_2,1,PROTECTING,Field_5,1,PROTECTING,Field_7,1,PROTECTING,Field_5,1,MOVING_TO_FIELD,Field_4,1,PROTECTING,Field_2,1,PROTECTING,Field_5,1,PROTECTING,Field_5,1,PROTECTING,Field_2,1,PROTECTING,Field_2,1,PROTECTING,Field_5,1,PROTECTING,Field_12,1,PROTECTING,Field_2,1,MOVING_TO_FIELD,Field_4,1,PROTECTING,Field_5,1,PROTECTING,Field_2,1,MOVING_TO_FIELD,Field_4,1,MOVING_TO_FIELD,Field_4,1,PROTECTING,Field_5,18,0.00,0,0,2,17,0.09,6,0,0,21,0.07,0,0,1,0,0.12,0,6,6,0,0.10,9,0,0,2,0.05,0,0,3,28,0.06,2,0,0,6,0.02,0,0,1,7,0.10,0,0,2,8,0.00,0,0,3,24,0.07,0,0,2,19,0.05,1,0,0
290,150,0,0,18,0,6,0,1,PROTECTING,Field_5,1,PROTECTING,Field_5,1,PROTECTING,Field_7,1,MOVING_TO_FIELD,Field_4,1,MOVING_TO_FIELD,Field_4,1,PROTECTING,Field_2,1,PROTECTING,Field_5,1,PROTECTING,Field_7,1,PROTECTING,Field_5,1,MOVING_TO_FIELD,Field_4,1,PROTECTING,Field_2,1,PROTECTING,Field_5,1,PROTECTING,Field_5,1,PROTECTING,Field_2,1,PROTECTING,Field_2,1,PROTECTING,Field_5,1,PROTECTING,Field_12,1,PROTECTING,Field_2,1,MOVING_TO_FIELD,Field_4,1,PROTECTING,Field_5,1,PROTECTING,Field_2,1,MOVING_TO_FIELD,Field_4,1,MOVING_TO_FIELD,Field_4,1,PROTECTING,Field_5,18,0.00,0,0,2,17,0.09,6,0,0,21,0.07,0,0,1,0,0.11,0,6,6,0,0.08,9,0,0,2,0.05,0,0,3,28,0.06,2,0,0,6,0.02,0,0,1,7,0.10,0,0,2,8,0.00,0,0,3,24,0.07,0,0,2,19,0.03,1,0,0
291,150,0,0,15,0,9,0,1,PROTECTING,Field_5,1,PROTECTING,Field_5,1,MOVING_TO_FIELD,Field_9,1,MOVING_TO_FIELD,Field_4,1,MOVING_TO_FIELD,Field_4,1,PROTECTING,Field_2,1,PROTECTING,Field_5,1,MOVING_TO_FIELD,Field_9,1,PROTECTING,Field_5,1,MOVING_TO_FIELD,Field_4,1,PROTECTING,Field_2,1,PROTECTING,Field_5,1,PROTECTING,Field_5,1,PROTECTING,Field_2,1,PROTECTING,Field_2,1,PROTECTING,Field_5,1,MOVING_TO_FIELD,Field_3,1,PROTECTING,Field_2,1,MOVING_TO_FIELD,Field_4,1,PROTECTING,Field_5,1,PROTECTING,Field_2,1,MOVING_TO_FIELD,Field_4,1,MOVING_TO_FIELD,Field_4,1,PROTECTING,Field_5,18,0.00,0,0,2,17,0.10,6,0,0,21,0.07,0,1,1,0,0.11,0,6,6,0,0.10,9,0,0,2,0.05,0,0,3,28,0.07,0,0,2,6,0.02,0,0,1,7,0.12,0,2,2,8,0.02,0,0,3,24,0.07,0,0,2,19,0.03,0,0,1
292,150,0,0,15,0,9,0,1,PROTECTING,Field_5,1,PROTECTING,Field_5,1,MOVING_TO_FIELD,Field_9,1,MOVING_TO_FIELD,Field_4,1,MOVING_TO_FIELD,Field_4,1,PROTECTING,Field_2,1,PROTECTING,Field_5,1,MOVING_TO_FIELD,Field_9,1,PROTECTING,Field_5,1,MOVING_TO_FIELD,Field_4,1,PROTECTING,Field_2,1,PROTECTING,Field_5,1,PROTECTING,Field_5,1,PROTECTING,Field_2,1,PROTECTING,Field_2,1,PROTECTING,Field_5,1,MOVING_TO_FIELD,Field_3,1,PROTECTING,Field_2,1,MOVING_TO_FIELD,Field_4,1,PROTECTING,Field_5,1,PROTECTING,Field_2,1,MOVING_TO_FIELD,Field_4,1,MOVING_TO_FIELD,Field_4,1,PROTECTING,Field_5,18,0.00,0,0,2,17,0.10,6,0,0,21,0.08,0,1,1,0,0.12,0,6,6,0,0.10,9,0,0,2,0.05,0,0,3,28,0.07,0,0,2,6,0.02,0,0,1,7,0.12,0,2,2,8,0.02,0,0,3,24,0.07,0,0,2,19,0.00,0,0,1
293,151,0,0,15,0,9,0,1,PROTECTING,Field_5,1,PROTECTING,Field_5,1,MOVING_TO_FIELD,Field_9,1,MOVING_TO_FIELD,Field_4,1,MOVING_TO_FIELD,Field_4,1,PROTECTING,Field_2,1,PROTECTING,Field_5,1,MOVING_TO_FIELD,Field_9,1,PROTECTING,Field_5,1,MOVING_TO_FIELD,Field_4,1,PROTECTING,Field_2,1,PROTECTING,Field_5,1,PROTECTING,Field_5,1,PROTECTING,Field_2,1,PROTECTING,Field_2,1,PROTECTING,Field_5,1,MOVING_TO_FIELD,Field_3,1,PROTECTING,Field_2,1,MOVING_TO_FIELD,Field_4,1,PROTECTING,Field_5,1,PROTECTING,Field_2,1,MOVING_TO_FIELD,Field_4,1,MOVING_TO_FIELD,Field_4,1,PROTECTING,Field_5,18,0.00,0,0,2,17,0.10,6,0,0,22,0.08,0,1,1,0,0.09,0,6,6,0,0.10,9,0,0,2,0.05,0,0,3,28,0.06,0,0,2,6,0.02,0,0,1,7,0.12,0,2,2,8,0.02,0,0,3,24,0.07,0,0,2,19,0.00,0,0,1
294,151,0,0,15,0,9,0,1,PROTECTING,Field_5,1,PROTECTING,Field_5,1,MOVING_TO_FIELD,Field_9,1,MOVING_TO_FIELD,Field_4,1,MOVING_TO_FIELD,Field_4,1,PROTECTING,Field_2,1,PROTECTING,Field_5,1,MOVING_TO_FIELD,Field_9,1,PROTECTING,Field_5,1,MOVING_TO_FIELD,Field_4,1,PROTECTING,Field_2,1,PROTECTING,Field_5,1,PROTECTING,Field_5,1,PROTECTING,Field_2,1,PROTECTING,Field_2,1,PROTECTING,Field_5,1,MOVING_TO_FIELD,Field_3,1,PROTECTING,Field_2,1,MOVING_TO_FIELD,Field_4,1,PROTECTING,Field_5,1,PROTECTING,Field_2,1,MOVING_TO_FIELD,Field_4,1,MOVING_TO_FIELD,Field_4,1,PROTECTING,Field_5,18,0.00,0,0,2,17,0.10,6,0,0,22,0.09,0,1,1,0,0.11,0,6,6,0,0.11,9,0,0,2,0.05,0,0,3,28,0.06,0,0,2,6,0.02,0,0,1,7,0.15,0,2,2,8,0.02,0,0,3,24,0.07,0,0,2,19,0.00,0,0,1
295,152,0,0,15,0,9,0,1,PROTECTING,Field_5,1,PROTECTING,Field_5,1,MOVING_TO_FIELD,Field_9,1,MOVING_TO_FIELD,Field_4,1,MOVING_TO_FIELD,Field_4,1,PROTECTING,Field_2,1,PROTECTING,Field_5,1,MOVING_TO_FIELD,Field_9,1,PROTECTING,Field_5,1,MOVING_TO_FIELD,Field_4,1,PROTECTING,Field_2,1,PROTECTING,Field_5,1,PROTECTING,Field_5,1,PROTECTING,Field_2,1,PROTECTING,Field_2,1,PROTECTING,Field_5,1,MOVING_TO_FIELD,Field_3,1,PROTECTING,Field_2,1,MOVING_TO_FIELD,Field_4,1,PROTECTING,Field_5,1,PROTECTING,Field_2,1,MOVING_TO_FIELD,Field_4,1,MOVING_TO_FIELD,Field_4,1,PROTECTING,Field_5,18,0.00,0,0,2,17,0.09,6,0,0,23,0.09,0,1,1,0,0.11,0,6,6,0,0.11,9,0,0,2,0.05,0,0,3,28,0.06,0,0,2,6,0.02,0,0,1,7,0.14,0,2,2,8,0.02,0,0,3,24,0.07,0,0,2,19,0.00,0,0,1
296,152,0,0,15,0,9,0,1,PROTECTING,Field_5,1,PROTECTING,Field_5,1,MOVING_TO_FIELD,Field_9,1,MOVING_TO_FIELD,Field_4,1,MOVING_TO_FIELD,Field_4,1,PROTECTING,Field_2,1,PROTECTING,Field_5,1,MOVING_TO_FIELD,Field_9,1,PROTECTING,Field_5,1,MOVING_TO_FIELD,Field_4,1,PROTECTING,Field_2,1,PROTECTING,Field_5,1,PROTECTING,Field_5,1,PROTECTING,Field_2,1,PROTECTING,Field_2,1,PROTECTING,Field_5,1,MOVING_TO_FIELD,Field_3,1,PROTECTING,Field_2,1,MOVING_TO_FIELD,Field_4,1,PROTECTING,Field_5,1,PROTECTING,Field_2,1,MOVING_TO_FIELD,Field_4,1,MOVING_TO_FIELD,Field_4,1,PROTECTING,Field_5,18,0.00,0,0,2,17,0.09,6,0,0,23,0.08,0,1,1,0,0.11,0,6,6,0,0.12,9,0,0,2,0.05,0,0,3,28,0.06,0,0,2,6,0.02,0,0,1,7,0.13,0,2,2,8,0.02,0,0,3,24,0.07,0,0,2,19,0.03,0,0,1
297,152,0,0,16,0,8,0,1,PROTECTING,Field_5,1,PROTECTING,Field_5,1,MOVING_TO_FIELD,Field_9,1,PROTECTING,Field_4,1,MOVING_TO_FIELD,Field_4,1,PROTECTING,Field_2,1,PROTECTING,Field_5,1,MOVING_TO_FIELD,Field_9,1,PROTECTING,Field_5,1,MOVING_TO_FIELD,Field_4,1,PROTECTING,Field_2,1,PROTECTING,Field_5,1,PROTECTING,Field_5,1,PROTECTING,Field_2,1,PROTECTING,Field_2,1,PROTECTING,Field_5,1,MOVING_TO_FIELD,Field_3,1,PROTECTING,Field_2,1,MOVING_TO_FIELD,Field_4,1,PROTECTING,Field_5,1,PROTECTING,Field_2,1,MOVING_TO_FIELD,Field_4,1,MOVING_TO_FIELD,Field_4,1,PROTECTING,Field_5,18,0.00,0,0,2,17,0.08,6,0,0,23,0.09,0,1,1,0,0.11,1,5,5,0,0.12,9,0,0,2,0.05,0,0,3,28,0.06,0,0,2,6,0.02,0,0,1,7,0.12,0,2,2,8,0.02,0,0,3,24,0.07,0,0,2,19,0.03,0,0,1
298,153,0,0,17,0,7,0,1,PROTECTING,Field_5,1,PROTECTING,Field_5,1,MOVING_TO_FIELD,Field_9,1,PROTECTING,Field_4,1,MOVING_TO_FIELD,Field_4,1,PROTECTING,Field_2,1,PROTECTING,Field_5,1,MOVING_TO_FIELD,Field_9,1,PROTECTING,Field_5,1,PROTECTING,Field_4,1,PROTECTING,Field_2,1,PROTECTING,Field_5,1,PROTECTING,Field_5,1,PROTECTING,Field_2,1,PROTECTING,Field_2,1,PROTECTING,Field_5,1,MOVING_TO_FIELD,Field_3,1,PROTECTING,Field_2,1,MOVING_TO_FIELD,Field_4,1,PROTECTING,Field_5,1,PROTECTING,Field_2,1,MOVING_TO_FIELD,Field_4,1,MOVING_TO_FIELD,Field_4,1,PROTECTING,Field_5,18,0.00,0,0,2,17,0.08,6,0,0,24,0.11,0,1,1,0,0.11,2,4,4,0,0.13,9,0,0,2,0.04,0,0,3,28,0.05,0,0,2,6,0.02,0,0,1,7,0.11,0,2,2,8,0.02,0,0,3,24,0.05,0,0,2,19,0.03,0,0,1
299,153,0,0,17,0,7,0,1,PROTECTING,Field_5,1,PROTECTING,Field_5,1,MOVING_TO_FIELD,Field_9,1,PROTECTING,Field_4,1,MOVING_TO_FIELD,Field_4,1,PROTECTING,Field_2,1,PROTECTING,Field_5,1,MOVING_TO_FIELD,Field_9,1,PROTECTING,Field_5,1,PROTECTING,Field_4,1,PROTECTING,Field_2,1,PROTECTING,Field_5,1,PROTECTING,Field_5,1,PROTECTING,Field_2,1,PROTECTING,Field_2,1,PROTECTING,Field_5,1,MOVING_TO_FIELD,Field_3,1,PROTECTING,Field_2,1,MOVING_TO_FIELD,Field_4,1,PROTECTING,Field_5,1,PROTECTING,Field_2,1,MOVING_TO_FIELD,Field_4,1,MOVING_TO_FIELD,Field_4,1,PROTECTING,Field_5,18,0.02,0,0,2,17,0.09,6,0,0,24,0.11,0,1,1,0,0.09,2,4,4,0,0.15,9,0,0,2,0.04,0,0,3,28,0.05,0,0,2,6,0.02,0,0,1,7,0.11,0,2,2,8,0.00,0,0,3,24,0.07,0,0,2,19,0.03,0,0,1
300,153,0,0,17,0,7,0,1,PROTECTING,Field_5,1,PROTECTING,Field_5,1,MOVING_TO_FIELD,Field_9,1,PROTECTING,Field_4,1,MOVING_TO_FIELD,Field_4,1,PROTECTING,Field_2,1,PROTECTING,Field_5,1,MOVING_TO_FIELD,Field_9,1,PROTECTING,Field_5,1,PROTECTING,Field_4,1,PROTECTING,Field_2,1,PROTECTING,Field_5,1,PROTECTING,Field_5,1,PROTECTING,Field_2,1,PROTECTING,Field_2,1,PROTECTING,Field_5,1,MOVING_TO_FIELD,Field_3,1,PROTECTING,Field_2,1,MOVING_TO_FIELD,Field_4,1,PROTECTING,Field_5,1,PROTECTING,Field_2,1,MOVING_TO_FIELD,Field_4,1,MOVING_TO_FIELD,Field_4,1,PROTECTING,Field_5,18,0.02,0,0,2,17,0.10,6,0,0,24,0.09,0,1,1,0,0.09,2,4,4,0,0.15,9,0,0,2,0.04,0,0,3,28,0.05,0,0,2,6,0.02,0,0,1,7,0.12,0,2,2,8,0.02,0,0,3,24,0.07,0,0,2,19,0.03,0,0,1
