step,damage,IDLE,CHARGING,PROTECTING,MOVING_TO_CHARGER,MOVING_TO_FIELD,TERMINATED,Drone_1_battery,Drone_1_state,Drone_1_target,Drone_2_battery,Drone_2_state,Drone_2_target,Drone_3_battery,Drone_3_state,Drone_3_target,Drone_4_battery,Drone_4_state,Drone_4_target,Drone_5_battery,Drone_5_state,Drone_5_target,Drone_6_battery,Drone_6_state,Drone_6_target,Drone_7_battery,Drone_7_state,Drone_7_target,Drone_8_battery,Drone_8_state,Drone_8_target,Drone_9_battery,Drone_9_state,Drone_9_target,Drone_10_battery,Drone_10_state,Drone_10_target,Drone_11_battery,Drone_11_state,Drone_11_target,Drone_12_battery,Drone_12_state,Drone_12_target,Drone_13_battery,Drone_13_state,Drone_13_target,Drone_14_battery,Drone_14_state,Drone_14_target,Drone_15_battery,Drone_15_state,Drone_15_target,Drone_16_battery,Drone_16_state,Drone_16_target,Drone_17_battery,Drone_17_state,Drone_17_target,Drone_18_battery,Drone_18_state,Drone_18_target,Drone_19_battery,Drone_19_state,Drone_19_target,Drone_20_battery,Drone_20_state,Drone_20_target,Drone_21_battery,Drone_21_state,Drone_21_target,Drone_22_battery,Drone_22_state,Drone_22_target,Drone_23_battery,Drone_23_state,Drone_23_target,Drone_24_battery,Drone_24_state,Drone_24_target,Field_1_damage,Field_1_threat_level,Field_1_protecting_drones,Field_1_arriving_drones,Field_1_drones_for_full_protection,Field_2_damage,Field_2_threat_level,Field_2_protecting_drones,Field_2_arriving_drones,Field_2_drones_for_full_protection,Field_3_damage,Field_3_threat_level,Field_3_protecting_drones,Field_3_arriving_drones,Field_3_drones_for_full_protection,Field_4_damage,Field_4_threat_level,Field_4_protecting_drones,Field_4_arriving_drones,Field_4_drones_for_full_protection,Field_5_damage,Field_5_threat_level,Field_5_protecting_drones,Field_5_arriving_drones,Field_5_drones_for_full_protection,Field_6_damage,Field_6_threat_level,Field_6_protecting_drones,Field_6_arriving_drones,Field_6_drones_for_full_protection,Field_7_damage,Field_7_threat_level,Field_7_protecting_drones,Field_7_arriving_drones,Field_7_drones_for_full_protection,Field_8_damage,Field_8_threat_level,Field_8_protecting_drones,Field_8_arriving_drones,Field_8_drones_for_full_protection,Field_9_damage,Field_9_threat_level,Field_9_protecting_drones,Field_9_arriving_drones,Field_9_drones_for_full_protection,Field_10_damage,Field_10_threat_level,Field_10_protecting_drones,Field_10_arriving_drones,Field_10_drones_for_full_protection,Field_11_damage,Field_11_threat_level,Field_11_protecting_drones,Field_11_arriving_drones,Field_11_drones_for_full_protection,Field_12_damage,Field_12_threat_level,Field_12_protecting_drones,Field_12_arriving_drones,Field_12_drones_for_full_protection
1,0,0,0,0,0,24,0,1,MOVING_TO_FIELD,Field_5,1,MOVING_TO_FIELD,Field_6,1,MOVING_TO_FIELD,Field_5,1,MOVING_TO_FIELD,Field_4,1,MOVING_TO_FIELD,Field_4,1,MOVING_TO_FIELD,Field_6,1,MOVING_TO_FIELD,Field_2,1,MOVING_TO_FIELD,Field_4,1,MOVING_TO_FIELD,Field_2,1,MOVING_TO_FIELD,Field_5,1,MOVING_TO_FIELD,Field_5,1,MOVING_TO_FIELD,Field_5,1,MOVING_TO_FIELD,Field_2,1,MOVING_TO_FIELD,Field_6,1,MOVING_TO_FIELD,Field_2,1,MOVING_TO_FIELD,Field_5,1,MOVING_TO_FIELD,Field_2,1,MOVING_TO_FIELD,Field_5,1,MOVING_TO_FIELD,Field_4,1,MOVING_TO_FIELD,Field_4,1,MOVING_TO_FIELD,Field_5,1,MOVING_TO_FIELD,Field_2,1,MOVING_TO_FIELD,Field_4,1,MOVING_TO_FIELD,Field_5,0,0.05,0,0,2,0,0.10,0,6,6,0,0.01,0,0,1,0,0.28,0,6,6,0,0.13,0,9,9,0,0.12,0,3,3,0,0.05,0,0,2,0,0.00,0,0,1,0,0.04,0,0,2,0,0.03,0,0,3,0,0.05,0,0,2,0,0.05,0,0,1
2,0,0,0,0,0,24,0,1,MOVING_TO_FIELD,Field_5,1,MOVING_TO_FIELD,Field_6,1,MOVING_TO_FIELD,Field_5,1,MOVING_TO_FIELD,Field_4,1,MOVING_TO_FIELD,Field_4,1,MOVING_TO_FIELD,Field_6,1,MOVING_TO_FIELD,Field_2,1,MOVING_TO_FIELD,Field_4,1,MOVING_TO_FIELD,Field_2,1,MOVING_TO_FIELD,Field_5,1,MOVING_TO_FIELD,Field_5,1,MOVING_TO_FIELD,Field_5,1,MOVING_TO_FIELD,Field_2,1,MOVING_TO_FIELD,Field_6,1,MOVING_TO_FIELD,Field_2,1,MOVING_TO_FIELD,Field_5,1,MOVING_TO_FIELD,Field_2,1,MOVING_TO_FIELD,Field_5,1,MOVING_TO_FIELD,Field_4,1,MOVING_TO_FIELD,Field_4,1,MOVING_TO_FIELD,Field_5,1,MOVING_TO_FIELD,Field_2,1,MOVING_TO_FIELD,Field_4,1,MOVING_TO_FIELD,Field_5,0,0.05,0,0,2,0,0.10,0,6,6,0,0.01,0,0,1,0,0.28,0,6,6,0,0.13,0,9,9,0,0.12,0,3,3,0,0.05,0,0,2,0,0.00,0,0,1,0,0.04,0,0,2,0,0.03,0,0,3,0,0.05,0,0,2,0,0.05,0,0,1
3,0,0,0,0,0,24,0,1,MOVING_TO_FIELD,Field_5,1,MOVING_TO_FIELD,Field_6,1,MOVING_TO_FIELD,Field_5,1,MOVING_TO_FIELD,Field_4,1,MOVING_TO_FIELD,Field_4,1,MOVING_TO_FIELD,Field_6,1,MOVING_TO_FIELD,Field_2,1,MOVING_TO_FIELD,Field_4,1,MOVING_TO_FIELD,Field_2,1,MOVING_TO_FIELD,Field_5,1,MOVING_TO_FIELD,Field_5,1,MOVING_TO_FIELD,Field_5,1,MOVING_TO_FIELD,Field_2,1,MOVING_TO_FIELD,Field_6,1,MOVING_TO_FIELD,Field_2,1,MOVING_TO_FIELD,Field_5,1,MOVING_TO_FIELD,Field_2,1,MOVING_TO_FIELD,Field_5,1,MOVING_TO_FIELD,Field_4,1,MOVING_TO_FIELD,Field_4,1,MOVING_TO_FIELD,Field_5,1,MOVING_TO_FIELD,Field_2,1,MOVING_TO_FIELD,Field_4,1,MOVING_TO_FIELD,Field_5,0,0.06,0,0,2,0,0.09,0,6,6,0,0.01,0,0,1,0,0.28,0,6,6,0,0.12,0,9,9,0,0.12,0,3,3,0,0.05,0,0,2,0,0.00,0,0,1,0,0.04,0,0,2,0,0.03,0,0,3,0,0.09,0,0,2,0,0.05,0,0,1
4,0,0,0,0,0,24,0,1,MOVING_TO_FIELD,Field_5,1,MOVING_TO_FIELD,Field_6,1,MOVING_TO_FIELD,Field_5,1,MOVING_TO_FIELD,Field_4,1,MOVING_TO_FIELD,Field_4,1,MOVING_TO_FIELD,Field_6,1,MOVING_TO_FIELD,Field_2,1,MOVING_TO_FIELD,Field_4,1,MOVING_TO_FIELD,Field_2,1,MOVING_TO_FIELD,Field_5,1,MOVING_TO_FIELD,Field_5,1,MOVING_TO_FIELD,Field_5,1,MOVING_TO_FIELD,Field_2,1,MOVING_TO_FIELD,Field_6,1,MOVING_TO_FIELD,Field_2,1,MOVING_TO_FIELD,Field_5,1,MOVING_TO_FIELD,Field_2,1,MOVING_TO_FIELD,Field_5,1,MOVING_TO_FIELD,Field_4,1,MOVING_TO_FIELD,Field_4,1,MOVING_TO_FIELD,Field_5,1,MOVING_TO_FIELD,Field_2,1,MOVING_TO_FIELD,Field_4,1,MOVING_TO_FIELD,Field_5,0,0.06,0,0,2,0,0.09,0,6,6,0,0.01,0,0,1,0,0.27,0,6,6,0,0.13,0,9,9,0,0.13,0,3,3,0,0.06,0,0,2,0,0.00,0,0,1,0,0.05,0,0,2,0,0.03,0,0,3,0,0.09,0,0,2,0,0.05,0,0,1
5,0,0,0,0,0,24,0,1,MOVING_TO_FIELD,Field_5,1,MOVING_TO_FIELD,Field_6,1,MOVING_TO_FIELD,Field_5,1,MOVING_TO_FIELD,Field_4,1,MOVING_TO_FIELD,Field_4,1,MOVING_TO_FIELD,Field_6,1,MOVING_TO_FIELD,Field_2,1,MOVING_TO_FIELD,Field_4,1,MOVING_TO_FIELD,Field_2,1,MOVING_TO_FIELD,Field_5,1,MOVING_TO_FIELD,Field_5,1,MOVING_TO_FIELD,Field_5,1,MOVING_TO_FIELD,Field_2,1,MOVING_TO_FIELD,Field_6,1,MOVING_TO_FIELD,Field_2,1,MOVING_TO_FIELD,Field_5,1,MOVING_TO_FIELD,Field_2,1,MOVING_TO_FIELD,Field_5,1,MOVING_TO_FIELD,Field_4,1,MOVING_TO_FIELD,Field_4,1,MOVING_TO_FIELD,Field_5,1,MOVING_TO_FIELD,Field_2,1,MOVING_TO_FIELD,Field_4,1,MOVING_TO_FIELD,Field_5,0,0.08,0,0,2,0,0.09,0,6,6,0,0.01,0,0,1,0,0.30,0,6,6,0,0.14,0,9,9,0,0.13,0,3,3,0,0.06,0,0,2,0,0.00,0,0,1,0,0.05,0,0,2,0,0.03,0,0,3,0,0.09,0,0,2,0,0.05,0,0,1
6,0,0,0,3,0,21,0,1,MOVING_TO_FIELD,Field_5,1,PROTECTING,Field_6,1,MOVING_TO_FIELD,Field_5,1,PROTECTING,Field_4,1,PROTECTING,Field_4,1,MOVING_TO_FIELD,Field_6,1,MOVING_TO_FIELD,Field_2,1,MOVING_TO_FIELD,Field_4,1,MOVING_TO_FIELD,Field_2,1,MOVING_TO_FIELD,Field_5,1,MOVING_TO_FIELD,Field_5,1,MOVING_TO_FIELD,Field_5,1,MOVING_TO_FIELD,Field_2,1,MOVING_TO_FIELD,Field_6,1,MOVING_TO_FIELD,Field_2,1,MOVING_TO_FIELD,Field_5,1,MOVING_TO_FIELD,Field_2,1,MOVING_TO_FIELD,Field_5,1,MOVING_TO_FIELD,Field_4,1,MOVING_TO_FIELD,Field_4,1,MOVING_TO_FIELD,Field_5,1,MOVING_TO_FIELD,Field_2,1,MOVING_TO_FIELD,Field_4,1,MOVING_TO_FIELD,Field_5,0,0.11,0,0,2,0,0.09,0,6,6,0,0.01,0,0,1,0,0.28,2,4,4,0,0.14,0,9,9,0,0.13,1,2,2,0,0.07,0,0,2,0,0.00,0,0,1,0,0.05,0,0,2,0,0.03,0,0,3,0,0.07,0,0,2,0,0.05,0,0,1
7,0,0,0,3,0,21,0,1,MOVING_TO_FIELD,Field_5,1,PROTECTING,Field_6,1,MOVING_TO_FIELD,Field_5,1,PROTECTING,Field_4,1,PROTECTING,Field_4,1,MOVING_TO_FIELD,Field_6,1,MOVING_TO_FIELD,Field_2,1,MOVING_TO_FIELD,Field_4,1,MOVING_TO_FIELD,Field_2,1,MOVING_TO_FIELD,Field_5,1,MOVING_TO_FIELD,Field_5,1,MOVING_TO_FIELD,Field_5,1,MOVING_TO_FIELD,Field_2,1,MOVING_TO_FIELD,Field_6,1,MOVING_TO_FIELD,Field_2,1,MOVING_TO_FIELD,Field_5,1,MOVING_TO_FIELD,Field_2,1,MOVING_TO_FIELD,Field_5,1,MOVING_TO_FIELD,Field_4,1,MOVING_TO_FIELD,Field_4,1,MOVING_TO_FIELD,Field_5,1,MOVING_TO_FIELD,Field_2,1,MOVING_TO_FIELD,Field_4,1,MOVING_TO_FIELD,Field_5,0,0.11,0,0,2,0,0.09,0,6,6,0,0.03,0,0,1,0,0.28,2,4,4,0,0.16,0,9,9,0,0.14,1,2,2,0,0.07,0,0,2,0,0.00,0,0,1,0,0.05,0,0,2,0,0.03,0,0,3,0,0.07,0,0,2,0,0.10,0,0,1
8,0,0,0,4,0,20,0,1,MOVING_TO_FIELD,Field_5,1,PROTECTING,Field_6,1,MOVING_TO_FIELD,Field_5,1,PROTECTING,Field_4,1,PROTECTING,Field_4,1,MOVING_TO_FIELD,Field_6,1,MOVING_TO_FIELD,Field_2,1,MOVING_TO_FIELD,Field_4,1,MOVING_TO_FIELD,Field_2,1,MOVING_TO_FIELD,Field_5,1,MOVING_TO_FIELD,Field_5,1,MOVING_TO_FIELD,Field_5,1,MOVING_TO_FIELD,Field_2,1,MOVING_TO_FIELD,Field_6,1,MOVING_TO_FIELD,Field_2,1,MOVING_TO_FIELD,Field_5,1,MOVING_TO_FIELD,Field_2,1,MOVING_TO_FIELD,Field_5,1,PROTECTING,Field_4,1,MOVING_TO_FIELD,Field_4,1,MOVING_TO_FIELD,Field_5,1,MOVING_TO_FIELD,Field_2,1,MOVING_TO_FIELD,Field_4,1,MOVING_TO_FIELD,Field_5,0,0.11,0,0,2,0,0.10,0,6,6,0,0.03,0,0,1,0,0.28,3,3,3,0,0.18,0,9,9,0,0.12,1,2,2,0,0.08,0,0,2,0,0.00,0,0,1,0,0.05,0,0,2,0,0.05,0,0,3,0,0.09,0,0,2,0,0.10,0,0,1
9,0,0,0,5,0,19,0,1,MOVING_TO_FIELD,Field_5,1,PROTECTING,Field_6,1,MOVING_TO_FIELD,Field_5,1,PROTECTING,Field_4,1,PROTECTING,Field_4,1,MOVING_TO_FIELD,Field_6,1,MOVING_TO_FIELD,Field_2,1,MOVING_TO_FIELD,Field_4,1,MOVING_TO_FIELD,Field_2,1,MOVING_TO_FIELD,Field_5,1,PROTECTING,Field_5,1,MOVING_TO_FIELD,Field_5,1,MOVING_TO_FIELD,Field_2,1,MOVING_TO_FIELD,Field_6,1,MOVING_TO_FIELD,Field_2,1,MOVING_TO_FIELD,Field_5,1,MOVING_TO_FIELD,Field_2,1,MOVING_TO_FIELD,Field_5,1,PROTECTING,Field_4,1,MOVING_TO_FIELD,Field_4,1,MOVING_TO_FIELD,Field_5,1,MOVING_TO_FIELD,Field_2,1,MOVING_TO_FIELD,Field_4,1,MOVING_TO_FIELD,Field_5,0,0.11,0,0,2,0,0.09,0,6,6,0,0.03,0,0,1,0,0.28,3,3,3,0,0.18,1,8,8,0,0.12,1,2,2,0,0.09,0,0,2,0,0.00,0,0,1,0,0.05,0,0,2,0,0.07,0,0,3,0,0.11,0,0,2,0,0.10,0,0,1
10,0,0,0,8,0,16,0,1,PROTECTING,Field_5,1,PROTECTING,Field_6,1,MOVING_TO_FIELD,Field_5,1,PROTECTING,Field_4,1,PROTECTING,Field_4,1,MOVING_TO_FIELD,Field_6,1,MOVING_TO_FIELD,Field_2,1,MOVING_TO_FIELD,Field_4,1,MOVING_TO_FIELD,Field_2,1,PROTECTING,Field_5,1,PROTECTING,Field_5,1,MOVING_TO_FIELD,Field_5,1,MOVING_TO_FIELD,Field_2,1,MOVING_TO_FIELD,Field_6,1,MOVING_TO_FIELD,Field_2,1,MOVING_TO_FIELD,Field_5,1,MOVING_TO_FIELD,Field_2,1,MOVING_TO_FIELD,Field_5,1,PROTECTING,Field_4,1,MOVING_TO_FIELD,Field_4,1,MOVING_TO_FIELD,Field_5,1,PROTECTING,Field_2,1,MOVING_TO_FIELD,Field_4,1,MOVING_TO_FIELD,Field_5,0,0.11,0,0,2,0,0.10,1,5,5,0,0.03,0,0,1,0,0.30,3,3,3,0,0.18,3,6,6,0,0.13,1,2,2,0,0.08,0,0,2,0,0.05,0,0,1,0,0.05,0,0,2,0,0.13,0,0,3,0,0.11,0,0,2,0,0.13,0,0,1
11,0,0,0,9,0,15,0,1,PROTECTING,Field_5,1,PROTECTING,Field_6,1,PROTECTING,Field_5,1,PROTECTING,Field_4,1,PROTECTING,Field_4,1,MOVING_TO_FIELD,Field_6,1,MOVING_TO_FIELD,Field_10,1,PROTECTING,Field_4,1,MOVING_TO_FIELD,Field_11,1,PROTECTING,Field_5,1,PROTECTING,Field_5,1,MOVING_TO_FIELD,Field_5,1,MOVING_TO_FIELD,Field_10,1,MOVING_TO_FIELD,Field_6,1,MOVING_TO_FIELD,Field_11,1,MOVING_TO_FIELD,Field_5,1,MOVING_TO_FIELD,Field_10,1,MOVING_TO_FIELD,Field_5,1,PROTECTING,Field_4,1,MOVING_TO_FIELD,Field_4,1,MOVING_TO_FIELD,Field_5,1,MOVING_TO_FIELD,Field_12,1,MOVING_TO_FIELD,Field_4,1,MOVING_TO_FIELD,Field_5,0,0.13,0,0,2,0,0.11,0,0,6,0,0.03,0,0,1,0,0.31,4,2,2,0,0.18,4,5,5,0,0.14,1,2,2,0,0.08,0,0,2,0,0.05,0,0,1,0,0.04,0,0,2,0,0.13,0,3,3,0,0.11,0,2,2,0,0.13,0,1,1
12,0,0,0,9,0,15,0,1,PROTECTING,Field_5,1,PROTECTING,Field_6,1,PROTECTING,Field_5,1,PROTECTING,Field_4,1,PROTECTING,Field_4,1,MOVING_TO_FIELD,Field_6,1,MOVING_TO_FIELD,Field_10,1,PROTECTING,Field_4,1,MOVING_TO_FIELD,Field_11,1,PROTECTING,Field_5,1,PROTECTING,Field_5,1,MOVING_TO_FIELD,Field_5,1,MOVING_TO_FIELD,Field_10,1,MOVING_TO_FIELD,Field_6,1,MOVING_TO_FIELD,Field_11,1,MOVING_TO_FIELD,Field_5,1,MOVING_TO_FIELD,Field_10,1,MOVING_TO_FIELD,Field_5,1,PROTECTING,Field_4,1,MOVING_TO_FIELD,Field_4,1,MOVING_TO_FIELD,Field_5,1,MOVING_TO_FIELD,Field_12,1,MOVING_TO_FIELD,Field_4,1,MOVING_TO_FIELD,Field_5,0,0.15,0,0,2,0,0.12,0,0,6,0,0.03,0,0,1,0,0.34,4,2,2,0,0.20,4,5,5,0,0.14,1,2,2,0,0.08,0,0,2,0,0.07,0,0,1,0,0.04,0,0,2,0,0.13,0,3,3,0,0.11,0,2,2,0,0.15,0,1,1
13,0,0,0,11,0,13,0,1,PROTECTING,Field_5,1,PROTECTING,Field_6,1,PROTECTING,Field_5,1,PROTECTING,Field_4,1,PROTECTING,Field_4,1,MOVING_TO_FIELD,Field_6,1,MOVING_TO_FIELD,Field_10,1,PROTECTING,Field_4,1,MOVING_TO_FIELD,Field_11,1,PROTECTING,Field_5,1,PROTECTING,Field_5,1,MOVING_TO_FIELD,Field_5,1,PROTECTING,Field_10,1,PROTECTING,Field_6,1,MOVING_TO_FIELD,Field_11,1,MOVING_TO_FIELD,Field_5,1,MOVING_TO_FIELD,Field_10,1,MOVING_TO_FIELD,Field_5,1,PROTECTING,Field_4,1,MOVING_TO_FIELD,Field_4,1,MOVING_TO_FIELD,Field_5,1,MOVING_TO_FIELD,Field_12,1,MOVING_TO_FIELD,Field_4,1,MOVING_TO_FIELD,Field_5,0,0.13,0,0,2,0,0.13,0,0,6,0,0.04,0,0,1,0,0.35,4,2,2,0,0.21,4,5,5,0,0.14,2,1,1,0,0.09,0,0,2,0,0.10,0,0,1,0,0.04,0,0,2,0,0.16,1,2,2,0,0.11,0,2,2,0,0.15,0,1,1
14,1,0,0,13,0,11,0,1,PROTECTING,Field_5,1,PROTECTING,Field_6,1,PROTECTING,Field_5,1,PROTECTING,Field_4,1,PROTECTING,Field_4,1,MOVING_TO_FIELD,Field_6,1,MOVING_TO_FIELD,Field_10,1,PROTECTING,Field_4,1,MOVING_TO_FIELD,Field_11,1,PROTECTING,Field_5,1,PROTECTING,Field_5,1,PROTECTING,Field_5,1,PROTECTING,Field_10,1,PROTECTING,Field_6,1,MOVING_TO_FIELD,Field_11,1,PROTECTING,Field_5,1,MOVING_TO_FIELD,Field_10,1,MOVING_TO_FIELD,Field_5,1,PROTECTING,Field_4,1,MOVING_TO_FIELD,Field_4,1,MOVING_TO_FIELD,Field_5,1,MOVING_TO_FIELD,Field_12,1,MOVING_TO_FIELD,Field_4,1,MOVING_TO_FIELD,Field_5,0,0.13,0,0,2,0,0.14,0,0,6,0,0.07,0,0,1,0,0.35,4,2,2,0,0.21,6,3,3,0,0.13,2,1,1,0,0.10,0,0,2,0,0.10,0,0,1,0,0.04,0,0,2,0,0.16,1,2,2,0,0.11,0,2,2,1,0.15,0,1,1
15,1,0,0,13,0,11,0,1,PROTECTING,Field_5,1,PROTECTING,Field_6,1,PROTECTING,Field_5,1,PROTECTING,Field_4,1,PROTECTING,Field_4,1,MOVING_TO_FIELD,Field_6,1,MOVING_TO_FIELD,Field_10,1,PROTECTING,Field_4,1,MOVING_TO_FIELD,Field_11,1,PROTECTING,Field_5,1,PROTECTING,Field_5,1,PROTECTING,Field_5,1,PROTECTING,Field_10,1,PROTECTING,Field_6,1,MOVING_TO_FIELD,Field_11,1,PROTECTING,Field_5,1,MOVING_TO_FIELD,Field_10,1,MOVING_TO_FIELD,Field_5,1,PROTECTING,Field_4,1,MOVING_TO_FIELD,Field_4,1,MOVING_TO_FIELD,Field_5,1,MOVING_TO_FIELD,Field_12,1,MOVING_TO_FIELD,Field_4,1,MOVING_TO_FIELD,Field_5,0,0.16,0,0,2,0,0.15,0,0,6,0,0.07,0,0,1,0,0.38,4,2,2,0,0.23,6,3,3,0,0.14,2,1,1,0,0.10,0,0,2,0,0.10,0,0,1,0,0.04,0,0,2,0,0.20,1,2,2,0,0.11,0,2,2,1,0.15,0,1,1
16,2,0,0,13,0,11,0,1,PROTECTING,Field_5,1,PROTECTING,Field_6,1,PROTECTING,Field_5,1,PROTECTING,Field_4,1,PROTECTING,Field_4,1,MOVING_TO_FIELD,Field_6,1,MOVING_TO_FIELD,Field_10,1,PROTECTING,Field_4,1,MOVING_TO_FIELD,Field_11,1,PROTECTING,Field_5,1,PROTECTING,Field_5,1,PROTECTING,Field_5,1,PROTECTING,Field_10,1,PROTECTING,Field_6,1,MOVING_TO_FIELD,Field_11,1,PROTECTING,Field_5,1,MOVING_TO_FIELD,Field_10,1,MOVING_TO_FIELD,Field_5,1,PROTECTING,Field_4,1,MOVING_TO_FIELD,Field_4,1,MOVING_TO_FIELD,Field_5,1,MOVING_TO_FIELD,Field_12,1,MOVING_TO_FIELD,Field_4,1,MOVING_TO_FIELD,Field_5,0,0.15,0,0,2,0,0.15,0,0,6,0,0.09,0,0,1,0,0.39,4,2,2,0,0.24,6,3,3,0,0.16,2,1,1,0,0.12,0,0,2,0,0.10,0,0,1,0,0.04,0,0,2,0,0.21,1,2,2,0,0.11,0,2,2,2,0.15,0,1,1
17,2,0,0,14,0,10,0,1,PROTECTING,Field_5,1,PROTECTING,Field_6,1,PROTECTING,Field_5,1,PROTECTING,Field_4,1,PROTECTING,Field_4,1,MOVING_TO_FIELD,Field_6,1,MOVING_TO_FIELD,Field_10,1,PROTECTING,Field_4,1,MOVING_TO_FIELD,Field_11,1,PROTECTING,Field_5,1,PROTECTING,Field_5,1,PROTECTING,Field_5,1,PROTECTING,Field_10,1,PROTECTING,Field_6,1,MOVING_TO_FIELD,Field_11,1,PROTECTING,Field_5,1,MOVING_TO_FIELD,Field_10,1,MOVING_TO_FIELD,Field_5,1,PROTECTING,Field_4,1,MOVING_TO_FIELD,Field_4,1,PROTECTING,Field_5,1,MOVING_TO_FIELD,Field_12,1,MOVING_TO_FIELD,Field_4,1,MOVING_TO_FIELD,Field_5,0,0.15,0,0,2,0,0.13,0,0,6,0,0.12,0,0,1,0,0.39,4,2,2,0,0.25,7,2,2,0,0.16,2,1,1,0,0.12,0,0,2,0,0.10,0,0,1,0,0.05,0,0,2,0,0.23,1,2,2,0,0.11,0,2,2,2,0.15,0,1,1
18,2,0,0,14,0,10,0,1,PROTECTING,Field_5,1,PROTECTING,Field_6,1,PROTECTING,Field_5,1,PROTECTING,Field_4,1,PROTECTING,Field_4,1,MOVING_TO_FIELD,Field_6,1,MOVING_TO_FIELD,Field_10,1,PROTECTING,Field_4,1,MOVING_TO_FIELD,Field_11,1,PROTECTING,Field_5,1,PROTECTING,Field_5,1,PROTECTING,Field_5,1,PROTECTING,Field_10,1,PROTECTING,Field_6,1,MOVING_TO_FIELD,Field_11,1,PROTECTING,Field_5,1,MOVING_TO_FIELD,Field_10,1,MOVING_TO_FIELD,Field_5,1,PROTECTING,Field_4,1,MOVING_TO_FIELD,Field_4,1,PROTECTING,Field_5,1,MOVING_TO_FIELD,Field_12,1,MOVING_TO_FIELD,Field_4,1,MOVING_TO_FIELD,Field_5,0,0.13,0,0,2,0,0.14,0,0,6,0,0.13,0,0,1,0,0.41,4,2,2,0,0.26,7,2,2,0,0.16,2,1,1,0,0.11,0,0,2,0,0.10,0,0,1,0,0.05,0,0,2,0,0.25,1,2,2,0,0.12,0,2,2,2,0.15,0,1,1
19,3,0,0,16,0,8,0,1,PROTECTING,Field_5,1,PROTECTING,Field_6,1,PROTECTING,Field_5,1,PROTECTING,Field_4,1,PROTECTING,Field_4,1,MOVING_TO_FIELD,Field_6,1,MOVING_TO_FIELD,Field_10,1,PROTECTING,Field_4,1,MOVING_TO_FIELD,Field_11,1,PROTECTING,Field_5,1,PROTECTING,Field_5,1,PROTECTING,Field_5,1,PROTECTING,Field_10,1,PROTECTING,Field_6,1,MOVING_TO_FIELD,Field_11,1,PROTECTING,Field_5,1,MOVING_TO_FIELD,Field_10,1,PROTECTING,Field_5,1,PROTECTING,Field_4,1,PROTECTING,Field_4,1,PROTECTING,Field_5,1,MOVING_TO_FIELD,Field_12,1,MOVING_TO_FIELD,Field_4,1,MOVING_TO_FIELD,Field_5,0,0.16,0,0,2,0,0.14,0,0,6,0,0.13,0,0,1,0,0.41,5,1,1,0,0.27,8,1,1,0,0.16,2,1,1,0,0.12,0,0,2,0,0.12,0,0,1,0,0.05,0,0,2,0,0.23,1,2,2,0,0.12,0,2,2,3,0.15,0,1,1
20,3,0,0,18,0,6,0,1,PROTECTING,Field_5,1,PROTECTING,Field_6,1,PROTECTING,Field_5,1,PROTECTING,Field_4,1,PROTECTING,Field_4,1,MOVING_TO_FIELD,Field_6,1,MOVING_TO_FIELD,Field_10,1,PROTECTING,Field_4,1,PROTECTING,Field_11,1,PROTECTING,Field_5,1,PROTECTING,Field_5,1,PROTECTING,Field_5,1,PROTECTING,Field_10,1,PROTECTING,Field_6,1,PROTECTING,Field_11,1,PROTECTING,Field_5,1,MOVING_TO_FIELD,Field_10,1,PROTECTING,Field_5,1,PROTECTING,Field_4,1,PROTECTING,Field_4,1,PROTECTING,Field_5,1,MOVING_TO_FIELD,Field_12,1,MOVING_TO_FIELD,Field_4,1,MOVING_TO_FIELD,Field_5,0,0.18,0,0,2,0,0.15,0,0,6,0,0.13,0,0,1,0,0.42,5,1,1,0,0.28,8,1,1,0,0.18,2,1,1,0,0.12,0,0,2,0,0.10,0,0,1,0,0.04,0,0,2,0,0.25,1,2,2,0,0.14,2,0,0,3,0.18,0,1,1
21,5,0,0,17,0,7,0,1,PROTECTING,Field_5,1,PROTECTING,Field_6,1,PROTECTING,Field_5,1,PROTECTING,Field_4,1,PROTECTING,Field_4,1,MOVING_TO_FIELD,Field_6,1,MOVING_TO_FIELD,Field_10,1,PROTECTING,Field_4,1,MOVING_TO_FIELD,Field_1,1,PROTECTING,Field_5,1,PROTECTING,Field_5,1,PROTECTING,Field_5,1,PROTECTING,Field_10,1,PROTECTING,Field_6,1,MOVING_TO_FIELD,Field_1,1,PROTECTING,Field_5,1,MOVING_TO_FIELD,Field_10,1,PROTECTING,Field_5,1,PROTECTING,Field_4,1,PROTECTING,Field_4,1,PROTECTING,Field_5,1,MOVING_TO_FIELD,Field_12,1,PROTECTING,Field_4,1,MOVING_TO_FIELD,Field_5,0,0.16,0,2,2,0,0.17,0,0,6,0,0.13,0,0,1,0,0.41,6,0,0,1,0.28,8,1,1,0,0.19,2,1,1,1,0.13,0,0,2,0,0.12,0,0,1,0,0.04,0,0,2,0,0.25,1,2,2,0,0.14,0,0,2,3,0.21,0,1,1
22,6,0,0,18,0,6,0,1,PROTECTING,Field_5,1,PROTECTING,Field_6,1,PROTECTING,Field_5,1,PROTECTING,Field_4,1,PROTECTING,Field_4,1,PROTECTING,Field_6,1,MOVING_TO_FIELD,Field_10,1,PROTECTING,Field_4,1,MOVING_TO_FIELD,Field_1,1,PROTECTING,Field_5,1,PROTECTING,Field_5,1,PROTECTING,Field_5,1,PROTECTING,Field_10,1,PROTECTING,Field_6,1,MOVING_TO_FIELD,Field_1,1,PROTECTING,Field_5,1,MOVING_TO_FIELD,Field_10,1,PROTECTING,Field_5,1,PROTECTING,Field_4,1,PROTECTING,Field_4,1,PROTECTING,Field_5,1,MOVING_TO_FIELD,Field_12,1,PROTECTING,Field_4,1,MOVING_TO_FIELD,Field_5,0,0.18,0,2,2,0,0.17,0,0,6,0,0.13,0,0,1,0,0.42,6,0,0,1,0.29,8,1,1,0,0.19,3,0,0,1,0.14,0,0,2,0,0.12,0,0,1,0,0.03,0,0,2,0,0.28,1,2,2,0,0.14,0,0,2,4,0.21,0,1,1
23,6,0,0,18,0,6,0,1,PROTECTING,Field_5,1,PROTECTING,Field_6,1,PROTECTING,Field_5,1,PROTECTING,Field_4,1,PROTECTING,Field_4,1,PROTECTING,Field_6,1,MOVING_TO_FIELD,Field_10,1,PROTECTING,Field_4,1,MOVING_TO_FIELD,Field_1,1,PROTECTING,Field_5,1,PROTECTING,Field_5,1,PROTECTING,Field_5,1,PROTECTING,Field_10,1,PROTECTING,Field_6,1,MOVING_TO_FIELD,Field_1,1,PROTECTING,Field_5,1,MOVING_TO_FIELD,Field_10,1,PROTECTING,Field_5,1,PROTECTING,Field_4,1,PROTECTING,Field_4,1,PROTECTING,Field_5,1,MOVING_TO_FIELD,Field_12,1,PROTECTING,Field_4,1,MOVING_TO_FIELD,Field_5,0,0.18,0,2,2,0,0.17,0,0,6,0,0.13,0,0,1,0,0.41,6,0,0,1,0.30,8,1,1,0,0.19,3,0,0,1,0.14,0,0,2,0,0.12,0,0,1,0,0.03,0,0,2,0,0.30,1,2,2,0,0.18,0,0,2,4,0.21,0,1,1
24,12,0,0,18,0,6,0,1,PROTECTING,Field_5,1,PROTECTING,Field_6,1,PROTECTING,Field_5,1,PROTECTING,Field_4,1,PROTECTING,Field_4,1,PROTECTING,Field_6,1,MOVING_TO_FIELD,Field_10,1,PROTECTING,Field_4,1,MOVING_TO_FIELD,Field_1,1,PROTECTING,Field_5,1,PROTECTING,Field_5,1,PROTECTING,Field_5,1,PROTECTING,Field_10,1,PROTECTING,Field_6,1,MOVING_TO_FIELD,Field_1,1,PROTECTING,Field_5,1,MOVING_TO_FIELD,Field_10,1,PROTECTING,Field_5,1,PROTECTING,Field_4,1,PROTECTING,Field_4,1,PROTECTING,Field_5,1,MOVING_TO_FIELD,Field_12,1,PROTECTING,Field_4,1,MOVING_TO_FIELD,Field_5,1,0.18,0,2,2,1,0.17,0,0,6,0,0.13,0,0,1,0,0.42,6,0,0,1,0.30,8,1,1,0,0.19,3,0,0,3,0.15,0,0,2,0,0.12,0,0,1,0,0.03,0,0,2,1,0.30,1,2,2,0,0.20,0,0,2,5,0.21,0,1,1
25,14,0,0,18,0,6,0,1,PROTECTING,Field_5,1,PROTECTING,Field_6,1,PROTECTING,Field_5,1,PROTECTING,Field_4,1,PROTECTING,Field_4,1,PROTECTING,Field_6,1,MOVING_TO_FIELD,Field_10,1,PROTECTING,Field_4,1,MOVING_TO_FIELD,Field_1,1,PROTECTING,Field_5,1,PROTECTING,Field_5,1,PROTECTING,Field_5,1,PROTECTING,Field_10,1,PROTECTING,Field_6,1,MOVING_TO_FIELD,Field_1,1,PROTECTING,Field_5,1,MOVING_TO_FIELD,Field_10,1,PROTECTING,Field_5,1,PROTECTING,Field_4,1,PROTECTING,Field_4,1,PROTECTING,Field_5,1,MOVING_TO_FIELD,Field_12,1,PROTECTING,Field_4,1,MOVING_TO_FIELD,Field_5,2,0.18,0,2,2,1,0.18,0,0,6,1,0.13,0,0,1,0,0.43,6,0,0,1,0.30,8,1,1,0,0.18,3,0,0,3,0.15,0,0,2,0,0.10,0,0,1,0,0.03,0,0,2,1,0.30,1,2,2,0,0.20,0,0,2,5,0.21,0,1,1
26,16,0,0,18,0,6,0,1,PROTECTING,Field_5,1,PROTECTING,Field_6,1,PROTECTING,Field_5,1,PROTECTING,Field_4,1,PROTECTING,Field_4,1,PROTECTING,Field_6,1,MOVING_TO_FIELD,Field_10,1,PROTECTING,Field_4,1,MOVING_TO_FIELD,Field_1,1,PROTECTING,Field_5,1,PROTECTING,Field_5,1,PROTECTING,Field_5,1,PROTECTING,Field_10,1,PROTECTING,Field_6,1,MOVING_TO_FIELD,Field_1,1,PROTECTING,Field_5,1,MOVING_TO_FIELD,Field_10,1,PROTECTING,Field_5,1,PROTECTING,Field_4,1,PROTECTING,Field_4,1,PROTECTING,Field_5,1,MOVING_TO_FIELD,Field_12,1,PROTECTING,Field_4,1,MOVING_TO_FIELD,Field_5,2,0.18,0,2,2,2,0.16,0,0,6,1,0.13,0,0,1,0,0.42,6,0,0,1,0.31,8,1,1,0,0.18,3,0,0,3,0.15,0,0,2,0,0.12,0,0,1,0,0.03,0,0,2,2,0.30,1,2,2,0,0.20,0,0,2,5,0.21,0,1,1
27,20,0,0,19,0,5,0,1,PROTECTING,Field_5,1,PROTECTING,Field_6,1,PROTECTING,Field_5,1,PROTECTING,Field_4,1,PROTECTING,Field_4,1,PROTECTING,Field_6,1,MOVING_TO_FIELD,Field_10,1,PROTECTING,Field_4,1,MOVING_TO_FIELD,Field_1,1,PROTECTING,Field_5,1,PROTECTING,Field_5,1,PROTECTING,Field_5,1,PROTECTING,Field_10,1,PROTECTING,Field_6,1,MOVING_TO_FIELD,Field_1,1,PROTECTING,Field_5,1,MOVING_TO_FIELD,Field_10,1,PROTECTING,Field_5,1,PROTECTING,Field_4,1,PROTECTING,Field_4,1,PROTECTING,Field_5,1,MOVING_TO_FIELD,Field_12,1,PROTECTING,Field_4,1,PROTECTING,Field_5,3,0.19,0,2,2,2,0.16,0,0,6,1,0.13,0,0,1,0,0.42,6,0,0,1,0.32,9,0,0,0,0.18,3,0,0,4,0.15,0,0,2,0,0.12,0,0,1,0,0.03,0,0,2,2,0.30,1,2,2,0,0.21,0,0,2,7,0.21,0,1,1
28,27,0,0,19,0,5,0,1,PROTECTING,Field_5,1,PROTECTING,Field_6,1,PROTECTING,Field_5,1,PROTECTING,Field_4,1,PROTECTING,Field_4,1,PROTECTING,Field_6,1,MOVING_TO_FIELD,Field_10,1,PROTECTING,Field_4,1,MOVING_TO_FIELD,Field_1,1,PROTECTING,Field_5,1,PROTECTING,Field_5,1,PROTECTING,Field_5,1,PROTECTING,Field_10,1,PROTECTING,Field_6,1,MOVING_TO_FIELD,Field_1,1,PROTECTING,Field_5,1,MOVING_TO_FIELD,Field_10,1,PROTECTING,Field_5,1,PROTECTING,Field_4,1,PROTECTING,Field_4,1,PROTECTING,Field_5,1,MOVING_TO_FIELD,Field_12,1,PROTECTING,Field_4,1,PROTECTING,Field_5,4,0.19,0,2,2,2,0.16,0,0,6,2,0.13,0,0,1,0,0.41,6,0,0,1,0.32,9,0,0,0,0.18,3,0,0,7,0.14,0,0,2,0,0.12,0,0,1,1,0.04,0,0,2,3,0.30,1,2,2,0,0.23,0,0,2,7,0.13,0,1,1
29,30,0,0,20,0,4,0,1,PROTECTING,Field_5,1,PROTECTING,Field_6,1,PROTECTING,Field_5,1,PROTECTING,Field_4,1,PROTECTING,Field_4,1,PROTECTING,Field_6,1,PROTECTING,Field_10,1,PROTECTING,Field_4,1,MOVING_TO_FIELD,Field_1,1,PROTECTING,Field_5,1,PROTECTING,Field_5,1,PROTECTING,Field_5,1,PROTECTING,Field_10,1,PROTECTING,Field_6,1,MOVING_TO_FIELD,Field_1,1,PROTECTING,Field_5,1,MOVING_TO_FIELD,Field_10,1,PROTECTING,Field_5,1,PROTECTING,Field_4,1,PROTECTING,Field_4,1,PROTECTING,Field_5,1,MOVING_TO_FIELD,Field_12,1,PROTECTING,Field_4,1,PROTECTING,Field_5,4,0.19,0,2,2,2,0.16,0,0,6,3,0.13,0,0,1,0,0.41,6,0,0,1,0.32,9,0,0,0,0.15,3,0,0,7,0.17,0,0,2,0,0.12,0,0,1,1,0.04,0,0,2,4,0.30,2,1,1,1,0.23,0,0,2,7,0.13,0,1,1
30,38,0,0,20,0,4,0,1,PROTECTING,Field_5,1,PROTECTING,Field_6,1,PROTECTING,Field_5,1,PROTECTING,Field_4,1,PROTECTING,Field_4,1,PROTECTING,Field_6,1,PROTECTING,Field_10,1,PROTECTING,Field_4,1,MOVING_TO_FIELD,Field_1,1,PROTECTING,Field_5,1,PROTECTING,Field_5,1,PROTECTING,Field_5,1,PROTECTING,Field_10,1,PROTECTING,Field_6,1,MOVING_TO_FIELD,Field_1,1,PROTECTING,Field_5,1,MOVING_TO_FIELD,Field_10,1,PROTECTING,Field_5,1,PROTECTING,Field_4,1,PROTECTING,Field_4,1,PROTECTING,Field_5,1,MOVING_TO_FIELD,Field_12,1,PROTECTING,Field_4,1,PROTECTING,Field_5,5,0.19,0,2,2,2,0.16,0,0,6,5,0.13,0,0,1,0,0.41,6,0,0,1,0.32,9,0,0,0,0.12,3,0,0,7,0.17,0,0,2,1,0.12,0,0,1,1,0.04,0,0,2,5,0.28,2,1,1,2,0.25,0,0,2,9,0.15,0,1,1
31,43,0,0,17,0,7,0,1,PROTECTING,Field_5,1,MOVING_TO_FIELD,Field_11,1,PROTECTING,Field_5,1,PROTECTING,Field_4,1,PROTECTING,Field_4,1,MOVING_TO_FIELD,Field_7,1,PROTECTING,Field_10,1,PROTECTING,Field_4,1,MOVING_TO_FIELD,Field_1,1,PROTECTING,Field_5,1,PROTECTING,Field_5,1,PROTECTING,Field_5,1,PROTECTING,Field_10,1,MOVING_TO_FIELD,Field_7,1,MOVING_TO_FIELD,Field_1,1,PROTECTING,Field_5,1,MOVING_TO_FIELD,Field_10,1,PROTECTING,Field_5,1,PROTECTING,Field_4,1,PROTECTING,Field_4,1,PROTECTING,Field_5,1,MOVING_TO_FIELD,Field_11,1,PROTECTING,Field_4,1,PROTECTING,Field_5,5,0.19,0,2,2,2,0.17,0,0,6,6,0.11,0,0,1,0,0.41,6,0,0,1,0.32,9,0,0,0,0.08,0,0,3,10,0.17,0,2,2,1,0.12,0,0,1,1,0.05,0,0,2,5,0.28,2,1,1,3,0.23,0,2,2,9,0.15,0,0,1
32,48,0,0,17,0,7,0,1,PROTECTING,Field_5,1,MOVING_TO_FIELD,Field_11,1,PROTECTING,Field_5,1,PROTECTING,Field_4,1,PROTECTING,Field_4,1,MOVING_TO_FIELD,Field_7,1,PROTECTING,Field_10,1,PROTECTING,Field_4,1,MOVING_TO_FIELD,Field_1,1,PROTECTING,Field_5,1,PROTECTING,Field_5,1,PROTECTING,Field_5,1,PROTECTING,Field_10,1,MOVING_TO_FIELD,Field_7,1,MOVING_TO_FIELD,Field_1,1,PROTECTING,Field_5,1,MOVING_TO_FIELD,Field_10,1,PROTECTING,Field_5,1,PROTECTING,Field_4,1,PROTECTING,Field_4,1,PROTECTING,Field_5,1,MOVING_TO_FIELD,Field_11,1,PROTECTING,Field_4,1,PROTECTING,Field_5,6,0.16,0,2,2,2,0.18,0,0,6,8,0.09,0,0,1,0,0.39,6,0,0,1,0.29,9,0,0,0,0.07,0,0,3,10,0.16,0,2,2,1,0.10,0,0,1,1,0.05,0,0,2,5,0.28,2,1,1,4,0.25,0,2,2,10,0.15,0,0,1
33,51,0,0,17,0,7,0,1,PROTECTING,Field_5,1,MOVING_TO_FIELD,Field_11,1,PROTECTING,Field_5,1,PROTECTING,Field_4,1,PROTECTING,Field_4,1,MOVING_TO_FIELD,Field_7,1,PROTECTING,Field_10,1,PROTECTING,Field_4,1,MOVING_TO_FIELD,Field_1,1,PROTECTING,Field_5,1,PROTECTING,Field_5,1,PROTECTING,Field_5,1,PROTECTING,Field_10,1,MOVING_TO_FIELD,Field_7,1,MOVING_TO_FIELD,Field_1,1,PROTECTING,Field_5,1,MOVING_TO_FIELD,Field_10,1,PROTECTING,Field_5,1,PROTECTING,Field_4,1,PROTECTING,Field_4,1,PROTECTING,Field_5,1,MOVING_TO_FIELD,Field_11,1,PROTECTING,Field_4,1,PROTECTING,Field_5,6,0.16,0,2,2,2,0.17,0,0,6,9,0.09,0,0,1,0,0.39,6,0,0,1,0.30,9,0,0,0,0.07,0,0,3,11,0.17,0,2,2,2,0.12,0,0,1,1,0.05,0,0,2,5,0.30,2,1,1,4,0.25,0,2,2,10,0.13,0,0,1
34,55,0,0,17,0,7,0,1,PROTECTING,Field_5,1,MOVING_TO_FIELD,Field_11,1,PROTECTING,Field_5,1,PROTECTING,Field_4,1,PROTECTING,Field_4,1,MOVING_TO_FIELD,Field_7,1,PROTECTING,Field_10,1,PROTECTING,Field_4,1,MOVING_TO_FIELD,Field_1,1,PROTECTING,Field_5,1,PROTECTING,Field_5,1,PROTECTING,Field_5,1,PROTECTING,Field_10,1,MOVING_TO_FIELD,Field_7,1,MOVING_TO_FIELD,Field_1,1,PROTECTING,Field_5,1,MOVING_TO_FIELD,Field_10,1,PROTECTING,Field_5,1,PROTECTING,Field_4,1,PROTECTING,Field_4,1,PROTECTING,Field_5,1,MOVING_TO_FIELD,Field_11,1,PROTECTING,Field_4,1,PROTECTING,Field_5,7,0.16,0,2,2,2,0.16,0,0,6,10,0.08,0,0,1,0,0.38,6,0,0,1,0.30,9,0,0,0,0.07,0,0,3,11,0.18,0,2,2,3,0.12,0,0,1,1,0.05,0,0,2,6,0.30,2,1,1,4,0.23,0,2,2,10,0.13,0,0,1
35,55,0,0,17,0,7,0,1,PROTECTING,Field_5,1,MOVING_TO_FIELD,Field_11,1,PROTECTING,Field_5,1,PROTECTING,Field_4,1,PROTECTING,Field_4,1,MOVING_TO_FIELD,Field_7,1,PROTECTING,Field_10,1,PROTECTING,Field_4,1,MOVING_TO_FIELD,Field_1,1,PROTECTING,Field_5,1,PROTECTING,Field_5,1,PROTECTING,Field_5,1,PROTECTING,Field_10,1,MOVING_TO_FIELD,Field_7,1,MOVING_TO_FIELD,Field_1,1,PROTECTING,Field_5,1,MOVING_TO_FIELD,Field_10,1,PROTECTING,Field_5,1,PROTECTING,Field_4,1,PROTECTING,Field_4,1,PROTECTING,Field_5,1,MOVING_TO_FIELD,Field_11,1,PROTECTING,Field_4,1,PROTECTING,Field_5,7,0.15,0,2,2,2,0.17,0,0,6,10,0.07,0,0,1,0,0.35,6,0,0,1,0.31,9,0,0,0,0.06,0,0,3,11,0.16,0,2,2,3,0.12,0,0,1,1,0.05,0,0,2,6,0.30,2,1,1,4,0.21,0,2,2,10,0.13,0,0,1
36,57,0,0,17,0,7,0,1,PROTECTING,Field_5,1,MOVING_TO_FIELD,Field_11,1,PROTECTING,Field_5,1,PROTECTING,Field_4,1,PROTECTING,Field_4,1,MOVING_TO_FIELD,Field_7,1,PROTECTING,Field_10,1,PROTECTING,Field_4,1,MOVING_TO_FIELD,Field_1,1,PROTECTING,Field_5,1,PROTECTING,Field_5,1,PROTECTING,Field_5,1,PROTECTING,Field_10,1,MOVING_TO_FIELD,Field_7,1,MOVING_TO_FIELD,Field_1,1,PROTECTING,Field_5,1,MOVING_TO_FIELD,Field_10,1,PROTECTING,Field_5,1,PROTECTING,Field_4,1,PROTECTING,Field_4,1,PROTECTING,Field_5,1,MOVING_TO_FIELD,Field_11,1,PROTECTING,Field_4,1,PROTECTING,Field_5,8,0.13,0,2,2,3,0.15,0,0,6,10,0.05,0,0,1,0,0.35,6,0,0,1,0.31,9,0,0,0,0.06,0,0,3,11,0.16,0,2,2,3,0.15,0,0,1,1,0.05,0,0,2,6,0.30,2,1,1,4,0.18,0,2,2,10,0.10,0,0,1
37,58,0,0,19,0,5,0,1,PROTECTING,Field_5,1,MOVING_TO_FIELD,Field_11,1,PROTECTING,Field_5,1,PROTECTING,Field_4,1,PROTECTING,Field_4,1,PROTECTING,Field_7,1,PROTECTING,Field_10,1,PROTECTING,Field_4,1,MOVING_TO_FIELD,Field_1,1,PROTECTING,Field_5,1,PROTECTING,Field_5,1,PROTECTING,Field_5,1,PROTECTING,Field_10,1,MOVING_TO_FIELD,Field_7,1,MOVING_TO_FIELD,Field_1,1,PROTECTING,Field_5,1,PROTECTING,Field_10,1,PROTECTING,Field_5,1,PROTECTING,Field_4,1,PROTECTING,Field_4,1,PROTECTING,Field_5,1,MOVING_TO_FIELD,Field_11,1,PROTECTING,Field_4,1,PROTECTING,Field_5,8,0.13,0,2,2,4,0.15,0,0,6,10,0.05,0,0,1,0,0.34,6,0,0,1,0.29,9,0,0,0,0.05,0,0,3,11,0.15,1,1,1,3,0.12,0,0,1,1,0.05,0,0,2,6,0.31,3,0,0,4,0.14,0,2,2,10,0.10,0,0,1
38,59,0,0,19,0,5,0,1,PROTECTING,Field_5,1,MOVING_TO_FIELD,Field_11,1,PROTECTING,Field_5,1,PROTECTING,Field_4,1,PROTECTING,Field_4,1,PROTECTING,Field_7,1,PROTECTING,Field_10,1,PROTECTING,Field_4,1,MOVING_TO_FIELD,Field_1,1,PROTECTING,Field_5,1,PROTECTING,Field_5,1,PROTECTING,Field_5,1,PROTECTING,Field_10,1,MOVING_TO_FIELD,Field_7,1,MOVING_TO_FIELD,Field_1,1,PROTECTING,Field_5,1,PROTECTING,Field_10,1,PROTECTING,Field_5,1,PROTECTING,Field_4,1,PROTECTING,Field_4,1,PROTECTING,Field_5,1,MOVING_TO_FIELD,Field_11,1,PROTECTING,Field_4,1,PROTECTING,Field_5,8,0.13,0,2,2,4,0.15,0,0,6,10,0.05,0,0,1,0,0.30,6,0,0,1,0.29,9,0,0,0,0.05,0,0,3,11,0.15,1,1,1,3,0.12,0,0,1,1,0.05,0,0,2,6,0.31,3,0,0,4,0.14,0,2,2,11,0.10,0,0,1
39,62,0,0,19,0,5,0,1,PROTECTING,Field_5,1,MOVING_TO_FIELD,Field_11,1,PROTECTING,Field_5,1,PROTECTING,Field_4,1,PROTECTING,Field_4,1,PROTECTING,Field_7,1,PROTECTING,Field_10,1,PROTECTING,Field_4,1,MOVING_TO_FIELD,Field_1,1,PROTECTING,Field_5,1,PROTECTING,Field_5,1,PROTECTING,Field_5,1,PROTECTING,Field_10,1,MOVING_TO_FIELD,Field_7,1,MOVING_TO_FIELD,Field_1,1,PROTECTING,Field_5,1,PROTECTING,Field_10,1,PROTECTING,Field_5,1,PROTECTING,Field_4,1,PROTECTING,Field_4,1,PROTECTING,Field_5,1,MOVING_TO_FIELD,Field_11,1,PROTECTING,Field_4,1,PROTECTING,Field_5,9,0.13,0,2,2,4,0.16,0,0,6,10,0.05,0,0,1,0,0.28,6,0,0,1,0.26,9,0,0,0,0.05,0,0,3,11,0.16,1,1,1,4,0.12,0,0,1,1,0.05,0,0,2,6,0.31,3,0,0,5,0.14,0,2,2,11,0.10,0,0,1
40,62,0,0,19,0,5,0,1,PROTECTING,Field_5,1,MOVING_TO_FIELD,Field_11,1,PROTECTING,Field_5,1,PROTECTING,Field_4,1,PROTECTING,Field_4,1,PROTECTING,Field_7,1,PROTECTING,Field_10,1,PROTECTING,Field_4,1,MOVING_TO_FIELD,Field_1,1,PROTECTING,Field_5,1,PROTECTING,Field_5,1,PROTECTING,Field_5,1,PROTECTING,Field_10,1,MOVING_TO_FIELD,Field_7,1,MOVING_TO_FIELD,Field_1,1,PROTECTING,Field_5,1,PROTECTING,Field_10,1,PROTECTING,Field_5,1,PROTECTING,Field_4,1,PROTECTING,Field_4,1,PROTECTING,Field_5,1,MOVING_TO_FIELD,Field_11,1,PROTECTING,Field_4,1,PROTECTING,Field_5,9,0.13,0,2,2,4,0.14,0,0,6,10,0.05,0,0,1,0,0.27,6,0,0,1,0.26,9,0,0,0,0.05,0,0,3,11,0.17,1,1,1,4,0.10,0,0,1,1,0.06,0,0,2,6,0.31,3,0,0,5,0.12,0,2,2,11,0.10,0,0,1
41,63,0,0,19,0,5,0,1,PROTECTING,Field_5,1,MOVING_TO_FIELD,Field_11,1,PROTECTING,Field_5,1,PROTECTING,Field_4,1,PROTECTING,Field_4,1,PROTECTING,Field_7,1,PROTECTING,Field_10,1,PROTECTING,Field_4,1,MOVING_TO_FIELD,Field_1,1,PROTECTING,Field_5,1,PROTECTING,Field_5,1,PROTECTING,Field_5,1,PROTECTING,Field_10,1,MOVING_TO_FIELD,Field_7,1,MOVING_TO_FIELD,Field_1,1,PROTECTING,Field_5,1,PROTECTING,Field_10,1,PROTECTING,Field_5,1,PROTECTING,Field_4,1,PROTECTING,Field_4,1,PROTECTING,Field_5,1,MOVING_TO_FIELD,Field_11,1,PROTECTING,Field_4,1,PROTECTING,Field_5,9,0.13,0,2,2,4,0.15,0,0,6,10,0.07,0,0,1,0,0.26,6,0,0,1,0.24,9,0,0,0,0.05,0,0,3,11,0.19,1,1,1,4,0.10,0,0,1,1,0.06,0,0,2,6,0.33,3,0,0,6,0.12,0,2,2,11,0.08,0,0,1
42,64,0,0,20,0,4,0,1,PROTECTING,Field_5,1,MOVING_TO_FIELD,Field_11,1,PROTECTING,Field_5,1,PROTECTING,Field_4,1,PROTECTING,Field_4,1,PROTECTING,Field_7,1,PROTECTING,Field_10,1,PROTECTING,Field_4,1,MOVING_TO_FIELD,Field_1,1,PROTECTING,Field_5,1,PROTECTING,Field_5,1,PROTECTING,Field_5,1,PROTECTING,Field_10,1,PROTECTING,Field_7,1,MOVING_TO_FIELD,Field_1,1,PROTECTING,Field_5,1,PROTECTING,Field_10,1,PROTECTING,Field_5,1,PROTECTING,Field_4,1,PROTECTING,Field_4,1,PROTECTING,Field_5,1,MOVING_TO_FIELD,Field_11,1,PROTECTING,Field_4,1,PROTECTING,Field_5,9,0.13,0,2,2,4,0.16,0,0,6,10,0.07,0,0,1,0,0.24,6,0,0,1,0.24,9,0,0,0,0.05,0,0,3,11,0.19,2,0,0,4,0.10,0,0,1,1,0.06,0,0,2,6,0.33,3,0,0,6,0.11,0,2,2,12,0.08,0,0,1
43,66,0,0,20,0,4,0,1,PROTECTING,Field_5,1,MOVING_TO_FIELD,Field_11,1,PROTECTING,Field_5,1,PROTECTING,Field_4,1,PROTECTING,Field_4,1,PROTECTING,Field_7,1,PROTECTING,Field_10,1,PROTECTING,Field_4,1,MOVING_TO_FIELD,Field_1,1,PROTECTING,Field_5,1,PROTECTING,Field_5,1,PROTECTING,Field_5,1,PROTECTING,Field_10,1,PROTECTING,Field_7,1,MOVING_TO_FIELD,Field_1,1,PROTECTING,Field_5,1,PROTECTING,Field_10,1,PROTECTING,Field_5,1,PROTECTING,Field_4,1,PROTECTING,Field_4,1,PROTECTING,Field_5,1,MOVING_TO_FIELD,Field_11,1,PROTECTING,Field_4,1,PROTECTING,Field_5,9,0.13,0,2,2,4,0.16,0,0,6,10,0.08,0,0,1,0,0.22,6,0,0,1,0.26,9,0,0,0,0.05,0,0,3,11,0.20,2,0,0,5,0.10,0,0,1,1,0.07,0,0,2,6,0.31,3,0,0,7,0.12,0,2,2,12,0.08,0,0,1
44,67,0,0,20,0,4,0,1,PROTECTING,Field_5,1,MOVING_TO_FIELD,Field_11,1,PROTECTING,Field_5,1,PROTECTING,Field_4,1,PROTECTING,Field_4,1,PROTECTING,Field_7,1,PROTECTING,Field_10,1,PROTECTING,Field_4,1,MOVING_TO_FIELD,Field_1,1,PROTECTING,Field_5,1,PROTECTING,Field_5,1,PROTECTING,Field_5,1,PROTECTING,Field_10,1,PROTECTING,Field_7,1,MOVING_TO_FIELD,Field_1,1,PROTECTING,Field_5,1,PROTECTING,Field_10,1,PROTECTING,Field_5,1,PROTECTING,Field_4,1,PROTECTING,Field_4,1,PROTECTING,Field_5,1,MOVING_TO_FIELD,Field_11,1,PROTECTING,Field_4,1,PROTECTING,Field_5,9,0.11,0,2,2,4,0.16,0,0,6,10,0.08,0,0,1,0,0.19,6,0,0,1,0.24,9,0,0,0,0.05,0,0,3,11,0.21,2,0,0,5,0.10,0,0,1,1,0.07,0,0,2,6,0.28,3,0,0,8,0.11,0,2,2,12,0.08,0,0,1
45,68,0,0,21,0,3,0,1,PROTECTING,Field_5,1,MOVING_TO_FIELD,Field_11,1,PROTECTING,Field_5,1,PROTECTING,Field_4,1,PROTECTING,Field_4,1,PROTECTING,Field_7,1,PROTECTING,Field_10,1,PROTECTING,Field_4,1,PROTECTING,Field_1,1,PROTECTING,Field_5,1,PROTECTING,Field_5,1,PROTECTING,Field_5,1,PROTECTING,Field_10,1,PROTECTING,Field_7,1,MOVING_TO_FIELD,Field_1,1,PROTECTING,Field_5,1,PROTECTING,Field_10,1,PROTECTING,Field_5,1,PROTECTING,Field_4,1,PROTECTING,Field_4,1,PROTECTING,Field_5,1,MOVING_TO_FIELD,Field_11,1,PROTECTING,Field_4,1,PROTECTING,Field_5,9,0.11,1,1,1,4,0.18,0,0,6,11,0.08,0,0,1,0,0.19,6,0,0,1,0.25,9,0,0,0,0.05,0,0,3,11,0.19,2,0,0,5,0.10,0,0,1,1,0.07,0,0,2,6,0.28,3,0,0,8,0.12,0,2,2,12,0.05,0,0,1
46,69,0,0,21,0,3,0,1,PROTECTING,Field_5,1,MOVING_TO_FIELD,Field_11,1,PROTECTING,Field_5,1,PROTECTING,Field_4,1,PROTECTING,Field_4,1,PROTECTING,Field_7,1,PROTECTING,Field_10,1,PROTECTING,Field_4,1,PROTECTING,Field_1,1,PROTECTING,Field_5,1,PROTECTING,Field_5,1,PROTECTING,Field_5,1,PROTECTING,Field_10,1,PROTECTING,Field_7,1,MOVING_TO_FIELD,Field_1,1,PROTECTING,Field_5,1,PROTECTING,Field_10,1,PROTECTING,Field_5,1,PROTECTING,Field_4,1,PROTECTING,Field_4,1,PROTECTING,Field_5,1,MOVING_TO_FIELD,Field_11,1,PROTECTING,Field_4,1,PROTECTING,Field_5,9,0.16,1,1,1,5,0.20,0,0,6,11,0.08,0,0,1,0,0.18,6,0,0,1,0.24,9,0,0,0,0.05,0,0,3,11,0.19,2,0,0,5,0.10,0,0,1,1,0.07,0,0,2,6,0.25,3,0,0,8,0.12,0,2,2,12,0.05,0,0,1
47,69,0,0,21,0,3,0,1,PROTECTING,Field_5,1,MOVING_TO_FIELD,Field_11,1,PROTECTING,Field_5,1,PROTECTING,Field_4,1,PROTECTING,Field_4,1,PROTECTING,Field_7,1,PROTECTING,Field_10,1,PROTECTING,Field_4,1,PROTECTING,Field_1,1,PROTECTING,Field_5,1,PROTECTING,Field_5,1,PROTECTING,Field_5,1,PROTECTING,Field_10,1,PROTECTING,Field_7,1,MOVING_TO_FIELD,Field_1,1,PROTECTING,Field_5,1,PROTECTING,Field_10,1,PROTECTING,Field_5,1,PROTECTING,Field_4,1,PROTECTING,Field_4,1,PROTECTING,Field_5,1,MOVING_TO_FIELD,Field_11,1,PROTECTING,Field_4,1,PROTECTING,Field_5,9,0.16,1,1,1,5,0.20,0,0,6,11,0.08,0,0,1,0,0.18,6,0,0,1,0.24,9,0,0,0,0.05,0,0,3,11,0.16,2,0,0,5,0.10,0,0,1,1,0.07,0,0,2,6,0.23,3,0,0,8,0.12,0,2,2,12,0.03,0,0,1
48,69,0,0,22,0,2,0,1,PROTECTING,Field_5,1,MOVING_TO_FIELD,Field_11,1,PROTECTING,Field_5,1,PROTECTING,Field_4,1,PROTECTING,Field_4,1,PROTECTING,Field_7,1,PROTECTING,Field_10,1,PROTECTING,Field_4,1,PROTECTING,Field_1,1,PROTECTING,Field_5,1,PROTECTING,Field_5,1,PROTECTING,Field_5,1,PROTECTING,Field_10,1,PROTECTING,Field_7,1,PROTECTING,Field_1,1,PROTECTING,Field_5,1,PROTECTING,Field_10,1,PROTECTING,Field_5,1,PROTECTING,Field_4,1,PROTECTING,Field_4,1,PROTECTING,Field_5,1,MOVING_TO_FIELD,Field_11,1,PROTECTING,Field_4,1,PROTECTING,Field_5,9,0.15,2,0,0,5,0.21,0,0,6,11,0.08,0,0,1,0,0.15,6,0,0,1,0.24,9,0,0,0,0.05,0,0,3,11,0.16,2,0,0,5,0.10,0,0,1,1,0.08,0,0,2,6,0.23,3,0,0,8,0.09,0,2,2,12,0.03,0,0,1
49,69,0,0,22,0,2,0,1,PROTECTING,Field_5,1,MOVING_TO_FIELD,Field_11,1,PROTECTING,Field_5,1,PROTECTING,Field_4,1,PROTECTING,Field_4,1,PROTECTING,Field_7,1,PROTECTING,Field_10,1,PROTECTING,Field_4,1,PROTECTING,Field_1,1,PROTECTING,Field_5,1,PROTECTING,Field_5,1,PROTECTING,Field_5,1,PROTECTING,Field_10,1,PROTECTING,Field_7,1,PROTECTING,Field_1,1,PROTECTING,Field_5,1,PROTECTING,Field_10,1,PROTECTING,Field_5,1,PROTECTING,Field_4,1,PROTECTING,Field_4,1,PROTECTING,Field_5,1,MOVING_TO_FIELD,Field_11,1,PROTECTING,Field_4,1,PROTECTING,Field_5,9,0.18,2,0,0,5,0.21,0,0,6,11,0.08,0,0,1,0,0.15,6,0,0,1,0.22,9,0,0,0,0.05,0,0,3,11,0.14,2,0,0,5,0.10,0,0,1,1,0.09,0,0,2,6,0.21,3,0,0,8,0.09,0,2,2,12,0.03,0,0,1
50,69,0,0,22,0,2,0,1,PROTECTING,Field_5,1,MOVING_TO_FIELD,Field_11,1,PROTECTING,Field_5,1,PROTECTING,Field_4,1,PROTECTING,Field_4,1,PROTECTING,Field_7,1,PROTECTING,Field_10,1,PROTECTING,Field_4,1,PROTECTING,Field_1,1,PROTECTING,Field_5,1,PROTECTING,Field_5,1,PROTECTING,Field_5,1,PROTECTING,Field_10,1,PROTECTING,Field_7,1,PROTECTING,Field_1,1,PROTECTING,Field_5,1,PROTECTING,Field_10,1,PROTECTING,Field_5,1,PROTECTING,Field_4,1,PROTECTING,Field_4,1,PROTECTING,Field_5,1,MOVING_TO_FIELD,Field_11,1,PROTECTING,Field_4,1,PROTECTING,Field_5,9,0.16,2,0,0,5,0.21,0,0,6,11,0.09,0,0,1,0,0.15,6,0,0,1,0.24,9,0,0,0,0.06,0,0,3,11,0.13,2,0,0,5,0.10,0,0,1,1,0.10,0,0,2,6,0.15,3,0,0,8,0.07,0,2,2,12,0.03,0,0,1
51,69,0,0,16,0,8,0,1,PROTECTING,Field_5,1,MOVING_TO_FIELD,Field_2,1,PROTECTING,Field_5,1,MOVING_TO_FIELD,Field_2,1,MOVING_TO_FIELD,Field_2,1,PROTECTING,Field_7,1,PROTECTING,Field_10,1,MOVING_TO_FIELD,Field_2,1,PROTECTING,Field_1,1,PROTECTING,Field_5,1,PROTECTING,Field_5,1,PROTECTING,Field_5,1,PROTECTING,Field_10,1,PROTECTING,Field_7,1,PROTECTING,Field_1,1,PROTECTING,Field_5,1,PROTECTING,Field_10,1,PROTECTING,Field_5,1,MOVING_TO_FIELD,Field_8,1,MOVING_TO_FIELD,Field_2,1,PROTECTING,Field_5,1,MOVING_TO_FIELD,Field_2,1,MOVING_TO_FIELD,Field_3,1,PROTECTING,Field_5,9,0.16,2,0,0,5,0.23,0,6,6,11,0.09,0,1,1,0,0.12,0,0,6,1,0.25,9,0,0,0,0.07,0,0,3,11,0.13,2,0,0,5,0.10,0,1,1,1,0.10,0,0,2,6,0.13,3,0,0,8,0.05,0,0,2,12,0.03,0,0,1
52,69,0,0,16,0,8,0,1,PROTECTING,Field_5,1,MOVING_TO_FIELD,Field_2,1,PROTECTING,Field_5,1,MOVING_TO_FIELD,Field_2,1,MOVING_TO_FIELD,Field_2,1,PROTECTING,Field_7,1,PROTECTING,Field_10,1,MOVING_TO_FIELD,Field_2,1,PROTECTING,Field_1,1,PROTECTING,Field_5,1,PROTECTING,Field_5,1,PROTECTING,Field_5,1,PROTECTING,Field_10,1,PROTECTING,Field_7,1,PROTECTING,Field_1,1,PROTECTING,Field_5,1,PROTECTING,Field_10,1,PROTECTING,Field_5,1,MOVING_TO_FIELD,Field_8,1,MOVING_TO_FIELD,Field_2,1,PROTECTING,Field_5,1,MOVING_TO_FIELD,Field_2,1,MOVING_TO_FIELD,Field_3,1,PROTECTING,Field_5,9,0.15,2,0,0,5,0.23,0,6,6,11,0.08,0,1,1,0,0.12,0,0,6,1,0.24,9,0,0,0,0.07,0,0,3,11,0.09,2,0,0,5,0.10,0,1,1,1,0.09,0,0,2,6,0.13,3,0,0,8,0.07,0,0,2,12,0.03,0,0,1
53,70,0,0,16,0,8,0,1,PROTECTING,Field_5,1,MOVING_TO_FIELD,Field_2,1,PROTECTING,Field_5,1,MOVING_TO_FIELD,Field_2,1,MOVING_TO_FIELD,Field_2,1,PROTECTING,Field_7,1,PROTECTING,Field_10,1,MOVING_TO_FIELD,Field_2,1,PROTECTING,Field_1,1,PROTECTING,Field_5,1,PROTECTING,Field_5,1,PROTECTING,Field_5,1,PROTECTING,Field_10,1,PROTECTING,Field_7,1,PROTECTING,Field_1,1,PROTECTING,Field_5,1,PROTECTING,Field_10,1,PROTECTING,Field_5,1,MOVING_TO_FIELD,Field_8,1,MOVING_TO_FIELD,Field_2,1,PROTECTING,Field_5,1,MOVING_TO_FIELD,Field_2,1,MOVING_TO_FIELD,Field_3,1,PROTECTING,Field_5,9,0.16,2,0,0,5,0.24,0,6,6,11,0.08,0,1,1,0,0.12,0,0,6,1,0.25,9,0,0,0,0.06,0,0,3,11,0.07,2,0,0,5,0.10,0,1,1,2,0.09,0,0,2,6,0.10,3,0,0,8,0.07,0,0,2,12,0.03,0,0,1
54,71,0,0,16,0,8,0,1,PROTECTING,Field_5,1,MOVING_TO_FIELD,Field_2,1,PROTECTING,Field_5,1,MOVING_TO_FIELD,Field_2,1,MOVING_TO_FIELD,Field_2,1,PROTECTING,Field_7,1,PROTECTING,Field_10,1,MOVING_TO_FIELD,Field_2,1,PROTECTING,Field_1,1,PROTECTING,Field_5,1,PROTECTING,Field_5,1,PROTECTING,Field_5,1,PROTECTING,Field_10,1,PROTECTING,Field_7,1,PROTECTING,Field_1,1,PROTECTING,Field_5,1,PROTECTING,Field_10,1,PROTECTING,Field_5,1,MOVING_TO_FIELD,Field_8,1,MOVING_TO_FIELD,Field_2,1,PROTECTING,Field_5,1,MOVING_TO_FIELD,Field_2,1,MOVING_TO_FIELD,Field_3,1,PROTECTING,Field_5,9,0.18,2,0,0,5,0.25,0,6,6,11,0.07,0,1,1,0,0.09,0,0,6,1,0.24,9,0,0,0,0.05,0,0,3,11,0.06,2,0,0,5,0.10,0,1,1,3,0.08,0,0,2,6,0.10,3,0,0,8,0.07,0,0,2,12,0.03,0,0,1
55,71,0,0,16,0,8,0,1,PROTECTING,Field_5,1,MOVING_TO_FIELD,Field_2,1,PROTECTING,Field_5,1,MOVING_TO_FIELD,Field_2,1,MOVING_TO_FIELD,Field_2,1,PROTECTING,Field_7,1,PROTECTING,Field_10,1,MOVING_TO_FIELD,Field_2,1,PROTECTING,Field_1,1,PROTECTING,Field_5,1,PROTECTING,Field_5,1,PROTECTING,Field_5,1,PROTECTING,Field_10,1,PROTECTING,Field_7,1,PROTECTING,Field_1,1,PROTECTING,Field_5,1,PROTECTING,Field_10,1,PROTECTING,Field_5,1,MOVING_TO_FIELD,Field_8,1,MOVING_TO_FIELD,Field_2,1,PROTECTING,Field_5,1,MOVING_TO_FIELD,Field_2,1,MOVING_TO_FIELD,Field_3,1,PROTECTING,Field_5,9,0.16,2,0,0,5,0.26,0,6,6,11,0.07,0,1,1,0,0.09,0,0,6,1,0.23,9,0,0,0,0.05,0,0,3,11,0.06,2,0,0,5,0.10,0,1,1,3,0.08,0,0,2,6,0.10,3,0,0,8,0.05,0,0,2,12,0.03,0,0,1
56,75,0,0,16,0,8,0,1,PROTECTING,Field_5,1,MOVING_TO_FIELD,Field_2,1,PROTECTING,Field_5,1,MOVING_TO_FIELD,Field_2,1,MOVING_TO_FIELD,Field_2,1,PROTECTING,Field_7,1,PROTECTING,Field_10,1,MOVING_TO_FIELD,Field_2,1,PROTECTING,Field_1,1,PROTECTING,Field_5,1,PROTECTING,Field_5,1,PROTECTING,Field_5,1,PROTECTING,Field_10,1,PROTECTING,Field_7,1,PROTECTING,Field_1,1,PROTECTING,Field_5,1,PROTECTING,Field_10,1,PROTECTING,Field_5,1,MOVING_TO_FIELD,Field_8,1,MOVING_TO_FIELD,Field_2,1,PROTECTING,Field_5,1,MOVING_TO_FIELD,Field_2,1,MOVING_TO_FIELD,Field_3,1,PROTECTING,Field_5,9,0.16,2,0,0,6,0.29,0,6,6,11,0.05,0,1,1,0,0.08,0,0,6,1,0.23,9,0,0,0,0.05,0,0,3,11,0.06,2,0,0,6,0.10,0,1,1,5,0.09,0,0,2,6,0.08,3,0,0,8,0.05,0,0,2,12,0.03,0,0,1
57,76,0,0,16,0,8,0,1,PROTECTING,Field_5,1,MOVING_TO_FIELD,Field_2,1,PROTECTING,Field_5,1,MOVING_TO_FIELD,Field_2,1,MOVING_TO_FIELD,Field_2,1,PROTECTING,Field_7,1,PROTECTING,Field_10,1,MOVING_TO_FIELD,Field_2,1,PROTECTING,Field_1,1,PROTECTING,Field_5,1,PROTECTING,Field_5,1,PROTECTING,Field_5,1,PROTECTING,Field_10,1,PROTECTING,Field_7,1,PROTECTING,Field_1,1,PROTECTING,Field_5,1,PROTECTING,Field_10,1,PROTECTING,Field_5,1,MOVING_TO_FIELD,Field_8,1,MOVING_TO_FIELD,Field_2,1,PROTECTING,Field_5,1,MOVING_TO_FIELD,Field_2,1,MOVING_TO_FIELD,Field_3,1,PROTECTING,Field_5,9,0.16,2,0,0,6,0.29,0,6,6,11,0.09,0,1,1,0,0.11,0,0,6,1,0.23,9,0,0,0,0.05,0,0,3,11,0.06,2,0,0,7,0.10,0,1,1,5,0.09,0,0,2,6,0.07,3,0,0,8,0.07,0,0,2,12,0.03,0,0,1
58,76,0,0,18,0,6,0,1,PROTECTING,Field_5,1,MOVING_TO_FIELD,Field_2,1,PROTECTING,Field_5,1,PROTECTING,Field_2,1,PROTECTING,Field_2,1,PROTECTING,Field_7,1,PROTECTING,Field_10,1,MOVING_TO_FIELD,Field_2,1,PROTECTING,Field_1,1,PROTECTING,Field_5,1,PROTECTING,Field_5,1,PROTECTING,Field_5,1,PROTECTING,Field_10,1,PROTECTING,Field_7,1,PROTECTING,Field_1,1,PROTECTING,Field_5,1,PROTECTING,Field_10,1,PROTECTING,Field_5,1,MOVING_TO_FIELD,Field_8,1,MOVING_TO_FIELD,Field_2,1,PROTECTING,Field_5,1,MOVING_TO_FIELD,Field_2,1,MOVING_TO_FIELD,Field_3,1,PROTECTING,Field_5,9,0.16,2,0,0,6,0.31,2,4,4,11,0.09,0,1,1,0,0.09,0,0,6,1,0.20,9,0,0,0,0.05,0,0,3,11,0.03,2,0,0,7,0.10,0,1,1,5,0.09,0,0,2,6,0.07,3,0,0,8,0.07,0,0,2,12,0.00,0,0,1
59,79,0,0,18,0,6,0,1,PROTECTING,Field_5,1,MOVING_TO_FIELD,Field_2,1,PROTECTING,Field_5,1,PROTECTING,Field_2,1,PROTECTING,Field_2,1,PROTECTING,Field_7,1,PROTECTING,Field_10,1,MOVING_TO_FIELD,Field_2,1,PROTECTING,Field_1,1,PROTECTING,Field_5,1,PROTECTING,Field_5,1,PROTECTING,Field_5,1,PROTECTING,Field_10,1,PROTECTING,Field_7,1,PROTECTING,Field_1,1,PROTECTING,Field_5,1,PROTECTING,Field_10,1,PROTECTING,Field_5,1,MOVING_TO_FIELD,Field_8,1,MOVING_TO_FIELD,Field_2,1,PROTECTING,Field_5,1,MOVING_TO_FIELD,Field_2,1,MOVING_TO_FIELD,Field_3,1,PROTECTING,Field_5,9,0.15,2,0,0,6,0.30,2,4,4,13,0.09,0,1,1,0,0.09,0,0,6,1,0.21,9,0,0,0,0.06,0,0,3,11,0.02,2,0,0,7,0.10,0,1,1,6,0.08,0,0,2,6,0.08,3,0,0,8,0.07,0,0,2,12,0.00,0,0,1
60,81,0,0,19,0,5,0,1,PROTECTING,Field_5,1,MOVING_TO_FIELD,Field_2,1,PROTECTING,Field_5,1,PROTECTING,Field_2,1,PROTECTING,Field_2,1,PROTECTING,Field_7,1,PROTECTING,Field_10,1,MOVING_TO_FIELD,Field_2,1,PROTECTING,Field_1,1,PROTECTING,Field_5,1,PROTECTING,Field_5,1,PROTECTING,Field_5,1,PROTECTING,Field_10,1,PROTECTING,Field_7,1,PROTECTING,Field_1,1,PROTECTING,Field_5,1,PROTECTING,Field_10,1,PROTECTING,Field_5,1,MOVING_TO_FIELD,Field_8,1,MOVING_TO_FIELD,Field_2,1,PROTECTING,Field_5,1,PROTECTING,Field_2,1,MOVING_TO_FIELD,Field_3,1,PROTECTING,Field_5,9,0.13,2,0,0,6,0.29,3,3,3,15,0.09,0,1,1,0,0.09,0,0,6,1,0.20,9,0,0,0,0.06,0,0,3,11,0.02,2,0,0,7,0.10,0,1,1,6,0.08,0,0,2,6,0.07,3,0,0,8,0.09,0,0,2,12,0.00,0,0,1
61,81,0,0,20,0,4,0,1,PROTECTING,Field_5,1,PROTECTING,Field_2,1,PROTECTING,Field_5,1,PROTECTING,Field_2,1,PROTECTING,Field_2,1,PROTECTING,Field_7,1,PROTECTING,Field_10,1,MOVING_TO_FIELD,Field_2,1,PROTECTING,Field_1,1,PROTECTING,Field_5,1,PROTECTING,Field_5,1,PROTECTING,Field_5,1,PROTECTING,Field_10,1,PROTECTING,Field_7,1,PROTECTING,Field_1,1,PROTECTING,Field_5,1,PROTECTING,Field_10,1,PROTECTING,Field_5,1,MOVING_TO_FIELD,Field_8,1,MOVING_TO_FIELD,Field_2,1,PROTECTING,Field_5,1,PROTECTING,Field_2,1,MOVING_TO_FIELD,Field_3,1,PROTECTING,Field_5,9,0.11,2,0,0,6,0.29,4,2,2,15,0.09,0,1,1,0,0.09,0,0,6,1,0.19,9,0,0,0,0.06,0,0,3,11,0.02,2,0,0,7,0.10,0,1,1,6,0.08,0,0,2,6,0.05,3,0,0,8,0.09,0,0,2,12,0.00,0,0,1
62,81,0,0,20,0,4,0,1,PROTECTING,Field_5,1,PROTECTING,Field_2,1,PROTECTING,Field_5,1,PROTECTING,Field_2,1,PROTECTING,Field_2,1,PROTECTING,Field_7,1,PROTECTING,Field_10,1,MOVING_TO_FIELD,Field_2,1,PROTECTING,Field_1,1,PROTECTING,Field_5,1,PROTECTING,Field_5,1,PROTECTING,Field_5,1,PROTECTING,Field_10,1,PROTECTING,Field_7,1,PROTECTING,Field_1,1,PROTECTING,Field_5,1,PROTECTING,Field_10,1,PROTECTING,Field_5,1,MOVING_TO_FIELD,Field_8,1,MOVING_TO_FIELD,Field_2,1,PROTECTING,Field_5,1,PROTECTING,Field_2,1,MOVING_TO_FIELD,Field_3,1,PROTECTING,Field_5,9,0.08,2,0,0,6,0.28,4,2,2,15,0.09,0,1,1,0,0.08,0,0,6,1,0.20,9,0,0,0,0.07,0,0,3,11,0.02,2,0,0,7,0.10,0,1,1,6,0.08,0,0,2,6,0.05,3,0,0,8,0.11,0,0,2,12,0.00,0,0,1
63,82,0,0,21,0,3,0,1,PROTECTING,Field_5,1,PROTECTING,Field_2,1,PROTECTING,Field_5,1,PROTECTING,Field_2,1,PROTECTING,Field_2,1,PROTECTING,Field_7,1,PROTECTING,Field_10,1,PROTECTING,Field_2,1,PROTECTING,Field_1,1,PROTECTING,Field_5,1,PROTECTING,Field_5,1,PROTECTING,Field_5,1,PROTECTING,Field_10,1,PROTECTING,Field_7,1,PROTECTING,Field_1,1,PROTECTING,Field_5,1,PROTECTING,Field_10,1,PROTECTING,Field_5,1,MOVING_TO_FIELD,Field_8,1,MOVING_TO_FIELD,Field_2,1,PROTECTING,Field_5,1,PROTECTING,Field_2,1,MOVING_TO_FIELD,Field_3,1,PROTECTING,Field_5,9,0.06,2,0,0,6,0.27,5,1,1,16,0.11,0,1,1,0,0.08,0,0,6,1,0.20,9,0,0,0,0.07,0,0,3,11,0.03,2,0,0,7,0.10,0,1,1,6,0.08,0,0,2,6,0.03,3,0,0,8,0.11,0,0,2,12,0.00,0,0,1
64,82,0,0,21,0,3,0,1,PROTECTING,Field_5,1,PROTECTING,Field_2,1,PROTECTING,Field_5,1,PROTECTING,Field_2,1,PROTECTING,Field_2,1,PROTECTING,Field_7,1,PROTECTING,Field_10,1,PROTECTING,Field_2,1,PROTECTING,Field_1,1,PROTECTING,Field_5,1,PROTECTING,Field_5,1,PROTECTING,Field_5,1,PROTECTING,Field_10,1,PROTECTING,Field_7,1,PROTECTING,Field_1,1,PROTECTING,Field_5,1,PROTECTING,Field_10,1,PROTECTING,Field_5,1,MOVING_TO_FIELD,Field_8,1,MOVING_TO_FIELD,Field_2,1,PROTECTING,Field_5,1,PROTECTING,Field_2,1,MOVING_TO_FIELD,Field_3,1,PROTECTING,Field_5,9,0.06,2,0,0,6,0.28,5,1,1,16,0.09,0,1,1,0,0.08,0,0,6,1,0.19,9,0,0,0,0.08,0,0,3,11,0.03,2,0,0,7,0.10,0,1,1,6,0.07,0,0,2,6,0.02,3,0,0,8,0.12,0,0,2,12,0.00,0,0,1
65,82,0,0,21,0,3,0,1,PROTECTING,Field_5,1,PROTECTING,Field_2,1,PROTECTING,Field_5,1,PROTECTING,Field_2,1,PROTECTING,Field_2,1,PROTECTING,Field_7,1,PROTECTING,Field_10,1,PROTECTING,Field_2,1,PROTECTING,Field_1,1,PROTECTING,Field_5,1,PROTECTING,Field_5,1,PROTECTING,Field_5,1,PROTECTING,Field_10,1,PROTECTING,Field_7,1,PROTECTING,Field_1,1,PROTECTING,Field_5,1,PROTECTING,Field_10,1,PROTECTING,Field_5,1,MOVING_TO_FIELD,Field_8,1,MOVING_TO_FIELD,Field_2,1,PROTECTING,Field_5,1,PROTECTING,Field_2,1,MOVING_TO_FIELD,Field_3,1,PROTECTING,Field_5,9,0.06,2,0,0,6,0.27,5,1,1,16,0.09,0,1,1,0,0.08,0,0,6,1,0.17,9,0,0,0,0.08,0,0,3,11,0.02,2,0,0,7,0.10,0,1,1,6,0.08,0,0,2,6,0.02,3,0,0,8,0.12,0,0,2,12,0.00,0,0,1
66,83,0,0,22,0,2,0,1,PROTECTING,Field_5,1,PROTECTING,Field_2,1,PROTECTING,Field_5,1,PROTECTING,Field_2,1,PROTECTING,Field_2,1,PROTECTING,Field_7,1,PROTECTING,Field_10,1,PROTECTING,Field_2,1,PROTECTING,Field_1,1,PROTECTING,Field_5,1,PROTECTING,Field_5,1,PROTECTING,Field_5,1,PROTECTING,Field_10,1,PROTECTING,Field_7,1,PROTECTING,Field_1,1,PROTECTING,Field_5,1,PROTECTING,Field_10,1,PROTECTING,Field_5,1,MOVING_TO_FIELD,Field_8,1,PROTECTING,Field_2,1,PROTECTING,Field_5,1,PROTECTING,Field_2,1,MOVING_TO_FIELD,Field_3,1,PROTECTING,Field_5,9,0.06,2,0,0,6,0.28,6,0,0,16,0.08,0,1,1,0,0.07,0,0,6,1,0.15,9,0,0,0,0.08,0,0,3,11,0.02,2,0,0,7,0.10,0,1,1,7,0.08,0,0,2,6,0.02,3,0,0,8,0.11,0,0,2,12,0.00,0,0,1
67,83,0,0,22,0,2,0,1,PROTECTING,Field_5,1,PROTECTING,Field_2,1,PROTECTING,Field_5,1,PROTECTING,Field_2,1,PROTECTING,Field_2,1,PROTECTING,Field_7,1,PROTECTING,Field_10,1,PROTECTING,Field_2,1,PROTECTING,Field_1,1,PROTECTING,Field_5,1,PROTECTING,Field_5,1,PROTECTING,Field_5,1,PROTECTING,Field_10,1,PROTECTING,Field_7,1,PROTECTING,Field_1,1,PROTECTING,Field_5,1,PROTECTING,Field_10,1,PROTECTING,Field_5,1,MOVING_TO_FIELD,Field_8,1,PROTECTING,Field_2,1,PROTECTING,Field_5,1,PROTECTING,Field_2,1,MOVING_TO_FIELD,Field_3,1,PROTECTING,Field_5,9,0.06,2,0,0,6,0.28,6,0,0,16,0.07,0,1,1,0,0.07,0,0,6,1,0.14,9,0,0,0,0.08,0,0,3,11,0.03,2,0,0,7,0.10,0,1,1,7,0.07,0,0,2,6,0.02,3,0,0,8,0.11,0,0,2,12,0.00,0,0,1
68,83,0,0,22,0,2,0,1,PROTECTING,Field_5,1,PROTECTING,Field_2,1,PROTECTING,Field_5,1,PROTECTING,Field_2,1,PROTECTING,Field_2,1,PROTECTING,Field_7,1,PROTECTING,Field_10,1,PROTECTING,Field_2,1,PROTECTING,Field_1,1,PROTECTING,Field_5,1,PROTECTING,Field_5,1,PROTECTING,Field_5,1,PROTECTING,Field_10,1,PROTECTING,Field_7,1,PROTECTING,Field_1,1,PROTECTING,Field_5,1,PROTECTING,Field_10,1,PROTECTING,Field_5,1,MOVING_TO_FIELD,Field_8,1,PROTECTING,Field_2,1,PROTECTING,Field_5,1,PROTECTING,Field_2,1,MOVING_TO_FIELD,Field_3,1,PROTECTING,Field_5,9,0.03,2,0,0,6,0.28,6,0,0,16,0.05,0,1,1,0,0.07,0,0,6,1,0.12,9,0,0,0,0.08,0,0,3,11,0.04,2,0,0,7,0.10,0,1,1,7,0.07,0,0,2,6,0.02,3,0,0,8,0.11,0,0,2,12,0.00,0,0,1
69,84,0,0,22,0,2,0,1,PROTECTING,Field_5,1,PROTECTING,Field_2,1,PROTECTING,Field_5,1,PROTECTING,Field_2,1,PROTECTING,Field_2,1,PROTECTING,Field_7,1,PROTECTING,Field_10,1,PROTECTING,Field_2,1,PROTECTING,Field_1,1,PROTECTING,Field_5,1,PROTECTING,Field_5,1,PROTECTING,Field_5,1,PROTECTING,Field_10,1,PROTECTING,Field_7,1,PROTECTING,Field_1,1,PROTECTING,Field_5,1,PROTECTING,Field_10,1,PROTECTING,Field_5,1,MOVING_TO_FIELD,Field_8,1,PROTECTING,Field_2,1,PROTECTING,Field_5,1,PROTECTING,Field_2,1,MOVING_TO_FIELD,Field_3,1,PROTECTING,Field_5,9,0.03,2,0,0,6,0.27,6,0,0,17,0.05,0,1,1,0,0.08,0,0,6,1,0.12,9,0,0,0,0.09,0,0,3,11,0.05,2,0,0,7,0.10,0,1,1,7,0.08,0,0,2,6,0.02,3,0,0,8,0.11,0,0,2,12,0.00,0,0,1
70,85,0,0,22,0,2,0,1,PROTECTING,Field_5,1,PROTECTING,Field_2,1,PROTECTING,Field_5,1,PROTECTING,Field_2,1,PROTECTING,Field_2,1,PROTECTING,Field_7,1,PROTECTING,Field_10,1,PROTECTING,Field_2,1,PROTECTING,Field_1,1,PROTECTING,Field_5,1,PROTECTING,Field_5,1,PROTECTING,Field_5,1,PROTECTING,Field_10,1,PROTECTING,Field_7,1,PROTECTING,Field_1,1,PROTECTING,Field_5,1,PROTECTING,Field_10,1,PROTECTING,Field_5,1,MOVING_TO_FIELD,Field_8,1,PROTECTING,Field_2,1,PROTECTING,Field_5,1,PROTECTING,Field_2,1,MOVING_TO_FIELD,Field_3,1,PROTECTING,Field_5,9,0.03,2,0,0,6,0.26,6,0,0,17,0.05,0,1,1,0,0.08,0,0,6,1,0.11,9,0,0,0,0.12,0,0,3,11,0.05,2,0,0,8,0.10,0,1,1,7,0.08,0,0,2,6,0.03,3,0,0,8,0.09,0,0,2,12,0.00,0,0,1
71,85,0,0,15,0,9,0,1,PROTECTING,Field_5,1,PROTECTING,Field_2,1,PROTECTING,Field_5,1,PROTECTING,Field_2,1,PROTECTING,Field_2,1,MOVING_TO_FIELD,Field_6,1,MOVING_TO_FIELD,Field_11,1,PROTECTING,Field_2,1,MOVING_TO_FIELD,Field_9,1,PROTECTING,Field_5,1,PROTECTING,Field_5,1,PROTECTING,Field_5,1,MOVING_TO_FIELD,Field_9,1,MOVING_TO_FIELD,Field_6,1,MOVING_TO_FIELD,Field_6,1,PROTECTING,Field_5,1,MOVING_TO_FIELD,Field_3,1,PROTECTING,Field_5,1,MOVING_TO_FIELD,Field_8,1,PROTECTING,Field_2,1,PROTECTING,Field_5,1,PROTECTING,Field_2,1,MOVING_TO_FIELD,Field_11,1,PROTECTING,Field_5,9,0.02,0,0,2,6,0.25,6,0,0,17,0.04,0,1,1,0,0.08,0,0,6,1,0.11,9,0,0,0,0.12,0,3,3,11,0.03,0,0,2,8,0.07,0,1,1,7,0.08,0,2,2,6,0.03,0,0,3,8,0.09,0,2,2,12,0.00,0,0,1
72,85,0,0,15,0,9,0,1,PROTECTING,Field_5,1,PROTECTING,Field_2,1,PROTECTING,Field_5,1,PROTECTING,Field_2,1,PROTECTING,Field_2,1,MOVING_TO_FIELD,Field_6,1,MOVING_TO_FIELD,Field_11,1,PROTECTING,Field_2,1,MOVING_TO_FIELD,Field_9,1,PROTECTING,Field_5,1,PROTECTING,Field_5,1,PROTECTING,Field_5,1,MOVING_TO_FIELD,Field_9,1,MOVING_TO_FIELD,Field_6,1,MOVING_TO_FIELD,Field_6,1,PROTECTING,Field_5,1,MOVING_TO_FIELD,Field_3,1,PROTECTING,Field_5,1,MOVING_TO_FIELD,Field_8,1,PROTECTING,Field_2,1,PROTECTING,Field_5,1,PROTECTING,Field_2,1,MOVING_TO_FIELD,Field_11,1,PROTECTING,Field_5,9,0.02,0,0,2,6,0.22,6,0,0,17,0.04,0,1,1,0,0.08,0,0,6,1,0.10,9,0,0,0,0.12,0,3,3,11,0.02,0,0,2,8,0.07,0,1,1,7,0.07,0,2,2,6,0.03,0,0,3,8,0.09,0,2,2,12,0.00,0,0,1
73,85,0,0,15,0,9,0,1,PROTECTING,Field_5,1,PROTECTING,Field_2,1,PROTECTING,Field_5,1,PROTECTING,Field_2,1,PROTECTING,Field_2,1,MOVING_TO_FIELD,Field_6,1,MOVING_TO_FIELD,Field_11,1,PROTECTING,Field_2,1,MOVING_TO_FIELD,Field_9,1,PROTECTING,Field_5,1,PROTECTING,Field_5,1,PROTECTING,Field_5,1,MOVING_TO_FIELD,Field_9,1,MOVING_TO_FIELD,Field_6,1,MOVING_TO_FIELD,Field_6,1,PROTECTING,Field_5,1,MOVING_TO_FIELD,Field_3,1,PROTECTING,Field_5,1,MOVING_TO_FIELD,Field_8,1,PROTECTING,Field_2,1,PROTECTING,Field_5,1,PROTECTING,Field_2,1,MOVING_TO_FIELD,Field_11,1,PROTECTING,Field_5,9,0.02,0,0,2,6,0.22,6,0,0,17,0.04,0,1,1,0,0.07,0,0,6,1,0.10,9,0,0,0,0.12,0,3,3,11,0.02,0,0,2,8,0.07,0,1,1,7,0.07,0,2,2,6,0.03,0,0,3,8,0.11,0,2,2,12,0.00,0,0,1
74,85,0,0,15,0,9,0,1,PROTECTING,Field_5,1,PROTECTING,Field_2,1,PROTECTING,Field_5,1,PROTECTING,Field_2,1,PROTECTING,Field_2,1,MOVING_TO_FIELD,Field_6,1,MOVING_TO_FIELD,Field_11,1,PROTECTING,Field_2,1,MOVING_TO_FIELD,Field_9,1,PROTECTING,Field_5,1,PROTECTING,Field_5,1,PROTECTING,Field_5,1,MOVING_TO_FIELD,Field_9,1,MOVING_TO_FIELD,Field_6,1,MOVING_TO_FIELD,Field_6,1,PROTECTING,Field_5,1,MOVING_TO_FIELD,Field_3,1,PROTECTING,Field_5,1,MOVING_TO_FIELD,Field_8,1,PROTECTING,Field_2,1,PROTECTING,Field_5,1,PROTECTING,Field_2,1,MOVING_TO_FIELD,Field_11,1,PROTECTING,Field_5,9,0.02,0,0,2,6,0.21,6,0,0,17,0.04,0,1,1,0,0.07,0,0,6,1,0.09,9,0,0,0,0.11,0,3,3,11,0.03,0,0,2,8,0.07,0,1,1,7,0.07,0,2,2,6,0.02,0,0,3,8,0.11,0,2,2,12,0.00,0,0,1
75,85,0,0,15,0,9,0,1,PROTECTING,Field_5,1,PROTECTING,Field_2,1,PROTECTING,Field_5,1,PROTECTING,Field_2,1,PROTECTING,Field_2,1,MOVING_TO_FIELD,Field_6,1,MOVING_TO_FIELD,Field_11,1,PROTECTING,Field_2,1,MOVING_TO_FIELD,Field_9,1,PROTECTING,Field_5,1,PROTECTING,Field_5,1,PROTECTING,Field_5,1,MOVING_TO_FIELD,Field_9,1,MOVING_TO_FIELD,Field_6,1,MOVING_TO_FIELD,Field_6,1,PROTECTING,Field_5,1,MOVING_TO_FIELD,Field_3,1,PROTECTING,Field_5,1,MOVING_TO_FIELD,Field_8,1,PROTECTING,Field_2,1,PROTECTING,Field_5,1,PROTECTING,Field_2,1,MOVING_TO_FIELD,Field_11,1,PROTECTING,Field_5,9,0.02,0,0,2,6,0.21,6,0,0,17,0.04,0,1,1,0,0.07,0,0,6,1,0.08,9,0,0,0,0.11,0,3,3,11,0.03,0,0,2,8,0.07,0,1,1,7,0.06,0,2,2,6,0.02,0,0,3,8,0.12,0,2,2,12,0.00,0,0,1
76,85,0,0,16,0,8,0,1,PROTECTING,Field_5,1,PROTECTING,Field_2,1,PROTECTING,Field_5,1,PROTECTING,Field_2,1,PROTECTING,Field_2,1,PROTECTING,Field_6,1,MOVING_TO_FIELD,Field_11,1,PROTECTING,Field_2,1,MOVING_TO_FIELD,Field_9,1,PROTECTING,Field_5,1,PROTECTING,Field_5,1,PROTECTING,Field_5,1,MOVING_TO_FIELD,Field_9,1,MOVING_TO_FIELD,Field_6,1,MOVING_TO_FIELD,Field_6,1,PROTECTING,Field_5,1,MOVING_TO_FIELD,Field_3,1,PROTECTING,Field_5,1,MOVING_TO_FIELD,Field_8,1,PROTECTING,Field_2,1,PROTECTING,Field_5,1,PROTECTING,Field_2,1,MOVING_TO_FIELD,Field_11,1,PROTECTING,Field_5,9,0.02,0,0,2,6,0.21,6,0,0,17,0.04,0,1,1,0,0.05,0,0,6,1,0.06,9,0,0,0,0.12,1,2,2,11,0.02,0,0,2,8,0.07,0,1,1,7,0.08,0,2,2,6,0.00,0,0,3,8,0.12,0,2,2,12,0.00,0,0,1
77,85,0,0,16,0,8,0,1,PROTECTING,Field_5,1,PROTECTING,Field_2,1,PROTECTING,Field_5,1,PROTECTING,Field_2,1,PROTECTING,Field_2,1,PROTECTING,Field_6,1,MOVING_TO_FIELD,Field_11,1,PROTECTING,Field_2,1,MOVING_TO_FIELD,Field_9,1,PROTECTING,Field_5,1,PROTECTING,Field_5,1,PROTECTING,Field_5,1,MOVING_TO_FIELD,Field_9,1,MOVING_TO_FIELD,Field_6,1,MOVING_TO_FIELD,Field_6,1,PROTECTING,Field_5,1,MOVING_TO_FIELD,Field_3,1,PROTECTING,Field_5,1,MOVING_TO_FIELD,Field_8,1,PROTECTING,Field_2,1,PROTECTING,Field_5,1,PROTECTING,Field_2,1,MOVING_TO_FIELD,Field_11,1,PROTECTING,Field_5,9,0.02,0,0,2,6,0.21,6,0,0,17,0.03,0,1,1,0,0.05,0,0,6,1,0.04,9,0,0,0,0.12,1,2,2,11,0.03,0,0,2,8,0.07,0,1,1,7,0.08,0,2,2,6,0.00,0,0,3,8,0.12,0,2,2,12,0.03,0,0,1
78,86,0,0,16,0,8,0,1,PROTECTING,Field_5,1,PROTECTING,Field_2,1,PROTECTING,Field_5,1,PROTECTING,Field_2,1,PROTECTING,Field_2,1,PROTECTING,Field_6,1,MOVING_TO_FIELD,Field_11,1,PROTECTING,Field_2,1,MOVING_TO_FIELD,Field_9,1,PROTECTING,Field_5,1,PROTECTING,Field_5,1,PROTECTING,Field_5,1,MOVING_TO_FIELD,Field_9,1,MOVING_TO_FIELD,Field_6,1,MOVING_TO_FIELD,Field_6,1,PROTECTING,Field_5,1,MOVING_TO_FIELD,Field_3,1,PROTECTING,Field_5,1,MOVING_TO_FIELD,Field_8,1,PROTECTING,Field_2,1,PROTECTING,Field_5,1,PROTECTING,Field_2,1,MOVING_TO_FIELD,Field_11,1,PROTECTING,Field_5,9,0.02,0,0,2,6,0.21,6,0,0,17,0.03,0,1,1,0,0.07,0,0,6,1,0.04,9,0,0,0,0.14,1,2,2,11,0.02,0,0,2,8,0.10,0,1,1,8,0.08,0,2,2,6,0.00,0,0,3,8,0.12,0,2,2,12,0.03,0,0,1
79,86,0,0,16,0,8,0,1,PROTECTING,Field_5,1,PROTECTING,Field_2,1,PROTECTING,Field_5,1,PROTECTING,Field_2,1,PROTECTING,Field_2,1,PROTECTING,Field_6,1,MOVING_TO_FIELD,Field_11,1,PROTECTING,Field_2,1,MOVING_TO_FIELD,Field_9,1,PROTECTING,Field_5,1,PROTECTING,Field_5,1,PROTECTING,Field_5,1,MOVING_TO_FIELD,Field_9,1,MOVING_TO_FIELD,Field_6,1,MOVING_TO_FIELD,Field_6,1,PROTECTING,Field_5,1,MOVING_TO_FIELD,Field_3,1,PROTECTING,Field_5,1,MOVING_TO_FIELD,Field_8,1,PROTECTING,Field_2,1,PROTECTING,Field_5,1,PROTECTING,Field_2,1,MOVING_TO_FIELD,Field_11,1,PROTECTING,Field_5,9,0.03,0,0,2,6,0.21,6,0,0,17,0.01,0,1,1,0,0.04,0,0,6,1,0.03,9,0,0,0,0.14,1,2,2,11,0.02,0,0,2,8,0.10,0,1,1,8,0.09,0,2,2,6,0.00,0,0,3,8,0.12,0,2,2,12,0.03,0,0,1
80,86,0,0,17,0,7,0,1,PROTECTING,Field_5,1,PROTECTING,Field_2,1,PROTECTING,Field_5,1,PROTECTING,Field_2,1,PROTECTING,Field_2,1,PROTECTING,Field_6,1,MOVING_TO_FIELD,Field_11,1,PROTECTING,Field_2,1,MOVING_TO_FIELD,Field_9,1,PROTECTING,Field_5,1,PROTECTING,Field_5,1,PROTECTING,Field_5,1,MOVING_TO_FIELD,Field_9,1,PROTECTING,Field_6,1,MOVING_TO_FIELD,Field_6,1,PROTECTING,Field_5,1,MOVING_TO_FIELD,Field_3,1,PROTECTING,Field_5,1,MOVING_TO_FIELD,Field_8,1,PROTECTING,Field_2,1,PROTECTING,Field_5,1,PROTECTING,Field_2,1,MOVING_TO_FIELD,Field_11,1,PROTECTING,Field_5,9,0.05,0,0,2,6,0.20,6,0,0,17,0.01,0,1,1,0,0.04,0,0,6,1,0.03,9,0,0,0,0.14,2,1,1,11,0.03,0,0,2,8,0.10,0,1,1,8,0.09,0,2,2,6,0.00,0,0,3,8,0.12,0,2,2,12,0.03,0,0,1
81,86,0,0,8,0,16,0,1,MOVING_TO_FIELD,Field_7,1,PROTECTING,Field_2,1,MOVING_TO_FIELD,Field_7,1,PROTECTING,Field_2,1,PROTECTING,Field_2,1,PROTECTING,Field_6,1,MOVING_TO_FIELD,Field_11,1,PROTECTING,Field_2,1,MOVING_TO_FIELD,Field_9,1,MOVING_TO_FIELD,Field_4,1,MOVING_TO_FIELD,Field_4,1,MOVING_TO_FIELD,Field_1,1,MOVING_TO_FIELD,Field_9,1,PROTECTING,Field_6,1,MOVING_TO_FIELD,Field_6,1,MOVING_TO_FIELD,Field_4,1,MOVING_TO_FIELD,Field_1,1,MOVING_TO_FIELD,Field_4,1,MOVING_TO_FIELD,Field_8,1,PROTECTING,Field_2,1,MOVING_TO_FIELD,Field_4,1,PROTECTING,Field_2,1,MOVING_TO_FIELD,Field_11,1,MOVING_TO_FIELD,Field_4,9,0.05,0,2,2,6,0.19,6,0,0,17,0.01,0,0,1,0,0.04,0,6,6,1,0.03,0,0,9,0,0.14,2,1,1,11,0.04,0,2,2,8,0.10,0,1,1,8,0.09,0,2,2,6,0.00,0,0,3,8,0.14,0,2,2,12,0.03,0,0,1
82,86,0,0,8,0,16,0,1,MOVING_TO_FIELD,Field_7,1,PROTECTING,Field_2,1,MOVING_TO_FIELD,Field_7,1,PROTECTING,Field_2,1,PROTECTING,Field_2,1,PROTECTING,Field_6,1,MOVING_TO_FIELD,Field_11,1,PROTECTING,Field_2,1,MOVING_TO_FIELD,Field_9,1,MOVING_TO_FIELD,Field_4,1,MOVING_TO_FIELD,Field_4,1,MOVING_TO_FIELD,Field_1,1,MOVING_TO_FIELD,Field_9,1,PROTECTING,Field_6,1,MOVING_TO_FIELD,Field_6,1,MOVING_TO_FIELD,Field_4,1,MOVING_TO_FIELD,Field_1,1,MOVING_TO_FIELD,Field_4,1,MOVING_TO_FIELD,Field_8,1,PROTECTING,Field_2,1,MOVING_TO_FIELD,Field_4,1,PROTECTING,Field_2,1,MOVING_TO_FIELD,Field_11,1,MOVING_TO_FIELD,Field_4,9,0.05,0,2,2,6,0.19,6,0,0,17,0.01,0,0,1,0,0.03,0,6,6,1,0.03,0,0,9,0,0.14,2,1,1,11,0.06,0,2,2,8,0.10,0,1,1,8,0.09,0,2,2,6,0.00,0,0,3,8,0.12,0,2,2,12,0.03,0,0,1
83,86,0,0,9,0,15,0,1,MOVING_TO_FIELD,Field_7,1,PROTECTING,Field_2,1,MOVING_TO_FIELD,Field_7,1,PROTECTING,Field_2,1,PROTECTING,Field_2,1,PROTECTING,Field_6,1,MOVING_TO_FIELD,Field_11,1,PROTECTING,Field_2,1,MOVING_TO_FIELD,Field_9,1,MOVING_TO_FIELD,Field_4,1,MOVING_TO_FIELD,Field_4,1,MOVING_TO_FIELD,Field_1,1,MOVING_TO_FIELD,Field_9,1,PROTECTING,Field_6,1,MOVING_TO_FIELD,Field_6,1,MOVING_TO_FIELD,Field_4,1,MOVING_TO_FIELD,Field_1,1,MOVING_TO_FIELD,Field_4,1,PROTECTING,Field_8,1,PROTECTING,Field_2,1,MOVING_TO_FIELD,Field_4,1,PROTECTING,Field_2,1,MOVING_TO_FIELD,Field_11,1,MOVING_TO_FIELD,Field_4,9,0.05,0,2,2,6,0.18,6,0,0,17,0.01,0,0,1,0,0.03,0,6,6,1,0.04,0,0,9,0,0.15,2,1,1,11,0.06,0,2,2,8,0.10,1,0,0,8,0.11,0,2,2,6,0.00,0,0,3,8,0.12,0,2,2,12,0.05,0,0,1
84,86,0,0,9,0,15,0,1,MOVING_TO_FIELD,Field_7,1,PROTECTING,Field_2,1,MOVING_TO_FIELD,Field_7,1,PROTECTING,Field_2,1,PROTECTING,Field_2,1,PROTECTING,Field_6,1,MOVING_TO_FIELD,Field_11,1,PROTECTING,Field_2,1,MOVING_TO_FIELD,Field_9,1,MOVING_TO_FIELD,Field_4,1,MOVING_TO_FIELD,Field_4,1,MOVING_TO_FIELD,Field_1,1,MOVING_TO_FIELD,Field_9,1,PROTECTING,Field_6,1,MOVING_TO_FIELD,Field_6,1,MOVING_TO_FIELD,Field_4,1,MOVING_TO_FIELD,Field_1,1,MOVING_TO_FIELD,Field_4,1,PROTECTING,Field_8,1,PROTECTING,Field_2,1,MOVING_TO_FIELD,Field_4,1,PROTECTING,Field_2,1,MOVING_TO_FIELD,Field_11,1,MOVING_TO_FIELD,Field_4,9,0.05,0,2,2,6,0.16,6,0,0,17,0.01,0,0,1,0,0.04,0,6,6,1,0.04,0,0,9,0,0.15,2,1,1,11,0.06,0,2,2,8,0.10,1,0,0,8,0.10,0,2,2,6,0.00,0,0,3,8,0.14,0,2,2,12,0.05,0,0,1
85,86,0,0,10,0,14,0,1,MOVING_TO_FIELD,Field_7,1,PROTECTING,Field_2,1,MOVING_TO_FIELD,Field_7,1,PROTECTING,Field_2,1,PROTECTING,Field_2,1,PROTECTING,Field_6,1,MOVING_TO_FIELD,Field_11,1,PROTECTING,Field_2,1,MOVING_TO_FIELD,Field_9,1,MOVING_TO_FIELD,Field_4,1,MOVING_TO_FIELD,Field_4,1,MOVING_TO_FIELD,Field_1,1,MOVING_TO_FIELD,Field_9,1,PROTECTING,Field_6,1,PROTECTING,Field_6,1,MOVING_TO_FIELD,Field_4,1,MOVING_TO_FIELD,Field_1,1,MOVING_TO_FIELD,Field_4,1,PROTECTING,Field_8,1,PROTECTING,Field_2,1,MOVING_TO_FIELD,Field_4,1,PROTECTING,Field_2,1,MOVING_TO_FIELD,Field_11,1,MOVING_TO_FIELD,Field_4,9,0.05,0,2,2,6,0.18,6,0,0,17,0.03,0,0,1,0,0.05,0,6,6,1,0.05,0,0,9,0,0.16,3,0,0,11,0.06,0,2,2,8,0.10,1,0,0,8,0.09,0,2,2,6,0.00,0,0,3,8,0.14,0,2,2,12,0.08,0,0,1
86,87,0,0,10,0,14,0,1,MOVING_TO_FIELD,Field_7,1,PROTECTING,Field_2,1,MOVING_TO_FIELD,Field_7,1,PROTECTING,Field_2,1,PROTECTING,Field_2,1,PROTECTING,Field_6,1,MOVING_TO_FIELD,Field_11,1,PROTECTING,Field_2,1,MOVING_TO_FIELD,Field_9,1,MOVING_TO_FIELD,Field_4,1,MOVING_TO_FIELD,Field_4,1,MOVING_TO_FIELD,Field_1,1,MOVING_TO_FIELD,Field_9,1,PROTECTING,Field_6,1,PROTECTING,Field_6,1,MOVING_TO_FIELD,Field_4,1,MOVING_TO_FIELD,Field_1,1,MOVING_TO_FIELD,Field_4,1,PROTECTING,Field_8,1,PROTECTING,Field_2,1,MOVING_TO_FIELD,Field_4,1,PROTECTING,Field_2,1,MOVING_TO_FIELD,Field_11,1,MOVING_TO_FIELD,Field_4,9,0.05,0,2,2,6,0.18,6,0,0,17,0.05,0,0,1,0,0.08,0,6,6,1,0.04,0,0,9,0,0.15,3,0,0,11,0.05,0,2,2,8,0.10,1,0,0,9,0.09,0,2,2,6,0.00,0,0,3,8,0.16,0,2,2,12,0.08,0,0,1
87,87,0,0,12,0,12,0,1,MOVING_TO_FIELD,Field_7,1,PROTECTING,Field_2,1,MOVING_TO_FIELD,Field_7,1,PROTECTING,Field_2,1,PROTECTING,Field_2,1,PROTECTING,Field_6,1,PROTECTING,Field_11,1,PROTECTING,Field_2,1,MOVING_TO_FIELD,Field_9,1,MOVING_TO_FIELD,Field_4,1,MOVING_TO_FIELD,Field_4,1,MOVING_TO_FIELD,Field_1,1,MOVING_TO_FIELD,Field_9,1,PROTECTING,Field_6,1,PROTECTING,Field_6,1,MOVING_TO_FIELD,Field_4,1,MOVING_TO_FIELD,Field_1,1,MOVING_TO_FIELD,Field_4,1,PROTECTING,Field_8,1,PROTECTING,Field_2,1,MOVING_TO_FIELD,Field_4,1,PROTECTING,Field_2,1,PROTECTING,Field_11,1,MOVING_TO_FIELD,Field_4,9,0.05,0,2,2,6,0.17,6,0,0,17,0.05,0,0,1,0,0.08,0,6,6,1,0.05,0,0,9,0,0.15,3,0,0,11,0.05,0,2,2,8,0.07,1,0,0,9,0.10,0,2,2,6,0.00,0,0,3,8,0.16,2,0,0,12,0.08,0,0,1
88,87,0,0,12,0,12,0,1,MOVING_TO_FIELD,Field_7,1,PROTECTING,Field_2,1,MOVING_TO_FIELD,Field_7,1,PROTECTING,Field_2,1,PROTECTING,Field_2,1,PROTECTING,Field_6,1,PROTECTING,Field_11,1,PROTECTING,Field_2,1,MOVING_TO_FIELD,Field_9,1,MOVING_TO_FIELD,Field_4,1,MOVING_TO_FIELD,Field_4,1,MOVING_TO_FIELD,Field_1,1,MOVING_TO_FIELD,Field_9,1,PROTECTING,Field_6,1,PROTECTING,Field_6,1,MOVING_TO_FIELD,Field_4,1,MOVING_TO_FIELD,Field_1,1,MOVING_TO_FIELD,Field_4,1,PROTECTING,Field_8,1,PROTECTING,Field_2,1,MOVING_TO_FIELD,Field_4,1,PROTECTING,Field_2,1,PROTECTING,Field_11,1,MOVING_TO_FIELD,Field_4,9,0.05,0,2,2,6,0.16,6,0,0,17,0.05,0,0,1,0,0.08,0,6,6,1,0.07,0,0,9,0,0.14,3,0,0,11,0.05,0,2,2,8,0.07,1,0,0,9,0.09,0,2,2,6,0.00,0,0,3,8,0.20,2,0,0,12,0.08,0,0,1
89,87,0,0,14,0,10,0,1,MOVING_TO_FIELD,Field_7,1,PROTECTING,Field_2,1,MOVING_TO_FIELD,Field_7,1,PROTECTING,Field_2,1,PROTECTING,Field_2,1,PROTECTING,Field_6,1,PROTECTING,Field_11,1,PROTECTING,Field_2,1,PROTECTING,Field_9,1,PROTECTING,Field_4,1,MOVING_TO_FIELD,Field_4,1,MOVING_TO_FIELD,Field_1,1,MOVING_TO_FIELD,Field_9,1,PROTECTING,Field_6,1,PROTECTING,Field_6,1,MOVING_TO_FIELD,Field_4,1,MOVING_TO_FIELD,Field_1,1,MOVING_TO_FIELD,Field_4,1,PROTECTING,Field_8,1,PROTECTING,Field_2,1,MOVING_TO_FIELD,Field_4,1,PROTECTING,Field_2,1,PROTECTING,Field_11,1,MOVING_TO_FIELD,Field_4,9,0.05,0,2,2,6,0.14,6,0,0,17,0.05,0,0,1,0,0.08,1,5,5,1,0.07,0,0,9,0,0.14,3,0,0,11,0.04,0,2,2,8,0.07,1,0,0,9,0.09,1,1,1,6,0.00,0,0,3,8,0.23,2,0,0,12,0.10,0,0,1
90,87,0,0,15,0,9,0,1,MOVING_TO_FIELD,Field_7,1,PROTECTING,Field_2,1,MOVING_TO_FIELD,Field_7,1,PROTECTING,Field_2,1,PROTECTING,Field_2,1,PROTECTING,Field_6,1,PROTECTING,Field_11,1,PROTECTING,Field_2,1,PROTECTING,Field_9,1,PROTECTING,Field_4,1,MOVING_TO_FIELD,Field_4,1,MOVING_TO_FIELD,Field_1,1,MOVING_TO_FIELD,Field_9,1,PROTECTING,Field_6,1,PROTECTING,Field_6,1,MOVING_TO_FIELD,Field_4,1,PROTECTING,Field_1,1,MOVING_TO_FIELD,Field_4,1,PROTECTING,Field_8,1,PROTECTING,Field_2,1,MOVING_TO_FIELD,Field_4,1,PROTECTING,Field_2,1,PROTECTING,Field_11,1,MOVING_TO_FIELD,Field_4,9,0.05,1,1,1,6,0.12,6,0,0,17,0.07,0,0,1,0,0.08,1,5,5,1,0.07,0,0,9,0,0.13,3,0,0,11,0.04,0,2,2,8,0.07,1,0,0,9,0.08,1,1,1,6,0.00,0,0,3,8,0.23,2,0,0,12,0.10,0,0,1
91,87,0,0,16,0,8,0,1,MOVING_TO_FIELD,Field_3,1,PROTECTING,Field_2,1,MOVING_TO_FIELD,Field_12,1,PROTECTING,Field_2,1,PROTECTING,Field_2,1,PROTECTING,Field_6,1,PROTECTING,Field_11,1,PROTECTING,Field_2,1,PROTECTING,Field_9,1,PROTECTING,Field_4,1,MOVING_TO_FIELD,Field_4,1,MOVING_TO_FIELD,Field_1,1,PROTECTING,Field_9,1,PROTECTING,Field_6,1,PROTECTING,Field_6,1,MOVING_TO_FIELD,Field_4,1,PROTECTING,Field_1,1,MOVING_TO_FIELD,Field_4,1,PROTECTING,Field_8,1,PROTECTING,Field_2,1,MOVING_TO_FIELD,Field_4,1,PROTECTING,Field_2,1,PROTECTING,Field_11,1,MOVING_TO_FIELD,Field_4,9,0.05,1,1,1,6,0.12,6,0,0,17,0.05,0,1,1,0,0.09,1,5,5,1,0.07,0,0,9,0,0.13,3,0,0,11,0.04,0,0,2,8,0.05,1,0,0,9,0.09,2,0,0,6,0.00,0,0,3,8,0.25,2,0,0,12,0.10,0,1,1
92,87,0,0,16,0,8,0,1,MOVING_TO_FIELD,Field_3,1,PROTECTING,Field_2,1,MOVING_TO_FIELD,Field_12,1,PROTECTING,Field_2,1,PROTECTING,Field_2,1,PROTECTING,Field_6,1,PROTECTING,Field_11,1,PROTECTING,Field_2,1,PROTECTING,Field_9,1,PROTECTING,Field_4,1,MOVING_TO_FIELD,Field_4,1,MOVING_TO_FIELD,Field_1,1,PROTECTING,Field_9,1,PROTECTING,Field_6,1,PROTECTING,Field_6,1,MOVING_TO_FIELD,Field_4,1,PROTECTING,Field_1,1,MOVING_TO_FIELD,Field_4,1,PROTECTING,Field_8,1,PROTECTING,Field_2,1,MOVING_TO_FIELD,Field_4,1,PROTECTING,Field_2,1,PROTECTING,Field_11,1,MOVING_TO_FIELD,Field_4,9,0.05,1,1,1,6,0.12,6,0,0,17,0.07,0,1,1,0,0.09,1,5,5,1,0.07,0,0,9,0,0.11,3,0,0,11,0.05,0,0,2,8,0.05,1,0,0,9,0.09,2,0,0,6,0.00,0,0,3,8,0.25,2,0,0,12,0.10,0,1,1
93,87,0,0,19,0,5,0,1,MOVING_TO_FIELD,Field_3,1,PROTECTING,Field_2,1,MOVING_TO_FIELD,Field_12,1,PROTECTING,Field_2,1,PROTECTING,Field_2,1,PROTECTING,Field_6,1,PROTECTING,Field_11,1,PROTECTING,Field_2,1,PROTECTING,Field_9,1,PROTECTING,Field_4,1,PROTECTING,Field_4,1,MOVING_TO_FIELD,Field_1,1,PROTECTING,Field_9,1,PROTECTING,Field_6,1,PROTECTING,Field_6,1,MOVING_TO_FIELD,Field_4,1,PROTECTING,Field_1,1,PROTECTING,Field_4,1,PROTECTING,Field_8,1,PROTECTING,Field_2,1,MOVING_TO_FIELD,Field_4,1,PROTECTING,Field_2,1,PROTECTING,Field_11,1,PROTECTING,Field_4,9,0.05,1,1,1,6,0.10,6,0,0,17,0.07,0,1,1,0,0.08,4,2,2,1,0.06,0,0,9,0,0.08,3,0,0,11,0.06,0,0,2,8,0.02,1,0,0,9,0.08,2,0,0,6,0.00,0,0,3,8,0.21,2,0,0,12,0.10,0,1,1
94,87,0,0,19,0,5,0,1,MOVING_TO_FIELD,Field_3,1,PROTECTING,Field_2,1,MOVING_TO_FIELD,Field_12,1,PROTECTING,Field_2,1,PROTECTING,Field_2,1,PROTECTING,Field_6,1,PROTECTING,Field_11,1,PROTECTING,Field_2,1,PROTECTING,Field_9,1,PROTECTING,Field_4,1,PROTECTING,Field_4,1,MOVING_TO_FIELD,Field_1,1,PROTECTING,Field_9,1,PROTECTING,Field_6,1,PROTECTING,Field_6,1,MOVING_TO_FIELD,Field_4,1,PROTECTING,Field_1,1,PROTECTING,Field_4,1,PROTECTING,Field_8,1,PROTECTING,Field_2,1,MOVING_TO_FIELD,Field_4,1,PROTECTING,Field_2,1,PROTECTING,Field_11,1,PROTECTING,Field_4,9,0.03,1,1,1,6,0.09,6,0,0,17,0.08,0,1,1,0,0.08,4,2,2,1,0.07,0,0,9,0,0.08,3,0,0,11,0.06,0,0,2,8,0.00,1,0,0,9,0.08,2,0,0,6,0.00,0,0,3,8,0.18,2,0,0,12,0.10,0,1,1
95,88,0,0,19,0,5,0,1,MOVING_TO_FIELD,Field_3,1,PROTECTING,Field_2,1,MOVING_TO_FIELD,Field_12,1,PROTECTING,Field_2,1,PROTECTING,Field_2,1,PROTECTING,Field_6,1,PROTECTING,Field_11,1,PROTECTING,Field_2,1,PROTECTING,Field_9,1,PROTECTING,Field_4,1,PROTECTING,Field_4,1,MOVING_TO_FIELD,Field_1,1,PROTECTING,Field_9,1,PROTECTING,Field_6,1,PROTECTING,Field_6,1,MOVING_TO_FIELD,Field_4,1,PROTECTING,Field_1,1,PROTECTING,Field_4,1,PROTECTING,Field_8,1,PROTECTING,Field_2,1,MOVING_TO_FIELD,Field_4,1,PROTECTING,Field_2,1,PROTECTING,Field_11,1,PROTECTING,Field_4,9,0.03,1,1,1,6,0.09,6,0,0,18,0.09,0,1,1,0,0.08,4,2,2,1,0.08,0,0,9,0,0.07,3,0,0,11,0.06,0,0,2,8,0.00,1,0,0,9,0.07,2,0,0,6,0.00,0,0,3,8,0.14,2,0,0,12,0.10,0,1,1
96,88,0,0,20,0,4,0,1,MOVING_TO_FIELD,Field_3,1,PROTECTING,Field_2,1,MOVING_TO_FIELD,Field_12,1,PROTECTING,Field_2,1,PROTECTING,Field_2,1,PROTECTING,Field_6,1,PROTECTING,Field_11,1,PROTECTING,Field_2,1,PROTECTING,Field_9,1,PROTECTING,Field_4,1,PROTECTING,Field_4,1,MOVING_TO_FIELD,Field_1,1,PROTECTING,Field_9,1,PROTECTING,Field_6,1,PROTECTING,Field_6,1,PROTECTING,Field_4,1,PROTECTING,Field_1,1,PROTECTING,Field_4,1,PROTECTING,Field_8,1,PROTECTING,Field_2,1,MOVING_TO_FIELD,Field_4,1,PROTECTING,Field_2,1,PROTECTING,Field_11,1,PROTECTING,Field_4,9,0.03,1,1,1,6,0.08,6,0,0,18,0.09,0,1,1,0,0.08,5,1,1,1,0.08,0,0,9,0,0.07,3,0,0,11,0.07,0,0,2,8,0.00,1,0,0,9,0.07,2,0,0,6,0.00,0,0,3,8,0.14,2,0,0,12,0.10,0,1,1
97,88,0,0,21,0,3,0,1,MOVING_TO_FIELD,Field_3,1,PROTECTING,Field_2,1,MOVING_TO_FIELD,Field_12,1,PROTECTING,Field_2,1,PROTECTING,Field_2,1,PROTECTING,Field_6,1,PROTECTING,Field_11,1,PROTECTING,Field_2,1,PROTECTING,Field_9,1,PROTECTING,Field_4,1,PROTECTING,Field_4,1,MOVING_TO_FIELD,Field_1,1,PROTECTING,Field_9,1,PROTECTING,Field_6,1,PROTECTING,Field_6,1,PROTECTING,Field_4,1,PROTECTING,Field_1,1,PROTECTING,Field_4,1,PROTECTING,Field_8,1,PROTECTING,Field_2,1,PROTECTING,Field_4,1,PROTECTING,Field_2,1,PROTECTING,Field_11,1,PROTECTING,Field_4,9,0.03,1,1,1,6,0.07,6,0,0,18,0.08,0,1,1,0,0.08,6,0,0,1,0.09,0,0,9,0,0.04,3,0,0,11,0.07,0,0,2,8,0.00,1,0,0,9,0.07,2,0,0,6,0.00,0,0,3,8,0.14,2,0,0,12,0.10,0,1,1
98,89,0,0,21,0,3,0,1,MOVING_TO_FIELD,Field_3,1,PROTECTING,Field_2,1,MOVING_TO_FIELD,Field_12,1,PROTECTING,Field_2,1,PROTECTING,Field_2,1,PROTECTING,Field_6,1,PROTECTING,Field_11,1,PROTECTING,Field_2,1,PROTECTING,Field_9,1,PROTECTING,Field_4,1,PROTECTING,Field_4,1,MOVING_TO_FIELD,Field_1,1,PROTECTING,Field_9,1,PROTECTING,Field_6,1,PROTECTING,Field_6,1,PROTECTING,Field_4,1,PROTECTING,Field_1,1,PROTECTING,Field_4,1,PROTECTING,Field_8,1,PROTECTING,Field_2,1,PROTECTING,Field_4,1,PROTECTING,Field_2,1,PROTECTING,Field_11,1,PROTECTING,Field_4,9,0.02,1,1,1,6,0.06,6,0,0,18,0.09,0,1,1,0,0.08,6,0,0,1,0.10,0,0,9,0,0.04,3,0,0,11,0.07,0,0,2,8,0.00,1,0,0,9,0.07,2,0,0,6,0.00,0,0,3,8,0.11,2,0,0,13,0.10,0,1,1
99,89,0,0,22,0,2,0,1,MOVING_TO_FIELD,Field_3,1,PROTECTING,Field_2,1,MOVING_TO_FIELD,Field_12,1,PROTECTING,Field_2,1,PROTECTING,Field_2,1,PROTECTING,Field_6,1,PROTECTING,Field_11,1,PROTECTING,Field_2,1,PROTECTING,Field_9,1,PROTECTING,Field_4,1,PROTECTING,Field_4,1,PROTECTING,Field_1,1,PROTECTING,Field_9,1,PROTECTING,Field_6,1,PROTECTING,Field_6,1,PROTECTING,Field_4,1,PROTECTING,Field_1,1,PROTECTING,Field_4,1,PROTECTING,Field_8,1,PROTECTING,Field_2,1,PROTECTING,Field_4,1,PROTECTING,Field_2,1,PROTECTING,Field_11,1,PROTECTING,Field_4,9,0.00,2,0,0,6,0.06,6,0,0,18,0.11,0,1,1,0,0.08,6,0,0,1,0.10,0,0,9,0,0.04,3,0,0,11,0.07,0,0,2,8,0.02,1,0,0,9,0.07,2,0,0,6,0.00,0,0,3,8,0.09,2,0,0,13,0.10,0,1,1
100,89,0,0,22,0,2,0,1,MOVING_TO_FIELD,Field_3,1,PROTECTING,Field_2,1,MOVING_TO_FIELD,Field_12,1,PROTECTING,Field_2,1,PROTECTING,Field_2,1,PROTECTING,Field_6,1,PROTECTING,Field_11,1,PROTECTING,Field_2,1,PROTECTING,Field_9,1,PROTECTING,Field_4,1,PROTECTING,Field_4,1,PROTECTING,Field_1,1,PROTECTING,Field_9,1,PROTECTING,Field_6,1,PROTECTING,Field_6,1,PROTECTING,Field_4,1,PROTECTING,Field_1,1,PROTECTING,Field_4,1,PROTECTING,Field_8,1,PROTECTING,Field_2,1,PROTECTING,Field_4,1,PROTECTING,Field_2,1,PROTECTING,Field_11,1,PROTECTING,Field_4,9,0.00,2,0,0,6,0.05,6,0,0,18,0.11,0,1,1,0,0.09,6,0,0,1,0.10,0,0,9,0,0.05,3,0,0,11,0.06,0,0,2,8,0.02,1,0,0,9,0.04,2,0,0,6,0.02,0,0,3,8,0.09,2,0,0,13,0.10,0,1,1
101,89,0,0,4,0,20,0,1,MOVING_TO_FIELD,Field_3,1,MOVING_TO_FIELD,Field_5,1,MOVING_TO_FIELD,Field_12,1,MOVING_TO_FIELD,Field_5,1,MOVING_TO_FIELD,Field_4,1,MOVING_TO_FIELD,Field_7,1,PROTECTING,Field_11,1,MOVING_TO_FIELD,Field_5,1,MOVING_TO_FIELD,Field_5,1,MOVING_TO_FIELD,Field_5,1,MOVING_TO_FIELD,Field_5,1,MOVING_TO_FIELD,Field_2,1,MOVING_TO_FIELD,Field_5,1,MOVING_TO_FIELD,Field_7,1,MOVING_TO_FIELD,Field_2,1,MOVING_TO_FIELD,Field_5,1,MOVING_TO_FIELD,Field_2,1,MOVING_TO_FIELD,Field_5,1,MOVING_TO_FIELD,Field_4,1,MOVING_TO_FIELD,Field_4,1,PROTECTING,Field_4,1,MOVING_TO_FIELD,Field_4,1,PROTECTING,Field_11,1,PROTECTING,Field_4,9,0.00,0,0,2,6,0.04,0,3,6,18,0.11,0,1,1,0,0.11,2,4,4,1,0.10,0,9,9,0,0.05,0,0,3,11,0.06,0,2,2,8,0.02,0,0,1,9,0.04,0,0,2,6,0.02,0,0,3,8,0.09,2,0,0,13,0.08,0,1,1
102,89,0,0,4,0,20,0,1,MOVING_TO_FIELD,Field_3,1,MOVING_TO_FIELD,Field_5,1,MOVING_TO_FIELD,Field_12,1,MOVING_TO_FIELD,Field_5,1,MOVING_TO_FIELD,Field_4,1,MOVING_TO_FIELD,Field_7,1,PROTECTING,Field_11,1,MOVING_TO_FIELD,Field_5,1,MOVING_TO_FIELD,Field_5,1,MOVING_TO_FIELD,Field_5,1,MOVING_TO_FIELD,Field_5,1,MOVING_TO_FIELD,Field_2,1,MOVING_TO_FIELD,Field_5,1,MOVING_TO_FIELD,Field_7,1,MOVING_TO_FIELD,Field_2,1,MOVING_TO_FIELD,Field_5,1,MOVING_TO_FIELD,Field_2,1,MOVING_TO_FIELD,Field_5,1,MOVING_TO_FIELD,Field_4,1,MOVING_TO_FIELD,Field_4,1,PROTECTING,Field_4,1,MOVING_TO_FIELD,Field_4,1,PROTECTING,Field_11,1,PROTECTING,Field_4,9,0.00,0,0,2,6,0.04,0,3,6,18,0.08,0,1,1,0,0.09,2,4,4,1,0.10,0,9,9,0,0.05,0,0,3,11,0.06,0,2,2,8,0.02,0,0,1,9,0.03,0,0,2,6,0.03,0,0,3,8,0.09,2,0,0,13,0.08,0,1,1
103,89,0,0,4,0,20,0,1,MOVING_TO_FIELD,Field_3,1,MOVING_TO_FIELD,Field_5,1,MOVING_TO_FIELD,Field_12,1,MOVING_TO_FIELD,Field_5,1,MOVING_TO_FIELD,Field_4,1,MOVING_TO_FIELD,Field_7,1,PROTECTING,Field_11,1,MOVING_TO_FIELD,Field_5,1,MOVING_TO_FIELD,Field_5,1,MOVING_TO_FIELD,Field_5,1,MOVING_TO_FIELD,Field_5,1,MOVING_TO_FIELD,Field_2,1,MOVING_TO_FIELD,Field_5,1,MOVING_TO_FIELD,Field_7,1,MOVING_TO_FIELD,Field_2,1,MOVING_TO_FIELD,Field_5,1,MOVING_TO_FIELD,Field_2,1,MOVING_TO_FIELD,Field_5,1,MOVING_TO_FIELD,Field_4,1,MOVING_TO_FIELD,Field_4,1,PROTECTING,Field_4,1,MOVING_TO_FIELD,Field_4,1,PROTECTING,Field_11,1,PROTECTING,Field_4,9,0.00,0,0,2,6,0.04,0,3,6,18,0.08,0,1,1,0,0.09,2,4,4,1,0.10,0,9,9,0,0.04,0,0,3,11,0.07,0,2,2,8,0.02,0,0,1,9,0.04,0,0,2,6,0.03,0,0,3,8,0.07,2,0,0,13,0.10,0,1,1
104,89,0,0,4,0,20,0,1,MOVING_TO_FIELD,Field_3,1,MOVING_TO_FIELD,Field_5,1,MOVING_TO_FIELD,Field_12,1,MOVING_TO_FIELD,Field_5,1,MOVING_TO_FIELD,Field_4,1,MOVING_TO_FIELD,Field_7,1,PROTECTING,Field_11,1,MOVING_TO_FIELD,Field_5,1,MOVING_TO_FIELD,Field_5,1,MOVING_TO_FIELD,Field_5,1,MOVING_TO_FIELD,Field_5,1,MOVING_TO_FIELD,Field_2,1,MOVING_TO_FIELD,Field_5,1,MOVING_TO_FIELD,Field_7,1,MOVING_TO_FIELD,Field_2,1,MOVING_TO_FIELD,Field_5,1,MOVING_TO_FIELD,Field_2,1,MOVING_TO_FIELD,Field_5,1,MOVING_TO_FIELD,Field_4,1,MOVING_TO_FIELD,Field_4,1,PROTECTING,Field_4,1,MOVING_TO_FIELD,Field_4,1,PROTECTING,Field_11,1,PROTECTING,Field_4,9,0.00,0,0,2,6,0.05,0,3,6,18,0.09,0,1,1,0,0.09,2,4,4,1,0.12,0,9,9,0,0.04,0,0,3,11,0.08,0,2,2,8,0.02,0,0,1,9,0.04,0,0,2,6,0.03,0,0,3,8,0.07,2,0,0,13,0.13,0,1,1
105,89,0,0,4,0,20,0,1,MOVING_TO_FIELD,Field_3,1,MOVING_TO_FIELD,Field_5,1,MOVING_TO_FIELD,Field_12,1,MOVING_TO_FIELD,Field_5,1,MOVING_TO_FIELD,Field_4,1,MOVING_TO_FIELD,Field_7,1,PROTECTING,Field_11,1,MOVING_TO_FIELD,Field_5,1,MOVING_TO_FIELD,Field_5,1,MOVING_TO_FIELD,Field_5,1,MOVING_TO_FIELD,Field_5,1,MOVING_TO_FIELD,Field_2,1,MOVING_TO_FIELD,Field_5,1,MOVING_TO_FIELD,Field_7,1,MOVING_TO_FIELD,Field_2,1,MOVING_TO_FIELD,Field_5,1,MOVING_TO_FIELD,Field_2,1,MOVING_TO_FIELD,Field_5,1,MOVING_TO_FIELD,Field_4,1,MOVING_TO_FIELD,Field_4,1,PROTECTING,Field_4,1,MOVING_TO_FIELD,Field_4,1,PROTECTING,Field_11,1,PROTECTING,Field_4,9,0.00,0,0,2,6,0.07,0,3,6,18,0.08,0,1,1,0,0.09,2,4,4,1,0.13,0,9,9,0,0.04,0,0,3,11,0.09,0,2,2,8,0.02,0,0,1,9,0.05,0,0,2,6,0.03,0,0,3,8,0.05,2,0,0,13,0.15,0,1,1
106,89,0,0,5,0,19,0,1,MOVING_TO_FIELD,Field_3,1,MOVING_TO_FIELD,Field_5,1,MOVING_TO_FIELD,Field_12,1,MOVING_TO_FIELD,Field_5,1,MOVING_TO_FIELD,Field_4,1,PROTECTING,Field_7,1,PROTECTING,Field_11,1,MOVING_TO_FIELD,Field_5,1,MOVING_TO_FIELD,Field_5,1,MOVING_TO_FIELD,Field_5,1,MOVING_TO_FIELD,Field_5,1,MOVING_TO_FIELD,Field_2,1,MOVING_TO_FIELD,Field_5,1,MOVING_TO_FIELD,Field_7,1,MOVING_TO_FIELD,Field_2,1,MOVING_TO_FIELD,Field_5,1,MOVING_TO_FIELD,Field_2,1,MOVING_TO_FIELD,Field_5,1,MOVING_TO_FIELD,Field_4,1,MOVING_TO_FIELD,Field_4,1,PROTECTING,Field_4,1,MOVING_TO_FIELD,Field_4,1,PROTECTING,Field_11,1,PROTECTING,Field_4,9,0.00,0,0,2,6,0.06,0,3,6,18,0.08,0,1,1,0,0.09,2,4,4,1,0.13,0,9,9,0,0.04,0,0,3,11,0.09,1,1,1,8,0.00,0,0,1,9,0.05,0,0,2,6,0.02,0,0,3,8,0.07,2,0,0,13,0.15,0,1,1
107,89,0,0,6,0,18,0,1,PROTECTING,Field_3,1,MOVING_TO_FIELD,Field_5,1,MOVING_TO_FIELD,Field_12,1,MOVING_TO_FIELD,Field_5,1,MOVING_TO_FIELD,Field_4,1,PROTECTING,Field_7,1,PROTECTING,Field_11,1,MOVING_TO_FIELD,Field_5,1,MOVING_TO_FIELD,Field_5,1,MOVING_TO_FIELD,Field_5,1,MOVING_TO_FIELD,Field_5,1,MOVING_TO_FIELD,Field_2,1,MOVING_TO_FIELD,Field_5,1,MOVING_TO_FIELD,Field_7,1,MOVING_TO_FIELD,Field_2,1,MOVING_TO_FIELD,Field_5,1,MOVING_TO_FIELD,Field_2,1,MOVING_TO_FIELD,Field_5,1,MOVING_TO_FIELD,Field_4,1,MOVING_TO_FIELD,Field_4,1,PROTECTING,Field_4,1,MOVING_TO_FIELD,Field_4,1,PROTECTING,Field_11,1,PROTECTING,Field_4,9,0.00,0,0,2,6,0.08,0,3,6,18,0.07,1,0,0,0,0.09,2,4,4,1,0.14,0,9,9,0,0.04,0,0,3,11,0.09,1,1,1,8,0.00,0,0,1,9,0.05,0,0,2,6,0.02,0,0,3,8,0.05,2,0,0,13,0.15,0,1,1
108,89,0,0,8,0,16,0,1,PROTECTING,Field_3,1,MOVING_TO_FIELD,Field_5,1,PROTECTING,Field_12,1,MOVING_TO_FIELD,Field_5,1,PROTECTING,Field_4,1,PROTECTING,Field_7,1,PROTECTING,Field_11,1,MOVING_TO_FIELD,Field_5,1,MOVING_TO_FIELD,Field_5,1,MOVING_TO_FIELD,Field_5,1,MOVING_TO_FIELD,Field_5,1,MOVING_TO_FIELD,Field_2,1,MOVING_TO_FIELD,Field_5,1,MOVING_TO_FIELD,Field_7,1,MOVING_TO_FIELD,Field_2,1,MOVING_TO_FIELD,Field_5,1,MOVING_TO_FIELD,Field_2,1,MOVING_TO_FIELD,Field_5,1,MOVING_TO_FIELD,Field_4,1,MOVING_TO_FIELD,Field_4,1,PROTECTING,Field_4,1,MOVING_TO_FIELD,Field_4,1,PROTECTING,Field_11,1,PROTECTING,Field_4,9,0.00,0,0,2,6,0.08,0,3,6,18,0.09,1,0,0,0,0.09,3,3,3,1,0.15,0,9,9,0,0.04,0,0,3,11,0.10,1,1,1,8,0.00,0,0,1,9,0.05,0,0,2,6,0.02,0,0,3,8,0.05,2,0,0,13,0.15,1,0,0
109,89,0,0,9,0,15,0,1,PROTECTING,Field_3,1,MOVING_TO_FIELD,Field_5,1,PROTECTING,Field_12,1,MOVING_TO_FIELD,Field_5,1,PROTECTING,Field_4,1,PROTECTING,Field_7,1,PROTECTING,Field_11,1,PROTECTING,Field_5,1,MOVING_TO_FIELD,Field_5,1,MOVING_TO_FIELD,Field_5,1,MOVING_TO_FIELD,Field_5,1,MOVING_TO_FIELD,Field_2,1,MOVING_TO_FIELD,Field_5,1,MOVING_TO_FIELD,Field_7,1,MOVING_TO_FIELD,Field_2,1,MOVING_TO_FIELD,Field_5,1,MOVING_TO_FIELD,Field_2,1,MOVING_TO_FIELD,Field_5,1,MOVING_TO_FIELD,Field_4,1,MOVING_TO_FIELD,Field_4,1,PROTECTING,Field_4,1,MOVING_TO_FIELD,Field_4,1,PROTECTING,Field_11,1,PROTECTING,Field_4,9,0.00,0,0,2,6,0.09,0,3,6,18,0.08,1,0,0,0,0.09,3,3,3,1,0.15,1,8,8,0,0.05,0,0,3,11,0.10,1,1,1,8,0.00,0,0,1,9,0.04,0,0,2,6,0.02,0,0,3,8,0.05,2,0,0,13,0.13,1,0,0
110,89,0,0,12,0,12,0,1,PROTECTING,Field_3,1,PROTECTING,Field_5,1,PROTECTING,Field_12,1,MOVING_TO_FIELD,Field_5,1,PROTECTING,Field_4,1,PROTECTING,Field_7,1,PROTECTING,Field_11,1,PROTECTING,Field_5,1,MOVING_TO_FIELD,Field_5,1,PROTECTING,Field_5,1,MOVING_TO_FIELD,Field_5,1,MOVING_TO_FIELD,Field_2,1,MOVING_TO_FIELD,Field_5,1,PROTECTING,Field_7,1,MOVING_TO_FIELD,Field_2,1,MOVING_TO_FIELD,Field_5,1,MOVING_TO_FIELD,Field_2,1,MOVING_TO_FIELD,Field_5,1,MOVING_TO_FIELD,Field_4,1,MOVING_TO_FIELD,Field_4,1,PROTECTING,Field_4,1,MOVING_TO_FIELD,Field_4,1,PROTECTING,Field_11,1,PROTECTING,Field_4,9,0.00,0,0,2,6,0.08,0,3,6,18,0.11,1,0,0,0,0.09,3,3,3,1,0.18,3,6,6,0,0.04,0,0,3,11,0.12,2,0,0,8,0.00,0,0,1,9,0.04,0,0,2,6,0.02,0,0,3,8,0.04,2,0,0,13,0.13,1,0,0
111,89,0,0,14,0,10,0,1,PROTECTING,Field_3,1,PROTECTING,Field_5,1,PROTECTING,Field_12,1,MOVING_TO_FIELD,Field_5,1,PROTECTING,Field_4,1,PROTECTING,Field_7,1,PROTECTING,Field_11,1,PROTECTING,Field_5,1,PROTECTING,Field_5,1,PROTECTING,Field_5,1,MOVING_TO_FIELD,Field_5,1,MOVING_TO_FIELD,Field_2,1,PROTECTING,Field_5,1,PROTECTING,Field_7,1,MOVING_TO_FIELD,Field_2,1,MOVING_TO_FIELD,Field_5,1,MOVING_TO_FIELD,Field_2,1,MOVING_TO_FIELD,Field_5,1,MOVING_TO_FIELD,Field_4,1,MOVING_TO_FIELD,Field_4,1,PROTECTING,Field_4,1,MOVING_TO_FIELD,Field_4,1,PROTECTING,Field_11,1,PROTECTING,Field_4,9,0.00,0,0,2,6,0.09,0,3,6,18,0.11,1,0,0,0,0.09,3,3,3,1,0.17,5,4,4,0,0.04,0,0,3,11,0.11,2,0,0,8,0.00,0,0,1,9,0.03,0,0,2,6,0.02,0,0,3,8,0.02,2,0,0,13,0.15,1,0,0
112,90,0,0,15,0,9,0,1,PROTECTING,Field_3,1,PROTECTING,Field_5,1,PROTECTING,Field_12,1,PROTECTING,Field_5,1,PROTECTING,Field_4,1,PROTECTING,Field_7,1,PROTECTING,Field_11,1,PROTECTING,Field_5,1,PROTECTING,Field_5,1,PROTECTING,Field_5,1,MOVING_TO_FIELD,Field_5,1,MOVING_TO_FIELD,Field_2,1,PROTECTING,Field_5,1,PROTECTING,Field_7,1,MOVING_TO_FIELD,Field_2,1,MOVING_TO_FIELD,Field_5,1,MOVING_TO_FIELD,Field_2,1,MOVING_TO_FIELD,Field_5,1,MOVING_TO_FIELD,Field_4,1,MOVING_TO_FIELD,Field_4,1,PROTECTING,Field_4,1,MOVING_TO_FIELD,Field_4,1,PROTECTING,Field_11,1,PROTECTING,Field_4,9,0.00,0,0,2,6,0.09,0,3,6,18,0.09,1,0,0,0,0.09,3,3,3,1,0.18,6,3,3,0,0.04,0,0,3,11,0.10,2,0,0,8,0.00,0,0,1,10,0.04,0,0,2,6,0.02,0,0,3,8,0.02,2,0,0,13,0.13,1,0,0
113,90,0,0,17,0,7,0,1,PROTECTING,Field_3,1,PROTECTING,Field_5,1,PROTECTING,Field_12,1,PROTECTING,Field_5,1,PROTECTING,Field_4,1,PROTECTING,Field_7,1,PROTECTING,Field_11,1,PROTECTING,Field_5,1,PROTECTING,Field_5,1,PROTECTING,Field_5,1,PROTECTING,Field_5,1,MOVING_TO_FIELD,Field_2,1,PROTECTING,Field_5,1,PROTECTING,Field_7,1,MOVING_TO_FIELD,Field_2,1,PROTECTING,Field_5,1,MOVING_TO_FIELD,Field_2,1,MOVING_TO_FIELD,Field_5,1,MOVING_TO_FIELD,Field_4,1,MOVING_TO_FIELD,Field_4,1,PROTECTING,Field_4,1,MOVING_TO_FIELD,Field_4,1,PROTECTING,Field_11,1,PROTECTING,Field_4,9,0.00,0,0,2,6,0.11,0,3,6,18,0.12,1,0,0,0,0.09,3,3,3,1,0.18,8,1,1,0,0.04,0,0,3,11,0.09,2,0,0,8,0.02,0,0,1,10,0.05,0,0,2,6,0.02,0,0,3,8,0.02,2,0,0,13,0.13,1,0,0
114,90,0,0,17,0,7,0,1,PROTECTING,Field_3,1,PROTECTING,Field_5,1,PROTECTING,Field_12,1,PROTECTING,Field_5,1,PROTECTING,Field_4,1,PROTECTING,Field_7,1,PROTECTING,Field_11,1,PROTECTING,Field_5,1,PROTECTING,Field_5,1,PROTECTING,Field_5,1,PROTECTING,Field_5,1,MOVING_TO_FIELD,Field_2,1,PROTECTING,Field_5,1,PROTECTING,Field_7,1,MOVING_TO_FIELD,Field_2,1,PROTECTING,Field_5,1,MOVING_TO_FIELD,Field_2,1,MOVING_TO_FIELD,Field_5,1,MOVING_TO_FIELD,Field_4,1,MOVING_TO_FIELD,Field_4,1,PROTECTING,Field_4,1,MOVING_TO_FIELD,Field_4,1,PROTECTING,Field_11,1,PROTECTING,Field_4,9,0.00,0,0,2,6,0.10,0,3,6,18,0.09,1,0,0,0,0.11,3,3,3,1,0.19,8,1,1,0,0.04,0,0,3,11,0.09,2,0,0,8,0.02,0,0,1,10,0.05,0,0,2,6,0.02,0,0,3,8,0.00,2,0,0,13,0.13,1,0,0
115,90,0,0,17,0,7,0,1,PROTECTING,Field_3,1,PROTECTING,Field_5,1,PROTECTING,Field_12,1,PROTECTING,Field_5,1,PROTECTING,Field_4,1,PROTECTING,Field_7,1,PROTECTING,Field_11,1,PROTECTING,Field_5,1,PROTECTING,Field_5,1,PROTECTING,Field_5,1,PROTECTING,Field_5,1,MOVING_TO_FIELD,Field_2,1,PROTECTING,Field_5,1,PROTECTING,Field_7,1,MOVING_TO_FIELD,Field_2,1,PROTECTING,Field_5,1,MOVING_TO_FIELD,Field_2,1,MOVING_TO_FIELD,Field_5,1,MOVING_TO_FIELD,Field_4,1,MOVING_TO_FIELD,Field_4,1,PROTECTING,Field_4,1,MOVING_TO_FIELD,Field_4,1,PROTECTING,Field_11,1,PROTECTING,Field_4,9,0.00,0,0,2,6,0.12,0,3,6,18,0.08,1,0,0,0,0.11,3,3,3,1,0.20,8,1,1,0,0.04,0,0,3,11,0.09,2,0,0,8,0.02,0,0,1,10,0.05,0,0,2,6,0.03,0,0,3,8,0.00,2,0,0,13,0.10,1,0,0
116,90,0,0,18,0,6,0,1,PROTECTING,Field_3,1,PROTECTING,Field_5,1,PROTECTING,Field_12,1,PROTECTING,Field_5,1,PROTECTING,Field_4,1,PROTECTING,Field_7,1,PROTECTING,Field_11,1,PROTECTING,Field_5,1,PROTECTING,Field_5,1,PROTECTING,Field_5,1,PROTECTING,Field_5,1,MOVING_TO_FIELD,Field_2,1,PROTECTING,Field_5,1,PROTECTING,Field_7,1,MOVING_TO_FIELD,Field_2,1,PROTECTING,Field_5,1,MOVING_TO_FIELD,Field_2,1,MOVING_TO_FIELD,Field_5,1,MOVING_TO_FIELD,Field_4,1,PROTECTING,Field_4,1,PROTECTING,Field_4,1,MOVING_TO_FIELD,Field_4,1,PROTECTING,Field_11,1,PROTECTING,Field_4,9,0.02,0,0,2,6,0.12,0,3,6,18,0.07,1,0,0,0,0.09,4,2,2,1,0.20,8,1,1,0,0.04,0,0,3,11,0.09,2,0,0,8,0.02,0,0,1,10,0.05,0,0,2,6,0.03,0,0,3,8,0.00,2,0,0,13,0.10,1,0,0
117,90,0,0,18,0,6,0,1,PROTECTING,Field_3,1,PROTECTING,Field_5,1,PROTECTING,Field_12,1,PROTECTING,Field_5,1,PROTECTING,Field_4,1,PROTECTING,Field_7,1,PROTECTING,Field_11,1,PROTECTING,Field_5,1,PROTECTING,Field_5,1,PROTECTING,Field_5,1,PROTECTING,Field_5,1,MOVING_TO_FIELD,Field_2,1,PROTECTING,Field_5,1,PROTECTING,Field_7,1,MOVING_TO_FIELD,Field_2,1,PROTECTING,Field_5,1,MOVING_TO_FIELD,Field_2,1,MOVING_TO_FIELD,Field_5,1,MOVING_TO_FIELD,Field_4,1,PROTECTING,Field_4,1,PROTECTING,Field_4,1,MOVING_TO_FIELD,Field_4,1,PROTECTING,Field_11,1,PROTECTING,Field_4,9,0.02,0,0,2,6,0.12,0,3,6,18,0.05,1,0,0,0,0.08,4,2,2,1,0.21,8,1,1,0,0.04,0,0,3,11,0.09,2,0,0,8,0.02,0,0,1,10,0.05,0,0,2,6,0.03,0,0,3,8,0.00,2,0,0,13,0.10,1,0,0
118,90,0,0,18,0,6,0,1,PROTECTING,Field_3,1,PROTECTING,Field_5,1,PROTECTING,Field_12,1,PROTECTING,Field_5,1,PROTECTING,Field_4,1,PROTECTING,Field_7,1,PROTECTING,Field_11,1,PROTECTING,Field_5,1,PROTECTING,Field_5,1,PROTECTING,Field_5,1,PROTECTING,Field_5,1,MOVING_TO_FIELD,Field_2,1,PROTECTING,Field_5,1,PROTECTING,Field_7,1,MOVING_TO_FIELD,Field_2,1,PROTECTING,Field_5,1,MOVING_TO_FIELD,Field_2,1,MOVING_TO_FIELD,Field_5,1,MOVING_TO_FIELD,Field_4,1,PROTECTING,Field_4,1,PROTECTING,Field_4,1,MOVING_TO_FIELD,Field_4,1,PROTECTING,Field_11,1,PROTECTING,Field_4,9,0.02,0,0,2,6,0.10,0,3,6,18,0.03,1,0,0,0,0.08,4,2,2,1,0.21,8,1,1,0,0.05,0,0,3,11,0.08,2,0,0,8,0.02,0,0,1,10,0.05,0,0,2,6,0.05,0,0,3,8,0.00,2,0,0,13,0.08,1,0,0
119,90,0,0,18,0,6,0,1,PROTECTING,Field_3,1,PROTECTING,Field_5,1,PROTECTING,Field_12,1,PROTECTING,Field_5,1,PROTECTING,Field_4,1,PROTECTING,Field_7,1,PROTECTING,Field_11,1,PROTECTING,Field_5,1,PROTECTING,Field_5,1,PROTECTING,Field_5,1,PROTECTING,Field_5,1,MOVING_TO_FIELD,Field_2,1,PROTECTING,Field_5,1,PROTECTING,Field_7,1,MOVING_TO_FIELD,Field_2,1,PROTECTING,Field_5,1,MOVING_TO_FIELD,Field_2,1,MOVING_TO_FIELD,Field_5,1,MOVING_TO_FIELD,Field_4,1,PROTECTING,Field_4,1,PROTECTING,Field_4,1,MOVING_TO_FIELD,Field_4,1,PROTECTING,Field_11,1,PROTECTING,Field_4,9,0.02,0,0,2,6,0.10,0,3,6,18,0.01,1,0,0,0,0.08,4,2,2,1,0.19,8,1,1,0,0.04,0,0,3,11,0.08,2,0,0,8,0.02,0,0,1,10,0.05,0,0,2,6,0.05,0,0,3,8,0.00,2,0,0,13,0.05,1,0,0
120,90,0,0,19,0,5,0,1,PROTECTING,Field_3,1,PROTECTING,Field_5,1,PROTECTING,Field_12,1,PROTECTING,Field_5,1,PROTECTING,Field_4,1,PROTECTING,Field_7,1,PROTECTING,Field_11,1,PROTECTING,Field_5,1,PROTECTING,Field_5,1,PROTECTING,Field_5,1,PROTECTING,Field_5,1,MOVING_TO_FIELD,Field_2,1,PROTECTING,Field_5,1,PROTECTING,Field_7,1,MOVING_TO_FIELD,Field_2,1,PROTECTING,Field_5,1,MOVING_TO_FIELD,Field_2,1,MOVING_TO_FIELD,Field_5,1,MOVING_TO_FIELD,Field_4,1,PROTECTING,Field_4,1,PROTECTING,Field_4,1,PROTECTING,Field_4,1,PROTECTING,Field_11,1,PROTECTING,Field_4,9,0.03,0,0,2,6,0.12,0,3,6,18,0.01,1,0,0,0,0.09,5,1,1,1,0.20,8,1,1,0,0.04,0,0,3,11,0.08,2,0,0,8,0.02,0,0,1,10,0.05,0,0,2,6,0.03,0,0,3,8,0.00,2,0,0,13,0.05,1,0,0
121,90,1,0,16,0,7,0,1,MOVING_TO_FIELD,Field_2,1,PROTECTING,Field_5,1,IDLE,,1,PROTECTING,Field_5,1,PROTECTING,Field_4,1,PROTECTING,Field_7,1,MOVING_TO_FIELD,Field_2,1,PROTECTING,Field_5,1,PROTECTING,Field_5,1,PROTECTING,Field_5,1,PROTECTING,Field_5,1,MOVING_TO_FIELD,Field_2,1,PROTECTING,Field_5,1,PROTECTING,Field_7,1,MOVING_TO_FIELD,Field_2,1,PROTECTING,Field_5,1,MOVING_TO_FIELD,Field_2,1,PROTECTING,Field_5,1,MOVING_TO_FIELD,Field_2,1,PROTECTING,Field_4,1,PROTECTING,Field_4,1,PROTECTING,Field_4,1,MOVING_TO_FIELD,Field_4,1,PROTECTING,Field_4,9,0.03,0,0,2,6,0.12,0,6,6,18,0.01,0,0,1,0,0.09,5,1,1,1,0.19,9,0,0,0,0.05,0,0,3,11,0.08,2,0,0,8,0.02,0,0,1,10,0.07,0,0,2,6,0.03,0,0,3,8,0.00,0,0,2,13,0.00,0,0,1
122,90,1,0,16,0,7,0,1,MOVING_TO_FIELD,Field_2,1,PROTECTING,Field_5,1,IDLE,,1,PROTECTING,Field_5,1,PROTECTING,Field_4,1,PROTECTING,Field_7,1,MOVING_TO_FIELD,Field_2,1,PROTECTING,Field_5,1,PROTECTING,Field_5,1,PROTECTING,Field_5,1,PROTECTING,Field_5,1,MOVING_TO_FIELD,Field_2,1,PROTECTING,Field_5,1,PROTECTING,Field_7,1,MOVING_TO_FIELD,Field_2,1,PROTECTING,Field_5,1,MOVING_TO_FIELD,Field_2,1,PROTECTING,Field_5,1,MOVING_TO_FIELD,Field_2,1,PROTECTING,Field_4,1,PROTECTING,Field_4,1,PROTECTING,Field_4,1,MOVING_TO_FIELD,Field_4,1,PROTECTING,Field_4,9,0.03,0,0,2,6,0.12,0,6,6,18,0.01,0,0,1,0,0.09,5,1,1,1,0.20,9,0,0,0,0.06,0,0,3,11,0.08,2,0,0,8,0.02,0,0,1,10,0.10,0,0,2,6,0.03,0,0,3,8,0.00,0,0,2,13,0.00,0,0,1
123,90,1,0,16,0,7,0,1,MOVING_TO_FIELD,Field_2,1,PROTECTING,Field_5,1,IDLE,,1,PROTECTING,Field_5,1,PROTECTING,Field_4,1,PROTECTING,Field_7,1,MOVING_TO_FIELD,Field_2,1,PROTECTING,Field_5,1,PROTECTING,Field_5,1,PROTECTING,Field_5,1,PROTECTING,Field_5,1,MOVING_TO_FIELD,Field_2,1,PROTECTING,Field_5,1,PROTECTING,Field_7,1,MOVING_TO_FIELD,Field_2,1,PROTECTING,Field_5,1,MOVING_TO_FIELD,Field_2,1,PROTECTING,Field_5,1,MOVING_TO_FIELD,Field_2,1,PROTECTING,Field_4,1,PROTECTING,Field_4,1,PROTECTING,Field_4,1,MOVING_TO_FIELD,Field_4,1,PROTECTING,Field_4,9,0.03,0,0,2,6,0.11,0,6,6,18,0.01,0,0,1,0,0.09,5,1,1,1,0.19,9,0,0,0,0.06,0,0,3,11,0.06,2,0,0,8,0.05,0,0,1,10,0.11,0,0,2,6,0.03,0,0,3,8,0.00,0,0,2,13,0.00,0,0,1
124,90,1,0,16,0,7,0,1,MOVING_TO_FIELD,Field_2,1,PROTECTING,Field_5,1,IDLE,,1,PROTECTING,Field_5,1,PROTECTING,Field_4,1,PROTECTING,Field_7,1,MOVING_TO_FIELD,Field_2,1,PROTECTING,Field_5,1,PROTECTING,Field_5,1,PROTECTING,Field_5,1,PROTECTING,Field_5,1,MOVING_TO_FIELD,Field_2,1,PROTECTING,Field_5,1,PROTECTING,Field_7,1,MOVING_TO_FIELD,Field_2,1,PROTECTING,Field_5,1,MOVING_TO_FIELD,Field_2,1,PROTECTING,Field_5,1,MOVING_TO_FIELD,Field_2,1,PROTECTING,Field_4,1,PROTECTING,Field_4,1,PROTECTING,Field_4,1,MOVING_TO_FIELD,Field_4,1,PROTECTING,Field_4,9,0.03,0,0,2,6,0.11,0,6,6,18,0.01,0,0,1,0,0.09,5,1,1,1,0.21,9,0,0,0,0.06,0,0,3,11,0.06,2,0,0,8,0.05,0,0,1,10,0.09,0,0,2,6,0.03,0,0,3,8,0.00,0,0,2,13,0.00,0,0,1
125,90,1,0,17,0,6,0,1,MOVING_TO_FIELD,Field_2,1,PROTECTING,Field_5,1,IDLE,,1,PROTECTING,Field_5,1,PROTECTING,Field_4,1,PROTECTING,Field_7,1,MOVING_TO_FIELD,Field_2,1,PROTECTING,Field_5,1,PROTECTING,Field_5,1,PROTECTING,Field_5,1,PROTECTING,Field_5,1,MOVING_TO_FIELD,Field_2,1,PROTECTING,Field_5,1,PROTECTING,Field_7,1,MOVING_TO_FIELD,Field_2,1,PROTECTING,Field_5,1,MOVING_TO_FIELD,Field_2,1,PROTECTING,Field_5,1,PROTECTING,Field_2,1,PROTECTING,Field_4,1,PROTECTING,Field_4,1,PROTECTING,Field_4,1,MOVING_TO_FIELD,Field_4,1,PROTECTING,Field_4,9,0.05,0,0,2,6,0.10,1,5,5,18,0.01,0,0,1,0,0.08,5,1,1,1,0.21,9,0,0,0,0.06,0,0,3,11,0.06,2,0,0,8,0.05,0,0,1,10,0.11,0,0,2,6,0.03,0,0,3,8,0.00,0,0,2,13,0.00,0,0,1
126,90,1,0,18,0,5,0,1,MOVING_TO_FIELD,Field_2,1,PROTECTING,Field_5,1,IDLE,,1,PROTECTING,Field_5,1,PROTECTING,Field_4,1,PROTECTING,Field_7,1,MOVING_TO_FIELD,Field_2,1,PROTECTING,Field_5,1,PROTECTING,Field_5,1,PROTECTING,Field_5,1,PROTECTING,Field_5,1,PROTECTING,Field_2,1,PROTECTING,Field_5,1,PROTECTING,Field_7,1,MOVING_TO_FIELD,Field_2,1,PROTECTING,Field_5,1,MOVING_TO_FIELD,Field_2,1,PROTECTING,Field_5,1,PROTECTING,Field_2,1,PROTECTING,Field_4,1,PROTECTING,Field_4,1,PROTECTING,Field_4,1,MOVING_TO_FIELD,Field_4,1,PROTECTING,Field_4,9,0.06,0,0,2,6,0.10,2,4,4,18,0.01,0,0,1,0,0.08,5,1,1,1,0.21,9,0,0,0,0.06,0,0,3,11,0.05,2,0,0,8,0.05,0,0,1,10,0.11,0,0,2,6,0.03,0,0,3,8,0.00,0,0,2,13,0.00,0,0,1
127,90,1,0,18,0,5,0,1,MOVING_TO_FIELD,Field_2,1,PROTECTING,Field_5,1,IDLE,,1,PROTECTING,Field_5,1,PROTECTING,Field_4,1,PROTECTING,Field_7,1,MOVING_TO_FIELD,Field_2,1,PROTECTING,Field_5,1,PROTECTING,Field_5,1,PROTECTING,Field_5,1,PROTECTING,Field_5,1,PROTECTING,Field_2,1,PROTECTING,Field_5,1,PROTECTING,Field_7,1,MOVING_TO_FIELD,Field_2,1,PROTECTING,Field_5,1,MOVING_TO_FIELD,Field_2,1,PROTECTING,Field_5,1,PROTECTING,Field_2,1,PROTECTING,Field_4,1,PROTECTING,Field_4,1,PROTECTING,Field_4,1,MOVING_TO_FIELD,Field_4,1,PROTECTING,Field_4,9,0.08,0,0,2,6,0.10,2,4,4,18,0.00,0,0,1,0,0.08,5,1,1,1,0.21,9,0,0,0,0.07,0,0,3,11,0.05,2,0,0,8,0.05,0,0,1,10,0.10,0,0,2,6,0.03,0,0,3,8,0.00,0,0,2,13,0.00,0,0,1
128,90,1,0,19,0,4,0,1,MOVING_TO_FIELD,Field_2,1,PROTECTING,Field_5,1,IDLE,,1,PROTECTING,Field_5,1,PROTECTING,Field_4,1,PROTECTING,Field_7,1,MOVING_TO_FIELD,Field_2,1,PROTECTING,Field_5,1,PROTECTING,Field_5,1,PROTECTING,Field_5,1,PROTECTING,Field_5,1,PROTECTING,Field_2,1,PROTECTING,Field_5,1,PROTECTING,Field_7,1,PROTECTING,Field_2,1,PROTECTING,Field_5,1,MOVING_TO_FIELD,Field_2,1,PROTECTING,Field_5,1,PROTECTING,Field_2,1,PROTECTING,Field_4,1,PROTECTING,Field_4,1,PROTECTING,Field_4,1,MOVING_TO_FIELD,Field_4,1,PROTECTING,Field_4,9,0.08,0,0,2,6,0.09,3,3,3,18,0.00,0,0,1,0,0.08,5,1,1,1,0.21,9,0,0,0,0.07,0,0,3,11,0.04,2,0,0,8,0.05,0,0,1,10,0.09,0,0,2,6,0.02,0,0,3,8,0.00,0,0,2,13,0.00,0,0,1
129,90,1,0,19,0,4,0,1,MOVING_TO_FIELD,Field_2,1,PROTECTING,Field_5,1,IDLE,,1,PROTECTING,Field_5,1,PROTECTING,Field_4,1,PROTECTING,Field_7,1,MOVING_TO_FIELD,Field_2,1,PROTECTING,Field_5,1,PROTECTING,Field_5,1,PROTECTING,Field_5,1,PROTECTING,Field_5,1,PROTECTING,Field_2,1,PROTECTING,Field_5,1,PROTECTING,Field_7,1,PROTECTING,Field_2,1,PROTECTING,Field_5,1,MOVING_TO_FIELD,Field_2,1,PROTECTING,Field_5,1,PROTECTING,Field_2,1,PROTECTING,Field_4,1,PROTECTING,Field_4,1,PROTECTING,Field_4,1,MOVING_TO_FIELD,Field_4,1,PROTECTING,Field_4,9,0.08,0,0,2,6,0.08,3,3,3,18,0.00,0,0,1,0,0.08,5,1,1,1,0.22,9,0,0,0,0.07,0,0,3,11,0.03,2,0,0,8,0.05,0,0,1,10,0.10,0,0,2,6,0.03,0,0,3,8,0.00,0,0,2,13,0.00,0,0,1
130,90,1,0,19,0,4,0,1,MOVING_TO_FIELD,Field_2,1,PROTECTING,Field_5,1,IDLE,,1,PROTECTING,Field_5,1,PROTECTING,Field_4,1,PROTECTING,Field_7,1,MOVING_TO_FIELD,Field_2,1,PROTECTING,Field_5,1,PROTECTING,Field_5,1,PROTECTING,Field_5,1,PROTECTING,Field_5,1,PROTECTING,Field_2,1,PROTECTING,Field_5,1,PROTECTING,Field_7,1,PROTECTING,Field_2,1,PROTECTING,Field_5,1,MOVING_TO_FIELD,Field_2,1,PROTECTING,Field_5,1,PROTECTING,Field_2,1,PROTECTING,Field_4,1,PROTECTING,Field_4,1,PROTECTING,Field_4,1,MOVING_TO_FIELD,Field_4,1,PROTECTING,Field_4,9,0.08,0,0,2,6,0.08,3,3,3,18,0.00,0,0,1,0,0.08,5,1,1,1,0.21,9,0,0,0,0.07,0,0,3,11,0.03,2,0,0,8,0.05,0,0,1,10,0.10,0,0,2,6,0.03,0,0,3,8,0.00,0,0,2,13,0.00,0,0,1
131,90,1,0,20,0,3,0,1,MOVING_TO_FIELD,Field_2,1,PROTECTING,Field_5,1,IDLE,,1,PROTECTING,Field_5,1,PROTECTING,Field_4,1,PROTECTING,Field_7,1,MOVING_TO_FIELD,Field_2,1,PROTECTING,Field_5,1,PROTECTING,Field_5,1,PROTECTING,Field_5,1,PROTECTING,Field_5,1,PROTECTING,Field_2,1,PROTECTING,Field_5,1,PROTECTING,Field_7,1,PROTECTING,Field_2,1,PROTECTING,Field_5,1,PROTECTING,Field_2,1,PROTECTING,Field_5,1,PROTECTING,Field_2,1,PROTECTING,Field_4,1,PROTECTING,Field_4,1,PROTECTING,Field_4,1,MOVING_TO_FIELD,Field_4,1,PROTECTING,Field_4,9,0.08,0,0,2,6,0.09,4,2,2,18,0.00,0,0,1,0,0.09,5,1,1,1,0.21,9,0,0,0,0.07,0,0,3,11,0.03,2,0,0,8,0.05,0,0,1,10,0.10,0,0,2,6,0.03,0,0,3,8,0.00,0,0,2,13,0.00,0,0,1
132,90,1,0,21,0,2,0,1,PROTECTING,Field_2,1,PROTECTING,Field_5,1,IDLE,,1,PROTECTING,Field_5,1,PROTECTING,Field_4,1,PROTECTING,Field_7,1,MOVING_TO_FIELD,Field_2,1,PROTECTING,Field_5,1,PROTECTING,Field_5,1,PROTECTING,Field_5,1,PROTECTING,Field_5,1,PROTECTING,Field_2,1,PROTECTING,Field_5,1,PROTECTING,Field_7,1,PROTECTING,Field_2,1,PROTECTING,Field_5,1,PROTECTING,Field_2,1,PROTECTING,Field_5,1,PROTECTING,Field_2,1,PROTECTING,Field_4,1,PROTECTING,Field_4,1,PROTECTING,Field_4,1,MOVING_TO_FIELD,Field_4,1,PROTECTING,Field_4,9,0.08,0,0,2,6,0.11,5,1,1,18,0.00,0,0,1,0,0.09,5,1,1,1,0.22,9,0,0,0,0.09,0,0,3,11,0.02,2,0,0,8,0.02,0,0,1,10,0.12,0,0,2,6,0.03,0,0,3,8,0.00,0,0,2,13,0.00,0,0,1
133,92,1,0,21,0,2,0,1,PROTECTING,Field_2,1,PROTECTING,Field_5,1,IDLE,,1,PROTECTING,Field_5,1,PROTECTING,Field_4,1,PROTECTING,Field_7,1,MOVING_TO_FIELD,Field_2,1,PROTECTING,Field_5,1,PROTECTING,Field_5,1,PROTECTING,Field_5,1,PROTECTING,Field_5,1,PROTECTING,Field_2,1,PROTECTING,Field_5,1,PROTECTING,Field_7,1,PROTECTING,Field_2,1,PROTECTING,Field_5,1,PROTECTING,Field_2,1,PROTECTING,Field_5,1,PROTECTING,Field_2,1,PROTECTING,Field_4,1,PROTECTING,Field_4,1,PROTECTING,Field_4,1,MOVING_TO_FIELD,Field_4,1,PROTECTING,Field_4,9,0.08,0,0,2,6,0.11,5,1,1,18,0.00,0,0,1,0,0.12,5,1,1,1,0.23,9,0,0,0,0.09,0,0,3,11,0.02,2,0,0,8,0.02,0,0,1,12,0.14,0,0,2,6,0.03,0,0,3,8,0.00,0,0,2,13,0.00,0,0,1
134,94,1,0,22,0,1,0,1,PROTECTING,Field_2,1,PROTECTING,Field_5,1,IDLE,,1,PROTECTING,Field_5,1,PROTECTING,Field_4,1,PROTECTING,Field_7,1,PROTECTING,Field_2,1,PROTECTING,Field_5,1,PROTECTING,Field_5,1,PROTECTING,Field_5,1,PROTECTING,Field_5,1,PROTECTING,Field_2,1,PROTECTING,Field_5,1,PROTECTING,Field_7,1,PROTECTING,Field_2,1,PROTECTING,Field_5,1,PROTECTING,Field_2,1,PROTECTING,Field_5,1,PROTECTING,Field_2,1,PROTECTING,Field_4,1,PROTECTING,Field_4,1,PROTECTING,Field_4,1,MOVING_TO_FIELD,Field_4,1,PROTECTING,Field_4,10,0.08,0,0,2,6,0.12,6,0,0,18,0.00,0,0,1,0,0.12,5,1,1,1,0.24,9,0,0,0,0.09,0,0,3,11,0.01,2,0,0,8,0.02,0,0,1,13,0.14,0,0,2,6,0.03,0,0,3,8,0.00,0,0,2,13,0.00,0,0,1
135,95,1,0,22,0,1,0,1,PROTECTING,Field_2,1,PROTECTING,Field_5,1,IDLE,,1,PROTECTING,Field_5,1,PROTECTING,Field_4,1,PROTECTING,Field_7,1,PROTECTING,Field_2,1,PROTECTING,Field_5,1,PROTECTING,Field_5,1,PROTECTING,Field_5,1,PROTECTING,Field_5,1,PROTECTING,Field_2,1,PROTECTING,Field_5,1,PROTECTING,Field_7,1,PROTECTING,Field_2,1,PROTECTING,Field_5,1,PROTECTING,Field_2,1,PROTECTING,Field_5,1,PROTECTING,Field_2,1,PROTECTING,Field_4,1,PROTECTING,Field_4,1,PROTECTING,Field_4,1,MOVING_TO_FIELD,Field_4,1,PROTECTING,Field_4,10,0.08,0,0,2,6,0.12,6,0,0,18,0.00,0,0,1,0,0.12,5,1,1,1,0.24,9,0,0,0,0.11,0,0,3,11,0.01,2,0,0,8,0.05,0,0,1,14,0.14,0,0,2,6,0.03,0,0,3,8,0.00,0,0,2,13,0.00,0,0,1
136,96,1,0,22,0,1,0,1,PROTECTING,Field_2,1,PROTECTING,Field_5,1,IDLE,,1,PROTECTING,Field_5,1,PROTECTING,Field_4,1,PROTECTING,Field_7,1,PROTECTING,Field_2,1,PROTECTING,Field_5,1,PROTECTING,Field_5,1,PROTECTING,Field_5,1,PROTECTING,Field_5,1,PROTECTING,Field_2,1,PROTECTING,Field_5,1,PROTECTING,Field_7,1,PROTECTING,Field_2,1,PROTECTING,Field_5,1,PROTECTING,Field_2,1,PROTECTING,Field_5,1,PROTECTING,Field_2,1,PROTECTING,Field_4,1,PROTECTING,Field_4,1,PROTECTING,Field_4,1,MOVING_TO_FIELD,Field_4,1,PROTECTING,Field_4,11,0.08,0,0,2,6,0.12,6,0,0,18,0.00,0,0,1,0,0.12,5,1,1,1,0.24,9,0,0,0,0.11,0,0,3,11,0.03,2,0,0,8,0.05,0,0,1,14,0.13,0,0,2,6,0.03,0,0,3,8,0.00,0,0,2,13,0.03,0,0,1
137,96,1,0,22,0,1,0,1,PROTECTING,Field_2,1,PROTECTING,Field_5,1,IDLE,,1,PROTECTING,Field_5,1,PROTECTING,Field_4,1,PROTECTING,Field_7,1,PROTECTING,Field_2,1,PROTECTING,Field_5,1,PROTECTING,Field_5,1,PROTECTING,Field_5,1,PROTECTING,Field_5,1,PROTECTING,Field_2,1,PROTECTING,Field_5,1,PROTECTING,Field_7,1,PROTECTING,Field_2,1,PROTECTING,Field_5,1,PROTECTING,Field_2,1,PROTECTING,Field_5,1,PROTECTING,Field_2,1,PROTECTING,Field_4,1,PROTECTING,Field_4,1,PROTECTING,Field_4,1,MOVING_TO_FIELD,Field_4,1,PROTECTING,Field_4,11,0.08,0,0,2,6,0.12,6,0,0,18,0.00,0,0,1,0,0.14,5,1,1,1,0.24,9,0,0,0,0.11,0,0,3,11,0.03,2,0,0,8,0.05,0,0,1,14,0.14,0,0,2,6,0.03,0,0,3,8,0.00,0,0,2,13,0.03,0,0,1
138,96,1,0,22,0,1,0,1,PROTECTING,Field_2,1,PROTECTING,Field_5,1,IDLE,,1,PROTECTING,Field_5,1,PROTECTING,Field_4,1,PROTECTING,Field_7,1,PROTECTING,Field_2,1,PROTECTING,Field_5,1,PROTECTING,Field_5,1,PROTECTING,Field_5,1,PROTECTING,Field_5,1,PROTECTING,Field_2,1,PROTECTING,Field_5,1,PROTECTING,Field_7,1,PROTECTING,Field_2,1,PROTECTING,Field_5,1,PROTECTING,Field_2,1,PROTECTING,Field_5,1,PROTECTING,Field_2,1,PROTECTING,Field_4,1,PROTECTING,Field_4,1,PROTECTING,Field_4,1,MOVING_TO_FIELD,Field_4,1,PROTECTING,Field_4,11,0.08,0,0,2,6,0.12,6,0,0,18,0.00,0,0,1,0,0.16,5,1,1,1,0.24,9,0,0,0,0.11,0,0,3,11,0.03,2,0,0,8,0.05,0,0,1,14,0.14,0,0,2,6,0.03,0,0,3,8,0.00,0,0,2,13,0.03,0,0,1
139,98,1,0,22,0,1,0,1,PROTECTING,Field_2,1,PROTECTING,Field_5,1,IDLE,,1,PROTECTING,Field_5,1,PROTECTING,Field_4,1,PROTECTING,Field_7,1,PROTECTING,Field_2,1,PROTECTING,Field_5,1,PROTECTING,Field_5,1,PROTECTING,Field_5,1,PROTECTING,Field_5,1,PROTECTING,Field_2,1,PROTECTING,Field_5,1,PROTECTING,Field_7,1,PROTECTING,Field_2,1,PROTECTING,Field_5,1,PROTECTING,Field_2,1,PROTECTING,Field_5,1,PROTECTING,Field_2,1,PROTECTING,Field_4,1,PROTECTING,Field_4,1,PROTECTING,Field_4,1,MOVING_TO_FIELD,Field_4,1,PROTECTING,Field_4,11,0.08,0,0,2,6,0.12,6,0,0,18,0.00,0,0,1,1,0.16,5,1,1,1,0.24,9,0,0,0,0.11,0,0,3,11,0.03,2,0,0,8,0.05,0,0,1,15,0.14,0,0,2,6,0.03,0,0,3,8,0.00,0,0,2,13,0.03,0,0,1
140,98,1,0,22,0,1,0,1,PROTECTING,Field_2,1,PROTECTING,Field_5,1,IDLE,,1,PROTECTING,Field_5,1,PROTECTING,Field_4,1,PROTECTING,Field_7,1,PROTECTING,Field_2,1,PROTECTING,Field_5,1,PROTECTING,Field_5,1,PROTECTING,Field_5,1,PROTECTING,Field_5,1,PROTECTING,Field_2,1,PROTECTING,Field_5,1,PROTECTING,Field_7,1,PROTECTING,Field_2,1,PROTECTING,Field_5,1,PROTECTING,Field_2,1,PROTECTING,Field_5,1,PROTECTING,Field_2,1,PROTECTING,Field_4,1,PROTECTING,Field_4,1,PROTECTING,Field_4,1,MOVING_TO_FIELD,Field_4,1,PROTECTING,Field_4,11,0.08,0,0,2,6,0.12,6,0,0,18,0.00,0,0,1,1,0.15,5,1,1,1,0.23,9,0,0,0,0.11,0,0,3,11,0.03,2,0,0,8,0.05,0,0,1,15,0.14,0,0,2,6,0.02,0,0,3,8,0.00,0,0,2,13,0.03,0,0,1
141,98,0,0,22,0,2,0,1,PROTECTING,Field_2,1,PROTECTING,Field_5,1,MOVING_TO_FIELD,Field_9,1,PROTECTING,Field_5,1,PROTECTING,Field_4,1,PROTECTING,Field_7,1,PROTECTING,Field_2,1,PROTECTING,Field_5,1,PROTECTING,Field_5,1,PROTECTING,Field_5,1,PROTECTING,Field_5,1,PROTECTING,Field_2,1,PROTECTING,Field_5,1,PROTECTING,Field_7,1,PROTECTING,Field_2,1,PROTECTING,Field_5,1,PROTECTING,Field_2,1,PROTECTING,Field_5,1,PROTECTING,Field_2,1,PROTECTING,Field_4,1,PROTECTING,Field_4,1,PROTECTING,Field_4,1,MOVING_TO_FIELD,Field_4,1,PROTECTING,Field_4,11,0.08,0,0,2,6,0.12,6,0,0,18,0.00,0,0,1,1,0.15,5,1,1,1,0.23,9,0,0,0,0.09,0,0,3,11,0.04,2,0,0,8,0.05,0,0,1,15,0.12,0,1,2,6,0.02,0,0,3,8,0.00,0,0,2,13,0.03,0,0,1
142,99,0,0,22,0,2,0,1,PROTECTING,Field_2,1,PROTECTING,Field_5,1,MOVING_TO_FIELD,Field_9,1,PROTECTING,Field_5,1,PROTECTING,Field_4,1,PROTECTING,Field_7,1,PROTECTING,Field_2,1,PROTECTING,Field_5,1,PROTECTING,Field_5,1,PROTECTING,Field_5,1,PROTECTING,Field_5,1,PROTECTING,Field_2,1,PROTECTING,Field_5,1,PROTECTING,Field_7,1,PROTECTING,Field_2,1,PROTECTING,Field_5,1,PROTECTING,Field_2,1,PROTECTING,Field_5,1,PROTECTING,Field_2,1,PROTECTING,Field_4,1,PROTECTING,Field_4,1,PROTECTING,Field_4,1,MOVING_TO_FIELD,Field_4,1,PROTECTING,Field_4,11,0.08,0,0,2,6,0.12,6,0,0,18,0.00,0,0,1,1,0.15,5,1,1,1,0.21,9,0,0,0,0.09,0,0,3,11,0.04,2,0,0,8,0.02,0,0,1,16,0.12,0,1,2,6,0.02,0,0,3,8,0.00,0,0,2,13,0.03,0,0,1
143,99,0,0,22,0,2,0,1,PROTECTING,Field_2,1,PROTECTING,Field_5,1,MOVING_TO_FIELD,Field_9,1,PROTECTING,Field_5,1,PROTECTING,Field_4,1,PROTECTING,Field_7,1,PROTECTING,Field_2,1,PROTECTING,Field_5,1,PROTECTING,Field_5,1,PROTECTING,Field_5,1,PROTECTING,Field_5,1,PROTECTING,Field_2,1,PROTECTING,Field_5,1,PROTECTING,Field_7,1,PROTECTING,Field_2,1,PROTECTING,Field_5,1,PROTECTING,Field_2,1,PROTECTING,Field_5,1,PROTECTING,Field_2,1,PROTECTING,Field_4,1,PROTECTING,Field_4,1,PROTECTING,Field_4,1,MOVING_TO_FIELD,Field_4,1,PROTECTING,Field_4,11,0.08,0,0,2,6,0.12,6,0,0,18,0.00,0,0,1,1,0.15,5,1,1,1,0.22,9,0,0,0,0.11,0,0,3,11,0.03,2,0,0,8,0.02,0,0,1,16,0.13,0,1,2,6,0.03,0,0,3,8,0.00,0,0,2,13,0.03,0,0,1
144,99,0,0,22,0,2,0,1,PROTECTING,Field_2,1,PROTECTING,Field_5,1,MOVING_TO_FIELD,Field_9,1,PROTECTING,Field_5,1,PROTECTING,Field_4,1,PROTECTING,Field_7,1,PROTECTING,Field_2,1,PROTECTING,Field_5,1,PROTECTING,Field_5,1,PROTECTING,Field_5,1,PROTECTING,Field_5,1,PROTECTING,Field_2,1,PROTECTING,Field_5,1,PROTECTING,Field_7,1,PROTECTING,Field_2,1,PROTECTING,Field_5,1,PROTECTING,Field_2,1,PROTECTING,Field_5,1,PROTECTING,Field_2,1,PROTECTING,Field_4,1,PROTECTING,Field_4,1,PROTECTING,Field_4,1,MOVING_TO_FIELD,Field_4,1,PROTECTING,Field_4,11,0.08,0,0,2,6,0.12,6,0,0,18,0.00,0,0,1,1,0.15,5,1,1,1,0.22,9,0,0,0,0.11,0,0,3,11,0.02,2,0,0,8,0.02,0,0,1,16,0.12,0,1,2,6,0.03,0,0,3,8,0.00,0,0,2,13,0.03,0,0,1
145,100,0,0,22,0,2,0,1,PROTECTING,Field_2,1,PROTECTING,Field_5,1,MOVING_TO_FIELD,Field_9,1,PROTECTING,Field_5,1,PROTECTING,Field_4,1,PROTECTING,Field_7,1,PROTECTING,Field_2,1,PROTECTING,Field_5,1,PROTECTING,Field_5,1,PROTECTING,Field_5,1,PROTECTING,Field_5,1,PROTECTING,Field_2,1,PROTECTING,Field_5,1,PROTECTING,Field_7,1,PROTECTING,Field_2,1,PROTECTING,Field_5,1,PROTECTING,Field_2,1,PROTECTING,Field_5,1,PROTECTING,Field_2,1,PROTECTING,Field_4,1,PROTECTING,Field_4,1,PROTECTING,Field_4,1,MOVING_TO_FIELD,Field_4,1,PROTECTING,Field_4,11,0.08,0,0,2,6,0.11,6,0,0,18,0.00,0,0,1,1,0.15,5,1,1,1,0.22,9,0,0,1,0.09,0,0,3,11,0.02,2,0,0,8,0.02,0,0,1,16,0.11,0,1,2,6,0.03,0,0,3,8,0.00,0,0,2,13,0.03,0,0,1
146,100,0,0,22,0,2,0,1,PROTECTING,Field_2,1,PROTECTING,Field_5,1,MOVING_TO_FIELD,Field_9,1,PROTECTING,Field_5,1,PROTECTING,Field_4,1,PROTECTING,Field_7,1,PROTECTING,Field_2,1,PROTECTING,Field_5,1,PROTECTING,Field_5,1,PROTECTING,Field_5,1,PROTECTING,Field_5,1,PROTECTING,Field_2,1,PROTECTING,Field_5,1,PROTECTING,Field_7,1,PROTECTING,Field_2,1,PROTECTING,Field_5,1,PROTECTING,Field_2,1,PROTECTING,Field_5,1,PROTECTING,Field_2,1,PROTECTING,Field_4,1,PROTECTING,Field_4,1,PROTECTING,Field_4,1,MOVING_TO_FIELD,Field_4,1,PROTECTING,Field_4,11,0.08,0,0,2,6,0.10,6,0,0,18,0.00,0,0,1,1,0.14,5,1,1,1,0.18,9,0,0,1,0.08,0,0,3,11,0.02,2,0,0,8,0.02,0,0,1,16,0.11,0,1,2,6,0.03,0,0,3,8,0.02,0,0,2,13,0.03,0,0,1
147,100,0,0,23,0,1,0,1,PROTECTING,Field_2,1,PROTECTING,Field_5,1,MOVING_TO_FIELD,Field_9,1,PROTECTING,Field_5,1,PROTECTING,Field_4,1,PROTECTING,Field_7,1,PROTECTING,Field_2,1,PROTECTING,Field_5,1,PROTECTING,Field_5,1,PROTECTING,Field_5,1,PROTECTING,Field_5,1,PROTECTING,Field_2,1,PROTECTING,Field_5,1,PROTECTING,Field_7,1,PROTECTING,Field_2,1,PROTECTING,Field_5,1,PROTECTING,Field_2,1,PROTECTING,Field_5,1,PROTECTING,Field_2,1,PROTECTING,Field_4,1,PROTECTING,Field_4,1,PROTECTING,Field_4,1,PROTECTING,Field_4,1,PROTECTING,Field_4,11,0.08,0,0,2,6,0.11,6,0,0,18,0.01,0,0,1,1,0.12,6,0,0,1,0.19,9,0,0,1,0.09,0,0,3,11,0.02,2,0,0,8,0.02,0,0,1,16,0.13,0,1,2,6,0.03,0,0,3,8,0.02,0,0,2,13,0.03,0,0,1
148,101,0,0,23,0,1,0,1,PROTECTING,Field_2,1,PROTECTING,Field_5,1,MOVING_TO_FIELD,Field_9,1,PROTECTING,Field_5,1,PROTECTING,Field_4,1,PROTECTING,Field_7,1,PROTECTING,Field_2,1,PROTECTING,Field_5,1,PROTECTING,Field_5,1,PROTECTING,Field_5,1,PROTECTING,Field_5,1,PROTECTING,Field_2,1,PROTECTING,Field_5,1,PROTECTING,Field_7,1,PROTECTING,Field_2,1,PROTECTING,Field_5,1,PROTECTING,Field_2,1,PROTECTING,Field_5,1,PROTECTING,Field_2,1,PROTECTING,Field_4,1,PROTECTING,Field_4,1,PROTECTING,Field_4,1,PROTECTING,Field_4,1,PROTECTING,Field_4,11,0.08,0,0,2,6,0.12,6,0,0,18,0.01,0,0,1,1,0.09,6,0,0,1,0.18,9,0,0,1,0.09,0,0,3,11,0.03,2,0,0,8,0.02,0,0,1,17,0.13,0,1,2,6,0.03,0,0,3,8,0.02,0,0,2,13,0.03,0,0,1
149,102,0,0,23,0,1,0,1,PROTECTING,Field_2,1,PROTECTING,Field_5,1,MOVING_TO_FIELD,Field_9,1,PROTECTING,Field_5,1,PROTECTING,Field_4,1,PROTECTING,Field_7,1,PROTECTING,Field_2,1,PROTECTING,Field_5,1,PROTECTING,Field_5,1,PROTECTING,Field_5,1,PROTECTING,Field_5,1,PROTECTING,Field_2,1,PROTECTING,Field_5,1,PROTECTING,Field_7,1,PROTECTING,Field_2,1,PROTECTING,Field_5,1,PROTECTING,Field_2,1,PROTECTING,Field_5,1,PROTECTING,Field_2,1,PROTECTING,Field_4,1,PROTECTING,Field_4,1,PROTECTING,Field_4,1,PROTECTING,Field_4,1,PROTECTING,Field_4,11,0.08,0,0,2,6,0.11,6,0,0,18,0.01,0,0,1,1,0.09,6,0,0,1,0.17,9,0,0,1,0.09,0,0,3,11,0.03,2,0,0,8,0.02,0,0,1,18,0.13,0,1,2,6,0.03,0,0,3,8,0.04,0,0,2,13,0.03,0,0,1
150,102,0,0,23,0,1,0,1,PROTECTING,Field_2,1,PROTECTING,Field_5,1,MOVING_TO_FIELD,Field_9,1,PROTECTING,Field_5,1,PROTECTING,Field_4,1,PROTECTING,Field_7,1,PROTECTING,Field_2,1,PROTECTING,Field_5,1,PROTECTING,Field_5,1,PROTECTING,Field_5,1,PROTECTING,Field_5,1,PROTECTING,Field_2,1,PROTECTING,Field_5,1,PROTECTING,Field_7,1,PROTECTING,Field_2,1,PROTECTING,Field_5,1,PROTECTING,Field_2,1,PROTECTING,Field_5,1,PROTECTING,Field_2,1,PROTECTING,Field_4,1,PROTECTING,Field_4,1,PROTECTING,Field_4,1,PROTECTING,Field_4,1,PROTECTING,Field_4,11,0.08,0,0,2,6,0.11,6,0,0,18,0.01,0,0,1,1,0.08,6,0,0,1,0.18,9,0,0,1,0.11,0,0,3,11,0.03,2,0,0,8,0.02,0,0,1,18,0.13,0,1,2,6,0.03,0,0,3,8,0.04,0,0,2,13,0.03,0,0,1
151,102,0,0,19,0,5,0,1,PROTECTING,Field_2,1,PROTECTING,Field_5,1,MOVING_TO_FIELD,Field_9,1,PROTECTING,Field_5,1,PROTECTING,Field_4,1,MOVING_TO_FIELD,Field_6,1,PROTECTING,Field_2,1,PROTECTING,Field_5,1,PROTECTING,Field_5,1,PROTECTING,Field_5,1,PROTECTING,Field_5,1,PROTECTING,Field_2,1,PROTECTING,Field_5,1,MOVING_TO_FIELD,Field_9,1,PROTECTING,Field_2,1,PROTECTING,Field_5,1,PROTECTING,Field_2,1,PROTECTING,Field_5,1,PROTECTING,Field_2,1,MOVING_TO_FIELD,Field_6,1,PROTECTING,Field_4,1,PROTECTING,Field_4,1,MOVING_TO_FIELD,Field_6,1,PROTECTING,Field_4,11,0.11,0,0,2,6,0.10,6,0,0,18,0.01,0,0,1,1,0.08,4,0,2,1,0.15,9,0,0,1,0.11,0,3,3,11,0.01,0,0,2,8,0.02,0,0,1,18,0.14,0,2,2,6,0.03,0,0,3,8,0.02,0,0,2,13,0.03,0,0,1
152,102,0,0,19,0,5,0,1,PROTECTING,Field_2,1,PROTECTING,Field_5,1,MOVING_TO_FIELD,Field_9,1,PROTECTING,Field_5,1,PROTECTING,Field_4,1,MOVING_TO_FIELD,Field_6,1,PROTECTING,Field_2,1,PROTECTING,Field_5,1,PROTECTING,Field_5,1,PROTECTING,Field_5,1,PROTECTING,Field_5,1,PROTECTING,Field_2,1,PROTECTING,Field_5,1,MOVING_TO_FIELD,Field_9,1,PROTECTING,Field_2,1,PROTECTING,Field_5,1,PROTECTING,Field_2,1,PROTECTING,Field_5,1,PROTECTING,Field_2,1,MOVING_TO_FIELD,Field_6,1,PROTECTING,Field_4,1,PROTECTING,Field_4,1,MOVING_TO_FIELD,Field_6,1,PROTECTING,Field_4,11,0.13,0,0,2,6,0.09,6,0,0,18,0.01,0,0,1,1,0.07,4,0,2,1,0.15,9,0,0,1,0.11,0,3,3,11,0.01,0,0,2,8,0.02,0,0,1,18,0.13,0,2,2,6,0.03,0,0,3,8,0.02,0,0,2,13,0.00,0,0,1
153,104,0,0,19,0,5,0,1,PROTECTING,Field_2,1,PROTECTING,Field_5,1,MOVING_TO_FIELD,Field_9,1,PROTECTING,Field_5,1,PROTECTING,Field_4,1,MOVING_TO_FIELD,Field_6,1,PROTECTING,Field_2,1,PROTECTING,Field_5,1,PROTECTING,Field_5,1,PROTECTING,Field_5,1,PROTECTING,Field_5,1,PROTECTING,Field_2,1,PROTECTING,Field_5,1,MOVING_TO_FIELD,Field_9,1,PROTECTING,Field_2,1,PROTECTING,Field_5,1,PROTECTING,Field_2,1,PROTECTING,Field_5,1,PROTECTING,Field_2,1,MOVING_TO_FIELD,Field_6,1,PROTECTING,Field_4,1,PROTECTING,Field_4,1,MOVING_TO_FIELD,Field_6,1,PROTECTING,Field_4,11,0.13,0,0,2,6,0.08,6,0,0,18,0.01,0,0,1,1,0.08,4,0,2,1,0.16,9,0,0,2,0.09,0,3,3,11,0.01,0,0,2,8,0.02,0,0,1,19,0.12,0,2,2,6,0.03,0,0,3,8,0.00,0,0,2,13,0.00,0,0,1
154,104,0,0,19,0,5,0,1,PROTECTING,Field_2,1,PROTECTING,Field_5,1,MOVING_TO_FIELD,Field_9,1,PROTECTING,Field_5,1,PROTECTING,Field_4,1,MOVING_TO_FIELD,Field_6,1,PROTECTING,Field_2,1,PROTECTING,Field_5,1,PROTECTING,Field_5,1,PROTECTING,Field_5,1,PROTECTING,Field_5,1,PROTECTING,Field_2,1,PROTECTING,Field_5,1,MOVING_TO_FIELD,Field_9,1,PROTECTING,Field_2,1,PROTECTING,Field_5,1,PROTECTING,Field_2,1,PROTECTING,Field_5,1,PROTECTING,Field_2,1,MOVING_TO_FIELD,Field_6,1,PROTECTING,Field_4,1,PROTECTING,Field_4,1,MOVING_TO_FIELD,Field_6,1,PROTECTING,Field_4,11,0.13,0,0,2,6,0.07,6,0,0,18,0.01,0,0,1,1,0.08,4,0,2,1,0.16,9,0,0,2,0.11,0,3,3,11,0.02,0,0,2,8,0.02,0,0,1,19,0.13,0,2,2,6,0.03,0,0,3,8,0.00,0,0,2,13,0.00,0,0,1
155,105,0,0,19,0,5,0,1,PROTECTING,Field_2,1,PROTECTING,Field_5,1,MOVING_TO_FIELD,Field_9,1,PROTECTING,Field_5,1,PROTECTING,Field_4,1,MOVING_TO_FIELD,Field_6,1,PROTECTING,Field_2,1,PROTECTING,Field_5,1,PROTECTING,Field_5,1,PROTECTING,Field_5,1,PROTECTING,Field_5,1,PROTECTING,Field_2,1,PROTECTING,Field_5,1,MOVING_TO_FIELD,Field_9,1,PROTECTING,Field_2,1,PROTECTING,Field_5,1,PROTECTING,Field_2,1,PROTECTING,Field_5,1,PROTECTING,Field_2,1,MOVING_TO_FIELD,Field_6,1,PROTECTING,Field_4,1,PROTECTING,Field_4,1,MOVING_TO_FIELD,Field_6,1,PROTECTING,Field_4,11,0.13,0,0,2,6,0.07,6,0,0,18,0.03,0,0,1,1,0.08,4,0,2,1,0.16,9,0,0,2,0.11,0,3,3,11,0.02,0,0,2,8,0.02,0,0,1,20,0.14,0,2,2,6,0.03,0,0,3,8,0.00,0,0,2,13,0.00,0,0,1
156,106,0,0,20,0,4,0,1,PROTECTING,Field_2,1,PROTECTING,Field_5,1,MOVING_TO_FIELD,Field_9,1,PROTECTING,Field_5,1,PROTECTING,Field_4,1,PROTECTING,Field_6,1,PROTECTING,Field_2,1,PROTECTING,Field_5,1,PROTECTING,Field_5,1,PROTECTING,Field_5,1,PROTECTING,Field_5,1,PROTECTING,Field_2,1,PROTECTING,Field_5,1,MOVING_TO_FIELD,Field_9,1,PROTECTING,Field_2,1,PROTECTING,Field_5,1,PROTECTING,Field_2,1,PROTECTING,Field_5,1,PROTECTING,Field_2,1,MOVING_TO_FIELD,Field_6,1,PROTECTING,Field_4,1,PROTECTING,Field_4,1,MOVING_TO_FIELD,Field_6,1,PROTECTING,Field_4,11,0.15,0,0,2,6,0.07,6,0,0,18,0.03,0,0,1,1,0.08,4,0,2,1,0.16,9,0,0,2,0.11,1,2,2,11,0.02,0,0,2,8,0.02,0,0,1,21,0.15,0,2,2,6,0.03,0,0,3,8,0.02,0,0,2,13,0.00,0,0,1
157,107,0,0,20,0,4,0,1,PROTECTING,Field_2,1,PROTECTING,Field_5,1,MOVING_TO_FIELD,Field_9,1,PROTECTING,Field_5,1,PROTECTING,Field_4,1,PROTECTING,Field_6,1,PROTECTING,Field_2,1,PROTECTING,Field_5,1,PROTECTING,Field_5,1,PROTECTING,Field_5,1,PROTECTING,Field_5,1,PROTECTING,Field_2,1,PROTECTING,Field_5,1,MOVING_TO_FIELD,Field_9,1,PROTECTING,Field_2,1,PROTECTING,Field_5,1,PROTECTING,Field_2,1,PROTECTING,Field_5,1,PROTECTING,Field_2,1,MOVING_TO_FIELD,Field_6,1,PROTECTING,Field_4,1,PROTECTING,Field_4,1,MOVING_TO_FIELD,Field_6,1,PROTECTING,Field_4,11,0.15,0,0,2,6,0.08,6,0,0,18,0.03,0,0,1,1,0.07,4,0,2,1,0.16,9,0,0,2,0.11,1,2,2,11,0.02,0,0,2,8,0.02,0,0,1,22,0.15,0,2,2,6,0.03,0,0,3,8,0.02,0,0,2,13,0.00,0,0,1
158,107,0,0,20,0,4,0,1,PROTECTING,Field_2,1,PROTECTING,Field_5,1,MOVING_TO_FIELD,Field_9,1,PROTECTING,Field_5,1,PROTECTING,Field_4,1,PROTECTING,Field_6,1,PROTECTING,Field_2,1,PROTECTING,Field_5,1,PROTECTING,Field_5,1,PROTECTING,Field_5,1,PROTECTING,Field_5,1,PROTECTING,Field_2,1,PROTECTING,Field_5,1,MOVING_TO_FIELD,Field_9,1,PROTECTING,Field_2,1,PROTECTING,Field_5,1,PROTECTING,Field_2,1,PROTECTING,Field_5,1,PROTECTING,Field_2,1,MOVING_TO_FIELD,Field_6,1,PROTECTING,Field_4,1,PROTECTING,Field_4,1,MOVING_TO_FIELD,Field_6,1,PROTECTING,Field_4,11,0.13,0,0,2,6,0.09,6,0,0,18,0.03,0,0,1,1,0.07,4,0,2,1,0.15,9,0,0,2,0.08,1,2,2,11,0.02,0,0,2,8,0.02,0,0,1,22,0.15,0,2,2,6,0.03,0,0,3,8,0.02,0,0,2,13,0.00,0,0,1
159,107,0,0,20,0,4,0,1,PROTECTING,Field_2,1,PROTECTING,Field_5,1,MOVING_TO_FIELD,Field_9,1,PROTECTING,Field_5,1,PROTECTING,Field_4,1,PROTECTING,Field_6,1,PROTECTING,Field_2,1,PROTECTING,Field_5,1,PROTECTING,Field_5,1,PROTECTING,Field_5,1,PROTECTING,Field_5,1,PROTECTING,Field_2,1,PROTECTING,Field_5,1,MOVING_TO_FIELD,Field_9,1,PROTECTING,Field_2,1,PROTECTING,Field_5,1,PROTECTING,Field_2,1,PROTECTING,Field_5,1,PROTECTING,Field_2,1,MOVING_TO_FIELD,Field_6,1,PROTECTING,Field_4,1,PROTECTING,Field_4,1,MOVING_TO_FIELD,Field_6,1,PROTECTING,Field_4,11,0.13,0,0,2,6,0.09,6,0,0,18,0.03,0,0,1,1,0.07,4,0,2,1,0.14,9,0,0,2,0.07,1,2,2,11,0.02,0,0,2,8,0.02,0,0,1,22,0.15,0,2,2,6,0.03,0,0,3,8,0.02,0,0,2,13,0.00,0,0,1
160,107,0,0,20,0,4,0,1,PROTECTING,Field_2,1,PROTECTING,Field_5,1,MOVING_TO_FIELD,Field_9,1,PROTECTING,Field_5,1,PROTECTING,Field_4,1,PROTECTING,Field_6,1,PROTECTING,Field_2,1,PROTECTING,Field_5,1,PROTECTING,Field_5,1,PROTECTING,Field_5,1,PROTECTING,Field_5,1,PROTECTING,Field_2,1,PROTECTING,Field_5,1,MOVING_TO_FIELD,Field_9,1,PROTECTING,Field_2,1,PROTECTING,Field_5,1,PROTECTING,Field_2,1,PROTECTING,Field_5,1,PROTECTING,Field_2,1,MOVING_TO_FIELD,Field_6,1,PROTECTING,Field_4,1,PROTECTING,Field_4,1,MOVING_TO_FIELD,Field_6,1,PROTECTING,Field_4,11,0.13,0,0,2,6,0.08,6,0,0,18,0.04,0,0,1,1,0.07,4,0,2,1,0.18,9,0,0,2,0.07,1,2,2,11,0.01,0,0,2,8,0.02,0,0,1,22,0.11,0,2,2,6,0.05,0,0,3,8,0.02,0,0,2,13,0.00,0,0,1
161,107,2,0,14,0,8,0,1,PROTECTING,Field_2,1,PROTECTING,Field_5,1,MOVING_TO_FIELD,Field_9,1,PROTECTING,Field_5,1,MOVING_TO_FIELD,Field_6,1,MOVING_TO_FIELD,Field_1,1,PROTECTING,Field_2,1,PROTECTING,Field_5,1,PROTECTING,Field_5,1,MOVING_TO_FIELD,Field_6,1,PROTECTING,Field_5,1,PROTECTING,Field_2,1,PROTECTING,Field_5,1,PROTECTING,Field_9,1,PROTECTING,Field_2,1,PROTECTING,Field_5,1,PROTECTING,Field_2,1,MOVING_TO_FIELD,Field_1,1,PROTECTING,Field_2,1,MOVING_TO_FIELD,Field_5,1,IDLE,,1,MOVING_TO_FIELD,Field_6,1,MOVING_TO_FIELD,Field_5,1,IDLE,,11,0.15,0,2,2,6,0.09,6,0,0,18,0.05,0,0,1,1,0.07,0,0,6,1,0.18,7,2,2,2,0.07,0,3,3,11,0.01,0,0,2,8,0.00,0,0,1,22,0.11,1,1,1,6,0.05,0,0,3,8,0.02,0,0,2,13,0.00,0,0,1
162,108,2,0,14,0,8,0,1,PROTECTING,Field_2,1,PROTECTING,Field_5,1,MOVING_TO_FIELD,Field_9,1,PROTECTING,Field_5,1,MOVING_TO_FIELD,Field_6,1,MOVING_TO_FIELD,Field_1,1,PROTECTING,Field_2,1,PROTECTING,Field_5,1,PROTECTING,Field_5,1,MOVING_TO_FIELD,Field_6,1,PROTECTING,Field_5,1,PROTECTING,Field_2,1,PROTECTING,Field_5,1,PROTECTING,Field_9,1,PROTECTING,Field_2,1,PROTECTING,Field_5,1,PROTECTING,Field_2,1,MOVING_TO_FIELD,Field_1,1,PROTECTING,Field_2,1,MOVING_TO_FIELD,Field_5,1,IDLE,,1,MOVING_TO_FIELD,Field_6,1,MOVING_TO_FIELD,Field_5,1,IDLE,,12,0.15,0,2,2,6,0.08,6,0,0,18,0.05,0,0,1,1,0.07,0,0,6,1,0.18,7,2,2,2,0.07,0,3,3,11,0.01,0,0,2,8,0.00,0,0,1,22,0.11,1,1,1,6,0.05,0,0,3,8,0.04,0,0,2,13,0.00,0,0,1
163,108,2,0,14,0,8,0,1,PROTECTING,Field_2,1,PROTECTING,Field_5,1,MOVING_TO_FIELD,Field_9,1,PROTECTING,Field_5,1,MOVING_TO_FIELD,Field_6,1,MOVING_TO_FIELD,Field_1,1,PROTECTING,Field_2,1,PROTECTING,Field_5,1,PROTECTING,Field_5,1,MOVING_TO_FIELD,Field_6,1,PROTECTING,Field_5,1,PROTECTING,Field_2,1,PROTECTING,Field_5,1,PROTECTING,Field_9,1,PROTECTING,Field_2,1,PROTECTING,Field_5,1,PROTECTING,Field_2,1,MOVING_TO_FIELD,Field_1,1,PROTECTING,Field_2,1,MOVING_TO_FIELD,Field_5,1,IDLE,,1,MOVING_TO_FIELD,Field_6,1,MOVING_TO_FIELD,Field_5,1,IDLE,,12,0.15,0,2,2,6,0.06,6,0,0,18,0.05,0,0,1,1,0.07,0,0,6,1,0.16,7,2,2,2,0.08,0,3,3,11,0.01,0,0,2,8,0.00,0,0,1,22,0.12,1,1,1,6,0.05,0,0,3,8,0.04,0,0,2,13,0.00,0,0,1
164,108,2,0,15,0,7,0,1,PROTECTING,Field_2,1,PROTECTING,Field_5,1,MOVING_TO_FIELD,Field_9,1,PROTECTING,Field_5,1,MOVING_TO_FIELD,Field_6,1,MOVING_TO_FIELD,Field_1,1,PROTECTING,Field_2,1,PROTECTING,Field_5,1,PROTECTING,Field_5,1,MOVING_TO_FIELD,Field_6,1,PROTECTING,Field_5,1,PROTECTING,Field_2,1,PROTECTING,Field_5,1,PROTECTING,Field_9,1,PROTECTING,Field_2,1,PROTECTING,Field_5,1,PROTECTING,Field_2,1,MOVING_TO_FIELD,Field_1,1,PROTECTING,Field_2,1,PROTECTING,Field_5,1,IDLE,,1,MOVING_TO_FIELD,Field_6,1,MOVING_TO_FIELD,Field_5,1,IDLE,,12,0.15,0,2,2,6,0.06,6,0,0,18,0.05,0,0,1,1,0.08,0,0,6,1,0.16,8,1,1,2,0.08,0,3,3,11,0.02,0,0,2,8,0.00,0,0,1,22,0.13,1,1,1,6,0.05,0,0,3,8,0.04,0,0,2,13,0.00,0,0,1
165,108,2,0,15,0,7,0,1,PROTECTING,Field_2,1,PROTECTING,Field_5,1,MOVING_TO_FIELD,Field_9,1,PROTECTING,Field_5,1,MOVING_TO_FIELD,Field_6,1,MOVING_TO_FIELD,Field_1,1,PROTECTING,Field_2,1,PROTECTING,Field_5,1,PROTECTING,Field_5,1,MOVING_TO_FIELD,Field_6,1,PROTECTING,Field_5,1,PROTECTING,Field_2,1,PROTECTING,Field_5,1,PROTECTING,Field_9,1,PROTECTING,Field_2,1,PROTECTING,Field_5,1,PROTECTING,Field_2,1,MOVING_TO_FIELD,Field_1,1,PROTECTING,Field_2,1,PROTECTING,Field_5,1,IDLE,,1,MOVING_TO_FIELD,Field_6,1,MOVING_TO_FIELD,Field_5,1,IDLE,,12,0.15,0,2,2,6,0.06,6,0,0,18,0.04,0,0,1,1,0.08,0,0,6,1,0.15,8,1,1,2,0.08,0,3,3,11,0.02,0,0,2,8,0.00,0,0,1,22,0.14,1,1,1,6,0.07,0,0,3,8,0.05,0,0,2,13,0.00,0,0,1
166,108,2,0,15,0,7,0,1,PROTECTING,Field_2,1,PROTECTING,Field_5,1,MOVING_TO_FIELD,Field_9,1,PROTECTING,Field_5,1,MOVING_TO_FIELD,Field_6,1,MOVING_TO_FIELD,Field_1,1,PROTECTING,Field_2,1,PROTECTING,Field_5,1,PROTECTING,Field_5,1,MOVING_TO_FIELD,Field_6,1,PROTECTING,Field_5,1,PROTECTING,Field_2,1,PROTECTING,Field_5,1,PROTECTING,Field_9,1,PROTECTING,Field_2,1,PROTECTING,Field_5,1,PROTECTING,Field_2,1,MOVING_TO_FIELD,Field_1,1,PROTECTING,Field_2,1,PROTECTING,Field_5,1,IDLE,,1,MOVING_TO_FIELD,Field_6,1,MOVING_TO_FIELD,Field_5,1,IDLE,,12,0.15,0,2,2,6,0.06,6,0,0,18,0.04,0,0,1,1,0.08,0,0,6,1,0.15,8,1,1,2,0.09,0,3,3,11,0.01,0,0,2,8,0.00,0,0,1,22,0.15,1,1,1,6,0.07,0,0,3,8,0.05,0,0,2,13,0.00,0,0,1
167,108,2,0,17,0,5,0,1,PROTECTING,Field_2,1,PROTECTING,Field_5,1,PROTECTING,Field_9,1,PROTECTING,Field_5,1,MOVING_TO_FIELD,Field_6,1,PROTECTING,Field_1,1,PROTECTING,Field_2,1,PROTECTING,Field_5,1,PROTECTING,Field_5,1,MOVING_TO_FIELD,Field_6,1,PROTECTING,Field_5,1,PROTECTING,Field_2,1,PROTECTING,Field_5,1,PROTECTING,Field_9,1,PROTECTING,Field_2,1,PROTECTING,Field_5,1,PROTECTING,Field_2,1,MOVING_TO_FIELD,Field_1,1,PROTECTING,Field_2,1,PROTECTING,Field_5,1,IDLE,,1,MOVING_TO_FIELD,Field_6,1,MOVING_TO_FIELD,Field_5,1,IDLE,,12,0.15,1,1,1,6,0.06,6,0,0,18,0.04,0,0,1,1,0.08,0,0,6,1,0.14,8,1,1,2,0.11,0,3,3,11,0.01,0,0,2,8,0.00,0,0,1,22,0.15,2,0,0,6,0.07,0,0,3,8,0.05,0,0,2,13,0.00,0,0,1
168,108,2,0,17,0,5,0,1,PROTECTING,Field_2,1,PROTECTING,Field_5,1,PROTECTING,Field_9,1,PROTECTING,Field_5,1,MOVING_TO_FIELD,Field_6,1,PROTECTING,Field_1,1,PROTECTING,Field_2,1,PROTECTING,Field_5,1,PROTECTING,Field_5,1,MOVING_TO_FIELD,Field_6,1,PROTECTING,Field_5,1,PROTECTING,Field_2,1,PROTECTING,Field_5,1,PROTECTING,Field_9,1,PROTECTING,Field_2,1,PROTECTING,Field_5,1,PROTECTING,Field_2,1,MOVING_TO_FIELD,Field_1,1,PROTECTING,Field_2,1,PROTECTING,Field_5,1,IDLE,,1,MOVING_TO_FIELD,Field_6,1,MOVING_TO_FIELD,Field_5,1,IDLE,,12,0.15,1,1,1,6,0.06,6,0,0,18,0.01,0,0,1,1,0.09,0,0,6,1,0.13,8,1,1,2,0.11,0,3,3,11,0.01,0,0,2,8,0.00,0,0,1,22,0.14,2,0,0,6,0.07,0,0,3,8,0.05,0,0,2,13,0.00,0,0,1
169,108,2,0,17,0,5,0,1,PROTECTING,Field_2,1,PROTECTING,Field_5,1,PROTECTING,Field_9,1,PROTECTING,Field_5,1,MOVING_TO_FIELD,Field_6,1,PROTECTING,Field_1,1,PROTECTING,Field_2,1,PROTECTING,Field_5,1,PROTECTING,Field_5,1,MOVING_TO_FIELD,Field_6,1,PROTECTING,Field_5,1,PROTECTING,Field_2,1,PROTECTING,Field_5,1,PROTECTING,Field_9,1,PROTECTING,Field_2,1,PROTECTING,Field_5,1,PROTECTING,Field_2,1,MOVING_TO_FIELD,Field_1,1,PROTECTING,Field_2,1,PROTECTING,Field_5,1,IDLE,,1,MOVING_TO_FIELD,Field_6,1,MOVING_TO_FIELD,Field_5,1,IDLE,,12,0.13,1,1,1,6,0.06,6,0,0,18,0.01,0,0,1,1,0.09,0,0,6,1,0.14,8,1,1,2,0.11,0,3,3,11,0.03,0,0,2,8,0.00,0,0,1,22,0.15,2,0,0,6,0.07,0,0,3,8,0.04,0,0,2,13,0.00,0,0,1
170,108,2,0,18,0,4,0,1,PROTECTING,Field_2,1,PROTECTING,Field_5,1,PROTECTING,Field_9,1,PROTECTING,Field_5,1,MOVING_TO_FIELD,Field_6,1,PROTECTING,Field_1,1,PROTECTING,Field_2,1,PROTECTING,Field_5,1,PROTECTING,Field_5,1,MOVING_TO_FIELD,Field_6,1,PROTECTING,Field_5,1,PROTECTING,Field_2,1,PROTECTING,Field_5,1,PROTECTING,Field_9,1,PROTECTING,Field_2,1,PROTECTING,Field_5,1,PROTECTING,Field_2,1,MOVING_TO_FIELD,Field_1,1,PROTECTING,Field_2,1,PROTECTING,Field_5,1,IDLE,,1,MOVING_TO_FIELD,Field_6,1,PROTECTING,Field_5,1,IDLE,,12,0.13,1,1,1,6,0.07,6,0,0,18,0.01,0,0,1,1,0.09,0,0,6,1,0.13,9,0,0,2,0.11,0,3,3,11,0.04,0,0,2,8,0.00,0,0,1,22,0.15,2,0,0,6,0.07,0,0,3,8,0.04,0,0,2,13,0.00,0,0,1
171,108,0,0,18,0,6,0,1,PROTECTING,Field_2,1,PROTECTING,Field_5,1,PROTECTING,Field_9,1,PROTECTING,Field_5,1,MOVING_TO_FIELD,Field_6,1,PROTECTING,Field_1,1,PROTECTING,Field_2,1,PROTECTING,Field_5,1,PROTECTING,Field_5,1,MOVING_TO_FIELD,Field_6,1,PROTECTING,Field_5,1,PROTECTING,Field_2,1,PROTECTING,Field_5,1,PROTECTING,Field_9,1,PROTECTING,Field_2,1,PROTECTING,Field_5,1,PROTECTING,Field_2,1,MOVING_TO_FIELD,Field_1,1,PROTECTING,Field_2,1,PROTECTING,Field_5,1,MOVING_TO_FIELD,Field_7,1,MOVING_TO_FIELD,Field_6,1,PROTECTING,Field_5,1,MOVING_TO_FIELD,Field_7,12,0.15,1,1,1,6,0.09,6,0,0,18,0.01,0,0,1,1,0.09,0,0,6,1,0.13,9,0,0,2,0.11,0,3,3,11,0.05,0,2,2,8,0.00,0,0,1,22,0.14,2,0,0,6,0.05,0,0,3,8,0.04,0,0,2,13,0.00,0,0,1
172,108,0,0,18,0,6,0,1,PROTECTING,Field_2,1,PROTECTING,Field_5,1,PROTECTING,Field_9,1,PROTECTING,Field_5,1,MOVING_TO_FIELD,Field_6,1,PROTECTING,Field_1,1,PROTECTING,Field_2,1,PROTECTING,Field_5,1,PROTECTING,Field_5,1,MOVING_TO_FIELD,Field_6,1,PROTECTING,Field_5,1,PROTECTING,Field_2,1,PROTECTING,Field_5,1,PROTECTING,Field_9,1,PROTECTING,Field_2,1,PROTECTING,Field_5,1,PROTECTING,Field_2,1,MOVING_TO_FIELD,Field_1,1,PROTECTING,Field_2,1,PROTECTING,Field_5,1,MOVING_TO_FIELD,Field_7,1,MOVING_TO_FIELD,Field_6,1,PROTECTING,Field_5,1,MOVING_TO_FIELD,Field_7,12,0.15,1,1,1,6,0.08,6,0,0,18,0.01,0,0,1,1,0.09,0,0,6,1,0.14,9,0,0,2,0.11,0,3,3,11,0.05,0,2,2,8,0.00,0,0,1,22,0.12,2,0,0,6,0.05,0,0,3,8,0.02,0,0,2,13,0.00,0,0,1
173,108,0,0,18,0,6,0,1,PROTECTING,Field_2,1,PROTECTING,Field_5,1,PROTECTING,Field_9,1,PROTECTING,Field_5,1,MOVING_TO_FIELD,Field_6,1,PROTECTING,Field_1,1,PROTECTING,Field_2,1,PROTECTING,Field_5,1,PROTECTING,Field_5,1,MOVING_TO_FIELD,Field_6,1,PROTECTING,Field_5,1,PROTECTING,Field_2,1,PROTECTING,Field_5,1,PROTECTING,Field_9,1,PROTECTING,Field_2,1,PROTECTING,Field_5,1,PROTECTING,Field_2,1,MOVING_TO_FIELD,Field_1,1,PROTECTING,Field_2,1,PROTECTING,Field_5,1,MOVING_TO_FIELD,Field_7,1,MOVING_TO_FIELD,Field_6,1,PROTECTING,Field_5,1,MOVING_TO_FIELD,Field_7,12,0.15,1,1,1,6,0.06,6,0,0,18,0.03,0,0,1,1,0.11,0,0,6,1,0.14,9,0,0,2,0.11,0,3,3,11,0.05,0,2,2,8,0.02,0,0,1,22,0.10,2,0,0,6,0.07,0,0,3,8,0.02,0,0,2,13,0.05,0,0,1
174,108,0,0,18,0,6,0,1,PROTECTING,Field_2,1,PROTECTING,Field_5,1,PROTECTING,Field_9,1,PROTECTING,Field_5,1,MOVING_TO_FIELD,Field_6,1,PROTECTING,Field_1,1,PROTECTING,Field_2,1,PROTECTING,Field_5,1,PROTECTING,Field_5,1,MOVING_TO_FIELD,Field_6,1,PROTECTING,Field_5,1,PROTECTING,Field_2,1,PROTECTING,Field_5,1,PROTECTING,Field_9,1,PROTECTING,Field_2,1,PROTECTING,Field_5,1,PROTECTING,Field_2,1,MOVING_TO_FIELD,Field_1,1,PROTECTING,Field_2,1,PROTECTING,Field_5,1,MOVING_TO_FIELD,Field_7,1,MOVING_TO_FIELD,Field_6,1,PROTECTING,Field_5,1,MOVING_TO_FIELD,Field_7,12,0.15,1,1,1,6,0.07,6,0,0,18,0.03,0,0,1,1,0.11,0,0,6,1,0.15,9,0,0,2,0.11,0,3,3,11,0.05,0,2,2,8,0.02,0,0,1,22,0.09,2,0,0,6,0.07,0,0,3,8,0.02,0,0,2,13,0.08,0,0,1
175,108,0,0,18,0,6,0,1,PROTECTING,Field_2,1,PROTECTING,Field_5,1,PROTECTING,Field_9,1,PROTECTING,Field_5,1,MOVING_TO_FIELD,Field_6,1,PROTECTING,Field_1,1,PROTECTING,Field_2,1,PROTECTING,Field_5,1,PROTECTING,Field_5,1,MOVING_TO_FIELD,Field_6,1,PROTECTING,Field_5,1,PROTECTING,Field_2,1,PROTECTING,Field_5,1,PROTECTING,Field_9,1,PROTECTING,Field_2,1,PROTECTING,Field_5,1,PROTECTING,Field_2,1,MOVING_TO_FIELD,Field_1,1,PROTECTING,Field_2,1,PROTECTING,Field_5,1,MOVING_TO_FIELD,Field_7,1,MOVING_TO_FIELD,Field_6,1,PROTECTING,Field_5,1,MOVING_TO_FIELD,Field_7,12,0.15,1,1,1,6,0.06,6,0,0,18,0.03,0,0,1,1,0.09,0,0,6,1,0.15,9,0,0,2,0.11,0,3,3,11,0.04,0,2,2,8,0.02,0,0,1,22,0.08,2,0,0,6,0.07,0,0,3,8,0.02,0,0,2,13,0.08,0,0,1
176,108,0,0,18,0,6,0,1,PROTECTING,Field_2,1,PROTECTING,Field_5,1,PROTECTING,Field_9,1,PROTECTING,Field_5,1,MOVING_TO_FIELD,Field_6,1,PROTECTING,Field_1,1,PROTECTING,Field_2,1,PROTECTING,Field_5,1,PROTECTING,Field_5,1,MOVING_TO_FIELD,Field_6,1,PROTECTING,Field_5,1,PROTECTING,Field_2,1,PROTECTING,Field_5,1,PROTECTING,Field_9,1,PROTECTING,Field_2,1,PROTECTING,Field_5,1,PROTECTING,Field_2,1,MOVING_TO_FIELD,Field_1,1,PROTECTING,Field_2,1,PROTECTING,Field_5,1,MOVING_TO_FIELD,Field_7,1,MOVING_TO_FIELD,Field_6,1,PROTECTING,Field_5,1,MOVING_TO_FIELD,Field_7,12,0.15,1,1,1,6,0.06,6,0,0,18,0.03,0,0,1,1,0.09,0,0,6,1,0.15,9,0,0,2,0.09,0,3,3,11,0.04,0,2,2,8,0.02,0,0,1,22,0.08,2,0,0,6,0.07,0,0,3,8,0.02,0,0,2,13,0.08,0,0,1
177,108,0,0,18,0,6,0,1,PROTECTING,Field_2,1,PROTECTING,Field_5,1,PROTECTING,Field_9,1,PROTECTING,Field_5,1,MOVING_TO_FIELD,Field_6,1,PROTECTING,Field_1,1,PROTECTING,Field_2,1,PROTECTING,Field_5,1,PROTECTING,Field_5,1,MOVING_TO_FIELD,Field_6,1,PROTECTING,Field_5,1,PROTECTING,Field_2,1,PROTECTING,Field_5,1,PROTECTING,Field_9,1,PROTECTING,Field_2,1,PROTECTING,Field_5,1,PROTECTING,Field_2,1,MOVING_TO_FIELD,Field_1,1,PROTECTING,Field_2,1,PROTECTING,Field_5,1,MOVING_TO_FIELD,Field_7,1,MOVING_TO_FIELD,Field_6,1,PROTECTING,Field_5,1,MOVING_TO_FIELD,Field_7,12,0.16,1,1,1,6,0.06,6,0,0,18,0.03,0,0,1,1,0.09,0,0,6,1,0.14,9,0,0,2,0.09,0,3,3,11,0.04,0,2,2,8,0.02,0,0,1,22,0.07,2,0,0,6,0.07,0,0,3,8,0.04,0,0,2,13,0.08,0,0,1
178,109,0,0,18,0,6,0,1,PROTECTING,Field_2,1,PROTECTING,Field_5,1,PROTECTING,Field_9,1,PROTECTING,Field_5,1,MOVING_TO_FIELD,Field_6,1,PROTECTING,Field_1,1,PROTECTING,Field_2,1,PROTECTING,Field_5,1,PROTECTING,Field_5,1,MOVING_TO_FIELD,Field_6,1,PROTECTING,Field_5,1,PROTECTING,Field_2,1,PROTECTING,Field_5,1,PROTECTING,Field_9,1,PROTECTING,Field_2,1,PROTECTING,Field_5,1,PROTECTING,Field_2,1,MOVING_TO_FIELD,Field_1,1,PROTECTING,Field_2,1,PROTECTING,Field_5,1,MOVING_TO_FIELD,Field_7,1,MOVING_TO_FIELD,Field_6,1,PROTECTING,Field_5,1,MOVING_TO_FIELD,Field_7,13,0.16,1,1,1,6,0.06,6,0,0,18,0.01,0,0,1,1,0.09,0,0,6,1,0.14,9,0,0,2,0.08,0,3,3,11,0.04,0,2,2,8,0.05,0,0,1,22,0.06,2,0,0,6,0.08,0,0,3,8,0.02,0,0,2,13,0.08,0,0,1
179,110,0,0,18,0,6,0,1,PROTECTING,Field_2,1,PROTECTING,Field_5,1,PROTECTING,Field_9,1,PROTECTING,Field_5,1,MOVING_TO_FIELD,Field_6,1,PROTECTING,Field_1,1,PROTECTING,Field_2,1,PROTECTING,Field_5,1,PROTECTING,Field_5,1,MOVING_TO_FIELD,Field_6,1,PROTECTING,Field_5,1,PROTECTING,Field_2,1,PROTECTING,Field_5,1,PROTECTING,Field_9,1,PROTECTING,Field_2,1,PROTECTING,Field_5,1,PROTECTING,Field_2,1,MOVING_TO_FIELD,Field_1,1,PROTECTING,Field_2,1,PROTECTING,Field_5,1,MOVING_TO_FIELD,Field_7,1,MOVING_TO_FIELD,Field_6,1,PROTECTING,Field_5,1,MOVING_TO_FIELD,Field_7,13,0.16,1,1,1,6,0.05,6,0,0,18,0.01,0,0,1,1,0.11,0,0,6,1,0.14,9,0,0,2,0.08,0,3,3,11,0.04,0,2,2,8,0.05,0,0,1,22,0.05,2,0,0,6,0.08,0,0,3,8,0.02,0,0,2,14,0.08,0,0,1
180,110,0,0,18,0,6,0,1,PROTECTING,Field_2,1,PROTECTING,Field_5,1,PROTECTING,Field_9,1,PROTECTING,Field_5,1,MOVING_TO_FIELD,Field_6,1,PROTECTING,Field_1,1,PROTECTING,Field_2,1,PROTECTING,Field_5,1,PROTECTING,Field_5,1,MOVING_TO_FIELD,Field_6,1,PROTECTING,Field_5,1,PROTECTING,Field_2,1,PROTECTING,Field_5,1,PROTECTING,Field_9,1,PROTECTING,Field_2,1,PROTECTING,Field_5,1,PROTECTING,Field_2,1,MOVING_TO_FIELD,Field_1,1,PROTECTING,Field_2,1,PROTECTING,Field_5,1,MOVING_TO_FIELD,Field_7,1,MOVING_TO_FIELD,Field_6,1,PROTECTING,Field_5,1,MOVING_TO_FIELD,Field_7,13,0.16,1,1,1,6,0.05,6,0,0,18,0.01,0,0,1,1,0.09,0,0,6,1,0.14,9,0,0,2,0.08,0,3,3,11,0.04,0,2,2,8,0.05,0,0,1,22,0.05,2,0,0,6,0.08,0,0,3,8,0.05,0,0,2,14,0.05,0,0,1
181,113,0,0,9,0,15,0,1,MOVING_TO_FIELD,Field_8,1,PROTECTING,Field_5,1,MOVING_TO_FIELD,Field_10,1,PROTECTING,Field_5,1,MOVING_TO_FIELD,Field_5,1,PROTECTING,Field_1,1,MOVING_TO_FIELD,Field_4,1,PROTECTING,Field_5,1,PROTECTING,Field_5,1,MOVING_TO_FIELD,Field_6,1,PROTECTING,Field_5,1,MOVING_TO_FIELD,Field_10,1,PROTECTING,Field_5,1,MOVING_TO_FIELD,Field_10,1,MOVING_TO_FIELD,Field_4,1,PROTECTING,Field_5,1,MOVING_TO_FIELD,Field_4,1,MOVING_TO_FIELD,Field_1,1,MOVING_TO_FIELD,Field_4,1,PROTECTING,Field_5,1,MOVING_TO_FIELD,Field_4,1,MOVING_TO_FIELD,Field_6,1,MOVING_TO_FIELD,Field_6,1,MOVING_TO_FIELD,Field_4,16,0.18,1,1,1,6,0.04,0,0,6,18,0.01,0,0,1,1,0.09,0,6,6,1,0.13,8,1,1,2,0.08,0,3,3,11,0.04,0,0,2,8,0.07,0,1,1,22,0.06,0,0,2,6,0.08,0,3,3,8,0.05,0,0,2,14,0.05,0,0,1
182,113,0,0,10,0,14,0,1,MOVING_TO_FIELD,Field_8,1,PROTECTING,Field_5,1,MOVING_TO_FIELD,Field_10,1,PROTECTING,Field_5,1,PROTECTING,Field_5,1,PROTECTING,Field_1,1,MOVING_TO_FIELD,Field_4,1,PROTECTING,Field_5,1,PROTECTING,Field_5,1,MOVING_TO_FIELD,Field_6,1,PROTECTING,Field_5,1,MOVING_TO_FIELD,Field_10,1,PROTECTING,Field_5,1,MOVING_TO_FIELD,Field_10,1,MOVING_TO_FIELD,Field_4,1,PROTECTING,Field_5,1,MOVING_TO_FIELD,Field_4,1,MOVING_TO_FIELD,Field_1,1,MOVING_TO_FIELD,Field_4,1,PROTECTING,Field_5,1,MOVING_TO_FIELD,Field_4,1,MOVING_TO_FIELD,Field_6,1,MOVING_TO_FIELD,Field_6,1,MOVING_TO_FIELD,Field_4,16,0.18,1,1,1,6,0.04,0,0,6,18,0.01,0,0,1,1,0.11,0,6,6,1,0.12,9,0,0,2,0.08,0,3,3,11,0.04,0,0,2,8,0.07,0,1,1,22,0.07,0,0,2,6,0.08,0,3,3,8,0.05,0,0,2,14,0.05,0,0,1
183,113,0,0,10,0,14,0,1,MOVING_TO_FIELD,Field_8,1,PROTECTING,Field_5,1,MOVING_TO_FIELD,Field_10,1,PROTECTING,Field_5,1,PROTECTING,Field_5,1,PROTECTING,Field_1,1,MOVING_TO_FIELD,Field_4,1,PROTECTING,Field_5,1,PROTECTING,Field_5,1,MOVING_TO_FIELD,Field_6,1,PROTECTING,Field_5,1,MOVING_TO_FIELD,Field_10,1,PROTECTING,Field_5,1,MOVING_TO_FIELD,Field_10,1,MOVING_TO_FIELD,Field_4,1,PROTECTING,Field_5,1,MOVING_TO_FIELD,Field_4,1,MOVING_TO_FIELD,Field_1,1,MOVING_TO_FIELD,Field_4,1,PROTECTING,Field_5,1,MOVING_TO_FIELD,Field_4,1,MOVING_TO_FIELD,Field_6,1,MOVING_TO_FIELD,Field_6,1,MOVING_TO_FIELD,Field_4,16,0.19,1,1,1,6,0.05,0,0,6,18,0.01,0,0,1,1,0.11,0,6,6,1,0.12,9,0,0,2,0.08,0,3,3,11,0.04,0,0,2,8,0.07,0,1,1,22,0.07,0,0,2,6,0.07,0,3,3,8,0.05,0,0,2,14,0.05,0,0,1
184,113,0,0,10,0,14,0,1,MOVING_TO_FIELD,Field_8,1,PROTECTING,Field_5,1,MOVING_TO_FIELD,Field_10,1,PROTECTING,Field_5,1,PROTECTING,Field_5,1,PROTECTING,Field_1,1,MOVING_TO_FIELD,Field_4,1,PROTECTING,Field_5,1,PROTECTING,Field_5,1,MOVING_TO_FIELD,Field_6,1,PROTECTING,Field_5,1,MOVING_TO_FIELD,Field_10,1,PROTECTING,Field_5,1,MOVING_TO_FIELD,Field_10,1,MOVING_TO_FIELD,Field_4,1,PROTECTING,Field_5,1,MOVING_TO_FIELD,Field_4,1,MOVING_TO_FIELD,Field_1,1,MOVING_TO_FIELD,Field_4,1,PROTECTING,Field_5,1,MOVING_TO_FIELD,Field_4,1,MOVING_TO_FIELD,Field_6,1,MOVING_TO_FIELD,Field_6,1,MOVING_TO_FIELD,Field_4,16,0.19,1,1,1,6,0.04,0,0,6,18,0.01,0,0,1,1,0.11,0,6,6,1,0.10,9,0,0,2,0.08,0,3,3,11,0.04,0,0,2,8,0.07,0,1,1,22,0.06,0,0,2,6,0.07,0,3,3,8,0.04,0,0,2,14,0.05,0,0,1
185,113,0,0,10,0,14,0,1,MOVING_TO_FIELD,Field_8,1,PROTECTING,Field_5,1,MOVING_TO_FIELD,Field_10,1,PROTECTING,Field_5,1,PROTECTING,Field_5,1,PROTECTING,Field_1,1,MOVING_TO_FIELD,Field_4,1,PROTECTING,Field_5,1,PROTECTING,Field_5,1,MOVING_TO_FIELD,Field_6,1,PROTECTING,Field_5,1,MOVING_TO_FIELD,Field_10,1,PROTECTING,Field_5,1,MOVING_TO_FIELD,Field_10,1,MOVING_TO_FIELD,Field_4,1,PROTECTING,Field_5,1,MOVING_TO_FIELD,Field_4,1,MOVING_TO_FIELD,Field_1,1,MOVING_TO_FIELD,Field_4,1,PROTECTING,Field_5,1,MOVING_TO_FIELD,Field_4,1,MOVING_TO_FIELD,Field_6,1,MOVING_TO_FIELD,Field_6,1,MOVING_TO_FIELD,Field_4,16,0.19,1,1,1,6,0.04,0,0,6,18,0.03,0,0,1,1,0.11,0,6,6,1,0.09,9,0,0,2,0.08,0,3,3,11,0.05,0,0,2,8,0.07,0,1,1,22,0.05,0,0,2,6,0.07,0,3,3,8,0.04,0,0,2,14,0.05,0,0,1
186,113,0,0,10,0,14,0,1,MOVING_TO_FIELD,Field_8,1,PROTECTING,Field_5,1,MOVING_TO_FIELD,Field_10,1,PROTECTING,Field_5,1,PROTECTING,Field_5,1,PROTECTING,Field_1,1,MOVING_TO_FIELD,Field_4,1,PROTECTING,Field_5,1,PROTECTING,Field_5,1,MOVING_TO_FIELD,Field_6,1,PROTECTING,Field_5,1,MOVING_TO_FIELD,Field_10,1,PROTECTING,Field_5,1,MOVING_TO_FIELD,Field_10,1,MOVING_TO_FIELD,Field_4,1,PROTECTING,Field_5,1,MOVING_TO_FIELD,Field_4,1,MOVING_TO_FIELD,Field_1,1,MOVING_TO_FIELD,Field_4,1,PROTECTING,Field_5,1,MOVING_TO_FIELD,Field_4,1,MOVING_TO_FIELD,Field_6,1,MOVING_TO_FIELD,Field_6,1,MOVING_TO_FIELD,Field_4,16,0.23,1,1,1,6,0.05,0,0,6,18,0.04,0,0,1,1,0.12,0,6,6,1,0.09,9,0,0,2,0.08,0,3,3,11,0.06,0,0,2,8,0.10,0,1,1,22,0.06,0,0,2,6,0.07,0,3,3,8,0.04,0,0,2,14,0.05,0,0,1
187,113,0,0,11,0,13,0,1,MOVING_TO_FIELD,Field_8,1,PROTECTING,Field_5,1,MOVING_TO_FIELD,Field_10,1,PROTECTING,Field_5,1,PROTECTING,Field_5,1,PROTECTING,Field_1,1,MOVING_TO_FIELD,Field_4,1,PROTECTING,Field_5,1,PROTECTING,Field_5,1,PROTECTING,Field_6,1,PROTECTING,Field_5,1,MOVING_TO_FIELD,Field_10,1,PROTECTING,Field_5,1,MOVING_TO_FIELD,Field_10,1,MOVING_TO_FIELD,Field_4,1,PROTECTING,Field_5,1,MOVING_TO_FIELD,Field_4,1,MOVING_TO_FIELD,Field_1,1,MOVING_TO_FIELD,Field_4,1,PROTECTING,Field_5,1,MOVING_TO_FIELD,Field_4,1,MOVING_TO_FIELD,Field_6,1,MOVING_TO_FIELD,Field_6,1,MOVING_TO_FIELD,Field_4,16,0.23,1,1,1,6,0.04,0,0,6,18,0.03,0,0,1,1,0.12,0,6,6,1,0.08,9,0,0,2,0.11,1,2,2,11,0.06,0,0,2,8,0.10,0,1,1,22,0.05,0,0,2,6,0.05,0,3,3,8,0.02,0,0,2,14,0.05,0,0,1
188,113,0,0,12,0,12,0,1,MOVING_TO_FIELD,Field_8,1,PROTECTING,Field_5,1,MOVING_TO_FIELD,Field_10,1,PROTECTING,Field_5,1,PROTECTING,Field_5,1,PROTECTING,Field_1,1,MOVING_TO_FIELD,Field_4,1,PROTECTING,Field_5,1,PROTECTING,Field_5,1,PROTECTING,Field_6,1,PROTECTING,Field_5,1,MOVING_TO_FIELD,Field_10,1,PROTECTING,Field_5,1,MOVING_TO_FIELD,Field_10,1,MOVING_TO_FIELD,Field_4,1,PROTECTING,Field_5,1,MOVING_TO_FIELD,Field_4,1,PROTECTING,Field_1,1,MOVING_TO_FIELD,Field_4,1,PROTECTING,Field_5,1,MOVING_TO_FIELD,Field_4,1,MOVING_TO_FIELD,Field_6,1,MOVING_TO_FIELD,Field_6,1,MOVING_TO_FIELD,Field_4,16,0.19,2,0,0,6,0.04,0,0,6,18,0.04,0,0,1,1,0.12,0,6,6,1,0.10,9,0,0,2,0.13,1,2,2,11,0.05,0,0,2,8,0.15,0,1,1,22,0.06,0,0,2,6,0.07,0,3,3,8,0.05,0,0,2,14,0.05,0,0,1
189,113,0,0,13,0,11,0,1,MOVING_TO_FIELD,Field_8,1,PROTECTING,Field_5,1,MOVING_TO_FIELD,Field_10,1,PROTECTING,Field_5,1,PROTECTING,Field_5,1,PROTECTING,Field_1,1,MOVING_TO_FIELD,Field_4,1,PROTECTING,Field_5,1,PROTECTING,Field_5,1,PROTECTING,Field_6,1,PROTECTING,Field_5,1,MOVING_TO_FIELD,Field_10,1,PROTECTING,Field_5,1,MOVING_TO_FIELD,Field_10,1,PROTECTING,Field_4,1,PROTECTING,Field_5,1,MOVING_TO_FIELD,Field_4,1,PROTECTING,Field_1,1,MOVING_TO_FIELD,Field_4,1,PROTECTING,Field_5,1,MOVING_TO_FIELD,Field_4,1,MOVING_TO_FIELD,Field_6,1,MOVING_TO_FIELD,Field_6,1,MOVING_TO_FIELD,Field_4,16,0.19,2,0,0,6,0.04,0,0,6,18,0.05,0,0,1,1,0.12,1,5,5,1,0.09,9,0,0,2,0.14,1,2,2,11,0.06,0,0,2,8,0.15,0,1,1,22,0.06,0,0,2,6,0.07,0,3,3,8,0.05,0,0,2,14,0.05,0,0,1
190,113,0,0,15,0,9,0,1,MOVING_TO_FIELD,Field_8,1,PROTECTING,Field_5,1,MOVING_TO_FIELD,Field_10,1,PROTECTING,Field_5,1,PROTECTING,Field_5,1,PROTECTING,Field_1,1,MOVING_TO_FIELD,Field_4,1,PROTECTING,Field_5,1,PROTECTING,Field_5,1,PROTECTING,Field_6,1,PROTECTING,Field_5,1,MOVING_TO_FIELD,Field_10,1,PROTECTING,Field_5,1,MOVING_TO_FIELD,Field_10,1,PROTECTING,Field_4,1,PROTECTING,Field_5,1,MOVING_TO_FIELD,Field_4,1,PROTECTING,Field_1,1,MOVING_TO_FIELD,Field_4,1,PROTECTING,Field_5,1,PROTECTING,Field_4,1,MOVING_TO_FIELD,Field_6,1,MOVING_TO_FIELD,Field_6,1,PROTECTING,Field_4,16,0.18,2,0,0,6,0.04,0,0,6,18,0.05,0,0,1,1,0.14,3,3,3,1,0.09,9,0,0,2,0.14,1,2,2,11,0.06,0,0,2,8,0.15,0,1,1,22,0.06,0,0,2,6,0.07,0,3,3,8,0.05,0,0,2,14,0.05,0,0,1
191,113,0,0,15,0,9,0,1,MOVING_TO_FIELD,Field_8,1,PROTECTING,Field_5,1,MOVING_TO_FIELD,Field_10,1,PROTECTING,Field_5,1,PROTECTING,Field_5,1,PROTECTING,Field_1,1,MOVING_TO_FIELD,Field_4,1,PROTECTING,Field_5,1,PROTECTING,Field_5,1,PROTECTING,Field_6,1,PROTECTING,Field_5,1,MOVING_TO_FIELD,Field_10,1,PROTECTING,Field_5,1,MOVING_TO_FIELD,Field_10,1,PROTECTING,Field_4,1,PROTECTING,Field_5,1,MOVING_TO_FIELD,Field_4,1,PROTECTING,Field_1,1,MOVING_TO_FIELD,Field_4,1,PROTECTING,Field_5,1,PROTECTING,Field_4,1,MOVING_TO_FIELD,Field_6,1,MOVING_TO_FIELD,Field_6,1,PROTECTING,Field_4,16,0.18,2,0,0,6,0.05,0,0,6,18,0.05,0,0,1,1,0.14,3,3,3,1,0.09,9,0,0,2,0.14,1,2,2,11,0.07,0,0,2,8,0.15,0,1,1,22,0.05,0,0,2,6,0.05,0,3,3,8,0.05,0,0,2,14,0.05,0,0,1
192,113,0,0,19,0,5,0,1,MOVING_TO_FIELD,Field_8,1,PROTECTING,Field_5,1,MOVING_TO_FIELD,Field_10,1,PROTECTING,Field_5,1,PROTECTING,Field_5,1,PROTECTING,Field_1,1,PROTECTING,Field_4,1,PROTECTING,Field_5,1,PROTECTING,Field_5,1,PROTECTING,Field_6,1,PROTECTING,Field_5,1,MOVING_TO_FIELD,Field_10,1,PROTECTING,Field_5,1,MOVING_TO_FIELD,Field_10,1,PROTECTING,Field_4,1,PROTECTING,Field_5,1,PROTECTING,Field_4,1,PROTECTING,Field_1,1,PROTECTING,Field_4,1,PROTECTING,Field_5,1,PROTECTING,Field_4,1,PROTECTING,Field_6,1,MOVING_TO_FIELD,Field_6,1,PROTECTING,Field_4,16,0.19,2,0,0,6,0.04,0,0,6,18,0.05,0,0,1,1,0.15,6,0,0,1,0.08,9,0,0,2,0.15,2,1,1,11,0.08,0,0,2,8,0.17,0,1,1,22,0.05,0,0,2,6,0.05,0,3,3,8,0.05,0,0,2,14,0.05,0,0,1
193,113,0,0,19,0,5,0,1,MOVING_TO_FIELD,Field_8,1,PROTECTING,Field_5,1,MOVING_TO_FIELD,Field_10,1,PROTECTING,Field_5,1,PROTECTING,Field_5,1,PROTECTING,Field_1,1,PROTECTING,Field_4,1,PROTECTING,Field_5,1,PROTECTING,Field_5,1,PROTECTING,Field_6,1,PROTECTING,Field_5,1,MOVING_TO_FIELD,Field_10,1,PROTECTING,Field_5,1,MOVING_TO_FIELD,Field_10,1,PROTECTING,Field_4,1,PROTECTING,Field_5,1,PROTECTING,Field_4,1,PROTECTING,Field_1,1,PROTECTING,Field_4,1,PROTECTING,Field_5,1,PROTECTING,Field_4,1,PROTECTING,Field_6,1,MOVING_TO_FIELD,Field_6,1,PROTECTING,Field_4,16,0.18,2,0,0,6,0.05,0,0,6,18,0.05,0,0,1,1,0.15,6,0,0,1,0.08,9,0,0,2,0.16,2,1,1,11,0.08,0,0,2,8,0.17,0,1,1,22,0.05,0,0,2,6,0.05,0,3,3,8,0.07,0,0,2,14,0.08,0,0,1
194,114,0,0,20,0,4,0,1,PROTECTING,Field_8,1,PROTECTING,Field_5,1,MOVING_TO_FIELD,Field_10,1,PROTECTING,Field_5,1,PROTECTING,Field_5,1,PROTECTING,Field_1,1,PROTECTING,Field_4,1,PROTECTING,Field_5,1,PROTECTING,Field_5,1,PROTECTING,Field_6,1,PROTECTING,Field_5,1,MOVING_TO_FIELD,Field_10,1,PROTECTING,Field_5,1,MOVING_TO_FIELD,Field_10,1,PROTECTING,Field_4,1,PROTECTING,Field_5,1,PROTECTING,Field_4,1,PROTECTING,Field_1,1,PROTECTING,Field_4,1,PROTECTING,Field_5,1,PROTECTING,Field_4,1,PROTECTING,Field_6,1,MOVING_TO_FIELD,Field_6,1,PROTECTING,Field_4,16,0.15,2,0,0,6,0.05,0,0,6,19,0.05,0,0,1,1,0.15,6,0,0,1,0.07,9,0,0,2,0.18,2,1,1,11,0.09,0,0,2,8,0.17,1,0,0,22,0.04,0,0,2,6,0.05,0,3,3,8,0.07,0,0,2,14,0.08,0,0,1
195,114,0,0,20,0,4,0,1,PROTECTING,Field_8,1,PROTECTING,Field_5,1,MOVING_TO_FIELD,Field_10,1,PROTECTING,Field_5,1,PROTECTING,Field_5,1,PROTECTING,Field_1,1,PROTECTING,Field_4,1,PROTECTING,Field_5,1,PROTECTING,Field_5,1,PROTECTING,Field_6,1,PROTECTING,Field_5,1,MOVING_TO_FIELD,Field_10,1,PROTECTING,Field_5,1,MOVING_TO_FIELD,Field_10,1,PROTECTING,Field_4,1,PROTECTING,Field_5,1,PROTECTING,Field_4,1,PROTECTING,Field_1,1,PROTECTING,Field_4,1,PROTECTING,Field_5,1,PROTECTING,Field_4,1,PROTECTING,Field_6,1,MOVING_TO_FIELD,Field_6,1,PROTECTING,Field_4,16,0.13,2,0,0,6,0.06,0,0,6,19,0.07,0,0,1,1,0.15,6,0,0,1,0.04,9,0,0,2,0.16,2,1,1,11,0.08,0,0,2,8,0.17,1,0,0,22,0.04,0,0,2,6,0.05,0,3,3,8,0.07,0,0,2,14,0.08,0,0,1
196,114,0,0,20,0,4,0,1,PROTECTING,Field_8,1,PROTECTING,Field_5,1,MOVING_TO_FIELD,Field_10,1,PROTECTING,Field_5,1,PROTECTING,Field_5,1,PROTECTING,Field_1,1,PROTECTING,Field_4,1,PROTECTING,Field_5,1,PROTECTING,Field_5,1,PROTECTING,Field_6,1,PROTECTING,Field_5,1,MOVING_TO_FIELD,Field_10,1,PROTECTING,Field_5,1,MOVING_TO_FIELD,Field_10,1,PROTECTING,Field_4,1,PROTECTING,Field_5,1,PROTECTING,Field_4,1,PROTECTING,Field_1,1,PROTECTING,Field_4,1,PROTECTING,Field_5,1,PROTECTING,Field_4,1,PROTECTING,Field_6,1,MOVING_TO_FIELD,Field_6,1,PROTECTING,Field_4,16,0.13,2,0,0,6,0.07,0,0,6,19,0.08,0,0,1,1,0.16,6,0,0,1,0.04,9,0,0,2,0.18,2,1,1,11,0.08,0,0,2,8,0.17,1,0,0,22,0.04,0,0,2,6,0.07,0,3,3,8,0.07,0,0,2,14,0.10,0,0,1
197,114,0,0,20,0,4,0,1,PROTECTING,Field_8,1,PROTECTING,Field_5,1,MOVING_TO_FIELD,Field_10,1,PROTECTING,Field_5,1,PROTECTING,Field_5,1,PROTECTING,Field_1,1,PROTECTING,Field_4,1,PROTECTING,Field_5,1,PROTECTING,Field_5,1,PROTECTING,Field_6,1,PROTECTING,Field_5,1,MOVING_TO_FIELD,Field_10,1,PROTECTING,Field_5,1,MOVING_TO_FIELD,Field_10,1,PROTECTING,Field_4,1,PROTECTING,Field_5,1,PROTECTING,Field_4,1,PROTECTING,Field_1,1,PROTECTING,Field_4,1,PROTECTING,Field_5,1,PROTECTING,Field_4,1,PROTECTING,Field_6,1,MOVING_TO_FIELD,Field_6,1,PROTECTING,Field_4,16,0.10,2,0,0,6,0.08,0,0,6,19,0.09,0,0,1,1,0.16,6,0,0,1,0.04,9,0,0,2,0.18,2,1,1,11,0.08,0,0,2,8,0.17,1,0,0,22,0.04,0,0,2,6,0.08,0,3,3,8,0.07,0,0,2,14,0.10,0,0,1
198,115,0,0,21,0,3,0,1,PROTECTING,Field_8,1,PROTECTING,Field_5,1,MOVING_TO_FIELD,Field_10,1,PROTECTING,Field_5,1,PROTECTING,Field_5,1,PROTECTING,Field_1,1,PROTECTING,Field_4,1,PROTECTING,Field_5,1,PROTECTING,Field_5,1,PROTECTING,Field_6,1,PROTECTING,Field_5,1,MOVING_TO_FIELD,Field_10,1,PROTECTING,Field_5,1,MOVING_TO_FIELD,Field_10,1,PROTECTING,Field_4,1,PROTECTING,Field_5,1,PROTECTING,Field_4,1,PROTECTING,Field_1,1,PROTECTING,Field_4,1,PROTECTING,Field_5,1,PROTECTING,Field_4,1,PROTECTING,Field_6,1,PROTECTING,Field_6,1,PROTECTING,Field_4,16,0.11,2,0,0,6,0.08,0,0,6,20,0.08,0,0,1,1,0.15,6,0,0,1,0.05,9,0,0,2,0.18,3,0,0,11,0.08,0,0,2,8,0.12,1,0,0,22,0.06,0,0,2,6,0.11,0,3,3,8,0.07,0,0,2,14,0.10,0,0,1
199,115,0,0,22,0,2,0,1,PROTECTING,Field_8,1,PROTECTING,Field_5,1,PROTECTING,Field_10,1,PROTECTING,Field_5,1,PROTECTING,Field_5,1,PROTECTING,Field_1,1,PROTECTING,Field_4,1,PROTECTING,Field_5,1,PROTECTING,Field_5,1,PROTECTING,Field_6,1,PROTECTING,Field_5,1,MOVING_TO_FIELD,Field_10,1,PROTECTING,Field_5,1,MOVING_TO_FIELD,Field_10,1,PROTECTING,Field_4,1,PROTECTING,Field_5,1,PROTECTING,Field_4,1,PROTECTING,Field_1,1,PROTECTING,Field_4,1,PROTECTING,Field_5,1,PROTECTING,Field_4,1,PROTECTING,Field_6,1,PROTECTING,Field_6,1,PROTECTING,Field_4,16,0.11,2,0,0,6,0.09,0,0,6,20,0.09,0,0,1,1,0.15,6,0,0,1,0.06,9,0,0,2,0.18,3,0,0,11,0.07,0,0,2,8,0.10,1,0,0,22,0.06,0,0,2,6,0.11,1,2,2,8,0.07,0,0,2,14,0.10,0,0,1
200,116,0,0,22,0,2,0,1,PROTECTING,Field_8,1,PROTECTING,Field_5,1,PROTECTING,Field_10,1,PROTECTING,Field_5,1,PROTECTING,Field_5,1,PROTECTING,Field_1,1,PROTECTING,Field_4,1,PROTECTING,Field_5,1,PROTECTING,Field_5,1,PROTECTING,Field_6,1,PROTECTING,Field_5,1,MOVING_TO_FIELD,Field_10,1,PROTECTING,Field_5,1,MOVING_TO_FIELD,Field_10,1,PROTECTING,Field_4,1,PROTECTING,Field_5,1,PROTECTING,Field_4,1,PROTECTING,Field_1,1,PROTECTING,Field_4,1,PROTECTING,Field_5,1,PROTECTING,Field_4,1,PROTECTING,Field_6,1,PROTECTING,Field_6,1,PROTECTING,Field_4,16,0.10,2,0,0,6,0.10,0,0,6,21,0.09,0,0,1,1,0.15,6,0,0,1,0.06,9,0,0,2,0.19,3,0,0,11,0.06,0,0,2,8,0.07,1,0,0,22,0.07,0,0,2,6,0.11,1,2,2,8,0.07,0,0,2,14,0.08,0,0,1
201,116,0,0,12,0,12,0,1,MOVING_TO_FIELD,Field_2,1,MOVING_TO_FIELD,Field_2,1,PROTECTING,Field_10,1,MOVING_TO_FIELD,Field_2,1,MOVING_TO_FIELD,Field_12,1,PROTECTING,Field_1,1,PROTECTING,Field_4,1,MOVING_TO_FIELD,Field_2,1,MOVING_TO_FIELD,Field_2,1,PROTECTING,Field_6,1,MOVING_TO_FIELD,Field_2,1,MOVING_TO_FIELD,Field_10,1,MOVING_TO_FIELD,Field_3,1,MOVING_TO_FIELD,Field_10,1,PROTECTING,Field_4,1,MOVING_TO_FIELD,Field_9,1,PROTECTING,Field_4,1,PROTECTING,Field_1,1,PROTECTING,Field_4,1,MOVING_TO_FIELD,Field_8,1,PROTECTING,Field_4,1,PROTECTING,Field_6,1,PROTECTING,Field_6,1,PROTECTING,Field_4,16,0.10,2,0,0,6,0.09,0,6,6,21,0.08,0,1,1,1,0.15,6,0,0,1,0.04,0,0,9,2,0.19,3,0,0,11,0.06,0,0,2,8,0.05,0,1,1,22,0.08,0,1,2,6,0.13,1,2,2,8,0.07,0,0,2,14,0.08,0,1,1
202,116,0,0,13,0,11,0,1,MOVING_TO_FIELD,Field_2,1,MOVING_TO_FIELD,Field_2,1,PROTECTING,Field_10,1,MOVING_TO_FIELD,Field_2,1,MOVING_TO_FIELD,Field_12,1,PROTECTING,Field_1,1,PROTECTING,Field_4,1,MOVING_TO_FIELD,Field_2,1,MOVING_TO_FIELD,Field_2,1,PROTECTING,Field_6,1,MOVING_TO_FIELD,Field_2,1,MOVING_TO_FIELD,Field_10,1,MOVING_TO_FIELD,Field_3,1,PROTECTING,Field_10,1,PROTECTING,Field_4,1,MOVING_TO_FIELD,Field_9,1,PROTECTING,Field_4,1,PROTECTING,Field_1,1,PROTECTING,Field_4,1,MOVING_TO_FIELD,Field_8,1,PROTECTING,Field_4,1,PROTECTING,Field_6,1,PROTECTING,Field_6,1,PROTECTING,Field_4,16,0.10,2,0,0,6,0.09,0,6,6,21,0.08,0,1,1,1,0.16,6,0,0,1,0.05,0,0,9,2,0.18,3,0,0,11,0.06,0,0,2,8,0.05,0,1,1,22,0.10,0,1,2,6,0.13,2,1,1,8,0.09,0,0,2,14,0.08,0,1,1
203,117,0,0,13,0,11,0,1,MOVING_TO_FIELD,Field_2,1,MOVING_TO_FIELD,Field_2,1,PROTECTING,Field_10,1,MOVING_TO_FIELD,Field_2,1,MOVING_TO_FIELD,Field_12,1,PROTECTING,Field_1,1,PROTECTING,Field_4,1,MOVING_TO_FIELD,Field_2,1,MOVING_TO_FIELD,Field_2,1,PROTECTING,Field_6,1,MOVING_TO_FIELD,Field_2,1,MOVING_TO_FIELD,Field_10,1,MOVING_TO_FIELD,Field_3,1,PROTECTING,Field_10,1,PROTECTING,Field_4,1,MOVING_TO_FIELD,Field_9,1,PROTECTING,Field_4,1,PROTECTING,Field_1,1,PROTECTING,Field_4,1,MOVING_TO_FIELD,Field_8,1,PROTECTING,Field_4,1,PROTECTING,Field_6,1,PROTECTING,Field_6,1,PROTECTING,Field_4,16,0.10,2,0,0,6,0.09,0,6,6,21,0.08,0,1,1,1,0.15,6,0,0,1,0.07,0,0,9,2,0.18,3,0,0,11,0.06,0,0,2,8,0.02,0,1,1,22,0.10,0,1,2,6,0.13,2,1,1,8,0.11,0,0,2,15,0.08,0,1,1
204,117,0,0,13,0,11,0,1,MOVING_TO_FIELD,Field_2,1,MOVING_TO_FIELD,Field_2,1,PROTECTING,Field_10,1,MOVING_TO_FIELD,Field_2,1,MOVING_TO_FIELD,Field_12,1,PROTECTING,Field_1,1,PROTECTING,Field_4,1,MOVING_TO_FIELD,Field_2,1,MOVING_TO_FIELD,Field_2,1,PROTECTING,Field_6,1,MOVING_TO_FIELD,Field_2,1,MOVING_TO_FIELD,Field_10,1,MOVING_TO_FIELD,Field_3,1,PROTECTING,Field_10,1,PROTECTING,Field_4,1,MOVING_TO_FIELD,Field_9,1,PROTECTING,Field_4,1,PROTECTING,Field_1,1,PROTECTING,Field_4,1,MOVING_TO_FIELD,Field_8,1,PROTECTING,Field_4,1,PROTECTING,Field_6,1,PROTECTING,Field_6,1,PROTECTING,Field_4,16,0.06,2,0,0,6,0.10,0,6,6,21,0.08,0,1,1,1,0.14,6,0,0,1,0.06,0,0,9,2,0.18,3,0,0,11,0.06,0,0,2,8,0.05,0,1,1,22,0.10,0,1,2,6,0.16,2,1,1,8,0.11,0,0,2,15,0.08,0,1,1
205,118,0,0,14,0,10,0,1,MOVING_TO_FIELD,Field_2,1,MOVING_TO_FIELD,Field_2,1,PROTECTING,Field_10,1,MOVING_TO_FIELD,Field_2,1,MOVING_TO_FIELD,Field_12,1,PROTECTING,Field_1,1,PROTECTING,Field_4,1,MOVING_TO_FIELD,Field_2,1,MOVING_TO_FIELD,Field_2,1,PROTECTING,Field_6,1,MOVING_TO_FIELD,Field_2,1,PROTECTING,Field_10,1,MOVING_TO_FIELD,Field_3,1,PROTECTING,Field_10,1,PROTECTING,Field_4,1,MOVING_TO_FIELD,Field_9,1,PROTECTING,Field_4,1,PROTECTING,Field_1,1,PROTECTING,Field_4,1,MOVING_TO_FIELD,Field_8,1,PROTECTING,Field_4,1,PROTECTING,Field_6,1,PROTECTING,Field_6,1,PROTECTING,Field_4,16,0.03,2,0,0,6,0.10,0,6,6,22,0.08,0,1,1,1,0.12,6,0,0,1,0.05,0,0,9,2,0.18,3,0,0,11,0.07,0,0,2,8,0.05,0,1,1,22,0.10,0,1,2,6,0.18,3,0,0,8,0.11,0,0,2,15,0.08,0,1,1
206,118,0,0,15,0,9,0,1,MOVING_TO_FIELD,Field_2,1,PROTECTING,Field_2,1,PROTECTING,Field_10,1,MOVING_TO_FIELD,Field_2,1,MOVING_TO_FIELD,Field_12,1,PROTECTING,Field_1,1,PROTECTING,Field_4,1,MOVING_TO_FIELD,Field_2,1,MOVING_TO_FIELD,Field_2,1,PROTECTING,Field_6,1,MOVING_TO_FIELD,Field_2,1,PROTECTING,Field_10,1,MOVING_TO_FIELD,Field_3,1,PROTECTING,Field_10,1,PROTECTING,Field_4,1,MOVING_TO_FIELD,Field_9,1,PROTECTING,Field_4,1,PROTECTING,Field_1,1,PROTECTING,Field_4,1,MOVING_TO_FIELD,Field_8,1,PROTECTING,Field_4,1,PROTECTING,Field_6,1,PROTECTING,Field_6,1,PROTECTING,Field_4,16,0.03,2,0,0,6,0.11,1,5,5,22,0.08,0,1,1,1,0.12,6,0,0,1,0.07,0,0,9,2,0.16,3,0,0,11,0.06,0,0,2,8,0.05,0,1,1,22,0.09,0,1,2,6,0.18,3,0,0,8,0.12,0,0,2,15,0.08,0,1,1
207,119,0,0,15,0,9,0,1,MOVING_TO_FIELD,Field_2,1,PROTECTING,Field_2,1,PROTECTING,Field_10,1,MOVING_TO_FIELD,Field_2,1,MOVING_TO_FIELD,Field_12,1,PROTECTING,Field_1,1,PROTECTING,Field_4,1,MOVING_TO_FIELD,Field_2,1,MOVING_TO_FIELD,Field_2,1,PROTECTING,Field_6,1,MOVING_TO_FIELD,Field_2,1,PROTECTING,Field_10,1,MOVING_TO_FIELD,Field_3,1,PROTECTING,Field_10,1,PROTECTING,Field_4,1,MOVING_TO_FIELD,Field_9,1,PROTECTING,Field_4,1,PROTECTING,Field_1,1,PROTECTING,Field_4,1,MOVING_TO_FIELD,Field_8,1,PROTECTING,Field_4,1,PROTECTING,Field_6,1,PROTECTING,Field_6,1,PROTECTING,Field_4,16,0.03,2,0,0,6,0.10,1,5,5,22,0.08,0,1,1,1,0.11,6,0,0,1,0.08,0,0,9,2,0.13,3,0,0,12,0.06,0,0,2,8,0.02,0,1,1,22,0.09,0,1,2,6,0.18,3,0,0,8,0.12,0,0,2,15,0.08,0,1,1
208,120,0,0,15,0,9,0,1,MOVING_TO_FIELD,Field_2,1,PROTECTING,Field_2,1,PROTECTING,Field_10,1,MOVING_TO_FIELD,Field_2,1,MOVING_TO_FIELD,Field_12,1,PROTECTING,Field_1,1,PROTECTING,Field_4,1,MOVING_TO_FIELD,Field_2,1,MOVING_TO_FIELD,Field_2,1,PROTECTING,Field_6,1,MOVING_TO_FIELD,Field_2,1,PROTECTING,Field_10,1,MOVING_TO_FIELD,Field_3,1,PROTECTING,Field_10,1,PROTECTING,Field_4,1,MOVING_TO_FIELD,Field_9,1,PROTECTING,Field_4,1,PROTECTING,Field_1,1,PROTECTING,Field_4,1,MOVING_TO_FIELD,Field_8,1,PROTECTING,Field_4,1,PROTECTING,Field_6,1,PROTECTING,Field_6,1,PROTECTING,Field_4,16,0.03,2,0,0,6,0.11,1,5,5,23,0.08,0,1,1,1,0.14,6,0,0,1,0.08,0,0,9,2,0.12,3,0,0,12,0.06,0,0,2,8,0.02,0,1,1,22,0.08,0,1,2,6,0.16,3,0,0,8,0.12,0,0,2,15,0.08,0,1,1
209,122,0,0,15,0,9,0,1,MOVING_TO_FIELD,Field_2,1,PROTECTING,Field_2,1,PROTECTING,Field_10,1,MOVING_TO_FIELD,Field_2,1,MOVING_TO_FIELD,Field_12,1,PROTECTING,Field_1,1,PROTECTING,Field_4,1,MOVING_TO_FIELD,Field_2,1,MOVING_TO_FIELD,Field_2,1,PROTECTING,Field_6,1,MOVING_TO_FIELD,Field_2,1,PROTECTING,Field_10,1,MOVING_TO_FIELD,Field_3,1,PROTECTING,Field_10,1,PROTECTING,Field_4,1,MOVING_TO_FIELD,Field_9,1,PROTECTING,Field_4,1,PROTECTING,Field_1,1,PROTECTING,Field_4,1,MOVING_TO_FIELD,Field_8,1,PROTECTING,Field_4,1,PROTECTING,Field_6,1,PROTECTING,Field_6,1,PROTECTING,Field_4,16,0.03,2,0,0,6,0.11,1,5,5,25,0.08,0,1,1,1,0.14,6,0,0,1,0.09,0,0,9,2,0.11,3,0,0,12,0.06,0,0,2,8,0.02,0,1,1,22,0.07,0,1,2,6,0.15,3,0,0,8,0.11,0,0,2,15,0.08,0,1,1
210,122,0,0,15,0,9,0,1,MOVING_TO_FIELD,Field_2,1,PROTECTING,Field_2,1,PROTECTING,Field_10,1,MOVING_TO_FIELD,Field_2,1,MOVING_TO_FIELD,Field_12,1,PROTECTING,Field_1,1,PROTECTING,Field_4,1,MOVING_TO_FIELD,Field_2,1,MOVING_TO_FIELD,Field_2,1,PROTECTING,Field_6,1,MOVING_TO_FIELD,Field_2,1,PROTECTING,Field_10,1,MOVING_TO_FIELD,Field_3,1,PROTECTING,Field_10,1,PROTECTING,Field_4,1,MOVING_TO_FIELD,Field_9,1,PROTECTING,Field_4,1,PROTECTING,Field_1,1,PROTECTING,Field_4,1,MOVING_TO_FIELD,Field_8,1,PROTECTING,Field_4,1,PROTECTING,Field_6,1,PROTECTING,Field_6,1,PROTECTING,Field_4,16,0.03,2,0,0,6,0.11,1,5,5,25,0.08,0,1,1,1,0.12,6,0,0,1,0.10,0,0,9,2,0.11,3,0,0,12,0.06,0,0,2,8,0.02,0,1,1,22,0.06,0,1,2,6,0.15,3,0,0,8,0.09,0,0,2,15,0.08,0,1,1
211,122,0,0,13,0,11,0,1,MOVING_TO_FIELD,Field_2,1,PROTECTING,Field_2,1,PROTECTING,Field_10,1,MOVING_TO_FIELD,Field_2,1,MOVING_TO_FIELD,Field_12,1,MOVING_TO_FIELD,Field_7,1,PROTECTING,Field_4,1,MOVING_TO_FIELD,Field_2,1,MOVING_TO_FIELD,Field_2,1,PROTECTING,Field_6,1,MOVING_TO_FIELD,Field_2,1,PROTECTING,Field_10,1,MOVING_TO_FIELD,Field_3,1,PROTECTING,Field_10,1,PROTECTING,Field_4,1,MOVING_TO_FIELD,Field_11,1,PROTECTING,Field_4,1,MOVING_TO_FIELD,Field_7,1,PROTECTING,Field_4,1,MOVING_TO_FIELD,Field_11,1,PROTECTING,Field_4,1,PROTECTING,Field_6,1,PROTECTING,Field_6,1,PROTECTING,Field_4,16,0.03,0,0,2,6,0.11,1,5,5,25,0.08,0,1,1,1,0.12,6,0,0,1,0.10,0,0,9,2,0.11,3,0,0,12,0.06,0,2,2,8,0.02,0,0,1,22,0.05,0,0,2,6,0.15,3,0,0,8,0.07,0,2,2,15,0.10,0,1,1
212,122,0,0,15,0,9,0,1,MOVING_TO_FIELD,Field_2,1,PROTECTING,Field_2,1,PROTECTING,Field_10,1,PROTECTING,Field_2,1,MOVING_TO_FIELD,Field_12,1,MOVING_TO_FIELD,Field_7,1,PROTECTING,Field_4,1,PROTECTING,Field_2,1,MOVING_TO_FIELD,Field_2,1,PROTECTING,Field_6,1,MOVING_TO_FIELD,Field_2,1,PROTECTING,Field_10,1,MOVING_TO_FIELD,Field_3,1,PROTECTING,Field_10,1,PROTECTING,Field_4,1,MOVING_TO_FIELD,Field_11,1,PROTECTING,Field_4,1,MOVING_TO_FIELD,Field_7,1,PROTECTING,Field_4,1,MOVING_TO_FIELD,Field_11,1,PROTECTING,Field_4,1,PROTECTING,Field_6,1,PROTECTING,Field_6,1,PROTECTING,Field_4,16,0.05,0,0,2,6,0.12,3,3,3,25,0.08,0,1,1,1,0.12,6,0,0,1,0.10,0,0,9,2,0.07,3,0,0,12,0.07,0,2,2,8,0.02,0,0,1,22,0.05,0,0,2,6,0.15,3,0,0,8,0.05,0,2,2,15,0.10,0,1,1
213,122,0,0,15,0,9,0,1,MOVING_TO_FIELD,Field_2,1,PROTECTING,Field_2,1,PROTECTING,Field_10,1,PROTECTING,Field_2,1,MOVING_TO_FIELD,Field_12,1,MOVING_TO_FIELD,Field_7,1,PROTECTING,Field_4,1,PROTECTING,Field_2,1,MOVING_TO_FIELD,Field_2,1,PROTECTING,Field_6,1,MOVING_TO_FIELD,Field_2,1,PROTECTING,Field_10,1,MOVING_TO_FIELD,Field_3,1,PROTECTING,Field_10,1,PROTECTING,Field_4,1,MOVING_TO_FIELD,Field_11,1,PROTECTING,Field_4,1,MOVING_TO_FIELD,Field_7,1,PROTECTING,Field_4,1,MOVING_TO_FIELD,Field_11,1,PROTECTING,Field_4,1,PROTECTING,Field_6,1,PROTECTING,Field_6,1,PROTECTING,Field_4,16,0.05,0,0,2,6,0.12,3,3,3,25,0.09,0,1,1,1,0.12,6,0,0,1,0.10,0,0,9,2,0.07,3,0,0,12,0.07,0,2,2,8,0.02,0,0,1,22,0.05,0,0,2,6,0.15,3,0,0,8,0.05,0,2,2,15,0.10,0,1,1
214,122,0,0,16,0,8,0,1,PROTECTING,Field_2,1,PROTECTING,Field_2,1,PROTECTING,Field_10,1,PROTECTING,Field_2,1,MOVING_TO_FIELD,Field_12,1,MOVING_TO_FIELD,Field_7,1,PROTECTING,Field_4,1,PROTECTING,Field_2,1,MOVING_TO_FIELD,Field_2,1,PROTECTING,Field_6,1,MOVING_TO_FIELD,Field_2,1,PROTECTING,Field_10,1,MOVING_TO_FIELD,Field_3,1,PROTECTING,Field_10,1,PROTECTING,Field_4,1,MOVING_TO_FIELD,Field_11,1,PROTECTING,Field_4,1,MOVING_TO_FIELD,Field_7,1,PROTECTING,Field_4,1,MOVING_TO_FIELD,Field_11,1,PROTECTING,Field_4,1,PROTECTING,Field_6,1,PROTECTING,Field_6,1,PROTECTING,Field_4,16,0.03,0,0,2,6,0.12,4,2,2,25,0.09,0,1,1,1,0.09,6,0,0,1,0.10,0,0,9,2,0.06,3,0,0,12,0.07,0,2,2,8,0.02,0,0,1,22,0.06,0,0,2,6,0.11,3,0,0,8,0.05,0,2,2,15,0.10,0,1,1
215,122,0,0,16,0,8,0,1,PROTECTING,Field_2,1,PROTECTING,Field_2,1,PROTECTING,Field_10,1,PROTECTING,Field_2,1,MOVING_TO_FIELD,Field_12,1,MOVING_TO_FIELD,Field_7,1,PROTECTING,Field_4,1,PROTECTING,Field_2,1,MOVING_TO_FIELD,Field_2,1,PROTECTING,Field_6,1,MOVING_TO_FIELD,Field_2,1,PROTECTING,Field_10,1,MOVING_TO_FIELD,Field_3,1,PROTECTING,Field_10,1,PROTECTING,Field_4,1,MOVING_TO_FIELD,Field_11,1,PROTECTING,Field_4,1,MOVING_TO_FIELD,Field_7,1,PROTECTING,Field_4,1,MOVING_TO_FIELD,Field_11,1,PROTECTING,Field_4,1,PROTECTING,Field_6,1,PROTECTING,Field_6,1,PROTECTING,Field_4,16,0.03,0,0,2,6,0.12,4,2,2,25,0.09,0,1,1,1,0.11,6,0,0,1,0.10,0,0,9,2,0.06,3,0,0,12,0.07,0,2,2,8,0.05,0,0,1,22,0.06,0,0,2,6,0.11,3,0,0,8,0.04,0,2,2,15,0.10,0,1,1
216,122,0,0,17,0,7,0,1,PROTECTING,Field_2,1,PROTECTING,Field_2,1,PROTECTING,Field_10,1,PROTECTING,Field_2,1,PROTECTING,Field_12,1,MOVING_TO_FIELD,Field_7,1,PROTECTING,Field_4,1,PROTECTING,Field_2,1,MOVING_TO_FIELD,Field_2,1,PROTECTING,Field_6,1,MOVING_TO_FIELD,Field_2,1,PROTECTING,Field_10,1,MOVING_TO_FIELD,Field_3,1,PROTECTING,Field_10,1,PROTECTING,Field_4,1,MOVING_TO_FIELD,Field_11,1,PROTECTING,Field_4,1,MOVING_TO_FIELD,Field_7,1,PROTECTING,Field_4,1,MOVING_TO_FIELD,Field_11,1,PROTECTING,Field_4,1,PROTECTING,Field_6,1,PROTECTING,Field_6,1,PROTECTING,Field_4,16,0.03,0,0,2,6,0.12,4,2,2,25,0.09,0,1,1,1,0.11,6,0,0,1,0.10,0,0,9,2,0.06,3,0,0,12,0.09,0,2,2,8,0.05,0,0,1,22,0.07,0,0,2,6,0.11,3,0,0,8,0.04,0,2,2,15,0.13,1,0,0
217,122,0,0,17,0,7,0,1,PROTECTING,Field_2,1,PROTECTING,Field_2,1,PROTECTING,Field_10,1,PROTECTING,Field_2,1,PROTECTING,Field_12,1,MOVING_TO_FIELD,Field_7,1,PROTECTING,Field_4,1,PROTECTING,Field_2,1,MOVING_TO_FIELD,Field_2,1,PROTECTING,Field_6,1,MOVING_TO_FIELD,Field_2,1,PROTECTING,Field_10,1,MOVING_TO_FIELD,Field_3,1,PROTECTING,Field_10,1,PROTECTING,Field_4,1,MOVING_TO_FIELD,Field_11,1,PROTECTING,Field_4,1,MOVING_TO_FIELD,Field_7,1,PROTECTING,Field_4,1,MOVING_TO_FIELD,Field_11,1,PROTECTING,Field_4,1,PROTECTING,Field_6,1,PROTECTING,Field_6,1,PROTECTING,Field_4,16,0.05,0,0,2,6,0.12,4,2,2,25,0.09,0,1,1,1,0.09,6,0,0,1,0.10,0,0,9,2,0.06,3,0,0,12,0.09,0,2,2,8,0.05,0,0,1,22,0.07,0,0,2,6,0.10,3,0,0,8,0.04,0,2,2,15,0.10,1,0,0
218,122,0,0,17,0,7,0,1,PROTECTING,Field_2,1,PROTECTING,Field_2,1,PROTECTING,Field_10,1,PROTECTING,Field_2,1,PROTECTING,Field_12,1,MOVING_TO_FIELD,Field_7,1,PROTECTING,Field_4,1,PROTECTING,Field_2,1,MOVING_TO_FIELD,Field_2,1,PROTECTING,Field_6,1,MOVING_TO_FIELD,Field_2,1,PROTECTING,Field_10,1,MOVING_TO_FIELD,Field_3,1,PROTECTING,Field_10,1,PROTECTING,Field_4,1,MOVING_TO_FIELD,Field_11,1,PROTECTING,Field_4,1,MOVING_TO_FIELD,Field_7,1,PROTECTING,Field_4,1,MOVING_TO_FIELD,Field_11,1,PROTECTING,Field_4,1,PROTECTING,Field_6,1,PROTECTING,Field_6,1,PROTECTING,Field_4,16,0.05,0,0,2,6,0.12,4,2,2,25,0.09,0,1,1,1,0.09,6,0,0,1,0.09,0,0,9,2,0.06,3,0,0,12,0.09,0,2,2,8,0.07,0,0,1,22,0.08,0,0,2,6,0.10,3,0,0,8,0.04,0,2,2,15,0.10,1,0,0
219,122,0,0,18,0,6,0,1,PROTECTING,Field_2,1,PROTECTING,Field_2,1,PROTECTING,Field_10,1,PROTECTING,Field_2,1,PROTECTING,Field_12,1,PROTECTING,Field_7,1,PROTECTING,Field_4,1,PROTECTING,Field_2,1,MOVING_TO_FIELD,Field_2,1,PROTECTING,Field_6,1,MOVING_TO_FIELD,Field_2,1,PROTECTING,Field_10,1,MOVING_TO_FIELD,Field_3,1,PROTECTING,Field_10,1,PROTECTING,Field_4,1,MOVING_TO_FIELD,Field_11,1,PROTECTING,Field_4,1,MOVING_TO_FIELD,Field_7,1,PROTECTING,Field_4,1,MOVING_TO_FIELD,Field_11,1,PROTECTING,Field_4,1,PROTECTING,Field_6,1,PROTECTING,Field_6,1,PROTECTING,Field_4,16,0.05,0,0,2,6,0.12,4,2,2,25,0.09,0,1,1,1,0.11,6,0,0,1,0.10,0,0,9,2,0.04,3,0,0,12,0.11,1,1,1,8,0.07,0,0,1,22,0.10,0,0,2,6,0.10,3,0,0,8,0.04,0,2,2,15,0.10,1,0,0
220,122,0,0,21,0,3,0,1,PROTECTING,Field_2,1,PROTECTING,Field_2,1,PROTECTING,Field_10,1,PROTECTING,Field_2,1,PROTECTING,Field_12,1,PROTECTING,Field_7,1,PROTECTING,Field_4,1,PROTECTING,Field_2,1,PROTECTING,Field_2,1,PROTECTING,Field_6,1,PROTECTING,Field_2,1,PROTECTING,Field_10,1,PROTECTING,Field_3,1,PROTECTING,Field_10,1,PROTECTING,Field_4,1,MOVING_TO_FIELD,Field_11,1,PROTECTING,Field_4,1,MOVING_TO_FIELD,Field_7,1,PROTECTING,Field_4,1,MOVING_TO_FIELD,Field_11,1,PROTECTING,Field_4,1,PROTECTING,Field_6,1,PROTECTING,Field_6,1,PROTECTING,Field_4,16,0.06,0,0,2,6,0.12,6,0,0,25,0.09,1,0,0,1,0.11,6,0,0,1,0.10,0,0,9,2,0.05,3,0,0,12,0.12,1,1,1,8,0.07,0,0,1,22,0.10,0,0,2,6,0.10,3,0,0,8,0.04,0,2,2,15,0.10,1,0,0
221,122,1,0,18,0,5,0,1,PROTECTING,Field_2,1,PROTECTING,Field_2,1,PROTECTING,Field_10,1,PROTECTING,Field_2,1,PROTECTING,Field_12,1,PROTECTING,Field_7,1,PROTECTING,Field_4,1,PROTECTING,Field_2,1,PROTECTING,Field_2,1,MOVING_TO_FIELD,Field_1,1,PROTECTING,Field_2,1,PROTECTING,Field_10,1,PROTECTING,Field_3,1,PROTECTING,Field_10,1,PROTECTING,Field_4,1,MOVING_TO_FIELD,Field_9,1,PROTECTING,Field_4,1,MOVING_TO_FIELD,Field_7,1,PROTECTING,Field_4,1,MOVING_TO_FIELD,Field_9,1,PROTECTING,Field_4,1,IDLE,,1,MOVING_TO_FIELD,Field_1,1,PROTECTING,Field_4,16,0.06,0,2,2,6,0.12,6,0,0,25,0.09,1,0,0,1,0.08,6,0,0,1,0.10,0,0,9,2,0.05,0,0,3,12,0.11,1,1,1,8,0.10,0,0,1,22,0.11,0,2,2,6,0.10,3,0,0,8,0.04,0,0,2,15,0.08,1,0,0
222,122,1,0,18,0,5,0,1,PROTECTING,Field_2,1,PROTECTING,Field_2,1,PROTECTING,Field_10,1,PROTECTING,Field_2,1,PROTECTING,Field_12,1,PROTECTING,Field_7,1,PROTECTING,Field_4,1,PROTECTING,Field_2,1,PROTECTING,Field_2,1,MOVING_TO_FIELD,Field_1,1,PROTECTING,Field_2,1,PROTECTING,Field_10,1,PROTECTING,Field_3,1,PROTECTING,Field_10,1,PROTECTING,Field_4,1,MOVING_TO_FIELD,Field_9,1,PROTECTING,Field_4,1,MOVING_TO_FIELD,Field_7,1,PROTECTING,Field_4,1,MOVING_TO_FIELD,Field_9,1,PROTECTING,Field_4,1,IDLE,,1,MOVING_TO_FIELD,Field_1,1,PROTECTING,Field_4,16,0.06,0,2,2,6,0.12,6,0,0,25,0.09,1,0,0,1,0.07,6,0,0,1,0.10,0,0,9,2,0.05,0,0,3,12,0.11,1,1,1,8,0.10,0,0,1,22,0.11,0,2,2,6,0.08,3,0,0,8,0.04,0,0,2,15,0.08,1,0,0
223,122,1,0,18,0,5,0,1,PROTECTING,Field_2,1,PROTECTING,Field_2,1,PROTECTING,Field_10,1,PROTECTING,Field_2,1,PROTECTING,Field_12,1,PROTECTING,Field_7,1,PROTECTING,Field_4,1,PROTECTING,Field_2,1,PROTECTING,Field_2,1,MOVING_TO_FIELD,Field_1,1,PROTECTING,Field_2,1,PROTECTING,Field_10,1,PROTECTING,Field_3,1,PROTECTING,Field_10,1,PROTECTING,Field_4,1,MOVING_TO_FIELD,Field_9,1,PROTECTING,Field_4,1,MOVING_TO_FIELD,Field_7,1,PROTECTING,Field_4,1,MOVING_TO_FIELD,Field_9,1,PROTECTING,Field_4,1,IDLE,,1,MOVING_TO_FIELD,Field_1,1,PROTECTING,Field_4,16,0.06,0,2,2,6,0.12,6,0,0,25,0.11,1,0,0,1,0.07,6,0,0,1,0.10,0,0,9,2,0.04,0,0,3,12,0.11,1,1,1,8,0.10,0,0,1,22,0.12,0,2,2,6,0.07,3,0,0,8,0.04,0,0,2,15,0.10,1,0,0
224,122,1,0,19,0,4,0,1,PROTECTING,Field_2,1,PROTECTING,Field_2,1,PROTECTING,Field_10,1,PROTECTING,Field_2,1,PROTECTING,Field_12,1,PROTECTING,Field_7,1,PROTECTING,Field_4,1,PROTECTING,Field_2,1,PROTECTING,Field_2,1,MOVING_TO_FIELD,Field_1,1,PROTECTING,Field_2,1,PROTECTING,Field_10,1,PROTECTING,Field_3,1,PROTECTING,Field_10,1,PROTECTING,Field_4,1,PROTECTING,Field_9,1,PROTECTING,Field_4,1,MOVING_TO_FIELD,Field_7,1,PROTECTING,Field_4,1,MOVING_TO_FIELD,Field_9,1,PROTECTING,Field_4,1,IDLE,,1,MOVING_TO_FIELD,Field_1,1,PROTECTING,Field_4,16,0.08,0,2,2,6,0.12,6,0,0,25,0.12,1,0,0,1,0.05,6,0,0,1,0.10,0,0,9,2,0.04,0,0,3,12,0.11,1,1,1,8,0.10,0,0,1,22,0.12,1,1,1,6,0.05,3,0,0,8,0.04,0,0,2,15,0.05,1,0,0
225,122,1,0,20,0,3,0,1,PROTECTING,Field_2,1,PROTECTING,Field_2,1,PROTECTING,Field_10,1,PROTECTING,Field_2,1,PROTECTING,Field_12,1,PROTECTING,Field_7,1,PROTECTING,Field_4,1,PROTECTING,Field_2,1,PROTECTING,Field_2,1,MOVING_TO_FIELD,Field_1,1,PROTECTING,Field_2,1,PROTECTING,Field_10,1,PROTECTING,Field_3,1,PROTECTING,Field_10,1,PROTECTING,Field_4,1,PROTECTING,Field_9,1,PROTECTING,Field_4,1,PROTECTING,Field_7,1,PROTECTING,Field_4,1,MOVING_TO_FIELD,Field_9,1,PROTECTING,Field_4,1,IDLE,,1,MOVING_TO_FIELD,Field_1,1,PROTECTING,Field_4,16,0.08,0,2,2,6,0.13,6,0,0,25,0.11,1,0,0,1,0.05,6,0,0,1,0.10,0,0,9,2,0.05,0,0,3,12,0.11,2,0,0,8,0.10,0,0,1,22,0.12,1,1,1,6,0.03,3,0,0,8,0.04,0,0,2,15,0.05,1,0,0
226,122,1,0,20,0,3,0,1,PROTECTING,Field_2,1,PROTECTING,Field_2,1,PROTECTING,Field_10,1,PROTECTING,Field_2,1,PROTECTING,Field_12,1,PROTECTING,Field_7,1,PROTECTING,Field_4,1,PROTECTING,Field_2,1,PROTECTING,Field_2,1,MOVING_TO_FIELD,Field_1,1,PROTECTING,Field_2,1,PROTECTING,Field_10,1,PROTECTING,Field_3,1,PROTECTING,Field_10,1,PROTECTING,Field_4,1,PROTECTING,Field_9,1,PROTECTING,Field_4,1,PROTECTING,Field_7,1,PROTECTING,Field_4,1,MOVING_TO_FIELD,Field_9,1,PROTECTING,Field_4,1,IDLE,,1,MOVING_TO_FIELD,Field_1,1,PROTECTING,Field_4,16,0.08,0,2,2,6,0.13,6,0,0,25,0.09,1,0,0,1,0.05,6,0,0,1,0.10,0,0,9,2,0.05,0,0,3,12,0.14,2,0,0,8,0.10,0,0,1,22,0.12,1,1,1,6,0.03,3,0,0,8,0.04,0,0,2,15,0.05,1,0,0
227,123,1,0,21,0,2,0,1,PROTECTING,Field_2,1,PROTECTING,Field_2,1,PROTECTING,Field_10,1,PROTECTING,Field_2,1,PROTECTING,Field_12,1,PROTECTING,Field_7,1,PROTECTING,Field_4,1,PROTECTING,Field_2,1,PROTECTING,Field_2,1,PROTECTING,Field_1,1,PROTECTING,Field_2,1,PROTECTING,Field_10,1,PROTECTING,Field_3,1,PROTECTING,Field_10,1,PROTECTING,Field_4,1,PROTECTING,Field_9,1,PROTECTING,Field_4,1,PROTECTING,Field_7,1,PROTECTING,Field_4,1,MOVING_TO_FIELD,Field_9,1,PROTECTING,Field_4,1,IDLE,,1,MOVING_TO_FIELD,Field_1,1,PROTECTING,Field_4,16,0.08,1,1,1,6,0.13,6,0,0,25,0.09,1,0,0,1,0.05,6,0,0,1,0.10,0,0,9,2,0.05,0,0,3,12,0.13,2,0,0,9,0.10,0,0,1,22,0.13,1,1,1,6,0.02,3,0,0,8,0.04,0,0,2,15,0.05,1,0,0
228,123,1,0,21,0,2,0,1,PROTECTING,Field_2,1,PROTECTING,Field_2,1,PROTECTING,Field_10,1,PROTECTING,Field_2,1,PROTECTING,Field_12,1,PROTECTING,Field_7,1,PROTECTING,Field_4,1,PROTECTING,Field_2,1,PROTECTING,Field_2,1,PROTECTING,Field_1,1,PROTECTING,Field_2,1,PROTECTING,Field_10,1,PROTECTING,Field_3,1,PROTECTING,Field_10,1,PROTECTING,Field_4,1,PROTECTING,Field_9,1,PROTECTING,Field_4,1,PROTECTING,Field_7,1,PROTECTING,Field_4,1,MOVING_TO_FIELD,Field_9,1,PROTECTING,Field_4,1,IDLE,,1,MOVING_TO_FIELD,Field_1,1,PROTECTING,Field_4,16,0.06,1,1,1,6,0.13,6,0,0,25,0.09,1,0,0,1,0.05,6,0,0,1,0.12,0,0,9,2,0.05,0,0,3,12,0.13,2,0,0,9,0.10,0,0,1,22,0.12,1,1,1,6,0.02,3,0,0,8,0.04,0,0,2,15,0.03,1,0,0
229,123,1,0,22,0,1,0,1,PROTECTING,Field_2,1,PROTECTING,Field_2,1,PROTECTING,Field_10,1,PROTECTING,Field_2,1,PROTECTING,Field_12,1,PROTECTING,Field_7,1,PROTECTING,Field_4,1,PROTECTING,Field_2,1,PROTECTING,Field_2,1,PROTECTING,Field_1,1,PROTECTING,Field_2,1,PROTECTING,Field_10,1,PROTECTING,Field_3,1,PROTECTING,Field_10,1,PROTECTING,Field_4,1,PROTECTING,Field_9,1,PROTECTING,Field_4,1,PROTECTING,Field_7,1,PROTECTING,Field_4,1,PROTECTING,Field_9,1,PROTECTING,Field_4,1,IDLE,,1,MOVING_TO_FIELD,Field_1,1,PROTECTING,Field_4,16,0.06,1,1,1,6,0.11,6,0,0,25,0.09,1,0,0,1,0.05,6,0,0,1,0.12,0,0,9,2,0.05,0,0,3,12,0.13,2,0,0,9,0.10,0,0,1,22,0.14,2,0,0,6,0.02,3,0,0,8,0.04,0,0,2,15,0.00,1,0,0
230,123,1,0,22,0,1,0,1,PROTECTING,Field_2,1,PROTECTING,Field_2,1,PROTECTING,Field_10,1,PROTECTING,Field_2,1,PROTECTING,Field_12,1,PROTECTING,Field_7,1,PROTECTING,Field_4,1,PROTECTING,Field_2,1,PROTECTING,Field_2,1,PROTECTING,Field_1,1,PROTECTING,Field_2,1,PROTECTING,Field_10,1,PROTECTING,Field_3,1,PROTECTING,Field_10,1,PROTECTING,Field_4,1,PROTECTING,Field_9,1,PROTECTING,Field_4,1,PROTECTING,Field_7,1,PROTECTING,Field_4,1,PROTECTING,Field_9,1,PROTECTING,Field_4,1,IDLE,,1,MOVING_TO_FIELD,Field_1,1,PROTECTING,Field_4,16,0.06,1,1,1,6,0.12,6,0,0,25,0.05,1,0,0,1,0.05,6,0,0,1,0.12,0,0,9,2,0.05,0,0,3,12,0.13,2,0,0,9,0.10,0,0,1,22,0.14,2,0,0,6,0.02,3,0,0,8,0.04,0,0,2,15,0.03,1,0,0
231,123,0,0,22,0,2,0,1,PROTECTING,Field_2,1,PROTECTING,Field_2,1,PROTECTING,Field_10,1,PROTECTING,Field_2,1,PROTECTING,Field_12,1,PROTECTING,Field_7,1,PROTECTING,Field_4,1,PROTECTING,Field_2,1,PROTECTING,Field_2,1,PROTECTING,Field_1,1,PROTECTING,Field_2,1,PROTECTING,Field_10,1,PROTECTING,Field_3,1,PROTECTING,Field_10,1,PROTECTING,Field_4,1,PROTECTING,Field_9,1,PROTECTING,Field_4,1,PROTECTING,Field_7,1,PROTECTING,Field_4,1,PROTECTING,Field_9,1,PROTECTING,Field_4,1,MOVING_TO_FIELD,Field_5,1,MOVING_TO_FIELD,Field_1,1,PROTECTING,Field_4,16,0.06,1,1,1,6,0.11,6,0,0,25,0.03,1,0,0,1,0.04,6,0,0,1,0.12,0,1,9,2,0.05,0,0,3,12,0.13,2,0,0,9,0.10,0,0,1,22,0.12,2,0,0,6,0.02,3,0,0,8,0.05,0,0,2,15,0.03,1,0,0
232,123,0,0,22,0,2,0,1,PROTECTING,Field_2,1,PROTECTING,Field_2,1,PROTECTING,Field_10,1,PROTECTING,Field_2,1,PROTECTING,Field_12,1,PROTECTING,Field_7,1,PROTECTING,Field_4,1,PROTECTING,Field_2,1,PROTECTING,Field_2,1,PROTECTING,Field_1,1,PROTECTING,Field_2,1,PROTECTING,Field_10,1,PROTECTING,Field_3,1,PROTECTING,Field_10,1,PROTECTING,Field_4,1,PROTECTING,Field_9,1,PROTECTING,Field_4,1,PROTECTING,Field_7,1,PROTECTING,Field_4,1,PROTECTING,Field_9,1,PROTECTING,Field_4,1,MOVING_TO_FIELD,Field_5,1,MOVING_TO_FIELD,Field_1,1,PROTECTING,Field_4,16,0.06,1,1,1,6,0.11,6,0,0,25,0.01,1,0,0,1,0.04,6,0,0,1,0.12,0,1,9,2,0.05,0,0,3,12,0.12,2,0,0,9,0.10,0,0,1,22,0.12,2,0,0,6,0.02,3,0,0,8,0.05,0,0,2,15,0.03,1,0,0
233,123,0,0,22,0,2,0,1,PROTECTING,Field_2,1,PROTECTING,Field_2,1,PROTECTING,Field_10,1,PROTECTING,Field_2,1,PROTECTING,Field_12,1,PROTECTING,Field_7,1,PROTECTING,Field_4,1,PROTECTING,Field_2,1,PROTECTING,Field_2,1,PROTECTING,Field_1,1,PROTECTING,Field_2,1,PROTECTING,Field_10,1,PROTECTING,Field_3,1,PROTECTING,Field_10,1,PROTECTING,Field_4,1,PROTECTING,Field_9,1,PROTECTING,Field_4,1,PROTECTING,Field_7,1,PROTECTING,Field_4,1,PROTECTING,Field_9,1,PROTECTING,Field_4,1,MOVING_TO_FIELD,Field_5,1,MOVING_TO_FIELD,Field_1,1,PROTECTING,Field_4,16,0.06,1,1,1,6,0.10,6,0,0,25,0.00,1,0,0,1,0.04,6,0,0,1,0.13,0,1,9,2,0.05,0,0,3,12,0.11,2,0,0,9,0.07,0,0,1,22,0.11,2,0,0,6,0.02,3,0,0,8,0.05,0,0,2,15,0.03,1,0,0
234,123,0,0,22,0,2,0,1,PROTECTING,Field_2,1,PROTECTING,Field_2,1,PROTECTING,Field_10,1,PROTECTING,Field_2,1,PROTECTING,Field_12,1,PROTECTING,Field_7,1,PROTECTING,Field_4,1,PROTECTING,Field_2,1,PROTECTING,Field_2,1,PROTECTING,Field_1,1,PROTECTING,Field_2,1,PROTECTING,Field_10,1,PROTECTING,Field_3,1,PROTECTING,Field_10,1,PROTECTING,Field_4,1,PROTECTING,Field_9,1,PROTECTING,Field_4,1,PROTECTING,Field_7,1,PROTECTING,Field_4,1,PROTECTING,Field_9,1,PROTECTING,Field_4,1,MOVING_TO_FIELD,Field_5,1,MOVING_TO_FIELD,Field_1,1,PROTECTING,Field_4,16,0.06,1,1,1,6,0.10,6,0,0,25,0.00,1,0,0,1,0.04,6,0,0,1,0.12,0,1,9,2,0.05,0,0,3,12,0.11,2,0,0,9,0.07,0,0,1,22,0.13,2,0,0,6,0.03,3,0,0,8,0.05,0,0,2,15,0.03,1,0,0
235,123,0,0,23,0,1,0,1,PROTECTING,Field_2,1,PROTECTING,Field_2,1,PROTECTING,Field_10,1,PROTECTING,Field_2,1,PROTECTING,Field_12,1,PROTECTING,Field_7,1,PROTECTING,Field_4,1,PROTECTING,Field_2,1,PROTECTING,Field_2,1,PROTECTING,Field_1,1,PROTECTING,Field_2,1,PROTECTING,Field_10,1,PROTECTING,Field_3,1,PROTECTING,Field_10,1,PROTECTING,Field_4,1,PROTECTING,Field_9,1,PROTECTING,Field_4,1,PROTECTING,Field_7,1,PROTECTING,Field_4,1,PROTECTING,Field_9,1,PROTECTING,Field_4,1,MOVING_TO_FIELD,Field_5,1,PROTECTING,Field_1,1,PROTECTING,Field_4,16,0.06,2,0,0,6,0.10,6,0,0,25,0.00,1,0,0,1,0.04,6,0,0,1,0.11,0,1,9,2,0.05,0,0,3,12,0.10,2,0,0,9,0.07,0,0,1,22,0.13,2,0,0,6,0.03,3,0,0,8,0.07,0,0,2,15,0.03,1,0,0
236,123,0,0,23,0,1,0,1,PROTECTING,Field_2,1,PROTECTING,Field_2,1,PROTECTING,Field_10,1,PROTECTING,Field_2,1,PROTECTING,Field_12,1,PROTECTING,Field_7,1,PROTECTING,Field_4,1,PROTECTING,Field_2,1,PROTECTING,Field_2,1,PROTECTING,Field_1,1,PROTECTING,Field_2,1,PROTECTING,Field_10,1,PROTECTING,Field_3,1,PROTECTING,Field_10,1,PROTECTING,Field_4,1,PROTECTING,Field_9,1,PROTECTING,Field_4,1,PROTECTING,Field_7,1,PROTECTING,Field_4,1,PROTECTING,Field_9,1,PROTECTING,Field_4,1,MOVING_TO_FIELD,Field_5,1,PROTECTING,Field_1,1,PROTECTING,Field_4,16,0.06,2,0,0,6,0.12,6,0,0,25,0.00,1,0,0,1,0.04,6,0,0,1,0.11,0,1,9,2,0.05,0,0,3,12,0.07,2,0,0,9,0.07,0,0,1,22,0.15,2,0,0,6,0.02,3,0,0,8,0.11,0,0,2,15,0.03,1,0,0
237,123,0,0,23,0,1,0,1,PROTECTING,Field_2,1,PROTECTING,Field_2,1,PROTECTING,Field_10,1,PROTECTING,Field_2,1,PROTECTING,Field_12,1,PROTECTING,Field_7,1,PROTECTING,Field_4,1,PROTECTING,Field_2,1,PROTECTING,Field_2,1,PROTECTING,Field_1,1,PROTECTING,Field_2,1,PROTECTING,Field_10,1,PROTECTING,Field_3,1,PROTECTING,Field_10,1,PROTECTING,Field_4,1,PROTECTING,Field_9,1,PROTECTING,Field_4,1,PROTECTING,Field_7,1,PROTECTING,Field_4,1,PROTECTING,Field_9,1,PROTECTING,Field_4,1,MOVING_TO_FIELD,Field_5,1,PROTECTING,Field_1,1,PROTECTING,Field_4,16,0.06,2,0,0,6,0.12,6,0,0,25,0.00,1,0,0,1,0.04,6,0,0,1,0.12,0,1,9,2,0.06,0,0,3,12,0.06,2,0,0,9,0.07,0,0,1,22,0.15,2,0,0,6,0.02,3,0,0,8,0.11,0,0,2,15,0.03,1,0,0
238,124,0,0,23,0,1,0,1,PROTECTING,Field_2,1,PROTECTING,Field_2,1,PROTECTING,Field_10,1,PROTECTING,Field_2,1,PROTECTING,Field_12,1,PROTECTING,Field_7,1,PROTECTING,Field_4,1,PROTECTING,Field_2,1,PROTECTING,Field_2,1,PROTECTING,Field_1,1,PROTECTING,Field_2,1,PROTECTING,Field_10,1,PROTECTING,Field_3,1,PROTECTING,Field_10,1,PROTECTING,Field_4,1,PROTECTING,Field_9,1,PROTECTING,Field_4,1,PROTECTING,Field_7,1,PROTECTING,Field_4,1,PROTECTING,Field_9,1,PROTECTING,Field_4,1,MOVING_TO_FIELD,Field_5,1,PROTECTING,Field_1,1,PROTECTING,Field_4,16,0.06,2,0,0,6,0.10,6,0,0,25,0.00,1,0,0,1,0.04,6,0,0,1,0.11,0,1,9,2,0.06,0,0,3,12,0.05,2,0,0,10,0.07,0,0,1,22,0.14,2,0,0,6,0.02,3,0,0,8,0.11,0,0,2,15,0.03,1,0,0
239,124,0,0,23,0,1,0,1,PROTECTING,Field_2,1,PROTECTING,Field_2,1,PROTECTING,Field_10,1,PROTECTING,Field_2,1,PROTECTING,Field_12,1,PROTECTING,Field_7,1,PROTECTING,Field_4,1,PROTECTING,Field_2,1,PROTECTING,Field_2,1,PROTECTING,Field_1,1,PROTECTING,Field_2,1,PROTECTING,Field_10,1,PROTECTING,Field_3,1,PROTECTING,Field_10,1,PROTECTING,Field_4,1,PROTECTING,Field_9,1,PROTECTING,Field_4,1,PROTECTING,Field_7,1,PROTECTING,Field_4,1,PROTECTING,Field_9,1,PROTECTING,Field_4,1,MOVING_TO_FIELD,Field_5,1,PROTECTING,Field_1,1,PROTECTING,Field_4,16,0.06,2,0,0,6,0.11,6,0,0,25,0.00,1,0,0,1,0.05,6,0,0,1,0.12,0,1,9,2,0.06,0,0,3,12,0.05,2,0,0,10,0.05,0,0,1,22,0.12,2,0,0,6,0.02,3,0,0,8,0.11,0,0,2,15,0.03,1,0,0
240,124,0,0,23,0,1,0,1,PROTECTING,Field_2,1,PROTECTING,Field_2,1,PROTECTING,Field_10,1,PROTECTING,Field_2,1,PROTECTING,Field_12,1,PROTECTING,Field_7,1,PROTECTING,Field_4,1,PROTECTING,Field_2,1,PROTECTING,Field_2,1,PROTECTING,Field_1,1,PROTECTING,Field_2,1,PROTECTING,Field_10,1,PROTECTING,Field_3,1,PROTECTING,Field_10,1,PROTECTING,Field_4,1,PROTECTING,Field_9,1,PROTECTING,Field_4,1,PROTECTING,Field_7,1,PROTECTING,Field_4,1,PROTECTING,Field_9,1,PROTECTING,Field_4,1,MOVING_TO_FIELD,Field_5,1,PROTECTING,Field_1,1,PROTECTING,Field_4,16,0.06,2,0,0,6,0.11,6,0,0,25,0.00,1,0,0,1,0.05,6,0,0,1,0.14,0,1,9,2,0.06,0,0,3,12,0.06,2,0,0,10,0.05,0,0,1,22,0.12,2,0,0,6,0.02,3,0,0,8,0.09,0,0,2,15,0.03,1,0,0
241,124,0,0,5,0,19,0,1,MOVING_TO_FIELD,Field_9,1,MOVING_TO_FIELD,Field_5,1,MOVING_TO_FIELD,Field_11,1,PROTECTING,Field_2,1,MOVING_TO_FIELD,Field_6,1,MOVING_TO_FIELD,Field_6,1,MOVING_TO_FIELD,Field_2,1,MOVING_TO_FIELD,Field_5,1,PROTECTING,Field_2,1,PROTECTING,Field_1,1,PROTECTING,Field_2,1,MOVING_TO_FIELD,Field_11,1,MOVING_TO_FIELD,Field_9,1,MOVING_TO_FIELD,Field_6,1,MOVING_TO_FIELD,Field_5,1,MOVING_TO_FIELD,Field_5,1,MOVING_TO_FIELD,Field_5,1,MOVING_TO_FIELD,Field_5,1,MOVING_TO_FIELD,Field_2,1,MOVING_TO_FIELD,Field_5,1,MOVING_TO_FIELD,Field_5,1,MOVING_TO_FIELD,Field_5,1,PROTECTING,Field_1,1,MOVING_TO_FIELD,Field_2,16,0.06,2,0,0,6,0.10,3,3,3,25,0.00,0,0,1,1,0.05,0,0,6,1,0.14,0,9,9,2,0.06,0,3,3,12,0.06,0,0,2,10,0.05,0,0,1,22,0.12,0,2,2,6,0.02,0,0,3,8,0.09,0,2,2,15,0.03,0,0,1
242,124,0,0,5,0,19,0,1,MOVING_TO_FIELD,Field_9,1,MOVING_TO_FIELD,Field_5,1,MOVING_TO_FIELD,Field_11,1,PROTECTING,Field_2,1,MOVING_TO_FIELD,Field_6,1,MOVING_TO_FIELD,Field_6,1,MOVING_TO_FIELD,Field_2,1,MOVING_TO_FIELD,Field_5,1,PROTECTING,Field_2,1,PROTECTING,Field_1,1,PROTECTING,Field_2,1,MOVING_TO_FIELD,Field_11,1,MOVING_TO_FIELD,Field_9,1,MOVING_TO_FIELD,Field_6,1,MOVING_TO_FIELD,Field_5,1,MOVING_TO_FIELD,Field_5,1,MOVING_TO_FIELD,Field_5,1,MOVING_TO_FIELD,Field_5,1,MOVING_TO_FIELD,Field_2,1,MOVING_TO_FIELD,Field_5,1,MOVING_TO_FIELD,Field_5,1,MOVING_TO_FIELD,Field_5,1,PROTECTING,Field_1,1,MOVING_TO_FIELD,Field_2,16,0.06,2,0,0,6,0.09,3,3,3,25,0.00,0,0,1,1,0.05,0,0,6,1,0.14,0,9,9,2,0.06,0,3,3,12,0.06,0,0,2,10,0.05,0,0,1,22,0.10,0,2,2,6,0.02,0,0,3,8,0.09,0,2,2,15,0.03,0,0,1
243,124,0,0,5,0,19,0,1,MOVING_TO_FIELD,Field_9,1,MOVING_TO_FIELD,Field_5,1,MOVING_TO_FIELD,Field_11,1,PROTECTING,Field_2,1,MOVING_TO_FIELD,Field_6,1,MOVING_TO_FIELD,Field_6,1,MOVING_TO_FIELD,Field_2,1,MOVING_TO_FIELD,Field_5,1,PROTECTING,Field_2,1,PROTECTING,Field_1,1,PROTECTING,Field_2,1,MOVING_TO_FIELD,Field_11,1,MOVING_TO_FIELD,Field_9,1,MOVING_TO_FIELD,Field_6,1,MOVING_TO_FIELD,Field_5,1,MOVING_TO_FIELD,Field_5,1,MOVING_TO_FIELD,Field_5,1,MOVING_TO_FIELD,Field_5,1,MOVING_TO_FIELD,Field_2,1,MOVING_TO_FIELD,Field_5,1,MOVING_TO_FIELD,Field_5,1,MOVING_TO_FIELD,Field_5,1,PROTECTING,Field_1,1,MOVING_TO_FIELD,Field_2,16,0.06,2,0,0,6,0.11,3,3,3,25,0.00,0,0,1,1,0.07,0,0,6,1,0.13,0,9,9,2,0.05,0,3,3,12,0.05,0,0,2,10,0.02,0,0,1,22,0.09,0,2,2,6,0.02,0,0,3,8,0.12,0,2,2,15,0.00,0,0,1
244,124,0,0,5,0,19,0,1,MOVING_TO_FIELD,Field_9,1,MOVING_TO_FIELD,Field_5,1,MOVING_TO_FIELD,Field_11,1,PROTECTING,Field_2,1,MOVING_TO_FIELD,Field_6,1,MOVING_TO_FIELD,Field_6,1,MOVING_TO_FIELD,Field_2,1,MOVING_TO_FIELD,Field_5,1,PROTECTING,Field_2,1,PROTECTING,Field_1,1,PROTECTING,Field_2,1,MOVING_TO_FIELD,Field_11,1,MOVING_TO_FIELD,Field_9,1,MOVING_TO_FIELD,Field_6,1,MOVING_TO_FIELD,Field_5,1,MOVING_TO_FIELD,Field_5,1,MOVING_TO_FIELD,Field_5,1,MOVING_TO_FIELD,Field_5,1,MOVING_TO_FIELD,Field_2,1,MOVING_TO_FIELD,Field_5,1,MOVING_TO_FIELD,Field_5,1,MOVING_TO_FIELD,Field_5,1,PROTECTING,Field_1,1,MOVING_TO_FIELD,Field_2,16,0.05,2,0,0,6,0.11,3,3,3,25,0.00,0,0,1,1,0.07,0,0,6,1,0.15,0,9,9,2,0.05,0,3,3,12,0.05,0,0,2,10,0.02,0,0,1,22,0.07,0,2,2,6,0.02,0,0,3,8,0.11,0,2,2,15,0.00,0,0,1
245,125,0,0,5,0,19,0,1,MOVING_TO_FIELD,Field_9,1,MOVING_TO_FIELD,Field_5,1,MOVING_TO_FIELD,Field_11,1,PROTECTING,Field_2,1,MOVING_TO_FIELD,Field_6,1,MOVING_TO_FIELD,Field_6,1,MOVING_TO_FIELD,Field_2,1,MOVING_TO_FIELD,Field_5,1,PROTECTING,Field_2,1,PROTECTING,Field_1,1,PROTECTING,Field_2,1,MOVING_TO_FIELD,Field_11,1,MOVING_TO_FIELD,Field_9,1,MOVING_TO_FIELD,Field_6,1,MOVING_TO_FIELD,Field_5,1,MOVING_TO_FIELD,Field_5,1,MOVING_TO_FIELD,Field_5,1,MOVING_TO_FIELD,Field_5,1,MOVING_TO_FIELD,Field_2,1,MOVING_TO_FIELD,Field_5,1,MOVING_TO_FIELD,Field_5,1,MOVING_TO_FIELD,Field_5,1,PROTECTING,Field_1,1,MOVING_TO_FIELD,Field_2,16,0.06,2,0,0,6,0.09,3,3,3,25,0.00,0,0,1,1,0.05,0,0,6,1,0.15,0,9,9,2,0.06,0,3,3,12,0.06,0,0,2,10,0.02,0,0,1,22,0.07,0,2,2,6,0.03,0,0,3,9,0.12,0,2,2,15,0.00,0,0,1
246,125,0,0,8,0,16,0,1,MOVING_TO_FIELD,Field_9,1,PROTECTING,Field_5,1,MOVING_TO_FIELD,Field_11,1,PROTECTING,Field_2,1,MOVING_TO_FIELD,Field_6,1,PROTECTING,Field_6,1,MOVING_TO_FIELD,Field_2,1,MOVING_TO_FIELD,Field_5,1,PROTECTING,Field_2,1,PROTECTING,Field_1,1,PROTECTING,Field_2,1,MOVING_TO_FIELD,Field_11,1,MOVING_TO_FIELD,Field_9,1,MOVING_TO_FIELD,Field_6,1,MOVING_TO_FIELD,Field_5,1,MOVING_TO_FIELD,Field_5,1,MOVING_TO_FIELD,Field_5,1,MOVING_TO_FIELD,Field_5,1,MOVING_TO_FIELD,Field_2,1,MOVING_TO_FIELD,Field_5,1,MOVING_TO_FIELD,Field_5,1,PROTECTING,Field_5,1,PROTECTING,Field_1,1,MOVING_TO_FIELD,Field_2,16,0.06,2,0,0,6,0.09,3,3,3,25,0.00,0,0,1,1,0.05,0,0,6,1,0.16,2,7,7,2,0.07,1,2,2,12,0.06,0,0,2,10,0.02,0,0,1,22,0.07,0,2,2,6,0.03,0,0,3,9,0.11,0,2,2,15,0.00,0,0,1
247,125,0,0,8,0,16,0,1,MOVING_TO_FIELD,Field_9,1,PROTECTING,Field_5,1,MOVING_TO_FIELD,Field_11,1,PROTECTING,Field_2,1,MOVING_TO_FIELD,Field_6,1,PROTECTING,Field_6,1,MOVING_TO_FIELD,Field_2,1,MOVING_TO_FIELD,Field_5,1,PROTECTING,Field_2,1,PROTECTING,Field_1,1,PROTECTING,Field_2,1,MOVING_TO_FIELD,Field_11,1,MOVING_TO_FIELD,Field_9,1,MOVING_TO_FIELD,Field_6,1,MOVING_TO_FIELD,Field_5,1,MOVING_TO_FIELD,Field_5,1,MOVING_TO_FIELD,Field_5,1,MOVING_TO_FIELD,Field_5,1,MOVING_TO_FIELD,Field_2,1,MOVING_TO_FIELD,Field_5,1,MOVING_TO_FIELD,Field_5,1,PROTECTING,Field_5,1,PROTECTING,Field_1,1,MOVING_TO_FIELD,Field_2,16,0.06,2,0,0,6,0.08,3,3,3,25,0.00,0,0,1,1,0.05,0,0,6,1,0.18,2,7,7,2,0.07,1,2,2,12,0.06,0,0,2,10,0.02,0,0,1,22,0.07,0,2,2,6,0.05,0,0,3,9,0.11,0,2,2,15,0.00,0,0,1
248,125,0,0,8,0,16,0,1,MOVING_TO_FIELD,Field_9,1,PROTECTING,Field_5,1,MOVING_TO_FIELD,Field_11,1,PROTECTING,Field_2,1,MOVING_TO_FIELD,Field_6,1,PROTECTING,Field_6,1,MOVING_TO_FIELD,Field_2,1,MOVING_TO_FIELD,Field_5,1,PROTECTING,Field_2,1,PROTECTING,Field_1,1,PROTECTING,Field_2,1,MOVING_TO_FIELD,Field_11,1,MOVING_TO_FIELD,Field_9,1,MOVING_TO_FIELD,Field_6,1,MOVING_TO_FIELD,Field_5,1,MOVING_TO_FIELD,Field_5,1,MOVING_TO_FIELD,Field_5,1,MOVING_TO_FIELD,Field_5,1,MOVING_TO_FIELD,Field_2,1,MOVING_TO_FIELD,Field_5,1,MOVING_TO_FIELD,Field_5,1,PROTECTING,Field_5,1,PROTECTING,Field_1,1,MOVING_TO_FIELD,Field_2,16,0.05,2,0,0,6,0.08,3,3,3,25,0.03,0,0,1,1,0.07,0,0,6,1,0.18,2,7,7,2,0.08,1,2,2,12,0.07,0,0,2,10,0.02,0,0,1,22,0.06,0,2,2,6,0.03,0,0,3,9,0.11,0,2,2,15,0.00,0,0,1
249,125,0,0,10,0,14,0,1,MOVING_TO_FIELD,Field_9,1,PROTECTING,Field_5,1,MOVING_TO_FIELD,Field_11,1,PROTECTING,Field_2,1,MOVING_TO_FIELD,Field_6,1,PROTECTING,Field_6,1,MOVING_TO_FIELD,Field_2,1,MOVING_TO_FIELD,Field_5,1,PROTECTING,Field_2,1,PROTECTING,Field_1,1,PROTECTING,Field_2,1,MOVING_TO_FIELD,Field_11,1,MOVING_TO_FIELD,Field_9,1,MOVING_TO_FIELD,Field_6,1,PROTECTING,Field_5,1,MOVING_TO_FIELD,Field_5,1,PROTECTING,Field_5,1,MOVING_TO_FIELD,Field_5,1,MOVING_TO_FIELD,Field_2,1,MOVING_TO_FIELD,Field_5,1,MOVING_TO_FIELD,Field_5,1,PROTECTING,Field_5,1,PROTECTING,Field_1,1,MOVING_TO_FIELD,Field_2,16,0.05,2,0,0,6,0.08,3,3,3,25,0.03,0,0,1,1,0.07,0,0,6,1,0.20,4,5,5,2,0.08,1,2,2,12,0.07,0,0,2,10,0.07,0,0,1,22,0.05,0,2,2,6,0.03,0,0,3,9,0.11,0,2,2,15,0.00,0,0,1
250,125,0,0,11,0,13,0,1,MOVING_TO_FIELD,Field_9,1,PROTECTING,Field_5,1,MOVING_TO_FIELD,Field_11,1,PROTECTING,Field_2,1,MOVING_TO_FIELD,Field_6,1,PROTECTING,Field_6,1,MOVING_TO_FIELD,Field_2,1,MOVING_TO_FIELD,Field_5,1,PROTECTING,Field_2,1,PROTECTING,Field_1,1,PROTECTING,Field_2,1,MOVING_TO_FIELD,Field_11,1,PROTECTING,Field_9,1,MOVING_TO_FIELD,Field_6,1,PROTECTING,Field_5,1,MOVING_TO_FIELD,Field_5,1,PROTECTING,Field_5,1,MOVING_TO_FIELD,Field_5,1,MOVING_TO_FIELD,Field_2,1,MOVING_TO_FIELD,Field_5,1,MOVING_TO_FIELD,Field_5,1,PROTECTING,Field_5,1,PROTECTING,Field_1,1,MOVING_TO_FIELD,Field_2,16,0.03,2,0,0,6,0.09,3,3,3,25,0.03,0,0,1,1,0.07,0,0,6,1,0.21,4,5,5,2,0.08,1,2,2,12,0.08,0,0,2,10,0.05,0,0,1,22,0.05,1,1,1,6,0.03,0,0,3,9,0.11,0,2,2,15,0.00,0,0,1
251,125,0,0,10,0,14,0,1,MOVING_TO_FIELD,Field_8,1,PROTECTING,Field_5,1,MOVING_TO_FIELD,Field_11,1,PROTECTING,Field_2,1,PROTECTING,Field_6,1,PROTECTING,Field_6,1,MOVING_TO_FIELD,Field_2,1,MOVING_TO_FIELD,Field_5,1,PROTECTING,Field_2,1,MOVING_TO_FIELD,Field_7,1,PROTECTING,Field_2,1,MOVING_TO_FIELD,Field_11,1,MOVING_TO_FIELD,Field_7,1,MOVING_TO_FIELD,Field_6,1,PROTECTING,Field_5,1,PROTECTING,Field_5,1,PROTECTING,Field_5,1,MOVING_TO_FIELD,Field_5,1,MOVING_TO_FIELD,Field_2,1,MOVING_TO_FIELD,Field_5,1,MOVING_TO_FIELD,Field_5,1,PROTECTING,Field_5,1,MOVING_TO_FIELD,Field_3,1,MOVING_TO_FIELD,Field_2,16,0.03,0,0,2,6,0.10,3,3,3,25,0.03,0,1,1,1,0.07,0,0,6,1,0.21,5,4,4,2,0.08,2,1,1,12,0.08,0,2,2,10,0.05,0,1,1,22,0.05,0,0,2,6,0.03,0,0,3,9,0.11,0,2,2,15,0.00,0,0,1
252,125,0,0,12,0,12,0,1,MOVING_TO_FIELD,Field_8,1,PROTECTING,Field_5,1,MOVING_TO_FIELD,Field_11,1,PROTECTING,Field_2,1,PROTECTING,Field_6,1,PROTECTING,Field_6,1,PROTECTING,Field_2,1,PROTECTING,Field_5,1,PROTECTING,Field_2,1,MOVING_TO_FIELD,Field_7,1,PROTECTING,Field_2,1,MOVING_TO_FIELD,Field_11,1,MOVING_TO_FIELD,Field_7,1,MOVING_TO_FIELD,Field_6,1,PROTECTING,Field_5,1,PROTECTING,Field_5,1,PROTECTING,Field_5,1,MOVING_TO_FIELD,Field_5,1,MOVING_TO_FIELD,Field_2,1,MOVING_TO_FIELD,Field_5,1,MOVING_TO_FIELD,Field_5,1,PROTECTING,Field_5,1,MOVING_TO_FIELD,Field_3,1,MOVING_TO_FIELD,Field_2,16,0.03,0,0,2,6,0.10,4,2,2,25,0.01,0,1,1,1,0.05,0,0,6,1,0.22,6,3,3,2,0.08,2,1,1,12,0.08,0,2,2,10,0.02,0,1,1,22,0.05,0,0,2,6,0.03,0,0,3,9,0.11,0,2,2,15,0.00,0,0,1
253,125,0,0,13,0,11,0,1,MOVING_TO_FIELD,Field_8,1,PROTECTING,Field_5,1,MOVING_TO_FIELD,Field_11,1,PROTECTING,Field_2,1,PROTECTING,Field_6,1,PROTECTING,Field_6,1,PROTECTING,Field_2,1,PROTECTING,Field_5,1,PROTECTING,Field_2,1,MOVING_TO_FIELD,Field_7,1,PROTECTING,Field_2,1,MOVING_TO_FIELD,Field_11,1,MOVING_TO_FIELD,Field_7,1,MOVING_TO_FIELD,Field_6,1,PROTECTING,Field_5,1,PROTECTING,Field_5,1,PROTECTING,Field_5,1,PROTECTING,Field_5,1,MOVING_TO_FIELD,Field_2,1,MOVING_TO_FIELD,Field_5,1,MOVING_TO_FIELD,Field_5,1,PROTECTING,Field_5,1,MOVING_TO_FIELD,Field_3,1,MOVING_TO_FIELD,Field_2,16,0.00,0,0,2,6,0.10,4,2,2,25,0.01,0,1,1,1,0.05,0,0,6,1,0.21,7,2,2,2,0.09,2,1,1,12,0.08,0,2,2,10,0.02,0,1,1,22,0.05,0,0,2,6,0.03,0,0,3,9,0.09,0,2,2,15,0.00,0,0,1
254,125,0,0,14,0,10,0,1,MOVING_TO_FIELD,Field_8,1,PROTECTING,Field_5,1,MOVING_TO_FIELD,Field_11,1,PROTECTING,Field_2,1,PROTECTING,Field_6,1,PROTECTING,Field_6,1,PROTECTING,Field_2,1,PROTECTING,Field_5,1,PROTECTING,Field_2,1,MOVING_TO_FIELD,Field_7,1,PROTECTING,Field_2,1,MOVING_TO_FIELD,Field_11,1,MOVING_TO_FIELD,Field_7,1,MOVING_TO_FIELD,Field_6,1,PROTECTING,Field_5,1,PROTECTING,Field_5,1,PROTECTING,Field_5,1,PROTECTING,Field_5,1,MOVING_TO_FIELD,Field_2,1,PROTECTING,Field_5,1,MOVING_TO_FIELD,Field_5,1,PROTECTING,Field_5,1,MOVING_TO_FIELD,Field_3,1,MOVING_TO_FIELD,Field_2,16,0.00,0,0,2,6,0.10,4,2,2,25,0.01,0,1,1,1,0.05,0,0,6,1,0.22,8,1,1,2,0.09,2,1,1,12,0.07,0,2,2,10,0.05,0,1,1,22,0.05,0,0,2,6,0.03,0,0,3,9,0.12,0,2,2,15,0.00,0,0,1
255,125,0,0,14,0,10,0,1,MOVING_TO_FIELD,Field_8,1,PROTECTING,Field_5,1,MOVING_TO_FIELD,Field_11,1,PROTECTING,Field_2,1,PROTECTING,Field_6,1,PROTECTING,Field_6,1,PROTECTING,Field_2,1,PROTECTING,Field_5,1,PROTECTING,Field_2,1,MOVING_TO_FIELD,Field_7,1,PROTECTING,Field_2,1,MOVING_TO_FIELD,Field_11,1,MOVING_TO_FIELD,Field_7,1,MOVING_TO_FIELD,Field_6,1,PROTECTING,Field_5,1,PROTECTING,Field_5,1,PROTECTING,Field_5,1,PROTECTING,Field_5,1,MOVING_TO_FIELD,Field_2,1,PROTECTING,Field_5,1,MOVING_TO_FIELD,Field_5,1,PROTECTING,Field_5,1,MOVING_TO_FIELD,Field_3,1,MOVING_TO_FIELD,Field_2,16,0.00,0,0,2,6,0.10,4,2,2,25,0.03,0,1,1,1,0.05,0,0,6,1,0.22,8,1,1,2,0.11,2,1,1,12,0.07,0,2,2,10,0.05,0,1,1,22,0.06,0,0,2,6,0.03,0,0,3,9,0.14,0,2,2,15,0.00,0,0,1
256,125,0,0,15,0,9,0,1,MOVING_TO_FIELD,Field_8,1,PROTECTING,Field_5,1,MOVING_TO_FIELD,Field_11,1,PROTECTING,Field_2,1,PROTECTING,Field_6,1,PROTECTING,Field_6,1,PROTECTING,Field_2,1,PROTECTING,Field_5,1,PROTECTING,Field_2,1,MOVING_TO_FIELD,Field_7,1,PROTECTING,Field_2,1,MOVING_TO_FIELD,Field_11,1,MOVING_TO_FIELD,Field_7,1,MOVING_TO_FIELD,Field_6,1,PROTECTING,Field_5,1,PROTECTING,Field_5,1,PROTECTING,Field_5,1,PROTECTING,Field_5,1,PROTECTING,Field_2,1,PROTECTING,Field_5,1,MOVING_TO_FIELD,Field_5,1,PROTECTING,Field_5,1,MOVING_TO_FIELD,Field_3,1,MOVING_TO_FIELD,Field_2,16,0.00,0,0,2,6,0.08,5,1,1,25,0.03,0,1,1,1,0.05,0,0,6,1,0.23,8,1,1,2,0.13,2,1,1,12,0.07,0,2,2,10,0.05,0,1,1,22,0.05,0,0,2,6,0.03,0,0,3,9,0.14,0,2,2,15,0.00,0,0,1
257,125,0,0,17,0,7,0,1,MOVING_TO_FIELD,Field_8,1,PROTECTING,Field_5,1,PROTECTING,Field_11,1,PROTECTING,Field_2,1,PROTECTING,Field_6,1,PROTECTING,Field_6,1,PROTECTING,Field_2,1,PROTECTING,Field_5,1,PROTECTING,Field_2,1,MOVING_TO_FIELD,Field_7,1,PROTECTING,Field_2,1,MOVING_TO_FIELD,Field_11,1,MOVING_TO_FIELD,Field_7,1,MOVING_TO_FIELD,Field_6,1,PROTECTING,Field_5,1,PROTECTING,Field_5,1,PROTECTING,Field_5,1,PROTECTING,Field_5,1,PROTECTING,Field_2,1,PROTECTING,Field_5,1,PROTECTING,Field_5,1,PROTECTING,Field_5,1,MOVING_TO_FIELD,Field_3,1,MOVING_TO_FIELD,Field_2,16,0.00,0,0,2,6,0.08,5,1,1,25,0.03,0,1,1,1,0.05,0,0,6,1,0.23,9,0,0,2,0.12,2,1,1,12,0.08,0,2,2,10,0.05,0,1,1,22,0.05,0,0,2,6,0.03,0,0,3,9,0.12,1,1,1,15,0.00,0,0,1
258,125,0,0,17,0,7,0,1,MOVING_TO_FIELD,Field_8,1,PROTECTING,Field_5,1,PROTECTING,Field_11,1,PROTECTING,Field_2,1,PROTECTING,Field_6,1,PROTECTING,Field_6,1,PROTECTING,Field_2,1,PROTECTING,Field_5,1,PROTECTING,Field_2,1,MOVING_TO_FIELD,Field_7,1,PROTECTING,Field_2,1,MOVING_TO_FIELD,Field_11,1,MOVING_TO_FIELD,Field_7,1,MOVING_TO_FIELD,Field_6,1,PROTECTING,Field_5,1,PROTECTING,Field_5,1,PROTECTING,Field_5,1,PROTECTING,Field_5,1,PROTECTING,Field_2,1,PROTECTING,Field_5,1,PROTECTING,Field_5,1,PROTECTING,Field_5,1,MOVING_TO_FIELD,Field_3,1,MOVING_TO_FIELD,Field_2,16,0.00,0,0,2,6,0.08,5,1,1,25,0.03,0,1,1,1,0.05,0,0,6,1,0.24,9,0,0,2,0.13,2,1,1,12,0.08,0,2,2,10,0.05,0,1,1,22,0.05,0,0,2,6,0.03,0,0,3,9,0.12,1,1,1,15,0.03,0,0,1
259,125,0,0,18,0,6,0,1,MOVING_TO_FIELD,Field_8,1,PROTECTING,Field_5,1,PROTECTING,Field_11,1,PROTECTING,Field_2,1,PROTECTING,Field_6,1,PROTECTING,Field_6,1,PROTECTING,Field_2,1,PROTECTING,Field_5,1,PROTECTING,Field_2,1,PROTECTING,Field_7,1,PROTECTING,Field_2,1,MOVING_TO_FIELD,Field_11,1,MOVING_TO_FIELD,Field_7,1,MOVING_TO_FIELD,Field_6,1,PROTECTING,Field_5,1,PROTECTING,Field_5,1,PROTECTING,Field_5,1,PROTECTING,Field_5,1,PROTECTING,Field_2,1,PROTECTING,Field_5,1,PROTECTING,Field_5,1,PROTECTING,Field_5,1,MOVING_TO_FIELD,Field_3,1,MOVING_TO_FIELD,Field_2,16,0.00,0,0,2,6,0.08,5,1,1,25,0.03,0,1,1,1,0.05,0,0,6,1,0.25,9,0,0,2,0.13,2,1,1,12,0.09,1,1,1,10,0.05,0,1,1,22,0.05,0,0,2,6,0.03,0,0,3,9,0.16,1,1,1,15,0.03,0,0,1
260,125,0,0,19,0,5,0,1,MOVING_TO_FIELD,Field_8,1,PROTECTING,Field_5,1,PROTECTING,Field_11,1,PROTECTING,Field_2,1,PROTECTING,Field_6,1,PROTECTING,Field_6,1,PROTECTING,Field_2,1,PROTECTING,Field_5,1,PROTECTING,Field_2,1,PROTECTING,Field_7,1,PROTECTING,Field_2,1,MOVING_TO_FIELD,Field_11,1,PROTECTING,Field_7,1,MOVING_TO_FIELD,Field_6,1,PROTECTING,Field_5,1,PROTECTING,Field_5,1,PROTECTING,Field_5,1,PROTECTING,Field_5,1,PROTECTING,Field_2,1,PROTECTING,Field_5,1,PROTECTING,Field_5,1,PROTECTING,Field_5,1,MOVING_TO_FIELD,Field_3,1,MOVING_TO_FIELD,Field_2,16,0.00,0,0,2,6,0.08,5,1,1,25,0.03,0,1,1,1,0.07,0,0,6,1,0.24,9,0,0,2,0.13,2,1,1,12,0.11,2,0,0,10,0.05,0,1,1,22,0.05,0,0,2,6,0.05,0,0,3,9,0.16,1,1,1,15,0.03,0,0,1
261,125,0,0,21,0,3,0,1,MOVING_TO_FIELD,Field_8,1,PROTECTING,Field_5,1,PROTECTING,Field_11,1,PROTECTING,Field_2,1,PROTECTING,Field_6,1,PROTECTING,Field_6,1,PROTECTING,Field_2,1,PROTECTING,Field_5,1,PROTECTING,Field_2,1,PROTECTING,Field_7,1,PROTECTING,Field_2,1,PROTECTING,Field_11,1,PROTECTING,Field_7,1,PROTECTING,Field_6,1,PROTECTING,Field_5,1,PROTECTING,Field_5,1,PROTECTING,Field_5,1,PROTECTING,Field_5,1,PROTECTING,Field_2,1,PROTECTING,Field_5,1,PROTECTING,Field_5,1,PROTECTING,Field_5,1,MOVING_TO_FIELD,Field_3,1,MOVING_TO_FIELD,Field_2,16,0.00,0,0,2,6,0.07,5,1,1,25,0.03,0,1,1,1,0.08,0,0,6,1,0.23,9,0,0,2,0.13,3,0,0,12,0.12,2,0,0,10,0.07,0,1,1,22,0.05,0,0,2,6,0.05,0,0,3,9,0.16,2,0,0,15,0.03,0,0,1
262,125,0,0,22,0,2,0,1,MOVING_TO_FIELD,Field_8,1,PROTECTING,Field_5,1,PROTECTING,Field_11,1,PROTECTING,Field_2,1,PROTECTING,Field_6,1,PROTECTING,Field_6,1,PROTECTING,Field_2,1,PROTECTING,Field_5,1,PROTECTING,Field_2,1,PROTECTING,Field_7,1,PROTECTING,Field_2,1,PROTECTING,Field_11,1,PROTECTING,Field_7,1,PROTECTING,Field_6,1,PROTECTING,Field_5,1,PROTECTING,Field_5,1,PROTECTING,Field_5,1,PROTECTING,Field_5,1,PROTECTING,Field_2,1,PROTECTING,Field_5,1,PROTECTING,Field_5,1,PROTECTING,Field_5,1,MOVING_TO_FIELD,Field_3,1,PROTECTING,Field_2,16,0.00,0,0,2,6,0.07,6,0,0,25,0.01,0,1,1,1,0.08,0,0,6,1,0.22,9,0,0,2,0.13,3,0,0,12,0.11,2,0,0,10,0.07,0,1,1,22,0.09,0,0,2,6,0.05,0,0,3,9,0.16,2,0,0,15,0.03,0,0,1
263,125,0,0,22,0,2,0,1,MOVING_TO_FIELD,Field_8,1,PROTECTING,Field_5,1,PROTECTING,Field_11,1,PROTECTING,Field_2,1,PROTECTING,Field_6,1,PROTECTING,Field_6,1,PROTECTING,Field_2,1,PROTECTING,Field_5,1,PROTECTING,Field_2,1,PROTECTING,Field_7,1,PROTECTING,Field_2,1,PROTECTING,Field_11,1,PROTECTING,Field_7,1,PROTECTING,Field_6,1,PROTECTING,Field_5,1,PROTECTING,Field_5,1,PROTECTING,Field_5,1,PROTECTING,Field_5,1,PROTECTING,Field_2,1,PROTECTING,Field_5,1,PROTECTING,Field_5,1,PROTECTING,Field_5,1,MOVING_TO_FIELD,Field_3,1,PROTECTING,Field_2,16,0.00,0,0,2,6,0.07,6,0,0,25,0.03,0,1,1,1,0.08,0,0,6,1,0.21,9,0,0,2,0.13,3,0,0,12,0.10,2,0,0,10,0.10,0,1,1,22,0.09,0,0,2,6,0.05,0,0,3,9,0.14,2,0,0,15,0.05,0,0,1
264,125,0,0,22,0,2,0,1,MOVING_TO_FIELD,Field_8,1,PROTECTING,Field_5,1,PROTECTING,Field_11,1,PROTECTING,Field_2,1,PROTECTING,Field_6,1,PROTECTING,Field_6,1,PROTECTING,Field_2,1,PROTECTING,Field_5,1,PROTECTING,Field_2,1,PROTECTING,Field_7,1,PROTECTING,Field_2,1,PROTECTING,Field_11,1,PROTECTING,Field_7,1,PROTECTING,Field_6,1,PROTECTING,Field_5,1,PROTECTING,Field_5,1,PROTECTING,Field_5,1,PROTECTING,Field_5,1,PROTECTING,Field_2,1,PROTECTING,Field_5,1,PROTECTING,Field_5,1,PROTECTING,Field_5,1,MOVING_TO_FIELD,Field_3,1,PROTECTING,Field_2,16,0.00,0,0,2,6,0.07,6,0,0,25,0.03,0,1,1,1,0.08,0,0,6,1,0.21,9,0,0,2,0.13,3,0,0,12,0.11,2,0,0,10,0.10,0,1,1,22,0.09,0,0,2,6,0.05,0,0,3,9,0.14,2,0,0,15,0.05,0,0,1
265,125,0,0,22,0,2,0,1,MOVING_TO_FIELD,Field_8,1,PROTECTING,Field_5,1,PROTECTING,Field_11,1,PROTECTING,Field_2,1,PROTECTING,Field_6,1,PROTECTING,Field_6,1,PROTECTING,Field_2,1,PROTECTING,Field_5,1,PROTECTING,Field_2,1,PROTECTING,Field_7,1,PROTECTING,Field_2,1,PROTECTING,Field_11,1,PROTECTING,Field_7,1,PROTECTING,Field_6,1,PROTECTING,Field_5,1,PROTECTING,Field_5,1,PROTECTING,Field_5,1,PROTECTING,Field_5,1,PROTECTING,Field_2,1,PROTECTING,Field_5,1,PROTECTING,Field_5,1,PROTECTING,Field_5,1,MOVING_TO_FIELD,Field_3,1,PROTECTING,Field_2,16,0.00,0,0,2,6,0.07,6,0,0,25,0.03,0,1,1,1,0.08,0,0,6,1,0.21,9,0,0,2,0.13,3,0,0,12,0.09,2,0,0,10,0.10,0,1,1,22,0.09,0,0,2,6,0.05,0,0,3,9,0.14,2,0,0,15,0.05,0,0,1
266,125,0,0,22,0,2,0,1,MOVING_TO_FIELD,Field_8,1,PROTECTING,Field_5,1,PROTECTING,Field_11,1,PROTECTING,Field_2,1,PROTECTING,Field_6,1,PROTECTING,Field_6,1,PROTECTING,Field_2,1,PROTECTING,Field_5,1,PROTECTING,Field_2,1,PROTECTING,Field_7,1,PROTECTING,Field_2,1,PROTECTING,Field_11,1,PROTECTING,Field_7,1,PROTECTING,Field_6,1,PROTECTING,Field_5,1,PROTECTING,Field_5,1,PROTECTING,Field_5,1,PROTECTING,Field_5,1,PROTECTING,Field_2,1,PROTECTING,Field_5,1,PROTECTING,Field_5,1,PROTECTING,Field_5,1,MOVING_TO_FIELD,Field_3,1,PROTECTING,Field_2,16,0.00,0,0,2,6,0.07,6,0,0,25,0.03,0,1,1,1,0.08,0,0,6,1,0.21,9,0,0,2,0.11,3,0,0,12,0.10,2,0,0,10,0.12,0,1,1,22,0.11,0,0,2,6,0.05,0,0,3,9,0.12,2,0,0,15,0.08,0,0,1
267,125,0,0,23,0,1,0,1,PROTECTING,Field_8,1,PROTECTING,Field_5,1,PROTECTING,Field_11,1,PROTECTING,Field_2,1,PROTECTING,Field_6,1,PROTECTING,Field_6,1,PROTECTING,Field_2,1,PROTECTING,Field_5,1,PROTECTING,Field_2,1,PROTECTING,Field_7,1,PROTECTING,Field_2,1,PROTECTING,Field_11,1,PROTECTING,Field_7,1,PROTECTING,Field_6,1,PROTECTING,Field_5,1,PROTECTING,Field_5,1,PROTECTING,Field_5,1,PROTECTING,Field_5,1,PROTECTING,Field_2,1,PROTECTING,Field_5,1,PROTECTING,Field_5,1,PROTECTING,Field_5,1,MOVING_TO_FIELD,Field_3,1,PROTECTING,Field_2,16,0.00,0,0,2,6,0.06,6,0,0,25,0.03,0,1,1,1,0.08,0,0,6,1,0.21,9,0,0,2,0.11,3,0,0,12,0.10,2,0,0,10,0.15,1,0,0,22,0.10,0,0,2,6,0.05,0,0,3,9,0.12,2,0,0,15,0.08,0,0,1
268,125,0,0,23,0,1,0,1,PROTECTING,Field_8,1,PROTECTING,Field_5,1,PROTECTING,Field_11,1,PROTECTING,Field_2,1,PROTECTING,Field_6,1,PROTECTING,Field_6,1,PROTECTING,Field_2,1,PROTECTING,Field_5,1,PROTECTING,Field_2,1,PROTECTING,Field_7,1,PROTECTING,Field_2,1,PROTECTING,Field_11,1,PROTECTING,Field_7,1,PROTECTING,Field_6,1,PROTECTING,Field_5,1,PROTECTING,Field_5,1,PROTECTING,Field_5,1,PROTECTING,Field_5,1,PROTECTING,Field_2,1,PROTECTING,Field_5,1,PROTECTING,Field_5,1,PROTECTING,Field_5,1,MOVING_TO_FIELD,Field_3,1,PROTECTING,Field_2,16,0.00,0,0,2,6,0.06,6,0,0,25,0.03,0,1,1,1,0.08,0,0,6,1,0.21,9,0,0,2,0.08,3,0,0,12,0.09,2,0,0,10,0.15,1,0,0,22,0.08,0,0,2,6,0.07,0,0,3,9,0.09,2,0,0,15,0.08,0,0,1
269,125,0,0,23,0,1,0,1,PROTECTING,Field_8,1,PROTECTING,Field_5,1,PROTECTING,Field_11,1,PROTECTING,Field_2,1,PROTECTING,Field_6,1,PROTECTING,Field_6,1,PROTECTING,Field_2,1,PROTECTING,Field_5,1,PROTECTING,Field_2,1,PROTECTING,Field_7,1,PROTECTING,Field_2,1,PROTECTING,Field_11,1,PROTECTING,Field_7,1,PROTECTING,Field_6,1,PROTECTING,Field_5,1,PROTECTING,Field_5,1,PROTECTING,Field_5,1,PROTECTING,Field_5,1,PROTECTING,Field_2,1,PROTECTING,Field_5,1,PROTECTING,Field_5,1,PROTECTING,Field_5,1,MOVING_TO_FIELD,Field_3,1,PROTECTING,Field_2,16,0.00,0,0,2,6,0.06,6,0,0,25,0.03,0,1,1,1,0.08,0,0,6,1,0.21,9,0,0,2,0.08,3,0,0,12,0.09,2,0,0,10,0.15,1,0,0,22,0.07,0,0,2,6,0.07,0,0,3,9,0.09,2,0,0,15,0.08,0,0,1
270,125,0,0,24,0,0,0,1,PROTECTING,Field_8,1,PROTECTING,Field_5,1,PROTECTING,Field_11,1,PROTECTING,Field_2,1,PROTECTING,Field_6,1,PROTECTING,Field_6,1,PROTECTING,Field_2,1,PROTECTING,Field_5,1,PROTECTING,Field_2,1,PROTECTING,Field_7,1,PROTECTING,Field_2,1,PROTECTING,Field_11,1,PROTECTING,Field_7,1,PROTECTING,Field_6,1,PROTECTING,Field_5,1,PROTECTING,Field_5,1,PROTECTING,Field_5,1,PROTECTING,Field_5,1,PROTECTING,Field_2,1,PROTECTING,Field_5,1,PROTECTING,Field_5,1,PROTECTING,Field_5,1,PROTECTING,Field_3,1,PROTECTING,Field_2,16,0.02,0,0,2,6,0.06,6,0,0,25,0.03,1,0,0,1,0.07,0,0,6,1,0.21,9,0,0,2,0.07,3,0,0,12,0.10,2,0,0,10,0.15,1,0,0,22,0.08,0,0,2,6,0.07,0,0,3,9,0.05,2,0,0,15,0.08,0,0,1
271,125,0,0,15,0,9,0,1,PROTECTING,Field_8,1,PROTECTING,Field_5,1,MOVING_TO_FIELD,Field_4,1,MOVING_TO_FIELD,Field_4,1,PROTECTING,Field_6,1,PROTECTING,Field_6,1,MOVING_TO_FIELD,Field_9,1,PROTECTING,Field_5,1,MOVING_TO_FIELD,Field_4,1,PROTECTING,Field_7,1,MOVING_TO_FIELD,Field_4,1,MOVING_TO_FIELD,Field_4,1,PROTECTING,Field_7,1,PROTECTING,Field_6,1,PROTECTING,Field_5,1,PROTECTING,Field_5,1,PROTECTING,Field_5,1,PROTECTING,Field_5,1,MOVING_TO_FIELD,Field_4,1,PROTECTING,Field_5,1,PROTECTING,Field_5,1,PROTECTING,Field_5,1,MOVING_TO_FIELD,Field_12,1,MOVING_TO_FIELD,Field_9,16,0.02,0,0,2,6,0.06,0,0,6,25,0.03,0,0,1,1,0.07,0,6,6,1,0.21,9,0,0,2,0.07,3,0,0,12,0.09,2,0,0,10,0.15,1,0,0,22,0.09,0,2,2,6,0.07,0,0,3,9,0.05,0,0,2,15,0.08,0,1,1
272,125,0,0,15,0,9,0,1,PROTECTING,Field_8,1,PROTECTING,Field_5,1,MOVING_TO_FIELD,Field_4,1,MOVING_TO_FIELD,Field_4,1,PROTECTING,Field_6,1,PROTECTING,Field_6,1,MOVING_TO_FIELD,Field_9,1,PROTECTING,Field_5,1,MOVING_TO_FIELD,Field_4,1,PROTECTING,Field_7,1,MOVING_TO_FIELD,Field_4,1,MOVING_TO_FIELD,Field_4,1,PROTECTING,Field_7,1,PROTECTING,Field_6,1,PROTECTING,Field_5,1,PROTECTING,Field_5,1,PROTECTING,Field_5,1,PROTECTING,Field_5,1,MOVING_TO_FIELD,Field_4,1,PROTECTING,Field_5,1,PROTECTING,Field_5,1,PROTECTING,Field_5,1,MOVING_TO_FIELD,Field_12,1,MOVING_TO_FIELD,Field_9,16,0.02,0,0,2,6,0.06,0,0,6,25,0.03,0,0,1,1,0.07,0,6,6,1,0.21,9,0,0,2,0.07,3,0,0,12,0.08,2,0,0,10,0.15,1,0,0,22,0.09,0,2,2,6,0.07,0,0,3,9,0.05,0,0,2,15,0.08,0,1,1
273,125,0,0,15,0,9,0,1,PROTECTING,Field_8,1,PROTECTING,Field_5,1,MOVING_TO_FIELD,Field_4,1,MOVING_TO_FIELD,Field_4,1,PROTECTING,Field_6,1,PROTECTING,Field_6,1,MOVING_TO_FIELD,Field_9,1,PROTECTING,Field_5,1,MOVING_TO_FIELD,Field_4,1,PROTECTING,Field_7,1,MOVING_TO_FIELD,Field_4,1,MOVING_TO_FIELD,Field_4,1,PROTECTING,Field_7,1,PROTECTING,Field_6,1,PROTECTING,Field_5,1,PROTECTING,Field_5,1,PROTECTING,Field_5,1,PROTECTING,Field_5,1,MOVING_TO_FIELD,Field_4,1,PROTECTING,Field_5,1,PROTECTING,Field_5,1,PROTECTING,Field_5,1,MOVING_TO_FIELD,Field_12,1,MOVING_TO_FIELD,Field_9,16,0.02,0,0,2,6,0.06,0,0,6,25,0.04,0,0,1,1,0.07,0,6,6,1,0.22,9,0,0,2,0.05,3,0,0,12,0.07,2,0,0,10,0.15,1,0,0,22,0.10,0,2,2,6,0.07,0,0,3,9,0.05,0,0,2,15,0.08,0,1,1
274,125,0,0,15,0,9,0,1,PROTECTING,Field_8,1,PROTECTING,Field_5,1,MOVING_TO_FIELD,Field_4,1,MOVING_TO_FIELD,Field_4,1,PROTECTING,Field_6,1,PROTECTING,Field_6,1,MOVING_TO_FIELD,Field_9,1,PROTECTING,Field_5,1,MOVING_TO_FIELD,Field_4,1,PROTECTING,Field_7,1,MOVING_TO_FIELD,Field_4,1,MOVING_TO_FIELD,Field_4,1,PROTECTING,Field_7,1,PROTECTING,Field_6,1,PROTECTING,Field_5,1,PROTECTING,Field_5,1,PROTECTING,Field_5,1,PROTECTING,Field_5,1,MOVING_TO_FIELD,Field_4,1,PROTECTING,Field_5,1,PROTECTING,Field_5,1,PROTECTING,Field_5,1,MOVING_TO_FIELD,Field_12,1,MOVING_TO_FIELD,Field_9,16,0.03,0,0,2,6,0.05,0,0,6,25,0.03,0,0,1,1,0.04,0,6,6,1,0.21,9,0,0,2,0.04,3,0,0,12,0.07,2,0,0,10,0.15,1,0,0,22,0.10,0,2,2,6,0.07,0,0,3,9,0.05,0,0,2,15,0.05,0,1,1
275,125,0,0,15,0,9,0,1,PROTECTING,Field_8,1,PROTECTING,Field_5,1,MOVING_TO_FIELD,Field_4,1,MOVING_TO_FIELD,Field_4,1,PROTECTING,Field_6,1,PROTECTING,Field_6,1,MOVING_TO_FIELD,Field_9,1,PROTECTING,Field_5,1,MOVING_TO_FIELD,Field_4,1,PROTECTING,Field_7,1,MOVING_TO_FIELD,Field_4,1,MOVING_TO_FIELD,Field_4,1,PROTECTING,Field_7,1,PROTECTING,Field_6,1,PROTECTING,Field_5,1,PROTECTING,Field_5,1,PROTECTING,Field_5,1,PROTECTING,Field_5,1,MOVING_TO_FIELD,Field_4,1,PROTECTING,Field_5,1,PROTECTING,Field_5,1,PROTECTING,Field_5,1,MOVING_TO_FIELD,Field_12,1,MOVING_TO_FIELD,Field_9,16,0.03,0,0,2,6,0.05,0,0,6,25,0.03,0,0,1,1,0.04,0,6,6,1,0.21,9,0,0,2,0.04,3,0,0,12,0.06,2,0,0,10,0.15,1,0,0,22,0.09,0,2,2,6,0.07,0,0,3,9,0.05,0,0,2,15,0.05,0,1,1
276,125,0,0,15,0,9,0,1,PROTECTING,Field_8,1,PROTECTING,Field_5,1,MOVING_TO_FIELD,Field_4,1,MOVING_TO_FIELD,Field_4,1,PROTECTING,Field_6,1,PROTECTING,Field_6,1,MOVING_TO_FIELD,Field_9,1,PROTECTING,Field_5,1,MOVING_TO_FIELD,Field_4,1,PROTECTING,Field_7,1,MOVING_TO_FIELD,Field_4,1,MOVING_TO_FIELD,Field_4,1,PROTECTING,Field_7,1,PROTECTING,Field_6,1,PROTECTING,Field_5,1,PROTECTING,Field_5,1,PROTECTING,Field_5,1,PROTECTING,Field_5,1,MOVING_TO_FIELD,Field_4,1,PROTECTING,Field_5,1,PROTECTING,Field_5,1,PROTECTING,Field_5,1,MOVING_TO_FIELD,Field_12,1,MOVING_TO_FIELD,Field_9,16,0.03,0,0,2,6,0.04,0,0,6,25,0.03,0,0,1,1,0.04,0,6,6,1,0.20,9,0,0,2,0.01,3,0,0,12,0.06,2,0,0,10,0.15,1,0,0,22,0.10,0,2,2,6,0.07,0,0,3,9,0.05,0,0,2,15,0.08,0,1,1
277,125,0,0,15,0,9,0,1,PROTECTING,Field_8,1,PROTECTING,Field_5,1,MOVING_TO_FIELD,Field_4,1,MOVING_TO_FIELD,Field_4,1,PROTECTING,Field_6,1,PROTECTING,Field_6,1,MOVING_TO_FIELD,Field_9,1,PROTECTING,Field_5,1,MOVING_TO_FIELD,Field_4,1,PROTECTING,Field_7,1,MOVING_TO_FIELD,Field_4,1,MOVING_TO_FIELD,Field_4,1,PROTECTING,Field_7,1,PROTECTING,Field_6,1,PROTECTING,Field_5,1,PROTECTING,Field_5,1,PROTECTING,Field_5,1,PROTECTING,Field_5,1,MOVING_TO_FIELD,Field_4,1,PROTECTING,Field_5,1,PROTECTING,Field_5,1,PROTECTING,Field_5,1,MOVING_TO_FIELD,Field_12,1,MOVING_TO_FIELD,Field_9,16,0.02,0,0,2,6,0.04,0,0,6,25,0.03,0,0,1,1,0.04,0,6,6,1,0.19,9,0,0,2,0.01,3,0,0,12,0.05,2,0,0,10,0.12,1,0,0,22,0.10,0,2,2,6,0.07,0,0,3,9,0.05,0,0,2,15,0.10,0,1,1
278,125,0,0,17,0,7,0,1,PROTECTING,Field_8,1,PROTECTING,Field_5,1,MOVING_TO_FIELD,Field_4,1,MOVING_TO_FIELD,Field_4,1,PROTECTING,Field_6,1,PROTECTING,Field_6,1,PROTECTING,Field_9,1,PROTECTING,Field_5,1,MOVING_TO_FIELD,Field_4,1,PROTECTING,Field_7,1,MOVING_TO_FIELD,Field_4,1,MOVING_TO_FIELD,Field_4,1,PROTECTING,Field_7,1,PROTECTING,Field_6,1,PROTECTING,Field_5,1,PROTECTING,Field_5,1,PROTECTING,Field_5,1,PROTECTING,Field_5,1,MOVING_TO_FIELD,Field_4,1,PROTECTING,Field_5,1,PROTECTING,Field_5,1,PROTECTING,Field_5,1,MOVING_TO_FIELD,Field_12,1,PROTECTING,Field_9,16,0.02,0,0,2,6,0.04,0,0,6,25,0.03,0,0,1,1,0.04,0,6,6,1,0.18,9,0,0,2,0.02,3,0,0,12,0.05,2,0,0,10,0.07,1,0,0,22,0.11,2,0,0,6,0.07,0,0,3,9,0.04,0,0,2,15,0.10,0,1,1
279,125,0,0,18,0,6,0,1,PROTECTING,Field_8,1,PROTECTING,Field_5,1,MOVING_TO_FIELD,Field_4,1,PROTECTING,Field_4,1,PROTECTING,Field_6,1,PROTECTING,Field_6,1,PROTECTING,Field_9,1,PROTECTING,Field_5,1,MOVING_TO_FIELD,Field_4,1,PROTECTING,Field_7,1,MOVING_TO_FIELD,Field_4,1,MOVING_TO_FIELD,Field_4,1,PROTECTING,Field_7,1,PROTECTING,Field_6,1,PROTECTING,Field_5,1,PROTECTING,Field_5,1,PROTECTING,Field_5,1,PROTECTING,Field_5,1,MOVING_TO_FIELD,Field_4,1,PROTECTING,Field_5,1,PROTECTING,Field_5,1,PROTECTING,Field_5,1,MOVING_TO_FIELD,Field_12,1,PROTECTING,Field_9,16,0.02,0,0,2,6,0.04,0,0,6,25,0.04,0,0,1,1,0.03,1,5,5,1,0.18,9,0,0,2,0.04,3,0,0,12,0.04,2,0,0,10,0.02,1,0,0,22,0.10,2,0,0,6,0.07,0,0,3,9,0.04,0,0,2,15,0.10,0,1,1
280,125,0,0,18,0,6,0,1,PROTECTING,Field_8,1,PROTECTING,Field_5,1,MOVING_TO_FIELD,Field_4,1,PROTECTING,Field_4,1,PROTECTING,Field_6,1,PROTECTING,Field_6,1,PROTECTING,Field_9,1,PROTECTING,Field_5,1,MOVING_TO_FIELD,Field_4,1,PROTECTING,Field_7,1,MOVING_TO_FIELD,Field_4,1,MOVING_TO_FIELD,Field_4,1,PROTECTING,Field_7,1,PROTECTING,Field_6,1,PROTECTING,Field_5,1,PROTECTING,Field_5,1,PROTECTING,Field_5,1,PROTECTING,Field_5,1,MOVING_TO_FIELD,Field_4,1,PROTECTING,Field_5,1,PROTECTING,Field_5,1,PROTECTING,Field_5,1,MOVING_TO_FIELD,Field_12,1,PROTECTING,Field_9,16,0.02,0,0,2,6,0.04,0,0,6,25,0.04,0,0,1,1,0.03,1,5,5,1,0.16,9,0,0,2,0.04,3,0,0,12,0.03,2,0,0,10,0.02,1,0,0,22,0.10,2,0,0,6,0.07,0,0,3,9,0.04,0,0,2,15,0.10,0,1,1
281,125,0,0,14,0,10,0,1,MOVING_TO_FIELD,Field_2,1,PROTECTING,Field_5,1,MOVING_TO_FIELD,Field_2,1,MOVING_TO_FIELD,Field_2,1,PROTECTING,Field_6,1,PROTECTING,Field_6,1,PROTECTING,Field_9,1,PROTECTING,Field_5,1,MOVING_TO_FIELD,Field_2,1,MOVING_TO_FIELD,Field_10,1,MOVING_TO_FIELD,Field_2,1,MOVING_TO_FIELD,Field_10,1,MOVING_TO_FIELD,Field_10,1,PROTECTING,Field_6,1,PROTECTING,Field_5,1,PROTECTING,Field_5,1,PROTECTING,Field_5,1,PROTECTING,Field_5,1,MOVING_TO_FIELD,Field_2,1,PROTECTING,Field_5,1,PROTECTING,Field_5,1,PROTECTING,Field_5,1,MOVING_TO_FIELD,Field_12,1,PROTECTING,Field_9,16,0.02,0,0,2,6,0.03,0,6,6,25,0.04,0,0,1,1,0.03,0,0,6,1,0.15,9,0,0,2,0.04,3,0,0,12,0.03,0,0,2,10,0.02,0,0,1,22,0.09,2,0,0,6,0.07,0,3,3,9,0.02,0,0,2,15,0.10,0,1,1
282,125,0,0,14,0,10,0,1,MOVING_TO_FIELD,Field_2,1,PROTECTING,Field_5,1,MOVING_TO_FIELD,Field_2,1,MOVING_TO_FIELD,Field_2,1,PROTECTING,Field_6,1,PROTECTING,Field_6,1,PROTECTING,Field_9,1,PROTECTING,Field_5,1,MOVING_TO_FIELD,Field_2,1,MOVING_TO_FIELD,Field_10,1,MOVING_TO_FIELD,Field_2,1,MOVING_TO_FIELD,Field_10,1,MOVING_TO_FIELD,Field_10,1,PROTECTING,Field_6,1,PROTECTING,Field_5,1,PROTECTING,Field_5,1,PROTECTING,Field_5,1,PROTECTING,Field_5,1,MOVING_TO_FIELD,Field_2,1,PROTECTING,Field_5,1,PROTECTING,Field_5,1,PROTECTING,Field_5,1,MOVING_TO_FIELD,Field_12,1,PROTECTING,Field_9,16,0.03,0,0,2,6,0.04,0,6,6,25,0.05,0,0,1,1,0.03,0,0,6,1,0.15,9,0,0,2,0.04,3,0,0,12,0.03,0,0,2,10,0.02,0,0,1,22,0.10,2,0,0,6,0.07,0,3,3,9,0.02,0,0,2,15,0.10,0,1,1
283,125,0,0,15,0,9,0,1,MOVING_TO_FIELD,Field_2,1,PROTECTING,Field_5,1,PROTECTING,Field_2,1,MOVING_TO_FIELD,Field_2,1,PROTECTING,Field_6,1,PROTECTING,Field_6,1,PROTECTING,Field_9,1,PROTECTING,Field_5,1,MOVING_TO_FIELD,Field_2,1,MOVING_TO_FIELD,Field_10,1,MOVING_TO_FIELD,Field_2,1,MOVING_TO_FIELD,Field_10,1,MOVING_TO_FIELD,Field_10,1,PROTECTING,Field_6,1,PROTECTING,Field_5,1,PROTECTING,Field_5,1,PROTECTING,Field_5,1,PROTECTING,Field_5,1,MOVING_TO_FIELD,Field_2,1,PROTECTING,Field_5,1,PROTECTING,Field_5,1,PROTECTING,Field_5,1,MOVING_TO_FIELD,Field_12,1,PROTECTING,Field_9,16,0.03,0,0,2,6,0.04,1,5,5,25,0.08,0,0,1,1,0.03,0,0,6,1,0.15,9,0,0,2,0.05,3,0,0,12,0.04,0,0,2,10,0.02,0,0,1,22,0.09,2,0,0,6,0.07,0,3,3,9,0.05,0,0,2,15,0.10,0,1,1
284,125,0,0,15,0,9,0,1,MOVING_TO_FIELD,Field_2,1,PROTECTING,Field_5,1,PROTECTING,Field_2,1,MOVING_TO_FIELD,Field_2,1,PROTECTING,Field_6,1,PROTECTING,Field_6,1,PROTECTING,Field_9,1,PROTECTING,Field_5,1,MOVING_TO_FIELD,Field_2,1,MOVING_TO_FIELD,Field_10,1,MOVING_TO_FIELD,Field_2,1,MOVING_TO_FIELD,Field_10,1,MOVING_TO_FIELD,Field_10,1,PROTECTING,Field_6,1,PROTECTING,Field_5,1,PROTECTING,Field_5,1,PROTECTING,Field_5,1,PROTECTING,Field_5,1,MOVING_TO_FIELD,Field_2,1,PROTECTING,Field_5,1,PROTECTING,Field_5,1,PROTECTING,Field_5,1,MOVING_TO_FIELD,Field_12,1,PROTECTING,Field_9,16,0.03,0,0,2,6,0.04,1,5,5,25,0.09,0,0,1,1,0.03,0,0,6,1,0.15,9,0,0,2,0.05,3,0,0,12,0.06,0,0,2,10,0.02,0,0,1,22,0.09,2,0,0,6,0.07,0,3,3,9,0.05,0,0,2,15,0.10,0,1,1
285,125,0,0,15,0,9,0,1,MOVING_TO_FIELD,Field_2,1,PROTECTING,Field_5,1,PROTECTING,Field_2,1,MOVING_TO_FIELD,Field_2,1,PROTECTING,Field_6,1,PROTECTING,Field_6,1,PROTECTING,Field_9,1,PROTECTING,Field_5,1,MOVING_TO_FIELD,Field_2,1,MOVING_TO_FIELD,Field_10,1,MOVING_TO_FIELD,Field_2,1,MOVING_TO_FIELD,Field_10,1,MOVING_TO_FIELD,Field_10,1,PROTECTING,Field_6,1,PROTECTING,Field_5,1,PROTECTING,Field_5,1,PROTECTING,Field_5,1,PROTECTING,Field_5,1,MOVING_TO_FIELD,Field_2,1,PROTECTING,Field_5,1,PROTECTING,Field_5,1,PROTECTING,Field_5,1,MOVING_TO_FIELD,Field_12,1,PROTECTING,Field_9,16,0.03,0,0,2,6,0.04,1,5,5,25,0.09,0,0,1,1,0.04,0,0,6,1,0.16,9,0,0,2,0.06,3,0,0,12,0.06,0,0,2,10,0.02,0,0,1,22,0.11,2,0,0,6,0.07,0,3,3,9,0.05,0,0,2,15,0.10,0,1,1
286,125,0,0,15,0,9,0,1,MOVING_TO_FIELD,Field_2,1,PROTECTING,Field_5,1,PROTECTING,Field_2,1,MOVING_TO_FIELD,Field_2,1,PROTECTING,Field_6,1,PROTECTING,Field_6,1,PROTECTING,Field_9,1,PROTECTING,Field_5,1,MOVING_TO_FIELD,Field_2,1,MOVING_TO_FIELD,Field_10,1,MOVING_TO_FIELD,Field_2,1,MOVING_TO_FIELD,Field_10,1,MOVING_TO_FIELD,Field_10,1,PROTECTING,Field_6,1,PROTECTING,Field_5,1,PROTECTING,Field_5,1,PROTECTING,Field_5,1,PROTECTING,Field_5,1,MOVING_TO_FIELD,Field_2,1,PROTECTING,Field_5,1,PROTECTING,Field_5,1,PROTECTING,Field_5,1,MOVING_TO_FIELD,Field_12,1,PROTECTING,Field_9,16,0.03,0,0,2,6,0.04,1,5,5,25,0.08,0,0,1,1,0.04,0,0,6,1,0.15,9,0,0,2,0.06,3,0,0,12,0.06,0,0,2,10,0.02,0,0,1,22,0.10,2,0,0,6,0.07,0,3,3,9,0.07,0,0,2,15,0.10,0,1,1
287,125,0,0,15,0,9,0,1,MOVING_TO_FIELD,Field_2,1,PROTECTING,Field_5,1,PROTECTING,Field_2,1,MOVING_TO_FIELD,Field_2,1,PROTECTING,Field_6,1,PROTECTING,Field_6,1,PROTECTING,Field_9,1,PROTECTING,Field_5,1,MOVING_TO_FIELD,Field_2,1,MOVING_TO_FIELD,Field_10,1,MOVING_TO_FIELD,Field_2,1,MOVING_TO_FIELD,Field_10,1,MOVING_TO_FIELD,Field_10,1,PROTECTING,Field_6,1,PROTECTING,Field_5,1,PROTECTING,Field_5,1,PROTECTING,Field_5,1,PROTECTING,Field_5,1,MOVING_TO_FIELD,Field_2,1,PROTECTING,Field_5,1,PROTECTING,Field_5,1,PROTECTING,Field_5,1,MOVING_TO_FIELD,Field_12,1,PROTECTING,Field_9,16,0.05,0,0,2,6,0.04,1,5,5,25,0.08,0,0,1,1,0.04,0,0,6,1,0.15,9,0,0,2,0.05,3,0,0,12,0.05,0,0,2,10,0.02,0,0,1,22,0.10,2,0,0,6,0.07,0,3,3,9,0.09,0,0,2,15,0.10,0,1,1
288,125,0,0,16,0,8,0,1,MOVING_TO_FIELD,Field_2,1,PROTECTING,Field_5,1,PROTECTING,Field_2,1,PROTECTING,Field_2,1,PROTECTING,Field_6,1,PROTECTING,Field_6,1,PROTECTING,Field_9,1,PROTECTING,Field_5,1,MOVING_TO_FIELD,Field_2,1,MOVING_TO_FIELD,Field_10,1,MOVING_TO_FIELD,Field_2,1,MOVING_TO_FIELD,Field_10,1,MOVING_TO_FIELD,Field_10,1,PROTECTING,Field_6,1,PROTECTING,Field_5,1,PROTECTING,Field_5,1,PROTECTING,Field_5,1,PROTECTING,Field_5,1,MOVING_TO_FIELD,Field_2,1,PROTECTING,Field_5,1,PROTECTING,Field_5,1,PROTECTING,Field_5,1,MOVING_TO_FIELD,Field_12,1,PROTECTING,Field_9,16,0.05,0,0,2,6,0.06,2,4,4,25,0.05,0,0,1,1,0.04,0,0,6,1,0.14,9,0,0,2,0.05,3,0,0,12,0.06,0,0,2,10,0.02,0,0,1,22,0.08,2,0,0,6,0.07,0,3,3,9,0.07,0,0,2,15,0.10,0,1,1
289,126,0,0,17,0,7,0,1,MOVING_TO_FIELD,Field_2,1,PROTECTING,Field_5,1,PROTECTING,Field_2,1,PROTECTING,Field_2,1,PROTECTING,Field_6,1,PROTECTING,Field_6,1,PROTECTING,Field_9,1,PROTECTING,Field_5,1,MOVING_TO_FIELD,Field_2,1,MOVING_TO_FIELD,Field_10,1,PROTECTING,Field_2,1,MOVING_TO_FIELD,Field_10,1,MOVING_TO_FIELD,Field_10,1,PROTECTING,Field_6,1,PROTECTING,Field_5,1,PROTECTING,Field_5,1,PROTECTING,Field_5,1,PROTECTING,Field_5,1,MOVING_TO_FIELD,Field_2,1,PROTECTING,Field_5,1,PROTECTING,Field_5,1,PROTECTING,Field_5,1,MOVING_TO_FIELD,Field_12,1,PROTECTING,Field_9,16,0.05,0,0,2,6,0.05,3,3,3,25,0.05,0,0,1,1,0.04,0,0,6,1,0.14,9,0,0,2,0.06,3,0,0,12,0.06,0,0,2,10,0.02,0,0,1,22,0.09,2,0,0,6,0.05,0,3,3,9,0.07,0,0,2,16,0.10,0,1,1
290,126,0,0,18,0,6,0,1,MOVING_TO_FIELD,Field_2,1,PROTECTING,Field_5,1,PROTECTING,Field_2,1,PROTECTING,Field_2,1,PROTECTING,Field_6,1,PROTECTING,Field_6,1,PROTECTING,Field_9,1,PROTECTING,Field_5,1,MOVING_TO_FIELD,Field_2,1,MOVING_TO_FIELD,Field_10,1,PROTECTING,Field_2,1,MOVING_TO_FIELD,Field_10,1,MOVING_TO_FIELD,Field_10,1,PROTECTING,Field_6,1,PROTECTING,Field_5,1,PROTECTING,Field_5,1,PROTECTING,Field_5,1,PROTECTING,Field_5,1,PROTECTING,Field_2,1,PROTECTING,Field_5,1,PROTECTING,Field_5,1,PROTECTING,Field_5,1,MOVING_TO_FIELD,Field_12,1,PROTECTING,Field_9,16,0.05,0,0,2,6,0.05,4,2,2,25,0.05,0,0,1,1,0.04,0,0,6,1,0.14,9,0,0,2,0.05,3,0,0,12,0.06,0,0,2,10,0.02,0,0,1,22,0.08,2,0,0,6,0.05,0,3,3,9,0.05,0,0,2,16,0.10,0,1,1
291,126,0,0,18,0,6,0,1,MOVING_TO_FIELD,Field_2,1,PROTECTING,Field_5,1,PROTECTING,Field_2,1,PROTECTING,Field_2,1,PROTECTING,Field_6,1,PROTECTING,Field_6,1,PROTECTING,Field_9,1,PROTECTING,Field_5,1,MOVING_TO_FIELD,Field_2,1,MOVING_TO_FIELD,Field_7,1,PROTECTING,Field_2,1,MOVING_TO_FIELD,Field_3,1,MOVING_TO_FIELD,Field_7,1,PROTECTING,Field_6,1,PROTECTING,Field_5,1,PROTECTING,Field_5,1,PROTECTING,Field_5,1,PROTECTING,Field_5,1,PROTECTING,Field_2,1,PROTECTING,Field_5,1,PROTECTING,Field_5,1,PROTECTING,Field_5,1,MOVING_TO_FIELD,Field_12,1,PROTECTING,Field_9,16,0.05,0,0,2,6,0.06,4,2,2,25,0.05,0,1,1,1,0.04,0,0,6,1,0.14,9,0,0,2,0.05,3,0,0,12,0.05,0,2,2,10,0.05,0,0,1,22,0.07,2,0,0,6,0.05,0,0,3,9,0.04,0,0,2,16,0.10,0,1,1
292,126,0,0,19,0,5,0,1,MOVING_TO_FIELD,Field_2,1,PROTECTING,Field_5,1,PROTECTING,Field_2,1,PROTECTING,Field_2,1,PROTECTING,Field_6,1,PROTECTING,Field_6,1,PROTECTING,Field_9,1,PROTECTING,Field_5,1,PROTECTING,Field_2,1,MOVING_TO_FIELD,Field_7,1,PROTECTING,Field_2,1,MOVING_TO_FIELD,Field_3,1,MOVING_TO_FIELD,Field_7,1,PROTECTING,Field_6,1,PROTECTING,Field_5,1,PROTECTING,Field_5,1,PROTECTING,Field_5,1,PROTECTING,Field_5,1,PROTECTING,Field_2,1,PROTECTING,Field_5,1,PROTECTING,Field_5,1,PROTECTING,Field_5,1,MOVING_TO_FIELD,Field_12,1,PROTECTING,Field_9,16,0.05,0,0,2,6,0.06,5,1,1,25,0.04,0,1,1,1,0.04,0,0,6,1,0.14,9,0,0,2,0.06,3,0,0,12,0.05,0,2,2,10,0.05,0,0,1,22,0.06,2,0,0,6,0.05,0,0,3,9,0.05,0,0,2,16,0.10,0,1,1
293,126,0,0,19,0,5,0,1,MOVING_TO_FIELD,Field_2,1,PROTECTING,Field_5,1,PROTECTING,Field_2,1,PROTECTING,Field_2,1,PROTECTING,Field_6,1,PROTECTING,Field_6,1,PROTECTING,Field_9,1,PROTECTING,Field_5,1,PROTECTING,Field_2,1,MOVING_TO_FIELD,Field_7,1,PROTECTING,Field_2,1,MOVING_TO_FIELD,Field_3,1,MOVING_TO_FIELD,Field_7,1,PROTECTING,Field_6,1,PROTECTING,Field_5,1,PROTECTING,Field_5,1,PROTECTING,Field_5,1,PROTECTING,Field_5,1,PROTECTING,Field_2,1,PROTECTING,Field_5,1,PROTECTING,Field_5,1,PROTECTING,Field_5,1,MOVING_TO_FIELD,Field_12,1,PROTECTING,Field_9,16,0.05,0,0,2,6,0.06,5,1,1,25,0.05,0,1,1,1,0.05,0,0,6,1,0.14,9,0,0,2,0.06,3,0,0,12,0.05,0,2,2,10,0.05,0,0,1,22,0.07,2,0,0,6,0.05,0,0,3,9,0.05,0,0,2,16,0.10,0,1,1
294,126,0,0,21,0,3,0,1,PROTECTING,Field_2,1,PROTECTING,Field_5,1,PROTECTING,Field_2,1,PROTECTING,Field_2,1,PROTECTING,Field_6,1,PROTECTING,Field_6,1,PROTECTING,Field_9,1,PROTECTING,Field_5,1,PROTECTING,Field_2,1,MOVING_TO_FIELD,Field_7,1,PROTECTING,Field_2,1,PROTECTING,Field_3,1,MOVING_TO_FIELD,Field_7,1,PROTECTING,Field_6,1,PROTECTING,Field_5,1,PROTECTING,Field_5,1,PROTECTING,Field_5,1,PROTECTING,Field_5,1,PROTECTING,Field_2,1,PROTECTING,Field_5,1,PROTECTING,Field_5,1,PROTECTING,Field_5,1,MOVING_TO_FIELD,Field_12,1,PROTECTING,Field_9,16,0.05,0,0,2,6,0.09,6,0,0,25,0.05,1,0,0,1,0.05,0,0,6,1,0.15,9,0,0,2,0.05,3,0,0,12,0.06,0,2,2,10,0.02,0,0,1,22,0.06,2,0,0,6,0.05,0,0,3,9,0.07,0,0,2,16,0.08,0,1,1
295,126,0,0,21,0,3,0,1,PROTECTING,Field_2,1,PROTECTING,Field_5,1,PROTECTING,Field_2,1,PROTECTING,Field_2,1,PROTECTING,Field_6,1,PROTECTING,Field_6,1,PROTECTING,Field_9,1,PROTECTING,Field_5,1,PROTECTING,Field_2,1,MOVING_TO_FIELD,Field_7,1,PROTECTING,Field_2,1,PROTECTING,Field_3,1,MOVING_TO_FIELD,Field_7,1,PROTECTING,Field_6,1,PROTECTING,Field_5,1,PROTECTING,Field_5,1,PROTECTING,Field_5,1,PROTECTING,Field_5,1,PROTECTING,Field_2,1,PROTECTING,Field_5,1,PROTECTING,Field_5,1,PROTECTING,Field_5,1,MOVING_TO_FIELD,Field_12,1,PROTECTING,Field_9,16,0.05,0,0,2,6,0.12,6,0,0,25,0.05,1,0,0,1,0.05,0,0,6,1,0.16,9,0,0,2,0.07,3,0,0,12,0.06,0,2,2,10,0.02,0,0,1,22,0.04,2,0,0,6,0.05,0,0,3,9,0.07,0,0,2,16,0.08,0,1,1
296,126,0,0,21,0,3,0,1,PROTECTING,Field_2,1,PROTECTING,Field_5,1,PROTECTING,Field_2,1,PROTECTING,Field_2,1,PROTECTING,Field_6,1,PROTECTING,Field_6,1,PROTECTING,Field_9,1,PROTECTING,Field_5,1,PROTECTING,Field_2,1,MOVING_TO_FIELD,Field_7,1,PROTECTING,Field_2,1,PROTECTING,Field_3,1,MOVING_TO_FIELD,Field_7,1,PROTECTING,Field_6,1,PROTECTING,Field_5,1,PROTECTING,Field_5,1,PROTECTING,Field_5,1,PROTECTING,Field_5,1,PROTECTING,Field_2,1,PROTECTING,Field_5,1,PROTECTING,Field_5,1,PROTECTING,Field_5,1,MOVING_TO_FIELD,Field_12,1,PROTECTING,Field_9,16,0.05,0,0,2,6,0.12,6,0,0,25,0.04,1,0,0,1,0.05,0,0,6,1,0.16,9,0,0,2,0.08,3,0,0,12,0.06,0,2,2,10,0.02,0,0,1,22,0.04,2,0,0,6,0.07,0,0,3,9,0.07,0,0,2,16,0.08,0,1,1
297,126,0,0,21,0,3,0,1,PROTECTING,Field_2,1,PROTECTING,Field_5,1,PROTECTING,Field_2,1,PROTECTING,Field_2,1,PROTECTING,Field_6,1,PROTECTING,Field_6,1,PROTECTING,Field_9,1,PROTECTING,Field_5,1,PROTECTING,Field_2,1,MOVING_TO_FIELD,Field_7,1,PROTECTING,Field_2,1,PROTECTING,Field_3,1,MOVING_TO_FIELD,Field_7,1,PROTECTING,Field_6,1,PROTECTING,Field_5,1,PROTECTING,Field_5,1,PROTECTING,Field_5,1,PROTECTING,Field_5,1,PROTECTING,Field_2,1,PROTECTING,Field_5,1,PROTECTING,Field_5,1,PROTECTING,Field_5,1,MOVING_TO_FIELD,Field_12,1,PROTECTING,Field_9,16,0.05,0,0,2,6,0.12,6,0,0,25,0.04,1,0,0,1,0.07,0,0,6,1,0.15,9,0,0,2,0.08,3,0,0,12,0.06,0,2,2,10,0.00,0,0,1,22,0.03,2,0,0,6,0.07,0,0,3,9,0.07,0,0,2,16,0.05,0,1,1
298,126,0,0,21,0,3,0,1,PROTECTING,Field_2,1,PROTECTING,Field_5,1,PROTECTING,Field_2,1,PROTECTING,Field_2,1,PROTECTING,Field_6,1,PROTECTING,Field_6,1,PROTECTING,Field_9,1,PROTECTING,Field_5,1,PROTECTING,Field_2,1,MOVING_TO_FIELD,Field_7,1,PROTECTING,Field_2,1,PROTECTING,Field_3,1,MOVING_TO_FIELD,Field_7,1,PROTECTING,Field_6,1,PROTECTING,Field_5,1,PROTECTING,Field_5,1,PROTECTING,Field_5,1,PROTECTING,Field_5,1,PROTECTING,Field_2,1,PROTECTING,Field_5,1,PROTECTING,Field_5,1,PROTECTING,Field_5,1,MOVING_TO_FIELD,Field_12,1,PROTECTING,Field_9,16,0.06,0,0,2,6,0.12,6,0,0,25,0.04,1,0,0,1,0.07,0,0,6,1,0.15,9,0,0,2,0.08,3,0,0,12,0.06,0,2,2,10,0.00,0,0,1,22,0.04,2,0,0,6,0.07,0,0,3,9,0.07,0,0,2,16,0.05,0,1,1
299,126,0,0,21,0,3,0,1,PROTECTING,Field_2,1,PROTECTING,Field_5,1,PROTECTING,Field_2,1,PROTECTING,Field_2,1,PROTECTING,Field_6,1,PROTECTING,Field_6,1,PROTECTING,Field_9,1,PROTECTING,Field_5,1,PROTECTING,Field_2,1,MOVING_TO_FIELD,Field_7,1,PROTECTING,Field_2,1,PROTECTING,Field_3,1,MOVING_TO_FIELD,Field_7,1,PROTECTING,Field_6,1,PROTECTING,Field_5,1,PROTECTING,Field_5,1,PROTECTING,Field_5,1,PROTECTING,Field_5,1,PROTECTING,Field_2,1,PROTECTING,Field_5,1,PROTECTING,Field_5,1,PROTECTING,Field_5,1,MOVING_TO_FIELD,Field_12,1,PROTECTING,Field_9,16,0.06,0,0,2,6,0.12,6,0,0,25,0.04,1,0,0,1,0.07,0,0,6,1,0.14,9,0,0,2,0.06,3,0,0,12,0.06,0,2,2,10,0.00,0,0,1,22,0.03,2,0,0,6,0.07,0,0,3,9,0.07,0,0,2,16,0.05,0,1,1
300,126,0,0,22,0,2,0,1,PROTECTING,Field_2,1,PROTECTING,Field_5,1,PROTECTING,Field_2,1,PROTECTING,Field_2,1,PROTECTING,Field_6,1,PROTECTING,Field_6,1,PROTECTING,Field_9,1,PROTECTING,Field_5,1,PROTECTING,Field_2,1,PROTECTING,Field_7,1,PROTECTING,Field_2,1,PROTECTING,Field_3,1,MOVING_TO_FIELD,Field_7,1,PROTECTING,Field_6,1,PROTECTING,Field_5,1,PROTECTING,Field_5,1,PROTECTING,Field_5,1,PROTECTING,Field_5,1,PROTECTING,Field_2,1,PROTECTING,Field_5,1,PROTECTING,Field_5,1,PROTECTING,Field_5,1,MOVING_TO_FIELD,Field_12,1,PROTECTING,Field_9,16,0.06,0,0,2,6,0.13,6,0,0,25,0.03,1,0,0,1,0.07,0,0,6,1,0.13,9,0,0,2,0.07,3,0,0,12,0.06,1,1,1,10,0.00,0,0,1,22,0.04,2,0,0,6,0.07,0,0,3,9,0.09,0,0,2,16,0.05,0,1,1
