step,damage,IDLE,CHARGING,PROTECTING,MOVING_TO_CHARGER,MOVING_TO_FIELD,TERMINATED,Drone_1_battery,Drone_1_state,Drone_1_target,Drone_2_battery,Drone_2_state,Drone_2_target,Drone_3_battery,Drone_3_state,Drone_3_target,Drone_4_battery,Drone_4_state,Drone_4_target,Drone_5_battery,Drone_5_state,Drone_5_target,Drone_6_battery,Drone_6_state,Drone_6_target,Drone_7_battery,Drone_7_state,Drone_7_target,Drone_8_battery,Drone_8_state,Drone_8_target,Drone_9_battery,Drone_9_state,Drone_9_target,Drone_10_battery,Drone_10_state,Drone_10_target,Drone_11_battery,Drone_11_state,Drone_11_target,Drone_12_battery,Drone_12_state,Drone_12_target,Drone_13_battery,Drone_13_state,Drone_13_target,Drone_14_battery,Drone_14_state,Drone_14_target,Drone_15_battery,Drone_15_state,Drone_15_target,Drone_16_battery,Drone_16_state,Drone_16_target,Drone_17_battery,Drone_17_state,Drone_17_target,Drone_18_battery,Drone_18_state,Drone_18_target,Drone_19_battery,Drone_19_state,Drone_19_target,Drone_20_battery,Drone_20_state,Drone_20_target,Drone_21_battery,Drone_21_state,Drone_21_target,Drone_22_battery,Drone_22_state,Drone_22_target,Drone_23_battery,Drone_23_state,Drone_23_target,Drone_24_battery,Drone_24_state,Drone_24_target,Drone_25_battery,Drone_25_state,Drone_25_target,Drone_26_battery,Drone_26_state,Drone_26_target,Drone_27_battery,Drone_27_state,Drone_27_target,Drone_28_battery,Drone_28_state,Drone_28_target,Drone_29_battery,Drone_29_state,Drone_29_target,Drone_30_battery,Drone_30_state,Drone_30_target,Drone_31_battery,Drone_31_state,Drone_31_target,Drone_32_battery,Drone_32_state,Drone_32_target,Drone_33_battery,Drone_33_state,Drone_33_target,Drone_34_battery,Drone_34_state,Drone_34_target,Drone_35_battery,Drone_35_state,Drone_35_target,Drone_36_battery,Drone_36_state,Drone_36_target,Drone_37_battery,Drone_37_state,Drone_37_target,Drone_38_battery,Drone_38_state,Drone_38_target,Drone_39_battery,Drone_39_state,Drone_39_target,Drone_40_battery,Drone_40_state,Drone_40_target,Field_1_damage,Field_1_threat_level,Field_1_protecting_drones,Field_1_arriving_drones,Field_1_drones_for_full_protection,Field_2_damage,Field_2_threat_level,Field_2_protecting_drones,Field_2_arriving_drones,Field_2_drones_for_full_protection,Field_3_damage,Field_3_threat_level,Field_3_protecting_drones,Field_3_arriving_drones,Field_3_drones_for_full_protection,Field_4_damage,Field_4_threat_level,Field_4_protecting_drones,Field_4_arriving_drones,Field_4_drones_for_full_protection,Field_5_damage,Field_5_threat_level,Field_5_protecting_drones,Field_5_arriving_drones,Field_5_drones_for_full_protection,Field_6_damage,Field_6_threat_level,Field_6_protecting_drones,Field_6_arriving_drones,Field_6_drones_for_full_protection,Field_7_damage,Field_7_threat_level,Field_7_protecting_drones,Field_7_arriving_drones,Field_7_drones_for_full_protection,Field_8_damage,Field_8_threat_level,Field_8_protecting_drones,Field_8_arriving_drones,Field_8_drones_for_full_protection,Field_9_damage,Field_9_threat_level,Field_9_protecting_drones,Field_9_arriving_drones,Field_9_drones_for_full_protection,Field_10_damage,Field_10_threat_level,Field_10_protecting_drones,Field_10_arriving_drones,Field_10_drones_for_full_protection,Field_11_damage,Field_11_threat_level,Field_11_protecting_drones,Field_11_arriving_drones,Field_11_drones_for_full_protection,Field_12_damage,Field_12_threat_level,Field_12_protecting_drones,Field_12_arriving_drones,Field_12_drones_for_full_protection,Field_13_damage,Field_13_threat_level,Field_13_protecting_drones,Field_13_arriving_drones,Field_13_drones_for_full_protection,Field_14_damage,Field_14_threat_level,Field_14_protecting_drones,Field_14_arriving_drones,Field_14_drones_for_full_protection,Field_15_damage,Field_15_threat_level,Field_15_protecting_drones,Field_15_arriving_drones,Field_15_drones_for_full_protection,Field_16_damage,Field_16_threat_level,Field_16_protecting_drones,Field_16_arriving_drones,Field_16_drones_for_full_protection,Field_17_damage,Field_17_threat_level,Field_17_protecting_drones,Field_17_arriving_drones,Field_17_drones_for_full_protection,Field_18_damage,Field_18_threat_level,Field_18_protecting_drones,Field_18_arriving_drones,Field_18_drones_for_full_protection,Field_19_damage,Field_19_threat_level,Field_19_protecting_drones,Field_19_arriving_drones,Field_19_drones_for_full_protection,Field_20_damage,Field_20_threat_level,Field_20_protecting_drones,Field_20_arriving_drones,Field_20_drones_for_full_protection
1,0,0,0,0,0,40,0,1,MOVING_TO_FIELD,Field_7,1,MOVING_TO_FIELD,Field_1,1,MOVING_TO_FIELD,Field_4,1,MOVING_TO_FIELD,Field_20,1,MOVING_TO_FIELD,Field_7,1,MOVING_TO_FIELD,Field_4,1,MOVING_TO_FIELD,Field_1,1,MOVING_TO_FIELD,Field_4,1,MOVING_TO_FIELD,Field_7,1,MOVING_TO_FIELD,Field_20,1,MOVING_TO_FIELD,Field_5,1,MOVING_TO_FIELD,Field_8,1,MOVING_TO_FIELD,Field_4,1,MOVING_TO_FIELD,Field_1,1,MOVING_TO_FIELD,Field_20,1,MOVING_TO_FIELD,Field_4,1,MOVING_TO_FIELD,Field_5,1,MOVING_TO_FIELD,Field_5,1,MOVING_TO_FIELD,Field_20,1,MOVING_TO_FIELD,Field_8,1,MOVING_TO_FIELD,Field_1,1,MOVING_TO_FIELD,Field_4,1,MOVING_TO_FIELD,Field_20,1,MOVING_TO_FIELD,Field_7,1,MOVING_TO_FIELD,Field_20,1,MOVING_TO_FIELD,Field_4,1,MOVING_TO_FIELD,Field_5,1,MOVING_TO_FIELD,Field_5,1,MOVING_TO_FIELD,Field_4,1,MOVING_TO_FIELD,Field_1,1,MOVING_TO_FIELD,Field_5,1,MOVING_TO_FIELD,Field_7,1,MOVING_TO_FIELD,Field_4,1,MOVING_TO_FIELD,Field_20,1,MOVING_TO_FIELD,Field_1,1,MOVING_TO_FIELD,Field_1,1,MOVING_TO_FIELD,Field_20,1,MOVING_TO_FIELD,Field_20,1,MOVING_TO_FIELD,Field_1,1,MOVING_TO_FIELD,Field_4,0,0.09,0,8,4,0,0.05,0,0,2,0,0.02,0,0,4,0,0.12,0,10,4,0,0.07,0,6,2,0,0.07,0,0,4,0,0.14,0,5,3,0,0.10,0,2,2,0,0.08,0,0,3,0,0.16,0,0,6,0,0.11,0,0,4,0,0.09,0,0,1,0,0.04,0,0,2,0,0.15,0,0,6,0,0.12,0,0,6,0,0.06,0,0,2,0,0.18,0,0,2,0,0.06,0,0,1,0,0.03,0,0,2,0,0.14,0,9,3
2,0,0,0,2,0,38,0,1,PROTECTING,Field_7,1,MOVING_TO_FIELD,Field_1,1,MOVING_TO_FIELD,Field_4,1,MOVING_TO_FIELD,Field_20,1,MOVING_TO_FIELD,Field_7,1,MOVING_TO_FIELD,Field_4,1,MOVING_TO_FIELD,Field_1,1,MOVING_TO_FIELD,Field_4,1,MOVING_TO_FIELD,Field_7,1,MOVING_TO_FIELD,Field_20,1,MOVING_TO_FIELD,Field_5,1,MOVING_TO_FIELD,Field_8,1,MOVING_TO_FIELD,Field_4,1,MOVING_TO_FIELD,Field_1,1,MOVING_TO_FIELD,Field_20,1,MOVING_TO_FIELD,Field_4,1,MOVING_TO_FIELD,Field_5,1,MOVING_TO_FIELD,Field_5,1,MOVING_TO_FIELD,Field_20,1,MOVING_TO_FIELD,Field_8,1,MOVING_TO_FIELD,Field_1,1,MOVING_TO_FIELD,Field_4,1,MOVING_TO_FIELD,Field_20,1,MOVING_TO_FIELD,Field_7,1,MOVING_TO_FIELD,Field_20,1,MOVING_TO_FIELD,Field_4,1,MOVING_TO_FIELD,Field_5,1,MOVING_TO_FIELD,Field_5,1,MOVING_TO_FIELD,Field_4,1,MOVING_TO_FIELD,Field_1,1,MOVING_TO_FIELD,Field_5,1,MOVING_TO_FIELD,Field_7,1,MOVING_TO_FIELD,Field_4,1,PROTECTING,Field_20,1,MOVING_TO_FIELD,Field_1,1,MOVING_TO_FIELD,Field_1,1,MOVING_TO_FIELD,Field_20,1,MOVING_TO_FIELD,Field_20,1,MOVING_TO_FIELD,Field_1,1,MOVING_TO_FIELD,Field_4,0,0.09,0,8,4,0,0.05,0,0,2,0,0.02,0,0,4,0,0.12,0,10,4,0,0.07,0,6,2,0,0.07,0,0,4,0,0.14,1,4,2,0,0.11,0,2,2,0,0.08,0,0,3,0,0.16,0,0,6,0,0.11,0,0,4,0,0.09,0,0,1,0,0.04,0,0,2,0,0.15,0,0,6,0,0.12,0,0,6,0,0.06,0,0,2,0,0.18,0,0,2,0,0.06,0,0,1,0,0.03,0,0,2,0,0.14,1,8,2
3,0,0,0,2,0,38,0,1,PROTECTING,Field_7,1,MOVING_TO_FIELD,Field_1,1,MOVING_TO_FIELD,Field_4,1,MOVING_TO_FIELD,Field_20,1,MOVING_TO_FIELD,Field_7,1,MOVING_TO_FIELD,Field_4,1,MOVING_TO_FIELD,Field_1,1,MOVING_TO_FIELD,Field_4,1,MOVING_TO_FIELD,Field_7,1,MOVING_TO_FIELD,Field_20,1,MOVING_TO_FIELD,Field_5,1,MOVING_TO_FIELD,Field_8,1,MOVING_TO_FIELD,Field_4,1,MOVING_TO_FIELD,Field_1,1,MOVING_TO_FIELD,Field_20,1,MOVING_TO_FIELD,Field_4,1,MOVING_TO_FIELD,Field_5,1,MOVING_TO_FIELD,Field_5,1,MOVING_TO_FIELD,Field_20,1,MOVING_TO_FIELD,Field_8,1,MOVING_TO_FIELD,Field_1,1,MOVING_TO_FIELD,Field_4,1,MOVING_TO_FIELD,Field_20,1,MOVING_TO_FIELD,Field_7,1,MOVING_TO_FIELD,Field_20,1,MOVING_TO_FIELD,Field_4,1,MOVING_TO_FIELD,Field_5,1,MOVING_TO_FIELD,Field_5,1,MOVING_TO_FIELD,Field_4,1,MOVING_TO_FIELD,Field_1,1,MOVING_TO_FIELD,Field_5,1,MOVING_TO_FIELD,Field_7,1,MOVING_TO_FIELD,Field_4,1,PROTECTING,Field_20,1,MOVING_TO_FIELD,Field_1,1,MOVING_TO_FIELD,Field_1,1,MOVING_TO_FIELD,Field_20,1,MOVING_TO_FIELD,Field_20,1,MOVING_TO_FIELD,Field_1,1,MOVING_TO_FIELD,Field_4,0,0.09,0,8,4,0,0.05,0,0,2,0,0.02,0,0,4,0,0.12,0,10,4,0,0.05,0,6,2,0,0.09,0,0,4,0,0.14,1,4,2,0,0.10,0,2,2,0,0.07,0,0,3,0,0.16,0,0,6,0,0.11,0,0,4,0,0.09,0,0,1,0,0.04,0,0,2,0,0.15,0,0,6,0,0.12,0,0,6,0,0.06,0,0,2,0,0.20,0,0,2,0,0.06,0,0,1,0,0.03,0,0,2,0,0.14,1,8,2
4,0,0,0,2,0,38,0,1,PROTECTING,Field_7,1,MOVING_TO_FIELD,Field_1,1,MOVING_TO_FIELD,Field_4,1,MOVING_TO_FIELD,Field_20,1,MOVING_TO_FIELD,Field_7,1,MOVING_TO_FIELD,Field_4,1,MOVING_TO_FIELD,Field_1,1,MOVING_TO_FIELD,Field_4,1,MOVING_TO_FIELD,Field_7,1,MOVING_TO_FIELD,Field_20,1,MOVING_TO_FIELD,Field_5,1,MOVING_TO_FIELD,Field_8,1,MOVING_TO_FIELD,Field_4,1,MOVING_TO_FIELD,Field_1,1,MOVING_TO_FIELD,Field_20,1,MOVING_TO_FIELD,Field_4,1,MOVING_TO_FIELD,Field_5,1,MOVING_TO_FIELD,Field_5,1,MOVING_TO_FIELD,Field_20,1,MOVING_TO_FIELD,Field_8,1,MOVING_TO_FIELD,Field_1,1,MOVING_TO_FIELD,Field_4,1,MOVING_TO_FIELD,Field_20,1,MOVING_TO_FIELD,Field_7,1,MOVING_TO_FIELD,Field_20,1,MOVING_TO_FIELD,Field_4,1,MOVING_TO_FIELD,Field_5,1,MOVING_TO_FIELD,Field_5,1,MOVING_TO_FIELD,Field_4,1,MOVING_TO_FIELD,Field_1,1,MOVING_TO_FIELD,Field_5,1,MOVING_TO_FIELD,Field_7,1,MOVING_TO_FIELD,Field_4,1,PROTECTING,Field_20,1,MOVING_TO_FIELD,Field_1,1,MOVING_TO_FIELD,Field_1,1,MOVING_TO_FIELD,Field_20,1,MOVING_TO_FIELD,Field_20,1,MOVING_TO_FIELD,Field_1,1,MOVING_TO_FIELD,Field_4,0,0.08,0,8,4,0,0.05,0,0,2,0,0.02,0,0,4,0,0.12,0,10,4,0,0.05,0,6,2,0,0.09,0,0,4,0,0.14,1,4,2,0,0.10,0,2,2,0,0.08,0,0,3,0,0.16,0,0,6,0,0.11,0,0,4,0,0.09,0,0,1,0,0.04,0,0,2,0,0.18,0,0,6,0,0.12,0,0,6,0,0.06,0,0,2,0,0.20,0,0,2,0,0.06,0,0,1,0,0.03,0,0,2,0,0.14,1,8,2
5,0,0,0,4,0,36,0,1,PROTECTING,Field_7,1,MOVING_TO_FIELD,Field_1,1,MOVING_TO_FIELD,Field_4,1,MOVING_TO_FIELD,Field_20,1,MOVING_TO_FIELD,Field_7,1,MOVING_TO_FIELD,Field_4,1,MOVING_TO_FIELD,Field_1,1,MOVING_TO_FIELD,Field_4,1,MOVING_TO_FIELD,Field_7,1,MOVING_TO_FIELD,Field_20,1,MOVING_TO_FIELD,Field_5,1,MOVING_TO_FIELD,Field_8,1,MOVING_TO_FIELD,Field_4,1,MOVING_TO_FIELD,Field_1,1,MOVING_TO_FIELD,Field_20,1,MOVING_TO_FIELD,Field_4,1,MOVING_TO_FIELD,Field_5,1,MOVING_TO_FIELD,Field_5,1,PROTECTING,Field_20,1,MOVING_TO_FIELD,Field_8,1,MOVING_TO_FIELD,Field_1,1,MOVING_TO_FIELD,Field_4,1,MOVING_TO_FIELD,Field_20,1,MOVING_TO_FIELD,Field_7,1,MOVING_TO_FIELD,Field_20,1,MOVING_TO_FIELD,Field_4,1,MOVING_TO_FIELD,Field_5,1,MOVING_TO_FIELD,Field_5,1,MOVING_TO_FIELD,Field_4,1,MOVING_TO_FIELD,Field_1,1,MOVING_TO_FIELD,Field_5,1,MOVING_TO_FIELD,Field_7,1,PROTECTING,Field_4,1,PROTECTING,Field_20,1,MOVING_TO_FIELD,Field_1,1,MOVING_TO_FIELD,Field_1,1,MOVING_TO_FIELD,Field_20,1,MOVING_TO_FIELD,Field_20,1,MOVING_TO_FIELD,Field_1,1,MOVING_TO_FIELD,Field_4,0,0.08,0,8,4,0,0.07,0,0,2,0,0.03,0,0,4,0,0.13,1,9,3,0,0.05,0,6,2,0,0.10,0,0,4,0,0.13,1,4,2,0,0.11,0,2,2,0,0.09,0,0,3,0,0.18,0,0,6,0,0.11,0,0,4,0,0.09,0,0,1,0,0.04,0,0,2,0,0.18,0,0,6,0,0.12,0,0,6,0,0.06,0,0,2,0,0.20,0,0,2,0,0.06,0,0,1,0,0.05,0,0,2,0,0.14,2,7,1
6,0,0,0,5,0,35,0,1,PROTECTING,Field_7,1,MOVING_TO_FIELD,Field_1,1,MOVING_TO_FIELD,Field_4,1,MOVING_TO_FIELD,Field_20,1,MOVING_TO_FIELD,Field_7,1,MOVING_TO_FIELD,Field_4,1,MOVING_TO_FIELD,Field_1,1,MOVING_TO_FIELD,Field_4,1,MOVING_TO_FIELD,Field_7,1,MOVING_TO_FIELD,Field_20,1,MOVING_TO_FIELD,Field_5,1,MOVING_TO_FIELD,Field_8,1,MOVING_TO_FIELD,Field_4,1,MOVING_TO_FIELD,Field_1,1,MOVING_TO_FIELD,Field_20,1,MOVING_TO_FIELD,Field_4,1,MOVING_TO_FIELD,Field_5,1,MOVING_TO_FIELD,Field_5,1,PROTECTING,Field_20,1,MOVING_TO_FIELD,Field_8,1,MOVING_TO_FIELD,Field_1,1,MOVING_TO_FIELD,Field_4,1,MOVING_TO_FIELD,Field_20,1,MOVING_TO_FIELD,Field_7,1,MOVING_TO_FIELD,Field_20,1,MOVING_TO_FIELD,Field_4,1,MOVING_TO_FIELD,Field_5,1,MOVING_TO_FIELD,Field_5,1,MOVING_TO_FIELD,Field_4,1,MOVING_TO_FIELD,Field_1,1,MOVING_TO_FIELD,Field_5,1,MOVING_TO_FIELD,Field_7,1,PROTECTING,Field_4,1,PROTECTING,Field_20,1,MOVING_TO_FIELD,Field_1,1,MOVING_TO_FIELD,Field_1,1,MOVING_TO_FIELD,Field_20,1,MOVING_TO_FIELD,Field_20,1,MOVING_TO_FIELD,Field_1,1,PROTECTING,Field_4,0,0.08,0,8,4,0,0.08,0,0,2,0,0.03,0,0,4,0,0.11,2,8,2,0,0.05,0,6,2,0,0.10,0,0,4,0,0.14,1,4,2,0,0.11,0,2,2,0,0.09,0,0,3,0,0.18,0,0,6,0,0.12,0,0,4,0,0.15,0,0,1,0,0.04,0,0,2,0,0.18,0,0,6,0,0.11,0,0,6,0,0.06,0,0,2,0,0.21,0,0,2,0,0.06,0,0,1,0,0.05,0,0,2,0,0.14,2,7,1
7,0,0,0,5,0,35,0,1,PROTECTING,Field_7,1,MOVING_TO_FIELD,Field_1,1,MOVING_TO_FIELD,Field_4,1,MOVING_TO_FIELD,Field_20,1,MOVING_TO_FIELD,Field_7,1,MOVING_TO_FIELD,Field_4,1,MOVING_TO_FIELD,Field_1,1,MOVING_TO_FIELD,Field_4,1,MOVING_TO_FIELD,Field_7,1,MOVING_TO_FIELD,Field_20,1,MOVING_TO_FIELD,Field_5,1,MOVING_TO_FIELD,Field_8,1,MOVING_TO_FIELD,Field_4,1,MOVING_TO_FIELD,Field_1,1,MOVING_TO_FIELD,Field_20,1,MOVING_TO_FIELD,Field_4,1,MOVING_TO_FIELD,Field_5,1,MOVING_TO_FIELD,Field_5,1,PROTECTING,Field_20,1,MOVING_TO_FIELD,Field_8,1,MOVING_TO_FIELD,Field_1,1,MOVING_TO_FIELD,Field_4,1,MOVING_TO_FIELD,Field_20,1,MOVING_TO_FIELD,Field_7,1,MOVING_TO_FIELD,Field_20,1,MOVING_TO_FIELD,Field_4,1,MOVING_TO_FIELD,Field_5,1,MOVING_TO_FIELD,Field_5,1,MOVING_TO_FIELD,Field_4,1,MOVING_TO_FIELD,Field_1,1,MOVING_TO_FIELD,Field_5,1,MOVING_TO_FIELD,Field_7,1,PROTECTING,Field_4,1,PROTECTING,Field_20,1,MOVING_TO_FIELD,Field_1,1,MOVING_TO_FIELD,Field_1,1,MOVING_TO_FIELD,Field_20,1,MOVING_TO_FIELD,Field_20,1,MOVING_TO_FIELD,Field_1,1,PROTECTING,Field_4,0,0.07,0,8,4,0,0.08,0,0,2,0,0.03,0,0,4,0,0.11,2,8,2,0,0.06,0,6,2,0,0.10,0,0,4,0,0.13,1,4,2,0,0.11,0,2,2,0,0.12,0,0,3,0,0.17,0,0,6,0,0.16,0,0,4,0,0.21,0,0,1,0,0.04,0,0,2,0,0.20,0,0,6,0,0.12,0,0,6,0,0.06,0,0,2,0,0.21,0,0,2,0,0.09,0,0,1,0,0.05,0,0,2,0,0.14,2,7,1
8,0,0,0,8,0,32,0,1,PROTECTING,Field_7,1,MOVING_TO_FIELD,Field_1,1,MOVING_TO_FIELD,Field_4,1,MOVING_TO_FIELD,Field_20,1,MOVING_TO_FIELD,Field_7,1,PROTECTING,Field_4,1,MOVING_TO_FIELD,Field_1,1,MOVING_TO_FIELD,Field_4,1,PROTECTING,Field_7,1,MOVING_TO_FIELD,Field_20,1,MOVING_TO_FIELD,Field_5,1,MOVING_TO_FIELD,Field_8,1,MOVING_TO_FIELD,Field_4,1,MOVING_TO_FIELD,Field_1,1,MOVING_TO_FIELD,Field_20,1,MOVING_TO_FIELD,Field_4,1,MOVING_TO_FIELD,Field_5,1,MOVING_TO_FIELD,Field_5,1,PROTECTING,Field_20,1,MOVING_TO_FIELD,Field_8,1,MOVING_TO_FIELD,Field_1,1,MOVING_TO_FIELD,Field_4,1,MOVING_TO_FIELD,Field_20,1,PROTECTING,Field_7,1,MOVING_TO_FIELD,Field_20,1,MOVING_TO_FIELD,Field_4,1,MOVING_TO_FIELD,Field_5,1,MOVING_TO_FIELD,Field_5,1,MOVING_TO_FIELD,Field_4,1,MOVING_TO_FIELD,Field_1,1,MOVING_TO_FIELD,Field_5,1,MOVING_TO_FIELD,Field_7,1,PROTECTING,Field_4,1,PROTECTING,Field_20,1,MOVING_TO_FIELD,Field_1,1,MOVING_TO_FIELD,Field_1,1,MOVING_TO_FIELD,Field_20,1,MOVING_TO_FIELD,Field_20,1,MOVING_TO_FIELD,Field_1,1,PROTECTING,Field_4,0,0.08,0,8,4,0,0.08,0,0,2,0,0.04,0,0,4,0,0.12,3,7,1,0,0.06,0,6,2,0,0.10,0,0,4,0,0.13,3,2,0,0,0.11,0,2,2,0,0.12,0,0,3,0,0.16,0,0,6,0,0.14,0,0,4,0,0.24,0,0,1,0,0.04,0,0,2,0,0.24,0,0,6,0,0.14,0,0,6,0,0.09,0,0,2,0,0.21,0,0,2,0,0.09,0,0,1,0,0.03,0,0,2,0,0.14,2,7,1
9,0,0,0,8,0,32,0,1,PROTECTING,Field_7,1,MOVING_TO_FIELD,Field_1,1,MOVING_TO_FIELD,Field_4,1,MOVING_TO_FIELD,Field_20,1,MOVING_TO_FIELD,Field_7,1,PROTECTING,Field_4,1,MOVING_TO_FIELD,Field_1,1,MOVING_TO_FIELD,Field_4,1,PROTECTING,Field_7,1,MOVING_TO_FIELD,Field_20,1,MOVING_TO_FIELD,Field_5,1,MOVING_TO_FIELD,Field_8,1,MOVING_TO_FIELD,Field_4,1,MOVING_TO_FIELD,Field_1,1,MOVING_TO_FIELD,Field_20,1,MOVING_TO_FIELD,Field_4,1,MOVING_TO_FIELD,Field_5,1,MOVING_TO_FIELD,Field_5,1,PROTECTING,Field_20,1,MOVING_TO_FIELD,Field_8,1,MOVING_TO_FIELD,Field_1,1,MOVING_TO_FIELD,Field_4,1,MOVING_TO_FIELD,Field_20,1,PROTECTING,Field_7,1,MOVING_TO_FIELD,Field_20,1,MOVING_TO_FIELD,Field_4,1,MOVING_TO_FIELD,Field_5,1,MOVING_TO_FIELD,Field_5,1,MOVING_TO_FIELD,Field_4,1,MOVING_TO_FIELD,Field_1,1,MOVING_TO_FIELD,Field_5,1,MOVING_TO_FIELD,Field_7,1,PROTECTING,Field_4,1,PROTECTING,Field_20,1,MOVING_TO_FIELD,Field_1,1,MOVING_TO_FIELD,Field_1,1,MOVING_TO_FIELD,Field_20,1,MOVING_TO_FIELD,Field_20,1,MOVING_TO_FIELD,Field_1,1,PROTECTING,Field_4,0,0.08,0,8,4,0,0.10,0,0,2,0,0.03,0,0,4,0,0.12,3,7,1,0,0.06,0,6,2,0,0.10,0,0,4,0,0.14,3,2,0,0,0.10,0,2,2,0,0.12,0,0,3,0,0.16,0,0,6,0,0.14,0,0,4,0,0.27,0,0,1,0,0.02,0,0,2,0,0.25,0,0,6,0,0.13,0,0,6,0,0.09,0,0,2,0,0.23,0,0,2,0,0.11,0,0,1,0,0.05,0,0,2,0,0.12,2,7,1
10,0,0,0,9,0,31,0,1,PROTECTING,Field_7,1,MOVING_TO_FIELD,Field_1,1,MOVING_TO_FIELD,Field_4,1,MOVING_TO_FIELD,Field_20,1,MOVING_TO_FIELD,Field_7,1,PROTECTING,Field_4,1,PROTECTING,Field_1,1,MOVING_TO_FIELD,Field_4,1,PROTECTING,Field_7,1,MOVING_TO_FIELD,Field_20,1,MOVING_TO_FIELD,Field_5,1,MOVING_TO_FIELD,Field_8,1,MOVING_TO_FIELD,Field_4,1,MOVING_TO_FIELD,Field_1,1,MOVING_TO_FIELD,Field_20,1,MOVING_TO_FIELD,Field_4,1,MOVING_TO_FIELD,Field_5,1,MOVING_TO_FIELD,Field_5,1,PROTECTING,Field_20,1,MOVING_TO_FIELD,Field_8,1,MOVING_TO_FIELD,Field_1,1,MOVING_TO_FIELD,Field_4,1,MOVING_TO_FIELD,Field_20,1,PROTECTING,Field_7,1,MOVING_TO_FIELD,Field_20,1,MOVING_TO_FIELD,Field_4,1,MOVING_TO_FIELD,Field_5,1,MOVING_TO_FIELD,Field_5,1,MOVING_TO_FIELD,Field_4,1,MOVING_TO_FIELD,Field_1,1,MOVING_TO_FIELD,Field_5,1,MOVING_TO_FIELD,Field_7,1,PROTECTING,Field_4,1,PROTECTING,Field_20,1,MOVING_TO_FIELD,Field_1,1,MOVING_TO_FIELD,Field_1,1,MOVING_TO_FIELD,Field_20,1,MOVING_TO_FIELD,Field_20,1,MOVING_TO_FIELD,Field_1,1,PROTECTING,Field_4,0,0.08,1,7,3,0,0.10,0,0,2,0,0.01,0,0,4,0,0.12,3,7,1,0,0.10,0,6,2,0,0.11,0,0,4,0,0.15,3,2,0,0,0.10,0,2,2,0,0.12,0,0,3,0,0.15,0,0,6,0,0.13,0,0,4,0,0.24,0,0,1,0,0.04,0,0,2,0,0.27,0,0,6,0,0.13,0,0,6,0,0.09,0,0,2,0,0.25,0,0,2,0,0.11,0,0,1,0,0.05,0,0,2,0,0.12,2,7,1
11,0,2,0,9,0,29,0,1,PROTECTING,Field_7,1,MOVING_TO_FIELD,Field_5,1,MOVING_TO_FIELD,Field_4,1,MOVING_TO_FIELD,Field_20,1,MOVING_TO_FIELD,Field_20,1,PROTECTING,Field_4,1,MOVING_TO_FIELD,Field_5,1,MOVING_TO_FIELD,Field_4,1,PROTECTING,Field_7,1,MOVING_TO_FIELD,Field_2,1,MOVING_TO_FIELD,Field_5,1,MOVING_TO_FIELD,Field_7,1,MOVING_TO_FIELD,Field_4,1,IDLE,,1,MOVING_TO_FIELD,Field_20,1,MOVING_TO_FIELD,Field_4,1,MOVING_TO_FIELD,Field_1,1,MOVING_TO_FIELD,Field_1,1,PROTECTING,Field_20,1,MOVING_TO_FIELD,Field_8,1,MOVING_TO_FIELD,Field_5,1,MOVING_TO_FIELD,Field_4,1,MOVING_TO_FIELD,Field_20,1,PROTECTING,Field_7,1,MOVING_TO_FIELD,Field_20,1,PROTECTING,Field_4,1,MOVING_TO_FIELD,Field_1,1,MOVING_TO_FIELD,Field_5,1,MOVING_TO_FIELD,Field_4,1,IDLE,,1,MOVING_TO_FIELD,Field_1,1,MOVING_TO_FIELD,Field_7,1,PROTECTING,Field_4,1,PROTECTING,Field_20,1,MOVING_TO_FIELD,Field_5,1,MOVING_TO_FIELD,Field_5,1,MOVING_TO_FIELD,Field_20,1,MOVING_TO_FIELD,Field_20,1,MOVING_TO_FIELD,Field_5,1,PROTECTING,Field_4,0,0.08,0,4,4,0,0.10,0,1,2,0,0.03,0,0,4,0,0.13,4,6,0,0,0.11,0,8,2,0,0.11,0,0,4,0,0.16,3,2,0,0,0.10,0,1,2,0,0.15,0,0,3,0,0.15,0,0,6,0,0.16,0,0,4,0,0.24,0,0,1,0,0.05,0,0,2,0,0.30,0,0,6,0,0.13,0,0,6,0,0.07,0,0,2,0,0.26,0,0,2,0,0.11,0,0,1,0,0.05,0,0,2,0,0.12,2,7,1
12,1,2,0,10,0,28,0,1,PROTECTING,Field_7,1,MOVING_TO_FIELD,Field_5,1,MOVING_TO_FIELD,Field_4,1,PROTECTING,Field_20,1,MOVING_TO_FIELD,Field_20,1,PROTECTING,Field_4,1,MOVING_TO_FIELD,Field_5,1,MOVING_TO_FIELD,Field_4,1,PROTECTING,Field_7,1,MOVING_TO_FIELD,Field_2,1,MOVING_TO_FIELD,Field_5,1,MOVING_TO_FIELD,Field_7,1,MOVING_TO_FIELD,Field_4,1,IDLE,,1,MOVING_TO_FIELD,Field_20,1,MOVING_TO_FIELD,Field_4,1,MOVING_TO_FIELD,Field_1,1,MOVING_TO_FIELD,Field_1,1,PROTECTING,Field_20,1,MOVING_TO_FIELD,Field_8,1,MOVING_TO_FIELD,Field_5,1,MOVING_TO_FIELD,Field_4,1,MOVING_TO_FIELD,Field_20,1,PROTECTING,Field_7,1,MOVING_TO_FIELD,Field_20,1,PROTECTING,Field_4,1,MOVING_TO_FIELD,Field_1,1,MOVING_TO_FIELD,Field_5,1,MOVING_TO_FIELD,Field_4,1,IDLE,,1,MOVING_TO_FIELD,Field_1,1,MOVING_TO_FIELD,Field_7,1,PROTECTING,Field_4,1,PROTECTING,Field_20,1,MOVING_TO_FIELD,Field_5,1,MOVING_TO_FIELD,Field_5,1,MOVING_TO_FIELD,Field_20,1,MOVING_TO_FIELD,Field_20,1,MOVING_TO_FIELD,Field_5,1,PROTECTING,Field_4,0,0.08,0,4,4,0,0.10,0,1,2,0,0.04,0,0,4,0,0.13,4,6,0,0,0.12,0,8,2,0,0.11,0,0,4,0,0.17,3,2,0,0,0.11,0,1,2,0,0.17,0,0,3,0,0.16,0,0,6,0,0.18,0,0,4,1,0.27,0,0,1,0,0.05,0,0,2,0,0.30,0,0,6,0,0.13,0,0,6,0,0.07,0,0,2,0,0.28,0,0,2,0,0.11,0,0,1,0,0.05,0,0,2,0,0.12,3,6,0
13,1,2,0,10,0,28,0,1,PROTECTING,Field_7,1,MOVING_TO_FIELD,Field_5,1,MOVING_TO_FIELD,Field_4,1,PROTECTING,Field_20,1,MOVING_TO_FIELD,Field_20,1,PROTECTING,Field_4,1,MOVING_TO_FIELD,Field_5,1,MOVING_TO_FIELD,Field_4,1,PROTECTING,Field_7,1,MOVING_TO_FIELD,Field_2,1,MOVING_TO_FIELD,Field_5,1,MOVING_TO_FIELD,Field_7,1,MOVING_TO_FIELD,Field_4,1,IDLE,,1,MOVING_TO_FIELD,Field_20,1,MOVING_TO_FIELD,Field_4,1,MOVING_TO_FIELD,Field_1,1,MOVING_TO_FIELD,Field_1,1,PROTECTING,Field_20,1,MOVING_TO_FIELD,Field_8,1,MOVING_TO_FIELD,Field_5,1,MOVING_TO_FIELD,Field_4,1,MOVING_TO_FIELD,Field_20,1,PROTECTING,Field_7,1,MOVING_TO_FIELD,Field_20,1,PROTECTING,Field_4,1,MOVING_TO_FIELD,Field_1,1,MOVING_TO_FIELD,Field_5,1,MOVING_TO_FIELD,Field_4,1,IDLE,,1,MOVING_TO_FIELD,Field_1,1,MOVING_TO_FIELD,Field_7,1,PROTECTING,Field_4,1,PROTECTING,Field_20,1,MOVING_TO_FIELD,Field_5,1,MOVING_TO_FIELD,Field_5,1,MOVING_TO_FIELD,Field_20,1,MOVING_TO_FIELD,Field_20,1,MOVING_TO_FIELD,Field_5,1,PROTECTING,Field_4,0,0.09,0,4,4,0,0.10,0,1,2,0,0.05,0,0,4,0,0.13,4,6,0,0,0.14,0,8,2,0,0.12,0,0,4,0,0.18,3,2,0,0,0.11,0,1,2,0,0.15,0,0,3,0,0.16,0,0,6,0,0.18,0,0,4,1,0.30,0,0,1,0,0.07,0,0,2,0,0.31,0,0,6,0,0.16,0,0,6,0,0.06,0,0,2,0,0.28,0,0,2,0,0.13,0,0,1,0,0.05,0,0,2,0,0.12,3,6,0
14,1,2,0,12,0,26,0,1,PROTECTING,Field_7,1,MOVING_TO_FIELD,Field_5,1,MOVING_TO_FIELD,Field_4,1,PROTECTING,Field_20,1,MOVING_TO_FIELD,Field_20,1,PROTECTING,Field_4,1,MOVING_TO_FIELD,Field_5,1,MOVING_TO_FIELD,Field_4,1,PROTECTING,Field_7,1,MOVING_TO_FIELD,Field_2,1,MOVING_TO_FIELD,Field_5,1,MOVING_TO_FIELD,Field_7,1,MOVING_TO_FIELD,Field_4,1,IDLE,,1,MOVING_TO_FIELD,Field_20,1,MOVING_TO_FIELD,Field_4,1,MOVING_TO_FIELD,Field_1,1,MOVING_TO_FIELD,Field_1,1,PROTECTING,Field_20,1,MOVING_TO_FIELD,Field_8,1,PROTECTING,Field_5,1,MOVING_TO_FIELD,Field_4,1,MOVING_TO_FIELD,Field_20,1,PROTECTING,Field_7,1,MOVING_TO_FIELD,Field_20,1,PROTECTING,Field_4,1,MOVING_TO_FIELD,Field_1,1,PROTECTING,Field_5,1,MOVING_TO_FIELD,Field_4,1,IDLE,,1,MOVING_TO_FIELD,Field_1,1,MOVING_TO_FIELD,Field_7,1,PROTECTING,Field_4,1,PROTECTING,Field_20,1,MOVING_TO_FIELD,Field_5,1,MOVING_TO_FIELD,Field_5,1,MOVING_TO_FIELD,Field_20,1,MOVING_TO_FIELD,Field_20,1,MOVING_TO_FIELD,Field_5,1,PROTECTING,Field_4,0,0.10,0,4,4,0,0.10,0,1,2,0,0.06,0,0,4,0,0.14,4,6,0,0,0.12,2,6,0,0,0.13,0,0,4,0,0.19,3,2,0,0,0.11,0,1,2,0,0.15,0,0,3,0,0.16,0,0,6,0,0.18,0,0,4,1,0.30,0,0,1,0,0.07,0,0,2,0,0.30,0,0,6,0,0.17,0,0,6,0,0.06,0,0,2,0,0.28,0,0,2,0,0.13,0,0,1,0,0.05,0,0,2,0,0.14,3,6,0
15,1,2,0,12,0,26,0,1,PROTECTING,Field_7,1,MOVING_TO_FIELD,Field_5,1,MOVING_TO_FIELD,Field_4,1,PROTECTING,Field_20,1,MOVING_TO_FIELD,Field_20,1,PROTECTING,Field_4,1,MOVING_TO_FIELD,Field_5,1,MOVING_TO_FIELD,Field_4,1,PROTECTING,Field_7,1,MOVING_TO_FIELD,Field_2,1,MOVING_TO_FIELD,Field_5,1,MOVING_TO_FIELD,Field_7,1,MOVING_TO_FIELD,Field_4,1,IDLE,,1,MOVING_TO_FIELD,Field_20,1,MOVING_TO_FIELD,Field_4,1,MOVING_TO_FIELD,Field_1,1,MOVING_TO_FIELD,Field_1,1,PROTECTING,Field_20,1,MOVING_TO_FIELD,Field_8,1,PROTECTING,Field_5,1,MOVING_TO_FIELD,Field_4,1,MOVING_TO_FIELD,Field_20,1,PROTECTING,Field_7,1,MOVING_TO_FIELD,Field_20,1,PROTECTING,Field_4,1,MOVING_TO_FIELD,Field_1,1,PROTECTING,Field_5,1,MOVING_TO_FIELD,Field_4,1,IDLE,,1,MOVING_TO_FIELD,Field_1,1,MOVING_TO_FIELD,Field_7,1,PROTECTING,Field_4,1,PROTECTING,Field_20,1,MOVING_TO_FIELD,Field_5,1,MOVING_TO_FIELD,Field_5,1,MOVING_TO_FIELD,Field_20,1,MOVING_TO_FIELD,Field_20,1,MOVING_TO_FIELD,Field_5,1,PROTECTING,Field_4,0,0.11,0,4,4,0,0.10,0,1,2,0,0.07,0,0,4,0,0.16,4,6,0,0,0.11,2,6,0,0,0.13,0,0,4,0,0.19,3,2,0,0,0.10,0,1,2,0,0.15,0,0,3,0,0.16,0,0,6,0,0.20,0,0,4,1,0.30,0,0,1,0,0.07,0,0,2,0,0.31,0,0,6,0,0.18,0,0,6,0,0.06,0,0,2,0,0.28,0,0,2,0,0.13,0,0,1,0,0.05,0,0,2,0,0.14,3,6,0
16,6,2,0,12,0,26,0,1,PROTECTING,Field_7,1,MOVING_TO_FIELD,Field_5,1,MOVING_TO_FIELD,Field_4,1,PROTECTING,Field_20,1,MOVING_TO_FIELD,Field_20,1,PROTECTING,Field_4,1,MOVING_TO_FIELD,Field_5,1,MOVING_TO_FIELD,Field_4,1,PROTECTING,Field_7,1,MOVING_TO_FIELD,Field_2,1,MOVING_TO_FIELD,Field_5,1,MOVING_TO_FIELD,Field_7,1,MOVING_TO_FIELD,Field_4,1,IDLE,,1,MOVING_TO_FIELD,Field_20,1,MOVING_TO_FIELD,Field_4,1,MOVING_TO_FIELD,Field_1,1,MOVING_TO_FIELD,Field_1,1,PROTECTING,Field_20,1,MOVING_TO_FIELD,Field_8,1,PROTECTING,Field_5,1,MOVING_TO_FIELD,Field_4,1,MOVING_TO_FIELD,Field_20,1,PROTECTING,Field_7,1,MOVING_TO_FIELD,Field_20,1,PROTECTING,Field_4,1,MOVING_TO_FIELD,Field_1,1,PROTECTING,Field_5,1,MOVING_TO_FIELD,Field_4,1,IDLE,,1,MOVING_TO_FIELD,Field_1,1,MOVING_TO_FIELD,Field_7,1,PROTECTING,Field_4,1,PROTECTING,Field_20,1,MOVING_TO_FIELD,Field_5,1,MOVING_TO_FIELD,Field_5,1,MOVING_TO_FIELD,Field_20,1,MOVING_TO_FIELD,Field_20,1,MOVING_TO_FIELD,Field_5,1,PROTECTING,Field_4,0,0.10,0,4,4,0,0.10,0,1,2,0,0.08,0,0,4,1,0.18,4,6,0,0,0.12,2,6,0,1,0.13,0,0,4,0,0.18,3,2,0,0,0.10,0,1,2,0,0.15,0,0,3,1,0.18,0,0,6,0,0.21,0,0,4,2,0.30,0,0,1,0,0.11,0,0,2,0,0.35,0,0,6,0,0.18,0,0,6,0,0.06,0,0,2,1,0.26,0,0,2,0,0.17,0,0,1,0,0.05,0,0,2,0,0.16,3,6,0
17,11,2,0,12,0,26,0,1,PROTECTING,Field_7,1,MOVING_TO_FIELD,Field_5,1,MOVING_TO_FIELD,Field_4,1,PROTECTING,Field_20,1,MOVING_TO_FIELD,Field_20,1,PROTECTING,Field_4,1,MOVING_TO_FIELD,Field_5,1,MOVING_TO_FIELD,Field_4,1,PROTECTING,Field_7,1,MOVING_TO_FIELD,Field_2,1,MOVING_TO_FIELD,Field_5,1,MOVING_TO_FIELD,Field_7,1,MOVING_TO_FIELD,Field_4,1,IDLE,,1,MOVING_TO_FIELD,Field_20,1,MOVING_TO_FIELD,Field_4,1,MOVING_TO_FIELD,Field_1,1,MOVING_TO_FIELD,Field_1,1,PROTECTING,Field_20,1,MOVING_TO_FIELD,Field_8,1,PROTECTING,Field_5,1,MOVING_TO_FIELD,Field_4,1,MOVING_TO_FIELD,Field_20,1,PROTECTING,Field_7,1,MOVING_TO_FIELD,Field_20,1,PROTECTING,Field_4,1,MOVING_TO_FIELD,Field_1,1,PROTECTING,Field_5,1,MOVING_TO_FIELD,Field_4,1,IDLE,,1,MOVING_TO_FIELD,Field_1,1,MOVING_TO_FIELD,Field_7,1,PROTECTING,Field_4,1,PROTECTING,Field_20,1,MOVING_TO_FIELD,Field_5,1,MOVING_TO_FIELD,Field_5,1,MOVING_TO_FIELD,Field_20,1,MOVING_TO_FIELD,Field_20,1,MOVING_TO_FIELD,Field_5,1,PROTECTING,Field_4,0,0.10,0,4,4,0,0.10,0,1,2,0,0.08,0,0,4,2,0.18,4,6,0,0,0.12,2,6,0,1,0.14,0,0,4,0,0.18,3,2,0,1,0.10,0,1,2,0,0.17,0,0,3,1,0.19,0,0,6,0,0.21,0,0,4,3,0.30,0,0,1,0,0.11,0,0,2,1,0.37,0,0,6,0,0.21,0,0,6,0,0.06,0,0,2,2,0.26,0,0,2,0,0.22,0,0,1,0,0.05,0,0,2,0,0.16,3,6,0
18,14,2,0,12,0,26,0,1,PROTECTING,Field_7,1,MOVING_TO_FIELD,Field_5,1,MOVING_TO_FIELD,Field_4,1,PROTECTING,Field_20,1,MOVING_TO_FIELD,Field_20,1,PROTECTING,Field_4,1,MOVING_TO_FIELD,Field_5,1,MOVING_TO_FIELD,Field_4,1,PROTECTING,Field_7,1,MOVING_TO_FIELD,Field_2,1,MOVING_TO_FIELD,Field_5,1,MOVING_TO_FIELD,Field_7,1,MOVING_TO_FIELD,Field_4,1,IDLE,,1,MOVING_TO_FIELD,Field_20,1,MOVING_TO_FIELD,Field_4,1,MOVING_TO_FIELD,Field_1,1,MOVING_TO_FIELD,Field_1,1,PROTECTING,Field_20,1,MOVING_TO_FIELD,Field_8,1,PROTECTING,Field_5,1,MOVING_TO_FIELD,Field_4,1,MOVING_TO_FIELD,Field_20,1,PROTECTING,Field_7,1,MOVING_TO_FIELD,Field_20,1,PROTECTING,Field_4,1,MOVING_TO_FIELD,Field_1,1,PROTECTING,Field_5,1,MOVING_TO_FIELD,Field_4,1,IDLE,,1,MOVING_TO_FIELD,Field_1,1,MOVING_TO_FIELD,Field_7,1,PROTECTING,Field_4,1,PROTECTING,Field_20,1,MOVING_TO_FIELD,Field_5,1,MOVING_TO_FIELD,Field_5,1,MOVING_TO_FIELD,Field_20,1,MOVING_TO_FIELD,Field_20,1,MOVING_TO_FIELD,Field_5,1,PROTECTING,Field_4,0,0.10,0,4,4,0,0.10,0,1,2,0,0.09,0,0,4,3,0.18,4,6,0,0,0.12,2,6,0,2,0.15,0,0,4,0,0.21,3,2,0,1,0.10,0,1,2,0,0.17,0,0,3,1,0.20,0,0,6,0,0.21,0,0,4,3,0.30,0,0,1,0,0.12,0,0,2,1,0.37,0,0,6,0,0.21,0,0,6,0,0.06,0,0,2,3,0.30,0,0,2,0,0.24,0,0,1,0,0.06,0,0,2,0,0.14,3,6,0
19,17,2,0,13,0,25,0,1,PROTECTING,Field_7,1,MOVING_TO_FIELD,Field_5,1,MOVING_TO_FIELD,Field_4,1,PROTECTING,Field_20,1,MOVING_TO_FIELD,Field_20,1,PROTECTING,Field_4,1,MOVING_TO_FIELD,Field_5,1,MOVING_TO_FIELD,Field_4,1,PROTECTING,Field_7,1,MOVING_TO_FIELD,Field_2,1,PROTECTING,Field_5,1,MOVING_TO_FIELD,Field_7,1,MOVING_TO_FIELD,Field_4,1,IDLE,,1,MOVING_TO_FIELD,Field_20,1,MOVING_TO_FIELD,Field_4,1,MOVING_TO_FIELD,Field_1,1,MOVING_TO_FIELD,Field_1,1,PROTECTING,Field_20,1,MOVING_TO_FIELD,Field_8,1,PROTECTING,Field_5,1,MOVING_TO_FIELD,Field_4,1,MOVING_TO_FIELD,Field_20,1,PROTECTING,Field_7,1,MOVING_TO_FIELD,Field_20,1,PROTECTING,Field_4,1,MOVING_TO_FIELD,Field_1,1,PROTECTING,Field_5,1,MOVING_TO_FIELD,Field_4,1,IDLE,,1,MOVING_TO_FIELD,Field_1,1,MOVING_TO_FIELD,Field_7,1,PROTECTING,Field_4,1,PROTECTING,Field_20,1,MOVING_TO_FIELD,Field_5,1,MOVING_TO_FIELD,Field_5,1,MOVING_TO_FIELD,Field_20,1,MOVING_TO_FIELD,Field_20,1,MOVING_TO_FIELD,Field_5,1,PROTECTING,Field_4,0,0.10,0,4,4,0,0.11,0,1,2,0,0.09,0,0,4,4,0.17,4,6,0,0,0.12,3,5,-1,2,0.14,0,0,4,0,0.20,3,2,0,1,0.11,0,1,2,0,0.19,0,0,3,1,0.21,0,0,6,0,0.21,0,0,4,3,0.30,0,0,1,0,0.14,0,0,2,1,0.39,0,0,6,0,0.22,0,0,6,1,0.06,0,0,2,4,0.28,0,0,2,0,0.26,0,0,1,0,0.06,0,0,2,0,0.16,3,6,0
20,22,2,0,13,0,25,0,1,PROTECTING,Field_7,1,MOVING_TO_FIELD,Field_5,1,MOVING_TO_FIELD,Field_4,1,PROTECTING,Field_20,1,MOVING_TO_FIELD,Field_20,1,PROTECTING,Field_4,1,MOVING_TO_FIELD,Field_5,1,MOVING_TO_FIELD,Field_4,1,PROTECTING,Field_7,1,MOVING_TO_FIELD,Field_2,1,PROTECTING,Field_5,1,MOVING_TO_FIELD,Field_7,1,MOVING_TO_FIELD,Field_4,1,IDLE,,1,MOVING_TO_FIELD,Field_20,1,MOVING_TO_FIELD,Field_4,1,MOVING_TO_FIELD,Field_1,1,MOVING_TO_FIELD,Field_1,1,PROTECTING,Field_20,1,MOVING_TO_FIELD,Field_8,1,PROTECTING,Field_5,1,MOVING_TO_FIELD,Field_4,1,MOVING_TO_FIELD,Field_20,1,PROTECTING,Field_7,1,MOVING_TO_FIELD,Field_20,1,PROTECTING,Field_4,1,MOVING_TO_FIELD,Field_1,1,PROTECTING,Field_5,1,MOVING_TO_FIELD,Field_4,1,IDLE,,1,MOVING_TO_FIELD,Field_1,1,MOVING_TO_FIELD,Field_7,1,PROTECTING,Field_4,1,PROTECTING,Field_20,1,MOVING_TO_FIELD,Field_5,1,MOVING_TO_FIELD,Field_5,1,MOVING_TO_FIELD,Field_20,1,MOVING_TO_FIELD,Field_20,1,MOVING_TO_FIELD,Field_5,1,PROTECTING,Field_4,0,0.12,0,4,4,0,0.12,0,1,2,0,0.10,0,0,4,4,0.18,4,6,0,0,0.12,3,5,-1,2,0.13,0,0,4,0,0.18,3,2,0,1,0.14,0,1,2,0,0.20,0,0,3,2,0.22,0,0,6,0,0.24,0,0,4,5,0.30,0,0,1,0,0.18,0,0,2,2,0.41,0,0,6,0,0.22,0,0,6,1,0.07,0,0,2,5,0.25,0,0,2,0,0.28,0,0,1,0,0.08,0,0,2,0,0.14,3,6,0
21,26,1,0,13,0,26,0,1,PROTECTING,Field_7,1,MOVING_TO_FIELD,Field_8,1,MOVING_TO_FIELD,Field_5,1,PROTECTING,Field_20,1,IDLE,,1,PROTECTING,Field_4,1,MOVING_TO_FIELD,Field_1,1,MOVING_TO_FIELD,Field_5,1,PROTECTING,Field_7,1,MOVING_TO_FIELD,Field_20,1,PROTECTING,Field_5,1,MOVING_TO_FIELD,Field_2,1,MOVING_TO_FIELD,Field_4,1,MOVING_TO_FIELD,Field_4,1,MOVING_TO_FIELD,Field_5,1,MOVING_TO_FIELD,Field_5,1,MOVING_TO_FIELD,Field_4,1,MOVING_TO_FIELD,Field_5,1,PROTECTING,Field_20,1,MOVING_TO_FIELD,Field_20,1,PROTECTING,Field_5,1,MOVING_TO_FIELD,Field_20,1,MOVING_TO_FIELD,Field_20,1,PROTECTING,Field_7,1,MOVING_TO_FIELD,Field_20,1,PROTECTING,Field_4,1,MOVING_TO_FIELD,Field_4,1,PROTECTING,Field_5,1,MOVING_TO_FIELD,Field_7,1,MOVING_TO_FIELD,Field_4,1,MOVING_TO_FIELD,Field_1,1,MOVING_TO_FIELD,Field_20,1,PROTECTING,Field_4,1,PROTECTING,Field_20,1,MOVING_TO_FIELD,Field_7,1,MOVING_TO_FIELD,Field_4,1,MOVING_TO_FIELD,Field_1,1,MOVING_TO_FIELD,Field_1,1,MOVING_TO_FIELD,Field_5,1,PROTECTING,Field_4,0,0.11,0,4,4,0,0.12,0,1,2,0,0.10,0,0,4,4,0.18,4,6,0,0,0.14,3,6,-1,2,0.15,0,0,4,0,0.15,3,2,0,1,0.14,0,1,2,0,0.24,0,0,3,3,0.22,0,0,6,0,0.25,0,0,4,6,0.30,0,0,1,0,0.19,0,0,2,2,0.42,0,0,6,0,0.22,0,0,6,2,0.07,0,0,2,6,0.25,0,0,2,0,0.30,0,0,1,0,0.08,0,0,2,0,0.10,3,6,0
22,30,1,0,13,0,26,0,1,PROTECTING,Field_7,1,MOVING_TO_FIELD,Field_8,1,MOVING_TO_FIELD,Field_5,1,PROTECTING,Field_20,1,IDLE,,1,PROTECTING,Field_4,1,MOVING_TO_FIELD,Field_1,1,MOVING_TO_FIELD,Field_5,1,PROTECTING,Field_7,1,MOVING_TO_FIELD,Field_20,1,PROTECTING,Field_5,1,MOVING_TO_FIELD,Field_2,1,MOVING_TO_FIELD,Field_4,1,MOVING_TO_FIELD,Field_4,1,MOVING_TO_FIELD,Field_5,1,MOVING_TO_FIELD,Field_5,1,MOVING_TO_FIELD,Field_4,1,MOVING_TO_FIELD,Field_5,1,PROTECTING,Field_20,1,MOVING_TO_FIELD,Field_20,1,PROTECTING,Field_5,1,MOVING_TO_FIELD,Field_20,1,MOVING_TO_FIELD,Field_20,1,PROTECTING,Field_7,1,MOVING_TO_FIELD,Field_20,1,PROTECTING,Field_4,1,MOVING_TO_FIELD,Field_4,1,PROTECTING,Field_5,1,MOVING_TO_FIELD,Field_7,1,MOVING_TO_FIELD,Field_4,1,MOVING_TO_FIELD,Field_1,1,MOVING_TO_FIELD,Field_20,1,PROTECTING,Field_4,1,PROTECTING,Field_20,1,MOVING_TO_FIELD,Field_7,1,MOVING_TO_FIELD,Field_4,1,MOVING_TO_FIELD,Field_1,1,MOVING_TO_FIELD,Field_1,1,MOVING_TO_FIELD,Field_5,1,PROTECTING,Field_4,0,0.12,0,4,4,0,0.14,0,1,2,0,0.10,0,0,4,4,0.18,4,6,0,0,0.15,3,6,-1,3,0.15,0,0,4,0,0.15,3,2,0,1,0.14,0,1,2,0,0.24,0,0,3,3,0.22,0,0,6,0,0.28,0,0,4,7,0.33,0,0,1,0,0.19,0,0,2,3,0.42,0,0,6,0,0.27,0,0,6,2,0.09,0,0,2,7,0.25,0,0,2,0,0.31,0,0,1,0,0.08,0,0,2,0,0.12,3,6,0
23,36,1,0,13,0,26,0,1,PROTECTING,Field_7,1,MOVING_TO_FIELD,Field_8,1,MOVING_TO_FIELD,Field_5,1,PROTECTING,Field_20,1,IDLE,,1,PROTECTING,Field_4,1,MOVING_TO_FIELD,Field_1,1,MOVING_TO_FIELD,Field_5,1,PROTECTING,Field_7,1,MOVING_TO_FIELD,Field_20,1,PROTECTING,Field_5,1,MOVING_TO_FIELD,Field_2,1,MOVING_TO_FIELD,Field_4,1,MOVING_TO_FIELD,Field_4,1,MOVING_TO_FIELD,Field_5,1,MOVING_TO_FIELD,Field_5,1,MOVING_TO_FIELD,Field_4,1,MOVING_TO_FIELD,Field_5,1,PROTECTING,Field_20,1,MOVING_TO_FIELD,Field_20,1,PROTECTING,Field_5,1,MOVING_TO_FIELD,Field_20,1,MOVING_TO_FIELD,Field_20,1,PROTECTING,Field_7,1,MOVING_TO_FIELD,Field_20,1,PROTECTING,Field_4,1,MOVING_TO_FIELD,Field_4,1,PROTECTING,Field_5,1,MOVING_TO_FIELD,Field_7,1,MOVING_TO_FIELD,Field_4,1,MOVING_TO_FIELD,Field_1,1,MOVING_TO_FIELD,Field_20,1,PROTECTING,Field_4,1,PROTECTING,Field_20,1,MOVING_TO_FIELD,Field_7,1,MOVING_TO_FIELD,Field_4,1,MOVING_TO_FIELD,Field_1,1,MOVING_TO_FIELD,Field_1,1,MOVING_TO_FIELD,Field_5,1,PROTECTING,Field_4,0,0.13,0,4,4,0,0.18,0,1,2,0,0.11,0,0,4,5,0.18,4,6,0,0,0.15,3,6,-1,3,0.15,0,0,4,0,0.15,3,2,0,1,0.13,0,1,2,0,0.21,0,0,3,4,0.22,0,0,6,0,0.29,0,0,4,7,0.42,0,0,1,1,0.19,0,0,2,3,0.42,0,0,6,0,0.27,0,0,6,3,0.07,0,0,2,7,0.23,0,0,2,2,0.31,0,0,1,0,0.10,0,0,2,0,0.12,3,6,0
24,42,1,0,13,0,26,0,1,PROTECTING,Field_7,1,MOVING_TO_FIELD,Field_8,1,MOVING_TO_FIELD,Field_5,1,PROTECTING,Field_20,1,IDLE,,1,PROTECTING,Field_4,1,MOVING_TO_FIELD,Field_1,1,MOVING_TO_FIELD,Field_5,1,PROTECTING,Field_7,1,MOVING_TO_FIELD,Field_20,1,PROTECTING,Field_5,1,MOVING_TO_FIELD,Field_2,1,MOVING_TO_FIELD,Field_4,1,MOVING_TO_FIELD,Field_4,1,MOVING_TO_FIELD,Field_5,1,MOVING_TO_FIELD,Field_5,1,MOVING_TO_FIELD,Field_4,1,MOVING_TO_FIELD,Field_5,1,PROTECTING,Field_20,1,MOVING_TO_FIELD,Field_20,1,PROTECTING,Field_5,1,MOVING_TO_FIELD,Field_20,1,MOVING_TO_FIELD,Field_20,1,PROTECTING,Field_7,1,MOVING_TO_FIELD,Field_20,1,PROTECTING,Field_4,1,MOVING_TO_FIELD,Field_4,1,PROTECTING,Field_5,1,MOVING_TO_FIELD,Field_7,1,MOVING_TO_FIELD,Field_4,1,MOVING_TO_FIELD,Field_1,1,MOVING_TO_FIELD,Field_20,1,PROTECTING,Field_4,1,PROTECTING,Field_20,1,MOVING_TO_FIELD,Field_7,1,MOVING_TO_FIELD,Field_4,1,MOVING_TO_FIELD,Field_1,1,MOVING_TO_FIELD,Field_1,1,MOVING_TO_FIELD,Field_5,1,PROTECTING,Field_4,0,0.14,0,4,4,0,0.18,0,1,2,0,0.11,0,0,4,6,0.20,4,6,0,0,0.16,3,6,-1,3,0.16,0,0,4,0,0.14,3,2,0,1,0.14,0,1,2,0,0.21,0,0,3,4,0.22,0,0,6,0,0.29,0,0,4,7,0.39,0,0,1,1,0.19,0,0,2,4,0.45,0,0,6,2,0.26,0,0,6,3,0.07,0,0,2,8,0.25,0,0,2,3,0.33,0,0,1,0,0.10,0,0,2,0,0.12,3,6,0
25,46,1,0,13,0,26,0,1,PROTECTING,Field_7,1,MOVING_TO_FIELD,Field_8,1,MOVING_TO_FIELD,Field_5,1,PROTECTING,Field_20,1,IDLE,,1,PROTECTING,Field_4,1,MOVING_TO_FIELD,Field_1,1,MOVING_TO_FIELD,Field_5,1,PROTECTING,Field_7,1,MOVING_TO_FIELD,Field_20,1,PROTECTING,Field_5,1,MOVING_TO_FIELD,Field_2,1,MOVING_TO_FIELD,Field_4,1,MOVING_TO_FIELD,Field_4,1,MOVING_TO_FIELD,Field_5,1,MOVING_TO_FIELD,Field_5,1,MOVING_TO_FIELD,Field_4,1,MOVING_TO_FIELD,Field_5,1,PROTECTING,Field_20,1,MOVING_TO_FIELD,Field_20,1,PROTECTING,Field_5,1,MOVING_TO_FIELD,Field_20,1,MOVING_TO_FIELD,Field_20,1,PROTECTING,Field_7,1,MOVING_TO_FIELD,Field_20,1,PROTECTING,Field_4,1,MOVING_TO_FIELD,Field_4,1,PROTECTING,Field_5,1,MOVING_TO_FIELD,Field_7,1,MOVING_TO_FIELD,Field_4,1,MOVING_TO_FIELD,Field_1,1,MOVING_TO_FIELD,Field_20,1,PROTECTING,Field_4,1,PROTECTING,Field_20,1,MOVING_TO_FIELD,Field_7,1,MOVING_TO_FIELD,Field_4,1,MOVING_TO_FIELD,Field_1,1,MOVING_TO_FIELD,Field_1,1,MOVING_TO_FIELD,Field_5,1,PROTECTING,Field_4,0,0.14,0,4,4,0,0.18,0,1,2,0,0.11,0,0,4,6,0.20,4,6,0,0,0.17,3,6,-1,3,0.17,0,0,4,0,0.14,3,2,0,1,0.14,0,1,2,0,0.21,0,0,3,5,0.22,0,0,6,1,0.29,0,0,4,7,0.36,0,0,1,1,0.19,0,0,2,5,0.46,0,0,6,2,0.26,0,0,6,3,0.07,0,0,2,9,0.25,0,0,2,3,0.30,0,0,1,0,0.08,0,0,2,0,0.12,3,6,0
26,50,1,0,13,0,26,0,1,PROTECTING,Field_7,1,MOVING_TO_FIELD,Field_8,1,MOVING_TO_FIELD,Field_5,1,PROTECTING,Field_20,1,IDLE,,1,PROTECTING,Field_4,1,MOVING_TO_FIELD,Field_1,1,MOVING_TO_FIELD,Field_5,1,PROTECTING,Field_7,1,MOVING_TO_FIELD,Field_20,1,PROTECTING,Field_5,1,MOVING_TO_FIELD,Field_2,1,MOVING_TO_FIELD,Field_4,1,MOVING_TO_FIELD,Field_4,1,MOVING_TO_FIELD,Field_5,1,MOVING_TO_FIELD,Field_5,1,MOVING_TO_FIELD,Field_4,1,MOVING_TO_FIELD,Field_5,1,PROTECTING,Field_20,1,MOVING_TO_FIELD,Field_20,1,PROTECTING,Field_5,1,MOVING_TO_FIELD,Field_20,1,MOVING_TO_FIELD,Field_20,1,PROTECTING,Field_7,1,MOVING_TO_FIELD,Field_20,1,PROTECTING,Field_4,1,MOVING_TO_FIELD,Field_4,1,PROTECTING,Field_5,1,MOVING_TO_FIELD,Field_7,1,MOVING_TO_FIELD,Field_4,1,MOVING_TO_FIELD,Field_1,1,MOVING_TO_FIELD,Field_20,1,PROTECTING,Field_4,1,PROTECTING,Field_20,1,MOVING_TO_FIELD,Field_7,1,MOVING_TO_FIELD,Field_4,1,MOVING_TO_FIELD,Field_1,1,MOVING_TO_FIELD,Field_1,1,MOVING_TO_FIELD,Field_5,1,PROTECTING,Field_4,0,0.15,0,4,4,1,0.19,0,1,2,0,0.11,0,0,4,6,0.21,4,6,0,0,0.17,3,6,-1,3,0.17,0,0,4,0,0.14,3,2,0,1,0.16,0,1,2,0,0.24,0,0,3,5,0.21,0,0,6,1,0.29,0,0,4,7,0.33,0,0,1,3,0.18,0,0,2,6,0.48,0,0,6,2,0.27,0,0,6,3,0.07,0,0,2,9,0.25,0,0,2,3,0.30,0,0,1,0,0.06,0,0,2,0,0.10,3,6,0
27,61,1,0,13,0,26,0,1,PROTECTING,Field_7,1,MOVING_TO_FIELD,Field_8,1,MOVING_TO_FIELD,Field_5,1,PROTECTING,Field_20,1,IDLE,,1,PROTECTING,Field_4,1,MOVING_TO_FIELD,Field_1,1,MOVING_TO_FIELD,Field_5,1,PROTECTING,Field_7,1,MOVING_TO_FIELD,Field_20,1,PROTECTING,Field_5,1,MOVING_TO_FIELD,Field_2,1,MOVING_TO_FIELD,Field_4,1,MOVING_TO_FIELD,Field_4,1,MOVING_TO_FIELD,Field_5,1,MOVING_TO_FIELD,Field_5,1,MOVING_TO_FIELD,Field_4,1,MOVING_TO_FIELD,Field_5,1,PROTECTING,Field_20,1,MOVING_TO_FIELD,Field_20,1,PROTECTING,Field_5,1,MOVING_TO_FIELD,Field_20,1,MOVING_TO_FIELD,Field_20,1,PROTECTING,Field_7,1,MOVING_TO_FIELD,Field_20,1,PROTECTING,Field_4,1,MOVING_TO_FIELD,Field_4,1,PROTECTING,Field_5,1,MOVING_TO_FIELD,Field_7,1,MOVING_TO_FIELD,Field_4,1,MOVING_TO_FIELD,Field_1,1,MOVING_TO_FIELD,Field_20,1,PROTECTING,Field_4,1,PROTECTING,Field_20,1,MOVING_TO_FIELD,Field_7,1,MOVING_TO_FIELD,Field_4,1,MOVING_TO_FIELD,Field_1,1,MOVING_TO_FIELD,Field_1,1,MOVING_TO_FIELD,Field_5,1,PROTECTING,Field_4,0,0.15,0,4,4,2,0.20,0,1,2,0,0.11,0,0,4,6,0.22,4,6,0,0,0.15,3,6,-1,3,0.17,0,0,4,0,0.13,3,2,0,2,0.17,0,1,2,0,0.24,0,0,3,5,0.22,0,0,6,3,0.30,0,0,4,8,0.30,0,0,1,4,0.18,0,0,2,7,0.45,0,0,6,2,0.27,0,0,6,3,0.07,0,0,2,11,0.26,0,0,2,5,0.31,0,0,1,0,0.06,0,0,2,0,0.12,3,6,0
28,72,1,0,13,0,26,0,1,PROTECTING,Field_7,1,MOVING_TO_FIELD,Field_8,1,MOVING_TO_FIELD,Field_5,1,PROTECTING,Field_20,1,IDLE,,1,PROTECTING,Field_4,1,MOVING_TO_FIELD,Field_1,1,MOVING_TO_FIELD,Field_5,1,PROTECTING,Field_7,1,MOVING_TO_FIELD,Field_20,1,PROTECTING,Field_5,1,MOVING_TO_FIELD,Field_2,1,MOVING_TO_FIELD,Field_4,1,MOVING_TO_FIELD,Field_4,1,MOVING_TO_FIELD,Field_5,1,MOVING_TO_FIELD,Field_5,1,MOVING_TO_FIELD,Field_4,1,MOVING_TO_FIELD,Field_5,1,PROTECTING,Field_20,1,MOVING_TO_FIELD,Field_20,1,PROTECTING,Field_5,1,MOVING_TO_FIELD,Field_20,1,MOVING_TO_FIELD,Field_20,1,PROTECTING,Field_7,1,MOVING_TO_FIELD,Field_20,1,PROTECTING,Field_4,1,MOVING_TO_FIELD,Field_4,1,PROTECTING,Field_5,1,MOVING_TO_FIELD,Field_7,1,MOVING_TO_FIELD,Field_4,1,MOVING_TO_FIELD,Field_1,1,MOVING_TO_FIELD,Field_20,1,PROTECTING,Field_4,1,PROTECTING,Field_20,1,MOVING_TO_FIELD,Field_7,1,MOVING_TO_FIELD,Field_4,1,MOVING_TO_FIELD,Field_1,1,MOVING_TO_FIELD,Field_1,1,MOVING_TO_FIELD,Field_5,1,PROTECTING,Field_4,0,0.15,0,4,4,3,0.20,0,1,2,0,0.11,0,0,4,7,0.23,4,6,0,0,0.15,3,6,-1,3,0.17,0,0,4,0,0.12,3,2,0,2,0.17,0,1,2,0,0.24,0,0,3,5,0.21,0,0,6,4,0.30,0,0,4,9,0.30,0,0,1,4,0.18,0,0,2,9,0.45,0,0,6,2,0.26,0,0,6,3,0.07,0,0,2,12,0.25,0,0,2,9,0.31,0,0,1,0,0.06,0,0,2,0,0.14,3,6,0
29,81,1,0,13,0,26,0,1,PROTECTING,Field_7,1,MOVING_TO_FIELD,Field_8,1,MOVING_TO_FIELD,Field_5,1,PROTECTING,Field_20,1,IDLE,,1,PROTECTING,Field_4,1,MOVING_TO_FIELD,Field_1,1,MOVING_TO_FIELD,Field_5,1,PROTECTING,Field_7,1,MOVING_TO_FIELD,Field_20,1,PROTECTING,Field_5,1,MOVING_TO_FIELD,Field_2,1,MOVING_TO_FIELD,Field_4,1,MOVING_TO_FIELD,Field_4,1,MOVING_TO_FIELD,Field_5,1,MOVING_TO_FIELD,Field_5,1,MOVING_TO_FIELD,Field_4,1,MOVING_TO_FIELD,Field_5,1,PROTECTING,Field_20,1,MOVING_TO_FIELD,Field_20,1,PROTECTING,Field_5,1,MOVING_TO_FIELD,Field_20,1,MOVING_TO_FIELD,Field_20,1,PROTECTING,Field_7,1,MOVING_TO_FIELD,Field_20,1,PROTECTING,Field_4,1,MOVING_TO_FIELD,Field_4,1,PROTECTING,Field_5,1,MOVING_TO_FIELD,Field_7,1,MOVING_TO_FIELD,Field_4,1,MOVING_TO_FIELD,Field_1,1,MOVING_TO_FIELD,Field_20,1,PROTECTING,Field_4,1,PROTECTING,Field_20,1,MOVING_TO_FIELD,Field_7,1,MOVING_TO_FIELD,Field_4,1,MOVING_TO_FIELD,Field_1,1,MOVING_TO_FIELD,Field_1,1,MOVING_TO_FIELD,Field_5,1,PROTECTING,Field_4,0,0.15,0,4,4,4,0.20,0,1,2,0,0.11,0,0,4,7,0.23,4,6,0,0,0.17,3,6,-1,3,0.16,0,0,4,0,0.12,3,2,0,2,0.17,0,1,2,0,0.24,0,0,3,6,0.21,0,0,6,4,0.32,0,0,4,11,0.30,0,0,1,5,0.19,0,0,2,9,0.45,0,0,6,4,0.26,0,0,6,3,0.11,0,0,2,13,0.25,0,0,2,10,0.31,0,0,1,0,0.06,0,0,2,0,0.14,3,6,0
30,95,1,0,14,0,25,0,1,PROTECTING,Field_7,1,MOVING_TO_FIELD,Field_8,1,MOVING_TO_FIELD,Field_5,1,PROTECTING,Field_20,1,IDLE,,1,PROTECTING,Field_4,1,MOVING_TO_FIELD,Field_1,1,MOVING_TO_FIELD,Field_5,1,PROTECTING,Field_7,1,MOVING_TO_FIELD,Field_20,1,PROTECTING,Field_5,1,MOVING_TO_FIELD,Field_2,1,MOVING_TO_FIELD,Field_4,1,MOVING_TO_FIELD,Field_4,1,PROTECTING,Field_5,1,MOVING_TO_FIELD,Field_5,1,MOVING_TO_FIELD,Field_4,1,MOVING_TO_FIELD,Field_5,1,PROTECTING,Field_20,1,MOVING_TO_FIELD,Field_20,1,PROTECTING,Field_5,1,MOVING_TO_FIELD,Field_20,1,MOVING_TO_FIELD,Field_20,1,PROTECTING,Field_7,1,MOVING_TO_FIELD,Field_20,1,PROTECTING,Field_4,1,MOVING_TO_FIELD,Field_4,1,PROTECTING,Field_5,1,MOVING_TO_FIELD,Field_7,1,MOVING_TO_FIELD,Field_4,1,MOVING_TO_FIELD,Field_1,1,MOVING_TO_FIELD,Field_20,1,PROTECTING,Field_4,1,PROTECTING,Field_20,1,MOVING_TO_FIELD,Field_7,1,MOVING_TO_FIELD,Field_4,1,MOVING_TO_FIELD,Field_1,1,MOVING_TO_FIELD,Field_1,1,MOVING_TO_FIELD,Field_5,1,PROTECTING,Field_4,1,0.15,0,4,4,4,0.20,0,1,2,0,0.11,0,0,4,7,0.23,4,6,0,0,0.19,4,5,-2,4,0.16,0,0,4,1,0.13,3,2,0,3,0.19,0,1,2,0,0.24,0,0,3,7,0.22,0,0,6,6,0.32,0,0,4,11,0.30,0,0,1,6,0.19,0,0,2,13,0.46,0,0,6,4,0.26,0,0,6,3,0.11,0,0,2,13,0.25,0,0,2,12,0.31,0,0,1,0,0.06,0,0,2,0,0.14,3,6,0
31,100,1,0,14,0,25,0,1,PROTECTING,Field_7,1,MOVING_TO_FIELD,Field_8,1,MOVING_TO_FIELD,Field_5,1,PROTECTING,Field_20,1,MOVING_TO_FIELD,Field_2,1,PROTECTING,Field_4,1,MOVING_TO_FIELD,Field_4,1,MOVING_TO_FIELD,Field_20,1,PROTECTING,Field_7,1,MOVING_TO_FIELD,Field_9,1,PROTECTING,Field_5,1,MOVING_TO_FIELD,Field_7,1,MOVING_TO_FIELD,Field_4,1,MOVING_TO_FIELD,Field_4,1,PROTECTING,Field_5,1,MOVING_TO_FIELD,Field_5,1,MOVING_TO_FIELD,Field_20,1,MOVING_TO_FIELD,Field_1,1,PROTECTING,Field_20,1,MOVING_TO_FIELD,Field_5,1,PROTECTING,Field_5,1,MOVING_TO_FIELD,Field_5,1,MOVING_TO_FIELD,Field_1,1,PROTECTING,Field_7,1,MOVING_TO_FIELD,Field_1,1,PROTECTING,Field_4,1,MOVING_TO_FIELD,Field_4,1,PROTECTING,Field_5,1,MOVING_TO_FIELD,Field_7,1,MOVING_TO_FIELD,Field_4,1,MOVING_TO_FIELD,Field_4,1,MOVING_TO_FIELD,Field_9,1,PROTECTING,Field_4,1,PROTECTING,Field_20,1,IDLE,,1,MOVING_TO_FIELD,Field_5,1,MOVING_TO_FIELD,Field_9,1,MOVING_TO_FIELD,Field_5,1,MOVING_TO_FIELD,Field_1,1,PROTECTING,Field_4,2,0.15,0,4,4,5,0.20,0,1,2,0,0.11,0,0,4,7,0.23,4,6,0,0,0.19,4,6,-2,4,0.15,0,0,4,1,0.13,3,2,0,4,0.19,0,1,2,0,0.24,0,3,3,7,0.20,0,0,6,6,0.32,0,0,4,11,0.30,0,0,1,6,0.19,0,0,2,14,0.51,0,0,6,5,0.26,0,0,6,3,0.11,0,0,2,13,0.25,0,0,2,12,0.30,0,0,1,0,0.05,0,0,2,0,0.12,3,2,0
32,110,1,0,14,0,25,0,1,PROTECTING,Field_7,1,MOVING_TO_FIELD,Field_8,1,MOVING_TO_FIELD,Field_5,1,PROTECTING,Field_20,1,MOVING_TO_FIELD,Field_2,1,PROTECTING,Field_4,1,MOVING_TO_FIELD,Field_4,1,MOVING_TO_FIELD,Field_20,1,PROTECTING,Field_7,1,MOVING_TO_FIELD,Field_9,1,PROTECTING,Field_5,1,MOVING_TO_FIELD,Field_7,1,MOVING_TO_FIELD,Field_4,1,MOVING_TO_FIELD,Field_4,1,PROTECTING,Field_5,1,MOVING_TO_FIELD,Field_5,1,MOVING_TO_FIELD,Field_20,1,MOVING_TO_FIELD,Field_1,1,PROTECTING,Field_20,1,MOVING_TO_FIELD,Field_5,1,PROTECTING,Field_5,1,MOVING_TO_FIELD,Field_5,1,MOVING_TO_FIELD,Field_1,1,PROTECTING,Field_7,1,MOVING_TO_FIELD,Field_1,1,PROTECTING,Field_4,1,MOVING_TO_FIELD,Field_4,1,PROTECTING,Field_5,1,MOVING_TO_FIELD,Field_7,1,MOVING_TO_FIELD,Field_4,1,MOVING_TO_FIELD,Field_4,1,MOVING_TO_FIELD,Field_9,1,PROTECTING,Field_4,1,PROTECTING,Field_20,1,IDLE,,1,MOVING_TO_FIELD,Field_5,1,MOVING_TO_FIELD,Field_9,1,MOVING_TO_FIELD,Field_5,1,MOVING_TO_FIELD,Field_1,1,PROTECTING,Field_4,5,0.15,0,4,4,5,0.20,0,1,2,0,0.11,0,0,4,7,0.23,4,6,0,0,0.17,4,6,-2,5,0.15,0,0,4,1,0.13,3,2,0,4,0.19,0,1,2,0,0.26,0,3,3,7,0.21,0,0,6,7,0.30,0,0,4,11,0.30,0,0,1,6,0.19,0,0,2,14,0.48,0,0,6,7,0.26,0,0,6,3,0.12,0,0,2,14,0.25,0,0,2,14,0.30,0,0,1,0,0.05,0,0,2,0,0.10,3,2,0
33,117,1,0,14,0,25,0,1,PROTECTING,Field_7,1,MOVING_TO_FIELD,Field_8,1,MOVING_TO_FIELD,Field_5,1,PROTECTING,Field_20,1,MOVING_TO_FIELD,Field_2,1,PROTECTING,Field_4,1,MOVING_TO_FIELD,Field_4,1,MOVING_TO_FIELD,Field_20,1,PROTECTING,Field_7,1,MOVING_TO_FIELD,Field_9,1,PROTECTING,Field_5,1,MOVING_TO_FIELD,Field_7,1,MOVING_TO_FIELD,Field_4,1,MOVING_TO_FIELD,Field_4,1,PROTECTING,Field_5,1,MOVING_TO_FIELD,Field_5,1,MOVING_TO_FIELD,Field_20,1,MOVING_TO_FIELD,Field_1,1,PROTECTING,Field_20,1,MOVING_TO_FIELD,Field_5,1,PROTECTING,Field_5,1,MOVING_TO_FIELD,Field_5,1,MOVING_TO_FIELD,Field_1,1,PROTECTING,Field_7,1,MOVING_TO_FIELD,Field_1,1,PROTECTING,Field_4,1,MOVING_TO_FIELD,Field_4,1,PROTECTING,Field_5,1,MOVING_TO_FIELD,Field_7,1,MOVING_TO_FIELD,Field_4,1,MOVING_TO_FIELD,Field_4,1,MOVING_TO_FIELD,Field_9,1,PROTECTING,Field_4,1,PROTECTING,Field_20,1,IDLE,,1,MOVING_TO_FIELD,Field_5,1,MOVING_TO_FIELD,Field_9,1,MOVING_TO_FIELD,Field_5,1,MOVING_TO_FIELD,Field_1,1,PROTECTING,Field_4,7,0.15,0,4,4,5,0.20,0,1,2,0,0.11,0,0,4,7,0.23,4,6,0,0,0.16,4,6,-2,6,0.15,0,0,4,1,0.14,3,2,0,5,0.17,0,1,2,0,0.25,0,3,3,7,0.20,0,0,6,7,0.30,0,0,4,11,0.30,0,0,1,6,0.19,0,0,2,15,0.48,0,0,6,8,0.26,0,0,6,3,0.12,0,0,2,15,0.23,0,0,2,14,0.31,0,0,1,0,0.06,0,0,2,0,0.10,3,2,0
34,126,1,0,16,0,23,0,1,PROTECTING,Field_7,1,MOVING_TO_FIELD,Field_8,1,MOVING_TO_FIELD,Field_5,1,PROTECTING,Field_20,1,MOVING_TO_FIELD,Field_2,1,PROTECTING,Field_4,1,MOVING_TO_FIELD,Field_4,1,MOVING_TO_FIELD,Field_20,1,PROTECTING,Field_7,1,PROTECTING,Field_9,1,PROTECTING,Field_5,1,MOVING_TO_FIELD,Field_7,1,MOVING_TO_FIELD,Field_4,1,MOVING_TO_FIELD,Field_4,1,PROTECTING,Field_5,1,MOVING_TO_FIELD,Field_5,1,MOVING_TO_FIELD,Field_20,1,MOVING_TO_FIELD,Field_1,1,PROTECTING,Field_20,1,MOVING_TO_FIELD,Field_5,1,PROTECTING,Field_5,1,MOVING_TO_FIELD,Field_5,1,MOVING_TO_FIELD,Field_1,1,PROTECTING,Field_7,1,MOVING_TO_FIELD,Field_1,1,PROTECTING,Field_4,1,MOVING_TO_FIELD,Field_4,1,PROTECTING,Field_5,1,MOVING_TO_FIELD,Field_7,1,MOVING_TO_FIELD,Field_4,1,MOVING_TO_FIELD,Field_4,1,PROTECTING,Field_9,1,PROTECTING,Field_4,1,PROTECTING,Field_20,1,IDLE,,1,MOVING_TO_FIELD,Field_5,1,MOVING_TO_FIELD,Field_9,1,MOVING_TO_FIELD,Field_5,1,MOVING_TO_FIELD,Field_1,1,PROTECTING,Field_4,7,0.16,0,4,4,5,0.20,0,1,2,0,0.11,0,0,4,7,0.22,4,6,0,0,0.16,4,6,-2,6,0.16,0,0,4,1,0.13,3,2,0,7,0.17,0,1,2,0,0.22,2,1,1,8,0.19,0,0,6,8,0.30,0,0,4,11,0.27,0,0,1,8,0.19,0,0,2,15,0.48,0,0,6,10,0.26,0,0,6,3,0.12,0,0,2,15,0.23,0,0,2,15,0.30,0,0,1,0,0.06,0,0,2,0,0.10,3,2,0
35,132,1,0,16,0,23,0,1,PROTECTING,Field_7,1,MOVING_TO_FIELD,Field_8,1,MOVING_TO_FIELD,Field_5,1,PROTECTING,Field_20,1,MOVING_TO_FIELD,Field_2,1,PROTECTING,Field_4,1,MOVING_TO_FIELD,Field_4,1,MOVING_TO_FIELD,Field_20,1,PROTECTING,Field_7,1,PROTECTING,Field_9,1,PROTECTING,Field_5,1,MOVING_TO_FIELD,Field_7,1,MOVING_TO_FIELD,Field_4,1,MOVING_TO_FIELD,Field_4,1,PROTECTING,Field_5,1,MOVING_TO_FIELD,Field_5,1,MOVING_TO_FIELD,Field_20,1,MOVING_TO_FIELD,Field_1,1,PROTECTING,Field_20,1,MOVING_TO_FIELD,Field_5,1,PROTECTING,Field_5,1,MOVING_TO_FIELD,Field_5,1,MOVING_TO_FIELD,Field_1,1,PROTECTING,Field_7,1,MOVING_TO_FIELD,Field_1,1,PROTECTING,Field_4,1,MOVING_TO_FIELD,Field_4,1,PROTECTING,Field_5,1,MOVING_TO_FIELD,Field_7,1,MOVING_TO_FIELD,Field_4,1,MOVING_TO_FIELD,Field_4,1,PROTECTING,Field_9,1,PROTECTING,Field_4,1,PROTECTING,Field_20,1,IDLE,,1,MOVING_TO_FIELD,Field_5,1,MOVING_TO_FIELD,Field_9,1,MOVING_TO_FIELD,Field_5,1,MOVING_TO_FIELD,Field_1,1,PROTECTING,Field_4,7,0.16,0,4,4,5,0.20,0,1,2,0,0.11,0,0,4,7,0.22,4,6,0,0,0.15,4,6,-2,6,0.16,0,0,4,2,0.12,3,2,0,7,0.17,0,1,2,0,0.22,2,1,1,8,0.19,0,0,6,9,0.30,0,0,4,11,0.27,0,0,1,8,0.19,0,0,2,15,0.48,0,0,6,13,0.25,0,0,6,3,0.12,0,0,2,15,0.23,0,0,2,16,0.30,0,0,1,0,0.06,0,0,2,0,0.08,3,2,0
36,141,1,0,16,0,23,0,1,PROTECTING,Field_7,1,MOVING_TO_FIELD,Field_8,1,MOVING_TO_FIELD,Field_5,1,PROTECTING,Field_20,1,MOVING_TO_FIELD,Field_2,1,PROTECTING,Field_4,1,MOVING_TO_FIELD,Field_4,1,MOVING_TO_FIELD,Field_20,1,PROTECTING,Field_7,1,PROTECTING,Field_9,1,PROTECTING,Field_5,1,MOVING_TO_FIELD,Field_7,1,MOVING_TO_FIELD,Field_4,1,MOVING_TO_FIELD,Field_4,1,PROTECTING,Field_5,1,MOVING_TO_FIELD,Field_5,1,MOVING_TO_FIELD,Field_20,1,MOVING_TO_FIELD,Field_1,1,PROTECTING,Field_20,1,MOVING_TO_FIELD,Field_5,1,PROTECTING,Field_5,1,MOVING_TO_FIELD,Field_5,1,MOVING_TO_FIELD,Field_1,1,PROTECTING,Field_7,1,MOVING_TO_FIELD,Field_1,1,PROTECTING,Field_4,1,MOVING_TO_FIELD,Field_4,1,PROTECTING,Field_5,1,MOVING_TO_FIELD,Field_7,1,MOVING_TO_FIELD,Field_4,1,MOVING_TO_FIELD,Field_4,1,PROTECTING,Field_9,1,PROTECTING,Field_4,1,PROTECTING,Field_20,1,IDLE,,1,MOVING_TO_FIELD,Field_5,1,MOVING_TO_FIELD,Field_9,1,MOVING_TO_FIELD,Field_5,1,MOVING_TO_FIELD,Field_1,1,PROTECTING,Field_4,8,0.16,0,4,4,5,0.20,0,1,2,0,0.11,0,0,4,8,0.22,4,6,0,0,0.12,4,6,-2,7,0.16,0,0,4,2,0.11,3,2,0,8,0.17,0,1,2,0,0.22,2,1,1,8,0.19,0,0,6,9,0.28,0,0,4,11,0.27,0,0,1,8,0.18,0,0,2,17,0.48,0,0,6,15,0.26,0,0,6,3,0.15,0,0,2,15,0.21,0,0,2,17,0.30,0,0,1,0,0.06,0,0,2,0,0.08,3,2,0
37,154,1,0,16,0,23,0,1,PROTECTING,Field_7,1,MOVING_TO_FIELD,Field_8,1,MOVING_TO_FIELD,Field_5,1,PROTECTING,Field_20,1,MOVING_TO_FIELD,Field_2,1,PROTECTING,Field_4,1,MOVING_TO_FIELD,Field_4,1,MOVING_TO_FIELD,Field_20,1,PROTECTING,Field_7,1,PROTECTING,Field_9,1,PROTECTING,Field_5,1,MOVING_TO_FIELD,Field_7,1,MOVING_TO_FIELD,Field_4,1,MOVING_TO_FIELD,Field_4,1,PROTECTING,Field_5,1,MOVING_TO_FIELD,Field_5,1,MOVING_TO_FIELD,Field_20,1,MOVING_TO_FIELD,Field_1,1,PROTECTING,Field_20,1,MOVING_TO_FIELD,Field_5,1,PROTECTING,Field_5,1,MOVING_TO_FIELD,Field_5,1,MOVING_TO_FIELD,Field_1,1,PROTECTING,Field_7,1,MOVING_TO_FIELD,Field_1,1,PROTECTING,Field_4,1,MOVING_TO_FIELD,Field_4,1,PROTECTING,Field_5,1,MOVING_TO_FIELD,Field_7,1,MOVING_TO_FIELD,Field_4,1,MOVING_TO_FIELD,Field_4,1,PROTECTING,Field_9,1,PROTECTING,Field_4,1,PROTECTING,Field_20,1,IDLE,,1,MOVING_TO_FIELD,Field_5,1,MOVING_TO_FIELD,Field_9,1,MOVING_TO_FIELD,Field_5,1,MOVING_TO_FIELD,Field_1,1,PROTECTING,Field_4,8,0.16,0,4,4,7,0.20,0,1,2,0,0.09,0,0,4,9,0.21,4,6,0,0,0.12,4,6,-2,8,0.17,0,0,4,2,0.11,3,2,0,9,0.17,0,1,2,0,0.21,2,1,1,8,0.19,0,0,6,9,0.28,0,0,4,11,0.27,0,0,1,9,0.18,0,0,2,19,0.46,0,0,6,17,0.27,0,0,6,3,0.16,0,0,2,17,0.25,0,0,2,18,0.28,0,0,1,0,0.06,0,0,2,0,0.08,3,2,0
38,160,1,0,17,0,22,0,1,PROTECTING,Field_7,1,MOVING_TO_FIELD,Field_8,1,MOVING_TO_FIELD,Field_5,1,PROTECTING,Field_20,1,MOVING_TO_FIELD,Field_2,1,PROTECTING,Field_4,1,MOVING_TO_FIELD,Field_4,1,MOVING_TO_FIELD,Field_20,1,PROTECTING,Field_7,1,PROTECTING,Field_9,1,PROTECTING,Field_5,1,MOVING_TO_FIELD,Field_7,1,MOVING_TO_FIELD,Field_4,1,MOVING_TO_FIELD,Field_4,1,PROTECTING,Field_5,1,MOVING_TO_FIELD,Field_5,1,MOVING_TO_FIELD,Field_20,1,MOVING_TO_FIELD,Field_1,1,PROTECTING,Field_20,1,MOVING_TO_FIELD,Field_5,1,PROTECTING,Field_5,1,MOVING_TO_FIELD,Field_5,1,MOVING_TO_FIELD,Field_1,1,PROTECTING,Field_7,1,MOVING_TO_FIELD,Field_1,1,PROTECTING,Field_4,1,MOVING_TO_FIELD,Field_4,1,PROTECTING,Field_5,1,MOVING_TO_FIELD,Field_7,1,MOVING_TO_FIELD,Field_4,1,MOVING_TO_FIELD,Field_4,1,PROTECTING,Field_9,1,PROTECTING,Field_4,1,PROTECTING,Field_20,1,IDLE,,1,MOVING_TO_FIELD,Field_5,1,PROTECTING,Field_9,1,MOVING_TO_FIELD,Field_5,1,MOVING_TO_FIELD,Field_1,1,PROTECTING,Field_4,8,0.16,0,4,4,10,0.21,0,1,2,0,0.09,0,0,4,9,0.21,4,6,0,0,0.11,4,6,-2,8,0.17,0,0,4,2,0.10,3,2,0,9,0.17,0,1,2,0,0.21,3,0,0,8,0.18,0,0,6,9,0.26,0,0,4,11,0.27,0,0,1,10,0.16,0,0,2,20,0.44,0,0,6,17,0.26,0,0,6,3,0.16,0,0,2,17,0.20,0,0,2,19,0.26,0,0,1,0,0.05,0,0,2,0,0.08,3,2,0
39,167,1,0,18,0,21,0,1,PROTECTING,Field_7,1,MOVING_TO_FIELD,Field_8,1,MOVING_TO_FIELD,Field_5,1,PROTECTING,Field_20,1,MOVING_TO_FIELD,Field_2,1,PROTECTING,Field_4,1,MOVING_TO_FIELD,Field_4,1,MOVING_TO_FIELD,Field_20,1,PROTECTING,Field_7,1,PROTECTING,Field_9,1,PROTECTING,Field_5,1,MOVING_TO_FIELD,Field_7,1,MOVING_TO_FIELD,Field_4,1,MOVING_TO_FIELD,Field_4,1,PROTECTING,Field_5,1,MOVING_TO_FIELD,Field_5,1,MOVING_TO_FIELD,Field_20,1,MOVING_TO_FIELD,Field_1,1,PROTECTING,Field_20,1,MOVING_TO_FIELD,Field_5,1,PROTECTING,Field_5,1,MOVING_TO_FIELD,Field_5,1,MOVING_TO_FIELD,Field_1,1,PROTECTING,Field_7,1,MOVING_TO_FIELD,Field_1,1,PROTECTING,Field_4,1,MOVING_TO_FIELD,Field_4,1,PROTECTING,Field_5,1,PROTECTING,Field_7,1,MOVING_TO_FIELD,Field_4,1,MOVING_TO_FIELD,Field_4,1,PROTECTING,Field_9,1,PROTECTING,Field_4,1,PROTECTING,Field_20,1,IDLE,,1,MOVING_TO_FIELD,Field_5,1,PROTECTING,Field_9,1,MOVING_TO_FIELD,Field_5,1,MOVING_TO_FIELD,Field_1,1,PROTECTING,Field_4,8,0.16,0,4,4,12,0.20,0,1,2,0,0.09,0,0,4,9,0.20,4,6,0,0,0.09,4,6,-2,8,0.17,0,0,4,2,0.10,4,1,-1,9,0.17,0,1,2,0,0.21,3,0,0,8,0.19,0,0,6,9,0.25,0,0,4,11,0.27,0,0,1,10,0.16,0,0,2,23,0.44,0,0,6,17,0.27,0,0,6,3,0.16,0,0,2,18,0.16,0,0,2,20,0.22,0,0,1,0,0.03,0,0,2,0,0.08,3,2,0
40,178,1,0,18,0,21,0,1,PROTECTING,Field_7,1,MOVING_TO_FIELD,Field_8,1,MOVING_TO_FIELD,Field_5,1,PROTECTING,Field_20,1,MOVING_TO_FIELD,Field_2,1,PROTECTING,Field_4,1,MOVING_TO_FIELD,Field_4,1,MOVING_TO_FIELD,Field_20,1,PROTECTING,Field_7,1,PROTECTING,Field_9,1,PROTECTING,Field_5,1,MOVING_TO_FIELD,Field_7,1,MOVING_TO_FIELD,Field_4,1,MOVING_TO_FIELD,Field_4,1,PROTECTING,Field_5,1,MOVING_TO_FIELD,Field_5,1,MOVING_TO_FIELD,Field_20,1,MOVING_TO_FIELD,Field_1,1,PROTECTING,Field_20,1,MOVING_TO_FIELD,Field_5,1,PROTECTING,Field_5,1,MOVING_TO_FIELD,Field_5,1,MOVING_TO_FIELD,Field_1,1,PROTECTING,Field_7,1,MOVING_TO_FIELD,Field_1,1,PROTECTING,Field_4,1,MOVING_TO_FIELD,Field_4,1,PROTECTING,Field_5,1,PROTECTING,Field_7,1,MOVING_TO_FIELD,Field_4,1,MOVING_TO_FIELD,Field_4,1,PROTECTING,Field_9,1,PROTECTING,Field_4,1,PROTECTING,Field_20,1,IDLE,,1,MOVING_TO_FIELD,Field_5,1,PROTECTING,Field_9,1,MOVING_TO_FIELD,Field_5,1,MOVING_TO_FIELD,Field_1,1,PROTECTING,Field_4,8,0.18,0,4,4,14,0.20,0,1,2,0,0.09,0,0,4,9,0.18,4,6,0,0,0.06,4,6,-2,8,0.17,0,0,4,2,0.10,4,1,-1,9,0.17,0,1,2,0,0.19,3,0,0,8,0.19,0,0,6,9,0.25,0,0,4,13,0.27,0,0,1,10,0.16,0,0,2,25,0.44,0,0,6,19,0.26,0,0,6,4,0.15,0,0,2,18,0.16,0,0,2,22,0.22,0,0,1,0,0.05,0,0,2,0,0.08,3,2,0
41,183,1,0,1,0,38,0,1,MOVING_TO_FIELD,Field_8,1,MOVING_TO_FIELD,Field_9,1,MOVING_TO_FIELD,Field_9,1,MOVING_TO_FIELD,Field_1,1,MOVING_TO_FIELD,Field_2,1,MOVING_TO_FIELD,Field_20,1,MOVING_TO_FIELD,Field_2,1,MOVING_TO_FIELD,Field_9,1,MOVING_TO_FIELD,Field_8,1,MOVING_TO_FIELD,Field_6,1,MOVING_TO_FIELD,Field_1,1,MOVING_TO_FIELD,Field_20,1,MOVING_TO_FIELD,Field_8,1,MOVING_TO_FIELD,Field_1,1,MOVING_TO_FIELD,Field_6,1,MOVING_TO_FIELD,Field_4,1,MOVING_TO_FIELD,Field_4,1,MOVING_TO_FIELD,Field_4,1,MOVING_TO_FIELD,Field_1,1,MOVING_TO_FIELD,Field_1,1,IDLE,,1,MOVING_TO_FIELD,Field_5,1,MOVING_TO_FIELD,Field_4,1,MOVING_TO_FIELD,Field_2,1,MOVING_TO_FIELD,Field_4,1,MOVING_TO_FIELD,Field_20,1,MOVING_TO_FIELD,Field_1,1,PROTECTING,Field_5,1,MOVING_TO_FIELD,Field_6,1,MOVING_TO_FIELD,Field_20,1,MOVING_TO_FIELD,Field_1,1,MOVING_TO_FIELD,Field_5,1,MOVING_TO_FIELD,Field_20,1,MOVING_TO_FIELD,Field_5,1,MOVING_TO_FIELD,Field_6,1,MOVING_TO_FIELD,Field_4,1,MOVING_TO_FIELD,Field_5,1,MOVING_TO_FIELD,Field_5,1,MOVING_TO_FIELD,Field_1,1,MOVING_TO_FIELD,Field_20,8,0.17,0,8,4,14,0.19,0,3,2,0,0.09,0,0,4,9,0.17,0,6,4,0,0.07,1,5,1,9,0.16,0,4,4,2,0.08,0,0,3,9,0.16,0,3,2,0,0.20,0,3,3,8,0.18,0,0,6,10,0.25,0,0,4,13,0.18,0,0,1,11,0.16,0,0,2,25,0.42,0,0,6,20,0.26,0,0,6,5,0.16,0,0,2,18,0.18,0,0,2,22,0.22,0,0,1,0,0.05,0,0,2,0,0.08,0,6,3
42,192,1,0,1,0,38,0,1,MOVING_TO_FIELD,Field_8,1,MOVING_TO_FIELD,Field_9,1,MOVING_TO_FIELD,Field_9,1,MOVING_TO_FIELD,Field_1,1,MOVING_TO_FIELD,Field_2,1,MOVING_TO_FIELD,Field_20,1,MOVING_TO_FIELD,Field_2,1,MOVING_TO_FIELD,Field_9,1,MOVING_TO_FIELD,Field_8,1,MOVING_TO_FIELD,Field_6,1,MOVING_TO_FIELD,Field_1,1,MOVING_TO_FIELD,Field_20,1,MOVING_TO_FIELD,Field_8,1,MOVING_TO_FIELD,Field_1,1,MOVING_TO_FIELD,Field_6,1,MOVING_TO_FIELD,Field_4,1,MOVING_TO_FIELD,Field_4,1,MOVING_TO_FIELD,Field_4,1,MOVING_TO_FIELD,Field_1,1,MOVING_TO_FIELD,Field_1,1,IDLE,,1,MOVING_TO_FIELD,Field_5,1,MOVING_TO_FIELD,Field_4,1,MOVING_TO_FIELD,Field_2,1,MOVING_TO_FIELD,Field_4,1,MOVING_TO_FIELD,Field_20,1,MOVING_TO_FIELD,Field_1,1,PROTECTING,Field_5,1,MOVING_TO_FIELD,Field_6,1,MOVING_TO_FIELD,Field_20,1,MOVING_TO_FIELD,Field_1,1,MOVING_TO_FIELD,Field_5,1,MOVING_TO_FIELD,Field_20,1,MOVING_TO_FIELD,Field_5,1,MOVING_TO_FIELD,Field_6,1,MOVING_TO_FIELD,Field_4,1,MOVING_TO_FIELD,Field_5,1,MOVING_TO_FIELD,Field_5,1,MOVING_TO_FIELD,Field_1,1,MOVING_TO_FIELD,Field_20,8,0.17,0,8,4,14,0.18,0,3,2,0,0.09,0,0,4,9,0.17,0,6,4,0,0.07,1,5,1,9,0.15,0,4,4,2,0.08,0,0,3,9,0.16,0,3,2,0,0.20,0,3,3,8,0.18,0,0,6,11,0.25,0,0,4,15,0.18,0,0,1,12,0.14,0,0,2,26,0.42,0,0,6,23,0.28,0,0,6,5,0.16,0,0,2,18,0.18,0,0,2,23,0.19,0,0,1,0,0.05,0,0,2,0,0.08,0,6,3
43,194,1,0,1,0,38,0,1,MOVING_TO_FIELD,Field_8,1,MOVING_TO_FIELD,Field_9,1,MOVING_TO_FIELD,Field_9,1,MOVING_TO_FIELD,Field_1,1,MOVING_TO_FIELD,Field_2,1,MOVING_TO_FIELD,Field_20,1,MOVING_TO_FIELD,Field_2,1,MOVING_TO_FIELD,Field_9,1,MOVING_TO_FIELD,Field_8,1,MOVING_TO_FIELD,Field_6,1,MOVING_TO_FIELD,Field_1,1,MOVING_TO_FIELD,Field_20,1,MOVING_TO_FIELD,Field_8,1,MOVING_TO_FIELD,Field_1,1,MOVING_TO_FIELD,Field_6,1,MOVING_TO_FIELD,Field_4,1,MOVING_TO_FIELD,Field_4,1,MOVING_TO_FIELD,Field_4,1,MOVING_TO_FIELD,Field_1,1,MOVING_TO_FIELD,Field_1,1,IDLE,,1,MOVING_TO_FIELD,Field_5,1,MOVING_TO_FIELD,Field_4,1,MOVING_TO_FIELD,Field_2,1,MOVING_TO_FIELD,Field_4,1,MOVING_TO_FIELD,Field_20,1,MOVING_TO_FIELD,Field_1,1,PROTECTING,Field_5,1,MOVING_TO_FIELD,Field_6,1,MOVING_TO_FIELD,Field_20,1,MOVING_TO_FIELD,Field_1,1,MOVING_TO_FIELD,Field_5,1,MOVING_TO_FIELD,Field_20,1,MOVING_TO_FIELD,Field_5,1,MOVING_TO_FIELD,Field_6,1,MOVING_TO_FIELD,Field_4,1,MOVING_TO_FIELD,Field_5,1,MOVING_TO_FIELD,Field_5,1,MOVING_TO_FIELD,Field_1,1,MOVING_TO_FIELD,Field_20,9,0.17,0,8,4,14,0.18,0,3,2,0,0.09,0,0,4,9,0.17,0,6,4,0,0.05,1,5,1,10,0.15,0,4,4,2,0.08,0,0,3,9,0.16,0,3,2,0,0.18,0,3,3,8,0.17,0,0,6,11,0.25,0,0,4,15,0.18,0,0,1,12,0.14,0,0,2,26,0.41,0,0,6,23,0.27,0,0,6,5,0.17,0,0,2,18,0.16,0,0,2,23,0.19,0,0,1,0,0.06,0,0,2,0,0.08,0,6,3
44,196,1,0,1,0,38,0,1,MOVING_TO_FIELD,Field_8,1,MOVING_TO_FIELD,Field_9,1,MOVING_TO_FIELD,Field_9,1,MOVING_TO_FIELD,Field_1,1,MOVING_TO_FIELD,Field_2,1,MOVING_TO_FIELD,Field_20,1,MOVING_TO_FIELD,Field_2,1,MOVING_TO_FIELD,Field_9,1,MOVING_TO_FIELD,Field_8,1,MOVING_TO_FIELD,Field_6,1,MOVING_TO_FIELD,Field_1,1,MOVING_TO_FIELD,Field_20,1,MOVING_TO_FIELD,Field_8,1,MOVING_TO_FIELD,Field_1,1,MOVING_TO_FIELD,Field_6,1,MOVING_TO_FIELD,Field_4,1,MOVING_TO_FIELD,Field_4,1,MOVING_TO_FIELD,Field_4,1,MOVING_TO_FIELD,Field_1,1,MOVING_TO_FIELD,Field_1,1,IDLE,,1,MOVING_TO_FIELD,Field_5,1,MOVING_TO_FIELD,Field_4,1,MOVING_TO_FIELD,Field_2,1,MOVING_TO_FIELD,Field_4,1,MOVING_TO_FIELD,Field_20,1,MOVING_TO_FIELD,Field_1,1,PROTECTING,Field_5,1,MOVING_TO_FIELD,Field_6,1,MOVING_TO_FIELD,Field_20,1,MOVING_TO_FIELD,Field_1,1,MOVING_TO_FIELD,Field_5,1,MOVING_TO_FIELD,Field_20,1,MOVING_TO_FIELD,Field_5,1,MOVING_TO_FIELD,Field_6,1,MOVING_TO_FIELD,Field_4,1,MOVING_TO_FIELD,Field_5,1,MOVING_TO_FIELD,Field_5,1,MOVING_TO_FIELD,Field_1,1,MOVING_TO_FIELD,Field_20,9,0.16,0,8,4,14,0.18,0,3,2,0,0.08,0,0,4,9,0.17,0,6,4,0,0.05,1,5,1,10,0.17,0,4,4,2,0.07,0,0,3,9,0.16,0,3,2,0,0.18,0,3,3,8,0.17,0,0,6,11,0.25,0,0,4,16,0.18,0,0,1,12,0.12,0,0,2,27,0.37,0,0,6,23,0.27,0,0,6,5,0.17,0,0,2,18,0.16,0,0,2,23,0.19,0,0,1,0,0.05,0,0,2,0,0.08,0,6,3
45,198,1,0,2,0,37,0,1,MOVING_TO_FIELD,Field_8,1,MOVING_TO_FIELD,Field_9,1,MOVING_TO_FIELD,Field_9,1,MOVING_TO_FIELD,Field_1,1,MOVING_TO_FIELD,Field_2,1,MOVING_TO_FIELD,Field_20,1,MOVING_TO_FIELD,Field_2,1,MOVING_TO_FIELD,Field_9,1,MOVING_TO_FIELD,Field_8,1,MOVING_TO_FIELD,Field_6,1,MOVING_TO_FIELD,Field_1,1,MOVING_TO_FIELD,Field_20,1,MOVING_TO_FIELD,Field_8,1,MOVING_TO_FIELD,Field_1,1,MOVING_TO_FIELD,Field_6,1,MOVING_TO_FIELD,Field_4,1,MOVING_TO_FIELD,Field_4,1,MOVING_TO_FIELD,Field_4,1,MOVING_TO_FIELD,Field_1,1,MOVING_TO_FIELD,Field_1,1,IDLE,,1,MOVING_TO_FIELD,Field_5,1,MOVING_TO_FIELD,Field_4,1,MOVING_TO_FIELD,Field_2,1,MOVING_TO_FIELD,Field_4,1,MOVING_TO_FIELD,Field_20,1,MOVING_TO_FIELD,Field_1,1,PROTECTING,Field_5,1,MOVING_TO_FIELD,Field_6,1,MOVING_TO_FIELD,Field_20,1,MOVING_TO_FIELD,Field_1,1,MOVING_TO_FIELD,Field_5,1,MOVING_TO_FIELD,Field_20,1,MOVING_TO_FIELD,Field_5,1,MOVING_TO_FIELD,Field_6,1,MOVING_TO_FIELD,Field_4,1,MOVING_TO_FIELD,Field_5,1,PROTECTING,Field_5,1,MOVING_TO_FIELD,Field_1,1,MOVING_TO_FIELD,Field_20,9,0.16,0,8,4,14,0.20,0,3,2,0,0.06,0,0,4,9,0.18,0,6,4,0,0.05,2,4,0,11,0.17,0,4,4,2,0.05,0,0,3,9,0.17,0,3,2,0,0.17,0,3,3,8,0.17,0,0,6,11,0.25,0,0,4,16,0.18,0,0,1,12,0.12,0,0,2,27,0.37,0,0,6,24,0.28,0,0,6,5,0.17,0,0,2,18,0.16,0,0,2,23,0.19,0,0,1,0,0.05,0,0,2,0,0.08,0,6,3
46,202,1,0,2,0,37,0,1,MOVING_TO_FIELD,Field_8,1,MOVING_TO_FIELD,Field_9,1,MOVING_TO_FIELD,Field_9,1,MOVING_TO_FIELD,Field_1,1,MOVING_TO_FIELD,Field_2,1,MOVING_TO_FIELD,Field_20,1,MOVING_TO_FIELD,Field_2,1,MOVING_TO_FIELD,Field_9,1,MOVING_TO_FIELD,Field_8,1,MOVING_TO_FIELD,Field_6,1,MOVING_TO_FIELD,Field_1,1,MOVING_TO_FIELD,Field_20,1,MOVING_TO_FIELD,Field_8,1,MOVING_TO_FIELD,Field_1,1,MOVING_TO_FIELD,Field_6,1,MOVING_TO_FIELD,Field_4,1,MOVING_TO_FIELD,Field_4,1,MOVING_TO_FIELD,Field_4,1,MOVING_TO_FIELD,Field_1,1,MOVING_TO_FIELD,Field_1,1,IDLE,,1,MOVING_TO_FIELD,Field_5,1,MOVING_TO_FIELD,Field_4,1,MOVING_TO_FIELD,Field_2,1,MOVING_TO_FIELD,Field_4,1,MOVING_TO_FIELD,Field_20,1,MOVING_TO_FIELD,Field_1,1,PROTECTING,Field_5,1,MOVING_TO_FIELD,Field_6,1,MOVING_TO_FIELD,Field_20,1,MOVING_TO_FIELD,Field_1,1,MOVING_TO_FIELD,Field_5,1,MOVING_TO_FIELD,Field_20,1,MOVING_TO_FIELD,Field_5,1,MOVING_TO_FIELD,Field_6,1,MOVING_TO_FIELD,Field_4,1,MOVING_TO_FIELD,Field_5,1,PROTECTING,Field_5,1,MOVING_TO_FIELD,Field_1,1,MOVING_TO_FIELD,Field_20,9,0.16,0,8,4,15,0.20,0,3,2,0,0.06,0,0,4,9,0.18,0,6,4,0,0.04,2,4,0,11,0.18,0,4,4,2,0.05,0,0,3,9,0.19,0,3,2,0,0.13,0,3,3,8,0.17,0,0,6,11,0.25,0,0,4,16,0.15,0,0,1,12,0.12,0,0,2,27,0.35,0,0,6,25,0.28,0,0,6,6,0.17,0,0,2,18,0.13,0,0,2,24,0.17,0,0,1,0,0.05,0,0,2,0,0.08,0,6,3
47,205,1,0,4,0,35,0,1,MOVING_TO_FIELD,Field_8,1,PROTECTING,Field_9,1,MOVING_TO_FIELD,Field_9,1,MOVING_TO_FIELD,Field_1,1,MOVING_TO_FIELD,Field_2,1,MOVING_TO_FIELD,Field_20,1,MOVING_TO_FIELD,Field_2,1,MOVING_TO_FIELD,Field_9,1,MOVING_TO_FIELD,Field_8,1,MOVING_TO_FIELD,Field_6,1,MOVING_TO_FIELD,Field_1,1,MOVING_TO_FIELD,Field_20,1,MOVING_TO_FIELD,Field_8,1,MOVING_TO_FIELD,Field_1,1,MOVING_TO_FIELD,Field_6,1,MOVING_TO_FIELD,Field_4,1,MOVING_TO_FIELD,Field_4,1,MOVING_TO_FIELD,Field_4,1,MOVING_TO_FIELD,Field_1,1,MOVING_TO_FIELD,Field_1,1,IDLE,,1,PROTECTING,Field_5,1,MOVING_TO_FIELD,Field_4,1,MOVING_TO_FIELD,Field_2,1,MOVING_TO_FIELD,Field_4,1,MOVING_TO_FIELD,Field_20,1,MOVING_TO_FIELD,Field_1,1,PROTECTING,Field_5,1,MOVING_TO_FIELD,Field_6,1,MOVING_TO_FIELD,Field_20,1,MOVING_TO_FIELD,Field_1,1,MOVING_TO_FIELD,Field_5,1,MOVING_TO_FIELD,Field_20,1,MOVING_TO_FIELD,Field_5,1,MOVING_TO_FIELD,Field_6,1,MOVING_TO_FIELD,Field_4,1,MOVING_TO_FIELD,Field_5,1,PROTECTING,Field_5,1,MOVING_TO_FIELD,Field_1,1,MOVING_TO_FIELD,Field_20,9,0.16,0,8,4,15,0.19,0,3,2,0,0.06,0,0,4,9,0.14,0,6,4,0,0.04,3,3,-1,11,0.17,0,4,4,2,0.05,0,0,3,9,0.19,0,3,2,0,0.13,1,2,2,8,0.17,0,0,6,11,0.25,0,0,4,16,0.12,0,0,1,12,0.11,0,0,2,27,0.34,0,0,6,27,0.28,0,0,6,6,0.19,0,0,2,19,0.13,0,0,2,24,0.17,0,0,1,0,0.05,0,0,2,0,0.08,0,6,3
48,208,1,0,5,0,34,0,1,MOVING_TO_FIELD,Field_8,1,PROTECTING,Field_9,1,MOVING_TO_FIELD,Field_9,1,MOVING_TO_FIELD,Field_1,1,MOVING_TO_FIELD,Field_2,1,MOVING_TO_FIELD,Field_20,1,PROTECTING,Field_2,1,MOVING_TO_FIELD,Field_9,1,MOVING_TO_FIELD,Field_8,1,MOVING_TO_FIELD,Field_6,1,MOVING_TO_FIELD,Field_1,1,MOVING_TO_FIELD,Field_20,1,MOVING_TO_FIELD,Field_8,1,MOVING_TO_FIELD,Field_1,1,MOVING_TO_FIELD,Field_6,1,MOVING_TO_FIELD,Field_4,1,MOVING_TO_FIELD,Field_4,1,MOVING_TO_FIELD,Field_4,1,MOVING_TO_FIELD,Field_1,1,MOVING_TO_FIELD,Field_1,1,IDLE,,1,PROTECTING,Field_5,1,MOVING_TO_FIELD,Field_4,1,MOVING_TO_FIELD,Field_2,1,MOVING_TO_FIELD,Field_4,1,MOVING_TO_FIELD,Field_20,1,MOVING_TO_FIELD,Field_1,1,PROTECTING,Field_5,1,MOVING_TO_FIELD,Field_6,1,MOVING_TO_FIELD,Field_20,1,MOVING_TO_FIELD,Field_1,1,MOVING_TO_FIELD,Field_5,1,MOVING_TO_FIELD,Field_20,1,MOVING_TO_FIELD,Field_5,1,MOVING_TO_FIELD,Field_6,1,MOVING_TO_FIELD,Field_4,1,MOVING_TO_FIELD,Field_5,1,PROTECTING,Field_5,1,MOVING_TO_FIELD,Field_1,1,MOVING_TO_FIELD,Field_20,10,0.17,0,8,4,16,0.20,1,2,1,0,0.05,0,0,4,9,0.14,0,6,4,0,0.01,3,3,-1,11,0.17,0,4,4,2,0.05,0,0,3,9,0.19,0,3,2,0,0.11,1,2,2,8,0.17,0,0,6,11,0.24,0,0,4,16,0.12,0,0,1,12,0.12,0,0,2,27,0.32,0,0,6,27,0.28,0,0,6,6,0.19,0,0,2,19,0.13,0,0,2,25,0.17,0,0,1,0,0.03,0,0,2,0,0.08,0,6,3
49,213,1,0,6,0,33,0,1,PROTECTING,Field_8,1,PROTECTING,Field_9,1,MOVING_TO_FIELD,Field_9,1,MOVING_TO_FIELD,Field_1,1,MOVING_TO_FIELD,Field_2,1,MOVING_TO_FIELD,Field_20,1,PROTECTING,Field_2,1,MOVING_TO_FIELD,Field_9,1,MOVING_TO_FIELD,Field_8,1,MOVING_TO_FIELD,Field_6,1,MOVING_TO_FIELD,Field_1,1,MOVING_TO_FIELD,Field_20,1,MOVING_TO_FIELD,Field_8,1,MOVING_TO_FIELD,Field_1,1,MOVING_TO_FIELD,Field_6,1,MOVING_TO_FIELD,Field_4,1,MOVING_TO_FIELD,Field_4,1,MOVING_TO_FIELD,Field_4,1,MOVING_TO_FIELD,Field_1,1,MOVING_TO_FIELD,Field_1,1,IDLE,,1,PROTECTING,Field_5,1,MOVING_TO_FIELD,Field_4,1,MOVING_TO_FIELD,Field_2,1,MOVING_TO_FIELD,Field_4,1,MOVING_TO_FIELD,Field_20,1,MOVING_TO_FIELD,Field_1,1,PROTECTING,Field_5,1,MOVING_TO_FIELD,Field_6,1,MOVING_TO_FIELD,Field_20,1,MOVING_TO_FIELD,Field_1,1,MOVING_TO_FIELD,Field_5,1,MOVING_TO_FIELD,Field_20,1,MOVING_TO_FIELD,Field_5,1,MOVING_TO_FIELD,Field_6,1,MOVING_TO_FIELD,Field_4,1,MOVING_TO_FIELD,Field_5,1,PROTECTING,Field_5,1,MOVING_TO_FIELD,Field_1,1,MOVING_TO_FIELD,Field_20,12,0.17,0,8,4,18,0.21,1,2,1,0,0.07,0,0,4,9,0.12,0,6,4,0,0.00,3,3,-1,11,0.18,0,4,4,2,0.05,0,0,3,9,0.19,1,2,1,0,0.11,1,2,2,8,0.16,0,0,6,11,0.24,0,0,4,16,0.12,0,0,1,12,0.12,0,0,2,27,0.32,0,0,6,27,0.28,0,0,6,7,0.20,0,0,2,19,0.11,0,0,2,25,0.13,0,0,1,0,0.03,0,0,2,0,0.08,0,6,3
50,217,1,0,9,0,30,0,1,PROTECTING,Field_8,1,PROTECTING,Field_9,1,PROTECTING,Field_9,1,MOVING_TO_FIELD,Field_1,1,MOVING_TO_FIELD,Field_2,1,MOVING_TO_FIELD,Field_20,1,PROTECTING,Field_2,1,MOVING_TO_FIELD,Field_9,1,PROTECTING,Field_8,1,MOVING_TO_FIELD,Field_6,1,MOVING_TO_FIELD,Field_1,1,MOVING_TO_FIELD,Field_20,1,MOVING_TO_FIELD,Field_8,1,MOVING_TO_FIELD,Field_1,1,MOVING_TO_FIELD,Field_6,1,MOVING_TO_FIELD,Field_4,1,MOVING_TO_FIELD,Field_4,1,MOVING_TO_FIELD,Field_4,1,MOVING_TO_FIELD,Field_1,1,MOVING_TO_FIELD,Field_1,1,IDLE,,1,PROTECTING,Field_5,1,MOVING_TO_FIELD,Field_4,1,MOVING_TO_FIELD,Field_2,1,MOVING_TO_FIELD,Field_4,1,MOVING_TO_FIELD,Field_20,1,MOVING_TO_FIELD,Field_1,1,PROTECTING,Field_5,1,MOVING_TO_FIELD,Field_6,1,MOVING_TO_FIELD,Field_20,1,MOVING_TO_FIELD,Field_1,1,MOVING_TO_FIELD,Field_5,1,MOVING_TO_FIELD,Field_20,1,MOVING_TO_FIELD,Field_5,1,MOVING_TO_FIELD,Field_6,1,MOVING_TO_FIELD,Field_4,1,MOVING_TO_FIELD,Field_5,1,PROTECTING,Field_5,1,PROTECTING,Field_1,1,MOVING_TO_FIELD,Field_20,12,0.17,1,7,3,18,0.21,1,2,1,0,0.08,0,0,4,9,0.14,0,6,4,0,0.00,3,3,-1,11,0.18,0,4,4,2,0.05,0,0,3,9,0.19,2,1,0,0,0.12,2,1,1,8,0.16,0,0,6,11,0.22,0,0,4,16,0.12,0,0,1,12,0.12,0,0,2,28,0.31,0,0,6,28,0.27,0,0,6,7,0.20,0,0,2,19,0.13,0,0,2,27,0.13,0,0,1,0,0.03,0,0,2,0,0.08,0,6,3
51,227,4,0,4,0,32,0,1,PROTECTING,Field_8,1,MOVING_TO_FIELD,Field_6,1,MOVING_TO_FIELD,Field_6,1,MOVING_TO_FIELD,Field_1,1,MOVING_TO_FIELD,Field_2,1,MOVING_TO_FIELD,Field_4,1,PROTECTING,Field_2,1,MOVING_TO_FIELD,Field_5,1,PROTECTING,Field_8,1,MOVING_TO_FIELD,Field_6,1,MOVING_TO_FIELD,Field_1,1,MOVING_TO_FIELD,Field_5,1,MOVING_TO_FIELD,Field_20,1,MOVING_TO_FIELD,Field_1,1,MOVING_TO_FIELD,Field_5,1,MOVING_TO_FIELD,Field_20,1,MOVING_TO_FIELD,Field_20,1,MOVING_TO_FIELD,Field_4,1,MOVING_TO_FIELD,Field_1,1,MOVING_TO_FIELD,Field_4,1,IDLE,,1,IDLE,,1,MOVING_TO_FIELD,Field_4,1,MOVING_TO_FIELD,Field_5,1,MOVING_TO_FIELD,Field_4,1,MOVING_TO_FIELD,Field_20,1,MOVING_TO_FIELD,Field_1,1,IDLE,,1,MOVING_TO_FIELD,Field_6,1,MOVING_TO_FIELD,Field_20,1,MOVING_TO_FIELD,Field_1,1,MOVING_TO_FIELD,Field_5,1,MOVING_TO_FIELD,Field_20,1,MOVING_TO_FIELD,Field_1,1,MOVING_TO_FIELD,Field_6,1,MOVING_TO_FIELD,Field_4,1,MOVING_TO_FIELD,Field_5,1,IDLE,,1,PROTECTING,Field_1,1,MOVING_TO_FIELD,Field_6,13,0.17,1,7,3,18,0.20,1,1,1,1,0.08,0,0,4,10,0.16,0,6,4,0,0.00,0,6,2,11,0.20,0,6,4,2,0.05,0,0,3,9,0.19,2,0,0,0,0.12,0,0,3,9,0.17,0,0,6,12,0.22,0,0,4,16,0.09,0,0,1,12,0.12,0,0,2,29,0.31,0,0,6,29,0.26,0,0,6,10,0.21,0,0,2,19,0.13,0,0,2,27,0.13,0,0,1,0,0.02,0,0,2,0,0.10,0,6,3
52,232,4,0,4,0,32,0,1,PROTECTING,Field_8,1,MOVING_TO_FIELD,Field_6,1,MOVING_TO_FIELD,Field_6,1,MOVING_TO_FIELD,Field_1,1,MOVING_TO_FIELD,Field_2,1,MOVING_TO_FIELD,Field_4,1,PROTECTING,Field_2,1,MOVING_TO_FIELD,Field_5,1,PROTECTING,Field_8,1,MOVING_TO_FIELD,Field_6,1,MOVING_TO_FIELD,Field_1,1,MOVING_TO_FIELD,Field_5,1,MOVING_TO_FIELD,Field_20,1,MOVING_TO_FIELD,Field_1,1,MOVING_TO_FIELD,Field_5,1,MOVING_TO_FIELD,Field_20,1,MOVING_TO_FIELD,Field_20,1,MOVING_TO_FIELD,Field_4,1,MOVING_TO_FIELD,Field_1,1,MOVING_TO_FIELD,Field_4,1,IDLE,,1,IDLE,,1,MOVING_TO_FIELD,Field_4,1,MOVING_TO_FIELD,Field_5,1,MOVING_TO_FIELD,Field_4,1,MOVING_TO_FIELD,Field_20,1,MOVING_TO_FIELD,Field_1,1,IDLE,,1,MOVING_TO_FIELD,Field_6,1,MOVING_TO_FIELD,Field_20,1,MOVING_TO_FIELD,Field_1,1,MOVING_TO_FIELD,Field_5,1,MOVING_TO_FIELD,Field_20,1,MOVING_TO_FIELD,Field_1,1,MOVING_TO_FIELD,Field_6,1,MOVING_TO_FIELD,Field_4,1,MOVING_TO_FIELD,Field_5,1,IDLE,,1,PROTECTING,Field_1,1,MOVING_TO_FIELD,Field_6,13,0.17,1,7,3,18,0.19,1,1,1,1,0.08,0,0,4,10,0.17,0,6,4,0,0.00,0,6,2,11,0.20,0,6,4,2,0.05,0,0,3,9,0.19,2,0,0,0,0.12,0,0,3,9,0.17,0,0,6,12,0.22,0,0,4,16,0.09,0,0,1,12,0.12,0,0,2,29,0.31,0,0,6,30,0.26,0,0,6,12,0.21,0,0,2,19,0.11,0,0,2,29,0.11,0,0,1,0,0.02,0,0,2,0,0.10,0,6,3
53,233,4,0,5,0,31,0,1,PROTECTING,Field_8,1,MOVING_TO_FIELD,Field_6,1,MOVING_TO_FIELD,Field_6,1,MOVING_TO_FIELD,Field_1,1,MOVING_TO_FIELD,Field_2,1,MOVING_TO_FIELD,Field_4,1,PROTECTING,Field_2,1,MOVING_TO_FIELD,Field_5,1,PROTECTING,Field_8,1,MOVING_TO_FIELD,Field_6,1,MOVING_TO_FIELD,Field_1,1,MOVING_TO_FIELD,Field_5,1,MOVING_TO_FIELD,Field_20,1,MOVING_TO_FIELD,Field_1,1,MOVING_TO_FIELD,Field_5,1,MOVING_TO_FIELD,Field_20,1,MOVING_TO_FIELD,Field_20,1,MOVING_TO_FIELD,Field_4,1,MOVING_TO_FIELD,Field_1,1,MOVING_TO_FIELD,Field_4,1,IDLE,,1,IDLE,,1,MOVING_TO_FIELD,Field_4,1,MOVING_TO_FIELD,Field_5,1,MOVING_TO_FIELD,Field_4,1,MOVING_TO_FIELD,Field_20,1,MOVING_TO_FIELD,Field_1,1,IDLE,,1,MOVING_TO_FIELD,Field_6,1,MOVING_TO_FIELD,Field_20,1,PROTECTING,Field_1,1,MOVING_TO_FIELD,Field_5,1,MOVING_TO_FIELD,Field_20,1,MOVING_TO_FIELD,Field_1,1,MOVING_TO_FIELD,Field_6,1,MOVING_TO_FIELD,Field_4,1,MOVING_TO_FIELD,Field_5,1,IDLE,,1,PROTECTING,Field_1,1,MOVING_TO_FIELD,Field_6,13,0.17,2,6,2,18,0.19,1,1,1,1,0.08,0,0,4,10,0.14,0,6,4,0,0.00,0,6,2,11,0.18,0,6,4,2,0.05,0,0,3,9,0.19,2,0,0,0,0.12,0,0,3,9,0.16,0,0,6,12,0.22,0,0,4,16,0.06,0,0,1,12,0.12,0,0,2,29,0.30,0,0,6,30,0.26,0,0,6,13,0.25,0,0,2,19,0.13,0,0,2,29,0.11,0,0,1,0,0.02,0,0,2,0,0.10,0,6,3
54,235,4,0,6,0,30,0,1,PROTECTING,Field_8,1,MOVING_TO_FIELD,Field_6,1,MOVING_TO_FIELD,Field_6,1,MOVING_TO_FIELD,Field_1,1,PROTECTING,Field_2,1,MOVING_TO_FIELD,Field_4,1,PROTECTING,Field_2,1,MOVING_TO_FIELD,Field_5,1,PROTECTING,Field_8,1,MOVING_TO_FIELD,Field_6,1,MOVING_TO_FIELD,Field_1,1,MOVING_TO_FIELD,Field_5,1,MOVING_TO_FIELD,Field_20,1,MOVING_TO_FIELD,Field_1,1,MOVING_TO_FIELD,Field_5,1,MOVING_TO_FIELD,Field_20,1,MOVING_TO_FIELD,Field_20,1,MOVING_TO_FIELD,Field_4,1,MOVING_TO_FIELD,Field_1,1,MOVING_TO_FIELD,Field_4,1,IDLE,,1,IDLE,,1,MOVING_TO_FIELD,Field_4,1,MOVING_TO_FIELD,Field_5,1,MOVING_TO_FIELD,Field_4,1,MOVING_TO_FIELD,Field_20,1,MOVING_TO_FIELD,Field_1,1,IDLE,,1,MOVING_TO_FIELD,Field_6,1,MOVING_TO_FIELD,Field_20,1,PROTECTING,Field_1,1,MOVING_TO_FIELD,Field_5,1,MOVING_TO_FIELD,Field_20,1,MOVING_TO_FIELD,Field_1,1,MOVING_TO_FIELD,Field_6,1,MOVING_TO_FIELD,Field_4,1,MOVING_TO_FIELD,Field_5,1,IDLE,,1,PROTECTING,Field_1,1,MOVING_TO_FIELD,Field_6,13,0.18,2,6,2,18,0.16,2,0,0,1,0.08,0,0,4,10,0.14,0,6,4,0,0.00,0,6,2,11,0.18,0,6,4,2,0.05,0,0,3,9,0.19,2,0,0,0,0.12,0,0,3,9,0.17,0,0,6,12,0.22,0,0,4,16,0.06,0,0,1,12,0.11,0,0,2,29,0.27,0,0,6,31,0.26,0,0,6,14,0.25,0,0,2,19,0.15,0,0,2,29,0.11,0,0,1,0,0.02,0,0,2,0,0.10,0,6,3
55,241,4,0,7,0,29,0,1,PROTECTING,Field_8,1,MOVING_TO_FIELD,Field_6,1,MOVING_TO_FIELD,Field_6,1,MOVING_TO_FIELD,Field_1,1,PROTECTING,Field_2,1,MOVING_TO_FIELD,Field_4,1,PROTECTING,Field_2,1,MOVING_TO_FIELD,Field_5,1,PROTECTING,Field_8,1,MOVING_TO_FIELD,Field_6,1,MOVING_TO_FIELD,Field_1,1,MOVING_TO_FIELD,Field_5,1,MOVING_TO_FIELD,Field_20,1,MOVING_TO_FIELD,Field_1,1,MOVING_TO_FIELD,Field_5,1,MOVING_TO_FIELD,Field_20,1,MOVING_TO_FIELD,Field_20,1,MOVING_TO_FIELD,Field_4,1,MOVING_TO_FIELD,Field_1,1,MOVING_TO_FIELD,Field_4,1,IDLE,,1,IDLE,,1,MOVING_TO_FIELD,Field_4,1,MOVING_TO_FIELD,Field_5,1,MOVING_TO_FIELD,Field_4,1,MOVING_TO_FIELD,Field_20,1,MOVING_TO_FIELD,Field_1,1,IDLE,,1,MOVING_TO_FIELD,Field_6,1,MOVING_TO_FIELD,Field_20,1,PROTECTING,Field_1,1,PROTECTING,Field_5,1,MOVING_TO_FIELD,Field_20,1,MOVING_TO_FIELD,Field_1,1,MOVING_TO_FIELD,Field_6,1,MOVING_TO_FIELD,Field_4,1,MOVING_TO_FIELD,Field_5,1,IDLE,,1,PROTECTING,Field_1,1,MOVING_TO_FIELD,Field_6,13,0.19,2,6,2,18,0.16,2,0,0,1,0.08,0,0,4,10,0.14,0,6,4,0,0.00,1,5,1,12,0.16,0,6,4,2,0.06,0,0,3,9,0.17,2,0,0,0,0.13,0,0,3,9,0.17,0,0,6,14,0.22,0,0,4,16,0.06,0,0,1,12,0.11,0,0,2,29,0.27,0,0,6,33,0.27,0,0,6,15,0.22,0,0,2,19,0.15,0,0,2,29,0.11,0,0,1,0,0.00,0,0,2,0,0.10,0,6,3
56,242,4,0,7,0,29,0,1,PROTECTING,Field_8,1,MOVING_TO_FIELD,Field_6,1,MOVING_TO_FIELD,Field_6,1,MOVING_TO_FIELD,Field_1,1,PROTECTING,Field_2,1,MOVING_TO_FIELD,Field_4,1,PROTECTING,Field_2,1,MOVING_TO_FIELD,Field_5,1,PROTECTING,Field_8,1,MOVING_TO_FIELD,Field_6,1,MOVING_TO_FIELD,Field_1,1,MOVING_TO_FIELD,Field_5,1,MOVING_TO_FIELD,Field_20,1,MOVING_TO_FIELD,Field_1,1,MOVING_TO_FIELD,Field_5,1,MOVING_TO_FIELD,Field_20,1,MOVING_TO_FIELD,Field_20,1,MOVING_TO_FIELD,Field_4,1,MOVING_TO_FIELD,Field_1,1,MOVING_TO_FIELD,Field_4,1,IDLE,,1,IDLE,,1,MOVING_TO_FIELD,Field_4,1,MOVING_TO_FIELD,Field_5,1,MOVING_TO_FIELD,Field_4,1,MOVING_TO_FIELD,Field_20,1,MOVING_TO_FIELD,Field_1,1,IDLE,,1,MOVING_TO_FIELD,Field_6,1,MOVING_TO_FIELD,Field_20,1,PROTECTING,Field_1,1,PROTECTING,Field_5,1,MOVING_TO_FIELD,Field_20,1,MOVING_TO_FIELD,Field_1,1,MOVING_TO_FIELD,Field_6,1,MOVING_TO_FIELD,Field_4,1,MOVING_TO_FIELD,Field_5,1,IDLE,,1,PROTECTING,Field_1,1,MOVING_TO_FIELD,Field_6,13,0.19,2,6,2,18,0.13,2,0,0,1,0.08,0,0,4,10,0.13,0,6,4,0,0.00,1,5,1,12,0.16,0,6,4,2,0.07,0,0,3,9,0.17,2,0,0,0,0.13,0,0,3,9,0.16,0,0,6,14,0.22,0,0,4,16,0.06,0,0,1,12,0.11,0,0,2,29,0.25,0,0,6,33,0.27,0,0,6,16,0.22,0,0,2,19,0.15,0,0,2,29,0.11,0,0,1,0,0.00,0,0,2,0,0.10,0,6,3
57,245,4,0,9,0,27,0,1,PROTECTING,Field_8,1,MOVING_TO_FIELD,Field_6,1,MOVING_TO_FIELD,Field_6,1,MOVING_TO_FIELD,Field_1,1,PROTECTING,Field_2,1,MOVING_TO_FIELD,Field_4,1,PROTECTING,Field_2,1,MOVING_TO_FIELD,Field_5,1,PROTECTING,Field_8,1,MOVING_TO_FIELD,Field_6,1,MOVING_TO_FIELD,Field_1,1,MOVING_TO_FIELD,Field_5,1,MOVING_TO_FIELD,Field_20,1,MOVING_TO_FIELD,Field_1,1,PROTECTING,Field_5,1,MOVING_TO_FIELD,Field_20,1,MOVING_TO_FIELD,Field_20,1,MOVING_TO_FIELD,Field_4,1,MOVING_TO_FIELD,Field_1,1,MOVING_TO_FIELD,Field_4,1,IDLE,,1,IDLE,,1,MOVING_TO_FIELD,Field_4,1,MOVING_TO_FIELD,Field_5,1,MOVING_TO_FIELD,Field_4,1,MOVING_TO_FIELD,Field_20,1,PROTECTING,Field_1,1,IDLE,,1,MOVING_TO_FIELD,Field_6,1,MOVING_TO_FIELD,Field_20,1,PROTECTING,Field_1,1,PROTECTING,Field_5,1,MOVING_TO_FIELD,Field_20,1,MOVING_TO_FIELD,Field_1,1,MOVING_TO_FIELD,Field_6,1,MOVING_TO_FIELD,Field_4,1,MOVING_TO_FIELD,Field_5,1,IDLE,,1,PROTECTING,Field_1,1,MOVING_TO_FIELD,Field_6,13,0.18,3,5,1,18,0.13,2,0,0,1,0.08,0,0,4,10,0.13,0,6,4,0,0.00,2,4,0,12,0.16,0,6,4,2,0.06,0,0,3,9,0.17,2,0,0,0,0.15,0,0,3,9,0.15,0,0,6,15,0.22,0,0,4,16,0.06,0,0,1,12,0.11,0,0,2,30,0.25,0,0,6,34,0.28,0,0,6,16,0.22,0,0,2,19,0.13,0,0,2,29,0.11,0,0,1,0,0.00,0,0,2,0,0.10,0,6,3
58,247,4,0,9,0,27,0,1,PROTECTING,Field_8,1,MOVING_TO_FIELD,Field_6,1,MOVING_TO_FIELD,Field_6,1,MOVING_TO_FIELD,Field_1,1,PROTECTING,Field_2,1,MOVING_TO_FIELD,Field_4,1,PROTECTING,Field_2,1,MOVING_TO_FIELD,Field_5,1,PROTECTING,Field_8,1,MOVING_TO_FIELD,Field_6,1,MOVING_TO_FIELD,Field_1,1,MOVING_TO_FIELD,Field_5,1,MOVING_TO_FIELD,Field_20,1,MOVING_TO_FIELD,Field_1,1,PROTECTING,Field_5,1,MOVING_TO_FIELD,Field_20,1,MOVING_TO_FIELD,Field_20,1,MOVING_TO_FIELD,Field_4,1,MOVING_TO_FIELD,Field_1,1,MOVING_TO_FIELD,Field_4,1,IDLE,,1,IDLE,,1,MOVING_TO_FIELD,Field_4,1,MOVING_TO_FIELD,Field_5,1,MOVING_TO_FIELD,Field_4,1,MOVING_TO_FIELD,Field_20,1,PROTECTING,Field_1,1,IDLE,,1,MOVING_TO_FIELD,Field_6,1,MOVING_TO_FIELD,Field_20,1,PROTECTING,Field_1,1,PROTECTING,Field_5,1,MOVING_TO_FIELD,Field_20,1,MOVING_TO_FIELD,Field_1,1,MOVING_TO_FIELD,Field_6,1,MOVING_TO_FIELD,Field_4,1,MOVING_TO_FIELD,Field_5,1,IDLE,,1,PROTECTING,Field_1,1,MOVING_TO_FIELD,Field_6,13,0.18,3,5,1,18,0.11,2,0,0,1,0.07,0,0,4,10,0.13,0,6,4,0,0.00,2,4,0,12,0.17,0,6,4,2,0.06,0,0,3,9,0.17,2,0,0,0,0.12,0,0,3,9,0.13,0,0,6,15,0.24,0,0,4,16,0.06,0,0,1,12,0.11,0,0,2,30,0.24,0,0,6,34,0.29,0,0,6,16,0.20,0,0,2,19,0.13,0,0,2,31,0.11,0,0,1,0,0.00,0,0,2,0,0.10,0,6,3
59,248,4,0,10,0,26,0,1,PROTECTING,Field_8,1,MOVING_TO_FIELD,Field_6,1,MOVING_TO_FIELD,Field_6,1,MOVING_TO_FIELD,Field_1,1,PROTECTING,Field_2,1,MOVING_TO_FIELD,Field_4,1,PROTECTING,Field_2,1,MOVING_TO_FIELD,Field_5,1,PROTECTING,Field_8,1,MOVING_TO_FIELD,Field_6,1,MOVING_TO_FIELD,Field_1,1,MOVING_TO_FIELD,Field_5,1,MOVING_TO_FIELD,Field_20,1,MOVING_TO_FIELD,Field_1,1,PROTECTING,Field_5,1,MOVING_TO_FIELD,Field_20,1,MOVING_TO_FIELD,Field_20,1,MOVING_TO_FIELD,Field_4,1,MOVING_TO_FIELD,Field_1,1,MOVING_TO_FIELD,Field_4,1,IDLE,,1,IDLE,,1,MOVING_TO_FIELD,Field_4,1,MOVING_TO_FIELD,Field_5,1,MOVING_TO_FIELD,Field_4,1,MOVING_TO_FIELD,Field_20,1,PROTECTING,Field_1,1,IDLE,,1,MOVING_TO_FIELD,Field_6,1,MOVING_TO_FIELD,Field_20,1,PROTECTING,Field_1,1,PROTECTING,Field_5,1,MOVING_TO_FIELD,Field_20,1,MOVING_TO_FIELD,Field_1,1,MOVING_TO_FIELD,Field_6,1,MOVING_TO_FIELD,Field_4,1,PROTECTING,Field_5,1,IDLE,,1,PROTECTING,Field_1,1,MOVING_TO_FIELD,Field_6,13,0.18,3,5,1,18,0.10,2,0,0,1,0.06,0,0,4,10,0.13,0,6,4,0,0.00,3,3,-1,12,0.18,0,6,4,2,0.06,0,0,3,9,0.11,2,0,0,0,0.12,0,0,3,9,0.12,0,0,6,16,0.25,0,0,4,16,0.06,0,0,1,12,0.11,0,0,2,30,0.23,0,0,6,34,0.29,0,0,6,16,0.20,0,0,2,19,0.15,0,0,2,31,0.09,0,0,1,0,0.00,0,0,2,0,0.10,0,6,3
60,249,4,0,10,0,26,0,1,PROTECTING,Field_8,1,MOVING_TO_FIELD,Field_6,1,MOVING_TO_FIELD,Field_6,1,MOVING_TO_FIELD,Field_1,1,PROTECTING,Field_2,1,MOVING_TO_FIELD,Field_4,1,PROTECTING,Field_2,1,MOVING_TO_FIELD,Field_5,1,PROTECTING,Field_8,1,MOVING_TO_FIELD,Field_6,1,MOVING_TO_FIELD,Field_1,1,MOVING_TO_FIELD,Field_5,1,MOVING_TO_FIELD,Field_20,1,MOVING_TO_FIELD,Field_1,1,PROTECTING,Field_5,1,MOVING_TO_FIELD,Field_20,1,MOVING_TO_FIELD,Field_20,1,MOVING_TO_FIELD,Field_4,1,MOVING_TO_FIELD,Field_1,1,MOVING_TO_FIELD,Field_4,1,IDLE,,1,IDLE,,1,MOVING_TO_FIELD,Field_4,1,MOVING_TO_FIELD,Field_5,1,MOVING_TO_FIELD,Field_4,1,MOVING_TO_FIELD,Field_20,1,PROTECTING,Field_1,1,IDLE,,1,MOVING_TO_FIELD,Field_6,1,MOVING_TO_FIELD,Field_20,1,PROTECTING,Field_1,1,PROTECTING,Field_5,1,MOVING_TO_FIELD,Field_20,1,MOVING_TO_FIELD,Field_1,1,MOVING_TO_FIELD,Field_6,1,MOVING_TO_FIELD,Field_4,1,PROTECTING,Field_5,1,IDLE,,1,PROTECTING,Field_1,1,MOVING_TO_FIELD,Field_6,13,0.17,3,5,1,18,0.09,2,0,0,1,0.05,0,0,4,10,0.13,0,6,4,0,0.01,3,3,-1,12,0.18,0,6,4,2,0.06,0,0,3,9,0.09,2,0,0,0,0.11,0,0,3,9,0.12,0,0,6,16,0.25,0,0,4,16,0.06,0,0,1,12,0.11,0,0,2,31,0.21,0,0,6,34,0.29,0,0,6,16,0.20,0,0,2,19,0.13,0,0,2,31,0.09,0,0,1,0,0.00,0,0,2,0,0.12,0,6,3
61,252,0,0,10,0,30,0,1,PROTECTING,Field_8,1,MOVING_TO_FIELD,Field_4,1,MOVING_TO_FIELD,Field_5,1,MOVING_TO_FIELD,Field_5,1,PROTECTING,Field_2,1,MOVING_TO_FIELD,Field_6,1,PROTECTING,Field_2,1,MOVING_TO_FIELD,Field_1,1,PROTECTING,Field_8,1,MOVING_TO_FIELD,Field_4,1,MOVING_TO_FIELD,Field_5,1,MOVING_TO_FIELD,Field_1,1,MOVING_TO_FIELD,Field_4,1,MOVING_TO_FIELD,Field_4,1,PROTECTING,Field_5,1,MOVING_TO_FIELD,Field_4,1,MOVING_TO_FIELD,Field_5,1,MOVING_TO_FIELD,Field_6,1,MOVING_TO_FIELD,Field_5,1,MOVING_TO_FIELD,Field_5,1,MOVING_TO_FIELD,Field_1,1,MOVING_TO_FIELD,Field_7,1,MOVING_TO_FIELD,Field_6,1,MOVING_TO_FIELD,Field_4,1,MOVING_TO_FIELD,Field_6,1,MOVING_TO_FIELD,Field_4,1,PROTECTING,Field_1,1,MOVING_TO_FIELD,Field_7,1,MOVING_TO_FIELD,Field_4,1,MOVING_TO_FIELD,Field_1,1,PROTECTING,Field_1,1,PROTECTING,Field_5,1,MOVING_TO_FIELD,Field_6,1,MOVING_TO_FIELD,Field_1,1,MOVING_TO_FIELD,Field_4,1,MOVING_TO_FIELD,Field_6,1,PROTECTING,Field_5,1,MOVING_TO_FIELD,Field_20,1,PROTECTING,Field_1,1,MOVING_TO_FIELD,Field_4,14,0.16,3,5,1,18,0.08,2,0,0,1,0.05,0,0,4,10,0.13,0,10,4,0,0.01,3,6,-1,12,0.17,0,6,4,2,0.05,0,2,3,9,0.07,2,0,0,0,0.10,0,0,3,9,0.13,0,0,6,16,0.25,0,0,4,16,0.06,0,0,1,12,0.11,0,0,2,31,0.21,0,0,6,34,0.30,0,0,6,17,0.19,0,0,2,20,0.15,0,0,2,31,0.09,0,0,1,0,0.00,0,0,2,0,0.12,0,1,3
62,254,0,0,10,0,30,0,1,PROTECTING,Field_8,1,MOVING_TO_FIELD,Field_4,1,MOVING_TO_FIELD,Field_5,1,MOVING_TO_FIELD,Field_5,1,PROTECTING,Field_2,1,MOVING_TO_FIELD,Field_6,1,PROTECTING,Field_2,1,MOVING_TO_FIELD,Field_1,1,PROTECTING,Field_8,1,MOVING_TO_FIELD,Field_4,1,MOVING_TO_FIELD,Field_5,1,MOVING_TO_FIELD,Field_1,1,MOVING_TO_FIELD,Field_4,1,MOVING_TO_FIELD,Field_4,1,PROTECTING,Field_5,1,MOVING_TO_FIELD,Field_4,1,MOVING_TO_FIELD,Field_5,1,MOVING_TO_FIELD,Field_6,1,MOVING_TO_FIELD,Field_5,1,MOVING_TO_FIELD,Field_5,1,MOVING_TO_FIELD,Field_1,1,MOVING_TO_FIELD,Field_7,1,MOVING_TO_FIELD,Field_6,1,MOVING_TO_FIELD,Field_4,1,MOVING_TO_FIELD,Field_6,1,MOVING_TO_FIELD,Field_4,1,PROTECTING,Field_1,1,MOVING_TO_FIELD,Field_7,1,MOVING_TO_FIELD,Field_4,1,MOVING_TO_FIELD,Field_1,1,PROTECTING,Field_1,1,PROTECTING,Field_5,1,MOVING_TO_FIELD,Field_6,1,MOVING_TO_FIELD,Field_1,1,MOVING_TO_FIELD,Field_4,1,MOVING_TO_FIELD,Field_6,1,PROTECTING,Field_5,1,MOVING_TO_FIELD,Field_20,1,PROTECTING,Field_1,1,MOVING_TO_FIELD,Field_4,14,0.16,3,5,1,18,0.08,2,0,0,1,0.05,0,0,4,10,0.14,0,10,4,0,0.01,3,6,-1,13,0.16,0,6,4,2,0.05,0,2,3,9,0.07,2,0,0,0,0.10,0,0,3,9,0.13,0,0,6,16,0.26,0,0,4,16,0.06,0,0,1,12,0.11,0,0,2,31,0.21,0,0,6,34,0.29,0,0,6,18,0.19,0,0,2,20,0.15,0,0,2,31,0.09,0,0,1,0,0.00,0,0,2,0,0.12,0,1,3
63,259,0,0,10,0,30,0,1,PROTECTING,Field_8,1,MOVING_TO_FIELD,Field_4,1,MOVING_TO_FIELD,Field_5,1,MOVING_TO_FIELD,Field_5,1,PROTECTING,Field_2,1,MOVING_TO_FIELD,Field_6,1,PROTECTING,Field_2,1,MOVING_TO_FIELD,Field_1,1,PROTECTING,Field_8,1,MOVING_TO_FIELD,Field_4,1,MOVING_TO_FIELD,Field_5,1,MOVING_TO_FIELD,Field_1,1,MOVING_TO_FIELD,Field_4,1,MOVING_TO_FIELD,Field_4,1,PROTECTING,Field_5,1,MOVING_TO_FIELD,Field_4,1,MOVING_TO_FIELD,Field_5,1,MOVING_TO_FIELD,Field_6,1,MOVING_TO_FIELD,Field_5,1,MOVING_TO_FIELD,Field_5,1,MOVING_TO_FIELD,Field_1,1,MOVING_TO_FIELD,Field_7,1,MOVING_TO_FIELD,Field_6,1,MOVING_TO_FIELD,Field_4,1,MOVING_TO_FIELD,Field_6,1,MOVING_TO_FIELD,Field_4,1,PROTECTING,Field_1,1,MOVING_TO_FIELD,Field_7,1,MOVING_TO_FIELD,Field_4,1,MOVING_TO_FIELD,Field_1,1,PROTECTING,Field_1,1,PROTECTING,Field_5,1,MOVING_TO_FIELD,Field_6,1,MOVING_TO_FIELD,Field_1,1,MOVING_TO_FIELD,Field_4,1,MOVING_TO_FIELD,Field_6,1,PROTECTING,Field_5,1,MOVING_TO_FIELD,Field_20,1,PROTECTING,Field_1,1,MOVING_TO_FIELD,Field_4,17,0.16,3,5,1,18,0.07,2,0,0,1,0.05,0,0,4,10,0.14,0,10,4,0,0.01,3,6,-1,13,0.20,0,6,4,2,0.04,0,2,3,9,0.06,2,0,0,0,0.10,0,0,3,9,0.14,0,0,6,16,0.26,0,0,4,16,0.06,0,0,1,12,0.11,0,0,2,31,0.21,0,0,6,34,0.29,0,0,6,19,0.19,0,0,2,20,0.13,0,0,2,32,0.09,0,0,1,0,0.00,0,0,2,0,0.12,0,1,3
64,264,0,0,10,0,30,0,1,PROTECTING,Field_8,1,MOVING_TO_FIELD,Field_4,1,MOVING_TO_FIELD,Field_5,1,MOVING_TO_FIELD,Field_5,1,PROTECTING,Field_2,1,MOVING_TO_FIELD,Field_6,1,PROTECTING,Field_2,1,MOVING_TO_FIELD,Field_1,1,PROTECTING,Field_8,1,MOVING_TO_FIELD,Field_4,1,MOVING_TO_FIELD,Field_5,1,MOVING_TO_FIELD,Field_1,1,MOVING_TO_FIELD,Field_4,1,MOVING_TO_FIELD,Field_4,1,PROTECTING,Field_5,1,MOVING_TO_FIELD,Field_4,1,MOVING_TO_FIELD,Field_5,1,MOVING_TO_FIELD,Field_6,1,MOVING_TO_FIELD,Field_5,1,MOVING_TO_FIELD,Field_5,1,MOVING_TO_FIELD,Field_1,1,MOVING_TO_FIELD,Field_7,1,MOVING_TO_FIELD,Field_6,1,MOVING_TO_FIELD,Field_4,1,MOVING_TO_FIELD,Field_6,1,MOVING_TO_FIELD,Field_4,1,PROTECTING,Field_1,1,MOVING_TO_FIELD,Field_7,1,MOVING_TO_FIELD,Field_4,1,MOVING_TO_FIELD,Field_1,1,PROTECTING,Field_1,1,PROTECTING,Field_5,1,MOVING_TO_FIELD,Field_6,1,MOVING_TO_FIELD,Field_1,1,MOVING_TO_FIELD,Field_4,1,MOVING_TO_FIELD,Field_6,1,PROTECTING,Field_5,1,MOVING_TO_FIELD,Field_20,1,PROTECTING,Field_1,1,MOVING_TO_FIELD,Field_4,18,0.17,3,5,1,18,0.05,2,0,0,1,0.05,0,0,4,10,0.14,0,10,4,0,0.01,3,6,-1,14,0.18,0,6,4,2,0.05,0,2,3,9,0.06,2,0,0,0,0.09,0,0,3,9,0.14,0,0,6,17,0.26,0,0,4,16,0.06,0,0,1,12,0.09,0,0,2,31,0.21,0,0,6,34,0.30,0,0,6,20,0.21,0,0,2,20,0.13,0,0,2,33,0.09,0,0,1,0,0.00,0,0,2,0,0.12,0,1,3
65,265,0,0,10,0,30,0,1,PROTECTING,Field_8,1,MOVING_TO_FIELD,Field_4,1,MOVING_TO_FIELD,Field_5,1,MOVING_TO_FIELD,Field_5,1,PROTECTING,Field_2,1,MOVING_TO_FIELD,Field_6,1,PROTECTING,Field_2,1,MOVING_TO_FIELD,Field_1,1,PROTECTING,Field_8,1,MOVING_TO_FIELD,Field_4,1,MOVING_TO_FIELD,Field_5,1,MOVING_TO_FIELD,Field_1,1,MOVING_TO_FIELD,Field_4,1,MOVING_TO_FIELD,Field_4,1,PROTECTING,Field_5,1,MOVING_TO_FIELD,Field_4,1,MOVING_TO_FIELD,Field_5,1,MOVING_TO_FIELD,Field_6,1,MOVING_TO_FIELD,Field_5,1,MOVING_TO_FIELD,Field_5,1,MOVING_TO_FIELD,Field_1,1,MOVING_TO_FIELD,Field_7,1,MOVING_TO_FIELD,Field_6,1,MOVING_TO_FIELD,Field_4,1,MOVING_TO_FIELD,Field_6,1,MOVING_TO_FIELD,Field_4,1,PROTECTING,Field_1,1,MOVING_TO_FIELD,Field_7,1,MOVING_TO_FIELD,Field_4,1,MOVING_TO_FIELD,Field_1,1,PROTECTING,Field_1,1,PROTECTING,Field_5,1,MOVING_TO_FIELD,Field_6,1,MOVING_TO_FIELD,Field_1,1,MOVING_TO_FIELD,Field_4,1,MOVING_TO_FIELD,Field_6,1,PROTECTING,Field_5,1,MOVING_TO_FIELD,Field_20,1,PROTECTING,Field_1,1,MOVING_TO_FIELD,Field_4,19,0.16,3,5,1,18,0.05,2,0,0,1,0.05,0,0,4,10,0.16,0,10,4,0,0.01,3,6,-1,14,0.20,0,6,4,2,0.05,0,2,3,9,0.06,2,0,0,0,0.09,0,0,3,9,0.14,0,0,6,17,0.26,0,0,4,16,0.06,0,0,1,12,0.09,0,0,2,31,0.21,0,0,6,34,0.30,0,0,6,20,0.21,0,0,2,20,0.13,0,0,2,33,0.09,0,0,1,0,0.00,0,0,2,0,0.12,0,1,3
66,266,0,0,10,0,30,0,1,PROTECTING,Field_8,1,MOVING_TO_FIELD,Field_4,1,MOVING_TO_FIELD,Field_5,1,MOVING_TO_FIELD,Field_5,1,PROTECTING,Field_2,1,MOVING_TO_FIELD,Field_6,1,PROTECTING,Field_2,1,MOVING_TO_FIELD,Field_1,1,PROTECTING,Field_8,1,MOVING_TO_FIELD,Field_4,1,MOVING_TO_FIELD,Field_5,1,MOVING_TO_FIELD,Field_1,1,MOVING_TO_FIELD,Field_4,1,MOVING_TO_FIELD,Field_4,1,PROTECTING,Field_5,1,MOVING_TO_FIELD,Field_4,1,MOVING_TO_FIELD,Field_5,1,MOVING_TO_FIELD,Field_6,1,MOVING_TO_FIELD,Field_5,1,MOVING_TO_FIELD,Field_5,1,MOVING_TO_FIELD,Field_1,1,MOVING_TO_FIELD,Field_7,1,MOVING_TO_FIELD,Field_6,1,MOVING_TO_FIELD,Field_4,1,MOVING_TO_FIELD,Field_6,1,MOVING_TO_FIELD,Field_4,1,PROTECTING,Field_1,1,MOVING_TO_FIELD,Field_7,1,MOVING_TO_FIELD,Field_4,1,MOVING_TO_FIELD,Field_1,1,PROTECTING,Field_1,1,PROTECTING,Field_5,1,MOVING_TO_FIELD,Field_6,1,MOVING_TO_FIELD,Field_1,1,MOVING_TO_FIELD,Field_4,1,MOVING_TO_FIELD,Field_6,1,PROTECTING,Field_5,1,MOVING_TO_FIELD,Field_20,1,PROTECTING,Field_1,1,MOVING_TO_FIELD,Field_4,20,0.16,3,5,1,18,0.04,2,0,0,1,0.05,0,0,4,10,0.11,0,10,4,0,0.01,3,6,-1,14,0.20,0,6,4,2,0.05,0,2,3,9,0.06,2,0,0,0,0.10,0,0,3,9,0.14,0,0,6,17,0.26,0,0,4,16,0.06,0,0,1,12,0.09,0,0,2,31,0.21,0,0,6,34,0.30,0,0,6,20,0.22,0,0,2,20,0.11,0,0,2,33,0.09,0,0,1,0,0.00,0,0,2,0,0.10,0,1,3
67,267,0,0,10,0,30,0,1,PROTECTING,Field_8,1,MOVING_TO_FIELD,Field_4,1,MOVING_TO_FIELD,Field_5,1,MOVING_TO_FIELD,Field_5,1,PROTECTING,Field_2,1,MOVING_TO_FIELD,Field_6,1,PROTECTING,Field_2,1,MOVING_TO_FIELD,Field_1,1,PROTECTING,Field_8,1,MOVING_TO_FIELD,Field_4,1,MOVING_TO_FIELD,Field_5,1,MOVING_TO_FIELD,Field_1,1,MOVING_TO_FIELD,Field_4,1,MOVING_TO_FIELD,Field_4,1,PROTECTING,Field_5,1,MOVING_TO_FIELD,Field_4,1,MOVING_TO_FIELD,Field_5,1,MOVING_TO_FIELD,Field_6,1,MOVING_TO_FIELD,Field_5,1,MOVING_TO_FIELD,Field_5,1,MOVING_TO_FIELD,Field_1,1,MOVING_TO_FIELD,Field_7,1,MOVING_TO_FIELD,Field_6,1,MOVING_TO_FIELD,Field_4,1,MOVING_TO_FIELD,Field_6,1,MOVING_TO_FIELD,Field_4,1,PROTECTING,Field_1,1,MOVING_TO_FIELD,Field_7,1,MOVING_TO_FIELD,Field_4,1,MOVING_TO_FIELD,Field_1,1,PROTECTING,Field_1,1,PROTECTING,Field_5,1,MOVING_TO_FIELD,Field_6,1,MOVING_TO_FIELD,Field_1,1,MOVING_TO_FIELD,Field_4,1,MOVING_TO_FIELD,Field_6,1,PROTECTING,Field_5,1,MOVING_TO_FIELD,Field_20,1,PROTECTING,Field_1,1,MOVING_TO_FIELD,Field_4,20,0.15,3,5,1,18,0.05,2,0,0,1,0.04,0,0,4,10,0.12,0,10,4,0,0.00,3,6,-1,14,0.20,0,6,4,2,0.05,0,2,3,9,0.06,2,0,0,0,0.10,0,0,3,9,0.13,0,0,6,18,0.22,0,0,4,16,0.06,0,0,1,12,0.09,0,0,2,31,0.21,0,0,6,34,0.30,0,0,6,20,0.23,0,0,2,20,0.11,0,0,2,33,0.09,0,0,1,0,0.00,0,0,2,0,0.10,0,1,3
68,269,0,0,11,0,29,0,1,PROTECTING,Field_8,1,MOVING_TO_FIELD,Field_4,1,MOVING_TO_FIELD,Field_5,1,MOVING_TO_FIELD,Field_5,1,PROTECTING,Field_2,1,MOVING_TO_FIELD,Field_6,1,PROTECTING,Field_2,1,MOVING_TO_FIELD,Field_1,1,PROTECTING,Field_8,1,MOVING_TO_FIELD,Field_4,1,MOVING_TO_FIELD,Field_5,1,MOVING_TO_FIELD,Field_1,1,MOVING_TO_FIELD,Field_4,1,MOVING_TO_FIELD,Field_4,1,PROTECTING,Field_5,1,MOVING_TO_FIELD,Field_4,1,MOVING_TO_FIELD,Field_5,1,MOVING_TO_FIELD,Field_6,1,MOVING_TO_FIELD,Field_5,1,MOVING_TO_FIELD,Field_5,1,MOVING_TO_FIELD,Field_1,1,MOVING_TO_FIELD,Field_7,1,MOVING_TO_FIELD,Field_6,1,MOVING_TO_FIELD,Field_4,1,MOVING_TO_FIELD,Field_6,1,MOVING_TO_FIELD,Field_4,1,PROTECTING,Field_1,1,MOVING_TO_FIELD,Field_7,1,MOVING_TO_FIELD,Field_4,1,MOVING_TO_FIELD,Field_1,1,PROTECTING,Field_1,1,PROTECTING,Field_5,1,MOVING_TO_FIELD,Field_6,1,MOVING_TO_FIELD,Field_1,1,MOVING_TO_FIELD,Field_4,1,MOVING_TO_FIELD,Field_6,1,PROTECTING,Field_5,1,PROTECTING,Field_20,1,PROTECTING,Field_1,1,MOVING_TO_FIELD,Field_4,20,0.14,3,5,1,18,0.03,2,0,0,1,0.04,0,0,4,10,0.12,0,10,4,0,0.00,3,6,-1,14,0.17,0,6,4,2,0.05,0,2,3,9,0.04,2,0,0,0,0.11,0,0,3,9,0.13,0,0,6,19,0.20,0,0,4,16,0.06,0,0,1,12,0.05,0,0,2,31,0.21,0,0,6,35,0.29,0,0,6,20,0.22,0,0,2,20,0.11,0,0,2,33,0.07,0,0,1,0,0.00,0,0,2,0,0.10,1,0,2
69,269,0,0,13,0,27,0,1,PROTECTING,Field_8,1,MOVING_TO_FIELD,Field_4,1,MOVING_TO_FIELD,Field_5,1,MOVING_TO_FIELD,Field_5,1,PROTECTING,Field_2,1,MOVING_TO_FIELD,Field_6,1,PROTECTING,Field_2,1,MOVING_TO_FIELD,Field_1,1,PROTECTING,Field_8,1,PROTECTING,Field_4,1,MOVING_TO_FIELD,Field_5,1,MOVING_TO_FIELD,Field_1,1,MOVING_TO_FIELD,Field_4,1,MOVING_TO_FIELD,Field_4,1,PROTECTING,Field_5,1,MOVING_TO_FIELD,Field_4,1,MOVING_TO_FIELD,Field_5,1,MOVING_TO_FIELD,Field_6,1,MOVING_TO_FIELD,Field_5,1,MOVING_TO_FIELD,Field_5,1,MOVING_TO_FIELD,Field_1,1,MOVING_TO_FIELD,Field_7,1,MOVING_TO_FIELD,Field_6,1,MOVING_TO_FIELD,Field_4,1,MOVING_TO_FIELD,Field_6,1,MOVING_TO_FIELD,Field_4,1,PROTECTING,Field_1,1,MOVING_TO_FIELD,Field_7,1,PROTECTING,Field_4,1,MOVING_TO_FIELD,Field_1,1,PROTECTING,Field_1,1,PROTECTING,Field_5,1,MOVING_TO_FIELD,Field_6,1,MOVING_TO_FIELD,Field_1,1,MOVING_TO_FIELD,Field_4,1,MOVING_TO_FIELD,Field_6,1,PROTECTING,Field_5,1,PROTECTING,Field_20,1,PROTECTING,Field_1,1,MOVING_TO_FIELD,Field_4,20,0.15,3,5,1,18,0.02,2,0,0,1,0.04,0,0,4,10,0.12,2,8,2,0,0.00,3,6,-1,14,0.17,0,6,4,2,0.05,0,2,3,9,0.03,2,0,0,0,0.11,0,0,3,9,0.14,0,0,6,19,0.18,0,0,4,16,0.09,0,0,1,12,0.05,0,0,2,31,0.23,0,0,6,35,0.29,0,0,6,20,0.19,0,0,2,20,0.10,0,0,2,33,0.07,0,0,1,0,0.00,0,0,2,0,0.10,1,0,2
70,272,0,0,13,0,27,0,1,PROTECTING,Field_8,1,MOVING_TO_FIELD,Field_4,1,MOVING_TO_FIELD,Field_5,1,MOVING_TO_FIELD,Field_5,1,PROTECTING,Field_2,1,MOVING_TO_FIELD,Field_6,1,PROTECTING,Field_2,1,MOVING_TO_FIELD,Field_1,1,PROTECTING,Field_8,1,PROTECTING,Field_4,1,MOVING_TO_FIELD,Field_5,1,MOVING_TO_FIELD,Field_1,1,MOVING_TO_FIELD,Field_4,1,MOVING_TO_FIELD,Field_4,1,PROTECTING,Field_5,1,MOVING_TO_FIELD,Field_4,1,MOVING_TO_FIELD,Field_5,1,MOVING_TO_FIELD,Field_6,1,MOVING_TO_FIELD,Field_5,1,MOVING_TO_FIELD,Field_5,1,MOVING_TO_FIELD,Field_1,1,MOVING_TO_FIELD,Field_7,1,MOVING_TO_FIELD,Field_6,1,MOVING_TO_FIELD,Field_4,1,MOVING_TO_FIELD,Field_6,1,MOVING_TO_FIELD,Field_4,1,PROTECTING,Field_1,1,MOVING_TO_FIELD,Field_7,1,PROTECTING,Field_4,1,MOVING_TO_FIELD,Field_1,1,PROTECTING,Field_1,1,PROTECTING,Field_5,1,MOVING_TO_FIELD,Field_6,1,MOVING_TO_FIELD,Field_1,1,MOVING_TO_FIELD,Field_4,1,MOVING_TO_FIELD,Field_6,1,PROTECTING,Field_5,1,PROTECTING,Field_20,1,PROTECTING,Field_1,1,MOVING_TO_FIELD,Field_4,21,0.15,3,5,1,18,0.02,2,0,0,1,0.06,0,0,4,10,0.12,2,8,2,0,0.00,3,6,-1,14,0.16,0,6,4,2,0.05,0,2,3,9,0.03,2,0,0,0,0.11,0,0,3,9,0.14,0,0,6,19,0.18,0,0,4,16,0.09,0,0,1,12,0.05,0,0,2,31,0.23,0,0,6,37,0.29,0,0,6,20,0.19,0,0,2,20,0.10,0,0,2,33,0.07,0,0,1,0,0.00,0,0,2,0,0.10,1,0,2
71,275,0,0,1,0,39,0,1,MOVING_TO_FIELD,Field_1,1,MOVING_TO_FIELD,Field_20,1,MOVING_TO_FIELD,Field_6,1,MOVING_TO_FIELD,Field_5,1,MOVING_TO_FIELD,Field_4,1,MOVING_TO_FIELD,Field_6,1,MOVING_TO_FIELD,Field_4,1,MOVING_TO_FIELD,Field_6,1,MOVING_TO_FIELD,Field_1,1,MOVING_TO_FIELD,Field_20,1,MOVING_TO_FIELD,Field_5,1,MOVING_TO_FIELD,Field_5,1,MOVING_TO_FIELD,Field_7,1,MOVING_TO_FIELD,Field_6,1,MOVING_TO_FIELD,Field_20,1,MOVING_TO_FIELD,Field_7,1,MOVING_TO_FIELD,Field_1,1,MOVING_TO_FIELD,Field_6,1,MOVING_TO_FIELD,Field_5,1,MOVING_TO_FIELD,Field_5,1,MOVING_TO_FIELD,Field_5,1,MOVING_TO_FIELD,Field_9,1,MOVING_TO_FIELD,Field_4,1,MOVING_TO_FIELD,Field_9,1,MOVING_TO_FIELD,Field_6,1,MOVING_TO_FIELD,Field_20,1,MOVING_TO_FIELD,Field_4,1,MOVING_TO_FIELD,Field_9,1,MOVING_TO_FIELD,Field_20,1,MOVING_TO_FIELD,Field_1,1,MOVING_TO_FIELD,Field_4,1,MOVING_TO_FIELD,Field_20,1,MOVING_TO_FIELD,Field_1,1,MOVING_TO_FIELD,Field_1,1,MOVING_TO_FIELD,Field_1,1,MOVING_TO_FIELD,Field_20,1,MOVING_TO_FIELD,Field_1,1,PROTECTING,Field_20,1,MOVING_TO_FIELD,Field_4,1,MOVING_TO_FIELD,Field_20,23,0.16,0,8,4,18,0.02,0,0,2,1,0.07,0,0,4,10,0.11,0,6,4,0,0.00,0,6,2,14,0.17,0,6,4,2,0.05,0,2,3,9,0.03,0,0,2,0,0.09,0,3,3,9,0.14,0,0,6,19,0.18,0,0,4,16,0.09,0,0,1,12,0.05,0,0,2,31,0.24,0,0,6,38,0.28,0,0,6,20,0.19,0,0,2,20,0.10,0,0,2,33,0.07,0,0,1,0,0.00,0,0,2,0,0.10,1,8,2
72,278,0,0,1,0,39,0,1,MOVING_TO_FIELD,Field_1,1,MOVING_TO_FIELD,Field_20,1,MOVING_TO_FIELD,Field_6,1,MOVING_TO_FIELD,Field_5,1,MOVING_TO_FIELD,Field_4,1,MOVING_TO_FIELD,Field_6,1,MOVING_TO_FIELD,Field_4,1,MOVING_TO_FIELD,Field_6,1,MOVING_TO_FIELD,Field_1,1,MOVING_TO_FIELD,Field_20,1,MOVING_TO_FIELD,Field_5,1,MOVING_TO_FIELD,Field_5,1,MOVING_TO_FIELD,Field_7,1,MOVING_TO_FIELD,Field_6,1,MOVING_TO_FIELD,Field_20,1,MOVING_TO_FIELD,Field_7,1,MOVING_TO_FIELD,Field_1,1,MOVING_TO_FIELD,Field_6,1,MOVING_TO_FIELD,Field_5,1,MOVING_TO_FIELD,Field_5,1,MOVING_TO_FIELD,Field_5,1,MOVING_TO_FIELD,Field_9,1,MOVING_TO_FIELD,Field_4,1,MOVING_TO_FIELD,Field_9,1,MOVING_TO_FIELD,Field_6,1,MOVING_TO_FIELD,Field_20,1,MOVING_TO_FIELD,Field_4,1,MOVING_TO_FIELD,Field_9,1,MOVING_TO_FIELD,Field_20,1,MOVING_TO_FIELD,Field_1,1,MOVING_TO_FIELD,Field_4,1,MOVING_TO_FIELD,Field_20,1,MOVING_TO_FIELD,Field_1,1,MOVING_TO_FIELD,Field_1,1,MOVING_TO_FIELD,Field_1,1,MOVING_TO_FIELD,Field_20,1,MOVING_TO_FIELD,Field_1,1,PROTECTING,Field_20,1,MOVING_TO_FIELD,Field_4,1,MOVING_TO_FIELD,Field_20,25,0.17,0,8,4,18,0.02,0,0,2,1,0.07,0,0,4,10,0.11,0,6,4,0,0.00,0,6,2,14,0.17,0,6,4,2,0.05,0,2,3,9,0.03,0,0,2,0,0.09,0,3,3,9,0.16,0,0,6,19,0.17,0,0,4,16,0.09,0,0,1,12,0.04,0,0,2,31,0.25,0,0,6,39,0.29,0,0,6,20,0.20,0,0,2,20,0.08,0,0,2,33,0.09,0,0,1,0,0.00,0,0,2,0,0.10,1,8,2
73,282,0,0,1,0,39,0,1,MOVING_TO_FIELD,Field_1,1,MOVING_TO_FIELD,Field_20,1,MOVING_TO_FIELD,Field_6,1,MOVING_TO_FIELD,Field_5,1,MOVING_TO_FIELD,Field_4,1,MOVING_TO_FIELD,Field_6,1,MOVING_TO_FIELD,Field_4,1,MOVING_TO_FIELD,Field_6,1,MOVING_TO_FIELD,Field_1,1,MOVING_TO_FIELD,Field_20,1,MOVING_TO_FIELD,Field_5,1,MOVING_TO_FIELD,Field_5,1,MOVING_TO_FIELD,Field_7,1,MOVING_TO_FIELD,Field_6,1,MOVING_TO_FIELD,Field_20,1,MOVING_TO_FIELD,Field_7,1,MOVING_TO_FIELD,Field_1,1,MOVING_TO_FIELD,Field_6,1,MOVING_TO_FIELD,Field_5,1,MOVING_TO_FIELD,Field_5,1,MOVING_TO_FIELD,Field_5,1,MOVING_TO_FIELD,Field_9,1,MOVING_TO_FIELD,Field_4,1,MOVING_TO_FIELD,Field_9,1,MOVING_TO_FIELD,Field_6,1,MOVING_TO_FIELD,Field_20,1,MOVING_TO_FIELD,Field_4,1,MOVING_TO_FIELD,Field_9,1,MOVING_TO_FIELD,Field_20,1,MOVING_TO_FIELD,Field_1,1,MOVING_TO_FIELD,Field_4,1,MOVING_TO_FIELD,Field_20,1,MOVING_TO_FIELD,Field_1,1,MOVING_TO_FIELD,Field_1,1,MOVING_TO_FIELD,Field_1,1,MOVING_TO_FIELD,Field_20,1,MOVING_TO_FIELD,Field_1,1,PROTECTING,Field_20,1,MOVING_TO_FIELD,Field_4,1,MOVING_TO_FIELD,Field_20,26,0.17,0,8,4,18,0.01,0,0,2,1,0.07,0,0,4,10,0.11,0,6,4,0,0.00,0,6,2,14,0.17,0,6,4,2,0.05,0,2,3,9,0.01,0,0,2,0,0.09,0,3,3,9,0.17,0,0,6,19,0.17,0,0,4,16,0.09,0,0,1,12,0.04,0,0,2,31,0.25,0,0,6,42,0.29,0,0,6,20,0.19,0,0,2,20,0.08,0,0,2,33,0.09,0,0,1,0,0.00,0,0,2,0,0.10,1,8,2
74,283,0,0,4,0,36,0,1,MOVING_TO_FIELD,Field_1,1,MOVING_TO_FIELD,Field_20,1,MOVING_TO_FIELD,Field_6,1,MOVING_TO_FIELD,Field_5,1,MOVING_TO_FIELD,Field_4,1,MOVING_TO_FIELD,Field_6,1,MOVING_TO_FIELD,Field_4,1,MOVING_TO_FIELD,Field_6,1,MOVING_TO_FIELD,Field_1,1,MOVING_TO_FIELD,Field_20,1,MOVING_TO_FIELD,Field_5,1,MOVING_TO_FIELD,Field_5,1,PROTECTING,Field_7,1,MOVING_TO_FIELD,Field_6,1,MOVING_TO_FIELD,Field_20,1,MOVING_TO_FIELD,Field_7,1,MOVING_TO_FIELD,Field_1,1,MOVING_TO_FIELD,Field_6,1,MOVING_TO_FIELD,Field_5,1,MOVING_TO_FIELD,Field_5,1,MOVING_TO_FIELD,Field_5,1,PROTECTING,Field_9,1,MOVING_TO_FIELD,Field_4,1,PROTECTING,Field_9,1,MOVING_TO_FIELD,Field_6,1,MOVING_TO_FIELD,Field_20,1,MOVING_TO_FIELD,Field_4,1,MOVING_TO_FIELD,Field_9,1,MOVING_TO_FIELD,Field_20,1,MOVING_TO_FIELD,Field_1,1,MOVING_TO_FIELD,Field_4,1,MOVING_TO_FIELD,Field_20,1,MOVING_TO_FIELD,Field_1,1,MOVING_TO_FIELD,Field_1,1,MOVING_TO_FIELD,Field_1,1,MOVING_TO_FIELD,Field_20,1,MOVING_TO_FIELD,Field_1,1,PROTECTING,Field_20,1,MOVING_TO_FIELD,Field_4,1,MOVING_TO_FIELD,Field_20,26,0.16,0,8,4,18,0.01,0,0,2,1,0.06,0,0,4,11,0.11,0,6,4,0,0.00,0,6,2,14,0.17,0,6,4,2,0.05,1,1,2,9,0.01,0,0,2,0,0.09,2,1,1,9,0.18,0,0,6,19,0.18,0,0,4,16,0.09,0,0,1,12,0.04,0,0,2,31,0.25,0,0,6,42,0.28,0,0,6,20,0.16,0,0,2,20,0.08,0,0,2,33,0.11,0,0,1,0,0.00,0,0,2,0,0.10,1,8,2
75,288,0,0,5,0,35,0,1,MOVING_TO_FIELD,Field_1,1,MOVING_TO_FIELD,Field_20,1,MOVING_TO_FIELD,Field_6,1,MOVING_TO_FIELD,Field_5,1,MOVING_TO_FIELD,Field_4,1,MOVING_TO_FIELD,Field_6,1,MOVING_TO_FIELD,Field_4,1,MOVING_TO_FIELD,Field_6,1,MOVING_TO_FIELD,Field_1,1,MOVING_TO_FIELD,Field_20,1,MOVING_TO_FIELD,Field_5,1,MOVING_TO_FIELD,Field_5,1,PROTECTING,Field_7,1,MOVING_TO_FIELD,Field_6,1,MOVING_TO_FIELD,Field_20,1,MOVING_TO_FIELD,Field_7,1,MOVING_TO_FIELD,Field_1,1,MOVING_TO_FIELD,Field_6,1,MOVING_TO_FIELD,Field_5,1,MOVING_TO_FIELD,Field_5,1,MOVING_TO_FIELD,Field_5,1,PROTECTING,Field_9,1,MOVING_TO_FIELD,Field_4,1,PROTECTING,Field_9,1,MOVING_TO_FIELD,Field_6,1,MOVING_TO_FIELD,Field_20,1,MOVING_TO_FIELD,Field_4,1,PROTECTING,Field_9,1,MOVING_TO_FIELD,Field_20,1,MOVING_TO_FIELD,Field_1,1,MOVING_TO_FIELD,Field_4,1,MOVING_TO_FIELD,Field_20,1,MOVING_TO_FIELD,Field_1,1,MOVING_TO_FIELD,Field_1,1,MOVING_TO_FIELD,Field_1,1,MOVING_TO_FIELD,Field_20,1,MOVING_TO_FIELD,Field_1,1,PROTECTING,Field_20,1,MOVING_TO_FIELD,Field_4,1,MOVING_TO_FIELD,Field_20,28,0.16,0,8,4,18,0.01,0,0,2,1,0.06,0,0,4,11,0.10,0,6,4,0,0.00,0,6,2,15,0.17,0,6,4,2,0.05,1,1,2,9,0.01,0,0,2,0,0.08,3,0,0,9,0.18,0,0,6,19,0.18,0,0,4,16,0.09,0,0,1,12,0.04,0,0,2,31,0.25,0,0,6,42,0.28,0,0,6,21,0.19,0,0,2,20,0.07,0,0,2,34,0.11,0,0,1,0,0.00,0,0,2,0,0.10,1,8,2
76,292,0,0,7,0,33,0,1,MOVING_TO_FIELD,Field_1,1,MOVING_TO_FIELD,Field_20,1,MOVING_TO_FIELD,Field_6,1,MOVING_TO_FIELD,Field_5,1,MOVING_TO_FIELD,Field_4,1,MOVING_TO_FIELD,Field_6,1,MOVING_TO_FIELD,Field_4,1,MOVING_TO_FIELD,Field_6,1,MOVING_TO_FIELD,Field_1,1,MOVING_TO_FIELD,Field_20,1,MOVING_TO_FIELD,Field_5,1,MOVING_TO_FIELD,Field_5,1,PROTECTING,Field_7,1,MOVING_TO_FIELD,Field_6,1,MOVING_TO_FIELD,Field_20,1,MOVING_TO_FIELD,Field_7,1,MOVING_TO_FIELD,Field_1,1,MOVING_TO_FIELD,Field_6,1,PROTECTING,Field_5,1,MOVING_TO_FIELD,Field_5,1,MOVING_TO_FIELD,Field_5,1,PROTECTING,Field_9,1,MOVING_TO_FIELD,Field_4,1,PROTECTING,Field_9,1,MOVING_TO_FIELD,Field_6,1,MOVING_TO_FIELD,Field_20,1,MOVING_TO_FIELD,Field_4,1,PROTECTING,Field_9,1,MOVING_TO_FIELD,Field_20,1,MOVING_TO_FIELD,Field_1,1,MOVING_TO_FIELD,Field_4,1,PROTECTING,Field_20,1,MOVING_TO_FIELD,Field_1,1,MOVING_TO_FIELD,Field_1,1,MOVING_TO_FIELD,Field_1,1,MOVING_TO_FIELD,Field_20,1,MOVING_TO_FIELD,Field_1,1,PROTECTING,Field_20,1,MOVING_TO_FIELD,Field_4,1,MOVING_TO_FIELD,Field_20,29,0.16,0,8,4,18,0.01,0,0,2,1,0.06,0,0,4,11,0.11,0,6,4,0,0.00,1,5,1,16,0.17,0,6,4,2,0.05,1,1,2,9,0.01,0,0,2,0,0.07,3,0,0,9,0.18,0,0,6,19,0.21,0,0,4,16,0.09,0,0,1,12,0.04,0,0,2,31,0.28,0,0,6,42,0.28,0,0,6,23,0.19,0,0,2,20,0.05,0,0,2,34,0.09,0,0,1,0,0.00,0,0,2,0,0.10,2,7,1
77,295,0,0,9,0,31,0,1,MOVING_TO_FIELD,Field_1,1,MOVING_TO_FIELD,Field_20,1,MOVING_TO_FIELD,Field_6,1,MOVING_TO_FIELD,Field_5,1,MOVING_TO_FIELD,Field_4,1,MOVING_TO_FIELD,Field_6,1,MOVING_TO_FIELD,Field_4,1,MOVING_TO_FIELD,Field_6,1,MOVING_TO_FIELD,Field_1,1,MOVING_TO_FIELD,Field_20,1,MOVING_TO_FIELD,Field_5,1,MOVING_TO_FIELD,Field_5,1,PROTECTING,Field_7,1,MOVING_TO_FIELD,Field_6,1,MOVING_TO_FIELD,Field_20,1,PROTECTING,Field_7,1,MOVING_TO_FIELD,Field_1,1,MOVING_TO_FIELD,Field_6,1,PROTECTING,Field_5,1,MOVING_TO_FIELD,Field_5,1,PROTECTING,Field_5,1,PROTECTING,Field_9,1,MOVING_TO_FIELD,Field_4,1,PROTECTING,Field_9,1,MOVING_TO_FIELD,Field_6,1,MOVING_TO_FIELD,Field_20,1,MOVING_TO_FIELD,Field_4,1,PROTECTING,Field_9,1,MOVING_TO_FIELD,Field_20,1,MOVING_TO_FIELD,Field_1,1,MOVING_TO_FIELD,Field_4,1,PROTECTING,Field_20,1,MOVING_TO_FIELD,Field_1,1,MOVING_TO_FIELD,Field_1,1,MOVING_TO_FIELD,Field_1,1,MOVING_TO_FIELD,Field_20,1,MOVING_TO_FIELD,Field_1,1,PROTECTING,Field_20,1,MOVING_TO_FIELD,Field_4,1,MOVING_TO_FIELD,Field_20,29,0.15,0,8,4,18,0.01,0,0,2,1,0.06,0,0,4,11,0.11,0,6,4,0,0.00,2,4,0,18,0.16,0,6,4,2,0.05,2,0,1,9,0.01,0,0,2,0,0.06,3,0,0,9,0.19,0,0,6,19,0.21,0,0,4,16,0.06,0,0,1,12,0.05,0,0,2,31,0.31,0,0,6,42,0.30,0,0,6,24,0.19,0,0,2,20,0.05,0,0,2,34,0.09,0,0,1,0,0.00,0,0,2,0,0.10,2,7,1
78,299,0,0,11,0,29,0,1,MOVING_TO_FIELD,Field_1,1,MOVING_TO_FIELD,Field_20,1,MOVING_TO_FIELD,Field_6,1,MOVING_TO_FIELD,Field_5,1,MOVING_TO_FIELD,Field_4,1,MOVING_TO_FIELD,Field_6,1,MOVING_TO_FIELD,Field_4,1,MOVING_TO_FIELD,Field_6,1,MOVING_TO_FIELD,Field_1,1,MOVING_TO_FIELD,Field_20,1,MOVING_TO_FIELD,Field_5,1,PROTECTING,Field_5,1,PROTECTING,Field_7,1,MOVING_TO_FIELD,Field_6,1,PROTECTING,Field_20,1,PROTECTING,Field_7,1,MOVING_TO_FIELD,Field_1,1,MOVING_TO_FIELD,Field_6,1,PROTECTING,Field_5,1,MOVING_TO_FIELD,Field_5,1,PROTECTING,Field_5,1,PROTECTING,Field_9,1,MOVING_TO_FIELD,Field_4,1,PROTECTING,Field_9,1,MOVING_TO_FIELD,Field_6,1,MOVING_TO_FIELD,Field_20,1,MOVING_TO_FIELD,Field_4,1,PROTECTING,Field_9,1,MOVING_TO_FIELD,Field_20,1,MOVING_TO_FIELD,Field_1,1,MOVING_TO_FIELD,Field_4,1,PROTECTING,Field_20,1,MOVING_TO_FIELD,Field_1,1,MOVING_TO_FIELD,Field_1,1,MOVING_TO_FIELD,Field_1,1,MOVING_TO_FIELD,Field_20,1,MOVING_TO_FIELD,Field_1,1,PROTECTING,Field_20,1,MOVING_TO_FIELD,Field_4,1,MOVING_TO_FIELD,Field_20,30,0.15,0,8,4,18,0.01,0,0,2,1,0.06,0,0,4,11,0.11,0,6,4,0,0.00,3,3,-1,18,0.16,0,6,4,2,0.06,2,0,1,9,0.01,0,0,2,0,0.07,3,0,0,10,0.17,0,0,6,19,0.20,0,0,4,16,0.06,0,0,1,12,0.05,0,0,2,32,0.31,0,0,6,43,0.30,0,0,6,24,0.20,0,0,2,20,0.07,0,0,2,34,0.11,0,0,1,0,0.00,0,0,2,0,0.10,3,6,0
79,299,0,0,12,0,28,0,1,MOVING_TO_FIELD,Field_1,1,MOVING_TO_FIELD,Field_20,1,MOVING_TO_FIELD,Field_6,1,MOVING_TO_FIELD,Field_5,1,MOVING_TO_FIELD,Field_4,1,MOVING_TO_FIELD,Field_6,1,MOVING_TO_FIELD,Field_4,1,MOVING_TO_FIELD,Field_6,1,MOVING_TO_FIELD,Field_1,1,MOVING_TO_FIELD,Field_20,1,MOVING_TO_FIELD,Field_5,1,PROTECTING,Field_5,1,PROTECTING,Field_7,1,MOVING_TO_FIELD,Field_6,1,PROTECTING,Field_20,1,PROTECTING,Field_7,1,MOVING_TO_FIELD,Field_1,1,MOVING_TO_FIELD,Field_6,1,PROTECTING,Field_5,1,PROTECTING,Field_5,1,PROTECTING,Field_5,1,PROTECTING,Field_9,1,MOVING_TO_FIELD,Field_4,1,PROTECTING,Field_9,1,MOVING_TO_FIELD,Field_6,1,MOVING_TO_FIELD,Field_20,1,MOVING_TO_FIELD,Field_4,1,PROTECTING,Field_9,1,MOVING_TO_FIELD,Field_20,1,MOVING_TO_FIELD,Field_1,1,MOVING_TO_FIELD,Field_4,1,PROTECTING,Field_20,1,MOVING_TO_FIELD,Field_1,1,MOVING_TO_FIELD,Field_1,1,MOVING_TO_FIELD,Field_1,1,MOVING_TO_FIELD,Field_20,1,MOVING_TO_FIELD,Field_1,1,PROTECTING,Field_20,1,MOVING_TO_FIELD,Field_4,1,MOVING_TO_FIELD,Field_20,30,0.15,0,8,4,18,0.01,0,0,2,1,0.07,0,0,4,11,0.08,0,6,4,0,0.00,4,2,-2,18,0.15,0,6,4,2,0.06,2,0,1,9,0.00,0,0,2,0,0.07,3,0,0,10,0.15,0,0,6,19,0.20,0,0,4,16,0.06,0,0,1,12,0.05,0,0,2,32,0.30,0,0,6,43,0.28,0,0,6,24,0.17,0,0,2,20,0.08,0,0,2,34,0.13,0,0,1,0,0.02,0,0,2,0,0.10,3,6,0
80,301,0,0,14,0,26,0,1,MOVING_TO_FIELD,Field_1,1,MOVING_TO_FIELD,Field_20,1,MOVING_TO_FIELD,Field_6,1,MOVING_TO_FIELD,Field_5,1,MOVING_TO_FIELD,Field_4,1,PROTECTING,Field_6,1,MOVING_TO_FIELD,Field_4,1,MOVING_TO_FIELD,Field_6,1,MOVING_TO_FIELD,Field_1,1,MOVING_TO_FIELD,Field_20,1,PROTECTING,Field_5,1,PROTECTING,Field_5,1,PROTECTING,Field_7,1,MOVING_TO_FIELD,Field_6,1,PROTECTING,Field_20,1,PROTECTING,Field_7,1,MOVING_TO_FIELD,Field_1,1,MOVING_TO_FIELD,Field_6,1,PROTECTING,Field_5,1,PROTECTING,Field_5,1,PROTECTING,Field_5,1,PROTECTING,Field_9,1,MOVING_TO_FIELD,Field_4,1,PROTECTING,Field_9,1,MOVING_TO_FIELD,Field_6,1,MOVING_TO_FIELD,Field_20,1,MOVING_TO_FIELD,Field_4,1,PROTECTING,Field_9,1,MOVING_TO_FIELD,Field_20,1,MOVING_TO_FIELD,Field_1,1,MOVING_TO_FIELD,Field_4,1,PROTECTING,Field_20,1,MOVING_TO_FIELD,Field_1,1,MOVING_TO_FIELD,Field_1,1,MOVING_TO_FIELD,Field_1,1,MOVING_TO_FIELD,Field_20,1,MOVING_TO_FIELD,Field_1,1,PROTECTING,Field_20,1,MOVING_TO_FIELD,Field_4,1,MOVING_TO_FIELD,Field_20,30,0.15,0,8,4,18,0.00,0,0,2,1,0.09,0,0,4,11,0.08,0,6,4,0,0.00,5,1,-3,18,0.15,1,5,3,2,0.07,2,0,1,9,0.00,0,0,2,0,0.08,3,0,0,10,0.14,0,0,6,20,0.20,0,0,4,16,0.06,0,0,1,12,0.05,0,0,2,32,0.27,0,0,6,43,0.28,0,0,6,24,0.17,0,0,2,20,0.10,0,0,2,35,0.13,0,0,1,0,0.02,0,0,2,0,0.10,3,6,0
81,303,0,0,0,0,40,0,1,MOVING_TO_FIELD,Field_7,1,MOVING_TO_FIELD,Field_20,1,MOVING_TO_FIELD,Field_5,1,MOVING_TO_FIELD,Field_3,1,MOVING_TO_FIELD,Field_6,1,MOVING_TO_FIELD,Field_1,1,MOVING_TO_FIELD,Field_6,1,MOVING_TO_FIELD,Field_5,1,MOVING_TO_FIELD,Field_7,1,MOVING_TO_FIELD,Field_1,1,MOVING_TO_FIELD,Field_3,1,MOVING_TO_FIELD,Field_3,1,MOVING_TO_FIELD,Field_20,1,MOVING_TO_FIELD,Field_4,1,MOVING_TO_FIELD,Field_1,1,MOVING_TO_FIELD,Field_20,1,MOVING_TO_FIELD,Field_5,1,MOVING_TO_FIELD,Field_4,1,MOVING_TO_FIELD,Field_4,1,MOVING_TO_FIELD,Field_4,1,MOVING_TO_FIELD,Field_3,1,MOVING_TO_FIELD,Field_20,1,MOVING_TO_FIELD,Field_6,1,MOVING_TO_FIELD,Field_20,1,MOVING_TO_FIELD,Field_4,1,MOVING_TO_FIELD,Field_8,1,MOVING_TO_FIELD,Field_1,1,MOVING_TO_FIELD,Field_20,1,MOVING_TO_FIELD,Field_6,1,MOVING_TO_FIELD,Field_5,1,MOVING_TO_FIELD,Field_4,1,MOVING_TO_FIELD,Field_1,1,MOVING_TO_FIELD,Field_5,1,MOVING_TO_FIELD,Field_5,1,MOVING_TO_FIELD,Field_4,1,MOVING_TO_FIELD,Field_1,1,MOVING_TO_FIELD,Field_1,1,MOVING_TO_FIELD,Field_1,1,MOVING_TO_FIELD,Field_4,1,MOVING_TO_FIELD,Field_6,30,0.15,0,8,4,18,0.00,0,0,2,1,0.08,0,4,4,11,0.09,0,8,4,0,0.00,0,6,2,19,0.16,0,5,4,2,0.06,0,2,3,9,0.00,0,1,2,0,0.08,0,0,3,10,0.13,0,0,6,20,0.20,0,0,4,16,0.06,0,0,1,12,0.05,0,0,2,32,0.27,0,0,6,43,0.28,0,0,6,25,0.17,0,0,2,20,0.13,0,0,2,35,0.15,0,0,1,0,0.02,0,0,2,0,0.10,0,6,3
82,305,0,0,0,0,40,0,1,MOVING_TO_FIELD,Field_7,1,MOVING_TO_FIELD,Field_20,1,MOVING_TO_FIELD,Field_5,1,MOVING_TO_FIELD,Field_3,1,MOVING_TO_FIELD,Field_6,1,MOVING_TO_FIELD,Field_1,1,MOVING_TO_FIELD,Field_6,1,MOVING_TO_FIELD,Field_5,1,MOVING_TO_FIELD,Field_7,1,MOVING_TO_FIELD,Field_1,1,MOVING_TO_FIELD,Field_3,1,MOVING_TO_FIELD,Field_3,1,MOVING_TO_FIELD,Field_20,1,MOVING_TO_FIELD,Field_4,1,MOVING_TO_FIELD,Field_1,1,MOVING_TO_FIELD,Field_20,1,MOVING_TO_FIELD,Field_5,1,MOVING_TO_FIELD,Field_4,1,MOVING_TO_FIELD,Field_4,1,MOVING_TO_FIELD,Field_4,1,MOVING_TO_FIELD,Field_3,1,MOVING_TO_FIELD,Field_20,1,MOVING_TO_FIELD,Field_6,1,MOVING_TO_FIELD,Field_20,1,MOVING_TO_FIELD,Field_4,1,MOVING_TO_FIELD,Field_8,1,MOVING_TO_FIELD,Field_1,1,MOVING_TO_FIELD,Field_20,1,MOVING_TO_FIELD,Field_6,1,MOVING_TO_FIELD,Field_5,1,MOVING_TO_FIELD,Field_4,1,MOVING_TO_FIELD,Field_1,1,MOVING_TO_FIELD,Field_5,1,MOVING_TO_FIELD,Field_5,1,MOVING_TO_FIELD,Field_4,1,MOVING_TO_FIELD,Field_1,1,MOVING_TO_FIELD,Field_1,1,MOVING_TO_FIELD,Field_1,1,MOVING_TO_FIELD,Field_4,1,MOVING_TO_FIELD,Field_6,30,0.15,0,8,4,18,0.00,0,0,2,1,0.08,0,4,4,11,0.10,0,8,4,0,0.01,0,6,2,19,0.16,0,5,4,2,0.06,0,2,3,9,0.00,0,1,2,0,0.09,0,0,3,10,0.13,0,0,6,21,0.20,0,0,4,16,0.03,0,0,1,12,0.05,0,0,2,32,0.28,0,0,6,43,0.29,0,0,6,26,0.17,0,0,2,20,0.13,0,0,2,35,0.15,0,0,1,0,0.00,0,0,2,0,0.10,0,6,3
83,308,0,0,0,0,40,0,1,MOVING_TO_FIELD,Field_7,1,MOVING_TO_FIELD,Field_20,1,MOVING_TO_FIELD,Field_5,1,MOVING_TO_FIELD,Field_3,1,MOVING_TO_FIELD,Field_6,1,MOVING_TO_FIELD,Field_1,1,MOVING_TO_FIELD,Field_6,1,MOVING_TO_FIELD,Field_5,1,MOVING_TO_FIELD,Field_7,1,MOVING_TO_FIELD,Field_1,1,MOVING_TO_FIELD,Field_3,1,MOVING_TO_FIELD,Field_3,1,MOVING_TO_FIELD,Field_20,1,MOVING_TO_FIELD,Field_4,1,MOVING_TO_FIELD,Field_1,1,MOVING_TO_FIELD,Field_20,1,MOVING_TO_FIELD,Field_5,1,MOVING_TO_FIELD,Field_4,1,MOVING_TO_FIELD,Field_4,1,MOVING_TO_FIELD,Field_4,1,MOVING_TO_FIELD,Field_3,1,MOVING_TO_FIELD,Field_20,1,MOVING_TO_FIELD,Field_6,1,MOVING_TO_FIELD,Field_20,1,MOVING_TO_FIELD,Field_4,1,MOVING_TO_FIELD,Field_8,1,MOVING_TO_FIELD,Field_1,1,MOVING_TO_FIELD,Field_20,1,MOVING_TO_FIELD,Field_6,1,MOVING_TO_FIELD,Field_5,1,MOVING_TO_FIELD,Field_4,1,MOVING_TO_FIELD,Field_1,1,MOVING_TO_FIELD,Field_5,1,MOVING_TO_FIELD,Field_5,1,MOVING_TO_FIELD,Field_4,1,MOVING_TO_FIELD,Field_1,1,MOVING_TO_FIELD,Field_1,1,MOVING_TO_FIELD,Field_1,1,MOVING_TO_FIELD,Field_4,1,MOVING_TO_FIELD,Field_6,32,0.16,0,8,4,18,0.01,0,0,2,1,0.05,0,4,4,11,0.11,0,8,4,0,0.01,0,6,2,19,0.16,0,5,4,2,0.08,0,2,3,9,0.00,0,1,2,0,0.09,0,0,3,10,0.14,0,0,6,21,0.20,0,0,4,16,0.03,0,0,1,12,0.05,0,0,2,33,0.28,0,0,6,43,0.29,0,0,6,26,0.19,0,0,2,20,0.13,0,0,2,35,0.15,0,0,1,0,0.00,0,0,2,0,0.10,0,6,3
84,311,0,0,0,0,40,0,1,MOVING_TO_FIELD,Field_7,1,MOVING_TO_FIELD,Field_20,1,MOVING_TO_FIELD,Field_5,1,MOVING_TO_FIELD,Field_3,1,MOVING_TO_FIELD,Field_6,1,MOVING_TO_FIELD,Field_1,1,MOVING_TO_FIELD,Field_6,1,MOVING_TO_FIELD,Field_5,1,MOVING_TO_FIELD,Field_7,1,MOVING_TO_FIELD,Field_1,1,MOVING_TO_FIELD,Field_3,1,MOVING_TO_FIELD,Field_3,1,MOVING_TO_FIELD,Field_20,1,MOVING_TO_FIELD,Field_4,1,MOVING_TO_FIELD,Field_1,1,MOVING_TO_FIELD,Field_20,1,MOVING_TO_FIELD,Field_5,1,MOVING_TO_FIELD,Field_4,1,MOVING_TO_FIELD,Field_4,1,MOVING_TO_FIELD,Field_4,1,MOVING_TO_FIELD,Field_3,1,MOVING_TO_FIELD,Field_20,1,MOVING_TO_FIELD,Field_6,1,MOVING_TO_FIELD,Field_20,1,MOVING_TO_FIELD,Field_4,1,MOVING_TO_FIELD,Field_8,1,MOVING_TO_FIELD,Field_1,1,MOVING_TO_FIELD,Field_20,1,MOVING_TO_FIELD,Field_6,1,MOVING_TO_FIELD,Field_5,1,MOVING_TO_FIELD,Field_4,1,MOVING_TO_FIELD,Field_1,1,MOVING_TO_FIELD,Field_5,1,MOVING_TO_FIELD,Field_5,1,MOVING_TO_FIELD,Field_4,1,MOVING_TO_FIELD,Field_1,1,MOVING_TO_FIELD,Field_1,1,MOVING_TO_FIELD,Field_1,1,MOVING_TO_FIELD,Field_4,1,MOVING_TO_FIELD,Field_6,33,0.16,0,8,4,18,0.01,0,0,2,1,0.04,0,4,4,11,0.11,0,8,4,0,0.01,0,6,2,19,0.16,0,5,4,2,0.07,0,2,3,9,0.00,0,1,2,0,0.09,0,0,3,10,0.15,0,0,6,22,0.20,0,0,4,16,0.03,0,0,1,12,0.05,0,0,2,33,0.30,0,0,6,44,0.28,0,0,6,26,0.17,0,0,2,20,0.13,0,0,2,35,0.17,0,0,1,0,0.00,0,0,2,0,0.08,0,6,3
85,316,0,0,0,0,40,0,1,MOVING_TO_FIELD,Field_7,1,MOVING_TO_FIELD,Field_20,1,MOVING_TO_FIELD,Field_5,1,MOVING_TO_FIELD,Field_3,1,MOVING_TO_FIELD,Field_6,1,MOVING_TO_FIELD,Field_1,1,MOVING_TO_FIELD,Field_6,1,MOVING_TO_FIELD,Field_5,1,MOVING_TO_FIELD,Field_7,1,MOVING_TO_FIELD,Field_1,1,MOVING_TO_FIELD,Field_3,1,MOVING_TO_FIELD,Field_3,1,MOVING_TO_FIELD,Field_20,1,MOVING_TO_FIELD,Field_4,1,MOVING_TO_FIELD,Field_1,1,MOVING_TO_FIELD,Field_20,1,MOVING_TO_FIELD,Field_5,1,MOVING_TO_FIELD,Field_4,1,MOVING_TO_FIELD,Field_4,1,MOVING_TO_FIELD,Field_4,1,MOVING_TO_FIELD,Field_3,1,MOVING_TO_FIELD,Field_20,1,MOVING_TO_FIELD,Field_6,1,MOVING_TO_FIELD,Field_20,1,MOVING_TO_FIELD,Field_4,1,MOVING_TO_FIELD,Field_8,1,MOVING_TO_FIELD,Field_1,1,MOVING_TO_FIELD,Field_20,1,MOVING_TO_FIELD,Field_6,1,MOVING_TO_FIELD,Field_5,1,MOVING_TO_FIELD,Field_4,1,MOVING_TO_FIELD,Field_1,1,MOVING_TO_FIELD,Field_5,1,MOVING_TO_FIELD,Field_5,1,MOVING_TO_FIELD,Field_4,1,MOVING_TO_FIELD,Field_1,1,MOVING_TO_FIELD,Field_1,1,MOVING_TO_FIELD,Field_1,1,MOVING_TO_FIELD,Field_4,1,MOVING_TO_FIELD,Field_6,33,0.16,0,8,4,18,0.01,0,0,2,1,0.04,0,4,4,11,0.13,0,8,4,0,0.01,0,6,2,21,0.16,0,5,4,2,0.07,0,2,3,9,0.00,0,1,2,0,0.08,0,0,3,10,0.15,0,0,6,22,0.20,0,0,4,16,0.03,0,0,1,12,0.05,0,0,2,34,0.28,0,0,6,45,0.28,0,0,6,26,0.14,0,0,2,20,0.13,0,0,2,36,0.17,0,0,1,0,0.00,0,0,2,0,0.08,0,6,3
86,322,0,0,0,0,40,0,1,MOVING_TO_FIELD,Field_7,1,MOVING_TO_FIELD,Field_20,1,MOVING_TO_FIELD,Field_5,1,MOVING_TO_FIELD,Field_3,1,MOVING_TO_FIELD,Field_6,1,MOVING_TO_FIELD,Field_1,1,MOVING_TO_FIELD,Field_6,1,MOVING_TO_FIELD,Field_5,1,MOVING_TO_FIELD,Field_7,1,MOVING_TO_FIELD,Field_1,1,MOVING_TO_FIELD,Field_3,1,MOVING_TO_FIELD,Field_3,1,MOVING_TO_FIELD,Field_20,1,MOVING_TO_FIELD,Field_4,1,MOVING_TO_FIELD,Field_1,1,MOVING_TO_FIELD,Field_20,1,MOVING_TO_FIELD,Field_5,1,MOVING_TO_FIELD,Field_4,1,MOVING_TO_FIELD,Field_4,1,MOVING_TO_FIELD,Field_4,1,MOVING_TO_FIELD,Field_3,1,MOVING_TO_FIELD,Field_20,1,MOVING_TO_FIELD,Field_6,1,MOVING_TO_FIELD,Field_20,1,MOVING_TO_FIELD,Field_4,1,MOVING_TO_FIELD,Field_8,1,MOVING_TO_FIELD,Field_1,1,MOVING_TO_FIELD,Field_20,1,MOVING_TO_FIELD,Field_6,1,MOVING_TO_FIELD,Field_5,1,MOVING_TO_FIELD,Field_4,1,MOVING_TO_FIELD,Field_1,1,MOVING_TO_FIELD,Field_5,1,MOVING_TO_FIELD,Field_5,1,MOVING_TO_FIELD,Field_4,1,MOVING_TO_FIELD,Field_1,1,MOVING_TO_FIELD,Field_1,1,MOVING_TO_FIELD,Field_1,1,MOVING_TO_FIELD,Field_4,1,MOVING_TO_FIELD,Field_6,33,0.15,0,8,4,18,0.01,0,0,2,1,0.04,0,4,4,11,0.12,0,8,4,0,0.01,0,6,2,21,0.17,0,5,4,2,0.07,0,2,3,9,0.01,0,1,2,0,0.06,0,0,3,10,0.15,0,0,6,24,0.20,0,0,4,16,0.03,0,0,1,12,0.04,0,0,2,34,0.28,0,0,6,46,0.28,0,0,6,26,0.14,0,0,2,22,0.13,0,0,2,37,0.17,0,0,1,0,0.00,0,0,2,0,0.08,0,6,3
87,325,0,0,0,0,40,0,1,MOVING_TO_FIELD,Field_7,1,MOVING_TO_FIELD,Field_20,1,MOVING_TO_FIELD,Field_5,1,MOVING_TO_FIELD,Field_3,1,MOVING_TO_FIELD,Field_6,1,MOVING_TO_FIELD,Field_1,1,MOVING_TO_FIELD,Field_6,1,MOVING_TO_FIELD,Field_5,1,MOVING_TO_FIELD,Field_7,1,MOVING_TO_FIELD,Field_1,1,MOVING_TO_FIELD,Field_3,1,MOVING_TO_FIELD,Field_3,1,MOVING_TO_FIELD,Field_20,1,MOVING_TO_FIELD,Field_4,1,MOVING_TO_FIELD,Field_1,1,MOVING_TO_FIELD,Field_20,1,MOVING_TO_FIELD,Field_5,1,MOVING_TO_FIELD,Field_4,1,MOVING_TO_FIELD,Field_4,1,MOVING_TO_FIELD,Field_4,1,MOVING_TO_FIELD,Field_3,1,MOVING_TO_FIELD,Field_20,1,MOVING_TO_FIELD,Field_6,1,MOVING_TO_FIELD,Field_20,1,MOVING_TO_FIELD,Field_4,1,MOVING_TO_FIELD,Field_8,1,MOVING_TO_FIELD,Field_1,1,MOVING_TO_FIELD,Field_20,1,MOVING_TO_FIELD,Field_6,1,MOVING_TO_FIELD,Field_5,1,MOVING_TO_FIELD,Field_4,1,MOVING_TO_FIELD,Field_1,1,MOVING_TO_FIELD,Field_5,1,MOVING_TO_FIELD,Field_5,1,MOVING_TO_FIELD,Field_4,1,MOVING_TO_FIELD,Field_1,1,MOVING_TO_FIELD,Field_1,1,MOVING_TO_FIELD,Field_1,1,MOVING_TO_FIELD,Field_4,1,MOVING_TO_FIELD,Field_6,34,0.15,0,8,4,18,0.02,0,0,2,1,0.04,0,4,4,11,0.12,0,8,4,0,0.01,0,6,2,21,0.18,0,5,4,2,0.07,0,2,3,9,0.01,0,1,2,0,0.06,0,0,3,10,0.15,0,0,6,25,0.20,0,0,4,16,0.03,0,0,1,12,0.04,0,0,2,34,0.30,0,0,6,46,0.28,0,0,6,26,0.14,0,0,2,23,0.11,0,0,2,37,0.17,0,0,1,0,0.00,0,0,2,0,0.08,0,6,3
88,327,0,0,1,0,39,0,1,MOVING_TO_FIELD,Field_7,1,MOVING_TO_FIELD,Field_20,1,MOVING_TO_FIELD,Field_5,1,MOVING_TO_FIELD,Field_3,1,MOVING_TO_FIELD,Field_6,1,MOVING_TO_FIELD,Field_1,1,MOVING_TO_FIELD,Field_6,1,MOVING_TO_FIELD,Field_5,1,PROTECTING,Field_7,1,MOVING_TO_FIELD,Field_1,1,MOVING_TO_FIELD,Field_3,1,MOVING_TO_FIELD,Field_3,1,MOVING_TO_FIELD,Field_20,1,MOVING_TO_FIELD,Field_4,1,MOVING_TO_FIELD,Field_1,1,MOVING_TO_FIELD,Field_20,1,MOVING_TO_FIELD,Field_5,1,MOVING_TO_FIELD,Field_4,1,MOVING_TO_FIELD,Field_4,1,MOVING_TO_FIELD,Field_4,1,MOVING_TO_FIELD,Field_3,1,MOVING_TO_FIELD,Field_20,1,MOVING_TO_FIELD,Field_6,1,MOVING_TO_FIELD,Field_20,1,MOVING_TO_FIELD,Field_4,1,MOVING_TO_FIELD,Field_8,1,MOVING_TO_FIELD,Field_1,1,MOVING_TO_FIELD,Field_20,1,MOVING_TO_FIELD,Field_6,1,MOVING_TO_FIELD,Field_5,1,MOVING_TO_FIELD,Field_4,1,MOVING_TO_FIELD,Field_1,1,MOVING_TO_FIELD,Field_5,1,MOVING_TO_FIELD,Field_5,1,MOVING_TO_FIELD,Field_4,1,MOVING_TO_FIELD,Field_1,1,MOVING_TO_FIELD,Field_1,1,MOVING_TO_FIELD,Field_1,1,MOVING_TO_FIELD,Field_4,1,MOVING_TO_FIELD,Field_6,35,0.15,0,8,4,18,0.02,0,0,2,1,0.05,0,4,4,11,0.11,0,8,4,0,0.01,0,6,2,21,0.18,0,5,4,2,0.08,1,1,2,9,0.01,0,1,2,0,0.06,0,0,3,10,0.14,0,0,6,26,0.20,0,0,4,16,0.03,0,0,1,12,0.04,0,0,2,34,0.30,0,0,6,46,0.28,0,0,6,26,0.12,0,0,2,23,0.11,0,0,2,37,0.17,0,0,1,0,0.00,0,0,2,0,0.08,0,6,3
89,329,0,0,1,0,39,0,1,MOVING_TO_FIELD,Field_7,1,MOVING_TO_FIELD,Field_20,1,MOVING_TO_FIELD,Field_5,1,MOVING_TO_FIELD,Field_3,1,MOVING_TO_FIELD,Field_6,1,MOVING_TO_FIELD,Field_1,1,MOVING_TO_FIELD,Field_6,1,MOVING_TO_FIELD,Field_5,1,PROTECTING,Field_7,1,MOVING_TO_FIELD,Field_1,1,MOVING_TO_FIELD,Field_3,1,MOVING_TO_FIELD,Field_3,1,MOVING_TO_FIELD,Field_20,1,MOVING_TO_FIELD,Field_4,1,MOVING_TO_FIELD,Field_1,1,MOVING_TO_FIELD,Field_20,1,MOVING_TO_FIELD,Field_5,1,MOVING_TO_FIELD,Field_4,1,MOVING_TO_FIELD,Field_4,1,MOVING_TO_FIELD,Field_4,1,MOVING_TO_FIELD,Field_3,1,MOVING_TO_FIELD,Field_20,1,MOVING_TO_FIELD,Field_6,1,MOVING_TO_FIELD,Field_20,1,MOVING_TO_FIELD,Field_4,1,MOVING_TO_FIELD,Field_8,1,MOVING_TO_FIELD,Field_1,1,MOVING_TO_FIELD,Field_20,1,MOVING_TO_FIELD,Field_6,1,MOVING_TO_FIELD,Field_5,1,MOVING_TO_FIELD,Field_4,1,MOVING_TO_FIELD,Field_1,1,MOVING_TO_FIELD,Field_5,1,MOVING_TO_FIELD,Field_5,1,MOVING_TO_FIELD,Field_4,1,MOVING_TO_FIELD,Field_1,1,MOVING_TO_FIELD,Field_1,1,MOVING_TO_FIELD,Field_1,1,MOVING_TO_FIELD,Field_4,1,MOVING_TO_FIELD,Field_6,36,0.14,0,8,4,18,0.03,0,0,2,1,0.05,0,4,4,11,0.10,0,8,4,0,0.01,0,6,2,21,0.21,0,5,4,2,0.08,1,1,2,9,0.03,0,1,2,0,0.04,0,0,3,10,0.14,0,0,6,26,0.20,0,0,4,16,0.00,0,0,1,12,0.04,0,0,2,34,0.30,0,0,6,46,0.28,0,0,6,26,0.14,0,0,2,24,0.11,0,0,2,37,0.15,0,0,1,0,0.00,0,0,2,0,0.08,0,6,3
90,330,0,0,2,0,38,0,1,MOVING_TO_FIELD,Field_7,1,MOVING_TO_FIELD,Field_20,1,MOVING_TO_FIELD,Field_5,1,MOVING_TO_FIELD,Field_3,1,MOVING_TO_FIELD,Field_6,1,MOVING_TO_FIELD,Field_1,1,MOVING_TO_FIELD,Field_6,1,MOVING_TO_FIELD,Field_5,1,PROTECTING,Field_7,1,MOVING_TO_FIELD,Field_1,1,MOVING_TO_FIELD,Field_3,1,MOVING_TO_FIELD,Field_3,1,MOVING_TO_FIELD,Field_20,1,MOVING_TO_FIELD,Field_4,1,MOVING_TO_FIELD,Field_1,1,MOVING_TO_FIELD,Field_20,1,MOVING_TO_FIELD,Field_5,1,MOVING_TO_FIELD,Field_4,1,MOVING_TO_FIELD,Field_4,1,MOVING_TO_FIELD,Field_4,1,MOVING_TO_FIELD,Field_3,1,MOVING_TO_FIELD,Field_20,1,MOVING_TO_FIELD,Field_6,1,MOVING_TO_FIELD,Field_20,1,MOVING_TO_FIELD,Field_4,1,MOVING_TO_FIELD,Field_8,1,PROTECTING,Field_1,1,MOVING_TO_FIELD,Field_20,1,MOVING_TO_FIELD,Field_6,1,MOVING_TO_FIELD,Field_5,1,MOVING_TO_FIELD,Field_4,1,MOVING_TO_FIELD,Field_1,1,MOVING_TO_FIELD,Field_5,1,MOVING_TO_FIELD,Field_5,1,MOVING_TO_FIELD,Field_4,1,MOVING_TO_FIELD,Field_1,1,MOVING_TO_FIELD,Field_1,1,MOVING_TO_FIELD,Field_1,1,MOVING_TO_FIELD,Field_4,1,MOVING_TO_FIELD,Field_6,36,0.14,1,7,3,18,0.03,0,0,2,1,0.05,0,4,4,11,0.10,0,8,4,0,0.01,0,6,2,21,0.21,0,5,4,2,0.07,1,1,2,9,0.03,0,1,2,0,0.04,0,0,3,10,0.14,0,0,6,26,0.21,0,0,4,16,0.03,0,0,1,12,0.04,0,0,2,35,0.30,0,0,6,46,0.28,0,0,6,26,0.14,0,0,2,24,0.11,0,0,2,37,0.17,0,0,1,0,0.00,0,0,2,0,0.08,0,6,3
91,331,1,0,1,0,38,0,1,MOVING_TO_FIELD,Field_20,1,MOVING_TO_FIELD,Field_20,1,MOVING_TO_FIELD,Field_5,1,MOVING_TO_FIELD,Field_5,1,MOVING_TO_FIELD,Field_6,1,MOVING_TO_FIELD,Field_1,1,MOVING_TO_FIELD,Field_6,1,MOVING_TO_FIELD,Field_5,1,MOVING_TO_FIELD,Field_6,1,MOVING_TO_FIELD,Field_1,1,MOVING_TO_FIELD,Field_5,1,MOVING_TO_FIELD,Field_5,1,MOVING_TO_FIELD,Field_20,1,MOVING_TO_FIELD,Field_4,1,MOVING_TO_FIELD,Field_1,1,MOVING_TO_FIELD,Field_20,1,MOVING_TO_FIELD,Field_7,1,IDLE,,1,MOVING_TO_FIELD,Field_20,1,MOVING_TO_FIELD,Field_20,1,MOVING_TO_FIELD,Field_5,1,MOVING_TO_FIELD,Field_8,1,MOVING_TO_FIELD,Field_6,1,MOVING_TO_FIELD,Field_6,1,MOVING_TO_FIELD,Field_4,1,MOVING_TO_FIELD,Field_7,1,PROTECTING,Field_1,1,MOVING_TO_FIELD,Field_1,1,MOVING_TO_FIELD,Field_4,1,MOVING_TO_FIELD,Field_4,1,MOVING_TO_FIELD,Field_4,1,MOVING_TO_FIELD,Field_1,1,MOVING_TO_FIELD,Field_4,1,MOVING_TO_FIELD,Field_4,1,MOVING_TO_FIELD,Field_4,1,MOVING_TO_FIELD,Field_1,1,MOVING_TO_FIELD,Field_4,1,MOVING_TO_FIELD,Field_1,1,MOVING_TO_FIELD,Field_4,1,MOVING_TO_FIELD,Field_6,36,0.15,1,7,3,18,0.03,0,0,2,1,0.04,0,0,4,11,0.10,0,10,4,0,0.01,0,6,2,21,0.21,0,6,4,2,0.05,0,2,3,9,0.03,0,1,2,0,0.04,0,0,3,10,0.13,0,0,6,26,0.21,0,0,4,16,0.03,0,0,1,12,0.05,0,0,2,35,0.28,0,0,6,47,0.26,0,0,6,26,0.14,0,0,2,24,0.13,0,0,2,37,0.17,0,0,1,0,0.00,0,0,2,0,0.08,0,6,3
92,335,1,0,1,0,38,0,1,MOVING_TO_FIELD,Field_20,1,MOVING_TO_FIELD,Field_20,1,MOVING_TO_FIELD,Field_5,1,MOVING_TO_FIELD,Field_5,1,MOVING_TO_FIELD,Field_6,1,MOVING_TO_FIELD,Field_1,1,MOVING_TO_FIELD,Field_6,1,MOVING_TO_FIELD,Field_5,1,MOVING_TO_FIELD,Field_6,1,MOVING_TO_FIELD,Field_1,1,MOVING_TO_FIELD,Field_5,1,MOVING_TO_FIELD,Field_5,1,MOVING_TO_FIELD,Field_20,1,MOVING_TO_FIELD,Field_4,1,MOVING_TO_FIELD,Field_1,1,MOVING_TO_FIELD,Field_20,1,MOVING_TO_FIELD,Field_7,1,IDLE,,1,MOVING_TO_FIELD,Field_20,1,MOVING_TO_FIELD,Field_20,1,MOVING_TO_FIELD,Field_5,1,MOVING_TO_FIELD,Field_8,1,MOVING_TO_FIELD,Field_6,1,MOVING_TO_FIELD,Field_6,1,MOVING_TO_FIELD,Field_4,1,MOVING_TO_FIELD,Field_7,1,PROTECTING,Field_1,1,MOVING_TO_FIELD,Field_1,1,MOVING_TO_FIELD,Field_4,1,MOVING_TO_FIELD,Field_4,1,MOVING_TO_FIELD,Field_4,1,MOVING_TO_FIELD,Field_1,1,MOVING_TO_FIELD,Field_4,1,MOVING_TO_FIELD,Field_4,1,MOVING_TO_FIELD,Field_4,1,MOVING_TO_FIELD,Field_1,1,MOVING_TO_FIELD,Field_4,1,MOVING_TO_FIELD,Field_1,1,MOVING_TO_FIELD,Field_4,1,MOVING_TO_FIELD,Field_6,37,0.15,1,7,3,18,0.03,0,0,2,1,0.04,0,0,4,11,0.11,0,10,4,0,0.00,0,6,2,21,0.22,0,6,4,2,0.06,0,2,3,9,0.03,0,1,2,0,0.04,0,0,3,10,0.11,0,0,6,27,0.21,0,0,4,16,0.03,0,0,1,12,0.05,0,0,2,35,0.27,0,0,6,49,0.28,0,0,6,26,0.14,0,0,2,24,0.13,0,0,2,37,0.17,0,0,1,0,0.00,0,0,2,0,0.08,0,6,3
93,337,1,0,1,0,38,0,1,MOVING_TO_FIELD,Field_20,1,MOVING_TO_FIELD,Field_20,1,MOVING_TO_FIELD,Field_5,1,MOVING_TO_FIELD,Field_5,1,MOVING_TO_FIELD,Field_6,1,MOVING_TO_FIELD,Field_1,1,MOVING_TO_FIELD,Field_6,1,MOVING_TO_FIELD,Field_5,1,MOVING_TO_FIELD,Field_6,1,MOVING_TO_FIELD,Field_1,1,MOVING_TO_FIELD,Field_5,1,MOVING_TO_FIELD,Field_5,1,MOVING_TO_FIELD,Field_20,1,MOVING_TO_FIELD,Field_4,1,MOVING_TO_FIELD,Field_1,1,MOVING_TO_FIELD,Field_20,1,MOVING_TO_FIELD,Field_7,1,IDLE,,1,MOVING_TO_FIELD,Field_20,1,MOVING_TO_FIELD,Field_20,1,MOVING_TO_FIELD,Field_5,1,MOVING_TO_FIELD,Field_8,1,MOVING_TO_FIELD,Field_6,1,MOVING_TO_FIELD,Field_6,1,MOVING_TO_FIELD,Field_4,1,MOVING_TO_FIELD,Field_7,1,PROTECTING,Field_1,1,MOVING_TO_FIELD,Field_1,1,MOVING_TO_FIELD,Field_4,1,MOVING_TO_FIELD,Field_4,1,MOVING_TO_FIELD,Field_4,1,MOVING_TO_FIELD,Field_1,1,MOVING_TO_FIELD,Field_4,1,MOVING_TO_FIELD,Field_4,1,MOVING_TO_FIELD,Field_4,1,MOVING_TO_FIELD,Field_1,1,MOVING_TO_FIELD,Field_4,1,MOVING_TO_FIELD,Field_1,1,MOVING_TO_FIELD,Field_4,1,MOVING_TO_FIELD,Field_6,37,0.15,1,7,3,18,0.03,0,0,2,1,0.05,0,0,4,11,0.11,0,10,4,0,0.00,0,6,2,21,0.22,0,6,4,2,0.05,0,2,3,9,0.03,0,1,2,0,0.04,0,0,3,10,0.12,0,0,6,27,0.21,0,0,4,16,0.03,0,0,1,12,0.07,0,0,2,35,0.27,0,0,6,49,0.28,0,0,6,26,0.14,0,0,2,24,0.15,0,0,2,39,0.17,0,0,1,0,0.00,0,0,2,0,0.08,0,6,3
94,340,1,0,1,0,38,0,1,MOVING_TO_FIELD,Field_20,1,MOVING_TO_FIELD,Field_20,1,MOVING_TO_FIELD,Field_5,1,MOVING_TO_FIELD,Field_5,1,MOVING_TO_FIELD,Field_6,1,MOVING_TO_FIELD,Field_1,1,MOVING_TO_FIELD,Field_6,1,MOVING_TO_FIELD,Field_5,1,MOVING_TO_FIELD,Field_6,1,MOVING_TO_FIELD,Field_1,1,MOVING_TO_FIELD,Field_5,1,MOVING_TO_FIELD,Field_5,1,MOVING_TO_FIELD,Field_20,1,MOVING_TO_FIELD,Field_4,1,MOVING_TO_FIELD,Field_1,1,MOVING_TO_FIELD,Field_20,1,MOVING_TO_FIELD,Field_7,1,IDLE,,1,MOVING_TO_FIELD,Field_20,1,MOVING_TO_FIELD,Field_20,1,MOVING_TO_FIELD,Field_5,1,MOVING_TO_FIELD,Field_8,1,MOVING_TO_FIELD,Field_6,1,MOVING_TO_FIELD,Field_6,1,MOVING_TO_FIELD,Field_4,1,MOVING_TO_FIELD,Field_7,1,PROTECTING,Field_1,1,MOVING_TO_FIELD,Field_1,1,MOVING_TO_FIELD,Field_4,1,MOVING_TO_FIELD,Field_4,1,MOVING_TO_FIELD,Field_4,1,MOVING_TO_FIELD,Field_1,1,MOVING_TO_FIELD,Field_4,1,MOVING_TO_FIELD,Field_4,1,MOVING_TO_FIELD,Field_4,1,MOVING_TO_FIELD,Field_1,1,MOVING_TO_FIELD,Field_4,1,MOVING_TO_FIELD,Field_1,1,MOVING_TO_FIELD,Field_4,1,MOVING_TO_FIELD,Field_6,37,0.15,1,7,3,18,0.02,0,0,2,1,0.05,0,0,4,11,0.11,0,10,4,0,0.00,0,6,2,21,0.21,0,6,4,2,0.05,0,2,3,9,0.04,0,1,2,0,0.04,0,0,3,10,0.12,0,0,6,27,0.21,0,0,4,16,0.03,0,0,1,13,0.07,0,0,2,35,0.28,0,0,6,49,0.27,0,0,6,27,0.14,0,0,2,24,0.15,0,0,2,40,0.15,0,0,1,0,0.00,0,0,2,0,0.08,0,6,3
95,342,1,0,4,0,35,0,1,MOVING_TO_FIELD,Field_20,1,MOVING_TO_FIELD,Field_20,1,MOVING_TO_FIELD,Field_5,1,MOVING_TO_FIELD,Field_5,1,MOVING_TO_FIELD,Field_6,1,PROTECTING,Field_1,1,MOVING_TO_FIELD,Field_6,1,MOVING_TO_FIELD,Field_5,1,MOVING_TO_FIELD,Field_6,1,MOVING_TO_FIELD,Field_1,1,MOVING_TO_FIELD,Field_5,1,MOVING_TO_FIELD,Field_5,1,MOVING_TO_FIELD,Field_20,1,MOVING_TO_FIELD,Field_4,1,MOVING_TO_FIELD,Field_1,1,MOVING_TO_FIELD,Field_20,1,MOVING_TO_FIELD,Field_7,1,IDLE,,1,MOVING_TO_FIELD,Field_20,1,MOVING_TO_FIELD,Field_20,1,MOVING_TO_FIELD,Field_5,1,MOVING_TO_FIELD,Field_8,1,MOVING_TO_FIELD,Field_6,1,MOVING_TO_FIELD,Field_6,1,PROTECTING,Field_4,1,MOVING_TO_FIELD,Field_7,1,PROTECTING,Field_1,1,MOVING_TO_FIELD,Field_1,1,MOVING_TO_FIELD,Field_4,1,MOVING_TO_FIELD,Field_4,1,MOVING_TO_FIELD,Field_4,1,MOVING_TO_FIELD,Field_1,1,MOVING_TO_FIELD,Field_4,1,MOVING_TO_FIELD,Field_4,1,MOVING_TO_FIELD,Field_4,1,MOVING_TO_FIELD,Field_1,1,MOVING_TO_FIELD,Field_4,1,MOVING_TO_FIELD,Field_1,1,PROTECTING,Field_4,1,MOVING_TO_FIELD,Field_6,38,0.16,2,6,2,18,0.01,0,0,2,1,0.04,0,0,4,11,0.11,2,8,2,0,0.00,0,6,2,22,0.20,0,6,4,2,0.06,0,2,3,9,0.04,0,1,2,0,0.04,0,0,3,10,0.13,0,0,6,27,0.21,0,0,4,16,0.03,0,0,1,13,0.07,0,0,2,35,0.27,0,0,6,49,0.27,0,0,6,27,0.12,0,0,2,24,0.15,0,0,2,40,0.15,0,0,1,0,0.02,0,0,2,0,0.08,0,6,3
96,342,1,0,7,0,32,0,1,MOVING_TO_FIELD,Field_20,1,MOVING_TO_FIELD,Field_20,1,MOVING_TO_FIELD,Field_5,1,MOVING_TO_FIELD,Field_5,1,PROTECTING,Field_6,1,PROTECTING,Field_1,1,PROTECTING,Field_6,1,MOVING_TO_FIELD,Field_5,1,MOVING_TO_FIELD,Field_6,1,MOVING_TO_FIELD,Field_1,1,MOVING_TO_FIELD,Field_5,1,MOVING_TO_FIELD,Field_5,1,MOVING_TO_FIELD,Field_20,1,MOVING_TO_FIELD,Field_4,1,MOVING_TO_FIELD,Field_1,1,MOVING_TO_FIELD,Field_20,1,MOVING_TO_FIELD,Field_7,1,IDLE,,1,MOVING_TO_FIELD,Field_20,1,MOVING_TO_FIELD,Field_20,1,MOVING_TO_FIELD,Field_5,1,MOVING_TO_FIELD,Field_8,1,MOVING_TO_FIELD,Field_6,1,MOVING_TO_FIELD,Field_6,1,PROTECTING,Field_4,1,MOVING_TO_FIELD,Field_7,1,PROTECTING,Field_1,1,MOVING_TO_FIELD,Field_1,1,MOVING_TO_FIELD,Field_4,1,MOVING_TO_FIELD,Field_4,1,PROTECTING,Field_4,1,MOVING_TO_FIELD,Field_1,1,MOVING_TO_FIELD,Field_4,1,MOVING_TO_FIELD,Field_4,1,MOVING_TO_FIELD,Field_4,1,MOVING_TO_FIELD,Field_1,1,MOVING_TO_FIELD,Field_4,1,MOVING_TO_FIELD,Field_1,1,PROTECTING,Field_4,1,MOVING_TO_FIELD,Field_6,38,0.15,2,6,2,18,0.01,0,0,2,1,0.04,0,0,4,11,0.11,3,7,1,0,0.00,0,6,2,22,0.20,2,4,2,2,0.07,0,2,3,9,0.04,0,1,2,0,0.03,0,0,3,10,0.13,0,0,6,27,0.22,0,0,4,16,0.03,0,0,1,13,0.04,0,0,2,35,0.27,0,0,6,49,0.28,0,0,6,27,0.11,0,0,2,24,0.15,0,0,2,40,0.15,0,0,1,0,0.02,0,0,2,0,0.08,0,6,3
97,347,1,0,8,0,31,0,1,MOVING_TO_FIELD,Field_20,1,MOVING_TO_FIELD,Field_20,1,MOVING_TO_FIELD,Field_5,1,PROTECTING,Field_5,1,PROTECTING,Field_6,1,PROTECTING,Field_1,1,PROTECTING,Field_6,1,MOVING_TO_FIELD,Field_5,1,MOVING_TO_FIELD,Field_6,1,MOVING_TO_FIELD,Field_1,1,MOVING_TO_FIELD,Field_5,1,MOVING_TO_FIELD,Field_5,1,MOVING_TO_FIELD,Field_20,1,MOVING_TO_FIELD,Field_4,1,MOVING_TO_FIELD,Field_1,1,MOVING_TO_FIELD,Field_20,1,MOVING_TO_FIELD,Field_7,1,IDLE,,1,MOVING_TO_FIELD,Field_20,1,MOVING_TO_FIELD,Field_20,1,MOVING_TO_FIELD,Field_5,1,MOVING_TO_FIELD,Field_8,1,MOVING_TO_FIELD,Field_6,1,MOVING_TO_FIELD,Field_6,1,PROTECTING,Field_4,1,MOVING_TO_FIELD,Field_7,1,PROTECTING,Field_1,1,MOVING_TO_FIELD,Field_1,1,MOVING_TO_FIELD,Field_4,1,MOVING_TO_FIELD,Field_4,1,PROTECTING,Field_4,1,MOVING_TO_FIELD,Field_1,1,MOVING_TO_FIELD,Field_4,1,MOVING_TO_FIELD,Field_4,1,MOVING_TO_FIELD,Field_4,1,MOVING_TO_FIELD,Field_1,1,MOVING_TO_FIELD,Field_4,1,MOVING_TO_FIELD,Field_1,1,PROTECTING,Field_4,1,MOVING_TO_FIELD,Field_6,38,0.14,2,6,2,18,0.01,0,0,2,1,0.03,0,0,4,11,0.12,3,7,1,0,0.00,1,5,1,23,0.21,2,4,2,2,0.07,0,2,3,9,0.04,0,1,2,0,0.03,0,0,3,10,0.13,0,0,6,28,0.22,0,0,4,16,0.03,0,0,1,13,0.04,0,0,2,35,0.27,0,0,6,51,0.28,0,0,6,27,0.12,0,0,2,24,0.15,0,0,2,41,0.11,0,0,1,0,0.02,0,0,2,0,0.06,0,6,3
98,353,1,0,9,0,30,0,1,MOVING_TO_FIELD,Field_20,1,MOVING_TO_FIELD,Field_20,1,MOVING_TO_FIELD,Field_5,1,PROTECTING,Field_5,1,PROTECTING,Field_6,1,PROTECTING,Field_1,1,PROTECTING,Field_6,1,MOVING_TO_FIELD,Field_5,1,MOVING_TO_FIELD,Field_6,1,MOVING_TO_FIELD,Field_1,1,MOVING_TO_FIELD,Field_5,1,MOVING_TO_FIELD,Field_5,1,MOVING_TO_FIELD,Field_20,1,MOVING_TO_FIELD,Field_4,1,MOVING_TO_FIELD,Field_1,1,MOVING_TO_FIELD,Field_20,1,MOVING_TO_FIELD,Field_7,1,IDLE,,1,MOVING_TO_FIELD,Field_20,1,MOVING_TO_FIELD,Field_20,1,MOVING_TO_FIELD,Field_5,1,MOVING_TO_FIELD,Field_8,1,MOVING_TO_FIELD,Field_6,1,MOVING_TO_FIELD,Field_6,1,PROTECTING,Field_4,1,MOVING_TO_FIELD,Field_7,1,PROTECTING,Field_1,1,MOVING_TO_FIELD,Field_1,1,MOVING_TO_FIELD,Field_4,1,MOVING_TO_FIELD,Field_4,1,PROTECTING,Field_4,1,MOVING_TO_FIELD,Field_1,1,MOVING_TO_FIELD,Field_4,1,MOVING_TO_FIELD,Field_4,1,MOVING_TO_FIELD,Field_4,1,PROTECTING,Field_1,1,MOVING_TO_FIELD,Field_4,1,MOVING_TO_FIELD,Field_1,1,PROTECTING,Field_4,1,MOVING_TO_FIELD,Field_6,38,0.14,3,5,1,18,0.01,0,0,2,1,0.05,0,0,4,11,0.12,3,7,1,0,0.01,1,5,1,23,0.21,2,4,2,2,0.07,0,2,3,9,0.04,0,1,2,0,0.03,0,0,3,10,0.13,0,0,6,29,0.22,0,0,4,16,0.03,0,0,1,13,0.05,0,0,2,37,0.28,0,0,6,53,0.27,0,0,6,27,0.12,0,0,2,24,0.15,0,0,2,42,0.13,0,0,1,0,0.02,0,0,2,0,0.06,0,6,3
99,358,1,0,11,0,28,0,1,MOVING_TO_FIELD,Field_20,1,MOVING_TO_FIELD,Field_20,1,PROTECTING,Field_5,1,PROTECTING,Field_5,1,PROTECTING,Field_6,1,PROTECTING,Field_1,1,PROTECTING,Field_6,1,MOVING_TO_FIELD,Field_5,1,MOVING_TO_FIELD,Field_6,1,MOVING_TO_FIELD,Field_1,1,MOVING_TO_FIELD,Field_5,1,MOVING_TO_FIELD,Field_5,1,MOVING_TO_FIELD,Field_20,1,MOVING_TO_FIELD,Field_4,1,MOVING_TO_FIELD,Field_1,1,MOVING_TO_FIELD,Field_20,1,MOVING_TO_FIELD,Field_7,1,IDLE,,1,MOVING_TO_FIELD,Field_20,1,MOVING_TO_FIELD,Field_20,1,MOVING_TO_FIELD,Field_5,1,MOVING_TO_FIELD,Field_8,1,MOVING_TO_FIELD,Field_6,1,MOVING_TO_FIELD,Field_6,1,PROTECTING,Field_4,1,MOVING_TO_FIELD,Field_7,1,PROTECTING,Field_1,1,MOVING_TO_FIELD,Field_1,1,MOVING_TO_FIELD,Field_4,1,MOVING_TO_FIELD,Field_4,1,PROTECTING,Field_4,1,MOVING_TO_FIELD,Field_1,1,MOVING_TO_FIELD,Field_4,1,MOVING_TO_FIELD,Field_4,1,PROTECTING,Field_4,1,PROTECTING,Field_1,1,MOVING_TO_FIELD,Field_4,1,MOVING_TO_FIELD,Field_1,1,PROTECTING,Field_4,1,MOVING_TO_FIELD,Field_6,38,0.14,3,5,1,18,0.01,0,0,2,1,0.06,0,0,4,11,0.12,4,6,0,0,0.01,2,4,0,24,0.21,2,4,2,2,0.08,0,2,3,9,0.06,0,1,2,0,0.03,0,0,3,10,0.12,0,0,6,30,0.22,0,0,4,16,0.06,0,0,1,13,0.05,0,0,2,37,0.28,0,0,6,53,0.27,0,0,6,28,0.11,0,0,2,26,0.15,0,0,2,42,0.13,0,0,1,0,0.02,0,0,2,0,0.06,0,6,3
100,360,1,0,13,0,26,0,1,MOVING_TO_FIELD,Field_20,1,MOVING_TO_FIELD,Field_20,1,PROTECTING,Field_5,1,PROTECTING,Field_5,1,PROTECTING,Field_6,1,PROTECTING,Field_1,1,PROTECTING,Field_6,1,MOVING_TO_FIELD,Field_5,1,MOVING_TO_FIELD,Field_6,1,MOVING_TO_FIELD,Field_1,1,MOVING_TO_FIELD,Field_5,1,PROTECTING,Field_5,1,MOVING_TO_FIELD,Field_20,1,MOVING_TO_FIELD,Field_4,1,MOVING_TO_FIELD,Field_1,1,MOVING_TO_FIELD,Field_20,1,MOVING_TO_FIELD,Field_7,1,IDLE,,1,MOVING_TO_FIELD,Field_20,1,MOVING_TO_FIELD,Field_20,1,PROTECTING,Field_5,1,MOVING_TO_FIELD,Field_8,1,MOVING_TO_FIELD,Field_6,1,MOVING_TO_FIELD,Field_6,1,PROTECTING,Field_4,1,MOVING_TO_FIELD,Field_7,1,PROTECTING,Field_1,1,MOVING_TO_FIELD,Field_1,1,MOVING_TO_FIELD,Field_4,1,MOVING_TO_FIELD,Field_4,1,PROTECTING,Field_4,1,MOVING_TO_FIELD,Field_1,1,MOVING_TO_FIELD,Field_4,1,MOVING_TO_FIELD,Field_4,1,PROTECTING,Field_4,1,PROTECTING,Field_1,1,MOVING_TO_FIELD,Field_4,1,MOVING_TO_FIELD,Field_1,1,PROTECTING,Field_4,1,MOVING_TO_FIELD,Field_6,38,0.13,3,5,1,18,0.01,0,0,2,1,0.07,0,0,4,11,0.13,4,6,0,0,0.01,4,2,-2,24,0.21,2,4,2,2,0.07,0,2,3,9,0.06,0,1,2,0,0.03,0,0,3,10,0.13,0,0,6,30,0.24,0,0,4,16,0.06,0,0,1,13,0.04,0,0,2,38,0.27,0,0,6,53,0.24,0,0,6,29,0.11,0,0,2,26,0.15,0,0,2,42,0.13,0,0,1,0,0.02,0,0,2,0,0.04,0,6,3
101,363,3,0,11,0,26,0,1,MOVING_TO_FIELD,Field_20,1,MOVING_TO_FIELD,Field_1,1,PROTECTING,Field_5,1,IDLE,,1,PROTECTING,Field_6,1,PROTECTING,Field_1,1,PROTECTING,Field_6,1,MOVING_TO_FIELD,Field_5,1,IDLE,,1,MOVING_TO_FIELD,Field_1,1,MOVING_TO_FIELD,Field_5,1,MOVING_TO_FIELD,Field_20,1,MOVING_TO_FIELD,Field_1,1,MOVING_TO_FIELD,Field_7,1,MOVING_TO_FIELD,Field_4,1,IDLE,,1,MOVING_TO_FIELD,Field_20,1,MOVING_TO_FIELD,Field_8,1,MOVING_TO_FIELD,Field_1,1,MOVING_TO_FIELD,Field_1,1,PROTECTING,Field_5,1,MOVING_TO_FIELD,Field_20,1,MOVING_TO_FIELD,Field_6,1,MOVING_TO_FIELD,Field_5,1,PROTECTING,Field_4,1,MOVING_TO_FIELD,Field_20,1,PROTECTING,Field_1,1,MOVING_TO_FIELD,Field_5,1,MOVING_TO_FIELD,Field_7,1,MOVING_TO_FIELD,Field_4,1,PROTECTING,Field_4,1,MOVING_TO_FIELD,Field_4,1,MOVING_TO_FIELD,Field_20,1,MOVING_TO_FIELD,Field_4,1,PROTECTING,Field_4,1,PROTECTING,Field_1,1,MOVING_TO_FIELD,Field_4,1,MOVING_TO_FIELD,Field_4,1,PROTECTING,Field_4,1,MOVING_TO_FIELD,Field_6,38,0.11,3,5,1,18,0.01,0,0,2,1,0.07,0,0,4,11,0.12,4,6,0,0,0.02,2,4,0,25,0.21,2,2,2,2,0.07,0,2,3,9,0.06,0,1,2,0,0.03,0,0,3,10,0.13,0,0,6,30,0.24,0,0,4,16,0.06,0,0,1,13,0.04,0,0,2,39,0.28,0,0,6,53,0.24,0,0,6,30,0.12,0,0,2,26,0.16,0,0,2,42,0.13,0,0,1,0,0.02,0,0,2,0,0.02,0,6,3
102,368,3,0,11,0,26,0,1,MOVING_TO_FIELD,Field_20,1,MOVING_TO_FIELD,Field_1,1,PROTECTING,Field_5,1,IDLE,,1,PROTECTING,Field_6,1,PROTECTING,Field_1,1,PROTECTING,Field_6,1,MOVING_TO_FIELD,Field_5,1,IDLE,,1,MOVING_TO_FIELD,Field_1,1,MOVING_TO_FIELD,Field_5,1,MOVING_TO_FIELD,Field_20,1,MOVING_TO_FIELD,Field_1,1,MOVING_TO_FIELD,Field_7,1,MOVING_TO_FIELD,Field_4,1,IDLE,,1,MOVING_TO_FIELD,Field_20,1,MOVING_TO_FIELD,Field_8,1,MOVING_TO_FIELD,Field_1,1,MOVING_TO_FIELD,Field_1,1,PROTECTING,Field_5,1,MOVING_TO_FIELD,Field_20,1,MOVING_TO_FIELD,Field_6,1,MOVING_TO_FIELD,Field_5,1,PROTECTING,Field_4,1,MOVING_TO_FIELD,Field_20,1,PROTECTING,Field_1,1,MOVING_TO_FIELD,Field_5,1,MOVING_TO_FIELD,Field_7,1,MOVING_TO_FIELD,Field_4,1,PROTECTING,Field_4,1,MOVING_TO_FIELD,Field_4,1,MOVING_TO_FIELD,Field_20,1,MOVING_TO_FIELD,Field_4,1,PROTECTING,Field_4,1,PROTECTING,Field_1,1,MOVING_TO_FIELD,Field_4,1,MOVING_TO_FIELD,Field_4,1,PROTECTING,Field_4,1,MOVING_TO_FIELD,Field_6,38,0.09,3,5,1,18,0.01,0,0,2,1,0.07,0,0,4,11,0.12,4,6,0,0,0.02,2,4,0,25,0.21,2,2,2,2,0.07,0,2,3,9,0.06,0,1,2,0,0.03,0,0,3,10,0.12,0,0,6,30,0.24,0,0,4,16,0.06,0,0,1,13,0.04,0,0,2,40,0.28,0,0,6,53,0.24,0,0,6,30,0.12,0,0,2,28,0.16,0,0,2,44,0.17,0,0,1,0,0.00,0,0,2,0,0.02,0,6,3
103,369,3,0,13,0,24,0,1,MOVING_TO_FIELD,Field_20,1,MOVING_TO_FIELD,Field_1,1,PROTECTING,Field_5,1,IDLE,,1,PROTECTING,Field_6,1,PROTECTING,Field_1,1,PROTECTING,Field_6,1,MOVING_TO_FIELD,Field_5,1,IDLE,,1,PROTECTING,Field_1,1,MOVING_TO_FIELD,Field_5,1,MOVING_TO_FIELD,Field_20,1,MOVING_TO_FIELD,Field_1,1,MOVING_TO_FIELD,Field_7,1,MOVING_TO_FIELD,Field_4,1,IDLE,,1,MOVING_TO_FIELD,Field_20,1,MOVING_TO_FIELD,Field_8,1,MOVING_TO_FIELD,Field_1,1,MOVING_TO_FIELD,Field_1,1,PROTECTING,Field_5,1,MOVING_TO_FIELD,Field_20,1,MOVING_TO_FIELD,Field_6,1,MOVING_TO_FIELD,Field_5,1,PROTECTING,Field_4,1,MOVING_TO_FIELD,Field_20,1,PROTECTING,Field_1,1,MOVING_TO_FIELD,Field_5,1,MOVING_TO_FIELD,Field_7,1,MOVING_TO_FIELD,Field_4,1,PROTECTING,Field_4,1,MOVING_TO_FIELD,Field_4,1,MOVING_TO_FIELD,Field_20,1,MOVING_TO_FIELD,Field_4,1,PROTECTING,Field_4,1,PROTECTING,Field_1,1,MOVING_TO_FIELD,Field_4,1,MOVING_TO_FIELD,Field_4,1,PROTECTING,Field_4,1,PROTECTING,Field_6,38,0.08,4,4,0,18,0.01,0,0,2,1,0.07,0,0,4,11,0.11,4,6,0,0,0.02,2,4,0,25,0.21,3,1,1,2,0.07,0,2,3,9,0.06,0,1,2,0,0.03,0,0,3,10,0.12,0,0,6,30,0.24,0,0,4,16,0.06,0,0,1,13,0.05,0,0,2,40,0.24,0,0,6,53,0.25,0,0,6,30,0.12,0,0,2,28,0.16,0,0,2,45,0.17,0,0,1,0,0.00,0,0,2,0,0.02,0,6,3
104,369,3,0,16,0,21,0,1,MOVING_TO_FIELD,Field_20,1,MOVING_TO_FIELD,Field_1,1,PROTECTING,Field_5,1,IDLE,,1,PROTECTING,Field_6,1,PROTECTING,Field_1,1,PROTECTING,Field_6,1,PROTECTING,Field_5,1,IDLE,,1,PROTECTING,Field_1,1,PROTECTING,Field_5,1,MOVING_TO_FIELD,Field_20,1,MOVING_TO_FIELD,Field_1,1,MOVING_TO_FIELD,Field_7,1,MOVING_TO_FIELD,Field_4,1,IDLE,,1,MOVING_TO_FIELD,Field_20,1,MOVING_TO_FIELD,Field_8,1,MOVING_TO_FIELD,Field_1,1,MOVING_TO_FIELD,Field_1,1,PROTECTING,Field_5,1,MOVING_TO_FIELD,Field_20,1,PROTECTING,Field_6,1,MOVING_TO_FIELD,Field_5,1,PROTECTING,Field_4,1,MOVING_TO_FIELD,Field_20,1,PROTECTING,Field_1,1,MOVING_TO_FIELD,Field_5,1,MOVING_TO_FIELD,Field_7,1,MOVING_TO_FIELD,Field_4,1,PROTECTING,Field_4,1,MOVING_TO_FIELD,Field_4,1,MOVING_TO_FIELD,Field_20,1,MOVING_TO_FIELD,Field_4,1,PROTECTING,Field_4,1,PROTECTING,Field_1,1,MOVING_TO_FIELD,Field_4,1,MOVING_TO_FIELD,Field_4,1,PROTECTING,Field_4,1,PROTECTING,Field_6,38,0.08,4,4,0,18,0.01,0,0,2,1,0.07,0,0,4,11,0.11,4,6,0,0,0.04,4,2,-2,25,0.21,4,0,0,2,0.08,0,2,3,9,0.06,0,1,2,0,0.03,0,0,3,10,0.12,0,0,6,30,0.24,0,0,4,16,0.06,0,0,1,13,0.05,0,0,2,40,0.24,0,0,6,53,0.24,0,0,6,30,0.14,0,0,2,28,0.16,0,0,2,45,0.13,0,0,1,0,0.00,0,0,2,0,0.02,0,6,3
105,371,3,0,16,0,21,0,1,MOVING_TO_FIELD,Field_20,1,MOVING_TO_FIELD,Field_1,1,PROTECTING,Field_5,1,IDLE,,1,PROTECTING,Field_6,1,PROTECTING,Field_1,1,PROTECTING,Field_6,1,PROTECTING,Field_5,1,IDLE,,1,PROTECTING,Field_1,1,PROTECTING,Field_5,1,MOVING_TO_FIELD,Field_20,1,MOVING_TO_FIELD,Field_1,1,MOVING_TO_FIELD,Field_7,1,MOVING_TO_FIELD,Field_4,1,IDLE,,1,MOVING_TO_FIELD,Field_20,1,MOVING_TO_FIELD,Field_8,1,MOVING_TO_FIELD,Field_1,1,MOVING_TO_FIELD,Field_1,1,PROTECTING,Field_5,1,MOVING_TO_FIELD,Field_20,1,PROTECTING,Field_6,1,MOVING_TO_FIELD,Field_5,1,PROTECTING,Field_4,1,MOVING_TO_FIELD,Field_20,1,PROTECTING,Field_1,1,MOVING_TO_FIELD,Field_5,1,MOVING_TO_FIELD,Field_7,1,MOVING_TO_FIELD,Field_4,1,PROTECTING,Field_4,1,MOVING_TO_FIELD,Field_4,1,MOVING_TO_FIELD,Field_20,1,MOVING_TO_FIELD,Field_4,1,PROTECTING,Field_4,1,PROTECTING,Field_1,1,MOVING_TO_FIELD,Field_4,1,MOVING_TO_FIELD,Field_4,1,PROTECTING,Field_4,1,PROTECTING,Field_6,38,0.08,4,4,0,18,0.01,0,0,2,1,0.06,0,0,4,11,0.11,4,6,0,0,0.04,4,2,-2,25,0.21,4,0,0,2,0.08,0,2,3,9,0.07,0,1,2,0,0.03,0,0,3,10,0.13,0,0,6,31,0.24,0,0,4,16,0.09,0,0,1,13,0.05,0,0,2,40,0.24,0,0,6,53,0.24,0,0,6,30,0.14,0,0,2,29,0.18,0,0,2,45,0.17,0,0,1,0,0.00,0,0,2,0,0.02,0,6,3
106,374,3,0,16,0,21,0,1,MOVING_TO_FIELD,Field_20,1,MOVING_TO_FIELD,Field_1,1,PROTECTING,Field_5,1,IDLE,,1,PROTECTING,Field_6,1,PROTECTING,Field_1,1,PROTECTING,Field_6,1,PROTECTING,Field_5,1,IDLE,,1,PROTECTING,Field_1,1,PROTECTING,Field_5,1,MOVING_TO_FIELD,Field_20,1,MOVING_TO_FIELD,Field_1,1,MOVING_TO_FIELD,Field_7,1,MOVING_TO_FIELD,Field_4,1,IDLE,,1,MOVING_TO_FIELD,Field_20,1,MOVING_TO_FIELD,Field_8,1,MOVING_TO_FIELD,Field_1,1,MOVING_TO_FIELD,Field_1,1,PROTECTING,Field_5,1,MOVING_TO_FIELD,Field_20,1,PROTECTING,Field_6,1,MOVING_TO_FIELD,Field_5,1,PROTECTING,Field_4,1,MOVING_TO_FIELD,Field_20,1,PROTECTING,Field_1,1,MOVING_TO_FIELD,Field_5,1,MOVING_TO_FIELD,Field_7,1,MOVING_TO_FIELD,Field_4,1,PROTECTING,Field_4,1,MOVING_TO_FIELD,Field_4,1,MOVING_TO_FIELD,Field_20,1,MOVING_TO_FIELD,Field_4,1,PROTECTING,Field_4,1,PROTECTING,Field_1,1,MOVING_TO_FIELD,Field_4,1,MOVING_TO_FIELD,Field_4,1,PROTECTING,Field_4,1,PROTECTING,Field_6,38,0.07,4,4,0,18,0.01,0,0,2,1,0.05,0,0,4,11,0.10,4,6,0,0,0.04,4,2,-2,25,0.21,4,0,0,2,0.08,0,2,3,9,0.07,0,1,2,0,0.03,0,0,3,10,0.13,0,0,6,31,0.22,0,0,4,16,0.09,0,0,1,13,0.05,0,0,2,40,0.24,0,0,6,55,0.23,0,0,6,30,0.15,0,0,2,30,0.18,0,0,2,45,0.17,0,0,1,0,0.00,0,0,2,0,0.02,0,6,3
107,376,3,0,16,0,21,0,1,MOVING_TO_FIELD,Field_20,1,MOVING_TO_FIELD,Field_1,1,PROTECTING,Field_5,1,IDLE,,1,PROTECTING,Field_6,1,PROTECTING,Field_1,1,PROTECTING,Field_6,1,PROTECTING,Field_5,1,IDLE,,1,PROTECTING,Field_1,1,PROTECTING,Field_5,1,MOVING_TO_FIELD,Field_20,1,MOVING_TO_FIELD,Field_1,1,MOVING_TO_FIELD,Field_7,1,MOVING_TO_FIELD,Field_4,1,IDLE,,1,MOVING_TO_FIELD,Field_20,1,MOVING_TO_FIELD,Field_8,1,MOVING_TO_FIELD,Field_1,1,MOVING_TO_FIELD,Field_1,1,PROTECTING,Field_5,1,MOVING_TO_FIELD,Field_20,1,PROTECTING,Field_6,1,MOVING_TO_FIELD,Field_5,1,PROTECTING,Field_4,1,MOVING_TO_FIELD,Field_20,1,PROTECTING,Field_1,1,MOVING_TO_FIELD,Field_5,1,MOVING_TO_FIELD,Field_7,1,MOVING_TO_FIELD,Field_4,1,PROTECTING,Field_4,1,MOVING_TO_FIELD,Field_4,1,MOVING_TO_FIELD,Field_20,1,MOVING_TO_FIELD,Field_4,1,PROTECTING,Field_4,1,PROTECTING,Field_1,1,MOVING_TO_FIELD,Field_4,1,MOVING_TO_FIELD,Field_4,1,PROTECTING,Field_4,1,PROTECTING,Field_6,38,0.07,4,4,0,18,0.01,0,0,2,1,0.05,0,0,4,11,0.11,4,6,0,0,0.05,4,2,-2,25,0.20,4,0,0,2,0.07,0,2,3,9,0.07,0,1,2,0,0.03,0,0,3,10,0.13,0,0,6,32,0.22,0,0,4,16,0.09,0,0,1,13,0.04,0,0,2,40,0.24,0,0,6,55,0.24,0,0,6,30,0.15,0,0,2,31,0.16,0,0,2,45,0.17,0,0,1,0,0.00,0,0,2,0,0.02,0,6,3
108,378,3,0,16,0,21,0,1,MOVING_TO_FIELD,Field_20,1,MOVING_TO_FIELD,Field_1,1,PROTECTING,Field_5,1,IDLE,,1,PROTECTING,Field_6,1,PROTECTING,Field_1,1,PROTECTING,Field_6,1,PROTECTING,Field_5,1,IDLE,,1,PROTECTING,Field_1,1,PROTECTING,Field_5,1,MOVING_TO_FIELD,Field_20,1,MOVING_TO_FIELD,Field_1,1,MOVING_TO_FIELD,Field_7,1,MOVING_TO_FIELD,Field_4,1,IDLE,,1,MOVING_TO_FIELD,Field_20,1,MOVING_TO_FIELD,Field_8,1,MOVING_TO_FIELD,Field_1,1,MOVING_TO_FIELD,Field_1,1,PROTECTING,Field_5,1,MOVING_TO_FIELD,Field_20,1,PROTECTING,Field_6,1,MOVING_TO_FIELD,Field_5,1,PROTECTING,Field_4,1,MOVING_TO_FIELD,Field_20,1,PROTECTING,Field_1,1,MOVING_TO_FIELD,Field_5,1,MOVING_TO_FIELD,Field_7,1,MOVING_TO_FIELD,Field_4,1,PROTECTING,Field_4,1,MOVING_TO_FIELD,Field_4,1,MOVING_TO_FIELD,Field_20,1,MOVING_TO_FIELD,Field_4,1,PROTECTING,Field_4,1,PROTECTING,Field_1,1,MOVING_TO_FIELD,Field_4,1,MOVING_TO_FIELD,Field_4,1,PROTECTING,Field_4,1,PROTECTING,Field_6,38,0.08,4,4,0,18,0.02,0,0,2,1,0.05,0,0,4,11,0.13,4,6,0,0,0.02,4,2,-2,25,0.18,4,0,0,2,0.07,0,2,3,9,0.06,0,1,2,0,0.04,0,0,3,11,0.13,0,0,6,32,0.24,0,0,4,16,0.09,0,0,1,13,0.04,0,0,2,40,0.23,0,0,6,56,0.25,0,0,6,30,0.12,0,0,2,31,0.16,0,0,2,45,0.17,0,0,1,0,0.00,0,0,2,0,0.02,0,6,3
109,379,3,0,16,0,21,0,1,MOVING_TO_FIELD,Field_20,1,MOVING_TO_FIELD,Field_1,1,PROTECTING,Field_5,1,IDLE,,1,PROTECTING,Field_6,1,PROTECTING,Field_1,1,PROTECTING,Field_6,1,PROTECTING,Field_5,1,IDLE,,1,PROTECTING,Field_1,1,PROTECTING,Field_5,1,MOVING_TO_FIELD,Field_20,1,MOVING_TO_FIELD,Field_1,1,MOVING_TO_FIELD,Field_7,1,MOVING_TO_FIELD,Field_4,1,IDLE,,1,MOVING_TO_FIELD,Field_20,1,MOVING_TO_FIELD,Field_8,1,MOVING_TO_FIELD,Field_1,1,MOVING_TO_FIELD,Field_1,1,PROTECTING,Field_5,1,MOVING_TO_FIELD,Field_20,1,PROTECTING,Field_6,1,MOVING_TO_FIELD,Field_5,1,PROTECTING,Field_4,1,MOVING_TO_FIELD,Field_20,1,PROTECTING,Field_1,1,MOVING_TO_FIELD,Field_5,1,MOVING_TO_FIELD,Field_7,1,MOVING_TO_FIELD,Field_4,1,PROTECTING,Field_4,1,MOVING_TO_FIELD,Field_4,1,MOVING_TO_FIELD,Field_20,1,MOVING_TO_FIELD,Field_4,1,PROTECTING,Field_4,1,PROTECTING,Field_1,1,MOVING_TO_FIELD,Field_4,1,MOVING_TO_FIELD,Field_4,1,PROTECTING,Field_4,1,PROTECTING,Field_6,38,0.08,4,4,0,18,0.02,0,0,2,1,0.06,0,0,4,11,0.13,4,6,0,0,0.04,4,2,-2,25,0.18,4,0,0,2,0.07,0,2,3,9,0.06,0,1,2,0,0.06,0,0,3,11,0.14,0,0,6,32,0.24,0,0,4,16,0.09,0,0,1,13,0.02,0,0,2,40,0.23,0,0,6,56,0.25,0,0,6,30,0.12,0,0,2,31,0.16,0,0,2,46,0.17,0,0,1,0,0.00,0,0,2,0,0.02,0,6,3
110,382,3,0,16,0,21,0,1,MOVING_TO_FIELD,Field_20,1,MOVING_TO_FIELD,Field_1,1,PROTECTING,Field_5,1,IDLE,,1,PROTECTING,Field_6,1,PROTECTING,Field_1,1,PROTECTING,Field_6,1,PROTECTING,Field_5,1,IDLE,,1,PROTECTING,Field_1,1,PROTECTING,Field_5,1,MOVING_TO_FIELD,Field_20,1,MOVING_TO_FIELD,Field_1,1,MOVING_TO_FIELD,Field_7,1,MOVING_TO_FIELD,Field_4,1,IDLE,,1,MOVING_TO_FIELD,Field_20,1,MOVING_TO_FIELD,Field_8,1,MOVING_TO_FIELD,Field_1,1,MOVING_TO_FIELD,Field_1,1,PROTECTING,Field_5,1,MOVING_TO_FIELD,Field_20,1,PROTECTING,Field_6,1,MOVING_TO_FIELD,Field_5,1,PROTECTING,Field_4,1,MOVING_TO_FIELD,Field_20,1,PROTECTING,Field_1,1,MOVING_TO_FIELD,Field_5,1,MOVING_TO_FIELD,Field_7,1,MOVING_TO_FIELD,Field_4,1,PROTECTING,Field_4,1,MOVING_TO_FIELD,Field_4,1,MOVING_TO_FIELD,Field_20,1,MOVING_TO_FIELD,Field_4,1,PROTECTING,Field_4,1,PROTECTING,Field_1,1,MOVING_TO_FIELD,Field_4,1,MOVING_TO_FIELD,Field_4,1,PROTECTING,Field_4,1,PROTECTING,Field_6,38,0.06,4,4,0,18,0.02,0,0,2,1,0.05,0,0,4,11,0.13,4,6,0,0,0.04,4,2,-2,25,0.18,4,0,0,2,0.07,0,2,3,9,0.06,0,1,2,0,0.07,0,0,3,12,0.14,0,0,6,32,0.24,0,0,4,16,0.09,0,0,1,13,0.02,0,0,2,40,0.24,0,0,6,57,0.25,0,0,6,31,0.11,0,0,2,31,0.18,0,0,2,46,0.13,0,0,1,0,0.00,0,0,2,0,0.02,0,6,3
111,383,0,0,16,0,24,0,1,MOVING_TO_FIELD,Field_1,1,MOVING_TO_FIELD,Field_5,1,PROTECTING,Field_5,1,MOVING_TO_FIELD,Field_20,1,PROTECTING,Field_6,1,PROTECTING,Field_1,1,PROTECTING,Field_6,1,PROTECTING,Field_5,1,MOVING_TO_FIELD,Field_4,1,PROTECTING,Field_1,1,PROTECTING,Field_5,1,MOVING_TO_FIELD,Field_1,1,MOVING_TO_FIELD,Field_5,1,MOVING_TO_FIELD,Field_7,1,MOVING_TO_FIELD,Field_5,1,MOVING_TO_FIELD,Field_1,1,MOVING_TO_FIELD,Field_20,1,MOVING_TO_FIELD,Field_4,1,MOVING_TO_FIELD,Field_5,1,MOVING_TO_FIELD,Field_5,1,PROTECTING,Field_5,1,MOVING_TO_FIELD,Field_20,1,PROTECTING,Field_6,1,MOVING_TO_FIELD,Field_20,1,PROTECTING,Field_4,1,MOVING_TO_FIELD,Field_20,1,PROTECTING,Field_1,1,MOVING_TO_FIELD,Field_1,1,MOVING_TO_FIELD,Field_20,1,MOVING_TO_FIELD,Field_7,1,PROTECTING,Field_4,1,MOVING_TO_FIELD,Field_4,1,MOVING_TO_FIELD,Field_5,1,MOVING_TO_FIELD,Field_4,1,PROTECTING,Field_4,1,PROTECTING,Field_1,1,MOVING_TO_FIELD,Field_4,1,MOVING_TO_FIELD,Field_4,1,PROTECTING,Field_4,1,PROTECTING,Field_6,38,0.06,4,4,0,18,0.02,0,0,2,1,0.06,0,0,4,11,0.13,4,6,0,0,0.04,4,6,-2,25,0.18,4,0,0,2,0.07,0,2,3,9,0.06,0,0,2,0,0.07,0,0,3,12,0.17,0,0,6,32,0.24,0,0,4,16,0.09,0,0,1,13,0.02,0,0,2,40,0.27,0,0,6,57,0.24,0,0,6,32,0.11,0,0,2,31,0.16,0,0,2,46,0.13,0,0,1,0,0.00,0,0,2,0,0.02,0,6,3
112,388,0,0,17,0,23,0,1,MOVING_TO_FIELD,Field_1,1,MOVING_TO_FIELD,Field_5,1,PROTECTING,Field_5,1,MOVING_TO_FIELD,Field_20,1,PROTECTING,Field_6,1,PROTECTING,Field_1,1,PROTECTING,Field_6,1,PROTECTING,Field_5,1,MOVING_TO_FIELD,Field_4,1,PROTECTING,Field_1,1,PROTECTING,Field_5,1,MOVING_TO_FIELD,Field_1,1,MOVING_TO_FIELD,Field_5,1,MOVING_TO_FIELD,Field_7,1,MOVING_TO_FIELD,Field_5,1,MOVING_TO_FIELD,Field_1,1,MOVING_TO_FIELD,Field_20,1,MOVING_TO_FIELD,Field_4,1,MOVING_TO_FIELD,Field_5,1,MOVING_TO_FIELD,Field_5,1,PROTECTING,Field_5,1,MOVING_TO_FIELD,Field_20,1,PROTECTING,Field_6,1,MOVING_TO_FIELD,Field_20,1,PROTECTING,Field_4,1,MOVING_TO_FIELD,Field_20,1,PROTECTING,Field_1,1,MOVING_TO_FIELD,Field_1,1,MOVING_TO_FIELD,Field_20,1,MOVING_TO_FIELD,Field_7,1,PROTECTING,Field_4,1,MOVING_TO_FIELD,Field_4,1,MOVING_TO_FIELD,Field_5,1,MOVING_TO_FIELD,Field_4,1,PROTECTING,Field_4,1,PROTECTING,Field_1,1,PROTECTING,Field_4,1,MOVING_TO_FIELD,Field_4,1,PROTECTING,Field_4,1,PROTECTING,Field_6,38,0.05,4,4,0,18,0.03,0,0,2,1,0.07,0,0,4,11,0.12,5,5,-1,0,0.04,4,6,-2,25,0.16,4,0,0,2,0.08,0,2,3,9,0.06,0,0,2,0,0.07,0,0,3,13,0.16,0,0,6,32,0.25,0,0,4,17,0.09,0,0,1,13,0.02,0,0,2,40,0.27,0,0,6,59,0.24,0,0,6,33,0.10,0,0,2,31,0.18,0,0,2,46,0.13,0,0,1,0,0.00,0,0,2,0,0.02,0,6,3
113,389,0,0,17,0,23,0,1,MOVING_TO_FIELD,Field_1,1,MOVING_TO_FIELD,Field_5,1,PROTECTING,Field_5,1,MOVING_TO_FIELD,Field_20,1,PROTECTING,Field_6,1,PROTECTING,Field_1,1,PROTECTING,Field_6,1,PROTECTING,Field_5,1,MOVING_TO_FIELD,Field_4,1,PROTECTING,Field_1,1,PROTECTING,Field_5,1,MOVING_TO_FIELD,Field_1,1,MOVING_TO_FIELD,Field_5,1,MOVING_TO_FIELD,Field_7,1,MOVING_TO_FIELD,Field_5,1,MOVING_TO_FIELD,Field_1,1,MOVING_TO_FIELD,Field_20,1,MOVING_TO_FIELD,Field_4,1,MOVING_TO_FIELD,Field_5,1,MOVING_TO_FIELD,Field_5,1,PROTECTING,Field_5,1,MOVING_TO_FIELD,Field_20,1,PROTECTING,Field_6,1,MOVING_TO_FIELD,Field_20,1,PROTECTING,Field_4,1,MOVING_TO_FIELD,Field_20,1,PROTECTING,Field_1,1,MOVING_TO_FIELD,Field_1,1,MOVING_TO_FIELD,Field_20,1,MOVING_TO_FIELD,Field_7,1,PROTECTING,Field_4,1,MOVING_TO_FIELD,Field_4,1,MOVING_TO_FIELD,Field_5,1,MOVING_TO_FIELD,Field_4,1,PROTECTING,Field_4,1,PROTECTING,Field_1,1,PROTECTING,Field_4,1,MOVING_TO_FIELD,Field_4,1,PROTECTING,Field_4,1,PROTECTING,Field_6,38,0.05,4,4,0,18,0.03,0,0,2,1,0.09,0,0,4,11,0.13,5,5,-1,0,0.02,4,6,-2,25,0.16,4,0,0,2,0.08,0,2,3,9,0.06,0,0,2,0,0.07,0,0,3,13,0.14,0,0,6,32,0.25,0,0,4,17,0.09,0,0,1,13,0.02,0,0,2,40,0.23,0,0,6,59,0.23,0,0,6,33,0.09,0,0,2,31,0.20,0,0,2,47,0.11,0,0,1,0,0.00,0,0,2,0,0.02,0,6,3
114,390,0,0,18,0,22,0,1,MOVING_TO_FIELD,Field_1,1,MOVING_TO_FIELD,Field_5,1,PROTECTING,Field_5,1,MOVING_TO_FIELD,Field_20,1,PROTECTING,Field_6,1,PROTECTING,Field_1,1,PROTECTING,Field_6,1,PROTECTING,Field_5,1,MOVING_TO_FIELD,Field_4,1,PROTECTING,Field_1,1,PROTECTING,Field_5,1,MOVING_TO_FIELD,Field_1,1,MOVING_TO_FIELD,Field_5,1,MOVING_TO_FIELD,Field_7,1,MOVING_TO_FIELD,Field_5,1,MOVING_TO_FIELD,Field_1,1,MOVING_TO_FIELD,Field_20,1,MOVING_TO_FIELD,Field_4,1,MOVING_TO_FIELD,Field_5,1,MOVING_TO_FIELD,Field_5,1,PROTECTING,Field_5,1,MOVING_TO_FIELD,Field_20,1,PROTECTING,Field_6,1,MOVING_TO_FIELD,Field_20,1,PROTECTING,Field_4,1,MOVING_TO_FIELD,Field_20,1,PROTECTING,Field_1,1,MOVING_TO_FIELD,Field_1,1,MOVING_TO_FIELD,Field_20,1,MOVING_TO_FIELD,Field_7,1,PROTECTING,Field_4,1,MOVING_TO_FIELD,Field_4,1,MOVING_TO_FIELD,Field_5,1,PROTECTING,Field_4,1,PROTECTING,Field_4,1,PROTECTING,Field_1,1,PROTECTING,Field_4,1,MOVING_TO_FIELD,Field_4,1,PROTECTING,Field_4,1,PROTECTING,Field_6,38,0.03,4,4,0,18,0.03,0,0,2,1,0.09,0,0,4,11,0.11,6,4,-2,0,0.02,4,6,-2,25,0.16,4,0,0,2,0.09,0,2,3,9,0.06,0,0,2,0,0.06,0,0,3,14,0.14,0,0,6,32,0.25,0,0,4,17,0.09,0,0,1,13,0.02,0,0,2,40,0.25,0,0,6,59,0.23,0,0,6,33,0.07,0,0,2,31,0.18,0,0,2,47,0.13,0,0,1,0,0.00,0,0,2,0,0.02,0,6,3
115,393,0,0,18,0,22,0,1,MOVING_TO_FIELD,Field_1,1,MOVING_TO_FIELD,Field_5,1,PROTECTING,Field_5,1,MOVING_TO_FIELD,Field_20,1,PROTECTING,Field_6,1,PROTECTING,Field_1,1,PROTECTING,Field_6,1,PROTECTING,Field_5,1,MOVING_TO_FIELD,Field_4,1,PROTECTING,Field_1,1,PROTECTING,Field_5,1,MOVING_TO_FIELD,Field_1,1,MOVING_TO_FIELD,Field_5,1,MOVING_TO_FIELD,Field_7,1,MOVING_TO_FIELD,Field_5,1,MOVING_TO_FIELD,Field_1,1,MOVING_TO_FIELD,Field_20,1,MOVING_TO_FIELD,Field_4,1,MOVING_TO_FIELD,Field_5,1,MOVING_TO_FIELD,Field_5,1,PROTECTING,Field_5,1,MOVING_TO_FIELD,Field_20,1,PROTECTING,Field_6,1,MOVING_TO_FIELD,Field_20,1,PROTECTING,Field_4,1,MOVING_TO_FIELD,Field_20,1,PROTECTING,Field_1,1,MOVING_TO_FIELD,Field_1,1,MOVING_TO_FIELD,Field_20,1,MOVING_TO_FIELD,Field_7,1,PROTECTING,Field_4,1,MOVING_TO_FIELD,Field_4,1,MOVING_TO_FIELD,Field_5,1,PROTECTING,Field_4,1,PROTECTING,Field_4,1,PROTECTING,Field_1,1,PROTECTING,Field_4,1,MOVING_TO_FIELD,Field_4,1,PROTECTING,Field_4,1,PROTECTING,Field_6,38,0.02,4,4,0,18,0.03,0,0,2,1,0.10,0,0,4,11,0.10,6,4,-2,0,0.02,4,6,-2,25,0.17,4,0,0,2,0.07,0,2,3,9,0.07,0,0,2,0,0.06,0,0,3,14,0.13,0,0,6,33,0.26,0,0,4,17,0.09,0,0,1,13,0.02,0,0,2,40,0.25,0,0,6,60,0.23,0,0,6,34,0.07,0,0,2,31,0.18,0,0,2,47,0.15,0,0,1,0,0.00,0,0,2,0,0.02,0,6,3
116,396,0,0,18,0,22,0,1,MOVING_TO_FIELD,Field_1,1,MOVING_TO_FIELD,Field_5,1,PROTECTING,Field_5,1,MOVING_TO_FIELD,Field_20,1,PROTECTING,Field_6,1,PROTECTING,Field_1,1,PROTECTING,Field_6,1,PROTECTING,Field_5,1,MOVING_TO_FIELD,Field_4,1,PROTECTING,Field_1,1,PROTECTING,Field_5,1,MOVING_TO_FIELD,Field_1,1,MOVING_TO_FIELD,Field_5,1,MOVING_TO_FIELD,Field_7,1,MOVING_TO_FIELD,Field_5,1,MOVING_TO_FIELD,Field_1,1,MOVING_TO_FIELD,Field_20,1,MOVING_TO_FIELD,Field_4,1,MOVING_TO_FIELD,Field_5,1,MOVING_TO_FIELD,Field_5,1,PROTECTING,Field_5,1,MOVING_TO_FIELD,Field_20,1,PROTECTING,Field_6,1,MOVING_TO_FIELD,Field_20,1,PROTECTING,Field_4,1,MOVING_TO_FIELD,Field_20,1,PROTECTING,Field_1,1,MOVING_TO_FIELD,Field_1,1,MOVING_TO_FIELD,Field_20,1,MOVING_TO_FIELD,Field_7,1,PROTECTING,Field_4,1,MOVING_TO_FIELD,Field_4,1,MOVING_TO_FIELD,Field_5,1,PROTECTING,Field_4,1,PROTECTING,Field_4,1,PROTECTING,Field_1,1,PROTECTING,Field_4,1,MOVING_TO_FIELD,Field_4,1,PROTECTING,Field_4,1,PROTECTING,Field_6,38,0.03,4,4,0,18,0.02,0,0,2,1,0.09,0,0,4,11,0.10,6,4,-2,0,0.02,4,6,-2,25,0.17,4,0,0,2,0.07,0,2,3,9,0.06,0,0,2,0,0.06,0,0,3,14,0.13,0,0,6,33,0.26,0,0,4,17,0.09,0,0,1,13,0.02,0,0,2,41,0.25,0,0,6,62,0.23,0,0,6,34,0.09,0,0,2,31,0.16,0,0,2,47,0.15,0,0,1,0,0.00,0,0,2,0,0.02,0,6,3
117,401,0,0,21,0,19,0,1,MOVING_TO_FIELD,Field_1,1,MOVING_TO_FIELD,Field_5,1,PROTECTING,Field_5,1,MOVING_TO_FIELD,Field_20,1,PROTECTING,Field_6,1,PROTECTING,Field_1,1,PROTECTING,Field_6,1,PROTECTING,Field_5,1,MOVING_TO_FIELD,Field_4,1,PROTECTING,Field_1,1,PROTECTING,Field_5,1,MOVING_TO_FIELD,Field_1,1,MOVING_TO_FIELD,Field_5,1,PROTECTING,Field_7,1,MOVING_TO_FIELD,Field_5,1,MOVING_TO_FIELD,Field_1,1,PROTECTING,Field_20,1,MOVING_TO_FIELD,Field_4,1,MOVING_TO_FIELD,Field_5,1,MOVING_TO_FIELD,Field_5,1,PROTECTING,Field_5,1,PROTECTING,Field_20,1,PROTECTING,Field_6,1,MOVING_TO_FIELD,Field_20,1,PROTECTING,Field_4,1,MOVING_TO_FIELD,Field_20,1,PROTECTING,Field_1,1,MOVING_TO_FIELD,Field_1,1,MOVING_TO_FIELD,Field_20,1,MOVING_TO_FIELD,Field_7,1,PROTECTING,Field_4,1,MOVING_TO_FIELD,Field_4,1,MOVING_TO_FIELD,Field_5,1,PROTECTING,Field_4,1,PROTECTING,Field_4,1,PROTECTING,Field_1,1,PROTECTING,Field_4,1,MOVING_TO_FIELD,Field_4,1,PROTECTING,Field_4,1,PROTECTING,Field_6,38,0.04,4,4,0,18,0.02,0,0,2,1,0.08,0,0,4,11,0.10,6,4,-2,0,0.02,4,6,-2,25,0.16,4,0,0,2,0.06,1,1,2,9,0.06,0,0,2,0,0.06,0,0,3,14,0.13,0,0,6,35,0.26,0,0,4,17,0.09,0,0,1,13,0.02,0,0,2,41,0.25,0,0,6,63,0.23,0,0,6,34,0.07,0,0,2,31,0.18,0,0,2,49,0.15,0,0,1,0,0.00,0,0,2,0,0.02,2,4,1
118,402,0,0,21,0,19,0,1,MOVING_TO_FIELD,Field_1,1,MOVING_TO_FIELD,Field_5,1,PROTECTING,Field_5,1,MOVING_TO_FIELD,Field_20,1,PROTECTING,Field_6,1,PROTECTING,Field_1,1,PROTECTING,Field_6,1,PROTECTING,Field_5,1,MOVING_TO_FIELD,Field_4,1,PROTECTING,Field_1,1,PROTECTING,Field_5,1,MOVING_TO_FIELD,Field_1,1,MOVING_TO_FIELD,Field_5,1,PROTECTING,Field_7,1,MOVING_TO_FIELD,Field_5,1,MOVING_TO_FIELD,Field_1,1,PROTECTING,Field_20,1,MOVING_TO_FIELD,Field_4,1,MOVING_TO_FIELD,Field_5,1,MOVING_TO_FIELD,Field_5,1,PROTECTING,Field_5,1,PROTECTING,Field_20,1,PROTECTING,Field_6,1,MOVING_TO_FIELD,Field_20,1,PROTECTING,Field_4,1,MOVING_TO_FIELD,Field_20,1,PROTECTING,Field_1,1,MOVING_TO_FIELD,Field_1,1,MOVING_TO_FIELD,Field_20,1,MOVING_TO_FIELD,Field_7,1,PROTECTING,Field_4,1,MOVING_TO_FIELD,Field_4,1,MOVING_TO_FIELD,Field_5,1,PROTECTING,Field_4,1,PROTECTING,Field_4,1,PROTECTING,Field_1,1,PROTECTING,Field_4,1,MOVING_TO_FIELD,Field_4,1,PROTECTING,Field_4,1,PROTECTING,Field_6,38,0.04,4,4,0,18,0.02,0,0,2,1,0.07,0,0,4,11,0.10,6,4,-2,0,0.02,4,6,-2,25,0.15,4,0,0,2,0.06,1,1,2,9,0.06,0,0,2,0,0.07,0,0,3,14,0.14,0,0,6,35,0.26,0,0,4,17,0.09,0,0,1,13,0.02,0,0,2,41,0.25,0,0,6,63,0.23,0,0,6,34,0.09,0,0,2,31,0.20,0,0,2,50,0.15,0,0,1,0,0.02,0,0,2,0,0.02,2,4,1
119,405,0,0,22,0,18,0,1,MOVING_TO_FIELD,Field_1,1,MOVING_TO_FIELD,Field_5,1,PROTECTING,Field_5,1,MOVING_TO_FIELD,Field_20,1,PROTECTING,Field_6,1,PROTECTING,Field_1,1,PROTECTING,Field_6,1,PROTECTING,Field_5,1,MOVING_TO_FIELD,Field_4,1,PROTECTING,Field_1,1,PROTECTING,Field_5,1,MOVING_TO_FIELD,Field_1,1,MOVING_TO_FIELD,Field_5,1,PROTECTING,Field_7,1,MOVING_TO_FIELD,Field_5,1,MOVING_TO_FIELD,Field_1,1,PROTECTING,Field_20,1,PROTECTING,Field_4,1,MOVING_TO_FIELD,Field_5,1,MOVING_TO_FIELD,Field_5,1,PROTECTING,Field_5,1,PROTECTING,Field_20,1,PROTECTING,Field_6,1,MOVING_TO_FIELD,Field_20,1,PROTECTING,Field_4,1,MOVING_TO_FIELD,Field_20,1,PROTECTING,Field_1,1,MOVING_TO_FIELD,Field_1,1,MOVING_TO_FIELD,Field_20,1,MOVING_TO_FIELD,Field_7,1,PROTECTING,Field_4,1,MOVING_TO_FIELD,Field_4,1,MOVING_TO_FIELD,Field_5,1,PROTECTING,Field_4,1,PROTECTING,Field_4,1,PROTECTING,Field_1,1,PROTECTING,Field_4,1,MOVING_TO_FIELD,Field_4,1,PROTECTING,Field_4,1,PROTECTING,Field_6,38,0.03,4,4,0,18,0.02,0,0,2,1,0.08,0,0,4,11,0.10,7,3,-3,0,0.02,4,6,-2,25,0.15,4,0,0,2,0.06,1,1,2,9,0.06,0,0,2,0,0.07,0,0,3,14,0.14,0,0,6,35,0.26,0,0,4,17,0.06,0,0,1,13,0.05,0,0,2,42,0.28,0,0,6,65,0.23,0,0,6,34,0.09,0,0,2,31,0.18,0,0,2,50,0.13,0,0,1,0,0.02,0,0,2,0,0.02,2,4,1
120,407,0,0,23,0,17,0,1,MOVING_TO_FIELD,Field_1,1,MOVING_TO_FIELD,Field_5,1,PROTECTING,Field_5,1,MOVING_TO_FIELD,Field_20,1,PROTECTING,Field_6,1,PROTECTING,Field_1,1,PROTECTING,Field_6,1,PROTECTING,Field_5,1,MOVING_TO_FIELD,Field_4,1,PROTECTING,Field_1,1,PROTECTING,Field_5,1,MOVING_TO_FIELD,Field_1,1,MOVING_TO_FIELD,Field_5,1,PROTECTING,Field_7,1,MOVING_TO_FIELD,Field_5,1,MOVING_TO_FIELD,Field_1,1,PROTECTING,Field_20,1,PROTECTING,Field_4,1,MOVING_TO_FIELD,Field_5,1,PROTECTING,Field_5,1,PROTECTING,Field_5,1,PROTECTING,Field_20,1,PROTECTING,Field_6,1,MOVING_TO_FIELD,Field_20,1,PROTECTING,Field_4,1,MOVING_TO_FIELD,Field_20,1,PROTECTING,Field_1,1,MOVING_TO_FIELD,Field_1,1,MOVING_TO_FIELD,Field_20,1,MOVING_TO_FIELD,Field_7,1,PROTECTING,Field_4,1,MOVING_TO_FIELD,Field_4,1,MOVING_TO_FIELD,Field_5,1,PROTECTING,Field_4,1,PROTECTING,Field_4,1,PROTECTING,Field_1,1,PROTECTING,Field_4,1,MOVING_TO_FIELD,Field_4,1,PROTECTING,Field_4,1,PROTECTING,Field_6,38,0.03,4,4,0,18,0.02,0,0,2,1,0.09,0,0,4,11,0.09,7,3,-3,0,0.01,5,5,-3,25,0.12,4,0,0,2,0.06,1,1,2,9,0.04,0,0,2,0,0.07,0,0,3,15,0.14,0,0,6,35,0.26,0,0,4,17,0.03,0,0,1,13,0.05,0,0,2,42,0.28,0,0,6,65,0.23,0,0,6,34,0.09,0,0,2,31,0.18,0,0,2,51,0.17,0,0,1,0,0.02,0,0,2,0,0.02,2,4,1
121,411,1,0,21,0,18,0,1,MOVING_TO_FIELD,Field_1,1,MOVING_TO_FIELD,Field_5,1,PROTECTING,Field_5,1,MOVING_TO_FIELD,Field_1,1,PROTECTING,Field_6,1,PROTECTING,Field_1,1,PROTECTING,Field_6,1,PROTECTING,Field_5,1,PROTECTING,Field_4,1,PROTECTING,Field_1,1,PROTECTING,Field_5,1,MOVING_TO_FIELD,Field_1,1,MOVING_TO_FIELD,Field_5,1,IDLE,,1,MOVING_TO_FIELD,Field_4,1,MOVING_TO_FIELD,Field_5,1,MOVING_TO_FIELD,Field_7,1,PROTECTING,Field_4,1,MOVING_TO_FIELD,Field_5,1,PROTECTING,Field_5,1,PROTECTING,Field_5,1,MOVING_TO_FIELD,Field_8,1,PROTECTING,Field_6,1,MOVING_TO_FIELD,Field_1,1,PROTECTING,Field_4,1,MOVING_TO_FIELD,Field_5,1,PROTECTING,Field_1,1,MOVING_TO_FIELD,Field_4,1,MOVING_TO_FIELD,Field_7,1,MOVING_TO_FIELD,Field_4,1,PROTECTING,Field_4,1,MOVING_TO_FIELD,Field_4,1,MOVING_TO_FIELD,Field_5,1,PROTECTING,Field_4,1,PROTECTING,Field_4,1,PROTECTING,Field_1,1,PROTECTING,Field_4,1,MOVING_TO_FIELD,Field_4,1,PROTECTING,Field_4,1,PROTECTING,Field_6,38,0.03,4,4,0,18,0.02,0,0,2,1,0.10,0,0,4,11,0.10,8,5,-4,0,0.01,5,6,-3,25,0.10,4,0,0,2,0.07,0,2,3,9,0.04,0,1,2,1,0.08,0,0,3,15,0.14,0,0,6,36,0.26,0,0,4,17,0.03,0,0,1,13,0.05,0,0,2,42,0.28,0,0,6,65,0.23,0,0,6,35,0.09,0,0,2,32,0.16,0,0,2,51,0.15,0,0,1,0,0.02,0,0,2,0,0.02,0,0,3
122,414,1,0,21,0,18,0,1,MOVING_TO_FIELD,Field_1,1,MOVING_TO_FIELD,Field_5,1,PROTECTING,Field_5,1,MOVING_TO_FIELD,Field_1,1,PROTECTING,Field_6,1,PROTECTING,Field_1,1,PROTECTING,Field_6,1,PROTECTING,Field_5,1,PROTECTING,Field_4,1,PROTECTING,Field_1,1,PROTECTING,Field_5,1,MOVING_TO_FIELD,Field_1,1,MOVING_TO_FIELD,Field_5,1,IDLE,,1,MOVING_TO_FIELD,Field_4,1,MOVING_TO_FIELD,Field_5,1,MOVING_TO_FIELD,Field_7,1,PROTECTING,Field_4,1,MOVING_TO_FIELD,Field_5,1,PROTECTING,Field_5,1,PROTECTING,Field_5,1,MOVING_TO_FIELD,Field_8,1,PROTECTING,Field_6,1,MOVING_TO_FIELD,Field_1,1,PROTECTING,Field_4,1,MOVING_TO_FIELD,Field_5,1,PROTECTING,Field_1,1,MOVING_TO_FIELD,Field_4,1,MOVING_TO_FIELD,Field_7,1,MOVING_TO_FIELD,Field_4,1,PROTECTING,Field_4,1,MOVING_TO_FIELD,Field_4,1,MOVING_TO_FIELD,Field_5,1,PROTECTING,Field_4,1,PROTECTING,Field_4,1,PROTECTING,Field_1,1,PROTECTING,Field_4,1,MOVING_TO_FIELD,Field_4,1,PROTECTING,Field_4,1,PROTECTING,Field_6,38,0.03,4,4,0,18,0.02,0,0,2,1,0.10,0,0,4,11,0.11,8,5,-4,0,0.01,5,6,-3,25,0.08,4,0,0,2,0.07,0,2,3,9,0.04,0,1,2,1,0.09,0,0,3,15,0.14,0,0,6,38,0.28,0,0,4,17,0.03,0,0,1,13,0.05,0,0,2,42,0.28,0,0,6,65,0.23,0,0,6,35,0.09,0,0,2,33,0.18,0,0,2,51,0.15,0,0,1,0,0.02,0,0,2,0,0.02,0,0,3
123,417,1,0,24,0,15,0,1,MOVING_TO_FIELD,Field_1,1,PROTECTING,Field_5,1,PROTECTING,Field_5,1,MOVING_TO_FIELD,Field_1,1,PROTECTING,Field_6,1,PROTECTING,Field_1,1,PROTECTING,Field_6,1,PROTECTING,Field_5,1,PROTECTING,Field_4,1,PROTECTING,Field_1,1,PROTECTING,Field_5,1,MOVING_TO_FIELD,Field_1,1,MOVING_TO_FIELD,Field_5,1,IDLE,,1,MOVING_TO_FIELD,Field_4,1,MOVING_TO_FIELD,Field_5,1,MOVING_TO_FIELD,Field_7,1,PROTECTING,Field_4,1,PROTECTING,Field_5,1,PROTECTING,Field_5,1,PROTECTING,Field_5,1,MOVING_TO_FIELD,Field_8,1,PROTECTING,Field_6,1,MOVING_TO_FIELD,Field_1,1,PROTECTING,Field_4,1,MOVING_TO_FIELD,Field_5,1,PROTECTING,Field_1,1,MOVING_TO_FIELD,Field_4,1,MOVING_TO_FIELD,Field_7,1,MOVING_TO_FIELD,Field_4,1,PROTECTING,Field_4,1,PROTECTING,Field_4,1,MOVING_TO_FIELD,Field_5,1,PROTECTING,Field_4,1,PROTECTING,Field_4,1,PROTECTING,Field_1,1,PROTECTING,Field_4,1,MOVING_TO_FIELD,Field_4,1,PROTECTING,Field_4,1,PROTECTING,Field_6,38,0.03,4,4,0,18,0.02,0,0,2,1,0.09,0,0,4,11,0.10,9,4,-5,0,0.01,7,4,-5,25,0.08,4,0,0,2,0.08,0,2,3,9,0.04,0,1,2,1,0.09,0,0,3,15,0.14,0,0,6,39,0.26,0,0,4,17,0.06,0,0,1,13,0.05,0,0,2,43,0.27,0,0,6,66,0.22,0,0,6,35,0.09,0,0,2,33,0.18,0,0,2,51,0.15,0,0,1,0,0.02,0,0,2,0,0.02,0,0,3
124,418,1,0,25,0,14,0,1,MOVING_TO_FIELD,Field_1,1,PROTECTING,Field_5,1,PROTECTING,Field_5,1,MOVING_TO_FIELD,Field_1,1,PROTECTING,Field_6,1,PROTECTING,Field_1,1,PROTECTING,Field_6,1,PROTECTING,Field_5,1,PROTECTING,Field_4,1,PROTECTING,Field_1,1,PROTECTING,Field_5,1,MOVING_TO_FIELD,Field_1,1,MOVING_TO_FIELD,Field_5,1,IDLE,,1,MOVING_TO_FIELD,Field_4,1,MOVING_TO_FIELD,Field_5,1,MOVING_TO_FIELD,Field_7,1,PROTECTING,Field_4,1,PROTECTING,Field_5,1,PROTECTING,Field_5,1,PROTECTING,Field_5,1,MOVING_TO_FIELD,Field_8,1,PROTECTING,Field_6,1,MOVING_TO_FIELD,Field_1,1,PROTECTING,Field_4,1,PROTECTING,Field_5,1,PROTECTING,Field_1,1,MOVING_TO_FIELD,Field_4,1,MOVING_TO_FIELD,Field_7,1,MOVING_TO_FIELD,Field_4,1,PROTECTING,Field_4,1,PROTECTING,Field_4,1,MOVING_TO_FIELD,Field_5,1,PROTECTING,Field_4,1,PROTECTING,Field_4,1,PROTECTING,Field_1,1,PROTECTING,Field_4,1,MOVING_TO_FIELD,Field_4,1,PROTECTING,Field_4,1,PROTECTING,Field_6,38,0.03,4,4,0,18,0.02,0,0,2,1,0.09,0,0,4,11,0.09,9,4,-5,0,0.00,8,3,-6,25,0.09,4,0,0,2,0.08,0,2,3,9,0.04,0,1,2,1,0.10,0,0,3,15,0.14,0,0,6,39,0.26,0,0,4,17,0.06,0,0,1,13,0.05,0,0,2,44,0.27,0,0,6,66,0.22,0,0,6,35,0.09,0,0,2,33,0.18,0,0,2,51,0.15,0,0,1,0,0.03,0,0,2,0,0.02,0,0,3
125,421,1,0,26,0,13,0,1,MOVING_TO_FIELD,Field_1,1,PROTECTING,Field_5,1,PROTECTING,Field_5,1,MOVING_TO_FIELD,Field_1,1,PROTECTING,Field_6,1,PROTECTING,Field_1,1,PROTECTING,Field_6,1,PROTECTING,Field_5,1,PROTECTING,Field_4,1,PROTECTING,Field_1,1,PROTECTING,Field_5,1,MOVING_TO_FIELD,Field_1,1,PROTECTING,Field_5,1,IDLE,,1,MOVING_TO_FIELD,Field_4,1,MOVING_TO_FIELD,Field_5,1,MOVING_TO_FIELD,Field_7,1,PROTECTING,Field_4,1,PROTECTING,Field_5,1,PROTECTING,Field_5,1,PROTECTING,Field_5,1,MOVING_TO_FIELD,Field_8,1,PROTECTING,Field_6,1,MOVING_TO_FIELD,Field_1,1,PROTECTING,Field_4,1,PROTECTING,Field_5,1,PROTECTING,Field_1,1,MOVING_TO_FIELD,Field_4,1,MOVING_TO_FIELD,Field_7,1,MOVING_TO_FIELD,Field_4,1,PROTECTING,Field_4,1,PROTECTING,Field_4,1,MOVING_TO_FIELD,Field_5,1,PROTECTING,Field_4,1,PROTECTING,Field_4,1,PROTECTING,Field_1,1,PROTECTING,Field_4,1,MOVING_TO_FIELD,Field_4,1,PROTECTING,Field_4,1,PROTECTING,Field_6,38,0.03,4,4,0,18,0.02,0,0,2,1,0.09,0,0,4,11,0.09,9,4,-5,0,0.00,9,2,-7,25,0.10,4,0,0,2,0.08,0,2,3,9,0.04,0,1,2,1,0.10,0,0,3,16,0.15,0,0,6,39,0.25,0,0,4,17,0.06,0,0,1,13,0.05,0,0,2,44,0.28,0,0,6,66,0.22,0,0,6,35,0.07,0,0,2,34,0.18,0,0,2,52,0.15,0,0,1,0,0.03,0,0,2,0,0.04,0,0,3
126,423,1,0,27,0,12,0,1,MOVING_TO_FIELD,Field_1,1,PROTECTING,Field_5,1,PROTECTING,Field_5,1,MOVING_TO_FIELD,Field_1,1,PROTECTING,Field_6,1,PROTECTING,Field_1,1,PROTECTING,Field_6,1,PROTECTING,Field_5,1,PROTECTING,Field_4,1,PROTECTING,Field_1,1,PROTECTING,Field_5,1,MOVING_TO_FIELD,Field_1,1,PROTECTING,Field_5,1,IDLE,,1,MOVING_TO_FIELD,Field_4,1,MOVING_TO_FIELD,Field_5,1,MOVING_TO_FIELD,Field_7,1,PROTECTING,Field_4,1,PROTECTING,Field_5,1,PROTECTING,Field_5,1,PROTECTING,Field_5,1,MOVING_TO_FIELD,Field_8,1,PROTECTING,Field_6,1,MOVING_TO_FIELD,Field_1,1,PROTECTING,Field_4,1,PROTECTING,Field_5,1,PROTECTING,Field_1,1,MOVING_TO_FIELD,Field_4,1,MOVING_TO_FIELD,Field_7,1,MOVING_TO_FIELD,Field_4,1,PROTECTING,Field_4,1,PROTECTING,Field_4,1,PROTECTING,Field_5,1,PROTECTING,Field_4,1,PROTECTING,Field_4,1,PROTECTING,Field_1,1,PROTECTING,Field_4,1,MOVING_TO_FIELD,Field_4,1,PROTECTING,Field_4,1,PROTECTING,Field_6,38,0.03,4,4,0,18,0.03,0,0,2,1,0.08,0,0,4,11,0.09,9,4,-5,0,0.00,10,1,-8,25,0.08,4,0,0,2,0.09,0,2,3,9,0.04,0,1,2,1,0.10,0,0,3,16,0.17,0,0,6,39,0.25,0,0,4,17,0.06,0,0,1,13,0.05,0,0,2,44,0.28,0,0,6,67,0.21,0,0,6,35,0.09,0,0,2,34,0.20,0,0,2,53,0.17,0,0,1,0,0.05,0,0,2,0,0.04,0,0,3
127,423,1,0,27,0,12,0,1,MOVING_TO_FIELD,Field_1,1,PROTECTING,Field_5,1,PROTECTING,Field_5,1,MOVING_TO_FIELD,Field_1,1,PROTECTING,Field_6,1,PROTECTING,Field_1,1,PROTECTING,Field_6,1,PROTECTING,Field_5,1,PROTECTING,Field_4,1,PROTECTING,Field_1,1,PROTECTING,Field_5,1,MOVING_TO_FIELD,Field_1,1,PROTECTING,Field_5,1,IDLE,,1,MOVING_TO_FIELD,Field_4,1,MOVING_TO_FIELD,Field_5,1,MOVING_TO_FIELD,Field_7,1,PROTECTING,Field_4,1,PROTECTING,Field_5,1,PROTECTING,Field_5,1,PROTECTING,Field_5,1,MOVING_TO_FIELD,Field_8,1,PROTECTING,Field_6,1,MOVING_TO_FIELD,Field_1,1,PROTECTING,Field_4,1,PROTECTING,Field_5,1,PROTECTING,Field_1,1,MOVING_TO_FIELD,Field_4,1,MOVING_TO_FIELD,Field_7,1,MOVING_TO_FIELD,Field_4,1,PROTECTING,Field_4,1,PROTECTING,Field_4,1,PROTECTING,Field_5,1,PROTECTING,Field_4,1,PROTECTING,Field_4,1,PROTECTING,Field_1,1,PROTECTING,Field_4,1,MOVING_TO_FIELD,Field_4,1,PROTECTING,Field_4,1,PROTECTING,Field_6,38,0.03,4,4,0,18,0.04,0,0,2,1,0.09,0,0,4,11,0.07,9,4,-5,0,0.00,10,1,-8,25,0.05,4,0,0,2,0.10,0,2,3,9,0.04,0,1,2,1,0.11,0,0,3,16,0.17,0,0,6,39,0.24,0,0,4,17,0.06,0,0,1,13,0.05,0,0,2,44,0.28,0,0,6,67,0.21,0,0,6,35,0.07,0,0,2,34,0.20,0,0,2,53,0.17,0,0,1,0,0.05,0,0,2,0,0.04,0,0,3
128,423,1,0,28,0,11,0,1,MOVING_TO_FIELD,Field_1,1,PROTECTING,Field_5,1,PROTECTING,Field_5,1,MOVING_TO_FIELD,Field_1,1,PROTECTING,Field_6,1,PROTECTING,Field_1,1,PROTECTING,Field_6,1,PROTECTING,Field_5,1,PROTECTING,Field_4,1,PROTECTING,Field_1,1,PROTECTING,Field_5,1,MOVING_TO_FIELD,Field_1,1,PROTECTING,Field_5,1,IDLE,,1,MOVING_TO_FIELD,Field_4,1,PROTECTING,Field_5,1,MOVING_TO_FIELD,Field_7,1,PROTECTING,Field_4,1,PROTECTING,Field_5,1,PROTECTING,Field_5,1,PROTECTING,Field_5,1,MOVING_TO_FIELD,Field_8,1,PROTECTING,Field_6,1,MOVING_TO_FIELD,Field_1,1,PROTECTING,Field_4,1,PROTECTING,Field_5,1,PROTECTING,Field_1,1,MOVING_TO_FIELD,Field_4,1,MOVING_TO_FIELD,Field_7,1,MOVING_TO_FIELD,Field_4,1,PROTECTING,Field_4,1,PROTECTING,Field_4,1,PROTECTING,Field_5,1,PROTECTING,Field_4,1,PROTECTING,Field_4,1,PROTECTING,Field_1,1,PROTECTING,Field_4,1,MOVING_TO_FIELD,Field_4,1,PROTECTING,Field_4,1,PROTECTING,Field_6,38,0.03,4,4,0,18,0.05,0,0,2,1,0.09,0,0,4,11,0.08,9,4,-5,0,0.00,11,0,-9,25,0.05,4,0,0,2,0.10,0,2,3,9,0.03,0,1,2,1,0.12,0,0,3,16,0.17,0,0,6,39,0.24,0,0,4,17,0.06,0,0,1,13,0.05,0,0,2,44,0.30,0,0,6,67,0.21,0,0,6,35,0.09,0,0,2,34,0.20,0,0,2,53,0.17,0,0,1,0,0.05,0,0,2,0,0.04,0,0,3
129,424,1,0,29,0,10,0,1,MOVING_TO_FIELD,Field_1,1,PROTECTING,Field_5,1,PROTECTING,Field_5,1,MOVING_TO_FIELD,Field_1,1,PROTECTING,Field_6,1,PROTECTING,Field_1,1,PROTECTING,Field_6,1,PROTECTING,Field_5,1,PROTECTING,Field_4,1,PROTECTING,Field_1,1,PROTECTING,Field_5,1,MOVING_TO_FIELD,Field_1,1,PROTECTING,Field_5,1,IDLE,,1,MOVING_TO_FIELD,Field_4,1,PROTECTING,Field_5,1,MOVING_TO_FIELD,Field_7,1,PROTECTING,Field_4,1,PROTECTING,Field_5,1,PROTECTING,Field_5,1,PROTECTING,Field_5,1,MOVING_TO_FIELD,Field_8,1,PROTECTING,Field_6,1,MOVING_TO_FIELD,Field_1,1,PROTECTING,Field_4,1,PROTECTING,Field_5,1,PROTECTING,Field_1,1,MOVING_TO_FIELD,Field_4,1,PROTECTING,Field_7,1,MOVING_TO_FIELD,Field_4,1,PROTECTING,Field_4,1,PROTECTING,Field_4,1,PROTECTING,Field_5,1,PROTECTING,Field_4,1,PROTECTING,Field_4,1,PROTECTING,Field_1,1,PROTECTING,Field_4,1,MOVING_TO_FIELD,Field_4,1,PROTECTING,Field_4,1,PROTECTING,Field_6,38,0.03,4,4,0,18,0.05,0,0,2,1,0.10,0,0,4,11,0.07,9,4,-5,0,0.00,11,0,-9,25,0.04,4,0,0,2,0.10,1,1,2,9,0.04,0,1,2,1,0.12,0,0,3,16,0.17,0,0,6,39,0.22,0,0,4,17,0.06,0,0,1,13,0.05,0,0,2,44,0.28,0,0,6,67,0.19,0,0,6,35,0.11,0,0,2,34,0.18,0,0,2,54,0.17,0,0,1,0,0.06,0,0,2,0,0.04,0,0,3
130,427,1,0,31,0,8,0,1,MOVING_TO_FIELD,Field_1,1,PROTECTING,Field_5,1,PROTECTING,Field_5,1,MOVING_TO_FIELD,Field_1,1,PROTECTING,Field_6,1,PROTECTING,Field_1,1,PROTECTING,Field_6,1,PROTECTING,Field_5,1,PROTECTING,Field_4,1,PROTECTING,Field_1,1,PROTECTING,Field_5,1,MOVING_TO_FIELD,Field_1,1,PROTECTING,Field_5,1,IDLE,,1,MOVING_TO_FIELD,Field_4,1,PROTECTING,Field_5,1,MOVING_TO_FIELD,Field_7,1,PROTECTING,Field_4,1,PROTECTING,Field_5,1,PROTECTING,Field_5,1,PROTECTING,Field_5,1,MOVING_TO_FIELD,Field_8,1,PROTECTING,Field_6,1,MOVING_TO_FIELD,Field_1,1,PROTECTING,Field_4,1,PROTECTING,Field_5,1,PROTECTING,Field_1,1,MOVING_TO_FIELD,Field_4,1,PROTECTING,Field_7,1,PROTECTING,Field_4,1,PROTECTING,Field_4,1,PROTECTING,Field_4,1,PROTECTING,Field_5,1,PROTECTING,Field_4,1,PROTECTING,Field_4,1,PROTECTING,Field_1,1,PROTECTING,Field_4,1,PROTECTING,Field_4,1,PROTECTING,Field_4,1,PROTECTING,Field_6,38,0.05,4,4,0,18,0.07,0,0,2,1,0.10,0,0,4,11,0.07,11,2,-7,0,0.01,11,0,-9,25,0.04,4,0,0,2,0.09,1,1,2,9,0.04,0,1,2,1,0.12,0,0,3,17,0.17,0,0,6,40,0.22,0,0,4,17,0.06,0,0,1,13,0.05,0,0,2,44,0.30,0,0,6,67,0.20,0,0,6,35,0.12,0,0,2,34,0.18,0,0,2,55,0.19,0,0,1,0,0.06,0,0,2,0,0.04,0,0,3
131,428,0,0,3,0,37,0,1,MOVING_TO_FIELD,Field_1,1,MOVING_TO_FIELD,Field_9,1,MOVING_TO_FIELD,Field_9,1,MOVING_TO_FIELD,Field_1,1,MOVING_TO_FIELD,Field_4,1,MOVING_TO_FIELD,Field_4,1,MOVING_TO_FIELD,Field_8,1,PROTECTING,Field_5,1,MOVING_TO_FIELD,Field_7,1,MOVING_TO_FIELD,Field_4,1,PROTECTING,Field_5,1,MOVING_TO_FIELD,Field_1,1,PROTECTING,Field_5,1,MOVING_TO_FIELD,Field_20,1,MOVING_TO_FIELD,Field_5,1,MOVING_TO_FIELD,Field_3,1,MOVING_TO_FIELD,Field_9,1,MOVING_TO_FIELD,Field_2,1,MOVING_TO_FIELD,Field_2,1,MOVING_TO_FIELD,Field_3,1,MOVING_TO_FIELD,Field_7,1,MOVING_TO_FIELD,Field_7,1,MOVING_TO_FIELD,Field_4,1,MOVING_TO_FIELD,Field_1,1,MOVING_TO_FIELD,Field_6,1,MOVING_TO_FIELD,Field_7,1,MOVING_TO_FIELD,Field_5,1,MOVING_TO_FIELD,Field_5,1,MOVING_TO_FIELD,Field_20,1,MOVING_TO_FIELD,Field_20,1,MOVING_TO_FIELD,Field_6,1,MOVING_TO_FIELD,Field_20,1,MOVING_TO_FIELD,Field_2,1,MOVING_TO_FIELD,Field_20,1,MOVING_TO_FIELD,Field_20,1,MOVING_TO_FIELD,Field_4,1,MOVING_TO_FIELD,Field_3,1,MOVING_TO_FIELD,Field_7,1,MOVING_TO_FIELD,Field_3,1,MOVING_TO_FIELD,Field_4,38,0.03,0,4,4,18,0.07,0,3,2,1,0.10,0,4,4,11,0.07,0,6,4,0,0.01,3,3,-1,25,0.04,0,2,4,2,0.08,0,5,3,9,0.06,0,1,2,1,0.13,0,3,3,17,0.16,0,0,6,41,0.22,0,0,4,17,0.06,0,0,1,13,0.05,0,0,2,44,0.31,0,0,6,67,0.20,0,0,6,35,0.14,0,0,2,34,0.18,0,0,2,55,0.19,0,0,1,0,0.05,0,0,2,0,0.04,0,6,3
132,431,0,0,3,0,37,0,1,MOVING_TO_FIELD,Field_1,1,MOVING_TO_FIELD,Field_9,1,MOVING_TO_FIELD,Field_9,1,MOVING_TO_FIELD,Field_1,1,MOVING_TO_FIELD,Field_4,1,MOVING_TO_FIELD,Field_4,1,MOVING_TO_FIELD,Field_8,1,PROTECTING,Field_5,1,MOVING_TO_FIELD,Field_7,1,MOVING_TO_FIELD,Field_4,1,PROTECTING,Field_5,1,MOVING_TO_FIELD,Field_1,1,PROTECTING,Field_5,1,MOVING_TO_FIELD,Field_20,1,MOVING_TO_FIELD,Field_5,1,MOVING_TO_FIELD,Field_3,1,MOVING_TO_FIELD,Field_9,1,MOVING_TO_FIELD,Field_2,1,MOVING_TO_FIELD,Field_2,1,MOVING_TO_FIELD,Field_3,1,MOVING_TO_FIELD,Field_7,1,MOVING_TO_FIELD,Field_7,1,MOVING_TO_FIELD,Field_4,1,MOVING_TO_FIELD,Field_1,1,MOVING_TO_FIELD,Field_6,1,MOVING_TO_FIELD,Field_7,1,MOVING_TO_FIELD,Field_5,1,MOVING_TO_FIELD,Field_5,1,MOVING_TO_FIELD,Field_20,1,MOVING_TO_FIELD,Field_20,1,MOVING_TO_FIELD,Field_6,1,MOVING_TO_FIELD,Field_20,1,MOVING_TO_FIELD,Field_2,1,MOVING_TO_FIELD,Field_20,1,MOVING_TO_FIELD,Field_20,1,MOVING_TO_FIELD,Field_4,1,MOVING_TO_FIELD,Field_3,1,MOVING_TO_FIELD,Field_7,1,MOVING_TO_FIELD,Field_3,1,MOVING_TO_FIELD,Field_4,38,0.03,0,4,4,18,0.07,0,3,2,1,0.11,0,4,4,11,0.07,0,6,4,0,0.01,3,3,-1,25,0.04,0,2,4,2,0.08,0,5,3,9,0.06,0,1,2,1,0.12,0,3,3,17,0.16,0,0,6,42,0.24,0,0,4,17,0.03,0,0,1,13,0.07,0,0,2,44,0.31,0,0,6,67,0.20,0,0,6,35,0.14,0,0,2,35,0.16,0,0,2,56,0.19,0,0,1,0,0.05,0,0,2,0,0.04,0,6,3
133,434,0,0,3,0,37,0,1,MOVING_TO_FIELD,Field_1,1,MOVING_TO_FIELD,Field_9,1,MOVING_TO_FIELD,Field_9,1,MOVING_TO_FIELD,Field_1,1,MOVING_TO_FIELD,Field_4,1,MOVING_TO_FIELD,Field_4,1,MOVING_TO_FIELD,Field_8,1,PROTECTING,Field_5,1,MOVING_TO_FIELD,Field_7,1,MOVING_TO_FIELD,Field_4,1,PROTECTING,Field_5,1,MOVING_TO_FIELD,Field_1,1,PROTECTING,Field_5,1,MOVING_TO_FIELD,Field_20,1,MOVING_TO_FIELD,Field_5,1,MOVING_TO_FIELD,Field_3,1,MOVING_TO_FIELD,Field_9,1,MOVING_TO_FIELD,Field_2,1,MOVING_TO_FIELD,Field_2,1,MOVING_TO_FIELD,Field_3,1,MOVING_TO_FIELD,Field_7,1,MOVING_TO_FIELD,Field_7,1,MOVING_TO_FIELD,Field_4,1,MOVING_TO_FIELD,Field_1,1,MOVING_TO_FIELD,Field_6,1,MOVING_TO_FIELD,Field_7,1,MOVING_TO_FIELD,Field_5,1,MOVING_TO_FIELD,Field_5,1,MOVING_TO_FIELD,Field_20,1,MOVING_TO_FIELD,Field_20,1,MOVING_TO_FIELD,Field_6,1,MOVING_TO_FIELD,Field_20,1,MOVING_TO_FIELD,Field_2,1,MOVING_TO_FIELD,Field_20,1,MOVING_TO_FIELD,Field_20,1,MOVING_TO_FIELD,Field_4,1,MOVING_TO_FIELD,Field_3,1,MOVING_TO_FIELD,Field_7,1,MOVING_TO_FIELD,Field_3,1,MOVING_TO_FIELD,Field_4,38,0.02,0,4,4,18,0.07,0,3,2,2,0.11,0,4,4,11,0.06,0,6,4,0,0.01,3,3,-1,25,0.03,0,2,4,2,0.08,0,5,3,9,0.06,0,1,2,1,0.13,0,3,3,17,0.15,0,0,6,42,0.24,0,0,4,17,0.03,0,0,1,13,0.07,0,0,2,44,0.30,0,0,6,68,0.22,0,0,6,35,0.14,0,0,2,35,0.18,0,0,2,57,0.19,0,0,1,0,0.05,0,0,2,0,0.04,0,6,3
134,436,0,0,3,0,37,0,1,MOVING_TO_FIELD,Field_1,1,MOVING_TO_FIELD,Field_9,1,MOVING_TO_FIELD,Field_9,1,MOVING_TO_FIELD,Field_1,1,MOVING_TO_FIELD,Field_4,1,MOVING_TO_FIELD,Field_4,1,MOVING_TO_FIELD,Field_8,1,PROTECTING,Field_5,1,MOVING_TO_FIELD,Field_7,1,MOVING_TO_FIELD,Field_4,1,PROTECTING,Field_5,1,MOVING_TO_FIELD,Field_1,1,PROTECTING,Field_5,1,MOVING_TO_FIELD,Field_20,1,MOVING_TO_FIELD,Field_5,1,MOVING_TO_FIELD,Field_3,1,MOVING_TO_FIELD,Field_9,1,MOVING_TO_FIELD,Field_2,1,MOVING_TO_FIELD,Field_2,1,MOVING_TO_FIELD,Field_3,1,MOVING_TO_FIELD,Field_7,1,MOVING_TO_FIELD,Field_7,1,MOVING_TO_FIELD,Field_4,1,MOVING_TO_FIELD,Field_1,1,MOVING_TO_FIELD,Field_6,1,MOVING_TO_FIELD,Field_7,1,MOVING_TO_FIELD,Field_5,1,MOVING_TO_FIELD,Field_5,1,MOVING_TO_FIELD,Field_20,1,MOVING_TO_FIELD,Field_20,1,MOVING_TO_FIELD,Field_6,1,MOVING_TO_FIELD,Field_20,1,MOVING_TO_FIELD,Field_2,1,MOVING_TO_FIELD,Field_20,1,MOVING_TO_FIELD,Field_20,1,MOVING_TO_FIELD,Field_4,1,MOVING_TO_FIELD,Field_3,1,MOVING_TO_FIELD,Field_7,1,MOVING_TO_FIELD,Field_3,1,MOVING_TO_FIELD,Field_4,38,0.03,0,4,4,18,0.07,0,3,2,2,0.11,0,4,4,11,0.04,0,6,4,0,0.01,3,3,-1,25,0.03,0,2,4,2,0.08,0,5,3,9,0.06,0,1,2,1,0.15,0,3,3,17,0.15,0,0,6,42,0.24,0,0,4,17,0.09,0,0,1,13,0.07,0,0,2,45,0.28,0,0,6,68,0.21,0,0,6,36,0.14,0,0,2,35,0.18,0,0,2,57,0.17,0,0,1,0,0.05,0,0,2,0,0.04,0,6,3
135,437,0,0,3,0,37,0,1,MOVING_TO_FIELD,Field_1,1,MOVING_TO_FIELD,Field_9,1,MOVING_TO_FIELD,Field_9,1,MOVING_TO_FIELD,Field_1,1,MOVING_TO_FIELD,Field_4,1,MOVING_TO_FIELD,Field_4,1,MOVING_TO_FIELD,Field_8,1,PROTECTING,Field_5,1,MOVING_TO_FIELD,Field_7,1,MOVING_TO_FIELD,Field_4,1,PROTECTING,Field_5,1,MOVING_TO_FIELD,Field_1,1,PROTECTING,Field_5,1,MOVING_TO_FIELD,Field_20,1,MOVING_TO_FIELD,Field_5,1,MOVING_TO_FIELD,Field_3,1,MOVING_TO_FIELD,Field_9,1,MOVING_TO_FIELD,Field_2,1,MOVING_TO_FIELD,Field_2,1,MOVING_TO_FIELD,Field_3,1,MOVING_TO_FIELD,Field_7,1,MOVING_TO_FIELD,Field_7,1,MOVING_TO_FIELD,Field_4,1,MOVING_TO_FIELD,Field_1,1,MOVING_TO_FIELD,Field_6,1,MOVING_TO_FIELD,Field_7,1,MOVING_TO_FIELD,Field_5,1,MOVING_TO_FIELD,Field_5,1,MOVING_TO_FIELD,Field_20,1,MOVING_TO_FIELD,Field_20,1,MOVING_TO_FIELD,Field_6,1,MOVING_TO_FIELD,Field_20,1,MOVING_TO_FIELD,Field_2,1,MOVING_TO_FIELD,Field_20,1,MOVING_TO_FIELD,Field_20,1,MOVING_TO_FIELD,Field_4,1,MOVING_TO_FIELD,Field_3,1,MOVING_TO_FIELD,Field_7,1,MOVING_TO_FIELD,Field_3,1,MOVING_TO_FIELD,Field_4,38,0.02,0,4,4,18,0.07,0,3,2,2,0.11,0,4,4,11,0.04,0,6,4,0,0.01,3,3,-1,25,0.03,0,2,4,2,0.08,0,5,3,9,0.06,0,1,2,1,0.13,0,3,3,17,0.14,0,0,6,42,0.24,0,0,4,17,0.09,0,0,1,13,0.07,0,0,2,45,0.27,0,0,6,68,0.21,0,0,6,36,0.12,0,0,2,35,0.18,0,0,2,58,0.15,0,0,1,0,0.05,0,0,2,0,0.04,0,6,3
136,440,0,0,3,0,37,0,1,MOVING_TO_FIELD,Field_1,1,MOVING_TO_FIELD,Field_9,1,MOVING_TO_FIELD,Field_9,1,MOVING_TO_FIELD,Field_1,1,MOVING_TO_FIELD,Field_4,1,MOVING_TO_FIELD,Field_4,1,MOVING_TO_FIELD,Field_8,1,PROTECTING,Field_5,1,MOVING_TO_FIELD,Field_7,1,MOVING_TO_FIELD,Field_4,1,PROTECTING,Field_5,1,MOVING_TO_FIELD,Field_1,1,PROTECTING,Field_5,1,MOVING_TO_FIELD,Field_20,1,MOVING_TO_FIELD,Field_5,1,MOVING_TO_FIELD,Field_3,1,MOVING_TO_FIELD,Field_9,1,MOVING_TO_FIELD,Field_2,1,MOVING_TO_FIELD,Field_2,1,MOVING_TO_FIELD,Field_3,1,MOVING_TO_FIELD,Field_7,1,MOVING_TO_FIELD,Field_7,1,MOVING_TO_FIELD,Field_4,1,MOVING_TO_FIELD,Field_1,1,MOVING_TO_FIELD,Field_6,1,MOVING_TO_FIELD,Field_7,1,MOVING_TO_FIELD,Field_5,1,MOVING_TO_FIELD,Field_5,1,MOVING_TO_FIELD,Field_20,1,MOVING_TO_FIELD,Field_20,1,MOVING_TO_FIELD,Field_6,1,MOVING_TO_FIELD,Field_20,1,MOVING_TO_FIELD,Field_2,1,MOVING_TO_FIELD,Field_20,1,MOVING_TO_FIELD,Field_20,1,MOVING_TO_FIELD,Field_4,1,MOVING_TO_FIELD,Field_3,1,MOVING_TO_FIELD,Field_7,1,MOVING_TO_FIELD,Field_3,1,MOVING_TO_FIELD,Field_4,38,0.02,0,4,4,18,0.05,0,3,2,2,0.11,0,4,4,11,0.03,0,6,4,0,0.01,3,3,-1,25,0.03,0,2,4,2,0.08,0,5,3,9,0.07,0,1,2,1,0.13,0,3,3,17,0.14,0,0,6,43,0.24,0,0,4,17,0.09,0,0,1,13,0.07,0,0,2,46,0.28,0,0,6,68,0.21,0,0,6,36,0.14,0,0,2,36,0.16,0,0,2,58,0.15,0,0,1,0,0.05,0,0,2,0,0.04,0,6,3
137,441,0,0,3,0,37,0,1,MOVING_TO_FIELD,Field_1,1,MOVING_TO_FIELD,Field_9,1,MOVING_TO_FIELD,Field_9,1,MOVING_TO_FIELD,Field_1,1,MOVING_TO_FIELD,Field_4,1,MOVING_TO_FIELD,Field_4,1,MOVING_TO_FIELD,Field_8,1,PROTECTING,Field_5,1,MOVING_TO_FIELD,Field_7,1,MOVING_TO_FIELD,Field_4,1,PROTECTING,Field_5,1,MOVING_TO_FIELD,Field_1,1,PROTECTING,Field_5,1,MOVING_TO_FIELD,Field_20,1,MOVING_TO_FIELD,Field_5,1,MOVING_TO_FIELD,Field_3,1,MOVING_TO_FIELD,Field_9,1,MOVING_TO_FIELD,Field_2,1,MOVING_TO_FIELD,Field_2,1,MOVING_TO_FIELD,Field_3,1,MOVING_TO_FIELD,Field_7,1,MOVING_TO_FIELD,Field_7,1,MOVING_TO_FIELD,Field_4,1,MOVING_TO_FIELD,Field_1,1,MOVING_TO_FIELD,Field_6,1,MOVING_TO_FIELD,Field_7,1,MOVING_TO_FIELD,Field_5,1,MOVING_TO_FIELD,Field_5,1,MOVING_TO_FIELD,Field_20,1,MOVING_TO_FIELD,Field_20,1,MOVING_TO_FIELD,Field_6,1,MOVING_TO_FIELD,Field_20,1,MOVING_TO_FIELD,Field_2,1,MOVING_TO_FIELD,Field_20,1,MOVING_TO_FIELD,Field_20,1,MOVING_TO_FIELD,Field_4,1,MOVING_TO_FIELD,Field_3,1,MOVING_TO_FIELD,Field_7,1,MOVING_TO_FIELD,Field_3,1,MOVING_TO_FIELD,Field_4,38,0.02,0,4,4,18,0.05,0,3,2,2,0.12,0,4,4,11,0.03,0,6,4,0,0.00,3,3,-1,25,0.04,0,2,4,2,0.10,0,5,3,9,0.07,0,1,2,1,0.13,0,3,3,17,0.14,0,0,6,43,0.25,0,0,4,17,0.09,0,0,1,13,0.07,0,0,2,46,0.24,0,0,6,68,0.20,0,0,6,37,0.14,0,0,2,36,0.16,0,0,2,58,0.15,0,0,1,0,0.05,0,0,2,0,0.04,0,6,3
138,444,0,0,3,0,37,0,1,MOVING_TO_FIELD,Field_1,1,MOVING_TO_FIELD,Field_9,1,MOVING_TO_FIELD,Field_9,1,MOVING_TO_FIELD,Field_1,1,MOVING_TO_FIELD,Field_4,1,MOVING_TO_FIELD,Field_4,1,MOVING_TO_FIELD,Field_8,1,PROTECTING,Field_5,1,MOVING_TO_FIELD,Field_7,1,MOVING_TO_FIELD,Field_4,1,PROTECTING,Field_5,1,MOVING_TO_FIELD,Field_1,1,PROTECTING,Field_5,1,MOVING_TO_FIELD,Field_20,1,MOVING_TO_FIELD,Field_5,1,MOVING_TO_FIELD,Field_3,1,MOVING_TO_FIELD,Field_9,1,MOVING_TO_FIELD,Field_2,1,MOVING_TO_FIELD,Field_2,1,MOVING_TO_FIELD,Field_3,1,MOVING_TO_FIELD,Field_7,1,MOVING_TO_FIELD,Field_7,1,MOVING_TO_FIELD,Field_4,1,MOVING_TO_FIELD,Field_1,1,MOVING_TO_FIELD,Field_6,1,MOVING_TO_FIELD,Field_7,1,MOVING_TO_FIELD,Field_5,1,MOVING_TO_FIELD,Field_5,1,MOVING_TO_FIELD,Field_20,1,MOVING_TO_FIELD,Field_20,1,MOVING_TO_FIELD,Field_6,1,MOVING_TO_FIELD,Field_20,1,MOVING_TO_FIELD,Field_2,1,MOVING_TO_FIELD,Field_20,1,MOVING_TO_FIELD,Field_20,1,MOVING_TO_FIELD,Field_4,1,MOVING_TO_FIELD,Field_3,1,MOVING_TO_FIELD,Field_7,1,MOVING_TO_FIELD,Field_3,1,MOVING_TO_FIELD,Field_4,38,0.03,0,4,4,18,0.07,0,3,2,2,0.13,0,4,4,11,0.02,0,6,4,0,0.00,3,3,-1,25,0.03,0,2,4,2,0.10,0,5,3,9,0.07,0,1,2,1,0.13,0,3,3,17,0.16,0,0,6,43,0.25,0,0,4,17,0.09,0,0,1,13,0.07,0,0,2,46,0.24,0,0,6,68,0.21,0,0,6,39,0.19,0,0,2,36,0.16,0,0,2,59,0.15,0,0,1,0,0.06,0,0,2,0,0.04,0,6,3
139,446,0,0,3,0,37,0,1,MOVING_TO_FIELD,Field_1,1,MOVING_TO_FIELD,Field_9,1,MOVING_TO_FIELD,Field_9,1,MOVING_TO_FIELD,Field_1,1,MOVING_TO_FIELD,Field_4,1,MOVING_TO_FIELD,Field_4,1,MOVING_TO_FIELD,Field_8,1,PROTECTING,Field_5,1,MOVING_TO_FIELD,Field_7,1,MOVING_TO_FIELD,Field_4,1,PROTECTING,Field_5,1,MOVING_TO_FIELD,Field_1,1,PROTECTING,Field_5,1,MOVING_TO_FIELD,Field_20,1,MOVING_TO_FIELD,Field_5,1,MOVING_TO_FIELD,Field_3,1,MOVING_TO_FIELD,Field_9,1,MOVING_TO_FIELD,Field_2,1,MOVING_TO_FIELD,Field_2,1,MOVING_TO_FIELD,Field_3,1,MOVING_TO_FIELD,Field_7,1,MOVING_TO_FIELD,Field_7,1,MOVING_TO_FIELD,Field_4,1,MOVING_TO_FIELD,Field_1,1,MOVING_TO_FIELD,Field_6,1,MOVING_TO_FIELD,Field_7,1,MOVING_TO_FIELD,Field_5,1,MOVING_TO_FIELD,Field_5,1,MOVING_TO_FIELD,Field_20,1,MOVING_TO_FIELD,Field_20,1,MOVING_TO_FIELD,Field_6,1,MOVING_TO_FIELD,Field_20,1,MOVING_TO_FIELD,Field_2,1,MOVING_TO_FIELD,Field_20,1,MOVING_TO_FIELD,Field_20,1,MOVING_TO_FIELD,Field_4,1,MOVING_TO_FIELD,Field_3,1,MOVING_TO_FIELD,Field_7,1,MOVING_TO_FIELD,Field_3,1,MOVING_TO_FIELD,Field_4,38,0.03,0,4,4,18,0.07,0,3,2,2,0.13,0,4,4,11,0.02,0,6,4,0,0.00,3,3,-1,25,0.03,0,2,4,2,0.10,0,5,3,9,0.07,0,1,2,1,0.11,0,3,3,17,0.15,0,0,6,45,0.25,0,0,4,17,0.06,0,0,1,13,0.07,0,0,2,46,0.25,0,0,6,68,0.21,0,0,6,39,0.19,0,0,2,36,0.16,0,0,2,59,0.13,0,0,1,0,0.06,0,0,2,0,0.04,0,6,3
140,448,0,0,3,0,37,0,1,MOVING_TO_FIELD,Field_1,1,MOVING_TO_FIELD,Field_9,1,MOVING_TO_FIELD,Field_9,1,MOVING_TO_FIELD,Field_1,1,MOVING_TO_FIELD,Field_4,1,MOVING_TO_FIELD,Field_4,1,MOVING_TO_FIELD,Field_8,1,PROTECTING,Field_5,1,MOVING_TO_FIELD,Field_7,1,MOVING_TO_FIELD,Field_4,1,PROTECTING,Field_5,1,MOVING_TO_FIELD,Field_1,1,PROTECTING,Field_5,1,MOVING_TO_FIELD,Field_20,1,MOVING_TO_FIELD,Field_5,1,MOVING_TO_FIELD,Field_3,1,MOVING_TO_FIELD,Field_9,1,MOVING_TO_FIELD,Field_2,1,MOVING_TO_FIELD,Field_2,1,MOVING_TO_FIELD,Field_3,1,MOVING_TO_FIELD,Field_7,1,MOVING_TO_FIELD,Field_7,1,MOVING_TO_FIELD,Field_4,1,MOVING_TO_FIELD,Field_1,1,MOVING_TO_FIELD,Field_6,1,MOVING_TO_FIELD,Field_7,1,MOVING_TO_FIELD,Field_5,1,MOVING_TO_FIELD,Field_5,1,MOVING_TO_FIELD,Field_20,1,MOVING_TO_FIELD,Field_20,1,MOVING_TO_FIELD,Field_6,1,MOVING_TO_FIELD,Field_20,1,MOVING_TO_FIELD,Field_2,1,MOVING_TO_FIELD,Field_20,1,MOVING_TO_FIELD,Field_20,1,MOVING_TO_FIELD,Field_4,1,MOVING_TO_FIELD,Field_3,1,MOVING_TO_FIELD,Field_7,1,MOVING_TO_FIELD,Field_3,1,MOVING_TO_FIELD,Field_4,38,0.03,0,4,4,18,0.07,0,3,2,3,0.13,0,4,4,11,0.03,0,6,4,0,0.00,3,3,-1,25,0.03,0,2,4,2,0.09,0,5,3,9,0.07,0,1,2,1,0.11,0,3,3,17,0.14,0,0,6,45,0.24,0,0,4,17,0.09,0,0,1,13,0.09,0,0,2,46,0.25,0,0,6,68,0.20,0,0,6,39,0.20,0,0,2,37,0.16,0,0,2,59,0.09,0,0,1,0,0.06,0,0,2,0,0.06,0,6,3
141,450,7,0,1,0,32,0,1,MOVING_TO_FIELD,Field_4,1,PROTECTING,Field_9,1,MOVING_TO_FIELD,Field_9,1,MOVING_TO_FIELD,Field_1,1,MOVING_TO_FIELD,Field_6,1,MOVING_TO_FIELD,Field_4,1,IDLE,,1,IDLE,,1,MOVING_TO_FIELD,Field_20,1,MOVING_TO_FIELD,Field_4,1,IDLE,,1,MOVING_TO_FIELD,Field_4,1,IDLE,,1,IDLE,,1,MOVING_TO_FIELD,Field_1,1,MOVING_TO_FIELD,Field_3,1,MOVING_TO_FIELD,Field_9,1,MOVING_TO_FIELD,Field_5,1,MOVING_TO_FIELD,Field_5,1,MOVING_TO_FIELD,Field_3,1,MOVING_TO_FIELD,Field_20,1,MOVING_TO_FIELD,Field_20,1,MOVING_TO_FIELD,Field_4,1,MOVING_TO_FIELD,Field_5,1,IDLE,,1,MOVING_TO_FIELD,Field_20,1,MOVING_TO_FIELD,Field_1,1,MOVING_TO_FIELD,Field_1,1,MOVING_TO_FIELD,Field_20,1,MOVING_TO_FIELD,Field_5,1,IDLE,,1,MOVING_TO_FIELD,Field_5,1,MOVING_TO_FIELD,Field_5,1,MOVING_TO_FIELD,Field_7,1,MOVING_TO_FIELD,Field_7,1,MOVING_TO_FIELD,Field_4,1,MOVING_TO_FIELD,Field_3,1,MOVING_TO_FIELD,Field_20,1,MOVING_TO_FIELD,Field_3,1,MOVING_TO_FIELD,Field_6,38,0.03,0,4,4,18,0.05,0,0,2,3,0.13,0,4,4,11,0.03,0,6,4,0,0.00,0,6,2,25,0.03,0,2,4,2,0.11,0,2,3,9,0.07,0,0,2,1,0.13,1,2,2,17,0.15,0,0,6,46,0.28,0,0,4,17,0.12,0,0,1,13,0.09,0,0,2,46,0.21,0,0,6,68,0.20,0,0,6,39,0.19,0,0,2,37,0.18,0,0,2,60,0.07,0,0,1,0,0.06,0,0,2,0,0.06,0,6,3
142,453,7,0,1,0,32,0,1,MOVING_TO_FIELD,Field_4,1,PROTECTING,Field_9,1,MOVING_TO_FIELD,Field_9,1,MOVING_TO_FIELD,Field_1,1,MOVING_TO_FIELD,Field_6,1,MOVING_TO_FIELD,Field_4,1,IDLE,,1,IDLE,,1,MOVING_TO_FIELD,Field_20,1,MOVING_TO_FIELD,Field_4,1,IDLE,,1,MOVING_TO_FIELD,Field_4,1,IDLE,,1,IDLE,,1,MOVING_TO_FIELD,Field_1,1,MOVING_TO_FIELD,Field_3,1,MOVING_TO_FIELD,Field_9,1,MOVING_TO_FIELD,Field_5,1,MOVING_TO_FIELD,Field_5,1,MOVING_TO_FIELD,Field_3,1,MOVING_TO_FIELD,Field_20,1,MOVING_TO_FIELD,Field_20,1,MOVING_TO_FIELD,Field_4,1,MOVING_TO_FIELD,Field_5,1,IDLE,,1,MOVING_TO_FIELD,Field_20,1,MOVING_TO_FIELD,Field_1,1,MOVING_TO_FIELD,Field_1,1,MOVING_TO_FIELD,Field_20,1,MOVING_TO_FIELD,Field_5,1,IDLE,,1,MOVING_TO_FIELD,Field_5,1,MOVING_TO_FIELD,Field_5,1,MOVING_TO_FIELD,Field_7,1,MOVING_TO_FIELD,Field_7,1,MOVING_TO_FIELD,Field_4,1,MOVING_TO_FIELD,Field_3,1,MOVING_TO_FIELD,Field_20,1,MOVING_TO_FIELD,Field_3,1,MOVING_TO_FIELD,Field_6,38,0.04,0,4,4,18,0.04,0,0,2,3,0.14,0,4,4,11,0.03,0,6,4,0,0.00,0,6,2,25,0.03,0,2,4,2,0.13,0,2,3,9,0.07,0,0,2,1,0.12,1,2,2,17,0.16,0,0,6,48,0.26,0,0,4,17,0.15,0,0,1,13,0.09,0,0,2,46,0.21,0,0,6,68,0.19,0,0,6,40,0.19,0,0,2,37,0.15,0,0,2,60,0.07,0,0,1,0,0.06,0,0,2,0,0.06,0,6,3
143,455,7,0,2,0,31,0,1,MOVING_TO_FIELD,Field_4,1,PROTECTING,Field_9,1,PROTECTING,Field_9,1,MOVING_TO_FIELD,Field_1,1,MOVING_TO_FIELD,Field_6,1,MOVING_TO_FIELD,Field_4,1,IDLE,,1,IDLE,,1,MOVING_TO_FIELD,Field_20,1,MOVING_TO_FIELD,Field_4,1,IDLE,,1,MOVING_TO_FIELD,Field_4,1,IDLE,,1,IDLE,,1,MOVING_TO_FIELD,Field_1,1,MOVING_TO_FIELD,Field_3,1,MOVING_TO_FIELD,Field_9,1,MOVING_TO_FIELD,Field_5,1,MOVING_TO_FIELD,Field_5,1,MOVING_TO_FIELD,Field_3,1,MOVING_TO_FIELD,Field_20,1,MOVING_TO_FIELD,Field_20,1,MOVING_TO_FIELD,Field_4,1,MOVING_TO_FIELD,Field_5,1,IDLE,,1,MOVING_TO_FIELD,Field_20,1,MOVING_TO_FIELD,Field_1,1,MOVING_TO_FIELD,Field_1,1,MOVING_TO_FIELD,Field_20,1,MOVING_TO_FIELD,Field_5,1,IDLE,,1,MOVING_TO_FIELD,Field_5,1,MOVING_TO_FIELD,Field_5,1,MOVING_TO_FIELD,Field_7,1,MOVING_TO_FIELD,Field_7,1,MOVING_TO_FIELD,Field_4,1,MOVING_TO_FIELD,Field_3,1,MOVING_TO_FIELD,Field_20,1,MOVING_TO_FIELD,Field_3,1,MOVING_TO_FIELD,Field_6,38,0.05,0,4,4,18,0.04,0,0,2,3,0.14,0,4,4,11,0.03,0,6,4,0,0.00,0,6,2,25,0.04,0,2,4,2,0.13,0,2,3,9,0.07,0,0,2,1,0.12,2,1,1,17,0.17,0,0,6,49,0.26,0,0,4,17,0.15,0,0,1,13,0.09,0,0,2,46,0.20,0,0,6,68,0.18,0,0,6,40,0.19,0,0,2,37,0.15,0,0,2,61,0.07,0,0,1,0,0.05,0,0,2,0,0.06,0,6,3
144,457,7,0,2,0,31,0,1,MOVING_TO_FIELD,Field_4,1,PROTECTING,Field_9,1,PROTECTING,Field_9,1,MOVING_TO_FIELD,Field_1,1,MOVING_TO_FIELD,Field_6,1,MOVING_TO_FIELD,Field_4,1,IDLE,,1,IDLE,,1,MOVING_TO_FIELD,Field_20,1,MOVING_TO_FIELD,Field_4,1,IDLE,,1,MOVING_TO_FIELD,Field_4,1,IDLE,,1,IDLE,,1,MOVING_TO_FIELD,Field_1,1,MOVING_TO_FIELD,Field_3,1,MOVING_TO_FIELD,Field_9,1,MOVING_TO_FIELD,Field_5,1,MOVING_TO_FIELD,Field_5,1,MOVING_TO_FIELD,Field_3,1,MOVING_TO_FIELD,Field_20,1,MOVING_TO_FIELD,Field_20,1,MOVING_TO_FIELD,Field_4,1,MOVING_TO_FIELD,Field_5,1,IDLE,,1,MOVING_TO_FIELD,Field_20,1,MOVING_TO_FIELD,Field_1,1,MOVING_TO_FIELD,Field_1,1,MOVING_TO_FIELD,Field_20,1,MOVING_TO_FIELD,Field_5,1,IDLE,,1,MOVING_TO_FIELD,Field_5,1,MOVING_TO_FIELD,Field_5,1,MOVING_TO_FIELD,Field_7,1,MOVING_TO_FIELD,Field_7,1,MOVING_TO_FIELD,Field_4,1,MOVING_TO_FIELD,Field_3,1,MOVING_TO_FIELD,Field_20,1,MOVING_TO_FIELD,Field_3,1,MOVING_TO_FIELD,Field_6,38,0.05,0,4,4,18,0.04,0,0,2,3,0.14,0,4,4,11,0.06,0,6,4,0,0.00,0,6,2,25,0.04,0,2,4,4,0.13,0,2,3,9,0.07,0,0,2,1,0.12,2,1,1,17,0.17,0,0,6,49,0.26,0,0,4,17,0.15,0,0,1,13,0.09,0,0,2,46,0.20,0,0,6,68,0.17,0,0,6,40,0.15,0,0,2,37,0.15,0,0,2,61,0.09,0,0,1,0,0.05,0,0,2,0,0.06,0,6,3
145,459,7,0,3,0,30,0,1,MOVING_TO_FIELD,Field_4,1,PROTECTING,Field_9,1,PROTECTING,Field_9,1,MOVING_TO_FIELD,Field_1,1,MOVING_TO_FIELD,Field_6,1,MOVING_TO_FIELD,Field_4,1,IDLE,,1,IDLE,,1,MOVING_TO_FIELD,Field_20,1,MOVING_TO_FIELD,Field_4,1,IDLE,,1,MOVING_TO_FIELD,Field_4,1,IDLE,,1,IDLE,,1,MOVING_TO_FIELD,Field_1,1,MOVING_TO_FIELD,Field_3,1,PROTECTING,Field_9,1,MOVING_TO_FIELD,Field_5,1,MOVING_TO_FIELD,Field_5,1,MOVING_TO_FIELD,Field_3,1,MOVING_TO_FIELD,Field_20,1,MOVING_TO_FIELD,Field_20,1,MOVING_TO_FIELD,Field_4,1,MOVING_TO_FIELD,Field_5,1,IDLE,,1,MOVING_TO_FIELD,Field_20,1,MOVING_TO_FIELD,Field_1,1,MOVING_TO_FIELD,Field_1,1,MOVING_TO_FIELD,Field_20,1,MOVING_TO_FIELD,Field_5,1,IDLE,,1,MOVING_TO_FIELD,Field_5,1,MOVING_TO_FIELD,Field_5,1,MOVING_TO_FIELD,Field_7,1,MOVING_TO_FIELD,Field_7,1,MOVING_TO_FIELD,Field_4,1,MOVING_TO_FIELD,Field_3,1,MOVING_TO_FIELD,Field_20,1,MOVING_TO_FIELD,Field_3,1,MOVING_TO_FIELD,Field_6,38,0.05,0,4,4,18,0.04,0,0,2,3,0.15,0,4,4,11,0.06,0,6,4,0,0.00,0,6,2,25,0.04,0,2,4,4,0.14,0,2,3,10,0.10,0,0,2,1,0.12,3,0,0,17,0.16,0,0,6,49,0.25,0,0,4,17,0.15,0,0,1,13,0.09,0,0,2,47,0.18,0,0,6,68,0.16,0,0,6,40,0.15,0,0,2,37,0.15,0,0,2,61,0.09,0,0,1,0,0.05,0,0,2,0,0.06,0,6,3
146,464,7,0,4,0,29,0,1,MOVING_TO_FIELD,Field_4,1,PROTECTING,Field_9,1,PROTECTING,Field_9,1,MOVING_TO_FIELD,Field_1,1,MOVING_TO_FIELD,Field_6,1,MOVING_TO_FIELD,Field_4,1,IDLE,,1,IDLE,,1,MOVING_TO_FIELD,Field_20,1,MOVING_TO_FIELD,Field_4,1,IDLE,,1,MOVING_TO_FIELD,Field_4,1,IDLE,,1,IDLE,,1,MOVING_TO_FIELD,Field_1,1,MOVING_TO_FIELD,Field_3,1,PROTECTING,Field_9,1,MOVING_TO_FIELD,Field_5,1,MOVING_TO_FIELD,Field_5,1,MOVING_TO_FIELD,Field_3,1,MOVING_TO_FIELD,Field_20,1,MOVING_TO_FIELD,Field_20,1,MOVING_TO_FIELD,Field_4,1,MOVING_TO_FIELD,Field_5,1,IDLE,,1,MOVING_TO_FIELD,Field_20,1,MOVING_TO_FIELD,Field_1,1,MOVING_TO_FIELD,Field_1,1,MOVING_TO_FIELD,Field_20,1,MOVING_TO_FIELD,Field_5,1,IDLE,,1,MOVING_TO_FIELD,Field_5,1,MOVING_TO_FIELD,Field_5,1,MOVING_TO_FIELD,Field_7,1,MOVING_TO_FIELD,Field_7,1,MOVING_TO_FIELD,Field_4,1,PROTECTING,Field_3,1,MOVING_TO_FIELD,Field_20,1,MOVING_TO_FIELD,Field_3,1,MOVING_TO_FIELD,Field_6,38,0.06,0,4,4,18,0.05,0,0,2,3,0.15,1,3,3,11,0.08,0,6,4,0,0.00,0,6,2,25,0.04,0,2,4,6,0.14,0,2,3,10,0.10,0,0,2,1,0.11,3,0,0,17,0.17,0,0,6,50,0.25,0,0,4,17,0.15,0,0,1,13,0.09,0,0,2,47,0.18,0,0,6,68,0.16,0,0,6,42,0.17,0,0,2,37,0.15,0,0,2,61,0.11,0,0,1,0,0.05,0,0,2,0,0.06,0,6,3
147,465,7,0,5,0,28,0,1,MOVING_TO_FIELD,Field_4,1,PROTECTING,Field_9,1,PROTECTING,Field_9,1,MOVING_TO_FIELD,Field_1,1,MOVING_TO_FIELD,Field_6,1,MOVING_TO_FIELD,Field_4,1,IDLE,,1,IDLE,,1,MOVING_TO_FIELD,Field_20,1,MOVING_TO_FIELD,Field_4,1,IDLE,,1,MOVING_TO_FIELD,Field_4,1,IDLE,,1,IDLE,,1,MOVING_TO_FIELD,Field_1,1,MOVING_TO_FIELD,Field_3,1,PROTECTING,Field_9,1,MOVING_TO_FIELD,Field_5,1,MOVING_TO_FIELD,Field_5,1,MOVING_TO_FIELD,Field_3,1,MOVING_TO_FIELD,Field_20,1,MOVING_TO_FIELD,Field_20,1,MOVING_TO_FIELD,Field_4,1,MOVING_TO_FIELD,Field_5,1,IDLE,,1,MOVING_TO_FIELD,Field_20,1,MOVING_TO_FIELD,Field_1,1,MOVING_TO_FIELD,Field_1,1,MOVING_TO_FIELD,Field_20,1,MOVING_TO_FIELD,Field_5,1,IDLE,,1,MOVING_TO_FIELD,Field_5,1,MOVING_TO_FIELD,Field_5,1,MOVING_TO_FIELD,Field_7,1,MOVING_TO_FIELD,Field_7,1,MOVING_TO_FIELD,Field_4,1,PROTECTING,Field_3,1,MOVING_TO_FIELD,Field_20,1,MOVING_TO_FIELD,Field_3,1,PROTECTING,Field_6,38,0.07,0,4,4,18,0.05,0,0,2,3,0.14,1,3,3,11,0.08,0,6,4,0,0.00,0,6,2,25,0.04,1,1,3,6,0.14,0,2,3,10,0.10,0,0,2,1,0.10,3,0,0,17,0.17,0,0,6,50,0.25,0,0,4,18,0.15,0,0,1,13,0.09,0,0,2,47,0.18,0,0,6,68,0.15,0,0,6,42,0.16,0,0,2,37,0.13,0,0,2,61,0.13,0,0,1,0,0.05,0,0,2,0,0.06,0,6,3
148,466,7,0,7,0,26,0,1,MOVING_TO_FIELD,Field_4,1,PROTECTING,Field_9,1,PROTECTING,Field_9,1,MOVING_TO_FIELD,Field_1,1,MOVING_TO_FIELD,Field_6,1,MOVING_TO_FIELD,Field_4,1,IDLE,,1,IDLE,,1,MOVING_TO_FIELD,Field_20,1,MOVING_TO_FIELD,Field_4,1,IDLE,,1,MOVING_TO_FIELD,Field_4,1,IDLE,,1,IDLE,,1,MOVING_TO_FIELD,Field_1,1,PROTECTING,Field_3,1,PROTECTING,Field_9,1,MOVING_TO_FIELD,Field_5,1,MOVING_TO_FIELD,Field_5,1,PROTECTING,Field_3,1,MOVING_TO_FIELD,Field_20,1,MOVING_TO_FIELD,Field_20,1,MOVING_TO_FIELD,Field_4,1,MOVING_TO_FIELD,Field_5,1,IDLE,,1,MOVING_TO_FIELD,Field_20,1,MOVING_TO_FIELD,Field_1,1,MOVING_TO_FIELD,Field_1,1,MOVING_TO_FIELD,Field_20,1,MOVING_TO_FIELD,Field_5,1,IDLE,,1,MOVING_TO_FIELD,Field_5,1,MOVING_TO_FIELD,Field_5,1,MOVING_TO_FIELD,Field_7,1,MOVING_TO_FIELD,Field_7,1,MOVING_TO_FIELD,Field_4,1,PROTECTING,Field_3,1,MOVING_TO_FIELD,Field_20,1,MOVING_TO_FIELD,Field_3,1,PROTECTING,Field_6,38,0.08,0,4,4,18,0.05,0,0,2,3,0.13,3,1,1,11,0.09,0,6,4,0,0.00,0,6,2,25,0.05,1,1,3,6,0.14,0,2,3,11,0.10,0,0,2,1,0.09,3,0,0,17,0.17,0,0,6,50,0.24,0,0,4,18,0.15,0,0,1,13,0.09,0,0,2,47,0.18,0,0,6,68,0.15,0,0,6,42,0.16,0,0,2,37,0.15,0,0,2,61,0.15,0,0,1,0,0.06,0,0,2,0,0.06,0,6,3
149,470,7,0,7,0,26,0,1,MOVING_TO_FIELD,Field_4,1,PROTECTING,Field_9,1,PROTECTING,Field_9,1,MOVING_TO_FIELD,Field_1,1,MOVING_TO_FIELD,Field_6,1,MOVING_TO_FIELD,Field_4,1,IDLE,,1,IDLE,,1,MOVING_TO_FIELD,Field_20,1,MOVING_TO_FIELD,Field_4,1,IDLE,,1,MOVING_TO_FIELD,Field_4,1,IDLE,,1,IDLE,,1,MOVING_TO_FIELD,Field_1,1,PROTECTING,Field_3,1,PROTECTING,Field_9,1,MOVING_TO_FIELD,Field_5,1,MOVING_TO_FIELD,Field_5,1,PROTECTING,Field_3,1,MOVING_TO_FIELD,Field_20,1,MOVING_TO_FIELD,Field_20,1,MOVING_TO_FIELD,Field_4,1,MOVING_TO_FIELD,Field_5,1,IDLE,,1,MOVING_TO_FIELD,Field_20,1,MOVING_TO_FIELD,Field_1,1,MOVING_TO_FIELD,Field_1,1,MOVING_TO_FIELD,Field_20,1,MOVING_TO_FIELD,Field_5,1,IDLE,,1,MOVING_TO_FIELD,Field_5,1,MOVING_TO_FIELD,Field_5,1,MOVING_TO_FIELD,Field_7,1,MOVING_TO_FIELD,Field_7,1,MOVING_TO_FIELD,Field_4,1,PROTECTING,Field_3,1,MOVING_TO_FIELD,Field_20,1,MOVING_TO_FIELD,Field_3,1,PROTECTING,Field_6,38,0.06,0,4,4,18,0.05,0,0,2,3,0.12,3,1,1,11,0.09,0,6,4,0,0.00,0,6,2,25,0.05,1,1,3,6,0.14,0,2,3,11,0.10,0,0,2,1,0.08,3,0,0,17,0.16,0,0,6,52,0.24,0,0,4,19,0.18,0,0,1,13,0.09,0,0,2,48,0.18,0,0,6,68,0.16,0,0,6,42,0.14,0,0,2,37,0.15,0,0,2,61,0.15,0,0,1,0,0.06,0,0,2,0,0.06,0,6,3
150,471,7,0,11,0,22,0,1,MOVING_TO_FIELD,Field_4,1,PROTECTING,Field_9,1,PROTECTING,Field_9,1,MOVING_TO_FIELD,Field_1,1,MOVING_TO_FIELD,Field_6,1,MOVING_TO_FIELD,Field_4,1,IDLE,,1,IDLE,,1,MOVING_TO_FIELD,Field_20,1,MOVING_TO_FIELD,Field_4,1,IDLE,,1,MOVING_TO_FIELD,Field_4,1,IDLE,,1,IDLE,,1,MOVING_TO_FIELD,Field_1,1,PROTECTING,Field_3,1,PROTECTING,Field_9,1,MOVING_TO_FIELD,Field_5,1,PROTECTING,Field_5,1,PROTECTING,Field_3,1,MOVING_TO_FIELD,Field_20,1,MOVING_TO_FIELD,Field_20,1,MOVING_TO_FIELD,Field_4,1,MOVING_TO_FIELD,Field_5,1,IDLE,,1,MOVING_TO_FIELD,Field_20,1,MOVING_TO_FIELD,Field_1,1,MOVING_TO_FIELD,Field_1,1,MOVING_TO_FIELD,Field_20,1,MOVING_TO_FIELD,Field_5,1,IDLE,,1,MOVING_TO_FIELD,Field_5,1,PROTECTING,Field_5,1,PROTECTING,Field_7,1,MOVING_TO_FIELD,Field_7,1,MOVING_TO_FIELD,Field_4,1,PROTECTING,Field_3,1,MOVING_TO_FIELD,Field_20,1,PROTECTING,Field_3,1,PROTECTING,Field_6,38,0.07,0,4,4,18,0.05,0,0,2,3,0.13,4,0,0,11,0.10,0,6,4,0,0.00,2,4,0,25,0.03,1,1,3,6,0.15,1,1,2,11,0.10,0,0,2,1,0.08,3,0,0,17,0.15,0,0,6,52,0.22,0,0,4,20,0.18,0,0,1,13,0.09,0,0,2,48,0.18,0,0,6,68,0.16,0,0,6,42,0.16,0,0,2,37,0.15,0,0,2,61,0.15,0,0,1,0,0.06,0,0,2,0,0.06,0,6,3
151,476,5,0,5,0,30,0,1,MOVING_TO_FIELD,Field_4,1,MOVING_TO_FIELD,Field_20,1,MOVING_TO_FIELD,Field_20,1,MOVING_TO_FIELD,Field_4,1,MOVING_TO_FIELD,Field_20,1,IDLE,,1,MOVING_TO_FIELD,Field_2,1,MOVING_TO_FIELD,Field_1,1,MOVING_TO_FIELD,Field_5,1,MOVING_TO_FIELD,Field_4,1,MOVING_TO_FIELD,Field_1,1,MOVING_TO_FIELD,Field_5,1,MOVING_TO_FIELD,Field_1,1,MOVING_TO_FIELD,Field_1,1,MOVING_TO_FIELD,Field_4,1,PROTECTING,Field_3,1,MOVING_TO_FIELD,Field_20,1,MOVING_TO_FIELD,Field_7,1,IDLE,,1,PROTECTING,Field_3,1,MOVING_TO_FIELD,Field_5,1,MOVING_TO_FIELD,Field_5,1,MOVING_TO_FIELD,Field_5,1,MOVING_TO_FIELD,Field_20,1,MOVING_TO_FIELD,Field_20,1,MOVING_TO_FIELD,Field_6,1,MOVING_TO_FIELD,Field_4,1,MOVING_TO_FIELD,Field_4,1,MOVING_TO_FIELD,Field_6,1,MOVING_TO_FIELD,Field_8,1,MOVING_TO_FIELD,Field_7,1,IDLE,,1,IDLE,,1,PROTECTING,Field_7,1,MOVING_TO_FIELD,Field_7,1,MOVING_TO_FIELD,Field_5,1,PROTECTING,Field_3,1,MOVING_TO_FIELD,Field_7,1,PROTECTING,Field_3,1,IDLE,,38,0.08,0,4,4,18,0.05,0,1,2,3,0.13,4,0,0,11,0.10,0,6,4,0,0.00,0,6,2,25,0.03,0,2,4,7,0.15,1,4,2,11,0.10,0,1,2,1,0.06,0,0,3,17,0.15,0,0,6,52,0.22,0,0,4,20,0.21,0,0,1,13,0.07,0,0,2,49,0.18,0,0,6,70,0.15,0,0,6,43,0.16,0,0,2,37,0.15,0,0,2,61,0.15,0,0,1,0,0.06,0,0,2,0,0.06,0,6,3
152,479,5,0,7,0,28,0,1,MOVING_TO_FIELD,Field_4,1,MOVING_TO_FIELD,Field_20,1,MOVING_TO_FIELD,Field_20,1,MOVING_TO_FIELD,Field_4,1,MOVING_TO_FIELD,Field_20,1,IDLE,,1,MOVING_TO_FIELD,Field_2,1,MOVING_TO_FIELD,Field_1,1,MOVING_TO_FIELD,Field_5,1,MOVING_TO_FIELD,Field_4,1,MOVING_TO_FIELD,Field_1,1,MOVING_TO_FIELD,Field_5,1,MOVING_TO_FIELD,Field_1,1,MOVING_TO_FIELD,Field_1,1,MOVING_TO_FIELD,Field_4,1,PROTECTING,Field_3,1,MOVING_TO_FIELD,Field_20,1,MOVING_TO_FIELD,Field_7,1,IDLE,,1,PROTECTING,Field_3,1,PROTECTING,Field_5,1,PROTECTING,Field_5,1,MOVING_TO_FIELD,Field_5,1,MOVING_TO_FIELD,Field_20,1,MOVING_TO_FIELD,Field_20,1,MOVING_TO_FIELD,Field_6,1,MOVING_TO_FIELD,Field_4,1,MOVING_TO_FIELD,Field_4,1,MOVING_TO_FIELD,Field_6,1,MOVING_TO_FIELD,Field_8,1,MOVING_TO_FIELD,Field_7,1,IDLE,,1,IDLE,,1,PROTECTING,Field_7,1,MOVING_TO_FIELD,Field_7,1,MOVING_TO_FIELD,Field_5,1,PROTECTING,Field_3,1,MOVING_TO_FIELD,Field_7,1,PROTECTING,Field_3,1,IDLE,,38,0.09,0,4,4,18,0.05,0,1,2,3,0.13,4,0,0,11,0.08,0,6,4,0,0.00,2,4,0,25,0.03,0,2,4,7,0.15,1,4,2,12,0.11,0,1,2,1,0.06,0,0,3,17,0.16,0,0,6,52,0.22,0,0,4,20,0.21,0,0,1,13,0.07,0,0,2,49,0.18,0,0,6,70,0.16,0,0,6,43,0.17,0,0,2,38,0.15,0,0,2,62,0.15,0,0,1,0,0.06,0,0,2,0,0.06,0,6,3
153,481,5,0,9,0,26,0,1,MOVING_TO_FIELD,Field_4,1,MOVING_TO_FIELD,Field_20,1,MOVING_TO_FIELD,Field_20,1,MOVING_TO_FIELD,Field_4,1,MOVING_TO_FIELD,Field_20,1,IDLE,,1,PROTECTING,Field_2,1,MOVING_TO_FIELD,Field_1,1,MOVING_TO_FIELD,Field_5,1,MOVING_TO_FIELD,Field_4,1,MOVING_TO_FIELD,Field_1,1,MOVING_TO_FIELD,Field_5,1,MOVING_TO_FIELD,Field_1,1,MOVING_TO_FIELD,Field_1,1,MOVING_TO_FIELD,Field_4,1,PROTECTING,Field_3,1,MOVING_TO_FIELD,Field_20,1,MOVING_TO_FIELD,Field_7,1,IDLE,,1,PROTECTING,Field_3,1,PROTECTING,Field_5,1,PROTECTING,Field_5,1,MOVING_TO_FIELD,Field_5,1,MOVING_TO_FIELD,Field_20,1,MOVING_TO_FIELD,Field_20,1,MOVING_TO_FIELD,Field_6,1,MOVING_TO_FIELD,Field_4,1,MOVING_TO_FIELD,Field_4,1,MOVING_TO_FIELD,Field_6,1,MOVING_TO_FIELD,Field_8,1,MOVING_TO_FIELD,Field_7,1,IDLE,,1,IDLE,,1,PROTECTING,Field_7,1,PROTECTING,Field_7,1,MOVING_TO_FIELD,Field_5,1,PROTECTING,Field_3,1,MOVING_TO_FIELD,Field_7,1,PROTECTING,Field_3,1,IDLE,,38,0.09,0,4,4,18,0.04,1,0,1,3,0.13,4,0,0,11,0.09,0,6,4,0,0.00,2,4,0,25,0.04,0,2,4,7,0.14,2,3,1,12,0.11,0,1,2,1,0.04,0,0,3,18,0.16,0,0,6,52,0.22,0,0,4,20,0.21,0,0,1,13,0.07,0,0,2,49,0.20,0,0,6,70,0.18,0,0,6,43,0.16,0,0,2,38,0.15,0,0,2,63,0.17,0,0,1,0,0.05,0,0,2,0,0.06,0,6,3
154,484,5,0,9,0,26,0,1,MOVING_TO_FIELD,Field_4,1,MOVING_TO_FIELD,Field_20,1,MOVING_TO_FIELD,Field_20,1,MOVING_TO_FIELD,Field_4,1,MOVING_TO_FIELD,Field_20,1,IDLE,,1,PROTECTING,Field_2,1,MOVING_TO_FIELD,Field_1,1,MOVING_TO_FIELD,Field_5,1,MOVING_TO_FIELD,Field_4,1,MOVING_TO_FIELD,Field_1,1,MOVING_TO_FIELD,Field_5,1,MOVING_TO_FIELD,Field_1,1,MOVING_TO_FIELD,Field_1,1,MOVING_TO_FIELD,Field_4,1,PROTECTING,Field_3,1,MOVING_TO_FIELD,Field_20,1,MOVING_TO_FIELD,Field_7,1,IDLE,,1,PROTECTING,Field_3,1,PROTECTING,Field_5,1,PROTECTING,Field_5,1,MOVING_TO_FIELD,Field_5,1,MOVING_TO_FIELD,Field_20,1,MOVING_TO_FIELD,Field_20,1,MOVING_TO_FIELD,Field_6,1,MOVING_TO_FIELD,Field_4,1,MOVING_TO_FIELD,Field_4,1,MOVING_TO_FIELD,Field_6,1,MOVING_TO_FIELD,Field_8,1,MOVING_TO_FIELD,Field_7,1,IDLE,,1,IDLE,,1,PROTECTING,Field_7,1,PROTECTING,Field_7,1,MOVING_TO_FIELD,Field_5,1,PROTECTING,Field_3,1,MOVING_TO_FIELD,Field_7,1,PROTECTING,Field_3,1,IDLE,,38,0.08,0,4,4,18,0.04,1,0,1,3,0.12,4,0,0,12,0.10,0,6,4,0,0.00,2,4,0,25,0.04,0,2,4,7,0.14,2,3,1,12,0.11,0,1,2,1,0.04,0,0,3,18,0.16,0,0,6,52,0.20,0,0,4,21,0.21,0,0,1,13,0.07,0,0,2,49,0.21,0,0,6,70,0.18,0,0,6,43,0.17,0,0,2,38,0.15,0,0,2,64,0.17,0,0,1,0,0.06,0,0,2,0,0.06,0,6,3
155,485,5,0,9,0,26,0,1,MOVING_TO_FIELD,Field_4,1,MOVING_TO_FIELD,Field_20,1,MOVING_TO_FIELD,Field_20,1,MOVING_TO_FIELD,Field_4,1,MOVING_TO_FIELD,Field_20,1,IDLE,,1,PROTECTING,Field_2,1,MOVING_TO_FIELD,Field_1,1,MOVING_TO_FIELD,Field_5,1,MOVING_TO_FIELD,Field_4,1,MOVING_TO_FIELD,Field_1,1,MOVING_TO_FIELD,Field_5,1,MOVING_TO_FIELD,Field_1,1,MOVING_TO_FIELD,Field_1,1,MOVING_TO_FIELD,Field_4,1,PROTECTING,Field_3,1,MOVING_TO_FIELD,Field_20,1,MOVING_TO_FIELD,Field_7,1,IDLE,,1,PROTECTING,Field_3,1,PROTECTING,Field_5,1,PROTECTING,Field_5,1,MOVING_TO_FIELD,Field_5,1,MOVING_TO_FIELD,Field_20,1,MOVING_TO_FIELD,Field_20,1,MOVING_TO_FIELD,Field_6,1,MOVING_TO_FIELD,Field_4,1,MOVING_TO_FIELD,Field_4,1,MOVING_TO_FIELD,Field_6,1,MOVING_TO_FIELD,Field_8,1,MOVING_TO_FIELD,Field_7,1,IDLE,,1,IDLE,,1,PROTECTING,Field_7,1,PROTECTING,Field_7,1,MOVING_TO_FIELD,Field_5,1,PROTECTING,Field_3,1,MOVING_TO_FIELD,Field_7,1,PROTECTING,Field_3,1,IDLE,,38,0.08,0,4,4,18,0.04,1,0,1,3,0.11,4,0,0,12,0.10,0,6,4,0,0.00,2,4,0,25,0.05,0,2,4,7,0.15,2,3,1,12,0.11,0,1,2,1,0.04,0,0,3,18,0.15,0,0,6,52,0.20,0,0,4,21,0.21,0,0,1,13,0.05,0,0,2,49,0.21,0,0,6,71,0.19,0,0,6,43,0.17,0,0,2,38,0.15,0,0,2,64,0.17,0,0,1,0,0.06,0,0,2,0,0.06,0,6,3
156,486,5,0,9,0,26,0,1,MOVING_TO_FIELD,Field_4,1,MOVING_TO_FIELD,Field_20,1,MOVING_TO_FIELD,Field_20,1,MOVING_TO_FIELD,Field_4,1,MOVING_TO_FIELD,Field_20,1,IDLE,,1,PROTECTING,Field_2,1,MOVING_TO_FIELD,Field_1,1,MOVING_TO_FIELD,Field_5,1,MOVING_TO_FIELD,Field_4,1,MOVING_TO_FIELD,Field_1,1,MOVING_TO_FIELD,Field_5,1,MOVING_TO_FIELD,Field_1,1,MOVING_TO_FIELD,Field_1,1,MOVING_TO_FIELD,Field_4,1,PROTECTING,Field_3,1,MOVING_TO_FIELD,Field_20,1,MOVING_TO_FIELD,Field_7,1,IDLE,,1,PROTECTING,Field_3,1,PROTECTING,Field_5,1,PROTECTING,Field_5,1,MOVING_TO_FIELD,Field_5,1,MOVING_TO_FIELD,Field_20,1,MOVING_TO_FIELD,Field_20,1,MOVING_TO_FIELD,Field_6,1,MOVING_TO_FIELD,Field_4,1,MOVING_TO_FIELD,Field_4,1,MOVING_TO_FIELD,Field_6,1,MOVING_TO_FIELD,Field_8,1,MOVING_TO_FIELD,Field_7,1,IDLE,,1,IDLE,,1,PROTECTING,Field_7,1,PROTECTING,Field_7,1,MOVING_TO_FIELD,Field_5,1,PROTECTING,Field_3,1,MOVING_TO_FIELD,Field_7,1,PROTECTING,Field_3,1,IDLE,,38,0.08,0,4,4,18,0.04,1,0,1,3,0.13,4,0,0,12,0.09,0,6,4,0,0.01,2,4,0,25,0.07,0,2,4,7,0.14,2,3,1,12,0.10,0,1,2,1,0.04,0,0,3,18,0.14,0,0,6,52,0.18,0,0,4,21,0.18,0,0,1,13,0.05,0,0,2,49,0.21,0,0,6,71,0.19,0,0,6,43,0.17,0,0,2,38,0.15,0,0,2,65,0.17,0,0,1,0,0.06,0,0,2,0,0.06,0,6,3
157,487,5,0,9,0,26,0,1,MOVING_TO_FIELD,Field_4,1,MOVING_TO_FIELD,Field_20,1,MOVING_TO_FIELD,Field_20,1,MOVING_TO_FIELD,Field_4,1,MOVING_TO_FIELD,Field_20,1,IDLE,,1,PROTECTING,Field_2,1,MOVING_TO_FIELD,Field_1,1,MOVING_TO_FIELD,Field_5,1,MOVING_TO_FIELD,Field_4,1,MOVING_TO_FIELD,Field_1,1,MOVING_TO_FIELD,Field_5,1,MOVING_TO_FIELD,Field_1,1,MOVING_TO_FIELD,Field_1,1,MOVING_TO_FIELD,Field_4,1,PROTECTING,Field_3,1,MOVING_TO_FIELD,Field_20,1,MOVING_TO_FIELD,Field_7,1,IDLE,,1,PROTECTING,Field_3,1,PROTECTING,Field_5,1,PROTECTING,Field_5,1,MOVING_TO_FIELD,Field_5,1,MOVING_TO_FIELD,Field_20,1,MOVING_TO_FIELD,Field_20,1,MOVING_TO_FIELD,Field_6,1,MOVING_TO_FIELD,Field_4,1,MOVING_TO_FIELD,Field_4,1,MOVING_TO_FIELD,Field_6,1,MOVING_TO_FIELD,Field_8,1,MOVING_TO_FIELD,Field_7,1,IDLE,,1,IDLE,,1,PROTECTING,Field_7,1,PROTECTING,Field_7,1,MOVING_TO_FIELD,Field_5,1,PROTECTING,Field_3,1,MOVING_TO_FIELD,Field_7,1,PROTECTING,Field_3,1,IDLE,,38,0.09,0,4,4,18,0.04,1,0,1,3,0.12,4,0,0,12,0.08,0,6,4,0,0.01,2,4,0,25,0.08,0,2,4,7,0.15,2,3,1,12,0.10,0,1,2,1,0.04,0,0,3,18,0.14,0,0,6,52,0.18,0,0,4,21,0.18,0,0,1,13,0.05,0,0,2,49,0.21,0,0,6,71,0.19,0,0,6,44,0.17,0,0,2,38,0.15,0,0,2,65,0.17,0,0,1,0,0.06,0,0,2,0,0.06,0,6,3
158,487,5,0,10,0,25,0,1,MOVING_TO_FIELD,Field_4,1,MOVING_TO_FIELD,Field_20,1,MOVING_TO_FIELD,Field_20,1,MOVING_TO_FIELD,Field_4,1,MOVING_TO_FIELD,Field_20,1,IDLE,,1,PROTECTING,Field_2,1,MOVING_TO_FIELD,Field_1,1,MOVING_TO_FIELD,Field_5,1,MOVING_TO_FIELD,Field_4,1,MOVING_TO_FIELD,Field_1,1,MOVING_TO_FIELD,Field_5,1,MOVING_TO_FIELD,Field_1,1,MOVING_TO_FIELD,Field_1,1,MOVING_TO_FIELD,Field_4,1,PROTECTING,Field_3,1,MOVING_TO_FIELD,Field_20,1,MOVING_TO_FIELD,Field_7,1,IDLE,,1,PROTECTING,Field_3,1,PROTECTING,Field_5,1,PROTECTING,Field_5,1,MOVING_TO_FIELD,Field_5,1,MOVING_TO_FIELD,Field_20,1,MOVING_TO_FIELD,Field_20,1,MOVING_TO_FIELD,Field_6,1,MOVING_TO_FIELD,Field_4,1,MOVING_TO_FIELD,Field_4,1,MOVING_TO_FIELD,Field_6,1,MOVING_TO_FIELD,Field_8,1,MOVING_TO_FIELD,Field_7,1,IDLE,,1,IDLE,,1,PROTECTING,Field_7,1,PROTECTING,Field_7,1,MOVING_TO_FIELD,Field_5,1,PROTECTING,Field_3,1,PROTECTING,Field_7,1,PROTECTING,Field_3,1,IDLE,,38,0.08,0,4,4,18,0.03,1,0,1,3,0.12,4,0,0,12,0.08,0,6,4,0,0.01,2,4,0,25,0.08,0,2,4,7,0.15,3,2,0,12,0.10,0,1,2,1,0.03,0,0,3,18,0.15,0,0,6,52,0.16,0,0,4,21,0.18,0,0,1,13,0.05,0,0,2,49,0.21,0,0,6,71,0.19,0,0,6,44,0.16,0,0,2,38,0.15,0,0,2,65,0.15,0,0,1,0,0.06,0,0,2,0,0.04,0,6,3
159,489,5,0,10,0,25,0,1,MOVING_TO_FIELD,Field_4,1,MOVING_TO_FIELD,Field_20,1,MOVING_TO_FIELD,Field_20,1,MOVING_TO_FIELD,Field_4,1,MOVING_TO_FIELD,Field_20,1,IDLE,,1,PROTECTING,Field_2,1,MOVING_TO_FIELD,Field_1,1,MOVING_TO_FIELD,Field_5,1,MOVING_TO_FIELD,Field_4,1,MOVING_TO_FIELD,Field_1,1,MOVING_TO_FIELD,Field_5,1,MOVING_TO_FIELD,Field_1,1,MOVING_TO_FIELD,Field_1,1,MOVING_TO_FIELD,Field_4,1,PROTECTING,Field_3,1,MOVING_TO_FIELD,Field_20,1,MOVING_TO_FIELD,Field_7,1,IDLE,,1,PROTECTING,Field_3,1,PROTECTING,Field_5,1,PROTECTING,Field_5,1,MOVING_TO_FIELD,Field_5,1,MOVING_TO_FIELD,Field_20,1,MOVING_TO_FIELD,Field_20,1,MOVING_TO_FIELD,Field_6,1,MOVING_TO_FIELD,Field_4,1,MOVING_TO_FIELD,Field_4,1,MOVING_TO_FIELD,Field_6,1,MOVING_TO_FIELD,Field_8,1,MOVING_TO_FIELD,Field_7,1,IDLE,,1,IDLE,,1,PROTECTING,Field_7,1,PROTECTING,Field_7,1,MOVING_TO_FIELD,Field_5,1,PROTECTING,Field_3,1,PROTECTING,Field_7,1,PROTECTING,Field_3,1,IDLE,,38,0.08,0,4,4,18,0.03,1,0,1,3,0.09,4,0,0,12,0.08,0,6,4,0,0.01,2,4,0,25,0.08,0,2,4,7,0.15,3,2,0,12,0.10,0,1,2,1,0.03,0,0,3,18,0.15,0,0,6,52,0.17,0,0,4,22,0.18,0,0,1,13,0.05,0,0,2,49,0.21,0,0,6,71,0.19,0,0,6,45,0.16,0,0,2,38,0.13,0,0,2,65,0.13,0,0,1,0,0.06,0,0,2,0,0.04,0,6,3
160,491,5,0,10,0,25,0,1,MOVING_TO_FIELD,Field_4,1,MOVING_TO_FIELD,Field_20,1,MOVING_TO_FIELD,Field_20,1,MOVING_TO_FIELD,Field_4,1,MOVING_TO_FIELD,Field_20,1,IDLE,,1,PROTECTING,Field_2,1,MOVING_TO_FIELD,Field_1,1,MOVING_TO_FIELD,Field_5,1,MOVING_TO_FIELD,Field_4,1,MOVING_TO_FIELD,Field_1,1,MOVING_TO_FIELD,Field_5,1,MOVING_TO_FIELD,Field_1,1,MOVING_TO_FIELD,Field_1,1,MOVING_TO_FIELD,Field_4,1,PROTECTING,Field_3,1,MOVING_TO_FIELD,Field_20,1,MOVING_TO_FIELD,Field_7,1,IDLE,,1,PROTECTING,Field_3,1,PROTECTING,Field_5,1,PROTECTING,Field_5,1,MOVING_TO_FIELD,Field_5,1,MOVING_TO_FIELD,Field_20,1,MOVING_TO_FIELD,Field_20,1,MOVING_TO_FIELD,Field_6,1,MOVING_TO_FIELD,Field_4,1,MOVING_TO_FIELD,Field_4,1,MOVING_TO_FIELD,Field_6,1,MOVING_TO_FIELD,Field_8,1,MOVING_TO_FIELD,Field_7,1,IDLE,,1,IDLE,,1,PROTECTING,Field_7,1,PROTECTING,Field_7,1,MOVING_TO_FIELD,Field_5,1,PROTECTING,Field_3,1,PROTECTING,Field_7,1,PROTECTING,Field_3,1,IDLE,,38,0.08,0,4,4,18,0.04,1,0,1,3,0.09,4,0,0,12,0.09,0,6,4,0,0.01,2,4,0,25,0.08,0,2,4,7,0.16,3,2,0,12,0.11,0,1,2,1,0.03,0,0,3,18,0.16,0,0,6,52,0.17,0,0,4,22,0.18,0,0,1,13,0.05,0,0,2,49,0.21,0,0,6,71,0.20,0,0,6,46,0.14,0,0,2,38,0.13,0,0,2,65,0.15,0,0,1,0,0.06,0,0,2,1,0.06,0,6,3
161,493,1,0,9,0,30,0,1,MOVING_TO_FIELD,Field_20,1,MOVING_TO_FIELD,Field_1,1,MOVING_TO_FIELD,Field_1,1,MOVING_TO_FIELD,Field_4,1,MOVING_TO_FIELD,Field_4,1,MOVING_TO_FIELD,Field_20,1,MOVING_TO_FIELD,Field_4,1,MOVING_TO_FIELD,Field_5,1,IDLE,,1,MOVING_TO_FIELD,Field_20,1,MOVING_TO_FIELD,Field_5,1,MOVING_TO_FIELD,Field_6,1,MOVING_TO_FIELD,Field_5,1,MOVING_TO_FIELD,Field_5,1,MOVING_TO_FIELD,Field_20,1,PROTECTING,Field_3,1,MOVING_TO_FIELD,Field_7,1,MOVING_TO_FIELD,Field_2,1,MOVING_TO_FIELD,Field_1,1,PROTECTING,Field_3,1,PROTECTING,Field_5,1,PROTECTING,Field_5,1,MOVING_TO_FIELD,Field_20,1,MOVING_TO_FIELD,Field_1,1,MOVING_TO_FIELD,Field_4,1,MOVING_TO_FIELD,Field_5,1,MOVING_TO_FIELD,Field_4,1,MOVING_TO_FIELD,Field_8,1,MOVING_TO_FIELD,Field_5,1,MOVING_TO_FIELD,Field_8,1,MOVING_TO_FIELD,Field_20,1,MOVING_TO_FIELD,Field_7,1,MOVING_TO_FIELD,Field_8,1,PROTECTING,Field_7,1,PROTECTING,Field_7,1,MOVING_TO_FIELD,Field_6,1,PROTECTING,Field_3,1,PROTECTING,Field_7,1,PROTECTING,Field_3,1,MOVING_TO_FIELD,Field_4,38,0.09,0,4,4,18,0.04,0,1,2,3,0.07,4,0,0,12,0.09,0,6,4,0,0.01,2,6,0,25,0.07,0,2,4,7,0.15,3,2,0,12,0.13,0,3,2,1,0.04,0,0,3,18,0.15,0,0,6,52,0.17,0,0,4,22,0.15,0,0,1,13,0.05,0,0,2,49,0.21,0,0,6,71,0.21,0,0,6,47,0.15,0,0,2,39,0.13,0,0,2,65,0.15,0,0,1,0,0.05,0,0,2,1,0.06,0,6,3
162,493,1,0,10,0,29,0,1,MOVING_TO_FIELD,Field_20,1,MOVING_TO_FIELD,Field_1,1,MOVING_TO_FIELD,Field_1,1,MOVING_TO_FIELD,Field_4,1,MOVING_TO_FIELD,Field_4,1,MOVING_TO_FIELD,Field_20,1,MOVING_TO_FIELD,Field_4,1,MOVING_TO_FIELD,Field_5,1,IDLE,,1,MOVING_TO_FIELD,Field_20,1,MOVING_TO_FIELD,Field_5,1,MOVING_TO_FIELD,Field_6,1,MOVING_TO_FIELD,Field_5,1,MOVING_TO_FIELD,Field_5,1,MOVING_TO_FIELD,Field_20,1,PROTECTING,Field_3,1,MOVING_TO_FIELD,Field_7,1,MOVING_TO_FIELD,Field_2,1,MOVING_TO_FIELD,Field_1,1,PROTECTING,Field_3,1,PROTECTING,Field_5,1,PROTECTING,Field_5,1,MOVING_TO_FIELD,Field_20,1,MOVING_TO_FIELD,Field_1,1,MOVING_TO_FIELD,Field_4,1,MOVING_TO_FIELD,Field_5,1,MOVING_TO_FIELD,Field_4,1,MOVING_TO_FIELD,Field_8,1,MOVING_TO_FIELD,Field_5,1,PROTECTING,Field_8,1,MOVING_TO_FIELD,Field_20,1,MOVING_TO_FIELD,Field_7,1,MOVING_TO_FIELD,Field_8,1,PROTECTING,Field_7,1,PROTECTING,Field_7,1,MOVING_TO_FIELD,Field_6,1,PROTECTING,Field_3,1,PROTECTING,Field_7,1,PROTECTING,Field_3,1,MOVING_TO_FIELD,Field_4,38,0.09,0,4,4,18,0.04,0,1,2,3,0.06,4,0,0,12,0.09,0,6,4,0,0.01,2,6,0,25,0.07,0,2,4,7,0.15,3,2,0,12,0.11,1,2,1,1,0.04,0,0,3,18,0.15,0,0,6,52,0.17,0,0,4,22,0.15,0,0,1,13,0.05,0,0,2,49,0.23,0,0,6,71,0.20,0,0,6,47,0.14,0,0,2,39,0.13,0,0,2,65,0.15,0,0,1,0,0.05,0,0,2,1,0.06,0,6,3
163,494,1,0,10,0,29,0,1,MOVING_TO_FIELD,Field_20,1,MOVING_TO_FIELD,Field_1,1,MOVING_TO_FIELD,Field_1,1,MOVING_TO_FIELD,Field_4,1,MOVING_TO_FIELD,Field_4,1,MOVING_TO_FIELD,Field_20,1,MOVING_TO_FIELD,Field_4,1,MOVING_TO_FIELD,Field_5,1,IDLE,,1,MOVING_TO_FIELD,Field_20,1,MOVING_TO_FIELD,Field_5,1,MOVING_TO_FIELD,Field_6,1,MOVING_TO_FIELD,Field_5,1,MOVING_TO_FIELD,Field_5,1,MOVING_TO_FIELD,Field_20,1,PROTECTING,Field_3,1,MOVING_TO_FIELD,Field_7,1,MOVING_TO_FIELD,Field_2,1,MOVING_TO_FIELD,Field_1,1,PROTECTING,Field_3,1,PROTECTING,Field_5,1,PROTECTING,Field_5,1,MOVING_TO_FIELD,Field_20,1,MOVING_TO_FIELD,Field_1,1,MOVING_TO_FIELD,Field_4,1,MOVING_TO_FIELD,Field_5,1,MOVING_TO_FIELD,Field_4,1,MOVING_TO_FIELD,Field_8,1,MOVING_TO_FIELD,Field_5,1,PROTECTING,Field_8,1,MOVING_TO_FIELD,Field_20,1,MOVING_TO_FIELD,Field_7,1,MOVING_TO_FIELD,Field_8,1,PROTECTING,Field_7,1,PROTECTING,Field_7,1,MOVING_TO_FIELD,Field_6,1,PROTECTING,Field_3,1,PROTECTING,Field_7,1,PROTECTING,Field_3,1,MOVING_TO_FIELD,Field_4,38,0.08,0,4,4,18,0.04,0,1,2,3,0.06,4,0,0,12,0.08,0,6,4,0,0.01,2,6,0,25,0.07,0,2,4,7,0.15,3,2,0,12,0.13,1,2,1,1,0.04,0,0,3,18,0.16,0,0,6,53,0.17,0,0,4,22,0.15,0,0,1,13,0.05,0,0,2,49,0.23,0,0,6,71,0.21,0,0,6,47,0.15,0,0,2,39,0.13,0,0,2,65,0.15,0,0,1,0,0.05,0,0,2,1,0.04,0,6,3
164,494,1,0,10,0,29,0,1,MOVING_TO_FIELD,Field_20,1,MOVING_TO_FIELD,Field_1,1,MOVING_TO_FIELD,Field_1,1,MOVING_TO_FIELD,Field_4,1,MOVING_TO_FIELD,Field_4,1,MOVING_TO_FIELD,Field_20,1,MOVING_TO_FIELD,Field_4,1,MOVING_TO_FIELD,Field_5,1,IDLE,,1,MOVING_TO_FIELD,Field_20,1,MOVING_TO_FIELD,Field_5,1,MOVING_TO_FIELD,Field_6,1,MOVING_TO_FIELD,Field_5,1,MOVING_TO_FIELD,Field_5,1,MOVING_TO_FIELD,Field_20,1,PROTECTING,Field_3,1,MOVING_TO_FIELD,Field_7,1,MOVING_TO_FIELD,Field_2,1,MOVING_TO_FIELD,Field_1,1,PROTECTING,Field_3,1,PROTECTING,Field_5,1,PROTECTING,Field_5,1,MOVING_TO_FIELD,Field_20,1,MOVING_TO_FIELD,Field_1,1,MOVING_TO_FIELD,Field_4,1,MOVING_TO_FIELD,Field_5,1,MOVING_TO_FIELD,Field_4,1,MOVING_TO_FIELD,Field_8,1,MOVING_TO_FIELD,Field_5,1,PROTECTING,Field_8,1,MOVING_TO_FIELD,Field_20,1,MOVING_TO_FIELD,Field_7,1,MOVING_TO_FIELD,Field_8,1,PROTECTING,Field_7,1,PROTECTING,Field_7,1,MOVING_TO_FIELD,Field_6,1,PROTECTING,Field_3,1,PROTECTING,Field_7,1,PROTECTING,Field_3,1,MOVING_TO_FIELD,Field_4,38,0.08,0,4,4,18,0.04,0,1,2,3,0.06,4,0,0,12,0.08,0,6,4,0,0.01,2,6,0,25,0.05,0,2,4,7,0.15,3,2,0,12,0.13,1,2,1,1,0.06,0,0,3,18,0.16,0,0,6,53,0.17,0,0,4,22,0.15,0,0,1,13,0.07,0,0,2,49,0.24,0,0,6,71,0.22,0,0,6,47,0.15,0,0,2,39,0.11,0,0,2,65,0.15,0,0,1,0,0.05,0,0,2,1,0.06,0,6,3
165,496,1,0,10,0,29,0,1,MOVING_TO_FIELD,Field_20,1,MOVING_TO_FIELD,Field_1,1,MOVING_TO_FIELD,Field_1,1,MOVING_TO_FIELD,Field_4,1,MOVING_TO_FIELD,Field_4,1,MOVING_TO_FIELD,Field_20,1,MOVING_TO_FIELD,Field_4,1,MOVING_TO_FIELD,Field_5,1,IDLE,,1,MOVING_TO_FIELD,Field_20,1,MOVING_TO_FIELD,Field_5,1,MOVING_TO_FIELD,Field_6,1,MOVING_TO_FIELD,Field_5,1,MOVING_TO_FIELD,Field_5,1,MOVING_TO_FIELD,Field_20,1,PROTECTING,Field_3,1,MOVING_TO_FIELD,Field_7,1,MOVING_TO_FIELD,Field_2,1,MOVING_TO_FIELD,Field_1,1,PROTECTING,Field_3,1,PROTECTING,Field_5,1,PROTECTING,Field_5,1,MOVING_TO_FIELD,Field_20,1,MOVING_TO_FIELD,Field_1,1,MOVING_TO_FIELD,Field_4,1,MOVING_TO_FIELD,Field_5,1,MOVING_TO_FIELD,Field_4,1,MOVING_TO_FIELD,Field_8,1,MOVING_TO_FIELD,Field_5,1,PROTECTING,Field_8,1,MOVING_TO_FIELD,Field_20,1,MOVING_TO_FIELD,Field_7,1,MOVING_TO_FIELD,Field_8,1,PROTECTING,Field_7,1,PROTECTING,Field_7,1,MOVING_TO_FIELD,Field_6,1,PROTECTING,Field_3,1,PROTECTING,Field_7,1,PROTECTING,Field_3,1,MOVING_TO_FIELD,Field_4,38,0.07,0,4,4,18,0.04,0,1,2,3,0.06,4,0,0,12,0.08,0,6,4,0,0.01,2,6,0,25,0.05,0,2,4,7,0.16,3,2,0,12,0.13,1,2,1,1,0.07,0,0,3,18,0.16,0,0,6,53,0.17,0,0,4,24,0.15,0,0,1,13,0.07,0,0,2,49,0.24,0,0,6,71,0.22,0,0,6,47,0.15,0,0,2,39,0.11,0,0,2,65,0.17,0,0,1,0,0.05,0,0,2,1,0.06,0,6,3
166,498,1,0,10,0,29,0,1,MOVING_TO_FIELD,Field_20,1,MOVING_TO_FIELD,Field_1,1,MOVING_TO_FIELD,Field_1,1,MOVING_TO_FIELD,Field_4,1,MOVING_TO_FIELD,Field_4,1,MOVING_TO_FIELD,Field_20,1,MOVING_TO_FIELD,Field_4,1,MOVING_TO_FIELD,Field_5,1,IDLE,,1,MOVING_TO_FIELD,Field_20,1,MOVING_TO_FIELD,Field_5,1,MOVING_TO_FIELD,Field_6,1,MOVING_TO_FIELD,Field_5,1,MOVING_TO_FIELD,Field_5,1,MOVING_TO_FIELD,Field_20,1,PROTECTING,Field_3,1,MOVING_TO_FIELD,Field_7,1,MOVING_TO_FIELD,Field_2,1,MOVING_TO_FIELD,Field_1,1,PROTECTING,Field_3,1,PROTECTING,Field_5,1,PROTECTING,Field_5,1,MOVING_TO_FIELD,Field_20,1,MOVING_TO_FIELD,Field_1,1,MOVING_TO_FIELD,Field_4,1,MOVING_TO_FIELD,Field_5,1,MOVING_TO_FIELD,Field_4,1,MOVING_TO_FIELD,Field_8,1,MOVING_TO_FIELD,Field_5,1,PROTECTING,Field_8,1,MOVING_TO_FIELD,Field_20,1,MOVING_TO_FIELD,Field_7,1,MOVING_TO_FIELD,Field_8,1,PROTECTING,Field_7,1,PROTECTING,Field_7,1,MOVING_TO_FIELD,Field_6,1,PROTECTING,Field_3,1,PROTECTING,Field_7,1,PROTECTING,Field_3,1,MOVING_TO_FIELD,Field_4,38,0.08,0,4,4,18,0.04,0,1,2,3,0.05,4,0,0,12,0.08,0,6,4,0,0.01,2,6,0,25,0.05,0,2,4,7,0.16,3,2,0,12,0.13,1,2,1,1,0.07,0,0,3,19,0.16,0,0,6,53,0.17,0,0,4,24,0.15,0,0,1,13,0.07,0,0,2,49,0.24,0,0,6,71,0.21,0,0,6,47,0.20,0,0,2,40,0.11,0,0,2,65,0.17,0,0,1,0,0.05,0,0,2,1,0.06,0,6,3
167,498,1,0,12,0,27,0,1,MOVING_TO_FIELD,Field_20,1,MOVING_TO_FIELD,Field_1,1,MOVING_TO_FIELD,Field_1,1,MOVING_TO_FIELD,Field_4,1,MOVING_TO_FIELD,Field_4,1,MOVING_TO_FIELD,Field_20,1,MOVING_TO_FIELD,Field_4,1,PROTECTING,Field_5,1,IDLE,,1,MOVING_TO_FIELD,Field_20,1,PROTECTING,Field_5,1,MOVING_TO_FIELD,Field_6,1,MOVING_TO_FIELD,Field_5,1,MOVING_TO_FIELD,Field_5,1,MOVING_TO_FIELD,Field_20,1,PROTECTING,Field_3,1,MOVING_TO_FIELD,Field_7,1,MOVING_TO_FIELD,Field_2,1,MOVING_TO_FIELD,Field_1,1,PROTECTING,Field_3,1,PROTECTING,Field_5,1,PROTECTING,Field_5,1,MOVING_TO_FIELD,Field_20,1,MOVING_TO_FIELD,Field_1,1,MOVING_TO_FIELD,Field_4,1,MOVING_TO_FIELD,Field_5,1,MOVING_TO_FIELD,Field_4,1,MOVING_TO_FIELD,Field_8,1,MOVING_TO_FIELD,Field_5,1,PROTECTING,Field_8,1,MOVING_TO_FIELD,Field_20,1,MOVING_TO_FIELD,Field_7,1,MOVING_TO_FIELD,Field_8,1,PROTECTING,Field_7,1,PROTECTING,Field_7,1,MOVING_TO_FIELD,Field_6,1,PROTECTING,Field_3,1,PROTECTING,Field_7,1,PROTECTING,Field_3,1,MOVING_TO_FIELD,Field_4,38,0.07,0,4,4,18,0.04,0,1,2,3,0.05,4,0,0,12,0.10,0,6,4,0,0.01,4,4,-2,25,0.05,0,2,4,7,0.16,3,2,0,12,0.11,1,2,1,1,0.07,0,0,3,19,0.17,0,0,6,53,0.17,0,0,4,24,0.15,0,0,1,13,0.07,0,0,2,49,0.25,0,0,6,71,0.21,0,0,6,47,0.19,0,0,2,40,0.11,0,0,2,65,0.15,0,0,1,0,0.10,0,0,2,1,0.06,0,6,3
168,498,1,0,12,0,27,0,1,MOVING_TO_FIELD,Field_20,1,MOVING_TO_FIELD,Field_1,1,MOVING_TO_FIELD,Field_1,1,MOVING_TO_FIELD,Field_4,1,MOVING_TO_FIELD,Field_4,1,MOVING_TO_FIELD,Field_20,1,MOVING_TO_FIELD,Field_4,1,PROTECTING,Field_5,1,IDLE,,1,MOVING_TO_FIELD,Field_20,1,PROTECTING,Field_5,1,MOVING_TO_FIELD,Field_6,1,MOVING_TO_FIELD,Field_5,1,MOVING_TO_FIELD,Field_5,1,MOVING_TO_FIELD,Field_20,1,PROTECTING,Field_3,1,MOVING_TO_FIELD,Field_7,1,MOVING_TO_FIELD,Field_2,1,MOVING_TO_FIELD,Field_1,1,PROTECTING,Field_3,1,PROTECTING,Field_5,1,PROTECTING,Field_5,1,MOVING_TO_FIELD,Field_20,1,MOVING_TO_FIELD,Field_1,1,MOVING_TO_FIELD,Field_4,1,MOVING_TO_FIELD,Field_5,1,MOVING_TO_FIELD,Field_4,1,MOVING_TO_FIELD,Field_8,1,MOVING_TO_FIELD,Field_5,1,PROTECTING,Field_8,1,MOVING_TO_FIELD,Field_20,1,MOVING_TO_FIELD,Field_7,1,MOVING_TO_FIELD,Field_8,1,PROTECTING,Field_7,1,PROTECTING,Field_7,1,MOVING_TO_FIELD,Field_6,1,PROTECTING,Field_3,1,PROTECTING,Field_7,1,PROTECTING,Field_3,1,MOVING_TO_FIELD,Field_4,38,0.05,0,4,4,18,0.04,0,1,2,3,0.06,4,0,0,12,0.10,0,6,4,0,0.01,4,4,-2,25,0.05,0,2,4,7,0.16,3,2,0,12,0.11,1,2,1,1,0.07,0,0,3,19,0.17,0,0,6,53,0.16,0,0,4,24,0.12,0,0,1,13,0.07,0,0,2,49,0.24,0,0,6,71,0.21,0,0,6,47,0.17,0,0,2,40,0.10,0,0,2,65,0.13,0,0,1,0,0.10,0,0,2,1,0.06,0,6,3
169,501,1,0,13,0,26,0,1,MOVING_TO_FIELD,Field_20,1,MOVING_TO_FIELD,Field_1,1,MOVING_TO_FIELD,Field_1,1,MOVING_TO_FIELD,Field_4,1,MOVING_TO_FIELD,Field_4,1,MOVING_TO_FIELD,Field_20,1,MOVING_TO_FIELD,Field_4,1,PROTECTING,Field_5,1,IDLE,,1,MOVING_TO_FIELD,Field_20,1,PROTECTING,Field_5,1,MOVING_TO_FIELD,Field_6,1,MOVING_TO_FIELD,Field_5,1,MOVING_TO_FIELD,Field_5,1,MOVING_TO_FIELD,Field_20,1,PROTECTING,Field_3,1,MOVING_TO_FIELD,Field_7,1,MOVING_TO_FIELD,Field_2,1,MOVING_TO_FIELD,Field_1,1,PROTECTING,Field_3,1,PROTECTING,Field_5,1,PROTECTING,Field_5,1,MOVING_TO_FIELD,Field_20,1,MOVING_TO_FIELD,Field_1,1,MOVING_TO_FIELD,Field_4,1,PROTECTING,Field_5,1,MOVING_TO_FIELD,Field_4,1,MOVING_TO_FIELD,Field_8,1,MOVING_TO_FIELD,Field_5,1,PROTECTING,Field_8,1,MOVING_TO_FIELD,Field_20,1,MOVING_TO_FIELD,Field_7,1,MOVING_TO_FIELD,Field_8,1,PROTECTING,Field_7,1,PROTECTING,Field_7,1,MOVING_TO_FIELD,Field_6,1,PROTECTING,Field_3,1,PROTECTING,Field_7,1,PROTECTING,Field_3,1,MOVING_TO_FIELD,Field_4,38,0.05,0,4,4,18,0.04,0,1,2,3,0.06,4,0,0,13,0.10,0,6,4,0,0.01,5,3,-3,25,0.07,0,2,4,8,0.16,3,2,0,12,0.13,1,2,1,1,0.07,0,0,3,19,0.17,0,0,6,53,0.16,0,0,4,25,0.12,0,0,1,13,0.07,0,0,2,49,0.24,0,0,6,71,0.23,0,0,6,47,0.17,0,0,2,40,0.10,0,0,2,65,0.15,0,0,1,0,0.10,0,0,2,1,0.06,0,6,3
170,503,1,0,15,0,24,0,1,MOVING_TO_FIELD,Field_20,1,MOVING_TO_FIELD,Field_1,1,MOVING_TO_FIELD,Field_1,1,MOVING_TO_FIELD,Field_4,1,MOVING_TO_FIELD,Field_4,1,MOVING_TO_FIELD,Field_20,1,MOVING_TO_FIELD,Field_4,1,PROTECTING,Field_5,1,IDLE,,1,MOVING_TO_FIELD,Field_20,1,PROTECTING,Field_5,1,MOVING_TO_FIELD,Field_6,1,PROTECTING,Field_5,1,MOVING_TO_FIELD,Field_5,1,MOVING_TO_FIELD,Field_20,1,PROTECTING,Field_3,1,MOVING_TO_FIELD,Field_7,1,MOVING_TO_FIELD,Field_2,1,MOVING_TO_FIELD,Field_1,1,PROTECTING,Field_3,1,PROTECTING,Field_5,1,PROTECTING,Field_5,1,MOVING_TO_FIELD,Field_20,1,MOVING_TO_FIELD,Field_1,1,MOVING_TO_FIELD,Field_4,1,PROTECTING,Field_5,1,MOVING_TO_FIELD,Field_4,1,MOVING_TO_FIELD,Field_8,1,PROTECTING,Field_5,1,PROTECTING,Field_8,1,MOVING_TO_FIELD,Field_20,1,MOVING_TO_FIELD,Field_7,1,MOVING_TO_FIELD,Field_8,1,PROTECTING,Field_7,1,PROTECTING,Field_7,1,MOVING_TO_FIELD,Field_6,1,PROTECTING,Field_3,1,PROTECTING,Field_7,1,PROTECTING,Field_3,1,MOVING_TO_FIELD,Field_4,38,0.04,0,4,4,18,0.07,0,1,2,3,0.06,4,0,0,13,0.12,0,6,4,0,0.02,7,1,-5,25,0.05,0,2,4,8,0.16,3,2,0,12,0.13,1,2,1,1,0.09,0,0,3,19,0.17,0,0,6,53,0.14,0,0,4,25,0.12,0,0,1,13,0.07,0,0,2,51,0.21,0,0,6,71,0.22,0,0,6,47,0.19,0,0,2,40,0.10,0,0,2,65,0.15,0,0,1,0,0.11,0,0,2,1,0.06,0,6,3
171,505,1,0,5,0,34,0,1,MOVING_TO_FIELD,Field_20,1,MOVING_TO_FIELD,Field_5,1,MOVING_TO_FIELD,Field_5,1,MOVING_TO_FIELD,Field_4,1,MOVING_TO_FIELD,Field_4,1,MOVING_TO_FIELD,Field_20,1,MOVING_TO_FIELD,Field_4,1,MOVING_TO_FIELD,Field_1,1,MOVING_TO_FIELD,Field_7,1,MOVING_TO_FIELD,Field_20,1,PROTECTING,Field_5,1,MOVING_TO_FIELD,Field_4,1,MOVING_TO_FIELD,Field_1,1,MOVING_TO_FIELD,Field_5,1,MOVING_TO_FIELD,Field_20,1,MOVING_TO_FIELD,Field_5,1,MOVING_TO_FIELD,Field_7,1,MOVING_TO_FIELD,Field_6,1,MOVING_TO_FIELD,Field_1,1,MOVING_TO_FIELD,Field_5,1,MOVING_TO_FIELD,Field_8,1,IDLE,,1,MOVING_TO_FIELD,Field_20,1,MOVING_TO_FIELD,Field_1,1,MOVING_TO_FIELD,Field_4,1,MOVING_TO_FIELD,Field_9,1,MOVING_TO_FIELD,Field_4,1,MOVING_TO_FIELD,Field_8,1,MOVING_TO_FIELD,Field_9,1,PROTECTING,Field_8,1,MOVING_TO_FIELD,Field_20,1,MOVING_TO_FIELD,Field_6,1,MOVING_TO_FIELD,Field_2,1,PROTECTING,Field_7,1,PROTECTING,Field_7,1,MOVING_TO_FIELD,Field_4,1,MOVING_TO_FIELD,Field_4,1,PROTECTING,Field_7,1,MOVING_TO_FIELD,Field_4,1,MOVING_TO_FIELD,Field_4,38,0.04,0,4,4,18,0.07,0,1,2,3,0.06,0,0,4,13,0.12,0,10,4,0,0.02,1,5,1,25,0.05,0,2,4,9,0.16,3,2,0,12,0.13,1,2,1,1,0.09,0,2,3,19,0.16,0,0,6,54,0.13,0,0,4,25,0.12,0,0,1,13,0.07,0,0,2,51,0.21,0,0,6,71,0.22,0,0,6,47,0.19,0,0,2,40,0.10,0,0,2,65,0.17,0,0,1,0,0.11,0,0,2,1,0.06,0,6,3
172,508,1,0,6,0,33,0,1,MOVING_TO_FIELD,Field_20,1,MOVING_TO_FIELD,Field_5,1,MOVING_TO_FIELD,Field_5,1,MOVING_TO_FIELD,Field_4,1,MOVING_TO_FIELD,Field_4,1,MOVING_TO_FIELD,Field_20,1,MOVING_TO_FIELD,Field_4,1,MOVING_TO_FIELD,Field_1,1,MOVING_TO_FIELD,Field_7,1,MOVING_TO_FIELD,Field_20,1,PROTECTING,Field_5,1,MOVING_TO_FIELD,Field_4,1,MOVING_TO_FIELD,Field_1,1,MOVING_TO_FIELD,Field_5,1,MOVING_TO_FIELD,Field_20,1,MOVING_TO_FIELD,Field_5,1,MOVING_TO_FIELD,Field_7,1,MOVING_TO_FIELD,Field_6,1,MOVING_TO_FIELD,Field_1,1,MOVING_TO_FIELD,Field_5,1,MOVING_TO_FIELD,Field_8,1,IDLE,,1,MOVING_TO_FIELD,Field_20,1,MOVING_TO_FIELD,Field_1,1,PROTECTING,Field_4,1,MOVING_TO_FIELD,Field_9,1,MOVING_TO_FIELD,Field_4,1,MOVING_TO_FIELD,Field_8,1,MOVING_TO_FIELD,Field_9,1,PROTECTING,Field_8,1,MOVING_TO_FIELD,Field_20,1,MOVING_TO_FIELD,Field_6,1,MOVING_TO_FIELD,Field_2,1,PROTECTING,Field_7,1,PROTECTING,Field_7,1,MOVING_TO_FIELD,Field_4,1,MOVING_TO_FIELD,Field_4,1,PROTECTING,Field_7,1,MOVING_TO_FIELD,Field_4,1,MOVING_TO_FIELD,Field_4,38,0.04,0,4,4,18,0.07,0,1,2,3,0.04,0,0,4,13,0.13,1,9,3,0,0.02,1,5,1,25,0.07,0,2,4,9,0.16,3,2,0,13,0.13,1,2,1,1,0.08,0,2,3,20,0.16,0,0,6,54,0.14,0,0,4,25,0.12,0,0,1,13,0.07,0,0,2,51,0.18,0,0,6,71,0.22,0,0,6,47,0.19,0,0,2,40,0.10,0,0,2,66,0.17,0,0,1,0,0.10,0,0,2,1,0.06,0,6,3
173,511,1,0,7,0,32,0,1,MOVING_TO_FIELD,Field_20,1,MOVING_TO_FIELD,Field_5,1,MOVING_TO_FIELD,Field_5,1,PROTECTING,Field_4,1,MOVING_TO_FIELD,Field_4,1,MOVING_TO_FIELD,Field_20,1,MOVING_TO_FIELD,Field_4,1,MOVING_TO_FIELD,Field_1,1,MOVING_TO_FIELD,Field_7,1,MOVING_TO_FIELD,Field_20,1,PROTECTING,Field_5,1,MOVING_TO_FIELD,Field_4,1,MOVING_TO_FIELD,Field_1,1,MOVING_TO_FIELD,Field_5,1,MOVING_TO_FIELD,Field_20,1,MOVING_TO_FIELD,Field_5,1,MOVING_TO_FIELD,Field_7,1,MOVING_TO_FIELD,Field_6,1,MOVING_TO_FIELD,Field_1,1,MOVING_TO_FIELD,Field_5,1,MOVING_TO_FIELD,Field_8,1,IDLE,,1,MOVING_TO_FIELD,Field_20,1,MOVING_TO_FIELD,Field_1,1,PROTECTING,Field_4,1,MOVING_TO_FIELD,Field_9,1,MOVING_TO_FIELD,Field_4,1,MOVING_TO_FIELD,Field_8,1,MOVING_TO_FIELD,Field_9,1,PROTECTING,Field_8,1,MOVING_TO_FIELD,Field_20,1,MOVING_TO_FIELD,Field_6,1,MOVING_TO_FIELD,Field_2,1,PROTECTING,Field_7,1,PROTECTING,Field_7,1,MOVING_TO_FIELD,Field_4,1,MOVING_TO_FIELD,Field_4,1,PROTECTING,Field_7,1,MOVING_TO_FIELD,Field_4,1,MOVING_TO_FIELD,Field_4,38,0.04,0,4,4,18,0.07,0,1,2,3,0.04,0,0,4,13,0.13,2,8,2,0,0.02,1,5,1,25,0.07,0,2,4,9,0.16,3,2,0,14,0.13,1,2,1,1,0.08,0,2,3,20,0.17,0,0,6,54,0.14,0,0,4,25,0.12,0,0,1,13,0.05,0,0,2,51,0.21,0,0,6,71,0.22,0,0,6,47,0.19,0,0,2,40,0.10,0,0,2,68,0.17,0,0,1,0,0.08,0,0,2,1,0.06,0,6,3
174,513,1,0,7,0,32,0,1,MOVING_TO_FIELD,Field_20,1,MOVING_TO_FIELD,Field_5,1,MOVING_TO_FIELD,Field_5,1,PROTECTING,Field_4,1,MOVING_TO_FIELD,Field_4,1,MOVING_TO_FIELD,Field_20,1,MOVING_TO_FIELD,Field_4,1,MOVING_TO_FIELD,Field_1,1,MOVING_TO_FIELD,Field_7,1,MOVING_TO_FIELD,Field_20,1,PROTECTING,Field_5,1,MOVING_TO_FIELD,Field_4,1,MOVING_TO_FIELD,Field_1,1,MOVING_TO_FIELD,Field_5,1,MOVING_TO_FIELD,Field_20,1,MOVING_TO_FIELD,Field_5,1,MOVING_TO_FIELD,Field_7,1,MOVING_TO_FIELD,Field_6,1,MOVING_TO_FIELD,Field_1,1,MOVING_TO_FIELD,Field_5,1,MOVING_TO_FIELD,Field_8,1,IDLE,,1,MOVING_TO_FIELD,Field_20,1,MOVING_TO_FIELD,Field_1,1,PROTECTING,Field_4,1,MOVING_TO_FIELD,Field_9,1,MOVING_TO_FIELD,Field_4,1,MOVING_TO_FIELD,Field_8,1,MOVING_TO_FIELD,Field_9,1,PROTECTING,Field_8,1,MOVING_TO_FIELD,Field_20,1,MOVING_TO_FIELD,Field_6,1,MOVING_TO_FIELD,Field_2,1,PROTECTING,Field_7,1,PROTECTING,Field_7,1,MOVING_TO_FIELD,Field_4,1,MOVING_TO_FIELD,Field_4,1,PROTECTING,Field_7,1,MOVING_TO_FIELD,Field_4,1,MOVING_TO_FIELD,Field_4,38,0.04,0,4,4,18,0.07,0,1,2,3,0.05,0,0,4,13,0.13,2,8,2,0,0.02,1,5,1,25,0.07,0,2,4,9,0.16,3,2,0,15,0.13,1,2,1,1,0.08,0,2,3,20,0.17,0,0,6,55,0.13,0,0,4,25,0.12,0,0,1,13,0.04,0,0,2,51,0.20,0,0,6,71,0.22,0,0,6,47,0.19,0,0,2,40,0.11,0,0,2,68,0.19,0,0,1,0,0.06,0,0,2,1,0.06,0,6,3
175,514,1,0,9,0,30,0,1,MOVING_TO_FIELD,Field_20,1,MOVING_TO_FIELD,Field_5,1,MOVING_TO_FIELD,Field_5,1,PROTECTING,Field_4,1,MOVING_TO_FIELD,Field_4,1,MOVING_TO_FIELD,Field_20,1,MOVING_TO_FIELD,Field_4,1,MOVING_TO_FIELD,Field_1,1,MOVING_TO_FIELD,Field_7,1,MOVING_TO_FIELD,Field_20,1,PROTECTING,Field_5,1,MOVING_TO_FIELD,Field_4,1,MOVING_TO_FIELD,Field_1,1,MOVING_TO_FIELD,Field_5,1,MOVING_TO_FIELD,Field_20,1,MOVING_TO_FIELD,Field_5,1,PROTECTING,Field_7,1,MOVING_TO_FIELD,Field_6,1,MOVING_TO_FIELD,Field_1,1,MOVING_TO_FIELD,Field_5,1,MOVING_TO_FIELD,Field_8,1,IDLE,,1,MOVING_TO_FIELD,Field_20,1,MOVING_TO_FIELD,Field_1,1,PROTECTING,Field_4,1,MOVING_TO_FIELD,Field_9,1,PROTECTING,Field_4,1,MOVING_TO_FIELD,Field_8,1,MOVING_TO_FIELD,Field_9,1,PROTECTING,Field_8,1,MOVING_TO_FIELD,Field_20,1,MOVING_TO_FIELD,Field_6,1,MOVING_TO_FIELD,Field_2,1,PROTECTING,Field_7,1,PROTECTING,Field_7,1,MOVING_TO_FIELD,Field_4,1,MOVING_TO_FIELD,Field_4,1,PROTECTING,Field_7,1,MOVING_TO_FIELD,Field_4,1,MOVING_TO_FIELD,Field_4,38,0.04,0,4,4,18,0.07,0,1,2,3,0.06,0,0,4,13,0.12,3,7,1,0,0.02,1,5,1,25,0.05,0,2,4,10,0.15,4,1,-1,15,0.13,1,2,1,1,0.07,0,2,3,20,0.17,0,0,6,55,0.13,0,0,4,25,0.12,0,0,1,13,0.04,0,0,2,51,0.17,0,0,6,71,0.22,0,0,6,47,0.20,0,0,2,40,0.11,0,0,2,68,0.19,0,0,1,0,0.05,0,0,2,1,0.06,0,6,3
176,516,1,0,10,0,29,0,1,MOVING_TO_FIELD,Field_20,1,MOVING_TO_FIELD,Field_5,1,MOVING_TO_FIELD,Field_5,1,PROTECTING,Field_4,1,MOVING_TO_FIELD,Field_4,1,MOVING_TO_FIELD,Field_20,1,PROTECTING,Field_4,1,MOVING_TO_FIELD,Field_1,1,MOVING_TO_FIELD,Field_7,1,MOVING_TO_FIELD,Field_20,1,PROTECTING,Field_5,1,MOVING_TO_FIELD,Field_4,1,MOVING_TO_FIELD,Field_1,1,MOVING_TO_FIELD,Field_5,1,MOVING_TO_FIELD,Field_20,1,MOVING_TO_FIELD,Field_5,1,PROTECTING,Field_7,1,MOVING_TO_FIELD,Field_6,1,MOVING_TO_FIELD,Field_1,1,MOVING_TO_FIELD,Field_5,1,MOVING_TO_FIELD,Field_8,1,IDLE,,1,MOVING_TO_FIELD,Field_20,1,MOVING_TO_FIELD,Field_1,1,PROTECTING,Field_4,1,MOVING_TO_FIELD,Field_9,1,PROTECTING,Field_4,1,MOVING_TO_FIELD,Field_8,1,MOVING_TO_FIELD,Field_9,1,PROTECTING,Field_8,1,MOVING_TO_FIELD,Field_20,1,MOVING_TO_FIELD,Field_6,1,MOVING_TO_FIELD,Field_2,1,PROTECTING,Field_7,1,PROTECTING,Field_7,1,MOVING_TO_FIELD,Field_4,1,MOVING_TO_FIELD,Field_4,1,PROTECTING,Field_7,1,MOVING_TO_FIELD,Field_4,1,MOVING_TO_FIELD,Field_4,38,0.04,0,4,4,18,0.07,0,1,2,3,0.03,0,0,4,13,0.12,4,6,0,0,0.02,1,5,1,25,0.05,0,2,4,10,0.16,4,1,-1,16,0.14,1,2,1,1,0.07,0,2,3,20,0.17,0,0,6,55,0.13,0,0,4,25,0.12,0,0,1,13,0.04,0,0,2,51,0.17,0,0,6,71,0.22,0,0,6,47,0.19,0,0,2,40,0.11,0,0,2,69,0.19,0,0,1,0,0.03,0,0,2,1,0.06,0,6,3
177,519,1,0,10,0,29,0,1,MOVING_TO_FIELD,Field_20,1,MOVING_TO_FIELD,Field_5,1,MOVING_TO_FIELD,Field_5,1,PROTECTING,Field_4,1,MOVING_TO_FIELD,Field_4,1,MOVING_TO_FIELD,Field_20,1,PROTECTING,Field_4,1,MOVING_TO_FIELD,Field_1,1,MOVING_TO_FIELD,Field_7,1,MOVING_TO_FIELD,Field_20,1,PROTECTING,Field_5,1,MOVING_TO_FIELD,Field_4,1,MOVING_TO_FIELD,Field_1,1,MOVING_TO_FIELD,Field_5,1,MOVING_TO_FIELD,Field_20,1,MOVING_TO_FIELD,Field_5,1,PROTECTING,Field_7,1,MOVING_TO_FIELD,Field_6,1,MOVING_TO_FIELD,Field_1,1,MOVING_TO_FIELD,Field_5,1,MOVING_TO_FIELD,Field_8,1,IDLE,,1,MOVING_TO_FIELD,Field_20,1,MOVING_TO_FIELD,Field_1,1,PROTECTING,Field_4,1,MOVING_TO_FIELD,Field_9,1,PROTECTING,Field_4,1,MOVING_TO_FIELD,Field_8,1,MOVING_TO_FIELD,Field_9,1,PROTECTING,Field_8,1,MOVING_TO_FIELD,Field_20,1,MOVING_TO_FIELD,Field_6,1,MOVING_TO_FIELD,Field_2,1,PROTECTING,Field_7,1,PROTECTING,Field_7,1,MOVING_TO_FIELD,Field_4,1,MOVING_TO_FIELD,Field_4,1,PROTECTING,Field_7,1,MOVING_TO_FIELD,Field_4,1,MOVING_TO_FIELD,Field_4,38,0.04,0,4,4,18,0.05,0,1,2,3,0.03,0,0,4,13,0.12,4,6,0,0,0.02,1,5,1,25,0.07,0,2,4,11,0.17,4,1,-1,17,0.14,1,2,1,1,0.07,0,2,3,20,0.17,0,0,6,55,0.13,0,0,4,25,0.12,0,0,1,13,0.02,0,0,2,51,0.18,0,0,6,71,0.22,0,0,6,47,0.19,0,0,2,40,0.11,0,0,2,70,0.17,0,0,1,0,0.02,0,0,2,1,0.06,0,6,3
178,523,1,0,11,0,28,0,1,MOVING_TO_FIELD,Field_20,1,MOVING_TO_FIELD,Field_5,1,MOVING_TO_FIELD,Field_5,1,PROTECTING,Field_4,1,MOVING_TO_FIELD,Field_4,1,MOVING_TO_FIELD,Field_20,1,PROTECTING,Field_4,1,MOVING_TO_FIELD,Field_1,1,MOVING_TO_FIELD,Field_7,1,MOVING_TO_FIELD,Field_20,1,PROTECTING,Field_5,1,MOVING_TO_FIELD,Field_4,1,MOVING_TO_FIELD,Field_1,1,PROTECTING,Field_5,1,MOVING_TO_FIELD,Field_20,1,MOVING_TO_FIELD,Field_5,1,PROTECTING,Field_7,1,MOVING_TO_FIELD,Field_6,1,MOVING_TO_FIELD,Field_1,1,MOVING_TO_FIELD,Field_5,1,MOVING_TO_FIELD,Field_8,1,IDLE,,1,MOVING_TO_FIELD,Field_20,1,MOVING_TO_FIELD,Field_1,1,PROTECTING,Field_4,1,MOVING_TO_FIELD,Field_9,1,PROTECTING,Field_4,1,MOVING_TO_FIELD,Field_8,1,MOVING_TO_FIELD,Field_9,1,PROTECTING,Field_8,1,MOVING_TO_FIELD,Field_20,1,MOVING_TO_FIELD,Field_6,1,MOVING_TO_FIELD,Field_2,1,PROTECTING,Field_7,1,PROTECTING,Field_7,1,MOVING_TO_FIELD,Field_4,1,MOVING_TO_FIELD,Field_4,1,PROTECTING,Field_7,1,MOVING_TO_FIELD,Field_4,1,MOVING_TO_FIELD,Field_4,38,0.04,0,4,4,18,0.05,0,1,2,3,0.03,0,0,4,13,0.12,4,6,0,0,0.02,2,4,0,25,0.07,0,2,4,12,0.18,4,1,-1,18,0.14,1,2,1,1,0.08,0,2,3,20,0.18,0,0,6,55,0.12,0,0,4,25,0.12,0,0,1,13,0.02,0,0,2,51,0.18,0,0,6,71,0.22,0,0,6,48,0.17,0,0,2,40,0.13,0,0,2,71,0.17,0,0,1,0,0.05,0,0,2,1,0.06,0,6,3
179,528,1,0,13,0,26,0,1,MOVING_TO_FIELD,Field_20,1,PROTECTING,Field_5,1,MOVING_TO_FIELD,Field_5,1,PROTECTING,Field_4,1,PROTECTING,Field_4,1,MOVING_TO_FIELD,Field_20,1,PROTECTING,Field_4,1,MOVING_TO_FIELD,Field_1,1,MOVING_TO_FIELD,Field_7,1,MOVING_TO_FIELD,Field_20,1,PROTECTING,Field_5,1,MOVING_TO_FIELD,Field_4,1,MOVING_TO_FIELD,Field_1,1,PROTECTING,Field_5,1,MOVING_TO_FIELD,Field_20,1,MOVING_TO_FIELD,Field_5,1,PROTECTING,Field_7,1,MOVING_TO_FIELD,Field_6,1,MOVING_TO_FIELD,Field_1,1,MOVING_TO_FIELD,Field_5,1,MOVING_TO_FIELD,Field_8,1,IDLE,,1,MOVING_TO_FIELD,Field_20,1,MOVING_TO_FIELD,Field_1,1,PROTECTING,Field_4,1,MOVING_TO_FIELD,Field_9,1,PROTECTING,Field_4,1,MOVING_TO_FIELD,Field_8,1,MOVING_TO_FIELD,Field_9,1,PROTECTING,Field_8,1,MOVING_TO_FIELD,Field_20,1,MOVING_TO_FIELD,Field_6,1,MOVING_TO_FIELD,Field_2,1,PROTECTING,Field_7,1,PROTECTING,Field_7,1,MOVING_TO_FIELD,Field_4,1,MOVING_TO_FIELD,Field_4,1,PROTECTING,Field_7,1,MOVING_TO_FIELD,Field_4,1,MOVING_TO_FIELD,Field_4,38,0.04,0,4,4,18,0.05,0,1,2,3,0.03,0,0,4,13,0.12,5,5,-1,0,0.01,3,3,-1,25,0.07,0,2,4,15,0.19,4,1,-1,18,0.13,1,2,1,1,0.08,0,2,3,20,0.18,0,0,6,55,0.12,0,0,4,26,0.12,0,0,1,13,0.02,0,0,2,51,0.17,0,0,6,71,0.22,0,0,6,48,0.16,0,0,2,41,0.13,0,0,2,71,0.17,0,0,1,0,0.03,0,0,2,1,0.06,0,6,3
180,531,1,0,13,0,26,0,1,MOVING_TO_FIELD,Field_20,1,PROTECTING,Field_5,1,MOVING_TO_FIELD,Field_5,1,PROTECTING,Field_4,1,PROTECTING,Field_4,1,MOVING_TO_FIELD,Field_20,1,PROTECTING,Field_4,1,MOVING_TO_FIELD,Field_1,1,MOVING_TO_FIELD,Field_7,1,MOVING_TO_FIELD,Field_20,1,PROTECTING,Field_5,1,MOVING_TO_FIELD,Field_4,1,MOVING_TO_FIELD,Field_1,1,PROTECTING,Field_5,1,MOVING_TO_FIELD,Field_20,1,MOVING_TO_FIELD,Field_5,1,PROTECTING,Field_7,1,MOVING_TO_FIELD,Field_6,1,MOVING_TO_FIELD,Field_1,1,MOVING_TO_FIELD,Field_5,1,MOVING_TO_FIELD,Field_8,1,IDLE,,1,MOVING_TO_FIELD,Field_20,1,MOVING_TO_FIELD,Field_1,1,PROTECTING,Field_4,1,MOVING_TO_FIELD,Field_9,1,PROTECTING,Field_4,1,MOVING_TO_FIELD,Field_8,1,MOVING_TO_FIELD,Field_9,1,PROTECTING,Field_8,1,MOVING_TO_FIELD,Field_20,1,MOVING_TO_FIELD,Field_6,1,MOVING_TO_FIELD,Field_2,1,PROTECTING,Field_7,1,PROTECTING,Field_7,1,MOVING_TO_FIELD,Field_4,1,MOVING_TO_FIELD,Field_4,1,PROTECTING,Field_7,1,MOVING_TO_FIELD,Field_4,1,MOVING_TO_FIELD,Field_4,38,0.04,0,4,4,19,0.05,0,1,2,3,0.03,0,0,4,13,0.11,5,5,-1,0,0.01,3,3,-1,25,0.07,0,2,4,15,0.19,4,1,-1,18,0.13,1,2,1,1,0.08,0,2,3,20,0.19,0,0,6,55,0.13,0,0,4,26,0.12,0,0,1,13,0.02,0,0,2,51,0.18,0,0,6,72,0.21,0,0,6,49,0.16,0,0,2,41,0.11,0,0,2,71,0.17,0,0,1,0,0.03,0,0,2,1,0.04,0,6,3
181,532,0,0,13,0,27,0,1,MOVING_TO_FIELD,Field_5,1,PROTECTING,Field_5,1,MOVING_TO_FIELD,Field_1,1,PROTECTING,Field_4,1,PROTECTING,Field_4,1,MOVING_TO_FIELD,Field_4,1,PROTECTING,Field_4,1,MOVING_TO_FIELD,Field_5,1,MOVING_TO_FIELD,Field_20,1,MOVING_TO_FIELD,Field_4,1,PROTECTING,Field_5,1,MOVING_TO_FIELD,Field_20,1,MOVING_TO_FIELD,Field_5,1,PROTECTING,Field_5,1,MOVING_TO_FIELD,Field_1,1,MOVING_TO_FIELD,Field_5,1,PROTECTING,Field_7,1,MOVING_TO_FIELD,Field_4,1,MOVING_TO_FIELD,Field_5,1,MOVING_TO_FIELD,Field_4,1,MOVING_TO_FIELD,Field_8,1,MOVING_TO_FIELD,Field_1,1,MOVING_TO_FIELD,Field_1,1,MOVING_TO_FIELD,Field_5,1,PROTECTING,Field_4,1,MOVING_TO_FIELD,Field_6,1,PROTECTING,Field_4,1,MOVING_TO_FIELD,Field_2,1,MOVING_TO_FIELD,Field_8,1,PROTECTING,Field_8,1,MOVING_TO_FIELD,Field_4,1,MOVING_TO_FIELD,Field_20,1,MOVING_TO_FIELD,Field_6,1,PROTECTING,Field_7,1,PROTECTING,Field_7,1,MOVING_TO_FIELD,Field_20,1,MOVING_TO_FIELD,Field_20,1,PROTECTING,Field_7,1,MOVING_TO_FIELD,Field_4,1,MOVING_TO_FIELD,Field_20,38,0.04,0,4,4,19,0.05,0,1,2,3,0.03,0,0,4,13,0.11,5,6,-1,0,0.01,3,6,-1,25,0.07,0,2,4,15,0.19,4,0,-1,18,0.13,1,2,1,1,0.06,0,0,3,20,0.19,0,0,6,55,0.13,0,0,4,26,0.15,0,0,1,13,0.02,0,0,2,51,0.18,0,0,6,73,0.22,0,0,6,49,0.14,0,0,2,41,0.11,0,0,2,71,0.19,0,0,1,0,0.03,0,0,2,1,0.04,0,6,3
182,532,0,0,13,0,27,0,1,MOVING_TO_FIELD,Field_5,1,PROTECTING,Field_5,1,MOVING_TO_FIELD,Field_1,1,PROTECTING,Field_4,1,PROTECTING,Field_4,1,MOVING_TO_FIELD,Field_4,1,PROTECTING,Field_4,1,MOVING_TO_FIELD,Field_5,1,MOVING_TO_FIELD,Field_20,1,MOVING_TO_FIELD,Field_4,1,PROTECTING,Field_5,1,MOVING_TO_FIELD,Field_20,1,MOVING_TO_FIELD,Field_5,1,PROTECTING,Field_5,1,MOVING_TO_FIELD,Field_1,1,MOVING_TO_FIELD,Field_5,1,PROTECTING,Field_7,1,MOVING_TO_FIELD,Field_4,1,MOVING_TO_FIELD,Field_5,1,MOVING_TO_FIELD,Field_4,1,MOVING_TO_FIELD,Field_8,1,MOVING_TO_FIELD,Field_1,1,MOVING_TO_FIELD,Field_1,1,MOVING_TO_FIELD,Field_5,1,PROTECTING,Field_4,1,MOVING_TO_FIELD,Field_6,1,PROTECTING,Field_4,1,MOVING_TO_FIELD,Field_2,1,MOVING_TO_FIELD,Field_8,1,PROTECTING,Field_8,1,MOVING_TO_FIELD,Field_4,1,MOVING_TO_FIELD,Field_20,1,MOVING_TO_FIELD,Field_6,1,PROTECTING,Field_7,1,PROTECTING,Field_7,1,MOVING_TO_FIELD,Field_20,1,MOVING_TO_FIELD,Field_20,1,PROTECTING,Field_7,1,MOVING_TO_FIELD,Field_4,1,MOVING_TO_FIELD,Field_20,38,0.04,0,4,4,19,0.05,0,1,2,3,0.02,0,0,4,13,0.09,5,6,-1,0,0.01,3,6,-1,25,0.07,0,2,4,15,0.19,4,0,-1,18,0.13,1,2,1,1,0.06,0,0,3,20,0.19,0,0,6,55,0.14,0,0,4,26,0.15,0,0,1,13,0.02,0,0,2,51,0.18,0,0,6,73,0.22,0,0,6,49,0.14,0,0,2,41,0.10,0,0,2,71,0.19,0,0,1,0,0.02,0,0,2,1,0.04,0,6,3
183,534,0,0,13,0,27,0,1,MOVING_TO_FIELD,Field_5,1,PROTECTING,Field_5,1,MOVING_TO_FIELD,Field_1,1,PROTECTING,Field_4,1,PROTECTING,Field_4,1,MOVING_TO_FIELD,Field_4,1,PROTECTING,Field_4,1,MOVING_TO_FIELD,Field_5,1,MOVING_TO_FIELD,Field_20,1,MOVING_TO_FIELD,Field_4,1,PROTECTING,Field_5,1,MOVING_TO_FIELD,Field_20,1,MOVING_TO_FIELD,Field_5,1,PROTECTING,Field_5,1,MOVING_TO_FIELD,Field_1,1,MOVING_TO_FIELD,Field_5,1,PROTECTING,Field_7,1,MOVING_TO_FIELD,Field_4,1,MOVING_TO_FIELD,Field_5,1,MOVING_TO_FIELD,Field_4,1,MOVING_TO_FIELD,Field_8,1,MOVING_TO_FIELD,Field_1,1,MOVING_TO_FIELD,Field_1,1,MOVING_TO_FIELD,Field_5,1,PROTECTING,Field_4,1,MOVING_TO_FIELD,Field_6,1,PROTECTING,Field_4,1,MOVING_TO_FIELD,Field_2,1,MOVING_TO_FIELD,Field_8,1,PROTECTING,Field_8,1,MOVING_TO_FIELD,Field_4,1,MOVING_TO_FIELD,Field_20,1,MOVING_TO_FIELD,Field_6,1,PROTECTING,Field_7,1,PROTECTING,Field_7,1,MOVING_TO_FIELD,Field_20,1,MOVING_TO_FIELD,Field_20,1,PROTECTING,Field_7,1,MOVING_TO_FIELD,Field_4,1,MOVING_TO_FIELD,Field_20,38,0.05,0,4,4,19,0.05,0,1,2,3,0.02,0,0,4,13,0.10,5,6,-1,0,0.01,3,6,-1,25,0.08,0,2,4,16,0.18,4,0,-1,18,0.13,1,2,1,1,0.06,0,0,3,20,0.19,0,0,6,55,0.16,0,0,4,26,0.15,0,0,1,13,0.00,0,0,2,51,0.20,0,0,6,74,0.22,0,0,6,49,0.12,0,0,2,41,0.10,0,0,2,71,0.19,0,0,1,0,0.02,0,0,2,1,0.04,0,6,3
184,538,0,0,13,0,27,0,1,MOVING_TO_FIELD,Field_5,1,PROTECTING,Field_5,1,MOVING_TO_FIELD,Field_1,1,PROTECTING,Field_4,1,PROTECTING,Field_4,1,MOVING_TO_FIELD,Field_4,1,PROTECTING,Field_4,1,MOVING_TO_FIELD,Field_5,1,MOVING_TO_FIELD,Field_20,1,MOVING_TO_FIELD,Field_4,1,PROTECTING,Field_5,1,MOVING_TO_FIELD,Field_20,1,MOVING_TO_FIELD,Field_5,1,PROTECTING,Field_5,1,MOVING_TO_FIELD,Field_1,1,MOVING_TO_FIELD,Field_5,1,PROTECTING,Field_7,1,MOVING_TO_FIELD,Field_4,1,MOVING_TO_FIELD,Field_5,1,MOVING_TO_FIELD,Field_4,1,MOVING_TO_FIELD,Field_8,1,MOVING_TO_FIELD,Field_1,1,MOVING_TO_FIELD,Field_1,1,MOVING_TO_FIELD,Field_5,1,PROTECTING,Field_4,1,MOVING_TO_FIELD,Field_6,1,PROTECTING,Field_4,1,MOVING_TO_FIELD,Field_2,1,MOVING_TO_FIELD,Field_8,1,PROTECTING,Field_8,1,MOVING_TO_FIELD,Field_4,1,MOVING_TO_FIELD,Field_20,1,MOVING_TO_FIELD,Field_6,1,PROTECTING,Field_7,1,PROTECTING,Field_7,1,MOVING_TO_FIELD,Field_20,1,MOVING_TO_FIELD,Field_20,1,PROTECTING,Field_7,1,MOVING_TO_FIELD,Field_4,1,MOVING_TO_FIELD,Field_20,38,0.04,0,4,4,19,0.05,0,1,2,3,0.02,0,0,4,13,0.11,5,6,-1,0,0.01,3,6,-1,25,0.09,0,2,4,17,0.18,4,0,-1,18,0.13,1,2,1,1,0.07,0,0,3,20,0.20,0,0,6,55,0.17,0,0,4,27,0.15,0,0,1,13,0.02,0,0,2,52,0.20,0,0,6,75,0.23,0,0,6,49,0.11,0,0,2,41,0.10,0,0,2,71,0.17,0,0,1,0,0.02,0,0,2,1,0.04,0,6,3
185,541,0,0,14,0,26,0,1,MOVING_TO_FIELD,Field_5,1,PROTECTING,Field_5,1,MOVING_TO_FIELD,Field_1,1,PROTECTING,Field_4,1,PROTECTING,Field_4,1,MOVING_TO_FIELD,Field_4,1,PROTECTING,Field_4,1,MOVING_TO_FIELD,Field_5,1,MOVING_TO_FIELD,Field_20,1,MOVING_TO_FIELD,Field_4,1,PROTECTING,Field_5,1,MOVING_TO_FIELD,Field_20,1,MOVING_TO_FIELD,Field_5,1,PROTECTING,Field_5,1,MOVING_TO_FIELD,Field_1,1,MOVING_TO_FIELD,Field_5,1,PROTECTING,Field_7,1,MOVING_TO_FIELD,Field_4,1,MOVING_TO_FIELD,Field_5,1,MOVING_TO_FIELD,Field_4,1,PROTECTING,Field_8,1,MOVING_TO_FIELD,Field_1,1,MOVING_TO_FIELD,Field_1,1,MOVING_TO_FIELD,Field_5,1,PROTECTING,Field_4,1,MOVING_TO_FIELD,Field_6,1,PROTECTING,Field_4,1,MOVING_TO_FIELD,Field_2,1,MOVING_TO_FIELD,Field_8,1,PROTECTING,Field_8,1,MOVING_TO_FIELD,Field_4,1,MOVING_TO_FIELD,Field_20,1,MOVING_TO_FIELD,Field_6,1,PROTECTING,Field_7,1,PROTECTING,Field_7,1,MOVING_TO_FIELD,Field_20,1,MOVING_TO_FIELD,Field_20,1,PROTECTING,Field_7,1,MOVING_TO_FIELD,Field_4,1,MOVING_TO_FIELD,Field_20,38,0.06,0,4,4,19,0.05,0,1,2,3,0.02,0,0,4,13,0.10,5,6,-1,0,0.01,3,6,-1,25,0.09,0,2,4,18,0.18,4,0,-1,18,0.13,2,1,0,1,0.07,0,0,3,20,0.21,0,0,6,56,0.17,0,0,4,27,0.15,0,0,1,13,0.02,0,0,2,52,0.20,0,0,6,76,0.23,0,0,6,49,0.11,0,0,2,41,0.10,0,0,2,71,0.17,0,0,1,0,0.02,0,0,2,1,0.04,0,6,3
186,543,0,0,14,0,26,0,1,MOVING_TO_FIELD,Field_5,1,PROTECTING,Field_5,1,MOVING_TO_FIELD,Field_1,1,PROTECTING,Field_4,1,PROTECTING,Field_4,1,MOVING_TO_FIELD,Field_4,1,PROTECTING,Field_4,1,MOVING_TO_FIELD,Field_5,1,MOVING_TO_FIELD,Field_20,1,MOVING_TO_FIELD,Field_4,1,PROTECTING,Field_5,1,MOVING_TO_FIELD,Field_20,1,MOVING_TO_FIELD,Field_5,1,PROTECTING,Field_5,1,MOVING_TO_FIELD,Field_1,1,MOVING_TO_FIELD,Field_5,1,PROTECTING,Field_7,1,MOVING_TO_FIELD,Field_4,1,MOVING_TO_FIELD,Field_5,1,MOVING_TO_FIELD,Field_4,1,PROTECTING,Field_8,1,MOVING_TO_FIELD,Field_1,1,MOVING_TO_FIELD,Field_1,1,MOVING_TO_FIELD,Field_5,1,PROTECTING,Field_4,1,MOVING_TO_FIELD,Field_6,1,PROTECTING,Field_4,1,MOVING_TO_FIELD,Field_2,1,MOVING_TO_FIELD,Field_8,1,PROTECTING,Field_8,1,MOVING_TO_FIELD,Field_4,1,MOVING_TO_FIELD,Field_20,1,MOVING_TO_FIELD,Field_6,1,PROTECTING,Field_7,1,PROTECTING,Field_7,1,MOVING_TO_FIELD,Field_20,1,MOVING_TO_FIELD,Field_20,1,PROTECTING,Field_7,1,MOVING_TO_FIELD,Field_4,1,MOVING_TO_FIELD,Field_20,38,0.07,0,4,4,19,0.05,0,1,2,3,0.02,0,0,4,13,0.10,5,6,-1,0,0.01,3,6,-1,25,0.08,0,2,4,19,0.18,4,0,-1,18,0.11,2,1,0,1,0.07,0,0,3,20,0.21,0,0,6,56,0.18,0,0,4,27,0.12,0,0,1,13,0.02,0,0,2,53,0.20,0,0,6,76,0.22,0,0,6,49,0.12,0,0,2,41,0.10,0,0,2,71,0.17,0,0,1,0,0.02,0,0,2,1,0.04,0,6,3
187,545,0,0,15,0,25,0,1,PROTECTING,Field_5,1,PROTECTING,Field_5,1,MOVING_TO_FIELD,Field_1,1,PROTECTING,Field_4,1,PROTECTING,Field_4,1,MOVING_TO_FIELD,Field_4,1,PROTECTING,Field_4,1,MOVING_TO_FIELD,Field_5,1,MOVING_TO_FIELD,Field_20,1,MOVING_TO_FIELD,Field_4,1,PROTECTING,Field_5,1,MOVING_TO_FIELD,Field_20,1,MOVING_TO_FIELD,Field_5,1,PROTECTING,Field_5,1,MOVING_TO_FIELD,Field_1,1,MOVING_TO_FIELD,Field_5,1,PROTECTING,Field_7,1,MOVING_TO_FIELD,Field_4,1,MOVING_TO_FIELD,Field_5,1,MOVING_TO_FIELD,Field_4,1,PROTECTING,Field_8,1,MOVING_TO_FIELD,Field_1,1,MOVING_TO_FIELD,Field_1,1,MOVING_TO_FIELD,Field_5,1,PROTECTING,Field_4,1,MOVING_TO_FIELD,Field_6,1,PROTECTING,Field_4,1,MOVING_TO_FIELD,Field_2,1,MOVING_TO_FIELD,Field_8,1,PROTECTING,Field_8,1,MOVING_TO_FIELD,Field_4,1,MOVING_TO_FIELD,Field_20,1,MOVING_TO_FIELD,Field_6,1,PROTECTING,Field_7,1,PROTECTING,Field_7,1,MOVING_TO_FIELD,Field_20,1,MOVING_TO_FIELD,Field_20,1,PROTECTING,Field_7,1,MOVING_TO_FIELD,Field_4,1,MOVING_TO_FIELD,Field_20,38,0.06,0,4,4,19,0.07,0,1,2,3,0.02,0,0,4,13,0.10,5,6,-1,0,0.01,4,5,-2,25,0.08,0,2,4,20,0.19,4,0,-1,18,0.11,2,1,0,1,0.07,0,0,3,20,0.23,0,0,6,57,0.20,0,0,4,27,0.15,0,0,1,13,0.02,0,0,2,53,0.20,0,0,6,76,0.22,0,0,6,49,0.11,0,0,2,41,0.11,0,0,2,71,0.17,0,0,1,0,0.02,0,0,2,1,0.04,0,6,3
188,549,0,0,16,0,24,0,1,PROTECTING,Field_5,1,PROTECTING,Field_5,1,MOVING_TO_FIELD,Field_1,1,PROTECTING,Field_4,1,PROTECTING,Field_4,1,MOVING_TO_FIELD,Field_4,1,PROTECTING,Field_4,1,MOVING_TO_FIELD,Field_5,1,MOVING_TO_FIELD,Field_20,1,MOVING_TO_FIELD,Field_4,1,PROTECTING,Field_5,1,MOVING_TO_FIELD,Field_20,1,MOVING_TO_FIELD,Field_5,1,PROTECTING,Field_5,1,MOVING_TO_FIELD,Field_1,1,PROTECTING,Field_5,1,PROTECTING,Field_7,1,MOVING_TO_FIELD,Field_4,1,MOVING_TO_FIELD,Field_5,1,MOVING_TO_FIELD,Field_4,1,PROTECTING,Field_8,1,MOVING_TO_FIELD,Field_1,1,MOVING_TO_FIELD,Field_1,1,MOVING_TO_FIELD,Field_5,1,PROTECTING,Field_4,1,MOVING_TO_FIELD,Field_6,1,PROTECTING,Field_4,1,MOVING_TO_FIELD,Field_2,1,MOVING_TO_FIELD,Field_8,1,PROTECTING,Field_8,1,MOVING_TO_FIELD,Field_4,1,MOVING_TO_FIELD,Field_20,1,MOVING_TO_FIELD,Field_6,1,PROTECTING,Field_7,1,PROTECTING,Field_7,1,MOVING_TO_FIELD,Field_20,1,MOVING_TO_FIELD,Field_20,1,PROTECTING,Field_7,1,MOVING_TO_FIELD,Field_4,1,MOVING_TO_FIELD,Field_20,38,0.06,0,4,4,19,0.07,0,1,2,3,0.02,0,0,4,13,0.08,5,6,-1,0,0.01,5,4,-3,25,0.08,0,2,4,21,0.19,4,0,-1,18,0.11,2,1,0,1,0.06,0,0,3,21,0.23,0,0,6,58,0.20,0,0,4,28,0.15,0,0,1,13,0.02,0,0,2,53,0.20,0,0,6,76,0.22,0,0,6,49,0.11,0,0,2,41,0.10,0,0,2,71,0.15,0,0,1,0,0.02,0,0,2,1,0.04,0,6,3
189,552,0,0,16,0,24,0,1,PROTECTING,Field_5,1,PROTECTING,Field_5,1,MOVING_TO_FIELD,Field_1,1,PROTECTING,Field_4,1,PROTECTING,Field_4,1,MOVING_TO_FIELD,Field_4,1,PROTECTING,Field_4,1,MOVING_TO_FIELD,Field_5,1,MOVING_TO_FIELD,Field_20,1,MOVING_TO_FIELD,Field_4,1,PROTECTING,Field_5,1,MOVING_TO_FIELD,Field_20,1,MOVING_TO_FIELD,Field_5,1,PROTECTING,Field_5,1,MOVING_TO_FIELD,Field_1,1,PROTECTING,Field_5,1,PROTECTING,Field_7,1,MOVING_TO_FIELD,Field_4,1,MOVING_TO_FIELD,Field_5,1,MOVING_TO_FIELD,Field_4,1,PROTECTING,Field_8,1,MOVING_TO_FIELD,Field_1,1,MOVING_TO_FIELD,Field_1,1,MOVING_TO_FIELD,Field_5,1,PROTECTING,Field_4,1,MOVING_TO_FIELD,Field_6,1,PROTECTING,Field_4,1,MOVING_TO_FIELD,Field_2,1,MOVING_TO_FIELD,Field_8,1,PROTECTING,Field_8,1,MOVING_TO_FIELD,Field_4,1,MOVING_TO_FIELD,Field_20,1,MOVING_TO_FIELD,Field_6,1,PROTECTING,Field_7,1,PROTECTING,Field_7,1,MOVING_TO_FIELD,Field_20,1,MOVING_TO_FIELD,Field_20,1,PROTECTING,Field_7,1,MOVING_TO_FIELD,Field_4,1,MOVING_TO_FIELD,Field_20,38,0.06,0,4,4,20,0.07,0,1,2,3,0.02,0,0,4,13,0.07,5,6,-1,0,0.01,5,4,-3,25,0.07,0,2,4,21,0.18,4,0,-1,18,0.11,2,1,0,1,0.06,0,0,3,22,0.23,0,0,6,58,0.20,0,0,4,29,0.15,0,0,1,13,0.02,0,0,2,53,0.20,0,0,6,76,0.23,0,0,6,49,0.15,0,0,2,41,0.11,0,0,2,71,0.15,0,0,1,0,0.03,0,0,2,1,0.06,0,6,3
190,555,0,0,18,0,22,0,1,PROTECTING,Field_5,1,PROTECTING,Field_5,1,MOVING_TO_FIELD,Field_1,1,PROTECTING,Field_4,1,PROTECTING,Field_4,1,MOVING_TO_FIELD,Field_4,1,PROTECTING,Field_4,1,MOVING_TO_FIELD,Field_5,1,MOVING_TO_FIELD,Field_20,1,MOVING_TO_FIELD,Field_4,1,PROTECTING,Field_5,1,MOVING_TO_FIELD,Field_20,1,PROTECTING,Field_5,1,PROTECTING,Field_5,1,MOVING_TO_FIELD,Field_1,1,PROTECTING,Field_5,1,PROTECTING,Field_7,1,MOVING_TO_FIELD,Field_4,1,MOVING_TO_FIELD,Field_5,1,MOVING_TO_FIELD,Field_4,1,PROTECTING,Field_8,1,MOVING_TO_FIELD,Field_1,1,MOVING_TO_FIELD,Field_1,1,MOVING_TO_FIELD,Field_5,1,PROTECTING,Field_4,1,MOVING_TO_FIELD,Field_6,1,PROTECTING,Field_4,1,MOVING_TO_FIELD,Field_2,1,MOVING_TO_FIELD,Field_8,1,PROTECTING,Field_8,1,MOVING_TO_FIELD,Field_4,1,MOVING_TO_FIELD,Field_20,1,MOVING_TO_FIELD,Field_6,1,PROTECTING,Field_7,1,PROTECTING,Field_7,1,MOVING_TO_FIELD,Field_20,1,MOVING_TO_FIELD,Field_20,1,PROTECTING,Field_7,1,PROTECTING,Field_4,1,MOVING_TO_FIELD,Field_20,38,0.07,0,4,4,20,0.07,0,1,2,3,0.02,0,0,4,13,0.07,6,5,-2,0,0.01,6,3,-4,25,0.07,0,2,4,21,0.14,4,0,-1,18,0.10,2,1,0,1,0.07,0,0,3,24,0.23,0,0,6,59,0.20,0,0,4,29,0.15,0,0,1,13,0.02,0,0,2,53,0.20,0,0,6,76,0.23,0,0,6,49,0.14,0,0,2,41,0.11,0,0,2,71,0.15,0,0,1,0,0.03,0,0,2,1,0.06,0,6,3
191,558,0,0,18,0,22,0,1,PROTECTING,Field_5,1,PROTECTING,Field_5,1,MOVING_TO_FIELD,Field_5,1,PROTECTING,Field_4,1,PROTECTING,Field_4,1,MOVING_TO_FIELD,Field_20,1,PROTECTING,Field_4,1,MOVING_TO_FIELD,Field_1,1,MOVING_TO_FIELD,Field_1,1,MOVING_TO_FIELD,Field_20,1,PROTECTING,Field_5,1,MOVING_TO_FIELD,Field_20,1,PROTECTING,Field_5,1,PROTECTING,Field_5,1,MOVING_TO_FIELD,Field_5,1,PROTECTING,Field_5,1,PROTECTING,Field_7,1,MOVING_TO_FIELD,Field_20,1,MOVING_TO_FIELD,Field_5,1,MOVING_TO_FIELD,Field_4,1,PROTECTING,Field_8,1,MOVING_TO_FIELD,Field_5,1,MOVING_TO_FIELD,Field_5,1,MOVING_TO_FIELD,Field_5,1,PROTECTING,Field_4,1,MOVING_TO_FIELD,Field_20,1,PROTECTING,Field_4,1,MOVING_TO_FIELD,Field_4,1,MOVING_TO_FIELD,Field_4,1,PROTECTING,Field_8,1,MOVING_TO_FIELD,Field_4,1,MOVING_TO_FIELD,Field_1,1,MOVING_TO_FIELD,Field_4,1,PROTECTING,Field_7,1,PROTECTING,Field_7,1,MOVING_TO_FIELD,Field_4,1,MOVING_TO_FIELD,Field_1,1,PROTECTING,Field_7,1,PROTECTING,Field_4,1,MOVING_TO_FIELD,Field_20,38,0.07,0,4,4,20,0.08,0,0,2,3,0.02,0,0,4,13,0.07,6,6,-2,0,0.01,6,6,-4,25,0.09,0,0,4,21,0.14,4,0,-1,18,0.10,2,0,0,1,0.07,0,0,3,24,0.24,0,0,6,59,0.20,0,0,4,29,0.15,0,0,1,13,0.02,0,0,2,53,0.18,0,0,6,76,0.24,0,0,6,51,0.14,0,0,2,41,0.10,0,0,2,72,0.15,0,0,1,0,0.03,0,0,2,1,0.04,0,6,3
192,562,0,0,18,0,22,0,1,PROTECTING,Field_5,1,PROTECTING,Field_5,1,MOVING_TO_FIELD,Field_5,1,PROTECTING,Field_4,1,PROTECTING,Field_4,1,MOVING_TO_FIELD,Field_20,1,PROTECTING,Field_4,1,MOVING_TO_FIELD,Field_1,1,MOVING_TO_FIELD,Field_1,1,MOVING_TO_FIELD,Field_20,1,PROTECTING,Field_5,1,MOVING_TO_FIELD,Field_20,1,PROTECTING,Field_5,1,PROTECTING,Field_5,1,MOVING_TO_FIELD,Field_5,1,PROTECTING,Field_5,1,PROTECTING,Field_7,1,MOVING_TO_FIELD,Field_20,1,MOVING_TO_FIELD,Field_5,1,MOVING_TO_FIELD,Field_4,1,PROTECTING,Field_8,1,MOVING_TO_FIELD,Field_5,1,MOVING_TO_FIELD,Field_5,1,MOVING_TO_FIELD,Field_5,1,PROTECTING,Field_4,1,MOVING_TO_FIELD,Field_20,1,PROTECTING,Field_4,1,MOVING_TO_FIELD,Field_4,1,MOVING_TO_FIELD,Field_4,1,PROTECTING,Field_8,1,MOVING_TO_FIELD,Field_4,1,MOVING_TO_FIELD,Field_1,1,MOVING_TO_FIELD,Field_4,1,PROTECTING,Field_7,1,PROTECTING,Field_7,1,MOVING_TO_FIELD,Field_4,1,MOVING_TO_FIELD,Field_1,1,PROTECTING,Field_7,1,PROTECTING,Field_4,1,MOVING_TO_FIELD,Field_20,38,0.07,0,4,4,21,0.08,0,0,2,3,0.02,0,0,4,13,0.07,6,6,-2,0,0.01,6,6,-4,25,0.09,0,0,4,21,0.12,4,0,-1,18,0.10,2,0,0,1,0.06,0,0,3,25,0.23,0,0,6,61,0.18,0,0,4,29,0.18,0,0,1,13,0.02,0,0,2,53,0.18,0,0,6,76,0.23,0,0,6,51,0.12,0,0,2,41,0.10,0,0,2,72,0.11,0,0,1,0,0.03,0,0,2,1,0.04,0,6,3
193,564,0,0,18,0,22,0,1,PROTECTING,Field_5,1,PROTECTING,Field_5,1,MOVING_TO_FIELD,Field_5,1,PROTECTING,Field_4,1,PROTECTING,Field_4,1,MOVING_TO_FIELD,Field_20,1,PROTECTING,Field_4,1,MOVING_TO_FIELD,Field_1,1,MOVING_TO_FIELD,Field_1,1,MOVING_TO_FIELD,Field_20,1,PROTECTING,Field_5,1,MOVING_TO_FIELD,Field_20,1,PROTECTING,Field_5,1,PROTECTING,Field_5,1,MOVING_TO_FIELD,Field_5,1,PROTECTING,Field_5,1,PROTECTING,Field_7,1,MOVING_TO_FIELD,Field_20,1,MOVING_TO_FIELD,Field_5,1,MOVING_TO_FIELD,Field_4,1,PROTECTING,Field_8,1,MOVING_TO_FIELD,Field_5,1,MOVING_TO_FIELD,Field_5,1,MOVING_TO_FIELD,Field_5,1,PROTECTING,Field_4,1,MOVING_TO_FIELD,Field_20,1,PROTECTING,Field_4,1,MOVING_TO_FIELD,Field_4,1,MOVING_TO_FIELD,Field_4,1,PROTECTING,Field_8,1,MOVING_TO_FIELD,Field_4,1,MOVING_TO_FIELD,Field_1,1,MOVING_TO_FIELD,Field_4,1,PROTECTING,Field_7,1,PROTECTING,Field_7,1,MOVING_TO_FIELD,Field_4,1,MOVING_TO_FIELD,Field_1,1,PROTECTING,Field_7,1,PROTECTING,Field_4,1,MOVING_TO_FIELD,Field_20,38,0.08,0,4,4,21,0.07,0,0,2,3,0.02,0,0,4,13,0.06,6,6,-2,0,0.02,6,6,-4,25,0.10,0,0,4,21,0.10,4,0,-1,18,0.09,2,0,0,1,0.06,0,0,3,25,0.21,0,0,6,61,0.18,0,0,4,31,0.18,0,0,1,13,0.02,0,0,2,53,0.17,0,0,6,76,0.22,0,0,6,51,0.12,0,0,2,41,0.11,0,0,2,72,0.09,0,0,1,0,0.02,0,0,2,1,0.04,0,6,3
194,564,0,0,18,0,22,0,1,PROTECTING,Field_5,1,PROTECTING,Field_5,1,MOVING_TO_FIELD,Field_5,1,PROTECTING,Field_4,1,PROTECTING,Field_4,1,MOVING_TO_FIELD,Field_20,1,PROTECTING,Field_4,1,MOVING_TO_FIELD,Field_1,1,MOVING_TO_FIELD,Field_1,1,MOVING_TO_FIELD,Field_20,1,PROTECTING,Field_5,1,MOVING_TO_FIELD,Field_20,1,PROTECTING,Field_5,1,PROTECTING,Field_5,1,MOVING_TO_FIELD,Field_5,1,PROTECTING,Field_5,1,PROTECTING,Field_7,1,MOVING_TO_FIELD,Field_20,1,MOVING_TO_FIELD,Field_5,1,MOVING_TO_FIELD,Field_4,1,PROTECTING,Field_8,1,MOVING_TO_FIELD,Field_5,1,MOVING_TO_FIELD,Field_5,1,MOVING_TO_FIELD,Field_5,1,PROTECTING,Field_4,1,MOVING_TO_FIELD,Field_20,1,PROTECTING,Field_4,1,MOVING_TO_FIELD,Field_4,1,MOVING_TO_FIELD,Field_4,1,PROTECTING,Field_8,1,MOVING_TO_FIELD,Field_4,1,MOVING_TO_FIELD,Field_1,1,MOVING_TO_FIELD,Field_4,1,PROTECTING,Field_7,1,PROTECTING,Field_7,1,MOVING_TO_FIELD,Field_4,1,MOVING_TO_FIELD,Field_1,1,PROTECTING,Field_7,1,PROTECTING,Field_4,1,MOVING_TO_FIELD,Field_20,38,0.08,0,4,4,21,0.05,0,0,2,3,0.02,0,0,4,13,0.04,6,6,-2,0,0.02,6,6,-4,25,0.10,0,0,4,21,0.11,4,0,-1,18,0.09,2,0,0,1,0.06,0,0,3,25,0.20,0,0,6,61,0.20,0,0,4,31,0.18,0,0,1,13,0.04,0,0,2,53,0.15,0,0,6,76,0.22,0,0,6,51,0.12,0,0,2,41,0.10,0,0,2,72,0.09,0,0,1,0,0.02,0,0,2,1,0.04,0,6,3
195,565,0,0,18,0,22,0,1,PROTECTING,Field_5,1,PROTECTING,Field_5,1,MOVING_TO_FIELD,Field_5,1,PROTECTING,Field_4,1,PROTECTING,Field_4,1,MOVING_TO_FIELD,Field_20,1,PROTECTING,Field_4,1,MOVING_TO_FIELD,Field_1,1,MOVING_TO_FIELD,Field_1,1,MOVING_TO_FIELD,Field_20,1,PROTECTING,Field_5,1,MOVING_TO_FIELD,Field_20,1,PROTECTING,Field_5,1,PROTECTING,Field_5,1,MOVING_TO_FIELD,Field_5,1,PROTECTING,Field_5,1,PROTECTING,Field_7,1,MOVING_TO_FIELD,Field_20,1,MOVING_TO_FIELD,Field_5,1,MOVING_TO_FIELD,Field_4,1,PROTECTING,Field_8,1,MOVING_TO_FIELD,Field_5,1,MOVING_TO_FIELD,Field_5,1,MOVING_TO_FIELD,Field_5,1,PROTECTING,Field_4,1,MOVING_TO_FIELD,Field_20,1,PROTECTING,Field_4,1,MOVING_TO_FIELD,Field_4,1,MOVING_TO_FIELD,Field_4,1,PROTECTING,Field_8,1,MOVING_TO_FIELD,Field_4,1,MOVING_TO_FIELD,Field_1,1,MOVING_TO_FIELD,Field_4,1,PROTECTING,Field_7,1,PROTECTING,Field_7,1,MOVING_TO_FIELD,Field_4,1,MOVING_TO_FIELD,Field_1,1,PROTECTING,Field_7,1,PROTECTING,Field_4,1,MOVING_TO_FIELD,Field_20,38,0.07,0,4,4,21,0.05,0,0,2,3,0.02,0,0,4,13,0.04,6,6,-2,0,0.02,6,6,-4,25,0.10,0,0,4,21,0.09,4,0,-1,18,0.09,2,0,0,1,0.09,0,0,3,25,0.21,0,0,6,61,0.20,0,0,4,31,0.18,0,0,1,13,0.04,0,0,2,53,0.17,0,0,6,76,0.20,0,0,6,52,0.11,0,0,2,41,0.10,0,0,2,72,0.09,0,0,1,0,0.03,0,0,2,1,0.04,0,6,3
196,566,0,0,18,0,22,0,1,PROTECTING,Field_5,1,PROTECTING,Field_5,1,MOVING_TO_FIELD,Field_5,1,PROTECTING,Field_4,1,PROTECTING,Field_4,1,MOVING_TO_FIELD,Field_20,1,PROTECTING,Field_4,1,MOVING_TO_FIELD,Field_1,1,MOVING_TO_FIELD,Field_1,1,MOVING_TO_FIELD,Field_20,1,PROTECTING,Field_5,1,MOVING_TO_FIELD,Field_20,1,PROTECTING,Field_5,1,PROTECTING,Field_5,1,MOVING_TO_FIELD,Field_5,1,PROTECTING,Field_5,1,PROTECTING,Field_7,1,MOVING_TO_FIELD,Field_20,1,MOVING_TO_FIELD,Field_5,1,MOVING_TO_FIELD,Field_4,1,PROTECTING,Field_8,1,MOVING_TO_FIELD,Field_5,1,MOVING_TO_FIELD,Field_5,1,MOVING_TO_FIELD,Field_5,1,PROTECTING,Field_4,1,MOVING_TO_FIELD,Field_20,1,PROTECTING,Field_4,1,MOVING_TO_FIELD,Field_4,1,MOVING_TO_FIELD,Field_4,1,PROTECTING,Field_8,1,MOVING_TO_FIELD,Field_4,1,MOVING_TO_FIELD,Field_1,1,MOVING_TO_FIELD,Field_4,1,PROTECTING,Field_7,1,PROTECTING,Field_7,1,MOVING_TO_FIELD,Field_4,1,MOVING_TO_FIELD,Field_1,1,PROTECTING,Field_7,1,PROTECTING,Field_4,1,MOVING_TO_FIELD,Field_20,39,0.07,0,4,4,21,0.05,0,0,2,3,0.02,0,0,4,13,0.04,6,6,-2,0,0.02,6,6,-4,25,0.11,0,0,4,21,0.10,4,0,-1,18,0.09,2,0,0,1,0.11,0,0,3,25,0.20,0,0,6,61,0.21,0,0,4,31,0.18,0,0,1,13,0.04,0,0,2,53,0.17,0,0,6,76,0.18,0,0,6,52,0.12,0,0,2,41,0.10,0,0,2,72,0.07,0,0,1,0,0.03,0,0,2,1,0.04,0,6,3
197,568,0,0,20,0,20,0,1,PROTECTING,Field_5,1,PROTECTING,Field_5,1,MOVING_TO_FIELD,Field_5,1,PROTECTING,Field_4,1,PROTECTING,Field_4,1,MOVING_TO_FIELD,Field_20,1,PROTECTING,Field_4,1,MOVING_TO_FIELD,Field_1,1,MOVING_TO_FIELD,Field_1,1,MOVING_TO_FIELD,Field_20,1,PROTECTING,Field_5,1,MOVING_TO_FIELD,Field_20,1,PROTECTING,Field_5,1,PROTECTING,Field_5,1,MOVING_TO_FIELD,Field_5,1,PROTECTING,Field_5,1,PROTECTING,Field_7,1,MOVING_TO_FIELD,Field_20,1,PROTECTING,Field_5,1,MOVING_TO_FIELD,Field_4,1,PROTECTING,Field_8,1,PROTECTING,Field_5,1,MOVING_TO_FIELD,Field_5,1,MOVING_TO_FIELD,Field_5,1,PROTECTING,Field_4,1,MOVING_TO_FIELD,Field_20,1,PROTECTING,Field_4,1,MOVING_TO_FIELD,Field_4,1,MOVING_TO_FIELD,Field_4,1,PROTECTING,Field_8,1,MOVING_TO_FIELD,Field_4,1,MOVING_TO_FIELD,Field_1,1,MOVING_TO_FIELD,Field_4,1,PROTECTING,Field_7,1,PROTECTING,Field_7,1,MOVING_TO_FIELD,Field_4,1,MOVING_TO_FIELD,Field_1,1,PROTECTING,Field_7,1,PROTECTING,Field_4,1,MOVING_TO_FIELD,Field_20,39,0.07,0,4,4,22,0.05,0,0,2,3,0.02,0,0,4,13,0.06,6,6,-2,0,0.02,8,4,-6,25,0.11,0,0,4,21,0.10,4,0,-1,18,0.04,2,0,0,1,0.11,0,0,3,25,0.20,0,0,6,61,0.21,0,0,4,32,0.18,0,0,1,13,0.04,0,0,2,53,0.20,0,0,6,76,0.17,0,0,6,52,0.14,0,0,2,41,0.13,0,0,2,72,0.09,0,0,1,0,0.03,0,0,2,1,0.04,0,6,3
198,568,0,0,20,0,20,0,1,PROTECTING,Field_5,1,PROTECTING,Field_5,1,MOVING_TO_FIELD,Field_5,1,PROTECTING,Field_4,1,PROTECTING,Field_4,1,MOVING_TO_FIELD,Field_20,1,PROTECTING,Field_4,1,MOVING_TO_FIELD,Field_1,1,MOVING_TO_FIELD,Field_1,1,MOVING_TO_FIELD,Field_20,1,PROTECTING,Field_5,1,MOVING_TO_FIELD,Field_20,1,PROTECTING,Field_5,1,PROTECTING,Field_5,1,MOVING_TO_FIELD,Field_5,1,PROTECTING,Field_5,1,PROTECTING,Field_7,1,MOVING_TO_FIELD,Field_20,1,PROTECTING,Field_5,1,MOVING_TO_FIELD,Field_4,1,PROTECTING,Field_8,1,PROTECTING,Field_5,1,MOVING_TO_FIELD,Field_5,1,MOVING_TO_FIELD,Field_5,1,PROTECTING,Field_4,1,MOVING_TO_FIELD,Field_20,1,PROTECTING,Field_4,1,MOVING_TO_FIELD,Field_4,1,MOVING_TO_FIELD,Field_4,1,PROTECTING,Field_8,1,MOVING_TO_FIELD,Field_4,1,MOVING_TO_FIELD,Field_1,1,MOVING_TO_FIELD,Field_4,1,PROTECTING,Field_7,1,PROTECTING,Field_7,1,MOVING_TO_FIELD,Field_4,1,MOVING_TO_FIELD,Field_1,1,PROTECTING,Field_7,1,PROTECTING,Field_4,1,MOVING_TO_FIELD,Field_20,39,0.07,0,4,4,22,0.04,0,0,2,3,0.02,0,0,4,13,0.06,6,6,-2,0,0.02,8,4,-6,25,0.11,0,0,4,21,0.10,4,0,-1,18,0.04,2,0,0,1,0.10,0,0,3,25,0.21,0,0,6,61,0.20,0,0,4,32,0.18,0,0,1,13,0.04,0,0,2,53,0.21,0,0,6,76,0.16,0,0,6,52,0.15,0,0,2,41,0.13,0,0,2,72,0.09,0,0,1,0,0.02,0,0,2,1,0.04,0,6,3
199,568,0,0,20,0,20,0,1,PROTECTING,Field_5,1,PROTECTING,Field_5,1,MOVING_TO_FIELD,Field_5,1,PROTECTING,Field_4,1,PROTECTING,Field_4,1,MOVING_TO_FIELD,Field_20,1,PROTECTING,Field_4,1,MOVING_TO_FIELD,Field_1,1,MOVING_TO_FIELD,Field_1,1,MOVING_TO_FIELD,Field_20,1,PROTECTING,Field_5,1,MOVING_TO_FIELD,Field_20,1,PROTECTING,Field_5,1,PROTECTING,Field_5,1,MOVING_TO_FIELD,Field_5,1,PROTECTING,Field_5,1,PROTECTING,Field_7,1,MOVING_TO_FIELD,Field_20,1,PROTECTING,Field_5,1,MOVING_TO_FIELD,Field_4,1,PROTECTING,Field_8,1,PROTECTING,Field_5,1,MOVING_TO_FIELD,Field_5,1,MOVING_TO_FIELD,Field_5,1,PROTECTING,Field_4,1,MOVING_TO_FIELD,Field_20,1,PROTECTING,Field_4,1,MOVING_TO_FIELD,Field_4,1,MOVING_TO_FIELD,Field_4,1,PROTECTING,Field_8,1,MOVING_TO_FIELD,Field_4,1,MOVING_TO_FIELD,Field_1,1,MOVING_TO_FIELD,Field_4,1,PROTECTING,Field_7,1,PROTECTING,Field_7,1,MOVING_TO_FIELD,Field_4,1,MOVING_TO_FIELD,Field_1,1,PROTECTING,Field_7,1,PROTECTING,Field_4,1,MOVING_TO_FIELD,Field_20,39,0.08,0,4,4,22,0.03,0,0,2,3,0.02,0,0,4,13,0.06,6,6,-2,0,0.02,8,4,-6,25,0.10,0,0,4,21,0.09,4,0,-1,18,0.04,2,0,0,1,0.12,0,0,3,25,0.21,0,0,6,61,0.20,0,0,4,32,0.18,0,0,1,13,0.04,0,0,2,53,0.20,0,0,6,76,0.17,0,0,6,52,0.15,0,0,2,41,0.13,0,0,2,72,0.11,0,0,1,0,0.03,0,0,2,1,0.04,0,6,3
200,569,0,0,20,0,20,0,1,PROTECTING,Field_5,1,PROTECTING,Field_5,1,MOVING_TO_FIELD,Field_5,1,PROTECTING,Field_4,1,PROTECTING,Field_4,1,MOVING_TO_FIELD,Field_20,1,PROTECTING,Field_4,1,MOVING_TO_FIELD,Field_1,1,MOVING_TO_FIELD,Field_1,1,MOVING_TO_FIELD,Field_20,1,PROTECTING,Field_5,1,MOVING_TO_FIELD,Field_20,1,PROTECTING,Field_5,1,PROTECTING,Field_5,1,MOVING_TO_FIELD,Field_5,1,PROTECTING,Field_5,1,PROTECTING,Field_7,1,MOVING_TO_FIELD,Field_20,1,PROTECTING,Field_5,1,MOVING_TO_FIELD,Field_4,1,PROTECTING,Field_8,1,PROTECTING,Field_5,1,MOVING_TO_FIELD,Field_5,1,MOVING_TO_FIELD,Field_5,1,PROTECTING,Field_4,1,MOVING_TO_FIELD,Field_20,1,PROTECTING,Field_4,1,MOVING_TO_FIELD,Field_4,1,MOVING_TO_FIELD,Field_4,1,PROTECTING,Field_8,1,MOVING_TO_FIELD,Field_4,1,MOVING_TO_FIELD,Field_1,1,MOVING_TO_FIELD,Field_4,1,PROTECTING,Field_7,1,PROTECTING,Field_7,1,MOVING_TO_FIELD,Field_4,1,MOVING_TO_FIELD,Field_1,1,PROTECTING,Field_7,1,PROTECTING,Field_4,1,MOVING_TO_FIELD,Field_20,39,0.09,0,4,4,22,0.03,0,0,2,3,0.02,0,0,4,13,0.06,6,6,-2,0,0.02,8,4,-6,25,0.11,0,0,4,21,0.10,4,0,-1,18,0.04,2,0,0,1,0.12,0,0,3,25,0.20,0,0,6,61,0.21,0,0,4,32,0.18,0,0,1,13,0.04,0,0,2,53,0.20,0,0,6,76,0.17,0,0,6,53,0.16,0,0,2,41,0.13,0,0,2,72,0.06,0,0,1,0,0.03,0,0,2,1,0.04,0,6,3
201,569,0,0,6,0,34,0,1,MOVING_TO_FIELD,Field_1,1,MOVING_TO_FIELD,Field_1,1,MOVING_TO_FIELD,Field_1,1,MOVING_TO_FIELD,Field_1,1,MOVING_TO_FIELD,Field_20,1,MOVING_TO_FIELD,Field_20,1,MOVING_TO_FIELD,Field_20,1,MOVING_TO_FIELD,Field_1,1,MOVING_TO_FIELD,Field_1,1,MOVING_TO_FIELD,Field_20,1,MOVING_TO_FIELD,Field_20,1,MOVING_TO_FIELD,Field_20,1,MOVING_TO_FIELD,Field_4,1,MOVING_TO_FIELD,Field_4,1,MOVING_TO_FIELD,Field_4,1,MOVING_TO_FIELD,Field_4,1,PROTECTING,Field_7,1,MOVING_TO_FIELD,Field_4,1,MOVING_TO_FIELD,Field_4,1,MOVING_TO_FIELD,Field_2,1,PROTECTING,Field_8,1,PROTECTING,Field_5,1,MOVING_TO_FIELD,Field_5,1,MOVING_TO_FIELD,Field_5,1,MOVING_TO_FIELD,Field_5,1,MOVING_TO_FIELD,Field_5,1,MOVING_TO_FIELD,Field_5,1,MOVING_TO_FIELD,Field_6,1,MOVING_TO_FIELD,Field_6,1,PROTECTING,Field_8,1,MOVING_TO_FIELD,Field_7,1,MOVING_TO_FIELD,Field_1,1,MOVING_TO_FIELD,Field_7,1,PROTECTING,Field_7,1,PROTECTING,Field_7,1,MOVING_TO_FIELD,Field_9,1,MOVING_TO_FIELD,Field_1,1,MOVING_TO_FIELD,Field_9,1,MOVING_TO_FIELD,Field_9,1,MOVING_TO_FIELD,Field_6,39,0.10,0,8,4,22,0.03,0,1,2,3,0.02,0,0,4,13,0.06,0,6,4,0,0.02,1,5,1,25,0.11,0,3,4,21,0.08,3,2,0,18,0.03,2,0,0,1,0.12,0,3,3,25,0.20,0,0,6,61,0.21,0,0,4,32,0.15,0,0,1,13,0.04,0,0,2,53,0.18,0,0,6,76,0.17,0,0,6,53,0.16,0,0,2,41,0.13,0,0,2,72,0.06,0,0,1,0,0.03,0,0,2,1,0.04,0,6,3
202,571,0,0,6,0,34,0,1,MOVING_TO_FIELD,Field_1,1,MOVING_TO_FIELD,Field_1,1,MOVING_TO_FIELD,Field_1,1,MOVING_TO_FIELD,Field_1,1,MOVING_TO_FIELD,Field_20,1,MOVING_TO_FIELD,Field_20,1,MOVING_TO_FIELD,Field_20,1,MOVING_TO_FIELD,Field_1,1,MOVING_TO_FIELD,Field_1,1,MOVING_TO_FIELD,Field_20,1,MOVING_TO_FIELD,Field_20,1,MOVING_TO_FIELD,Field_20,1,MOVING_TO_FIELD,Field_4,1,MOVING_TO_FIELD,Field_4,1,MOVING_TO_FIELD,Field_4,1,MOVING_TO_FIELD,Field_4,1,PROTECTING,Field_7,1,MOVING_TO_FIELD,Field_4,1,MOVING_TO_FIELD,Field_4,1,MOVING_TO_FIELD,Field_2,1,PROTECTING,Field_8,1,PROTECTING,Field_5,1,MOVING_TO_FIELD,Field_5,1,MOVING_TO_FIELD,Field_5,1,MOVING_TO_FIELD,Field_5,1,MOVING_TO_FIELD,Field_5,1,MOVING_TO_FIELD,Field_5,1,MOVING_TO_FIELD,Field_6,1,MOVING_TO_FIELD,Field_6,1,PROTECTING,Field_8,1,MOVING_TO_FIELD,Field_7,1,MOVING_TO_FIELD,Field_1,1,MOVING_TO_FIELD,Field_7,1,PROTECTING,Field_7,1,PROTECTING,Field_7,1,MOVING_TO_FIELD,Field_9,1,MOVING_TO_FIELD,Field_1,1,MOVING_TO_FIELD,Field_9,1,MOVING_TO_FIELD,Field_9,1,MOVING_TO_FIELD,Field_6,39,0.09,0,8,4,22,0.03,0,1,2,3,0.02,0,0,4,13,0.06,0,6,4,0,0.00,1,5,1,25,0.11,0,3,4,21,0.08,3,2,0,18,0.03,2,0,0,1,0.12,0,3,3,25,0.20,0,0,6,61,0.18,0,0,4,33,0.15,0,0,1,13,0.04,0,0,2,53,0.18,0,0,6,77,0.17,0,0,6,53,0.16,0,0,2,41,0.11,0,0,2,72,0.06,0,0,1,0,0.03,0,0,2,1,0.06,0,6,3
203,572,0,0,6,0,34,0,1,MOVING_TO_FIELD,Field_1,1,MOVING_TO_FIELD,Field_1,1,MOVING_TO_FIELD,Field_1,1,MOVING_TO_FIELD,Field_1,1,MOVING_TO_FIELD,Field_20,1,MOVING_TO_FIELD,Field_20,1,MOVING_TO_FIELD,Field_20,1,MOVING_TO_FIELD,Field_1,1,MOVING_TO_FIELD,Field_1,1,MOVING_TO_FIELD,Field_20,1,MOVING_TO_FIELD,Field_20,1,MOVING_TO_FIELD,Field_20,1,MOVING_TO_FIELD,Field_4,1,MOVING_TO_FIELD,Field_4,1,MOVING_TO_FIELD,Field_4,1,MOVING_TO_FIELD,Field_4,1,PROTECTING,Field_7,1,MOVING_TO_FIELD,Field_4,1,MOVING_TO_FIELD,Field_4,1,MOVING_TO_FIELD,Field_2,1,PROTECTING,Field_8,1,PROTECTING,Field_5,1,MOVING_TO_FIELD,Field_5,1,MOVING_TO_FIELD,Field_5,1,MOVING_TO_FIELD,Field_5,1,MOVING_TO_FIELD,Field_5,1,MOVING_TO_FIELD,Field_5,1,MOVING_TO_FIELD,Field_6,1,MOVING_TO_FIELD,Field_6,1,PROTECTING,Field_8,1,MOVING_TO_FIELD,Field_7,1,MOVING_TO_FIELD,Field_1,1,MOVING_TO_FIELD,Field_7,1,PROTECTING,Field_7,1,PROTECTING,Field_7,1,MOVING_TO_FIELD,Field_9,1,MOVING_TO_FIELD,Field_1,1,MOVING_TO_FIELD,Field_9,1,MOVING_TO_FIELD,Field_9,1,MOVING_TO_FIELD,Field_6,40,0.09,0,8,4,22,0.02,0,1,2,3,0.02,0,0,4,13,0.07,0,6,4,0,0.00,1,5,1,25,0.10,0,3,4,21,0.07,3,2,0,18,0.01,2,0,0,1,0.10,0,3,3,25,0.19,0,0,6,61,0.18,0,0,4,33,0.15,0,0,1,13,0.04,0,0,2,53,0.18,0,0,6,77,0.17,0,0,6,53,0.15,0,0,2,41,0.13,0,0,2,72,0.06,0,0,1,0,0.03,0,0,2,1,0.06,0,6,3
204,575,0,0,7,0,33,0,1,MOVING_TO_FIELD,Field_1,1,MOVING_TO_FIELD,Field_1,1,MOVING_TO_FIELD,Field_1,1,MOVING_TO_FIELD,Field_1,1,MOVING_TO_FIELD,Field_20,1,MOVING_TO_FIELD,Field_20,1,MOVING_TO_FIELD,Field_20,1,MOVING_TO_FIELD,Field_1,1,MOVING_TO_FIELD,Field_1,1,MOVING_TO_FIELD,Field_20,1,MOVING_TO_FIELD,Field_20,1,MOVING_TO_FIELD,Field_20,1,MOVING_TO_FIELD,Field_4,1,MOVING_TO_FIELD,Field_4,1,MOVING_TO_FIELD,Field_4,1,MOVING_TO_FIELD,Field_4,1,PROTECTING,Field_7,1,MOVING_TO_FIELD,Field_4,1,MOVING_TO_FIELD,Field_4,1,MOVING_TO_FIELD,Field_2,1,PROTECTING,Field_8,1,PROTECTING,Field_5,1,MOVING_TO_FIELD,Field_5,1,PROTECTING,Field_5,1,MOVING_TO_FIELD,Field_5,1,MOVING_TO_FIELD,Field_5,1,MOVING_TO_FIELD,Field_5,1,MOVING_TO_FIELD,Field_6,1,MOVING_TO_FIELD,Field_6,1,PROTECTING,Field_8,1,MOVING_TO_FIELD,Field_7,1,MOVING_TO_FIELD,Field_1,1,MOVING_TO_FIELD,Field_7,1,PROTECTING,Field_7,1,PROTECTING,Field_7,1,MOVING_TO_FIELD,Field_9,1,MOVING_TO_FIELD,Field_1,1,MOVING_TO_FIELD,Field_9,1,MOVING_TO_FIELD,Field_9,1,MOVING_TO_FIELD,Field_6,40,0.11,0,8,4,22,0.02,0,1,2,3,0.03,0,0,4,13,0.07,0,6,4,0,0.00,2,4,0,25,0.10,0,3,4,21,0.06,3,2,0,18,0.01,2,0,0,2,0.10,0,3,3,25,0.19,0,0,6,61,0.17,0,0,4,33,0.15,0,0,1,13,0.04,0,0,2,53,0.18,0,0,6,79,0.16,0,0,6,53,0.14,0,0,2,41,0.13,0,0,2,72,0.06,0,0,1,0,0.03,0,0,2,1,0.06,0,6,3
205,578,0,0,7,0,33,0,1,MOVING_TO_FIELD,Field_1,1,MOVING_TO_FIELD,Field_1,1,MOVING_TO_FIELD,Field_1,1,MOVING_TO_FIELD,Field_1,1,MOVING_TO_FIELD,Field_20,1,MOVING_TO_FIELD,Field_20,1,MOVING_TO_FIELD,Field_20,1,MOVING_TO_FIELD,Field_1,1,MOVING_TO_FIELD,Field_1,1,MOVING_TO_FIELD,Field_20,1,MOVING_TO_FIELD,Field_20,1,MOVING_TO_FIELD,Field_20,1,MOVING_TO_FIELD,Field_4,1,MOVING_TO_FIELD,Field_4,1,MOVING_TO_FIELD,Field_4,1,MOVING_TO_FIELD,Field_4,1,PROTECTING,Field_7,1,MOVING_TO_FIELD,Field_4,1,MOVING_TO_FIELD,Field_4,1,MOVING_TO_FIELD,Field_2,1,PROTECTING,Field_8,1,PROTECTING,Field_5,1,MOVING_TO_FIELD,Field_5,1,PROTECTING,Field_5,1,MOVING_TO_FIELD,Field_5,1,MOVING_TO_FIELD,Field_5,1,MOVING_TO_FIELD,Field_5,1,MOVING_TO_FIELD,Field_6,1,MOVING_TO_FIELD,Field_6,1,PROTECTING,Field_8,1,MOVING_TO_FIELD,Field_7,1,MOVING_TO_FIELD,Field_1,1,MOVING_TO_FIELD,Field_7,1,PROTECTING,Field_7,1,PROTECTING,Field_7,1,MOVING_TO_FIELD,Field_9,1,MOVING_TO_FIELD,Field_1,1,MOVING_TO_FIELD,Field_9,1,MOVING_TO_FIELD,Field_9,1,MOVING_TO_FIELD,Field_6,40,0.11,0,8,4,22,0.02,0,1,2,3,0.04,0,0,4,13,0.09,0,6,4,0,0.00,2,4,0,25,0.10,0,3,4,21,0.05,3,2,0,18,0.01,2,0,0,2,0.11,0,3,3,25,0.19,0,0,6,61,0.17,0,0,4,33,0.15,0,0,1,13,0.04,0,0,2,53,0.15,0,0,6,80,0.16,0,0,6,54,0.15,0,0,2,42,0.13,0,0,2,72,0.06,0,0,1,0,0.05,0,0,2,1,0.06,0,6,3
206,579,0,0,7,0,33,0,1,MOVING_TO_FIELD,Field_1,1,MOVING_TO_FIELD,Field_1,1,MOVING_TO_FIELD,Field_1,1,MOVING_TO_FIELD,Field_1,1,MOVING_TO_FIELD,Field_20,1,MOVING_TO_FIELD,Field_20,1,MOVING_TO_FIELD,Field_20,1,MOVING_TO_FIELD,Field_1,1,MOVING_TO_FIELD,Field_1,1,MOVING_TO_FIELD,Field_20,1,MOVING_TO_FIELD,Field_20,1,MOVING_TO_FIELD,Field_20,1,MOVING_TO_FIELD,Field_4,1,MOVING_TO_FIELD,Field_4,1,MOVING_TO_FIELD,Field_4,1,MOVING_TO_FIELD,Field_4,1,PROTECTING,Field_7,1,MOVING_TO_FIELD,Field_4,1,MOVING_TO_FIELD,Field_4,1,MOVING_TO_FIELD,Field_2,1,PROTECTING,Field_8,1,PROTECTING,Field_5,1,MOVING_TO_FIELD,Field_5,1,PROTECTING,Field_5,1,MOVING_TO_FIELD,Field_5,1,MOVING_TO_FIELD,Field_5,1,MOVING_TO_FIELD,Field_5,1,MOVING_TO_FIELD,Field_6,1,MOVING_TO_FIELD,Field_6,1,PROTECTING,Field_8,1,MOVING_TO_FIELD,Field_7,1,MOVING_TO_FIELD,Field_1,1,MOVING_TO_FIELD,Field_7,1,PROTECTING,Field_7,1,PROTECTING,Field_7,1,MOVING_TO_FIELD,Field_9,1,MOVING_TO_FIELD,Field_1,1,MOVING_TO_FIELD,Field_9,1,MOVING_TO_FIELD,Field_9,1,MOVING_TO_FIELD,Field_6,40,0.11,0,8,4,22,0.03,0,1,2,3,0.06,0,0,4,13,0.09,0,6,4,0,0.00,2,4,0,25,0.10,0,3,4,21,0.05,3,2,0,18,0.00,2,0,0,2,0.10,0,3,3,25,0.20,0,0,6,62,0.17,0,0,4,33,0.15,0,0,1,13,0.04,0,0,2,53,0.14,0,0,6,80,0.16,0,0,6,54,0.14,0,0,2,42,0.13,0,0,2,72,0.07,0,0,1,0,0.03,0,0,2,1,0.06,0,6,3
207,580,0,0,9,0,31,0,1,MOVING_TO_FIELD,Field_1,1,MOVING_TO_FIELD,Field_1,1,MOVING_TO_FIELD,Field_1,1,MOVING_TO_FIELD,Field_1,1,MOVING_TO_FIELD,Field_20,1,MOVING_TO_FIELD,Field_20,1,MOVING_TO_FIELD,Field_20,1,MOVING_TO_FIELD,Field_1,1,MOVING_TO_FIELD,Field_1,1,MOVING_TO_FIELD,Field_20,1,MOVING_TO_FIELD,Field_20,1,MOVING_TO_FIELD,Field_20,1,MOVING_TO_FIELD,Field_4,1,MOVING_TO_FIELD,Field_4,1,MOVING_TO_FIELD,Field_4,1,MOVING_TO_FIELD,Field_4,1,PROTECTING,Field_7,1,MOVING_TO_FIELD,Field_4,1,MOVING_TO_FIELD,Field_4,1,MOVING_TO_FIELD,Field_2,1,PROTECTING,Field_8,1,PROTECTING,Field_5,1,PROTECTING,Field_5,1,PROTECTING,Field_5,1,MOVING_TO_FIELD,Field_5,1,MOVING_TO_FIELD,Field_5,1,MOVING_TO_FIELD,Field_5,1,MOVING_TO_FIELD,Field_6,1,MOVING_TO_FIELD,Field_6,1,PROTECTING,Field_8,1,MOVING_TO_FIELD,Field_7,1,MOVING_TO_FIELD,Field_1,1,MOVING_TO_FIELD,Field_7,1,PROTECTING,Field_7,1,PROTECTING,Field_7,1,MOVING_TO_FIELD,Field_9,1,MOVING_TO_FIELD,Field_1,1,PROTECTING,Field_9,1,MOVING_TO_FIELD,Field_9,1,MOVING_TO_FIELD,Field_6,40,0.11,0,8,4,22,0.03,0,1,2,3,0.06,0,0,4,13,0.09,0,6,4,0,0.00,3,3,-1,25,0.08,0,3,4,21,0.04,3,2,0,18,0.00,2,0,0,2,0.10,1,2,2,25,0.20,0,0,6,62,0.17,0,0,4,33,0.15,0,0,1,13,0.04,0,0,2,53,0.13,0,0,6,80,0.16,0,0,6,54,0.12,0,0,2,43,0.13,0,0,2,72,0.07,0,0,1,0,0.03,0,0,2,1,0.06,0,6,3
208,582,0,0,11,0,29,0,1,MOVING_TO_FIELD,Field_1,1,MOVING_TO_FIELD,Field_1,1,MOVING_TO_FIELD,Field_1,1,MOVING_TO_FIELD,Field_1,1,MOVING_TO_FIELD,Field_20,1,MOVING_TO_FIELD,Field_20,1,MOVING_TO_FIELD,Field_20,1,MOVING_TO_FIELD,Field_1,1,MOVING_TO_FIELD,Field_1,1,MOVING_TO_FIELD,Field_20,1,MOVING_TO_FIELD,Field_20,1,MOVING_TO_FIELD,Field_20,1,MOVING_TO_FIELD,Field_4,1,MOVING_TO_FIELD,Field_4,1,MOVING_TO_FIELD,Field_4,1,MOVING_TO_FIELD,Field_4,1,PROTECTING,Field_7,1,PROTECTING,Field_4,1,MOVING_TO_FIELD,Field_4,1,MOVING_TO_FIELD,Field_2,1,PROTECTING,Field_8,1,PROTECTING,Field_5,1,PROTECTING,Field_5,1,PROTECTING,Field_5,1,MOVING_TO_FIELD,Field_5,1,PROTECTING,Field_5,1,MOVING_TO_FIELD,Field_5,1,MOVING_TO_FIELD,Field_6,1,MOVING_TO_FIELD,Field_6,1,PROTECTING,Field_8,1,MOVING_TO_FIELD,Field_7,1,MOVING_TO_FIELD,Field_1,1,MOVING_TO_FIELD,Field_7,1,PROTECTING,Field_7,1,PROTECTING,Field_7,1,MOVING_TO_FIELD,Field_9,1,MOVING_TO_FIELD,Field_1,1,PROTECTING,Field_9,1,MOVING_TO_FIELD,Field_9,1,MOVING_TO_FIELD,Field_6,40,0.12,0,8,4,22,0.04,0,1,2,3,0.06,0,0,4,13,0.09,1,5,3,0,0.00,4,2,-2,25,0.08,0,3,4,21,0.03,3,2,0,18,0.00,2,0,0,2,0.10,1,2,2,26,0.20,0,0,6,62,0.18,0,0,4,33,0.12,0,0,1,13,0.05,0,0,2,53,0.14,0,0,6,80,0.18,0,0,6,54,0.11,0,0,2,44,0.13,0,0,2,72,0.07,0,0,1,0,0.03,0,0,2,1,0.06,0,6,3
209,582,0,0,11,0,29,0,1,MOVING_TO_FIELD,Field_1,1,MOVING_TO_FIELD,Field_1,1,MOVING_TO_FIELD,Field_1,1,MOVING_TO_FIELD,Field_1,1,MOVING_TO_FIELD,Field_20,1,MOVING_TO_FIELD,Field_20,1,MOVING_TO_FIELD,Field_20,1,MOVING_TO_FIELD,Field_1,1,MOVING_TO_FIELD,Field_1,1,MOVING_TO_FIELD,Field_20,1,MOVING_TO_FIELD,Field_20,1,MOVING_TO_FIELD,Field_20,1,MOVING_TO_FIELD,Field_4,1,MOVING_TO_FIELD,Field_4,1,MOVING_TO_FIELD,Field_4,1,MOVING_TO_FIELD,Field_4,1,PROTECTING,Field_7,1,PROTECTING,Field_4,1,MOVING_TO_FIELD,Field_4,1,MOVING_TO_FIELD,Field_2,1,PROTECTING,Field_8,1,PROTECTING,Field_5,1,PROTECTING,Field_5,1,PROTECTING,Field_5,1,MOVING_TO_FIELD,Field_5,1,PROTECTING,Field_5,1,MOVING_TO_FIELD,Field_5,1,MOVING_TO_FIELD,Field_6,1,MOVING_TO_FIELD,Field_6,1,PROTECTING,Field_8,1,MOVING_TO_FIELD,Field_7,1,MOVING_TO_FIELD,Field_1,1,MOVING_TO_FIELD,Field_7,1,PROTECTING,Field_7,1,PROTECTING,Field_7,1,MOVING_TO_FIELD,Field_9,1,MOVING_TO_FIELD,Field_1,1,PROTECTING,Field_9,1,MOVING_TO_FIELD,Field_9,1,MOVING_TO_FIELD,Field_6,40,0.13,0,8,4,22,0.05,0,1,2,3,0.07,0,0,4,13,0.09,1,5,3,0,0.00,4,2,-2,25,0.07,0,3,4,21,0.03,3,2,0,18,0.01,2,0,0,2,0.11,1,2,2,26,0.20,0,0,6,62,0.17,0,0,4,33,0.12,0,0,1,13,0.05,0,0,2,53,0.14,0,0,6,80,0.20,0,0,6,54,0.11,0,0,2,44,0.13,0,0,2,72,0.06,0,0,1,0,0.03,0,0,2,1,0.04,0,6,3
210,582,0,0,11,0,29,0,1,MOVING_TO_FIELD,Field_1,1,MOVING_TO_FIELD,Field_1,1,MOVING_TO_FIELD,Field_1,1,MOVING_TO_FIELD,Field_1,1,MOVING_TO_FIELD,Field_20,1,MOVING_TO_FIELD,Field_20,1,MOVING_TO_FIELD,Field_20,1,MOVING_TO_FIELD,Field_1,1,MOVING_TO_FIELD,Field_1,1,MOVING_TO_FIELD,Field_20,1,MOVING_TO_FIELD,Field_20,1,MOVING_TO_FIELD,Field_20,1,MOVING_TO_FIELD,Field_4,1,MOVING_TO_FIELD,Field_4,1,MOVING_TO_FIELD,Field_4,1,MOVING_TO_FIELD,Field_4,1,PROTECTING,Field_7,1,PROTECTING,Field_4,1,MOVING_TO_FIELD,Field_4,1,MOVING_TO_FIELD,Field_2,1,PROTECTING,Field_8,1,PROTECTING,Field_5,1,PROTECTING,Field_5,1,PROTECTING,Field_5,1,MOVING_TO_FIELD,Field_5,1,PROTECTING,Field_5,1,MOVING_TO_FIELD,Field_5,1,MOVING_TO_FIELD,Field_6,1,MOVING_TO_FIELD,Field_6,1,PROTECTING,Field_8,1,MOVING_TO_FIELD,Field_7,1,MOVING_TO_FIELD,Field_1,1,MOVING_TO_FIELD,Field_7,1,PROTECTING,Field_7,1,PROTECTING,Field_7,1,MOVING_TO_FIELD,Field_9,1,MOVING_TO_FIELD,Field_1,1,PROTECTING,Field_9,1,MOVING_TO_FIELD,Field_9,1,MOVING_TO_FIELD,Field_6,40,0.14,0,8,4,22,0.05,0,1,2,3,0.07,0,0,4,13,0.08,1,5,3,0,0.00,4,2,-2,25,0.05,0,3,4,21,0.03,3,2,0,18,0.01,2,0,0,2,0.13,1,2,2,26,0.21,0,0,6,62,0.17,0,0,4,33,0.12,0,0,1,13,0.05,0,0,2,53,0.14,0,0,6,80,0.21,0,0,6,54,0.10,0,0,2,44,0.13,0,0,2,72,0.04,0,0,1,0,0.02,0,0,2,1,0.04,0,6,3
211,582,0,0,11,0,29,0,1,MOVING_TO_FIELD,Field_5,1,MOVING_TO_FIELD,Field_5,1,MOVING_TO_FIELD,Field_5,1,MOVING_TO_FIELD,Field_1,1,MOVING_TO_FIELD,Field_4,1,MOVING_TO_FIELD,Field_1,1,MOVING_TO_FIELD,Field_20,1,MOVING_TO_FIELD,Field_5,1,MOVING_TO_FIELD,Field_5,1,MOVING_TO_FIELD,Field_1,1,MOVING_TO_FIELD,Field_1,1,MOVING_TO_FIELD,Field_1,1,MOVING_TO_FIELD,Field_9,1,MOVING_TO_FIELD,Field_7,1,MOVING_TO_FIELD,Field_4,1,MOVING_TO_FIELD,Field_4,1,PROTECTING,Field_7,1,PROTECTING,Field_4,1,MOVING_TO_FIELD,Field_9,1,MOVING_TO_FIELD,Field_1,1,PROTECTING,Field_8,1,PROTECTING,Field_5,1,PROTECTING,Field_5,1,PROTECTING,Field_5,1,MOVING_TO_FIELD,Field_20,1,PROTECTING,Field_5,1,MOVING_TO_FIELD,Field_20,1,MOVING_TO_FIELD,Field_4,1,MOVING_TO_FIELD,Field_4,1,PROTECTING,Field_8,1,MOVING_TO_FIELD,Field_20,1,MOVING_TO_FIELD,Field_5,1,MOVING_TO_FIELD,Field_20,1,PROTECTING,Field_7,1,PROTECTING,Field_7,1,MOVING_TO_FIELD,Field_4,1,MOVING_TO_FIELD,Field_1,1,PROTECTING,Field_9,1,MOVING_TO_FIELD,Field_20,1,MOVING_TO_FIELD,Field_1,40,0.13,0,8,4,22,0.05,0,0,2,3,0.07,0,0,4,13,0.08,1,6,3,0,0.00,4,6,-2,25,0.07,0,0,4,21,0.02,3,1,0,18,0.01,2,0,0,2,0.12,1,2,2,26,0.18,0,0,6,62,0.18,0,0,4,33,0.12,0,0,1,13,0.05,0,0,2,53,0.13,0,0,6,80,0.20,0,0,6,54,0.11,0,0,2,44,0.15,0,0,2,72,0.04,0,0,1,0,0.02,0,0,2,1,0.04,0,6,3
212,582,0,0,12,0,28,0,1,MOVING_TO_FIELD,Field_5,1,MOVING_TO_FIELD,Field_5,1,MOVING_TO_FIELD,Field_5,1,MOVING_TO_FIELD,Field_1,1,MOVING_TO_FIELD,Field_4,1,MOVING_TO_FIELD,Field_1,1,MOVING_TO_FIELD,Field_20,1,MOVING_TO_FIELD,Field_5,1,MOVING_TO_FIELD,Field_5,1,MOVING_TO_FIELD,Field_1,1,MOVING_TO_FIELD,Field_1,1,MOVING_TO_FIELD,Field_1,1,MOVING_TO_FIELD,Field_9,1,MOVING_TO_FIELD,Field_7,1,MOVING_TO_FIELD,Field_4,1,MOVING_TO_FIELD,Field_4,1,PROTECTING,Field_7,1,PROTECTING,Field_4,1,MOVING_TO_FIELD,Field_9,1,MOVING_TO_FIELD,Field_1,1,PROTECTING,Field_8,1,PROTECTING,Field_5,1,PROTECTING,Field_5,1,PROTECTING,Field_5,1,MOVING_TO_FIELD,Field_20,1,PROTECTING,Field_5,1,MOVING_TO_FIELD,Field_20,1,MOVING_TO_FIELD,Field_4,1,MOVING_TO_FIELD,Field_4,1,PROTECTING,Field_8,1,MOVING_TO_FIELD,Field_20,1,MOVING_TO_FIELD,Field_5,1,MOVING_TO_FIELD,Field_20,1,PROTECTING,Field_7,1,PROTECTING,Field_7,1,MOVING_TO_FIELD,Field_4,1,PROTECTING,Field_1,1,PROTECTING,Field_9,1,MOVING_TO_FIELD,Field_20,1,MOVING_TO_FIELD,Field_1,40,0.13,1,7,3,22,0.05,0,0,2,3,0.08,0,0,4,13,0.08,1,6,3,0,0.01,4,6,-2,25,0.05,0,0,4,21,0.02,3,1,0,18,0.01,2,0,0,2,0.11,1,2,2,26,0.18,0,0,6,62,0.18,0,0,4,33,0.12,0,0,1,13,0.05,0,0,2,53,0.11,0,0,6,80,0.20,0,0,6,54,0.11,0,0,2,44,0.15,0,0,2,72,0.04,0,0,1,0,0.03,0,0,2,1,0.06,0,6,3
213,582,0,0,13,0,27,0,1,MOVING_TO_FIELD,Field_5,1,MOVING_TO_FIELD,Field_5,1,MOVING_TO_FIELD,Field_5,1,MOVING_TO_FIELD,Field_1,1,MOVING_TO_FIELD,Field_4,1,MOVING_TO_FIELD,Field_1,1,MOVING_TO_FIELD,Field_20,1,MOVING_TO_FIELD,Field_5,1,MOVING_TO_FIELD,Field_5,1,MOVING_TO_FIELD,Field_1,1,MOVING_TO_FIELD,Field_1,1,MOVING_TO_FIELD,Field_1,1,MOVING_TO_FIELD,Field_9,1,MOVING_TO_FIELD,Field_7,1,MOVING_TO_FIELD,Field_4,1,MOVING_TO_FIELD,Field_4,1,PROTECTING,Field_7,1,PROTECTING,Field_4,1,PROTECTING,Field_9,1,MOVING_TO_FIELD,Field_1,1,PROTECTING,Field_8,1,PROTECTING,Field_5,1,PROTECTING,Field_5,1,PROTECTING,Field_5,1,MOVING_TO_FIELD,Field_20,1,PROTECTING,Field_5,1,MOVING_TO_FIELD,Field_20,1,MOVING_TO_FIELD,Field_4,1,MOVING_TO_FIELD,Field_4,1,PROTECTING,Field_8,1,MOVING_TO_FIELD,Field_20,1,MOVING_TO_FIELD,Field_5,1,MOVING_TO_FIELD,Field_20,1,PROTECTING,Field_7,1,PROTECTING,Field_7,1,MOVING_TO_FIELD,Field_4,1,PROTECTING,Field_1,1,PROTECTING,Field_9,1,MOVING_TO_FIELD,Field_20,1,MOVING_TO_FIELD,Field_1,40,0.13,1,7,3,22,0.04,0,0,2,3,0.08,0,0,4,13,0.09,1,6,3,0,0.01,4,6,-2,25,0.05,0,0,4,21,0.02,3,1,0,18,0.04,2,0,0,2,0.12,2,1,1,26,0.18,0,0,6,62,0.17,0,0,4,33,0.12,0,0,1,13,0.05,0,0,2,53,0.11,0,0,6,80,0.20,0,0,6,54,0.12,0,0,2,44,0.15,0,0,2,72,0.04,0,0,1,0,0.03,0,0,2,1,0.06,0,6,3
214,583,0,0,15,0,25,0,1,MOVING_TO_FIELD,Field_5,1,MOVING_TO_FIELD,Field_5,1,MOVING_TO_FIELD,Field_5,1,MOVING_TO_FIELD,Field_1,1,MOVING_TO_FIELD,Field_4,1,MOVING_TO_FIELD,Field_1,1,MOVING_TO_FIELD,Field_20,1,MOVING_TO_FIELD,Field_5,1,MOVING_TO_FIELD,Field_5,1,MOVING_TO_FIELD,Field_1,1,MOVING_TO_FIELD,Field_1,1,MOVING_TO_FIELD,Field_1,1,PROTECTING,Field_9,1,MOVING_TO_FIELD,Field_7,1,MOVING_TO_FIELD,Field_4,1,MOVING_TO_FIELD,Field_4,1,PROTECTING,Field_7,1,PROTECTING,Field_4,1,PROTECTING,Field_9,1,MOVING_TO_FIELD,Field_1,1,PROTECTING,Field_8,1,PROTECTING,Field_5,1,PROTECTING,Field_5,1,PROTECTING,Field_5,1,MOVING_TO_FIELD,Field_20,1,PROTECTING,Field_5,1,MOVING_TO_FIELD,Field_20,1,PROTECTING,Field_4,1,MOVING_TO_FIELD,Field_4,1,PROTECTING,Field_8,1,MOVING_TO_FIELD,Field_20,1,MOVING_TO_FIELD,Field_5,1,MOVING_TO_FIELD,Field_20,1,PROTECTING,Field_7,1,PROTECTING,Field_7,1,MOVING_TO_FIELD,Field_4,1,PROTECTING,Field_1,1,PROTECTING,Field_9,1,MOVING_TO_FIELD,Field_20,1,MOVING_TO_FIELD,Field_1,40,0.12,1,7,3,22,0.05,0,0,2,3,0.08,0,0,4,13,0.08,2,5,2,0,0.01,4,6,-2,26,0.05,0,0,4,21,0.02,3,1,0,18,0.04,2,0,0,2,0.11,3,0,0,26,0.19,0,0,6,62,0.17,0,0,4,33,0.12,0,0,1,13,0.05,0,0,2,53,0.10,0,0,6,80,0.22,0,0,6,54,0.12,0,0,2,44,0.15,0,0,2,72,0.04,0,0,1,0,0.03,0,0,2,1,0.06,0,6,3
215,583,0,0,15,0,25,0,1,MOVING_TO_FIELD,Field_5,1,MOVING_TO_FIELD,Field_5,1,MOVING_TO_FIELD,Field_5,1,MOVING_TO_FIELD,Field_1,1,MOVING_TO_FIELD,Field_4,1,MOVING_TO_FIELD,Field_1,1,MOVING_TO_FIELD,Field_20,1,MOVING_TO_FIELD,Field_5,1,MOVING_TO_FIELD,Field_5,1,MOVING_TO_FIELD,Field_1,1,MOVING_TO_FIELD,Field_1,1,MOVING_TO_FIELD,Field_1,1,PROTECTING,Field_9,1,MOVING_TO_FIELD,Field_7,1,MOVING_TO_FIELD,Field_4,1,MOVING_TO_FIELD,Field_4,1,PROTECTING,Field_7,1,PROTECTING,Field_4,1,PROTECTING,Field_9,1,MOVING_TO_FIELD,Field_1,1,PROTECTING,Field_8,1,PROTECTING,Field_5,1,PROTECTING,Field_5,1,PROTECTING,Field_5,1,MOVING_TO_FIELD,Field_20,1,PROTECTING,Field_5,1,MOVING_TO_FIELD,Field_20,1,PROTECTING,Field_4,1,MOVING_TO_FIELD,Field_4,1,PROTECTING,Field_8,1,MOVING_TO_FIELD,Field_20,1,MOVING_TO_FIELD,Field_5,1,MOVING_TO_FIELD,Field_20,1,PROTECTING,Field_7,1,PROTECTING,Field_7,1,MOVING_TO_FIELD,Field_4,1,PROTECTING,Field_1,1,PROTECTING,Field_9,1,MOVING_TO_FIELD,Field_20,1,MOVING_TO_FIELD,Field_1,40,0.11,1,7,3,22,0.05,0,0,2,3,0.08,0,0,4,13,0.08,2,5,2,0,0.02,4,6,-2,26,0.05,0,0,4,21,0.01,3,1,0,18,0.04,2,0,0,2,0.11,3,0,0,26,0.19,0,0,6,62,0.17,0,0,4,33,0.12,0,0,1,13,0.05,0,0,2,53,0.11,0,0,6,80,0.22,0,0,6,54,0.12,0,0,2,44,0.15,0,0,2,72,0.06,0,0,1,0,0.03,0,0,2,1,0.06,0,6,3
216,583,0,0,15,0,25,0,1,MOVING_TO_FIELD,Field_5,1,MOVING_TO_FIELD,Field_5,1,MOVING_TO_FIELD,Field_5,1,MOVING_TO_FIELD,Field_1,1,MOVING_TO_FIELD,Field_4,1,MOVING_TO_FIELD,Field_1,1,MOVING_TO_FIELD,Field_20,1,MOVING_TO_FIELD,Field_5,1,MOVING_TO_FIELD,Field_5,1,MOVING_TO_FIELD,Field_1,1,MOVING_TO_FIELD,Field_1,1,MOVING_TO_FIELD,Field_1,1,PROTECTING,Field_9,1,MOVING_TO_FIELD,Field_7,1,MOVING_TO_FIELD,Field_4,1,MOVING_TO_FIELD,Field_4,1,PROTECTING,Field_7,1,PROTECTING,Field_4,1,PROTECTING,Field_9,1,MOVING_TO_FIELD,Field_1,1,PROTECTING,Field_8,1,PROTECTING,Field_5,1,PROTECTING,Field_5,1,PROTECTING,Field_5,1,MOVING_TO_FIELD,Field_20,1,PROTECTING,Field_5,1,MOVING_TO_FIELD,Field_20,1,PROTECTING,Field_4,1,MOVING_TO_FIELD,Field_4,1,PROTECTING,Field_8,1,MOVING_TO_FIELD,Field_20,1,MOVING_TO_FIELD,Field_5,1,MOVING_TO_FIELD,Field_20,1,PROTECTING,Field_7,1,PROTECTING,Field_7,1,MOVING_TO_FIELD,Field_4,1,PROTECTING,Field_1,1,PROTECTING,Field_9,1,MOVING_TO_FIELD,Field_20,1,MOVING_TO_FIELD,Field_1,40,0.12,1,7,3,22,0.05,0,0,2,3,0.08,0,0,4,13,0.09,2,5,2,0,0.02,4,6,-2,26,0.05,0,0,4,21,0.01,3,1,0,18,0.04,2,0,0,2,0.11,3,0,0,26,0.19,0,0,6,62,0.16,0,0,4,33,0.12,0,0,1,13,0.05,0,0,2,53,0.13,0,0,6,80,0.21,0,0,6,54,0.14,0,0,2,44,0.15,0,0,2,72,0.06,0,0,1,0,0.03,0,0,2,1,0.06,0,6,3
217,585,0,0,15,0,25,0,1,MOVING_TO_FIELD,Field_5,1,MOVING_TO_FIELD,Field_5,1,MOVING_TO_FIELD,Field_5,1,MOVING_TO_FIELD,Field_1,1,MOVING_TO_FIELD,Field_4,1,MOVING_TO_FIELD,Field_1,1,MOVING_TO_FIELD,Field_20,1,MOVING_TO_FIELD,Field_5,1,MOVING_TO_FIELD,Field_5,1,MOVING_TO_FIELD,Field_1,1,MOVING_TO_FIELD,Field_1,1,MOVING_TO_FIELD,Field_1,1,PROTECTING,Field_9,1,MOVING_TO_FIELD,Field_7,1,MOVING_TO_FIELD,Field_4,1,MOVING_TO_FIELD,Field_4,1,PROTECTING,Field_7,1,PROTECTING,Field_4,1,PROTECTING,Field_9,1,MOVING_TO_FIELD,Field_1,1,PROTECTING,Field_8,1,PROTECTING,Field_5,1,PROTECTING,Field_5,1,PROTECTING,Field_5,1,MOVING_TO_FIELD,Field_20,1,PROTECTING,Field_5,1,MOVING_TO_FIELD,Field_20,1,PROTECTING,Field_4,1,MOVING_TO_FIELD,Field_4,1,PROTECTING,Field_8,1,MOVING_TO_FIELD,Field_20,1,MOVING_TO_FIELD,Field_5,1,MOVING_TO_FIELD,Field_20,1,PROTECTING,Field_7,1,PROTECTING,Field_7,1,MOVING_TO_FIELD,Field_4,1,PROTECTING,Field_1,1,PROTECTING,Field_9,1,MOVING_TO_FIELD,Field_20,1,MOVING_TO_FIELD,Field_1,40,0.11,1,7,3,22,0.07,0,0,2,3,0.08,0,0,4,13,0.10,2,5,2,0,0.02,4,6,-2,26,0.05,0,0,4,21,0.01,3,1,0,18,0.04,2,0,0,2,0.09,3,0,0,26,0.19,0,0,6,62,0.14,0,0,4,33,0.12,0,0,1,13,0.05,0,0,2,53,0.13,0,0,6,80,0.21,0,0,6,55,0.12,0,0,2,45,0.15,0,0,2,72,0.06,0,0,1,0,0.03,0,0,2,1,0.08,0,6,3
218,587,0,0,15,0,25,0,1,MOVING_TO_FIELD,Field_5,1,MOVING_TO_FIELD,Field_5,1,MOVING_TO_FIELD,Field_5,1,MOVING_TO_FIELD,Field_1,1,MOVING_TO_FIELD,Field_4,1,MOVING_TO_FIELD,Field_1,1,MOVING_TO_FIELD,Field_20,1,MOVING_TO_FIELD,Field_5,1,MOVING_TO_FIELD,Field_5,1,MOVING_TO_FIELD,Field_1,1,MOVING_TO_FIELD,Field_1,1,MOVING_TO_FIELD,Field_1,1,PROTECTING,Field_9,1,MOVING_TO_FIELD,Field_7,1,MOVING_TO_FIELD,Field_4,1,MOVING_TO_FIELD,Field_4,1,PROTECTING,Field_7,1,PROTECTING,Field_4,1,PROTECTING,Field_9,1,MOVING_TO_FIELD,Field_1,1,PROTECTING,Field_8,1,PROTECTING,Field_5,1,PROTECTING,Field_5,1,PROTECTING,Field_5,1,MOVING_TO_FIELD,Field_20,1,PROTECTING,Field_5,1,MOVING_TO_FIELD,Field_20,1,PROTECTING,Field_4,1,MOVING_TO_FIELD,Field_4,1,PROTECTING,Field_8,1,MOVING_TO_FIELD,Field_20,1,MOVING_TO_FIELD,Field_5,1,MOVING_TO_FIELD,Field_20,1,PROTECTING,Field_7,1,PROTECTING,Field_7,1,MOVING_TO_FIELD,Field_4,1,PROTECTING,Field_1,1,PROTECTING,Field_9,1,MOVING_TO_FIELD,Field_20,1,MOVING_TO_FIELD,Field_1,40,0.11,1,7,3,22,0.07,0,0,2,3,0.08,0,0,4,13,0.10,2,5,2,0,0.02,4,6,-2,26,0.05,0,0,4,21,0.01,3,1,0,18,0.04,2,0,0,2,0.09,3,0,0,26,0.19,0,0,6,62,0.14,0,0,4,33,0.12,0,0,1,13,0.05,0,0,2,53,0.13,0,0,6,80,0.21,0,0,6,55,0.12,0,0,2,47,0.13,0,0,2,72,0.06,0,0,1,0,0.03,0,0,2,1,0.08,0,6,3
219,589,0,0,16,0,24,0,1,MOVING_TO_FIELD,Field_5,1,MOVING_TO_FIELD,Field_5,1,MOVING_TO_FIELD,Field_5,1,MOVING_TO_FIELD,Field_1,1,MOVING_TO_FIELD,Field_4,1,MOVING_TO_FIELD,Field_1,1,MOVING_TO_FIELD,Field_20,1,MOVING_TO_FIELD,Field_5,1,MOVING_TO_FIELD,Field_5,1,MOVING_TO_FIELD,Field_1,1,MOVING_TO_FIELD,Field_1,1,MOVING_TO_FIELD,Field_1,1,PROTECTING,Field_9,1,MOVING_TO_FIELD,Field_7,1,MOVING_TO_FIELD,Field_4,1,MOVING_TO_FIELD,Field_4,1,PROTECTING,Field_7,1,PROTECTING,Field_4,1,PROTECTING,Field_9,1,MOVING_TO_FIELD,Field_1,1,PROTECTING,Field_8,1,PROTECTING,Field_5,1,PROTECTING,Field_5,1,PROTECTING,Field_5,1,MOVING_TO_FIELD,Field_20,1,PROTECTING,Field_5,1,MOVING_TO_FIELD,Field_20,1,PROTECTING,Field_4,1,PROTECTING,Field_4,1,PROTECTING,Field_8,1,MOVING_TO_FIELD,Field_20,1,MOVING_TO_FIELD,Field_5,1,MOVING_TO_FIELD,Field_20,1,PROTECTING,Field_7,1,PROTECTING,Field_7,1,MOVING_TO_FIELD,Field_4,1,PROTECTING,Field_1,1,PROTECTING,Field_9,1,MOVING_TO_FIELD,Field_20,1,MOVING_TO_FIELD,Field_1,40,0.11,1,7,3,22,0.07,0,0,2,3,0.09,0,0,4,13,0.08,3,4,1,0,0.02,4,6,-2,26,0.05,0,0,4,21,0.01,3,1,0,18,0.03,2,0,0,2,0.09,3,0,0,28,0.18,0,0,6,62,0.16,0,0,4,33,0.15,0,0,1,13,0.05,0,0,2,53,0.11,0,0,6,80,0.22,0,0,6,55,0.14,0,0,2,47,0.13,0,0,2,72,0.04,0,0,1,0,0.03,0,0,2,1,0.08,0,6,3
220,589,0,0,16,0,24,0,1,MOVING_TO_FIELD,Field_5,1,MOVING_TO_FIELD,Field_5,1,MOVING_TO_FIELD,Field_5,1,MOVING_TO_FIELD,Field_1,1,MOVING_TO_FIELD,Field_4,1,MOVING_TO_FIELD,Field_1,1,MOVING_TO_FIELD,Field_20,1,MOVING_TO_FIELD,Field_5,1,MOVING_TO_FIELD,Field_5,1,MOVING_TO_FIELD,Field_1,1,MOVING_TO_FIELD,Field_1,1,MOVING_TO_FIELD,Field_1,1,PROTECTING,Field_9,1,MOVING_TO_FIELD,Field_7,1,MOVING_TO_FIELD,Field_4,1,MOVING_TO_FIELD,Field_4,1,PROTECTING,Field_7,1,PROTECTING,Field_4,1,PROTECTING,Field_9,1,MOVING_TO_FIELD,Field_1,1,PROTECTING,Field_8,1,PROTECTING,Field_5,1,PROTECTING,Field_5,1,PROTECTING,Field_5,1,MOVING_TO_FIELD,Field_20,1,PROTECTING,Field_5,1,MOVING_TO_FIELD,Field_20,1,PROTECTING,Field_4,1,PROTECTING,Field_4,1,PROTECTING,Field_8,1,MOVING_TO_FIELD,Field_20,1,MOVING_TO_FIELD,Field_5,1,MOVING_TO_FIELD,Field_20,1,PROTECTING,Field_7,1,PROTECTING,Field_7,1,MOVING_TO_FIELD,Field_4,1,PROTECTING,Field_1,1,PROTECTING,Field_9,1,MOVING_TO_FIELD,Field_20,1,MOVING_TO_FIELD,Field_1,40,0.10,1,7,3,22,0.07,0,0,2,3,0.08,0,0,4,13,0.08,3,4,1,0,0.02,4,6,-2,26,0.07,0,0,4,21,0.01,3,1,0,18,0.03,2,0,0,2,0.08,3,0,0,28,0.19,0,0,6,62,0.16,0,0,4,33,0.15,0,0,1,13,0.05,0,0,2,53,0.14,0,0,6,80,0.22,0,0,6,55,0.12,0,0,2,47,0.13,0,0,2,72,0.04,0,0,1,0,0.03,0,0,2,1,0.08,0,6,3
221,590,9,0,3,0,28,0,1,MOVING_TO_FIELD,Field_1,1,MOVING_TO_FIELD,Field_20,1,MOVING_TO_FIELD,Field_20,1,MOVING_TO_FIELD,Field_1,1,MOVING_TO_FIELD,Field_4,1,MOVING_TO_FIELD,Field_5,1,MOVING_TO_FIELD,Field_2,1,MOVING_TO_FIELD,Field_5,1,MOVING_TO_FIELD,Field_5,1,MOVING_TO_FIELD,Field_5,1,MOVING_TO_FIELD,Field_1,1,MOVING_TO_FIELD,Field_5,1,IDLE,,1,MOVING_TO_FIELD,Field_20,1,MOVING_TO_FIELD,Field_20,1,MOVING_TO_FIELD,Field_20,1,PROTECTING,Field_7,1,IDLE,,1,IDLE,,1,MOVING_TO_FIELD,Field_1,1,MOVING_TO_FIELD,Field_6,1,MOVING_TO_FIELD,Field_1,1,MOVING_TO_FIELD,Field_1,1,IDLE,,1,MOVING_TO_FIELD,Field_4,1,IDLE,,1,MOVING_TO_FIELD,Field_4,1,IDLE,,1,IDLE,,1,MOVING_TO_FIELD,Field_6,1,MOVING_TO_FIELD,Field_4,1,MOVING_TO_FIELD,Field_5,1,MOVING_TO_FIELD,Field_4,1,PROTECTING,Field_7,1,IDLE,,1,MOVING_TO_FIELD,Field_20,1,PROTECTING,Field_1,1,IDLE,,1,MOVING_TO_FIELD,Field_4,1,MOVING_TO_FIELD,Field_1,40,0.11,1,7,3,22,0.07,0,1,2,3,0.07,0,0,4,13,0.07,0,6,4,0,0.02,0,6,2,26,0.07,0,2,4,21,0.02,2,0,1,18,0.03,0,0,2,2,0.08,0,0,3,28,0.19,0,0,6,62,0.16,0,0,4,33,0.15,0,0,1,13,0.05,0,0,2,53,0.17,0,0,6,80,0.22,0,0,6,55,0.12,0,0,2,48,0.13,0,0,2,72,0.02,0,0,1,0,0.03,0,0,2,1,0.08,0,6,3
222,593,9,0,3,0,28,0,1,MOVING_TO_FIELD,Field_1,1,MOVING_TO_FIELD,Field_20,1,MOVING_TO_FIELD,Field_20,1,MOVING_TO_FIELD,Field_1,1,MOVING_TO_FIELD,Field_4,1,MOVING_TO_FIELD,Field_5,1,MOVING_TO_FIELD,Field_2,1,MOVING_TO_FIELD,Field_5,1,MOVING_TO_FIELD,Field_5,1,MOVING_TO_FIELD,Field_5,1,MOVING_TO_FIELD,Field_1,1,MOVING_TO_FIELD,Field_5,1,IDLE,,1,MOVING_TO_FIELD,Field_20,1,MOVING_TO_FIELD,Field_20,1,MOVING_TO_FIELD,Field_20,1,PROTECTING,Field_7,1,IDLE,,1,IDLE,,1,MOVING_TO_FIELD,Field_1,1,MOVING_TO_FIELD,Field_6,1,MOVING_TO_FIELD,Field_1,1,MOVING_TO_FIELD,Field_1,1,IDLE,,1,MOVING_TO_FIELD,Field_4,1,IDLE,,1,MOVING_TO_FIELD,Field_4,1,IDLE,,1,IDLE,,1,MOVING_TO_FIELD,Field_6,1,MOVING_TO_FIELD,Field_4,1,MOVING_TO_FIELD,Field_5,1,MOVING_TO_FIELD,Field_4,1,PROTECTING,Field_7,1,IDLE,,1,MOVING_TO_FIELD,Field_20,1,PROTECTING,Field_1,1,IDLE,,1,MOVING_TO_FIELD,Field_4,1,MOVING_TO_FIELD,Field_1,40,0.11,1,7,3,22,0.08,0,1,2,3,0.07,0,0,4,13,0.09,0,6,4,0,0.01,0,6,2,26,0.07,0,2,4,21,0.02,2,0,1,18,0.03,0,0,2,2,0.07,0,0,3,28,0.19,0,0,6,62,0.17,0,0,4,33,0.15,0,0,1,13,0.05,0,0,2,53,0.17,0,0,6,80,0.21,0,0,6,56,0.12,0,0,2,50,0.13,0,0,2,72,0.02,0,0,1,0,0.03,0,0,2,1,0.08,0,6,3
223,598,9,0,3,0,28,0,1,MOVING_TO_FIELD,Field_1,1,MOVING_TO_FIELD,Field_20,1,MOVING_TO_FIELD,Field_20,1,MOVING_TO_FIELD,Field_1,1,MOVING_TO_FIELD,Field_4,1,MOVING_TO_FIELD,Field_5,1,MOVING_TO_FIELD,Field_2,1,MOVING_TO_FIELD,Field_5,1,MOVING_TO_FIELD,Field_5,1,MOVING_TO_FIELD,Field_5,1,MOVING_TO_FIELD,Field_1,1,MOVING_TO_FIELD,Field_5,1,IDLE,,1,MOVING_TO_FIELD,Field_20,1,MOVING_TO_FIELD,Field_20,1,MOVING_TO_FIELD,Field_20,1,PROTECTING,Field_7,1,IDLE,,1,IDLE,,1,MOVING_TO_FIELD,Field_1,1,MOVING_TO_FIELD,Field_6,1,MOVING_TO_FIELD,Field_1,1,MOVING_TO_FIELD,Field_1,1,IDLE,,1,MOVING_TO_FIELD,Field_4,1,IDLE,,1,MOVING_TO_FIELD,Field_4,1,IDLE,,1,IDLE,,1,MOVING_TO_FIELD,Field_6,1,MOVING_TO_FIELD,Field_4,1,MOVING_TO_FIELD,Field_5,1,MOVING_TO_FIELD,Field_4,1,PROTECTING,Field_7,1,IDLE,,1,MOVING_TO_FIELD,Field_20,1,PROTECTING,Field_1,1,IDLE,,1,MOVING_TO_FIELD,Field_4,1,MOVING_TO_FIELD,Field_1,40,0.11,1,7,3,22,0.05,0,1,2,3,0.07,0,0,4,13,0.09,0,6,4,0,0.00,0,6,2,26,0.08,0,2,4,21,0.02,2,0,1,18,0.03,0,0,2,2,0.07,0,0,3,29,0.19,0,0,6,63,0.17,0,0,4,34,0.15,0,0,1,13,0.05,0,0,2,53,0.17,0,0,6,81,0.22,0,0,6,57,0.14,0,0,2,50,0.13,0,0,2,72,0.02,0,0,1,0,0.03,0,0,2,1,0.08,0,6,3
224,598,9,0,5,0,26,0,1,MOVING_TO_FIELD,Field_1,1,MOVING_TO_FIELD,Field_20,1,MOVING_TO_FIELD,Field_20,1,MOVING_TO_FIELD,Field_1,1,PROTECTING,Field_4,1,MOVING_TO_FIELD,Field_5,1,MOVING_TO_FIELD,Field_2,1,MOVING_TO_FIELD,Field_5,1,MOVING_TO_FIELD,Field_5,1,MOVING_TO_FIELD,Field_5,1,MOVING_TO_FIELD,Field_1,1,MOVING_TO_FIELD,Field_5,1,IDLE,,1,MOVING_TO_FIELD,Field_20,1,MOVING_TO_FIELD,Field_20,1,MOVING_TO_FIELD,Field_20,1,PROTECTING,Field_7,1,IDLE,,1,IDLE,,1,MOVING_TO_FIELD,Field_1,1,MOVING_TO_FIELD,Field_6,1,MOVING_TO_FIELD,Field_1,1,MOVING_TO_FIELD,Field_1,1,IDLE,,1,MOVING_TO_FIELD,Field_4,1,IDLE,,1,MOVING_TO_FIELD,Field_4,1,IDLE,,1,IDLE,,1,MOVING_TO_FIELD,Field_6,1,MOVING_TO_FIELD,Field_4,1,MOVING_TO_FIELD,Field_5,1,MOVING_TO_FIELD,Field_4,1,PROTECTING,Field_7,1,IDLE,,1,MOVING_TO_FIELD,Field_20,1,PROTECTING,Field_1,1,IDLE,,1,MOVING_TO_FIELD,Field_4,1,PROTECTING,Field_1,40,0.11,2,6,2,22,0.04,0,1,2,3,0.08,0,0,4,13,0.09,1,5,3,0,0.00,0,6,2,26,0.07,0,2,4,21,0.01,2,0,1,18,0.03,0,0,2,2,0.07,0,0,3,29,0.19,0,0,6,63,0.17,0,0,4,34,0.15,0,0,1,13,0.05,0,0,2,53,0.21,0,0,6,81,0.22,0,0,6,57,0.15,0,0,2,50,0.13,0,0,2,72,0.02,0,0,1,0,0.03,0,0,2,1,0.06,0,6,3
225,599,9,0,5,0,26,0,1,MOVING_TO_FIELD,Field_1,1,MOVING_TO_FIELD,Field_20,1,MOVING_TO_FIELD,Field_20,1,MOVING_TO_FIELD,Field_1,1,PROTECTING,Field_4,1,MOVING_TO_FIELD,Field_5,1,MOVING_TO_FIELD,Field_2,1,MOVING_TO_FIELD,Field_5,1,MOVING_TO_FIELD,Field_5,1,MOVING_TO_FIELD,Field_5,1,MOVING_TO_FIELD,Field_1,1,MOVING_TO_FIELD,Field_5,1,IDLE,,1,MOVING_TO_FIELD,Field_20,1,MOVING_TO_FIELD,Field_20,1,MOVING_TO_FIELD,Field_20,1,PROTECTING,Field_7,1,IDLE,,1,IDLE,,1,MOVING_TO_FIELD,Field_1,1,MOVING_TO_FIELD,Field_6,1,MOVING_TO_FIELD,Field_1,1,MOVING_TO_FIELD,Field_1,1,IDLE,,1,MOVING_TO_FIELD,Field_4,1,IDLE,,1,MOVING_TO_FIELD,Field_4,1,IDLE,,1,IDLE,,1,MOVING_TO_FIELD,Field_6,1,MOVING_TO_FIELD,Field_4,1,MOVING_TO_FIELD,Field_5,1,MOVING_TO_FIELD,Field_4,1,PROTECTING,Field_7,1,IDLE,,1,MOVING_TO_FIELD,Field_20,1,PROTECTING,Field_1,1,IDLE,,1,MOVING_TO_FIELD,Field_4,1,PROTECTING,Field_1,40,0.11,2,6,2,22,0.05,0,1,2,3,0.08,0,0,4,13,0.09,1,5,3,0,0.00,0,6,2,26,0.07,0,2,4,21,0.01,2,0,1,18,0.03,0,0,2,2,0.06,0,0,3,29,0.20,0,0,6,63,0.18,0,0,4,34,0.15,0,0,1,13,0.05,0,0,2,53,0.21,0,0,6,82,0.22,0,0,6,57,0.16,0,0,2,50,0.15,0,0,2,72,0.02,0,0,1,0,0.03,0,0,2,1,0.08,0,6,3
226,601,9,0,5,0,26,0,1,MOVING_TO_FIELD,Field_1,1,MOVING_TO_FIELD,Field_20,1,MOVING_TO_FIELD,Field_20,1,MOVING_TO_FIELD,Field_1,1,PROTECTING,Field_4,1,MOVING_TO_FIELD,Field_5,1,MOVING_TO_FIELD,Field_2,1,MOVING_TO_FIELD,Field_5,1,MOVING_TO_FIELD,Field_5,1,MOVING_TO_FIELD,Field_5,1,MOVING_TO_FIELD,Field_1,1,MOVING_TO_FIELD,Field_5,1,IDLE,,1,MOVING_TO_FIELD,Field_20,1,MOVING_TO_FIELD,Field_20,1,MOVING_TO_FIELD,Field_20,1,PROTECTING,Field_7,1,IDLE,,1,IDLE,,1,MOVING_TO_FIELD,Field_1,1,MOVING_TO_FIELD,Field_6,1,MOVING_TO_FIELD,Field_1,1,MOVING_TO_FIELD,Field_1,1,IDLE,,1,MOVING_TO_FIELD,Field_4,1,IDLE,,1,MOVING_TO_FIELD,Field_4,1,IDLE,,1,IDLE,,1,MOVING_TO_FIELD,Field_6,1,MOVING_TO_FIELD,Field_4,1,MOVING_TO_FIELD,Field_5,1,MOVING_TO_FIELD,Field_4,1,PROTECTING,Field_7,1,IDLE,,1,MOVING_TO_FIELD,Field_20,1,PROTECTING,Field_1,1,IDLE,,1,MOVING_TO_FIELD,Field_4,1,PROTECTING,Field_1,40,0.12,2,6,2,22,0.05,0,1,2,3,0.06,0,0,4,13,0.09,1,5,3,0,0.00,0,6,2,27,0.09,0,2,4,21,0.01,2,0,1,18,0.01,0,0,2,2,0.06,0,0,3,29,0.20,0,0,6,63,0.18,0,0,4,35,0.15,0,0,1,13,0.07,0,0,2,53,0.23,0,0,6,82,0.22,0,0,6,57,0.15,0,0,2,50,0.15,0,0,2,72,0.02,0,0,1,0,0.03,0,0,2,1,0.08,0,6,3
227,602,9,0,8,0,23,0,1,MOVING_TO_FIELD,Field_1,1,PROTECTING,Field_20,1,MOVING_TO_FIELD,Field_20,1,PROTECTING,Field_1,1,PROTECTING,Field_4,1,MOVING_TO_FIELD,Field_5,1,MOVING_TO_FIELD,Field_2,1,MOVING_TO_FIELD,Field_5,1,MOVING_TO_FIELD,Field_5,1,MOVING_TO_FIELD,Field_5,1,MOVING_TO_FIELD,Field_1,1,MOVING_TO_FIELD,Field_5,1,IDLE,,1,MOVING_TO_FIELD,Field_20,1,MOVING_TO_FIELD,Field_20,1,MOVING_TO_FIELD,Field_20,1,PROTECTING,Field_7,1,IDLE,,1,IDLE,,1,PROTECTING,Field_1,1,MOVING_TO_FIELD,Field_6,1,MOVING_TO_FIELD,Field_1,1,MOVING_TO_FIELD,Field_1,1,IDLE,,1,MOVING_TO_FIELD,Field_4,1,IDLE,,1,MOVING_TO_FIELD,Field_4,1,IDLE,,1,IDLE,,1,MOVING_TO_FIELD,Field_6,1,MOVING_TO_FIELD,Field_4,1,MOVING_TO_FIELD,Field_5,1,MOVING_TO_FIELD,Field_4,1,PROTECTING,Field_7,1,IDLE,,1,MOVING_TO_FIELD,Field_20,1,PROTECTING,Field_1,1,IDLE,,1,MOVING_TO_FIELD,Field_4,1,PROTECTING,Field_1,40,0.12,4,4,0,22,0.05,0,1,2,3,0.06,0,0,4,13,0.09,1,5,3,0,0.00,0,6,2,27,0.10,0,2,4,21,0.01,2,0,1,18,0.01,0,0,2,2,0.06,0,0,3,29,0.19,0,0,6,63,0.20,0,0,4,35,0.15,0,0,1,13,0.05,0,0,2,53,0.23,0,0,6,83,0.22,0,0,6,57,0.15,0,0,2,50,0.15,0,0,2,72,0.02,0,0,1,0,0.03,0,0,2,1,0.08,1,5,2
228,604,9,0,8,0,23,0,1,MOVING_TO_FIELD,Field_1,1,PROTECTING,Field_20,1,MOVING_TO_FIELD,Field_20,1,PROTECTING,Field_1,1,PROTECTING,Field_4,1,MOVING_TO_FIELD,Field_5,1,MOVING_TO_FIELD,Field_2,1,MOVING_TO_FIELD,Field_5,1,MOVING_TO_FIELD,Field_5,1,MOVING_TO_FIELD,Field_5,1,MOVING_TO_FIELD,Field_1,1,MOVING_TO_FIELD,Field_5,1,IDLE,,1,MOVING_TO_FIELD,Field_20,1,MOVING_TO_FIELD,Field_20,1,MOVING_TO_FIELD,Field_20,1,PROTECTING,Field_7,1,IDLE,,1,IDLE,,1,PROTECTING,Field_1,1,MOVING_TO_FIELD,Field_6,1,MOVING_TO_FIELD,Field_1,1,MOVING_TO_FIELD,Field_1,1,IDLE,,1,MOVING_TO_FIELD,Field_4,1,IDLE,,1,MOVING_TO_FIELD,Field_4,1,IDLE,,1,IDLE,,1,MOVING_TO_FIELD,Field_6,1,MOVING_TO_FIELD,Field_4,1,MOVING_TO_FIELD,Field_5,1,MOVING_TO_FIELD,Field_4,1,PROTECTING,Field_7,1,IDLE,,1,MOVING_TO_FIELD,Field_20,1,PROTECTING,Field_1,1,IDLE,,1,MOVING_TO_FIELD,Field_4,1,PROTECTING,Field_1,40,0.13,4,4,0,22,0.05,0,1,2,3,0.06,0,0,4,13,0.09,1,5,3,0,0.00,0,6,2,27,0.10,0,2,4,21,0.02,2,0,1,18,0.01,0,0,2,2,0.04,0,0,3,29,0.17,0,0,6,64,0.20,0,0,4,36,0.15,0,0,1,13,0.05,0,0,2,53,0.23,0,0,6,83,0.22,0,0,6,57,0.15,0,0,2,50,0.13,0,0,2,72,0.02,0,0,1,0,0.02,0,0,2,1,0.08,1,5,2
229,605,9,0,8,0,23,0,1,MOVING_TO_FIELD,Field_1,1,PROTECTING,Field_20,1,MOVING_TO_FIELD,Field_20,1,PROTECTING,Field_1,1,PROTECTING,Field_4,1,MOVING_TO_FIELD,Field_5,1,MOVING_TO_FIELD,Field_2,1,MOVING_TO_FIELD,Field_5,1,MOVING_TO_FIELD,Field_5,1,MOVING_TO_FIELD,Field_5,1,MOVING_TO_FIELD,Field_1,1,MOVING_TO_FIELD,Field_5,1,IDLE,,1,MOVING_TO_FIELD,Field_20,1,MOVING_TO_FIELD,Field_20,1,MOVING_TO_FIELD,Field_20,1,PROTECTING,Field_7,1,IDLE,,1,IDLE,,1,PROTECTING,Field_1,1,MOVING_TO_FIELD,Field_6,1,MOVING_TO_FIELD,Field_1,1,MOVING_TO_FIELD,Field_1,1,IDLE,,1,MOVING_TO_FIELD,Field_4,1,IDLE,,1,MOVING_TO_FIELD,Field_4,1,IDLE,,1,IDLE,,1,MOVING_TO_FIELD,Field_6,1,MOVING_TO_FIELD,Field_4,1,MOVING_TO_FIELD,Field_5,1,MOVING_TO_FIELD,Field_4,1,PROTECTING,Field_7,1,IDLE,,1,MOVING_TO_FIELD,Field_20,1,PROTECTING,Field_1,1,IDLE,,1,MOVING_TO_FIELD,Field_4,1,PROTECTING,Field_1,40,0.13,4,4,0,23,0.05,0,1,2,3,0.07,0,0,4,13,0.10,1,5,3,0,0.00,0,6,2,27,0.10,0,2,4,21,0.02,2,0,1,18,0.01,0,0,2,2,0.04,0,0,3,29,0.17,0,0,6,64,0.21,0,0,4,36,0.15,0,0,1,13,0.05,0,0,2,53,0.23,0,0,6,83,0.22,0,0,6,57,0.14,0,0,2,50,0.15,0,0,2,72,0.02,0,0,1,0,0.00,0,0,2,1,0.08,1,5,2
230,605,9,0,9,0,22,0,1,MOVING_TO_FIELD,Field_1,1,PROTECTING,Field_20,1,MOVING_TO_FIELD,Field_20,1,PROTECTING,Field_1,1,PROTECTING,Field_4,1,PROTECTING,Field_5,1,MOVING_TO_FIELD,Field_2,1,MOVING_TO_FIELD,Field_5,1,MOVING_TO_FIELD,Field_5,1,MOVING_TO_FIELD,Field_5,1,MOVING_TO_FIELD,Field_1,1,MOVING_TO_FIELD,Field_5,1,IDLE,,1,MOVING_TO_FIELD,Field_20,1,MOVING_TO_FIELD,Field_20,1,MOVING_TO_FIELD,Field_20,1,PROTECTING,Field_7,1,IDLE,,1,IDLE,,1,PROTECTING,Field_1,1,MOVING_TO_FIELD,Field_6,1,MOVING_TO_FIELD,Field_1,1,MOVING_TO_FIELD,Field_1,1,IDLE,,1,MOVING_TO_FIELD,Field_4,1,IDLE,,1,MOVING_TO_FIELD,Field_4,1,IDLE,,1,IDLE,,1,MOVING_TO_FIELD,Field_6,1,MOVING_TO_FIELD,Field_4,1,MOVING_TO_FIELD,Field_5,1,MOVING_TO_FIELD,Field_4,1,PROTECTING,Field_7,1,IDLE,,1,MOVING_TO_FIELD,Field_20,1,PROTECTING,Field_1,1,IDLE,,1,MOVING_TO_FIELD,Field_4,1,PROTECTING,Field_1,40,0.14,4,4,0,23,0.07,0,1,2,3,0.07,0,0,4,13,0.10,1,5,3,0,0.00,1,5,1,27,0.10,0,2,4,21,0.02,2,0,1,18,0.01,0,0,2,2,0.04,0,0,3,29,0.16,0,0,6,64,0.21,0,0,4,36,0.12,0,0,1,13,0.05,0,0,2,53,0.24,0,0,6,83,0.22,0,0,6,57,0.12,0,0,2,50,0.13,0,0,2,72,0.02,0,0,1,0,0.00,0,0,2,1,0.08,1,5,2
231,605,0,0,9,0,31,0,1,MOVING_TO_FIELD,Field_4,1,PROTECTING,Field_20,1,MOVING_TO_FIELD,Field_20,1,PROTECTING,Field_1,1,PROTECTING,Field_4,1,PROTECTING,Field_5,1,MOVING_TO_FIELD,Field_4,1,MOVING_TO_FIELD,Field_5,1,PROTECTING,Field_5,1,MOVING_TO_FIELD,Field_5,1,MOVING_TO_FIELD,Field_1,1,MOVING_TO_FIELD,Field_1,1,MOVING_TO_FIELD,Field_7,1,MOVING_TO_FIELD,Field_20,1,MOVING_TO_FIELD,Field_5,1,MOVING_TO_FIELD,Field_5,1,MOVING_TO_FIELD,Field_20,1,PROTECTING,Field_4,1,MOVING_TO_FIELD,Field_7,1,PROTECTING,Field_1,1,MOVING_TO_FIELD,Field_6,1,MOVING_TO_FIELD,Field_4,1,MOVING_TO_FIELD,Field_1,1,MOVING_TO_FIELD,Field_6,1,MOVING_TO_FIELD,Field_4,1,MOVING_TO_FIELD,Field_6,1,MOVING_TO_FIELD,Field_4,1,MOVING_TO_FIELD,Field_4,1,MOVING_TO_FIELD,Field_20,1,MOVING_TO_FIELD,Field_6,1,MOVING_TO_FIELD,Field_4,1,MOVING_TO_FIELD,Field_1,1,MOVING_TO_FIELD,Field_20,1,MOVING_TO_FIELD,Field_20,1,MOVING_TO_FIELD,Field_20,1,MOVING_TO_FIELD,Field_20,1,PROTECTING,Field_1,1,MOVING_TO_FIELD,Field_2,1,MOVING_TO_FIELD,Field_4,1,PROTECTING,Field_1,40,0.12,4,4,0,23,0.09,0,1,2,3,0.07,0,0,4,13,0.10,2,8,2,0,0.00,2,4,0,27,0.11,0,4,4,21,0.03,0,2,3,18,0.01,0,0,2,2,0.03,0,0,3,29,0.18,0,0,6,64,0.22,0,0,4,36,0.12,0,0,1,13,0.05,0,0,2,53,0.24,0,0,6,83,0.21,0,0,6,57,0.09,0,0,2,50,0.15,0,0,2,72,0.02,0,0,1,0,0.00,0,0,2,1,0.08,1,8,2
232,608,0,0,11,0,29,0,1,MOVING_TO_FIELD,Field_4,1,PROTECTING,Field_20,1,PROTECTING,Field_20,1,PROTECTING,Field_1,1,PROTECTING,Field_4,1,PROTECTING,Field_5,1,MOVING_TO_FIELD,Field_4,1,MOVING_TO_FIELD,Field_5,1,PROTECTING,Field_5,1,PROTECTING,Field_5,1,MOVING_TO_FIELD,Field_1,1,MOVING_TO_FIELD,Field_1,1,MOVING_TO_FIELD,Field_7,1,MOVING_TO_FIELD,Field_20,1,MOVING_TO_FIELD,Field_5,1,MOVING_TO_FIELD,Field_5,1,MOVING_TO_FIELD,Field_20,1,PROTECTING,Field_4,1,MOVING_TO_FIELD,Field_7,1,PROTECTING,Field_1,1,MOVING_TO_FIELD,Field_6,1,MOVING_TO_FIELD,Field_4,1,MOVING_TO_FIELD,Field_1,1,MOVING_TO_FIELD,Field_6,1,MOVING_TO_FIELD,Field_4,1,MOVING_TO_FIELD,Field_6,1,MOVING_TO_FIELD,Field_4,1,MOVING_TO_FIELD,Field_4,1,MOVING_TO_FIELD,Field_20,1,MOVING_TO_FIELD,Field_6,1,MOVING_TO_FIELD,Field_4,1,MOVING_TO_FIELD,Field_1,1,MOVING_TO_FIELD,Field_20,1,MOVING_TO_FIELD,Field_20,1,MOVING_TO_FIELD,Field_20,1,MOVING_TO_FIELD,Field_20,1,PROTECTING,Field_1,1,MOVING_TO_FIELD,Field_2,1,MOVING_TO_FIELD,Field_4,1,PROTECTING,Field_1,40,0.14,4,4,0,23,0.09,0,1,2,3,0.08,0,0,4,13,0.10,2,8,2,0,0.01,3,3,-1,27,0.13,0,4,4,21,0.03,0,2,3,18,0.01,0,0,2,2,0.02,0,0,3,30,0.19,0,0,6,65,0.25,0,0,4,36,0.09,0,0,1,13,0.05,0,0,2,53,0.20,0,0,6,83,0.22,0,0,6,58,0.09,0,0,2,50,0.15,0,0,2,72,0.02,0,0,1,0,0.00,0,0,2,1,0.08,2,7,1
233,610,0,0,11,0,29,0,1,MOVING_TO_FIELD,Field_4,1,PROTECTING,Field_20,1,PROTECTING,Field_20,1,PROTECTING,Field_1,1,PROTECTING,Field_4,1,PROTECTING,Field_5,1,MOVING_TO_FIELD,Field_4,1,MOVING_TO_FIELD,Field_5,1,PROTECTING,Field_5,1,PROTECTING,Field_5,1,MOVING_TO_FIELD,Field_1,1,MOVING_TO_FIELD,Field_1,1,MOVING_TO_FIELD,Field_7,1,MOVING_TO_FIELD,Field_20,1,MOVING_TO_FIELD,Field_5,1,MOVING_TO_FIELD,Field_5,1,MOVING_TO_FIELD,Field_20,1,PROTECTING,Field_4,1,MOVING_TO_FIELD,Field_7,1,PROTECTING,Field_1,1,MOVING_TO_FIELD,Field_6,1,MOVING_TO_FIELD,Field_4,1,MOVING_TO_FIELD,Field_1,1,MOVING_TO_FIELD,Field_6,1,MOVING_TO_FIELD,Field_4,1,MOVING_TO_FIELD,Field_6,1,MOVING_TO_FIELD,Field_4,1,MOVING_TO_FIELD,Field_4,1,MOVING_TO_FIELD,Field_20,1,MOVING_TO_FIELD,Field_6,1,MOVING_TO_FIELD,Field_4,1,MOVING_TO_FIELD,Field_1,1,MOVING_TO_FIELD,Field_20,1,MOVING_TO_FIELD,Field_20,1,MOVING_TO_FIELD,Field_20,1,MOVING_TO_FIELD,Field_20,1,PROTECTING,Field_1,1,MOVING_TO_FIELD,Field_2,1,MOVING_TO_FIELD,Field_4,1,PROTECTING,Field_1,40,0.13,4,4,0,23,0.11,0,1,2,3,0.07,0,0,4,13,0.10,2,8,2,0,0.01,3,3,-1,27,0.13,0,4,4,21,0.04,0,2,3,18,0.01,0,0,2,2,0.02,0,0,3,31,0.19,0,0,6,65,0.26,0,0,4,36,0.09,0,0,1,14,0.05,0,0,2,53,0.21,0,0,6,83,0.22,0,0,6,58,0.09,0,0,2,50,0.15,0,0,2,72,0.00,0,0,1,0,0.02,0,0,2,1,0.08,2,7,1
234,612,0,0,12,0,28,0,1,MOVING_TO_FIELD,Field_4,1,PROTECTING,Field_20,1,PROTECTING,Field_20,1,PROTECTING,Field_1,1,PROTECTING,Field_4,1,PROTECTING,Field_5,1,MOVING_TO_FIELD,Field_4,1,PROTECTING,Field_5,1,PROTECTING,Field_5,1,PROTECTING,Field_5,1,MOVING_TO_FIELD,Field_1,1,MOVING_TO_FIELD,Field_1,1,MOVING_TO_FIELD,Field_7,1,MOVING_TO_FIELD,Field_20,1,MOVING_TO_FIELD,Field_5,1,MOVING_TO_FIELD,Field_5,1,MOVING_TO_FIELD,Field_20,1,PROTECTING,Field_4,1,MOVING_TO_FIELD,Field_7,1,PROTECTING,Field_1,1,MOVING_TO_FIELD,Field_6,1,MOVING_TO_FIELD,Field_4,1,MOVING_TO_FIELD,Field_1,1,MOVING_TO_FIELD,Field_6,1,MOVING_TO_FIELD,Field_4,1,MOVING_TO_FIELD,Field_6,1,MOVING_TO_FIELD,Field_4,1,MOVING_TO_FIELD,Field_4,1,MOVING_TO_FIELD,Field_20,1,MOVING_TO_FIELD,Field_6,1,MOVING_TO_FIELD,Field_4,1,MOVING_TO_FIELD,Field_1,1,MOVING_TO_FIELD,Field_20,1,MOVING_TO_FIELD,Field_20,1,MOVING_TO_FIELD,Field_20,1,MOVING_TO_FIELD,Field_20,1,PROTECTING,Field_1,1,MOVING_TO_FIELD,Field_2,1,MOVING_TO_FIELD,Field_4,1,PROTECTING,Field_1,40,0.13,4,4,0,23,0.10,0,1,2,3,0.08,0,0,4,13,0.11,2,8,2,0,0.01,4,2,-2,28,0.13,0,4,4,21,0.04,0,2,3,18,0.01,0,0,2,2,0.02,0,0,3,31,0.19,0,0,6,65,0.26,0,0,4,36,0.09,0,0,1,14,0.05,0,0,2,53,0.21,0,0,6,83,0.24,0,0,6,59,0.09,0,0,2,50,0.15,0,0,2,72,0.00,0,0,1,0,0.02,0,0,2,1,0.08,2,7,1
235,614,0,0,13,0,27,0,1,MOVING_TO_FIELD,Field_4,1,PROTECTING,Field_20,1,PROTECTING,Field_20,1,PROTECTING,Field_1,1,PROTECTING,Field_4,1,PROTECTING,Field_5,1,MOVING_TO_FIELD,Field_4,1,PROTECTING,Field_5,1,PROTECTING,Field_5,1,PROTECTING,Field_5,1,MOVING_TO_FIELD,Field_1,1,MOVING_TO_FIELD,Field_1,1,MOVING_TO_FIELD,Field_7,1,MOVING_TO_FIELD,Field_20,1,MOVING_TO_FIELD,Field_5,1,MOVING_TO_FIELD,Field_5,1,MOVING_TO_FIELD,Field_20,1,PROTECTING,Field_4,1,MOVING_TO_FIELD,Field_7,1,PROTECTING,Field_1,1,MOVING_TO_FIELD,Field_6,1,MOVING_TO_FIELD,Field_4,1,MOVING_TO_FIELD,Field_1,1,MOVING_TO_FIELD,Field_6,1,MOVING_TO_FIELD,Field_4,1,MOVING_TO_FIELD,Field_6,1,MOVING_TO_FIELD,Field_4,1,PROTECTING,Field_4,1,MOVING_TO_FIELD,Field_20,1,MOVING_TO_FIELD,Field_6,1,MOVING_TO_FIELD,Field_4,1,MOVING_TO_FIELD,Field_1,1,MOVING_TO_FIELD,Field_20,1,MOVING_TO_FIELD,Field_20,1,MOVING_TO_FIELD,Field_20,1,MOVING_TO_FIELD,Field_20,1,PROTECTING,Field_1,1,MOVING_TO_FIELD,Field_2,1,MOVING_TO_FIELD,Field_4,1,PROTECTING,Field_1,41,0.14,4,4,0,23,0.12,0,1,2,3,0.08,0,0,4,13,0.11,3,7,1,0,0.01,4,2,-2,28,0.13,0,4,4,21,0.03,0,2,3,18,0.01,0,0,2,2,0.02,0,0,3,32,0.18,0,0,6,65,0.26,0,0,4,36,0.09,0,0,1,14,0.05,0,0,2,53,0.21,0,0,6,83,0.23,0,0,6,59,0.09,0,0,2,50,0.15,0,0,2,72,0.00,0,0,1,0,0.03,0,0,2,1,0.08,2,7,1
236,615,0,0,13,0,27,0,1,MOVING_TO_FIELD,Field_4,1,PROTECTING,Field_20,1,PROTECTING,Field_20,1,PROTECTING,Field_1,1,PROTECTING,Field_4,1,PROTECTING,Field_5,1,MOVING_TO_FIELD,Field_4,1,PROTECTING,Field_5,1,PROTECTING,Field_5,1,PROTECTING,Field_5,1,MOVING_TO_FIELD,Field_1,1,MOVING_TO_FIELD,Field_1,1,MOVING_TO_FIELD,Field_7,1,MOVING_TO_FIELD,Field_20,1,MOVING_TO_FIELD,Field_5,1,MOVING_TO_FIELD,Field_5,1,MOVING_TO_FIELD,Field_20,1,PROTECTING,Field_4,1,MOVING_TO_FIELD,Field_7,1,PROTECTING,Field_1,1,MOVING_TO_FIELD,Field_6,1,MOVING_TO_FIELD,Field_4,1,MOVING_TO_FIELD,Field_1,1,MOVING_TO_FIELD,Field_6,1,MOVING_TO_FIELD,Field_4,1,MOVING_TO_FIELD,Field_6,1,MOVING_TO_FIELD,Field_4,1,PROTECTING,Field_4,1,MOVING_TO_FIELD,Field_20,1,MOVING_TO_FIELD,Field_6,1,MOVING_TO_FIELD,Field_4,1,MOVING_TO_FIELD,Field_1,1,MOVING_TO_FIELD,Field_20,1,MOVING_TO_FIELD,Field_20,1,MOVING_TO_FIELD,Field_20,1,MOVING_TO_FIELD,Field_20,1,PROTECTING,Field_1,1,MOVING_TO_FIELD,Field_2,1,MOVING_TO_FIELD,Field_4,1,PROTECTING,Field_1,41,0.13,4,4,0,23,0.12,0,1,2,3,0.09,0,0,4,13,0.11,3,7,1,0,0.01,4,2,-2,28,0.14,0,4,4,21,0.03,0,2,3,18,0.01,0,0,2,2,0.02,0,0,3,32,0.18,0,0,6,65,0.28,0,0,4,36,0.09,0,0,1,14,0.07,0,0,2,53,0.21,0,0,6,83,0.22,0,0,6,60,0.09,0,0,2,50,0.15,0,0,2,72,0.00,0,0,1,0,0.03,0,0,2,1,0.08,2,7,1
237,619,0,0,14,0,26,0,1,MOVING_TO_FIELD,Field_4,1,PROTECTING,Field_20,1,PROTECTING,Field_20,1,PROTECTING,Field_1,1,PROTECTING,Field_4,1,PROTECTING,Field_5,1,MOVING_TO_FIELD,Field_4,1,PROTECTING,Field_5,1,PROTECTING,Field_5,1,PROTECTING,Field_5,1,MOVING_TO_FIELD,Field_1,1,MOVING_TO_FIELD,Field_1,1,MOVING_TO_FIELD,Field_7,1,MOVING_TO_FIELD,Field_20,1,MOVING_TO_FIELD,Field_5,1,MOVING_TO_FIELD,Field_5,1,MOVING_TO_FIELD,Field_20,1,PROTECTING,Field_4,1,PROTECTING,Field_7,1,PROTECTING,Field_1,1,MOVING_TO_FIELD,Field_6,1,MOVING_TO_FIELD,Field_4,1,MOVING_TO_FIELD,Field_1,1,MOVING_TO_FIELD,Field_6,1,MOVING_TO_FIELD,Field_4,1,MOVING_TO_FIELD,Field_6,1,MOVING_TO_FIELD,Field_4,1,PROTECTING,Field_4,1,MOVING_TO_FIELD,Field_20,1,MOVING_TO_FIELD,Field_6,1,MOVING_TO_FIELD,Field_4,1,MOVING_TO_FIELD,Field_1,1,MOVING_TO_FIELD,Field_20,1,MOVING_TO_FIELD,Field_20,1,MOVING_TO_FIELD,Field_20,1,MOVING_TO_FIELD,Field_20,1,PROTECTING,Field_1,1,MOVING_TO_FIELD,Field_2,1,MOVING_TO_FIELD,Field_4,1,PROTECTING,Field_1,41,0.13,4,4,0,23,0.12,0,1,2,3,0.09,0,0,4,13,0.12,3,7,1,0,0.01,4,2,-2,28,0.14,0,4,4,21,0.03,1,1,2,18,0.01,0,0,2,2,0.02,0,0,3,33,0.18,0,0,6,65,0.29,0,0,4,36,0.09,0,0,1,14,0.09,0,0,2,53,0.21,0,0,6,85,0.22,0,0,6,61,0.09,0,0,2,50,0.15,0,0,2,72,0.00,0,0,1,0,0.05,0,0,2,1,0.06,2,7,1
238,623,0,0,15,0,25,0,1,MOVING_TO_FIELD,Field_4,1,PROTECTING,Field_20,1,PROTECTING,Field_20,1,PROTECTING,Field_1,1,PROTECTING,Field_4,1,PROTECTING,Field_5,1,MOVING_TO_FIELD,Field_4,1,PROTECTING,Field_5,1,PROTECTING,Field_5,1,PROTECTING,Field_5,1,MOVING_TO_FIELD,Field_1,1,MOVING_TO_FIELD,Field_1,1,MOVING_TO_FIELD,Field_7,1,MOVING_TO_FIELD,Field_20,1,MOVING_TO_FIELD,Field_5,1,MOVING_TO_FIELD,Field_5,1,MOVING_TO_FIELD,Field_20,1,PROTECTING,Field_4,1,PROTECTING,Field_7,1,PROTECTING,Field_1,1,MOVING_TO_FIELD,Field_6,1,MOVING_TO_FIELD,Field_4,1,MOVING_TO_FIELD,Field_1,1,MOVING_TO_FIELD,Field_6,1,MOVING_TO_FIELD,Field_4,1,MOVING_TO_FIELD,Field_6,1,PROTECTING,Field_4,1,PROTECTING,Field_4,1,MOVING_TO_FIELD,Field_20,1,MOVING_TO_FIELD,Field_6,1,MOVING_TO_FIELD,Field_4,1,MOVING_TO_FIELD,Field_1,1,MOVING_TO_FIELD,Field_20,1,MOVING_TO_FIELD,Field_20,1,MOVING_TO_FIELD,Field_20,1,MOVING_TO_FIELD,Field_20,1,PROTECTING,Field_1,1,MOVING_TO_FIELD,Field_2,1,MOVING_TO_FIELD,Field_4,1,PROTECTING,Field_1,44,0.13,4,4,0,23,0.12,0,1,2,3,0.09,0,0,4,13,0.12,4,6,0,0,0.01,4,2,-2,28,0.15,0,4,4,21,0.04,1,1,2,18,0.01,0,0,2,2,0.03,0,0,3,33,0.18,0,0,6,66,0.28,0,0,4,36,0.12,0,0,1,14,0.07,0,0,2,53,0.20,0,0,6,85,0.22,0,0,6,61,0.07,0,0,2,50,0.15,0,0,2,72,0.00,0,0,1,0,0.05,0,0,2,1,0.06,2,7,1
239,623,0,0,15,0,25,0,1,MOVING_TO_FIELD,Field_4,1,PROTECTING,Field_20,1,PROTECTING,Field_20,1,PROTECTING,Field_1,1,PROTECTING,Field_4,1,PROTECTING,Field_5,1,MOVING_TO_FIELD,Field_4,1,PROTECTING,Field_5,1,PROTECTING,Field_5,1,PROTECTING,Field_5,1,MOVING_TO_FIELD,Field_1,1,MOVING_TO_FIELD,Field_1,1,MOVING_TO_FIELD,Field_7,1,MOVING_TO_FIELD,Field_20,1,MOVING_TO_FIELD,Field_5,1,MOVING_TO_FIELD,Field_5,1,MOVING_TO_FIELD,Field_20,1,PROTECTING,Field_4,1,PROTECTING,Field_7,1,PROTECTING,Field_1,1,MOVING_TO_FIELD,Field_6,1,MOVING_TO_FIELD,Field_4,1,MOVING_TO_FIELD,Field_1,1,MOVING_TO_FIELD,Field_6,1,MOVING_TO_FIELD,Field_4,1,MOVING_TO_FIELD,Field_6,1,PROTECTING,Field_4,1,PROTECTING,Field_4,1,MOVING_TO_FIELD,Field_20,1,MOVING_TO_FIELD,Field_6,1,MOVING_TO_FIELD,Field_4,1,MOVING_TO_FIELD,Field_1,1,MOVING_TO_FIELD,Field_20,1,MOVING_TO_FIELD,Field_20,1,MOVING_TO_FIELD,Field_20,1,MOVING_TO_FIELD,Field_20,1,PROTECTING,Field_1,1,MOVING_TO_FIELD,Field_2,1,MOVING_TO_FIELD,Field_4,1,PROTECTING,Field_1,44,0.12,4,4,0,23,0.11,0,1,2,3,0.08,0,0,4,13,0.11,4,6,0,0,0.01,4,2,-2,28,0.13,0,4,4,21,0.03,1,1,2,18,0.01,0,0,2,2,0.03,0,0,3,33,0.19,0,0,6,66,0.28,0,0,4,36,0.12,0,0,1,14,0.07,0,0,2,53,0.20,0,0,6,85,0.20,0,0,6,61,0.09,0,0,2,50,0.15,0,0,2,72,0.00,0,0,1,0,0.05,0,0,2,1,0.06,2,7,1
240,626,0,0,15,0,25,0,1,MOVING_TO_FIELD,Field_4,1,PROTECTING,Field_20,1,PROTECTING,Field_20,1,PROTECTING,Field_1,1,PROTECTING,Field_4,1,PROTECTING,Field_5,1,MOVING_TO_FIELD,Field_4,1,PROTECTING,Field_5,1,PROTECTING,Field_5,1,PROTECTING,Field_5,1,MOVING_TO_FIELD,Field_1,1,MOVING_TO_FIELD,Field_1,1,MOVING_TO_FIELD,Field_7,1,MOVING_TO_FIELD,Field_20,1,MOVING_TO_FIELD,Field_5,1,MOVING_TO_FIELD,Field_5,1,MOVING_TO_FIELD,Field_20,1,PROTECTING,Field_4,1,PROTECTING,Field_7,1,PROTECTING,Field_1,1,MOVING_TO_FIELD,Field_6,1,MOVING_TO_FIELD,Field_4,1,MOVING_TO_FIELD,Field_1,1,MOVING_TO_FIELD,Field_6,1,MOVING_TO_FIELD,Field_4,1,MOVING_TO_FIELD,Field_6,1,PROTECTING,Field_4,1,PROTECTING,Field_4,1,MOVING_TO_FIELD,Field_20,1,MOVING_TO_FIELD,Field_6,1,MOVING_TO_FIELD,Field_4,1,MOVING_TO_FIELD,Field_1,1,MOVING_TO_FIELD,Field_20,1,MOVING_TO_FIELD,Field_20,1,MOVING_TO_FIELD,Field_20,1,MOVING_TO_FIELD,Field_20,1,PROTECTING,Field_1,1,MOVING_TO_FIELD,Field_2,1,MOVING_TO_FIELD,Field_4,1,PROTECTING,Field_1,44,0.12,4,4,0,23,0.12,0,1,2,3,0.08,0,0,4,13,0.11,4,6,0,0,0.02,4,2,-2,30,0.13,0,4,4,21,0.03,1,1,2,18,0.01,0,0,2,2,0.03,0,0,3,33,0.19,0,0,6,66,0.29,0,0,4,36,0.09,0,0,1,14,0.07,0,0,2,53,0.20,0,0,6,86,0.20,0,0,6,61,0.10,0,0,2,50,0.15,0,0,2,72,0.00,0,0,1,0,0.05,0,0,2,1,0.06,2,7,1
241,629,1,0,15,0,24,0,1,MOVING_TO_FIELD,Field_20,1,PROTECTING,Field_20,1,PROTECTING,Field_20,1,PROTECTING,Field_1,1,PROTECTING,Field_4,1,PROTECTING,Field_5,1,MOVING_TO_FIELD,Field_4,1,PROTECTING,Field_5,1,PROTECTING,Field_5,1,PROTECTING,Field_5,1,MOVING_TO_FIELD,Field_4,1,MOVING_TO_FIELD,Field_1,1,MOVING_TO_FIELD,Field_20,1,MOVING_TO_FIELD,Field_1,1,MOVING_TO_FIELD,Field_5,1,MOVING_TO_FIELD,Field_1,1,MOVING_TO_FIELD,Field_5,1,PROTECTING,Field_4,1,PROTECTING,Field_7,1,PROTECTING,Field_1,1,MOVING_TO_FIELD,Field_20,1,MOVING_TO_FIELD,Field_4,1,MOVING_TO_FIELD,Field_1,1,MOVING_TO_FIELD,Field_5,1,MOVING_TO_FIELD,Field_20,1,MOVING_TO_FIELD,Field_5,1,PROTECTING,Field_4,1,PROTECTING,Field_4,1,MOVING_TO_FIELD,Field_20,1,MOVING_TO_FIELD,Field_20,1,MOVING_TO_FIELD,Field_4,1,MOVING_TO_FIELD,Field_4,1,MOVING_TO_FIELD,Field_5,1,MOVING_TO_FIELD,Field_7,1,IDLE,,1,MOVING_TO_FIELD,Field_5,1,PROTECTING,Field_1,1,MOVING_TO_FIELD,Field_7,1,MOVING_TO_FIELD,Field_4,1,PROTECTING,Field_1,45,0.13,4,4,0,24,0.12,0,0,2,3,0.08,0,0,4,13,0.11,4,6,0,0,0.01,4,6,-2,31,0.12,0,0,4,21,0.03,1,2,2,18,0.01,0,0,2,2,0.03,0,0,3,33,0.18,0,0,6,66,0.29,0,0,4,36,0.09,0,0,1,14,0.07,0,0,2,53,0.20,0,0,6,86,0.20,0,0,6,61,0.11,0,0,2,50,0.15,0,0,2,72,0.00,0,0,1,0,0.05,0,0,2,1,0.06,2,6,1
242,630,1,0,16,0,23,0,1,MOVING_TO_FIELD,Field_20,1,PROTECTING,Field_20,1,PROTECTING,Field_20,1,PROTECTING,Field_1,1,PROTECTING,Field_4,1,PROTECTING,Field_5,1,MOVING_TO_FIELD,Field_4,1,PROTECTING,Field_5,1,PROTECTING,Field_5,1,PROTECTING,Field_5,1,MOVING_TO_FIELD,Field_4,1,MOVING_TO_FIELD,Field_1,1,MOVING_TO_FIELD,Field_20,1,MOVING_TO_FIELD,Field_1,1,MOVING_TO_FIELD,Field_5,1,MOVING_TO_FIELD,Field_1,1,MOVING_TO_FIELD,Field_5,1,PROTECTING,Field_4,1,PROTECTING,Field_7,1,PROTECTING,Field_1,1,MOVING_TO_FIELD,Field_20,1,MOVING_TO_FIELD,Field_4,1,MOVING_TO_FIELD,Field_1,1,MOVING_TO_FIELD,Field_5,1,MOVING_TO_FIELD,Field_20,1,MOVING_TO_FIELD,Field_5,1,PROTECTING,Field_4,1,PROTECTING,Field_4,1,MOVING_TO_FIELD,Field_20,1,MOVING_TO_FIELD,Field_20,1,PROTECTING,Field_4,1,MOVING_TO_FIELD,Field_4,1,MOVING_TO_FIELD,Field_5,1,MOVING_TO_FIELD,Field_7,1,IDLE,,1,MOVING_TO_FIELD,Field_5,1,PROTECTING,Field_1,1,MOVING_TO_FIELD,Field_7,1,MOVING_TO_FIELD,Field_4,1,PROTECTING,Field_1,45,0.12,4,4,0,24,0.11,0,0,2,3,0.08,0,0,4,13,0.11,5,5,-1,0,0.01,4,6,-2,31,0.12,0,0,4,21,0.03,1,2,2,18,0.01,0,0,2,2,0.03,0,0,3,34,0.18,0,0,6,66,0.29,0,0,4,36,0.09,0,0,1,14,0.07,0,0,2,53,0.20,0,0,6,86,0.20,0,0,6,61,0.11,0,0,2,50,0.13,0,0,2,72,0.02,0,0,1,0,0.05,0,0,2,1,0.06,2,6,1
243,633,1,0,17,0,22,0,1,MOVING_TO_FIELD,Field_20,1,PROTECTING,Field_20,1,PROTECTING,Field_20,1,PROTECTING,Field_1,1,PROTECTING,Field_4,1,PROTECTING,Field_5,1,MOVING_TO_FIELD,Field_4,1,PROTECTING,Field_5,1,PROTECTING,Field_5,1,PROTECTING,Field_5,1,MOVING_TO_FIELD,Field_4,1,MOVING_TO_FIELD,Field_1,1,MOVING_TO_FIELD,Field_20,1,MOVING_TO_FIELD,Field_1,1,MOVING_TO_FIELD,Field_5,1,MOVING_TO_FIELD,Field_1,1,MOVING_TO_FIELD,Field_5,1,PROTECTING,Field_4,1,PROTECTING,Field_7,1,PROTECTING,Field_1,1,MOVING_TO_FIELD,Field_20,1,MOVING_TO_FIELD,Field_4,1,MOVING_TO_FIELD,Field_1,1,MOVING_TO_FIELD,Field_5,1,MOVING_TO_FIELD,Field_20,1,MOVING_TO_FIELD,Field_5,1,PROTECTING,Field_4,1,PROTECTING,Field_4,1,MOVING_TO_FIELD,Field_20,1,MOVING_TO_FIELD,Field_20,1,PROTECTING,Field_4,1,MOVING_TO_FIELD,Field_4,1,MOVING_TO_FIELD,Field_5,1,MOVING_TO_FIELD,Field_7,1,IDLE,,1,MOVING_TO_FIELD,Field_5,1,PROTECTING,Field_1,1,MOVING_TO_FIELD,Field_7,1,PROTECTING,Field_4,1,PROTECTING,Field_1,45,0.13,4,4,0,25,0.11,0,0,2,3,0.08,0,0,4,13,0.11,6,4,-2,0,0.01,4,6,-2,32,0.11,0,0,4,21,0.03,1,2,2,18,0.01,0,0,2,2,0.04,0,0,3,34,0.18,0,0,6,67,0.28,0,0,4,36,0.09,0,0,1,14,0.07,0,0,2,53,0.20,0,0,6,86,0.20,0,0,6,61,0.10,0,0,2,50,0.13,0,0,2,72,0.02,0,0,1,0,0.05,0,0,2,1,0.06,2,6,1
244,638,1,0,17,0,22,0,1,MOVING_TO_FIELD,Field_20,1,PROTECTING,Field_20,1,PROTECTING,Field_20,1,PROTECTING,Field_1,1,PROTECTING,Field_4,1,PROTECTING,Field_5,1,MOVING_TO_FIELD,Field_4,1,PROTECTING,Field_5,1,PROTECTING,Field_5,1,PROTECTING,Field_5,1,MOVING_TO_FIELD,Field_4,1,MOVING_TO_FIELD,Field_1,1,MOVING_TO_FIELD,Field_20,1,MOVING_TO_FIELD,Field_1,1,MOVING_TO_FIELD,Field_5,1,MOVING_TO_FIELD,Field_1,1,MOVING_TO_FIELD,Field_5,1,PROTECTING,Field_4,1,PROTECTING,Field_7,1,PROTECTING,Field_1,1,MOVING_TO_FIELD,Field_20,1,MOVING_TO_FIELD,Field_4,1,MOVING_TO_FIELD,Field_1,1,MOVING_TO_FIELD,Field_5,1,MOVING_TO_FIELD,Field_20,1,MOVING_TO_FIELD,Field_5,1,PROTECTING,Field_4,1,PROTECTING,Field_4,1,MOVING_TO_FIELD,Field_20,1,MOVING_TO_FIELD,Field_20,1,PROTECTING,Field_4,1,MOVING_TO_FIELD,Field_4,1,MOVING_TO_FIELD,Field_5,1,MOVING_TO_FIELD,Field_7,1,IDLE,,1,MOVING_TO_FIELD,Field_5,1,PROTECTING,Field_1,1,MOVING_TO_FIELD,Field_7,1,PROTECTING,Field_4,1,PROTECTING,Field_1,45,0.12,4,4,0,25,0.10,0,0,2,3,0.06,0,0,4,13,0.10,6,4,-2,0,0.01,4,6,-2,32,0.11,0,0,4,21,0.03,1,2,2,18,0.00,0,0,2,2,0.04,0,0,3,34,0.17,0,0,6,71,0.29,0,0,4,36,0.12,0,0,1,14,0.05,0,0,2,53,0.20,0,0,6,86,0.20,0,0,6,61,0.10,0,0,2,51,0.13,0,0,2,72,0.02,0,0,1,0,0.05,0,0,2,1,0.06,2,6,1
245,638,1,0,18,0,21,0,1,MOVING_TO_FIELD,Field_20,1,PROTECTING,Field_20,1,PROTECTING,Field_20,1,PROTECTING,Field_1,1,PROTECTING,Field_4,1,PROTECTING,Field_5,1,MOVING_TO_FIELD,Field_4,1,PROTECTING,Field_5,1,PROTECTING,Field_5,1,PROTECTING,Field_5,1,MOVING_TO_FIELD,Field_4,1,MOVING_TO_FIELD,Field_1,1,MOVING_TO_FIELD,Field_20,1,MOVING_TO_FIELD,Field_1,1,PROTECTING,Field_5,1,MOVING_TO_FIELD,Field_1,1,MOVING_TO_FIELD,Field_5,1,PROTECTING,Field_4,1,PROTECTING,Field_7,1,PROTECTING,Field_1,1,MOVING_TO_FIELD,Field_20,1,MOVING_TO_FIELD,Field_4,1,MOVING_TO_FIELD,Field_1,1,MOVING_TO_FIELD,Field_5,1,MOVING_TO_FIELD,Field_20,1,MOVING_TO_FIELD,Field_5,1,PROTECTING,Field_4,1,PROTECTING,Field_4,1,MOVING_TO_FIELD,Field_20,1,MOVING_TO_FIELD,Field_20,1,PROTECTING,Field_4,1,MOVING_TO_FIELD,Field_4,1,MOVING_TO_FIELD,Field_5,1,MOVING_TO_FIELD,Field_7,1,IDLE,,1,MOVING_TO_FIELD,Field_5,1,PROTECTING,Field_1,1,MOVING_TO_FIELD,Field_7,1,PROTECTING,Field_4,1,PROTECTING,Field_1,45,0.12,4,4,0,25,0.09,0,0,2,3,0.05,0,0,4,13,0.09,6,4,-2,0,0.01,5,5,-3,32,0.11,0,0,4,21,0.03,1,2,2,18,0.00,0,0,2,2,0.04,0,0,3,34,0.17,0,0,6,71,0.28,0,0,4,36,0.12,0,0,1,14,0.05,0,0,2,53,0.21,0,0,6,86,0.20,0,0,6,61,0.10,0,0,2,51,0.13,0,0,2,72,0.02,0,0,1,0,0.05,0,0,2,1,0.08,2,6,1
246,639,1,0,19,0,20,0,1,MOVING_TO_FIELD,Field_20,1,PROTECTING,Field_20,1,PROTECTING,Field_20,1,PROTECTING,Field_1,1,PROTECTING,Field_4,1,PROTECTING,Field_5,1,PROTECTING,Field_4,1,PROTECTING,Field_5,1,PROTECTING,Field_5,1,PROTECTING,Field_5,1,MOVING_TO_FIELD,Field_4,1,MOVING_TO_FIELD,Field_1,1,MOVING_TO_FIELD,Field_20,1,MOVING_TO_FIELD,Field_1,1,PROTECTING,Field_5,1,MOVING_TO_FIELD,Field_1,1,MOVING_TO_FIELD,Field_5,1,PROTECTING,Field_4,1,PROTECTING,Field_7,1,PROTECTING,Field_1,1,MOVING_TO_FIELD,Field_20,1,MOVING_TO_FIELD,Field_4,1,MOVING_TO_FIELD,Field_1,1,MOVING_TO_FIELD,Field_5,1,MOVING_TO_FIELD,Field_20,1,MOVING_TO_FIELD,Field_5,1,PROTECTING,Field_4,1,PROTECTING,Field_4,1,MOVING_TO_FIELD,Field_20,1,MOVING_TO_FIELD,Field_20,1,PROTECTING,Field_4,1,MOVING_TO_FIELD,Field_4,1,MOVING_TO_FIELD,Field_5,1,MOVING_TO_FIELD,Field_7,1,IDLE,,1,MOVING_TO_FIELD,Field_5,1,PROTECTING,Field_1,1,MOVING_TO_FIELD,Field_7,1,PROTECTING,Field_4,1,PROTECTING,Field_1,45,0.11,4,4,0,25,0.09,0,0,2,3,0.05,0,0,4,13,0.08,7,3,-3,0,0.01,5,5,-3,32,0.09,0,0,4,21,0.02,1,2,2,18,0.00,0,0,2,2,0.04,0,0,3,34,0.17,0,0,6,72,0.28,0,0,4,36,0.09,0,0,1,14,0.05,0,0,2,53,0.21,0,0,6,86,0.20,0,0,6,61,0.09,0,0,2,51,0.15,0,0,2,72,0.04,0,0,1,0,0.05,0,0,2,1,0.08,2,6,1
247,641,1,0,20,0,19,0,1,MOVING_TO_FIELD,Field_20,1,PROTECTING,Field_20,1,PROTECTING,Field_20,1,PROTECTING,Field_1,1,PROTECTING,Field_4,1,PROTECTING,Field_5,1,PROTECTING,Field_4,1,PROTECTING,Field_5,1,PROTECTING,Field_5,1,PROTECTING,Field_5,1,MOVING_TO_FIELD,Field_4,1,MOVING_TO_FIELD,Field_1,1,MOVING_TO_FIELD,Field_20,1,MOVING_TO_FIELD,Field_1,1,PROTECTING,Field_5,1,MOVING_TO_FIELD,Field_1,1,MOVING_TO_FIELD,Field_5,1,PROTECTING,Field_4,1,PROTECTING,Field_7,1,PROTECTING,Field_1,1,MOVING_TO_FIELD,Field_20,1,MOVING_TO_FIELD,Field_4,1,MOVING_TO_FIELD,Field_1,1,PROTECTING,Field_5,1,MOVING_TO_FIELD,Field_20,1,MOVING_TO_FIELD,Field_5,1,PROTECTING,Field_4,1,PROTECTING,Field_4,1,MOVING_TO_FIELD,Field_20,1,MOVING_TO_FIELD,Field_20,1,PROTECTING,Field_4,1,MOVING_TO_FIELD,Field_4,1,MOVING_TO_FIELD,Field_5,1,MOVING_TO_FIELD,Field_7,1,IDLE,,1,MOVING_TO_FIELD,Field_5,1,PROTECTING,Field_1,1,MOVING_TO_FIELD,Field_7,1,PROTECTING,Field_4,1,PROTECTING,Field_1,45,0.12,4,4,0,25,0.08,0,0,2,3,0.07,0,0,4,13,0.08,7,3,-3,0,0.01,6,4,-4,32,0.10,0,0,4,21,0.02,1,2,2,18,0.03,0,0,2,2,0.07,0,0,3,34,0.17,0,0,6,73,0.28,0,0,4,36,0.06,0,0,1,14,0.05,0,0,2,53,0.20,0,0,6,87,0.19,0,0,6,61,0.09,0,0,2,51,0.16,0,0,2,72,0.04,0,0,1,0,0.05,0,0,2,1,0.08,2,6,1
248,644,1,0,20,0,19,0,1,MOVING_TO_FIELD,Field_20,1,PROTECTING,Field_20,1,PROTECTING,Field_20,1,PROTECTING,Field_1,1,PROTECTING,Field_4,1,PROTECTING,Field_5,1,PROTECTING,Field_4,1,PROTECTING,Field_5,1,PROTECTING,Field_5,1,PROTECTING,Field_5,1,MOVING_TO_FIELD,Field_4,1,MOVING_TO_FIELD,Field_1,1,MOVING_TO_FIELD,Field_20,1,MOVING_TO_FIELD,Field_1,1,PROTECTING,Field_5,1,MOVING_TO_FIELD,Field_1,1,MOVING_TO_FIELD,Field_5,1,PROTECTING,Field_4,1,PROTECTING,Field_7,1,PROTECTING,Field_1,1,MOVING_TO_FIELD,Field_20,1,MOVING_TO_FIELD,Field_4,1,MOVING_TO_FIELD,Field_1,1,PROTECTING,Field_5,1,MOVING_TO_FIELD,Field_20,1,MOVING_TO_FIELD,Field_5,1,PROTECTING,Field_4,1,PROTECTING,Field_4,1,MOVING_TO_FIELD,Field_20,1,MOVING_TO_FIELD,Field_20,1,PROTECTING,Field_4,1,MOVING_TO_FIELD,Field_4,1,MOVING_TO_FIELD,Field_5,1,MOVING_TO_FIELD,Field_7,1,IDLE,,1,MOVING_TO_FIELD,Field_5,1,PROTECTING,Field_1,1,MOVING_TO_FIELD,Field_7,1,PROTECTING,Field_4,1,PROTECTING,Field_1,45,0.12,4,4,0,25,0.07,0,0,2,3,0.07,0,0,4,13,0.09,7,3,-3,0,0.01,6,4,-4,32,0.10,0,0,4,21,0.02,1,2,2,18,0.03,0,0,2,2,0.07,0,0,3,35,0.16,0,0,6,74,0.29,0,0,4,36,0.06,0,0,1,14,0.05,0,0,2,53,0.20,0,0,6,88,0.19,0,0,6,61,0.10,0,0,2,51,0.16,0,0,2,72,0.04,0,0,1,0,0.05,0,0,2,1,0.08,2,6,1
249,647,1,0,22,0,17,0,1,MOVING_TO_FIELD,Field_20,1,PROTECTING,Field_20,1,PROTECTING,Field_20,1,PROTECTING,Field_1,1,PROTECTING,Field_4,1,PROTECTING,Field_5,1,PROTECTING,Field_4,1,PROTECTING,Field_5,1,PROTECTING,Field_5,1,PROTECTING,Field_5,1,MOVING_TO_FIELD,Field_4,1,MOVING_TO_FIELD,Field_1,1,MOVING_TO_FIELD,Field_20,1,MOVING_TO_FIELD,Field_1,1,PROTECTING,Field_5,1,MOVING_TO_FIELD,Field_1,1,PROTECTING,Field_5,1,PROTECTING,Field_4,1,PROTECTING,Field_7,1,PROTECTING,Field_1,1,MOVING_TO_FIELD,Field_20,1,MOVING_TO_FIELD,Field_4,1,MOVING_TO_FIELD,Field_1,1,PROTECTING,Field_5,1,MOVING_TO_FIELD,Field_20,1,MOVING_TO_FIELD,Field_5,1,PROTECTING,Field_4,1,PROTECTING,Field_4,1,MOVING_TO_FIELD,Field_20,1,MOVING_TO_FIELD,Field_20,1,PROTECTING,Field_4,1,MOVING_TO_FIELD,Field_4,1,PROTECTING,Field_5,1,MOVING_TO_FIELD,Field_7,1,IDLE,,1,MOVING_TO_FIELD,Field_5,1,PROTECTING,Field_1,1,MOVING_TO_FIELD,Field_7,1,PROTECTING,Field_4,1,PROTECTING,Field_1,45,0.11,4,4,0,25,0.07,0,0,2,3,0.08,0,0,4,13,0.06,7,3,-3,0,0.00,8,2,-6,32,0.09,0,0,4,21,0.02,1,2,2,18,0.03,0,0,2,2,0.07,0,0,3,35,0.15,0,0,6,75,0.28,0,0,4,36,0.06,0,0,1,14,0.07,0,0,2,53,0.20,0,0,6,89,0.19,0,0,6,62,0.09,0,0,2,51,0.16,0,0,2,72,0.06,0,0,1,0,0.05,0,0,2,1,0.08,2,6,1
250,649,1,0,24,0,15,0,1,MOVING_TO_FIELD,Field_20,1,PROTECTING,Field_20,1,PROTECTING,Field_20,1,PROTECTING,Field_1,1,PROTECTING,Field_4,1,PROTECTING,Field_5,1,PROTECTING,Field_4,1,PROTECTING,Field_5,1,PROTECTING,Field_5,1,PROTECTING,Field_5,1,MOVING_TO_FIELD,Field_4,1,MOVING_TO_FIELD,Field_1,1,MOVING_TO_FIELD,Field_20,1,MOVING_TO_FIELD,Field_1,1,PROTECTING,Field_5,1,MOVING_TO_FIELD,Field_1,1,PROTECTING,Field_5,1,PROTECTING,Field_4,1,PROTECTING,Field_7,1,PROTECTING,Field_1,1,MOVING_TO_FIELD,Field_20,1,MOVING_TO_FIELD,Field_4,1,MOVING_TO_FIELD,Field_1,1,PROTECTING,Field_5,1,MOVING_TO_FIELD,Field_20,1,MOVING_TO_FIELD,Field_5,1,PROTECTING,Field_4,1,PROTECTING,Field_4,1,MOVING_TO_FIELD,Field_20,1,MOVING_TO_FIELD,Field_20,1,PROTECTING,Field_4,1,MOVING_TO_FIELD,Field_4,1,PROTECTING,Field_5,1,PROTECTING,Field_7,1,IDLE,,1,PROTECTING,Field_5,1,PROTECTING,Field_1,1,MOVING_TO_FIELD,Field_7,1,PROTECTING,Field_4,1,PROTECTING,Field_1,45,0.10,4,4,0,25,0.07,0,0,2,3,0.08,0,0,4,13,0.06,7,3,-3,0,0.00,9,1,-7,32,0.09,0,0,4,21,0.02,2,1,1,18,0.03,0,0,2,2,0.07,0,0,3,35,0.15,0,0,6,75,0.28,0,0,4,36,0.06,0,0,1,14,0.07,0,0,2,53,0.21,0,0,6,90,0.19,0,0,6,62,0.10,0,0,2,51,0.16,0,0,2,72,0.06,0,0,1,0,0.06,0,0,2,2,0.08,2,6,1
251,650,0,0,24,0,16,0,1,MOVING_TO_FIELD,Field_5,1,PROTECTING,Field_20,1,PROTECTING,Field_20,1,PROTECTING,Field_1,1,PROTECTING,Field_4,1,PROTECTING,Field_5,1,PROTECTING,Field_4,1,PROTECTING,Field_5,1,PROTECTING,Field_5,1,PROTECTING,Field_5,1,MOVING_TO_FIELD,Field_4,1,MOVING_TO_FIELD,Field_4,1,MOVING_TO_FIELD,Field_5,1,MOVING_TO_FIELD,Field_1,1,PROTECTING,Field_5,1,MOVING_TO_FIELD,Field_1,1,PROTECTING,Field_5,1,PROTECTING,Field_4,1,PROTECTING,Field_7,1,PROTECTING,Field_1,1,MOVING_TO_FIELD,Field_4,1,MOVING_TO_FIELD,Field_4,1,MOVING_TO_FIELD,Field_4,1,PROTECTING,Field_5,1,MOVING_TO_FIELD,Field_5,1,MOVING_TO_FIELD,Field_1,1,PROTECTING,Field_4,1,PROTECTING,Field_4,1,MOVING_TO_FIELD,Field_5,1,MOVING_TO_FIELD,Field_1,1,PROTECTING,Field_4,1,MOVING_TO_FIELD,Field_4,1,PROTECTING,Field_5,1,PROTECTING,Field_7,1,MOVING_TO_FIELD,Field_5,1,PROTECTING,Field_5,1,PROTECTING,Field_1,1,MOVING_TO_FIELD,Field_5,1,PROTECTING,Field_4,1,PROTECTING,Field_1,45,0.09,4,4,0,25,0.08,0,0,2,3,0.10,0,0,4,13,0.06,7,6,-3,0,0.00,9,6,-7,32,0.09,0,0,4,21,0.02,2,0,1,18,0.03,0,0,2,2,0.06,0,0,3,35,0.15,0,0,6,75,0.29,0,0,4,36,0.06,0,0,1,14,0.07,0,0,2,53,0.21,0,0,6,90,0.18,0,0,6,63,0.10,0,0,2,51,0.18,0,0,2,72,0.06,0,0,1,0,0.06,0,0,2,2,0.08,2,0,1
252,654,0,0,25,0,15,0,1,MOVING_TO_FIELD,Field_5,1,PROTECTING,Field_20,1,PROTECTING,Field_20,1,PROTECTING,Field_1,1,PROTECTING,Field_4,1,PROTECTING,Field_5,1,PROTECTING,Field_4,1,PROTECTING,Field_5,1,PROTECTING,Field_5,1,PROTECTING,Field_5,1,MOVING_TO_FIELD,Field_4,1,MOVING_TO_FIELD,Field_4,1,MOVING_TO_FIELD,Field_5,1,MOVING_TO_FIELD,Field_1,1,PROTECTING,Field_5,1,MOVING_TO_FIELD,Field_1,1,PROTECTING,Field_5,1,PROTECTING,Field_4,1,PROTECTING,Field_7,1,PROTECTING,Field_1,1,MOVING_TO_FIELD,Field_4,1,PROTECTING,Field_4,1,MOVING_TO_FIELD,Field_4,1,PROTECTING,Field_5,1,MOVING_TO_FIELD,Field_5,1,MOVING_TO_FIELD,Field_1,1,PROTECTING,Field_4,1,PROTECTING,Field_4,1,MOVING_TO_FIELD,Field_5,1,MOVING_TO_FIELD,Field_1,1,PROTECTING,Field_4,1,MOVING_TO_FIELD,Field_4,1,PROTECTING,Field_5,1,PROTECTING,Field_7,1,MOVING_TO_FIELD,Field_5,1,PROTECTING,Field_5,1,PROTECTING,Field_1,1,MOVING_TO_FIELD,Field_5,1,PROTECTING,Field_4,1,PROTECTING,Field_1,45,0.09,4,4,0,25,0.07,0,0,2,3,0.10,0,0,4,13,0.06,8,5,-4,0,0.00,9,6,-7,32,0.08,0,0,4,21,0.02,2,0,1,18,0.03,0,0,2,2,0.04,0,0,3,36,0.15,0,0,6,75,0.29,0,0,4,36,0.06,0,0,1,14,0.07,0,0,2,53,0.20,0,0,6,91,0.19,0,0,6,64,0.10,0,0,2,52,0.16,0,0,2,72,0.06,0,0,1,0,0.06,0,0,2,2,0.08,2,0,1
253,656,0,0,25,0,15,0,1,MOVING_TO_FIELD,Field_5,1,PROTECTING,Field_20,1,PROTECTING,Field_20,1,PROTECTING,Field_1,1,PROTECTING,Field_4,1,PROTECTING,Field_5,1,PROTECTING,Field_4,1,PROTECTING,Field_5,1,PROTECTING,Field_5,1,PROTECTING,Field_5,1,MOVING_TO_FIELD,Field_4,1,MOVING_TO_FIELD,Field_4,1,MOVING_TO_FIELD,Field_5,1,MOVING_TO_FIELD,Field_1,1,PROTECTING,Field_5,1,MOVING_TO_FIELD,Field_1,1,PROTECTING,Field_5,1,PROTECTING,Field_4,1,PROTECTING,Field_7,1,PROTECTING,Field_1,1,MOVING_TO_FIELD,Field_4,1,PROTECTING,Field_4,1,MOVING_TO_FIELD,Field_4,1,PROTECTING,Field_5,1,MOVING_TO_FIELD,Field_5,1,MOVING_TO_FIELD,Field_1,1,PROTECTING,Field_4,1,PROTECTING,Field_4,1,MOVING_TO_FIELD,Field_5,1,MOVING_TO_FIELD,Field_1,1,PROTECTING,Field_4,1,MOVING_TO_FIELD,Field_4,1,PROTECTING,Field_5,1,PROTECTING,Field_7,1,MOVING_TO_FIELD,Field_5,1,PROTECTING,Field_5,1,PROTECTING,Field_1,1,MOVING_TO_FIELD,Field_5,1,PROTECTING,Field_4,1,PROTECTING,Field_1,45,0.10,4,4,0,25,0.08,0,0,2,3,0.11,0,0,4,13,0.04,8,5,-4,0,0.00,9,6,-7,32,0.09,0,0,4,21,0.02,2,0,1,18,0.03,0,0,2,2,0.04,0,0,3,36,0.16,0,0,6,75,0.28,0,0,4,36,0.09,0,0,1,14,0.07,0,0,2,53,0.21,0,0,6,91,0.18,0,0,6,66,0.10,0,0,2,52,0.15,0,0,2,72,0.06,0,0,1,0,0.10,0,0,2,2,0.08,2,0,1
254,658,0,0,25,0,15,0,1,MOVING_TO_FIELD,Field_5,1,PROTECTING,Field_20,1,PROTECTING,Field_20,1,PROTECTING,Field_1,1,PROTECTING,Field_4,1,PROTECTING,Field_5,1,PROTECTING,Field_4,1,PROTECTING,Field_5,1,PROTECTING,Field_5,1,PROTECTING,Field_5,1,MOVING_TO_FIELD,Field_4,1,MOVING_TO_FIELD,Field_4,1,MOVING_TO_FIELD,Field_5,1,MOVING_TO_FIELD,Field_1,1,PROTECTING,Field_5,1,MOVING_TO_FIELD,Field_1,1,PROTECTING,Field_5,1,PROTECTING,Field_4,1,PROTECTING,Field_7,1,PROTECTING,Field_1,1,MOVING_TO_FIELD,Field_4,1,PROTECTING,Field_4,1,MOVING_TO_FIELD,Field_4,1,PROTECTING,Field_5,1,MOVING_TO_FIELD,Field_5,1,MOVING_TO_FIELD,Field_1,1,PROTECTING,Field_4,1,PROTECTING,Field_4,1,MOVING_TO_FIELD,Field_5,1,MOVING_TO_FIELD,Field_1,1,PROTECTING,Field_4,1,MOVING_TO_FIELD,Field_4,1,PROTECTING,Field_5,1,PROTECTING,Field_7,1,MOVING_TO_FIELD,Field_5,1,PROTECTING,Field_5,1,PROTECTING,Field_1,1,MOVING_TO_FIELD,Field_5,1,PROTECTING,Field_4,1,PROTECTING,Field_1,45,0.10,4,4,0,25,0.09,0,0,2,3,0.10,0,0,4,13,0.04,8,5,-4,0,0.00,9,6,-7,32,0.08,0,0,4,21,0.02,2,0,1,18,0.03,0,0,2,2,0.06,0,0,3,36,0.15,0,0,6,75,0.26,0,0,4,36,0.09,0,0,1,14,0.07,0,0,2,53,0.21,0,0,6,92,0.19,0,0,6,66,0.09,0,0,2,53,0.15,0,0,2,72,0.04,0,0,1,0,0.11,0,0,2,2,0.08,2,0,1
255,660,0,0,25,0,15,0,1,MOVING_TO_FIELD,Field_5,1,PROTECTING,Field_20,1,PROTECTING,Field_20,1,PROTECTING,Field_1,1,PROTECTING,Field_4,1,PROTECTING,Field_5,1,PROTECTING,Field_4,1,PROTECTING,Field_5,1,PROTECTING,Field_5,1,PROTECTING,Field_5,1,MOVING_TO_FIELD,Field_4,1,MOVING_TO_FIELD,Field_4,1,MOVING_TO_FIELD,Field_5,1,MOVING_TO_FIELD,Field_1,1,PROTECTING,Field_5,1,MOVING_TO_FIELD,Field_1,1,PROTECTING,Field_5,1,PROTECTING,Field_4,1,PROTECTING,Field_7,1,PROTECTING,Field_1,1,MOVING_TO_FIELD,Field_4,1,PROTECTING,Field_4,1,MOVING_TO_FIELD,Field_4,1,PROTECTING,Field_5,1,MOVING_TO_FIELD,Field_5,1,MOVING_TO_FIELD,Field_1,1,PROTECTING,Field_4,1,PROTECTING,Field_4,1,MOVING_TO_FIELD,Field_5,1,MOVING_TO_FIELD,Field_1,1,PROTECTING,Field_4,1,MOVING_TO_FIELD,Field_4,1,PROTECTING,Field_5,1,PROTECTING,Field_7,1,MOVING_TO_FIELD,Field_5,1,PROTECTING,Field_5,1,PROTECTING,Field_1,1,MOVING_TO_FIELD,Field_5,1,PROTECTING,Field_4,1,PROTECTING,Field_1,45,0.08,4,4,0,25,0.09,0,0,2,3,0.10,0,0,4,13,0.04,8,5,-4,0,0.00,9,6,-7,32,0.09,0,0,4,21,0.02,2,0,1,18,0.03,0,0,2,2,0.03,0,0,3,36,0.15,0,0,6,75,0.25,0,0,4,36,0.09,0,0,1,14,0.07,0,0,2,53,0.21,0,0,6,93,0.19,0,0,6,67,0.10,0,0,2,53,0.18,0,0,2,72,0.04,0,0,1,0,0.11,0,0,2,2,0.08,2,0,1
256,662,0,0,26,0,14,0,1,PROTECTING,Field_5,1,PROTECTING,Field_20,1,PROTECTING,Field_20,1,PROTECTING,Field_1,1,PROTECTING,Field_4,1,PROTECTING,Field_5,1,PROTECTING,Field_4,1,PROTECTING,Field_5,1,PROTECTING,Field_5,1,PROTECTING,Field_5,1,MOVING_TO_FIELD,Field_4,1,MOVING_TO_FIELD,Field_4,1,MOVING_TO_FIELD,Field_5,1,MOVING_TO_FIELD,Field_1,1,PROTECTING,Field_5,1,MOVING_TO_FIELD,Field_1,1,PROTECTING,Field_5,1,PROTECTING,Field_4,1,PROTECTING,Field_7,1,PROTECTING,Field_1,1,MOVING_TO_FIELD,Field_4,1,PROTECTING,Field_4,1,MOVING_TO_FIELD,Field_4,1,PROTECTING,Field_5,1,MOVING_TO_FIELD,Field_5,1,MOVING_TO_FIELD,Field_1,1,PROTECTING,Field_4,1,PROTECTING,Field_4,1,MOVING_TO_FIELD,Field_5,1,MOVING_TO_FIELD,Field_1,1,PROTECTING,Field_4,1,MOVING_TO_FIELD,Field_4,1,PROTECTING,Field_5,1,PROTECTING,Field_7,1,MOVING_TO_FIELD,Field_5,1,PROTECTING,Field_5,1,PROTECTING,Field_1,1,MOVING_TO_FIELD,Field_5,1,PROTECTING,Field_4,1,PROTECTING,Field_1,45,0.09,4,4,0,25,0.08,0,0,2,3,0.10,0,0,4,13,0.06,8,5,-4,0,0.00,10,5,-8,32,0.08,0,0,4,21,0.03,2,0,1,18,0.03,0,0,2,2,0.03,0,0,3,36,0.12,0,0,6,75,0.25,0,0,4,36,0.06,0,0,1,14,0.07,0,0,2,54,0.23,0,0,6,93,0.19,0,0,6,67,0.10,0,0,2,54,0.18,0,0,2,72,0.06,0,0,1,0,0.10,0,0,2,2,0.08,2,0,1
257,662,0,0,27,0,13,0,1,PROTECTING,Field_5,1,PROTECTING,Field_20,1,PROTECTING,Field_20,1,PROTECTING,Field_1,1,PROTECTING,Field_4,1,PROTECTING,Field_5,1,PROTECTING,Field_4,1,PROTECTING,Field_5,1,PROTECTING,Field_5,1,PROTECTING,Field_5,1,MOVING_TO_FIELD,Field_4,1,MOVING_TO_FIELD,Field_4,1,PROTECTING,Field_5,1,MOVING_TO_FIELD,Field_1,1,PROTECTING,Field_5,1,MOVING_TO_FIELD,Field_1,1,PROTECTING,Field_5,1,PROTECTING,Field_4,1,PROTECTING,Field_7,1,PROTECTING,Field_1,1,MOVING_TO_FIELD,Field_4,1,PROTECTING,Field_4,1,MOVING_TO_FIELD,Field_4,1,PROTECTING,Field_5,1,MOVING_TO_FIELD,Field_5,1,MOVING_TO_FIELD,Field_1,1,PROTECTING,Field_4,1,PROTECTING,Field_4,1,MOVING_TO_FIELD,Field_5,1,MOVING_TO_FIELD,Field_1,1,PROTECTING,Field_4,1,MOVING_TO_FIELD,Field_4,1,PROTECTING,Field_5,1,PROTECTING,Field_7,1,MOVING_TO_FIELD,Field_5,1,PROTECTING,Field_5,1,PROTECTING,Field_1,1,MOVING_TO_FIELD,Field_5,1,PROTECTING,Field_4,1,PROTECTING,Field_1,45,0.09,4,4,0,25,0.07,0,0,2,3,0.10,0,0,4,13,0.04,8,5,-4,0,0.00,11,4,-9,32,0.08,0,0,4,21,0.03,2,0,1,18,0.03,0,0,2,2,0.03,0,0,3,36,0.11,0,0,6,75,0.22,0,0,4,36,0.06,0,0,1,14,0.07,0,0,2,54,0.23,0,0,6,93,0.18,0,0,6,67,0.10,0,0,2,54,0.18,0,0,2,72,0.06,0,0,1,0,0.08,0,0,2,2,0.08,2,0,1
258,666,0,0,28,0,12,0,1,PROTECTING,Field_5,1,PROTECTING,Field_20,1,PROTECTING,Field_20,1,PROTECTING,Field_1,1,PROTECTING,Field_4,1,PROTECTING,Field_5,1,PROTECTING,Field_4,1,PROTECTING,Field_5,1,PROTECTING,Field_5,1,PROTECTING,Field_5,1,MOVING_TO_FIELD,Field_4,1,MOVING_TO_FIELD,Field_4,1,PROTECTING,Field_5,1,MOVING_TO_FIELD,Field_1,1,PROTECTING,Field_5,1,MOVING_TO_FIELD,Field_1,1,PROTECTING,Field_5,1,PROTECTING,Field_4,1,PROTECTING,Field_7,1,PROTECTING,Field_1,1,MOVING_TO_FIELD,Field_4,1,PROTECTING,Field_4,1,MOVING_TO_FIELD,Field_4,1,PROTECTING,Field_5,1,MOVING_TO_FIELD,Field_5,1,MOVING_TO_FIELD,Field_1,1,PROTECTING,Field_4,1,PROTECTING,Field_4,1,MOVING_TO_FIELD,Field_5,1,MOVING_TO_FIELD,Field_1,1,PROTECTING,Field_4,1,MOVING_TO_FIELD,Field_4,1,PROTECTING,Field_5,1,PROTECTING,Field_7,1,PROTECTING,Field_5,1,PROTECTING,Field_5,1,PROTECTING,Field_1,1,MOVING_TO_FIELD,Field_5,1,PROTECTING,Field_4,1,PROTECTING,Field_1,46,0.09,4,4,0,26,0.08,0,0,2,3,0.10,0,0,4,13,0.03,8,5,-4,0,0.00,12,3,-10,32,0.09,0,0,4,21,0.04,2,0,1,18,0.01,0,0,2,2,0.04,0,0,3,36,0.14,0,0,6,75,0.21,0,0,4,36,0.06,0,0,1,14,0.07,0,0,2,55,0.23,0,0,6,93,0.19,0,0,6,67,0.10,0,0,2,55,0.18,0,0,2,72,0.04,0,0,1,0,0.08,0,0,2,2,0.08,2,0,1
259,671,0,0,28,0,12,0,1,PROTECTING,Field_5,1,PROTECTING,Field_20,1,PROTECTING,Field_20,1,PROTECTING,Field_1,1,PROTECTING,Field_4,1,PROTECTING,Field_5,1,PROTECTING,Field_4,1,PROTECTING,Field_5,1,PROTECTING,Field_5,1,PROTECTING,Field_5,1,MOVING_TO_FIELD,Field_4,1,MOVING_TO_FIELD,Field_4,1,PROTECTING,Field_5,1,MOVING_TO_FIELD,Field_1,1,PROTECTING,Field_5,1,MOVING_TO_FIELD,Field_1,1,PROTECTING,Field_5,1,PROTECTING,Field_4,1,PROTECTING,Field_7,1,PROTECTING,Field_1,1,MOVING_TO_FIELD,Field_4,1,PROTECTING,Field_4,1,MOVING_TO_FIELD,Field_4,1,PROTECTING,Field_5,1,MOVING_TO_FIELD,Field_5,1,MOVING_TO_FIELD,Field_1,1,PROTECTING,Field_4,1,PROTECTING,Field_4,1,MOVING_TO_FIELD,Field_5,1,MOVING_TO_FIELD,Field_1,1,PROTECTING,Field_4,1,MOVING_TO_FIELD,Field_4,1,PROTECTING,Field_5,1,PROTECTING,Field_7,1,PROTECTING,Field_5,1,PROTECTING,Field_5,1,PROTECTING,Field_1,1,MOVING_TO_FIELD,Field_5,1,PROTECTING,Field_4,1,PROTECTING,Field_1,46,0.09,4,4,0,26,0.09,0,0,2,3,0.11,0,0,4,13,0.02,8,5,-4,0,0.00,12,3,-10,32,0.09,0,0,4,21,0.04,2,0,1,18,0.01,0,0,2,2,0.04,0,0,3,36,0.15,0,0,6,76,0.20,0,0,4,36,0.06,0,0,1,15,0.07,0,0,2,55,0.23,0,0,6,94,0.18,0,0,6,68,0.10,0,0,2,56,0.18,0,0,2,72,0.02,0,0,1,0,0.08,0,0,2,2,0.08,2,0,1
260,673,0,0,28,0,12,0,1,PROTECTING,Field_5,1,PROTECTING,Field_20,1,PROTECTING,Field_20,1,PROTECTING,Field_1,1,PROTECTING,Field_4,1,PROTECTING,Field_5,1,PROTECTING,Field_4,1,PROTECTING,Field_5,1,PROTECTING,Field_5,1,PROTECTING,Field_5,1,MOVING_TO_FIELD,Field_4,1,MOVING_TO_FIELD,Field_4,1,PROTECTING,Field_5,1,MOVING_TO_FIELD,Field_1,1,PROTECTING,Field_5,1,MOVING_TO_FIELD,Field_1,1,PROTECTING,Field_5,1,PROTECTING,Field_4,1,PROTECTING,Field_7,1,PROTECTING,Field_1,1,MOVING_TO_FIELD,Field_4,1,PROTECTING,Field_4,1,MOVING_TO_FIELD,Field_4,1,PROTECTING,Field_5,1,MOVING_TO_FIELD,Field_5,1,MOVING_TO_FIELD,Field_1,1,PROTECTING,Field_4,1,PROTECTING,Field_4,1,MOVING_TO_FIELD,Field_5,1,MOVING_TO_FIELD,Field_1,1,PROTECTING,Field_4,1,MOVING_TO_FIELD,Field_4,1,PROTECTING,Field_5,1,PROTECTING,Field_7,1,PROTECTING,Field_5,1,PROTECTING,Field_5,1,PROTECTING,Field_1,1,MOVING_TO_FIELD,Field_5,1,PROTECTING,Field_4,1,PROTECTING,Field_1,46,0.08,4,4,0,27,0.09,0,0,2,3,0.11,0,0,4,13,0.02,8,5,-4,0,0.00,12,3,-10,32,0.09,0,0,4,21,0.04,2,0,1,18,0.01,0,0,2,2,0.04,0,0,3,36,0.15,0,0,6,76,0.21,0,0,4,36,0.06,0,0,1,15,0.07,0,0,2,55,0.23,0,0,6,94,0.18,0,0,6,68,0.10,0,0,2,57,0.18,0,0,2,72,0.02,0,0,1,0,0.08,0,0,2,2,0.08,2,0,1
261,674,0,0,9,0,31,0,1,MOVING_TO_FIELD,Field_1,1,MOVING_TO_FIELD,Field_1,1,MOVING_TO_FIELD,Field_1,1,PROTECTING,Field_1,1,MOVING_TO_FIELD,Field_20,1,MOVING_TO_FIELD,Field_4,1,MOVING_TO_FIELD,Field_6,1,PROTECTING,Field_5,1,MOVING_TO_FIELD,Field_1,1,MOVING_TO_FIELD,Field_4,1,MOVING_TO_FIELD,Field_5,1,MOVING_TO_FIELD,Field_3,1,PROTECTING,Field_5,1,MOVING_TO_FIELD,Field_7,1,PROTECTING,Field_5,1,MOVING_TO_FIELD,Field_3,1,MOVING_TO_FIELD,Field_4,1,MOVING_TO_FIELD,Field_2,1,MOVING_TO_FIELD,Field_20,1,PROTECTING,Field_1,1,MOVING_TO_FIELD,Field_20,1,MOVING_TO_FIELD,Field_6,1,MOVING_TO_FIELD,Field_3,1,PROTECTING,Field_5,1,MOVING_TO_FIELD,Field_20,1,MOVING_TO_FIELD,Field_4,1,MOVING_TO_FIELD,Field_6,1,MOVING_TO_FIELD,Field_6,1,MOVING_TO_FIELD,Field_4,1,MOVING_TO_FIELD,Field_3,1,MOVING_TO_FIELD,Field_2,1,MOVING_TO_FIELD,Field_6,1,MOVING_TO_FIELD,Field_4,1,MOVING_TO_FIELD,Field_20,1,PROTECTING,Field_5,1,MOVING_TO_FIELD,Field_7,1,PROTECTING,Field_1,1,MOVING_TO_FIELD,Field_20,1,MOVING_TO_FIELD,Field_6,1,PROTECTING,Field_1,46,0.08,4,4,0,27,0.09,0,2,2,3,0.13,0,4,4,13,0.04,0,6,4,0,0.00,5,1,-3,32,0.09,0,6,4,21,0.03,0,2,3,18,0.00,0,0,2,2,0.06,0,0,3,36,0.16,0,0,6,76,0.20,0,0,4,36,0.06,0,0,1,15,0.07,0,0,2,55,0.21,0,0,6,94,0.18,0,0,6,68,0.10,0,0,2,58,0.18,0,0,2,72,0.02,0,0,1,0,0.08,0,0,2,2,0.08,0,6,3
262,675,0,0,11,0,29,0,1,MOVING_TO_FIELD,Field_1,1,MOVING_TO_FIELD,Field_1,1,MOVING_TO_FIELD,Field_1,1,PROTECTING,Field_1,1,MOVING_TO_FIELD,Field_20,1,MOVING_TO_FIELD,Field_4,1,MOVING_TO_FIELD,Field_6,1,PROTECTING,Field_5,1,MOVING_TO_FIELD,Field_1,1,MOVING_TO_FIELD,Field_4,1,MOVING_TO_FIELD,Field_5,1,MOVING_TO_FIELD,Field_3,1,PROTECTING,Field_5,1,MOVING_TO_FIELD,Field_7,1,PROTECTING,Field_5,1,PROTECTING,Field_3,1,MOVING_TO_FIELD,Field_4,1,MOVING_TO_FIELD,Field_2,1,MOVING_TO_FIELD,Field_20,1,PROTECTING,Field_1,1,MOVING_TO_FIELD,Field_20,1,MOVING_TO_FIELD,Field_6,1,MOVING_TO_FIELD,Field_3,1,PROTECTING,Field_5,1,MOVING_TO_FIELD,Field_20,1,MOVING_TO_FIELD,Field_4,1,MOVING_TO_FIELD,Field_6,1,MOVING_TO_FIELD,Field_6,1,MOVING_TO_FIELD,Field_4,1,PROTECTING,Field_3,1,MOVING_TO_FIELD,Field_2,1,MOVING_TO_FIELD,Field_6,1,MOVING_TO_FIELD,Field_4,1,MOVING_TO_FIELD,Field_20,1,PROTECTING,Field_5,1,MOVING_TO_FIELD,Field_7,1,PROTECTING,Field_1,1,MOVING_TO_FIELD,Field_20,1,MOVING_TO_FIELD,Field_6,1,PROTECTING,Field_1,46,0.08,4,4,0,27,0.10,0,2,2,3,0.12,2,2,2,13,0.04,0,6,4,0,0.00,5,1,-3,32,0.10,0,6,4,21,0.04,0,2,3,18,0.00,0,0,2,2,0.06,0,0,3,36,0.14,0,0,6,77,0.20,0,0,4,36,0.06,0,0,1,15,0.07,0,0,2,55,0.20,0,0,6,94,0.18,0,0,6,68,0.10,0,0,2,58,0.16,0,0,2,72,0.02,0,0,1,0,0.08,0,0,2,2,0.08,0,6,3
263,679,0,0,11,0,29,0,1,MOVING_TO_FIELD,Field_1,1,MOVING_TO_FIELD,Field_1,1,MOVING_TO_FIELD,Field_1,1,PROTECTING,Field_1,1,MOVING_TO_FIELD,Field_20,1,MOVING_TO_FIELD,Field_4,1,MOVING_TO_FIELD,Field_6,1,PROTECTING,Field_5,1,MOVING_TO_FIELD,Field_1,1,MOVING_TO_FIELD,Field_4,1,MOVING_TO_FIELD,Field_5,1,MOVING_TO_FIELD,Field_3,1,PROTECTING,Field_5,1,MOVING_TO_FIELD,Field_7,1,PROTECTING,Field_5,1,PROTECTING,Field_3,1,MOVING_TO_FIELD,Field_4,1,MOVING_TO_FIELD,Field_2,1,MOVING_TO_FIELD,Field_20,1,PROTECTING,Field_1,1,MOVING_TO_FIELD,Field_20,1,MOVING_TO_FIELD,Field_6,1,MOVING_TO_FIELD,Field_3,1,PROTECTING,Field_5,1,MOVING_TO_FIELD,Field_20,1,MOVING_TO_FIELD,Field_4,1,MOVING_TO_FIELD,Field_6,1,MOVING_TO_FIELD,Field_6,1,MOVING_TO_FIELD,Field_4,1,PROTECTING,Field_3,1,MOVING_TO_FIELD,Field_2,1,MOVING_TO_FIELD,Field_6,1,MOVING_TO_FIELD,Field_4,1,MOVING_TO_FIELD,Field_20,1,PROTECTING,Field_5,1,MOVING_TO_FIELD,Field_7,1,PROTECTING,Field_1,1,MOVING_TO_FIELD,Field_20,1,MOVING_TO_FIELD,Field_6,1,PROTECTING,Field_1,47,0.07,4,4,0,27,0.12,0,2,2,3,0.12,2,2,2,13,0.04,0,6,4,0,0.00,5,1,-3,32,0.10,0,6,4,21,0.04,0,2,3,18,0.00,0,0,2,2,0.04,0,0,3,36,0.15,0,0,6,79,0.20,0,0,4,36,0.06,0,0,1,15,0.09,0,0,2,55,0.20,0,0,6,94,0.18,0,0,6,69,0.09,0,0,2,58,0.16,0,0,2,72,0.00,0,0,1,0,0.08,0,0,2,2,0.08,0,6,3
264,679,0,0,11,0,29,0,1,MOVING_TO_FIELD,Field_1,1,MOVING_TO_FIELD,Field_1,1,MOVING_TO_FIELD,Field_1,1,PROTECTING,Field_1,1,MOVING_TO_FIELD,Field_20,1,MOVING_TO_FIELD,Field_4,1,MOVING_TO_FIELD,Field_6,1,PROTECTING,Field_5,1,MOVING_TO_FIELD,Field_1,1,MOVING_TO_FIELD,Field_4,1,MOVING_TO_FIELD,Field_5,1,MOVING_TO_FIELD,Field_3,1,PROTECTING,Field_5,1,MOVING_TO_FIELD,Field_7,1,PROTECTING,Field_5,1,PROTECTING,Field_3,1,MOVING_TO_FIELD,Field_4,1,MOVING_TO_FIELD,Field_2,1,MOVING_TO_FIELD,Field_20,1,PROTECTING,Field_1,1,MOVING_TO_FIELD,Field_20,1,MOVING_TO_FIELD,Field_6,1,MOVING_TO_FIELD,Field_3,1,PROTECTING,Field_5,1,MOVING_TO_FIELD,Field_20,1,MOVING_TO_FIELD,Field_4,1,MOVING_TO_FIELD,Field_6,1,MOVING_TO_FIELD,Field_6,1,MOVING_TO_FIELD,Field_4,1,PROTECTING,Field_3,1,MOVING_TO_FIELD,Field_2,1,MOVING_TO_FIELD,Field_6,1,MOVING_TO_FIELD,Field_4,1,MOVING_TO_FIELD,Field_20,1,PROTECTING,Field_5,1,MOVING_TO_FIELD,Field_7,1,PROTECTING,Field_1,1,MOVING_TO_FIELD,Field_20,1,MOVING_TO_FIELD,Field_6,1,PROTECTING,Field_1,47,0.04,4,4,0,27,0.12,0,2,2,3,0.12,2,2,2,13,0.04,0,6,4,0,0.00,5,1,-3,32,0.10,0,6,4,21,0.04,0,2,3,18,0.00,0,0,2,2,0.04,0,0,3,36,0.17,0,0,6,79,0.20,0,0,4,36,0.06,0,0,1,15,0.09,0,0,2,55,0.20,0,0,6,94,0.18,0,0,6,69,0.10,0,0,2,58,0.15,0,0,2,72,0.00,0,0,1,0,0.08,0,0,2,2,0.08,0,6,3
265,680,0,0,12,0,28,0,1,MOVING_TO_FIELD,Field_1,1,MOVING_TO_FIELD,Field_1,1,MOVING_TO_FIELD,Field_1,1,PROTECTING,Field_1,1,MOVING_TO_FIELD,Field_20,1,MOVING_TO_FIELD,Field_4,1,MOVING_TO_FIELD,Field_6,1,PROTECTING,Field_5,1,MOVING_TO_FIELD,Field_1,1,MOVING_TO_FIELD,Field_4,1,MOVING_TO_FIELD,Field_5,1,PROTECTING,Field_3,1,PROTECTING,Field_5,1,MOVING_TO_FIELD,Field_7,1,PROTECTING,Field_5,1,PROTECTING,Field_3,1,MOVING_TO_FIELD,Field_4,1,MOVING_TO_FIELD,Field_2,1,MOVING_TO_FIELD,Field_20,1,PROTECTING,Field_1,1,MOVING_TO_FIELD,Field_20,1,MOVING_TO_FIELD,Field_6,1,MOVING_TO_FIELD,Field_3,1,PROTECTING,Field_5,1,MOVING_TO_FIELD,Field_20,1,MOVING_TO_FIELD,Field_4,1,MOVING_TO_FIELD,Field_6,1,MOVING_TO_FIELD,Field_6,1,MOVING_TO_FIELD,Field_4,1,PROTECTING,Field_3,1,MOVING_TO_FIELD,Field_2,1,MOVING_TO_FIELD,Field_6,1,MOVING_TO_FIELD,Field_4,1,MOVING_TO_FIELD,Field_20,1,PROTECTING,Field_5,1,MOVING_TO_FIELD,Field_7,1,PROTECTING,Field_1,1,MOVING_TO_FIELD,Field_20,1,MOVING_TO_FIELD,Field_6,1,PROTECTING,Field_1,47,0.04,4,4,0,27,0.12,0,2,2,3,0.11,3,1,1,13,0.04,0,6,4,0,0.00,5,1,-3,32,0.10,0,6,4,21,0.04,0,2,3,18,0.00,0,0,2,2,0.03,0,0,3,36,0.17,0,0,6,79,0.20,0,0,4,36,0.06,0,0,1,15,0.09,0,0,2,56,0.20,0,0,6,94,0.18,0,0,6,69,0.09,0,0,2,58,0.15,0,0,2,72,0.00,0,0,1,0,0.08,0,0,2,2,0.08,0,6,3
266,680,0,0,12,0,28,0,1,MOVING_TO_FIELD,Field_1,1,MOVING_TO_FIELD,Field_1,1,MOVING_TO_FIELD,Field_1,1,PROTECTING,Field_1,1,MOVING_TO_FIELD,Field_20,1,MOVING_TO_FIELD,Field_4,1,MOVING_TO_FIELD,Field_6,1,PROTECTING,Field_5,1,MOVING_TO_FIELD,Field_1,1,MOVING_TO_FIELD,Field_4,1,MOVING_TO_FIELD,Field_5,1,PROTECTING,Field_3,1,PROTECTING,Field_5,1,MOVING_TO_FIELD,Field_7,1,PROTECTING,Field_5,1,PROTECTING,Field_3,1,MOVING_TO_FIELD,Field_4,1,MOVING_TO_FIELD,Field_2,1,MOVING_TO_FIELD,Field_20,1,PROTECTING,Field_1,1,MOVING_TO_FIELD,Field_20,1,MOVING_TO_FIELD,Field_6,1,MOVING_TO_FIELD,Field_3,1,PROTECTING,Field_5,1,MOVING_TO_FIELD,Field_20,1,MOVING_TO_FIELD,Field_4,1,MOVING_TO_FIELD,Field_6,1,MOVING_TO_FIELD,Field_6,1,MOVING_TO_FIELD,Field_4,1,PROTECTING,Field_3,1,MOVING_TO_FIELD,Field_2,1,MOVING_TO_FIELD,Field_6,1,MOVING_TO_FIELD,Field_4,1,MOVING_TO_FIELD,Field_20,1,PROTECTING,Field_5,1,MOVING_TO_FIELD,Field_7,1,PROTECTING,Field_1,1,MOVING_TO_FIELD,Field_20,1,MOVING_TO_FIELD,Field_6,1,PROTECTING,Field_1,47,0.04,4,4,0,27,0.13,0,2,2,3,0.11,3,1,1,13,0.06,0,6,4,0,0.00,5,1,-3,32,0.10,0,6,4,21,0.05,0,2,3,18,0.03,0,0,2,2,0.03,0,0,3,36,0.16,0,0,6,79,0.20,0,0,4,36,0.06,0,0,1,15,0.09,0,0,2,56,0.20,0,0,6,94,0.17,0,0,6,69,0.09,0,0,2,58,0.15,0,0,2,72,0.00,0,0,1,0,0.08,0,0,2,2,0.08,0,6,3
267,682,0,0,12,0,28,0,1,MOVING_TO_FIELD,Field_1,1,MOVING_TO_FIELD,Field_1,1,MOVING_TO_FIELD,Field_1,1,PROTECTING,Field_1,1,MOVING_TO_FIELD,Field_20,1,MOVING_TO_FIELD,Field_4,1,MOVING_TO_FIELD,Field_6,1,PROTECTING,Field_5,1,MOVING_TO_FIELD,Field_1,1,MOVING_TO_FIELD,Field_4,1,MOVING_TO_FIELD,Field_5,1,PROTECTING,Field_3,1,PROTECTING,Field_5,1,MOVING_TO_FIELD,Field_7,1,PROTECTING,Field_5,1,PROTECTING,Field_3,1,MOVING_TO_FIELD,Field_4,1,MOVING_TO_FIELD,Field_2,1,MOVING_TO_FIELD,Field_20,1,PROTECTING,Field_1,1,MOVING_TO_FIELD,Field_20,1,MOVING_TO_FIELD,Field_6,1,MOVING_TO_FIELD,Field_3,1,PROTECTING,Field_5,1,MOVING_TO_FIELD,Field_20,1,MOVING_TO_FIELD,Field_4,1,MOVING_TO_FIELD,Field_6,1,MOVING_TO_FIELD,Field_6,1,MOVING_TO_FIELD,Field_4,1,PROTECTING,Field_3,1,MOVING_TO_FIELD,Field_2,1,MOVING_TO_FIELD,Field_6,1,MOVING_TO_FIELD,Field_4,1,MOVING_TO_FIELD,Field_20,1,PROTECTING,Field_5,1,MOVING_TO_FIELD,Field_7,1,PROTECTING,Field_1,1,MOVING_TO_FIELD,Field_20,1,MOVING_TO_FIELD,Field_6,1,PROTECTING,Field_1,47,0.04,4,4,0,27,0.13,0,2,2,3,0.11,3,1,1,13,0.06,0,6,4,0,0.00,5,1,-3,32,0.10,0,6,4,21,0.05,0,2,3,18,0.03,0,0,2,2,0.04,0,0,3,36,0.16,0,0,6,79,0.22,0,0,4,36,0.06,0,0,1,15,0.09,0,0,2,56,0.20,0,0,6,96,0.16,0,0,6,69,0.10,0,0,2,58,0.15,0,0,2,72,0.00,0,0,1,0,0.08,0,0,2,2,0.08,0,6,3
268,683,0,0,12,0,28,0,1,MOVING_TO_FIELD,Field_1,1,MOVING_TO_FIELD,Field_1,1,MOVING_TO_FIELD,Field_1,1,PROTECTING,Field_1,1,MOVING_TO_FIELD,Field_20,1,MOVING_TO_FIELD,Field_4,1,MOVING_TO_FIELD,Field_6,1,PROTECTING,Field_5,1,MOVING_TO_FIELD,Field_1,1,MOVING_TO_FIELD,Field_4,1,MOVING_TO_FIELD,Field_5,1,PROTECTING,Field_3,1,PROTECTING,Field_5,1,MOVING_TO_FIELD,Field_7,1,PROTECTING,Field_5,1,PROTECTING,Field_3,1,MOVING_TO_FIELD,Field_4,1,MOVING_TO_FIELD,Field_2,1,MOVING_TO_FIELD,Field_20,1,PROTECTING,Field_1,1,MOVING_TO_FIELD,Field_20,1,MOVING_TO_FIELD,Field_6,1,MOVING_TO_FIELD,Field_3,1,PROTECTING,Field_5,1,MOVING_TO_FIELD,Field_20,1,MOVING_TO_FIELD,Field_4,1,MOVING_TO_FIELD,Field_6,1,MOVING_TO_FIELD,Field_6,1,MOVING_TO_FIELD,Field_4,1,PROTECTING,Field_3,1,MOVING_TO_FIELD,Field_2,1,MOVING_TO_FIELD,Field_6,1,MOVING_TO_FIELD,Field_4,1,MOVING_TO_FIELD,Field_20,1,PROTECTING,Field_5,1,MOVING_TO_FIELD,Field_7,1,PROTECTING,Field_1,1,MOVING_TO_FIELD,Field_20,1,MOVING_TO_FIELD,Field_6,1,PROTECTING,Field_1,47,0.03,4,4,0,27,0.14,0,2,2,3,0.11,3,1,1,13,0.06,0,6,4,0,0.00,5,1,-3,33,0.11,0,6,4,21,0.05,0,2,3,18,0.03,0,0,2,2,0.04,0,0,3,36,0.16,0,0,6,79,0.24,0,0,4,36,0.06,0,0,1,15,0.09,0,0,2,56,0.18,0,0,6,96,0.16,0,0,6,69,0.11,0,0,2,58,0.16,0,0,2,72,0.00,0,0,1,0,0.08,0,0,2,2,0.08,0,6,3
269,685,0,0,13,0,27,0,1,MOVING_TO_FIELD,Field_1,1,MOVING_TO_FIELD,Field_1,1,MOVING_TO_FIELD,Field_1,1,PROTECTING,Field_1,1,MOVING_TO_FIELD,Field_20,1,MOVING_TO_FIELD,Field_4,1,MOVING_TO_FIELD,Field_6,1,PROTECTING,Field_5,1,MOVING_TO_FIELD,Field_1,1,MOVING_TO_FIELD,Field_4,1,MOVING_TO_FIELD,Field_5,1,PROTECTING,Field_3,1,PROTECTING,Field_5,1,MOVING_TO_FIELD,Field_7,1,PROTECTING,Field_5,1,PROTECTING,Field_3,1,MOVING_TO_FIELD,Field_4,1,MOVING_TO_FIELD,Field_2,1,MOVING_TO_FIELD,Field_20,1,PROTECTING,Field_1,1,MOVING_TO_FIELD,Field_20,1,MOVING_TO_FIELD,Field_6,1,PROTECTING,Field_3,1,PROTECTING,Field_5,1,MOVING_TO_FIELD,Field_20,1,MOVING_TO_FIELD,Field_4,1,MOVING_TO_FIELD,Field_6,1,MOVING_TO_FIELD,Field_6,1,MOVING_TO_FIELD,Field_4,1,PROTECTING,Field_3,1,MOVING_TO_FIELD,Field_2,1,MOVING_TO_FIELD,Field_6,1,MOVING_TO_FIELD,Field_4,1,MOVING_TO_FIELD,Field_20,1,PROTECTING,Field_5,1,MOVING_TO_FIELD,Field_7,1,PROTECTING,Field_1,1,MOVING_TO_FIELD,Field_20,1,MOVING_TO_FIELD,Field_6,1,PROTECTING,Field_1,47,0.03,4,4,0,27,0.12,0,2,2,3,0.11,4,0,0,13,0.06,0,6,4,0,0.00,5,1,-3,34,0.11,0,6,4,21,0.05,0,2,3,18,0.03,0,0,2,2,0.04,0,0,3,36,0.16,0,0,6,79,0.24,0,0,4,36,0.06,0,0,1,15,0.09,0,0,2,56,0.18,0,0,6,97,0.16,0,0,6,69,0.11,0,0,2,58,0.15,0,0,2,72,0.02,0,0,1,0,0.08,0,0,2,2,0.08,0,6,3
270,687,0,0,13,0,27,0,1,MOVING_TO_FIELD,Field_1,1,MOVING_TO_FIELD,Field_1,1,MOVING_TO_FIELD,Field_1,1,PROTECTING,Field_1,1,MOVING_TO_FIELD,Field_20,1,MOVING_TO_FIELD,Field_4,1,MOVING_TO_FIELD,Field_6,1,PROTECTING,Field_5,1,MOVING_TO_FIELD,Field_1,1,MOVING_TO_FIELD,Field_4,1,MOVING_TO_FIELD,Field_5,1,PROTECTING,Field_3,1,PROTECTING,Field_5,1,MOVING_TO_FIELD,Field_7,1,PROTECTING,Field_5,1,PROTECTING,Field_3,1,MOVING_TO_FIELD,Field_4,1,MOVING_TO_FIELD,Field_2,1,MOVING_TO_FIELD,Field_20,1,PROTECTING,Field_1,1,MOVING_TO_FIELD,Field_20,1,MOVING_TO_FIELD,Field_6,1,PROTECTING,Field_3,1,PROTECTING,Field_5,1,MOVING_TO_FIELD,Field_20,1,MOVING_TO_FIELD,Field_4,1,MOVING_TO_FIELD,Field_6,1,MOVING_TO_FIELD,Field_6,1,MOVING_TO_FIELD,Field_4,1,PROTECTING,Field_3,1,MOVING_TO_FIELD,Field_2,1,MOVING_TO_FIELD,Field_6,1,MOVING_TO_FIELD,Field_4,1,MOVING_TO_FIELD,Field_20,1,PROTECTING,Field_5,1,MOVING_TO_FIELD,Field_7,1,PROTECTING,Field_1,1,MOVING_TO_FIELD,Field_20,1,MOVING_TO_FIELD,Field_6,1,PROTECTING,Field_1,47,0.03,4,4,0,27,0.12,0,2,2,3,0.12,4,0,0,13,0.07,0,6,4,0,0.00,5,1,-3,34,0.11,0,6,4,21,0.04,0,2,3,18,0.03,0,0,2,2,0.04,0,0,3,36,0.18,0,0,6,79,0.22,0,0,4,36,0.06,0,0,1,15,0.07,0,0,2,56,0.17,0,0,6,98,0.17,0,0,6,69,0.10,0,0,2,58,0.11,0,0,2,72,0.02,0,0,1,0,0.10,0,0,2,3,0.08,0,6,3
271,688,2,0,6,0,32,0,1,MOVING_TO_FIELD,Field_4,1,MOVING_TO_FIELD,Field_1,1,MOVING_TO_FIELD,Field_1,1,MOVING_TO_FIELD,Field_4,1,MOVING_TO_FIELD,Field_20,1,MOVING_TO_FIELD,Field_7,1,MOVING_TO_FIELD,Field_6,1,MOVING_TO_FIELD,Field_9,1,MOVING_TO_FIELD,Field_5,1,MOVING_TO_FIELD,Field_5,1,MOVING_TO_FIELD,Field_20,1,PROTECTING,Field_3,1,PROTECTING,Field_5,1,MOVING_TO_FIELD,Field_4,1,IDLE,,1,PROTECTING,Field_3,1,MOVING_TO_FIELD,Field_20,1,MOVING_TO_FIELD,Field_2,1,MOVING_TO_FIELD,Field_6,1,MOVING_TO_FIELD,Field_4,1,MOVING_TO_FIELD,Field_5,1,MOVING_TO_FIELD,Field_20,1,PROTECTING,Field_3,1,PROTECTING,Field_5,1,MOVING_TO_FIELD,Field_1,1,MOVING_TO_FIELD,Field_20,1,MOVING_TO_FIELD,Field_20,1,MOVING_TO_FIELD,Field_6,1,MOVING_TO_FIELD,Field_6,1,PROTECTING,Field_3,1,MOVING_TO_FIELD,Field_2,1,MOVING_TO_FIELD,Field_6,1,MOVING_TO_FIELD,Field_5,1,MOVING_TO_FIELD,Field_9,1,IDLE,,1,MOVING_TO_FIELD,Field_7,1,MOVING_TO_FIELD,Field_4,1,MOVING_TO_FIELD,Field_1,1,MOVING_TO_FIELD,Field_6,1,MOVING_TO_FIELD,Field_4,47,0.03,0,4,4,28,0.12,0,2,2,3,0.09,4,0,0,13,0.07,0,6,4,0,0.00,2,4,0,34,0.11,0,6,4,21,0.04,0,2,3,18,0.03,0,0,2,2,0.06,0,2,3,36,0.18,0,0,6,79,0.24,0,0,4,36,0.06,0,0,1,15,0.05,0,0,2,56,0.17,0,0,6,98,0.17,0,0,6,69,0.10,0,0,2,58,0.10,0,0,2,72,0.02,0,0,1,0,0.10,0,0,2,3,0.08,0,6,3
272,689,2,0,6,0,32,0,1,MOVING_TO_FIELD,Field_4,1,MOVING_TO_FIELD,Field_1,1,MOVING_TO_FIELD,Field_1,1,MOVING_TO_FIELD,Field_4,1,MOVING_TO_FIELD,Field_20,1,MOVING_TO_FIELD,Field_7,1,MOVING_TO_FIELD,Field_6,1,MOVING_TO_FIELD,Field_9,1,MOVING_TO_FIELD,Field_5,1,MOVING_TO_FIELD,Field_5,1,MOVING_TO_FIELD,Field_20,1,PROTECTING,Field_3,1,PROTECTING,Field_5,1,MOVING_TO_FIELD,Field_4,1,IDLE,,1,PROTECTING,Field_3,1,MOVING_TO_FIELD,Field_20,1,MOVING_TO_FIELD,Field_2,1,MOVING_TO_FIELD,Field_6,1,MOVING_TO_FIELD,Field_4,1,MOVING_TO_FIELD,Field_5,1,MOVING_TO_FIELD,Field_20,1,PROTECTING,Field_3,1,PROTECTING,Field_5,1,MOVING_TO_FIELD,Field_1,1,MOVING_TO_FIELD,Field_20,1,MOVING_TO_FIELD,Field_20,1,MOVING_TO_FIELD,Field_6,1,MOVING_TO_FIELD,Field_6,1,PROTECTING,Field_3,1,MOVING_TO_FIELD,Field_2,1,MOVING_TO_FIELD,Field_6,1,MOVING_TO_FIELD,Field_5,1,MOVING_TO_FIELD,Field_9,1,IDLE,,1,MOVING_TO_FIELD,Field_7,1,MOVING_TO_FIELD,Field_4,1,MOVING_TO_FIELD,Field_1,1,MOVING_TO_FIELD,Field_6,1,MOVING_TO_FIELD,Field_4,47,0.03,0,4,4,28,0.11,0,2,2,3,0.09,4,0,0,13,0.06,0,6,4,0,0.00,2,4,0,34,0.10,0,6,4,21,0.03,0,2,3,18,0.03,0,0,2,2,0.06,0,2,3,37,0.18,0,0,6,79,0.26,0,0,4,36,0.06,0,0,1,15,0.05,0,0,2,56,0.17,0,0,6,98,0.17,0,0,6,69,0.10,0,0,2,58,0.10,0,0,2,72,0.02,0,0,1,0,0.08,0,0,2,3,0.08,0,6,3
273,691,2,0,7,0,31,0,1,MOVING_TO_FIELD,Field_4,1,MOVING_TO_FIELD,Field_1,1,MOVING_TO_FIELD,Field_1,1,MOVING_TO_FIELD,Field_4,1,MOVING_TO_FIELD,Field_20,1,MOVING_TO_FIELD,Field_7,1,MOVING_TO_FIELD,Field_6,1,MOVING_TO_FIELD,Field_9,1,MOVING_TO_FIELD,Field_5,1,MOVING_TO_FIELD,Field_5,1,MOVING_TO_FIELD,Field_20,1,PROTECTING,Field_3,1,PROTECTING,Field_5,1,MOVING_TO_FIELD,Field_4,1,IDLE,,1,PROTECTING,Field_3,1,MOVING_TO_FIELD,Field_20,1,PROTECTING,Field_2,1,MOVING_TO_FIELD,Field_6,1,MOVING_TO_FIELD,Field_4,1,MOVING_TO_FIELD,Field_5,1,MOVING_TO_FIELD,Field_20,1,PROTECTING,Field_3,1,PROTECTING,Field_5,1,MOVING_TO_FIELD,Field_1,1,MOVING_TO_FIELD,Field_20,1,MOVING_TO_FIELD,Field_20,1,MOVING_TO_FIELD,Field_6,1,MOVING_TO_FIELD,Field_6,1,PROTECTING,Field_3,1,MOVING_TO_FIELD,Field_2,1,MOVING_TO_FIELD,Field_6,1,MOVING_TO_FIELD,Field_5,1,MOVING_TO_FIELD,Field_9,1,IDLE,,1,MOVING_TO_FIELD,Field_7,1,MOVING_TO_FIELD,Field_4,1,MOVING_TO_FIELD,Field_1,1,MOVING_TO_FIELD,Field_6,1,MOVING_TO_FIELD,Field_4,47,0.02,0,4,4,28,0.11,1,1,1,3,0.09,4,0,0,13,0.06,0,6,4,0,0.00,2,4,0,35,0.10,0,6,4,21,0.03,0,2,3,18,0.03,0,0,2,2,0.06,0,2,3,37,0.17,0,0,6,79,0.26,0,0,4,36,0.09,0,0,1,15,0.05,0,0,2,56,0.18,0,0,6,98,0.17,0,0,6,69,0.10,0,0,2,58,0.10,0,0,2,72,0.04,0,0,1,1,0.10,0,0,2,3,0.08,0,6,3
274,695,2,0,7,0,31,0,1,MOVING_TO_FIELD,Field_4,1,MOVING_TO_FIELD,Field_1,1,MOVING_TO_FIELD,Field_1,1,MOVING_TO_FIELD,Field_4,1,MOVING_TO_FIELD,Field_20,1,MOVING_TO_FIELD,Field_7,1,MOVING_TO_FIELD,Field_6,1,MOVING_TO_FIELD,Field_9,1,MOVING_TO_FIELD,Field_5,1,MOVING_TO_FIELD,Field_5,1,MOVING_TO_FIELD,Field_20,1,PROTECTING,Field_3,1,PROTECTING,Field_5,1,MOVING_TO_FIELD,Field_4,1,IDLE,,1,PROTECTING,Field_3,1,MOVING_TO_FIELD,Field_20,1,PROTECTING,Field_2,1,MOVING_TO_FIELD,Field_6,1,MOVING_TO_FIELD,Field_4,1,MOVING_TO_FIELD,Field_5,1,MOVING_TO_FIELD,Field_20,1,PROTECTING,Field_3,1,PROTECTING,Field_5,1,MOVING_TO_FIELD,Field_1,1,MOVING_TO_FIELD,Field_20,1,MOVING_TO_FIELD,Field_20,1,MOVING_TO_FIELD,Field_6,1,MOVING_TO_FIELD,Field_6,1,PROTECTING,Field_3,1,MOVING_TO_FIELD,Field_2,1,MOVING_TO_FIELD,Field_6,1,MOVING_TO_FIELD,Field_5,1,MOVING_TO_FIELD,Field_9,1,IDLE,,1,MOVING_TO_FIELD,Field_7,1,MOVING_TO_FIELD,Field_4,1,MOVING_TO_FIELD,Field_1,1,MOVING_TO_FIELD,Field_6,1,MOVING_TO_FIELD,Field_4,47,0.02,0,4,4,28,0.13,1,1,1,3,0.09,4,0,0,13,0.07,0,6,4,0,0.00,2,4,0,35,0.11,0,6,4,21,0.02,0,2,3,18,0.03,0,0,2,2,0.06,0,2,3,37,0.17,0,0,6,79,0.26,0,0,4,36,0.09,0,0,1,15,0.05,0,0,2,56,0.17,0,0,6,102,0.17,0,0,6,69,0.10,0,0,2,58,0.08,0,0,2,72,0.04,0,0,1,1,0.10,0,0,2,3,0.08,0,6,3
275,695,2,0,7,0,31,0,1,MOVING_TO_FIELD,Field_4,1,MOVING_TO_FIELD,Field_1,1,MOVING_TO_FIELD,Field_1,1,MOVING_TO_FIELD,Field_4,1,MOVING_TO_FIELD,Field_20,1,MOVING_TO_FIELD,Field_7,1,MOVING_TO_FIELD,Field_6,1,MOVING_TO_FIELD,Field_9,1,MOVING_TO_FIELD,Field_5,1,MOVING_TO_FIELD,Field_5,1,MOVING_TO_FIELD,Field_20,1,PROTECTING,Field_3,1,PROTECTING,Field_5,1,MOVING_TO_FIELD,Field_4,1,IDLE,,1,PROTECTING,Field_3,1,MOVING_TO_FIELD,Field_20,1,PROTECTING,Field_2,1,MOVING_TO_FIELD,Field_6,1,MOVING_TO_FIELD,Field_4,1,MOVING_TO_FIELD,Field_5,1,MOVING_TO_FIELD,Field_20,1,PROTECTING,Field_3,1,PROTECTING,Field_5,1,MOVING_TO_FIELD,Field_1,1,MOVING_TO_FIELD,Field_20,1,MOVING_TO_FIELD,Field_20,1,MOVING_TO_FIELD,Field_6,1,MOVING_TO_FIELD,Field_6,1,PROTECTING,Field_3,1,MOVING_TO_FIELD,Field_2,1,MOVING_TO_FIELD,Field_6,1,MOVING_TO_FIELD,Field_5,1,MOVING_TO_FIELD,Field_9,1,IDLE,,1,MOVING_TO_FIELD,Field_7,1,MOVING_TO_FIELD,Field_4,1,MOVING_TO_FIELD,Field_1,1,MOVING_TO_FIELD,Field_6,1,MOVING_TO_FIELD,Field_4,47,0.03,0,4,4,28,0.13,1,1,1,3,0.06,4,0,0,13,0.06,0,6,4,0,0.00,2,4,0,35,0.10,0,6,4,21,0.01,0,2,3,18,0.03,0,0,2,2,0.06,0,2,3,37,0.17,0,0,6,79,0.26,0,0,4,36,0.09,0,0,1,15,0.05,0,0,2,56,0.18,0,0,6,102,0.17,0,0,6,69,0.10,0,0,2,58,0.08,0,0,2,72,0.04,0,0,1,1,0.10,0,0,2,3,0.08,0,6,3
276,696,2,0,8,0,30,0,1,MOVING_TO_FIELD,Field_4,1,MOVING_TO_FIELD,Field_1,1,MOVING_TO_FIELD,Field_1,1,MOVING_TO_FIELD,Field_4,1,MOVING_TO_FIELD,Field_20,1,MOVING_TO_FIELD,Field_7,1,MOVING_TO_FIELD,Field_6,1,MOVING_TO_FIELD,Field_9,1,MOVING_TO_FIELD,Field_5,1,MOVING_TO_FIELD,Field_5,1,MOVING_TO_FIELD,Field_20,1,PROTECTING,Field_3,1,PROTECTING,Field_5,1,MOVING_TO_FIELD,Field_4,1,IDLE,,1,PROTECTING,Field_3,1,MOVING_TO_FIELD,Field_20,1,PROTECTING,Field_2,1,MOVING_TO_FIELD,Field_6,1,MOVING_TO_FIELD,Field_4,1,MOVING_TO_FIELD,Field_5,1,MOVING_TO_FIELD,Field_20,1,PROTECTING,Field_3,1,PROTECTING,Field_5,1,MOVING_TO_FIELD,Field_1,1,MOVING_TO_FIELD,Field_20,1,MOVING_TO_FIELD,Field_20,1,MOVING_TO_FIELD,Field_6,1,MOVING_TO_FIELD,Field_6,1,PROTECTING,Field_3,1,PROTECTING,Field_2,1,MOVING_TO_FIELD,Field_6,1,MOVING_TO_FIELD,Field_5,1,MOVING_TO_FIELD,Field_9,1,IDLE,,1,MOVING_TO_FIELD,Field_7,1,MOVING_TO_FIELD,Field_4,1,MOVING_TO_FIELD,Field_1,1,MOVING_TO_FIELD,Field_6,1,MOVING_TO_FIELD,Field_4,47,0.03,0,4,4,28,0.13,2,0,0,3,0.06,4,0,0,13,0.07,0,6,4,0,0.00,2,4,0,35,0.11,0,6,4,21,0.01,0,2,3,18,0.03,0,0,2,2,0.06,0,2,3,37,0.17,0,0,6,79,0.25,0,0,4,36,0.09,0,0,1,15,0.05,0,0,2,56,0.18,0,0,6,102,0.16,0,0,6,70,0.10,0,0,2,58,0.08,0,0,2,72,0.02,0,0,1,1,0.10,0,0,2,3,0.08,0,6,3
277,699,2,0,9,0,29,0,1,MOVING_TO_FIELD,Field_4,1,MOVING_TO_FIELD,Field_1,1,MOVING_TO_FIELD,Field_1,1,MOVING_TO_FIELD,Field_4,1,MOVING_TO_FIELD,Field_20,1,MOVING_TO_FIELD,Field_7,1,MOVING_TO_FIELD,Field_6,1,MOVING_TO_FIELD,Field_9,1,MOVING_TO_FIELD,Field_5,1,MOVING_TO_FIELD,Field_5,1,MOVING_TO_FIELD,Field_20,1,PROTECTING,Field_3,1,PROTECTING,Field_5,1,MOVING_TO_FIELD,Field_4,1,IDLE,,1,PROTECTING,Field_3,1,MOVING_TO_FIELD,Field_20,1,PROTECTING,Field_2,1,MOVING_TO_FIELD,Field_6,1,MOVING_TO_FIELD,Field_4,1,MOVING_TO_FIELD,Field_5,1,MOVING_TO_FIELD,Field_20,1,PROTECTING,Field_3,1,PROTECTING,Field_5,1,MOVING_TO_FIELD,Field_1,1,MOVING_TO_FIELD,Field_20,1,MOVING_TO_FIELD,Field_20,1,MOVING_TO_FIELD,Field_6,1,MOVING_TO_FIELD,Field_6,1,PROTECTING,Field_3,1,PROTECTING,Field_2,1,MOVING_TO_FIELD,Field_6,1,MOVING_TO_FIELD,Field_5,1,MOVING_TO_FIELD,Field_9,1,IDLE,,1,PROTECTING,Field_7,1,MOVING_TO_FIELD,Field_4,1,MOVING_TO_FIELD,Field_1,1,MOVING_TO_FIELD,Field_6,1,MOVING_TO_FIELD,Field_4,47,0.02,0,4,4,28,0.13,2,0,0,3,0.06,4,0,0,13,0.07,0,6,4,0,0.00,2,4,0,35,0.09,0,6,4,21,0.01,1,1,2,18,0.03,0,0,2,2,0.06,0,2,3,37,0.18,0,0,6,80,0.25,0,0,4,36,0.09,0,0,1,15,0.05,0,0,2,56,0.17,0,0,6,102,0.16,0,0,6,72,0.11,0,0,2,58,0.08,0,0,2,72,0.00,0,0,1,1,0.11,0,0,2,3,0.08,0,6,3
278,700,2,0,9,0,29,0,1,MOVING_TO_FIELD,Field_4,1,MOVING_TO_FIELD,Field_1,1,MOVING_TO_FIELD,Field_1,1,MOVING_TO_FIELD,Field_4,1,MOVING_TO_FIELD,Field_20,1,MOVING_TO_FIELD,Field_7,1,MOVING_TO_FIELD,Field_6,1,MOVING_TO_FIELD,Field_9,1,MOVING_TO_FIELD,Field_5,1,MOVING_TO_FIELD,Field_5,1,MOVING_TO_FIELD,Field_20,1,PROTECTING,Field_3,1,PROTECTING,Field_5,1,MOVING_TO_FIELD,Field_4,1,IDLE,,1,PROTECTING,Field_3,1,MOVING_TO_FIELD,Field_20,1,PROTECTING,Field_2,1,MOVING_TO_FIELD,Field_6,1,MOVING_TO_FIELD,Field_4,1,MOVING_TO_FIELD,Field_5,1,MOVING_TO_FIELD,Field_20,1,PROTECTING,Field_3,1,PROTECTING,Field_5,1,MOVING_TO_FIELD,Field_1,1,MOVING_TO_FIELD,Field_20,1,MOVING_TO_FIELD,Field_20,1,MOVING_TO_FIELD,Field_6,1,MOVING_TO_FIELD,Field_6,1,PROTECTING,Field_3,1,PROTECTING,Field_2,1,MOVING_TO_FIELD,Field_6,1,MOVING_TO_FIELD,Field_5,1,MOVING_TO_FIELD,Field_9,1,IDLE,,1,PROTECTING,Field_7,1,MOVING_TO_FIELD,Field_4,1,MOVING_TO_FIELD,Field_1,1,MOVING_TO_FIELD,Field_6,1,MOVING_TO_FIELD,Field_4,47,0.02,0,4,4,28,0.13,2,0,0,3,0.06,4,0,0,13,0.08,0,6,4,0,0.00,2,4,0,35,0.10,0,6,4,21,0.01,1,1,2,18,0.03,0,0,2,2,0.03,0,2,3,37,0.18,0,0,6,81,0.25,0,0,4,36,0.09,0,0,1,15,0.05,0,0,2,56,0.17,0,0,6,102,0.16,0,0,6,72,0.11,0,0,2,58,0.08,0,0,2,72,0.00,0,0,1,1,0.13,0,0,2,3,0.08,0,6,3
279,701,2,0,9,0,29,0,1,MOVING_TO_FIELD,Field_4,1,MOVING_TO_FIELD,Field_1,1,MOVING_TO_FIELD,Field_1,1,MOVING_TO_FIELD,Field_4,1,MOVING_TO_FIELD,Field_20,1,MOVING_TO_FIELD,Field_7,1,MOVING_TO_FIELD,Field_6,1,MOVING_TO_FIELD,Field_9,1,MOVING_TO_FIELD,Field_5,1,MOVING_TO_FIELD,Field_5,1,MOVING_TO_FIELD,Field_20,1,PROTECTING,Field_3,1,PROTECTING,Field_5,1,MOVING_TO_FIELD,Field_4,1,IDLE,,1,PROTECTING,Field_3,1,MOVING_TO_FIELD,Field_20,1,PROTECTING,Field_2,1,MOVING_TO_FIELD,Field_6,1,MOVING_TO_FIELD,Field_4,1,MOVING_TO_FIELD,Field_5,1,MOVING_TO_FIELD,Field_20,1,PROTECTING,Field_3,1,PROTECTING,Field_5,1,MOVING_TO_FIELD,Field_1,1,MOVING_TO_FIELD,Field_20,1,MOVING_TO_FIELD,Field_20,1,MOVING_TO_FIELD,Field_6,1,MOVING_TO_FIELD,Field_6,1,PROTECTING,Field_3,1,PROTECTING,Field_2,1,MOVING_TO_FIELD,Field_6,1,MOVING_TO_FIELD,Field_5,1,MOVING_TO_FIELD,Field_9,1,IDLE,,1,PROTECTING,Field_7,1,MOVING_TO_FIELD,Field_4,1,MOVING_TO_FIELD,Field_1,1,MOVING_TO_FIELD,Field_6,1,MOVING_TO_FIELD,Field_4,47,0.02,0,4,4,28,0.14,2,0,0,3,0.05,4,0,0,13,0.10,0,6,4,0,0.00,2,4,0,35,0.12,0,6,4,21,0.01,1,1,2,18,0.03,0,0,2,2,0.03,0,2,3,37,0.17,0,0,6,82,0.25,0,0,4,36,0.09,0,0,1,15,0.05,0,0,2,56,0.17,0,0,6,102,0.16,0,0,6,72,0.14,0,0,2,58,0.10,0,0,2,72,0.02,0,0,1,1,0.13,0,0,2,3,0.08,0,6,3
280,701,2,0,12,0,26,0,1,MOVING_TO_FIELD,Field_4,1,MOVING_TO_FIELD,Field_1,1,MOVING_TO_FIELD,Field_1,1,MOVING_TO_FIELD,Field_4,1,MOVING_TO_FIELD,Field_20,1,MOVING_TO_FIELD,Field_7,1,MOVING_TO_FIELD,Field_6,1,MOVING_TO_FIELD,Field_9,1,MOVING_TO_FIELD,Field_5,1,PROTECTING,Field_5,1,MOVING_TO_FIELD,Field_20,1,PROTECTING,Field_3,1,PROTECTING,Field_5,1,MOVING_TO_FIELD,Field_4,1,IDLE,,1,PROTECTING,Field_3,1,MOVING_TO_FIELD,Field_20,1,PROTECTING,Field_2,1,MOVING_TO_FIELD,Field_6,1,MOVING_TO_FIELD,Field_4,1,MOVING_TO_FIELD,Field_5,1,MOVING_TO_FIELD,Field_20,1,PROTECTING,Field_3,1,PROTECTING,Field_5,1,MOVING_TO_FIELD,Field_1,1,MOVING_TO_FIELD,Field_20,1,MOVING_TO_FIELD,Field_20,1,MOVING_TO_FIELD,Field_6,1,MOVING_TO_FIELD,Field_6,1,PROTECTING,Field_3,1,PROTECTING,Field_2,1,MOVING_TO_FIELD,Field_6,1,PROTECTING,Field_5,1,PROTECTING,Field_9,1,IDLE,,1,PROTECTING,Field_7,1,MOVING_TO_FIELD,Field_4,1,MOVING_TO_FIELD,Field_1,1,MOVING_TO_FIELD,Field_6,1,MOVING_TO_FIELD,Field_4,47,0.02,0,4,4,28,0.15,2,0,0,3,0.05,4,0,0,13,0.10,0,6,4,0,0.00,4,2,-2,35,0.15,0,6,4,21,0.01,1,1,2,18,0.04,0,0,2,2,0.03,1,1,2,37,0.16,0,0,6,82,0.26,0,0,4,36,0.09,0,0,1,15,0.05,0,0,2,56,0.17,0,0,6,102,0.17,0,0,6,72,0.14,0,0,2,58,0.08,0,0,2,72,0.00,0,0,1,1,0.16,0,0,2,3,0.06,0,6,3
281,701,0,0,8,0,32,0,1,MOVING_TO_FIELD,Field_4,1,MOVING_TO_FIELD,Field_5,1,MOVING_TO_FIELD,Field_5,1,MOVING_TO_FIELD,Field_4,1,MOVING_TO_FIELD,Field_20,1,MOVING_TO_FIELD,Field_20,1,PROTECTING,Field_6,1,MOVING_TO_FIELD,Field_4,1,MOVING_TO_FIELD,Field_1,1,MOVING_TO_FIELD,Field_1,1,MOVING_TO_FIELD,Field_6,1,PROTECTING,Field_3,1,MOVING_TO_FIELD,Field_1,1,MOVING_TO_FIELD,Field_4,1,MOVING_TO_FIELD,Field_4,1,PROTECTING,Field_3,1,MOVING_TO_FIELD,Field_1,1,PROTECTING,Field_2,1,MOVING_TO_FIELD,Field_20,1,MOVING_TO_FIELD,Field_4,1,MOVING_TO_FIELD,Field_4,1,MOVING_TO_FIELD,Field_9,1,PROTECTING,Field_3,1,MOVING_TO_FIELD,Field_4,1,MOVING_TO_FIELD,Field_5,1,MOVING_TO_FIELD,Field_5,1,MOVING_TO_FIELD,Field_9,1,MOVING_TO_FIELD,Field_6,1,MOVING_TO_FIELD,Field_20,1,PROTECTING,Field_3,1,PROTECTING,Field_2,1,MOVING_TO_FIELD,Field_6,1,MOVING_TO_FIELD,Field_4,1,MOVING_TO_FIELD,Field_20,1,MOVING_TO_FIELD,Field_4,1,MOVING_TO_FIELD,Field_20,1,MOVING_TO_FIELD,Field_6,1,MOVING_TO_FIELD,Field_5,1,PROTECTING,Field_6,1,MOVING_TO_FIELD,Field_5,47,0.02,0,4,4,28,0.14,2,0,0,3,0.05,4,0,0,13,0.10,0,10,4,0,0.00,0,6,2,35,0.16,2,4,2,21,0.01,0,0,3,18,0.04,0,0,2,2,0.06,0,2,3,37,0.16,0,0,6,82,0.26,0,0,4,36,0.09,0,0,1,15,0.05,0,0,2,56,0.17,0,0,6,102,0.17,0,0,6,72,0.14,0,0,2,58,0.08,0,0,2,72,0.00,0,0,1,1,0.16,0,0,2,3,0.08,0,6,3
282,701,0,0,9,0,31,0,1,MOVING_TO_FIELD,Field_4,1,MOVING_TO_FIELD,Field_5,1,MOVING_TO_FIELD,Field_5,1,MOVING_TO_FIELD,Field_4,1,MOVING_TO_FIELD,Field_20,1,MOVING_TO_FIELD,Field_20,1,PROTECTING,Field_6,1,MOVING_TO_FIELD,Field_4,1,MOVING_TO_FIELD,Field_1,1,MOVING_TO_FIELD,Field_1,1,MOVING_TO_FIELD,Field_6,1,PROTECTING,Field_3,1,MOVING_TO_FIELD,Field_1,1,MOVING_TO_FIELD,Field_4,1,MOVING_TO_FIELD,Field_4,1,PROTECTING,Field_3,1,MOVING_TO_FIELD,Field_1,1,PROTECTING,Field_2,1,MOVING_TO_FIELD,Field_20,1,MOVING_TO_FIELD,Field_4,1,MOVING_TO_FIELD,Field_4,1,MOVING_TO_FIELD,Field_9,1,PROTECTING,Field_3,1,MOVING_TO_FIELD,Field_4,1,MOVING_TO_FIELD,Field_5,1,MOVING_TO_FIELD,Field_5,1,MOVING_TO_FIELD,Field_9,1,MOVING_TO_FIELD,Field_6,1,MOVING_TO_FIELD,Field_20,1,PROTECTING,Field_3,1,PROTECTING,Field_2,1,PROTECTING,Field_6,1,MOVING_TO_FIELD,Field_4,1,MOVING_TO_FIELD,Field_20,1,MOVING_TO_FIELD,Field_4,1,MOVING_TO_FIELD,Field_20,1,MOVING_TO_FIELD,Field_6,1,MOVING_TO_FIELD,Field_5,1,PROTECTING,Field_6,1,MOVING_TO_FIELD,Field_5,47,0.00,0,4,4,28,0.13,2,0,0,3,0.05,4,0,0,13,0.10,0,10,4,0,0.00,0,6,2,35,0.17,3,3,1,21,0.01,0,0,3,18,0.04,0,0,2,2,0.04,0,2,3,37,0.15,0,0,6,82,0.25,0,0,4,36,0.09,0,0,1,15,0.05,0,0,2,56,0.17,0,0,6,102,0.16,0,0,6,72,0.14,0,0,2,58,0.08,0,0,2,72,0.00,0,0,1,1,0.16,0,0,2,3,0.08,0,6,3
283,702,0,0,9,0,31,0,1,MOVING_TO_FIELD,Field_4,1,MOVING_TO_FIELD,Field_5,1,MOVING_TO_FIELD,Field_5,1,MOVING_TO_FIELD,Field_4,1,MOVING_TO_FIELD,Field_20,1,MOVING_TO_FIELD,Field_20,1,PROTECTING,Field_6,1,MOVING_TO_FIELD,Field_4,1,MOVING_TO_FIELD,Field_1,1,MOVING_TO_FIELD,Field_1,1,MOVING_TO_FIELD,Field_6,1,PROTECTING,Field_3,1,MOVING_TO_FIELD,Field_1,1,MOVING_TO_FIELD,Field_4,1,MOVING_TO_FIELD,Field_4,1,PROTECTING,Field_3,1,MOVING_TO_FIELD,Field_1,1,PROTECTING,Field_2,1,MOVING_TO_FIELD,Field_20,1,MOVING_TO_FIELD,Field_4,1,MOVING_TO_FIELD,Field_4,1,MOVING_TO_FIELD,Field_9,1,PROTECTING,Field_3,1,MOVING_TO_FIELD,Field_4,1,MOVING_TO_FIELD,Field_5,1,MOVING_TO_FIELD,Field_5,1,MOVING_TO_FIELD,Field_9,1,MOVING_TO_FIELD,Field_6,1,MOVING_TO_FIELD,Field_20,1,PROTECTING,Field_3,1,PROTECTING,Field_2,1,PROTECTING,Field_6,1,MOVING_TO_FIELD,Field_4,1,MOVING_TO_FIELD,Field_20,1,MOVING_TO_FIELD,Field_4,1,MOVING_TO_FIELD,Field_20,1,MOVING_TO_FIELD,Field_6,1,MOVING_TO_FIELD,Field_5,1,PROTECTING,Field_6,1,MOVING_TO_FIELD,Field_5,47,0.00,0,4,4,28,0.12,2,0,0,3,0.05,4,0,0,13,0.11,0,10,4,0,0.00,0,6,2,35,0.18,3,3,1,21,0.01,0,0,3,18,0.04,0,0,2,2,0.06,0,2,3,37,0.15,0,0,6,82,0.24,0,0,4,36,0.09,0,0,1,15,0.05,0,0,2,56,0.15,0,0,6,103,0.15,0,0,6,72,0.15,0,0,2,58,0.08,0,0,2,72,0.00,0,0,1,1,0.18,0,0,2,3,0.08,0,6,3
284,702,0,0,9,0,31,0,1,MOVING_TO_FIELD,Field_4,1,MOVING_TO_FIELD,Field_5,1,MOVING_TO_FIELD,Field_5,1,MOVING_TO_FIELD,Field_4,1,MOVING_TO_FIELD,Field_20,1,MOVING_TO_FIELD,Field_20,1,PROTECTING,Field_6,1,MOVING_TO_FIELD,Field_4,1,MOVING_TO_FIELD,Field_1,1,MOVING_TO_FIELD,Field_1,1,MOVING_TO_FIELD,Field_6,1,PROTECTING,Field_3,1,MOVING_TO_FIELD,Field_1,1,MOVING_TO_FIELD,Field_4,1,MOVING_TO_FIELD,Field_4,1,PROTECTING,Field_3,1,MOVING_TO_FIELD,Field_1,1,PROTECTING,Field_2,1,MOVING_TO_FIELD,Field_20,1,MOVING_TO_FIELD,Field_4,1,MOVING_TO_FIELD,Field_4,1,MOVING_TO_FIELD,Field_9,1,PROTECTING,Field_3,1,MOVING_TO_FIELD,Field_4,1,MOVING_TO_FIELD,Field_5,1,MOVING_TO_FIELD,Field_5,1,MOVING_TO_FIELD,Field_9,1,MOVING_TO_FIELD,Field_6,1,MOVING_TO_FIELD,Field_20,1,PROTECTING,Field_3,1,PROTECTING,Field_2,1,PROTECTING,Field_6,1,MOVING_TO_FIELD,Field_4,1,MOVING_TO_FIELD,Field_20,1,MOVING_TO_FIELD,Field_4,1,MOVING_TO_FIELD,Field_20,1,MOVING_TO_FIELD,Field_6,1,MOVING_TO_FIELD,Field_5,1,PROTECTING,Field_6,1,MOVING_TO_FIELD,Field_5,47,0.00,0,4,4,28,0.11,2,0,0,3,0.05,4,0,0,13,0.11,0,10,4,0,0.00,0,6,2,35,0.20,3,3,1,21,0.02,0,0,3,18,0.04,0,0,2,2,0.06,0,2,3,37,0.14,0,0,6,82,0.22,0,0,4,36,0.09,0,0,1,15,0.05,0,0,2,56,0.15,0,0,6,103,0.14,0,0,6,72,0.14,0,0,2,58,0.08,0,0,2,72,0.00,0,0,1,1,0.16,0,0,2,3,0.08,0,6,3
285,705,0,0,9,0,31,0,1,MOVING_TO_FIELD,Field_4,1,MOVING_TO_FIELD,Field_5,1,MOVING_TO_FIELD,Field_5,1,MOVING_TO_FIELD,Field_4,1,MOVING_TO_FIELD,Field_20,1,MOVING_TO_FIELD,Field_20,1,PROTECTING,Field_6,1,MOVING_TO_FIELD,Field_4,1,MOVING_TO_FIELD,Field_1,1,MOVING_TO_FIELD,Field_1,1,MOVING_TO_FIELD,Field_6,1,PROTECTING,Field_3,1,MOVING_TO_FIELD,Field_1,1,MOVING_TO_FIELD,Field_4,1,MOVING_TO_FIELD,Field_4,1,PROTECTING,Field_3,1,MOVING_TO_FIELD,Field_1,1,PROTECTING,Field_2,1,MOVING_TO_FIELD,Field_20,1,MOVING_TO_FIELD,Field_4,1,MOVING_TO_FIELD,Field_4,1,MOVING_TO_FIELD,Field_9,1,PROTECTING,Field_3,1,MOVING_TO_FIELD,Field_4,1,MOVING_TO_FIELD,Field_5,1,MOVING_TO_FIELD,Field_5,1,MOVING_TO_FIELD,Field_9,1,MOVING_TO_FIELD,Field_6,1,MOVING_TO_FIELD,Field_20,1,PROTECTING,Field_3,1,PROTECTING,Field_2,1,PROTECTING,Field_6,1,MOVING_TO_FIELD,Field_4,1,MOVING_TO_FIELD,Field_20,1,MOVING_TO_FIELD,Field_4,1,MOVING_TO_FIELD,Field_20,1,MOVING_TO_FIELD,Field_6,1,MOVING_TO_FIELD,Field_5,1,PROTECTING,Field_6,1,MOVING_TO_FIELD,Field_5,47,0.01,0,4,4,28,0.12,2,0,0,3,0.04,4,0,0,13,0.12,0,10,4,0,0.00,0,6,2,35,0.20,3,3,1,21,0.02,0,0,3,18,0.04,0,0,2,2,0.06,0,2,3,37,0.14,0,0,6,82,0.22,0,0,4,36,0.09,0,0,1,15,0.07,0,0,2,56,0.17,0,0,6,105,0.16,0,0,6,73,0.15,0,0,2,58,0.10,0,0,2,72,0.00,0,0,1,1,0.16,0,0,2,3,0.08,0,6,3
286,709,0,0,9,0,31,0,1,MOVING_TO_FIELD,Field_4,1,MOVING_TO_FIELD,Field_5,1,MOVING_TO_FIELD,Field_5,1,MOVING_TO_FIELD,Field_4,1,MOVING_TO_FIELD,Field_20,1,MOVING_TO_FIELD,Field_20,1,PROTECTING,Field_6,1,MOVING_TO_FIELD,Field_4,1,MOVING_TO_FIELD,Field_1,1,MOVING_TO_FIELD,Field_1,1,MOVING_TO_FIELD,Field_6,1,PROTECTING,Field_3,1,MOVING_TO_FIELD,Field_1,1,MOVING_TO_FIELD,Field_4,1,MOVING_TO_FIELD,Field_4,1,PROTECTING,Field_3,1,MOVING_TO_FIELD,Field_1,1,PROTECTING,Field_2,1,MOVING_TO_FIELD,Field_20,1,MOVING_TO_FIELD,Field_4,1,MOVING_TO_FIELD,Field_4,1,MOVING_TO_FIELD,Field_9,1,PROTECTING,Field_3,1,MOVING_TO_FIELD,Field_4,1,MOVING_TO_FIELD,Field_5,1,MOVING_TO_FIELD,Field_5,1,MOVING_TO_FIELD,Field_9,1,MOVING_TO_FIELD,Field_6,1,MOVING_TO_FIELD,Field_20,1,PROTECTING,Field_3,1,PROTECTING,Field_2,1,PROTECTING,Field_6,1,MOVING_TO_FIELD,Field_4,1,MOVING_TO_FIELD,Field_20,1,MOVING_TO_FIELD,Field_4,1,MOVING_TO_FIELD,Field_20,1,MOVING_TO_FIELD,Field_6,1,MOVING_TO_FIELD,Field_5,1,PROTECTING,Field_6,1,MOVING_TO_FIELD,Field_5,47,0.01,0,4,4,28,0.12,2,0,0,3,0.03,4,0,0,13,0.12,0,10,4,0,0.00,0,6,2,35,0.20,3,3,1,21,0.03,0,0,3,18,0.04,0,0,2,2,0.06,0,2,3,37,0.14,0,0,6,82,0.22,0,0,4,37,0.09,0,0,1,15,0.07,0,0,2,56,0.17,0,0,6,105,0.16,0,0,6,75,0.15,0,0,2,59,0.08,0,0,2,72,0.00,0,0,1,1,0.16,0,0,2,3,0.08,0,6,3
287,714,0,0,11,0,29,0,1,MOVING_TO_FIELD,Field_4,1,MOVING_TO_FIELD,Field_5,1,MOVING_TO_FIELD,Field_5,1,MOVING_TO_FIELD,Field_4,1,MOVING_TO_FIELD,Field_20,1,MOVING_TO_FIELD,Field_20,1,PROTECTING,Field_6,1,MOVING_TO_FIELD,Field_4,1,MOVING_TO_FIELD,Field_1,1,MOVING_TO_FIELD,Field_1,1,MOVING_TO_FIELD,Field_6,1,PROTECTING,Field_3,1,MOVING_TO_FIELD,Field_1,1,MOVING_TO_FIELD,Field_4,1,MOVING_TO_FIELD,Field_4,1,PROTECTING,Field_3,1,MOVING_TO_FIELD,Field_1,1,PROTECTING,Field_2,1,MOVING_TO_FIELD,Field_20,1,MOVING_TO_FIELD,Field_4,1,MOVING_TO_FIELD,Field_4,1,MOVING_TO_FIELD,Field_9,1,PROTECTING,Field_3,1,MOVING_TO_FIELD,Field_4,1,MOVING_TO_FIELD,Field_5,1,PROTECTING,Field_5,1,MOVING_TO_FIELD,Field_9,1,PROTECTING,Field_6,1,MOVING_TO_FIELD,Field_20,1,PROTECTING,Field_3,1,PROTECTING,Field_2,1,PROTECTING,Field_6,1,MOVING_TO_FIELD,Field_4,1,MOVING_TO_FIELD,Field_20,1,MOVING_TO_FIELD,Field_4,1,MOVING_TO_FIELD,Field_20,1,MOVING_TO_FIELD,Field_6,1,MOVING_TO_FIELD,Field_5,1,PROTECTING,Field_6,1,MOVING_TO_FIELD,Field_5,47,0.02,0,4,4,28,0.11,2,0,0,3,0.02,4,0,0,13,0.11,0,10,4,0,0.00,1,5,1,35,0.20,4,2,0,21,0.05,0,0,3,18,0.04,0,0,2,2,0.07,0,2,3,38,0.14,0,0,6,83,0.22,0,0,4,37,0.09,0,0,1,15,0.09,0,0,2,56,0.17,0,0,6,105,0.15,0,0,6,77,0.16,0,0,2,60,0.08,0,0,2,72,0.00,0,0,1,1,0.15,0,0,2,3,0.06,0,6,3
288,717,0,0,11,0,29,0,1,MOVING_TO_FIELD,Field_4,1,MOVING_TO_FIELD,Field_5,1,MOVING_TO_FIELD,Field_5,1,MOVING_TO_FIELD,Field_4,1,MOVING_TO_FIELD,Field_20,1,MOVING_TO_FIELD,Field_20,1,PROTECTING,Field_6,1,MOVING_TO_FIELD,Field_4,1,MOVING_TO_FIELD,Field_1,1,MOVING_TO_FIELD,Field_1,1,MOVING_TO_FIELD,Field_6,1,PROTECTING,Field_3,1,MOVING_TO_FIELD,Field_1,1,MOVING_TO_FIELD,Field_4,1,MOVING_TO_FIELD,Field_4,1,PROTECTING,Field_3,1,MOVING_TO_FIELD,Field_1,1,PROTECTING,Field_2,1,MOVING_TO_FIELD,Field_20,1,MOVING_TO_FIELD,Field_4,1,MOVING_TO_FIELD,Field_4,1,MOVING_TO_FIELD,Field_9,1,PROTECTING,Field_3,1,MOVING_TO_FIELD,Field_4,1,MOVING_TO_FIELD,Field_5,1,PROTECTING,Field_5,1,MOVING_TO_FIELD,Field_9,1,PROTECTING,Field_6,1,MOVING_TO_FIELD,Field_20,1,PROTECTING,Field_3,1,PROTECTING,Field_2,1,PROTECTING,Field_6,1,MOVING_TO_FIELD,Field_4,1,MOVING_TO_FIELD,Field_20,1,MOVING_TO_FIELD,Field_4,1,MOVING_TO_FIELD,Field_20,1,MOVING_TO_FIELD,Field_6,1,MOVING_TO_FIELD,Field_5,1,PROTECTING,Field_6,1,MOVING_TO_FIELD,Field_5,47,0.02,0,4,4,28,0.10,2,0,0,3,0.02,4,0,0,13,0.12,0,10,4,0,0.00,1,5,1,35,0.20,4,2,0,21,0.05,0,0,3,18,0.04,0,0,2,2,0.06,0,2,3,38,0.13,0,0,6,84,0.22,0,0,4,37,0.09,0,0,1,15,0.09,0,0,2,56,0.18,0,0,6,107,0.15,0,0,6,77,0.16,0,0,2,60,0.08,0,0,2,72,0.00,0,0,1,1,0.15,0,0,2,3,0.04,0,6,3
289,719,0,0,12,0,28,0,1,MOVING_TO_FIELD,Field_4,1,MOVING_TO_FIELD,Field_5,1,MOVING_TO_FIELD,Field_5,1,MOVING_TO_FIELD,Field_4,1,MOVING_TO_FIELD,Field_20,1,MOVING_TO_FIELD,Field_20,1,PROTECTING,Field_6,1,MOVING_TO_FIELD,Field_4,1,MOVING_TO_FIELD,Field_1,1,MOVING_TO_FIELD,Field_1,1,MOVING_TO_FIELD,Field_6,1,PROTECTING,Field_3,1,MOVING_TO_FIELD,Field_1,1,MOVING_TO_FIELD,Field_4,1,MOVING_TO_FIELD,Field_4,1,PROTECTING,Field_3,1,MOVING_TO_FIELD,Field_1,1,PROTECTING,Field_2,1,MOVING_TO_FIELD,Field_20,1,MOVING_TO_FIELD,Field_4,1,MOVING_TO_FIELD,Field_4,1,PROTECTING,Field_9,1,PROTECTING,Field_3,1,MOVING_TO_FIELD,Field_4,1,MOVING_TO_FIELD,Field_5,1,PROTECTING,Field_5,1,MOVING_TO_FIELD,Field_9,1,PROTECTING,Field_6,1,MOVING_TO_FIELD,Field_20,1,PROTECTING,Field_3,1,PROTECTING,Field_2,1,PROTECTING,Field_6,1,MOVING_TO_FIELD,Field_4,1,MOVING_TO_FIELD,Field_20,1,MOVING_TO_FIELD,Field_4,1,MOVING_TO_FIELD,Field_20,1,MOVING_TO_FIELD,Field_6,1,MOVING_TO_FIELD,Field_5,1,PROTECTING,Field_6,1,MOVING_TO_FIELD,Field_5,47,0.03,0,4,4,28,0.10,2,0,0,3,0.03,4,0,0,13,0.12,0,10,4,0,0.00,1,5,1,35,0.20,4,2,0,21,0.06,0,0,3,18,0.04,0,0,2,2,0.07,1,1,2,38,0.12,0,0,6,84,0.22,0,0,4,37,0.09,0,0,1,16,0.11,0,0,2,56,0.18,0,0,6,108,0.15,0,0,6,77,0.16,0,0,2,60,0.10,0,0,2,72,0.00,0,0,1,1,0.11,0,0,2,3,0.04,0,6,3
290,720,0,0,13,0,27,0,1,MOVING_TO_FIELD,Field_4,1,MOVING_TO_FIELD,Field_5,1,MOVING_TO_FIELD,Field_5,1,MOVING_TO_FIELD,Field_4,1,MOVING_TO_FIELD,Field_20,1,MOVING_TO_FIELD,Field_20,1,PROTECTING,Field_6,1,MOVING_TO_FIELD,Field_4,1,MOVING_TO_FIELD,Field_1,1,MOVING_TO_FIELD,Field_1,1,MOVING_TO_FIELD,Field_6,1,PROTECTING,Field_3,1,MOVING_TO_FIELD,Field_1,1,MOVING_TO_FIELD,Field_4,1,MOVING_TO_FIELD,Field_4,1,PROTECTING,Field_3,1,MOVING_TO_FIELD,Field_1,1,PROTECTING,Field_2,1,MOVING_TO_FIELD,Field_20,1,MOVING_TO_FIELD,Field_4,1,MOVING_TO_FIELD,Field_4,1,PROTECTING,Field_9,1,PROTECTING,Field_3,1,MOVING_TO_FIELD,Field_4,1,MOVING_TO_FIELD,Field_5,1,PROTECTING,Field_5,1,MOVING_TO_FIELD,Field_9,1,PROTECTING,Field_6,1,MOVING_TO_FIELD,Field_20,1,PROTECTING,Field_3,1,PROTECTING,Field_2,1,PROTECTING,Field_6,1,MOVING_TO_FIELD,Field_4,1,MOVING_TO_FIELD,Field_20,1,MOVING_TO_FIELD,Field_4,1,MOVING_TO_FIELD,Field_20,1,MOVING_TO_FIELD,Field_6,1,PROTECTING,Field_5,1,PROTECTING,Field_6,1,MOVING_TO_FIELD,Field_5,47,0.03,0,4,4,28,0.10,2,0,0,3,0.03,4,0,0,13,0.13,0,10,4,0,0.00,2,4,0,35,0.18,4,2,0,21,0.06,0,0,3,18,0.04,0,0,2,2,0.07,1,1,2,38,0.13,0,0,6,85,0.22,0,0,4,37,0.09,0,0,1,16,0.11,0,0,2,56,0.18,0,0,6,108,0.15,0,0,6,77,0.16,0,0,2,60,0.08,0,0,2,72,0.00,0,0,1,1,0.10,0,0,2,3,0.04,0,6,3
291,722,0,0,13,0,27,0,1,MOVING_TO_FIELD,Field_4,1,MOVING_TO_FIELD,Field_1,1,MOVING_TO_FIELD,Field_1,1,MOVING_TO_FIELD,Field_4,1,MOVING_TO_FIELD,Field_2,1,MOVING_TO_FIELD,Field_20,1,PROTECTING,Field_6,1,MOVING_TO_FIELD,Field_6,1,MOVING_TO_FIELD,Field_1,1,MOVING_TO_FIELD,Field_5,1,MOVING_TO_FIELD,Field_4,1,PROTECTING,Field_3,1,MOVING_TO_FIELD,Field_5,1,MOVING_TO_FIELD,Field_6,1,MOVING_TO_FIELD,Field_20,1,PROTECTING,Field_3,1,MOVING_TO_FIELD,Field_1,1,PROTECTING,Field_2,1,MOVING_TO_FIELD,Field_5,1,MOVING_TO_FIELD,Field_4,1,MOVING_TO_FIELD,Field_20,1,PROTECTING,Field_9,1,PROTECTING,Field_3,1,MOVING_TO_FIELD,Field_20,1,MOVING_TO_FIELD,Field_5,1,PROTECTING,Field_5,1,MOVING_TO_FIELD,Field_20,1,PROTECTING,Field_6,1,MOVING_TO_FIELD,Field_5,1,PROTECTING,Field_3,1,PROTECTING,Field_2,1,PROTECTING,Field_6,1,MOVING_TO_FIELD,Field_20,1,MOVING_TO_FIELD,Field_5,1,MOVING_TO_FIELD,Field_3,1,MOVING_TO_FIELD,Field_3,1,MOVING_TO_FIELD,Field_4,1,PROTECTING,Field_5,1,PROTECTING,Field_6,1,MOVING_TO_FIELD,Field_4,47,0.03,0,4,4,28,0.08,2,1,0,3,0.03,4,2,0,13,0.13,0,6,4,0,0.00,2,6,0,35,0.17,4,2,0,21,0.06,0,0,3,18,0.06,0,0,2,2,0.07,1,0,2,38,0.13,0,0,6,86,0.24,0,0,4,37,0.09,0,0,1,16,0.11,0,0,2,56,0.18,0,0,6,109,0.15,0,0,6,77,0.15,0,0,2,60,0.08,0,0,2,72,0.00,0,0,1,1,0.10,0,0,2,3,0.02,0,6,3
292,723,0,0,14,0,26,0,1,MOVING_TO_FIELD,Field_4,1,MOVING_TO_FIELD,Field_1,1,MOVING_TO_FIELD,Field_1,1,PROTECTING,Field_4,1,MOVING_TO_FIELD,Field_2,1,MOVING_TO_FIELD,Field_20,1,PROTECTING,Field_6,1,MOVING_TO_FIELD,Field_6,1,MOVING_TO_FIELD,Field_1,1,MOVING_TO_FIELD,Field_5,1,MOVING_TO_FIELD,Field_4,1,PROTECTING,Field_3,1,MOVING_TO_FIELD,Field_5,1,MOVING_TO_FIELD,Field_6,1,MOVING_TO_FIELD,Field_20,1,PROTECTING,Field_3,1,MOVING_TO_FIELD,Field_1,1,PROTECTING,Field_2,1,MOVING_TO_FIELD,Field_5,1,MOVING_TO_FIELD,Field_4,1,MOVING_TO_FIELD,Field_20,1,PROTECTING,Field_9,1,PROTECTING,Field_3,1,MOVING_TO_FIELD,Field_20,1,MOVING_TO_FIELD,Field_5,1,PROTECTING,Field_5,1,MOVING_TO_FIELD,Field_20,1,PROTECTING,Field_6,1,MOVING_TO_FIELD,Field_5,1,PROTECTING,Field_3,1,PROTECTING,Field_2,1,PROTECTING,Field_6,1,MOVING_TO_FIELD,Field_20,1,MOVING_TO_FIELD,Field_5,1,MOVING_TO_FIELD,Field_3,1,MOVING_TO_FIELD,Field_3,1,MOVING_TO_FIELD,Field_4,1,PROTECTING,Field_5,1,PROTECTING,Field_6,1,MOVING_TO_FIELD,Field_4,47,0.03,0,4,4,28,0.07,2,1,0,3,0.03,4,2,0,13,0.12,1,5,3,0,0.00,2,6,0,35,0.17,4,2,0,21,0.06,0,0,3,18,0.06,0,0,2,2,0.07,1,0,2,38,0.13,0,0,6,86,0.25,0,0,4,37,0.09,0,0,1,17,0.11,0,0,2,56,0.18,0,0,6,109,0.15,0,0,6,77,0.16,0,0,2,60,0.08,0,0,2,72,0.00,0,0,1,1,0.10,0,0,2,3,0.02,0,6,3
293,724,0,0,15,0,25,0,1,MOVING_TO_FIELD,Field_4,1,MOVING_TO_FIELD,Field_1,1,MOVING_TO_FIELD,Field_1,1,PROTECTING,Field_4,1,MOVING_TO_FIELD,Field_2,1,MOVING_TO_FIELD,Field_20,1,PROTECTING,Field_6,1,MOVING_TO_FIELD,Field_6,1,MOVING_TO_FIELD,Field_1,1,MOVING_TO_FIELD,Field_5,1,MOVING_TO_FIELD,Field_4,1,PROTECTING,Field_3,1,MOVING_TO_FIELD,Field_5,1,MOVING_TO_FIELD,Field_6,1,MOVING_TO_FIELD,Field_20,1,PROTECTING,Field_3,1,MOVING_TO_FIELD,Field_1,1,PROTECTING,Field_2,1,MOVING_TO_FIELD,Field_5,1,MOVING_TO_FIELD,Field_4,1,MOVING_TO_FIELD,Field_20,1,PROTECTING,Field_9,1,PROTECTING,Field_3,1,MOVING_TO_FIELD,Field_20,1,MOVING_TO_FIELD,Field_5,1,PROTECTING,Field_5,1,MOVING_TO_FIELD,Field_20,1,PROTECTING,Field_6,1,MOVING_TO_FIELD,Field_5,1,PROTECTING,Field_3,1,PROTECTING,Field_2,1,PROTECTING,Field_6,1,MOVING_TO_FIELD,Field_20,1,PROTECTING,Field_5,1,MOVING_TO_FIELD,Field_3,1,MOVING_TO_FIELD,Field_3,1,MOVING_TO_FIELD,Field_4,1,PROTECTING,Field_5,1,PROTECTING,Field_6,1,MOVING_TO_FIELD,Field_4,47,0.03,0,4,4,28,0.04,2,1,0,3,0.03,4,2,0,13,0.12,1,5,3,0,0.00,3,5,-1,35,0.17,4,2,0,21,0.06,0,0,3,18,0.06,0,0,2,2,0.04,1,0,2,38,0.13,0,0,6,86,0.25,0,0,4,37,0.09,0,0,1,17,0.12,0,0,2,56,0.20,0,0,6,109,0.14,0,0,6,78,0.16,0,0,2,60,0.08,0,0,2,72,0.00,0,0,1,1,0.08,0,0,2,3,0.02,0,6,3
294,724,0,0,16,0,24,0,1,PROTECTING,Field_4,1,MOVING_TO_FIELD,Field_1,1,MOVING_TO_FIELD,Field_1,1,PROTECTING,Field_4,1,MOVING_TO_FIELD,Field_2,1,MOVING_TO_FIELD,Field_20,1,PROTECTING,Field_6,1,MOVING_TO_FIELD,Field_6,1,MOVING_TO_FIELD,Field_1,1,MOVING_TO_FIELD,Field_5,1,MOVING_TO_FIELD,Field_4,1,PROTECTING,Field_3,1,MOVING_TO_FIELD,Field_5,1,MOVING_TO_FIELD,Field_6,1,MOVING_TO_FIELD,Field_20,1,PROTECTING,Field_3,1,MOVING_TO_FIELD,Field_1,1,PROTECTING,Field_2,1,MOVING_TO_FIELD,Field_5,1,MOVING_TO_FIELD,Field_4,1,MOVING_TO_FIELD,Field_20,1,PROTECTING,Field_9,1,PROTECTING,Field_3,1,MOVING_TO_FIELD,Field_20,1,MOVING_TO_FIELD,Field_5,1,PROTECTING,Field_5,1,MOVING_TO_FIELD,Field_20,1,PROTECTING,Field_6,1,MOVING_TO_FIELD,Field_5,1,PROTECTING,Field_3,1,PROTECTING,Field_2,1,PROTECTING,Field_6,1,MOVING_TO_FIELD,Field_20,1,PROTECTING,Field_5,1,MOVING_TO_FIELD,Field_3,1,MOVING_TO_FIELD,Field_3,1,MOVING_TO_FIELD,Field_4,1,PROTECTING,Field_5,1,PROTECTING,Field_6,1,MOVING_TO_FIELD,Field_4,47,0.03,0,4,4,28,0.04,2,1,0,3,0.03,4,2,0,13,0.12,2,4,2,0,0.00,3,5,-1,35,0.17,4,2,0,21,0.05,0,0,3,18,0.06,0,0,2,2,0.04,1,0,2,38,0.13,0,0,6,86,0.25,0,0,4,37,0.09,0,0,1,17,0.12,0,0,2,56,0.20,0,0,6,109,0.14,0,0,6,78,0.16,0,0,2,60,0.08,0,0,2,72,0.00,0,0,1,1,0.10,0,0,2,3,0.02,0,6,3
295,725,0,0,17,0,23,0,1,PROTECTING,Field_4,1,MOVING_TO_FIELD,Field_1,1,MOVING_TO_FIELD,Field_1,1,PROTECTING,Field_4,1,MOVING_TO_FIELD,Field_2,1,MOVING_TO_FIELD,Field_20,1,PROTECTING,Field_6,1,MOVING_TO_FIELD,Field_6,1,MOVING_TO_FIELD,Field_1,1,MOVING_TO_FIELD,Field_5,1,MOVING_TO_FIELD,Field_4,1,PROTECTING,Field_3,1,MOVING_TO_FIELD,Field_5,1,MOVING_TO_FIELD,Field_6,1,MOVING_TO_FIELD,Field_20,1,PROTECTING,Field_3,1,MOVING_TO_FIELD,Field_1,1,PROTECTING,Field_2,1,MOVING_TO_FIELD,Field_5,1,MOVING_TO_FIELD,Field_4,1,MOVING_TO_FIELD,Field_20,1,PROTECTING,Field_9,1,PROTECTING,Field_3,1,MOVING_TO_FIELD,Field_20,1,PROTECTING,Field_5,1,PROTECTING,Field_5,1,MOVING_TO_FIELD,Field_20,1,PROTECTING,Field_6,1,MOVING_TO_FIELD,Field_5,1,PROTECTING,Field_3,1,PROTECTING,Field_2,1,PROTECTING,Field_6,1,MOVING_TO_FIELD,Field_20,1,PROTECTING,Field_5,1,MOVING_TO_FIELD,Field_3,1,MOVING_TO_FIELD,Field_3,1,MOVING_TO_FIELD,Field_4,1,PROTECTING,Field_5,1,PROTECTING,Field_6,1,MOVING_TO_FIELD,Field_4,47,0.03,0,4,4,28,0.02,2,1,0,3,0.03,4,2,0,13,0.13,2,4,2,0,0.01,4,4,-2,35,0.17,4,2,0,21,0.05,0,0,3,18,0.04,0,0,2,2,0.06,1,0,2,38,0.13,0,0,6,86,0.25,0,0,4,37,0.09,0,0,1,17,0.12,0,0,2,56,0.17,0,0,6,110,0.14,0,0,6,78,0.15,0,0,2,60,0.08,0,0,2,72,0.00,0,0,1,1,0.08,0,0,2,3,0.02,0,6,3
296,726,0,0,17,0,23,0,1,PROTECTING,Field_4,1,MOVING_TO_FIELD,Field_1,1,MOVING_TO_FIELD,Field_1,1,PROTECTING,Field_4,1,MOVING_TO_FIELD,Field_2,1,MOVING_TO_FIELD,Field_20,1,PROTECTING,Field_6,1,MOVING_TO_FIELD,Field_6,1,MOVING_TO_FIELD,Field_1,1,MOVING_TO_FIELD,Field_5,1,MOVING_TO_FIELD,Field_4,1,PROTECTING,Field_3,1,MOVING_TO_FIELD,Field_5,1,MOVING_TO_FIELD,Field_6,1,MOVING_TO_FIELD,Field_20,1,PROTECTING,Field_3,1,MOVING_TO_FIELD,Field_1,1,PROTECTING,Field_2,1,MOVING_TO_FIELD,Field_5,1,MOVING_TO_FIELD,Field_4,1,MOVING_TO_FIELD,Field_20,1,PROTECTING,Field_9,1,PROTECTING,Field_3,1,MOVING_TO_FIELD,Field_20,1,PROTECTING,Field_5,1,PROTECTING,Field_5,1,MOVING_TO_FIELD,Field_20,1,PROTECTING,Field_6,1,MOVING_TO_FIELD,Field_5,1,PROTECTING,Field_3,1,PROTECTING,Field_2,1,PROTECTING,Field_6,1,MOVING_TO_FIELD,Field_20,1,PROTECTING,Field_5,1,MOVING_TO_FIELD,Field_3,1,MOVING_TO_FIELD,Field_3,1,MOVING_TO_FIELD,Field_4,1,PROTECTING,Field_5,1,PROTECTING,Field_6,1,MOVING_TO_FIELD,Field_4,47,0.03,0,4,4,28,0.01,2,1,0,3,0.02,4,2,0,13,0.13,2,4,2,0,0.01,4,4,-2,35,0.18,4,2,0,21,0.05,0,0,3,18,0.04,0,0,2,2,0.07,1,0,2,38,0.13,0,0,6,86,0.26,0,0,4,37,0.09,0,0,1,17,0.12,0,0,2,57,0.17,0,0,6,110,0.14,0,0,6,78,0.16,0,0,2,60,0.08,0,0,2,72,0.00,0,0,1,1,0.08,0,0,2,3,0.02,0,6,3
297,727,0,0,19,0,21,0,1,PROTECTING,Field_4,1,MOVING_TO_FIELD,Field_1,1,MOVING_TO_FIELD,Field_1,1,PROTECTING,Field_4,1,MOVING_TO_FIELD,Field_2,1,MOVING_TO_FIELD,Field_20,1,PROTECTING,Field_6,1,MOVING_TO_FIELD,Field_6,1,MOVING_TO_FIELD,Field_1,1,MOVING_TO_FIELD,Field_5,1,MOVING_TO_FIELD,Field_4,1,PROTECTING,Field_3,1,MOVING_TO_FIELD,Field_5,1,MOVING_TO_FIELD,Field_6,1,MOVING_TO_FIELD,Field_20,1,PROTECTING,Field_3,1,MOVING_TO_FIELD,Field_1,1,PROTECTING,Field_2,1,PROTECTING,Field_5,1,PROTECTING,Field_4,1,MOVING_TO_FIELD,Field_20,1,PROTECTING,Field_9,1,PROTECTING,Field_3,1,MOVING_TO_FIELD,Field_20,1,PROTECTING,Field_5,1,PROTECTING,Field_5,1,MOVING_TO_FIELD,Field_20,1,PROTECTING,Field_6,1,MOVING_TO_FIELD,Field_5,1,PROTECTING,Field_3,1,PROTECTING,Field_2,1,PROTECTING,Field_6,1,MOVING_TO_FIELD,Field_20,1,PROTECTING,Field_5,1,MOVING_TO_FIELD,Field_3,1,MOVING_TO_FIELD,Field_3,1,MOVING_TO_FIELD,Field_4,1,PROTECTING,Field_5,1,PROTECTING,Field_6,1,MOVING_TO_FIELD,Field_4,47,0.03,0,4,4,28,0.01,2,1,0,3,0.02,4,2,0,13,0.14,3,3,1,0,0.01,5,3,-3,35,0.18,4,2,0,21,0.04,0,0,3,18,0.04,0,0,2,2,0.07,1,0,2,38,0.13,0,0,6,86,0.28,0,0,4,37,0.06,0,0,1,17,0.12,0,0,2,57,0.17,0,0,6,110,0.16,0,0,6,78,0.17,0,0,2,61,0.08,0,0,2,72,0.00,0,0,1,1,0.08,0,0,2,3,0.04,0,6,3
298,732,0,0,19,0,21,0,1,PROTECTING,Field_4,1,MOVING_TO_FIELD,Field_1,1,MOVING_TO_FIELD,Field_1,1,PROTECTING,Field_4,1,MOVING_TO_FIELD,Field_2,1,MOVING_TO_FIELD,Field_20,1,PROTECTING,Field_6,1,MOVING_TO_FIELD,Field_6,1,MOVING_TO_FIELD,Field_1,1,MOVING_TO_FIELD,Field_5,1,MOVING_TO_FIELD,Field_4,1,PROTECTING,Field_3,1,MOVING_TO_FIELD,Field_5,1,MOVING_TO_FIELD,Field_6,1,MOVING_TO_FIELD,Field_20,1,PROTECTING,Field_3,1,MOVING_TO_FIELD,Field_1,1,PROTECTING,Field_2,1,PROTECTING,Field_5,1,PROTECTING,Field_4,1,MOVING_TO_FIELD,Field_20,1,PROTECTING,Field_9,1,PROTECTING,Field_3,1,MOVING_TO_FIELD,Field_20,1,PROTECTING,Field_5,1,PROTECTING,Field_5,1,MOVING_TO_FIELD,Field_20,1,PROTECTING,Field_6,1,MOVING_TO_FIELD,Field_5,1,PROTECTING,Field_3,1,PROTECTING,Field_2,1,PROTECTING,Field_6,1,MOVING_TO_FIELD,Field_20,1,PROTECTING,Field_5,1,MOVING_TO_FIELD,Field_3,1,MOVING_TO_FIELD,Field_3,1,MOVING_TO_FIELD,Field_4,1,PROTECTING,Field_5,1,PROTECTING,Field_6,1,MOVING_TO_FIELD,Field_4,47,0.04,0,4,4,28,0.01,2,1,0,3,0.03,4,2,0,13,0.12,3,3,1,0,0.01,5,3,-3,38,0.20,4,2,0,21,0.04,0,0,3,18,0.04,0,0,2,2,0.07,1,0,2,38,0.15,0,0,6,86,0.25,0,0,4,37,0.06,0,0,1,17,0.12,0,0,2,57,0.17,0,0,6,111,0.16,0,0,6,79,0.17,0,0,2,61,0.08,0,0,2,72,0.00,0,0,1,1,0.06,0,0,2,3,0.04,0,6,3
299,733,0,0,19,0,21,0,1,PROTECTING,Field_4,1,MOVING_TO_FIELD,Field_1,1,MOVING_TO_FIELD,Field_1,1,PROTECTING,Field_4,1,MOVING_TO_FIELD,Field_2,1,MOVING_TO_FIELD,Field_20,1,PROTECTING,Field_6,1,MOVING_TO_FIELD,Field_6,1,MOVING_TO_FIELD,Field_1,1,MOVING_TO_FIELD,Field_5,1,MOVING_TO_FIELD,Field_4,1,PROTECTING,Field_3,1,MOVING_TO_FIELD,Field_5,1,MOVING_TO_FIELD,Field_6,1,MOVING_TO_FIELD,Field_20,1,PROTECTING,Field_3,1,MOVING_TO_FIELD,Field_1,1,PROTECTING,Field_2,1,PROTECTING,Field_5,1,PROTECTING,Field_4,1,MOVING_TO_FIELD,Field_20,1,PROTECTING,Field_9,1,PROTECTING,Field_3,1,MOVING_TO_FIELD,Field_20,1,PROTECTING,Field_5,1,PROTECTING,Field_5,1,MOVING_TO_FIELD,Field_20,1,PROTECTING,Field_6,1,MOVING_TO_FIELD,Field_5,1,PROTECTING,Field_3,1,PROTECTING,Field_2,1,PROTECTING,Field_6,1,MOVING_TO_FIELD,Field_20,1,PROTECTING,Field_5,1,MOVING_TO_FIELD,Field_3,1,MOVING_TO_FIELD,Field_3,1,MOVING_TO_FIELD,Field_4,1,PROTECTING,Field_5,1,PROTECTING,Field_6,1,MOVING_TO_FIELD,Field_4,47,0.04,0,4,4,28,0.01,2,1,0,3,0.03,4,2,0,13,0.13,3,3,1,0,0.01,5,3,-3,38,0.20,4,2,0,21,0.05,0,0,3,18,0.04,0,0,2,2,0.07,1,0,2,39,0.15,0,0,6,86,0.24,0,0,4,37,0.06,0,0,1,17,0.12,0,0,2,57,0.18,0,0,6,111,0.16,0,0,6,79,0.17,0,0,2,61,0.08,0,0,2,72,0.00,0,0,1,1,0.08,0,0,2,3,0.04,0,6,3
300,734,0,0,21,0,19,0,1,PROTECTING,Field_4,1,MOVING_TO_FIELD,Field_1,1,MOVING_TO_FIELD,Field_1,1,PROTECTING,Field_4,1,MOVING_TO_FIELD,Field_2,1,MOVING_TO_FIELD,Field_20,1,PROTECTING,Field_6,1,MOVING_TO_FIELD,Field_6,1,MOVING_TO_FIELD,Field_1,1,PROTECTING,Field_5,1,MOVING_TO_FIELD,Field_4,1,PROTECTING,Field_3,1,PROTECTING,Field_5,1,MOVING_TO_FIELD,Field_6,1,MOVING_TO_FIELD,Field_20,1,PROTECTING,Field_3,1,MOVING_TO_FIELD,Field_1,1,PROTECTING,Field_2,1,PROTECTING,Field_5,1,PROTECTING,Field_4,1,MOVING_TO_FIELD,Field_20,1,PROTECTING,Field_9,1,PROTECTING,Field_3,1,MOVING_TO_FIELD,Field_20,1,PROTECTING,Field_5,1,PROTECTING,Field_5,1,MOVING_TO_FIELD,Field_20,1,PROTECTING,Field_6,1,MOVING_TO_FIELD,Field_5,1,PROTECTING,Field_3,1,PROTECTING,Field_2,1,PROTECTING,Field_6,1,MOVING_TO_FIELD,Field_20,1,PROTECTING,Field_5,1,MOVING_TO_FIELD,Field_3,1,MOVING_TO_FIELD,Field_3,1,MOVING_TO_FIELD,Field_4,1,PROTECTING,Field_5,1,PROTECTING,Field_6,1,MOVING_TO_FIELD,Field_4,47,0.05,0,4,4,28,0.01,2,1,0,3,0.04,4,2,0,13,0.13,3,3,1,0,0.01,7,1,-5,38,0.21,4,2,0,21,0.05,0,0,3,18,0.06,0,0,2,2,0.04,1,0,2,39,0.16,0,0,6,86,0.24,0,0,4,37,0.06,0,0,1,17,0.12,0,0,2,57,0.18,0,0,6,111,0.16,0,0,6,80,0.17,0,0,2,61,0.08,0,0,2,72,0.00,0,0,1,1,0.08,0,0,2,3,0.04,0,6,3
