step,damage,IDLE,CHARGING,PROTECTING,MOVING_TO_CHARGER,MOVING_TO_FIELD,TERMINATED,Drone_1_battery,Drone_1_state,Drone_1_target,Drone_2_battery,Drone_2_state,Drone_2_target,Drone_3_battery,Drone_3_state,Drone_3_target,Drone_4_battery,Drone_4_state,Drone_4_target,Drone_5_battery,Drone_5_state,Drone_5_target,Drone_6_battery,Drone_6_state,Drone_6_target,Drone_7_battery,Drone_7_state,Drone_7_target,Drone_8_battery,Drone_8_state,Drone_8_target,Drone_9_battery,Drone_9_state,Drone_9_target,Drone_10_battery,Drone_10_state,Drone_10_target,Drone_11_battery,Drone_11_state,Drone_11_target,Drone_12_battery,Drone_12_state,Drone_12_target,Drone_13_battery,Drone_13_state,Drone_13_target,Drone_14_battery,Drone_14_state,Drone_14_target,Drone_15_battery,Drone_15_state,Drone_15_target,Drone_16_battery,Drone_16_state,Drone_16_target,Drone_17_battery,Drone_17_state,Drone_17_target,Drone_18_battery,Drone_18_state,Drone_18_target,Drone_19_battery,Drone_19_state,Drone_19_target,Drone_20_battery,Drone_20_state,Drone_20_target,Drone_21_battery,Drone_21_state,Drone_21_target,Drone_22_battery,Drone_22_state,Drone_22_target,Drone_23_battery,Drone_23_state,Drone_23_target,Drone_24_battery,Drone_24_state,Drone_24_target,Field_1_damage,Field_1_threat_level,Field_1_protecting_drones,Field_1_arriving_drones,Field_1_drones_for_full_protection,Field_2_damage,Field_2_threat_level,Field_2_protecting_drones,Field_2_arriving_drones,Field_2_drones_for_full_protection,Field_3_damage,Field_3_threat_level,Field_3_protecting_drones,Field_3_arriving_drones,Field_3_drones_for_full_protection,Field_4_damage,Field_4_threat_level,Field_4_protecting_drones,Field_4_arriving_drones,Field_4_drones_for_full_protection,Field_5_damage,Field_5_threat_level,Field_5_protecting_drones,Field_5_arriving_drones,Field_5_drones_for_full_protection,Field_6_damage,Field_6_threat_level,Field_6_protecting_drones,Field_6_arriving_drones,Field_6_drones_for_full_protection,Field_7_damage,Field_7_threat_level,Field_7_protecting_drones,Field_7_arriving_drones,Field_7_drones_for_full_protection,Field_8_damage,Field_8_threat_level,Field_8_protecting_drones,Field_8_arriving_drones,Field_8_drones_for_full_protection,Field_9_damage,Field_9_threat_level,Field_9_protecting_drones,Field_9_arriving_drones,Field_9_drones_for_full_protection,Field_10_damage,Field_10_threat_level,Field_10_protecting_drones,Field_10_arriving_drones,Field_10_drones_for_full_protection,Field_11_damage,Field_11_threat_level,Field_11_protecting_drones,Field_11_arriving_drones,Field_11_drones_for_full_protection,Field_12_damage,Field_12_threat_level,Field_12_protecting_drones,Field_12_arriving_drones,Field_12_drones_for_full_protection
1,0,13,0,0,0,11,0,1,IDLE,,1,IDLE,,1,MOVING_TO_FIELD,Field_5,1,MOVING_TO_FIELD,Field_4,1,IDLE,,1,IDLE,,1,IDLE,,1,MOVING_TO_FIELD,Field_5,1,MOVING_TO_FIELD,Field_5,1,IDLE,,1,MOVING_TO_FIELD,Field_4,1,IDLE,,1,IDLE,,1,IDLE,,1,IDLE,,1,MOVING_TO_FIELD,Field_5,1,IDLE,,1,MOVING_TO_FIELD,Field_4,1,MOVING_TO_FIELD,Field_4,1,MOVING_TO_FIELD,Field_4,1,MOVING_TO_FIELD,Field_5,1,IDLE,,1,IDLE,,1,MOVING_TO_FIELD,Field_5,0,0.05,0,0,2,0,0.10,0,0,6,0,0.01,0,0,1,0,0.28,0,5,6,0,0.13,0,6,9,0,0.12,0,0,3,0,0.05,0,0,2,0,0.00,0,0,1,0,0.04,0,0,2,0,0.03,0,0,3,0,0.05,0,0,2,0,0.05,0,0,1
2,0,13,0,1,0,10,0,1,IDLE,,1,IDLE,,1,MOVING_TO_FIELD,Field_5,1,MOVING_TO_FIELD,Field_4,1,IDLE,,1,IDLE,,1,IDLE,,1,PROTECTING,Field_5,1,MOVING_TO_FIELD,Field_5,1,IDLE,,1,MOVING_TO_FIELD,Field_4,1,IDLE,,1,IDLE,,1,IDLE,,1,IDLE,,1,MOVING_TO_FIELD,Field_5,1,IDLE,,1,MOVING_TO_FIELD,Field_4,1,MOVING_TO_FIELD,Field_4,1,MOVING_TO_FIELD,Field_4,1,MOVING_TO_FIELD,Field_5,1,IDLE,,1,IDLE,,1,MOVING_TO_FIELD,Field_5,0,0.05,0,0,2,0,0.09,0,0,6,0,0.01,0,0,1,0,0.28,0,5,6,0,0.13,1,5,8,0,0.12,0,0,3,0,0.05,0,0,2,0,0.00,0,0,1,0,0.04,0,0,2,0,0.03,0,0,3,0,0.05,0,0,2,0,0.05,0,0,1
3,0,13,0,1,0,10,0,1,IDLE,,1,IDLE,,1,MOVING_TO_FIELD,Field_5,1,MOVING_TO_FIELD,Field_4,1,IDLE,,1,IDLE,,1,IDLE,,1,PROTECTING,Field_5,1,MOVING_TO_FIELD,Field_5,1,IDLE,,1,MOVING_TO_FIELD,Field_4,1,IDLE,,1,IDLE,,1,IDLE,,1,IDLE,,1,MOVING_TO_FIELD,Field_5,1,IDLE,,1,MOVING_TO_FIELD,Field_4,1,MOVING_TO_FIELD,Field_4,1,MOVING_TO_FIELD,Field_4,1,MOVING_TO_FIELD,Field_5,1,IDLE,,1,IDLE,,1,MOVING_TO_FIELD,Field_5,0,0.06,0,0,2,0,0.09,0,0,6,0,0.01,0,0,1,0,0.27,0,5,6,0,0.12,1,5,8,0,0.12,0,0,3,0,0.06,0,0,2,0,0.00,0,0,1,0,0.04,0,0,2,0,0.03,0,0,3,0,0.09,0,0,2,0,0.05,0,0,1
4,0,13,0,1,0,10,0,1,IDLE,,1,IDLE,,1,MOVING_TO_FIELD,Field_5,1,MOVING_TO_FIELD,Field_4,1,IDLE,,1,IDLE,,1,IDLE,,1,PROTECTING,Field_5,1,MOVING_TO_FIELD,Field_5,1,IDLE,,1,MOVING_TO_FIELD,Field_4,1,IDLE,,1,IDLE,,1,IDLE,,1,IDLE,,1,MOVING_TO_FIELD,Field_5,1,IDLE,,1,MOVING_TO_FIELD,Field_4,1,MOVING_TO_FIELD,Field_4,1,MOVING_TO_FIELD,Field_4,1,MOVING_TO_FIELD,Field_5,1,IDLE,,1,IDLE,,1,MOVING_TO_FIELD,Field_5,0,0.06,0,0,2,0,0.09,0,0,6,0,0.01,0,0,1,0,0.27,0,5,6,0,0.13,1,5,8,0,0.12,0,0,3,0,0.06,0,0,2,0,0.00,0,0,1,0,0.04,0,0,2,0,0.03,0,0,3,0,0.09,0,0,2,0,0.05,0,0,1
5,0,13,0,1,0,10,0,1,IDLE,,1,IDLE,,1,MOVING_TO_FIELD,Field_5,1,MOVING_TO_FIELD,Field_4,1,IDLE,,1,IDLE,,1,IDLE,,1,PROTECTING,Field_5,1,MOVING_TO_FIELD,Field_5,1,IDLE,,1,MOVING_TO_FIELD,Field_4,1,IDLE,,1,IDLE,,1,IDLE,,1,IDLE,,1,MOVING_TO_FIELD,Field_5,1,IDLE,,1,MOVING_TO_FIELD,Field_4,1,MOVING_TO_FIELD,Field_4,1,MOVING_TO_FIELD,Field_4,1,MOVING_TO_FIELD,Field_5,1,IDLE,,1,IDLE,,1,MOVING_TO_FIELD,Field_5,0,0.08,0,0,2,0,0.09,0,0,6,0,0.01,0,0,1,0,0.30,0,5,6,0,0.13,1,5,8,0,0.13,0,0,3,0,0.06,0,0,2,0,0.00,0,0,1,0,0.05,0,0,2,0,0.03,0,0,3,0,0.07,0,0,2,0,0.05,0,0,1
6,0,13,0,1,0,10,0,1,IDLE,,1,IDLE,,1,MOVING_TO_FIELD,Field_5,1,MOVING_TO_FIELD,Field_4,1,IDLE,,1,IDLE,,1,IDLE,,1,PROTECTING,Field_5,1,MOVING_TO_FIELD,Field_5,1,IDLE,,1,MOVING_TO_FIELD,Field_4,1,IDLE,,1,IDLE,,1,IDLE,,1,IDLE,,1,MOVING_TO_FIELD,Field_5,1,IDLE,,1,MOVING_TO_FIELD,Field_4,1,MOVING_TO_FIELD,Field_4,1,MOVING_TO_FIELD,Field_4,1,MOVING_TO_FIELD,Field_5,1,IDLE,,1,IDLE,,1,MOVING_TO_FIELD,Field_5,0,0.11,0,0,2,0,0.09,0,0,6,0,0.01,0,0,1,0,0.30,0,5,6,0,0.14,1,5,8,0,0.14,0,0,3,0,0.06,0,0,2,0,0.00,0,0,1,0,0.05,0,0,2,0,0.03,0,0,3,0,0.09,0,0,2,0,0.08,0,0,1
7,0,13,0,2,0,9,0,1,IDLE,,1,IDLE,,1,MOVING_TO_FIELD,Field_5,1,MOVING_TO_FIELD,Field_4,1,IDLE,,1,IDLE,,1,IDLE,,1,PROTECTING,Field_5,1,MOVING_TO_FIELD,Field_5,1,IDLE,,1,MOVING_TO_FIELD,Field_4,1,IDLE,,1,IDLE,,1,IDLE,,1,IDLE,,1,MOVING_TO_FIELD,Field_5,1,IDLE,,1,MOVING_TO_FIELD,Field_4,1,PROTECTING,Field_4,1,MOVING_TO_FIELD,Field_4,1,MOVING_TO_FIELD,Field_5,1,IDLE,,1,IDLE,,1,MOVING_TO_FIELD,Field_5,0,0.11,0,0,2,0,0.09,0,0,6,0,0.03,0,0,1,0,0.28,1,4,5,0,0.15,1,5,8,0,0.14,0,0,3,0,0.08,0,0,2,0,0.00,0,0,1,0,0.05,0,0,2,0,0.05,0,0,3,0,0.09,0,0,2,0,0.08,0,0,1
8,0,13,0,2,0,9,0,1,IDLE,,1,IDLE,,1,MOVING_TO_FIELD,Field_5,1,MOVING_TO_FIELD,Field_4,1,IDLE,,1,IDLE,,1,IDLE,,1,PROTECTING,Field_5,1,MOVING_TO_FIELD,Field_5,1,IDLE,,1,MOVING_TO_FIELD,Field_4,1,IDLE,,1,IDLE,,1,IDLE,,1,IDLE,,1,MOVING_TO_FIELD,Field_5,1,IDLE,,1,MOVING_TO_FIELD,Field_4,1,PROTECTING,Field_4,1,MOVING_TO_FIELD,Field_4,1,MOVING_TO_FIELD,Field_5,1,IDLE,,1,IDLE,,1,MOVING_TO_FIELD,Field_5,0,0.11,0,0,2,0,0.09,0,0,6,0,0.03,0,0,1,0,0.28,1,4,5,0,0.16,1,5,8,0,0.14,0,0,3,0,0.09,0,0,2,0,0.02,0,0,1,0,0.04,0,0,2,0,0.07,0,0,3,0,0.11,0,0,2,0,0.08,0,0,1
9,0,13,0,2,0,9,0,1,IDLE,,1,IDLE,,1,MOVING_TO_FIELD,Field_5,1,MOVING_TO_FIELD,Field_4,1,IDLE,,1,IDLE,,1,IDLE,,1,PROTECTING,Field_5,1,MOVING_TO_FIELD,Field_5,1,IDLE,,1,MOVING_TO_FIELD,Field_4,1,IDLE,,1,IDLE,,1,IDLE,,1,IDLE,,1,MOVING_TO_FIELD,Field_5,1,IDLE,,1,MOVING_TO_FIELD,Field_4,1,PROTECTING,Field_4,1,MOVING_TO_FIELD,Field_4,1,MOVING_TO_FIELD,Field_5,1,IDLE,,1,IDLE,,1,MOVING_TO_FIELD,Field_5,0,0.11,0,0,2,0,0.11,0,0,6,0,0.04,0,0,1,0,0.28,1,4,5,0,0.17,1,5,8,0,0.15,0,0,3,0,0.09,0,0,2,0,0.02,0,0,1,0,0.05,0,0,2,0,0.07,0,0,3,0,0.12,0,0,2,0,0.10,0,0,1
10,0,13,0,3,0,8,0,1,IDLE,,1,IDLE,,1,MOVING_TO_FIELD,Field_5,1,PROTECTING,Field_4,1,IDLE,,1,IDLE,,1,IDLE,,1,PROTECTING,Field_5,1,MOVING_TO_FIELD,Field_5,1,IDLE,,1,MOVING_TO_FIELD,Field_4,1,IDLE,,1,IDLE,,1,IDLE,,1,IDLE,,1,MOVING_TO_FIELD,Field_5,1,IDLE,,1,MOVING_TO_FIELD,Field_4,1,PROTECTING,Field_4,1,MOVING_TO_FIELD,Field_4,1,MOVING_TO_FIELD,Field_5,1,IDLE,,1,IDLE,,1,MOVING_TO_FIELD,Field_5,0,0.11,0,0,2,0,0.11,0,0,6,0,0.05,0,0,1,0,0.30,2,3,4,0,0.16,1,5,8,0,0.15,0,0,3,0,0.10,0,0,2,0,0.07,0,0,1,0,0.05,0,0,2,0,0.08,0,0,3,0,0.12,0,0,2,0,0.10,0,0,1
11,0,13,0,4,0,7,0,1,IDLE,,1,IDLE,,1,PROTECTING,Field_5,1,PROTECTING,Field_4,1,IDLE,,1,IDLE,,1,IDLE,,1,PROTECTING,Field_5,1,MOVING_TO_FIELD,Field_5,1,IDLE,,1,MOVING_TO_FIELD,Field_4,1,IDLE,,1,IDLE,,1,IDLE,,1,IDLE,,1,MOVING_TO_FIELD,Field_5,1,IDLE,,1,MOVING_TO_FIELD,Field_4,1,PROTECTING,Field_4,1,MOVING_TO_FIELD,Field_4,1,MOVING_TO_FIELD,Field_5,1,IDLE,,1,IDLE,,1,MOVING_TO_FIELD,Field_5,0,0.13,0,0,2,0,0.12,0,0,6,0,0.05,0,0,1,0,0.31,2,3,4,0,0.16,2,4,7,0,0.15,0,0,3,0,0.09,0,0,2,0,0.07,0,0,1,0,0.05,0,0,2,0,0.10,0,0,3,0,0.12,0,0,2,0,0.13,0,0,1
12,0,13,0,4,0,7,0,1,IDLE,,1,IDLE,,1,PROTECTING,Field_5,1,PROTECTING,Field_4,1,IDLE,,1,IDLE,,1,IDLE,,1,PROTECTING,Field_5,1,MOVING_TO_FIELD,Field_5,1,IDLE,,1,MOVING_TO_FIELD,Field_4,1,IDLE,,1,IDLE,,1,IDLE,,1,IDLE,,1,MOVING_TO_FIELD,Field_5,1,IDLE,,1,MOVING_TO_FIELD,Field_4,1,PROTECTING,Field_4,1,MOVING_TO_FIELD,Field_4,1,MOVING_TO_FIELD,Field_5,1,IDLE,,1,IDLE,,1,MOVING_TO_FIELD,Field_5,0,0.13,0,0,2,0,0.12,0,0,6,0,0.05,0,0,1,0,0.35,2,3,4,0,0.20,2,4,7,0,0.16,0,0,3,0,0.08,0,0,2,0,0.07,0,0,1,0,0.05,0,0,2,0,0.10,0,0,3,0,0.16,0,0,2,0,0.13,0,0,1
13,0,13,0,5,0,6,0,1,IDLE,,1,IDLE,,1,PROTECTING,Field_5,1,PROTECTING,Field_4,1,IDLE,,1,IDLE,,1,IDLE,,1,PROTECTING,Field_5,1,MOVING_TO_FIELD,Field_5,1,IDLE,,1,MOVING_TO_FIELD,Field_4,1,IDLE,,1,IDLE,,1,IDLE,,1,IDLE,,1,MOVING_TO_FIELD,Field_5,1,IDLE,,1,MOVING_TO_FIELD,Field_4,1,PROTECTING,Field_4,1,MOVING_TO_FIELD,Field_4,1,PROTECTING,Field_5,1,IDLE,,1,IDLE,,1,MOVING_TO_FIELD,Field_5,0,0.11,0,0,2,0,0.12,0,0,6,0,0.07,0,0,1,0,0.36,2,3,4,0,0.24,3,3,6,0,0.16,0,0,3,0,0.10,0,0,2,0,0.10,0,0,1,0,0.05,0,0,2,0,0.11,0,0,3,0,0.18,0,0,2,0,0.13,0,0,1
14,1,13,0,6,0,5,0,1,IDLE,,1,IDLE,,1,PROTECTING,Field_5,1,PROTECTING,Field_4,1,IDLE,,1,IDLE,,1,IDLE,,1,PROTECTING,Field_5,1,MOVING_TO_FIELD,Field_5,1,IDLE,,1,MOVING_TO_FIELD,Field_4,1,IDLE,,1,IDLE,,1,IDLE,,1,IDLE,,1,PROTECTING,Field_5,1,IDLE,,1,MOVING_TO_FIELD,Field_4,1,PROTECTING,Field_4,1,MOVING_TO_FIELD,Field_4,1,PROTECTING,Field_5,1,IDLE,,1,IDLE,,1,MOVING_TO_FIELD,Field_5,0,0.11,0,0,2,0,0.12,0,0,6,0,0.07,0,0,1,0,0.38,2,3,4,0,0.24,4,2,5,0,0.18,0,0,3,0,0.11,0,0,2,0,0.10,0,0,1,0,0.03,0,0,2,0,0.11,0,0,3,0,0.18,0,0,2,1,0.13,0,0,1
15,3,13,0,8,0,3,0,1,IDLE,,1,IDLE,,1,PROTECTING,Field_5,1,PROTECTING,Field_4,1,IDLE,,1,IDLE,,1,IDLE,,1,PROTECTING,Field_5,1,MOVING_TO_FIELD,Field_5,1,IDLE,,1,MOVING_TO_FIELD,Field_4,1,IDLE,,1,IDLE,,1,IDLE,,1,IDLE,,1,PROTECTING,Field_5,1,IDLE,,1,PROTECTING,Field_4,1,PROTECTING,Field_4,1,PROTECTING,Field_4,1,PROTECTING,Field_5,1,IDLE,,1,IDLE,,1,MOVING_TO_FIELD,Field_5,0,0.13,0,0,2,0,0.12,0,0,6,1,0.08,0,0,1,0,0.41,4,1,2,0,0.26,4,2,5,0,0.19,0,0,3,1,0.13,0,0,2,0,0.10,0,0,1,0,0.03,0,0,2,0,0.13,0,0,3,0,0.21,0,0,2,1,0.13,0,0,1
16,5,13,0,8,0,3,0,1,IDLE,,1,IDLE,,1,PROTECTING,Field_5,1,PROTECTING,Field_4,1,IDLE,,1,IDLE,,1,IDLE,,1,PROTECTING,Field_5,1,MOVING_TO_FIELD,Field_5,1,IDLE,,1,MOVING_TO_FIELD,Field_4,1,IDLE,,1,IDLE,,1,IDLE,,1,IDLE,,1,PROTECTING,Field_5,1,IDLE,,1,PROTECTING,Field_4,1,PROTECTING,Field_4,1,PROTECTING,Field_4,1,PROTECTING,Field_5,1,IDLE,,1,IDLE,,1,MOVING_TO_FIELD,Field_5,0,0.13,0,0,2,0,0.12,0,0,6,1,0.11,0,0,1,0,0.42,4,1,2,0,0.25,4,2,5,0,0.19,0,0,3,1,0.14,0,0,2,0,0.10,0,0,1,0,0.04,0,0,2,0,0.15,0,0,3,2,0.21,0,0,2,1,0.13,0,0,1
17,6,13,0,8,0,3,0,1,IDLE,,1,IDLE,,1,PROTECTING,Field_5,1,PROTECTING,Field_4,1,IDLE,,1,IDLE,,1,IDLE,,1,PROTECTING,Field_5,1,MOVING_TO_FIELD,Field_5,1,IDLE,,1,MOVING_TO_FIELD,Field_4,1,IDLE,,1,IDLE,,1,IDLE,,1,IDLE,,1,PROTECTING,Field_5,1,IDLE,,1,PROTECTING,Field_4,1,PROTECTING,Field_4,1,PROTECTING,Field_4,1,PROTECTING,Field_5,1,IDLE,,1,IDLE,,1,MOVING_TO_FIELD,Field_5,0,0.15,0,0,2,0,0.12,0,0,6,1,0.13,0,0,1,0,0.41,4,1,2,0,0.25,4,2,5,0,0.19,0,0,3,2,0.15,0,0,2,0,0.10,0,0,1,0,0.04,0,0,2,0,0.20,0,0,3,2,0.21,0,0,2,1,0.13,0,0,1
18,9,13,0,8,0,3,0,1,IDLE,,1,IDLE,,1,PROTECTING,Field_5,1,PROTECTING,Field_4,1,IDLE,,1,IDLE,,1,IDLE,,1,PROTECTING,Field_5,1,MOVING_TO_FIELD,Field_5,1,IDLE,,1,MOVING_TO_FIELD,Field_4,1,IDLE,,1,IDLE,,1,IDLE,,1,IDLE,,1,PROTECTING,Field_5,1,IDLE,,1,PROTECTING,Field_4,1,PROTECTING,Field_4,1,PROTECTING,Field_4,1,PROTECTING,Field_5,1,IDLE,,1,IDLE,,1,MOVING_TO_FIELD,Field_5,0,0.16,0,0,2,0,0.12,0,0,6,2,0.13,0,0,1,0,0.41,4,1,2,0,0.27,4,2,5,0,0.19,0,0,3,2,0.15,0,0,2,0,0.10,0,0,1,0,0.04,0,0,2,0,0.20,0,0,3,3,0.23,0,0,2,2,0.13,0,0,1
19,13,13,0,9,0,2,0,1,IDLE,,1,IDLE,,1,PROTECTING,Field_5,1,PROTECTING,Field_4,1,IDLE,,1,IDLE,,1,IDLE,,1,PROTECTING,Field_5,1,MOVING_TO_FIELD,Field_5,1,IDLE,,1,MOVING_TO_FIELD,Field_4,1,IDLE,,1,IDLE,,1,IDLE,,1,IDLE,,1,PROTECTING,Field_5,1,IDLE,,1,PROTECTING,Field_4,1,PROTECTING,Field_4,1,PROTECTING,Field_4,1,PROTECTING,Field_5,1,IDLE,,1,IDLE,,1,PROTECTING,Field_5,1,0.18,0,0,2,0,0.12,0,0,6,2,0.13,0,0,1,0,0.41,4,1,2,0,0.27,5,1,4,0,0.19,0,0,3,2,0.14,0,0,2,0,0.10,0,0,1,0,0.04,0,0,2,0,0.20,0,0,3,5,0.23,0,0,2,3,0.13,0,0,1
20,18,13,0,10,0,1,0,1,IDLE,,1,IDLE,,1,PROTECTING,Field_5,1,PROTECTING,Field_4,1,IDLE,,1,IDLE,,1,IDLE,,1,PROTECTING,Field_5,1,MOVING_TO_FIELD,Field_5,1,IDLE,,1,PROTECTING,Field_4,1,IDLE,,1,IDLE,,1,IDLE,,1,IDLE,,1,PROTECTING,Field_5,1,IDLE,,1,PROTECTING,Field_4,1,PROTECTING,Field_4,1,PROTECTING,Field_4,1,PROTECTING,Field_5,1,IDLE,,1,IDLE,,1,PROTECTING,Field_5,2,0.19,0,0,2,0,0.13,0,0,6,3,0.13,0,0,1,0,0.38,5,0,1,0,0.27,5,1,4,1,0.20,0,0,3,3,0.14,0,0,2,0,0.07,0,0,1,0,0.02,0,0,2,0,0.20,0,0,3,6,0.25,0,0,2,3,0.15,0,0,1
21,19,13,0,9,0,2,0,1,IDLE,,1,IDLE,,1,MOVING_TO_FIELD,Field_4,1,PROTECTING,Field_4,1,IDLE,,1,IDLE,,1,IDLE,,1,PROTECTING,Field_5,1,MOVING_TO_FIELD,Field_5,1,IDLE,,1,PROTECTING,Field_4,1,IDLE,,1,IDLE,,1,IDLE,,1,IDLE,,1,PROTECTING,Field_5,1,IDLE,,1,PROTECTING,Field_4,1,PROTECTING,Field_4,1,PROTECTING,Field_4,1,PROTECTING,Field_5,1,IDLE,,1,IDLE,,1,PROTECTING,Field_5,2,0.18,0,0,2,0,0.14,0,0,6,3,0.13,0,0,1,0,0.39,5,1,1,0,0.27,4,1,5,2,0.20,0,0,3,3,0.16,0,0,2,0,0.07,0,0,1,0,0.02,0,0,2,0,0.18,0,0,3,6,0.27,0,0,2,3,0.15,0,0,1
22,23,13,0,9,0,2,0,1,IDLE,,1,IDLE,,1,MOVING_TO_FIELD,Field_4,1,PROTECTING,Field_4,1,IDLE,,1,IDLE,,1,IDLE,,1,PROTECTING,Field_5,1,MOVING_TO_FIELD,Field_5,1,IDLE,,1,PROTECTING,Field_4,1,IDLE,,1,IDLE,,1,IDLE,,1,IDLE,,1,PROTECTING,Field_5,1,IDLE,,1,PROTECTING,Field_4,1,PROTECTING,Field_4,1,PROTECTING,Field_4,1,PROTECTING,Field_5,1,IDLE,,1,IDLE,,1,PROTECTING,Field_5,2,0.18,0,0,2,0,0.14,0,0,6,5,0.12,0,0,1,0,0.42,5,1,1,0,0.28,4,1,5,2,0.20,0,0,3,4,0.16,0,0,2,0,0.07,0,0,1,0,0.02,0,0,2,0,0.20,0,0,3,7,0.29,0,0,2,3,0.15,0,0,1
23,29,13,0,9,0,2,0,1,IDLE,,1,IDLE,,1,MOVING_TO_FIELD,Field_4,1,PROTECTING,Field_4,1,IDLE,,1,IDLE,,1,IDLE,,1,PROTECTING,Field_5,1,MOVING_TO_FIELD,Field_5,1,IDLE,,1,PROTECTING,Field_4,1,IDLE,,1,IDLE,,1,IDLE,,1,IDLE,,1,PROTECTING,Field_5,1,IDLE,,1,PROTECTING,Field_4,1,PROTECTING,Field_4,1,PROTECTING,Field_4,1,PROTECTING,Field_5,1,IDLE,,1,IDLE,,1,PROTECTING,Field_5,4,0.18,0,0,2,0,0.14,0,0,6,6,0.11,0,0,1,0,0.43,5,1,1,0,0.28,4,1,5,2,0.21,0,0,3,6,0.16,0,0,2,0,0.07,0,0,1,0,0.02,0,0,2,1,0.20,0,0,3,7,0.30,0,0,2,3,0.13,0,0,1
24,41,13,0,9,0,2,0,1,IDLE,,1,IDLE,,1,MOVING_TO_FIELD,Field_4,1,PROTECTING,Field_4,1,IDLE,,1,IDLE,,1,IDLE,,1,PROTECTING,Field_5,1,MOVING_TO_FIELD,Field_5,1,IDLE,,1,PROTECTING,Field_4,1,IDLE,,1,IDLE,,1,IDLE,,1,IDLE,,1,PROTECTING,Field_5,1,IDLE,,1,PROTECTING,Field_4,1,PROTECTING,Field_4,1,PROTECTING,Field_4,1,PROTECTING,Field_5,1,IDLE,,1,IDLE,,1,PROTECTING,Field_5,4,0.16,0,0,2,0,0.15,0,0,6,6,0.11,0,0,1,0,0.46,5,1,1,0,0.29,4,1,5,5,0.21,0,0,3,12,0.16,0,0,2,0,0.07,0,0,1,0,0.02,0,0,2,2,0.20,0,0,3,8,0.34,0,0,2,4,0.13,0,0,1
25,44,13,0,9,0,2,0,1,IDLE,,1,IDLE,,1,MOVING_TO_FIELD,Field_4,1,PROTECTING,Field_4,1,IDLE,,1,IDLE,,1,IDLE,,1,PROTECTING,Field_5,1,MOVING_TO_FIELD,Field_5,1,IDLE,,1,PROTECTING,Field_4,1,IDLE,,1,IDLE,,1,IDLE,,1,IDLE,,1,PROTECTING,Field_5,1,IDLE,,1,PROTECTING,Field_4,1,PROTECTING,Field_4,1,PROTECTING,Field_4,1,PROTECTING,Field_5,1,IDLE,,1,IDLE,,1,PROTECTING,Field_5,5,0.16,0,0,2,0,0.17,0,0,6,7,0.11,0,0,1,0,0.46,5,1,1,0,0.29,4,1,5,5,0.22,0,0,3,12,0.17,0,0,2,0,0.05,0,0,1,0,0.03,0,0,2,3,0.20,0,0,3,8,0.36,0,0,2,4,0.13,0,0,1
26,49,13,0,9,0,2,0,1,IDLE,,1,IDLE,,1,MOVING_TO_FIELD,Field_4,1,PROTECTING,Field_4,1,IDLE,,1,IDLE,,1,IDLE,,1,PROTECTING,Field_5,1,MOVING_TO_FIELD,Field_5,1,IDLE,,1,PROTECTING,Field_4,1,IDLE,,1,IDLE,,1,IDLE,,1,IDLE,,1,PROTECTING,Field_5,1,IDLE,,1,PROTECTING,Field_4,1,PROTECTING,Field_4,1,PROTECTING,Field_4,1,PROTECTING,Field_5,1,IDLE,,1,IDLE,,1,PROTECTING,Field_5,6,0.18,0,0,2,0,0.16,0,0,6,7,0.11,0,0,1,0,0.45,5,1,1,1,0.33,4,1,5,6,0.24,0,0,3,12,0.17,0,0,2,0,0.05,0,0,1,0,0.04,0,0,2,4,0.20,0,0,3,9,0.36,0,0,2,4,0.13,0,0,1
27,52,13,0,9,0,2,0,1,IDLE,,1,IDLE,,1,MOVING_TO_FIELD,Field_4,1,PROTECTING,Field_4,1,IDLE,,1,IDLE,,1,IDLE,,1,PROTECTING,Field_5,1,MOVING_TO_FIELD,Field_5,1,IDLE,,1,PROTECTING,Field_4,1,IDLE,,1,IDLE,,1,IDLE,,1,IDLE,,1,PROTECTING,Field_5,1,IDLE,,1,PROTECTING,Field_4,1,PROTECTING,Field_4,1,PROTECTING,Field_4,1,PROTECTING,Field_5,1,IDLE,,1,IDLE,,1,PROTECTING,Field_5,6,0.18,0,0,2,0,0.17,0,0,6,8,0.11,0,0,1,0,0.45,5,1,1,1,0.32,4,1,5,6,0.25,0,0,3,12,0.17,0,0,2,0,0.07,0,0,1,0,0.04,0,0,2,4,0.21,0,0,3,10,0.34,0,0,2,5,0.13,0,0,1
28,57,13,0,9,0,2,0,1,IDLE,,1,IDLE,,1,MOVING_TO_FIELD,Field_4,1,PROTECTING,Field_4,1,IDLE,,1,IDLE,,1,IDLE,,1,PROTECTING,Field_5,1,MOVING_TO_FIELD,Field_5,1,IDLE,,1,PROTECTING,Field_4,1,IDLE,,1,IDLE,,1,IDLE,,1,IDLE,,1,PROTECTING,Field_5,1,IDLE,,1,PROTECTING,Field_4,1,PROTECTING,Field_4,1,PROTECTING,Field_4,1,PROTECTING,Field_5,1,IDLE,,1,IDLE,,1,PROTECTING,Field_5,6,0.18,0,0,2,0,0.17,0,0,6,10,0.11,0,0,1,0,0.43,5,1,1,1,0.34,4,1,5,8,0.25,0,0,3,12,0.17,0,0,2,0,0.07,0,0,1,0,0.05,0,0,2,4,0.21,0,0,3,11,0.34,0,0,2,5,0.13,0,0,1
29,60,13,0,9,0,2,0,1,IDLE,,1,IDLE,,1,MOVING_TO_FIELD,Field_4,1,PROTECTING,Field_4,1,IDLE,,1,IDLE,,1,IDLE,,1,PROTECTING,Field_5,1,MOVING_TO_FIELD,Field_5,1,IDLE,,1,PROTECTING,Field_4,1,IDLE,,1,IDLE,,1,IDLE,,1,IDLE,,1,PROTECTING,Field_5,1,IDLE,,1,PROTECTING,Field_4,1,PROTECTING,Field_4,1,PROTECTING,Field_4,1,PROTECTING,Field_5,1,IDLE,,1,IDLE,,1,PROTECTING,Field_5,6,0.21,0,0,2,0,0.17,0,0,6,10,0.11,0,0,1,0,0.43,5,1,1,1,0.34,4,1,5,9,0.25,0,0,3,12,0.18,0,0,2,0,0.07,0,0,1,0,0.05,0,0,2,5,0.21,0,0,3,12,0.34,0,0,2,5,0.13,0,0,1
30,70,13,0,9,0,2,0,1,IDLE,,1,IDLE,,1,MOVING_TO_FIELD,Field_4,1,PROTECTING,Field_4,1,IDLE,,1,IDLE,,1,IDLE,,1,PROTECTING,Field_5,1,MOVING_TO_FIELD,Field_5,1,IDLE,,1,PROTECTING,Field_4,1,IDLE,,1,IDLE,,1,IDLE,,1,IDLE,,1,PROTECTING,Field_5,1,IDLE,,1,PROTECTING,Field_4,1,PROTECTING,Field_4,1,PROTECTING,Field_4,1,PROTECTING,Field_5,1,IDLE,,1,IDLE,,1,PROTECTING,Field_5,8,0.19,0,0,2,1,0.17,0,0,6,10,0.11,0,0,1,2,0.45,5,1,1,1,0.35,4,1,5,11,0.25,0,0,3,12,0.17,0,0,2,0,0.07,0,0,1,0,0.05,0,0,2,5,0.21,0,0,3,14,0.38,0,0,2,6,0.10,0,0,1
31,74,12,0,9,0,3,0,1,IDLE,,1,IDLE,,1,MOVING_TO_FIELD,Field_4,1,PROTECTING,Field_4,1,IDLE,,1,IDLE,,1,IDLE,,1,PROTECTING,Field_5,1,MOVING_TO_FIELD,Field_5,1,MOVING_TO_FIELD,Field_4,1,PROTECTING,Field_4,1,IDLE,,1,IDLE,,1,IDLE,,1,IDLE,,1,PROTECTING,Field_5,1,IDLE,,1,PROTECTING,Field_4,1,PROTECTING,Field_4,1,PROTECTING,Field_4,1,PROTECTING,Field_5,1,IDLE,,1,IDLE,,1,PROTECTING,Field_5,8,0.19,0,0,2,1,0.17,0,0,6,10,0.11,0,0,1,2,0.43,5,2,1,1,0.37,4,1,5,11,0.25,0,0,3,12,0.18,0,0,2,0,0.07,0,0,1,0,0.05,0,0,2,6,0.23,0,0,3,17,0.39,0,0,2,6,0.10,0,0,1
32,80,12,0,9,0,3,0,1,IDLE,,1,IDLE,,1,MOVING_TO_FIELD,Field_4,1,PROTECTING,Field_4,1,IDLE,,1,IDLE,,1,IDLE,,1,PROTECTING,Field_5,1,MOVING_TO_FIELD,Field_5,1,MOVING_TO_FIELD,Field_4,1,PROTECTING,Field_4,1,IDLE,,1,IDLE,,1,IDLE,,1,IDLE,,1,PROTECTING,Field_5,1,IDLE,,1,PROTECTING,Field_4,1,PROTECTING,Field_4,1,PROTECTING,Field_4,1,PROTECTING,Field_5,1,IDLE,,1,IDLE,,1,PROTECTING,Field_5,8,0.19,0,0,2,1,0.17,0,0,6,11,0.11,0,0,1,4,0.42,5,2,1,1,0.37,4,1,5,13,0.26,0,0,3,13,0.17,0,0,2,0,0.10,0,0,1,0,0.05,0,0,2,6,0.23,0,0,3,17,0.38,0,0,2,6,0.10,0,0,1
33,89,12,0,10,0,2,0,1,IDLE,,1,IDLE,,1,MOVING_TO_FIELD,Field_4,1,PROTECTING,Field_4,1,IDLE,,1,IDLE,,1,IDLE,,1,PROTECTING,Field_5,1,PROTECTING,Field_5,1,MOVING_TO_FIELD,Field_4,1,PROTECTING,Field_4,1,IDLE,,1,IDLE,,1,IDLE,,1,IDLE,,1,PROTECTING,Field_5,1,IDLE,,1,PROTECTING,Field_4,1,PROTECTING,Field_4,1,PROTECTING,Field_4,1,PROTECTING,Field_5,1,IDLE,,1,IDLE,,1,PROTECTING,Field_5,9,0.19,0,0,2,1,0.18,0,0,6,12,0.11,0,0,1,8,0.41,5,2,1,1,0.37,5,0,4,13,0.25,0,0,3,13,0.17,0,0,2,0,0.10,0,0,1,0,0.05,0,0,2,7,0.23,0,0,3,19,0.34,0,0,2,6,0.10,0,0,1
34,94,12,0,10,0,2,0,1,IDLE,,1,IDLE,,1,MOVING_TO_FIELD,Field_4,1,PROTECTING,Field_4,1,IDLE,,1,IDLE,,1,IDLE,,1,PROTECTING,Field_5,1,PROTECTING,Field_5,1,MOVING_TO_FIELD,Field_4,1,PROTECTING,Field_4,1,IDLE,,1,IDLE,,1,IDLE,,1,IDLE,,1,PROTECTING,Field_5,1,IDLE,,1,PROTECTING,Field_4,1,PROTECTING,Field_4,1,PROTECTING,Field_4,1,PROTECTING,Field_5,1,IDLE,,1,IDLE,,1,PROTECTING,Field_5,10,0.16,0,0,2,1,0.18,0,0,6,12,0.09,0,0,1,9,0.41,5,2,1,1,0.37,5,0,4,14,0.24,0,0,3,14,0.17,0,0,2,0,0.10,0,0,1,0,0.05,0,0,2,8,0.21,0,0,3,19,0.29,0,0,2,6,0.10,0,0,1
35,103,12,0,10,0,2,0,1,IDLE,,1,IDLE,,1,MOVING_TO_FIELD,Field_4,1,PROTECTING,Field_4,1,IDLE,,1,IDLE,,1,IDLE,,1,PROTECTING,Field_5,1,PROTECTING,Field_5,1,MOVING_TO_FIELD,Field_4,1,PROTECTING,Field_4,1,IDLE,,1,IDLE,,1,IDLE,,1,IDLE,,1,PROTECTING,Field_5,1,IDLE,,1,PROTECTING,Field_4,1,PROTECTING,Field_4,1,PROTECTING,Field_4,1,PROTECTING,Field_5,1,IDLE,,1,IDLE,,1,PROTECTING,Field_5,12,0.15,0,0,2,1,0.18,0,0,6,12,0.09,0,0,1,9,0.41,5,2,1,1,0.37,5,0,4,14,0.21,0,0,3,18,0.17,0,0,2,0,0.10,0,0,1,0,0.05,0,0,2,9,0.21,0,0,3,21,0.30,0,0,2,6,0.08,0,0,1
36,110,12,0,10,0,2,0,1,IDLE,,1,IDLE,,1,MOVING_TO_FIELD,Field_4,1,PROTECTING,Field_4,1,IDLE,,1,IDLE,,1,IDLE,,1,PROTECTING,Field_5,1,PROTECTING,Field_5,1,MOVING_TO_FIELD,Field_4,1,PROTECTING,Field_4,1,IDLE,,1,IDLE,,1,IDLE,,1,IDLE,,1,PROTECTING,Field_5,1,IDLE,,1,PROTECTING,Field_4,1,PROTECTING,Field_4,1,PROTECTING,Field_4,1,PROTECTING,Field_5,1,IDLE,,1,IDLE,,1,PROTECTING,Field_5,13,0.15,0,0,2,1,0.18,0,0,6,14,0.09,0,0,1,11,0.41,5,2,1,1,0.38,5,0,4,15,0.22,0,0,3,19,0.19,0,0,2,0,0.10,0,0,1,0,0.05,0,0,2,9,0.21,0,0,3,21,0.29,0,0,2,6,0.08,0,0,1
37,119,12,0,10,0,2,0,1,IDLE,,1,IDLE,,1,MOVING_TO_FIELD,Field_4,1,PROTECTING,Field_4,1,IDLE,,1,IDLE,,1,IDLE,,1,PROTECTING,Field_5,1,PROTECTING,Field_5,1,MOVING_TO_FIELD,Field_4,1,PROTECTING,Field_4,1,IDLE,,1,IDLE,,1,IDLE,,1,IDLE,,1,PROTECTING,Field_5,1,IDLE,,1,PROTECTING,Field_4,1,PROTECTING,Field_4,1,PROTECTING,Field_4,1,PROTECTING,Field_5,1,IDLE,,1,IDLE,,1,PROTECTING,Field_5,13,0.15,0,0,2,1,0.18,0,0,6,15,0.11,0,0,1,12,0.42,5,2,1,2,0.38,5,0,4,15,0.22,0,0,3,20,0.19,0,0,2,1,0.10,0,0,1,0,0.06,0,0,2,9,0.21,0,0,3,25,0.29,0,0,2,6,0.08,0,0,1
38,126,12,0,10,0,2,0,1,IDLE,,1,IDLE,,1,MOVING_TO_FIELD,Field_4,1,PROTECTING,Field_4,1,IDLE,,1,IDLE,,1,IDLE,,1,PROTECTING,Field_5,1,PROTECTING,Field_5,1,MOVING_TO_FIELD,Field_4,1,PROTECTING,Field_4,1,IDLE,,1,IDLE,,1,IDLE,,1,IDLE,,1,PROTECTING,Field_5,1,IDLE,,1,PROTECTING,Field_4,1,PROTECTING,Field_4,1,PROTECTING,Field_4,1,PROTECTING,Field_5,1,IDLE,,1,IDLE,,1,PROTECTING,Field_5,13,0.13,0,0,2,1,0.18,0,0,6,16,0.11,0,0,1,12,0.42,5,2,1,3,0.38,5,0,4,16,0.21,0,0,3,22,0.18,0,0,2,2,0.10,0,0,1,0,0.06,0,0,2,10,0.21,0,0,3,25,0.29,0,0,2,6,0.08,0,0,1
39,129,12,0,10,0,2,0,1,IDLE,,1,IDLE,,1,MOVING_TO_FIELD,Field_4,1,PROTECTING,Field_4,1,IDLE,,1,IDLE,,1,IDLE,,1,PROTECTING,Field_5,1,PROTECTING,Field_5,1,MOVING_TO_FIELD,Field_4,1,PROTECTING,Field_4,1,IDLE,,1,IDLE,,1,IDLE,,1,IDLE,,1,PROTECTING,Field_5,1,IDLE,,1,PROTECTING,Field_4,1,PROTECTING,Field_4,1,PROTECTING,Field_4,1,PROTECTING,Field_5,1,IDLE,,1,IDLE,,1,PROTECTING,Field_5,13,0.13,0,0,2,1,0.18,0,0,6,16,0.11,0,0,1,12,0.42,5,2,1,4,0.38,5,0,4,16,0.19,0,0,3,22,0.17,0,0,2,2,0.10,0,0,1,1,0.06,0,0,2,10,0.21,0,0,3,26,0.29,0,0,2,6,0.08,0,0,1
40,135,12,0,10,0,2,0,1,IDLE,,1,IDLE,,1,MOVING_TO_FIELD,Field_4,1,PROTECTING,Field_4,1,IDLE,,1,IDLE,,1,IDLE,,1,PROTECTING,Field_5,1,PROTECTING,Field_5,1,MOVING_TO_FIELD,Field_4,1,PROTECTING,Field_4,1,IDLE,,1,IDLE,,1,IDLE,,1,IDLE,,1,PROTECTING,Field_5,1,IDLE,,1,PROTECTING,Field_4,1,PROTECTING,Field_4,1,PROTECTING,Field_4,1,PROTECTING,Field_5,1,IDLE,,1,IDLE,,1,PROTECTING,Field_5,13,0.13,0,0,2,1,0.19,0,0,6,18,0.11,0,0,1,12,0.42,5,2,1,6,0.38,5,0,4,16,0.19,0,0,3,22,0.17,0,0,2,2,0.10,0,0,1,1,0.05,0,0,2,10,0.21,0,0,3,28,0.27,0,0,2,6,0.08,0,0,1
41,142,12,0,11,0,1,0,1,IDLE,,1,IDLE,,1,PROTECTING,Field_4,1,PROTECTING,Field_4,1,IDLE,,1,IDLE,,1,IDLE,,1,PROTECTING,Field_5,1,PROTECTING,Field_5,1,MOVING_TO_FIELD,Field_4,1,PROTECTING,Field_4,1,IDLE,,1,IDLE,,1,IDLE,,1,IDLE,,1,PROTECTING,Field_5,1,IDLE,,1,PROTECTING,Field_4,1,PROTECTING,Field_4,1,PROTECTING,Field_4,1,PROTECTING,Field_5,1,IDLE,,1,IDLE,,1,PROTECTING,Field_5,13,0.13,0,0,2,1,0.21,0,0,6,18,0.12,0,0,1,12,0.41,6,1,0,13,0.38,5,0,4,16,0.20,0,0,3,22,0.16,0,0,2,2,0.10,0,0,1,1,0.05,0,0,2,10,0.21,0,0,3,28,0.23,0,0,2,6,0.08,0,0,1
42,146,12,0,11,0,1,0,1,IDLE,,1,IDLE,,1,PROTECTING,Field_4,1,PROTECTING,Field_4,1,IDLE,,1,IDLE,,1,IDLE,,1,PROTECTING,Field_5,1,PROTECTING,Field_5,1,MOVING_TO_FIELD,Field_4,1,PROTECTING,Field_4,1,IDLE,,1,IDLE,,1,IDLE,,1,IDLE,,1,PROTECTING,Field_5,1,IDLE,,1,PROTECTING,Field_4,1,PROTECTING,Field_4,1,PROTECTING,Field_4,1,PROTECTING,Field_5,1,IDLE,,1,IDLE,,1,PROTECTING,Field_5,13,0.13,0,0,2,1,0.20,0,0,6,18,0.11,0,0,1,12,0.41,6,1,0,14,0.38,5,0,4,16,0.18,0,0,3,22,0.16,0,0,2,2,0.10,0,0,1,1,0.05,0,0,2,11,0.21,0,0,3,30,0.23,0,0,2,6,0.08,0,0,1
43,151,12,0,12,0,0,0,1,IDLE,,1,IDLE,,1,PROTECTING,Field_4,1,PROTECTING,Field_4,1,IDLE,,1,IDLE,,1,IDLE,,1,PROTECTING,Field_5,1,PROTECTING,Field_5,1,PROTECTING,Field_4,1,PROTECTING,Field_4,1,IDLE,,1,IDLE,,1,IDLE,,1,IDLE,,1,PROTECTING,Field_5,1,IDLE,,1,PROTECTING,Field_4,1,PROTECTING,Field_4,1,PROTECTING,Field_4,1,PROTECTING,Field_5,1,IDLE,,1,IDLE,,1,PROTECTING,Field_5,13,0.13,0,0,2,1,0.20,0,0,6,18,0.11,0,0,1,12,0.41,7,0,-1,16,0.38,5,0,4,16,0.16,0,0,3,23,0.16,0,0,2,2,0.10,0,0,1,1,0.05,0,0,2,11,0.20,0,0,3,31,0.23,0,0,2,7,0.08,0,0,1
44,153,12,0,12,0,0,0,1,IDLE,,1,IDLE,,1,PROTECTING,Field_4,1,PROTECTING,Field_4,1,IDLE,,1,IDLE,,1,IDLE,,1,PROTECTING,Field_5,1,PROTECTING,Field_5,1,PROTECTING,Field_4,1,PROTECTING,Field_4,1,IDLE,,1,IDLE,,1,IDLE,,1,IDLE,,1,PROTECTING,Field_5,1,IDLE,,1,PROTECTING,Field_4,1,PROTECTING,Field_4,1,PROTECTING,Field_4,1,PROTECTING,Field_5,1,IDLE,,1,IDLE,,1,PROTECTING,Field_5,13,0.11,0,0,2,1,0.20,0,0,6,19,0.08,0,0,1,12,0.39,7,0,-1,17,0.39,5,0,4,16,0.16,0,0,3,23,0.15,0,0,2,2,0.10,0,0,1,1,0.05,0,0,2,11,0.20,0,0,3,31,0.20,0,0,2,7,0.08,0,0,1
45,163,12,0,12,0,0,0,1,IDLE,,1,IDLE,,1,PROTECTING,Field_4,1,PROTECTING,Field_4,1,IDLE,,1,IDLE,,1,IDLE,,1,PROTECTING,Field_5,1,PROTECTING,Field_5,1,PROTECTING,Field_4,1,PROTECTING,Field_4,1,IDLE,,1,IDLE,,1,IDLE,,1,IDLE,,1,PROTECTING,Field_5,1,IDLE,,1,PROTECTING,Field_4,1,PROTECTING,Field_4,1,PROTECTING,Field_4,1,PROTECTING,Field_5,1,IDLE,,1,IDLE,,1,PROTECTING,Field_5,13,0.11,0,0,2,1,0.20,0,0,6,19,0.08,0,0,1,12,0.38,7,0,-1,23,0.40,5,0,4,16,0.16,0,0,3,23,0.16,0,0,2,3,0.10,0,0,1,1,0.04,0,0,2,12,0.20,0,0,3,33,0.18,0,0,2,7,0.08,0,0,1
46,166,12,0,12,0,0,0,1,IDLE,,1,IDLE,,1,PROTECTING,Field_4,1,PROTECTING,Field_4,1,IDLE,,1,IDLE,,1,IDLE,,1,PROTECTING,Field_5,1,PROTECTING,Field_5,1,PROTECTING,Field_4,1,PROTECTING,Field_4,1,IDLE,,1,IDLE,,1,IDLE,,1,IDLE,,1,PROTECTING,Field_5,1,IDLE,,1,PROTECTING,Field_4,1,PROTECTING,Field_4,1,PROTECTING,Field_4,1,PROTECTING,Field_5,1,IDLE,,1,IDLE,,1,PROTECTING,Field_5,13,0.11,0,0,2,1,0.20,0,0,6,19,0.08,0,0,1,12,0.38,7,0,-1,26,0.40,5,0,4,16,0.16,0,0,3,23,0.16,0,0,2,3,0.07,0,0,1,1,0.04,0,0,2,12,0.18,0,0,3,33,0.18,0,0,2,7,0.08,0,0,1
47,172,12,0,12,0,0,0,1,IDLE,,1,IDLE,,1,PROTECTING,Field_4,1,PROTECTING,Field_4,1,IDLE,,1,IDLE,,1,IDLE,,1,PROTECTING,Field_5,1,PROTECTING,Field_5,1,PROTECTING,Field_4,1,PROTECTING,Field_4,1,IDLE,,1,IDLE,,1,IDLE,,1,IDLE,,1,PROTECTING,Field_5,1,IDLE,,1,PROTECTING,Field_4,1,PROTECTING,Field_4,1,PROTECTING,Field_4,1,PROTECTING,Field_5,1,IDLE,,1,IDLE,,1,PROTECTING,Field_5,14,0.11,0,0,2,3,0.20,0,0,6,19,0.07,0,0,1,12,0.38,7,0,-1,26,0.40,5,0,4,16,0.16,0,0,3,24,0.15,0,0,2,3,0.07,0,0,1,1,0.04,0,0,2,13,0.18,0,0,3,33,0.18,0,0,2,8,0.08,0,0,1
48,173,12,0,12,0,0,0,1,IDLE,,1,IDLE,,1,PROTECTING,Field_4,1,PROTECTING,Field_4,1,IDLE,,1,IDLE,,1,IDLE,,1,PROTECTING,Field_5,1,PROTECTING,Field_5,1,PROTECTING,Field_4,1,PROTECTING,Field_4,1,IDLE,,1,IDLE,,1,IDLE,,1,IDLE,,1,PROTECTING,Field_5,1,IDLE,,1,PROTECTING,Field_4,1,PROTECTING,Field_4,1,PROTECTING,Field_4,1,PROTECTING,Field_5,1,IDLE,,1,IDLE,,1,PROTECTING,Field_5,14,0.11,0,0,2,3,0.21,0,0,6,20,0.07,0,0,1,12,0.36,7,0,-1,26,0.40,5,0,4,16,0.16,0,0,3,24,0.17,0,0,2,3,0.07,0,0,1,1,0.05,0,0,2,13,0.18,0,0,3,33,0.18,0,0,2,8,0.08,0,0,1
49,181,12,0,12,0,0,0,1,IDLE,,1,IDLE,,1,PROTECTING,Field_4,1,PROTECTING,Field_4,1,IDLE,,1,IDLE,,1,IDLE,,1,PROTECTING,Field_5,1,PROTECTING,Field_5,1,PROTECTING,Field_4,1,PROTECTING,Field_4,1,IDLE,,1,IDLE,,1,IDLE,,1,IDLE,,1,PROTECTING,Field_5,1,IDLE,,1,PROTECTING,Field_4,1,PROTECTING,Field_4,1,PROTECTING,Field_4,1,PROTECTING,Field_5,1,IDLE,,1,IDLE,,1,PROTECTING,Field_5,14,0.11,0,0,2,4,0.20,0,0,6,20,0.07,0,0,1,12,0.36,7,0,-1,30,0.40,5,0,4,16,0.16,0,0,3,27,0.18,0,0,2,3,0.07,0,0,1,1,0.05,0,0,2,13,0.18,0,0,3,33,0.16,0,0,2,8,0.08,0,0,1
50,185,12,0,12,0,0,0,1,IDLE,,1,IDLE,,1,PROTECTING,Field_4,1,PROTECTING,Field_4,1,IDLE,,1,IDLE,,1,IDLE,,1,PROTECTING,Field_5,1,PROTECTING,Field_5,1,PROTECTING,Field_4,1,PROTECTING,Field_4,1,IDLE,,1,IDLE,,1,IDLE,,1,IDLE,,1,PROTECTING,Field_5,1,IDLE,,1,PROTECTING,Field_4,1,PROTECTING,Field_4,1,PROTECTING,Field_4,1,PROTECTING,Field_5,1,IDLE,,1,IDLE,,1,PROTECTING,Field_5,14,0.11,0,0,2,7,0.20,0,0,6,20,0.05,0,0,1,12,0.36,7,0,-1,31,0.39,5,0,4,16,0.16,0,0,3,27,0.17,0,0,2,3,0.07,0,0,1,1,0.05,0,0,2,13,0.18,0,0,3,33,0.14,0,0,2,8,0.08,0,0,1
51,190,12,0,12,0,0,0,1,IDLE,,1,IDLE,,1,PROTECTING,Field_4,1,PROTECTING,Field_4,1,IDLE,,1,IDLE,,1,IDLE,,1,PROTECTING,Field_5,1,PROTECTING,Field_5,1,PROTECTING,Field_4,1,PROTECTING,Field_4,1,IDLE,,1,IDLE,,1,IDLE,,1,IDLE,,1,PROTECTING,Field_5,1,IDLE,,1,PROTECTING,Field_4,1,PROTECTING,Field_4,1,PROTECTING,Field_4,1,PROTECTING,Field_5,1,IDLE,,1,IDLE,,1,PROTECTING,Field_5,14,0.10,0,0,2,7,0.20,0,0,6,20,0.04,0,0,1,12,0.36,7,0,-1,36,0.40,5,0,4,16,0.16,0,0,3,27,0.18,0,0,2,3,0.07,0,0,1,1,0.05,0,0,2,13,0.18,0,0,3,33,0.16,0,0,2,8,0.08,0,0,1
52,195,12,0,12,0,0,0,1,IDLE,,1,IDLE,,1,PROTECTING,Field_4,1,PROTECTING,Field_4,1,IDLE,,1,IDLE,,1,IDLE,,1,PROTECTING,Field_5,1,PROTECTING,Field_5,1,PROTECTING,Field_4,1,PROTECTING,Field_4,1,IDLE,,1,IDLE,,1,IDLE,,1,IDLE,,1,PROTECTING,Field_5,1,IDLE,,1,PROTECTING,Field_4,1,PROTECTING,Field_4,1,PROTECTING,Field_4,1,PROTECTING,Field_5,1,IDLE,,1,IDLE,,1,PROTECTING,Field_5,14,0.10,0,0,2,8,0.20,0,0,6,20,0.05,0,0,1,12,0.35,7,0,-1,38,0.40,5,0,4,17,0.16,0,0,3,28,0.19,0,0,2,3,0.07,0,0,1,1,0.05,0,0,2,13,0.18,0,0,3,33,0.18,0,0,2,8,0.08,0,0,1
53,198,12,0,12,0,0,0,1,IDLE,,1,IDLE,,1,PROTECTING,Field_4,1,PROTECTING,Field_4,1,IDLE,,1,IDLE,,1,IDLE,,1,PROTECTING,Field_5,1,PROTECTING,Field_5,1,PROTECTING,Field_4,1,PROTECTING,Field_4,1,IDLE,,1,IDLE,,1,IDLE,,1,IDLE,,1,PROTECTING,Field_5,1,IDLE,,1,PROTECTING,Field_4,1,PROTECTING,Field_4,1,PROTECTING,Field_4,1,PROTECTING,Field_5,1,IDLE,,1,IDLE,,1,PROTECTING,Field_5,14,0.08,0,0,2,9,0.20,0,0,6,20,0.05,0,0,1,12,0.35,7,0,-1,40,0.40,5,0,4,17,0.16,0,0,3,28,0.19,0,0,2,3,0.07,0,0,1,1,0.05,0,0,2,13,0.16,0,0,3,33,0.18,0,0,2,8,0.08,0,0,1
54,200,12,0,12,0,0,0,1,IDLE,,1,IDLE,,1,PROTECTING,Field_4,1,PROTECTING,Field_4,1,IDLE,,1,IDLE,,1,IDLE,,1,PROTECTING,Field_5,1,PROTECTING,Field_5,1,PROTECTING,Field_4,1,PROTECTING,Field_4,1,IDLE,,1,IDLE,,1,IDLE,,1,IDLE,,1,PROTECTING,Field_5,1,IDLE,,1,PROTECTING,Field_4,1,PROTECTING,Field_4,1,PROTECTING,Field_4,1,PROTECTING,Field_5,1,IDLE,,1,IDLE,,1,PROTECTING,Field_5,14,0.08,0,0,2,9,0.19,0,0,6,20,0.05,0,0,1,12,0.35,7,0,-1,40,0.40,5,0,4,18,0.14,0,0,3,29,0.18,0,0,2,3,0.07,0,0,1,1,0.05,0,0,2,13,0.16,0,0,3,33,0.18,0,0,2,8,0.05,0,0,1
55,200,12,0,12,0,0,0,1,IDLE,,1,IDLE,,1,PROTECTING,Field_4,1,PROTECTING,Field_4,1,IDLE,,1,IDLE,,1,IDLE,,1,PROTECTING,Field_5,1,PROTECTING,Field_5,1,PROTECTING,Field_4,1,PROTECTING,Field_4,1,IDLE,,1,IDLE,,1,IDLE,,1,IDLE,,1,PROTECTING,Field_5,1,IDLE,,1,PROTECTING,Field_4,1,PROTECTING,Field_4,1,PROTECTING,Field_4,1,PROTECTING,Field_5,1,IDLE,,1,IDLE,,1,PROTECTING,Field_5,14,0.08,0,0,2,9,0.18,0,0,6,20,0.07,0,0,1,12,0.34,7,0,-1,40,0.40,5,0,4,18,0.14,0,0,3,29,0.19,0,0,2,3,0.07,0,0,1,1,0.05,0,0,2,13,0.15,0,0,3,33,0.18,0,0,2,8,0.05,0,0,1
56,205,12,0,12,0,0,0,1,IDLE,,1,IDLE,,1,PROTECTING,Field_4,1,PROTECTING,Field_4,1,IDLE,,1,IDLE,,1,IDLE,,1,PROTECTING,Field_5,1,PROTECTING,Field_5,1,PROTECTING,Field_4,1,PROTECTING,Field_4,1,IDLE,,1,IDLE,,1,IDLE,,1,IDLE,,1,PROTECTING,Field_5,1,IDLE,,1,PROTECTING,Field_4,1,PROTECTING,Field_4,1,PROTECTING,Field_4,1,PROTECTING,Field_5,1,IDLE,,1,IDLE,,1,PROTECTING,Field_5,14,0.08,0,0,2,9,0.18,0,0,6,20,0.05,0,0,1,12,0.32,7,0,-1,42,0.40,5,0,4,20,0.14,0,0,3,30,0.18,0,0,2,3,0.07,0,0,1,1,0.05,0,0,2,13,0.15,0,0,3,33,0.16,0,0,2,8,0.05,0,0,1
57,210,12,0,12,0,0,0,1,IDLE,,1,IDLE,,1,PROTECTING,Field_4,1,PROTECTING,Field_4,1,IDLE,,1,IDLE,,1,IDLE,,1,PROTECTING,Field_5,1,PROTECTING,Field_5,1,PROTECTING,Field_4,1,PROTECTING,Field_4,1,IDLE,,1,IDLE,,1,IDLE,,1,IDLE,,1,PROTECTING,Field_5,1,IDLE,,1,PROTECTING,Field_4,1,PROTECTING,Field_4,1,PROTECTING,Field_4,1,PROTECTING,Field_5,1,IDLE,,1,IDLE,,1,PROTECTING,Field_5,14,0.06,0,0,2,9,0.18,0,0,6,20,0.05,0,0,1,12,0.31,7,0,-1,46,0.40,5,0,4,20,0.13,0,0,3,30,0.17,0,0,2,3,0.07,0,0,1,1,0.05,0,0,2,13,0.15,0,0,3,34,0.14,0,0,2,8,0.05,0,0,1
58,212,12,0,12,0,0,0,1,IDLE,,1,IDLE,,1,PROTECTING,Field_4,1,PROTECTING,Field_4,1,IDLE,,1,IDLE,,1,IDLE,,1,PROTECTING,Field_5,1,PROTECTING,Field_5,1,PROTECTING,Field_4,1,PROTECTING,Field_4,1,IDLE,,1,IDLE,,1,IDLE,,1,IDLE,,1,PROTECTING,Field_5,1,IDLE,,1,PROTECTING,Field_4,1,PROTECTING,Field_4,1,PROTECTING,Field_4,1,PROTECTING,Field_5,1,IDLE,,1,IDLE,,1,PROTECTING,Field_5,14,0.05,0,0,2,9,0.18,0,0,6,20,0.05,0,0,1,12,0.30,7,0,-1,47,0.40,5,0,4,20,0.12,0,0,3,31,0.18,0,0,2,3,0.07,0,0,1,1,0.05,0,0,2,13,0.15,0,0,3,34,0.14,0,0,2,8,0.05,0,0,1
59,213,12,0,12,0,0,0,1,IDLE,,1,IDLE,,1,PROTECTING,Field_4,1,PROTECTING,Field_4,1,IDLE,,1,IDLE,,1,IDLE,,1,PROTECTING,Field_5,1,PROTECTING,Field_5,1,PROTECTING,Field_4,1,PROTECTING,Field_4,1,IDLE,,1,IDLE,,1,IDLE,,1,IDLE,,1,PROTECTING,Field_5,1,IDLE,,1,PROTECTING,Field_4,1,PROTECTING,Field_4,1,PROTECTING,Field_4,1,PROTECTING,Field_5,1,IDLE,,1,IDLE,,1,PROTECTING,Field_5,14,0.05,0,0,2,9,0.18,0,0,6,20,0.05,0,0,1,12,0.27,7,0,-1,47,0.40,5,0,4,20,0.12,0,0,3,31,0.17,0,0,2,4,0.07,0,0,1,1,0.06,0,0,2,13,0.15,0,0,3,34,0.11,0,0,2,8,0.05,0,0,1
60,219,12,0,12,0,0,0,1,IDLE,,1,IDLE,,1,PROTECTING,Field_4,1,PROTECTING,Field_4,1,IDLE,,1,IDLE,,1,IDLE,,1,PROTECTING,Field_5,1,PROTECTING,Field_5,1,PROTECTING,Field_4,1,PROTECTING,Field_4,1,IDLE,,1,IDLE,,1,IDLE,,1,IDLE,,1,PROTECTING,Field_5,1,IDLE,,1,PROTECTING,Field_4,1,PROTECTING,Field_4,1,PROTECTING,Field_4,1,PROTECTING,Field_5,1,IDLE,,1,IDLE,,1,PROTECTING,Field_5,14,0.05,0,0,2,9,0.18,0,0,6,20,0.05,0,0,1,12,0.22,7,0,-1,52,0.39,5,0,4,20,0.12,0,0,3,32,0.16,0,0,2,4,0.07,0,0,1,1,0.06,0,0,2,13,0.15,0,0,3,34,0.11,0,0,2,8,0.05,0,0,1
61,222,8,0,12,0,4,0,1,MOVING_TO_FIELD,Field_5,1,MOVING_TO_FIELD,Field_5,1,PROTECTING,Field_4,1,PROTECTING,Field_4,1,MOVING_TO_FIELD,Field_5,1,IDLE,,1,IDLE,,1,PROTECTING,Field_5,1,PROTECTING,Field_5,1,PROTECTING,Field_4,1,PROTECTING,Field_4,1,MOVING_TO_FIELD,Field_5,1,IDLE,,1,IDLE,,1,IDLE,,1,PROTECTING,Field_5,1,IDLE,,1,PROTECTING,Field_4,1,PROTECTING,Field_4,1,PROTECTING,Field_4,1,PROTECTING,Field_5,1,IDLE,,1,IDLE,,1,PROTECTING,Field_5,14,0.05,0,0,2,9,0.17,0,0,6,20,0.05,0,0,1,12,0.19,7,0,-1,54,0.39,5,4,4,20,0.12,0,0,3,32,0.15,0,0,2,4,0.07,0,0,1,1,0.06,0,0,2,14,0.15,0,0,3,34,0.09,0,0,2,8,0.05,0,0,1
62,223,8,0,12,0,4,0,1,MOVING_TO_FIELD,Field_5,1,MOVING_TO_FIELD,Field_5,1,PROTECTING,Field_4,1,PROTECTING,Field_4,1,MOVING_TO_FIELD,Field_5,1,IDLE,,1,IDLE,,1,PROTECTING,Field_5,1,PROTECTING,Field_5,1,PROTECTING,Field_4,1,PROTECTING,Field_4,1,MOVING_TO_FIELD,Field_5,1,IDLE,,1,IDLE,,1,IDLE,,1,PROTECTING,Field_5,1,IDLE,,1,PROTECTING,Field_4,1,PROTECTING,Field_4,1,PROTECTING,Field_4,1,PROTECTING,Field_5,1,IDLE,,1,IDLE,,1,PROTECTING,Field_5,14,0.05,0,0,2,9,0.16,0,0,6,20,0.04,0,0,1,12,0.18,7,0,-1,55,0.39,5,4,4,20,0.12,0,0,3,32,0.14,0,0,2,4,0.07,0,0,1,1,0.05,0,0,2,14,0.15,0,0,3,34,0.09,0,0,2,8,0.05,0,0,1
63,227,8,0,12,0,4,0,1,MOVING_TO_FIELD,Field_5,1,MOVING_TO_FIELD,Field_5,1,PROTECTING,Field_4,1,PROTECTING,Field_4,1,MOVING_TO_FIELD,Field_5,1,IDLE,,1,IDLE,,1,PROTECTING,Field_5,1,PROTECTING,Field_5,1,PROTECTING,Field_4,1,PROTECTING,Field_4,1,MOVING_TO_FIELD,Field_5,1,IDLE,,1,IDLE,,1,IDLE,,1,PROTECTING,Field_5,1,IDLE,,1,PROTECTING,Field_4,1,PROTECTING,Field_4,1,PROTECTING,Field_4,1,PROTECTING,Field_5,1,IDLE,,1,IDLE,,1,PROTECTING,Field_5,14,0.05,0,0,2,9,0.15,0,0,6,20,0.04,0,0,1,12,0.15,7,0,-1,58,0.40,5,4,4,20,0.12,0,0,3,32,0.15,0,0,2,5,0.10,0,0,1,1,0.04,0,0,2,14,0.15,0,0,3,34,0.11,0,0,2,8,0.05,0,0,1
64,228,8,0,12,0,4,0,1,MOVING_TO_FIELD,Field_5,1,MOVING_TO_FIELD,Field_5,1,PROTECTING,Field_4,1,PROTECTING,Field_4,1,MOVING_TO_FIELD,Field_5,1,IDLE,,1,IDLE,,1,PROTECTING,Field_5,1,PROTECTING,Field_5,1,PROTECTING,Field_4,1,PROTECTING,Field_4,1,MOVING_TO_FIELD,Field_5,1,IDLE,,1,IDLE,,1,IDLE,,1,PROTECTING,Field_5,1,IDLE,,1,PROTECTING,Field_4,1,PROTECTING,Field_4,1,PROTECTING,Field_4,1,PROTECTING,Field_5,1,IDLE,,1,IDLE,,1,PROTECTING,Field_5,14,0.05,0,0,2,9,0.15,0,0,6,20,0.04,0,0,1,12,0.11,7,0,-1,59,0.39,5,4,4,20,0.13,0,0,3,32,0.16,0,0,2,5,0.10,0,0,1,1,0.04,0,0,2,14,0.15,0,0,3,34,0.09,0,0,2,8,0.05,0,0,1
65,230,8,0,12,0,4,0,1,MOVING_TO_FIELD,Field_5,1,MOVING_TO_FIELD,Field_5,1,PROTECTING,Field_4,1,PROTECTING,Field_4,1,MOVING_TO_FIELD,Field_5,1,IDLE,,1,IDLE,,1,PROTECTING,Field_5,1,PROTECTING,Field_5,1,PROTECTING,Field_4,1,PROTECTING,Field_4,1,MOVING_TO_FIELD,Field_5,1,IDLE,,1,IDLE,,1,IDLE,,1,PROTECTING,Field_5,1,IDLE,,1,PROTECTING,Field_4,1,PROTECTING,Field_4,1,PROTECTING,Field_4,1,PROTECTING,Field_5,1,IDLE,,1,IDLE,,1,PROTECTING,Field_5,14,0.03,0,0,2,9,0.15,0,0,6,20,0.03,0,0,1,12,0.11,7,0,-1,61,0.40,5,4,4,20,0.12,0,0,3,32,0.16,0,0,2,5,0.10,0,0,1,1,0.04,0,0,2,14,0.15,0,0,3,34,0.09,0,0,2,8,0.05,0,0,1
66,232,8,0,12,0,4,0,1,MOVING_TO_FIELD,Field_5,1,MOVING_TO_FIELD,Field_5,1,PROTECTING,Field_4,1,PROTECTING,Field_4,1,MOVING_TO_FIELD,Field_5,1,IDLE,,1,IDLE,,1,PROTECTING,Field_5,1,PROTECTING,Field_5,1,PROTECTING,Field_4,1,PROTECTING,Field_4,1,MOVING_TO_FIELD,Field_5,1,IDLE,,1,IDLE,,1,IDLE,,1,PROTECTING,Field_5,1,IDLE,,1,PROTECTING,Field_4,1,PROTECTING,Field_4,1,PROTECTING,Field_4,1,PROTECTING,Field_5,1,IDLE,,1,IDLE,,1,PROTECTING,Field_5,14,0.03,0,0,2,9,0.18,0,0,6,20,0.03,0,0,1,12,0.09,7,0,-1,63,0.40,5,4,4,20,0.12,0,0,3,32,0.16,0,0,2,5,0.10,0,0,1,1,0.03,0,0,2,14,0.13,0,0,3,34,0.07,0,0,2,8,0.05,0,0,1
67,236,8,0,12,0,4,0,1,MOVING_TO_FIELD,Field_5,1,MOVING_TO_FIELD,Field_5,1,PROTECTING,Field_4,1,PROTECTING,Field_4,1,MOVING_TO_FIELD,Field_5,1,IDLE,,1,IDLE,,1,PROTECTING,Field_5,1,PROTECTING,Field_5,1,PROTECTING,Field_4,1,PROTECTING,Field_4,1,MOVING_TO_FIELD,Field_5,1,IDLE,,1,IDLE,,1,IDLE,,1,PROTECTING,Field_5,1,IDLE,,1,PROTECTING,Field_4,1,PROTECTING,Field_4,1,PROTECTING,Field_4,1,PROTECTING,Field_5,1,IDLE,,1,IDLE,,1,PROTECTING,Field_5,14,0.03,0,0,2,9,0.18,0,0,6,20,0.04,0,0,1,12,0.07,7,0,-1,67,0.40,5,4,4,20,0.12,0,0,3,32,0.16,0,0,2,5,0.10,0,0,1,1,0.04,0,0,2,14,0.15,0,0,3,34,0.07,0,0,2,8,0.05,0,0,1
68,240,8,0,12,0,4,0,1,MOVING_TO_FIELD,Field_5,1,MOVING_TO_FIELD,Field_5,1,PROTECTING,Field_4,1,PROTECTING,Field_4,1,MOVING_TO_FIELD,Field_5,1,IDLE,,1,IDLE,,1,PROTECTING,Field_5,1,PROTECTING,Field_5,1,PROTECTING,Field_4,1,PROTECTING,Field_4,1,MOVING_TO_FIELD,Field_5,1,IDLE,,1,IDLE,,1,IDLE,,1,PROTECTING,Field_5,1,IDLE,,1,PROTECTING,Field_4,1,PROTECTING,Field_4,1,PROTECTING,Field_4,1,PROTECTING,Field_5,1,IDLE,,1,IDLE,,1,PROTECTING,Field_5,14,0.03,0,0,2,9,0.17,0,0,6,20,0.04,0,0,1,12,0.07,7,0,-1,70,0.41,5,4,4,20,0.13,0,0,3,32,0.16,0,0,2,6,0.10,0,0,1,1,0.04,0,0,2,14,0.13,0,0,3,34,0.07,0,0,2,8,0.08,0,0,1
69,240,8,0,12,0,4,0,1,MOVING_TO_FIELD,Field_5,1,MOVING_TO_FIELD,Field_5,1,PROTECTING,Field_4,1,PROTECTING,Field_4,1,MOVING_TO_FIELD,Field_5,1,IDLE,,1,IDLE,,1,PROTECTING,Field_5,1,PROTECTING,Field_5,1,PROTECTING,Field_4,1,PROTECTING,Field_4,1,MOVING_TO_FIELD,Field_5,1,IDLE,,1,IDLE,,1,IDLE,,1,PROTECTING,Field_5,1,IDLE,,1,PROTECTING,Field_4,1,PROTECTING,Field_4,1,PROTECTING,Field_4,1,PROTECTING,Field_5,1,IDLE,,1,IDLE,,1,PROTECTING,Field_5,14,0.03,0,0,2,9,0.16,0,0,6,20,0.04,0,0,1,12,0.07,7,0,-1,70,0.43,5,4,4,20,0.12,0,0,3,32,0.16,0,0,2,6,0.10,0,0,1,1,0.06,0,0,2,14,0.11,0,0,3,34,0.05,0,0,2,8,0.08,0,0,1
70,243,8,0,12,0,4,0,1,MOVING_TO_FIELD,Field_5,1,MOVING_TO_FIELD,Field_5,1,PROTECTING,Field_4,1,PROTECTING,Field_4,1,MOVING_TO_FIELD,Field_5,1,IDLE,,1,IDLE,,1,PROTECTING,Field_5,1,PROTECTING,Field_5,1,PROTECTING,Field_4,1,PROTECTING,Field_4,1,MOVING_TO_FIELD,Field_5,1,IDLE,,1,IDLE,,1,IDLE,,1,PROTECTING,Field_5,1,IDLE,,1,PROTECTING,Field_4,1,PROTECTING,Field_4,1,PROTECTING,Field_4,1,PROTECTING,Field_5,1,IDLE,,1,IDLE,,1,PROTECTING,Field_5,14,0.03,0,0,2,9,0.18,0,0,6,20,0.04,0,0,1,12,0.07,7,0,-1,72,0.44,5,4,4,21,0.12,0,0,3,32,0.16,0,0,2,6,0.07,0,0,1,1,0.06,0,0,2,14,0.11,0,0,3,34,0.07,0,0,2,8,0.08,0,0,1
71,243,8,0,13,0,3,0,1,PROTECTING,Field_5,1,MOVING_TO_FIELD,Field_5,1,PROTECTING,Field_4,1,PROTECTING,Field_4,1,MOVING_TO_FIELD,Field_5,1,IDLE,,1,IDLE,,1,PROTECTING,Field_5,1,PROTECTING,Field_5,1,PROTECTING,Field_4,1,PROTECTING,Field_4,1,MOVING_TO_FIELD,Field_5,1,IDLE,,1,IDLE,,1,IDLE,,1,PROTECTING,Field_5,1,IDLE,,1,PROTECTING,Field_4,1,PROTECTING,Field_4,1,PROTECTING,Field_4,1,PROTECTING,Field_5,1,IDLE,,1,IDLE,,1,PROTECTING,Field_5,14,0.05,0,0,2,9,0.18,0,0,6,20,0.04,0,0,1,12,0.05,7,0,-1,72,0.44,6,3,3,21,0.12,0,0,3,32,0.16,0,0,2,6,0.07,0,0,1,1,0.06,0,0,2,14,0.11,0,0,3,34,0.07,0,0,2,8,0.08,0,0,1
72,246,8,0,13,0,3,0,1,PROTECTING,Field_5,1,MOVING_TO_FIELD,Field_5,1,PROTECTING,Field_4,1,PROTECTING,Field_4,1,MOVING_TO_FIELD,Field_5,1,IDLE,,1,IDLE,,1,PROTECTING,Field_5,1,PROTECTING,Field_5,1,PROTECTING,Field_4,1,PROTECTING,Field_4,1,MOVING_TO_FIELD,Field_5,1,IDLE,,1,IDLE,,1,IDLE,,1,PROTECTING,Field_5,1,IDLE,,1,PROTECTING,Field_4,1,PROTECTING,Field_4,1,PROTECTING,Field_4,1,PROTECTING,Field_5,1,IDLE,,1,IDLE,,1,PROTECTING,Field_5,14,0.05,0,0,2,9,0.20,0,0,6,20,0.04,0,0,1,12,0.04,7,0,-1,75,0.46,6,3,3,21,0.12,0,0,3,32,0.17,0,0,2,6,0.07,0,0,1,1,0.06,0,0,2,14,0.11,0,0,3,34,0.07,0,0,2,8,0.08,0,0,1
73,246,8,0,13,0,3,0,1,PROTECTING,Field_5,1,MOVING_TO_FIELD,Field_5,1,PROTECTING,Field_4,1,PROTECTING,Field_4,1,MOVING_TO_FIELD,Field_5,1,IDLE,,1,IDLE,,1,PROTECTING,Field_5,1,PROTECTING,Field_5,1,PROTECTING,Field_4,1,PROTECTING,Field_4,1,MOVING_TO_FIELD,Field_5,1,IDLE,,1,IDLE,,1,IDLE,,1,PROTECTING,Field_5,1,IDLE,,1,PROTECTING,Field_4,1,PROTECTING,Field_4,1,PROTECTING,Field_4,1,PROTECTING,Field_5,1,IDLE,,1,IDLE,,1,PROTECTING,Field_5,14,0.06,0,0,2,9,0.20,0,0,6,20,0.03,0,0,1,12,0.04,7,0,-1,75,0.46,6,3,3,21,0.12,0,0,3,32,0.16,0,0,2,6,0.07,0,0,1,1,0.05,0,0,2,14,0.11,0,0,3,34,0.07,0,0,2,8,0.08,0,0,1
74,246,8,0,13,0,3,0,1,PROTECTING,Field_5,1,MOVING_TO_FIELD,Field_5,1,PROTECTING,Field_4,1,PROTECTING,Field_4,1,MOVING_TO_FIELD,Field_5,1,IDLE,,1,IDLE,,1,PROTECTING,Field_5,1,PROTECTING,Field_5,1,PROTECTING,Field_4,1,PROTECTING,Field_4,1,MOVING_TO_FIELD,Field_5,1,IDLE,,1,IDLE,,1,IDLE,,1,PROTECTING,Field_5,1,IDLE,,1,PROTECTING,Field_4,1,PROTECTING,Field_4,1,PROTECTING,Field_4,1,PROTECTING,Field_5,1,IDLE,,1,IDLE,,1,PROTECTING,Field_5,14,0.06,0,0,2,9,0.20,0,0,6,20,0.03,0,0,1,12,0.04,7,0,-1,75,0.46,6,3,3,21,0.12,0,0,3,32,0.16,0,0,2,6,0.07,0,0,1,1,0.05,0,0,2,14,0.13,0,0,3,34,0.05,0,0,2,8,0.08,0,0,1
75,248,8,0,13,0,3,0,1,PROTECTING,Field_5,1,MOVING_TO_FIELD,Field_5,1,PROTECTING,Field_4,1,PROTECTING,Field_4,1,MOVING_TO_FIELD,Field_5,1,IDLE,,1,IDLE,,1,PROTECTING,Field_5,1,PROTECTING,Field_5,1,PROTECTING,Field_4,1,PROTECTING,Field_4,1,MOVING_TO_FIELD,Field_5,1,IDLE,,1,IDLE,,1,IDLE,,1,PROTECTING,Field_5,1,IDLE,,1,PROTECTING,Field_4,1,PROTECTING,Field_4,1,PROTECTING,Field_4,1,PROTECTING,Field_5,1,IDLE,,1,IDLE,,1,PROTECTING,Field_5,14,0.06,0,0,2,9,0.19,0,0,6,20,0.03,0,0,1,12,0.04,7,0,-1,77,0.48,6,3,3,21,0.12,0,0,3,32,0.16,0,0,2,6,0.07,0,0,1,1,0.05,0,0,2,14,0.13,0,0,3,34,0.05,0,0,2,8,0.08,0,0,1
76,250,8,0,13,0,3,0,1,PROTECTING,Field_5,1,MOVING_TO_FIELD,Field_5,1,PROTECTING,Field_4,1,PROTECTING,Field_4,1,MOVING_TO_FIELD,Field_5,1,IDLE,,1,IDLE,,1,PROTECTING,Field_5,1,PROTECTING,Field_5,1,PROTECTING,Field_4,1,PROTECTING,Field_4,1,MOVING_TO_FIELD,Field_5,1,IDLE,,1,IDLE,,1,IDLE,,1,PROTECTING,Field_5,1,IDLE,,1,PROTECTING,Field_4,1,PROTECTING,Field_4,1,PROTECTING,Field_4,1,PROTECTING,Field_5,1,IDLE,,1,IDLE,,1,PROTECTING,Field_5,14,0.06,0,0,2,9,0.19,0,0,6,20,0.03,0,0,1,12,0.03,7,0,-1,78,0.49,6,3,3,21,0.12,0,0,3,32,0.15,0,0,2,6,0.07,0,0,1,1,0.05,0,0,2,14,0.13,0,0,3,34,0.05,0,0,2,9,0.08,0,0,1
77,251,8,0,13,0,3,0,1,PROTECTING,Field_5,1,MOVING_TO_FIELD,Field_5,1,PROTECTING,Field_4,1,PROTECTING,Field_4,1,MOVING_TO_FIELD,Field_5,1,IDLE,,1,IDLE,,1,PROTECTING,Field_5,1,PROTECTING,Field_5,1,PROTECTING,Field_4,1,PROTECTING,Field_4,1,MOVING_TO_FIELD,Field_5,1,IDLE,,1,IDLE,,1,IDLE,,1,PROTECTING,Field_5,1,IDLE,,1,PROTECTING,Field_4,1,PROTECTING,Field_4,1,PROTECTING,Field_4,1,PROTECTING,Field_5,1,IDLE,,1,IDLE,,1,PROTECTING,Field_5,14,0.06,0,0,2,9,0.19,0,0,6,20,0.03,0,0,1,12,0.03,7,0,-1,79,0.49,6,3,3,21,0.13,0,0,3,32,0.15,0,0,2,6,0.05,0,0,1,1,0.05,0,0,2,14,0.11,0,0,3,34,0.05,0,0,2,9,0.08,0,0,1
78,253,8,0,13,0,3,0,1,PROTECTING,Field_5,1,MOVING_TO_FIELD,Field_5,1,PROTECTING,Field_4,1,PROTECTING,Field_4,1,MOVING_TO_FIELD,Field_5,1,IDLE,,1,IDLE,,1,PROTECTING,Field_5,1,PROTECTING,Field_5,1,PROTECTING,Field_4,1,PROTECTING,Field_4,1,MOVING_TO_FIELD,Field_5,1,IDLE,,1,IDLE,,1,IDLE,,1,PROTECTING,Field_5,1,IDLE,,1,PROTECTING,Field_4,1,PROTECTING,Field_4,1,PROTECTING,Field_4,1,PROTECTING,Field_5,1,IDLE,,1,IDLE,,1,PROTECTING,Field_5,14,0.06,0,0,2,10,0.20,0,0,6,20,0.03,0,0,1,12,0.01,7,0,-1,79,0.49,6,3,3,21,0.13,0,0,3,33,0.16,0,0,2,6,0.05,0,0,1,1,0.05,0,0,2,14,0.11,0,0,3,34,0.04,0,0,2,9,0.08,0,0,1
79,254,8,0,14,0,2,0,1,PROTECTING,Field_5,1,MOVING_TO_FIELD,Field_5,1,PROTECTING,Field_4,1,PROTECTING,Field_4,1,PROTECTING,Field_5,1,IDLE,,1,IDLE,,1,PROTECTING,Field_5,1,PROTECTING,Field_5,1,PROTECTING,Field_4,1,PROTECTING,Field_4,1,MOVING_TO_FIELD,Field_5,1,IDLE,,1,IDLE,,1,IDLE,,1,PROTECTING,Field_5,1,IDLE,,1,PROTECTING,Field_4,1,PROTECTING,Field_4,1,PROTECTING,Field_4,1,PROTECTING,Field_5,1,IDLE,,1,IDLE,,1,PROTECTING,Field_5,14,0.05,0,0,2,11,0.22,0,0,6,20,0.03,0,0,1,12,0.01,7,0,-1,79,0.49,7,2,2,21,0.14,0,0,3,33,0.16,0,0,2,6,0.02,0,0,1,1,0.05,0,0,2,14,0.11,0,0,3,34,0.04,0,0,2,9,0.08,0,0,1
80,256,8,0,14,0,2,0,1,PROTECTING,Field_5,1,MOVING_TO_FIELD,Field_5,1,PROTECTING,Field_4,1,PROTECTING,Field_4,1,PROTECTING,Field_5,1,IDLE,,1,IDLE,,1,PROTECTING,Field_5,1,PROTECTING,Field_5,1,PROTECTING,Field_4,1,PROTECTING,Field_4,1,MOVING_TO_FIELD,Field_5,1,IDLE,,1,IDLE,,1,IDLE,,1,PROTECTING,Field_5,1,IDLE,,1,PROTECTING,Field_4,1,PROTECTING,Field_4,1,PROTECTING,Field_4,1,PROTECTING,Field_5,1,IDLE,,1,IDLE,,1,PROTECTING,Field_5,14,0.05,0,0,2,12,0.21,0,0,6,20,0.04,0,0,1,12,0.01,7,0,-1,79,0.48,7,2,2,21,0.13,0,0,3,34,0.16,0,0,2,6,0.02,0,0,1,1,0.05,0,0,2,14,0.11,0,0,3,34,0.04,0,0,2,9,0.08,0,0,1
81,256,8,0,14,0,2,0,1,PROTECTING,Field_5,1,MOVING_TO_FIELD,Field_5,1,PROTECTING,Field_4,1,PROTECTING,Field_4,1,PROTECTING,Field_5,1,IDLE,,1,IDLE,,1,PROTECTING,Field_5,1,PROTECTING,Field_5,1,PROTECTING,Field_4,1,PROTECTING,Field_4,1,MOVING_TO_FIELD,Field_5,1,IDLE,,1,IDLE,,1,IDLE,,1,PROTECTING,Field_5,1,IDLE,,1,PROTECTING,Field_4,1,PROTECTING,Field_4,1,PROTECTING,Field_4,1,PROTECTING,Field_5,1,IDLE,,1,IDLE,,1,PROTECTING,Field_5,14,0.05,0,0,2,12,0.21,0,0,6,20,0.04,0,0,1,12,0.01,7,0,-1,79,0.48,7,2,2,21,0.13,0,0,3,34,0.16,0,0,2,6,0.02,0,0,1,1,0.06,0,0,2,14,0.11,0,0,3,34,0.04,0,0,2,9,0.08,0,0,1
82,256,8,0,15,0,1,0,1,PROTECTING,Field_5,1,MOVING_TO_FIELD,Field_5,1,PROTECTING,Field_4,1,PROTECTING,Field_4,1,PROTECTING,Field_5,1,IDLE,,1,IDLE,,1,PROTECTING,Field_5,1,PROTECTING,Field_5,1,PROTECTING,Field_4,1,PROTECTING,Field_4,1,PROTECTING,Field_5,1,IDLE,,1,IDLE,,1,IDLE,,1,PROTECTING,Field_5,1,IDLE,,1,PROTECTING,Field_4,1,PROTECTING,Field_4,1,PROTECTING,Field_4,1,PROTECTING,Field_5,1,IDLE,,1,IDLE,,1,PROTECTING,Field_5,14,0.05,0,0,2,12,0.21,0,0,6,20,0.04,0,0,1,12,0.01,7,0,-1,79,0.46,8,1,1,21,0.13,0,0,3,34,0.17,0,0,2,6,0.02,0,0,1,1,0.07,0,0,2,14,0.11,0,0,3,34,0.04,0,0,2,9,0.10,0,0,1
83,258,8,0,15,0,1,0,1,PROTECTING,Field_5,1,MOVING_TO_FIELD,Field_5,1,PROTECTING,Field_4,1,PROTECTING,Field_4,1,PROTECTING,Field_5,1,IDLE,,1,IDLE,,1,PROTECTING,Field_5,1,PROTECTING,Field_5,1,PROTECTING,Field_4,1,PROTECTING,Field_4,1,PROTECTING,Field_5,1,IDLE,,1,IDLE,,1,IDLE,,1,PROTECTING,Field_5,1,IDLE,,1,PROTECTING,Field_4,1,PROTECTING,Field_4,1,PROTECTING,Field_4,1,PROTECTING,Field_5,1,IDLE,,1,IDLE,,1,PROTECTING,Field_5,14,0.05,0,0,2,13,0.21,0,0,6,20,0.05,0,0,1,12,0.01,7,0,-1,79,0.45,8,1,1,22,0.13,0,0,3,34,0.18,0,0,2,6,0.02,0,0,1,1,0.07,0,0,2,14,0.11,0,0,3,34,0.04,0,0,2,9,0.08,0,0,1
84,259,8,0,16,0,0,0,1,PROTECTING,Field_5,1,PROTECTING,Field_5,1,PROTECTING,Field_4,1,PROTECTING,Field_4,1,PROTECTING,Field_5,1,IDLE,,1,IDLE,,1,PROTECTING,Field_5,1,PROTECTING,Field_5,1,PROTECTING,Field_4,1,PROTECTING,Field_4,1,PROTECTING,Field_5,1,IDLE,,1,IDLE,,1,IDLE,,1,PROTECTING,Field_5,1,IDLE,,1,PROTECTING,Field_4,1,PROTECTING,Field_4,1,PROTECTING,Field_4,1,PROTECTING,Field_5,1,IDLE,,1,IDLE,,1,PROTECTING,Field_5,14,0.05,0,0,2,13,0.21,0,0,6,20,0.05,0,0,1,12,0.00,7,0,-1,79,0.45,9,0,0,22,0.14,0,0,3,34,0.18,0,0,2,6,0.02,0,0,1,2,0.07,0,0,2,14,0.11,0,0,3,34,0.05,0,0,2,9,0.08,0,0,1
85,263,8,0,16,0,0,0,1,PROTECTING,Field_5,1,PROTECTING,Field_5,1,PROTECTING,Field_4,1,PROTECTING,Field_4,1,PROTECTING,Field_5,1,IDLE,,1,IDLE,,1,PROTECTING,Field_5,1,PROTECTING,Field_5,1,PROTECTING,Field_4,1,PROTECTING,Field_4,1,PROTECTING,Field_5,1,IDLE,,1,IDLE,,1,IDLE,,1,PROTECTING,Field_5,1,IDLE,,1,PROTECTING,Field_4,1,PROTECTING,Field_4,1,PROTECTING,Field_4,1,PROTECTING,Field_5,1,IDLE,,1,IDLE,,1,PROTECTING,Field_5,14,0.05,0,0,2,14,0.20,0,0,6,20,0.07,0,0,1,12,0.00,7,0,-1,79,0.42,9,0,0,22,0.14,0,0,3,37,0.17,0,0,2,6,0.02,0,0,1,2,0.06,0,0,2,14,0.15,0,0,3,34,0.05,0,0,2,9,0.08,0,0,1
86,263,8,0,16,0,0,0,1,PROTECTING,Field_5,1,PROTECTING,Field_5,1,PROTECTING,Field_4,1,PROTECTING,Field_4,1,PROTECTING,Field_5,1,IDLE,,1,IDLE,,1,PROTECTING,Field_5,1,PROTECTING,Field_5,1,PROTECTING,Field_4,1,PROTECTING,Field_4,1,PROTECTING,Field_5,1,IDLE,,1,IDLE,,1,IDLE,,1,PROTECTING,Field_5,1,IDLE,,1,PROTECTING,Field_4,1,PROTECTING,Field_4,1,PROTECTING,Field_4,1,PROTECTING,Field_5,1,IDLE,,1,IDLE,,1,PROTECTING,Field_5,14,0.05,0,0,2,14,0.19,0,0,6,20,0.07,0,0,1,12,0.00,7,0,-1,79,0.43,9,0,0,22,0.15,0,0,3,37,0.17,0,0,2,6,0.02,0,0,1,2,0.06,0,0,2,14,0.15,0,0,3,34,0.05,0,0,2,9,0.08,0,0,1
87,264,8,0,16,0,0,0,1,PROTECTING,Field_5,1,PROTECTING,Field_5,1,PROTECTING,Field_4,1,PROTECTING,Field_4,1,PROTECTING,Field_5,1,IDLE,,1,IDLE,,1,PROTECTING,Field_5,1,PROTECTING,Field_5,1,PROTECTING,Field_4,1,PROTECTING,Field_4,1,PROTECTING,Field_5,1,IDLE,,1,IDLE,,1,IDLE,,1,PROTECTING,Field_5,1,IDLE,,1,PROTECTING,Field_4,1,PROTECTING,Field_4,1,PROTECTING,Field_4,1,PROTECTING,Field_5,1,IDLE,,1,IDLE,,1,PROTECTING,Field_5,14,0.05,0,0,2,14,0.19,0,0,6,20,0.08,0,0,1,12,0.00,7,0,-1,79,0.40,9,0,0,23,0.15,0,0,3,37,0.16,0,0,2,6,0.02,0,0,1,2,0.05,0,0,2,14,0.15,0,0,3,34,0.05,0,0,2,9,0.08,0,0,1
88,265,8,0,16,0,0,0,1,PROTECTING,Field_5,1,PROTECTING,Field_5,1,PROTECTING,Field_4,1,PROTECTING,Field_4,1,PROTECTING,Field_5,1,IDLE,,1,IDLE,,1,PROTECTING,Field_5,1,PROTECTING,Field_5,1,PROTECTING,Field_4,1,PROTECTING,Field_4,1,PROTECTING,Field_5,1,IDLE,,1,IDLE,,1,IDLE,,1,PROTECTING,Field_5,1,IDLE,,1,PROTECTING,Field_4,1,PROTECTING,Field_4,1,PROTECTING,Field_4,1,PROTECTING,Field_5,1,IDLE,,1,IDLE,,1,PROTECTING,Field_5,14,0.05,0,0,2,14,0.17,0,0,6,20,0.09,0,0,1,12,0.00,7,0,-1,79,0.40,9,0,0,23,0.14,0,0,3,38,0.15,0,0,2,6,0.02,0,0,1,2,0.06,0,0,2,14,0.13,0,0,3,34,0.02,0,0,2,9,0.08,0,0,1
89,267,8,0,16,0,0,0,1,PROTECTING,Field_5,1,PROTECTING,Field_5,1,PROTECTING,Field_4,1,PROTECTING,Field_4,1,PROTECTING,Field_5,1,IDLE,,1,IDLE,,1,PROTECTING,Field_5,1,PROTECTING,Field_5,1,PROTECTING,Field_4,1,PROTECTING,Field_4,1,PROTECTING,Field_5,1,IDLE,,1,IDLE,,1,IDLE,,1,PROTECTING,Field_5,1,IDLE,,1,PROTECTING,Field_4,1,PROTECTING,Field_4,1,PROTECTING,Field_4,1,PROTECTING,Field_5,1,IDLE,,1,IDLE,,1,PROTECTING,Field_5,14,0.05,0,0,2,14,0.19,0,0,6,20,0.09,0,0,1,12,0.00,7,0,-1,79,0.38,9,0,0,23,0.13,0,0,3,40,0.17,0,0,2,6,0.02,0,0,1,2,0.06,0,0,2,14,0.13,0,0,3,34,0.02,0,0,2,9,0.08,0,0,1
90,269,8,0,16,0,0,0,1,PROTECTING,Field_5,1,PROTECTING,Field_5,1,PROTECTING,Field_4,1,PROTECTING,Field_4,1,PROTECTING,Field_5,1,IDLE,,1,IDLE,,1,PROTECTING,Field_5,1,PROTECTING,Field_5,1,PROTECTING,Field_4,1,PROTECTING,Field_4,1,PROTECTING,Field_5,1,IDLE,,1,IDLE,,1,IDLE,,1,PROTECTING,Field_5,1,IDLE,,1,PROTECTING,Field_4,1,PROTECTING,Field_4,1,PROTECTING,Field_4,1,PROTECTING,Field_5,1,IDLE,,1,IDLE,,1,PROTECTING,Field_5,14,0.05,0,0,2,14,0.19,0,0,6,20,0.09,0,0,1,12,0.00,7,0,-1,79,0.37,9,0,0,23,0.15,0,0,3,42,0.16,0,0,2,6,0.02,0,0,1,2,0.08,0,0,2,14,0.13,0,0,3,34,0.02,0,0,2,9,0.08,0,0,1
91,274,5,0,14,0,5,0,1,PROTECTING,Field_5,1,PROTECTING,Field_5,1,PROTECTING,Field_4,1,PROTECTING,Field_4,1,PROTECTING,Field_5,1,MOVING_TO_FIELD,Field_2,1,MOVING_TO_FIELD,Field_2,1,PROTECTING,Field_5,1,PROTECTING,Field_5,1,PROTECTING,Field_4,1,PROTECTING,Field_4,1,PROTECTING,Field_5,1,IDLE,,1,IDLE,,1,IDLE,,1,PROTECTING,Field_5,1,MOVING_TO_FIELD,Field_2,1,PROTECTING,Field_4,1,PROTECTING,Field_4,1,PROTECTING,Field_4,1,IDLE,,1,MOVING_TO_FIELD,Field_6,1,MOVING_TO_FIELD,Field_3,1,IDLE,,14,0.05,0,0,2,16,0.19,0,3,6,20,0.09,0,1,1,12,0.00,7,0,-1,79,0.36,7,0,2,24,0.14,0,1,3,44,0.16,0,0,2,6,0.02,0,0,1,2,0.09,0,0,2,14,0.13,0,0,3,34,0.00,0,0,2,9,0.05,0,0,1
92,277,5,0,14,0,5,0,1,PROTECTING,Field_5,1,PROTECTING,Field_5,1,PROTECTING,Field_4,1,PROTECTING,Field_4,1,PROTECTING,Field_5,1,MOVING_TO_FIELD,Field_2,1,MOVING_TO_FIELD,Field_2,1,PROTECTING,Field_5,1,PROTECTING,Field_5,1,PROTECTING,Field_4,1,PROTECTING,Field_4,1,PROTECTING,Field_5,1,IDLE,,1,IDLE,,1,IDLE,,1,PROTECTING,Field_5,1,MOVING_TO_FIELD,Field_2,1,PROTECTING,Field_4,1,PROTECTING,Field_4,1,PROTECTING,Field_4,1,IDLE,,1,MOVING_TO_FIELD,Field_6,1,MOVING_TO_FIELD,Field_3,1,IDLE,,14,0.05,0,0,2,16,0.19,0,3,6,20,0.08,0,1,1,12,0.00,7,0,-1,79,0.35,7,0,2,25,0.13,0,1,3,45,0.15,0,0,2,6,0.02,0,0,1,2,0.11,0,0,2,15,0.13,0,0,3,34,0.00,0,0,2,9,0.05,0,0,1
93,277,5,0,14,0,5,0,1,PROTECTING,Field_5,1,PROTECTING,Field_5,1,PROTECTING,Field_4,1,PROTECTING,Field_4,1,PROTECTING,Field_5,1,MOVING_TO_FIELD,Field_2,1,MOVING_TO_FIELD,Field_2,1,PROTECTING,Field_5,1,PROTECTING,Field_5,1,PROTECTING,Field_4,1,PROTECTING,Field_4,1,PROTECTING,Field_5,1,IDLE,,1,IDLE,,1,IDLE,,1,PROTECTING,Field_5,1,MOVING_TO_FIELD,Field_2,1,PROTECTING,Field_4,1,PROTECTING,Field_4,1,PROTECTING,Field_4,1,IDLE,,1,MOVING_TO_FIELD,Field_6,1,MOVING_TO_FIELD,Field_3,1,IDLE,,14,0.05,0,0,2,16,0.19,0,3,6,20,0.05,0,1,1,12,0.00,7,0,-1,79,0.32,7,0,2,25,0.13,0,1,3,45,0.16,0,0,2,6,0.02,0,0,1,2,0.09,0,0,2,15,0.13,0,0,3,34,0.00,0,0,2,9,0.05,0,0,1
94,282,5,0,14,0,5,0,1,PROTECTING,Field_5,1,PROTECTING,Field_5,1,PROTECTING,Field_4,1,PROTECTING,Field_4,1,PROTECTING,Field_5,1,MOVING_TO_FIELD,Field_2,1,MOVING_TO_FIELD,Field_2,1,PROTECTING,Field_5,1,PROTECTING,Field_5,1,PROTECTING,Field_4,1,PROTECTING,Field_4,1,PROTECTING,Field_5,1,IDLE,,1,IDLE,,1,IDLE,,1,PROTECTING,Field_5,1,MOVING_TO_FIELD,Field_2,1,PROTECTING,Field_4,1,PROTECTING,Field_4,1,PROTECTING,Field_4,1,IDLE,,1,MOVING_TO_FIELD,Field_6,1,MOVING_TO_FIELD,Field_3,1,IDLE,,14,0.05,0,0,2,16,0.21,0,3,6,20,0.05,0,1,1,12,0.00,7,0,-1,79,0.31,7,0,2,27,0.14,0,1,3,48,0.15,0,0,2,6,0.02,0,0,1,2,0.10,0,0,2,15,0.13,0,0,3,34,0.02,0,0,2,9,0.05,0,0,1
95,285,5,0,14,0,5,0,1,PROTECTING,Field_5,1,PROTECTING,Field_5,1,PROTECTING,Field_4,1,PROTECTING,Field_4,1,PROTECTING,Field_5,1,MOVING_TO_FIELD,Field_2,1,MOVING_TO_FIELD,Field_2,1,PROTECTING,Field_5,1,PROTECTING,Field_5,1,PROTECTING,Field_4,1,PROTECTING,Field_4,1,PROTECTING,Field_5,1,IDLE,,1,IDLE,,1,IDLE,,1,PROTECTING,Field_5,1,MOVING_TO_FIELD,Field_2,1,PROTECTING,Field_4,1,PROTECTING,Field_4,1,PROTECTING,Field_4,1,IDLE,,1,MOVING_TO_FIELD,Field_6,1,MOVING_TO_FIELD,Field_3,1,IDLE,,14,0.05,0,0,2,16,0.21,0,3,6,20,0.04,0,1,1,12,0.00,7,0,-1,79,0.29,7,0,2,27,0.14,0,1,3,49,0.16,0,0,2,6,0.02,0,0,1,3,0.09,0,0,2,16,0.13,0,0,3,34,0.02,0,0,2,9,0.03,0,0,1
96,287,5,0,14,0,5,0,1,PROTECTING,Field_5,1,PROTECTING,Field_5,1,PROTECTING,Field_4,1,PROTECTING,Field_4,1,PROTECTING,Field_5,1,MOVING_TO_FIELD,Field_2,1,MOVING_TO_FIELD,Field_2,1,PROTECTING,Field_5,1,PROTECTING,Field_5,1,PROTECTING,Field_4,1,PROTECTING,Field_4,1,PROTECTING,Field_5,1,IDLE,,1,IDLE,,1,IDLE,,1,PROTECTING,Field_5,1,MOVING_TO_FIELD,Field_2,1,PROTECTING,Field_4,1,PROTECTING,Field_4,1,PROTECTING,Field_4,1,IDLE,,1,MOVING_TO_FIELD,Field_6,1,MOVING_TO_FIELD,Field_3,1,IDLE,,14,0.05,0,0,2,16,0.20,0,3,6,20,0.05,0,1,1,12,0.00,7,0,-1,79,0.29,7,0,2,28,0.14,0,1,3,50,0.16,0,0,2,6,0.05,0,0,1,3,0.08,0,0,2,16,0.15,0,0,3,34,0.04,0,0,2,9,0.03,0,0,1
97,287,5,0,14,0,5,0,1,PROTECTING,Field_5,1,PROTECTING,Field_5,1,PROTECTING,Field_4,1,PROTECTING,Field_4,1,PROTECTING,Field_5,1,MOVING_TO_FIELD,Field_2,1,MOVING_TO_FIELD,Field_2,1,PROTECTING,Field_5,1,PROTECTING,Field_5,1,PROTECTING,Field_4,1,PROTECTING,Field_4,1,PROTECTING,Field_5,1,IDLE,,1,IDLE,,1,IDLE,,1,PROTECTING,Field_5,1,MOVING_TO_FIELD,Field_2,1,PROTECTING,Field_4,1,PROTECTING,Field_4,1,PROTECTING,Field_4,1,IDLE,,1,MOVING_TO_FIELD,Field_6,1,MOVING_TO_FIELD,Field_3,1,IDLE,,14,0.05,0,0,2,16,0.20,0,3,6,20,0.05,0,1,1,12,0.00,7,0,-1,79,0.29,7,0,2,28,0.15,0,1,3,50,0.16,0,0,2,6,0.05,0,0,1,3,0.07,0,0,2,16,0.15,0,0,3,34,0.04,0,0,2,9,0.03,0,0,1
98,288,5,0,14,0,5,0,1,PROTECTING,Field_5,1,PROTECTING,Field_5,1,PROTECTING,Field_4,1,PROTECTING,Field_4,1,PROTECTING,Field_5,1,MOVING_TO_FIELD,Field_2,1,MOVING_TO_FIELD,Field_2,1,PROTECTING,Field_5,1,PROTECTING,Field_5,1,PROTECTING,Field_4,1,PROTECTING,Field_4,1,PROTECTING,Field_5,1,IDLE,,1,IDLE,,1,IDLE,,1,PROTECTING,Field_5,1,MOVING_TO_FIELD,Field_2,1,PROTECTING,Field_4,1,PROTECTING,Field_4,1,PROTECTING,Field_4,1,IDLE,,1,MOVING_TO_FIELD,Field_6,1,MOVING_TO_FIELD,Field_3,1,IDLE,,14,0.05,0,0,2,16,0.20,0,3,6,20,0.05,0,1,1,12,0.00,7,0,-1,79,0.29,7,0,2,28,0.15,0,1,3,51,0.15,0,0,2,6,0.05,0,0,1,3,0.11,0,0,2,16,0.13,0,0,3,34,0.04,0,0,2,9,0.03,0,0,1
99,288,5,0,14,0,5,0,1,PROTECTING,Field_5,1,PROTECTING,Field_5,1,PROTECTING,Field_4,1,PROTECTING,Field_4,1,PROTECTING,Field_5,1,MOVING_TO_FIELD,Field_2,1,MOVING_TO_FIELD,Field_2,1,PROTECTING,Field_5,1,PROTECTING,Field_5,1,PROTECTING,Field_4,1,PROTECTING,Field_4,1,PROTECTING,Field_5,1,IDLE,,1,IDLE,,1,IDLE,,1,PROTECTING,Field_5,1,MOVING_TO_FIELD,Field_2,1,PROTECTING,Field_4,1,PROTECTING,Field_4,1,PROTECTING,Field_4,1,IDLE,,1,MOVING_TO_FIELD,Field_6,1,MOVING_TO_FIELD,Field_3,1,IDLE,,14,0.05,0,0,2,16,0.21,0,3,6,20,0.08,0,1,1,12,0.00,7,0,-1,79,0.26,7,0,2,28,0.15,0,1,3,51,0.15,0,0,2,6,0.05,0,0,1,3,0.08,0,0,2,16,0.15,0,0,3,34,0.04,0,0,2,9,0.03,0,0,1
100,289,5,0,15,0,4,0,1,PROTECTING,Field_5,1,PROTECTING,Field_5,1,PROTECTING,Field_4,1,PROTECTING,Field_4,1,PROTECTING,Field_5,1,MOVING_TO_FIELD,Field_2,1,MOVING_TO_FIELD,Field_2,1,PROTECTING,Field_5,1,PROTECTING,Field_5,1,PROTECTING,Field_4,1,PROTECTING,Field_4,1,PROTECTING,Field_5,1,IDLE,,1,IDLE,,1,IDLE,,1,PROTECTING,Field_5,1,MOVING_TO_FIELD,Field_2,1,PROTECTING,Field_4,1,PROTECTING,Field_4,1,PROTECTING,Field_4,1,IDLE,,1,MOVING_TO_FIELD,Field_6,1,PROTECTING,Field_3,1,IDLE,,14,0.05,0,0,2,16,0.20,0,3,6,20,0.09,1,0,0,12,0.03,7,0,-1,79,0.26,7,0,2,28,0.15,0,1,3,52,0.15,0,0,2,6,0.05,0,0,1,3,0.07,0,0,2,16,0.15,0,0,3,34,0.07,0,0,2,9,0.03,0,0,1
101,290,5,0,15,0,4,0,1,PROTECTING,Field_5,1,PROTECTING,Field_5,1,PROTECTING,Field_4,1,PROTECTING,Field_4,1,PROTECTING,Field_5,1,MOVING_TO_FIELD,Field_2,1,MOVING_TO_FIELD,Field_2,1,PROTECTING,Field_5,1,PROTECTING,Field_5,1,PROTECTING,Field_4,1,PROTECTING,Field_4,1,PROTECTING,Field_5,1,IDLE,,1,IDLE,,1,IDLE,,1,PROTECTING,Field_5,1,MOVING_TO_FIELD,Field_2,1,PROTECTING,Field_4,1,PROTECTING,Field_4,1,PROTECTING,Field_4,1,IDLE,,1,MOVING_TO_FIELD,Field_2,1,PROTECTING,Field_3,1,IDLE,,14,0.05,0,0,2,16,0.20,0,4,6,20,0.09,1,0,0,12,0.03,7,0,-1,79,0.24,7,0,2,29,0.15,0,0,3,52,0.16,0,0,2,6,0.05,0,0,1,3,0.07,0,0,2,16,0.15,0,0,3,34,0.05,0,0,2,9,0.03,0,0,1
102,292,5,0,15,0,4,0,1,PROTECTING,Field_5,1,PROTECTING,Field_5,1,PROTECTING,Field_4,1,PROTECTING,Field_4,1,PROTECTING,Field_5,1,MOVING_TO_FIELD,Field_2,1,MOVING_TO_FIELD,Field_2,1,PROTECTING,Field_5,1,PROTECTING,Field_5,1,PROTECTING,Field_4,1,PROTECTING,Field_4,1,PROTECTING,Field_5,1,IDLE,,1,IDLE,,1,IDLE,,1,PROTECTING,Field_5,1,MOVING_TO_FIELD,Field_2,1,PROTECTING,Field_4,1,PROTECTING,Field_4,1,PROTECTING,Field_4,1,IDLE,,1,MOVING_TO_FIELD,Field_2,1,PROTECTING,Field_3,1,IDLE,,14,0.03,0,0,2,17,0.20,0,4,6,20,0.09,1,0,0,12,0.03,7,0,-1,79,0.23,7,0,2,29,0.14,0,0,3,52,0.16,0,0,2,6,0.05,0,0,1,3,0.06,0,0,2,17,0.16,0,0,3,34,0.07,0,0,2,9,0.03,0,0,1
103,295,5,0,15,0,4,0,1,PROTECTING,Field_5,1,PROTECTING,Field_5,1,PROTECTING,Field_4,1,PROTECTING,Field_4,1,PROTECTING,Field_5,1,MOVING_TO_FIELD,Field_2,1,MOVING_TO_FIELD,Field_2,1,PROTECTING,Field_5,1,PROTECTING,Field_5,1,PROTECTING,Field_4,1,PROTECTING,Field_4,1,PROTECTING,Field_5,1,IDLE,,1,IDLE,,1,IDLE,,1,PROTECTING,Field_5,1,MOVING_TO_FIELD,Field_2,1,PROTECTING,Field_4,1,PROTECTING,Field_4,1,PROTECTING,Field_4,1,IDLE,,1,MOVING_TO_FIELD,Field_2,1,PROTECTING,Field_3,1,IDLE,,14,0.03,0,0,2,18,0.21,0,4,6,20,0.07,1,0,0,12,0.03,7,0,-1,79,0.22,7,0,2,30,0.14,0,0,3,53,0.15,0,0,2,6,0.05,0,0,1,3,0.05,0,0,2,17,0.15,0,0,3,34,0.07,0,0,2,9,0.03,0,0,1
104,295,5,0,15,0,4,0,1,PROTECTING,Field_5,1,PROTECTING,Field_5,1,PROTECTING,Field_4,1,PROTECTING,Field_4,1,PROTECTING,Field_5,1,MOVING_TO_FIELD,Field_2,1,MOVING_TO_FIELD,Field_2,1,PROTECTING,Field_5,1,PROTECTING,Field_5,1,PROTECTING,Field_4,1,PROTECTING,Field_4,1,PROTECTING,Field_5,1,IDLE,,1,IDLE,,1,IDLE,,1,PROTECTING,Field_5,1,MOVING_TO_FIELD,Field_2,1,PROTECTING,Field_4,1,PROTECTING,Field_4,1,PROTECTING,Field_4,1,IDLE,,1,MOVING_TO_FIELD,Field_2,1,PROTECTING,Field_3,1,IDLE,,14,0.03,0,0,2,18,0.21,0,4,6,20,0.03,1,0,0,12,0.04,7,0,-1,79,0.21,7,0,2,30,0.14,0,0,3,53,0.17,0,0,2,6,0.05,0,0,1,3,0.05,0,0,2,17,0.13,0,0,3,34,0.07,0,0,2,9,0.03,0,0,1
105,296,5,0,15,0,4,0,1,PROTECTING,Field_5,1,PROTECTING,Field_5,1,PROTECTING,Field_4,1,PROTECTING,Field_4,1,PROTECTING,Field_5,1,MOVING_TO_FIELD,Field_2,1,MOVING_TO_FIELD,Field_2,1,PROTECTING,Field_5,1,PROTECTING,Field_5,1,PROTECTING,Field_4,1,PROTECTING,Field_4,1,PROTECTING,Field_5,1,IDLE,,1,IDLE,,1,IDLE,,1,PROTECTING,Field_5,1,MOVING_TO_FIELD,Field_2,1,PROTECTING,Field_4,1,PROTECTING,Field_4,1,PROTECTING,Field_4,1,IDLE,,1,MOVING_TO_FIELD,Field_2,1,PROTECTING,Field_3,1,IDLE,,14,0.05,0,0,2,18,0.20,0,4,6,20,0.03,1,0,0,12,0.04,7,0,-1,79,0.21,7,0,2,30,0.13,0,0,3,54,0.16,0,0,2,6,0.07,0,0,1,3,0.05,0,0,2,17,0.13,0,0,3,34,0.11,0,0,2,9,0.05,0,0,1
106,297,5,0,16,0,3,0,1,PROTECTING,Field_5,1,PROTECTING,Field_5,1,PROTECTING,Field_4,1,PROTECTING,Field_4,1,PROTECTING,Field_5,1,MOVING_TO_FIELD,Field_2,1,MOVING_TO_FIELD,Field_2,1,PROTECTING,Field_5,1,PROTECTING,Field_5,1,PROTECTING,Field_4,1,PROTECTING,Field_4,1,PROTECTING,Field_5,1,IDLE,,1,IDLE,,1,IDLE,,1,PROTECTING,Field_5,1,MOVING_TO_FIELD,Field_2,1,PROTECTING,Field_4,1,PROTECTING,Field_4,1,PROTECTING,Field_4,1,IDLE,,1,PROTECTING,Field_2,1,PROTECTING,Field_3,1,IDLE,,14,0.05,0,0,2,18,0.20,1,3,5,20,0.03,1,0,0,12,0.04,7,0,-1,79,0.21,7,0,2,30,0.15,0,0,3,55,0.16,0,0,2,6,0.07,0,0,1,3,0.05,0,0,2,17,0.11,0,0,3,34,0.12,0,0,2,9,0.05,0,0,1
107,297,5,0,17,0,2,0,1,PROTECTING,Field_5,1,PROTECTING,Field_5,1,PROTECTING,Field_4,1,PROTECTING,Field_4,1,PROTECTING,Field_5,1,MOVING_TO_FIELD,Field_2,1,PROTECTING,Field_2,1,PROTECTING,Field_5,1,PROTECTING,Field_5,1,PROTECTING,Field_4,1,PROTECTING,Field_4,1,PROTECTING,Field_5,1,IDLE,,1,IDLE,,1,IDLE,,1,PROTECTING,Field_5,1,MOVING_TO_FIELD,Field_2,1,PROTECTING,Field_4,1,PROTECTING,Field_4,1,PROTECTING,Field_4,1,IDLE,,1,PROTECTING,Field_2,1,PROTECTING,Field_3,1,IDLE,,14,0.05,0,0,2,18,0.21,2,2,4,20,0.03,1,0,0,12,0.04,7,0,-1,79,0.20,7,0,2,30,0.14,0,0,3,55,0.16,0,0,2,6,0.07,0,0,1,3,0.05,0,0,2,17,0.11,0,0,3,34,0.16,0,0,2,9,0.05,0,0,1
108,299,5,0,17,0,2,0,1,PROTECTING,Field_5,1,PROTECTING,Field_5,1,PROTECTING,Field_4,1,PROTECTING,Field_4,1,PROTECTING,Field_5,1,MOVING_TO_FIELD,Field_2,1,PROTECTING,Field_2,1,PROTECTING,Field_5,1,PROTECTING,Field_5,1,PROTECTING,Field_4,1,PROTECTING,Field_4,1,PROTECTING,Field_5,1,IDLE,,1,IDLE,,1,IDLE,,1,PROTECTING,Field_5,1,MOVING_TO_FIELD,Field_2,1,PROTECTING,Field_4,1,PROTECTING,Field_4,1,PROTECTING,Field_4,1,IDLE,,1,PROTECTING,Field_2,1,PROTECTING,Field_3,1,IDLE,,14,0.06,0,0,2,18,0.22,2,2,4,20,0.03,1,0,0,12,0.04,7,0,-1,79,0.18,7,0,2,30,0.14,0,0,3,57,0.14,0,0,2,6,0.05,0,0,1,3,0.05,0,0,2,17,0.10,0,0,3,34,0.16,0,0,2,9,0.05,0,0,1
109,299,5,0,18,0,1,0,1,PROTECTING,Field_5,1,PROTECTING,Field_5,1,PROTECTING,Field_4,1,PROTECTING,Field_4,1,PROTECTING,Field_5,1,MOVING_TO_FIELD,Field_2,1,PROTECTING,Field_2,1,PROTECTING,Field_5,1,PROTECTING,Field_5,1,PROTECTING,Field_4,1,PROTECTING,Field_4,1,PROTECTING,Field_5,1,IDLE,,1,IDLE,,1,IDLE,,1,PROTECTING,Field_5,1,PROTECTING,Field_2,1,PROTECTING,Field_4,1,PROTECTING,Field_4,1,PROTECTING,Field_4,1,IDLE,,1,PROTECTING,Field_2,1,PROTECTING,Field_3,1,IDLE,,14,0.06,0,0,2,18,0.22,3,1,3,20,0.03,1,0,0,12,0.04,7,0,-1,79,0.18,7,0,2,30,0.15,0,0,3,57,0.17,0,0,2,6,0.05,0,0,1,3,0.04,0,0,2,17,0.08,0,0,3,34,0.14,0,0,2,9,0.05,0,0,1
110,299,5,0,19,0,0,0,1,PROTECTING,Field_5,1,PROTECTING,Field_5,1,PROTECTING,Field_4,1,PROTECTING,Field_4,1,PROTECTING,Field_5,1,PROTECTING,Field_2,1,PROTECTING,Field_2,1,PROTECTING,Field_5,1,PROTECTING,Field_5,1,PROTECTING,Field_4,1,PROTECTING,Field_4,1,PROTECTING,Field_5,1,IDLE,,1,IDLE,,1,IDLE,,1,PROTECTING,Field_5,1,PROTECTING,Field_2,1,PROTECTING,Field_4,1,PROTECTING,Field_4,1,PROTECTING,Field_4,1,IDLE,,1,PROTECTING,Field_2,1,PROTECTING,Field_3,1,IDLE,,14,0.06,0,0,2,18,0.21,4,0,2,20,0.01,1,0,0,12,0.03,7,0,-1,79,0.18,7,0,2,30,0.14,0,0,3,57,0.15,0,0,2,6,0.05,0,0,1,3,0.05,0,0,2,17,0.08,0,0,3,34,0.14,0,0,2,9,0.05,0,0,1
111,300,5,0,19,0,0,0,1,PROTECTING,Field_5,1,PROTECTING,Field_5,1,PROTECTING,Field_4,1,PROTECTING,Field_4,1,PROTECTING,Field_5,1,PROTECTING,Field_2,1,PROTECTING,Field_2,1,PROTECTING,Field_5,1,PROTECTING,Field_5,1,PROTECTING,Field_4,1,PROTECTING,Field_4,1,PROTECTING,Field_5,1,IDLE,,1,IDLE,,1,IDLE,,1,PROTECTING,Field_5,1,PROTECTING,Field_2,1,PROTECTING,Field_4,1,PROTECTING,Field_4,1,PROTECTING,Field_4,1,IDLE,,1,PROTECTING,Field_2,1,PROTECTING,Field_3,1,IDLE,,14,0.06,0,0,2,18,0.21,4,0,2,20,0.01,1,0,0,12,0.03,7,0,-1,79,0.16,7,0,2,30,0.14,0,0,3,58,0.16,0,0,2,6,0.05,0,0,1,3,0.05,0,0,2,17,0.08,0,0,3,34,0.14,0,0,2,9,0.05,0,0,1
112,300,5,0,19,0,0,0,1,PROTECTING,Field_5,1,PROTECTING,Field_5,1,PROTECTING,Field_4,1,PROTECTING,Field_4,1,PROTECTING,Field_5,1,PROTECTING,Field_2,1,PROTECTING,Field_2,1,PROTECTING,Field_5,1,PROTECTING,Field_5,1,PROTECTING,Field_4,1,PROTECTING,Field_4,1,PROTECTING,Field_5,1,IDLE,,1,IDLE,,1,IDLE,,1,PROTECTING,Field_5,1,PROTECTING,Field_2,1,PROTECTING,Field_4,1,PROTECTING,Field_4,1,PROTECTING,Field_4,1,IDLE,,1,PROTECTING,Field_2,1,PROTECTING,Field_3,1,IDLE,,14,0.06,0,0,2,18,0.21,4,0,2,20,0.01,1,0,0,12,0.01,7,0,-1,79,0.15,7,0,2,30,0.14,0,0,3,58,0.14,0,0,2,6,0.05,0,0,1,3,0.05,0,0,2,17,0.08,0,0,3,34,0.16,0,0,2,9,0.05,0,0,1
113,302,5,0,19,0,0,0,1,PROTECTING,Field_5,1,PROTECTING,Field_5,1,PROTECTING,Field_4,1,PROTECTING,Field_4,1,PROTECTING,Field_5,1,PROTECTING,Field_2,1,PROTECTING,Field_2,1,PROTECTING,Field_5,1,PROTECTING,Field_5,1,PROTECTING,Field_4,1,PROTECTING,Field_4,1,PROTECTING,Field_5,1,IDLE,,1,IDLE,,1,IDLE,,1,PROTECTING,Field_5,1,PROTECTING,Field_2,1,PROTECTING,Field_4,1,PROTECTING,Field_4,1,PROTECTING,Field_4,1,IDLE,,1,PROTECTING,Field_2,1,PROTECTING,Field_3,1,IDLE,,14,0.05,0,0,2,18,0.20,4,0,2,20,0.00,1,0,0,12,0.01,7,0,-1,79,0.15,7,0,2,31,0.14,0,0,3,59,0.15,0,0,2,6,0.07,0,0,1,3,0.05,0,0,2,17,0.08,0,0,3,34,0.16,0,0,2,9,0.05,0,0,1
114,304,5,0,19,0,0,0,1,PROTECTING,Field_5,1,PROTECTING,Field_5,1,PROTECTING,Field_4,1,PROTECTING,Field_4,1,PROTECTING,Field_5,1,PROTECTING,Field_2,1,PROTECTING,Field_2,1,PROTECTING,Field_5,1,PROTECTING,Field_5,1,PROTECTING,Field_4,1,PROTECTING,Field_4,1,PROTECTING,Field_5,1,IDLE,,1,IDLE,,1,IDLE,,1,PROTECTING,Field_5,1,PROTECTING,Field_2,1,PROTECTING,Field_4,1,PROTECTING,Field_4,1,PROTECTING,Field_4,1,IDLE,,1,PROTECTING,Field_2,1,PROTECTING,Field_3,1,IDLE,,14,0.05,0,0,2,18,0.21,4,0,2,20,0.00,1,0,0,12,0.01,7,0,-1,79,0.15,7,0,2,31,0.15,0,0,3,61,0.14,0,0,2,6,0.07,0,0,1,3,0.05,0,0,2,17,0.08,0,0,3,34,0.18,0,0,2,9,0.03,0,0,1
115,304,5,0,19,0,0,0,1,PROTECTING,Field_5,1,PROTECTING,Field_5,1,PROTECTING,Field_4,1,PROTECTING,Field_4,1,PROTECTING,Field_5,1,PROTECTING,Field_2,1,PROTECTING,Field_2,1,PROTECTING,Field_5,1,PROTECTING,Field_5,1,PROTECTING,Field_4,1,PROTECTING,Field_4,1,PROTECTING,Field_5,1,IDLE,,1,IDLE,,1,IDLE,,1,PROTECTING,Field_5,1,PROTECTING,Field_2,1,PROTECTING,Field_4,1,PROTECTING,Field_4,1,PROTECTING,Field_4,1,IDLE,,1,PROTECTING,Field_2,1,PROTECTING,Field_3,1,IDLE,,14,0.05,0,0,2,18,0.21,4,0,2,20,0.00,1,0,0,12,0.00,7,0,-1,79,0.15,7,0,2,31,0.15,0,0,3,61,0.13,0,0,2,6,0.07,0,0,1,3,0.04,0,0,2,17,0.10,0,0,3,34,0.18,0,0,2,9,0.03,0,0,1
116,304,5,0,19,0,0,0,1,PROTECTING,Field_5,1,PROTECTING,Field_5,1,PROTECTING,Field_4,1,PROTECTING,Field_4,1,PROTECTING,Field_5,1,PROTECTING,Field_2,1,PROTECTING,Field_2,1,PROTECTING,Field_5,1,PROTECTING,Field_5,1,PROTECTING,Field_4,1,PROTECTING,Field_4,1,PROTECTING,Field_5,1,IDLE,,1,IDLE,,1,IDLE,,1,PROTECTING,Field_5,1,PROTECTING,Field_2,1,PROTECTING,Field_4,1,PROTECTING,Field_4,1,PROTECTING,Field_4,1,IDLE,,1,PROTECTING,Field_2,1,PROTECTING,Field_3,1,IDLE,,14,0.05,0,0,2,18,0.21,4,0,2,20,0.00,1,0,0,12,0.00,7,0,-1,79,0.15,7,0,2,31,0.15,0,0,3,61,0.12,0,0,2,6,0.07,0,0,1,3,0.03,0,0,2,17,0.11,0,0,3,34,0.18,0,0,2,9,0.03,0,0,1
117,305,5,0,19,0,0,0,1,PROTECTING,Field_5,1,PROTECTING,Field_5,1,PROTECTING,Field_4,1,PROTECTING,Field_4,1,PROTECTING,Field_5,1,PROTECTING,Field_2,1,PROTECTING,Field_2,1,PROTECTING,Field_5,1,PROTECTING,Field_5,1,PROTECTING,Field_4,1,PROTECTING,Field_4,1,PROTECTING,Field_5,1,IDLE,,1,IDLE,,1,IDLE,,1,PROTECTING,Field_5,1,PROTECTING,Field_2,1,PROTECTING,Field_4,1,PROTECTING,Field_4,1,PROTECTING,Field_4,1,IDLE,,1,PROTECTING,Field_2,1,PROTECTING,Field_3,1,IDLE,,14,0.05,0,0,2,18,0.21,4,0,2,20,0.00,1,0,0,12,0.01,7,0,-1,79,0.15,7,0,2,32,0.14,0,0,3,61,0.13,0,0,2,6,0.07,0,0,1,3,0.05,0,0,2,17,0.11,0,0,3,34,0.18,0,0,2,9,0.03,0,0,1
118,305,5,0,19,0,0,0,1,PROTECTING,Field_5,1,PROTECTING,Field_5,1,PROTECTING,Field_4,1,PROTECTING,Field_4,1,PROTECTING,Field_5,1,PROTECTING,Field_2,1,PROTECTING,Field_2,1,PROTECTING,Field_5,1,PROTECTING,Field_5,1,PROTECTING,Field_4,1,PROTECTING,Field_4,1,PROTECTING,Field_5,1,IDLE,,1,IDLE,,1,IDLE,,1,PROTECTING,Field_5,1,PROTECTING,Field_2,1,PROTECTING,Field_4,1,PROTECTING,Field_4,1,PROTECTING,Field_4,1,IDLE,,1,PROTECTING,Field_2,1,PROTECTING,Field_3,1,IDLE,,14,0.05,0,0,2,18,0.21,4,0,2,20,0.00,1,0,0,12,0.01,7,0,-1,79,0.14,7,0,2,32,0.14,0,0,3,61,0.13,0,0,2,6,0.07,0,0,1,3,0.06,0,0,2,17,0.15,0,0,3,34,0.18,0,0,2,9,0.03,0,0,1
119,307,5,0,19,0,0,0,1,PROTECTING,Field_5,1,PROTECTING,Field_5,1,PROTECTING,Field_4,1,PROTECTING,Field_4,1,PROTECTING,Field_5,1,PROTECTING,Field_2,1,PROTECTING,Field_2,1,PROTECTING,Field_5,1,PROTECTING,Field_5,1,PROTECTING,Field_4,1,PROTECTING,Field_4,1,PROTECTING,Field_5,1,IDLE,,1,IDLE,,1,IDLE,,1,PROTECTING,Field_5,1,PROTECTING,Field_2,1,PROTECTING,Field_4,1,PROTECTING,Field_4,1,PROTECTING,Field_4,1,IDLE,,1,PROTECTING,Field_2,1,PROTECTING,Field_3,1,IDLE,,14,0.05,0,0,2,18,0.22,4,0,2,20,0.00,1,0,0,12,0.01,7,0,-1,79,0.13,7,0,2,33,0.13,0,0,3,62,0.11,0,0,2,6,0.05,0,0,1,3,0.06,0,0,2,17,0.13,0,0,3,34,0.18,0,0,2,9,0.03,0,0,1
120,309,5,0,19,0,0,0,1,PROTECTING,Field_5,1,PROTECTING,Field_5,1,PROTECTING,Field_4,1,PROTECTING,Field_4,1,PROTECTING,Field_5,1,PROTECTING,Field_2,1,PROTECTING,Field_2,1,PROTECTING,Field_5,1,PROTECTING,Field_5,1,PROTECTING,Field_4,1,PROTECTING,Field_4,1,PROTECTING,Field_5,1,IDLE,,1,IDLE,,1,IDLE,,1,PROTECTING,Field_5,1,PROTECTING,Field_2,1,PROTECTING,Field_4,1,PROTECTING,Field_4,1,PROTECTING,Field_4,1,IDLE,,1,PROTECTING,Field_2,1,PROTECTING,Field_3,1,IDLE,,14,0.05,0,0,2,19,0.21,4,0,2,20,0.00,1,0,0,12,0.01,7,0,-1,79,0.14,7,0,2,33,0.11,0,0,3,63,0.09,0,0,2,6,0.05,0,0,1,3,0.06,0,0,2,17,0.13,0,0,3,34,0.18,0,0,2,9,0.03,0,0,1
121,310,5,0,18,0,1,0,1,PROTECTING,Field_5,1,PROTECTING,Field_5,1,PROTECTING,Field_4,1,PROTECTING,Field_4,1,PROTECTING,Field_5,1,PROTECTING,Field_2,1,PROTECTING,Field_2,1,PROTECTING,Field_5,1,PROTECTING,Field_5,1,PROTECTING,Field_4,1,PROTECTING,Field_4,1,PROTECTING,Field_5,1,IDLE,,1,IDLE,,1,IDLE,,1,PROTECTING,Field_5,1,PROTECTING,Field_2,1,PROTECTING,Field_4,1,PROTECTING,Field_4,1,PROTECTING,Field_4,1,IDLE,,1,PROTECTING,Field_2,1,MOVING_TO_FIELD,Field_6,1,IDLE,,14,0.06,0,0,2,19,0.21,4,0,2,20,0.00,0,0,1,12,0.01,7,0,-1,79,0.15,7,0,2,34,0.11,0,1,3,63,0.09,0,0,2,6,0.05,0,0,1,3,0.06,0,0,2,17,0.11,0,0,3,34,0.20,0,0,2,9,0.03,0,0,1
122,311,5,0,18,0,1,0,1,PROTECTING,Field_5,1,PROTECTING,Field_5,1,PROTECTING,Field_4,1,PROTECTING,Field_4,1,PROTECTING,Field_5,1,PROTECTING,Field_2,1,PROTECTING,Field_2,1,PROTECTING,Field_5,1,PROTECTING,Field_5,1,PROTECTING,Field_4,1,PROTECTING,Field_4,1,PROTECTING,Field_5,1,IDLE,,1,IDLE,,1,IDLE,,1,PROTECTING,Field_5,1,PROTECTING,Field_2,1,PROTECTING,Field_4,1,PROTECTING,Field_4,1,PROTECTING,Field_4,1,IDLE,,1,PROTECTING,Field_2,1,MOVING_TO_FIELD,Field_6,1,IDLE,,14,0.06,0,0,2,19,0.21,4,0,2,20,0.00,0,0,1,12,0.01,7,0,-1,79,0.16,7,0,2,34,0.08,0,1,3,63,0.09,0,0,2,6,0.05,0,0,1,3,0.06,0,0,2,17,0.13,0,0,3,35,0.20,0,0,2,9,0.05,0,0,1
123,312,5,0,18,0,1,0,1,PROTECTING,Field_5,1,PROTECTING,Field_5,1,PROTECTING,Field_4,1,PROTECTING,Field_4,1,PROTECTING,Field_5,1,PROTECTING,Field_2,1,PROTECTING,Field_2,1,PROTECTING,Field_5,1,PROTECTING,Field_5,1,PROTECTING,Field_4,1,PROTECTING,Field_4,1,PROTECTING,Field_5,1,IDLE,,1,IDLE,,1,IDLE,,1,PROTECTING,Field_5,1,PROTECTING,Field_2,1,PROTECTING,Field_4,1,PROTECTING,Field_4,1,PROTECTING,Field_4,1,IDLE,,1,PROTECTING,Field_2,1,MOVING_TO_FIELD,Field_6,1,IDLE,,14,0.06,0,0,2,19,0.22,4,0,2,20,0.00,0,0,1,12,0.01,7,0,-1,80,0.18,7,0,2,34,0.08,0,1,3,63,0.09,0,0,2,6,0.05,0,0,1,3,0.07,0,0,2,17,0.13,0,0,3,35,0.20,0,0,2,9,0.05,0,0,1
124,313,5,0,18,0,1,0,1,PROTECTING,Field_5,1,PROTECTING,Field_5,1,PROTECTING,Field_4,1,PROTECTING,Field_4,1,PROTECTING,Field_5,1,PROTECTING,Field_2,1,PROTECTING,Field_2,1,PROTECTING,Field_5,1,PROTECTING,Field_5,1,PROTECTING,Field_4,1,PROTECTING,Field_4,1,PROTECTING,Field_5,1,IDLE,,1,IDLE,,1,IDLE,,1,PROTECTING,Field_5,1,PROTECTING,Field_2,1,PROTECTING,Field_4,1,PROTECTING,Field_4,1,PROTECTING,Field_4,1,IDLE,,1,PROTECTING,Field_2,1,MOVING_TO_FIELD,Field_6,1,IDLE,,14,0.06,0,0,2,19,0.22,4,0,2,20,0.00,0,0,1,12,0.01,7,0,-1,81,0.17,7,0,2,34,0.08,0,1,3,63,0.09,0,0,2,6,0.05,0,0,1,3,0.07,0,0,2,17,0.13,0,0,3,35,0.20,0,0,2,9,0.05,0,0,1
125,314,5,0,18,0,1,0,1,PROTECTING,Field_5,1,PROTECTING,Field_5,1,PROTECTING,Field_4,1,PROTECTING,Field_4,1,PROTECTING,Field_5,1,PROTECTING,Field_2,1,PROTECTING,Field_2,1,PROTECTING,Field_5,1,PROTECTING,Field_5,1,PROTECTING,Field_4,1,PROTECTING,Field_4,1,PROTECTING,Field_5,1,IDLE,,1,IDLE,,1,IDLE,,1,PROTECTING,Field_5,1,PROTECTING,Field_2,1,PROTECTING,Field_4,1,PROTECTING,Field_4,1,PROTECTING,Field_4,1,IDLE,,1,PROTECTING,Field_2,1,MOVING_TO_FIELD,Field_6,1,IDLE,,14,0.06,0,0,2,19,0.22,4,0,2,20,0.00,0,0,1,12,0.01,7,0,-1,81,0.18,7,0,2,34,0.08,0,1,3,63,0.09,0,0,2,6,0.05,0,0,1,3,0.06,0,0,2,17,0.11,0,0,3,36,0.20,0,0,2,9,0.05,0,0,1
126,315,5,0,18,0,1,0,1,PROTECTING,Field_5,1,PROTECTING,Field_5,1,PROTECTING,Field_4,1,PROTECTING,Field_4,1,PROTECTING,Field_5,1,PROTECTING,Field_2,1,PROTECTING,Field_2,1,PROTECTING,Field_5,1,PROTECTING,Field_5,1,PROTECTING,Field_4,1,PROTECTING,Field_4,1,PROTECTING,Field_5,1,IDLE,,1,IDLE,,1,IDLE,,1,PROTECTING,Field_5,1,PROTECTING,Field_2,1,PROTECTING,Field_4,1,PROTECTING,Field_4,1,PROTECTING,Field_4,1,IDLE,,1,PROTECTING,Field_2,1,MOVING_TO_FIELD,Field_6,1,IDLE,,14,0.06,0,0,2,20,0.22,4,0,2,20,0.00,0,0,1,12,0.01,7,0,-1,81,0.17,7,0,2,34,0.08,0,1,3,63,0.10,0,0,2,6,0.05,0,0,1,3,0.06,0,0,2,17,0.11,0,0,3,36,0.20,0,0,2,9,0.08,0,0,1
127,316,5,0,18,0,1,0,1,PROTECTING,Field_5,1,PROTECTING,Field_5,1,PROTECTING,Field_4,1,PROTECTING,Field_4,1,PROTECTING,Field_5,1,PROTECTING,Field_2,1,PROTECTING,Field_2,1,PROTECTING,Field_5,1,PROTECTING,Field_5,1,PROTECTING,Field_4,1,PROTECTING,Field_4,1,PROTECTING,Field_5,1,IDLE,,1,IDLE,,1,IDLE,,1,PROTECTING,Field_5,1,PROTECTING,Field_2,1,PROTECTING,Field_4,1,PROTECTING,Field_4,1,PROTECTING,Field_4,1,IDLE,,1,PROTECTING,Field_2,1,MOVING_TO_FIELD,Field_6,1,IDLE,,14,0.06,0,0,2,21,0.21,4,0,2,20,0.01,0,0,1,12,0.01,7,0,-1,81,0.18,7,0,2,34,0.08,0,1,3,63,0.11,0,0,2,6,0.05,0,0,1,3,0.06,0,0,2,17,0.11,0,0,3,36,0.20,0,0,2,9,0.08,0,0,1
128,317,5,0,18,0,1,0,1,PROTECTING,Field_5,1,PROTECTING,Field_5,1,PROTECTING,Field_4,1,PROTECTING,Field_4,1,PROTECTING,Field_5,1,PROTECTING,Field_2,1,PROTECTING,Field_2,1,PROTECTING,Field_5,1,PROTECTING,Field_5,1,PROTECTING,Field_4,1,PROTECTING,Field_4,1,PROTECTING,Field_5,1,IDLE,,1,IDLE,,1,IDLE,,1,PROTECTING,Field_5,1,PROTECTING,Field_2,1,PROTECTING,Field_4,1,PROTECTING,Field_4,1,PROTECTING,Field_4,1,IDLE,,1,PROTECTING,Field_2,1,MOVING_TO_FIELD,Field_6,1,IDLE,,14,0.08,0,0,2,21,0.21,4,0,2,20,0.03,0,0,1,12,0.01,7,0,-1,81,0.18,7,0,2,34,0.08,0,1,3,63,0.10,0,0,2,6,0.05,0,0,1,3,0.06,0,0,2,17,0.13,0,0,3,37,0.20,0,0,2,9,0.08,0,0,1
129,318,5,0,18,0,1,0,1,PROTECTING,Field_5,1,PROTECTING,Field_5,1,PROTECTING,Field_4,1,PROTECTING,Field_4,1,PROTECTING,Field_5,1,PROTECTING,Field_2,1,PROTECTING,Field_2,1,PROTECTING,Field_5,1,PROTECTING,Field_5,1,PROTECTING,Field_4,1,PROTECTING,Field_4,1,PROTECTING,Field_5,1,IDLE,,1,IDLE,,1,IDLE,,1,PROTECTING,Field_5,1,PROTECTING,Field_2,1,PROTECTING,Field_4,1,PROTECTING,Field_4,1,PROTECTING,Field_4,1,IDLE,,1,PROTECTING,Field_2,1,MOVING_TO_FIELD,Field_6,1,IDLE,,14,0.08,0,0,2,22,0.21,4,0,2,20,0.03,0,0,1,12,0.01,7,0,-1,81,0.18,7,0,2,34,0.08,0,1,3,63,0.09,0,0,2,6,0.05,0,0,1,3,0.07,0,0,2,17,0.15,0,0,3,37,0.18,0,0,2,9,0.05,0,0,1
130,321,5,0,18,0,1,0,1,PROTECTING,Field_5,1,PROTECTING,Field_5,1,PROTECTING,Field_4,1,PROTECTING,Field_4,1,PROTECTING,Field_5,1,PROTECTING,Field_2,1,PROTECTING,Field_2,1,PROTECTING,Field_5,1,PROTECTING,Field_5,1,PROTECTING,Field_4,1,PROTECTING,Field_4,1,PROTECTING,Field_5,1,IDLE,,1,IDLE,,1,IDLE,,1,PROTECTING,Field_5,1,PROTECTING,Field_2,1,PROTECTING,Field_4,1,PROTECTING,Field_4,1,PROTECTING,Field_4,1,IDLE,,1,PROTECTING,Field_2,1,MOVING_TO_FIELD,Field_6,1,IDLE,,14,0.06,0,0,2,22,0.21,4,0,2,20,0.03,0,0,1,12,0.01,7,0,-1,82,0.18,7,0,2,34,0.08,0,1,3,63,0.09,0,0,2,6,0.02,0,0,1,3,0.07,0,0,2,17,0.16,0,0,3,39,0.18,0,0,2,9,0.05,0,0,1
131,322,3,0,18,0,3,0,1,PROTECTING,Field_5,1,PROTECTING,Field_5,1,PROTECTING,Field_4,1,PROTECTING,Field_4,1,PROTECTING,Field_5,1,PROTECTING,Field_2,1,PROTECTING,Field_2,1,PROTECTING,Field_5,1,PROTECTING,Field_5,1,PROTECTING,Field_4,1,PROTECTING,Field_4,1,PROTECTING,Field_5,1,IDLE,,1,IDLE,,1,IDLE,,1,PROTECTING,Field_5,1,PROTECTING,Field_2,1,PROTECTING,Field_4,1,PROTECTING,Field_4,1,PROTECTING,Field_4,1,MOVING_TO_FIELD,Field_2,1,PROTECTING,Field_2,1,MOVING_TO_FIELD,Field_6,1,MOVING_TO_FIELD,Field_2,14,0.06,0,0,2,22,0.22,4,2,2,20,0.03,0,0,1,12,0.01,7,0,-1,82,0.18,7,0,2,34,0.08,0,1,3,63,0.09,0,0,2,6,0.02,0,0,1,3,0.06,0,0,2,17,0.16,0,0,3,40,0.18,0,0,2,9,0.08,0,0,1
132,323,3,0,18,0,3,0,1,PROTECTING,Field_5,1,PROTECTING,Field_5,1,PROTECTING,Field_4,1,PROTECTING,Field_4,1,PROTECTING,Field_5,1,PROTECTING,Field_2,1,PROTECTING,Field_2,1,PROTECTING,Field_5,1,PROTECTING,Field_5,1,PROTECTING,Field_4,1,PROTECTING,Field_4,1,PROTECTING,Field_5,1,IDLE,,1,IDLE,,1,IDLE,,1,PROTECTING,Field_5,1,PROTECTING,Field_2,1,PROTECTING,Field_4,1,PROTECTING,Field_4,1,PROTECTING,Field_4,1,MOVING_TO_FIELD,Field_2,1,PROTECTING,Field_2,1,MOVING_TO_FIELD,Field_6,1,MOVING_TO_FIELD,Field_2,14,0.08,0,0,2,22,0.22,4,2,2,20,0.03,0,0,1,12,0.01,7,0,-1,82,0.16,7,0,2,34,0.08,0,1,3,63,0.09,0,0,2,6,0.00,0,0,1,3,0.05,0,0,2,18,0.18,0,0,3,40,0.18,0,0,2,9,0.08,0,0,1
133,324,3,0,18,0,3,0,1,PROTECTING,Field_5,1,PROTECTING,Field_5,1,PROTECTING,Field_4,1,PROTECTING,Field_4,1,PROTECTING,Field_5,1,PROTECTING,Field_2,1,PROTECTING,Field_2,1,PROTECTING,Field_5,1,PROTECTING,Field_5,1,PROTECTING,Field_4,1,PROTECTING,Field_4,1,PROTECTING,Field_5,1,IDLE,,1,IDLE,,1,IDLE,,1,PROTECTING,Field_5,1,PROTECTING,Field_2,1,PROTECTING,Field_4,1,PROTECTING,Field_4,1,PROTECTING,Field_4,1,MOVING_TO_FIELD,Field_2,1,PROTECTING,Field_2,1,MOVING_TO_FIELD,Field_6,1,MOVING_TO_FIELD,Field_2,14,0.08,0,0,2,23,0.22,4,2,2,20,0.03,0,0,1,12,0.01,7,0,-1,82,0.16,7,0,2,34,0.08,0,1,3,63,0.09,0,0,2,6,0.00,0,0,1,3,0.05,0,0,2,18,0.18,0,0,3,40,0.18,0,0,2,9,0.08,0,0,1
134,324,3,0,18,0,3,0,1,PROTECTING,Field_5,1,PROTECTING,Field_5,1,PROTECTING,Field_4,1,PROTECTING,Field_4,1,PROTECTING,Field_5,1,PROTECTING,Field_2,1,PROTECTING,Field_2,1,PROTECTING,Field_5,1,PROTECTING,Field_5,1,PROTECTING,Field_4,1,PROTECTING,Field_4,1,PROTECTING,Field_5,1,IDLE,,1,IDLE,,1,IDLE,,1,PROTECTING,Field_5,1,PROTECTING,Field_2,1,PROTECTING,Field_4,1,PROTECTING,Field_4,1,PROTECTING,Field_4,1,MOVING_TO_FIELD,Field_2,1,PROTECTING,Field_2,1,MOVING_TO_FIELD,Field_6,1,MOVING_TO_FIELD,Field_2,14,0.08,0,0,2,23,0.22,4,2,2,20,0.03,0,0,1,12,0.01,7,0,-1,82,0.16,7,0,2,34,0.09,0,1,3,63,0.10,0,0,2,6,0.00,0,0,1,3,0.05,0,0,2,18,0.20,0,0,3,40,0.18,0,0,2,9,0.08,0,0,1
135,326,3,0,18,0,3,0,1,PROTECTING,Field_5,1,PROTECTING,Field_5,1,PROTECTING,Field_4,1,PROTECTING,Field_4,1,PROTECTING,Field_5,1,PROTECTING,Field_2,1,PROTECTING,Field_2,1,PROTECTING,Field_5,1,PROTECTING,Field_5,1,PROTECTING,Field_4,1,PROTECTING,Field_4,1,PROTECTING,Field_5,1,IDLE,,1,IDLE,,1,IDLE,,1,PROTECTING,Field_5,1,PROTECTING,Field_2,1,PROTECTING,Field_4,1,PROTECTING,Field_4,1,PROTECTING,Field_4,1,MOVING_TO_FIELD,Field_2,1,PROTECTING,Field_2,1,MOVING_TO_FIELD,Field_6,1,MOVING_TO_FIELD,Field_2,14,0.10,0,0,2,23,0.21,4,2,2,20,0.01,0,0,1,12,0.01,7,0,-1,82,0.18,7,0,2,34,0.09,0,1,3,63,0.10,0,0,2,6,0.00,0,0,1,3,0.05,0,0,2,19,0.20,0,0,3,41,0.20,0,0,2,9,0.08,0,0,1
136,329,3,0,18,0,3,0,1,PROTECTING,Field_5,1,PROTECTING,Field_5,1,PROTECTING,Field_4,1,PROTECTING,Field_4,1,PROTECTING,Field_5,1,PROTECTING,Field_2,1,PROTECTING,Field_2,1,PROTECTING,Field_5,1,PROTECTING,Field_5,1,PROTECTING,Field_4,1,PROTECTING,Field_4,1,PROTECTING,Field_5,1,IDLE,,1,IDLE,,1,IDLE,,1,PROTECTING,Field_5,1,PROTECTING,Field_2,1,PROTECTING,Field_4,1,PROTECTING,Field_4,1,PROTECTING,Field_4,1,MOVING_TO_FIELD,Field_2,1,PROTECTING,Field_2,1,MOVING_TO_FIELD,Field_6,1,MOVING_TO_FIELD,Field_2,14,0.10,0,0,2,23,0.21,4,2,2,20,0.03,0,0,1,12,0.01,7,0,-1,83,0.20,7,0,2,34,0.09,0,1,3,63,0.11,0,0,2,6,0.02,0,0,1,3,0.05,0,0,2,20,0.20,0,0,3,42,0.18,0,0,2,9,0.08,0,0,1
137,330,3,0,18,0,3,0,1,PROTECTING,Field_5,1,PROTECTING,Field_5,1,PROTECTING,Field_4,1,PROTECTING,Field_4,1,PROTECTING,Field_5,1,PROTECTING,Field_2,1,PROTECTING,Field_2,1,PROTECTING,Field_5,1,PROTECTING,Field_5,1,PROTECTING,Field_4,1,PROTECTING,Field_4,1,PROTECTING,Field_5,1,IDLE,,1,IDLE,,1,IDLE,,1,PROTECTING,Field_5,1,PROTECTING,Field_2,1,PROTECTING,Field_4,1,PROTECTING,Field_4,1,PROTECTING,Field_4,1,MOVING_TO_FIELD,Field_2,1,PROTECTING,Field_2,1,MOVING_TO_FIELD,Field_6,1,MOVING_TO_FIELD,Field_2,14,0.10,0,0,2,24,0.18,4,2,2,20,0.03,0,0,1,12,0.01,7,0,-1,83,0.19,7,0,2,34,0.08,0,1,3,63,0.11,0,0,2,6,0.02,0,0,1,3,0.06,0,0,2,20,0.20,0,0,3,42,0.20,0,0,2,9,0.08,0,0,1
138,332,3,0,18,0,3,0,1,PROTECTING,Field_5,1,PROTECTING,Field_5,1,PROTECTING,Field_4,1,PROTECTING,Field_4,1,PROTECTING,Field_5,1,PROTECTING,Field_2,1,PROTECTING,Field_2,1,PROTECTING,Field_5,1,PROTECTING,Field_5,1,PROTECTING,Field_4,1,PROTECTING,Field_4,1,PROTECTING,Field_5,1,IDLE,,1,IDLE,,1,IDLE,,1,PROTECTING,Field_5,1,PROTECTING,Field_2,1,PROTECTING,Field_4,1,PROTECTING,Field_4,1,PROTECTING,Field_4,1,MOVING_TO_FIELD,Field_2,1,PROTECTING,Field_2,1,MOVING_TO_FIELD,Field_6,1,MOVING_TO_FIELD,Field_2,14,0.11,0,0,2,25,0.18,4,2,2,20,0.03,0,0,1,12,0.01,7,0,-1,84,0.18,7,0,2,34,0.08,0,1,3,63,0.14,0,0,2,6,0.02,0,0,1,3,0.07,0,0,2,20,0.18,0,0,3,42,0.20,0,0,2,9,0.08,0,0,1
139,332,3,0,18,0,3,0,1,PROTECTING,Field_5,1,PROTECTING,Field_5,1,PROTECTING,Field_4,1,PROTECTING,Field_4,1,PROTECTING,Field_5,1,PROTECTING,Field_2,1,PROTECTING,Field_2,1,PROTECTING,Field_5,1,PROTECTING,Field_5,1,PROTECTING,Field_4,1,PROTECTING,Field_4,1,PROTECTING,Field_5,1,IDLE,,1,IDLE,,1,IDLE,,1,PROTECTING,Field_5,1,PROTECTING,Field_2,1,PROTECTING,Field_4,1,PROTECTING,Field_4,1,PROTECTING,Field_4,1,MOVING_TO_FIELD,Field_2,1,PROTECTING,Field_2,1,MOVING_TO_FIELD,Field_6,1,MOVING_TO_FIELD,Field_2,14,0.13,0,0,2,25,0.19,4,2,2,20,0.03,0,0,1,12,0.01,7,0,-1,84,0.18,7,0,2,34,0.09,0,1,3,63,0.15,0,0,2,6,0.02,0,0,1,3,0.07,0,0,2,20,0.18,0,0,3,42,0.20,0,0,2,9,0.08,0,0,1
140,333,3,0,18,0,3,0,1,PROTECTING,Field_5,1,PROTECTING,Field_5,1,PROTECTING,Field_4,1,PROTECTING,Field_4,1,PROTECTING,Field_5,1,PROTECTING,Field_2,1,PROTECTING,Field_2,1,PROTECTING,Field_5,1,PROTECTING,Field_5,1,PROTECTING,Field_4,1,PROTECTING,Field_4,1,PROTECTING,Field_5,1,IDLE,,1,IDLE,,1,IDLE,,1,PROTECTING,Field_5,1,PROTECTING,Field_2,1,PROTECTING,Field_4,1,PROTECTING,Field_4,1,PROTECTING,Field_4,1,MOVING_TO_FIELD,Field_2,1,PROTECTING,Field_2,1,MOVING_TO_FIELD,Field_6,1,MOVING_TO_FIELD,Field_2,14,0.13,0,0,2,26,0.18,4,2,2,20,0.03,0,0,1,12,0.01,7,0,-1,84,0.18,7,0,2,34,0.08,0,1,3,63,0.18,0,0,2,6,0.02,0,0,1,3,0.10,0,0,2,20,0.20,0,0,3,42,0.20,0,0,2,9,0.10,0,0,1
141,334,3,0,18,0,3,0,1,PROTECTING,Field_5,1,PROTECTING,Field_5,1,PROTECTING,Field_4,1,PROTECTING,Field_4,1,PROTECTING,Field_5,1,PROTECTING,Field_2,1,PROTECTING,Field_2,1,PROTECTING,Field_5,1,PROTECTING,Field_5,1,PROTECTING,Field_4,1,PROTECTING,Field_4,1,PROTECTING,Field_5,1,IDLE,,1,IDLE,,1,IDLE,,1,PROTECTING,Field_5,1,PROTECTING,Field_2,1,PROTECTING,Field_4,1,PROTECTING,Field_4,1,PROTECTING,Field_4,1,MOVING_TO_FIELD,Field_2,1,PROTECTING,Field_2,1,MOVING_TO_FIELD,Field_6,1,MOVING_TO_FIELD,Field_2,14,0.15,0,0,2,26,0.18,4,2,2,20,0.01,0,0,1,12,0.01,7,0,-1,84,0.17,7,0,2,34,0.08,0,1,3,63,0.17,0,0,2,6,0.02,0,0,1,3,0.10,0,0,2,20,0.20,0,0,3,43,0.20,0,0,2,9,0.10,0,0,1
142,335,3,0,18,0,3,0,1,PROTECTING,Field_5,1,PROTECTING,Field_5,1,PROTECTING,Field_4,1,PROTECTING,Field_4,1,PROTECTING,Field_5,1,PROTECTING,Field_2,1,PROTECTING,Field_2,1,PROTECTING,Field_5,1,PROTECTING,Field_5,1,PROTECTING,Field_4,1,PROTECTING,Field_4,1,PROTECTING,Field_5,1,IDLE,,1,IDLE,,1,IDLE,,1,PROTECTING,Field_5,1,PROTECTING,Field_2,1,PROTECTING,Field_4,1,PROTECTING,Field_4,1,PROTECTING,Field_4,1,MOVING_TO_FIELD,Field_2,1,PROTECTING,Field_2,1,MOVING_TO_FIELD,Field_6,1,MOVING_TO_FIELD,Field_2,14,0.15,0,0,2,26,0.17,4,2,2,20,0.03,0,0,1,12,0.01,7,0,-1,85,0.18,7,0,2,34,0.08,0,1,3,63,0.16,0,0,2,6,0.05,0,0,1,3,0.09,0,0,2,20,0.18,0,0,3,43,0.20,0,0,2,9,0.10,0,0,1
143,336,3,0,20,0,1,0,1,PROTECTING,Field_5,1,PROTECTING,Field_5,1,PROTECTING,Field_4,1,PROTECTING,Field_4,1,PROTECTING,Field_5,1,PROTECTING,Field_2,1,PROTECTING,Field_2,1,PROTECTING,Field_5,1,PROTECTING,Field_5,1,PROTECTING,Field_4,1,PROTECTING,Field_4,1,PROTECTING,Field_5,1,IDLE,,1,IDLE,,1,IDLE,,1,PROTECTING,Field_5,1,PROTECTING,Field_2,1,PROTECTING,Field_4,1,PROTECTING,Field_4,1,PROTECTING,Field_4,1,PROTECTING,Field_2,1,PROTECTING,Field_2,1,PROTECTING,Field_6,1,MOVING_TO_FIELD,Field_2,14,0.15,0,0,2,26,0.18,5,1,1,20,0.03,0,0,1,12,0.00,7,0,-1,85,0.16,7,0,2,34,0.07,1,0,2,63,0.15,0,0,2,6,0.05,0,0,1,3,0.09,0,0,2,21,0.18,0,0,3,43,0.18,0,0,2,9,0.10,0,0,1
144,337,3,0,20,0,1,0,1,PROTECTING,Field_5,1,PROTECTING,Field_5,1,PROTECTING,Field_4,1,PROTECTING,Field_4,1,PROTECTING,Field_5,1,PROTECTING,Field_2,1,PROTECTING,Field_2,1,PROTECTING,Field_5,1,PROTECTING,Field_5,1,PROTECTING,Field_4,1,PROTECTING,Field_4,1,PROTECTING,Field_5,1,IDLE,,1,IDLE,,1,IDLE,,1,PROTECTING,Field_5,1,PROTECTING,Field_2,1,PROTECTING,Field_4,1,PROTECTING,Field_4,1,PROTECTING,Field_4,1,PROTECTING,Field_2,1,PROTECTING,Field_2,1,PROTECTING,Field_6,1,MOVING_TO_FIELD,Field_2,14,0.13,0,0,2,26,0.16,5,1,1,20,0.03,0,0,1,12,0.00,7,0,-1,85,0.16,7,0,2,34,0.07,1,0,2,64,0.15,0,0,2,6,0.02,0,0,1,3,0.09,0,0,2,21,0.18,0,0,3,43,0.14,0,0,2,9,0.10,0,0,1
145,340,3,0,20,0,1,0,1,PROTECTING,Field_5,1,PROTECTING,Field_5,1,PROTECTING,Field_4,1,PROTECTING,Field_4,1,PROTECTING,Field_5,1,PROTECTING,Field_2,1,PROTECTING,Field_2,1,PROTECTING,Field_5,1,PROTECTING,Field_5,1,PROTECTING,Field_4,1,PROTECTING,Field_4,1,PROTECTING,Field_5,1,IDLE,,1,IDLE,,1,IDLE,,1,PROTECTING,Field_5,1,PROTECTING,Field_2,1,PROTECTING,Field_4,1,PROTECTING,Field_4,1,PROTECTING,Field_4,1,PROTECTING,Field_2,1,PROTECTING,Field_2,1,PROTECTING,Field_6,1,MOVING_TO_FIELD,Field_2,15,0.15,0,0,2,26,0.16,5,1,1,20,0.01,0,0,1,12,0.00,7,0,-1,85,0.16,7,0,2,34,0.08,1,0,2,64,0.16,0,0,2,6,0.02,0,0,1,4,0.09,0,0,2,22,0.16,0,0,3,43,0.12,0,0,2,9,0.10,0,0,1
146,345,3,0,20,0,1,0,1,PROTECTING,Field_5,1,PROTECTING,Field_5,1,PROTECTING,Field_4,1,PROTECTING,Field_4,1,PROTECTING,Field_5,1,PROTECTING,Field_2,1,PROTECTING,Field_2,1,PROTECTING,Field_5,1,PROTECTING,Field_5,1,PROTECTING,Field_4,1,PROTECTING,Field_4,1,PROTECTING,Field_5,1,IDLE,,1,IDLE,,1,IDLE,,1,PROTECTING,Field_5,1,PROTECTING,Field_2,1,PROTECTING,Field_4,1,PROTECTING,Field_4,1,PROTECTING,Field_4,1,PROTECTING,Field_2,1,PROTECTING,Field_2,1,PROTECTING,Field_6,1,MOVING_TO_FIELD,Field_2,16,0.15,0,0,2,26,0.15,5,1,1,20,0.01,0,0,1,12,0.01,7,0,-1,88,0.16,7,0,2,34,0.11,1,0,2,64,0.14,0,0,2,6,0.02,0,0,1,4,0.08,0,0,2,23,0.18,0,0,3,43,0.12,0,0,2,9,0.10,0,0,1
147,350,3,0,20,0,1,0,1,PROTECTING,Field_5,1,PROTECTING,Field_5,1,PROTECTING,Field_4,1,PROTECTING,Field_4,1,PROTECTING,Field_5,1,PROTECTING,Field_2,1,PROTECTING,Field_2,1,PROTECTING,Field_5,1,PROTECTING,Field_5,1,PROTECTING,Field_4,1,PROTECTING,Field_4,1,PROTECTING,Field_5,1,IDLE,,1,IDLE,,1,IDLE,,1,PROTECTING,Field_5,1,PROTECTING,Field_2,1,PROTECTING,Field_4,1,PROTECTING,Field_4,1,PROTECTING,Field_4,1,PROTECTING,Field_2,1,PROTECTING,Field_2,1,PROTECTING,Field_6,1,MOVING_TO_FIELD,Field_2,17,0.15,0,0,2,28,0.15,5,1,1,20,0.01,0,0,1,12,0.01,7,0,-1,89,0.16,7,0,2,34,0.11,1,0,2,64,0.14,0,0,2,6,0.02,0,0,1,4,0.09,0,0,2,24,0.20,0,0,3,43,0.12,0,0,2,9,0.10,0,0,1
148,351,3,0,20,0,1,0,1,PROTECTING,Field_5,1,PROTECTING,Field_5,1,PROTECTING,Field_4,1,PROTECTING,Field_4,1,PROTECTING,Field_5,1,PROTECTING,Field_2,1,PROTECTING,Field_2,1,PROTECTING,Field_5,1,PROTECTING,Field_5,1,PROTECTING,Field_4,1,PROTECTING,Field_4,1,PROTECTING,Field_5,1,IDLE,,1,IDLE,,1,IDLE,,1,PROTECTING,Field_5,1,PROTECTING,Field_2,1,PROTECTING,Field_4,1,PROTECTING,Field_4,1,PROTECTING,Field_4,1,PROTECTING,Field_2,1,PROTECTING,Field_2,1,PROTECTING,Field_6,1,MOVING_TO_FIELD,Field_2,18,0.15,0,0,2,28,0.17,5,1,1,20,0.00,0,0,1,12,0.01,7,0,-1,89,0.16,7,0,2,34,0.11,1,0,2,64,0.16,0,0,2,6,0.02,0,0,1,4,0.07,0,0,2,24,0.21,0,0,3,43,0.12,0,0,2,9,0.08,0,0,1
149,355,3,0,20,0,1,0,1,PROTECTING,Field_5,1,PROTECTING,Field_5,1,PROTECTING,Field_4,1,PROTECTING,Field_4,1,PROTECTING,Field_5,1,PROTECTING,Field_2,1,PROTECTING,Field_2,1,PROTECTING,Field_5,1,PROTECTING,Field_5,1,PROTECTING,Field_4,1,PROTECTING,Field_4,1,PROTECTING,Field_5,1,IDLE,,1,IDLE,,1,IDLE,,1,PROTECTING,Field_5,1,PROTECTING,Field_2,1,PROTECTING,Field_4,1,PROTECTING,Field_4,1,PROTECTING,Field_4,1,PROTECTING,Field_2,1,PROTECTING,Field_2,1,PROTECTING,Field_6,1,MOVING_TO_FIELD,Field_2,19,0.13,0,0,2,30,0.16,5,1,1,20,0.00,0,0,1,12,0.01,7,0,-1,89,0.16,7,0,2,34,0.12,1,0,2,65,0.13,0,0,2,6,0.02,0,0,1,4,0.07,0,0,2,24,0.25,0,0,3,43,0.12,0,0,2,9,0.08,0,0,1
150,358,3,0,20,0,1,0,1,PROTECTING,Field_5,1,PROTECTING,Field_5,1,PROTECTING,Field_4,1,PROTECTING,Field_4,1,PROTECTING,Field_5,1,PROTECTING,Field_2,1,PROTECTING,Field_2,1,PROTECTING,Field_5,1,PROTECTING,Field_5,1,PROTECTING,Field_4,1,PROTECTING,Field_4,1,PROTECTING,Field_5,1,IDLE,,1,IDLE,,1,IDLE,,1,PROTECTING,Field_5,1,PROTECTING,Field_2,1,PROTECTING,Field_4,1,PROTECTING,Field_4,1,PROTECTING,Field_4,1,PROTECTING,Field_2,1,PROTECTING,Field_2,1,PROTECTING,Field_6,1,MOVING_TO_FIELD,Field_2,19,0.13,0,0,2,30,0.15,5,1,1,20,0.01,0,0,1,12,0.01,7,0,-1,90,0.15,7,0,2,34,0.12,1,0,2,66,0.13,0,0,2,6,0.02,0,0,1,4,0.08,0,0,2,24,0.23,0,0,3,43,0.11,0,0,2,10,0.08,0,0,1
151,359,3,0,20,0,1,0,1,PROTECTING,Field_5,1,PROTECTING,Field_5,1,PROTECTING,Field_4,1,PROTECTING,Field_4,1,PROTECTING,Field_5,1,PROTECTING,Field_2,1,PROTECTING,Field_2,1,PROTECTING,Field_5,1,PROTECTING,Field_5,1,PROTECTING,Field_4,1,PROTECTING,Field_4,1,PROTECTING,Field_5,1,IDLE,,1,IDLE,,1,IDLE,,1,PROTECTING,Field_5,1,PROTECTING,Field_2,1,PROTECTING,Field_4,1,PROTECTING,Field_4,1,PROTECTING,Field_4,1,PROTECTING,Field_2,1,PROTECTING,Field_2,1,PROTECTING,Field_6,1,MOVING_TO_FIELD,Field_10,19,0.15,0,0,2,30,0.15,5,0,1,20,0.04,0,0,1,12,0.01,7,0,-1,90,0.15,7,0,2,34,0.12,1,0,2,67,0.12,0,0,2,6,0.02,0,0,1,4,0.09,0,0,2,24,0.23,0,1,3,43,0.11,0,0,2,10,0.08,0,0,1
152,362,3,0,20,0,1,0,1,PROTECTING,Field_5,1,PROTECTING,Field_5,1,PROTECTING,Field_4,1,PROTECTING,Field_4,1,PROTECTING,Field_5,1,PROTECTING,Field_2,1,PROTECTING,Field_2,1,PROTECTING,Field_5,1,PROTECTING,Field_5,1,PROTECTING,Field_4,1,PROTECTING,Field_4,1,PROTECTING,Field_5,1,IDLE,,1,IDLE,,1,IDLE,,1,PROTECTING,Field_5,1,PROTECTING,Field_2,1,PROTECTING,Field_4,1,PROTECTING,Field_4,1,PROTECTING,Field_4,1,PROTECTING,Field_2,1,PROTECTING,Field_2,1,PROTECTING,Field_6,1,MOVING_TO_FIELD,Field_10,19,0.13,0,0,2,32,0.15,5,0,1,20,0.04,0,0,1,12,0.01,7,0,-1,90,0.16,7,0,2,35,0.13,1,0,2,67,0.11,0,0,2,6,0.02,0,0,1,4,0.09,0,0,2,24,0.21,0,1,3,43,0.11,0,0,2,10,0.08,0,0,1
153,363,3,0,20,0,1,0,1,PROTECTING,Field_5,1,PROTECTING,Field_5,1,PROTECTING,Field_4,1,PROTECTING,Field_4,1,PROTECTING,Field_5,1,PROTECTING,Field_2,1,PROTECTING,Field_2,1,PROTECTING,Field_5,1,PROTECTING,Field_5,1,PROTECTING,Field_4,1,PROTECTING,Field_4,1,PROTECTING,Field_5,1,IDLE,,1,IDLE,,1,IDLE,,1,PROTECTING,Field_5,1,PROTECTING,Field_2,1,PROTECTING,Field_4,1,PROTECTING,Field_4,1,PROTECTING,Field_4,1,PROTECTING,Field_2,1,PROTECTING,Field_2,1,PROTECTING,Field_6,1,MOVING_TO_FIELD,Field_10,19,0.11,0,0,2,32,0.17,5,0,1,20,0.04,0,0,1,12,0.01,7,0,-1,90,0.16,7,0,2,36,0.14,1,0,2,67,0.11,0,0,2,6,0.02,0,0,1,4,0.10,0,0,2,24,0.21,0,1,3,43,0.11,0,0,2,10,0.08,0,0,1
154,366,3,0,20,0,1,0,1,PROTECTING,Field_5,1,PROTECTING,Field_5,1,PROTECTING,Field_4,1,PROTECTING,Field_4,1,PROTECTING,Field_5,1,PROTECTING,Field_2,1,PROTECTING,Field_2,1,PROTECTING,Field_5,1,PROTECTING,Field_5,1,PROTECTING,Field_4,1,PROTECTING,Field_4,1,PROTECTING,Field_5,1,IDLE,,1,IDLE,,1,IDLE,,1,PROTECTING,Field_5,1,PROTECTING,Field_2,1,PROTECTING,Field_4,1,PROTECTING,Field_4,1,PROTECTING,Field_4,1,PROTECTING,Field_2,1,PROTECTING,Field_2,1,PROTECTING,Field_6,1,MOVING_TO_FIELD,Field_10,19,0.11,0,0,2,32,0.18,5,0,1,20,0.04,0,0,1,12,0.01,7,0,-1,91,0.15,7,0,2,38,0.14,1,0,2,67,0.11,0,0,2,6,0.02,0,0,1,4,0.10,0,0,2,24,0.21,0,1,3,43,0.11,0,0,2,10,0.08,0,0,1
155,367,3,0,20,0,1,0,1,PROTECTING,Field_5,1,PROTECTING,Field_5,1,PROTECTING,Field_4,1,PROTECTING,Field_4,1,PROTECTING,Field_5,1,PROTECTING,Field_2,1,PROTECTING,Field_2,1,PROTECTING,Field_5,1,PROTECTING,Field_5,1,PROTECTING,Field_4,1,PROTECTING,Field_4,1,PROTECTING,Field_5,1,IDLE,,1,IDLE,,1,IDLE,,1,PROTECTING,Field_5,1,PROTECTING,Field_2,1,PROTECTING,Field_4,1,PROTECTING,Field_4,1,PROTECTING,Field_4,1,PROTECTING,Field_2,1,PROTECTING,Field_2,1,PROTECTING,Field_6,1,MOVING_TO_FIELD,Field_10,19,0.11,0,0,2,32,0.21,5,0,1,20,0.01,0,0,1,12,0.01,7,0,-1,92,0.15,7,0,2,38,0.14,1,0,2,67,0.11,0,0,2,6,0.02,0,0,1,4,0.10,0,0,2,24,0.21,0,1,3,43,0.09,0,0,2,10,0.05,0,0,1
156,368,3,0,20,0,1,0,1,PROTECTING,Field_5,1,PROTECTING,Field_5,1,PROTECTING,Field_4,1,PROTECTING,Field_4,1,PROTECTING,Field_5,1,PROTECTING,Field_2,1,PROTECTING,Field_2,1,PROTECTING,Field_5,1,PROTECTING,Field_5,1,PROTECTING,Field_4,1,PROTECTING,Field_4,1,PROTECTING,Field_5,1,IDLE,,1,IDLE,,1,IDLE,,1,PROTECTING,Field_5,1,PROTECTING,Field_2,1,PROTECTING,Field_4,1,PROTECTING,Field_4,1,PROTECTING,Field_4,1,PROTECTING,Field_2,1,PROTECTING,Field_2,1,PROTECTING,Field_6,1,MOVING_TO_FIELD,Field_10,19,0.11,0,0,2,33,0.20,5,0,1,20,0.01,0,0,1,12,0.01,7,0,-1,92,0.15,7,0,2,38,0.15,1,0,2,67,0.13,0,0,2,6,0.02,0,0,1,4,0.12,0,0,2,24,0.21,0,1,3,43,0.07,0,0,2,10,0.05,0,0,1
157,369,3,0,20,0,1,0,1,PROTECTING,Field_5,1,PROTECTING,Field_5,1,PROTECTING,Field_4,1,PROTECTING,Field_4,1,PROTECTING,Field_5,1,PROTECTING,Field_2,1,PROTECTING,Field_2,1,PROTECTING,Field_5,1,PROTECTING,Field_5,1,PROTECTING,Field_4,1,PROTECTING,Field_4,1,PROTECTING,Field_5,1,IDLE,,1,IDLE,,1,IDLE,,1,PROTECTING,Field_5,1,PROTECTING,Field_2,1,PROTECTING,Field_4,1,PROTECTING,Field_4,1,PROTECTING,Field_4,1,PROTECTING,Field_2,1,PROTECTING,Field_2,1,PROTECTING,Field_6,1,MOVING_TO_FIELD,Field_10,19,0.11,0,0,2,33,0.19,5,0,1,20,0.01,0,0,1,12,0.01,7,0,-1,93,0.14,7,0,2,38,0.15,1,0,2,67,0.12,0,0,2,6,0.02,0,0,1,4,0.11,0,0,2,24,0.18,0,1,3,43,0.07,0,0,2,10,0.05,0,0,1
158,371,3,0,20,0,1,0,1,PROTECTING,Field_5,1,PROTECTING,Field_5,1,PROTECTING,Field_4,1,PROTECTING,Field_4,1,PROTECTING,Field_5,1,PROTECTING,Field_2,1,PROTECTING,Field_2,1,PROTECTING,Field_5,1,PROTECTING,Field_5,1,PROTECTING,Field_4,1,PROTECTING,Field_4,1,PROTECTING,Field_5,1,IDLE,,1,IDLE,,1,IDLE,,1,PROTECTING,Field_5,1,PROTECTING,Field_2,1,PROTECTING,Field_4,1,PROTECTING,Field_4,1,PROTECTING,Field_4,1,PROTECTING,Field_2,1,PROTECTING,Field_2,1,PROTECTING,Field_6,1,MOVING_TO_FIELD,Field_10,20,0.13,0,0,2,33,0.20,5,0,1,20,0.01,0,0,1,12,0.01,7,0,-1,93,0.15,7,0,2,38,0.15,1,0,2,68,0.13,0,0,2,6,0.02,0,0,1,4,0.11,0,0,2,24,0.18,0,1,3,43,0.07,0,0,2,10,0.05,0,0,1
159,372,3,0,20,0,1,0,1,PROTECTING,Field_5,1,PROTECTING,Field_5,1,PROTECTING,Field_4,1,PROTECTING,Field_4,1,PROTECTING,Field_5,1,PROTECTING,Field_2,1,PROTECTING,Field_2,1,PROTECTING,Field_5,1,PROTECTING,Field_5,1,PROTECTING,Field_4,1,PROTECTING,Field_4,1,PROTECTING,Field_5,1,IDLE,,1,IDLE,,1,IDLE,,1,PROTECTING,Field_5,1,PROTECTING,Field_2,1,PROTECTING,Field_4,1,PROTECTING,Field_4,1,PROTECTING,Field_4,1,PROTECTING,Field_2,1,PROTECTING,Field_2,1,PROTECTING,Field_6,1,MOVING_TO_FIELD,Field_10,20,0.13,0,0,2,34,0.20,5,0,1,20,0.00,0,0,1,12,0.01,7,0,-1,93,0.15,7,0,2,38,0.15,1,0,2,68,0.14,0,0,2,6,0.02,0,0,1,4,0.13,0,0,2,24,0.18,0,1,3,43,0.07,0,0,2,10,0.05,0,0,1
160,372,3,0,20,0,1,0,1,PROTECTING,Field_5,1,PROTECTING,Field_5,1,PROTECTING,Field_4,1,PROTECTING,Field_4,1,PROTECTING,Field_5,1,PROTECTING,Field_2,1,PROTECTING,Field_2,1,PROTECTING,Field_5,1,PROTECTING,Field_5,1,PROTECTING,Field_4,1,PROTECTING,Field_4,1,PROTECTING,Field_5,1,IDLE,,1,IDLE,,1,IDLE,,1,PROTECTING,Field_5,1,PROTECTING,Field_2,1,PROTECTING,Field_4,1,PROTECTING,Field_4,1,PROTECTING,Field_4,1,PROTECTING,Field_2,1,PROTECTING,Field_2,1,PROTECTING,Field_6,1,MOVING_TO_FIELD,Field_10,20,0.13,0,0,2,34,0.21,5,0,1,20,0.00,0,0,1,12,0.01,7,0,-1,93,0.12,7,0,2,38,0.15,1,0,2,68,0.16,0,0,2,6,0.02,0,0,1,4,0.12,0,0,2,24,0.18,0,1,3,43,0.07,0,0,2,10,0.05,0,0,1
161,374,3,0,20,0,1,0,1,PROTECTING,Field_5,1,PROTECTING,Field_5,1,PROTECTING,Field_4,1,PROTECTING,Field_4,1,PROTECTING,Field_5,1,PROTECTING,Field_2,1,PROTECTING,Field_2,1,PROTECTING,Field_5,1,PROTECTING,Field_5,1,PROTECTING,Field_4,1,PROTECTING,Field_4,1,PROTECTING,Field_5,1,IDLE,,1,IDLE,,1,IDLE,,1,PROTECTING,Field_5,1,PROTECTING,Field_2,1,PROTECTING,Field_4,1,PROTECTING,Field_4,1,PROTECTING,Field_4,1,PROTECTING,Field_2,1,PROTECTING,Field_2,1,PROTECTING,Field_6,1,MOVING_TO_FIELD,Field_10,20,0.13,0,0,2,35,0.21,5,0,1,20,0.00,0,0,1,12,0.01,7,0,-1,93,0.12,7,0,2,38,0.15,1,0,2,69,0.17,0,0,2,6,0.02,0,0,1,4,0.13,0,0,2,24,0.16,0,1,3,43,0.07,0,0,2,10,0.05,0,0,1
162,376,3,0,20,0,1,0,1,PROTECTING,Field_5,1,PROTECTING,Field_5,1,PROTECTING,Field_4,1,PROTECTING,Field_4,1,PROTECTING,Field_5,1,PROTECTING,Field_2,1,PROTECTING,Field_2,1,PROTECTING,Field_5,1,PROTECTING,Field_5,1,PROTECTING,Field_4,1,PROTECTING,Field_4,1,PROTECTING,Field_5,1,IDLE,,1,IDLE,,1,IDLE,,1,PROTECTING,Field_5,1,PROTECTING,Field_2,1,PROTECTING,Field_4,1,PROTECTING,Field_4,1,PROTECTING,Field_4,1,PROTECTING,Field_2,1,PROTECTING,Field_2,1,PROTECTING,Field_6,1,MOVING_TO_FIELD,Field_10,20,0.13,0,0,2,35,0.21,5,0,1,20,0.00,0,0,1,12,0.01,7,0,-1,94,0.12,7,0,2,38,0.15,1,0,2,70,0.17,0,0,2,6,0.02,0,0,1,4,0.14,0,0,2,24,0.15,0,1,3,43,0.05,0,0,2,10,0.05,0,0,1
163,377,3,0,20,0,1,0,1,PROTECTING,Field_5,1,PROTECTING,Field_5,1,PROTECTING,Field_4,1,PROTECTING,Field_4,1,PROTECTING,Field_5,1,PROTECTING,Field_2,1,PROTECTING,Field_2,1,PROTECTING,Field_5,1,PROTECTING,Field_5,1,PROTECTING,Field_4,1,PROTECTING,Field_4,1,PROTECTING,Field_5,1,IDLE,,1,IDLE,,1,IDLE,,1,PROTECTING,Field_5,1,PROTECTING,Field_2,1,PROTECTING,Field_4,1,PROTECTING,Field_4,1,PROTECTING,Field_4,1,PROTECTING,Field_2,1,PROTECTING,Field_2,1,PROTECTING,Field_6,1,MOVING_TO_FIELD,Field_10,20,0.13,0,0,2,35,0.21,5,0,1,20,0.01,0,0,1,12,0.01,7,0,-1,95,0.11,7,0,2,38,0.16,1,0,2,70,0.19,0,0,2,6,0.02,0,0,1,4,0.14,0,0,2,24,0.15,0,1,3,43,0.05,0,0,2,10,0.05,0,0,1
164,383,3,0,20,0,1,0,1,PROTECTING,Field_5,1,PROTECTING,Field_5,1,PROTECTING,Field_4,1,PROTECTING,Field_4,1,PROTECTING,Field_5,1,PROTECTING,Field_2,1,PROTECTING,Field_2,1,PROTECTING,Field_5,1,PROTECTING,Field_5,1,PROTECTING,Field_4,1,PROTECTING,Field_4,1,PROTECTING,Field_5,1,IDLE,,1,IDLE,,1,IDLE,,1,PROTECTING,Field_5,1,PROTECTING,Field_2,1,PROTECTING,Field_4,1,PROTECTING,Field_4,1,PROTECTING,Field_4,1,PROTECTING,Field_2,1,PROTECTING,Field_2,1,PROTECTING,Field_6,1,MOVING_TO_FIELD,Field_10,21,0.13,0,0,2,35,0.21,5,0,1,20,0.01,0,0,1,12,0.01,7,0,-1,95,0.11,7,0,2,41,0.16,1,0,2,72,0.19,0,0,2,6,0.02,0,0,1,4,0.14,0,0,2,24,0.15,0,1,3,43,0.05,0,0,2,10,0.03,0,0,1
165,387,3,0,20,0,1,0,1,PROTECTING,Field_5,1,PROTECTING,Field_5,1,PROTECTING,Field_4,1,PROTECTING,Field_4,1,PROTECTING,Field_5,1,PROTECTING,Field_2,1,PROTECTING,Field_2,1,PROTECTING,Field_5,1,PROTECTING,Field_5,1,PROTECTING,Field_4,1,PROTECTING,Field_4,1,PROTECTING,Field_5,1,IDLE,,1,IDLE,,1,IDLE,,1,PROTECTING,Field_5,1,PROTECTING,Field_2,1,PROTECTING,Field_4,1,PROTECTING,Field_4,1,PROTECTING,Field_4,1,PROTECTING,Field_2,1,PROTECTING,Field_2,1,PROTECTING,Field_6,1,MOVING_TO_FIELD,Field_10,21,0.13,0,0,2,36,0.21,5,0,1,20,0.04,0,0,1,12,0.01,7,0,-1,96,0.11,7,0,2,42,0.18,1,0,2,73,0.19,0,0,2,6,0.05,0,0,1,4,0.13,0,0,2,24,0.13,0,1,3,43,0.04,0,0,2,10,0.03,0,0,1
166,391,3,0,20,0,1,0,1,PROTECTING,Field_5,1,PROTECTING,Field_5,1,PROTECTING,Field_4,1,PROTECTING,Field_4,1,PROTECTING,Field_5,1,PROTECTING,Field_2,1,PROTECTING,Field_2,1,PROTECTING,Field_5,1,PROTECTING,Field_5,1,PROTECTING,Field_4,1,PROTECTING,Field_4,1,PROTECTING,Field_5,1,IDLE,,1,IDLE,,1,IDLE,,1,PROTECTING,Field_5,1,PROTECTING,Field_2,1,PROTECTING,Field_4,1,PROTECTING,Field_4,1,PROTECTING,Field_4,1,PROTECTING,Field_2,1,PROTECTING,Field_2,1,PROTECTING,Field_6,1,MOVING_TO_FIELD,Field_10,21,0.15,0,0,2,37,0.21,5,0,1,20,0.04,0,0,1,12,0.01,7,0,-1,96,0.12,7,0,2,43,0.16,1,0,2,75,0.19,0,0,2,6,0.05,0,0,1,4,0.14,0,0,2,24,0.16,0,1,3,43,0.04,0,0,2,10,0.05,0,0,1
167,391,3,0,20,0,1,0,1,PROTECTING,Field_5,1,PROTECTING,Field_5,1,PROTECTING,Field_4,1,PROTECTING,Field_4,1,PROTECTING,Field_5,1,PROTECTING,Field_2,1,PROTECTING,Field_2,1,PROTECTING,Field_5,1,PROTECTING,Field_5,1,PROTECTING,Field_4,1,PROTECTING,Field_4,1,PROTECTING,Field_5,1,IDLE,,1,IDLE,,1,IDLE,,1,PROTECTING,Field_5,1,PROTECTING,Field_2,1,PROTECTING,Field_4,1,PROTECTING,Field_4,1,PROTECTING,Field_4,1,PROTECTING,Field_2,1,PROTECTING,Field_2,1,PROTECTING,Field_6,1,MOVING_TO_FIELD,Field_10,21,0.15,0,0,2,37,0.21,5,0,1,20,0.04,0,0,1,12,0.01,7,0,-1,96,0.13,7,0,2,43,0.16,1,0,2,75,0.18,0,0,2,6,0.05,0,0,1,4,0.15,0,0,2,24,0.18,0,1,3,43,0.04,0,0,2,10,0.05,0,0,1
168,395,3,0,20,0,1,0,1,PROTECTING,Field_5,1,PROTECTING,Field_5,1,PROTECTING,Field_4,1,PROTECTING,Field_4,1,PROTECTING,Field_5,1,PROTECTING,Field_2,1,PROTECTING,Field_2,1,PROTECTING,Field_5,1,PROTECTING,Field_5,1,PROTECTING,Field_4,1,PROTECTING,Field_4,1,PROTECTING,Field_5,1,IDLE,,1,IDLE,,1,IDLE,,1,PROTECTING,Field_5,1,PROTECTING,Field_2,1,PROTECTING,Field_4,1,PROTECTING,Field_4,1,PROTECTING,Field_4,1,PROTECTING,Field_2,1,PROTECTING,Field_2,1,PROTECTING,Field_6,1,MOVING_TO_FIELD,Field_10,22,0.15,0,0,2,38,0.21,5,0,1,20,0.04,0,0,1,12,0.01,7,0,-1,96,0.13,7,0,2,44,0.16,1,0,2,75,0.17,0,0,2,6,0.05,0,0,1,5,0.15,0,0,2,24,0.18,0,1,3,43,0.04,0,0,2,10,0.05,0,0,1
169,398,3,0,20,0,1,0,1,PROTECTING,Field_5,1,PROTECTING,Field_5,1,PROTECTING,Field_4,1,PROTECTING,Field_4,1,PROTECTING,Field_5,1,PROTECTING,Field_2,1,PROTECTING,Field_2,1,PROTECTING,Field_5,1,PROTECTING,Field_5,1,PROTECTING,Field_4,1,PROTECTING,Field_4,1,PROTECTING,Field_5,1,IDLE,,1,IDLE,,1,IDLE,,1,PROTECTING,Field_5,1,PROTECTING,Field_2,1,PROTECTING,Field_4,1,PROTECTING,Field_4,1,PROTECTING,Field_4,1,PROTECTING,Field_2,1,PROTECTING,Field_2,1,PROTECTING,Field_6,1,MOVING_TO_FIELD,Field_10,22,0.16,0,0,2,38,0.21,5,0,1,20,0.04,0,0,1,12,0.01,7,0,-1,96,0.13,7,0,2,46,0.16,1,0,2,75,0.17,0,0,2,6,0.05,0,0,1,6,0.15,0,0,2,24,0.18,0,1,3,43,0.02,0,0,2,10,0.05,0,0,1
170,399,3,0,20,0,1,0,1,PROTECTING,Field_5,1,PROTECTING,Field_5,1,PROTECTING,Field_4,1,PROTECTING,Field_4,1,PROTECTING,Field_5,1,PROTECTING,Field_2,1,PROTECTING,Field_2,1,PROTECTING,Field_5,1,PROTECTING,Field_5,1,PROTECTING,Field_4,1,PROTECTING,Field_4,1,PROTECTING,Field_5,1,IDLE,,1,IDLE,,1,IDLE,,1,PROTECTING,Field_5,1,PROTECTING,Field_2,1,PROTECTING,Field_4,1,PROTECTING,Field_4,1,PROTECTING,Field_4,1,PROTECTING,Field_2,1,PROTECTING,Field_2,1,PROTECTING,Field_6,1,MOVING_TO_FIELD,Field_10,22,0.16,0,0,2,38,0.21,5,0,1,20,0.04,0,0,1,12,0.01,7,0,-1,96,0.12,7,0,2,46,0.16,1,0,2,76,0.17,0,0,2,6,0.05,0,0,1,6,0.14,0,0,2,24,0.18,0,1,3,43,0.04,0,0,2,10,0.08,0,0,1
171,400,3,0,20,0,1,0,1,PROTECTING,Field_5,1,PROTECTING,Field_5,1,PROTECTING,Field_4,1,PROTECTING,Field_4,1,PROTECTING,Field_5,1,PROTECTING,Field_2,1,PROTECTING,Field_2,1,PROTECTING,Field_5,1,PROTECTING,Field_5,1,PROTECTING,Field_4,1,PROTECTING,Field_4,1,PROTECTING,Field_5,1,IDLE,,1,IDLE,,1,IDLE,,1,PROTECTING,Field_5,1,PROTECTING,Field_2,1,PROTECTING,Field_4,1,PROTECTING,Field_4,1,PROTECTING,Field_4,1,PROTECTING,Field_2,1,PROTECTING,Field_2,1,PROTECTING,Field_6,1,MOVING_TO_FIELD,Field_10,22,0.16,0,0,2,38,0.23,5,0,1,20,0.04,0,0,1,12,0.01,7,0,-1,96,0.13,7,0,2,46,0.16,1,0,2,77,0.17,0,0,2,6,0.05,0,0,1,6,0.13,0,0,2,24,0.18,0,1,3,43,0.04,0,0,2,10,0.08,0,0,1
172,403,3,0,20,0,1,0,1,PROTECTING,Field_5,1,PROTECTING,Field_5,1,PROTECTING,Field_4,1,PROTECTING,Field_4,1,PROTECTING,Field_5,1,PROTECTING,Field_2,1,PROTECTING,Field_2,1,PROTECTING,Field_5,1,PROTECTING,Field_5,1,PROTECTING,Field_4,1,PROTECTING,Field_4,1,PROTECTING,Field_5,1,IDLE,,1,IDLE,,1,IDLE,,1,PROTECTING,Field_5,1,PROTECTING,Field_2,1,PROTECTING,Field_4,1,PROTECTING,Field_4,1,PROTECTING,Field_4,1,PROTECTING,Field_2,1,PROTECTING,Field_2,1,PROTECTING,Field_6,1,MOVING_TO_FIELD,Field_10,22,0.16,0,0,2,38,0.23,5,0,1,20,0.05,0,0,1,12,0.01,7,0,-1,96,0.13,7,0,2,46,0.16,1,0,2,78,0.16,0,0,2,6,0.05,0,0,1,8,0.14,0,0,2,24,0.18,0,1,3,43,0.04,0,0,2,10,0.08,0,0,1
173,407,3,0,20,0,1,0,1,PROTECTING,Field_5,1,PROTECTING,Field_5,1,PROTECTING,Field_4,1,PROTECTING,Field_4,1,PROTECTING,Field_5,1,PROTECTING,Field_2,1,PROTECTING,Field_2,1,PROTECTING,Field_5,1,PROTECTING,Field_5,1,PROTECTING,Field_4,1,PROTECTING,Field_4,1,PROTECTING,Field_5,1,IDLE,,1,IDLE,,1,IDLE,,1,PROTECTING,Field_5,1,PROTECTING,Field_2,1,PROTECTING,Field_4,1,PROTECTING,Field_4,1,PROTECTING,Field_4,1,PROTECTING,Field_2,1,PROTECTING,Field_2,1,PROTECTING,Field_6,1,MOVING_TO_FIELD,Field_10,22,0.16,0,0,2,39,0.23,5,0,1,20,0.05,0,0,1,12,0.01,7,0,-1,96,0.13,7,0,2,47,0.15,1,0,2,79,0.15,0,0,2,6,0.05,0,0,1,9,0.14,0,0,2,24,0.20,0,1,3,43,0.04,0,0,2,10,0.08,0,0,1
174,408,3,0,20,0,1,0,1,PROTECTING,Field_5,1,PROTECTING,Field_5,1,PROTECTING,Field_4,1,PROTECTING,Field_4,1,PROTECTING,Field_5,1,PROTECTING,Field_2,1,PROTECTING,Field_2,1,PROTECTING,Field_5,1,PROTECTING,Field_5,1,PROTECTING,Field_4,1,PROTECTING,Field_4,1,PROTECTING,Field_5,1,IDLE,,1,IDLE,,1,IDLE,,1,PROTECTING,Field_5,1,PROTECTING,Field_2,1,PROTECTING,Field_4,1,PROTECTING,Field_4,1,PROTECTING,Field_4,1,PROTECTING,Field_2,1,PROTECTING,Field_2,1,PROTECTING,Field_6,1,MOVING_TO_FIELD,Field_10,22,0.16,0,0,2,39,0.23,5,0,1,20,0.05,0,0,1,12,0.01,7,0,-1,96,0.13,7,0,2,47,0.15,1,0,2,79,0.17,0,0,2,6,0.05,0,0,1,9,0.14,0,0,2,24,0.20,0,1,3,43,0.07,0,0,2,11,0.10,0,0,1
175,410,3,0,20,0,1,0,1,PROTECTING,Field_5,1,PROTECTING,Field_5,1,PROTECTING,Field_4,1,PROTECTING,Field_4,1,PROTECTING,Field_5,1,PROTECTING,Field_2,1,PROTECTING,Field_2,1,PROTECTING,Field_5,1,PROTECTING,Field_5,1,PROTECTING,Field_4,1,PROTECTING,Field_4,1,PROTECTING,Field_5,1,IDLE,,1,IDLE,,1,IDLE,,1,PROTECTING,Field_5,1,PROTECTING,Field_2,1,PROTECTING,Field_4,1,PROTECTING,Field_4,1,PROTECTING,Field_4,1,PROTECTING,Field_2,1,PROTECTING,Field_2,1,PROTECTING,Field_6,1,MOVING_TO_FIELD,Field_10,22,0.16,0,0,2,39,0.24,5,0,1,20,0.05,0,0,1,12,0.00,7,0,-1,96,0.13,7,0,2,47,0.16,1,0,2,80,0.17,0,0,2,6,0.05,0,0,1,9,0.14,0,0,2,25,0.20,0,1,3,43,0.07,0,0,2,11,0.10,0,0,1
176,412,3,0,20,0,1,0,1,PROTECTING,Field_5,1,PROTECTING,Field_5,1,PROTECTING,Field_4,1,PROTECTING,Field_4,1,PROTECTING,Field_5,1,PROTECTING,Field_2,1,PROTECTING,Field_2,1,PROTECTING,Field_5,1,PROTECTING,Field_5,1,PROTECTING,Field_4,1,PROTECTING,Field_4,1,PROTECTING,Field_5,1,IDLE,,1,IDLE,,1,IDLE,,1,PROTECTING,Field_5,1,PROTECTING,Field_2,1,PROTECTING,Field_4,1,PROTECTING,Field_4,1,PROTECTING,Field_4,1,PROTECTING,Field_2,1,PROTECTING,Field_2,1,PROTECTING,Field_6,1,MOVING_TO_FIELD,Field_10,22,0.15,0,0,2,39,0.23,5,0,1,20,0.05,0,0,1,12,0.00,7,0,-1,97,0.13,7,0,2,48,0.14,1,0,2,80,0.17,0,0,2,6,0.05,0,0,1,9,0.15,0,0,2,25,0.20,0,1,3,43,0.07,0,0,2,11,0.10,0,0,1
177,413,3,0,20,0,1,0,1,PROTECTING,Field_5,1,PROTECTING,Field_5,1,PROTECTING,Field_4,1,PROTECTING,Field_4,1,PROTECTING,Field_5,1,PROTECTING,Field_2,1,PROTECTING,Field_2,1,PROTECTING,Field_5,1,PROTECTING,Field_5,1,PROTECTING,Field_4,1,PROTECTING,Field_4,1,PROTECTING,Field_5,1,IDLE,,1,IDLE,,1,IDLE,,1,PROTECTING,Field_5,1,PROTECTING,Field_2,1,PROTECTING,Field_4,1,PROTECTING,Field_4,1,PROTECTING,Field_4,1,PROTECTING,Field_2,1,PROTECTING,Field_2,1,PROTECTING,Field_6,1,MOVING_TO_FIELD,Field_10,22,0.15,0,0,2,39,0.21,5,0,1,20,0.04,0,0,1,12,0.00,7,0,-1,98,0.15,7,0,2,48,0.14,1,0,2,80,0.15,0,0,2,6,0.05,0,0,1,9,0.16,0,0,2,25,0.20,0,1,3,43,0.05,0,0,2,11,0.08,0,0,1
178,413,3,0,20,0,1,0,1,PROTECTING,Field_5,1,PROTECTING,Field_5,1,PROTECTING,Field_4,1,PROTECTING,Field_4,1,PROTECTING,Field_5,1,PROTECTING,Field_2,1,PROTECTING,Field_2,1,PROTECTING,Field_5,1,PROTECTING,Field_5,1,PROTECTING,Field_4,1,PROTECTING,Field_4,1,PROTECTING,Field_5,1,IDLE,,1,IDLE,,1,IDLE,,1,PROTECTING,Field_5,1,PROTECTING,Field_2,1,PROTECTING,Field_4,1,PROTECTING,Field_4,1,PROTECTING,Field_4,1,PROTECTING,Field_2,1,PROTECTING,Field_2,1,PROTECTING,Field_6,1,MOVING_TO_FIELD,Field_10,22,0.15,0,0,2,39,0.19,5,0,1,20,0.04,0,0,1,12,0.01,7,0,-1,98,0.16,7,0,2,48,0.14,1,0,2,80,0.15,0,0,2,6,0.05,0,0,1,9,0.15,0,0,2,25,0.20,0,1,3,43,0.05,0,0,2,11,0.08,0,0,1
179,418,3,0,21,0,0,0,1,PROTECTING,Field_5,1,PROTECTING,Field_5,1,PROTECTING,Field_4,1,PROTECTING,Field_4,1,PROTECTING,Field_5,1,PROTECTING,Field_2,1,PROTECTING,Field_2,1,PROTECTING,Field_5,1,PROTECTING,Field_5,1,PROTECTING,Field_4,1,PROTECTING,Field_4,1,PROTECTING,Field_5,1,IDLE,,1,IDLE,,1,IDLE,,1,PROTECTING,Field_5,1,PROTECTING,Field_2,1,PROTECTING,Field_4,1,PROTECTING,Field_4,1,PROTECTING,Field_4,1,PROTECTING,Field_2,1,PROTECTING,Field_2,1,PROTECTING,Field_6,1,PROTECTING,Field_10,24,0.13,0,0,2,39,0.18,5,0,1,20,0.04,0,0,1,12,0.01,7,0,-1,100,0.17,7,0,2,49,0.14,1,0,2,80,0.13,0,0,2,6,0.05,0,0,1,9,0.15,0,0,2,25,0.20,1,0,2,43,0.05,0,0,2,11,0.08,0,0,1
180,421,3,0,21,0,0,0,1,PROTECTING,Field_5,1,PROTECTING,Field_5,1,PROTECTING,Field_4,1,PROTECTING,Field_4,1,PROTECTING,Field_5,1,PROTECTING,Field_2,1,PROTECTING,Field_2,1,PROTECTING,Field_5,1,PROTECTING,Field_5,1,PROTECTING,Field_4,1,PROTECTING,Field_4,1,PROTECTING,Field_5,1,IDLE,,1,IDLE,,1,IDLE,,1,PROTECTING,Field_5,1,PROTECTING,Field_2,1,PROTECTING,Field_4,1,PROTECTING,Field_4,1,PROTECTING,Field_4,1,PROTECTING,Field_2,1,PROTECTING,Field_2,1,PROTECTING,Field_6,1,PROTECTING,Field_10,24,0.15,0,0,2,39,0.18,5,0,1,20,0.04,0,0,1,12,0.01,7,0,-1,100,0.15,7,0,2,50,0.14,1,0,2,80,0.13,0,0,2,6,0.02,0,0,1,11,0.15,0,0,2,25,0.18,1,0,2,43,0.07,0,0,2,11,0.08,0,0,1
181,424,3,0,18,0,3,0,1,PROTECTING,Field_5,1,PROTECTING,Field_5,1,PROTECTING,Field_4,1,PROTECTING,Field_4,1,PROTECTING,Field_5,1,MOVING_TO_FIELD,Field_10,1,MOVING_TO_FIELD,Field_10,1,PROTECTING,Field_5,1,PROTECTING,Field_5,1,PROTECTING,Field_4,1,PROTECTING,Field_4,1,PROTECTING,Field_5,1,IDLE,,1,IDLE,,1,IDLE,,1,PROTECTING,Field_5,1,PROTECTING,Field_2,1,PROTECTING,Field_4,1,PROTECTING,Field_4,1,PROTECTING,Field_4,1,PROTECTING,Field_2,1,PROTECTING,Field_2,1,PROTECTING,Field_6,1,MOVING_TO_FIELD,Field_5,24,0.16,0,0,2,39,0.18,3,0,3,20,0.04,0,0,1,12,0.01,7,0,-1,101,0.15,7,1,2,50,0.14,1,0,2,81,0.13,0,0,2,6,0.02,0,0,1,12,0.14,0,0,2,25,0.16,0,2,3,43,0.07,0,0,2,11,0.08,0,0,1
182,426,3,0,18,0,3,0,1,PROTECTING,Field_5,1,PROTECTING,Field_5,1,PROTECTING,Field_4,1,PROTECTING,Field_4,1,PROTECTING,Field_5,1,MOVING_TO_FIELD,Field_10,1,MOVING_TO_FIELD,Field_10,1,PROTECTING,Field_5,1,PROTECTING,Field_5,1,PROTECTING,Field_4,1,PROTECTING,Field_4,1,PROTECTING,Field_5,1,IDLE,,1,IDLE,,1,IDLE,,1,PROTECTING,Field_5,1,PROTECTING,Field_2,1,PROTECTING,Field_4,1,PROTECTING,Field_4,1,PROTECTING,Field_4,1,PROTECTING,Field_2,1,PROTECTING,Field_2,1,PROTECTING,Field_6,1,MOVING_TO_FIELD,Field_5,25,0.16,0,0,2,40,0.19,3,0,3,20,0.04,0,0,1,12,0.01,7,0,-1,101,0.15,7,1,2,50,0.13,1,0,2,81,0.15,0,0,2,6,0.05,0,0,1,12,0.14,0,0,2,25,0.16,0,2,3,43,0.09,0,0,2,11,0.08,0,0,1
183,431,3,0,18,0,3,0,1,PROTECTING,Field_5,1,PROTECTING,Field_5,1,PROTECTING,Field_4,1,PROTECTING,Field_4,1,PROTECTING,Field_5,1,MOVING_TO_FIELD,Field_10,1,MOVING_TO_FIELD,Field_10,1,PROTECTING,Field_5,1,PROTECTING,Field_5,1,PROTECTING,Field_4,1,PROTECTING,Field_4,1,PROTECTING,Field_5,1,IDLE,,1,IDLE,,1,IDLE,,1,PROTECTING,Field_5,1,PROTECTING,Field_2,1,PROTECTING,Field_4,1,PROTECTING,Field_4,1,PROTECTING,Field_4,1,PROTECTING,Field_2,1,PROTECTING,Field_2,1,PROTECTING,Field_6,1,MOVING_TO_FIELD,Field_5,25,0.16,0,0,2,42,0.19,3,0,3,20,0.04,0,0,1,12,0.01,7,0,-1,101,0.15,7,1,2,51,0.13,1,0,2,83,0.16,0,0,2,6,0.05,0,0,1,12,0.13,0,0,2,25,0.16,0,2,3,43,0.09,0,0,2,11,0.08,0,0,1
184,433,3,0,18,0,3,0,1,PROTECTING,Field_5,1,PROTECTING,Field_5,1,PROTECTING,Field_4,1,PROTECTING,Field_4,1,PROTECTING,Field_5,1,MOVING_TO_FIELD,Field_10,1,MOVING_TO_FIELD,Field_10,1,PROTECTING,Field_5,1,PROTECTING,Field_5,1,PROTECTING,Field_4,1,PROTECTING,Field_4,1,PROTECTING,Field_5,1,IDLE,,1,IDLE,,1,IDLE,,1,PROTECTING,Field_5,1,PROTECTING,Field_2,1,PROTECTING,Field_4,1,PROTECTING,Field_4,1,PROTECTING,Field_4,1,PROTECTING,Field_2,1,PROTECTING,Field_2,1,PROTECTING,Field_6,1,MOVING_TO_FIELD,Field_5,25,0.16,0,0,2,43,0.18,3,0,3,20,0.05,0,0,1,12,0.01,7,0,-1,101,0.15,7,1,2,51,0.11,1,0,2,84,0.18,0,0,2,6,0.05,0,0,1,12,0.15,0,0,2,25,0.18,0,2,3,43,0.09,0,0,2,11,0.08,0,0,1
185,436,3,0,18,0,3,0,1,PROTECTING,Field_5,1,PROTECTING,Field_5,1,PROTECTING,Field_4,1,PROTECTING,Field_4,1,PROTECTING,Field_5,1,MOVING_TO_FIELD,Field_10,1,MOVING_TO_FIELD,Field_10,1,PROTECTING,Field_5,1,PROTECTING,Field_5,1,PROTECTING,Field_4,1,PROTECTING,Field_4,1,PROTECTING,Field_5,1,IDLE,,1,IDLE,,1,IDLE,,1,PROTECTING,Field_5,1,PROTECTING,Field_2,1,PROTECTING,Field_4,1,PROTECTING,Field_4,1,PROTECTING,Field_4,1,PROTECTING,Field_2,1,PROTECTING,Field_2,1,PROTECTING,Field_6,1,MOVING_TO_FIELD,Field_5,25,0.16,0,0,2,43,0.19,3,0,3,20,0.04,0,0,1,12,0.01,7,0,-1,103,0.15,7,1,2,51,0.11,1,0,2,84,0.18,0,0,2,6,0.05,0,0,1,13,0.16,0,0,2,25,0.18,0,2,3,43,0.11,0,0,2,11,0.08,0,0,1
186,439,3,0,18,0,3,0,1,PROTECTING,Field_5,1,PROTECTING,Field_5,1,PROTECTING,Field_4,1,PROTECTING,Field_4,1,PROTECTING,Field_5,1,MOVING_TO_FIELD,Field_10,1,MOVING_TO_FIELD,Field_10,1,PROTECTING,Field_5,1,PROTECTING,Field_5,1,PROTECTING,Field_4,1,PROTECTING,Field_4,1,PROTECTING,Field_5,1,IDLE,,1,IDLE,,1,IDLE,,1,PROTECTING,Field_5,1,PROTECTING,Field_2,1,PROTECTING,Field_4,1,PROTECTING,Field_4,1,PROTECTING,Field_4,1,PROTECTING,Field_2,1,PROTECTING,Field_2,1,PROTECTING,Field_6,1,MOVING_TO_FIELD,Field_5,25,0.16,0,0,2,43,0.18,3,0,3,20,0.04,0,0,1,12,0.01,7,0,-1,103,0.16,7,1,2,51,0.11,1,0,2,84,0.19,0,0,2,6,0.05,0,0,1,15,0.16,0,0,2,26,0.18,0,2,3,43,0.12,0,0,2,11,0.08,0,0,1
187,444,3,0,18,0,3,0,1,PROTECTING,Field_5,1,PROTECTING,Field_5,1,PROTECTING,Field_4,1,PROTECTING,Field_4,1,PROTECTING,Field_5,1,MOVING_TO_FIELD,Field_10,1,MOVING_TO_FIELD,Field_10,1,PROTECTING,Field_5,1,PROTECTING,Field_5,1,PROTECTING,Field_4,1,PROTECTING,Field_4,1,PROTECTING,Field_5,1,IDLE,,1,IDLE,,1,IDLE,,1,PROTECTING,Field_5,1,PROTECTING,Field_2,1,PROTECTING,Field_4,1,PROTECTING,Field_4,1,PROTECTING,Field_4,1,PROTECTING,Field_2,1,PROTECTING,Field_2,1,PROTECTING,Field_6,1,MOVING_TO_FIELD,Field_5,25,0.16,0,0,2,44,0.18,3,0,3,20,0.04,0,0,1,12,0.01,7,0,-1,104,0.15,7,1,2,51,0.11,1,0,2,86,0.19,0,0,2,6,0.05,0,0,1,15,0.14,0,0,2,27,0.20,0,2,3,43,0.12,0,0,2,11,0.08,0,0,1
188,449,3,0,18,0,3,0,1,PROTECTING,Field_5,1,PROTECTING,Field_5,1,PROTECTING,Field_4,1,PROTECTING,Field_4,1,PROTECTING,Field_5,1,MOVING_TO_FIELD,Field_10,1,MOVING_TO_FIELD,Field_10,1,PROTECTING,Field_5,1,PROTECTING,Field_5,1,PROTECTING,Field_4,1,PROTECTING,Field_4,1,PROTECTING,Field_5,1,IDLE,,1,IDLE,,1,IDLE,,1,PROTECTING,Field_5,1,PROTECTING,Field_2,1,PROTECTING,Field_4,1,PROTECTING,Field_4,1,PROTECTING,Field_4,1,PROTECTING,Field_2,1,PROTECTING,Field_2,1,PROTECTING,Field_6,1,MOVING_TO_FIELD,Field_5,26,0.16,0,0,2,46,0.18,3,0,3,20,0.04,0,0,1,12,0.01,7,0,-1,104,0.14,7,1,2,52,0.09,1,0,2,87,0.18,0,0,2,6,0.05,0,0,1,15,0.14,0,0,2,27,0.20,0,2,3,43,0.12,0,0,2,11,0.08,0,0,1
189,451,3,0,18,0,3,0,1,PROTECTING,Field_5,1,PROTECTING,Field_5,1,PROTECTING,Field_4,1,PROTECTING,Field_4,1,PROTECTING,Field_5,1,MOVING_TO_FIELD,Field_10,1,MOVING_TO_FIELD,Field_10,1,PROTECTING,Field_5,1,PROTECTING,Field_5,1,PROTECTING,Field_4,1,PROTECTING,Field_4,1,PROTECTING,Field_5,1,IDLE,,1,IDLE,,1,IDLE,,1,PROTECTING,Field_5,1,PROTECTING,Field_2,1,PROTECTING,Field_4,1,PROTECTING,Field_4,1,PROTECTING,Field_4,1,PROTECTING,Field_2,1,PROTECTING,Field_2,1,PROTECTING,Field_6,1,MOVING_TO_FIELD,Field_5,26,0.16,0,0,2,46,0.18,3,0,3,20,0.04,0,0,1,12,0.01,7,0,-1,106,0.14,7,1,2,52,0.09,1,0,2,87,0.19,0,0,2,6,0.05,0,0,1,15,0.14,0,0,2,27,0.21,0,2,3,43,0.12,0,0,2,11,0.08,0,0,1
190,455,3,0,18,0,3,0,1,PROTECTING,Field_5,1,PROTECTING,Field_5,1,PROTECTING,Field_4,1,PROTECTING,Field_4,1,PROTECTING,Field_5,1,MOVING_TO_FIELD,Field_10,1,MOVING_TO_FIELD,Field_10,1,PROTECTING,Field_5,1,PROTECTING,Field_5,1,PROTECTING,Field_4,1,PROTECTING,Field_4,1,PROTECTING,Field_5,1,IDLE,,1,IDLE,,1,IDLE,,1,PROTECTING,Field_5,1,PROTECTING,Field_2,1,PROTECTING,Field_4,1,PROTECTING,Field_4,1,PROTECTING,Field_4,1,PROTECTING,Field_2,1,PROTECTING,Field_2,1,PROTECTING,Field_6,1,MOVING_TO_FIELD,Field_5,27,0.16,0,0,2,46,0.16,3,0,3,20,0.04,0,0,1,12,0.01,7,0,-1,106,0.13,7,1,2,52,0.09,1,0,2,87,0.19,0,0,2,6,0.05,0,0,1,16,0.15,0,0,2,28,0.21,0,2,3,44,0.12,0,0,2,11,0.08,0,0,1
191,460,3,0,18,0,3,0,1,PROTECTING,Field_5,1,PROTECTING,Field_5,1,PROTECTING,Field_4,1,PROTECTING,Field_4,1,PROTECTING,Field_5,1,MOVING_TO_FIELD,Field_10,1,MOVING_TO_FIELD,Field_10,1,PROTECTING,Field_5,1,PROTECTING,Field_5,1,PROTECTING,Field_4,1,PROTECTING,Field_4,1,PROTECTING,Field_5,1,IDLE,,1,IDLE,,1,IDLE,,1,PROTECTING,Field_5,1,PROTECTING,Field_2,1,PROTECTING,Field_4,1,PROTECTING,Field_4,1,PROTECTING,Field_4,1,PROTECTING,Field_2,1,PROTECTING,Field_2,1,PROTECTING,Field_6,1,MOVING_TO_FIELD,Field_5,27,0.18,0,0,2,46,0.16,3,0,3,20,0.04,0,0,1,12,0.01,7,0,-1,109,0.13,7,1,2,52,0.12,1,0,2,87,0.19,0,0,2,6,0.05,0,0,1,17,0.13,0,0,2,28,0.20,0,2,3,45,0.12,0,0,2,11,0.08,0,0,1
192,468,3,0,18,0,3,0,1,PROTECTING,Field_5,1,PROTECTING,Field_5,1,PROTECTING,Field_4,1,PROTECTING,Field_4,1,PROTECTING,Field_5,1,MOVING_TO_FIELD,Field_10,1,MOVING_TO_FIELD,Field_10,1,PROTECTING,Field_5,1,PROTECTING,Field_5,1,PROTECTING,Field_4,1,PROTECTING,Field_4,1,PROTECTING,Field_5,1,IDLE,,1,IDLE,,1,IDLE,,1,PROTECTING,Field_5,1,PROTECTING,Field_2,1,PROTECTING,Field_4,1,PROTECTING,Field_4,1,PROTECTING,Field_4,1,PROTECTING,Field_2,1,PROTECTING,Field_2,1,PROTECTING,Field_6,1,MOVING_TO_FIELD,Field_5,28,0.18,0,0,2,48,0.16,3,0,3,20,0.04,0,0,1,12,0.01,7,0,-1,111,0.14,7,1,2,52,0.12,1,0,2,89,0.19,0,0,2,6,0.05,0,0,1,17,0.11,0,0,2,29,0.18,0,2,3,45,0.12,0,0,2,11,0.08,0,0,1
193,470,3,0,18,0,3,0,1,PROTECTING,Field_5,1,PROTECTING,Field_5,1,PROTECTING,Field_4,1,PROTECTING,Field_4,1,PROTECTING,Field_5,1,MOVING_TO_FIELD,Field_10,1,MOVING_TO_FIELD,Field_10,1,PROTECTING,Field_5,1,PROTECTING,Field_5,1,PROTECTING,Field_4,1,PROTECTING,Field_4,1,PROTECTING,Field_5,1,IDLE,,1,IDLE,,1,IDLE,,1,PROTECTING,Field_5,1,PROTECTING,Field_2,1,PROTECTING,Field_4,1,PROTECTING,Field_4,1,PROTECTING,Field_4,1,PROTECTING,Field_2,1,PROTECTING,Field_2,1,PROTECTING,Field_6,1,MOVING_TO_FIELD,Field_5,29,0.16,0,0,2,48,0.16,3,0,3,20,0.04,0,0,1,12,0.01,7,0,-1,112,0.13,7,1,2,52,0.12,1,0,2,89,0.17,0,0,2,6,0.05,0,0,1,17,0.10,0,0,2,29,0.18,0,2,3,45,0.14,0,0,2,11,0.08,0,0,1
194,474,3,0,18,0,3,0,1,PROTECTING,Field_5,1,PROTECTING,Field_5,1,PROTECTING,Field_4,1,PROTECTING,Field_4,1,PROTECTING,Field_5,1,MOVING_TO_FIELD,Field_10,1,MOVING_TO_FIELD,Field_10,1,PROTECTING,Field_5,1,PROTECTING,Field_5,1,PROTECTING,Field_4,1,PROTECTING,Field_4,1,PROTECTING,Field_5,1,IDLE,,1,IDLE,,1,IDLE,,1,PROTECTING,Field_5,1,PROTECTING,Field_2,1,PROTECTING,Field_4,1,PROTECTING,Field_4,1,PROTECTING,Field_4,1,PROTECTING,Field_2,1,PROTECTING,Field_2,1,PROTECTING,Field_6,1,MOVING_TO_FIELD,Field_5,29,0.18,0,0,2,49,0.17,3,0,3,20,0.04,0,0,1,12,0.01,7,0,-1,114,0.11,7,1,2,52,0.11,1,0,2,89,0.15,0,0,2,6,0.05,0,0,1,18,0.10,0,0,2,29,0.18,0,2,3,45,0.12,0,0,2,11,0.08,0,0,1
195,475,3,0,18,0,3,0,1,PROTECTING,Field_5,1,PROTECTING,Field_5,1,PROTECTING,Field_4,1,PROTECTING,Field_4,1,PROTECTING,Field_5,1,MOVING_TO_FIELD,Field_10,1,MOVING_TO_FIELD,Field_10,1,PROTECTING,Field_5,1,PROTECTING,Field_5,1,PROTECTING,Field_4,1,PROTECTING,Field_4,1,PROTECTING,Field_5,1,IDLE,,1,IDLE,,1,IDLE,,1,PROTECTING,Field_5,1,PROTECTING,Field_2,1,PROTECTING,Field_4,1,PROTECTING,Field_4,1,PROTECTING,Field_4,1,PROTECTING,Field_2,1,PROTECTING,Field_2,1,PROTECTING,Field_6,1,MOVING_TO_FIELD,Field_5,29,0.16,0,0,2,50,0.17,3,0,3,20,0.04,0,0,1,12,0.00,7,0,-1,114,0.12,7,1,2,52,0.11,1,0,2,89,0.15,0,0,2,6,0.05,0,0,1,18,0.11,0,0,2,29,0.16,0,2,3,45,0.12,0,0,2,11,0.08,0,0,1
196,479,3,0,18,0,3,0,1,PROTECTING,Field_5,1,PROTECTING,Field_5,1,PROTECTING,Field_4,1,PROTECTING,Field_4,1,PROTECTING,Field_5,1,MOVING_TO_FIELD,Field_10,1,MOVING_TO_FIELD,Field_10,1,PROTECTING,Field_5,1,PROTECTING,Field_5,1,PROTECTING,Field_4,1,PROTECTING,Field_4,1,PROTECTING,Field_5,1,IDLE,,1,IDLE,,1,IDLE,,1,PROTECTING,Field_5,1,PROTECTING,Field_2,1,PROTECTING,Field_4,1,PROTECTING,Field_4,1,PROTECTING,Field_4,1,PROTECTING,Field_2,1,PROTECTING,Field_2,1,PROTECTING,Field_6,1,MOVING_TO_FIELD,Field_5,31,0.15,0,0,2,51,0.17,3,0,3,20,0.04,0,0,1,12,0.00,7,0,-1,115,0.12,7,1,2,52,0.11,1,0,2,89,0.15,0,0,2,6,0.05,0,0,1,18,0.11,0,0,2,29,0.16,0,2,3,45,0.12,0,0,2,11,0.08,0,0,1
197,482,3,0,18,0,3,0,1,PROTECTING,Field_5,1,PROTECTING,Field_5,1,PROTECTING,Field_4,1,PROTECTING,Field_4,1,PROTECTING,Field_5,1,MOVING_TO_FIELD,Field_10,1,MOVING_TO_FIELD,Field_10,1,PROTECTING,Field_5,1,PROTECTING,Field_5,1,PROTECTING,Field_4,1,PROTECTING,Field_4,1,PROTECTING,Field_5,1,IDLE,,1,IDLE,,1,IDLE,,1,PROTECTING,Field_5,1,PROTECTING,Field_2,1,PROTECTING,Field_4,1,PROTECTING,Field_4,1,PROTECTING,Field_4,1,PROTECTING,Field_2,1,PROTECTING,Field_2,1,PROTECTING,Field_6,1,MOVING_TO_FIELD,Field_5,31,0.15,0,0,2,52,0.17,3,0,3,21,0.04,0,0,1,12,0.00,7,0,-1,115,0.12,7,1,2,52,0.11,1,0,2,90,0.17,0,0,2,6,0.05,0,0,1,18,0.11,0,0,2,29,0.15,0,2,3,45,0.12,0,0,2,11,0.08,0,0,1
198,483,3,0,18,0,3,0,1,PROTECTING,Field_5,1,PROTECTING,Field_5,1,PROTECTING,Field_4,1,PROTECTING,Field_4,1,PROTECTING,Field_5,1,MOVING_TO_FIELD,Field_10,1,MOVING_TO_FIELD,Field_10,1,PROTECTING,Field_5,1,PROTECTING,Field_5,1,PROTECTING,Field_4,1,PROTECTING,Field_4,1,PROTECTING,Field_5,1,IDLE,,1,IDLE,,1,IDLE,,1,PROTECTING,Field_5,1,PROTECTING,Field_2,1,PROTECTING,Field_4,1,PROTECTING,Field_4,1,PROTECTING,Field_4,1,PROTECTING,Field_2,1,PROTECTING,Field_2,1,PROTECTING,Field_6,1,MOVING_TO_FIELD,Field_5,31,0.15,0,0,2,52,0.17,3,0,3,21,0.07,0,0,1,12,0.00,7,0,-1,115,0.12,7,1,2,52,0.11,1,0,2,90,0.16,0,0,2,6,0.05,0,0,1,18,0.11,0,0,2,29,0.15,0,2,3,46,0.14,0,0,2,11,0.08,0,0,1
199,485,3,0,18,0,3,0,1,PROTECTING,Field_5,1,PROTECTING,Field_5,1,PROTECTING,Field_4,1,PROTECTING,Field_4,1,PROTECTING,Field_5,1,MOVING_TO_FIELD,Field_10,1,MOVING_TO_FIELD,Field_10,1,PROTECTING,Field_5,1,PROTECTING,Field_5,1,PROTECTING,Field_4,1,PROTECTING,Field_4,1,PROTECTING,Field_5,1,IDLE,,1,IDLE,,1,IDLE,,1,PROTECTING,Field_5,1,PROTECTING,Field_2,1,PROTECTING,Field_4,1,PROTECTING,Field_4,1,PROTECTING,Field_4,1,PROTECTING,Field_2,1,PROTECTING,Field_2,1,PROTECTING,Field_6,1,MOVING_TO_FIELD,Field_5,32,0.15,0,0,2,52,0.19,3,0,3,21,0.05,0,0,1,12,0.00,7,0,-1,115,0.12,7,1,2,52,0.09,1,0,2,91,0.17,0,0,2,6,0.05,0,0,1,18,0.11,0,0,2,29,0.16,0,2,3,46,0.14,0,0,2,11,0.08,0,0,1
200,486,3,0,18,0,3,0,1,PROTECTING,Field_5,1,PROTECTING,Field_5,1,PROTECTING,Field_4,1,PROTECTING,Field_4,1,PROTECTING,Field_5,1,MOVING_TO_FIELD,Field_10,1,MOVING_TO_FIELD,Field_10,1,PROTECTING,Field_5,1,PROTECTING,Field_5,1,PROTECTING,Field_4,1,PROTECTING,Field_4,1,PROTECTING,Field_5,1,IDLE,,1,IDLE,,1,IDLE,,1,PROTECTING,Field_5,1,PROTECTING,Field_2,1,PROTECTING,Field_4,1,PROTECTING,Field_4,1,PROTECTING,Field_4,1,PROTECTING,Field_2,1,PROTECTING,Field_2,1,PROTECTING,Field_6,1,MOVING_TO_FIELD,Field_5,33,0.16,0,0,2,52,0.20,3,0,3,21,0.04,0,0,1,12,0.00,7,0,-1,115,0.12,7,1,2,52,0.09,1,0,2,91,0.18,0,0,2,6,0.05,0,0,1,18,0.12,0,0,2,29,0.18,0,2,3,46,0.14,0,0,2,11,0.08,0,0,1
201,487,3,0,18,0,3,0,1,PROTECTING,Field_5,1,PROTECTING,Field_5,1,PROTECTING,Field_4,1,MOVING_TO_FIELD,Field_5,1,PROTECTING,Field_5,1,PROTECTING,Field_10,1,MOVING_TO_FIELD,Field_10,1,PROTECTING,Field_5,1,PROTECTING,Field_5,1,PROTECTING,Field_4,1,PROTECTING,Field_4,1,PROTECTING,Field_5,1,IDLE,,1,IDLE,,1,IDLE,,1,PROTECTING,Field_5,1,PROTECTING,Field_2,1,PROTECTING,Field_4,1,PROTECTING,Field_4,1,PROTECTING,Field_4,1,PROTECTING,Field_2,1,PROTECTING,Field_2,1,PROTECTING,Field_6,1,MOVING_TO_FIELD,Field_5,33,0.16,0,0,2,52,0.20,3,0,3,21,0.03,0,0,1,12,0.00,6,0,0,115,0.13,7,2,2,52,0.09,1,0,2,92,0.17,0,0,2,6,0.05,0,0,1,18,0.14,0,0,2,29,0.18,1,1,2,46,0.14,0,0,2,11,0.08,0,0,1
202,492,3,0,19,0,2,0,1,PROTECTING,Field_5,1,PROTECTING,Field_5,1,PROTECTING,Field_4,1,MOVING_TO_FIELD,Field_5,1,PROTECTING,Field_5,1,PROTECTING,Field_10,1,MOVING_TO_FIELD,Field_10,1,PROTECTING,Field_5,1,PROTECTING,Field_5,1,PROTECTING,Field_4,1,PROTECTING,Field_4,1,PROTECTING,Field_5,1,IDLE,,1,IDLE,,1,IDLE,,1,PROTECTING,Field_5,1,PROTECTING,Field_2,1,PROTECTING,Field_4,1,PROTECTING,Field_4,1,PROTECTING,Field_4,1,PROTECTING,Field_2,1,PROTECTING,Field_2,1,PROTECTING,Field_6,1,PROTECTING,Field_5,33,0.16,0,0,2,53,0.21,3,0,3,21,0.03,0,0,1,12,0.00,6,0,0,115,0.13,8,1,1,52,0.09,1,0,2,94,0.17,0,0,2,6,0.02,0,0,1,18,0.14,0,0,2,30,0.18,1,1,2,47,0.14,0,0,2,11,0.10,0,0,1
203,495,3,0,19,0,2,0,1,PROTECTING,Field_5,1,PROTECTING,Field_5,1,PROTECTING,Field_4,1,MOVING_TO_FIELD,Field_5,1,PROTECTING,Field_5,1,PROTECTING,Field_10,1,MOVING_TO_FIELD,Field_10,1,PROTECTING,Field_5,1,PROTECTING,Field_5,1,PROTECTING,Field_4,1,PROTECTING,Field_4,1,PROTECTING,Field_5,1,IDLE,,1,IDLE,,1,IDLE,,1,PROTECTING,Field_5,1,PROTECTING,Field_2,1,PROTECTING,Field_4,1,PROTECTING,Field_4,1,PROTECTING,Field_4,1,PROTECTING,Field_2,1,PROTECTING,Field_2,1,PROTECTING,Field_6,1,PROTECTING,Field_5,33,0.16,0,0,2,53,0.21,3,0,3,21,0.03,0,0,1,12,0.00,6,0,0,115,0.15,8,1,1,52,0.11,1,0,2,96,0.16,0,0,2,6,0.02,0,0,1,18,0.15,0,0,2,31,0.18,1,1,2,47,0.16,0,0,2,11,0.10,0,0,1
204,498,3,0,19,0,2,0,1,PROTECTING,Field_5,1,PROTECTING,Field_5,1,PROTECTING,Field_4,1,MOVING_TO_FIELD,Field_5,1,PROTECTING,Field_5,1,PROTECTING,Field_10,1,MOVING_TO_FIELD,Field_10,1,PROTECTING,Field_5,1,PROTECTING,Field_5,1,PROTECTING,Field_4,1,PROTECTING,Field_4,1,PROTECTING,Field_5,1,IDLE,,1,IDLE,,1,IDLE,,1,PROTECTING,Field_5,1,PROTECTING,Field_2,1,PROTECTING,Field_4,1,PROTECTING,Field_4,1,PROTECTING,Field_4,1,PROTECTING,Field_2,1,PROTECTING,Field_2,1,PROTECTING,Field_6,1,PROTECTING,Field_5,35,0.16,0,0,2,53,0.21,3,0,3,21,0.03,0,0,1,12,0.00,6,0,0,115,0.15,8,1,1,52,0.12,1,0,2,96,0.16,0,0,2,6,0.02,0,0,1,19,0.16,0,0,2,31,0.18,1,1,2,47,0.16,0,0,2,11,0.10,0,0,1
205,499,3,0,19,0,2,0,1,PROTECTING,Field_5,1,PROTECTING,Field_5,1,PROTECTING,Field_4,1,MOVING_TO_FIELD,Field_5,1,PROTECTING,Field_5,1,PROTECTING,Field_10,1,MOVING_TO_FIELD,Field_10,1,PROTECTING,Field_5,1,PROTECTING,Field_5,1,PROTECTING,Field_4,1,PROTECTING,Field_4,1,PROTECTING,Field_5,1,IDLE,,1,IDLE,,1,IDLE,,1,PROTECTING,Field_5,1,PROTECTING,Field_2,1,PROTECTING,Field_4,1,PROTECTING,Field_4,1,PROTECTING,Field_4,1,PROTECTING,Field_2,1,PROTECTING,Field_2,1,PROTECTING,Field_6,1,PROTECTING,Field_5,35,0.16,0,0,2,53,0.21,3,0,3,21,0.01,0,0,1,12,0.00,6,0,0,115,0.15,8,1,1,52,0.12,1,0,2,96,0.13,0,0,2,6,0.05,0,0,1,20,0.16,0,0,2,31,0.18,1,1,2,47,0.16,0,0,2,11,0.10,0,0,1
206,502,3,0,19,0,2,0,1,PROTECTING,Field_5,1,PROTECTING,Field_5,1,PROTECTING,Field_4,1,MOVING_TO_FIELD,Field_5,1,PROTECTING,Field_5,1,PROTECTING,Field_10,1,MOVING_TO_FIELD,Field_10,1,PROTECTING,Field_5,1,PROTECTING,Field_5,1,PROTECTING,Field_4,1,PROTECTING,Field_4,1,PROTECTING,Field_5,1,IDLE,,1,IDLE,,1,IDLE,,1,PROTECTING,Field_5,1,PROTECTING,Field_2,1,PROTECTING,Field_4,1,PROTECTING,Field_4,1,PROTECTING,Field_4,1,PROTECTING,Field_2,1,PROTECTING,Field_2,1,PROTECTING,Field_6,1,PROTECTING,Field_5,35,0.15,0,0,2,53,0.21,3,0,3,21,0.03,0,0,1,12,0.00,6,0,0,115,0.17,8,1,1,52,0.12,1,0,2,96,0.12,0,0,2,6,0.05,0,0,1,22,0.17,0,0,2,31,0.16,1,1,2,48,0.16,0,0,2,11,0.10,0,0,1
207,504,3,0,19,0,2,0,1,PROTECTING,Field_5,1,PROTECTING,Field_5,1,PROTECTING,Field_4,1,MOVING_TO_FIELD,Field_5,1,PROTECTING,Field_5,1,PROTECTING,Field_10,1,MOVING_TO_FIELD,Field_10,1,PROTECTING,Field_5,1,PROTECTING,Field_5,1,PROTECTING,Field_4,1,PROTECTING,Field_4,1,PROTECTING,Field_5,1,IDLE,,1,IDLE,,1,IDLE,,1,PROTECTING,Field_5,1,PROTECTING,Field_2,1,PROTECTING,Field_4,1,PROTECTING,Field_4,1,PROTECTING,Field_4,1,PROTECTING,Field_2,1,PROTECTING,Field_2,1,PROTECTING,Field_6,1,PROTECTING,Field_5,35,0.15,0,0,2,53,0.21,3,0,3,21,0.03,0,0,1,12,0.00,6,0,0,116,0.16,8,1,1,52,0.11,1,0,2,96,0.11,0,0,2,6,0.05,0,0,1,23,0.15,0,0,2,31,0.18,1,1,2,48,0.18,0,0,2,11,0.08,0,0,1
208,504,3,0,20,0,1,0,1,PROTECTING,Field_5,1,PROTECTING,Field_5,1,PROTECTING,Field_4,1,MOVING_TO_FIELD,Field_5,1,PROTECTING,Field_5,1,PROTECTING,Field_10,1,PROTECTING,Field_10,1,PROTECTING,Field_5,1,PROTECTING,Field_5,1,PROTECTING,Field_4,1,PROTECTING,Field_4,1,PROTECTING,Field_5,1,IDLE,,1,IDLE,,1,IDLE,,1,PROTECTING,Field_5,1,PROTECTING,Field_2,1,PROTECTING,Field_4,1,PROTECTING,Field_4,1,PROTECTING,Field_4,1,PROTECTING,Field_2,1,PROTECTING,Field_2,1,PROTECTING,Field_6,1,PROTECTING,Field_5,35,0.15,0,0,2,53,0.21,3,0,3,21,0.01,0,0,1,12,0.00,6,0,0,116,0.15,8,1,1,52,0.11,1,0,2,96,0.12,0,0,2,6,0.05,0,0,1,23,0.15,0,0,2,31,0.20,2,0,1,48,0.18,0,0,2,11,0.08,0,0,1
209,508,3,0,20,0,1,0,1,PROTECTING,Field_5,1,PROTECTING,Field_5,1,PROTECTING,Field_4,1,MOVING_TO_FIELD,Field_5,1,PROTECTING,Field_5,1,PROTECTING,Field_10,1,PROTECTING,Field_10,1,PROTECTING,Field_5,1,PROTECTING,Field_5,1,PROTECTING,Field_4,1,PROTECTING,Field_4,1,PROTECTING,Field_5,1,IDLE,,1,IDLE,,1,IDLE,,1,PROTECTING,Field_5,1,PROTECTING,Field_2,1,PROTECTING,Field_4,1,PROTECTING,Field_4,1,PROTECTING,Field_4,1,PROTECTING,Field_2,1,PROTECTING,Field_2,1,PROTECTING,Field_6,1,PROTECTING,Field_5,36,0.15,0,0,2,54,0.21,3,0,3,21,0.00,0,0,1,12,0.00,6,0,0,116,0.16,8,1,1,52,0.11,1,0,2,96,0.13,0,0,2,6,0.02,0,0,1,24,0.15,0,0,2,31,0.20,2,0,1,49,0.18,0,0,2,11,0.08,0,0,1
210,511,3,0,20,0,1,0,1,PROTECTING,Field_5,1,PROTECTING,Field_5,1,PROTECTING,Field_4,1,MOVING_TO_FIELD,Field_5,1,PROTECTING,Field_5,1,PROTECTING,Field_10,1,PROTECTING,Field_10,1,PROTECTING,Field_5,1,PROTECTING,Field_5,1,PROTECTING,Field_4,1,PROTECTING,Field_4,1,PROTECTING,Field_5,1,IDLE,,1,IDLE,,1,IDLE,,1,PROTECTING,Field_5,1,PROTECTING,Field_2,1,PROTECTING,Field_4,1,PROTECTING,Field_4,1,PROTECTING,Field_4,1,PROTECTING,Field_2,1,PROTECTING,Field_2,1,PROTECTING,Field_6,1,PROTECTING,Field_5,37,0.15,0,0,2,54,0.21,3,0,3,21,0.00,0,0,1,12,0.00,6,0,0,116,0.16,8,1,1,53,0.11,1,0,2,96,0.13,0,0,2,6,0.02,0,0,1,24,0.13,0,0,2,31,0.20,2,0,1,50,0.20,0,0,2,11,0.08,0,0,1
211,512,3,0,19,0,2,0,1,PROTECTING,Field_5,1,PROTECTING,Field_5,1,PROTECTING,Field_4,1,MOVING_TO_FIELD,Field_5,1,PROTECTING,Field_5,1,PROTECTING,Field_10,1,PROTECTING,Field_10,1,PROTECTING,Field_5,1,PROTECTING,Field_5,1,PROTECTING,Field_4,1,PROTECTING,Field_4,1,PROTECTING,Field_5,1,IDLE,,1,IDLE,,1,IDLE,,1,MOVING_TO_FIELD,Field_10,1,PROTECTING,Field_2,1,PROTECTING,Field_4,1,PROTECTING,Field_4,1,PROTECTING,Field_4,1,PROTECTING,Field_2,1,PROTECTING,Field_2,1,PROTECTING,Field_6,1,PROTECTING,Field_5,37,0.15,0,0,2,54,0.21,3,0,3,21,0.01,0,0,1,12,0.00,6,0,0,116,0.15,7,1,2,54,0.09,1,0,2,96,0.12,0,0,2,6,0.02,0,0,1,24,0.13,0,0,2,31,0.20,2,1,1,50,0.20,0,0,2,11,0.08,0,0,1
212,514,3,0,19,0,2,0,1,PROTECTING,Field_5,1,PROTECTING,Field_5,1,PROTECTING,Field_4,1,MOVING_TO_FIELD,Field_5,1,PROTECTING,Field_5,1,PROTECTING,Field_10,1,PROTECTING,Field_10,1,PROTECTING,Field_5,1,PROTECTING,Field_5,1,PROTECTING,Field_4,1,PROTECTING,Field_4,1,PROTECTING,Field_5,1,IDLE,,1,IDLE,,1,IDLE,,1,MOVING_TO_FIELD,Field_10,1,PROTECTING,Field_2,1,PROTECTING,Field_4,1,PROTECTING,Field_4,1,PROTECTING,Field_4,1,PROTECTING,Field_2,1,PROTECTING,Field_2,1,PROTECTING,Field_6,1,PROTECTING,Field_5,38,0.15,0,0,2,55,0.20,3,0,3,21,0.01,0,0,1,12,0.00,6,0,0,116,0.15,7,1,2,54,0.09,1,0,2,96,0.14,0,0,2,6,0.02,0,0,1,24,0.14,0,0,2,31,0.21,2,1,1,50,0.20,0,0,2,11,0.08,0,0,1
213,517,3,0,19,0,2,0,1,PROTECTING,Field_5,1,PROTECTING,Field_5,1,PROTECTING,Field_4,1,MOVING_TO_FIELD,Field_5,1,PROTECTING,Field_5,1,PROTECTING,Field_10,1,PROTECTING,Field_10,1,PROTECTING,Field_5,1,PROTECTING,Field_5,1,PROTECTING,Field_4,1,PROTECTING,Field_4,1,PROTECTING,Field_5,1,IDLE,,1,IDLE,,1,IDLE,,1,MOVING_TO_FIELD,Field_10,1,PROTECTING,Field_2,1,PROTECTING,Field_4,1,PROTECTING,Field_4,1,PROTECTING,Field_4,1,PROTECTING,Field_2,1,PROTECTING,Field_2,1,PROTECTING,Field_6,1,PROTECTING,Field_5,38,0.15,0,0,2,57,0.21,3,0,3,21,0.01,0,0,1,12,0.00,6,0,0,116,0.15,7,1,2,54,0.09,1,0,2,97,0.14,0,0,2,6,0.02,0,0,1,24,0.15,0,0,2,31,0.21,2,1,1,50,0.20,0,0,2,11,0.08,0,0,1
214,520,3,0,19,0,2,0,1,PROTECTING,Field_5,1,PROTECTING,Field_5,1,PROTECTING,Field_4,1,MOVING_TO_FIELD,Field_5,1,PROTECTING,Field_5,1,PROTECTING,Field_10,1,PROTECTING,Field_10,1,PROTECTING,Field_5,1,PROTECTING,Field_5,1,PROTECTING,Field_4,1,PROTECTING,Field_4,1,PROTECTING,Field_5,1,IDLE,,1,IDLE,,1,IDLE,,1,MOVING_TO_FIELD,Field_10,1,PROTECTING,Field_2,1,PROTECTING,Field_4,1,PROTECTING,Field_4,1,PROTECTING,Field_4,1,PROTECTING,Field_2,1,PROTECTING,Field_2,1,PROTECTING,Field_6,1,PROTECTING,Field_5,38,0.15,0,0,2,59,0.21,3,0,3,21,0.00,0,0,1,12,0.00,6,0,0,116,0.15,7,1,2,54,0.09,1,0,2,97,0.14,0,0,2,6,0.02,0,0,1,24,0.16,0,0,2,31,0.23,2,1,1,51,0.20,0,0,2,11,0.08,0,0,1
215,521,3,0,19,0,2,0,1,PROTECTING,Field_5,1,PROTECTING,Field_5,1,PROTECTING,Field_4,1,MOVING_TO_FIELD,Field_5,1,PROTECTING,Field_5,1,PROTECTING,Field_10,1,PROTECTING,Field_10,1,PROTECTING,Field_5,1,PROTECTING,Field_5,1,PROTECTING,Field_4,1,PROTECTING,Field_4,1,PROTECTING,Field_5,1,IDLE,,1,IDLE,,1,IDLE,,1,MOVING_TO_FIELD,Field_10,1,PROTECTING,Field_2,1,PROTECTING,Field_4,1,PROTECTING,Field_4,1,PROTECTING,Field_4,1,PROTECTING,Field_2,1,PROTECTING,Field_2,1,PROTECTING,Field_6,1,PROTECTING,Field_5,38,0.15,0,0,2,60,0.21,3,0,3,21,0.00,0,0,1,12,0.00,6,0,0,116,0.15,7,1,2,54,0.09,1,0,2,97,0.15,0,0,2,6,0.02,0,0,1,24,0.16,0,0,2,31,0.23,2,1,1,51,0.18,0,0,2,11,0.08,0,0,1
216,522,3,0,19,0,2,0,1,PROTECTING,Field_5,1,PROTECTING,Field_5,1,PROTECTING,Field_4,1,MOVING_TO_FIELD,Field_5,1,PROTECTING,Field_5,1,PROTECTING,Field_10,1,PROTECTING,Field_10,1,PROTECTING,Field_5,1,PROTECTING,Field_5,1,PROTECTING,Field_4,1,PROTECTING,Field_4,1,PROTECTING,Field_5,1,IDLE,,1,IDLE,,1,IDLE,,1,MOVING_TO_FIELD,Field_10,1,PROTECTING,Field_2,1,PROTECTING,Field_4,1,PROTECTING,Field_4,1,PROTECTING,Field_4,1,PROTECTING,Field_2,1,PROTECTING,Field_2,1,PROTECTING,Field_6,1,PROTECTING,Field_5,38,0.16,0,0,2,60,0.20,3,0,3,21,0.00,0,0,1,12,0.00,6,0,0,116,0.15,7,1,2,54,0.08,1,0,2,97,0.15,0,0,2,6,0.02,0,0,1,24,0.16,0,0,2,32,0.23,2,1,1,51,0.18,0,0,2,11,0.08,0,0,1
217,527,3,0,19,0,2,0,1,PROTECTING,Field_5,1,PROTECTING,Field_5,1,PROTECTING,Field_4,1,MOVING_TO_FIELD,Field_5,1,PROTECTING,Field_5,1,PROTECTING,Field_10,1,PROTECTING,Field_10,1,PROTECTING,Field_5,1,PROTECTING,Field_5,1,PROTECTING,Field_4,1,PROTECTING,Field_4,1,PROTECTING,Field_5,1,IDLE,,1,IDLE,,1,IDLE,,1,MOVING_TO_FIELD,Field_10,1,PROTECTING,Field_2,1,PROTECTING,Field_4,1,PROTECTING,Field_4,1,PROTECTING,Field_4,1,PROTECTING,Field_2,1,PROTECTING,Field_2,1,PROTECTING,Field_6,1,PROTECTING,Field_5,39,0.15,0,0,2,60,0.20,3,0,3,21,0.00,0,0,1,12,0.00,6,0,0,119,0.15,7,1,2,54,0.08,1,0,2,97,0.13,0,0,2,6,0.02,0,0,1,25,0.15,0,0,2,32,0.21,2,1,1,51,0.16,0,0,2,11,0.10,0,0,1
218,529,3,0,19,0,2,0,1,PROTECTING,Field_5,1,PROTECTING,Field_5,1,PROTECTING,Field_4,1,MOVING_TO_FIELD,Field_5,1,PROTECTING,Field_5,1,PROTECTING,Field_10,1,PROTECTING,Field_10,1,PROTECTING,Field_5,1,PROTECTING,Field_5,1,PROTECTING,Field_4,1,PROTECTING,Field_4,1,PROTECTING,Field_5,1,IDLE,,1,IDLE,,1,IDLE,,1,MOVING_TO_FIELD,Field_10,1,PROTECTING,Field_2,1,PROTECTING,Field_4,1,PROTECTING,Field_4,1,PROTECTING,Field_4,1,PROTECTING,Field_2,1,PROTECTING,Field_2,1,PROTECTING,Field_6,1,PROTECTING,Field_5,39,0.15,0,0,2,60,0.21,3,0,3,21,0.00,0,0,1,12,0.00,6,0,0,120,0.15,7,1,2,54,0.09,1,0,2,97,0.13,0,0,2,6,0.02,0,0,1,26,0.13,0,0,2,32,0.21,2,1,1,51,0.14,0,0,2,11,0.10,0,0,1
219,531,3,0,19,0,2,0,1,PROTECTING,Field_5,1,PROTECTING,Field_5,1,PROTECTING,Field_4,1,MOVING_TO_FIELD,Field_5,1,PROTECTING,Field_5,1,PROTECTING,Field_10,1,PROTECTING,Field_10,1,PROTECTING,Field_5,1,PROTECTING,Field_5,1,PROTECTING,Field_4,1,PROTECTING,Field_4,1,PROTECTING,Field_5,1,IDLE,,1,IDLE,,1,IDLE,,1,MOVING_TO_FIELD,Field_10,1,PROTECTING,Field_2,1,PROTECTING,Field_4,1,PROTECTING,Field_4,1,PROTECTING,Field_4,1,PROTECTING,Field_2,1,PROTECTING,Field_2,1,PROTECTING,Field_6,1,PROTECTING,Field_5,39,0.13,0,0,2,61,0.21,3,0,3,21,0.00,0,0,1,12,0.00,6,0,0,120,0.14,7,1,2,54,0.11,1,0,2,97,0.16,0,0,2,6,0.02,0,0,1,26,0.14,0,0,2,33,0.21,2,1,1,51,0.12,0,0,2,11,0.10,0,0,1
220,535,3,0,19,0,2,0,1,PROTECTING,Field_5,1,PROTECTING,Field_5,1,PROTECTING,Field_4,1,MOVING_TO_FIELD,Field_5,1,PROTECTING,Field_5,1,PROTECTING,Field_10,1,PROTECTING,Field_10,1,PROTECTING,Field_5,1,PROTECTING,Field_5,1,PROTECTING,Field_4,1,PROTECTING,Field_4,1,PROTECTING,Field_5,1,IDLE,,1,IDLE,,1,IDLE,,1,MOVING_TO_FIELD,Field_10,1,PROTECTING,Field_2,1,PROTECTING,Field_4,1,PROTECTING,Field_4,1,PROTECTING,Field_4,1,PROTECTING,Field_2,1,PROTECTING,Field_2,1,PROTECTING,Field_6,1,PROTECTING,Field_5,39,0.16,0,0,2,61,0.21,3,0,3,21,0.01,0,0,1,12,0.00,6,0,0,120,0.14,7,1,2,54,0.09,1,0,2,97,0.16,0,0,2,6,0.02,0,0,1,26,0.15,0,0,2,37,0.21,2,1,1,51,0.11,0,0,2,11,0.10,0,0,1
221,539,3,0,20,0,1,0,1,PROTECTING,Field_5,1,PROTECTING,Field_5,1,PROTECTING,Field_4,1,PROTECTING,Field_5,1,PROTECTING,Field_5,1,PROTECTING,Field_10,1,PROTECTING,Field_10,1,PROTECTING,Field_5,1,PROTECTING,Field_5,1,PROTECTING,Field_4,1,PROTECTING,Field_4,1,PROTECTING,Field_5,1,IDLE,,1,IDLE,,1,IDLE,,1,MOVING_TO_FIELD,Field_10,1,PROTECTING,Field_2,1,PROTECTING,Field_4,1,PROTECTING,Field_4,1,PROTECTING,Field_4,1,PROTECTING,Field_2,1,PROTECTING,Field_2,1,PROTECTING,Field_6,1,PROTECTING,Field_5,40,0.16,0,0,2,62,0.22,3,0,3,21,0.01,0,0,1,12,0.00,6,0,0,120,0.15,8,0,1,54,0.09,1,0,2,97,0.16,0,0,2,6,0.02,0,0,1,26,0.15,0,0,2,39,0.21,2,1,1,51,0.11,0,0,2,11,0.10,0,0,1
222,543,3,0,20,0,1,0,1,PROTECTING,Field_5,1,PROTECTING,Field_5,1,PROTECTING,Field_4,1,PROTECTING,Field_5,1,PROTECTING,Field_5,1,PROTECTING,Field_10,1,PROTECTING,Field_10,1,PROTECTING,Field_5,1,PROTECTING,Field_5,1,PROTECTING,Field_4,1,PROTECTING,Field_4,1,PROTECTING,Field_5,1,IDLE,,1,IDLE,,1,IDLE,,1,MOVING_TO_FIELD,Field_10,1,PROTECTING,Field_2,1,PROTECTING,Field_4,1,PROTECTING,Field_4,1,PROTECTING,Field_4,1,PROTECTING,Field_2,1,PROTECTING,Field_2,1,PROTECTING,Field_6,1,PROTECTING,Field_5,42,0.16,0,0,2,63,0.22,3,0,3,21,0.01,0,0,1,12,0.00,6,0,0,120,0.16,8,0,1,54,0.09,1,0,2,97,0.14,0,0,2,6,0.02,0,0,1,27,0.15,0,0,2,39,0.21,2,1,1,51,0.12,0,0,2,11,0.08,0,0,1
223,546,3,0,20,0,1,0,1,PROTECTING,Field_5,1,PROTECTING,Field_5,1,PROTECTING,Field_4,1,PROTECTING,Field_5,1,PROTECTING,Field_5,1,PROTECTING,Field_10,1,PROTECTING,Field_10,1,PROTECTING,Field_5,1,PROTECTING,Field_5,1,PROTECTING,Field_4,1,PROTECTING,Field_4,1,PROTECTING,Field_5,1,IDLE,,1,IDLE,,1,IDLE,,1,MOVING_TO_FIELD,Field_10,1,PROTECTING,Field_2,1,PROTECTING,Field_4,1,PROTECTING,Field_4,1,PROTECTING,Field_4,1,PROTECTING,Field_2,1,PROTECTING,Field_2,1,PROTECTING,Field_6,1,PROTECTING,Field_5,42,0.15,0,0,2,63,0.23,3,0,3,21,0.04,0,0,1,12,0.00,6,0,0,120,0.17,8,0,1,54,0.09,1,0,2,98,0.15,0,0,2,6,0.02,0,0,1,28,0.15,0,0,2,40,0.21,2,1,1,51,0.12,0,0,2,11,0.08,0,0,1
224,552,3,0,20,0,1,0,1,PROTECTING,Field_5,1,PROTECTING,Field_5,1,PROTECTING,Field_4,1,PROTECTING,Field_5,1,PROTECTING,Field_5,1,PROTECTING,Field_10,1,PROTECTING,Field_10,1,PROTECTING,Field_5,1,PROTECTING,Field_5,1,PROTECTING,Field_4,1,PROTECTING,Field_4,1,PROTECTING,Field_5,1,IDLE,,1,IDLE,,1,IDLE,,1,MOVING_TO_FIELD,Field_10,1,PROTECTING,Field_2,1,PROTECTING,Field_4,1,PROTECTING,Field_4,1,PROTECTING,Field_4,1,PROTECTING,Field_2,1,PROTECTING,Field_2,1,PROTECTING,Field_6,1,PROTECTING,Field_5,42,0.16,0,0,2,66,0.23,3,0,3,21,0.07,0,0,1,12,0.00,6,0,0,120,0.16,8,0,1,55,0.09,1,0,2,99,0.14,0,0,2,6,0.02,0,0,1,29,0.15,0,0,2,40,0.21,2,1,1,51,0.14,0,0,2,11,0.10,0,0,1
225,554,3,0,20,0,1,0,1,PROTECTING,Field_5,1,PROTECTING,Field_5,1,PROTECTING,Field_4,1,PROTECTING,Field_5,1,PROTECTING,Field_5,1,PROTECTING,Field_10,1,PROTECTING,Field_10,1,PROTECTING,Field_5,1,PROTECTING,Field_5,1,PROTECTING,Field_4,1,PROTECTING,Field_4,1,PROTECTING,Field_5,1,IDLE,,1,IDLE,,1,IDLE,,1,MOVING_TO_FIELD,Field_10,1,PROTECTING,Field_2,1,PROTECTING,Field_4,1,PROTECTING,Field_4,1,PROTECTING,Field_4,1,PROTECTING,Field_2,1,PROTECTING,Field_2,1,PROTECTING,Field_6,1,PROTECTING,Field_5,42,0.18,0,0,2,66,0.24,3,0,3,21,0.07,0,0,1,12,0.00,6,0,0,120,0.15,8,0,1,55,0.11,1,0,2,99,0.15,0,0,2,6,0.02,0,0,1,31,0.15,0,0,2,40,0.21,2,1,1,51,0.14,0,0,2,11,0.08,0,0,1
226,555,3,0,20,0,1,0,1,PROTECTING,Field_5,1,PROTECTING,Field_5,1,PROTECTING,Field_4,1,PROTECTING,Field_5,1,PROTECTING,Field_5,1,PROTECTING,Field_10,1,PROTECTING,Field_10,1,PROTECTING,Field_5,1,PROTECTING,Field_5,1,PROTECTING,Field_4,1,PROTECTING,Field_4,1,PROTECTING,Field_5,1,IDLE,,1,IDLE,,1,IDLE,,1,MOVING_TO_FIELD,Field_10,1,PROTECTING,Field_2,1,PROTECTING,Field_4,1,PROTECTING,Field_4,1,PROTECTING,Field_4,1,PROTECTING,Field_2,1,PROTECTING,Field_2,1,PROTECTING,Field_6,1,PROTECTING,Field_5,42,0.18,0,0,2,66,0.24,3,0,3,21,0.08,0,0,1,12,0.00,6,0,0,120,0.13,8,0,1,55,0.12,1,0,2,99,0.17,0,0,2,6,0.02,0,0,1,31,0.15,0,0,2,40,0.21,2,1,1,52,0.16,0,0,2,11,0.08,0,0,1
227,559,3,0,20,0,1,0,1,PROTECTING,Field_5,1,PROTECTING,Field_5,1,PROTECTING,Field_4,1,PROTECTING,Field_5,1,PROTECTING,Field_5,1,PROTECTING,Field_10,1,PROTECTING,Field_10,1,PROTECTING,Field_5,1,PROTECTING,Field_5,1,PROTECTING,Field_4,1,PROTECTING,Field_4,1,PROTECTING,Field_5,1,IDLE,,1,IDLE,,1,IDLE,,1,MOVING_TO_FIELD,Field_10,1,PROTECTING,Field_2,1,PROTECTING,Field_4,1,PROTECTING,Field_4,1,PROTECTING,Field_4,1,PROTECTING,Field_2,1,PROTECTING,Field_2,1,PROTECTING,Field_6,1,PROTECTING,Field_5,42,0.18,0,0,2,67,0.25,3,0,3,21,0.08,0,0,1,12,0.00,6,0,0,120,0.13,8,0,1,55,0.12,1,0,2,99,0.18,0,0,2,6,0.02,0,0,1,31,0.15,0,0,2,42,0.21,2,1,1,53,0.16,0,0,2,11,0.08,0,0,1
228,562,3,0,20,0,1,0,1,PROTECTING,Field_5,1,PROTECTING,Field_5,1,PROTECTING,Field_4,1,PROTECTING,Field_5,1,PROTECTING,Field_5,1,PROTECTING,Field_10,1,PROTECTING,Field_10,1,PROTECTING,Field_5,1,PROTECTING,Field_5,1,PROTECTING,Field_4,1,PROTECTING,Field_4,1,PROTECTING,Field_5,1,IDLE,,1,IDLE,,1,IDLE,,1,MOVING_TO_FIELD,Field_10,1,PROTECTING,Field_2,1,PROTECTING,Field_4,1,PROTECTING,Field_4,1,PROTECTING,Field_4,1,PROTECTING,Field_2,1,PROTECTING,Field_2,1,PROTECTING,Field_6,1,PROTECTING,Field_5,42,0.18,0,0,2,68,0.24,3,0,3,21,0.08,0,0,1,12,0.00,6,0,0,120,0.13,8,0,1,55,0.11,1,0,2,100,0.17,0,0,2,6,0.02,0,0,1,32,0.15,0,0,2,42,0.21,2,1,1,53,0.16,0,0,2,11,0.08,0,0,1
229,567,3,0,20,0,1,0,1,PROTECTING,Field_5,1,PROTECTING,Field_5,1,PROTECTING,Field_4,1,PROTECTING,Field_5,1,PROTECTING,Field_5,1,PROTECTING,Field_10,1,PROTECTING,Field_10,1,PROTECTING,Field_5,1,PROTECTING,Field_5,1,PROTECTING,Field_4,1,PROTECTING,Field_4,1,PROTECTING,Field_5,1,IDLE,,1,IDLE,,1,IDLE,,1,MOVING_TO_FIELD,Field_10,1,PROTECTING,Field_2,1,PROTECTING,Field_4,1,PROTECTING,Field_4,1,PROTECTING,Field_4,1,PROTECTING,Field_2,1,PROTECTING,Field_2,1,PROTECTING,Field_6,1,PROTECTING,Field_5,42,0.18,0,0,2,69,0.24,3,0,3,21,0.04,0,0,1,12,0.00,6,0,0,120,0.14,8,0,1,55,0.11,1,0,2,101,0.15,0,0,2,6,0.02,0,0,1,32,0.15,0,0,2,45,0.21,2,1,1,53,0.14,0,0,2,11,0.08,0,0,1
230,570,3,0,20,0,1,0,1,PROTECTING,Field_5,1,PROTECTING,Field_5,1,PROTECTING,Field_4,1,PROTECTING,Field_5,1,PROTECTING,Field_5,1,PROTECTING,Field_10,1,PROTECTING,Field_10,1,PROTECTING,Field_5,1,PROTECTING,Field_5,1,PROTECTING,Field_4,1,PROTECTING,Field_4,1,PROTECTING,Field_5,1,IDLE,,1,IDLE,,1,IDLE,,1,MOVING_TO_FIELD,Field_10,1,PROTECTING,Field_2,1,PROTECTING,Field_4,1,PROTECTING,Field_4,1,PROTECTING,Field_4,1,PROTECTING,Field_2,1,PROTECTING,Field_2,1,PROTECTING,Field_6,1,PROTECTING,Field_5,42,0.18,0,0,2,69,0.25,3,0,3,22,0.04,0,0,1,12,0.00,6,0,0,120,0.15,8,0,1,56,0.11,1,0,2,102,0.14,0,0,2,6,0.02,0,0,1,32,0.14,0,0,2,45,0.21,2,1,1,53,0.14,0,0,2,11,0.10,0,0,1
231,576,3,0,18,0,3,0,1,PROTECTING,Field_5,1,PROTECTING,Field_5,1,PROTECTING,Field_4,1,PROTECTING,Field_5,1,PROTECTING,Field_5,1,PROTECTING,Field_10,1,PROTECTING,Field_10,1,PROTECTING,Field_5,1,PROTECTING,Field_5,1,MOVING_TO_FIELD,Field_10,1,MOVING_TO_FIELD,Field_11,1,PROTECTING,Field_5,1,IDLE,,1,IDLE,,1,IDLE,,1,MOVING_TO_FIELD,Field_10,1,PROTECTING,Field_2,1,PROTECTING,Field_4,1,PROTECTING,Field_4,1,PROTECTING,Field_4,1,PROTECTING,Field_2,1,PROTECTING,Field_2,1,PROTECTING,Field_6,1,PROTECTING,Field_5,43,0.18,0,0,2,70,0.25,3,0,3,22,0.01,0,0,1,12,0.00,4,0,2,120,0.13,8,0,1,56,0.09,1,0,2,102,0.14,0,0,2,6,0.00,0,0,1,35,0.15,0,0,2,46,0.21,2,2,1,53,0.14,0,1,2,11,0.10,0,0,1
232,580,3,0,18,0,3,0,1,PROTECTING,Field_5,1,PROTECTING,Field_5,1,PROTECTING,Field_4,1,PROTECTING,Field_5,1,PROTECTING,Field_5,1,PROTECTING,Field_10,1,PROTECTING,Field_10,1,PROTECTING,Field_5,1,PROTECTING,Field_5,1,MOVING_TO_FIELD,Field_10,1,MOVING_TO_FIELD,Field_11,1,PROTECTING,Field_5,1,IDLE,,1,IDLE,,1,IDLE,,1,MOVING_TO_FIELD,Field_10,1,PROTECTING,Field_2,1,PROTECTING,Field_4,1,PROTECTING,Field_4,1,PROTECTING,Field_4,1,PROTECTING,Field_2,1,PROTECTING,Field_2,1,PROTECTING,Field_6,1,PROTECTING,Field_5,43,0.15,0,0,2,70,0.24,3,0,3,22,0.01,0,0,1,12,0.00,4,0,2,120,0.13,8,0,1,56,0.11,1,0,2,103,0.15,0,0,2,6,0.00,0,0,1,36,0.16,0,0,2,48,0.21,2,2,1,53,0.14,0,1,2,11,0.10,0,0,1
233,586,3,0,18,0,3,0,1,PROTECTING,Field_5,1,PROTECTING,Field_5,1,PROTECTING,Field_4,1,PROTECTING,Field_5,1,PROTECTING,Field_5,1,PROTECTING,Field_10,1,PROTECTING,Field_10,1,PROTECTING,Field_5,1,PROTECTING,Field_5,1,MOVING_TO_FIELD,Field_10,1,MOVING_TO_FIELD,Field_11,1,PROTECTING,Field_5,1,IDLE,,1,IDLE,,1,IDLE,,1,MOVING_TO_FIELD,Field_10,1,PROTECTING,Field_2,1,PROTECTING,Field_4,1,PROTECTING,Field_4,1,PROTECTING,Field_4,1,PROTECTING,Field_2,1,PROTECTING,Field_2,1,PROTECTING,Field_6,1,PROTECTING,Field_5,43,0.15,0,0,2,72,0.25,3,0,3,22,0.01,0,0,1,12,0.01,4,0,2,120,0.13,8,0,1,56,0.11,1,0,2,103,0.14,0,0,2,6,0.00,0,0,1,37,0.16,0,0,2,49,0.21,2,2,1,55,0.14,0,1,2,11,0.10,0,0,1
234,588,3,0,18,0,3,0,1,PROTECTING,Field_5,1,PROTECTING,Field_5,1,PROTECTING,Field_4,1,PROTECTING,Field_5,1,PROTECTING,Field_5,1,PROTECTING,Field_10,1,PROTECTING,Field_10,1,PROTECTING,Field_5,1,PROTECTING,Field_5,1,MOVING_TO_FIELD,Field_10,1,MOVING_TO_FIELD,Field_11,1,PROTECTING,Field_5,1,IDLE,,1,IDLE,,1,IDLE,,1,MOVING_TO_FIELD,Field_10,1,PROTECTING,Field_2,1,PROTECTING,Field_4,1,PROTECTING,Field_4,1,PROTECTING,Field_4,1,PROTECTING,Field_2,1,PROTECTING,Field_2,1,PROTECTING,Field_6,1,PROTECTING,Field_5,43,0.16,0,0,2,73,0.25,3,0,3,22,0.01,0,0,1,12,0.01,4,0,2,120,0.13,8,0,1,56,0.11,1,0,2,103,0.14,0,0,2,6,0.00,0,0,1,38,0.15,0,0,2,49,0.20,2,2,1,55,0.14,0,1,2,11,0.10,0,0,1
235,590,3,0,18,0,3,0,1,PROTECTING,Field_5,1,PROTECTING,Field_5,1,PROTECTING,Field_4,1,PROTECTING,Field_5,1,PROTECTING,Field_5,1,PROTECTING,Field_10,1,PROTECTING,Field_10,1,PROTECTING,Field_5,1,PROTECTING,Field_5,1,MOVING_TO_FIELD,Field_10,1,MOVING_TO_FIELD,Field_11,1,PROTECTING,Field_5,1,IDLE,,1,IDLE,,1,IDLE,,1,MOVING_TO_FIELD,Field_10,1,PROTECTING,Field_2,1,PROTECTING,Field_4,1,PROTECTING,Field_4,1,PROTECTING,Field_4,1,PROTECTING,Field_2,1,PROTECTING,Field_2,1,PROTECTING,Field_6,1,PROTECTING,Field_5,43,0.15,0,0,2,74,0.25,3,0,3,22,0.03,0,0,1,12,0.03,4,0,2,120,0.13,8,0,1,56,0.09,1,0,2,103,0.13,0,0,2,6,0.00,0,0,1,39,0.15,0,0,2,49,0.20,2,2,1,55,0.12,0,1,2,11,0.10,0,0,1
236,593,3,0,18,0,3,0,1,PROTECTING,Field_5,1,PROTECTING,Field_5,1,PROTECTING,Field_4,1,PROTECTING,Field_5,1,PROTECTING,Field_5,1,PROTECTING,Field_10,1,PROTECTING,Field_10,1,PROTECTING,Field_5,1,PROTECTING,Field_5,1,MOVING_TO_FIELD,Field_10,1,MOVING_TO_FIELD,Field_11,1,PROTECTING,Field_5,1,IDLE,,1,IDLE,,1,IDLE,,1,MOVING_TO_FIELD,Field_10,1,PROTECTING,Field_2,1,PROTECTING,Field_4,1,PROTECTING,Field_4,1,PROTECTING,Field_4,1,PROTECTING,Field_2,1,PROTECTING,Field_2,1,PROTECTING,Field_6,1,PROTECTING,Field_5,44,0.16,0,0,2,76,0.26,3,0,3,22,0.03,0,0,1,12,0.03,4,0,2,120,0.12,8,0,1,56,0.09,1,0,2,103,0.12,0,0,2,6,0.00,0,0,1,39,0.15,0,0,2,49,0.20,2,2,1,55,0.11,0,1,2,11,0.08,0,0,1
237,595,3,0,18,0,3,0,1,PROTECTING,Field_5,1,PROTECTING,Field_5,1,PROTECTING,Field_4,1,PROTECTING,Field_5,1,PROTECTING,Field_5,1,PROTECTING,Field_10,1,PROTECTING,Field_10,1,PROTECTING,Field_5,1,PROTECTING,Field_5,1,MOVING_TO_FIELD,Field_10,1,MOVING_TO_FIELD,Field_11,1,PROTECTING,Field_5,1,IDLE,,1,IDLE,,1,IDLE,,1,MOVING_TO_FIELD,Field_10,1,PROTECTING,Field_2,1,PROTECTING,Field_4,1,PROTECTING,Field_4,1,PROTECTING,Field_4,1,PROTECTING,Field_2,1,PROTECTING,Field_2,1,PROTECTING,Field_6,1,PROTECTING,Field_5,45,0.18,0,0,2,76,0.26,3,0,3,22,0.04,0,0,1,12,0.03,4,0,2,120,0.12,8,0,1,56,0.09,1,0,2,103,0.12,0,0,2,6,0.00,0,0,1,40,0.15,0,0,2,49,0.20,2,2,1,55,0.12,0,1,2,11,0.08,0,0,1
238,599,3,0,19,0,2,0,1,PROTECTING,Field_5,1,PROTECTING,Field_5,1,PROTECTING,Field_4,1,PROTECTING,Field_5,1,PROTECTING,Field_5,1,PROTECTING,Field_10,1,PROTECTING,Field_10,1,PROTECTING,Field_5,1,PROTECTING,Field_5,1,MOVING_TO_FIELD,Field_10,1,MOVING_TO_FIELD,Field_11,1,PROTECTING,Field_5,1,IDLE,,1,IDLE,,1,IDLE,,1,PROTECTING,Field_10,1,PROTECTING,Field_2,1,PROTECTING,Field_4,1,PROTECTING,Field_4,1,PROTECTING,Field_4,1,PROTECTING,Field_2,1,PROTECTING,Field_2,1,PROTECTING,Field_6,1,PROTECTING,Field_5,46,0.18,0,0,2,77,0.25,3,0,3,22,0.04,0,0,1,12,0.03,4,0,2,120,0.12,8,0,1,56,0.09,1,0,2,103,0.13,0,0,2,6,0.00,0,0,1,41,0.15,0,0,2,49,0.18,3,1,0,56,0.12,0,1,2,11,0.08,0,0,1
239,604,3,0,19,0,2,0,1,PROTECTING,Field_5,1,PROTECTING,Field_5,1,PROTECTING,Field_4,1,PROTECTING,Field_5,1,PROTECTING,Field_5,1,PROTECTING,Field_10,1,PROTECTING,Field_10,1,PROTECTING,Field_5,1,PROTECTING,Field_5,1,MOVING_TO_FIELD,Field_10,1,MOVING_TO_FIELD,Field_11,1,PROTECTING,Field_5,1,IDLE,,1,IDLE,,1,IDLE,,1,PROTECTING,Field_10,1,PROTECTING,Field_2,1,PROTECTING,Field_4,1,PROTECTING,Field_4,1,PROTECTING,Field_4,1,PROTECTING,Field_2,1,PROTECTING,Field_2,1,PROTECTING,Field_6,1,PROTECTING,Field_5,46,0.16,0,0,2,78,0.23,3,0,3,22,0.05,0,0,1,12,0.03,4,0,2,121,0.12,8,0,1,56,0.09,1,0,2,103,0.12,0,0,2,6,0.00,0,0,1,43,0.14,0,0,2,49,0.18,3,1,0,57,0.12,0,1,2,11,0.08,0,0,1
240,606,3,0,19,0,2,0,1,PROTECTING,Field_5,1,PROTECTING,Field_5,1,PROTECTING,Field_4,1,PROTECTING,Field_5,1,PROTECTING,Field_5,1,PROTECTING,Field_10,1,PROTECTING,Field_10,1,PROTECTING,Field_5,1,PROTECTING,Field_5,1,MOVING_TO_FIELD,Field_10,1,MOVING_TO_FIELD,Field_11,1,PROTECTING,Field_5,1,IDLE,,1,IDLE,,1,IDLE,,1,PROTECTING,Field_10,1,PROTECTING,Field_2,1,PROTECTING,Field_4,1,PROTECTING,Field_4,1,PROTECTING,Field_4,1,PROTECTING,Field_2,1,PROTECTING,Field_2,1,PROTECTING,Field_6,1,PROTECTING,Field_5,47,0.16,0,0,2,79,0.23,3,0,3,22,0.04,0,0,1,12,0.03,4,0,2,121,0.12,8,0,1,56,0.08,1,0,2,103,0.12,0,0,2,6,0.00,0,0,1,43,0.15,0,0,2,49,0.16,3,1,0,57,0.14,0,1,2,11,0.08,0,0,1
241,610,3,0,16,0,5,0,1,PROTECTING,Field_5,1,PROTECTING,Field_5,1,PROTECTING,Field_4,1,PROTECTING,Field_5,1,PROTECTING,Field_5,1,MOVING_TO_FIELD,Field_5,1,MOVING_TO_FIELD,Field_5,1,MOVING_TO_FIELD,Field_2,1,PROTECTING,Field_5,1,MOVING_TO_FIELD,Field_10,1,MOVING_TO_FIELD,Field_11,1,PROTECTING,Field_5,1,IDLE,,1,IDLE,,1,IDLE,,1,PROTECTING,Field_10,1,PROTECTING,Field_2,1,PROTECTING,Field_4,1,PROTECTING,Field_4,1,PROTECTING,Field_4,1,PROTECTING,Field_2,1,PROTECTING,Field_2,1,PROTECTING,Field_6,1,PROTECTING,Field_5,47,0.18,0,0,2,80,0.23,3,1,3,22,0.04,0,0,1,12,0.03,4,0,2,121,0.12,7,2,2,56,0.08,1,0,2,105,0.13,0,0,2,6,0.00,0,0,1,43,0.15,0,0,2,49,0.16,1,1,2,58,0.14,0,1,2,11,0.08,0,0,1
242,611,3,0,16,0,5,0,1,PROTECTING,Field_5,1,PROTECTING,Field_5,1,PROTECTING,Field_4,1,PROTECTING,Field_5,1,PROTECTING,Field_5,1,MOVING_TO_FIELD,Field_5,1,MOVING_TO_FIELD,Field_5,1,MOVING_TO_FIELD,Field_2,1,PROTECTING,Field_5,1,MOVING_TO_FIELD,Field_10,1,MOVING_TO_FIELD,Field_11,1,PROTECTING,Field_5,1,IDLE,,1,IDLE,,1,IDLE,,1,PROTECTING,Field_10,1,PROTECTING,Field_2,1,PROTECTING,Field_4,1,PROTECTING,Field_4,1,PROTECTING,Field_4,1,PROTECTING,Field_2,1,PROTECTING,Field_2,1,PROTECTING,Field_6,1,PROTECTING,Field_5,47,0.19,0,0,2,80,0.21,3,1,3,22,0.05,0,0,1,12,0.03,4,0,2,121,0.12,7,2,2,56,0.08,1,0,2,106,0.14,0,0,2,6,0.00,0,0,1,43,0.13,0,0,2,49,0.18,1,1,2,58,0.14,0,1,2,11,0.08,0,0,1
243,614,3,0,16,0,5,0,1,PROTECTING,Field_5,1,PROTECTING,Field_5,1,PROTECTING,Field_4,1,PROTECTING,Field_5,1,PROTECTING,Field_5,1,MOVING_TO_FIELD,Field_5,1,MOVING_TO_FIELD,Field_5,1,MOVING_TO_FIELD,Field_2,1,PROTECTING,Field_5,1,MOVING_TO_FIELD,Field_10,1,MOVING_TO_FIELD,Field_11,1,PROTECTING,Field_5,1,IDLE,,1,IDLE,,1,IDLE,,1,PROTECTING,Field_10,1,PROTECTING,Field_2,1,PROTECTING,Field_4,1,PROTECTING,Field_4,1,PROTECTING,Field_4,1,PROTECTING,Field_2,1,PROTECTING,Field_2,1,PROTECTING,Field_6,1,PROTECTING,Field_5,47,0.23,0,0,2,80,0.21,3,1,3,22,0.04,0,0,1,12,0.03,4,0,2,122,0.12,7,2,2,56,0.09,1,0,2,107,0.14,0,0,2,6,0.00,0,0,1,43,0.12,0,0,2,49,0.16,1,1,2,59,0.14,0,1,2,11,0.08,0,0,1
244,615,3,0,16,0,5,0,1,PROTECTING,Field_5,1,PROTECTING,Field_5,1,PROTECTING,Field_4,1,PROTECTING,Field_5,1,PROTECTING,Field_5,1,MOVING_TO_FIELD,Field_5,1,MOVING_TO_FIELD,Field_5,1,MOVING_TO_FIELD,Field_2,1,PROTECTING,Field_5,1,MOVING_TO_FIELD,Field_10,1,MOVING_TO_FIELD,Field_11,1,PROTECTING,Field_5,1,IDLE,,1,IDLE,,1,IDLE,,1,PROTECTING,Field_10,1,PROTECTING,Field_2,1,PROTECTING,Field_4,1,PROTECTING,Field_4,1,PROTECTING,Field_4,1,PROTECTING,Field_2,1,PROTECTING,Field_2,1,PROTECTING,Field_6,1,PROTECTING,Field_5,47,0.23,0,0,2,81,0.19,3,1,3,22,0.04,0,0,1,12,0.03,4,0,2,122,0.12,7,2,2,56,0.11,1,0,2,107,0.14,0,0,2,6,0.00,0,0,1,43,0.12,0,0,2,49,0.16,1,1,2,59,0.12,0,1,2,11,0.08,0,0,1
245,618,3,0,16,0,5,0,1,PROTECTING,Field_5,1,PROTECTING,Field_5,1,PROTECTING,Field_4,1,PROTECTING,Field_5,1,PROTECTING,Field_5,1,MOVING_TO_FIELD,Field_5,1,MOVING_TO_FIELD,Field_5,1,MOVING_TO_FIELD,Field_2,1,PROTECTING,Field_5,1,MOVING_TO_FIELD,Field_10,1,MOVING_TO_FIELD,Field_11,1,PROTECTING,Field_5,1,IDLE,,1,IDLE,,1,IDLE,,1,PROTECTING,Field_10,1,PROTECTING,Field_2,1,PROTECTING,Field_4,1,PROTECTING,Field_4,1,PROTECTING,Field_4,1,PROTECTING,Field_2,1,PROTECTING,Field_2,1,PROTECTING,Field_6,1,PROTECTING,Field_5,48,0.23,0,0,2,82,0.20,3,1,3,22,0.05,0,0,1,12,0.03,4,0,2,123,0.12,7,2,2,56,0.11,1,0,2,107,0.15,0,0,2,6,0.00,0,0,1,43,0.15,0,0,2,49,0.15,1,1,2,59,0.12,0,1,2,11,0.08,0,0,1
246,621,3,0,16,0,5,0,1,PROTECTING,Field_5,1,PROTECTING,Field_5,1,PROTECTING,Field_4,1,PROTECTING,Field_5,1,PROTECTING,Field_5,1,MOVING_TO_FIELD,Field_5,1,MOVING_TO_FIELD,Field_5,1,MOVING_TO_FIELD,Field_2,1,PROTECTING,Field_5,1,MOVING_TO_FIELD,Field_10,1,MOVING_TO_FIELD,Field_11,1,PROTECTING,Field_5,1,IDLE,,1,IDLE,,1,IDLE,,1,PROTECTING,Field_10,1,PROTECTING,Field_2,1,PROTECTING,Field_4,1,PROTECTING,Field_4,1,PROTECTING,Field_4,1,PROTECTING,Field_2,1,PROTECTING,Field_2,1,PROTECTING,Field_6,1,PROTECTING,Field_5,48,0.23,0,0,2,84,0.21,3,1,3,22,0.01,0,0,1,12,0.03,4,0,2,123,0.12,7,2,2,56,0.12,1,0,2,107,0.15,0,0,2,6,0.00,0,0,1,44,0.15,0,0,2,49,0.16,1,1,2,59,0.12,0,1,2,11,0.08,0,0,1
247,624,3,0,16,0,5,0,1,PROTECTING,Field_5,1,PROTECTING,Field_5,1,PROTECTING,Field_4,1,PROTECTING,Field_5,1,PROTECTING,Field_5,1,MOVING_TO_FIELD,Field_5,1,MOVING_TO_FIELD,Field_5,1,MOVING_TO_FIELD,Field_2,1,PROTECTING,Field_5,1,MOVING_TO_FIELD,Field_10,1,MOVING_TO_FIELD,Field_11,1,PROTECTING,Field_5,1,IDLE,,1,IDLE,,1,IDLE,,1,PROTECTING,Field_10,1,PROTECTING,Field_2,1,PROTECTING,Field_4,1,PROTECTING,Field_4,1,PROTECTING,Field_4,1,PROTECTING,Field_2,1,PROTECTING,Field_2,1,PROTECTING,Field_6,1,PROTECTING,Field_5,48,0.23,0,0,2,84,0.21,3,1,3,22,0.01,0,0,1,12,0.03,4,0,2,125,0.14,7,2,2,56,0.11,1,0,2,107,0.14,0,0,2,6,0.02,0,0,1,45,0.13,0,0,2,49,0.15,1,1,2,59,0.12,0,1,2,11,0.08,0,0,1
248,628,3,0,16,0,5,0,1,PROTECTING,Field_5,1,PROTECTING,Field_5,1,PROTECTING,Field_4,1,PROTECTING,Field_5,1,PROTECTING,Field_5,1,MOVING_TO_FIELD,Field_5,1,MOVING_TO_FIELD,Field_5,1,MOVING_TO_FIELD,Field_2,1,PROTECTING,Field_5,1,MOVING_TO_FIELD,Field_10,1,MOVING_TO_FIELD,Field_11,1,PROTECTING,Field_5,1,IDLE,,1,IDLE,,1,IDLE,,1,PROTECTING,Field_10,1,PROTECTING,Field_2,1,PROTECTING,Field_4,1,PROTECTING,Field_4,1,PROTECTING,Field_4,1,PROTECTING,Field_2,1,PROTECTING,Field_2,1,PROTECTING,Field_6,1,PROTECTING,Field_5,51,0.23,0,0,2,84,0.21,3,1,3,22,0.01,0,0,1,12,0.01,4,0,2,125,0.13,7,2,2,56,0.11,1,0,2,107,0.12,0,0,2,6,0.02,0,0,1,46,0.13,0,0,2,49,0.16,1,1,2,59,0.14,0,1,2,11,0.08,0,0,1
249,631,3,0,16,0,5,0,1,PROTECTING,Field_5,1,PROTECTING,Field_5,1,PROTECTING,Field_4,1,PROTECTING,Field_5,1,PROTECTING,Field_5,1,MOVING_TO_FIELD,Field_5,1,MOVING_TO_FIELD,Field_5,1,MOVING_TO_FIELD,Field_2,1,PROTECTING,Field_5,1,MOVING_TO_FIELD,Field_10,1,MOVING_TO_FIELD,Field_11,1,PROTECTING,Field_5,1,IDLE,,1,IDLE,,1,IDLE,,1,PROTECTING,Field_10,1,PROTECTING,Field_2,1,PROTECTING,Field_4,1,PROTECTING,Field_4,1,PROTECTING,Field_4,1,PROTECTING,Field_2,1,PROTECTING,Field_2,1,PROTECTING,Field_6,1,PROTECTING,Field_5,51,0.21,0,0,2,84,0.22,3,1,3,22,0.03,0,0,1,12,0.01,4,0,2,125,0.12,7,2,2,57,0.13,1,0,2,107,0.12,0,0,2,6,0.02,0,0,1,47,0.12,0,0,2,49,0.16,1,1,2,60,0.14,0,1,2,11,0.08,0,0,1
250,636,3,0,17,0,4,0,1,PROTECTING,Field_5,1,PROTECTING,Field_5,1,PROTECTING,Field_4,1,PROTECTING,Field_5,1,PROTECTING,Field_5,1,MOVING_TO_FIELD,Field_5,1,MOVING_TO_FIELD,Field_5,1,PROTECTING,Field_2,1,PROTECTING,Field_5,1,MOVING_TO_FIELD,Field_10,1,MOVING_TO_FIELD,Field_11,1,PROTECTING,Field_5,1,IDLE,,1,IDLE,,1,IDLE,,1,PROTECTING,Field_10,1,PROTECTING,Field_2,1,PROTECTING,Field_4,1,PROTECTING,Field_4,1,PROTECTING,Field_4,1,PROTECTING,Field_2,1,PROTECTING,Field_2,1,PROTECTING,Field_6,1,PROTECTING,Field_5,52,0.21,0,0,2,84,0.22,4,0,2,22,0.04,0,0,1,12,0.01,4,0,2,128,0.12,7,2,2,57,0.12,1,0,2,107,0.14,0,0,2,6,0.02,0,0,1,47,0.12,0,0,2,49,0.16,1,1,2,61,0.14,0,1,2,11,0.08,0,0,1
251,637,4,0,17,0,3,0,1,PROTECTING,Field_5,1,PROTECTING,Field_5,1,PROTECTING,Field_4,1,PROTECTING,Field_5,1,PROTECTING,Field_5,1,MOVING_TO_FIELD,Field_5,1,IDLE,,1,PROTECTING,Field_2,1,PROTECTING,Field_5,1,MOVING_TO_FIELD,Field_2,1,MOVING_TO_FIELD,Field_2,1,PROTECTING,Field_5,1,IDLE,,1,IDLE,,1,IDLE,,1,PROTECTING,Field_10,1,PROTECTING,Field_2,1,PROTECTING,Field_4,1,PROTECTING,Field_4,1,PROTECTING,Field_4,1,PROTECTING,Field_2,1,PROTECTING,Field_2,1,PROTECTING,Field_6,1,PROTECTING,Field_5,53,0.21,0,0,2,84,0.22,4,2,2,22,0.04,0,0,1,12,0.01,4,0,2,128,0.12,7,1,2,57,0.12,1,0,2,107,0.13,0,0,2,6,0.02,0,0,1,47,0.11,0,0,2,49,0.16,1,0,2,61,0.14,0,0,2,11,0.08,0,0,1
252,640,4,0,17,0,3,0,1,PROTECTING,Field_5,1,PROTECTING,Field_5,1,PROTECTING,Field_4,1,PROTECTING,Field_5,1,PROTECTING,Field_5,1,MOVING_TO_FIELD,Field_5,1,IDLE,,1,PROTECTING,Field_2,1,PROTECTING,Field_5,1,MOVING_TO_FIELD,Field_2,1,MOVING_TO_FIELD,Field_2,1,PROTECTING,Field_5,1,IDLE,,1,IDLE,,1,IDLE,,1,PROTECTING,Field_10,1,PROTECTING,Field_2,1,PROTECTING,Field_4,1,PROTECTING,Field_4,1,PROTECTING,Field_4,1,PROTECTING,Field_2,1,PROTECTING,Field_2,1,PROTECTING,Field_6,1,PROTECTING,Field_5,54,0.19,0,0,2,84,0.22,4,2,2,22,0.05,0,0,1,12,0.01,4,0,2,128,0.12,7,1,2,58,0.13,1,0,2,108,0.12,0,0,2,6,0.02,0,0,1,47,0.12,0,0,2,49,0.13,1,0,2,61,0.14,0,0,2,11,0.05,0,0,1
253,643,4,0,17,0,3,0,1,PROTECTING,Field_5,1,PROTECTING,Field_5,1,PROTECTING,Field_4,1,PROTECTING,Field_5,1,PROTECTING,Field_5,1,MOVING_TO_FIELD,Field_5,1,IDLE,,1,PROTECTING,Field_2,1,PROTECTING,Field_5,1,MOVING_TO_FIELD,Field_2,1,MOVING_TO_FIELD,Field_2,1,PROTECTING,Field_5,1,IDLE,,1,IDLE,,1,IDLE,,1,PROTECTING,Field_10,1,PROTECTING,Field_2,1,PROTECTING,Field_4,1,PROTECTING,Field_4,1,PROTECTING,Field_4,1,PROTECTING,Field_2,1,PROTECTING,Field_2,1,PROTECTING,Field_6,1,PROTECTING,Field_5,55,0.19,0,0,2,84,0.20,4,2,2,22,0.07,0,0,1,12,0.01,4,0,2,128,0.12,7,1,2,59,0.13,1,0,2,109,0.13,0,0,2,6,0.02,0,0,1,47,0.13,0,0,2,49,0.13,1,0,2,61,0.14,0,0,2,11,0.05,0,0,1
254,643,4,0,17,0,3,0,1,PROTECTING,Field_5,1,PROTECTING,Field_5,1,PROTECTING,Field_4,1,PROTECTING,Field_5,1,PROTECTING,Field_5,1,MOVING_TO_FIELD,Field_5,1,IDLE,,1,PROTECTING,Field_2,1,PROTECTING,Field_5,1,MOVING_TO_FIELD,Field_2,1,MOVING_TO_FIELD,Field_2,1,PROTECTING,Field_5,1,IDLE,,1,IDLE,,1,IDLE,,1,PROTECTING,Field_10,1,PROTECTING,Field_2,1,PROTECTING,Field_4,1,PROTECTING,Field_4,1,PROTECTING,Field_4,1,PROTECTING,Field_2,1,PROTECTING,Field_2,1,PROTECTING,Field_6,1,PROTECTING,Field_5,55,0.19,0,0,2,84,0.20,4,2,2,22,0.07,0,0,1,12,0.01,4,0,2,128,0.13,7,1,2,59,0.13,1,0,2,109,0.13,0,0,2,6,0.02,0,0,1,47,0.13,0,0,2,49,0.11,1,0,2,61,0.16,0,0,2,11,0.05,0,0,1
255,644,4,0,17,0,3,0,1,PROTECTING,Field_5,1,PROTECTING,Field_5,1,PROTECTING,Field_4,1,PROTECTING,Field_5,1,PROTECTING,Field_5,1,MOVING_TO_FIELD,Field_5,1,IDLE,,1,PROTECTING,Field_2,1,PROTECTING,Field_5,1,MOVING_TO_FIELD,Field_2,1,MOVING_TO_FIELD,Field_2,1,PROTECTING,Field_5,1,IDLE,,1,IDLE,,1,IDLE,,1,PROTECTING,Field_10,1,PROTECTING,Field_2,1,PROTECTING,Field_4,1,PROTECTING,Field_4,1,PROTECTING,Field_4,1,PROTECTING,Field_2,1,PROTECTING,Field_2,1,PROTECTING,Field_6,1,PROTECTING,Field_5,55,0.18,0,0,2,84,0.19,4,2,2,22,0.05,0,0,1,12,0.01,4,0,2,128,0.13,7,1,2,60,0.14,1,0,2,109,0.12,0,0,2,6,0.02,0,0,1,47,0.14,0,0,2,49,0.10,1,0,2,61,0.16,0,0,2,11,0.05,0,0,1
256,645,4,0,17,0,3,0,1,PROTECTING,Field_5,1,PROTECTING,Field_5,1,PROTECTING,Field_4,1,PROTECTING,Field_5,1,PROTECTING,Field_5,1,MOVING_TO_FIELD,Field_5,1,IDLE,,1,PROTECTING,Field_2,1,PROTECTING,Field_5,1,MOVING_TO_FIELD,Field_2,1,MOVING_TO_FIELD,Field_2,1,PROTECTING,Field_5,1,IDLE,,1,IDLE,,1,IDLE,,1,PROTECTING,Field_10,1,PROTECTING,Field_2,1,PROTECTING,Field_4,1,PROTECTING,Field_4,1,PROTECTING,Field_4,1,PROTECTING,Field_2,1,PROTECTING,Field_2,1,PROTECTING,Field_6,1,PROTECTING,Field_5,55,0.19,0,0,2,84,0.19,4,2,2,22,0.05,0,0,1,12,0.01,4,0,2,128,0.12,7,1,2,60,0.14,1,0,2,109,0.13,0,0,2,6,0.02,0,0,1,48,0.15,0,0,2,49,0.08,1,0,2,61,0.18,0,0,2,11,0.05,0,0,1
257,646,4,0,17,0,3,0,1,PROTECTING,Field_5,1,PROTECTING,Field_5,1,PROTECTING,Field_4,1,PROTECTING,Field_5,1,PROTECTING,Field_5,1,MOVING_TO_FIELD,Field_5,1,IDLE,,1,PROTECTING,Field_2,1,PROTECTING,Field_5,1,MOVING_TO_FIELD,Field_2,1,MOVING_TO_FIELD,Field_2,1,PROTECTING,Field_5,1,IDLE,,1,IDLE,,1,IDLE,,1,PROTECTING,Field_10,1,PROTECTING,Field_2,1,PROTECTING,Field_4,1,PROTECTING,Field_4,1,PROTECTING,Field_4,1,PROTECTING,Field_2,1,PROTECTING,Field_2,1,PROTECTING,Field_6,1,PROTECTING,Field_5,55,0.19,0,0,2,84,0.18,4,2,2,22,0.03,0,0,1,12,0.01,4,0,2,128,0.13,7,1,2,61,0.14,1,0,2,109,0.11,0,0,2,6,0.02,0,0,1,48,0.17,0,0,2,49,0.08,1,0,2,61,0.20,0,0,2,11,0.05,0,0,1
258,647,4,0,17,0,3,0,1,PROTECTING,Field_5,1,PROTECTING,Field_5,1,PROTECTING,Field_4,1,PROTECTING,Field_5,1,PROTECTING,Field_5,1,MOVING_TO_FIELD,Field_5,1,IDLE,,1,PROTECTING,Field_2,1,PROTECTING,Field_5,1,MOVING_TO_FIELD,Field_2,1,MOVING_TO_FIELD,Field_2,1,PROTECTING,Field_5,1,IDLE,,1,IDLE,,1,IDLE,,1,PROTECTING,Field_10,1,PROTECTING,Field_2,1,PROTECTING,Field_4,1,PROTECTING,Field_4,1,PROTECTING,Field_4,1,PROTECTING,Field_2,1,PROTECTING,Field_2,1,PROTECTING,Field_6,1,PROTECTING,Field_5,55,0.18,0,0,2,84,0.15,4,2,2,22,0.01,0,0,1,12,0.01,4,0,2,128,0.15,7,1,2,62,0.14,1,0,2,109,0.10,0,0,2,6,0.02,0,0,1,48,0.17,0,0,2,49,0.08,1,0,2,61,0.20,0,0,2,11,0.05,0,0,1
259,649,4,0,19,0,1,0,1,PROTECTING,Field_5,1,PROTECTING,Field_5,1,PROTECTING,Field_4,1,PROTECTING,Field_5,1,PROTECTING,Field_5,1,MOVING_TO_FIELD,Field_5,1,IDLE,,1,PROTECTING,Field_2,1,PROTECTING,Field_5,1,PROTECTING,Field_2,1,PROTECTING,Field_2,1,PROTECTING,Field_5,1,IDLE,,1,IDLE,,1,IDLE,,1,PROTECTING,Field_10,1,PROTECTING,Field_2,1,PROTECTING,Field_4,1,PROTECTING,Field_4,1,PROTECTING,Field_4,1,PROTECTING,Field_2,1,PROTECTING,Field_2,1,PROTECTING,Field_6,1,PROTECTING,Field_5,55,0.15,0,0,2,84,0.14,6,0,0,22,0.01,0,0,1,12,0.01,4,0,2,128,0.15,7,1,2,63,0.13,1,0,2,109,0.10,0,0,2,6,0.02,0,0,1,48,0.17,0,0,2,49,0.07,1,0,2,62,0.18,0,0,2,11,0.05,0,0,1
260,651,4,0,19,0,1,0,1,PROTECTING,Field_5,1,PROTECTING,Field_5,1,PROTECTING,Field_4,1,PROTECTING,Field_5,1,PROTECTING,Field_5,1,MOVING_TO_FIELD,Field_5,1,IDLE,,1,PROTECTING,Field_2,1,PROTECTING,Field_5,1,PROTECTING,Field_2,1,PROTECTING,Field_2,1,PROTECTING,Field_5,1,IDLE,,1,IDLE,,1,IDLE,,1,PROTECTING,Field_10,1,PROTECTING,Field_2,1,PROTECTING,Field_4,1,PROTECTING,Field_4,1,PROTECTING,Field_4,1,PROTECTING,Field_2,1,PROTECTING,Field_2,1,PROTECTING,Field_6,1,PROTECTING,Field_5,56,0.15,0,0,2,84,0.13,6,0,0,22,0.01,0,0,1,12,0.01,4,0,2,128,0.15,7,1,2,64,0.14,1,0,2,109,0.11,0,0,2,6,0.02,0,0,1,48,0.17,0,0,2,49,0.05,1,0,2,62,0.20,0,0,2,11,0.03,0,0,1
261,653,4,0,19,0,1,0,1,PROTECTING,Field_5,1,PROTECTING,Field_5,1,PROTECTING,Field_4,1,PROTECTING,Field_5,1,PROTECTING,Field_5,1,MOVING_TO_FIELD,Field_5,1,IDLE,,1,PROTECTING,Field_2,1,PROTECTING,Field_5,1,PROTECTING,Field_2,1,PROTECTING,Field_2,1,PROTECTING,Field_5,1,IDLE,,1,IDLE,,1,IDLE,,1,PROTECTING,Field_10,1,PROTECTING,Field_2,1,PROTECTING,Field_4,1,PROTECTING,Field_4,1,PROTECTING,Field_4,1,PROTECTING,Field_2,1,PROTECTING,Field_2,1,PROTECTING,Field_6,1,PROTECTING,Field_5,56,0.15,0,0,2,84,0.14,6,0,0,22,0.00,0,0,1,12,0.01,4,0,2,128,0.15,7,1,2,65,0.15,1,0,2,109,0.11,0,0,2,6,0.02,0,0,1,48,0.18,0,0,2,49,0.05,1,0,2,63,0.20,0,0,2,11,0.05,0,0,1
262,655,4,0,19,0,1,0,1,PROTECTING,Field_5,1,PROTECTING,Field_5,1,PROTECTING,Field_4,1,PROTECTING,Field_5,1,PROTECTING,Field_5,1,MOVING_TO_FIELD,Field_5,1,IDLE,,1,PROTECTING,Field_2,1,PROTECTING,Field_5,1,PROTECTING,Field_2,1,PROTECTING,Field_2,1,PROTECTING,Field_5,1,IDLE,,1,IDLE,,1,IDLE,,1,PROTECTING,Field_10,1,PROTECTING,Field_2,1,PROTECTING,Field_4,1,PROTECTING,Field_4,1,PROTECTING,Field_4,1,PROTECTING,Field_2,1,PROTECTING,Field_2,1,PROTECTING,Field_6,1,PROTECTING,Field_5,56,0.16,0,0,2,84,0.15,6,0,0,22,0.00,0,0,1,12,0.01,4,0,2,128,0.16,7,1,2,65,0.14,1,0,2,111,0.12,0,0,2,6,0.02,0,0,1,48,0.18,0,0,2,49,0.07,1,0,2,63,0.20,0,0,2,11,0.08,0,0,1
263,660,4,0,19,0,1,0,1,PROTECTING,Field_5,1,PROTECTING,Field_5,1,PROTECTING,Field_4,1,PROTECTING,Field_5,1,PROTECTING,Field_5,1,MOVING_TO_FIELD,Field_5,1,IDLE,,1,PROTECTING,Field_2,1,PROTECTING,Field_5,1,PROTECTING,Field_2,1,PROTECTING,Field_2,1,PROTECTING,Field_5,1,IDLE,,1,IDLE,,1,IDLE,,1,PROTECTING,Field_10,1,PROTECTING,Field_2,1,PROTECTING,Field_4,1,PROTECTING,Field_4,1,PROTECTING,Field_4,1,PROTECTING,Field_2,1,PROTECTING,Field_2,1,PROTECTING,Field_6,1,PROTECTING,Field_5,58,0.18,0,0,2,84,0.15,6,0,0,22,0.00,0,0,1,12,0.00,4,0,2,129,0.16,7,1,2,65,0.13,1,0,2,111,0.10,0,0,2,6,0.02,0,0,1,50,0.19,0,0,2,49,0.07,1,0,2,63,0.18,0,0,2,11,0.08,0,0,1
264,662,4,0,20,0,0,0,1,PROTECTING,Field_5,1,PROTECTING,Field_5,1,PROTECTING,Field_4,1,PROTECTING,Field_5,1,PROTECTING,Field_5,1,PROTECTING,Field_5,1,IDLE,,1,PROTECTING,Field_2,1,PROTECTING,Field_5,1,PROTECTING,Field_2,1,PROTECTING,Field_2,1,PROTECTING,Field_5,1,IDLE,,1,IDLE,,1,IDLE,,1,PROTECTING,Field_10,1,PROTECTING,Field_2,1,PROTECTING,Field_4,1,PROTECTING,Field_4,1,PROTECTING,Field_4,1,PROTECTING,Field_2,1,PROTECTING,Field_2,1,PROTECTING,Field_6,1,PROTECTING,Field_5,58,0.18,0,0,2,84,0.15,6,0,0,22,0.00,0,0,1,12,0.00,4,0,2,131,0.16,8,0,1,65,0.13,1,0,2,111,0.11,0,0,2,6,0.02,0,0,1,50,0.18,0,0,2,49,0.07,1,0,2,63,0.16,0,0,2,11,0.08,0,0,1
265,664,4,0,20,0,0,0,1,PROTECTING,Field_5,1,PROTECTING,Field_5,1,PROTECTING,Field_4,1,PROTECTING,Field_5,1,PROTECTING,Field_5,1,PROTECTING,Field_5,1,IDLE,,1,PROTECTING,Field_2,1,PROTECTING,Field_5,1,PROTECTING,Field_2,1,PROTECTING,Field_2,1,PROTECTING,Field_5,1,IDLE,,1,IDLE,,1,IDLE,,1,PROTECTING,Field_10,1,PROTECTING,Field_2,1,PROTECTING,Field_4,1,PROTECTING,Field_4,1,PROTECTING,Field_4,1,PROTECTING,Field_2,1,PROTECTING,Field_2,1,PROTECTING,Field_6,1,PROTECTING,Field_5,59,0.16,0,0,2,84,0.15,6,0,0,22,0.00,0,0,1,12,0.01,4,0,2,132,0.16,8,0,1,65,0.13,1,0,2,111,0.12,0,0,2,6,0.05,0,0,1,50,0.19,0,0,2,49,0.07,1,0,2,63,0.18,0,0,2,11,0.08,0,0,1
266,665,4,0,20,0,0,0,1,PROTECTING,Field_5,1,PROTECTING,Field_5,1,PROTECTING,Field_4,1,PROTECTING,Field_5,1,PROTECTING,Field_5,1,PROTECTING,Field_5,1,IDLE,,1,PROTECTING,Field_2,1,PROTECTING,Field_5,1,PROTECTING,Field_2,1,PROTECTING,Field_2,1,PROTECTING,Field_5,1,IDLE,,1,IDLE,,1,IDLE,,1,PROTECTING,Field_10,1,PROTECTING,Field_2,1,PROTECTING,Field_4,1,PROTECTING,Field_4,1,PROTECTING,Field_4,1,PROTECTING,Field_2,1,PROTECTING,Field_2,1,PROTECTING,Field_6,1,PROTECTING,Field_5,60,0.18,0,0,2,84,0.15,6,0,0,22,0.00,0,0,1,12,0.01,4,0,2,132,0.16,8,0,1,65,0.13,1,0,2,111,0.11,0,0,2,6,0.05,0,0,1,50,0.19,0,0,2,49,0.07,1,0,2,63,0.16,0,0,2,11,0.05,0,0,1
267,667,4,0,20,0,0,0,1,PROTECTING,Field_5,1,PROTECTING,Field_5,1,PROTECTING,Field_4,1,PROTECTING,Field_5,1,PROTECTING,Field_5,1,PROTECTING,Field_5,1,IDLE,,1,PROTECTING,Field_2,1,PROTECTING,Field_5,1,PROTECTING,Field_2,1,PROTECTING,Field_2,1,PROTECTING,Field_5,1,IDLE,,1,IDLE,,1,IDLE,,1,PROTECTING,Field_10,1,PROTECTING,Field_2,1,PROTECTING,Field_4,1,PROTECTING,Field_4,1,PROTECTING,Field_4,1,PROTECTING,Field_2,1,PROTECTING,Field_2,1,PROTECTING,Field_6,1,PROTECTING,Field_5,60,0.19,0,0,2,84,0.14,6,0,0,22,0.00,0,0,1,12,0.01,4,0,2,133,0.18,8,0,1,65,0.13,1,0,2,111,0.11,0,0,2,6,0.05,0,0,1,51,0.19,0,0,2,49,0.07,1,0,2,63,0.16,0,0,2,11,0.05,0,0,1
268,667,4,0,20,0,0,0,1,PROTECTING,Field_5,1,PROTECTING,Field_5,1,PROTECTING,Field_4,1,PROTECTING,Field_5,1,PROTECTING,Field_5,1,PROTECTING,Field_5,1,IDLE,,1,PROTECTING,Field_2,1,PROTECTING,Field_5,1,PROTECTING,Field_2,1,PROTECTING,Field_2,1,PROTECTING,Field_5,1,IDLE,,1,IDLE,,1,IDLE,,1,PROTECTING,Field_10,1,PROTECTING,Field_2,1,PROTECTING,Field_4,1,PROTECTING,Field_4,1,PROTECTING,Field_4,1,PROTECTING,Field_2,1,PROTECTING,Field_2,1,PROTECTING,Field_6,1,PROTECTING,Field_5,60,0.19,0,0,2,84,0.14,6,0,0,22,0.00,0,0,1,12,0.01,4,0,2,133,0.18,8,0,1,65,0.13,1,0,2,111,0.13,0,0,2,6,0.05,0,0,1,51,0.18,0,0,2,49,0.07,1,0,2,63,0.16,0,0,2,11,0.03,0,0,1
269,669,4,0,20,0,0,0,1,PROTECTING,Field_5,1,PROTECTING,Field_5,1,PROTECTING,Field_4,1,PROTECTING,Field_5,1,PROTECTING,Field_5,1,PROTECTING,Field_5,1,IDLE,,1,PROTECTING,Field_2,1,PROTECTING,Field_5,1,PROTECTING,Field_2,1,PROTECTING,Field_2,1,PROTECTING,Field_5,1,IDLE,,1,IDLE,,1,IDLE,,1,PROTECTING,Field_10,1,PROTECTING,Field_2,1,PROTECTING,Field_4,1,PROTECTING,Field_4,1,PROTECTING,Field_4,1,PROTECTING,Field_2,1,PROTECTING,Field_2,1,PROTECTING,Field_6,1,PROTECTING,Field_5,60,0.19,0,0,2,84,0.13,6,0,0,22,0.00,0,0,1,12,0.01,4,0,2,134,0.18,8,0,1,65,0.13,1,0,2,111,0.14,0,0,2,6,0.05,0,0,1,52,0.16,0,0,2,49,0.10,1,0,2,63,0.18,0,0,2,11,0.05,0,0,1
270,672,4,0,20,0,0,0,1,PROTECTING,Field_5,1,PROTECTING,Field_5,1,PROTECTING,Field_4,1,PROTECTING,Field_5,1,PROTECTING,Field_5,1,PROTECTING,Field_5,1,IDLE,,1,PROTECTING,Field_2,1,PROTECTING,Field_5,1,PROTECTING,Field_2,1,PROTECTING,Field_2,1,PROTECTING,Field_5,1,IDLE,,1,IDLE,,1,IDLE,,1,PROTECTING,Field_10,1,PROTECTING,Field_2,1,PROTECTING,Field_4,1,PROTECTING,Field_4,1,PROTECTING,Field_4,1,PROTECTING,Field_2,1,PROTECTING,Field_2,1,PROTECTING,Field_6,1,PROTECTING,Field_5,60,0.21,0,0,2,84,0.14,6,0,0,22,0.00,0,0,1,12,0.01,4,0,2,134,0.18,8,0,1,65,0.14,1,0,2,112,0.17,0,0,2,6,0.05,0,0,1,54,0.18,0,0,2,49,0.10,1,0,2,63,0.20,0,0,2,11,0.05,0,0,1
271,672,4,0,20,0,0,0,1,PROTECTING,Field_5,1,PROTECTING,Field_5,1,PROTECTING,Field_4,1,PROTECTING,Field_5,1,PROTECTING,Field_5,1,PROTECTING,Field_5,1,IDLE,,1,PROTECTING,Field_2,1,PROTECTING,Field_5,1,PROTECTING,Field_2,1,PROTECTING,Field_2,1,PROTECTING,Field_5,1,IDLE,,1,IDLE,,1,IDLE,,1,PROTECTING,Field_10,1,PROTECTING,Field_2,1,PROTECTING,Field_4,1,PROTECTING,Field_4,1,PROTECTING,Field_4,1,PROTECTING,Field_2,1,PROTECTING,Field_2,1,PROTECTING,Field_6,1,PROTECTING,Field_5,60,0.19,0,0,2,84,0.14,6,0,0,22,0.01,0,0,1,12,0.01,4,0,2,134,0.17,8,0,1,65,0.14,1,0,2,112,0.17,0,0,2,6,0.05,0,0,1,54,0.16,0,0,2,49,0.10,1,0,2,63,0.20,0,0,2,11,0.05,0,0,1
272,677,4,0,20,0,0,0,1,PROTECTING,Field_5,1,PROTECTING,Field_5,1,PROTECTING,Field_4,1,PROTECTING,Field_5,1,PROTECTING,Field_5,1,PROTECTING,Field_5,1,IDLE,,1,PROTECTING,Field_2,1,PROTECTING,Field_5,1,PROTECTING,Field_2,1,PROTECTING,Field_2,1,PROTECTING,Field_5,1,IDLE,,1,IDLE,,1,IDLE,,1,PROTECTING,Field_10,1,PROTECTING,Field_2,1,PROTECTING,Field_4,1,PROTECTING,Field_4,1,PROTECTING,Field_4,1,PROTECTING,Field_2,1,PROTECTING,Field_2,1,PROTECTING,Field_6,1,PROTECTING,Field_5,60,0.18,0,0,2,84,0.14,6,0,0,22,0.03,0,0,1,12,0.00,4,0,2,135,0.16,8,0,1,65,0.14,1,0,2,113,0.16,0,0,2,6,0.05,0,0,1,57,0.15,0,0,2,49,0.08,1,0,2,63,0.20,0,0,2,11,0.05,0,0,1
273,683,4,0,20,0,0,0,1,PROTECTING,Field_5,1,PROTECTING,Field_5,1,PROTECTING,Field_4,1,PROTECTING,Field_5,1,PROTECTING,Field_5,1,PROTECTING,Field_5,1,IDLE,,1,PROTECTING,Field_2,1,PROTECTING,Field_5,1,PROTECTING,Field_2,1,PROTECTING,Field_2,1,PROTECTING,Field_5,1,IDLE,,1,IDLE,,1,IDLE,,1,PROTECTING,Field_10,1,PROTECTING,Field_2,1,PROTECTING,Field_4,1,PROTECTING,Field_4,1,PROTECTING,Field_4,1,PROTECTING,Field_2,1,PROTECTING,Field_2,1,PROTECTING,Field_6,1,PROTECTING,Field_5,60,0.16,0,0,2,84,0.13,6,0,0,22,0.03,0,0,1,12,0.00,4,0,2,136,0.17,8,0,1,67,0.14,1,0,2,114,0.16,0,0,2,6,0.05,0,0,1,58,0.15,0,0,2,49,0.08,1,0,2,64,0.20,0,0,2,11,0.03,0,0,1
274,683,4,0,20,0,0,0,1,PROTECTING,Field_5,1,PROTECTING,Field_5,1,PROTECTING,Field_4,1,PROTECTING,Field_5,1,PROTECTING,Field_5,1,PROTECTING,Field_5,1,IDLE,,1,PROTECTING,Field_2,1,PROTECTING,Field_5,1,PROTECTING,Field_2,1,PROTECTING,Field_2,1,PROTECTING,Field_5,1,IDLE,,1,IDLE,,1,IDLE,,1,PROTECTING,Field_10,1,PROTECTING,Field_2,1,PROTECTING,Field_4,1,PROTECTING,Field_4,1,PROTECTING,Field_4,1,PROTECTING,Field_2,1,PROTECTING,Field_2,1,PROTECTING,Field_6,1,PROTECTING,Field_5,60,0.16,0,0,2,84,0.11,6,0,0,22,0.03,0,0,1,12,0.00,4,0,2,136,0.17,8,0,1,67,0.13,1,0,2,114,0.16,0,0,2,6,0.05,0,0,1,58,0.13,0,0,2,49,0.08,1,0,2,64,0.18,0,0,2,11,0.03,0,0,1
275,686,4,0,20,0,0,0,1,PROTECTING,Field_5,1,PROTECTING,Field_5,1,PROTECTING,Field_4,1,PROTECTING,Field_5,1,PROTECTING,Field_5,1,PROTECTING,Field_5,1,IDLE,,1,PROTECTING,Field_2,1,PROTECTING,Field_5,1,PROTECTING,Field_2,1,PROTECTING,Field_2,1,PROTECTING,Field_5,1,IDLE,,1,IDLE,,1,IDLE,,1,PROTECTING,Field_10,1,PROTECTING,Field_2,1,PROTECTING,Field_4,1,PROTECTING,Field_4,1,PROTECTING,Field_4,1,PROTECTING,Field_2,1,PROTECTING,Field_2,1,PROTECTING,Field_6,1,PROTECTING,Field_5,60,0.15,0,0,2,84,0.12,6,0,0,22,0.03,0,0,1,12,0.00,4,0,2,137,0.17,8,0,1,67,0.13,1,0,2,115,0.16,0,0,2,6,0.05,0,0,1,58,0.15,0,0,2,49,0.08,1,0,2,65,0.16,0,0,2,11,0.05,0,0,1
276,687,4,0,20,0,0,0,1,PROTECTING,Field_5,1,PROTECTING,Field_5,1,PROTECTING,Field_4,1,PROTECTING,Field_5,1,PROTECTING,Field_5,1,PROTECTING,Field_5,1,IDLE,,1,PROTECTING,Field_2,1,PROTECTING,Field_5,1,PROTECTING,Field_2,1,PROTECTING,Field_2,1,PROTECTING,Field_5,1,IDLE,,1,IDLE,,1,IDLE,,1,PROTECTING,Field_10,1,PROTECTING,Field_2,1,PROTECTING,Field_4,1,PROTECTING,Field_4,1,PROTECTING,Field_4,1,PROTECTING,Field_2,1,PROTECTING,Field_2,1,PROTECTING,Field_6,1,PROTECTING,Field_5,61,0.15,0,0,2,84,0.11,6,0,0,22,0.03,0,0,1,12,0.00,4,0,2,137,0.18,8,0,1,67,0.14,1,0,2,115,0.14,0,0,2,6,0.05,0,0,1,58,0.13,0,0,2,49,0.08,1,0,2,65,0.16,0,0,2,11,0.05,0,0,1
277,689,4,0,20,0,0,0,1,PROTECTING,Field_5,1,PROTECTING,Field_5,1,PROTECTING,Field_4,1,PROTECTING,Field_5,1,PROTECTING,Field_5,1,PROTECTING,Field_5,1,IDLE,,1,PROTECTING,Field_2,1,PROTECTING,Field_5,1,PROTECTING,Field_2,1,PROTECTING,Field_2,1,PROTECTING,Field_5,1,IDLE,,1,IDLE,,1,IDLE,,1,PROTECTING,Field_10,1,PROTECTING,Field_2,1,PROTECTING,Field_4,1,PROTECTING,Field_4,1,PROTECTING,Field_4,1,PROTECTING,Field_2,1,PROTECTING,Field_2,1,PROTECTING,Field_6,1,PROTECTING,Field_5,63,0.15,0,0,2,84,0.10,6,0,0,22,0.01,0,0,1,12,0.00,4,0,2,137,0.18,8,0,1,67,0.14,1,0,2,115,0.13,0,0,2,6,0.05,0,0,1,58,0.13,0,0,2,49,0.08,1,0,2,65,0.16,0,0,2,11,0.05,0,0,1
278,692,4,0,20,0,0,0,1,PROTECTING,Field_5,1,PROTECTING,Field_5,1,PROTECTING,Field_4,1,PROTECTING,Field_5,1,PROTECTING,Field_5,1,PROTECTING,Field_5,1,IDLE,,1,PROTECTING,Field_2,1,PROTECTING,Field_5,1,PROTECTING,Field_2,1,PROTECTING,Field_2,1,PROTECTING,Field_5,1,IDLE,,1,IDLE,,1,IDLE,,1,PROTECTING,Field_10,1,PROTECTING,Field_2,1,PROTECTING,Field_4,1,PROTECTING,Field_4,1,PROTECTING,Field_4,1,PROTECTING,Field_2,1,PROTECTING,Field_2,1,PROTECTING,Field_6,1,PROTECTING,Field_5,63,0.15,0,0,2,84,0.09,6,0,0,22,0.03,0,0,1,12,0.00,4,0,2,139,0.18,8,0,1,67,0.14,1,0,2,115,0.13,0,0,2,6,0.05,0,0,1,59,0.14,0,0,2,49,0.07,1,0,2,65,0.16,0,0,2,11,0.05,0,0,1
279,693,4,0,20,0,0,0,1,PROTECTING,Field_5,1,PROTECTING,Field_5,1,PROTECTING,Field_4,1,PROTECTING,Field_5,1,PROTECTING,Field_5,1,PROTECTING,Field_5,1,IDLE,,1,PROTECTING,Field_2,1,PROTECTING,Field_5,1,PROTECTING,Field_2,1,PROTECTING,Field_2,1,PROTECTING,Field_5,1,IDLE,,1,IDLE,,1,IDLE,,1,PROTECTING,Field_10,1,PROTECTING,Field_2,1,PROTECTING,Field_4,1,PROTECTING,Field_4,1,PROTECTING,Field_4,1,PROTECTING,Field_2,1,PROTECTING,Field_2,1,PROTECTING,Field_6,1,PROTECTING,Field_5,63,0.15,0,0,2,84,0.11,6,0,0,22,0.03,0,0,1,12,0.00,4,0,2,139,0.19,8,0,1,67,0.13,1,0,2,115,0.11,0,0,2,6,0.05,0,0,1,59,0.15,0,0,2,49,0.07,1,0,2,66,0.16,0,0,2,11,0.05,0,0,1
280,695,4,0,20,0,0,0,1,PROTECTING,Field_5,1,PROTECTING,Field_5,1,PROTECTING,Field_4,1,PROTECTING,Field_5,1,PROTECTING,Field_5,1,PROTECTING,Field_5,1,IDLE,,1,PROTECTING,Field_2,1,PROTECTING,Field_5,1,PROTECTING,Field_2,1,PROTECTING,Field_2,1,PROTECTING,Field_5,1,IDLE,,1,IDLE,,1,IDLE,,1,PROTECTING,Field_10,1,PROTECTING,Field_2,1,PROTECTING,Field_4,1,PROTECTING,Field_4,1,PROTECTING,Field_4,1,PROTECTING,Field_2,1,PROTECTING,Field_2,1,PROTECTING,Field_6,1,PROTECTING,Field_5,64,0.15,0,0,2,84,0.10,6,0,0,22,0.04,0,0,1,12,0.00,4,0,2,139,0.19,8,0,1,67,0.12,1,0,2,115,0.10,0,0,2,6,0.07,0,0,1,59,0.14,0,0,2,49,0.07,1,0,2,67,0.16,0,0,2,11,0.08,0,0,1
281,698,4,0,16,0,4,0,1,PROTECTING,Field_5,1,PROTECTING,Field_5,1,PROTECTING,Field_4,1,PROTECTING,Field_5,1,PROTECTING,Field_5,1,PROTECTING,Field_5,1,IDLE,,1,PROTECTING,Field_2,1,PROTECTING,Field_5,1,PROTECTING,Field_2,1,MOVING_TO_FIELD,Field_1,1,PROTECTING,Field_5,1,IDLE,,1,IDLE,,1,IDLE,,1,PROTECTING,Field_10,1,PROTECTING,Field_2,1,MOVING_TO_FIELD,Field_11,1,MOVING_TO_FIELD,Field_11,1,PROTECTING,Field_4,1,PROTECTING,Field_2,1,MOVING_TO_FIELD,Field_1,1,PROTECTING,Field_6,1,PROTECTING,Field_5,64,0.16,0,2,2,84,0.09,4,0,2,22,0.05,0,0,1,12,0.00,2,0,4,142,0.20,8,0,1,67,0.12,1,0,2,115,0.10,0,0,2,6,0.07,0,0,1,59,0.15,0,0,2,49,0.05,1,0,2,67,0.16,0,2,2,11,0.10,0,0,1
282,700,4,0,16,0,4,0,1,PROTECTING,Field_5,1,PROTECTING,Field_5,1,PROTECTING,Field_4,1,PROTECTING,Field_5,1,PROTECTING,Field_5,1,PROTECTING,Field_5,1,IDLE,,1,PROTECTING,Field_2,1,PROTECTING,Field_5,1,PROTECTING,Field_2,1,MOVING_TO_FIELD,Field_1,1,PROTECTING,Field_5,1,IDLE,,1,IDLE,,1,IDLE,,1,PROTECTING,Field_10,1,PROTECTING,Field_2,1,MOVING_TO_FIELD,Field_11,1,MOVING_TO_FIELD,Field_11,1,PROTECTING,Field_4,1,PROTECTING,Field_2,1,MOVING_TO_FIELD,Field_1,1,PROTECTING,Field_6,1,PROTECTING,Field_5,64,0.16,0,2,2,84,0.08,4,0,2,22,0.04,0,0,1,12,0.00,2,0,4,143,0.21,8,0,1,67,0.12,1,0,2,115,0.11,0,0,2,6,0.07,0,0,1,60,0.15,0,0,2,49,0.08,1,0,2,67,0.16,0,2,2,11,0.10,0,0,1
283,702,4,0,16,0,4,0,1,PROTECTING,Field_5,1,PROTECTING,Field_5,1,PROTECTING,Field_4,1,PROTECTING,Field_5,1,PROTECTING,Field_5,1,PROTECTING,Field_5,1,IDLE,,1,PROTECTING,Field_2,1,PROTECTING,Field_5,1,PROTECTING,Field_2,1,MOVING_TO_FIELD,Field_1,1,PROTECTING,Field_5,1,IDLE,,1,IDLE,,1,IDLE,,1,PROTECTING,Field_10,1,PROTECTING,Field_2,1,MOVING_TO_FIELD,Field_11,1,MOVING_TO_FIELD,Field_11,1,PROTECTING,Field_4,1,PROTECTING,Field_2,1,MOVING_TO_FIELD,Field_1,1,PROTECTING,Field_6,1,PROTECTING,Field_5,64,0.18,0,2,2,84,0.07,4,0,2,22,0.04,0,0,1,12,0.00,2,0,4,143,0.19,8,0,1,67,0.12,1,0,2,115,0.11,0,0,2,6,0.07,0,0,1,61,0.15,0,0,2,49,0.08,1,0,2,68,0.16,0,2,2,11,0.08,0,0,1
284,707,4,0,16,0,4,0,1,PROTECTING,Field_5,1,PROTECTING,Field_5,1,PROTECTING,Field_4,1,PROTECTING,Field_5,1,PROTECTING,Field_5,1,PROTECTING,Field_5,1,IDLE,,1,PROTECTING,Field_2,1,PROTECTING,Field_5,1,PROTECTING,Field_2,1,MOVING_TO_FIELD,Field_1,1,PROTECTING,Field_5,1,IDLE,,1,IDLE,,1,IDLE,,1,PROTECTING,Field_10,1,PROTECTING,Field_2,1,MOVING_TO_FIELD,Field_11,1,MOVING_TO_FIELD,Field_11,1,PROTECTING,Field_4,1,PROTECTING,Field_2,1,MOVING_TO_FIELD,Field_1,1,PROTECTING,Field_6,1,PROTECTING,Field_5,65,0.19,0,2,2,84,0.07,4,0,2,22,0.03,0,0,1,12,0.00,2,0,4,145,0.19,8,0,1,67,0.13,1,0,2,116,0.10,0,0,2,7,0.07,0,0,1,61,0.15,0,0,2,49,0.08,1,0,2,68,0.16,0,2,2,11,0.08,0,0,1
285,709,4,0,16,0,4,0,1,PROTECTING,Field_5,1,PROTECTING,Field_5,1,PROTECTING,Field_4,1,PROTECTING,Field_5,1,PROTECTING,Field_5,1,PROTECTING,Field_5,1,IDLE,,1,PROTECTING,Field_2,1,PROTECTING,Field_5,1,PROTECTING,Field_2,1,MOVING_TO_FIELD,Field_1,1,PROTECTING,Field_5,1,IDLE,,1,IDLE,,1,IDLE,,1,PROTECTING,Field_10,1,PROTECTING,Field_2,1,MOVING_TO_FIELD,Field_11,1,MOVING_TO_FIELD,Field_11,1,PROTECTING,Field_4,1,PROTECTING,Field_2,1,MOVING_TO_FIELD,Field_1,1,PROTECTING,Field_6,1,PROTECTING,Field_5,65,0.19,0,2,2,84,0.07,4,0,2,22,0.01,0,0,1,12,0.00,2,0,4,146,0.18,8,0,1,67,0.14,1,0,2,116,0.10,0,0,2,7,0.07,0,0,1,61,0.16,0,0,2,49,0.08,1,0,2,69,0.18,0,2,2,11,0.08,0,0,1
286,710,4,0,16,0,4,0,1,PROTECTING,Field_5,1,PROTECTING,Field_5,1,PROTECTING,Field_4,1,PROTECTING,Field_5,1,PROTECTING,Field_5,1,PROTECTING,Field_5,1,IDLE,,1,PROTECTING,Field_2,1,PROTECTING,Field_5,1,PROTECTING,Field_2,1,MOVING_TO_FIELD,Field_1,1,PROTECTING,Field_5,1,IDLE,,1,IDLE,,1,IDLE,,1,PROTECTING,Field_10,1,PROTECTING,Field_2,1,MOVING_TO_FIELD,Field_11,1,MOVING_TO_FIELD,Field_11,1,PROTECTING,Field_4,1,PROTECTING,Field_2,1,MOVING_TO_FIELD,Field_1,1,PROTECTING,Field_6,1,PROTECTING,Field_5,65,0.19,0,2,2,84,0.06,4,0,2,22,0.01,0,0,1,12,0.00,2,0,4,146,0.19,8,0,1,67,0.13,1,0,2,116,0.10,0,0,2,7,0.07,0,0,1,62,0.15,0,0,2,49,0.08,1,0,2,69,0.16,0,2,2,11,0.08,0,0,1
287,713,4,0,16,0,4,0,1,PROTECTING,Field_5,1,PROTECTING,Field_5,1,PROTECTING,Field_4,1,PROTECTING,Field_5,1,PROTECTING,Field_5,1,PROTECTING,Field_5,1,IDLE,,1,PROTECTING,Field_2,1,PROTECTING,Field_5,1,PROTECTING,Field_2,1,MOVING_TO_FIELD,Field_1,1,PROTECTING,Field_5,1,IDLE,,1,IDLE,,1,IDLE,,1,PROTECTING,Field_10,1,PROTECTING,Field_2,1,MOVING_TO_FIELD,Field_11,1,MOVING_TO_FIELD,Field_11,1,PROTECTING,Field_4,1,PROTECTING,Field_2,1,MOVING_TO_FIELD,Field_1,1,PROTECTING,Field_6,1,PROTECTING,Field_5,66,0.19,0,2,2,84,0.05,4,0,2,22,0.03,0,0,1,12,0.00,2,0,4,147,0.20,8,0,1,67,0.14,1,0,2,116,0.09,0,0,2,7,0.07,0,0,1,62,0.15,0,0,2,49,0.10,1,0,2,70,0.16,0,2,2,11,0.08,0,0,1
288,716,4,0,16,0,4,0,1,PROTECTING,Field_5,1,PROTECTING,Field_5,1,PROTECTING,Field_4,1,PROTECTING,Field_5,1,PROTECTING,Field_5,1,PROTECTING,Field_5,1,IDLE,,1,PROTECTING,Field_2,1,PROTECTING,Field_5,1,PROTECTING,Field_2,1,MOVING_TO_FIELD,Field_1,1,PROTECTING,Field_5,1,IDLE,,1,IDLE,,1,IDLE,,1,PROTECTING,Field_10,1,PROTECTING,Field_2,1,MOVING_TO_FIELD,Field_11,1,MOVING_TO_FIELD,Field_11,1,PROTECTING,Field_4,1,PROTECTING,Field_2,1,MOVING_TO_FIELD,Field_1,1,PROTECTING,Field_6,1,PROTECTING,Field_5,68,0.19,0,2,2,84,0.05,4,0,2,22,0.03,0,0,1,12,0.00,2,0,4,147,0.20,8,0,1,67,0.14,1,0,2,116,0.09,0,0,2,8,0.07,0,0,1,62,0.16,0,0,2,49,0.11,1,0,2,70,0.16,0,2,2,11,0.08,0,0,1
289,717,4,0,16,0,4,0,1,PROTECTING,Field_5,1,PROTECTING,Field_5,1,PROTECTING,Field_4,1,PROTECTING,Field_5,1,PROTECTING,Field_5,1,PROTECTING,Field_5,1,IDLE,,1,PROTECTING,Field_2,1,PROTECTING,Field_5,1,PROTECTING,Field_2,1,MOVING_TO_FIELD,Field_1,1,PROTECTING,Field_5,1,IDLE,,1,IDLE,,1,IDLE,,1,PROTECTING,Field_10,1,PROTECTING,Field_2,1,MOVING_TO_FIELD,Field_11,1,MOVING_TO_FIELD,Field_11,1,PROTECTING,Field_4,1,PROTECTING,Field_2,1,MOVING_TO_FIELD,Field_1,1,PROTECTING,Field_6,1,PROTECTING,Field_5,68,0.19,0,2,2,84,0.04,4,0,2,22,0.04,0,0,1,12,0.00,2,0,4,148,0.18,8,0,1,67,0.14,1,0,2,116,0.07,0,0,2,8,0.07,0,0,1,62,0.15,0,0,2,49,0.11,1,0,2,70,0.14,0,2,2,11,0.05,0,0,1
290,720,4,0,16,0,4,0,1,PROTECTING,Field_5,1,PROTECTING,Field_5,1,PROTECTING,Field_4,1,PROTECTING,Field_5,1,PROTECTING,Field_5,1,PROTECTING,Field_5,1,IDLE,,1,PROTECTING,Field_2,1,PROTECTING,Field_5,1,PROTECTING,Field_2,1,MOVING_TO_FIELD,Field_1,1,PROTECTING,Field_5,1,IDLE,,1,IDLE,,1,IDLE,,1,PROTECTING,Field_10,1,PROTECTING,Field_2,1,MOVING_TO_FIELD,Field_11,1,MOVING_TO_FIELD,Field_11,1,PROTECTING,Field_4,1,PROTECTING,Field_2,1,MOVING_TO_FIELD,Field_1,1,PROTECTING,Field_6,1,PROTECTING,Field_5,68,0.16,0,2,2,84,0.05,4,0,2,22,0.04,0,0,1,12,0.00,2,0,4,150,0.18,8,0,1,67,0.15,1,0,2,116,0.06,0,0,2,8,0.07,0,0,1,62,0.16,0,0,2,49,0.11,1,0,2,71,0.16,0,2,2,11,0.05,0,0,1
291,722,4,0,16,0,4,0,1,PROTECTING,Field_5,1,PROTECTING,Field_5,1,PROTECTING,Field_4,1,PROTECTING,Field_5,1,PROTECTING,Field_5,1,PROTECTING,Field_5,1,IDLE,,1,PROTECTING,Field_2,1,PROTECTING,Field_5,1,PROTECTING,Field_2,1,MOVING_TO_FIELD,Field_1,1,PROTECTING,Field_5,1,IDLE,,1,IDLE,,1,IDLE,,1,PROTECTING,Field_10,1,PROTECTING,Field_2,1,MOVING_TO_FIELD,Field_11,1,MOVING_TO_FIELD,Field_11,1,PROTECTING,Field_4,1,PROTECTING,Field_2,1,MOVING_TO_FIELD,Field_1,1,PROTECTING,Field_6,1,PROTECTING,Field_5,68,0.15,0,2,2,84,0.05,4,0,2,22,0.04,0,0,1,12,0.00,2,0,4,152,0.18,8,0,1,67,0.15,1,0,2,116,0.06,0,0,2,8,0.07,0,0,1,62,0.17,0,0,2,49,0.11,1,0,2,71,0.16,0,2,2,11,0.05,0,0,1
292,723,4,0,16,0,4,0,1,PROTECTING,Field_5,1,PROTECTING,Field_5,1,PROTECTING,Field_4,1,PROTECTING,Field_5,1,PROTECTING,Field_5,1,PROTECTING,Field_5,1,IDLE,,1,PROTECTING,Field_2,1,PROTECTING,Field_5,1,PROTECTING,Field_2,1,MOVING_TO_FIELD,Field_1,1,PROTECTING,Field_5,1,IDLE,,1,IDLE,,1,IDLE,,1,PROTECTING,Field_10,1,PROTECTING,Field_2,1,MOVING_TO_FIELD,Field_11,1,MOVING_TO_FIELD,Field_11,1,PROTECTING,Field_4,1,PROTECTING,Field_2,1,MOVING_TO_FIELD,Field_1,1,PROTECTING,Field_6,1,PROTECTING,Field_5,68,0.15,0,2,2,84,0.04,4,0,2,22,0.05,0,0,1,12,0.00,2,0,4,152,0.17,8,0,1,68,0.14,1,0,2,116,0.06,0,0,2,8,0.07,0,0,1,62,0.16,0,0,2,49,0.11,1,0,2,71,0.14,0,2,2,11,0.05,0,0,1
293,725,4,0,16,0,4,0,1,PROTECTING,Field_5,1,PROTECTING,Field_5,1,PROTECTING,Field_4,1,PROTECTING,Field_5,1,PROTECTING,Field_5,1,PROTECTING,Field_5,1,IDLE,,1,PROTECTING,Field_2,1,PROTECTING,Field_5,1,PROTECTING,Field_2,1,MOVING_TO_FIELD,Field_1,1,PROTECTING,Field_5,1,IDLE,,1,IDLE,,1,IDLE,,1,PROTECTING,Field_10,1,PROTECTING,Field_2,1,MOVING_TO_FIELD,Field_11,1,MOVING_TO_FIELD,Field_11,1,PROTECTING,Field_4,1,PROTECTING,Field_2,1,MOVING_TO_FIELD,Field_1,1,PROTECTING,Field_6,1,PROTECTING,Field_5,69,0.13,0,2,2,84,0.04,4,0,2,22,0.05,0,0,1,12,0.00,2,0,4,153,0.18,8,0,1,68,0.14,1,0,2,116,0.06,0,0,2,8,0.07,0,0,1,62,0.16,0,0,2,49,0.11,1,0,2,71,0.14,0,2,2,11,0.08,0,0,1
294,726,4,0,16,0,4,0,1,PROTECTING,Field_5,1,PROTECTING,Field_5,1,PROTECTING,Field_4,1,PROTECTING,Field_5,1,PROTECTING,Field_5,1,PROTECTING,Field_5,1,IDLE,,1,PROTECTING,Field_2,1,PROTECTING,Field_5,1,PROTECTING,Field_2,1,MOVING_TO_FIELD,Field_1,1,PROTECTING,Field_5,1,IDLE,,1,IDLE,,1,IDLE,,1,PROTECTING,Field_10,1,PROTECTING,Field_2,1,MOVING_TO_FIELD,Field_11,1,MOVING_TO_FIELD,Field_11,1,PROTECTING,Field_4,1,PROTECTING,Field_2,1,MOVING_TO_FIELD,Field_1,1,PROTECTING,Field_6,1,PROTECTING,Field_5,69,0.13,0,2,2,84,0.05,4,0,2,22,0.05,0,0,1,12,0.00,2,0,4,153,0.18,8,0,1,68,0.14,1,0,2,117,0.06,0,0,2,8,0.05,0,0,1,62,0.17,0,0,2,49,0.11,1,0,2,71,0.14,0,2,2,11,0.08,0,0,1
295,728,4,0,16,0,4,0,1,PROTECTING,Field_5,1,PROTECTING,Field_5,1,PROTECTING,Field_4,1,PROTECTING,Field_5,1,PROTECTING,Field_5,1,PROTECTING,Field_5,1,IDLE,,1,PROTECTING,Field_2,1,PROTECTING,Field_5,1,PROTECTING,Field_2,1,MOVING_TO_FIELD,Field_1,1,PROTECTING,Field_5,1,IDLE,,1,IDLE,,1,IDLE,,1,PROTECTING,Field_10,1,PROTECTING,Field_2,1,MOVING_TO_FIELD,Field_11,1,MOVING_TO_FIELD,Field_11,1,PROTECTING,Field_4,1,PROTECTING,Field_2,1,MOVING_TO_FIELD,Field_1,1,PROTECTING,Field_6,1,PROTECTING,Field_5,69,0.13,0,2,2,84,0.06,4,0,2,22,0.09,0,0,1,12,0.00,2,0,4,153,0.18,8,0,1,70,0.15,1,0,2,117,0.06,0,0,2,8,0.02,0,0,1,62,0.17,0,0,2,49,0.11,1,0,2,71,0.14,0,2,2,11,0.08,0,0,1
296,729,4,0,16,0,4,0,1,PROTECTING,Field_5,1,PROTECTING,Field_5,1,PROTECTING,Field_4,1,PROTECTING,Field_5,1,PROTECTING,Field_5,1,PROTECTING,Field_5,1,IDLE,,1,PROTECTING,Field_2,1,PROTECTING,Field_5,1,PROTECTING,Field_2,1,MOVING_TO_FIELD,Field_1,1,PROTECTING,Field_5,1,IDLE,,1,IDLE,,1,IDLE,,1,PROTECTING,Field_10,1,PROTECTING,Field_2,1,MOVING_TO_FIELD,Field_11,1,MOVING_TO_FIELD,Field_11,1,PROTECTING,Field_4,1,PROTECTING,Field_2,1,MOVING_TO_FIELD,Field_1,1,PROTECTING,Field_6,1,PROTECTING,Field_5,69,0.15,0,2,2,84,0.06,4,0,2,22,0.08,0,0,1,12,0.00,2,0,4,154,0.18,8,0,1,70,0.14,1,0,2,117,0.06,0,0,2,8,0.02,0,0,1,62,0.18,0,0,2,49,0.10,1,0,2,71,0.14,0,2,2,11,0.08,0,0,1
297,729,4,0,16,0,4,0,1,PROTECTING,Field_5,1,PROTECTING,Field_5,1,PROTECTING,Field_4,1,PROTECTING,Field_5,1,PROTECTING,Field_5,1,PROTECTING,Field_5,1,IDLE,,1,PROTECTING,Field_2,1,PROTECTING,Field_5,1,PROTECTING,Field_2,1,MOVING_TO_FIELD,Field_1,1,PROTECTING,Field_5,1,IDLE,,1,IDLE,,1,IDLE,,1,PROTECTING,Field_10,1,PROTECTING,Field_2,1,MOVING_TO_FIELD,Field_11,1,MOVING_TO_FIELD,Field_11,1,PROTECTING,Field_4,1,PROTECTING,Field_2,1,MOVING_TO_FIELD,Field_1,1,PROTECTING,Field_6,1,PROTECTING,Field_5,69,0.15,0,2,2,84,0.05,4,0,2,22,0.08,0,0,1,12,0.00,2,0,4,154,0.18,8,0,1,70,0.14,1,0,2,117,0.07,0,0,2,8,0.02,0,0,1,62,0.18,0,0,2,49,0.11,1,0,2,71,0.14,0,2,2,11,0.08,0,0,1
298,733,4,0,16,0,4,0,1,PROTECTING,Field_5,1,PROTECTING,Field_5,1,PROTECTING,Field_4,1,PROTECTING,Field_5,1,PROTECTING,Field_5,1,PROTECTING,Field_5,1,IDLE,,1,PROTECTING,Field_2,1,PROTECTING,Field_5,1,PROTECTING,Field_2,1,MOVING_TO_FIELD,Field_1,1,PROTECTING,Field_5,1,IDLE,,1,IDLE,,1,IDLE,,1,PROTECTING,Field_10,1,PROTECTING,Field_2,1,MOVING_TO_FIELD,Field_11,1,MOVING_TO_FIELD,Field_11,1,PROTECTING,Field_4,1,PROTECTING,Field_2,1,MOVING_TO_FIELD,Field_1,1,PROTECTING,Field_6,1,PROTECTING,Field_5,70,0.15,0,2,2,84,0.05,4,0,2,22,0.07,0,0,1,12,0.01,2,0,4,155,0.18,8,0,1,70,0.12,1,0,2,118,0.07,0,0,2,8,0.02,0,0,1,63,0.17,0,0,2,49,0.11,1,0,2,71,0.14,0,2,2,11,0.05,0,0,1
299,734,4,0,16,0,4,0,1,PROTECTING,Field_5,1,PROTECTING,Field_5,1,PROTECTING,Field_4,1,PROTECTING,Field_5,1,PROTECTING,Field_5,1,PROTECTING,Field_5,1,IDLE,,1,PROTECTING,Field_2,1,PROTECTING,Field_5,1,PROTECTING,Field_2,1,MOVING_TO_FIELD,Field_1,1,PROTECTING,Field_5,1,IDLE,,1,IDLE,,1,IDLE,,1,PROTECTING,Field_10,1,PROTECTING,Field_2,1,MOVING_TO_FIELD,Field_11,1,MOVING_TO_FIELD,Field_11,1,PROTECTING,Field_4,1,PROTECTING,Field_2,1,MOVING_TO_FIELD,Field_1,1,PROTECTING,Field_6,1,PROTECTING,Field_5,70,0.15,0,2,2,84,0.05,4,0,2,22,0.07,0,0,1,12,0.03,2,0,4,155,0.18,8,0,1,70,0.12,1,0,2,118,0.07,0,0,2,8,0.00,0,0,1,64,0.17,0,0,2,49,0.13,1,0,2,71,0.12,0,2,2,11,0.05,0,0,1
300,737,4,0,16,0,4,0,1,PROTECTING,Field_5,1,PROTECTING,Field_5,1,PROTECTING,Field_4,1,PROTECTING,Field_5,1,PROTECTING,Field_5,1,PROTECTING,Field_5,1,IDLE,,1,PROTECTING,Field_2,1,PROTECTING,Field_5,1,PROTECTING,Field_2,1,MOVING_TO_FIELD,Field_1,1,PROTECTING,Field_5,1,IDLE,,1,IDLE,,1,IDLE,,1,PROTECTING,Field_10,1,PROTECTING,Field_2,1,MOVING_TO_FIELD,Field_11,1,MOVING_TO_FIELD,Field_11,1,PROTECTING,Field_4,1,PROTECTING,Field_2,1,MOVING_TO_FIELD,Field_1,1,PROTECTING,Field_6,1,PROTECTING,Field_5,71,0.16,0,2,2,84,0.05,4,0,2,22,0.05,0,0,1,12,0.03,2,0,4,156,0.18,8,0,1,71,0.13,1,0,2,118,0.07,0,0,2,8,0.00,0,0,1,64,0.18,0,0,2,49,0.15,1,0,2,71,0.11,0,2,2,11,0.05,0,0,1
