step,damage,IDLE,CHARGING,PROTECTING,MOVING_TO_CHARGER,MOVING_TO_FIELD,TERMINATED,Drone_1_battery,Drone_1_state,Drone_1_target,Drone_2_battery,Drone_2_state,Drone_2_target,Drone_3_battery,Drone_3_state,Drone_3_target,Drone_4_battery,Drone_4_state,Drone_4_target,Drone_5_battery,Drone_5_state,Drone_5_target,Drone_6_battery,Drone_6_state,Drone_6_target,Drone_7_battery,Drone_7_state,Drone_7_target,Drone_8_battery,Drone_8_state,Drone_8_target,Drone_9_battery,Drone_9_state,Drone_9_target,Drone_10_battery,Drone_10_state,Drone_10_target,Drone_11_battery,Drone_11_state,Drone_11_target,Drone_12_battery,Drone_12_state,Drone_12_target,Drone_13_battery,Drone_13_state,Drone_13_target,Drone_14_battery,Drone_14_state,Drone_14_target,Drone_15_battery,Drone_15_state,Drone_15_target,Drone_16_battery,Drone_16_state,Drone_16_target,Drone_17_battery,Drone_17_state,Drone_17_target,Drone_18_battery,Drone_18_state,Drone_18_target,Drone_19_battery,Drone_19_state,Drone_19_target,Drone_20_battery,Drone_20_state,Drone_20_target,Drone_21_battery,Drone_21_state,Drone_21_target,Drone_22_battery,Drone_22_state,Drone_22_target,Drone_23_battery,Drone_23_state,Drone_23_target,Drone_24_battery,Drone_24_state,Drone_24_target,Drone_25_battery,Drone_25_state,Drone_25_target,Drone_26_battery,Drone_26_state,Drone_26_target,Drone_27_battery,Drone_27_state,Drone_27_target,Drone_28_battery,Drone_28_state,Drone_28_target,Drone_29_battery,Drone_29_state,Drone_29_target,Drone_30_battery,Drone_30_state,Drone_30_target,Drone_31_battery,Drone_31_state,Drone_31_target,Drone_32_battery,Drone_32_state,Drone_32_target,Drone_33_battery,Drone_33_state,Drone_33_target,Drone_34_battery,Drone_34_state,Drone_34_target,Drone_35_battery,Drone_35_state,Drone_35_target,Drone_36_battery,Drone_36_state,Drone_36_target,Drone_37_battery,Drone_37_state,Drone_37_target,Drone_38_battery,Drone_38_state,Drone_38_target,Drone_39_battery,Drone_39_state,Drone_39_target,Drone_40_battery,Drone_40_state,Drone_40_target,Drone_41_battery,Drone_41_state,Drone_41_target,Drone_42_battery,Drone_42_state,Drone_42_target,Drone_43_battery,Drone_43_state,Drone_43_target,Drone_44_battery,Drone_44_state,Drone_44_target,Drone_45_battery,Drone_45_state,Drone_45_target,Drone_46_battery,Drone_46_state,Drone_46_target,Drone_47_battery,Drone_47_state,Drone_47_target,Drone_48_battery,Drone_48_state,Drone_48_target,Drone_49_battery,Drone_49_state,Drone_49_target,Drone_50_battery,Drone_50_state,Drone_50_target,Drone_51_battery,Drone_51_state,Drone_51_target,Drone_52_battery,Drone_52_state,Drone_52_target,Drone_53_battery,Drone_53_state,Drone_53_target,Drone_54_battery,Drone_54_state,Drone_54_target,Drone_55_battery,Drone_55_state,Drone_55_target,Drone_56_battery,Drone_56_state,Drone_56_target,Drone_57_battery,Drone_57_state,Drone_57_target,Drone_58_battery,Drone_58_state,Drone_58_target,Drone_59_battery,Drone_59_state,Drone_59_target,Drone_60_battery,Drone_60_state,Drone_60_target,Drone_61_battery,Drone_61_state,Drone_61_target,Drone_62_battery,Drone_62_state,Drone_62_target,Drone_63_battery,Drone_63_state,Drone_63_target,Drone_64_battery,Drone_64_state,Drone_64_target,Drone_65_battery,Drone_65_state,Drone_65_target,Drone_66_battery,Drone_66_state,Drone_66_target,Drone_67_battery,Drone_67_state,Drone_67_target,Drone_68_battery,Drone_68_state,Drone_68_target,Drone_69_battery,Drone_69_state,Drone_69_target,Drone_70_battery,Drone_70_state,Drone_70_target,Drone_71_battery,Drone_71_state,Drone_71_target,Drone_72_battery,Drone_72_state,Drone_72_target,Drone_73_battery,Drone_73_state,Drone_73_target,Drone_74_battery,Drone_74_state,Drone_74_target,Drone_75_battery,Drone_75_state,Drone_75_target,Drone_76_battery,Drone_76_state,Drone_76_target,Drone_77_battery,Drone_77_state,Drone_77_target,Drone_78_battery,Drone_78_state,Drone_78_target,Drone_79_battery,Drone_79_state,Drone_79_target,Field_1_damage,Field_1_threat_level,Field_1_protecting_drones,Field_1_arriving_drones,Field_1_drones_for_full_protection,Field_2_damage,Field_2_threat_level,Field_2_protecting_drones,Field_2_arriving_drones,Field_2_drones_for_full_protection,Field_3_damage,Field_3_threat_level,Field_3_protecting_drones,Field_3_arriving_drones,Field_3_drones_for_full_protection,Field_4_damage,Field_4_threat_level,Field_4_protecting_drones,Field_4_arriving_drones,Field_4_drones_for_full_protection,Field_5_damage,Field_5_threat_level,Field_5_protecting_drones,Field_5_arriving_drones,Field_5_drones_for_full_protection,Field_6_damage,Field_6_threat_level,Field_6_protecting_drones,Field_6_arriving_drones,Field_6_drones_for_full_protection,Field_7_damage,Field_7_threat_level,Field_7_protecting_drones,Field_7_arriving_drones,Field_7_drones_for_full_protection,Field_8_damage,Field_8_threat_level,Field_8_protecting_drones,Field_8_arriving_drones,Field_8_drones_for_full_protection,Field_9_damage,Field_9_threat_level,Field_9_protecting_drones,Field_9_arriving_drones,Field_9_drones_for_full_protection,Field_10_damage,Field_10_threat_level,Field_10_protecting_drones,Field_10_arriving_drones,Field_10_drones_for_full_protection,Field_11_damage,Field_11_threat_level,Field_11_protecting_drones,Field_11_arriving_drones,Field_11_drones_for_full_protection,Field_12_damage,Field_12_threat_level,Field_12_protecting_drones,Field_12_arriving_drones,Field_12_drones_for_full_protection,Field_13_damage,Field_13_threat_level,Field_13_protecting_drones,Field_13_arriving_drones,Field_13_drones_for_full_protection,Field_14_damage,Field_14_threat_level,Field_14_protecting_drones,Field_14_arriving_drones,Field_14_drones_for_full_protection,Field_15_damage,Field_15_threat_level,Field_15_protecting_drones,Field_15_arriving_drones,Field_15_drones_for_full_protection,Field_16_damage,Field_16_threat_level,Field_16_protecting_drones,Field_16_arriving_drones,Field_16_drones_for_full_protection,Field_17_damage,Field_17_threat_level,Field_17_protecting_drones,Field_17_arriving_drones,Field_17_drones_for_full_protection,Field_18_damage,Field_18_threat_level,Field_18_protecting_drones,Field_18_arriving_drones,Field_18_drones_for_full_protection,Field_19_damage,Field_19_threat_level,Field_19_protecting_drones,Field_19_arriving_drones,Field_19_drones_for_full_protection,Field_20_damage,Field_20_threat_level,Field_20_protecting_drones,Field_20_arriving_drones,Field_20_drones_for_full_protection,Field_21_damage,Field_21_threat_level,Field_21_protecting_drones,Field_21_arriving_drones,Field_21_drones_for_full_protection,Field_22_damage,Field_22_threat_level,Field_22_protecting_drones,Field_22_arriving_drones,Field_22_drones_for_full_protection,Field_23_damage,Field_23_threat_level,Field_23_protecting_drones,Field_23_arriving_drones,Field_23_drones_for_full_protection,Field_24_damage,Field_24_threat_level,Field_24_protecting_drones,Field_24_arriving_drones,Field_24_drones_for_full_protection,Field_25_damage,Field_25_threat_level,Field_25_protecting_drones,Field_25_arriving_drones,Field_25_drones_for_full_protection,Field_26_damage,Field_26_threat_level,Field_26_protecting_drones,Field_26_arriving_drones,Field_26_drones_for_full_protection,Field_27_damage,Field_27_threat_level,Field_27_protecting_drones,Field_27_arriving_drones,Field_27_drones_for_full_protection,Field_28_damage,Field_28_threat_level,Field_28_protecting_drones,Field_28_arriving_drones,Field_28_drones_for_full_protection,Field_29_damage,Field_29_threat_level,Field_29_protecting_drones,Field_29_arriving_drones,Field_29_drones_for_full_protection,Field_30_damage,Field_30_threat_level,Field_30_protecting_drones,Field_30_arriving_drones,Field_30_drones_for_full_protection,Field_31_damage,Field_31_threat_level,Field_31_protecting_drones,Field_31_arriving_drones,Field_31_drones_for_full_protection,Field_32_damage,Field_32_threat_level,Field_32_protecting_drones,Field_32_arriving_drones,Field_32_drones_for_full_protection,Field_33_damage,Field_33_threat_level,Field_33_protecting_drones,Field_33_arriving_drones,Field_33_drones_for_full_protection,Field_34_damage,Field_34_threat_level,Field_34_protecting_drones,Field_34_arriving_drones,Field_34_drones_for_full_protection,Field_35_damage,Field_35_threat_level,Field_35_protecting_drones,Field_35_arriving_drones,Field_35_drones_for_full_protection,Field_36_damage,Field_36_threat_level,Field_36_protecting_drones,Field_36_arriving_drones,Field_36_drones_for_full_protection,Field_37_damage,Field_37_threat_level,Field_37_protecting_drones,Field_37_arriving_drones,Field_37_drones_for_full_protection,Field_38_damage,Field_38_threat_level,Field_38_protecting_drones,Field_38_arriving_drones,Field_38_drones_for_full_protection,Field_39_damage,Field_39_threat_level,Field_39_protecting_drones,Field_39_arriving_drones,Field_39_drones_for_full_protection,Field_40_damage,Field_40_threat_level,Field_40_protecting_drones,Field_40_arriving_drones,Field_40_drones_for_full_protection
1,0,67,0,0,0,12,0,1,IDLE,,1,IDLE,,1,MOVING_TO_FIELD,Field_4,1,IDLE,,1,IDLE,,1,MOVING_TO_FIELD,Field_9,1,MOVING_TO_FIELD,Field_4,1,IDLE,,1,IDLE,,1,IDLE,,1,IDLE,,1,MOVING_TO_FIELD,Field_2,1,IDLE,,1,MOVING_TO_FIELD,Field_4,1,IDLE,,1,IDLE,,1,IDLE,,1,MOVING_TO_FIELD,Field_40,1,MOVING_TO_FIELD,Field_8,1,IDLE,,1,MOVING_TO_FIELD,Field_6,1,IDLE,,1,MOVING_TO_FIELD,Field_8,1,IDLE,,1,IDLE,,1,IDLE,,1,IDLE,,1,IDLE,,1,IDLE,,1,MOVING_TO_FIELD,Field_3,1,IDLE,,1,IDLE,,1,IDLE,,1,IDLE,,1,MOVING_TO_FIELD,Field_7,1,IDLE,,1,IDLE,,1,IDLE,,1,MOVING_TO_FIELD,Field_5,1,IDLE,,1,IDLE,,1,IDLE,,1,IDLE,,1,IDLE,,1,IDLE,,1,IDLE,,1,IDLE,,1,IDLE,,1,IDLE,,1,IDLE,,1,IDLE,,1,IDLE,,1,IDLE,,1,IDLE,,1,IDLE,,1,IDLE,,1,IDLE,,1,IDLE,,1,IDLE,,1,IDLE,,1,IDLE,,1,IDLE,,1,IDLE,,1,IDLE,,1,IDLE,,1,IDLE,,1,IDLE,,1,IDLE,,1,IDLE,,1,IDLE,,1,IDLE,,1,IDLE,,1,IDLE,,1,IDLE,,1,IDLE,,1,IDLE,,1,IDLE,,1,IDLE,,1,IDLE,,0,0.18,0,0,9,0,0.08,0,1,4,0,0.05,0,1,2,0,0.07,0,3,1,0,0.03,0,1,1,0,0.12,0,1,6,0,0.13,0,1,2,0,0.11,0,2,6,0,0.03,0,1,2,0,0.10,0,0,6,0,0.03,0,0,2,0,0.01,0,0,3,0,0.00,0,0,1,0,0.05,0,0,2,0,0.14,0,0,6,0,0.20,0,0,9,0,0.14,0,0,3,0,0.15,0,0,9,0,0.13,0,0,6,0,0.00,0,0,2,0,0.05,0,0,2,0,0.00,0,0,1,0,0.07,0,0,2,0,0.05,0,0,1,0,0.04,0,0,1,0,0.06,0,0,2,0,0.06,0,0,2,0,0.11,0,0,2,0,0.03,0,0,2,0,0.06,0,0,2,0,0.04,0,0,2,0,0.06,0,0,2,0,0.07,0,0,2,0,0.05,0,0,2,0,0.07,0,0,3,0,0.16,0,0,3,0,0.02,0,0,2,0,0.04,0,0,2,0,0.08,0,0,3,0,0.09,0,1,3
2,0,67,0,0,0,12,0,1,IDLE,,1,IDLE,,1,MOVING_TO_FIELD,Field_4,1,IDLE,,1,IDLE,,1,MOVING_TO_FIELD,Field_9,1,MOVING_TO_FIELD,Field_4,1,IDLE,,1,IDLE,,1,IDLE,,1,IDLE,,1,MOVING_TO_FIELD,Field_2,1,IDLE,,1,MOVING_TO_FIELD,Field_4,1,IDLE,,1,IDLE,,1,IDLE,,1,MOVING_TO_FIELD,Field_40,1,MOVING_TO_FIELD,Field_8,1,IDLE,,1,MOVING_TO_FIELD,Field_6,1,IDLE,,1,MOVING_TO_FIELD,Field_8,1,IDLE,,1,IDLE,,1,IDLE,,1,IDLE,,1,IDLE,,1,IDLE,,1,MOVING_TO_FIELD,Field_3,1,IDLE,,1,IDLE,,1,IDLE,,1,IDLE,,1,MOVING_TO_FIELD,Field_7,1,IDLE,,1,IDLE,,1,IDLE,,1,MOVING_TO_FIELD,Field_5,1,IDLE,,1,IDLE,,1,IDLE,,1,IDLE,,1,IDLE,,1,IDLE,,1,IDLE,,1,IDLE,,1,IDLE,,1,IDLE,,1,IDLE,,1,IDLE,,1,IDLE,,1,IDLE,,1,IDLE,,1,IDLE,,1,IDLE,,1,IDLE,,1,IDLE,,1,IDLE,,1,IDLE,,1,IDLE,,1,IDLE,,1,IDLE,,1,IDLE,,1,IDLE,,1,IDLE,,1,IDLE,,1,IDLE,,1,IDLE,,1,IDLE,,1,IDLE,,1,IDLE,,1,IDLE,,1,IDLE,,1,IDLE,,1,IDLE,,1,IDLE,,1,IDLE,,1,IDLE,,0,0.18,0,0,9,0,0.08,0,1,4,0,0.05,0,1,2,0,0.07,0,3,1,0,0.03,0,1,1,0,0.12,0,1,6,0,0.13,0,1,2,0,0.11,0,2,6,0,0.03,0,1,2,0,0.10,0,0,6,0,0.03,0,0,2,0,0.01,0,0,3,0,0.00,0,0,1,0,0.05,0,0,2,0,0.14,0,0,6,0,0.20,0,0,9,0,0.14,0,0,3,0,0.14,0,0,9,0,0.13,0,0,6,0,0.00,0,0,2,0,0.05,0,0,2,0,0.00,0,0,1,0,0.07,0,0,2,0,0.05,0,0,1,0,0.04,0,0,1,0,0.05,0,0,2,0,0.06,0,0,2,0,0.11,0,0,2,0,0.03,0,0,2,0,0.06,0,0,2,0,0.04,0,0,2,0,0.06,0,0,2,0,0.09,0,0,2,0,0.05,0,0,2,0,0.07,0,0,3,0,0.16,0,0,3,0,0.02,0,0,2,0,0.04,0,0,2,0,0.08,0,0,3,0,0.09,0,1,3
3,0,67,0,0,0,12,0,1,IDLE,,1,IDLE,,1,MOVING_TO_FIELD,Field_4,1,IDLE,,1,IDLE,,1,MOVING_TO_FIELD,Field_9,1,MOVING_TO_FIELD,Field_4,1,IDLE,,1,IDLE,,1,IDLE,,1,IDLE,,1,MOVING_TO_FIELD,Field_2,1,IDLE,,1,MOVING_TO_FIELD,Field_4,1,IDLE,,1,IDLE,,1,IDLE,,1,MOVING_TO_FIELD,Field_40,1,MOVING_TO_FIELD,Field_8,1,IDLE,,1,MOVING_TO_FIELD,Field_6,1,IDLE,,1,MOVING_TO_FIELD,Field_8,1,IDLE,,1,IDLE,,1,IDLE,,1,IDLE,,1,IDLE,,1,IDLE,,1,MOVING_TO_FIELD,Field_3,1,IDLE,,1,IDLE,,1,IDLE,,1,IDLE,,1,MOVING_TO_FIELD,Field_7,1,IDLE,,1,IDLE,,1,IDLE,,1,MOVING_TO_FIELD,Field_5,1,IDLE,,1,IDLE,,1,IDLE,,1,IDLE,,1,IDLE,,1,IDLE,,1,IDLE,,1,IDLE,,1,IDLE,,1,IDLE,,1,IDLE,,1,IDLE,,1,IDLE,,1,IDLE,,1,IDLE,,1,IDLE,,1,IDLE,,1,IDLE,,1,IDLE,,1,IDLE,,1,IDLE,,1,IDLE,,1,IDLE,,1,IDLE,,1,IDLE,,1,IDLE,,1,IDLE,,1,IDLE,,1,IDLE,,1,IDLE,,1,IDLE,,1,IDLE,,1,IDLE,,1,IDLE,,1,IDLE,,1,IDLE,,1,IDLE,,1,IDLE,,1,IDLE,,1,IDLE,,0,0.18,0,0,9,0,0.08,0,1,4,0,0.05,0,1,2,0,0.07,0,3,1,0,0.03,0,1,1,0,0.12,0,1,6,0,0.13,0,1,2,0,0.11,0,2,6,0,0.03,0,1,2,0,0.09,0,0,6,0,0.03,0,0,2,0,0.01,0,0,3,0,0.00,0,0,1,0,0.05,0,0,2,0,0.14,0,0,6,0,0.19,0,0,9,0,0.14,0,0,3,0,0.14,0,0,9,0,0.14,0,0,6,0,0.00,0,0,2,0,0.05,0,0,2,0,0.00,0,0,1,0,0.03,0,0,2,0,0.05,0,0,1,0,0.04,0,0,1,0,0.05,0,0,2,0,0.06,0,0,2,0,0.11,0,0,2,0,0.03,0,0,2,0,0.06,0,0,2,0,0.04,0,0,2,0,0.06,0,0,2,0,0.09,0,0,2,0,0.07,0,0,2,0,0.07,0,0,3,0,0.17,0,0,3,0,0.03,0,0,2,0,0.05,0,0,2,0,0.07,0,0,3,0,0.09,0,1,3
4,0,67,0,0,0,12,0,1,IDLE,,1,IDLE,,1,MOVING_TO_FIELD,Field_4,1,IDLE,,1,IDLE,,1,MOVING_TO_FIELD,Field_9,1,MOVING_TO_FIELD,Field_4,1,IDLE,,1,IDLE,,1,IDLE,,1,IDLE,,1,MOVING_TO_FIELD,Field_2,1,IDLE,,1,MOVING_TO_FIELD,Field_4,1,IDLE,,1,IDLE,,1,IDLE,,1,MOVING_TO_FIELD,Field_40,1,MOVING_TO_FIELD,Field_8,1,IDLE,,1,MOVING_TO_FIELD,Field_6,1,IDLE,,1,MOVING_TO_FIELD,Field_8,1,IDLE,,1,IDLE,,1,IDLE,,1,IDLE,,1,IDLE,,1,IDLE,,1,MOVING_TO_FIELD,Field_3,1,IDLE,,1,IDLE,,1,IDLE,,1,IDLE,,1,MOVING_TO_FIELD,Field_7,1,IDLE,,1,IDLE,,1,IDLE,,1,MOVING_TO_FIELD,Field_5,1,IDLE,,1,IDLE,,1,IDLE,,1,IDLE,,1,IDLE,,1,IDLE,,1,IDLE,,1,IDLE,,1,IDLE,,1,IDLE,,1,IDLE,,1,IDLE,,1,IDLE,,1,IDLE,,1,IDLE,,1,IDLE,,1,IDLE,,1,IDLE,,1,IDLE,,1,IDLE,,1,IDLE,,1,IDLE,,1,IDLE,,1,IDLE,,1,IDLE,,1,IDLE,,1,IDLE,,1,IDLE,,1,IDLE,,1,IDLE,,1,IDLE,,1,IDLE,,1,IDLE,,1,IDLE,,1,IDLE,,1,IDLE,,1,IDLE,,1,IDLE,,1,IDLE,,1,IDLE,,0,0.19,0,0,9,0,0.08,0,1,4,0,0.06,0,1,2,0,0.05,0,3,1,0,0.03,0,1,1,0,0.12,0,1,6,0,0.15,0,1,2,0,0.13,0,2,6,0,0.03,0,1,2,0,0.09,0,0,6,0,0.04,0,0,2,0,0.01,0,0,3,0,0.00,0,0,1,0,0.05,0,0,2,0,0.15,0,0,6,0,0.19,0,0,9,0,0.13,0,0,3,0,0.15,0,0,9,0,0.16,0,0,6,0,0.00,0,0,2,0,0.05,0,0,2,0,0.00,0,0,1,0,0.03,0,0,2,0,0.05,0,0,1,0,0.04,0,0,1,0,0.05,0,0,2,0,0.07,0,0,2,0,0.09,0,0,2,0,0.03,0,0,2,0,0.08,0,0,2,0,0.04,0,0,2,0,0.06,0,0,2,0,0.07,0,0,2,0,0.08,0,0,2,0,0.07,0,0,3,0,0.16,0,0,3,0,0.03,0,0,2,0,0.06,0,0,2,0,0.07,0,0,3,0,0.09,0,1,3
5,0,67,0,0,0,12,0,1,IDLE,,1,IDLE,,1,MOVING_TO_FIELD,Field_4,1,IDLE,,1,IDLE,,1,MOVING_TO_FIELD,Field_9,1,MOVING_TO_FIELD,Field_4,1,IDLE,,1,IDLE,,1,IDLE,,1,IDLE,,1,MOVING_TO_FIELD,Field_2,1,IDLE,,1,MOVING_TO_FIELD,Field_4,1,IDLE,,1,IDLE,,1,IDLE,,1,MOVING_TO_FIELD,Field_40,1,MOVING_TO_FIELD,Field_8,1,IDLE,,1,MOVING_TO_FIELD,Field_6,1,IDLE,,1,MOVING_TO_FIELD,Field_8,1,IDLE,,1,IDLE,,1,IDLE,,1,IDLE,,1,IDLE,,1,IDLE,,1,MOVING_TO_FIELD,Field_3,1,IDLE,,1,IDLE,,1,IDLE,,1,IDLE,,1,MOVING_TO_FIELD,Field_7,1,IDLE,,1,IDLE,,1,IDLE,,1,MOVING_TO_FIELD,Field_5,1,IDLE,,1,IDLE,,1,IDLE,,1,IDLE,,1,IDLE,,1,IDLE,,1,IDLE,,1,IDLE,,1,IDLE,,1,IDLE,,1,IDLE,,1,IDLE,,1,IDLE,,1,IDLE,,1,IDLE,,1,IDLE,,1,IDLE,,1,IDLE,,1,IDLE,,1,IDLE,,1,IDLE,,1,IDLE,,1,IDLE,,1,IDLE,,1,IDLE,,1,IDLE,,1,IDLE,,1,IDLE,,1,IDLE,,1,IDLE,,1,IDLE,,1,IDLE,,1,IDLE,,1,IDLE,,1,IDLE,,1,IDLE,,1,IDLE,,1,IDLE,,1,IDLE,,1,IDLE,,0,0.21,0,0,9,0,0.08,0,1,4,0,0.06,0,1,2,0,0.05,0,3,1,0,0.03,0,1,1,0,0.13,0,1,6,0,0.15,0,1,2,0,0.14,0,2,6,0,0.03,0,1,2,0,0.11,0,0,6,0,0.04,0,0,2,0,0.02,0,0,3,0,0.00,0,0,1,0,0.08,0,0,2,0,0.17,0,0,6,0,0.23,0,0,9,0,0.14,0,0,3,0,0.15,0,0,9,0,0.16,0,0,6,0,0.00,0,0,2,0,0.05,0,0,2,0,0.02,0,0,1,0,0.03,0,0,2,0,0.05,0,0,1,0,0.04,0,0,1,0,0.05,0,0,2,0,0.07,0,0,2,0,0.09,0,0,2,0,0.03,0,0,2,0,0.06,0,0,2,0,0.04,0,0,2,0,0.08,0,0,2,0,0.07,0,0,2,0,0.08,0,0,2,0,0.07,0,0,3,0,0.16,0,0,3,0,0.02,0,0,2,0,0.06,0,0,2,0,0.07,0,0,3,0,0.11,0,1,3
6,0,67,0,0,0,12,0,1,IDLE,,1,IDLE,,1,MOVING_TO_FIELD,Field_4,1,IDLE,,1,IDLE,,1,MOVING_TO_FIELD,Field_9,1,MOVING_TO_FIELD,Field_4,1,IDLE,,1,IDLE,,1,IDLE,,1,IDLE,,1,MOVING_TO_FIELD,Field_2,1,IDLE,,1,MOVING_TO_FIELD,Field_4,1,IDLE,,1,IDLE,,1,IDLE,,1,MOVING_TO_FIELD,Field_40,1,MOVING_TO_FIELD,Field_8,1,IDLE,,1,MOVING_TO_FIELD,Field_6,1,IDLE,,1,MOVING_TO_FIELD,Field_8,1,IDLE,,1,IDLE,,1,IDLE,,1,IDLE,,1,IDLE,,1,IDLE,,1,MOVING_TO_FIELD,Field_3,1,IDLE,,1,IDLE,,1,IDLE,,1,IDLE,,1,MOVING_TO_FIELD,Field_7,1,IDLE,,1,IDLE,,1,IDLE,,1,MOVING_TO_FIELD,Field_5,1,IDLE,,1,IDLE,,1,IDLE,,1,IDLE,,1,IDLE,,1,IDLE,,1,IDLE,,1,IDLE,,1,IDLE,,1,IDLE,,1,IDLE,,1,IDLE,,1,IDLE,,1,IDLE,,1,IDLE,,1,IDLE,,1,IDLE,,1,IDLE,,1,IDLE,,1,IDLE,,1,IDLE,,1,IDLE,,1,IDLE,,1,IDLE,,1,IDLE,,1,IDLE,,1,IDLE,,1,IDLE,,1,IDLE,,1,IDLE,,1,IDLE,,1,IDLE,,1,IDLE,,1,IDLE,,1,IDLE,,1,IDLE,,1,IDLE,,1,IDLE,,1,IDLE,,1,IDLE,,0,0.23,0,0,9,0,0.09,0,1,4,0,0.06,0,1,2,0,0.07,0,3,1,0,0.03,0,1,1,0,0.13,0,1,6,0,0.15,0,1,2,0,0.15,0,2,6,0,0.03,0,1,2,0,0.11,0,0,6,0,0.04,0,0,2,0,0.02,0,0,3,0,0.00,0,0,1,0,0.10,0,0,2,0,0.18,0,0,6,0,0.24,0,0,9,0,0.15,0,0,3,0,0.16,0,0,9,0,0.16,0,0,6,0,0.01,0,0,2,0,0.06,0,0,2,0,0.03,0,0,1,0,0.05,0,0,2,0,0.07,0,0,1,0,0.07,0,0,1,0,0.06,0,0,2,0,0.07,0,0,2,0,0.13,0,0,2,0,0.03,0,0,2,0,0.08,0,0,2,0,0.08,0,0,2,0,0.09,0,0,2,0,0.11,0,0,2,0,0.08,0,0,2,0,0.07,0,0,3,0,0.16,0,0,3,0,0.02,0,0,2,0,0.06,0,0,2,0,0.06,0,0,3,0,0.11,0,1,3
7,0,67,0,0,0,12,0,1,IDLE,,1,IDLE,,1,MOVING_TO_FIELD,Field_4,1,IDLE,,1,IDLE,,1,MOVING_TO_FIELD,Field_9,1,MOVING_TO_FIELD,Field_4,1,IDLE,,1,IDLE,,1,IDLE,,1,IDLE,,1,MOVING_TO_FIELD,Field_2,1,IDLE,,1,MOVING_TO_FIELD,Field_4,1,IDLE,,1,IDLE,,1,IDLE,,1,MOVING_TO_FIELD,Field_40,1,MOVING_TO_FIELD,Field_8,1,IDLE,,1,MOVING_TO_FIELD,Field_6,1,IDLE,,1,MOVING_TO_FIELD,Field_8,1,IDLE,,1,IDLE,,1,IDLE,,1,IDLE,,1,IDLE,,1,IDLE,,1,MOVING_TO_FIELD,Field_3,1,IDLE,,1,IDLE,,1,IDLE,,1,IDLE,,1,MOVING_TO_FIELD,Field_7,1,IDLE,,1,IDLE,,1,IDLE,,1,MOVING_TO_FIELD,Field_5,1,IDLE,,1,IDLE,,1,IDLE,,1,IDLE,,1,IDLE,,1,IDLE,,1,IDLE,,1,IDLE,,1,IDLE,,1,IDLE,,1,IDLE,,1,IDLE,,1,IDLE,,1,IDLE,,1,IDLE,,1,IDLE,,1,IDLE,,1,IDLE,,1,IDLE,,1,IDLE,,1,IDLE,,1,IDLE,,1,IDLE,,1,IDLE,,1,IDLE,,1,IDLE,,1,IDLE,,1,IDLE,,1,IDLE,,1,IDLE,,1,IDLE,,1,IDLE,,1,IDLE,,1,IDLE,,1,IDLE,,1,IDLE,,1,IDLE,,1,IDLE,,1,IDLE,,1,IDLE,,0,0.24,0,0,9,0,0.09,0,1,4,0,0.08,0,1,2,0,0.07,0,3,1,0,0.03,0,1,1,0,0.13,0,1,6,0,0.14,0,1,2,0,0.16,0,2,6,0,0.04,0,1,2,0,0.11,0,0,6,0,0.04,0,0,2,0,0.02,0,0,3,0,0.00,0,0,1,0,0.10,0,0,2,0,0.19,0,0,6,0,0.24,0,0,9,0,0.15,0,0,3,0,0.17,0,0,9,0,0.17,0,0,6,0,0.01,0,0,2,0,0.05,0,0,2,0,0.05,0,0,1,0,0.08,0,0,2,0,0.08,0,0,1,0,0.09,0,0,1,0,0.06,0,0,2,0,0.08,0,0,2,0,0.13,0,0,2,0,0.03,0,0,2,0,0.08,0,0,2,0,0.10,0,0,2,0,0.10,0,0,2,0,0.11,0,0,2,0,0.08,0,0,2,0,0.10,0,0,3,0,0.16,0,0,3,0,0.01,0,0,2,0,0.06,0,0,2,0,0.06,0,0,3,0,0.09,0,1,3
8,0,67,0,1,0,11,0,1,IDLE,,1,IDLE,,1,MOVING_TO_FIELD,Field_4,1,IDLE,,1,IDLE,,1,MOVING_TO_FIELD,Field_9,1,MOVING_TO_FIELD,Field_4,1,IDLE,,1,IDLE,,1,IDLE,,1,IDLE,,1,MOVING_TO_FIELD,Field_2,1,IDLE,,1,PROTECTING,Field_4,1,IDLE,,1,IDLE,,1,IDLE,,1,MOVING_TO_FIELD,Field_40,1,MOVING_TO_FIELD,Field_8,1,IDLE,,1,MOVING_TO_FIELD,Field_6,1,IDLE,,1,MOVING_TO_FIELD,Field_8,1,IDLE,,1,IDLE,,1,IDLE,,1,IDLE,,1,IDLE,,1,IDLE,,1,MOVING_TO_FIELD,Field_3,1,IDLE,,1,IDLE,,1,IDLE,,1,IDLE,,1,MOVING_TO_FIELD,Field_7,1,IDLE,,1,IDLE,,1,IDLE,,1,MOVING_TO_FIELD,Field_5,1,IDLE,,1,IDLE,,1,IDLE,,1,IDLE,,1,IDLE,,1,IDLE,,1,IDLE,,1,IDLE,,1,IDLE,,1,IDLE,,1,IDLE,,1,IDLE,,1,IDLE,,1,IDLE,,1,IDLE,,1,IDLE,,1,IDLE,,1,IDLE,,1,IDLE,,1,IDLE,,1,IDLE,,1,IDLE,,1,IDLE,,1,IDLE,,1,IDLE,,1,IDLE,,1,IDLE,,1,IDLE,,1,IDLE,,1,IDLE,,1,IDLE,,1,IDLE,,1,IDLE,,1,IDLE,,1,IDLE,,1,IDLE,,1,IDLE,,1,IDLE,,1,IDLE,,1,IDLE,,0,0.27,0,0,9,0,0.10,0,1,4,0,0.09,0,1,2,0,0.10,1,2,0,0,0.05,0,1,1,0,0.13,0,1,6,0,0.14,0,1,2,0,0.16,0,2,6,0,0.04,0,1,2,0,0.11,0,0,6,0,0.06,0,0,2,0,0.03,0,0,3,0,0.03,0,0,1,0,0.14,0,0,2,0,0.23,0,0,6,0,0.25,0,0,9,0,0.15,0,0,3,0,0.19,0,0,9,0,0.18,0,0,6,0,0.01,0,0,2,0,0.05,0,0,2,0,0.07,0,0,1,0,0.08,0,0,2,0,0.10,0,0,1,0,0.07,0,0,1,0,0.06,0,0,2,0,0.09,0,0,2,0,0.11,0,0,2,0,0.03,0,0,2,0,0.06,0,0,2,0,0.10,0,0,2,0,0.10,0,0,2,0,0.11,0,0,2,0,0.10,0,0,2,0,0.10,0,0,3,0,0.17,0,0,3,0,0.02,0,0,2,0,0.06,0,0,2,0,0.06,0,0,3,0,0.14,0,1,3
9,0,67,0,1,0,11,0,1,IDLE,,1,IDLE,,1,MOVING_TO_FIELD,Field_4,1,IDLE,,1,IDLE,,1,MOVING_TO_FIELD,Field_9,1,MOVING_TO_FIELD,Field_4,1,IDLE,,1,IDLE,,1,IDLE,,1,IDLE,,1,MOVING_TO_FIELD,Field_2,1,IDLE,,1,PROTECTING,Field_4,1,IDLE,,1,IDLE,,1,IDLE,,1,MOVING_TO_FIELD,Field_40,1,MOVING_TO_FIELD,Field_8,1,IDLE,,1,MOVING_TO_FIELD,Field_6,1,IDLE,,1,MOVING_TO_FIELD,Field_8,1,IDLE,,1,IDLE,,1,IDLE,,1,IDLE,,1,IDLE,,1,IDLE,,1,MOVING_TO_FIELD,Field_3,1,IDLE,,1,IDLE,,1,IDLE,,1,IDLE,,1,MOVING_TO_FIELD,Field_7,1,IDLE,,1,IDLE,,1,IDLE,,1,MOVING_TO_FIELD,Field_5,1,IDLE,,1,IDLE,,1,IDLE,,1,IDLE,,1,IDLE,,1,IDLE,,1,IDLE,,1,IDLE,,1,IDLE,,1,IDLE,,1,IDLE,,1,IDLE,,1,IDLE,,1,IDLE,,1,IDLE,,1,IDLE,,1,IDLE,,1,IDLE,,1,IDLE,,1,IDLE,,1,IDLE,,1,IDLE,,1,IDLE,,1,IDLE,,1,IDLE,,1,IDLE,,1,IDLE,,1,IDLE,,1,IDLE,,1,IDLE,,1,IDLE,,1,IDLE,,1,IDLE,,1,IDLE,,1,IDLE,,1,IDLE,,1,IDLE,,1,IDLE,,1,IDLE,,1,IDLE,,0,0.27,0,0,9,0,0.13,0,1,4,0,0.09,0,1,2,0,0.10,1,2,0,0,0.05,0,1,1,0,0.16,0,1,6,0,0.14,0,1,2,0,0.17,0,2,6,0,0.04,0,1,2,0,0.12,0,0,6,0,0.06,0,0,2,0,0.03,0,0,3,0,0.05,0,0,1,0,0.16,0,0,2,0,0.24,0,0,6,0,0.26,0,0,9,0,0.16,0,0,3,0,0.19,0,0,9,0,0.20,0,0,6,0,0.01,0,0,2,0,0.05,0,0,2,0,0.05,0,0,1,0,0.10,0,0,2,0,0.10,0,0,1,0,0.07,0,0,1,0,0.06,0,0,2,0,0.09,0,0,2,0,0.13,0,0,2,0,0.03,0,0,2,0,0.08,0,0,2,0,0.12,0,0,2,0,0.10,0,0,2,0,0.09,0,0,2,0,0.12,0,0,2,0,0.12,0,0,3,0,0.19,0,0,3,0,0.02,0,0,2,0,0.07,0,0,2,0,0.07,0,0,3,0,0.13,0,1,3
10,0,67,0,1,0,11,0,1,IDLE,,1,IDLE,,1,MOVING_TO_FIELD,Field_4,1,IDLE,,1,IDLE,,1,MOVING_TO_FIELD,Field_9,1,MOVING_TO_FIELD,Field_4,1,IDLE,,1,IDLE,,1,IDLE,,1,IDLE,,1,MOVING_TO_FIELD,Field_2,1,IDLE,,1,PROTECTING,Field_4,1,IDLE,,1,IDLE,,1,IDLE,,1,MOVING_TO_FIELD,Field_40,1,MOVING_TO_FIELD,Field_8,1,IDLE,,1,MOVING_TO_FIELD,Field_6,1,IDLE,,1,MOVING_TO_FIELD,Field_8,1,IDLE,,1,IDLE,,1,IDLE,,1,IDLE,,1,IDLE,,1,IDLE,,1,MOVING_TO_FIELD,Field_3,1,IDLE,,1,IDLE,,1,IDLE,,1,IDLE,,1,MOVING_TO_FIELD,Field_7,1,IDLE,,1,IDLE,,1,IDLE,,1,MOVING_TO_FIELD,Field_5,1,IDLE,,1,IDLE,,1,IDLE,,1,IDLE,,1,IDLE,,1,IDLE,,1,IDLE,,1,IDLE,,1,IDLE,,1,IDLE,,1,IDLE,,1,IDLE,,1,IDLE,,1,IDLE,,1,IDLE,,1,IDLE,,1,IDLE,,1,IDLE,,1,IDLE,,1,IDLE,,1,IDLE,,1,IDLE,,1,IDLE,,1,IDLE,,1,IDLE,,1,IDLE,,1,IDLE,,1,IDLE,,1,IDLE,,1,IDLE,,1,IDLE,,1,IDLE,,1,IDLE,,1,IDLE,,1,IDLE,,1,IDLE,,1,IDLE,,1,IDLE,,1,IDLE,,1,IDLE,,0,0.30,0,0,9,0,0.14,0,1,4,0,0.11,0,1,2,0,0.10,1,2,0,0,0.03,0,1,1,0,0.15,0,1,6,0,0.15,0,1,2,0,0.18,0,2,6,0,0.04,0,1,2,0,0.11,0,0,6,0,0.06,0,0,2,0,0.04,0,0,3,0,0.05,0,0,1,0,0.16,0,0,2,0,0.24,0,0,6,0,0.28,0,0,9,0,0.15,0,0,3,0,0.19,0,0,9,0,0.21,0,0,6,0,0.01,0,0,2,0,0.06,0,0,2,0,0.07,0,0,1,0,0.11,0,0,2,0,0.11,0,0,1,0,0.07,0,0,1,0,0.06,0,0,2,0,0.10,0,0,2,0,0.16,0,0,2,0,0.05,0,0,2,0,0.08,0,0,2,0,0.12,0,0,2,0,0.09,0,0,2,0,0.09,0,0,2,0,0.12,0,0,2,0,0.15,0,0,3,0,0.17,0,0,3,0,0.03,0,0,2,0,0.07,0,0,2,0,0.07,0,0,3,0,0.14,0,1,3
11,0,67,0,1,0,11,0,1,IDLE,,1,IDLE,,1,MOVING_TO_FIELD,Field_4,1,IDLE,,1,IDLE,,1,MOVING_TO_FIELD,Field_9,1,MOVING_TO_FIELD,Field_4,1,IDLE,,1,IDLE,,1,IDLE,,1,IDLE,,1,MOVING_TO_FIELD,Field_2,1,IDLE,,1,PROTECTING,Field_4,1,IDLE,,1,IDLE,,1,IDLE,,1,MOVING_TO_FIELD,Field_40,1,MOVING_TO_FIELD,Field_8,1,IDLE,,1,MOVING_TO_FIELD,Field_6,1,IDLE,,1,MOVING_TO_FIELD,Field_8,1,IDLE,,1,IDLE,,1,IDLE,,1,IDLE,,1,IDLE,,1,IDLE,,1,MOVING_TO_FIELD,Field_3,1,IDLE,,1,IDLE,,1,IDLE,,1,IDLE,,1,MOVING_TO_FIELD,Field_7,1,IDLE,,1,IDLE,,1,IDLE,,1,MOVING_TO_FIELD,Field_5,1,IDLE,,1,IDLE,,1,IDLE,,1,IDLE,,1,IDLE,,1,IDLE,,1,IDLE,,1,IDLE,,1,IDLE,,1,IDLE,,1,IDLE,,1,IDLE,,1,IDLE,,1,IDLE,,1,IDLE,,1,IDLE,,1,IDLE,,1,IDLE,,1,IDLE,,1,IDLE,,1,IDLE,,1,IDLE,,1,IDLE,,1,IDLE,,1,IDLE,,1,IDLE,,1,IDLE,,1,IDLE,,1,IDLE,,1,IDLE,,1,IDLE,,1,IDLE,,1,IDLE,,1,IDLE,,1,IDLE,,1,IDLE,,1,IDLE,,1,IDLE,,1,IDLE,,1,IDLE,,0,0.31,0,0,9,0,0.17,0,1,4,0,0.14,0,1,2,0,0.15,1,2,0,0,0.03,0,1,1,0,0.17,0,1,6,0,0.16,0,1,2,0,0.18,0,2,6,0,0.07,0,1,2,0,0.13,0,0,6,0,0.06,0,0,2,0,0.05,0,0,3,0,0.06,0,0,1,0,0.17,0,0,2,0,0.25,0,0,6,0,0.26,0,0,9,0,0.16,0,0,3,0,0.19,0,0,9,0,0.20,0,0,6,0,0.01,0,0,2,0,0.06,0,0,2,0,0.07,0,0,1,0,0.13,0,0,2,0,0.11,0,0,1,0,0.07,0,0,1,0,0.06,0,0,2,0,0.10,0,0,2,0,0.18,0,0,2,0,0.05,0,0,2,0,0.09,0,0,2,0,0.08,0,0,2,0,0.10,0,0,2,0,0.09,0,0,2,0,0.10,0,0,2,0,0.17,0,0,3,0,0.19,0,0,3,0,0.02,0,0,2,0,0.06,0,0,2,0,0.07,0,0,3,0,0.12,0,1,3
12,1,67,0,1,0,11,0,1,IDLE,,1,IDLE,,1,MOVING_TO_FIELD,Field_4,1,IDLE,,1,IDLE,,1,MOVING_TO_FIELD,Field_9,1,MOVING_TO_FIELD,Field_4,1,IDLE,,1,IDLE,,1,IDLE,,1,IDLE,,1,MOVING_TO_FIELD,Field_2,1,IDLE,,1,PROTECTING,Field_4,1,IDLE,,1,IDLE,,1,IDLE,,1,MOVING_TO_FIELD,Field_40,1,MOVING_TO_FIELD,Field_8,1,IDLE,,1,MOVING_TO_FIELD,Field_6,1,IDLE,,1,MOVING_TO_FIELD,Field_8,1,IDLE,,1,IDLE,,1,IDLE,,1,IDLE,,1,IDLE,,1,IDLE,,1,MOVING_TO_FIELD,Field_3,1,IDLE,,1,IDLE,,1,IDLE,,1,IDLE,,1,MOVING_TO_FIELD,Field_7,1,IDLE,,1,IDLE,,1,IDLE,,1,MOVING_TO_FIELD,Field_5,1,IDLE,,1,IDLE,,1,IDLE,,1,IDLE,,1,IDLE,,1,IDLE,,1,IDLE,,1,IDLE,,1,IDLE,,1,IDLE,,1,IDLE,,1,IDLE,,1,IDLE,,1,IDLE,,1,IDLE,,1,IDLE,,1,IDLE,,1,IDLE,,1,IDLE,,1,IDLE,,1,IDLE,,1,IDLE,,1,IDLE,,1,IDLE,,1,IDLE,,1,IDLE,,1,IDLE,,1,IDLE,,1,IDLE,,1,IDLE,,1,IDLE,,1,IDLE,,1,IDLE,,1,IDLE,,1,IDLE,,1,IDLE,,1,IDLE,,1,IDLE,,1,IDLE,,1,IDLE,,0,0.32,0,0,9,0,0.18,0,1,4,0,0.14,0,1,2,0,0.15,1,2,0,0,0.03,0,1,1,0,0.17,0,1,6,0,0.19,0,1,2,0,0.17,0,2,6,0,0.09,0,1,2,0,0.14,0,0,6,0,0.07,0,0,2,0,0.05,0,0,3,0,0.08,0,0,1,0,0.17,0,0,2,0,0.26,0,0,6,0,0.27,0,0,9,0,0.15,0,0,3,0,0.21,0,0,9,0,0.20,0,0,6,0,0.03,0,0,2,0,0.09,0,0,2,0,0.07,0,0,1,0,0.10,0,0,2,0,0.12,0,0,1,0,0.07,0,0,1,0,0.08,0,0,2,0,0.11,0,0,2,0,0.20,0,0,2,0,0.05,0,0,2,0,0.09,0,0,2,0,0.08,0,0,2,0,0.13,0,0,2,1,0.12,0,0,2,0,0.13,0,0,2,0,0.17,0,0,3,0,0.19,0,0,3,0,0.05,0,0,2,0,0.05,0,0,2,0,0.07,0,0,3,0,0.13,0,1,3
13,4,67,0,1,0,11,0,1,IDLE,,1,IDLE,,1,MOVING_TO_FIELD,Field_4,1,IDLE,,1,IDLE,,1,MOVING_TO_FIELD,Field_9,1,MOVING_TO_FIELD,Field_4,1,IDLE,,1,IDLE,,1,IDLE,,1,IDLE,,1,MOVING_TO_FIELD,Field_2,1,IDLE,,1,PROTECTING,Field_4,1,IDLE,,1,IDLE,,1,IDLE,,1,MOVING_TO_FIELD,Field_40,1,MOVING_TO_FIELD,Field_8,1,IDLE,,1,MOVING_TO_FIELD,Field_6,1,IDLE,,1,MOVING_TO_FIELD,Field_8,1,IDLE,,1,IDLE,,1,IDLE,,1,IDLE,,1,IDLE,,1,IDLE,,1,MOVING_TO_FIELD,Field_3,1,IDLE,,1,IDLE,,1,IDLE,,1,IDLE,,1,MOVING_TO_FIELD,Field_7,1,IDLE,,1,IDLE,,1,IDLE,,1,MOVING_TO_FIELD,Field_5,1,IDLE,,1,IDLE,,1,IDLE,,1,IDLE,,1,IDLE,,1,IDLE,,1,IDLE,,1,IDLE,,1,IDLE,,1,IDLE,,1,IDLE,,1,IDLE,,1,IDLE,,1,IDLE,,1,IDLE,,1,IDLE,,1,IDLE,,1,IDLE,,1,IDLE,,1,IDLE,,1,IDLE,,1,IDLE,,1,IDLE,,1,IDLE,,1,IDLE,,1,IDLE,,1,IDLE,,1,IDLE,,1,IDLE,,1,IDLE,,1,IDLE,,1,IDLE,,1,IDLE,,1,IDLE,,1,IDLE,,1,IDLE,,1,IDLE,,1,IDLE,,1,IDLE,,1,IDLE,,0,0.36,0,0,9,0,0.17,0,1,4,0,0.14,0,1,2,0,0.12,1,2,0,0,0.03,0,1,1,0,0.18,0,1,6,0,0.19,0,1,2,0,0.19,0,2,6,0,0.09,0,1,2,0,0.16,0,0,6,0,0.10,0,0,2,0,0.06,0,0,3,0,0.08,0,0,1,0,0.17,0,0,2,0,0.28,0,0,6,0,0.26,0,0,9,0,0.16,0,0,3,0,0.21,0,0,9,0,0.20,0,0,6,0,0.05,0,0,2,0,0.12,0,0,2,1,0.05,0,0,1,0,0.10,0,0,2,2,0.14,0,0,1,0,0.07,0,0,1,0,0.08,0,0,2,0,0.10,0,0,2,0,0.22,0,0,2,0,0.03,0,0,2,0,0.10,0,0,2,0,0.10,0,0,2,0,0.14,0,0,2,1,0.12,0,0,2,0,0.13,0,0,2,0,0.19,0,0,3,0,0.21,0,0,3,0,0.08,0,0,2,0,0.07,0,0,2,0,0.07,0,0,3,0,0.11,0,1,3
14,6,67,0,1,0,11,0,1,IDLE,,1,IDLE,,1,MOVING_TO_FIELD,Field_4,1,IDLE,,1,IDLE,,1,MOVING_TO_FIELD,Field_9,1,MOVING_TO_FIELD,Field_4,1,IDLE,,1,IDLE,,1,IDLE,,1,IDLE,,1,MOVING_TO_FIELD,Field_2,1,IDLE,,1,PROTECTING,Field_4,1,IDLE,,1,IDLE,,1,IDLE,,1,MOVING_TO_FIELD,Field_40,1,MOVING_TO_FIELD,Field_8,1,IDLE,,1,MOVING_TO_FIELD,Field_6,1,IDLE,,1,MOVING_TO_FIELD,Field_8,1,IDLE,,1,IDLE,,1,IDLE,,1,IDLE,,1,IDLE,,1,IDLE,,1,MOVING_TO_FIELD,Field_3,1,IDLE,,1,IDLE,,1,IDLE,,1,IDLE,,1,MOVING_TO_FIELD,Field_7,1,IDLE,,1,IDLE,,1,IDLE,,1,MOVING_TO_FIELD,Field_5,1,IDLE,,1,IDLE,,1,IDLE,,1,IDLE,,1,IDLE,,1,IDLE,,1,IDLE,,1,IDLE,,1,IDLE,,1,IDLE,,1,IDLE,,1,IDLE,,1,IDLE,,1,IDLE,,1,IDLE,,1,IDLE,,1,IDLE,,1,IDLE,,1,IDLE,,1,IDLE,,1,IDLE,,1,IDLE,,1,IDLE,,1,IDLE,,1,IDLE,,1,IDLE,,1,IDLE,,1,IDLE,,1,IDLE,,1,IDLE,,1,IDLE,,1,IDLE,,1,IDLE,,1,IDLE,,1,IDLE,,1,IDLE,,1,IDLE,,1,IDLE,,1,IDLE,,1,IDLE,,1,0.40,0,0,9,0,0.17,0,1,4,0,0.14,0,1,2,0,0.10,1,2,0,0,0.07,0,1,1,0,0.18,0,1,6,0,0.20,0,1,2,0,0.18,0,2,6,0,0.10,0,1,2,0,0.18,0,0,6,0,0.10,0,0,2,0,0.06,0,0,3,0,0.08,0,0,1,0,0.19,0,0,2,0,0.31,0,0,6,0,0.28,0,0,9,0,0.15,0,0,3,0,0.21,0,0,9,0,0.22,0,0,6,0,0.05,0,0,2,0,0.14,0,0,2,1,0.03,0,0,1,0,0.08,0,0,2,2,0.12,0,0,1,0,0.07,0,0,1,0,0.08,0,0,2,0,0.11,0,0,2,1,0.22,0,0,2,0,0.03,0,0,2,0,0.10,0,0,2,0,0.10,0,0,2,0,0.15,0,0,2,1,0.12,0,0,2,0,0.15,0,0,2,0,0.18,0,0,3,0,0.21,0,0,3,0,0.09,0,0,2,0,0.10,0,0,2,0,0.08,0,0,3,0,0.13,0,1,3
15,10,67,0,2,0,10,0,1,IDLE,,1,IDLE,,1,MOVING_TO_FIELD,Field_4,1,IDLE,,1,IDLE,,1,MOVING_TO_FIELD,Field_9,1,MOVING_TO_FIELD,Field_4,1,IDLE,,1,IDLE,,1,IDLE,,1,IDLE,,1,MOVING_TO_FIELD,Field_2,1,IDLE,,1,PROTECTING,Field_4,1,IDLE,,1,IDLE,,1,IDLE,,1,PROTECTING,Field_40,1,MOVING_TO_FIELD,Field_8,1,IDLE,,1,MOVING_TO_FIELD,Field_6,1,IDLE,,1,MOVING_TO_FIELD,Field_8,1,IDLE,,1,IDLE,,1,IDLE,,1,IDLE,,1,IDLE,,1,IDLE,,1,MOVING_TO_FIELD,Field_3,1,IDLE,,1,IDLE,,1,IDLE,,1,IDLE,,1,MOVING_TO_FIELD,Field_7,1,IDLE,,1,IDLE,,1,IDLE,,1,MOVING_TO_FIELD,Field_5,1,IDLE,,1,IDLE,,1,IDLE,,1,IDLE,,1,IDLE,,1,IDLE,,1,IDLE,,1,IDLE,,1,IDLE,,1,IDLE,,1,IDLE,,1,IDLE,,1,IDLE,,1,IDLE,,1,IDLE,,1,IDLE,,1,IDLE,,1,IDLE,,1,IDLE,,1,IDLE,,1,IDLE,,1,IDLE,,1,IDLE,,1,IDLE,,1,IDLE,,1,IDLE,,1,IDLE,,1,IDLE,,1,IDLE,,1,IDLE,,1,IDLE,,1,IDLE,,1,IDLE,,1,IDLE,,1,IDLE,,1,IDLE,,1,IDLE,,1,IDLE,,1,IDLE,,1,IDLE,,1,0.40,0,0,9,0,0.18,0,1,4,0,0.14,0,1,2,0,0.12,1,2,0,0,0.07,0,1,1,0,0.19,0,1,6,0,0.19,0,1,2,1,0.18,0,2,6,0,0.09,0,1,2,0,0.19,0,0,6,1,0.12,0,0,2,0,0.07,0,0,3,1,0.08,0,0,1,0,0.19,0,0,2,0,0.31,0,0,6,0,0.28,0,0,9,0,0.15,0,0,3,0,0.22,0,0,9,1,0.23,0,0,6,0,0.05,0,0,2,0,0.15,0,0,2,1,0.03,0,0,1,0,0.08,0,0,2,2,0.11,0,0,1,0,0.04,0,0,1,0,0.09,0,0,2,0,0.10,0,0,2,1,0.22,0,0,2,0,0.03,0,0,2,0,0.10,0,0,2,0,0.10,0,0,2,0,0.15,0,0,2,1,0.12,0,0,2,0,0.13,0,0,2,0,0.18,0,0,3,0,0.21,0,0,3,0,0.09,0,0,2,0,0.10,0,0,2,0,0.08,0,0,3,0,0.18,1,0,2
16,14,67,0,2,0,10,0,1,IDLE,,1,IDLE,,1,MOVING_TO_FIELD,Field_4,1,IDLE,,1,IDLE,,1,MOVING_TO_FIELD,Field_9,1,MOVING_TO_FIELD,Field_4,1,IDLE,,1,IDLE,,1,IDLE,,1,IDLE,,1,MOVING_TO_FIELD,Field_2,1,IDLE,,1,PROTECTING,Field_4,1,IDLE,,1,IDLE,,1,IDLE,,1,PROTECTING,Field_40,1,MOVING_TO_FIELD,Field_8,1,IDLE,,1,MOVING_TO_FIELD,Field_6,1,IDLE,,1,MOVING_TO_FIELD,Field_8,1,IDLE,,1,IDLE,,1,IDLE,,1,IDLE,,1,IDLE,,1,IDLE,,1,MOVING_TO_FIELD,Field_3,1,IDLE,,1,IDLE,,1,IDLE,,1,IDLE,,1,MOVING_TO_FIELD,Field_7,1,IDLE,,1,IDLE,,1,IDLE,,1,MOVING_TO_FIELD,Field_5,1,IDLE,,1,IDLE,,1,IDLE,,1,IDLE,,1,IDLE,,1,IDLE,,1,IDLE,,1,IDLE,,1,IDLE,,1,IDLE,,1,IDLE,,1,IDLE,,1,IDLE,,1,IDLE,,1,IDLE,,1,IDLE,,1,IDLE,,1,IDLE,,1,IDLE,,1,IDLE,,1,IDLE,,1,IDLE,,1,IDLE,,1,IDLE,,1,IDLE,,1,IDLE,,1,IDLE,,1,IDLE,,1,IDLE,,1,IDLE,,1,IDLE,,1,IDLE,,1,IDLE,,1,IDLE,,1,IDLE,,1,IDLE,,1,IDLE,,1,IDLE,,1,IDLE,,1,IDLE,,1,0.43,0,0,9,0,0.18,0,1,4,0,0.13,0,1,2,0,0.10,1,2,0,0,0.07,0,1,1,0,0.19,0,1,6,0,0.20,0,1,2,1,0.18,0,2,6,0,0.10,0,1,2,0,0.21,0,0,6,1,0.12,0,0,2,0,0.08,0,0,3,1,0.08,0,0,1,1,0.20,0,0,2,0,0.34,0,0,6,0,0.31,0,0,9,0,0.16,0,0,3,0,0.23,0,0,9,1,0.26,0,0,6,0,0.05,0,0,2,0,0.15,0,0,2,1,0.05,0,0,1,0,0.08,0,0,2,2,0.12,0,0,1,0,0.05,0,0,1,1,0.09,0,0,2,0,0.10,0,0,2,1,0.24,0,0,2,0,0.03,0,0,2,0,0.10,0,0,2,1,0.10,0,0,2,0,0.15,0,0,2,1,0.12,0,0,2,0,0.13,0,0,2,1,0.19,0,0,3,0,0.24,0,0,3,0,0.10,0,0,2,0,0.11,0,0,2,0,0.08,0,0,3,0,0.20,1,0,2
17,19,67,0,2,0,10,0,1,IDLE,,1,IDLE,,1,MOVING_TO_FIELD,Field_4,1,IDLE,,1,IDLE,,1,MOVING_TO_FIELD,Field_9,1,MOVING_TO_FIELD,Field_4,1,IDLE,,1,IDLE,,1,IDLE,,1,IDLE,,1,MOVING_TO_FIELD,Field_2,1,IDLE,,1,PROTECTING,Field_4,1,IDLE,,1,IDLE,,1,IDLE,,1,PROTECTING,Field_40,1,MOVING_TO_FIELD,Field_8,1,IDLE,,1,MOVING_TO_FIELD,Field_6,1,IDLE,,1,MOVING_TO_FIELD,Field_8,1,IDLE,,1,IDLE,,1,IDLE,,1,IDLE,,1,IDLE,,1,IDLE,,1,MOVING_TO_FIELD,Field_3,1,IDLE,,1,IDLE,,1,IDLE,,1,IDLE,,1,MOVING_TO_FIELD,Field_7,1,IDLE,,1,IDLE,,1,IDLE,,1,MOVING_TO_FIELD,Field_5,1,IDLE,,1,IDLE,,1,IDLE,,1,IDLE,,1,IDLE,,1,IDLE,,1,IDLE,,1,IDLE,,1,IDLE,,1,IDLE,,1,IDLE,,1,IDLE,,1,IDLE,,1,IDLE,,1,IDLE,,1,IDLE,,1,IDLE,,1,IDLE,,1,IDLE,,1,IDLE,,1,IDLE,,1,IDLE,,1,IDLE,,1,IDLE,,1,IDLE,,1,IDLE,,1,IDLE,,1,IDLE,,1,IDLE,,1,IDLE,,1,IDLE,,1,IDLE,,1,IDLE,,1,IDLE,,1,IDLE,,1,IDLE,,1,IDLE,,1,IDLE,,1,IDLE,,1,IDLE,,1,0.45,0,0,9,0,0.18,0,1,4,0,0.14,0,1,2,0,0.07,1,2,0,0,0.07,0,1,1,0,0.18,0,1,6,1,0.19,0,1,2,1,0.19,0,2,6,0,0.10,0,1,2,0,0.21,0,0,6,1,0.15,0,0,2,0,0.08,0,0,3,1,0.08,0,0,1,1,0.21,0,0,2,0,0.36,0,0,6,0,0.29,0,0,9,0,0.16,0,0,3,0,0.23,0,0,9,1,0.28,0,0,6,0,0.05,0,0,2,0,0.17,0,0,2,1,0.05,0,0,1,0,0.07,0,0,2,3,0.15,0,0,1,0,0.07,0,0,1,2,0.08,0,0,2,0,0.10,0,0,2,2,0.22,0,0,2,0,0.03,0,0,2,1,0.10,0,0,2,1,0.12,0,0,2,0,0.17,0,0,2,1,0.16,0,0,2,0,0.12,0,0,2,1,0.19,0,0,3,0,0.24,0,0,3,0,0.10,0,0,2,0,0.11,0,0,2,0,0.08,0,0,3,0,0.18,1,0,2
18,29,67,0,2,0,10,0,1,IDLE,,1,IDLE,,1,MOVING_TO_FIELD,Field_4,1,IDLE,,1,IDLE,,1,MOVING_TO_FIELD,Field_9,1,MOVING_TO_FIELD,Field_4,1,IDLE,,1,IDLE,,1,IDLE,,1,IDLE,,1,MOVING_TO_FIELD,Field_2,1,IDLE,,1,PROTECTING,Field_4,1,IDLE,,1,IDLE,,1,IDLE,,1,PROTECTING,Field_40,1,MOVING_TO_FIELD,Field_8,1,IDLE,,1,MOVING_TO_FIELD,Field_6,1,IDLE,,1,MOVING_TO_FIELD,Field_8,1,IDLE,,1,IDLE,,1,IDLE,,1,IDLE,,1,IDLE,,1,IDLE,,1,MOVING_TO_FIELD,Field_3,1,IDLE,,1,IDLE,,1,IDLE,,1,IDLE,,1,MOVING_TO_FIELD,Field_7,1,IDLE,,1,IDLE,,1,IDLE,,1,MOVING_TO_FIELD,Field_5,1,IDLE,,1,IDLE,,1,IDLE,,1,IDLE,,1,IDLE,,1,IDLE,,1,IDLE,,1,IDLE,,1,IDLE,,1,IDLE,,1,IDLE,,1,IDLE,,1,IDLE,,1,IDLE,,1,IDLE,,1,IDLE,,1,IDLE,,1,IDLE,,1,IDLE,,1,IDLE,,1,IDLE,,1,IDLE,,1,IDLE,,1,IDLE,,1,IDLE,,1,IDLE,,1,IDLE,,1,IDLE,,1,IDLE,,1,IDLE,,1,IDLE,,1,IDLE,,1,IDLE,,1,IDLE,,1,IDLE,,1,IDLE,,1,IDLE,,1,IDLE,,1,IDLE,,1,IDLE,,2,0.44,0,0,9,0,0.17,0,1,4,0,0.14,0,1,2,0,0.05,1,2,0,0,0.10,0,1,1,1,0.19,0,1,6,2,0.22,0,1,2,1,0.19,0,2,6,0,0.12,0,1,2,0,0.21,0,0,6,1,0.16,0,0,2,1,0.08,0,0,3,2,0.08,0,0,1,1,0.21,0,0,2,0,0.37,0,0,6,0,0.29,0,0,9,0,0.16,0,0,3,0,0.25,0,0,9,1,0.29,0,0,6,0,0.05,0,0,2,1,0.17,0,0,2,1,0.05,0,0,1,0,0.07,0,0,2,3,0.16,0,0,1,0,0.07,0,0,1,2,0.08,0,0,2,0,0.12,0,0,2,3,0.20,0,0,2,0,0.03,0,0,2,1,0.10,0,0,2,2,0.12,0,0,2,1,0.18,0,0,2,1,0.18,0,0,2,0,0.12,0,0,2,2,0.20,0,0,3,0,0.22,0,0,3,0,0.10,0,0,2,0,0.11,0,0,2,0,0.08,0,0,3,0,0.17,1,0,2
19,40,67,0,2,0,10,0,1,IDLE,,1,IDLE,,1,MOVING_TO_FIELD,Field_4,1,IDLE,,1,IDLE,,1,MOVING_TO_FIELD,Field_9,1,MOVING_TO_FIELD,Field_4,1,IDLE,,1,IDLE,,1,IDLE,,1,IDLE,,1,MOVING_TO_FIELD,Field_2,1,IDLE,,1,PROTECTING,Field_4,1,IDLE,,1,IDLE,,1,IDLE,,1,PROTECTING,Field_40,1,MOVING_TO_FIELD,Field_8,1,IDLE,,1,MOVING_TO_FIELD,Field_6,1,IDLE,,1,MOVING_TO_FIELD,Field_8,1,IDLE,,1,IDLE,,1,IDLE,,1,IDLE,,1,IDLE,,1,IDLE,,1,MOVING_TO_FIELD,Field_3,1,IDLE,,1,IDLE,,1,IDLE,,1,IDLE,,1,MOVING_TO_FIELD,Field_7,1,IDLE,,1,IDLE,,1,IDLE,,1,MOVING_TO_FIELD,Field_5,1,IDLE,,1,IDLE,,1,IDLE,,1,IDLE,,1,IDLE,,1,IDLE,,1,IDLE,,1,IDLE,,1,IDLE,,1,IDLE,,1,IDLE,,1,IDLE,,1,IDLE,,1,IDLE,,1,IDLE,,1,IDLE,,1,IDLE,,1,IDLE,,1,IDLE,,1,IDLE,,1,IDLE,,1,IDLE,,1,IDLE,,1,IDLE,,1,IDLE,,1,IDLE,,1,IDLE,,1,IDLE,,1,IDLE,,1,IDLE,,1,IDLE,,1,IDLE,,1,IDLE,,1,IDLE,,1,IDLE,,1,IDLE,,1,IDLE,,1,IDLE,,1,IDLE,,1,IDLE,,2,0.46,0,0,9,0,0.18,0,1,4,0,0.14,0,1,2,0,0.05,1,2,0,1,0.10,0,1,1,2,0.21,0,1,6,2,0.25,0,1,2,1,0.19,0,2,6,0,0.12,0,1,2,0,0.23,0,0,6,1,0.16,0,0,2,1,0.09,0,0,3,3,0.09,0,0,1,1,0.21,0,0,2,1,0.39,0,0,6,1,0.29,0,0,9,1,0.17,0,0,3,0,0.25,0,0,9,1,0.29,0,0,6,0,0.05,0,0,2,1,0.15,0,0,2,1,0.05,0,0,1,0,0.05,0,0,2,4,0.16,0,0,1,0,0.11,0,0,1,2,0.08,0,0,2,1,0.12,0,0,2,4,0.20,0,0,2,0,0.03,0,0,2,1,0.12,0,0,2,2,0.12,0,0,2,1,0.18,0,0,2,1,0.18,0,0,2,0,0.12,0,0,2,3,0.21,0,0,3,1,0.22,0,0,3,0,0.12,0,0,2,0,0.11,0,0,2,0,0.08,0,0,3,0,0.17,1,0,2
20,55,67,0,2,0,10,0,1,IDLE,,1,IDLE,,1,MOVING_TO_FIELD,Field_4,1,IDLE,,1,IDLE,,1,MOVING_TO_FIELD,Field_9,1,MOVING_TO_FIELD,Field_4,1,IDLE,,1,IDLE,,1,IDLE,,1,IDLE,,1,MOVING_TO_FIELD,Field_2,1,IDLE,,1,PROTECTING,Field_4,1,IDLE,,1,IDLE,,1,IDLE,,1,PROTECTING,Field_40,1,MOVING_TO_FIELD,Field_8,1,IDLE,,1,MOVING_TO_FIELD,Field_6,1,IDLE,,1,MOVING_TO_FIELD,Field_8,1,IDLE,,1,IDLE,,1,IDLE,,1,IDLE,,1,IDLE,,1,IDLE,,1,MOVING_TO_FIELD,Field_3,1,IDLE,,1,IDLE,,1,IDLE,,1,IDLE,,1,MOVING_TO_FIELD,Field_7,1,IDLE,,1,IDLE,,1,IDLE,,1,MOVING_TO_FIELD,Field_5,1,IDLE,,1,IDLE,,1,IDLE,,1,IDLE,,1,IDLE,,1,IDLE,,1,IDLE,,1,IDLE,,1,IDLE,,1,IDLE,,1,IDLE,,1,IDLE,,1,IDLE,,1,IDLE,,1,IDLE,,1,IDLE,,1,IDLE,,1,IDLE,,1,IDLE,,1,IDLE,,1,IDLE,,1,IDLE,,1,IDLE,,1,IDLE,,1,IDLE,,1,IDLE,,1,IDLE,,1,IDLE,,1,IDLE,,1,IDLE,,1,IDLE,,1,IDLE,,1,IDLE,,1,IDLE,,1,IDLE,,1,IDLE,,1,IDLE,,1,IDLE,,1,IDLE,,1,IDLE,,3,0.45,0,0,9,0,0.18,0,1,4,0,0.13,0,1,2,0,0.00,1,2,0,1,0.10,0,1,1,4,0.21,0,1,6,2,0.28,0,1,2,1,0.19,0,2,6,1,0.12,0,1,2,0,0.23,0,0,6,1,0.16,0,0,2,2,0.09,0,0,3,3,0.11,0,0,1,4,0.23,0,0,2,2,0.41,0,0,6,1,0.33,0,0,9,1,0.19,0,0,3,0,0.29,0,0,9,2,0.30,0,0,6,0,0.05,0,0,2,1,0.17,0,0,2,1,0.05,0,0,1,0,0.05,0,0,2,5,0.18,0,0,1,0,0.11,0,0,1,2,0.08,0,0,2,3,0.12,0,0,2,4,0.22,0,0,2,0,0.03,0,0,2,1,0.12,0,0,2,2,0.12,0,0,2,1,0.19,0,0,2,1,0.19,0,0,2,0,0.13,0,0,2,3,0.23,0,0,3,2,0.22,0,0,3,1,0.12,0,0,2,0,0.10,0,0,2,0,0.07,0,0,3,0,0.18,1,0,2
21,65,66,0,2,0,11,0,1,IDLE,,1,IDLE,,1,MOVING_TO_FIELD,Field_4,1,IDLE,,1,IDLE,,1,MOVING_TO_FIELD,Field_9,1,MOVING_TO_FIELD,Field_4,1,IDLE,,1,IDLE,,1,IDLE,,1,IDLE,,1,MOVING_TO_FIELD,Field_2,1,IDLE,,1,PROTECTING,Field_4,1,IDLE,,1,IDLE,,1,IDLE,,1,PROTECTING,Field_40,1,MOVING_TO_FIELD,Field_8,1,IDLE,,1,MOVING_TO_FIELD,Field_6,1,IDLE,,1,MOVING_TO_FIELD,Field_8,1,IDLE,,1,IDLE,,1,IDLE,,1,IDLE,,1,IDLE,,1,IDLE,,1,MOVING_TO_FIELD,Field_3,1,IDLE,,1,IDLE,,1,IDLE,,1,IDLE,,1,MOVING_TO_FIELD,Field_7,1,IDLE,,1,IDLE,,1,IDLE,,1,MOVING_TO_FIELD,Field_5,1,MOVING_TO_FIELD,Field_40,1,IDLE,,1,IDLE,,1,IDLE,,1,IDLE,,1,IDLE,,1,IDLE,,1,IDLE,,1,IDLE,,1,IDLE,,1,IDLE,,1,IDLE,,1,IDLE,,1,IDLE,,1,IDLE,,1,IDLE,,1,IDLE,,1,IDLE,,1,IDLE,,1,IDLE,,1,IDLE,,1,IDLE,,1,IDLE,,1,IDLE,,1,IDLE,,1,IDLE,,1,IDLE,,1,IDLE,,1,IDLE,,1,IDLE,,1,IDLE,,1,IDLE,,1,IDLE,,1,IDLE,,1,IDLE,,1,IDLE,,1,IDLE,,1,IDLE,,1,IDLE,,1,IDLE,,3,0.44,0,0,9,0,0.19,0,1,4,0,0.15,0,1,2,0,0.00,1,2,0,1,0.10,0,1,1,4,0.22,0,1,6,2,0.27,0,1,2,1,0.21,0,2,6,2,0.12,0,1,2,0,0.23,0,0,6,1,0.15,0,0,2,3,0.09,0,0,3,3,0.16,0,0,1,4,0.24,0,0,2,4,0.41,0,0,6,1,0.34,0,0,9,1,0.16,0,0,3,0,0.29,0,0,9,2,0.32,0,0,6,0,0.05,0,0,2,1,0.18,0,0,2,1,0.08,0,0,1,0,0.05,0,0,2,6,0.21,0,0,1,0,0.11,0,0,1,2,0.06,0,0,2,3,0.12,0,0,2,5,0.20,0,0,2,0,0.06,0,0,2,1,0.12,0,0,2,2,0.12,0,0,2,3,0.21,0,0,2,2,0.21,0,0,2,0,0.13,0,0,2,4,0.23,0,0,3,2,0.24,0,0,3,1,0.08,0,0,2,0,0.10,0,0,2,0,0.07,0,0,3,0,0.21,1,1,2
22,80,66,0,2,0,11,0,1,IDLE,,1,IDLE,,1,MOVING_TO_FIELD,Field_4,1,IDLE,,1,IDLE,,1,MOVING_TO_FIELD,Field_9,1,MOVING_TO_FIELD,Field_4,1,IDLE,,1,IDLE,,1,IDLE,,1,IDLE,,1,MOVING_TO_FIELD,Field_2,1,IDLE,,1,PROTECTING,Field_4,1,IDLE,,1,IDLE,,1,IDLE,,1,PROTECTING,Field_40,1,MOVING_TO_FIELD,Field_8,1,IDLE,,1,MOVING_TO_FIELD,Field_6,1,IDLE,,1,MOVING_TO_FIELD,Field_8,1,IDLE,,1,IDLE,,1,IDLE,,1,IDLE,,1,IDLE,,1,IDLE,,1,MOVING_TO_FIELD,Field_3,1,IDLE,,1,IDLE,,1,IDLE,,1,IDLE,,1,MOVING_TO_FIELD,Field_7,1,IDLE,,1,IDLE,,1,IDLE,,1,MOVING_TO_FIELD,Field_5,1,MOVING_TO_FIELD,Field_40,1,IDLE,,1,IDLE,,1,IDLE,,1,IDLE,,1,IDLE,,1,IDLE,,1,IDLE,,1,IDLE,,1,IDLE,,1,IDLE,,1,IDLE,,1,IDLE,,1,IDLE,,1,IDLE,,1,IDLE,,1,IDLE,,1,IDLE,,1,IDLE,,1,IDLE,,1,IDLE,,1,IDLE,,1,IDLE,,1,IDLE,,1,IDLE,,1,IDLE,,1,IDLE,,1,IDLE,,1,IDLE,,1,IDLE,,1,IDLE,,1,IDLE,,1,IDLE,,1,IDLE,,1,IDLE,,1,IDLE,,1,IDLE,,1,IDLE,,1,IDLE,,1,IDLE,,4,0.44,0,0,9,0,0.21,0,1,4,0,0.16,0,1,2,0,0.00,1,2,0,1,0.10,0,1,1,6,0.22,0,1,6,2,0.27,0,1,2,1,0.21,0,2,6,2,0.12,0,1,2,0,0.23,0,0,6,1,0.13,0,0,2,3,0.08,0,0,3,3,0.14,0,0,1,6,0.24,0,0,2,5,0.41,0,0,6,1,0.33,0,0,9,2,0.16,0,0,3,0,0.29,0,0,9,2,0.31,0,0,6,0,0.07,0,0,2,4,0.21,0,0,2,2,0.08,0,0,1,0,0.08,0,0,2,6,0.19,0,0,1,0,0.09,0,0,1,2,0.08,0,0,2,3,0.12,0,0,2,5,0.20,0,0,2,0,0.08,0,0,2,1,0.12,0,0,2,2,0.14,0,0,2,3,0.21,0,0,2,2,0.21,0,0,2,0,0.13,0,0,2,7,0.23,0,0,3,2,0.26,0,0,3,1,0.09,0,0,2,0,0.11,0,0,2,1,0.07,0,0,3,0,0.21,1,1,2
23,93,66,0,2,0,11,0,1,IDLE,,1,IDLE,,1,MOVING_TO_FIELD,Field_4,1,IDLE,,1,IDLE,,1,MOVING_TO_FIELD,Field_9,1,MOVING_TO_FIELD,Field_4,1,IDLE,,1,IDLE,,1,IDLE,,1,IDLE,,1,MOVING_TO_FIELD,Field_2,1,IDLE,,1,PROTECTING,Field_4,1,IDLE,,1,IDLE,,1,IDLE,,1,PROTECTING,Field_40,1,MOVING_TO_FIELD,Field_8,1,IDLE,,1,MOVING_TO_FIELD,Field_6,1,IDLE,,1,MOVING_TO_FIELD,Field_8,1,IDLE,,1,IDLE,,1,IDLE,,1,IDLE,,1,IDLE,,1,IDLE,,1,MOVING_TO_FIELD,Field_3,1,IDLE,,1,IDLE,,1,IDLE,,1,IDLE,,1,MOVING_TO_FIELD,Field_7,1,IDLE,,1,IDLE,,1,IDLE,,1,MOVING_TO_FIELD,Field_5,1,MOVING_TO_FIELD,Field_40,1,IDLE,,1,IDLE,,1,IDLE,,1,IDLE,,1,IDLE,,1,IDLE,,1,IDLE,,1,IDLE,,1,IDLE,,1,IDLE,,1,IDLE,,1,IDLE,,1,IDLE,,1,IDLE,,1,IDLE,,1,IDLE,,1,IDLE,,1,IDLE,,1,IDLE,,1,IDLE,,1,IDLE,,1,IDLE,,1,IDLE,,1,IDLE,,1,IDLE,,1,IDLE,,1,IDLE,,1,IDLE,,1,IDLE,,1,IDLE,,1,IDLE,,1,IDLE,,1,IDLE,,1,IDLE,,1,IDLE,,1,IDLE,,1,IDLE,,1,IDLE,,1,IDLE,,5,0.44,0,0,9,0,0.22,0,1,4,0,0.17,0,1,2,0,0.00,1,2,0,1,0.12,0,1,1,8,0.23,0,1,6,3,0.25,0,1,2,1,0.23,0,2,6,3,0.12,0,1,2,0,0.24,0,0,6,1,0.13,0,0,2,4,0.08,0,0,3,3,0.14,0,0,1,6,0.24,0,0,2,5,0.42,0,0,6,1,0.33,0,0,9,2,0.15,0,0,3,0,0.29,0,0,9,3,0.30,0,0,6,0,0.07,0,0,2,4,0.23,0,0,2,2,0.10,0,0,1,0,0.08,0,0,2,6,0.19,0,0,1,0,0.11,0,0,1,2,0.08,0,0,2,3,0.11,0,0,2,5,0.20,0,0,2,0,0.10,0,0,2,1,0.12,0,0,2,2,0.14,0,0,2,3,0.23,0,0,2,3,0.23,0,0,2,0,0.13,0,0,2,10,0.23,0,0,3,3,0.26,0,0,3,1,0.09,0,0,2,1,0.11,0,0,2,1,0.08,0,0,3,0,0.20,1,1,2
24,109,66,0,2,0,11,0,1,IDLE,,1,IDLE,,1,MOVING_TO_FIELD,Field_4,1,IDLE,,1,IDLE,,1,MOVING_TO_FIELD,Field_9,1,MOVING_TO_FIELD,Field_4,1,IDLE,,1,IDLE,,1,IDLE,,1,IDLE,,1,MOVING_TO_FIELD,Field_2,1,IDLE,,1,PROTECTING,Field_4,1,IDLE,,1,IDLE,,1,IDLE,,1,PROTECTING,Field_40,1,MOVING_TO_FIELD,Field_8,1,IDLE,,1,MOVING_TO_FIELD,Field_6,1,IDLE,,1,MOVING_TO_FIELD,Field_8,1,IDLE,,1,IDLE,,1,IDLE,,1,IDLE,,1,IDLE,,1,IDLE,,1,MOVING_TO_FIELD,Field_3,1,IDLE,,1,IDLE,,1,IDLE,,1,IDLE,,1,MOVING_TO_FIELD,Field_7,1,IDLE,,1,IDLE,,1,IDLE,,1,MOVING_TO_FIELD,Field_5,1,MOVING_TO_FIELD,Field_40,1,IDLE,,1,IDLE,,1,IDLE,,1,IDLE,,1,IDLE,,1,IDLE,,1,IDLE,,1,IDLE,,1,IDLE,,1,IDLE,,1,IDLE,,1,IDLE,,1,IDLE,,1,IDLE,,1,IDLE,,1,IDLE,,1,IDLE,,1,IDLE,,1,IDLE,,1,IDLE,,1,IDLE,,1,IDLE,,1,IDLE,,1,IDLE,,1,IDLE,,1,IDLE,,1,IDLE,,1,IDLE,,1,IDLE,,1,IDLE,,1,IDLE,,1,IDLE,,1,IDLE,,1,IDLE,,1,IDLE,,1,IDLE,,1,IDLE,,1,IDLE,,1,IDLE,,7,0.44,0,0,9,0,0.22,0,1,4,0,0.18,0,1,2,0,0.00,1,2,0,2,0.12,0,1,1,8,0.25,0,1,6,6,0.27,0,1,2,1,0.22,0,2,6,4,0.11,0,1,2,0,0.24,0,0,6,1,0.12,0,0,2,4,0.09,0,0,3,3,0.12,0,0,1,6,0.24,0,0,2,6,0.44,0,0,6,1,0.34,0,0,9,2,0.16,0,0,3,0,0.29,0,0,9,3,0.29,0,0,6,0,0.08,0,0,2,4,0.24,0,0,2,2,0.08,0,0,1,0,0.08,0,0,2,8,0.19,0,0,1,1,0.11,0,0,1,2,0.09,0,0,2,5,0.11,0,0,2,5,0.24,0,0,2,0,0.10,0,0,2,1,0.13,0,0,2,2,0.14,0,0,2,4,0.24,0,0,2,3,0.23,0,0,2,0,0.12,0,0,2,12,0.24,0,0,3,3,0.28,0,0,3,1,0.09,0,0,2,1,0.12,0,0,2,1,0.08,0,0,3,0,0.20,1,1,2
25,124,66,0,2,0,11,0,1,IDLE,,1,IDLE,,1,MOVING_TO_FIELD,Field_4,1,IDLE,,1,IDLE,,1,MOVING_TO_FIELD,Field_9,1,MOVING_TO_FIELD,Field_4,1,IDLE,,1,IDLE,,1,IDLE,,1,IDLE,,1,MOVING_TO_FIELD,Field_2,1,IDLE,,1,PROTECTING,Field_4,1,IDLE,,1,IDLE,,1,IDLE,,1,PROTECTING,Field_40,1,MOVING_TO_FIELD,Field_8,1,IDLE,,1,MOVING_TO_FIELD,Field_6,1,IDLE,,1,MOVING_TO_FIELD,Field_8,1,IDLE,,1,IDLE,,1,IDLE,,1,IDLE,,1,IDLE,,1,IDLE,,1,MOVING_TO_FIELD,Field_3,1,IDLE,,1,IDLE,,1,IDLE,,1,IDLE,,1,MOVING_TO_FIELD,Field_7,1,IDLE,,1,IDLE,,1,IDLE,,1,MOVING_TO_FIELD,Field_5,1,MOVING_TO_FIELD,Field_40,1,IDLE,,1,IDLE,,1,IDLE,,1,IDLE,,1,IDLE,,1,IDLE,,1,IDLE,,1,IDLE,,1,IDLE,,1,IDLE,,1,IDLE,,1,IDLE,,1,IDLE,,1,IDLE,,1,IDLE,,1,IDLE,,1,IDLE,,1,IDLE,,1,IDLE,,1,IDLE,,1,IDLE,,1,IDLE,,1,IDLE,,1,IDLE,,1,IDLE,,1,IDLE,,1,IDLE,,1,IDLE,,1,IDLE,,1,IDLE,,1,IDLE,,1,IDLE,,1,IDLE,,1,IDLE,,1,IDLE,,1,IDLE,,1,IDLE,,1,IDLE,,1,IDLE,,7,0.44,0,0,9,1,0.22,0,1,4,0,0.18,0,1,2,0,0.00,1,2,0,2,0.10,0,1,1,8,0.25,0,1,6,8,0.28,0,1,2,2,0.22,0,2,6,5,0.10,0,1,2,0,0.24,0,0,6,2,0.12,0,0,2,4,0.11,0,0,3,3,0.12,0,0,1,6,0.26,0,0,2,7,0.44,0,0,6,2,0.34,0,0,9,3,0.17,0,0,3,0,0.29,0,0,9,3,0.30,0,0,6,0,0.08,0,0,2,4,0.24,0,0,2,2,0.08,0,0,1,0,0.10,0,0,2,8,0.18,0,0,1,1,0.11,0,0,1,2,0.09,0,0,2,5,0.13,0,0,2,6,0.22,0,0,2,1,0.10,0,0,2,1,0.14,0,0,2,2,0.14,0,0,2,5,0.27,0,0,2,5,0.23,0,0,2,0,0.12,0,0,2,12,0.26,0,0,3,3,0.28,0,0,3,1,0.09,0,0,2,2,0.12,0,0,2,1,0.09,0,0,3,0,0.24,1,1,2
26,133,66,0,2,0,11,0,1,IDLE,,1,IDLE,,1,MOVING_TO_FIELD,Field_4,1,IDLE,,1,IDLE,,1,MOVING_TO_FIELD,Field_9,1,MOVING_TO_FIELD,Field_4,1,IDLE,,1,IDLE,,1,IDLE,,1,IDLE,,1,MOVING_TO_FIELD,Field_2,1,IDLE,,1,PROTECTING,Field_4,1,IDLE,,1,IDLE,,1,IDLE,,1,PROTECTING,Field_40,1,MOVING_TO_FIELD,Field_8,1,IDLE,,1,MOVING_TO_FIELD,Field_6,1,IDLE,,1,MOVING_TO_FIELD,Field_8,1,IDLE,,1,IDLE,,1,IDLE,,1,IDLE,,1,IDLE,,1,IDLE,,1,MOVING_TO_FIELD,Field_3,1,IDLE,,1,IDLE,,1,IDLE,,1,IDLE,,1,MOVING_TO_FIELD,Field_7,1,IDLE,,1,IDLE,,1,IDLE,,1,MOVING_TO_FIELD,Field_5,1,MOVING_TO_FIELD,Field_40,1,IDLE,,1,IDLE,,1,IDLE,,1,IDLE,,1,IDLE,,1,IDLE,,1,IDLE,,1,IDLE,,1,IDLE,,1,IDLE,,1,IDLE,,1,IDLE,,1,IDLE,,1,IDLE,,1,IDLE,,1,IDLE,,1,IDLE,,1,IDLE,,1,IDLE,,1,IDLE,,1,IDLE,,1,IDLE,,1,IDLE,,1,IDLE,,1,IDLE,,1,IDLE,,1,IDLE,,1,IDLE,,1,IDLE,,1,IDLE,,1,IDLE,,1,IDLE,,1,IDLE,,1,IDLE,,1,IDLE,,1,IDLE,,1,IDLE,,1,IDLE,,1,IDLE,,8,0.43,0,0,9,2,0.22,0,1,4,0,0.18,0,1,2,0,0.00,1,2,0,2,0.10,0,1,1,9,0.26,0,1,6,8,0.28,0,1,2,2,0.22,0,2,6,5,0.09,0,1,2,0,0.25,0,0,6,2,0.12,0,0,2,4,0.10,0,0,3,3,0.12,0,0,1,6,0.26,0,0,2,10,0.45,0,0,6,2,0.35,0,0,9,3,0.18,0,0,3,0,0.31,0,0,9,3,0.32,0,0,6,0,0.08,0,0,2,4,0.24,0,0,2,2,0.08,0,0,1,0,0.10,0,0,2,9,0.18,0,0,1,1,0.13,0,0,1,2,0.09,0,0,2,6,0.13,0,0,2,6,0.20,0,0,2,1,0.10,0,0,2,1,0.14,0,0,2,2,0.14,0,0,2,6,0.23,0,0,2,5,0.23,0,0,2,0,0.10,0,0,2,12,0.27,0,0,3,3,0.28,0,0,3,1,0.09,0,0,2,2,0.12,0,0,2,1,0.09,0,0,3,0,0.25,1,1,2
27,157,66,0,2,0,11,0,1,IDLE,,1,IDLE,,1,MOVING_TO_FIELD,Field_4,1,IDLE,,1,IDLE,,1,MOVING_TO_FIELD,Field_9,1,MOVING_TO_FIELD,Field_4,1,IDLE,,1,IDLE,,1,IDLE,,1,IDLE,,1,MOVING_TO_FIELD,Field_2,1,IDLE,,1,PROTECTING,Field_4,1,IDLE,,1,IDLE,,1,IDLE,,1,PROTECTING,Field_40,1,MOVING_TO_FIELD,Field_8,1,IDLE,,1,MOVING_TO_FIELD,Field_6,1,IDLE,,1,MOVING_TO_FIELD,Field_8,1,IDLE,,1,IDLE,,1,IDLE,,1,IDLE,,1,IDLE,,1,IDLE,,1,MOVING_TO_FIELD,Field_3,1,IDLE,,1,IDLE,,1,IDLE,,1,IDLE,,1,MOVING_TO_FIELD,Field_7,1,IDLE,,1,IDLE,,1,IDLE,,1,MOVING_TO_FIELD,Field_5,1,MOVING_TO_FIELD,Field_40,1,IDLE,,1,IDLE,,1,IDLE,,1,IDLE,,1,IDLE,,1,IDLE,,1,IDLE,,1,IDLE,,1,IDLE,,1,IDLE,,1,IDLE,,1,IDLE,,1,IDLE,,1,IDLE,,1,IDLE,,1,IDLE,,1,IDLE,,1,IDLE,,1,IDLE,,1,IDLE,,1,IDLE,,1,IDLE,,1,IDLE,,1,IDLE,,1,IDLE,,1,IDLE,,1,IDLE,,1,IDLE,,1,IDLE,,1,IDLE,,1,IDLE,,1,IDLE,,1,IDLE,,1,IDLE,,1,IDLE,,1,IDLE,,1,IDLE,,1,IDLE,,1,IDLE,,12,0.44,0,0,9,2,0.24,0,1,4,0,0.18,0,1,2,0,0.00,1,2,0,2,0.10,0,1,1,9,0.25,0,1,6,8,0.32,0,1,2,2,0.23,0,2,6,5,0.09,0,1,2,0,0.25,0,0,6,2,0.12,0,0,2,4,0.10,0,0,3,4,0.14,0,0,1,6,0.28,0,0,2,13,0.45,0,0,6,3,0.36,0,0,9,4,0.17,0,0,3,0,0.31,0,0,9,3,0.33,0,0,6,0,0.07,0,0,2,5,0.24,0,0,2,3,0.08,0,0,1,0,0.10,0,0,2,10,0.18,0,0,1,2,0.13,0,0,1,2,0.12,0,0,2,6,0.13,0,0,2,6,0.20,0,0,2,1,0.10,0,0,2,2,0.14,0,0,2,2,0.14,0,0,2,7,0.26,0,0,2,8,0.21,0,0,2,0,0.12,0,0,2,13,0.30,0,0,3,3,0.26,0,0,3,2,0.09,0,0,2,2,0.12,0,0,2,4,0.10,0,0,3,0,0.26,1,1,2
28,173,66,0,2,0,11,0,1,IDLE,,1,IDLE,,1,MOVING_TO_FIELD,Field_4,1,IDLE,,1,IDLE,,1,MOVING_TO_FIELD,Field_9,1,MOVING_TO_FIELD,Field_4,1,IDLE,,1,IDLE,,1,IDLE,,1,IDLE,,1,MOVING_TO_FIELD,Field_2,1,IDLE,,1,PROTECTING,Field_4,1,IDLE,,1,IDLE,,1,IDLE,,1,PROTECTING,Field_40,1,MOVING_TO_FIELD,Field_8,1,IDLE,,1,MOVING_TO_FIELD,Field_6,1,IDLE,,1,MOVING_TO_FIELD,Field_8,1,IDLE,,1,IDLE,,1,IDLE,,1,IDLE,,1,IDLE,,1,IDLE,,1,MOVING_TO_FIELD,Field_3,1,IDLE,,1,IDLE,,1,IDLE,,1,IDLE,,1,MOVING_TO_FIELD,Field_7,1,IDLE,,1,IDLE,,1,IDLE,,1,MOVING_TO_FIELD,Field_5,1,MOVING_TO_FIELD,Field_40,1,IDLE,,1,IDLE,,1,IDLE,,1,IDLE,,1,IDLE,,1,IDLE,,1,IDLE,,1,IDLE,,1,IDLE,,1,IDLE,,1,IDLE,,1,IDLE,,1,IDLE,,1,IDLE,,1,IDLE,,1,IDLE,,1,IDLE,,1,IDLE,,1,IDLE,,1,IDLE,,1,IDLE,,1,IDLE,,1,IDLE,,1,IDLE,,1,IDLE,,1,IDLE,,1,IDLE,,1,IDLE,,1,IDLE,,1,IDLE,,1,IDLE,,1,IDLE,,1,IDLE,,1,IDLE,,1,IDLE,,1,IDLE,,1,IDLE,,1,IDLE,,1,IDLE,,13,0.41,0,0,9,2,0.23,0,1,4,0,0.18,0,1,2,0,0.00,1,2,0,2,0.10,0,1,1,9,0.25,0,1,6,8,0.32,0,1,2,2,0.22,0,2,6,5,0.09,0,1,2,0,0.25,0,0,6,4,0.10,0,0,2,5,0.10,0,0,3,4,0.14,0,0,1,6,0.27,0,0,2,16,0.45,0,0,6,3,0.36,0,0,9,5,0.19,0,0,3,0,0.32,0,0,9,4,0.33,0,0,6,0,0.07,0,0,2,6,0.26,0,0,2,3,0.08,0,0,1,0,0.11,0,0,2,10,0.18,0,0,1,2,0.13,0,0,1,2,0.13,0,0,2,6,0.13,0,0,2,6,0.20,0,0,2,1,0.11,0,0,2,3,0.16,0,0,2,2,0.10,0,0,2,9,0.24,0,0,2,9,0.19,0,0,2,0,0.12,0,0,2,14,0.31,0,0,3,3,0.28,0,0,3,2,0.07,0,0,2,2,0.12,0,0,2,5,0.09,0,0,3,0,0.26,1,1,2
29,189,66,0,3,0,10,0,1,IDLE,,1,IDLE,,1,MOVING_TO_FIELD,Field_4,1,IDLE,,1,IDLE,,1,MOVING_TO_FIELD,Field_9,1,MOVING_TO_FIELD,Field_4,1,IDLE,,1,IDLE,,1,IDLE,,1,IDLE,,1,MOVING_TO_FIELD,Field_2,1,IDLE,,1,PROTECTING,Field_4,1,IDLE,,1,IDLE,,1,IDLE,,1,PROTECTING,Field_40,1,MOVING_TO_FIELD,Field_8,1,IDLE,,1,MOVING_TO_FIELD,Field_6,1,IDLE,,1,MOVING_TO_FIELD,Field_8,1,IDLE,,1,IDLE,,1,IDLE,,1,IDLE,,1,IDLE,,1,IDLE,,1,MOVING_TO_FIELD,Field_3,1,IDLE,,1,IDLE,,1,IDLE,,1,IDLE,,1,PROTECTING,Field_7,1,IDLE,,1,IDLE,,1,IDLE,,1,MOVING_TO_FIELD,Field_5,1,MOVING_TO_FIELD,Field_40,1,IDLE,,1,IDLE,,1,IDLE,,1,IDLE,,1,IDLE,,1,IDLE,,1,IDLE,,1,IDLE,,1,IDLE,,1,IDLE,,1,IDLE,,1,IDLE,,1,IDLE,,1,IDLE,,1,IDLE,,1,IDLE,,1,IDLE,,1,IDLE,,1,IDLE,,1,IDLE,,1,IDLE,,1,IDLE,,1,IDLE,,1,IDLE,,1,IDLE,,1,IDLE,,1,IDLE,,1,IDLE,,1,IDLE,,1,IDLE,,1,IDLE,,1,IDLE,,1,IDLE,,1,IDLE,,1,IDLE,,1,IDLE,,1,IDLE,,1,IDLE,,1,IDLE,,13,0.41,0,0,9,3,0.22,0,1,4,0,0.18,0,1,2,0,0.00,1,2,0,3,0.07,0,1,1,9,0.25,0,1,6,8,0.32,1,0,1,3,0.22,0,2,6,5,0.09,0,1,2,1,0.25,0,0,6,4,0.10,0,0,2,5,0.09,0,0,3,5,0.12,0,0,1,6,0.26,0,0,2,19,0.45,0,0,6,3,0.36,0,0,9,6,0.19,0,0,3,0,0.33,0,0,9,5,0.32,0,0,6,0,0.08,0,0,2,7,0.26,0,0,2,3,0.08,0,0,1,1,0.11,0,0,2,10,0.18,0,0,1,2,0.15,0,0,1,2,0.13,0,0,2,7,0.13,0,0,2,7,0.20,0,0,2,1,0.11,0,0,2,3,0.16,0,0,2,2,0.10,0,0,2,9,0.24,0,0,2,9,0.19,0,0,2,0,0.13,0,0,2,14,0.27,0,0,3,3,0.28,0,0,3,3,0.08,0,0,2,2,0.12,0,0,2,6,0.10,0,0,3,0,0.26,1,1,2
30,204,66,0,4,0,9,0,1,IDLE,,1,IDLE,,1,MOVING_TO_FIELD,Field_4,1,IDLE,,1,IDLE,,1,MOVING_TO_FIELD,Field_9,1,MOVING_TO_FIELD,Field_4,1,IDLE,,1,IDLE,,1,IDLE,,1,IDLE,,1,MOVING_TO_FIELD,Field_2,1,IDLE,,1,PROTECTING,Field_4,1,IDLE,,1,IDLE,,1,IDLE,,1,PROTECTING,Field_40,1,MOVING_TO_FIELD,Field_8,1,IDLE,,1,MOVING_TO_FIELD,Field_6,1,IDLE,,1,MOVING_TO_FIELD,Field_8,1,IDLE,,1,IDLE,,1,IDLE,,1,IDLE,,1,IDLE,,1,IDLE,,1,MOVING_TO_FIELD,Field_3,1,IDLE,,1,IDLE,,1,IDLE,,1,IDLE,,1,PROTECTING,Field_7,1,IDLE,,1,IDLE,,1,IDLE,,1,MOVING_TO_FIELD,Field_5,1,PROTECTING,Field_40,1,IDLE,,1,IDLE,,1,IDLE,,1,IDLE,,1,IDLE,,1,IDLE,,1,IDLE,,1,IDLE,,1,IDLE,,1,IDLE,,1,IDLE,,1,IDLE,,1,IDLE,,1,IDLE,,1,IDLE,,1,IDLE,,1,IDLE,,1,IDLE,,1,IDLE,,1,IDLE,,1,IDLE,,1,IDLE,,1,IDLE,,1,IDLE,,1,IDLE,,1,IDLE,,1,IDLE,,1,IDLE,,1,IDLE,,1,IDLE,,1,IDLE,,1,IDLE,,1,IDLE,,1,IDLE,,1,IDLE,,1,IDLE,,1,IDLE,,1,IDLE,,1,IDLE,,13,0.40,0,0,9,4,0.22,0,1,4,0,0.18,0,1,2,0,0.00,1,2,0,3,0.07,0,1,1,11,0.25,0,1,6,9,0.32,1,0,1,3,0.22,0,2,6,5,0.09,0,1,2,2,0.25,0,0,6,4,0.10,0,0,2,5,0.09,0,0,3,6,0.11,0,0,1,7,0.26,0,0,2,21,0.45,0,0,6,3,0.36,0,0,9,6,0.19,0,0,3,0,0.33,0,0,9,5,0.30,0,0,6,0,0.08,0,0,2,7,0.24,0,0,2,3,0.07,0,0,1,1,0.10,0,0,2,11,0.18,0,0,1,3,0.13,0,0,1,2,0.13,0,0,2,9,0.13,0,0,2,8,0.20,0,0,2,1,0.11,0,0,2,4,0.17,0,0,2,2,0.08,0,0,2,9,0.24,0,0,2,9,0.19,0,0,2,0,0.13,0,0,2,14,0.27,0,0,3,3,0.28,0,0,3,3,0.08,0,0,2,2,0.11,0,0,2,6,0.11,0,0,3,0,0.26,2,0,1
31,214,66,0,4,0,9,0,1,IDLE,,1,MOVING_TO_FIELD,Field_1,1,MOVING_TO_FIELD,Field_4,1,IDLE,,1,IDLE,,1,IDLE,,1,MOVING_TO_FIELD,Field_4,1,IDLE,,1,IDLE,,1,IDLE,,1,IDLE,,1,MOVING_TO_FIELD,Field_2,1,IDLE,,1,PROTECTING,Field_4,1,IDLE,,1,IDLE,,1,IDLE,,1,PROTECTING,Field_40,1,MOVING_TO_FIELD,Field_8,1,IDLE,,1,MOVING_TO_FIELD,Field_6,1,IDLE,,1,MOVING_TO_FIELD,Field_8,1,IDLE,,1,IDLE,,1,IDLE,,1,IDLE,,1,IDLE,,1,IDLE,,1,MOVING_TO_FIELD,Field_3,1,IDLE,,1,IDLE,,1,IDLE,,1,IDLE,,1,PROTECTING,Field_7,1,IDLE,,1,IDLE,,1,IDLE,,1,MOVING_TO_FIELD,Field_5,1,PROTECTING,Field_40,1,IDLE,,1,IDLE,,1,IDLE,,1,IDLE,,1,IDLE,,1,IDLE,,1,IDLE,,1,IDLE,,1,IDLE,,1,IDLE,,1,IDLE,,1,IDLE,,1,IDLE,,1,IDLE,,1,IDLE,,1,IDLE,,1,IDLE,,1,IDLE,,1,IDLE,,1,IDLE,,1,IDLE,,1,IDLE,,1,IDLE,,1,IDLE,,1,IDLE,,1,IDLE,,1,IDLE,,1,IDLE,,1,IDLE,,1,IDLE,,1,IDLE,,1,IDLE,,1,IDLE,,1,IDLE,,1,IDLE,,1,IDLE,,1,IDLE,,1,IDLE,,1,IDLE,,15,0.40,0,1,9,4,0.22,0,1,4,0,0.19,0,1,2,0,0.00,1,2,0,3,0.07,0,1,1,11,0.26,0,1,6,9,0.30,1,0,1,3,0.21,0,2,6,5,0.09,0,0,2,3,0.23,0,0,6,4,0.10,0,0,2,5,0.09,0,0,3,7,0.11,0,0,1,7,0.27,0,0,2,22,0.45,0,0,6,4,0.35,0,0,9,6,0.20,0,0,3,0,0.33,0,0,9,7,0.30,0,0,6,0,0.08,0,0,2,7,0.21,0,0,2,3,0.07,0,0,1,1,0.10,0,0,2,12,0.18,0,0,1,3,0.13,0,0,1,2,0.14,0,0,2,9,0.13,0,0,2,8,0.20,0,0,2,1,0.11,0,0,2,4,0.16,0,0,2,2,0.08,0,0,2,9,0.22,0,0,2,9,0.19,0,0,2,0,0.10,0,0,2,14,0.27,0,0,3,3,0.28,0,0,3,3,0.09,0,0,2,3,0.11,0,0,2,6,0.14,0,0,3,0,0.26,2,0,1
32,237,66,0,4,0,9,0,1,IDLE,,1,MOVING_TO_FIELD,Field_1,1,MOVING_TO_FIELD,Field_4,1,IDLE,,1,IDLE,,1,IDLE,,1,MOVING_TO_FIELD,Field_4,1,IDLE,,1,IDLE,,1,IDLE,,1,IDLE,,1,MOVING_TO_FIELD,Field_2,1,IDLE,,1,PROTECTING,Field_4,1,IDLE,,1,IDLE,,1,IDLE,,1,PROTECTING,Field_40,1,MOVING_TO_FIELD,Field_8,1,IDLE,,1,MOVING_TO_FIELD,Field_6,1,IDLE,,1,MOVING_TO_FIELD,Field_8,1,IDLE,,1,IDLE,,1,IDLE,,1,IDLE,,1,IDLE,,1,IDLE,,1,MOVING_TO_FIELD,Field_3,1,IDLE,,1,IDLE,,1,IDLE,,1,IDLE,,1,PROTECTING,Field_7,1,IDLE,,1,IDLE,,1,IDLE,,1,MOVING_TO_FIELD,Field_5,1,PROTECTING,Field_40,1,IDLE,,1,IDLE,,1,IDLE,,1,IDLE,,1,IDLE,,1,IDLE,,1,IDLE,,1,IDLE,,1,IDLE,,1,IDLE,,1,IDLE,,1,IDLE,,1,IDLE,,1,IDLE,,1,IDLE,,1,IDLE,,1,IDLE,,1,IDLE,,1,IDLE,,1,IDLE,,1,IDLE,,1,IDLE,,1,IDLE,,1,IDLE,,1,IDLE,,1,IDLE,,1,IDLE,,1,IDLE,,1,IDLE,,1,IDLE,,1,IDLE,,1,IDLE,,1,IDLE,,1,IDLE,,1,IDLE,,1,IDLE,,1,IDLE,,1,IDLE,,1,IDLE,,18,0.40,0,1,9,6,0.22,0,1,4,0,0.19,0,1,2,0,0.00,1,2,0,3,0.05,0,1,1,12,0.27,0,1,6,9,0.32,1,0,1,3,0.20,0,2,6,5,0.09,0,0,2,3,0.23,0,0,6,4,0.12,0,0,2,7,0.09,0,0,3,7,0.11,0,0,1,7,0.27,0,0,2,24,0.46,0,0,6,4,0.35,0,0,9,8,0.20,0,0,3,0,0.33,0,0,9,7,0.30,0,0,6,1,0.08,0,0,2,7,0.21,0,0,2,3,0.07,0,0,1,1,0.10,0,0,2,15,0.18,0,0,1,5,0.13,0,0,1,2,0.14,0,0,2,9,0.14,0,0,2,8,0.20,0,0,2,1,0.11,0,0,2,5,0.17,0,0,2,3,0.10,0,0,2,9,0.22,0,0,2,9,0.19,0,0,2,0,0.10,0,0,2,17,0.26,0,0,3,3,0.24,0,0,3,3,0.09,0,0,2,3,0.10,0,0,2,6,0.14,0,0,3,0,0.26,2,0,1
33,251,66,0,4,0,9,0,1,IDLE,,1,MOVING_TO_FIELD,Field_1,1,MOVING_TO_FIELD,Field_4,1,IDLE,,1,IDLE,,1,IDLE,,1,MOVING_TO_FIELD,Field_4,1,IDLE,,1,IDLE,,1,IDLE,,1,IDLE,,1,MOVING_TO_FIELD,Field_2,1,IDLE,,1,PROTECTING,Field_4,1,IDLE,,1,IDLE,,1,IDLE,,1,PROTECTING,Field_40,1,MOVING_TO_FIELD,Field_8,1,IDLE,,1,MOVING_TO_FIELD,Field_6,1,IDLE,,1,MOVING_TO_FIELD,Field_8,1,IDLE,,1,IDLE,,1,IDLE,,1,IDLE,,1,IDLE,,1,IDLE,,1,MOVING_TO_FIELD,Field_3,1,IDLE,,1,IDLE,,1,IDLE,,1,IDLE,,1,PROTECTING,Field_7,1,IDLE,,1,IDLE,,1,IDLE,,1,MOVING_TO_FIELD,Field_5,1,PROTECTING,Field_40,1,IDLE,,1,IDLE,,1,IDLE,,1,IDLE,,1,IDLE,,1,IDLE,,1,IDLE,,1,IDLE,,1,IDLE,,1,IDLE,,1,IDLE,,1,IDLE,,1,IDLE,,1,IDLE,,1,IDLE,,1,IDLE,,1,IDLE,,1,IDLE,,1,IDLE,,1,IDLE,,1,IDLE,,1,IDLE,,1,IDLE,,1,IDLE,,1,IDLE,,1,IDLE,,1,IDLE,,1,IDLE,,1,IDLE,,1,IDLE,,1,IDLE,,1,IDLE,,1,IDLE,,1,IDLE,,1,IDLE,,1,IDLE,,1,IDLE,,1,IDLE,,1,IDLE,,18,0.40,0,1,9,6,0.23,0,1,4,0,0.19,0,1,2,0,0.00,1,2,0,3,0.05,0,1,1,13,0.25,0,1,6,11,0.32,1,0,1,3,0.20,0,2,6,6,0.10,0,0,2,4,0.23,0,0,6,4,0.12,0,0,2,8,0.09,0,0,3,7,0.09,0,0,1,8,0.27,0,0,2,27,0.44,0,0,6,4,0.35,0,0,9,8,0.20,0,0,3,0,0.35,0,0,9,7,0.29,0,0,6,2,0.08,0,0,2,7,0.20,0,0,2,3,0.07,0,0,1,1,0.10,0,0,2,15,0.18,0,0,1,6,0.13,0,0,1,2,0.16,0,0,2,9,0.14,0,0,2,8,0.20,0,0,2,2,0.13,0,0,2,5,0.17,0,0,2,3,0.08,0,0,2,9,0.21,0,0,2,9,0.18,0,0,2,0,0.10,0,0,2,17,0.25,0,0,3,3,0.24,0,0,3,3,0.09,0,0,2,3,0.07,0,0,2,6,0.19,0,0,3,1,0.26,2,0,1
34,269,66,0,4,0,9,0,1,IDLE,,1,MOVING_TO_FIELD,Field_1,1,MOVING_TO_FIELD,Field_4,1,IDLE,,1,IDLE,,1,IDLE,,1,MOVING_TO_FIELD,Field_4,1,IDLE,,1,IDLE,,1,IDLE,,1,IDLE,,1,MOVING_TO_FIELD,Field_2,1,IDLE,,1,PROTECTING,Field_4,1,IDLE,,1,IDLE,,1,IDLE,,1,PROTECTING,Field_40,1,MOVING_TO_FIELD,Field_8,1,IDLE,,1,MOVING_TO_FIELD,Field_6,1,IDLE,,1,MOVING_TO_FIELD,Field_8,1,IDLE,,1,IDLE,,1,IDLE,,1,IDLE,,1,IDLE,,1,IDLE,,1,MOVING_TO_FIELD,Field_3,1,IDLE,,1,IDLE,,1,IDLE,,1,IDLE,,1,PROTECTING,Field_7,1,IDLE,,1,IDLE,,1,IDLE,,1,MOVING_TO_FIELD,Field_5,1,PROTECTING,Field_40,1,IDLE,,1,IDLE,,1,IDLE,,1,IDLE,,1,IDLE,,1,IDLE,,1,IDLE,,1,IDLE,,1,IDLE,,1,IDLE,,1,IDLE,,1,IDLE,,1,IDLE,,1,IDLE,,1,IDLE,,1,IDLE,,1,IDLE,,1,IDLE,,1,IDLE,,1,IDLE,,1,IDLE,,1,IDLE,,1,IDLE,,1,IDLE,,1,IDLE,,1,IDLE,,1,IDLE,,1,IDLE,,1,IDLE,,1,IDLE,,1,IDLE,,1,IDLE,,1,IDLE,,1,IDLE,,1,IDLE,,1,IDLE,,1,IDLE,,1,IDLE,,1,IDLE,,21,0.39,0,1,9,6,0.23,0,1,4,0,0.19,0,1,2,0,0.00,1,2,0,3,0.07,0,1,1,16,0.25,0,1,6,12,0.32,1,0,1,4,0.19,0,2,6,6,0.10,0,0,2,5,0.24,0,0,6,4,0.12,0,0,2,8,0.09,0,0,3,7,0.08,0,0,1,8,0.28,0,0,2,28,0.44,0,0,6,5,0.35,0,0,9,9,0.22,0,0,3,0,0.35,0,0,9,7,0.28,0,0,6,2,0.08,0,0,2,7,0.21,0,0,2,3,0.07,0,0,1,1,0.10,0,0,2,16,0.18,0,0,1,6,0.13,0,0,1,2,0.17,0,0,2,11,0.13,0,0,2,8,0.18,0,0,2,2,0.14,0,0,2,5,0.17,0,0,2,3,0.08,0,0,2,9,0.21,0,0,2,9,0.18,0,0,2,0,0.10,0,0,2,20,0.24,0,0,3,3,0.24,0,0,3,3,0.09,0,0,2,3,0.07,0,0,2,6,0.19,0,0,3,1,0.28,2,0,1
35,282,66,0,4,0,9,0,1,IDLE,,1,MOVING_TO_FIELD,Field_1,1,MOVING_TO_FIELD,Field_4,1,IDLE,,1,IDLE,,1,IDLE,,1,MOVING_TO_FIELD,Field_4,1,IDLE,,1,IDLE,,1,IDLE,,1,IDLE,,1,MOVING_TO_FIELD,Field_2,1,IDLE,,1,PROTECTING,Field_4,1,IDLE,,1,IDLE,,1,IDLE,,1,PROTECTING,Field_40,1,MOVING_TO_FIELD,Field_8,1,IDLE,,1,MOVING_TO_FIELD,Field_6,1,IDLE,,1,MOVING_TO_FIELD,Field_8,1,IDLE,,1,IDLE,,1,IDLE,,1,IDLE,,1,IDLE,,1,IDLE,,1,MOVING_TO_FIELD,Field_3,1,IDLE,,1,IDLE,,1,IDLE,,1,IDLE,,1,PROTECTING,Field_7,1,IDLE,,1,IDLE,,1,IDLE,,1,MOVING_TO_FIELD,Field_5,1,PROTECTING,Field_40,1,IDLE,,1,IDLE,,1,IDLE,,1,IDLE,,1,IDLE,,1,IDLE,,1,IDLE,,1,IDLE,,1,IDLE,,1,IDLE,,1,IDLE,,1,IDLE,,1,IDLE,,1,IDLE,,1,IDLE,,1,IDLE,,1,IDLE,,1,IDLE,,1,IDLE,,1,IDLE,,1,IDLE,,1,IDLE,,1,IDLE,,1,IDLE,,1,IDLE,,1,IDLE,,1,IDLE,,1,IDLE,,1,IDLE,,1,IDLE,,1,IDLE,,1,IDLE,,1,IDLE,,1,IDLE,,1,IDLE,,1,IDLE,,1,IDLE,,1,IDLE,,1,IDLE,,22,0.39,0,1,9,7,0.22,0,1,4,0,0.19,0,1,2,0,0.00,1,2,0,3,0.07,0,1,1,18,0.25,0,1,6,13,0.32,1,0,1,4,0.19,0,2,6,6,0.11,0,0,2,6,0.24,0,0,6,4,0.12,0,0,2,8,0.09,0,0,3,7,0.08,0,0,1,9,0.28,0,0,2,30,0.44,0,0,6,6,0.35,0,0,9,9,0.23,0,0,3,0,0.35,0,0,9,7,0.27,0,0,6,2,0.08,0,0,2,7,0.21,0,0,2,3,0.07,0,0,1,1,0.11,0,0,2,16,0.16,0,0,1,6,0.13,0,0,1,2,0.18,0,0,2,12,0.12,0,0,2,8,0.18,0,0,2,2,0.14,0,0,2,5,0.17,0,0,2,3,0.08,0,0,2,9,0.19,0,0,2,9,0.18,0,0,2,1,0.10,0,0,2,20,0.24,0,0,3,3,0.24,0,0,3,3,0.09,0,0,2,3,0.07,0,0,2,6,0.19,0,0,3,2,0.28,2,0,1
36,303,66,0,5,0,8,0,1,IDLE,,1,MOVING_TO_FIELD,Field_1,1,MOVING_TO_FIELD,Field_4,1,IDLE,,1,IDLE,,1,IDLE,,1,MOVING_TO_FIELD,Field_4,1,IDLE,,1,IDLE,,1,IDLE,,1,IDLE,,1,MOVING_TO_FIELD,Field_2,1,IDLE,,1,PROTECTING,Field_4,1,IDLE,,1,IDLE,,1,IDLE,,1,PROTECTING,Field_40,1,MOVING_TO_FIELD,Field_8,1,IDLE,,1,MOVING_TO_FIELD,Field_6,1,IDLE,,1,MOVING_TO_FIELD,Field_8,1,IDLE,,1,IDLE,,1,IDLE,,1,IDLE,,1,IDLE,,1,IDLE,,1,PROTECTING,Field_3,1,IDLE,,1,IDLE,,1,IDLE,,1,IDLE,,1,PROTECTING,Field_7,1,IDLE,,1,IDLE,,1,IDLE,,1,MOVING_TO_FIELD,Field_5,1,PROTECTING,Field_40,1,IDLE,,1,IDLE,,1,IDLE,,1,IDLE,,1,IDLE,,1,IDLE,,1,IDLE,,1,IDLE,,1,IDLE,,1,IDLE,,1,IDLE,,1,IDLE,,1,IDLE,,1,IDLE,,1,IDLE,,1,IDLE,,1,IDLE,,1,IDLE,,1,IDLE,,1,IDLE,,1,IDLE,,1,IDLE,,1,IDLE,,1,IDLE,,1,IDLE,,1,IDLE,,1,IDLE,,1,IDLE,,1,IDLE,,1,IDLE,,1,IDLE,,1,IDLE,,1,IDLE,,1,IDLE,,1,IDLE,,1,IDLE,,1,IDLE,,1,IDLE,,1,IDLE,,24,0.37,0,1,9,7,0.21,0,1,4,0,0.19,1,0,1,0,0.00,1,2,0,3,0.10,0,1,1,20,0.26,0,1,6,13,0.30,1,0,1,4,0.17,0,2,6,6,0.11,0,0,2,7,0.23,0,0,6,4,0.13,0,0,2,8,0.09,0,0,3,7,0.06,0,0,1,11,0.28,0,0,2,33,0.43,0,0,6,7,0.35,0,0,9,9,0.23,0,0,3,1,0.35,0,0,9,7,0.26,0,0,6,2,0.07,0,0,2,8,0.21,0,0,2,3,0.08,0,0,1,1,0.10,0,0,2,17,0.16,0,0,1,6,0.13,0,0,1,2,0.17,0,0,2,12,0.12,0,0,2,8,0.18,0,0,2,3,0.14,0,0,2,7,0.18,0,0,2,3,0.08,0,0,2,9,0.18,0,0,2,9,0.16,0,0,2,3,0.10,0,0,2,20,0.21,0,0,3,4,0.22,0,0,3,3,0.09,0,0,2,3,0.07,0,0,2,6,0.18,0,0,3,3,0.28,2,0,1
37,327,66,0,5,0,8,0,1,IDLE,,1,MOVING_TO_FIELD,Field_1,1,MOVING_TO_FIELD,Field_4,1,IDLE,,1,IDLE,,1,IDLE,,1,MOVING_TO_FIELD,Field_4,1,IDLE,,1,IDLE,,1,IDLE,,1,IDLE,,1,MOVING_TO_FIELD,Field_2,1,IDLE,,1,PROTECTING,Field_4,1,IDLE,,1,IDLE,,1,IDLE,,1,PROTECTING,Field_40,1,MOVING_TO_FIELD,Field_8,1,IDLE,,1,MOVING_TO_FIELD,Field_6,1,IDLE,,1,MOVING_TO_FIELD,Field_8,1,IDLE,,1,IDLE,,1,IDLE,,1,IDLE,,1,IDLE,,1,IDLE,,1,PROTECTING,Field_3,1,IDLE,,1,IDLE,,1,IDLE,,1,IDLE,,1,PROTECTING,Field_7,1,IDLE,,1,IDLE,,1,IDLE,,1,MOVING_TO_FIELD,Field_5,1,PROTECTING,Field_40,1,IDLE,,1,IDLE,,1,IDLE,,1,IDLE,,1,IDLE,,1,IDLE,,1,IDLE,,1,IDLE,,1,IDLE,,1,IDLE,,1,IDLE,,1,IDLE,,1,IDLE,,1,IDLE,,1,IDLE,,1,IDLE,,1,IDLE,,1,IDLE,,1,IDLE,,1,IDLE,,1,IDLE,,1,IDLE,,1,IDLE,,1,IDLE,,1,IDLE,,1,IDLE,,1,IDLE,,1,IDLE,,1,IDLE,,1,IDLE,,1,IDLE,,1,IDLE,,1,IDLE,,1,IDLE,,1,IDLE,,1,IDLE,,1,IDLE,,1,IDLE,,1,IDLE,,26,0.35,0,1,9,7,0.21,0,1,4,0,0.19,1,0,1,0,0.00,1,2,0,3,0.10,0,1,1,22,0.26,0,1,6,13,0.30,1,0,1,4,0.16,0,2,6,7,0.11,0,0,2,7,0.23,0,0,6,4,0.13,0,0,2,8,0.09,0,0,3,7,0.06,0,0,1,16,0.27,0,0,2,35,0.41,0,0,6,8,0.35,0,0,9,10,0.22,0,0,3,3,0.35,0,0,9,7,0.26,0,0,6,2,0.07,0,0,2,10,0.21,0,0,2,3,0.08,0,0,1,1,0.08,0,0,2,17,0.15,0,0,1,6,0.13,0,0,1,3,0.17,0,0,2,12,0.12,0,0,2,9,0.18,0,0,2,3,0.14,0,0,2,9,0.18,0,0,2,3,0.08,0,0,2,9,0.18,0,0,2,10,0.14,0,0,2,3,0.08,0,0,2,21,0.21,0,0,3,4,0.22,0,0,3,3,0.08,0,0,2,3,0.06,0,0,2,6,0.19,0,0,3,3,0.28,2,0,1
38,340,66,0,5,0,8,0,1,IDLE,,1,MOVING_TO_FIELD,Field_1,1,MOVING_TO_FIELD,Field_4,1,IDLE,,1,IDLE,,1,IDLE,,1,MOVING_TO_FIELD,Field_4,1,IDLE,,1,IDLE,,1,IDLE,,1,IDLE,,1,MOVING_TO_FIELD,Field_2,1,IDLE,,1,PROTECTING,Field_4,1,IDLE,,1,IDLE,,1,IDLE,,1,PROTECTING,Field_40,1,MOVING_TO_FIELD,Field_8,1,IDLE,,1,MOVING_TO_FIELD,Field_6,1,IDLE,,1,MOVING_TO_FIELD,Field_8,1,IDLE,,1,IDLE,,1,IDLE,,1,IDLE,,1,IDLE,,1,IDLE,,1,PROTECTING,Field_3,1,IDLE,,1,IDLE,,1,IDLE,,1,IDLE,,1,PROTECTING,Field_7,1,IDLE,,1,IDLE,,1,IDLE,,1,MOVING_TO_FIELD,Field_5,1,PROTECTING,Field_40,1,IDLE,,1,IDLE,,1,IDLE,,1,IDLE,,1,IDLE,,1,IDLE,,1,IDLE,,1,IDLE,,1,IDLE,,1,IDLE,,1,IDLE,,1,IDLE,,1,IDLE,,1,IDLE,,1,IDLE,,1,IDLE,,1,IDLE,,1,IDLE,,1,IDLE,,1,IDLE,,1,IDLE,,1,IDLE,,1,IDLE,,1,IDLE,,1,IDLE,,1,IDLE,,1,IDLE,,1,IDLE,,1,IDLE,,1,IDLE,,1,IDLE,,1,IDLE,,1,IDLE,,1,IDLE,,1,IDLE,,1,IDLE,,1,IDLE,,1,IDLE,,1,IDLE,,26,0.33,0,1,9,7,0.19,0,1,4,0,0.19,1,0,1,0,0.00,1,2,0,3,0.10,0,1,1,24,0.27,0,1,6,13,0.29,1,0,1,4,0.16,0,2,6,10,0.11,0,0,2,7,0.23,0,0,6,4,0.13,0,0,2,8,0.10,0,0,3,7,0.06,0,0,1,17,0.27,0,0,2,37,0.40,0,0,6,8,0.35,0,0,9,11,0.22,0,0,3,3,0.35,0,0,9,7,0.26,0,0,6,2,0.07,0,0,2,10,0.21,0,0,2,3,0.08,0,0,1,1,0.10,0,0,2,17,0.16,0,0,1,6,0.13,0,0,1,4,0.17,0,0,2,13,0.12,0,0,2,9,0.18,0,0,2,3,0.14,0,0,2,10,0.18,0,0,2,3,0.08,0,0,2,10,0.19,0,0,2,10,0.11,0,0,2,3,0.08,0,0,2,21,0.21,0,0,3,4,0.22,0,0,3,3,0.08,0,0,2,3,0.06,0,0,2,6,0.19,0,0,3,3,0.28,2,0,1
39,371,66,0,5,0,8,0,1,IDLE,,1,MOVING_TO_FIELD,Field_1,1,MOVING_TO_FIELD,Field_4,1,IDLE,,1,IDLE,,1,IDLE,,1,MOVING_TO_FIELD,Field_4,1,IDLE,,1,IDLE,,1,IDLE,,1,IDLE,,1,MOVING_TO_FIELD,Field_2,1,IDLE,,1,PROTECTING,Field_4,1,IDLE,,1,IDLE,,1,IDLE,,1,PROTECTING,Field_40,1,MOVING_TO_FIELD,Field_8,1,IDLE,,1,MOVING_TO_FIELD,Field_6,1,IDLE,,1,MOVING_TO_FIELD,Field_8,1,IDLE,,1,IDLE,,1,IDLE,,1,IDLE,,1,IDLE,,1,IDLE,,1,PROTECTING,Field_3,1,IDLE,,1,IDLE,,1,IDLE,,1,IDLE,,1,PROTECTING,Field_7,1,IDLE,,1,IDLE,,1,IDLE,,1,MOVING_TO_FIELD,Field_5,1,PROTECTING,Field_40,1,IDLE,,1,IDLE,,1,IDLE,,1,IDLE,,1,IDLE,,1,IDLE,,1,IDLE,,1,IDLE,,1,IDLE,,1,IDLE,,1,IDLE,,1,IDLE,,1,IDLE,,1,IDLE,,1,IDLE,,1,IDLE,,1,IDLE,,1,IDLE,,1,IDLE,,1,IDLE,,1,IDLE,,1,IDLE,,1,IDLE,,1,IDLE,,1,IDLE,,1,IDLE,,1,IDLE,,1,IDLE,,1,IDLE,,1,IDLE,,1,IDLE,,1,IDLE,,1,IDLE,,1,IDLE,,1,IDLE,,1,IDLE,,1,IDLE,,1,IDLE,,1,IDLE,,27,0.33,0,1,9,10,0.19,0,1,4,0,0.19,1,0,1,0,0.00,1,2,0,3,0.10,0,1,1,26,0.27,0,1,6,17,0.29,1,0,1,4,0.16,0,2,6,10,0.12,0,0,2,8,0.23,0,0,6,5,0.15,0,0,2,8,0.08,0,0,3,7,0.06,0,0,1,17,0.24,0,0,2,38,0.40,0,0,6,10,0.33,0,0,9,12,0.22,0,0,3,4,0.35,0,0,9,8,0.24,0,0,6,2,0.07,0,0,2,10,0.21,0,0,2,4,0.08,0,0,1,1,0.10,0,0,2,19,0.18,0,0,1,6,0.13,0,0,1,4,0.16,0,0,2,14,0.12,0,0,2,11,0.18,0,0,2,3,0.13,0,0,2,10,0.17,0,0,2,3,0.10,0,0,2,12,0.19,0,0,2,10,0.11,0,0,2,4,0.08,0,0,2,23,0.20,0,0,3,4,0.22,0,0,3,3,0.07,0,0,2,3,0.06,0,0,2,6,0.18,0,0,3,5,0.29,2,0,1
40,385,66,0,5,0,8,0,1,IDLE,,1,MOVING_TO_FIELD,Field_1,1,MOVING_TO_FIELD,Field_4,1,IDLE,,1,IDLE,,1,IDLE,,1,MOVING_TO_FIELD,Field_4,1,IDLE,,1,IDLE,,1,IDLE,,1,IDLE,,1,MOVING_TO_FIELD,Field_2,1,IDLE,,1,PROTECTING,Field_4,1,IDLE,,1,IDLE,,1,IDLE,,1,PROTECTING,Field_40,1,MOVING_TO_FIELD,Field_8,1,IDLE,,1,MOVING_TO_FIELD,Field_6,1,IDLE,,1,MOVING_TO_FIELD,Field_8,1,IDLE,,1,IDLE,,1,IDLE,,1,IDLE,,1,IDLE,,1,IDLE,,1,PROTECTING,Field_3,1,IDLE,,1,IDLE,,1,IDLE,,1,IDLE,,1,PROTECTING,Field_7,1,IDLE,,1,IDLE,,1,IDLE,,1,MOVING_TO_FIELD,Field_5,1,PROTECTING,Field_40,1,IDLE,,1,IDLE,,1,IDLE,,1,IDLE,,1,IDLE,,1,IDLE,,1,IDLE,,1,IDLE,,1,IDLE,,1,IDLE,,1,IDLE,,1,IDLE,,1,IDLE,,1,IDLE,,1,IDLE,,1,IDLE,,1,IDLE,,1,IDLE,,1,IDLE,,1,IDLE,,1,IDLE,,1,IDLE,,1,IDLE,,1,IDLE,,1,IDLE,,1,IDLE,,1,IDLE,,1,IDLE,,1,IDLE,,1,IDLE,,1,IDLE,,1,IDLE,,1,IDLE,,1,IDLE,,1,IDLE,,1,IDLE,,1,IDLE,,1,IDLE,,1,IDLE,,28,0.32,0,1,9,10,0.19,0,1,4,1,0.19,1,0,1,0,0.00,1,2,0,3,0.10,0,1,1,26,0.28,0,1,6,17,0.29,1,0,1,4,0.17,0,2,6,10,0.13,0,0,2,8,0.22,0,0,6,5,0.13,0,0,2,8,0.07,0,0,3,7,0.06,0,0,1,18,0.24,0,0,2,39,0.39,0,0,6,10,0.33,0,0,9,12,0.23,0,0,3,5,0.35,0,0,9,9,0.24,0,0,6,2,0.08,0,0,2,12,0.21,0,0,2,4,0.08,0,0,1,1,0.08,0,0,2,19,0.18,0,0,1,6,0.13,0,0,1,5,0.16,0,0,2,15,0.11,0,0,2,12,0.16,0,0,2,3,0.11,0,0,2,11,0.17,0,0,2,3,0.10,0,0,2,13,0.17,0,0,2,10,0.12,0,0,2,5,0.08,0,0,2,23,0.21,0,0,3,4,0.22,0,0,3,3,0.07,0,0,2,3,0.06,0,0,2,6,0.18,0,0,3,5,0.29,2,0,1
41,409,66,0,5,0,8,0,1,IDLE,,1,MOVING_TO_FIELD,Field_1,1,MOVING_TO_FIELD,Field_4,1,IDLE,,1,IDLE,,1,IDLE,,1,MOVING_TO_FIELD,Field_4,1,IDLE,,1,IDLE,,1,IDLE,,1,IDLE,,1,MOVING_TO_FIELD,Field_2,1,IDLE,,1,PROTECTING,Field_4,1,IDLE,,1,IDLE,,1,IDLE,,1,PROTECTING,Field_40,1,MOVING_TO_FIELD,Field_8,1,IDLE,,1,MOVING_TO_FIELD,Field_6,1,IDLE,,1,MOVING_TO_FIELD,Field_8,1,IDLE,,1,IDLE,,1,IDLE,,1,IDLE,,1,IDLE,,1,IDLE,,1,PROTECTING,Field_3,1,IDLE,,1,IDLE,,1,IDLE,,1,IDLE,,1,PROTECTING,Field_7,1,IDLE,,1,IDLE,,1,IDLE,,1,MOVING_TO_FIELD,Field_5,1,PROTECTING,Field_40,1,IDLE,,1,IDLE,,1,IDLE,,1,IDLE,,1,IDLE,,1,IDLE,,1,IDLE,,1,IDLE,,1,IDLE,,1,IDLE,,1,IDLE,,1,IDLE,,1,IDLE,,1,IDLE,,1,IDLE,,1,IDLE,,1,IDLE,,1,IDLE,,1,IDLE,,1,IDLE,,1,IDLE,,1,IDLE,,1,IDLE,,1,IDLE,,1,IDLE,,1,IDLE,,1,IDLE,,1,IDLE,,1,IDLE,,1,IDLE,,1,IDLE,,1,IDLE,,1,IDLE,,1,IDLE,,1,IDLE,,1,IDLE,,1,IDLE,,1,IDLE,,1,IDLE,,28,0.31,0,1,9,10,0.18,0,1,4,1,0.19,1,0,1,0,0.00,1,2,0,3,0.10,0,1,1,27,0.30,0,1,6,21,0.29,1,0,1,4,0.17,0,2,6,12,0.13,0,0,2,9,0.21,0,0,6,5,0.12,0,0,2,8,0.07,0,0,3,8,0.06,0,0,1,20,0.26,0,0,2,40,0.39,0,0,6,12,0.33,0,0,9,12,0.23,0,0,3,5,0.35,0,0,9,9,0.24,0,0,6,2,0.08,0,0,2,12,0.21,0,0,2,4,0.08,0,0,1,1,0.08,0,0,2,20,0.16,0,0,1,6,0.13,0,0,1,7,0.13,0,0,2,15,0.10,0,0,2,12,0.16,0,0,2,3,0.08,0,0,2,13,0.17,0,0,2,3,0.10,0,0,2,14,0.13,0,0,2,10,0.12,0,0,2,5,0.08,0,0,2,24,0.20,0,0,3,5,0.22,0,0,3,3,0.08,0,0,2,3,0.06,0,0,2,6,0.18,0,0,3,7,0.29,2,0,1
42,419,66,0,6,0,7,0,1,IDLE,,1,MOVING_TO_FIELD,Field_1,1,MOVING_TO_FIELD,Field_4,1,IDLE,,1,IDLE,,1,IDLE,,1,MOVING_TO_FIELD,Field_4,1,IDLE,,1,IDLE,,1,IDLE,,1,IDLE,,1,MOVING_TO_FIELD,Field_2,1,IDLE,,1,PROTECTING,Field_4,1,IDLE,,1,IDLE,,1,IDLE,,1,PROTECTING,Field_40,1,MOVING_TO_FIELD,Field_8,1,IDLE,,1,MOVING_TO_FIELD,Field_6,1,IDLE,,1,MOVING_TO_FIELD,Field_8,1,IDLE,,1,IDLE,,1,IDLE,,1,IDLE,,1,IDLE,,1,IDLE,,1,PROTECTING,Field_3,1,IDLE,,1,IDLE,,1,IDLE,,1,IDLE,,1,PROTECTING,Field_7,1,IDLE,,1,IDLE,,1,IDLE,,1,PROTECTING,Field_5,1,PROTECTING,Field_40,1,IDLE,,1,IDLE,,1,IDLE,,1,IDLE,,1,IDLE,,1,IDLE,,1,IDLE,,1,IDLE,,1,IDLE,,1,IDLE,,1,IDLE,,1,IDLE,,1,IDLE,,1,IDLE,,1,IDLE,,1,IDLE,,1,IDLE,,1,IDLE,,1,IDLE,,1,IDLE,,1,IDLE,,1,IDLE,,1,IDLE,,1,IDLE,,1,IDLE,,1,IDLE,,1,IDLE,,1,IDLE,,1,IDLE,,1,IDLE,,1,IDLE,,1,IDLE,,1,IDLE,,1,IDLE,,1,IDLE,,1,IDLE,,1,IDLE,,1,IDLE,,1,IDLE,,28,0.32,0,1,9,10,0.18,0,1,4,1,0.18,1,0,1,0,0.00,1,2,0,3,0.07,1,0,0,29,0.31,0,1,6,22,0.29,1,0,1,4,0.17,0,2,6,12,0.13,0,0,2,9,0.19,0,0,6,5,0.12,0,0,2,8,0.06,0,0,3,8,0.06,0,0,1,20,0.26,0,0,2,41,0.37,0,0,6,12,0.33,0,0,9,12,0.23,0,0,3,6,0.35,0,0,9,9,0.23,0,0,6,2,0.10,0,0,2,12,0.21,0,0,2,4,0.08,0,0,1,1,0.08,0,0,2,21,0.16,0,0,1,6,0.13,0,0,1,7,0.13,0,0,2,15,0.10,0,0,2,12,0.16,0,0,2,3,0.06,0,0,2,14,0.14,0,0,2,3,0.10,0,0,2,14,0.13,0,0,2,10,0.12,0,0,2,5,0.07,0,0,2,24,0.20,0,0,3,6,0.22,0,0,3,4,0.08,0,0,2,3,0.07,0,0,2,6,0.17,0,0,3,8,0.29,2,0,1
43,431,66,0,6,0,7,0,1,IDLE,,1,MOVING_TO_FIELD,Field_1,1,MOVING_TO_FIELD,Field_4,1,IDLE,,1,IDLE,,1,IDLE,,1,MOVING_TO_FIELD,Field_4,1,IDLE,,1,IDLE,,1,IDLE,,1,IDLE,,1,MOVING_TO_FIELD,Field_2,1,IDLE,,1,PROTECTING,Field_4,1,IDLE,,1,IDLE,,1,IDLE,,1,PROTECTING,Field_40,1,MOVING_TO_FIELD,Field_8,1,IDLE,,1,MOVING_TO_FIELD,Field_6,1,IDLE,,1,MOVING_TO_FIELD,Field_8,1,IDLE,,1,IDLE,,1,IDLE,,1,IDLE,,1,IDLE,,1,IDLE,,1,PROTECTING,Field_3,1,IDLE,,1,IDLE,,1,IDLE,,1,IDLE,,1,PROTECTING,Field_7,1,IDLE,,1,IDLE,,1,IDLE,,1,PROTECTING,Field_5,1,PROTECTING,Field_40,1,IDLE,,1,IDLE,,1,IDLE,,1,IDLE,,1,IDLE,,1,IDLE,,1,IDLE,,1,IDLE,,1,IDLE,,1,IDLE,,1,IDLE,,1,IDLE,,1,IDLE,,1,IDLE,,1,IDLE,,1,IDLE,,1,IDLE,,1,IDLE,,1,IDLE,,1,IDLE,,1,IDLE,,1,IDLE,,1,IDLE,,1,IDLE,,1,IDLE,,1,IDLE,,1,IDLE,,1,IDLE,,1,IDLE,,1,IDLE,,1,IDLE,,1,IDLE,,1,IDLE,,1,IDLE,,1,IDLE,,1,IDLE,,1,IDLE,,1,IDLE,,1,IDLE,,29,0.32,0,1,9,11,0.17,0,1,4,1,0.17,1,0,1,0,0.00,1,2,0,3,0.07,1,0,0,30,0.32,0,1,6,22,0.29,1,0,1,4,0.17,0,2,6,12,0.13,0,0,2,9,0.20,0,0,6,5,0.12,0,0,2,8,0.06,0,0,3,8,0.06,0,0,1,21,0.24,0,0,2,42,0.35,0,0,6,13,0.31,0,0,9,12,0.23,0,0,3,7,0.35,0,0,9,9,0.23,0,0,6,2,0.10,0,0,2,14,0.20,0,0,2,4,0.08,0,0,1,1,0.10,0,0,2,21,0.16,0,0,1,6,0.13,0,0,1,7,0.12,0,0,2,16,0.10,0,0,2,12,0.16,0,0,2,3,0.06,0,0,2,14,0.17,0,0,2,3,0.10,0,0,2,14,0.12,0,0,2,10,0.12,0,0,2,5,0.05,0,0,2,24,0.18,0,0,3,6,0.22,0,0,3,5,0.08,0,0,2,3,0.09,0,0,2,6,0.16,0,0,3,9,0.28,2,0,1
44,452,66,0,6,0,7,0,1,IDLE,,1,MOVING_TO_FIELD,Field_1,1,MOVING_TO_FIELD,Field_4,1,IDLE,,1,IDLE,,1,IDLE,,1,MOVING_TO_FIELD,Field_4,1,IDLE,,1,IDLE,,1,IDLE,,1,IDLE,,1,MOVING_TO_FIELD,Field_2,1,IDLE,,1,PROTECTING,Field_4,1,IDLE,,1,IDLE,,1,IDLE,,1,PROTECTING,Field_40,1,MOVING_TO_FIELD,Field_8,1,IDLE,,1,MOVING_TO_FIELD,Field_6,1,IDLE,,1,MOVING_TO_FIELD,Field_8,1,IDLE,,1,IDLE,,1,IDLE,,1,IDLE,,1,IDLE,,1,IDLE,,1,PROTECTING,Field_3,1,IDLE,,1,IDLE,,1,IDLE,,1,IDLE,,1,PROTECTING,Field_7,1,IDLE,,1,IDLE,,1,IDLE,,1,PROTECTING,Field_5,1,PROTECTING,Field_40,1,IDLE,,1,IDLE,,1,IDLE,,1,IDLE,,1,IDLE,,1,IDLE,,1,IDLE,,1,IDLE,,1,IDLE,,1,IDLE,,1,IDLE,,1,IDLE,,1,IDLE,,1,IDLE,,1,IDLE,,1,IDLE,,1,IDLE,,1,IDLE,,1,IDLE,,1,IDLE,,1,IDLE,,1,IDLE,,1,IDLE,,1,IDLE,,1,IDLE,,1,IDLE,,1,IDLE,,1,IDLE,,1,IDLE,,1,IDLE,,1,IDLE,,1,IDLE,,1,IDLE,,1,IDLE,,1,IDLE,,1,IDLE,,1,IDLE,,1,IDLE,,1,IDLE,,29,0.32,0,1,9,12,0.17,0,1,4,1,0.17,1,0,1,0,0.00,1,2,0,3,0.07,1,0,0,31,0.32,0,1,6,23,0.28,1,0,1,5,0.17,0,2,6,13,0.12,0,0,2,9,0.19,0,0,6,6,0.12,0,0,2,8,0.05,0,0,3,8,0.06,0,0,1,22,0.24,0,0,2,42,0.35,0,0,6,14,0.32,0,0,9,12,0.25,0,0,3,8,0.35,0,0,9,12,0.23,0,0,6,2,0.08,0,0,2,16,0.18,0,0,2,4,0.07,0,0,1,1,0.10,0,0,2,23,0.15,0,0,1,7,0.13,0,0,1,7,0.13,0,0,2,16,0.11,0,0,2,12,0.16,0,0,2,3,0.06,0,0,2,16,0.17,0,0,2,3,0.08,0,0,2,14,0.12,0,0,2,10,0.12,0,0,2,5,0.05,0,0,2,24,0.19,0,0,3,8,0.22,0,0,3,5,0.08,0,0,2,3,0.10,0,0,2,6,0.15,0,0,3,9,0.28,2,0,1
45,465,66,0,6,0,7,0,1,IDLE,,1,MOVING_TO_FIELD,Field_1,1,MOVING_TO_FIELD,Field_4,1,IDLE,,1,IDLE,,1,IDLE,,1,MOVING_TO_FIELD,Field_4,1,IDLE,,1,IDLE,,1,IDLE,,1,IDLE,,1,MOVING_TO_FIELD,Field_2,1,IDLE,,1,PROTECTING,Field_4,1,IDLE,,1,IDLE,,1,IDLE,,1,PROTECTING,Field_40,1,MOVING_TO_FIELD,Field_8,1,IDLE,,1,MOVING_TO_FIELD,Field_6,1,IDLE,,1,MOVING_TO_FIELD,Field_8,1,IDLE,,1,IDLE,,1,IDLE,,1,IDLE,,1,IDLE,,1,IDLE,,1,PROTECTING,Field_3,1,IDLE,,1,IDLE,,1,IDLE,,1,IDLE,,1,PROTECTING,Field_7,1,IDLE,,1,IDLE,,1,IDLE,,1,PROTECTING,Field_5,1,PROTECTING,Field_40,1,IDLE,,1,IDLE,,1,IDLE,,1,IDLE,,1,IDLE,,1,IDLE,,1,IDLE,,1,IDLE,,1,IDLE,,1,IDLE,,1,IDLE,,1,IDLE,,1,IDLE,,1,IDLE,,1,IDLE,,1,IDLE,,1,IDLE,,1,IDLE,,1,IDLE,,1,IDLE,,1,IDLE,,1,IDLE,,1,IDLE,,1,IDLE,,1,IDLE,,1,IDLE,,1,IDLE,,1,IDLE,,1,IDLE,,1,IDLE,,1,IDLE,,1,IDLE,,1,IDLE,,1,IDLE,,1,IDLE,,1,IDLE,,1,IDLE,,1,IDLE,,1,IDLE,,29,0.32,0,1,9,13,0.18,0,1,4,1,0.18,1,0,1,0,0.00,1,2,0,3,0.07,1,0,0,31,0.33,0,1,6,23,0.28,1,0,1,5,0.17,0,2,6,13,0.11,0,0,2,9,0.19,0,0,6,6,0.12,0,0,2,8,0.07,0,0,3,8,0.06,0,0,1,22,0.27,0,0,2,44,0.35,0,0,6,14,0.32,0,0,9,12,0.25,0,0,3,8,0.35,0,0,9,13,0.23,0,0,6,2,0.07,0,0,2,16,0.17,0,0,2,4,0.07,0,0,1,1,0.10,0,0,2,25,0.15,0,0,1,8,0.13,0,0,1,7,0.13,0,0,2,16,0.11,0,0,2,12,0.16,0,0,2,3,0.06,0,0,2,17,0.18,0,0,2,3,0.08,0,0,2,14,0.12,0,0,2,10,0.12,0,0,2,6,0.05,0,0,2,24,0.19,0,0,3,8,0.21,0,0,3,5,0.10,0,0,2,3,0.10,0,0,2,6,0.13,0,0,3,13,0.28,2,0,1
46,481,66,0,6,0,7,0,1,IDLE,,1,MOVING_TO_FIELD,Field_1,1,MOVING_TO_FIELD,Field_4,1,IDLE,,1,IDLE,,1,IDLE,,1,MOVING_TO_FIELD,Field_4,1,IDLE,,1,IDLE,,1,IDLE,,1,IDLE,,1,MOVING_TO_FIELD,Field_2,1,IDLE,,1,PROTECTING,Field_4,1,IDLE,,1,IDLE,,1,IDLE,,1,PROTECTING,Field_40,1,MOVING_TO_FIELD,Field_8,1,IDLE,,1,MOVING_TO_FIELD,Field_6,1,IDLE,,1,MOVING_TO_FIELD,Field_8,1,IDLE,,1,IDLE,,1,IDLE,,1,IDLE,,1,IDLE,,1,IDLE,,1,PROTECTING,Field_3,1,IDLE,,1,IDLE,,1,IDLE,,1,IDLE,,1,PROTECTING,Field_7,1,IDLE,,1,IDLE,,1,IDLE,,1,PROTECTING,Field_5,1,PROTECTING,Field_40,1,IDLE,,1,IDLE,,1,IDLE,,1,IDLE,,1,IDLE,,1,IDLE,,1,IDLE,,1,IDLE,,1,IDLE,,1,IDLE,,1,IDLE,,1,IDLE,,1,IDLE,,1,IDLE,,1,IDLE,,1,IDLE,,1,IDLE,,1,IDLE,,1,IDLE,,1,IDLE,,1,IDLE,,1,IDLE,,1,IDLE,,1,IDLE,,1,IDLE,,1,IDLE,,1,IDLE,,1,IDLE,,1,IDLE,,1,IDLE,,1,IDLE,,1,IDLE,,1,IDLE,,1,IDLE,,1,IDLE,,1,IDLE,,1,IDLE,,1,IDLE,,1,IDLE,,30,0.32,0,1,9,13,0.18,0,1,4,2,0.17,1,0,1,0,0.00,1,2,0,3,0.07,1,0,0,31,0.32,0,1,6,25,0.28,1,0,1,6,0.15,0,2,6,14,0.11,0,0,2,9,0.19,0,0,6,6,0.12,0,0,2,8,0.07,0,0,3,8,0.08,0,0,1,22,0.28,0,0,2,46,0.31,0,0,6,14,0.31,0,0,9,13,0.26,0,0,3,9,0.36,0,0,9,16,0.23,0,0,6,2,0.08,0,0,2,17,0.17,0,0,2,4,0.07,0,0,1,1,0.08,0,0,2,25,0.15,0,0,1,8,0.13,0,0,1,7,0.13,0,0,2,16,0.12,0,0,2,12,0.13,0,0,2,3,0.06,0,0,2,17,0.17,0,0,2,3,0.08,0,0,2,14,0.09,0,0,2,10,0.12,0,0,2,6,0.07,0,0,2,24,0.19,0,0,3,8,0.19,0,0,3,5,0.12,0,0,2,3,0.10,0,0,2,6,0.12,0,0,3,15,0.28,2,0,1
47,495,66,0,6,0,7,0,1,IDLE,,1,MOVING_TO_FIELD,Field_1,1,MOVING_TO_FIELD,Field_4,1,IDLE,,1,IDLE,,1,IDLE,,1,MOVING_TO_FIELD,Field_4,1,IDLE,,1,IDLE,,1,IDLE,,1,IDLE,,1,MOVING_TO_FIELD,Field_2,1,IDLE,,1,PROTECTING,Field_4,1,IDLE,,1,IDLE,,1,IDLE,,1,PROTECTING,Field_40,1,MOVING_TO_FIELD,Field_8,1,IDLE,,1,MOVING_TO_FIELD,Field_6,1,IDLE,,1,MOVING_TO_FIELD,Field_8,1,IDLE,,1,IDLE,,1,IDLE,,1,IDLE,,1,IDLE,,1,IDLE,,1,PROTECTING,Field_3,1,IDLE,,1,IDLE,,1,IDLE,,1,IDLE,,1,PROTECTING,Field_7,1,IDLE,,1,IDLE,,1,IDLE,,1,PROTECTING,Field_5,1,PROTECTING,Field_40,1,IDLE,,1,IDLE,,1,IDLE,,1,IDLE,,1,IDLE,,1,IDLE,,1,IDLE,,1,IDLE,,1,IDLE,,1,IDLE,,1,IDLE,,1,IDLE,,1,IDLE,,1,IDLE,,1,IDLE,,1,IDLE,,1,IDLE,,1,IDLE,,1,IDLE,,1,IDLE,,1,IDLE,,1,IDLE,,1,IDLE,,1,IDLE,,1,IDLE,,1,IDLE,,1,IDLE,,1,IDLE,,1,IDLE,,1,IDLE,,1,IDLE,,1,IDLE,,1,IDLE,,1,IDLE,,1,IDLE,,1,IDLE,,1,IDLE,,1,IDLE,,1,IDLE,,31,0.32,0,1,9,14,0.18,0,1,4,2,0.17,1,0,1,0,0.00,1,2,0,3,0.05,1,0,0,32,0.31,0,1,6,27,0.28,1,0,1,7,0.15,0,2,6,14,0.12,0,0,2,9,0.19,0,0,6,6,0.12,0,0,2,9,0.07,0,0,3,8,0.08,0,0,1,22,0.27,0,0,2,46,0.28,0,0,6,14,0.31,0,0,9,17,0.26,0,0,3,9,0.36,0,0,9,16,0.22,0,0,6,2,0.08,0,0,2,17,0.17,0,0,2,4,0.10,0,0,1,1,0.08,0,0,2,25,0.15,0,0,1,8,0.13,0,0,1,7,0.14,0,0,2,18,0.12,0,0,2,12,0.13,0,0,2,3,0.06,0,0,2,17,0.17,0,0,2,3,0.08,0,0,2,14,0.09,0,0,2,10,0.14,0,0,2,6,0.07,0,0,2,24,0.18,0,0,3,8,0.19,0,0,3,5,0.13,0,0,2,3,0.10,0,0,2,6,0.13,0,0,3,16,0.24,2,0,1
48,503,66,0,8,0,5,0,1,IDLE,,1,PROTECTING,Field_1,1,MOVING_TO_FIELD,Field_4,1,IDLE,,1,IDLE,,1,IDLE,,1,MOVING_TO_FIELD,Field_4,1,IDLE,,1,IDLE,,1,IDLE,,1,IDLE,,1,MOVING_TO_FIELD,Field_2,1,IDLE,,1,PROTECTING,Field_4,1,IDLE,,1,IDLE,,1,IDLE,,1,PROTECTING,Field_40,1,MOVING_TO_FIELD,Field_8,1,IDLE,,1,PROTECTING,Field_6,1,IDLE,,1,MOVING_TO_FIELD,Field_8,1,IDLE,,1,IDLE,,1,IDLE,,1,IDLE,,1,IDLE,,1,IDLE,,1,PROTECTING,Field_3,1,IDLE,,1,IDLE,,1,IDLE,,1,IDLE,,1,PROTECTING,Field_7,1,IDLE,,1,IDLE,,1,IDLE,,1,PROTECTING,Field_5,1,PROTECTING,Field_40,1,IDLE,,1,IDLE,,1,IDLE,,1,IDLE,,1,IDLE,,1,IDLE,,1,IDLE,,1,IDLE,,1,IDLE,,1,IDLE,,1,IDLE,,1,IDLE,,1,IDLE,,1,IDLE,,1,IDLE,,1,IDLE,,1,IDLE,,1,IDLE,,1,IDLE,,1,IDLE,,1,IDLE,,1,IDLE,,1,IDLE,,1,IDLE,,1,IDLE,,1,IDLE,,1,IDLE,,1,IDLE,,1,IDLE,,1,IDLE,,1,IDLE,,1,IDLE,,1,IDLE,,1,IDLE,,1,IDLE,,1,IDLE,,1,IDLE,,1,IDLE,,1,IDLE,,31,0.32,1,0,8,14,0.18,0,1,4,2,0.16,1,0,1,0,0.00,1,2,0,3,0.00,1,0,0,32,0.29,1,0,5,27,0.28,1,0,1,7,0.15,0,2,6,14,0.12,0,0,2,9,0.19,0,0,6,6,0.12,0,0,2,9,0.07,0,0,3,8,0.08,0,0,1,22,0.27,0,0,2,47,0.26,0,0,6,14,0.31,0,0,9,19,0.25,0,0,3,11,0.36,0,0,9,16,0.22,0,0,6,2,0.07,0,0,2,17,0.17,0,0,2,4,0.08,0,0,1,1,0.08,0,0,2,25,0.15,0,0,1,8,0.13,0,0,1,7,0.13,0,0,2,19,0.12,0,0,2,12,0.11,0,0,2,3,0.06,0,0,2,17,0.17,0,0,2,3,0.08,0,0,2,14,0.08,0,0,2,10,0.14,0,0,2,6,0.08,0,0,2,24,0.19,0,0,3,8,0.19,0,0,3,5,0.14,0,0,2,3,0.09,0,0,2,6,0.13,0,0,3,18,0.22,2,0,1
49,511,66,0,8,0,5,0,1,IDLE,,1,PROTECTING,Field_1,1,MOVING_TO_FIELD,Field_4,1,IDLE,,1,IDLE,,1,IDLE,,1,MOVING_TO_FIELD,Field_4,1,IDLE,,1,IDLE,,1,IDLE,,1,IDLE,,1,MOVING_TO_FIELD,Field_2,1,IDLE,,1,PROTECTING,Field_4,1,IDLE,,1,IDLE,,1,IDLE,,1,PROTECTING,Field_40,1,MOVING_TO_FIELD,Field_8,1,IDLE,,1,PROTECTING,Field_6,1,IDLE,,1,MOVING_TO_FIELD,Field_8,1,IDLE,,1,IDLE,,1,IDLE,,1,IDLE,,1,IDLE,,1,IDLE,,1,PROTECTING,Field_3,1,IDLE,,1,IDLE,,1,IDLE,,1,IDLE,,1,PROTECTING,Field_7,1,IDLE,,1,IDLE,,1,IDLE,,1,PROTECTING,Field_5,1,PROTECTING,Field_40,1,IDLE,,1,IDLE,,1,IDLE,,1,IDLE,,1,IDLE,,1,IDLE,,1,IDLE,,1,IDLE,,1,IDLE,,1,IDLE,,1,IDLE,,1,IDLE,,1,IDLE,,1,IDLE,,1,IDLE,,1,IDLE,,1,IDLE,,1,IDLE,,1,IDLE,,1,IDLE,,1,IDLE,,1,IDLE,,1,IDLE,,1,IDLE,,1,IDLE,,1,IDLE,,1,IDLE,,1,IDLE,,1,IDLE,,1,IDLE,,1,IDLE,,1,IDLE,,1,IDLE,,1,IDLE,,1,IDLE,,1,IDLE,,1,IDLE,,1,IDLE,,1,IDLE,,31,0.32,1,0,8,15,0.18,0,1,4,2,0.16,1,0,1,0,0.00,1,2,0,3,0.00,1,0,0,32,0.29,1,0,5,27,0.28,1,0,1,7,0.15,0,2,6,14,0.11,0,0,2,10,0.19,0,0,6,7,0.12,0,0,2,9,0.09,0,0,3,8,0.08,0,0,1,22,0.26,0,0,2,47,0.25,0,0,6,15,0.26,0,0,9,20,0.23,0,0,3,12,0.36,0,0,9,17,0.20,0,0,6,2,0.07,0,0,2,17,0.17,0,0,2,5,0.08,0,0,1,1,0.08,0,0,2,25,0.16,0,0,1,8,0.11,0,0,1,7,0.13,0,0,2,19,0.11,0,0,2,12,0.11,0,0,2,3,0.06,0,0,2,17,0.14,0,0,2,3,0.08,0,0,2,14,0.08,0,0,2,10,0.14,0,0,2,6,0.08,0,0,2,24,0.17,0,0,3,8,0.19,0,0,3,5,0.14,0,0,2,3,0.10,0,0,2,6,0.12,0,0,3,18,0.22,2,0,1
50,521,66,0,8,0,5,0,1,IDLE,,1,PROTECTING,Field_1,1,MOVING_TO_FIELD,Field_4,1,IDLE,,1,IDLE,,1,IDLE,,1,MOVING_TO_FIELD,Field_4,1,IDLE,,1,IDLE,,1,IDLE,,1,IDLE,,1,MOVING_TO_FIELD,Field_2,1,IDLE,,1,PROTECTING,Field_4,1,IDLE,,1,IDLE,,1,IDLE,,1,PROTECTING,Field_40,1,MOVING_TO_FIELD,Field_8,1,IDLE,,1,PROTECTING,Field_6,1,IDLE,,1,MOVING_TO_FIELD,Field_8,1,IDLE,,1,IDLE,,1,IDLE,,1,IDLE,,1,IDLE,,1,IDLE,,1,PROTECTING,Field_3,1,IDLE,,1,IDLE,,1,IDLE,,1,IDLE,,1,PROTECTING,Field_7,1,IDLE,,1,IDLE,,1,IDLE,,1,PROTECTING,Field_5,1,PROTECTING,Field_40,1,IDLE,,1,IDLE,,1,IDLE,,1,IDLE,,1,IDLE,,1,IDLE,,1,IDLE,,1,IDLE,,1,IDLE,,1,IDLE,,1,IDLE,,1,IDLE,,1,IDLE,,1,IDLE,,1,IDLE,,1,IDLE,,1,IDLE,,1,IDLE,,1,IDLE,,1,IDLE,,1,IDLE,,1,IDLE,,1,IDLE,,1,IDLE,,1,IDLE,,1,IDLE,,1,IDLE,,1,IDLE,,1,IDLE,,1,IDLE,,1,IDLE,,1,IDLE,,1,IDLE,,1,IDLE,,1,IDLE,,1,IDLE,,1,IDLE,,1,IDLE,,1,IDLE,,31,0.31,1,0,8,15,0.18,0,1,4,2,0.15,1,0,1,0,0.00,1,2,0,3,0.00,1,0,0,32,0.29,1,0,5,31,0.28,1,0,1,7,0.16,0,2,6,15,0.12,0,0,2,11,0.19,0,0,6,7,0.12,0,0,2,9,0.09,0,0,3,8,0.08,0,0,1,22,0.26,0,0,2,48,0.24,0,0,6,15,0.27,0,0,9,21,0.22,0,0,3,12,0.34,0,0,9,17,0.21,0,0,6,2,0.05,0,0,2,18,0.17,0,0,2,5,0.08,0,0,1,1,0.08,0,0,2,25,0.16,0,0,1,8,0.11,0,0,1,7,0.12,0,0,2,19,0.12,0,0,2,12,0.11,0,0,2,3,0.08,0,0,2,17,0.13,0,0,2,3,0.08,0,0,2,14,0.08,0,0,2,10,0.14,0,0,2,6,0.07,0,0,2,24,0.15,0,0,3,8,0.17,0,0,3,5,0.16,0,0,2,3,0.10,0,0,2,6,0.12,0,0,3,19,0.22,2,0,1
51,534,66,0,8,0,5,0,1,IDLE,,1,PROTECTING,Field_1,1,MOVING_TO_FIELD,Field_4,1,IDLE,,1,IDLE,,1,IDLE,,1,MOVING_TO_FIELD,Field_4,1,IDLE,,1,IDLE,,1,IDLE,,1,IDLE,,1,MOVING_TO_FIELD,Field_2,1,IDLE,,1,PROTECTING,Field_4,1,IDLE,,1,IDLE,,1,IDLE,,1,PROTECTING,Field_40,1,MOVING_TO_FIELD,Field_8,1,IDLE,,1,PROTECTING,Field_6,1,IDLE,,1,MOVING_TO_FIELD,Field_8,1,IDLE,,1,IDLE,,1,IDLE,,1,IDLE,,1,IDLE,,1,IDLE,,1,PROTECTING,Field_3,1,IDLE,,1,IDLE,,1,IDLE,,1,IDLE,,1,PROTECTING,Field_7,1,IDLE,,1,IDLE,,1,IDLE,,1,PROTECTING,Field_5,1,PROTECTING,Field_40,1,IDLE,,1,IDLE,,1,IDLE,,1,IDLE,,1,IDLE,,1,IDLE,,1,IDLE,,1,IDLE,,1,IDLE,,1,IDLE,,1,IDLE,,1,IDLE,,1,IDLE,,1,IDLE,,1,IDLE,,1,IDLE,,1,IDLE,,1,IDLE,,1,IDLE,,1,IDLE,,1,IDLE,,1,IDLE,,1,IDLE,,1,IDLE,,1,IDLE,,1,IDLE,,1,IDLE,,1,IDLE,,1,IDLE,,1,IDLE,,1,IDLE,,1,IDLE,,1,IDLE,,1,IDLE,,1,IDLE,,1,IDLE,,1,IDLE,,1,IDLE,,1,IDLE,,31,0.31,1,0,8,15,0.17,0,1,4,2,0.14,1,0,1,0,0.00,1,2,0,3,0.00,1,0,0,32,0.31,1,0,5,33,0.28,1,0,1,7,0.16,0,2,6,17,0.12,0,0,2,12,0.19,0,0,6,7,0.12,0,0,2,10,0.09,0,0,3,8,0.08,0,0,1,22,0.26,0,0,2,50,0.24,0,0,6,16,0.29,0,0,9,21,0.22,0,0,3,14,0.34,0,0,9,17,0.21,0,0,6,2,0.07,0,0,2,19,0.15,0,0,2,5,0.08,0,0,1,1,0.08,0,0,2,26,0.16,0,0,1,8,0.11,0,0,1,7,0.12,0,0,2,19,0.12,0,0,2,12,0.11,0,0,2,3,0.10,0,0,2,17,0.09,0,0,2,3,0.08,0,0,2,14,0.08,0,0,2,10,0.14,0,0,2,6,0.07,0,0,2,24,0.15,0,0,3,8,0.17,0,0,3,5,0.16,0,0,2,3,0.10,0,0,2,6,0.11,0,0,3,19,0.22,2,0,1
52,542,66,0,8,0,5,0,1,IDLE,,1,PROTECTING,Field_1,1,MOVING_TO_FIELD,Field_4,1,IDLE,,1,IDLE,,1,IDLE,,1,MOVING_TO_FIELD,Field_4,1,IDLE,,1,IDLE,,1,IDLE,,1,IDLE,,1,MOVING_TO_FIELD,Field_2,1,IDLE,,1,PROTECTING,Field_4,1,IDLE,,1,IDLE,,1,IDLE,,1,PROTECTING,Field_40,1,MOVING_TO_FIELD,Field_8,1,IDLE,,1,PROTECTING,Field_6,1,IDLE,,1,MOVING_TO_FIELD,Field_8,1,IDLE,,1,IDLE,,1,IDLE,,1,IDLE,,1,IDLE,,1,IDLE,,1,PROTECTING,Field_3,1,IDLE,,1,IDLE,,1,IDLE,,1,IDLE,,1,PROTECTING,Field_7,1,IDLE,,1,IDLE,,1,IDLE,,1,PROTECTING,Field_5,1,PROTECTING,Field_40,1,IDLE,,1,IDLE,,1,IDLE,,1,IDLE,,1,IDLE,,1,IDLE,,1,IDLE,,1,IDLE,,1,IDLE,,1,IDLE,,1,IDLE,,1,IDLE,,1,IDLE,,1,IDLE,,1,IDLE,,1,IDLE,,1,IDLE,,1,IDLE,,1,IDLE,,1,IDLE,,1,IDLE,,1,IDLE,,1,IDLE,,1,IDLE,,1,IDLE,,1,IDLE,,1,IDLE,,1,IDLE,,1,IDLE,,1,IDLE,,1,IDLE,,1,IDLE,,1,IDLE,,1,IDLE,,1,IDLE,,1,IDLE,,1,IDLE,,1,IDLE,,1,IDLE,,32,0.31,1,0,8,16,0.17,0,1,4,2,0.14,1,0,1,0,0.00,1,2,0,3,0.00,1,0,0,32,0.31,1,0,5,34,0.28,1,0,1,7,0.16,0,2,6,17,0.10,0,0,2,12,0.19,0,0,6,7,0.12,0,0,2,10,0.08,0,0,3,8,0.08,0,0,1,22,0.26,0,0,2,51,0.24,0,0,6,16,0.29,0,0,9,21,0.22,0,0,3,16,0.34,0,0,9,17,0.21,0,0,6,2,0.07,0,0,2,19,0.15,0,0,2,5,0.08,0,0,1,1,0.08,0,0,2,28,0.16,0,0,1,8,0.09,0,0,1,7,0.12,0,0,2,19,0.11,0,0,2,12,0.11,0,0,2,3,0.10,0,0,2,17,0.08,0,0,2,3,0.08,0,0,2,14,0.08,0,0,2,10,0.16,0,0,2,6,0.07,0,0,2,24,0.15,0,0,3,8,0.17,0,0,3,5,0.15,0,0,2,3,0.10,0,0,2,6,0.11,0,0,3,19,0.21,2,0,1
53,550,66,0,8,0,5,0,1,IDLE,,1,PROTECTING,Field_1,1,MOVING_TO_FIELD,Field_4,1,IDLE,,1,IDLE,,1,IDLE,,1,MOVING_TO_FIELD,Field_4,1,IDLE,,1,IDLE,,1,IDLE,,1,IDLE,,1,MOVING_TO_FIELD,Field_2,1,IDLE,,1,PROTECTING,Field_4,1,IDLE,,1,IDLE,,1,IDLE,,1,PROTECTING,Field_40,1,MOVING_TO_FIELD,Field_8,1,IDLE,,1,PROTECTING,Field_6,1,IDLE,,1,MOVING_TO_FIELD,Field_8,1,IDLE,,1,IDLE,,1,IDLE,,1,IDLE,,1,IDLE,,1,IDLE,,1,PROTECTING,Field_3,1,IDLE,,1,IDLE,,1,IDLE,,1,IDLE,,1,PROTECTING,Field_7,1,IDLE,,1,IDLE,,1,IDLE,,1,PROTECTING,Field_5,1,PROTECTING,Field_40,1,IDLE,,1,IDLE,,1,IDLE,,1,IDLE,,1,IDLE,,1,IDLE,,1,IDLE,,1,IDLE,,1,IDLE,,1,IDLE,,1,IDLE,,1,IDLE,,1,IDLE,,1,IDLE,,1,IDLE,,1,IDLE,,1,IDLE,,1,IDLE,,1,IDLE,,1,IDLE,,1,IDLE,,1,IDLE,,1,IDLE,,1,IDLE,,1,IDLE,,1,IDLE,,1,IDLE,,1,IDLE,,1,IDLE,,1,IDLE,,1,IDLE,,1,IDLE,,1,IDLE,,1,IDLE,,1,IDLE,,1,IDLE,,1,IDLE,,1,IDLE,,1,IDLE,,32,0.30,1,0,8,16,0.17,0,1,4,2,0.14,1,0,1,0,0.00,1,2,0,3,0.00,1,0,0,32,0.31,1,0,5,36,0.27,1,0,1,7,0.18,0,2,6,18,0.10,0,0,2,12,0.19,0,0,6,8,0.10,0,0,2,10,0.08,0,0,3,8,0.06,0,0,1,23,0.26,0,0,2,52,0.23,0,0,6,16,0.29,0,0,9,21,0.20,0,0,3,16,0.33,0,0,9,17,0.21,0,0,6,2,0.07,0,0,2,19,0.15,0,0,2,5,0.07,0,0,1,1,0.08,0,0,2,28,0.16,0,0,1,8,0.09,0,0,1,7,0.10,0,0,2,19,0.11,0,0,2,12,0.11,0,0,2,3,0.10,0,0,2,17,0.08,0,0,2,3,0.06,0,0,2,14,0.08,0,0,2,10,0.18,0,0,2,6,0.07,0,0,2,24,0.14,0,0,3,8,0.17,0,0,3,5,0.15,0,0,2,3,0.11,0,0,2,6,0.12,0,0,3,21,0.21,2,0,1
54,563,66,0,8,0,5,0,1,IDLE,,1,PROTECTING,Field_1,1,MOVING_TO_FIELD,Field_4,1,IDLE,,1,IDLE,,1,IDLE,,1,MOVING_TO_FIELD,Field_4,1,IDLE,,1,IDLE,,1,IDLE,,1,IDLE,,1,MOVING_TO_FIELD,Field_2,1,IDLE,,1,PROTECTING,Field_4,1,IDLE,,1,IDLE,,1,IDLE,,1,PROTECTING,Field_40,1,MOVING_TO_FIELD,Field_8,1,IDLE,,1,PROTECTING,Field_6,1,IDLE,,1,MOVING_TO_FIELD,Field_8,1,IDLE,,1,IDLE,,1,IDLE,,1,IDLE,,1,IDLE,,1,IDLE,,1,PROTECTING,Field_3,1,IDLE,,1,IDLE,,1,IDLE,,1,IDLE,,1,PROTECTING,Field_7,1,IDLE,,1,IDLE,,1,IDLE,,1,PROTECTING,Field_5,1,PROTECTING,Field_40,1,IDLE,,1,IDLE,,1,IDLE,,1,IDLE,,1,IDLE,,1,IDLE,,1,IDLE,,1,IDLE,,1,IDLE,,1,IDLE,,1,IDLE,,1,IDLE,,1,IDLE,,1,IDLE,,1,IDLE,,1,IDLE,,1,IDLE,,1,IDLE,,1,IDLE,,1,IDLE,,1,IDLE,,1,IDLE,,1,IDLE,,1,IDLE,,1,IDLE,,1,IDLE,,1,IDLE,,1,IDLE,,1,IDLE,,1,IDLE,,1,IDLE,,1,IDLE,,1,IDLE,,1,IDLE,,1,IDLE,,1,IDLE,,1,IDLE,,1,IDLE,,1,IDLE,,33,0.30,1,0,8,16,0.15,0,1,4,2,0.14,1,0,1,0,0.00,1,2,0,3,0.00,1,0,0,33,0.32,1,0,5,37,0.25,1,0,1,9,0.19,0,2,6,18,0.11,0,0,2,12,0.19,0,0,6,8,0.09,0,0,2,10,0.08,0,0,3,8,0.06,0,0,1,24,0.27,0,0,2,52,0.23,0,0,6,16,0.27,0,0,9,21,0.19,0,0,3,16,0.32,0,0,9,17,0.20,0,0,6,2,0.07,0,0,2,19,0.15,0,0,2,5,0.05,0,0,1,1,0.10,0,0,2,30,0.16,0,0,1,8,0.09,0,0,1,7,0.12,0,0,2,19,0.11,0,0,2,13,0.11,0,0,2,3,0.10,0,0,2,17,0.08,0,0,2,3,0.06,0,0,2,14,0.08,0,0,2,11,0.18,0,0,2,6,0.07,0,0,2,24,0.14,0,0,3,8,0.17,0,0,3,6,0.13,0,0,2,3,0.11,0,0,2,6,0.12,0,0,3,23,0.21,2,0,1
55,575,66,0,8,0,5,0,1,IDLE,,1,PROTECTING,Field_1,1,MOVING_TO_FIELD,Field_4,1,IDLE,,1,IDLE,,1,IDLE,,1,MOVING_TO_FIELD,Field_4,1,IDLE,,1,IDLE,,1,IDLE,,1,IDLE,,1,MOVING_TO_FIELD,Field_2,1,IDLE,,1,PROTECTING,Field_4,1,IDLE,,1,IDLE,,1,IDLE,,1,PROTECTING,Field_40,1,MOVING_TO_FIELD,Field_8,1,IDLE,,1,PROTECTING,Field_6,1,IDLE,,1,MOVING_TO_FIELD,Field_8,1,IDLE,,1,IDLE,,1,IDLE,,1,IDLE,,1,IDLE,,1,IDLE,,1,PROTECTING,Field_3,1,IDLE,,1,IDLE,,1,IDLE,,1,IDLE,,1,PROTECTING,Field_7,1,IDLE,,1,IDLE,,1,IDLE,,1,PROTECTING,Field_5,1,PROTECTING,Field_40,1,IDLE,,1,IDLE,,1,IDLE,,1,IDLE,,1,IDLE,,1,IDLE,,1,IDLE,,1,IDLE,,1,IDLE,,1,IDLE,,1,IDLE,,1,IDLE,,1,IDLE,,1,IDLE,,1,IDLE,,1,IDLE,,1,IDLE,,1,IDLE,,1,IDLE,,1,IDLE,,1,IDLE,,1,IDLE,,1,IDLE,,1,IDLE,,1,IDLE,,1,IDLE,,1,IDLE,,1,IDLE,,1,IDLE,,1,IDLE,,1,IDLE,,1,IDLE,,1,IDLE,,1,IDLE,,1,IDLE,,1,IDLE,,1,IDLE,,1,IDLE,,1,IDLE,,34,0.30,1,0,8,17,0.15,0,1,4,2,0.14,1,0,1,0,0.00,1,2,0,3,0.00,1,0,0,34,0.31,1,0,5,38,0.25,1,0,1,9,0.19,0,2,6,18,0.12,0,0,2,12,0.19,0,0,6,8,0.09,0,0,2,10,0.08,0,0,3,8,0.06,0,0,1,24,0.26,0,0,2,53,0.23,0,0,6,17,0.27,0,0,9,21,0.19,0,0,3,16,0.30,0,0,9,17,0.19,0,0,6,2,0.07,0,0,2,19,0.15,0,0,2,5,0.05,0,0,1,1,0.10,0,0,2,32,0.16,0,0,1,8,0.09,0,0,1,8,0.10,0,0,2,19,0.11,0,0,2,14,0.11,0,0,2,3,0.10,0,0,2,17,0.08,0,0,2,3,0.06,0,0,2,14,0.08,0,0,2,12,0.19,0,0,2,6,0.07,0,0,2,24,0.14,0,0,3,8,0.17,0,0,3,6,0.13,0,0,2,3,0.12,0,0,2,6,0.13,0,0,3,24,0.21,2,0,1
56,581,66,0,8,0,5,0,1,IDLE,,1,PROTECTING,Field_1,1,MOVING_TO_FIELD,Field_4,1,IDLE,,1,IDLE,,1,IDLE,,1,MOVING_TO_FIELD,Field_4,1,IDLE,,1,IDLE,,1,IDLE,,1,IDLE,,1,MOVING_TO_FIELD,Field_2,1,IDLE,,1,PROTECTING,Field_4,1,IDLE,,1,IDLE,,1,IDLE,,1,PROTECTING,Field_40,1,MOVING_TO_FIELD,Field_8,1,IDLE,,1,PROTECTING,Field_6,1,IDLE,,1,MOVING_TO_FIELD,Field_8,1,IDLE,,1,IDLE,,1,IDLE,,1,IDLE,,1,IDLE,,1,IDLE,,1,PROTECTING,Field_3,1,IDLE,,1,IDLE,,1,IDLE,,1,IDLE,,1,PROTECTING,Field_7,1,IDLE,,1,IDLE,,1,IDLE,,1,PROTECTING,Field_5,1,PROTECTING,Field_40,1,IDLE,,1,IDLE,,1,IDLE,,1,IDLE,,1,IDLE,,1,IDLE,,1,IDLE,,1,IDLE,,1,IDLE,,1,IDLE,,1,IDLE,,1,IDLE,,1,IDLE,,1,IDLE,,1,IDLE,,1,IDLE,,1,IDLE,,1,IDLE,,1,IDLE,,1,IDLE,,1,IDLE,,1,IDLE,,1,IDLE,,1,IDLE,,1,IDLE,,1,IDLE,,1,IDLE,,1,IDLE,,1,IDLE,,1,IDLE,,1,IDLE,,1,IDLE,,1,IDLE,,1,IDLE,,1,IDLE,,1,IDLE,,1,IDLE,,1,IDLE,,1,IDLE,,34,0.29,1,0,8,17,0.15,0,1,4,3,0.11,1,0,1,0,0.00,1,2,0,3,0.00,1,0,0,34,0.31,1,0,5,40,0.25,1,0,1,9,0.19,0,2,6,18,0.12,0,0,2,12,0.19,0,0,6,8,0.09,0,0,2,10,0.07,0,0,3,8,0.06,0,0,1,24,0.27,0,0,2,53,0.24,0,0,6,17,0.27,0,0,9,21,0.19,0,0,3,16,0.28,0,0,9,17,0.19,0,0,6,2,0.08,0,0,2,19,0.14,0,0,2,5,0.03,0,0,1,1,0.08,0,0,2,32,0.16,0,0,1,8,0.09,0,0,1,8,0.12,0,0,2,19,0.11,0,0,2,14,0.09,0,0,2,3,0.10,0,0,2,17,0.09,0,0,2,3,0.06,0,0,2,14,0.08,0,0,2,14,0.19,0,0,2,6,0.07,0,0,2,24,0.15,0,0,3,8,0.17,0,0,3,6,0.13,0,0,2,4,0.11,0,0,2,6,0.12,0,0,3,24,0.21,2,0,1
57,593,66,0,8,0,5,0,1,IDLE,,1,PROTECTING,Field_1,1,MOVING_TO_FIELD,Field_4,1,IDLE,,1,IDLE,,1,IDLE,,1,MOVING_TO_FIELD,Field_4,1,IDLE,,1,IDLE,,1,IDLE,,1,IDLE,,1,MOVING_TO_FIELD,Field_2,1,IDLE,,1,PROTECTING,Field_4,1,IDLE,,1,IDLE,,1,IDLE,,1,PROTECTING,Field_40,1,MOVING_TO_FIELD,Field_8,1,IDLE,,1,PROTECTING,Field_6,1,IDLE,,1,MOVING_TO_FIELD,Field_8,1,IDLE,,1,IDLE,,1,IDLE,,1,IDLE,,1,IDLE,,1,IDLE,,1,PROTECTING,Field_3,1,IDLE,,1,IDLE,,1,IDLE,,1,IDLE,,1,PROTECTING,Field_7,1,IDLE,,1,IDLE,,1,IDLE,,1,PROTECTING,Field_5,1,PROTECTING,Field_40,1,IDLE,,1,IDLE,,1,IDLE,,1,IDLE,,1,IDLE,,1,IDLE,,1,IDLE,,1,IDLE,,1,IDLE,,1,IDLE,,1,IDLE,,1,IDLE,,1,IDLE,,1,IDLE,,1,IDLE,,1,IDLE,,1,IDLE,,1,IDLE,,1,IDLE,,1,IDLE,,1,IDLE,,1,IDLE,,1,IDLE,,1,IDLE,,1,IDLE,,1,IDLE,,1,IDLE,,1,IDLE,,1,IDLE,,1,IDLE,,1,IDLE,,1,IDLE,,1,IDLE,,1,IDLE,,1,IDLE,,1,IDLE,,1,IDLE,,1,IDLE,,1,IDLE,,36,0.29,1,0,8,17,0.14,0,1,4,4,0.11,1,0,1,0,0.00,1,2,0,3,0.00,1,0,0,34,0.32,1,0,5,41,0.25,1,0,1,10,0.19,0,2,6,18,0.12,0,0,2,12,0.20,0,0,6,8,0.09,0,0,2,10,0.07,0,0,3,8,0.06,0,0,1,26,0.27,0,0,2,53,0.24,0,0,6,17,0.26,0,0,9,22,0.20,0,0,3,16,0.29,0,0,9,18,0.19,0,0,6,2,0.07,0,0,2,19,0.14,0,0,2,5,0.03,0,0,1,1,0.08,0,0,2,32,0.15,0,0,1,9,0.09,0,0,1,9,0.09,0,0,2,19,0.10,0,0,2,14,0.09,0,0,2,3,0.10,0,0,2,17,0.09,0,0,2,3,0.06,0,0,2,14,0.08,0,0,2,14,0.19,0,0,2,6,0.03,0,0,2,24,0.15,0,0,3,8,0.16,0,0,3,6,0.13,0,0,2,4,0.12,0,0,2,6,0.12,0,0,3,25,0.21,2,0,1
58,599,66,0,9,0,4,0,1,IDLE,,1,PROTECTING,Field_1,1,MOVING_TO_FIELD,Field_4,1,IDLE,,1,IDLE,,1,IDLE,,1,MOVING_TO_FIELD,Field_4,1,IDLE,,1,IDLE,,1,IDLE,,1,IDLE,,1,MOVING_TO_FIELD,Field_2,1,IDLE,,1,PROTECTING,Field_4,1,IDLE,,1,IDLE,,1,IDLE,,1,PROTECTING,Field_40,1,PROTECTING,Field_8,1,IDLE,,1,PROTECTING,Field_6,1,IDLE,,1,MOVING_TO_FIELD,Field_8,1,IDLE,,1,IDLE,,1,IDLE,,1,IDLE,,1,IDLE,,1,IDLE,,1,PROTECTING,Field_3,1,IDLE,,1,IDLE,,1,IDLE,,1,IDLE,,1,PROTECTING,Field_7,1,IDLE,,1,IDLE,,1,IDLE,,1,PROTECTING,Field_5,1,PROTECTING,Field_40,1,IDLE,,1,IDLE,,1,IDLE,,1,IDLE,,1,IDLE,,1,IDLE,,1,IDLE,,1,IDLE,,1,IDLE,,1,IDLE,,1,IDLE,,1,IDLE,,1,IDLE,,1,IDLE,,1,IDLE,,1,IDLE,,1,IDLE,,1,IDLE,,1,IDLE,,1,IDLE,,1,IDLE,,1,IDLE,,1,IDLE,,1,IDLE,,1,IDLE,,1,IDLE,,1,IDLE,,1,IDLE,,1,IDLE,,1,IDLE,,1,IDLE,,1,IDLE,,1,IDLE,,1,IDLE,,1,IDLE,,1,IDLE,,1,IDLE,,1,IDLE,,1,IDLE,,36,0.29,1,0,8,17,0.14,0,1,4,6,0.10,1,0,1,0,0.00,1,2,0,3,0.00,1,0,0,34,0.32,1,0,5,41,0.24,1,0,1,10,0.19,1,1,5,18,0.11,0,0,2,13,0.21,0,0,6,8,0.09,0,0,2,11,0.06,0,0,3,8,0.06,0,0,1,27,0.27,0,0,2,53,0.23,0,0,6,17,0.26,0,0,9,22,0.20,0,0,3,16,0.29,0,0,9,18,0.19,0,0,6,2,0.07,0,0,2,19,0.14,0,0,2,6,0.03,0,0,1,1,0.08,0,0,2,32,0.12,0,0,1,9,0.09,0,0,1,9,0.10,0,0,2,19,0.10,0,0,2,14,0.09,0,0,2,3,0.08,0,0,2,17,0.09,0,0,2,3,0.06,0,0,2,14,0.08,0,0,2,14,0.19,0,0,2,6,0.03,0,0,2,24,0.15,0,0,3,8,0.17,0,0,3,6,0.13,0,0,2,4,0.12,0,0,2,6,0.12,0,0,3,25,0.20,2,0,1
59,608,66,0,9,0,4,0,1,IDLE,,1,PROTECTING,Field_1,1,MOVING_TO_FIELD,Field_4,1,IDLE,,1,IDLE,,1,IDLE,,1,MOVING_TO_FIELD,Field_4,1,IDLE,,1,IDLE,,1,IDLE,,1,IDLE,,1,MOVING_TO_FIELD,Field_2,1,IDLE,,1,PROTECTING,Field_4,1,IDLE,,1,IDLE,,1,IDLE,,1,PROTECTING,Field_40,1,PROTECTING,Field_8,1,IDLE,,1,PROTECTING,Field_6,1,IDLE,,1,MOVING_TO_FIELD,Field_8,1,IDLE,,1,IDLE,,1,IDLE,,1,IDLE,,1,IDLE,,1,IDLE,,1,PROTECTING,Field_3,1,IDLE,,1,IDLE,,1,IDLE,,1,IDLE,,1,PROTECTING,Field_7,1,IDLE,,1,IDLE,,1,IDLE,,1,PROTECTING,Field_5,1,PROTECTING,Field_40,1,IDLE,,1,IDLE,,1,IDLE,,1,IDLE,,1,IDLE,,1,IDLE,,1,IDLE,,1,IDLE,,1,IDLE,,1,IDLE,,1,IDLE,,1,IDLE,,1,IDLE,,1,IDLE,,1,IDLE,,1,IDLE,,1,IDLE,,1,IDLE,,1,IDLE,,1,IDLE,,1,IDLE,,1,IDLE,,1,IDLE,,1,IDLE,,1,IDLE,,1,IDLE,,1,IDLE,,1,IDLE,,1,IDLE,,1,IDLE,,1,IDLE,,1,IDLE,,1,IDLE,,1,IDLE,,1,IDLE,,1,IDLE,,1,IDLE,,1,IDLE,,1,IDLE,,36,0.29,1,0,8,17,0.14,0,1,4,7,0.10,1,0,1,0,0.00,1,2,0,3,0.00,1,0,0,34,0.29,1,0,5,41,0.24,1,0,1,10,0.19,1,1,5,18,0.11,0,0,2,14,0.19,0,0,6,8,0.09,0,0,2,11,0.06,0,0,3,8,0.06,0,0,1,28,0.27,0,0,2,53,0.23,0,0,6,17,0.26,0,0,9,23,0.19,0,0,3,16,0.28,0,0,9,19,0.19,0,0,6,2,0.07,0,0,2,19,0.12,0,0,2,6,0.03,0,0,1,1,0.07,0,0,2,33,0.12,0,0,1,9,0.11,0,0,1,9,0.12,0,0,2,19,0.10,0,0,2,14,0.09,0,0,2,3,0.06,0,0,2,17,0.09,0,0,2,3,0.06,0,0,2,14,0.08,0,0,2,14,0.19,0,0,2,6,0.03,0,0,2,24,0.14,0,0,3,8,0.16,0,0,3,6,0.12,0,0,2,5,0.12,0,0,2,7,0.12,0,0,3,26,0.18,2,0,1
60,619,66,0,10,0,3,0,1,IDLE,,1,PROTECTING,Field_1,1,MOVING_TO_FIELD,Field_4,1,IDLE,,1,IDLE,,1,IDLE,,1,MOVING_TO_FIELD,Field_4,1,IDLE,,1,IDLE,,1,IDLE,,1,IDLE,,1,MOVING_TO_FIELD,Field_2,1,IDLE,,1,PROTECTING,Field_4,1,IDLE,,1,IDLE,,1,IDLE,,1,PROTECTING,Field_40,1,PROTECTING,Field_8,1,IDLE,,1,PROTECTING,Field_6,1,IDLE,,1,PROTECTING,Field_8,1,IDLE,,1,IDLE,,1,IDLE,,1,IDLE,,1,IDLE,,1,IDLE,,1,PROTECTING,Field_3,1,IDLE,,1,IDLE,,1,IDLE,,1,IDLE,,1,PROTECTING,Field_7,1,IDLE,,1,IDLE,,1,IDLE,,1,PROTECTING,Field_5,1,PROTECTING,Field_40,1,IDLE,,1,IDLE,,1,IDLE,,1,IDLE,,1,IDLE,,1,IDLE,,1,IDLE,,1,IDLE,,1,IDLE,,1,IDLE,,1,IDLE,,1,IDLE,,1,IDLE,,1,IDLE,,1,IDLE,,1,IDLE,,1,IDLE,,1,IDLE,,1,IDLE,,1,IDLE,,1,IDLE,,1,IDLE,,1,IDLE,,1,IDLE,,1,IDLE,,1,IDLE,,1,IDLE,,1,IDLE,,1,IDLE,,1,IDLE,,1,IDLE,,1,IDLE,,1,IDLE,,1,IDLE,,1,IDLE,,1,IDLE,,1,IDLE,,1,IDLE,,1,IDLE,,38,0.27,1,0,8,17,0.13,0,1,4,9,0.10,1,0,1,0,0.00,1,2,0,3,0.00,1,0,0,35,0.29,1,0,5,41,0.24,1,0,1,11,0.19,2,0,4,18,0.11,0,0,2,14,0.19,0,0,6,8,0.04,0,0,2,11,0.06,0,0,3,8,0.05,0,0,1,30,0.27,0,0,2,53,0.23,0,0,6,17,0.26,0,0,9,23,0.18,0,0,3,16,0.27,0,0,9,20,0.19,0,0,6,2,0.05,0,0,2,19,0.12,0,0,2,6,0.03,0,0,1,1,0.08,0,0,2,33,0.14,0,0,1,9,0.11,0,0,1,9,0.12,0,0,2,19,0.10,0,0,2,14,0.09,0,0,2,3,0.06,0,0,2,18,0.09,0,0,2,3,0.06,0,0,2,14,0.08,0,0,2,15,0.19,0,0,2,6,0.03,0,0,2,24,0.15,0,0,3,8,0.16,0,0,3,6,0.12,0,0,2,5,0.12,0,0,2,7,0.14,0,0,3,26,0.17,2,0,1
61,622,66,0,10,0,3,0,1,IDLE,,1,PROTECTING,Field_1,1,MOVING_TO_FIELD,Field_4,1,IDLE,,1,IDLE,,1,IDLE,,1,MOVING_TO_FIELD,Field_4,1,IDLE,,1,IDLE,,1,IDLE,,1,IDLE,,1,MOVING_TO_FIELD,Field_2,1,IDLE,,1,PROTECTING,Field_4,1,IDLE,,1,IDLE,,1,IDLE,,1,PROTECTING,Field_40,1,PROTECTING,Field_8,1,IDLE,,1,PROTECTING,Field_6,1,IDLE,,1,PROTECTING,Field_8,1,IDLE,,1,IDLE,,1,IDLE,,1,IDLE,,1,IDLE,,1,IDLE,,1,PROTECTING,Field_3,1,IDLE,,1,IDLE,,1,IDLE,,1,IDLE,,1,PROTECTING,Field_7,1,IDLE,,1,IDLE,,1,IDLE,,1,PROTECTING,Field_5,1,PROTECTING,Field_40,1,IDLE,,1,IDLE,,1,IDLE,,1,IDLE,,1,IDLE,,1,IDLE,,1,IDLE,,1,IDLE,,1,IDLE,,1,IDLE,,1,IDLE,,1,IDLE,,1,IDLE,,1,IDLE,,1,IDLE,,1,IDLE,,1,IDLE,,1,IDLE,,1,IDLE,,1,IDLE,,1,IDLE,,1,IDLE,,1,IDLE,,1,IDLE,,1,IDLE,,1,IDLE,,1,IDLE,,1,IDLE,,1,IDLE,,1,IDLE,,1,IDLE,,1,IDLE,,1,IDLE,,1,IDLE,,1,IDLE,,1,IDLE,,1,IDLE,,1,IDLE,,1,IDLE,,38,0.26,1,0,8,17,0.13,0,1,4,9,0.10,1,0,1,0,0.00,1,2,0,3,0.00,1,0,0,36,0.32,1,0,5,41,0.24,1,0,1,11,0.20,2,0,4,18,0.11,0,0,2,14,0.19,0,0,6,8,0.04,0,0,2,11,0.05,0,0,3,8,0.05,0,0,1,31,0.26,0,0,2,53,0.22,0,0,6,17,0.28,0,0,9,23,0.18,0,0,3,16,0.27,0,0,9,20,0.20,0,0,6,2,0.05,0,0,2,19,0.11,0,0,2,6,0.03,0,0,1,1,0.10,0,0,2,33,0.15,0,0,1,9,0.11,0,0,1,9,0.12,0,0,2,19,0.09,0,0,2,14,0.09,0,0,2,3,0.06,0,0,2,18,0.09,0,0,2,3,0.04,0,0,2,14,0.08,0,0,2,15,0.19,0,0,2,6,0.03,0,0,2,24,0.15,0,0,3,8,0.16,0,0,3,6,0.10,0,0,2,5,0.11,0,0,2,8,0.15,0,0,3,26,0.18,2,0,1
62,634,66,0,10,0,3,0,1,IDLE,,1,PROTECTING,Field_1,1,MOVING_TO_FIELD,Field_4,1,IDLE,,1,IDLE,,1,IDLE,,1,MOVING_TO_FIELD,Field_4,1,IDLE,,1,IDLE,,1,IDLE,,1,IDLE,,1,MOVING_TO_FIELD,Field_2,1,IDLE,,1,PROTECTING,Field_4,1,IDLE,,1,IDLE,,1,IDLE,,1,PROTECTING,Field_40,1,PROTECTING,Field_8,1,IDLE,,1,PROTECTING,Field_6,1,IDLE,,1,PROTECTING,Field_8,1,IDLE,,1,IDLE,,1,IDLE,,1,IDLE,,1,IDLE,,1,IDLE,,1,PROTECTING,Field_3,1,IDLE,,1,IDLE,,1,IDLE,,1,IDLE,,1,PROTECTING,Field_7,1,IDLE,,1,IDLE,,1,IDLE,,1,PROTECTING,Field_5,1,PROTECTING,Field_40,1,IDLE,,1,IDLE,,1,IDLE,,1,IDLE,,1,IDLE,,1,IDLE,,1,IDLE,,1,IDLE,,1,IDLE,,1,IDLE,,1,IDLE,,1,IDLE,,1,IDLE,,1,IDLE,,1,IDLE,,1,IDLE,,1,IDLE,,1,IDLE,,1,IDLE,,1,IDLE,,1,IDLE,,1,IDLE,,1,IDLE,,1,IDLE,,1,IDLE,,1,IDLE,,1,IDLE,,1,IDLE,,1,IDLE,,1,IDLE,,1,IDLE,,1,IDLE,,1,IDLE,,1,IDLE,,1,IDLE,,1,IDLE,,1,IDLE,,1,IDLE,,1,IDLE,,40,0.25,1,0,8,17,0.13,0,1,4,9,0.10,1,0,1,0,0.00,1,2,0,3,0.00,1,0,0,36,0.34,1,0,5,44,0.24,1,0,1,11,0.20,2,0,4,18,0.09,0,0,2,14,0.19,0,0,6,8,0.04,0,0,2,11,0.05,0,0,3,8,0.05,0,0,1,33,0.27,0,0,2,53,0.23,0,0,6,17,0.25,0,0,9,23,0.19,0,0,3,16,0.28,0,0,9,20,0.20,0,0,6,2,0.05,0,0,2,19,0.11,0,0,2,6,0.02,0,0,1,1,0.10,0,0,2,35,0.14,0,0,1,9,0.11,0,0,1,9,0.12,0,0,2,19,0.08,0,0,2,14,0.09,0,0,2,3,0.06,0,0,2,18,0.08,0,0,2,3,0.04,0,0,2,14,0.08,0,0,2,16,0.23,0,0,2,6,0.03,0,0,2,24,0.15,0,0,3,8,0.16,0,0,3,6,0.09,0,0,2,6,0.11,0,0,2,8,0.16,0,0,3,27,0.18,2,0,1
63,642,66,0,10,0,3,0,1,IDLE,,1,PROTECTING,Field_1,1,MOVING_TO_FIELD,Field_4,1,IDLE,,1,IDLE,,1,IDLE,,1,MOVING_TO_FIELD,Field_4,1,IDLE,,1,IDLE,,1,IDLE,,1,IDLE,,1,MOVING_TO_FIELD,Field_2,1,IDLE,,1,PROTECTING,Field_4,1,IDLE,,1,IDLE,,1,IDLE,,1,PROTECTING,Field_40,1,PROTECTING,Field_8,1,IDLE,,1,PROTECTING,Field_6,1,IDLE,,1,PROTECTING,Field_8,1,IDLE,,1,IDLE,,1,IDLE,,1,IDLE,,1,IDLE,,1,IDLE,,1,PROTECTING,Field_3,1,IDLE,,1,IDLE,,1,IDLE,,1,IDLE,,1,PROTECTING,Field_7,1,IDLE,,1,IDLE,,1,IDLE,,1,PROTECTING,Field_5,1,PROTECTING,Field_40,1,IDLE,,1,IDLE,,1,IDLE,,1,IDLE,,1,IDLE,,1,IDLE,,1,IDLE,,1,IDLE,,1,IDLE,,1,IDLE,,1,IDLE,,1,IDLE,,1,IDLE,,1,IDLE,,1,IDLE,,1,IDLE,,1,IDLE,,1,IDLE,,1,IDLE,,1,IDLE,,1,IDLE,,1,IDLE,,1,IDLE,,1,IDLE,,1,IDLE,,1,IDLE,,1,IDLE,,1,IDLE,,1,IDLE,,1,IDLE,,1,IDLE,,1,IDLE,,1,IDLE,,1,IDLE,,1,IDLE,,1,IDLE,,1,IDLE,,1,IDLE,,1,IDLE,,40,0.24,1,0,8,17,0.13,0,1,4,9,0.10,1,0,1,0,0.00,1,2,0,3,0.00,1,0,0,36,0.36,1,0,5,44,0.24,1,0,1,11,0.20,2,0,4,18,0.10,0,0,2,17,0.20,0,0,6,8,0.04,0,0,2,11,0.04,0,0,3,8,0.05,0,0,1,37,0.26,0,0,2,53,0.22,0,0,6,17,0.25,0,0,9,23,0.19,0,0,3,16,0.27,0,0,9,20,0.18,0,0,6,2,0.05,0,0,2,19,0.11,0,0,2,6,0.02,0,0,1,1,0.10,0,0,2,35,0.12,0,0,1,9,0.11,0,0,1,9,0.12,0,0,2,20,0.08,0,0,2,14,0.09,0,0,2,3,0.06,0,0,2,18,0.08,0,0,2,3,0.04,0,0,2,14,0.06,0,0,2,16,0.23,0,0,2,6,0.03,0,0,2,24,0.15,0,0,3,8,0.16,0,0,3,6,0.08,0,0,2,6,0.11,0,0,2,8,0.14,0,0,3,27,0.17,2,0,1
64,647,66,0,10,0,3,0,1,IDLE,,1,PROTECTING,Field_1,1,MOVING_TO_FIELD,Field_4,1,IDLE,,1,IDLE,,1,IDLE,,1,MOVING_TO_FIELD,Field_4,1,IDLE,,1,IDLE,,1,IDLE,,1,IDLE,,1,MOVING_TO_FIELD,Field_2,1,IDLE,,1,PROTECTING,Field_4,1,IDLE,,1,IDLE,,1,IDLE,,1,PROTECTING,Field_40,1,PROTECTING,Field_8,1,IDLE,,1,PROTECTING,Field_6,1,IDLE,,1,PROTECTING,Field_8,1,IDLE,,1,IDLE,,1,IDLE,,1,IDLE,,1,IDLE,,1,IDLE,,1,PROTECTING,Field_3,1,IDLE,,1,IDLE,,1,IDLE,,1,IDLE,,1,PROTECTING,Field_7,1,IDLE,,1,IDLE,,1,IDLE,,1,PROTECTING,Field_5,1,PROTECTING,Field_40,1,IDLE,,1,IDLE,,1,IDLE,,1,IDLE,,1,IDLE,,1,IDLE,,1,IDLE,,1,IDLE,,1,IDLE,,1,IDLE,,1,IDLE,,1,IDLE,,1,IDLE,,1,IDLE,,1,IDLE,,1,IDLE,,1,IDLE,,1,IDLE,,1,IDLE,,1,IDLE,,1,IDLE,,1,IDLE,,1,IDLE,,1,IDLE,,1,IDLE,,1,IDLE,,1,IDLE,,1,IDLE,,1,IDLE,,1,IDLE,,1,IDLE,,1,IDLE,,1,IDLE,,1,IDLE,,1,IDLE,,1,IDLE,,1,IDLE,,1,IDLE,,1,IDLE,,40,0.23,1,0,8,17,0.14,0,1,4,9,0.10,1,0,1,0,0.00,1,2,0,3,0.00,1,0,0,36,0.36,1,0,5,44,0.23,1,0,1,12,0.20,2,0,4,18,0.10,0,0,2,17,0.20,0,0,6,8,0.06,0,0,2,11,0.04,0,0,3,8,0.05,0,0,1,38,0.26,0,0,2,53,0.20,0,0,6,17,0.25,0,0,9,23,0.19,0,0,3,16,0.27,0,0,9,20,0.18,0,0,6,2,0.05,0,0,2,19,0.11,0,0,2,6,0.02,0,0,1,1,0.10,0,0,2,35,0.12,0,0,1,9,0.11,0,0,1,9,0.12,0,0,2,20,0.07,0,0,2,14,0.07,0,0,2,3,0.06,0,0,2,18,0.08,0,0,2,3,0.04,0,0,2,14,0.06,0,0,2,17,0.25,0,0,2,6,0.03,0,0,2,24,0.14,0,0,3,8,0.16,0,0,3,6,0.08,0,0,2,6,0.11,0,0,2,8,0.14,0,0,3,29,0.16,2,0,1
65,658,66,0,10,0,3,0,1,IDLE,,1,PROTECTING,Field_1,1,MOVING_TO_FIELD,Field_4,1,IDLE,,1,IDLE,,1,IDLE,,1,MOVING_TO_FIELD,Field_4,1,IDLE,,1,IDLE,,1,IDLE,,1,IDLE,,1,MOVING_TO_FIELD,Field_2,1,IDLE,,1,PROTECTING,Field_4,1,IDLE,,1,IDLE,,1,IDLE,,1,PROTECTING,Field_40,1,PROTECTING,Field_8,1,IDLE,,1,PROTECTING,Field_6,1,IDLE,,1,PROTECTING,Field_8,1,IDLE,,1,IDLE,,1,IDLE,,1,IDLE,,1,IDLE,,1,IDLE,,1,PROTECTING,Field_3,1,IDLE,,1,IDLE,,1,IDLE,,1,IDLE,,1,PROTECTING,Field_7,1,IDLE,,1,IDLE,,1,IDLE,,1,PROTECTING,Field_5,1,PROTECTING,Field_40,1,IDLE,,1,IDLE,,1,IDLE,,1,IDLE,,1,IDLE,,1,IDLE,,1,IDLE,,1,IDLE,,1,IDLE,,1,IDLE,,1,IDLE,,1,IDLE,,1,IDLE,,1,IDLE,,1,IDLE,,1,IDLE,,1,IDLE,,1,IDLE,,1,IDLE,,1,IDLE,,1,IDLE,,1,IDLE,,1,IDLE,,1,IDLE,,1,IDLE,,1,IDLE,,1,IDLE,,1,IDLE,,1,IDLE,,1,IDLE,,1,IDLE,,1,IDLE,,1,IDLE,,1,IDLE,,1,IDLE,,1,IDLE,,1,IDLE,,1,IDLE,,1,IDLE,,40,0.23,1,0,8,17,0.15,0,1,4,9,0.06,1,0,1,0,0.00,1,2,0,3,0.00,1,0,0,36,0.36,1,0,5,45,0.23,1,0,1,12,0.20,2,0,4,20,0.10,0,0,2,17,0.22,0,0,6,8,0.06,0,0,2,11,0.04,0,0,3,8,0.05,0,0,1,40,0.27,0,0,2,54,0.20,0,0,6,17,0.24,0,0,9,23,0.20,0,0,3,16,0.28,0,0,9,22,0.18,0,0,6,2,0.05,0,0,2,19,0.11,0,0,2,6,0.02,0,0,1,1,0.10,0,0,2,35,0.12,0,0,1,9,0.09,0,0,1,9,0.12,0,0,2,20,0.06,0,0,2,14,0.04,0,0,2,3,0.06,0,0,2,18,0.08,0,0,2,3,0.04,0,0,2,14,0.06,0,0,2,18,0.25,0,0,2,6,0.03,0,0,2,24,0.14,0,0,3,8,0.16,0,0,3,6,0.09,0,0,2,6,0.11,0,0,2,8,0.14,0,0,3,31,0.14,2,0,1
66,664,66,0,11,0,2,0,1,IDLE,,1,PROTECTING,Field_1,1,MOVING_TO_FIELD,Field_4,1,IDLE,,1,IDLE,,1,IDLE,,1,MOVING_TO_FIELD,Field_4,1,IDLE,,1,IDLE,,1,IDLE,,1,IDLE,,1,PROTECTING,Field_2,1,IDLE,,1,PROTECTING,Field_4,1,IDLE,,1,IDLE,,1,IDLE,,1,PROTECTING,Field_40,1,PROTECTING,Field_8,1,IDLE,,1,PROTECTING,Field_6,1,IDLE,,1,PROTECTING,Field_8,1,IDLE,,1,IDLE,,1,IDLE,,1,IDLE,,1,IDLE,,1,IDLE,,1,PROTECTING,Field_3,1,IDLE,,1,IDLE,,1,IDLE,,1,IDLE,,1,PROTECTING,Field_7,1,IDLE,,1,IDLE,,1,IDLE,,1,PROTECTING,Field_5,1,PROTECTING,Field_40,1,IDLE,,1,IDLE,,1,IDLE,,1,IDLE,,1,IDLE,,1,IDLE,,1,IDLE,,1,IDLE,,1,IDLE,,1,IDLE,,1,IDLE,,1,IDLE,,1,IDLE,,1,IDLE,,1,IDLE,,1,IDLE,,1,IDLE,,1,IDLE,,1,IDLE,,1,IDLE,,1,IDLE,,1,IDLE,,1,IDLE,,1,IDLE,,1,IDLE,,1,IDLE,,1,IDLE,,1,IDLE,,1,IDLE,,1,IDLE,,1,IDLE,,1,IDLE,,1,IDLE,,1,IDLE,,1,IDLE,,1,IDLE,,1,IDLE,,1,IDLE,,1,IDLE,,40,0.23,1,0,8,17,0.15,1,0,3,9,0.06,1,0,1,0,0.00,1,2,0,3,0.00,1,0,0,36,0.36,1,0,5,46,0.23,1,0,1,13,0.20,2,0,4,21,0.10,0,0,2,17,0.22,0,0,6,8,0.07,0,0,2,11,0.04,0,0,3,8,0.05,0,0,1,40,0.27,0,0,2,54,0.19,0,0,6,17,0.24,0,0,9,23,0.20,0,0,3,17,0.27,0,0,9,23,0.18,0,0,6,2,0.05,0,0,2,19,0.09,0,0,2,6,0.02,0,0,1,1,0.07,0,0,2,35,0.11,0,0,1,9,0.09,0,0,1,9,0.09,0,0,2,20,0.06,0,0,2,14,0.04,0,0,2,3,0.06,0,0,2,18,0.09,0,0,2,3,0.04,0,0,2,14,0.06,0,0,2,18,0.25,0,0,2,6,0.03,0,0,2,24,0.13,0,0,3,8,0.16,0,0,3,6,0.08,0,0,2,6,0.11,0,0,2,9,0.14,0,0,3,31,0.14,2,0,1
67,673,66,0,11,0,2,0,1,IDLE,,1,PROTECTING,Field_1,1,MOVING_TO_FIELD,Field_4,1,IDLE,,1,IDLE,,1,IDLE,,1,MOVING_TO_FIELD,Field_4,1,IDLE,,1,IDLE,,1,IDLE,,1,IDLE,,1,PROTECTING,Field_2,1,IDLE,,1,PROTECTING,Field_4,1,IDLE,,1,IDLE,,1,IDLE,,1,PROTECTING,Field_40,1,PROTECTING,Field_8,1,IDLE,,1,PROTECTING,Field_6,1,IDLE,,1,PROTECTING,Field_8,1,IDLE,,1,IDLE,,1,IDLE,,1,IDLE,,1,IDLE,,1,IDLE,,1,PROTECTING,Field_3,1,IDLE,,1,IDLE,,1,IDLE,,1,IDLE,,1,PROTECTING,Field_7,1,IDLE,,1,IDLE,,1,IDLE,,1,PROTECTING,Field_5,1,PROTECTING,Field_40,1,IDLE,,1,IDLE,,1,IDLE,,1,IDLE,,1,IDLE,,1,IDLE,,1,IDLE,,1,IDLE,,1,IDLE,,1,IDLE,,1,IDLE,,1,IDLE,,1,IDLE,,1,IDLE,,1,IDLE,,1,IDLE,,1,IDLE,,1,IDLE,,1,IDLE,,1,IDLE,,1,IDLE,,1,IDLE,,1,IDLE,,1,IDLE,,1,IDLE,,1,IDLE,,1,IDLE,,1,IDLE,,1,IDLE,,1,IDLE,,1,IDLE,,1,IDLE,,1,IDLE,,1,IDLE,,1,IDLE,,1,IDLE,,1,IDLE,,1,IDLE,,1,IDLE,,40,0.23,1,0,8,17,0.15,1,0,3,9,0.06,1,0,1,0,0.00,1,2,0,3,0.00,1,0,0,37,0.34,1,0,5,46,0.23,1,0,1,14,0.20,2,0,4,21,0.10,0,0,2,17,0.21,0,0,6,8,0.07,0,0,2,11,0.04,0,0,3,8,0.05,0,0,1,40,0.26,0,0,2,55,0.18,0,0,6,17,0.24,0,0,9,24,0.20,0,0,3,17,0.26,0,0,9,24,0.18,0,0,6,2,0.04,0,0,2,19,0.09,0,0,2,6,0.02,0,0,1,1,0.07,0,0,2,35,0.11,0,0,1,9,0.09,0,0,1,9,0.10,0,0,2,20,0.07,0,0,2,14,0.04,0,0,2,3,0.06,0,0,2,18,0.08,0,0,2,3,0.04,0,0,2,14,0.06,0,0,2,18,0.23,0,0,2,6,0.05,0,0,2,26,0.12,0,0,3,9,0.16,0,0,3,6,0.08,0,0,2,7,0.10,0,0,2,9,0.14,0,0,3,31,0.14,2,0,1
68,676,66,0,11,0,2,0,1,IDLE,,1,PROTECTING,Field_1,1,MOVING_TO_FIELD,Field_4,1,IDLE,,1,IDLE,,1,IDLE,,1,MOVING_TO_FIELD,Field_4,1,IDLE,,1,IDLE,,1,IDLE,,1,IDLE,,1,PROTECTING,Field_2,1,IDLE,,1,PROTECTING,Field_4,1,IDLE,,1,IDLE,,1,IDLE,,1,PROTECTING,Field_40,1,PROTECTING,Field_8,1,IDLE,,1,PROTECTING,Field_6,1,IDLE,,1,PROTECTING,Field_8,1,IDLE,,1,IDLE,,1,IDLE,,1,IDLE,,1,IDLE,,1,IDLE,,1,PROTECTING,Field_3,1,IDLE,,1,IDLE,,1,IDLE,,1,IDLE,,1,PROTECTING,Field_7,1,IDLE,,1,IDLE,,1,IDLE,,1,PROTECTING,Field_5,1,PROTECTING,Field_40,1,IDLE,,1,IDLE,,1,IDLE,,1,IDLE,,1,IDLE,,1,IDLE,,1,IDLE,,1,IDLE,,1,IDLE,,1,IDLE,,1,IDLE,,1,IDLE,,1,IDLE,,1,IDLE,,1,IDLE,,1,IDLE,,1,IDLE,,1,IDLE,,1,IDLE,,1,IDLE,,1,IDLE,,1,IDLE,,1,IDLE,,1,IDLE,,1,IDLE,,1,IDLE,,1,IDLE,,1,IDLE,,1,IDLE,,1,IDLE,,1,IDLE,,1,IDLE,,1,IDLE,,1,IDLE,,1,IDLE,,1,IDLE,,1,IDLE,,1,IDLE,,1,IDLE,,40,0.21,1,0,8,17,0.14,1,0,3,9,0.05,1,0,1,0,0.00,1,2,0,3,0.00,1,0,0,37,0.32,1,0,5,47,0.22,1,0,1,14,0.20,2,0,4,21,0.10,0,0,2,17,0.21,0,0,6,8,0.07,0,0,2,11,0.04,0,0,3,8,0.05,0,0,1,41,0.24,0,0,2,55,0.19,0,0,6,17,0.24,0,0,9,24,0.19,0,0,3,17,0.25,0,0,9,24,0.18,0,0,6,2,0.04,0,0,2,19,0.08,0,0,2,6,0.02,0,0,1,1,0.07,0,0,2,35,0.11,0,0,1,9,0.11,0,0,1,9,0.10,0,0,2,20,0.07,0,0,2,14,0.04,0,0,2,3,0.05,0,0,2,18,0.08,0,0,2,3,0.04,0,0,2,14,0.06,0,0,2,19,0.23,0,0,2,6,0.05,0,0,2,26,0.11,0,0,3,9,0.16,0,0,3,6,0.09,0,0,2,7,0.09,0,0,2,9,0.13,0,0,3,31,0.14,2,0,1
69,686,66,0,11,0,2,0,1,IDLE,,1,PROTECTING,Field_1,1,MOVING_TO_FIELD,Field_4,1,IDLE,,1,IDLE,,1,IDLE,,1,MOVING_TO_FIELD,Field_4,1,IDLE,,1,IDLE,,1,IDLE,,1,IDLE,,1,PROTECTING,Field_2,1,IDLE,,1,PROTECTING,Field_4,1,IDLE,,1,IDLE,,1,IDLE,,1,PROTECTING,Field_40,1,PROTECTING,Field_8,1,IDLE,,1,PROTECTING,Field_6,1,IDLE,,1,PROTECTING,Field_8,1,IDLE,,1,IDLE,,1,IDLE,,1,IDLE,,1,IDLE,,1,IDLE,,1,PROTECTING,Field_3,1,IDLE,,1,IDLE,,1,IDLE,,1,IDLE,,1,PROTECTING,Field_7,1,IDLE,,1,IDLE,,1,IDLE,,1,PROTECTING,Field_5,1,PROTECTING,Field_40,1,IDLE,,1,IDLE,,1,IDLE,,1,IDLE,,1,IDLE,,1,IDLE,,1,IDLE,,1,IDLE,,1,IDLE,,1,IDLE,,1,IDLE,,1,IDLE,,1,IDLE,,1,IDLE,,1,IDLE,,1,IDLE,,1,IDLE,,1,IDLE,,1,IDLE,,1,IDLE,,1,IDLE,,1,IDLE,,1,IDLE,,1,IDLE,,1,IDLE,,1,IDLE,,1,IDLE,,1,IDLE,,1,IDLE,,1,IDLE,,1,IDLE,,1,IDLE,,1,IDLE,,1,IDLE,,1,IDLE,,1,IDLE,,1,IDLE,,1,IDLE,,1,IDLE,,40,0.21,1,0,8,17,0.14,1,0,3,10,0.05,1,0,1,0,0.00,1,2,0,3,0.00,1,0,0,37,0.33,1,0,5,50,0.22,1,0,1,14,0.19,2,0,4,21,0.10,0,0,2,17,0.21,0,0,6,8,0.07,0,0,2,11,0.05,0,0,3,8,0.05,0,0,1,42,0.23,0,0,2,55,0.19,0,0,6,17,0.24,0,0,9,25,0.20,0,0,3,17,0.25,0,0,9,24,0.19,0,0,6,2,0.03,0,0,2,19,0.08,0,0,2,6,0.02,0,0,1,1,0.07,0,0,2,35,0.10,0,0,1,9,0.09,0,0,1,9,0.10,0,0,2,21,0.07,0,0,2,14,0.02,0,0,2,3,0.05,0,0,2,18,0.08,0,0,2,3,0.02,0,0,2,14,0.06,0,0,2,19,0.23,0,0,2,6,0.05,0,0,2,26,0.11,0,0,3,9,0.14,0,0,3,7,0.09,0,0,2,7,0.09,0,0,2,10,0.13,0,0,3,32,0.14,2,0,1
70,693,66,0,11,0,2,0,1,IDLE,,1,PROTECTING,Field_1,1,MOVING_TO_FIELD,Field_4,1,IDLE,,1,IDLE,,1,IDLE,,1,MOVING_TO_FIELD,Field_4,1,IDLE,,1,IDLE,,1,IDLE,,1,IDLE,,1,PROTECTING,Field_2,1,IDLE,,1,PROTECTING,Field_4,1,IDLE,,1,IDLE,,1,IDLE,,1,PROTECTING,Field_40,1,PROTECTING,Field_8,1,IDLE,,1,PROTECTING,Field_6,1,IDLE,,1,PROTECTING,Field_8,1,IDLE,,1,IDLE,,1,IDLE,,1,IDLE,,1,IDLE,,1,IDLE,,1,PROTECTING,Field_3,1,IDLE,,1,IDLE,,1,IDLE,,1,IDLE,,1,PROTECTING,Field_7,1,IDLE,,1,IDLE,,1,IDLE,,1,PROTECTING,Field_5,1,PROTECTING,Field_40,1,IDLE,,1,IDLE,,1,IDLE,,1,IDLE,,1,IDLE,,1,IDLE,,1,IDLE,,1,IDLE,,1,IDLE,,1,IDLE,,1,IDLE,,1,IDLE,,1,IDLE,,1,IDLE,,1,IDLE,,1,IDLE,,1,IDLE,,1,IDLE,,1,IDLE,,1,IDLE,,1,IDLE,,1,IDLE,,1,IDLE,,1,IDLE,,1,IDLE,,1,IDLE,,1,IDLE,,1,IDLE,,1,IDLE,,1,IDLE,,1,IDLE,,1,IDLE,,1,IDLE,,1,IDLE,,1,IDLE,,1,IDLE,,1,IDLE,,1,IDLE,,1,IDLE,,41,0.21,1,0,8,17,0.14,1,0,3,11,0.05,1,0,1,0,0.00,1,2,0,3,0.00,1,0,0,37,0.32,1,0,5,50,0.22,1,0,1,15,0.19,2,0,4,21,0.09,0,0,2,17,0.21,0,0,6,8,0.09,0,0,2,11,0.06,0,0,3,8,0.05,0,0,1,42,0.23,0,0,2,56,0.19,0,0,6,17,0.24,0,0,9,25,0.20,0,0,3,18,0.25,0,0,9,24,0.19,0,0,6,2,0.03,0,0,2,19,0.08,0,0,2,6,0.02,0,0,1,1,0.07,0,0,2,35,0.08,0,0,1,9,0.07,0,0,1,9,0.10,0,0,2,21,0.07,0,0,2,14,0.02,0,0,2,3,0.05,0,0,2,18,0.09,0,0,2,3,0.02,0,0,2,14,0.06,0,0,2,21,0.21,0,0,2,6,0.05,0,0,2,26,0.10,0,0,3,9,0.14,0,0,3,7,0.09,0,0,2,7,0.09,0,0,2,10,0.11,0,0,3,32,0.13,2,0,1
71,702,67,0,11,0,1,0,1,IDLE,,1,PROTECTING,Field_1,1,IDLE,,1,IDLE,,1,IDLE,,1,IDLE,,1,IDLE,,1,IDLE,,1,IDLE,,1,IDLE,,1,IDLE,,1,PROTECTING,Field_2,1,IDLE,,1,PROTECTING,Field_4,1,IDLE,,1,IDLE,,1,MOVING_TO_FIELD,Field_6,1,PROTECTING,Field_40,1,PROTECTING,Field_8,1,IDLE,,1,PROTECTING,Field_6,1,IDLE,,1,PROTECTING,Field_8,1,IDLE,,1,IDLE,,1,IDLE,,1,IDLE,,1,IDLE,,1,IDLE,,1,PROTECTING,Field_3,1,IDLE,,1,IDLE,,1,IDLE,,1,IDLE,,1,PROTECTING,Field_7,1,IDLE,,1,IDLE,,1,IDLE,,1,PROTECTING,Field_5,1,PROTECTING,Field_40,1,IDLE,,1,IDLE,,1,IDLE,,1,IDLE,,1,IDLE,,1,IDLE,,1,IDLE,,1,IDLE,,1,IDLE,,1,IDLE,,1,IDLE,,1,IDLE,,1,IDLE,,1,IDLE,,1,IDLE,,1,IDLE,,1,IDLE,,1,IDLE,,1,IDLE,,1,IDLE,,1,IDLE,,1,IDLE,,1,IDLE,,1,IDLE,,1,IDLE,,1,IDLE,,1,IDLE,,1,IDLE,,1,IDLE,,1,IDLE,,1,IDLE,,1,IDLE,,1,IDLE,,1,IDLE,,1,IDLE,,1,IDLE,,1,IDLE,,1,IDLE,,1,IDLE,,41,0.20,1,0,8,17,0.14,1,0,3,11,0.05,1,0,1,0,0.00,1,0,0,3,0.00,1,0,0,37,0.32,1,1,5,52,0.20,1,0,1,15,0.18,2,0,4,21,0.10,0,0,2,17,0.20,0,0,6,8,0.09,0,0,2,11,0.06,0,0,3,8,0.03,0,0,1,44,0.23,0,0,2,56,0.22,0,0,6,17,0.23,0,0,9,27,0.19,0,0,3,18,0.24,0,0,9,24,0.18,0,0,6,2,0.03,0,0,2,19,0.08,0,0,2,6,0.02,0,0,1,1,0.07,0,0,2,36,0.08,0,0,1,9,0.07,0,0,1,9,0.10,0,0,2,21,0.07,0,0,2,14,0.02,0,0,2,3,0.05,0,0,2,18,0.09,0,0,2,3,0.02,0,0,2,14,0.05,0,0,2,22,0.19,0,0,2,6,0.05,0,0,2,26,0.10,0,0,3,9,0.14,0,0,3,7,0.10,0,0,2,8,0.09,0,0,2,10,0.11,0,0,3,32,0.13,2,0,1
72,705,67,0,11,0,1,0,1,IDLE,,1,PROTECTING,Field_1,1,IDLE,,1,IDLE,,1,IDLE,,1,IDLE,,1,IDLE,,1,IDLE,,1,IDLE,,1,IDLE,,1,IDLE,,1,PROTECTING,Field_2,1,IDLE,,1,PROTECTING,Field_4,1,IDLE,,1,IDLE,,1,MOVING_TO_FIELD,Field_6,1,PROTECTING,Field_40,1,PROTECTING,Field_8,1,IDLE,,1,PROTECTING,Field_6,1,IDLE,,1,PROTECTING,Field_8,1,IDLE,,1,IDLE,,1,IDLE,,1,IDLE,,1,IDLE,,1,IDLE,,1,PROTECTING,Field_3,1,IDLE,,1,IDLE,,1,IDLE,,1,IDLE,,1,PROTECTING,Field_7,1,IDLE,,1,IDLE,,1,IDLE,,1,PROTECTING,Field_5,1,PROTECTING,Field_40,1,IDLE,,1,IDLE,,1,IDLE,,1,IDLE,,1,IDLE,,1,IDLE,,1,IDLE,,1,IDLE,,1,IDLE,,1,IDLE,,1,IDLE,,1,IDLE,,1,IDLE,,1,IDLE,,1,IDLE,,1,IDLE,,1,IDLE,,1,IDLE,,1,IDLE,,1,IDLE,,1,IDLE,,1,IDLE,,1,IDLE,,1,IDLE,,1,IDLE,,1,IDLE,,1,IDLE,,1,IDLE,,1,IDLE,,1,IDLE,,1,IDLE,,1,IDLE,,1,IDLE,,1,IDLE,,1,IDLE,,1,IDLE,,1,IDLE,,1,IDLE,,1,IDLE,,41,0.20,1,0,8,17,0.13,1,0,3,11,0.04,1,0,1,0,0.00,1,0,0,3,0.00,1,0,0,37,0.32,1,1,5,52,0.19,1,0,1,16,0.18,2,0,4,21,0.10,0,0,2,17,0.19,0,0,6,8,0.09,0,0,2,11,0.07,0,0,3,8,0.03,0,0,1,44,0.23,0,0,2,56,0.22,0,0,6,17,0.22,0,0,9,27,0.19,0,0,3,19,0.24,0,0,9,25,0.18,0,0,6,2,0.03,0,0,2,19,0.08,0,0,2,6,0.02,0,0,1,1,0.08,0,0,2,36,0.08,0,0,1,9,0.07,0,0,1,9,0.10,0,0,2,21,0.07,0,0,2,14,0.02,0,0,2,3,0.05,0,0,2,18,0.09,0,0,2,3,0.02,0,0,2,14,0.05,0,0,2,22,0.18,0,0,2,6,0.05,0,0,2,26,0.11,0,0,3,9,0.14,0,0,3,7,0.10,0,0,2,8,0.07,0,0,2,10,0.08,0,0,3,32,0.12,2,0,1
73,718,67,0,11,0,1,0,1,IDLE,,1,PROTECTING,Field_1,1,IDLE,,1,IDLE,,1,IDLE,,1,IDLE,,1,IDLE,,1,IDLE,,1,IDLE,,1,IDLE,,1,IDLE,,1,PROTECTING,Field_2,1,IDLE,,1,PROTECTING,Field_4,1,IDLE,,1,IDLE,,1,MOVING_TO_FIELD,Field_6,1,PROTECTING,Field_40,1,PROTECTING,Field_8,1,IDLE,,1,PROTECTING,Field_6,1,IDLE,,1,PROTECTING,Field_8,1,IDLE,,1,IDLE,,1,IDLE,,1,IDLE,,1,IDLE,,1,IDLE,,1,PROTECTING,Field_3,1,IDLE,,1,IDLE,,1,IDLE,,1,IDLE,,1,PROTECTING,Field_7,1,IDLE,,1,IDLE,,1,IDLE,,1,PROTECTING,Field_5,1,PROTECTING,Field_40,1,IDLE,,1,IDLE,,1,IDLE,,1,IDLE,,1,IDLE,,1,IDLE,,1,IDLE,,1,IDLE,,1,IDLE,,1,IDLE,,1,IDLE,,1,IDLE,,1,IDLE,,1,IDLE,,1,IDLE,,1,IDLE,,1,IDLE,,1,IDLE,,1,IDLE,,1,IDLE,,1,IDLE,,1,IDLE,,1,IDLE,,1,IDLE,,1,IDLE,,1,IDLE,,1,IDLE,,1,IDLE,,1,IDLE,,1,IDLE,,1,IDLE,,1,IDLE,,1,IDLE,,1,IDLE,,1,IDLE,,1,IDLE,,1,IDLE,,1,IDLE,,1,IDLE,,42,0.20,1,0,8,17,0.13,1,0,3,11,0.04,1,0,1,0,0.00,1,0,0,3,0.00,1,0,0,40,0.32,1,1,5,52,0.18,1,0,1,18,0.17,2,0,4,21,0.08,0,0,2,17,0.18,0,0,6,8,0.09,0,0,2,11,0.07,0,0,3,8,0.05,0,0,1,44,0.22,0,0,2,58,0.21,0,0,6,17,0.23,0,0,9,28,0.19,0,0,3,19,0.24,0,0,9,25,0.18,0,0,6,2,0.03,0,0,2,19,0.08,0,0,2,6,0.02,0,0,1,1,0.08,0,0,2,37,0.08,0,0,1,9,0.05,0,0,1,9,0.10,0,0,2,21,0.05,0,0,2,14,0.02,0,0,2,3,0.05,0,0,2,18,0.09,0,0,2,3,0.02,0,0,2,14,0.04,0,0,2,24,0.18,0,0,2,6,0.05,0,0,2,26,0.10,0,0,3,9,0.14,0,0,3,7,0.09,0,0,2,8,0.07,0,0,2,10,0.08,0,0,3,33,0.12,2,0,1
74,724,67,0,11,0,1,0,1,IDLE,,1,PROTECTING,Field_1,1,IDLE,,1,IDLE,,1,IDLE,,1,IDLE,,1,IDLE,,1,IDLE,,1,IDLE,,1,IDLE,,1,IDLE,,1,PROTECTING,Field_2,1,IDLE,,1,PROTECTING,Field_4,1,IDLE,,1,IDLE,,1,MOVING_TO_FIELD,Field_6,1,PROTECTING,Field_40,1,PROTECTING,Field_8,1,IDLE,,1,PROTECTING,Field_6,1,IDLE,,1,PROTECTING,Field_8,1,IDLE,,1,IDLE,,1,IDLE,,1,IDLE,,1,IDLE,,1,IDLE,,1,PROTECTING,Field_3,1,IDLE,,1,IDLE,,1,IDLE,,1,IDLE,,1,PROTECTING,Field_7,1,IDLE,,1,IDLE,,1,IDLE,,1,PROTECTING,Field_5,1,PROTECTING,Field_40,1,IDLE,,1,IDLE,,1,IDLE,,1,IDLE,,1,IDLE,,1,IDLE,,1,IDLE,,1,IDLE,,1,IDLE,,1,IDLE,,1,IDLE,,1,IDLE,,1,IDLE,,1,IDLE,,1,IDLE,,1,IDLE,,1,IDLE,,1,IDLE,,1,IDLE,,1,IDLE,,1,IDLE,,1,IDLE,,1,IDLE,,1,IDLE,,1,IDLE,,1,IDLE,,1,IDLE,,1,IDLE,,1,IDLE,,1,IDLE,,1,IDLE,,1,IDLE,,1,IDLE,,1,IDLE,,1,IDLE,,1,IDLE,,1,IDLE,,1,IDLE,,1,IDLE,,42,0.21,1,0,8,17,0.13,1,0,3,11,0.04,1,0,1,0,0.00,1,0,0,3,0.00,1,0,0,40,0.32,1,1,5,55,0.18,1,0,1,18,0.18,2,0,4,21,0.08,0,0,2,17,0.16,0,0,6,8,0.09,0,0,2,11,0.07,0,0,3,8,0.05,0,0,1,44,0.23,0,0,2,58,0.22,0,0,6,17,0.22,0,0,9,29,0.20,0,0,3,19,0.25,0,0,9,25,0.18,0,0,6,2,0.03,0,0,2,19,0.08,0,0,2,6,0.02,0,0,1,1,0.07,0,0,2,37,0.08,0,0,1,9,0.05,0,0,1,9,0.10,0,0,2,22,0.04,0,0,2,14,0.02,0,0,2,3,0.05,0,0,2,19,0.09,0,0,2,3,0.02,0,0,2,14,0.04,0,0,2,24,0.12,0,0,2,6,0.07,0,0,2,26,0.10,0,0,3,9,0.14,0,0,3,7,0.09,0,0,2,8,0.06,0,0,2,10,0.10,0,0,3,33,0.11,2,0,1
75,730,67,0,11,0,1,0,1,IDLE,,1,PROTECTING,Field_1,1,IDLE,,1,IDLE,,1,IDLE,,1,IDLE,,1,IDLE,,1,IDLE,,1,IDLE,,1,IDLE,,1,IDLE,,1,PROTECTING,Field_2,1,IDLE,,1,PROTECTING,Field_4,1,IDLE,,1,IDLE,,1,MOVING_TO_FIELD,Field_6,1,PROTECTING,Field_40,1,PROTECTING,Field_8,1,IDLE,,1,PROTECTING,Field_6,1,IDLE,,1,PROTECTING,Field_8,1,IDLE,,1,IDLE,,1,IDLE,,1,IDLE,,1,IDLE,,1,IDLE,,1,PROTECTING,Field_3,1,IDLE,,1,IDLE,,1,IDLE,,1,IDLE,,1,PROTECTING,Field_7,1,IDLE,,1,IDLE,,1,IDLE,,1,PROTECTING,Field_5,1,PROTECTING,Field_40,1,IDLE,,1,IDLE,,1,IDLE,,1,IDLE,,1,IDLE,,1,IDLE,,1,IDLE,,1,IDLE,,1,IDLE,,1,IDLE,,1,IDLE,,1,IDLE,,1,IDLE,,1,IDLE,,1,IDLE,,1,IDLE,,1,IDLE,,1,IDLE,,1,IDLE,,1,IDLE,,1,IDLE,,1,IDLE,,1,IDLE,,1,IDLE,,1,IDLE,,1,IDLE,,1,IDLE,,1,IDLE,,1,IDLE,,1,IDLE,,1,IDLE,,1,IDLE,,1,IDLE,,1,IDLE,,1,IDLE,,1,IDLE,,1,IDLE,,1,IDLE,,1,IDLE,,42,0.20,1,0,8,17,0.13,1,0,3,11,0.04,1,0,1,0,0.00,1,0,0,3,0.00,1,0,0,41,0.31,1,1,5,57,0.16,1,0,1,19,0.18,2,0,4,21,0.07,0,0,2,17,0.15,0,0,6,8,0.10,0,0,2,11,0.07,0,0,3,8,0.05,0,0,1,45,0.23,0,0,2,58,0.22,0,0,6,17,0.21,0,0,9,29,0.20,0,0,3,19,0.25,0,0,9,25,0.18,0,0,6,2,0.03,0,0,2,19,0.08,0,0,2,6,0.02,0,0,1,1,0.07,0,0,2,38,0.08,0,0,1,9,0.05,0,0,1,9,0.09,0,0,2,22,0.04,0,0,2,14,0.02,0,0,2,3,0.05,0,0,2,19,0.08,0,0,2,3,0.02,0,0,2,14,0.04,0,0,2,24,0.12,0,0,2,6,0.05,0,0,2,26,0.11,0,0,3,9,0.14,0,0,3,7,0.07,0,0,2,8,0.06,0,0,2,10,0.10,0,0,3,33,0.11,2,0,1
76,739,67,0,11,0,1,0,1,IDLE,,1,PROTECTING,Field_1,1,IDLE,,1,IDLE,,1,IDLE,,1,IDLE,,1,IDLE,,1,IDLE,,1,IDLE,,1,IDLE,,1,IDLE,,1,PROTECTING,Field_2,1,IDLE,,1,PROTECTING,Field_4,1,IDLE,,1,IDLE,,1,MOVING_TO_FIELD,Field_6,1,PROTECTING,Field_40,1,PROTECTING,Field_8,1,IDLE,,1,PROTECTING,Field_6,1,IDLE,,1,PROTECTING,Field_8,1,IDLE,,1,IDLE,,1,IDLE,,1,IDLE,,1,IDLE,,1,IDLE,,1,PROTECTING,Field_3,1,IDLE,,1,IDLE,,1,IDLE,,1,IDLE,,1,PROTECTING,Field_7,1,IDLE,,1,IDLE,,1,IDLE,,1,PROTECTING,Field_5,1,PROTECTING,Field_40,1,IDLE,,1,IDLE,,1,IDLE,,1,IDLE,,1,IDLE,,1,IDLE,,1,IDLE,,1,IDLE,,1,IDLE,,1,IDLE,,1,IDLE,,1,IDLE,,1,IDLE,,1,IDLE,,1,IDLE,,1,IDLE,,1,IDLE,,1,IDLE,,1,IDLE,,1,IDLE,,1,IDLE,,1,IDLE,,1,IDLE,,1,IDLE,,1,IDLE,,1,IDLE,,1,IDLE,,1,IDLE,,1,IDLE,,1,IDLE,,1,IDLE,,1,IDLE,,1,IDLE,,1,IDLE,,1,IDLE,,1,IDLE,,1,IDLE,,1,IDLE,,1,IDLE,,42,0.20,1,0,8,17,0.13,1,0,3,11,0.02,1,0,1,0,0.00,1,0,0,3,0.00,1,0,0,42,0.29,1,1,5,57,0.15,1,0,1,20,0.18,2,0,4,22,0.08,0,0,2,18,0.16,0,0,6,9,0.10,0,0,2,11,0.06,0,0,3,8,0.05,0,0,1,47,0.22,0,0,2,58,0.22,0,0,6,19,0.20,0,0,9,29,0.20,0,0,3,19,0.25,0,0,9,25,0.17,0,0,6,2,0.03,0,0,2,19,0.08,0,0,2,6,0.03,0,0,1,1,0.07,0,0,2,38,0.08,0,0,1,9,0.05,0,0,1,9,0.08,0,0,2,22,0.04,0,0,2,14,0.02,0,0,2,3,0.05,0,0,2,19,0.06,0,0,2,3,0.02,0,0,2,14,0.04,0,0,2,24,0.11,0,0,2,6,0.03,0,0,2,26,0.12,0,0,3,9,0.14,0,0,3,7,0.07,0,0,2,8,0.07,0,0,2,10,0.09,0,0,3,33,0.11,2,0,1
77,744,67,0,11,0,1,0,1,IDLE,,1,PROTECTING,Field_1,1,IDLE,,1,IDLE,,1,IDLE,,1,IDLE,,1,IDLE,,1,IDLE,,1,IDLE,,1,IDLE,,1,IDLE,,1,PROTECTING,Field_2,1,IDLE,,1,PROTECTING,Field_4,1,IDLE,,1,IDLE,,1,MOVING_TO_FIELD,Field_6,1,PROTECTING,Field_40,1,PROTECTING,Field_8,1,IDLE,,1,PROTECTING,Field_6,1,IDLE,,1,PROTECTING,Field_8,1,IDLE,,1,IDLE,,1,IDLE,,1,IDLE,,1,IDLE,,1,IDLE,,1,PROTECTING,Field_3,1,IDLE,,1,IDLE,,1,IDLE,,1,IDLE,,1,PROTECTING,Field_7,1,IDLE,,1,IDLE,,1,IDLE,,1,PROTECTING,Field_5,1,PROTECTING,Field_40,1,IDLE,,1,IDLE,,1,IDLE,,1,IDLE,,1,IDLE,,1,IDLE,,1,IDLE,,1,IDLE,,1,IDLE,,1,IDLE,,1,IDLE,,1,IDLE,,1,IDLE,,1,IDLE,,1,IDLE,,1,IDLE,,1,IDLE,,1,IDLE,,1,IDLE,,1,IDLE,,1,IDLE,,1,IDLE,,1,IDLE,,1,IDLE,,1,IDLE,,1,IDLE,,1,IDLE,,1,IDLE,,1,IDLE,,1,IDLE,,1,IDLE,,1,IDLE,,1,IDLE,,1,IDLE,,1,IDLE,,1,IDLE,,1,IDLE,,1,IDLE,,1,IDLE,,42,0.19,1,0,8,17,0.13,1,0,3,11,0.02,1,0,1,0,0.00,1,0,0,3,0.00,1,0,0,45,0.28,1,1,5,57,0.16,1,0,1,21,0.18,2,0,4,22,0.08,0,0,2,18,0.16,0,0,6,9,0.10,0,0,2,11,0.08,0,0,3,8,0.05,0,0,1,48,0.22,0,0,2,58,0.21,0,0,6,19,0.19,0,0,9,29,0.19,0,0,3,19,0.25,0,0,9,25,0.17,0,0,6,2,0.01,0,0,2,19,0.05,0,0,2,6,0.03,0,0,1,1,0.07,0,0,2,38,0.07,0,0,1,9,0.09,0,0,1,9,0.08,0,0,2,22,0.05,0,0,2,14,0.02,0,0,2,3,0.05,0,0,2,19,0.06,0,0,2,3,0.02,0,0,2,14,0.05,0,0,2,24,0.11,0,0,2,6,0.03,0,0,2,26,0.12,0,0,3,9,0.14,0,0,3,7,0.07,0,0,2,8,0.07,0,0,2,10,0.10,0,0,3,33,0.11,2,0,1
78,751,67,0,11,0,1,0,1,IDLE,,1,PROTECTING,Field_1,1,IDLE,,1,IDLE,,1,IDLE,,1,IDLE,,1,IDLE,,1,IDLE,,1,IDLE,,1,IDLE,,1,IDLE,,1,PROTECTING,Field_2,1,IDLE,,1,PROTECTING,Field_4,1,IDLE,,1,IDLE,,1,MOVING_TO_FIELD,Field_6,1,PROTECTING,Field_40,1,PROTECTING,Field_8,1,IDLE,,1,PROTECTING,Field_6,1,IDLE,,1,PROTECTING,Field_8,1,IDLE,,1,IDLE,,1,IDLE,,1,IDLE,,1,IDLE,,1,IDLE,,1,PROTECTING,Field_3,1,IDLE,,1,IDLE,,1,IDLE,,1,IDLE,,1,PROTECTING,Field_7,1,IDLE,,1,IDLE,,1,IDLE,,1,PROTECTING,Field_5,1,PROTECTING,Field_40,1,IDLE,,1,IDLE,,1,IDLE,,1,IDLE,,1,IDLE,,1,IDLE,,1,IDLE,,1,IDLE,,1,IDLE,,1,IDLE,,1,IDLE,,1,IDLE,,1,IDLE,,1,IDLE,,1,IDLE,,1,IDLE,,1,IDLE,,1,IDLE,,1,IDLE,,1,IDLE,,1,IDLE,,1,IDLE,,1,IDLE,,1,IDLE,,1,IDLE,,1,IDLE,,1,IDLE,,1,IDLE,,1,IDLE,,1,IDLE,,1,IDLE,,1,IDLE,,1,IDLE,,1,IDLE,,1,IDLE,,1,IDLE,,1,IDLE,,1,IDLE,,1,IDLE,,42,0.20,1,0,8,17,0.12,1,0,3,11,0.02,1,0,1,0,0.00,1,0,0,3,0.00,1,0,0,49,0.28,1,1,5,58,0.16,1,0,1,21,0.17,2,0,4,22,0.09,0,0,2,18,0.14,0,0,6,9,0.09,0,0,2,11,0.08,0,0,3,8,0.05,0,0,1,48,0.22,0,0,2,58,0.20,0,0,6,19,0.19,0,0,9,29,0.20,0,0,3,20,0.25,0,0,9,25,0.17,0,0,6,2,0.01,0,0,2,19,0.05,0,0,2,6,0.03,0,0,1,1,0.07,0,0,2,38,0.07,0,0,1,9,0.09,0,0,1,9,0.09,0,0,2,22,0.05,0,0,2,14,0.00,0,0,2,3,0.05,0,0,2,19,0.09,0,0,2,3,0.02,0,0,2,14,0.06,0,0,2,24,0.11,0,0,2,6,0.03,0,0,2,26,0.12,0,0,3,9,0.14,0,0,3,7,0.07,0,0,2,8,0.07,0,0,2,11,0.10,0,0,3,33,0.11,2,0,1
79,756,67,0,11,0,1,0,1,IDLE,,1,PROTECTING,Field_1,1,IDLE,,1,IDLE,,1,IDLE,,1,IDLE,,1,IDLE,,1,IDLE,,1,IDLE,,1,IDLE,,1,IDLE,,1,PROTECTING,Field_2,1,IDLE,,1,PROTECTING,Field_4,1,IDLE,,1,IDLE,,1,MOVING_TO_FIELD,Field_6,1,PROTECTING,Field_40,1,PROTECTING,Field_8,1,IDLE,,1,PROTECTING,Field_6,1,IDLE,,1,PROTECTING,Field_8,1,IDLE,,1,IDLE,,1,IDLE,,1,IDLE,,1,IDLE,,1,IDLE,,1,PROTECTING,Field_3,1,IDLE,,1,IDLE,,1,IDLE,,1,IDLE,,1,PROTECTING,Field_7,1,IDLE,,1,IDLE,,1,IDLE,,1,PROTECTING,Field_5,1,PROTECTING,Field_40,1,IDLE,,1,IDLE,,1,IDLE,,1,IDLE,,1,IDLE,,1,IDLE,,1,IDLE,,1,IDLE,,1,IDLE,,1,IDLE,,1,IDLE,,1,IDLE,,1,IDLE,,1,IDLE,,1,IDLE,,1,IDLE,,1,IDLE,,1,IDLE,,1,IDLE,,1,IDLE,,1,IDLE,,1,IDLE,,1,IDLE,,1,IDLE,,1,IDLE,,1,IDLE,,1,IDLE,,1,IDLE,,1,IDLE,,1,IDLE,,1,IDLE,,1,IDLE,,1,IDLE,,1,IDLE,,1,IDLE,,1,IDLE,,1,IDLE,,1,IDLE,,1,IDLE,,42,0.19,1,0,8,17,0.12,1,0,3,11,0.03,1,0,1,0,0.00,1,0,0,3,0.00,1,0,0,50,0.28,1,1,5,58,0.16,1,0,1,21,0.18,2,0,4,22,0.10,0,0,2,19,0.14,0,0,6,9,0.09,0,0,2,11,0.08,0,0,3,8,0.05,0,0,1,50,0.23,0,0,2,58,0.19,0,0,6,19,0.19,0,0,9,30,0.19,0,0,3,20,0.25,0,0,9,25,0.14,0,0,6,2,0.01,0,0,2,19,0.05,0,0,2,6,0.02,0,0,1,1,0.07,0,0,2,38,0.07,0,0,1,9,0.09,0,0,1,9,0.12,0,0,2,22,0.05,0,0,2,14,0.00,0,0,2,3,0.05,0,0,2,19,0.08,0,0,2,3,0.02,0,0,2,14,0.08,0,0,2,24,0.09,0,0,2,6,0.03,0,0,2,26,0.12,0,0,3,9,0.14,0,0,3,7,0.07,0,0,2,8,0.07,0,0,2,11,0.09,0,0,3,33,0.11,2,0,1
80,765,67,0,11,0,1,0,1,IDLE,,1,PROTECTING,Field_1,1,IDLE,,1,IDLE,,1,IDLE,,1,IDLE,,1,IDLE,,1,IDLE,,1,IDLE,,1,IDLE,,1,IDLE,,1,PROTECTING,Field_2,1,IDLE,,1,PROTECTING,Field_4,1,IDLE,,1,IDLE,,1,MOVING_TO_FIELD,Field_6,1,PROTECTING,Field_40,1,PROTECTING,Field_8,1,IDLE,,1,PROTECTING,Field_6,1,IDLE,,1,PROTECTING,Field_8,1,IDLE,,1,IDLE,,1,IDLE,,1,IDLE,,1,IDLE,,1,IDLE,,1,PROTECTING,Field_3,1,IDLE,,1,IDLE,,1,IDLE,,1,IDLE,,1,PROTECTING,Field_7,1,IDLE,,1,IDLE,,1,IDLE,,1,PROTECTING,Field_5,1,PROTECTING,Field_40,1,IDLE,,1,IDLE,,1,IDLE,,1,IDLE,,1,IDLE,,1,IDLE,,1,IDLE,,1,IDLE,,1,IDLE,,1,IDLE,,1,IDLE,,1,IDLE,,1,IDLE,,1,IDLE,,1,IDLE,,1,IDLE,,1,IDLE,,1,IDLE,,1,IDLE,,1,IDLE,,1,IDLE,,1,IDLE,,1,IDLE,,1,IDLE,,1,IDLE,,1,IDLE,,1,IDLE,,1,IDLE,,1,IDLE,,1,IDLE,,1,IDLE,,1,IDLE,,1,IDLE,,1,IDLE,,1,IDLE,,1,IDLE,,1,IDLE,,1,IDLE,,1,IDLE,,42,0.19,1,0,8,17,0.12,1,0,3,11,0.03,1,0,1,0,0.00,1,0,0,3,0.00,1,0,0,51,0.28,1,1,5,58,0.15,1,0,1,22,0.18,2,0,4,22,0.09,0,0,2,19,0.14,0,0,6,9,0.09,0,0,2,11,0.09,0,0,3,8,0.05,0,0,1,54,0.23,0,0,2,58,0.19,0,0,6,19,0.20,0,0,9,31,0.17,0,0,3,21,0.25,0,0,9,25,0.14,0,0,6,2,0.01,0,0,2,19,0.05,0,0,2,6,0.02,0,0,1,1,0.08,0,0,2,38,0.08,0,0,1,9,0.07,0,0,1,9,0.12,0,0,2,22,0.07,0,0,2,14,0.00,0,0,2,4,0.05,0,0,2,19,0.06,0,0,2,3,0.02,0,0,2,14,0.09,0,0,2,24,0.07,0,0,2,6,0.05,0,0,2,26,0.12,0,0,3,9,0.12,0,0,3,7,0.07,0,0,2,8,0.07,0,0,2,11,0.09,0,0,3,33,0.12,2,0,1
81,771,67,0,11,0,1,0,1,IDLE,,1,PROTECTING,Field_1,1,IDLE,,1,IDLE,,1,IDLE,,1,IDLE,,1,IDLE,,1,IDLE,,1,IDLE,,1,IDLE,,1,IDLE,,1,PROTECTING,Field_2,1,IDLE,,1,PROTECTING,Field_4,1,IDLE,,1,IDLE,,1,MOVING_TO_FIELD,Field_6,1,PROTECTING,Field_40,1,PROTECTING,Field_8,1,IDLE,,1,PROTECTING,Field_6,1,IDLE,,1,PROTECTING,Field_8,1,IDLE,,1,IDLE,,1,IDLE,,1,IDLE,,1,IDLE,,1,IDLE,,1,PROTECTING,Field_3,1,IDLE,,1,IDLE,,1,IDLE,,1,IDLE,,1,PROTECTING,Field_7,1,IDLE,,1,IDLE,,1,IDLE,,1,PROTECTING,Field_5,1,PROTECTING,Field_40,1,IDLE,,1,IDLE,,1,IDLE,,1,IDLE,,1,IDLE,,1,IDLE,,1,IDLE,,1,IDLE,,1,IDLE,,1,IDLE,,1,IDLE,,1,IDLE,,1,IDLE,,1,IDLE,,1,IDLE,,1,IDLE,,1,IDLE,,1,IDLE,,1,IDLE,,1,IDLE,,1,IDLE,,1,IDLE,,1,IDLE,,1,IDLE,,1,IDLE,,1,IDLE,,1,IDLE,,1,IDLE,,1,IDLE,,1,IDLE,,1,IDLE,,1,IDLE,,1,IDLE,,1,IDLE,,1,IDLE,,1,IDLE,,1,IDLE,,1,IDLE,,1,IDLE,,42,0.19,1,0,8,17,0.12,1,0,3,11,0.03,1,0,1,0,0.00,1,0,0,3,0.00,1,0,0,53,0.27,1,1,5,58,0.14,1,0,1,23,0.18,2,0,4,22,0.10,0,0,2,19,0.14,0,0,6,9,0.09,0,0,2,11,0.08,0,0,3,8,0.05,0,0,1,55,0.22,0,0,2,58,0.19,0,0,6,19,0.20,0,0,9,31,0.17,0,0,3,21,0.26,0,0,9,25,0.14,0,0,6,2,0.01,0,0,2,19,0.05,0,0,2,6,0.02,0,0,1,1,0.08,0,0,2,39,0.08,0,0,1,9,0.09,0,0,1,9,0.12,0,0,2,22,0.06,0,0,2,14,0.00,0,0,2,4,0.05,0,0,2,19,0.08,0,0,2,3,0.02,0,0,2,14,0.09,0,0,2,24,0.07,0,0,2,6,0.05,0,0,2,26,0.12,0,0,3,9,0.12,0,0,3,7,0.07,0,0,2,8,0.06,0,0,2,11,0.09,0,0,3,34,0.12,2,0,1
82,776,67,0,12,0,0,0,1,IDLE,,1,PROTECTING,Field_1,1,IDLE,,1,IDLE,,1,IDLE,,1,IDLE,,1,IDLE,,1,IDLE,,1,IDLE,,1,IDLE,,1,IDLE,,1,PROTECTING,Field_2,1,IDLE,,1,PROTECTING,Field_4,1,IDLE,,1,IDLE,,1,PROTECTING,Field_6,1,PROTECTING,Field_40,1,PROTECTING,Field_8,1,IDLE,,1,PROTECTING,Field_6,1,IDLE,,1,PROTECTING,Field_8,1,IDLE,,1,IDLE,,1,IDLE,,1,IDLE,,1,IDLE,,1,IDLE,,1,PROTECTING,Field_3,1,IDLE,,1,IDLE,,1,IDLE,,1,IDLE,,1,PROTECTING,Field_7,1,IDLE,,1,IDLE,,1,IDLE,,1,PROTECTING,Field_5,1,PROTECTING,Field_40,1,IDLE,,1,IDLE,,1,IDLE,,1,IDLE,,1,IDLE,,1,IDLE,,1,IDLE,,1,IDLE,,1,IDLE,,1,IDLE,,1,IDLE,,1,IDLE,,1,IDLE,,1,IDLE,,1,IDLE,,1,IDLE,,1,IDLE,,1,IDLE,,1,IDLE,,1,IDLE,,1,IDLE,,1,IDLE,,1,IDLE,,1,IDLE,,1,IDLE,,1,IDLE,,1,IDLE,,1,IDLE,,1,IDLE,,1,IDLE,,1,IDLE,,1,IDLE,,1,IDLE,,1,IDLE,,1,IDLE,,1,IDLE,,1,IDLE,,1,IDLE,,1,IDLE,,42,0.20,1,0,8,17,0.12,1,0,3,11,0.03,1,0,1,0,0.00,1,0,0,3,0.00,1,0,0,55,0.28,2,0,4,58,0.14,1,0,1,23,0.17,2,0,4,22,0.10,0,0,2,19,0.14,0,0,6,9,0.09,0,0,2,11,0.07,0,0,3,8,0.05,0,0,1,55,0.22,0,0,2,58,0.18,0,0,6,19,0.20,0,0,9,32,0.17,0,0,3,21,0.25,0,0,9,25,0.14,0,0,6,2,0.01,0,0,2,19,0.05,0,0,2,6,0.02,0,0,1,1,0.08,0,0,2,39,0.08,0,0,1,9,0.07,0,0,1,9,0.12,0,0,2,22,0.05,0,0,2,14,0.00,0,0,2,4,0.05,0,0,2,19,0.09,0,0,2,3,0.02,0,0,2,14,0.09,0,0,2,24,0.07,0,0,2,6,0.07,0,0,2,26,0.12,0,0,3,9,0.12,0,0,3,7,0.08,0,0,2,8,0.05,0,0,2,13,0.08,0,0,3,34,0.12,2,0,1
83,780,67,0,12,0,0,0,1,IDLE,,1,PROTECTING,Field_1,1,IDLE,,1,IDLE,,1,IDLE,,1,IDLE,,1,IDLE,,1,IDLE,,1,IDLE,,1,IDLE,,1,IDLE,,1,PROTECTING,Field_2,1,IDLE,,1,PROTECTING,Field_4,1,IDLE,,1,IDLE,,1,PROTECTING,Field_6,1,PROTECTING,Field_40,1,PROTECTING,Field_8,1,IDLE,,1,PROTECTING,Field_6,1,IDLE,,1,PROTECTING,Field_8,1,IDLE,,1,IDLE,,1,IDLE,,1,IDLE,,1,IDLE,,1,IDLE,,1,PROTECTING,Field_3,1,IDLE,,1,IDLE,,1,IDLE,,1,IDLE,,1,PROTECTING,Field_7,1,IDLE,,1,IDLE,,1,IDLE,,1,PROTECTING,Field_5,1,PROTECTING,Field_40,1,IDLE,,1,IDLE,,1,IDLE,,1,IDLE,,1,IDLE,,1,IDLE,,1,IDLE,,1,IDLE,,1,IDLE,,1,IDLE,,1,IDLE,,1,IDLE,,1,IDLE,,1,IDLE,,1,IDLE,,1,IDLE,,1,IDLE,,1,IDLE,,1,IDLE,,1,IDLE,,1,IDLE,,1,IDLE,,1,IDLE,,1,IDLE,,1,IDLE,,1,IDLE,,1,IDLE,,1,IDLE,,1,IDLE,,1,IDLE,,1,IDLE,,1,IDLE,,1,IDLE,,1,IDLE,,1,IDLE,,1,IDLE,,1,IDLE,,1,IDLE,,1,IDLE,,42,0.21,1,0,8,17,0.12,1,0,3,11,0.03,1,0,1,0,0.00,1,0,0,3,0.00,1,0,0,55,0.27,2,0,4,58,0.11,1,0,1,23,0.16,2,0,4,22,0.09,0,0,2,19,0.14,0,0,6,9,0.09,0,0,2,11,0.06,0,0,3,8,0.05,0,0,1,56,0.22,0,0,2,58,0.19,0,0,6,19,0.19,0,0,9,33,0.17,0,0,3,21,0.24,0,0,9,25,0.14,0,0,6,2,0.01,0,0,2,19,0.05,0,0,2,6,0.03,0,0,1,1,0.08,0,0,2,39,0.08,0,0,1,9,0.05,0,0,1,9,0.13,0,0,2,22,0.06,0,0,2,14,0.00,0,0,2,4,0.05,0,0,2,19,0.09,0,0,2,3,0.02,0,0,2,14,0.10,0,0,2,24,0.07,0,0,2,6,0.07,0,0,2,26,0.12,0,0,3,9,0.12,0,0,3,7,0.08,0,0,2,8,0.04,0,0,2,13,0.07,0,0,3,36,0.12,2,0,1
84,786,67,0,12,0,0,0,1,IDLE,,1,PROTECTING,Field_1,1,IDLE,,1,IDLE,,1,IDLE,,1,IDLE,,1,IDLE,,1,IDLE,,1,IDLE,,1,IDLE,,1,IDLE,,1,PROTECTING,Field_2,1,IDLE,,1,PROTECTING,Field_4,1,IDLE,,1,IDLE,,1,PROTECTING,Field_6,1,PROTECTING,Field_40,1,PROTECTING,Field_8,1,IDLE,,1,PROTECTING,Field_6,1,IDLE,,1,PROTECTING,Field_8,1,IDLE,,1,IDLE,,1,IDLE,,1,IDLE,,1,IDLE,,1,IDLE,,1,PROTECTING,Field_3,1,IDLE,,1,IDLE,,1,IDLE,,1,IDLE,,1,PROTECTING,Field_7,1,IDLE,,1,IDLE,,1,IDLE,,1,PROTECTING,Field_5,1,PROTECTING,Field_40,1,IDLE,,1,IDLE,,1,IDLE,,1,IDLE,,1,IDLE,,1,IDLE,,1,IDLE,,1,IDLE,,1,IDLE,,1,IDLE,,1,IDLE,,1,IDLE,,1,IDLE,,1,IDLE,,1,IDLE,,1,IDLE,,1,IDLE,,1,IDLE,,1,IDLE,,1,IDLE,,1,IDLE,,1,IDLE,,1,IDLE,,1,IDLE,,1,IDLE,,1,IDLE,,1,IDLE,,1,IDLE,,1,IDLE,,1,IDLE,,1,IDLE,,1,IDLE,,1,IDLE,,1,IDLE,,1,IDLE,,1,IDLE,,1,IDLE,,1,IDLE,,1,IDLE,,42,0.20,1,0,8,17,0.12,1,0,3,11,0.03,1,0,1,0,0.00,1,0,0,3,0.00,1,0,0,56,0.27,2,0,4,58,0.13,1,0,1,24,0.15,2,0,4,22,0.09,0,0,2,19,0.14,0,0,6,9,0.10,0,0,2,11,0.06,0,0,3,8,0.05,0,0,1,58,0.19,0,0,2,58,0.19,0,0,6,19,0.18,0,0,9,34,0.17,0,0,3,21,0.24,0,0,9,25,0.16,0,0,6,2,0.03,0,0,2,19,0.06,0,0,2,6,0.02,0,0,1,1,0.08,0,0,2,39,0.08,0,0,1,9,0.05,0,0,1,10,0.14,0,0,2,22,0.06,0,0,2,14,0.00,0,0,2,4,0.05,0,0,2,19,0.09,0,0,2,3,0.02,0,0,2,14,0.10,0,0,2,24,0.07,0,0,2,6,0.07,0,0,2,26,0.12,0,0,3,9,0.10,0,0,3,7,0.08,0,0,2,8,0.05,0,0,2,13,0.07,0,0,3,36,0.12,2,0,1
85,789,67,0,12,0,0,0,1,IDLE,,1,PROTECTING,Field_1,1,IDLE,,1,IDLE,,1,IDLE,,1,IDLE,,1,IDLE,,1,IDLE,,1,IDLE,,1,IDLE,,1,IDLE,,1,PROTECTING,Field_2,1,IDLE,,1,PROTECTING,Field_4,1,IDLE,,1,IDLE,,1,PROTECTING,Field_6,1,PROTECTING,Field_40,1,PROTECTING,Field_8,1,IDLE,,1,PROTECTING,Field_6,1,IDLE,,1,PROTECTING,Field_8,1,IDLE,,1,IDLE,,1,IDLE,,1,IDLE,,1,IDLE,,1,IDLE,,1,PROTECTING,Field_3,1,IDLE,,1,IDLE,,1,IDLE,,1,IDLE,,1,PROTECTING,Field_7,1,IDLE,,1,IDLE,,1,IDLE,,1,PROTECTING,Field_5,1,PROTECTING,Field_40,1,IDLE,,1,IDLE,,1,IDLE,,1,IDLE,,1,IDLE,,1,IDLE,,1,IDLE,,1,IDLE,,1,IDLE,,1,IDLE,,1,IDLE,,1,IDLE,,1,IDLE,,1,IDLE,,1,IDLE,,1,IDLE,,1,IDLE,,1,IDLE,,1,IDLE,,1,IDLE,,1,IDLE,,1,IDLE,,1,IDLE,,1,IDLE,,1,IDLE,,1,IDLE,,1,IDLE,,1,IDLE,,1,IDLE,,1,IDLE,,1,IDLE,,1,IDLE,,1,IDLE,,1,IDLE,,1,IDLE,,1,IDLE,,1,IDLE,,1,IDLE,,1,IDLE,,42,0.20,1,0,8,17,0.12,1,0,3,11,0.03,1,0,1,0,0.00,1,0,0,3,0.00,1,0,0,57,0.27,2,0,4,59,0.13,1,0,1,24,0.15,2,0,4,22,0.09,0,0,2,19,0.13,0,0,6,9,0.10,0,0,2,11,0.06,0,0,3,8,0.03,0,0,1,59,0.17,0,0,2,58,0.19,0,0,6,19,0.17,0,0,9,34,0.16,0,0,3,21,0.22,0,0,9,25,0.16,0,0,6,2,0.03,0,0,2,19,0.06,0,0,2,6,0.02,0,0,1,1,0.07,0,0,2,39,0.08,0,0,1,9,0.04,0,0,1,10,0.14,0,0,2,22,0.06,0,0,2,14,0.00,0,0,2,4,0.05,0,0,2,19,0.09,0,0,2,3,0.02,0,0,2,14,0.10,0,0,2,24,0.07,0,0,2,6,0.07,0,0,2,26,0.12,0,0,3,9,0.10,0,0,3,7,0.08,0,0,2,8,0.05,0,0,2,13,0.09,0,0,3,36,0.12,2,0,1
86,794,67,0,12,0,0,0,1,IDLE,,1,PROTECTING,Field_1,1,IDLE,,1,IDLE,,1,IDLE,,1,IDLE,,1,IDLE,,1,IDLE,,1,IDLE,,1,IDLE,,1,IDLE,,1,PROTECTING,Field_2,1,IDLE,,1,PROTECTING,Field_4,1,IDLE,,1,IDLE,,1,PROTECTING,Field_6,1,PROTECTING,Field_40,1,PROTECTING,Field_8,1,IDLE,,1,PROTECTING,Field_6,1,IDLE,,1,PROTECTING,Field_8,1,IDLE,,1,IDLE,,1,IDLE,,1,IDLE,,1,IDLE,,1,IDLE,,1,PROTECTING,Field_3,1,IDLE,,1,IDLE,,1,IDLE,,1,IDLE,,1,PROTECTING,Field_7,1,IDLE,,1,IDLE,,1,IDLE,,1,PROTECTING,Field_5,1,PROTECTING,Field_40,1,IDLE,,1,IDLE,,1,IDLE,,1,IDLE,,1,IDLE,,1,IDLE,,1,IDLE,,1,IDLE,,1,IDLE,,1,IDLE,,1,IDLE,,1,IDLE,,1,IDLE,,1,IDLE,,1,IDLE,,1,IDLE,,1,IDLE,,1,IDLE,,1,IDLE,,1,IDLE,,1,IDLE,,1,IDLE,,1,IDLE,,1,IDLE,,1,IDLE,,1,IDLE,,1,IDLE,,1,IDLE,,1,IDLE,,1,IDLE,,1,IDLE,,1,IDLE,,1,IDLE,,1,IDLE,,1,IDLE,,1,IDLE,,1,IDLE,,1,IDLE,,1,IDLE,,42,0.21,1,0,8,17,0.12,1,0,3,11,0.03,1,0,1,0,0.00,1,0,0,3,0.00,1,0,0,58,0.27,2,0,4,59,0.13,1,0,1,25,0.16,2,0,4,22,0.09,0,0,2,19,0.13,0,0,6,9,0.10,0,0,2,11,0.05,0,0,3,8,0.03,0,0,1,60,0.17,0,0,2,58,0.19,0,0,6,19,0.17,0,0,9,35,0.17,0,0,3,21,0.24,0,0,9,25,0.16,0,0,6,2,0.03,0,0,2,19,0.06,0,0,2,6,0.00,0,0,1,1,0.07,0,0,2,39,0.08,0,0,1,9,0.05,0,0,1,10,0.12,0,0,2,22,0.05,0,0,2,14,0.00,0,0,2,4,0.05,0,0,2,19,0.09,0,0,2,3,0.02,0,0,2,14,0.10,0,0,2,24,0.05,0,0,2,6,0.07,0,0,2,26,0.11,0,0,3,9,0.10,0,0,3,7,0.07,0,0,2,8,0.05,0,0,2,13,0.09,0,0,3,37,0.12,2,0,1
87,800,67,0,12,0,0,0,1,IDLE,,1,PROTECTING,Field_1,1,IDLE,,1,IDLE,,1,IDLE,,1,IDLE,,1,IDLE,,1,IDLE,,1,IDLE,,1,IDLE,,1,IDLE,,1,PROTECTING,Field_2,1,IDLE,,1,PROTECTING,Field_4,1,IDLE,,1,IDLE,,1,PROTECTING,Field_6,1,PROTECTING,Field_40,1,PROTECTING,Field_8,1,IDLE,,1,PROTECTING,Field_6,1,IDLE,,1,PROTECTING,Field_8,1,IDLE,,1,IDLE,,1,IDLE,,1,IDLE,,1,IDLE,,1,IDLE,,1,PROTECTING,Field_3,1,IDLE,,1,IDLE,,1,IDLE,,1,IDLE,,1,PROTECTING,Field_7,1,IDLE,,1,IDLE,,1,IDLE,,1,PROTECTING,Field_5,1,PROTECTING,Field_40,1,IDLE,,1,IDLE,,1,IDLE,,1,IDLE,,1,IDLE,,1,IDLE,,1,IDLE,,1,IDLE,,1,IDLE,,1,IDLE,,1,IDLE,,1,IDLE,,1,IDLE,,1,IDLE,,1,IDLE,,1,IDLE,,1,IDLE,,1,IDLE,,1,IDLE,,1,IDLE,,1,IDLE,,1,IDLE,,1,IDLE,,1,IDLE,,1,IDLE,,1,IDLE,,1,IDLE,,1,IDLE,,1,IDLE,,1,IDLE,,1,IDLE,,1,IDLE,,1,IDLE,,1,IDLE,,1,IDLE,,1,IDLE,,1,IDLE,,1,IDLE,,1,IDLE,,42,0.19,1,0,8,17,0.12,1,0,3,11,0.03,1,0,1,0,0.00,1,0,0,3,0.00,1,0,0,59,0.27,2,0,4,59,0.13,1,0,1,26,0.16,2,0,4,22,0.08,0,0,2,19,0.12,0,0,6,9,0.09,0,0,2,11,0.06,0,0,3,8,0.03,0,0,1,60,0.17,0,0,2,58,0.19,0,0,6,19,0.16,0,0,9,36,0.17,0,0,3,21,0.24,0,0,9,25,0.16,0,0,6,2,0.05,0,0,2,19,0.06,0,0,2,6,0.00,0,0,1,1,0.07,0,0,2,41,0.08,0,0,1,9,0.07,0,0,1,10,0.13,0,0,2,22,0.06,0,0,2,14,0.02,0,0,2,4,0.05,0,0,2,19,0.09,0,0,2,3,0.02,0,0,2,14,0.10,0,0,2,24,0.05,0,0,2,6,0.07,0,0,2,27,0.12,0,0,3,9,0.09,0,0,3,7,0.06,0,0,2,8,0.05,0,0,2,13,0.09,0,0,3,37,0.12,2,0,1
88,808,67,0,12,0,0,0,1,IDLE,,1,PROTECTING,Field_1,1,IDLE,,1,IDLE,,1,IDLE,,1,IDLE,,1,IDLE,,1,IDLE,,1,IDLE,,1,IDLE,,1,IDLE,,1,PROTECTING,Field_2,1,IDLE,,1,PROTECTING,Field_4,1,IDLE,,1,IDLE,,1,PROTECTING,Field_6,1,PROTECTING,Field_40,1,PROTECTING,Field_8,1,IDLE,,1,PROTECTING,Field_6,1,IDLE,,1,PROTECTING,Field_8,1,IDLE,,1,IDLE,,1,IDLE,,1,IDLE,,1,IDLE,,1,IDLE,,1,PROTECTING,Field_3,1,IDLE,,1,IDLE,,1,IDLE,,1,IDLE,,1,PROTECTING,Field_7,1,IDLE,,1,IDLE,,1,IDLE,,1,PROTECTING,Field_5,1,PROTECTING,Field_40,1,IDLE,,1,IDLE,,1,IDLE,,1,IDLE,,1,IDLE,,1,IDLE,,1,IDLE,,1,IDLE,,1,IDLE,,1,IDLE,,1,IDLE,,1,IDLE,,1,IDLE,,1,IDLE,,1,IDLE,,1,IDLE,,1,IDLE,,1,IDLE,,1,IDLE,,1,IDLE,,1,IDLE,,1,IDLE,,1,IDLE,,1,IDLE,,1,IDLE,,1,IDLE,,1,IDLE,,1,IDLE,,1,IDLE,,1,IDLE,,1,IDLE,,1,IDLE,,1,IDLE,,1,IDLE,,1,IDLE,,1,IDLE,,1,IDLE,,1,IDLE,,1,IDLE,,42,0.18,1,0,8,17,0.12,1,0,3,11,0.03,1,0,1,0,0.00,1,0,0,3,0.00,1,0,0,62,0.27,2,0,4,59,0.13,1,0,1,26,0.16,2,0,4,22,0.05,0,0,2,19,0.11,0,0,6,9,0.09,0,0,2,11,0.06,0,0,3,8,0.03,0,0,1,60,0.19,0,0,2,60,0.19,0,0,6,20,0.16,0,0,9,36,0.16,0,0,3,21,0.22,0,0,9,25,0.14,0,0,6,2,0.05,0,0,2,19,0.06,0,0,2,6,0.00,0,0,1,1,0.07,0,0,2,41,0.10,0,0,1,9,0.07,0,0,1,10,0.10,0,0,2,22,0.07,0,0,2,14,0.02,0,0,2,4,0.05,0,0,2,19,0.09,0,0,2,3,0.02,0,0,2,15,0.14,0,0,2,24,0.05,0,0,2,6,0.07,0,0,2,27,0.12,0,0,3,9,0.09,0,0,3,8,0.06,0,0,2,8,0.05,0,0,2,13,0.09,0,0,3,37,0.09,2,0,1
89,814,67,0,12,0,0,0,1,IDLE,,1,PROTECTING,Field_1,1,IDLE,,1,IDLE,,1,IDLE,,1,IDLE,,1,IDLE,,1,IDLE,,1,IDLE,,1,IDLE,,1,IDLE,,1,PROTECTING,Field_2,1,IDLE,,1,PROTECTING,Field_4,1,IDLE,,1,IDLE,,1,PROTECTING,Field_6,1,PROTECTING,Field_40,1,PROTECTING,Field_8,1,IDLE,,1,PROTECTING,Field_6,1,IDLE,,1,PROTECTING,Field_8,1,IDLE,,1,IDLE,,1,IDLE,,1,IDLE,,1,IDLE,,1,IDLE,,1,PROTECTING,Field_3,1,IDLE,,1,IDLE,,1,IDLE,,1,IDLE,,1,PROTECTING,Field_7,1,IDLE,,1,IDLE,,1,IDLE,,1,PROTECTING,Field_5,1,PROTECTING,Field_40,1,IDLE,,1,IDLE,,1,IDLE,,1,IDLE,,1,IDLE,,1,IDLE,,1,IDLE,,1,IDLE,,1,IDLE,,1,IDLE,,1,IDLE,,1,IDLE,,1,IDLE,,1,IDLE,,1,IDLE,,1,IDLE,,1,IDLE,,1,IDLE,,1,IDLE,,1,IDLE,,1,IDLE,,1,IDLE,,1,IDLE,,1,IDLE,,1,IDLE,,1,IDLE,,1,IDLE,,1,IDLE,,1,IDLE,,1,IDLE,,1,IDLE,,1,IDLE,,1,IDLE,,1,IDLE,,1,IDLE,,1,IDLE,,1,IDLE,,1,IDLE,,1,IDLE,,42,0.18,1,0,8,17,0.10,1,0,3,11,0.03,1,0,1,0,0.00,1,0,0,3,0.00,1,0,0,63,0.27,2,0,4,59,0.13,1,0,1,26,0.16,2,0,4,22,0.04,0,0,2,20,0.11,0,0,6,9,0.09,0,0,2,11,0.06,0,0,3,8,0.02,0,0,1,62,0.20,0,0,2,61,0.18,0,0,6,20,0.16,0,0,9,36,0.15,0,0,3,21,0.21,0,0,9,25,0.14,0,0,6,2,0.05,0,0,2,19,0.06,0,0,2,6,0.00,0,0,1,1,0.05,0,0,2,41,0.07,0,0,1,9,0.07,0,0,1,10,0.08,0,0,2,22,0.09,0,0,2,14,0.02,0,0,2,4,0.05,0,0,2,19,0.09,0,0,2,3,0.02,0,0,2,15,0.14,0,0,2,24,0.05,0,0,2,6,0.07,0,0,2,27,0.12,0,0,3,9,0.09,0,0,3,9,0.06,0,0,2,8,0.05,0,0,2,13,0.09,0,0,3,37,0.09,2,0,1
90,823,67,0,12,0,0,0,1,IDLE,,1,PROTECTING,Field_1,1,IDLE,,1,IDLE,,1,IDLE,,1,IDLE,,1,IDLE,,1,IDLE,,1,IDLE,,1,IDLE,,1,IDLE,,1,PROTECTING,Field_2,1,IDLE,,1,PROTECTING,Field_4,1,IDLE,,1,IDLE,,1,PROTECTING,Field_6,1,PROTECTING,Field_40,1,PROTECTING,Field_8,1,IDLE,,1,PROTECTING,Field_6,1,IDLE,,1,PROTECTING,Field_8,1,IDLE,,1,IDLE,,1,IDLE,,1,IDLE,,1,IDLE,,1,IDLE,,1,PROTECTING,Field_3,1,IDLE,,1,IDLE,,1,IDLE,,1,IDLE,,1,PROTECTING,Field_7,1,IDLE,,1,IDLE,,1,IDLE,,1,PROTECTING,Field_5,1,PROTECTING,Field_40,1,IDLE,,1,IDLE,,1,IDLE,,1,IDLE,,1,IDLE,,1,IDLE,,1,IDLE,,1,IDLE,,1,IDLE,,1,IDLE,,1,IDLE,,1,IDLE,,1,IDLE,,1,IDLE,,1,IDLE,,1,IDLE,,1,IDLE,,1,IDLE,,1,IDLE,,1,IDLE,,1,IDLE,,1,IDLE,,1,IDLE,,1,IDLE,,1,IDLE,,1,IDLE,,1,IDLE,,1,IDLE,,1,IDLE,,1,IDLE,,1,IDLE,,1,IDLE,,1,IDLE,,1,IDLE,,1,IDLE,,1,IDLE,,1,IDLE,,1,IDLE,,1,IDLE,,42,0.18,1,0,8,18,0.09,1,0,3,11,0.03,1,0,1,0,0.00,1,0,0,3,0.00,1,0,0,65,0.26,2,0,4,59,0.11,1,0,1,26,0.17,2,0,4,22,0.03,0,0,2,21,0.11,0,0,6,9,0.10,0,0,2,11,0.05,0,0,3,8,0.02,0,0,1,62,0.20,0,0,2,62,0.18,0,0,6,20,0.16,0,0,9,37,0.16,0,0,3,21,0.21,0,0,9,25,0.14,0,0,6,2,0.05,0,0,2,19,0.06,0,0,2,6,0.00,0,0,1,1,0.03,0,0,2,41,0.07,0,0,1,9,0.07,0,0,1,10,0.08,0,0,2,22,0.06,0,0,2,14,0.02,0,0,2,4,0.05,0,0,2,19,0.09,0,0,2,3,0.02,0,0,2,16,0.14,0,0,2,24,0.05,0,0,2,6,0.05,0,0,2,28,0.11,0,0,3,9,0.09,0,0,3,9,0.06,0,0,2,8,0.02,0,0,2,14,0.09,0,0,3,37,0.09,2,0,1
91,827,64,0,12,0,3,0,1,IDLE,,1,PROTECTING,Field_1,1,IDLE,,1,IDLE,,1,IDLE,,1,IDLE,,1,IDLE,,1,IDLE,,1,IDLE,,1,IDLE,,1,IDLE,,1,PROTECTING,Field_2,1,IDLE,,1,PROTECTING,Field_4,1,IDLE,,1,IDLE,,1,PROTECTING,Field_6,1,PROTECTING,Field_40,1,PROTECTING,Field_8,1,MOVING_TO_FIELD,Field_8,1,PROTECTING,Field_6,1,IDLE,,1,PROTECTING,Field_8,1,MOVING_TO_FIELD,Field_8,1,MOVING_TO_FIELD,Field_8,1,IDLE,,1,IDLE,,1,IDLE,,1,IDLE,,1,PROTECTING,Field_3,1,IDLE,,1,IDLE,,1,IDLE,,1,IDLE,,1,PROTECTING,Field_7,1,IDLE,,1,IDLE,,1,IDLE,,1,PROTECTING,Field_5,1,PROTECTING,Field_40,1,IDLE,,1,IDLE,,1,IDLE,,1,IDLE,,1,IDLE,,1,IDLE,,1,IDLE,,1,IDLE,,1,IDLE,,1,IDLE,,1,IDLE,,1,IDLE,,1,IDLE,,1,IDLE,,1,IDLE,,1,IDLE,,1,IDLE,,1,IDLE,,1,IDLE,,1,IDLE,,1,IDLE,,1,IDLE,,1,IDLE,,1,IDLE,,1,IDLE,,1,IDLE,,1,IDLE,,1,IDLE,,1,IDLE,,1,IDLE,,1,IDLE,,1,IDLE,,1,IDLE,,1,IDLE,,1,IDLE,,1,IDLE,,1,IDLE,,1,IDLE,,1,IDLE,,43,0.18,1,0,8,18,0.09,1,0,3,11,0.03,1,0,1,0,0.00,1,0,0,3,0.00,1,0,0,65,0.26,2,0,4,60,0.11,1,0,1,26,0.18,2,3,4,22,0.02,0,0,2,21,0.11,0,0,6,9,0.09,0,0,2,11,0.04,0,0,3,8,0.02,0,0,1,62,0.20,0,0,2,62,0.19,0,0,6,21,0.16,0,0,9,37,0.15,0,0,3,21,0.20,0,0,9,25,0.14,0,0,6,2,0.05,0,0,2,19,0.06,0,0,2,6,0.00,0,0,1,1,0.03,0,0,2,41,0.07,0,0,1,9,0.05,0,0,1,10,0.08,0,0,2,22,0.06,0,0,2,14,0.02,0,0,2,4,0.05,0,0,2,19,0.10,0,0,2,3,0.02,0,0,2,16,0.14,0,0,2,24,0.05,0,0,2,6,0.05,0,0,2,29,0.11,0,0,3,9,0.10,0,0,3,9,0.06,0,0,2,8,0.02,0,0,2,14,0.09,0,0,3,37,0.08,2,0,1
92,834,64,0,12,0,3,0,1,IDLE,,1,PROTECTING,Field_1,1,IDLE,,1,IDLE,,1,IDLE,,1,IDLE,,1,IDLE,,1,IDLE,,1,IDLE,,1,IDLE,,1,IDLE,,1,PROTECTING,Field_2,1,IDLE,,1,PROTECTING,Field_4,1,IDLE,,1,IDLE,,1,PROTECTING,Field_6,1,PROTECTING,Field_40,1,PROTECTING,Field_8,1,MOVING_TO_FIELD,Field_8,1,PROTECTING,Field_6,1,IDLE,,1,PROTECTING,Field_8,1,MOVING_TO_FIELD,Field_8,1,MOVING_TO_FIELD,Field_8,1,IDLE,,1,IDLE,,1,IDLE,,1,IDLE,,1,PROTECTING,Field_3,1,IDLE,,1,IDLE,,1,IDLE,,1,IDLE,,1,PROTECTING,Field_7,1,IDLE,,1,IDLE,,1,IDLE,,1,PROTECTING,Field_5,1,PROTECTING,Field_40,1,IDLE,,1,IDLE,,1,IDLE,,1,IDLE,,1,IDLE,,1,IDLE,,1,IDLE,,1,IDLE,,1,IDLE,,1,IDLE,,1,IDLE,,1,IDLE,,1,IDLE,,1,IDLE,,1,IDLE,,1,IDLE,,1,IDLE,,1,IDLE,,1,IDLE,,1,IDLE,,1,IDLE,,1,IDLE,,1,IDLE,,1,IDLE,,1,IDLE,,1,IDLE,,1,IDLE,,1,IDLE,,1,IDLE,,1,IDLE,,1,IDLE,,1,IDLE,,1,IDLE,,1,IDLE,,1,IDLE,,1,IDLE,,1,IDLE,,1,IDLE,,1,IDLE,,43,0.18,1,0,8,18,0.09,1,0,3,11,0.03,1,0,1,0,0.00,1,0,0,3,0.00,1,0,0,68,0.26,2,0,4,61,0.10,1,0,1,26,0.19,2,3,4,22,0.02,0,0,2,21,0.11,0,0,6,9,0.09,0,0,2,11,0.04,0,0,3,8,0.02,0,0,1,63,0.20,0,0,2,63,0.19,0,0,6,21,0.15,0,0,9,38,0.15,0,0,3,21,0.18,0,0,9,25,0.16,0,0,6,2,0.05,0,0,2,19,0.06,0,0,2,6,0.00,0,0,1,1,0.03,0,0,2,41,0.07,0,0,1,9,0.05,0,0,1,10,0.08,0,0,2,22,0.06,0,0,2,14,0.02,0,0,2,4,0.05,0,0,2,19,0.08,0,0,2,3,0.02,0,0,2,16,0.14,0,0,2,24,0.07,0,0,2,6,0.05,0,0,2,29,0.10,0,0,3,9,0.12,0,0,3,9,0.06,0,0,2,8,0.02,0,0,2,14,0.07,0,0,3,37,0.08,2,0,1
93,839,64,0,12,0,3,0,1,IDLE,,1,PROTECTING,Field_1,1,IDLE,,1,IDLE,,1,IDLE,,1,IDLE,,1,IDLE,,1,IDLE,,1,IDLE,,1,IDLE,,1,IDLE,,1,PROTECTING,Field_2,1,IDLE,,1,PROTECTING,Field_4,1,IDLE,,1,IDLE,,1,PROTECTING,Field_6,1,PROTECTING,Field_40,1,PROTECTING,Field_8,1,MOVING_TO_FIELD,Field_8,1,PROTECTING,Field_6,1,IDLE,,1,PROTECTING,Field_8,1,MOVING_TO_FIELD,Field_8,1,MOVING_TO_FIELD,Field_8,1,IDLE,,1,IDLE,,1,IDLE,,1,IDLE,,1,PROTECTING,Field_3,1,IDLE,,1,IDLE,,1,IDLE,,1,IDLE,,1,PROTECTING,Field_7,1,IDLE,,1,IDLE,,1,IDLE,,1,PROTECTING,Field_5,1,PROTECTING,Field_40,1,IDLE,,1,IDLE,,1,IDLE,,1,IDLE,,1,IDLE,,1,IDLE,,1,IDLE,,1,IDLE,,1,IDLE,,1,IDLE,,1,IDLE,,1,IDLE,,1,IDLE,,1,IDLE,,1,IDLE,,1,IDLE,,1,IDLE,,1,IDLE,,1,IDLE,,1,IDLE,,1,IDLE,,1,IDLE,,1,IDLE,,1,IDLE,,1,IDLE,,1,IDLE,,1,IDLE,,1,IDLE,,1,IDLE,,1,IDLE,,1,IDLE,,1,IDLE,,1,IDLE,,1,IDLE,,1,IDLE,,1,IDLE,,1,IDLE,,1,IDLE,,1,IDLE,,44,0.17,1,0,8,18,0.09,1,0,3,11,0.03,1,0,1,0,0.00,1,0,0,3,0.00,1,0,0,70,0.26,2,0,4,61,0.10,1,0,1,26,0.19,2,3,4,22,0.03,0,0,2,21,0.11,0,0,6,9,0.09,0,0,2,11,0.04,0,0,3,8,0.02,0,0,1,63,0.19,0,0,2,63,0.19,0,0,6,22,0.16,0,0,9,39,0.15,0,0,3,21,0.17,0,0,9,25,0.17,0,0,6,2,0.05,0,0,2,19,0.06,0,0,2,6,0.00,0,0,1,1,0.03,0,0,2,41,0.03,0,0,1,9,0.05,0,0,1,10,0.06,0,0,2,22,0.06,0,0,2,14,0.02,0,0,2,4,0.05,0,0,2,19,0.08,0,0,2,3,0.02,0,0,2,16,0.13,0,0,2,24,0.07,0,0,2,6,0.05,0,0,2,29,0.11,0,0,3,9,0.12,0,0,3,9,0.06,0,0,2,8,0.02,0,0,2,14,0.08,0,0,3,37,0.09,2,0,1
94,841,64,0,12,0,3,0,1,IDLE,,1,PROTECTING,Field_1,1,IDLE,,1,IDLE,,1,IDLE,,1,IDLE,,1,IDLE,,1,IDLE,,1,IDLE,,1,IDLE,,1,IDLE,,1,PROTECTING,Field_2,1,IDLE,,1,PROTECTING,Field_4,1,IDLE,,1,IDLE,,1,PROTECTING,Field_6,1,PROTECTING,Field_40,1,PROTECTING,Field_8,1,MOVING_TO_FIELD,Field_8,1,PROTECTING,Field_6,1,IDLE,,1,PROTECTING,Field_8,1,MOVING_TO_FIELD,Field_8,1,MOVING_TO_FIELD,Field_8,1,IDLE,,1,IDLE,,1,IDLE,,1,IDLE,,1,PROTECTING,Field_3,1,IDLE,,1,IDLE,,1,IDLE,,1,IDLE,,1,PROTECTING,Field_7,1,IDLE,,1,IDLE,,1,IDLE,,1,PROTECTING,Field_5,1,PROTECTING,Field_40,1,IDLE,,1,IDLE,,1,IDLE,,1,IDLE,,1,IDLE,,1,IDLE,,1,IDLE,,1,IDLE,,1,IDLE,,1,IDLE,,1,IDLE,,1,IDLE,,1,IDLE,,1,IDLE,,1,IDLE,,1,IDLE,,1,IDLE,,1,IDLE,,1,IDLE,,1,IDLE,,1,IDLE,,1,IDLE,,1,IDLE,,1,IDLE,,1,IDLE,,1,IDLE,,1,IDLE,,1,IDLE,,1,IDLE,,1,IDLE,,1,IDLE,,1,IDLE,,1,IDLE,,1,IDLE,,1,IDLE,,1,IDLE,,1,IDLE,,1,IDLE,,1,IDLE,,44,0.16,1,0,8,19,0.09,1,0,3,11,0.03,1,0,1,0,0.00,1,0,0,3,0.00,1,0,0,70,0.26,2,0,4,61,0.10,1,0,1,26,0.18,2,3,4,22,0.03,0,0,2,21,0.11,0,0,6,9,0.10,0,0,2,11,0.04,0,0,3,8,0.02,0,0,1,63,0.17,0,0,2,63,0.19,0,0,6,22,0.16,0,0,9,40,0.15,0,0,3,21,0.17,0,0,9,25,0.18,0,0,6,2,0.05,0,0,2,19,0.06,0,0,2,6,0.00,0,0,1,1,0.03,0,0,2,41,0.03,0,0,1,9,0.05,0,0,1,10,0.03,0,0,2,22,0.07,0,0,2,14,0.02,0,0,2,4,0.05,0,0,2,19,0.08,0,0,2,3,0.02,0,0,2,16,0.10,0,0,2,24,0.07,0,0,2,6,0.07,0,0,2,29,0.10,0,0,3,9,0.10,0,0,3,9,0.06,0,0,2,8,0.02,0,0,2,14,0.09,0,0,3,37,0.09,2,0,1
95,843,64,0,13,0,2,0,1,IDLE,,1,PROTECTING,Field_1,1,IDLE,,1,IDLE,,1,IDLE,,1,IDLE,,1,IDLE,,1,IDLE,,1,IDLE,,1,IDLE,,1,IDLE,,1,PROTECTING,Field_2,1,IDLE,,1,PROTECTING,Field_4,1,IDLE,,1,IDLE,,1,PROTECTING,Field_6,1,PROTECTING,Field_40,1,PROTECTING,Field_8,1,MOVING_TO_FIELD,Field_8,1,PROTECTING,Field_6,1,IDLE,,1,PROTECTING,Field_8,1,PROTECTING,Field_8,1,MOVING_TO_FIELD,Field_8,1,IDLE,,1,IDLE,,1,IDLE,,1,IDLE,,1,PROTECTING,Field_3,1,IDLE,,1,IDLE,,1,IDLE,,1,IDLE,,1,PROTECTING,Field_7,1,IDLE,,1,IDLE,,1,IDLE,,1,PROTECTING,Field_5,1,PROTECTING,Field_40,1,IDLE,,1,IDLE,,1,IDLE,,1,IDLE,,1,IDLE,,1,IDLE,,1,IDLE,,1,IDLE,,1,IDLE,,1,IDLE,,1,IDLE,,1,IDLE,,1,IDLE,,1,IDLE,,1,IDLE,,1,IDLE,,1,IDLE,,1,IDLE,,1,IDLE,,1,IDLE,,1,IDLE,,1,IDLE,,1,IDLE,,1,IDLE,,1,IDLE,,1,IDLE,,1,IDLE,,1,IDLE,,1,IDLE,,1,IDLE,,1,IDLE,,1,IDLE,,1,IDLE,,1,IDLE,,1,IDLE,,1,IDLE,,1,IDLE,,1,IDLE,,1,IDLE,,44,0.16,1,0,8,20,0.09,1,0,3,11,0.02,1,0,1,0,0.00,1,0,0,3,0.00,1,0,0,70,0.25,2,0,4,61,0.09,1,0,1,26,0.16,3,2,3,22,0.03,0,0,2,21,0.10,0,0,6,9,0.10,0,0,2,11,0.04,0,0,3,8,0.02,0,0,1,64,0.17,0,0,2,63,0.18,0,0,6,22,0.16,0,0,9,40,0.14,0,0,3,21,0.17,0,0,9,25,0.18,0,0,6,2,0.05,0,0,2,19,0.06,0,0,2,6,0.00,0,0,1,1,0.05,0,0,2,41,0.01,0,0,1,9,0.05,0,0,1,10,0.04,0,0,2,22,0.06,0,0,2,14,0.00,0,0,2,4,0.05,0,0,2,19,0.08,0,0,2,3,0.02,0,0,2,16,0.10,0,0,2,24,0.07,0,0,2,6,0.08,0,0,2,29,0.10,0,0,3,9,0.10,0,0,3,9,0.05,0,0,2,8,0.02,0,0,2,14,0.09,0,0,3,37,0.09,2,0,1
96,843,64,0,13,0,2,0,1,IDLE,,1,PROTECTING,Field_1,1,IDLE,,1,IDLE,,1,IDLE,,1,IDLE,,1,IDLE,,1,IDLE,,1,IDLE,,1,IDLE,,1,IDLE,,1,PROTECTING,Field_2,1,IDLE,,1,PROTECTING,Field_4,1,IDLE,,1,IDLE,,1,PROTECTING,Field_6,1,PROTECTING,Field_40,1,PROTECTING,Field_8,1,MOVING_TO_FIELD,Field_8,1,PROTECTING,Field_6,1,IDLE,,1,PROTECTING,Field_8,1,PROTECTING,Field_8,1,MOVING_TO_FIELD,Field_8,1,IDLE,,1,IDLE,,1,IDLE,,1,IDLE,,1,PROTECTING,Field_3,1,IDLE,,1,IDLE,,1,IDLE,,1,IDLE,,1,PROTECTING,Field_7,1,IDLE,,1,IDLE,,1,IDLE,,1,PROTECTING,Field_5,1,PROTECTING,Field_40,1,IDLE,,1,IDLE,,1,IDLE,,1,IDLE,,1,IDLE,,1,IDLE,,1,IDLE,,1,IDLE,,1,IDLE,,1,IDLE,,1,IDLE,,1,IDLE,,1,IDLE,,1,IDLE,,1,IDLE,,1,IDLE,,1,IDLE,,1,IDLE,,1,IDLE,,1,IDLE,,1,IDLE,,1,IDLE,,1,IDLE,,1,IDLE,,1,IDLE,,1,IDLE,,1,IDLE,,1,IDLE,,1,IDLE,,1,IDLE,,1,IDLE,,1,IDLE,,1,IDLE,,1,IDLE,,1,IDLE,,1,IDLE,,1,IDLE,,1,IDLE,,1,IDLE,,44,0.17,1,0,8,20,0.09,1,0,3,11,0.02,1,0,1,0,0.00,1,0,0,3,0.00,1,0,0,70,0.25,2,0,4,61,0.09,1,0,1,26,0.14,3,2,3,22,0.07,0,0,2,21,0.10,0,0,6,9,0.10,0,0,2,11,0.04,0,0,3,8,0.02,0,0,1,64,0.14,0,0,2,63,0.18,0,0,6,22,0.16,0,0,9,40,0.14,0,0,3,21,0.16,0,0,9,25,0.18,0,0,6,2,0.04,0,0,2,19,0.06,0,0,2,6,0.00,0,0,1,1,0.05,0,0,2,41,0.00,0,0,1,9,0.04,0,0,1,10,0.04,0,0,2,22,0.06,0,0,2,14,0.00,0,0,2,4,0.05,0,0,2,19,0.04,0,0,2,3,0.02,0,0,2,16,0.10,0,0,2,24,0.09,0,0,2,6,0.05,0,0,2,29,0.10,0,0,3,9,0.10,0,0,3,9,0.05,0,0,2,8,0.02,0,0,2,14,0.08,0,0,3,37,0.09,2,0,1
97,846,64,0,13,0,2,0,1,IDLE,,1,PROTECTING,Field_1,1,IDLE,,1,IDLE,,1,IDLE,,1,IDLE,,1,IDLE,,1,IDLE,,1,IDLE,,1,IDLE,,1,IDLE,,1,PROTECTING,Field_2,1,IDLE,,1,PROTECTING,Field_4,1,IDLE,,1,IDLE,,1,PROTECTING,Field_6,1,PROTECTING,Field_40,1,PROTECTING,Field_8,1,MOVING_TO_FIELD,Field_8,1,PROTECTING,Field_6,1,IDLE,,1,PROTECTING,Field_8,1,PROTECTING,Field_8,1,MOVING_TO_FIELD,Field_8,1,IDLE,,1,IDLE,,1,IDLE,,1,IDLE,,1,PROTECTING,Field_3,1,IDLE,,1,IDLE,,1,IDLE,,1,IDLE,,1,PROTECTING,Field_7,1,IDLE,,1,IDLE,,1,IDLE,,1,PROTECTING,Field_5,1,PROTECTING,Field_40,1,IDLE,,1,IDLE,,1,IDLE,,1,IDLE,,1,IDLE,,1,IDLE,,1,IDLE,,1,IDLE,,1,IDLE,,1,IDLE,,1,IDLE,,1,IDLE,,1,IDLE,,1,IDLE,,1,IDLE,,1,IDLE,,1,IDLE,,1,IDLE,,1,IDLE,,1,IDLE,,1,IDLE,,1,IDLE,,1,IDLE,,1,IDLE,,1,IDLE,,1,IDLE,,1,IDLE,,1,IDLE,,1,IDLE,,1,IDLE,,1,IDLE,,1,IDLE,,1,IDLE,,1,IDLE,,1,IDLE,,1,IDLE,,1,IDLE,,1,IDLE,,1,IDLE,,44,0.17,1,0,8,20,0.09,1,0,3,11,0.02,1,0,1,0,0.00,1,0,0,3,0.00,1,0,0,70,0.25,2,0,4,61,0.08,1,0,1,26,0.14,3,2,3,22,0.07,0,0,2,21,0.10,0,0,6,9,0.10,0,0,2,11,0.04,0,0,3,8,0.02,0,0,1,65,0.12,0,0,2,63,0.18,0,0,6,22,0.18,0,0,9,41,0.15,0,0,3,21,0.16,0,0,9,25,0.18,0,0,6,2,0.04,0,0,2,19,0.06,0,0,2,6,0.00,0,0,1,1,0.05,0,0,2,41,0.00,0,0,1,9,0.04,0,0,1,10,0.03,0,0,2,22,0.05,0,0,2,14,0.00,0,0,2,4,0.05,0,0,2,19,0.04,0,0,2,3,0.02,0,0,2,16,0.10,0,0,2,24,0.07,0,0,2,6,0.07,0,0,2,29,0.11,0,0,3,9,0.09,0,0,3,9,0.05,0,0,2,8,0.02,0,0,2,14,0.08,0,0,3,38,0.09,2,0,1
98,850,64,0,13,0,2,0,1,IDLE,,1,PROTECTING,Field_1,1,IDLE,,1,IDLE,,1,IDLE,,1,IDLE,,1,IDLE,,1,IDLE,,1,IDLE,,1,IDLE,,1,IDLE,,1,PROTECTING,Field_2,1,IDLE,,1,PROTECTING,Field_4,1,IDLE,,1,IDLE,,1,PROTECTING,Field_6,1,PROTECTING,Field_40,1,PROTECTING,Field_8,1,MOVING_TO_FIELD,Field_8,1,PROTECTING,Field_6,1,IDLE,,1,PROTECTING,Field_8,1,PROTECTING,Field_8,1,MOVING_TO_FIELD,Field_8,1,IDLE,,1,IDLE,,1,IDLE,,1,IDLE,,1,PROTECTING,Field_3,1,IDLE,,1,IDLE,,1,IDLE,,1,IDLE,,1,PROTECTING,Field_7,1,IDLE,,1,IDLE,,1,IDLE,,1,PROTECTING,Field_5,1,PROTECTING,Field_40,1,IDLE,,1,IDLE,,1,IDLE,,1,IDLE,,1,IDLE,,1,IDLE,,1,IDLE,,1,IDLE,,1,IDLE,,1,IDLE,,1,IDLE,,1,IDLE,,1,IDLE,,1,IDLE,,1,IDLE,,1,IDLE,,1,IDLE,,1,IDLE,,1,IDLE,,1,IDLE,,1,IDLE,,1,IDLE,,1,IDLE,,1,IDLE,,1,IDLE,,1,IDLE,,1,IDLE,,1,IDLE,,1,IDLE,,1,IDLE,,1,IDLE,,1,IDLE,,1,IDLE,,1,IDLE,,1,IDLE,,1,IDLE,,1,IDLE,,1,IDLE,,1,IDLE,,45,0.17,1,0,8,20,0.09,1,0,3,11,0.02,1,0,1,0,0.00,1,0,0,3,0.00,1,0,0,70,0.25,2,0,4,61,0.08,1,0,1,26,0.14,3,2,3,22,0.07,0,0,2,21,0.09,0,0,6,9,0.10,0,0,2,11,0.04,0,0,3,8,0.02,0,0,1,65,0.12,0,0,2,65,0.18,0,0,6,22,0.18,0,0,9,42,0.15,0,0,3,21,0.17,0,0,9,25,0.18,0,0,6,2,0.04,0,0,2,19,0.06,0,0,2,6,0.00,0,0,1,1,0.05,0,0,2,41,0.00,0,0,1,9,0.04,0,0,1,10,0.03,0,0,2,22,0.04,0,0,2,14,0.00,0,0,2,4,0.05,0,0,2,19,0.04,0,0,2,3,0.02,0,0,2,16,0.10,0,0,2,24,0.05,0,0,2,6,0.07,0,0,2,29,0.13,0,0,3,9,0.09,0,0,3,9,0.05,0,0,2,8,0.02,0,0,2,14,0.08,0,0,3,38,0.09,2,0,1
99,853,64,0,13,0,2,0,1,IDLE,,1,PROTECTING,Field_1,1,IDLE,,1,IDLE,,1,IDLE,,1,IDLE,,1,IDLE,,1,IDLE,,1,IDLE,,1,IDLE,,1,IDLE,,1,PROTECTING,Field_2,1,IDLE,,1,PROTECTING,Field_4,1,IDLE,,1,IDLE,,1,PROTECTING,Field_6,1,PROTECTING,Field_40,1,PROTECTING,Field_8,1,MOVING_TO_FIELD,Field_8,1,PROTECTING,Field_6,1,IDLE,,1,PROTECTING,Field_8,1,PROTECTING,Field_8,1,MOVING_TO_FIELD,Field_8,1,IDLE,,1,IDLE,,1,IDLE,,1,IDLE,,1,PROTECTING,Field_3,1,IDLE,,1,IDLE,,1,IDLE,,1,IDLE,,1,PROTECTING,Field_7,1,IDLE,,1,IDLE,,1,IDLE,,1,PROTECTING,Field_5,1,PROTECTING,Field_40,1,IDLE,,1,IDLE,,1,IDLE,,1,IDLE,,1,IDLE,,1,IDLE,,1,IDLE,,1,IDLE,,1,IDLE,,1,IDLE,,1,IDLE,,1,IDLE,,1,IDLE,,1,IDLE,,1,IDLE,,1,IDLE,,1,IDLE,,1,IDLE,,1,IDLE,,1,IDLE,,1,IDLE,,1,IDLE,,1,IDLE,,1,IDLE,,1,IDLE,,1,IDLE,,1,IDLE,,1,IDLE,,1,IDLE,,1,IDLE,,1,IDLE,,1,IDLE,,1,IDLE,,1,IDLE,,1,IDLE,,1,IDLE,,1,IDLE,,1,IDLE,,1,IDLE,,45,0.18,1,0,8,20,0.09,1,0,3,11,0.02,1,0,1,0,0.00,1,0,0,3,0.00,1,0,0,70,0.25,2,0,4,61,0.08,1,0,1,27,0.14,3,2,3,22,0.07,0,0,2,21,0.08,0,0,6,9,0.09,0,0,2,11,0.04,0,0,3,8,0.02,0,0,1,66,0.12,0,0,2,65,0.18,0,0,6,22,0.17,0,0,9,42,0.15,0,0,3,21,0.16,0,0,9,25,0.17,0,0,6,2,0.04,0,0,2,19,0.08,0,0,2,6,0.00,0,0,1,1,0.05,0,0,2,41,0.00,0,0,1,9,0.04,0,0,1,10,0.03,0,0,2,22,0.05,0,0,2,14,0.00,0,0,2,4,0.05,0,0,2,19,0.04,0,0,2,3,0.02,0,0,2,16,0.10,0,0,2,24,0.05,0,0,2,6,0.07,0,0,2,29,0.13,0,0,3,9,0.09,0,0,3,9,0.05,0,0,2,8,0.02,0,0,2,15,0.08,0,0,3,38,0.08,2,0,1
100,857,64,0,13,0,2,0,1,IDLE,,1,PROTECTING,Field_1,1,IDLE,,1,IDLE,,1,IDLE,,1,IDLE,,1,IDLE,,1,IDLE,,1,IDLE,,1,IDLE,,1,IDLE,,1,PROTECTING,Field_2,1,IDLE,,1,PROTECTING,Field_4,1,IDLE,,1,IDLE,,1,PROTECTING,Field_6,1,PROTECTING,Field_40,1,PROTECTING,Field_8,1,MOVING_TO_FIELD,Field_8,1,PROTECTING,Field_6,1,IDLE,,1,PROTECTING,Field_8,1,PROTECTING,Field_8,1,MOVING_TO_FIELD,Field_8,1,IDLE,,1,IDLE,,1,IDLE,,1,IDLE,,1,PROTECTING,Field_3,1,IDLE,,1,IDLE,,1,IDLE,,1,IDLE,,1,PROTECTING,Field_7,1,IDLE,,1,IDLE,,1,IDLE,,1,PROTECTING,Field_5,1,PROTECTING,Field_40,1,IDLE,,1,IDLE,,1,IDLE,,1,IDLE,,1,IDLE,,1,IDLE,,1,IDLE,,1,IDLE,,1,IDLE,,1,IDLE,,1,IDLE,,1,IDLE,,1,IDLE,,1,IDLE,,1,IDLE,,1,IDLE,,1,IDLE,,1,IDLE,,1,IDLE,,1,IDLE,,1,IDLE,,1,IDLE,,1,IDLE,,1,IDLE,,1,IDLE,,1,IDLE,,1,IDLE,,1,IDLE,,1,IDLE,,1,IDLE,,1,IDLE,,1,IDLE,,1,IDLE,,1,IDLE,,1,IDLE,,1,IDLE,,1,IDLE,,1,IDLE,,1,IDLE,,45,0.18,1,0,8,21,0.09,1,0,3,11,0.02,1,0,1,0,0.00,1,0,0,3,0.00,1,0,0,71,0.25,2,0,4,61,0.08,1,0,1,27,0.14,3,2,3,22,0.07,0,0,2,21,0.09,0,0,6,9,0.07,0,0,2,11,0.04,0,0,3,8,0.02,0,0,1,66,0.12,0,0,2,65,0.18,0,0,6,22,0.17,0,0,9,42,0.15,0,0,3,21,0.16,0,0,9,25,0.14,0,0,6,2,0.04,0,0,2,19,0.06,0,0,2,6,0.02,0,0,1,1,0.05,0,0,2,41,0.00,0,0,1,9,0.04,0,0,1,10,0.04,0,0,2,22,0.05,0,0,2,14,0.00,0,0,2,4,0.05,0,0,2,19,0.03,0,0,2,3,0.02,0,0,2,16,0.10,0,0,2,24,0.05,0,0,2,6,0.07,0,0,2,30,0.13,0,0,3,9,0.09,0,0,3,10,0.05,0,0,2,8,0.02,0,0,2,15,0.09,0,0,3,38,0.08,2,0,1
101,861,64,0,13,0,2,0,1,IDLE,,1,PROTECTING,Field_1,1,IDLE,,1,IDLE,,1,IDLE,,1,IDLE,,1,IDLE,,1,IDLE,,1,IDLE,,1,IDLE,,1,IDLE,,1,PROTECTING,Field_2,1,IDLE,,1,PROTECTING,Field_4,1,IDLE,,1,IDLE,,1,PROTECTING,Field_6,1,PROTECTING,Field_40,1,PROTECTING,Field_8,1,MOVING_TO_FIELD,Field_8,1,PROTECTING,Field_6,1,IDLE,,1,PROTECTING,Field_8,1,PROTECTING,Field_8,1,MOVING_TO_FIELD,Field_8,1,IDLE,,1,IDLE,,1,IDLE,,1,IDLE,,1,PROTECTING,Field_3,1,IDLE,,1,IDLE,,1,IDLE,,1,IDLE,,1,PROTECTING,Field_7,1,IDLE,,1,IDLE,,1,IDLE,,1,PROTECTING,Field_5,1,PROTECTING,Field_40,1,IDLE,,1,IDLE,,1,IDLE,,1,IDLE,,1,IDLE,,1,IDLE,,1,IDLE,,1,IDLE,,1,IDLE,,1,IDLE,,1,IDLE,,1,IDLE,,1,IDLE,,1,IDLE,,1,IDLE,,1,IDLE,,1,IDLE,,1,IDLE,,1,IDLE,,1,IDLE,,1,IDLE,,1,IDLE,,1,IDLE,,1,IDLE,,1,IDLE,,1,IDLE,,1,IDLE,,1,IDLE,,1,IDLE,,1,IDLE,,1,IDLE,,1,IDLE,,1,IDLE,,1,IDLE,,1,IDLE,,1,IDLE,,1,IDLE,,1,IDLE,,1,IDLE,,45,0.18,1,0,8,21,0.09,1,0,3,11,0.02,1,0,1,0,0.00,1,0,0,3,0.00,1,0,0,74,0.24,2,0,4,61,0.09,1,0,1,27,0.13,3,2,3,22,0.07,0,0,2,21,0.08,0,0,6,9,0.07,0,0,2,11,0.04,0,0,3,8,0.02,0,0,1,67,0.12,0,0,2,65,0.19,0,0,6,22,0.17,0,0,9,42,0.15,0,0,3,21,0.17,0,0,9,25,0.13,0,0,6,2,0.04,0,0,2,19,0.06,0,0,2,6,0.02,0,0,1,1,0.05,0,0,2,41,0.00,0,0,1,9,0.04,0,0,1,10,0.03,0,0,2,22,0.06,0,0,2,14,0.00,0,0,2,4,0.05,0,0,2,19,0.01,0,0,2,3,0.02,0,0,2,16,0.10,0,0,2,24,0.05,0,0,2,6,0.05,0,0,2,30,0.12,0,0,3,9,0.09,0,0,3,10,0.06,0,0,2,8,0.02,0,0,2,15,0.09,0,0,3,38,0.07,2,0,1
102,868,64,0,13,0,2,0,1,IDLE,,1,PROTECTING,Field_1,1,IDLE,,1,IDLE,,1,IDLE,,1,IDLE,,1,IDLE,,1,IDLE,,1,IDLE,,1,IDLE,,1,IDLE,,1,PROTECTING,Field_2,1,IDLE,,1,PROTECTING,Field_4,1,IDLE,,1,IDLE,,1,PROTECTING,Field_6,1,PROTECTING,Field_40,1,PROTECTING,Field_8,1,MOVING_TO_FIELD,Field_8,1,PROTECTING,Field_6,1,IDLE,,1,PROTECTING,Field_8,1,PROTECTING,Field_8,1,MOVING_TO_FIELD,Field_8,1,IDLE,,1,IDLE,,1,IDLE,,1,IDLE,,1,PROTECTING,Field_3,1,IDLE,,1,IDLE,,1,IDLE,,1,IDLE,,1,PROTECTING,Field_7,1,IDLE,,1,IDLE,,1,IDLE,,1,PROTECTING,Field_5,1,PROTECTING,Field_40,1,IDLE,,1,IDLE,,1,IDLE,,1,IDLE,,1,IDLE,,1,IDLE,,1,IDLE,,1,IDLE,,1,IDLE,,1,IDLE,,1,IDLE,,1,IDLE,,1,IDLE,,1,IDLE,,1,IDLE,,1,IDLE,,1,IDLE,,1,IDLE,,1,IDLE,,1,IDLE,,1,IDLE,,1,IDLE,,1,IDLE,,1,IDLE,,1,IDLE,,1,IDLE,,1,IDLE,,1,IDLE,,1,IDLE,,1,IDLE,,1,IDLE,,1,IDLE,,1,IDLE,,1,IDLE,,1,IDLE,,1,IDLE,,1,IDLE,,1,IDLE,,1,IDLE,,45,0.14,1,0,8,21,0.09,1,0,3,11,0.02,1,0,1,0,0.00,1,0,0,3,0.00,1,0,0,78,0.24,2,0,4,61,0.09,1,0,1,27,0.13,3,2,3,22,0.07,0,0,2,21,0.08,0,0,6,9,0.07,0,0,2,11,0.05,0,0,3,8,0.02,0,0,1,68,0.10,0,0,2,65,0.18,0,0,6,22,0.17,0,0,9,42,0.16,0,0,3,21,0.18,0,0,9,26,0.13,0,0,6,2,0.04,0,0,2,19,0.06,0,0,2,6,0.02,0,0,1,1,0.07,0,0,2,41,0.00,0,0,1,9,0.04,0,0,1,10,0.03,0,0,2,22,0.06,0,0,2,14,0.02,0,0,2,4,0.05,0,0,2,19,0.01,0,0,2,3,0.02,0,0,2,16,0.12,0,0,2,24,0.05,0,0,2,6,0.03,0,0,2,31,0.11,0,0,3,9,0.09,0,0,3,10,0.06,0,0,2,8,0.04,0,0,2,15,0.09,0,0,3,38,0.07,2,0,1
103,870,64,0,13,0,2,0,1,IDLE,,1,PROTECTING,Field_1,1,IDLE,,1,IDLE,,1,IDLE,,1,IDLE,,1,IDLE,,1,IDLE,,1,IDLE,,1,IDLE,,1,IDLE,,1,PROTECTING,Field_2,1,IDLE,,1,PROTECTING,Field_4,1,IDLE,,1,IDLE,,1,PROTECTING,Field_6,1,PROTECTING,Field_40,1,PROTECTING,Field_8,1,MOVING_TO_FIELD,Field_8,1,PROTECTING,Field_6,1,IDLE,,1,PROTECTING,Field_8,1,PROTECTING,Field_8,1,MOVING_TO_FIELD,Field_8,1,IDLE,,1,IDLE,,1,IDLE,,1,IDLE,,1,PROTECTING,Field_3,1,IDLE,,1,IDLE,,1,IDLE,,1,IDLE,,1,PROTECTING,Field_7,1,IDLE,,1,IDLE,,1,IDLE,,1,PROTECTING,Field_5,1,PROTECTING,Field_40,1,IDLE,,1,IDLE,,1,IDLE,,1,IDLE,,1,IDLE,,1,IDLE,,1,IDLE,,1,IDLE,,1,IDLE,,1,IDLE,,1,IDLE,,1,IDLE,,1,IDLE,,1,IDLE,,1,IDLE,,1,IDLE,,1,IDLE,,1,IDLE,,1,IDLE,,1,IDLE,,1,IDLE,,1,IDLE,,1,IDLE,,1,IDLE,,1,IDLE,,1,IDLE,,1,IDLE,,1,IDLE,,1,IDLE,,1,IDLE,,1,IDLE,,1,IDLE,,1,IDLE,,1,IDLE,,1,IDLE,,1,IDLE,,1,IDLE,,1,IDLE,,1,IDLE,,45,0.15,1,0,8,21,0.09,1,0,3,11,0.02,1,0,1,0,0.00,1,0,0,3,0.00,1,0,0,78,0.25,2,0,4,61,0.09,1,0,1,27,0.12,3,2,3,22,0.07,0,0,2,21,0.08,0,0,6,9,0.07,0,0,2,11,0.05,0,0,3,8,0.02,0,0,1,69,0.10,0,0,2,65,0.17,0,0,6,23,0.17,0,0,9,42,0.16,0,0,3,21,0.18,0,0,9,26,0.13,0,0,6,2,0.04,0,0,2,19,0.06,0,0,2,6,0.02,0,0,1,1,0.07,0,0,2,41,0.00,0,0,1,9,0.04,0,0,1,10,0.03,0,0,2,22,0.05,0,0,2,14,0.02,0,0,2,4,0.05,0,0,2,19,0.01,0,0,2,3,0.02,0,0,2,16,0.12,0,0,2,24,0.05,0,0,2,6,0.03,0,0,2,31,0.11,0,0,3,9,0.07,0,0,3,10,0.06,0,0,2,8,0.04,0,0,2,15,0.08,0,0,3,38,0.07,2,0,1
104,872,64,0,13,0,2,0,1,IDLE,,1,PROTECTING,Field_1,1,IDLE,,1,IDLE,,1,IDLE,,1,IDLE,,1,IDLE,,1,IDLE,,1,IDLE,,1,IDLE,,1,IDLE,,1,PROTECTING,Field_2,1,IDLE,,1,PROTECTING,Field_4,1,IDLE,,1,IDLE,,1,PROTECTING,Field_6,1,PROTECTING,Field_40,1,PROTECTING,Field_8,1,MOVING_TO_FIELD,Field_8,1,PROTECTING,Field_6,1,IDLE,,1,PROTECTING,Field_8,1,PROTECTING,Field_8,1,MOVING_TO_FIELD,Field_8,1,IDLE,,1,IDLE,,1,IDLE,,1,IDLE,,1,PROTECTING,Field_3,1,IDLE,,1,IDLE,,1,IDLE,,1,IDLE,,1,PROTECTING,Field_7,1,IDLE,,1,IDLE,,1,IDLE,,1,PROTECTING,Field_5,1,PROTECTING,Field_40,1,IDLE,,1,IDLE,,1,IDLE,,1,IDLE,,1,IDLE,,1,IDLE,,1,IDLE,,1,IDLE,,1,IDLE,,1,IDLE,,1,IDLE,,1,IDLE,,1,IDLE,,1,IDLE,,1,IDLE,,1,IDLE,,1,IDLE,,1,IDLE,,1,IDLE,,1,IDLE,,1,IDLE,,1,IDLE,,1,IDLE,,1,IDLE,,1,IDLE,,1,IDLE,,1,IDLE,,1,IDLE,,1,IDLE,,1,IDLE,,1,IDLE,,1,IDLE,,1,IDLE,,1,IDLE,,1,IDLE,,1,IDLE,,1,IDLE,,1,IDLE,,1,IDLE,,45,0.15,1,0,8,21,0.09,1,0,3,11,0.02,1,0,1,0,0.00,1,0,0,3,0.00,1,0,0,80,0.25,2,0,4,61,0.09,1,0,1,27,0.12,3,2,3,22,0.08,0,0,2,21,0.08,0,0,6,9,0.07,0,0,2,11,0.05,0,0,3,8,0.02,0,0,1,69,0.10,0,0,2,65,0.17,0,0,6,23,0.16,0,0,9,42,0.16,0,0,3,21,0.18,0,0,9,26,0.13,0,0,6,2,0.04,0,0,2,19,0.06,0,0,2,6,0.02,0,0,1,1,0.07,0,0,2,41,0.00,0,0,1,9,0.05,0,0,1,10,0.04,0,0,2,22,0.04,0,0,2,14,0.02,0,0,2,4,0.03,0,0,2,19,0.03,0,0,2,3,0.02,0,0,2,16,0.12,0,0,2,24,0.07,0,0,2,6,0.03,0,0,2,31,0.11,0,0,3,9,0.07,0,0,3,10,0.06,0,0,2,8,0.04,0,0,2,15,0.09,0,0,3,38,0.07,2,0,1
105,876,64,0,13,0,2,0,1,IDLE,,1,PROTECTING,Field_1,1,IDLE,,1,IDLE,,1,IDLE,,1,IDLE,,1,IDLE,,1,IDLE,,1,IDLE,,1,IDLE,,1,IDLE,,1,PROTECTING,Field_2,1,IDLE,,1,PROTECTING,Field_4,1,IDLE,,1,IDLE,,1,PROTECTING,Field_6,1,PROTECTING,Field_40,1,PROTECTING,Field_8,1,MOVING_TO_FIELD,Field_8,1,PROTECTING,Field_6,1,IDLE,,1,PROTECTING,Field_8,1,PROTECTING,Field_8,1,MOVING_TO_FIELD,Field_8,1,IDLE,,1,IDLE,,1,IDLE,,1,IDLE,,1,PROTECTING,Field_3,1,IDLE,,1,IDLE,,1,IDLE,,1,IDLE,,1,PROTECTING,Field_7,1,IDLE,,1,IDLE,,1,IDLE,,1,PROTECTING,Field_5,1,PROTECTING,Field_40,1,IDLE,,1,IDLE,,1,IDLE,,1,IDLE,,1,IDLE,,1,IDLE,,1,IDLE,,1,IDLE,,1,IDLE,,1,IDLE,,1,IDLE,,1,IDLE,,1,IDLE,,1,IDLE,,1,IDLE,,1,IDLE,,1,IDLE,,1,IDLE,,1,IDLE,,1,IDLE,,1,IDLE,,1,IDLE,,1,IDLE,,1,IDLE,,1,IDLE,,1,IDLE,,1,IDLE,,1,IDLE,,1,IDLE,,1,IDLE,,1,IDLE,,1,IDLE,,1,IDLE,,1,IDLE,,1,IDLE,,1,IDLE,,1,IDLE,,1,IDLE,,1,IDLE,,45,0.15,1,0,8,21,0.10,1,0,3,11,0.02,1,0,1,0,0.00,1,0,0,3,0.00,1,0,0,82,0.25,2,0,4,61,0.09,1,0,1,27,0.12,3,2,3,22,0.07,0,0,2,21,0.08,0,0,6,9,0.06,0,0,2,11,0.06,0,0,3,8,0.02,0,0,1,69,0.12,0,0,2,65,0.18,0,0,6,24,0.16,0,0,9,43,0.16,0,0,3,21,0.19,0,0,9,26,0.13,0,0,6,2,0.04,0,0,2,19,0.06,0,0,2,6,0.02,0,0,1,1,0.07,0,0,2,41,0.00,0,0,1,9,0.05,0,0,1,10,0.04,0,0,2,22,0.04,0,0,2,14,0.02,0,0,2,4,0.03,0,0,2,19,0.03,0,0,2,3,0.02,0,0,2,16,0.12,0,0,2,24,0.07,0,0,2,6,0.03,0,0,2,31,0.10,0,0,3,9,0.07,0,0,3,10,0.06,0,0,2,8,0.04,0,0,2,15,0.10,0,0,3,38,0.05,2,0,1
106,881,64,0,13,0,2,0,1,IDLE,,1,PROTECTING,Field_1,1,IDLE,,1,IDLE,,1,IDLE,,1,IDLE,,1,IDLE,,1,IDLE,,1,IDLE,,1,IDLE,,1,IDLE,,1,PROTECTING,Field_2,1,IDLE,,1,PROTECTING,Field_4,1,IDLE,,1,IDLE,,1,PROTECTING,Field_6,1,PROTECTING,Field_40,1,PROTECTING,Field_8,1,MOVING_TO_FIELD,Field_8,1,PROTECTING,Field_6,1,IDLE,,1,PROTECTING,Field_8,1,PROTECTING,Field_8,1,MOVING_TO_FIELD,Field_8,1,IDLE,,1,IDLE,,1,IDLE,,1,IDLE,,1,PROTECTING,Field_3,1,IDLE,,1,IDLE,,1,IDLE,,1,IDLE,,1,PROTECTING,Field_7,1,IDLE,,1,IDLE,,1,IDLE,,1,PROTECTING,Field_5,1,PROTECTING,Field_40,1,IDLE,,1,IDLE,,1,IDLE,,1,IDLE,,1,IDLE,,1,IDLE,,1,IDLE,,1,IDLE,,1,IDLE,,1,IDLE,,1,IDLE,,1,IDLE,,1,IDLE,,1,IDLE,,1,IDLE,,1,IDLE,,1,IDLE,,1,IDLE,,1,IDLE,,1,IDLE,,1,IDLE,,1,IDLE,,1,IDLE,,1,IDLE,,1,IDLE,,1,IDLE,,1,IDLE,,1,IDLE,,1,IDLE,,1,IDLE,,1,IDLE,,1,IDLE,,1,IDLE,,1,IDLE,,1,IDLE,,1,IDLE,,1,IDLE,,1,IDLE,,1,IDLE,,45,0.16,1,0,8,21,0.10,1,0,3,11,0.02,1,0,1,0,0.00,1,0,0,3,0.00,1,0,0,84,0.25,2,0,4,61,0.09,1,0,1,27,0.12,3,2,3,22,0.07,0,0,2,21,0.08,0,0,6,10,0.06,0,0,2,11,0.06,0,0,3,8,0.02,0,0,1,69,0.12,0,0,2,67,0.17,0,0,6,24,0.16,0,0,9,43,0.16,0,0,3,21,0.20,0,0,9,26,0.12,0,0,6,2,0.05,0,0,2,19,0.06,0,0,2,6,0.02,0,0,1,1,0.07,0,0,2,41,0.00,0,0,1,9,0.05,0,0,1,10,0.04,0,0,2,22,0.05,0,0,2,14,0.02,0,0,2,4,0.03,0,0,2,19,0.03,0,0,2,3,0.02,0,0,2,16,0.12,0,0,2,24,0.07,0,0,2,6,0.03,0,0,2,31,0.10,0,0,3,9,0.09,0,0,3,10,0.06,0,0,2,8,0.04,0,0,2,15,0.10,0,0,3,38,0.05,2,0,1
107,883,64,0,13,0,2,0,1,IDLE,,1,PROTECTING,Field_1,1,IDLE,,1,IDLE,,1,IDLE,,1,IDLE,,1,IDLE,,1,IDLE,,1,IDLE,,1,IDLE,,1,IDLE,,1,PROTECTING,Field_2,1,IDLE,,1,PROTECTING,Field_4,1,IDLE,,1,IDLE,,1,PROTECTING,Field_6,1,PROTECTING,Field_40,1,PROTECTING,Field_8,1,MOVING_TO_FIELD,Field_8,1,PROTECTING,Field_6,1,IDLE,,1,PROTECTING,Field_8,1,PROTECTING,Field_8,1,MOVING_TO_FIELD,Field_8,1,IDLE,,1,IDLE,,1,IDLE,,1,IDLE,,1,PROTECTING,Field_3,1,IDLE,,1,IDLE,,1,IDLE,,1,IDLE,,1,PROTECTING,Field_7,1,IDLE,,1,IDLE,,1,IDLE,,1,PROTECTING,Field_5,1,PROTECTING,Field_40,1,IDLE,,1,IDLE,,1,IDLE,,1,IDLE,,1,IDLE,,1,IDLE,,1,IDLE,,1,IDLE,,1,IDLE,,1,IDLE,,1,IDLE,,1,IDLE,,1,IDLE,,1,IDLE,,1,IDLE,,1,IDLE,,1,IDLE,,1,IDLE,,1,IDLE,,1,IDLE,,1,IDLE,,1,IDLE,,1,IDLE,,1,IDLE,,1,IDLE,,1,IDLE,,1,IDLE,,1,IDLE,,1,IDLE,,1,IDLE,,1,IDLE,,1,IDLE,,1,IDLE,,1,IDLE,,1,IDLE,,1,IDLE,,1,IDLE,,1,IDLE,,1,IDLE,,45,0.14,1,0,8,21,0.10,1,0,3,11,0.02,1,0,1,0,0.00,1,0,0,3,0.00,1,0,0,84,0.25,2,0,4,61,0.09,1,0,1,28,0.13,3,2,3,22,0.08,0,0,2,21,0.07,0,0,6,10,0.06,0,0,2,11,0.05,0,0,3,8,0.02,0,0,1,69,0.12,0,0,2,67,0.17,0,0,6,25,0.16,0,0,9,43,0.15,0,0,3,21,0.20,0,0,9,26,0.10,0,0,6,2,0.05,0,0,2,19,0.06,0,0,2,6,0.00,0,0,1,1,0.07,0,0,2,41,0.00,0,0,1,9,0.05,0,0,1,10,0.04,0,0,2,22,0.05,0,0,2,14,0.02,0,0,2,4,0.03,0,0,2,19,0.01,0,0,2,3,0.02,0,0,2,16,0.12,0,0,2,24,0.07,0,0,2,6,0.03,0,0,2,31,0.10,0,0,3,9,0.10,0,0,3,10,0.05,0,0,2,8,0.04,0,0,2,15,0.10,0,0,3,38,0.07,2,0,1
108,884,64,0,13,0,2,0,1,IDLE,,1,PROTECTING,Field_1,1,IDLE,,1,IDLE,,1,IDLE,,1,IDLE,,1,IDLE,,1,IDLE,,1,IDLE,,1,IDLE,,1,IDLE,,1,PROTECTING,Field_2,1,IDLE,,1,PROTECTING,Field_4,1,IDLE,,1,IDLE,,1,PROTECTING,Field_6,1,PROTECTING,Field_40,1,PROTECTING,Field_8,1,MOVING_TO_FIELD,Field_8,1,PROTECTING,Field_6,1,IDLE,,1,PROTECTING,Field_8,1,PROTECTING,Field_8,1,MOVING_TO_FIELD,Field_8,1,IDLE,,1,IDLE,,1,IDLE,,1,IDLE,,1,PROTECTING,Field_3,1,IDLE,,1,IDLE,,1,IDLE,,1,IDLE,,1,PROTECTING,Field_7,1,IDLE,,1,IDLE,,1,IDLE,,1,PROTECTING,Field_5,1,PROTECTING,Field_40,1,IDLE,,1,IDLE,,1,IDLE,,1,IDLE,,1,IDLE,,1,IDLE,,1,IDLE,,1,IDLE,,1,IDLE,,1,IDLE,,1,IDLE,,1,IDLE,,1,IDLE,,1,IDLE,,1,IDLE,,1,IDLE,,1,IDLE,,1,IDLE,,1,IDLE,,1,IDLE,,1,IDLE,,1,IDLE,,1,IDLE,,1,IDLE,,1,IDLE,,1,IDLE,,1,IDLE,,1,IDLE,,1,IDLE,,1,IDLE,,1,IDLE,,1,IDLE,,1,IDLE,,1,IDLE,,1,IDLE,,1,IDLE,,1,IDLE,,1,IDLE,,1,IDLE,,45,0.14,1,0,8,21,0.10,1,0,3,11,0.02,1,0,1,0,0.00,1,0,0,3,0.00,1,0,0,85,0.25,2,0,4,61,0.08,1,0,1,28,0.12,3,2,3,22,0.08,0,0,2,21,0.06,0,0,6,10,0.04,0,0,2,11,0.05,0,0,3,8,0.02,0,0,1,69,0.10,0,0,2,67,0.18,0,0,6,25,0.16,0,0,9,43,0.14,0,0,3,21,0.22,0,0,9,26,0.10,0,0,6,2,0.05,0,0,2,19,0.06,0,0,2,6,0.00,0,0,1,1,0.05,0,0,2,41,0.00,0,0,1,9,0.05,0,0,1,10,0.03,0,0,2,22,0.04,0,0,2,14,0.02,0,0,2,4,0.03,0,0,2,19,0.01,0,0,2,3,0.02,0,0,2,16,0.12,0,0,2,24,0.07,0,0,2,6,0.03,0,0,2,31,0.08,0,0,3,9,0.14,0,0,3,10,0.05,0,0,2,8,0.04,0,0,2,15,0.12,0,0,3,38,0.08,2,0,1
109,891,64,0,13,0,2,0,1,IDLE,,1,PROTECTING,Field_1,1,IDLE,,1,IDLE,,1,IDLE,,1,IDLE,,1,IDLE,,1,IDLE,,1,IDLE,,1,IDLE,,1,IDLE,,1,PROTECTING,Field_2,1,IDLE,,1,PROTECTING,Field_4,1,IDLE,,1,IDLE,,1,PROTECTING,Field_6,1,PROTECTING,Field_40,1,PROTECTING,Field_8,1,MOVING_TO_FIELD,Field_8,1,PROTECTING,Field_6,1,IDLE,,1,PROTECTING,Field_8,1,PROTECTING,Field_8,1,MOVING_TO_FIELD,Field_8,1,IDLE,,1,IDLE,,1,IDLE,,1,IDLE,,1,PROTECTING,Field_3,1,IDLE,,1,IDLE,,1,IDLE,,1,IDLE,,1,PROTECTING,Field_7,1,IDLE,,1,IDLE,,1,IDLE,,1,PROTECTING,Field_5,1,PROTECTING,Field_40,1,IDLE,,1,IDLE,,1,IDLE,,1,IDLE,,1,IDLE,,1,IDLE,,1,IDLE,,1,IDLE,,1,IDLE,,1,IDLE,,1,IDLE,,1,IDLE,,1,IDLE,,1,IDLE,,1,IDLE,,1,IDLE,,1,IDLE,,1,IDLE,,1,IDLE,,1,IDLE,,1,IDLE,,1,IDLE,,1,IDLE,,1,IDLE,,1,IDLE,,1,IDLE,,1,IDLE,,1,IDLE,,1,IDLE,,1,IDLE,,1,IDLE,,1,IDLE,,1,IDLE,,1,IDLE,,1,IDLE,,1,IDLE,,1,IDLE,,1,IDLE,,1,IDLE,,45,0.14,1,0,8,21,0.10,1,0,3,11,0.02,1,0,1,0,0.00,1,0,0,3,0.00,1,0,0,87,0.25,2,0,4,62,0.08,1,0,1,28,0.12,3,2,3,22,0.07,0,0,2,21,0.05,0,0,6,10,0.04,0,0,2,11,0.05,0,0,3,8,0.02,0,0,1,70,0.13,0,0,2,68,0.17,0,0,6,25,0.16,0,0,9,43,0.15,0,0,3,22,0.22,0,0,9,26,0.10,0,0,6,3,0.05,0,0,2,19,0.06,0,0,2,6,0.00,0,0,1,1,0.05,0,0,2,41,0.00,0,0,1,9,0.05,0,0,1,10,0.03,0,0,2,22,0.04,0,0,2,14,0.02,0,0,2,4,0.03,0,0,2,19,0.01,0,0,2,3,0.02,0,0,2,16,0.12,0,0,2,24,0.07,0,0,2,6,0.03,0,0,2,31,0.08,0,0,3,9,0.14,0,0,3,10,0.03,0,0,2,8,0.05,0,0,2,15,0.12,0,0,3,38,0.08,2,0,1
110,897,64,0,13,0,2,0,1,IDLE,,1,PROTECTING,Field_1,1,IDLE,,1,IDLE,,1,IDLE,,1,IDLE,,1,IDLE,,1,IDLE,,1,IDLE,,1,IDLE,,1,IDLE,,1,PROTECTING,Field_2,1,IDLE,,1,PROTECTING,Field_4,1,IDLE,,1,IDLE,,1,PROTECTING,Field_6,1,PROTECTING,Field_40,1,PROTECTING,Field_8,1,MOVING_TO_FIELD,Field_8,1,PROTECTING,Field_6,1,IDLE,,1,PROTECTING,Field_8,1,PROTECTING,Field_8,1,MOVING_TO_FIELD,Field_8,1,IDLE,,1,IDLE,,1,IDLE,,1,IDLE,,1,PROTECTING,Field_3,1,IDLE,,1,IDLE,,1,IDLE,,1,IDLE,,1,PROTECTING,Field_7,1,IDLE,,1,IDLE,,1,IDLE,,1,PROTECTING,Field_5,1,PROTECTING,Field_40,1,IDLE,,1,IDLE,,1,IDLE,,1,IDLE,,1,IDLE,,1,IDLE,,1,IDLE,,1,IDLE,,1,IDLE,,1,IDLE,,1,IDLE,,1,IDLE,,1,IDLE,,1,IDLE,,1,IDLE,,1,IDLE,,1,IDLE,,1,IDLE,,1,IDLE,,1,IDLE,,1,IDLE,,1,IDLE,,1,IDLE,,1,IDLE,,1,IDLE,,1,IDLE,,1,IDLE,,1,IDLE,,1,IDLE,,1,IDLE,,1,IDLE,,1,IDLE,,1,IDLE,,1,IDLE,,1,IDLE,,1,IDLE,,1,IDLE,,1,IDLE,,1,IDLE,,45,0.13,1,0,8,21,0.10,1,0,3,11,0.02,1,0,1,0,0.00,1,0,0,3,0.00,1,0,0,90,0.25,2,0,4,62,0.08,1,0,1,30,0.12,3,2,3,22,0.07,0,0,2,21,0.05,0,0,6,10,0.04,0,0,2,11,0.04,0,0,3,8,0.02,0,0,1,70,0.13,0,0,2,68,0.17,0,0,6,25,0.16,0,0,9,43,0.15,0,0,3,23,0.21,0,0,9,26,0.10,0,0,6,3,0.04,0,0,2,19,0.06,0,0,2,6,0.00,0,0,1,1,0.05,0,0,2,41,0.00,0,0,1,9,0.05,0,0,1,10,0.04,0,0,2,22,0.04,0,0,2,14,0.00,0,0,2,4,0.03,0,0,2,19,0.01,0,0,2,3,0.02,0,0,2,16,0.12,0,0,2,24,0.07,0,0,2,6,0.03,0,0,2,31,0.08,0,0,3,9,0.12,0,0,3,10,0.05,0,0,2,8,0.05,0,0,2,15,0.10,0,0,3,38,0.08,2,0,1
111,900,64,0,13,0,2,0,1,IDLE,,1,PROTECTING,Field_1,1,IDLE,,1,IDLE,,1,IDLE,,1,IDLE,,1,IDLE,,1,IDLE,,1,IDLE,,1,IDLE,,1,IDLE,,1,PROTECTING,Field_2,1,IDLE,,1,PROTECTING,Field_4,1,IDLE,,1,IDLE,,1,PROTECTING,Field_6,1,PROTECTING,Field_40,1,PROTECTING,Field_8,1,MOVING_TO_FIELD,Field_8,1,PROTECTING,Field_6,1,IDLE,,1,PROTECTING,Field_8,1,PROTECTING,Field_8,1,MOVING_TO_FIELD,Field_8,1,IDLE,,1,IDLE,,1,IDLE,,1,IDLE,,1,PROTECTING,Field_3,1,IDLE,,1,IDLE,,1,IDLE,,1,IDLE,,1,PROTECTING,Field_7,1,IDLE,,1,IDLE,,1,IDLE,,1,PROTECTING,Field_5,1,PROTECTING,Field_40,1,IDLE,,1,IDLE,,1,IDLE,,1,IDLE,,1,IDLE,,1,IDLE,,1,IDLE,,1,IDLE,,1,IDLE,,1,IDLE,,1,IDLE,,1,IDLE,,1,IDLE,,1,IDLE,,1,IDLE,,1,IDLE,,1,IDLE,,1,IDLE,,1,IDLE,,1,IDLE,,1,IDLE,,1,IDLE,,1,IDLE,,1,IDLE,,1,IDLE,,1,IDLE,,1,IDLE,,1,IDLE,,1,IDLE,,1,IDLE,,1,IDLE,,1,IDLE,,1,IDLE,,1,IDLE,,1,IDLE,,1,IDLE,,1,IDLE,,1,IDLE,,1,IDLE,,45,0.13,1,0,8,21,0.10,1,0,3,11,0.02,1,0,1,0,0.00,1,0,0,3,0.00,1,0,0,91,0.26,2,0,4,62,0.08,1,0,1,30,0.12,3,2,3,22,0.08,0,0,2,21,0.06,0,0,6,10,0.03,0,0,2,11,0.04,0,0,3,8,0.03,0,0,1,72,0.13,0,0,2,68,0.17,0,0,6,25,0.16,0,0,9,43,0.15,0,0,3,23,0.20,0,0,9,26,0.10,0,0,6,3,0.04,0,0,2,19,0.05,0,0,2,6,0.00,0,0,1,1,0.07,0,0,2,41,0.00,0,0,1,9,0.05,0,0,1,10,0.01,0,0,2,22,0.03,0,0,2,14,0.00,0,0,2,4,0.05,0,0,2,19,0.01,0,0,2,3,0.02,0,0,2,16,0.10,0,0,2,24,0.07,0,0,2,6,0.03,0,0,2,31,0.07,0,0,3,9,0.14,0,0,3,10,0.05,0,0,2,8,0.02,0,0,2,15,0.10,0,0,3,38,0.08,2,0,1
112,902,64,0,13,0,2,0,1,IDLE,,1,PROTECTING,Field_1,1,IDLE,,1,IDLE,,1,IDLE,,1,IDLE,,1,IDLE,,1,IDLE,,1,IDLE,,1,IDLE,,1,IDLE,,1,PROTECTING,Field_2,1,IDLE,,1,PROTECTING,Field_4,1,IDLE,,1,IDLE,,1,PROTECTING,Field_6,1,PROTECTING,Field_40,1,PROTECTING,Field_8,1,MOVING_TO_FIELD,Field_8,1,PROTECTING,Field_6,1,IDLE,,1,PROTECTING,Field_8,1,PROTECTING,Field_8,1,MOVING_TO_FIELD,Field_8,1,IDLE,,1,IDLE,,1,IDLE,,1,IDLE,,1,PROTECTING,Field_3,1,IDLE,,1,IDLE,,1,IDLE,,1,IDLE,,1,PROTECTING,Field_7,1,IDLE,,1,IDLE,,1,IDLE,,1,PROTECTING,Field_5,1,PROTECTING,Field_40,1,IDLE,,1,IDLE,,1,IDLE,,1,IDLE,,1,IDLE,,1,IDLE,,1,IDLE,,1,IDLE,,1,IDLE,,1,IDLE,,1,IDLE,,1,IDLE,,1,IDLE,,1,IDLE,,1,IDLE,,1,IDLE,,1,IDLE,,1,IDLE,,1,IDLE,,1,IDLE,,1,IDLE,,1,IDLE,,1,IDLE,,1,IDLE,,1,IDLE,,1,IDLE,,1,IDLE,,1,IDLE,,1,IDLE,,1,IDLE,,1,IDLE,,1,IDLE,,1,IDLE,,1,IDLE,,1,IDLE,,1,IDLE,,1,IDLE,,1,IDLE,,1,IDLE,,45,0.14,1,0,8,21,0.10,1,0,3,11,0.02,1,0,1,0,0.00,1,0,0,3,0.00,1,0,0,91,0.26,2,0,4,63,0.08,1,0,1,30,0.12,3,2,3,22,0.09,0,0,2,21,0.06,0,0,6,10,0.03,0,0,2,11,0.04,0,0,3,8,0.03,0,0,1,72,0.12,0,0,2,68,0.17,0,0,6,25,0.16,0,0,9,44,0.14,0,0,3,23,0.20,0,0,9,26,0.12,0,0,6,3,0.04,0,0,2,19,0.06,0,0,2,6,0.00,0,0,1,1,0.07,0,0,2,41,0.00,0,0,1,9,0.05,0,0,1,10,0.01,0,0,2,22,0.02,0,0,2,14,0.00,0,0,2,4,0.05,0,0,2,19,0.01,0,0,2,3,0.02,0,0,2,16,0.09,0,0,2,24,0.07,0,0,2,6,0.03,0,0,2,31,0.07,0,0,3,9,0.14,0,0,3,10,0.05,0,0,2,8,0.02,0,0,2,15,0.10,0,0,3,38,0.08,2,0,1
113,906,64,0,13,0,2,0,1,IDLE,,1,PROTECTING,Field_1,1,IDLE,,1,IDLE,,1,IDLE,,1,IDLE,,1,IDLE,,1,IDLE,,1,IDLE,,1,IDLE,,1,IDLE,,1,PROTECTING,Field_2,1,IDLE,,1,PROTECTING,Field_4,1,IDLE,,1,IDLE,,1,PROTECTING,Field_6,1,PROTECTING,Field_40,1,PROTECTING,Field_8,1,MOVING_TO_FIELD,Field_8,1,PROTECTING,Field_6,1,IDLE,,1,PROTECTING,Field_8,1,PROTECTING,Field_8,1,MOVING_TO_FIELD,Field_8,1,IDLE,,1,IDLE,,1,IDLE,,1,IDLE,,1,PROTECTING,Field_3,1,IDLE,,1,IDLE,,1,IDLE,,1,IDLE,,1,PROTECTING,Field_7,1,IDLE,,1,IDLE,,1,IDLE,,1,PROTECTING,Field_5,1,PROTECTING,Field_40,1,IDLE,,1,IDLE,,1,IDLE,,1,IDLE,,1,IDLE,,1,IDLE,,1,IDLE,,1,IDLE,,1,IDLE,,1,IDLE,,1,IDLE,,1,IDLE,,1,IDLE,,1,IDLE,,1,IDLE,,1,IDLE,,1,IDLE,,1,IDLE,,1,IDLE,,1,IDLE,,1,IDLE,,1,IDLE,,1,IDLE,,1,IDLE,,1,IDLE,,1,IDLE,,1,IDLE,,1,IDLE,,1,IDLE,,1,IDLE,,1,IDLE,,1,IDLE,,1,IDLE,,1,IDLE,,1,IDLE,,1,IDLE,,1,IDLE,,1,IDLE,,1,IDLE,,45,0.13,1,0,8,21,0.10,1,0,3,11,0.02,1,0,1,0,0.00,1,0,0,3,0.00,1,0,0,91,0.26,2,0,4,63,0.08,1,0,1,30,0.12,3,2,3,22,0.09,0,0,2,21,0.06,0,0,6,10,0.03,0,0,2,11,0.04,0,0,3,8,0.03,0,0,1,72,0.12,0,0,2,68,0.19,0,0,6,25,0.16,0,0,9,45,0.14,0,0,3,23,0.19,0,0,9,26,0.13,0,0,6,3,0.04,0,0,2,19,0.06,0,0,2,6,0.00,0,0,1,1,0.08,0,0,2,41,0.00,0,0,1,9,0.05,0,0,1,10,0.01,0,0,2,22,0.02,0,0,2,14,0.00,0,0,2,4,0.05,0,0,2,19,0.04,0,0,2,3,0.02,0,0,2,17,0.09,0,0,2,24,0.07,0,0,2,6,0.03,0,0,2,31,0.07,0,0,3,9,0.14,0,0,3,10,0.06,0,0,2,8,0.01,0,0,2,17,0.10,0,0,3,38,0.08,2,0,1
114,910,64,0,13,0,2,0,1,IDLE,,1,PROTECTING,Field_1,1,IDLE,,1,IDLE,,1,IDLE,,1,IDLE,,1,IDLE,,1,IDLE,,1,IDLE,,1,IDLE,,1,IDLE,,1,PROTECTING,Field_2,1,IDLE,,1,PROTECTING,Field_4,1,IDLE,,1,IDLE,,1,PROTECTING,Field_6,1,PROTECTING,Field_40,1,PROTECTING,Field_8,1,MOVING_TO_FIELD,Field_8,1,PROTECTING,Field_6,1,IDLE,,1,PROTECTING,Field_8,1,PROTECTING,Field_8,1,MOVING_TO_FIELD,Field_8,1,IDLE,,1,IDLE,,1,IDLE,,1,IDLE,,1,PROTECTING,Field_3,1,IDLE,,1,IDLE,,1,IDLE,,1,IDLE,,1,PROTECTING,Field_7,1,IDLE,,1,IDLE,,1,IDLE,,1,PROTECTING,Field_5,1,PROTECTING,Field_40,1,IDLE,,1,IDLE,,1,IDLE,,1,IDLE,,1,IDLE,,1,IDLE,,1,IDLE,,1,IDLE,,1,IDLE,,1,IDLE,,1,IDLE,,1,IDLE,,1,IDLE,,1,IDLE,,1,IDLE,,1,IDLE,,1,IDLE,,1,IDLE,,1,IDLE,,1,IDLE,,1,IDLE,,1,IDLE,,1,IDLE,,1,IDLE,,1,IDLE,,1,IDLE,,1,IDLE,,1,IDLE,,1,IDLE,,1,IDLE,,1,IDLE,,1,IDLE,,1,IDLE,,1,IDLE,,1,IDLE,,1,IDLE,,1,IDLE,,1,IDLE,,1,IDLE,,45,0.13,1,0,8,21,0.10,1,0,3,11,0.02,1,0,1,0,0.00,1,0,0,3,0.00,1,0,0,93,0.24,2,0,4,63,0.06,1,0,1,30,0.12,3,2,3,22,0.07,0,0,2,21,0.06,0,0,6,10,0.03,0,0,2,11,0.04,0,0,3,8,0.03,0,0,1,73,0.12,0,0,2,68,0.17,0,0,6,25,0.16,0,0,9,45,0.14,0,0,3,23,0.20,0,0,9,26,0.13,0,0,6,3,0.04,0,0,2,19,0.06,0,0,2,6,0.00,0,0,1,1,0.07,0,0,2,41,0.00,0,0,1,9,0.05,0,0,1,10,0.01,0,0,2,22,0.03,0,0,2,14,0.00,0,0,2,4,0.05,0,0,2,19,0.04,0,0,2,3,0.02,0,0,2,18,0.08,0,0,2,24,0.07,0,0,2,6,0.03,0,0,2,31,0.07,0,0,3,9,0.14,0,0,3,10,0.07,0,0,2,8,0.01,0,0,2,17,0.10,0,0,3,38,0.08,2,0,1
115,914,64,0,13,0,2,0,1,IDLE,,1,PROTECTING,Field_1,1,IDLE,,1,IDLE,,1,IDLE,,1,IDLE,,1,IDLE,,1,IDLE,,1,IDLE,,1,IDLE,,1,IDLE,,1,PROTECTING,Field_2,1,IDLE,,1,PROTECTING,Field_4,1,IDLE,,1,IDLE,,1,PROTECTING,Field_6,1,PROTECTING,Field_40,1,PROTECTING,Field_8,1,MOVING_TO_FIELD,Field_8,1,PROTECTING,Field_6,1,IDLE,,1,PROTECTING,Field_8,1,PROTECTING,Field_8,1,MOVING_TO_FIELD,Field_8,1,IDLE,,1,IDLE,,1,IDLE,,1,IDLE,,1,PROTECTING,Field_3,1,IDLE,,1,IDLE,,1,IDLE,,1,IDLE,,1,PROTECTING,Field_7,1,IDLE,,1,IDLE,,1,IDLE,,1,PROTECTING,Field_5,1,PROTECTING,Field_40,1,IDLE,,1,IDLE,,1,IDLE,,1,IDLE,,1,IDLE,,1,IDLE,,1,IDLE,,1,IDLE,,1,IDLE,,1,IDLE,,1,IDLE,,1,IDLE,,1,IDLE,,1,IDLE,,1,IDLE,,1,IDLE,,1,IDLE,,1,IDLE,,1,IDLE,,1,IDLE,,1,IDLE,,1,IDLE,,1,IDLE,,1,IDLE,,1,IDLE,,1,IDLE,,1,IDLE,,1,IDLE,,1,IDLE,,1,IDLE,,1,IDLE,,1,IDLE,,1,IDLE,,1,IDLE,,1,IDLE,,1,IDLE,,1,IDLE,,1,IDLE,,1,IDLE,,45,0.16,1,0,8,21,0.10,1,0,3,11,0.02,1,0,1,0,0.00,1,0,0,3,0.00,1,0,0,95,0.25,2,0,4,63,0.06,1,0,1,30,0.12,3,2,3,22,0.07,0,0,2,21,0.05,0,0,6,10,0.03,0,0,2,11,0.04,0,0,3,8,0.03,0,0,1,74,0.10,0,0,2,68,0.17,0,0,6,25,0.16,0,0,9,45,0.14,0,0,3,23,0.19,0,0,9,26,0.13,0,0,6,3,0.05,0,0,2,19,0.06,0,0,2,6,0.00,0,0,1,1,0.07,0,0,2,41,0.00,0,0,1,9,0.04,0,0,1,10,0.03,0,0,2,22,0.05,0,0,2,14,0.00,0,0,2,4,0.05,0,0,2,19,0.04,0,0,2,3,0.02,0,0,2,18,0.08,0,0,2,24,0.07,0,0,2,6,0.05,0,0,2,31,0.06,0,0,3,10,0.14,0,0,3,10,0.08,0,0,2,8,0.01,0,0,2,17,0.11,0,0,3,38,0.08,2,0,1
116,917,64,0,13,0,2,0,1,IDLE,,1,PROTECTING,Field_1,1,IDLE,,1,IDLE,,1,IDLE,,1,IDLE,,1,IDLE,,1,IDLE,,1,IDLE,,1,IDLE,,1,IDLE,,1,PROTECTING,Field_2,1,IDLE,,1,PROTECTING,Field_4,1,IDLE,,1,IDLE,,1,PROTECTING,Field_6,1,PROTECTING,Field_40,1,PROTECTING,Field_8,1,MOVING_TO_FIELD,Field_8,1,PROTECTING,Field_6,1,IDLE,,1,PROTECTING,Field_8,1,PROTECTING,Field_8,1,MOVING_TO_FIELD,Field_8,1,IDLE,,1,IDLE,,1,IDLE,,1,IDLE,,1,PROTECTING,Field_3,1,IDLE,,1,IDLE,,1,IDLE,,1,IDLE,,1,PROTECTING,Field_7,1,IDLE,,1,IDLE,,1,IDLE,,1,PROTECTING,Field_5,1,PROTECTING,Field_40,1,IDLE,,1,IDLE,,1,IDLE,,1,IDLE,,1,IDLE,,1,IDLE,,1,IDLE,,1,IDLE,,1,IDLE,,1,IDLE,,1,IDLE,,1,IDLE,,1,IDLE,,1,IDLE,,1,IDLE,,1,IDLE,,1,IDLE,,1,IDLE,,1,IDLE,,1,IDLE,,1,IDLE,,1,IDLE,,1,IDLE,,1,IDLE,,1,IDLE,,1,IDLE,,1,IDLE,,1,IDLE,,1,IDLE,,1,IDLE,,1,IDLE,,1,IDLE,,1,IDLE,,1,IDLE,,1,IDLE,,1,IDLE,,1,IDLE,,1,IDLE,,1,IDLE,,45,0.16,1,0,8,21,0.09,1,0,3,11,0.02,1,0,1,0,0.00,1,0,0,3,0.00,1,0,0,95,0.25,2,0,4,63,0.05,1,0,1,30,0.12,3,2,3,22,0.05,0,0,2,21,0.04,0,0,6,10,0.03,0,0,2,11,0.04,0,0,3,8,0.05,0,0,1,74,0.10,0,0,2,68,0.17,0,0,6,25,0.15,0,0,9,46,0.13,0,0,3,23,0.18,0,0,9,26,0.13,0,0,6,3,0.05,0,0,2,19,0.06,0,0,2,6,0.00,0,0,1,1,0.07,0,0,2,41,0.01,0,0,1,9,0.05,0,0,1,10,0.03,0,0,2,22,0.04,0,0,2,14,0.00,0,0,2,4,0.05,0,0,2,19,0.04,0,0,2,3,0.02,0,0,2,18,0.06,0,0,2,24,0.09,0,0,2,6,0.10,0,0,2,31,0.06,0,0,3,10,0.16,0,0,3,10,0.09,0,0,2,8,0.01,0,0,2,18,0.11,0,0,3,39,0.08,2,0,1
117,917,64,0,13,0,2,0,1,IDLE,,1,PROTECTING,Field_1,1,IDLE,,1,IDLE,,1,IDLE,,1,IDLE,,1,IDLE,,1,IDLE,,1,IDLE,,1,IDLE,,1,IDLE,,1,PROTECTING,Field_2,1,IDLE,,1,PROTECTING,Field_4,1,IDLE,,1,IDLE,,1,PROTECTING,Field_6,1,PROTECTING,Field_40,1,PROTECTING,Field_8,1,MOVING_TO_FIELD,Field_8,1,PROTECTING,Field_6,1,IDLE,,1,PROTECTING,Field_8,1,PROTECTING,Field_8,1,MOVING_TO_FIELD,Field_8,1,IDLE,,1,IDLE,,1,IDLE,,1,IDLE,,1,PROTECTING,Field_3,1,IDLE,,1,IDLE,,1,IDLE,,1,IDLE,,1,PROTECTING,Field_7,1,IDLE,,1,IDLE,,1,IDLE,,1,PROTECTING,Field_5,1,PROTECTING,Field_40,1,IDLE,,1,IDLE,,1,IDLE,,1,IDLE,,1,IDLE,,1,IDLE,,1,IDLE,,1,IDLE,,1,IDLE,,1,IDLE,,1,IDLE,,1,IDLE,,1,IDLE,,1,IDLE,,1,IDLE,,1,IDLE,,1,IDLE,,1,IDLE,,1,IDLE,,1,IDLE,,1,IDLE,,1,IDLE,,1,IDLE,,1,IDLE,,1,IDLE,,1,IDLE,,1,IDLE,,1,IDLE,,1,IDLE,,1,IDLE,,1,IDLE,,1,IDLE,,1,IDLE,,1,IDLE,,1,IDLE,,1,IDLE,,1,IDLE,,1,IDLE,,1,IDLE,,45,0.16,1,0,8,21,0.09,1,0,3,11,0.02,1,0,1,0,0.00,1,0,0,3,0.00,1,0,0,95,0.25,2,0,4,63,0.05,1,0,1,30,0.13,3,2,3,22,0.05,0,0,2,21,0.04,0,0,6,10,0.03,0,0,2,11,0.04,0,0,3,8,0.03,0,0,1,74,0.09,0,0,2,68,0.17,0,0,6,25,0.15,0,0,9,46,0.13,0,0,3,23,0.18,0,0,9,26,0.13,0,0,6,3,0.05,0,0,2,19,0.06,0,0,2,6,0.00,0,0,1,1,0.05,0,0,2,41,0.01,0,0,1,9,0.04,0,0,1,10,0.04,0,0,2,22,0.04,0,0,2,14,0.02,0,0,2,4,0.05,0,0,2,19,0.05,0,0,2,3,0.02,0,0,2,18,0.06,0,0,2,24,0.09,0,0,2,6,0.10,0,0,2,31,0.06,0,0,3,10,0.12,0,0,3,10,0.09,0,0,2,8,0.01,0,0,2,18,0.11,0,0,3,39,0.08,2,0,1
118,920,64,0,13,0,2,0,1,IDLE,,1,PROTECTING,Field_1,1,IDLE,,1,IDLE,,1,IDLE,,1,IDLE,,1,IDLE,,1,IDLE,,1,IDLE,,1,IDLE,,1,IDLE,,1,PROTECTING,Field_2,1,IDLE,,1,PROTECTING,Field_4,1,IDLE,,1,IDLE,,1,PROTECTING,Field_6,1,PROTECTING,Field_40,1,PROTECTING,Field_8,1,MOVING_TO_FIELD,Field_8,1,PROTECTING,Field_6,1,IDLE,,1,PROTECTING,Field_8,1,PROTECTING,Field_8,1,MOVING_TO_FIELD,Field_8,1,IDLE,,1,IDLE,,1,IDLE,,1,IDLE,,1,PROTECTING,Field_3,1,IDLE,,1,IDLE,,1,IDLE,,1,IDLE,,1,PROTECTING,Field_7,1,IDLE,,1,IDLE,,1,IDLE,,1,PROTECTING,Field_5,1,PROTECTING,Field_40,1,IDLE,,1,IDLE,,1,IDLE,,1,IDLE,,1,IDLE,,1,IDLE,,1,IDLE,,1,IDLE,,1,IDLE,,1,IDLE,,1,IDLE,,1,IDLE,,1,IDLE,,1,IDLE,,1,IDLE,,1,IDLE,,1,IDLE,,1,IDLE,,1,IDLE,,1,IDLE,,1,IDLE,,1,IDLE,,1,IDLE,,1,IDLE,,1,IDLE,,1,IDLE,,1,IDLE,,1,IDLE,,1,IDLE,,1,IDLE,,1,IDLE,,1,IDLE,,1,IDLE,,1,IDLE,,1,IDLE,,1,IDLE,,1,IDLE,,1,IDLE,,1,IDLE,,45,0.15,1,0,8,21,0.09,1,0,3,11,0.03,1,0,1,0,0.00,1,0,0,3,0.00,1,0,0,96,0.25,2,0,4,63,0.05,1,0,1,30,0.13,3,2,3,22,0.05,0,0,2,21,0.03,0,0,6,10,0.03,0,0,2,11,0.04,0,0,3,8,0.03,0,0,1,74,0.09,0,0,2,68,0.17,0,0,6,25,0.15,0,0,9,48,0.12,0,0,3,23,0.18,0,0,9,26,0.11,0,0,6,3,0.05,0,0,2,19,0.06,0,0,2,6,0.00,0,0,1,1,0.07,0,0,2,41,0.01,0,0,1,9,0.04,0,0,1,10,0.04,0,0,2,22,0.04,0,0,2,14,0.02,0,0,2,4,0.05,0,0,2,19,0.08,0,0,2,3,0.02,0,0,2,18,0.06,0,0,2,24,0.09,0,0,2,6,0.10,0,0,2,31,0.05,0,0,3,10,0.12,0,0,3,10,0.08,0,0,2,8,0.01,0,0,2,18,0.11,0,0,3,39,0.09,2,0,1
119,921,64,0,13,0,2,0,1,IDLE,,1,PROTECTING,Field_1,1,IDLE,,1,IDLE,,1,IDLE,,1,IDLE,,1,IDLE,,1,IDLE,,1,IDLE,,1,IDLE,,1,IDLE,,1,PROTECTING,Field_2,1,IDLE,,1,PROTECTING,Field_4,1,IDLE,,1,IDLE,,1,PROTECTING,Field_6,1,PROTECTING,Field_40,1,PROTECTING,Field_8,1,MOVING_TO_FIELD,Field_8,1,PROTECTING,Field_6,1,IDLE,,1,PROTECTING,Field_8,1,PROTECTING,Field_8,1,MOVING_TO_FIELD,Field_8,1,IDLE,,1,IDLE,,1,IDLE,,1,IDLE,,1,PROTECTING,Field_3,1,IDLE,,1,IDLE,,1,IDLE,,1,IDLE,,1,PROTECTING,Field_7,1,IDLE,,1,IDLE,,1,IDLE,,1,PROTECTING,Field_5,1,PROTECTING,Field_40,1,IDLE,,1,IDLE,,1,IDLE,,1,IDLE,,1,IDLE,,1,IDLE,,1,IDLE,,1,IDLE,,1,IDLE,,1,IDLE,,1,IDLE,,1,IDLE,,1,IDLE,,1,IDLE,,1,IDLE,,1,IDLE,,1,IDLE,,1,IDLE,,1,IDLE,,1,IDLE,,1,IDLE,,1,IDLE,,1,IDLE,,1,IDLE,,1,IDLE,,1,IDLE,,1,IDLE,,1,IDLE,,1,IDLE,,1,IDLE,,1,IDLE,,1,IDLE,,1,IDLE,,1,IDLE,,1,IDLE,,1,IDLE,,1,IDLE,,1,IDLE,,1,IDLE,,45,0.16,1,0,8,21,0.08,1,0,3,11,0.03,1,0,1,0,0.00,1,0,0,3,0.00,1,0,0,97,0.25,2,0,4,63,0.05,1,0,1,30,0.14,3,2,3,22,0.05,0,0,2,21,0.03,0,0,6,10,0.03,0,0,2,11,0.04,0,0,3,8,0.03,0,0,1,74,0.09,0,0,2,68,0.16,0,0,6,25,0.15,0,0,9,48,0.11,0,0,3,23,0.18,0,0,9,26,0.11,0,0,6,3,0.05,0,0,2,19,0.06,0,0,2,6,0.00,0,0,1,1,0.07,0,0,2,41,0.01,0,0,1,9,0.04,0,0,1,10,0.04,0,0,2,22,0.04,0,0,2,14,0.02,0,0,2,4,0.05,0,0,2,19,0.08,0,0,2,3,0.02,0,0,2,18,0.06,0,0,2,24,0.09,0,0,2,6,0.10,0,0,2,31,0.05,0,0,3,10,0.12,0,0,3,10,0.07,0,0,2,8,0.01,0,0,2,18,0.11,0,0,3,39,0.09,2,0,1
120,925,64,0,13,0,2,0,1,IDLE,,1,PROTECTING,Field_1,1,IDLE,,1,IDLE,,1,IDLE,,1,IDLE,,1,IDLE,,1,IDLE,,1,IDLE,,1,IDLE,,1,IDLE,,1,PROTECTING,Field_2,1,IDLE,,1,PROTECTING,Field_4,1,IDLE,,1,IDLE,,1,PROTECTING,Field_6,1,PROTECTING,Field_40,1,PROTECTING,Field_8,1,MOVING_TO_FIELD,Field_8,1,PROTECTING,Field_6,1,IDLE,,1,PROTECTING,Field_8,1,PROTECTING,Field_8,1,MOVING_TO_FIELD,Field_8,1,IDLE,,1,IDLE,,1,IDLE,,1,IDLE,,1,PROTECTING,Field_3,1,IDLE,,1,IDLE,,1,IDLE,,1,IDLE,,1,PROTECTING,Field_7,1,IDLE,,1,IDLE,,1,IDLE,,1,PROTECTING,Field_5,1,PROTECTING,Field_40,1,IDLE,,1,IDLE,,1,IDLE,,1,IDLE,,1,IDLE,,1,IDLE,,1,IDLE,,1,IDLE,,1,IDLE,,1,IDLE,,1,IDLE,,1,IDLE,,1,IDLE,,1,IDLE,,1,IDLE,,1,IDLE,,1,IDLE,,1,IDLE,,1,IDLE,,1,IDLE,,1,IDLE,,1,IDLE,,1,IDLE,,1,IDLE,,1,IDLE,,1,IDLE,,1,IDLE,,1,IDLE,,1,IDLE,,1,IDLE,,1,IDLE,,1,IDLE,,1,IDLE,,1,IDLE,,1,IDLE,,1,IDLE,,1,IDLE,,1,IDLE,,1,IDLE,,45,0.17,1,0,8,21,0.08,1,0,3,11,0.03,1,0,1,0,0.00,1,0,0,3,0.00,1,0,0,99,0.25,2,0,4,63,0.05,1,0,1,30,0.14,3,2,3,22,0.04,0,0,2,21,0.04,0,0,6,10,0.03,0,0,2,11,0.04,0,0,3,8,0.03,0,0,1,74,0.09,0,0,2,68,0.14,0,0,6,26,0.15,0,0,9,49,0.10,0,0,3,23,0.18,0,0,9,26,0.11,0,0,6,3,0.07,0,0,2,19,0.06,0,0,2,6,0.00,0,0,1,1,0.07,0,0,2,41,0.01,0,0,1,9,0.04,0,0,1,10,0.04,0,0,2,22,0.04,0,0,2,14,0.02,0,0,2,4,0.05,0,0,2,19,0.08,0,0,2,3,0.02,0,0,2,18,0.06,0,0,2,24,0.11,0,0,2,6,0.10,0,0,2,31,0.04,0,0,3,10,0.12,0,0,3,10,0.07,0,0,2,8,0.01,0,0,2,18,0.11,0,0,3,39,0.09,2,0,1
121,926,64,0,13,0,2,0,1,IDLE,,1,PROTECTING,Field_1,1,IDLE,,1,IDLE,,1,IDLE,,1,IDLE,,1,IDLE,,1,IDLE,,1,IDLE,,1,IDLE,,1,IDLE,,1,PROTECTING,Field_2,1,IDLE,,1,PROTECTING,Field_4,1,IDLE,,1,IDLE,,1,PROTECTING,Field_6,1,PROTECTING,Field_40,1,PROTECTING,Field_8,1,MOVING_TO_FIELD,Field_8,1,PROTECTING,Field_6,1,IDLE,,1,PROTECTING,Field_8,1,PROTECTING,Field_8,1,MOVING_TO_FIELD,Field_8,1,IDLE,,1,IDLE,,1,IDLE,,1,IDLE,,1,PROTECTING,Field_3,1,IDLE,,1,IDLE,,1,IDLE,,1,IDLE,,1,PROTECTING,Field_7,1,IDLE,,1,IDLE,,1,IDLE,,1,PROTECTING,Field_5,1,PROTECTING,Field_40,1,IDLE,,1,IDLE,,1,IDLE,,1,IDLE,,1,IDLE,,1,IDLE,,1,IDLE,,1,IDLE,,1,IDLE,,1,IDLE,,1,IDLE,,1,IDLE,,1,IDLE,,1,IDLE,,1,IDLE,,1,IDLE,,1,IDLE,,1,IDLE,,1,IDLE,,1,IDLE,,1,IDLE,,1,IDLE,,1,IDLE,,1,IDLE,,1,IDLE,,1,IDLE,,1,IDLE,,1,IDLE,,1,IDLE,,1,IDLE,,1,IDLE,,1,IDLE,,1,IDLE,,1,IDLE,,1,IDLE,,1,IDLE,,1,IDLE,,1,IDLE,,1,IDLE,,45,0.16,1,0,8,21,0.08,1,0,3,11,0.03,1,0,1,0,0.00,1,0,0,3,0.00,1,0,0,99,0.24,2,0,4,63,0.05,1,0,1,30,0.14,3,2,3,22,0.04,0,0,2,21,0.03,0,0,6,10,0.03,0,0,2,11,0.04,0,0,3,8,0.03,0,0,1,74,0.06,0,0,2,68,0.14,0,0,6,27,0.16,0,0,9,49,0.10,0,0,3,23,0.18,0,0,9,26,0.11,0,0,6,3,0.04,0,0,2,19,0.06,0,0,2,6,0.00,0,0,1,1,0.07,0,0,2,41,0.01,0,0,1,9,0.04,0,0,1,10,0.03,0,0,2,22,0.04,0,0,2,14,0.02,0,0,2,4,0.05,0,0,2,19,0.06,0,0,2,3,0.02,0,0,2,18,0.06,0,0,2,24,0.11,0,0,2,6,0.10,0,0,2,31,0.04,0,0,3,10,0.10,0,0,3,10,0.08,0,0,2,8,0.01,0,0,2,18,0.10,0,0,3,39,0.09,2,0,1
122,928,64,0,14,0,1,0,1,IDLE,,1,PROTECTING,Field_1,1,IDLE,,1,IDLE,,1,IDLE,,1,IDLE,,1,IDLE,,1,IDLE,,1,IDLE,,1,IDLE,,1,IDLE,,1,PROTECTING,Field_2,1,IDLE,,1,PROTECTING,Field_4,1,IDLE,,1,IDLE,,1,PROTECTING,Field_6,1,PROTECTING,Field_40,1,PROTECTING,Field_8,1,PROTECTING,Field_8,1,PROTECTING,Field_6,1,IDLE,,1,PROTECTING,Field_8,1,PROTECTING,Field_8,1,MOVING_TO_FIELD,Field_8,1,IDLE,,1,IDLE,,1,IDLE,,1,IDLE,,1,PROTECTING,Field_3,1,IDLE,,1,IDLE,,1,IDLE,,1,IDLE,,1,PROTECTING,Field_7,1,IDLE,,1,IDLE,,1,IDLE,,1,PROTECTING,Field_5,1,PROTECTING,Field_40,1,IDLE,,1,IDLE,,1,IDLE,,1,IDLE,,1,IDLE,,1,IDLE,,1,IDLE,,1,IDLE,,1,IDLE,,1,IDLE,,1,IDLE,,1,IDLE,,1,IDLE,,1,IDLE,,1,IDLE,,1,IDLE,,1,IDLE,,1,IDLE,,1,IDLE,,1,IDLE,,1,IDLE,,1,IDLE,,1,IDLE,,1,IDLE,,1,IDLE,,1,IDLE,,1,IDLE,,1,IDLE,,1,IDLE,,1,IDLE,,1,IDLE,,1,IDLE,,1,IDLE,,1,IDLE,,1,IDLE,,1,IDLE,,1,IDLE,,1,IDLE,,1,IDLE,,45,0.16,1,0,8,21,0.06,1,0,3,11,0.03,1,0,1,0,0.00,1,0,0,3,0.00,1,0,0,101,0.24,2,0,4,63,0.05,1,0,1,30,0.14,4,1,2,22,0.04,0,0,2,21,0.04,0,0,6,10,0.03,0,0,2,11,0.05,0,0,3,8,0.03,0,0,1,74,0.07,0,0,2,68,0.14,0,0,6,27,0.16,0,0,9,49,0.10,0,0,3,23,0.17,0,0,9,26,0.11,0,0,6,3,0.04,0,0,2,19,0.05,0,0,2,6,0.00,0,0,1,1,0.07,0,0,2,41,0.01,0,0,1,9,0.04,0,0,1,10,0.03,0,0,2,22,0.03,0,0,2,14,0.02,0,0,2,4,0.03,0,0,2,19,0.06,0,0,2,3,0.02,0,0,2,18,0.04,0,0,2,24,0.09,0,0,2,6,0.10,0,0,2,31,0.04,0,0,3,10,0.10,0,0,3,10,0.08,0,0,2,8,0.01,0,0,2,18,0.11,0,0,3,39,0.09,2,0,1
123,928,64,0,14,0,1,0,1,IDLE,,1,PROTECTING,Field_1,1,IDLE,,1,IDLE,,1,IDLE,,1,IDLE,,1,IDLE,,1,IDLE,,1,IDLE,,1,IDLE,,1,IDLE,,1,PROTECTING,Field_2,1,IDLE,,1,PROTECTING,Field_4,1,IDLE,,1,IDLE,,1,PROTECTING,Field_6,1,PROTECTING,Field_40,1,PROTECTING,Field_8,1,PROTECTING,Field_8,1,PROTECTING,Field_6,1,IDLE,,1,PROTECTING,Field_8,1,PROTECTING,Field_8,1,MOVING_TO_FIELD,Field_8,1,IDLE,,1,IDLE,,1,IDLE,,1,IDLE,,1,PROTECTING,Field_3,1,IDLE,,1,IDLE,,1,IDLE,,1,IDLE,,1,PROTECTING,Field_7,1,IDLE,,1,IDLE,,1,IDLE,,1,PROTECTING,Field_5,1,PROTECTING,Field_40,1,IDLE,,1,IDLE,,1,IDLE,,1,IDLE,,1,IDLE,,1,IDLE,,1,IDLE,,1,IDLE,,1,IDLE,,1,IDLE,,1,IDLE,,1,IDLE,,1,IDLE,,1,IDLE,,1,IDLE,,1,IDLE,,1,IDLE,,1,IDLE,,1,IDLE,,1,IDLE,,1,IDLE,,1,IDLE,,1,IDLE,,1,IDLE,,1,IDLE,,1,IDLE,,1,IDLE,,1,IDLE,,1,IDLE,,1,IDLE,,1,IDLE,,1,IDLE,,1,IDLE,,1,IDLE,,1,IDLE,,1,IDLE,,1,IDLE,,1,IDLE,,1,IDLE,,45,0.16,1,0,8,21,0.06,1,0,3,11,0.03,1,0,1,0,0.00,1,0,0,3,0.00,1,0,0,101,0.24,2,0,4,63,0.05,1,0,1,30,0.14,4,1,2,22,0.03,0,0,2,21,0.04,0,0,6,10,0.03,0,0,2,11,0.05,0,0,3,8,0.03,0,0,1,74,0.07,0,0,2,68,0.13,0,0,6,27,0.14,0,0,9,49,0.10,0,0,3,23,0.16,0,0,9,26,0.11,0,0,6,3,0.03,0,0,2,19,0.05,0,0,2,6,0.00,0,0,1,1,0.07,0,0,2,41,0.00,0,0,1,9,0.04,0,0,1,10,0.01,0,0,2,22,0.02,0,0,2,14,0.02,0,0,2,4,0.03,0,0,2,19,0.06,0,0,2,3,0.02,0,0,2,18,0.03,0,0,2,24,0.07,0,0,2,6,0.10,0,0,2,31,0.04,0,0,3,10,0.10,0,0,3,10,0.09,0,0,2,8,0.00,0,0,2,18,0.11,0,0,3,39,0.09,2,0,1
124,930,64,0,14,0,1,0,1,IDLE,,1,PROTECTING,Field_1,1,IDLE,,1,IDLE,,1,IDLE,,1,IDLE,,1,IDLE,,1,IDLE,,1,IDLE,,1,IDLE,,1,IDLE,,1,PROTECTING,Field_2,1,IDLE,,1,PROTECTING,Field_4,1,IDLE,,1,IDLE,,1,PROTECTING,Field_6,1,PROTECTING,Field_40,1,PROTECTING,Field_8,1,PROTECTING,Field_8,1,PROTECTING,Field_6,1,IDLE,,1,PROTECTING,Field_8,1,PROTECTING,Field_8,1,MOVING_TO_FIELD,Field_8,1,IDLE,,1,IDLE,,1,IDLE,,1,IDLE,,1,PROTECTING,Field_3,1,IDLE,,1,IDLE,,1,IDLE,,1,IDLE,,1,PROTECTING,Field_7,1,IDLE,,1,IDLE,,1,IDLE,,1,PROTECTING,Field_5,1,PROTECTING,Field_40,1,IDLE,,1,IDLE,,1,IDLE,,1,IDLE,,1,IDLE,,1,IDLE,,1,IDLE,,1,IDLE,,1,IDLE,,1,IDLE,,1,IDLE,,1,IDLE,,1,IDLE,,1,IDLE,,1,IDLE,,1,IDLE,,1,IDLE,,1,IDLE,,1,IDLE,,1,IDLE,,1,IDLE,,1,IDLE,,1,IDLE,,1,IDLE,,1,IDLE,,1,IDLE,,1,IDLE,,1,IDLE,,1,IDLE,,1,IDLE,,1,IDLE,,1,IDLE,,1,IDLE,,1,IDLE,,1,IDLE,,1,IDLE,,1,IDLE,,1,IDLE,,1,IDLE,,45,0.16,1,0,8,21,0.06,1,0,3,11,0.03,1,0,1,0,0.00,1,0,0,3,0.00,1,0,0,101,0.24,2,0,4,63,0.05,1,0,1,30,0.14,4,1,2,22,0.03,0,0,2,21,0.04,0,0,6,10,0.03,0,0,2,11,0.05,0,0,3,8,0.03,0,0,1,74,0.07,0,0,2,68,0.13,0,0,6,27,0.14,0,0,9,50,0.10,0,0,3,23,0.18,0,0,9,27,0.10,0,0,6,3,0.04,0,0,2,19,0.05,0,0,2,6,0.00,0,0,1,1,0.08,0,0,2,41,0.00,0,0,1,9,0.02,0,0,1,10,0.01,0,0,2,22,0.02,0,0,2,14,0.02,0,0,2,4,0.03,0,0,2,19,0.06,0,0,2,3,0.02,0,0,2,18,0.03,0,0,2,24,0.07,0,0,2,6,0.10,0,0,2,31,0.04,0,0,3,10,0.10,0,0,3,10,0.09,0,0,2,8,0.00,0,0,2,18,0.11,0,0,3,39,0.11,2,0,1
125,933,64,0,15,0,0,0,1,IDLE,,1,PROTECTING,Field_1,1,IDLE,,1,IDLE,,1,IDLE,,1,IDLE,,1,IDLE,,1,IDLE,,1,IDLE,,1,IDLE,,1,IDLE,,1,PROTECTING,Field_2,1,IDLE,,1,PROTECTING,Field_4,1,IDLE,,1,IDLE,,1,PROTECTING,Field_6,1,PROTECTING,Field_40,1,PROTECTING,Field_8,1,PROTECTING,Field_8,1,PROTECTING,Field_6,1,IDLE,,1,PROTECTING,Field_8,1,PROTECTING,Field_8,1,PROTECTING,Field_8,1,IDLE,,1,IDLE,,1,IDLE,,1,IDLE,,1,PROTECTING,Field_3,1,IDLE,,1,IDLE,,1,IDLE,,1,IDLE,,1,PROTECTING,Field_7,1,IDLE,,1,IDLE,,1,IDLE,,1,PROTECTING,Field_5,1,PROTECTING,Field_40,1,IDLE,,1,IDLE,,1,IDLE,,1,IDLE,,1,IDLE,,1,IDLE,,1,IDLE,,1,IDLE,,1,IDLE,,1,IDLE,,1,IDLE,,1,IDLE,,1,IDLE,,1,IDLE,,1,IDLE,,1,IDLE,,1,IDLE,,1,IDLE,,1,IDLE,,1,IDLE,,1,IDLE,,1,IDLE,,1,IDLE,,1,IDLE,,1,IDLE,,1,IDLE,,1,IDLE,,1,IDLE,,1,IDLE,,1,IDLE,,1,IDLE,,1,IDLE,,1,IDLE,,1,IDLE,,1,IDLE,,1,IDLE,,1,IDLE,,1,IDLE,,1,IDLE,,45,0.17,1,0,8,22,0.08,1,0,3,11,0.03,1,0,1,0,0.00,1,0,0,3,0.00,1,0,0,102,0.25,2,0,4,63,0.04,1,0,1,30,0.13,5,0,1,22,0.03,0,0,2,21,0.04,0,0,6,10,0.03,0,0,2,11,0.06,0,0,3,8,0.03,0,0,1,74,0.07,0,0,2,68,0.14,0,0,6,27,0.14,0,0,9,51,0.11,0,0,3,23,0.15,0,0,9,27,0.09,0,0,6,3,0.04,0,0,2,19,0.05,0,0,2,6,0.00,0,0,1,1,0.07,0,0,2,41,0.00,0,0,1,9,0.02,0,0,1,10,0.03,0,0,2,22,0.02,0,0,2,14,0.02,0,0,2,4,0.03,0,0,2,19,0.06,0,0,2,3,0.02,0,0,2,18,0.03,0,0,2,24,0.07,0,0,2,6,0.08,0,0,2,31,0.05,0,0,3,10,0.10,0,0,3,10,0.09,0,0,2,8,0.00,0,0,2,18,0.10,0,0,3,39,0.08,2,0,1
126,936,64,0,15,0,0,0,1,IDLE,,1,PROTECTING,Field_1,1,IDLE,,1,IDLE,,1,IDLE,,1,IDLE,,1,IDLE,,1,IDLE,,1,IDLE,,1,IDLE,,1,IDLE,,1,PROTECTING,Field_2,1,IDLE,,1,PROTECTING,Field_4,1,IDLE,,1,IDLE,,1,PROTECTING,Field_6,1,PROTECTING,Field_40,1,PROTECTING,Field_8,1,PROTECTING,Field_8,1,PROTECTING,Field_6,1,IDLE,,1,PROTECTING,Field_8,1,PROTECTING,Field_8,1,PROTECTING,Field_8,1,IDLE,,1,IDLE,,1,IDLE,,1,IDLE,,1,PROTECTING,Field_3,1,IDLE,,1,IDLE,,1,IDLE,,1,IDLE,,1,PROTECTING,Field_7,1,IDLE,,1,IDLE,,1,IDLE,,1,PROTECTING,Field_5,1,PROTECTING,Field_40,1,IDLE,,1,IDLE,,1,IDLE,,1,IDLE,,1,IDLE,,1,IDLE,,1,IDLE,,1,IDLE,,1,IDLE,,1,IDLE,,1,IDLE,,1,IDLE,,1,IDLE,,1,IDLE,,1,IDLE,,1,IDLE,,1,IDLE,,1,IDLE,,1,IDLE,,1,IDLE,,1,IDLE,,1,IDLE,,1,IDLE,,1,IDLE,,1,IDLE,,1,IDLE,,1,IDLE,,1,IDLE,,1,IDLE,,1,IDLE,,1,IDLE,,1,IDLE,,1,IDLE,,1,IDLE,,1,IDLE,,1,IDLE,,1,IDLE,,1,IDLE,,1,IDLE,,45,0.18,1,0,8,22,0.08,1,0,3,11,0.03,1,0,1,0,0.00,1,0,0,3,0.00,1,0,0,103,0.25,2,0,4,63,0.04,1,0,1,30,0.13,5,0,1,22,0.02,0,0,2,21,0.03,0,0,6,10,0.03,0,0,2,11,0.07,0,0,3,8,0.03,0,0,1,75,0.07,0,0,2,68,0.14,0,0,6,27,0.15,0,0,9,51,0.12,0,0,3,23,0.17,0,0,9,27,0.09,0,0,6,3,0.04,0,0,2,19,0.05,0,0,2,6,0.00,0,0,1,1,0.07,0,0,2,41,0.00,0,0,1,9,0.02,0,0,1,10,0.03,0,0,2,22,0.01,0,0,2,14,0.02,0,0,2,4,0.02,0,0,2,19,0.05,0,0,2,3,0.02,0,0,2,18,0.04,0,0,2,24,0.09,0,0,2,6,0.10,0,0,2,31,0.05,0,0,3,10,0.09,0,0,3,10,0.09,0,0,2,8,0.00,0,0,2,18,0.09,0,0,3,40,0.08,2,0,1
127,938,64,0,15,0,0,0,1,IDLE,,1,PROTECTING,Field_1,1,IDLE,,1,IDLE,,1,IDLE,,1,IDLE,,1,IDLE,,1,IDLE,,1,IDLE,,1,IDLE,,1,IDLE,,1,PROTECTING,Field_2,1,IDLE,,1,PROTECTING,Field_4,1,IDLE,,1,IDLE,,1,PROTECTING,Field_6,1,PROTECTING,Field_40,1,PROTECTING,Field_8,1,PROTECTING,Field_8,1,PROTECTING,Field_6,1,IDLE,,1,PROTECTING,Field_8,1,PROTECTING,Field_8,1,PROTECTING,Field_8,1,IDLE,,1,IDLE,,1,IDLE,,1,IDLE,,1,PROTECTING,Field_3,1,IDLE,,1,IDLE,,1,IDLE,,1,IDLE,,1,PROTECTING,Field_7,1,IDLE,,1,IDLE,,1,IDLE,,1,PROTECTING,Field_5,1,PROTECTING,Field_40,1,IDLE,,1,IDLE,,1,IDLE,,1,IDLE,,1,IDLE,,1,IDLE,,1,IDLE,,1,IDLE,,1,IDLE,,1,IDLE,,1,IDLE,,1,IDLE,,1,IDLE,,1,IDLE,,1,IDLE,,1,IDLE,,1,IDLE,,1,IDLE,,1,IDLE,,1,IDLE,,1,IDLE,,1,IDLE,,1,IDLE,,1,IDLE,,1,IDLE,,1,IDLE,,1,IDLE,,1,IDLE,,1,IDLE,,1,IDLE,,1,IDLE,,1,IDLE,,1,IDLE,,1,IDLE,,1,IDLE,,1,IDLE,,1,IDLE,,1,IDLE,,1,IDLE,,45,0.18,1,0,8,22,0.08,1,0,3,11,0.04,1,0,1,0,0.00,1,0,0,3,0.00,1,0,0,104,0.25,2,0,4,63,0.05,1,0,1,30,0.13,5,0,1,22,0.02,0,0,2,21,0.03,0,0,6,10,0.03,0,0,2,11,0.07,0,0,3,8,0.03,0,0,1,75,0.07,0,0,2,68,0.15,0,0,6,27,0.15,0,0,9,51,0.11,0,0,3,23,0.17,0,0,9,27,0.09,0,0,6,3,0.04,0,0,2,19,0.05,0,0,2,6,0.00,0,0,1,1,0.07,0,0,2,41,0.01,0,0,1,9,0.02,0,0,1,10,0.04,0,0,2,22,0.01,0,0,2,14,0.02,0,0,2,4,0.02,0,0,2,19,0.04,0,0,2,3,0.02,0,0,2,18,0.05,0,0,2,24,0.07,0,0,2,6,0.08,0,0,2,31,0.05,0,0,3,10,0.10,0,0,3,10,0.10,0,0,2,8,0.01,0,0,2,18,0.09,0,0,3,41,0.08,2,0,1
128,940,64,0,15,0,0,0,1,IDLE,,1,PROTECTING,Field_1,1,IDLE,,1,IDLE,,1,IDLE,,1,IDLE,,1,IDLE,,1,IDLE,,1,IDLE,,1,IDLE,,1,IDLE,,1,PROTECTING,Field_2,1,IDLE,,1,PROTECTING,Field_4,1,IDLE,,1,IDLE,,1,PROTECTING,Field_6,1,PROTECTING,Field_40,1,PROTECTING,Field_8,1,PROTECTING,Field_8,1,PROTECTING,Field_6,1,IDLE,,1,PROTECTING,Field_8,1,PROTECTING,Field_8,1,PROTECTING,Field_8,1,IDLE,,1,IDLE,,1,IDLE,,1,IDLE,,1,PROTECTING,Field_3,1,IDLE,,1,IDLE,,1,IDLE,,1,IDLE,,1,PROTECTING,Field_7,1,IDLE,,1,IDLE,,1,IDLE,,1,PROTECTING,Field_5,1,PROTECTING,Field_40,1,IDLE,,1,IDLE,,1,IDLE,,1,IDLE,,1,IDLE,,1,IDLE,,1,IDLE,,1,IDLE,,1,IDLE,,1,IDLE,,1,IDLE,,1,IDLE,,1,IDLE,,1,IDLE,,1,IDLE,,1,IDLE,,1,IDLE,,1,IDLE,,1,IDLE,,1,IDLE,,1,IDLE,,1,IDLE,,1,IDLE,,1,IDLE,,1,IDLE,,1,IDLE,,1,IDLE,,1,IDLE,,1,IDLE,,1,IDLE,,1,IDLE,,1,IDLE,,1,IDLE,,1,IDLE,,1,IDLE,,1,IDLE,,1,IDLE,,1,IDLE,,1,IDLE,,45,0.18,1,0,8,22,0.08,1,0,3,11,0.04,1,0,1,0,0.00,1,0,0,3,0.00,1,0,0,104,0.25,2,0,4,63,0.05,1,0,1,30,0.13,5,0,1,22,0.03,0,0,2,21,0.03,0,0,6,10,0.03,0,0,2,11,0.07,0,0,3,8,0.03,0,0,1,75,0.07,0,0,2,70,0.15,0,0,6,27,0.15,0,0,9,51,0.11,0,0,3,23,0.17,0,0,9,27,0.09,0,0,6,3,0.04,0,0,2,19,0.06,0,0,2,6,0.00,0,0,1,1,0.07,0,0,2,41,0.01,0,0,1,9,0.02,0,0,1,10,0.05,0,0,2,22,0.01,0,0,2,14,0.04,0,0,2,4,0.02,0,0,2,19,0.04,0,0,2,3,0.02,0,0,2,18,0.05,0,0,2,24,0.07,0,0,2,6,0.08,0,0,2,31,0.05,0,0,3,10,0.09,0,0,3,10,0.10,0,0,2,8,0.01,0,0,2,18,0.09,0,0,3,41,0.08,2,0,1
129,944,64,0,15,0,0,0,1,IDLE,,1,PROTECTING,Field_1,1,IDLE,,1,IDLE,,1,IDLE,,1,IDLE,,1,IDLE,,1,IDLE,,1,IDLE,,1,IDLE,,1,IDLE,,1,PROTECTING,Field_2,1,IDLE,,1,PROTECTING,Field_4,1,IDLE,,1,IDLE,,1,PROTECTING,Field_6,1,PROTECTING,Field_40,1,PROTECTING,Field_8,1,PROTECTING,Field_8,1,PROTECTING,Field_6,1,IDLE,,1,PROTECTING,Field_8,1,PROTECTING,Field_8,1,PROTECTING,Field_8,1,IDLE,,1,IDLE,,1,IDLE,,1,IDLE,,1,PROTECTING,Field_3,1,IDLE,,1,IDLE,,1,IDLE,,1,IDLE,,1,PROTECTING,Field_7,1,IDLE,,1,IDLE,,1,IDLE,,1,PROTECTING,Field_5,1,PROTECTING,Field_40,1,IDLE,,1,IDLE,,1,IDLE,,1,IDLE,,1,IDLE,,1,IDLE,,1,IDLE,,1,IDLE,,1,IDLE,,1,IDLE,,1,IDLE,,1,IDLE,,1,IDLE,,1,IDLE,,1,IDLE,,1,IDLE,,1,IDLE,,1,IDLE,,1,IDLE,,1,IDLE,,1,IDLE,,1,IDLE,,1,IDLE,,1,IDLE,,1,IDLE,,1,IDLE,,1,IDLE,,1,IDLE,,1,IDLE,,1,IDLE,,1,IDLE,,1,IDLE,,1,IDLE,,1,IDLE,,1,IDLE,,1,IDLE,,1,IDLE,,1,IDLE,,1,IDLE,,45,0.18,1,0,8,22,0.08,1,0,3,12,0.05,1,0,1,0,0.00,1,0,0,3,0.00,1,0,0,105,0.25,2,0,4,63,0.05,1,0,1,30,0.12,5,0,1,22,0.03,0,0,2,21,0.03,0,0,6,10,0.04,0,0,2,11,0.06,0,0,3,8,0.02,0,0,1,75,0.07,0,0,2,71,0.15,0,0,6,27,0.14,0,0,9,51,0.10,0,0,3,23,0.18,0,0,9,27,0.09,0,0,6,3,0.04,0,0,2,19,0.06,0,0,2,6,0.00,0,0,1,1,0.07,0,0,2,41,0.01,0,0,1,9,0.04,0,0,1,10,0.05,0,0,2,22,0.01,0,0,2,14,0.04,0,0,2,4,0.02,0,0,2,19,0.03,0,0,2,3,0.02,0,0,2,18,0.05,0,0,2,24,0.07,0,0,2,6,0.08,0,0,2,31,0.06,0,0,3,10,0.09,0,0,3,10,0.10,0,0,2,8,0.01,0,0,2,19,0.09,0,0,3,41,0.08,2,0,1
130,948,64,0,15,0,0,0,1,IDLE,,1,PROTECTING,Field_1,1,IDLE,,1,IDLE,,1,IDLE,,1,IDLE,,1,IDLE,,1,IDLE,,1,IDLE,,1,IDLE,,1,IDLE,,1,PROTECTING,Field_2,1,IDLE,,1,PROTECTING,Field_4,1,IDLE,,1,IDLE,,1,PROTECTING,Field_6,1,PROTECTING,Field_40,1,PROTECTING,Field_8,1,PROTECTING,Field_8,1,PROTECTING,Field_6,1,IDLE,,1,PROTECTING,Field_8,1,PROTECTING,Field_8,1,PROTECTING,Field_8,1,IDLE,,1,IDLE,,1,IDLE,,1,IDLE,,1,PROTECTING,Field_3,1,IDLE,,1,IDLE,,1,IDLE,,1,IDLE,,1,PROTECTING,Field_7,1,IDLE,,1,IDLE,,1,IDLE,,1,PROTECTING,Field_5,1,PROTECTING,Field_40,1,IDLE,,1,IDLE,,1,IDLE,,1,IDLE,,1,IDLE,,1,IDLE,,1,IDLE,,1,IDLE,,1,IDLE,,1,IDLE,,1,IDLE,,1,IDLE,,1,IDLE,,1,IDLE,,1,IDLE,,1,IDLE,,1,IDLE,,1,IDLE,,1,IDLE,,1,IDLE,,1,IDLE,,1,IDLE,,1,IDLE,,1,IDLE,,1,IDLE,,1,IDLE,,1,IDLE,,1,IDLE,,1,IDLE,,1,IDLE,,1,IDLE,,1,IDLE,,1,IDLE,,1,IDLE,,1,IDLE,,1,IDLE,,1,IDLE,,1,IDLE,,1,IDLE,,45,0.18,1,0,8,22,0.08,1,0,3,12,0.05,1,0,1,0,0.00,1,0,0,3,0.00,1,0,0,107,0.25,2,0,4,63,0.04,1,0,1,30,0.12,5,0,1,22,0.03,0,0,2,21,0.03,0,0,6,10,0.04,0,0,2,11,0.05,0,0,3,8,0.02,0,0,1,75,0.07,0,0,2,72,0.15,0,0,6,27,0.15,0,0,9,51,0.11,0,0,3,23,0.19,0,0,9,27,0.10,0,0,6,3,0.03,0,0,2,19,0.06,0,0,2,6,0.00,0,0,1,1,0.07,0,0,2,41,0.00,0,0,1,9,0.04,0,0,1,10,0.06,0,0,2,22,0.01,0,0,2,14,0.04,0,0,2,4,0.02,0,0,2,19,0.04,0,0,2,3,0.02,0,0,2,18,0.06,0,0,2,24,0.07,0,0,2,6,0.08,0,0,2,31,0.06,0,0,3,10,0.09,0,0,3,10,0.10,0,0,2,8,0.01,0,0,2,19,0.10,0,0,3,42,0.08,2,0,1
131,950,64,0,15,0,0,0,1,IDLE,,1,PROTECTING,Field_1,1,IDLE,,1,IDLE,,1,IDLE,,1,IDLE,,1,IDLE,,1,IDLE,,1,IDLE,,1,IDLE,,1,IDLE,,1,PROTECTING,Field_2,1,IDLE,,1,PROTECTING,Field_4,1,IDLE,,1,IDLE,,1,PROTECTING,Field_6,1,PROTECTING,Field_40,1,PROTECTING,Field_8,1,PROTECTING,Field_8,1,PROTECTING,Field_6,1,IDLE,,1,PROTECTING,Field_8,1,PROTECTING,Field_8,1,PROTECTING,Field_8,1,IDLE,,1,IDLE,,1,IDLE,,1,IDLE,,1,PROTECTING,Field_3,1,IDLE,,1,IDLE,,1,IDLE,,1,IDLE,,1,PROTECTING,Field_7,1,IDLE,,1,IDLE,,1,IDLE,,1,PROTECTING,Field_5,1,PROTECTING,Field_40,1,IDLE,,1,IDLE,,1,IDLE,,1,IDLE,,1,IDLE,,1,IDLE,,1,IDLE,,1,IDLE,,1,IDLE,,1,IDLE,,1,IDLE,,1,IDLE,,1,IDLE,,1,IDLE,,1,IDLE,,1,IDLE,,1,IDLE,,1,IDLE,,1,IDLE,,1,IDLE,,1,IDLE,,1,IDLE,,1,IDLE,,1,IDLE,,1,IDLE,,1,IDLE,,1,IDLE,,1,IDLE,,1,IDLE,,1,IDLE,,1,IDLE,,1,IDLE,,1,IDLE,,1,IDLE,,1,IDLE,,1,IDLE,,1,IDLE,,1,IDLE,,1,IDLE,,45,0.18,1,0,8,22,0.08,1,0,3,12,0.05,1,0,1,0,0.00,1,0,0,3,0.00,1,0,0,108,0.23,2,0,4,63,0.04,1,0,1,30,0.12,5,0,1,22,0.04,0,0,2,21,0.04,0,0,6,10,0.04,0,0,2,11,0.04,0,0,3,8,0.02,0,0,1,75,0.06,0,0,2,72,0.14,0,0,6,27,0.16,0,0,9,51,0.11,0,0,3,23,0.18,0,0,9,27,0.09,0,0,6,3,0.03,0,0,2,19,0.05,0,0,2,6,0.00,0,0,1,1,0.07,0,0,2,41,0.00,0,0,1,9,0.04,0,0,1,10,0.08,0,0,2,22,0.01,0,0,2,14,0.04,0,0,2,4,0.02,0,0,2,19,0.06,0,0,2,3,0.02,0,0,2,18,0.06,0,0,2,24,0.05,0,0,2,6,0.07,0,0,2,31,0.07,0,0,3,10,0.09,0,0,3,10,0.10,0,0,2,8,0.01,0,0,2,20,0.09,0,0,3,42,0.05,2,0,1
132,951,64,0,15,0,0,0,1,IDLE,,1,PROTECTING,Field_1,1,IDLE,,1,IDLE,,1,IDLE,,1,IDLE,,1,IDLE,,1,IDLE,,1,IDLE,,1,IDLE,,1,IDLE,,1,PROTECTING,Field_2,1,IDLE,,1,PROTECTING,Field_4,1,IDLE,,1,IDLE,,1,PROTECTING,Field_6,1,PROTECTING,Field_40,1,PROTECTING,Field_8,1,PROTECTING,Field_8,1,PROTECTING,Field_6,1,IDLE,,1,PROTECTING,Field_8,1,PROTECTING,Field_8,1,PROTECTING,Field_8,1,IDLE,,1,IDLE,,1,IDLE,,1,IDLE,,1,PROTECTING,Field_3,1,IDLE,,1,IDLE,,1,IDLE,,1,IDLE,,1,PROTECTING,Field_7,1,IDLE,,1,IDLE,,1,IDLE,,1,PROTECTING,Field_5,1,PROTECTING,Field_40,1,IDLE,,1,IDLE,,1,IDLE,,1,IDLE,,1,IDLE,,1,IDLE,,1,IDLE,,1,IDLE,,1,IDLE,,1,IDLE,,1,IDLE,,1,IDLE,,1,IDLE,,1,IDLE,,1,IDLE,,1,IDLE,,1,IDLE,,1,IDLE,,1,IDLE,,1,IDLE,,1,IDLE,,1,IDLE,,1,IDLE,,1,IDLE,,1,IDLE,,1,IDLE,,1,IDLE,,1,IDLE,,1,IDLE,,1,IDLE,,1,IDLE,,1,IDLE,,1,IDLE,,1,IDLE,,1,IDLE,,1,IDLE,,1,IDLE,,1,IDLE,,1,IDLE,,45,0.18,1,0,8,22,0.06,1,0,3,12,0.05,1,0,1,0,0.00,1,0,0,3,0.00,1,0,0,108,0.24,2,0,4,63,0.04,1,0,1,31,0.12,5,0,1,22,0.04,0,0,2,21,0.04,0,0,6,10,0.06,0,0,2,11,0.04,0,0,3,8,0.00,0,0,1,75,0.06,0,0,2,72,0.13,0,0,6,27,0.17,0,0,9,51,0.10,0,0,3,23,0.18,0,0,9,27,0.08,0,0,6,3,0.03,0,0,2,19,0.05,0,0,2,6,0.00,0,0,1,1,0.07,0,0,2,41,0.00,0,0,1,9,0.04,0,0,1,10,0.08,0,0,2,22,0.01,0,0,2,14,0.04,0,0,2,4,0.02,0,0,2,19,0.06,0,0,2,3,0.02,0,0,2,18,0.06,0,0,2,24,0.05,0,0,2,6,0.07,0,0,2,31,0.06,0,0,3,10,0.07,0,0,3,10,0.08,0,0,2,8,0.01,0,0,2,20,0.09,0,0,3,42,0.07,2,0,1
133,955,64,0,15,0,0,0,1,IDLE,,1,PROTECTING,Field_1,1,IDLE,,1,IDLE,,1,IDLE,,1,IDLE,,1,IDLE,,1,IDLE,,1,IDLE,,1,IDLE,,1,IDLE,,1,PROTECTING,Field_2,1,IDLE,,1,PROTECTING,Field_4,1,IDLE,,1,IDLE,,1,PROTECTING,Field_6,1,PROTECTING,Field_40,1,PROTECTING,Field_8,1,PROTECTING,Field_8,1,PROTECTING,Field_6,1,IDLE,,1,PROTECTING,Field_8,1,PROTECTING,Field_8,1,PROTECTING,Field_8,1,IDLE,,1,IDLE,,1,IDLE,,1,IDLE,,1,PROTECTING,Field_3,1,IDLE,,1,IDLE,,1,IDLE,,1,IDLE,,1,PROTECTING,Field_7,1,IDLE,,1,IDLE,,1,IDLE,,1,PROTECTING,Field_5,1,PROTECTING,Field_40,1,IDLE,,1,IDLE,,1,IDLE,,1,IDLE,,1,IDLE,,1,IDLE,,1,IDLE,,1,IDLE,,1,IDLE,,1,IDLE,,1,IDLE,,1,IDLE,,1,IDLE,,1,IDLE,,1,IDLE,,1,IDLE,,1,IDLE,,1,IDLE,,1,IDLE,,1,IDLE,,1,IDLE,,1,IDLE,,1,IDLE,,1,IDLE,,1,IDLE,,1,IDLE,,1,IDLE,,1,IDLE,,1,IDLE,,1,IDLE,,1,IDLE,,1,IDLE,,1,IDLE,,1,IDLE,,1,IDLE,,1,IDLE,,1,IDLE,,1,IDLE,,1,IDLE,,45,0.18,1,0,8,22,0.05,1,0,3,12,0.05,1,0,1,0,0.00,1,0,0,3,0.00,1,0,0,110,0.24,2,0,4,63,0.04,1,0,1,31,0.12,5,0,1,22,0.04,0,0,2,21,0.04,0,0,6,10,0.06,0,0,2,11,0.04,0,0,3,8,0.00,0,0,1,75,0.07,0,0,2,72,0.13,0,0,6,27,0.17,0,0,9,51,0.10,0,0,3,24,0.18,0,0,9,27,0.08,0,0,6,3,0.03,0,0,2,19,0.05,0,0,2,6,0.00,0,0,1,1,0.07,0,0,2,41,0.00,0,0,1,9,0.04,0,0,1,10,0.08,0,0,2,22,0.02,0,0,2,14,0.04,0,0,2,4,0.02,0,0,2,19,0.06,0,0,2,3,0.02,0,0,2,18,0.05,0,0,2,24,0.05,0,0,2,6,0.07,0,0,2,31,0.06,0,0,3,10,0.07,0,0,3,11,0.08,0,0,2,8,0.02,0,0,2,20,0.09,0,0,3,42,0.07,2,0,1
134,957,64,0,15,0,0,0,1,IDLE,,1,PROTECTING,Field_1,1,IDLE,,1,IDLE,,1,IDLE,,1,IDLE,,1,IDLE,,1,IDLE,,1,IDLE,,1,IDLE,,1,IDLE,,1,PROTECTING,Field_2,1,IDLE,,1,PROTECTING,Field_4,1,IDLE,,1,IDLE,,1,PROTECTING,Field_6,1,PROTECTING,Field_40,1,PROTECTING,Field_8,1,PROTECTING,Field_8,1,PROTECTING,Field_6,1,IDLE,,1,PROTECTING,Field_8,1,PROTECTING,Field_8,1,PROTECTING,Field_8,1,IDLE,,1,IDLE,,1,IDLE,,1,IDLE,,1,PROTECTING,Field_3,1,IDLE,,1,IDLE,,1,IDLE,,1,IDLE,,1,PROTECTING,Field_7,1,IDLE,,1,IDLE,,1,IDLE,,1,PROTECTING,Field_5,1,PROTECTING,Field_40,1,IDLE,,1,IDLE,,1,IDLE,,1,IDLE,,1,IDLE,,1,IDLE,,1,IDLE,,1,IDLE,,1,IDLE,,1,IDLE,,1,IDLE,,1,IDLE,,1,IDLE,,1,IDLE,,1,IDLE,,1,IDLE,,1,IDLE,,1,IDLE,,1,IDLE,,1,IDLE,,1,IDLE,,1,IDLE,,1,IDLE,,1,IDLE,,1,IDLE,,1,IDLE,,1,IDLE,,1,IDLE,,1,IDLE,,1,IDLE,,1,IDLE,,1,IDLE,,1,IDLE,,1,IDLE,,1,IDLE,,1,IDLE,,1,IDLE,,1,IDLE,,1,IDLE,,45,0.18,1,0,8,22,0.05,1,0,3,12,0.05,1,0,1,0,0.00,1,0,0,3,0.00,1,0,0,111,0.25,2,0,4,63,0.03,1,0,1,31,0.10,5,0,1,22,0.03,0,0,2,21,0.04,0,0,6,10,0.06,0,0,2,11,0.04,0,0,3,8,0.00,0,0,1,75,0.07,0,0,2,72,0.14,0,0,6,27,0.16,0,0,9,51,0.10,0,0,3,24,0.17,0,0,9,27,0.09,0,0,6,3,0.03,0,0,2,19,0.05,0,0,2,6,0.00,0,0,1,1,0.07,0,0,2,41,0.00,0,0,1,9,0.05,0,0,1,10,0.09,0,0,2,22,0.03,0,0,2,14,0.04,0,0,2,4,0.02,0,0,2,19,0.06,0,0,2,3,0.02,0,0,2,18,0.05,0,0,2,24,0.05,0,0,2,6,0.05,0,0,2,31,0.06,0,0,3,10,0.09,0,0,3,12,0.08,0,0,2,8,0.02,0,0,2,20,0.09,0,0,3,42,0.07,2,0,1
135,961,64,0,15,0,0,0,1,IDLE,,1,PROTECTING,Field_1,1,IDLE,,1,IDLE,,1,IDLE,,1,IDLE,,1,IDLE,,1,IDLE,,1,IDLE,,1,IDLE,,1,IDLE,,1,PROTECTING,Field_2,1,IDLE,,1,PROTECTING,Field_4,1,IDLE,,1,IDLE,,1,PROTECTING,Field_6,1,PROTECTING,Field_40,1,PROTECTING,Field_8,1,PROTECTING,Field_8,1,PROTECTING,Field_6,1,IDLE,,1,PROTECTING,Field_8,1,PROTECTING,Field_8,1,PROTECTING,Field_8,1,IDLE,,1,IDLE,,1,IDLE,,1,IDLE,,1,PROTECTING,Field_3,1,IDLE,,1,IDLE,,1,IDLE,,1,IDLE,,1,PROTECTING,Field_7,1,IDLE,,1,IDLE,,1,IDLE,,1,PROTECTING,Field_5,1,PROTECTING,Field_40,1,IDLE,,1,IDLE,,1,IDLE,,1,IDLE,,1,IDLE,,1,IDLE,,1,IDLE,,1,IDLE,,1,IDLE,,1,IDLE,,1,IDLE,,1,IDLE,,1,IDLE,,1,IDLE,,1,IDLE,,1,IDLE,,1,IDLE,,1,IDLE,,1,IDLE,,1,IDLE,,1,IDLE,,1,IDLE,,1,IDLE,,1,IDLE,,1,IDLE,,1,IDLE,,1,IDLE,,1,IDLE,,1,IDLE,,1,IDLE,,1,IDLE,,1,IDLE,,1,IDLE,,1,IDLE,,1,IDLE,,1,IDLE,,1,IDLE,,1,IDLE,,1,IDLE,,45,0.18,1,0,8,22,0.05,1,0,3,13,0.05,1,0,1,0,0.00,1,0,0,3,0.00,1,0,0,114,0.25,2,0,4,63,0.03,1,0,1,31,0.11,5,0,1,22,0.03,0,0,2,21,0.03,0,0,6,10,0.06,0,0,2,11,0.04,0,0,3,8,0.00,0,0,1,75,0.07,0,0,2,72,0.13,0,0,6,27,0.17,0,0,9,51,0.10,0,0,3,24,0.17,0,0,9,27,0.09,0,0,6,3,0.03,0,0,2,19,0.03,0,0,2,6,0.00,0,0,1,1,0.07,0,0,2,41,0.01,0,0,1,9,0.05,0,0,1,10,0.08,0,0,2,22,0.03,0,0,2,14,0.04,0,0,2,4,0.02,0,0,2,19,0.08,0,0,2,3,0.02,0,0,2,18,0.06,0,0,2,24,0.05,0,0,2,6,0.05,0,0,2,31,0.06,0,0,3,10,0.09,0,0,3,12,0.09,0,0,2,8,0.02,0,0,2,20,0.10,0,0,3,42,0.08,2,0,1
136,961,64,0,15,0,0,0,1,IDLE,,1,PROTECTING,Field_1,1,IDLE,,1,IDLE,,1,IDLE,,1,IDLE,,1,IDLE,,1,IDLE,,1,IDLE,,1,IDLE,,1,IDLE,,1,PROTECTING,Field_2,1,IDLE,,1,PROTECTING,Field_4,1,IDLE,,1,IDLE,,1,PROTECTING,Field_6,1,PROTECTING,Field_40,1,PROTECTING,Field_8,1,PROTECTING,Field_8,1,PROTECTING,Field_6,1,IDLE,,1,PROTECTING,Field_8,1,PROTECTING,Field_8,1,PROTECTING,Field_8,1,IDLE,,1,IDLE,,1,IDLE,,1,IDLE,,1,PROTECTING,Field_3,1,IDLE,,1,IDLE,,1,IDLE,,1,IDLE,,1,PROTECTING,Field_7,1,IDLE,,1,IDLE,,1,IDLE,,1,PROTECTING,Field_5,1,PROTECTING,Field_40,1,IDLE,,1,IDLE,,1,IDLE,,1,IDLE,,1,IDLE,,1,IDLE,,1,IDLE,,1,IDLE,,1,IDLE,,1,IDLE,,1,IDLE,,1,IDLE,,1,IDLE,,1,IDLE,,1,IDLE,,1,IDLE,,1,IDLE,,1,IDLE,,1,IDLE,,1,IDLE,,1,IDLE,,1,IDLE,,1,IDLE,,1,IDLE,,1,IDLE,,1,IDLE,,1,IDLE,,1,IDLE,,1,IDLE,,1,IDLE,,1,IDLE,,1,IDLE,,1,IDLE,,1,IDLE,,1,IDLE,,1,IDLE,,1,IDLE,,1,IDLE,,1,IDLE,,45,0.17,1,0,8,22,0.05,1,0,3,13,0.06,1,0,1,0,0.00,1,0,0,3,0.00,1,0,0,114,0.24,2,0,4,63,0.03,1,0,1,31,0.11,5,0,1,22,0.03,0,0,2,21,0.03,0,0,6,10,0.04,0,0,2,11,0.04,0,0,3,8,0.00,0,0,1,75,0.08,0,0,2,72,0.11,0,0,6,27,0.17,0,0,9,51,0.08,0,0,3,24,0.17,0,0,9,27,0.09,0,0,6,3,0.03,0,0,2,19,0.03,0,0,2,6,0.00,0,0,1,1,0.07,0,0,2,41,0.01,0,0,1,9,0.04,0,0,1,10,0.08,0,0,2,22,0.03,0,0,2,14,0.04,0,0,2,4,0.02,0,0,2,19,0.09,0,0,2,3,0.02,0,0,2,18,0.06,0,0,2,24,0.05,0,0,2,6,0.07,0,0,2,31,0.05,0,0,3,10,0.09,0,0,3,12,0.09,0,0,2,8,0.04,0,0,2,20,0.10,0,0,3,42,0.08,2,0,1
137,961,64,0,15,0,0,0,1,IDLE,,1,PROTECTING,Field_1,1,IDLE,,1,IDLE,,1,IDLE,,1,IDLE,,1,IDLE,,1,IDLE,,1,IDLE,,1,IDLE,,1,IDLE,,1,PROTECTING,Field_2,1,IDLE,,1,PROTECTING,Field_4,1,IDLE,,1,IDLE,,1,PROTECTING,Field_6,1,PROTECTING,Field_40,1,PROTECTING,Field_8,1,PROTECTING,Field_8,1,PROTECTING,Field_6,1,IDLE,,1,PROTECTING,Field_8,1,PROTECTING,Field_8,1,PROTECTING,Field_8,1,IDLE,,1,IDLE,,1,IDLE,,1,IDLE,,1,PROTECTING,Field_3,1,IDLE,,1,IDLE,,1,IDLE,,1,IDLE,,1,PROTECTING,Field_7,1,IDLE,,1,IDLE,,1,IDLE,,1,PROTECTING,Field_5,1,PROTECTING,Field_40,1,IDLE,,1,IDLE,,1,IDLE,,1,IDLE,,1,IDLE,,1,IDLE,,1,IDLE,,1,IDLE,,1,IDLE,,1,IDLE,,1,IDLE,,1,IDLE,,1,IDLE,,1,IDLE,,1,IDLE,,1,IDLE,,1,IDLE,,1,IDLE,,1,IDLE,,1,IDLE,,1,IDLE,,1,IDLE,,1,IDLE,,1,IDLE,,1,IDLE,,1,IDLE,,1,IDLE,,1,IDLE,,1,IDLE,,1,IDLE,,1,IDLE,,1,IDLE,,1,IDLE,,1,IDLE,,1,IDLE,,1,IDLE,,1,IDLE,,1,IDLE,,1,IDLE,,45,0.18,1,0,8,22,0.05,1,0,3,13,0.06,1,0,1,0,0.00,1,0,0,3,0.00,1,0,0,114,0.23,2,0,4,63,0.03,1,0,1,31,0.11,5,0,1,22,0.03,0,0,2,21,0.03,0,0,6,10,0.04,0,0,2,11,0.04,0,0,3,8,0.02,0,0,1,75,0.08,0,0,2,72,0.11,0,0,6,27,0.17,0,0,9,51,0.09,0,0,3,24,0.16,0,0,9,27,0.09,0,0,6,3,0.03,0,0,2,19,0.03,0,0,2,6,0.00,0,0,1,1,0.07,0,0,2,41,0.03,0,0,1,9,0.04,0,0,1,10,0.06,0,0,2,22,0.03,0,0,2,14,0.04,0,0,2,4,0.02,0,0,2,19,0.08,0,0,2,3,0.00,0,0,2,18,0.06,0,0,2,24,0.05,0,0,2,6,0.05,0,0,2,31,0.05,0,0,3,10,0.09,0,0,3,12,0.07,0,0,2,8,0.04,0,0,2,20,0.10,0,0,3,42,0.08,2,0,1
138,964,64,0,15,0,0,0,1,IDLE,,1,PROTECTING,Field_1,1,IDLE,,1,IDLE,,1,IDLE,,1,IDLE,,1,IDLE,,1,IDLE,,1,IDLE,,1,IDLE,,1,IDLE,,1,PROTECTING,Field_2,1,IDLE,,1,PROTECTING,Field_4,1,IDLE,,1,IDLE,,1,PROTECTING,Field_6,1,PROTECTING,Field_40,1,PROTECTING,Field_8,1,PROTECTING,Field_8,1,PROTECTING,Field_6,1,IDLE,,1,PROTECTING,Field_8,1,PROTECTING,Field_8,1,PROTECTING,Field_8,1,IDLE,,1,IDLE,,1,IDLE,,1,IDLE,,1,PROTECTING,Field_3,1,IDLE,,1,IDLE,,1,IDLE,,1,IDLE,,1,PROTECTING,Field_7,1,IDLE,,1,IDLE,,1,IDLE,,1,PROTECTING,Field_5,1,PROTECTING,Field_40,1,IDLE,,1,IDLE,,1,IDLE,,1,IDLE,,1,IDLE,,1,IDLE,,1,IDLE,,1,IDLE,,1,IDLE,,1,IDLE,,1,IDLE,,1,IDLE,,1,IDLE,,1,IDLE,,1,IDLE,,1,IDLE,,1,IDLE,,1,IDLE,,1,IDLE,,1,IDLE,,1,IDLE,,1,IDLE,,1,IDLE,,1,IDLE,,1,IDLE,,1,IDLE,,1,IDLE,,1,IDLE,,1,IDLE,,1,IDLE,,1,IDLE,,1,IDLE,,1,IDLE,,1,IDLE,,1,IDLE,,1,IDLE,,1,IDLE,,1,IDLE,,1,IDLE,,45,0.18,1,0,8,22,0.05,1,0,3,14,0.06,1,0,1,0,0.00,1,0,0,3,0.00,1,0,0,114,0.23,2,0,4,63,0.01,1,0,1,33,0.11,5,0,1,22,0.03,0,0,2,21,0.03,0,0,6,10,0.04,0,0,2,11,0.03,0,0,3,8,0.02,0,0,1,75,0.08,0,0,2,72,0.11,0,0,6,27,0.17,0,0,9,51,0.09,0,0,3,24,0.16,0,0,9,27,0.09,0,0,6,3,0.03,0,0,2,19,0.03,0,0,2,6,0.00,0,0,1,1,0.07,0,0,2,41,0.03,0,0,1,9,0.04,0,0,1,10,0.06,0,0,2,22,0.03,0,0,2,14,0.04,0,0,2,4,0.02,0,0,2,19,0.08,0,0,2,3,0.00,0,0,2,18,0.06,0,0,2,24,0.05,0,0,2,6,0.05,0,0,2,31,0.05,0,0,3,10,0.09,0,0,3,12,0.06,0,0,2,8,0.02,0,0,2,20,0.07,0,0,3,42,0.09,2,0,1
139,964,64,0,15,0,0,0,1,IDLE,,1,PROTECTING,Field_1,1,IDLE,,1,IDLE,,1,IDLE,,1,IDLE,,1,IDLE,,1,IDLE,,1,IDLE,,1,IDLE,,1,IDLE,,1,PROTECTING,Field_2,1,IDLE,,1,PROTECTING,Field_4,1,IDLE,,1,IDLE,,1,PROTECTING,Field_6,1,PROTECTING,Field_40,1,PROTECTING,Field_8,1,PROTECTING,Field_8,1,PROTECTING,Field_6,1,IDLE,,1,PROTECTING,Field_8,1,PROTECTING,Field_8,1,PROTECTING,Field_8,1,IDLE,,1,IDLE,,1,IDLE,,1,IDLE,,1,PROTECTING,Field_3,1,IDLE,,1,IDLE,,1,IDLE,,1,IDLE,,1,PROTECTING,Field_7,1,IDLE,,1,IDLE,,1,IDLE,,1,PROTECTING,Field_5,1,PROTECTING,Field_40,1,IDLE,,1,IDLE,,1,IDLE,,1,IDLE,,1,IDLE,,1,IDLE,,1,IDLE,,1,IDLE,,1,IDLE,,1,IDLE,,1,IDLE,,1,IDLE,,1,IDLE,,1,IDLE,,1,IDLE,,1,IDLE,,1,IDLE,,1,IDLE,,1,IDLE,,1,IDLE,,1,IDLE,,1,IDLE,,1,IDLE,,1,IDLE,,1,IDLE,,1,IDLE,,1,IDLE,,1,IDLE,,1,IDLE,,1,IDLE,,1,IDLE,,1,IDLE,,1,IDLE,,1,IDLE,,1,IDLE,,1,IDLE,,1,IDLE,,1,IDLE,,1,IDLE,,45,0.17,1,0,8,22,0.06,1,0,3,14,0.06,1,0,1,0,0.00,1,0,0,3,0.00,1,0,0,114,0.23,2,0,4,63,0.01,1,0,1,33,0.11,5,0,1,22,0.03,0,0,2,21,0.03,0,0,6,10,0.04,0,0,2,11,0.03,0,0,3,8,0.02,0,0,1,75,0.07,0,0,2,72,0.12,0,0,6,27,0.17,0,0,9,51,0.09,0,0,3,24,0.16,0,0,9,27,0.09,0,0,6,3,0.01,0,0,2,19,0.03,0,0,2,6,0.00,0,0,1,1,0.03,0,0,2,41,0.03,0,0,1,9,0.04,0,0,1,10,0.08,0,0,2,22,0.03,0,0,2,14,0.04,0,0,2,4,0.02,0,0,2,19,0.08,0,0,2,3,0.00,0,0,2,18,0.06,0,0,2,24,0.05,0,0,2,6,0.05,0,0,2,31,0.04,0,0,3,10,0.10,0,0,3,12,0.07,0,0,2,8,0.01,0,0,2,20,0.07,0,0,3,42,0.08,2,0,1
140,968,64,0,15,0,0,0,1,IDLE,,1,PROTECTING,Field_1,1,IDLE,,1,IDLE,,1,IDLE,,1,IDLE,,1,IDLE,,1,IDLE,,1,IDLE,,1,IDLE,,1,IDLE,,1,PROTECTING,Field_2,1,IDLE,,1,PROTECTING,Field_4,1,IDLE,,1,IDLE,,1,PROTECTING,Field_6,1,PROTECTING,Field_40,1,PROTECTING,Field_8,1,PROTECTING,Field_8,1,PROTECTING,Field_6,1,IDLE,,1,PROTECTING,Field_8,1,PROTECTING,Field_8,1,PROTECTING,Field_8,1,IDLE,,1,IDLE,,1,IDLE,,1,IDLE,,1,PROTECTING,Field_3,1,IDLE,,1,IDLE,,1,IDLE,,1,IDLE,,1,PROTECTING,Field_7,1,IDLE,,1,IDLE,,1,IDLE,,1,PROTECTING,Field_5,1,PROTECTING,Field_40,1,IDLE,,1,IDLE,,1,IDLE,,1,IDLE,,1,IDLE,,1,IDLE,,1,IDLE,,1,IDLE,,1,IDLE,,1,IDLE,,1,IDLE,,1,IDLE,,1,IDLE,,1,IDLE,,1,IDLE,,1,IDLE,,1,IDLE,,1,IDLE,,1,IDLE,,1,IDLE,,1,IDLE,,1,IDLE,,1,IDLE,,1,IDLE,,1,IDLE,,1,IDLE,,1,IDLE,,1,IDLE,,1,IDLE,,1,IDLE,,1,IDLE,,1,IDLE,,1,IDLE,,1,IDLE,,1,IDLE,,1,IDLE,,1,IDLE,,1,IDLE,,1,IDLE,,45,0.18,1,0,8,22,0.06,1,0,3,14,0.06,1,0,1,0,0.00,1,0,0,3,0.00,1,0,0,116,0.23,2,0,4,63,0.01,1,0,1,34,0.11,5,0,1,22,0.03,0,0,2,21,0.04,0,0,6,10,0.04,0,0,2,11,0.03,0,0,3,8,0.02,0,0,1,75,0.07,0,0,2,72,0.12,0,0,6,28,0.17,0,0,9,51,0.10,0,0,3,24,0.14,0,0,9,27,0.09,0,0,6,3,0.03,0,0,2,19,0.03,0,0,2,6,0.02,0,0,1,1,0.05,0,0,2,41,0.03,0,0,1,9,0.04,0,0,1,10,0.08,0,0,2,22,0.04,0,0,2,14,0.04,0,0,2,4,0.02,0,0,2,19,0.08,0,0,2,3,0.02,0,0,2,18,0.05,0,0,2,24,0.05,0,0,2,6,0.05,0,0,2,31,0.05,0,0,3,10,0.10,0,0,3,12,0.07,0,0,2,8,0.04,0,0,2,20,0.07,0,0,3,42,0.08,2,0,1
141,969,62,0,15,0,2,0,1,IDLE,,1,PROTECTING,Field_1,1,MOVING_TO_FIELD,Field_2,1,IDLE,,1,IDLE,,1,IDLE,,1,MOVING_TO_FIELD,Field_6,1,IDLE,,1,IDLE,,1,IDLE,,1,IDLE,,1,PROTECTING,Field_2,1,IDLE,,1,PROTECTING,Field_4,1,IDLE,,1,IDLE,,1,PROTECTING,Field_6,1,PROTECTING,Field_40,1,PROTECTING,Field_8,1,PROTECTING,Field_8,1,PROTECTING,Field_6,1,IDLE,,1,PROTECTING,Field_8,1,PROTECTING,Field_8,1,PROTECTING,Field_8,1,IDLE,,1,IDLE,,1,IDLE,,1,IDLE,,1,PROTECTING,Field_3,1,IDLE,,1,IDLE,,1,IDLE,,1,IDLE,,1,PROTECTING,Field_7,1,IDLE,,1,IDLE,,1,IDLE,,1,PROTECTING,Field_5,1,PROTECTING,Field_40,1,IDLE,,1,IDLE,,1,IDLE,,1,IDLE,,1,IDLE,,1,IDLE,,1,IDLE,,1,IDLE,,1,IDLE,,1,IDLE,,1,IDLE,,1,IDLE,,1,IDLE,,1,IDLE,,1,IDLE,,1,IDLE,,1,IDLE,,1,IDLE,,1,IDLE,,1,IDLE,,1,IDLE,,1,IDLE,,1,IDLE,,1,IDLE,,1,IDLE,,1,IDLE,,1,IDLE,,1,IDLE,,1,IDLE,,1,IDLE,,1,IDLE,,1,IDLE,,1,IDLE,,1,IDLE,,1,IDLE,,1,IDLE,,1,IDLE,,1,IDLE,,1,IDLE,,45,0.17,1,0,8,22,0.06,1,1,3,14,0.06,1,0,1,0,0.00,1,0,0,3,0.00,1,0,0,116,0.23,2,1,4,63,0.01,1,0,1,34,0.10,5,0,1,22,0.03,0,0,2,21,0.05,0,0,6,10,0.04,0,0,2,11,0.04,0,0,3,8,0.02,0,0,1,75,0.06,0,0,2,72,0.12,0,0,6,28,0.17,0,0,9,51,0.10,0,0,3,24,0.15,0,0,9,27,0.09,0,0,6,3,0.03,0,0,2,19,0.03,0,0,2,6,0.02,0,0,1,1,0.05,0,0,2,41,0.03,0,0,1,9,0.04,0,0,1,10,0.08,0,0,2,22,0.04,0,0,2,14,0.04,0,0,2,4,0.02,0,0,2,19,0.09,0,0,2,3,0.02,0,0,2,18,0.05,0,0,2,24,0.05,0,0,2,6,0.05,0,0,2,31,0.05,0,0,3,10,0.10,0,0,3,13,0.08,0,0,2,8,0.05,0,0,2,20,0.07,0,0,3,42,0.08,2,0,1
142,970,62,0,15,0,2,0,1,IDLE,,1,PROTECTING,Field_1,1,MOVING_TO_FIELD,Field_2,1,IDLE,,1,IDLE,,1,IDLE,,1,MOVING_TO_FIELD,Field_6,1,IDLE,,1,IDLE,,1,IDLE,,1,IDLE,,1,PROTECTING,Field_2,1,IDLE,,1,PROTECTING,Field_4,1,IDLE,,1,IDLE,,1,PROTECTING,Field_6,1,PROTECTING,Field_40,1,PROTECTING,Field_8,1,PROTECTING,Field_8,1,PROTECTING,Field_6,1,IDLE,,1,PROTECTING,Field_8,1,PROTECTING,Field_8,1,PROTECTING,Field_8,1,IDLE,,1,IDLE,,1,IDLE,,1,IDLE,,1,PROTECTING,Field_3,1,IDLE,,1,IDLE,,1,IDLE,,1,IDLE,,1,PROTECTING,Field_7,1,IDLE,,1,IDLE,,1,IDLE,,1,PROTECTING,Field_5,1,PROTECTING,Field_40,1,IDLE,,1,IDLE,,1,IDLE,,1,IDLE,,1,IDLE,,1,IDLE,,1,IDLE,,1,IDLE,,1,IDLE,,1,IDLE,,1,IDLE,,1,IDLE,,1,IDLE,,1,IDLE,,1,IDLE,,1,IDLE,,1,IDLE,,1,IDLE,,1,IDLE,,1,IDLE,,1,IDLE,,1,IDLE,,1,IDLE,,1,IDLE,,1,IDLE,,1,IDLE,,1,IDLE,,1,IDLE,,1,IDLE,,1,IDLE,,1,IDLE,,1,IDLE,,1,IDLE,,1,IDLE,,1,IDLE,,1,IDLE,,1,IDLE,,1,IDLE,,1,IDLE,,45,0.17,1,0,8,22,0.06,1,1,3,14,0.06,1,0,1,0,0.00,1,0,0,3,0.00,1,0,0,117,0.23,2,1,4,63,0.01,1,0,1,34,0.11,5,0,1,22,0.03,0,0,2,21,0.05,0,0,6,10,0.03,0,0,2,11,0.03,0,0,3,8,0.02,0,0,1,75,0.06,0,0,2,72,0.12,0,0,6,28,0.17,0,0,9,51,0.10,0,0,3,24,0.15,0,0,9,27,0.09,0,0,6,3,0.03,0,0,2,19,0.03,0,0,2,6,0.02,0,0,1,1,0.03,0,0,2,41,0.03,0,0,1,9,0.04,0,0,1,10,0.08,0,0,2,22,0.03,0,0,2,14,0.04,0,0,2,4,0.03,0,0,2,19,0.09,0,0,2,3,0.02,0,0,2,18,0.05,0,0,2,24,0.05,0,0,2,6,0.05,0,0,2,31,0.04,0,0,3,10,0.12,0,0,3,13,0.07,0,0,2,8,0.05,0,0,2,20,0.06,0,0,3,42,0.08,2,0,1
143,971,62,0,16,0,1,0,1,IDLE,,1,PROTECTING,Field_1,1,MOVING_TO_FIELD,Field_2,1,IDLE,,1,IDLE,,1,IDLE,,1,PROTECTING,Field_6,1,IDLE,,1,IDLE,,1,IDLE,,1,IDLE,,1,PROTECTING,Field_2,1,IDLE,,1,PROTECTING,Field_4,1,IDLE,,1,IDLE,,1,PROTECTING,Field_6,1,PROTECTING,Field_40,1,PROTECTING,Field_8,1,PROTECTING,Field_8,1,PROTECTING,Field_6,1,IDLE,,1,PROTECTING,Field_8,1,PROTECTING,Field_8,1,PROTECTING,Field_8,1,IDLE,,1,IDLE,,1,IDLE,,1,IDLE,,1,PROTECTING,Field_3,1,IDLE,,1,IDLE,,1,IDLE,,1,IDLE,,1,PROTECTING,Field_7,1,IDLE,,1,IDLE,,1,IDLE,,1,PROTECTING,Field_5,1,PROTECTING,Field_40,1,IDLE,,1,IDLE,,1,IDLE,,1,IDLE,,1,IDLE,,1,IDLE,,1,IDLE,,1,IDLE,,1,IDLE,,1,IDLE,,1,IDLE,,1,IDLE,,1,IDLE,,1,IDLE,,1,IDLE,,1,IDLE,,1,IDLE,,1,IDLE,,1,IDLE,,1,IDLE,,1,IDLE,,1,IDLE,,1,IDLE,,1,IDLE,,1,IDLE,,1,IDLE,,1,IDLE,,1,IDLE,,1,IDLE,,1,IDLE,,1,IDLE,,1,IDLE,,1,IDLE,,1,IDLE,,1,IDLE,,1,IDLE,,1,IDLE,,1,IDLE,,1,IDLE,,45,0.17,1,0,8,22,0.09,1,1,3,14,0.06,1,0,1,0,0.00,1,0,0,3,0.00,1,0,0,117,0.25,3,0,3,63,0.01,1,0,1,34,0.11,5,0,1,22,0.02,0,0,2,21,0.05,0,0,6,10,0.03,0,0,2,11,0.03,0,0,3,8,0.02,0,0,1,75,0.05,0,0,2,72,0.13,0,0,6,28,0.17,0,0,9,51,0.12,0,0,3,24,0.15,0,0,9,27,0.09,0,0,6,3,0.03,0,0,2,19,0.03,0,0,2,6,0.02,0,0,1,1,0.03,0,0,2,41,0.03,0,0,1,9,0.02,0,0,1,10,0.08,0,0,2,22,0.03,0,0,2,14,0.04,0,0,2,4,0.03,0,0,2,19,0.08,0,0,2,3,0.02,0,0,2,18,0.05,0,0,2,24,0.04,0,0,2,6,0.05,0,0,2,31,0.05,0,0,3,10,0.12,0,0,3,13,0.06,0,0,2,8,0.04,0,0,2,20,0.06,0,0,3,43,0.08,2,0,1
144,974,62,0,16,0,1,0,1,IDLE,,1,PROTECTING,Field_1,1,MOVING_TO_FIELD,Field_2,1,IDLE,,1,IDLE,,1,IDLE,,1,PROTECTING,Field_6,1,IDLE,,1,IDLE,,1,IDLE,,1,IDLE,,1,PROTECTING,Field_2,1,IDLE,,1,PROTECTING,Field_4,1,IDLE,,1,IDLE,,1,PROTECTING,Field_6,1,PROTECTING,Field_40,1,PROTECTING,Field_8,1,PROTECTING,Field_8,1,PROTECTING,Field_6,1,IDLE,,1,PROTECTING,Field_8,1,PROTECTING,Field_8,1,PROTECTING,Field_8,1,IDLE,,1,IDLE,,1,IDLE,,1,IDLE,,1,PROTECTING,Field_3,1,IDLE,,1,IDLE,,1,IDLE,,1,IDLE,,1,PROTECTING,Field_7,1,IDLE,,1,IDLE,,1,IDLE,,1,PROTECTING,Field_5,1,PROTECTING,Field_40,1,IDLE,,1,IDLE,,1,IDLE,,1,IDLE,,1,IDLE,,1,IDLE,,1,IDLE,,1,IDLE,,1,IDLE,,1,IDLE,,1,IDLE,,1,IDLE,,1,IDLE,,1,IDLE,,1,IDLE,,1,IDLE,,1,IDLE,,1,IDLE,,1,IDLE,,1,IDLE,,1,IDLE,,1,IDLE,,1,IDLE,,1,IDLE,,1,IDLE,,1,IDLE,,1,IDLE,,1,IDLE,,1,IDLE,,1,IDLE,,1,IDLE,,1,IDLE,,1,IDLE,,1,IDLE,,1,IDLE,,1,IDLE,,1,IDLE,,1,IDLE,,1,IDLE,,45,0.18,1,0,8,22,0.10,1,1,3,15,0.05,1,0,1,0,0.00,1,0,0,3,0.00,1,0,0,118,0.25,3,0,3,63,0.01,1,0,1,34,0.10,5,0,1,22,0.02,0,0,2,21,0.05,0,0,6,10,0.03,0,0,2,11,0.03,0,0,3,8,0.02,0,0,1,75,0.03,0,0,2,72,0.13,0,0,6,28,0.17,0,0,9,51,0.12,0,0,3,24,0.17,0,0,9,27,0.10,0,0,6,3,0.03,0,0,2,19,0.03,0,0,2,6,0.02,0,0,1,1,0.02,0,0,2,41,0.03,0,0,1,9,0.02,0,0,1,10,0.06,0,0,2,22,0.03,0,0,2,14,0.04,0,0,2,4,0.03,0,0,2,19,0.08,0,0,2,3,0.02,0,0,2,18,0.05,0,0,2,24,0.04,0,0,2,6,0.05,0,0,2,31,0.06,0,0,3,10,0.12,0,0,3,13,0.06,0,0,2,8,0.04,0,0,2,20,0.06,0,0,3,44,0.07,2,0,1
145,978,62,0,16,0,1,0,1,IDLE,,1,PROTECTING,Field_1,1,MOVING_TO_FIELD,Field_2,1,IDLE,,1,IDLE,,1,IDLE,,1,PROTECTING,Field_6,1,IDLE,,1,IDLE,,1,IDLE,,1,IDLE,,1,PROTECTING,Field_2,1,IDLE,,1,PROTECTING,Field_4,1,IDLE,,1,IDLE,,1,PROTECTING,Field_6,1,PROTECTING,Field_40,1,PROTECTING,Field_8,1,PROTECTING,Field_8,1,PROTECTING,Field_6,1,IDLE,,1,PROTECTING,Field_8,1,PROTECTING,Field_8,1,PROTECTING,Field_8,1,IDLE,,1,IDLE,,1,IDLE,,1,IDLE,,1,PROTECTING,Field_3,1,IDLE,,1,IDLE,,1,IDLE,,1,IDLE,,1,PROTECTING,Field_7,1,IDLE,,1,IDLE,,1,IDLE,,1,PROTECTING,Field_5,1,PROTECTING,Field_40,1,IDLE,,1,IDLE,,1,IDLE,,1,IDLE,,1,IDLE,,1,IDLE,,1,IDLE,,1,IDLE,,1,IDLE,,1,IDLE,,1,IDLE,,1,IDLE,,1,IDLE,,1,IDLE,,1,IDLE,,1,IDLE,,1,IDLE,,1,IDLE,,1,IDLE,,1,IDLE,,1,IDLE,,1,IDLE,,1,IDLE,,1,IDLE,,1,IDLE,,1,IDLE,,1,IDLE,,1,IDLE,,1,IDLE,,1,IDLE,,1,IDLE,,1,IDLE,,1,IDLE,,1,IDLE,,1,IDLE,,1,IDLE,,1,IDLE,,1,IDLE,,1,IDLE,,45,0.19,1,0,8,22,0.10,1,1,3,15,0.05,1,0,1,0,0.00,1,0,0,3,0.00,1,0,0,121,0.25,3,0,3,63,0.01,1,0,1,34,0.11,5,0,1,22,0.02,0,0,2,21,0.05,0,0,6,10,0.03,0,0,2,11,0.03,0,0,3,8,0.02,0,0,1,75,0.03,0,0,2,72,0.13,0,0,6,29,0.17,0,0,9,51,0.11,0,0,3,24,0.18,0,0,9,27,0.11,0,0,6,3,0.04,0,0,2,19,0.02,0,0,2,6,0.02,0,0,1,1,0.02,0,0,2,41,0.01,0,0,1,9,0.02,0,0,1,10,0.04,0,0,2,22,0.04,0,0,2,14,0.04,0,0,2,4,0.03,0,0,2,19,0.08,0,0,2,3,0.02,0,0,2,18,0.05,0,0,2,24,0.04,0,0,2,6,0.07,0,0,2,31,0.06,0,0,3,10,0.12,0,0,3,13,0.06,0,0,2,8,0.04,0,0,2,20,0.06,0,0,3,44,0.05,2,0,1
146,979,62,0,16,0,1,0,1,IDLE,,1,PROTECTING,Field_1,1,MOVING_TO_FIELD,Field_2,1,IDLE,,1,IDLE,,1,IDLE,,1,PROTECTING,Field_6,1,IDLE,,1,IDLE,,1,IDLE,,1,IDLE,,1,PROTECTING,Field_2,1,IDLE,,1,PROTECTING,Field_4,1,IDLE,,1,IDLE,,1,PROTECTING,Field_6,1,PROTECTING,Field_40,1,PROTECTING,Field_8,1,PROTECTING,Field_8,1,PROTECTING,Field_6,1,IDLE,,1,PROTECTING,Field_8,1,PROTECTING,Field_8,1,PROTECTING,Field_8,1,IDLE,,1,IDLE,,1,IDLE,,1,IDLE,,1,PROTECTING,Field_3,1,IDLE,,1,IDLE,,1,IDLE,,1,IDLE,,1,PROTECTING,Field_7,1,IDLE,,1,IDLE,,1,IDLE,,1,PROTECTING,Field_5,1,PROTECTING,Field_40,1,IDLE,,1,IDLE,,1,IDLE,,1,IDLE,,1,IDLE,,1,IDLE,,1,IDLE,,1,IDLE,,1,IDLE,,1,IDLE,,1,IDLE,,1,IDLE,,1,IDLE,,1,IDLE,,1,IDLE,,1,IDLE,,1,IDLE,,1,IDLE,,1,IDLE,,1,IDLE,,1,IDLE,,1,IDLE,,1,IDLE,,1,IDLE,,1,IDLE,,1,IDLE,,1,IDLE,,1,IDLE,,1,IDLE,,1,IDLE,,1,IDLE,,1,IDLE,,1,IDLE,,1,IDLE,,1,IDLE,,1,IDLE,,1,IDLE,,1,IDLE,,1,IDLE,,45,0.20,1,0,8,22,0.10,1,1,3,15,0.05,1,0,1,0,0.00,1,0,0,3,0.00,1,0,0,122,0.24,3,0,3,63,0.01,1,0,1,34,0.11,5,0,1,22,0.02,0,0,2,21,0.04,0,0,6,10,0.03,0,0,2,11,0.03,0,0,3,8,0.02,0,0,1,75,0.03,0,0,2,72,0.12,0,0,6,29,0.18,0,0,9,51,0.11,0,0,3,24,0.18,0,0,9,27,0.11,0,0,6,3,0.03,0,0,2,19,0.02,0,0,2,6,0.02,0,0,1,1,0.02,0,0,2,41,0.01,0,0,1,9,0.02,0,0,1,10,0.04,0,0,2,22,0.04,0,0,2,14,0.04,0,0,2,4,0.03,0,0,2,19,0.06,0,0,2,3,0.04,0,0,2,18,0.05,0,0,2,24,0.04,0,0,2,6,0.07,0,0,2,31,0.06,0,0,3,10,0.10,0,0,3,13,0.06,0,0,2,8,0.04,0,0,2,20,0.06,0,0,3,44,0.05,2,0,1
147,981,62,0,16,0,1,0,1,IDLE,,1,PROTECTING,Field_1,1,MOVING_TO_FIELD,Field_2,1,IDLE,,1,IDLE,,1,IDLE,,1,PROTECTING,Field_6,1,IDLE,,1,IDLE,,1,IDLE,,1,IDLE,,1,PROTECTING,Field_2,1,IDLE,,1,PROTECTING,Field_4,1,IDLE,,1,IDLE,,1,PROTECTING,Field_6,1,PROTECTING,Field_40,1,PROTECTING,Field_8,1,PROTECTING,Field_8,1,PROTECTING,Field_6,1,IDLE,,1,PROTECTING,Field_8,1,PROTECTING,Field_8,1,PROTECTING,Field_8,1,IDLE,,1,IDLE,,1,IDLE,,1,IDLE,,1,PROTECTING,Field_3,1,IDLE,,1,IDLE,,1,IDLE,,1,IDLE,,1,PROTECTING,Field_7,1,IDLE,,1,IDLE,,1,IDLE,,1,PROTECTING,Field_5,1,PROTECTING,Field_40,1,IDLE,,1,IDLE,,1,IDLE,,1,IDLE,,1,IDLE,,1,IDLE,,1,IDLE,,1,IDLE,,1,IDLE,,1,IDLE,,1,IDLE,,1,IDLE,,1,IDLE,,1,IDLE,,1,IDLE,,1,IDLE,,1,IDLE,,1,IDLE,,1,IDLE,,1,IDLE,,1,IDLE,,1,IDLE,,1,IDLE,,1,IDLE,,1,IDLE,,1,IDLE,,1,IDLE,,1,IDLE,,1,IDLE,,1,IDLE,,1,IDLE,,1,IDLE,,1,IDLE,,1,IDLE,,1,IDLE,,1,IDLE,,1,IDLE,,1,IDLE,,1,IDLE,,45,0.20,1,0,8,22,0.10,1,1,3,15,0.08,1,0,1,0,0.00,1,0,0,3,0.00,1,0,0,123,0.25,3,0,3,63,0.01,1,0,1,34,0.11,5,0,1,22,0.03,0,0,2,21,0.05,0,0,6,10,0.03,0,0,2,11,0.02,0,0,3,8,0.02,0,0,1,75,0.03,0,0,2,72,0.13,0,0,6,29,0.17,0,0,9,51,0.11,0,0,3,24,0.18,0,0,9,27,0.11,0,0,6,3,0.04,0,0,2,19,0.02,0,0,2,6,0.00,0,0,1,1,0.02,0,0,2,41,0.01,0,0,1,9,0.02,0,0,1,10,0.04,0,0,2,22,0.04,0,0,2,14,0.04,0,0,2,4,0.06,0,0,2,19,0.05,0,0,2,3,0.04,0,0,2,18,0.06,0,0,2,24,0.05,0,0,2,6,0.07,0,0,2,31,0.07,0,0,3,10,0.10,0,0,3,13,0.06,0,0,2,8,0.02,0,0,2,20,0.06,0,0,3,45,0.05,2,0,1
148,985,62,0,16,0,1,0,1,IDLE,,1,PROTECTING,Field_1,1,MOVING_TO_FIELD,Field_2,1,IDLE,,1,IDLE,,1,IDLE,,1,PROTECTING,Field_6,1,IDLE,,1,IDLE,,1,IDLE,,1,IDLE,,1,PROTECTING,Field_2,1,IDLE,,1,PROTECTING,Field_4,1,IDLE,,1,IDLE,,1,PROTECTING,Field_6,1,PROTECTING,Field_40,1,PROTECTING,Field_8,1,PROTECTING,Field_8,1,PROTECTING,Field_6,1,IDLE,,1,PROTECTING,Field_8,1,PROTECTING,Field_8,1,PROTECTING,Field_8,1,IDLE,,1,IDLE,,1,IDLE,,1,IDLE,,1,PROTECTING,Field_3,1,IDLE,,1,IDLE,,1,IDLE,,1,IDLE,,1,PROTECTING,Field_7,1,IDLE,,1,IDLE,,1,IDLE,,1,PROTECTING,Field_5,1,PROTECTING,Field_40,1,IDLE,,1,IDLE,,1,IDLE,,1,IDLE,,1,IDLE,,1,IDLE,,1,IDLE,,1,IDLE,,1,IDLE,,1,IDLE,,1,IDLE,,1,IDLE,,1,IDLE,,1,IDLE,,1,IDLE,,1,IDLE,,1,IDLE,,1,IDLE,,1,IDLE,,1,IDLE,,1,IDLE,,1,IDLE,,1,IDLE,,1,IDLE,,1,IDLE,,1,IDLE,,1,IDLE,,1,IDLE,,1,IDLE,,1,IDLE,,1,IDLE,,1,IDLE,,1,IDLE,,1,IDLE,,1,IDLE,,1,IDLE,,1,IDLE,,1,IDLE,,1,IDLE,,46,0.20,1,0,8,22,0.10,1,1,3,16,0.08,1,0,1,0,0.00,1,0,0,3,0.00,1,0,0,123,0.25,3,0,3,63,0.01,1,0,1,34,0.11,5,0,1,22,0.03,0,0,2,21,0.06,0,0,6,10,0.03,0,0,2,11,0.02,0,0,3,8,0.02,0,0,1,75,0.06,0,0,2,72,0.13,0,0,6,29,0.17,0,0,9,52,0.11,0,0,3,25,0.17,0,0,9,27,0.11,0,0,6,3,0.04,0,0,2,19,0.02,0,0,2,6,0.00,0,0,1,1,0.02,0,0,2,41,0.01,0,0,1,9,0.02,0,0,1,10,0.03,0,0,2,22,0.04,0,0,2,14,0.04,0,0,2,4,0.06,0,0,2,19,0.05,0,0,2,3,0.04,0,0,2,18,0.06,0,0,2,24,0.04,0,0,2,6,0.07,0,0,2,31,0.07,0,0,3,10,0.10,0,0,3,13,0.06,0,0,2,8,0.02,0,0,2,20,0.07,0,0,3,45,0.07,2,0,1
149,989,62,0,16,0,1,0,1,IDLE,,1,PROTECTING,Field_1,1,MOVING_TO_FIELD,Field_2,1,IDLE,,1,IDLE,,1,IDLE,,1,PROTECTING,Field_6,1,IDLE,,1,IDLE,,1,IDLE,,1,IDLE,,1,PROTECTING,Field_2,1,IDLE,,1,PROTECTING,Field_4,1,IDLE,,1,IDLE,,1,PROTECTING,Field_6,1,PROTECTING,Field_40,1,PROTECTING,Field_8,1,PROTECTING,Field_8,1,PROTECTING,Field_6,1,IDLE,,1,PROTECTING,Field_8,1,PROTECTING,Field_8,1,PROTECTING,Field_8,1,IDLE,,1,IDLE,,1,IDLE,,1,IDLE,,1,PROTECTING,Field_3,1,IDLE,,1,IDLE,,1,IDLE,,1,IDLE,,1,PROTECTING,Field_7,1,IDLE,,1,IDLE,,1,IDLE,,1,PROTECTING,Field_5,1,PROTECTING,Field_40,1,IDLE,,1,IDLE,,1,IDLE,,1,IDLE,,1,IDLE,,1,IDLE,,1,IDLE,,1,IDLE,,1,IDLE,,1,IDLE,,1,IDLE,,1,IDLE,,1,IDLE,,1,IDLE,,1,IDLE,,1,IDLE,,1,IDLE,,1,IDLE,,1,IDLE,,1,IDLE,,1,IDLE,,1,IDLE,,1,IDLE,,1,IDLE,,1,IDLE,,1,IDLE,,1,IDLE,,1,IDLE,,1,IDLE,,1,IDLE,,1,IDLE,,1,IDLE,,1,IDLE,,1,IDLE,,1,IDLE,,1,IDLE,,1,IDLE,,1,IDLE,,1,IDLE,,46,0.21,1,0,8,22,0.10,1,1,3,17,0.08,1,0,1,0,0.00,1,0,0,3,0.00,1,0,0,125,0.25,3,0,3,63,0.03,1,0,1,35,0.11,5,0,1,22,0.03,0,0,2,21,0.06,0,0,6,10,0.04,0,0,2,11,0.01,0,0,3,8,0.02,0,0,1,75,0.06,0,0,2,72,0.12,0,0,6,29,0.16,0,0,9,52,0.11,0,0,3,25,0.17,0,0,9,27,0.12,0,0,6,3,0.04,0,0,2,19,0.02,0,0,2,6,0.00,0,0,1,1,0.02,0,0,2,41,0.01,0,0,1,9,0.02,0,0,1,10,0.01,0,0,2,22,0.04,0,0,2,14,0.04,0,0,2,4,0.06,0,0,2,19,0.05,0,0,2,3,0.04,0,0,2,18,0.06,0,0,2,24,0.04,0,0,2,6,0.07,0,0,2,31,0.07,0,0,3,10,0.09,0,0,3,13,0.06,0,0,2,8,0.04,0,0,2,20,0.07,0,0,3,45,0.07,2,0,1
150,990,62,0,16,0,1,0,1,IDLE,,1,PROTECTING,Field_1,1,MOVING_TO_FIELD,Field_2,1,IDLE,,1,IDLE,,1,IDLE,,1,PROTECTING,Field_6,1,IDLE,,1,IDLE,,1,IDLE,,1,IDLE,,1,PROTECTING,Field_2,1,IDLE,,1,PROTECTING,Field_4,1,IDLE,,1,IDLE,,1,PROTECTING,Field_6,1,PROTECTING,Field_40,1,PROTECTING,Field_8,1,PROTECTING,Field_8,1,PROTECTING,Field_6,1,IDLE,,1,PROTECTING,Field_8,1,PROTECTING,Field_8,1,PROTECTING,Field_8,1,IDLE,,1,IDLE,,1,IDLE,,1,IDLE,,1,PROTECTING,Field_3,1,IDLE,,1,IDLE,,1,IDLE,,1,IDLE,,1,PROTECTING,Field_7,1,IDLE,,1,IDLE,,1,IDLE,,1,PROTECTING,Field_5,1,PROTECTING,Field_40,1,IDLE,,1,IDLE,,1,IDLE,,1,IDLE,,1,IDLE,,1,IDLE,,1,IDLE,,1,IDLE,,1,IDLE,,1,IDLE,,1,IDLE,,1,IDLE,,1,IDLE,,1,IDLE,,1,IDLE,,1,IDLE,,1,IDLE,,1,IDLE,,1,IDLE,,1,IDLE,,1,IDLE,,1,IDLE,,1,IDLE,,1,IDLE,,1,IDLE,,1,IDLE,,1,IDLE,,1,IDLE,,1,IDLE,,1,IDLE,,1,IDLE,,1,IDLE,,1,IDLE,,1,IDLE,,1,IDLE,,1,IDLE,,1,IDLE,,1,IDLE,,1,IDLE,,46,0.21,1,0,8,22,0.09,1,1,3,17,0.08,1,0,1,0,0.00,1,0,0,3,0.00,1,0,0,126,0.25,3,0,3,63,0.03,1,0,1,35,0.11,5,0,1,22,0.03,0,0,2,21,0.06,0,0,6,10,0.04,0,0,2,11,0.01,0,0,3,8,0.02,0,0,1,75,0.06,0,0,2,72,0.10,0,0,6,29,0.16,0,0,9,52,0.10,0,0,3,25,0.16,0,0,9,27,0.12,0,0,6,3,0.03,0,0,2,19,0.02,0,0,2,6,0.00,0,0,1,1,0.00,0,0,2,41,0.01,0,0,1,9,0.02,0,0,1,10,0.01,0,0,2,22,0.05,0,0,2,14,0.04,0,0,2,4,0.06,0,0,2,19,0.05,0,0,2,3,0.04,0,0,2,18,0.06,0,0,2,24,0.04,0,0,2,6,0.07,0,0,2,31,0.07,0,0,3,10,0.09,0,0,3,13,0.06,0,0,2,8,0.04,0,0,2,20,0.07,0,0,3,45,0.07,2,0,1
151,991,62,0,16,0,1,0,1,IDLE,,1,PROTECTING,Field_1,1,MOVING_TO_FIELD,Field_2,1,IDLE,,1,IDLE,,1,IDLE,,1,PROTECTING,Field_6,1,IDLE,,1,IDLE,,1,IDLE,,1,IDLE,,1,PROTECTING,Field_2,1,IDLE,,1,PROTECTING,Field_4,1,IDLE,,1,IDLE,,1,PROTECTING,Field_6,1,PROTECTING,Field_40,1,PROTECTING,Field_8,1,PROTECTING,Field_8,1,PROTECTING,Field_6,1,IDLE,,1,PROTECTING,Field_8,1,PROTECTING,Field_8,1,PROTECTING,Field_8,1,IDLE,,1,IDLE,,1,IDLE,,1,IDLE,,1,PROTECTING,Field_3,1,IDLE,,1,IDLE,,1,IDLE,,1,IDLE,,1,PROTECTING,Field_7,1,IDLE,,1,IDLE,,1,IDLE,,1,PROTECTING,Field_5,1,PROTECTING,Field_40,1,IDLE,,1,IDLE,,1,IDLE,,1,IDLE,,1,IDLE,,1,IDLE,,1,IDLE,,1,IDLE,,1,IDLE,,1,IDLE,,1,IDLE,,1,IDLE,,1,IDLE,,1,IDLE,,1,IDLE,,1,IDLE,,1,IDLE,,1,IDLE,,1,IDLE,,1,IDLE,,1,IDLE,,1,IDLE,,1,IDLE,,1,IDLE,,1,IDLE,,1,IDLE,,1,IDLE,,1,IDLE,,1,IDLE,,1,IDLE,,1,IDLE,,1,IDLE,,1,IDLE,,1,IDLE,,1,IDLE,,1,IDLE,,1,IDLE,,1,IDLE,,1,IDLE,,46,0.21,1,0,8,22,0.09,1,1,3,17,0.06,1,0,1,0,0.00,1,0,0,3,0.00,1,0,0,126,0.25,3,0,3,63,0.04,1,0,1,35,0.10,5,0,1,22,0.02,0,0,2,21,0.08,0,0,6,10,0.04,0,0,2,11,0.01,0,0,3,8,0.02,0,0,1,75,0.06,0,0,2,72,0.11,0,0,6,29,0.15,0,0,9,52,0.11,0,0,3,25,0.16,0,0,9,28,0.11,0,0,6,3,0.03,0,0,2,19,0.03,0,0,2,6,0.00,0,0,1,1,0.02,0,0,2,41,0.01,0,0,1,9,0.02,0,0,1,10,0.03,0,0,2,22,0.05,0,0,2,14,0.04,0,0,2,4,0.06,0,0,2,19,0.05,0,0,2,3,0.04,0,0,2,18,0.06,0,0,2,24,0.04,0,0,2,6,0.07,0,0,2,31,0.06,0,0,3,10,0.09,0,0,3,13,0.06,0,0,2,8,0.04,0,0,2,20,0.07,0,0,3,45,0.07,2,0,1
152,992,62,0,16,0,1,0,1,IDLE,,1,PROTECTING,Field_1,1,MOVING_TO_FIELD,Field_2,1,IDLE,,1,IDLE,,1,IDLE,,1,PROTECTING,Field_6,1,IDLE,,1,IDLE,,1,IDLE,,1,IDLE,,1,PROTECTING,Field_2,1,IDLE,,1,PROTECTING,Field_4,1,IDLE,,1,IDLE,,1,PROTECTING,Field_6,1,PROTECTING,Field_40,1,PROTECTING,Field_8,1,PROTECTING,Field_8,1,PROTECTING,Field_6,1,IDLE,,1,PROTECTING,Field_8,1,PROTECTING,Field_8,1,PROTECTING,Field_8,1,IDLE,,1,IDLE,,1,IDLE,,1,IDLE,,1,PROTECTING,Field_3,1,IDLE,,1,IDLE,,1,IDLE,,1,IDLE,,1,PROTECTING,Field_7,1,IDLE,,1,IDLE,,1,IDLE,,1,PROTECTING,Field_5,1,PROTECTING,Field_40,1,IDLE,,1,IDLE,,1,IDLE,,1,IDLE,,1,IDLE,,1,IDLE,,1,IDLE,,1,IDLE,,1,IDLE,,1,IDLE,,1,IDLE,,1,IDLE,,1,IDLE,,1,IDLE,,1,IDLE,,1,IDLE,,1,IDLE,,1,IDLE,,1,IDLE,,1,IDLE,,1,IDLE,,1,IDLE,,1,IDLE,,1,IDLE,,1,IDLE,,1,IDLE,,1,IDLE,,1,IDLE,,1,IDLE,,1,IDLE,,1,IDLE,,1,IDLE,,1,IDLE,,1,IDLE,,1,IDLE,,1,IDLE,,1,IDLE,,1,IDLE,,1,IDLE,,46,0.22,1,0,8,22,0.09,1,1,3,17,0.06,1,0,1,0,0.00,1,0,0,3,0.00,1,0,0,127,0.25,3,0,3,63,0.04,1,0,1,35,0.10,5,0,1,22,0.02,0,0,2,21,0.08,0,0,6,10,0.04,0,0,2,11,0.01,0,0,3,8,0.02,0,0,1,75,0.06,0,0,2,72,0.11,0,0,6,29,0.15,0,0,9,52,0.10,0,0,3,25,0.17,0,0,9,28,0.11,0,0,6,3,0.03,0,0,2,19,0.03,0,0,2,6,0.00,0,0,1,1,0.02,0,0,2,41,0.03,0,0,1,9,0.04,0,0,1,10,0.03,0,0,2,22,0.05,0,0,2,14,0.04,0,0,2,4,0.08,0,0,2,19,0.05,0,0,2,3,0.04,0,0,2,18,0.06,0,0,2,24,0.02,0,0,2,6,0.07,0,0,2,31,0.05,0,0,3,10,0.09,0,0,3,13,0.06,0,0,2,8,0.04,0,0,2,20,0.08,0,0,3,45,0.07,2,0,1
153,995,62,0,16,0,1,0,1,IDLE,,1,PROTECTING,Field_1,1,MOVING_TO_FIELD,Field_2,1,IDLE,,1,IDLE,,1,IDLE,,1,PROTECTING,Field_6,1,IDLE,,1,IDLE,,1,IDLE,,1,IDLE,,1,PROTECTING,Field_2,1,IDLE,,1,PROTECTING,Field_4,1,IDLE,,1,IDLE,,1,PROTECTING,Field_6,1,PROTECTING,Field_40,1,PROTECTING,Field_8,1,PROTECTING,Field_8,1,PROTECTING,Field_6,1,IDLE,,1,PROTECTING,Field_8,1,PROTECTING,Field_8,1,PROTECTING,Field_8,1,IDLE,,1,IDLE,,1,IDLE,,1,IDLE,,1,PROTECTING,Field_3,1,IDLE,,1,IDLE,,1,IDLE,,1,IDLE,,1,PROTECTING,Field_7,1,IDLE,,1,IDLE,,1,IDLE,,1,PROTECTING,Field_5,1,PROTECTING,Field_40,1,IDLE,,1,IDLE,,1,IDLE,,1,IDLE,,1,IDLE,,1,IDLE,,1,IDLE,,1,IDLE,,1,IDLE,,1,IDLE,,1,IDLE,,1,IDLE,,1,IDLE,,1,IDLE,,1,IDLE,,1,IDLE,,1,IDLE,,1,IDLE,,1,IDLE,,1,IDLE,,1,IDLE,,1,IDLE,,1,IDLE,,1,IDLE,,1,IDLE,,1,IDLE,,1,IDLE,,1,IDLE,,1,IDLE,,1,IDLE,,1,IDLE,,1,IDLE,,1,IDLE,,1,IDLE,,1,IDLE,,1,IDLE,,1,IDLE,,1,IDLE,,1,IDLE,,46,0.22,1,0,8,22,0.09,1,1,3,18,0.06,1,0,1,0,0.00,1,0,0,3,0.00,1,0,0,127,0.25,3,0,3,63,0.04,1,0,1,37,0.10,5,0,1,22,0.02,0,0,2,21,0.08,0,0,6,10,0.04,0,0,2,11,0.01,0,0,3,8,0.02,0,0,1,75,0.06,0,0,2,72,0.11,0,0,6,29,0.14,0,0,9,52,0.10,0,0,3,25,0.16,0,0,9,28,0.11,0,0,6,3,0.03,0,0,2,19,0.05,0,0,2,6,0.00,0,0,1,1,0.02,0,0,2,41,0.03,0,0,1,9,0.04,0,0,1,10,0.03,0,0,2,22,0.05,0,0,2,14,0.04,0,0,2,4,0.08,0,0,2,19,0.05,0,0,2,3,0.04,0,0,2,18,0.06,0,0,2,24,0.02,0,0,2,6,0.07,0,0,2,31,0.05,0,0,3,10,0.09,0,0,3,13,0.05,0,0,2,8,0.04,0,0,2,20,0.09,0,0,3,45,0.07,2,0,1
154,997,62,0,16,0,1,0,1,IDLE,,1,PROTECTING,Field_1,1,MOVING_TO_FIELD,Field_2,1,IDLE,,1,IDLE,,1,IDLE,,1,PROTECTING,Field_6,1,IDLE,,1,IDLE,,1,IDLE,,1,IDLE,,1,PROTECTING,Field_2,1,IDLE,,1,PROTECTING,Field_4,1,IDLE,,1,IDLE,,1,PROTECTING,Field_6,1,PROTECTING,Field_40,1,PROTECTING,Field_8,1,PROTECTING,Field_8,1,PROTECTING,Field_6,1,IDLE,,1,PROTECTING,Field_8,1,PROTECTING,Field_8,1,PROTECTING,Field_8,1,IDLE,,1,IDLE,,1,IDLE,,1,IDLE,,1,PROTECTING,Field_3,1,IDLE,,1,IDLE,,1,IDLE,,1,IDLE,,1,PROTECTING,Field_7,1,IDLE,,1,IDLE,,1,IDLE,,1,PROTECTING,Field_5,1,PROTECTING,Field_40,1,IDLE,,1,IDLE,,1,IDLE,,1,IDLE,,1,IDLE,,1,IDLE,,1,IDLE,,1,IDLE,,1,IDLE,,1,IDLE,,1,IDLE,,1,IDLE,,1,IDLE,,1,IDLE,,1,IDLE,,1,IDLE,,1,IDLE,,1,IDLE,,1,IDLE,,1,IDLE,,1,IDLE,,1,IDLE,,1,IDLE,,1,IDLE,,1,IDLE,,1,IDLE,,1,IDLE,,1,IDLE,,1,IDLE,,1,IDLE,,1,IDLE,,1,IDLE,,1,IDLE,,1,IDLE,,1,IDLE,,1,IDLE,,1,IDLE,,1,IDLE,,1,IDLE,,46,0.23,1,0,8,22,0.08,1,1,3,19,0.06,1,0,1,0,0.00,1,0,0,3,0.00,1,0,0,127,0.24,3,0,3,63,0.04,1,0,1,38,0.10,5,0,1,22,0.03,0,0,2,21,0.08,0,0,6,10,0.04,0,0,2,11,0.01,0,0,3,8,0.02,0,0,1,75,0.06,0,0,2,72,0.10,0,0,6,29,0.14,0,0,9,52,0.10,0,0,3,25,0.17,0,0,9,28,0.12,0,0,6,3,0.01,0,0,2,19,0.05,0,0,2,6,0.00,0,0,1,1,0.02,0,0,2,41,0.03,0,0,1,9,0.04,0,0,1,10,0.04,0,0,2,22,0.04,0,0,2,14,0.04,0,0,2,4,0.08,0,0,2,19,0.04,0,0,2,3,0.04,0,0,2,18,0.05,0,0,2,24,0.02,0,0,2,6,0.07,0,0,2,31,0.05,0,0,3,10,0.09,0,0,3,13,0.05,0,0,2,8,0.04,0,0,2,20,0.09,0,0,3,45,0.05,2,0,1
155,1000,62,0,16,0,1,0,1,IDLE,,1,PROTECTING,Field_1,1,MOVING_TO_FIELD,Field_2,1,IDLE,,1,IDLE,,1,IDLE,,1,PROTECTING,Field_6,1,IDLE,,1,IDLE,,1,IDLE,,1,IDLE,,1,PROTECTING,Field_2,1,IDLE,,1,PROTECTING,Field_4,1,IDLE,,1,IDLE,,1,PROTECTING,Field_6,1,PROTECTING,Field_40,1,PROTECTING,Field_8,1,PROTECTING,Field_8,1,PROTECTING,Field_6,1,IDLE,,1,PROTECTING,Field_8,1,PROTECTING,Field_8,1,PROTECTING,Field_8,1,IDLE,,1,IDLE,,1,IDLE,,1,IDLE,,1,PROTECTING,Field_3,1,IDLE,,1,IDLE,,1,IDLE,,1,IDLE,,1,PROTECTING,Field_7,1,IDLE,,1,IDLE,,1,IDLE,,1,PROTECTING,Field_5,1,PROTECTING,Field_40,1,IDLE,,1,IDLE,,1,IDLE,,1,IDLE,,1,IDLE,,1,IDLE,,1,IDLE,,1,IDLE,,1,IDLE,,1,IDLE,,1,IDLE,,1,IDLE,,1,IDLE,,1,IDLE,,1,IDLE,,1,IDLE,,1,IDLE,,1,IDLE,,1,IDLE,,1,IDLE,,1,IDLE,,1,IDLE,,1,IDLE,,1,IDLE,,1,IDLE,,1,IDLE,,1,IDLE,,1,IDLE,,1,IDLE,,1,IDLE,,1,IDLE,,1,IDLE,,1,IDLE,,1,IDLE,,1,IDLE,,1,IDLE,,1,IDLE,,1,IDLE,,1,IDLE,,46,0.22,1,0,8,22,0.08,1,1,3,19,0.06,1,0,1,0,0.00,1,0,0,3,0.00,1,0,0,129,0.24,3,0,3,63,0.04,1,0,1,39,0.10,5,0,1,22,0.03,0,0,2,21,0.08,0,0,6,10,0.03,0,0,2,11,0.01,0,0,3,8,0.02,0,0,1,75,0.05,0,0,2,72,0.10,0,0,6,29,0.14,0,0,9,52,0.10,0,0,3,25,0.16,0,0,9,28,0.12,0,0,6,3,0.01,0,0,2,19,0.06,0,0,2,6,0.02,0,0,1,1,0.03,0,0,2,41,0.03,0,0,1,9,0.05,0,0,1,10,0.04,0,0,2,22,0.04,0,0,2,14,0.07,0,0,2,4,0.08,0,0,2,19,0.04,0,0,2,3,0.04,0,0,2,18,0.05,0,0,2,24,0.00,0,0,2,6,0.07,0,0,2,31,0.05,0,0,3,10,0.09,0,0,3,13,0.06,0,0,2,8,0.04,0,0,2,20,0.10,0,0,3,45,0.05,2,0,1
156,1001,62,0,16,0,1,0,1,IDLE,,1,PROTECTING,Field_1,1,MOVING_TO_FIELD,Field_2,1,IDLE,,1,IDLE,,1,IDLE,,1,PROTECTING,Field_6,1,IDLE,,1,IDLE,,1,IDLE,,1,IDLE,,1,PROTECTING,Field_2,1,IDLE,,1,PROTECTING,Field_4,1,IDLE,,1,IDLE,,1,PROTECTING,Field_6,1,PROTECTING,Field_40,1,PROTECTING,Field_8,1,PROTECTING,Field_8,1,PROTECTING,Field_6,1,IDLE,,1,PROTECTING,Field_8,1,PROTECTING,Field_8,1,PROTECTING,Field_8,1,IDLE,,1,IDLE,,1,IDLE,,1,IDLE,,1,PROTECTING,Field_3,1,IDLE,,1,IDLE,,1,IDLE,,1,IDLE,,1,PROTECTING,Field_7,1,IDLE,,1,IDLE,,1,IDLE,,1,PROTECTING,Field_5,1,PROTECTING,Field_40,1,IDLE,,1,IDLE,,1,IDLE,,1,IDLE,,1,IDLE,,1,IDLE,,1,IDLE,,1,IDLE,,1,IDLE,,1,IDLE,,1,IDLE,,1,IDLE,,1,IDLE,,1,IDLE,,1,IDLE,,1,IDLE,,1,IDLE,,1,IDLE,,1,IDLE,,1,IDLE,,1,IDLE,,1,IDLE,,1,IDLE,,1,IDLE,,1,IDLE,,1,IDLE,,1,IDLE,,1,IDLE,,1,IDLE,,1,IDLE,,1,IDLE,,1,IDLE,,1,IDLE,,1,IDLE,,1,IDLE,,1,IDLE,,1,IDLE,,1,IDLE,,1,IDLE,,46,0.21,1,0,8,22,0.08,1,1,3,19,0.06,1,0,1,0,0.00,1,0,0,3,0.00,1,0,0,129,0.23,3,0,3,63,0.03,1,0,1,39,0.10,5,0,1,22,0.03,0,0,2,21,0.08,0,0,6,10,0.03,0,0,2,11,0.01,0,0,3,8,0.02,0,0,1,75,0.05,0,0,2,72,0.11,0,0,6,29,0.14,0,0,9,52,0.10,0,0,3,25,0.14,0,0,9,28,0.12,0,0,6,3,0.01,0,0,2,19,0.06,0,0,2,6,0.00,0,0,1,1,0.03,0,0,2,41,0.03,0,0,1,9,0.05,0,0,1,10,0.04,0,0,2,22,0.04,0,0,2,14,0.09,0,0,2,4,0.06,0,0,2,19,0.04,0,0,2,3,0.04,0,0,2,18,0.05,0,0,2,24,0.02,0,0,2,6,0.07,0,0,2,31,0.05,0,0,3,10,0.09,0,0,3,13,0.05,0,0,2,8,0.01,0,0,2,21,0.11,0,0,3,45,0.05,2,0,1
157,1005,62,0,16,0,1,0,1,IDLE,,1,PROTECTING,Field_1,1,MOVING_TO_FIELD,Field_2,1,IDLE,,1,IDLE,,1,IDLE,,1,PROTECTING,Field_6,1,IDLE,,1,IDLE,,1,IDLE,,1,IDLE,,1,PROTECTING,Field_2,1,IDLE,,1,PROTECTING,Field_4,1,IDLE,,1,IDLE,,1,PROTECTING,Field_6,1,PROTECTING,Field_40,1,PROTECTING,Field_8,1,PROTECTING,Field_8,1,PROTECTING,Field_6,1,IDLE,,1,PROTECTING,Field_8,1,PROTECTING,Field_8,1,PROTECTING,Field_8,1,IDLE,,1,IDLE,,1,IDLE,,1,IDLE,,1,PROTECTING,Field_3,1,IDLE,,1,IDLE,,1,IDLE,,1,IDLE,,1,PROTECTING,Field_7,1,IDLE,,1,IDLE,,1,IDLE,,1,PROTECTING,Field_5,1,PROTECTING,Field_40,1,IDLE,,1,IDLE,,1,IDLE,,1,IDLE,,1,IDLE,,1,IDLE,,1,IDLE,,1,IDLE,,1,IDLE,,1,IDLE,,1,IDLE,,1,IDLE,,1,IDLE,,1,IDLE,,1,IDLE,,1,IDLE,,1,IDLE,,1,IDLE,,1,IDLE,,1,IDLE,,1,IDLE,,1,IDLE,,1,IDLE,,1,IDLE,,1,IDLE,,1,IDLE,,1,IDLE,,1,IDLE,,1,IDLE,,1,IDLE,,1,IDLE,,1,IDLE,,1,IDLE,,1,IDLE,,1,IDLE,,1,IDLE,,1,IDLE,,1,IDLE,,1,IDLE,,46,0.21,1,0,8,22,0.08,1,1,3,19,0.06,1,0,1,0,0.00,1,0,0,3,0.00,1,0,0,131,0.22,3,0,3,63,0.03,1,0,1,40,0.10,5,0,1,22,0.03,0,0,2,21,0.06,0,0,6,10,0.03,0,0,2,11,0.01,0,0,3,8,0.02,0,0,1,75,0.06,0,0,2,72,0.12,0,0,6,29,0.13,0,0,9,52,0.10,0,0,3,25,0.14,0,0,9,28,0.12,0,0,6,3,0.01,0,0,2,19,0.06,0,0,2,6,0.00,0,0,1,1,0.03,0,0,2,41,0.03,0,0,1,10,0.05,0,0,1,10,0.05,0,0,2,22,0.05,0,0,2,14,0.09,0,0,2,4,0.06,0,0,2,19,0.04,0,0,2,3,0.04,0,0,2,18,0.05,0,0,2,24,0.02,0,0,2,6,0.07,0,0,2,31,0.05,0,0,3,10,0.09,0,0,3,13,0.06,0,0,2,8,0.02,0,0,2,21,0.10,0,0,3,45,0.05,2,0,1
158,1009,62,0,16,0,1,0,1,IDLE,,1,PROTECTING,Field_1,1,MOVING_TO_FIELD,Field_2,1,IDLE,,1,IDLE,,1,IDLE,,1,PROTECTING,Field_6,1,IDLE,,1,IDLE,,1,IDLE,,1,IDLE,,1,PROTECTING,Field_2,1,IDLE,,1,PROTECTING,Field_4,1,IDLE,,1,IDLE,,1,PROTECTING,Field_6,1,PROTECTING,Field_40,1,PROTECTING,Field_8,1,PROTECTING,Field_8,1,PROTECTING,Field_6,1,IDLE,,1,PROTECTING,Field_8,1,PROTECTING,Field_8,1,PROTECTING,Field_8,1,IDLE,,1,IDLE,,1,IDLE,,1,IDLE,,1,PROTECTING,Field_3,1,IDLE,,1,IDLE,,1,IDLE,,1,IDLE,,1,PROTECTING,Field_7,1,IDLE,,1,IDLE,,1,IDLE,,1,PROTECTING,Field_5,1,PROTECTING,Field_40,1,IDLE,,1,IDLE,,1,IDLE,,1,IDLE,,1,IDLE,,1,IDLE,,1,IDLE,,1,IDLE,,1,IDLE,,1,IDLE,,1,IDLE,,1,IDLE,,1,IDLE,,1,IDLE,,1,IDLE,,1,IDLE,,1,IDLE,,1,IDLE,,1,IDLE,,1,IDLE,,1,IDLE,,1,IDLE,,1,IDLE,,1,IDLE,,1,IDLE,,1,IDLE,,1,IDLE,,1,IDLE,,1,IDLE,,1,IDLE,,1,IDLE,,1,IDLE,,1,IDLE,,1,IDLE,,1,IDLE,,1,IDLE,,1,IDLE,,1,IDLE,,1,IDLE,,46,0.21,1,0,8,22,0.08,1,1,3,21,0.06,1,0,1,0,0.00,1,0,0,3,0.00,1,0,0,133,0.21,3,0,3,63,0.03,1,0,1,40,0.09,5,0,1,22,0.03,0,0,2,21,0.06,0,0,6,10,0.04,0,0,2,11,0.01,0,0,3,8,0.02,0,0,1,75,0.06,0,0,2,72,0.12,0,0,6,29,0.12,0,0,9,52,0.10,0,0,3,25,0.17,0,0,9,28,0.12,0,0,6,3,0.03,0,0,2,19,0.06,0,0,2,6,0.00,0,0,1,1,0.03,0,0,2,41,0.03,0,0,1,10,0.05,0,0,1,10,0.05,0,0,2,22,0.05,0,0,2,14,0.09,0,0,2,4,0.08,0,0,2,19,0.04,0,0,2,3,0.06,0,0,2,18,0.06,0,0,2,24,0.02,0,0,2,6,0.08,0,0,2,31,0.05,0,0,3,10,0.09,0,0,3,13,0.06,0,0,2,8,0.02,0,0,2,21,0.10,0,0,3,45,0.05,2,0,1
159,1015,62,0,16,0,1,0,1,IDLE,,1,PROTECTING,Field_1,1,MOVING_TO_FIELD,Field_2,1,IDLE,,1,IDLE,,1,IDLE,,1,PROTECTING,Field_6,1,IDLE,,1,IDLE,,1,IDLE,,1,IDLE,,1,PROTECTING,Field_2,1,IDLE,,1,PROTECTING,Field_4,1,IDLE,,1,IDLE,,1,PROTECTING,Field_6,1,PROTECTING,Field_40,1,PROTECTING,Field_8,1,PROTECTING,Field_8,1,PROTECTING,Field_6,1,IDLE,,1,PROTECTING,Field_8,1,PROTECTING,Field_8,1,PROTECTING,Field_8,1,IDLE,,1,IDLE,,1,IDLE,,1,IDLE,,1,PROTECTING,Field_3,1,IDLE,,1,IDLE,,1,IDLE,,1,IDLE,,1,PROTECTING,Field_7,1,IDLE,,1,IDLE,,1,IDLE,,1,PROTECTING,Field_5,1,PROTECTING,Field_40,1,IDLE,,1,IDLE,,1,IDLE,,1,IDLE,,1,IDLE,,1,IDLE,,1,IDLE,,1,IDLE,,1,IDLE,,1,IDLE,,1,IDLE,,1,IDLE,,1,IDLE,,1,IDLE,,1,IDLE,,1,IDLE,,1,IDLE,,1,IDLE,,1,IDLE,,1,IDLE,,1,IDLE,,1,IDLE,,1,IDLE,,1,IDLE,,1,IDLE,,1,IDLE,,1,IDLE,,1,IDLE,,1,IDLE,,1,IDLE,,1,IDLE,,1,IDLE,,1,IDLE,,1,IDLE,,1,IDLE,,1,IDLE,,1,IDLE,,1,IDLE,,1,IDLE,,46,0.19,1,0,8,22,0.08,1,1,3,22,0.05,1,0,1,0,0.00,1,0,0,3,0.00,1,0,0,135,0.21,3,0,3,63,0.03,1,0,1,41,0.09,5,0,1,22,0.03,0,0,2,21,0.08,0,0,6,10,0.04,0,0,2,11,0.01,0,0,3,8,0.02,0,0,1,75,0.06,0,0,2,72,0.12,0,0,6,29,0.11,0,0,9,52,0.09,0,0,3,26,0.16,0,0,9,28,0.12,0,0,6,3,0.03,0,0,2,19,0.06,0,0,2,6,0.00,0,0,1,1,0.05,0,0,2,41,0.03,0,0,1,10,0.05,0,0,1,10,0.05,0,0,2,22,0.06,0,0,2,14,0.09,0,0,2,4,0.08,0,0,2,19,0.04,0,0,2,3,0.06,0,0,2,19,0.06,0,0,2,24,0.02,0,0,2,6,0.08,0,0,2,31,0.05,0,0,3,10,0.09,0,0,3,13,0.06,0,0,2,8,0.02,0,0,2,21,0.09,0,0,3,45,0.08,2,0,1
160,1016,62,0,16,0,1,0,1,IDLE,,1,PROTECTING,Field_1,1,MOVING_TO_FIELD,Field_2,1,IDLE,,1,IDLE,,1,IDLE,,1,PROTECTING,Field_6,1,IDLE,,1,IDLE,,1,IDLE,,1,IDLE,,1,PROTECTING,Field_2,1,IDLE,,1,PROTECTING,Field_4,1,IDLE,,1,IDLE,,1,PROTECTING,Field_6,1,PROTECTING,Field_40,1,PROTECTING,Field_8,1,PROTECTING,Field_8,1,PROTECTING,Field_6,1,IDLE,,1,PROTECTING,Field_8,1,PROTECTING,Field_8,1,PROTECTING,Field_8,1,IDLE,,1,IDLE,,1,IDLE,,1,IDLE,,1,PROTECTING,Field_3,1,IDLE,,1,IDLE,,1,IDLE,,1,IDLE,,1,PROTECTING,Field_7,1,IDLE,,1,IDLE,,1,IDLE,,1,PROTECTING,Field_5,1,PROTECTING,Field_40,1,IDLE,,1,IDLE,,1,IDLE,,1,IDLE,,1,IDLE,,1,IDLE,,1,IDLE,,1,IDLE,,1,IDLE,,1,IDLE,,1,IDLE,,1,IDLE,,1,IDLE,,1,IDLE,,1,IDLE,,1,IDLE,,1,IDLE,,1,IDLE,,1,IDLE,,1,IDLE,,1,IDLE,,1,IDLE,,1,IDLE,,1,IDLE,,1,IDLE,,1,IDLE,,1,IDLE,,1,IDLE,,1,IDLE,,1,IDLE,,1,IDLE,,1,IDLE,,1,IDLE,,1,IDLE,,1,IDLE,,1,IDLE,,1,IDLE,,1,IDLE,,1,IDLE,,46,0.19,1,0,8,22,0.08,1,1,3,22,0.04,1,0,1,0,0.00,1,0,0,3,0.00,1,0,0,135,0.19,3,0,3,63,0.03,1,0,1,41,0.09,5,0,1,22,0.02,0,0,2,21,0.08,0,0,6,10,0.04,0,0,2,11,0.01,0,0,3,8,0.02,0,0,1,75,0.06,0,0,2,72,0.11,0,0,6,29,0.11,0,0,9,52,0.09,0,0,3,26,0.18,0,0,9,28,0.13,0,0,6,3,0.04,0,0,2,20,0.06,0,0,2,6,0.00,0,0,1,1,0.03,0,0,2,41,0.03,0,0,1,10,0.05,0,0,1,10,0.05,0,0,2,22,0.06,0,0,2,14,0.09,0,0,2,4,0.08,0,0,2,19,0.04,0,0,2,3,0.06,0,0,2,19,0.06,0,0,2,24,0.04,0,0,2,6,0.08,0,0,2,31,0.04,0,0,3,10,0.09,0,0,3,13,0.06,0,0,2,8,0.02,0,0,2,21,0.09,0,0,3,45,0.08,2,0,1
161,1019,62,0,16,0,1,0,1,IDLE,,1,PROTECTING,Field_1,1,MOVING_TO_FIELD,Field_2,1,IDLE,,1,IDLE,,1,IDLE,,1,PROTECTING,Field_6,1,IDLE,,1,IDLE,,1,IDLE,,1,IDLE,,1,PROTECTING,Field_2,1,IDLE,,1,PROTECTING,Field_4,1,IDLE,,1,IDLE,,1,PROTECTING,Field_6,1,PROTECTING,Field_40,1,PROTECTING,Field_8,1,PROTECTING,Field_8,1,PROTECTING,Field_6,1,IDLE,,1,PROTECTING,Field_8,1,PROTECTING,Field_8,1,PROTECTING,Field_8,1,IDLE,,1,IDLE,,1,IDLE,,1,IDLE,,1,PROTECTING,Field_3,1,IDLE,,1,IDLE,,1,IDLE,,1,IDLE,,1,PROTECTING,Field_7,1,IDLE,,1,IDLE,,1,IDLE,,1,PROTECTING,Field_5,1,PROTECTING,Field_40,1,IDLE,,1,IDLE,,1,IDLE,,1,IDLE,,1,IDLE,,1,IDLE,,1,IDLE,,1,IDLE,,1,IDLE,,1,IDLE,,1,IDLE,,1,IDLE,,1,IDLE,,1,IDLE,,1,IDLE,,1,IDLE,,1,IDLE,,1,IDLE,,1,IDLE,,1,IDLE,,1,IDLE,,1,IDLE,,1,IDLE,,1,IDLE,,1,IDLE,,1,IDLE,,1,IDLE,,1,IDLE,,1,IDLE,,1,IDLE,,1,IDLE,,1,IDLE,,1,IDLE,,1,IDLE,,1,IDLE,,1,IDLE,,1,IDLE,,1,IDLE,,1,IDLE,,46,0.19,1,0,8,23,0.08,1,1,3,22,0.04,1,0,1,0,0.00,1,0,0,3,0.00,1,0,0,137,0.18,3,0,3,63,0.03,1,0,1,41,0.10,5,0,1,22,0.02,0,0,2,21,0.08,0,0,6,10,0.04,0,0,2,11,0.01,0,0,3,8,0.02,0,0,1,75,0.05,0,0,2,72,0.11,0,0,6,29,0.11,0,0,9,52,0.09,0,0,3,26,0.18,0,0,9,28,0.13,0,0,6,3,0.04,0,0,2,20,0.06,0,0,2,6,0.00,0,0,1,1,0.02,0,0,2,41,0.03,0,0,1,10,0.05,0,0,1,10,0.04,0,0,2,22,0.07,0,0,2,14,0.09,0,0,2,4,0.06,0,0,2,19,0.05,0,0,2,3,0.06,0,0,2,19,0.06,0,0,2,24,0.04,0,0,2,6,0.08,0,0,2,31,0.04,0,0,3,10,0.09,0,0,3,13,0.06,0,0,2,8,0.02,0,0,2,21,0.09,0,0,3,45,0.09,2,0,1
162,1021,62,0,16,0,1,0,1,IDLE,,1,PROTECTING,Field_1,1,MOVING_TO_FIELD,Field_2,1,IDLE,,1,IDLE,,1,IDLE,,1,PROTECTING,Field_6,1,IDLE,,1,IDLE,,1,IDLE,,1,IDLE,,1,PROTECTING,Field_2,1,IDLE,,1,PROTECTING,Field_4,1,IDLE,,1,IDLE,,1,PROTECTING,Field_6,1,PROTECTING,Field_40,1,PROTECTING,Field_8,1,PROTECTING,Field_8,1,PROTECTING,Field_6,1,IDLE,,1,PROTECTING,Field_8,1,PROTECTING,Field_8,1,PROTECTING,Field_8,1,IDLE,,1,IDLE,,1,IDLE,,1,IDLE,,1,PROTECTING,Field_3,1,IDLE,,1,IDLE,,1,IDLE,,1,IDLE,,1,PROTECTING,Field_7,1,IDLE,,1,IDLE,,1,IDLE,,1,PROTECTING,Field_5,1,PROTECTING,Field_40,1,IDLE,,1,IDLE,,1,IDLE,,1,IDLE,,1,IDLE,,1,IDLE,,1,IDLE,,1,IDLE,,1,IDLE,,1,IDLE,,1,IDLE,,1,IDLE,,1,IDLE,,1,IDLE,,1,IDLE,,1,IDLE,,1,IDLE,,1,IDLE,,1,IDLE,,1,IDLE,,1,IDLE,,1,IDLE,,1,IDLE,,1,IDLE,,1,IDLE,,1,IDLE,,1,IDLE,,1,IDLE,,1,IDLE,,1,IDLE,,1,IDLE,,1,IDLE,,1,IDLE,,1,IDLE,,1,IDLE,,1,IDLE,,1,IDLE,,1,IDLE,,1,IDLE,,46,0.19,1,0,8,23,0.05,1,1,3,22,0.04,1,0,1,0,0.00,1,0,0,3,0.00,1,0,0,137,0.18,3,0,3,63,0.03,1,0,1,41,0.10,5,0,1,22,0.02,0,0,2,21,0.07,0,0,6,10,0.04,0,0,2,11,0.02,0,0,3,8,0.02,0,0,1,75,0.05,0,0,2,72,0.11,0,0,6,29,0.11,0,0,9,52,0.09,0,0,3,27,0.18,0,0,9,28,0.13,0,0,6,3,0.04,0,0,2,20,0.06,0,0,2,6,0.00,0,0,1,1,0.02,0,0,2,41,0.03,0,0,1,10,0.05,0,0,1,10,0.04,0,0,2,22,0.07,0,0,2,14,0.07,0,0,2,4,0.06,0,0,2,19,0.05,0,0,2,3,0.06,0,0,2,19,0.09,0,0,2,24,0.05,0,0,2,6,0.08,0,0,2,31,0.04,0,0,3,10,0.07,0,0,3,13,0.06,0,0,2,8,0.04,0,0,2,22,0.11,0,0,3,45,0.09,2,0,1
163,1023,62,0,16,0,1,0,1,IDLE,,1,PROTECTING,Field_1,1,MOVING_TO_FIELD,Field_2,1,IDLE,,1,IDLE,,1,IDLE,,1,PROTECTING,Field_6,1,IDLE,,1,IDLE,,1,IDLE,,1,IDLE,,1,PROTECTING,Field_2,1,IDLE,,1,PROTECTING,Field_4,1,IDLE,,1,IDLE,,1,PROTECTING,Field_6,1,PROTECTING,Field_40,1,PROTECTING,Field_8,1,PROTECTING,Field_8,1,PROTECTING,Field_6,1,IDLE,,1,PROTECTING,Field_8,1,PROTECTING,Field_8,1,PROTECTING,Field_8,1,IDLE,,1,IDLE,,1,IDLE,,1,IDLE,,1,PROTECTING,Field_3,1,IDLE,,1,IDLE,,1,IDLE,,1,IDLE,,1,PROTECTING,Field_7,1,IDLE,,1,IDLE,,1,IDLE,,1,PROTECTING,Field_5,1,PROTECTING,Field_40,1,IDLE,,1,IDLE,,1,IDLE,,1,IDLE,,1,IDLE,,1,IDLE,,1,IDLE,,1,IDLE,,1,IDLE,,1,IDLE,,1,IDLE,,1,IDLE,,1,IDLE,,1,IDLE,,1,IDLE,,1,IDLE,,1,IDLE,,1,IDLE,,1,IDLE,,1,IDLE,,1,IDLE,,1,IDLE,,1,IDLE,,1,IDLE,,1,IDLE,,1,IDLE,,1,IDLE,,1,IDLE,,1,IDLE,,1,IDLE,,1,IDLE,,1,IDLE,,1,IDLE,,1,IDLE,,1,IDLE,,1,IDLE,,1,IDLE,,1,IDLE,,1,IDLE,,46,0.19,1,0,8,23,0.05,1,1,3,22,0.04,1,0,1,0,0.00,1,0,0,3,0.00,1,0,0,137,0.18,3,0,3,63,0.03,1,0,1,42,0.10,5,0,1,22,0.02,0,0,2,21,0.07,0,0,6,10,0.04,0,0,2,11,0.03,0,0,3,8,0.02,0,0,1,75,0.06,0,0,2,72,0.11,0,0,6,29,0.11,0,0,9,52,0.09,0,0,3,27,0.18,0,0,9,28,0.13,0,0,6,3,0.03,0,0,2,20,0.05,0,0,2,6,0.00,0,0,1,1,0.02,0,0,2,41,0.03,0,0,1,11,0.05,0,0,1,10,0.05,0,0,2,22,0.07,0,0,2,14,0.07,0,0,2,4,0.06,0,0,2,19,0.06,0,0,2,3,0.06,0,0,2,19,0.09,0,0,2,24,0.05,0,0,2,6,0.08,0,0,2,31,0.04,0,0,3,10,0.07,0,0,3,13,0.07,0,0,2,8,0.04,0,0,2,22,0.09,0,0,3,45,0.09,2,0,1
164,1027,62,0,16,0,1,0,1,IDLE,,1,PROTECTING,Field_1,1,MOVING_TO_FIELD,Field_2,1,IDLE,,1,IDLE,,1,IDLE,,1,PROTECTING,Field_6,1,IDLE,,1,IDLE,,1,IDLE,,1,IDLE,,1,PROTECTING,Field_2,1,IDLE,,1,PROTECTING,Field_4,1,IDLE,,1,IDLE,,1,PROTECTING,Field_6,1,PROTECTING,Field_40,1,PROTECTING,Field_8,1,PROTECTING,Field_8,1,PROTECTING,Field_6,1,IDLE,,1,PROTECTING,Field_8,1,PROTECTING,Field_8,1,PROTECTING,Field_8,1,IDLE,,1,IDLE,,1,IDLE,,1,IDLE,,1,PROTECTING,Field_3,1,IDLE,,1,IDLE,,1,IDLE,,1,IDLE,,1,PROTECTING,Field_7,1,IDLE,,1,IDLE,,1,IDLE,,1,PROTECTING,Field_5,1,PROTECTING,Field_40,1,IDLE,,1,IDLE,,1,IDLE,,1,IDLE,,1,IDLE,,1,IDLE,,1,IDLE,,1,IDLE,,1,IDLE,,1,IDLE,,1,IDLE,,1,IDLE,,1,IDLE,,1,IDLE,,1,IDLE,,1,IDLE,,1,IDLE,,1,IDLE,,1,IDLE,,1,IDLE,,1,IDLE,,1,IDLE,,1,IDLE,,1,IDLE,,1,IDLE,,1,IDLE,,1,IDLE,,1,IDLE,,1,IDLE,,1,IDLE,,1,IDLE,,1,IDLE,,1,IDLE,,1,IDLE,,1,IDLE,,1,IDLE,,1,IDLE,,1,IDLE,,1,IDLE,,48,0.18,1,0,8,23,0.04,1,1,3,22,0.05,1,0,1,0,0.00,1,0,0,3,0.00,1,0,0,138,0.18,3,0,3,63,0.03,1,0,1,42,0.10,5,0,1,22,0.03,0,0,2,21,0.07,0,0,6,10,0.04,0,0,2,11,0.02,0,0,3,8,0.02,0,0,1,75,0.06,0,0,2,72,0.13,0,0,6,29,0.09,0,0,9,52,0.09,0,0,3,27,0.18,0,0,9,28,0.14,0,0,6,3,0.03,0,0,2,20,0.05,0,0,2,6,0.00,0,0,1,1,0.02,0,0,2,41,0.03,0,0,1,11,0.05,0,0,1,10,0.06,0,0,2,22,0.07,0,0,2,14,0.09,0,0,2,4,0.06,0,0,2,19,0.06,0,0,2,3,0.06,0,0,2,20,0.12,0,0,2,24,0.09,0,0,2,6,0.10,0,0,2,31,0.02,0,0,3,10,0.09,0,0,3,13,0.08,0,0,2,8,0.05,0,0,2,22,0.09,0,0,3,45,0.09,2,0,1
165,1029,62,0,16,0,1,0,1,IDLE,,1,PROTECTING,Field_1,1,MOVING_TO_FIELD,Field_2,1,IDLE,,1,IDLE,,1,IDLE,,1,PROTECTING,Field_6,1,IDLE,,1,IDLE,,1,IDLE,,1,IDLE,,1,PROTECTING,Field_2,1,IDLE,,1,PROTECTING,Field_4,1,IDLE,,1,IDLE,,1,PROTECTING,Field_6,1,PROTECTING,Field_40,1,PROTECTING,Field_8,1,PROTECTING,Field_8,1,PROTECTING,Field_6,1,IDLE,,1,PROTECTING,Field_8,1,PROTECTING,Field_8,1,PROTECTING,Field_8,1,IDLE,,1,IDLE,,1,IDLE,,1,IDLE,,1,PROTECTING,Field_3,1,IDLE,,1,IDLE,,1,IDLE,,1,IDLE,,1,PROTECTING,Field_7,1,IDLE,,1,IDLE,,1,IDLE,,1,PROTECTING,Field_5,1,PROTECTING,Field_40,1,IDLE,,1,IDLE,,1,IDLE,,1,IDLE,,1,IDLE,,1,IDLE,,1,IDLE,,1,IDLE,,1,IDLE,,1,IDLE,,1,IDLE,,1,IDLE,,1,IDLE,,1,IDLE,,1,IDLE,,1,IDLE,,1,IDLE,,1,IDLE,,1,IDLE,,1,IDLE,,1,IDLE,,1,IDLE,,1,IDLE,,1,IDLE,,1,IDLE,,1,IDLE,,1,IDLE,,1,IDLE,,1,IDLE,,1,IDLE,,1,IDLE,,1,IDLE,,1,IDLE,,1,IDLE,,1,IDLE,,1,IDLE,,1,IDLE,,1,IDLE,,1,IDLE,,49,0.20,1,0,8,23,0.04,1,1,3,22,0.05,1,0,1,0,0.00,1,0,0,3,0.00,1,0,0,138,0.18,3,0,3,63,0.03,1,0,1,43,0.11,5,0,1,22,0.03,0,0,2,21,0.07,0,0,6,10,0.04,0,0,2,11,0.02,0,0,3,8,0.02,0,0,1,75,0.05,0,0,2,72,0.14,0,0,6,29,0.09,0,0,9,52,0.09,0,0,3,27,0.18,0,0,9,28,0.17,0,0,6,3,0.04,0,0,2,20,0.05,0,0,2,6,0.00,0,0,1,1,0.02,0,0,2,41,0.03,0,0,1,11,0.05,0,0,1,10,0.06,0,0,2,22,0.07,0,0,2,14,0.09,0,0,2,4,0.06,0,0,2,19,0.06,0,0,2,3,0.06,0,0,2,20,0.10,0,0,2,24,0.09,0,0,2,6,0.08,0,0,2,31,0.02,0,0,3,10,0.10,0,0,3,13,0.07,0,0,2,8,0.06,0,0,2,22,0.08,0,0,3,45,0.11,2,0,1
166,1031,62,0,16,0,1,0,1,IDLE,,1,PROTECTING,Field_1,1,MOVING_TO_FIELD,Field_2,1,IDLE,,1,IDLE,,1,IDLE,,1,PROTECTING,Field_6,1,IDLE,,1,IDLE,,1,IDLE,,1,IDLE,,1,PROTECTING,Field_2,1,IDLE,,1,PROTECTING,Field_4,1,IDLE,,1,IDLE,,1,PROTECTING,Field_6,1,PROTECTING,Field_40,1,PROTECTING,Field_8,1,PROTECTING,Field_8,1,PROTECTING,Field_6,1,IDLE,,1,PROTECTING,Field_8,1,PROTECTING,Field_8,1,PROTECTING,Field_8,1,IDLE,,1,IDLE,,1,IDLE,,1,IDLE,,1,PROTECTING,Field_3,1,IDLE,,1,IDLE,,1,IDLE,,1,IDLE,,1,PROTECTING,Field_7,1,IDLE,,1,IDLE,,1,IDLE,,1,PROTECTING,Field_5,1,PROTECTING,Field_40,1,IDLE,,1,IDLE,,1,IDLE,,1,IDLE,,1,IDLE,,1,IDLE,,1,IDLE,,1,IDLE,,1,IDLE,,1,IDLE,,1,IDLE,,1,IDLE,,1,IDLE,,1,IDLE,,1,IDLE,,1,IDLE,,1,IDLE,,1,IDLE,,1,IDLE,,1,IDLE,,1,IDLE,,1,IDLE,,1,IDLE,,1,IDLE,,1,IDLE,,1,IDLE,,1,IDLE,,1,IDLE,,1,IDLE,,1,IDLE,,1,IDLE,,1,IDLE,,1,IDLE,,1,IDLE,,1,IDLE,,1,IDLE,,1,IDLE,,1,IDLE,,1,IDLE,,49,0.20,1,0,8,23,0.04,1,1,3,22,0.05,1,0,1,0,0.00,1,0,0,3,0.00,1,0,0,139,0.17,3,0,3,63,0.04,1,0,1,43,0.11,5,0,1,22,0.03,0,0,2,21,0.07,0,0,6,10,0.04,0,0,2,11,0.03,0,0,3,8,0.02,0,0,1,75,0.05,0,0,2,72,0.15,0,0,6,29,0.09,0,0,9,52,0.09,0,0,3,27,0.19,0,0,9,28,0.18,0,0,6,3,0.04,0,0,2,20,0.05,0,0,2,6,0.00,0,0,1,1,0.02,0,0,2,41,0.01,0,0,1,11,0.05,0,0,1,10,0.06,0,0,2,22,0.06,0,0,2,14,0.09,0,0,2,4,0.06,0,0,2,19,0.06,0,0,2,3,0.08,0,0,2,20,0.10,0,0,2,24,0.09,0,0,2,6,0.08,0,0,2,31,0.04,0,0,3,10,0.12,0,0,3,13,0.07,0,0,2,8,0.06,0,0,2,23,0.10,0,0,3,45,0.11,2,0,1
167,1035,62,0,16,0,1,0,1,IDLE,,1,PROTECTING,Field_1,1,MOVING_TO_FIELD,Field_2,1,IDLE,,1,IDLE,,1,IDLE,,1,PROTECTING,Field_6,1,IDLE,,1,IDLE,,1,IDLE,,1,IDLE,,1,PROTECTING,Field_2,1,IDLE,,1,PROTECTING,Field_4,1,IDLE,,1,IDLE,,1,PROTECTING,Field_6,1,PROTECTING,Field_40,1,PROTECTING,Field_8,1,PROTECTING,Field_8,1,PROTECTING,Field_6,1,IDLE,,1,PROTECTING,Field_8,1,PROTECTING,Field_8,1,PROTECTING,Field_8,1,IDLE,,1,IDLE,,1,IDLE,,1,IDLE,,1,PROTECTING,Field_3,1,IDLE,,1,IDLE,,1,IDLE,,1,IDLE,,1,PROTECTING,Field_7,1,IDLE,,1,IDLE,,1,IDLE,,1,PROTECTING,Field_5,1,PROTECTING,Field_40,1,IDLE,,1,IDLE,,1,IDLE,,1,IDLE,,1,IDLE,,1,IDLE,,1,IDLE,,1,IDLE,,1,IDLE,,1,IDLE,,1,IDLE,,1,IDLE,,1,IDLE,,1,IDLE,,1,IDLE,,1,IDLE,,1,IDLE,,1,IDLE,,1,IDLE,,1,IDLE,,1,IDLE,,1,IDLE,,1,IDLE,,1,IDLE,,1,IDLE,,1,IDLE,,1,IDLE,,1,IDLE,,1,IDLE,,1,IDLE,,1,IDLE,,1,IDLE,,1,IDLE,,1,IDLE,,1,IDLE,,1,IDLE,,1,IDLE,,1,IDLE,,1,IDLE,,49,0.19,1,0,8,23,0.04,1,1,3,22,0.05,1,0,1,0,0.00,1,0,0,3,0.00,1,0,0,141,0.18,3,0,3,63,0.04,1,0,1,45,0.11,5,0,1,22,0.03,0,0,2,21,0.07,0,0,6,10,0.04,0,0,2,11,0.03,0,0,3,8,0.02,0,0,1,75,0.03,0,0,2,72,0.15,0,0,6,29,0.08,0,0,9,52,0.09,0,0,3,27,0.19,0,0,9,28,0.18,0,0,6,3,0.03,0,0,2,20,0.05,0,0,2,6,0.00,0,0,1,1,0.02,0,0,2,41,0.01,0,0,1,11,0.04,0,0,1,10,0.05,0,0,2,22,0.05,0,0,2,14,0.09,0,0,2,4,0.06,0,0,2,19,0.06,0,0,2,3,0.08,0,0,2,20,0.10,0,0,2,24,0.09,0,0,2,6,0.08,0,0,2,31,0.04,0,0,3,10,0.12,0,0,3,13,0.07,0,0,2,8,0.07,0,0,2,23,0.08,0,0,3,45,0.11,2,0,1
168,1042,62,0,16,0,1,0,1,IDLE,,1,PROTECTING,Field_1,1,MOVING_TO_FIELD,Field_2,1,IDLE,,1,IDLE,,1,IDLE,,1,PROTECTING,Field_6,1,IDLE,,1,IDLE,,1,IDLE,,1,IDLE,,1,PROTECTING,Field_2,1,IDLE,,1,PROTECTING,Field_4,1,IDLE,,1,IDLE,,1,PROTECTING,Field_6,1,PROTECTING,Field_40,1,PROTECTING,Field_8,1,PROTECTING,Field_8,1,PROTECTING,Field_6,1,IDLE,,1,PROTECTING,Field_8,1,PROTECTING,Field_8,1,PROTECTING,Field_8,1,IDLE,,1,IDLE,,1,IDLE,,1,IDLE,,1,PROTECTING,Field_3,1,IDLE,,1,IDLE,,1,IDLE,,1,IDLE,,1,PROTECTING,Field_7,1,IDLE,,1,IDLE,,1,IDLE,,1,PROTECTING,Field_5,1,PROTECTING,Field_40,1,IDLE,,1,IDLE,,1,IDLE,,1,IDLE,,1,IDLE,,1,IDLE,,1,IDLE,,1,IDLE,,1,IDLE,,1,IDLE,,1,IDLE,,1,IDLE,,1,IDLE,,1,IDLE,,1,IDLE,,1,IDLE,,1,IDLE,,1,IDLE,,1,IDLE,,1,IDLE,,1,IDLE,,1,IDLE,,1,IDLE,,1,IDLE,,1,IDLE,,1,IDLE,,1,IDLE,,1,IDLE,,1,IDLE,,1,IDLE,,1,IDLE,,1,IDLE,,1,IDLE,,1,IDLE,,1,IDLE,,1,IDLE,,1,IDLE,,1,IDLE,,1,IDLE,,49,0.19,1,0,8,23,0.04,1,1,3,22,0.04,1,0,1,0,0.00,1,0,0,3,0.00,1,0,0,145,0.18,3,0,3,63,0.05,1,0,1,45,0.11,5,0,1,22,0.03,0,0,2,21,0.08,0,0,6,10,0.04,0,0,2,11,0.03,0,0,3,8,0.02,0,0,1,75,0.02,0,0,2,73,0.15,0,0,6,29,0.08,0,0,9,52,0.08,0,0,3,27,0.18,0,0,9,28,0.18,0,0,6,3,0.03,0,0,2,20,0.05,0,0,2,6,0.00,0,0,1,1,0.02,0,0,2,41,0.01,0,0,1,11,0.04,0,0,1,10,0.06,0,0,2,22,0.05,0,0,2,14,0.09,0,0,2,4,0.06,0,0,2,19,0.08,0,0,2,3,0.08,0,0,2,21,0.10,0,0,2,24,0.07,0,0,2,6,0.08,0,0,2,31,0.04,0,0,3,10,0.12,0,0,3,14,0.07,0,0,2,8,0.07,0,0,2,23,0.08,0,0,3,45,0.11,2,0,1
169,1043,62,0,16,0,1,0,1,IDLE,,1,PROTECTING,Field_1,1,MOVING_TO_FIELD,Field_2,1,IDLE,,1,IDLE,,1,IDLE,,1,PROTECTING,Field_6,1,IDLE,,1,IDLE,,1,IDLE,,1,IDLE,,1,PROTECTING,Field_2,1,IDLE,,1,PROTECTING,Field_4,1,IDLE,,1,IDLE,,1,PROTECTING,Field_6,1,PROTECTING,Field_40,1,PROTECTING,Field_8,1,PROTECTING,Field_8,1,PROTECTING,Field_6,1,IDLE,,1,PROTECTING,Field_8,1,PROTECTING,Field_8,1,PROTECTING,Field_8,1,IDLE,,1,IDLE,,1,IDLE,,1,IDLE,,1,PROTECTING,Field_3,1,IDLE,,1,IDLE,,1,IDLE,,1,IDLE,,1,PROTECTING,Field_7,1,IDLE,,1,IDLE,,1,IDLE,,1,PROTECTING,Field_5,1,PROTECTING,Field_40,1,IDLE,,1,IDLE,,1,IDLE,,1,IDLE,,1,IDLE,,1,IDLE,,1,IDLE,,1,IDLE,,1,IDLE,,1,IDLE,,1,IDLE,,1,IDLE,,1,IDLE,,1,IDLE,,1,IDLE,,1,IDLE,,1,IDLE,,1,IDLE,,1,IDLE,,1,IDLE,,1,IDLE,,1,IDLE,,1,IDLE,,1,IDLE,,1,IDLE,,1,IDLE,,1,IDLE,,1,IDLE,,1,IDLE,,1,IDLE,,1,IDLE,,1,IDLE,,1,IDLE,,1,IDLE,,1,IDLE,,1,IDLE,,1,IDLE,,1,IDLE,,1,IDLE,,49,0.20,1,0,8,23,0.04,1,1,3,22,0.04,1,0,1,0,0.00,1,0,0,3,0.00,1,0,0,145,0.19,3,0,3,63,0.04,1,0,1,45,0.11,5,0,1,22,0.03,0,0,2,21,0.07,0,0,6,10,0.04,0,0,2,11,0.03,0,0,3,8,0.02,0,0,1,75,0.02,0,0,2,74,0.15,0,0,6,29,0.08,0,0,9,52,0.08,0,0,3,27,0.18,0,0,9,28,0.18,0,0,6,3,0.03,0,0,2,20,0.05,0,0,2,6,0.00,0,0,1,1,0.02,0,0,2,41,0.00,0,0,1,11,0.04,0,0,1,10,0.08,0,0,2,22,0.05,0,0,2,14,0.09,0,0,2,4,0.06,0,0,2,19,0.08,0,0,2,3,0.08,0,0,2,21,0.10,0,0,2,24,0.07,0,0,2,6,0.10,0,0,2,31,0.04,0,0,3,10,0.12,0,0,3,14,0.07,0,0,2,8,0.06,0,0,2,23,0.08,0,0,3,45,0.11,2,0,1
170,1046,62,0,16,0,1,0,1,IDLE,,1,PROTECTING,Field_1,1,MOVING_TO_FIELD,Field_2,1,IDLE,,1,IDLE,,1,IDLE,,1,PROTECTING,Field_6,1,IDLE,,1,IDLE,,1,IDLE,,1,IDLE,,1,PROTECTING,Field_2,1,IDLE,,1,PROTECTING,Field_4,1,IDLE,,1,IDLE,,1,PROTECTING,Field_6,1,PROTECTING,Field_40,1,PROTECTING,Field_8,1,PROTECTING,Field_8,1,PROTECTING,Field_6,1,IDLE,,1,PROTECTING,Field_8,1,PROTECTING,Field_8,1,PROTECTING,Field_8,1,IDLE,,1,IDLE,,1,IDLE,,1,IDLE,,1,PROTECTING,Field_3,1,IDLE,,1,IDLE,,1,IDLE,,1,IDLE,,1,PROTECTING,Field_7,1,IDLE,,1,IDLE,,1,IDLE,,1,PROTECTING,Field_5,1,PROTECTING,Field_40,1,IDLE,,1,IDLE,,1,IDLE,,1,IDLE,,1,IDLE,,1,IDLE,,1,IDLE,,1,IDLE,,1,IDLE,,1,IDLE,,1,IDLE,,1,IDLE,,1,IDLE,,1,IDLE,,1,IDLE,,1,IDLE,,1,IDLE,,1,IDLE,,1,IDLE,,1,IDLE,,1,IDLE,,1,IDLE,,1,IDLE,,1,IDLE,,1,IDLE,,1,IDLE,,1,IDLE,,1,IDLE,,1,IDLE,,1,IDLE,,1,IDLE,,1,IDLE,,1,IDLE,,1,IDLE,,1,IDLE,,1,IDLE,,1,IDLE,,1,IDLE,,1,IDLE,,49,0.22,1,0,8,23,0.04,1,1,3,23,0.04,1,0,1,0,0.00,1,0,0,3,0.00,1,0,0,145,0.18,3,0,3,63,0.04,1,0,1,45,0.11,5,0,1,22,0.03,0,0,2,21,0.07,0,0,6,10,0.03,0,0,2,11,0.04,0,0,3,8,0.02,0,0,1,75,0.02,0,0,2,74,0.15,0,0,6,29,0.08,0,0,9,52,0.08,0,0,3,27,0.18,0,0,9,28,0.18,0,0,6,3,0.03,0,0,2,20,0.06,0,0,2,6,0.00,0,0,1,1,0.02,0,0,2,41,0.01,0,0,1,11,0.04,0,0,1,10,0.08,0,0,2,22,0.07,0,0,2,14,0.07,0,0,2,4,0.06,0,0,2,19,0.08,0,0,2,3,0.08,0,0,2,22,0.10,0,0,2,24,0.07,0,0,2,6,0.10,0,0,2,31,0.04,0,0,3,11,0.14,0,0,3,14,0.07,0,0,2,8,0.05,0,0,2,23,0.07,0,0,3,45,0.11,2,0,1
171,1049,62,0,15,0,2,0,1,IDLE,,1,PROTECTING,Field_1,1,MOVING_TO_FIELD,Field_2,1,IDLE,,1,IDLE,,1,IDLE,,1,PROTECTING,Field_6,1,IDLE,,1,IDLE,,1,MOVING_TO_FIELD,Field_3,1,IDLE,,1,PROTECTING,Field_2,1,IDLE,,1,PROTECTING,Field_4,1,IDLE,,1,IDLE,,1,PROTECTING,Field_6,1,PROTECTING,Field_40,1,PROTECTING,Field_8,1,PROTECTING,Field_8,1,PROTECTING,Field_6,1,IDLE,,1,PROTECTING,Field_8,1,PROTECTING,Field_8,1,PROTECTING,Field_8,1,IDLE,,1,IDLE,,1,IDLE,,1,IDLE,,1,IDLE,,1,IDLE,,1,IDLE,,1,IDLE,,1,IDLE,,1,PROTECTING,Field_7,1,IDLE,,1,IDLE,,1,IDLE,,1,PROTECTING,Field_5,1,PROTECTING,Field_40,1,IDLE,,1,IDLE,,1,IDLE,,1,IDLE,,1,IDLE,,1,IDLE,,1,IDLE,,1,IDLE,,1,IDLE,,1,IDLE,,1,IDLE,,1,IDLE,,1,IDLE,,1,IDLE,,1,IDLE,,1,IDLE,,1,IDLE,,1,IDLE,,1,IDLE,,1,IDLE,,1,IDLE,,1,IDLE,,1,IDLE,,1,IDLE,,1,IDLE,,1,IDLE,,1,IDLE,,1,IDLE,,1,IDLE,,1,IDLE,,1,IDLE,,1,IDLE,,1,IDLE,,1,IDLE,,1,IDLE,,1,IDLE,,1,IDLE,,1,IDLE,,1,IDLE,,49,0.22,1,0,8,23,0.04,1,1,3,23,0.05,0,1,2,0,0.00,1,0,0,3,0.00,1,0,0,146,0.18,3,0,3,63,0.04,1,0,1,46,0.11,5,0,1,22,0.03,0,0,2,21,0.07,0,0,6,10,0.03,0,0,2,11,0.04,0,0,3,8,0.02,0,0,1,75,0.02,0,0,2,74,0.15,0,0,6,29,0.08,0,0,9,52,0.08,0,0,3,27,0.18,0,0,9,28,0.18,0,0,6,3,0.03,0,0,2,20,0.08,0,0,2,6,0.00,0,0,1,1,0.02,0,0,2,41,0.03,0,0,1,11,0.04,0,0,1,10,0.08,0,0,2,22,0.08,0,0,2,14,0.07,0,0,2,5,0.06,0,0,2,19,0.08,0,0,2,3,0.08,0,0,2,22,0.10,0,0,2,24,0.07,0,0,2,6,0.10,0,0,2,31,0.05,0,0,3,11,0.14,0,0,3,14,0.08,0,0,2,8,0.06,0,0,2,23,0.07,0,0,3,45,0.09,2,0,1
172,1054,62,0,15,0,2,0,1,IDLE,,1,PROTECTING,Field_1,1,MOVING_TO_FIELD,Field_2,1,IDLE,,1,IDLE,,1,IDLE,,1,PROTECTING,Field_6,1,IDLE,,1,IDLE,,1,MOVING_TO_FIELD,Field_3,1,IDLE,,1,PROTECTING,Field_2,1,IDLE,,1,PROTECTING,Field_4,1,IDLE,,1,IDLE,,1,PROTECTING,Field_6,1,PROTECTING,Field_40,1,PROTECTING,Field_8,1,PROTECTING,Field_8,1,PROTECTING,Field_6,1,IDLE,,1,PROTECTING,Field_8,1,PROTECTING,Field_8,1,PROTECTING,Field_8,1,IDLE,,1,IDLE,,1,IDLE,,1,IDLE,,1,IDLE,,1,IDLE,,1,IDLE,,1,IDLE,,1,IDLE,,1,PROTECTING,Field_7,1,IDLE,,1,IDLE,,1,IDLE,,1,PROTECTING,Field_5,1,PROTECTING,Field_40,1,IDLE,,1,IDLE,,1,IDLE,,1,IDLE,,1,IDLE,,1,IDLE,,1,IDLE,,1,IDLE,,1,IDLE,,1,IDLE,,1,IDLE,,1,IDLE,,1,IDLE,,1,IDLE,,1,IDLE,,1,IDLE,,1,IDLE,,1,IDLE,,1,IDLE,,1,IDLE,,1,IDLE,,1,IDLE,,1,IDLE,,1,IDLE,,1,IDLE,,1,IDLE,,1,IDLE,,1,IDLE,,1,IDLE,,1,IDLE,,1,IDLE,,1,IDLE,,1,IDLE,,1,IDLE,,1,IDLE,,1,IDLE,,1,IDLE,,1,IDLE,,1,IDLE,,50,0.20,1,0,8,23,0.04,1,1,3,23,0.06,0,1,2,0,0.00,1,0,0,3,0.00,1,0,0,146,0.18,3,0,3,63,0.05,1,0,1,47,0.11,5,0,1,22,0.03,0,0,2,21,0.08,0,0,6,10,0.03,0,0,2,11,0.04,0,0,3,8,0.02,0,0,1,75,0.02,0,0,2,74,0.15,0,0,6,29,0.08,0,0,9,52,0.09,0,0,3,27,0.18,0,0,9,28,0.19,0,0,6,3,0.03,0,0,2,20,0.08,0,0,2,6,0.00,0,0,1,1,0.02,0,0,2,41,0.03,0,0,1,11,0.04,0,0,1,10,0.09,0,0,2,22,0.09,0,0,2,14,0.07,0,0,2,6,0.06,0,0,2,19,0.08,0,0,2,3,0.08,0,0,2,23,0.10,0,0,2,24,0.09,0,0,2,6,0.10,0,0,2,31,0.05,0,0,3,11,0.14,0,0,3,14,0.07,0,0,2,8,0.06,0,0,2,23,0.07,0,0,3,46,0.09,2,0,1
173,1056,62,0,15,0,2,0,1,IDLE,,1,PROTECTING,Field_1,1,MOVING_TO_FIELD,Field_2,1,IDLE,,1,IDLE,,1,IDLE,,1,PROTECTING,Field_6,1,IDLE,,1,IDLE,,1,MOVING_TO_FIELD,Field_3,1,IDLE,,1,PROTECTING,Field_2,1,IDLE,,1,PROTECTING,Field_4,1,IDLE,,1,IDLE,,1,PROTECTING,Field_6,1,PROTECTING,Field_40,1,PROTECTING,Field_8,1,PROTECTING,Field_8,1,PROTECTING,Field_6,1,IDLE,,1,PROTECTING,Field_8,1,PROTECTING,Field_8,1,PROTECTING,Field_8,1,IDLE,,1,IDLE,,1,IDLE,,1,IDLE,,1,IDLE,,1,IDLE,,1,IDLE,,1,IDLE,,1,IDLE,,1,PROTECTING,Field_7,1,IDLE,,1,IDLE,,1,IDLE,,1,PROTECTING,Field_5,1,PROTECTING,Field_40,1,IDLE,,1,IDLE,,1,IDLE,,1,IDLE,,1,IDLE,,1,IDLE,,1,IDLE,,1,IDLE,,1,IDLE,,1,IDLE,,1,IDLE,,1,IDLE,,1,IDLE,,1,IDLE,,1,IDLE,,1,IDLE,,1,IDLE,,1,IDLE,,1,IDLE,,1,IDLE,,1,IDLE,,1,IDLE,,1,IDLE,,1,IDLE,,1,IDLE,,1,IDLE,,1,IDLE,,1,IDLE,,1,IDLE,,1,IDLE,,1,IDLE,,1,IDLE,,1,IDLE,,1,IDLE,,1,IDLE,,1,IDLE,,1,IDLE,,1,IDLE,,1,IDLE,,50,0.22,1,0,8,23,0.04,1,1,3,23,0.06,0,1,2,0,0.00,1,0,0,3,0.00,1,0,0,146,0.16,3,0,3,63,0.05,1,0,1,48,0.09,5,0,1,22,0.02,0,0,2,21,0.07,0,0,6,10,0.03,0,0,2,11,0.04,0,0,3,8,0.02,0,0,1,75,0.02,0,0,2,74,0.15,0,0,6,29,0.07,0,0,9,52,0.11,0,0,3,27,0.19,0,0,9,28,0.19,0,0,6,3,0.03,0,0,2,20,0.08,0,0,2,6,0.00,0,0,1,1,0.00,0,0,2,41,0.04,0,0,1,11,0.04,0,0,1,10,0.10,0,0,2,22,0.09,0,0,2,14,0.07,0,0,2,6,0.06,0,0,2,19,0.08,0,0,2,3,0.08,0,0,2,23,0.09,0,0,2,24,0.07,0,0,2,6,0.10,0,0,2,31,0.05,0,0,3,11,0.14,0,0,3,14,0.07,0,0,2,8,0.07,0,0,2,23,0.07,0,0,3,47,0.09,2,0,1
174,1057,62,0,15,0,2,0,1,IDLE,,1,PROTECTING,Field_1,1,MOVING_TO_FIELD,Field_2,1,IDLE,,1,IDLE,,1,IDLE,,1,PROTECTING,Field_6,1,IDLE,,1,IDLE,,1,MOVING_TO_FIELD,Field_3,1,IDLE,,1,PROTECTING,Field_2,1,IDLE,,1,PROTECTING,Field_4,1,IDLE,,1,IDLE,,1,PROTECTING,Field_6,1,PROTECTING,Field_40,1,PROTECTING,Field_8,1,PROTECTING,Field_8,1,PROTECTING,Field_6,1,IDLE,,1,PROTECTING,Field_8,1,PROTECTING,Field_8,1,PROTECTING,Field_8,1,IDLE,,1,IDLE,,1,IDLE,,1,IDLE,,1,IDLE,,1,IDLE,,1,IDLE,,1,IDLE,,1,IDLE,,1,PROTECTING,Field_7,1,IDLE,,1,IDLE,,1,IDLE,,1,PROTECTING,Field_5,1,PROTECTING,Field_40,1,IDLE,,1,IDLE,,1,IDLE,,1,IDLE,,1,IDLE,,1,IDLE,,1,IDLE,,1,IDLE,,1,IDLE,,1,IDLE,,1,IDLE,,1,IDLE,,1,IDLE,,1,IDLE,,1,IDLE,,1,IDLE,,1,IDLE,,1,IDLE,,1,IDLE,,1,IDLE,,1,IDLE,,1,IDLE,,1,IDLE,,1,IDLE,,1,IDLE,,1,IDLE,,1,IDLE,,1,IDLE,,1,IDLE,,1,IDLE,,1,IDLE,,1,IDLE,,1,IDLE,,1,IDLE,,1,IDLE,,1,IDLE,,1,IDLE,,1,IDLE,,1,IDLE,,50,0.22,1,0,8,23,0.04,1,1,3,23,0.06,0,1,2,0,0.00,1,0,0,3,0.03,1,0,0,146,0.16,3,0,3,63,0.05,1,0,1,48,0.09,5,0,1,22,0.03,0,0,2,21,0.08,0,0,6,10,0.03,0,0,2,11,0.04,0,0,3,8,0.02,0,0,1,75,0.02,0,0,2,74,0.15,0,0,6,29,0.07,0,0,9,52,0.12,0,0,3,27,0.20,0,0,9,28,0.19,0,0,6,3,0.03,0,0,2,20,0.06,0,0,2,6,0.00,0,0,1,1,0.00,0,0,2,41,0.03,0,0,1,11,0.04,0,0,1,10,0.10,0,0,2,22,0.09,0,0,2,14,0.07,0,0,2,7,0.06,0,0,2,19,0.08,0,0,2,3,0.08,0,0,2,23,0.09,0,0,2,24,0.07,0,0,2,6,0.10,0,0,2,31,0.05,0,0,3,11,0.10,0,0,3,14,0.07,0,0,2,8,0.07,0,0,2,23,0.08,0,0,3,47,0.09,2,0,1
175,1059,62,0,15,0,2,0,1,IDLE,,1,PROTECTING,Field_1,1,MOVING_TO_FIELD,Field_2,1,IDLE,,1,IDLE,,1,IDLE,,1,PROTECTING,Field_6,1,IDLE,,1,IDLE,,1,MOVING_TO_FIELD,Field_3,1,IDLE,,1,PROTECTING,Field_2,1,IDLE,,1,PROTECTING,Field_4,1,IDLE,,1,IDLE,,1,PROTECTING,Field_6,1,PROTECTING,Field_40,1,PROTECTING,Field_8,1,PROTECTING,Field_8,1,PROTECTING,Field_6,1,IDLE,,1,PROTECTING,Field_8,1,PROTECTING,Field_8,1,PROTECTING,Field_8,1,IDLE,,1,IDLE,,1,IDLE,,1,IDLE,,1,IDLE,,1,IDLE,,1,IDLE,,1,IDLE,,1,IDLE,,1,PROTECTING,Field_7,1,IDLE,,1,IDLE,,1,IDLE,,1,PROTECTING,Field_5,1,PROTECTING,Field_40,1,IDLE,,1,IDLE,,1,IDLE,,1,IDLE,,1,IDLE,,1,IDLE,,1,IDLE,,1,IDLE,,1,IDLE,,1,IDLE,,1,IDLE,,1,IDLE,,1,IDLE,,1,IDLE,,1,IDLE,,1,IDLE,,1,IDLE,,1,IDLE,,1,IDLE,,1,IDLE,,1,IDLE,,1,IDLE,,1,IDLE,,1,IDLE,,1,IDLE,,1,IDLE,,1,IDLE,,1,IDLE,,1,IDLE,,1,IDLE,,1,IDLE,,1,IDLE,,1,IDLE,,1,IDLE,,1,IDLE,,1,IDLE,,1,IDLE,,1,IDLE,,1,IDLE,,50,0.21,1,0,8,23,0.05,1,1,3,23,0.06,0,1,2,0,0.00,1,0,0,3,0.03,1,0,0,146,0.16,3,0,3,63,0.05,1,0,1,48,0.09,5,0,1,22,0.03,0,0,2,21,0.08,0,0,6,10,0.03,0,0,2,11,0.04,0,0,3,8,0.02,0,0,1,75,0.03,0,0,2,74,0.17,0,0,6,29,0.07,0,0,9,52,0.11,0,0,3,27,0.19,0,0,9,28,0.19,0,0,6,3,0.03,0,0,2,20,0.06,0,0,2,6,0.00,0,0,1,1,0.00,0,0,2,41,0.03,0,0,1,11,0.04,0,0,1,11,0.09,0,0,2,22,0.10,0,0,2,14,0.07,0,0,2,7,0.06,0,0,2,19,0.08,0,0,2,3,0.08,0,0,2,23,0.10,0,0,2,24,0.07,0,0,2,7,0.08,0,0,2,31,0.05,0,0,3,11,0.09,0,0,3,14,0.06,0,0,2,8,0.06,0,0,2,23,0.08,0,0,3,47,0.09,2,0,1
176,1062,62,0,15,0,2,0,1,IDLE,,1,PROTECTING,Field_1,1,MOVING_TO_FIELD,Field_2,1,IDLE,,1,IDLE,,1,IDLE,,1,PROTECTING,Field_6,1,IDLE,,1,IDLE,,1,MOVING_TO_FIELD,Field_3,1,IDLE,,1,PROTECTING,Field_2,1,IDLE,,1,PROTECTING,Field_4,1,IDLE,,1,IDLE,,1,PROTECTING,Field_6,1,PROTECTING,Field_40,1,PROTECTING,Field_8,1,PROTECTING,Field_8,1,PROTECTING,Field_6,1,IDLE,,1,PROTECTING,Field_8,1,PROTECTING,Field_8,1,PROTECTING,Field_8,1,IDLE,,1,IDLE,,1,IDLE,,1,IDLE,,1,IDLE,,1,IDLE,,1,IDLE,,1,IDLE,,1,IDLE,,1,PROTECTING,Field_7,1,IDLE,,1,IDLE,,1,IDLE,,1,PROTECTING,Field_5,1,PROTECTING,Field_40,1,IDLE,,1,IDLE,,1,IDLE,,1,IDLE,,1,IDLE,,1,IDLE,,1,IDLE,,1,IDLE,,1,IDLE,,1,IDLE,,1,IDLE,,1,IDLE,,1,IDLE,,1,IDLE,,1,IDLE,,1,IDLE,,1,IDLE,,1,IDLE,,1,IDLE,,1,IDLE,,1,IDLE,,1,IDLE,,1,IDLE,,1,IDLE,,1,IDLE,,1,IDLE,,1,IDLE,,1,IDLE,,1,IDLE,,1,IDLE,,1,IDLE,,1,IDLE,,1,IDLE,,1,IDLE,,1,IDLE,,1,IDLE,,1,IDLE,,1,IDLE,,1,IDLE,,51,0.21,1,0,8,23,0.06,1,1,3,23,0.06,0,1,2,0,0.00,1,0,0,3,0.03,1,0,0,146,0.16,3,0,3,63,0.05,1,0,1,50,0.08,5,0,1,22,0.02,0,0,2,21,0.06,0,0,6,10,0.03,0,0,2,11,0.04,0,0,3,8,0.02,0,0,1,75,0.02,0,0,2,74,0.17,0,0,6,29,0.08,0,0,9,52,0.12,0,0,3,27,0.19,0,0,9,28,0.19,0,0,6,3,0.01,0,0,2,20,0.06,0,0,2,6,0.00,0,0,1,1,0.00,0,0,2,41,0.03,0,0,1,11,0.04,0,0,1,11,0.09,0,0,2,22,0.09,0,0,2,14,0.07,0,0,2,7,0.06,0,0,2,19,0.06,0,0,2,3,0.08,0,0,2,23,0.12,0,0,2,24,0.07,0,0,2,7,0.08,0,0,2,31,0.06,0,0,3,11,0.09,0,0,3,14,0.06,0,0,2,8,0.07,0,0,2,23,0.07,0,0,3,47,0.09,2,0,1
177,1062,62,0,15,0,2,0,1,IDLE,,1,PROTECTING,Field_1,1,MOVING_TO_FIELD,Field_2,1,IDLE,,1,IDLE,,1,IDLE,,1,PROTECTING,Field_6,1,IDLE,,1,IDLE,,1,MOVING_TO_FIELD,Field_3,1,IDLE,,1,PROTECTING,Field_2,1,IDLE,,1,PROTECTING,Field_4,1,IDLE,,1,IDLE,,1,PROTECTING,Field_6,1,PROTECTING,Field_40,1,PROTECTING,Field_8,1,PROTECTING,Field_8,1,PROTECTING,Field_6,1,IDLE,,1,PROTECTING,Field_8,1,PROTECTING,Field_8,1,PROTECTING,Field_8,1,IDLE,,1,IDLE,,1,IDLE,,1,IDLE,,1,IDLE,,1,IDLE,,1,IDLE,,1,IDLE,,1,IDLE,,1,PROTECTING,Field_7,1,IDLE,,1,IDLE,,1,IDLE,,1,PROTECTING,Field_5,1,PROTECTING,Field_40,1,IDLE,,1,IDLE,,1,IDLE,,1,IDLE,,1,IDLE,,1,IDLE,,1,IDLE,,1,IDLE,,1,IDLE,,1,IDLE,,1,IDLE,,1,IDLE,,1,IDLE,,1,IDLE,,1,IDLE,,1,IDLE,,1,IDLE,,1,IDLE,,1,IDLE,,1,IDLE,,1,IDLE,,1,IDLE,,1,IDLE,,1,IDLE,,1,IDLE,,1,IDLE,,1,IDLE,,1,IDLE,,1,IDLE,,1,IDLE,,1,IDLE,,1,IDLE,,1,IDLE,,1,IDLE,,1,IDLE,,1,IDLE,,1,IDLE,,1,IDLE,,1,IDLE,,51,0.21,1,0,8,23,0.05,1,1,3,23,0.08,0,1,2,0,0.00,1,0,0,3,0.03,1,0,0,146,0.16,3,0,3,63,0.05,1,0,1,50,0.08,5,0,1,22,0.02,0,0,2,21,0.06,0,0,6,10,0.03,0,0,2,11,0.04,0,0,3,8,0.02,0,0,1,75,0.02,0,0,2,74,0.17,0,0,6,29,0.08,0,0,9,52,0.12,0,0,3,27,0.19,0,0,9,28,0.21,0,0,6,3,0.01,0,0,2,20,0.06,0,0,2,6,0.00,0,0,1,1,0.00,0,0,2,41,0.03,0,0,1,11,0.04,0,0,1,11,0.09,0,0,2,22,0.09,0,0,2,14,0.07,0,0,2,7,0.05,0,0,2,19,0.05,0,0,2,3,0.08,0,0,2,23,0.12,0,0,2,24,0.07,0,0,2,7,0.07,0,0,2,31,0.06,0,0,3,11,0.09,0,0,3,14,0.07,0,0,2,8,0.07,0,0,2,23,0.07,0,0,3,47,0.09,2,0,1
178,1065,62,0,15,0,2,0,1,IDLE,,1,PROTECTING,Field_1,1,MOVING_TO_FIELD,Field_2,1,IDLE,,1,IDLE,,1,IDLE,,1,PROTECTING,Field_6,1,IDLE,,1,IDLE,,1,MOVING_TO_FIELD,Field_3,1,IDLE,,1,PROTECTING,Field_2,1,IDLE,,1,PROTECTING,Field_4,1,IDLE,,1,IDLE,,1,PROTECTING,Field_6,1,PROTECTING,Field_40,1,PROTECTING,Field_8,1,PROTECTING,Field_8,1,PROTECTING,Field_6,1,IDLE,,1,PROTECTING,Field_8,1,PROTECTING,Field_8,1,PROTECTING,Field_8,1,IDLE,,1,IDLE,,1,IDLE,,1,IDLE,,1,IDLE,,1,IDLE,,1,IDLE,,1,IDLE,,1,IDLE,,1,PROTECTING,Field_7,1,IDLE,,1,IDLE,,1,IDLE,,1,PROTECTING,Field_5,1,PROTECTING,Field_40,1,IDLE,,1,IDLE,,1,IDLE,,1,IDLE,,1,IDLE,,1,IDLE,,1,IDLE,,1,IDLE,,1,IDLE,,1,IDLE,,1,IDLE,,1,IDLE,,1,IDLE,,1,IDLE,,1,IDLE,,1,IDLE,,1,IDLE,,1,IDLE,,1,IDLE,,1,IDLE,,1,IDLE,,1,IDLE,,1,IDLE,,1,IDLE,,1,IDLE,,1,IDLE,,1,IDLE,,1,IDLE,,1,IDLE,,1,IDLE,,1,IDLE,,1,IDLE,,1,IDLE,,1,IDLE,,1,IDLE,,1,IDLE,,1,IDLE,,1,IDLE,,1,IDLE,,51,0.20,1,0,8,23,0.05,1,1,3,23,0.06,0,1,2,0,0.00,1,0,0,3,0.03,1,0,0,147,0.16,3,0,3,64,0.05,1,0,1,50,0.08,5,0,1,22,0.02,0,0,2,21,0.06,0,0,6,10,0.04,0,0,2,11,0.04,0,0,3,8,0.02,0,0,1,75,0.02,0,0,2,74,0.17,0,0,6,29,0.08,0,0,9,52,0.11,0,0,3,28,0.19,0,0,9,28,0.21,0,0,6,3,0.01,0,0,2,20,0.08,0,0,2,6,0.00,0,0,1,1,0.00,0,0,2,41,0.03,0,0,1,11,0.04,0,0,1,11,0.09,0,0,2,22,0.07,0,0,2,14,0.04,0,0,2,7,0.05,0,0,2,19,0.05,0,0,2,3,0.06,0,0,2,23,0.09,0,0,2,24,0.05,0,0,2,7,0.07,0,0,2,31,0.06,0,0,3,11,0.10,0,0,3,14,0.07,0,0,2,8,0.07,0,0,2,23,0.07,0,0,3,47,0.09,2,0,1
179,1066,62,0,15,0,2,0,1,IDLE,,1,PROTECTING,Field_1,1,MOVING_TO_FIELD,Field_2,1,IDLE,,1,IDLE,,1,IDLE,,1,PROTECTING,Field_6,1,IDLE,,1,IDLE,,1,MOVING_TO_FIELD,Field_3,1,IDLE,,1,PROTECTING,Field_2,1,IDLE,,1,PROTECTING,Field_4,1,IDLE,,1,IDLE,,1,PROTECTING,Field_6,1,PROTECTING,Field_40,1,PROTECTING,Field_8,1,PROTECTING,Field_8,1,PROTECTING,Field_6,1,IDLE,,1,PROTECTING,Field_8,1,PROTECTING,Field_8,1,PROTECTING,Field_8,1,IDLE,,1,IDLE,,1,IDLE,,1,IDLE,,1,IDLE,,1,IDLE,,1,IDLE,,1,IDLE,,1,IDLE,,1,PROTECTING,Field_7,1,IDLE,,1,IDLE,,1,IDLE,,1,PROTECTING,Field_5,1,PROTECTING,Field_40,1,IDLE,,1,IDLE,,1,IDLE,,1,IDLE,,1,IDLE,,1,IDLE,,1,IDLE,,1,IDLE,,1,IDLE,,1,IDLE,,1,IDLE,,1,IDLE,,1,IDLE,,1,IDLE,,1,IDLE,,1,IDLE,,1,IDLE,,1,IDLE,,1,IDLE,,1,IDLE,,1,IDLE,,1,IDLE,,1,IDLE,,1,IDLE,,1,IDLE,,1,IDLE,,1,IDLE,,1,IDLE,,1,IDLE,,1,IDLE,,1,IDLE,,1,IDLE,,1,IDLE,,1,IDLE,,1,IDLE,,1,IDLE,,1,IDLE,,1,IDLE,,1,IDLE,,51,0.21,1,0,8,23,0.05,1,1,3,23,0.06,0,1,2,0,0.00,1,0,0,3,0.03,1,0,0,147,0.16,3,0,3,64,0.06,1,0,1,50,0.08,5,0,1,22,0.02,0,0,2,21,0.07,0,0,6,10,0.04,0,0,2,11,0.04,0,0,3,8,0.02,0,0,1,75,0.03,0,0,2,74,0.17,0,0,6,29,0.09,0,0,9,53,0.12,0,0,3,28,0.19,0,0,9,28,0.21,0,0,6,3,0.01,0,0,2,20,0.08,0,0,2,6,0.00,0,0,1,1,0.00,0,0,2,41,0.01,0,0,1,11,0.04,0,0,1,11,0.06,0,0,2,22,0.06,0,0,2,14,0.04,0,0,2,7,0.06,0,0,2,19,0.05,0,0,2,3,0.06,0,0,2,23,0.09,0,0,2,24,0.07,0,0,2,7,0.07,0,0,2,31,0.05,0,0,3,11,0.09,0,0,3,14,0.07,0,0,2,8,0.06,0,0,2,23,0.08,0,0,3,47,0.09,2,0,1
180,1070,62,0,15,0,2,0,1,IDLE,,1,PROTECTING,Field_1,1,MOVING_TO_FIELD,Field_2,1,IDLE,,1,IDLE,,1,IDLE,,1,PROTECTING,Field_6,1,IDLE,,1,IDLE,,1,MOVING_TO_FIELD,Field_3,1,IDLE,,1,PROTECTING,Field_2,1,IDLE,,1,PROTECTING,Field_4,1,IDLE,,1,IDLE,,1,PROTECTING,Field_6,1,PROTECTING,Field_40,1,PROTECTING,Field_8,1,PROTECTING,Field_8,1,PROTECTING,Field_6,1,IDLE,,1,PROTECTING,Field_8,1,PROTECTING,Field_8,1,PROTECTING,Field_8,1,IDLE,,1,IDLE,,1,IDLE,,1,IDLE,,1,IDLE,,1,IDLE,,1,IDLE,,1,IDLE,,1,IDLE,,1,PROTECTING,Field_7,1,IDLE,,1,IDLE,,1,IDLE,,1,PROTECTING,Field_5,1,PROTECTING,Field_40,1,IDLE,,1,IDLE,,1,IDLE,,1,IDLE,,1,IDLE,,1,IDLE,,1,IDLE,,1,IDLE,,1,IDLE,,1,IDLE,,1,IDLE,,1,IDLE,,1,IDLE,,1,IDLE,,1,IDLE,,1,IDLE,,1,IDLE,,1,IDLE,,1,IDLE,,1,IDLE,,1,IDLE,,1,IDLE,,1,IDLE,,1,IDLE,,1,IDLE,,1,IDLE,,1,IDLE,,1,IDLE,,1,IDLE,,1,IDLE,,1,IDLE,,1,IDLE,,1,IDLE,,1,IDLE,,1,IDLE,,1,IDLE,,1,IDLE,,1,IDLE,,1,IDLE,,51,0.21,1,0,8,23,0.05,1,1,3,23,0.08,0,1,2,0,0.00,1,0,0,3,0.03,1,0,0,148,0.14,3,0,3,64,0.06,1,0,1,50,0.08,5,0,1,22,0.02,0,0,2,21,0.07,0,0,6,10,0.04,0,0,2,11,0.03,0,0,3,8,0.02,0,0,1,75,0.05,0,0,2,74,0.16,0,0,6,29,0.11,0,0,9,53,0.11,0,0,3,28,0.19,0,0,9,29,0.21,0,0,6,3,0.03,0,0,2,20,0.08,0,0,2,6,0.00,0,0,1,1,0.00,0,0,2,41,0.03,0,0,1,11,0.04,0,0,1,11,0.06,0,0,2,22,0.06,0,0,2,14,0.04,0,0,2,7,0.06,0,0,2,19,0.05,0,0,2,3,0.06,0,0,2,23,0.09,0,0,2,24,0.07,0,0,2,7,0.07,0,0,2,31,0.05,0,0,3,11,0.09,0,0,3,15,0.07,0,0,2,9,0.05,0,0,2,23,0.08,0,0,3,47,0.09,2,0,1
181,1071,62,0,15,0,2,0,1,IDLE,,1,PROTECTING,Field_1,1,MOVING_TO_FIELD,Field_2,1,IDLE,,1,IDLE,,1,IDLE,,1,PROTECTING,Field_6,1,IDLE,,1,IDLE,,1,MOVING_TO_FIELD,Field_3,1,IDLE,,1,PROTECTING,Field_2,1,IDLE,,1,PROTECTING,Field_4,1,IDLE,,1,IDLE,,1,PROTECTING,Field_6,1,PROTECTING,Field_40,1,PROTECTING,Field_8,1,PROTECTING,Field_8,1,PROTECTING,Field_6,1,IDLE,,1,PROTECTING,Field_8,1,PROTECTING,Field_8,1,PROTECTING,Field_8,1,IDLE,,1,IDLE,,1,IDLE,,1,IDLE,,1,IDLE,,1,IDLE,,1,IDLE,,1,IDLE,,1,IDLE,,1,PROTECTING,Field_7,1,IDLE,,1,IDLE,,1,IDLE,,1,PROTECTING,Field_5,1,PROTECTING,Field_40,1,IDLE,,1,IDLE,,1,IDLE,,1,IDLE,,1,IDLE,,1,IDLE,,1,IDLE,,1,IDLE,,1,IDLE,,1,IDLE,,1,IDLE,,1,IDLE,,1,IDLE,,1,IDLE,,1,IDLE,,1,IDLE,,1,IDLE,,1,IDLE,,1,IDLE,,1,IDLE,,1,IDLE,,1,IDLE,,1,IDLE,,1,IDLE,,1,IDLE,,1,IDLE,,1,IDLE,,1,IDLE,,1,IDLE,,1,IDLE,,1,IDLE,,1,IDLE,,1,IDLE,,1,IDLE,,1,IDLE,,1,IDLE,,1,IDLE,,1,IDLE,,1,IDLE,,51,0.20,1,0,8,23,0.05,1,1,3,23,0.06,0,1,2,0,0.00,1,0,0,3,0.00,1,0,0,148,0.14,3,0,3,64,0.06,1,0,1,50,0.08,5,0,1,22,0.02,0,0,2,21,0.08,0,0,6,10,0.04,0,0,2,11,0.03,0,0,3,8,0.03,0,0,1,75,0.05,0,0,2,75,0.16,0,0,6,29,0.12,0,0,9,53,0.10,0,0,3,28,0.17,0,0,9,29,0.21,0,0,6,3,0.03,0,0,2,20,0.06,0,0,2,6,0.00,0,0,1,1,0.00,0,0,2,41,0.03,0,0,1,11,0.04,0,0,1,11,0.05,0,0,2,22,0.05,0,0,2,14,0.04,0,0,2,7,0.06,0,0,2,19,0.05,0,0,2,3,0.06,0,0,2,23,0.10,0,0,2,24,0.07,0,0,2,7,0.07,0,0,2,31,0.05,0,0,3,11,0.09,0,0,3,15,0.07,0,0,2,9,0.05,0,0,2,23,0.08,0,0,3,47,0.09,2,0,1
182,1075,62,0,15,0,2,0,1,IDLE,,1,PROTECTING,Field_1,1,MOVING_TO_FIELD,Field_2,1,IDLE,,1,IDLE,,1,IDLE,,1,PROTECTING,Field_6,1,IDLE,,1,IDLE,,1,MOVING_TO_FIELD,Field_3,1,IDLE,,1,PROTECTING,Field_2,1,IDLE,,1,PROTECTING,Field_4,1,IDLE,,1,IDLE,,1,PROTECTING,Field_6,1,PROTECTING,Field_40,1,PROTECTING,Field_8,1,PROTECTING,Field_8,1,PROTECTING,Field_6,1,IDLE,,1,PROTECTING,Field_8,1,PROTECTING,Field_8,1,PROTECTING,Field_8,1,IDLE,,1,IDLE,,1,IDLE,,1,IDLE,,1,IDLE,,1,IDLE,,1,IDLE,,1,IDLE,,1,IDLE,,1,PROTECTING,Field_7,1,IDLE,,1,IDLE,,1,IDLE,,1,PROTECTING,Field_5,1,PROTECTING,Field_40,1,IDLE,,1,IDLE,,1,IDLE,,1,IDLE,,1,IDLE,,1,IDLE,,1,IDLE,,1,IDLE,,1,IDLE,,1,IDLE,,1,IDLE,,1,IDLE,,1,IDLE,,1,IDLE,,1,IDLE,,1,IDLE,,1,IDLE,,1,IDLE,,1,IDLE,,1,IDLE,,1,IDLE,,1,IDLE,,1,IDLE,,1,IDLE,,1,IDLE,,1,IDLE,,1,IDLE,,1,IDLE,,1,IDLE,,1,IDLE,,1,IDLE,,1,IDLE,,1,IDLE,,1,IDLE,,1,IDLE,,1,IDLE,,1,IDLE,,1,IDLE,,1,IDLE,,51,0.19,1,0,8,23,0.05,1,1,3,23,0.06,0,1,2,0,0.00,1,0,0,3,0.00,1,0,0,148,0.13,3,0,3,64,0.06,1,0,1,52,0.08,5,0,1,22,0.02,0,0,2,21,0.08,0,0,6,10,0.04,0,0,2,11,0.04,0,0,3,8,0.03,0,0,1,75,0.05,0,0,2,75,0.16,0,0,6,29,0.12,0,0,9,53,0.08,0,0,3,28,0.18,0,0,9,30,0.21,0,0,6,3,0.03,0,0,2,20,0.06,0,0,2,6,0.02,0,0,1,1,0.00,0,0,2,41,0.03,0,0,1,11,0.05,0,0,1,11,0.05,0,0,2,22,0.05,0,0,2,14,0.02,0,0,2,7,0.06,0,0,2,19,0.05,0,0,2,3,0.06,0,0,2,23,0.09,0,0,2,24,0.07,0,0,2,7,0.07,0,0,2,31,0.05,0,0,3,11,0.09,0,0,3,16,0.07,0,0,2,9,0.05,0,0,2,23,0.08,0,0,3,47,0.09,2,0,1
183,1077,62,0,15,0,2,0,1,IDLE,,1,PROTECTING,Field_1,1,MOVING_TO_FIELD,Field_2,1,IDLE,,1,IDLE,,1,IDLE,,1,PROTECTING,Field_6,1,IDLE,,1,IDLE,,1,MOVING_TO_FIELD,Field_3,1,IDLE,,1,PROTECTING,Field_2,1,IDLE,,1,PROTECTING,Field_4,1,IDLE,,1,IDLE,,1,PROTECTING,Field_6,1,PROTECTING,Field_40,1,PROTECTING,Field_8,1,PROTECTING,Field_8,1,PROTECTING,Field_6,1,IDLE,,1,PROTECTING,Field_8,1,PROTECTING,Field_8,1,PROTECTING,Field_8,1,IDLE,,1,IDLE,,1,IDLE,,1,IDLE,,1,IDLE,,1,IDLE,,1,IDLE,,1,IDLE,,1,IDLE,,1,PROTECTING,Field_7,1,IDLE,,1,IDLE,,1,IDLE,,1,PROTECTING,Field_5,1,PROTECTING,Field_40,1,IDLE,,1,IDLE,,1,IDLE,,1,IDLE,,1,IDLE,,1,IDLE,,1,IDLE,,1,IDLE,,1,IDLE,,1,IDLE,,1,IDLE,,1,IDLE,,1,IDLE,,1,IDLE,,1,IDLE,,1,IDLE,,1,IDLE,,1,IDLE,,1,IDLE,,1,IDLE,,1,IDLE,,1,IDLE,,1,IDLE,,1,IDLE,,1,IDLE,,1,IDLE,,1,IDLE,,1,IDLE,,1,IDLE,,1,IDLE,,1,IDLE,,1,IDLE,,1,IDLE,,1,IDLE,,1,IDLE,,1,IDLE,,1,IDLE,,1,IDLE,,1,IDLE,,51,0.18,1,0,8,23,0.05,1,1,3,23,0.08,0,1,2,0,0.00,1,0,0,3,0.00,1,0,0,148,0.14,3,0,3,64,0.06,1,0,1,52,0.08,5,0,1,22,0.02,0,0,2,22,0.08,0,0,6,10,0.04,0,0,2,11,0.04,0,0,3,8,0.03,0,0,1,75,0.05,0,0,2,75,0.15,0,0,6,29,0.13,0,0,9,53,0.08,0,0,3,28,0.17,0,0,9,31,0.21,0,0,6,3,0.03,0,0,2,20,0.06,0,0,2,6,0.02,0,0,1,1,0.00,0,0,2,41,0.03,0,0,1,11,0.05,0,0,1,11,0.06,0,0,2,22,0.05,0,0,2,14,0.02,0,0,2,7,0.06,0,0,2,19,0.04,0,0,2,3,0.06,0,0,2,23,0.09,0,0,2,24,0.09,0,0,2,7,0.07,0,0,2,31,0.05,0,0,3,11,0.09,0,0,3,16,0.07,0,0,2,9,0.05,0,0,2,23,0.09,0,0,3,47,0.09,2,0,1
184,1080,62,0,15,0,2,0,1,IDLE,,1,PROTECTING,Field_1,1,MOVING_TO_FIELD,Field_2,1,IDLE,,1,IDLE,,1,IDLE,,1,PROTECTING,Field_6,1,IDLE,,1,IDLE,,1,MOVING_TO_FIELD,Field_3,1,IDLE,,1,PROTECTING,Field_2,1,IDLE,,1,PROTECTING,Field_4,1,IDLE,,1,IDLE,,1,PROTECTING,Field_6,1,PROTECTING,Field_40,1,PROTECTING,Field_8,1,PROTECTING,Field_8,1,PROTECTING,Field_6,1,IDLE,,1,PROTECTING,Field_8,1,PROTECTING,Field_8,1,PROTECTING,Field_8,1,IDLE,,1,IDLE,,1,IDLE,,1,IDLE,,1,IDLE,,1,IDLE,,1,IDLE,,1,IDLE,,1,IDLE,,1,PROTECTING,Field_7,1,IDLE,,1,IDLE,,1,IDLE,,1,PROTECTING,Field_5,1,PROTECTING,Field_40,1,IDLE,,1,IDLE,,1,IDLE,,1,IDLE,,1,IDLE,,1,IDLE,,1,IDLE,,1,IDLE,,1,IDLE,,1,IDLE,,1,IDLE,,1,IDLE,,1,IDLE,,1,IDLE,,1,IDLE,,1,IDLE,,1,IDLE,,1,IDLE,,1,IDLE,,1,IDLE,,1,IDLE,,1,IDLE,,1,IDLE,,1,IDLE,,1,IDLE,,1,IDLE,,1,IDLE,,1,IDLE,,1,IDLE,,1,IDLE,,1,IDLE,,1,IDLE,,1,IDLE,,1,IDLE,,1,IDLE,,1,IDLE,,1,IDLE,,1,IDLE,,1,IDLE,,51,0.18,1,0,8,23,0.05,1,1,3,23,0.09,0,1,2,0,0.00,1,0,0,3,0.00,1,0,0,148,0.14,3,0,3,64,0.06,1,0,1,52,0.07,5,0,1,22,0.02,0,0,2,22,0.06,0,0,6,10,0.04,0,0,2,11,0.05,0,0,3,8,0.03,0,0,1,75,0.05,0,0,2,76,0.15,0,0,6,29,0.13,0,0,9,53,0.06,0,0,3,28,0.15,0,0,9,31,0.22,0,0,6,3,0.03,0,0,2,20,0.06,0,0,2,6,0.02,0,0,1,1,0.00,0,0,2,41,0.04,0,0,1,11,0.05,0,0,1,11,0.08,0,0,2,22,0.06,0,0,2,14,0.02,0,0,2,7,0.06,0,0,2,19,0.04,0,0,2,3,0.06,0,0,2,23,0.09,0,0,2,24,0.09,0,0,2,7,0.07,0,0,2,31,0.05,0,0,3,11,0.09,0,0,3,16,0.07,0,0,2,9,0.04,0,0,2,23,0.09,0,0,3,49,0.09,2,0,1
185,1082,62,0,15,0,2,0,1,IDLE,,1,PROTECTING,Field_1,1,MOVING_TO_FIELD,Field_2,1,IDLE,,1,IDLE,,1,IDLE,,1,PROTECTING,Field_6,1,IDLE,,1,IDLE,,1,MOVING_TO_FIELD,Field_3,1,IDLE,,1,PROTECTING,Field_2,1,IDLE,,1,PROTECTING,Field_4,1,IDLE,,1,IDLE,,1,PROTECTING,Field_6,1,PROTECTING,Field_40,1,PROTECTING,Field_8,1,PROTECTING,Field_8,1,PROTECTING,Field_6,1,IDLE,,1,PROTECTING,Field_8,1,PROTECTING,Field_8,1,PROTECTING,Field_8,1,IDLE,,1,IDLE,,1,IDLE,,1,IDLE,,1,IDLE,,1,IDLE,,1,IDLE,,1,IDLE,,1,IDLE,,1,PROTECTING,Field_7,1,IDLE,,1,IDLE,,1,IDLE,,1,PROTECTING,Field_5,1,PROTECTING,Field_40,1,IDLE,,1,IDLE,,1,IDLE,,1,IDLE,,1,IDLE,,1,IDLE,,1,IDLE,,1,IDLE,,1,IDLE,,1,IDLE,,1,IDLE,,1,IDLE,,1,IDLE,,1,IDLE,,1,IDLE,,1,IDLE,,1,IDLE,,1,IDLE,,1,IDLE,,1,IDLE,,1,IDLE,,1,IDLE,,1,IDLE,,1,IDLE,,1,IDLE,,1,IDLE,,1,IDLE,,1,IDLE,,1,IDLE,,1,IDLE,,1,IDLE,,1,IDLE,,1,IDLE,,1,IDLE,,1,IDLE,,1,IDLE,,1,IDLE,,1,IDLE,,1,IDLE,,51,0.17,1,0,8,23,0.06,1,1,3,23,0.08,0,1,2,0,0.00,1,0,0,3,0.00,1,0,0,148,0.14,3,0,3,64,0.05,1,0,1,53,0.06,5,0,1,22,0.02,0,0,2,22,0.05,0,0,6,10,0.03,0,0,2,11,0.05,0,0,3,8,0.03,0,0,1,75,0.03,0,0,2,76,0.16,0,0,6,29,0.13,0,0,9,53,0.06,0,0,3,28,0.16,0,0,9,31,0.22,0,0,6,3,0.03,0,0,2,20,0.08,0,0,2,6,0.02,0,0,1,1,0.02,0,0,2,41,0.04,0,0,1,11,0.07,0,0,1,11,0.09,0,0,2,22,0.05,0,0,2,14,0.02,0,0,2,7,0.06,0,0,2,19,0.05,0,0,2,3,0.06,0,0,2,24,0.09,0,0,2,24,0.09,0,0,2,7,0.07,0,0,2,31,0.05,0,0,3,11,0.09,0,0,3,16,0.09,0,0,2,9,0.04,0,0,2,23,0.10,0,0,3,49,0.09,2,0,1
186,1084,62,0,15,0,2,0,1,IDLE,,1,PROTECTING,Field_1,1,MOVING_TO_FIELD,Field_2,1,IDLE,,1,IDLE,,1,IDLE,,1,PROTECTING,Field_6,1,IDLE,,1,IDLE,,1,MOVING_TO_FIELD,Field_3,1,IDLE,,1,PROTECTING,Field_2,1,IDLE,,1,PROTECTING,Field_4,1,IDLE,,1,IDLE,,1,PROTECTING,Field_6,1,PROTECTING,Field_40,1,PROTECTING,Field_8,1,PROTECTING,Field_8,1,PROTECTING,Field_6,1,IDLE,,1,PROTECTING,Field_8,1,PROTECTING,Field_8,1,PROTECTING,Field_8,1,IDLE,,1,IDLE,,1,IDLE,,1,IDLE,,1,IDLE,,1,IDLE,,1,IDLE,,1,IDLE,,1,IDLE,,1,PROTECTING,Field_7,1,IDLE,,1,IDLE,,1,IDLE,,1,PROTECTING,Field_5,1,PROTECTING,Field_40,1,IDLE,,1,IDLE,,1,IDLE,,1,IDLE,,1,IDLE,,1,IDLE,,1,IDLE,,1,IDLE,,1,IDLE,,1,IDLE,,1,IDLE,,1,IDLE,,1,IDLE,,1,IDLE,,1,IDLE,,1,IDLE,,1,IDLE,,1,IDLE,,1,IDLE,,1,IDLE,,1,IDLE,,1,IDLE,,1,IDLE,,1,IDLE,,1,IDLE,,1,IDLE,,1,IDLE,,1,IDLE,,1,IDLE,,1,IDLE,,1,IDLE,,1,IDLE,,1,IDLE,,1,IDLE,,1,IDLE,,1,IDLE,,1,IDLE,,1,IDLE,,1,IDLE,,51,0.16,1,0,8,23,0.06,1,1,3,23,0.08,0,1,2,0,0.00,1,0,0,3,0.00,1,0,0,149,0.14,3,0,3,64,0.04,1,0,1,53,0.06,5,0,1,22,0.02,0,0,2,22,0.06,0,0,6,10,0.03,0,0,2,11,0.04,0,0,3,8,0.02,0,0,1,75,0.03,0,0,2,76,0.16,0,0,6,29,0.12,0,0,9,53,0.06,0,0,3,28,0.16,0,0,9,31,0.22,0,0,6,3,0.03,0,0,2,20,0.08,0,0,2,6,0.02,0,0,1,1,0.02,0,0,2,41,0.03,0,0,1,12,0.07,0,0,1,11,0.09,0,0,2,22,0.05,0,0,2,14,0.02,0,0,2,7,0.05,0,0,2,19,0.05,0,0,2,3,0.06,0,0,2,24,0.09,0,0,2,24,0.07,0,0,2,7,0.07,0,0,2,31,0.04,0,0,3,11,0.09,0,0,3,16,0.09,0,0,2,9,0.05,0,0,2,23,0.10,0,0,3,49,0.09,2,0,1
187,1087,62,0,15,0,2,0,1,IDLE,,1,PROTECTING,Field_1,1,MOVING_TO_FIELD,Field_2,1,IDLE,,1,IDLE,,1,IDLE,,1,PROTECTING,Field_6,1,IDLE,,1,IDLE,,1,MOVING_TO_FIELD,Field_3,1,IDLE,,1,PROTECTING,Field_2,1,IDLE,,1,PROTECTING,Field_4,1,IDLE,,1,IDLE,,1,PROTECTING,Field_6,1,PROTECTING,Field_40,1,PROTECTING,Field_8,1,PROTECTING,Field_8,1,PROTECTING,Field_6,1,IDLE,,1,PROTECTING,Field_8,1,PROTECTING,Field_8,1,PROTECTING,Field_8,1,IDLE,,1,IDLE,,1,IDLE,,1,IDLE,,1,IDLE,,1,IDLE,,1,IDLE,,1,IDLE,,1,IDLE,,1,PROTECTING,Field_7,1,IDLE,,1,IDLE,,1,IDLE,,1,PROTECTING,Field_5,1,PROTECTING,Field_40,1,IDLE,,1,IDLE,,1,IDLE,,1,IDLE,,1,IDLE,,1,IDLE,,1,IDLE,,1,IDLE,,1,IDLE,,1,IDLE,,1,IDLE,,1,IDLE,,1,IDLE,,1,IDLE,,1,IDLE,,1,IDLE,,1,IDLE,,1,IDLE,,1,IDLE,,1,IDLE,,1,IDLE,,1,IDLE,,1,IDLE,,1,IDLE,,1,IDLE,,1,IDLE,,1,IDLE,,1,IDLE,,1,IDLE,,1,IDLE,,1,IDLE,,1,IDLE,,1,IDLE,,1,IDLE,,1,IDLE,,1,IDLE,,1,IDLE,,1,IDLE,,1,IDLE,,51,0.16,1,0,8,23,0.05,1,1,3,23,0.08,0,1,2,0,0.00,1,0,0,3,0.00,1,0,0,151,0.14,3,0,3,64,0.04,1,0,1,53,0.06,5,0,1,22,0.02,0,0,2,22,0.06,0,0,6,10,0.03,0,0,2,11,0.04,0,0,3,8,0.02,0,0,1,75,0.02,0,0,2,76,0.16,0,0,6,29,0.12,0,0,9,53,0.05,0,0,3,28,0.17,0,0,9,32,0.22,0,0,6,3,0.03,0,0,2,20,0.08,0,0,2,6,0.02,0,0,1,1,0.05,0,0,2,41,0.03,0,0,1,12,0.07,0,0,1,11,0.09,0,0,2,22,0.06,0,0,2,14,0.02,0,0,2,7,0.05,0,0,2,19,0.05,0,0,2,3,0.04,0,0,2,24,0.09,0,0,2,24,0.11,0,0,2,7,0.05,0,0,2,31,0.02,0,0,3,11,0.12,0,0,3,16,0.09,0,0,2,9,0.04,0,0,2,23,0.10,0,0,3,49,0.09,2,0,1
188,1091,62,0,16,0,1,0,1,IDLE,,1,PROTECTING,Field_1,1,MOVING_TO_FIELD,Field_2,1,IDLE,,1,IDLE,,1,IDLE,,1,PROTECTING,Field_6,1,IDLE,,1,IDLE,,1,PROTECTING,Field_3,1,IDLE,,1,PROTECTING,Field_2,1,IDLE,,1,PROTECTING,Field_4,1,IDLE,,1,IDLE,,1,PROTECTING,Field_6,1,PROTECTING,Field_40,1,PROTECTING,Field_8,1,PROTECTING,Field_8,1,PROTECTING,Field_6,1,IDLE,,1,PROTECTING,Field_8,1,PROTECTING,Field_8,1,PROTECTING,Field_8,1,IDLE,,1,IDLE,,1,IDLE,,1,IDLE,,1,IDLE,,1,IDLE,,1,IDLE,,1,IDLE,,1,IDLE,,1,PROTECTING,Field_7,1,IDLE,,1,IDLE,,1,IDLE,,1,PROTECTING,Field_5,1,PROTECTING,Field_40,1,IDLE,,1,IDLE,,1,IDLE,,1,IDLE,,1,IDLE,,1,IDLE,,1,IDLE,,1,IDLE,,1,IDLE,,1,IDLE,,1,IDLE,,1,IDLE,,1,IDLE,,1,IDLE,,1,IDLE,,1,IDLE,,1,IDLE,,1,IDLE,,1,IDLE,,1,IDLE,,1,IDLE,,1,IDLE,,1,IDLE,,1,IDLE,,1,IDLE,,1,IDLE,,1,IDLE,,1,IDLE,,1,IDLE,,1,IDLE,,1,IDLE,,1,IDLE,,1,IDLE,,1,IDLE,,1,IDLE,,1,IDLE,,1,IDLE,,1,IDLE,,1,IDLE,,52,0.16,1,0,8,23,0.05,1,1,3,23,0.09,1,0,1,0,0.00,1,0,0,3,0.00,1,0,0,153,0.14,3,0,3,64,0.03,1,0,1,53,0.06,5,0,1,22,0.02,0,0,2,22,0.06,0,0,6,10,0.03,0,0,2,11,0.04,0,0,3,8,0.02,0,0,1,75,0.02,0,0,2,76,0.16,0,0,6,29,0.12,0,0,9,53,0.06,0,0,3,28,0.17,0,0,9,32,0.22,0,0,6,3,0.01,0,0,2,20,0.08,0,0,2,6,0.02,0,0,1,1,0.05,0,0,2,41,0.04,0,0,1,12,0.07,0,0,1,11,0.09,0,0,2,22,0.06,0,0,2,14,0.02,0,0,2,7,0.05,0,0,2,19,0.05,0,0,2,3,0.04,0,0,2,25,0.09,0,0,2,24,0.11,0,0,2,7,0.07,0,0,2,31,0.02,0,0,3,11,0.12,0,0,3,16,0.07,0,0,2,9,0.02,0,0,2,23,0.09,0,0,3,49,0.09,2,0,1
189,1094,62,0,16,0,1,0,1,IDLE,,1,PROTECTING,Field_1,1,MOVING_TO_FIELD,Field_2,1,IDLE,,1,IDLE,,1,IDLE,,1,PROTECTING,Field_6,1,IDLE,,1,IDLE,,1,PROTECTING,Field_3,1,IDLE,,1,PROTECTING,Field_2,1,IDLE,,1,PROTECTING,Field_4,1,IDLE,,1,IDLE,,1,PROTECTING,Field_6,1,PROTECTING,Field_40,1,PROTECTING,Field_8,1,PROTECTING,Field_8,1,PROTECTING,Field_6,1,IDLE,,1,PROTECTING,Field_8,1,PROTECTING,Field_8,1,PROTECTING,Field_8,1,IDLE,,1,IDLE,,1,IDLE,,1,IDLE,,1,IDLE,,1,IDLE,,1,IDLE,,1,IDLE,,1,IDLE,,1,PROTECTING,Field_7,1,IDLE,,1,IDLE,,1,IDLE,,1,PROTECTING,Field_5,1,PROTECTING,Field_40,1,IDLE,,1,IDLE,,1,IDLE,,1,IDLE,,1,IDLE,,1,IDLE,,1,IDLE,,1,IDLE,,1,IDLE,,1,IDLE,,1,IDLE,,1,IDLE,,1,IDLE,,1,IDLE,,1,IDLE,,1,IDLE,,1,IDLE,,1,IDLE,,1,IDLE,,1,IDLE,,1,IDLE,,1,IDLE,,1,IDLE,,1,IDLE,,1,IDLE,,1,IDLE,,1,IDLE,,1,IDLE,,1,IDLE,,1,IDLE,,1,IDLE,,1,IDLE,,1,IDLE,,1,IDLE,,1,IDLE,,1,IDLE,,1,IDLE,,1,IDLE,,1,IDLE,,52,0.15,1,0,8,23,0.05,1,1,3,23,0.09,1,0,1,0,0.00,1,0,0,3,0.00,1,0,0,155,0.14,3,0,3,64,0.03,1,0,1,53,0.06,5,0,1,22,0.02,0,0,2,22,0.06,0,0,6,10,0.04,0,0,2,11,0.04,0,0,3,8,0.00,0,0,1,75,0.03,0,0,2,76,0.16,0,0,6,29,0.12,0,0,9,53,0.08,0,0,3,28,0.17,0,0,9,32,0.22,0,0,6,3,0.01,0,0,2,20,0.08,0,0,2,6,0.00,0,0,1,1,0.02,0,0,2,41,0.04,0,0,1,13,0.07,0,0,1,11,0.09,0,0,2,22,0.06,0,0,2,14,0.02,0,0,2,7,0.05,0,0,2,19,0.05,0,0,2,3,0.04,0,0,2,25,0.09,0,0,2,24,0.11,0,0,2,7,0.07,0,0,2,31,0.04,0,0,3,11,0.12,0,0,3,16,0.05,0,0,2,9,0.02,0,0,2,23,0.09,0,0,3,49,0.09,2,0,1
190,1094,62,0,17,0,0,0,1,IDLE,,1,PROTECTING,Field_1,1,PROTECTING,Field_2,1,IDLE,,1,IDLE,,1,IDLE,,1,PROTECTING,Field_6,1,IDLE,,1,IDLE,,1,PROTECTING,Field_3,1,IDLE,,1,PROTECTING,Field_2,1,IDLE,,1,PROTECTING,Field_4,1,IDLE,,1,IDLE,,1,PROTECTING,Field_6,1,PROTECTING,Field_40,1,PROTECTING,Field_8,1,PROTECTING,Field_8,1,PROTECTING,Field_6,1,IDLE,,1,PROTECTING,Field_8,1,PROTECTING,Field_8,1,PROTECTING,Field_8,1,IDLE,,1,IDLE,,1,IDLE,,1,IDLE,,1,IDLE,,1,IDLE,,1,IDLE,,1,IDLE,,1,IDLE,,1,PROTECTING,Field_7,1,IDLE,,1,IDLE,,1,IDLE,,1,PROTECTING,Field_5,1,PROTECTING,Field_40,1,IDLE,,1,IDLE,,1,IDLE,,1,IDLE,,1,IDLE,,1,IDLE,,1,IDLE,,1,IDLE,,1,IDLE,,1,IDLE,,1,IDLE,,1,IDLE,,1,IDLE,,1,IDLE,,1,IDLE,,1,IDLE,,1,IDLE,,1,IDLE,,1,IDLE,,1,IDLE,,1,IDLE,,1,IDLE,,1,IDLE,,1,IDLE,,1,IDLE,,1,IDLE,,1,IDLE,,1,IDLE,,1,IDLE,,1,IDLE,,1,IDLE,,1,IDLE,,1,IDLE,,1,IDLE,,1,IDLE,,1,IDLE,,1,IDLE,,1,IDLE,,1,IDLE,,52,0.15,1,0,8,23,0.05,2,0,2,23,0.08,1,0,1,0,0.00,1,0,0,3,0.00,1,0,0,155,0.13,3,0,3,64,0.01,1,0,1,53,0.07,5,0,1,22,0.02,0,0,2,22,0.06,0,0,6,10,0.04,0,0,2,11,0.04,0,0,3,8,0.00,0,0,1,75,0.02,0,0,2,76,0.16,0,0,6,29,0.12,0,0,9,53,0.06,0,0,3,28,0.17,0,0,9,32,0.22,0,0,6,3,0.01,0,0,2,20,0.08,0,0,2,6,0.02,0,0,1,1,0.02,0,0,2,41,0.05,0,0,1,13,0.05,0,0,1,11,0.09,0,0,2,22,0.06,0,0,2,14,0.02,0,0,2,7,0.05,0,0,2,19,0.08,0,0,2,3,0.06,0,0,2,25,0.09,0,0,2,24,0.09,0,0,2,7,0.07,0,0,2,31,0.04,0,0,3,11,0.17,0,0,3,16,0.06,0,0,2,9,0.02,0,0,2,23,0.09,0,0,3,49,0.09,2,0,1
191,1096,62,0,17,0,0,0,1,IDLE,,1,PROTECTING,Field_1,1,PROTECTING,Field_2,1,IDLE,,1,IDLE,,1,IDLE,,1,PROTECTING,Field_6,1,IDLE,,1,IDLE,,1,PROTECTING,Field_3,1,IDLE,,1,PROTECTING,Field_2,1,IDLE,,1,PROTECTING,Field_4,1,IDLE,,1,IDLE,,1,PROTECTING,Field_6,1,PROTECTING,Field_40,1,PROTECTING,Field_8,1,PROTECTING,Field_8,1,PROTECTING,Field_6,1,IDLE,,1,PROTECTING,Field_8,1,PROTECTING,Field_8,1,PROTECTING,Field_8,1,IDLE,,1,IDLE,,1,IDLE,,1,IDLE,,1,IDLE,,1,IDLE,,1,IDLE,,1,IDLE,,1,IDLE,,1,PROTECTING,Field_7,1,IDLE,,1,IDLE,,1,IDLE,,1,PROTECTING,Field_5,1,PROTECTING,Field_40,1,IDLE,,1,IDLE,,1,IDLE,,1,IDLE,,1,IDLE,,1,IDLE,,1,IDLE,,1,IDLE,,1,IDLE,,1,IDLE,,1,IDLE,,1,IDLE,,1,IDLE,,1,IDLE,,1,IDLE,,1,IDLE,,1,IDLE,,1,IDLE,,1,IDLE,,1,IDLE,,1,IDLE,,1,IDLE,,1,IDLE,,1,IDLE,,1,IDLE,,1,IDLE,,1,IDLE,,1,IDLE,,1,IDLE,,1,IDLE,,1,IDLE,,1,IDLE,,1,IDLE,,1,IDLE,,1,IDLE,,1,IDLE,,1,IDLE,,1,IDLE,,1,IDLE,,54,0.15,1,0,8,23,0.05,2,0,2,23,0.06,1,0,1,0,0.00,1,0,0,3,0.00,1,0,0,155,0.14,3,0,3,64,0.01,1,0,1,53,0.07,5,0,1,22,0.02,0,0,2,22,0.06,0,0,6,10,0.04,0,0,2,11,0.04,0,0,3,8,0.00,0,0,1,75,0.02,0,0,2,76,0.16,0,0,6,29,0.12,0,0,9,53,0.05,0,0,3,28,0.17,0,0,9,32,0.23,0,0,6,3,0.01,0,0,2,20,0.08,0,0,2,6,0.02,0,0,1,1,0.02,0,0,2,41,0.05,0,0,1,13,0.05,0,0,1,11,0.09,0,0,2,22,0.06,0,0,2,14,0.02,0,0,2,7,0.05,0,0,2,19,0.06,0,0,2,3,0.06,0,0,2,25,0.10,0,0,2,24,0.09,0,0,2,7,0.07,0,0,2,31,0.05,0,0,3,11,0.17,0,0,3,16,0.06,0,0,2,9,0.04,0,0,2,23,0.09,0,0,3,49,0.09,2,0,1
192,1097,62,0,17,0,0,0,1,IDLE,,1,PROTECTING,Field_1,1,PROTECTING,Field_2,1,IDLE,,1,IDLE,,1,IDLE,,1,PROTECTING,Field_6,1,IDLE,,1,IDLE,,1,PROTECTING,Field_3,1,IDLE,,1,PROTECTING,Field_2,1,IDLE,,1,PROTECTING,Field_4,1,IDLE,,1,IDLE,,1,PROTECTING,Field_6,1,PROTECTING,Field_40,1,PROTECTING,Field_8,1,PROTECTING,Field_8,1,PROTECTING,Field_6,1,IDLE,,1,PROTECTING,Field_8,1,PROTECTING,Field_8,1,PROTECTING,Field_8,1,IDLE,,1,IDLE,,1,IDLE,,1,IDLE,,1,IDLE,,1,IDLE,,1,IDLE,,1,IDLE,,1,IDLE,,1,PROTECTING,Field_7,1,IDLE,,1,IDLE,,1,IDLE,,1,PROTECTING,Field_5,1,PROTECTING,Field_40,1,IDLE,,1,IDLE,,1,IDLE,,1,IDLE,,1,IDLE,,1,IDLE,,1,IDLE,,1,IDLE,,1,IDLE,,1,IDLE,,1,IDLE,,1,IDLE,,1,IDLE,,1,IDLE,,1,IDLE,,1,IDLE,,1,IDLE,,1,IDLE,,1,IDLE,,1,IDLE,,1,IDLE,,1,IDLE,,1,IDLE,,1,IDLE,,1,IDLE,,1,IDLE,,1,IDLE,,1,IDLE,,1,IDLE,,1,IDLE,,1,IDLE,,1,IDLE,,1,IDLE,,1,IDLE,,1,IDLE,,1,IDLE,,1,IDLE,,1,IDLE,,1,IDLE,,54,0.15,1,0,8,23,0.05,2,0,2,23,0.06,1,0,1,0,0.00,1,0,0,3,0.00,1,0,0,155,0.14,3,0,3,64,0.01,1,0,1,53,0.07,5,0,1,22,0.03,0,0,2,22,0.06,0,0,6,10,0.06,0,0,2,11,0.04,0,0,3,8,0.00,0,0,1,75,0.02,0,0,2,76,0.14,0,0,6,29,0.12,0,0,9,53,0.06,0,0,3,28,0.17,0,0,9,32,0.23,0,0,6,3,0.01,0,0,2,20,0.08,0,0,2,6,0.02,0,0,1,1,0.02,0,0,2,41,0.05,0,0,1,13,0.05,0,0,1,11,0.09,0,0,2,23,0.06,0,0,2,14,0.02,0,0,2,7,0.03,0,0,2,19,0.05,0,0,2,3,0.06,0,0,2,25,0.09,0,0,2,24,0.09,0,0,2,7,0.07,0,0,2,31,0.05,0,0,3,11,0.17,0,0,3,16,0.06,0,0,2,9,0.05,0,0,2,23,0.09,0,0,3,49,0.09,2,0,1
193,1099,62,0,17,0,0,0,1,IDLE,,1,PROTECTING,Field_1,1,PROTECTING,Field_2,1,IDLE,,1,IDLE,,1,IDLE,,1,PROTECTING,Field_6,1,IDLE,,1,IDLE,,1,PROTECTING,Field_3,1,IDLE,,1,PROTECTING,Field_2,1,IDLE,,1,PROTECTING,Field_4,1,IDLE,,1,IDLE,,1,PROTECTING,Field_6,1,PROTECTING,Field_40,1,PROTECTING,Field_8,1,PROTECTING,Field_8,1,PROTECTING,Field_6,1,IDLE,,1,PROTECTING,Field_8,1,PROTECTING,Field_8,1,PROTECTING,Field_8,1,IDLE,,1,IDLE,,1,IDLE,,1,IDLE,,1,IDLE,,1,IDLE,,1,IDLE,,1,IDLE,,1,IDLE,,1,PROTECTING,Field_7,1,IDLE,,1,IDLE,,1,IDLE,,1,PROTECTING,Field_5,1,PROTECTING,Field_40,1,IDLE,,1,IDLE,,1,IDLE,,1,IDLE,,1,IDLE,,1,IDLE,,1,IDLE,,1,IDLE,,1,IDLE,,1,IDLE,,1,IDLE,,1,IDLE,,1,IDLE,,1,IDLE,,1,IDLE,,1,IDLE,,1,IDLE,,1,IDLE,,1,IDLE,,1,IDLE,,1,IDLE,,1,IDLE,,1,IDLE,,1,IDLE,,1,IDLE,,1,IDLE,,1,IDLE,,1,IDLE,,1,IDLE,,1,IDLE,,1,IDLE,,1,IDLE,,1,IDLE,,1,IDLE,,1,IDLE,,1,IDLE,,1,IDLE,,1,IDLE,,1,IDLE,,54,0.16,1,0,8,23,0.05,2,0,2,23,0.06,1,0,1,0,0.00,1,0,0,3,0.00,1,0,0,155,0.14,3,0,3,64,0.01,1,0,1,54,0.08,5,0,1,22,0.03,0,0,2,22,0.06,0,0,6,10,0.06,0,0,2,11,0.04,0,0,3,8,0.00,0,0,1,75,0.03,0,0,2,76,0.13,0,0,6,29,0.11,0,0,9,53,0.08,0,0,3,28,0.16,0,0,9,33,0.24,0,0,6,3,0.01,0,0,2,20,0.09,0,0,2,6,0.02,0,0,1,1,0.02,0,0,2,41,0.05,0,0,1,13,0.05,0,0,1,11,0.08,0,0,2,23,0.06,0,0,2,14,0.07,0,0,2,7,0.05,0,0,2,19,0.06,0,0,2,3,0.06,0,0,2,25,0.09,0,0,2,24,0.09,0,0,2,7,0.07,0,0,2,31,0.05,0,0,3,11,0.17,0,0,3,16,0.07,0,0,2,9,0.05,0,0,2,23,0.09,0,0,3,49,0.09,2,0,1
194,1101,62,0,17,0,0,0,1,IDLE,,1,PROTECTING,Field_1,1,PROTECTING,Field_2,1,IDLE,,1,IDLE,,1,IDLE,,1,PROTECTING,Field_6,1,IDLE,,1,IDLE,,1,PROTECTING,Field_3,1,IDLE,,1,PROTECTING,Field_2,1,IDLE,,1,PROTECTING,Field_4,1,IDLE,,1,IDLE,,1,PROTECTING,Field_6,1,PROTECTING,Field_40,1,PROTECTING,Field_8,1,PROTECTING,Field_8,1,PROTECTING,Field_6,1,IDLE,,1,PROTECTING,Field_8,1,PROTECTING,Field_8,1,PROTECTING,Field_8,1,IDLE,,1,IDLE,,1,IDLE,,1,IDLE,,1,IDLE,,1,IDLE,,1,IDLE,,1,IDLE,,1,IDLE,,1,PROTECTING,Field_7,1,IDLE,,1,IDLE,,1,IDLE,,1,PROTECTING,Field_5,1,PROTECTING,Field_40,1,IDLE,,1,IDLE,,1,IDLE,,1,IDLE,,1,IDLE,,1,IDLE,,1,IDLE,,1,IDLE,,1,IDLE,,1,IDLE,,1,IDLE,,1,IDLE,,1,IDLE,,1,IDLE,,1,IDLE,,1,IDLE,,1,IDLE,,1,IDLE,,1,IDLE,,1,IDLE,,1,IDLE,,1,IDLE,,1,IDLE,,1,IDLE,,1,IDLE,,1,IDLE,,1,IDLE,,1,IDLE,,1,IDLE,,1,IDLE,,1,IDLE,,1,IDLE,,1,IDLE,,1,IDLE,,1,IDLE,,1,IDLE,,1,IDLE,,1,IDLE,,1,IDLE,,55,0.16,1,0,8,23,0.06,2,0,2,23,0.06,1,0,1,0,0.00,1,0,0,3,0.00,1,0,0,156,0.14,3,0,3,64,0.01,1,0,1,54,0.08,5,0,1,22,0.05,0,0,2,22,0.06,0,0,6,10,0.07,0,0,2,11,0.04,0,0,3,8,0.00,0,0,1,75,0.03,0,0,2,76,0.12,0,0,6,29,0.11,0,0,9,53,0.08,0,0,3,28,0.14,0,0,9,33,0.24,0,0,6,3,0.01,0,0,2,20,0.09,0,0,2,6,0.02,0,0,1,1,0.02,0,0,2,41,0.05,0,0,1,13,0.05,0,0,1,11,0.10,0,0,2,23,0.06,0,0,2,14,0.07,0,0,2,7,0.05,0,0,2,19,0.08,0,0,2,3,0.06,0,0,2,25,0.09,0,0,2,24,0.09,0,0,2,7,0.05,0,0,2,31,0.05,0,0,3,11,0.17,0,0,3,16,0.07,0,0,2,9,0.05,0,0,2,23,0.08,0,0,3,49,0.09,2,0,1
195,1104,62,0,17,0,0,0,1,IDLE,,1,PROTECTING,Field_1,1,PROTECTING,Field_2,1,IDLE,,1,IDLE,,1,IDLE,,1,PROTECTING,Field_6,1,IDLE,,1,IDLE,,1,PROTECTING,Field_3,1,IDLE,,1,PROTECTING,Field_2,1,IDLE,,1,PROTECTING,Field_4,1,IDLE,,1,IDLE,,1,PROTECTING,Field_6,1,PROTECTING,Field_40,1,PROTECTING,Field_8,1,PROTECTING,Field_8,1,PROTECTING,Field_6,1,IDLE,,1,PROTECTING,Field_8,1,PROTECTING,Field_8,1,PROTECTING,Field_8,1,IDLE,,1,IDLE,,1,IDLE,,1,IDLE,,1,IDLE,,1,IDLE,,1,IDLE,,1,IDLE,,1,IDLE,,1,PROTECTING,Field_7,1,IDLE,,1,IDLE,,1,IDLE,,1,PROTECTING,Field_5,1,PROTECTING,Field_40,1,IDLE,,1,IDLE,,1,IDLE,,1,IDLE,,1,IDLE,,1,IDLE,,1,IDLE,,1,IDLE,,1,IDLE,,1,IDLE,,1,IDLE,,1,IDLE,,1,IDLE,,1,IDLE,,1,IDLE,,1,IDLE,,1,IDLE,,1,IDLE,,1,IDLE,,1,IDLE,,1,IDLE,,1,IDLE,,1,IDLE,,1,IDLE,,1,IDLE,,1,IDLE,,1,IDLE,,1,IDLE,,1,IDLE,,1,IDLE,,1,IDLE,,1,IDLE,,1,IDLE,,1,IDLE,,1,IDLE,,1,IDLE,,1,IDLE,,1,IDLE,,1,IDLE,,56,0.15,1,0,8,23,0.06,2,0,2,23,0.08,1,0,1,0,0.00,1,0,0,3,0.00,1,0,0,156,0.14,3,0,3,64,0.01,1,0,1,55,0.08,5,0,1,22,0.05,0,0,2,22,0.06,0,0,6,10,0.07,0,0,2,11,0.04,0,0,3,8,0.00,0,0,1,75,0.05,0,0,2,77,0.12,0,0,6,29,0.11,0,0,9,53,0.10,0,0,3,28,0.14,0,0,9,33,0.22,0,0,6,3,0.01,0,0,2,20,0.11,0,0,2,6,0.02,0,0,1,1,0.02,0,0,2,41,0.04,0,0,1,13,0.07,0,0,1,11,0.10,0,0,2,23,0.05,0,0,2,14,0.07,0,0,2,7,0.05,0,0,2,19,0.08,0,0,2,3,0.06,0,0,2,25,0.08,0,0,2,24,0.09,0,0,2,7,0.05,0,0,2,31,0.07,0,0,3,11,0.17,0,0,3,16,0.07,0,0,2,9,0.05,0,0,2,23,0.09,0,0,3,49,0.08,2,0,1
196,1107,62,0,17,0,0,0,1,IDLE,,1,PROTECTING,Field_1,1,PROTECTING,Field_2,1,IDLE,,1,IDLE,,1,IDLE,,1,PROTECTING,Field_6,1,IDLE,,1,IDLE,,1,PROTECTING,Field_3,1,IDLE,,1,PROTECTING,Field_2,1,IDLE,,1,PROTECTING,Field_4,1,IDLE,,1,IDLE,,1,PROTECTING,Field_6,1,PROTECTING,Field_40,1,PROTECTING,Field_8,1,PROTECTING,Field_8,1,PROTECTING,Field_6,1,IDLE,,1,PROTECTING,Field_8,1,PROTECTING,Field_8,1,PROTECTING,Field_8,1,IDLE,,1,IDLE,,1,IDLE,,1,IDLE,,1,IDLE,,1,IDLE,,1,IDLE,,1,IDLE,,1,IDLE,,1,PROTECTING,Field_7,1,IDLE,,1,IDLE,,1,IDLE,,1,PROTECTING,Field_5,1,PROTECTING,Field_40,1,IDLE,,1,IDLE,,1,IDLE,,1,IDLE,,1,IDLE,,1,IDLE,,1,IDLE,,1,IDLE,,1,IDLE,,1,IDLE,,1,IDLE,,1,IDLE,,1,IDLE,,1,IDLE,,1,IDLE,,1,IDLE,,1,IDLE,,1,IDLE,,1,IDLE,,1,IDLE,,1,IDLE,,1,IDLE,,1,IDLE,,1,IDLE,,1,IDLE,,1,IDLE,,1,IDLE,,1,IDLE,,1,IDLE,,1,IDLE,,1,IDLE,,1,IDLE,,1,IDLE,,1,IDLE,,1,IDLE,,1,IDLE,,1,IDLE,,1,IDLE,,1,IDLE,,56,0.17,1,0,8,23,0.08,2,0,2,23,0.08,1,0,1,0,0.00,1,0,0,3,0.00,1,0,0,156,0.16,3,0,3,64,0.01,1,0,1,55,0.08,5,0,1,22,0.05,0,0,2,22,0.06,0,0,6,10,0.07,0,0,2,11,0.04,0,0,3,8,0.00,0,0,1,75,0.05,0,0,2,77,0.12,0,0,6,29,0.12,0,0,9,53,0.09,0,0,3,28,0.16,0,0,9,33,0.23,0,0,6,3,0.01,0,0,2,20,0.11,0,0,2,6,0.02,0,0,1,1,0.02,0,0,2,41,0.04,0,0,1,13,0.07,0,0,1,11,0.10,0,0,2,23,0.05,0,0,2,14,0.07,0,0,2,7,0.05,0,0,2,19,0.08,0,0,2,3,0.06,0,0,2,25,0.08,0,0,2,24,0.09,0,0,2,7,0.05,0,0,2,31,0.07,0,0,3,13,0.17,0,0,3,17,0.07,0,0,2,9,0.06,0,0,2,23,0.08,0,0,3,49,0.08,2,0,1
197,1107,62,0,17,0,0,0,1,IDLE,,1,PROTECTING,Field_1,1,PROTECTING,Field_2,1,IDLE,,1,IDLE,,1,IDLE,,1,PROTECTING,Field_6,1,IDLE,,1,IDLE,,1,PROTECTING,Field_3,1,IDLE,,1,PROTECTING,Field_2,1,IDLE,,1,PROTECTING,Field_4,1,IDLE,,1,IDLE,,1,PROTECTING,Field_6,1,PROTECTING,Field_40,1,PROTECTING,Field_8,1,PROTECTING,Field_8,1,PROTECTING,Field_6,1,IDLE,,1,PROTECTING,Field_8,1,PROTECTING,Field_8,1,PROTECTING,Field_8,1,IDLE,,1,IDLE,,1,IDLE,,1,IDLE,,1,IDLE,,1,IDLE,,1,IDLE,,1,IDLE,,1,IDLE,,1,PROTECTING,Field_7,1,IDLE,,1,IDLE,,1,IDLE,,1,PROTECTING,Field_5,1,PROTECTING,Field_40,1,IDLE,,1,IDLE,,1,IDLE,,1,IDLE,,1,IDLE,,1,IDLE,,1,IDLE,,1,IDLE,,1,IDLE,,1,IDLE,,1,IDLE,,1,IDLE,,1,IDLE,,1,IDLE,,1,IDLE,,1,IDLE,,1,IDLE,,1,IDLE,,1,IDLE,,1,IDLE,,1,IDLE,,1,IDLE,,1,IDLE,,1,IDLE,,1,IDLE,,1,IDLE,,1,IDLE,,1,IDLE,,1,IDLE,,1,IDLE,,1,IDLE,,1,IDLE,,1,IDLE,,1,IDLE,,1,IDLE,,1,IDLE,,1,IDLE,,1,IDLE,,1,IDLE,,56,0.17,1,0,8,23,0.08,2,0,2,23,0.08,1,0,1,0,0.00,1,0,0,3,0.00,1,0,0,156,0.16,3,0,3,64,0.01,1,0,1,55,0.09,5,0,1,22,0.05,0,0,2,22,0.08,0,0,6,10,0.06,0,0,2,11,0.04,0,0,3,8,0.00,0,0,1,75,0.06,0,0,2,77,0.13,0,0,6,29,0.12,0,0,9,53,0.09,0,0,3,28,0.14,0,0,9,33,0.23,0,0,6,3,0.01,0,0,2,20,0.11,0,0,2,6,0.02,0,0,1,1,0.02,0,0,2,41,0.04,0,0,1,13,0.07,0,0,1,11,0.10,0,0,2,23,0.05,0,0,2,14,0.07,0,0,2,7,0.06,0,0,2,19,0.10,0,0,2,3,0.06,0,0,2,25,0.08,0,0,2,24,0.09,0,0,2,7,0.03,0,0,2,31,0.06,0,0,3,13,0.16,0,0,3,17,0.07,0,0,2,9,0.06,0,0,2,23,0.08,0,0,3,49,0.08,2,0,1
198,1110,62,0,17,0,0,0,1,IDLE,,1,PROTECTING,Field_1,1,PROTECTING,Field_2,1,IDLE,,1,IDLE,,1,IDLE,,1,PROTECTING,Field_6,1,IDLE,,1,IDLE,,1,PROTECTING,Field_3,1,IDLE,,1,PROTECTING,Field_2,1,IDLE,,1,PROTECTING,Field_4,1,IDLE,,1,IDLE,,1,PROTECTING,Field_6,1,PROTECTING,Field_40,1,PROTECTING,Field_8,1,PROTECTING,Field_8,1,PROTECTING,Field_6,1,IDLE,,1,PROTECTING,Field_8,1,PROTECTING,Field_8,1,PROTECTING,Field_8,1,IDLE,,1,IDLE,,1,IDLE,,1,IDLE,,1,IDLE,,1,IDLE,,1,IDLE,,1,IDLE,,1,IDLE,,1,PROTECTING,Field_7,1,IDLE,,1,IDLE,,1,IDLE,,1,PROTECTING,Field_5,1,PROTECTING,Field_40,1,IDLE,,1,IDLE,,1,IDLE,,1,IDLE,,1,IDLE,,1,IDLE,,1,IDLE,,1,IDLE,,1,IDLE,,1,IDLE,,1,IDLE,,1,IDLE,,1,IDLE,,1,IDLE,,1,IDLE,,1,IDLE,,1,IDLE,,1,IDLE,,1,IDLE,,1,IDLE,,1,IDLE,,1,IDLE,,1,IDLE,,1,IDLE,,1,IDLE,,1,IDLE,,1,IDLE,,1,IDLE,,1,IDLE,,1,IDLE,,1,IDLE,,1,IDLE,,1,IDLE,,1,IDLE,,1,IDLE,,1,IDLE,,1,IDLE,,1,IDLE,,1,IDLE,,56,0.17,1,0,8,23,0.08,2,0,2,23,0.08,1,0,1,0,0.00,1,0,0,3,0.00,1,0,0,157,0.15,3,0,3,64,0.01,1,0,1,56,0.09,5,0,1,22,0.05,0,0,2,22,0.08,0,0,6,10,0.06,0,0,2,11,0.04,0,0,3,8,0.00,0,0,1,75,0.07,0,0,2,77,0.13,0,0,6,29,0.12,0,0,9,53,0.10,0,0,3,28,0.14,0,0,9,33,0.23,0,0,6,3,0.01,0,0,2,20,0.11,0,0,2,6,0.02,0,0,1,1,0.02,0,0,2,41,0.04,0,0,1,13,0.05,0,0,1,11,0.08,0,0,2,23,0.06,0,0,2,14,0.07,0,0,2,7,0.06,0,0,2,19,0.10,0,0,2,3,0.06,0,0,2,25,0.08,0,0,2,24,0.11,0,0,2,7,0.03,0,0,2,31,0.05,0,0,3,14,0.16,0,0,3,17,0.07,0,0,2,9,0.06,0,0,2,23,0.09,0,0,3,49,0.08,2,0,1
199,1117,62,0,17,0,0,0,1,IDLE,,1,PROTECTING,Field_1,1,PROTECTING,Field_2,1,IDLE,,1,IDLE,,1,IDLE,,1,PROTECTING,Field_6,1,IDLE,,1,IDLE,,1,PROTECTING,Field_3,1,IDLE,,1,PROTECTING,Field_2,1,IDLE,,1,PROTECTING,Field_4,1,IDLE,,1,IDLE,,1,PROTECTING,Field_6,1,PROTECTING,Field_40,1,PROTECTING,Field_8,1,PROTECTING,Field_8,1,PROTECTING,Field_6,1,IDLE,,1,PROTECTING,Field_8,1,PROTECTING,Field_8,1,PROTECTING,Field_8,1,IDLE,,1,IDLE,,1,IDLE,,1,IDLE,,1,IDLE,,1,IDLE,,1,IDLE,,1,IDLE,,1,IDLE,,1,PROTECTING,Field_7,1,IDLE,,1,IDLE,,1,IDLE,,1,PROTECTING,Field_5,1,PROTECTING,Field_40,1,IDLE,,1,IDLE,,1,IDLE,,1,IDLE,,1,IDLE,,1,IDLE,,1,IDLE,,1,IDLE,,1,IDLE,,1,IDLE,,1,IDLE,,1,IDLE,,1,IDLE,,1,IDLE,,1,IDLE,,1,IDLE,,1,IDLE,,1,IDLE,,1,IDLE,,1,IDLE,,1,IDLE,,1,IDLE,,1,IDLE,,1,IDLE,,1,IDLE,,1,IDLE,,1,IDLE,,1,IDLE,,1,IDLE,,1,IDLE,,1,IDLE,,1,IDLE,,1,IDLE,,1,IDLE,,1,IDLE,,1,IDLE,,1,IDLE,,1,IDLE,,1,IDLE,,56,0.17,1,0,8,24,0.09,2,0,2,24,0.08,1,0,1,0,0.00,1,0,0,3,0.00,1,0,0,159,0.15,3,0,3,64,0.01,1,0,1,57,0.08,5,0,1,22,0.05,0,0,2,22,0.07,0,0,6,10,0.06,0,0,2,11,0.04,0,0,3,8,0.00,0,0,1,75,0.07,0,0,2,77,0.12,0,0,6,29,0.12,0,0,9,53,0.10,0,0,3,28,0.16,0,0,9,33,0.23,0,0,6,3,0.01,0,0,2,20,0.11,0,0,2,6,0.02,0,0,1,1,0.02,0,0,2,41,0.04,0,0,1,13,0.05,0,0,1,11,0.09,0,0,2,23,0.07,0,0,2,14,0.07,0,0,2,7,0.06,0,0,2,19,0.10,0,0,2,3,0.06,0,0,2,26,0.08,0,0,2,24,0.11,0,0,2,7,0.03,0,0,2,31,0.05,0,0,3,14,0.16,0,0,3,17,0.07,0,0,2,9,0.06,0,0,2,23,0.10,0,0,3,50,0.08,2,0,1
200,1121,62,0,17,0,0,0,1,IDLE,,1,PROTECTING,Field_1,1,PROTECTING,Field_2,1,IDLE,,1,IDLE,,1,IDLE,,1,PROTECTING,Field_6,1,IDLE,,1,IDLE,,1,PROTECTING,Field_3,1,IDLE,,1,PROTECTING,Field_2,1,IDLE,,1,PROTECTING,Field_4,1,IDLE,,1,IDLE,,1,PROTECTING,Field_6,1,PROTECTING,Field_40,1,PROTECTING,Field_8,1,PROTECTING,Field_8,1,PROTECTING,Field_6,1,IDLE,,1,PROTECTING,Field_8,1,PROTECTING,Field_8,1,PROTECTING,Field_8,1,IDLE,,1,IDLE,,1,IDLE,,1,IDLE,,1,IDLE,,1,IDLE,,1,IDLE,,1,IDLE,,1,IDLE,,1,PROTECTING,Field_7,1,IDLE,,1,IDLE,,1,IDLE,,1,PROTECTING,Field_5,1,PROTECTING,Field_40,1,IDLE,,1,IDLE,,1,IDLE,,1,IDLE,,1,IDLE,,1,IDLE,,1,IDLE,,1,IDLE,,1,IDLE,,1,IDLE,,1,IDLE,,1,IDLE,,1,IDLE,,1,IDLE,,1,IDLE,,1,IDLE,,1,IDLE,,1,IDLE,,1,IDLE,,1,IDLE,,1,IDLE,,1,IDLE,,1,IDLE,,1,IDLE,,1,IDLE,,1,IDLE,,1,IDLE,,1,IDLE,,1,IDLE,,1,IDLE,,1,IDLE,,1,IDLE,,1,IDLE,,1,IDLE,,1,IDLE,,1,IDLE,,1,IDLE,,1,IDLE,,1,IDLE,,56,0.17,1,0,8,24,0.09,2,0,2,24,0.08,1,0,1,0,0.00,1,0,0,3,0.00,1,0,0,161,0.14,3,0,3,64,0.01,1,0,1,58,0.08,5,0,1,22,0.05,0,0,2,22,0.07,0,0,6,10,0.06,0,0,2,11,0.04,0,0,3,8,0.02,0,0,1,75,0.07,0,0,2,77,0.12,0,0,6,29,0.12,0,0,9,53,0.09,0,0,3,28,0.17,0,0,9,33,0.23,0,0,6,3,0.01,0,0,2,20,0.12,0,0,2,6,0.03,0,0,1,1,0.02,0,0,2,41,0.04,0,0,1,13,0.05,0,0,1,11,0.10,0,0,2,23,0.06,0,0,2,14,0.07,0,0,2,7,0.06,0,0,2,20,0.10,0,0,2,3,0.06,0,0,2,26,0.09,0,0,2,24,0.11,0,0,2,7,0.03,0,0,2,31,0.04,0,0,3,14,0.16,0,0,3,17,0.07,0,0,2,9,0.06,0,0,2,23,0.10,0,0,3,50,0.07,2,0,1
201,1122,62,0,17,0,0,0,1,IDLE,,1,PROTECTING,Field_1,1,PROTECTING,Field_2,1,IDLE,,1,IDLE,,1,IDLE,,1,PROTECTING,Field_6,1,IDLE,,1,IDLE,,1,PROTECTING,Field_3,1,IDLE,,1,PROTECTING,Field_2,1,IDLE,,1,PROTECTING,Field_4,1,IDLE,,1,IDLE,,1,PROTECTING,Field_6,1,PROTECTING,Field_40,1,PROTECTING,Field_8,1,PROTECTING,Field_8,1,PROTECTING,Field_6,1,IDLE,,1,PROTECTING,Field_8,1,PROTECTING,Field_8,1,PROTECTING,Field_8,1,IDLE,,1,IDLE,,1,IDLE,,1,IDLE,,1,IDLE,,1,IDLE,,1,IDLE,,1,IDLE,,1,IDLE,,1,PROTECTING,Field_7,1,IDLE,,1,IDLE,,1,IDLE,,1,PROTECTING,Field_5,1,PROTECTING,Field_40,1,IDLE,,1,IDLE,,1,IDLE,,1,IDLE,,1,IDLE,,1,IDLE,,1,IDLE,,1,IDLE,,1,IDLE,,1,IDLE,,1,IDLE,,1,IDLE,,1,IDLE,,1,IDLE,,1,IDLE,,1,IDLE,,1,IDLE,,1,IDLE,,1,IDLE,,1,IDLE,,1,IDLE,,1,IDLE,,1,IDLE,,1,IDLE,,1,IDLE,,1,IDLE,,1,IDLE,,1,IDLE,,1,IDLE,,1,IDLE,,1,IDLE,,1,IDLE,,1,IDLE,,1,IDLE,,1,IDLE,,1,IDLE,,1,IDLE,,1,IDLE,,1,IDLE,,56,0.17,1,0,8,24,0.09,2,0,2,24,0.08,1,0,1,0,0.00,1,0,0,3,0.00,1,0,0,161,0.14,3,0,3,64,0.01,1,0,1,58,0.08,5,0,1,22,0.04,0,0,2,22,0.07,0,0,6,10,0.06,0,0,2,11,0.04,0,0,3,8,0.02,0,0,1,75,0.07,0,0,2,77,0.12,0,0,6,29,0.12,0,0,9,53,0.08,0,0,3,28,0.16,0,0,9,33,0.23,0,0,6,3,0.01,0,0,2,21,0.12,0,0,2,6,0.03,0,0,1,1,0.02,0,0,2,41,0.04,0,0,1,13,0.05,0,0,1,11,0.12,0,0,2,23,0.07,0,0,2,14,0.07,0,0,2,7,0.06,0,0,2,20,0.10,0,0,2,3,0.06,0,0,2,26,0.09,0,0,2,24,0.11,0,0,2,7,0.05,0,0,2,31,0.04,0,0,3,14,0.16,0,0,3,17,0.07,0,0,2,9,0.06,0,0,2,23,0.10,0,0,3,50,0.07,2,0,1
202,1130,62,0,17,0,0,0,1,IDLE,,1,PROTECTING,Field_1,1,PROTECTING,Field_2,1,IDLE,,1,IDLE,,1,IDLE,,1,PROTECTING,Field_6,1,IDLE,,1,IDLE,,1,PROTECTING,Field_3,1,IDLE,,1,PROTECTING,Field_2,1,IDLE,,1,PROTECTING,Field_4,1,IDLE,,1,IDLE,,1,PROTECTING,Field_6,1,PROTECTING,Field_40,1,PROTECTING,Field_8,1,PROTECTING,Field_8,1,PROTECTING,Field_6,1,IDLE,,1,PROTECTING,Field_8,1,PROTECTING,Field_8,1,PROTECTING,Field_8,1,IDLE,,1,IDLE,,1,IDLE,,1,IDLE,,1,IDLE,,1,IDLE,,1,IDLE,,1,IDLE,,1,IDLE,,1,PROTECTING,Field_7,1,IDLE,,1,IDLE,,1,IDLE,,1,PROTECTING,Field_5,1,PROTECTING,Field_40,1,IDLE,,1,IDLE,,1,IDLE,,1,IDLE,,1,IDLE,,1,IDLE,,1,IDLE,,1,IDLE,,1,IDLE,,1,IDLE,,1,IDLE,,1,IDLE,,1,IDLE,,1,IDLE,,1,IDLE,,1,IDLE,,1,IDLE,,1,IDLE,,1,IDLE,,1,IDLE,,1,IDLE,,1,IDLE,,1,IDLE,,1,IDLE,,1,IDLE,,1,IDLE,,1,IDLE,,1,IDLE,,1,IDLE,,1,IDLE,,1,IDLE,,1,IDLE,,1,IDLE,,1,IDLE,,1,IDLE,,1,IDLE,,1,IDLE,,1,IDLE,,1,IDLE,,57,0.18,1,0,8,24,0.09,2,0,2,24,0.08,1,0,1,0,0.00,1,0,0,3,0.00,1,0,0,162,0.14,3,0,3,64,0.01,1,0,1,58,0.08,5,0,1,22,0.04,0,0,2,22,0.07,0,0,6,10,0.06,0,0,2,11,0.04,0,0,3,8,0.02,0,0,1,75,0.09,0,0,2,77,0.12,0,0,6,30,0.13,0,0,9,53,0.08,0,0,3,28,0.17,0,0,9,35,0.23,0,0,6,3,0.00,0,0,2,21,0.12,0,0,2,6,0.03,0,0,1,1,0.00,0,0,2,41,0.05,0,0,1,13,0.05,0,0,1,11,0.12,0,0,2,23,0.08,0,0,2,14,0.07,0,0,2,8,0.06,0,0,2,20,0.10,0,0,2,3,0.06,0,0,2,26,0.09,0,0,2,25,0.11,0,0,2,7,0.05,0,0,2,31,0.05,0,0,3,14,0.16,0,0,3,17,0.07,0,0,2,9,0.07,0,0,2,23,0.10,0,0,3,51,0.07,2,0,1
203,1134,62,0,17,0,0,0,1,IDLE,,1,PROTECTING,Field_1,1,PROTECTING,Field_2,1,IDLE,,1,IDLE,,1,IDLE,,1,PROTECTING,Field_6,1,IDLE,,1,IDLE,,1,PROTECTING,Field_3,1,IDLE,,1,PROTECTING,Field_2,1,IDLE,,1,PROTECTING,Field_4,1,IDLE,,1,IDLE,,1,PROTECTING,Field_6,1,PROTECTING,Field_40,1,PROTECTING,Field_8,1,PROTECTING,Field_8,1,PROTECTING,Field_6,1,IDLE,,1,PROTECTING,Field_8,1,PROTECTING,Field_8,1,PROTECTING,Field_8,1,IDLE,,1,IDLE,,1,IDLE,,1,IDLE,,1,IDLE,,1,IDLE,,1,IDLE,,1,IDLE,,1,IDLE,,1,PROTECTING,Field_7,1,IDLE,,1,IDLE,,1,IDLE,,1,PROTECTING,Field_5,1,PROTECTING,Field_40,1,IDLE,,1,IDLE,,1,IDLE,,1,IDLE,,1,IDLE,,1,IDLE,,1,IDLE,,1,IDLE,,1,IDLE,,1,IDLE,,1,IDLE,,1,IDLE,,1,IDLE,,1,IDLE,,1,IDLE,,1,IDLE,,1,IDLE,,1,IDLE,,1,IDLE,,1,IDLE,,1,IDLE,,1,IDLE,,1,IDLE,,1,IDLE,,1,IDLE,,1,IDLE,,1,IDLE,,1,IDLE,,1,IDLE,,1,IDLE,,1,IDLE,,1,IDLE,,1,IDLE,,1,IDLE,,1,IDLE,,1,IDLE,,1,IDLE,,1,IDLE,,1,IDLE,,57,0.18,1,0,8,25,0.09,2,0,2,24,0.08,1,0,1,0,0.00,1,0,0,3,0.00,1,0,0,162,0.14,3,0,3,64,0.01,1,0,1,59,0.08,5,0,1,22,0.04,0,0,2,22,0.07,0,0,6,10,0.06,0,0,2,11,0.04,0,0,3,8,0.02,0,0,1,76,0.09,0,0,2,77,0.13,0,0,6,31,0.13,0,0,9,53,0.08,0,0,3,28,0.18,0,0,9,35,0.23,0,0,6,3,0.00,0,0,2,21,0.12,0,0,2,6,0.03,0,0,1,1,0.00,0,0,2,41,0.07,0,0,1,13,0.05,0,0,1,11,0.12,0,0,2,23,0.09,0,0,2,14,0.07,0,0,2,8,0.05,0,0,2,20,0.09,0,0,2,3,0.06,0,0,2,26,0.09,0,0,2,25,0.09,0,0,2,7,0.05,0,0,2,31,0.04,0,0,3,14,0.16,0,0,3,17,0.07,0,0,2,9,0.06,0,0,2,23,0.09,0,0,3,51,0.07,2,0,1
204,1136,62,0,17,0,0,0,1,IDLE,,1,PROTECTING,Field_1,1,PROTECTING,Field_2,1,IDLE,,1,IDLE,,1,IDLE,,1,PROTECTING,Field_6,1,IDLE,,1,IDLE,,1,PROTECTING,Field_3,1,IDLE,,1,PROTECTING,Field_2,1,IDLE,,1,PROTECTING,Field_4,1,IDLE,,1,IDLE,,1,PROTECTING,Field_6,1,PROTECTING,Field_40,1,PROTECTING,Field_8,1,PROTECTING,Field_8,1,PROTECTING,Field_6,1,IDLE,,1,PROTECTING,Field_8,1,PROTECTING,Field_8,1,PROTECTING,Field_8,1,IDLE,,1,IDLE,,1,IDLE,,1,IDLE,,1,IDLE,,1,IDLE,,1,IDLE,,1,IDLE,,1,IDLE,,1,PROTECTING,Field_7,1,IDLE,,1,IDLE,,1,IDLE,,1,PROTECTING,Field_5,1,PROTECTING,Field_40,1,IDLE,,1,IDLE,,1,IDLE,,1,IDLE,,1,IDLE,,1,IDLE,,1,IDLE,,1,IDLE,,1,IDLE,,1,IDLE,,1,IDLE,,1,IDLE,,1,IDLE,,1,IDLE,,1,IDLE,,1,IDLE,,1,IDLE,,1,IDLE,,1,IDLE,,1,IDLE,,1,IDLE,,1,IDLE,,1,IDLE,,1,IDLE,,1,IDLE,,1,IDLE,,1,IDLE,,1,IDLE,,1,IDLE,,1,IDLE,,1,IDLE,,1,IDLE,,1,IDLE,,1,IDLE,,1,IDLE,,1,IDLE,,1,IDLE,,1,IDLE,,1,IDLE,,58,0.18,1,0,8,25,0.09,2,0,2,24,0.06,1,0,1,0,0.00,1,0,0,3,0.00,1,0,0,163,0.14,3,0,3,64,0.01,1,0,1,59,0.08,5,0,1,22,0.04,0,0,2,22,0.08,0,0,6,10,0.06,0,0,2,11,0.05,0,0,3,8,0.03,0,0,1,76,0.09,0,0,2,77,0.12,0,0,6,31,0.14,0,0,9,53,0.08,0,0,3,28,0.17,0,0,9,35,0.24,0,0,6,3,0.00,0,0,2,21,0.12,0,0,2,6,0.03,0,0,1,1,0.00,0,0,2,41,0.05,0,0,1,13,0.05,0,0,1,11,0.12,0,0,2,23,0.09,0,0,2,14,0.07,0,0,2,8,0.05,0,0,2,20,0.09,0,0,2,3,0.06,0,0,2,26,0.09,0,0,2,25,0.09,0,0,2,7,0.05,0,0,2,31,0.04,0,0,3,14,0.14,0,0,3,17,0.07,0,0,2,9,0.05,0,0,2,23,0.08,0,0,3,51,0.07,2,0,1
205,1136,62,0,17,0,0,0,1,IDLE,,1,PROTECTING,Field_1,1,PROTECTING,Field_2,1,IDLE,,1,IDLE,,1,IDLE,,1,PROTECTING,Field_6,1,IDLE,,1,IDLE,,1,PROTECTING,Field_3,1,IDLE,,1,PROTECTING,Field_2,1,IDLE,,1,PROTECTING,Field_4,1,IDLE,,1,IDLE,,1,PROTECTING,Field_6,1,PROTECTING,Field_40,1,PROTECTING,Field_8,1,PROTECTING,Field_8,1,PROTECTING,Field_6,1,IDLE,,1,PROTECTING,Field_8,1,PROTECTING,Field_8,1,PROTECTING,Field_8,1,IDLE,,1,IDLE,,1,IDLE,,1,IDLE,,1,IDLE,,1,IDLE,,1,IDLE,,1,IDLE,,1,IDLE,,1,PROTECTING,Field_7,1,IDLE,,1,IDLE,,1,IDLE,,1,PROTECTING,Field_5,1,PROTECTING,Field_40,1,IDLE,,1,IDLE,,1,IDLE,,1,IDLE,,1,IDLE,,1,IDLE,,1,IDLE,,1,IDLE,,1,IDLE,,1,IDLE,,1,IDLE,,1,IDLE,,1,IDLE,,1,IDLE,,1,IDLE,,1,IDLE,,1,IDLE,,1,IDLE,,1,IDLE,,1,IDLE,,1,IDLE,,1,IDLE,,1,IDLE,,1,IDLE,,1,IDLE,,1,IDLE,,1,IDLE,,1,IDLE,,1,IDLE,,1,IDLE,,1,IDLE,,1,IDLE,,1,IDLE,,1,IDLE,,1,IDLE,,1,IDLE,,1,IDLE,,1,IDLE,,1,IDLE,,58,0.18,1,0,8,25,0.09,2,0,2,24,0.05,1,0,1,0,0.00,1,0,0,3,0.00,1,0,0,163,0.13,3,0,3,64,0.01,1,0,1,59,0.08,5,0,1,22,0.03,0,0,2,22,0.08,0,0,6,10,0.04,0,0,2,11,0.05,0,0,3,8,0.05,0,0,1,76,0.09,0,0,2,77,0.11,0,0,6,31,0.13,0,0,9,53,0.08,0,0,3,28,0.17,0,0,9,35,0.24,0,0,6,3,0.00,0,0,2,21,0.11,0,0,2,6,0.05,0,0,1,1,0.00,0,0,2,41,0.05,0,0,1,13,0.05,0,0,1,11,0.13,0,0,2,23,0.09,0,0,2,14,0.07,0,0,2,8,0.05,0,0,2,20,0.08,0,0,2,3,0.06,0,0,2,26,0.09,0,0,2,25,0.09,0,0,2,7,0.05,0,0,2,31,0.04,0,0,3,14,0.14,0,0,3,17,0.08,0,0,2,9,0.05,0,0,2,23,0.09,0,0,3,51,0.07,2,0,1
206,1142,62,0,17,0,0,0,1,IDLE,,1,PROTECTING,Field_1,1,PROTECTING,Field_2,1,IDLE,,1,IDLE,,1,IDLE,,1,PROTECTING,Field_6,1,IDLE,,1,IDLE,,1,PROTECTING,Field_3,1,IDLE,,1,PROTECTING,Field_2,1,IDLE,,1,PROTECTING,Field_4,1,IDLE,,1,IDLE,,1,PROTECTING,Field_6,1,PROTECTING,Field_40,1,PROTECTING,Field_8,1,PROTECTING,Field_8,1,PROTECTING,Field_6,1,IDLE,,1,PROTECTING,Field_8,1,PROTECTING,Field_8,1,PROTECTING,Field_8,1,IDLE,,1,IDLE,,1,IDLE,,1,IDLE,,1,IDLE,,1,IDLE,,1,IDLE,,1,IDLE,,1,IDLE,,1,PROTECTING,Field_7,1,IDLE,,1,IDLE,,1,IDLE,,1,PROTECTING,Field_5,1,PROTECTING,Field_40,1,IDLE,,1,IDLE,,1,IDLE,,1,IDLE,,1,IDLE,,1,IDLE,,1,IDLE,,1,IDLE,,1,IDLE,,1,IDLE,,1,IDLE,,1,IDLE,,1,IDLE,,1,IDLE,,1,IDLE,,1,IDLE,,1,IDLE,,1,IDLE,,1,IDLE,,1,IDLE,,1,IDLE,,1,IDLE,,1,IDLE,,1,IDLE,,1,IDLE,,1,IDLE,,1,IDLE,,1,IDLE,,1,IDLE,,1,IDLE,,1,IDLE,,1,IDLE,,1,IDLE,,1,IDLE,,1,IDLE,,1,IDLE,,1,IDLE,,1,IDLE,,1,IDLE,,58,0.17,1,0,8,25,0.09,2,0,2,24,0.05,1,0,1,0,0.00,1,0,0,3,0.00,1,0,0,164,0.14,3,0,3,64,0.01,1,0,1,60,0.08,5,0,1,22,0.03,0,0,2,22,0.08,0,0,6,10,0.04,0,0,2,11,0.04,0,0,3,8,0.05,0,0,1,76,0.09,0,0,2,77,0.11,0,0,6,31,0.13,0,0,9,53,0.08,0,0,3,28,0.16,0,0,9,36,0.26,0,0,6,3,0.00,0,0,2,21,0.11,0,0,2,6,0.05,0,0,1,1,0.00,0,0,2,41,0.05,0,0,1,14,0.05,0,0,1,12,0.12,0,0,2,24,0.08,0,0,2,14,0.07,0,0,2,8,0.05,0,0,2,20,0.08,0,0,2,3,0.06,0,0,2,26,0.09,0,0,2,25,0.09,0,0,2,7,0.05,0,0,2,31,0.04,0,0,3,14,0.14,0,0,3,17,0.08,0,0,2,9,0.05,0,0,2,23,0.08,0,0,3,51,0.07,2,0,1
207,1142,62,0,17,0,0,0,1,IDLE,,1,PROTECTING,Field_1,1,PROTECTING,Field_2,1,IDLE,,1,IDLE,,1,IDLE,,1,PROTECTING,Field_6,1,IDLE,,1,IDLE,,1,PROTECTING,Field_3,1,IDLE,,1,PROTECTING,Field_2,1,IDLE,,1,PROTECTING,Field_4,1,IDLE,,1,IDLE,,1,PROTECTING,Field_6,1,PROTECTING,Field_40,1,PROTECTING,Field_8,1,PROTECTING,Field_8,1,PROTECTING,Field_6,1,IDLE,,1,PROTECTING,Field_8,1,PROTECTING,Field_8,1,PROTECTING,Field_8,1,IDLE,,1,IDLE,,1,IDLE,,1,IDLE,,1,IDLE,,1,IDLE,,1,IDLE,,1,IDLE,,1,IDLE,,1,PROTECTING,Field_7,1,IDLE,,1,IDLE,,1,IDLE,,1,PROTECTING,Field_5,1,PROTECTING,Field_40,1,IDLE,,1,IDLE,,1,IDLE,,1,IDLE,,1,IDLE,,1,IDLE,,1,IDLE,,1,IDLE,,1,IDLE,,1,IDLE,,1,IDLE,,1,IDLE,,1,IDLE,,1,IDLE,,1,IDLE,,1,IDLE,,1,IDLE,,1,IDLE,,1,IDLE,,1,IDLE,,1,IDLE,,1,IDLE,,1,IDLE,,1,IDLE,,1,IDLE,,1,IDLE,,1,IDLE,,1,IDLE,,1,IDLE,,1,IDLE,,1,IDLE,,1,IDLE,,1,IDLE,,1,IDLE,,1,IDLE,,1,IDLE,,1,IDLE,,1,IDLE,,1,IDLE,,58,0.17,1,0,8,25,0.09,2,0,2,24,0.08,1,0,1,0,0.00,1,0,0,3,0.00,1,0,0,164,0.13,3,0,3,64,0.03,1,0,1,60,0.08,5,0,1,22,0.04,0,0,2,22,0.08,0,0,6,10,0.04,0,0,2,11,0.04,0,0,3,8,0.05,0,0,1,76,0.10,0,0,2,77,0.10,0,0,6,31,0.15,0,0,9,53,0.08,0,0,3,28,0.17,0,0,9,36,0.26,0,0,6,3,0.00,0,0,2,21,0.11,0,0,2,6,0.02,0,0,1,1,0.00,0,0,2,41,0.05,0,0,1,14,0.05,0,0,1,12,0.12,0,0,2,24,0.08,0,0,2,14,0.07,0,0,2,8,0.06,0,0,2,20,0.06,0,0,2,3,0.04,0,0,2,26,0.10,0,0,2,25,0.05,0,0,2,7,0.05,0,0,2,31,0.04,0,0,3,14,0.14,0,0,3,17,0.08,0,0,2,9,0.04,0,0,2,23,0.07,0,0,3,51,0.05,2,0,1
208,1145,62,0,17,0,0,0,1,IDLE,,1,PROTECTING,Field_1,1,PROTECTING,Field_2,1,IDLE,,1,IDLE,,1,IDLE,,1,PROTECTING,Field_6,1,IDLE,,1,IDLE,,1,PROTECTING,Field_3,1,IDLE,,1,PROTECTING,Field_2,1,IDLE,,1,PROTECTING,Field_4,1,IDLE,,1,IDLE,,1,PROTECTING,Field_6,1,PROTECTING,Field_40,1,PROTECTING,Field_8,1,PROTECTING,Field_8,1,PROTECTING,Field_6,1,IDLE,,1,PROTECTING,Field_8,1,PROTECTING,Field_8,1,PROTECTING,Field_8,1,IDLE,,1,IDLE,,1,IDLE,,1,IDLE,,1,IDLE,,1,IDLE,,1,IDLE,,1,IDLE,,1,IDLE,,1,PROTECTING,Field_7,1,IDLE,,1,IDLE,,1,IDLE,,1,PROTECTING,Field_5,1,PROTECTING,Field_40,1,IDLE,,1,IDLE,,1,IDLE,,1,IDLE,,1,IDLE,,1,IDLE,,1,IDLE,,1,IDLE,,1,IDLE,,1,IDLE,,1,IDLE,,1,IDLE,,1,IDLE,,1,IDLE,,1,IDLE,,1,IDLE,,1,IDLE,,1,IDLE,,1,IDLE,,1,IDLE,,1,IDLE,,1,IDLE,,1,IDLE,,1,IDLE,,1,IDLE,,1,IDLE,,1,IDLE,,1,IDLE,,1,IDLE,,1,IDLE,,1,IDLE,,1,IDLE,,1,IDLE,,1,IDLE,,1,IDLE,,1,IDLE,,1,IDLE,,1,IDLE,,1,IDLE,,58,0.19,1,0,8,25,0.09,2,0,2,24,0.08,1,0,1,0,0.00,1,0,0,3,0.00,1,0,0,164,0.12,3,0,3,64,0.03,1,0,1,60,0.08,5,0,1,22,0.04,0,0,2,22,0.08,0,0,6,10,0.06,0,0,2,11,0.04,0,0,3,8,0.05,0,0,1,76,0.10,0,0,2,77,0.12,0,0,6,31,0.14,0,0,9,53,0.08,0,0,3,28,0.16,0,0,9,38,0.23,0,0,6,3,0.00,0,0,2,21,0.11,0,0,2,6,0.02,0,0,1,1,0.00,0,0,2,42,0.05,0,0,1,14,0.05,0,0,1,12,0.10,0,0,2,24,0.09,0,0,2,14,0.04,0,0,2,8,0.08,0,0,2,20,0.05,0,0,2,3,0.04,0,0,2,26,0.10,0,0,2,25,0.05,0,0,2,7,0.07,0,0,2,31,0.04,0,0,3,14,0.14,0,0,3,17,0.08,0,0,2,9,0.04,0,0,2,23,0.07,0,0,3,51,0.05,2,0,1
209,1147,62,0,17,0,0,0,1,IDLE,,1,PROTECTING,Field_1,1,PROTECTING,Field_2,1,IDLE,,1,IDLE,,1,IDLE,,1,PROTECTING,Field_6,1,IDLE,,1,IDLE,,1,PROTECTING,Field_3,1,IDLE,,1,PROTECTING,Field_2,1,IDLE,,1,PROTECTING,Field_4,1,IDLE,,1,IDLE,,1,PROTECTING,Field_6,1,PROTECTING,Field_40,1,PROTECTING,Field_8,1,PROTECTING,Field_8,1,PROTECTING,Field_6,1,IDLE,,1,PROTECTING,Field_8,1,PROTECTING,Field_8,1,PROTECTING,Field_8,1,IDLE,,1,IDLE,,1,IDLE,,1,IDLE,,1,IDLE,,1,IDLE,,1,IDLE,,1,IDLE,,1,IDLE,,1,PROTECTING,Field_7,1,IDLE,,1,IDLE,,1,IDLE,,1,PROTECTING,Field_5,1,PROTECTING,Field_40,1,IDLE,,1,IDLE,,1,IDLE,,1,IDLE,,1,IDLE,,1,IDLE,,1,IDLE,,1,IDLE,,1,IDLE,,1,IDLE,,1,IDLE,,1,IDLE,,1,IDLE,,1,IDLE,,1,IDLE,,1,IDLE,,1,IDLE,,1,IDLE,,1,IDLE,,1,IDLE,,1,IDLE,,1,IDLE,,1,IDLE,,1,IDLE,,1,IDLE,,1,IDLE,,1,IDLE,,1,IDLE,,1,IDLE,,1,IDLE,,1,IDLE,,1,IDLE,,1,IDLE,,1,IDLE,,1,IDLE,,1,IDLE,,1,IDLE,,1,IDLE,,1,IDLE,,58,0.19,1,0,8,25,0.09,2,0,2,24,0.08,1,0,1,0,0.00,1,0,0,3,0.00,1,0,0,165,0.12,3,0,3,64,0.03,1,0,1,60,0.08,5,0,1,22,0.04,0,0,2,22,0.08,0,0,6,10,0.06,0,0,2,11,0.04,0,0,3,8,0.05,0,0,1,76,0.10,0,0,2,77,0.13,0,0,6,31,0.15,0,0,9,53,0.09,0,0,3,28,0.16,0,0,9,38,0.23,0,0,6,3,0.01,0,0,2,21,0.11,0,0,2,6,0.02,0,0,1,1,0.00,0,0,2,43,0.05,0,0,1,14,0.05,0,0,1,12,0.10,0,0,2,24,0.09,0,0,2,14,0.04,0,0,2,8,0.10,0,0,2,20,0.06,0,0,2,3,0.02,0,0,2,26,0.10,0,0,2,25,0.05,0,0,2,7,0.05,0,0,2,31,0.04,0,0,3,14,0.14,0,0,3,17,0.08,0,0,2,9,0.04,0,0,2,23,0.08,0,0,3,51,0.05,2,0,1
210,1150,62,0,17,0,0,0,1,IDLE,,1,PROTECTING,Field_1,1,PROTECTING,Field_2,1,IDLE,,1,IDLE,,1,IDLE,,1,PROTECTING,Field_6,1,IDLE,,1,IDLE,,1,PROTECTING,Field_3,1,IDLE,,1,PROTECTING,Field_2,1,IDLE,,1,PROTECTING,Field_4,1,IDLE,,1,IDLE,,1,PROTECTING,Field_6,1,PROTECTING,Field_40,1,PROTECTING,Field_8,1,PROTECTING,Field_8,1,PROTECTING,Field_6,1,IDLE,,1,PROTECTING,Field_8,1,PROTECTING,Field_8,1,PROTECTING,Field_8,1,IDLE,,1,IDLE,,1,IDLE,,1,IDLE,,1,IDLE,,1,IDLE,,1,IDLE,,1,IDLE,,1,IDLE,,1,PROTECTING,Field_7,1,IDLE,,1,IDLE,,1,IDLE,,1,PROTECTING,Field_5,1,PROTECTING,Field_40,1,IDLE,,1,IDLE,,1,IDLE,,1,IDLE,,1,IDLE,,1,IDLE,,1,IDLE,,1,IDLE,,1,IDLE,,1,IDLE,,1,IDLE,,1,IDLE,,1,IDLE,,1,IDLE,,1,IDLE,,1,IDLE,,1,IDLE,,1,IDLE,,1,IDLE,,1,IDLE,,1,IDLE,,1,IDLE,,1,IDLE,,1,IDLE,,1,IDLE,,1,IDLE,,1,IDLE,,1,IDLE,,1,IDLE,,1,IDLE,,1,IDLE,,1,IDLE,,1,IDLE,,1,IDLE,,1,IDLE,,1,IDLE,,1,IDLE,,1,IDLE,,1,IDLE,,58,0.19,1,0,8,25,0.09,2,0,2,25,0.08,1,0,1,0,0.00,1,0,0,3,0.00,1,0,0,165,0.12,3,0,3,64,0.03,1,0,1,61,0.08,5,0,1,22,0.04,0,0,2,22,0.08,0,0,6,10,0.04,0,0,2,11,0.04,0,0,3,8,0.06,0,0,1,76,0.10,0,0,2,77,0.14,0,0,6,31,0.16,0,0,9,53,0.09,0,0,3,28,0.16,0,0,9,38,0.23,0,0,6,3,0.01,0,0,2,21,0.09,0,0,2,6,0.02,0,0,1,1,0.00,0,0,2,43,0.05,0,0,1,14,0.05,0,0,1,12,0.10,0,0,2,24,0.08,0,0,2,14,0.04,0,0,2,8,0.10,0,0,2,20,0.06,0,0,2,3,0.02,0,0,2,26,0.08,0,0,2,25,0.05,0,0,2,7,0.05,0,0,2,31,0.04,0,0,3,15,0.14,0,0,3,17,0.08,0,0,2,9,0.04,0,0,2,23,0.08,0,0,3,51,0.07,2,0,1
211,1153,62,0,17,0,0,0,1,IDLE,,1,PROTECTING,Field_1,1,PROTECTING,Field_2,1,IDLE,,1,IDLE,,1,IDLE,,1,PROTECTING,Field_6,1,IDLE,,1,IDLE,,1,PROTECTING,Field_3,1,IDLE,,1,PROTECTING,Field_2,1,IDLE,,1,PROTECTING,Field_4,1,IDLE,,1,IDLE,,1,PROTECTING,Field_6,1,PROTECTING,Field_40,1,PROTECTING,Field_8,1,PROTECTING,Field_8,1,PROTECTING,Field_6,1,IDLE,,1,PROTECTING,Field_8,1,PROTECTING,Field_8,1,PROTECTING,Field_8,1,IDLE,,1,IDLE,,1,IDLE,,1,IDLE,,1,IDLE,,1,IDLE,,1,IDLE,,1,IDLE,,1,IDLE,,1,PROTECTING,Field_7,1,IDLE,,1,IDLE,,1,IDLE,,1,PROTECTING,Field_5,1,PROTECTING,Field_40,1,IDLE,,1,IDLE,,1,IDLE,,1,IDLE,,1,IDLE,,1,IDLE,,1,IDLE,,1,IDLE,,1,IDLE,,1,IDLE,,1,IDLE,,1,IDLE,,1,IDLE,,1,IDLE,,1,IDLE,,1,IDLE,,1,IDLE,,1,IDLE,,1,IDLE,,1,IDLE,,1,IDLE,,1,IDLE,,1,IDLE,,1,IDLE,,1,IDLE,,1,IDLE,,1,IDLE,,1,IDLE,,1,IDLE,,1,IDLE,,1,IDLE,,1,IDLE,,1,IDLE,,1,IDLE,,1,IDLE,,1,IDLE,,1,IDLE,,1,IDLE,,1,IDLE,,58,0.18,1,0,8,25,0.09,2,0,2,25,0.06,1,0,1,0,0.00,1,0,0,3,0.00,1,0,0,165,0.12,3,0,3,64,0.03,1,0,1,61,0.08,5,0,1,22,0.04,0,0,2,22,0.08,0,0,6,10,0.06,0,0,2,11,0.04,0,0,3,8,0.06,0,0,1,76,0.09,0,0,2,77,0.14,0,0,6,31,0.15,0,0,9,53,0.09,0,0,3,28,0.18,0,0,9,38,0.23,0,0,6,3,0.01,0,0,2,21,0.09,0,0,2,6,0.02,0,0,1,1,0.02,0,0,2,43,0.05,0,0,1,15,0.05,0,0,1,12,0.09,0,0,2,25,0.08,0,0,2,14,0.04,0,0,2,8,0.10,0,0,2,20,0.06,0,0,2,3,0.02,0,0,2,26,0.08,0,0,2,25,0.07,0,0,2,7,0.05,0,0,2,31,0.04,0,0,3,16,0.14,0,0,3,17,0.07,0,0,2,9,0.04,0,0,2,23,0.08,0,0,3,51,0.05,2,0,1
212,1155,62,0,17,0,0,0,1,IDLE,,1,PROTECTING,Field_1,1,PROTECTING,Field_2,1,IDLE,,1,IDLE,,1,IDLE,,1,PROTECTING,Field_6,1,IDLE,,1,IDLE,,1,PROTECTING,Field_3,1,IDLE,,1,PROTECTING,Field_2,1,IDLE,,1,PROTECTING,Field_4,1,IDLE,,1,IDLE,,1,PROTECTING,Field_6,1,PROTECTING,Field_40,1,PROTECTING,Field_8,1,PROTECTING,Field_8,1,PROTECTING,Field_6,1,IDLE,,1,PROTECTING,Field_8,1,PROTECTING,Field_8,1,PROTECTING,Field_8,1,IDLE,,1,IDLE,,1,IDLE,,1,IDLE,,1,IDLE,,1,IDLE,,1,IDLE,,1,IDLE,,1,IDLE,,1,PROTECTING,Field_7,1,IDLE,,1,IDLE,,1,IDLE,,1,PROTECTING,Field_5,1,PROTECTING,Field_40,1,IDLE,,1,IDLE,,1,IDLE,,1,IDLE,,1,IDLE,,1,IDLE,,1,IDLE,,1,IDLE,,1,IDLE,,1,IDLE,,1,IDLE,,1,IDLE,,1,IDLE,,1,IDLE,,1,IDLE,,1,IDLE,,1,IDLE,,1,IDLE,,1,IDLE,,1,IDLE,,1,IDLE,,1,IDLE,,1,IDLE,,1,IDLE,,1,IDLE,,1,IDLE,,1,IDLE,,1,IDLE,,1,IDLE,,1,IDLE,,1,IDLE,,1,IDLE,,1,IDLE,,1,IDLE,,1,IDLE,,1,IDLE,,1,IDLE,,1,IDLE,,1,IDLE,,58,0.17,1,0,8,25,0.12,2,0,2,25,0.06,1,0,1,0,0.00,1,0,0,3,0.00,1,0,0,165,0.13,3,0,3,64,0.03,1,0,1,62,0.08,5,0,1,22,0.04,0,0,2,22,0.08,0,0,6,10,0.06,0,0,2,11,0.05,0,0,3,8,0.05,0,0,1,76,0.09,0,0,2,77,0.14,0,0,6,31,0.15,0,0,9,53,0.11,0,0,3,28,0.17,0,0,9,38,0.21,0,0,6,3,0.01,0,0,2,22,0.09,0,0,2,6,0.00,0,0,1,1,0.02,0,0,2,43,0.05,0,0,1,15,0.05,0,0,1,12,0.09,0,0,2,25,0.08,0,0,2,14,0.07,0,0,2,8,0.08,0,0,2,20,0.06,0,0,2,3,0.02,0,0,2,26,0.06,0,0,2,25,0.07,0,0,2,7,0.07,0,0,2,31,0.04,0,0,3,16,0.16,0,0,3,17,0.07,0,0,2,9,0.04,0,0,2,23,0.08,0,0,3,51,0.05,2,0,1
213,1159,62,0,17,0,0,0,1,IDLE,,1,PROTECTING,Field_1,1,PROTECTING,Field_2,1,IDLE,,1,IDLE,,1,IDLE,,1,PROTECTING,Field_6,1,IDLE,,1,IDLE,,1,PROTECTING,Field_3,1,IDLE,,1,PROTECTING,Field_2,1,IDLE,,1,PROTECTING,Field_4,1,IDLE,,1,IDLE,,1,PROTECTING,Field_6,1,PROTECTING,Field_40,1,PROTECTING,Field_8,1,PROTECTING,Field_8,1,PROTECTING,Field_6,1,IDLE,,1,PROTECTING,Field_8,1,PROTECTING,Field_8,1,PROTECTING,Field_8,1,IDLE,,1,IDLE,,1,IDLE,,1,IDLE,,1,IDLE,,1,IDLE,,1,IDLE,,1,IDLE,,1,IDLE,,1,PROTECTING,Field_7,1,IDLE,,1,IDLE,,1,IDLE,,1,PROTECTING,Field_5,1,PROTECTING,Field_40,1,IDLE,,1,IDLE,,1,IDLE,,1,IDLE,,1,IDLE,,1,IDLE,,1,IDLE,,1,IDLE,,1,IDLE,,1,IDLE,,1,IDLE,,1,IDLE,,1,IDLE,,1,IDLE,,1,IDLE,,1,IDLE,,1,IDLE,,1,IDLE,,1,IDLE,,1,IDLE,,1,IDLE,,1,IDLE,,1,IDLE,,1,IDLE,,1,IDLE,,1,IDLE,,1,IDLE,,1,IDLE,,1,IDLE,,1,IDLE,,1,IDLE,,1,IDLE,,1,IDLE,,1,IDLE,,1,IDLE,,1,IDLE,,1,IDLE,,1,IDLE,,1,IDLE,,58,0.17,1,0,8,25,0.12,2,0,2,26,0.08,1,0,1,0,0.00,1,0,0,3,0.00,1,0,0,165,0.14,3,0,3,64,0.03,1,0,1,62,0.08,5,0,1,22,0.04,0,0,2,22,0.08,0,0,6,10,0.06,0,0,2,11,0.05,0,0,3,8,0.06,0,0,1,77,0.08,0,0,2,77,0.14,0,0,6,31,0.15,0,0,9,53,0.11,0,0,3,28,0.18,0,0,9,38,0.21,0,0,6,3,0.01,0,0,2,22,0.09,0,0,2,6,0.00,0,0,1,1,0.02,0,0,2,43,0.05,0,0,1,15,0.05,0,0,1,12,0.09,0,0,2,25,0.09,0,0,2,14,0.07,0,0,2,8,0.08,0,0,2,20,0.08,0,0,2,3,0.02,0,0,2,26,0.06,0,0,2,25,0.07,0,0,2,7,0.07,0,0,2,31,0.04,0,0,3,17,0.16,0,0,3,18,0.07,0,0,2,9,0.04,0,0,2,23,0.08,0,0,3,51,0.05,2,0,1
214,1161,62,0,17,0,0,0,1,IDLE,,1,PROTECTING,Field_1,1,PROTECTING,Field_2,1,IDLE,,1,IDLE,,1,IDLE,,1,PROTECTING,Field_6,1,IDLE,,1,IDLE,,1,PROTECTING,Field_3,1,IDLE,,1,PROTECTING,Field_2,1,IDLE,,1,PROTECTING,Field_4,1,IDLE,,1,IDLE,,1,PROTECTING,Field_6,1,PROTECTING,Field_40,1,PROTECTING,Field_8,1,PROTECTING,Field_8,1,PROTECTING,Field_6,1,IDLE,,1,PROTECTING,Field_8,1,PROTECTING,Field_8,1,PROTECTING,Field_8,1,IDLE,,1,IDLE,,1,IDLE,,1,IDLE,,1,IDLE,,1,IDLE,,1,IDLE,,1,IDLE,,1,IDLE,,1,PROTECTING,Field_7,1,IDLE,,1,IDLE,,1,IDLE,,1,PROTECTING,Field_5,1,PROTECTING,Field_40,1,IDLE,,1,IDLE,,1,IDLE,,1,IDLE,,1,IDLE,,1,IDLE,,1,IDLE,,1,IDLE,,1,IDLE,,1,IDLE,,1,IDLE,,1,IDLE,,1,IDLE,,1,IDLE,,1,IDLE,,1,IDLE,,1,IDLE,,1,IDLE,,1,IDLE,,1,IDLE,,1,IDLE,,1,IDLE,,1,IDLE,,1,IDLE,,1,IDLE,,1,IDLE,,1,IDLE,,1,IDLE,,1,IDLE,,1,IDLE,,1,IDLE,,1,IDLE,,1,IDLE,,1,IDLE,,1,IDLE,,1,IDLE,,1,IDLE,,1,IDLE,,1,IDLE,,58,0.18,1,0,8,26,0.12,2,0,2,26,0.06,1,0,1,0,0.00,1,0,0,3,0.00,1,0,0,165,0.14,3,0,3,64,0.03,1,0,1,62,0.07,5,0,1,22,0.04,0,0,2,22,0.08,0,0,6,10,0.06,0,0,2,11,0.06,0,0,3,8,0.08,0,0,1,78,0.08,0,0,2,77,0.14,0,0,6,31,0.16,0,0,9,53,0.11,0,0,3,28,0.18,0,0,9,38,0.21,0,0,6,3,0.01,0,0,2,22,0.08,0,0,2,6,0.00,0,0,1,1,0.00,0,0,2,43,0.05,0,0,1,15,0.05,0,0,1,12,0.09,0,0,2,25,0.09,0,0,2,14,0.07,0,0,2,8,0.08,0,0,2,20,0.08,0,0,2,3,0.02,0,0,2,26,0.06,0,0,2,25,0.07,0,0,2,7,0.05,0,0,2,31,0.04,0,0,3,17,0.17,0,0,3,18,0.07,0,0,2,9,0.04,0,0,2,23,0.09,0,0,3,51,0.05,2,0,1
215,1165,62,0,17,0,0,0,1,IDLE,,1,PROTECTING,Field_1,1,PROTECTING,Field_2,1,IDLE,,1,IDLE,,1,IDLE,,1,PROTECTING,Field_6,1,IDLE,,1,IDLE,,1,PROTECTING,Field_3,1,IDLE,,1,PROTECTING,Field_2,1,IDLE,,1,PROTECTING,Field_4,1,IDLE,,1,IDLE,,1,PROTECTING,Field_6,1,PROTECTING,Field_40,1,PROTECTING,Field_8,1,PROTECTING,Field_8,1,PROTECTING,Field_6,1,IDLE,,1,PROTECTING,Field_8,1,PROTECTING,Field_8,1,PROTECTING,Field_8,1,IDLE,,1,IDLE,,1,IDLE,,1,IDLE,,1,IDLE,,1,IDLE,,1,IDLE,,1,IDLE,,1,IDLE,,1,PROTECTING,Field_7,1,IDLE,,1,IDLE,,1,IDLE,,1,PROTECTING,Field_5,1,PROTECTING,Field_40,1,IDLE,,1,IDLE,,1,IDLE,,1,IDLE,,1,IDLE,,1,IDLE,,1,IDLE,,1,IDLE,,1,IDLE,,1,IDLE,,1,IDLE,,1,IDLE,,1,IDLE,,1,IDLE,,1,IDLE,,1,IDLE,,1,IDLE,,1,IDLE,,1,IDLE,,1,IDLE,,1,IDLE,,1,IDLE,,1,IDLE,,1,IDLE,,1,IDLE,,1,IDLE,,1,IDLE,,1,IDLE,,1,IDLE,,1,IDLE,,1,IDLE,,1,IDLE,,1,IDLE,,1,IDLE,,1,IDLE,,1,IDLE,,1,IDLE,,1,IDLE,,1,IDLE,,58,0.18,1,0,8,26,0.12,2,0,2,26,0.05,1,0,1,0,0.00,1,0,0,3,0.00,1,0,0,165,0.14,3,0,3,64,0.03,1,0,1,62,0.07,5,0,1,22,0.03,0,0,2,22,0.09,0,0,6,10,0.06,0,0,2,11,0.06,0,0,3,9,0.08,0,0,1,78,0.09,0,0,2,77,0.14,0,0,6,31,0.16,0,0,9,53,0.11,0,0,3,28,0.17,0,0,9,38,0.20,0,0,6,3,0.01,0,0,2,22,0.08,0,0,2,6,0.00,0,0,1,1,0.00,0,0,2,43,0.05,0,0,1,15,0.05,0,0,1,12,0.09,0,0,2,25,0.08,0,0,2,14,0.07,0,0,2,8,0.06,0,0,2,20,0.08,0,0,2,3,0.02,0,0,2,27,0.06,0,0,2,25,0.07,0,0,2,7,0.05,0,0,2,31,0.04,0,0,3,17,0.17,0,0,3,18,0.07,0,0,2,9,0.05,0,0,2,25,0.09,0,0,3,51,0.05,2,0,1
216,1166,62,0,17,0,0,0,1,IDLE,,1,PROTECTING,Field_1,1,PROTECTING,Field_2,1,IDLE,,1,IDLE,,1,IDLE,,1,PROTECTING,Field_6,1,IDLE,,1,IDLE,,1,PROTECTING,Field_3,1,IDLE,,1,PROTECTING,Field_2,1,IDLE,,1,PROTECTING,Field_4,1,IDLE,,1,IDLE,,1,PROTECTING,Field_6,1,PROTECTING,Field_40,1,PROTECTING,Field_8,1,PROTECTING,Field_8,1,PROTECTING,Field_6,1,IDLE,,1,PROTECTING,Field_8,1,PROTECTING,Field_8,1,PROTECTING,Field_8,1,IDLE,,1,IDLE,,1,IDLE,,1,IDLE,,1,IDLE,,1,IDLE,,1,IDLE,,1,IDLE,,1,IDLE,,1,PROTECTING,Field_7,1,IDLE,,1,IDLE,,1,IDLE,,1,PROTECTING,Field_5,1,PROTECTING,Field_40,1,IDLE,,1,IDLE,,1,IDLE,,1,IDLE,,1,IDLE,,1,IDLE,,1,IDLE,,1,IDLE,,1,IDLE,,1,IDLE,,1,IDLE,,1,IDLE,,1,IDLE,,1,IDLE,,1,IDLE,,1,IDLE,,1,IDLE,,1,IDLE,,1,IDLE,,1,IDLE,,1,IDLE,,1,IDLE,,1,IDLE,,1,IDLE,,1,IDLE,,1,IDLE,,1,IDLE,,1,IDLE,,1,IDLE,,1,IDLE,,1,IDLE,,1,IDLE,,1,IDLE,,1,IDLE,,1,IDLE,,1,IDLE,,1,IDLE,,1,IDLE,,1,IDLE,,58,0.16,1,0,8,26,0.12,2,0,2,26,0.05,1,0,1,0,0.00,1,0,0,3,0.00,1,0,0,165,0.13,3,0,3,64,0.01,1,0,1,62,0.07,5,0,1,22,0.03,0,0,2,22,0.09,0,0,6,10,0.06,0,0,2,11,0.06,0,0,3,9,0.08,0,0,1,78,0.09,0,0,2,77,0.15,0,0,6,31,0.15,0,0,9,53,0.10,0,0,3,28,0.17,0,0,9,38,0.20,0,0,6,3,0.01,0,0,2,22,0.08,0,0,2,6,0.00,0,0,1,1,0.02,0,0,2,43,0.05,0,0,1,15,0.05,0,0,1,12,0.12,0,0,2,25,0.07,0,0,2,14,0.04,0,0,2,8,0.06,0,0,2,20,0.08,0,0,2,3,0.02,0,0,2,27,0.06,0,0,2,25,0.07,0,0,2,7,0.07,0,0,2,31,0.05,0,0,3,17,0.17,0,0,3,18,0.06,0,0,2,9,0.05,0,0,2,26,0.09,0,0,3,51,0.04,2,0,1
217,1167,62,0,17,0,0,0,1,IDLE,,1,PROTECTING,Field_1,1,PROTECTING,Field_2,1,IDLE,,1,IDLE,,1,IDLE,,1,PROTECTING,Field_6,1,IDLE,,1,IDLE,,1,PROTECTING,Field_3,1,IDLE,,1,PROTECTING,Field_2,1,IDLE,,1,PROTECTING,Field_4,1,IDLE,,1,IDLE,,1,PROTECTING,Field_6,1,PROTECTING,Field_40,1,PROTECTING,Field_8,1,PROTECTING,Field_8,1,PROTECTING,Field_6,1,IDLE,,1,PROTECTING,Field_8,1,PROTECTING,Field_8,1,PROTECTING,Field_8,1,IDLE,,1,IDLE,,1,IDLE,,1,IDLE,,1,IDLE,,1,IDLE,,1,IDLE,,1,IDLE,,1,IDLE,,1,PROTECTING,Field_7,1,IDLE,,1,IDLE,,1,IDLE,,1,PROTECTING,Field_5,1,PROTECTING,Field_40,1,IDLE,,1,IDLE,,1,IDLE,,1,IDLE,,1,IDLE,,1,IDLE,,1,IDLE,,1,IDLE,,1,IDLE,,1,IDLE,,1,IDLE,,1,IDLE,,1,IDLE,,1,IDLE,,1,IDLE,,1,IDLE,,1,IDLE,,1,IDLE,,1,IDLE,,1,IDLE,,1,IDLE,,1,IDLE,,1,IDLE,,1,IDLE,,1,IDLE,,1,IDLE,,1,IDLE,,1,IDLE,,1,IDLE,,1,IDLE,,1,IDLE,,1,IDLE,,1,IDLE,,1,IDLE,,1,IDLE,,1,IDLE,,1,IDLE,,1,IDLE,,1,IDLE,,58,0.17,1,0,8,26,0.13,2,0,2,26,0.05,1,0,1,0,0.00,1,0,0,3,0.00,1,0,0,165,0.13,3,0,3,64,0.01,1,0,1,62,0.06,5,0,1,22,0.03,0,0,2,22,0.09,0,0,6,10,0.06,0,0,2,11,0.04,0,0,3,9,0.06,0,0,1,78,0.09,0,0,2,78,0.14,0,0,6,31,0.15,0,0,9,53,0.09,0,0,3,28,0.16,0,0,9,38,0.20,0,0,6,3,0.03,0,0,2,22,0.08,0,0,2,6,0.02,0,0,1,1,0.02,0,0,2,43,0.04,0,0,1,15,0.07,0,0,1,12,0.13,0,0,2,25,0.05,0,0,2,14,0.04,0,0,2,8,0.05,0,0,2,20,0.06,0,0,2,3,0.02,0,0,2,27,0.06,0,0,2,25,0.07,0,0,2,7,0.07,0,0,2,31,0.06,0,0,3,17,0.17,0,0,3,18,0.06,0,0,2,9,0.06,0,0,2,26,0.10,0,0,3,51,0.04,2,0,1
218,1169,62,0,17,0,0,0,1,IDLE,,1,PROTECTING,Field_1,1,PROTECTING,Field_2,1,IDLE,,1,IDLE,,1,IDLE,,1,PROTECTING,Field_6,1,IDLE,,1,IDLE,,1,PROTECTING,Field_3,1,IDLE,,1,PROTECTING,Field_2,1,IDLE,,1,PROTECTING,Field_4,1,IDLE,,1,IDLE,,1,PROTECTING,Field_6,1,PROTECTING,Field_40,1,PROTECTING,Field_8,1,PROTECTING,Field_8,1,PROTECTING,Field_6,1,IDLE,,1,PROTECTING,Field_8,1,PROTECTING,Field_8,1,PROTECTING,Field_8,1,IDLE,,1,IDLE,,1,IDLE,,1,IDLE,,1,IDLE,,1,IDLE,,1,IDLE,,1,IDLE,,1,IDLE,,1,PROTECTING,Field_7,1,IDLE,,1,IDLE,,1,IDLE,,1,PROTECTING,Field_5,1,PROTECTING,Field_40,1,IDLE,,1,IDLE,,1,IDLE,,1,IDLE,,1,IDLE,,1,IDLE,,1,IDLE,,1,IDLE,,1,IDLE,,1,IDLE,,1,IDLE,,1,IDLE,,1,IDLE,,1,IDLE,,1,IDLE,,1,IDLE,,1,IDLE,,1,IDLE,,1,IDLE,,1,IDLE,,1,IDLE,,1,IDLE,,1,IDLE,,1,IDLE,,1,IDLE,,1,IDLE,,1,IDLE,,1,IDLE,,1,IDLE,,1,IDLE,,1,IDLE,,1,IDLE,,1,IDLE,,1,IDLE,,1,IDLE,,1,IDLE,,1,IDLE,,1,IDLE,,1,IDLE,,58,0.17,1,0,8,26,0.12,2,0,2,27,0.05,1,0,1,0,0.00,1,0,0,3,0.00,1,0,0,166,0.13,3,0,3,64,0.01,1,0,1,62,0.06,5,0,1,22,0.03,0,0,2,22,0.09,0,0,6,10,0.06,0,0,2,11,0.04,0,0,3,9,0.06,0,0,1,78,0.10,0,0,2,78,0.13,0,0,6,31,0.15,0,0,9,53,0.09,0,0,3,28,0.15,0,0,9,38,0.20,0,0,6,3,0.03,0,0,2,22,0.08,0,0,2,6,0.02,0,0,1,1,0.02,0,0,2,43,0.04,0,0,1,15,0.07,0,0,1,12,0.12,0,0,2,25,0.05,0,0,2,14,0.04,0,0,2,8,0.05,0,0,2,20,0.06,0,0,2,3,0.02,0,0,2,27,0.06,0,0,2,25,0.07,0,0,2,7,0.07,0,0,2,31,0.07,0,0,3,17,0.17,0,0,3,18,0.06,0,0,2,9,0.06,0,0,2,26,0.10,0,0,3,51,0.04,2,0,1
219,1170,62,0,17,0,0,0,1,IDLE,,1,PROTECTING,Field_1,1,PROTECTING,Field_2,1,IDLE,,1,IDLE,,1,IDLE,,1,PROTECTING,Field_6,1,IDLE,,1,IDLE,,1,PROTECTING,Field_3,1,IDLE,,1,PROTECTING,Field_2,1,IDLE,,1,PROTECTING,Field_4,1,IDLE,,1,IDLE,,1,PROTECTING,Field_6,1,PROTECTING,Field_40,1,PROTECTING,Field_8,1,PROTECTING,Field_8,1,PROTECTING,Field_6,1,IDLE,,1,PROTECTING,Field_8,1,PROTECTING,Field_8,1,PROTECTING,Field_8,1,IDLE,,1,IDLE,,1,IDLE,,1,IDLE,,1,IDLE,,1,IDLE,,1,IDLE,,1,IDLE,,1,IDLE,,1,PROTECTING,Field_7,1,IDLE,,1,IDLE,,1,IDLE,,1,PROTECTING,Field_5,1,PROTECTING,Field_40,1,IDLE,,1,IDLE,,1,IDLE,,1,IDLE,,1,IDLE,,1,IDLE,,1,IDLE,,1,IDLE,,1,IDLE,,1,IDLE,,1,IDLE,,1,IDLE,,1,IDLE,,1,IDLE,,1,IDLE,,1,IDLE,,1,IDLE,,1,IDLE,,1,IDLE,,1,IDLE,,1,IDLE,,1,IDLE,,1,IDLE,,1,IDLE,,1,IDLE,,1,IDLE,,1,IDLE,,1,IDLE,,1,IDLE,,1,IDLE,,1,IDLE,,1,IDLE,,1,IDLE,,1,IDLE,,1,IDLE,,1,IDLE,,1,IDLE,,1,IDLE,,1,IDLE,,58,0.17,1,0,8,26,0.12,2,0,2,27,0.06,1,0,1,0,0.00,1,0,0,3,0.00,1,0,0,166,0.12,3,0,3,64,0.01,1,0,1,62,0.06,5,0,1,22,0.03,0,0,2,22,0.10,0,0,6,10,0.06,0,0,2,11,0.04,0,0,3,9,0.06,0,0,1,78,0.09,0,0,2,78,0.14,0,0,6,31,0.15,0,0,9,53,0.11,0,0,3,28,0.15,0,0,9,38,0.19,0,0,6,3,0.03,0,0,2,22,0.09,0,0,2,6,0.02,0,0,1,1,0.02,0,0,2,43,0.04,0,0,1,15,0.07,0,0,1,13,0.12,0,0,2,25,0.05,0,0,2,14,0.04,0,0,2,8,0.05,0,0,2,20,0.06,0,0,2,3,0.02,0,0,2,27,0.06,0,0,2,25,0.07,0,0,2,7,0.07,0,0,2,31,0.07,0,0,3,17,0.14,0,0,3,18,0.07,0,0,2,9,0.06,0,0,2,26,0.10,0,0,3,51,0.04,2,0,1
220,1171,62,0,17,0,0,0,1,IDLE,,1,PROTECTING,Field_1,1,PROTECTING,Field_2,1,IDLE,,1,IDLE,,1,IDLE,,1,PROTECTING,Field_6,1,IDLE,,1,IDLE,,1,PROTECTING,Field_3,1,IDLE,,1,PROTECTING,Field_2,1,IDLE,,1,PROTECTING,Field_4,1,IDLE,,1,IDLE,,1,PROTECTING,Field_6,1,PROTECTING,Field_40,1,PROTECTING,Field_8,1,PROTECTING,Field_8,1,PROTECTING,Field_6,1,IDLE,,1,PROTECTING,Field_8,1,PROTECTING,Field_8,1,PROTECTING,Field_8,1,IDLE,,1,IDLE,,1,IDLE,,1,IDLE,,1,IDLE,,1,IDLE,,1,IDLE,,1,IDLE,,1,IDLE,,1,PROTECTING,Field_7,1,IDLE,,1,IDLE,,1,IDLE,,1,PROTECTING,Field_5,1,PROTECTING,Field_40,1,IDLE,,1,IDLE,,1,IDLE,,1,IDLE,,1,IDLE,,1,IDLE,,1,IDLE,,1,IDLE,,1,IDLE,,1,IDLE,,1,IDLE,,1,IDLE,,1,IDLE,,1,IDLE,,1,IDLE,,1,IDLE,,1,IDLE,,1,IDLE,,1,IDLE,,1,IDLE,,1,IDLE,,1,IDLE,,1,IDLE,,1,IDLE,,1,IDLE,,1,IDLE,,1,IDLE,,1,IDLE,,1,IDLE,,1,IDLE,,1,IDLE,,1,IDLE,,1,IDLE,,1,IDLE,,1,IDLE,,1,IDLE,,1,IDLE,,1,IDLE,,1,IDLE,,58,0.17,1,0,8,26,0.12,2,0,2,27,0.06,1,0,1,0,0.00,1,0,0,3,0.00,1,0,0,166,0.12,3,0,3,64,0.01,1,0,1,62,0.06,5,0,1,22,0.03,0,0,2,22,0.09,0,0,6,10,0.06,0,0,2,11,0.04,0,0,3,9,0.06,0,0,1,78,0.10,0,0,2,78,0.14,0,0,6,31,0.15,0,0,9,53,0.10,0,0,3,28,0.16,0,0,9,38,0.18,0,0,6,3,0.03,0,0,2,22,0.09,0,0,2,6,0.02,0,0,1,1,0.02,0,0,2,43,0.04,0,0,1,15,0.07,0,0,1,13,0.13,0,0,2,25,0.06,0,0,2,14,0.04,0,0,2,8,0.06,0,0,2,20,0.06,0,0,2,3,0.02,0,0,2,27,0.06,0,0,2,25,0.05,0,0,2,7,0.08,0,0,2,31,0.07,0,0,3,17,0.16,0,0,3,18,0.07,0,0,2,9,0.09,0,0,2,26,0.12,0,0,3,52,0.04,2,0,1
221,1174,61,0,17,0,1,0,1,IDLE,,1,PROTECTING,Field_1,1,PROTECTING,Field_2,1,MOVING_TO_FIELD,Field_9,1,IDLE,,1,IDLE,,1,PROTECTING,Field_6,1,IDLE,,1,IDLE,,1,PROTECTING,Field_3,1,IDLE,,1,PROTECTING,Field_2,1,IDLE,,1,PROTECTING,Field_4,1,IDLE,,1,IDLE,,1,PROTECTING,Field_6,1,PROTECTING,Field_40,1,PROTECTING,Field_8,1,PROTECTING,Field_8,1,PROTECTING,Field_6,1,IDLE,,1,PROTECTING,Field_8,1,PROTECTING,Field_8,1,PROTECTING,Field_8,1,IDLE,,1,IDLE,,1,IDLE,,1,IDLE,,1,IDLE,,1,IDLE,,1,IDLE,,1,IDLE,,1,IDLE,,1,PROTECTING,Field_7,1,IDLE,,1,IDLE,,1,IDLE,,1,PROTECTING,Field_5,1,PROTECTING,Field_40,1,IDLE,,1,IDLE,,1,IDLE,,1,IDLE,,1,IDLE,,1,IDLE,,1,IDLE,,1,IDLE,,1,IDLE,,1,IDLE,,1,IDLE,,1,IDLE,,1,IDLE,,1,IDLE,,1,IDLE,,1,IDLE,,1,IDLE,,1,IDLE,,1,IDLE,,1,IDLE,,1,IDLE,,1,IDLE,,1,IDLE,,1,IDLE,,1,IDLE,,1,IDLE,,1,IDLE,,1,IDLE,,1,IDLE,,1,IDLE,,1,IDLE,,1,IDLE,,1,IDLE,,1,IDLE,,1,IDLE,,1,IDLE,,1,IDLE,,1,IDLE,,1,IDLE,,58,0.17,1,0,8,26,0.12,2,0,2,27,0.05,1,0,1,0,0.00,1,0,0,3,0.00,1,0,0,167,0.13,3,0,3,64,0.03,1,0,1,62,0.06,5,0,1,22,0.04,0,1,2,22,0.09,0,0,6,10,0.06,0,0,2,11,0.04,0,0,3,9,0.05,0,0,1,78,0.10,0,0,2,79,0.14,0,0,6,31,0.14,0,0,9,53,0.10,0,0,3,28,0.17,0,0,9,39,0.17,0,0,6,3,0.03,0,0,2,22,0.09,0,0,2,6,0.02,0,0,1,1,0.02,0,0,2,43,0.04,0,0,1,15,0.07,0,0,1,13,0.13,0,0,2,25,0.06,0,0,2,14,0.04,0,0,2,8,0.06,0,0,2,20,0.08,0,0,2,3,0.02,0,0,2,27,0.06,0,0,2,25,0.05,0,0,2,7,0.07,0,0,2,31,0.07,0,0,3,17,0.16,0,0,3,18,0.07,0,0,2,9,0.09,0,0,2,26,0.13,0,0,3,52,0.05,2,0,1
222,1176,61,0,17,0,1,0,1,IDLE,,1,PROTECTING,Field_1,1,PROTECTING,Field_2,1,MOVING_TO_FIELD,Field_9,1,IDLE,,1,IDLE,,1,PROTECTING,Field_6,1,IDLE,,1,IDLE,,1,PROTECTING,Field_3,1,IDLE,,1,PROTECTING,Field_2,1,IDLE,,1,PROTECTING,Field_4,1,IDLE,,1,IDLE,,1,PROTECTING,Field_6,1,PROTECTING,Field_40,1,PROTECTING,Field_8,1,PROTECTING,Field_8,1,PROTECTING,Field_6,1,IDLE,,1,PROTECTING,Field_8,1,PROTECTING,Field_8,1,PROTECTING,Field_8,1,IDLE,,1,IDLE,,1,IDLE,,1,IDLE,,1,IDLE,,1,IDLE,,1,IDLE,,1,IDLE,,1,IDLE,,1,PROTECTING,Field_7,1,IDLE,,1,IDLE,,1,IDLE,,1,PROTECTING,Field_5,1,PROTECTING,Field_40,1,IDLE,,1,IDLE,,1,IDLE,,1,IDLE,,1,IDLE,,1,IDLE,,1,IDLE,,1,IDLE,,1,IDLE,,1,IDLE,,1,IDLE,,1,IDLE,,1,IDLE,,1,IDLE,,1,IDLE,,1,IDLE,,1,IDLE,,1,IDLE,,1,IDLE,,1,IDLE,,1,IDLE,,1,IDLE,,1,IDLE,,1,IDLE,,1,IDLE,,1,IDLE,,1,IDLE,,1,IDLE,,1,IDLE,,1,IDLE,,1,IDLE,,1,IDLE,,1,IDLE,,1,IDLE,,1,IDLE,,1,IDLE,,1,IDLE,,1,IDLE,,1,IDLE,,58,0.17,1,0,8,26,0.12,2,0,2,27,0.06,1,0,1,0,0.00,1,0,0,3,0.00,1,0,0,167,0.13,3,0,3,64,0.03,1,0,1,62,0.06,5,0,1,22,0.04,0,1,2,22,0.10,0,0,6,10,0.04,0,0,2,11,0.04,0,0,3,9,0.05,0,0,1,78,0.10,0,0,2,80,0.14,0,0,6,31,0.13,0,0,9,53,0.10,0,0,3,28,0.18,0,0,9,40,0.17,0,0,6,3,0.03,0,0,2,22,0.09,0,0,2,6,0.00,0,0,1,1,0.02,0,0,2,43,0.04,0,0,1,15,0.09,0,0,1,13,0.13,0,0,2,25,0.06,0,0,2,14,0.04,0,0,2,8,0.08,0,0,2,20,0.09,0,0,2,3,0.00,0,0,2,27,0.05,0,0,2,25,0.04,0,0,2,7,0.07,0,0,2,31,0.07,0,0,3,17,0.14,0,0,3,18,0.06,0,0,2,9,0.10,0,0,2,26,0.11,0,0,3,52,0.05,2,0,1
223,1181,61,0,17,0,1,0,1,IDLE,,1,PROTECTING,Field_1,1,PROTECTING,Field_2,1,MOVING_TO_FIELD,Field_9,1,IDLE,,1,IDLE,,1,PROTECTING,Field_6,1,IDLE,,1,IDLE,,1,PROTECTING,Field_3,1,IDLE,,1,PROTECTING,Field_2,1,IDLE,,1,PROTECTING,Field_4,1,IDLE,,1,IDLE,,1,PROTECTING,Field_6,1,PROTECTING,Field_40,1,PROTECTING,Field_8,1,PROTECTING,Field_8,1,PROTECTING,Field_6,1,IDLE,,1,PROTECTING,Field_8,1,PROTECTING,Field_8,1,PROTECTING,Field_8,1,IDLE,,1,IDLE,,1,IDLE,,1,IDLE,,1,IDLE,,1,IDLE,,1,IDLE,,1,IDLE,,1,IDLE,,1,PROTECTING,Field_7,1,IDLE,,1,IDLE,,1,IDLE,,1,PROTECTING,Field_5,1,PROTECTING,Field_40,1,IDLE,,1,IDLE,,1,IDLE,,1,IDLE,,1,IDLE,,1,IDLE,,1,IDLE,,1,IDLE,,1,IDLE,,1,IDLE,,1,IDLE,,1,IDLE,,1,IDLE,,1,IDLE,,1,IDLE,,1,IDLE,,1,IDLE,,1,IDLE,,1,IDLE,,1,IDLE,,1,IDLE,,1,IDLE,,1,IDLE,,1,IDLE,,1,IDLE,,1,IDLE,,1,IDLE,,1,IDLE,,1,IDLE,,1,IDLE,,1,IDLE,,1,IDLE,,1,IDLE,,1,IDLE,,1,IDLE,,1,IDLE,,1,IDLE,,1,IDLE,,1,IDLE,,58,0.17,1,0,8,26,0.12,2,0,2,28,0.06,1,0,1,0,0.00,1,0,0,3,0.00,1,0,0,168,0.13,3,0,3,64,0.03,1,0,1,62,0.05,5,0,1,22,0.04,0,1,2,22,0.11,0,0,6,10,0.06,0,0,2,11,0.04,0,0,3,9,0.03,0,0,1,78,0.10,0,0,2,80,0.14,0,0,6,31,0.13,0,0,9,53,0.09,0,0,3,29,0.19,0,0,9,40,0.14,0,0,6,3,0.03,0,0,2,22,0.11,0,0,2,6,0.00,0,0,1,1,0.02,0,0,2,43,0.04,0,0,1,15,0.09,0,0,1,14,0.13,0,0,2,25,0.06,0,0,2,14,0.04,0,0,2,8,0.08,0,0,2,20,0.09,0,0,2,3,0.00,0,0,2,27,0.05,0,0,2,25,0.04,0,0,2,7,0.08,0,0,2,31,0.06,0,0,3,17,0.14,0,0,3,18,0.06,0,0,2,9,0.10,0,0,2,27,0.11,0,0,3,52,0.05,2,0,1
224,1184,61,0,17,0,1,0,1,IDLE,,1,PROTECTING,Field_1,1,PROTECTING,Field_2,1,MOVING_TO_FIELD,Field_9,1,IDLE,,1,IDLE,,1,PROTECTING,Field_6,1,IDLE,,1,IDLE,,1,PROTECTING,Field_3,1,IDLE,,1,PROTECTING,Field_2,1,IDLE,,1,PROTECTING,Field_4,1,IDLE,,1,IDLE,,1,PROTECTING,Field_6,1,PROTECTING,Field_40,1,PROTECTING,Field_8,1,PROTECTING,Field_8,1,PROTECTING,Field_6,1,IDLE,,1,PROTECTING,Field_8,1,PROTECTING,Field_8,1,PROTECTING,Field_8,1,IDLE,,1,IDLE,,1,IDLE,,1,IDLE,,1,IDLE,,1,IDLE,,1,IDLE,,1,IDLE,,1,IDLE,,1,PROTECTING,Field_7,1,IDLE,,1,IDLE,,1,IDLE,,1,PROTECTING,Field_5,1,PROTECTING,Field_40,1,IDLE,,1,IDLE,,1,IDLE,,1,IDLE,,1,IDLE,,1,IDLE,,1,IDLE,,1,IDLE,,1,IDLE,,1,IDLE,,1,IDLE,,1,IDLE,,1,IDLE,,1,IDLE,,1,IDLE,,1,IDLE,,1,IDLE,,1,IDLE,,1,IDLE,,1,IDLE,,1,IDLE,,1,IDLE,,1,IDLE,,1,IDLE,,1,IDLE,,1,IDLE,,1,IDLE,,1,IDLE,,1,IDLE,,1,IDLE,,1,IDLE,,1,IDLE,,1,IDLE,,1,IDLE,,1,IDLE,,1,IDLE,,1,IDLE,,1,IDLE,,1,IDLE,,58,0.19,1,0,8,26,0.12,2,0,2,28,0.05,1,0,1,0,0.00,1,0,0,3,0.00,1,0,0,169,0.13,3,0,3,64,0.03,1,0,1,62,0.05,5,0,1,22,0.04,0,1,2,22,0.11,0,0,6,10,0.04,0,0,2,11,0.04,0,0,3,9,0.03,0,0,1,78,0.10,0,0,2,80,0.14,0,0,6,31,0.13,0,0,9,53,0.10,0,0,3,29,0.19,0,0,9,40,0.14,0,0,6,3,0.03,0,0,2,22,0.11,0,0,2,6,0.00,0,0,1,1,0.03,0,0,2,44,0.04,0,0,1,15,0.09,0,0,1,14,0.12,0,0,2,26,0.06,0,0,2,14,0.09,0,0,2,8,0.08,0,0,2,20,0.09,0,0,2,3,0.00,0,0,2,27,0.05,0,0,2,25,0.04,0,0,2,7,0.07,0,0,2,31,0.06,0,0,3,17,0.14,0,0,3,18,0.06,0,0,2,9,0.11,0,0,2,27,0.09,0,0,3,52,0.05,2,0,1
225,1191,61,0,17,0,1,0,1,IDLE,,1,PROTECTING,Field_1,1,PROTECTING,Field_2,1,MOVING_TO_FIELD,Field_9,1,IDLE,,1,IDLE,,1,PROTECTING,Field_6,1,IDLE,,1,IDLE,,1,PROTECTING,Field_3,1,IDLE,,1,PROTECTING,Field_2,1,IDLE,,1,PROTECTING,Field_4,1,IDLE,,1,IDLE,,1,PROTECTING,Field_6,1,PROTECTING,Field_40,1,PROTECTING,Field_8,1,PROTECTING,Field_8,1,PROTECTING,Field_6,1,IDLE,,1,PROTECTING,Field_8,1,PROTECTING,Field_8,1,PROTECTING,Field_8,1,IDLE,,1,IDLE,,1,IDLE,,1,IDLE,,1,IDLE,,1,IDLE,,1,IDLE,,1,IDLE,,1,IDLE,,1,PROTECTING,Field_7,1,IDLE,,1,IDLE,,1,IDLE,,1,PROTECTING,Field_5,1,PROTECTING,Field_40,1,IDLE,,1,IDLE,,1,IDLE,,1,IDLE,,1,IDLE,,1,IDLE,,1,IDLE,,1,IDLE,,1,IDLE,,1,IDLE,,1,IDLE,,1,IDLE,,1,IDLE,,1,IDLE,,1,IDLE,,1,IDLE,,1,IDLE,,1,IDLE,,1,IDLE,,1,IDLE,,1,IDLE,,1,IDLE,,1,IDLE,,1,IDLE,,1,IDLE,,1,IDLE,,1,IDLE,,1,IDLE,,1,IDLE,,1,IDLE,,1,IDLE,,1,IDLE,,1,IDLE,,1,IDLE,,1,IDLE,,1,IDLE,,1,IDLE,,1,IDLE,,1,IDLE,,58,0.19,1,0,8,27,0.12,2,0,2,28,0.05,1,0,1,0,0.00,1,0,0,3,0.03,1,0,0,170,0.14,3,0,3,64,0.03,1,0,1,62,0.05,5,0,1,22,0.04,0,1,2,22,0.11,0,0,6,10,0.04,0,0,2,11,0.04,0,0,3,9,0.03,0,0,1,78,0.12,0,0,2,81,0.14,0,0,6,31,0.12,0,0,9,54,0.10,0,0,3,31,0.19,0,0,9,40,0.11,0,0,6,3,0.01,0,0,2,22,0.11,0,0,2,6,0.00,0,0,1,1,0.05,0,0,2,44,0.04,0,0,1,16,0.09,0,0,1,14,0.10,0,0,2,26,0.06,0,0,2,14,0.09,0,0,2,8,0.06,0,0,2,20,0.09,0,0,2,3,0.00,0,0,2,27,0.05,0,0,2,25,0.04,0,0,2,7,0.08,0,0,2,31,0.06,0,0,3,17,0.14,0,0,3,18,0.06,0,0,2,9,0.11,0,0,2,27,0.10,0,0,3,52,0.05,2,0,1
226,1193,61,0,18,0,0,0,1,IDLE,,1,PROTECTING,Field_1,1,PROTECTING,Field_2,1,PROTECTING,Field_9,1,IDLE,,1,IDLE,,1,PROTECTING,Field_6,1,IDLE,,1,IDLE,,1,PROTECTING,Field_3,1,IDLE,,1,PROTECTING,Field_2,1,IDLE,,1,PROTECTING,Field_4,1,IDLE,,1,IDLE,,1,PROTECTING,Field_6,1,PROTECTING,Field_40,1,PROTECTING,Field_8,1,PROTECTING,Field_8,1,PROTECTING,Field_6,1,IDLE,,1,PROTECTING,Field_8,1,PROTECTING,Field_8,1,PROTECTING,Field_8,1,IDLE,,1,IDLE,,1,IDLE,,1,IDLE,,1,IDLE,,1,IDLE,,1,IDLE,,1,IDLE,,1,IDLE,,1,PROTECTING,Field_7,1,IDLE,,1,IDLE,,1,IDLE,,1,PROTECTING,Field_5,1,PROTECTING,Field_40,1,IDLE,,1,IDLE,,1,IDLE,,1,IDLE,,1,IDLE,,1,IDLE,,1,IDLE,,1,IDLE,,1,IDLE,,1,IDLE,,1,IDLE,,1,IDLE,,1,IDLE,,1,IDLE,,1,IDLE,,1,IDLE,,1,IDLE,,1,IDLE,,1,IDLE,,1,IDLE,,1,IDLE,,1,IDLE,,1,IDLE,,1,IDLE,,1,IDLE,,1,IDLE,,1,IDLE,,1,IDLE,,1,IDLE,,1,IDLE,,1,IDLE,,1,IDLE,,1,IDLE,,1,IDLE,,1,IDLE,,1,IDLE,,1,IDLE,,1,IDLE,,1,IDLE,,59,0.21,1,0,8,27,0.12,2,0,2,28,0.05,1,0,1,0,0.00,1,0,0,3,0.03,1,0,0,170,0.14,3,0,3,64,0.03,1,0,1,62,0.05,5,0,1,22,0.05,1,0,1,22,0.11,0,0,6,10,0.04,0,0,2,11,0.04,0,0,3,9,0.03,0,0,1,78,0.12,0,0,2,81,0.15,0,0,6,31,0.13,0,0,9,54,0.10,0,0,3,31,0.20,0,0,9,40,0.11,0,0,6,3,0.03,0,0,2,22,0.09,0,0,2,6,0.00,0,0,1,1,0.05,0,0,2,44,0.04,0,0,1,16,0.09,0,0,1,14,0.10,0,0,2,26,0.07,0,0,2,14,0.09,0,0,2,8,0.06,0,0,2,20,0.10,0,0,2,3,0.00,0,0,2,27,0.05,0,0,2,25,0.07,0,0,2,7,0.08,0,0,2,31,0.06,0,0,3,17,0.14,0,0,3,18,0.06,0,0,2,10,0.11,0,0,2,27,0.11,0,0,3,52,0.05,2,0,1
227,1195,61,0,18,0,0,0,1,IDLE,,1,PROTECTING,Field_1,1,PROTECTING,Field_2,1,PROTECTING,Field_9,1,IDLE,,1,IDLE,,1,PROTECTING,Field_6,1,IDLE,,1,IDLE,,1,PROTECTING,Field_3,1,IDLE,,1,PROTECTING,Field_2,1,IDLE,,1,PROTECTING,Field_4,1,IDLE,,1,IDLE,,1,PROTECTING,Field_6,1,PROTECTING,Field_40,1,PROTECTING,Field_8,1,PROTECTING,Field_8,1,PROTECTING,Field_6,1,IDLE,,1,PROTECTING,Field_8,1,PROTECTING,Field_8,1,PROTECTING,Field_8,1,IDLE,,1,IDLE,,1,IDLE,,1,IDLE,,1,IDLE,,1,IDLE,,1,IDLE,,1,IDLE,,1,IDLE,,1,PROTECTING,Field_7,1,IDLE,,1,IDLE,,1,IDLE,,1,PROTECTING,Field_5,1,PROTECTING,Field_40,1,IDLE,,1,IDLE,,1,IDLE,,1,IDLE,,1,IDLE,,1,IDLE,,1,IDLE,,1,IDLE,,1,IDLE,,1,IDLE,,1,IDLE,,1,IDLE,,1,IDLE,,1,IDLE,,1,IDLE,,1,IDLE,,1,IDLE,,1,IDLE,,1,IDLE,,1,IDLE,,1,IDLE,,1,IDLE,,1,IDLE,,1,IDLE,,1,IDLE,,1,IDLE,,1,IDLE,,1,IDLE,,1,IDLE,,1,IDLE,,1,IDLE,,1,IDLE,,1,IDLE,,1,IDLE,,1,IDLE,,1,IDLE,,1,IDLE,,1,IDLE,,1,IDLE,,59,0.21,1,0,8,28,0.12,2,0,2,28,0.05,1,0,1,0,0.00,1,0,0,3,0.03,1,0,0,170,0.14,3,0,3,64,0.03,1,0,1,62,0.05,5,0,1,22,0.05,1,0,1,22,0.10,0,0,6,10,0.06,0,0,2,11,0.04,0,0,3,9,0.03,0,0,1,79,0.12,0,0,2,81,0.15,0,0,6,31,0.12,0,0,9,54,0.12,0,0,3,31,0.19,0,0,9,40,0.12,0,0,6,3,0.03,0,0,2,22,0.09,0,0,2,6,0.00,0,0,1,1,0.05,0,0,2,44,0.03,0,0,1,16,0.09,0,0,1,14,0.09,0,0,2,26,0.07,0,0,2,14,0.09,0,0,2,8,0.06,0,0,2,20,0.09,0,0,2,3,0.00,0,0,2,27,0.06,0,0,2,25,0.07,0,0,2,7,0.10,0,0,2,31,0.04,0,0,3,17,0.14,0,0,3,18,0.06,0,0,2,10,0.11,0,0,2,27,0.11,0,0,3,52,0.08,2,0,1
228,1198,61,0,18,0,0,0,1,IDLE,,1,PROTECTING,Field_1,1,PROTECTING,Field_2,1,PROTECTING,Field_9,1,IDLE,,1,IDLE,,1,PROTECTING,Field_6,1,IDLE,,1,IDLE,,1,PROTECTING,Field_3,1,IDLE,,1,PROTECTING,Field_2,1,IDLE,,1,PROTECTING,Field_4,1,IDLE,,1,IDLE,,1,PROTECTING,Field_6,1,PROTECTING,Field_40,1,PROTECTING,Field_8,1,PROTECTING,Field_8,1,PROTECTING,Field_6,1,IDLE,,1,PROTECTING,Field_8,1,PROTECTING,Field_8,1,PROTECTING,Field_8,1,IDLE,,1,IDLE,,1,IDLE,,1,IDLE,,1,IDLE,,1,IDLE,,1,IDLE,,1,IDLE,,1,IDLE,,1,PROTECTING,Field_7,1,IDLE,,1,IDLE,,1,IDLE,,1,PROTECTING,Field_5,1,PROTECTING,Field_40,1,IDLE,,1,IDLE,,1,IDLE,,1,IDLE,,1,IDLE,,1,IDLE,,1,IDLE,,1,IDLE,,1,IDLE,,1,IDLE,,1,IDLE,,1,IDLE,,1,IDLE,,1,IDLE,,1,IDLE,,1,IDLE,,1,IDLE,,1,IDLE,,1,IDLE,,1,IDLE,,1,IDLE,,1,IDLE,,1,IDLE,,1,IDLE,,1,IDLE,,1,IDLE,,1,IDLE,,1,IDLE,,1,IDLE,,1,IDLE,,1,IDLE,,1,IDLE,,1,IDLE,,1,IDLE,,1,IDLE,,1,IDLE,,1,IDLE,,1,IDLE,,1,IDLE,,59,0.20,1,0,8,28,0.12,2,0,2,29,0.06,1,0,1,0,0.00,1,0,0,3,0.03,1,0,0,170,0.13,3,0,3,64,0.03,1,0,1,62,0.04,5,0,1,22,0.04,1,0,1,22,0.11,0,0,6,10,0.04,0,0,2,11,0.04,0,0,3,9,0.03,0,0,1,79,0.12,0,0,2,81,0.16,0,0,6,31,0.12,0,0,9,54,0.12,0,0,3,31,0.18,0,0,9,40,0.12,0,0,6,3,0.03,0,0,2,23,0.09,0,0,2,6,0.00,0,0,1,1,0.05,0,0,2,44,0.03,0,0,1,16,0.09,0,0,1,14,0.09,0,0,2,26,0.07,0,0,2,14,0.09,0,0,2,8,0.06,0,0,2,20,0.09,0,0,2,3,0.02,0,0,2,27,0.06,0,0,2,25,0.05,0,0,2,7,0.10,0,0,2,31,0.04,0,0,3,17,0.16,0,0,3,18,0.06,0,0,2,10,0.11,0,0,2,28,0.11,0,0,3,52,0.08,2,0,1
229,1200,61,0,18,0,0,0,1,IDLE,,1,PROTECTING,Field_1,1,PROTECTING,Field_2,1,PROTECTING,Field_9,1,IDLE,,1,IDLE,,1,PROTECTING,Field_6,1,IDLE,,1,IDLE,,1,PROTECTING,Field_3,1,IDLE,,1,PROTECTING,Field_2,1,IDLE,,1,PROTECTING,Field_4,1,IDLE,,1,IDLE,,1,PROTECTING,Field_6,1,PROTECTING,Field_40,1,PROTECTING,Field_8,1,PROTECTING,Field_8,1,PROTECTING,Field_6,1,IDLE,,1,PROTECTING,Field_8,1,PROTECTING,Field_8,1,PROTECTING,Field_8,1,IDLE,,1,IDLE,,1,IDLE,,1,IDLE,,1,IDLE,,1,IDLE,,1,IDLE,,1,IDLE,,1,IDLE,,1,PROTECTING,Field_7,1,IDLE,,1,IDLE,,1,IDLE,,1,PROTECTING,Field_5,1,PROTECTING,Field_40,1,IDLE,,1,IDLE,,1,IDLE,,1,IDLE,,1,IDLE,,1,IDLE,,1,IDLE,,1,IDLE,,1,IDLE,,1,IDLE,,1,IDLE,,1,IDLE,,1,IDLE,,1,IDLE,,1,IDLE,,1,IDLE,,1,IDLE,,1,IDLE,,1,IDLE,,1,IDLE,,1,IDLE,,1,IDLE,,1,IDLE,,1,IDLE,,1,IDLE,,1,IDLE,,1,IDLE,,1,IDLE,,1,IDLE,,1,IDLE,,1,IDLE,,1,IDLE,,1,IDLE,,1,IDLE,,1,IDLE,,1,IDLE,,1,IDLE,,1,IDLE,,1,IDLE,,59,0.19,1,0,8,29,0.13,2,0,2,29,0.05,1,0,1,0,0.00,1,0,0,3,0.03,1,0,0,170,0.14,3,0,3,64,0.03,1,0,1,62,0.04,5,0,1,22,0.03,1,0,1,22,0.12,0,0,6,10,0.06,0,0,2,11,0.04,0,0,3,9,0.03,0,0,1,80,0.12,0,0,2,81,0.17,0,0,6,31,0.13,0,0,9,54,0.11,0,0,3,31,0.18,0,0,9,40,0.13,0,0,6,3,0.03,0,0,2,23,0.09,0,0,2,6,0.03,0,0,1,1,0.05,0,0,2,44,0.03,0,0,1,16,0.07,0,0,1,14,0.09,0,0,2,26,0.08,0,0,2,14,0.09,0,0,2,8,0.05,0,0,2,20,0.09,0,0,2,3,0.02,0,0,2,27,0.08,0,0,2,25,0.05,0,0,2,7,0.10,0,0,2,31,0.04,0,0,3,17,0.16,0,0,3,18,0.06,0,0,2,10,0.10,0,0,2,28,0.11,0,0,3,52,0.08,2,0,1
230,1205,61,0,18,0,0,0,1,IDLE,,1,PROTECTING,Field_1,1,PROTECTING,Field_2,1,PROTECTING,Field_9,1,IDLE,,1,IDLE,,1,PROTECTING,Field_6,1,IDLE,,1,IDLE,,1,PROTECTING,Field_3,1,IDLE,,1,PROTECTING,Field_2,1,IDLE,,1,PROTECTING,Field_4,1,IDLE,,1,IDLE,,1,PROTECTING,Field_6,1,PROTECTING,Field_40,1,PROTECTING,Field_8,1,PROTECTING,Field_8,1,PROTECTING,Field_6,1,IDLE,,1,PROTECTING,Field_8,1,PROTECTING,Field_8,1,PROTECTING,Field_8,1,IDLE,,1,IDLE,,1,IDLE,,1,IDLE,,1,IDLE,,1,IDLE,,1,IDLE,,1,IDLE,,1,IDLE,,1,PROTECTING,Field_7,1,IDLE,,1,IDLE,,1,IDLE,,1,PROTECTING,Field_5,1,PROTECTING,Field_40,1,IDLE,,1,IDLE,,1,IDLE,,1,IDLE,,1,IDLE,,1,IDLE,,1,IDLE,,1,IDLE,,1,IDLE,,1,IDLE,,1,IDLE,,1,IDLE,,1,IDLE,,1,IDLE,,1,IDLE,,1,IDLE,,1,IDLE,,1,IDLE,,1,IDLE,,1,IDLE,,1,IDLE,,1,IDLE,,1,IDLE,,1,IDLE,,1,IDLE,,1,IDLE,,1,IDLE,,1,IDLE,,1,IDLE,,1,IDLE,,1,IDLE,,1,IDLE,,1,IDLE,,1,IDLE,,1,IDLE,,1,IDLE,,1,IDLE,,1,IDLE,,1,IDLE,,59,0.19,1,0,8,30,0.13,2,0,2,29,0.06,1,0,1,0,0.00,1,0,0,3,0.03,1,0,0,171,0.14,3,0,3,64,0.01,1,0,1,62,0.04,5,0,1,22,0.03,1,0,1,22,0.12,0,0,6,10,0.06,0,0,2,11,0.04,0,0,3,9,0.03,0,0,1,81,0.12,0,0,2,81,0.16,0,0,6,31,0.13,0,0,9,54,0.11,0,0,3,31,0.19,0,0,9,40,0.13,0,0,6,3,0.03,0,0,2,24,0.09,0,0,2,6,0.03,0,0,1,1,0.05,0,0,2,44,0.03,0,0,1,16,0.07,0,0,1,15,0.10,0,0,2,26,0.08,0,0,2,14,0.09,0,0,2,8,0.03,0,0,2,20,0.09,0,0,2,3,0.04,0,0,2,27,0.08,0,0,2,25,0.09,0,0,2,7,0.10,0,0,2,31,0.04,0,0,3,17,0.16,0,0,3,18,0.05,0,0,2,10,0.10,0,0,2,28,0.11,0,0,3,52,0.08,2,0,1
231,1206,61,0,18,0,0,0,1,IDLE,,1,PROTECTING,Field_1,1,PROTECTING,Field_2,1,PROTECTING,Field_9,1,IDLE,,1,IDLE,,1,PROTECTING,Field_6,1,IDLE,,1,IDLE,,1,PROTECTING,Field_3,1,IDLE,,1,PROTECTING,Field_2,1,IDLE,,1,PROTECTING,Field_4,1,IDLE,,1,IDLE,,1,PROTECTING,Field_6,1,PROTECTING,Field_40,1,PROTECTING,Field_8,1,PROTECTING,Field_8,1,PROTECTING,Field_6,1,IDLE,,1,PROTECTING,Field_8,1,PROTECTING,Field_8,1,PROTECTING,Field_8,1,IDLE,,1,IDLE,,1,IDLE,,1,IDLE,,1,IDLE,,1,IDLE,,1,IDLE,,1,IDLE,,1,IDLE,,1,PROTECTING,Field_7,1,IDLE,,1,IDLE,,1,IDLE,,1,PROTECTING,Field_5,1,PROTECTING,Field_40,1,IDLE,,1,IDLE,,1,IDLE,,1,IDLE,,1,IDLE,,1,IDLE,,1,IDLE,,1,IDLE,,1,IDLE,,1,IDLE,,1,IDLE,,1,IDLE,,1,IDLE,,1,IDLE,,1,IDLE,,1,IDLE,,1,IDLE,,1,IDLE,,1,IDLE,,1,IDLE,,1,IDLE,,1,IDLE,,1,IDLE,,1,IDLE,,1,IDLE,,1,IDLE,,1,IDLE,,1,IDLE,,1,IDLE,,1,IDLE,,1,IDLE,,1,IDLE,,1,IDLE,,1,IDLE,,1,IDLE,,1,IDLE,,1,IDLE,,1,IDLE,,1,IDLE,,59,0.20,1,0,8,30,0.13,2,0,2,29,0.06,1,0,1,0,0.00,1,0,0,3,0.03,1,0,0,171,0.13,3,0,3,64,0.01,1,0,1,62,0.04,5,0,1,22,0.03,1,0,1,22,0.11,0,0,6,10,0.06,0,0,2,11,0.04,0,0,3,9,0.03,0,0,1,81,0.13,0,0,2,81,0.15,0,0,6,31,0.13,0,0,9,54,0.11,0,0,3,31,0.20,0,0,9,40,0.13,0,0,6,3,0.03,0,0,2,24,0.09,0,0,2,6,0.02,0,0,1,1,0.05,0,0,2,44,0.03,0,0,1,17,0.09,0,0,1,15,0.10,0,0,2,26,0.08,0,0,2,14,0.09,0,0,2,8,0.03,0,0,2,20,0.12,0,0,2,3,0.04,0,0,2,27,0.08,0,0,2,25,0.09,0,0,2,7,0.08,0,0,2,31,0.05,0,0,3,17,0.17,0,0,3,18,0.06,0,0,2,10,0.10,0,0,2,28,0.11,0,0,3,52,0.08,2,0,1
232,1207,61,0,18,0,0,0,1,IDLE,,1,PROTECTING,Field_1,1,PROTECTING,Field_2,1,PROTECTING,Field_9,1,IDLE,,1,IDLE,,1,PROTECTING,Field_6,1,IDLE,,1,IDLE,,1,PROTECTING,Field_3,1,IDLE,,1,PROTECTING,Field_2,1,IDLE,,1,PROTECTING,Field_4,1,IDLE,,1,IDLE,,1,PROTECTING,Field_6,1,PROTECTING,Field_40,1,PROTECTING,Field_8,1,PROTECTING,Field_8,1,PROTECTING,Field_6,1,IDLE,,1,PROTECTING,Field_8,1,PROTECTING,Field_8,1,PROTECTING,Field_8,1,IDLE,,1,IDLE,,1,IDLE,,1,IDLE,,1,IDLE,,1,IDLE,,1,IDLE,,1,IDLE,,1,IDLE,,1,PROTECTING,Field_7,1,IDLE,,1,IDLE,,1,IDLE,,1,PROTECTING,Field_5,1,PROTECTING,Field_40,1,IDLE,,1,IDLE,,1,IDLE,,1,IDLE,,1,IDLE,,1,IDLE,,1,IDLE,,1,IDLE,,1,IDLE,,1,IDLE,,1,IDLE,,1,IDLE,,1,IDLE,,1,IDLE,,1,IDLE,,1,IDLE,,1,IDLE,,1,IDLE,,1,IDLE,,1,IDLE,,1,IDLE,,1,IDLE,,1,IDLE,,1,IDLE,,1,IDLE,,1,IDLE,,1,IDLE,,1,IDLE,,1,IDLE,,1,IDLE,,1,IDLE,,1,IDLE,,1,IDLE,,1,IDLE,,1,IDLE,,1,IDLE,,1,IDLE,,1,IDLE,,1,IDLE,,59,0.20,1,0,8,30,0.13,2,0,2,29,0.06,1,0,1,0,0.00,1,0,0,3,0.00,1,0,0,171,0.14,3,0,3,64,0.03,1,0,1,62,0.04,5,0,1,22,0.04,1,0,1,22,0.10,0,0,6,10,0.06,0,0,2,11,0.04,0,0,3,9,0.03,0,0,1,82,0.14,0,0,2,81,0.16,0,0,6,31,0.15,0,0,9,54,0.11,0,0,3,31,0.20,0,0,9,40,0.13,0,0,6,3,0.03,0,0,2,24,0.09,0,0,2,6,0.02,0,0,1,1,0.05,0,0,2,44,0.03,0,0,1,17,0.09,0,0,1,15,0.13,0,0,2,26,0.08,0,0,2,14,0.09,0,0,2,8,0.03,0,0,2,20,0.13,0,0,2,3,0.04,0,0,2,27,0.08,0,0,2,25,0.09,0,0,2,7,0.08,0,0,2,31,0.05,0,0,3,17,0.17,0,0,3,18,0.06,0,0,2,10,0.11,0,0,2,28,0.12,0,0,3,52,0.08,2,0,1
233,1213,61,0,18,0,0,0,1,IDLE,,1,PROTECTING,Field_1,1,PROTECTING,Field_2,1,PROTECTING,Field_9,1,IDLE,,1,IDLE,,1,PROTECTING,Field_6,1,IDLE,,1,IDLE,,1,PROTECTING,Field_3,1,IDLE,,1,PROTECTING,Field_2,1,IDLE,,1,PROTECTING,Field_4,1,IDLE,,1,IDLE,,1,PROTECTING,Field_6,1,PROTECTING,Field_40,1,PROTECTING,Field_8,1,PROTECTING,Field_8,1,PROTECTING,Field_6,1,IDLE,,1,PROTECTING,Field_8,1,PROTECTING,Field_8,1,PROTECTING,Field_8,1,IDLE,,1,IDLE,,1,IDLE,,1,IDLE,,1,IDLE,,1,IDLE,,1,IDLE,,1,IDLE,,1,IDLE,,1,PROTECTING,Field_7,1,IDLE,,1,IDLE,,1,IDLE,,1,PROTECTING,Field_5,1,PROTECTING,Field_40,1,IDLE,,1,IDLE,,1,IDLE,,1,IDLE,,1,IDLE,,1,IDLE,,1,IDLE,,1,IDLE,,1,IDLE,,1,IDLE,,1,IDLE,,1,IDLE,,1,IDLE,,1,IDLE,,1,IDLE,,1,IDLE,,1,IDLE,,1,IDLE,,1,IDLE,,1,IDLE,,1,IDLE,,1,IDLE,,1,IDLE,,1,IDLE,,1,IDLE,,1,IDLE,,1,IDLE,,1,IDLE,,1,IDLE,,1,IDLE,,1,IDLE,,1,IDLE,,1,IDLE,,1,IDLE,,1,IDLE,,1,IDLE,,1,IDLE,,1,IDLE,,1,IDLE,,60,0.21,1,0,8,30,0.12,2,0,2,29,0.08,1,0,1,0,0.00,1,0,0,3,0.00,1,0,0,174,0.16,3,0,3,64,0.03,1,0,1,62,0.04,5,0,1,22,0.04,1,0,1,22,0.10,0,0,6,10,0.06,0,0,2,11,0.04,0,0,3,9,0.03,0,0,1,83,0.14,0,0,2,81,0.16,0,0,6,31,0.14,0,0,9,54,0.11,0,0,3,31,0.19,0,0,9,40,0.13,0,0,6,3,0.03,0,0,2,24,0.09,0,0,2,6,0.02,0,0,1,1,0.05,0,0,2,44,0.03,0,0,1,17,0.09,0,0,1,15,0.13,0,0,2,26,0.08,0,0,2,14,0.09,0,0,2,8,0.03,0,0,2,20,0.13,0,0,2,3,0.02,0,0,2,28,0.08,0,0,2,25,0.09,0,0,2,7,0.08,0,0,2,31,0.05,0,0,3,17,0.16,0,0,3,18,0.07,0,0,2,10,0.10,0,0,2,28,0.10,0,0,3,52,0.08,2,0,1
234,1215,61,0,18,0,0,0,1,IDLE,,1,PROTECTING,Field_1,1,PROTECTING,Field_2,1,PROTECTING,Field_9,1,IDLE,,1,IDLE,,1,PROTECTING,Field_6,1,IDLE,,1,IDLE,,1,PROTECTING,Field_3,1,IDLE,,1,PROTECTING,Field_2,1,IDLE,,1,PROTECTING,Field_4,1,IDLE,,1,IDLE,,1,PROTECTING,Field_6,1,PROTECTING,Field_40,1,PROTECTING,Field_8,1,PROTECTING,Field_8,1,PROTECTING,Field_6,1,IDLE,,1,PROTECTING,Field_8,1,PROTECTING,Field_8,1,PROTECTING,Field_8,1,IDLE,,1,IDLE,,1,IDLE,,1,IDLE,,1,IDLE,,1,IDLE,,1,IDLE,,1,IDLE,,1,IDLE,,1,PROTECTING,Field_7,1,IDLE,,1,IDLE,,1,IDLE,,1,PROTECTING,Field_5,1,PROTECTING,Field_40,1,IDLE,,1,IDLE,,1,IDLE,,1,IDLE,,1,IDLE,,1,IDLE,,1,IDLE,,1,IDLE,,1,IDLE,,1,IDLE,,1,IDLE,,1,IDLE,,1,IDLE,,1,IDLE,,1,IDLE,,1,IDLE,,1,IDLE,,1,IDLE,,1,IDLE,,1,IDLE,,1,IDLE,,1,IDLE,,1,IDLE,,1,IDLE,,1,IDLE,,1,IDLE,,1,IDLE,,1,IDLE,,1,IDLE,,1,IDLE,,1,IDLE,,1,IDLE,,1,IDLE,,1,IDLE,,1,IDLE,,1,IDLE,,1,IDLE,,1,IDLE,,1,IDLE,,60,0.20,1,0,8,30,0.12,2,0,2,29,0.08,1,0,1,0,0.00,1,0,0,3,0.00,1,0,0,174,0.15,3,0,3,64,0.03,1,0,1,62,0.04,5,0,1,22,0.03,1,0,1,22,0.12,0,0,6,10,0.06,0,0,2,11,0.04,0,0,3,9,0.03,0,0,1,83,0.13,0,0,2,81,0.16,0,0,6,31,0.15,0,0,9,54,0.11,0,0,3,31,0.19,0,0,9,40,0.13,0,0,6,3,0.03,0,0,2,24,0.09,0,0,2,6,0.02,0,0,1,1,0.03,0,0,2,44,0.03,0,0,1,17,0.09,0,0,1,15,0.13,0,0,2,26,0.08,0,0,2,14,0.09,0,0,2,8,0.02,0,0,2,20,0.12,0,0,2,3,0.02,0,0,2,28,0.08,0,0,2,25,0.09,0,0,2,7,0.10,0,0,2,31,0.06,0,0,3,18,0.16,0,0,3,18,0.07,0,0,2,10,0.11,0,0,2,28,0.10,0,0,3,53,0.09,2,0,1
235,1219,61,0,18,0,0,0,1,IDLE,,1,PROTECTING,Field_1,1,PROTECTING,Field_2,1,PROTECTING,Field_9,1,IDLE,,1,IDLE,,1,PROTECTING,Field_6,1,IDLE,,1,IDLE,,1,PROTECTING,Field_3,1,IDLE,,1,PROTECTING,Field_2,1,IDLE,,1,PROTECTING,Field_4,1,IDLE,,1,IDLE,,1,PROTECTING,Field_6,1,PROTECTING,Field_40,1,PROTECTING,Field_8,1,PROTECTING,Field_8,1,PROTECTING,Field_6,1,IDLE,,1,PROTECTING,Field_8,1,PROTECTING,Field_8,1,PROTECTING,Field_8,1,IDLE,,1,IDLE,,1,IDLE,,1,IDLE,,1,IDLE,,1,IDLE,,1,IDLE,,1,IDLE,,1,IDLE,,1,PROTECTING,Field_7,1,IDLE,,1,IDLE,,1,IDLE,,1,PROTECTING,Field_5,1,PROTECTING,Field_40,1,IDLE,,1,IDLE,,1,IDLE,,1,IDLE,,1,IDLE,,1,IDLE,,1,IDLE,,1,IDLE,,1,IDLE,,1,IDLE,,1,IDLE,,1,IDLE,,1,IDLE,,1,IDLE,,1,IDLE,,1,IDLE,,1,IDLE,,1,IDLE,,1,IDLE,,1,IDLE,,1,IDLE,,1,IDLE,,1,IDLE,,1,IDLE,,1,IDLE,,1,IDLE,,1,IDLE,,1,IDLE,,1,IDLE,,1,IDLE,,1,IDLE,,1,IDLE,,1,IDLE,,1,IDLE,,1,IDLE,,1,IDLE,,1,IDLE,,1,IDLE,,1,IDLE,,60,0.20,1,0,8,30,0.09,2,0,2,29,0.06,1,0,1,0,0.00,1,0,0,3,0.00,1,0,0,174,0.14,3,0,3,64,0.03,1,0,1,62,0.04,5,0,1,22,0.03,1,0,1,23,0.13,0,0,6,10,0.06,0,0,2,11,0.04,0,0,3,9,0.03,0,0,1,84,0.13,0,0,2,81,0.16,0,0,6,31,0.14,0,0,9,54,0.10,0,0,3,31,0.19,0,0,9,40,0.14,0,0,6,3,0.04,0,0,2,24,0.09,0,0,2,6,0.02,0,0,1,1,0.03,0,0,2,44,0.03,0,0,1,17,0.09,0,0,1,15,0.12,0,0,2,26,0.09,0,0,2,14,0.09,0,0,2,8,0.02,0,0,2,20,0.12,0,0,2,3,0.02,0,0,2,28,0.08,0,0,2,25,0.09,0,0,2,8,0.10,0,0,2,31,0.06,0,0,3,18,0.14,0,0,3,18,0.08,0,0,2,11,0.11,0,0,2,28,0.10,0,0,3,53,0.09,2,0,1
236,1221,61,0,18,0,0,0,1,IDLE,,1,PROTECTING,Field_1,1,PROTECTING,Field_2,1,PROTECTING,Field_9,1,IDLE,,1,IDLE,,1,PROTECTING,Field_6,1,IDLE,,1,IDLE,,1,PROTECTING,Field_3,1,IDLE,,1,PROTECTING,Field_2,1,IDLE,,1,PROTECTING,Field_4,1,IDLE,,1,IDLE,,1,PROTECTING,Field_6,1,PROTECTING,Field_40,1,PROTECTING,Field_8,1,PROTECTING,Field_8,1,PROTECTING,Field_6,1,IDLE,,1,PROTECTING,Field_8,1,PROTECTING,Field_8,1,PROTECTING,Field_8,1,IDLE,,1,IDLE,,1,IDLE,,1,IDLE,,1,IDLE,,1,IDLE,,1,IDLE,,1,IDLE,,1,IDLE,,1,PROTECTING,Field_7,1,IDLE,,1,IDLE,,1,IDLE,,1,PROTECTING,Field_5,1,PROTECTING,Field_40,1,IDLE,,1,IDLE,,1,IDLE,,1,IDLE,,1,IDLE,,1,IDLE,,1,IDLE,,1,IDLE,,1,IDLE,,1,IDLE,,1,IDLE,,1,IDLE,,1,IDLE,,1,IDLE,,1,IDLE,,1,IDLE,,1,IDLE,,1,IDLE,,1,IDLE,,1,IDLE,,1,IDLE,,1,IDLE,,1,IDLE,,1,IDLE,,1,IDLE,,1,IDLE,,1,IDLE,,1,IDLE,,1,IDLE,,1,IDLE,,1,IDLE,,1,IDLE,,1,IDLE,,1,IDLE,,1,IDLE,,1,IDLE,,1,IDLE,,1,IDLE,,1,IDLE,,60,0.20,1,0,8,30,0.09,2,0,2,30,0.06,1,0,1,0,0.00,1,0,0,3,0.00,1,0,0,174,0.14,3,0,3,64,0.03,1,0,1,62,0.03,5,0,1,22,0.03,1,0,1,23,0.14,0,0,6,10,0.06,0,0,2,11,0.04,0,0,3,9,0.05,0,0,1,84,0.13,0,0,2,81,0.16,0,0,6,31,0.14,0,0,9,54,0.11,0,0,3,31,0.18,0,0,9,40,0.14,0,0,6,3,0.04,0,0,2,24,0.09,0,0,2,6,0.02,0,0,1,1,0.03,0,0,2,44,0.03,0,0,1,17,0.09,0,0,1,15,0.10,0,0,2,26,0.09,0,0,2,14,0.09,0,0,2,8,0.00,0,0,2,20,0.12,0,0,2,3,0.02,0,0,2,29,0.08,0,0,2,25,0.09,0,0,2,8,0.10,0,0,2,31,0.06,0,0,3,18,0.10,0,0,3,18,0.08,0,0,2,11,0.10,0,0,2,28,0.09,0,0,3,53,0.09,2,0,1
237,1225,61,0,18,0,0,0,1,IDLE,,1,PROTECTING,Field_1,1,PROTECTING,Field_2,1,PROTECTING,Field_9,1,IDLE,,1,IDLE,,1,PROTECTING,Field_6,1,IDLE,,1,IDLE,,1,PROTECTING,Field_3,1,IDLE,,1,PROTECTING,Field_2,1,IDLE,,1,PROTECTING,Field_4,1,IDLE,,1,IDLE,,1,PROTECTING,Field_6,1,PROTECTING,Field_40,1,PROTECTING,Field_8,1,PROTECTING,Field_8,1,PROTECTING,Field_6,1,IDLE,,1,PROTECTING,Field_8,1,PROTECTING,Field_8,1,PROTECTING,Field_8,1,IDLE,,1,IDLE,,1,IDLE,,1,IDLE,,1,IDLE,,1,IDLE,,1,IDLE,,1,IDLE,,1,IDLE,,1,PROTECTING,Field_7,1,IDLE,,1,IDLE,,1,IDLE,,1,PROTECTING,Field_5,1,PROTECTING,Field_40,1,IDLE,,1,IDLE,,1,IDLE,,1,IDLE,,1,IDLE,,1,IDLE,,1,IDLE,,1,IDLE,,1,IDLE,,1,IDLE,,1,IDLE,,1,IDLE,,1,IDLE,,1,IDLE,,1,IDLE,,1,IDLE,,1,IDLE,,1,IDLE,,1,IDLE,,1,IDLE,,1,IDLE,,1,IDLE,,1,IDLE,,1,IDLE,,1,IDLE,,1,IDLE,,1,IDLE,,1,IDLE,,1,IDLE,,1,IDLE,,1,IDLE,,1,IDLE,,1,IDLE,,1,IDLE,,1,IDLE,,1,IDLE,,1,IDLE,,1,IDLE,,1,IDLE,,60,0.19,1,0,8,30,0.10,2,0,2,30,0.05,1,0,1,0,0.00,1,0,0,3,0.00,1,0,0,174,0.14,3,0,3,64,0.03,1,0,1,62,0.02,5,0,1,22,0.04,1,0,1,23,0.13,0,0,6,11,0.06,0,0,2,11,0.04,0,0,3,9,0.05,0,0,1,85,0.14,0,0,2,81,0.16,0,0,6,31,0.14,0,0,9,54,0.10,0,0,3,31,0.19,0,0,9,40,0.14,0,0,6,3,0.04,0,0,2,24,0.09,0,0,2,6,0.02,0,0,1,1,0.03,0,0,2,44,0.03,0,0,1,17,0.09,0,0,1,15,0.08,0,0,2,27,0.10,0,0,2,14,0.07,0,0,2,8,0.02,0,0,2,20,0.12,0,0,2,3,0.02,0,0,2,29,0.08,0,0,2,25,0.09,0,0,2,9,0.12,0,0,2,31,0.06,0,0,3,18,0.10,0,0,3,18,0.08,0,0,2,11,0.10,0,0,2,28,0.09,0,0,3,53,0.08,2,0,1
238,1229,61,0,18,0,0,0,1,IDLE,,1,PROTECTING,Field_1,1,PROTECTING,Field_2,1,PROTECTING,Field_9,1,IDLE,,1,IDLE,,1,PROTECTING,Field_6,1,IDLE,,1,IDLE,,1,PROTECTING,Field_3,1,IDLE,,1,PROTECTING,Field_2,1,IDLE,,1,PROTECTING,Field_4,1,IDLE,,1,IDLE,,1,PROTECTING,Field_6,1,PROTECTING,Field_40,1,PROTECTING,Field_8,1,PROTECTING,Field_8,1,PROTECTING,Field_6,1,IDLE,,1,PROTECTING,Field_8,1,PROTECTING,Field_8,1,PROTECTING,Field_8,1,IDLE,,1,IDLE,,1,IDLE,,1,IDLE,,1,IDLE,,1,IDLE,,1,IDLE,,1,IDLE,,1,IDLE,,1,PROTECTING,Field_7,1,IDLE,,1,IDLE,,1,IDLE,,1,PROTECTING,Field_5,1,PROTECTING,Field_40,1,IDLE,,1,IDLE,,1,IDLE,,1,IDLE,,1,IDLE,,1,IDLE,,1,IDLE,,1,IDLE,,1,IDLE,,1,IDLE,,1,IDLE,,1,IDLE,,1,IDLE,,1,IDLE,,1,IDLE,,1,IDLE,,1,IDLE,,1,IDLE,,1,IDLE,,1,IDLE,,1,IDLE,,1,IDLE,,1,IDLE,,1,IDLE,,1,IDLE,,1,IDLE,,1,IDLE,,1,IDLE,,1,IDLE,,1,IDLE,,1,IDLE,,1,IDLE,,1,IDLE,,1,IDLE,,1,IDLE,,1,IDLE,,1,IDLE,,1,IDLE,,1,IDLE,,60,0.19,1,0,8,30,0.12,2,0,2,31,0.05,1,0,1,0,0.00,1,0,0,3,0.00,1,0,0,174,0.14,3,0,3,64,0.03,1,0,1,62,0.02,5,0,1,22,0.04,1,0,1,23,0.12,0,0,6,11,0.06,0,0,2,11,0.05,0,0,3,9,0.05,0,0,1,86,0.15,0,0,2,81,0.15,0,0,6,31,0.14,0,0,9,54,0.10,0,0,3,31,0.19,0,0,9,40,0.13,0,0,6,3,0.04,0,0,2,24,0.09,0,0,2,6,0.02,0,0,1,1,0.03,0,0,2,44,0.03,0,0,1,17,0.07,0,0,1,15,0.06,0,0,2,27,0.08,0,0,2,14,0.07,0,0,2,8,0.02,0,0,2,21,0.12,0,0,2,3,0.02,0,0,2,29,0.08,0,0,2,25,0.09,0,0,2,9,0.12,0,0,2,31,0.06,0,0,3,18,0.10,0,0,3,18,0.08,0,0,2,11,0.11,0,0,2,29,0.09,0,0,3,53,0.08,2,0,1
239,1231,61,0,18,0,0,0,1,IDLE,,1,PROTECTING,Field_1,1,PROTECTING,Field_2,1,PROTECTING,Field_9,1,IDLE,,1,IDLE,,1,PROTECTING,Field_6,1,IDLE,,1,IDLE,,1,PROTECTING,Field_3,1,IDLE,,1,PROTECTING,Field_2,1,IDLE,,1,PROTECTING,Field_4,1,IDLE,,1,IDLE,,1,PROTECTING,Field_6,1,PROTECTING,Field_40,1,PROTECTING,Field_8,1,PROTECTING,Field_8,1,PROTECTING,Field_6,1,IDLE,,1,PROTECTING,Field_8,1,PROTECTING,Field_8,1,PROTECTING,Field_8,1,IDLE,,1,IDLE,,1,IDLE,,1,IDLE,,1,IDLE,,1,IDLE,,1,IDLE,,1,IDLE,,1,IDLE,,1,PROTECTING,Field_7,1,IDLE,,1,IDLE,,1,IDLE,,1,PROTECTING,Field_5,1,PROTECTING,Field_40,1,IDLE,,1,IDLE,,1,IDLE,,1,IDLE,,1,IDLE,,1,IDLE,,1,IDLE,,1,IDLE,,1,IDLE,,1,IDLE,,1,IDLE,,1,IDLE,,1,IDLE,,1,IDLE,,1,IDLE,,1,IDLE,,1,IDLE,,1,IDLE,,1,IDLE,,1,IDLE,,1,IDLE,,1,IDLE,,1,IDLE,,1,IDLE,,1,IDLE,,1,IDLE,,1,IDLE,,1,IDLE,,1,IDLE,,1,IDLE,,1,IDLE,,1,IDLE,,1,IDLE,,1,IDLE,,1,IDLE,,1,IDLE,,1,IDLE,,1,IDLE,,1,IDLE,,60,0.19,1,0,8,30,0.12,2,0,2,31,0.05,1,0,1,0,0.00,1,0,0,3,0.00,1,0,0,174,0.15,3,0,3,64,0.03,1,0,1,62,0.03,5,0,1,22,0.04,1,0,1,23,0.13,0,0,6,11,0.04,0,0,2,11,0.06,0,0,3,9,0.05,0,0,1,86,0.15,0,0,2,81,0.14,0,0,6,31,0.13,0,0,9,54,0.10,0,0,3,31,0.19,0,0,9,40,0.13,0,0,6,3,0.04,0,0,2,24,0.09,0,0,2,6,0.02,0,0,1,1,0.03,0,0,2,44,0.01,0,0,1,17,0.09,0,0,1,15,0.05,0,0,2,27,0.08,0,0,2,14,0.04,0,0,2,8,0.02,0,0,2,21,0.10,0,0,2,3,0.02,0,0,2,29,0.06,0,0,2,25,0.09,0,0,2,9,0.15,0,0,2,31,0.06,0,0,3,18,0.10,0,0,3,18,0.08,0,0,2,13,0.11,0,0,2,29,0.10,0,0,3,53,0.08,2,0,1
240,1234,61,0,18,0,0,0,1,IDLE,,1,PROTECTING,Field_1,1,PROTECTING,Field_2,1,PROTECTING,Field_9,1,IDLE,,1,IDLE,,1,PROTECTING,Field_6,1,IDLE,,1,IDLE,,1,PROTECTING,Field_3,1,IDLE,,1,PROTECTING,Field_2,1,IDLE,,1,PROTECTING,Field_4,1,IDLE,,1,IDLE,,1,PROTECTING,Field_6,1,PROTECTING,Field_40,1,PROTECTING,Field_8,1,PROTECTING,Field_8,1,PROTECTING,Field_6,1,IDLE,,1,PROTECTING,Field_8,1,PROTECTING,Field_8,1,PROTECTING,Field_8,1,IDLE,,1,IDLE,,1,IDLE,,1,IDLE,,1,IDLE,,1,IDLE,,1,IDLE,,1,IDLE,,1,IDLE,,1,PROTECTING,Field_7,1,IDLE,,1,IDLE,,1,IDLE,,1,PROTECTING,Field_5,1,PROTECTING,Field_40,1,IDLE,,1,IDLE,,1,IDLE,,1,IDLE,,1,IDLE,,1,IDLE,,1,IDLE,,1,IDLE,,1,IDLE,,1,IDLE,,1,IDLE,,1,IDLE,,1,IDLE,,1,IDLE,,1,IDLE,,1,IDLE,,1,IDLE,,1,IDLE,,1,IDLE,,1,IDLE,,1,IDLE,,1,IDLE,,1,IDLE,,1,IDLE,,1,IDLE,,1,IDLE,,1,IDLE,,1,IDLE,,1,IDLE,,1,IDLE,,1,IDLE,,1,IDLE,,1,IDLE,,1,IDLE,,1,IDLE,,1,IDLE,,1,IDLE,,1,IDLE,,1,IDLE,,60,0.21,1,0,8,30,0.12,2,0,2,32,0.06,1,0,1,0,0.00,1,0,0,3,0.00,1,0,0,174,0.14,3,0,3,64,0.03,1,0,1,62,0.03,5,0,1,22,0.04,1,0,1,23,0.13,0,0,6,11,0.04,0,0,2,11,0.07,0,0,3,9,0.05,0,0,1,86,0.16,0,0,2,82,0.14,0,0,6,31,0.12,0,0,9,54,0.11,0,0,3,31,0.20,0,0,9,40,0.14,0,0,6,3,0.04,0,0,2,24,0.09,0,0,2,6,0.02,0,0,1,1,0.03,0,0,2,44,0.01,0,0,1,17,0.09,0,0,1,15,0.05,0,0,2,27,0.08,0,0,2,14,0.04,0,0,2,8,0.05,0,0,2,21,0.10,0,0,2,3,0.02,0,0,2,29,0.06,0,0,2,25,0.09,0,0,2,9,0.15,0,0,2,31,0.06,0,0,3,18,0.10,0,0,3,18,0.08,0,0,2,13,0.10,0,0,2,29,0.10,0,0,3,54,0.09,2,0,1
241,1235,61,0,18,0,0,0,1,IDLE,,1,PROTECTING,Field_1,1,PROTECTING,Field_2,1,PROTECTING,Field_9,1,IDLE,,1,IDLE,,1,PROTECTING,Field_6,1,IDLE,,1,IDLE,,1,PROTECTING,Field_3,1,IDLE,,1,PROTECTING,Field_2,1,IDLE,,1,PROTECTING,Field_4,1,IDLE,,1,IDLE,,1,PROTECTING,Field_6,1,PROTECTING,Field_40,1,PROTECTING,Field_8,1,PROTECTING,Field_8,1,PROTECTING,Field_6,1,IDLE,,1,PROTECTING,Field_8,1,PROTECTING,Field_8,1,PROTECTING,Field_8,1,IDLE,,1,IDLE,,1,IDLE,,1,IDLE,,1,IDLE,,1,IDLE,,1,IDLE,,1,IDLE,,1,IDLE,,1,PROTECTING,Field_7,1,IDLE,,1,IDLE,,1,IDLE,,1,PROTECTING,Field_5,1,PROTECTING,Field_40,1,IDLE,,1,IDLE,,1,IDLE,,1,IDLE,,1,IDLE,,1,IDLE,,1,IDLE,,1,IDLE,,1,IDLE,,1,IDLE,,1,IDLE,,1,IDLE,,1,IDLE,,1,IDLE,,1,IDLE,,1,IDLE,,1,IDLE,,1,IDLE,,1,IDLE,,1,IDLE,,1,IDLE,,1,IDLE,,1,IDLE,,1,IDLE,,1,IDLE,,1,IDLE,,1,IDLE,,1,IDLE,,1,IDLE,,1,IDLE,,1,IDLE,,1,IDLE,,1,IDLE,,1,IDLE,,1,IDLE,,1,IDLE,,1,IDLE,,1,IDLE,,1,IDLE,,60,0.21,1,0,8,30,0.12,2,0,2,33,0.06,1,0,1,0,0.00,1,0,0,3,0.00,1,0,0,174,0.14,3,0,3,64,0.03,1,0,1,62,0.03,5,0,1,22,0.04,1,0,1,23,0.13,0,0,6,11,0.04,0,0,2,11,0.06,0,0,3,9,0.05,0,0,1,86,0.16,0,0,2,82,0.14,0,0,6,31,0.13,0,0,9,54,0.11,0,0,3,31,0.21,0,0,9,40,0.14,0,0,6,3,0.04,0,0,2,24,0.09,0,0,2,6,0.02,0,0,1,1,0.03,0,0,2,44,0.01,0,0,1,17,0.09,0,0,1,15,0.05,0,0,2,27,0.08,0,0,2,14,0.04,0,0,2,8,0.05,0,0,2,21,0.10,0,0,2,3,0.02,0,0,2,29,0.06,0,0,2,25,0.09,0,0,2,9,0.12,0,0,2,31,0.06,0,0,3,18,0.10,0,0,3,18,0.08,0,0,2,13,0.10,0,0,2,29,0.10,0,0,3,54,0.09,2,0,1
242,1239,61,0,18,0,0,0,1,IDLE,,1,PROTECTING,Field_1,1,PROTECTING,Field_2,1,PROTECTING,Field_9,1,IDLE,,1,IDLE,,1,PROTECTING,Field_6,1,IDLE,,1,IDLE,,1,PROTECTING,Field_3,1,IDLE,,1,PROTECTING,Field_2,1,IDLE,,1,PROTECTING,Field_4,1,IDLE,,1,IDLE,,1,PROTECTING,Field_6,1,PROTECTING,Field_40,1,PROTECTING,Field_8,1,PROTECTING,Field_8,1,PROTECTING,Field_6,1,IDLE,,1,PROTECTING,Field_8,1,PROTECTING,Field_8,1,PROTECTING,Field_8,1,IDLE,,1,IDLE,,1,IDLE,,1,IDLE,,1,IDLE,,1,IDLE,,1,IDLE,,1,IDLE,,1,IDLE,,1,PROTECTING,Field_7,1,IDLE,,1,IDLE,,1,IDLE,,1,PROTECTING,Field_5,1,PROTECTING,Field_40,1,IDLE,,1,IDLE,,1,IDLE,,1,IDLE,,1,IDLE,,1,IDLE,,1,IDLE,,1,IDLE,,1,IDLE,,1,IDLE,,1,IDLE,,1,IDLE,,1,IDLE,,1,IDLE,,1,IDLE,,1,IDLE,,1,IDLE,,1,IDLE,,1,IDLE,,1,IDLE,,1,IDLE,,1,IDLE,,1,IDLE,,1,IDLE,,1,IDLE,,1,IDLE,,1,IDLE,,1,IDLE,,1,IDLE,,1,IDLE,,1,IDLE,,1,IDLE,,1,IDLE,,1,IDLE,,1,IDLE,,1,IDLE,,1,IDLE,,1,IDLE,,1,IDLE,,60,0.21,1,0,8,30,0.12,2,0,2,33,0.06,1,0,1,0,0.00,1,0,0,3,0.00,1,0,0,175,0.14,3,0,3,64,0.01,1,0,1,62,0.03,5,0,1,22,0.04,1,0,1,23,0.13,0,0,6,11,0.04,0,0,2,11,0.06,0,0,3,9,0.05,0,0,1,86,0.15,0,0,2,82,0.13,0,0,6,31,0.12,0,0,9,54,0.11,0,0,3,32,0.19,0,0,9,40,0.14,0,0,6,3,0.03,0,0,2,26,0.09,0,0,2,6,0.02,0,0,1,1,0.03,0,0,2,44,0.01,0,0,1,17,0.11,0,0,1,15,0.05,0,0,2,27,0.09,0,0,2,14,0.07,0,0,2,8,0.06,0,0,2,21,0.09,0,0,2,3,0.02,0,0,2,29,0.06,0,0,2,25,0.09,0,0,2,9,0.12,0,0,2,31,0.06,0,0,3,18,0.10,0,0,3,18,0.08,0,0,2,13,0.10,0,0,2,29,0.10,0,0,3,54,0.09,2,0,1
243,1243,61,0,18,0,0,0,1,IDLE,,1,PROTECTING,Field_1,1,PROTECTING,Field_2,1,PROTECTING,Field_9,1,IDLE,,1,IDLE,,1,PROTECTING,Field_6,1,IDLE,,1,IDLE,,1,PROTECTING,Field_3,1,IDLE,,1,PROTECTING,Field_2,1,IDLE,,1,PROTECTING,Field_4,1,IDLE,,1,IDLE,,1,PROTECTING,Field_6,1,PROTECTING,Field_40,1,PROTECTING,Field_8,1,PROTECTING,Field_8,1,PROTECTING,Field_6,1,IDLE,,1,PROTECTING,Field_8,1,PROTECTING,Field_8,1,PROTECTING,Field_8,1,IDLE,,1,IDLE,,1,IDLE,,1,IDLE,,1,IDLE,,1,IDLE,,1,IDLE,,1,IDLE,,1,IDLE,,1,PROTECTING,Field_7,1,IDLE,,1,IDLE,,1,IDLE,,1,PROTECTING,Field_5,1,PROTECTING,Field_40,1,IDLE,,1,IDLE,,1,IDLE,,1,IDLE,,1,IDLE,,1,IDLE,,1,IDLE,,1,IDLE,,1,IDLE,,1,IDLE,,1,IDLE,,1,IDLE,,1,IDLE,,1,IDLE,,1,IDLE,,1,IDLE,,1,IDLE,,1,IDLE,,1,IDLE,,1,IDLE,,1,IDLE,,1,IDLE,,1,IDLE,,1,IDLE,,1,IDLE,,1,IDLE,,1,IDLE,,1,IDLE,,1,IDLE,,1,IDLE,,1,IDLE,,1,IDLE,,1,IDLE,,1,IDLE,,1,IDLE,,1,IDLE,,1,IDLE,,1,IDLE,,1,IDLE,,60,0.21,1,0,8,32,0.12,2,0,2,33,0.05,1,0,1,0,0.00,1,0,0,3,0.00,1,0,0,175,0.15,3,0,3,64,0.03,1,0,1,62,0.03,5,0,1,22,0.07,1,0,1,23,0.12,0,0,6,11,0.04,0,0,2,11,0.07,0,0,3,9,0.05,0,0,1,86,0.15,0,0,2,82,0.13,0,0,6,31,0.13,0,0,9,54,0.10,0,0,3,32,0.19,0,0,9,41,0.16,0,0,6,3,0.03,0,0,2,26,0.09,0,0,2,6,0.02,0,0,1,1,0.03,0,0,2,44,0.01,0,0,1,18,0.11,0,0,1,15,0.08,0,0,2,27,0.09,0,0,2,14,0.07,0,0,2,8,0.06,0,0,2,21,0.09,0,0,2,3,0.02,0,0,2,29,0.05,0,0,2,25,0.09,0,0,2,9,0.12,0,0,2,31,0.07,0,0,3,18,0.10,0,0,3,18,0.08,0,0,2,13,0.10,0,0,2,29,0.11,0,0,3,54,0.09,2,0,1
244,1246,61,0,18,0,0,0,1,IDLE,,1,PROTECTING,Field_1,1,PROTECTING,Field_2,1,PROTECTING,Field_9,1,IDLE,,1,IDLE,,1,PROTECTING,Field_6,1,IDLE,,1,IDLE,,1,PROTECTING,Field_3,1,IDLE,,1,PROTECTING,Field_2,1,IDLE,,1,PROTECTING,Field_4,1,IDLE,,1,IDLE,,1,PROTECTING,Field_6,1,PROTECTING,Field_40,1,PROTECTING,Field_8,1,PROTECTING,Field_8,1,PROTECTING,Field_6,1,IDLE,,1,PROTECTING,Field_8,1,PROTECTING,Field_8,1,PROTECTING,Field_8,1,IDLE,,1,IDLE,,1,IDLE,,1,IDLE,,1,IDLE,,1,IDLE,,1,IDLE,,1,IDLE,,1,IDLE,,1,PROTECTING,Field_7,1,IDLE,,1,IDLE,,1,IDLE,,1,PROTECTING,Field_5,1,PROTECTING,Field_40,1,IDLE,,1,IDLE,,1,IDLE,,1,IDLE,,1,IDLE,,1,IDLE,,1,IDLE,,1,IDLE,,1,IDLE,,1,IDLE,,1,IDLE,,1,IDLE,,1,IDLE,,1,IDLE,,1,IDLE,,1,IDLE,,1,IDLE,,1,IDLE,,1,IDLE,,1,IDLE,,1,IDLE,,1,IDLE,,1,IDLE,,1,IDLE,,1,IDLE,,1,IDLE,,1,IDLE,,1,IDLE,,1,IDLE,,1,IDLE,,1,IDLE,,1,IDLE,,1,IDLE,,1,IDLE,,1,IDLE,,1,IDLE,,1,IDLE,,1,IDLE,,1,IDLE,,60,0.20,1,0,8,32,0.12,2,0,2,33,0.04,1,0,1,0,0.00,1,0,0,3,0.00,1,0,0,176,0.16,3,0,3,64,0.03,1,0,1,62,0.03,5,0,1,22,0.07,1,0,1,23,0.13,0,0,6,11,0.04,0,0,2,11,0.06,0,0,3,9,0.03,0,0,1,86,0.15,0,0,2,82,0.12,0,0,6,31,0.13,0,0,9,54,0.09,0,0,3,32,0.18,0,0,9,41,0.13,0,0,6,3,0.03,0,0,2,26,0.09,0,0,2,6,0.02,0,0,1,1,0.03,0,0,2,44,0.01,0,0,1,18,0.11,0,0,1,15,0.08,0,0,2,27,0.10,0,0,2,14,0.07,0,0,2,8,0.06,0,0,2,21,0.10,0,0,2,3,0.02,0,0,2,29,0.05,0,0,2,25,0.09,0,0,2,9,0.12,0,0,2,31,0.08,0,0,3,18,0.10,0,0,3,18,0.08,0,0,2,14,0.09,0,0,2,29,0.11,0,0,3,55,0.09,2,0,1
245,1246,61,0,18,0,0,0,1,IDLE,,1,PROTECTING,Field_1,1,PROTECTING,Field_2,1,PROTECTING,Field_9,1,IDLE,,1,IDLE,,1,PROTECTING,Field_6,1,IDLE,,1,IDLE,,1,PROTECTING,Field_3,1,IDLE,,1,PROTECTING,Field_2,1,IDLE,,1,PROTECTING,Field_4,1,IDLE,,1,IDLE,,1,PROTECTING,Field_6,1,PROTECTING,Field_40,1,PROTECTING,Field_8,1,PROTECTING,Field_8,1,PROTECTING,Field_6,1,IDLE,,1,PROTECTING,Field_8,1,PROTECTING,Field_8,1,PROTECTING,Field_8,1,IDLE,,1,IDLE,,1,IDLE,,1,IDLE,,1,IDLE,,1,IDLE,,1,IDLE,,1,IDLE,,1,IDLE,,1,PROTECTING,Field_7,1,IDLE,,1,IDLE,,1,IDLE,,1,PROTECTING,Field_5,1,PROTECTING,Field_40,1,IDLE,,1,IDLE,,1,IDLE,,1,IDLE,,1,IDLE,,1,IDLE,,1,IDLE,,1,IDLE,,1,IDLE,,1,IDLE,,1,IDLE,,1,IDLE,,1,IDLE,,1,IDLE,,1,IDLE,,1,IDLE,,1,IDLE,,1,IDLE,,1,IDLE,,1,IDLE,,1,IDLE,,1,IDLE,,1,IDLE,,1,IDLE,,1,IDLE,,1,IDLE,,1,IDLE,,1,IDLE,,1,IDLE,,1,IDLE,,1,IDLE,,1,IDLE,,1,IDLE,,1,IDLE,,1,IDLE,,1,IDLE,,1,IDLE,,1,IDLE,,1,IDLE,,60,0.21,1,0,8,32,0.10,2,0,2,33,0.05,1,0,1,0,0.00,1,0,0,3,0.00,1,0,0,176,0.15,3,0,3,64,0.03,1,0,1,62,0.02,5,0,1,22,0.05,1,0,1,23,0.09,0,0,6,11,0.04,0,0,2,11,0.06,0,0,3,9,0.03,0,0,1,86,0.12,0,0,2,82,0.12,0,0,6,31,0.13,0,0,9,54,0.09,0,0,3,32,0.18,0,0,9,41,0.13,0,0,6,3,0.03,0,0,2,26,0.09,0,0,2,6,0.02,0,0,1,1,0.03,0,0,2,44,0.03,0,0,1,18,0.09,0,0,1,15,0.08,0,0,2,27,0.09,0,0,2,14,0.04,0,0,2,8,0.10,0,0,2,21,0.10,0,0,2,3,0.02,0,0,2,29,0.05,0,0,2,25,0.09,0,0,2,9,0.10,0,0,2,31,0.08,0,0,3,18,0.10,0,0,3,18,0.07,0,0,2,14,0.09,0,0,2,29,0.11,0,0,3,55,0.09,2,0,1
246,1253,61,0,18,0,0,0,1,IDLE,,1,PROTECTING,Field_1,1,PROTECTING,Field_2,1,PROTECTING,Field_9,1,IDLE,,1,IDLE,,1,PROTECTING,Field_6,1,IDLE,,1,IDLE,,1,PROTECTING,Field_3,1,IDLE,,1,PROTECTING,Field_2,1,IDLE,,1,PROTECTING,Field_4,1,IDLE,,1,IDLE,,1,PROTECTING,Field_6,1,PROTECTING,Field_40,1,PROTECTING,Field_8,1,PROTECTING,Field_8,1,PROTECTING,Field_6,1,IDLE,,1,PROTECTING,Field_8,1,PROTECTING,Field_8,1,PROTECTING,Field_8,1,IDLE,,1,IDLE,,1,IDLE,,1,IDLE,,1,IDLE,,1,IDLE,,1,IDLE,,1,IDLE,,1,IDLE,,1,PROTECTING,Field_7,1,IDLE,,1,IDLE,,1,IDLE,,1,PROTECTING,Field_5,1,PROTECTING,Field_40,1,IDLE,,1,IDLE,,1,IDLE,,1,IDLE,,1,IDLE,,1,IDLE,,1,IDLE,,1,IDLE,,1,IDLE,,1,IDLE,,1,IDLE,,1,IDLE,,1,IDLE,,1,IDLE,,1,IDLE,,1,IDLE,,1,IDLE,,1,IDLE,,1,IDLE,,1,IDLE,,1,IDLE,,1,IDLE,,1,IDLE,,1,IDLE,,1,IDLE,,1,IDLE,,1,IDLE,,1,IDLE,,1,IDLE,,1,IDLE,,1,IDLE,,1,IDLE,,1,IDLE,,1,IDLE,,1,IDLE,,1,IDLE,,1,IDLE,,1,IDLE,,1,IDLE,,60,0.19,1,0,8,33,0.09,2,0,2,34,0.05,1,0,1,0,0.00,1,0,0,3,0.00,1,0,0,177,0.16,3,0,3,64,0.03,1,0,1,62,0.02,5,0,1,22,0.04,1,0,1,23,0.09,0,0,6,11,0.03,0,0,2,11,0.05,0,0,3,9,0.03,0,0,1,86,0.12,0,0,2,82,0.13,0,0,6,31,0.13,0,0,9,54,0.09,0,0,3,33,0.17,0,0,9,42,0.13,0,0,6,3,0.03,0,0,2,27,0.09,0,0,2,6,0.03,0,0,1,1,0.03,0,0,2,44,0.03,0,0,1,18,0.09,0,0,1,15,0.08,0,0,2,27,0.09,0,0,2,14,0.04,0,0,2,8,0.10,0,0,2,21,0.12,0,0,2,3,0.02,0,0,2,29,0.06,0,0,2,25,0.09,0,0,2,9,0.10,0,0,2,31,0.08,0,0,3,18,0.10,0,0,3,18,0.06,0,0,2,15,0.09,0,0,2,29,0.10,0,0,3,55,0.11,2,0,1
247,1256,61,0,18,0,0,0,1,IDLE,,1,PROTECTING,Field_1,1,PROTECTING,Field_2,1,PROTECTING,Field_9,1,IDLE,,1,IDLE,,1,PROTECTING,Field_6,1,IDLE,,1,IDLE,,1,PROTECTING,Field_3,1,IDLE,,1,PROTECTING,Field_2,1,IDLE,,1,PROTECTING,Field_4,1,IDLE,,1,IDLE,,1,PROTECTING,Field_6,1,PROTECTING,Field_40,1,PROTECTING,Field_8,1,PROTECTING,Field_8,1,PROTECTING,Field_6,1,IDLE,,1,PROTECTING,Field_8,1,PROTECTING,Field_8,1,PROTECTING,Field_8,1,IDLE,,1,IDLE,,1,IDLE,,1,IDLE,,1,IDLE,,1,IDLE,,1,IDLE,,1,IDLE,,1,IDLE,,1,PROTECTING,Field_7,1,IDLE,,1,IDLE,,1,IDLE,,1,PROTECTING,Field_5,1,PROTECTING,Field_40,1,IDLE,,1,IDLE,,1,IDLE,,1,IDLE,,1,IDLE,,1,IDLE,,1,IDLE,,1,IDLE,,1,IDLE,,1,IDLE,,1,IDLE,,1,IDLE,,1,IDLE,,1,IDLE,,1,IDLE,,1,IDLE,,1,IDLE,,1,IDLE,,1,IDLE,,1,IDLE,,1,IDLE,,1,IDLE,,1,IDLE,,1,IDLE,,1,IDLE,,1,IDLE,,1,IDLE,,1,IDLE,,1,IDLE,,1,IDLE,,1,IDLE,,1,IDLE,,1,IDLE,,1,IDLE,,1,IDLE,,1,IDLE,,1,IDLE,,1,IDLE,,1,IDLE,,60,0.19,1,0,8,34,0.09,2,0,2,34,0.06,1,0,1,0,0.00,1,0,0,3,0.00,1,0,0,177,0.14,3,0,3,64,0.03,1,0,1,62,0.01,5,0,1,22,0.04,1,0,1,23,0.10,0,0,6,11,0.03,0,0,2,11,0.03,0,0,3,9,0.03,0,0,1,87,0.13,0,0,2,82,0.12,0,0,6,31,0.12,0,0,9,54,0.08,0,0,3,33,0.19,0,0,9,42,0.14,0,0,6,3,0.01,0,0,2,27,0.09,0,0,2,6,0.03,0,0,1,1,0.05,0,0,2,44,0.03,0,0,1,18,0.09,0,0,1,15,0.09,0,0,2,27,0.08,0,0,2,14,0.04,0,0,2,8,0.08,0,0,2,21,0.12,0,0,2,3,0.02,0,0,2,29,0.06,0,0,2,25,0.09,0,0,2,9,0.08,0,0,2,31,0.07,0,0,3,18,0.10,0,0,3,18,0.06,0,0,2,16,0.09,0,0,2,29,0.08,0,0,3,55,0.11,2,0,1
248,1260,61,0,18,0,0,0,1,IDLE,,1,PROTECTING,Field_1,1,PROTECTING,Field_2,1,PROTECTING,Field_9,1,IDLE,,1,IDLE,,1,PROTECTING,Field_6,1,IDLE,,1,IDLE,,1,PROTECTING,Field_3,1,IDLE,,1,PROTECTING,Field_2,1,IDLE,,1,PROTECTING,Field_4,1,IDLE,,1,IDLE,,1,PROTECTING,Field_6,1,PROTECTING,Field_40,1,PROTECTING,Field_8,1,PROTECTING,Field_8,1,PROTECTING,Field_6,1,IDLE,,1,PROTECTING,Field_8,1,PROTECTING,Field_8,1,PROTECTING,Field_8,1,IDLE,,1,IDLE,,1,IDLE,,1,IDLE,,1,IDLE,,1,IDLE,,1,IDLE,,1,IDLE,,1,IDLE,,1,PROTECTING,Field_7,1,IDLE,,1,IDLE,,1,IDLE,,1,PROTECTING,Field_5,1,PROTECTING,Field_40,1,IDLE,,1,IDLE,,1,IDLE,,1,IDLE,,1,IDLE,,1,IDLE,,1,IDLE,,1,IDLE,,1,IDLE,,1,IDLE,,1,IDLE,,1,IDLE,,1,IDLE,,1,IDLE,,1,IDLE,,1,IDLE,,1,IDLE,,1,IDLE,,1,IDLE,,1,IDLE,,1,IDLE,,1,IDLE,,1,IDLE,,1,IDLE,,1,IDLE,,1,IDLE,,1,IDLE,,1,IDLE,,1,IDLE,,1,IDLE,,1,IDLE,,1,IDLE,,1,IDLE,,1,IDLE,,1,IDLE,,1,IDLE,,1,IDLE,,1,IDLE,,1,IDLE,,60,0.19,1,0,8,34,0.13,2,0,2,34,0.05,1,0,1,0,0.00,1,0,0,3,0.00,1,0,0,179,0.15,3,0,3,64,0.03,1,0,1,62,0.01,5,0,1,22,0.03,1,0,1,23,0.09,0,0,6,11,0.04,0,0,2,11,0.03,0,0,3,9,0.03,0,0,1,88,0.14,0,0,2,82,0.12,0,0,6,31,0.13,0,0,9,54,0.08,0,0,3,33,0.17,0,0,9,42,0.14,0,0,6,3,0.01,0,0,2,27,0.09,0,0,2,6,0.03,0,0,1,1,0.05,0,0,2,44,0.03,0,0,1,18,0.09,0,0,1,15,0.09,0,0,2,27,0.08,0,0,2,14,0.04,0,0,2,8,0.08,0,0,2,22,0.13,0,0,2,3,0.04,0,0,2,29,0.06,0,0,2,25,0.09,0,0,2,9,0.08,0,0,2,31,0.07,0,0,3,18,0.10,0,0,3,18,0.07,0,0,2,16,0.07,0,0,2,29,0.09,0,0,3,55,0.11,2,0,1
249,1263,61,0,18,0,0,0,1,IDLE,,1,PROTECTING,Field_1,1,PROTECTING,Field_2,1,PROTECTING,Field_9,1,IDLE,,1,IDLE,,1,PROTECTING,Field_6,1,IDLE,,1,IDLE,,1,PROTECTING,Field_3,1,IDLE,,1,PROTECTING,Field_2,1,IDLE,,1,PROTECTING,Field_4,1,IDLE,,1,IDLE,,1,PROTECTING,Field_6,1,PROTECTING,Field_40,1,PROTECTING,Field_8,1,PROTECTING,Field_8,1,PROTECTING,Field_6,1,IDLE,,1,PROTECTING,Field_8,1,PROTECTING,Field_8,1,PROTECTING,Field_8,1,IDLE,,1,IDLE,,1,IDLE,,1,IDLE,,1,IDLE,,1,IDLE,,1,IDLE,,1,IDLE,,1,IDLE,,1,PROTECTING,Field_7,1,IDLE,,1,IDLE,,1,IDLE,,1,PROTECTING,Field_5,1,PROTECTING,Field_40,1,IDLE,,1,IDLE,,1,IDLE,,1,IDLE,,1,IDLE,,1,IDLE,,1,IDLE,,1,IDLE,,1,IDLE,,1,IDLE,,1,IDLE,,1,IDLE,,1,IDLE,,1,IDLE,,1,IDLE,,1,IDLE,,1,IDLE,,1,IDLE,,1,IDLE,,1,IDLE,,1,IDLE,,1,IDLE,,1,IDLE,,1,IDLE,,1,IDLE,,1,IDLE,,1,IDLE,,1,IDLE,,1,IDLE,,1,IDLE,,1,IDLE,,1,IDLE,,1,IDLE,,1,IDLE,,1,IDLE,,1,IDLE,,1,IDLE,,1,IDLE,,1,IDLE,,60,0.18,1,0,8,34,0.12,2,0,2,35,0.06,1,0,1,0,0.00,1,0,0,3,0.00,1,0,0,179,0.16,3,0,3,64,0.03,1,0,1,62,0.01,5,0,1,22,0.03,1,0,1,23,0.09,0,0,6,11,0.04,0,0,2,11,0.03,0,0,3,9,0.03,0,0,1,89,0.13,0,0,2,82,0.12,0,0,6,31,0.13,0,0,9,54,0.08,0,0,3,33,0.17,0,0,9,42,0.14,0,0,6,3,0.01,0,0,2,27,0.09,0,0,2,6,0.03,0,0,1,1,0.05,0,0,2,44,0.03,0,0,1,18,0.09,0,0,1,15,0.10,0,0,2,27,0.08,0,0,2,14,0.07,0,0,2,8,0.06,0,0,2,22,0.12,0,0,2,3,0.02,0,0,2,29,0.06,0,0,2,25,0.09,0,0,2,9,0.07,0,0,2,31,0.06,0,0,3,19,0.10,0,0,3,18,0.07,0,0,2,16,0.07,0,0,2,29,0.08,0,0,3,55,0.11,2,0,1
250,1264,61,0,18,0,0,0,1,IDLE,,1,PROTECTING,Field_1,1,PROTECTING,Field_2,1,PROTECTING,Field_9,1,IDLE,,1,IDLE,,1,PROTECTING,Field_6,1,IDLE,,1,IDLE,,1,PROTECTING,Field_3,1,IDLE,,1,PROTECTING,Field_2,1,IDLE,,1,PROTECTING,Field_4,1,IDLE,,1,IDLE,,1,PROTECTING,Field_6,1,PROTECTING,Field_40,1,PROTECTING,Field_8,1,PROTECTING,Field_8,1,PROTECTING,Field_6,1,IDLE,,1,PROTECTING,Field_8,1,PROTECTING,Field_8,1,PROTECTING,Field_8,1,IDLE,,1,IDLE,,1,IDLE,,1,IDLE,,1,IDLE,,1,IDLE,,1,IDLE,,1,IDLE,,1,IDLE,,1,PROTECTING,Field_7,1,IDLE,,1,IDLE,,1,IDLE,,1,PROTECTING,Field_5,1,PROTECTING,Field_40,1,IDLE,,1,IDLE,,1,IDLE,,1,IDLE,,1,IDLE,,1,IDLE,,1,IDLE,,1,IDLE,,1,IDLE,,1,IDLE,,1,IDLE,,1,IDLE,,1,IDLE,,1,IDLE,,1,IDLE,,1,IDLE,,1,IDLE,,1,IDLE,,1,IDLE,,1,IDLE,,1,IDLE,,1,IDLE,,1,IDLE,,1,IDLE,,1,IDLE,,1,IDLE,,1,IDLE,,1,IDLE,,1,IDLE,,1,IDLE,,1,IDLE,,1,IDLE,,1,IDLE,,1,IDLE,,1,IDLE,,1,IDLE,,1,IDLE,,1,IDLE,,1,IDLE,,60,0.16,1,0,8,34,0.12,2,0,2,35,0.06,1,0,1,0,0.00,1,0,0,3,0.00,1,0,0,179,0.18,3,0,3,64,0.03,1,0,1,62,0.01,5,0,1,22,0.04,1,0,1,23,0.10,0,0,6,11,0.04,0,0,2,11,0.03,0,0,3,9,0.03,0,0,1,89,0.13,0,0,2,82,0.12,0,0,6,31,0.13,0,0,9,54,0.08,0,0,3,33,0.17,0,0,9,43,0.14,0,0,6,3,0.01,0,0,2,27,0.09,0,0,2,6,0.03,0,0,1,1,0.05,0,0,2,44,0.03,0,0,1,18,0.09,0,0,1,15,0.10,0,0,2,27,0.07,0,0,2,14,0.07,0,0,2,8,0.08,0,0,2,22,0.12,0,0,2,3,0.02,0,0,2,29,0.06,0,0,2,25,0.09,0,0,2,9,0.07,0,0,2,31,0.06,0,0,3,19,0.10,0,0,3,18,0.07,0,0,2,16,0.07,0,0,2,29,0.09,0,0,3,55,0.11,2,0,1
251,1268,61,0,18,0,0,0,1,IDLE,,1,PROTECTING,Field_1,1,PROTECTING,Field_2,1,PROTECTING,Field_9,1,IDLE,,1,IDLE,,1,PROTECTING,Field_6,1,IDLE,,1,IDLE,,1,PROTECTING,Field_3,1,IDLE,,1,PROTECTING,Field_2,1,IDLE,,1,PROTECTING,Field_4,1,IDLE,,1,IDLE,,1,PROTECTING,Field_6,1,PROTECTING,Field_40,1,PROTECTING,Field_8,1,PROTECTING,Field_8,1,PROTECTING,Field_6,1,IDLE,,1,PROTECTING,Field_8,1,PROTECTING,Field_8,1,PROTECTING,Field_8,1,IDLE,,1,IDLE,,1,IDLE,,1,IDLE,,1,IDLE,,1,IDLE,,1,IDLE,,1,IDLE,,1,IDLE,,1,PROTECTING,Field_7,1,IDLE,,1,IDLE,,1,IDLE,,1,PROTECTING,Field_5,1,PROTECTING,Field_40,1,IDLE,,1,IDLE,,1,IDLE,,1,IDLE,,1,IDLE,,1,IDLE,,1,IDLE,,1,IDLE,,1,IDLE,,1,IDLE,,1,IDLE,,1,IDLE,,1,IDLE,,1,IDLE,,1,IDLE,,1,IDLE,,1,IDLE,,1,IDLE,,1,IDLE,,1,IDLE,,1,IDLE,,1,IDLE,,1,IDLE,,1,IDLE,,1,IDLE,,1,IDLE,,1,IDLE,,1,IDLE,,1,IDLE,,1,IDLE,,1,IDLE,,1,IDLE,,1,IDLE,,1,IDLE,,1,IDLE,,1,IDLE,,1,IDLE,,1,IDLE,,1,IDLE,,60,0.15,1,0,8,34,0.13,2,0,2,35,0.06,1,0,1,0,0.00,1,0,0,3,0.00,1,0,0,180,0.18,3,0,3,64,0.01,1,0,1,62,0.02,5,0,1,22,0.04,1,0,1,23,0.09,0,0,6,11,0.04,0,0,2,11,0.04,0,0,3,9,0.03,0,0,1,89,0.13,0,0,2,82,0.12,0,0,6,31,0.13,0,0,9,55,0.09,0,0,3,33,0.16,0,0,9,43,0.13,0,0,6,3,0.01,0,0,2,27,0.09,0,0,2,6,0.03,0,0,1,1,0.05,0,0,2,44,0.03,0,0,1,18,0.09,0,0,1,15,0.09,0,0,2,27,0.07,0,0,2,14,0.04,0,0,2,8,0.08,0,0,2,22,0.12,0,0,2,3,0.02,0,0,2,29,0.06,0,0,2,26,0.11,0,0,2,9,0.07,0,0,2,31,0.06,0,0,3,19,0.10,0,0,3,18,0.06,0,0,2,17,0.07,0,0,2,29,0.09,0,0,3,55,0.12,2,0,1
252,1270,61,0,18,0,0,0,1,IDLE,,1,PROTECTING,Field_1,1,PROTECTING,Field_2,1,PROTECTING,Field_9,1,IDLE,,1,IDLE,,1,PROTECTING,Field_6,1,IDLE,,1,IDLE,,1,PROTECTING,Field_3,1,IDLE,,1,PROTECTING,Field_2,1,IDLE,,1,PROTECTING,Field_4,1,IDLE,,1,IDLE,,1,PROTECTING,Field_6,1,PROTECTING,Field_40,1,PROTECTING,Field_8,1,PROTECTING,Field_8,1,PROTECTING,Field_6,1,IDLE,,1,PROTECTING,Field_8,1,PROTECTING,Field_8,1,PROTECTING,Field_8,1,IDLE,,1,IDLE,,1,IDLE,,1,IDLE,,1,IDLE,,1,IDLE,,1,IDLE,,1,IDLE,,1,IDLE,,1,PROTECTING,Field_7,1,IDLE,,1,IDLE,,1,IDLE,,1,PROTECTING,Field_5,1,PROTECTING,Field_40,1,IDLE,,1,IDLE,,1,IDLE,,1,IDLE,,1,IDLE,,1,IDLE,,1,IDLE,,1,IDLE,,1,IDLE,,1,IDLE,,1,IDLE,,1,IDLE,,1,IDLE,,1,IDLE,,1,IDLE,,1,IDLE,,1,IDLE,,1,IDLE,,1,IDLE,,1,IDLE,,1,IDLE,,1,IDLE,,1,IDLE,,1,IDLE,,1,IDLE,,1,IDLE,,1,IDLE,,1,IDLE,,1,IDLE,,1,IDLE,,1,IDLE,,1,IDLE,,1,IDLE,,1,IDLE,,1,IDLE,,1,IDLE,,1,IDLE,,1,IDLE,,1,IDLE,,60,0.14,1,0,8,34,0.13,2,0,2,35,0.06,1,0,1,0,0.00,1,0,0,3,0.00,1,0,0,181,0.18,3,0,3,64,0.01,1,0,1,62,0.02,5,0,1,22,0.03,1,0,1,23,0.09,0,0,6,11,0.04,0,0,2,11,0.04,0,0,3,9,0.03,0,0,1,89,0.12,0,0,2,83,0.11,0,0,6,31,0.14,0,0,9,55,0.09,0,0,3,33,0.18,0,0,9,43,0.13,0,0,6,3,0.01,0,0,2,27,0.09,0,0,2,6,0.03,0,0,1,1,0.05,0,0,2,44,0.03,0,0,1,18,0.09,0,0,1,15,0.10,0,0,2,27,0.07,0,0,2,14,0.04,0,0,2,8,0.06,0,0,2,22,0.12,0,0,2,3,0.02,0,0,2,29,0.08,0,0,2,26,0.12,0,0,2,9,0.07,0,0,2,31,0.07,0,0,3,19,0.10,0,0,3,18,0.06,0,0,2,17,0.09,0,0,2,29,0.10,0,0,3,55,0.12,2,0,1
253,1271,61,0,18,0,0,0,1,IDLE,,1,PROTECTING,Field_1,1,PROTECTING,Field_2,1,PROTECTING,Field_9,1,IDLE,,1,IDLE,,1,PROTECTING,Field_6,1,IDLE,,1,IDLE,,1,PROTECTING,Field_3,1,IDLE,,1,PROTECTING,Field_2,1,IDLE,,1,PROTECTING,Field_4,1,IDLE,,1,IDLE,,1,PROTECTING,Field_6,1,PROTECTING,Field_40,1,PROTECTING,Field_8,1,PROTECTING,Field_8,1,PROTECTING,Field_6,1,IDLE,,1,PROTECTING,Field_8,1,PROTECTING,Field_8,1,PROTECTING,Field_8,1,IDLE,,1,IDLE,,1,IDLE,,1,IDLE,,1,IDLE,,1,IDLE,,1,IDLE,,1,IDLE,,1,IDLE,,1,PROTECTING,Field_7,1,IDLE,,1,IDLE,,1,IDLE,,1,PROTECTING,Field_5,1,PROTECTING,Field_40,1,IDLE,,1,IDLE,,1,IDLE,,1,IDLE,,1,IDLE,,1,IDLE,,1,IDLE,,1,IDLE,,1,IDLE,,1,IDLE,,1,IDLE,,1,IDLE,,1,IDLE,,1,IDLE,,1,IDLE,,1,IDLE,,1,IDLE,,1,IDLE,,1,IDLE,,1,IDLE,,1,IDLE,,1,IDLE,,1,IDLE,,1,IDLE,,1,IDLE,,1,IDLE,,1,IDLE,,1,IDLE,,1,IDLE,,1,IDLE,,1,IDLE,,1,IDLE,,1,IDLE,,1,IDLE,,1,IDLE,,1,IDLE,,1,IDLE,,1,IDLE,,1,IDLE,,60,0.14,1,0,8,34,0.12,2,0,2,35,0.06,1,0,1,0,0.00,1,0,0,3,0.00,1,0,0,181,0.19,3,0,3,64,0.01,1,0,1,62,0.02,5,0,1,22,0.03,1,0,1,23,0.08,0,0,6,11,0.04,0,0,2,11,0.04,0,0,3,9,0.03,0,0,1,89,0.13,0,0,2,83,0.11,0,0,6,31,0.14,0,0,9,55,0.10,0,0,3,33,0.18,0,0,9,43,0.13,0,0,6,3,0.01,0,0,2,27,0.11,0,0,2,6,0.03,0,0,1,1,0.03,0,0,2,44,0.03,0,0,1,19,0.09,0,0,1,15,0.09,0,0,2,27,0.06,0,0,2,14,0.04,0,0,2,8,0.06,0,0,2,22,0.12,0,0,2,3,0.04,0,0,2,29,0.08,0,0,2,26,0.12,0,0,2,9,0.07,0,0,2,31,0.07,0,0,3,19,0.12,0,0,3,18,0.06,0,0,2,17,0.09,0,0,2,29,0.10,0,0,3,55,0.12,2,0,1
254,1273,61,0,18,0,0,0,1,IDLE,,1,PROTECTING,Field_1,1,PROTECTING,Field_2,1,PROTECTING,Field_9,1,IDLE,,1,IDLE,,1,PROTECTING,Field_6,1,IDLE,,1,IDLE,,1,PROTECTING,Field_3,1,IDLE,,1,PROTECTING,Field_2,1,IDLE,,1,PROTECTING,Field_4,1,IDLE,,1,IDLE,,1,PROTECTING,Field_6,1,PROTECTING,Field_40,1,PROTECTING,Field_8,1,PROTECTING,Field_8,1,PROTECTING,Field_6,1,IDLE,,1,PROTECTING,Field_8,1,PROTECTING,Field_8,1,PROTECTING,Field_8,1,IDLE,,1,IDLE,,1,IDLE,,1,IDLE,,1,IDLE,,1,IDLE,,1,IDLE,,1,IDLE,,1,IDLE,,1,PROTECTING,Field_7,1,IDLE,,1,IDLE,,1,IDLE,,1,PROTECTING,Field_5,1,PROTECTING,Field_40,1,IDLE,,1,IDLE,,1,IDLE,,1,IDLE,,1,IDLE,,1,IDLE,,1,IDLE,,1,IDLE,,1,IDLE,,1,IDLE,,1,IDLE,,1,IDLE,,1,IDLE,,1,IDLE,,1,IDLE,,1,IDLE,,1,IDLE,,1,IDLE,,1,IDLE,,1,IDLE,,1,IDLE,,1,IDLE,,1,IDLE,,1,IDLE,,1,IDLE,,1,IDLE,,1,IDLE,,1,IDLE,,1,IDLE,,1,IDLE,,1,IDLE,,1,IDLE,,1,IDLE,,1,IDLE,,1,IDLE,,1,IDLE,,1,IDLE,,1,IDLE,,1,IDLE,,60,0.14,1,0,8,34,0.12,2,0,2,35,0.04,1,0,1,0,0.00,1,0,0,3,0.00,1,0,0,181,0.21,3,0,3,64,0.01,1,0,1,62,0.02,5,0,1,22,0.03,1,0,1,23,0.08,0,0,6,11,0.04,0,0,2,11,0.05,0,0,3,9,0.03,0,0,1,89,0.13,0,0,2,83,0.10,0,0,6,31,0.14,0,0,9,55,0.09,0,0,3,33,0.18,0,0,9,43,0.14,0,0,6,3,0.01,0,0,2,27,0.11,0,0,2,6,0.03,0,0,1,1,0.05,0,0,2,44,0.03,0,0,1,19,0.11,0,0,1,15,0.09,0,0,2,27,0.06,0,0,2,14,0.04,0,0,2,8,0.05,0,0,2,24,0.12,0,0,2,3,0.04,0,0,2,29,0.08,0,0,2,26,0.12,0,0,2,9,0.05,0,0,2,31,0.07,0,0,3,19,0.14,0,0,3,18,0.06,0,0,2,17,0.07,0,0,2,29,0.11,0,0,3,55,0.11,2,0,1
255,1275,61,0,18,0,0,0,1,IDLE,,1,PROTECTING,Field_1,1,PROTECTING,Field_2,1,PROTECTING,Field_9,1,IDLE,,1,IDLE,,1,PROTECTING,Field_6,1,IDLE,,1,IDLE,,1,PROTECTING,Field_3,1,IDLE,,1,PROTECTING,Field_2,1,IDLE,,1,PROTECTING,Field_4,1,IDLE,,1,IDLE,,1,PROTECTING,Field_6,1,PROTECTING,Field_40,1,PROTECTING,Field_8,1,PROTECTING,Field_8,1,PROTECTING,Field_6,1,IDLE,,1,PROTECTING,Field_8,1,PROTECTING,Field_8,1,PROTECTING,Field_8,1,IDLE,,1,IDLE,,1,IDLE,,1,IDLE,,1,IDLE,,1,IDLE,,1,IDLE,,1,IDLE,,1,IDLE,,1,PROTECTING,Field_7,1,IDLE,,1,IDLE,,1,IDLE,,1,PROTECTING,Field_5,1,PROTECTING,Field_40,1,IDLE,,1,IDLE,,1,IDLE,,1,IDLE,,1,IDLE,,1,IDLE,,1,IDLE,,1,IDLE,,1,IDLE,,1,IDLE,,1,IDLE,,1,IDLE,,1,IDLE,,1,IDLE,,1,IDLE,,1,IDLE,,1,IDLE,,1,IDLE,,1,IDLE,,1,IDLE,,1,IDLE,,1,IDLE,,1,IDLE,,1,IDLE,,1,IDLE,,1,IDLE,,1,IDLE,,1,IDLE,,1,IDLE,,1,IDLE,,1,IDLE,,1,IDLE,,1,IDLE,,1,IDLE,,1,IDLE,,1,IDLE,,1,IDLE,,1,IDLE,,1,IDLE,,60,0.14,1,0,8,34,0.12,2,0,2,35,0.04,1,0,1,0,0.00,1,0,0,3,0.03,1,0,0,181,0.23,3,0,3,64,0.01,1,0,1,62,0.02,5,0,1,22,0.03,1,0,1,23,0.09,0,0,6,11,0.03,0,0,2,11,0.04,0,0,3,9,0.03,0,0,1,89,0.13,0,0,2,83,0.10,0,0,6,31,0.14,0,0,9,55,0.09,0,0,3,33,0.18,0,0,9,43,0.16,0,0,6,3,0.01,0,0,2,27,0.11,0,0,2,6,0.03,0,0,1,1,0.05,0,0,2,44,0.03,0,0,1,19,0.11,0,0,1,15,0.06,0,0,2,27,0.07,0,0,2,14,0.02,0,0,2,8,0.05,0,0,2,24,0.12,0,0,2,3,0.04,0,0,2,29,0.09,0,0,2,27,0.12,0,0,2,9,0.05,0,0,2,31,0.06,0,0,3,19,0.14,0,0,3,18,0.06,0,0,2,17,0.07,0,0,2,29,0.12,0,0,3,56,0.11,2,0,1
256,1276,61,0,18,0,0,0,1,IDLE,,1,PROTECTING,Field_1,1,PROTECTING,Field_2,1,PROTECTING,Field_9,1,IDLE,,1,IDLE,,1,PROTECTING,Field_6,1,IDLE,,1,IDLE,,1,PROTECTING,Field_3,1,IDLE,,1,PROTECTING,Field_2,1,IDLE,,1,PROTECTING,Field_4,1,IDLE,,1,IDLE,,1,PROTECTING,Field_6,1,PROTECTING,Field_40,1,PROTECTING,Field_8,1,PROTECTING,Field_8,1,PROTECTING,Field_6,1,IDLE,,1,PROTECTING,Field_8,1,PROTECTING,Field_8,1,PROTECTING,Field_8,1,IDLE,,1,IDLE,,1,IDLE,,1,IDLE,,1,IDLE,,1,IDLE,,1,IDLE,,1,IDLE,,1,IDLE,,1,PROTECTING,Field_7,1,IDLE,,1,IDLE,,1,IDLE,,1,PROTECTING,Field_5,1,PROTECTING,Field_40,1,IDLE,,1,IDLE,,1,IDLE,,1,IDLE,,1,IDLE,,1,IDLE,,1,IDLE,,1,IDLE,,1,IDLE,,1,IDLE,,1,IDLE,,1,IDLE,,1,IDLE,,1,IDLE,,1,IDLE,,1,IDLE,,1,IDLE,,1,IDLE,,1,IDLE,,1,IDLE,,1,IDLE,,1,IDLE,,1,IDLE,,1,IDLE,,1,IDLE,,1,IDLE,,1,IDLE,,1,IDLE,,1,IDLE,,1,IDLE,,1,IDLE,,1,IDLE,,1,IDLE,,1,IDLE,,1,IDLE,,1,IDLE,,1,IDLE,,1,IDLE,,1,IDLE,,60,0.13,1,0,8,34,0.12,2,0,2,35,0.04,1,0,1,0,0.00,1,0,0,3,0.03,1,0,0,181,0.21,3,0,3,64,0.01,1,0,1,62,0.02,5,0,1,22,0.03,1,0,1,23,0.08,0,0,6,11,0.03,0,0,2,11,0.04,0,0,3,9,0.03,0,0,1,89,0.12,0,0,2,83,0.10,0,0,6,31,0.14,0,0,9,55,0.09,0,0,3,33,0.19,0,0,9,43,0.16,0,0,6,3,0.01,0,0,2,27,0.11,0,0,2,6,0.05,0,0,1,1,0.05,0,0,2,44,0.04,0,0,1,19,0.09,0,0,1,15,0.09,0,0,2,27,0.07,0,0,2,14,0.02,0,0,2,8,0.05,0,0,2,25,0.12,0,0,2,3,0.04,0,0,2,29,0.09,0,0,2,27,0.12,0,0,2,9,0.05,0,0,2,31,0.06,0,0,3,19,0.14,0,0,3,18,0.06,0,0,2,17,0.07,0,0,2,29,0.11,0,0,3,56,0.09,2,0,1
257,1278,61,0,18,0,0,0,1,IDLE,,1,PROTECTING,Field_1,1,PROTECTING,Field_2,1,PROTECTING,Field_9,1,IDLE,,1,IDLE,,1,PROTECTING,Field_6,1,IDLE,,1,IDLE,,1,PROTECTING,Field_3,1,IDLE,,1,PROTECTING,Field_2,1,IDLE,,1,PROTECTING,Field_4,1,IDLE,,1,IDLE,,1,PROTECTING,Field_6,1,PROTECTING,Field_40,1,PROTECTING,Field_8,1,PROTECTING,Field_8,1,PROTECTING,Field_6,1,IDLE,,1,PROTECTING,Field_8,1,PROTECTING,Field_8,1,PROTECTING,Field_8,1,IDLE,,1,IDLE,,1,IDLE,,1,IDLE,,1,IDLE,,1,IDLE,,1,IDLE,,1,IDLE,,1,IDLE,,1,PROTECTING,Field_7,1,IDLE,,1,IDLE,,1,IDLE,,1,PROTECTING,Field_5,1,PROTECTING,Field_40,1,IDLE,,1,IDLE,,1,IDLE,,1,IDLE,,1,IDLE,,1,IDLE,,1,IDLE,,1,IDLE,,1,IDLE,,1,IDLE,,1,IDLE,,1,IDLE,,1,IDLE,,1,IDLE,,1,IDLE,,1,IDLE,,1,IDLE,,1,IDLE,,1,IDLE,,1,IDLE,,1,IDLE,,1,IDLE,,1,IDLE,,1,IDLE,,1,IDLE,,1,IDLE,,1,IDLE,,1,IDLE,,1,IDLE,,1,IDLE,,1,IDLE,,1,IDLE,,1,IDLE,,1,IDLE,,1,IDLE,,1,IDLE,,1,IDLE,,1,IDLE,,1,IDLE,,60,0.14,1,0,8,34,0.12,2,0,2,35,0.03,1,0,1,0,0.00,1,0,0,3,0.03,1,0,0,182,0.21,3,0,3,64,0.01,1,0,1,62,0.02,5,0,1,22,0.03,1,0,1,23,0.09,0,0,6,11,0.03,0,0,2,11,0.04,0,0,3,9,0.02,0,0,1,89,0.09,0,0,2,83,0.10,0,0,6,31,0.14,0,0,9,55,0.09,0,0,3,33,0.20,0,0,9,43,0.16,0,0,6,3,0.01,0,0,2,28,0.11,0,0,2,6,0.05,0,0,1,1,0.05,0,0,2,44,0.04,0,0,1,19,0.09,0,0,1,15,0.09,0,0,2,27,0.07,0,0,2,14,0.04,0,0,2,8,0.05,0,0,2,25,0.13,0,0,2,3,0.04,0,0,2,29,0.09,0,0,2,27,0.14,0,0,2,9,0.05,0,0,2,31,0.08,0,0,3,19,0.14,0,0,3,18,0.06,0,0,2,17,0.07,0,0,2,29,0.11,0,0,3,56,0.09,2,0,1
258,1283,61,0,18,0,0,0,1,IDLE,,1,PROTECTING,Field_1,1,PROTECTING,Field_2,1,PROTECTING,Field_9,1,IDLE,,1,IDLE,,1,PROTECTING,Field_6,1,IDLE,,1,IDLE,,1,PROTECTING,Field_3,1,IDLE,,1,PROTECTING,Field_2,1,IDLE,,1,PROTECTING,Field_4,1,IDLE,,1,IDLE,,1,PROTECTING,Field_6,1,PROTECTING,Field_40,1,PROTECTING,Field_8,1,PROTECTING,Field_8,1,PROTECTING,Field_6,1,IDLE,,1,PROTECTING,Field_8,1,PROTECTING,Field_8,1,PROTECTING,Field_8,1,IDLE,,1,IDLE,,1,IDLE,,1,IDLE,,1,IDLE,,1,IDLE,,1,IDLE,,1,IDLE,,1,IDLE,,1,PROTECTING,Field_7,1,IDLE,,1,IDLE,,1,IDLE,,1,PROTECTING,Field_5,1,PROTECTING,Field_40,1,IDLE,,1,IDLE,,1,IDLE,,1,IDLE,,1,IDLE,,1,IDLE,,1,IDLE,,1,IDLE,,1,IDLE,,1,IDLE,,1,IDLE,,1,IDLE,,1,IDLE,,1,IDLE,,1,IDLE,,1,IDLE,,1,IDLE,,1,IDLE,,1,IDLE,,1,IDLE,,1,IDLE,,1,IDLE,,1,IDLE,,1,IDLE,,1,IDLE,,1,IDLE,,1,IDLE,,1,IDLE,,1,IDLE,,1,IDLE,,1,IDLE,,1,IDLE,,1,IDLE,,1,IDLE,,1,IDLE,,1,IDLE,,1,IDLE,,1,IDLE,,1,IDLE,,60,0.14,1,0,8,35,0.12,2,0,2,35,0.03,1,0,1,0,0.00,1,0,0,3,0.03,1,0,0,184,0.21,3,0,3,64,0.03,1,0,1,62,0.02,5,0,1,22,0.03,1,0,1,23,0.10,0,0,6,11,0.03,0,0,2,11,0.04,0,0,3,9,0.02,0,0,1,89,0.08,0,0,2,83,0.09,0,0,6,31,0.14,0,0,9,55,0.09,0,0,3,33,0.21,0,0,9,43,0.16,0,0,6,3,0.01,0,0,2,28,0.11,0,0,2,6,0.05,0,0,1,1,0.08,0,0,2,44,0.03,0,0,1,19,0.09,0,0,1,15,0.09,0,0,2,27,0.06,0,0,2,14,0.04,0,0,2,8,0.06,0,0,2,26,0.13,0,0,2,3,0.04,0,0,2,29,0.09,0,0,2,27,0.14,0,0,2,9,0.05,0,0,2,31,0.08,0,0,3,19,0.14,0,0,3,18,0.06,0,0,2,17,0.07,0,0,2,30,0.12,0,0,3,56,0.08,2,0,1
259,1284,61,0,18,0,0,0,1,IDLE,,1,PROTECTING,Field_1,1,PROTECTING,Field_2,1,PROTECTING,Field_9,1,IDLE,,1,IDLE,,1,PROTECTING,Field_6,1,IDLE,,1,IDLE,,1,PROTECTING,Field_3,1,IDLE,,1,PROTECTING,Field_2,1,IDLE,,1,PROTECTING,Field_4,1,IDLE,,1,IDLE,,1,PROTECTING,Field_6,1,PROTECTING,Field_40,1,PROTECTING,Field_8,1,PROTECTING,Field_8,1,PROTECTING,Field_6,1,IDLE,,1,PROTECTING,Field_8,1,PROTECTING,Field_8,1,PROTECTING,Field_8,1,IDLE,,1,IDLE,,1,IDLE,,1,IDLE,,1,IDLE,,1,IDLE,,1,IDLE,,1,IDLE,,1,IDLE,,1,PROTECTING,Field_7,1,IDLE,,1,IDLE,,1,IDLE,,1,PROTECTING,Field_5,1,PROTECTING,Field_40,1,IDLE,,1,IDLE,,1,IDLE,,1,IDLE,,1,IDLE,,1,IDLE,,1,IDLE,,1,IDLE,,1,IDLE,,1,IDLE,,1,IDLE,,1,IDLE,,1,IDLE,,1,IDLE,,1,IDLE,,1,IDLE,,1,IDLE,,1,IDLE,,1,IDLE,,1,IDLE,,1,IDLE,,1,IDLE,,1,IDLE,,1,IDLE,,1,IDLE,,1,IDLE,,1,IDLE,,1,IDLE,,1,IDLE,,1,IDLE,,1,IDLE,,1,IDLE,,1,IDLE,,1,IDLE,,1,IDLE,,1,IDLE,,1,IDLE,,1,IDLE,,1,IDLE,,60,0.14,1,0,8,36,0.12,2,0,2,35,0.03,1,0,1,0,0.00,1,0,0,3,0.03,1,0,0,184,0.19,3,0,3,64,0.03,1,0,1,62,0.03,5,0,1,22,0.04,1,0,1,23,0.09,0,0,6,11,0.03,0,0,2,11,0.05,0,0,3,9,0.02,0,0,1,89,0.08,0,0,2,83,0.10,0,0,6,31,0.15,0,0,9,55,0.09,0,0,3,33,0.22,0,0,9,43,0.17,0,0,6,3,0.01,0,0,2,28,0.11,0,0,2,6,0.03,0,0,1,1,0.08,0,0,2,44,0.01,0,0,1,19,0.09,0,0,1,15,0.09,0,0,2,27,0.06,0,0,2,14,0.04,0,0,2,8,0.06,0,0,2,26,0.13,0,0,2,3,0.04,0,0,2,29,0.09,0,0,2,27,0.12,0,0,2,9,0.07,0,0,2,31,0.07,0,0,3,19,0.12,0,0,3,18,0.08,0,0,2,17,0.07,0,0,2,30,0.12,0,0,3,56,0.08,2,0,1
260,1287,61,0,18,0,0,0,1,IDLE,,1,PROTECTING,Field_1,1,PROTECTING,Field_2,1,PROTECTING,Field_9,1,IDLE,,1,IDLE,,1,PROTECTING,Field_6,1,IDLE,,1,IDLE,,1,PROTECTING,Field_3,1,IDLE,,1,PROTECTING,Field_2,1,IDLE,,1,PROTECTING,Field_4,1,IDLE,,1,IDLE,,1,PROTECTING,Field_6,1,PROTECTING,Field_40,1,PROTECTING,Field_8,1,PROTECTING,Field_8,1,PROTECTING,Field_6,1,IDLE,,1,PROTECTING,Field_8,1,PROTECTING,Field_8,1,PROTECTING,Field_8,1,IDLE,,1,IDLE,,1,IDLE,,1,IDLE,,1,IDLE,,1,IDLE,,1,IDLE,,1,IDLE,,1,IDLE,,1,PROTECTING,Field_7,1,IDLE,,1,IDLE,,1,IDLE,,1,PROTECTING,Field_5,1,PROTECTING,Field_40,1,IDLE,,1,IDLE,,1,IDLE,,1,IDLE,,1,IDLE,,1,IDLE,,1,IDLE,,1,IDLE,,1,IDLE,,1,IDLE,,1,IDLE,,1,IDLE,,1,IDLE,,1,IDLE,,1,IDLE,,1,IDLE,,1,IDLE,,1,IDLE,,1,IDLE,,1,IDLE,,1,IDLE,,1,IDLE,,1,IDLE,,1,IDLE,,1,IDLE,,1,IDLE,,1,IDLE,,1,IDLE,,1,IDLE,,1,IDLE,,1,IDLE,,1,IDLE,,1,IDLE,,1,IDLE,,1,IDLE,,1,IDLE,,1,IDLE,,1,IDLE,,1,IDLE,,60,0.14,1,0,8,36,0.13,2,0,2,35,0.03,1,0,1,0,0.00,1,0,0,3,0.03,1,0,0,184,0.19,3,0,3,64,0.03,1,0,1,62,0.03,5,0,1,22,0.05,1,0,1,23,0.09,0,0,6,11,0.04,0,0,2,11,0.05,0,0,3,9,0.02,0,0,1,89,0.09,0,0,2,83,0.10,0,0,6,31,0.15,0,0,9,55,0.08,0,0,3,33,0.20,0,0,9,43,0.17,0,0,6,3,0.01,0,0,2,29,0.11,0,0,2,6,0.03,0,0,1,1,0.08,0,0,2,44,0.01,0,0,1,19,0.11,0,0,1,15,0.09,0,0,2,27,0.07,0,0,2,14,0.04,0,0,2,8,0.06,0,0,2,28,0.13,0,0,2,3,0.04,0,0,2,29,0.09,0,0,2,27,0.11,0,0,2,9,0.07,0,0,2,31,0.07,0,0,3,19,0.10,0,0,3,18,0.08,0,0,2,17,0.09,0,0,2,30,0.13,0,0,3,56,0.08,2,0,1
261,1290,61,0,18,0,0,0,1,IDLE,,1,PROTECTING,Field_1,1,PROTECTING,Field_2,1,PROTECTING,Field_9,1,IDLE,,1,IDLE,,1,PROTECTING,Field_6,1,IDLE,,1,IDLE,,1,PROTECTING,Field_3,1,IDLE,,1,PROTECTING,Field_2,1,IDLE,,1,PROTECTING,Field_4,1,IDLE,,1,IDLE,,1,PROTECTING,Field_6,1,PROTECTING,Field_40,1,PROTECTING,Field_8,1,PROTECTING,Field_8,1,PROTECTING,Field_6,1,IDLE,,1,PROTECTING,Field_8,1,PROTECTING,Field_8,1,PROTECTING,Field_8,1,IDLE,,1,IDLE,,1,IDLE,,1,IDLE,,1,IDLE,,1,IDLE,,1,IDLE,,1,IDLE,,1,IDLE,,1,PROTECTING,Field_7,1,IDLE,,1,IDLE,,1,IDLE,,1,PROTECTING,Field_5,1,PROTECTING,Field_40,1,IDLE,,1,IDLE,,1,IDLE,,1,IDLE,,1,IDLE,,1,IDLE,,1,IDLE,,1,IDLE,,1,IDLE,,1,IDLE,,1,IDLE,,1,IDLE,,1,IDLE,,1,IDLE,,1,IDLE,,1,IDLE,,1,IDLE,,1,IDLE,,1,IDLE,,1,IDLE,,1,IDLE,,1,IDLE,,1,IDLE,,1,IDLE,,1,IDLE,,1,IDLE,,1,IDLE,,1,IDLE,,1,IDLE,,1,IDLE,,1,IDLE,,1,IDLE,,1,IDLE,,1,IDLE,,1,IDLE,,1,IDLE,,1,IDLE,,1,IDLE,,1,IDLE,,60,0.14,1,0,8,36,0.13,2,0,2,35,0.03,1,0,1,0,0.00,1,0,0,3,0.03,1,0,0,184,0.18,3,0,3,64,0.04,1,0,1,62,0.03,5,0,1,22,0.05,1,0,1,23,0.10,0,0,6,11,0.04,0,0,2,11,0.05,0,0,3,9,0.02,0,0,1,89,0.09,0,0,2,83,0.10,0,0,6,31,0.14,0,0,9,55,0.08,0,0,3,33,0.19,0,0,9,43,0.17,0,0,6,3,0.01,0,0,2,29,0.09,0,0,2,6,0.03,0,0,1,1,0.08,0,0,2,44,0.01,0,0,1,19,0.11,0,0,1,15,0.10,0,0,2,27,0.06,0,0,2,14,0.04,0,0,2,8,0.06,0,0,2,29,0.13,0,0,2,3,0.04,0,0,2,29,0.09,0,0,2,27,0.11,0,0,2,9,0.07,0,0,2,31,0.06,0,0,3,19,0.10,0,0,3,19,0.10,0,0,2,17,0.10,0,0,2,31,0.14,0,0,3,56,0.08,2,0,1
262,1292,61,0,18,0,0,0,1,IDLE,,1,PROTECTING,Field_1,1,PROTECTING,Field_2,1,PROTECTING,Field_9,1,IDLE,,1,IDLE,,1,PROTECTING,Field_6,1,IDLE,,1,IDLE,,1,PROTECTING,Field_3,1,IDLE,,1,PROTECTING,Field_2,1,IDLE,,1,PROTECTING,Field_4,1,IDLE,,1,IDLE,,1,PROTECTING,Field_6,1,PROTECTING,Field_40,1,PROTECTING,Field_8,1,PROTECTING,Field_8,1,PROTECTING,Field_6,1,IDLE,,1,PROTECTING,Field_8,1,PROTECTING,Field_8,1,PROTECTING,Field_8,1,IDLE,,1,IDLE,,1,IDLE,,1,IDLE,,1,IDLE,,1,IDLE,,1,IDLE,,1,IDLE,,1,IDLE,,1,PROTECTING,Field_7,1,IDLE,,1,IDLE,,1,IDLE,,1,PROTECTING,Field_5,1,PROTECTING,Field_40,1,IDLE,,1,IDLE,,1,IDLE,,1,IDLE,,1,IDLE,,1,IDLE,,1,IDLE,,1,IDLE,,1,IDLE,,1,IDLE,,1,IDLE,,1,IDLE,,1,IDLE,,1,IDLE,,1,IDLE,,1,IDLE,,1,IDLE,,1,IDLE,,1,IDLE,,1,IDLE,,1,IDLE,,1,IDLE,,1,IDLE,,1,IDLE,,1,IDLE,,1,IDLE,,1,IDLE,,1,IDLE,,1,IDLE,,1,IDLE,,1,IDLE,,1,IDLE,,1,IDLE,,1,IDLE,,1,IDLE,,1,IDLE,,1,IDLE,,1,IDLE,,1,IDLE,,60,0.13,1,0,8,36,0.14,2,0,2,35,0.03,1,0,1,0,0.00,1,0,0,3,0.03,1,0,0,184,0.18,3,0,3,64,0.04,1,0,1,62,0.03,5,0,1,22,0.05,1,0,1,23,0.10,0,0,6,11,0.04,0,0,2,11,0.05,0,0,3,9,0.03,0,0,1,89,0.09,0,0,2,83,0.10,0,0,6,31,0.13,0,0,9,55,0.08,0,0,3,33,0.19,0,0,9,43,0.16,0,0,6,3,0.01,0,0,2,29,0.08,0,0,2,6,0.03,0,0,1,1,0.07,0,0,2,44,0.01,0,0,1,19,0.13,0,0,1,15,0.10,0,0,2,28,0.06,0,0,2,14,0.04,0,0,2,8,0.06,0,0,2,29,0.12,0,0,2,3,0.04,0,0,2,30,0.09,0,0,2,27,0.11,0,0,2,9,0.07,0,0,2,31,0.06,0,0,3,19,0.10,0,0,3,19,0.10,0,0,2,17,0.09,0,0,2,31,0.14,0,0,3,56,0.08,2,0,1
263,1296,61,0,18,0,0,0,1,IDLE,,1,PROTECTING,Field_1,1,PROTECTING,Field_2,1,PROTECTING,Field_9,1,IDLE,,1,IDLE,,1,PROTECTING,Field_6,1,IDLE,,1,IDLE,,1,PROTECTING,Field_3,1,IDLE,,1,PROTECTING,Field_2,1,IDLE,,1,PROTECTING,Field_4,1,IDLE,,1,IDLE,,1,PROTECTING,Field_6,1,PROTECTING,Field_40,1,PROTECTING,Field_8,1,PROTECTING,Field_8,1,PROTECTING,Field_6,1,IDLE,,1,PROTECTING,Field_8,1,PROTECTING,Field_8,1,PROTECTING,Field_8,1,IDLE,,1,IDLE,,1,IDLE,,1,IDLE,,1,IDLE,,1,IDLE,,1,IDLE,,1,IDLE,,1,IDLE,,1,PROTECTING,Field_7,1,IDLE,,1,IDLE,,1,IDLE,,1,PROTECTING,Field_5,1,PROTECTING,Field_40,1,IDLE,,1,IDLE,,1,IDLE,,1,IDLE,,1,IDLE,,1,IDLE,,1,IDLE,,1,IDLE,,1,IDLE,,1,IDLE,,1,IDLE,,1,IDLE,,1,IDLE,,1,IDLE,,1,IDLE,,1,IDLE,,1,IDLE,,1,IDLE,,1,IDLE,,1,IDLE,,1,IDLE,,1,IDLE,,1,IDLE,,1,IDLE,,1,IDLE,,1,IDLE,,1,IDLE,,1,IDLE,,1,IDLE,,1,IDLE,,1,IDLE,,1,IDLE,,1,IDLE,,1,IDLE,,1,IDLE,,1,IDLE,,1,IDLE,,1,IDLE,,1,IDLE,,60,0.13,1,0,8,36,0.14,2,0,2,35,0.03,1,0,1,0,0.00,1,0,0,3,0.00,1,0,0,185,0.17,3,0,3,64,0.04,1,0,1,62,0.03,5,0,1,22,0.05,1,0,1,23,0.09,0,0,6,11,0.04,0,0,2,11,0.05,0,0,3,9,0.05,0,0,1,89,0.10,0,0,2,83,0.10,0,0,6,31,0.12,0,0,9,55,0.08,0,0,3,33,0.18,0,0,9,43,0.17,0,0,6,3,0.03,0,0,2,29,0.08,0,0,2,6,0.03,0,0,1,1,0.07,0,0,2,44,0.01,0,0,1,19,0.11,0,0,1,16,0.09,0,0,2,28,0.06,0,0,2,14,0.04,0,0,2,8,0.06,0,0,2,29,0.10,0,0,2,3,0.04,0,0,2,30,0.10,0,0,2,27,0.11,0,0,2,9,0.07,0,0,2,31,0.06,0,0,3,19,0.10,0,0,3,19,0.09,0,0,2,17,0.07,0,0,2,32,0.14,0,0,3,57,0.08,2,0,1
264,1298,61,0,18,0,0,0,1,IDLE,,1,PROTECTING,Field_1,1,PROTECTING,Field_2,1,PROTECTING,Field_9,1,IDLE,,1,IDLE,,1,PROTECTING,Field_6,1,IDLE,,1,IDLE,,1,PROTECTING,Field_3,1,IDLE,,1,PROTECTING,Field_2,1,IDLE,,1,PROTECTING,Field_4,1,IDLE,,1,IDLE,,1,PROTECTING,Field_6,1,PROTECTING,Field_40,1,PROTECTING,Field_8,1,PROTECTING,Field_8,1,PROTECTING,Field_6,1,IDLE,,1,PROTECTING,Field_8,1,PROTECTING,Field_8,1,PROTECTING,Field_8,1,IDLE,,1,IDLE,,1,IDLE,,1,IDLE,,1,IDLE,,1,IDLE,,1,IDLE,,1,IDLE,,1,IDLE,,1,PROTECTING,Field_7,1,IDLE,,1,IDLE,,1,IDLE,,1,PROTECTING,Field_5,1,PROTECTING,Field_40,1,IDLE,,1,IDLE,,1,IDLE,,1,IDLE,,1,IDLE,,1,IDLE,,1,IDLE,,1,IDLE,,1,IDLE,,1,IDLE,,1,IDLE,,1,IDLE,,1,IDLE,,1,IDLE,,1,IDLE,,1,IDLE,,1,IDLE,,1,IDLE,,1,IDLE,,1,IDLE,,1,IDLE,,1,IDLE,,1,IDLE,,1,IDLE,,1,IDLE,,1,IDLE,,1,IDLE,,1,IDLE,,1,IDLE,,1,IDLE,,1,IDLE,,1,IDLE,,1,IDLE,,1,IDLE,,1,IDLE,,1,IDLE,,1,IDLE,,1,IDLE,,1,IDLE,,60,0.13,1,0,8,36,0.13,2,0,2,35,0.03,1,0,1,0,0.00,1,0,0,3,0.00,1,0,0,185,0.18,3,0,3,64,0.03,1,0,1,62,0.03,5,0,1,22,0.05,1,0,1,23,0.09,0,0,6,11,0.04,0,0,2,11,0.06,0,0,3,9,0.05,0,0,1,89,0.10,0,0,2,83,0.10,0,0,6,31,0.12,0,0,9,55,0.06,0,0,3,33,0.18,0,0,9,45,0.17,0,0,6,3,0.03,0,0,2,29,0.06,0,0,2,6,0.03,0,0,1,1,0.08,0,0,2,44,0.03,0,0,1,19,0.11,0,0,1,16,0.09,0,0,2,28,0.06,0,0,2,14,0.04,0,0,2,8,0.06,0,0,2,29,0.09,0,0,2,3,0.04,0,0,2,30,0.10,0,0,2,27,0.11,0,0,2,9,0.07,0,0,2,31,0.05,0,0,3,19,0.09,0,0,3,19,0.09,0,0,2,17,0.06,0,0,2,32,0.15,0,0,3,57,0.08,2,0,1
265,1298,61,0,18,0,0,0,1,IDLE,,1,PROTECTING,Field_1,1,PROTECTING,Field_2,1,PROTECTING,Field_9,1,IDLE,,1,IDLE,,1,PROTECTING,Field_6,1,IDLE,,1,IDLE,,1,PROTECTING,Field_3,1,IDLE,,1,PROTECTING,Field_2,1,IDLE,,1,PROTECTING,Field_4,1,IDLE,,1,IDLE,,1,PROTECTING,Field_6,1,PROTECTING,Field_40,1,PROTECTING,Field_8,1,PROTECTING,Field_8,1,PROTECTING,Field_6,1,IDLE,,1,PROTECTING,Field_8,1,PROTECTING,Field_8,1,PROTECTING,Field_8,1,IDLE,,1,IDLE,,1,IDLE,,1,IDLE,,1,IDLE,,1,IDLE,,1,IDLE,,1,IDLE,,1,IDLE,,1,PROTECTING,Field_7,1,IDLE,,1,IDLE,,1,IDLE,,1,PROTECTING,Field_5,1,PROTECTING,Field_40,1,IDLE,,1,IDLE,,1,IDLE,,1,IDLE,,1,IDLE,,1,IDLE,,1,IDLE,,1,IDLE,,1,IDLE,,1,IDLE,,1,IDLE,,1,IDLE,,1,IDLE,,1,IDLE,,1,IDLE,,1,IDLE,,1,IDLE,,1,IDLE,,1,IDLE,,1,IDLE,,1,IDLE,,1,IDLE,,1,IDLE,,1,IDLE,,1,IDLE,,1,IDLE,,1,IDLE,,1,IDLE,,1,IDLE,,1,IDLE,,1,IDLE,,1,IDLE,,1,IDLE,,1,IDLE,,1,IDLE,,1,IDLE,,1,IDLE,,1,IDLE,,1,IDLE,,60,0.13,1,0,8,36,0.14,2,0,2,35,0.03,1,0,1,0,0.00,1,0,0,3,0.00,1,0,0,185,0.17,3,0,3,64,0.03,1,0,1,62,0.04,5,0,1,22,0.05,1,0,1,23,0.10,0,0,6,11,0.04,0,0,2,11,0.06,0,0,3,9,0.05,0,0,1,89,0.09,0,0,2,83,0.11,0,0,6,31,0.14,0,0,9,55,0.04,0,0,3,33,0.18,0,0,9,45,0.14,0,0,6,3,0.03,0,0,2,29,0.06,0,0,2,6,0.05,0,0,1,1,0.05,0,0,2,44,0.03,0,0,1,19,0.13,0,0,1,16,0.09,0,0,2,28,0.06,0,0,2,14,0.04,0,0,2,8,0.06,0,0,2,29,0.09,0,0,2,3,0.08,0,0,2,30,0.10,0,0,2,27,0.09,0,0,2,9,0.07,0,0,2,31,0.05,0,0,3,19,0.09,0,0,3,19,0.09,0,0,2,17,0.05,0,0,2,32,0.15,0,0,3,57,0.08,2,0,1
266,1301,61,0,18,0,0,0,1,IDLE,,1,PROTECTING,Field_1,1,PROTECTING,Field_2,1,PROTECTING,Field_9,1,IDLE,,1,IDLE,,1,PROTECTING,Field_6,1,IDLE,,1,IDLE,,1,PROTECTING,Field_3,1,IDLE,,1,PROTECTING,Field_2,1,IDLE,,1,PROTECTING,Field_4,1,IDLE,,1,IDLE,,1,PROTECTING,Field_6,1,PROTECTING,Field_40,1,PROTECTING,Field_8,1,PROTECTING,Field_8,1,PROTECTING,Field_6,1,IDLE,,1,PROTECTING,Field_8,1,PROTECTING,Field_8,1,PROTECTING,Field_8,1,IDLE,,1,IDLE,,1,IDLE,,1,IDLE,,1,IDLE,,1,IDLE,,1,IDLE,,1,IDLE,,1,IDLE,,1,PROTECTING,Field_7,1,IDLE,,1,IDLE,,1,IDLE,,1,PROTECTING,Field_5,1,PROTECTING,Field_40,1,IDLE,,1,IDLE,,1,IDLE,,1,IDLE,,1,IDLE,,1,IDLE,,1,IDLE,,1,IDLE,,1,IDLE,,1,IDLE,,1,IDLE,,1,IDLE,,1,IDLE,,1,IDLE,,1,IDLE,,1,IDLE,,1,IDLE,,1,IDLE,,1,IDLE,,1,IDLE,,1,IDLE,,1,IDLE,,1,IDLE,,1,IDLE,,1,IDLE,,1,IDLE,,1,IDLE,,1,IDLE,,1,IDLE,,1,IDLE,,1,IDLE,,1,IDLE,,1,IDLE,,1,IDLE,,1,IDLE,,1,IDLE,,1,IDLE,,1,IDLE,,1,IDLE,,60,0.13,1,0,8,36,0.14,2,0,2,35,0.03,1,0,1,0,0.00,1,0,0,3,0.03,1,0,0,187,0.17,3,0,3,64,0.03,1,0,1,62,0.04,5,0,1,22,0.08,1,0,1,23,0.11,0,0,6,11,0.04,0,0,2,11,0.05,0,0,3,9,0.05,0,0,1,89,0.09,0,0,2,83,0.11,0,0,6,31,0.14,0,0,9,55,0.04,0,0,3,33,0.21,0,0,9,45,0.14,0,0,6,3,0.01,0,0,2,29,0.05,0,0,2,6,0.05,0,0,1,1,0.03,0,0,2,44,0.03,0,0,1,19,0.13,0,0,1,16,0.10,0,0,2,28,0.06,0,0,2,14,0.04,0,0,2,8,0.06,0,0,2,30,0.08,0,0,2,3,0.08,0,0,2,30,0.09,0,0,2,27,0.05,0,0,2,9,0.07,0,0,2,31,0.04,0,0,3,19,0.09,0,0,3,19,0.10,0,0,2,17,0.05,0,0,2,32,0.15,0,0,3,57,0.08,2,0,1
267,1302,61,0,18,0,0,0,1,IDLE,,1,PROTECTING,Field_1,1,PROTECTING,Field_2,1,PROTECTING,Field_9,1,IDLE,,1,IDLE,,1,PROTECTING,Field_6,1,IDLE,,1,IDLE,,1,PROTECTING,Field_3,1,IDLE,,1,PROTECTING,Field_2,1,IDLE,,1,PROTECTING,Field_4,1,IDLE,,1,IDLE,,1,PROTECTING,Field_6,1,PROTECTING,Field_40,1,PROTECTING,Field_8,1,PROTECTING,Field_8,1,PROTECTING,Field_6,1,IDLE,,1,PROTECTING,Field_8,1,PROTECTING,Field_8,1,PROTECTING,Field_8,1,IDLE,,1,IDLE,,1,IDLE,,1,IDLE,,1,IDLE,,1,IDLE,,1,IDLE,,1,IDLE,,1,IDLE,,1,PROTECTING,Field_7,1,IDLE,,1,IDLE,,1,IDLE,,1,PROTECTING,Field_5,1,PROTECTING,Field_40,1,IDLE,,1,IDLE,,1,IDLE,,1,IDLE,,1,IDLE,,1,IDLE,,1,IDLE,,1,IDLE,,1,IDLE,,1,IDLE,,1,IDLE,,1,IDLE,,1,IDLE,,1,IDLE,,1,IDLE,,1,IDLE,,1,IDLE,,1,IDLE,,1,IDLE,,1,IDLE,,1,IDLE,,1,IDLE,,1,IDLE,,1,IDLE,,1,IDLE,,1,IDLE,,1,IDLE,,1,IDLE,,1,IDLE,,1,IDLE,,1,IDLE,,1,IDLE,,1,IDLE,,1,IDLE,,1,IDLE,,1,IDLE,,1,IDLE,,1,IDLE,,1,IDLE,,60,0.13,1,0,8,36,0.13,2,0,2,35,0.03,1,0,1,0,0.00,1,0,0,3,0.05,1,0,0,187,0.16,3,0,3,64,0.03,1,0,1,62,0.04,5,0,1,22,0.08,1,0,1,23,0.12,0,0,6,11,0.04,0,0,2,11,0.05,0,0,3,9,0.05,0,0,1,89,0.09,0,0,2,83,0.11,0,0,6,31,0.15,0,0,9,55,0.03,0,0,3,33,0.20,0,0,9,45,0.14,0,0,6,3,0.03,0,0,2,29,0.06,0,0,2,6,0.05,0,0,1,1,0.03,0,0,2,44,0.03,0,0,1,19,0.11,0,0,1,16,0.10,0,0,2,29,0.06,0,0,2,14,0.04,0,0,2,8,0.06,0,0,2,30,0.09,0,0,2,3,0.08,0,0,2,30,0.09,0,0,2,27,0.04,0,0,2,9,0.05,0,0,2,31,0.05,0,0,3,19,0.07,0,0,3,19,0.10,0,0,2,17,0.04,0,0,2,32,0.16,0,0,3,57,0.08,2,0,1
268,1304,61,0,18,0,0,0,1,IDLE,,1,PROTECTING,Field_1,1,PROTECTING,Field_2,1,PROTECTING,Field_9,1,IDLE,,1,IDLE,,1,PROTECTING,Field_6,1,IDLE,,1,IDLE,,1,PROTECTING,Field_3,1,IDLE,,1,PROTECTING,Field_2,1,IDLE,,1,PROTECTING,Field_4,1,IDLE,,1,IDLE,,1,PROTECTING,Field_6,1,PROTECTING,Field_40,1,PROTECTING,Field_8,1,PROTECTING,Field_8,1,PROTECTING,Field_6,1,IDLE,,1,PROTECTING,Field_8,1,PROTECTING,Field_8,1,PROTECTING,Field_8,1,IDLE,,1,IDLE,,1,IDLE,,1,IDLE,,1,IDLE,,1,IDLE,,1,IDLE,,1,IDLE,,1,IDLE,,1,PROTECTING,Field_7,1,IDLE,,1,IDLE,,1,IDLE,,1,PROTECTING,Field_5,1,PROTECTING,Field_40,1,IDLE,,1,IDLE,,1,IDLE,,1,IDLE,,1,IDLE,,1,IDLE,,1,IDLE,,1,IDLE,,1,IDLE,,1,IDLE,,1,IDLE,,1,IDLE,,1,IDLE,,1,IDLE,,1,IDLE,,1,IDLE,,1,IDLE,,1,IDLE,,1,IDLE,,1,IDLE,,1,IDLE,,1,IDLE,,1,IDLE,,1,IDLE,,1,IDLE,,1,IDLE,,1,IDLE,,1,IDLE,,1,IDLE,,1,IDLE,,1,IDLE,,1,IDLE,,1,IDLE,,1,IDLE,,1,IDLE,,1,IDLE,,1,IDLE,,1,IDLE,,1,IDLE,,60,0.12,1,0,8,36,0.13,2,0,2,35,0.03,1,0,1,0,0.00,1,0,0,3,0.03,1,0,0,187,0.16,3,0,3,64,0.01,1,0,1,62,0.03,5,0,1,22,0.07,1,0,1,23,0.11,0,0,6,11,0.04,0,0,2,11,0.04,0,0,3,9,0.03,0,0,1,89,0.09,0,0,2,83,0.11,0,0,6,31,0.15,0,0,9,55,0.04,0,0,3,33,0.20,0,0,9,45,0.14,0,0,6,3,0.03,0,0,2,29,0.06,0,0,2,6,0.05,0,0,1,1,0.03,0,0,2,44,0.03,0,0,1,20,0.11,0,0,1,16,0.09,0,0,2,29,0.05,0,0,2,14,0.07,0,0,2,8,0.06,0,0,2,30,0.10,0,0,2,3,0.08,0,0,2,30,0.08,0,0,2,27,0.05,0,0,2,9,0.05,0,0,2,31,0.05,0,0,3,19,0.07,0,0,3,20,0.10,0,0,2,17,0.02,0,0,2,32,0.15,0,0,3,57,0.07,2,0,1
269,1307,61,0,18,0,0,0,1,IDLE,,1,PROTECTING,Field_1,1,PROTECTING,Field_2,1,PROTECTING,Field_9,1,IDLE,,1,IDLE,,1,PROTECTING,Field_6,1,IDLE,,1,IDLE,,1,PROTECTING,Field_3,1,IDLE,,1,PROTECTING,Field_2,1,IDLE,,1,PROTECTING,Field_4,1,IDLE,,1,IDLE,,1,PROTECTING,Field_6,1,PROTECTING,Field_40,1,PROTECTING,Field_8,1,PROTECTING,Field_8,1,PROTECTING,Field_6,1,IDLE,,1,PROTECTING,Field_8,1,PROTECTING,Field_8,1,PROTECTING,Field_8,1,IDLE,,1,IDLE,,1,IDLE,,1,IDLE,,1,IDLE,,1,IDLE,,1,IDLE,,1,IDLE,,1,IDLE,,1,PROTECTING,Field_7,1,IDLE,,1,IDLE,,1,IDLE,,1,PROTECTING,Field_5,1,PROTECTING,Field_40,1,IDLE,,1,IDLE,,1,IDLE,,1,IDLE,,1,IDLE,,1,IDLE,,1,IDLE,,1,IDLE,,1,IDLE,,1,IDLE,,1,IDLE,,1,IDLE,,1,IDLE,,1,IDLE,,1,IDLE,,1,IDLE,,1,IDLE,,1,IDLE,,1,IDLE,,1,IDLE,,1,IDLE,,1,IDLE,,1,IDLE,,1,IDLE,,1,IDLE,,1,IDLE,,1,IDLE,,1,IDLE,,1,IDLE,,1,IDLE,,1,IDLE,,1,IDLE,,1,IDLE,,1,IDLE,,1,IDLE,,1,IDLE,,1,IDLE,,1,IDLE,,1,IDLE,,60,0.12,1,0,8,36,0.13,2,0,2,35,0.03,1,0,1,0,0.00,1,0,0,3,0.03,1,0,0,187,0.15,3,0,3,64,0.01,1,0,1,62,0.04,5,0,1,22,0.07,1,0,1,23,0.11,0,0,6,11,0.04,0,0,2,11,0.04,0,0,3,9,0.02,0,0,1,89,0.09,0,0,2,84,0.10,0,0,6,31,0.16,0,0,9,55,0.04,0,0,3,33,0.20,0,0,9,45,0.14,0,0,6,3,0.03,0,0,2,29,0.06,0,0,2,6,0.03,0,0,1,1,0.03,0,0,2,44,0.03,0,0,1,20,0.11,0,0,1,16,0.10,0,0,2,29,0.05,0,0,2,14,0.07,0,0,2,8,0.06,0,0,2,30,0.10,0,0,2,3,0.08,0,0,2,31,0.08,0,0,2,27,0.05,0,0,2,9,0.05,0,0,2,31,0.06,0,0,3,19,0.07,0,0,3,21,0.10,0,0,2,17,0.02,0,0,2,32,0.16,0,0,3,57,0.07,2,0,1
270,1308,61,0,18,0,0,0,1,IDLE,,1,PROTECTING,Field_1,1,PROTECTING,Field_2,1,PROTECTING,Field_9,1,IDLE,,1,IDLE,,1,PROTECTING,Field_6,1,IDLE,,1,IDLE,,1,PROTECTING,Field_3,1,IDLE,,1,PROTECTING,Field_2,1,IDLE,,1,PROTECTING,Field_4,1,IDLE,,1,IDLE,,1,PROTECTING,Field_6,1,PROTECTING,Field_40,1,PROTECTING,Field_8,1,PROTECTING,Field_8,1,PROTECTING,Field_6,1,IDLE,,1,PROTECTING,Field_8,1,PROTECTING,Field_8,1,PROTECTING,Field_8,1,IDLE,,1,IDLE,,1,IDLE,,1,IDLE,,1,IDLE,,1,IDLE,,1,IDLE,,1,IDLE,,1,IDLE,,1,PROTECTING,Field_7,1,IDLE,,1,IDLE,,1,IDLE,,1,PROTECTING,Field_5,1,PROTECTING,Field_40,1,IDLE,,1,IDLE,,1,IDLE,,1,IDLE,,1,IDLE,,1,IDLE,,1,IDLE,,1,IDLE,,1,IDLE,,1,IDLE,,1,IDLE,,1,IDLE,,1,IDLE,,1,IDLE,,1,IDLE,,1,IDLE,,1,IDLE,,1,IDLE,,1,IDLE,,1,IDLE,,1,IDLE,,1,IDLE,,1,IDLE,,1,IDLE,,1,IDLE,,1,IDLE,,1,IDLE,,1,IDLE,,1,IDLE,,1,IDLE,,1,IDLE,,1,IDLE,,1,IDLE,,1,IDLE,,1,IDLE,,1,IDLE,,1,IDLE,,1,IDLE,,1,IDLE,,60,0.12,1,0,8,36,0.10,2,0,2,35,0.03,1,0,1,0,0.00,1,0,0,3,0.03,1,0,0,188,0.14,3,0,3,64,0.01,1,0,1,62,0.04,5,0,1,22,0.07,1,0,1,23,0.11,0,0,6,11,0.03,0,0,2,11,0.04,0,0,3,9,0.02,0,0,1,89,0.08,0,0,2,84,0.10,0,0,6,31,0.16,0,0,9,55,0.04,0,0,3,33,0.18,0,0,9,45,0.14,0,0,6,3,0.03,0,0,2,29,0.08,0,0,2,6,0.03,0,0,1,1,0.03,0,0,2,44,0.03,0,0,1,20,0.09,0,0,1,16,0.09,0,0,2,29,0.05,0,0,2,14,0.07,0,0,2,8,0.06,0,0,2,30,0.10,0,0,2,3,0.08,0,0,2,31,0.08,0,0,2,27,0.07,0,0,2,9,0.07,0,0,2,31,0.06,0,0,3,19,0.07,0,0,3,21,0.09,0,0,2,17,0.02,0,0,2,32,0.16,0,0,3,57,0.07,2,0,1
271,1310,61,0,18,0,0,0,1,IDLE,,1,PROTECTING,Field_1,1,PROTECTING,Field_2,1,PROTECTING,Field_9,1,IDLE,,1,IDLE,,1,PROTECTING,Field_6,1,IDLE,,1,IDLE,,1,PROTECTING,Field_3,1,IDLE,,1,PROTECTING,Field_2,1,IDLE,,1,PROTECTING,Field_4,1,IDLE,,1,IDLE,,1,PROTECTING,Field_6,1,PROTECTING,Field_40,1,PROTECTING,Field_8,1,PROTECTING,Field_8,1,PROTECTING,Field_6,1,IDLE,,1,PROTECTING,Field_8,1,PROTECTING,Field_8,1,PROTECTING,Field_8,1,IDLE,,1,IDLE,,1,IDLE,,1,IDLE,,1,IDLE,,1,IDLE,,1,IDLE,,1,IDLE,,1,IDLE,,1,PROTECTING,Field_7,1,IDLE,,1,IDLE,,1,IDLE,,1,PROTECTING,Field_5,1,PROTECTING,Field_40,1,IDLE,,1,IDLE,,1,IDLE,,1,IDLE,,1,IDLE,,1,IDLE,,1,IDLE,,1,IDLE,,1,IDLE,,1,IDLE,,1,IDLE,,1,IDLE,,1,IDLE,,1,IDLE,,1,IDLE,,1,IDLE,,1,IDLE,,1,IDLE,,1,IDLE,,1,IDLE,,1,IDLE,,1,IDLE,,1,IDLE,,1,IDLE,,1,IDLE,,1,IDLE,,1,IDLE,,1,IDLE,,1,IDLE,,1,IDLE,,1,IDLE,,1,IDLE,,1,IDLE,,1,IDLE,,1,IDLE,,1,IDLE,,1,IDLE,,1,IDLE,,1,IDLE,,60,0.11,1,0,8,36,0.10,2,0,2,35,0.03,1,0,1,0,0.00,1,0,0,3,0.03,1,0,0,188,0.14,3,0,3,64,0.01,1,0,1,62,0.04,5,0,1,22,0.08,1,0,1,23,0.12,0,0,6,11,0.03,0,0,2,11,0.05,0,0,3,9,0.02,0,0,1,89,0.08,0,0,2,84,0.10,0,0,6,31,0.17,0,0,9,55,0.04,0,0,3,34,0.18,0,0,9,46,0.14,0,0,6,3,0.03,0,0,2,29,0.09,0,0,2,6,0.03,0,0,1,1,0.03,0,0,2,44,0.03,0,0,1,20,0.09,0,0,1,16,0.08,0,0,2,29,0.05,0,0,2,14,0.07,0,0,2,8,0.05,0,0,2,30,0.10,0,0,2,3,0.08,0,0,2,31,0.06,0,0,2,27,0.07,0,0,2,9,0.07,0,0,2,31,0.07,0,0,3,19,0.03,0,0,3,21,0.09,0,0,2,17,0.05,0,0,2,32,0.15,0,0,3,57,0.07,2,0,1
272,1312,61,0,18,0,0,0,1,IDLE,,1,PROTECTING,Field_1,1,PROTECTING,Field_2,1,PROTECTING,Field_9,1,IDLE,,1,IDLE,,1,PROTECTING,Field_6,1,IDLE,,1,IDLE,,1,PROTECTING,Field_3,1,IDLE,,1,PROTECTING,Field_2,1,IDLE,,1,PROTECTING,Field_4,1,IDLE,,1,IDLE,,1,PROTECTING,Field_6,1,PROTECTING,Field_40,1,PROTECTING,Field_8,1,PROTECTING,Field_8,1,PROTECTING,Field_6,1,IDLE,,1,PROTECTING,Field_8,1,PROTECTING,Field_8,1,PROTECTING,Field_8,1,IDLE,,1,IDLE,,1,IDLE,,1,IDLE,,1,IDLE,,1,IDLE,,1,IDLE,,1,IDLE,,1,IDLE,,1,PROTECTING,Field_7,1,IDLE,,1,IDLE,,1,IDLE,,1,PROTECTING,Field_5,1,PROTECTING,Field_40,1,IDLE,,1,IDLE,,1,IDLE,,1,IDLE,,1,IDLE,,1,IDLE,,1,IDLE,,1,IDLE,,1,IDLE,,1,IDLE,,1,IDLE,,1,IDLE,,1,IDLE,,1,IDLE,,1,IDLE,,1,IDLE,,1,IDLE,,1,IDLE,,1,IDLE,,1,IDLE,,1,IDLE,,1,IDLE,,1,IDLE,,1,IDLE,,1,IDLE,,1,IDLE,,1,IDLE,,1,IDLE,,1,IDLE,,1,IDLE,,1,IDLE,,1,IDLE,,1,IDLE,,1,IDLE,,1,IDLE,,1,IDLE,,1,IDLE,,1,IDLE,,1,IDLE,,60,0.12,1,0,8,36,0.10,2,0,2,35,0.03,1,0,1,0,0.00,1,0,0,3,0.03,1,0,0,188,0.12,3,0,3,64,0.00,1,0,1,62,0.04,5,0,1,23,0.08,1,0,1,23,0.11,0,0,6,11,0.03,0,0,2,11,0.06,0,0,3,9,0.02,0,0,1,89,0.08,0,0,2,84,0.11,0,0,6,31,0.16,0,0,9,55,0.03,0,0,3,34,0.18,0,0,9,46,0.14,0,0,6,3,0.03,0,0,2,29,0.09,0,0,2,6,0.03,0,0,1,1,0.03,0,0,2,44,0.03,0,0,1,20,0.09,0,0,1,16,0.08,0,0,2,29,0.05,0,0,2,14,0.07,0,0,2,8,0.06,0,0,2,30,0.10,0,0,2,3,0.08,0,0,2,31,0.08,0,0,2,27,0.11,0,0,2,9,0.08,0,0,2,31,0.08,0,0,3,19,0.03,0,0,3,22,0.13,0,0,2,17,0.05,0,0,2,32,0.12,0,0,3,57,0.07,2,0,1
273,1313,61,0,18,0,0,0,1,IDLE,,1,PROTECTING,Field_1,1,PROTECTING,Field_2,1,PROTECTING,Field_9,1,IDLE,,1,IDLE,,1,PROTECTING,Field_6,1,IDLE,,1,IDLE,,1,PROTECTING,Field_3,1,IDLE,,1,PROTECTING,Field_2,1,IDLE,,1,PROTECTING,Field_4,1,IDLE,,1,IDLE,,1,PROTECTING,Field_6,1,PROTECTING,Field_40,1,PROTECTING,Field_8,1,PROTECTING,Field_8,1,PROTECTING,Field_6,1,IDLE,,1,PROTECTING,Field_8,1,PROTECTING,Field_8,1,PROTECTING,Field_8,1,IDLE,,1,IDLE,,1,IDLE,,1,IDLE,,1,IDLE,,1,IDLE,,1,IDLE,,1,IDLE,,1,IDLE,,1,PROTECTING,Field_7,1,IDLE,,1,IDLE,,1,IDLE,,1,PROTECTING,Field_5,1,PROTECTING,Field_40,1,IDLE,,1,IDLE,,1,IDLE,,1,IDLE,,1,IDLE,,1,IDLE,,1,IDLE,,1,IDLE,,1,IDLE,,1,IDLE,,1,IDLE,,1,IDLE,,1,IDLE,,1,IDLE,,1,IDLE,,1,IDLE,,1,IDLE,,1,IDLE,,1,IDLE,,1,IDLE,,1,IDLE,,1,IDLE,,1,IDLE,,1,IDLE,,1,IDLE,,1,IDLE,,1,IDLE,,1,IDLE,,1,IDLE,,1,IDLE,,1,IDLE,,1,IDLE,,1,IDLE,,1,IDLE,,1,IDLE,,1,IDLE,,1,IDLE,,1,IDLE,,1,IDLE,,60,0.12,1,0,8,36,0.12,2,0,2,35,0.03,1,0,1,0,0.00,1,0,0,3,0.03,1,0,0,189,0.12,3,0,3,64,0.00,1,0,1,62,0.04,5,0,1,23,0.08,1,0,1,23,0.10,0,0,6,11,0.03,0,0,2,11,0.06,0,0,3,9,0.02,0,0,1,89,0.08,0,0,2,84,0.11,0,0,6,31,0.14,0,0,9,55,0.03,0,0,3,34,0.18,0,0,9,46,0.17,0,0,6,3,0.04,0,0,2,29,0.09,0,0,2,6,0.03,0,0,1,1,0.03,0,0,2,44,0.03,0,0,1,20,0.09,0,0,1,16,0.08,0,0,2,29,0.05,0,0,2,14,0.07,0,0,2,8,0.06,0,0,2,30,0.10,0,0,2,3,0.08,0,0,2,31,0.08,0,0,2,27,0.11,0,0,2,9,0.07,0,0,2,31,0.08,0,0,3,19,0.02,0,0,3,22,0.10,0,0,2,17,0.05,0,0,2,32,0.13,0,0,3,57,0.07,2,0,1
274,1315,61,0,18,0,0,0,1,IDLE,,1,PROTECTING,Field_1,1,PROTECTING,Field_2,1,PROTECTING,Field_9,1,IDLE,,1,IDLE,,1,PROTECTING,Field_6,1,IDLE,,1,IDLE,,1,PROTECTING,Field_3,1,IDLE,,1,PROTECTING,Field_2,1,IDLE,,1,PROTECTING,Field_4,1,IDLE,,1,IDLE,,1,PROTECTING,Field_6,1,PROTECTING,Field_40,1,PROTECTING,Field_8,1,PROTECTING,Field_8,1,PROTECTING,Field_6,1,IDLE,,1,PROTECTING,Field_8,1,PROTECTING,Field_8,1,PROTECTING,Field_8,1,IDLE,,1,IDLE,,1,IDLE,,1,IDLE,,1,IDLE,,1,IDLE,,1,IDLE,,1,IDLE,,1,IDLE,,1,PROTECTING,Field_7,1,IDLE,,1,IDLE,,1,IDLE,,1,PROTECTING,Field_5,1,PROTECTING,Field_40,1,IDLE,,1,IDLE,,1,IDLE,,1,IDLE,,1,IDLE,,1,IDLE,,1,IDLE,,1,IDLE,,1,IDLE,,1,IDLE,,1,IDLE,,1,IDLE,,1,IDLE,,1,IDLE,,1,IDLE,,1,IDLE,,1,IDLE,,1,IDLE,,1,IDLE,,1,IDLE,,1,IDLE,,1,IDLE,,1,IDLE,,1,IDLE,,1,IDLE,,1,IDLE,,1,IDLE,,1,IDLE,,1,IDLE,,1,IDLE,,1,IDLE,,1,IDLE,,1,IDLE,,1,IDLE,,1,IDLE,,1,IDLE,,1,IDLE,,1,IDLE,,1,IDLE,,60,0.13,1,0,8,36,0.12,2,0,2,35,0.03,1,0,1,0,0.00,1,0,0,3,0.03,1,0,0,190,0.12,3,0,3,64,0.01,1,0,1,62,0.04,5,0,1,23,0.08,1,0,1,23,0.10,0,0,6,11,0.03,0,0,2,11,0.06,0,0,3,9,0.02,0,0,1,89,0.08,0,0,2,84,0.11,0,0,6,31,0.14,0,0,9,55,0.03,0,0,3,34,0.18,0,0,9,46,0.17,0,0,6,3,0.04,0,0,2,29,0.09,0,0,2,6,0.05,0,0,1,1,0.03,0,0,2,44,0.03,0,0,1,20,0.07,0,0,1,16,0.08,0,0,2,29,0.05,0,0,2,14,0.07,0,0,2,8,0.06,0,0,2,30,0.10,0,0,2,3,0.08,0,0,2,32,0.08,0,0,2,27,0.11,0,0,2,9,0.07,0,0,2,31,0.10,0,0,3,19,0.05,0,0,3,22,0.10,0,0,2,17,0.05,0,0,2,32,0.12,0,0,3,57,0.07,2,0,1
275,1317,61,0,18,0,0,0,1,IDLE,,1,PROTECTING,Field_1,1,PROTECTING,Field_2,1,PROTECTING,Field_9,1,IDLE,,1,IDLE,,1,PROTECTING,Field_6,1,IDLE,,1,IDLE,,1,PROTECTING,Field_3,1,IDLE,,1,PROTECTING,Field_2,1,IDLE,,1,PROTECTING,Field_4,1,IDLE,,1,IDLE,,1,PROTECTING,Field_6,1,PROTECTING,Field_40,1,PROTECTING,Field_8,1,PROTECTING,Field_8,1,PROTECTING,Field_6,1,IDLE,,1,PROTECTING,Field_8,1,PROTECTING,Field_8,1,PROTECTING,Field_8,1,IDLE,,1,IDLE,,1,IDLE,,1,IDLE,,1,IDLE,,1,IDLE,,1,IDLE,,1,IDLE,,1,IDLE,,1,PROTECTING,Field_7,1,IDLE,,1,IDLE,,1,IDLE,,1,PROTECTING,Field_5,1,PROTECTING,Field_40,1,IDLE,,1,IDLE,,1,IDLE,,1,IDLE,,1,IDLE,,1,IDLE,,1,IDLE,,1,IDLE,,1,IDLE,,1,IDLE,,1,IDLE,,1,IDLE,,1,IDLE,,1,IDLE,,1,IDLE,,1,IDLE,,1,IDLE,,1,IDLE,,1,IDLE,,1,IDLE,,1,IDLE,,1,IDLE,,1,IDLE,,1,IDLE,,1,IDLE,,1,IDLE,,1,IDLE,,1,IDLE,,1,IDLE,,1,IDLE,,1,IDLE,,1,IDLE,,1,IDLE,,1,IDLE,,1,IDLE,,1,IDLE,,1,IDLE,,1,IDLE,,1,IDLE,,60,0.14,1,0,8,36,0.12,2,0,2,35,0.03,1,0,1,0,0.00,1,0,0,3,0.00,1,0,0,191,0.14,3,0,3,64,0.01,1,0,1,62,0.04,5,0,1,23,0.08,1,0,1,23,0.10,0,0,6,11,0.03,0,0,2,11,0.06,0,0,3,9,0.02,0,0,1,89,0.10,0,0,2,84,0.11,0,0,6,31,0.14,0,0,9,55,0.03,0,0,3,34,0.17,0,0,9,46,0.17,0,0,6,3,0.04,0,0,2,29,0.09,0,0,2,6,0.05,0,0,1,1,0.03,0,0,2,44,0.03,0,0,1,20,0.07,0,0,1,16,0.08,0,0,2,29,0.05,0,0,2,14,0.07,0,0,2,8,0.06,0,0,2,30,0.09,0,0,2,3,0.08,0,0,2,32,0.08,0,0,2,27,0.11,0,0,2,9,0.07,0,0,2,31,0.10,0,0,3,19,0.05,0,0,3,22,0.10,0,0,2,17,0.05,0,0,2,33,0.13,0,0,3,57,0.07,2,0,1
276,1319,61,0,18,0,0,0,1,IDLE,,1,PROTECTING,Field_1,1,PROTECTING,Field_2,1,PROTECTING,Field_9,1,IDLE,,1,IDLE,,1,PROTECTING,Field_6,1,IDLE,,1,IDLE,,1,PROTECTING,Field_3,1,IDLE,,1,PROTECTING,Field_2,1,IDLE,,1,PROTECTING,Field_4,1,IDLE,,1,IDLE,,1,PROTECTING,Field_6,1,PROTECTING,Field_40,1,PROTECTING,Field_8,1,PROTECTING,Field_8,1,PROTECTING,Field_6,1,IDLE,,1,PROTECTING,Field_8,1,PROTECTING,Field_8,1,PROTECTING,Field_8,1,IDLE,,1,IDLE,,1,IDLE,,1,IDLE,,1,IDLE,,1,IDLE,,1,IDLE,,1,IDLE,,1,IDLE,,1,PROTECTING,Field_7,1,IDLE,,1,IDLE,,1,IDLE,,1,PROTECTING,Field_5,1,PROTECTING,Field_40,1,IDLE,,1,IDLE,,1,IDLE,,1,IDLE,,1,IDLE,,1,IDLE,,1,IDLE,,1,IDLE,,1,IDLE,,1,IDLE,,1,IDLE,,1,IDLE,,1,IDLE,,1,IDLE,,1,IDLE,,1,IDLE,,1,IDLE,,1,IDLE,,1,IDLE,,1,IDLE,,1,IDLE,,1,IDLE,,1,IDLE,,1,IDLE,,1,IDLE,,1,IDLE,,1,IDLE,,1,IDLE,,1,IDLE,,1,IDLE,,1,IDLE,,1,IDLE,,1,IDLE,,1,IDLE,,1,IDLE,,1,IDLE,,1,IDLE,,1,IDLE,,1,IDLE,,60,0.14,1,0,8,36,0.12,2,0,2,35,0.04,1,0,1,0,0.00,1,0,0,3,0.00,1,0,0,191,0.14,3,0,3,64,0.01,1,0,1,62,0.04,5,0,1,24,0.10,1,0,1,23,0.10,0,0,6,11,0.03,0,0,2,11,0.07,0,0,3,9,0.02,0,0,1,89,0.12,0,0,2,84,0.11,0,0,6,31,0.14,0,0,9,55,0.03,0,0,3,34,0.16,0,0,9,46,0.17,0,0,6,3,0.05,0,0,2,29,0.09,0,0,2,6,0.05,0,0,1,1,0.03,0,0,2,44,0.03,0,0,1,20,0.07,0,0,1,16,0.09,0,0,2,29,0.05,0,0,2,14,0.07,0,0,2,8,0.06,0,0,2,30,0.08,0,0,2,3,0.06,0,0,2,32,0.08,0,0,2,27,0.09,0,0,2,9,0.07,0,0,2,32,0.10,0,0,3,19,0.05,0,0,3,22,0.10,0,0,2,17,0.05,0,0,2,33,0.13,0,0,3,57,0.07,2,0,1
277,1321,61,0,18,0,0,0,1,IDLE,,1,PROTECTING,Field_1,1,PROTECTING,Field_2,1,PROTECTING,Field_9,1,IDLE,,1,IDLE,,1,PROTECTING,Field_6,1,IDLE,,1,IDLE,,1,PROTECTING,Field_3,1,IDLE,,1,PROTECTING,Field_2,1,IDLE,,1,PROTECTING,Field_4,1,IDLE,,1,IDLE,,1,PROTECTING,Field_6,1,PROTECTING,Field_40,1,PROTECTING,Field_8,1,PROTECTING,Field_8,1,PROTECTING,Field_6,1,IDLE,,1,PROTECTING,Field_8,1,PROTECTING,Field_8,1,PROTECTING,Field_8,1,IDLE,,1,IDLE,,1,IDLE,,1,IDLE,,1,IDLE,,1,IDLE,,1,IDLE,,1,IDLE,,1,IDLE,,1,PROTECTING,Field_7,1,IDLE,,1,IDLE,,1,IDLE,,1,PROTECTING,Field_5,1,PROTECTING,Field_40,1,IDLE,,1,IDLE,,1,IDLE,,1,IDLE,,1,IDLE,,1,IDLE,,1,IDLE,,1,IDLE,,1,IDLE,,1,IDLE,,1,IDLE,,1,IDLE,,1,IDLE,,1,IDLE,,1,IDLE,,1,IDLE,,1,IDLE,,1,IDLE,,1,IDLE,,1,IDLE,,1,IDLE,,1,IDLE,,1,IDLE,,1,IDLE,,1,IDLE,,1,IDLE,,1,IDLE,,1,IDLE,,1,IDLE,,1,IDLE,,1,IDLE,,1,IDLE,,1,IDLE,,1,IDLE,,1,IDLE,,1,IDLE,,1,IDLE,,1,IDLE,,1,IDLE,,60,0.14,1,0,8,36,0.10,2,0,2,35,0.03,1,0,1,0,0.00,1,0,0,3,0.00,1,0,0,191,0.14,3,0,3,64,0.01,1,0,1,62,0.04,5,0,1,24,0.10,1,0,1,23,0.12,0,0,6,11,0.03,0,0,2,11,0.08,0,0,3,9,0.02,0,0,1,89,0.12,0,0,2,84,0.09,0,0,6,31,0.13,0,0,9,55,0.03,0,0,3,34,0.16,0,0,9,46,0.17,0,0,6,3,0.05,0,0,2,29,0.09,0,0,2,6,0.05,0,0,1,1,0.03,0,0,2,44,0.03,0,0,1,20,0.07,0,0,1,16,0.06,0,0,2,29,0.05,0,0,2,14,0.07,0,0,2,8,0.06,0,0,2,30,0.09,0,0,2,3,0.06,0,0,2,32,0.08,0,0,2,27,0.11,0,0,2,9,0.07,0,0,2,32,0.10,0,0,3,19,0.05,0,0,3,23,0.12,0,0,2,17,0.05,0,0,2,34,0.14,0,0,3,57,0.07,2,0,1
278,1323,61,0,18,0,0,0,1,IDLE,,1,PROTECTING,Field_1,1,PROTECTING,Field_2,1,PROTECTING,Field_9,1,IDLE,,1,IDLE,,1,PROTECTING,Field_6,1,IDLE,,1,IDLE,,1,PROTECTING,Field_3,1,IDLE,,1,PROTECTING,Field_2,1,IDLE,,1,PROTECTING,Field_4,1,IDLE,,1,IDLE,,1,PROTECTING,Field_6,1,PROTECTING,Field_40,1,PROTECTING,Field_8,1,PROTECTING,Field_8,1,PROTECTING,Field_6,1,IDLE,,1,PROTECTING,Field_8,1,PROTECTING,Field_8,1,PROTECTING,Field_8,1,IDLE,,1,IDLE,,1,IDLE,,1,IDLE,,1,IDLE,,1,IDLE,,1,IDLE,,1,IDLE,,1,IDLE,,1,PROTECTING,Field_7,1,IDLE,,1,IDLE,,1,IDLE,,1,PROTECTING,Field_5,1,PROTECTING,Field_40,1,IDLE,,1,IDLE,,1,IDLE,,1,IDLE,,1,IDLE,,1,IDLE,,1,IDLE,,1,IDLE,,1,IDLE,,1,IDLE,,1,IDLE,,1,IDLE,,1,IDLE,,1,IDLE,,1,IDLE,,1,IDLE,,1,IDLE,,1,IDLE,,1,IDLE,,1,IDLE,,1,IDLE,,1,IDLE,,1,IDLE,,1,IDLE,,1,IDLE,,1,IDLE,,1,IDLE,,1,IDLE,,1,IDLE,,1,IDLE,,1,IDLE,,1,IDLE,,1,IDLE,,1,IDLE,,1,IDLE,,1,IDLE,,1,IDLE,,1,IDLE,,1,IDLE,,60,0.13,1,0,8,36,0.10,2,0,2,35,0.04,1,0,1,0,0.00,1,0,0,3,0.00,1,0,0,192,0.14,3,0,3,64,0.01,1,0,1,62,0.04,5,0,1,24,0.11,1,0,1,23,0.10,0,0,6,11,0.03,0,0,2,11,0.08,0,0,3,9,0.02,0,0,1,89,0.13,0,0,2,84,0.09,0,0,6,31,0.13,0,0,9,55,0.03,0,0,3,34,0.16,0,0,9,46,0.17,0,0,6,3,0.05,0,0,2,29,0.09,0,0,2,6,0.05,0,0,1,1,0.03,0,0,2,44,0.03,0,0,1,20,0.07,0,0,1,16,0.06,0,0,2,29,0.04,0,0,2,14,0.07,0,0,2,8,0.06,0,0,2,31,0.10,0,0,2,3,0.06,0,0,2,32,0.08,0,0,2,27,0.11,0,0,2,9,0.08,0,0,2,32,0.10,0,0,3,19,0.05,0,0,3,23,0.12,0,0,2,17,0.05,0,0,2,34,0.14,0,0,3,57,0.07,2,0,1
279,1326,61,0,18,0,0,0,1,IDLE,,1,PROTECTING,Field_1,1,PROTECTING,Field_2,1,PROTECTING,Field_9,1,IDLE,,1,IDLE,,1,PROTECTING,Field_6,1,IDLE,,1,IDLE,,1,PROTECTING,Field_3,1,IDLE,,1,PROTECTING,Field_2,1,IDLE,,1,PROTECTING,Field_4,1,IDLE,,1,IDLE,,1,PROTECTING,Field_6,1,PROTECTING,Field_40,1,PROTECTING,Field_8,1,PROTECTING,Field_8,1,PROTECTING,Field_6,1,IDLE,,1,PROTECTING,Field_8,1,PROTECTING,Field_8,1,PROTECTING,Field_8,1,IDLE,,1,IDLE,,1,IDLE,,1,IDLE,,1,IDLE,,1,IDLE,,1,IDLE,,1,IDLE,,1,IDLE,,1,PROTECTING,Field_7,1,IDLE,,1,IDLE,,1,IDLE,,1,PROTECTING,Field_5,1,PROTECTING,Field_40,1,IDLE,,1,IDLE,,1,IDLE,,1,IDLE,,1,IDLE,,1,IDLE,,1,IDLE,,1,IDLE,,1,IDLE,,1,IDLE,,1,IDLE,,1,IDLE,,1,IDLE,,1,IDLE,,1,IDLE,,1,IDLE,,1,IDLE,,1,IDLE,,1,IDLE,,1,IDLE,,1,IDLE,,1,IDLE,,1,IDLE,,1,IDLE,,1,IDLE,,1,IDLE,,1,IDLE,,1,IDLE,,1,IDLE,,1,IDLE,,1,IDLE,,1,IDLE,,1,IDLE,,1,IDLE,,1,IDLE,,1,IDLE,,1,IDLE,,1,IDLE,,1,IDLE,,60,0.14,1,0,8,36,0.10,2,0,2,35,0.04,1,0,1,0,0.00,1,0,0,3,0.00,1,0,0,192,0.12,3,0,3,64,0.01,1,0,1,62,0.04,5,0,1,24,0.11,1,0,1,23,0.10,0,0,6,11,0.03,0,0,2,11,0.08,0,0,3,9,0.02,0,0,1,90,0.13,0,0,2,84,0.09,0,0,6,31,0.13,0,0,9,55,0.04,0,0,3,34,0.16,0,0,9,46,0.17,0,0,6,3,0.05,0,0,2,29,0.09,0,0,2,6,0.05,0,0,1,1,0.03,0,0,2,44,0.03,0,0,1,20,0.07,0,0,1,16,0.08,0,0,2,29,0.04,0,0,2,15,0.09,0,0,2,8,0.05,0,0,2,31,0.10,0,0,2,3,0.06,0,0,2,33,0.08,0,0,2,27,0.12,0,0,2,9,0.08,0,0,2,32,0.10,0,0,3,19,0.05,0,0,3,23,0.12,0,0,2,17,0.05,0,0,2,34,0.14,0,0,3,57,0.08,2,0,1
280,1327,61,0,18,0,0,0,1,IDLE,,1,PROTECTING,Field_1,1,PROTECTING,Field_2,1,PROTECTING,Field_9,1,IDLE,,1,IDLE,,1,PROTECTING,Field_6,1,IDLE,,1,IDLE,,1,PROTECTING,Field_3,1,IDLE,,1,PROTECTING,Field_2,1,IDLE,,1,PROTECTING,Field_4,1,IDLE,,1,IDLE,,1,PROTECTING,Field_6,1,PROTECTING,Field_40,1,PROTECTING,Field_8,1,PROTECTING,Field_8,1,PROTECTING,Field_6,1,IDLE,,1,PROTECTING,Field_8,1,PROTECTING,Field_8,1,PROTECTING,Field_8,1,IDLE,,1,IDLE,,1,IDLE,,1,IDLE,,1,IDLE,,1,IDLE,,1,IDLE,,1,IDLE,,1,IDLE,,1,PROTECTING,Field_7,1,IDLE,,1,IDLE,,1,IDLE,,1,PROTECTING,Field_5,1,PROTECTING,Field_40,1,IDLE,,1,IDLE,,1,IDLE,,1,IDLE,,1,IDLE,,1,IDLE,,1,IDLE,,1,IDLE,,1,IDLE,,1,IDLE,,1,IDLE,,1,IDLE,,1,IDLE,,1,IDLE,,1,IDLE,,1,IDLE,,1,IDLE,,1,IDLE,,1,IDLE,,1,IDLE,,1,IDLE,,1,IDLE,,1,IDLE,,1,IDLE,,1,IDLE,,1,IDLE,,1,IDLE,,1,IDLE,,1,IDLE,,1,IDLE,,1,IDLE,,1,IDLE,,1,IDLE,,1,IDLE,,1,IDLE,,1,IDLE,,1,IDLE,,1,IDLE,,1,IDLE,,60,0.14,1,0,8,36,0.09,2,0,2,35,0.04,1,0,1,0,0.00,1,0,0,3,0.00,1,0,0,192,0.13,3,0,3,64,0.01,1,0,1,62,0.04,5,0,1,24,0.11,1,0,1,23,0.11,0,0,6,11,0.03,0,0,2,11,0.08,0,0,3,9,0.02,0,0,1,90,0.14,0,0,2,84,0.09,0,0,6,31,0.13,0,0,9,55,0.04,0,0,3,34,0.16,0,0,9,46,0.16,0,0,6,3,0.07,0,0,2,29,0.09,0,0,2,6,0.05,0,0,1,1,0.03,0,0,2,44,0.03,0,0,1,20,0.09,0,0,1,16,0.08,0,0,2,29,0.04,0,0,2,15,0.09,0,0,2,8,0.03,0,0,2,31,0.12,0,0,2,3,0.06,0,0,2,33,0.08,0,0,2,27,0.12,0,0,2,9,0.08,0,0,2,32,0.10,0,0,3,19,0.05,0,0,3,23,0.10,0,0,2,17,0.05,0,0,2,35,0.15,0,0,3,57,0.08,2,0,1
281,1329,61,0,18,0,0,0,1,IDLE,,1,PROTECTING,Field_1,1,PROTECTING,Field_2,1,PROTECTING,Field_9,1,IDLE,,1,IDLE,,1,PROTECTING,Field_6,1,IDLE,,1,IDLE,,1,PROTECTING,Field_3,1,IDLE,,1,PROTECTING,Field_2,1,IDLE,,1,PROTECTING,Field_4,1,IDLE,,1,IDLE,,1,PROTECTING,Field_6,1,PROTECTING,Field_40,1,PROTECTING,Field_8,1,PROTECTING,Field_8,1,PROTECTING,Field_6,1,IDLE,,1,PROTECTING,Field_8,1,PROTECTING,Field_8,1,PROTECTING,Field_8,1,IDLE,,1,IDLE,,1,IDLE,,1,IDLE,,1,IDLE,,1,IDLE,,1,IDLE,,1,IDLE,,1,IDLE,,1,PROTECTING,Field_7,1,IDLE,,1,IDLE,,1,IDLE,,1,PROTECTING,Field_5,1,PROTECTING,Field_40,1,IDLE,,1,IDLE,,1,IDLE,,1,IDLE,,1,IDLE,,1,IDLE,,1,IDLE,,1,IDLE,,1,IDLE,,1,IDLE,,1,IDLE,,1,IDLE,,1,IDLE,,1,IDLE,,1,IDLE,,1,IDLE,,1,IDLE,,1,IDLE,,1,IDLE,,1,IDLE,,1,IDLE,,1,IDLE,,1,IDLE,,1,IDLE,,1,IDLE,,1,IDLE,,1,IDLE,,1,IDLE,,1,IDLE,,1,IDLE,,1,IDLE,,1,IDLE,,1,IDLE,,1,IDLE,,1,IDLE,,1,IDLE,,1,IDLE,,1,IDLE,,1,IDLE,,60,0.13,1,0,8,36,0.09,2,0,2,35,0.04,1,0,1,0,0.00,1,0,0,3,0.00,1,0,0,192,0.12,3,0,3,64,0.01,1,0,1,62,0.04,5,0,1,24,0.11,1,0,1,23,0.11,0,0,6,11,0.03,0,0,2,11,0.08,0,0,3,9,0.02,0,0,1,90,0.14,0,0,2,84,0.10,0,0,6,31,0.13,0,0,9,55,0.04,0,0,3,34,0.17,0,0,9,46,0.16,0,0,6,3,0.05,0,0,2,29,0.09,0,0,2,6,0.03,0,0,1,1,0.03,0,0,2,44,0.03,0,0,1,20,0.09,0,0,1,16,0.08,0,0,2,29,0.05,0,0,2,15,0.09,0,0,2,8,0.03,0,0,2,31,0.12,0,0,2,3,0.06,0,0,2,33,0.08,0,0,2,27,0.14,0,0,2,9,0.07,0,0,2,32,0.11,0,0,3,19,0.05,0,0,3,24,0.12,0,0,2,17,0.05,0,0,2,36,0.14,0,0,3,57,0.08,2,0,1
282,1330,61,0,18,0,0,0,1,IDLE,,1,PROTECTING,Field_1,1,PROTECTING,Field_2,1,PROTECTING,Field_9,1,IDLE,,1,IDLE,,1,PROTECTING,Field_6,1,IDLE,,1,IDLE,,1,PROTECTING,Field_3,1,IDLE,,1,PROTECTING,Field_2,1,IDLE,,1,PROTECTING,Field_4,1,IDLE,,1,IDLE,,1,PROTECTING,Field_6,1,PROTECTING,Field_40,1,PROTECTING,Field_8,1,PROTECTING,Field_8,1,PROTECTING,Field_6,1,IDLE,,1,PROTECTING,Field_8,1,PROTECTING,Field_8,1,PROTECTING,Field_8,1,IDLE,,1,IDLE,,1,IDLE,,1,IDLE,,1,IDLE,,1,IDLE,,1,IDLE,,1,IDLE,,1,IDLE,,1,PROTECTING,Field_7,1,IDLE,,1,IDLE,,1,IDLE,,1,PROTECTING,Field_5,1,PROTECTING,Field_40,1,IDLE,,1,IDLE,,1,IDLE,,1,IDLE,,1,IDLE,,1,IDLE,,1,IDLE,,1,IDLE,,1,IDLE,,1,IDLE,,1,IDLE,,1,IDLE,,1,IDLE,,1,IDLE,,1,IDLE,,1,IDLE,,1,IDLE,,1,IDLE,,1,IDLE,,1,IDLE,,1,IDLE,,1,IDLE,,1,IDLE,,1,IDLE,,1,IDLE,,1,IDLE,,1,IDLE,,1,IDLE,,1,IDLE,,1,IDLE,,1,IDLE,,1,IDLE,,1,IDLE,,1,IDLE,,1,IDLE,,1,IDLE,,1,IDLE,,1,IDLE,,1,IDLE,,60,0.13,1,0,8,36,0.09,2,0,2,35,0.04,1,0,1,0,0.00,1,0,0,3,0.00,1,0,0,192,0.11,3,0,3,64,0.01,1,0,1,62,0.04,5,0,1,25,0.11,1,0,1,23,0.11,0,0,6,11,0.03,0,0,2,11,0.09,0,0,3,9,0.02,0,0,1,90,0.14,0,0,2,84,0.10,0,0,6,31,0.13,0,0,9,55,0.05,0,0,3,34,0.19,0,0,9,46,0.16,0,0,6,3,0.08,0,0,2,29,0.11,0,0,2,6,0.03,0,0,1,1,0.03,0,0,2,44,0.03,0,0,1,20,0.09,0,0,1,16,0.09,0,0,2,29,0.05,0,0,2,15,0.09,0,0,2,8,0.03,0,0,2,31,0.13,0,0,2,3,0.06,0,0,2,33,0.08,0,0,2,27,0.12,0,0,2,9,0.07,0,0,2,32,0.11,0,0,3,19,0.07,0,0,3,24,0.13,0,0,2,17,0.05,0,0,2,36,0.14,0,0,3,57,0.08,2,0,1
283,1331,61,0,18,0,0,0,1,IDLE,,1,PROTECTING,Field_1,1,PROTECTING,Field_2,1,PROTECTING,Field_9,1,IDLE,,1,IDLE,,1,PROTECTING,Field_6,1,IDLE,,1,IDLE,,1,PROTECTING,Field_3,1,IDLE,,1,PROTECTING,Field_2,1,IDLE,,1,PROTECTING,Field_4,1,IDLE,,1,IDLE,,1,PROTECTING,Field_6,1,PROTECTING,Field_40,1,PROTECTING,Field_8,1,PROTECTING,Field_8,1,PROTECTING,Field_6,1,IDLE,,1,PROTECTING,Field_8,1,PROTECTING,Field_8,1,PROTECTING,Field_8,1,IDLE,,1,IDLE,,1,IDLE,,1,IDLE,,1,IDLE,,1,IDLE,,1,IDLE,,1,IDLE,,1,IDLE,,1,PROTECTING,Field_7,1,IDLE,,1,IDLE,,1,IDLE,,1,PROTECTING,Field_5,1,PROTECTING,Field_40,1,IDLE,,1,IDLE,,1,IDLE,,1,IDLE,,1,IDLE,,1,IDLE,,1,IDLE,,1,IDLE,,1,IDLE,,1,IDLE,,1,IDLE,,1,IDLE,,1,IDLE,,1,IDLE,,1,IDLE,,1,IDLE,,1,IDLE,,1,IDLE,,1,IDLE,,1,IDLE,,1,IDLE,,1,IDLE,,1,IDLE,,1,IDLE,,1,IDLE,,1,IDLE,,1,IDLE,,1,IDLE,,1,IDLE,,1,IDLE,,1,IDLE,,1,IDLE,,1,IDLE,,1,IDLE,,1,IDLE,,1,IDLE,,1,IDLE,,1,IDLE,,1,IDLE,,60,0.13,1,0,8,36,0.09,2,0,2,35,0.04,1,0,1,0,0.00,1,0,0,3,0.00,1,0,0,192,0.11,3,0,3,64,0.01,1,0,1,62,0.04,5,0,1,25,0.11,1,0,1,23,0.11,0,0,6,11,0.03,0,0,2,12,0.10,0,0,3,9,0.02,0,0,1,90,0.14,0,0,2,84,0.11,0,0,6,31,0.13,0,0,9,55,0.05,0,0,3,34,0.19,0,0,9,46,0.17,0,0,6,3,0.08,0,0,2,29,0.09,0,0,2,6,0.03,0,0,1,1,0.05,0,0,2,44,0.03,0,0,1,20,0.09,0,0,1,16,0.08,0,0,2,29,0.05,0,0,2,15,0.09,0,0,2,8,0.03,0,0,2,31,0.12,0,0,2,3,0.06,0,0,2,33,0.06,0,0,2,27,0.12,0,0,2,9,0.05,0,0,2,32,0.12,0,0,3,19,0.07,0,0,3,24,0.12,0,0,2,17,0.06,0,0,2,36,0.14,0,0,3,57,0.08,2,0,1
284,1334,61,0,18,0,0,0,1,IDLE,,1,PROTECTING,Field_1,1,PROTECTING,Field_2,1,PROTECTING,Field_9,1,IDLE,,1,IDLE,,1,PROTECTING,Field_6,1,IDLE,,1,IDLE,,1,PROTECTING,Field_3,1,IDLE,,1,PROTECTING,Field_2,1,IDLE,,1,PROTECTING,Field_4,1,IDLE,,1,IDLE,,1,PROTECTING,Field_6,1,PROTECTING,Field_40,1,PROTECTING,Field_8,1,PROTECTING,Field_8,1,PROTECTING,Field_6,1,IDLE,,1,PROTECTING,Field_8,1,PROTECTING,Field_8,1,PROTECTING,Field_8,1,IDLE,,1,IDLE,,1,IDLE,,1,IDLE,,1,IDLE,,1,IDLE,,1,IDLE,,1,IDLE,,1,IDLE,,1,PROTECTING,Field_7,1,IDLE,,1,IDLE,,1,IDLE,,1,PROTECTING,Field_5,1,PROTECTING,Field_40,1,IDLE,,1,IDLE,,1,IDLE,,1,IDLE,,1,IDLE,,1,IDLE,,1,IDLE,,1,IDLE,,1,IDLE,,1,IDLE,,1,IDLE,,1,IDLE,,1,IDLE,,1,IDLE,,1,IDLE,,1,IDLE,,1,IDLE,,1,IDLE,,1,IDLE,,1,IDLE,,1,IDLE,,1,IDLE,,1,IDLE,,1,IDLE,,1,IDLE,,1,IDLE,,1,IDLE,,1,IDLE,,1,IDLE,,1,IDLE,,1,IDLE,,1,IDLE,,1,IDLE,,1,IDLE,,1,IDLE,,1,IDLE,,1,IDLE,,1,IDLE,,1,IDLE,,60,0.13,1,0,8,36,0.10,2,0,2,35,0.04,1,0,1,0,0.00,1,0,0,3,0.00,1,0,0,192,0.10,3,0,3,64,0.01,1,0,1,62,0.04,5,0,1,25,0.12,1,0,1,23,0.12,0,0,6,11,0.03,0,0,2,12,0.11,0,0,3,9,0.02,0,0,1,90,0.13,0,0,2,85,0.11,0,0,6,31,0.13,0,0,9,55,0.05,0,0,3,34,0.19,0,0,9,47,0.17,0,0,6,3,0.08,0,0,2,29,0.09,0,0,2,6,0.03,0,0,1,1,0.05,0,0,2,44,0.03,0,0,1,20,0.09,0,0,1,16,0.10,0,0,2,29,0.05,0,0,2,15,0.09,0,0,2,8,0.03,0,0,2,31,0.12,0,0,2,3,0.06,0,0,2,33,0.08,0,0,2,27,0.14,0,0,2,9,0.05,0,0,2,32,0.12,0,0,3,19,0.07,0,0,3,25,0.12,0,0,2,17,0.06,0,0,2,36,0.14,0,0,3,57,0.08,2,0,1
285,1338,61,0,18,0,0,0,1,IDLE,,1,PROTECTING,Field_1,1,PROTECTING,Field_2,1,PROTECTING,Field_9,1,IDLE,,1,IDLE,,1,PROTECTING,Field_6,1,IDLE,,1,IDLE,,1,PROTECTING,Field_3,1,IDLE,,1,PROTECTING,Field_2,1,IDLE,,1,PROTECTING,Field_4,1,IDLE,,1,IDLE,,1,PROTECTING,Field_6,1,PROTECTING,Field_40,1,PROTECTING,Field_8,1,PROTECTING,Field_8,1,PROTECTING,Field_6,1,IDLE,,1,PROTECTING,Field_8,1,PROTECTING,Field_8,1,PROTECTING,Field_8,1,IDLE,,1,IDLE,,1,IDLE,,1,IDLE,,1,IDLE,,1,IDLE,,1,IDLE,,1,IDLE,,1,IDLE,,1,PROTECTING,Field_7,1,IDLE,,1,IDLE,,1,IDLE,,1,PROTECTING,Field_5,1,PROTECTING,Field_40,1,IDLE,,1,IDLE,,1,IDLE,,1,IDLE,,1,IDLE,,1,IDLE,,1,IDLE,,1,IDLE,,1,IDLE,,1,IDLE,,1,IDLE,,1,IDLE,,1,IDLE,,1,IDLE,,1,IDLE,,1,IDLE,,1,IDLE,,1,IDLE,,1,IDLE,,1,IDLE,,1,IDLE,,1,IDLE,,1,IDLE,,1,IDLE,,1,IDLE,,1,IDLE,,1,IDLE,,1,IDLE,,1,IDLE,,1,IDLE,,1,IDLE,,1,IDLE,,1,IDLE,,1,IDLE,,1,IDLE,,1,IDLE,,1,IDLE,,1,IDLE,,1,IDLE,,60,0.15,1,0,8,36,0.10,2,0,2,35,0.05,1,0,1,0,0.00,1,0,0,3,0.00,1,0,0,192,0.10,3,0,3,64,0.01,1,0,1,62,0.04,5,0,1,25,0.14,1,0,1,23,0.13,0,0,6,11,0.04,0,0,2,13,0.11,0,0,3,9,0.03,0,0,1,90,0.14,0,0,2,85,0.11,0,0,6,31,0.13,0,0,9,55,0.05,0,0,3,35,0.19,0,0,9,47,0.17,0,0,6,3,0.08,0,0,2,30,0.09,0,0,2,6,0.03,0,0,1,1,0.05,0,0,2,44,0.04,0,0,1,21,0.09,0,0,1,16,0.12,0,0,2,29,0.05,0,0,2,15,0.09,0,0,2,8,0.03,0,0,2,31,0.09,0,0,2,3,0.06,0,0,2,33,0.06,0,0,2,27,0.11,0,0,2,9,0.05,0,0,2,32,0.12,0,0,3,19,0.09,0,0,3,25,0.12,0,0,2,17,0.07,0,0,2,36,0.14,0,0,3,57,0.08,2,0,1
286,1341,61,0,18,0,0,0,1,IDLE,,1,PROTECTING,Field_1,1,PROTECTING,Field_2,1,PROTECTING,Field_9,1,IDLE,,1,IDLE,,1,PROTECTING,Field_6,1,IDLE,,1,IDLE,,1,PROTECTING,Field_3,1,IDLE,,1,PROTECTING,Field_2,1,IDLE,,1,PROTECTING,Field_4,1,IDLE,,1,IDLE,,1,PROTECTING,Field_6,1,PROTECTING,Field_40,1,PROTECTING,Field_8,1,PROTECTING,Field_8,1,PROTECTING,Field_6,1,IDLE,,1,PROTECTING,Field_8,1,PROTECTING,Field_8,1,PROTECTING,Field_8,1,IDLE,,1,IDLE,,1,IDLE,,1,IDLE,,1,IDLE,,1,IDLE,,1,IDLE,,1,IDLE,,1,IDLE,,1,PROTECTING,Field_7,1,IDLE,,1,IDLE,,1,IDLE,,1,PROTECTING,Field_5,1,PROTECTING,Field_40,1,IDLE,,1,IDLE,,1,IDLE,,1,IDLE,,1,IDLE,,1,IDLE,,1,IDLE,,1,IDLE,,1,IDLE,,1,IDLE,,1,IDLE,,1,IDLE,,1,IDLE,,1,IDLE,,1,IDLE,,1,IDLE,,1,IDLE,,1,IDLE,,1,IDLE,,1,IDLE,,1,IDLE,,1,IDLE,,1,IDLE,,1,IDLE,,1,IDLE,,1,IDLE,,1,IDLE,,1,IDLE,,1,IDLE,,1,IDLE,,1,IDLE,,1,IDLE,,1,IDLE,,1,IDLE,,1,IDLE,,1,IDLE,,1,IDLE,,1,IDLE,,1,IDLE,,60,0.15,1,0,8,36,0.09,2,0,2,35,0.05,1,0,1,0,0.00,1,0,0,3,0.00,1,0,0,192,0.10,3,0,3,64,0.01,1,0,1,62,0.04,5,0,1,26,0.13,1,0,1,23,0.13,0,0,6,11,0.04,0,0,2,13,0.11,0,0,3,9,0.03,0,0,1,90,0.13,0,0,2,85,0.11,0,0,6,31,0.13,0,0,9,55,0.04,0,0,3,35,0.18,0,0,9,47,0.17,0,0,6,3,0.08,0,0,2,30,0.09,0,0,2,6,0.03,0,0,1,1,0.05,0,0,2,44,0.03,0,0,1,21,0.09,0,0,1,16,0.10,0,0,2,29,0.05,0,0,2,15,0.09,0,0,2,8,0.05,0,0,2,31,0.08,0,0,2,3,0.06,0,0,2,33,0.05,0,0,2,27,0.09,0,0,2,9,0.05,0,0,2,32,0.12,0,0,3,19,0.09,0,0,3,26,0.12,0,0,2,17,0.07,0,0,2,37,0.15,0,0,3,57,0.08,2,0,1
287,1344,61,0,18,0,0,0,1,IDLE,,1,PROTECTING,Field_1,1,PROTECTING,Field_2,1,PROTECTING,Field_9,1,IDLE,,1,IDLE,,1,PROTECTING,Field_6,1,IDLE,,1,IDLE,,1,PROTECTING,Field_3,1,IDLE,,1,PROTECTING,Field_2,1,IDLE,,1,PROTECTING,Field_4,1,IDLE,,1,IDLE,,1,PROTECTING,Field_6,1,PROTECTING,Field_40,1,PROTECTING,Field_8,1,PROTECTING,Field_8,1,PROTECTING,Field_6,1,IDLE,,1,PROTECTING,Field_8,1,PROTECTING,Field_8,1,PROTECTING,Field_8,1,IDLE,,1,IDLE,,1,IDLE,,1,IDLE,,1,IDLE,,1,IDLE,,1,IDLE,,1,IDLE,,1,IDLE,,1,PROTECTING,Field_7,1,IDLE,,1,IDLE,,1,IDLE,,1,PROTECTING,Field_5,1,PROTECTING,Field_40,1,IDLE,,1,IDLE,,1,IDLE,,1,IDLE,,1,IDLE,,1,IDLE,,1,IDLE,,1,IDLE,,1,IDLE,,1,IDLE,,1,IDLE,,1,IDLE,,1,IDLE,,1,IDLE,,1,IDLE,,1,IDLE,,1,IDLE,,1,IDLE,,1,IDLE,,1,IDLE,,1,IDLE,,1,IDLE,,1,IDLE,,1,IDLE,,1,IDLE,,1,IDLE,,1,IDLE,,1,IDLE,,1,IDLE,,1,IDLE,,1,IDLE,,1,IDLE,,1,IDLE,,1,IDLE,,1,IDLE,,1,IDLE,,1,IDLE,,1,IDLE,,1,IDLE,,60,0.15,1,0,8,36,0.09,2,0,2,35,0.05,1,0,1,0,0.00,1,0,0,3,0.00,1,0,0,192,0.10,3,0,3,64,0.01,1,0,1,62,0.04,5,0,1,29,0.13,1,0,1,23,0.12,0,0,6,11,0.04,0,0,2,13,0.11,0,0,3,9,0.02,0,0,1,90,0.13,0,0,2,85,0.11,0,0,6,31,0.13,0,0,9,55,0.04,0,0,3,35,0.18,0,0,9,47,0.17,0,0,6,3,0.07,0,0,2,30,0.09,0,0,2,6,0.03,0,0,1,1,0.05,0,0,2,44,0.03,0,0,1,21,0.11,0,0,1,16,0.10,0,0,2,29,0.06,0,0,2,15,0.11,0,0,2,8,0.05,0,0,2,31,0.08,0,0,2,3,0.06,0,0,2,33,0.05,0,0,2,27,0.04,0,0,2,9,0.07,0,0,2,32,0.14,0,0,3,19,0.09,0,0,3,26,0.13,0,0,2,17,0.07,0,0,2,37,0.15,0,0,3,57,0.08,2,0,1
288,1347,61,0,18,0,0,0,1,IDLE,,1,PROTECTING,Field_1,1,PROTECTING,Field_2,1,PROTECTING,Field_9,1,IDLE,,1,IDLE,,1,PROTECTING,Field_6,1,IDLE,,1,IDLE,,1,PROTECTING,Field_3,1,IDLE,,1,PROTECTING,Field_2,1,IDLE,,1,PROTECTING,Field_4,1,IDLE,,1,IDLE,,1,PROTECTING,Field_6,1,PROTECTING,Field_40,1,PROTECTING,Field_8,1,PROTECTING,Field_8,1,PROTECTING,Field_6,1,IDLE,,1,PROTECTING,Field_8,1,PROTECTING,Field_8,1,PROTECTING,Field_8,1,IDLE,,1,IDLE,,1,IDLE,,1,IDLE,,1,IDLE,,1,IDLE,,1,IDLE,,1,IDLE,,1,IDLE,,1,PROTECTING,Field_7,1,IDLE,,1,IDLE,,1,IDLE,,1,PROTECTING,Field_5,1,PROTECTING,Field_40,1,IDLE,,1,IDLE,,1,IDLE,,1,IDLE,,1,IDLE,,1,IDLE,,1,IDLE,,1,IDLE,,1,IDLE,,1,IDLE,,1,IDLE,,1,IDLE,,1,IDLE,,1,IDLE,,1,IDLE,,1,IDLE,,1,IDLE,,1,IDLE,,1,IDLE,,1,IDLE,,1,IDLE,,1,IDLE,,1,IDLE,,1,IDLE,,1,IDLE,,1,IDLE,,1,IDLE,,1,IDLE,,1,IDLE,,1,IDLE,,1,IDLE,,1,IDLE,,1,IDLE,,1,IDLE,,1,IDLE,,1,IDLE,,1,IDLE,,1,IDLE,,1,IDLE,,60,0.14,1,0,8,36,0.09,2,0,2,36,0.05,1,0,1,0,0.00,1,0,0,3,0.00,1,0,0,192,0.12,3,0,3,64,0.01,1,0,1,62,0.03,5,0,1,29,0.11,1,0,1,23,0.11,0,0,6,11,0.04,0,0,2,13,0.11,0,0,3,9,0.02,0,0,1,91,0.13,0,0,2,85,0.11,0,0,6,31,0.13,0,0,9,55,0.04,0,0,3,35,0.18,0,0,9,47,0.17,0,0,6,3,0.07,0,0,2,30,0.09,0,0,2,6,0.03,0,0,1,1,0.07,0,0,2,44,0.03,0,0,1,21,0.13,0,0,1,16,0.13,0,0,2,29,0.06,0,0,2,15,0.11,0,0,2,8,0.05,0,0,2,31,0.09,0,0,2,3,0.06,0,0,2,33,0.05,0,0,2,27,0.04,0,0,2,9,0.08,0,0,2,32,0.14,0,0,3,19,0.09,0,0,3,27,0.12,0,0,2,17,0.07,0,0,2,37,0.13,0,0,3,57,0.05,2,0,1
289,1351,61,0,18,0,0,0,1,IDLE,,1,PROTECTING,Field_1,1,PROTECTING,Field_2,1,PROTECTING,Field_9,1,IDLE,,1,IDLE,,1,PROTECTING,Field_6,1,IDLE,,1,IDLE,,1,PROTECTING,Field_3,1,IDLE,,1,PROTECTING,Field_2,1,IDLE,,1,PROTECTING,Field_4,1,IDLE,,1,IDLE,,1,PROTECTING,Field_6,1,PROTECTING,Field_40,1,PROTECTING,Field_8,1,PROTECTING,Field_8,1,PROTECTING,Field_6,1,IDLE,,1,PROTECTING,Field_8,1,PROTECTING,Field_8,1,PROTECTING,Field_8,1,IDLE,,1,IDLE,,1,IDLE,,1,IDLE,,1,IDLE,,1,IDLE,,1,IDLE,,1,IDLE,,1,IDLE,,1,PROTECTING,Field_7,1,IDLE,,1,IDLE,,1,IDLE,,1,PROTECTING,Field_5,1,PROTECTING,Field_40,1,IDLE,,1,IDLE,,1,IDLE,,1,IDLE,,1,IDLE,,1,IDLE,,1,IDLE,,1,IDLE,,1,IDLE,,1,IDLE,,1,IDLE,,1,IDLE,,1,IDLE,,1,IDLE,,1,IDLE,,1,IDLE,,1,IDLE,,1,IDLE,,1,IDLE,,1,IDLE,,1,IDLE,,1,IDLE,,1,IDLE,,1,IDLE,,1,IDLE,,1,IDLE,,1,IDLE,,1,IDLE,,1,IDLE,,1,IDLE,,1,IDLE,,1,IDLE,,1,IDLE,,1,IDLE,,1,IDLE,,1,IDLE,,1,IDLE,,1,IDLE,,1,IDLE,,60,0.14,1,0,8,36,0.09,2,0,2,37,0.05,1,0,1,0,0.00,1,0,0,3,0.00,1,0,0,192,0.12,3,0,3,64,0.01,1,0,1,62,0.03,5,0,1,29,0.11,1,0,1,23,0.11,0,0,6,11,0.04,0,0,2,13,0.11,0,0,3,9,0.02,0,0,1,91,0.13,0,0,2,85,0.11,0,0,6,31,0.12,0,0,9,55,0.03,0,0,3,35,0.18,0,0,9,47,0.18,0,0,6,3,0.07,0,0,2,30,0.09,0,0,2,6,0.03,0,0,1,1,0.05,0,0,2,44,0.03,0,0,1,22,0.11,0,0,1,16,0.13,0,0,2,29,0.06,0,0,2,15,0.11,0,0,2,8,0.05,0,0,2,33,0.08,0,0,2,3,0.06,0,0,2,33,0.05,0,0,2,27,0.04,0,0,2,9,0.10,0,0,2,32,0.13,0,0,3,19,0.09,0,0,3,27,0.12,0,0,2,17,0.06,0,0,2,37,0.12,0,0,3,57,0.04,2,0,1
290,1357,61,0,18,0,0,0,1,IDLE,,1,PROTECTING,Field_1,1,PROTECTING,Field_2,1,PROTECTING,Field_9,1,IDLE,,1,IDLE,,1,PROTECTING,Field_6,1,IDLE,,1,IDLE,,1,PROTECTING,Field_3,1,IDLE,,1,PROTECTING,Field_2,1,IDLE,,1,PROTECTING,Field_4,1,IDLE,,1,IDLE,,1,PROTECTING,Field_6,1,PROTECTING,Field_40,1,PROTECTING,Field_8,1,PROTECTING,Field_8,1,PROTECTING,Field_6,1,IDLE,,1,PROTECTING,Field_8,1,PROTECTING,Field_8,1,PROTECTING,Field_8,1,IDLE,,1,IDLE,,1,IDLE,,1,IDLE,,1,IDLE,,1,IDLE,,1,IDLE,,1,IDLE,,1,IDLE,,1,PROTECTING,Field_7,1,IDLE,,1,IDLE,,1,IDLE,,1,PROTECTING,Field_5,1,PROTECTING,Field_40,1,IDLE,,1,IDLE,,1,IDLE,,1,IDLE,,1,IDLE,,1,IDLE,,1,IDLE,,1,IDLE,,1,IDLE,,1,IDLE,,1,IDLE,,1,IDLE,,1,IDLE,,1,IDLE,,1,IDLE,,1,IDLE,,1,IDLE,,1,IDLE,,1,IDLE,,1,IDLE,,1,IDLE,,1,IDLE,,1,IDLE,,1,IDLE,,1,IDLE,,1,IDLE,,1,IDLE,,1,IDLE,,1,IDLE,,1,IDLE,,1,IDLE,,1,IDLE,,1,IDLE,,1,IDLE,,1,IDLE,,1,IDLE,,1,IDLE,,1,IDLE,,1,IDLE,,60,0.13,1,0,8,36,0.09,2,0,2,37,0.05,1,0,1,0,0.00,1,0,0,3,0.00,1,0,0,192,0.12,3,0,3,64,0.01,1,0,1,62,0.04,5,0,1,30,0.11,1,0,1,23,0.12,0,0,6,11,0.04,0,0,2,13,0.11,0,0,3,9,0.02,0,0,1,92,0.13,0,0,2,85,0.11,0,0,6,31,0.13,0,0,9,55,0.03,0,0,3,35,0.17,0,0,9,48,0.18,0,0,6,3,0.07,0,0,2,30,0.08,0,0,2,6,0.03,0,0,1,1,0.05,0,0,2,44,0.03,0,0,1,22,0.11,0,0,1,16,0.13,0,0,2,29,0.05,0,0,2,15,0.11,0,0,2,9,0.05,0,0,2,33,0.08,0,0,2,3,0.06,0,0,2,33,0.06,0,0,2,27,0.04,0,0,2,9,0.10,0,0,2,32,0.11,0,0,3,19,0.10,0,0,3,28,0.13,0,0,2,17,0.06,0,0,2,38,0.13,0,0,3,57,0.03,2,0,1
291,1362,61,0,18,0,0,0,1,IDLE,,1,PROTECTING,Field_1,1,PROTECTING,Field_2,1,PROTECTING,Field_9,1,IDLE,,1,IDLE,,1,PROTECTING,Field_6,1,IDLE,,1,IDLE,,1,PROTECTING,Field_3,1,IDLE,,1,PROTECTING,Field_2,1,IDLE,,1,PROTECTING,Field_4,1,IDLE,,1,IDLE,,1,PROTECTING,Field_6,1,PROTECTING,Field_40,1,PROTECTING,Field_8,1,PROTECTING,Field_8,1,PROTECTING,Field_6,1,IDLE,,1,PROTECTING,Field_8,1,PROTECTING,Field_8,1,PROTECTING,Field_8,1,IDLE,,1,IDLE,,1,IDLE,,1,IDLE,,1,IDLE,,1,IDLE,,1,IDLE,,1,IDLE,,1,IDLE,,1,PROTECTING,Field_7,1,IDLE,,1,IDLE,,1,IDLE,,1,PROTECTING,Field_5,1,PROTECTING,Field_40,1,IDLE,,1,IDLE,,1,IDLE,,1,IDLE,,1,IDLE,,1,IDLE,,1,IDLE,,1,IDLE,,1,IDLE,,1,IDLE,,1,IDLE,,1,IDLE,,1,IDLE,,1,IDLE,,1,IDLE,,1,IDLE,,1,IDLE,,1,IDLE,,1,IDLE,,1,IDLE,,1,IDLE,,1,IDLE,,1,IDLE,,1,IDLE,,1,IDLE,,1,IDLE,,1,IDLE,,1,IDLE,,1,IDLE,,1,IDLE,,1,IDLE,,1,IDLE,,1,IDLE,,1,IDLE,,1,IDLE,,1,IDLE,,1,IDLE,,1,IDLE,,1,IDLE,,60,0.13,1,0,8,36,0.09,2,0,2,38,0.06,1,0,1,0,0.00,1,0,0,3,0.00,1,0,0,192,0.12,3,0,3,64,0.01,1,0,1,62,0.04,5,0,1,30,0.10,1,0,1,23,0.12,0,0,6,11,0.03,0,0,2,13,0.09,0,0,3,9,0.02,0,0,1,92,0.13,0,0,2,85,0.12,0,0,6,31,0.13,0,0,9,55,0.03,0,0,3,35,0.20,0,0,9,50,0.17,0,0,6,3,0.08,0,0,2,30,0.08,0,0,2,6,0.03,0,0,1,1,0.07,0,0,2,44,0.03,0,0,1,22,0.11,0,0,1,16,0.13,0,0,2,29,0.05,0,0,2,15,0.11,0,0,2,9,0.06,0,0,2,33,0.08,0,0,2,3,0.06,0,0,2,34,0.06,0,0,2,27,0.04,0,0,2,10,0.10,0,0,2,32,0.11,0,0,3,19,0.10,0,0,3,28,0.13,0,0,2,17,0.06,0,0,2,38,0.14,0,0,3,57,0.03,2,0,1
292,1366,61,0,18,0,0,0,1,IDLE,,1,PROTECTING,Field_1,1,PROTECTING,Field_2,1,PROTECTING,Field_9,1,IDLE,,1,IDLE,,1,PROTECTING,Field_6,1,IDLE,,1,IDLE,,1,PROTECTING,Field_3,1,IDLE,,1,PROTECTING,Field_2,1,IDLE,,1,PROTECTING,Field_4,1,IDLE,,1,IDLE,,1,PROTECTING,Field_6,1,PROTECTING,Field_40,1,PROTECTING,Field_8,1,PROTECTING,Field_8,1,PROTECTING,Field_6,1,IDLE,,1,PROTECTING,Field_8,1,PROTECTING,Field_8,1,PROTECTING,Field_8,1,IDLE,,1,IDLE,,1,IDLE,,1,IDLE,,1,IDLE,,1,IDLE,,1,IDLE,,1,IDLE,,1,IDLE,,1,PROTECTING,Field_7,1,IDLE,,1,IDLE,,1,IDLE,,1,PROTECTING,Field_5,1,PROTECTING,Field_40,1,IDLE,,1,IDLE,,1,IDLE,,1,IDLE,,1,IDLE,,1,IDLE,,1,IDLE,,1,IDLE,,1,IDLE,,1,IDLE,,1,IDLE,,1,IDLE,,1,IDLE,,1,IDLE,,1,IDLE,,1,IDLE,,1,IDLE,,1,IDLE,,1,IDLE,,1,IDLE,,1,IDLE,,1,IDLE,,1,IDLE,,1,IDLE,,1,IDLE,,1,IDLE,,1,IDLE,,1,IDLE,,1,IDLE,,1,IDLE,,1,IDLE,,1,IDLE,,1,IDLE,,1,IDLE,,1,IDLE,,1,IDLE,,1,IDLE,,1,IDLE,,1,IDLE,,60,0.13,1,0,8,36,0.09,2,0,2,38,0.06,1,0,1,0,0.00,1,0,0,3,0.00,1,0,0,192,0.10,3,0,3,64,0.01,1,0,1,62,0.04,5,0,1,30,0.10,1,0,1,23,0.12,0,0,6,11,0.03,0,0,2,13,0.08,0,0,3,9,0.02,0,0,1,92,0.12,0,0,2,86,0.12,0,0,6,31,0.14,0,0,9,55,0.03,0,0,3,35,0.20,0,0,9,51,0.19,0,0,6,3,0.08,0,0,2,30,0.08,0,0,2,6,0.03,0,0,1,1,0.07,0,0,2,44,0.03,0,0,1,22,0.11,0,0,1,16,0.12,0,0,2,29,0.06,0,0,2,15,0.11,0,0,2,9,0.06,0,0,2,33,0.08,0,0,2,3,0.06,0,0,2,35,0.08,0,0,2,27,0.05,0,0,2,10,0.10,0,0,2,33,0.12,0,0,3,19,0.10,0,0,3,28,0.13,0,0,2,17,0.06,0,0,2,38,0.14,0,0,3,57,0.03,2,0,1
293,1367,61,0,18,0,0,0,1,IDLE,,1,PROTECTING,Field_1,1,PROTECTING,Field_2,1,PROTECTING,Field_9,1,IDLE,,1,IDLE,,1,PROTECTING,Field_6,1,IDLE,,1,IDLE,,1,PROTECTING,Field_3,1,IDLE,,1,PROTECTING,Field_2,1,IDLE,,1,PROTECTING,Field_4,1,IDLE,,1,IDLE,,1,PROTECTING,Field_6,1,PROTECTING,Field_40,1,PROTECTING,Field_8,1,PROTECTING,Field_8,1,PROTECTING,Field_6,1,IDLE,,1,PROTECTING,Field_8,1,PROTECTING,Field_8,1,PROTECTING,Field_8,1,IDLE,,1,IDLE,,1,IDLE,,1,IDLE,,1,IDLE,,1,IDLE,,1,IDLE,,1,IDLE,,1,IDLE,,1,PROTECTING,Field_7,1,IDLE,,1,IDLE,,1,IDLE,,1,PROTECTING,Field_5,1,PROTECTING,Field_40,1,IDLE,,1,IDLE,,1,IDLE,,1,IDLE,,1,IDLE,,1,IDLE,,1,IDLE,,1,IDLE,,1,IDLE,,1,IDLE,,1,IDLE,,1,IDLE,,1,IDLE,,1,IDLE,,1,IDLE,,1,IDLE,,1,IDLE,,1,IDLE,,1,IDLE,,1,IDLE,,1,IDLE,,1,IDLE,,1,IDLE,,1,IDLE,,1,IDLE,,1,IDLE,,1,IDLE,,1,IDLE,,1,IDLE,,1,IDLE,,1,IDLE,,1,IDLE,,1,IDLE,,1,IDLE,,1,IDLE,,1,IDLE,,1,IDLE,,1,IDLE,,1,IDLE,,60,0.13,1,0,8,36,0.10,2,0,2,38,0.05,1,0,1,0,0.00,1,0,0,3,0.00,1,0,0,192,0.11,3,0,3,64,0.01,1,0,1,62,0.04,5,0,1,30,0.09,1,0,1,23,0.11,0,0,6,11,0.04,0,0,2,13,0.08,0,0,3,9,0.02,0,0,1,92,0.12,0,0,2,86,0.13,0,0,6,31,0.14,0,0,9,55,0.03,0,0,3,35,0.20,0,0,9,52,0.19,0,0,6,3,0.07,0,0,2,30,0.08,0,0,2,6,0.03,0,0,1,1,0.07,0,0,2,44,0.03,0,0,1,22,0.09,0,0,1,16,0.10,0,0,2,29,0.07,0,0,2,15,0.11,0,0,2,9,0.06,0,0,2,33,0.08,0,0,2,3,0.06,0,0,2,35,0.08,0,0,2,27,0.05,0,0,2,10,0.10,0,0,2,33,0.13,0,0,3,19,0.10,0,0,3,28,0.13,0,0,2,17,0.07,0,0,2,38,0.14,0,0,3,57,0.03,2,0,1
294,1370,61,0,18,0,0,0,1,IDLE,,1,PROTECTING,Field_1,1,PROTECTING,Field_2,1,PROTECTING,Field_9,1,IDLE,,1,IDLE,,1,PROTECTING,Field_6,1,IDLE,,1,IDLE,,1,PROTECTING,Field_3,1,IDLE,,1,PROTECTING,Field_2,1,IDLE,,1,PROTECTING,Field_4,1,IDLE,,1,IDLE,,1,PROTECTING,Field_6,1,PROTECTING,Field_40,1,PROTECTING,Field_8,1,PROTECTING,Field_8,1,PROTECTING,Field_6,1,IDLE,,1,PROTECTING,Field_8,1,PROTECTING,Field_8,1,PROTECTING,Field_8,1,IDLE,,1,IDLE,,1,IDLE,,1,IDLE,,1,IDLE,,1,IDLE,,1,IDLE,,1,IDLE,,1,IDLE,,1,PROTECTING,Field_7,1,IDLE,,1,IDLE,,1,IDLE,,1,PROTECTING,Field_5,1,PROTECTING,Field_40,1,IDLE,,1,IDLE,,1,IDLE,,1,IDLE,,1,IDLE,,1,IDLE,,1,IDLE,,1,IDLE,,1,IDLE,,1,IDLE,,1,IDLE,,1,IDLE,,1,IDLE,,1,IDLE,,1,IDLE,,1,IDLE,,1,IDLE,,1,IDLE,,1,IDLE,,1,IDLE,,1,IDLE,,1,IDLE,,1,IDLE,,1,IDLE,,1,IDLE,,1,IDLE,,1,IDLE,,1,IDLE,,1,IDLE,,1,IDLE,,1,IDLE,,1,IDLE,,1,IDLE,,1,IDLE,,1,IDLE,,1,IDLE,,1,IDLE,,1,IDLE,,1,IDLE,,60,0.13,1,0,8,36,0.10,2,0,2,38,0.08,1,0,1,0,0.00,1,0,0,3,0.00,1,0,0,192,0.12,3,0,3,64,0.01,1,0,1,62,0.04,5,0,1,30,0.09,1,0,1,23,0.11,0,0,6,11,0.04,0,0,2,13,0.06,0,0,3,9,0.02,0,0,1,92,0.12,0,0,2,87,0.13,0,0,6,31,0.15,0,0,9,55,0.02,0,0,3,35,0.20,0,0,9,52,0.19,0,0,6,4,0.07,0,0,2,30,0.09,0,0,2,6,0.03,0,0,1,1,0.07,0,0,2,44,0.03,0,0,1,22,0.09,0,0,1,16,0.10,0,0,2,29,0.06,0,0,2,15,0.07,0,0,2,9,0.06,0,0,2,33,0.08,0,0,2,3,0.06,0,0,2,35,0.08,0,0,2,27,0.05,0,0,2,11,0.08,0,0,2,33,0.12,0,0,3,19,0.10,0,0,3,28,0.13,0,0,2,17,0.09,0,0,2,38,0.13,0,0,3,57,0.03,2,0,1
295,1371,61,0,18,0,0,0,1,IDLE,,1,PROTECTING,Field_1,1,PROTECTING,Field_2,1,PROTECTING,Field_9,1,IDLE,,1,IDLE,,1,PROTECTING,Field_6,1,IDLE,,1,IDLE,,1,PROTECTING,Field_3,1,IDLE,,1,PROTECTING,Field_2,1,IDLE,,1,PROTECTING,Field_4,1,IDLE,,1,IDLE,,1,PROTECTING,Field_6,1,PROTECTING,Field_40,1,PROTECTING,Field_8,1,PROTECTING,Field_8,1,PROTECTING,Field_6,1,IDLE,,1,PROTECTING,Field_8,1,PROTECTING,Field_8,1,PROTECTING,Field_8,1,IDLE,,1,IDLE,,1,IDLE,,1,IDLE,,1,IDLE,,1,IDLE,,1,IDLE,,1,IDLE,,1,IDLE,,1,PROTECTING,Field_7,1,IDLE,,1,IDLE,,1,IDLE,,1,PROTECTING,Field_5,1,PROTECTING,Field_40,1,IDLE,,1,IDLE,,1,IDLE,,1,IDLE,,1,IDLE,,1,IDLE,,1,IDLE,,1,IDLE,,1,IDLE,,1,IDLE,,1,IDLE,,1,IDLE,,1,IDLE,,1,IDLE,,1,IDLE,,1,IDLE,,1,IDLE,,1,IDLE,,1,IDLE,,1,IDLE,,1,IDLE,,1,IDLE,,1,IDLE,,1,IDLE,,1,IDLE,,1,IDLE,,1,IDLE,,1,IDLE,,1,IDLE,,1,IDLE,,1,IDLE,,1,IDLE,,1,IDLE,,1,IDLE,,1,IDLE,,1,IDLE,,1,IDLE,,1,IDLE,,1,IDLE,,60,0.13,1,0,8,36,0.10,2,0,2,38,0.08,1,0,1,0,0.00,1,0,0,3,0.00,1,0,0,192,0.12,3,0,3,64,0.01,1,0,1,62,0.04,5,0,1,30,0.10,1,0,1,23,0.11,0,0,6,11,0.06,0,0,2,13,0.06,0,0,3,9,0.02,0,0,1,93,0.12,0,0,2,87,0.13,0,0,6,31,0.15,0,0,9,55,0.03,0,0,3,35,0.20,0,0,9,52,0.18,0,0,6,4,0.07,0,0,2,30,0.09,0,0,2,6,0.03,0,0,1,1,0.08,0,0,2,44,0.03,0,0,1,22,0.09,0,0,1,16,0.09,0,0,2,29,0.06,0,0,2,15,0.04,0,0,2,9,0.06,0,0,2,33,0.09,0,0,2,3,0.06,0,0,2,35,0.08,0,0,2,27,0.05,0,0,2,11,0.07,0,0,2,33,0.13,0,0,3,19,0.10,0,0,3,28,0.13,0,0,2,17,0.09,0,0,2,38,0.13,0,0,3,57,0.03,2,0,1
296,1374,61,0,18,0,0,0,1,IDLE,,1,PROTECTING,Field_1,1,PROTECTING,Field_2,1,PROTECTING,Field_9,1,IDLE,,1,IDLE,,1,PROTECTING,Field_6,1,IDLE,,1,IDLE,,1,PROTECTING,Field_3,1,IDLE,,1,PROTECTING,Field_2,1,IDLE,,1,PROTECTING,Field_4,1,IDLE,,1,IDLE,,1,PROTECTING,Field_6,1,PROTECTING,Field_40,1,PROTECTING,Field_8,1,PROTECTING,Field_8,1,PROTECTING,Field_6,1,IDLE,,1,PROTECTING,Field_8,1,PROTECTING,Field_8,1,PROTECTING,Field_8,1,IDLE,,1,IDLE,,1,IDLE,,1,IDLE,,1,IDLE,,1,IDLE,,1,IDLE,,1,IDLE,,1,IDLE,,1,PROTECTING,Field_7,1,IDLE,,1,IDLE,,1,IDLE,,1,PROTECTING,Field_5,1,PROTECTING,Field_40,1,IDLE,,1,IDLE,,1,IDLE,,1,IDLE,,1,IDLE,,1,IDLE,,1,IDLE,,1,IDLE,,1,IDLE,,1,IDLE,,1,IDLE,,1,IDLE,,1,IDLE,,1,IDLE,,1,IDLE,,1,IDLE,,1,IDLE,,1,IDLE,,1,IDLE,,1,IDLE,,1,IDLE,,1,IDLE,,1,IDLE,,1,IDLE,,1,IDLE,,1,IDLE,,1,IDLE,,1,IDLE,,1,IDLE,,1,IDLE,,1,IDLE,,1,IDLE,,1,IDLE,,1,IDLE,,1,IDLE,,1,IDLE,,1,IDLE,,1,IDLE,,1,IDLE,,60,0.14,1,0,8,36,0.10,2,0,2,39,0.08,1,0,1,0,0.00,1,0,0,3,0.00,1,0,0,192,0.12,3,0,3,64,0.01,1,0,1,62,0.04,5,0,1,31,0.09,1,0,1,23,0.11,0,0,6,11,0.06,0,0,2,13,0.06,0,0,3,9,0.02,0,0,1,93,0.10,0,0,2,87,0.13,0,0,6,31,0.15,0,0,9,55,0.01,0,0,3,35,0.20,0,0,9,52,0.17,0,0,6,4,0.05,0,0,2,30,0.09,0,0,2,6,0.05,0,0,1,1,0.08,0,0,2,44,0.03,0,0,1,22,0.09,0,0,1,16,0.10,0,0,2,29,0.06,0,0,2,15,0.04,0,0,2,9,0.06,0,0,2,33,0.06,0,0,2,3,0.06,0,0,2,35,0.09,0,0,2,27,0.05,0,0,2,11,0.07,0,0,2,34,0.14,0,0,3,19,0.10,0,0,3,28,0.12,0,0,2,17,0.09,0,0,2,38,0.13,0,0,3,57,0.03,2,0,1
297,1375,61,0,18,0,0,0,1,IDLE,,1,PROTECTING,Field_1,1,PROTECTING,Field_2,1,PROTECTING,Field_9,1,IDLE,,1,IDLE,,1,PROTECTING,Field_6,1,IDLE,,1,IDLE,,1,PROTECTING,Field_3,1,IDLE,,1,PROTECTING,Field_2,1,IDLE,,1,PROTECTING,Field_4,1,IDLE,,1,IDLE,,1,PROTECTING,Field_6,1,PROTECTING,Field_40,1,PROTECTING,Field_8,1,PROTECTING,Field_8,1,PROTECTING,Field_6,1,IDLE,,1,PROTECTING,Field_8,1,PROTECTING,Field_8,1,PROTECTING,Field_8,1,IDLE,,1,IDLE,,1,IDLE,,1,IDLE,,1,IDLE,,1,IDLE,,1,IDLE,,1,IDLE,,1,IDLE,,1,PROTECTING,Field_7,1,IDLE,,1,IDLE,,1,IDLE,,1,PROTECTING,Field_5,1,PROTECTING,Field_40,1,IDLE,,1,IDLE,,1,IDLE,,1,IDLE,,1,IDLE,,1,IDLE,,1,IDLE,,1,IDLE,,1,IDLE,,1,IDLE,,1,IDLE,,1,IDLE,,1,IDLE,,1,IDLE,,1,IDLE,,1,IDLE,,1,IDLE,,1,IDLE,,1,IDLE,,1,IDLE,,1,IDLE,,1,IDLE,,1,IDLE,,1,IDLE,,1,IDLE,,1,IDLE,,1,IDLE,,1,IDLE,,1,IDLE,,1,IDLE,,1,IDLE,,1,IDLE,,1,IDLE,,1,IDLE,,1,IDLE,,1,IDLE,,1,IDLE,,1,IDLE,,1,IDLE,,60,0.14,1,0,8,37,0.09,2,0,2,39,0.08,1,0,1,0,0.00,1,0,0,3,0.00,1,0,0,192,0.12,3,0,3,64,0.01,1,0,1,62,0.04,5,0,1,31,0.09,1,0,1,23,0.11,0,0,6,11,0.06,0,0,2,13,0.07,0,0,3,9,0.02,0,0,1,93,0.08,0,0,2,87,0.12,0,0,6,31,0.14,0,0,9,55,0.01,0,0,3,35,0.19,0,0,9,52,0.16,0,0,6,4,0.05,0,0,2,30,0.09,0,0,2,6,0.07,0,0,1,1,0.08,0,0,2,44,0.03,0,0,1,22,0.07,0,0,1,16,0.10,0,0,2,29,0.06,0,0,2,15,0.04,0,0,2,9,0.06,0,0,2,33,0.06,0,0,2,3,0.06,0,0,2,35,0.09,0,0,2,27,0.05,0,0,2,11,0.08,0,0,2,34,0.14,0,0,3,19,0.10,0,0,3,28,0.12,0,0,2,17,0.07,0,0,2,38,0.13,0,0,3,57,0.03,2,0,1
298,1378,61,0,18,0,0,0,1,IDLE,,1,PROTECTING,Field_1,1,PROTECTING,Field_2,1,PROTECTING,Field_9,1,IDLE,,1,IDLE,,1,PROTECTING,Field_6,1,IDLE,,1,IDLE,,1,PROTECTING,Field_3,1,IDLE,,1,PROTECTING,Field_2,1,IDLE,,1,PROTECTING,Field_4,1,IDLE,,1,IDLE,,1,PROTECTING,Field_6,1,PROTECTING,Field_40,1,PROTECTING,Field_8,1,PROTECTING,Field_8,1,PROTECTING,Field_6,1,IDLE,,1,PROTECTING,Field_8,1,PROTECTING,Field_8,1,PROTECTING,Field_8,1,IDLE,,1,IDLE,,1,IDLE,,1,IDLE,,1,IDLE,,1,IDLE,,1,IDLE,,1,IDLE,,1,IDLE,,1,PROTECTING,Field_7,1,IDLE,,1,IDLE,,1,IDLE,,1,PROTECTING,Field_5,1,PROTECTING,Field_40,1,IDLE,,1,IDLE,,1,IDLE,,1,IDLE,,1,IDLE,,1,IDLE,,1,IDLE,,1,IDLE,,1,IDLE,,1,IDLE,,1,IDLE,,1,IDLE,,1,IDLE,,1,IDLE,,1,IDLE,,1,IDLE,,1,IDLE,,1,IDLE,,1,IDLE,,1,IDLE,,1,IDLE,,1,IDLE,,1,IDLE,,1,IDLE,,1,IDLE,,1,IDLE,,1,IDLE,,1,IDLE,,1,IDLE,,1,IDLE,,1,IDLE,,1,IDLE,,1,IDLE,,1,IDLE,,1,IDLE,,1,IDLE,,1,IDLE,,1,IDLE,,1,IDLE,,60,0.14,1,0,8,38,0.09,2,0,2,39,0.10,1,0,1,0,0.00,1,0,0,3,0.00,1,0,0,192,0.11,3,0,3,64,0.01,1,0,1,62,0.04,5,0,1,31,0.08,1,0,1,23,0.11,0,0,6,11,0.06,0,0,2,13,0.07,0,0,3,9,0.02,0,0,1,93,0.08,0,0,2,87,0.13,0,0,6,31,0.14,0,0,9,55,0.01,0,0,3,35,0.19,0,0,9,52,0.16,0,0,6,4,0.05,0,0,2,30,0.09,0,0,2,6,0.07,0,0,1,2,0.08,0,0,2,44,0.03,0,0,1,22,0.05,0,0,1,16,0.09,0,0,2,29,0.06,0,0,2,15,0.04,0,0,2,9,0.05,0,0,2,33,0.06,0,0,2,3,0.06,0,0,2,35,0.09,0,0,2,27,0.05,0,0,2,11,0.08,0,0,2,35,0.14,0,0,3,19,0.10,0,0,3,28,0.12,0,0,2,17,0.06,0,0,2,38,0.11,0,0,3,57,0.03,2,0,1
299,1380,61,0,18,0,0,0,1,IDLE,,1,PROTECTING,Field_1,1,PROTECTING,Field_2,1,PROTECTING,Field_9,1,IDLE,,1,IDLE,,1,PROTECTING,Field_6,1,IDLE,,1,IDLE,,1,PROTECTING,Field_3,1,IDLE,,1,PROTECTING,Field_2,1,IDLE,,1,PROTECTING,Field_4,1,IDLE,,1,IDLE,,1,PROTECTING,Field_6,1,PROTECTING,Field_40,1,PROTECTING,Field_8,1,PROTECTING,Field_8,1,PROTECTING,Field_6,1,IDLE,,1,PROTECTING,Field_8,1,PROTECTING,Field_8,1,PROTECTING,Field_8,1,IDLE,,1,IDLE,,1,IDLE,,1,IDLE,,1,IDLE,,1,IDLE,,1,IDLE,,1,IDLE,,1,IDLE,,1,PROTECTING,Field_7,1,IDLE,,1,IDLE,,1,IDLE,,1,PROTECTING,Field_5,1,PROTECTING,Field_40,1,IDLE,,1,IDLE,,1,IDLE,,1,IDLE,,1,IDLE,,1,IDLE,,1,IDLE,,1,IDLE,,1,IDLE,,1,IDLE,,1,IDLE,,1,IDLE,,1,IDLE,,1,IDLE,,1,IDLE,,1,IDLE,,1,IDLE,,1,IDLE,,1,IDLE,,1,IDLE,,1,IDLE,,1,IDLE,,1,IDLE,,1,IDLE,,1,IDLE,,1,IDLE,,1,IDLE,,1,IDLE,,1,IDLE,,1,IDLE,,1,IDLE,,1,IDLE,,1,IDLE,,1,IDLE,,1,IDLE,,1,IDLE,,1,IDLE,,1,IDLE,,1,IDLE,,60,0.14,1,0,8,38,0.10,2,0,2,40,0.09,1,0,1,0,0.00,1,0,0,3,0.00,1,0,0,193,0.10,3,0,3,64,0.01,1,0,1,62,0.04,5,0,1,31,0.05,1,0,1,23,0.11,0,0,6,11,0.04,0,0,2,13,0.08,0,0,3,9,0.03,0,0,1,93,0.08,0,0,2,87,0.13,0,0,6,31,0.14,0,0,9,55,0.01,0,0,3,35,0.18,0,0,9,52,0.16,0,0,6,4,0.05,0,0,2,30,0.09,0,0,2,6,0.05,0,0,1,2,0.08,0,0,2,44,0.03,0,0,1,22,0.05,0,0,1,16,0.09,0,0,2,29,0.07,0,0,2,15,0.04,0,0,2,9,0.05,0,0,2,33,0.08,0,0,2,3,0.06,0,0,2,35,0.08,0,0,2,27,0.05,0,0,2,11,0.10,0,0,2,35,0.14,0,0,3,19,0.10,0,0,3,28,0.12,0,0,2,17,0.06,0,0,2,38,0.11,0,0,3,57,0.04,2,0,1
300,1380,61,0,18,0,0,0,1,IDLE,,1,PROTECTING,Field_1,1,PROTECTING,Field_2,1,PROTECTING,Field_9,1,IDLE,,1,IDLE,,1,PROTECTING,Field_6,1,IDLE,,1,IDLE,,1,PROTECTING,Field_3,1,IDLE,,1,PROTECTING,Field_2,1,IDLE,,1,PROTECTING,Field_4,1,IDLE,,1,IDLE,,1,PROTECTING,Field_6,1,PROTECTING,Field_40,1,PROTECTING,Field_8,1,PROTECTING,Field_8,1,PROTECTING,Field_6,1,IDLE,,1,PROTECTING,Field_8,1,PROTECTING,Field_8,1,PROTECTING,Field_8,1,IDLE,,1,IDLE,,1,IDLE,,1,IDLE,,1,IDLE,,1,IDLE,,1,IDLE,,1,IDLE,,1,IDLE,,1,PROTECTING,Field_7,1,IDLE,,1,IDLE,,1,IDLE,,1,PROTECTING,Field_5,1,PROTECTING,Field_40,1,IDLE,,1,IDLE,,1,IDLE,,1,IDLE,,1,IDLE,,1,IDLE,,1,IDLE,,1,IDLE,,1,IDLE,,1,IDLE,,1,IDLE,,1,IDLE,,1,IDLE,,1,IDLE,,1,IDLE,,1,IDLE,,1,IDLE,,1,IDLE,,1,IDLE,,1,IDLE,,1,IDLE,,1,IDLE,,1,IDLE,,1,IDLE,,1,IDLE,,1,IDLE,,1,IDLE,,1,IDLE,,1,IDLE,,1,IDLE,,1,IDLE,,1,IDLE,,1,IDLE,,1,IDLE,,1,IDLE,,1,IDLE,,1,IDLE,,1,IDLE,,1,IDLE,,60,0.14,1,0,8,38,0.10,2,0,2,40,0.09,1,0,1,0,0.00,1,0,0,3,0.00,1,0,0,193,0.10,3,0,3,64,0.01,1,0,1,62,0.03,5,0,1,31,0.05,1,0,1,23,0.13,0,0,6,11,0.04,0,0,2,13,0.08,0,0,3,9,0.03,0,0,1,93,0.07,0,0,2,87,0.13,0,0,6,31,0.14,0,0,9,55,0.01,0,0,3,35,0.18,0,0,9,52,0.16,0,0,6,4,0.05,0,0,2,30,0.09,0,0,2,6,0.05,0,0,1,2,0.07,0,0,2,44,0.01,0,0,1,22,0.05,0,0,1,16,0.10,0,0,2,29,0.06,0,0,2,15,0.04,0,0,2,9,0.06,0,0,2,33,0.08,0,0,2,3,0.06,0,0,2,35,0.06,0,0,2,27,0.05,0,0,2,11,0.08,0,0,2,35,0.13,0,0,3,19,0.10,0,0,3,28,0.10,0,0,2,17,0.06,0,0,2,38,0.11,0,0,3,57,0.04,2,0,1
