step,damage,IDLE,CHARGING,PROTECTING,MOVING_TO_CHARGER,MOVING_TO_FIELD,TERMINATED,Drone_1_battery,Drone_1_state,Drone_1_target,Drone_2_battery,Drone_2_state,Drone_2_target,Drone_3_battery,Drone_3_state,Drone_3_target,Drone_4_battery,Drone_4_state,Drone_4_target,Drone_5_battery,Drone_5_state,Drone_5_target,Drone_6_battery,Drone_6_state,Drone_6_target,Drone_7_battery,Drone_7_state,Drone_7_target,Drone_8_battery,Drone_8_state,Drone_8_target,Drone_9_battery,Drone_9_state,Drone_9_target,Drone_10_battery,Drone_10_state,Drone_10_target,Drone_11_battery,Drone_11_state,Drone_11_target,Drone_12_battery,Drone_12_state,Drone_12_target,Drone_13_battery,Drone_13_state,Drone_13_target,Drone_14_battery,Drone_14_state,Drone_14_target,Drone_15_battery,Drone_15_state,Drone_15_target,Drone_16_battery,Drone_16_state,Drone_16_target,Drone_17_battery,Drone_17_state,Drone_17_target,Drone_18_battery,Drone_18_state,Drone_18_target,Drone_19_battery,Drone_19_state,Drone_19_target,Drone_20_battery,Drone_20_state,Drone_20_target,Drone_21_battery,Drone_21_state,Drone_21_target,Drone_22_battery,Drone_22_state,Drone_22_target,Drone_23_battery,Drone_23_state,Drone_23_target,Drone_24_battery,Drone_24_state,Drone_24_target,Drone_25_battery,Drone_25_state,Drone_25_target,Drone_26_battery,Drone_26_state,Drone_26_target,Drone_27_battery,Drone_27_state,Drone_27_target,Drone_28_battery,Drone_28_state,Drone_28_target,Drone_29_battery,Drone_29_state,Drone_29_target,Drone_30_battery,Drone_30_state,Drone_30_target,Drone_31_battery,Drone_31_state,Drone_31_target,Drone_32_battery,Drone_32_state,Drone_32_target,Drone_33_battery,Drone_33_state,Drone_33_target,Drone_34_battery,Drone_34_state,Drone_34_target,Drone_35_battery,Drone_35_state,Drone_35_target,Drone_36_battery,Drone_36_state,Drone_36_target,Drone_37_battery,Drone_37_state,Drone_37_target,Drone_38_battery,Drone_38_state,Drone_38_target,Drone_39_battery,Drone_39_state,Drone_39_target,Drone_40_battery,Drone_40_state,Drone_40_target,Field_1_damage,Field_1_threat_level,Field_1_protecting_drones,Field_1_arriving_drones,Field_1_drones_for_full_protection,Field_2_damage,Field_2_threat_level,Field_2_protecting_drones,Field_2_arriving_drones,Field_2_drones_for_full_protection,Field_3_damage,Field_3_threat_level,Field_3_protecting_drones,Field_3_arriving_drones,Field_3_drones_for_full_protection,Field_4_damage,Field_4_threat_level,Field_4_protecting_drones,Field_4_arriving_drones,Field_4_drones_for_full_protection,Field_5_damage,Field_5_threat_level,Field_5_protecting_drones,Field_5_arriving_drones,Field_5_drones_for_full_protection,Field_6_damage,Field_6_threat_level,Field_6_protecting_drones,Field_6_arriving_drones,Field_6_drones_for_full_protection,Field_7_damage,Field_7_threat_level,Field_7_protecting_drones,Field_7_arriving_drones,Field_7_drones_for_full_protection,Field_8_damage,Field_8_threat_level,Field_8_protecting_drones,Field_8_arriving_drones,Field_8_drones_for_full_protection,Field_9_damage,Field_9_threat_level,Field_9_protecting_drones,Field_9_arriving_drones,Field_9_drones_for_full_protection,Field_10_damage,Field_10_threat_level,Field_10_protecting_drones,Field_10_arriving_drones,Field_10_drones_for_full_protection,Field_11_damage,Field_11_threat_level,Field_11_protecting_drones,Field_11_arriving_drones,Field_11_drones_for_full_protection,Field_12_damage,Field_12_threat_level,Field_12_protecting_drones,Field_12_arriving_drones,Field_12_drones_for_full_protection,Field_13_damage,Field_13_threat_level,Field_13_protecting_drones,Field_13_arriving_drones,Field_13_drones_for_full_protection,Field_14_damage,Field_14_threat_level,Field_14_protecting_drones,Field_14_arriving_drones,Field_14_drones_for_full_protection,Field_15_damage,Field_15_threat_level,Field_15_protecting_drones,Field_15_arriving_drones,Field_15_drones_for_full_protection,Field_16_damage,Field_16_threat_level,Field_16_protecting_drones,Field_16_arriving_drones,Field_16_drones_for_full_protection,Field_17_damage,Field_17_threat_level,Field_17_protecting_drones,Field_17_arriving_drones,Field_17_drones_for_full_protection,Field_18_damage,Field_18_threat_level,Field_18_protecting_drones,Field_18_arriving_drones,Field_18_drones_for_full_protection,Field_19_damage,Field_19_threat_level,Field_19_protecting_drones,Field_19_arriving_drones,Field_19_drones_for_full_protection,Field_20_damage,Field_20_threat_level,Field_20_protecting_drones,Field_20_arriving_drones,Field_20_drones_for_full_protection
1,0,0,0,0,0,40,0,1,MOVING_TO_FIELD,Field_7,1,MOVING_TO_FIELD,Field_1,1,MOVING_TO_FIELD,Field_4,1,MOVING_TO_FIELD,Field_20,1,MOVING_TO_FIELD,Field_7,1,MOVING_TO_FIELD,Field_4,1,MOVING_TO_FIELD,Field_1,1,MOVING_TO_FIELD,Field_4,1,MOVING_TO_FIELD,Field_7,1,MOVING_TO_FIELD,Field_8,1,MOVING_TO_FIELD,Field_5,1,MOVING_TO_FIELD,Field_7,1,MOVING_TO_FIELD,Field_1,1,MOVING_TO_FIELD,Field_1,1,MOVING_TO_FIELD,Field_20,1,MOVING_TO_FIELD,Field_4,1,MOVING_TO_FIELD,Field_5,1,MOVING_TO_FIELD,Field_5,1,MOVING_TO_FIELD,Field_20,1,MOVING_TO_FIELD,Field_8,1,MOVING_TO_FIELD,Field_1,1,MOVING_TO_FIELD,Field_4,1,MOVING_TO_FIELD,Field_20,1,MOVING_TO_FIELD,Field_7,1,MOVING_TO_FIELD,Field_20,1,MOVING_TO_FIELD,Field_4,1,MOVING_TO_FIELD,Field_5,1,MOVING_TO_FIELD,Field_5,1,MOVING_TO_FIELD,Field_4,1,MOVING_TO_FIELD,Field_1,1,MOVING_TO_FIELD,Field_5,1,MOVING_TO_FIELD,Field_20,1,MOVING_TO_FIELD,Field_4,1,MOVING_TO_FIELD,Field_20,1,MOVING_TO_FIELD,Field_1,1,MOVING_TO_FIELD,Field_4,1,MOVING_TO_FIELD,Field_20,1,MOVING_TO_FIELD,Field_20,1,MOVING_TO_FIELD,Field_1,1,MOVING_TO_FIELD,Field_4,0,0.09,0,8,4,0,0.05,0,0,2,0,0.02,0,0,4,0,0.12,0,10,4,0,0.07,0,6,2,0,0.07,0,0,4,0,0.14,0,5,3,0,0.10,0,2,2,0,0.08,0,0,3,0,0.16,0,0,6,0,0.11,0,0,4,0,0.09,0,0,1,0,0.04,0,0,2,0,0.15,0,0,6,0,0.12,0,0,6,0,0.06,0,0,2,0,0.18,0,0,2,0,0.06,0,0,1,0,0.03,0,0,2,0,0.14,0,9,3
2,0,0,0,2,0,38,0,1,PROTECTING,Field_7,1,MOVING_TO_FIELD,Field_1,1,MOVING_TO_FIELD,Field_4,1,MOVING_TO_FIELD,Field_20,1,MOVING_TO_FIELD,Field_7,1,MOVING_TO_FIELD,Field_4,1,MOVING_TO_FIELD,Field_1,1,MOVING_TO_FIELD,Field_4,1,MOVING_TO_FIELD,Field_7,1,MOVING_TO_FIELD,Field_8,1,MOVING_TO_FIELD,Field_5,1,MOVING_TO_FIELD,Field_7,1,MOVING_TO_FIELD,Field_1,1,MOVING_TO_FIELD,Field_1,1,MOVING_TO_FIELD,Field_20,1,MOVING_TO_FIELD,Field_4,1,MOVING_TO_FIELD,Field_5,1,MOVING_TO_FIELD,Field_5,1,MOVING_TO_FIELD,Field_20,1,MOVING_TO_FIELD,Field_8,1,MOVING_TO_FIELD,Field_1,1,MOVING_TO_FIELD,Field_4,1,MOVING_TO_FIELD,Field_20,1,MOVING_TO_FIELD,Field_7,1,MOVING_TO_FIELD,Field_20,1,MOVING_TO_FIELD,Field_4,1,MOVING_TO_FIELD,Field_5,1,MOVING_TO_FIELD,Field_5,1,MOVING_TO_FIELD,Field_4,1,MOVING_TO_FIELD,Field_1,1,MOVING_TO_FIELD,Field_5,1,MOVING_TO_FIELD,Field_20,1,MOVING_TO_FIELD,Field_4,1,PROTECTING,Field_20,1,MOVING_TO_FIELD,Field_1,1,MOVING_TO_FIELD,Field_4,1,MOVING_TO_FIELD,Field_20,1,MOVING_TO_FIELD,Field_20,1,MOVING_TO_FIELD,Field_1,1,MOVING_TO_FIELD,Field_4,0,0.09,0,8,4,0,0.05,0,0,2,0,0.02,0,0,4,0,0.12,0,10,4,0,0.07,0,6,2,0,0.07,0,0,4,0,0.14,1,4,2,0,0.11,0,2,2,0,0.08,0,0,3,0,0.16,0,0,6,0,0.11,0,0,4,0,0.09,0,0,1,0,0.04,0,0,2,0,0.15,0,0,6,0,0.12,0,0,6,0,0.06,0,0,2,0,0.18,0,0,2,0,0.06,0,0,1,0,0.03,0,0,2,0,0.14,1,8,2
3,0,0,0,2,0,38,0,1,PROTECTING,Field_7,1,MOVING_TO_FIELD,Field_1,1,MOVING_TO_FIELD,Field_4,1,MOVING_TO_FIELD,Field_20,1,MOVING_TO_FIELD,Field_7,1,MOVING_TO_FIELD,Field_4,1,MOVING_TO_FIELD,Field_1,1,MOVING_TO_FIELD,Field_4,1,MOVING_TO_FIELD,Field_7,1,MOVING_TO_FIELD,Field_8,1,MOVING_TO_FIELD,Field_5,1,MOVING_TO_FIELD,Field_7,1,MOVING_TO_FIELD,Field_1,1,MOVING_TO_FIELD,Field_1,1,MOVING_TO_FIELD,Field_20,1,MOVING_TO_FIELD,Field_4,1,MOVING_TO_FIELD,Field_5,1,MOVING_TO_FIELD,Field_5,1,MOVING_TO_FIELD,Field_20,1,MOVING_TO_FIELD,Field_8,1,MOVING_TO_FIELD,Field_1,1,MOVING_TO_FIELD,Field_4,1,MOVING_TO_FIELD,Field_20,1,MOVING_TO_FIELD,Field_7,1,MOVING_TO_FIELD,Field_20,1,MOVING_TO_FIELD,Field_4,1,MOVING_TO_FIELD,Field_5,1,MOVING_TO_FIELD,Field_5,1,MOVING_TO_FIELD,Field_4,1,MOVING_TO_FIELD,Field_1,1,MOVING_TO_FIELD,Field_5,1,MOVING_TO_FIELD,Field_20,1,MOVING_TO_FIELD,Field_4,1,PROTECTING,Field_20,1,MOVING_TO_FIELD,Field_1,1,MOVING_TO_FIELD,Field_4,1,MOVING_TO_FIELD,Field_20,1,MOVING_TO_FIELD,Field_20,1,MOVING_TO_FIELD,Field_1,1,MOVING_TO_FIELD,Field_4,0,0.09,0,8,4,0,0.05,0,0,2,0,0.02,0,0,4,0,0.12,0,10,4,0,0.05,0,6,2,0,0.09,0,0,4,0,0.14,1,4,2,0,0.10,0,2,2,0,0.07,0,0,3,0,0.16,0,0,6,0,0.11,0,0,4,0,0.09,0,0,1,0,0.04,0,0,2,0,0.15,0,0,6,0,0.12,0,0,6,0,0.06,0,0,2,0,0.20,0,0,2,0,0.06,0,0,1,0,0.03,0,0,2,0,0.14,1,8,2
4,0,0,0,2,0,38,0,1,PROTECTING,Field_7,1,MOVING_TO_FIELD,Field_1,1,MOVING_TO_FIELD,Field_4,1,MOVING_TO_FIELD,Field_20,1,MOVING_TO_FIELD,Field_7,1,MOVING_TO_FIELD,Field_4,1,MOVING_TO_FIELD,Field_1,1,MOVING_TO_FIELD,Field_4,1,MOVING_TO_FIELD,Field_7,1,MOVING_TO_FIELD,Field_8,1,MOVING_TO_FIELD,Field_5,1,MOVING_TO_FIELD,Field_7,1,MOVING_TO_FIELD,Field_1,1,MOVING_TO_FIELD,Field_1,1,MOVING_TO_FIELD,Field_20,1,MOVING_TO_FIELD,Field_4,1,MOVING_TO_FIELD,Field_5,1,MOVING_TO_FIELD,Field_5,1,MOVING_TO_FIELD,Field_20,1,MOVING_TO_FIELD,Field_8,1,MOVING_TO_FIELD,Field_1,1,MOVING_TO_FIELD,Field_4,1,MOVING_TO_FIELD,Field_20,1,MOVING_TO_FIELD,Field_7,1,MOVING_TO_FIELD,Field_20,1,MOVING_TO_FIELD,Field_4,1,MOVING_TO_FIELD,Field_5,1,MOVING_TO_FIELD,Field_5,1,MOVING_TO_FIELD,Field_4,1,MOVING_TO_FIELD,Field_1,1,MOVING_TO_FIELD,Field_5,1,MOVING_TO_FIELD,Field_20,1,MOVING_TO_FIELD,Field_4,1,PROTECTING,Field_20,1,MOVING_TO_FIELD,Field_1,1,MOVING_TO_FIELD,Field_4,1,MOVING_TO_FIELD,Field_20,1,MOVING_TO_FIELD,Field_20,1,MOVING_TO_FIELD,Field_1,1,MOVING_TO_FIELD,Field_4,0,0.08,0,8,4,0,0.05,0,0,2,0,0.02,0,0,4,0,0.12,0,10,4,0,0.05,0,6,2,0,0.09,0,0,4,0,0.14,1,4,2,0,0.10,0,2,2,0,0.08,0,0,3,0,0.16,0,0,6,0,0.11,0,0,4,0,0.09,0,0,1,0,0.04,0,0,2,0,0.18,0,0,6,0,0.12,0,0,6,0,0.06,0,0,2,0,0.20,0,0,2,0,0.06,0,0,1,0,0.03,0,0,2,0,0.14,1,8,2
5,0,0,0,3,0,37,0,1,PROTECTING,Field_7,1,MOVING_TO_FIELD,Field_1,1,MOVING_TO_FIELD,Field_4,1,MOVING_TO_FIELD,Field_20,1,MOVING_TO_FIELD,Field_7,1,MOVING_TO_FIELD,Field_4,1,MOVING_TO_FIELD,Field_1,1,MOVING_TO_FIELD,Field_4,1,MOVING_TO_FIELD,Field_7,1,MOVING_TO_FIELD,Field_8,1,MOVING_TO_FIELD,Field_5,1,MOVING_TO_FIELD,Field_7,1,MOVING_TO_FIELD,Field_1,1,MOVING_TO_FIELD,Field_1,1,MOVING_TO_FIELD,Field_20,1,MOVING_TO_FIELD,Field_4,1,MOVING_TO_FIELD,Field_5,1,MOVING_TO_FIELD,Field_5,1,PROTECTING,Field_20,1,MOVING_TO_FIELD,Field_8,1,MOVING_TO_FIELD,Field_1,1,MOVING_TO_FIELD,Field_4,1,MOVING_TO_FIELD,Field_20,1,MOVING_TO_FIELD,Field_7,1,MOVING_TO_FIELD,Field_20,1,MOVING_TO_FIELD,Field_4,1,MOVING_TO_FIELD,Field_5,1,MOVING_TO_FIELD,Field_5,1,MOVING_TO_FIELD,Field_4,1,MOVING_TO_FIELD,Field_1,1,MOVING_TO_FIELD,Field_5,1,MOVING_TO_FIELD,Field_20,1,MOVING_TO_FIELD,Field_4,1,PROTECTING,Field_20,1,MOVING_TO_FIELD,Field_1,1,MOVING_TO_FIELD,Field_4,1,MOVING_TO_FIELD,Field_20,1,MOVING_TO_FIELD,Field_20,1,MOVING_TO_FIELD,Field_1,1,MOVING_TO_FIELD,Field_4,0,0.08,0,8,4,0,0.07,0,0,2,0,0.03,0,0,4,0,0.13,0,10,4,0,0.05,0,6,2,0,0.09,0,0,4,0,0.13,1,4,2,0,0.11,0,2,2,0,0.09,0,0,3,0,0.18,0,0,6,0,0.11,0,0,4,0,0.09,0,0,1,0,0.04,0,0,2,0,0.18,0,0,6,0,0.12,0,0,6,0,0.06,0,0,2,0,0.20,0,0,2,0,0.06,0,0,1,0,0.05,0,0,2,0,0.14,2,7,1
6,0,0,0,4,0,36,0,1,PROTECTING,Field_7,1,MOVING_TO_FIELD,Field_1,1,MOVING_TO_FIELD,Field_4,1,MOVING_TO_FIELD,Field_20,1,MOVING_TO_FIELD,Field_7,1,MOVING_TO_FIELD,Field_4,1,MOVING_TO_FIELD,Field_1,1,MOVING_TO_FIELD,Field_4,1,MOVING_TO_FIELD,Field_7,1,MOVING_TO_FIELD,Field_8,1,MOVING_TO_FIELD,Field_5,1,MOVING_TO_FIELD,Field_7,1,MOVING_TO_FIELD,Field_1,1,MOVING_TO_FIELD,Field_1,1,MOVING_TO_FIELD,Field_20,1,MOVING_TO_FIELD,Field_4,1,MOVING_TO_FIELD,Field_5,1,MOVING_TO_FIELD,Field_5,1,PROTECTING,Field_20,1,MOVING_TO_FIELD,Field_8,1,MOVING_TO_FIELD,Field_1,1,MOVING_TO_FIELD,Field_4,1,MOVING_TO_FIELD,Field_20,1,MOVING_TO_FIELD,Field_7,1,MOVING_TO_FIELD,Field_20,1,MOVING_TO_FIELD,Field_4,1,MOVING_TO_FIELD,Field_5,1,MOVING_TO_FIELD,Field_5,1,MOVING_TO_FIELD,Field_4,1,MOVING_TO_FIELD,Field_1,1,MOVING_TO_FIELD,Field_5,1,MOVING_TO_FIELD,Field_20,1,MOVING_TO_FIELD,Field_4,1,PROTECTING,Field_20,1,MOVING_TO_FIELD,Field_1,1,MOVING_TO_FIELD,Field_4,1,MOVING_TO_FIELD,Field_20,1,MOVING_TO_FIELD,Field_20,1,MOVING_TO_FIELD,Field_1,1,PROTECTING,Field_4,0,0.08,0,8,4,0,0.08,0,0,2,0,0.03,0,0,4,0,0.11,1,9,3,0,0.06,0,6,2,0,0.10,0,0,4,0,0.13,1,4,2,0,0.11,0,2,2,0,0.09,0,0,3,0,0.18,0,0,6,0,0.12,0,0,4,0,0.15,0,0,1,0,0.04,0,0,2,0,0.18,0,0,6,0,0.11,0,0,6,0,0.06,0,0,2,0,0.21,0,0,2,0,0.06,0,0,1,0,0.05,0,0,2,0,0.14,2,7,1
7,0,0,0,5,0,35,0,1,PROTECTING,Field_7,1,MOVING_TO_FIELD,Field_1,1,MOVING_TO_FIELD,Field_4,1,MOVING_TO_FIELD,Field_20,1,MOVING_TO_FIELD,Field_7,1,MOVING_TO_FIELD,Field_4,1,MOVING_TO_FIELD,Field_1,1,MOVING_TO_FIELD,Field_4,1,MOVING_TO_FIELD,Field_7,1,MOVING_TO_FIELD,Field_8,1,MOVING_TO_FIELD,Field_5,1,MOVING_TO_FIELD,Field_7,1,MOVING_TO_FIELD,Field_1,1,MOVING_TO_FIELD,Field_1,1,MOVING_TO_FIELD,Field_20,1,MOVING_TO_FIELD,Field_4,1,MOVING_TO_FIELD,Field_5,1,MOVING_TO_FIELD,Field_5,1,PROTECTING,Field_20,1,MOVING_TO_FIELD,Field_8,1,MOVING_TO_FIELD,Field_1,1,MOVING_TO_FIELD,Field_4,1,MOVING_TO_FIELD,Field_20,1,MOVING_TO_FIELD,Field_7,1,MOVING_TO_FIELD,Field_20,1,PROTECTING,Field_4,1,MOVING_TO_FIELD,Field_5,1,MOVING_TO_FIELD,Field_5,1,MOVING_TO_FIELD,Field_4,1,MOVING_TO_FIELD,Field_1,1,MOVING_TO_FIELD,Field_5,1,MOVING_TO_FIELD,Field_20,1,MOVING_TO_FIELD,Field_4,1,PROTECTING,Field_20,1,MOVING_TO_FIELD,Field_1,1,MOVING_TO_FIELD,Field_4,1,MOVING_TO_FIELD,Field_20,1,MOVING_TO_FIELD,Field_20,1,MOVING_TO_FIELD,Field_1,1,PROTECTING,Field_4,0,0.07,0,8,4,0,0.08,0,0,2,0,0.03,0,0,4,0,0.11,2,8,2,0,0.06,0,6,2,0,0.10,0,0,4,0,0.14,1,4,2,0,0.11,0,2,2,0,0.12,0,0,3,0,0.17,0,0,6,0,0.17,0,0,4,0,0.21,0,0,1,0,0.04,0,0,2,0,0.18,0,0,6,0,0.11,0,0,6,0,0.06,0,0,2,0,0.21,0,0,2,0,0.09,0,0,1,0,0.05,0,0,2,0,0.14,2,7,1
8,0,0,0,8,0,32,0,1,PROTECTING,Field_7,1,MOVING_TO_FIELD,Field_1,1,MOVING_TO_FIELD,Field_4,1,MOVING_TO_FIELD,Field_20,1,MOVING_TO_FIELD,Field_7,1,PROTECTING,Field_4,1,MOVING_TO_FIELD,Field_1,1,MOVING_TO_FIELD,Field_4,1,PROTECTING,Field_7,1,MOVING_TO_FIELD,Field_8,1,MOVING_TO_FIELD,Field_5,1,MOVING_TO_FIELD,Field_7,1,MOVING_TO_FIELD,Field_1,1,MOVING_TO_FIELD,Field_1,1,MOVING_TO_FIELD,Field_20,1,MOVING_TO_FIELD,Field_4,1,MOVING_TO_FIELD,Field_5,1,MOVING_TO_FIELD,Field_5,1,PROTECTING,Field_20,1,MOVING_TO_FIELD,Field_8,1,MOVING_TO_FIELD,Field_1,1,MOVING_TO_FIELD,Field_4,1,MOVING_TO_FIELD,Field_20,1,PROTECTING,Field_7,1,MOVING_TO_FIELD,Field_20,1,PROTECTING,Field_4,1,MOVING_TO_FIELD,Field_5,1,MOVING_TO_FIELD,Field_5,1,MOVING_TO_FIELD,Field_4,1,MOVING_TO_FIELD,Field_1,1,MOVING_TO_FIELD,Field_5,1,MOVING_TO_FIELD,Field_20,1,MOVING_TO_FIELD,Field_4,1,PROTECTING,Field_20,1,MOVING_TO_FIELD,Field_1,1,MOVING_TO_FIELD,Field_4,1,MOVING_TO_FIELD,Field_20,1,MOVING_TO_FIELD,Field_20,1,MOVING_TO_FIELD,Field_1,1,PROTECTING,Field_4,0,0.08,0,8,4,0,0.09,0,0,2,0,0.03,0,0,4,0,0.12,3,7,1,0,0.06,0,6,2,0,0.10,0,0,4,0,0.14,3,2,0,0,0.11,0,2,2,0,0.12,0,0,3,0,0.17,0,0,6,0,0.16,0,0,4,0,0.24,0,0,1,0,0.04,0,0,2,0,0.25,0,0,6,0,0.13,0,0,6,0,0.07,0,0,2,0,0.21,0,0,2,0,0.09,0,0,1,0,0.03,0,0,2,0,0.12,2,7,1
9,0,0,0,9,0,31,0,1,PROTECTING,Field_7,1,MOVING_TO_FIELD,Field_1,1,MOVING_TO_FIELD,Field_4,1,MOVING_TO_FIELD,Field_20,1,MOVING_TO_FIELD,Field_7,1,PROTECTING,Field_4,1,MOVING_TO_FIELD,Field_1,1,MOVING_TO_FIELD,Field_4,1,PROTECTING,Field_7,1,MOVING_TO_FIELD,Field_8,1,MOVING_TO_FIELD,Field_5,1,MOVING_TO_FIELD,Field_7,1,MOVING_TO_FIELD,Field_1,1,MOVING_TO_FIELD,Field_1,1,MOVING_TO_FIELD,Field_20,1,MOVING_TO_FIELD,Field_4,1,MOVING_TO_FIELD,Field_5,1,MOVING_TO_FIELD,Field_5,1,PROTECTING,Field_20,1,MOVING_TO_FIELD,Field_8,1,MOVING_TO_FIELD,Field_1,1,MOVING_TO_FIELD,Field_4,1,MOVING_TO_FIELD,Field_20,1,PROTECTING,Field_7,1,MOVING_TO_FIELD,Field_20,1,PROTECTING,Field_4,1,MOVING_TO_FIELD,Field_5,1,MOVING_TO_FIELD,Field_5,1,MOVING_TO_FIELD,Field_4,1,MOVING_TO_FIELD,Field_1,1,MOVING_TO_FIELD,Field_5,1,MOVING_TO_FIELD,Field_20,1,PROTECTING,Field_4,1,PROTECTING,Field_20,1,MOVING_TO_FIELD,Field_1,1,MOVING_TO_FIELD,Field_4,1,MOVING_TO_FIELD,Field_20,1,MOVING_TO_FIELD,Field_20,1,MOVING_TO_FIELD,Field_1,1,PROTECTING,Field_4,0,0.08,0,8,4,0,0.10,0,0,2,0,0.02,0,0,4,0,0.12,4,6,0,0,0.06,0,6,2,0,0.10,0,0,4,0,0.14,3,2,0,0,0.10,0,2,2,0,0.12,0,0,3,0,0.17,0,0,6,0,0.16,0,0,4,0,0.27,0,0,1,0,0.02,0,0,2,0,0.25,0,0,6,0,0.13,0,0,6,0,0.09,0,0,2,0,0.25,0,0,2,0,0.13,0,0,1,0,0.05,0,0,2,0,0.10,2,7,1
10,1,0,0,10,0,30,0,1,PROTECTING,Field_7,1,MOVING_TO_FIELD,Field_1,1,MOVING_TO_FIELD,Field_4,1,MOVING_TO_FIELD,Field_20,1,MOVING_TO_FIELD,Field_7,1,PROTECTING,Field_4,1,PROTECTING,Field_1,1,MOVING_TO_FIELD,Field_4,1,PROTECTING,Field_7,1,MOVING_TO_FIELD,Field_8,1,MOVING_TO_FIELD,Field_5,1,MOVING_TO_FIELD,Field_7,1,MOVING_TO_FIELD,Field_1,1,MOVING_TO_FIELD,Field_1,1,MOVING_TO_FIELD,Field_20,1,MOVING_TO_FIELD,Field_4,1,MOVING_TO_FIELD,Field_5,1,MOVING_TO_FIELD,Field_5,1,PROTECTING,Field_20,1,MOVING_TO_FIELD,Field_8,1,MOVING_TO_FIELD,Field_1,1,MOVING_TO_FIELD,Field_4,1,MOVING_TO_FIELD,Field_20,1,PROTECTING,Field_7,1,MOVING_TO_FIELD,Field_20,1,PROTECTING,Field_4,1,MOVING_TO_FIELD,Field_5,1,MOVING_TO_FIELD,Field_5,1,MOVING_TO_FIELD,Field_4,1,MOVING_TO_FIELD,Field_1,1,MOVING_TO_FIELD,Field_5,1,MOVING_TO_FIELD,Field_20,1,PROTECTING,Field_4,1,PROTECTING,Field_20,1,MOVING_TO_FIELD,Field_1,1,MOVING_TO_FIELD,Field_4,1,MOVING_TO_FIELD,Field_20,1,MOVING_TO_FIELD,Field_20,1,MOVING_TO_FIELD,Field_1,1,PROTECTING,Field_4,0,0.08,1,7,3,0,0.11,0,0,2,0,0.02,0,0,4,0,0.12,4,6,0,0,0.09,0,6,2,0,0.10,0,0,4,0,0.15,3,2,0,0,0.10,0,2,2,0,0.12,0,0,3,0,0.15,0,0,6,0,0.14,0,0,4,0,0.24,0,0,1,0,0.04,0,0,2,0,0.27,0,0,6,0,0.12,0,0,6,0,0.09,0,0,2,1,0.26,0,0,2,0,0.13,0,0,1,0,0.05,0,0,2,0,0.10,2,7,1
11,1,2,0,2,0,36,0,1,PROTECTING,Field_7,1,MOVING_TO_FIELD,Field_8,1,MOVING_TO_FIELD,Field_4,1,MOVING_TO_FIELD,Field_1,1,MOVING_TO_FIELD,Field_20,1,MOVING_TO_FIELD,Field_2,1,MOVING_TO_FIELD,Field_5,1,MOVING_TO_FIELD,Field_4,1,PROTECTING,Field_7,1,MOVING_TO_FIELD,Field_2,1,MOVING_TO_FIELD,Field_9,1,MOVING_TO_FIELD,Field_7,1,MOVING_TO_FIELD,Field_4,1,MOVING_TO_FIELD,Field_4,1,MOVING_TO_FIELD,Field_7,1,MOVING_TO_FIELD,Field_4,1,MOVING_TO_FIELD,Field_5,1,MOVING_TO_FIELD,Field_1,1,MOVING_TO_FIELD,Field_1,1,MOVING_TO_FIELD,Field_4,1,MOVING_TO_FIELD,Field_9,1,MOVING_TO_FIELD,Field_5,1,MOVING_TO_FIELD,Field_20,1,MOVING_TO_FIELD,Field_9,1,MOVING_TO_FIELD,Field_4,1,MOVING_TO_FIELD,Field_20,1,MOVING_TO_FIELD,Field_5,1,MOVING_TO_FIELD,Field_5,1,MOVING_TO_FIELD,Field_4,1,MOVING_TO_FIELD,Field_4,1,MOVING_TO_FIELD,Field_1,1,MOVING_TO_FIELD,Field_20,1,MOVING_TO_FIELD,Field_7,1,IDLE,,1,MOVING_TO_FIELD,Field_4,1,MOVING_TO_FIELD,Field_2,1,IDLE,,1,MOVING_TO_FIELD,Field_20,1,MOVING_TO_FIELD,Field_5,1,MOVING_TO_FIELD,Field_20,0,0.08,0,4,4,0,0.10,0,3,2,0,0.02,0,0,4,0,0.13,0,10,4,0,0.11,0,6,2,0,0.10,0,0,4,0,0.15,2,3,1,0,0.10,0,1,2,0,0.13,0,3,3,0,0.15,0,0,6,0,0.16,0,0,4,0,0.24,0,0,1,0,0.05,0,0,2,0,0.30,0,0,6,0,0.13,0,0,6,0,0.06,0,0,2,1,0.26,0,0,2,0,0.13,0,0,1,0,0.05,0,0,2,0,0.10,0,6,3
12,2,2,0,2,0,36,0,1,PROTECTING,Field_7,1,MOVING_TO_FIELD,Field_8,1,MOVING_TO_FIELD,Field_4,1,MOVING_TO_FIELD,Field_1,1,MOVING_TO_FIELD,Field_20,1,MOVING_TO_FIELD,Field_2,1,MOVING_TO_FIELD,Field_5,1,MOVING_TO_FIELD,Field_4,1,PROTECTING,Field_7,1,MOVING_TO_FIELD,Field_2,1,MOVING_TO_FIELD,Field_9,1,MOVING_TO_FIELD,Field_7,1,MOVING_TO_FIELD,Field_4,1,MOVING_TO_FIELD,Field_4,1,MOVING_TO_FIELD,Field_7,1,MOVING_TO_FIELD,Field_4,1,MOVING_TO_FIELD,Field_5,1,MOVING_TO_FIELD,Field_1,1,MOVING_TO_FIELD,Field_1,1,MOVING_TO_FIELD,Field_4,1,MOVING_TO_FIELD,Field_9,1,MOVING_TO_FIELD,Field_5,1,MOVING_TO_FIELD,Field_20,1,MOVING_TO_FIELD,Field_9,1,MOVING_TO_FIELD,Field_4,1,MOVING_TO_FIELD,Field_20,1,MOVING_TO_FIELD,Field_5,1,MOVING_TO_FIELD,Field_5,1,MOVING_TO_FIELD,Field_4,1,MOVING_TO_FIELD,Field_4,1,MOVING_TO_FIELD,Field_1,1,MOVING_TO_FIELD,Field_20,1,MOVING_TO_FIELD,Field_7,1,IDLE,,1,MOVING_TO_FIELD,Field_4,1,MOVING_TO_FIELD,Field_2,1,IDLE,,1,MOVING_TO_FIELD,Field_20,1,MOVING_TO_FIELD,Field_5,1,MOVING_TO_FIELD,Field_20,0,0.08,0,4,4,0,0.10,0,3,2,0,0.03,0,0,4,0,0.13,0,10,4,0,0.12,0,6,2,0,0.12,0,0,4,0,0.16,2,3,1,0,0.10,0,1,2,0,0.15,0,3,3,0,0.16,0,0,6,0,0.18,0,0,4,1,0.30,0,0,1,0,0.05,0,0,2,0,0.31,0,0,6,0,0.13,0,0,6,0,0.05,0,0,2,1,0.26,0,0,2,0,0.13,0,0,1,0,0.05,0,0,2,0,0.10,0,6,3
13,2,2,0,3,0,35,0,1,PROTECTING,Field_7,1,MOVING_TO_FIELD,Field_8,1,MOVING_TO_FIELD,Field_4,1,MOVING_TO_FIELD,Field_1,1,MOVING_TO_FIELD,Field_20,1,MOVING_TO_FIELD,Field_2,1,MOVING_TO_FIELD,Field_5,1,MOVING_TO_FIELD,Field_4,1,PROTECTING,Field_7,1,MOVING_TO_FIELD,Field_2,1,MOVING_TO_FIELD,Field_9,1,MOVING_TO_FIELD,Field_7,1,MOVING_TO_FIELD,Field_4,1,MOVING_TO_FIELD,Field_4,1,PROTECTING,Field_7,1,MOVING_TO_FIELD,Field_4,1,MOVING_TO_FIELD,Field_5,1,MOVING_TO_FIELD,Field_1,1,MOVING_TO_FIELD,Field_1,1,MOVING_TO_FIELD,Field_4,1,MOVING_TO_FIELD,Field_9,1,MOVING_TO_FIELD,Field_5,1,MOVING_TO_FIELD,Field_20,1,MOVING_TO_FIELD,Field_9,1,MOVING_TO_FIELD,Field_4,1,MOVING_TO_FIELD,Field_20,1,MOVING_TO_FIELD,Field_5,1,MOVING_TO_FIELD,Field_5,1,MOVING_TO_FIELD,Field_4,1,MOVING_TO_FIELD,Field_4,1,MOVING_TO_FIELD,Field_1,1,MOVING_TO_FIELD,Field_20,1,MOVING_TO_FIELD,Field_7,1,IDLE,,1,MOVING_TO_FIELD,Field_4,1,MOVING_TO_FIELD,Field_2,1,IDLE,,1,MOVING_TO_FIELD,Field_20,1,MOVING_TO_FIELD,Field_5,1,MOVING_TO_FIELD,Field_20,0,0.09,0,4,4,0,0.11,0,3,2,0,0.04,0,0,4,0,0.13,0,10,4,0,0.14,0,6,2,0,0.11,0,0,4,0,0.16,3,2,0,0,0.10,0,1,2,0,0.12,0,3,3,0,0.17,0,0,6,0,0.18,0,0,4,1,0.30,0,0,1,0,0.07,0,0,2,0,0.34,0,0,6,0,0.16,0,0,6,0,0.06,0,0,2,1,0.26,0,0,2,0,0.13,0,0,1,0,0.05,0,0,2,0,0.10,0,6,3
14,2,2,0,4,0,34,0,1,PROTECTING,Field_7,1,MOVING_TO_FIELD,Field_8,1,MOVING_TO_FIELD,Field_4,1,MOVING_TO_FIELD,Field_1,1,MOVING_TO_FIELD,Field_20,1,MOVING_TO_FIELD,Field_2,1,MOVING_TO_FIELD,Field_5,1,MOVING_TO_FIELD,Field_4,1,PROTECTING,Field_7,1,MOVING_TO_FIELD,Field_2,1,MOVING_TO_FIELD,Field_9,1,MOVING_TO_FIELD,Field_7,1,MOVING_TO_FIELD,Field_4,1,MOVING_TO_FIELD,Field_4,1,PROTECTING,Field_7,1,MOVING_TO_FIELD,Field_4,1,MOVING_TO_FIELD,Field_5,1,MOVING_TO_FIELD,Field_1,1,MOVING_TO_FIELD,Field_1,1,MOVING_TO_FIELD,Field_4,1,MOVING_TO_FIELD,Field_9,1,MOVING_TO_FIELD,Field_5,1,MOVING_TO_FIELD,Field_20,1,MOVING_TO_FIELD,Field_9,1,MOVING_TO_FIELD,Field_4,1,MOVING_TO_FIELD,Field_20,1,MOVING_TO_FIELD,Field_5,1,PROTECTING,Field_5,1,MOVING_TO_FIELD,Field_4,1,MOVING_TO_FIELD,Field_4,1,MOVING_TO_FIELD,Field_1,1,MOVING_TO_FIELD,Field_20,1,MOVING_TO_FIELD,Field_7,1,IDLE,,1,MOVING_TO_FIELD,Field_4,1,MOVING_TO_FIELD,Field_2,1,IDLE,,1,MOVING_TO_FIELD,Field_20,1,MOVING_TO_FIELD,Field_5,1,MOVING_TO_FIELD,Field_20,0,0.08,0,4,4,0,0.11,0,3,2,0,0.07,0,0,4,0,0.16,0,10,4,0,0.12,1,5,1,0,0.11,0,0,4,0,0.16,3,2,0,0,0.10,0,1,2,0,0.13,0,3,3,0,0.18,0,0,6,0,0.18,0,0,4,1,0.30,0,0,1,0,0.07,0,0,2,0,0.32,0,0,6,0,0.17,0,0,6,0,0.06,0,0,2,1,0.26,0,0,2,0,0.13,0,0,1,0,0.05,0,0,2,0,0.16,0,6,3
15,3,2,0,4,0,34,0,1,PROTECTING,Field_7,1,MOVING_TO_FIELD,Field_8,1,MOVING_TO_FIELD,Field_4,1,MOVING_TO_FIELD,Field_1,1,MOVING_TO_FIELD,Field_20,1,MOVING_TO_FIELD,Field_2,1,MOVING_TO_FIELD,Field_5,1,MOVING_TO_FIELD,Field_4,1,PROTECTING,Field_7,1,MOVING_TO_FIELD,Field_2,1,MOVING_TO_FIELD,Field_9,1,MOVING_TO_FIELD,Field_7,1,MOVING_TO_FIELD,Field_4,1,MOVING_TO_FIELD,Field_4,1,PROTECTING,Field_7,1,MOVING_TO_FIELD,Field_4,1,MOVING_TO_FIELD,Field_5,1,MOVING_TO_FIELD,Field_1,1,MOVING_TO_FIELD,Field_1,1,MOVING_TO_FIELD,Field_4,1,MOVING_TO_FIELD,Field_9,1,MOVING_TO_FIELD,Field_5,1,MOVING_TO_FIELD,Field_20,1,MOVING_TO_FIELD,Field_9,1,MOVING_TO_FIELD,Field_4,1,MOVING_TO_FIELD,Field_20,1,MOVING_TO_FIELD,Field_5,1,PROTECTING,Field_5,1,MOVING_TO_FIELD,Field_4,1,MOVING_TO_FIELD,Field_4,1,MOVING_TO_FIELD,Field_1,1,MOVING_TO_FIELD,Field_20,1,MOVING_TO_FIELD,Field_7,1,IDLE,,1,MOVING_TO_FIELD,Field_4,1,MOVING_TO_FIELD,Field_2,1,IDLE,,1,MOVING_TO_FIELD,Field_20,1,MOVING_TO_FIELD,Field_5,1,MOVING_TO_FIELD,Field_20,0,0.08,0,4,4,0,0.11,0,3,2,0,0.07,0,0,4,0,0.16,0,10,4,0,0.12,1,5,1,0,0.11,0,0,4,0,0.16,3,2,0,0,0.11,0,1,2,0,0.15,0,3,3,0,0.18,0,0,6,0,0.18,0,0,4,1,0.30,0,0,1,0,0.07,0,0,2,0,0.34,0,0,6,0,0.18,0,0,6,0,0.06,0,0,2,2,0.28,0,0,2,0,0.13,0,0,1,0,0.05,0,0,2,0,0.18,0,6,3
16,4,2,0,5,0,33,0,1,PROTECTING,Field_7,1,MOVING_TO_FIELD,Field_8,1,MOVING_TO_FIELD,Field_4,1,MOVING_TO_FIELD,Field_1,1,MOVING_TO_FIELD,Field_20,1,MOVING_TO_FIELD,Field_2,1,MOVING_TO_FIELD,Field_5,1,MOVING_TO_FIELD,Field_4,1,PROTECTING,Field_7,1,MOVING_TO_FIELD,Field_2,1,PROTECTING,Field_9,1,MOVING_TO_FIELD,Field_7,1,MOVING_TO_FIELD,Field_4,1,MOVING_TO_FIELD,Field_4,1,PROTECTING,Field_7,1,MOVING_TO_FIELD,Field_4,1,MOVING_TO_FIELD,Field_5,1,MOVING_TO_FIELD,Field_1,1,MOVING_TO_FIELD,Field_1,1,MOVING_TO_FIELD,Field_4,1,MOVING_TO_FIELD,Field_9,1,MOVING_TO_FIELD,Field_5,1,MOVING_TO_FIELD,Field_20,1,MOVING_TO_FIELD,Field_9,1,MOVING_TO_FIELD,Field_4,1,MOVING_TO_FIELD,Field_20,1,MOVING_TO_FIELD,Field_5,1,PROTECTING,Field_5,1,MOVING_TO_FIELD,Field_4,1,MOVING_TO_FIELD,Field_4,1,MOVING_TO_FIELD,Field_1,1,MOVING_TO_FIELD,Field_20,1,MOVING_TO_FIELD,Field_7,1,IDLE,,1,MOVING_TO_FIELD,Field_4,1,MOVING_TO_FIELD,Field_2,1,IDLE,,1,MOVING_TO_FIELD,Field_20,1,MOVING_TO_FIELD,Field_5,1,MOVING_TO_FIELD,Field_20,0,0.08,0,4,4,0,0.11,0,3,2,0,0.07,0,0,4,0,0.16,0,10,4,0,0.14,1,5,1,0,0.11,0,0,4,0,0.15,3,2,0,0,0.13,0,1,2,0,0.16,1,2,2,0,0.19,0,0,6,0,0.20,0,0,4,1,0.33,0,0,1,0,0.11,0,0,2,0,0.37,0,0,6,0,0.19,0,0,6,0,0.06,0,0,2,3,0.26,0,0,2,0,0.19,0,0,1,0,0.05,0,0,2,0,0.18,0,6,3
17,6,2,0,7,0,31,0,1,PROTECTING,Field_7,1,MOVING_TO_FIELD,Field_8,1,MOVING_TO_FIELD,Field_4,1,MOVING_TO_FIELD,Field_1,1,MOVING_TO_FIELD,Field_20,1,MOVING_TO_FIELD,Field_2,1,MOVING_TO_FIELD,Field_5,1,MOVING_TO_FIELD,Field_4,1,PROTECTING,Field_7,1,MOVING_TO_FIELD,Field_2,1,PROTECTING,Field_9,1,MOVING_TO_FIELD,Field_7,1,MOVING_TO_FIELD,Field_4,1,MOVING_TO_FIELD,Field_4,1,PROTECTING,Field_7,1,MOVING_TO_FIELD,Field_4,1,MOVING_TO_FIELD,Field_5,1,MOVING_TO_FIELD,Field_1,1,MOVING_TO_FIELD,Field_1,1,MOVING_TO_FIELD,Field_4,1,PROTECTING,Field_9,1,MOVING_TO_FIELD,Field_5,1,MOVING_TO_FIELD,Field_20,1,MOVING_TO_FIELD,Field_9,1,MOVING_TO_FIELD,Field_4,1,MOVING_TO_FIELD,Field_20,1,MOVING_TO_FIELD,Field_5,1,PROTECTING,Field_5,1,MOVING_TO_FIELD,Field_4,1,MOVING_TO_FIELD,Field_4,1,MOVING_TO_FIELD,Field_1,1,MOVING_TO_FIELD,Field_20,1,MOVING_TO_FIELD,Field_7,1,IDLE,,1,MOVING_TO_FIELD,Field_4,1,PROTECTING,Field_2,1,IDLE,,1,MOVING_TO_FIELD,Field_20,1,MOVING_TO_FIELD,Field_5,1,MOVING_TO_FIELD,Field_20,0,0.08,0,4,4,0,0.11,1,2,1,0,0.07,0,0,4,0,0.17,0,10,4,0,0.16,1,5,1,0,0.12,0,0,4,0,0.17,3,2,0,0,0.13,0,1,2,0,0.18,2,1,1,0,0.20,0,0,6,0,0.21,0,0,4,2,0.33,0,0,1,0,0.11,0,0,2,0,0.38,0,0,6,0,0.20,0,0,6,0,0.06,0,0,2,4,0.26,0,0,2,0,0.22,0,0,1,0,0.05,0,0,2,0,0.18,0,6,3
18,7,2,0,7,0,31,0,1,PROTECTING,Field_7,1,MOVING_TO_FIELD,Field_8,1,MOVING_TO_FIELD,Field_4,1,MOVING_TO_FIELD,Field_1,1,MOVING_TO_FIELD,Field_20,1,MOVING_TO_FIELD,Field_2,1,MOVING_TO_FIELD,Field_5,1,MOVING_TO_FIELD,Field_4,1,PROTECTING,Field_7,1,MOVING_TO_FIELD,Field_2,1,PROTECTING,Field_9,1,MOVING_TO_FIELD,Field_7,1,MOVING_TO_FIELD,Field_4,1,MOVING_TO_FIELD,Field_4,1,PROTECTING,Field_7,1,MOVING_TO_FIELD,Field_4,1,MOVING_TO_FIELD,Field_5,1,MOVING_TO_FIELD,Field_1,1,MOVING_TO_FIELD,Field_1,1,MOVING_TO_FIELD,Field_4,1,PROTECTING,Field_9,1,MOVING_TO_FIELD,Field_5,1,MOVING_TO_FIELD,Field_20,1,MOVING_TO_FIELD,Field_9,1,MOVING_TO_FIELD,Field_4,1,MOVING_TO_FIELD,Field_20,1,MOVING_TO_FIELD,Field_5,1,PROTECTING,Field_5,1,MOVING_TO_FIELD,Field_4,1,MOVING_TO_FIELD,Field_4,1,MOVING_TO_FIELD,Field_1,1,MOVING_TO_FIELD,Field_20,1,MOVING_TO_FIELD,Field_7,1,IDLE,,1,MOVING_TO_FIELD,Field_4,1,PROTECTING,Field_2,1,IDLE,,1,MOVING_TO_FIELD,Field_20,1,MOVING_TO_FIELD,Field_5,1,MOVING_TO_FIELD,Field_20,0,0.08,0,4,4,0,0.12,1,2,1,0,0.08,0,0,4,0,0.17,0,10,4,0,0.16,1,5,1,1,0.14,0,0,4,0,0.18,3,2,0,0,0.13,0,1,2,0,0.18,2,1,1,0,0.22,0,0,6,0,0.22,0,0,4,2,0.33,0,0,1,0,0.12,0,0,2,0,0.41,0,0,6,0,0.20,0,0,6,0,0.06,0,0,2,4,0.28,0,0,2,0,0.28,0,0,1,0,0.06,0,0,2,0,0.18,0,6,3
19,9,2,0,7,0,31,0,1,PROTECTING,Field_7,1,MOVING_TO_FIELD,Field_8,1,MOVING_TO_FIELD,Field_4,1,MOVING_TO_FIELD,Field_1,1,MOVING_TO_FIELD,Field_20,1,MOVING_TO_FIELD,Field_2,1,MOVING_TO_FIELD,Field_5,1,MOVING_TO_FIELD,Field_4,1,PROTECTING,Field_7,1,MOVING_TO_FIELD,Field_2,1,PROTECTING,Field_9,1,MOVING_TO_FIELD,Field_7,1,MOVING_TO_FIELD,Field_4,1,MOVING_TO_FIELD,Field_4,1,PROTECTING,Field_7,1,MOVING_TO_FIELD,Field_4,1,MOVING_TO_FIELD,Field_5,1,MOVING_TO_FIELD,Field_1,1,MOVING_TO_FIELD,Field_1,1,MOVING_TO_FIELD,Field_4,1,PROTECTING,Field_9,1,MOVING_TO_FIELD,Field_5,1,MOVING_TO_FIELD,Field_20,1,MOVING_TO_FIELD,Field_9,1,MOVING_TO_FIELD,Field_4,1,MOVING_TO_FIELD,Field_20,1,MOVING_TO_FIELD,Field_5,1,PROTECTING,Field_5,1,MOVING_TO_FIELD,Field_4,1,MOVING_TO_FIELD,Field_4,1,MOVING_TO_FIELD,Field_1,1,MOVING_TO_FIELD,Field_20,1,MOVING_TO_FIELD,Field_7,1,IDLE,,1,MOVING_TO_FIELD,Field_4,1,PROTECTING,Field_2,1,IDLE,,1,MOVING_TO_FIELD,Field_20,1,MOVING_TO_FIELD,Field_5,1,MOVING_TO_FIELD,Field_20,0,0.09,0,4,4,0,0.12,1,2,1,0,0.08,0,0,4,0,0.18,0,10,4,0,0.16,1,5,1,1,0.13,0,0,4,0,0.15,3,2,0,0,0.14,0,1,2,0,0.18,2,1,1,0,0.23,0,0,6,0,0.22,0,0,4,3,0.33,0,0,1,0,0.12,0,0,2,0,0.45,0,0,6,0,0.21,0,0,6,0,0.06,0,0,2,4,0.28,0,0,2,0,0.28,0,0,1,0,0.06,0,0,2,1,0.22,0,6,3
20,13,2,0,8,0,30,0,1,PROTECTING,Field_7,1,MOVING_TO_FIELD,Field_8,1,MOVING_TO_FIELD,Field_4,1,MOVING_TO_FIELD,Field_1,1,MOVING_TO_FIELD,Field_20,1,MOVING_TO_FIELD,Field_2,1,MOVING_TO_FIELD,Field_5,1,MOVING_TO_FIELD,Field_4,1,PROTECTING,Field_7,1,MOVING_TO_FIELD,Field_2,1,PROTECTING,Field_9,1,MOVING_TO_FIELD,Field_7,1,MOVING_TO_FIELD,Field_4,1,MOVING_TO_FIELD,Field_4,1,PROTECTING,Field_7,1,MOVING_TO_FIELD,Field_4,1,MOVING_TO_FIELD,Field_5,1,MOVING_TO_FIELD,Field_1,1,MOVING_TO_FIELD,Field_1,1,PROTECTING,Field_4,1,PROTECTING,Field_9,1,MOVING_TO_FIELD,Field_5,1,MOVING_TO_FIELD,Field_20,1,MOVING_TO_FIELD,Field_9,1,MOVING_TO_FIELD,Field_4,1,MOVING_TO_FIELD,Field_20,1,MOVING_TO_FIELD,Field_5,1,PROTECTING,Field_5,1,MOVING_TO_FIELD,Field_4,1,MOVING_TO_FIELD,Field_4,1,MOVING_TO_FIELD,Field_1,1,MOVING_TO_FIELD,Field_20,1,MOVING_TO_FIELD,Field_7,1,IDLE,,1,MOVING_TO_FIELD,Field_4,1,PROTECTING,Field_2,1,IDLE,,1,MOVING_TO_FIELD,Field_20,1,MOVING_TO_FIELD,Field_5,1,MOVING_TO_FIELD,Field_20,0,0.10,0,4,4,0,0.15,1,2,1,0,0.08,0,0,4,0,0.18,1,9,3,0,0.17,1,5,1,1,0.12,0,0,4,0,0.12,3,2,0,0,0.13,0,1,2,0,0.19,2,1,1,0,0.24,0,0,6,0,0.22,0,0,4,4,0.36,0,0,1,0,0.16,0,0,2,1,0.46,0,0,6,0,0.22,0,0,6,0,0.06,0,0,2,5,0.26,0,0,2,0,0.30,0,0,1,0,0.08,0,0,2,2,0.22,0,6,3
21,17,0,0,3,0,37,0,1,MOVING_TO_FIELD,Field_5,1,MOVING_TO_FIELD,Field_8,1,MOVING_TO_FIELD,Field_4,1,MOVING_TO_FIELD,Field_1,1,MOVING_TO_FIELD,Field_20,1,MOVING_TO_FIELD,Field_4,1,MOVING_TO_FIELD,Field_5,1,MOVING_TO_FIELD,Field_4,1,MOVING_TO_FIELD,Field_9,1,MOVING_TO_FIELD,Field_20,1,MOVING_TO_FIELD,Field_5,1,MOVING_TO_FIELD,Field_20,1,MOVING_TO_FIELD,Field_4,1,MOVING_TO_FIELD,Field_4,1,MOVING_TO_FIELD,Field_3,1,MOVING_TO_FIELD,Field_4,1,MOVING_TO_FIELD,Field_1,1,MOVING_TO_FIELD,Field_3,1,MOVING_TO_FIELD,Field_1,1,MOVING_TO_FIELD,Field_7,1,PROTECTING,Field_9,1,MOVING_TO_FIELD,Field_5,1,MOVING_TO_FIELD,Field_20,1,MOVING_TO_FIELD,Field_9,1,MOVING_TO_FIELD,Field_20,1,MOVING_TO_FIELD,Field_5,1,MOVING_TO_FIELD,Field_5,1,PROTECTING,Field_5,1,MOVING_TO_FIELD,Field_4,1,MOVING_TO_FIELD,Field_4,1,MOVING_TO_FIELD,Field_1,1,MOVING_TO_FIELD,Field_20,1,MOVING_TO_FIELD,Field_20,1,PROTECTING,Field_20,1,MOVING_TO_FIELD,Field_7,1,MOVING_TO_FIELD,Field_4,1,MOVING_TO_FIELD,Field_2,1,MOVING_TO_FIELD,Field_20,1,MOVING_TO_FIELD,Field_4,1,MOVING_TO_FIELD,Field_5,0,0.09,0,4,4,0,0.15,0,1,2,0,0.08,0,2,4,0,0.18,0,10,4,0,0.17,1,7,1,1,0.13,0,0,4,0,0.11,0,2,3,0,0.16,0,1,2,0,0.21,1,2,2,0,0.23,0,0,6,0,0.25,0,0,4,6,0.36,0,0,1,0,0.18,0,0,2,2,0.46,0,0,6,0,0.21,0,0,6,0,0.07,0,0,2,6,0.26,0,0,2,0,0.31,0,0,1,0,0.08,0,0,2,2,0.20,1,8,2
22,27,0,0,3,0,37,0,1,MOVING_TO_FIELD,Field_5,1,MOVING_TO_FIELD,Field_8,1,MOVING_TO_FIELD,Field_4,1,MOVING_TO_FIELD,Field_1,1,MOVING_TO_FIELD,Field_20,1,MOVING_TO_FIELD,Field_4,1,MOVING_TO_FIELD,Field_5,1,MOVING_TO_FIELD,Field_4,1,MOVING_TO_FIELD,Field_9,1,MOVING_TO_FIELD,Field_20,1,MOVING_TO_FIELD,Field_5,1,MOVING_TO_FIELD,Field_20,1,MOVING_TO_FIELD,Field_4,1,MOVING_TO_FIELD,Field_4,1,MOVING_TO_FIELD,Field_3,1,MOVING_TO_FIELD,Field_4,1,MOVING_TO_FIELD,Field_1,1,MOVING_TO_FIELD,Field_3,1,MOVING_TO_FIELD,Field_1,1,MOVING_TO_FIELD,Field_7,1,PROTECTING,Field_9,1,MOVING_TO_FIELD,Field_5,1,MOVING_TO_FIELD,Field_20,1,MOVING_TO_FIELD,Field_9,1,MOVING_TO_FIELD,Field_20,1,MOVING_TO_FIELD,Field_5,1,MOVING_TO_FIELD,Field_5,1,PROTECTING,Field_5,1,MOVING_TO_FIELD,Field_4,1,MOVING_TO_FIELD,Field_4,1,MOVING_TO_FIELD,Field_1,1,MOVING_TO_FIELD,Field_20,1,MOVING_TO_FIELD,Field_20,1,PROTECTING,Field_20,1,MOVING_TO_FIELD,Field_7,1,MOVING_TO_FIELD,Field_4,1,MOVING_TO_FIELD,Field_2,1,MOVING_TO_FIELD,Field_20,1,MOVING_TO_FIELD,Field_4,1,MOVING_TO_FIELD,Field_5,0,0.10,0,4,4,0,0.16,0,1,2,0,0.08,0,2,4,0,0.17,0,10,4,1,0.17,1,7,1,2,0.13,0,0,4,0,0.11,0,2,3,0,0.13,0,1,2,0,0.22,1,2,2,1,0.23,0,0,6,1,0.25,0,0,4,7,0.36,0,0,1,0,0.19,0,0,2,5,0.46,0,0,6,0,0.22,0,0,6,0,0.07,0,0,2,7,0.26,0,0,2,1,0.31,0,0,1,0,0.08,0,0,2,2,0.20,1,8,2
23,34,0,0,4,0,36,0,1,MOVING_TO_FIELD,Field_5,1,MOVING_TO_FIELD,Field_8,1,MOVING_TO_FIELD,Field_4,1,MOVING_TO_FIELD,Field_1,1,MOVING_TO_FIELD,Field_20,1,MOVING_TO_FIELD,Field_4,1,MOVING_TO_FIELD,Field_5,1,MOVING_TO_FIELD,Field_4,1,MOVING_TO_FIELD,Field_9,1,MOVING_TO_FIELD,Field_20,1,MOVING_TO_FIELD,Field_5,1,MOVING_TO_FIELD,Field_20,1,MOVING_TO_FIELD,Field_4,1,MOVING_TO_FIELD,Field_4,1,MOVING_TO_FIELD,Field_3,1,MOVING_TO_FIELD,Field_4,1,MOVING_TO_FIELD,Field_1,1,MOVING_TO_FIELD,Field_3,1,MOVING_TO_FIELD,Field_1,1,MOVING_TO_FIELD,Field_7,1,PROTECTING,Field_9,1,MOVING_TO_FIELD,Field_5,1,MOVING_TO_FIELD,Field_20,1,PROTECTING,Field_9,1,MOVING_TO_FIELD,Field_20,1,MOVING_TO_FIELD,Field_5,1,MOVING_TO_FIELD,Field_5,1,PROTECTING,Field_5,1,MOVING_TO_FIELD,Field_4,1,MOVING_TO_FIELD,Field_4,1,MOVING_TO_FIELD,Field_1,1,MOVING_TO_FIELD,Field_20,1,MOVING_TO_FIELD,Field_20,1,PROTECTING,Field_20,1,MOVING_TO_FIELD,Field_7,1,MOVING_TO_FIELD,Field_4,1,MOVING_TO_FIELD,Field_2,1,MOVING_TO_FIELD,Field_20,1,MOVING_TO_FIELD,Field_4,1,MOVING_TO_FIELD,Field_5,0,0.11,0,4,4,0,0.21,0,1,2,0,0.09,0,2,4,0,0.17,0,10,4,2,0.17,1,7,1,2,0.12,0,0,4,0,0.10,0,2,3,0,0.11,0,1,2,0,0.21,2,1,1,1,0.23,0,0,6,1,0.25,0,0,4,9,0.39,0,0,1,1,0.19,0,0,2,6,0.45,0,0,6,0,0.22,0,0,6,1,0.07,0,0,2,7,0.26,0,0,2,2,0.30,0,0,1,0,0.08,0,0,2,2,0.22,1,8,2
24,40,0,0,4,0,36,0,1,MOVING_TO_FIELD,Field_5,1,MOVING_TO_FIELD,Field_8,1,MOVING_TO_FIELD,Field_4,1,MOVING_TO_FIELD,Field_1,1,MOVING_TO_FIELD,Field_20,1,MOVING_TO_FIELD,Field_4,1,MOVING_TO_FIELD,Field_5,1,MOVING_TO_FIELD,Field_4,1,MOVING_TO_FIELD,Field_9,1,MOVING_TO_FIELD,Field_20,1,MOVING_TO_FIELD,Field_5,1,MOVING_TO_FIELD,Field_20,1,MOVING_TO_FIELD,Field_4,1,MOVING_TO_FIELD,Field_4,1,MOVING_TO_FIELD,Field_3,1,MOVING_TO_FIELD,Field_4,1,MOVING_TO_FIELD,Field_1,1,MOVING_TO_FIELD,Field_3,1,MOVING_TO_FIELD,Field_1,1,MOVING_TO_FIELD,Field_7,1,PROTECTING,Field_9,1,MOVING_TO_FIELD,Field_5,1,MOVING_TO_FIELD,Field_20,1,PROTECTING,Field_9,1,MOVING_TO_FIELD,Field_20,1,MOVING_TO_FIELD,Field_5,1,MOVING_TO_FIELD,Field_5,1,PROTECTING,Field_5,1,MOVING_TO_FIELD,Field_4,1,MOVING_TO_FIELD,Field_4,1,MOVING_TO_FIELD,Field_1,1,MOVING_TO_FIELD,Field_20,1,MOVING_TO_FIELD,Field_20,1,PROTECTING,Field_20,1,MOVING_TO_FIELD,Field_7,1,MOVING_TO_FIELD,Field_4,1,MOVING_TO_FIELD,Field_2,1,MOVING_TO_FIELD,Field_20,1,MOVING_TO_FIELD,Field_4,1,MOVING_TO_FIELD,Field_5,0,0.12,0,4,4,0,0.21,0,1,2,0,0.09,0,2,4,0,0.18,0,10,4,2,0.19,1,7,1,2,0.13,0,0,4,0,0.10,0,2,3,0,0.13,0,1,2,0,0.20,2,1,1,1,0.24,0,0,6,1,0.28,0,0,4,10,0.36,0,0,1,2,0.19,0,0,2,7,0.45,0,0,6,1,0.23,0,0,6,1,0.07,0,0,2,7,0.28,0,0,2,4,0.30,0,0,1,0,0.08,0,0,2,2,0.22,1,8,2
25,45,0,0,4,0,36,0,1,MOVING_TO_FIELD,Field_5,1,MOVING_TO_FIELD,Field_8,1,MOVING_TO_FIELD,Field_4,1,MOVING_TO_FIELD,Field_1,1,MOVING_TO_FIELD,Field_20,1,MOVING_TO_FIELD,Field_4,1,MOVING_TO_FIELD,Field_5,1,MOVING_TO_FIELD,Field_4,1,MOVING_TO_FIELD,Field_9,1,MOVING_TO_FIELD,Field_20,1,MOVING_TO_FIELD,Field_5,1,MOVING_TO_FIELD,Field_20,1,MOVING_TO_FIELD,Field_4,1,MOVING_TO_FIELD,Field_4,1,MOVING_TO_FIELD,Field_3,1,MOVING_TO_FIELD,Field_4,1,MOVING_TO_FIELD,Field_1,1,MOVING_TO_FIELD,Field_3,1,MOVING_TO_FIELD,Field_1,1,MOVING_TO_FIELD,Field_7,1,PROTECTING,Field_9,1,MOVING_TO_FIELD,Field_5,1,MOVING_TO_FIELD,Field_20,1,PROTECTING,Field_9,1,MOVING_TO_FIELD,Field_20,1,MOVING_TO_FIELD,Field_5,1,MOVING_TO_FIELD,Field_5,1,PROTECTING,Field_5,1,MOVING_TO_FIELD,Field_4,1,MOVING_TO_FIELD,Field_4,1,MOVING_TO_FIELD,Field_1,1,MOVING_TO_FIELD,Field_20,1,MOVING_TO_FIELD,Field_20,1,PROTECTING,Field_20,1,MOVING_TO_FIELD,Field_7,1,MOVING_TO_FIELD,Field_4,1,MOVING_TO_FIELD,Field_2,1,MOVING_TO_FIELD,Field_20,1,MOVING_TO_FIELD,Field_4,1,MOVING_TO_FIELD,Field_5,0,0.13,0,4,4,0,0.21,0,1,2,0,0.09,0,2,4,0,0.20,0,10,4,3,0.19,1,7,1,2,0.13,0,0,4,0,0.10,0,2,3,0,0.14,0,1,2,0,0.21,2,1,1,1,0.24,0,0,6,2,0.28,0,0,4,11,0.36,0,0,1,2,0.19,0,0,2,8,0.46,0,0,6,1,0.23,0,0,6,1,0.07,0,0,2,7,0.28,0,0,2,5,0.28,0,0,1,0,0.08,0,0,2,2,0.22,1,8,2
26,52,0,0,4,0,36,0,1,MOVING_TO_FIELD,Field_5,1,MOVING_TO_FIELD,Field_8,1,MOVING_TO_FIELD,Field_4,1,MOVING_TO_FIELD,Field_1,1,MOVING_TO_FIELD,Field_20,1,MOVING_TO_FIELD,Field_4,1,MOVING_TO_FIELD,Field_5,1,MOVING_TO_FIELD,Field_4,1,MOVING_TO_FIELD,Field_9,1,MOVING_TO_FIELD,Field_20,1,MOVING_TO_FIELD,Field_5,1,MOVING_TO_FIELD,Field_20,1,MOVING_TO_FIELD,Field_4,1,MOVING_TO_FIELD,Field_4,1,MOVING_TO_FIELD,Field_3,1,MOVING_TO_FIELD,Field_4,1,MOVING_TO_FIELD,Field_1,1,MOVING_TO_FIELD,Field_3,1,MOVING_TO_FIELD,Field_1,1,MOVING_TO_FIELD,Field_7,1,PROTECTING,Field_9,1,MOVING_TO_FIELD,Field_5,1,MOVING_TO_FIELD,Field_20,1,PROTECTING,Field_9,1,MOVING_TO_FIELD,Field_20,1,MOVING_TO_FIELD,Field_5,1,MOVING_TO_FIELD,Field_5,1,PROTECTING,Field_5,1,MOVING_TO_FIELD,Field_4,1,MOVING_TO_FIELD,Field_4,1,MOVING_TO_FIELD,Field_1,1,MOVING_TO_FIELD,Field_20,1,MOVING_TO_FIELD,Field_20,1,PROTECTING,Field_20,1,MOVING_TO_FIELD,Field_7,1,MOVING_TO_FIELD,Field_4,1,MOVING_TO_FIELD,Field_2,1,MOVING_TO_FIELD,Field_20,1,MOVING_TO_FIELD,Field_4,1,MOVING_TO_FIELD,Field_5,0,0.14,0,4,4,0,0.20,0,1,2,0,0.09,0,2,4,0,0.22,0,10,4,3,0.19,1,7,1,2,0.14,0,0,4,0,0.09,0,2,3,0,0.14,0,1,2,0,0.19,2,1,1,2,0.24,0,0,6,3,0.28,0,0,4,11,0.33,0,0,1,3,0.18,0,0,2,9,0.48,0,0,6,1,0.24,0,0,6,1,0.07,0,0,2,7,0.26,0,0,2,8,0.28,0,0,1,0,0.08,0,0,2,2,0.24,1,8,2
27,59,0,0,6,0,34,0,1,MOVING_TO_FIELD,Field_5,1,MOVING_TO_FIELD,Field_8,1,MOVING_TO_FIELD,Field_4,1,MOVING_TO_FIELD,Field_1,1,MOVING_TO_FIELD,Field_20,1,PROTECTING,Field_4,1,MOVING_TO_FIELD,Field_5,1,MOVING_TO_FIELD,Field_4,1,PROTECTING,Field_9,1,MOVING_TO_FIELD,Field_20,1,MOVING_TO_FIELD,Field_5,1,MOVING_TO_FIELD,Field_20,1,MOVING_TO_FIELD,Field_4,1,MOVING_TO_FIELD,Field_4,1,MOVING_TO_FIELD,Field_3,1,MOVING_TO_FIELD,Field_4,1,MOVING_TO_FIELD,Field_1,1,MOVING_TO_FIELD,Field_3,1,MOVING_TO_FIELD,Field_1,1,MOVING_TO_FIELD,Field_7,1,PROTECTING,Field_9,1,MOVING_TO_FIELD,Field_5,1,MOVING_TO_FIELD,Field_20,1,PROTECTING,Field_9,1,MOVING_TO_FIELD,Field_20,1,MOVING_TO_FIELD,Field_5,1,MOVING_TO_FIELD,Field_5,1,PROTECTING,Field_5,1,MOVING_TO_FIELD,Field_4,1,MOVING_TO_FIELD,Field_4,1,MOVING_TO_FIELD,Field_1,1,MOVING_TO_FIELD,Field_20,1,MOVING_TO_FIELD,Field_20,1,PROTECTING,Field_20,1,MOVING_TO_FIELD,Field_7,1,MOVING_TO_FIELD,Field_4,1,MOVING_TO_FIELD,Field_2,1,MOVING_TO_FIELD,Field_20,1,MOVING_TO_FIELD,Field_4,1,MOVING_TO_FIELD,Field_5,0,0.15,0,4,4,0,0.22,0,1,2,0,0.09,0,2,4,0,0.23,1,9,3,3,0.19,1,7,1,2,0.14,0,0,4,0,0.08,0,2,3,0,0.16,0,1,2,0,0.16,3,0,0,2,0.24,0,0,6,6,0.29,0,0,4,12,0.33,0,0,1,3,0.16,0,0,2,9,0.48,0,0,6,1,0.25,0,0,6,1,0.07,0,0,2,9,0.25,0,0,2,9,0.28,0,0,1,0,0.08,0,0,2,2,0.24,1,8,2
28,69,0,0,7,0,33,0,1,MOVING_TO_FIELD,Field_5,1,MOVING_TO_FIELD,Field_8,1,MOVING_TO_FIELD,Field_4,1,MOVING_TO_FIELD,Field_1,1,MOVING_TO_FIELD,Field_20,1,PROTECTING,Field_4,1,MOVING_TO_FIELD,Field_5,1,MOVING_TO_FIELD,Field_4,1,PROTECTING,Field_9,1,MOVING_TO_FIELD,Field_20,1,MOVING_TO_FIELD,Field_5,1,MOVING_TO_FIELD,Field_20,1,MOVING_TO_FIELD,Field_4,1,MOVING_TO_FIELD,Field_4,1,MOVING_TO_FIELD,Field_3,1,MOVING_TO_FIELD,Field_4,1,MOVING_TO_FIELD,Field_1,1,PROTECTING,Field_3,1,MOVING_TO_FIELD,Field_1,1,MOVING_TO_FIELD,Field_7,1,PROTECTING,Field_9,1,MOVING_TO_FIELD,Field_5,1,MOVING_TO_FIELD,Field_20,1,PROTECTING,Field_9,1,MOVING_TO_FIELD,Field_20,1,MOVING_TO_FIELD,Field_5,1,MOVING_TO_FIELD,Field_5,1,PROTECTING,Field_5,1,MOVING_TO_FIELD,Field_4,1,MOVING_TO_FIELD,Field_4,1,MOVING_TO_FIELD,Field_1,1,MOVING_TO_FIELD,Field_20,1,MOVING_TO_FIELD,Field_20,1,PROTECTING,Field_20,1,MOVING_TO_FIELD,Field_7,1,MOVING_TO_FIELD,Field_4,1,MOVING_TO_FIELD,Field_2,1,MOVING_TO_FIELD,Field_20,1,MOVING_TO_FIELD,Field_4,1,MOVING_TO_FIELD,Field_5,0,0.16,0,4,4,1,0.22,0,1,2,0,0.09,1,1,3,0,0.23,1,9,3,4,0.20,1,7,1,2,0.12,0,0,4,0,0.08,0,2,3,1,0.16,0,1,2,0,0.13,3,0,0,4,0.24,0,0,6,6,0.29,0,0,4,12,0.30,0,0,1,3,0.16,0,0,2,11,0.49,0,0,6,1,0.25,0,0,6,1,0.07,0,0,2,10,0.25,0,0,2,11,0.26,0,0,1,0,0.08,0,0,2,2,0.24,1,8,2
29,77,0,0,7,0,33,0,1,MOVING_TO_FIELD,Field_5,1,MOVING_TO_FIELD,Field_8,1,MOVING_TO_FIELD,Field_4,1,MOVING_TO_FIELD,Field_1,1,MOVING_TO_FIELD,Field_20,1,PROTECTING,Field_4,1,MOVING_TO_FIELD,Field_5,1,MOVING_TO_FIELD,Field_4,1,PROTECTING,Field_9,1,MOVING_TO_FIELD,Field_20,1,MOVING_TO_FIELD,Field_5,1,MOVING_TO_FIELD,Field_20,1,MOVING_TO_FIELD,Field_4,1,MOVING_TO_FIELD,Field_4,1,MOVING_TO_FIELD,Field_3,1,MOVING_TO_FIELD,Field_4,1,MOVING_TO_FIELD,Field_1,1,PROTECTING,Field_3,1,MOVING_TO_FIELD,Field_1,1,MOVING_TO_FIELD,Field_7,1,PROTECTING,Field_9,1,MOVING_TO_FIELD,Field_5,1,MOVING_TO_FIELD,Field_20,1,PROTECTING,Field_9,1,MOVING_TO_FIELD,Field_20,1,MOVING_TO_FIELD,Field_5,1,MOVING_TO_FIELD,Field_5,1,PROTECTING,Field_5,1,MOVING_TO_FIELD,Field_4,1,MOVING_TO_FIELD,Field_4,1,MOVING_TO_FIELD,Field_1,1,MOVING_TO_FIELD,Field_20,1,MOVING_TO_FIELD,Field_20,1,PROTECTING,Field_20,1,MOVING_TO_FIELD,Field_7,1,MOVING_TO_FIELD,Field_4,1,MOVING_TO_FIELD,Field_2,1,MOVING_TO_FIELD,Field_20,1,MOVING_TO_FIELD,Field_4,1,MOVING_TO_FIELD,Field_5,0,0.16,0,4,4,4,0.22,0,1,2,0,0.09,1,1,3,0,0.23,1,9,3,4,0.20,1,7,1,2,0.12,0,0,4,0,0.08,0,2,3,1,0.16,0,1,2,0,0.16,3,0,0,4,0.24,0,0,6,7,0.29,0,0,4,14,0.30,0,0,1,3,0.16,0,0,2,11,0.49,0,0,6,2,0.25,0,0,6,1,0.09,0,0,2,10,0.25,0,0,2,12,0.26,0,0,1,0,0.08,0,0,2,2,0.24,1,8,2
30,85,0,0,7,0,33,0,1,MOVING_TO_FIELD,Field_5,1,MOVING_TO_FIELD,Field_8,1,MOVING_TO_FIELD,Field_4,1,MOVING_TO_FIELD,Field_1,1,MOVING_TO_FIELD,Field_20,1,PROTECTING,Field_4,1,MOVING_TO_FIELD,Field_5,1,MOVING_TO_FIELD,Field_4,1,PROTECTING,Field_9,1,MOVING_TO_FIELD,Field_20,1,MOVING_TO_FIELD,Field_5,1,MOVING_TO_FIELD,Field_20,1,MOVING_TO_FIELD,Field_4,1,MOVING_TO_FIELD,Field_4,1,MOVING_TO_FIELD,Field_3,1,MOVING_TO_FIELD,Field_4,1,MOVING_TO_FIELD,Field_1,1,PROTECTING,Field_3,1,MOVING_TO_FIELD,Field_1,1,MOVING_TO_FIELD,Field_7,1,PROTECTING,Field_9,1,MOVING_TO_FIELD,Field_5,1,MOVING_TO_FIELD,Field_20,1,PROTECTING,Field_9,1,MOVING_TO_FIELD,Field_20,1,MOVING_TO_FIELD,Field_5,1,MOVING_TO_FIELD,Field_5,1,PROTECTING,Field_5,1,MOVING_TO_FIELD,Field_4,1,MOVING_TO_FIELD,Field_4,1,MOVING_TO_FIELD,Field_1,1,MOVING_TO_FIELD,Field_20,1,MOVING_TO_FIELD,Field_20,1,PROTECTING,Field_20,1,MOVING_TO_FIELD,Field_7,1,MOVING_TO_FIELD,Field_4,1,MOVING_TO_FIELD,Field_2,1,MOVING_TO_FIELD,Field_20,1,MOVING_TO_FIELD,Field_4,1,MOVING_TO_FIELD,Field_5,0,0.16,0,4,4,4,0.23,0,1,2,0,0.09,1,1,3,0,0.23,1,9,3,4,0.21,1,7,1,2,0.12,0,0,4,0,0.09,0,2,3,1,0.19,0,1,2,0,0.16,3,0,0,6,0.26,0,0,6,7,0.29,0,0,4,15,0.27,0,0,1,5,0.18,0,0,2,13,0.49,0,0,6,2,0.25,0,0,6,1,0.10,0,0,2,10,0.25,0,0,2,13,0.26,0,0,1,0,0.08,0,0,2,2,0.24,1,8,2
31,92,1,0,1,0,38,0,1,MOVING_TO_FIELD,Field_5,1,MOVING_TO_FIELD,Field_7,1,MOVING_TO_FIELD,Field_4,1,MOVING_TO_FIELD,Field_4,1,MOVING_TO_FIELD,Field_5,1,MOVING_TO_FIELD,Field_2,1,MOVING_TO_FIELD,Field_5,1,MOVING_TO_FIELD,Field_8,1,MOVING_TO_FIELD,Field_4,1,MOVING_TO_FIELD,Field_8,1,MOVING_TO_FIELD,Field_5,1,MOVING_TO_FIELD,Field_4,1,MOVING_TO_FIELD,Field_4,1,MOVING_TO_FIELD,Field_7,1,MOVING_TO_FIELD,Field_5,1,MOVING_TO_FIELD,Field_20,1,MOVING_TO_FIELD,Field_4,1,MOVING_TO_FIELD,Field_4,1,MOVING_TO_FIELD,Field_1,1,MOVING_TO_FIELD,Field_2,1,MOVING_TO_FIELD,Field_8,1,MOVING_TO_FIELD,Field_5,1,MOVING_TO_FIELD,Field_20,1,MOVING_TO_FIELD,Field_4,1,MOVING_TO_FIELD,Field_4,1,MOVING_TO_FIELD,Field_20,1,MOVING_TO_FIELD,Field_1,1,MOVING_TO_FIELD,Field_1,1,MOVING_TO_FIELD,Field_20,1,MOVING_TO_FIELD,Field_20,1,MOVING_TO_FIELD,Field_4,1,MOVING_TO_FIELD,Field_5,1,IDLE,,1,MOVING_TO_FIELD,Field_1,1,MOVING_TO_FIELD,Field_20,1,MOVING_TO_FIELD,Field_2,1,MOVING_TO_FIELD,Field_20,1,PROTECTING,Field_5,1,MOVING_TO_FIELD,Field_20,1,MOVING_TO_FIELD,Field_20,0,0.16,0,4,4,5,0.23,0,3,2,0,0.09,0,0,4,0,0.23,0,10,4,4,0.20,1,7,1,2,0.11,0,0,4,0,0.09,0,2,3,1,0.20,0,3,2,0,0.15,0,0,3,7,0.25,0,0,6,8,0.29,0,0,4,16,0.24,0,0,1,5,0.18,0,0,2,14,0.49,0,0,6,2,0.26,0,0,6,2,0.10,0,0,2,10,0.25,0,0,2,14,0.26,0,0,1,0,0.06,0,0,2,2,0.24,0,9,3
32,103,1,0,1,0,38,0,1,MOVING_TO_FIELD,Field_5,1,MOVING_TO_FIELD,Field_7,1,MOVING_TO_FIELD,Field_4,1,MOVING_TO_FIELD,Field_4,1,MOVING_TO_FIELD,Field_5,1,MOVING_TO_FIELD,Field_2,1,MOVING_TO_FIELD,Field_5,1,MOVING_TO_FIELD,Field_8,1,MOVING_TO_FIELD,Field_4,1,MOVING_TO_FIELD,Field_8,1,MOVING_TO_FIELD,Field_5,1,MOVING_TO_FIELD,Field_4,1,MOVING_TO_FIELD,Field_4,1,MOVING_TO_FIELD,Field_7,1,MOVING_TO_FIELD,Field_5,1,MOVING_TO_FIELD,Field_20,1,MOVING_TO_FIELD,Field_4,1,MOVING_TO_FIELD,Field_4,1,MOVING_TO_FIELD,Field_1,1,MOVING_TO_FIELD,Field_2,1,MOVING_TO_FIELD,Field_8,1,MOVING_TO_FIELD,Field_5,1,MOVING_TO_FIELD,Field_20,1,MOVING_TO_FIELD,Field_4,1,MOVING_TO_FIELD,Field_4,1,MOVING_TO_FIELD,Field_20,1,MOVING_TO_FIELD,Field_1,1,MOVING_TO_FIELD,Field_1,1,MOVING_TO_FIELD,Field_20,1,MOVING_TO_FIELD,Field_20,1,MOVING_TO_FIELD,Field_4,1,MOVING_TO_FIELD,Field_5,1,IDLE,,1,MOVING_TO_FIELD,Field_1,1,MOVING_TO_FIELD,Field_20,1,MOVING_TO_FIELD,Field_2,1,MOVING_TO_FIELD,Field_20,1,PROTECTING,Field_5,1,MOVING_TO_FIELD,Field_20,1,MOVING_TO_FIELD,Field_20,1,0.16,0,4,4,9,0.22,0,3,2,0,0.09,0,0,4,0,0.26,0,10,4,4,0.20,1,7,1,2,0.10,0,0,4,0,0.09,0,2,3,1,0.21,0,3,2,0,0.10,0,0,3,7,0.25,0,0,6,8,0.28,0,0,4,17,0.24,0,0,1,5,0.18,0,0,2,16,0.49,0,0,6,3,0.26,0,0,6,2,0.09,0,0,2,12,0.25,0,0,2,14,0.28,0,0,1,0,0.06,0,0,2,2,0.27,0,9,3
33,111,1,0,1,0,38,0,1,MOVING_TO_FIELD,Field_5,1,MOVING_TO_FIELD,Field_7,1,MOVING_TO_FIELD,Field_4,1,MOVING_TO_FIELD,Field_4,1,MOVING_TO_FIELD,Field_5,1,MOVING_TO_FIELD,Field_2,1,MOVING_TO_FIELD,Field_5,1,MOVING_TO_FIELD,Field_8,1,MOVING_TO_FIELD,Field_4,1,MOVING_TO_FIELD,Field_8,1,MOVING_TO_FIELD,Field_5,1,MOVING_TO_FIELD,Field_4,1,MOVING_TO_FIELD,Field_4,1,MOVING_TO_FIELD,Field_7,1,MOVING_TO_FIELD,Field_5,1,MOVING_TO_FIELD,Field_20,1,MOVING_TO_FIELD,Field_4,1,MOVING_TO_FIELD,Field_4,1,MOVING_TO_FIELD,Field_1,1,MOVING_TO_FIELD,Field_2,1,MOVING_TO_FIELD,Field_8,1,MOVING_TO_FIELD,Field_5,1,MOVING_TO_FIELD,Field_20,1,MOVING_TO_FIELD,Field_4,1,MOVING_TO_FIELD,Field_4,1,MOVING_TO_FIELD,Field_20,1,MOVING_TO_FIELD,Field_1,1,MOVING_TO_FIELD,Field_1,1,MOVING_TO_FIELD,Field_20,1,MOVING_TO_FIELD,Field_20,1,MOVING_TO_FIELD,Field_4,1,MOVING_TO_FIELD,Field_5,1,IDLE,,1,MOVING_TO_FIELD,Field_1,1,MOVING_TO_FIELD,Field_20,1,MOVING_TO_FIELD,Field_2,1,MOVING_TO_FIELD,Field_20,1,PROTECTING,Field_5,1,MOVING_TO_FIELD,Field_20,1,MOVING_TO_FIELD,Field_20,3,0.16,0,4,4,9,0.22,0,3,2,0,0.09,0,0,4,0,0.26,0,10,4,4,0.17,1,7,1,2,0.10,0,0,4,0,0.10,0,2,3,1,0.21,0,3,2,0,0.11,0,0,3,9,0.26,0,0,6,9,0.28,0,0,4,18,0.24,0,0,1,5,0.18,0,0,2,16,0.48,0,0,6,3,0.26,0,0,6,2,0.09,0,0,2,14,0.25,0,0,2,14,0.30,0,0,1,0,0.08,0,0,2,2,0.27,0,9,3
34,119,1,0,1,0,38,0,1,MOVING_TO_FIELD,Field_5,1,MOVING_TO_FIELD,Field_7,1,MOVING_TO_FIELD,Field_4,1,MOVING_TO_FIELD,Field_4,1,MOVING_TO_FIELD,Field_5,1,MOVING_TO_FIELD,Field_2,1,MOVING_TO_FIELD,Field_5,1,MOVING_TO_FIELD,Field_8,1,MOVING_TO_FIELD,Field_4,1,MOVING_TO_FIELD,Field_8,1,MOVING_TO_FIELD,Field_5,1,MOVING_TO_FIELD,Field_4,1,MOVING_TO_FIELD,Field_4,1,MOVING_TO_FIELD,Field_7,1,MOVING_TO_FIELD,Field_5,1,MOVING_TO_FIELD,Field_20,1,MOVING_TO_FIELD,Field_4,1,MOVING_TO_FIELD,Field_4,1,MOVING_TO_FIELD,Field_1,1,MOVING_TO_FIELD,Field_2,1,MOVING_TO_FIELD,Field_8,1,MOVING_TO_FIELD,Field_5,1,MOVING_TO_FIELD,Field_20,1,MOVING_TO_FIELD,Field_4,1,MOVING_TO_FIELD,Field_4,1,MOVING_TO_FIELD,Field_20,1,MOVING_TO_FIELD,Field_1,1,MOVING_TO_FIELD,Field_1,1,MOVING_TO_FIELD,Field_20,1,MOVING_TO_FIELD,Field_20,1,MOVING_TO_FIELD,Field_4,1,MOVING_TO_FIELD,Field_5,1,IDLE,,1,MOVING_TO_FIELD,Field_1,1,MOVING_TO_FIELD,Field_20,1,MOVING_TO_FIELD,Field_2,1,MOVING_TO_FIELD,Field_20,1,PROTECTING,Field_5,1,MOVING_TO_FIELD,Field_20,1,MOVING_TO_FIELD,Field_20,3,0.16,0,4,4,11,0.22,0,3,2,0,0.09,0,0,4,0,0.27,0,10,4,4,0.17,1,7,1,2,0.11,0,0,4,0,0.11,0,2,3,1,0.21,0,3,2,0,0.10,0,0,3,10,0.28,0,0,6,10,0.28,0,0,4,19,0.27,0,0,1,5,0.18,0,0,2,16,0.46,0,0,6,4,0.26,0,0,6,2,0.07,0,0,2,14,0.23,0,0,2,16,0.28,0,0,1,0,0.08,0,0,2,2,0.27,0,9,3
35,123,1,0,2,0,37,0,1,MOVING_TO_FIELD,Field_5,1,MOVING_TO_FIELD,Field_7,1,MOVING_TO_FIELD,Field_4,1,MOVING_TO_FIELD,Field_4,1,MOVING_TO_FIELD,Field_5,1,MOVING_TO_FIELD,Field_2,1,MOVING_TO_FIELD,Field_5,1,MOVING_TO_FIELD,Field_8,1,MOVING_TO_FIELD,Field_4,1,MOVING_TO_FIELD,Field_8,1,PROTECTING,Field_5,1,MOVING_TO_FIELD,Field_4,1,MOVING_TO_FIELD,Field_4,1,MOVING_TO_FIELD,Field_7,1,MOVING_TO_FIELD,Field_5,1,MOVING_TO_FIELD,Field_20,1,MOVING_TO_FIELD,Field_4,1,MOVING_TO_FIELD,Field_4,1,MOVING_TO_FIELD,Field_1,1,MOVING_TO_FIELD,Field_2,1,MOVING_TO_FIELD,Field_8,1,MOVING_TO_FIELD,Field_5,1,MOVING_TO_FIELD,Field_20,1,MOVING_TO_FIELD,Field_4,1,MOVING_TO_FIELD,Field_4,1,MOVING_TO_FIELD,Field_20,1,MOVING_TO_FIELD,Field_1,1,MOVING_TO_FIELD,Field_1,1,MOVING_TO_FIELD,Field_20,1,MOVING_TO_FIELD,Field_20,1,MOVING_TO_FIELD,Field_4,1,MOVING_TO_FIELD,Field_5,1,IDLE,,1,MOVING_TO_FIELD,Field_1,1,MOVING_TO_FIELD,Field_20,1,MOVING_TO_FIELD,Field_2,1,MOVING_TO_FIELD,Field_20,1,PROTECTING,Field_5,1,MOVING_TO_FIELD,Field_20,1,MOVING_TO_FIELD,Field_20,3,0.17,0,4,4,11,0.22,0,3,2,0,0.09,0,0,4,0,0.27,0,10,4,4,0.16,2,6,0,2,0.11,0,0,4,0,0.11,0,2,3,1,0.21,0,3,2,0,0.10,0,0,3,10,0.27,0,0,6,10,0.28,0,0,4,19,0.27,0,0,1,5,0.18,0,0,2,16,0.44,0,0,6,7,0.26,0,0,6,2,0.07,0,0,2,14,0.21,0,0,2,16,0.28,0,0,1,0,0.08,0,0,2,3,0.27,0,9,3
36,133,1,0,3,0,36,0,1,MOVING_TO_FIELD,Field_5,1,MOVING_TO_FIELD,Field_7,1,MOVING_TO_FIELD,Field_4,1,MOVING_TO_FIELD,Field_4,1,MOVING_TO_FIELD,Field_5,1,MOVING_TO_FIELD,Field_2,1,MOVING_TO_FIELD,Field_5,1,MOVING_TO_FIELD,Field_8,1,MOVING_TO_FIELD,Field_4,1,PROTECTING,Field_8,1,PROTECTING,Field_5,1,MOVING_TO_FIELD,Field_4,1,MOVING_TO_FIELD,Field_4,1,MOVING_TO_FIELD,Field_7,1,MOVING_TO_FIELD,Field_5,1,MOVING_TO_FIELD,Field_20,1,MOVING_TO_FIELD,Field_4,1,MOVING_TO_FIELD,Field_4,1,MOVING_TO_FIELD,Field_1,1,MOVING_TO_FIELD,Field_2,1,MOVING_TO_FIELD,Field_8,1,MOVING_TO_FIELD,Field_5,1,MOVING_TO_FIELD,Field_20,1,MOVING_TO_FIELD,Field_4,1,MOVING_TO_FIELD,Field_4,1,MOVING_TO_FIELD,Field_20,1,MOVING_TO_FIELD,Field_1,1,MOVING_TO_FIELD,Field_1,1,MOVING_TO_FIELD,Field_20,1,MOVING_TO_FIELD,Field_20,1,MOVING_TO_FIELD,Field_4,1,MOVING_TO_FIELD,Field_5,1,IDLE,,1,MOVING_TO_FIELD,Field_1,1,MOVING_TO_FIELD,Field_20,1,MOVING_TO_FIELD,Field_2,1,MOVING_TO_FIELD,Field_20,1,PROTECTING,Field_5,1,MOVING_TO_FIELD,Field_20,1,MOVING_TO_FIELD,Field_20,4,0.17,0,4,4,11,0.22,0,3,2,0,0.09,0,0,4,0,0.27,0,10,4,4,0.15,2,6,0,2,0.10,0,0,4,0,0.12,0,2,3,1,0.21,1,2,1,0,0.10,0,0,3,12,0.27,0,0,6,11,0.28,0,0,4,20,0.27,0,0,1,5,0.18,0,0,2,18,0.42,0,0,6,8,0.26,0,0,6,2,0.09,0,0,2,15,0.21,0,0,2,16,0.30,0,0,1,0,0.06,0,0,2,4,0.27,0,9,3
37,145,1,0,4,0,35,0,1,PROTECTING,Field_5,1,MOVING_TO_FIELD,Field_7,1,MOVING_TO_FIELD,Field_4,1,MOVING_TO_FIELD,Field_4,1,MOVING_TO_FIELD,Field_5,1,MOVING_TO_FIELD,Field_2,1,MOVING_TO_FIELD,Field_5,1,MOVING_TO_FIELD,Field_8,1,MOVING_TO_FIELD,Field_4,1,PROTECTING,Field_8,1,PROTECTING,Field_5,1,MOVING_TO_FIELD,Field_4,1,MOVING_TO_FIELD,Field_4,1,MOVING_TO_FIELD,Field_7,1,MOVING_TO_FIELD,Field_5,1,MOVING_TO_FIELD,Field_20,1,MOVING_TO_FIELD,Field_4,1,MOVING_TO_FIELD,Field_4,1,MOVING_TO_FIELD,Field_1,1,MOVING_TO_FIELD,Field_2,1,MOVING_TO_FIELD,Field_8,1,MOVING_TO_FIELD,Field_5,1,MOVING_TO_FIELD,Field_20,1,MOVING_TO_FIELD,Field_4,1,MOVING_TO_FIELD,Field_4,1,MOVING_TO_FIELD,Field_20,1,MOVING_TO_FIELD,Field_1,1,MOVING_TO_FIELD,Field_1,1,MOVING_TO_FIELD,Field_20,1,MOVING_TO_FIELD,Field_20,1,MOVING_TO_FIELD,Field_4,1,MOVING_TO_FIELD,Field_5,1,IDLE,,1,MOVING_TO_FIELD,Field_1,1,MOVING_TO_FIELD,Field_20,1,MOVING_TO_FIELD,Field_2,1,MOVING_TO_FIELD,Field_20,1,PROTECTING,Field_5,1,MOVING_TO_FIELD,Field_20,1,MOVING_TO_FIELD,Field_20,4,0.18,0,4,4,12,0.22,0,3,2,0,0.09,0,0,4,0,0.27,0,10,4,4,0.12,3,5,-1,2,0.10,0,0,4,0,0.12,0,2,3,1,0.21,1,2,1,0,0.10,0,0,3,13,0.26,0,0,6,11,0.26,0,0,4,20,0.27,0,0,1,5,0.18,0,0,2,21,0.41,0,0,6,10,0.27,0,0,6,2,0.09,0,0,2,17,0.21,0,0,2,19,0.30,0,0,1,0,0.05,0,0,2,4,0.27,0,9,3
38,152,1,0,6,0,33,0,1,PROTECTING,Field_5,1,MOVING_TO_FIELD,Field_7,1,PROTECTING,Field_4,1,MOVING_TO_FIELD,Field_4,1,MOVING_TO_FIELD,Field_5,1,MOVING_TO_FIELD,Field_2,1,PROTECTING,Field_5,1,MOVING_TO_FIELD,Field_8,1,MOVING_TO_FIELD,Field_4,1,PROTECTING,Field_8,1,PROTECTING,Field_5,1,MOVING_TO_FIELD,Field_4,1,MOVING_TO_FIELD,Field_4,1,MOVING_TO_FIELD,Field_7,1,MOVING_TO_FIELD,Field_5,1,MOVING_TO_FIELD,Field_20,1,MOVING_TO_FIELD,Field_4,1,MOVING_TO_FIELD,Field_4,1,MOVING_TO_FIELD,Field_1,1,MOVING_TO_FIELD,Field_2,1,MOVING_TO_FIELD,Field_8,1,MOVING_TO_FIELD,Field_5,1,MOVING_TO_FIELD,Field_20,1,MOVING_TO_FIELD,Field_4,1,MOVING_TO_FIELD,Field_4,1,MOVING_TO_FIELD,Field_20,1,MOVING_TO_FIELD,Field_1,1,MOVING_TO_FIELD,Field_1,1,MOVING_TO_FIELD,Field_20,1,MOVING_TO_FIELD,Field_20,1,MOVING_TO_FIELD,Field_4,1,MOVING_TO_FIELD,Field_5,1,IDLE,,1,MOVING_TO_FIELD,Field_1,1,MOVING_TO_FIELD,Field_20,1,MOVING_TO_FIELD,Field_2,1,MOVING_TO_FIELD,Field_20,1,PROTECTING,Field_5,1,MOVING_TO_FIELD,Field_20,1,MOVING_TO_FIELD,Field_20,6,0.18,0,4,4,12,0.22,0,3,2,0,0.10,0,0,4,0,0.28,1,9,3,4,0.12,4,4,-2,2,0.11,0,0,4,0,0.12,0,2,3,1,0.21,1,2,1,0,0.10,0,0,3,13,0.26,0,0,6,11,0.26,0,0,4,20,0.21,0,0,1,5,0.18,0,0,2,21,0.41,0,0,6,11,0.28,0,0,6,2,0.09,0,0,2,17,0.21,0,0,2,21,0.26,0,0,1,0,0.05,0,0,2,6,0.27,0,9,3
39,161,1,0,8,0,31,0,1,PROTECTING,Field_5,1,MOVING_TO_FIELD,Field_7,1,PROTECTING,Field_4,1,MOVING_TO_FIELD,Field_4,1,PROTECTING,Field_5,1,MOVING_TO_FIELD,Field_2,1,PROTECTING,Field_5,1,MOVING_TO_FIELD,Field_8,1,MOVING_TO_FIELD,Field_4,1,PROTECTING,Field_8,1,PROTECTING,Field_5,1,MOVING_TO_FIELD,Field_4,1,MOVING_TO_FIELD,Field_4,1,MOVING_TO_FIELD,Field_7,1,MOVING_TO_FIELD,Field_5,1,MOVING_TO_FIELD,Field_20,1,MOVING_TO_FIELD,Field_4,1,MOVING_TO_FIELD,Field_4,1,MOVING_TO_FIELD,Field_1,1,MOVING_TO_FIELD,Field_2,1,PROTECTING,Field_8,1,MOVING_TO_FIELD,Field_5,1,MOVING_TO_FIELD,Field_20,1,MOVING_TO_FIELD,Field_4,1,MOVING_TO_FIELD,Field_4,1,MOVING_TO_FIELD,Field_20,1,MOVING_TO_FIELD,Field_1,1,MOVING_TO_FIELD,Field_1,1,MOVING_TO_FIELD,Field_20,1,MOVING_TO_FIELD,Field_20,1,MOVING_TO_FIELD,Field_4,1,MOVING_TO_FIELD,Field_5,1,IDLE,,1,MOVING_TO_FIELD,Field_1,1,MOVING_TO_FIELD,Field_20,1,MOVING_TO_FIELD,Field_2,1,MOVING_TO_FIELD,Field_20,1,PROTECTING,Field_5,1,MOVING_TO_FIELD,Field_20,1,MOVING_TO_FIELD,Field_20,7,0.18,0,4,4,12,0.21,0,3,2,0,0.10,0,0,4,1,0.29,1,9,3,4,0.11,5,3,-3,2,0.12,0,0,4,1,0.12,0,2,3,1,0.23,2,1,0,0,0.09,0,0,3,13,0.27,0,0,6,11,0.28,0,0,4,21,0.21,0,0,1,8,0.16,0,0,2,21,0.42,0,0,6,12,0.28,0,0,6,2,0.09,0,0,2,17,0.21,0,0,2,22,0.26,0,0,1,0,0.08,0,0,2,6,0.27,0,9,3
40,162,1,0,9,0,30,0,1,PROTECTING,Field_5,1,MOVING_TO_FIELD,Field_7,1,PROTECTING,Field_4,1,MOVING_TO_FIELD,Field_4,1,PROTECTING,Field_5,1,MOVING_TO_FIELD,Field_2,1,PROTECTING,Field_5,1,MOVING_TO_FIELD,Field_8,1,MOVING_TO_FIELD,Field_4,1,PROTECTING,Field_8,1,PROTECTING,Field_5,1,MOVING_TO_FIELD,Field_4,1,MOVING_TO_FIELD,Field_4,1,MOVING_TO_FIELD,Field_7,1,MOVING_TO_FIELD,Field_5,1,MOVING_TO_FIELD,Field_20,1,MOVING_TO_FIELD,Field_4,1,MOVING_TO_FIELD,Field_4,1,MOVING_TO_FIELD,Field_1,1,MOVING_TO_FIELD,Field_2,1,PROTECTING,Field_8,1,MOVING_TO_FIELD,Field_5,1,MOVING_TO_FIELD,Field_20,1,MOVING_TO_FIELD,Field_4,1,MOVING_TO_FIELD,Field_4,1,MOVING_TO_FIELD,Field_20,1,MOVING_TO_FIELD,Field_1,1,MOVING_TO_FIELD,Field_1,1,MOVING_TO_FIELD,Field_20,1,MOVING_TO_FIELD,Field_20,1,MOVING_TO_FIELD,Field_4,1,MOVING_TO_FIELD,Field_5,1,IDLE,,1,MOVING_TO_FIELD,Field_1,1,MOVING_TO_FIELD,Field_20,1,PROTECTING,Field_2,1,MOVING_TO_FIELD,Field_20,1,PROTECTING,Field_5,1,MOVING_TO_FIELD,Field_20,1,MOVING_TO_FIELD,Field_20,7,0.18,0,4,4,12,0.20,1,2,1,0,0.10,0,0,4,1,0.29,1,9,3,4,0.11,5,3,-3,2,0.11,0,0,4,1,0.12,0,2,3,1,0.23,2,1,0,0,0.08,0,0,3,13,0.27,0,0,6,11,0.28,0,0,4,21,0.21,0,0,1,8,0.14,0,0,2,21,0.42,0,0,6,12,0.28,0,0,6,2,0.09,0,0,2,17,0.21,0,0,2,23,0.26,0,0,1,0,0.08,0,0,2,6,0.27,0,9,3
41,167,0,0,7,0,33,0,1,MOVING_TO_FIELD,Field_1,1,MOVING_TO_FIELD,Field_20,1,PROTECTING,Field_4,1,MOVING_TO_FIELD,Field_4,1,PROTECTING,Field_5,1,MOVING_TO_FIELD,Field_4,1,PROTECTING,Field_5,1,MOVING_TO_FIELD,Field_20,1,MOVING_TO_FIELD,Field_20,1,PROTECTING,Field_8,1,MOVING_TO_FIELD,Field_20,1,MOVING_TO_FIELD,Field_4,1,MOVING_TO_FIELD,Field_4,1,MOVING_TO_FIELD,Field_20,1,MOVING_TO_FIELD,Field_1,1,MOVING_TO_FIELD,Field_7,1,MOVING_TO_FIELD,Field_4,1,MOVING_TO_FIELD,Field_7,1,MOVING_TO_FIELD,Field_4,1,MOVING_TO_FIELD,Field_20,1,PROTECTING,Field_8,1,PROTECTING,Field_5,1,PROTECTING,Field_20,1,MOVING_TO_FIELD,Field_4,1,MOVING_TO_FIELD,Field_20,1,MOVING_TO_FIELD,Field_5,1,MOVING_TO_FIELD,Field_1,1,MOVING_TO_FIELD,Field_1,1,MOVING_TO_FIELD,Field_1,1,MOVING_TO_FIELD,Field_5,1,MOVING_TO_FIELD,Field_4,1,MOVING_TO_FIELD,Field_1,1,MOVING_TO_FIELD,Field_2,1,MOVING_TO_FIELD,Field_1,1,MOVING_TO_FIELD,Field_2,1,MOVING_TO_FIELD,Field_4,1,MOVING_TO_FIELD,Field_2,1,MOVING_TO_FIELD,Field_20,1,MOVING_TO_FIELD,Field_5,1,MOVING_TO_FIELD,Field_1,7,0.16,0,8,4,12,0.23,0,3,2,0,0.10,0,0,4,4,0.27,1,9,3,4,0.10,3,3,-1,2,0.11,0,0,4,1,0.11,0,2,3,1,0.23,2,0,0,0,0.07,0,0,3,14,0.27,0,0,6,11,0.25,0,0,4,21,0.18,0,0,1,8,0.14,0,0,2,21,0.41,0,0,6,13,0.28,0,0,6,2,0.09,0,0,2,17,0.21,0,0,2,23,0.24,0,0,1,0,0.08,0,0,2,6,0.27,1,8,2
42,172,0,0,7,0,33,0,1,MOVING_TO_FIELD,Field_1,1,MOVING_TO_FIELD,Field_20,1,PROTECTING,Field_4,1,MOVING_TO_FIELD,Field_4,1,PROTECTING,Field_5,1,MOVING_TO_FIELD,Field_4,1,PROTECTING,Field_5,1,MOVING_TO_FIELD,Field_20,1,MOVING_TO_FIELD,Field_20,1,PROTECTING,Field_8,1,MOVING_TO_FIELD,Field_20,1,MOVING_TO_FIELD,Field_4,1,MOVING_TO_FIELD,Field_4,1,MOVING_TO_FIELD,Field_20,1,MOVING_TO_FIELD,Field_1,1,MOVING_TO_FIELD,Field_7,1,MOVING_TO_FIELD,Field_4,1,MOVING_TO_FIELD,Field_7,1,MOVING_TO_FIELD,Field_4,1,MOVING_TO_FIELD,Field_20,1,PROTECTING,Field_8,1,PROTECTING,Field_5,1,PROTECTING,Field_20,1,MOVING_TO_FIELD,Field_4,1,MOVING_TO_FIELD,Field_20,1,MOVING_TO_FIELD,Field_5,1,MOVING_TO_FIELD,Field_1,1,MOVING_TO_FIELD,Field_1,1,MOVING_TO_FIELD,Field_1,1,MOVING_TO_FIELD,Field_5,1,MOVING_TO_FIELD,Field_4,1,MOVING_TO_FIELD,Field_1,1,MOVING_TO_FIELD,Field_2,1,MOVING_TO_FIELD,Field_1,1,MOVING_TO_FIELD,Field_2,1,MOVING_TO_FIELD,Field_4,1,MOVING_TO_FIELD,Field_2,1,MOVING_TO_FIELD,Field_20,1,MOVING_TO_FIELD,Field_5,1,MOVING_TO_FIELD,Field_1,7,0.16,0,8,4,12,0.24,0,3,2,0,0.10,0,0,4,5,0.28,1,9,3,4,0.05,3,3,-1,2,0.11,0,0,4,1,0.11,0,2,3,1,0.24,2,0,0,0,0.07,0,0,3,14,0.26,0,0,6,11,0.24,0,0,4,21,0.18,0,0,1,8,0.14,0,0,2,21,0.41,0,0,6,15,0.29,0,0,6,2,0.09,0,0,2,17,0.21,0,0,2,25,0.24,0,0,1,0,0.06,0,0,2,6,0.27,1,8,2
43,181,0,0,8,0,32,0,1,MOVING_TO_FIELD,Field_1,1,MOVING_TO_FIELD,Field_20,1,PROTECTING,Field_4,1,MOVING_TO_FIELD,Field_4,1,PROTECTING,Field_5,1,MOVING_TO_FIELD,Field_4,1,PROTECTING,Field_5,1,MOVING_TO_FIELD,Field_20,1,MOVING_TO_FIELD,Field_20,1,PROTECTING,Field_8,1,MOVING_TO_FIELD,Field_20,1,MOVING_TO_FIELD,Field_4,1,MOVING_TO_FIELD,Field_4,1,MOVING_TO_FIELD,Field_20,1,MOVING_TO_FIELD,Field_1,1,MOVING_TO_FIELD,Field_7,1,MOVING_TO_FIELD,Field_4,1,MOVING_TO_FIELD,Field_7,1,MOVING_TO_FIELD,Field_4,1,MOVING_TO_FIELD,Field_20,1,PROTECTING,Field_8,1,PROTECTING,Field_5,1,PROTECTING,Field_20,1,MOVING_TO_FIELD,Field_4,1,MOVING_TO_FIELD,Field_20,1,PROTECTING,Field_5,1,MOVING_TO_FIELD,Field_1,1,MOVING_TO_FIELD,Field_1,1,MOVING_TO_FIELD,Field_1,1,MOVING_TO_FIELD,Field_5,1,MOVING_TO_FIELD,Field_4,1,MOVING_TO_FIELD,Field_1,1,MOVING_TO_FIELD,Field_2,1,MOVING_TO_FIELD,Field_1,1,MOVING_TO_FIELD,Field_2,1,MOVING_TO_FIELD,Field_4,1,MOVING_TO_FIELD,Field_2,1,MOVING_TO_FIELD,Field_20,1,MOVING_TO_FIELD,Field_5,1,MOVING_TO_FIELD,Field_1,7,0.17,0,8,4,12,0.23,0,3,2,0,0.10,0,0,4,7,0.29,1,9,3,4,0.04,4,2,-2,2,0.12,0,0,4,1,0.11,0,2,3,1,0.23,2,0,0,0,0.06,0,0,3,14,0.25,0,0,6,11,0.24,0,0,4,22,0.18,0,0,1,8,0.14,0,0,2,23,0.39,0,0,6,18,0.28,0,0,6,2,0.09,0,0,2,17,0.21,0,0,2,25,0.22,0,0,1,0,0.06,0,0,2,7,0.27,1,8,2
44,184,0,0,9,0,31,0,1,MOVING_TO_FIELD,Field_1,1,MOVING_TO_FIELD,Field_20,1,PROTECTING,Field_4,1,MOVING_TO_FIELD,Field_4,1,PROTECTING,Field_5,1,MOVING_TO_FIELD,Field_4,1,PROTECTING,Field_5,1,MOVING_TO_FIELD,Field_20,1,MOVING_TO_FIELD,Field_20,1,PROTECTING,Field_8,1,MOVING_TO_FIELD,Field_20,1,MOVING_TO_FIELD,Field_4,1,PROTECTING,Field_4,1,MOVING_TO_FIELD,Field_20,1,MOVING_TO_FIELD,Field_1,1,MOVING_TO_FIELD,Field_7,1,MOVING_TO_FIELD,Field_4,1,MOVING_TO_FIELD,Field_7,1,MOVING_TO_FIELD,Field_4,1,MOVING_TO_FIELD,Field_20,1,PROTECTING,Field_8,1,PROTECTING,Field_5,1,PROTECTING,Field_20,1,MOVING_TO_FIELD,Field_4,1,MOVING_TO_FIELD,Field_20,1,PROTECTING,Field_5,1,MOVING_TO_FIELD,Field_1,1,MOVING_TO_FIELD,Field_1,1,MOVING_TO_FIELD,Field_1,1,MOVING_TO_FIELD,Field_5,1,MOVING_TO_FIELD,Field_4,1,MOVING_TO_FIELD,Field_1,1,MOVING_TO_FIELD,Field_2,1,MOVING_TO_FIELD,Field_1,1,MOVING_TO_FIELD,Field_2,1,MOVING_TO_FIELD,Field_4,1,MOVING_TO_FIELD,Field_2,1,MOVING_TO_FIELD,Field_20,1,MOVING_TO_FIELD,Field_5,1,MOVING_TO_FIELD,Field_1,7,0.16,0,8,4,12,0.24,0,3,2,0,0.10,0,0,4,7,0.29,2,8,2,4,0.02,4,2,-2,2,0.12,0,0,4,1,0.10,0,2,3,1,0.23,2,0,0,0,0.07,0,0,3,14,0.24,0,0,6,11,0.24,0,0,4,23,0.18,0,0,1,8,0.12,0,0,2,23,0.38,0,0,6,18,0.28,0,0,6,2,0.10,0,0,2,17,0.21,0,0,2,26,0.22,0,0,1,0,0.06,0,0,2,8,0.27,1,8,2
45,189,0,0,9,0,31,0,1,MOVING_TO_FIELD,Field_1,1,MOVING_TO_FIELD,Field_20,1,PROTECTING,Field_4,1,MOVING_TO_FIELD,Field_4,1,PROTECTING,Field_5,1,MOVING_TO_FIELD,Field_4,1,PROTECTING,Field_5,1,MOVING_TO_FIELD,Field_20,1,MOVING_TO_FIELD,Field_20,1,PROTECTING,Field_8,1,MOVING_TO_FIELD,Field_20,1,MOVING_TO_FIELD,Field_4,1,PROTECTING,Field_4,1,MOVING_TO_FIELD,Field_20,1,MOVING_TO_FIELD,Field_1,1,MOVING_TO_FIELD,Field_7,1,MOVING_TO_FIELD,Field_4,1,MOVING_TO_FIELD,Field_7,1,MOVING_TO_FIELD,Field_4,1,MOVING_TO_FIELD,Field_20,1,PROTECTING,Field_8,1,PROTECTING,Field_5,1,PROTECTING,Field_20,1,MOVING_TO_FIELD,Field_4,1,MOVING_TO_FIELD,Field_20,1,PROTECTING,Field_5,1,MOVING_TO_FIELD,Field_1,1,MOVING_TO_FIELD,Field_1,1,MOVING_TO_FIELD,Field_1,1,MOVING_TO_FIELD,Field_5,1,MOVING_TO_FIELD,Field_4,1,MOVING_TO_FIELD,Field_1,1,MOVING_TO_FIELD,Field_2,1,MOVING_TO_FIELD,Field_1,1,MOVING_TO_FIELD,Field_2,1,MOVING_TO_FIELD,Field_4,1,MOVING_TO_FIELD,Field_2,1,MOVING_TO_FIELD,Field_20,1,MOVING_TO_FIELD,Field_5,1,MOVING_TO_FIELD,Field_1,7,0.16,0,8,4,12,0.23,0,3,2,0,0.10,0,0,4,8,0.29,2,8,2,4,0.02,4,2,-2,2,0.13,0,0,4,1,0.10,0,2,3,1,0.21,2,0,0,0,0.07,0,0,3,14,0.24,0,0,6,11,0.24,0,0,4,23,0.15,0,0,1,8,0.09,0,0,2,24,0.37,0,0,6,20,0.28,0,0,6,2,0.11,0,0,2,17,0.23,0,0,2,27,0.20,0,0,1,0,0.06,0,0,2,8,0.27,1,8,2
46,196,0,0,11,0,29,0,1,MOVING_TO_FIELD,Field_1,1,MOVING_TO_FIELD,Field_20,1,PROTECTING,Field_4,1,MOVING_TO_FIELD,Field_4,1,PROTECTING,Field_5,1,MOVING_TO_FIELD,Field_4,1,PROTECTING,Field_5,1,MOVING_TO_FIELD,Field_20,1,MOVING_TO_FIELD,Field_20,1,PROTECTING,Field_8,1,PROTECTING,Field_20,1,MOVING_TO_FIELD,Field_4,1,PROTECTING,Field_4,1,MOVING_TO_FIELD,Field_20,1,MOVING_TO_FIELD,Field_1,1,MOVING_TO_FIELD,Field_7,1,MOVING_TO_FIELD,Field_4,1,MOVING_TO_FIELD,Field_7,1,MOVING_TO_FIELD,Field_4,1,MOVING_TO_FIELD,Field_20,1,PROTECTING,Field_8,1,PROTECTING,Field_5,1,PROTECTING,Field_20,1,MOVING_TO_FIELD,Field_4,1,MOVING_TO_FIELD,Field_20,1,PROTECTING,Field_5,1,MOVING_TO_FIELD,Field_1,1,MOVING_TO_FIELD,Field_1,1,MOVING_TO_FIELD,Field_1,1,MOVING_TO_FIELD,Field_5,1,MOVING_TO_FIELD,Field_4,1,MOVING_TO_FIELD,Field_1,1,MOVING_TO_FIELD,Field_2,1,MOVING_TO_FIELD,Field_1,1,MOVING_TO_FIELD,Field_2,1,MOVING_TO_FIELD,Field_4,1,MOVING_TO_FIELD,Field_2,1,PROTECTING,Field_20,1,MOVING_TO_FIELD,Field_5,1,MOVING_TO_FIELD,Field_1,8,0.16,0,8,4,13,0.21,0,3,2,0,0.10,0,0,4,9,0.29,2,8,2,4,0.01,4,2,-2,2,0.13,0,0,4,1,0.11,0,2,3,1,0.21,2,0,0,0,0.07,0,0,3,14,0.24,0,0,6,12,0.24,0,0,4,23,0.15,0,0,1,8,0.09,0,0,2,24,0.37,0,0,6,20,0.27,0,0,6,2,0.11,0,0,2,17,0.23,0,0,2,29,0.20,0,0,1,0,0.06,0,0,2,9,0.27,3,6,0
47,201,0,0,12,0,28,0,1,MOVING_TO_FIELD,Field_1,1,MOVING_TO_FIELD,Field_20,1,PROTECTING,Field_4,1,MOVING_TO_FIELD,Field_4,1,PROTECTING,Field_5,1,MOVING_TO_FIELD,Field_4,1,PROTECTING,Field_5,1,MOVING_TO_FIELD,Field_20,1,MOVING_TO_FIELD,Field_20,1,PROTECTING,Field_8,1,PROTECTING,Field_20,1,PROTECTING,Field_4,1,PROTECTING,Field_4,1,MOVING_TO_FIELD,Field_20,1,MOVING_TO_FIELD,Field_1,1,MOVING_TO_FIELD,Field_7,1,MOVING_TO_FIELD,Field_4,1,MOVING_TO_FIELD,Field_7,1,MOVING_TO_FIELD,Field_4,1,MOVING_TO_FIELD,Field_20,1,PROTECTING,Field_8,1,PROTECTING,Field_5,1,PROTECTING,Field_20,1,MOVING_TO_FIELD,Field_4,1,MOVING_TO_FIELD,Field_20,1,PROTECTING,Field_5,1,MOVING_TO_FIELD,Field_1,1,MOVING_TO_FIELD,Field_1,1,MOVING_TO_FIELD,Field_1,1,MOVING_TO_FIELD,Field_5,1,MOVING_TO_FIELD,Field_4,1,MOVING_TO_FIELD,Field_1,1,MOVING_TO_FIELD,Field_2,1,MOVING_TO_FIELD,Field_1,1,MOVING_TO_FIELD,Field_2,1,MOVING_TO_FIELD,Field_4,1,MOVING_TO_FIELD,Field_2,1,PROTECTING,Field_20,1,MOVING_TO_FIELD,Field_5,1,MOVING_TO_FIELD,Field_1,9,0.17,0,8,4,15,0.21,0,3,2,0,0.11,0,0,4,9,0.30,3,7,1,4,0.01,4,2,-2,2,0.12,0,0,4,1,0.11,0,2,3,1,0.19,2,0,0,0,0.07,0,0,3,14,0.24,0,0,6,12,0.24,0,0,4,23,0.15,0,0,1,8,0.09,0,0,2,24,0.37,0,0,6,21,0.27,0,0,6,2,0.12,0,0,2,17,0.23,0,0,2,30,0.19,0,0,1,0,0.06,0,0,2,9,0.27,3,6,0
48,207,0,0,13,0,27,0,1,MOVING_TO_FIELD,Field_1,1,MOVING_TO_FIELD,Field_20,1,PROTECTING,Field_4,1,MOVING_TO_FIELD,Field_4,1,PROTECTING,Field_5,1,MOVING_TO_FIELD,Field_4,1,PROTECTING,Field_5,1,MOVING_TO_FIELD,Field_20,1,MOVING_TO_FIELD,Field_20,1,PROTECTING,Field_8,1,PROTECTING,Field_20,1,PROTECTING,Field_4,1,PROTECTING,Field_4,1,MOVING_TO_FIELD,Field_20,1,MOVING_TO_FIELD,Field_1,1,MOVING_TO_FIELD,Field_7,1,MOVING_TO_FIELD,Field_4,1,MOVING_TO_FIELD,Field_7,1,MOVING_TO_FIELD,Field_4,1,MOVING_TO_FIELD,Field_20,1,PROTECTING,Field_8,1,PROTECTING,Field_5,1,PROTECTING,Field_20,1,PROTECTING,Field_4,1,MOVING_TO_FIELD,Field_20,1,PROTECTING,Field_5,1,MOVING_TO_FIELD,Field_1,1,MOVING_TO_FIELD,Field_1,1,MOVING_TO_FIELD,Field_1,1,MOVING_TO_FIELD,Field_5,1,MOVING_TO_FIELD,Field_4,1,MOVING_TO_FIELD,Field_1,1,MOVING_TO_FIELD,Field_2,1,MOVING_TO_FIELD,Field_1,1,MOVING_TO_FIELD,Field_2,1,MOVING_TO_FIELD,Field_4,1,MOVING_TO_FIELD,Field_2,1,PROTECTING,Field_20,1,MOVING_TO_FIELD,Field_5,1,MOVING_TO_FIELD,Field_1,11,0.17,0,8,4,15,0.20,0,3,2,0,0.11,0,0,4,9,0.30,4,6,0,4,0.01,4,2,-2,4,0.12,0,0,4,1,0.12,0,2,3,1,0.19,2,0,0,0,0.06,0,0,3,16,0.24,0,0,6,12,0.24,0,0,4,23,0.12,0,0,1,8,0.09,0,0,2,24,0.35,0,0,6,21,0.28,0,0,6,2,0.12,0,0,2,17,0.23,0,0,2,30,0.19,0,0,1,0,0.06,0,0,2,9,0.27,3,6,0
49,212,0,0,14,0,26,0,1,MOVING_TO_FIELD,Field_1,1,MOVING_TO_FIELD,Field_20,1,PROTECTING,Field_4,1,MOVING_TO_FIELD,Field_4,1,PROTECTING,Field_5,1,MOVING_TO_FIELD,Field_4,1,PROTECTING,Field_5,1,MOVING_TO_FIELD,Field_20,1,MOVING_TO_FIELD,Field_20,1,PROTECTING,Field_8,1,PROTECTING,Field_20,1,PROTECTING,Field_4,1,PROTECTING,Field_4,1,MOVING_TO_FIELD,Field_20,1,MOVING_TO_FIELD,Field_1,1,PROTECTING,Field_7,1,MOVING_TO_FIELD,Field_4,1,MOVING_TO_FIELD,Field_7,1,MOVING_TO_FIELD,Field_4,1,MOVING_TO_FIELD,Field_20,1,PROTECTING,Field_8,1,PROTECTING,Field_5,1,PROTECTING,Field_20,1,PROTECTING,Field_4,1,MOVING_TO_FIELD,Field_20,1,PROTECTING,Field_5,1,MOVING_TO_FIELD,Field_1,1,MOVING_TO_FIELD,Field_1,1,MOVING_TO_FIELD,Field_1,1,MOVING_TO_FIELD,Field_5,1,MOVING_TO_FIELD,Field_4,1,MOVING_TO_FIELD,Field_1,1,MOVING_TO_FIELD,Field_2,1,MOVING_TO_FIELD,Field_1,1,MOVING_TO_FIELD,Field_2,1,MOVING_TO_FIELD,Field_4,1,MOVING_TO_FIELD,Field_2,1,PROTECTING,Field_20,1,MOVING_TO_FIELD,Field_5,1,MOVING_TO_FIELD,Field_1,11,0.16,0,8,4,16,0.20,0,3,2,0,0.12,0,0,4,9,0.29,4,6,0,4,0.01,4,2,-2,4,0.13,0,0,4,1,0.12,1,1,2,1,0.14,2,0,0,0,0.07,0,0,3,17,0.25,0,0,6,12,0.24,0,0,4,23,0.09,0,0,1,8,0.09,0,0,2,25,0.35,0,0,6,21,0.28,0,0,6,3,0.12,0,0,2,17,0.23,0,0,2,31,0.19,0,0,1,0,0.06,0,0,2,9,0.27,3,6,0
50,214,0,0,14,0,26,0,1,MOVING_TO_FIELD,Field_1,1,MOVING_TO_FIELD,Field_20,1,PROTECTING,Field_4,1,MOVING_TO_FIELD,Field_4,1,PROTECTING,Field_5,1,MOVING_TO_FIELD,Field_4,1,PROTECTING,Field_5,1,MOVING_TO_FIELD,Field_20,1,MOVING_TO_FIELD,Field_20,1,PROTECTING,Field_8,1,PROTECTING,Field_20,1,PROTECTING,Field_4,1,PROTECTING,Field_4,1,MOVING_TO_FIELD,Field_20,1,MOVING_TO_FIELD,Field_1,1,PROTECTING,Field_7,1,MOVING_TO_FIELD,Field_4,1,MOVING_TO_FIELD,Field_7,1,MOVING_TO_FIELD,Field_4,1,MOVING_TO_FIELD,Field_20,1,PROTECTING,Field_8,1,PROTECTING,Field_5,1,PROTECTING,Field_20,1,PROTECTING,Field_4,1,MOVING_TO_FIELD,Field_20,1,PROTECTING,Field_5,1,MOVING_TO_FIELD,Field_1,1,MOVING_TO_FIELD,Field_1,1,MOVING_TO_FIELD,Field_1,1,MOVING_TO_FIELD,Field_5,1,MOVING_TO_FIELD,Field_4,1,MOVING_TO_FIELD,Field_1,1,MOVING_TO_FIELD,Field_2,1,MOVING_TO_FIELD,Field_1,1,MOVING_TO_FIELD,Field_2,1,MOVING_TO_FIELD,Field_4,1,MOVING_TO_FIELD,Field_2,1,PROTECTING,Field_20,1,MOVING_TO_FIELD,Field_5,1,MOVING_TO_FIELD,Field_1,11,0.16,0,8,4,16,0.20,0,3,2,0,0.12,0,0,4,9,0.26,4,6,0,4,0.01,4,2,-2,4,0.13,0,0,4,1,0.12,1,1,2,1,0.13,2,0,0,0,0.07,0,0,3,17,0.26,0,0,6,14,0.22,0,0,4,23,0.09,0,0,1,8,0.09,0,0,2,25,0.35,0,0,6,21,0.28,0,0,6,3,0.11,0,0,2,17,0.20,0,0,2,31,0.15,0,0,1,0,0.05,0,0,2,9,0.24,3,6,0
51,223,1,0,14,0,25,0,1,MOVING_TO_FIELD,Field_5,1,MOVING_TO_FIELD,Field_20,1,PROTECTING,Field_4,1,MOVING_TO_FIELD,Field_20,1,PROTECTING,Field_5,1,MOVING_TO_FIELD,Field_20,1,PROTECTING,Field_5,1,MOVING_TO_FIELD,Field_20,1,IDLE,,1,PROTECTING,Field_8,1,PROTECTING,Field_20,1,PROTECTING,Field_4,1,PROTECTING,Field_4,1,MOVING_TO_FIELD,Field_20,1,MOVING_TO_FIELD,Field_4,1,PROTECTING,Field_7,1,MOVING_TO_FIELD,Field_4,1,MOVING_TO_FIELD,Field_7,1,MOVING_TO_FIELD,Field_4,1,MOVING_TO_FIELD,Field_5,1,PROTECTING,Field_8,1,PROTECTING,Field_5,1,PROTECTING,Field_20,1,PROTECTING,Field_4,1,MOVING_TO_FIELD,Field_20,1,PROTECTING,Field_5,1,MOVING_TO_FIELD,Field_1,1,MOVING_TO_FIELD,Field_1,1,MOVING_TO_FIELD,Field_1,1,MOVING_TO_FIELD,Field_5,1,MOVING_TO_FIELD,Field_4,1,MOVING_TO_FIELD,Field_5,1,MOVING_TO_FIELD,Field_2,1,MOVING_TO_FIELD,Field_1,1,MOVING_TO_FIELD,Field_2,1,MOVING_TO_FIELD,Field_4,1,MOVING_TO_FIELD,Field_5,1,PROTECTING,Field_20,1,MOVING_TO_FIELD,Field_5,1,MOVING_TO_FIELD,Field_4,12,0.15,0,4,4,16,0.19,0,2,2,0,0.12,0,0,4,11,0.26,4,6,0,4,0.01,4,6,-2,4,0.13,0,0,4,1,0.12,1,1,2,1,0.11,2,0,0,0,0.07,0,0,3,17,0.26,0,0,6,15,0.22,0,0,4,23,0.09,0,0,1,8,0.07,0,0,2,29,0.35,0,0,6,21,0.28,0,0,6,4,0.11,0,0,2,17,0.18,0,0,2,31,0.13,0,0,1,0,0.05,0,0,2,9,0.24,3,6,0
52,226,1,0,14,0,25,0,1,MOVING_TO_FIELD,Field_5,1,MOVING_TO_FIELD,Field_20,1,PROTECTING,Field_4,1,MOVING_TO_FIELD,Field_20,1,PROTECTING,Field_5,1,MOVING_TO_FIELD,Field_20,1,PROTECTING,Field_5,1,MOVING_TO_FIELD,Field_20,1,IDLE,,1,PROTECTING,Field_8,1,PROTECTING,Field_20,1,PROTECTING,Field_4,1,PROTECTING,Field_4,1,MOVING_TO_FIELD,Field_20,1,MOVING_TO_FIELD,Field_4,1,PROTECTING,Field_7,1,MOVING_TO_FIELD,Field_4,1,MOVING_TO_FIELD,Field_7,1,MOVING_TO_FIELD,Field_4,1,MOVING_TO_FIELD,Field_5,1,PROTECTING,Field_8,1,PROTECTING,Field_5,1,PROTECTING,Field_20,1,PROTECTING,Field_4,1,MOVING_TO_FIELD,Field_20,1,PROTECTING,Field_5,1,MOVING_TO_FIELD,Field_1,1,MOVING_TO_FIELD,Field_1,1,MOVING_TO_FIELD,Field_1,1,MOVING_TO_FIELD,Field_5,1,MOVING_TO_FIELD,Field_4,1,MOVING_TO_FIELD,Field_5,1,MOVING_TO_FIELD,Field_2,1,MOVING_TO_FIELD,Field_1,1,MOVING_TO_FIELD,Field_2,1,MOVING_TO_FIELD,Field_4,1,MOVING_TO_FIELD,Field_5,1,PROTECTING,Field_20,1,MOVING_TO_FIELD,Field_5,1,MOVING_TO_FIELD,Field_4,12,0.14,0,4,4,16,0.20,0,2,2,0,0.12,0,0,4,11,0.26,4,6,0,4,0.00,4,6,-2,4,0.13,0,0,4,1,0.13,1,1,2,1,0.11,2,0,0,0,0.07,0,0,3,19,0.26,0,0,6,15,0.22,0,0,4,23,0.09,0,0,1,8,0.07,0,0,2,29,0.35,0,0,6,21,0.28,0,0,6,5,0.11,0,0,2,17,0.16,0,0,2,31,0.09,0,0,1,0,0.05,0,0,2,9,0.24,3,6,0
53,229,1,0,14,0,25,0,1,MOVING_TO_FIELD,Field_5,1,MOVING_TO_FIELD,Field_20,1,PROTECTING,Field_4,1,MOVING_TO_FIELD,Field_20,1,PROTECTING,Field_5,1,MOVING_TO_FIELD,Field_20,1,PROTECTING,Field_5,1,MOVING_TO_FIELD,Field_20,1,IDLE,,1,PROTECTING,Field_8,1,PROTECTING,Field_20,1,PROTECTING,Field_4,1,PROTECTING,Field_4,1,MOVING_TO_FIELD,Field_20,1,MOVING_TO_FIELD,Field_4,1,PROTECTING,Field_7,1,MOVING_TO_FIELD,Field_4,1,MOVING_TO_FIELD,Field_7,1,MOVING_TO_FIELD,Field_4,1,MOVING_TO_FIELD,Field_5,1,PROTECTING,Field_8,1,PROTECTING,Field_5,1,PROTECTING,Field_20,1,PROTECTING,Field_4,1,MOVING_TO_FIELD,Field_20,1,PROTECTING,Field_5,1,MOVING_TO_FIELD,Field_1,1,MOVING_TO_FIELD,Field_1,1,MOVING_TO_FIELD,Field_1,1,MOVING_TO_FIELD,Field_5,1,MOVING_TO_FIELD,Field_4,1,MOVING_TO_FIELD,Field_5,1,MOVING_TO_FIELD,Field_2,1,MOVING_TO_FIELD,Field_1,1,MOVING_TO_FIELD,Field_2,1,MOVING_TO_FIELD,Field_4,1,MOVING_TO_FIELD,Field_5,1,PROTECTING,Field_20,1,MOVING_TO_FIELD,Field_5,1,MOVING_TO_FIELD,Field_4,12,0.13,0,4,4,16,0.20,0,2,2,0,0.11,0,0,4,11,0.24,4,6,0,4,0.00,4,6,-2,4,0.14,0,0,4,1,0.13,1,1,2,1,0.10,2,0,0,0,0.06,0,0,3,19,0.25,0,0,6,16,0.20,0,0,4,23,0.09,0,0,1,8,0.07,0,0,2,31,0.35,0,0,6,21,0.28,0,0,6,5,0.11,0,0,2,17,0.16,0,0,2,31,0.09,0,0,1,0,0.05,0,0,2,9,0.22,3,6,0
54,235,1,0,14,0,25,0,1,MOVING_TO_FIELD,Field_5,1,MOVING_TO_FIELD,Field_20,1,PROTECTING,Field_4,1,MOVING_TO_FIELD,Field_20,1,PROTECTING,Field_5,1,MOVING_TO_FIELD,Field_20,1,PROTECTING,Field_5,1,MOVING_TO_FIELD,Field_20,1,IDLE,,1,PROTECTING,Field_8,1,PROTECTING,Field_20,1,PROTECTING,Field_4,1,PROTECTING,Field_4,1,MOVING_TO_FIELD,Field_20,1,MOVING_TO_FIELD,Field_4,1,PROTECTING,Field_7,1,MOVING_TO_FIELD,Field_4,1,MOVING_TO_FIELD,Field_7,1,MOVING_TO_FIELD,Field_4,1,MOVING_TO_FIELD,Field_5,1,PROTECTING,Field_8,1,PROTECTING,Field_5,1,PROTECTING,Field_20,1,PROTECTING,Field_4,1,MOVING_TO_FIELD,Field_20,1,PROTECTING,Field_5,1,MOVING_TO_FIELD,Field_1,1,MOVING_TO_FIELD,Field_1,1,MOVING_TO_FIELD,Field_1,1,MOVING_TO_FIELD,Field_5,1,MOVING_TO_FIELD,Field_4,1,MOVING_TO_FIELD,Field_5,1,MOVING_TO_FIELD,Field_2,1,MOVING_TO_FIELD,Field_1,1,MOVING_TO_FIELD,Field_2,1,MOVING_TO_FIELD,Field_4,1,MOVING_TO_FIELD,Field_5,1,PROTECTING,Field_20,1,MOVING_TO_FIELD,Field_5,1,MOVING_TO_FIELD,Field_4,12,0.14,0,4,4,16,0.18,0,2,2,0,0.11,0,0,4,12,0.24,4,6,0,4,0.00,4,6,-2,4,0.14,0,0,4,3,0.12,1,1,2,1,0.10,2,0,0,0,0.06,0,0,3,19,0.26,0,0,6,16,0.20,0,0,4,23,0.09,0,0,1,8,0.07,0,0,2,33,0.32,0,0,6,22,0.28,0,0,6,5,0.12,0,0,2,17,0.16,0,0,2,31,0.09,0,0,1,0,0.05,0,0,2,9,0.22,3,6,0
55,236,1,0,15,0,24,0,1,MOVING_TO_FIELD,Field_5,1,MOVING_TO_FIELD,Field_20,1,PROTECTING,Field_4,1,MOVING_TO_FIELD,Field_20,1,PROTECTING,Field_5,1,MOVING_TO_FIELD,Field_20,1,PROTECTING,Field_5,1,MOVING_TO_FIELD,Field_20,1,IDLE,,1,PROTECTING,Field_8,1,PROTECTING,Field_20,1,PROTECTING,Field_4,1,PROTECTING,Field_4,1,MOVING_TO_FIELD,Field_20,1,MOVING_TO_FIELD,Field_4,1,PROTECTING,Field_7,1,MOVING_TO_FIELD,Field_4,1,PROTECTING,Field_7,1,MOVING_TO_FIELD,Field_4,1,MOVING_TO_FIELD,Field_5,1,PROTECTING,Field_8,1,PROTECTING,Field_5,1,PROTECTING,Field_20,1,PROTECTING,Field_4,1,MOVING_TO_FIELD,Field_20,1,PROTECTING,Field_5,1,MOVING_TO_FIELD,Field_1,1,MOVING_TO_FIELD,Field_1,1,MOVING_TO_FIELD,Field_1,1,MOVING_TO_FIELD,Field_5,1,MOVING_TO_FIELD,Field_4,1,MOVING_TO_FIELD,Field_5,1,MOVING_TO_FIELD,Field_2,1,MOVING_TO_FIELD,Field_1,1,MOVING_TO_FIELD,Field_2,1,MOVING_TO_FIELD,Field_4,1,MOVING_TO_FIELD,Field_5,1,PROTECTING,Field_20,1,MOVING_TO_FIELD,Field_5,1,MOVING_TO_FIELD,Field_4,12,0.14,0,4,4,16,0.18,0,2,2,0,0.10,0,0,4,12,0.23,4,6,0,4,0.00,4,6,-2,4,0.13,0,0,4,3,0.11,2,0,1,1,0.10,2,0,0,0,0.06,0,0,3,20,0.25,0,0,6,16,0.20,0,0,4,23,0.09,0,0,1,8,0.07,0,0,2,33,0.32,0,0,6,22,0.28,0,0,6,5,0.11,0,0,2,17,0.15,0,0,2,31,0.09,0,0,1,0,0.06,0,0,2,9,0.22,3,6,0
56,238,1,0,15,0,24,0,1,MOVING_TO_FIELD,Field_5,1,MOVING_TO_FIELD,Field_20,1,PROTECTING,Field_4,1,MOVING_TO_FIELD,Field_20,1,PROTECTING,Field_5,1,MOVING_TO_FIELD,Field_20,1,PROTECTING,Field_5,1,MOVING_TO_FIELD,Field_20,1,IDLE,,1,PROTECTING,Field_8,1,PROTECTING,Field_20,1,PROTECTING,Field_4,1,PROTECTING,Field_4,1,MOVING_TO_FIELD,Field_20,1,MOVING_TO_FIELD,Field_4,1,PROTECTING,Field_7,1,MOVING_TO_FIELD,Field_4,1,PROTECTING,Field_7,1,MOVING_TO_FIELD,Field_4,1,MOVING_TO_FIELD,Field_5,1,PROTECTING,Field_8,1,PROTECTING,Field_5,1,PROTECTING,Field_20,1,PROTECTING,Field_4,1,MOVING_TO_FIELD,Field_20,1,PROTECTING,Field_5,1,MOVING_TO_FIELD,Field_1,1,MOVING_TO_FIELD,Field_1,1,MOVING_TO_FIELD,Field_1,1,MOVING_TO_FIELD,Field_5,1,MOVING_TO_FIELD,Field_4,1,MOVING_TO_FIELD,Field_5,1,MOVING_TO_FIELD,Field_2,1,MOVING_TO_FIELD,Field_1,1,MOVING_TO_FIELD,Field_2,1,MOVING_TO_FIELD,Field_4,1,MOVING_TO_FIELD,Field_5,1,PROTECTING,Field_20,1,MOVING_TO_FIELD,Field_5,1,MOVING_TO_FIELD,Field_4,12,0.14,0,4,4,17,0.16,0,2,2,0,0.10,0,0,4,12,0.20,4,6,0,4,0.00,4,6,-2,4,0.13,0,0,4,3,0.12,2,0,1,1,0.07,2,0,0,0,0.06,0,0,3,20,0.26,0,0,6,16,0.20,0,0,4,23,0.09,0,0,1,8,0.07,0,0,2,33,0.31,0,0,6,23,0.28,0,0,6,5,0.11,0,0,2,17,0.15,0,0,2,31,0.09,0,0,1,0,0.06,0,0,2,9,0.22,3,6,0
57,240,1,0,17,0,22,0,1,MOVING_TO_FIELD,Field_5,1,MOVING_TO_FIELD,Field_20,1,PROTECTING,Field_4,1,MOVING_TO_FIELD,Field_20,1,PROTECTING,Field_5,1,MOVING_TO_FIELD,Field_20,1,PROTECTING,Field_5,1,MOVING_TO_FIELD,Field_20,1,IDLE,,1,PROTECTING,Field_8,1,PROTECTING,Field_20,1,PROTECTING,Field_4,1,PROTECTING,Field_4,1,MOVING_TO_FIELD,Field_20,1,MOVING_TO_FIELD,Field_4,1,PROTECTING,Field_7,1,MOVING_TO_FIELD,Field_4,1,PROTECTING,Field_7,1,MOVING_TO_FIELD,Field_4,1,MOVING_TO_FIELD,Field_5,1,PROTECTING,Field_8,1,PROTECTING,Field_5,1,PROTECTING,Field_20,1,PROTECTING,Field_4,1,MOVING_TO_FIELD,Field_20,1,PROTECTING,Field_5,1,MOVING_TO_FIELD,Field_1,1,MOVING_TO_FIELD,Field_1,1,MOVING_TO_FIELD,Field_1,1,PROTECTING,Field_5,1,PROTECTING,Field_4,1,MOVING_TO_FIELD,Field_5,1,MOVING_TO_FIELD,Field_2,1,MOVING_TO_FIELD,Field_1,1,MOVING_TO_FIELD,Field_2,1,MOVING_TO_FIELD,Field_4,1,MOVING_TO_FIELD,Field_5,1,PROTECTING,Field_20,1,MOVING_TO_FIELD,Field_5,1,MOVING_TO_FIELD,Field_4,12,0.14,0,4,4,18,0.16,0,2,2,0,0.10,0,0,4,12,0.20,5,5,-1,4,0.00,5,5,-3,4,0.13,0,0,4,4,0.12,2,0,1,1,0.07,2,0,0,0,0.04,0,0,3,20,0.25,0,0,6,16,0.20,0,0,4,23,0.09,0,0,1,8,0.07,0,0,2,33,0.30,0,0,6,23,0.29,0,0,6,5,0.12,0,0,2,17,0.15,0,0,2,31,0.07,0,0,1,0,0.06,0,0,2,9,0.20,3,6,0
58,244,1,0,18,0,21,0,1,MOVING_TO_FIELD,Field_5,1,MOVING_TO_FIELD,Field_20,1,PROTECTING,Field_4,1,MOVING_TO_FIELD,Field_20,1,PROTECTING,Field_5,1,MOVING_TO_FIELD,Field_20,1,PROTECTING,Field_5,1,MOVING_TO_FIELD,Field_20,1,IDLE,,1,PROTECTING,Field_8,1,PROTECTING,Field_20,1,PROTECTING,Field_4,1,PROTECTING,Field_4,1,MOVING_TO_FIELD,Field_20,1,MOVING_TO_FIELD,Field_4,1,PROTECTING,Field_7,1,MOVING_TO_FIELD,Field_4,1,PROTECTING,Field_7,1,MOVING_TO_FIELD,Field_4,1,MOVING_TO_FIELD,Field_5,1,PROTECTING,Field_8,1,PROTECTING,Field_5,1,PROTECTING,Field_20,1,PROTECTING,Field_4,1,MOVING_TO_FIELD,Field_20,1,PROTECTING,Field_5,1,MOVING_TO_FIELD,Field_1,1,MOVING_TO_FIELD,Field_1,1,MOVING_TO_FIELD,Field_1,1,PROTECTING,Field_5,1,PROTECTING,Field_4,1,PROTECTING,Field_5,1,MOVING_TO_FIELD,Field_2,1,MOVING_TO_FIELD,Field_1,1,MOVING_TO_FIELD,Field_2,1,MOVING_TO_FIELD,Field_4,1,MOVING_TO_FIELD,Field_5,1,PROTECTING,Field_20,1,MOVING_TO_FIELD,Field_5,1,MOVING_TO_FIELD,Field_4,12,0.14,0,4,4,18,0.16,0,2,2,0,0.09,0,0,4,13,0.18,5,5,-1,4,0.00,6,4,-4,4,0.12,0,0,4,6,0.11,2,0,1,1,0.06,2,0,0,0,0.04,0,0,3,20,0.26,0,0,6,16,0.17,0,0,4,24,0.09,0,0,1,8,0.07,0,0,2,33,0.28,0,0,6,23,0.29,0,0,6,5,0.12,0,0,2,17,0.15,0,0,2,31,0.07,0,0,1,0,0.06,0,0,2,9,0.18,3,6,0
59,247,1,0,19,0,20,0,1,MOVING_TO_FIELD,Field_5,1,MOVING_TO_FIELD,Field_20,1,PROTECTING,Field_4,1,MOVING_TO_FIELD,Field_20,1,PROTECTING,Field_5,1,MOVING_TO_FIELD,Field_20,1,PROTECTING,Field_5,1,MOVING_TO_FIELD,Field_20,1,IDLE,,1,PROTECTING,Field_8,1,PROTECTING,Field_20,1,PROTECTING,Field_4,1,PROTECTING,Field_4,1,MOVING_TO_FIELD,Field_20,1,MOVING_TO_FIELD,Field_4,1,PROTECTING,Field_7,1,PROTECTING,Field_4,1,PROTECTING,Field_7,1,MOVING_TO_FIELD,Field_4,1,MOVING_TO_FIELD,Field_5,1,PROTECTING,Field_8,1,PROTECTING,Field_5,1,PROTECTING,Field_20,1,PROTECTING,Field_4,1,MOVING_TO_FIELD,Field_20,1,PROTECTING,Field_5,1,MOVING_TO_FIELD,Field_1,1,MOVING_TO_FIELD,Field_1,1,MOVING_TO_FIELD,Field_1,1,PROTECTING,Field_5,1,PROTECTING,Field_4,1,PROTECTING,Field_5,1,MOVING_TO_FIELD,Field_2,1,MOVING_TO_FIELD,Field_1,1,MOVING_TO_FIELD,Field_2,1,MOVING_TO_FIELD,Field_4,1,MOVING_TO_FIELD,Field_5,1,PROTECTING,Field_20,1,MOVING_TO_FIELD,Field_5,1,MOVING_TO_FIELD,Field_4,12,0.14,0,4,4,18,0.16,0,2,2,1,0.09,0,0,4,13,0.18,6,4,-2,4,0.00,6,4,-4,4,0.12,0,0,4,6,0.12,2,0,1,1,0.03,2,0,0,0,0.04,0,0,3,20,0.26,0,0,6,16,0.17,0,0,4,24,0.09,0,0,1,8,0.05,0,0,2,33,0.27,0,0,6,23,0.28,0,0,6,6,0.12,0,0,2,18,0.15,0,0,2,31,0.07,0,0,1,0,0.05,0,0,2,9,0.18,3,6,0
60,247,1,0,19,0,20,0,1,MOVING_TO_FIELD,Field_5,1,MOVING_TO_FIELD,Field_20,1,PROTECTING,Field_4,1,MOVING_TO_FIELD,Field_20,1,PROTECTING,Field_5,1,MOVING_TO_FIELD,Field_20,1,PROTECTING,Field_5,1,MOVING_TO_FIELD,Field_20,1,IDLE,,1,PROTECTING,Field_8,1,PROTECTING,Field_20,1,PROTECTING,Field_4,1,PROTECTING,Field_4,1,MOVING_TO_FIELD,Field_20,1,MOVING_TO_FIELD,Field_4,1,PROTECTING,Field_7,1,PROTECTING,Field_4,1,PROTECTING,Field_7,1,MOVING_TO_FIELD,Field_4,1,MOVING_TO_FIELD,Field_5,1,PROTECTING,Field_8,1,PROTECTING,Field_5,1,PROTECTING,Field_20,1,PROTECTING,Field_4,1,MOVING_TO_FIELD,Field_20,1,PROTECTING,Field_5,1,MOVING_TO_FIELD,Field_1,1,MOVING_TO_FIELD,Field_1,1,MOVING_TO_FIELD,Field_1,1,PROTECTING,Field_5,1,PROTECTING,Field_4,1,PROTECTING,Field_5,1,MOVING_TO_FIELD,Field_2,1,MOVING_TO_FIELD,Field_1,1,MOVING_TO_FIELD,Field_2,1,MOVING_TO_FIELD,Field_4,1,MOVING_TO_FIELD,Field_5,1,PROTECTING,Field_20,1,MOVING_TO_FIELD,Field_5,1,MOVING_TO_FIELD,Field_4,12,0.15,0,4,4,18,0.18,0,2,2,1,0.09,0,0,4,13,0.17,6,4,-2,4,0.00,6,4,-4,4,0.12,0,0,4,6,0.11,2,0,1,1,0.01,2,0,0,0,0.06,0,0,3,20,0.25,0,0,6,16,0.18,0,0,4,24,0.09,0,0,1,8,0.05,0,0,2,33,0.25,0,0,6,23,0.28,0,0,6,6,0.12,0,0,2,18,0.15,0,0,2,31,0.07,0,0,1,0,0.03,0,0,2,9,0.16,3,6,0
61,249,3,0,8,0,29,0,1,MOVING_TO_FIELD,Field_1,1,MOVING_TO_FIELD,Field_5,1,PROTECTING,Field_4,1,MOVING_TO_FIELD,Field_5,1,MOVING_TO_FIELD,Field_4,1,MOVING_TO_FIELD,Field_20,1,MOVING_TO_FIELD,Field_4,1,MOVING_TO_FIELD,Field_1,1,MOVING_TO_FIELD,Field_20,1,IDLE,,1,PROTECTING,Field_20,1,PROTECTING,Field_4,1,PROTECTING,Field_4,1,MOVING_TO_FIELD,Field_1,1,MOVING_TO_FIELD,Field_5,1,MOVING_TO_FIELD,Field_20,1,MOVING_TO_FIELD,Field_7,1,MOVING_TO_FIELD,Field_20,1,MOVING_TO_FIELD,Field_20,1,MOVING_TO_FIELD,Field_5,1,IDLE,,1,MOVING_TO_FIELD,Field_4,1,PROTECTING,Field_20,1,MOVING_TO_FIELD,Field_7,1,MOVING_TO_FIELD,Field_1,1,MOVING_TO_FIELD,Field_4,1,MOVING_TO_FIELD,Field_1,1,MOVING_TO_FIELD,Field_1,1,PROTECTING,Field_1,1,MOVING_TO_FIELD,Field_4,1,PROTECTING,Field_4,1,MOVING_TO_FIELD,Field_4,1,MOVING_TO_FIELD,Field_2,1,MOVING_TO_FIELD,Field_1,1,MOVING_TO_FIELD,Field_2,1,MOVING_TO_FIELD,Field_20,1,MOVING_TO_FIELD,Field_5,1,PROTECTING,Field_20,1,IDLE,,1,MOVING_TO_FIELD,Field_5,12,0.15,1,7,3,18,0.16,0,2,2,1,0.10,0,0,4,13,0.17,4,6,0,4,0.00,0,6,2,4,0.12,0,0,4,6,0.12,0,2,3,1,0.01,0,0,2,0,0.07,0,0,3,20,0.25,0,0,6,16,0.17,0,0,4,24,0.09,0,0,1,8,0.04,0,0,2,33,0.24,0,0,6,24,0.28,0,0,6,6,0.11,0,0,2,19,0.11,0,0,2,31,0.07,0,0,1,0,0.03,0,0,2,9,0.16,3,6,0
62,253,3,0,11,0,26,0,1,MOVING_TO_FIELD,Field_1,1,PROTECTING,Field_5,1,PROTECTING,Field_4,1,MOVING_TO_FIELD,Field_5,1,MOVING_TO_FIELD,Field_4,1,MOVING_TO_FIELD,Field_20,1,MOVING_TO_FIELD,Field_4,1,MOVING_TO_FIELD,Field_1,1,MOVING_TO_FIELD,Field_20,1,IDLE,,1,PROTECTING,Field_20,1,PROTECTING,Field_4,1,PROTECTING,Field_4,1,MOVING_TO_FIELD,Field_1,1,MOVING_TO_FIELD,Field_5,1,MOVING_TO_FIELD,Field_20,1,MOVING_TO_FIELD,Field_7,1,MOVING_TO_FIELD,Field_20,1,MOVING_TO_FIELD,Field_20,1,MOVING_TO_FIELD,Field_5,1,IDLE,,1,MOVING_TO_FIELD,Field_4,1,PROTECTING,Field_20,1,MOVING_TO_FIELD,Field_7,1,MOVING_TO_FIELD,Field_1,1,MOVING_TO_FIELD,Field_4,1,PROTECTING,Field_1,1,PROTECTING,Field_1,1,PROTECTING,Field_1,1,MOVING_TO_FIELD,Field_4,1,PROTECTING,Field_4,1,MOVING_TO_FIELD,Field_4,1,MOVING_TO_FIELD,Field_2,1,MOVING_TO_FIELD,Field_1,1,MOVING_TO_FIELD,Field_2,1,MOVING_TO_FIELD,Field_20,1,MOVING_TO_FIELD,Field_5,1,PROTECTING,Field_20,1,IDLE,,1,MOVING_TO_FIELD,Field_5,12,0.15,3,5,1,18,0.18,0,2,2,1,0.10,0,0,4,13,0.17,4,6,0,4,0.00,1,5,1,4,0.12,0,0,4,7,0.12,0,2,3,1,0.00,0,0,2,0,0.08,0,0,3,20,0.25,0,0,6,16,0.17,0,0,4,24,0.09,0,0,1,8,0.04,0,0,2,33,0.21,0,0,6,27,0.27,0,0,6,6,0.11,0,0,2,19,0.11,0,0,2,31,0.07,0,0,1,0,0.00,0,0,2,9,0.16,3,6,0
63,253,3,0,11,0,26,0,1,MOVING_TO_FIELD,Field_1,1,PROTECTING,Field_5,1,PROTECTING,Field_4,1,MOVING_TO_FIELD,Field_5,1,MOVING_TO_FIELD,Field_4,1,MOVING_TO_FIELD,Field_20,1,MOVING_TO_FIELD,Field_4,1,MOVING_TO_FIELD,Field_1,1,MOVING_TO_FIELD,Field_20,1,IDLE,,1,PROTECTING,Field_20,1,PROTECTING,Field_4,1,PROTECTING,Field_4,1,MOVING_TO_FIELD,Field_1,1,MOVING_TO_FIELD,Field_5,1,MOVING_TO_FIELD,Field_20,1,MOVING_TO_FIELD,Field_7,1,MOVING_TO_FIELD,Field_20,1,MOVING_TO_FIELD,Field_20,1,MOVING_TO_FIELD,Field_5,1,IDLE,,1,MOVING_TO_FIELD,Field_4,1,PROTECTING,Field_20,1,MOVING_TO_FIELD,Field_7,1,MOVING_TO_FIELD,Field_1,1,MOVING_TO_FIELD,Field_4,1,PROTECTING,Field_1,1,PROTECTING,Field_1,1,PROTECTING,Field_1,1,MOVING_TO_FIELD,Field_4,1,PROTECTING,Field_4,1,MOVING_TO_FIELD,Field_4,1,MOVING_TO_FIELD,Field_2,1,MOVING_TO_FIELD,Field_1,1,MOVING_TO_FIELD,Field_2,1,MOVING_TO_FIELD,Field_20,1,MOVING_TO_FIELD,Field_5,1,PROTECTING,Field_20,1,IDLE,,1,MOVING_TO_FIELD,Field_5,12,0.15,3,5,1,18,0.18,0,2,2,1,0.10,0,0,4,13,0.14,4,6,0,4,0.00,1,5,1,4,0.11,0,0,4,7,0.12,0,2,3,1,0.00,0,0,2,0,0.08,0,0,3,20,0.25,0,0,6,16,0.16,0,0,4,24,0.09,0,0,1,8,0.04,0,0,2,33,0.21,0,0,6,27,0.26,0,0,6,6,0.12,0,0,2,19,0.13,0,0,2,31,0.07,0,0,1,0,0.00,0,0,2,9,0.12,3,6,0
64,256,3,0,11,0,26,0,1,MOVING_TO_FIELD,Field_1,1,PROTECTING,Field_5,1,PROTECTING,Field_4,1,MOVING_TO_FIELD,Field_5,1,MOVING_TO_FIELD,Field_4,1,MOVING_TO_FIELD,Field_20,1,MOVING_TO_FIELD,Field_4,1,MOVING_TO_FIELD,Field_1,1,MOVING_TO_FIELD,Field_20,1,IDLE,,1,PROTECTING,Field_20,1,PROTECTING,Field_4,1,PROTECTING,Field_4,1,MOVING_TO_FIELD,Field_1,1,MOVING_TO_FIELD,Field_5,1,MOVING_TO_FIELD,Field_20,1,MOVING_TO_FIELD,Field_7,1,MOVING_TO_FIELD,Field_20,1,MOVING_TO_FIELD,Field_20,1,MOVING_TO_FIELD,Field_5,1,IDLE,,1,MOVING_TO_FIELD,Field_4,1,PROTECTING,Field_20,1,MOVING_TO_FIELD,Field_7,1,MOVING_TO_FIELD,Field_1,1,MOVING_TO_FIELD,Field_4,1,PROTECTING,Field_1,1,PROTECTING,Field_1,1,PROTECTING,Field_1,1,MOVING_TO_FIELD,Field_4,1,PROTECTING,Field_4,1,MOVING_TO_FIELD,Field_4,1,MOVING_TO_FIELD,Field_2,1,MOVING_TO_FIELD,Field_1,1,MOVING_TO_FIELD,Field_2,1,MOVING_TO_FIELD,Field_20,1,MOVING_TO_FIELD,Field_5,1,PROTECTING,Field_20,1,IDLE,,1,MOVING_TO_FIELD,Field_5,12,0.16,3,5,1,18,0.15,0,2,2,1,0.09,0,0,4,13,0.13,4,6,0,4,0.00,1,5,1,4,0.11,0,0,4,8,0.12,0,2,3,1,0.00,0,0,2,0,0.07,0,0,3,20,0.26,0,0,6,16,0.17,0,0,4,24,0.06,0,0,1,8,0.04,0,0,2,34,0.21,0,0,6,28,0.26,0,0,6,6,0.12,0,0,2,19,0.13,0,0,2,31,0.09,0,0,1,0,0.00,0,0,2,9,0.12,3,6,0
65,257,3,0,12,0,25,0,1,MOVING_TO_FIELD,Field_1,1,PROTECTING,Field_5,1,PROTECTING,Field_4,1,MOVING_TO_FIELD,Field_5,1,MOVING_TO_FIELD,Field_4,1,MOVING_TO_FIELD,Field_20,1,MOVING_TO_FIELD,Field_4,1,MOVING_TO_FIELD,Field_1,1,MOVING_TO_FIELD,Field_20,1,IDLE,,1,PROTECTING,Field_20,1,PROTECTING,Field_4,1,PROTECTING,Field_4,1,MOVING_TO_FIELD,Field_1,1,MOVING_TO_FIELD,Field_5,1,MOVING_TO_FIELD,Field_20,1,MOVING_TO_FIELD,Field_7,1,MOVING_TO_FIELD,Field_20,1,MOVING_TO_FIELD,Field_20,1,MOVING_TO_FIELD,Field_5,1,IDLE,,1,MOVING_TO_FIELD,Field_4,1,PROTECTING,Field_20,1,MOVING_TO_FIELD,Field_7,1,MOVING_TO_FIELD,Field_1,1,MOVING_TO_FIELD,Field_4,1,PROTECTING,Field_1,1,PROTECTING,Field_1,1,PROTECTING,Field_1,1,MOVING_TO_FIELD,Field_4,1,PROTECTING,Field_4,1,MOVING_TO_FIELD,Field_4,1,MOVING_TO_FIELD,Field_2,1,MOVING_TO_FIELD,Field_1,1,PROTECTING,Field_2,1,MOVING_TO_FIELD,Field_20,1,MOVING_TO_FIELD,Field_5,1,PROTECTING,Field_20,1,IDLE,,1,MOVING_TO_FIELD,Field_5,12,0.15,3,5,1,18,0.14,1,1,1,1,0.09,0,0,4,13,0.13,4,6,0,4,0.00,1,5,1,4,0.10,0,0,4,8,0.13,0,2,3,1,0.00,0,0,2,0,0.07,0,0,3,20,0.26,0,0,6,16,0.18,0,0,4,24,0.06,0,0,1,8,0.04,0,0,2,34,0.20,0,0,6,29,0.27,0,0,6,6,0.11,0,0,2,19,0.13,0,0,2,31,0.09,0,0,1,0,0.00,0,0,2,9,0.08,3,6,0
66,260,3,0,13,0,24,0,1,MOVING_TO_FIELD,Field_1,1,PROTECTING,Field_5,1,PROTECTING,Field_4,1,MOVING_TO_FIELD,Field_5,1,MOVING_TO_FIELD,Field_4,1,MOVING_TO_FIELD,Field_20,1,MOVING_TO_FIELD,Field_4,1,MOVING_TO_FIELD,Field_1,1,MOVING_TO_FIELD,Field_20,1,IDLE,,1,PROTECTING,Field_20,1,PROTECTING,Field_4,1,PROTECTING,Field_4,1,MOVING_TO_FIELD,Field_1,1,MOVING_TO_FIELD,Field_5,1,MOVING_TO_FIELD,Field_20,1,MOVING_TO_FIELD,Field_7,1,MOVING_TO_FIELD,Field_20,1,MOVING_TO_FIELD,Field_20,1,MOVING_TO_FIELD,Field_5,1,IDLE,,1,MOVING_TO_FIELD,Field_4,1,PROTECTING,Field_20,1,MOVING_TO_FIELD,Field_7,1,MOVING_TO_FIELD,Field_1,1,MOVING_TO_FIELD,Field_4,1,PROTECTING,Field_1,1,PROTECTING,Field_1,1,PROTECTING,Field_1,1,MOVING_TO_FIELD,Field_4,1,PROTECTING,Field_4,1,MOVING_TO_FIELD,Field_4,1,MOVING_TO_FIELD,Field_2,1,PROTECTING,Field_1,1,PROTECTING,Field_2,1,MOVING_TO_FIELD,Field_20,1,MOVING_TO_FIELD,Field_5,1,PROTECTING,Field_20,1,IDLE,,1,MOVING_TO_FIELD,Field_5,12,0.14,4,4,0,18,0.15,1,1,1,1,0.09,0,0,4,13,0.12,4,6,0,4,0.00,1,5,1,4,0.11,0,0,4,8,0.13,0,2,3,1,0.00,0,0,2,0,0.07,0,0,3,21,0.26,0,0,6,16,0.18,0,0,4,24,0.06,0,0,1,8,0.05,0,0,2,34,0.18,0,0,6,30,0.27,0,0,6,6,0.11,0,0,2,20,0.13,0,0,2,31,0.09,0,0,1,0,0.00,0,0,2,9,0.08,3,6,0
67,263,3,0,13,0,24,0,1,MOVING_TO_FIELD,Field_1,1,PROTECTING,Field_5,1,PROTECTING,Field_4,1,MOVING_TO_FIELD,Field_5,1,MOVING_TO_FIELD,Field_4,1,MOVING_TO_FIELD,Field_20,1,MOVING_TO_FIELD,Field_4,1,MOVING_TO_FIELD,Field_1,1,MOVING_TO_FIELD,Field_20,1,IDLE,,1,PROTECTING,Field_20,1,PROTECTING,Field_4,1,PROTECTING,Field_4,1,MOVING_TO_FIELD,Field_1,1,MOVING_TO_FIELD,Field_5,1,MOVING_TO_FIELD,Field_20,1,MOVING_TO_FIELD,Field_7,1,MOVING_TO_FIELD,Field_20,1,MOVING_TO_FIELD,Field_20,1,MOVING_TO_FIELD,Field_5,1,IDLE,,1,MOVING_TO_FIELD,Field_4,1,PROTECTING,Field_20,1,MOVING_TO_FIELD,Field_7,1,MOVING_TO_FIELD,Field_1,1,MOVING_TO_FIELD,Field_4,1,PROTECTING,Field_1,1,PROTECTING,Field_1,1,PROTECTING,Field_1,1,MOVING_TO_FIELD,Field_4,1,PROTECTING,Field_4,1,MOVING_TO_FIELD,Field_4,1,MOVING_TO_FIELD,Field_2,1,PROTECTING,Field_1,1,PROTECTING,Field_2,1,MOVING_TO_FIELD,Field_20,1,MOVING_TO_FIELD,Field_5,1,PROTECTING,Field_20,1,IDLE,,1,MOVING_TO_FIELD,Field_5,12,0.14,4,4,0,18,0.14,1,1,1,1,0.10,0,0,4,14,0.12,4,6,0,4,0.00,1,5,1,4,0.11,0,0,4,8,0.12,0,2,3,1,0.00,0,0,2,0,0.09,0,0,3,21,0.26,0,0,6,16,0.18,0,0,4,24,0.06,0,0,1,8,0.05,0,0,2,34,0.17,0,0,6,32,0.27,0,0,6,6,0.10,0,0,2,20,0.13,0,0,2,31,0.09,0,0,1,0,0.00,0,0,2,9,0.08,3,6,0
68,269,3,0,15,0,22,0,1,MOVING_TO_FIELD,Field_1,1,PROTECTING,Field_5,1,PROTECTING,Field_4,1,MOVING_TO_FIELD,Field_5,1,MOVING_TO_FIELD,Field_4,1,MOVING_TO_FIELD,Field_20,1,MOVING_TO_FIELD,Field_4,1,MOVING_TO_FIELD,Field_1,1,MOVING_TO_FIELD,Field_20,1,IDLE,,1,PROTECTING,Field_20,1,PROTECTING,Field_4,1,PROTECTING,Field_4,1,MOVING_TO_FIELD,Field_1,1,MOVING_TO_FIELD,Field_5,1,MOVING_TO_FIELD,Field_20,1,MOVING_TO_FIELD,Field_7,1,MOVING_TO_FIELD,Field_20,1,MOVING_TO_FIELD,Field_20,1,PROTECTING,Field_5,1,IDLE,,1,MOVING_TO_FIELD,Field_4,1,PROTECTING,Field_20,1,MOVING_TO_FIELD,Field_7,1,MOVING_TO_FIELD,Field_1,1,MOVING_TO_FIELD,Field_4,1,PROTECTING,Field_1,1,PROTECTING,Field_1,1,PROTECTING,Field_1,1,MOVING_TO_FIELD,Field_4,1,PROTECTING,Field_4,1,MOVING_TO_FIELD,Field_4,1,PROTECTING,Field_2,1,PROTECTING,Field_1,1,PROTECTING,Field_2,1,MOVING_TO_FIELD,Field_20,1,MOVING_TO_FIELD,Field_5,1,PROTECTING,Field_20,1,IDLE,,1,MOVING_TO_FIELD,Field_5,12,0.13,4,4,0,18,0.12,2,0,0,1,0.10,0,0,4,14,0.11,4,6,0,4,0.00,2,4,0,4,0.11,0,0,4,9,0.12,0,2,3,1,0.00,0,0,2,0,0.07,0,0,3,23,0.26,0,0,6,16,0.17,0,0,4,24,0.06,0,0,1,8,0.05,0,0,2,34,0.17,0,0,6,33,0.27,0,0,6,6,0.11,0,0,2,21,0.11,0,0,2,32,0.09,0,0,1,0,0.00,0,0,2,9,0.08,3,6,0
69,272,3,0,15,0,22,0,1,MOVING_TO_FIELD,Field_1,1,PROTECTING,Field_5,1,PROTECTING,Field_4,1,MOVING_TO_FIELD,Field_5,1,MOVING_TO_FIELD,Field_4,1,MOVING_TO_FIELD,Field_20,1,MOVING_TO_FIELD,Field_4,1,MOVING_TO_FIELD,Field_1,1,MOVING_TO_FIELD,Field_20,1,IDLE,,1,PROTECTING,Field_20,1,PROTECTING,Field_4,1,PROTECTING,Field_4,1,MOVING_TO_FIELD,Field_1,1,MOVING_TO_FIELD,Field_5,1,MOVING_TO_FIELD,Field_20,1,MOVING_TO_FIELD,Field_7,1,MOVING_TO_FIELD,Field_20,1,MOVING_TO_FIELD,Field_20,1,PROTECTING,Field_5,1,IDLE,,1,MOVING_TO_FIELD,Field_4,1,PROTECTING,Field_20,1,MOVING_TO_FIELD,Field_7,1,MOVING_TO_FIELD,Field_1,1,MOVING_TO_FIELD,Field_4,1,PROTECTING,Field_1,1,PROTECTING,Field_1,1,PROTECTING,Field_1,1,MOVING_TO_FIELD,Field_4,1,PROTECTING,Field_4,1,MOVING_TO_FIELD,Field_4,1,PROTECTING,Field_2,1,PROTECTING,Field_1,1,PROTECTING,Field_2,1,MOVING_TO_FIELD,Field_20,1,MOVING_TO_FIELD,Field_5,1,PROTECTING,Field_20,1,IDLE,,1,MOVING_TO_FIELD,Field_5,12,0.12,4,4,0,18,0.09,2,0,0,2,0.09,0,0,4,15,0.10,4,6,0,4,0.00,2,4,0,4,0.10,0,0,4,9,0.12,0,2,3,1,0.00,0,0,2,0,0.06,0,0,3,23,0.25,0,0,6,17,0.17,0,0,4,24,0.06,0,0,1,8,0.05,0,0,2,34,0.17,0,0,6,33,0.27,0,0,6,6,0.11,0,0,2,21,0.10,0,0,2,32,0.09,0,0,1,0,0.00,0,0,2,9,0.08,3,6,0
70,273,3,0,16,0,21,0,1,MOVING_TO_FIELD,Field_1,1,PROTECTING,Field_5,1,PROTECTING,Field_4,1,MOVING_TO_FIELD,Field_5,1,MOVING_TO_FIELD,Field_4,1,MOVING_TO_FIELD,Field_20,1,MOVING_TO_FIELD,Field_4,1,MOVING_TO_FIELD,Field_1,1,MOVING_TO_FIELD,Field_20,1,IDLE,,1,PROTECTING,Field_20,1,PROTECTING,Field_4,1,PROTECTING,Field_4,1,MOVING_TO_FIELD,Field_1,1,MOVING_TO_FIELD,Field_5,1,MOVING_TO_FIELD,Field_20,1,MOVING_TO_FIELD,Field_7,1,MOVING_TO_FIELD,Field_20,1,MOVING_TO_FIELD,Field_20,1,PROTECTING,Field_5,1,IDLE,,1,MOVING_TO_FIELD,Field_4,1,PROTECTING,Field_20,1,MOVING_TO_FIELD,Field_7,1,MOVING_TO_FIELD,Field_1,1,MOVING_TO_FIELD,Field_4,1,PROTECTING,Field_1,1,PROTECTING,Field_1,1,PROTECTING,Field_1,1,MOVING_TO_FIELD,Field_4,1,PROTECTING,Field_4,1,MOVING_TO_FIELD,Field_4,1,PROTECTING,Field_2,1,PROTECTING,Field_1,1,PROTECTING,Field_2,1,MOVING_TO_FIELD,Field_20,1,PROTECTING,Field_5,1,PROTECTING,Field_20,1,IDLE,,1,MOVING_TO_FIELD,Field_5,12,0.10,4,4,0,18,0.10,2,0,0,2,0.09,0,0,4,15,0.09,4,6,0,4,0.00,3,3,-1,4,0.10,0,0,4,9,0.11,0,2,3,1,0.00,0,0,2,0,0.06,0,0,3,23,0.25,0,0,6,17,0.16,0,0,4,24,0.06,0,0,1,8,0.05,0,0,2,34,0.17,0,0,6,34,0.27,0,0,6,6,0.09,0,0,2,21,0.10,0,0,2,32,0.09,0,0,1,0,0.00,0,0,2,9,0.08,3,6,0
71,276,0,0,16,0,24,0,1,MOVING_TO_FIELD,Field_5,1,PROTECTING,Field_5,1,PROTECTING,Field_4,1,MOVING_TO_FIELD,Field_4,1,MOVING_TO_FIELD,Field_1,1,MOVING_TO_FIELD,Field_5,1,MOVING_TO_FIELD,Field_4,1,MOVING_TO_FIELD,Field_5,1,MOVING_TO_FIELD,Field_1,1,MOVING_TO_FIELD,Field_7,1,PROTECTING,Field_20,1,PROTECTING,Field_4,1,PROTECTING,Field_4,1,MOVING_TO_FIELD,Field_5,1,MOVING_TO_FIELD,Field_5,1,MOVING_TO_FIELD,Field_7,1,MOVING_TO_FIELD,Field_20,1,MOVING_TO_FIELD,Field_1,1,MOVING_TO_FIELD,Field_20,1,PROTECTING,Field_5,1,MOVING_TO_FIELD,Field_20,1,MOVING_TO_FIELD,Field_4,1,PROTECTING,Field_20,1,MOVING_TO_FIELD,Field_20,1,MOVING_TO_FIELD,Field_5,1,MOVING_TO_FIELD,Field_4,1,PROTECTING,Field_1,1,PROTECTING,Field_1,1,PROTECTING,Field_1,1,MOVING_TO_FIELD,Field_20,1,PROTECTING,Field_4,1,MOVING_TO_FIELD,Field_4,1,PROTECTING,Field_2,1,PROTECTING,Field_1,1,PROTECTING,Field_2,1,MOVING_TO_FIELD,Field_20,1,PROTECTING,Field_5,1,PROTECTING,Field_20,1,MOVING_TO_FIELD,Field_1,1,MOVING_TO_FIELD,Field_4,12,0.09,4,4,0,18,0.10,2,0,0,3,0.09,0,0,4,15,0.09,4,6,0,4,0.00,3,6,-1,4,0.09,0,0,4,9,0.12,0,2,3,1,0.00,0,0,2,0,0.04,0,0,3,23,0.26,0,0,6,17,0.17,0,0,4,24,0.06,0,0,1,8,0.05,0,0,2,34,0.17,0,0,6,34,0.26,0,0,6,6,0.06,0,0,2,23,0.11,0,0,2,32,0.07,0,0,1,0,0.00,0,0,2,9,0.08,3,6,0
72,277,0,0,16,0,24,0,1,MOVING_TO_FIELD,Field_5,1,PROTECTING,Field_5,1,PROTECTING,Field_4,1,MOVING_TO_FIELD,Field_4,1,MOVING_TO_FIELD,Field_1,1,MOVING_TO_FIELD,Field_5,1,MOVING_TO_FIELD,Field_4,1,MOVING_TO_FIELD,Field_5,1,MOVING_TO_FIELD,Field_1,1,MOVING_TO_FIELD,Field_7,1,PROTECTING,Field_20,1,PROTECTING,Field_4,1,PROTECTING,Field_4,1,MOVING_TO_FIELD,Field_5,1,MOVING_TO_FIELD,Field_5,1,MOVING_TO_FIELD,Field_7,1,MOVING_TO_FIELD,Field_20,1,MOVING_TO_FIELD,Field_1,1,MOVING_TO_FIELD,Field_20,1,PROTECTING,Field_5,1,MOVING_TO_FIELD,Field_20,1,MOVING_TO_FIELD,Field_4,1,PROTECTING,Field_20,1,MOVING_TO_FIELD,Field_20,1,MOVING_TO_FIELD,Field_5,1,MOVING_TO_FIELD,Field_4,1,PROTECTING,Field_1,1,PROTECTING,Field_1,1,PROTECTING,Field_1,1,MOVING_TO_FIELD,Field_20,1,PROTECTING,Field_4,1,MOVING_TO_FIELD,Field_4,1,PROTECTING,Field_2,1,PROTECTING,Field_1,1,PROTECTING,Field_2,1,MOVING_TO_FIELD,Field_20,1,PROTECTING,Field_5,1,PROTECTING,Field_20,1,MOVING_TO_FIELD,Field_1,1,MOVING_TO_FIELD,Field_4,12,0.09,4,4,0,18,0.10,2,0,0,3,0.09,0,0,4,15,0.07,4,6,0,4,0.00,3,6,-1,4,0.09,0,0,4,9,0.12,0,2,3,1,0.00,0,0,2,0,0.06,0,0,3,23,0.26,0,0,6,17,0.20,0,0,4,24,0.06,0,0,1,8,0.05,0,0,2,34,0.15,0,0,6,35,0.26,0,0,6,6,0.06,0,0,2,23,0.11,0,0,2,32,0.07,0,0,1,0,0.00,0,0,2,9,0.08,3,6,0
73,279,0,0,16,0,24,0,1,MOVING_TO_FIELD,Field_5,1,PROTECTING,Field_5,1,PROTECTING,Field_4,1,MOVING_TO_FIELD,Field_4,1,MOVING_TO_FIELD,Field_1,1,MOVING_TO_FIELD,Field_5,1,MOVING_TO_FIELD,Field_4,1,MOVING_TO_FIELD,Field_5,1,MOVING_TO_FIELD,Field_1,1,MOVING_TO_FIELD,Field_7,1,PROTECTING,Field_20,1,PROTECTING,Field_4,1,PROTECTING,Field_4,1,MOVING_TO_FIELD,Field_5,1,MOVING_TO_FIELD,Field_5,1,MOVING_TO_FIELD,Field_7,1,MOVING_TO_FIELD,Field_20,1,MOVING_TO_FIELD,Field_1,1,MOVING_TO_FIELD,Field_20,1,PROTECTING,Field_5,1,MOVING_TO_FIELD,Field_20,1,MOVING_TO_FIELD,Field_4,1,PROTECTING,Field_20,1,MOVING_TO_FIELD,Field_20,1,MOVING_TO_FIELD,Field_5,1,MOVING_TO_FIELD,Field_4,1,PROTECTING,Field_1,1,PROTECTING,Field_1,1,PROTECTING,Field_1,1,MOVING_TO_FIELD,Field_20,1,PROTECTING,Field_4,1,MOVING_TO_FIELD,Field_4,1,PROTECTING,Field_2,1,PROTECTING,Field_1,1,PROTECTING,Field_2,1,MOVING_TO_FIELD,Field_20,1,PROTECTING,Field_5,1,PROTECTING,Field_20,1,MOVING_TO_FIELD,Field_1,1,MOVING_TO_FIELD,Field_4,12,0.09,4,4,0,18,0.11,2,0,0,3,0.09,0,0,4,15,0.07,4,6,0,4,0.00,3,6,-1,4,0.09,0,0,4,10,0.12,0,2,3,1,0.00,0,0,2,0,0.07,0,0,3,23,0.25,0,0,6,17,0.20,0,0,4,24,0.06,0,0,1,8,0.04,0,0,2,34,0.15,0,0,6,36,0.28,0,0,6,6,0.05,0,0,2,23,0.11,0,0,2,32,0.07,0,0,1,0,0.00,0,0,2,9,0.08,3,6,0
74,280,0,0,16,0,24,0,1,MOVING_TO_FIELD,Field_5,1,PROTECTING,Field_5,1,PROTECTING,Field_4,1,MOVING_TO_FIELD,Field_4,1,MOVING_TO_FIELD,Field_1,1,MOVING_TO_FIELD,Field_5,1,MOVING_TO_FIELD,Field_4,1,MOVING_TO_FIELD,Field_5,1,MOVING_TO_FIELD,Field_1,1,MOVING_TO_FIELD,Field_7,1,PROTECTING,Field_20,1,PROTECTING,Field_4,1,PROTECTING,Field_4,1,MOVING_TO_FIELD,Field_5,1,MOVING_TO_FIELD,Field_5,1,MOVING_TO_FIELD,Field_7,1,MOVING_TO_FIELD,Field_20,1,MOVING_TO_FIELD,Field_1,1,MOVING_TO_FIELD,Field_20,1,PROTECTING,Field_5,1,MOVING_TO_FIELD,Field_20,1,MOVING_TO_FIELD,Field_4,1,PROTECTING,Field_20,1,MOVING_TO_FIELD,Field_20,1,MOVING_TO_FIELD,Field_5,1,MOVING_TO_FIELD,Field_4,1,PROTECTING,Field_1,1,PROTECTING,Field_1,1,PROTECTING,Field_1,1,MOVING_TO_FIELD,Field_20,1,PROTECTING,Field_4,1,MOVING_TO_FIELD,Field_4,1,PROTECTING,Field_2,1,PROTECTING,Field_1,1,PROTECTING,Field_2,1,MOVING_TO_FIELD,Field_20,1,PROTECTING,Field_5,1,PROTECTING,Field_20,1,MOVING_TO_FIELD,Field_1,1,MOVING_TO_FIELD,Field_4,12,0.08,4,4,0,18,0.10,2,0,0,3,0.08,0,0,4,15,0.06,4,6,0,4,0.00,3,6,-1,4,0.10,0,0,4,10,0.11,0,2,3,1,0.00,0,0,2,0,0.07,0,0,3,23,0.26,0,0,6,17,0.20,0,0,4,24,0.03,0,0,1,8,0.04,0,0,2,34,0.17,0,0,6,37,0.28,0,0,6,6,0.07,0,0,2,23,0.11,0,0,2,32,0.07,0,0,1,0,0.00,0,0,2,9,0.08,3,6,0
75,282,0,0,16,0,24,0,1,MOVING_TO_FIELD,Field_5,1,PROTECTING,Field_5,1,PROTECTING,Field_4,1,MOVING_TO_FIELD,Field_4,1,MOVING_TO_FIELD,Field_1,1,MOVING_TO_FIELD,Field_5,1,MOVING_TO_FIELD,Field_4,1,MOVING_TO_FIELD,Field_5,1,MOVING_TO_FIELD,Field_1,1,MOVING_TO_FIELD,Field_7,1,PROTECTING,Field_20,1,PROTECTING,Field_4,1,PROTECTING,Field_4,1,MOVING_TO_FIELD,Field_5,1,MOVING_TO_FIELD,Field_5,1,MOVING_TO_FIELD,Field_7,1,MOVING_TO_FIELD,Field_20,1,MOVING_TO_FIELD,Field_1,1,MOVING_TO_FIELD,Field_20,1,PROTECTING,Field_5,1,MOVING_TO_FIELD,Field_20,1,MOVING_TO_FIELD,Field_4,1,PROTECTING,Field_20,1,MOVING_TO_FIELD,Field_20,1,MOVING_TO_FIELD,Field_5,1,MOVING_TO_FIELD,Field_4,1,PROTECTING,Field_1,1,PROTECTING,Field_1,1,PROTECTING,Field_1,1,MOVING_TO_FIELD,Field_20,1,PROTECTING,Field_4,1,MOVING_TO_FIELD,Field_4,1,PROTECTING,Field_2,1,PROTECTING,Field_1,1,PROTECTING,Field_2,1,MOVING_TO_FIELD,Field_20,1,PROTECTING,Field_5,1,PROTECTING,Field_20,1,MOVING_TO_FIELD,Field_1,1,MOVING_TO_FIELD,Field_4,12,0.09,4,4,0,18,0.08,2,0,0,3,0.07,0,0,4,15,0.06,4,6,0,4,0.00,3,6,-1,4,0.11,0,0,4,10,0.11,0,2,3,1,0.00,0,0,2,0,0.06,0,0,3,23,0.26,0,0,6,18,0.18,0,0,4,24,0.03,0,0,1,8,0.04,0,0,2,34,0.18,0,0,6,38,0.28,0,0,6,6,0.06,0,0,2,23,0.11,0,0,2,32,0.07,0,0,1,0,0.00,0,0,2,9,0.08,3,6,0
76,283,0,0,16,0,24,0,1,MOVING_TO_FIELD,Field_5,1,PROTECTING,Field_5,1,PROTECTING,Field_4,1,MOVING_TO_FIELD,Field_4,1,MOVING_TO_FIELD,Field_1,1,MOVING_TO_FIELD,Field_5,1,MOVING_TO_FIELD,Field_4,1,MOVING_TO_FIELD,Field_5,1,MOVING_TO_FIELD,Field_1,1,MOVING_TO_FIELD,Field_7,1,PROTECTING,Field_20,1,PROTECTING,Field_4,1,PROTECTING,Field_4,1,MOVING_TO_FIELD,Field_5,1,MOVING_TO_FIELD,Field_5,1,MOVING_TO_FIELD,Field_7,1,MOVING_TO_FIELD,Field_20,1,MOVING_TO_FIELD,Field_1,1,MOVING_TO_FIELD,Field_20,1,PROTECTING,Field_5,1,MOVING_TO_FIELD,Field_20,1,MOVING_TO_FIELD,Field_4,1,PROTECTING,Field_20,1,MOVING_TO_FIELD,Field_20,1,MOVING_TO_FIELD,Field_5,1,MOVING_TO_FIELD,Field_4,1,PROTECTING,Field_1,1,PROTECTING,Field_1,1,PROTECTING,Field_1,1,MOVING_TO_FIELD,Field_20,1,PROTECTING,Field_4,1,MOVING_TO_FIELD,Field_4,1,PROTECTING,Field_2,1,PROTECTING,Field_1,1,PROTECTING,Field_2,1,MOVING_TO_FIELD,Field_20,1,PROTECTING,Field_5,1,PROTECTING,Field_20,1,MOVING_TO_FIELD,Field_1,1,MOVING_TO_FIELD,Field_4,12,0.11,4,4,0,18,0.07,2,0,0,3,0.07,0,0,4,15,0.04,4,6,0,4,0.00,3,6,-1,4,0.12,0,0,4,10,0.12,0,2,3,1,0.00,0,0,2,0,0.07,0,0,3,23,0.26,0,0,6,18,0.17,0,0,4,24,0.03,0,0,1,8,0.04,0,0,2,34,0.18,0,0,6,39,0.28,0,0,6,6,0.07,0,0,2,23,0.11,0,0,2,32,0.09,0,0,1,0,0.02,0,0,2,9,0.08,3,6,0
77,286,0,0,16,0,24,0,1,MOVING_TO_FIELD,Field_5,1,PROTECTING,Field_5,1,PROTECTING,Field_4,1,MOVING_TO_FIELD,Field_4,1,MOVING_TO_FIELD,Field_1,1,MOVING_TO_FIELD,Field_5,1,MOVING_TO_FIELD,Field_4,1,MOVING_TO_FIELD,Field_5,1,MOVING_TO_FIELD,Field_1,1,MOVING_TO_FIELD,Field_7,1,PROTECTING,Field_20,1,PROTECTING,Field_4,1,PROTECTING,Field_4,1,MOVING_TO_FIELD,Field_5,1,MOVING_TO_FIELD,Field_5,1,MOVING_TO_FIELD,Field_7,1,MOVING_TO_FIELD,Field_20,1,MOVING_TO_FIELD,Field_1,1,MOVING_TO_FIELD,Field_20,1,PROTECTING,Field_5,1,MOVING_TO_FIELD,Field_20,1,MOVING_TO_FIELD,Field_4,1,PROTECTING,Field_20,1,MOVING_TO_FIELD,Field_20,1,MOVING_TO_FIELD,Field_5,1,MOVING_TO_FIELD,Field_4,1,PROTECTING,Field_1,1,PROTECTING,Field_1,1,PROTECTING,Field_1,1,MOVING_TO_FIELD,Field_20,1,PROTECTING,Field_4,1,MOVING_TO_FIELD,Field_4,1,PROTECTING,Field_2,1,PROTECTING,Field_1,1,PROTECTING,Field_2,1,MOVING_TO_FIELD,Field_20,1,PROTECTING,Field_5,1,PROTECTING,Field_20,1,MOVING_TO_FIELD,Field_1,1,MOVING_TO_FIELD,Field_4,12,0.11,4,4,0,18,0.05,2,0,0,3,0.07,0,0,4,15,0.03,4,6,0,4,0.00,3,6,-1,4,0.12,0,0,4,10,0.13,0,2,3,1,0.00,0,0,2,0,0.07,0,0,3,23,0.26,0,0,6,18,0.18,0,0,4,24,0.03,0,0,1,8,0.04,0,0,2,34,0.15,0,0,6,40,0.28,0,0,6,6,0.09,0,0,2,23,0.10,0,0,2,34,0.09,0,0,1,0,0.03,0,0,2,9,0.08,3,6,0
78,286,0,0,16,0,24,0,1,MOVING_TO_FIELD,Field_5,1,PROTECTING,Field_5,1,PROTECTING,Field_4,1,MOVING_TO_FIELD,Field_4,1,MOVING_TO_FIELD,Field_1,1,MOVING_TO_FIELD,Field_5,1,MOVING_TO_FIELD,Field_4,1,MOVING_TO_FIELD,Field_5,1,MOVING_TO_FIELD,Field_1,1,MOVING_TO_FIELD,Field_7,1,PROTECTING,Field_20,1,PROTECTING,Field_4,1,PROTECTING,Field_4,1,MOVING_TO_FIELD,Field_5,1,MOVING_TO_FIELD,Field_5,1,MOVING_TO_FIELD,Field_7,1,MOVING_TO_FIELD,Field_20,1,MOVING_TO_FIELD,Field_1,1,MOVING_TO_FIELD,Field_20,1,PROTECTING,Field_5,1,MOVING_TO_FIELD,Field_20,1,MOVING_TO_FIELD,Field_4,1,PROTECTING,Field_20,1,MOVING_TO_FIELD,Field_20,1,MOVING_TO_FIELD,Field_5,1,MOVING_TO_FIELD,Field_4,1,PROTECTING,Field_1,1,PROTECTING,Field_1,1,PROTECTING,Field_1,1,MOVING_TO_FIELD,Field_20,1,PROTECTING,Field_4,1,MOVING_TO_FIELD,Field_4,1,PROTECTING,Field_2,1,PROTECTING,Field_1,1,PROTECTING,Field_2,1,MOVING_TO_FIELD,Field_20,1,PROTECTING,Field_5,1,PROTECTING,Field_20,1,MOVING_TO_FIELD,Field_1,1,MOVING_TO_FIELD,Field_4,12,0.09,4,4,0,18,0.05,2,0,0,3,0.07,0,0,4,15,0.03,4,6,0,4,0.00,3,6,-1,4,0.12,0,0,4,10,0.12,0,2,3,1,0.00,0,0,2,0,0.06,0,0,3,23,0.25,0,0,6,18,0.18,0,0,4,24,0.06,0,0,1,8,0.04,0,0,2,34,0.17,0,0,6,40,0.28,0,0,6,6,0.07,0,0,2,23,0.08,0,0,2,34,0.11,0,0,1,0,0.05,0,0,2,9,0.08,3,6,0
79,290,0,0,17,0,23,0,1,MOVING_TO_FIELD,Field_5,1,PROTECTING,Field_5,1,PROTECTING,Field_4,1,MOVING_TO_FIELD,Field_4,1,MOVING_TO_FIELD,Field_1,1,MOVING_TO_FIELD,Field_5,1,MOVING_TO_FIELD,Field_4,1,MOVING_TO_FIELD,Field_5,1,MOVING_TO_FIELD,Field_1,1,PROTECTING,Field_7,1,PROTECTING,Field_20,1,PROTECTING,Field_4,1,PROTECTING,Field_4,1,MOVING_TO_FIELD,Field_5,1,MOVING_TO_FIELD,Field_5,1,MOVING_TO_FIELD,Field_7,1,MOVING_TO_FIELD,Field_20,1,MOVING_TO_FIELD,Field_1,1,MOVING_TO_FIELD,Field_20,1,PROTECTING,Field_5,1,MOVING_TO_FIELD,Field_20,1,MOVING_TO_FIELD,Field_4,1,PROTECTING,Field_20,1,MOVING_TO_FIELD,Field_20,1,MOVING_TO_FIELD,Field_5,1,MOVING_TO_FIELD,Field_4,1,PROTECTING,Field_1,1,PROTECTING,Field_1,1,PROTECTING,Field_1,1,MOVING_TO_FIELD,Field_20,1,PROTECTING,Field_4,1,MOVING_TO_FIELD,Field_4,1,PROTECTING,Field_2,1,PROTECTING,Field_1,1,PROTECTING,Field_2,1,MOVING_TO_FIELD,Field_20,1,PROTECTING,Field_5,1,PROTECTING,Field_20,1,MOVING_TO_FIELD,Field_1,1,MOVING_TO_FIELD,Field_4,12,0.09,4,4,0,18,0.04,2,0,0,3,0.09,0,0,4,15,0.03,4,6,0,4,0.00,3,6,-1,5,0.14,0,0,4,10,0.12,1,1,2,1,0.00,0,0,2,0,0.06,0,0,3,23,0.23,0,0,6,19,0.17,0,0,4,24,0.06,0,0,1,8,0.04,0,0,2,34,0.20,0,0,6,42,0.25,0,0,6,6,0.07,0,0,2,23,0.07,0,0,2,34,0.15,0,0,1,0,0.05,0,0,2,9,0.08,3,6,0
80,291,0,0,19,0,21,0,1,MOVING_TO_FIELD,Field_5,1,PROTECTING,Field_5,1,PROTECTING,Field_4,1,MOVING_TO_FIELD,Field_4,1,MOVING_TO_FIELD,Field_1,1,PROTECTING,Field_5,1,MOVING_TO_FIELD,Field_4,1,MOVING_TO_FIELD,Field_5,1,MOVING_TO_FIELD,Field_1,1,PROTECTING,Field_7,1,PROTECTING,Field_20,1,PROTECTING,Field_4,1,PROTECTING,Field_4,1,MOVING_TO_FIELD,Field_5,1,MOVING_TO_FIELD,Field_5,1,PROTECTING,Field_7,1,MOVING_TO_FIELD,Field_20,1,MOVING_TO_FIELD,Field_1,1,MOVING_TO_FIELD,Field_20,1,PROTECTING,Field_5,1,MOVING_TO_FIELD,Field_20,1,MOVING_TO_FIELD,Field_4,1,PROTECTING,Field_20,1,MOVING_TO_FIELD,Field_20,1,MOVING_TO_FIELD,Field_5,1,MOVING_TO_FIELD,Field_4,1,PROTECTING,Field_1,1,PROTECTING,Field_1,1,PROTECTING,Field_1,1,MOVING_TO_FIELD,Field_20,1,PROTECTING,Field_4,1,MOVING_TO_FIELD,Field_4,1,PROTECTING,Field_2,1,PROTECTING,Field_1,1,PROTECTING,Field_2,1,MOVING_TO_FIELD,Field_20,1,PROTECTING,Field_5,1,PROTECTING,Field_20,1,MOVING_TO_FIELD,Field_1,1,MOVING_TO_FIELD,Field_4,12,0.08,4,4,0,18,0.05,2,0,0,3,0.09,0,0,4,15,0.03,4,6,0,4,0.00,4,5,-2,5,0.13,0,0,4,10,0.11,2,0,1,1,0.00,0,0,2,0,0.07,0,0,3,23,0.20,0,0,6,19,0.20,0,0,4,24,0.06,0,0,1,8,0.04,0,0,2,34,0.23,0,0,6,43,0.23,0,0,6,6,0.07,0,0,2,23,0.07,0,0,2,34,0.15,0,0,1,0,0.05,0,0,2,9,0.08,3,6,0
81,291,0,0,17,0,23,0,1,MOVING_TO_FIELD,Field_1,1,PROTECTING,Field_5,1,PROTECTING,Field_4,1,MOVING_TO_FIELD,Field_20,1,MOVING_TO_FIELD,Field_4,1,PROTECTING,Field_5,1,MOVING_TO_FIELD,Field_4,1,MOVING_TO_FIELD,Field_5,1,MOVING_TO_FIELD,Field_4,1,PROTECTING,Field_7,1,PROTECTING,Field_20,1,PROTECTING,Field_4,1,PROTECTING,Field_4,1,MOVING_TO_FIELD,Field_1,1,MOVING_TO_FIELD,Field_1,1,PROTECTING,Field_7,1,MOVING_TO_FIELD,Field_20,1,MOVING_TO_FIELD,Field_4,1,MOVING_TO_FIELD,Field_5,1,MOVING_TO_FIELD,Field_1,1,MOVING_TO_FIELD,Field_20,1,MOVING_TO_FIELD,Field_4,1,PROTECTING,Field_20,1,MOVING_TO_FIELD,Field_20,1,MOVING_TO_FIELD,Field_5,1,MOVING_TO_FIELD,Field_20,1,PROTECTING,Field_1,1,PROTECTING,Field_1,1,PROTECTING,Field_1,1,MOVING_TO_FIELD,Field_5,1,PROTECTING,Field_4,1,MOVING_TO_FIELD,Field_4,1,PROTECTING,Field_2,1,PROTECTING,Field_1,1,PROTECTING,Field_2,1,MOVING_TO_FIELD,Field_5,1,MOVING_TO_FIELD,Field_8,1,PROTECTING,Field_20,1,MOVING_TO_FIELD,Field_5,1,MOVING_TO_FIELD,Field_20,12,0.08,4,4,0,18,0.05,2,0,0,3,0.09,0,0,4,15,0.04,4,6,0,4,0.00,2,6,0,5,0.13,0,0,4,10,0.11,2,0,1,1,0.00,0,1,2,0,0.04,0,0,3,23,0.21,0,0,6,19,0.20,0,0,4,24,0.06,0,0,1,8,0.04,0,0,2,34,0.21,0,0,6,43,0.22,0,0,6,6,0.07,0,0,2,23,0.07,0,0,2,34,0.13,0,0,1,0,0.05,0,0,2,9,0.06,3,6,0
82,292,0,0,18,0,22,0,1,MOVING_TO_FIELD,Field_1,1,PROTECTING,Field_5,1,PROTECTING,Field_4,1,MOVING_TO_FIELD,Field_20,1,MOVING_TO_FIELD,Field_4,1,PROTECTING,Field_5,1,MOVING_TO_FIELD,Field_4,1,MOVING_TO_FIELD,Field_5,1,MOVING_TO_FIELD,Field_4,1,PROTECTING,Field_7,1,PROTECTING,Field_20,1,PROTECTING,Field_4,1,PROTECTING,Field_4,1,MOVING_TO_FIELD,Field_1,1,MOVING_TO_FIELD,Field_1,1,PROTECTING,Field_7,1,MOVING_TO_FIELD,Field_20,1,MOVING_TO_FIELD,Field_4,1,MOVING_TO_FIELD,Field_5,1,MOVING_TO_FIELD,Field_1,1,MOVING_TO_FIELD,Field_20,1,MOVING_TO_FIELD,Field_4,1,PROTECTING,Field_20,1,MOVING_TO_FIELD,Field_20,1,MOVING_TO_FIELD,Field_5,1,MOVING_TO_FIELD,Field_20,1,PROTECTING,Field_1,1,PROTECTING,Field_1,1,PROTECTING,Field_1,1,PROTECTING,Field_5,1,PROTECTING,Field_4,1,MOVING_TO_FIELD,Field_4,1,PROTECTING,Field_2,1,PROTECTING,Field_1,1,PROTECTING,Field_2,1,MOVING_TO_FIELD,Field_5,1,MOVING_TO_FIELD,Field_8,1,PROTECTING,Field_20,1,MOVING_TO_FIELD,Field_5,1,MOVING_TO_FIELD,Field_20,12,0.08,4,4,0,18,0.05,2,0,0,3,0.08,0,0,4,15,0.04,4,6,0,4,0.00,3,5,-1,5,0.13,0,0,4,10,0.10,2,0,1,1,0.00,0,1,2,0,0.04,0,0,3,23,0.21,0,0,6,19,0.16,0,0,4,24,0.09,0,0,1,8,0.04,0,0,2,34,0.23,0,0,6,43,0.22,0,0,6,6,0.05,0,0,2,24,0.07,0,0,2,34,0.11,0,0,1,0,0.05,0,0,2,9,0.04,3,6,0
83,294,0,0,18,0,22,0,1,MOVING_TO_FIELD,Field_1,1,PROTECTING,Field_5,1,PROTECTING,Field_4,1,MOVING_TO_FIELD,Field_20,1,MOVING_TO_FIELD,Field_4,1,PROTECTING,Field_5,1,MOVING_TO_FIELD,Field_4,1,MOVING_TO_FIELD,Field_5,1,MOVING_TO_FIELD,Field_4,1,PROTECTING,Field_7,1,PROTECTING,Field_20,1,PROTECTING,Field_4,1,PROTECTING,Field_4,1,MOVING_TO_FIELD,Field_1,1,MOVING_TO_FIELD,Field_1,1,PROTECTING,Field_7,1,MOVING_TO_FIELD,Field_20,1,MOVING_TO_FIELD,Field_4,1,MOVING_TO_FIELD,Field_5,1,MOVING_TO_FIELD,Field_1,1,MOVING_TO_FIELD,Field_20,1,MOVING_TO_FIELD,Field_4,1,PROTECTING,Field_20,1,MOVING_TO_FIELD,Field_20,1,MOVING_TO_FIELD,Field_5,1,MOVING_TO_FIELD,Field_20,1,PROTECTING,Field_1,1,PROTECTING,Field_1,1,PROTECTING,Field_1,1,PROTECTING,Field_5,1,PROTECTING,Field_4,1,MOVING_TO_FIELD,Field_4,1,PROTECTING,Field_2,1,PROTECTING,Field_1,1,PROTECTING,Field_2,1,MOVING_TO_FIELD,Field_5,1,MOVING_TO_FIELD,Field_8,1,PROTECTING,Field_20,1,MOVING_TO_FIELD,Field_5,1,MOVING_TO_FIELD,Field_20,12,0.08,4,4,0,18,0.04,2,0,0,3,0.09,0,0,4,15,0.04,4,6,0,4,0.00,3,5,-1,5,0.13,0,0,4,10,0.08,2,0,1,1,0.00,0,1,2,0,0.04,0,0,3,23,0.20,0,0,6,19,0.16,0,0,4,24,0.09,0,0,1,8,0.04,0,0,2,34,0.21,0,0,6,45,0.22,0,0,6,6,0.05,0,0,2,24,0.07,0,0,2,34,0.07,0,0,1,0,0.05,0,0,2,9,0.02,3,6,0
84,294,0,0,18,0,22,0,1,MOVING_TO_FIELD,Field_1,1,PROTECTING,Field_5,1,PROTECTING,Field_4,1,MOVING_TO_FIELD,Field_20,1,MOVING_TO_FIELD,Field_4,1,PROTECTING,Field_5,1,MOVING_TO_FIELD,Field_4,1,MOVING_TO_FIELD,Field_5,1,MOVING_TO_FIELD,Field_4,1,PROTECTING,Field_7,1,PROTECTING,Field_20,1,PROTECTING,Field_4,1,PROTECTING,Field_4,1,MOVING_TO_FIELD,Field_1,1,MOVING_TO_FIELD,Field_1,1,PROTECTING,Field_7,1,MOVING_TO_FIELD,Field_20,1,MOVING_TO_FIELD,Field_4,1,MOVING_TO_FIELD,Field_5,1,MOVING_TO_FIELD,Field_1,1,MOVING_TO_FIELD,Field_20,1,MOVING_TO_FIELD,Field_4,1,PROTECTING,Field_20,1,MOVING_TO_FIELD,Field_20,1,MOVING_TO_FIELD,Field_5,1,MOVING_TO_FIELD,Field_20,1,PROTECTING,Field_1,1,PROTECTING,Field_1,1,PROTECTING,Field_1,1,PROTECTING,Field_5,1,PROTECTING,Field_4,1,MOVING_TO_FIELD,Field_4,1,PROTECTING,Field_2,1,PROTECTING,Field_1,1,PROTECTING,Field_2,1,MOVING_TO_FIELD,Field_5,1,MOVING_TO_FIELD,Field_8,1,PROTECTING,Field_20,1,MOVING_TO_FIELD,Field_5,1,MOVING_TO_FIELD,Field_20,12,0.08,4,4,0,18,0.05,2,0,0,3,0.09,0,0,4,15,0.04,4,6,0,4,0.00,3,5,-1,5,0.14,0,0,4,10,0.08,2,0,1,1,0.00,0,1,2,0,0.04,0,0,3,23,0.20,0,0,6,19,0.14,0,0,4,24,0.09,0,0,1,8,0.04,0,0,2,34,0.23,0,0,6,45,0.21,0,0,6,6,0.09,0,0,2,24,0.07,0,0,2,34,0.13,0,0,1,0,0.05,0,0,2,9,0.02,3,6,0
85,295,0,0,18,0,22,0,1,MOVING_TO_FIELD,Field_1,1,PROTECTING,Field_5,1,PROTECTING,Field_4,1,MOVING_TO_FIELD,Field_20,1,MOVING_TO_FIELD,Field_4,1,PROTECTING,Field_5,1,MOVING_TO_FIELD,Field_4,1,MOVING_TO_FIELD,Field_5,1,MOVING_TO_FIELD,Field_4,1,PROTECTING,Field_7,1,PROTECTING,Field_20,1,PROTECTING,Field_4,1,PROTECTING,Field_4,1,MOVING_TO_FIELD,Field_1,1,MOVING_TO_FIELD,Field_1,1,PROTECTING,Field_7,1,MOVING_TO_FIELD,Field_20,1,MOVING_TO_FIELD,Field_4,1,MOVING_TO_FIELD,Field_5,1,MOVING_TO_FIELD,Field_1,1,MOVING_TO_FIELD,Field_20,1,MOVING_TO_FIELD,Field_4,1,PROTECTING,Field_20,1,MOVING_TO_FIELD,Field_20,1,MOVING_TO_FIELD,Field_5,1,MOVING_TO_FIELD,Field_20,1,PROTECTING,Field_1,1,PROTECTING,Field_1,1,PROTECTING,Field_1,1,PROTECTING,Field_5,1,PROTECTING,Field_4,1,MOVING_TO_FIELD,Field_4,1,PROTECTING,Field_2,1,PROTECTING,Field_1,1,PROTECTING,Field_2,1,MOVING_TO_FIELD,Field_5,1,MOVING_TO_FIELD,Field_8,1,PROTECTING,Field_20,1,MOVING_TO_FIELD,Field_5,1,MOVING_TO_FIELD,Field_20,12,0.07,4,4,0,18,0.04,2,0,0,3,0.09,0,0,4,15,0.04,4,6,0,4,0.00,3,5,-1,5,0.16,0,0,4,10,0.09,2,0,1,1,0.00,0,1,2,0,0.03,0,0,3,23,0.21,0,0,6,19,0.14,0,0,4,24,0.09,0,0,1,8,0.05,0,0,2,34,0.23,0,0,6,46,0.22,0,0,6,6,0.09,0,0,2,24,0.07,0,0,2,34,0.13,0,0,1,0,0.05,0,0,2,9,0.02,3,6,0
86,297,0,0,18,0,22,0,1,MOVING_TO_FIELD,Field_1,1,PROTECTING,Field_5,1,PROTECTING,Field_4,1,MOVING_TO_FIELD,Field_20,1,MOVING_TO_FIELD,Field_4,1,PROTECTING,Field_5,1,MOVING_TO_FIELD,Field_4,1,MOVING_TO_FIELD,Field_5,1,MOVING_TO_FIELD,Field_4,1,PROTECTING,Field_7,1,PROTECTING,Field_20,1,PROTECTING,Field_4,1,PROTECTING,Field_4,1,MOVING_TO_FIELD,Field_1,1,MOVING_TO_FIELD,Field_1,1,PROTECTING,Field_7,1,MOVING_TO_FIELD,Field_20,1,MOVING_TO_FIELD,Field_4,1,MOVING_TO_FIELD,Field_5,1,MOVING_TO_FIELD,Field_1,1,MOVING_TO_FIELD,Field_20,1,MOVING_TO_FIELD,Field_4,1,PROTECTING,Field_20,1,MOVING_TO_FIELD,Field_20,1,MOVING_TO_FIELD,Field_5,1,MOVING_TO_FIELD,Field_20,1,PROTECTING,Field_1,1,PROTECTING,Field_1,1,PROTECTING,Field_1,1,PROTECTING,Field_5,1,PROTECTING,Field_4,1,MOVING_TO_FIELD,Field_4,1,PROTECTING,Field_2,1,PROTECTING,Field_1,1,PROTECTING,Field_2,1,MOVING_TO_FIELD,Field_5,1,MOVING_TO_FIELD,Field_8,1,PROTECTING,Field_20,1,MOVING_TO_FIELD,Field_5,1,MOVING_TO_FIELD,Field_20,12,0.06,4,4,0,18,0.03,2,0,0,3,0.09,0,0,4,15,0.04,4,6,0,4,0.01,3,5,-1,5,0.17,0,0,4,10,0.08,2,0,1,1,0.00,0,1,2,0,0.02,0,0,3,23,0.21,0,0,6,19,0.12,0,0,4,24,0.09,0,0,1,8,0.05,0,0,2,34,0.21,0,0,6,46,0.23,0,0,6,6,0.10,0,0,2,24,0.07,0,0,2,36,0.13,0,0,1,0,0.05,0,0,2,9,0.02,3,6,0
87,300,0,0,21,0,19,0,1,MOVING_TO_FIELD,Field_1,1,PROTECTING,Field_5,1,PROTECTING,Field_4,1,MOVING_TO_FIELD,Field_20,1,MOVING_TO_FIELD,Field_4,1,PROTECTING,Field_5,1,MOVING_TO_FIELD,Field_4,1,PROTECTING,Field_5,1,MOVING_TO_FIELD,Field_4,1,PROTECTING,Field_7,1,PROTECTING,Field_20,1,PROTECTING,Field_4,1,PROTECTING,Field_4,1,MOVING_TO_FIELD,Field_1,1,MOVING_TO_FIELD,Field_1,1,PROTECTING,Field_7,1,MOVING_TO_FIELD,Field_20,1,MOVING_TO_FIELD,Field_4,1,PROTECTING,Field_5,1,MOVING_TO_FIELD,Field_1,1,MOVING_TO_FIELD,Field_20,1,PROTECTING,Field_4,1,PROTECTING,Field_20,1,MOVING_TO_FIELD,Field_20,1,MOVING_TO_FIELD,Field_5,1,MOVING_TO_FIELD,Field_20,1,PROTECTING,Field_1,1,PROTECTING,Field_1,1,PROTECTING,Field_1,1,PROTECTING,Field_5,1,PROTECTING,Field_4,1,MOVING_TO_FIELD,Field_4,1,PROTECTING,Field_2,1,PROTECTING,Field_1,1,PROTECTING,Field_2,1,MOVING_TO_FIELD,Field_5,1,MOVING_TO_FIELD,Field_8,1,PROTECTING,Field_20,1,MOVING_TO_FIELD,Field_5,1,MOVING_TO_FIELD,Field_20,12,0.04,4,4,0,18,0.03,2,0,0,3,0.10,0,0,4,15,0.04,5,5,-1,4,0.01,5,3,-3,5,0.18,0,0,4,10,0.06,2,0,1,1,0.00,0,1,2,0,0.02,0,0,3,23,0.21,0,0,6,19,0.12,0,0,4,25,0.09,0,0,1,8,0.07,0,0,2,34,0.23,0,0,6,48,0.22,0,0,6,6,0.10,0,0,2,24,0.05,0,0,2,36,0.13,0,0,1,0,0.05,0,0,2,9,0.02,3,6,0
88,303,0,0,21,0,19,0,1,MOVING_TO_FIELD,Field_1,1,PROTECTING,Field_5,1,PROTECTING,Field_4,1,MOVING_TO_FIELD,Field_20,1,MOVING_TO_FIELD,Field_4,1,PROTECTING,Field_5,1,MOVING_TO_FIELD,Field_4,1,PROTECTING,Field_5,1,MOVING_TO_FIELD,Field_4,1,PROTECTING,Field_7,1,PROTECTING,Field_20,1,PROTECTING,Field_4,1,PROTECTING,Field_4,1,MOVING_TO_FIELD,Field_1,1,MOVING_TO_FIELD,Field_1,1,PROTECTING,Field_7,1,MOVING_TO_FIELD,Field_20,1,MOVING_TO_FIELD,Field_4,1,PROTECTING,Field_5,1,MOVING_TO_FIELD,Field_1,1,MOVING_TO_FIELD,Field_20,1,PROTECTING,Field_4,1,PROTECTING,Field_20,1,MOVING_TO_FIELD,Field_20,1,MOVING_TO_FIELD,Field_5,1,MOVING_TO_FIELD,Field_20,1,PROTECTING,Field_1,1,PROTECTING,Field_1,1,PROTECTING,Field_1,1,PROTECTING,Field_5,1,PROTECTING,Field_4,1,MOVING_TO_FIELD,Field_4,1,PROTECTING,Field_2,1,PROTECTING,Field_1,1,PROTECTING,Field_2,1,MOVING_TO_FIELD,Field_5,1,MOVING_TO_FIELD,Field_8,1,PROTECTING,Field_20,1,MOVING_TO_FIELD,Field_5,1,MOVING_TO_FIELD,Field_20,12,0.04,4,4,0,18,0.03,2,0,0,3,0.10,0,0,4,15,0.04,5,5,-1,4,0.01,5,3,-3,5,0.18,0,0,4,10,0.05,2,0,1,1,0.00,0,1,2,0,0.01,0,0,3,23,0.21,0,0,6,19,0.12,0,0,4,25,0.09,0,0,1,8,0.07,0,0,2,34,0.23,0,0,6,49,0.21,0,0,6,8,0.09,0,0,2,24,0.05,0,0,2,36,0.13,0,0,1,0,0.05,0,0,2,9,0.02,3,6,0
89,303,0,0,22,0,18,0,1,MOVING_TO_FIELD,Field_1,1,PROTECTING,Field_5,1,PROTECTING,Field_4,1,MOVING_TO_FIELD,Field_20,1,MOVING_TO_FIELD,Field_4,1,PROTECTING,Field_5,1,MOVING_TO_FIELD,Field_4,1,PROTECTING,Field_5,1,MOVING_TO_FIELD,Field_4,1,PROTECTING,Field_7,1,PROTECTING,Field_20,1,PROTECTING,Field_4,1,PROTECTING,Field_4,1,MOVING_TO_FIELD,Field_1,1,MOVING_TO_FIELD,Field_1,1,PROTECTING,Field_7,1,MOVING_TO_FIELD,Field_20,1,MOVING_TO_FIELD,Field_4,1,PROTECTING,Field_5,1,MOVING_TO_FIELD,Field_1,1,MOVING_TO_FIELD,Field_20,1,PROTECTING,Field_4,1,PROTECTING,Field_20,1,MOVING_TO_FIELD,Field_20,1,PROTECTING,Field_5,1,MOVING_TO_FIELD,Field_20,1,PROTECTING,Field_1,1,PROTECTING,Field_1,1,PROTECTING,Field_1,1,PROTECTING,Field_5,1,PROTECTING,Field_4,1,MOVING_TO_FIELD,Field_4,1,PROTECTING,Field_2,1,PROTECTING,Field_1,1,PROTECTING,Field_2,1,MOVING_TO_FIELD,Field_5,1,MOVING_TO_FIELD,Field_8,1,PROTECTING,Field_20,1,MOVING_TO_FIELD,Field_5,1,MOVING_TO_FIELD,Field_20,12,0.04,4,4,0,18,0.02,2,0,0,3,0.11,0,0,4,15,0.04,5,5,-1,4,0.01,6,2,-4,5,0.17,0,0,4,10,0.05,2,0,1,1,0.00,0,1,2,0,0.02,0,0,3,23,0.23,0,0,6,19,0.11,0,0,4,25,0.12,0,0,1,8,0.07,0,0,2,34,0.24,0,0,6,49,0.20,0,0,6,8,0.11,0,0,2,24,0.05,0,0,2,36,0.11,0,0,1,0,0.03,0,0,2,9,0.02,3,6,0
90,304,0,0,24,0,16,0,1,MOVING_TO_FIELD,Field_1,1,PROTECTING,Field_5,1,PROTECTING,Field_4,1,MOVING_TO_FIELD,Field_20,1,MOVING_TO_FIELD,Field_4,1,PROTECTING,Field_5,1,PROTECTING,Field_4,1,PROTECTING,Field_5,1,MOVING_TO_FIELD,Field_4,1,PROTECTING,Field_7,1,PROTECTING,Field_20,1,PROTECTING,Field_4,1,PROTECTING,Field_4,1,MOVING_TO_FIELD,Field_1,1,MOVING_TO_FIELD,Field_1,1,PROTECTING,Field_7,1,MOVING_TO_FIELD,Field_20,1,MOVING_TO_FIELD,Field_4,1,PROTECTING,Field_5,1,MOVING_TO_FIELD,Field_1,1,PROTECTING,Field_20,1,PROTECTING,Field_4,1,PROTECTING,Field_20,1,MOVING_TO_FIELD,Field_20,1,PROTECTING,Field_5,1,MOVING_TO_FIELD,Field_20,1,PROTECTING,Field_1,1,PROTECTING,Field_1,1,PROTECTING,Field_1,1,PROTECTING,Field_5,1,PROTECTING,Field_4,1,MOVING_TO_FIELD,Field_4,1,PROTECTING,Field_2,1,PROTECTING,Field_1,1,PROTECTING,Field_2,1,MOVING_TO_FIELD,Field_5,1,MOVING_TO_FIELD,Field_8,1,PROTECTING,Field_20,1,MOVING_TO_FIELD,Field_5,1,MOVING_TO_FIELD,Field_20,12,0.04,4,4,0,18,0.02,2,0,0,3,0.11,0,0,4,15,0.04,6,4,-2,4,0.01,6,2,-4,5,0.16,0,0,4,10,0.05,2,0,1,1,0.00,0,1,2,0,0.02,0,0,3,23,0.24,0,0,6,19,0.09,0,0,4,25,0.09,0,0,1,8,0.07,0,0,2,34,0.24,0,0,6,49,0.21,0,0,6,8,0.12,0,0,2,24,0.05,0,0,2,37,0.11,0,0,1,0,0.05,0,0,2,9,0.02,4,5,-1
91,309,1,0,0,0,39,0,1,MOVING_TO_FIELD,Field_5,1,MOVING_TO_FIELD,Field_3,1,MOVING_TO_FIELD,Field_20,1,MOVING_TO_FIELD,Field_8,1,MOVING_TO_FIELD,Field_6,1,MOVING_TO_FIELD,Field_3,1,MOVING_TO_FIELD,Field_20,1,MOVING_TO_FIELD,Field_7,1,MOVING_TO_FIELD,Field_6,1,MOVING_TO_FIELD,Field_6,1,MOVING_TO_FIELD,Field_1,1,MOVING_TO_FIELD,Field_20,1,MOVING_TO_FIELD,Field_20,1,MOVING_TO_FIELD,Field_5,1,MOVING_TO_FIELD,Field_5,1,MOVING_TO_FIELD,Field_6,1,MOVING_TO_FIELD,Field_3,1,MOVING_TO_FIELD,Field_6,1,MOVING_TO_FIELD,Field_3,1,MOVING_TO_FIELD,Field_5,1,MOVING_TO_FIELD,Field_1,1,MOVING_TO_FIELD,Field_6,1,MOVING_TO_FIELD,Field_1,1,MOVING_TO_FIELD,Field_3,1,MOVING_TO_FIELD,Field_7,1,MOVING_TO_FIELD,Field_5,1,MOVING_TO_FIELD,Field_4,1,MOVING_TO_FIELD,Field_4,1,MOVING_TO_FIELD,Field_4,1,MOVING_TO_FIELD,Field_3,1,MOVING_TO_FIELD,Field_20,1,MOVING_TO_FIELD,Field_20,1,MOVING_TO_FIELD,Field_4,1,MOVING_TO_FIELD,Field_4,1,MOVING_TO_FIELD,Field_4,1,MOVING_TO_FIELD,Field_7,1,MOVING_TO_FIELD,Field_2,1,MOVING_TO_FIELD,Field_1,1,IDLE,,1,MOVING_TO_FIELD,Field_5,12,0.03,0,4,4,18,0.00,0,1,2,3,0.12,0,6,4,15,0.04,0,6,4,4,0.01,0,6,2,6,0.16,0,6,4,10,0.06,0,3,3,1,0.00,0,1,2,0,0.02,0,0,3,23,0.24,0,0,6,19,0.09,0,0,4,26,0.09,0,0,1,8,0.07,0,0,2,34,0.27,0,0,6,52,0.20,0,0,6,8,0.11,0,0,2,24,0.05,0,0,2,37,0.13,0,0,1,0,0.05,0,0,2,9,0.02,0,6,3
92,310,1,0,0,0,39,0,1,MOVING_TO_FIELD,Field_5,1,MOVING_TO_FIELD,Field_3,1,MOVING_TO_FIELD,Field_20,1,MOVING_TO_FIELD,Field_8,1,MOVING_TO_FIELD,Field_6,1,MOVING_TO_FIELD,Field_3,1,MOVING_TO_FIELD,Field_20,1,MOVING_TO_FIELD,Field_7,1,MOVING_TO_FIELD,Field_6,1,MOVING_TO_FIELD,Field_6,1,MOVING_TO_FIELD,Field_1,1,MOVING_TO_FIELD,Field_20,1,MOVING_TO_FIELD,Field_20,1,MOVING_TO_FIELD,Field_5,1,MOVING_TO_FIELD,Field_5,1,MOVING_TO_FIELD,Field_6,1,MOVING_TO_FIELD,Field_3,1,MOVING_TO_FIELD,Field_6,1,MOVING_TO_FIELD,Field_3,1,MOVING_TO_FIELD,Field_5,1,MOVING_TO_FIELD,Field_1,1,MOVING_TO_FIELD,Field_6,1,MOVING_TO_FIELD,Field_1,1,MOVING_TO_FIELD,Field_3,1,MOVING_TO_FIELD,Field_7,1,MOVING_TO_FIELD,Field_5,1,MOVING_TO_FIELD,Field_4,1,MOVING_TO_FIELD,Field_4,1,MOVING_TO_FIELD,Field_4,1,MOVING_TO_FIELD,Field_3,1,MOVING_TO_FIELD,Field_20,1,MOVING_TO_FIELD,Field_20,1,MOVING_TO_FIELD,Field_4,1,MOVING_TO_FIELD,Field_4,1,MOVING_TO_FIELD,Field_4,1,MOVING_TO_FIELD,Field_7,1,MOVING_TO_FIELD,Field_2,1,MOVING_TO_FIELD,Field_1,1,IDLE,,1,MOVING_TO_FIELD,Field_5,12,0.03,0,4,4,18,0.00,0,1,2,3,0.12,0,6,4,15,0.04,0,6,4,4,0.01,0,6,2,6,0.15,0,6,4,10,0.06,0,3,3,1,0.00,0,1,2,0,0.02,0,0,3,23,0.25,0,0,6,19,0.09,0,0,4,26,0.09,0,0,1,8,0.09,0,0,2,35,0.28,0,0,6,52,0.19,0,0,6,8,0.12,0,0,2,24,0.05,0,0,2,37,0.15,0,0,1,0,0.03,0,0,2,9,0.02,0,6,3
93,311,1,0,0,0,39,0,1,MOVING_TO_FIELD,Field_5,1,MOVING_TO_FIELD,Field_3,1,MOVING_TO_FIELD,Field_20,1,MOVING_TO_FIELD,Field_8,1,MOVING_TO_FIELD,Field_6,1,MOVING_TO_FIELD,Field_3,1,MOVING_TO_FIELD,Field_20,1,MOVING_TO_FIELD,Field_7,1,MOVING_TO_FIELD,Field_6,1,MOVING_TO_FIELD,Field_6,1,MOVING_TO_FIELD,Field_1,1,MOVING_TO_FIELD,Field_20,1,MOVING_TO_FIELD,Field_20,1,MOVING_TO_FIELD,Field_5,1,MOVING_TO_FIELD,Field_5,1,MOVING_TO_FIELD,Field_6,1,MOVING_TO_FIELD,Field_3,1,MOVING_TO_FIELD,Field_6,1,MOVING_TO_FIELD,Field_3,1,MOVING_TO_FIELD,Field_5,1,MOVING_TO_FIELD,Field_1,1,MOVING_TO_FIELD,Field_6,1,MOVING_TO_FIELD,Field_1,1,MOVING_TO_FIELD,Field_3,1,MOVING_TO_FIELD,Field_7,1,MOVING_TO_FIELD,Field_5,1,MOVING_TO_FIELD,Field_4,1,MOVING_TO_FIELD,Field_4,1,MOVING_TO_FIELD,Field_4,1,MOVING_TO_FIELD,Field_3,1,MOVING_TO_FIELD,Field_20,1,MOVING_TO_FIELD,Field_20,1,MOVING_TO_FIELD,Field_4,1,MOVING_TO_FIELD,Field_4,1,MOVING_TO_FIELD,Field_4,1,MOVING_TO_FIELD,Field_7,1,MOVING_TO_FIELD,Field_2,1,MOVING_TO_FIELD,Field_1,1,IDLE,,1,MOVING_TO_FIELD,Field_5,12,0.02,0,4,4,18,0.00,0,1,2,3,0.13,0,6,4,15,0.06,0,6,4,4,0.01,0,6,2,6,0.15,0,6,4,10,0.07,0,3,3,1,0.00,0,1,2,0,0.03,0,0,3,23,0.25,0,0,6,19,0.09,0,0,4,26,0.09,0,0,1,8,0.09,0,0,2,35,0.28,0,0,6,53,0.16,0,0,6,8,0.12,0,0,2,24,0.05,0,0,2,37,0.15,0,0,1,0,0.03,0,0,2,9,0.00,0,6,3
94,313,1,0,0,0,39,0,1,MOVING_TO_FIELD,Field_5,1,MOVING_TO_FIELD,Field_3,1,MOVING_TO_FIELD,Field_20,1,MOVING_TO_FIELD,Field_8,1,MOVING_TO_FIELD,Field_6,1,MOVING_TO_FIELD,Field_3,1,MOVING_TO_FIELD,Field_20,1,MOVING_TO_FIELD,Field_7,1,MOVING_TO_FIELD,Field_6,1,MOVING_TO_FIELD,Field_6,1,MOVING_TO_FIELD,Field_1,1,MOVING_TO_FIELD,Field_20,1,MOVING_TO_FIELD,Field_20,1,MOVING_TO_FIELD,Field_5,1,MOVING_TO_FIELD,Field_5,1,MOVING_TO_FIELD,Field_6,1,MOVING_TO_FIELD,Field_3,1,MOVING_TO_FIELD,Field_6,1,MOVING_TO_FIELD,Field_3,1,MOVING_TO_FIELD,Field_5,1,MOVING_TO_FIELD,Field_1,1,MOVING_TO_FIELD,Field_6,1,MOVING_TO_FIELD,Field_1,1,MOVING_TO_FIELD,Field_3,1,MOVING_TO_FIELD,Field_7,1,MOVING_TO_FIELD,Field_5,1,MOVING_TO_FIELD,Field_4,1,MOVING_TO_FIELD,Field_4,1,MOVING_TO_FIELD,Field_4,1,MOVING_TO_FIELD,Field_3,1,MOVING_TO_FIELD,Field_20,1,MOVING_TO_FIELD,Field_20,1,MOVING_TO_FIELD,Field_4,1,MOVING_TO_FIELD,Field_4,1,MOVING_TO_FIELD,Field_4,1,MOVING_TO_FIELD,Field_7,1,MOVING_TO_FIELD,Field_2,1,MOVING_TO_FIELD,Field_1,1,IDLE,,1,MOVING_TO_FIELD,Field_5,12,0.02,0,4,4,18,0.00,0,1,2,3,0.13,0,6,4,15,0.06,0,6,4,4,0.01,0,6,2,8,0.15,0,6,4,10,0.07,0,3,3,1,0.00,0,1,2,0,0.06,0,0,3,23,0.24,0,0,6,19,0.09,0,0,4,26,0.09,0,0,1,8,0.07,0,0,2,35,0.31,0,0,6,53,0.18,0,0,6,8,0.11,0,0,2,24,0.05,0,0,2,37,0.13,0,0,1,0,0.03,0,0,2,9,0.00,0,6,3
95,321,1,0,0,0,39,0,1,MOVING_TO_FIELD,Field_5,1,MOVING_TO_FIELD,Field_3,1,MOVING_TO_FIELD,Field_20,1,MOVING_TO_FIELD,Field_8,1,MOVING_TO_FIELD,Field_6,1,MOVING_TO_FIELD,Field_3,1,MOVING_TO_FIELD,Field_20,1,MOVING_TO_FIELD,Field_7,1,MOVING_TO_FIELD,Field_6,1,MOVING_TO_FIELD,Field_6,1,MOVING_TO_FIELD,Field_1,1,MOVING_TO_FIELD,Field_20,1,MOVING_TO_FIELD,Field_20,1,MOVING_TO_FIELD,Field_5,1,MOVING_TO_FIELD,Field_5,1,MOVING_TO_FIELD,Field_6,1,MOVING_TO_FIELD,Field_3,1,MOVING_TO_FIELD,Field_6,1,MOVING_TO_FIELD,Field_3,1,MOVING_TO_FIELD,Field_5,1,MOVING_TO_FIELD,Field_1,1,MOVING_TO_FIELD,Field_6,1,MOVING_TO_FIELD,Field_1,1,MOVING_TO_FIELD,Field_3,1,MOVING_TO_FIELD,Field_7,1,MOVING_TO_FIELD,Field_5,1,MOVING_TO_FIELD,Field_4,1,MOVING_TO_FIELD,Field_4,1,MOVING_TO_FIELD,Field_4,1,MOVING_TO_FIELD,Field_3,1,MOVING_TO_FIELD,Field_20,1,MOVING_TO_FIELD,Field_20,1,MOVING_TO_FIELD,Field_4,1,MOVING_TO_FIELD,Field_4,1,MOVING_TO_FIELD,Field_4,1,MOVING_TO_FIELD,Field_7,1,MOVING_TO_FIELD,Field_2,1,MOVING_TO_FIELD,Field_1,1,IDLE,,1,MOVING_TO_FIELD,Field_5,12,0.02,0,4,4,18,0.01,0,1,2,3,0.12,0,6,4,15,0.07,0,6,4,4,0.01,0,6,2,9,0.15,0,6,4,10,0.07,0,3,3,1,0.00,0,1,2,0,0.06,0,0,3,24,0.24,0,0,6,19,0.08,0,0,4,26,0.06,0,0,1,8,0.07,0,0,2,37,0.32,0,0,6,53,0.17,0,0,6,8,0.12,0,0,2,24,0.05,0,0,2,41,0.15,0,0,1,0,0.03,0,0,2,9,0.02,0,6,3
96,322,1,0,0,0,39,0,1,MOVING_TO_FIELD,Field_5,1,MOVING_TO_FIELD,Field_3,1,MOVING_TO_FIELD,Field_20,1,MOVING_TO_FIELD,Field_8,1,MOVING_TO_FIELD,Field_6,1,MOVING_TO_FIELD,Field_3,1,MOVING_TO_FIELD,Field_20,1,MOVING_TO_FIELD,Field_7,1,MOVING_TO_FIELD,Field_6,1,MOVING_TO_FIELD,Field_6,1,MOVING_TO_FIELD,Field_1,1,MOVING_TO_FIELD,Field_20,1,MOVING_TO_FIELD,Field_20,1,MOVING_TO_FIELD,Field_5,1,MOVING_TO_FIELD,Field_5,1,MOVING_TO_FIELD,Field_6,1,MOVING_TO_FIELD,Field_3,1,MOVING_TO_FIELD,Field_6,1,MOVING_TO_FIELD,Field_3,1,MOVING_TO_FIELD,Field_5,1,MOVING_TO_FIELD,Field_1,1,MOVING_TO_FIELD,Field_6,1,MOVING_TO_FIELD,Field_1,1,MOVING_TO_FIELD,Field_3,1,MOVING_TO_FIELD,Field_7,1,MOVING_TO_FIELD,Field_5,1,MOVING_TO_FIELD,Field_4,1,MOVING_TO_FIELD,Field_4,1,MOVING_TO_FIELD,Field_4,1,MOVING_TO_FIELD,Field_3,1,MOVING_TO_FIELD,Field_20,1,MOVING_TO_FIELD,Field_20,1,MOVING_TO_FIELD,Field_4,1,MOVING_TO_FIELD,Field_4,1,MOVING_TO_FIELD,Field_4,1,MOVING_TO_FIELD,Field_7,1,MOVING_TO_FIELD,Field_2,1,MOVING_TO_FIELD,Field_1,1,IDLE,,1,MOVING_TO_FIELD,Field_5,12,0.02,0,4,4,18,0.01,0,1,2,3,0.10,0,6,4,15,0.06,0,6,4,4,0.01,0,6,2,9,0.16,0,6,4,10,0.08,0,3,3,1,0.00,0,1,2,0,0.06,0,0,3,24,0.24,0,0,6,19,0.08,0,0,4,26,0.00,0,0,1,8,0.07,0,0,2,38,0.32,0,0,6,53,0.17,0,0,6,8,0.14,0,0,2,24,0.05,0,0,2,41,0.15,0,0,1,0,0.02,0,0,2,9,0.02,0,6,3
97,322,1,0,1,0,38,0,1,MOVING_TO_FIELD,Field_5,1,MOVING_TO_FIELD,Field_3,1,MOVING_TO_FIELD,Field_20,1,MOVING_TO_FIELD,Field_8,1,MOVING_TO_FIELD,Field_6,1,MOVING_TO_FIELD,Field_3,1,MOVING_TO_FIELD,Field_20,1,MOVING_TO_FIELD,Field_7,1,MOVING_TO_FIELD,Field_6,1,MOVING_TO_FIELD,Field_6,1,MOVING_TO_FIELD,Field_1,1,MOVING_TO_FIELD,Field_20,1,MOVING_TO_FIELD,Field_20,1,MOVING_TO_FIELD,Field_5,1,MOVING_TO_FIELD,Field_5,1,MOVING_TO_FIELD,Field_6,1,MOVING_TO_FIELD,Field_3,1,MOVING_TO_FIELD,Field_6,1,MOVING_TO_FIELD,Field_3,1,PROTECTING,Field_5,1,MOVING_TO_FIELD,Field_1,1,MOVING_TO_FIELD,Field_6,1,MOVING_TO_FIELD,Field_1,1,MOVING_TO_FIELD,Field_3,1,MOVING_TO_FIELD,Field_7,1,MOVING_TO_FIELD,Field_5,1,MOVING_TO_FIELD,Field_4,1,MOVING_TO_FIELD,Field_4,1,MOVING_TO_FIELD,Field_4,1,MOVING_TO_FIELD,Field_3,1,MOVING_TO_FIELD,Field_20,1,MOVING_TO_FIELD,Field_20,1,MOVING_TO_FIELD,Field_4,1,MOVING_TO_FIELD,Field_4,1,MOVING_TO_FIELD,Field_4,1,MOVING_TO_FIELD,Field_7,1,MOVING_TO_FIELD,Field_2,1,MOVING_TO_FIELD,Field_1,1,IDLE,,1,MOVING_TO_FIELD,Field_5,12,0.02,0,4,4,18,0.01,0,1,2,3,0.10,0,6,4,15,0.06,0,6,4,4,0.01,1,5,1,9,0.16,0,6,4,10,0.08,0,3,3,1,0.00,0,1,2,0,0.06,0,0,3,24,0.24,0,0,6,19,0.09,0,0,4,26,0.00,0,0,1,8,0.07,0,0,2,38,0.32,0,0,6,53,0.17,0,0,6,8,0.14,0,0,2,24,0.05,0,0,2,41,0.15,0,0,1,0,0.02,0,0,2,9,0.02,0,6,3
98,323,1,0,2,0,37,0,1,MOVING_TO_FIELD,Field_5,1,MOVING_TO_FIELD,Field_3,1,MOVING_TO_FIELD,Field_20,1,MOVING_TO_FIELD,Field_8,1,MOVING_TO_FIELD,Field_6,1,MOVING_TO_FIELD,Field_3,1,MOVING_TO_FIELD,Field_20,1,MOVING_TO_FIELD,Field_7,1,MOVING_TO_FIELD,Field_6,1,MOVING_TO_FIELD,Field_6,1,MOVING_TO_FIELD,Field_1,1,MOVING_TO_FIELD,Field_20,1,MOVING_TO_FIELD,Field_20,1,MOVING_TO_FIELD,Field_5,1,MOVING_TO_FIELD,Field_5,1,MOVING_TO_FIELD,Field_6,1,MOVING_TO_FIELD,Field_3,1,MOVING_TO_FIELD,Field_6,1,MOVING_TO_FIELD,Field_3,1,PROTECTING,Field_5,1,MOVING_TO_FIELD,Field_1,1,MOVING_TO_FIELD,Field_6,1,MOVING_TO_FIELD,Field_1,1,MOVING_TO_FIELD,Field_3,1,MOVING_TO_FIELD,Field_7,1,MOVING_TO_FIELD,Field_5,1,MOVING_TO_FIELD,Field_4,1,MOVING_TO_FIELD,Field_4,1,MOVING_TO_FIELD,Field_4,1,MOVING_TO_FIELD,Field_3,1,MOVING_TO_FIELD,Field_20,1,MOVING_TO_FIELD,Field_20,1,MOVING_TO_FIELD,Field_4,1,MOVING_TO_FIELD,Field_4,1,MOVING_TO_FIELD,Field_4,1,MOVING_TO_FIELD,Field_7,1,MOVING_TO_FIELD,Field_2,1,MOVING_TO_FIELD,Field_1,1,IDLE,,1,PROTECTING,Field_5,12,0.03,0,4,4,18,0.01,0,1,2,3,0.10,0,6,4,15,0.07,0,6,4,4,0.01,2,4,0,9,0.16,0,6,4,10,0.07,0,3,3,1,0.00,0,1,2,0,0.06,0,0,3,25,0.24,0,0,6,19,0.09,0,0,4,26,0.03,0,0,1,8,0.07,0,0,2,38,0.32,0,0,6,53,0.16,0,0,6,8,0.15,0,0,2,24,0.03,0,0,2,41,0.15,0,0,1,0,0.02,0,0,2,9,0.02,0,6,3
99,323,1,0,2,0,37,0,1,MOVING_TO_FIELD,Field_5,1,MOVING_TO_FIELD,Field_3,1,MOVING_TO_FIELD,Field_20,1,MOVING_TO_FIELD,Field_8,1,MOVING_TO_FIELD,Field_6,1,MOVING_TO_FIELD,Field_3,1,MOVING_TO_FIELD,Field_20,1,MOVING_TO_FIELD,Field_7,1,MOVING_TO_FIELD,Field_6,1,MOVING_TO_FIELD,Field_6,1,MOVING_TO_FIELD,Field_1,1,MOVING_TO_FIELD,Field_20,1,MOVING_TO_FIELD,Field_20,1,MOVING_TO_FIELD,Field_5,1,MOVING_TO_FIELD,Field_5,1,MOVING_TO_FIELD,Field_6,1,MOVING_TO_FIELD,Field_3,1,MOVING_TO_FIELD,Field_6,1,MOVING_TO_FIELD,Field_3,1,PROTECTING,Field_5,1,MOVING_TO_FIELD,Field_1,1,MOVING_TO_FIELD,Field_6,1,MOVING_TO_FIELD,Field_1,1,MOVING_TO_FIELD,Field_3,1,MOVING_TO_FIELD,Field_7,1,MOVING_TO_FIELD,Field_5,1,MOVING_TO_FIELD,Field_4,1,MOVING_TO_FIELD,Field_4,1,MOVING_TO_FIELD,Field_4,1,MOVING_TO_FIELD,Field_3,1,MOVING_TO_FIELD,Field_20,1,MOVING_TO_FIELD,Field_20,1,MOVING_TO_FIELD,Field_4,1,MOVING_TO_FIELD,Field_4,1,MOVING_TO_FIELD,Field_4,1,MOVING_TO_FIELD,Field_7,1,MOVING_TO_FIELD,Field_2,1,MOVING_TO_FIELD,Field_1,1,IDLE,,1,PROTECTING,Field_5,12,0.03,0,4,4,18,0.02,0,1,2,3,0.12,0,6,4,15,0.07,0,6,4,4,0.01,2,4,0,9,0.16,0,6,4,10,0.07,0,3,3,1,0.00,0,1,2,0,0.06,0,0,3,25,0.24,0,0,6,19,0.09,0,0,4,26,0.03,0,0,1,8,0.07,0,0,2,38,0.30,0,0,6,53,0.17,0,0,6,8,0.12,0,0,2,24,0.05,0,0,2,41,0.13,0,0,1,0,0.02,0,0,2,9,0.02,0,6,3
100,328,1,0,2,0,37,0,1,MOVING_TO_FIELD,Field_5,1,MOVING_TO_FIELD,Field_3,1,MOVING_TO_FIELD,Field_20,1,MOVING_TO_FIELD,Field_8,1,MOVING_TO_FIELD,Field_6,1,MOVING_TO_FIELD,Field_3,1,MOVING_TO_FIELD,Field_20,1,MOVING_TO_FIELD,Field_7,1,MOVING_TO_FIELD,Field_6,1,MOVING_TO_FIELD,Field_6,1,MOVING_TO_FIELD,Field_1,1,MOVING_TO_FIELD,Field_20,1,MOVING_TO_FIELD,Field_20,1,MOVING_TO_FIELD,Field_5,1,MOVING_TO_FIELD,Field_5,1,MOVING_TO_FIELD,Field_6,1,MOVING_TO_FIELD,Field_3,1,MOVING_TO_FIELD,Field_6,1,MOVING_TO_FIELD,Field_3,1,PROTECTING,Field_5,1,MOVING_TO_FIELD,Field_1,1,MOVING_TO_FIELD,Field_6,1,MOVING_TO_FIELD,Field_1,1,MOVING_TO_FIELD,Field_3,1,MOVING_TO_FIELD,Field_7,1,MOVING_TO_FIELD,Field_5,1,MOVING_TO_FIELD,Field_4,1,MOVING_TO_FIELD,Field_4,1,MOVING_TO_FIELD,Field_4,1,MOVING_TO_FIELD,Field_3,1,MOVING_TO_FIELD,Field_20,1,MOVING_TO_FIELD,Field_20,1,MOVING_TO_FIELD,Field_4,1,MOVING_TO_FIELD,Field_4,1,MOVING_TO_FIELD,Field_4,1,MOVING_TO_FIELD,Field_7,1,MOVING_TO_FIELD,Field_2,1,MOVING_TO_FIELD,Field_1,1,IDLE,,1,PROTECTING,Field_5,12,0.03,0,4,4,18,0.02,0,1,2,3,0.12,0,6,4,15,0.04,0,6,4,4,0.01,2,4,0,9,0.16,0,6,4,10,0.07,0,3,3,1,0.00,0,1,2,0,0.06,0,0,3,26,0.24,0,0,6,19,0.09,0,0,4,26,0.03,0,0,1,8,0.05,0,0,2,40,0.30,0,0,6,55,0.20,0,0,6,8,0.14,0,0,2,24,0.05,0,0,2,41,0.13,0,0,1,0,0.02,0,0,2,9,0.02,0,6,3
101,329,1,0,0,0,39,0,1,MOVING_TO_FIELD,Field_1,1,MOVING_TO_FIELD,Field_5,1,MOVING_TO_FIELD,Field_20,1,MOVING_TO_FIELD,Field_9,1,MOVING_TO_FIELD,Field_4,1,MOVING_TO_FIELD,Field_3,1,MOVING_TO_FIELD,Field_6,1,MOVING_TO_FIELD,Field_7,1,MOVING_TO_FIELD,Field_4,1,MOVING_TO_FIELD,Field_6,1,MOVING_TO_FIELD,Field_5,1,MOVING_TO_FIELD,Field_20,1,MOVING_TO_FIELD,Field_6,1,MOVING_TO_FIELD,Field_1,1,MOVING_TO_FIELD,Field_1,1,MOVING_TO_FIELD,Field_20,1,MOVING_TO_FIELD,Field_5,1,MOVING_TO_FIELD,Field_6,1,MOVING_TO_FIELD,Field_3,1,MOVING_TO_FIELD,Field_1,1,MOVING_TO_FIELD,Field_5,1,MOVING_TO_FIELD,Field_6,1,MOVING_TO_FIELD,Field_3,1,MOVING_TO_FIELD,Field_8,1,MOVING_TO_FIELD,Field_7,1,MOVING_TO_FIELD,Field_9,1,MOVING_TO_FIELD,Field_4,1,MOVING_TO_FIELD,Field_4,1,MOVING_TO_FIELD,Field_4,1,MOVING_TO_FIELD,Field_5,1,MOVING_TO_FIELD,Field_20,1,MOVING_TO_FIELD,Field_20,1,MOVING_TO_FIELD,Field_20,1,MOVING_TO_FIELD,Field_4,1,MOVING_TO_FIELD,Field_6,1,MOVING_TO_FIELD,Field_7,1,MOVING_TO_FIELD,Field_3,1,MOVING_TO_FIELD,Field_5,1,MOVING_TO_FIELD,Field_9,1,IDLE,,12,0.03,0,4,4,18,0.02,0,0,2,4,0.13,0,4,4,15,0.04,0,6,4,4,0.01,0,6,2,9,0.14,0,6,4,10,0.08,0,3,3,1,0.00,0,1,2,0,0.06,0,3,3,26,0.25,0,0,6,19,0.09,0,0,4,26,0.03,0,0,1,8,0.05,0,0,2,40,0.31,0,0,6,55,0.20,0,0,6,8,0.12,0,0,2,24,0.05,0,0,2,41,0.09,0,0,1,0,0.02,0,0,2,9,0.02,0,6,3
102,329,1,0,0,0,39,0,1,MOVING_TO_FIELD,Field_1,1,MOVING_TO_FIELD,Field_5,1,MOVING_TO_FIELD,Field_20,1,MOVING_TO_FIELD,Field_9,1,MOVING_TO_FIELD,Field_4,1,MOVING_TO_FIELD,Field_3,1,MOVING_TO_FIELD,Field_6,1,MOVING_TO_FIELD,Field_7,1,MOVING_TO_FIELD,Field_4,1,MOVING_TO_FIELD,Field_6,1,MOVING_TO_FIELD,Field_5,1,MOVING_TO_FIELD,Field_20,1,MOVING_TO_FIELD,Field_6,1,MOVING_TO_FIELD,Field_1,1,MOVING_TO_FIELD,Field_1,1,MOVING_TO_FIELD,Field_20,1,MOVING_TO_FIELD,Field_5,1,MOVING_TO_FIELD,Field_6,1,MOVING_TO_FIELD,Field_3,1,MOVING_TO_FIELD,Field_1,1,MOVING_TO_FIELD,Field_5,1,MOVING_TO_FIELD,Field_6,1,MOVING_TO_FIELD,Field_3,1,MOVING_TO_FIELD,Field_8,1,MOVING_TO_FIELD,Field_7,1,MOVING_TO_FIELD,Field_9,1,MOVING_TO_FIELD,Field_4,1,MOVING_TO_FIELD,Field_4,1,MOVING_TO_FIELD,Field_4,1,MOVING_TO_FIELD,Field_5,1,MOVING_TO_FIELD,Field_20,1,MOVING_TO_FIELD,Field_20,1,MOVING_TO_FIELD,Field_20,1,MOVING_TO_FIELD,Field_4,1,MOVING_TO_FIELD,Field_6,1,MOVING_TO_FIELD,Field_7,1,MOVING_TO_FIELD,Field_3,1,MOVING_TO_FIELD,Field_5,1,MOVING_TO_FIELD,Field_9,1,IDLE,,12,0.03,0,4,4,18,0.03,0,0,2,4,0.12,0,4,4,15,0.03,0,6,4,4,0.01,0,6,2,9,0.14,0,6,4,10,0.09,0,3,3,1,0.00,0,1,2,0,0.06,0,3,3,26,0.25,0,0,6,19,0.11,0,0,4,26,0.03,0,0,1,8,0.05,0,0,2,40,0.32,0,0,6,55,0.22,0,0,6,8,0.12,0,0,2,24,0.07,0,0,2,41,0.09,0,0,1,0,0.02,0,0,2,9,0.02,0,6,3
103,329,1,0,0,0,39,0,1,MOVING_TO_FIELD,Field_1,1,MOVING_TO_FIELD,Field_5,1,MOVING_TO_FIELD,Field_20,1,MOVING_TO_FIELD,Field_9,1,MOVING_TO_FIELD,Field_4,1,MOVING_TO_FIELD,Field_3,1,MOVING_TO_FIELD,Field_6,1,MOVING_TO_FIELD,Field_7,1,MOVING_TO_FIELD,Field_4,1,MOVING_TO_FIELD,Field_6,1,MOVING_TO_FIELD,Field_5,1,MOVING_TO_FIELD,Field_20,1,MOVING_TO_FIELD,Field_6,1,MOVING_TO_FIELD,Field_1,1,MOVING_TO_FIELD,Field_1,1,MOVING_TO_FIELD,Field_20,1,MOVING_TO_FIELD,Field_5,1,MOVING_TO_FIELD,Field_6,1,MOVING_TO_FIELD,Field_3,1,MOVING_TO_FIELD,Field_1,1,MOVING_TO_FIELD,Field_5,1,MOVING_TO_FIELD,Field_6,1,MOVING_TO_FIELD,Field_3,1,MOVING_TO_FIELD,Field_8,1,MOVING_TO_FIELD,Field_7,1,MOVING_TO_FIELD,Field_9,1,MOVING_TO_FIELD,Field_4,1,MOVING_TO_FIELD,Field_4,1,MOVING_TO_FIELD,Field_4,1,MOVING_TO_FIELD,Field_5,1,MOVING_TO_FIELD,Field_20,1,MOVING_TO_FIELD,Field_20,1,MOVING_TO_FIELD,Field_20,1,MOVING_TO_FIELD,Field_4,1,MOVING_TO_FIELD,Field_6,1,MOVING_TO_FIELD,Field_7,1,MOVING_TO_FIELD,Field_3,1,MOVING_TO_FIELD,Field_5,1,MOVING_TO_FIELD,Field_9,1,IDLE,,12,0.03,0,4,4,18,0.03,0,0,2,4,0.12,0,4,4,15,0.03,0,6,4,4,0.01,0,6,2,9,0.13,0,6,4,10,0.09,0,3,3,1,0.00,0,1,2,0,0.04,0,3,3,26,0.26,0,0,6,19,0.11,0,0,4,26,0.03,0,0,1,8,0.05,0,0,2,40,0.32,0,0,6,55,0.24,0,0,6,8,0.12,0,0,2,24,0.07,0,0,2,41,0.09,0,0,1,0,0.02,0,0,2,9,0.02,0,6,3
104,331,1,0,0,0,39,0,1,MOVING_TO_FIELD,Field_1,1,MOVING_TO_FIELD,Field_5,1,MOVING_TO_FIELD,Field_20,1,MOVING_TO_FIELD,Field_9,1,MOVING_TO_FIELD,Field_4,1,MOVING_TO_FIELD,Field_3,1,MOVING_TO_FIELD,Field_6,1,MOVING_TO_FIELD,Field_7,1,MOVING_TO_FIELD,Field_4,1,MOVING_TO_FIELD,Field_6,1,MOVING_TO_FIELD,Field_5,1,MOVING_TO_FIELD,Field_20,1,MOVING_TO_FIELD,Field_6,1,MOVING_TO_FIELD,Field_1,1,MOVING_TO_FIELD,Field_1,1,MOVING_TO_FIELD,Field_20,1,MOVING_TO_FIELD,Field_5,1,MOVING_TO_FIELD,Field_6,1,MOVING_TO_FIELD,Field_3,1,MOVING_TO_FIELD,Field_1,1,MOVING_TO_FIELD,Field_5,1,MOVING_TO_FIELD,Field_6,1,MOVING_TO_FIELD,Field_3,1,MOVING_TO_FIELD,Field_8,1,MOVING_TO_FIELD,Field_7,1,MOVING_TO_FIELD,Field_9,1,MOVING_TO_FIELD,Field_4,1,MOVING_TO_FIELD,Field_4,1,MOVING_TO_FIELD,Field_4,1,MOVING_TO_FIELD,Field_5,1,MOVING_TO_FIELD,Field_20,1,MOVING_TO_FIELD,Field_20,1,MOVING_TO_FIELD,Field_20,1,MOVING_TO_FIELD,Field_4,1,MOVING_TO_FIELD,Field_6,1,MOVING_TO_FIELD,Field_7,1,MOVING_TO_FIELD,Field_3,1,MOVING_TO_FIELD,Field_5,1,MOVING_TO_FIELD,Field_9,1,IDLE,,12,0.03,0,4,4,18,0.03,0,0,2,4,0.13,0,4,4,15,0.03,0,6,4,4,0.01,0,6,2,9,0.13,0,6,4,10,0.09,0,3,3,1,0.01,0,1,2,0,0.03,0,3,3,26,0.26,0,0,6,19,0.13,0,0,4,26,0.03,0,0,1,8,0.05,0,0,2,41,0.32,0,0,6,56,0.24,0,0,6,8,0.12,0,0,2,24,0.07,0,0,2,41,0.09,0,0,1,0,0.00,0,0,2,9,0.02,0,6,3
105,331,1,0,0,0,39,0,1,MOVING_TO_FIELD,Field_1,1,MOVING_TO_FIELD,Field_5,1,MOVING_TO_FIELD,Field_20,1,MOVING_TO_FIELD,Field_9,1,MOVING_TO_FIELD,Field_4,1,MOVING_TO_FIELD,Field_3,1,MOVING_TO_FIELD,Field_6,1,MOVING_TO_FIELD,Field_7,1,MOVING_TO_FIELD,Field_4,1,MOVING_TO_FIELD,Field_6,1,MOVING_TO_FIELD,Field_5,1,MOVING_TO_FIELD,Field_20,1,MOVING_TO_FIELD,Field_6,1,MOVING_TO_FIELD,Field_1,1,MOVING_TO_FIELD,Field_1,1,MOVING_TO_FIELD,Field_20,1,MOVING_TO_FIELD,Field_5,1,MOVING_TO_FIELD,Field_6,1,MOVING_TO_FIELD,Field_3,1,MOVING_TO_FIELD,Field_1,1,MOVING_TO_FIELD,Field_5,1,MOVING_TO_FIELD,Field_6,1,MOVING_TO_FIELD,Field_3,1,MOVING_TO_FIELD,Field_8,1,MOVING_TO_FIELD,Field_7,1,MOVING_TO_FIELD,Field_9,1,MOVING_TO_FIELD,Field_4,1,MOVING_TO_FIELD,Field_4,1,MOVING_TO_FIELD,Field_4,1,MOVING_TO_FIELD,Field_5,1,MOVING_TO_FIELD,Field_20,1,MOVING_TO_FIELD,Field_20,1,MOVING_TO_FIELD,Field_20,1,MOVING_TO_FIELD,Field_4,1,MOVING_TO_FIELD,Field_6,1,MOVING_TO_FIELD,Field_7,1,MOVING_TO_FIELD,Field_3,1,MOVING_TO_FIELD,Field_5,1,MOVING_TO_FIELD,Field_9,1,IDLE,,12,0.03,0,4,4,18,0.03,0,0,2,4,0.14,0,4,4,15,0.03,0,6,4,4,0.01,0,6,2,9,0.12,0,6,4,10,0.09,0,3,3,1,0.01,0,1,2,0,0.03,0,3,3,26,0.25,0,0,6,19,0.13,0,0,4,26,0.00,0,0,1,8,0.07,0,0,2,41,0.31,0,0,6,56,0.24,0,0,6,8,0.12,0,0,2,24,0.07,0,0,2,41,0.09,0,0,1,0,0.00,0,0,2,9,0.02,0,6,3
106,333,1,0,1,0,38,0,1,MOVING_TO_FIELD,Field_1,1,MOVING_TO_FIELD,Field_5,1,MOVING_TO_FIELD,Field_20,1,MOVING_TO_FIELD,Field_9,1,MOVING_TO_FIELD,Field_4,1,MOVING_TO_FIELD,Field_3,1,MOVING_TO_FIELD,Field_6,1,MOVING_TO_FIELD,Field_7,1,MOVING_TO_FIELD,Field_4,1,MOVING_TO_FIELD,Field_6,1,MOVING_TO_FIELD,Field_5,1,MOVING_TO_FIELD,Field_20,1,MOVING_TO_FIELD,Field_6,1,MOVING_TO_FIELD,Field_1,1,MOVING_TO_FIELD,Field_1,1,MOVING_TO_FIELD,Field_20,1,MOVING_TO_FIELD,Field_5,1,MOVING_TO_FIELD,Field_6,1,MOVING_TO_FIELD,Field_3,1,MOVING_TO_FIELD,Field_1,1,MOVING_TO_FIELD,Field_5,1,MOVING_TO_FIELD,Field_6,1,MOVING_TO_FIELD,Field_3,1,MOVING_TO_FIELD,Field_8,1,MOVING_TO_FIELD,Field_7,1,MOVING_TO_FIELD,Field_9,1,MOVING_TO_FIELD,Field_4,1,MOVING_TO_FIELD,Field_4,1,MOVING_TO_FIELD,Field_4,1,MOVING_TO_FIELD,Field_5,1,MOVING_TO_FIELD,Field_20,1,MOVING_TO_FIELD,Field_20,1,MOVING_TO_FIELD,Field_20,1,MOVING_TO_FIELD,Field_4,1,MOVING_TO_FIELD,Field_6,1,PROTECTING,Field_7,1,MOVING_TO_FIELD,Field_3,1,MOVING_TO_FIELD,Field_5,1,MOVING_TO_FIELD,Field_9,1,IDLE,,12,0.03,0,4,4,18,0.02,0,0,2,4,0.13,0,4,4,15,0.03,0,6,4,4,0.01,0,6,2,10,0.11,0,6,4,11,0.09,1,2,2,1,0.03,0,1,2,0,0.06,0,3,3,26,0.22,0,0,6,19,0.13,0,0,4,26,0.00,0,0,1,8,0.07,0,0,2,41,0.28,0,0,6,56,0.23,0,0,6,8,0.14,0,0,2,24,0.07,0,0,2,41,0.11,0,0,1,0,0.00,0,0,2,9,0.02,0,6,3
107,334,1,0,3,0,36,0,1,MOVING_TO_FIELD,Field_1,1,MOVING_TO_FIELD,Field_5,1,MOVING_TO_FIELD,Field_20,1,PROTECTING,Field_9,1,MOVING_TO_FIELD,Field_4,1,MOVING_TO_FIELD,Field_3,1,MOVING_TO_FIELD,Field_6,1,MOVING_TO_FIELD,Field_7,1,MOVING_TO_FIELD,Field_4,1,MOVING_TO_FIELD,Field_6,1,MOVING_TO_FIELD,Field_5,1,MOVING_TO_FIELD,Field_20,1,MOVING_TO_FIELD,Field_6,1,MOVING_TO_FIELD,Field_1,1,MOVING_TO_FIELD,Field_1,1,MOVING_TO_FIELD,Field_20,1,MOVING_TO_FIELD,Field_5,1,MOVING_TO_FIELD,Field_6,1,MOVING_TO_FIELD,Field_3,1,MOVING_TO_FIELD,Field_1,1,MOVING_TO_FIELD,Field_5,1,MOVING_TO_FIELD,Field_6,1,MOVING_TO_FIELD,Field_3,1,MOVING_TO_FIELD,Field_8,1,PROTECTING,Field_7,1,MOVING_TO_FIELD,Field_9,1,MOVING_TO_FIELD,Field_4,1,MOVING_TO_FIELD,Field_4,1,MOVING_TO_FIELD,Field_4,1,MOVING_TO_FIELD,Field_5,1,MOVING_TO_FIELD,Field_20,1,MOVING_TO_FIELD,Field_20,1,MOVING_TO_FIELD,Field_20,1,MOVING_TO_FIELD,Field_4,1,MOVING_TO_FIELD,Field_6,1,PROTECTING,Field_7,1,MOVING_TO_FIELD,Field_3,1,MOVING_TO_FIELD,Field_5,1,MOVING_TO_FIELD,Field_9,1,IDLE,,12,0.03,0,4,4,18,0.02,0,0,2,4,0.11,0,4,4,15,0.03,0,6,4,4,0.01,0,6,2,10,0.11,0,6,4,11,0.09,2,1,1,1,0.03,0,1,2,0,0.06,1,2,2,26,0.22,0,0,6,19,0.14,0,0,4,26,0.00,0,0,1,8,0.07,0,0,2,42,0.31,0,0,6,56,0.23,0,0,6,8,0.14,0,0,2,24,0.05,0,0,2,41,0.09,0,0,1,0,0.00,0,0,2,9,0.02,0,6,3
108,334,1,0,5,0,34,0,1,MOVING_TO_FIELD,Field_1,1,MOVING_TO_FIELD,Field_5,1,MOVING_TO_FIELD,Field_20,1,PROTECTING,Field_9,1,MOVING_TO_FIELD,Field_4,1,PROTECTING,Field_3,1,MOVING_TO_FIELD,Field_6,1,MOVING_TO_FIELD,Field_7,1,MOVING_TO_FIELD,Field_4,1,MOVING_TO_FIELD,Field_6,1,MOVING_TO_FIELD,Field_5,1,MOVING_TO_FIELD,Field_20,1,MOVING_TO_FIELD,Field_6,1,MOVING_TO_FIELD,Field_1,1,MOVING_TO_FIELD,Field_1,1,MOVING_TO_FIELD,Field_20,1,MOVING_TO_FIELD,Field_5,1,MOVING_TO_FIELD,Field_6,1,MOVING_TO_FIELD,Field_3,1,MOVING_TO_FIELD,Field_1,1,PROTECTING,Field_5,1,MOVING_TO_FIELD,Field_6,1,MOVING_TO_FIELD,Field_3,1,MOVING_TO_FIELD,Field_8,1,PROTECTING,Field_7,1,MOVING_TO_FIELD,Field_9,1,MOVING_TO_FIELD,Field_4,1,MOVING_TO_FIELD,Field_4,1,MOVING_TO_FIELD,Field_4,1,MOVING_TO_FIELD,Field_5,1,MOVING_TO_FIELD,Field_20,1,MOVING_TO_FIELD,Field_20,1,MOVING_TO_FIELD,Field_20,1,MOVING_TO_FIELD,Field_4,1,MOVING_TO_FIELD,Field_6,1,PROTECTING,Field_7,1,MOVING_TO_FIELD,Field_3,1,MOVING_TO_FIELD,Field_5,1,MOVING_TO_FIELD,Field_9,1,IDLE,,12,0.03,0,4,4,18,0.03,0,0,2,4,0.09,1,3,3,15,0.03,0,6,4,4,0.01,1,5,1,10,0.12,0,6,4,11,0.09,2,1,1,1,0.03,0,1,2,0,0.04,1,2,2,26,0.24,0,0,6,19,0.14,0,0,4,26,0.00,0,0,1,8,0.07,0,0,2,42,0.30,0,0,6,56,0.23,0,0,6,8,0.15,0,0,2,24,0.05,0,0,2,41,0.09,0,0,1,0,0.00,0,0,2,9,0.02,0,6,3
109,334,1,0,5,0,34,0,1,MOVING_TO_FIELD,Field_1,1,MOVING_TO_FIELD,Field_5,1,MOVING_TO_FIELD,Field_20,1,PROTECTING,Field_9,1,MOVING_TO_FIELD,Field_4,1,PROTECTING,Field_3,1,MOVING_TO_FIELD,Field_6,1,MOVING_TO_FIELD,Field_7,1,MOVING_TO_FIELD,Field_4,1,MOVING_TO_FIELD,Field_6,1,MOVING_TO_FIELD,Field_5,1,MOVING_TO_FIELD,Field_20,1,MOVING_TO_FIELD,Field_6,1,MOVING_TO_FIELD,Field_1,1,MOVING_TO_FIELD,Field_1,1,MOVING_TO_FIELD,Field_20,1,MOVING_TO_FIELD,Field_5,1,MOVING_TO_FIELD,Field_6,1,MOVING_TO_FIELD,Field_3,1,MOVING_TO_FIELD,Field_1,1,PROTECTING,Field_5,1,MOVING_TO_FIELD,Field_6,1,MOVING_TO_FIELD,Field_3,1,MOVING_TO_FIELD,Field_8,1,PROTECTING,Field_7,1,MOVING_TO_FIELD,Field_9,1,MOVING_TO_FIELD,Field_4,1,MOVING_TO_FIELD,Field_4,1,MOVING_TO_FIELD,Field_4,1,MOVING_TO_FIELD,Field_5,1,MOVING_TO_FIELD,Field_20,1,MOVING_TO_FIELD,Field_20,1,MOVING_TO_FIELD,Field_20,1,MOVING_TO_FIELD,Field_4,1,MOVING_TO_FIELD,Field_6,1,PROTECTING,Field_7,1,MOVING_TO_FIELD,Field_3,1,MOVING_TO_FIELD,Field_5,1,MOVING_TO_FIELD,Field_9,1,IDLE,,12,0.03,0,4,4,18,0.03,0,0,2,4,0.09,1,3,3,15,0.03,0,6,4,4,0.01,1,5,1,10,0.11,0,6,4,11,0.09,2,1,1,1,0.03,0,1,2,0,0.04,1,2,2,26,0.24,0,0,6,19,0.14,0,0,4,26,0.03,0,0,1,8,0.09,0,0,2,42,0.30,0,0,6,56,0.24,0,0,6,8,0.15,0,0,2,24,0.07,0,0,2,41,0.09,0,0,1,0,0.00,0,0,2,9,0.02,0,6,3
110,338,1,0,5,0,34,0,1,MOVING_TO_FIELD,Field_1,1,MOVING_TO_FIELD,Field_5,1,MOVING_TO_FIELD,Field_20,1,PROTECTING,Field_9,1,MOVING_TO_FIELD,Field_4,1,PROTECTING,Field_3,1,MOVING_TO_FIELD,Field_6,1,MOVING_TO_FIELD,Field_7,1,MOVING_TO_FIELD,Field_4,1,MOVING_TO_FIELD,Field_6,1,MOVING_TO_FIELD,Field_5,1,MOVING_TO_FIELD,Field_20,1,MOVING_TO_FIELD,Field_6,1,MOVING_TO_FIELD,Field_1,1,MOVING_TO_FIELD,Field_1,1,MOVING_TO_FIELD,Field_20,1,MOVING_TO_FIELD,Field_5,1,MOVING_TO_FIELD,Field_6,1,MOVING_TO_FIELD,Field_3,1,MOVING_TO_FIELD,Field_1,1,PROTECTING,Field_5,1,MOVING_TO_FIELD,Field_6,1,MOVING_TO_FIELD,Field_3,1,MOVING_TO_FIELD,Field_8,1,PROTECTING,Field_7,1,MOVING_TO_FIELD,Field_9,1,MOVING_TO_FIELD,Field_4,1,MOVING_TO_FIELD,Field_4,1,MOVING_TO_FIELD,Field_4,1,MOVING_TO_FIELD,Field_5,1,MOVING_TO_FIELD,Field_20,1,MOVING_TO_FIELD,Field_20,1,MOVING_TO_FIELD,Field_20,1,MOVING_TO_FIELD,Field_4,1,MOVING_TO_FIELD,Field_6,1,PROTECTING,Field_7,1,MOVING_TO_FIELD,Field_3,1,MOVING_TO_FIELD,Field_5,1,MOVING_TO_FIELD,Field_9,1,IDLE,,12,0.03,0,4,4,18,0.03,0,0,2,4,0.09,1,3,3,15,0.03,0,6,4,4,0.01,1,5,1,10,0.12,0,6,4,11,0.08,2,1,1,1,0.01,0,1,2,0,0.04,1,2,2,26,0.23,0,0,6,19,0.14,0,0,4,26,0.06,0,0,1,8,0.07,0,0,2,42,0.30,0,0,6,60,0.24,0,0,6,8,0.11,0,0,2,24,0.07,0,0,2,41,0.09,0,0,1,0,0.00,0,0,2,9,0.02,0,6,3
111,338,0,0,1,0,39,0,1,MOVING_TO_FIELD,Field_5,1,MOVING_TO_FIELD,Field_1,1,MOVING_TO_FIELD,Field_3,1,MOVING_TO_FIELD,Field_8,1,MOVING_TO_FIELD,Field_20,1,MOVING_TO_FIELD,Field_6,1,MOVING_TO_FIELD,Field_4,1,MOVING_TO_FIELD,Field_20,1,MOVING_TO_FIELD,Field_20,1,MOVING_TO_FIELD,Field_6,1,MOVING_TO_FIELD,Field_1,1,MOVING_TO_FIELD,Field_3,1,MOVING_TO_FIELD,Field_4,1,MOVING_TO_FIELD,Field_5,1,MOVING_TO_FIELD,Field_5,1,MOVING_TO_FIELD,Field_3,1,MOVING_TO_FIELD,Field_1,1,MOVING_TO_FIELD,Field_4,1,MOVING_TO_FIELD,Field_5,1,MOVING_TO_FIELD,Field_5,1,MOVING_TO_FIELD,Field_3,1,MOVING_TO_FIELD,Field_4,1,MOVING_TO_FIELD,Field_5,1,MOVING_TO_FIELD,Field_7,1,PROTECTING,Field_7,1,MOVING_TO_FIELD,Field_7,1,MOVING_TO_FIELD,Field_6,1,MOVING_TO_FIELD,Field_20,1,MOVING_TO_FIELD,Field_20,1,MOVING_TO_FIELD,Field_7,1,MOVING_TO_FIELD,Field_6,1,MOVING_TO_FIELD,Field_3,1,MOVING_TO_FIELD,Field_6,1,MOVING_TO_FIELD,Field_4,1,MOVING_TO_FIELD,Field_4,1,MOVING_TO_FIELD,Field_20,1,MOVING_TO_FIELD,Field_6,1,MOVING_TO_FIELD,Field_1,1,MOVING_TO_FIELD,Field_7,1,MOVING_TO_FIELD,Field_3,12,0.03,0,4,4,18,0.02,0,0,2,4,0.09,0,6,4,15,0.03,0,6,4,4,0.01,0,6,2,10,0.12,0,6,4,11,0.06,1,4,2,1,0.01,0,1,2,0,0.04,0,0,3,26,0.23,0,0,6,19,0.14,0,0,4,26,0.06,0,0,1,8,0.07,0,0,2,42,0.30,0,0,6,60,0.25,0,0,6,8,0.10,0,0,2,24,0.07,0,0,2,41,0.11,0,0,1,0,0.02,0,0,2,9,0.02,0,6,3
112,340,0,0,1,0,39,0,1,MOVING_TO_FIELD,Field_5,1,MOVING_TO_FIELD,Field_1,1,MOVING_TO_FIELD,Field_3,1,MOVING_TO_FIELD,Field_8,1,MOVING_TO_FIELD,Field_20,1,MOVING_TO_FIELD,Field_6,1,MOVING_TO_FIELD,Field_4,1,MOVING_TO_FIELD,Field_20,1,MOVING_TO_FIELD,Field_20,1,MOVING_TO_FIELD,Field_6,1,MOVING_TO_FIELD,Field_1,1,MOVING_TO_FIELD,Field_3,1,MOVING_TO_FIELD,Field_4,1,MOVING_TO_FIELD,Field_5,1,MOVING_TO_FIELD,Field_5,1,MOVING_TO_FIELD,Field_3,1,MOVING_TO_FIELD,Field_1,1,MOVING_TO_FIELD,Field_4,1,MOVING_TO_FIELD,Field_5,1,MOVING_TO_FIELD,Field_5,1,MOVING_TO_FIELD,Field_3,1,MOVING_TO_FIELD,Field_4,1,MOVING_TO_FIELD,Field_5,1,MOVING_TO_FIELD,Field_7,1,PROTECTING,Field_7,1,MOVING_TO_FIELD,Field_7,1,MOVING_TO_FIELD,Field_6,1,MOVING_TO_FIELD,Field_20,1,MOVING_TO_FIELD,Field_20,1,MOVING_TO_FIELD,Field_7,1,MOVING_TO_FIELD,Field_6,1,MOVING_TO_FIELD,Field_3,1,MOVING_TO_FIELD,Field_6,1,MOVING_TO_FIELD,Field_4,1,MOVING_TO_FIELD,Field_4,1,MOVING_TO_FIELD,Field_20,1,MOVING_TO_FIELD,Field_6,1,MOVING_TO_FIELD,Field_1,1,MOVING_TO_FIELD,Field_7,1,MOVING_TO_FIELD,Field_3,12,0.03,0,4,4,18,0.02,0,0,2,4,0.11,0,6,4,15,0.02,0,6,4,4,0.01,0,6,2,10,0.12,0,6,4,11,0.06,1,4,2,1,0.01,0,1,2,0,0.04,0,0,3,26,0.21,0,0,6,19,0.14,0,0,4,26,0.06,0,0,1,8,0.11,0,0,2,44,0.28,0,0,6,60,0.24,0,0,6,8,0.10,0,0,2,24,0.07,0,0,2,41,0.11,0,0,1,0,0.02,0,0,2,9,0.02,0,6,3
113,340,0,0,1,0,39,0,1,MOVING_TO_FIELD,Field_5,1,MOVING_TO_FIELD,Field_1,1,MOVING_TO_FIELD,Field_3,1,MOVING_TO_FIELD,Field_8,1,MOVING_TO_FIELD,Field_20,1,MOVING_TO_FIELD,Field_6,1,MOVING_TO_FIELD,Field_4,1,MOVING_TO_FIELD,Field_20,1,MOVING_TO_FIELD,Field_20,1,MOVING_TO_FIELD,Field_6,1,MOVING_TO_FIELD,Field_1,1,MOVING_TO_FIELD,Field_3,1,MOVING_TO_FIELD,Field_4,1,MOVING_TO_FIELD,Field_5,1,MOVING_TO_FIELD,Field_5,1,MOVING_TO_FIELD,Field_3,1,MOVING_TO_FIELD,Field_1,1,MOVING_TO_FIELD,Field_4,1,MOVING_TO_FIELD,Field_5,1,MOVING_TO_FIELD,Field_5,1,MOVING_TO_FIELD,Field_3,1,MOVING_TO_FIELD,Field_4,1,MOVING_TO_FIELD,Field_5,1,MOVING_TO_FIELD,Field_7,1,PROTECTING,Field_7,1,MOVING_TO_FIELD,Field_7,1,MOVING_TO_FIELD,Field_6,1,MOVING_TO_FIELD,Field_20,1,MOVING_TO_FIELD,Field_20,1,MOVING_TO_FIELD,Field_7,1,MOVING_TO_FIELD,Field_6,1,MOVING_TO_FIELD,Field_3,1,MOVING_TO_FIELD,Field_6,1,MOVING_TO_FIELD,Field_4,1,MOVING_TO_FIELD,Field_4,1,MOVING_TO_FIELD,Field_20,1,MOVING_TO_FIELD,Field_6,1,MOVING_TO_FIELD,Field_1,1,MOVING_TO_FIELD,Field_7,1,MOVING_TO_FIELD,Field_3,12,0.03,0,4,4,18,0.02,0,0,2,4,0.11,0,6,4,15,0.03,0,6,4,4,0.01,0,6,2,10,0.12,0,6,4,11,0.07,1,4,2,1,0.01,0,1,2,0,0.03,0,0,3,26,0.21,0,0,6,19,0.14,0,0,4,26,0.06,0,0,1,8,0.11,0,0,2,44,0.28,0,0,6,60,0.24,0,0,6,8,0.10,0,0,2,24,0.07,0,0,2,41,0.11,0,0,1,0,0.02,0,0,2,9,0.02,0,6,3
114,344,0,0,1,0,39,0,1,MOVING_TO_FIELD,Field_5,1,MOVING_TO_FIELD,Field_1,1,MOVING_TO_FIELD,Field_3,1,MOVING_TO_FIELD,Field_8,1,MOVING_TO_FIELD,Field_20,1,MOVING_TO_FIELD,Field_6,1,MOVING_TO_FIELD,Field_4,1,MOVING_TO_FIELD,Field_20,1,MOVING_TO_FIELD,Field_20,1,MOVING_TO_FIELD,Field_6,1,MOVING_TO_FIELD,Field_1,1,MOVING_TO_FIELD,Field_3,1,MOVING_TO_FIELD,Field_4,1,MOVING_TO_FIELD,Field_5,1,MOVING_TO_FIELD,Field_5,1,MOVING_TO_FIELD,Field_3,1,MOVING_TO_FIELD,Field_1,1,MOVING_TO_FIELD,Field_4,1,MOVING_TO_FIELD,Field_5,1,MOVING_TO_FIELD,Field_5,1,MOVING_TO_FIELD,Field_3,1,MOVING_TO_FIELD,Field_4,1,MOVING_TO_FIELD,Field_5,1,MOVING_TO_FIELD,Field_7,1,PROTECTING,Field_7,1,MOVING_TO_FIELD,Field_7,1,MOVING_TO_FIELD,Field_6,1,MOVING_TO_FIELD,Field_20,1,MOVING_TO_FIELD,Field_20,1,MOVING_TO_FIELD,Field_7,1,MOVING_TO_FIELD,Field_6,1,MOVING_TO_FIELD,Field_3,1,MOVING_TO_FIELD,Field_6,1,MOVING_TO_FIELD,Field_4,1,MOVING_TO_FIELD,Field_4,1,MOVING_TO_FIELD,Field_20,1,MOVING_TO_FIELD,Field_6,1,MOVING_TO_FIELD,Field_1,1,MOVING_TO_FIELD,Field_7,1,MOVING_TO_FIELD,Field_3,12,0.03,0,4,4,18,0.02,0,0,2,4,0.11,0,6,4,15,0.04,0,6,4,4,0.00,0,6,2,10,0.12,0,6,4,11,0.07,1,4,2,1,0.01,0,1,2,0,0.03,0,0,3,26,0.21,0,0,6,19,0.14,0,0,4,26,0.06,0,0,1,8,0.11,0,0,2,45,0.28,0,0,6,62,0.26,0,0,6,9,0.10,0,0,2,24,0.07,0,0,2,41,0.07,0,0,1,0,0.02,0,0,2,9,0.02,0,6,3
115,345,0,0,1,0,39,0,1,MOVING_TO_FIELD,Field_5,1,MOVING_TO_FIELD,Field_1,1,MOVING_TO_FIELD,Field_3,1,MOVING_TO_FIELD,Field_8,1,MOVING_TO_FIELD,Field_20,1,MOVING_TO_FIELD,Field_6,1,MOVING_TO_FIELD,Field_4,1,MOVING_TO_FIELD,Field_20,1,MOVING_TO_FIELD,Field_20,1,MOVING_TO_FIELD,Field_6,1,MOVING_TO_FIELD,Field_1,1,MOVING_TO_FIELD,Field_3,1,MOVING_TO_FIELD,Field_4,1,MOVING_TO_FIELD,Field_5,1,MOVING_TO_FIELD,Field_5,1,MOVING_TO_FIELD,Field_3,1,MOVING_TO_FIELD,Field_1,1,MOVING_TO_FIELD,Field_4,1,MOVING_TO_FIELD,Field_5,1,MOVING_TO_FIELD,Field_5,1,MOVING_TO_FIELD,Field_3,1,MOVING_TO_FIELD,Field_4,1,MOVING_TO_FIELD,Field_5,1,MOVING_TO_FIELD,Field_7,1,PROTECTING,Field_7,1,MOVING_TO_FIELD,Field_7,1,MOVING_TO_FIELD,Field_6,1,MOVING_TO_FIELD,Field_20,1,MOVING_TO_FIELD,Field_20,1,MOVING_TO_FIELD,Field_7,1,MOVING_TO_FIELD,Field_6,1,MOVING_TO_FIELD,Field_3,1,MOVING_TO_FIELD,Field_6,1,MOVING_TO_FIELD,Field_4,1,MOVING_TO_FIELD,Field_4,1,MOVING_TO_FIELD,Field_20,1,MOVING_TO_FIELD,Field_6,1,MOVING_TO_FIELD,Field_1,1,MOVING_TO_FIELD,Field_7,1,MOVING_TO_FIELD,Field_3,12,0.02,0,4,4,18,0.03,0,0,2,4,0.10,0,6,4,15,0.04,0,6,4,4,0.00,0,6,2,10,0.12,0,6,4,11,0.07,1,4,2,1,0.01,0,1,2,0,0.03,0,0,3,26,0.19,0,0,6,19,0.16,0,0,4,26,0.09,0,0,1,8,0.11,0,0,2,45,0.28,0,0,6,63,0.27,0,0,6,9,0.11,0,0,2,24,0.07,0,0,2,41,0.11,0,0,1,0,0.02,0,0,2,9,0.02,0,6,3
116,346,0,0,1,0,39,0,1,MOVING_TO_FIELD,Field_5,1,MOVING_TO_FIELD,Field_1,1,MOVING_TO_FIELD,Field_3,1,MOVING_TO_FIELD,Field_8,1,MOVING_TO_FIELD,Field_20,1,MOVING_TO_FIELD,Field_6,1,MOVING_TO_FIELD,Field_4,1,MOVING_TO_FIELD,Field_20,1,MOVING_TO_FIELD,Field_20,1,MOVING_TO_FIELD,Field_6,1,MOVING_TO_FIELD,Field_1,1,MOVING_TO_FIELD,Field_3,1,MOVING_TO_FIELD,Field_4,1,MOVING_TO_FIELD,Field_5,1,MOVING_TO_FIELD,Field_5,1,MOVING_TO_FIELD,Field_3,1,MOVING_TO_FIELD,Field_1,1,MOVING_TO_FIELD,Field_4,1,MOVING_TO_FIELD,Field_5,1,MOVING_TO_FIELD,Field_5,1,MOVING_TO_FIELD,Field_3,1,MOVING_TO_FIELD,Field_4,1,MOVING_TO_FIELD,Field_5,1,MOVING_TO_FIELD,Field_7,1,PROTECTING,Field_7,1,MOVING_TO_FIELD,Field_7,1,MOVING_TO_FIELD,Field_6,1,MOVING_TO_FIELD,Field_20,1,MOVING_TO_FIELD,Field_20,1,MOVING_TO_FIELD,Field_7,1,MOVING_TO_FIELD,Field_6,1,MOVING_TO_FIELD,Field_3,1,MOVING_TO_FIELD,Field_6,1,MOVING_TO_FIELD,Field_4,1,MOVING_TO_FIELD,Field_4,1,MOVING_TO_FIELD,Field_20,1,MOVING_TO_FIELD,Field_6,1,MOVING_TO_FIELD,Field_1,1,MOVING_TO_FIELD,Field_7,1,MOVING_TO_FIELD,Field_3,12,0.03,0,4,4,18,0.04,0,0,2,4,0.10,0,6,4,15,0.04,0,6,4,4,0.00,0,6,2,10,0.11,0,6,4,11,0.08,1,4,2,1,0.01,0,1,2,0,0.03,0,0,3,26,0.18,0,0,6,19,0.16,0,0,4,26,0.09,0,0,1,8,0.11,0,0,2,45,0.27,0,0,6,64,0.28,0,0,6,9,0.11,0,0,2,24,0.07,0,0,2,41,0.13,0,0,1,0,0.02,0,0,2,9,0.02,0,6,3
117,348,0,0,2,0,38,0,1,MOVING_TO_FIELD,Field_5,1,MOVING_TO_FIELD,Field_1,1,MOVING_TO_FIELD,Field_3,1,MOVING_TO_FIELD,Field_8,1,MOVING_TO_FIELD,Field_20,1,MOVING_TO_FIELD,Field_6,1,MOVING_TO_FIELD,Field_4,1,MOVING_TO_FIELD,Field_20,1,MOVING_TO_FIELD,Field_20,1,MOVING_TO_FIELD,Field_6,1,MOVING_TO_FIELD,Field_1,1,MOVING_TO_FIELD,Field_3,1,MOVING_TO_FIELD,Field_4,1,MOVING_TO_FIELD,Field_5,1,MOVING_TO_FIELD,Field_5,1,MOVING_TO_FIELD,Field_3,1,MOVING_TO_FIELD,Field_1,1,MOVING_TO_FIELD,Field_4,1,MOVING_TO_FIELD,Field_5,1,MOVING_TO_FIELD,Field_5,1,MOVING_TO_FIELD,Field_3,1,MOVING_TO_FIELD,Field_4,1,MOVING_TO_FIELD,Field_5,1,MOVING_TO_FIELD,Field_7,1,PROTECTING,Field_7,1,MOVING_TO_FIELD,Field_7,1,MOVING_TO_FIELD,Field_6,1,MOVING_TO_FIELD,Field_20,1,MOVING_TO_FIELD,Field_20,1,MOVING_TO_FIELD,Field_7,1,MOVING_TO_FIELD,Field_6,1,MOVING_TO_FIELD,Field_3,1,MOVING_TO_FIELD,Field_6,1,PROTECTING,Field_4,1,MOVING_TO_FIELD,Field_4,1,MOVING_TO_FIELD,Field_20,1,MOVING_TO_FIELD,Field_6,1,MOVING_TO_FIELD,Field_1,1,MOVING_TO_FIELD,Field_7,1,MOVING_TO_FIELD,Field_3,12,0.03,0,4,4,18,0.04,0,0,2,4,0.09,0,6,4,15,0.03,1,5,3,4,0.00,0,6,2,10,0.11,0,6,4,11,0.07,1,4,2,1,0.01,0,1,2,0,0.03,0,0,3,26,0.18,0,0,6,20,0.18,0,0,4,26,0.09,0,0,1,8,0.11,0,0,2,46,0.27,0,0,6,64,0.28,0,0,6,9,0.12,0,0,2,24,0.08,0,0,2,41,0.13,0,0,1,0,0.03,0,0,2,9,0.02,0,6,3
118,350,0,0,3,0,37,0,1,MOVING_TO_FIELD,Field_5,1,MOVING_TO_FIELD,Field_1,1,MOVING_TO_FIELD,Field_3,1,MOVING_TO_FIELD,Field_8,1,MOVING_TO_FIELD,Field_20,1,MOVING_TO_FIELD,Field_6,1,MOVING_TO_FIELD,Field_4,1,MOVING_TO_FIELD,Field_20,1,MOVING_TO_FIELD,Field_20,1,MOVING_TO_FIELD,Field_6,1,MOVING_TO_FIELD,Field_1,1,MOVING_TO_FIELD,Field_3,1,MOVING_TO_FIELD,Field_4,1,MOVING_TO_FIELD,Field_5,1,PROTECTING,Field_5,1,MOVING_TO_FIELD,Field_3,1,MOVING_TO_FIELD,Field_1,1,MOVING_TO_FIELD,Field_4,1,MOVING_TO_FIELD,Field_5,1,MOVING_TO_FIELD,Field_5,1,MOVING_TO_FIELD,Field_3,1,MOVING_TO_FIELD,Field_4,1,MOVING_TO_FIELD,Field_5,1,MOVING_TO_FIELD,Field_7,1,PROTECTING,Field_7,1,MOVING_TO_FIELD,Field_7,1,MOVING_TO_FIELD,Field_6,1,MOVING_TO_FIELD,Field_20,1,MOVING_TO_FIELD,Field_20,1,MOVING_TO_FIELD,Field_7,1,MOVING_TO_FIELD,Field_6,1,MOVING_TO_FIELD,Field_3,1,MOVING_TO_FIELD,Field_6,1,PROTECTING,Field_4,1,MOVING_TO_FIELD,Field_4,1,MOVING_TO_FIELD,Field_20,1,MOVING_TO_FIELD,Field_6,1,MOVING_TO_FIELD,Field_1,1,MOVING_TO_FIELD,Field_7,1,MOVING_TO_FIELD,Field_3,12,0.05,0,4,4,18,0.03,0,0,2,4,0.07,0,6,4,15,0.03,1,5,3,4,0.00,1,5,1,10,0.11,0,6,4,11,0.07,1,4,2,1,0.01,0,1,2,0,0.04,0,0,3,26,0.18,0,0,6,20,0.18,0,0,4,26,0.09,0,0,1,8,0.11,0,0,2,46,0.24,0,0,6,66,0.28,0,0,6,9,0.14,0,0,2,24,0.08,0,0,2,41,0.13,0,0,1,0,0.03,0,0,2,9,0.02,0,6,3
119,354,0,0,3,0,37,0,1,MOVING_TO_FIELD,Field_5,1,MOVING_TO_FIELD,Field_1,1,MOVING_TO_FIELD,Field_3,1,MOVING_TO_FIELD,Field_8,1,MOVING_TO_FIELD,Field_20,1,MOVING_TO_FIELD,Field_6,1,MOVING_TO_FIELD,Field_4,1,MOVING_TO_FIELD,Field_20,1,MOVING_TO_FIELD,Field_20,1,MOVING_TO_FIELD,Field_6,1,MOVING_TO_FIELD,Field_1,1,MOVING_TO_FIELD,Field_3,1,MOVING_TO_FIELD,Field_4,1,MOVING_TO_FIELD,Field_5,1,PROTECTING,Field_5,1,MOVING_TO_FIELD,Field_3,1,MOVING_TO_FIELD,Field_1,1,MOVING_TO_FIELD,Field_4,1,MOVING_TO_FIELD,Field_5,1,MOVING_TO_FIELD,Field_5,1,MOVING_TO_FIELD,Field_3,1,MOVING_TO_FIELD,Field_4,1,MOVING_TO_FIELD,Field_5,1,MOVING_TO_FIELD,Field_7,1,PROTECTING,Field_7,1,MOVING_TO_FIELD,Field_7,1,MOVING_TO_FIELD,Field_6,1,MOVING_TO_FIELD,Field_20,1,MOVING_TO_FIELD,Field_20,1,MOVING_TO_FIELD,Field_7,1,MOVING_TO_FIELD,Field_6,1,MOVING_TO_FIELD,Field_3,1,MOVING_TO_FIELD,Field_6,1,PROTECTING,Field_4,1,MOVING_TO_FIELD,Field_4,1,MOVING_TO_FIELD,Field_20,1,MOVING_TO_FIELD,Field_6,1,MOVING_TO_FIELD,Field_1,1,MOVING_TO_FIELD,Field_7,1,MOVING_TO_FIELD,Field_3,12,0.06,0,4,4,18,0.04,0,0,2,4,0.07,0,6,4,15,0.02,1,5,3,4,0.00,1,5,1,10,0.11,0,6,4,11,0.07,1,4,2,1,0.01,0,1,2,0,0.04,0,0,3,27,0.18,0,0,6,20,0.18,0,0,4,26,0.09,0,0,1,8,0.11,0,0,2,46,0.23,0,0,6,66,0.28,0,0,6,12,0.17,0,0,2,24,0.08,0,0,2,41,0.13,0,0,1,0,0.03,0,0,2,9,0.02,0,6,3
120,354,0,0,7,0,33,0,1,MOVING_TO_FIELD,Field_5,1,MOVING_TO_FIELD,Field_1,1,PROTECTING,Field_3,1,PROTECTING,Field_8,1,MOVING_TO_FIELD,Field_20,1,MOVING_TO_FIELD,Field_6,1,MOVING_TO_FIELD,Field_4,1,MOVING_TO_FIELD,Field_20,1,MOVING_TO_FIELD,Field_20,1,MOVING_TO_FIELD,Field_6,1,MOVING_TO_FIELD,Field_1,1,PROTECTING,Field_3,1,MOVING_TO_FIELD,Field_4,1,MOVING_TO_FIELD,Field_5,1,PROTECTING,Field_5,1,MOVING_TO_FIELD,Field_3,1,MOVING_TO_FIELD,Field_1,1,MOVING_TO_FIELD,Field_4,1,MOVING_TO_FIELD,Field_5,1,MOVING_TO_FIELD,Field_5,1,MOVING_TO_FIELD,Field_3,1,MOVING_TO_FIELD,Field_4,1,MOVING_TO_FIELD,Field_5,1,MOVING_TO_FIELD,Field_7,1,PROTECTING,Field_7,1,PROTECTING,Field_7,1,MOVING_TO_FIELD,Field_6,1,MOVING_TO_FIELD,Field_20,1,MOVING_TO_FIELD,Field_20,1,MOVING_TO_FIELD,Field_7,1,MOVING_TO_FIELD,Field_6,1,MOVING_TO_FIELD,Field_3,1,MOVING_TO_FIELD,Field_6,1,PROTECTING,Field_4,1,MOVING_TO_FIELD,Field_4,1,MOVING_TO_FIELD,Field_20,1,MOVING_TO_FIELD,Field_6,1,MOVING_TO_FIELD,Field_1,1,MOVING_TO_FIELD,Field_7,1,MOVING_TO_FIELD,Field_3,12,0.07,0,4,4,18,0.04,0,0,2,4,0.08,2,4,2,15,0.03,1,5,3,4,0.00,1,5,1,10,0.12,0,6,4,11,0.07,2,3,1,1,0.03,1,0,1,0,0.06,0,0,3,27,0.18,0,0,6,20,0.18,0,0,4,26,0.09,0,0,1,8,0.11,0,0,2,46,0.23,0,0,6,66,0.28,0,0,6,12,0.17,0,0,2,24,0.08,0,0,2,41,0.13,0,0,1,0,0.03,0,0,2,9,0.02,0,6,3
121,355,1,0,3,0,36,0,1,MOVING_TO_FIELD,Field_1,1,MOVING_TO_FIELD,Field_5,1,PROTECTING,Field_3,1,PROTECTING,Field_8,1,MOVING_TO_FIELD,Field_20,1,MOVING_TO_FIELD,Field_4,1,MOVING_TO_FIELD,Field_20,1,MOVING_TO_FIELD,Field_9,1,MOVING_TO_FIELD,Field_7,1,MOVING_TO_FIELD,Field_4,1,MOVING_TO_FIELD,Field_5,1,PROTECTING,Field_3,1,MOVING_TO_FIELD,Field_20,1,MOVING_TO_FIELD,Field_1,1,MOVING_TO_FIELD,Field_1,1,MOVING_TO_FIELD,Field_5,1,MOVING_TO_FIELD,Field_5,1,MOVING_TO_FIELD,Field_20,1,MOVING_TO_FIELD,Field_9,1,MOVING_TO_FIELD,Field_1,1,MOVING_TO_FIELD,Field_9,1,MOVING_TO_FIELD,Field_4,1,IDLE,,1,MOVING_TO_FIELD,Field_20,1,MOVING_TO_FIELD,Field_2,1,MOVING_TO_FIELD,Field_8,1,MOVING_TO_FIELD,Field_4,1,MOVING_TO_FIELD,Field_2,1,MOVING_TO_FIELD,Field_7,1,MOVING_TO_FIELD,Field_9,1,MOVING_TO_FIELD,Field_8,1,MOVING_TO_FIELD,Field_2,1,MOVING_TO_FIELD,Field_4,1,MOVING_TO_FIELD,Field_6,1,MOVING_TO_FIELD,Field_6,1,MOVING_TO_FIELD,Field_9,1,MOVING_TO_FIELD,Field_4,1,MOVING_TO_FIELD,Field_5,1,MOVING_TO_FIELD,Field_20,1,MOVING_TO_FIELD,Field_5,12,0.07,0,4,4,18,0.05,0,3,2,4,0.09,2,0,2,15,0.03,0,6,4,4,0.00,0,6,2,10,0.12,0,2,4,11,0.07,0,2,3,1,0.03,1,2,1,0,0.07,0,5,3,27,0.18,0,0,6,20,0.17,0,0,4,26,0.06,0,0,1,8,0.11,0,0,2,46,0.21,0,0,6,66,0.28,0,0,6,12,0.16,0,0,2,25,0.07,0,0,2,41,0.15,0,0,1,0,0.03,0,0,2,9,0.02,0,6,3
122,356,1,0,3,0,36,0,1,MOVING_TO_FIELD,Field_1,1,MOVING_TO_FIELD,Field_5,1,PROTECTING,Field_3,1,PROTECTING,Field_8,1,MOVING_TO_FIELD,Field_20,1,MOVING_TO_FIELD,Field_4,1,MOVING_TO_FIELD,Field_20,1,MOVING_TO_FIELD,Field_9,1,MOVING_TO_FIELD,Field_7,1,MOVING_TO_FIELD,Field_4,1,MOVING_TO_FIELD,Field_5,1,PROTECTING,Field_3,1,MOVING_TO_FIELD,Field_20,1,MOVING_TO_FIELD,Field_1,1,MOVING_TO_FIELD,Field_1,1,MOVING_TO_FIELD,Field_5,1,MOVING_TO_FIELD,Field_5,1,MOVING_TO_FIELD,Field_20,1,MOVING_TO_FIELD,Field_9,1,MOVING_TO_FIELD,Field_1,1,MOVING_TO_FIELD,Field_9,1,MOVING_TO_FIELD,Field_4,1,IDLE,,1,MOVING_TO_FIELD,Field_20,1,MOVING_TO_FIELD,Field_2,1,MOVING_TO_FIELD,Field_8,1,MOVING_TO_FIELD,Field_4,1,MOVING_TO_FIELD,Field_2,1,MOVING_TO_FIELD,Field_7,1,MOVING_TO_FIELD,Field_9,1,MOVING_TO_FIELD,Field_8,1,MOVING_TO_FIELD,Field_2,1,MOVING_TO_FIELD,Field_4,1,MOVING_TO_FIELD,Field_6,1,MOVING_TO_FIELD,Field_6,1,MOVING_TO_FIELD,Field_9,1,MOVING_TO_FIELD,Field_4,1,MOVING_TO_FIELD,Field_5,1,MOVING_TO_FIELD,Field_20,1,MOVING_TO_FIELD,Field_5,12,0.07,0,4,4,18,0.04,0,3,2,4,0.08,2,0,2,15,0.03,0,6,4,4,0.00,0,6,2,10,0.13,0,2,4,11,0.08,0,2,3,1,0.03,1,2,1,0,0.07,0,5,3,27,0.18,0,0,6,20,0.17,0,0,4,26,0.06,0,0,1,9,0.11,0,0,2,46,0.20,0,0,6,66,0.27,0,0,6,12,0.16,0,0,2,25,0.08,0,0,2,41,0.15,0,0,1,0,0.02,0,0,2,9,0.00,0,6,3
123,356,1,0,4,0,35,0,1,MOVING_TO_FIELD,Field_1,1,MOVING_TO_FIELD,Field_5,1,PROTECTING,Field_3,1,PROTECTING,Field_8,1,MOVING_TO_FIELD,Field_20,1,MOVING_TO_FIELD,Field_4,1,MOVING_TO_FIELD,Field_20,1,PROTECTING,Field_9,1,MOVING_TO_FIELD,Field_7,1,MOVING_TO_FIELD,Field_4,1,MOVING_TO_FIELD,Field_5,1,PROTECTING,Field_3,1,MOVING_TO_FIELD,Field_20,1,MOVING_TO_FIELD,Field_1,1,MOVING_TO_FIELD,Field_1,1,MOVING_TO_FIELD,Field_5,1,MOVING_TO_FIELD,Field_5,1,MOVING_TO_FIELD,Field_20,1,MOVING_TO_FIELD,Field_9,1,MOVING_TO_FIELD,Field_1,1,MOVING_TO_FIELD,Field_9,1,MOVING_TO_FIELD,Field_4,1,IDLE,,1,MOVING_TO_FIELD,Field_20,1,MOVING_TO_FIELD,Field_2,1,MOVING_TO_FIELD,Field_8,1,MOVING_TO_FIELD,Field_4,1,MOVING_TO_FIELD,Field_2,1,MOVING_TO_FIELD,Field_7,1,MOVING_TO_FIELD,Field_9,1,MOVING_TO_FIELD,Field_8,1,MOVING_TO_FIELD,Field_2,1,MOVING_TO_FIELD,Field_4,1,MOVING_TO_FIELD,Field_6,1,MOVING_TO_FIELD,Field_6,1,MOVING_TO_FIELD,Field_9,1,MOVING_TO_FIELD,Field_4,1,MOVING_TO_FIELD,Field_5,1,MOVING_TO_FIELD,Field_20,1,MOVING_TO_FIELD,Field_5,12,0.07,0,4,4,18,0.03,0,3,2,4,0.09,2,0,2,15,0.02,0,6,4,4,0.00,0,6,2,10,0.13,0,2,4,11,0.06,0,2,3,1,0.03,1,2,1,0,0.07,1,4,2,27,0.19,0,0,6,20,0.17,0,0,4,26,0.06,0,0,1,9,0.11,0,0,2,46,0.20,0,0,6,66,0.28,0,0,6,12,0.16,0,0,2,25,0.08,0,0,2,41,0.11,0,0,1,0,0.03,0,0,2,9,0.00,0,6,3
124,358,1,0,5,0,34,0,1,MOVING_TO_FIELD,Field_1,1,MOVING_TO_FIELD,Field_5,1,PROTECTING,Field_3,1,PROTECTING,Field_8,1,MOVING_TO_FIELD,Field_20,1,MOVING_TO_FIELD,Field_4,1,MOVING_TO_FIELD,Field_20,1,PROTECTING,Field_9,1,MOVING_TO_FIELD,Field_7,1,MOVING_TO_FIELD,Field_4,1,MOVING_TO_FIELD,Field_5,1,PROTECTING,Field_3,1,MOVING_TO_FIELD,Field_20,1,MOVING_TO_FIELD,Field_1,1,MOVING_TO_FIELD,Field_1,1,MOVING_TO_FIELD,Field_5,1,MOVING_TO_FIELD,Field_5,1,MOVING_TO_FIELD,Field_20,1,MOVING_TO_FIELD,Field_9,1,MOVING_TO_FIELD,Field_1,1,MOVING_TO_FIELD,Field_9,1,MOVING_TO_FIELD,Field_4,1,IDLE,,1,MOVING_TO_FIELD,Field_20,1,MOVING_TO_FIELD,Field_2,1,MOVING_TO_FIELD,Field_8,1,MOVING_TO_FIELD,Field_4,1,MOVING_TO_FIELD,Field_2,1,MOVING_TO_FIELD,Field_7,1,PROTECTING,Field_9,1,MOVING_TO_FIELD,Field_8,1,MOVING_TO_FIELD,Field_2,1,MOVING_TO_FIELD,Field_4,1,MOVING_TO_FIELD,Field_6,1,MOVING_TO_FIELD,Field_6,1,MOVING_TO_FIELD,Field_9,1,MOVING_TO_FIELD,Field_4,1,MOVING_TO_FIELD,Field_5,1,MOVING_TO_FIELD,Field_20,1,MOVING_TO_FIELD,Field_5,12,0.06,0,4,4,18,0.03,0,3,2,4,0.09,2,0,2,15,0.02,0,6,4,4,0.00,0,6,2,10,0.14,0,2,4,11,0.06,0,2,3,1,0.04,1,2,1,0,0.07,2,3,1,28,0.19,0,0,6,20,0.17,0,0,4,26,0.06,0,0,1,9,0.11,0,0,2,46,0.20,0,0,6,66,0.28,0,0,6,13,0.16,0,0,2,25,0.08,0,0,2,41,0.11,0,0,1,0,0.02,0,0,2,9,0.00,0,6,3
125,359,1,0,5,0,34,0,1,MOVING_TO_FIELD,Field_1,1,MOVING_TO_FIELD,Field_5,1,PROTECTING,Field_3,1,PROTECTING,Field_8,1,MOVING_TO_FIELD,Field_20,1,MOVING_TO_FIELD,Field_4,1,MOVING_TO_FIELD,Field_20,1,PROTECTING,Field_9,1,MOVING_TO_FIELD,Field_7,1,MOVING_TO_FIELD,Field_4,1,MOVING_TO_FIELD,Field_5,1,PROTECTING,Field_3,1,MOVING_TO_FIELD,Field_20,1,MOVING_TO_FIELD,Field_1,1,MOVING_TO_FIELD,Field_1,1,MOVING_TO_FIELD,Field_5,1,MOVING_TO_FIELD,Field_5,1,MOVING_TO_FIELD,Field_20,1,MOVING_TO_FIELD,Field_9,1,MOVING_TO_FIELD,Field_1,1,MOVING_TO_FIELD,Field_9,1,MOVING_TO_FIELD,Field_4,1,IDLE,,1,MOVING_TO_FIELD,Field_20,1,MOVING_TO_FIELD,Field_2,1,MOVING_TO_FIELD,Field_8,1,MOVING_TO_FIELD,Field_4,1,MOVING_TO_FIELD,Field_2,1,MOVING_TO_FIELD,Field_7,1,PROTECTING,Field_9,1,MOVING_TO_FIELD,Field_8,1,MOVING_TO_FIELD,Field_2,1,MOVING_TO_FIELD,Field_4,1,MOVING_TO_FIELD,Field_6,1,MOVING_TO_FIELD,Field_6,1,MOVING_TO_FIELD,Field_9,1,MOVING_TO_FIELD,Field_4,1,MOVING_TO_FIELD,Field_5,1,MOVING_TO_FIELD,Field_20,1,MOVING_TO_FIELD,Field_5,12,0.08,0,4,4,18,0.03,0,3,2,4,0.09,2,0,2,15,0.03,0,6,4,4,0.01,0,6,2,10,0.15,0,2,4,11,0.06,0,2,3,1,0.04,1,2,1,0,0.08,2,3,1,28,0.18,0,0,6,20,0.17,0,0,4,26,0.06,0,0,1,9,0.12,0,0,2,46,0.21,0,0,6,67,0.28,0,0,6,13,0.16,0,0,2,25,0.08,0,0,2,41,0.11,0,0,1,0,0.02,0,0,2,9,0.00,0,6,3
126,363,1,0,5,0,34,0,1,MOVING_TO_FIELD,Field_1,1,MOVING_TO_FIELD,Field_5,1,PROTECTING,Field_3,1,PROTECTING,Field_8,1,MOVING_TO_FIELD,Field_20,1,MOVING_TO_FIELD,Field_4,1,MOVING_TO_FIELD,Field_20,1,PROTECTING,Field_9,1,MOVING_TO_FIELD,Field_7,1,MOVING_TO_FIELD,Field_4,1,MOVING_TO_FIELD,Field_5,1,PROTECTING,Field_3,1,MOVING_TO_FIELD,Field_20,1,MOVING_TO_FIELD,Field_1,1,MOVING_TO_FIELD,Field_1,1,MOVING_TO_FIELD,Field_5,1,MOVING_TO_FIELD,Field_5,1,MOVING_TO_FIELD,Field_20,1,MOVING_TO_FIELD,Field_9,1,MOVING_TO_FIELD,Field_1,1,MOVING_TO_FIELD,Field_9,1,MOVING_TO_FIELD,Field_4,1,IDLE,,1,MOVING_TO_FIELD,Field_20,1,MOVING_TO_FIELD,Field_2,1,MOVING_TO_FIELD,Field_8,1,MOVING_TO_FIELD,Field_4,1,MOVING_TO_FIELD,Field_2,1,MOVING_TO_FIELD,Field_7,1,PROTECTING,Field_9,1,MOVING_TO_FIELD,Field_8,1,MOVING_TO_FIELD,Field_2,1,MOVING_TO_FIELD,Field_4,1,MOVING_TO_FIELD,Field_6,1,MOVING_TO_FIELD,Field_6,1,MOVING_TO_FIELD,Field_9,1,MOVING_TO_FIELD,Field_4,1,MOVING_TO_FIELD,Field_5,1,MOVING_TO_FIELD,Field_20,1,MOVING_TO_FIELD,Field_5,12,0.08,0,4,4,18,0.03,0,3,2,4,0.09,2,0,2,15,0.03,0,6,4,4,0.01,0,6,2,10,0.15,0,2,4,11,0.08,0,2,3,1,0.04,1,2,1,0,0.08,2,3,1,28,0.19,0,0,6,20,0.18,0,0,4,26,0.06,0,0,1,10,0.12,0,0,2,47,0.20,0,0,6,68,0.28,0,0,6,13,0.16,0,0,2,25,0.10,0,0,2,42,0.13,0,0,1,0,0.02,0,0,2,9,0.00,0,6,3
127,365,1,0,6,0,33,0,1,MOVING_TO_FIELD,Field_1,1,MOVING_TO_FIELD,Field_5,1,PROTECTING,Field_3,1,PROTECTING,Field_8,1,MOVING_TO_FIELD,Field_20,1,MOVING_TO_FIELD,Field_4,1,MOVING_TO_FIELD,Field_20,1,PROTECTING,Field_9,1,MOVING_TO_FIELD,Field_7,1,MOVING_TO_FIELD,Field_4,1,MOVING_TO_FIELD,Field_5,1,PROTECTING,Field_3,1,MOVING_TO_FIELD,Field_20,1,MOVING_TO_FIELD,Field_1,1,MOVING_TO_FIELD,Field_1,1,MOVING_TO_FIELD,Field_5,1,MOVING_TO_FIELD,Field_5,1,MOVING_TO_FIELD,Field_20,1,MOVING_TO_FIELD,Field_9,1,MOVING_TO_FIELD,Field_1,1,MOVING_TO_FIELD,Field_9,1,MOVING_TO_FIELD,Field_4,1,IDLE,,1,MOVING_TO_FIELD,Field_20,1,MOVING_TO_FIELD,Field_2,1,MOVING_TO_FIELD,Field_8,1,MOVING_TO_FIELD,Field_4,1,MOVING_TO_FIELD,Field_2,1,MOVING_TO_FIELD,Field_7,1,PROTECTING,Field_9,1,MOVING_TO_FIELD,Field_8,1,MOVING_TO_FIELD,Field_2,1,MOVING_TO_FIELD,Field_4,1,MOVING_TO_FIELD,Field_6,1,MOVING_TO_FIELD,Field_6,1,PROTECTING,Field_9,1,MOVING_TO_FIELD,Field_4,1,MOVING_TO_FIELD,Field_5,1,MOVING_TO_FIELD,Field_20,1,MOVING_TO_FIELD,Field_5,12,0.08,0,4,4,18,0.03,0,3,2,4,0.08,2,0,2,15,0.03,0,6,4,4,0.01,0,6,2,11,0.15,0,2,4,11,0.08,0,2,3,1,0.06,1,2,1,0,0.08,3,2,0,28,0.20,0,0,6,20,0.20,0,0,4,26,0.06,0,0,1,10,0.11,0,0,2,47,0.18,0,0,6,68,0.28,0,0,6,14,0.15,0,0,2,25,0.10,0,0,2,42,0.15,0,0,1,0,0.00,0,0,2,9,0.00,0,6,3
128,367,1,0,7,0,32,0,1,MOVING_TO_FIELD,Field_1,1,MOVING_TO_FIELD,Field_5,1,PROTECTING,Field_3,1,PROTECTING,Field_8,1,MOVING_TO_FIELD,Field_20,1,MOVING_TO_FIELD,Field_4,1,MOVING_TO_FIELD,Field_20,1,PROTECTING,Field_9,1,MOVING_TO_FIELD,Field_7,1,MOVING_TO_FIELD,Field_4,1,MOVING_TO_FIELD,Field_5,1,PROTECTING,Field_3,1,MOVING_TO_FIELD,Field_20,1,MOVING_TO_FIELD,Field_1,1,MOVING_TO_FIELD,Field_1,1,MOVING_TO_FIELD,Field_5,1,MOVING_TO_FIELD,Field_5,1,MOVING_TO_FIELD,Field_20,1,PROTECTING,Field_9,1,MOVING_TO_FIELD,Field_1,1,MOVING_TO_FIELD,Field_9,1,MOVING_TO_FIELD,Field_4,1,IDLE,,1,MOVING_TO_FIELD,Field_20,1,MOVING_TO_FIELD,Field_2,1,MOVING_TO_FIELD,Field_8,1,MOVING_TO_FIELD,Field_4,1,MOVING_TO_FIELD,Field_2,1,MOVING_TO_FIELD,Field_7,1,PROTECTING,Field_9,1,MOVING_TO_FIELD,Field_8,1,MOVING_TO_FIELD,Field_2,1,MOVING_TO_FIELD,Field_4,1,MOVING_TO_FIELD,Field_6,1,MOVING_TO_FIELD,Field_6,1,PROTECTING,Field_9,1,MOVING_TO_FIELD,Field_4,1,MOVING_TO_FIELD,Field_5,1,MOVING_TO_FIELD,Field_20,1,MOVING_TO_FIELD,Field_5,12,0.08,0,4,4,18,0.03,0,3,2,4,0.07,2,0,2,15,0.04,0,6,4,4,0.02,0,6,2,11,0.16,0,2,4,11,0.10,0,2,3,1,0.04,1,2,1,0,0.08,4,1,-1,28,0.19,0,0,6,20,0.18,0,0,4,26,0.06,0,0,1,10,0.11,0,0,2,47,0.20,0,0,6,69,0.26,0,0,6,14,0.14,0,0,2,25,0.10,0,0,2,43,0.15,0,0,1,0,0.02,0,0,2,9,0.00,0,6,3
129,369,1,0,9,0,30,0,1,MOVING_TO_FIELD,Field_1,1,MOVING_TO_FIELD,Field_5,1,PROTECTING,Field_3,1,PROTECTING,Field_8,1,MOVING_TO_FIELD,Field_20,1,MOVING_TO_FIELD,Field_4,1,MOVING_TO_FIELD,Field_20,1,PROTECTING,Field_9,1,MOVING_TO_FIELD,Field_7,1,MOVING_TO_FIELD,Field_4,1,MOVING_TO_FIELD,Field_5,1,PROTECTING,Field_3,1,MOVING_TO_FIELD,Field_20,1,MOVING_TO_FIELD,Field_1,1,MOVING_TO_FIELD,Field_1,1,MOVING_TO_FIELD,Field_5,1,MOVING_TO_FIELD,Field_5,1,MOVING_TO_FIELD,Field_20,1,PROTECTING,Field_9,1,MOVING_TO_FIELD,Field_1,1,PROTECTING,Field_9,1,MOVING_TO_FIELD,Field_4,1,IDLE,,1,MOVING_TO_FIELD,Field_20,1,MOVING_TO_FIELD,Field_2,1,MOVING_TO_FIELD,Field_8,1,MOVING_TO_FIELD,Field_4,1,MOVING_TO_FIELD,Field_2,1,PROTECTING,Field_7,1,PROTECTING,Field_9,1,MOVING_TO_FIELD,Field_8,1,MOVING_TO_FIELD,Field_2,1,MOVING_TO_FIELD,Field_4,1,MOVING_TO_FIELD,Field_6,1,MOVING_TO_FIELD,Field_6,1,PROTECTING,Field_9,1,MOVING_TO_FIELD,Field_4,1,MOVING_TO_FIELD,Field_5,1,MOVING_TO_FIELD,Field_20,1,MOVING_TO_FIELD,Field_5,12,0.09,0,4,4,18,0.03,0,3,2,4,0.05,2,0,2,15,0.06,0,6,4,4,0.02,0,6,2,11,0.17,0,2,4,11,0.08,1,1,2,1,0.04,1,2,1,0,0.09,5,0,-2,28,0.18,0,0,6,20,0.20,0,0,4,26,0.06,0,0,1,10,0.11,0,0,2,48,0.21,0,0,6,69,0.26,0,0,6,15,0.14,0,0,2,25,0.10,0,0,2,43,0.15,0,0,1,0,0.02,0,0,2,9,0.00,0,6,3
130,372,1,0,10,0,29,0,1,MOVING_TO_FIELD,Field_1,1,MOVING_TO_FIELD,Field_5,1,PROTECTING,Field_3,1,PROTECTING,Field_8,1,MOVING_TO_FIELD,Field_20,1,MOVING_TO_FIELD,Field_4,1,MOVING_TO_FIELD,Field_20,1,PROTECTING,Field_9,1,PROTECTING,Field_7,1,MOVING_TO_FIELD,Field_4,1,MOVING_TO_FIELD,Field_5,1,PROTECTING,Field_3,1,MOVING_TO_FIELD,Field_20,1,MOVING_TO_FIELD,Field_1,1,MOVING_TO_FIELD,Field_1,1,MOVING_TO_FIELD,Field_5,1,MOVING_TO_FIELD,Field_5,1,MOVING_TO_FIELD,Field_20,1,PROTECTING,Field_9,1,MOVING_TO_FIELD,Field_1,1,PROTECTING,Field_9,1,MOVING_TO_FIELD,Field_4,1,IDLE,,1,MOVING_TO_FIELD,Field_20,1,MOVING_TO_FIELD,Field_2,1,MOVING_TO_FIELD,Field_8,1,MOVING_TO_FIELD,Field_4,1,MOVING_TO_FIELD,Field_2,1,PROTECTING,Field_7,1,PROTECTING,Field_9,1,MOVING_TO_FIELD,Field_8,1,MOVING_TO_FIELD,Field_2,1,MOVING_TO_FIELD,Field_4,1,MOVING_TO_FIELD,Field_6,1,MOVING_TO_FIELD,Field_6,1,PROTECTING,Field_9,1,MOVING_TO_FIELD,Field_4,1,MOVING_TO_FIELD,Field_5,1,MOVING_TO_FIELD,Field_20,1,MOVING_TO_FIELD,Field_5,12,0.09,0,4,4,18,0.02,0,3,2,4,0.06,2,0,2,15,0.07,0,6,4,4,0.02,0,6,2,11,0.17,0,2,4,11,0.08,2,0,1,1,0.04,1,2,1,0,0.09,5,0,-2,28,0.18,0,0,6,20,0.20,0,0,4,26,0.06,0,0,1,10,0.11,0,0,2,48,0.21,0,0,6,71,0.25,0,0,6,15,0.14,0,0,2,25,0.10,0,0,2,44,0.15,0,0,1,0,0.02,0,0,2,9,0.00,0,6,3
131,373,0,0,0,0,40,0,1,MOVING_TO_FIELD,Field_5,1,MOVING_TO_FIELD,Field_1,1,MOVING_TO_FIELD,Field_5,1,MOVING_TO_FIELD,Field_7,1,MOVING_TO_FIELD,Field_6,1,MOVING_TO_FIELD,Field_6,1,MOVING_TO_FIELD,Field_20,1,MOVING_TO_FIELD,Field_7,1,MOVING_TO_FIELD,Field_20,1,MOVING_TO_FIELD,Field_20,1,MOVING_TO_FIELD,Field_7,1,MOVING_TO_FIELD,Field_5,1,MOVING_TO_FIELD,Field_6,1,MOVING_TO_FIELD,Field_5,1,MOVING_TO_FIELD,Field_5,1,MOVING_TO_FIELD,Field_1,1,MOVING_TO_FIELD,Field_1,1,MOVING_TO_FIELD,Field_6,1,MOVING_TO_FIELD,Field_6,1,MOVING_TO_FIELD,Field_5,1,MOVING_TO_FIELD,Field_3,1,MOVING_TO_FIELD,Field_20,1,MOVING_TO_FIELD,Field_1,1,MOVING_TO_FIELD,Field_1,1,MOVING_TO_FIELD,Field_20,1,MOVING_TO_FIELD,Field_7,1,MOVING_TO_FIELD,Field_4,1,MOVING_TO_FIELD,Field_4,1,MOVING_TO_FIELD,Field_8,1,MOVING_TO_FIELD,Field_1,1,MOVING_TO_FIELD,Field_6,1,MOVING_TO_FIELD,Field_4,1,MOVING_TO_FIELD,Field_20,1,MOVING_TO_FIELD,Field_4,1,MOVING_TO_FIELD,Field_4,1,MOVING_TO_FIELD,Field_3,1,MOVING_TO_FIELD,Field_4,1,MOVING_TO_FIELD,Field_1,1,MOVING_TO_FIELD,Field_1,1,MOVING_TO_FIELD,Field_7,12,0.08,0,8,4,18,0.02,0,0,2,4,0.06,0,2,4,15,0.07,0,6,4,4,0.01,0,6,2,11,0.17,0,6,4,11,0.08,0,5,3,1,0.04,0,1,2,0,0.10,0,0,3,28,0.17,0,0,6,20,0.20,0,0,4,26,0.06,0,0,1,10,0.11,0,0,2,49,0.21,0,0,6,71,0.27,0,0,6,15,0.14,0,0,2,25,0.08,0,0,2,44,0.15,0,0,1,0,0.02,0,0,2,9,0.00,0,6,3
132,376,0,0,0,0,40,0,1,MOVING_TO_FIELD,Field_5,1,MOVING_TO_FIELD,Field_1,1,MOVING_TO_FIELD,Field_5,1,MOVING_TO_FIELD,Field_7,1,MOVING_TO_FIELD,Field_6,1,MOVING_TO_FIELD,Field_6,1,MOVING_TO_FIELD,Field_20,1,MOVING_TO_FIELD,Field_7,1,MOVING_TO_FIELD,Field_20,1,MOVING_TO_FIELD,Field_20,1,MOVING_TO_FIELD,Field_7,1,MOVING_TO_FIELD,Field_5,1,MOVING_TO_FIELD,Field_6,1,MOVING_TO_FIELD,Field_5,1,MOVING_TO_FIELD,Field_5,1,MOVING_TO_FIELD,Field_1,1,MOVING_TO_FIELD,Field_1,1,MOVING_TO_FIELD,Field_6,1,MOVING_TO_FIELD,Field_6,1,MOVING_TO_FIELD,Field_5,1,MOVING_TO_FIELD,Field_3,1,MOVING_TO_FIELD,Field_20,1,MOVING_TO_FIELD,Field_1,1,MOVING_TO_FIELD,Field_1,1,MOVING_TO_FIELD,Field_20,1,MOVING_TO_FIELD,Field_7,1,MOVING_TO_FIELD,Field_4,1,MOVING_TO_FIELD,Field_4,1,MOVING_TO_FIELD,Field_8,1,MOVING_TO_FIELD,Field_1,1,MOVING_TO_FIELD,Field_6,1,MOVING_TO_FIELD,Field_4,1,MOVING_TO_FIELD,Field_20,1,MOVING_TO_FIELD,Field_4,1,MOVING_TO_FIELD,Field_4,1,MOVING_TO_FIELD,Field_3,1,MOVING_TO_FIELD,Field_4,1,MOVING_TO_FIELD,Field_1,1,MOVING_TO_FIELD,Field_1,1,MOVING_TO_FIELD,Field_7,12,0.07,0,8,4,18,0.02,0,0,2,4,0.06,0,2,4,15,0.07,0,6,4,4,0.01,0,6,2,11,0.17,0,6,4,11,0.08,0,5,3,1,0.04,0,1,2,0,0.10,0,0,3,28,0.19,0,0,6,20,0.18,0,0,4,26,0.06,0,0,1,10,0.12,0,0,2,49,0.21,0,0,6,73,0.26,0,0,6,15,0.14,0,0,2,25,0.08,0,0,2,45,0.15,0,0,1,0,0.02,0,0,2,9,0.00,0,6,3
133,376,0,0,0,0,40,0,1,MOVING_TO_FIELD,Field_5,1,MOVING_TO_FIELD,Field_1,1,MOVING_TO_FIELD,Field_5,1,MOVING_TO_FIELD,Field_7,1,MOVING_TO_FIELD,Field_6,1,MOVING_TO_FIELD,Field_6,1,MOVING_TO_FIELD,Field_20,1,MOVING_TO_FIELD,Field_7,1,MOVING_TO_FIELD,Field_20,1,MOVING_TO_FIELD,Field_20,1,MOVING_TO_FIELD,Field_7,1,MOVING_TO_FIELD,Field_5,1,MOVING_TO_FIELD,Field_6,1,MOVING_TO_FIELD,Field_5,1,MOVING_TO_FIELD,Field_5,1,MOVING_TO_FIELD,Field_1,1,MOVING_TO_FIELD,Field_1,1,MOVING_TO_FIELD,Field_6,1,MOVING_TO_FIELD,Field_6,1,MOVING_TO_FIELD,Field_5,1,MOVING_TO_FIELD,Field_3,1,MOVING_TO_FIELD,Field_20,1,MOVING_TO_FIELD,Field_1,1,MOVING_TO_FIELD,Field_1,1,MOVING_TO_FIELD,Field_20,1,MOVING_TO_FIELD,Field_7,1,MOVING_TO_FIELD,Field_4,1,MOVING_TO_FIELD,Field_4,1,MOVING_TO_FIELD,Field_8,1,MOVING_TO_FIELD,Field_1,1,MOVING_TO_FIELD,Field_6,1,MOVING_TO_FIELD,Field_4,1,MOVING_TO_FIELD,Field_20,1,MOVING_TO_FIELD,Field_4,1,MOVING_TO_FIELD,Field_4,1,MOVING_TO_FIELD,Field_3,1,MOVING_TO_FIELD,Field_4,1,MOVING_TO_FIELD,Field_1,1,MOVING_TO_FIELD,Field_1,1,MOVING_TO_FIELD,Field_7,12,0.07,0,8,4,18,0.02,0,0,2,4,0.06,0,2,4,15,0.08,0,6,4,4,0.01,0,6,2,11,0.15,0,6,4,11,0.08,0,5,3,1,0.04,0,1,2,0,0.10,0,0,3,28,0.20,0,0,6,20,0.18,0,0,4,26,0.06,0,0,1,10,0.12,0,0,2,49,0.21,0,0,6,73,0.25,0,0,6,15,0.14,0,0,2,25,0.08,0,0,2,45,0.15,0,0,1,0,0.02,0,0,2,9,0.00,0,6,3
134,379,0,0,0,0,40,0,1,MOVING_TO_FIELD,Field_5,1,MOVING_TO_FIELD,Field_1,1,MOVING_TO_FIELD,Field_5,1,MOVING_TO_FIELD,Field_7,1,MOVING_TO_FIELD,Field_6,1,MOVING_TO_FIELD,Field_6,1,MOVING_TO_FIELD,Field_20,1,MOVING_TO_FIELD,Field_7,1,MOVING_TO_FIELD,Field_20,1,MOVING_TO_FIELD,Field_20,1,MOVING_TO_FIELD,Field_7,1,MOVING_TO_FIELD,Field_5,1,MOVING_TO_FIELD,Field_6,1,MOVING_TO_FIELD,Field_5,1,MOVING_TO_FIELD,Field_5,1,MOVING_TO_FIELD,Field_1,1,MOVING_TO_FIELD,Field_1,1,MOVING_TO_FIELD,Field_6,1,MOVING_TO_FIELD,Field_6,1,MOVING_TO_FIELD,Field_5,1,MOVING_TO_FIELD,Field_3,1,MOVING_TO_FIELD,Field_20,1,MOVING_TO_FIELD,Field_1,1,MOVING_TO_FIELD,Field_1,1,MOVING_TO_FIELD,Field_20,1,MOVING_TO_FIELD,Field_7,1,MOVING_TO_FIELD,Field_4,1,MOVING_TO_FIELD,Field_4,1,MOVING_TO_FIELD,Field_8,1,MOVING_TO_FIELD,Field_1,1,MOVING_TO_FIELD,Field_6,1,MOVING_TO_FIELD,Field_4,1,MOVING_TO_FIELD,Field_20,1,MOVING_TO_FIELD,Field_4,1,MOVING_TO_FIELD,Field_4,1,MOVING_TO_FIELD,Field_3,1,MOVING_TO_FIELD,Field_4,1,MOVING_TO_FIELD,Field_1,1,MOVING_TO_FIELD,Field_1,1,MOVING_TO_FIELD,Field_7,12,0.07,0,8,4,18,0.02,0,0,2,4,0.06,0,2,4,15,0.08,0,6,4,4,0.01,0,6,2,11,0.16,0,6,4,11,0.06,0,5,3,1,0.04,0,1,2,0,0.10,0,0,3,28,0.20,0,0,6,20,0.17,0,0,4,26,0.06,0,0,1,10,0.12,0,0,2,50,0.20,0,0,6,75,0.26,0,0,6,15,0.14,0,0,2,25,0.07,0,0,2,45,0.20,0,0,1,0,0.02,0,0,2,9,0.02,0,6,3
135,382,0,0,1,0,39,0,1,MOVING_TO_FIELD,Field_5,1,MOVING_TO_FIELD,Field_1,1,MOVING_TO_FIELD,Field_5,1,MOVING_TO_FIELD,Field_7,1,MOVING_TO_FIELD,Field_6,1,MOVING_TO_FIELD,Field_6,1,MOVING_TO_FIELD,Field_20,1,MOVING_TO_FIELD,Field_7,1,MOVING_TO_FIELD,Field_20,1,MOVING_TO_FIELD,Field_20,1,MOVING_TO_FIELD,Field_7,1,MOVING_TO_FIELD,Field_5,1,MOVING_TO_FIELD,Field_6,1,MOVING_TO_FIELD,Field_5,1,MOVING_TO_FIELD,Field_5,1,MOVING_TO_FIELD,Field_1,1,MOVING_TO_FIELD,Field_1,1,MOVING_TO_FIELD,Field_6,1,MOVING_TO_FIELD,Field_6,1,MOVING_TO_FIELD,Field_5,1,MOVING_TO_FIELD,Field_3,1,MOVING_TO_FIELD,Field_20,1,MOVING_TO_FIELD,Field_1,1,MOVING_TO_FIELD,Field_1,1,MOVING_TO_FIELD,Field_20,1,MOVING_TO_FIELD,Field_7,1,MOVING_TO_FIELD,Field_4,1,MOVING_TO_FIELD,Field_4,1,MOVING_TO_FIELD,Field_8,1,MOVING_TO_FIELD,Field_1,1,MOVING_TO_FIELD,Field_6,1,MOVING_TO_FIELD,Field_4,1,MOVING_TO_FIELD,Field_20,1,MOVING_TO_FIELD,Field_4,1,MOVING_TO_FIELD,Field_4,1,MOVING_TO_FIELD,Field_3,1,PROTECTING,Field_4,1,MOVING_TO_FIELD,Field_1,1,MOVING_TO_FIELD,Field_1,1,MOVING_TO_FIELD,Field_7,12,0.05,0,8,4,18,0.02,0,0,2,4,0.06,0,2,4,15,0.08,1,5,3,4,0.01,0,6,2,11,0.16,0,6,4,11,0.08,0,5,3,1,0.04,0,1,2,0,0.10,0,0,3,28,0.20,0,0,6,20,0.16,0,0,4,26,0.06,0,0,1,10,0.12,0,0,2,50,0.20,0,0,6,76,0.27,0,0,6,15,0.14,0,0,2,25,0.07,0,0,2,47,0.20,0,0,1,0,0.02,0,0,2,9,0.02,0,6,3
136,382,0,0,2,0,38,0,1,MOVING_TO_FIELD,Field_5,1,MOVING_TO_FIELD,Field_1,1,MOVING_TO_FIELD,Field_5,1,MOVING_TO_FIELD,Field_7,1,MOVING_TO_FIELD,Field_6,1,MOVING_TO_FIELD,Field_6,1,MOVING_TO_FIELD,Field_20,1,MOVING_TO_FIELD,Field_7,1,MOVING_TO_FIELD,Field_20,1,MOVING_TO_FIELD,Field_20,1,MOVING_TO_FIELD,Field_7,1,MOVING_TO_FIELD,Field_5,1,MOVING_TO_FIELD,Field_6,1,MOVING_TO_FIELD,Field_5,1,MOVING_TO_FIELD,Field_5,1,MOVING_TO_FIELD,Field_1,1,MOVING_TO_FIELD,Field_1,1,MOVING_TO_FIELD,Field_6,1,MOVING_TO_FIELD,Field_6,1,MOVING_TO_FIELD,Field_5,1,MOVING_TO_FIELD,Field_3,1,MOVING_TO_FIELD,Field_20,1,MOVING_TO_FIELD,Field_1,1,MOVING_TO_FIELD,Field_1,1,MOVING_TO_FIELD,Field_20,1,MOVING_TO_FIELD,Field_7,1,PROTECTING,Field_4,1,MOVING_TO_FIELD,Field_4,1,MOVING_TO_FIELD,Field_8,1,MOVING_TO_FIELD,Field_1,1,MOVING_TO_FIELD,Field_6,1,MOVING_TO_FIELD,Field_4,1,MOVING_TO_FIELD,Field_20,1,MOVING_TO_FIELD,Field_4,1,MOVING_TO_FIELD,Field_4,1,MOVING_TO_FIELD,Field_3,1,PROTECTING,Field_4,1,MOVING_TO_FIELD,Field_1,1,MOVING_TO_FIELD,Field_1,1,MOVING_TO_FIELD,Field_7,12,0.05,0,8,4,18,0.02,0,0,2,4,0.06,0,2,4,15,0.06,2,4,2,4,0.01,0,6,2,11,0.15,0,6,4,11,0.08,0,5,3,1,0.04,0,1,2,0,0.10,0,0,3,28,0.20,0,0,6,20,0.16,0,0,4,26,0.06,0,0,1,10,0.12,0,0,2,50,0.18,0,0,6,76,0.29,0,0,6,15,0.14,0,0,2,25,0.07,0,0,2,47,0.22,0,0,1,0,0.02,0,0,2,9,0.02,0,6,3
137,386,0,0,4,0,36,0,1,MOVING_TO_FIELD,Field_5,1,MOVING_TO_FIELD,Field_1,1,MOVING_TO_FIELD,Field_5,1,PROTECTING,Field_7,1,MOVING_TO_FIELD,Field_6,1,MOVING_TO_FIELD,Field_6,1,MOVING_TO_FIELD,Field_20,1,PROTECTING,Field_7,1,MOVING_TO_FIELD,Field_20,1,MOVING_TO_FIELD,Field_20,1,MOVING_TO_FIELD,Field_7,1,MOVING_TO_FIELD,Field_5,1,MOVING_TO_FIELD,Field_6,1,MOVING_TO_FIELD,Field_5,1,MOVING_TO_FIELD,Field_5,1,MOVING_TO_FIELD,Field_1,1,MOVING_TO_FIELD,Field_1,1,MOVING_TO_FIELD,Field_6,1,MOVING_TO_FIELD,Field_6,1,MOVING_TO_FIELD,Field_5,1,MOVING_TO_FIELD,Field_3,1,MOVING_TO_FIELD,Field_20,1,MOVING_TO_FIELD,Field_1,1,MOVING_TO_FIELD,Field_1,1,MOVING_TO_FIELD,Field_20,1,MOVING_TO_FIELD,Field_7,1,PROTECTING,Field_4,1,MOVING_TO_FIELD,Field_4,1,MOVING_TO_FIELD,Field_8,1,MOVING_TO_FIELD,Field_1,1,MOVING_TO_FIELD,Field_6,1,MOVING_TO_FIELD,Field_4,1,MOVING_TO_FIELD,Field_20,1,MOVING_TO_FIELD,Field_4,1,MOVING_TO_FIELD,Field_4,1,MOVING_TO_FIELD,Field_3,1,PROTECTING,Field_4,1,MOVING_TO_FIELD,Field_1,1,MOVING_TO_FIELD,Field_1,1,MOVING_TO_FIELD,Field_7,12,0.05,0,8,4,18,0.04,0,0,2,4,0.06,0,2,4,15,0.06,2,4,2,4,0.01,0,6,2,11,0.15,0,6,4,11,0.08,2,3,1,1,0.04,0,1,2,0,0.10,0,0,3,28,0.20,0,0,6,20,0.16,0,0,4,26,0.06,0,0,1,11,0.12,0,0,2,50,0.18,0,0,6,77,0.29,0,0,6,15,0.14,0,0,2,25,0.07,0,0,2,49,0.22,0,0,1,0,0.02,0,0,2,9,0.02,0,6,3
138,387,0,0,5,0,35,0,1,MOVING_TO_FIELD,Field_5,1,MOVING_TO_FIELD,Field_1,1,MOVING_TO_FIELD,Field_5,1,PROTECTING,Field_7,1,MOVING_TO_FIELD,Field_6,1,MOVING_TO_FIELD,Field_6,1,MOVING_TO_FIELD,Field_20,1,PROTECTING,Field_7,1,MOVING_TO_FIELD,Field_20,1,MOVING_TO_FIELD,Field_20,1,MOVING_TO_FIELD,Field_7,1,MOVING_TO_FIELD,Field_5,1,MOVING_TO_FIELD,Field_6,1,MOVING_TO_FIELD,Field_5,1,MOVING_TO_FIELD,Field_5,1,MOVING_TO_FIELD,Field_1,1,MOVING_TO_FIELD,Field_1,1,MOVING_TO_FIELD,Field_6,1,MOVING_TO_FIELD,Field_6,1,MOVING_TO_FIELD,Field_5,1,MOVING_TO_FIELD,Field_3,1,MOVING_TO_FIELD,Field_20,1,MOVING_TO_FIELD,Field_1,1,MOVING_TO_FIELD,Field_1,1,MOVING_TO_FIELD,Field_20,1,PROTECTING,Field_7,1,PROTECTING,Field_4,1,MOVING_TO_FIELD,Field_4,1,MOVING_TO_FIELD,Field_8,1,MOVING_TO_FIELD,Field_1,1,MOVING_TO_FIELD,Field_6,1,MOVING_TO_FIELD,Field_4,1,MOVING_TO_FIELD,Field_20,1,MOVING_TO_FIELD,Field_4,1,MOVING_TO_FIELD,Field_4,1,MOVING_TO_FIELD,Field_3,1,PROTECTING,Field_4,1,MOVING_TO_FIELD,Field_1,1,MOVING_TO_FIELD,Field_1,1,MOVING_TO_FIELD,Field_7,12,0.05,0,8,4,18,0.05,0,0,2,4,0.07,0,2,4,15,0.06,2,4,2,4,0.01,0,6,2,12,0.14,0,6,4,11,0.09,3,2,0,1,0.04,0,1,2,0,0.09,0,0,3,28,0.20,0,0,6,20,0.14,0,0,4,26,0.06,0,0,1,11,0.12,0,0,2,50,0.18,0,0,6,77,0.29,0,0,6,15,0.12,0,0,2,25,0.07,0,0,2,49,0.22,0,0,1,0,0.02,0,0,2,9,0.02,0,6,3
139,387,0,0,5,0,35,0,1,MOVING_TO_FIELD,Field_5,1,MOVING_TO_FIELD,Field_1,1,MOVING_TO_FIELD,Field_5,1,PROTECTING,Field_7,1,MOVING_TO_FIELD,Field_6,1,MOVING_TO_FIELD,Field_6,1,MOVING_TO_FIELD,Field_20,1,PROTECTING,Field_7,1,MOVING_TO_FIELD,Field_20,1,MOVING_TO_FIELD,Field_20,1,MOVING_TO_FIELD,Field_7,1,MOVING_TO_FIELD,Field_5,1,MOVING_TO_FIELD,Field_6,1,MOVING_TO_FIELD,Field_5,1,MOVING_TO_FIELD,Field_5,1,MOVING_TO_FIELD,Field_1,1,MOVING_TO_FIELD,Field_1,1,MOVING_TO_FIELD,Field_6,1,MOVING_TO_FIELD,Field_6,1,MOVING_TO_FIELD,Field_5,1,MOVING_TO_FIELD,Field_3,1,MOVING_TO_FIELD,Field_20,1,MOVING_TO_FIELD,Field_1,1,MOVING_TO_FIELD,Field_1,1,MOVING_TO_FIELD,Field_20,1,PROTECTING,Field_7,1,PROTECTING,Field_4,1,MOVING_TO_FIELD,Field_4,1,MOVING_TO_FIELD,Field_8,1,MOVING_TO_FIELD,Field_1,1,MOVING_TO_FIELD,Field_6,1,MOVING_TO_FIELD,Field_4,1,MOVING_TO_FIELD,Field_20,1,MOVING_TO_FIELD,Field_4,1,MOVING_TO_FIELD,Field_4,1,MOVING_TO_FIELD,Field_3,1,PROTECTING,Field_4,1,MOVING_TO_FIELD,Field_1,1,MOVING_TO_FIELD,Field_1,1,MOVING_TO_FIELD,Field_7,12,0.06,0,8,4,18,0.05,0,0,2,4,0.07,0,2,4,15,0.06,2,4,2,4,0.01,0,6,2,12,0.14,0,6,4,11,0.10,3,2,0,1,0.04,0,1,2,0,0.08,0,0,3,28,0.17,0,0,6,20,0.16,0,0,4,26,0.03,0,0,1,11,0.11,0,0,2,50,0.17,0,0,6,77,0.29,0,0,6,15,0.11,0,0,2,25,0.07,0,0,2,49,0.28,0,0,1,0,0.02,0,0,2,9,0.02,0,6,3
140,391,0,0,5,0,35,0,1,MOVING_TO_FIELD,Field_5,1,MOVING_TO_FIELD,Field_1,1,MOVING_TO_FIELD,Field_5,1,PROTECTING,Field_7,1,MOVING_TO_FIELD,Field_6,1,MOVING_TO_FIELD,Field_6,1,MOVING_TO_FIELD,Field_20,1,PROTECTING,Field_7,1,MOVING_TO_FIELD,Field_20,1,MOVING_TO_FIELD,Field_20,1,MOVING_TO_FIELD,Field_7,1,MOVING_TO_FIELD,Field_5,1,MOVING_TO_FIELD,Field_6,1,MOVING_TO_FIELD,Field_5,1,MOVING_TO_FIELD,Field_5,1,MOVING_TO_FIELD,Field_1,1,MOVING_TO_FIELD,Field_1,1,MOVING_TO_FIELD,Field_6,1,MOVING_TO_FIELD,Field_6,1,MOVING_TO_FIELD,Field_5,1,MOVING_TO_FIELD,Field_3,1,MOVING_TO_FIELD,Field_20,1,MOVING_TO_FIELD,Field_1,1,MOVING_TO_FIELD,Field_1,1,MOVING_TO_FIELD,Field_20,1,PROTECTING,Field_7,1,PROTECTING,Field_4,1,MOVING_TO_FIELD,Field_4,1,MOVING_TO_FIELD,Field_8,1,MOVING_TO_FIELD,Field_1,1,MOVING_TO_FIELD,Field_6,1,MOVING_TO_FIELD,Field_4,1,MOVING_TO_FIELD,Field_20,1,MOVING_TO_FIELD,Field_4,1,MOVING_TO_FIELD,Field_4,1,MOVING_TO_FIELD,Field_3,1,PROTECTING,Field_4,1,MOVING_TO_FIELD,Field_1,1,MOVING_TO_FIELD,Field_1,1,MOVING_TO_FIELD,Field_7,12,0.07,0,8,4,18,0.05,0,0,2,5,0.08,0,2,4,15,0.06,2,4,2,4,0.01,0,6,2,12,0.12,0,6,4,11,0.09,3,2,0,1,0.04,0,1,2,0,0.08,0,0,3,28,0.18,0,0,6,20,0.16,0,0,4,26,0.03,0,0,1,11,0.09,0,0,2,51,0.17,0,0,6,77,0.29,0,0,6,15,0.10,0,0,2,25,0.07,0,0,2,51,0.28,0,0,1,0,0.02,0,0,2,9,0.02,0,6,3
141,393,0,0,2,0,38,0,1,MOVING_TO_FIELD,Field_1,1,MOVING_TO_FIELD,Field_5,1,MOVING_TO_FIELD,Field_3,1,PROTECTING,Field_7,1,MOVING_TO_FIELD,Field_4,1,MOVING_TO_FIELD,Field_4,1,MOVING_TO_FIELD,Field_6,1,MOVING_TO_FIELD,Field_20,1,MOVING_TO_FIELD,Field_3,1,MOVING_TO_FIELD,Field_6,1,MOVING_TO_FIELD,Field_6,1,MOVING_TO_FIELD,Field_3,1,MOVING_TO_FIELD,Field_4,1,MOVING_TO_FIELD,Field_1,1,MOVING_TO_FIELD,Field_1,1,MOVING_TO_FIELD,Field_5,1,MOVING_TO_FIELD,Field_5,1,MOVING_TO_FIELD,Field_9,1,MOVING_TO_FIELD,Field_9,1,MOVING_TO_FIELD,Field_1,1,MOVING_TO_FIELD,Field_4,1,MOVING_TO_FIELD,Field_20,1,MOVING_TO_FIELD,Field_5,1,MOVING_TO_FIELD,Field_9,1,MOVING_TO_FIELD,Field_3,1,PROTECTING,Field_7,1,MOVING_TO_FIELD,Field_20,1,MOVING_TO_FIELD,Field_20,1,MOVING_TO_FIELD,Field_7,1,MOVING_TO_FIELD,Field_6,1,MOVING_TO_FIELD,Field_4,1,MOVING_TO_FIELD,Field_4,1,MOVING_TO_FIELD,Field_6,1,MOVING_TO_FIELD,Field_20,1,MOVING_TO_FIELD,Field_8,1,MOVING_TO_FIELD,Field_5,1,MOVING_TO_FIELD,Field_20,1,MOVING_TO_FIELD,Field_5,1,MOVING_TO_FIELD,Field_6,1,MOVING_TO_FIELD,Field_3,12,0.07,0,4,4,18,0.04,0,0,2,5,0.10,0,5,4,15,0.06,0,6,4,4,0.01,0,6,2,12,0.12,0,6,4,11,0.10,2,1,1,1,0.04,0,1,2,0,0.09,0,3,3,28,0.18,0,0,6,20,0.16,0,0,4,26,0.06,0,0,1,11,0.09,0,0,2,51,0.17,0,0,6,77,0.28,0,0,6,15,0.10,0,0,2,25,0.08,0,0,2,53,0.30,0,0,1,0,0.02,0,0,2,9,0.02,0,6,3
142,395,0,0,2,0,38,0,1,MOVING_TO_FIELD,Field_1,1,MOVING_TO_FIELD,Field_5,1,MOVING_TO_FIELD,Field_3,1,PROTECTING,Field_7,1,MOVING_TO_FIELD,Field_4,1,MOVING_TO_FIELD,Field_4,1,MOVING_TO_FIELD,Field_6,1,MOVING_TO_FIELD,Field_20,1,MOVING_TO_FIELD,Field_3,1,MOVING_TO_FIELD,Field_6,1,MOVING_TO_FIELD,Field_6,1,MOVING_TO_FIELD,Field_3,1,MOVING_TO_FIELD,Field_4,1,MOVING_TO_FIELD,Field_1,1,MOVING_TO_FIELD,Field_1,1,MOVING_TO_FIELD,Field_5,1,MOVING_TO_FIELD,Field_5,1,MOVING_TO_FIELD,Field_9,1,MOVING_TO_FIELD,Field_9,1,MOVING_TO_FIELD,Field_1,1,MOVING_TO_FIELD,Field_4,1,MOVING_TO_FIELD,Field_20,1,MOVING_TO_FIELD,Field_5,1,MOVING_TO_FIELD,Field_9,1,MOVING_TO_FIELD,Field_3,1,PROTECTING,Field_7,1,MOVING_TO_FIELD,Field_20,1,MOVING_TO_FIELD,Field_20,1,MOVING_TO_FIELD,Field_7,1,MOVING_TO_FIELD,Field_6,1,MOVING_TO_FIELD,Field_4,1,MOVING_TO_FIELD,Field_4,1,MOVING_TO_FIELD,Field_6,1,MOVING_TO_FIELD,Field_20,1,MOVING_TO_FIELD,Field_8,1,MOVING_TO_FIELD,Field_5,1,MOVING_TO_FIELD,Field_20,1,MOVING_TO_FIELD,Field_5,1,MOVING_TO_FIELD,Field_6,1,MOVING_TO_FIELD,Field_3,12,0.07,0,4,4,18,0.04,0,0,2,5,0.10,0,5,4,15,0.06,0,6,4,4,0.01,0,6,2,12,0.12,0,6,4,11,0.09,2,1,1,1,0.04,0,1,2,0,0.09,0,3,3,28,0.18,0,0,6,20,0.16,0,0,4,26,0.06,0,0,1,11,0.09,0,0,2,51,0.17,0,0,6,78,0.27,0,0,6,15,0.11,0,0,2,25,0.08,0,0,2,54,0.30,0,0,1,0,0.02,0,0,2,9,0.02,0,6,3
143,395,0,0,2,0,38,0,1,MOVING_TO_FIELD,Field_1,1,MOVING_TO_FIELD,Field_5,1,MOVING_TO_FIELD,Field_3,1,PROTECTING,Field_7,1,MOVING_TO_FIELD,Field_4,1,MOVING_TO_FIELD,Field_4,1,MOVING_TO_FIELD,Field_6,1,MOVING_TO_FIELD,Field_20,1,MOVING_TO_FIELD,Field_3,1,MOVING_TO_FIELD,Field_6,1,MOVING_TO_FIELD,Field_6,1,MOVING_TO_FIELD,Field_3,1,MOVING_TO_FIELD,Field_4,1,MOVING_TO_FIELD,Field_1,1,MOVING_TO_FIELD,Field_1,1,MOVING_TO_FIELD,Field_5,1,MOVING_TO_FIELD,Field_5,1,MOVING_TO_FIELD,Field_9,1,MOVING_TO_FIELD,Field_9,1,MOVING_TO_FIELD,Field_1,1,MOVING_TO_FIELD,Field_4,1,MOVING_TO_FIELD,Field_20,1,MOVING_TO_FIELD,Field_5,1,MOVING_TO_FIELD,Field_9,1,MOVING_TO_FIELD,Field_3,1,PROTECTING,Field_7,1,MOVING_TO_FIELD,Field_20,1,MOVING_TO_FIELD,Field_20,1,MOVING_TO_FIELD,Field_7,1,MOVING_TO_FIELD,Field_6,1,MOVING_TO_FIELD,Field_4,1,MOVING_TO_FIELD,Field_4,1,MOVING_TO_FIELD,Field_6,1,MOVING_TO_FIELD,Field_20,1,MOVING_TO_FIELD,Field_8,1,MOVING_TO_FIELD,Field_5,1,MOVING_TO_FIELD,Field_20,1,MOVING_TO_FIELD,Field_5,1,MOVING_TO_FIELD,Field_6,1,MOVING_TO_FIELD,Field_3,12,0.07,0,4,4,18,0.04,0,0,2,5,0.10,0,5,4,15,0.06,0,6,4,4,0.01,0,6,2,12,0.12,0,6,4,11,0.09,2,1,1,1,0.04,0,1,2,0,0.10,0,3,3,28,0.20,0,0,6,20,0.14,0,0,4,26,0.06,0,0,1,11,0.07,0,0,2,51,0.17,0,0,6,78,0.25,0,0,6,15,0.10,0,0,2,25,0.07,0,0,2,54,0.30,0,0,1,0,0.00,0,0,2,9,0.02,0,6,3
144,400,0,0,2,0,38,0,1,MOVING_TO_FIELD,Field_1,1,MOVING_TO_FIELD,Field_5,1,MOVING_TO_FIELD,Field_3,1,PROTECTING,Field_7,1,MOVING_TO_FIELD,Field_4,1,MOVING_TO_FIELD,Field_4,1,MOVING_TO_FIELD,Field_6,1,MOVING_TO_FIELD,Field_20,1,MOVING_TO_FIELD,Field_3,1,MOVING_TO_FIELD,Field_6,1,MOVING_TO_FIELD,Field_6,1,MOVING_TO_FIELD,Field_3,1,MOVING_TO_FIELD,Field_4,1,MOVING_TO_FIELD,Field_1,1,MOVING_TO_FIELD,Field_1,1,MOVING_TO_FIELD,Field_5,1,MOVING_TO_FIELD,Field_5,1,MOVING_TO_FIELD,Field_9,1,MOVING_TO_FIELD,Field_9,1,MOVING_TO_FIELD,Field_1,1,MOVING_TO_FIELD,Field_4,1,MOVING_TO_FIELD,Field_20,1,MOVING_TO_FIELD,Field_5,1,MOVING_TO_FIELD,Field_9,1,MOVING_TO_FIELD,Field_3,1,PROTECTING,Field_7,1,MOVING_TO_FIELD,Field_20,1,MOVING_TO_FIELD,Field_20,1,MOVING_TO_FIELD,Field_7,1,MOVING_TO_FIELD,Field_6,1,MOVING_TO_FIELD,Field_4,1,MOVING_TO_FIELD,Field_4,1,MOVING_TO_FIELD,Field_6,1,MOVING_TO_FIELD,Field_20,1,MOVING_TO_FIELD,Field_8,1,MOVING_TO_FIELD,Field_5,1,MOVING_TO_FIELD,Field_20,1,MOVING_TO_FIELD,Field_5,1,MOVING_TO_FIELD,Field_6,1,MOVING_TO_FIELD,Field_3,12,0.08,0,4,4,18,0.04,0,0,2,5,0.10,0,5,4,15,0.07,0,6,4,4,0.01,0,6,2,12,0.12,0,6,4,11,0.09,2,1,1,1,0.04,0,1,2,0,0.10,0,3,3,28,0.20,0,0,6,20,0.14,0,0,4,26,0.06,0,0,1,11,0.07,0,0,2,51,0.17,0,0,6,82,0.22,0,0,6,15,0.10,0,0,2,25,0.07,0,0,2,55,0.28,0,0,1,0,0.00,0,0,2,9,0.02,0,6,3
145,401,0,0,3,0,37,0,1,MOVING_TO_FIELD,Field_1,1,MOVING_TO_FIELD,Field_5,1,MOVING_TO_FIELD,Field_3,1,PROTECTING,Field_7,1,MOVING_TO_FIELD,Field_4,1,MOVING_TO_FIELD,Field_4,1,MOVING_TO_FIELD,Field_6,1,MOVING_TO_FIELD,Field_20,1,MOVING_TO_FIELD,Field_3,1,MOVING_TO_FIELD,Field_6,1,MOVING_TO_FIELD,Field_6,1,MOVING_TO_FIELD,Field_3,1,MOVING_TO_FIELD,Field_4,1,MOVING_TO_FIELD,Field_1,1,MOVING_TO_FIELD,Field_1,1,MOVING_TO_FIELD,Field_5,1,MOVING_TO_FIELD,Field_5,1,MOVING_TO_FIELD,Field_9,1,MOVING_TO_FIELD,Field_9,1,MOVING_TO_FIELD,Field_1,1,MOVING_TO_FIELD,Field_4,1,MOVING_TO_FIELD,Field_20,1,MOVING_TO_FIELD,Field_5,1,MOVING_TO_FIELD,Field_9,1,MOVING_TO_FIELD,Field_3,1,PROTECTING,Field_7,1,MOVING_TO_FIELD,Field_20,1,MOVING_TO_FIELD,Field_20,1,MOVING_TO_FIELD,Field_7,1,MOVING_TO_FIELD,Field_6,1,MOVING_TO_FIELD,Field_4,1,PROTECTING,Field_4,1,MOVING_TO_FIELD,Field_6,1,MOVING_TO_FIELD,Field_20,1,MOVING_TO_FIELD,Field_8,1,MOVING_TO_FIELD,Field_5,1,MOVING_TO_FIELD,Field_20,1,MOVING_TO_FIELD,Field_5,1,MOVING_TO_FIELD,Field_6,1,MOVING_TO_FIELD,Field_3,12,0.08,0,4,4,18,0.05,0,0,2,5,0.11,0,5,4,15,0.07,1,5,3,4,0.01,0,6,2,12,0.12,0,6,4,11,0.08,2,1,1,1,0.04,0,1,2,0,0.09,0,3,3,28,0.21,0,0,6,20,0.14,0,0,4,26,0.06,0,0,1,11,0.09,0,0,2,51,0.18,0,0,6,82,0.21,0,0,6,15,0.10,0,0,2,25,0.07,0,0,2,56,0.28,0,0,1,0,0.00,0,0,2,9,0.02,0,6,3
146,403,0,0,3,0,37,0,1,MOVING_TO_FIELD,Field_1,1,MOVING_TO_FIELD,Field_5,1,MOVING_TO_FIELD,Field_3,1,PROTECTING,Field_7,1,MOVING_TO_FIELD,Field_4,1,MOVING_TO_FIELD,Field_4,1,MOVING_TO_FIELD,Field_6,1,MOVING_TO_FIELD,Field_20,1,MOVING_TO_FIELD,Field_3,1,MOVING_TO_FIELD,Field_6,1,MOVING_TO_FIELD,Field_6,1,MOVING_TO_FIELD,Field_3,1,MOVING_TO_FIELD,Field_4,1,MOVING_TO_FIELD,Field_1,1,MOVING_TO_FIELD,Field_1,1,MOVING_TO_FIELD,Field_5,1,MOVING_TO_FIELD,Field_5,1,MOVING_TO_FIELD,Field_9,1,MOVING_TO_FIELD,Field_9,1,MOVING_TO_FIELD,Field_1,1,MOVING_TO_FIELD,Field_4,1,MOVING_TO_FIELD,Field_20,1,MOVING_TO_FIELD,Field_5,1,MOVING_TO_FIELD,Field_9,1,MOVING_TO_FIELD,Field_3,1,PROTECTING,Field_7,1,MOVING_TO_FIELD,Field_20,1,MOVING_TO_FIELD,Field_20,1,MOVING_TO_FIELD,Field_7,1,MOVING_TO_FIELD,Field_6,1,MOVING_TO_FIELD,Field_4,1,PROTECTING,Field_4,1,MOVING_TO_FIELD,Field_6,1,MOVING_TO_FIELD,Field_20,1,MOVING_TO_FIELD,Field_8,1,MOVING_TO_FIELD,Field_5,1,MOVING_TO_FIELD,Field_20,1,MOVING_TO_FIELD,Field_5,1,MOVING_TO_FIELD,Field_6,1,MOVING_TO_FIELD,Field_3,12,0.09,0,4,4,18,0.05,0,0,2,5,0.10,0,5,4,15,0.07,1,5,3,4,0.01,0,6,2,13,0.11,0,6,4,11,0.07,2,1,1,1,0.03,0,1,2,0,0.10,0,3,3,28,0.19,0,0,6,20,0.14,0,0,4,26,0.06,0,0,1,11,0.09,0,0,2,51,0.18,0,0,6,82,0.20,0,0,6,15,0.09,0,0,2,25,0.07,0,0,2,57,0.26,0,0,1,0,0.00,0,0,2,9,0.02,0,6,3
147,405,0,0,3,0,37,0,1,MOVING_TO_FIELD,Field_1,1,MOVING_TO_FIELD,Field_5,1,MOVING_TO_FIELD,Field_3,1,PROTECTING,Field_7,1,MOVING_TO_FIELD,Field_4,1,MOVING_TO_FIELD,Field_4,1,MOVING_TO_FIELD,Field_6,1,MOVING_TO_FIELD,Field_20,1,MOVING_TO_FIELD,Field_3,1,MOVING_TO_FIELD,Field_6,1,MOVING_TO_FIELD,Field_6,1,MOVING_TO_FIELD,Field_3,1,MOVING_TO_FIELD,Field_4,1,MOVING_TO_FIELD,Field_1,1,MOVING_TO_FIELD,Field_1,1,MOVING_TO_FIELD,Field_5,1,MOVING_TO_FIELD,Field_5,1,MOVING_TO_FIELD,Field_9,1,MOVING_TO_FIELD,Field_9,1,MOVING_TO_FIELD,Field_1,1,MOVING_TO_FIELD,Field_4,1,MOVING_TO_FIELD,Field_20,1,MOVING_TO_FIELD,Field_5,1,MOVING_TO_FIELD,Field_9,1,MOVING_TO_FIELD,Field_3,1,PROTECTING,Field_7,1,MOVING_TO_FIELD,Field_20,1,MOVING_TO_FIELD,Field_20,1,MOVING_TO_FIELD,Field_7,1,MOVING_TO_FIELD,Field_6,1,MOVING_TO_FIELD,Field_4,1,PROTECTING,Field_4,1,MOVING_TO_FIELD,Field_6,1,MOVING_TO_FIELD,Field_20,1,MOVING_TO_FIELD,Field_8,1,MOVING_TO_FIELD,Field_5,1,MOVING_TO_FIELD,Field_20,1,MOVING_TO_FIELD,Field_5,1,MOVING_TO_FIELD,Field_6,1,MOVING_TO_FIELD,Field_3,12,0.10,0,4,4,18,0.05,0,0,2,5,0.10,0,5,4,15,0.04,1,5,3,4,0.01,0,6,2,14,0.10,0,6,4,11,0.07,2,1,1,1,0.03,0,1,2,0,0.10,0,3,3,28,0.20,0,0,6,20,0.13,0,0,4,26,0.06,0,0,1,11,0.09,0,0,2,51,0.18,0,0,6,82,0.19,0,0,6,15,0.09,0,0,2,25,0.07,0,0,2,58,0.26,0,0,1,0,0.00,0,0,2,9,0.02,0,6,3
148,405,0,0,3,0,37,0,1,MOVING_TO_FIELD,Field_1,1,MOVING_TO_FIELD,Field_5,1,MOVING_TO_FIELD,Field_3,1,PROTECTING,Field_7,1,MOVING_TO_FIELD,Field_4,1,MOVING_TO_FIELD,Field_4,1,MOVING_TO_FIELD,Field_6,1,MOVING_TO_FIELD,Field_20,1,MOVING_TO_FIELD,Field_3,1,MOVING_TO_FIELD,Field_6,1,MOVING_TO_FIELD,Field_6,1,MOVING_TO_FIELD,Field_3,1,MOVING_TO_FIELD,Field_4,1,MOVING_TO_FIELD,Field_1,1,MOVING_TO_FIELD,Field_1,1,MOVING_TO_FIELD,Field_5,1,MOVING_TO_FIELD,Field_5,1,MOVING_TO_FIELD,Field_9,1,MOVING_TO_FIELD,Field_9,1,MOVING_TO_FIELD,Field_1,1,MOVING_TO_FIELD,Field_4,1,MOVING_TO_FIELD,Field_20,1,MOVING_TO_FIELD,Field_5,1,MOVING_TO_FIELD,Field_9,1,MOVING_TO_FIELD,Field_3,1,PROTECTING,Field_7,1,MOVING_TO_FIELD,Field_20,1,MOVING_TO_FIELD,Field_20,1,MOVING_TO_FIELD,Field_7,1,MOVING_TO_FIELD,Field_6,1,MOVING_TO_FIELD,Field_4,1,PROTECTING,Field_4,1,MOVING_TO_FIELD,Field_6,1,MOVING_TO_FIELD,Field_20,1,MOVING_TO_FIELD,Field_8,1,MOVING_TO_FIELD,Field_5,1,MOVING_TO_FIELD,Field_20,1,MOVING_TO_FIELD,Field_5,1,MOVING_TO_FIELD,Field_6,1,MOVING_TO_FIELD,Field_3,12,0.10,0,4,4,18,0.05,0,0,2,5,0.10,0,5,4,15,0.04,1,5,3,4,0.01,0,6,2,14,0.10,0,6,4,11,0.06,2,1,1,1,0.03,0,1,2,0,0.09,0,3,3,28,0.21,0,0,6,20,0.14,0,0,4,26,0.06,0,0,1,11,0.09,0,0,2,51,0.17,0,0,6,82,0.19,0,0,6,15,0.07,0,0,2,25,0.05,0,0,2,58,0.30,0,0,1,0,0.00,0,0,2,9,0.02,0,6,3
149,407,0,0,4,0,36,0,1,MOVING_TO_FIELD,Field_1,1,MOVING_TO_FIELD,Field_5,1,MOVING_TO_FIELD,Field_3,1,PROTECTING,Field_7,1,MOVING_TO_FIELD,Field_4,1,MOVING_TO_FIELD,Field_4,1,MOVING_TO_FIELD,Field_6,1,MOVING_TO_FIELD,Field_20,1,MOVING_TO_FIELD,Field_3,1,MOVING_TO_FIELD,Field_6,1,MOVING_TO_FIELD,Field_6,1,MOVING_TO_FIELD,Field_3,1,PROTECTING,Field_4,1,MOVING_TO_FIELD,Field_1,1,MOVING_TO_FIELD,Field_1,1,MOVING_TO_FIELD,Field_5,1,MOVING_TO_FIELD,Field_5,1,MOVING_TO_FIELD,Field_9,1,MOVING_TO_FIELD,Field_9,1,MOVING_TO_FIELD,Field_1,1,MOVING_TO_FIELD,Field_4,1,MOVING_TO_FIELD,Field_20,1,MOVING_TO_FIELD,Field_5,1,MOVING_TO_FIELD,Field_9,1,MOVING_TO_FIELD,Field_3,1,PROTECTING,Field_7,1,MOVING_TO_FIELD,Field_20,1,MOVING_TO_FIELD,Field_20,1,MOVING_TO_FIELD,Field_7,1,MOVING_TO_FIELD,Field_6,1,MOVING_TO_FIELD,Field_4,1,PROTECTING,Field_4,1,MOVING_TO_FIELD,Field_6,1,MOVING_TO_FIELD,Field_20,1,MOVING_TO_FIELD,Field_8,1,MOVING_TO_FIELD,Field_5,1,MOVING_TO_FIELD,Field_20,1,MOVING_TO_FIELD,Field_5,1,MOVING_TO_FIELD,Field_6,1,MOVING_TO_FIELD,Field_3,12,0.09,0,4,4,18,0.05,0,0,2,5,0.10,0,5,4,15,0.04,2,4,2,4,0.01,0,6,2,16,0.10,0,6,4,11,0.05,2,1,1,1,0.03,0,1,2,0,0.08,0,3,3,28,0.22,0,0,6,20,0.14,0,0,4,26,0.06,0,0,1,11,0.09,0,0,2,51,0.17,0,0,6,82,0.18,0,0,6,15,0.06,0,0,2,25,0.05,0,0,2,58,0.30,0,0,1,0,0.00,0,0,2,9,0.02,0,6,3
150,407,0,0,5,0,35,0,1,MOVING_TO_FIELD,Field_1,1,MOVING_TO_FIELD,Field_5,1,MOVING_TO_FIELD,Field_3,1,PROTECTING,Field_7,1,MOVING_TO_FIELD,Field_4,1,MOVING_TO_FIELD,Field_4,1,MOVING_TO_FIELD,Field_6,1,MOVING_TO_FIELD,Field_20,1,MOVING_TO_FIELD,Field_3,1,MOVING_TO_FIELD,Field_6,1,MOVING_TO_FIELD,Field_6,1,PROTECTING,Field_3,1,PROTECTING,Field_4,1,MOVING_TO_FIELD,Field_1,1,MOVING_TO_FIELD,Field_1,1,MOVING_TO_FIELD,Field_5,1,MOVING_TO_FIELD,Field_5,1,MOVING_TO_FIELD,Field_9,1,MOVING_TO_FIELD,Field_9,1,MOVING_TO_FIELD,Field_1,1,MOVING_TO_FIELD,Field_4,1,MOVING_TO_FIELD,Field_20,1,MOVING_TO_FIELD,Field_5,1,MOVING_TO_FIELD,Field_9,1,MOVING_TO_FIELD,Field_3,1,PROTECTING,Field_7,1,MOVING_TO_FIELD,Field_20,1,MOVING_TO_FIELD,Field_20,1,MOVING_TO_FIELD,Field_7,1,MOVING_TO_FIELD,Field_6,1,MOVING_TO_FIELD,Field_4,1,PROTECTING,Field_4,1,MOVING_TO_FIELD,Field_6,1,MOVING_TO_FIELD,Field_20,1,MOVING_TO_FIELD,Field_8,1,MOVING_TO_FIELD,Field_5,1,MOVING_TO_FIELD,Field_20,1,MOVING_TO_FIELD,Field_5,1,MOVING_TO_FIELD,Field_6,1,MOVING_TO_FIELD,Field_3,12,0.08,0,4,4,18,0.07,0,0,2,5,0.09,1,4,3,15,0.04,2,4,2,4,0.01,0,6,2,16,0.10,0,6,4,11,0.05,2,1,1,1,0.03,0,1,2,0,0.07,0,3,3,28,0.22,0,0,6,20,0.14,0,0,4,26,0.06,0,0,1,11,0.09,0,0,2,51,0.17,0,0,6,82,0.18,0,0,6,15,0.05,0,0,2,25,0.05,0,0,2,58,0.28,0,0,1,0,0.00,0,0,2,9,0.02,0,6,3
151,408,1,0,0,0,39,0,1,MOVING_TO_FIELD,Field_3,1,IDLE,,1,MOVING_TO_FIELD,Field_5,1,MOVING_TO_FIELD,Field_2,1,MOVING_TO_FIELD,Field_20,1,MOVING_TO_FIELD,Field_4,1,MOVING_TO_FIELD,Field_4,1,MOVING_TO_FIELD,Field_9,1,MOVING_TO_FIELD,Field_3,1,MOVING_TO_FIELD,Field_8,1,MOVING_TO_FIELD,Field_3,1,MOVING_TO_FIELD,Field_5,1,MOVING_TO_FIELD,Field_20,1,MOVING_TO_FIELD,Field_5,1,MOVING_TO_FIELD,Field_5,1,MOVING_TO_FIELD,Field_1,1,MOVING_TO_FIELD,Field_1,1,MOVING_TO_FIELD,Field_4,1,MOVING_TO_FIELD,Field_1,1,MOVING_TO_FIELD,Field_5,1,MOVING_TO_FIELD,Field_3,1,MOVING_TO_FIELD,Field_2,1,MOVING_TO_FIELD,Field_1,1,MOVING_TO_FIELD,Field_2,1,MOVING_TO_FIELD,Field_5,1,MOVING_TO_FIELD,Field_9,1,MOVING_TO_FIELD,Field_3,1,MOVING_TO_FIELD,Field_3,1,MOVING_TO_FIELD,Field_20,1,MOVING_TO_FIELD,Field_4,1,MOVING_TO_FIELD,Field_20,1,MOVING_TO_FIELD,Field_20,1,MOVING_TO_FIELD,Field_4,1,MOVING_TO_FIELD,Field_1,1,MOVING_TO_FIELD,Field_20,1,MOVING_TO_FIELD,Field_9,1,MOVING_TO_FIELD,Field_1,1,MOVING_TO_FIELD,Field_1,1,MOVING_TO_FIELD,Field_4,1,MOVING_TO_FIELD,Field_1,12,0.08,0,8,4,18,0.07,0,3,2,5,0.09,0,6,4,15,0.06,0,6,4,4,0.01,0,6,2,17,0.10,0,0,4,11,0.05,0,0,3,1,0.03,0,1,2,0,0.07,0,3,3,28,0.21,0,0,6,20,0.14,0,0,4,26,0.03,0,0,1,11,0.11,0,0,2,51,0.17,0,0,6,82,0.18,0,0,6,15,0.06,0,0,2,25,0.07,0,0,2,58,0.26,0,0,1,0,0.00,0,0,2,9,0.02,0,6,3
152,409,1,0,0,0,39,0,1,MOVING_TO_FIELD,Field_3,1,IDLE,,1,MOVING_TO_FIELD,Field_5,1,MOVING_TO_FIELD,Field_2,1,MOVING_TO_FIELD,Field_20,1,MOVING_TO_FIELD,Field_4,1,MOVING_TO_FIELD,Field_4,1,MOVING_TO_FIELD,Field_9,1,MOVING_TO_FIELD,Field_3,1,MOVING_TO_FIELD,Field_8,1,MOVING_TO_FIELD,Field_3,1,MOVING_TO_FIELD,Field_5,1,MOVING_TO_FIELD,Field_20,1,MOVING_TO_FIELD,Field_5,1,MOVING_TO_FIELD,Field_5,1,MOVING_TO_FIELD,Field_1,1,MOVING_TO_FIELD,Field_1,1,MOVING_TO_FIELD,Field_4,1,MOVING_TO_FIELD,Field_1,1,MOVING_TO_FIELD,Field_5,1,MOVING_TO_FIELD,Field_3,1,MOVING_TO_FIELD,Field_2,1,MOVING_TO_FIELD,Field_1,1,MOVING_TO_FIELD,Field_2,1,MOVING_TO_FIELD,Field_5,1,MOVING_TO_FIELD,Field_9,1,MOVING_TO_FIELD,Field_3,1,MOVING_TO_FIELD,Field_3,1,MOVING_TO_FIELD,Field_20,1,MOVING_TO_FIELD,Field_4,1,MOVING_TO_FIELD,Field_20,1,MOVING_TO_FIELD,Field_20,1,MOVING_TO_FIELD,Field_4,1,MOVING_TO_FIELD,Field_1,1,MOVING_TO_FIELD,Field_20,1,MOVING_TO_FIELD,Field_9,1,MOVING_TO_FIELD,Field_1,1,MOVING_TO_FIELD,Field_1,1,MOVING_TO_FIELD,Field_4,1,MOVING_TO_FIELD,Field_1,12,0.08,0,8,4,18,0.07,0,3,2,5,0.12,0,6,4,15,0.07,0,6,4,4,0.02,0,6,2,17,0.10,0,0,4,11,0.05,0,0,3,1,0.03,0,1,2,0,0.07,0,3,3,28,0.21,0,0,6,20,0.14,0,0,4,26,0.03,0,0,1,11,0.11,0,0,2,51,0.18,0,0,6,83,0.18,0,0,6,15,0.06,0,0,2,25,0.08,0,0,2,58,0.26,0,0,1,0,0.00,0,0,2,9,0.02,0,6,3
153,412,1,0,0,0,39,0,1,MOVING_TO_FIELD,Field_3,1,IDLE,,1,MOVING_TO_FIELD,Field_5,1,MOVING_TO_FIELD,Field_2,1,MOVING_TO_FIELD,Field_20,1,MOVING_TO_FIELD,Field_4,1,MOVING_TO_FIELD,Field_4,1,MOVING_TO_FIELD,Field_9,1,MOVING_TO_FIELD,Field_3,1,MOVING_TO_FIELD,Field_8,1,MOVING_TO_FIELD,Field_3,1,MOVING_TO_FIELD,Field_5,1,MOVING_TO_FIELD,Field_20,1,MOVING_TO_FIELD,Field_5,1,MOVING_TO_FIELD,Field_5,1,MOVING_TO_FIELD,Field_1,1,MOVING_TO_FIELD,Field_1,1,MOVING_TO_FIELD,Field_4,1,MOVING_TO_FIELD,Field_1,1,MOVING_TO_FIELD,Field_5,1,MOVING_TO_FIELD,Field_3,1,MOVING_TO_FIELD,Field_2,1,MOVING_TO_FIELD,Field_1,1,MOVING_TO_FIELD,Field_2,1,MOVING_TO_FIELD,Field_5,1,MOVING_TO_FIELD,Field_9,1,MOVING_TO_FIELD,Field_3,1,MOVING_TO_FIELD,Field_3,1,MOVING_TO_FIELD,Field_20,1,MOVING_TO_FIELD,Field_4,1,MOVING_TO_FIELD,Field_20,1,MOVING_TO_FIELD,Field_20,1,MOVING_TO_FIELD,Field_4,1,MOVING_TO_FIELD,Field_1,1,MOVING_TO_FIELD,Field_20,1,MOVING_TO_FIELD,Field_9,1,MOVING_TO_FIELD,Field_1,1,MOVING_TO_FIELD,Field_1,1,MOVING_TO_FIELD,Field_4,1,MOVING_TO_FIELD,Field_1,12,0.08,0,8,4,18,0.05,0,3,2,5,0.13,0,6,4,15,0.07,0,6,4,4,0.02,0,6,2,17,0.10,0,0,4,11,0.05,0,0,3,1,0.03,0,1,2,0,0.08,0,3,3,29,0.21,0,0,6,20,0.14,0,0,4,26,0.06,0,0,1,11,0.11,0,0,2,52,0.18,0,0,6,83,0.19,0,0,6,15,0.06,0,0,2,25,0.08,0,0,2,59,0.24,0,0,1,0,0.00,0,0,2,9,0.02,0,6,3
154,415,1,0,1,0,38,0,1,MOVING_TO_FIELD,Field_3,1,IDLE,,1,MOVING_TO_FIELD,Field_5,1,MOVING_TO_FIELD,Field_2,1,MOVING_TO_FIELD,Field_20,1,MOVING_TO_FIELD,Field_4,1,MOVING_TO_FIELD,Field_4,1,PROTECTING,Field_9,1,MOVING_TO_FIELD,Field_3,1,MOVING_TO_FIELD,Field_8,1,MOVING_TO_FIELD,Field_3,1,MOVING_TO_FIELD,Field_5,1,MOVING_TO_FIELD,Field_20,1,MOVING_TO_FIELD,Field_5,1,MOVING_TO_FIELD,Field_5,1,MOVING_TO_FIELD,Field_1,1,MOVING_TO_FIELD,Field_1,1,MOVING_TO_FIELD,Field_4,1,MOVING_TO_FIELD,Field_1,1,MOVING_TO_FIELD,Field_5,1,MOVING_TO_FIELD,Field_3,1,MOVING_TO_FIELD,Field_2,1,MOVING_TO_FIELD,Field_1,1,MOVING_TO_FIELD,Field_2,1,MOVING_TO_FIELD,Field_5,1,MOVING_TO_FIELD,Field_9,1,MOVING_TO_FIELD,Field_3,1,MOVING_TO_FIELD,Field_3,1,MOVING_TO_FIELD,Field_20,1,MOVING_TO_FIELD,Field_4,1,MOVING_TO_FIELD,Field_20,1,MOVING_TO_FIELD,Field_20,1,MOVING_TO_FIELD,Field_4,1,MOVING_TO_FIELD,Field_1,1,MOVING_TO_FIELD,Field_20,1,MOVING_TO_FIELD,Field_9,1,MOVING_TO_FIELD,Field_1,1,MOVING_TO_FIELD,Field_1,1,MOVING_TO_FIELD,Field_4,1,MOVING_TO_FIELD,Field_1,12,0.09,0,8,4,18,0.05,0,3,2,5,0.13,0,6,4,15,0.07,0,6,4,4,0.04,0,6,2,17,0.10,0,0,4,11,0.06,0,0,3,1,0.03,0,1,2,0,0.07,1,2,2,30,0.21,0,0,6,20,0.14,0,0,4,26,0.06,0,0,1,11,0.09,0,0,2,52,0.18,0,0,6,83,0.18,0,0,6,15,0.06,0,0,2,25,0.08,0,0,2,61,0.22,0,0,1,0,0.00,0,0,2,9,0.02,0,6,3
155,415,1,0,1,0,38,0,1,MOVING_TO_FIELD,Field_3,1,IDLE,,1,MOVING_TO_FIELD,Field_5,1,MOVING_TO_FIELD,Field_2,1,MOVING_TO_FIELD,Field_20,1,MOVING_TO_FIELD,Field_4,1,MOVING_TO_FIELD,Field_4,1,PROTECTING,Field_9,1,MOVING_TO_FIELD,Field_3,1,MOVING_TO_FIELD,Field_8,1,MOVING_TO_FIELD,Field_3,1,MOVING_TO_FIELD,Field_5,1,MOVING_TO_FIELD,Field_20,1,MOVING_TO_FIELD,Field_5,1,MOVING_TO_FIELD,Field_5,1,MOVING_TO_FIELD,Field_1,1,MOVING_TO_FIELD,Field_1,1,MOVING_TO_FIELD,Field_4,1,MOVING_TO_FIELD,Field_1,1,MOVING_TO_FIELD,Field_5,1,MOVING_TO_FIELD,Field_3,1,MOVING_TO_FIELD,Field_2,1,MOVING_TO_FIELD,Field_1,1,MOVING_TO_FIELD,Field_2,1,MOVING_TO_FIELD,Field_5,1,MOVING_TO_FIELD,Field_9,1,MOVING_TO_FIELD,Field_3,1,MOVING_TO_FIELD,Field_3,1,MOVING_TO_FIELD,Field_20,1,MOVING_TO_FIELD,Field_4,1,MOVING_TO_FIELD,Field_20,1,MOVING_TO_FIELD,Field_20,1,MOVING_TO_FIELD,Field_4,1,MOVING_TO_FIELD,Field_1,1,MOVING_TO_FIELD,Field_20,1,MOVING_TO_FIELD,Field_9,1,MOVING_TO_FIELD,Field_1,1,MOVING_TO_FIELD,Field_1,1,MOVING_TO_FIELD,Field_4,1,MOVING_TO_FIELD,Field_1,12,0.09,0,8,4,18,0.07,0,3,2,5,0.13,0,6,4,15,0.07,0,6,4,4,0.04,0,6,2,17,0.09,0,0,4,11,0.08,0,0,3,1,0.03,0,1,2,0,0.07,1,2,2,30,0.21,0,0,6,20,0.13,0,0,4,26,0.06,0,0,1,11,0.09,0,0,2,52,0.17,0,0,6,83,0.18,0,0,6,15,0.06,0,0,2,25,0.08,0,0,2,61,0.22,0,0,1,0,0.00,0,0,2,9,0.02,0,6,3
156,421,1,0,1,0,38,0,1,MOVING_TO_FIELD,Field_3,1,IDLE,,1,MOVING_TO_FIELD,Field_5,1,MOVING_TO_FIELD,Field_2,1,MOVING_TO_FIELD,Field_20,1,MOVING_TO_FIELD,Field_4,1,MOVING_TO_FIELD,Field_4,1,PROTECTING,Field_9,1,MOVING_TO_FIELD,Field_3,1,MOVING_TO_FIELD,Field_8,1,MOVING_TO_FIELD,Field_3,1,MOVING_TO_FIELD,Field_5,1,MOVING_TO_FIELD,Field_20,1,MOVING_TO_FIELD,Field_5,1,MOVING_TO_FIELD,Field_5,1,MOVING_TO_FIELD,Field_1,1,MOVING_TO_FIELD,Field_1,1,MOVING_TO_FIELD,Field_4,1,MOVING_TO_FIELD,Field_1,1,MOVING_TO_FIELD,Field_5,1,MOVING_TO_FIELD,Field_3,1,MOVING_TO_FIELD,Field_2,1,MOVING_TO_FIELD,Field_1,1,MOVING_TO_FIELD,Field_2,1,MOVING_TO_FIELD,Field_5,1,MOVING_TO_FIELD,Field_9,1,MOVING_TO_FIELD,Field_3,1,MOVING_TO_FIELD,Field_3,1,MOVING_TO_FIELD,Field_20,1,MOVING_TO_FIELD,Field_4,1,MOVING_TO_FIELD,Field_20,1,MOVING_TO_FIELD,Field_20,1,MOVING_TO_FIELD,Field_4,1,MOVING_TO_FIELD,Field_1,1,MOVING_TO_FIELD,Field_20,1,MOVING_TO_FIELD,Field_9,1,MOVING_TO_FIELD,Field_1,1,MOVING_TO_FIELD,Field_1,1,MOVING_TO_FIELD,Field_4,1,MOVING_TO_FIELD,Field_1,12,0.09,0,8,4,18,0.05,0,3,2,5,0.14,0,6,4,15,0.09,0,6,4,4,0.04,0,6,2,17,0.10,0,0,4,11,0.08,0,0,3,1,0.03,0,1,2,0,0.07,1,2,2,31,0.22,0,0,6,20,0.13,0,0,4,26,0.06,0,0,1,13,0.09,0,0,2,53,0.17,0,0,6,84,0.18,0,0,6,15,0.07,0,0,2,25,0.08,0,0,2,62,0.20,0,0,1,0,0.00,0,0,2,9,0.02,0,6,3
157,423,1,0,1,0,38,0,1,MOVING_TO_FIELD,Field_3,1,IDLE,,1,MOVING_TO_FIELD,Field_5,1,MOVING_TO_FIELD,Field_2,1,MOVING_TO_FIELD,Field_20,1,MOVING_TO_FIELD,Field_4,1,MOVING_TO_FIELD,Field_4,1,PROTECTING,Field_9,1,MOVING_TO_FIELD,Field_3,1,MOVING_TO_FIELD,Field_8,1,MOVING_TO_FIELD,Field_3,1,MOVING_TO_FIELD,Field_5,1,MOVING_TO_FIELD,Field_20,1,MOVING_TO_FIELD,Field_5,1,MOVING_TO_FIELD,Field_5,1,MOVING_TO_FIELD,Field_1,1,MOVING_TO_FIELD,Field_1,1,MOVING_TO_FIELD,Field_4,1,MOVING_TO_FIELD,Field_1,1,MOVING_TO_FIELD,Field_5,1,MOVING_TO_FIELD,Field_3,1,MOVING_TO_FIELD,Field_2,1,MOVING_TO_FIELD,Field_1,1,MOVING_TO_FIELD,Field_2,1,MOVING_TO_FIELD,Field_5,1,MOVING_TO_FIELD,Field_9,1,MOVING_TO_FIELD,Field_3,1,MOVING_TO_FIELD,Field_3,1,MOVING_TO_FIELD,Field_20,1,MOVING_TO_FIELD,Field_4,1,MOVING_TO_FIELD,Field_20,1,MOVING_TO_FIELD,Field_20,1,MOVING_TO_FIELD,Field_4,1,MOVING_TO_FIELD,Field_1,1,MOVING_TO_FIELD,Field_20,1,MOVING_TO_FIELD,Field_9,1,MOVING_TO_FIELD,Field_1,1,MOVING_TO_FIELD,Field_1,1,MOVING_TO_FIELD,Field_4,1,MOVING_TO_FIELD,Field_1,12,0.08,0,8,4,18,0.05,0,3,2,5,0.14,0,6,4,15,0.09,0,6,4,4,0.04,0,6,2,17,0.09,0,0,4,11,0.07,0,0,3,1,0.03,0,1,2,0,0.07,1,2,2,32,0.22,0,0,6,20,0.14,0,0,4,26,0.03,0,0,1,13,0.11,0,0,2,54,0.17,0,0,6,84,0.17,0,0,6,15,0.07,0,0,2,25,0.08,0,0,2,62,0.19,0,0,1,0,0.00,0,0,2,9,0.02,0,6,3
158,424,1,0,4,0,35,0,1,PROTECTING,Field_3,1,IDLE,,1,MOVING_TO_FIELD,Field_5,1,MOVING_TO_FIELD,Field_2,1,MOVING_TO_FIELD,Field_20,1,MOVING_TO_FIELD,Field_4,1,MOVING_TO_FIELD,Field_4,1,PROTECTING,Field_9,1,PROTECTING,Field_3,1,MOVING_TO_FIELD,Field_8,1,MOVING_TO_FIELD,Field_3,1,MOVING_TO_FIELD,Field_5,1,MOVING_TO_FIELD,Field_20,1,MOVING_TO_FIELD,Field_5,1,MOVING_TO_FIELD,Field_5,1,MOVING_TO_FIELD,Field_1,1,MOVING_TO_FIELD,Field_1,1,MOVING_TO_FIELD,Field_4,1,MOVING_TO_FIELD,Field_1,1,MOVING_TO_FIELD,Field_5,1,MOVING_TO_FIELD,Field_3,1,MOVING_TO_FIELD,Field_2,1,MOVING_TO_FIELD,Field_1,1,MOVING_TO_FIELD,Field_2,1,MOVING_TO_FIELD,Field_5,1,PROTECTING,Field_9,1,MOVING_TO_FIELD,Field_3,1,MOVING_TO_FIELD,Field_3,1,MOVING_TO_FIELD,Field_20,1,MOVING_TO_FIELD,Field_4,1,MOVING_TO_FIELD,Field_20,1,MOVING_TO_FIELD,Field_20,1,MOVING_TO_FIELD,Field_4,1,MOVING_TO_FIELD,Field_1,1,MOVING_TO_FIELD,Field_20,1,MOVING_TO_FIELD,Field_9,1,MOVING_TO_FIELD,Field_1,1,MOVING_TO_FIELD,Field_1,1,MOVING_TO_FIELD,Field_4,1,MOVING_TO_FIELD,Field_1,12,0.08,0,8,4,18,0.05,0,3,2,5,0.14,2,4,2,15,0.09,0,6,4,4,0.04,0,6,2,17,0.09,0,0,4,11,0.07,0,0,3,1,0.03,0,1,2,0,0.07,2,1,1,33,0.21,0,0,6,20,0.14,0,0,4,26,0.03,0,0,1,13,0.09,0,0,2,54,0.17,0,0,6,84,0.17,0,0,6,15,0.07,0,0,2,25,0.08,0,0,2,62,0.15,0,0,1,0,0.00,0,0,2,9,0.02,0,6,3
159,427,1,0,5,0,34,0,1,PROTECTING,Field_3,1,IDLE,,1,MOVING_TO_FIELD,Field_5,1,MOVING_TO_FIELD,Field_2,1,MOVING_TO_FIELD,Field_20,1,PROTECTING,Field_4,1,MOVING_TO_FIELD,Field_4,1,PROTECTING,Field_9,1,PROTECTING,Field_3,1,MOVING_TO_FIELD,Field_8,1,MOVING_TO_FIELD,Field_3,1,MOVING_TO_FIELD,Field_5,1,MOVING_TO_FIELD,Field_20,1,MOVING_TO_FIELD,Field_5,1,MOVING_TO_FIELD,Field_5,1,MOVING_TO_FIELD,Field_1,1,MOVING_TO_FIELD,Field_1,1,MOVING_TO_FIELD,Field_4,1,MOVING_TO_FIELD,Field_1,1,MOVING_TO_FIELD,Field_5,1,MOVING_TO_FIELD,Field_3,1,MOVING_TO_FIELD,Field_2,1,MOVING_TO_FIELD,Field_1,1,MOVING_TO_FIELD,Field_2,1,MOVING_TO_FIELD,Field_5,1,PROTECTING,Field_9,1,MOVING_TO_FIELD,Field_3,1,MOVING_TO_FIELD,Field_3,1,MOVING_TO_FIELD,Field_20,1,MOVING_TO_FIELD,Field_4,1,MOVING_TO_FIELD,Field_20,1,MOVING_TO_FIELD,Field_20,1,MOVING_TO_FIELD,Field_4,1,MOVING_TO_FIELD,Field_1,1,MOVING_TO_FIELD,Field_20,1,MOVING_TO_FIELD,Field_9,1,MOVING_TO_FIELD,Field_1,1,MOVING_TO_FIELD,Field_1,1,MOVING_TO_FIELD,Field_4,1,MOVING_TO_FIELD,Field_1,12,0.04,0,8,4,18,0.04,0,3,2,5,0.15,2,4,2,15,0.09,1,5,3,4,0.02,0,6,2,17,0.09,0,0,4,11,0.07,0,0,3,1,0.03,0,1,2,0,0.07,2,1,1,34,0.20,0,0,6,21,0.16,0,0,4,26,0.03,0,0,1,13,0.07,0,0,2,54,0.17,0,0,6,84,0.17,0,0,6,15,0.09,0,0,2,26,0.10,0,0,2,62,0.15,0,0,1,0,0.03,0,0,2,9,0.02,0,6,3
160,429,1,0,7,0,32,0,1,PROTECTING,Field_3,1,IDLE,,1,MOVING_TO_FIELD,Field_5,1,MOVING_TO_FIELD,Field_2,1,MOVING_TO_FIELD,Field_20,1,PROTECTING,Field_4,1,MOVING_TO_FIELD,Field_4,1,PROTECTING,Field_9,1,PROTECTING,Field_3,1,MOVING_TO_FIELD,Field_8,1,MOVING_TO_FIELD,Field_3,1,MOVING_TO_FIELD,Field_5,1,MOVING_TO_FIELD,Field_20,1,MOVING_TO_FIELD,Field_5,1,PROTECTING,Field_5,1,MOVING_TO_FIELD,Field_1,1,MOVING_TO_FIELD,Field_1,1,MOVING_TO_FIELD,Field_4,1,MOVING_TO_FIELD,Field_1,1,MOVING_TO_FIELD,Field_5,1,MOVING_TO_FIELD,Field_3,1,MOVING_TO_FIELD,Field_2,1,MOVING_TO_FIELD,Field_1,1,MOVING_TO_FIELD,Field_2,1,MOVING_TO_FIELD,Field_5,1,PROTECTING,Field_9,1,MOVING_TO_FIELD,Field_3,1,PROTECTING,Field_3,1,MOVING_TO_FIELD,Field_20,1,MOVING_TO_FIELD,Field_4,1,MOVING_TO_FIELD,Field_20,1,MOVING_TO_FIELD,Field_20,1,MOVING_TO_FIELD,Field_4,1,MOVING_TO_FIELD,Field_1,1,MOVING_TO_FIELD,Field_20,1,MOVING_TO_FIELD,Field_9,1,MOVING_TO_FIELD,Field_1,1,MOVING_TO_FIELD,Field_1,1,MOVING_TO_FIELD,Field_4,1,MOVING_TO_FIELD,Field_1,12,0.04,0,8,4,18,0.04,0,3,2,5,0.15,3,3,1,15,0.09,1,5,3,4,0.02,1,5,1,17,0.11,0,0,4,11,0.07,0,0,3,1,0.03,0,1,2,0,0.07,2,1,1,34,0.20,0,0,6,22,0.16,0,0,4,26,0.00,0,0,1,13,0.07,0,0,2,54,0.18,0,0,6,84,0.17,0,0,6,15,0.09,0,0,2,26,0.13,0,0,2,63,0.13,0,0,1,0,0.03,0,0,2,9,0.02,0,6,3
161,431,0,0,10,0,30,0,1,PROTECTING,Field_3,1,PROTECTING,Field_5,1,MOVING_TO_FIELD,Field_5,1,MOVING_TO_FIELD,Field_20,1,MOVING_TO_FIELD,Field_20,1,PROTECTING,Field_4,1,MOVING_TO_FIELD,Field_4,1,PROTECTING,Field_9,1,PROTECTING,Field_3,1,MOVING_TO_FIELD,Field_20,1,PROTECTING,Field_3,1,MOVING_TO_FIELD,Field_5,1,MOVING_TO_FIELD,Field_20,1,MOVING_TO_FIELD,Field_5,1,PROTECTING,Field_5,1,MOVING_TO_FIELD,Field_4,1,MOVING_TO_FIELD,Field_4,1,MOVING_TO_FIELD,Field_4,1,MOVING_TO_FIELD,Field_1,1,MOVING_TO_FIELD,Field_5,1,MOVING_TO_FIELD,Field_4,1,MOVING_TO_FIELD,Field_2,1,MOVING_TO_FIELD,Field_4,1,MOVING_TO_FIELD,Field_2,1,MOVING_TO_FIELD,Field_5,1,PROTECTING,Field_9,1,MOVING_TO_FIELD,Field_4,1,PROTECTING,Field_3,1,MOVING_TO_FIELD,Field_20,1,MOVING_TO_FIELD,Field_20,1,MOVING_TO_FIELD,Field_5,1,MOVING_TO_FIELD,Field_20,1,PROTECTING,Field_4,1,MOVING_TO_FIELD,Field_1,1,MOVING_TO_FIELD,Field_20,1,MOVING_TO_FIELD,Field_9,1,MOVING_TO_FIELD,Field_1,1,MOVING_TO_FIELD,Field_4,1,MOVING_TO_FIELD,Field_20,1,MOVING_TO_FIELD,Field_1,12,0.05,0,4,4,18,0.04,0,2,2,5,0.15,4,0,0,15,0.09,2,8,2,4,0.02,2,6,0,17,0.11,0,0,4,11,0.06,0,0,3,1,0.03,0,0,2,0,0.06,2,1,1,34,0.20,0,0,6,22,0.16,0,0,4,26,0.00,0,0,1,13,0.07,0,0,2,54,0.18,0,0,6,85,0.18,0,0,6,15,0.07,0,0,2,27,0.13,0,0,2,63,0.13,0,0,1,0,0.05,0,0,2,9,0.02,0,9,3
162,431,0,0,11,0,29,0,1,PROTECTING,Field_3,1,PROTECTING,Field_5,1,MOVING_TO_FIELD,Field_5,1,MOVING_TO_FIELD,Field_20,1,MOVING_TO_FIELD,Field_20,1,PROTECTING,Field_4,1,MOVING_TO_FIELD,Field_4,1,PROTECTING,Field_9,1,PROTECTING,Field_3,1,MOVING_TO_FIELD,Field_20,1,PROTECTING,Field_3,1,MOVING_TO_FIELD,Field_5,1,MOVING_TO_FIELD,Field_20,1,MOVING_TO_FIELD,Field_5,1,PROTECTING,Field_5,1,MOVING_TO_FIELD,Field_4,1,MOVING_TO_FIELD,Field_4,1,MOVING_TO_FIELD,Field_4,1,MOVING_TO_FIELD,Field_1,1,MOVING_TO_FIELD,Field_5,1,MOVING_TO_FIELD,Field_4,1,MOVING_TO_FIELD,Field_2,1,MOVING_TO_FIELD,Field_4,1,MOVING_TO_FIELD,Field_2,1,MOVING_TO_FIELD,Field_5,1,PROTECTING,Field_9,1,MOVING_TO_FIELD,Field_4,1,PROTECTING,Field_3,1,MOVING_TO_FIELD,Field_20,1,MOVING_TO_FIELD,Field_20,1,MOVING_TO_FIELD,Field_5,1,MOVING_TO_FIELD,Field_20,1,PROTECTING,Field_4,1,MOVING_TO_FIELD,Field_1,1,MOVING_TO_FIELD,Field_20,1,PROTECTING,Field_9,1,MOVING_TO_FIELD,Field_1,1,MOVING_TO_FIELD,Field_4,1,MOVING_TO_FIELD,Field_20,1,MOVING_TO_FIELD,Field_1,12,0.03,0,4,4,18,0.04,0,2,2,5,0.14,4,0,0,15,0.08,2,8,2,4,0.02,2,6,0,17,0.11,0,0,4,11,0.06,0,0,3,1,0.03,0,0,2,0,0.06,3,0,0,34,0.19,0,0,6,22,0.17,0,0,4,26,0.00,0,0,1,13,0.07,0,0,2,54,0.18,0,0,6,85,0.19,0,0,6,15,0.06,0,0,2,27,0.15,0,0,2,63,0.13,0,0,1,0,0.05,0,0,2,9,0.04,0,9,3
163,432,0,0,12,0,28,0,1,PROTECTING,Field_3,1,PROTECTING,Field_5,1,MOVING_TO_FIELD,Field_5,1,MOVING_TO_FIELD,Field_20,1,MOVING_TO_FIELD,Field_20,1,PROTECTING,Field_4,1,PROTECTING,Field_4,1,PROTECTING,Field_9,1,PROTECTING,Field_3,1,MOVING_TO_FIELD,Field_20,1,PROTECTING,Field_3,1,MOVING_TO_FIELD,Field_5,1,MOVING_TO_FIELD,Field_20,1,MOVING_TO_FIELD,Field_5,1,PROTECTING,Field_5,1,MOVING_TO_FIELD,Field_4,1,MOVING_TO_FIELD,Field_4,1,MOVING_TO_FIELD,Field_4,1,MOVING_TO_FIELD,Field_1,1,MOVING_TO_FIELD,Field_5,1,MOVING_TO_FIELD,Field_4,1,MOVING_TO_FIELD,Field_2,1,MOVING_TO_FIELD,Field_4,1,MOVING_TO_FIELD,Field_2,1,MOVING_TO_FIELD,Field_5,1,PROTECTING,Field_9,1,MOVING_TO_FIELD,Field_4,1,PROTECTING,Field_3,1,MOVING_TO_FIELD,Field_20,1,MOVING_TO_FIELD,Field_20,1,MOVING_TO_FIELD,Field_5,1,MOVING_TO_FIELD,Field_20,1,PROTECTING,Field_4,1,MOVING_TO_FIELD,Field_1,1,MOVING_TO_FIELD,Field_20,1,PROTECTING,Field_9,1,MOVING_TO_FIELD,Field_1,1,MOVING_TO_FIELD,Field_4,1,MOVING_TO_FIELD,Field_20,1,MOVING_TO_FIELD,Field_1,12,0.03,0,4,4,18,0.04,0,2,2,5,0.13,4,0,0,15,0.08,3,7,1,4,0.02,2,6,0,17,0.11,0,0,4,11,0.06,0,0,3,1,0.04,0,0,2,0,0.04,3,0,0,34,0.20,0,0,6,22,0.17,0,0,4,26,0.00,0,0,1,13,0.07,0,0,2,54,0.18,0,0,6,86,0.19,0,0,6,15,0.07,0,0,2,27,0.15,0,0,2,63,0.13,0,0,1,0,0.06,0,0,2,9,0.04,0,9,3
164,432,0,0,13,0,27,0,1,PROTECTING,Field_3,1,PROTECTING,Field_5,1,MOVING_TO_FIELD,Field_5,1,MOVING_TO_FIELD,Field_20,1,MOVING_TO_FIELD,Field_20,1,PROTECTING,Field_4,1,PROTECTING,Field_4,1,PROTECTING,Field_9,1,PROTECTING,Field_3,1,MOVING_TO_FIELD,Field_20,1,PROTECTING,Field_3,1,MOVING_TO_FIELD,Field_5,1,MOVING_TO_FIELD,Field_20,1,MOVING_TO_FIELD,Field_5,1,PROTECTING,Field_5,1,MOVING_TO_FIELD,Field_4,1,MOVING_TO_FIELD,Field_4,1,MOVING_TO_FIELD,Field_4,1,MOVING_TO_FIELD,Field_1,1,PROTECTING,Field_5,1,MOVING_TO_FIELD,Field_4,1,MOVING_TO_FIELD,Field_2,1,MOVING_TO_FIELD,Field_4,1,MOVING_TO_FIELD,Field_2,1,MOVING_TO_FIELD,Field_5,1,PROTECTING,Field_9,1,MOVING_TO_FIELD,Field_4,1,PROTECTING,Field_3,1,MOVING_TO_FIELD,Field_20,1,MOVING_TO_FIELD,Field_20,1,MOVING_TO_FIELD,Field_5,1,MOVING_TO_FIELD,Field_20,1,PROTECTING,Field_4,1,MOVING_TO_FIELD,Field_1,1,MOVING_TO_FIELD,Field_20,1,PROTECTING,Field_9,1,MOVING_TO_FIELD,Field_1,1,MOVING_TO_FIELD,Field_4,1,MOVING_TO_FIELD,Field_20,1,MOVING_TO_FIELD,Field_1,12,0.03,0,4,4,18,0.04,0,2,2,5,0.13,4,0,0,15,0.08,3,7,1,4,0.02,3,5,-1,17,0.12,0,0,4,11,0.07,0,0,3,1,0.06,0,0,2,0,0.03,3,0,0,34,0.20,0,0,6,22,0.17,0,0,4,26,0.00,0,0,1,13,0.05,0,0,2,54,0.17,0,0,6,86,0.19,0,0,6,15,0.07,0,0,2,27,0.13,0,0,2,63,0.13,0,0,1,0,0.06,0,0,2,9,0.04,0,9,3
165,432,0,0,14,0,26,0,1,PROTECTING,Field_3,1,PROTECTING,Field_5,1,MOVING_TO_FIELD,Field_5,1,MOVING_TO_FIELD,Field_20,1,MOVING_TO_FIELD,Field_20,1,PROTECTING,Field_4,1,PROTECTING,Field_4,1,PROTECTING,Field_9,1,PROTECTING,Field_3,1,MOVING_TO_FIELD,Field_20,1,PROTECTING,Field_3,1,MOVING_TO_FIELD,Field_5,1,MOVING_TO_FIELD,Field_20,1,MOVING_TO_FIELD,Field_5,1,PROTECTING,Field_5,1,MOVING_TO_FIELD,Field_4,1,MOVING_TO_FIELD,Field_4,1,PROTECTING,Field_4,1,MOVING_TO_FIELD,Field_1,1,PROTECTING,Field_5,1,MOVING_TO_FIELD,Field_4,1,MOVING_TO_FIELD,Field_2,1,MOVING_TO_FIELD,Field_4,1,MOVING_TO_FIELD,Field_2,1,MOVING_TO_FIELD,Field_5,1,PROTECTING,Field_9,1,MOVING_TO_FIELD,Field_4,1,PROTECTING,Field_3,1,MOVING_TO_FIELD,Field_20,1,MOVING_TO_FIELD,Field_20,1,MOVING_TO_FIELD,Field_5,1,MOVING_TO_FIELD,Field_20,1,PROTECTING,Field_4,1,MOVING_TO_FIELD,Field_1,1,MOVING_TO_FIELD,Field_20,1,PROTECTING,Field_9,1,MOVING_TO_FIELD,Field_1,1,MOVING_TO_FIELD,Field_4,1,MOVING_TO_FIELD,Field_20,1,MOVING_TO_FIELD,Field_1,12,0.03,0,4,4,18,0.07,0,2,2,5,0.13,4,0,0,15,0.09,4,6,0,4,0.02,3,5,-1,17,0.12,0,0,4,11,0.07,0,0,3,1,0.06,0,0,2,0,0.03,3,0,0,34,0.21,0,0,6,22,0.17,0,0,4,26,0.00,0,0,1,13,0.04,0,0,2,54,0.17,0,0,6,86,0.21,0,0,6,15,0.09,0,0,2,27,0.13,0,0,2,63,0.13,0,0,1,0,0.06,0,0,2,9,0.04,0,9,3
166,434,0,0,15,0,25,0,1,PROTECTING,Field_3,1,PROTECTING,Field_5,1,MOVING_TO_FIELD,Field_5,1,MOVING_TO_FIELD,Field_20,1,MOVING_TO_FIELD,Field_20,1,PROTECTING,Field_4,1,PROTECTING,Field_4,1,PROTECTING,Field_9,1,PROTECTING,Field_3,1,MOVING_TO_FIELD,Field_20,1,PROTECTING,Field_3,1,MOVING_TO_FIELD,Field_5,1,MOVING_TO_FIELD,Field_20,1,MOVING_TO_FIELD,Field_5,1,PROTECTING,Field_5,1,MOVING_TO_FIELD,Field_4,1,MOVING_TO_FIELD,Field_4,1,PROTECTING,Field_4,1,MOVING_TO_FIELD,Field_1,1,PROTECTING,Field_5,1,MOVING_TO_FIELD,Field_4,1,MOVING_TO_FIELD,Field_2,1,MOVING_TO_FIELD,Field_4,1,MOVING_TO_FIELD,Field_2,1,PROTECTING,Field_5,1,PROTECTING,Field_9,1,MOVING_TO_FIELD,Field_4,1,PROTECTING,Field_3,1,MOVING_TO_FIELD,Field_20,1,MOVING_TO_FIELD,Field_20,1,MOVING_TO_FIELD,Field_5,1,MOVING_TO_FIELD,Field_20,1,PROTECTING,Field_4,1,MOVING_TO_FIELD,Field_1,1,MOVING_TO_FIELD,Field_20,1,PROTECTING,Field_9,1,MOVING_TO_FIELD,Field_1,1,MOVING_TO_FIELD,Field_4,1,MOVING_TO_FIELD,Field_20,1,MOVING_TO_FIELD,Field_1,12,0.03,0,4,4,18,0.08,0,2,2,5,0.10,4,0,0,15,0.10,4,6,0,4,0.02,4,4,-2,17,0.12,0,0,4,11,0.07,0,0,3,1,0.06,0,0,2,0,0.06,3,0,0,34,0.19,0,0,6,22,0.16,0,0,4,26,0.03,0,0,1,13,0.04,0,0,2,54,0.17,0,0,6,87,0.22,0,0,6,15,0.06,0,0,2,27,0.11,0,0,2,64,0.11,0,0,1,0,0.06,0,0,2,9,0.04,0,9,3
167,435,0,0,16,0,24,0,1,PROTECTING,Field_3,1,PROTECTING,Field_5,1,MOVING_TO_FIELD,Field_5,1,MOVING_TO_FIELD,Field_20,1,MOVING_TO_FIELD,Field_20,1,PROTECTING,Field_4,1,PROTECTING,Field_4,1,PROTECTING,Field_9,1,PROTECTING,Field_3,1,MOVING_TO_FIELD,Field_20,1,PROTECTING,Field_3,1,MOVING_TO_FIELD,Field_5,1,MOVING_TO_FIELD,Field_20,1,PROTECTING,Field_5,1,PROTECTING,Field_5,1,MOVING_TO_FIELD,Field_4,1,MOVING_TO_FIELD,Field_4,1,PROTECTING,Field_4,1,MOVING_TO_FIELD,Field_1,1,PROTECTING,Field_5,1,MOVING_TO_FIELD,Field_4,1,MOVING_TO_FIELD,Field_2,1,MOVING_TO_FIELD,Field_4,1,MOVING_TO_FIELD,Field_2,1,PROTECTING,Field_5,1,PROTECTING,Field_9,1,MOVING_TO_FIELD,Field_4,1,PROTECTING,Field_3,1,MOVING_TO_FIELD,Field_20,1,MOVING_TO_FIELD,Field_20,1,MOVING_TO_FIELD,Field_5,1,MOVING_TO_FIELD,Field_20,1,PROTECTING,Field_4,1,MOVING_TO_FIELD,Field_1,1,MOVING_TO_FIELD,Field_20,1,PROTECTING,Field_9,1,MOVING_TO_FIELD,Field_1,1,MOVING_TO_FIELD,Field_4,1,MOVING_TO_FIELD,Field_20,1,MOVING_TO_FIELD,Field_1,12,0.04,0,4,4,18,0.09,0,2,2,5,0.09,4,0,0,15,0.10,4,6,0,4,0.02,5,3,-3,17,0.12,0,0,4,11,0.07,0,0,3,1,0.06,0,0,2,0,0.06,3,0,0,34,0.18,0,0,6,22,0.14,0,0,4,26,0.03,0,0,1,13,0.04,0,0,2,54,0.18,0,0,6,88,0.24,0,0,6,15,0.06,0,0,2,27,0.11,0,0,2,64,0.11,0,0,1,0,0.05,0,0,2,9,0.02,0,9,3
168,436,0,0,17,0,23,0,1,PROTECTING,Field_3,1,PROTECTING,Field_5,1,MOVING_TO_FIELD,Field_5,1,MOVING_TO_FIELD,Field_20,1,MOVING_TO_FIELD,Field_20,1,PROTECTING,Field_4,1,PROTECTING,Field_4,1,PROTECTING,Field_9,1,PROTECTING,Field_3,1,MOVING_TO_FIELD,Field_20,1,PROTECTING,Field_3,1,PROTECTING,Field_5,1,MOVING_TO_FIELD,Field_20,1,PROTECTING,Field_5,1,PROTECTING,Field_5,1,MOVING_TO_FIELD,Field_4,1,MOVING_TO_FIELD,Field_4,1,PROTECTING,Field_4,1,MOVING_TO_FIELD,Field_1,1,PROTECTING,Field_5,1,MOVING_TO_FIELD,Field_4,1,MOVING_TO_FIELD,Field_2,1,MOVING_TO_FIELD,Field_4,1,MOVING_TO_FIELD,Field_2,1,PROTECTING,Field_5,1,PROTECTING,Field_9,1,MOVING_TO_FIELD,Field_4,1,PROTECTING,Field_3,1,MOVING_TO_FIELD,Field_20,1,MOVING_TO_FIELD,Field_20,1,MOVING_TO_FIELD,Field_5,1,MOVING_TO_FIELD,Field_20,1,PROTECTING,Field_4,1,MOVING_TO_FIELD,Field_1,1,MOVING_TO_FIELD,Field_20,1,PROTECTING,Field_9,1,MOVING_TO_FIELD,Field_1,1,MOVING_TO_FIELD,Field_4,1,MOVING_TO_FIELD,Field_20,1,MOVING_TO_FIELD,Field_1,12,0.06,0,4,4,18,0.10,0,2,2,5,0.09,4,0,0,15,0.10,4,6,0,4,0.02,6,2,-4,17,0.12,0,0,4,11,0.07,0,0,3,1,0.06,0,0,2,0,0.07,3,0,0,34,0.18,0,0,6,22,0.14,0,0,4,26,0.03,0,0,1,13,0.04,0,0,2,54,0.20,0,0,6,89,0.23,0,0,6,15,0.05,0,0,2,27,0.11,0,0,2,64,0.11,0,0,1,0,0.05,0,0,2,9,0.02,0,9,3
169,436,0,0,18,0,22,0,1,PROTECTING,Field_3,1,PROTECTING,Field_5,1,MOVING_TO_FIELD,Field_5,1,MOVING_TO_FIELD,Field_20,1,MOVING_TO_FIELD,Field_20,1,PROTECTING,Field_4,1,PROTECTING,Field_4,1,PROTECTING,Field_9,1,PROTECTING,Field_3,1,MOVING_TO_FIELD,Field_20,1,PROTECTING,Field_3,1,PROTECTING,Field_5,1,MOVING_TO_FIELD,Field_20,1,PROTECTING,Field_5,1,PROTECTING,Field_5,1,MOVING_TO_FIELD,Field_4,1,MOVING_TO_FIELD,Field_4,1,PROTECTING,Field_4,1,MOVING_TO_FIELD,Field_1,1,PROTECTING,Field_5,1,MOVING_TO_FIELD,Field_4,1,MOVING_TO_FIELD,Field_2,1,MOVING_TO_FIELD,Field_4,1,MOVING_TO_FIELD,Field_2,1,PROTECTING,Field_5,1,PROTECTING,Field_9,1,MOVING_TO_FIELD,Field_4,1,PROTECTING,Field_3,1,MOVING_TO_FIELD,Field_20,1,MOVING_TO_FIELD,Field_20,1,MOVING_TO_FIELD,Field_5,1,MOVING_TO_FIELD,Field_20,1,PROTECTING,Field_4,1,PROTECTING,Field_1,1,MOVING_TO_FIELD,Field_20,1,PROTECTING,Field_9,1,MOVING_TO_FIELD,Field_1,1,MOVING_TO_FIELD,Field_4,1,MOVING_TO_FIELD,Field_20,1,MOVING_TO_FIELD,Field_1,12,0.06,1,3,3,18,0.09,0,2,2,5,0.08,4,0,0,15,0.09,4,6,0,4,0.02,6,2,-4,17,0.11,0,0,4,11,0.07,0,0,3,1,0.06,0,0,2,0,0.07,3,0,0,34,0.18,0,0,6,22,0.14,0,0,4,26,0.09,0,0,1,13,0.05,0,0,2,54,0.18,0,0,6,89,0.24,0,0,6,15,0.05,0,0,2,27,0.11,0,0,2,64,0.11,0,0,1,0,0.03,0,0,2,9,0.02,0,9,3
170,438,0,0,18,0,22,0,1,PROTECTING,Field_3,1,PROTECTING,Field_5,1,MOVING_TO_FIELD,Field_5,1,MOVING_TO_FIELD,Field_20,1,MOVING_TO_FIELD,Field_20,1,PROTECTING,Field_4,1,PROTECTING,Field_4,1,PROTECTING,Field_9,1,PROTECTING,Field_3,1,MOVING_TO_FIELD,Field_20,1,PROTECTING,Field_3,1,PROTECTING,Field_5,1,MOVING_TO_FIELD,Field_20,1,PROTECTING,Field_5,1,PROTECTING,Field_5,1,MOVING_TO_FIELD,Field_4,1,MOVING_TO_FIELD,Field_4,1,PROTECTING,Field_4,1,MOVING_TO_FIELD,Field_1,1,PROTECTING,Field_5,1,MOVING_TO_FIELD,Field_4,1,MOVING_TO_FIELD,Field_2,1,MOVING_TO_FIELD,Field_4,1,MOVING_TO_FIELD,Field_2,1,PROTECTING,Field_5,1,PROTECTING,Field_9,1,MOVING_TO_FIELD,Field_4,1,PROTECTING,Field_3,1,MOVING_TO_FIELD,Field_20,1,MOVING_TO_FIELD,Field_20,1,MOVING_TO_FIELD,Field_5,1,MOVING_TO_FIELD,Field_20,1,PROTECTING,Field_4,1,PROTECTING,Field_1,1,MOVING_TO_FIELD,Field_20,1,PROTECTING,Field_9,1,MOVING_TO_FIELD,Field_1,1,MOVING_TO_FIELD,Field_4,1,MOVING_TO_FIELD,Field_20,1,MOVING_TO_FIELD,Field_1,12,0.08,1,3,3,18,0.08,0,2,2,5,0.08,4,0,0,15,0.08,4,6,0,4,0.02,6,2,-4,17,0.11,0,0,4,11,0.07,0,0,3,1,0.06,0,0,2,0,0.06,3,0,0,35,0.21,0,0,6,22,0.13,0,0,4,26,0.09,0,0,1,13,0.05,0,0,2,54,0.18,0,0,6,89,0.26,0,0,6,15,0.04,0,0,2,27,0.11,0,0,2,65,0.13,0,0,1,0,0.02,0,0,2,9,0.02,0,9,3
171,439,0,0,0,0,40,0,1,MOVING_TO_FIELD,Field_5,1,MOVING_TO_FIELD,Field_1,1,MOVING_TO_FIELD,Field_4,1,MOVING_TO_FIELD,Field_2,1,MOVING_TO_FIELD,Field_1,1,MOVING_TO_FIELD,Field_20,1,MOVING_TO_FIELD,Field_20,1,MOVING_TO_FIELD,Field_7,1,MOVING_TO_FIELD,Field_8,1,MOVING_TO_FIELD,Field_6,1,MOVING_TO_FIELD,Field_5,1,MOVING_TO_FIELD,Field_1,1,MOVING_TO_FIELD,Field_1,1,MOVING_TO_FIELD,Field_1,1,MOVING_TO_FIELD,Field_4,1,MOVING_TO_FIELD,Field_6,1,MOVING_TO_FIELD,Field_6,1,MOVING_TO_FIELD,Field_20,1,MOVING_TO_FIELD,Field_5,1,MOVING_TO_FIELD,Field_4,1,MOVING_TO_FIELD,Field_20,1,MOVING_TO_FIELD,Field_4,1,MOVING_TO_FIELD,Field_4,1,MOVING_TO_FIELD,Field_4,1,MOVING_TO_FIELD,Field_4,1,MOVING_TO_FIELD,Field_7,1,MOVING_TO_FIELD,Field_20,1,MOVING_TO_FIELD,Field_5,1,MOVING_TO_FIELD,Field_1,1,MOVING_TO_FIELD,Field_1,1,MOVING_TO_FIELD,Field_2,1,MOVING_TO_FIELD,Field_1,1,MOVING_TO_FIELD,Field_20,1,MOVING_TO_FIELD,Field_5,1,MOVING_TO_FIELD,Field_2,1,MOVING_TO_FIELD,Field_4,1,MOVING_TO_FIELD,Field_4,1,MOVING_TO_FIELD,Field_4,1,MOVING_TO_FIELD,Field_6,1,MOVING_TO_FIELD,Field_5,12,0.07,0,8,4,18,0.07,0,3,2,5,0.07,0,0,4,15,0.08,0,10,4,4,0.02,0,6,2,17,0.11,0,4,4,11,0.08,0,2,3,1,0.06,0,1,2,0,0.06,0,0,3,35,0.21,0,0,6,22,0.13,0,0,4,26,0.15,0,0,1,13,0.05,0,0,2,54,0.18,0,0,6,90,0.27,0,0,6,15,0.05,0,0,2,27,0.13,0,0,2,65,0.13,0,0,1,0,0.02,0,0,2,9,0.02,0,6,3
172,440,0,0,0,0,40,0,1,MOVING_TO_FIELD,Field_5,1,MOVING_TO_FIELD,Field_1,1,MOVING_TO_FIELD,Field_4,1,MOVING_TO_FIELD,Field_2,1,MOVING_TO_FIELD,Field_1,1,MOVING_TO_FIELD,Field_20,1,MOVING_TO_FIELD,Field_20,1,MOVING_TO_FIELD,Field_7,1,MOVING_TO_FIELD,Field_8,1,MOVING_TO_FIELD,Field_6,1,MOVING_TO_FIELD,Field_5,1,MOVING_TO_FIELD,Field_1,1,MOVING_TO_FIELD,Field_1,1,MOVING_TO_FIELD,Field_1,1,MOVING_TO_FIELD,Field_4,1,MOVING_TO_FIELD,Field_6,1,MOVING_TO_FIELD,Field_6,1,MOVING_TO_FIELD,Field_20,1,MOVING_TO_FIELD,Field_5,1,MOVING_TO_FIELD,Field_4,1,MOVING_TO_FIELD,Field_20,1,MOVING_TO_FIELD,Field_4,1,MOVING_TO_FIELD,Field_4,1,MOVING_TO_FIELD,Field_4,1,MOVING_TO_FIELD,Field_4,1,MOVING_TO_FIELD,Field_7,1,MOVING_TO_FIELD,Field_20,1,MOVING_TO_FIELD,Field_5,1,MOVING_TO_FIELD,Field_1,1,MOVING_TO_FIELD,Field_1,1,MOVING_TO_FIELD,Field_2,1,MOVING_TO_FIELD,Field_1,1,MOVING_TO_FIELD,Field_20,1,MOVING_TO_FIELD,Field_5,1,MOVING_TO_FIELD,Field_2,1,MOVING_TO_FIELD,Field_4,1,MOVING_TO_FIELD,Field_4,1,MOVING_TO_FIELD,Field_4,1,MOVING_TO_FIELD,Field_6,1,MOVING_TO_FIELD,Field_5,12,0.07,0,8,4,18,0.08,0,3,2,5,0.06,0,0,4,15,0.08,0,10,4,4,0.04,0,6,2,17,0.11,0,4,4,11,0.09,0,2,3,2,0.06,0,1,2,0,0.07,0,0,3,35,0.21,0,0,6,22,0.13,0,0,4,26,0.15,0,0,1,13,0.05,0,0,2,54,0.17,0,0,6,90,0.27,0,0,6,15,0.05,0,0,2,27,0.15,0,0,2,65,0.13,0,0,1,0,0.02,0,0,2,9,0.02,0,6,3
173,441,0,0,0,0,40,0,1,MOVING_TO_FIELD,Field_5,1,MOVING_TO_FIELD,Field_1,1,MOVING_TO_FIELD,Field_4,1,MOVING_TO_FIELD,Field_2,1,MOVING_TO_FIELD,Field_1,1,MOVING_TO_FIELD,Field_20,1,MOVING_TO_FIELD,Field_20,1,MOVING_TO_FIELD,Field_7,1,MOVING_TO_FIELD,Field_8,1,MOVING_TO_FIELD,Field_6,1,MOVING_TO_FIELD,Field_5,1,MOVING_TO_FIELD,Field_1,1,MOVING_TO_FIELD,Field_1,1,MOVING_TO_FIELD,Field_1,1,MOVING_TO_FIELD,Field_4,1,MOVING_TO_FIELD,Field_6,1,MOVING_TO_FIELD,Field_6,1,MOVING_TO_FIELD,Field_20,1,MOVING_TO_FIELD,Field_5,1,MOVING_TO_FIELD,Field_4,1,MOVING_TO_FIELD,Field_20,1,MOVING_TO_FIELD,Field_4,1,MOVING_TO_FIELD,Field_4,1,MOVING_TO_FIELD,Field_4,1,MOVING_TO_FIELD,Field_4,1,MOVING_TO_FIELD,Field_7,1,MOVING_TO_FIELD,Field_20,1,MOVING_TO_FIELD,Field_5,1,MOVING_TO_FIELD,Field_1,1,MOVING_TO_FIELD,Field_1,1,MOVING_TO_FIELD,Field_2,1,MOVING_TO_FIELD,Field_1,1,MOVING_TO_FIELD,Field_20,1,MOVING_TO_FIELD,Field_5,1,MOVING_TO_FIELD,Field_2,1,MOVING_TO_FIELD,Field_4,1,MOVING_TO_FIELD,Field_4,1,MOVING_TO_FIELD,Field_4,1,MOVING_TO_FIELD,Field_6,1,MOVING_TO_FIELD,Field_5,12,0.08,0,8,4,18,0.08,0,3,2,5,0.05,0,0,4,15,0.06,0,10,4,4,0.04,0,6,2,17,0.11,0,4,4,11,0.09,0,2,3,2,0.06,0,1,2,0,0.08,0,0,3,36,0.22,0,0,6,22,0.13,0,0,4,26,0.15,0,0,1,13,0.05,0,0,2,54,0.15,0,0,6,90,0.28,0,0,6,15,0.05,0,0,2,27,0.15,0,0,2,65,0.13,0,0,1,0,0.02,0,0,2,9,0.04,0,6,3
174,442,0,0,0,0,40,0,1,MOVING_TO_FIELD,Field_5,1,MOVING_TO_FIELD,Field_1,1,MOVING_TO_FIELD,Field_4,1,MOVING_TO_FIELD,Field_2,1,MOVING_TO_FIELD,Field_1,1,MOVING_TO_FIELD,Field_20,1,MOVING_TO_FIELD,Field_20,1,MOVING_TO_FIELD,Field_7,1,MOVING_TO_FIELD,Field_8,1,MOVING_TO_FIELD,Field_6,1,MOVING_TO_FIELD,Field_5,1,MOVING_TO_FIELD,Field_1,1,MOVING_TO_FIELD,Field_1,1,MOVING_TO_FIELD,Field_1,1,MOVING_TO_FIELD,Field_4,1,MOVING_TO_FIELD,Field_6,1,MOVING_TO_FIELD,Field_6,1,MOVING_TO_FIELD,Field_20,1,MOVING_TO_FIELD,Field_5,1,MOVING_TO_FIELD,Field_4,1,MOVING_TO_FIELD,Field_20,1,MOVING_TO_FIELD,Field_4,1,MOVING_TO_FIELD,Field_4,1,MOVING_TO_FIELD,Field_4,1,MOVING_TO_FIELD,Field_4,1,MOVING_TO_FIELD,Field_7,1,MOVING_TO_FIELD,Field_20,1,MOVING_TO_FIELD,Field_5,1,MOVING_TO_FIELD,Field_1,1,MOVING_TO_FIELD,Field_1,1,MOVING_TO_FIELD,Field_2,1,MOVING_TO_FIELD,Field_1,1,MOVING_TO_FIELD,Field_20,1,MOVING_TO_FIELD,Field_5,1,MOVING_TO_FIELD,Field_2,1,MOVING_TO_FIELD,Field_4,1,MOVING_TO_FIELD,Field_4,1,MOVING_TO_FIELD,Field_4,1,MOVING_TO_FIELD,Field_6,1,MOVING_TO_FIELD,Field_5,12,0.08,0,8,4,18,0.08,0,3,2,5,0.05,0,0,4,15,0.04,0,10,4,4,0.04,0,6,2,17,0.11,0,4,4,11,0.09,0,2,3,2,0.06,0,1,2,0,0.07,0,0,3,36,0.23,0,0,6,22,0.12,0,0,4,26,0.15,0,0,1,13,0.05,0,0,2,54,0.15,0,0,6,91,0.28,0,0,6,15,0.05,0,0,2,27,0.15,0,0,2,65,0.13,0,0,1,0,0.02,0,0,2,9,0.04,0,6,3
175,443,0,0,0,0,40,0,1,MOVING_TO_FIELD,Field_5,1,MOVING_TO_FIELD,Field_1,1,MOVING_TO_FIELD,Field_4,1,MOVING_TO_FIELD,Field_2,1,MOVING_TO_FIELD,Field_1,1,MOVING_TO_FIELD,Field_20,1,MOVING_TO_FIELD,Field_20,1,MOVING_TO_FIELD,Field_7,1,MOVING_TO_FIELD,Field_8,1,MOVING_TO_FIELD,Field_6,1,MOVING_TO_FIELD,Field_5,1,MOVING_TO_FIELD,Field_1,1,MOVING_TO_FIELD,Field_1,1,MOVING_TO_FIELD,Field_1,1,MOVING_TO_FIELD,Field_4,1,MOVING_TO_FIELD,Field_6,1,MOVING_TO_FIELD,Field_6,1,MOVING_TO_FIELD,Field_20,1,MOVING_TO_FIELD,Field_5,1,MOVING_TO_FIELD,Field_4,1,MOVING_TO_FIELD,Field_20,1,MOVING_TO_FIELD,Field_4,1,MOVING_TO_FIELD,Field_4,1,MOVING_TO_FIELD,Field_4,1,MOVING_TO_FIELD,Field_4,1,MOVING_TO_FIELD,Field_7,1,MOVING_TO_FIELD,Field_20,1,MOVING_TO_FIELD,Field_5,1,MOVING_TO_FIELD,Field_1,1,MOVING_TO_FIELD,Field_1,1,MOVING_TO_FIELD,Field_2,1,MOVING_TO_FIELD,Field_1,1,MOVING_TO_FIELD,Field_20,1,MOVING_TO_FIELD,Field_5,1,MOVING_TO_FIELD,Field_2,1,MOVING_TO_FIELD,Field_4,1,MOVING_TO_FIELD,Field_4,1,MOVING_TO_FIELD,Field_4,1,MOVING_TO_FIELD,Field_6,1,MOVING_TO_FIELD,Field_5,12,0.08,0,8,4,18,0.09,0,3,2,5,0.05,0,0,4,15,0.04,0,10,4,4,0.05,0,6,2,17,0.11,0,4,4,11,0.09,0,2,3,2,0.06,0,1,2,0,0.04,0,0,3,36,0.24,0,0,6,22,0.14,0,0,4,27,0.15,0,0,1,13,0.05,0,0,2,54,0.14,0,0,6,91,0.28,0,0,6,15,0.06,0,0,2,27,0.13,0,0,2,65,0.13,0,0,1,0,0.02,0,0,2,9,0.04,0,6,3
176,445,0,0,0,0,40,0,1,MOVING_TO_FIELD,Field_5,1,MOVING_TO_FIELD,Field_1,1,MOVING_TO_FIELD,Field_4,1,MOVING_TO_FIELD,Field_2,1,MOVING_TO_FIELD,Field_1,1,MOVING_TO_FIELD,Field_20,1,MOVING_TO_FIELD,Field_20,1,MOVING_TO_FIELD,Field_7,1,MOVING_TO_FIELD,Field_8,1,MOVING_TO_FIELD,Field_6,1,MOVING_TO_FIELD,Field_5,1,MOVING_TO_FIELD,Field_1,1,MOVING_TO_FIELD,Field_1,1,MOVING_TO_FIELD,Field_1,1,MOVING_TO_FIELD,Field_4,1,MOVING_TO_FIELD,Field_6,1,MOVING_TO_FIELD,Field_6,1,MOVING_TO_FIELD,Field_20,1,MOVING_TO_FIELD,Field_5,1,MOVING_TO_FIELD,Field_4,1,MOVING_TO_FIELD,Field_20,1,MOVING_TO_FIELD,Field_4,1,MOVING_TO_FIELD,Field_4,1,MOVING_TO_FIELD,Field_4,1,MOVING_TO_FIELD,Field_4,1,MOVING_TO_FIELD,Field_7,1,MOVING_TO_FIELD,Field_20,1,MOVING_TO_FIELD,Field_5,1,MOVING_TO_FIELD,Field_1,1,MOVING_TO_FIELD,Field_1,1,MOVING_TO_FIELD,Field_2,1,MOVING_TO_FIELD,Field_1,1,MOVING_TO_FIELD,Field_20,1,MOVING_TO_FIELD,Field_5,1,MOVING_TO_FIELD,Field_2,1,MOVING_TO_FIELD,Field_4,1,MOVING_TO_FIELD,Field_4,1,MOVING_TO_FIELD,Field_4,1,MOVING_TO_FIELD,Field_6,1,MOVING_TO_FIELD,Field_5,12,0.08,0,8,4,18,0.11,0,3,2,5,0.05,0,0,4,15,0.04,0,10,4,4,0.05,0,6,2,17,0.11,0,4,4,11,0.09,0,2,3,2,0.04,0,1,2,0,0.04,0,0,3,37,0.24,0,0,6,22,0.14,0,0,4,27,0.15,0,0,1,13,0.05,0,0,2,54,0.13,0,0,6,92,0.28,0,0,6,15,0.06,0,0,2,27,0.13,0,0,2,65,0.11,0,0,1,0,0.02,0,0,2,9,0.04,0,6,3
177,448,0,0,2,0,38,0,1,MOVING_TO_FIELD,Field_5,1,MOVING_TO_FIELD,Field_1,1,MOVING_TO_FIELD,Field_4,1,MOVING_TO_FIELD,Field_2,1,MOVING_TO_FIELD,Field_1,1,MOVING_TO_FIELD,Field_20,1,MOVING_TO_FIELD,Field_20,1,PROTECTING,Field_7,1,MOVING_TO_FIELD,Field_8,1,MOVING_TO_FIELD,Field_6,1,MOVING_TO_FIELD,Field_5,1,MOVING_TO_FIELD,Field_1,1,MOVING_TO_FIELD,Field_1,1,MOVING_TO_FIELD,Field_1,1,MOVING_TO_FIELD,Field_4,1,MOVING_TO_FIELD,Field_6,1,MOVING_TO_FIELD,Field_6,1,MOVING_TO_FIELD,Field_20,1,MOVING_TO_FIELD,Field_5,1,MOVING_TO_FIELD,Field_4,1,MOVING_TO_FIELD,Field_20,1,MOVING_TO_FIELD,Field_4,1,MOVING_TO_FIELD,Field_4,1,MOVING_TO_FIELD,Field_4,1,MOVING_TO_FIELD,Field_4,1,PROTECTING,Field_7,1,MOVING_TO_FIELD,Field_20,1,MOVING_TO_FIELD,Field_5,1,MOVING_TO_FIELD,Field_1,1,MOVING_TO_FIELD,Field_1,1,MOVING_TO_FIELD,Field_2,1,MOVING_TO_FIELD,Field_1,1,MOVING_TO_FIELD,Field_20,1,MOVING_TO_FIELD,Field_5,1,MOVING_TO_FIELD,Field_2,1,MOVING_TO_FIELD,Field_4,1,MOVING_TO_FIELD,Field_4,1,MOVING_TO_FIELD,Field_4,1,MOVING_TO_FIELD,Field_6,1,MOVING_TO_FIELD,Field_5,12,0.08,0,8,4,18,0.09,0,3,2,5,0.06,0,0,4,15,0.03,0,10,4,4,0.05,0,6,2,17,0.10,0,4,4,11,0.08,2,0,1,2,0.03,0,1,2,0,0.04,0,0,3,37,0.26,0,0,6,22,0.13,0,0,4,28,0.15,0,0,1,13,0.05,0,0,2,54,0.13,0,0,6,93,0.28,0,0,6,15,0.06,0,0,2,27,0.13,0,0,2,66,0.13,0,0,1,0,0.02,0,0,2,9,0.04,0,6,3
178,450,0,0,2,0,38,0,1,MOVING_TO_FIELD,Field_5,1,MOVING_TO_FIELD,Field_1,1,MOVING_TO_FIELD,Field_4,1,MOVING_TO_FIELD,Field_2,1,MOVING_TO_FIELD,Field_1,1,MOVING_TO_FIELD,Field_20,1,MOVING_TO_FIELD,Field_20,1,PROTECTING,Field_7,1,MOVING_TO_FIELD,Field_8,1,MOVING_TO_FIELD,Field_6,1,MOVING_TO_FIELD,Field_5,1,MOVING_TO_FIELD,Field_1,1,MOVING_TO_FIELD,Field_1,1,MOVING_TO_FIELD,Field_1,1,MOVING_TO_FIELD,Field_4,1,MOVING_TO_FIELD,Field_6,1,MOVING_TO_FIELD,Field_6,1,MOVING_TO_FIELD,Field_20,1,MOVING_TO_FIELD,Field_5,1,MOVING_TO_FIELD,Field_4,1,MOVING_TO_FIELD,Field_20,1,MOVING_TO_FIELD,Field_4,1,MOVING_TO_FIELD,Field_4,1,MOVING_TO_FIELD,Field_4,1,MOVING_TO_FIELD,Field_4,1,PROTECTING,Field_7,1,MOVING_TO_FIELD,Field_20,1,MOVING_TO_FIELD,Field_5,1,MOVING_TO_FIELD,Field_1,1,MOVING_TO_FIELD,Field_1,1,MOVING_TO_FIELD,Field_2,1,MOVING_TO_FIELD,Field_1,1,MOVING_TO_FIELD,Field_20,1,MOVING_TO_FIELD,Field_5,1,MOVING_TO_FIELD,Field_2,1,MOVING_TO_FIELD,Field_4,1,MOVING_TO_FIELD,Field_4,1,MOVING_TO_FIELD,Field_4,1,MOVING_TO_FIELD,Field_6,1,MOVING_TO_FIELD,Field_5,12,0.06,0,8,4,18,0.10,0,3,2,5,0.06,0,0,4,15,0.03,0,10,4,4,0.05,0,6,2,17,0.11,0,4,4,11,0.09,2,0,1,2,0.03,0,1,2,0,0.04,0,0,3,37,0.26,0,0,6,22,0.13,0,0,4,29,0.15,0,0,1,13,0.05,0,0,2,54,0.13,0,0,6,93,0.30,0,0,6,15,0.06,0,0,2,28,0.11,0,0,2,66,0.11,0,0,1,0,0.02,0,0,2,9,0.04,0,6,3
179,451,0,0,2,0,38,0,1,MOVING_TO_FIELD,Field_5,1,MOVING_TO_FIELD,Field_1,1,MOVING_TO_FIELD,Field_4,1,MOVING_TO_FIELD,Field_2,1,MOVING_TO_FIELD,Field_1,1,MOVING_TO_FIELD,Field_20,1,MOVING_TO_FIELD,Field_20,1,PROTECTING,Field_7,1,MOVING_TO_FIELD,Field_8,1,MOVING_TO_FIELD,Field_6,1,MOVING_TO_FIELD,Field_5,1,MOVING_TO_FIELD,Field_1,1,MOVING_TO_FIELD,Field_1,1,MOVING_TO_FIELD,Field_1,1,MOVING_TO_FIELD,Field_4,1,MOVING_TO_FIELD,Field_6,1,MOVING_TO_FIELD,Field_6,1,MOVING_TO_FIELD,Field_20,1,MOVING_TO_FIELD,Field_5,1,MOVING_TO_FIELD,Field_4,1,MOVING_TO_FIELD,Field_20,1,MOVING_TO_FIELD,Field_4,1,MOVING_TO_FIELD,Field_4,1,MOVING_TO_FIELD,Field_4,1,MOVING_TO_FIELD,Field_4,1,PROTECTING,Field_7,1,MOVING_TO_FIELD,Field_20,1,MOVING_TO_FIELD,Field_5,1,MOVING_TO_FIELD,Field_1,1,MOVING_TO_FIELD,Field_1,1,MOVING_TO_FIELD,Field_2,1,MOVING_TO_FIELD,Field_1,1,MOVING_TO_FIELD,Field_20,1,MOVING_TO_FIELD,Field_5,1,MOVING_TO_FIELD,Field_2,1,MOVING_TO_FIELD,Field_4,1,MOVING_TO_FIELD,Field_4,1,MOVING_TO_FIELD,Field_4,1,MOVING_TO_FIELD,Field_6,1,MOVING_TO_FIELD,Field_5,12,0.06,0,8,4,18,0.09,0,3,2,5,0.06,0,0,4,15,0.06,0,10,4,4,0.02,0,6,2,17,0.12,0,4,4,11,0.09,2,0,1,2,0.03,0,1,2,0,0.02,0,0,3,37,0.28,0,0,6,22,0.13,0,0,4,29,0.15,0,0,1,13,0.05,0,0,2,54,0.11,0,0,6,93,0.30,0,0,6,15,0.06,0,0,2,29,0.13,0,0,2,66,0.09,0,0,1,0,0.02,0,0,2,9,0.04,0,6,3
180,452,0,0,2,0,38,0,1,MOVING_TO_FIELD,Field_5,1,MOVING_TO_FIELD,Field_1,1,MOVING_TO_FIELD,Field_4,1,MOVING_TO_FIELD,Field_2,1,MOVING_TO_FIELD,Field_1,1,MOVING_TO_FIELD,Field_20,1,MOVING_TO_FIELD,Field_20,1,PROTECTING,Field_7,1,MOVING_TO_FIELD,Field_8,1,MOVING_TO_FIELD,Field_6,1,MOVING_TO_FIELD,Field_5,1,MOVING_TO_FIELD,Field_1,1,MOVING_TO_FIELD,Field_1,1,MOVING_TO_FIELD,Field_1,1,MOVING_TO_FIELD,Field_4,1,MOVING_TO_FIELD,Field_6,1,MOVING_TO_FIELD,Field_6,1,MOVING_TO_FIELD,Field_20,1,MOVING_TO_FIELD,Field_5,1,MOVING_TO_FIELD,Field_4,1,MOVING_TO_FIELD,Field_20,1,MOVING_TO_FIELD,Field_4,1,MOVING_TO_FIELD,Field_4,1,MOVING_TO_FIELD,Field_4,1,MOVING_TO_FIELD,Field_4,1,PROTECTING,Field_7,1,MOVING_TO_FIELD,Field_20,1,MOVING_TO_FIELD,Field_5,1,MOVING_TO_FIELD,Field_1,1,MOVING_TO_FIELD,Field_1,1,MOVING_TO_FIELD,Field_2,1,MOVING_TO_FIELD,Field_1,1,MOVING_TO_FIELD,Field_20,1,MOVING_TO_FIELD,Field_5,1,MOVING_TO_FIELD,Field_2,1,MOVING_TO_FIELD,Field_4,1,MOVING_TO_FIELD,Field_4,1,MOVING_TO_FIELD,Field_4,1,MOVING_TO_FIELD,Field_6,1,MOVING_TO_FIELD,Field_5,12,0.07,0,8,4,18,0.09,0,3,2,5,0.06,0,0,4,15,0.06,0,10,4,4,0.02,0,6,2,17,0.11,0,4,4,11,0.08,2,0,1,2,0.03,0,1,2,0,0.02,0,0,3,37,0.28,0,0,6,22,0.13,0,0,4,29,0.15,0,0,1,13,0.05,0,0,2,54,0.13,0,0,6,94,0.30,0,0,6,15,0.07,0,0,2,29,0.13,0,0,2,66,0.09,0,0,1,0,0.02,0,0,2,9,0.04,0,6,3
181,454,1,0,0,0,39,0,1,MOVING_TO_FIELD,Field_1,1,MOVING_TO_FIELD,Field_5,1,MOVING_TO_FIELD,Field_2,1,MOVING_TO_FIELD,Field_6,1,MOVING_TO_FIELD,Field_4,1,MOVING_TO_FIELD,Field_20,1,MOVING_TO_FIELD,Field_8,1,MOVING_TO_FIELD,Field_20,1,MOVING_TO_FIELD,Field_1,1,IDLE,,1,MOVING_TO_FIELD,Field_1,1,MOVING_TO_FIELD,Field_1,1,MOVING_TO_FIELD,Field_5,1,MOVING_TO_FIELD,Field_1,1,MOVING_TO_FIELD,Field_7,1,MOVING_TO_FIELD,Field_4,1,MOVING_TO_FIELD,Field_4,1,MOVING_TO_FIELD,Field_20,1,MOVING_TO_FIELD,Field_5,1,MOVING_TO_FIELD,Field_7,1,MOVING_TO_FIELD,Field_6,1,MOVING_TO_FIELD,Field_7,1,MOVING_TO_FIELD,Field_20,1,MOVING_TO_FIELD,Field_7,1,MOVING_TO_FIELD,Field_1,1,MOVING_TO_FIELD,Field_20,1,MOVING_TO_FIELD,Field_7,1,MOVING_TO_FIELD,Field_1,1,MOVING_TO_FIELD,Field_1,1,MOVING_TO_FIELD,Field_5,1,MOVING_TO_FIELD,Field_2,1,MOVING_TO_FIELD,Field_4,1,MOVING_TO_FIELD,Field_6,1,MOVING_TO_FIELD,Field_5,1,MOVING_TO_FIELD,Field_2,1,MOVING_TO_FIELD,Field_20,1,MOVING_TO_FIELD,Field_4,1,MOVING_TO_FIELD,Field_6,1,MOVING_TO_FIELD,Field_4,1,MOVING_TO_FIELD,Field_5,12,0.08,0,8,4,19,0.09,0,3,2,5,0.05,0,0,4,15,0.04,0,6,4,4,0.04,0,6,2,17,0.10,0,4,4,11,0.09,0,5,3,2,0.01,0,1,2,0,0.02,0,0,3,37,0.32,0,0,6,22,0.12,0,0,4,29,0.15,0,0,1,13,0.04,0,0,2,54,0.15,0,0,6,95,0.31,0,0,6,15,0.07,0,0,2,29,0.13,0,0,2,66,0.09,0,0,1,0,0.02,0,0,2,9,0.04,0,6,3
182,456,1,0,0,0,39,0,1,MOVING_TO_FIELD,Field_1,1,MOVING_TO_FIELD,Field_5,1,MOVING_TO_FIELD,Field_2,1,MOVING_TO_FIELD,Field_6,1,MOVING_TO_FIELD,Field_4,1,MOVING_TO_FIELD,Field_20,1,MOVING_TO_FIELD,Field_8,1,MOVING_TO_FIELD,Field_20,1,MOVING_TO_FIELD,Field_1,1,IDLE,,1,MOVING_TO_FIELD,Field_1,1,MOVING_TO_FIELD,Field_1,1,MOVING_TO_FIELD,Field_5,1,MOVING_TO_FIELD,Field_1,1,MOVING_TO_FIELD,Field_7,1,MOVING_TO_FIELD,Field_4,1,MOVING_TO_FIELD,Field_4,1,MOVING_TO_FIELD,Field_20,1,MOVING_TO_FIELD,Field_5,1,MOVING_TO_FIELD,Field_7,1,MOVING_TO_FIELD,Field_6,1,MOVING_TO_FIELD,Field_7,1,MOVING_TO_FIELD,Field_20,1,MOVING_TO_FIELD,Field_7,1,MOVING_TO_FIELD,Field_1,1,MOVING_TO_FIELD,Field_20,1,MOVING_TO_FIELD,Field_7,1,MOVING_TO_FIELD,Field_1,1,MOVING_TO_FIELD,Field_1,1,MOVING_TO_FIELD,Field_5,1,MOVING_TO_FIELD,Field_2,1,MOVING_TO_FIELD,Field_4,1,MOVING_TO_FIELD,Field_6,1,MOVING_TO_FIELD,Field_5,1,MOVING_TO_FIELD,Field_2,1,MOVING_TO_FIELD,Field_20,1,MOVING_TO_FIELD,Field_4,1,MOVING_TO_FIELD,Field_6,1,MOVING_TO_FIELD,Field_4,1,MOVING_TO_FIELD,Field_5,12,0.08,0,8,4,19,0.09,0,3,2,5,0.05,0,0,4,15,0.04,0,6,4,4,0.04,0,6,2,17,0.09,0,4,4,11,0.08,0,5,3,2,0.01,0,1,2,0,0.02,0,0,3,37,0.32,0,0,6,22,0.12,0,0,4,29,0.15,0,0,1,13,0.04,0,0,2,54,0.15,0,0,6,96,0.31,0,0,6,15,0.09,0,0,2,30,0.13,0,0,2,66,0.09,0,0,1,0,0.03,0,0,2,9,0.04,0,6,3
183,457,1,0,0,0,39,0,1,MOVING_TO_FIELD,Field_1,1,MOVING_TO_FIELD,Field_5,1,MOVING_TO_FIELD,Field_2,1,MOVING_TO_FIELD,Field_6,1,MOVING_TO_FIELD,Field_4,1,MOVING_TO_FIELD,Field_20,1,MOVING_TO_FIELD,Field_8,1,MOVING_TO_FIELD,Field_20,1,MOVING_TO_FIELD,Field_1,1,IDLE,,1,MOVING_TO_FIELD,Field_1,1,MOVING_TO_FIELD,Field_1,1,MOVING_TO_FIELD,Field_5,1,MOVING_TO_FIELD,Field_1,1,MOVING_TO_FIELD,Field_7,1,MOVING_TO_FIELD,Field_4,1,MOVING_TO_FIELD,Field_4,1,MOVING_TO_FIELD,Field_20,1,MOVING_TO_FIELD,Field_5,1,MOVING_TO_FIELD,Field_7,1,MOVING_TO_FIELD,Field_6,1,MOVING_TO_FIELD,Field_7,1,MOVING_TO_FIELD,Field_20,1,MOVING_TO_FIELD,Field_7,1,MOVING_TO_FIELD,Field_1,1,MOVING_TO_FIELD,Field_20,1,MOVING_TO_FIELD,Field_7,1,MOVING_TO_FIELD,Field_1,1,MOVING_TO_FIELD,Field_1,1,MOVING_TO_FIELD,Field_5,1,MOVING_TO_FIELD,Field_2,1,MOVING_TO_FIELD,Field_4,1,MOVING_TO_FIELD,Field_6,1,MOVING_TO_FIELD,Field_5,1,MOVING_TO_FIELD,Field_2,1,MOVING_TO_FIELD,Field_20,1,MOVING_TO_FIELD,Field_4,1,MOVING_TO_FIELD,Field_6,1,MOVING_TO_FIELD,Field_4,1,MOVING_TO_FIELD,Field_5,12,0.08,0,8,4,19,0.09,0,3,2,5,0.05,0,0,4,15,0.04,0,6,4,4,0.04,0,6,2,17,0.09,0,4,4,11,0.07,0,5,3,2,0.03,0,1,2,0,0.03,0,0,3,37,0.31,0,0,6,22,0.13,0,0,4,29,0.15,0,0,1,13,0.04,0,0,2,55,0.15,0,0,6,96,0.29,0,0,6,15,0.11,0,0,2,30,0.13,0,0,2,66,0.09,0,0,1,0,0.03,0,0,2,9,0.04,0,6,3
184,460,1,0,0,0,39,0,1,MOVING_TO_FIELD,Field_1,1,MOVING_TO_FIELD,Field_5,1,MOVING_TO_FIELD,Field_2,1,MOVING_TO_FIELD,Field_6,1,MOVING_TO_FIELD,Field_4,1,MOVING_TO_FIELD,Field_20,1,MOVING_TO_FIELD,Field_8,1,MOVING_TO_FIELD,Field_20,1,MOVING_TO_FIELD,Field_1,1,IDLE,,1,MOVING_TO_FIELD,Field_1,1,MOVING_TO_FIELD,Field_1,1,MOVING_TO_FIELD,Field_5,1,MOVING_TO_FIELD,Field_1,1,MOVING_TO_FIELD,Field_7,1,MOVING_TO_FIELD,Field_4,1,MOVING_TO_FIELD,Field_4,1,MOVING_TO_FIELD,Field_20,1,MOVING_TO_FIELD,Field_5,1,MOVING_TO_FIELD,Field_7,1,MOVING_TO_FIELD,Field_6,1,MOVING_TO_FIELD,Field_7,1,MOVING_TO_FIELD,Field_20,1,MOVING_TO_FIELD,Field_7,1,MOVING_TO_FIELD,Field_1,1,MOVING_TO_FIELD,Field_20,1,MOVING_TO_FIELD,Field_7,1,MOVING_TO_FIELD,Field_1,1,MOVING_TO_FIELD,Field_1,1,MOVING_TO_FIELD,Field_5,1,MOVING_TO_FIELD,Field_2,1,MOVING_TO_FIELD,Field_4,1,MOVING_TO_FIELD,Field_6,1,MOVING_TO_FIELD,Field_5,1,MOVING_TO_FIELD,Field_2,1,MOVING_TO_FIELD,Field_20,1,MOVING_TO_FIELD,Field_4,1,MOVING_TO_FIELD,Field_6,1,MOVING_TO_FIELD,Field_4,1,MOVING_TO_FIELD,Field_5,12,0.08,0,8,4,20,0.10,0,3,2,5,0.04,0,0,4,15,0.04,0,6,4,4,0.04,0,6,2,17,0.09,0,4,4,11,0.07,0,5,3,2,0.01,0,1,2,0,0.03,0,0,3,39,0.28,0,0,6,22,0.13,0,0,4,29,0.15,0,0,1,13,0.04,0,0,2,55,0.15,0,0,6,96,0.29,0,0,6,15,0.09,0,0,2,30,0.13,0,0,2,66,0.09,0,0,1,0,0.03,0,0,2,9,0.04,0,6,3
185,460,1,0,0,0,39,0,1,MOVING_TO_FIELD,Field_1,1,MOVING_TO_FIELD,Field_5,1,MOVING_TO_FIELD,Field_2,1,MOVING_TO_FIELD,Field_6,1,MOVING_TO_FIELD,Field_4,1,MOVING_TO_FIELD,Field_20,1,MOVING_TO_FIELD,Field_8,1,MOVING_TO_FIELD,Field_20,1,MOVING_TO_FIELD,Field_1,1,IDLE,,1,MOVING_TO_FIELD,Field_1,1,MOVING_TO_FIELD,Field_1,1,MOVING_TO_FIELD,Field_5,1,MOVING_TO_FIELD,Field_1,1,MOVING_TO_FIELD,Field_7,1,MOVING_TO_FIELD,Field_4,1,MOVING_TO_FIELD,Field_4,1,MOVING_TO_FIELD,Field_20,1,MOVING_TO_FIELD,Field_5,1,MOVING_TO_FIELD,Field_7,1,MOVING_TO_FIELD,Field_6,1,MOVING_TO_FIELD,Field_7,1,MOVING_TO_FIELD,Field_20,1,MOVING_TO_FIELD,Field_7,1,MOVING_TO_FIELD,Field_1,1,MOVING_TO_FIELD,Field_20,1,MOVING_TO_FIELD,Field_7,1,MOVING_TO_FIELD,Field_1,1,MOVING_TO_FIELD,Field_1,1,MOVING_TO_FIELD,Field_5,1,MOVING_TO_FIELD,Field_2,1,MOVING_TO_FIELD,Field_4,1,MOVING_TO_FIELD,Field_6,1,MOVING_TO_FIELD,Field_5,1,MOVING_TO_FIELD,Field_2,1,MOVING_TO_FIELD,Field_20,1,MOVING_TO_FIELD,Field_4,1,MOVING_TO_FIELD,Field_6,1,MOVING_TO_FIELD,Field_4,1,MOVING_TO_FIELD,Field_5,12,0.08,0,8,4,20,0.10,0,3,2,5,0.03,0,0,4,15,0.04,0,6,4,4,0.04,0,6,2,17,0.09,0,4,4,11,0.07,0,5,3,2,0.01,0,1,2,0,0.03,0,0,3,39,0.28,0,0,6,22,0.13,0,0,4,29,0.12,0,0,1,13,0.04,0,0,2,55,0.15,0,0,6,96,0.29,0,0,6,15,0.10,0,0,2,30,0.13,0,0,2,66,0.09,0,0,1,0,0.03,0,0,2,9,0.04,0,6,3
186,460,1,0,0,0,39,0,1,MOVING_TO_FIELD,Field_1,1,MOVING_TO_FIELD,Field_5,1,MOVING_TO_FIELD,Field_2,1,MOVING_TO_FIELD,Field_6,1,MOVING_TO_FIELD,Field_4,1,MOVING_TO_FIELD,Field_20,1,MOVING_TO_FIELD,Field_8,1,MOVING_TO_FIELD,Field_20,1,MOVING_TO_FIELD,Field_1,1,IDLE,,1,MOVING_TO_FIELD,Field_1,1,MOVING_TO_FIELD,Field_1,1,MOVING_TO_FIELD,Field_5,1,MOVING_TO_FIELD,Field_1,1,MOVING_TO_FIELD,Field_7,1,MOVING_TO_FIELD,Field_4,1,MOVING_TO_FIELD,Field_4,1,MOVING_TO_FIELD,Field_20,1,MOVING_TO_FIELD,Field_5,1,MOVING_TO_FIELD,Field_7,1,MOVING_TO_FIELD,Field_6,1,MOVING_TO_FIELD,Field_7,1,MOVING_TO_FIELD,Field_20,1,MOVING_TO_FIELD,Field_7,1,MOVING_TO_FIELD,Field_1,1,MOVING_TO_FIELD,Field_20,1,MOVING_TO_FIELD,Field_7,1,MOVING_TO_FIELD,Field_1,1,MOVING_TO_FIELD,Field_1,1,MOVING_TO_FIELD,Field_5,1,MOVING_TO_FIELD,Field_2,1,MOVING_TO_FIELD,Field_4,1,MOVING_TO_FIELD,Field_6,1,MOVING_TO_FIELD,Field_5,1,MOVING_TO_FIELD,Field_2,1,MOVING_TO_FIELD,Field_20,1,MOVING_TO_FIELD,Field_4,1,MOVING_TO_FIELD,Field_6,1,MOVING_TO_FIELD,Field_4,1,MOVING_TO_FIELD,Field_5,12,0.08,0,8,4,20,0.10,0,3,2,5,0.03,0,0,4,15,0.04,0,6,4,4,0.04,0,6,2,17,0.10,0,4,4,11,0.07,0,5,3,2,0.01,0,1,2,0,0.03,0,0,3,39,0.26,0,0,6,22,0.13,0,0,4,29,0.12,0,0,1,13,0.04,0,0,2,55,0.15,0,0,6,96,0.30,0,0,6,15,0.12,0,0,2,30,0.11,0,0,2,66,0.09,0,0,1,0,0.03,0,0,2,9,0.04,0,6,3
187,463,1,0,0,0,39,0,1,MOVING_TO_FIELD,Field_1,1,MOVING_TO_FIELD,Field_5,1,MOVING_TO_FIELD,Field_2,1,MOVING_TO_FIELD,Field_6,1,MOVING_TO_FIELD,Field_4,1,MOVING_TO_FIELD,Field_20,1,MOVING_TO_FIELD,Field_8,1,MOVING_TO_FIELD,Field_20,1,MOVING_TO_FIELD,Field_1,1,IDLE,,1,MOVING_TO_FIELD,Field_1,1,MOVING_TO_FIELD,Field_1,1,MOVING_TO_FIELD,Field_5,1,MOVING_TO_FIELD,Field_1,1,MOVING_TO_FIELD,Field_7,1,MOVING_TO_FIELD,Field_4,1,MOVING_TO_FIELD,Field_4,1,MOVING_TO_FIELD,Field_20,1,MOVING_TO_FIELD,Field_5,1,MOVING_TO_FIELD,Field_7,1,MOVING_TO_FIELD,Field_6,1,MOVING_TO_FIELD,Field_7,1,MOVING_TO_FIELD,Field_20,1,MOVING_TO_FIELD,Field_7,1,MOVING_TO_FIELD,Field_1,1,MOVING_TO_FIELD,Field_20,1,MOVING_TO_FIELD,Field_7,1,MOVING_TO_FIELD,Field_1,1,MOVING_TO_FIELD,Field_1,1,MOVING_TO_FIELD,Field_5,1,MOVING_TO_FIELD,Field_2,1,MOVING_TO_FIELD,Field_4,1,MOVING_TO_FIELD,Field_6,1,MOVING_TO_FIELD,Field_5,1,MOVING_TO_FIELD,Field_2,1,MOVING_TO_FIELD,Field_20,1,MOVING_TO_FIELD,Field_4,1,MOVING_TO_FIELD,Field_6,1,MOVING_TO_FIELD,Field_4,1,MOVING_TO_FIELD,Field_5,12,0.09,0,8,4,20,0.10,0,3,2,5,0.03,0,0,4,15,0.04,0,6,4,4,0.04,0,6,2,17,0.11,0,4,4,11,0.07,0,5,3,2,0.01,0,1,2,0,0.04,0,0,3,39,0.26,0,0,6,22,0.13,0,0,4,30,0.12,0,0,1,13,0.04,0,0,2,55,0.15,0,0,6,98,0.28,0,0,6,15,0.15,0,0,2,30,0.11,0,0,2,66,0.07,0,0,1,0,0.03,0,0,2,9,0.04,0,6,3
188,464,1,0,1,0,38,0,1,MOVING_TO_FIELD,Field_1,1,MOVING_TO_FIELD,Field_5,1,MOVING_TO_FIELD,Field_2,1,MOVING_TO_FIELD,Field_6,1,MOVING_TO_FIELD,Field_4,1,MOVING_TO_FIELD,Field_20,1,MOVING_TO_FIELD,Field_8,1,MOVING_TO_FIELD,Field_20,1,MOVING_TO_FIELD,Field_1,1,IDLE,,1,MOVING_TO_FIELD,Field_1,1,MOVING_TO_FIELD,Field_1,1,MOVING_TO_FIELD,Field_5,1,MOVING_TO_FIELD,Field_1,1,MOVING_TO_FIELD,Field_7,1,MOVING_TO_FIELD,Field_4,1,MOVING_TO_FIELD,Field_4,1,MOVING_TO_FIELD,Field_20,1,MOVING_TO_FIELD,Field_5,1,MOVING_TO_FIELD,Field_7,1,MOVING_TO_FIELD,Field_6,1,MOVING_TO_FIELD,Field_7,1,MOVING_TO_FIELD,Field_20,1,MOVING_TO_FIELD,Field_7,1,MOVING_TO_FIELD,Field_1,1,MOVING_TO_FIELD,Field_20,1,PROTECTING,Field_7,1,MOVING_TO_FIELD,Field_1,1,MOVING_TO_FIELD,Field_1,1,MOVING_TO_FIELD,Field_5,1,MOVING_TO_FIELD,Field_2,1,MOVING_TO_FIELD,Field_4,1,MOVING_TO_FIELD,Field_6,1,MOVING_TO_FIELD,Field_5,1,MOVING_TO_FIELD,Field_2,1,MOVING_TO_FIELD,Field_20,1,MOVING_TO_FIELD,Field_4,1,MOVING_TO_FIELD,Field_6,1,MOVING_TO_FIELD,Field_4,1,MOVING_TO_FIELD,Field_5,12,0.09,0,8,4,20,0.11,0,3,2,5,0.03,0,0,4,15,0.06,0,6,4,4,0.04,0,6,2,17,0.11,0,4,4,11,0.06,1,4,2,2,0.01,0,1,2,0,0.04,0,0,3,39,0.26,0,0,6,22,0.13,0,0,4,30,0.09,0,0,1,13,0.04,0,0,2,55,0.15,0,0,6,98,0.29,0,0,6,15,0.16,0,0,2,30,0.11,0,0,2,67,0.07,0,0,1,0,0.05,0,0,2,9,0.04,0,6,3
189,465,1,0,1,0,38,0,1,MOVING_TO_FIELD,Field_1,1,MOVING_TO_FIELD,Field_5,1,MOVING_TO_FIELD,Field_2,1,MOVING_TO_FIELD,Field_6,1,MOVING_TO_FIELD,Field_4,1,MOVING_TO_FIELD,Field_20,1,MOVING_TO_FIELD,Field_8,1,MOVING_TO_FIELD,Field_20,1,MOVING_TO_FIELD,Field_1,1,IDLE,,1,MOVING_TO_FIELD,Field_1,1,MOVING_TO_FIELD,Field_1,1,MOVING_TO_FIELD,Field_5,1,MOVING_TO_FIELD,Field_1,1,MOVING_TO_FIELD,Field_7,1,MOVING_TO_FIELD,Field_4,1,MOVING_TO_FIELD,Field_4,1,MOVING_TO_FIELD,Field_20,1,MOVING_TO_FIELD,Field_5,1,MOVING_TO_FIELD,Field_7,1,MOVING_TO_FIELD,Field_6,1,MOVING_TO_FIELD,Field_7,1,MOVING_TO_FIELD,Field_20,1,MOVING_TO_FIELD,Field_7,1,MOVING_TO_FIELD,Field_1,1,MOVING_TO_FIELD,Field_20,1,PROTECTING,Field_7,1,MOVING_TO_FIELD,Field_1,1,MOVING_TO_FIELD,Field_1,1,MOVING_TO_FIELD,Field_5,1,MOVING_TO_FIELD,Field_2,1,MOVING_TO_FIELD,Field_4,1,MOVING_TO_FIELD,Field_6,1,MOVING_TO_FIELD,Field_5,1,MOVING_TO_FIELD,Field_2,1,MOVING_TO_FIELD,Field_20,1,MOVING_TO_FIELD,Field_4,1,MOVING_TO_FIELD,Field_6,1,MOVING_TO_FIELD,Field_4,1,MOVING_TO_FIELD,Field_5,12,0.10,0,8,4,20,0.11,0,3,2,5,0.03,0,0,4,15,0.06,0,6,4,4,0.04,0,6,2,17,0.11,0,4,4,11,0.07,1,4,2,2,0.01,0,1,2,0,0.03,0,0,3,40,0.25,0,0,6,22,0.13,0,0,4,30,0.09,0,0,1,13,0.04,0,0,2,55,0.17,0,0,6,98,0.28,0,0,6,15,0.15,0,0,2,30,0.10,0,0,2,67,0.07,0,0,1,0,0.05,0,0,2,9,0.04,0,6,3
190,467,1,0,3,0,36,0,1,MOVING_TO_FIELD,Field_1,1,PROTECTING,Field_5,1,MOVING_TO_FIELD,Field_2,1,MOVING_TO_FIELD,Field_6,1,MOVING_TO_FIELD,Field_4,1,MOVING_TO_FIELD,Field_20,1,MOVING_TO_FIELD,Field_8,1,MOVING_TO_FIELD,Field_20,1,MOVING_TO_FIELD,Field_1,1,IDLE,,1,MOVING_TO_FIELD,Field_1,1,MOVING_TO_FIELD,Field_1,1,MOVING_TO_FIELD,Field_5,1,MOVING_TO_FIELD,Field_1,1,PROTECTING,Field_7,1,MOVING_TO_FIELD,Field_4,1,MOVING_TO_FIELD,Field_4,1,MOVING_TO_FIELD,Field_20,1,MOVING_TO_FIELD,Field_5,1,MOVING_TO_FIELD,Field_7,1,MOVING_TO_FIELD,Field_6,1,MOVING_TO_FIELD,Field_7,1,MOVING_TO_FIELD,Field_20,1,MOVING_TO_FIELD,Field_7,1,MOVING_TO_FIELD,Field_1,1,MOVING_TO_FIELD,Field_20,1,PROTECTING,Field_7,1,MOVING_TO_FIELD,Field_1,1,MOVING_TO_FIELD,Field_1,1,MOVING_TO_FIELD,Field_5,1,MOVING_TO_FIELD,Field_2,1,MOVING_TO_FIELD,Field_4,1,MOVING_TO_FIELD,Field_6,1,MOVING_TO_FIELD,Field_5,1,MOVING_TO_FIELD,Field_2,1,MOVING_TO_FIELD,Field_20,1,MOVING_TO_FIELD,Field_4,1,MOVING_TO_FIELD,Field_6,1,MOVING_TO_FIELD,Field_4,1,MOVING_TO_FIELD,Field_5,12,0.10,0,8,4,20,0.11,0,3,2,5,0.04,0,0,4,15,0.08,0,6,4,4,0.04,1,5,1,17,0.12,0,4,4,11,0.07,2,3,1,2,0.01,0,1,2,0,0.03,0,0,3,40,0.24,0,0,6,22,0.13,0,0,4,30,0.09,0,0,1,13,0.04,0,0,2,55,0.17,0,0,6,99,0.26,0,0,6,16,0.14,0,0,2,30,0.10,0,0,2,67,0.07,0,0,1,0,0.05,0,0,2,9,0.04,0,6,3
191,469,0,0,4,0,36,0,1,MOVING_TO_FIELD,Field_5,1,PROTECTING,Field_5,1,MOVING_TO_FIELD,Field_2,1,MOVING_TO_FIELD,Field_4,1,MOVING_TO_FIELD,Field_4,1,MOVING_TO_FIELD,Field_1,1,MOVING_TO_FIELD,Field_8,1,MOVING_TO_FIELD,Field_1,1,MOVING_TO_FIELD,Field_4,1,MOVING_TO_FIELD,Field_4,1,MOVING_TO_FIELD,Field_5,1,MOVING_TO_FIELD,Field_5,1,MOVING_TO_FIELD,Field_8,1,MOVING_TO_FIELD,Field_5,1,PROTECTING,Field_7,1,MOVING_TO_FIELD,Field_20,1,MOVING_TO_FIELD,Field_20,1,MOVING_TO_FIELD,Field_1,1,MOVING_TO_FIELD,Field_5,1,PROTECTING,Field_7,1,MOVING_TO_FIELD,Field_4,1,MOVING_TO_FIELD,Field_20,1,MOVING_TO_FIELD,Field_6,1,MOVING_TO_FIELD,Field_20,1,MOVING_TO_FIELD,Field_4,1,MOVING_TO_FIELD,Field_1,1,PROTECTING,Field_7,1,MOVING_TO_FIELD,Field_5,1,MOVING_TO_FIELD,Field_5,1,MOVING_TO_FIELD,Field_4,1,MOVING_TO_FIELD,Field_2,1,MOVING_TO_FIELD,Field_4,1,MOVING_TO_FIELD,Field_4,1,MOVING_TO_FIELD,Field_20,1,MOVING_TO_FIELD,Field_6,1,MOVING_TO_FIELD,Field_20,1,MOVING_TO_FIELD,Field_20,1,MOVING_TO_FIELD,Field_4,1,MOVING_TO_FIELD,Field_20,1,MOVING_TO_FIELD,Field_20,12,0.10,0,4,4,20,0.11,0,2,2,5,0.03,0,0,4,15,0.08,0,10,4,4,0.04,1,7,1,17,0.12,0,2,4,11,0.06,3,0,0,2,0.03,0,2,2,0,0.03,0,0,3,41,0.23,0,0,6,22,0.14,0,0,4,30,0.09,0,0,1,13,0.04,0,0,2,55,0.18,0,0,6,99,0.27,0,0,6,17,0.15,0,0,2,30,0.11,0,0,2,67,0.07,0,0,1,0,0.03,0,0,2,9,0.04,0,9,3
192,472,0,0,4,0,36,0,1,MOVING_TO_FIELD,Field_5,1,PROTECTING,Field_5,1,MOVING_TO_FIELD,Field_2,1,MOVING_TO_FIELD,Field_4,1,MOVING_TO_FIELD,Field_4,1,MOVING_TO_FIELD,Field_1,1,MOVING_TO_FIELD,Field_8,1,MOVING_TO_FIELD,Field_1,1,MOVING_TO_FIELD,Field_4,1,MOVING_TO_FIELD,Field_4,1,MOVING_TO_FIELD,Field_5,1,MOVING_TO_FIELD,Field_5,1,MOVING_TO_FIELD,Field_8,1,MOVING_TO_FIELD,Field_5,1,PROTECTING,Field_7,1,MOVING_TO_FIELD,Field_20,1,MOVING_TO_FIELD,Field_20,1,MOVING_TO_FIELD,Field_1,1,MOVING_TO_FIELD,Field_5,1,PROTECTING,Field_7,1,MOVING_TO_FIELD,Field_4,1,MOVING_TO_FIELD,Field_20,1,MOVING_TO_FIELD,Field_6,1,MOVING_TO_FIELD,Field_20,1,MOVING_TO_FIELD,Field_4,1,MOVING_TO_FIELD,Field_1,1,PROTECTING,Field_7,1,MOVING_TO_FIELD,Field_5,1,MOVING_TO_FIELD,Field_5,1,MOVING_TO_FIELD,Field_4,1,MOVING_TO_FIELD,Field_2,1,MOVING_TO_FIELD,Field_4,1,MOVING_TO_FIELD,Field_4,1,MOVING_TO_FIELD,Field_20,1,MOVING_TO_FIELD,Field_6,1,MOVING_TO_FIELD,Field_20,1,MOVING_TO_FIELD,Field_20,1,MOVING_TO_FIELD,Field_4,1,MOVING_TO_FIELD,Field_20,1,MOVING_TO_FIELD,Field_20,12,0.10,0,4,4,20,0.10,0,2,2,5,0.04,0,0,4,15,0.08,0,10,4,4,0.04,1,7,1,18,0.13,0,2,4,11,0.07,3,0,0,2,0.04,0,2,2,0,0.03,0,0,3,43,0.24,0,0,6,22,0.16,0,0,4,30,0.06,0,0,1,13,0.04,0,0,2,55,0.18,0,0,6,99,0.26,0,0,6,17,0.14,0,0,2,30,0.11,0,0,2,67,0.07,0,0,1,0,0.03,0,0,2,9,0.04,0,9,3
193,472,0,0,4,0,36,0,1,MOVING_TO_FIELD,Field_5,1,PROTECTING,Field_5,1,MOVING_TO_FIELD,Field_2,1,MOVING_TO_FIELD,Field_4,1,MOVING_TO_FIELD,Field_4,1,MOVING_TO_FIELD,Field_1,1,MOVING_TO_FIELD,Field_8,1,MOVING_TO_FIELD,Field_1,1,MOVING_TO_FIELD,Field_4,1,MOVING_TO_FIELD,Field_4,1,MOVING_TO_FIELD,Field_5,1,MOVING_TO_FIELD,Field_5,1,MOVING_TO_FIELD,Field_8,1,MOVING_TO_FIELD,Field_5,1,PROTECTING,Field_7,1,MOVING_TO_FIELD,Field_20,1,MOVING_TO_FIELD,Field_20,1,MOVING_TO_FIELD,Field_1,1,MOVING_TO_FIELD,Field_5,1,PROTECTING,Field_7,1,MOVING_TO_FIELD,Field_4,1,MOVING_TO_FIELD,Field_20,1,MOVING_TO_FIELD,Field_6,1,MOVING_TO_FIELD,Field_20,1,MOVING_TO_FIELD,Field_4,1,MOVING_TO_FIELD,Field_1,1,PROTECTING,Field_7,1,MOVING_TO_FIELD,Field_5,1,MOVING_TO_FIELD,Field_5,1,MOVING_TO_FIELD,Field_4,1,MOVING_TO_FIELD,Field_2,1,MOVING_TO_FIELD,Field_4,1,MOVING_TO_FIELD,Field_4,1,MOVING_TO_FIELD,Field_20,1,MOVING_TO_FIELD,Field_6,1,MOVING_TO_FIELD,Field_20,1,MOVING_TO_FIELD,Field_20,1,MOVING_TO_FIELD,Field_4,1,MOVING_TO_FIELD,Field_20,1,MOVING_TO_FIELD,Field_20,12,0.09,0,4,4,20,0.09,0,2,2,5,0.03,0,0,4,15,0.08,0,10,4,4,0.04,1,7,1,18,0.14,0,2,4,11,0.08,3,0,0,2,0.04,0,2,2,0,0.03,0,0,3,43,0.24,0,0,6,22,0.17,0,0,4,30,0.06,0,0,1,13,0.05,0,0,2,55,0.18,0,0,6,99,0.25,0,0,6,17,0.16,0,0,2,30,0.13,0,0,2,67,0.07,0,0,1,0,0.03,0,0,2,9,0.02,0,9,3
194,472,0,0,4,0,36,0,1,MOVING_TO_FIELD,Field_5,1,PROTECTING,Field_5,1,MOVING_TO_FIELD,Field_2,1,MOVING_TO_FIELD,Field_4,1,MOVING_TO_FIELD,Field_4,1,MOVING_TO_FIELD,Field_1,1,MOVING_TO_FIELD,Field_8,1,MOVING_TO_FIELD,Field_1,1,MOVING_TO_FIELD,Field_4,1,MOVING_TO_FIELD,Field_4,1,MOVING_TO_FIELD,Field_5,1,MOVING_TO_FIELD,Field_5,1,MOVING_TO_FIELD,Field_8,1,MOVING_TO_FIELD,Field_5,1,PROTECTING,Field_7,1,MOVING_TO_FIELD,Field_20,1,MOVING_TO_FIELD,Field_20,1,MOVING_TO_FIELD,Field_1,1,MOVING_TO_FIELD,Field_5,1,PROTECTING,Field_7,1,MOVING_TO_FIELD,Field_4,1,MOVING_TO_FIELD,Field_20,1,MOVING_TO_FIELD,Field_6,1,MOVING_TO_FIELD,Field_20,1,MOVING_TO_FIELD,Field_4,1,MOVING_TO_FIELD,Field_1,1,PROTECTING,Field_7,1,MOVING_TO_FIELD,Field_5,1,MOVING_TO_FIELD,Field_5,1,MOVING_TO_FIELD,Field_4,1,MOVING_TO_FIELD,Field_2,1,MOVING_TO_FIELD,Field_4,1,MOVING_TO_FIELD,Field_4,1,MOVING_TO_FIELD,Field_20,1,MOVING_TO_FIELD,Field_6,1,MOVING_TO_FIELD,Field_20,1,MOVING_TO_FIELD,Field_20,1,MOVING_TO_FIELD,Field_4,1,MOVING_TO_FIELD,Field_20,1,MOVING_TO_FIELD,Field_20,12,0.08,0,4,4,20,0.07,0,2,2,5,0.03,0,0,4,15,0.08,0,10,4,4,0.04,1,7,1,18,0.14,0,2,4,11,0.08,3,0,0,2,0.04,0,2,2,0,0.06,0,0,3,43,0.24,0,0,6,22,0.17,0,0,4,30,0.06,0,0,1,13,0.07,0,0,2,55,0.20,0,0,6,99,0.25,0,0,6,17,0.14,0,0,2,30,0.13,0,0,2,67,0.07,0,0,1,0,0.03,0,0,2,9,0.02,0,9,3
195,474,0,0,4,0,36,0,1,MOVING_TO_FIELD,Field_5,1,PROTECTING,Field_5,1,MOVING_TO_FIELD,Field_2,1,MOVING_TO_FIELD,Field_4,1,MOVING_TO_FIELD,Field_4,1,MOVING_TO_FIELD,Field_1,1,MOVING_TO_FIELD,Field_8,1,MOVING_TO_FIELD,Field_1,1,MOVING_TO_FIELD,Field_4,1,MOVING_TO_FIELD,Field_4,1,MOVING_TO_FIELD,Field_5,1,MOVING_TO_FIELD,Field_5,1,MOVING_TO_FIELD,Field_8,1,MOVING_TO_FIELD,Field_5,1,PROTECTING,Field_7,1,MOVING_TO_FIELD,Field_20,1,MOVING_TO_FIELD,Field_20,1,MOVING_TO_FIELD,Field_1,1,MOVING_TO_FIELD,Field_5,1,PROTECTING,Field_7,1,MOVING_TO_FIELD,Field_4,1,MOVING_TO_FIELD,Field_20,1,MOVING_TO_FIELD,Field_6,1,MOVING_TO_FIELD,Field_20,1,MOVING_TO_FIELD,Field_4,1,MOVING_TO_FIELD,Field_1,1,PROTECTING,Field_7,1,MOVING_TO_FIELD,Field_5,1,MOVING_TO_FIELD,Field_5,1,MOVING_TO_FIELD,Field_4,1,MOVING_TO_FIELD,Field_2,1,MOVING_TO_FIELD,Field_4,1,MOVING_TO_FIELD,Field_4,1,MOVING_TO_FIELD,Field_20,1,MOVING_TO_FIELD,Field_6,1,MOVING_TO_FIELD,Field_20,1,MOVING_TO_FIELD,Field_20,1,MOVING_TO_FIELD,Field_4,1,MOVING_TO_FIELD,Field_20,1,MOVING_TO_FIELD,Field_20,12,0.08,0,4,4,20,0.07,0,2,2,5,0.03,0,0,4,15,0.08,0,10,4,4,0.04,1,7,1,18,0.14,0,2,4,11,0.09,3,0,0,2,0.06,0,2,2,0,0.04,0,0,3,45,0.24,0,0,6,22,0.17,0,0,4,30,0.06,0,0,1,13,0.09,0,0,2,55,0.20,0,0,6,99,0.25,0,0,6,17,0.15,0,0,2,30,0.13,0,0,2,67,0.07,0,0,1,0,0.03,0,0,2,9,0.02,0,9,3
196,477,0,0,4,0,36,0,1,MOVING_TO_FIELD,Field_5,1,PROTECTING,Field_5,1,MOVING_TO_FIELD,Field_2,1,MOVING_TO_FIELD,Field_4,1,MOVING_TO_FIELD,Field_4,1,MOVING_TO_FIELD,Field_1,1,MOVING_TO_FIELD,Field_8,1,MOVING_TO_FIELD,Field_1,1,MOVING_TO_FIELD,Field_4,1,MOVING_TO_FIELD,Field_4,1,MOVING_TO_FIELD,Field_5,1,MOVING_TO_FIELD,Field_5,1,MOVING_TO_FIELD,Field_8,1,MOVING_TO_FIELD,Field_5,1,PROTECTING,Field_7,1,MOVING_TO_FIELD,Field_20,1,MOVING_TO_FIELD,Field_20,1,MOVING_TO_FIELD,Field_1,1,MOVING_TO_FIELD,Field_5,1,PROTECTING,Field_7,1,MOVING_TO_FIELD,Field_4,1,MOVING_TO_FIELD,Field_20,1,MOVING_TO_FIELD,Field_6,1,MOVING_TO_FIELD,Field_20,1,MOVING_TO_FIELD,Field_4,1,MOVING_TO_FIELD,Field_1,1,PROTECTING,Field_7,1,MOVING_TO_FIELD,Field_5,1,MOVING_TO_FIELD,Field_5,1,MOVING_TO_FIELD,Field_4,1,MOVING_TO_FIELD,Field_2,1,MOVING_TO_FIELD,Field_4,1,MOVING_TO_FIELD,Field_4,1,MOVING_TO_FIELD,Field_20,1,MOVING_TO_FIELD,Field_6,1,MOVING_TO_FIELD,Field_20,1,MOVING_TO_FIELD,Field_20,1,MOVING_TO_FIELD,Field_4,1,MOVING_TO_FIELD,Field_20,1,MOVING_TO_FIELD,Field_20,12,0.07,0,4,4,20,0.07,0,2,2,5,0.03,0,0,4,15,0.09,0,10,4,4,0.04,1,7,1,19,0.12,0,2,4,11,0.09,3,0,0,2,0.06,0,2,2,0,0.03,0,0,3,45,0.23,0,0,6,22,0.17,0,0,4,30,0.06,0,0,1,13,0.07,0,0,2,55,0.20,0,0,6,99,0.26,0,0,6,18,0.15,0,0,2,30,0.13,0,0,2,68,0.09,0,0,1,0,0.03,0,0,2,9,0.02,0,9,3
197,478,0,0,4,0,36,0,1,MOVING_TO_FIELD,Field_5,1,PROTECTING,Field_5,1,MOVING_TO_FIELD,Field_2,1,MOVING_TO_FIELD,Field_4,1,MOVING_TO_FIELD,Field_4,1,MOVING_TO_FIELD,Field_1,1,MOVING_TO_FIELD,Field_8,1,MOVING_TO_FIELD,Field_1,1,MOVING_TO_FIELD,Field_4,1,MOVING_TO_FIELD,Field_4,1,MOVING_TO_FIELD,Field_5,1,MOVING_TO_FIELD,Field_5,1,MOVING_TO_FIELD,Field_8,1,MOVING_TO_FIELD,Field_5,1,PROTECTING,Field_7,1,MOVING_TO_FIELD,Field_20,1,MOVING_TO_FIELD,Field_20,1,MOVING_TO_FIELD,Field_1,1,MOVING_TO_FIELD,Field_5,1,PROTECTING,Field_7,1,MOVING_TO_FIELD,Field_4,1,MOVING_TO_FIELD,Field_20,1,MOVING_TO_FIELD,Field_6,1,MOVING_TO_FIELD,Field_20,1,MOVING_TO_FIELD,Field_4,1,MOVING_TO_FIELD,Field_1,1,PROTECTING,Field_7,1,MOVING_TO_FIELD,Field_5,1,MOVING_TO_FIELD,Field_5,1,MOVING_TO_FIELD,Field_4,1,MOVING_TO_FIELD,Field_2,1,MOVING_TO_FIELD,Field_4,1,MOVING_TO_FIELD,Field_4,1,MOVING_TO_FIELD,Field_20,1,MOVING_TO_FIELD,Field_6,1,MOVING_TO_FIELD,Field_20,1,MOVING_TO_FIELD,Field_20,1,MOVING_TO_FIELD,Field_4,1,MOVING_TO_FIELD,Field_20,1,MOVING_TO_FIELD,Field_20,12,0.08,0,4,4,20,0.07,0,2,2,5,0.03,0,0,4,15,0.08,0,10,4,4,0.04,1,7,1,19,0.11,0,2,4,11,0.08,3,0,0,2,0.06,0,2,2,0,0.03,0,0,3,45,0.23,0,0,6,22,0.16,0,0,4,30,0.06,0,0,1,13,0.07,0,0,2,55,0.20,0,0,6,99,0.26,0,0,6,18,0.14,0,0,2,31,0.13,0,0,2,68,0.09,0,0,1,0,0.02,0,0,2,9,0.02,0,9,3
198,480,0,0,4,0,36,0,1,MOVING_TO_FIELD,Field_5,1,PROTECTING,Field_5,1,MOVING_TO_FIELD,Field_2,1,MOVING_TO_FIELD,Field_4,1,MOVING_TO_FIELD,Field_4,1,MOVING_TO_FIELD,Field_1,1,MOVING_TO_FIELD,Field_8,1,MOVING_TO_FIELD,Field_1,1,MOVING_TO_FIELD,Field_4,1,MOVING_TO_FIELD,Field_4,1,MOVING_TO_FIELD,Field_5,1,MOVING_TO_FIELD,Field_5,1,MOVING_TO_FIELD,Field_8,1,MOVING_TO_FIELD,Field_5,1,PROTECTING,Field_7,1,MOVING_TO_FIELD,Field_20,1,MOVING_TO_FIELD,Field_20,1,MOVING_TO_FIELD,Field_1,1,MOVING_TO_FIELD,Field_5,1,PROTECTING,Field_7,1,MOVING_TO_FIELD,Field_4,1,MOVING_TO_FIELD,Field_20,1,MOVING_TO_FIELD,Field_6,1,MOVING_TO_FIELD,Field_20,1,MOVING_TO_FIELD,Field_4,1,MOVING_TO_FIELD,Field_1,1,PROTECTING,Field_7,1,MOVING_TO_FIELD,Field_5,1,MOVING_TO_FIELD,Field_5,1,MOVING_TO_FIELD,Field_4,1,MOVING_TO_FIELD,Field_2,1,MOVING_TO_FIELD,Field_4,1,MOVING_TO_FIELD,Field_4,1,MOVING_TO_FIELD,Field_20,1,MOVING_TO_FIELD,Field_6,1,MOVING_TO_FIELD,Field_20,1,MOVING_TO_FIELD,Field_20,1,MOVING_TO_FIELD,Field_4,1,MOVING_TO_FIELD,Field_20,1,MOVING_TO_FIELD,Field_20,12,0.08,0,4,4,20,0.04,0,2,2,5,0.03,0,0,4,15,0.08,0,10,4,4,0.04,1,7,1,19,0.12,0,2,4,11,0.06,3,0,0,2,0.06,0,2,2,0,0.03,0,0,3,45,0.22,0,0,6,22,0.16,0,0,4,30,0.06,0,0,1,13,0.07,0,0,2,55,0.20,0,0,6,100,0.26,0,0,6,18,0.12,0,0,2,32,0.13,0,0,2,68,0.11,0,0,1,0,0.02,0,0,2,9,0.02,0,9,3
199,482,0,0,8,0,32,0,1,MOVING_TO_FIELD,Field_5,1,PROTECTING,Field_5,1,MOVING_TO_FIELD,Field_2,1,MOVING_TO_FIELD,Field_4,1,PROTECTING,Field_4,1,MOVING_TO_FIELD,Field_1,1,PROTECTING,Field_8,1,MOVING_TO_FIELD,Field_1,1,MOVING_TO_FIELD,Field_4,1,MOVING_TO_FIELD,Field_4,1,MOVING_TO_FIELD,Field_5,1,MOVING_TO_FIELD,Field_5,1,MOVING_TO_FIELD,Field_8,1,MOVING_TO_FIELD,Field_5,1,PROTECTING,Field_7,1,MOVING_TO_FIELD,Field_20,1,MOVING_TO_FIELD,Field_20,1,MOVING_TO_FIELD,Field_1,1,PROTECTING,Field_5,1,PROTECTING,Field_7,1,MOVING_TO_FIELD,Field_4,1,MOVING_TO_FIELD,Field_20,1,MOVING_TO_FIELD,Field_6,1,MOVING_TO_FIELD,Field_20,1,MOVING_TO_FIELD,Field_4,1,MOVING_TO_FIELD,Field_1,1,PROTECTING,Field_7,1,MOVING_TO_FIELD,Field_5,1,MOVING_TO_FIELD,Field_5,1,MOVING_TO_FIELD,Field_4,1,PROTECTING,Field_2,1,MOVING_TO_FIELD,Field_4,1,MOVING_TO_FIELD,Field_4,1,MOVING_TO_FIELD,Field_20,1,MOVING_TO_FIELD,Field_6,1,MOVING_TO_FIELD,Field_20,1,MOVING_TO_FIELD,Field_20,1,MOVING_TO_FIELD,Field_4,1,MOVING_TO_FIELD,Field_20,1,MOVING_TO_FIELD,Field_20,12,0.08,0,4,4,20,0.05,1,1,1,5,0.04,0,0,4,15,0.08,1,9,3,4,0.04,2,6,0,19,0.12,0,2,4,11,0.06,3,0,0,2,0.06,1,1,1,0,0.03,0,0,3,45,0.20,0,0,6,22,0.20,0,0,4,30,0.06,0,0,1,13,0.07,0,0,2,55,0.20,0,0,6,100,0.23,0,0,6,19,0.14,0,0,2,32,0.11,0,0,2,69,0.11,0,0,1,0,0.03,0,0,2,9,0.02,0,9,3
200,483,0,0,9,0,31,0,1,MOVING_TO_FIELD,Field_5,1,PROTECTING,Field_5,1,MOVING_TO_FIELD,Field_2,1,MOVING_TO_FIELD,Field_4,1,PROTECTING,Field_4,1,MOVING_TO_FIELD,Field_1,1,PROTECTING,Field_8,1,MOVING_TO_FIELD,Field_1,1,MOVING_TO_FIELD,Field_4,1,MOVING_TO_FIELD,Field_4,1,MOVING_TO_FIELD,Field_5,1,MOVING_TO_FIELD,Field_5,1,MOVING_TO_FIELD,Field_8,1,MOVING_TO_FIELD,Field_5,1,PROTECTING,Field_7,1,MOVING_TO_FIELD,Field_20,1,MOVING_TO_FIELD,Field_20,1,MOVING_TO_FIELD,Field_1,1,PROTECTING,Field_5,1,PROTECTING,Field_7,1,MOVING_TO_FIELD,Field_4,1,MOVING_TO_FIELD,Field_20,1,MOVING_TO_FIELD,Field_6,1,MOVING_TO_FIELD,Field_20,1,MOVING_TO_FIELD,Field_4,1,MOVING_TO_FIELD,Field_1,1,PROTECTING,Field_7,1,MOVING_TO_FIELD,Field_5,1,MOVING_TO_FIELD,Field_5,1,MOVING_TO_FIELD,Field_4,1,PROTECTING,Field_2,1,MOVING_TO_FIELD,Field_4,1,MOVING_TO_FIELD,Field_4,1,MOVING_TO_FIELD,Field_20,1,MOVING_TO_FIELD,Field_6,1,MOVING_TO_FIELD,Field_20,1,MOVING_TO_FIELD,Field_20,1,PROTECTING,Field_4,1,MOVING_TO_FIELD,Field_20,1,MOVING_TO_FIELD,Field_20,12,0.08,0,4,4,20,0.08,1,1,1,5,0.07,0,0,4,15,0.09,2,8,2,4,0.04,2,6,0,19,0.10,0,2,4,11,0.05,3,0,0,2,0.06,1,1,1,0,0.04,0,0,3,45,0.21,0,0,6,22,0.21,0,0,4,30,0.06,0,0,1,13,0.07,0,0,2,55,0.20,0,0,6,101,0.22,0,0,6,19,0.11,0,0,2,32,0.11,0,0,2,69,0.15,0,0,1,0,0.03,0,0,2,9,0.02,0,9,3
201,484,0,0,1,0,39,0,1,MOVING_TO_FIELD,Field_5,1,MOVING_TO_FIELD,Field_1,1,MOVING_TO_FIELD,Field_4,1,MOVING_TO_FIELD,Field_4,1,MOVING_TO_FIELD,Field_6,1,MOVING_TO_FIELD,Field_5,1,MOVING_TO_FIELD,Field_2,1,MOVING_TO_FIELD,Field_4,1,MOVING_TO_FIELD,Field_6,1,MOVING_TO_FIELD,Field_20,1,MOVING_TO_FIELD,Field_5,1,MOVING_TO_FIELD,Field_5,1,MOVING_TO_FIELD,Field_1,1,MOVING_TO_FIELD,Field_1,1,MOVING_TO_FIELD,Field_4,1,MOVING_TO_FIELD,Field_6,1,MOVING_TO_FIELD,Field_6,1,MOVING_TO_FIELD,Field_4,1,MOVING_TO_FIELD,Field_1,1,MOVING_TO_FIELD,Field_4,1,MOVING_TO_FIELD,Field_20,1,MOVING_TO_FIELD,Field_6,1,MOVING_TO_FIELD,Field_4,1,MOVING_TO_FIELD,Field_4,1,MOVING_TO_FIELD,Field_20,1,MOVING_TO_FIELD,Field_5,1,PROTECTING,Field_7,1,MOVING_TO_FIELD,Field_1,1,MOVING_TO_FIELD,Field_5,1,MOVING_TO_FIELD,Field_6,1,MOVING_TO_FIELD,Field_4,1,MOVING_TO_FIELD,Field_20,1,MOVING_TO_FIELD,Field_20,1,MOVING_TO_FIELD,Field_1,1,MOVING_TO_FIELD,Field_4,1,MOVING_TO_FIELD,Field_1,1,MOVING_TO_FIELD,Field_7,1,MOVING_TO_FIELD,Field_8,1,MOVING_TO_FIELD,Field_20,1,MOVING_TO_FIELD,Field_1,12,0.08,0,8,4,20,0.08,0,1,2,5,0.07,0,0,4,15,0.10,0,10,4,4,0.04,0,6,2,19,0.11,0,6,4,11,0.05,1,1,2,2,0.06,0,1,2,0,0.03,0,0,3,45,0.21,0,0,6,22,0.22,0,0,4,30,0.06,0,0,1,13,0.07,0,0,2,55,0.20,0,0,6,102,0.22,0,0,6,19,0.10,0,0,2,32,0.11,0,0,2,69,0.15,0,0,1,0,0.03,0,0,2,9,0.02,0,6,3
202,486,0,0,1,0,39,0,1,MOVING_TO_FIELD,Field_5,1,MOVING_TO_FIELD,Field_1,1,MOVING_TO_FIELD,Field_4,1,MOVING_TO_FIELD,Field_4,1,MOVING_TO_FIELD,Field_6,1,MOVING_TO_FIELD,Field_5,1,MOVING_TO_FIELD,Field_2,1,MOVING_TO_FIELD,Field_4,1,MOVING_TO_FIELD,Field_6,1,MOVING_TO_FIELD,Field_20,1,MOVING_TO_FIELD,Field_5,1,MOVING_TO_FIELD,Field_5,1,MOVING_TO_FIELD,Field_1,1,MOVING_TO_FIELD,Field_1,1,MOVING_TO_FIELD,Field_4,1,MOVING_TO_FIELD,Field_6,1,MOVING_TO_FIELD,Field_6,1,MOVING_TO_FIELD,Field_4,1,MOVING_TO_FIELD,Field_1,1,MOVING_TO_FIELD,Field_4,1,MOVING_TO_FIELD,Field_20,1,MOVING_TO_FIELD,Field_6,1,MOVING_TO_FIELD,Field_4,1,MOVING_TO_FIELD,Field_4,1,MOVING_TO_FIELD,Field_20,1,MOVING_TO_FIELD,Field_5,1,PROTECTING,Field_7,1,MOVING_TO_FIELD,Field_1,1,MOVING_TO_FIELD,Field_5,1,MOVING_TO_FIELD,Field_6,1,MOVING_TO_FIELD,Field_4,1,MOVING_TO_FIELD,Field_20,1,MOVING_TO_FIELD,Field_20,1,MOVING_TO_FIELD,Field_1,1,MOVING_TO_FIELD,Field_4,1,MOVING_TO_FIELD,Field_1,1,MOVING_TO_FIELD,Field_7,1,MOVING_TO_FIELD,Field_8,1,MOVING_TO_FIELD,Field_20,1,MOVING_TO_FIELD,Field_1,12,0.08,0,8,4,20,0.07,0,1,2,5,0.08,0,0,4,15,0.10,0,10,4,4,0.04,0,6,2,19,0.11,0,6,4,11,0.05,1,1,2,2,0.06,0,1,2,0,0.03,0,0,3,45,0.22,0,0,6,22,0.22,0,0,4,30,0.06,0,0,1,13,0.07,0,0,2,55,0.20,0,0,6,104,0.22,0,0,6,19,0.09,0,0,2,32,0.11,0,0,2,69,0.13,0,0,1,0,0.03,0,0,2,9,0.02,0,6,3
203,486,0,0,1,0,39,0,1,MOVING_TO_FIELD,Field_5,1,MOVING_TO_FIELD,Field_1,1,MOVING_TO_FIELD,Field_4,1,MOVING_TO_FIELD,Field_4,1,MOVING_TO_FIELD,Field_6,1,MOVING_TO_FIELD,Field_5,1,MOVING_TO_FIELD,Field_2,1,MOVING_TO_FIELD,Field_4,1,MOVING_TO_FIELD,Field_6,1,MOVING_TO_FIELD,Field_20,1,MOVING_TO_FIELD,Field_5,1,MOVING_TO_FIELD,Field_5,1,MOVING_TO_FIELD,Field_1,1,MOVING_TO_FIELD,Field_1,1,MOVING_TO_FIELD,Field_4,1,MOVING_TO_FIELD,Field_6,1,MOVING_TO_FIELD,Field_6,1,MOVING_TO_FIELD,Field_4,1,MOVING_TO_FIELD,Field_1,1,MOVING_TO_FIELD,Field_4,1,MOVING_TO_FIELD,Field_20,1,MOVING_TO_FIELD,Field_6,1,MOVING_TO_FIELD,Field_4,1,MOVING_TO_FIELD,Field_4,1,MOVING_TO_FIELD,Field_20,1,MOVING_TO_FIELD,Field_5,1,PROTECTING,Field_7,1,MOVING_TO_FIELD,Field_1,1,MOVING_TO_FIELD,Field_5,1,MOVING_TO_FIELD,Field_6,1,MOVING_TO_FIELD,Field_4,1,MOVING_TO_FIELD,Field_20,1,MOVING_TO_FIELD,Field_20,1,MOVING_TO_FIELD,Field_1,1,MOVING_TO_FIELD,Field_4,1,MOVING_TO_FIELD,Field_1,1,MOVING_TO_FIELD,Field_7,1,MOVING_TO_FIELD,Field_8,1,MOVING_TO_FIELD,Field_20,1,MOVING_TO_FIELD,Field_1,12,0.08,0,8,4,20,0.07,0,1,2,5,0.08,0,0,4,15,0.11,0,10,4,4,0.04,0,6,2,19,0.13,0,6,4,11,0.04,1,1,2,2,0.06,0,1,2,0,0.03,0,0,3,45,0.22,0,0,6,22,0.24,0,0,4,30,0.03,0,0,1,13,0.05,0,0,2,55,0.21,0,0,6,104,0.22,0,0,6,19,0.07,0,0,2,32,0.11,0,0,2,69,0.15,0,0,1,0,0.03,0,0,2,9,0.02,0,6,3
204,489,0,0,1,0,39,0,1,MOVING_TO_FIELD,Field_5,1,MOVING_TO_FIELD,Field_1,1,MOVING_TO_FIELD,Field_4,1,MOVING_TO_FIELD,Field_4,1,MOVING_TO_FIELD,Field_6,1,MOVING_TO_FIELD,Field_5,1,MOVING_TO_FIELD,Field_2,1,MOVING_TO_FIELD,Field_4,1,MOVING_TO_FIELD,Field_6,1,MOVING_TO_FIELD,Field_20,1,MOVING_TO_FIELD,Field_5,1,MOVING_TO_FIELD,Field_5,1,MOVING_TO_FIELD,Field_1,1,MOVING_TO_FIELD,Field_1,1,MOVING_TO_FIELD,Field_4,1,MOVING_TO_FIELD,Field_6,1,MOVING_TO_FIELD,Field_6,1,MOVING_TO_FIELD,Field_4,1,MOVING_TO_FIELD,Field_1,1,MOVING_TO_FIELD,Field_4,1,MOVING_TO_FIELD,Field_20,1,MOVING_TO_FIELD,Field_6,1,MOVING_TO_FIELD,Field_4,1,MOVING_TO_FIELD,Field_4,1,MOVING_TO_FIELD,Field_20,1,MOVING_TO_FIELD,Field_5,1,PROTECTING,Field_7,1,MOVING_TO_FIELD,Field_1,1,MOVING_TO_FIELD,Field_5,1,MOVING_TO_FIELD,Field_6,1,MOVING_TO_FIELD,Field_4,1,MOVING_TO_FIELD,Field_20,1,MOVING_TO_FIELD,Field_20,1,MOVING_TO_FIELD,Field_1,1,MOVING_TO_FIELD,Field_4,1,MOVING_TO_FIELD,Field_1,1,MOVING_TO_FIELD,Field_7,1,MOVING_TO_FIELD,Field_8,1,MOVING_TO_FIELD,Field_20,1,MOVING_TO_FIELD,Field_1,12,0.08,0,8,4,20,0.05,0,1,2,5,0.08,0,0,4,15,0.11,0,10,4,4,0.02,0,6,2,19,0.13,0,6,4,11,0.04,1,1,2,2,0.07,0,1,2,0,0.03,0,0,3,45,0.22,0,0,6,23,0.24,0,0,4,30,0.03,0,0,1,13,0.07,0,0,2,55,0.21,0,0,6,105,0.21,0,0,6,19,0.07,0,0,2,32,0.11,0,0,2,70,0.15,0,0,1,0,0.03,0,0,2,9,0.02,0,6,3
205,489,0,0,1,0,39,0,1,MOVING_TO_FIELD,Field_5,1,MOVING_TO_FIELD,Field_1,1,MOVING_TO_FIELD,Field_4,1,MOVING_TO_FIELD,Field_4,1,MOVING_TO_FIELD,Field_6,1,MOVING_TO_FIELD,Field_5,1,MOVING_TO_FIELD,Field_2,1,MOVING_TO_FIELD,Field_4,1,MOVING_TO_FIELD,Field_6,1,MOVING_TO_FIELD,Field_20,1,MOVING_TO_FIELD,Field_5,1,MOVING_TO_FIELD,Field_5,1,MOVING_TO_FIELD,Field_1,1,MOVING_TO_FIELD,Field_1,1,MOVING_TO_FIELD,Field_4,1,MOVING_TO_FIELD,Field_6,1,MOVING_TO_FIELD,Field_6,1,MOVING_TO_FIELD,Field_4,1,MOVING_TO_FIELD,Field_1,1,MOVING_TO_FIELD,Field_4,1,MOVING_TO_FIELD,Field_20,1,MOVING_TO_FIELD,Field_6,1,MOVING_TO_FIELD,Field_4,1,MOVING_TO_FIELD,Field_4,1,MOVING_TO_FIELD,Field_20,1,MOVING_TO_FIELD,Field_5,1,PROTECTING,Field_7,1,MOVING_TO_FIELD,Field_1,1,MOVING_TO_FIELD,Field_5,1,MOVING_TO_FIELD,Field_6,1,MOVING_TO_FIELD,Field_4,1,MOVING_TO_FIELD,Field_20,1,MOVING_TO_FIELD,Field_20,1,MOVING_TO_FIELD,Field_1,1,MOVING_TO_FIELD,Field_4,1,MOVING_TO_FIELD,Field_1,1,MOVING_TO_FIELD,Field_7,1,MOVING_TO_FIELD,Field_8,1,MOVING_TO_FIELD,Field_20,1,MOVING_TO_FIELD,Field_1,12,0.08,0,8,4,20,0.05,0,1,2,5,0.07,0,0,4,15,0.10,0,10,4,4,0.02,0,6,2,19,0.13,0,6,4,11,0.04,1,1,2,2,0.07,0,1,2,0,0.04,0,0,3,45,0.21,0,0,6,23,0.25,0,0,4,30,0.09,0,0,1,13,0.07,0,0,2,55,0.20,0,0,6,105,0.21,0,0,6,19,0.06,0,0,2,32,0.10,0,0,2,70,0.13,0,0,1,0,0.05,0,0,2,9,0.04,0,6,3
206,492,0,0,1,0,39,0,1,MOVING_TO_FIELD,Field_5,1,MOVING_TO_FIELD,Field_1,1,MOVING_TO_FIELD,Field_4,1,MOVING_TO_FIELD,Field_4,1,MOVING_TO_FIELD,Field_6,1,MOVING_TO_FIELD,Field_5,1,MOVING_TO_FIELD,Field_2,1,MOVING_TO_FIELD,Field_4,1,MOVING_TO_FIELD,Field_6,1,MOVING_TO_FIELD,Field_20,1,MOVING_TO_FIELD,Field_5,1,MOVING_TO_FIELD,Field_5,1,MOVING_TO_FIELD,Field_1,1,MOVING_TO_FIELD,Field_1,1,MOVING_TO_FIELD,Field_4,1,MOVING_TO_FIELD,Field_6,1,MOVING_TO_FIELD,Field_6,1,MOVING_TO_FIELD,Field_4,1,MOVING_TO_FIELD,Field_1,1,MOVING_TO_FIELD,Field_4,1,MOVING_TO_FIELD,Field_20,1,MOVING_TO_FIELD,Field_6,1,MOVING_TO_FIELD,Field_4,1,MOVING_TO_FIELD,Field_4,1,MOVING_TO_FIELD,Field_20,1,MOVING_TO_FIELD,Field_5,1,PROTECTING,Field_7,1,MOVING_TO_FIELD,Field_1,1,MOVING_TO_FIELD,Field_5,1,MOVING_TO_FIELD,Field_6,1,MOVING_TO_FIELD,Field_4,1,MOVING_TO_FIELD,Field_20,1,MOVING_TO_FIELD,Field_20,1,MOVING_TO_FIELD,Field_1,1,MOVING_TO_FIELD,Field_4,1,MOVING_TO_FIELD,Field_1,1,MOVING_TO_FIELD,Field_7,1,MOVING_TO_FIELD,Field_8,1,MOVING_TO_FIELD,Field_20,1,MOVING_TO_FIELD,Field_1,12,0.08,0,8,4,20,0.07,0,1,2,5,0.07,0,0,4,15,0.08,0,10,4,4,0.02,0,6,2,19,0.13,0,6,4,11,0.05,1,1,2,2,0.09,0,1,2,0,0.06,0,0,3,45,0.22,0,0,6,23,0.26,0,0,4,30,0.09,0,0,1,13,0.07,0,0,2,55,0.20,0,0,6,108,0.20,0,0,6,19,0.06,0,0,2,32,0.10,0,0,2,70,0.11,0,0,1,0,0.05,0,0,2,9,0.04,0,6,3
207,493,0,0,3,0,37,0,1,PROTECTING,Field_5,1,MOVING_TO_FIELD,Field_1,1,MOVING_TO_FIELD,Field_4,1,PROTECTING,Field_4,1,MOVING_TO_FIELD,Field_6,1,MOVING_TO_FIELD,Field_5,1,MOVING_TO_FIELD,Field_2,1,MOVING_TO_FIELD,Field_4,1,MOVING_TO_FIELD,Field_6,1,MOVING_TO_FIELD,Field_20,1,MOVING_TO_FIELD,Field_5,1,MOVING_TO_FIELD,Field_5,1,MOVING_TO_FIELD,Field_1,1,MOVING_TO_FIELD,Field_1,1,MOVING_TO_FIELD,Field_4,1,MOVING_TO_FIELD,Field_6,1,MOVING_TO_FIELD,Field_6,1,MOVING_TO_FIELD,Field_4,1,MOVING_TO_FIELD,Field_1,1,MOVING_TO_FIELD,Field_4,1,MOVING_TO_FIELD,Field_20,1,MOVING_TO_FIELD,Field_6,1,MOVING_TO_FIELD,Field_4,1,MOVING_TO_FIELD,Field_4,1,MOVING_TO_FIELD,Field_20,1,MOVING_TO_FIELD,Field_5,1,PROTECTING,Field_7,1,MOVING_TO_FIELD,Field_1,1,MOVING_TO_FIELD,Field_5,1,MOVING_TO_FIELD,Field_6,1,MOVING_TO_FIELD,Field_4,1,MOVING_TO_FIELD,Field_20,1,MOVING_TO_FIELD,Field_20,1,MOVING_TO_FIELD,Field_1,1,MOVING_TO_FIELD,Field_4,1,MOVING_TO_FIELD,Field_1,1,MOVING_TO_FIELD,Field_7,1,MOVING_TO_FIELD,Field_8,1,MOVING_TO_FIELD,Field_20,1,MOVING_TO_FIELD,Field_1,12,0.07,0,8,4,20,0.09,0,1,2,5,0.07,0,0,4,15,0.08,1,9,3,4,0.01,1,5,1,20,0.12,0,6,4,11,0.04,1,1,2,2,0.09,0,1,2,0,0.09,0,0,3,45,0.23,0,0,6,23,0.26,0,0,4,30,0.09,0,0,1,13,0.07,0,0,2,55,0.21,0,0,6,108,0.21,0,0,6,19,0.06,0,0,2,32,0.10,0,0,2,70,0.13,0,0,1,0,0.05,0,0,2,9,0.04,0,6,3
208,493,0,0,3,0,37,0,1,PROTECTING,Field_5,1,MOVING_TO_FIELD,Field_1,1,MOVING_TO_FIELD,Field_4,1,PROTECTING,Field_4,1,MOVING_TO_FIELD,Field_6,1,MOVING_TO_FIELD,Field_5,1,MOVING_TO_FIELD,Field_2,1,MOVING_TO_FIELD,Field_4,1,MOVING_TO_FIELD,Field_6,1,MOVING_TO_FIELD,Field_20,1,MOVING_TO_FIELD,Field_5,1,MOVING_TO_FIELD,Field_5,1,MOVING_TO_FIELD,Field_1,1,MOVING_TO_FIELD,Field_1,1,MOVING_TO_FIELD,Field_4,1,MOVING_TO_FIELD,Field_6,1,MOVING_TO_FIELD,Field_6,1,MOVING_TO_FIELD,Field_4,1,MOVING_TO_FIELD,Field_1,1,MOVING_TO_FIELD,Field_4,1,MOVING_TO_FIELD,Field_20,1,MOVING_TO_FIELD,Field_6,1,MOVING_TO_FIELD,Field_4,1,MOVING_TO_FIELD,Field_4,1,MOVING_TO_FIELD,Field_20,1,MOVING_TO_FIELD,Field_5,1,PROTECTING,Field_7,1,MOVING_TO_FIELD,Field_1,1,MOVING_TO_FIELD,Field_5,1,MOVING_TO_FIELD,Field_6,1,MOVING_TO_FIELD,Field_4,1,MOVING_TO_FIELD,Field_20,1,MOVING_TO_FIELD,Field_20,1,MOVING_TO_FIELD,Field_1,1,MOVING_TO_FIELD,Field_4,1,MOVING_TO_FIELD,Field_1,1,MOVING_TO_FIELD,Field_7,1,MOVING_TO_FIELD,Field_8,1,MOVING_TO_FIELD,Field_20,1,MOVING_TO_FIELD,Field_1,12,0.08,0,8,4,20,0.09,0,1,2,5,0.08,0,0,4,15,0.09,1,9,3,4,0.01,1,5,1,20,0.12,0,6,4,11,0.04,1,1,2,2,0.09,0,1,2,0,0.08,0,0,3,45,0.27,0,0,6,23,0.28,0,0,4,30,0.09,0,0,1,13,0.07,0,0,2,55,0.23,0,0,6,108,0.18,0,0,6,19,0.05,0,0,2,32,0.10,0,0,2,70,0.11,0,0,1,0,0.05,0,0,2,9,0.04,0,6,3
209,495,0,0,4,0,36,0,1,PROTECTING,Field_5,1,MOVING_TO_FIELD,Field_1,1,MOVING_TO_FIELD,Field_4,1,PROTECTING,Field_4,1,MOVING_TO_FIELD,Field_6,1,MOVING_TO_FIELD,Field_5,1,MOVING_TO_FIELD,Field_2,1,MOVING_TO_FIELD,Field_4,1,MOVING_TO_FIELD,Field_6,1,MOVING_TO_FIELD,Field_20,1,MOVING_TO_FIELD,Field_5,1,MOVING_TO_FIELD,Field_5,1,MOVING_TO_FIELD,Field_1,1,MOVING_TO_FIELD,Field_1,1,MOVING_TO_FIELD,Field_4,1,MOVING_TO_FIELD,Field_6,1,MOVING_TO_FIELD,Field_6,1,MOVING_TO_FIELD,Field_4,1,MOVING_TO_FIELD,Field_1,1,MOVING_TO_FIELD,Field_4,1,MOVING_TO_FIELD,Field_20,1,MOVING_TO_FIELD,Field_6,1,MOVING_TO_FIELD,Field_4,1,MOVING_TO_FIELD,Field_4,1,MOVING_TO_FIELD,Field_20,1,MOVING_TO_FIELD,Field_5,1,PROTECTING,Field_7,1,MOVING_TO_FIELD,Field_1,1,PROTECTING,Field_5,1,MOVING_TO_FIELD,Field_6,1,MOVING_TO_FIELD,Field_4,1,MOVING_TO_FIELD,Field_20,1,MOVING_TO_FIELD,Field_20,1,MOVING_TO_FIELD,Field_1,1,MOVING_TO_FIELD,Field_4,1,MOVING_TO_FIELD,Field_1,1,MOVING_TO_FIELD,Field_7,1,MOVING_TO_FIELD,Field_8,1,MOVING_TO_FIELD,Field_20,1,MOVING_TO_FIELD,Field_1,12,0.09,0,8,4,20,0.10,0,1,2,5,0.08,0,0,4,15,0.09,1,9,3,4,0.02,2,4,0,20,0.12,0,6,4,11,0.03,1,1,2,2,0.09,0,1,2,0,0.10,0,0,3,46,0.26,0,0,6,23,0.29,0,0,4,30,0.09,0,0,1,13,0.07,0,0,2,56,0.24,0,0,6,108,0.17,0,0,6,19,0.06,0,0,2,32,0.10,0,0,2,70,0.09,0,0,1,0,0.06,0,0,2,9,0.04,0,6,3
210,496,0,0,6,0,34,0,1,PROTECTING,Field_5,1,MOVING_TO_FIELD,Field_1,1,PROTECTING,Field_4,1,PROTECTING,Field_4,1,MOVING_TO_FIELD,Field_6,1,MOVING_TO_FIELD,Field_5,1,MOVING_TO_FIELD,Field_2,1,MOVING_TO_FIELD,Field_4,1,MOVING_TO_FIELD,Field_6,1,MOVING_TO_FIELD,Field_20,1,MOVING_TO_FIELD,Field_5,1,PROTECTING,Field_5,1,MOVING_TO_FIELD,Field_1,1,MOVING_TO_FIELD,Field_1,1,MOVING_TO_FIELD,Field_4,1,MOVING_TO_FIELD,Field_6,1,MOVING_TO_FIELD,Field_6,1,MOVING_TO_FIELD,Field_4,1,MOVING_TO_FIELD,Field_1,1,MOVING_TO_FIELD,Field_4,1,MOVING_TO_FIELD,Field_20,1,MOVING_TO_FIELD,Field_6,1,MOVING_TO_FIELD,Field_4,1,MOVING_TO_FIELD,Field_4,1,MOVING_TO_FIELD,Field_20,1,MOVING_TO_FIELD,Field_5,1,PROTECTING,Field_7,1,MOVING_TO_FIELD,Field_1,1,PROTECTING,Field_5,1,MOVING_TO_FIELD,Field_6,1,MOVING_TO_FIELD,Field_4,1,MOVING_TO_FIELD,Field_20,1,MOVING_TO_FIELD,Field_20,1,MOVING_TO_FIELD,Field_1,1,MOVING_TO_FIELD,Field_4,1,MOVING_TO_FIELD,Field_1,1,MOVING_TO_FIELD,Field_7,1,MOVING_TO_FIELD,Field_8,1,MOVING_TO_FIELD,Field_20,1,MOVING_TO_FIELD,Field_1,12,0.10,0,8,4,20,0.10,0,1,2,5,0.08,0,0,4,15,0.09,2,8,2,4,0.02,3,3,-1,20,0.11,0,6,4,11,0.03,1,1,2,2,0.09,0,1,2,0,0.09,0,0,3,46,0.25,0,0,6,23,0.29,0,0,4,30,0.09,0,0,1,13,0.07,0,0,2,57,0.21,0,0,6,108,0.17,0,0,6,19,0.06,0,0,2,32,0.10,0,0,2,70,0.09,0,0,1,0,0.06,0,0,2,9,0.02,0,6,3
211,499,1,0,6,0,33,0,1,PROTECTING,Field_5,1,MOVING_TO_FIELD,Field_1,1,PROTECTING,Field_4,1,PROTECTING,Field_4,1,MOVING_TO_FIELD,Field_6,1,MOVING_TO_FIELD,Field_5,1,MOVING_TO_FIELD,Field_2,1,MOVING_TO_FIELD,Field_9,1,MOVING_TO_FIELD,Field_4,1,MOVING_TO_FIELD,Field_8,1,MOVING_TO_FIELD,Field_1,1,PROTECTING,Field_5,1,MOVING_TO_FIELD,Field_5,1,MOVING_TO_FIELD,Field_4,1,MOVING_TO_FIELD,Field_20,1,MOVING_TO_FIELD,Field_4,1,MOVING_TO_FIELD,Field_4,1,IDLE,,1,MOVING_TO_FIELD,Field_5,1,MOVING_TO_FIELD,Field_20,1,MOVING_TO_FIELD,Field_2,1,MOVING_TO_FIELD,Field_6,1,MOVING_TO_FIELD,Field_20,1,MOVING_TO_FIELD,Field_20,1,MOVING_TO_FIELD,Field_5,1,MOVING_TO_FIELD,Field_8,1,PROTECTING,Field_7,1,MOVING_TO_FIELD,Field_4,1,PROTECTING,Field_5,1,MOVING_TO_FIELD,Field_4,1,MOVING_TO_FIELD,Field_6,1,MOVING_TO_FIELD,Field_9,1,MOVING_TO_FIELD,Field_9,1,MOVING_TO_FIELD,Field_1,1,MOVING_TO_FIELD,Field_6,1,MOVING_TO_FIELD,Field_5,1,MOVING_TO_FIELD,Field_20,1,MOVING_TO_FIELD,Field_20,1,MOVING_TO_FIELD,Field_5,1,MOVING_TO_FIELD,Field_1,12,0.09,0,4,4,20,0.10,0,2,2,5,0.08,0,0,4,15,0.11,2,6,2,4,0.02,3,6,-1,20,0.11,0,4,4,11,0.03,1,0,2,2,0.09,0,2,2,0,0.09,0,3,3,47,0.26,0,0,6,25,0.28,0,0,4,30,0.09,0,0,1,13,0.07,0,0,2,57,0.21,0,0,6,108,0.18,0,0,6,19,0.05,0,0,2,32,0.10,0,0,2,70,0.09,0,0,1,0,0.05,0,0,2,9,0.02,0,6,3
212,500,1,0,6,0,33,0,1,PROTECTING,Field_5,1,MOVING_TO_FIELD,Field_1,1,PROTECTING,Field_4,1,PROTECTING,Field_4,1,MOVING_TO_FIELD,Field_6,1,MOVING_TO_FIELD,Field_5,1,MOVING_TO_FIELD,Field_2,1,MOVING_TO_FIELD,Field_9,1,MOVING_TO_FIELD,Field_4,1,MOVING_TO_FIELD,Field_8,1,MOVING_TO_FIELD,Field_1,1,PROTECTING,Field_5,1,MOVING_TO_FIELD,Field_5,1,MOVING_TO_FIELD,Field_4,1,MOVING_TO_FIELD,Field_20,1,MOVING_TO_FIELD,Field_4,1,MOVING_TO_FIELD,Field_4,1,IDLE,,1,MOVING_TO_FIELD,Field_5,1,MOVING_TO_FIELD,Field_20,1,MOVING_TO_FIELD,Field_2,1,MOVING_TO_FIELD,Field_6,1,MOVING_TO_FIELD,Field_20,1,MOVING_TO_FIELD,Field_20,1,MOVING_TO_FIELD,Field_5,1,MOVING_TO_FIELD,Field_8,1,PROTECTING,Field_7,1,MOVING_TO_FIELD,Field_4,1,PROTECTING,Field_5,1,MOVING_TO_FIELD,Field_4,1,MOVING_TO_FIELD,Field_6,1,MOVING_TO_FIELD,Field_9,1,MOVING_TO_FIELD,Field_9,1,MOVING_TO_FIELD,Field_1,1,MOVING_TO_FIELD,Field_6,1,MOVING_TO_FIELD,Field_5,1,MOVING_TO_FIELD,Field_20,1,MOVING_TO_FIELD,Field_20,1,MOVING_TO_FIELD,Field_5,1,MOVING_TO_FIELD,Field_1,12,0.08,0,4,4,20,0.10,0,2,2,5,0.08,0,0,4,15,0.10,2,6,2,4,0.02,3,6,-1,20,0.10,0,4,4,11,0.04,1,0,2,2,0.06,0,2,2,0,0.10,0,3,3,48,0.27,0,0,6,25,0.28,0,0,4,30,0.06,0,0,1,13,0.07,0,0,2,57,0.21,0,0,6,108,0.18,0,0,6,19,0.06,0,0,2,32,0.10,0,0,2,70,0.09,0,0,1,0,0.05,0,0,2,9,0.02,0,6,3
213,500,1,0,6,0,33,0,1,PROTECTING,Field_5,1,MOVING_TO_FIELD,Field_1,1,PROTECTING,Field_4,1,PROTECTING,Field_4,1,MOVING_TO_FIELD,Field_6,1,MOVING_TO_FIELD,Field_5,1,MOVING_TO_FIELD,Field_2,1,MOVING_TO_FIELD,Field_9,1,MOVING_TO_FIELD,Field_4,1,MOVING_TO_FIELD,Field_8,1,MOVING_TO_FIELD,Field_1,1,PROTECTING,Field_5,1,MOVING_TO_FIELD,Field_5,1,MOVING_TO_FIELD,Field_4,1,MOVING_TO_FIELD,Field_20,1,MOVING_TO_FIELD,Field_4,1,MOVING_TO_FIELD,Field_4,1,IDLE,,1,MOVING_TO_FIELD,Field_5,1,MOVING_TO_FIELD,Field_20,1,MOVING_TO_FIELD,Field_2,1,MOVING_TO_FIELD,Field_6,1,MOVING_TO_FIELD,Field_20,1,MOVING_TO_FIELD,Field_20,1,MOVING_TO_FIELD,Field_5,1,MOVING_TO_FIELD,Field_8,1,PROTECTING,Field_7,1,MOVING_TO_FIELD,Field_4,1,PROTECTING,Field_5,1,MOVING_TO_FIELD,Field_4,1,MOVING_TO_FIELD,Field_6,1,MOVING_TO_FIELD,Field_9,1,MOVING_TO_FIELD,Field_9,1,MOVING_TO_FIELD,Field_1,1,MOVING_TO_FIELD,Field_6,1,MOVING_TO_FIELD,Field_5,1,MOVING_TO_FIELD,Field_20,1,MOVING_TO_FIELD,Field_20,1,MOVING_TO_FIELD,Field_5,1,MOVING_TO_FIELD,Field_1,12,0.08,0,4,4,20,0.10,0,2,2,5,0.08,0,0,4,15,0.10,2,6,2,4,0.02,3,6,-1,20,0.10,0,4,4,11,0.04,1,0,2,2,0.06,0,2,2,0,0.10,0,3,3,48,0.27,0,0,6,25,0.26,0,0,4,30,0.06,0,0,1,13,0.07,0,0,2,57,0.21,0,0,6,108,0.17,0,0,6,19,0.06,0,0,2,32,0.10,0,0,2,70,0.07,0,0,1,0,0.05,0,0,2,9,0.02,0,6,3
214,502,1,0,6,0,33,0,1,PROTECTING,Field_5,1,MOVING_TO_FIELD,Field_1,1,PROTECTING,Field_4,1,PROTECTING,Field_4,1,MOVING_TO_FIELD,Field_6,1,MOVING_TO_FIELD,Field_5,1,MOVING_TO_FIELD,Field_2,1,MOVING_TO_FIELD,Field_9,1,MOVING_TO_FIELD,Field_4,1,MOVING_TO_FIELD,Field_8,1,MOVING_TO_FIELD,Field_1,1,PROTECTING,Field_5,1,MOVING_TO_FIELD,Field_5,1,MOVING_TO_FIELD,Field_4,1,MOVING_TO_FIELD,Field_20,1,MOVING_TO_FIELD,Field_4,1,MOVING_TO_FIELD,Field_4,1,IDLE,,1,MOVING_TO_FIELD,Field_5,1,MOVING_TO_FIELD,Field_20,1,MOVING_TO_FIELD,Field_2,1,MOVING_TO_FIELD,Field_6,1,MOVING_TO_FIELD,Field_20,1,MOVING_TO_FIELD,Field_20,1,MOVING_TO_FIELD,Field_5,1,MOVING_TO_FIELD,Field_8,1,PROTECTING,Field_7,1,MOVING_TO_FIELD,Field_4,1,PROTECTING,Field_5,1,MOVING_TO_FIELD,Field_4,1,MOVING_TO_FIELD,Field_6,1,MOVING_TO_FIELD,Field_9,1,MOVING_TO_FIELD,Field_9,1,MOVING_TO_FIELD,Field_1,1,MOVING_TO_FIELD,Field_6,1,MOVING_TO_FIELD,Field_5,1,MOVING_TO_FIELD,Field_20,1,MOVING_TO_FIELD,Field_20,1,MOVING_TO_FIELD,Field_5,1,MOVING_TO_FIELD,Field_1,12,0.08,0,4,4,20,0.10,0,2,2,5,0.08,0,0,4,15,0.09,2,6,2,4,0.02,3,6,-1,20,0.10,0,4,4,11,0.04,1,0,2,2,0.06,0,2,2,0,0.08,0,3,3,48,0.31,0,0,6,27,0.28,0,0,4,30,0.06,0,0,1,13,0.07,0,0,2,57,0.18,0,0,6,108,0.18,0,0,6,19,0.09,0,0,2,32,0.10,0,0,2,70,0.07,0,0,1,0,0.05,0,0,2,9,0.04,0,6,3
215,503,1,0,7,0,32,0,1,PROTECTING,Field_5,1,MOVING_TO_FIELD,Field_1,1,PROTECTING,Field_4,1,PROTECTING,Field_4,1,MOVING_TO_FIELD,Field_6,1,MOVING_TO_FIELD,Field_5,1,MOVING_TO_FIELD,Field_2,1,PROTECTING,Field_9,1,MOVING_TO_FIELD,Field_4,1,MOVING_TO_FIELD,Field_8,1,MOVING_TO_FIELD,Field_1,1,PROTECTING,Field_5,1,MOVING_TO_FIELD,Field_5,1,MOVING_TO_FIELD,Field_4,1,MOVING_TO_FIELD,Field_20,1,MOVING_TO_FIELD,Field_4,1,MOVING_TO_FIELD,Field_4,1,IDLE,,1,MOVING_TO_FIELD,Field_5,1,MOVING_TO_FIELD,Field_20,1,MOVING_TO_FIELD,Field_2,1,MOVING_TO_FIELD,Field_6,1,MOVING_TO_FIELD,Field_20,1,MOVING_TO_FIELD,Field_20,1,MOVING_TO_FIELD,Field_5,1,MOVING_TO_FIELD,Field_8,1,PROTECTING,Field_7,1,MOVING_TO_FIELD,Field_4,1,PROTECTING,Field_5,1,MOVING_TO_FIELD,Field_4,1,MOVING_TO_FIELD,Field_6,1,MOVING_TO_FIELD,Field_9,1,MOVING_TO_FIELD,Field_9,1,MOVING_TO_FIELD,Field_1,1,MOVING_TO_FIELD,Field_6,1,MOVING_TO_FIELD,Field_5,1,MOVING_TO_FIELD,Field_20,1,MOVING_TO_FIELD,Field_20,1,MOVING_TO_FIELD,Field_5,1,MOVING_TO_FIELD,Field_1,12,0.08,0,4,4,20,0.09,0,2,2,5,0.09,0,0,4,15,0.09,2,6,2,4,0.02,3,6,-1,20,0.10,0,4,4,11,0.04,1,0,2,2,0.06,0,2,2,0,0.07,1,2,2,49,0.29,0,0,6,27,0.28,0,0,4,30,0.06,0,0,1,13,0.07,0,0,2,57,0.18,0,0,6,108,0.20,0,0,6,19,0.06,0,0,2,32,0.10,0,0,2,70,0.07,0,0,1,0,0.05,0,0,2,9,0.04,0,6,3
216,504,1,0,7,0,32,0,1,PROTECTING,Field_5,1,MOVING_TO_FIELD,Field_1,1,PROTECTING,Field_4,1,PROTECTING,Field_4,1,MOVING_TO_FIELD,Field_6,1,MOVING_TO_FIELD,Field_5,1,MOVING_TO_FIELD,Field_2,1,PROTECTING,Field_9,1,MOVING_TO_FIELD,Field_4,1,MOVING_TO_FIELD,Field_8,1,MOVING_TO_FIELD,Field_1,1,PROTECTING,Field_5,1,MOVING_TO_FIELD,Field_5,1,MOVING_TO_FIELD,Field_4,1,MOVING_TO_FIELD,Field_20,1,MOVING_TO_FIELD,Field_4,1,MOVING_TO_FIELD,Field_4,1,IDLE,,1,MOVING_TO_FIELD,Field_5,1,MOVING_TO_FIELD,Field_20,1,MOVING_TO_FIELD,Field_2,1,MOVING_TO_FIELD,Field_6,1,MOVING_TO_FIELD,Field_20,1,MOVING_TO_FIELD,Field_20,1,MOVING_TO_FIELD,Field_5,1,MOVING_TO_FIELD,Field_8,1,PROTECTING,Field_7,1,MOVING_TO_FIELD,Field_4,1,PROTECTING,Field_5,1,MOVING_TO_FIELD,Field_4,1,MOVING_TO_FIELD,Field_6,1,MOVING_TO_FIELD,Field_9,1,MOVING_TO_FIELD,Field_9,1,MOVING_TO_FIELD,Field_1,1,MOVING_TO_FIELD,Field_6,1,MOVING_TO_FIELD,Field_5,1,MOVING_TO_FIELD,Field_20,1,MOVING_TO_FIELD,Field_20,1,MOVING_TO_FIELD,Field_5,1,MOVING_TO_FIELD,Field_1,12,0.08,0,4,4,20,0.09,0,2,2,5,0.08,0,0,4,15,0.09,2,6,2,4,0.02,3,6,-1,20,0.11,0,4,4,11,0.04,1,0,2,2,0.06,0,2,2,0,0.07,1,2,2,49,0.31,0,0,6,28,0.28,0,0,4,30,0.06,0,0,1,13,0.07,0,0,2,57,0.18,0,0,6,108,0.21,0,0,6,19,0.06,0,0,2,32,0.11,0,0,2,70,0.07,0,0,1,0,0.06,0,0,2,9,0.04,0,6,3
217,505,1,0,7,0,32,0,1,PROTECTING,Field_5,1,MOVING_TO_FIELD,Field_1,1,PROTECTING,Field_4,1,PROTECTING,Field_4,1,MOVING_TO_FIELD,Field_6,1,MOVING_TO_FIELD,Field_5,1,MOVING_TO_FIELD,Field_2,1,PROTECTING,Field_9,1,MOVING_TO_FIELD,Field_4,1,MOVING_TO_FIELD,Field_8,1,MOVING_TO_FIELD,Field_1,1,PROTECTING,Field_5,1,MOVING_TO_FIELD,Field_5,1,MOVING_TO_FIELD,Field_4,1,MOVING_TO_FIELD,Field_20,1,MOVING_TO_FIELD,Field_4,1,MOVING_TO_FIELD,Field_4,1,IDLE,,1,MOVING_TO_FIELD,Field_5,1,MOVING_TO_FIELD,Field_20,1,MOVING_TO_FIELD,Field_2,1,MOVING_TO_FIELD,Field_6,1,MOVING_TO_FIELD,Field_20,1,MOVING_TO_FIELD,Field_20,1,MOVING_TO_FIELD,Field_5,1,MOVING_TO_FIELD,Field_8,1,PROTECTING,Field_7,1,MOVING_TO_FIELD,Field_4,1,PROTECTING,Field_5,1,MOVING_TO_FIELD,Field_4,1,MOVING_TO_FIELD,Field_6,1,MOVING_TO_FIELD,Field_9,1,MOVING_TO_FIELD,Field_9,1,MOVING_TO_FIELD,Field_1,1,MOVING_TO_FIELD,Field_6,1,MOVING_TO_FIELD,Field_5,1,MOVING_TO_FIELD,Field_20,1,MOVING_TO_FIELD,Field_20,1,MOVING_TO_FIELD,Field_5,1,MOVING_TO_FIELD,Field_1,12,0.08,0,4,4,20,0.09,0,2,2,5,0.08,0,0,4,15,0.11,2,6,2,4,0.02,3,6,-1,20,0.11,0,4,4,11,0.05,1,0,2,2,0.04,0,2,2,0,0.06,1,2,2,49,0.31,0,0,6,29,0.28,0,0,4,30,0.06,0,0,1,13,0.07,0,0,2,57,0.18,0,0,6,108,0.21,0,0,6,19,0.06,0,0,2,32,0.11,0,0,2,70,0.06,0,0,1,0,0.06,0,0,2,9,0.04,0,6,3
218,505,1,0,8,0,31,0,1,PROTECTING,Field_5,1,MOVING_TO_FIELD,Field_1,1,PROTECTING,Field_4,1,PROTECTING,Field_4,1,MOVING_TO_FIELD,Field_6,1,MOVING_TO_FIELD,Field_5,1,MOVING_TO_FIELD,Field_2,1,PROTECTING,Field_9,1,MOVING_TO_FIELD,Field_4,1,MOVING_TO_FIELD,Field_8,1,MOVING_TO_FIELD,Field_1,1,PROTECTING,Field_5,1,MOVING_TO_FIELD,Field_5,1,MOVING_TO_FIELD,Field_4,1,MOVING_TO_FIELD,Field_20,1,MOVING_TO_FIELD,Field_4,1,MOVING_TO_FIELD,Field_4,1,IDLE,,1,MOVING_TO_FIELD,Field_5,1,MOVING_TO_FIELD,Field_20,1,MOVING_TO_FIELD,Field_2,1,MOVING_TO_FIELD,Field_6,1,MOVING_TO_FIELD,Field_20,1,MOVING_TO_FIELD,Field_20,1,MOVING_TO_FIELD,Field_5,1,MOVING_TO_FIELD,Field_8,1,PROTECTING,Field_7,1,MOVING_TO_FIELD,Field_4,1,PROTECTING,Field_5,1,MOVING_TO_FIELD,Field_4,1,MOVING_TO_FIELD,Field_6,1,PROTECTING,Field_9,1,MOVING_TO_FIELD,Field_9,1,MOVING_TO_FIELD,Field_1,1,MOVING_TO_FIELD,Field_6,1,MOVING_TO_FIELD,Field_5,1,MOVING_TO_FIELD,Field_20,1,MOVING_TO_FIELD,Field_20,1,MOVING_TO_FIELD,Field_5,1,MOVING_TO_FIELD,Field_1,12,0.08,0,4,4,20,0.09,0,2,2,5,0.08,0,0,4,15,0.11,2,6,2,4,0.01,3,6,-1,20,0.10,0,4,4,11,0.04,1,0,2,2,0.04,0,2,2,0,0.06,2,1,1,49,0.28,0,0,6,29,0.26,0,0,4,30,0.06,0,0,1,13,0.07,0,0,2,57,0.20,0,0,6,108,0.22,0,0,6,19,0.07,0,0,2,32,0.11,0,0,2,70,0.06,0,0,1,0,0.08,0,0,2,9,0.04,0,6,3
219,505,1,0,8,0,31,0,1,PROTECTING,Field_5,1,MOVING_TO_FIELD,Field_1,1,PROTECTING,Field_4,1,PROTECTING,Field_4,1,MOVING_TO_FIELD,Field_6,1,MOVING_TO_FIELD,Field_5,1,MOVING_TO_FIELD,Field_2,1,PROTECTING,Field_9,1,MOVING_TO_FIELD,Field_4,1,MOVING_TO_FIELD,Field_8,1,MOVING_TO_FIELD,Field_1,1,PROTECTING,Field_5,1,MOVING_TO_FIELD,Field_5,1,MOVING_TO_FIELD,Field_4,1,MOVING_TO_FIELD,Field_20,1,MOVING_TO_FIELD,Field_4,1,MOVING_TO_FIELD,Field_4,1,IDLE,,1,MOVING_TO_FIELD,Field_5,1,MOVING_TO_FIELD,Field_20,1,MOVING_TO_FIELD,Field_2,1,MOVING_TO_FIELD,Field_6,1,MOVING_TO_FIELD,Field_20,1,MOVING_TO_FIELD,Field_20,1,MOVING_TO_FIELD,Field_5,1,MOVING_TO_FIELD,Field_8,1,PROTECTING,Field_7,1,MOVING_TO_FIELD,Field_4,1,PROTECTING,Field_5,1,MOVING_TO_FIELD,Field_4,1,MOVING_TO_FIELD,Field_6,1,PROTECTING,Field_9,1,MOVING_TO_FIELD,Field_9,1,MOVING_TO_FIELD,Field_1,1,MOVING_TO_FIELD,Field_6,1,MOVING_TO_FIELD,Field_5,1,MOVING_TO_FIELD,Field_20,1,MOVING_TO_FIELD,Field_20,1,MOVING_TO_FIELD,Field_5,1,MOVING_TO_FIELD,Field_1,12,0.08,0,4,4,20,0.08,0,2,2,5,0.07,0,0,4,15,0.10,2,6,2,4,0.01,3,6,-1,20,0.10,0,4,4,11,0.05,1,0,2,2,0.06,0,2,2,0,0.06,2,1,1,49,0.29,0,0,6,29,0.28,0,0,4,30,0.06,0,0,1,13,0.07,0,0,2,57,0.20,0,0,6,108,0.21,0,0,6,19,0.09,0,0,2,32,0.13,0,0,2,70,0.04,0,0,1,0,0.08,0,0,2,9,0.04,0,6,3
220,506,1,0,10,0,29,0,1,PROTECTING,Field_5,1,MOVING_TO_FIELD,Field_1,1,PROTECTING,Field_4,1,PROTECTING,Field_4,1,MOVING_TO_FIELD,Field_6,1,PROTECTING,Field_5,1,MOVING_TO_FIELD,Field_2,1,PROTECTING,Field_9,1,MOVING_TO_FIELD,Field_4,1,MOVING_TO_FIELD,Field_8,1,MOVING_TO_FIELD,Field_1,1,PROTECTING,Field_5,1,MOVING_TO_FIELD,Field_5,1,MOVING_TO_FIELD,Field_4,1,MOVING_TO_FIELD,Field_20,1,MOVING_TO_FIELD,Field_4,1,MOVING_TO_FIELD,Field_4,1,IDLE,,1,MOVING_TO_FIELD,Field_5,1,MOVING_TO_FIELD,Field_20,1,MOVING_TO_FIELD,Field_2,1,MOVING_TO_FIELD,Field_6,1,MOVING_TO_FIELD,Field_20,1,MOVING_TO_FIELD,Field_20,1,MOVING_TO_FIELD,Field_5,1,MOVING_TO_FIELD,Field_8,1,PROTECTING,Field_7,1,MOVING_TO_FIELD,Field_4,1,PROTECTING,Field_5,1,MOVING_TO_FIELD,Field_4,1,MOVING_TO_FIELD,Field_6,1,PROTECTING,Field_9,1,MOVING_TO_FIELD,Field_9,1,MOVING_TO_FIELD,Field_1,1,MOVING_TO_FIELD,Field_6,1,MOVING_TO_FIELD,Field_5,1,MOVING_TO_FIELD,Field_20,1,MOVING_TO_FIELD,Field_20,1,PROTECTING,Field_5,1,MOVING_TO_FIELD,Field_1,12,0.09,0,4,4,20,0.08,0,2,2,5,0.07,0,0,4,15,0.10,2,6,2,4,0.00,5,4,-3,20,0.10,0,4,4,11,0.05,1,0,2,2,0.06,0,2,2,0,0.06,2,1,1,49,0.27,0,0,6,29,0.26,0,0,4,30,0.06,0,0,1,13,0.09,0,0,2,58,0.20,0,0,6,108,0.22,0,0,6,19,0.07,0,0,2,32,0.16,0,0,2,70,0.04,0,0,1,0,0.06,0,0,2,9,0.04,0,6,3
221,507,0,0,11,0,29,0,1,PROTECTING,Field_5,1,MOVING_TO_FIELD,Field_1,1,PROTECTING,Field_4,1,PROTECTING,Field_4,1,MOVING_TO_FIELD,Field_6,1,PROTECTING,Field_5,1,MOVING_TO_FIELD,Field_2,1,PROTECTING,Field_9,1,PROTECTING,Field_4,1,MOVING_TO_FIELD,Field_8,1,MOVING_TO_FIELD,Field_1,1,PROTECTING,Field_5,1,MOVING_TO_FIELD,Field_1,1,MOVING_TO_FIELD,Field_7,1,MOVING_TO_FIELD,Field_20,1,MOVING_TO_FIELD,Field_4,1,MOVING_TO_FIELD,Field_20,1,MOVING_TO_FIELD,Field_20,1,MOVING_TO_FIELD,Field_1,1,MOVING_TO_FIELD,Field_20,1,MOVING_TO_FIELD,Field_2,1,MOVING_TO_FIELD,Field_6,1,MOVING_TO_FIELD,Field_20,1,MOVING_TO_FIELD,Field_20,1,MOVING_TO_FIELD,Field_1,1,MOVING_TO_FIELD,Field_8,1,PROTECTING,Field_7,1,MOVING_TO_FIELD,Field_7,1,PROTECTING,Field_5,1,MOVING_TO_FIELD,Field_20,1,MOVING_TO_FIELD,Field_6,1,PROTECTING,Field_9,1,MOVING_TO_FIELD,Field_9,1,MOVING_TO_FIELD,Field_1,1,MOVING_TO_FIELD,Field_6,1,MOVING_TO_FIELD,Field_1,1,MOVING_TO_FIELD,Field_20,1,MOVING_TO_FIELD,Field_20,1,PROTECTING,Field_5,1,MOVING_TO_FIELD,Field_1,12,0.09,0,8,4,20,0.09,0,2,2,5,0.08,0,0,4,15,0.09,3,1,1,4,0.00,5,0,-3,20,0.10,0,4,4,11,0.05,1,2,2,2,0.06,0,2,2,0,0.06,2,1,1,49,0.29,0,0,6,29,0.26,0,0,4,30,0.03,0,0,1,13,0.07,0,0,2,59,0.20,0,0,6,108,0.22,0,0,6,19,0.07,0,0,2,32,0.16,0,0,2,70,0.04,0,0,1,0,0.06,0,0,2,9,0.04,0,9,3
222,508,0,0,11,0,29,0,1,PROTECTING,Field_5,1,MOVING_TO_FIELD,Field_1,1,PROTECTING,Field_4,1,PROTECTING,Field_4,1,MOVING_TO_FIELD,Field_6,1,PROTECTING,Field_5,1,MOVING_TO_FIELD,Field_2,1,PROTECTING,Field_9,1,PROTECTING,Field_4,1,MOVING_TO_FIELD,Field_8,1,MOVING_TO_FIELD,Field_1,1,PROTECTING,Field_5,1,MOVING_TO_FIELD,Field_1,1,MOVING_TO_FIELD,Field_7,1,MOVING_TO_FIELD,Field_20,1,MOVING_TO_FIELD,Field_4,1,MOVING_TO_FIELD,Field_20,1,MOVING_TO_FIELD,Field_20,1,MOVING_TO_FIELD,Field_1,1,MOVING_TO_FIELD,Field_20,1,MOVING_TO_FIELD,Field_2,1,MOVING_TO_FIELD,Field_6,1,MOVING_TO_FIELD,Field_20,1,MOVING_TO_FIELD,Field_20,1,MOVING_TO_FIELD,Field_1,1,MOVING_TO_FIELD,Field_8,1,PROTECTING,Field_7,1,MOVING_TO_FIELD,Field_7,1,PROTECTING,Field_5,1,MOVING_TO_FIELD,Field_20,1,MOVING_TO_FIELD,Field_6,1,PROTECTING,Field_9,1,MOVING_TO_FIELD,Field_9,1,MOVING_TO_FIELD,Field_1,1,MOVING_TO_FIELD,Field_6,1,MOVING_TO_FIELD,Field_1,1,MOVING_TO_FIELD,Field_20,1,MOVING_TO_FIELD,Field_20,1,PROTECTING,Field_5,1,MOVING_TO_FIELD,Field_1,12,0.08,0,8,4,20,0.09,0,2,2,5,0.07,0,0,4,15,0.09,3,1,1,4,0.00,5,0,-3,20,0.10,0,4,4,11,0.07,1,2,2,2,0.06,0,2,2,0,0.06,2,1,1,49,0.32,0,0,6,29,0.26,0,0,4,30,0.03,0,0,1,13,0.09,0,0,2,59,0.21,0,0,6,109,0.23,0,0,6,19,0.07,0,0,2,32,0.16,0,0,2,70,0.02,0,0,1,0,0.06,0,0,2,9,0.04,0,9,3
223,512,0,0,14,0,26,0,1,PROTECTING,Field_5,1,MOVING_TO_FIELD,Field_1,1,PROTECTING,Field_4,1,PROTECTING,Field_4,1,PROTECTING,Field_6,1,PROTECTING,Field_5,1,MOVING_TO_FIELD,Field_2,1,PROTECTING,Field_9,1,PROTECTING,Field_4,1,MOVING_TO_FIELD,Field_8,1,MOVING_TO_FIELD,Field_1,1,PROTECTING,Field_5,1,MOVING_TO_FIELD,Field_1,1,MOVING_TO_FIELD,Field_7,1,MOVING_TO_FIELD,Field_20,1,MOVING_TO_FIELD,Field_4,1,MOVING_TO_FIELD,Field_20,1,MOVING_TO_FIELD,Field_20,1,MOVING_TO_FIELD,Field_1,1,MOVING_TO_FIELD,Field_20,1,MOVING_TO_FIELD,Field_2,1,MOVING_TO_FIELD,Field_6,1,MOVING_TO_FIELD,Field_20,1,MOVING_TO_FIELD,Field_20,1,MOVING_TO_FIELD,Field_1,1,PROTECTING,Field_8,1,PROTECTING,Field_7,1,MOVING_TO_FIELD,Field_7,1,PROTECTING,Field_5,1,MOVING_TO_FIELD,Field_20,1,MOVING_TO_FIELD,Field_6,1,PROTECTING,Field_9,1,PROTECTING,Field_9,1,MOVING_TO_FIELD,Field_1,1,MOVING_TO_FIELD,Field_6,1,MOVING_TO_FIELD,Field_1,1,MOVING_TO_FIELD,Field_20,1,MOVING_TO_FIELD,Field_20,1,PROTECTING,Field_5,1,MOVING_TO_FIELD,Field_1,12,0.08,0,8,4,20,0.09,0,2,2,5,0.07,0,0,4,15,0.09,3,1,1,4,0.00,5,0,-3,20,0.10,1,3,3,11,0.05,1,2,2,2,0.06,1,1,1,0,0.06,3,0,0,52,0.33,0,0,6,29,0.26,0,0,4,30,0.03,0,0,1,13,0.09,0,0,2,59,0.21,0,0,6,110,0.22,0,0,6,19,0.07,0,0,2,32,0.18,0,0,2,70,0.02,0,0,1,0,0.05,0,0,2,9,0.04,0,9,3
224,512,0,0,15,0,25,0,1,PROTECTING,Field_5,1,MOVING_TO_FIELD,Field_1,1,PROTECTING,Field_4,1,PROTECTING,Field_4,1,PROTECTING,Field_6,1,PROTECTING,Field_5,1,MOVING_TO_FIELD,Field_2,1,PROTECTING,Field_9,1,PROTECTING,Field_4,1,MOVING_TO_FIELD,Field_8,1,MOVING_TO_FIELD,Field_1,1,PROTECTING,Field_5,1,MOVING_TO_FIELD,Field_1,1,MOVING_TO_FIELD,Field_7,1,MOVING_TO_FIELD,Field_20,1,PROTECTING,Field_4,1,MOVING_TO_FIELD,Field_20,1,MOVING_TO_FIELD,Field_20,1,MOVING_TO_FIELD,Field_1,1,MOVING_TO_FIELD,Field_20,1,MOVING_TO_FIELD,Field_2,1,MOVING_TO_FIELD,Field_6,1,MOVING_TO_FIELD,Field_20,1,MOVING_TO_FIELD,Field_20,1,MOVING_TO_FIELD,Field_1,1,PROTECTING,Field_8,1,PROTECTING,Field_7,1,MOVING_TO_FIELD,Field_7,1,PROTECTING,Field_5,1,MOVING_TO_FIELD,Field_20,1,MOVING_TO_FIELD,Field_6,1,PROTECTING,Field_9,1,PROTECTING,Field_9,1,MOVING_TO_FIELD,Field_1,1,MOVING_TO_FIELD,Field_6,1,MOVING_TO_FIELD,Field_1,1,MOVING_TO_FIELD,Field_20,1,MOVING_TO_FIELD,Field_20,1,PROTECTING,Field_5,1,MOVING_TO_FIELD,Field_1,12,0.08,0,8,4,20,0.09,0,2,2,5,0.07,0,0,4,15,0.09,4,0,0,4,0.01,5,0,-3,20,0.12,1,3,3,11,0.05,1,2,2,2,0.07,1,1,1,0,0.06,3,0,0,52,0.33,0,0,6,29,0.26,0,0,4,30,0.03,0,0,1,13,0.09,0,0,2,59,0.21,0,0,6,110,0.22,0,0,6,19,0.07,0,0,2,32,0.16,0,0,2,70,0.02,0,0,1,0,0.05,0,0,2,9,0.04,0,9,3
225,514,0,0,15,0,25,0,1,PROTECTING,Field_5,1,MOVING_TO_FIELD,Field_1,1,PROTECTING,Field_4,1,PROTECTING,Field_4,1,PROTECTING,Field_6,1,PROTECTING,Field_5,1,MOVING_TO_FIELD,Field_2,1,PROTECTING,Field_9,1,PROTECTING,Field_4,1,MOVING_TO_FIELD,Field_8,1,MOVING_TO_FIELD,Field_1,1,PROTECTING,Field_5,1,MOVING_TO_FIELD,Field_1,1,MOVING_TO_FIELD,Field_7,1,MOVING_TO_FIELD,Field_20,1,PROTECTING,Field_4,1,MOVING_TO_FIELD,Field_20,1,MOVING_TO_FIELD,Field_20,1,MOVING_TO_FIELD,Field_1,1,MOVING_TO_FIELD,Field_20,1,MOVING_TO_FIELD,Field_2,1,MOVING_TO_FIELD,Field_6,1,MOVING_TO_FIELD,Field_20,1,MOVING_TO_FIELD,Field_20,1,MOVING_TO_FIELD,Field_1,1,PROTECTING,Field_8,1,PROTECTING,Field_7,1,MOVING_TO_FIELD,Field_7,1,PROTECTING,Field_5,1,MOVING_TO_FIELD,Field_20,1,MOVING_TO_FIELD,Field_6,1,PROTECTING,Field_9,1,PROTECTING,Field_9,1,MOVING_TO_FIELD,Field_1,1,MOVING_TO_FIELD,Field_6,1,MOVING_TO_FIELD,Field_1,1,MOVING_TO_FIELD,Field_20,1,MOVING_TO_FIELD,Field_20,1,PROTECTING,Field_5,1,MOVING_TO_FIELD,Field_1,12,0.09,0,8,4,20,0.09,0,2,2,5,0.07,0,0,4,15,0.09,4,0,0,4,0.02,5,0,-3,20,0.11,1,3,3,11,0.05,1,2,2,2,0.07,1,1,1,0,0.06,3,0,0,52,0.33,0,0,6,29,0.25,0,0,4,30,0.03,0,0,1,13,0.09,0,0,2,60,0.21,0,0,6,110,0.22,0,0,6,19,0.06,0,0,2,33,0.16,0,0,2,70,0.02,0,0,1,0,0.05,0,0,2,9,0.04,0,9,3
226,515,0,0,18,0,22,0,1,PROTECTING,Field_5,1,MOVING_TO_FIELD,Field_1,1,PROTECTING,Field_4,1,PROTECTING,Field_4,1,PROTECTING,Field_6,1,PROTECTING,Field_5,1,MOVING_TO_FIELD,Field_2,1,PROTECTING,Field_9,1,PROTECTING,Field_4,1,MOVING_TO_FIELD,Field_8,1,MOVING_TO_FIELD,Field_1,1,PROTECTING,Field_5,1,MOVING_TO_FIELD,Field_1,1,MOVING_TO_FIELD,Field_7,1,MOVING_TO_FIELD,Field_20,1,PROTECTING,Field_4,1,MOVING_TO_FIELD,Field_20,1,MOVING_TO_FIELD,Field_20,1,MOVING_TO_FIELD,Field_1,1,MOVING_TO_FIELD,Field_20,1,PROTECTING,Field_2,1,MOVING_TO_FIELD,Field_6,1,MOVING_TO_FIELD,Field_20,1,MOVING_TO_FIELD,Field_20,1,MOVING_TO_FIELD,Field_1,1,PROTECTING,Field_8,1,PROTECTING,Field_7,1,MOVING_TO_FIELD,Field_7,1,PROTECTING,Field_5,1,MOVING_TO_FIELD,Field_20,1,PROTECTING,Field_6,1,PROTECTING,Field_9,1,PROTECTING,Field_9,1,MOVING_TO_FIELD,Field_1,1,PROTECTING,Field_6,1,MOVING_TO_FIELD,Field_1,1,MOVING_TO_FIELD,Field_20,1,MOVING_TO_FIELD,Field_20,1,PROTECTING,Field_5,1,MOVING_TO_FIELD,Field_1,12,0.11,0,8,4,20,0.10,1,1,1,5,0.07,0,0,4,15,0.10,4,0,0,4,0.02,5,0,-3,20,0.11,3,1,1,11,0.06,1,2,2,2,0.07,1,1,1,0,0.06,3,0,0,52,0.32,0,0,6,29,0.25,0,0,4,30,0.03,0,0,1,14,0.09,0,0,2,60,0.21,0,0,6,110,0.22,0,0,6,19,0.07,0,0,2,33,0.15,0,0,2,70,0.02,0,0,1,0,0.05,0,0,2,9,0.04,0,9,3
227,517,0,0,19,0,21,0,1,PROTECTING,Field_5,1,MOVING_TO_FIELD,Field_1,1,PROTECTING,Field_4,1,PROTECTING,Field_4,1,PROTECTING,Field_6,1,PROTECTING,Field_5,1,MOVING_TO_FIELD,Field_2,1,PROTECTING,Field_9,1,PROTECTING,Field_4,1,PROTECTING,Field_8,1,MOVING_TO_FIELD,Field_1,1,PROTECTING,Field_5,1,MOVING_TO_FIELD,Field_1,1,MOVING_TO_FIELD,Field_7,1,MOVING_TO_FIELD,Field_20,1,PROTECTING,Field_4,1,MOVING_TO_FIELD,Field_20,1,MOVING_TO_FIELD,Field_20,1,MOVING_TO_FIELD,Field_1,1,MOVING_TO_FIELD,Field_20,1,PROTECTING,Field_2,1,MOVING_TO_FIELD,Field_6,1,MOVING_TO_FIELD,Field_20,1,MOVING_TO_FIELD,Field_20,1,MOVING_TO_FIELD,Field_1,1,PROTECTING,Field_8,1,PROTECTING,Field_7,1,MOVING_TO_FIELD,Field_7,1,PROTECTING,Field_5,1,MOVING_TO_FIELD,Field_20,1,PROTECTING,Field_6,1,PROTECTING,Field_9,1,PROTECTING,Field_9,1,MOVING_TO_FIELD,Field_1,1,PROTECTING,Field_6,1,MOVING_TO_FIELD,Field_1,1,MOVING_TO_FIELD,Field_20,1,MOVING_TO_FIELD,Field_20,1,PROTECTING,Field_5,1,MOVING_TO_FIELD,Field_1,12,0.12,0,8,4,20,0.10,1,1,1,5,0.07,0,0,4,15,0.10,4,0,0,4,0.02,5,0,-3,20,0.11,3,1,1,11,0.08,1,2,2,2,0.09,2,0,0,0,0.06,3,0,0,52,0.29,0,0,6,30,0.24,0,0,4,30,0.03,0,0,1,14,0.11,0,0,2,60,0.21,0,0,6,110,0.22,0,0,6,19,0.06,0,0,2,34,0.18,0,0,2,70,0.02,0,0,1,0,0.05,0,0,2,9,0.04,0,9,3
228,520,0,0,19,0,21,0,1,PROTECTING,Field_5,1,MOVING_TO_FIELD,Field_1,1,PROTECTING,Field_4,1,PROTECTING,Field_4,1,PROTECTING,Field_6,1,PROTECTING,Field_5,1,MOVING_TO_FIELD,Field_2,1,PROTECTING,Field_9,1,PROTECTING,Field_4,1,PROTECTING,Field_8,1,MOVING_TO_FIELD,Field_1,1,PROTECTING,Field_5,1,MOVING_TO_FIELD,Field_1,1,MOVING_TO_FIELD,Field_7,1,MOVING_TO_FIELD,Field_20,1,PROTECTING,Field_4,1,MOVING_TO_FIELD,Field_20,1,MOVING_TO_FIELD,Field_20,1,MOVING_TO_FIELD,Field_1,1,MOVING_TO_FIELD,Field_20,1,PROTECTING,Field_2,1,MOVING_TO_FIELD,Field_6,1,MOVING_TO_FIELD,Field_20,1,MOVING_TO_FIELD,Field_20,1,MOVING_TO_FIELD,Field_1,1,PROTECTING,Field_8,1,PROTECTING,Field_7,1,MOVING_TO_FIELD,Field_7,1,PROTECTING,Field_5,1,MOVING_TO_FIELD,Field_20,1,PROTECTING,Field_6,1,PROTECTING,Field_9,1,PROTECTING,Field_9,1,MOVING_TO_FIELD,Field_1,1,PROTECTING,Field_6,1,MOVING_TO_FIELD,Field_1,1,MOVING_TO_FIELD,Field_20,1,MOVING_TO_FIELD,Field_20,1,PROTECTING,Field_5,1,MOVING_TO_FIELD,Field_1,12,0.14,0,8,4,20,0.10,1,1,1,5,0.09,0,0,4,15,0.10,4,0,0,4,0.02,5,0,-3,20,0.10,3,1,1,11,0.09,1,2,2,2,0.09,2,0,0,0,0.04,3,0,0,52,0.29,0,0,6,31,0.24,0,0,4,30,0.06,0,0,1,14,0.11,0,0,2,61,0.21,0,0,6,110,0.22,0,0,6,19,0.06,0,0,2,35,0.18,0,0,2,70,0.02,0,0,1,0,0.05,0,0,2,9,0.04,0,9,3
229,520,0,0,19,0,21,0,1,PROTECTING,Field_5,1,MOVING_TO_FIELD,Field_1,1,PROTECTING,Field_4,1,PROTECTING,Field_4,1,PROTECTING,Field_6,1,PROTECTING,Field_5,1,MOVING_TO_FIELD,Field_2,1,PROTECTING,Field_9,1,PROTECTING,Field_4,1,PROTECTING,Field_8,1,MOVING_TO_FIELD,Field_1,1,PROTECTING,Field_5,1,MOVING_TO_FIELD,Field_1,1,MOVING_TO_FIELD,Field_7,1,MOVING_TO_FIELD,Field_20,1,PROTECTING,Field_4,1,MOVING_TO_FIELD,Field_20,1,MOVING_TO_FIELD,Field_20,1,MOVING_TO_FIELD,Field_1,1,MOVING_TO_FIELD,Field_20,1,PROTECTING,Field_2,1,MOVING_TO_FIELD,Field_6,1,MOVING_TO_FIELD,Field_20,1,MOVING_TO_FIELD,Field_20,1,MOVING_TO_FIELD,Field_1,1,PROTECTING,Field_8,1,PROTECTING,Field_7,1,MOVING_TO_FIELD,Field_7,1,PROTECTING,Field_5,1,MOVING_TO_FIELD,Field_20,1,PROTECTING,Field_6,1,PROTECTING,Field_9,1,PROTECTING,Field_9,1,MOVING_TO_FIELD,Field_1,1,PROTECTING,Field_6,1,MOVING_TO_FIELD,Field_1,1,MOVING_TO_FIELD,Field_20,1,MOVING_TO_FIELD,Field_20,1,PROTECTING,Field_5,1,MOVING_TO_FIELD,Field_1,12,0.13,0,8,4,20,0.10,1,1,1,5,0.09,0,0,4,15,0.10,4,0,0,4,0.02,5,0,-3,20,0.11,3,1,1,11,0.09,1,2,2,2,0.09,2,0,0,0,0.04,3,0,0,52,0.28,0,0,6,31,0.21,0,0,4,30,0.06,0,0,1,14,0.11,0,0,2,61,0.21,0,0,6,110,0.22,0,0,6,19,0.07,0,0,2,35,0.18,0,0,2,70,0.04,0,0,1,0,0.05,0,0,2,9,0.04,0,9,3
230,520,0,0,20,0,20,0,1,PROTECTING,Field_5,1,MOVING_TO_FIELD,Field_1,1,PROTECTING,Field_4,1,PROTECTING,Field_4,1,PROTECTING,Field_6,1,PROTECTING,Field_5,1,MOVING_TO_FIELD,Field_2,1,PROTECTING,Field_9,1,PROTECTING,Field_4,1,PROTECTING,Field_8,1,MOVING_TO_FIELD,Field_1,1,PROTECTING,Field_5,1,MOVING_TO_FIELD,Field_1,1,MOVING_TO_FIELD,Field_7,1,MOVING_TO_FIELD,Field_20,1,PROTECTING,Field_4,1,MOVING_TO_FIELD,Field_20,1,MOVING_TO_FIELD,Field_20,1,MOVING_TO_FIELD,Field_1,1,MOVING_TO_FIELD,Field_20,1,PROTECTING,Field_2,1,MOVING_TO_FIELD,Field_6,1,MOVING_TO_FIELD,Field_20,1,MOVING_TO_FIELD,Field_20,1,MOVING_TO_FIELD,Field_1,1,PROTECTING,Field_8,1,PROTECTING,Field_7,1,MOVING_TO_FIELD,Field_7,1,PROTECTING,Field_5,1,MOVING_TO_FIELD,Field_20,1,PROTECTING,Field_6,1,PROTECTING,Field_9,1,PROTECTING,Field_9,1,PROTECTING,Field_1,1,PROTECTING,Field_6,1,MOVING_TO_FIELD,Field_1,1,MOVING_TO_FIELD,Field_20,1,MOVING_TO_FIELD,Field_20,1,PROTECTING,Field_5,1,MOVING_TO_FIELD,Field_1,12,0.13,1,7,3,20,0.08,1,1,1,5,0.09,0,0,4,15,0.10,4,0,0,4,0.02,5,0,-3,20,0.11,3,1,1,11,0.09,1,2,2,2,0.10,2,0,0,0,0.03,3,0,0,52,0.27,0,0,6,31,0.20,0,0,4,30,0.06,0,0,1,14,0.11,0,0,2,61,0.21,0,0,6,110,0.21,0,0,6,19,0.06,0,0,2,35,0.20,0,0,2,70,0.04,0,0,1,0,0.05,0,0,2,9,0.04,0,9,3
231,521,0,0,1,0,39,0,1,MOVING_TO_FIELD,Field_1,1,MOVING_TO_FIELD,Field_4,1,MOVING_TO_FIELD,Field_20,1,MOVING_TO_FIELD,Field_20,1,MOVING_TO_FIELD,Field_1,1,MOVING_TO_FIELD,Field_6,1,MOVING_TO_FIELD,Field_7,1,MOVING_TO_FIELD,Field_20,1,MOVING_TO_FIELD,Field_20,1,MOVING_TO_FIELD,Field_9,1,MOVING_TO_FIELD,Field_5,1,MOVING_TO_FIELD,Field_8,1,MOVING_TO_FIELD,Field_5,1,MOVING_TO_FIELD,Field_3,1,MOVING_TO_FIELD,Field_3,1,MOVING_TO_FIELD,Field_20,1,MOVING_TO_FIELD,Field_1,1,MOVING_TO_FIELD,Field_1,1,MOVING_TO_FIELD,Field_5,1,MOVING_TO_FIELD,Field_6,1,MOVING_TO_FIELD,Field_1,1,MOVING_TO_FIELD,Field_4,1,MOVING_TO_FIELD,Field_5,1,MOVING_TO_FIELD,Field_1,1,MOVING_TO_FIELD,Field_5,1,MOVING_TO_FIELD,Field_9,1,PROTECTING,Field_7,1,MOVING_TO_FIELD,Field_3,1,MOVING_TO_FIELD,Field_2,1,MOVING_TO_FIELD,Field_3,1,MOVING_TO_FIELD,Field_4,1,MOVING_TO_FIELD,Field_20,1,MOVING_TO_FIELD,Field_3,1,MOVING_TO_FIELD,Field_4,1,MOVING_TO_FIELD,Field_4,1,MOVING_TO_FIELD,Field_5,1,MOVING_TO_FIELD,Field_1,1,MOVING_TO_FIELD,Field_3,1,MOVING_TO_FIELD,Field_1,1,MOVING_TO_FIELD,Field_4,12,0.16,0,8,4,20,0.08,0,1,2,5,0.09,0,6,4,15,0.09,0,6,4,4,0.04,0,6,2,20,0.11,0,2,4,11,0.10,1,1,2,2,0.10,0,1,2,0,0.04,0,2,3,53,0.27,0,0,6,31,0.20,0,0,4,30,0.06,0,0,1,14,0.11,0,0,2,61,0.18,0,0,6,110,0.22,0,0,6,19,0.06,0,0,2,35,0.20,0,0,2,70,0.04,0,0,1,0,0.05,0,0,2,9,0.04,0,6,3
232,522,0,0,1,0,39,0,1,MOVING_TO_FIELD,Field_1,1,MOVING_TO_FIELD,Field_4,1,MOVING_TO_FIELD,Field_20,1,MOVING_TO_FIELD,Field_20,1,MOVING_TO_FIELD,Field_1,1,MOVING_TO_FIELD,Field_6,1,MOVING_TO_FIELD,Field_7,1,MOVING_TO_FIELD,Field_20,1,MOVING_TO_FIELD,Field_20,1,MOVING_TO_FIELD,Field_9,1,MOVING_TO_FIELD,Field_5,1,MOVING_TO_FIELD,Field_8,1,MOVING_TO_FIELD,Field_5,1,MOVING_TO_FIELD,Field_3,1,MOVING_TO_FIELD,Field_3,1,MOVING_TO_FIELD,Field_20,1,MOVING_TO_FIELD,Field_1,1,MOVING_TO_FIELD,Field_1,1,MOVING_TO_FIELD,Field_5,1,MOVING_TO_FIELD,Field_6,1,MOVING_TO_FIELD,Field_1,1,MOVING_TO_FIELD,Field_4,1,MOVING_TO_FIELD,Field_5,1,MOVING_TO_FIELD,Field_1,1,MOVING_TO_FIELD,Field_5,1,MOVING_TO_FIELD,Field_9,1,PROTECTING,Field_7,1,MOVING_TO_FIELD,Field_3,1,MOVING_TO_FIELD,Field_2,1,MOVING_TO_FIELD,Field_3,1,MOVING_TO_FIELD,Field_4,1,MOVING_TO_FIELD,Field_20,1,MOVING_TO_FIELD,Field_3,1,MOVING_TO_FIELD,Field_4,1,MOVING_TO_FIELD,Field_4,1,MOVING_TO_FIELD,Field_5,1,MOVING_TO_FIELD,Field_1,1,MOVING_TO_FIELD,Field_3,1,MOVING_TO_FIELD,Field_1,1,MOVING_TO_FIELD,Field_4,12,0.16,0,8,4,20,0.08,0,1,2,5,0.09,0,6,4,15,0.08,0,6,4,4,0.04,0,6,2,20,0.12,0,2,4,11,0.10,1,1,2,2,0.10,0,1,2,0,0.03,0,2,3,53,0.26,0,0,6,31,0.20,0,0,4,30,0.09,0,0,1,14,0.11,0,0,2,61,0.18,0,0,6,111,0.22,0,0,6,19,0.07,0,0,2,35,0.20,0,0,2,70,0.04,0,0,1,0,0.05,0,0,2,9,0.04,0,6,3
233,523,0,0,1,0,39,0,1,MOVING_TO_FIELD,Field_1,1,MOVING_TO_FIELD,Field_4,1,MOVING_TO_FIELD,Field_20,1,MOVING_TO_FIELD,Field_20,1,MOVING_TO_FIELD,Field_1,1,MOVING_TO_FIELD,Field_6,1,MOVING_TO_FIELD,Field_7,1,MOVING_TO_FIELD,Field_20,1,MOVING_TO_FIELD,Field_20,1,MOVING_TO_FIELD,Field_9,1,MOVING_TO_FIELD,Field_5,1,MOVING_TO_FIELD,Field_8,1,MOVING_TO_FIELD,Field_5,1,MOVING_TO_FIELD,Field_3,1,MOVING_TO_FIELD,Field_3,1,MOVING_TO_FIELD,Field_20,1,MOVING_TO_FIELD,Field_1,1,MOVING_TO_FIELD,Field_1,1,MOVING_TO_FIELD,Field_5,1,MOVING_TO_FIELD,Field_6,1,MOVING_TO_FIELD,Field_1,1,MOVING_TO_FIELD,Field_4,1,MOVING_TO_FIELD,Field_5,1,MOVING_TO_FIELD,Field_1,1,MOVING_TO_FIELD,Field_5,1,MOVING_TO_FIELD,Field_9,1,PROTECTING,Field_7,1,MOVING_TO_FIELD,Field_3,1,MOVING_TO_FIELD,Field_2,1,MOVING_TO_FIELD,Field_3,1,MOVING_TO_FIELD,Field_4,1,MOVING_TO_FIELD,Field_20,1,MOVING_TO_FIELD,Field_3,1,MOVING_TO_FIELD,Field_4,1,MOVING_TO_FIELD,Field_4,1,MOVING_TO_FIELD,Field_5,1,MOVING_TO_FIELD,Field_1,1,MOVING_TO_FIELD,Field_3,1,MOVING_TO_FIELD,Field_1,1,MOVING_TO_FIELD,Field_4,12,0.15,0,8,4,20,0.07,0,1,2,5,0.09,0,6,4,15,0.08,0,6,4,4,0.04,0,6,2,20,0.14,0,2,4,11,0.10,1,1,2,2,0.10,0,1,2,0,0.02,0,2,3,53,0.24,0,0,6,31,0.17,0,0,4,30,0.09,0,0,1,14,0.11,0,0,2,61,0.20,0,0,6,111,0.22,0,0,6,19,0.09,0,0,2,36,0.20,0,0,2,70,0.04,0,0,1,0,0.05,0,0,2,9,0.04,0,6,3
234,527,0,0,1,0,39,0,1,MOVING_TO_FIELD,Field_1,1,MOVING_TO_FIELD,Field_4,1,MOVING_TO_FIELD,Field_20,1,MOVING_TO_FIELD,Field_20,1,MOVING_TO_FIELD,Field_1,1,MOVING_TO_FIELD,Field_6,1,MOVING_TO_FIELD,Field_7,1,MOVING_TO_FIELD,Field_20,1,MOVING_TO_FIELD,Field_20,1,MOVING_TO_FIELD,Field_9,1,MOVING_TO_FIELD,Field_5,1,MOVING_TO_FIELD,Field_8,1,MOVING_TO_FIELD,Field_5,1,MOVING_TO_FIELD,Field_3,1,MOVING_TO_FIELD,Field_3,1,MOVING_TO_FIELD,Field_20,1,MOVING_TO_FIELD,Field_1,1,MOVING_TO_FIELD,Field_1,1,MOVING_TO_FIELD,Field_5,1,MOVING_TO_FIELD,Field_6,1,MOVING_TO_FIELD,Field_1,1,MOVING_TO_FIELD,Field_4,1,MOVING_TO_FIELD,Field_5,1,MOVING_TO_FIELD,Field_1,1,MOVING_TO_FIELD,Field_5,1,MOVING_TO_FIELD,Field_9,1,PROTECTING,Field_7,1,MOVING_TO_FIELD,Field_3,1,MOVING_TO_FIELD,Field_2,1,MOVING_TO_FIELD,Field_3,1,MOVING_TO_FIELD,Field_4,1,MOVING_TO_FIELD,Field_20,1,MOVING_TO_FIELD,Field_3,1,MOVING_TO_FIELD,Field_4,1,MOVING_TO_FIELD,Field_4,1,MOVING_TO_FIELD,Field_5,1,MOVING_TO_FIELD,Field_1,1,MOVING_TO_FIELD,Field_3,1,MOVING_TO_FIELD,Field_1,1,MOVING_TO_FIELD,Field_4,12,0.15,0,8,4,20,0.07,0,1,2,5,0.09,0,6,4,15,0.08,0,6,4,4,0.04,0,6,2,20,0.13,0,2,4,11,0.09,1,1,2,2,0.11,0,1,2,0,0.02,0,2,3,55,0.24,0,0,6,31,0.17,0,0,4,30,0.09,0,0,1,14,0.11,0,0,2,61,0.18,0,0,6,113,0.22,0,0,6,19,0.10,0,0,2,36,0.21,0,0,2,70,0.04,0,0,1,0,0.05,0,0,2,9,0.04,0,6,3
235,529,0,0,1,0,39,0,1,MOVING_TO_FIELD,Field_1,1,MOVING_TO_FIELD,Field_4,1,MOVING_TO_FIELD,Field_20,1,MOVING_TO_FIELD,Field_20,1,MOVING_TO_FIELD,Field_1,1,MOVING_TO_FIELD,Field_6,1,MOVING_TO_FIELD,Field_7,1,MOVING_TO_FIELD,Field_20,1,MOVING_TO_FIELD,Field_20,1,MOVING_TO_FIELD,Field_9,1,MOVING_TO_FIELD,Field_5,1,MOVING_TO_FIELD,Field_8,1,MOVING_TO_FIELD,Field_5,1,MOVING_TO_FIELD,Field_3,1,MOVING_TO_FIELD,Field_3,1,MOVING_TO_FIELD,Field_20,1,MOVING_TO_FIELD,Field_1,1,MOVING_TO_FIELD,Field_1,1,MOVING_TO_FIELD,Field_5,1,MOVING_TO_FIELD,Field_6,1,MOVING_TO_FIELD,Field_1,1,MOVING_TO_FIELD,Field_4,1,MOVING_TO_FIELD,Field_5,1,MOVING_TO_FIELD,Field_1,1,MOVING_TO_FIELD,Field_5,1,MOVING_TO_FIELD,Field_9,1,PROTECTING,Field_7,1,MOVING_TO_FIELD,Field_3,1,MOVING_TO_FIELD,Field_2,1,MOVING_TO_FIELD,Field_3,1,MOVING_TO_FIELD,Field_4,1,MOVING_TO_FIELD,Field_20,1,MOVING_TO_FIELD,Field_3,1,MOVING_TO_FIELD,Field_4,1,MOVING_TO_FIELD,Field_4,1,MOVING_TO_FIELD,Field_5,1,MOVING_TO_FIELD,Field_1,1,MOVING_TO_FIELD,Field_3,1,MOVING_TO_FIELD,Field_1,1,MOVING_TO_FIELD,Field_4,12,0.14,0,8,4,20,0.08,0,1,2,5,0.09,0,6,4,15,0.08,0,6,4,4,0.04,0,6,2,20,0.13,0,2,4,11,0.09,1,1,2,2,0.11,0,1,2,0,0.01,0,2,3,56,0.24,0,0,6,31,0.17,0,0,4,30,0.09,0,0,1,14,0.11,0,0,2,61,0.18,0,0,6,113,0.22,0,0,6,19,0.10,0,0,2,37,0.20,0,0,2,70,0.04,0,0,1,0,0.05,0,0,2,9,0.04,0,6,3
236,530,0,0,1,0,39,0,1,MOVING_TO_FIELD,Field_1,1,MOVING_TO_FIELD,Field_4,1,MOVING_TO_FIELD,Field_20,1,MOVING_TO_FIELD,Field_20,1,MOVING_TO_FIELD,Field_1,1,MOVING_TO_FIELD,Field_6,1,MOVING_TO_FIELD,Field_7,1,MOVING_TO_FIELD,Field_20,1,MOVING_TO_FIELD,Field_20,1,MOVING_TO_FIELD,Field_9,1,MOVING_TO_FIELD,Field_5,1,MOVING_TO_FIELD,Field_8,1,MOVING_TO_FIELD,Field_5,1,MOVING_TO_FIELD,Field_3,1,MOVING_TO_FIELD,Field_3,1,MOVING_TO_FIELD,Field_20,1,MOVING_TO_FIELD,Field_1,1,MOVING_TO_FIELD,Field_1,1,MOVING_TO_FIELD,Field_5,1,MOVING_TO_FIELD,Field_6,1,MOVING_TO_FIELD,Field_1,1,MOVING_TO_FIELD,Field_4,1,MOVING_TO_FIELD,Field_5,1,MOVING_TO_FIELD,Field_1,1,MOVING_TO_FIELD,Field_5,1,MOVING_TO_FIELD,Field_9,1,PROTECTING,Field_7,1,MOVING_TO_FIELD,Field_3,1,MOVING_TO_FIELD,Field_2,1,MOVING_TO_FIELD,Field_3,1,MOVING_TO_FIELD,Field_4,1,MOVING_TO_FIELD,Field_20,1,MOVING_TO_FIELD,Field_3,1,MOVING_TO_FIELD,Field_4,1,MOVING_TO_FIELD,Field_4,1,MOVING_TO_FIELD,Field_5,1,MOVING_TO_FIELD,Field_1,1,MOVING_TO_FIELD,Field_3,1,MOVING_TO_FIELD,Field_1,1,MOVING_TO_FIELD,Field_4,12,0.14,0,8,4,20,0.08,0,1,2,5,0.09,0,6,4,15,0.08,0,6,4,4,0.04,0,6,2,21,0.14,0,2,4,11,0.08,1,1,2,2,0.11,0,1,2,0,0.01,0,2,3,56,0.25,0,0,6,31,0.18,0,0,4,30,0.09,0,0,1,14,0.11,0,0,2,61,0.18,0,0,6,113,0.22,0,0,6,19,0.10,0,0,2,37,0.20,0,0,2,70,0.02,0,0,1,0,0.05,0,0,2,9,0.04,0,6,3
237,535,0,0,1,0,39,0,1,MOVING_TO_FIELD,Field_1,1,MOVING_TO_FIELD,Field_4,1,MOVING_TO_FIELD,Field_20,1,MOVING_TO_FIELD,Field_20,1,MOVING_TO_FIELD,Field_1,1,MOVING_TO_FIELD,Field_6,1,MOVING_TO_FIELD,Field_7,1,MOVING_TO_FIELD,Field_20,1,MOVING_TO_FIELD,Field_20,1,MOVING_TO_FIELD,Field_9,1,MOVING_TO_FIELD,Field_5,1,MOVING_TO_FIELD,Field_8,1,MOVING_TO_FIELD,Field_5,1,MOVING_TO_FIELD,Field_3,1,MOVING_TO_FIELD,Field_3,1,MOVING_TO_FIELD,Field_20,1,MOVING_TO_FIELD,Field_1,1,MOVING_TO_FIELD,Field_1,1,MOVING_TO_FIELD,Field_5,1,MOVING_TO_FIELD,Field_6,1,MOVING_TO_FIELD,Field_1,1,MOVING_TO_FIELD,Field_4,1,MOVING_TO_FIELD,Field_5,1,MOVING_TO_FIELD,Field_1,1,MOVING_TO_FIELD,Field_5,1,MOVING_TO_FIELD,Field_9,1,PROTECTING,Field_7,1,MOVING_TO_FIELD,Field_3,1,MOVING_TO_FIELD,Field_2,1,MOVING_TO_FIELD,Field_3,1,MOVING_TO_FIELD,Field_4,1,MOVING_TO_FIELD,Field_20,1,MOVING_TO_FIELD,Field_3,1,MOVING_TO_FIELD,Field_4,1,MOVING_TO_FIELD,Field_4,1,MOVING_TO_FIELD,Field_5,1,MOVING_TO_FIELD,Field_1,1,MOVING_TO_FIELD,Field_3,1,MOVING_TO_FIELD,Field_1,1,MOVING_TO_FIELD,Field_4,13,0.15,0,8,4,20,0.07,0,1,2,5,0.10,0,6,4,15,0.08,0,6,4,4,0.04,0,6,2,21,0.16,0,2,4,11,0.08,1,1,2,2,0.11,0,1,2,0,0.01,0,2,3,57,0.24,0,0,6,31,0.18,0,0,4,30,0.09,0,0,1,14,0.09,0,0,2,62,0.18,0,0,6,114,0.23,0,0,6,19,0.09,0,0,2,38,0.20,0,0,2,70,0.02,0,0,1,0,0.05,0,0,2,9,0.04,0,6,3
238,537,0,0,1,0,39,0,1,MOVING_TO_FIELD,Field_1,1,MOVING_TO_FIELD,Field_4,1,MOVING_TO_FIELD,Field_20,1,MOVING_TO_FIELD,Field_20,1,MOVING_TO_FIELD,Field_1,1,MOVING_TO_FIELD,Field_6,1,MOVING_TO_FIELD,Field_7,1,MOVING_TO_FIELD,Field_20,1,MOVING_TO_FIELD,Field_20,1,MOVING_TO_FIELD,Field_9,1,MOVING_TO_FIELD,Field_5,1,MOVING_TO_FIELD,Field_8,1,MOVING_TO_FIELD,Field_5,1,MOVING_TO_FIELD,Field_3,1,MOVING_TO_FIELD,Field_3,1,MOVING_TO_FIELD,Field_20,1,MOVING_TO_FIELD,Field_1,1,MOVING_TO_FIELD,Field_1,1,MOVING_TO_FIELD,Field_5,1,MOVING_TO_FIELD,Field_6,1,MOVING_TO_FIELD,Field_1,1,MOVING_TO_FIELD,Field_4,1,MOVING_TO_FIELD,Field_5,1,MOVING_TO_FIELD,Field_1,1,MOVING_TO_FIELD,Field_5,1,MOVING_TO_FIELD,Field_9,1,PROTECTING,Field_7,1,MOVING_TO_FIELD,Field_3,1,MOVING_TO_FIELD,Field_2,1,MOVING_TO_FIELD,Field_3,1,MOVING_TO_FIELD,Field_4,1,MOVING_TO_FIELD,Field_20,1,MOVING_TO_FIELD,Field_3,1,MOVING_TO_FIELD,Field_4,1,MOVING_TO_FIELD,Field_4,1,MOVING_TO_FIELD,Field_5,1,MOVING_TO_FIELD,Field_1,1,MOVING_TO_FIELD,Field_3,1,MOVING_TO_FIELD,Field_1,1,MOVING_TO_FIELD,Field_4,13,0.16,0,8,4,20,0.07,0,1,2,5,0.10,0,6,4,15,0.08,0,6,4,4,0.04,0,6,2,21,0.16,0,2,4,11,0.06,1,1,2,2,0.10,0,1,2,0,0.01,0,2,3,57,0.24,0,0,6,31,0.18,0,0,4,30,0.09,0,0,1,14,0.09,0,0,2,62,0.17,0,0,6,115,0.22,0,0,6,20,0.07,0,0,2,38,0.20,0,0,2,70,0.02,0,0,1,0,0.05,0,0,2,9,0.06,0,6,3
239,538,0,0,1,0,39,0,1,MOVING_TO_FIELD,Field_1,1,MOVING_TO_FIELD,Field_4,1,MOVING_TO_FIELD,Field_20,1,MOVING_TO_FIELD,Field_20,1,MOVING_TO_FIELD,Field_1,1,MOVING_TO_FIELD,Field_6,1,MOVING_TO_FIELD,Field_7,1,MOVING_TO_FIELD,Field_20,1,MOVING_TO_FIELD,Field_20,1,MOVING_TO_FIELD,Field_9,1,MOVING_TO_FIELD,Field_5,1,MOVING_TO_FIELD,Field_8,1,MOVING_TO_FIELD,Field_5,1,MOVING_TO_FIELD,Field_3,1,MOVING_TO_FIELD,Field_3,1,MOVING_TO_FIELD,Field_20,1,MOVING_TO_FIELD,Field_1,1,MOVING_TO_FIELD,Field_1,1,MOVING_TO_FIELD,Field_5,1,MOVING_TO_FIELD,Field_6,1,MOVING_TO_FIELD,Field_1,1,MOVING_TO_FIELD,Field_4,1,MOVING_TO_FIELD,Field_5,1,MOVING_TO_FIELD,Field_1,1,MOVING_TO_FIELD,Field_5,1,MOVING_TO_FIELD,Field_9,1,PROTECTING,Field_7,1,MOVING_TO_FIELD,Field_3,1,MOVING_TO_FIELD,Field_2,1,MOVING_TO_FIELD,Field_3,1,MOVING_TO_FIELD,Field_4,1,MOVING_TO_FIELD,Field_20,1,MOVING_TO_FIELD,Field_3,1,MOVING_TO_FIELD,Field_4,1,MOVING_TO_FIELD,Field_4,1,MOVING_TO_FIELD,Field_5,1,MOVING_TO_FIELD,Field_1,1,MOVING_TO_FIELD,Field_3,1,MOVING_TO_FIELD,Field_1,1,MOVING_TO_FIELD,Field_4,13,0.14,0,8,4,20,0.07,0,1,2,5,0.10,0,6,4,15,0.08,0,6,4,4,0.04,0,6,2,21,0.16,0,2,4,11,0.06,1,1,2,2,0.11,0,1,2,0,0.01,0,2,3,57,0.24,0,0,6,32,0.20,0,0,4,30,0.09,0,0,1,14,0.09,0,0,2,62,0.15,0,0,6,115,0.22,0,0,6,20,0.06,0,0,2,38,0.20,0,0,2,70,0.02,0,0,1,0,0.05,0,0,2,9,0.06,0,6,3
240,540,0,0,3,0,37,0,1,MOVING_TO_FIELD,Field_1,1,MOVING_TO_FIELD,Field_4,1,MOVING_TO_FIELD,Field_20,1,MOVING_TO_FIELD,Field_20,1,MOVING_TO_FIELD,Field_1,1,MOVING_TO_FIELD,Field_6,1,MOVING_TO_FIELD,Field_7,1,MOVING_TO_FIELD,Field_20,1,MOVING_TO_FIELD,Field_20,1,MOVING_TO_FIELD,Field_9,1,MOVING_TO_FIELD,Field_5,1,MOVING_TO_FIELD,Field_8,1,MOVING_TO_FIELD,Field_5,1,MOVING_TO_FIELD,Field_3,1,MOVING_TO_FIELD,Field_3,1,MOVING_TO_FIELD,Field_20,1,MOVING_TO_FIELD,Field_1,1,MOVING_TO_FIELD,Field_1,1,MOVING_TO_FIELD,Field_5,1,MOVING_TO_FIELD,Field_6,1,PROTECTING,Field_1,1,MOVING_TO_FIELD,Field_4,1,MOVING_TO_FIELD,Field_5,1,MOVING_TO_FIELD,Field_1,1,MOVING_TO_FIELD,Field_5,1,PROTECTING,Field_9,1,PROTECTING,Field_7,1,MOVING_TO_FIELD,Field_3,1,MOVING_TO_FIELD,Field_2,1,MOVING_TO_FIELD,Field_3,1,MOVING_TO_FIELD,Field_4,1,MOVING_TO_FIELD,Field_20,1,MOVING_TO_FIELD,Field_3,1,MOVING_TO_FIELD,Field_4,1,MOVING_TO_FIELD,Field_4,1,MOVING_TO_FIELD,Field_5,1,MOVING_TO_FIELD,Field_1,1,MOVING_TO_FIELD,Field_3,1,MOVING_TO_FIELD,Field_1,1,MOVING_TO_FIELD,Field_4,13,0.15,1,7,3,20,0.07,0,1,2,5,0.10,0,6,4,15,0.09,0,6,4,4,0.04,0,6,2,21,0.18,0,2,4,11,0.05,1,1,2,2,0.11,0,1,2,0,0.01,1,1,2,59,0.24,0,0,6,32,0.20,0,0,4,30,0.09,0,0,1,14,0.09,0,0,2,62,0.15,0,0,6,115,0.24,0,0,6,20,0.04,0,0,2,38,0.20,0,0,2,70,0.04,0,0,1,0,0.05,0,0,2,9,0.04,0,6,3
241,543,2,0,0,0,38,0,1,MOVING_TO_FIELD,Field_1,1,MOVING_TO_FIELD,Field_1,1,MOVING_TO_FIELD,Field_20,1,MOVING_TO_FIELD,Field_20,1,MOVING_TO_FIELD,Field_6,1,MOVING_TO_FIELD,Field_3,1,MOVING_TO_FIELD,Field_7,1,MOVING_TO_FIELD,Field_3,1,MOVING_TO_FIELD,Field_20,1,MOVING_TO_FIELD,Field_20,1,MOVING_TO_FIELD,Field_5,1,MOVING_TO_FIELD,Field_8,1,MOVING_TO_FIELD,Field_1,1,MOVING_TO_FIELD,Field_4,1,MOVING_TO_FIELD,Field_4,1,MOVING_TO_FIELD,Field_20,1,MOVING_TO_FIELD,Field_1,1,MOVING_TO_FIELD,Field_4,1,IDLE,,1,MOVING_TO_FIELD,Field_4,1,MOVING_TO_FIELD,Field_6,1,MOVING_TO_FIELD,Field_6,1,IDLE,,1,MOVING_TO_FIELD,Field_5,1,MOVING_TO_FIELD,Field_1,1,MOVING_TO_FIELD,Field_8,1,MOVING_TO_FIELD,Field_20,1,MOVING_TO_FIELD,Field_4,1,MOVING_TO_FIELD,Field_3,1,MOVING_TO_FIELD,Field_5,1,MOVING_TO_FIELD,Field_6,1,MOVING_TO_FIELD,Field_3,1,MOVING_TO_FIELD,Field_4,1,MOVING_TO_FIELD,Field_1,1,MOVING_TO_FIELD,Field_7,1,MOVING_TO_FIELD,Field_1,1,MOVING_TO_FIELD,Field_5,1,MOVING_TO_FIELD,Field_5,1,MOVING_TO_FIELD,Field_5,1,MOVING_TO_FIELD,Field_1,13,0.17,0,8,4,20,0.07,0,0,2,5,0.11,0,4,4,15,0.08,0,6,4,4,0.04,0,6,2,23,0.18,0,4,4,11,0.05,0,2,3,2,0.13,0,2,2,0,0.02,0,0,3,59,0.24,0,0,6,32,0.21,0,0,4,30,0.09,0,0,1,14,0.09,0,0,2,62,0.15,0,0,6,115,0.22,0,0,6,20,0.05,0,0,2,39,0.20,0,0,2,70,0.06,0,0,1,0,0.06,0,0,2,9,0.04,0,6,3
242,546,2,0,1,0,37,0,1,MOVING_TO_FIELD,Field_1,1,MOVING_TO_FIELD,Field_1,1,MOVING_TO_FIELD,Field_20,1,MOVING_TO_FIELD,Field_20,1,MOVING_TO_FIELD,Field_6,1,MOVING_TO_FIELD,Field_3,1,MOVING_TO_FIELD,Field_7,1,MOVING_TO_FIELD,Field_3,1,MOVING_TO_FIELD,Field_20,1,MOVING_TO_FIELD,Field_20,1,MOVING_TO_FIELD,Field_5,1,PROTECTING,Field_8,1,MOVING_TO_FIELD,Field_1,1,MOVING_TO_FIELD,Field_4,1,MOVING_TO_FIELD,Field_4,1,MOVING_TO_FIELD,Field_20,1,MOVING_TO_FIELD,Field_1,1,MOVING_TO_FIELD,Field_4,1,IDLE,,1,MOVING_TO_FIELD,Field_4,1,MOVING_TO_FIELD,Field_6,1,MOVING_TO_FIELD,Field_6,1,IDLE,,1,MOVING_TO_FIELD,Field_5,1,MOVING_TO_FIELD,Field_1,1,MOVING_TO_FIELD,Field_8,1,MOVING_TO_FIELD,Field_20,1,MOVING_TO_FIELD,Field_4,1,MOVING_TO_FIELD,Field_3,1,MOVING_TO_FIELD,Field_5,1,MOVING_TO_FIELD,Field_6,1,MOVING_TO_FIELD,Field_3,1,MOVING_TO_FIELD,Field_4,1,MOVING_TO_FIELD,Field_1,1,MOVING_TO_FIELD,Field_7,1,MOVING_TO_FIELD,Field_1,1,MOVING_TO_FIELD,Field_5,1,MOVING_TO_FIELD,Field_5,1,MOVING_TO_FIELD,Field_5,1,MOVING_TO_FIELD,Field_1,13,0.16,0,8,4,20,0.07,0,0,2,5,0.11,0,4,4,15,0.07,0,6,4,4,0.05,0,6,2,24,0.17,0,4,4,11,0.05,0,2,3,2,0.13,1,1,1,0,0.03,0,0,3,60,0.24,0,0,6,32,0.20,0,0,4,30,0.09,0,0,1,14,0.09,0,0,2,62,0.14,0,0,6,115,0.22,0,0,6,20,0.05,0,0,2,40,0.21,0,0,2,70,0.06,0,0,1,0,0.08,0,0,2,9,0.04,0,6,3
243,547,2,0,1,0,37,0,1,MOVING_TO_FIELD,Field_1,1,MOVING_TO_FIELD,Field_1,1,MOVING_TO_FIELD,Field_20,1,MOVING_TO_FIELD,Field_20,1,MOVING_TO_FIELD,Field_6,1,MOVING_TO_FIELD,Field_3,1,MOVING_TO_FIELD,Field_7,1,MOVING_TO_FIELD,Field_3,1,MOVING_TO_FIELD,Field_20,1,MOVING_TO_FIELD,Field_20,1,MOVING_TO_FIELD,Field_5,1,PROTECTING,Field_8,1,MOVING_TO_FIELD,Field_1,1,MOVING_TO_FIELD,Field_4,1,MOVING_TO_FIELD,Field_4,1,MOVING_TO_FIELD,Field_20,1,MOVING_TO_FIELD,Field_1,1,MOVING_TO_FIELD,Field_4,1,IDLE,,1,MOVING_TO_FIELD,Field_4,1,MOVING_TO_FIELD,Field_6,1,MOVING_TO_FIELD,Field_6,1,IDLE,,1,MOVING_TO_FIELD,Field_5,1,MOVING_TO_FIELD,Field_1,1,MOVING_TO_FIELD,Field_8,1,MOVING_TO_FIELD,Field_20,1,MOVING_TO_FIELD,Field_4,1,MOVING_TO_FIELD,Field_3,1,MOVING_TO_FIELD,Field_5,1,MOVING_TO_FIELD,Field_6,1,MOVING_TO_FIELD,Field_3,1,MOVING_TO_FIELD,Field_4,1,MOVING_TO_FIELD,Field_1,1,MOVING_TO_FIELD,Field_7,1,MOVING_TO_FIELD,Field_1,1,MOVING_TO_FIELD,Field_5,1,MOVING_TO_FIELD,Field_5,1,MOVING_TO_FIELD,Field_5,1,MOVING_TO_FIELD,Field_1,13,0.16,0,8,4,20,0.04,0,0,2,5,0.11,0,4,4,15,0.07,0,6,4,4,0.06,0,6,2,24,0.17,0,4,4,11,0.06,0,2,3,2,0.13,1,1,1,0,0.03,0,0,3,61,0.25,0,0,6,32,0.20,0,0,4,30,0.09,0,0,1,14,0.09,0,0,2,62,0.15,0,0,6,115,0.22,0,0,6,20,0.07,0,0,2,40,0.25,0,0,2,70,0.06,0,0,1,0,0.08,0,0,2,9,0.04,0,6,3
244,549,2,0,1,0,37,0,1,MOVING_TO_FIELD,Field_1,1,MOVING_TO_FIELD,Field_1,1,MOVING_TO_FIELD,Field_20,1,MOVING_TO_FIELD,Field_20,1,MOVING_TO_FIELD,Field_6,1,MOVING_TO_FIELD,Field_3,1,MOVING_TO_FIELD,Field_7,1,MOVING_TO_FIELD,Field_3,1,MOVING_TO_FIELD,Field_20,1,MOVING_TO_FIELD,Field_20,1,MOVING_TO_FIELD,Field_5,1,PROTECTING,Field_8,1,MOVING_TO_FIELD,Field_1,1,MOVING_TO_FIELD,Field_4,1,MOVING_TO_FIELD,Field_4,1,MOVING_TO_FIELD,Field_20,1,MOVING_TO_FIELD,Field_1,1,MOVING_TO_FIELD,Field_4,1,IDLE,,1,MOVING_TO_FIELD,Field_4,1,MOVING_TO_FIELD,Field_6,1,MOVING_TO_FIELD,Field_6,1,IDLE,,1,MOVING_TO_FIELD,Field_5,1,MOVING_TO_FIELD,Field_1,1,MOVING_TO_FIELD,Field_8,1,MOVING_TO_FIELD,Field_20,1,MOVING_TO_FIELD,Field_4,1,MOVING_TO_FIELD,Field_3,1,MOVING_TO_FIELD,Field_5,1,MOVING_TO_FIELD,Field_6,1,MOVING_TO_FIELD,Field_3,1,MOVING_TO_FIELD,Field_4,1,MOVING_TO_FIELD,Field_1,1,MOVING_TO_FIELD,Field_7,1,MOVING_TO_FIELD,Field_1,1,MOVING_TO_FIELD,Field_5,1,MOVING_TO_FIELD,Field_5,1,MOVING_TO_FIELD,Field_5,1,MOVING_TO_FIELD,Field_1,13,0.17,0,8,4,20,0.04,0,0,2,5,0.11,0,4,4,15,0.07,0,6,4,4,0.06,0,6,2,26,0.17,0,4,4,11,0.06,0,2,3,2,0.13,1,1,1,0,0.04,0,0,3,61,0.25,0,0,6,32,0.20,0,0,4,30,0.09,0,0,1,14,0.09,0,0,2,62,0.17,0,0,6,115,0.18,0,0,6,20,0.07,0,0,2,40,0.23,0,0,2,70,0.06,0,0,1,0,0.08,0,0,2,9,0.04,0,6,3
245,551,2,0,1,0,37,0,1,MOVING_TO_FIELD,Field_1,1,MOVING_TO_FIELD,Field_1,1,MOVING_TO_FIELD,Field_20,1,MOVING_TO_FIELD,Field_20,1,MOVING_TO_FIELD,Field_6,1,MOVING_TO_FIELD,Field_3,1,MOVING_TO_FIELD,Field_7,1,MOVING_TO_FIELD,Field_3,1,MOVING_TO_FIELD,Field_20,1,MOVING_TO_FIELD,Field_20,1,MOVING_TO_FIELD,Field_5,1,PROTECTING,Field_8,1,MOVING_TO_FIELD,Field_1,1,MOVING_TO_FIELD,Field_4,1,MOVING_TO_FIELD,Field_4,1,MOVING_TO_FIELD,Field_20,1,MOVING_TO_FIELD,Field_1,1,MOVING_TO_FIELD,Field_4,1,IDLE,,1,MOVING_TO_FIELD,Field_4,1,MOVING_TO_FIELD,Field_6,1,MOVING_TO_FIELD,Field_6,1,IDLE,,1,MOVING_TO_FIELD,Field_5,1,MOVING_TO_FIELD,Field_1,1,MOVING_TO_FIELD,Field_8,1,MOVING_TO_FIELD,Field_20,1,MOVING_TO_FIELD,Field_4,1,MOVING_TO_FIELD,Field_3,1,MOVING_TO_FIELD,Field_5,1,MOVING_TO_FIELD,Field_6,1,MOVING_TO_FIELD,Field_3,1,MOVING_TO_FIELD,Field_4,1,MOVING_TO_FIELD,Field_1,1,MOVING_TO_FIELD,Field_7,1,MOVING_TO_FIELD,Field_1,1,MOVING_TO_FIELD,Field_5,1,MOVING_TO_FIELD,Field_5,1,MOVING_TO_FIELD,Field_5,1,MOVING_TO_FIELD,Field_1,13,0.19,0,8,4,20,0.04,0,0,2,5,0.11,0,4,4,15,0.08,0,6,4,4,0.06,0,6,2,26,0.17,0,4,4,11,0.07,0,2,3,2,0.13,1,1,1,0,0.07,0,0,3,61,0.22,0,0,6,33,0.20,0,0,4,30,0.09,0,0,1,14,0.09,0,0,2,62,0.15,0,0,6,115,0.17,0,0,6,20,0.07,0,0,2,41,0.23,0,0,2,70,0.06,0,0,1,0,0.08,0,0,2,9,0.04,0,6,3
246,553,2,0,1,0,37,0,1,MOVING_TO_FIELD,Field_1,1,MOVING_TO_FIELD,Field_1,1,MOVING_TO_FIELD,Field_20,1,MOVING_TO_FIELD,Field_20,1,MOVING_TO_FIELD,Field_6,1,MOVING_TO_FIELD,Field_3,1,MOVING_TO_FIELD,Field_7,1,MOVING_TO_FIELD,Field_3,1,MOVING_TO_FIELD,Field_20,1,MOVING_TO_FIELD,Field_20,1,MOVING_TO_FIELD,Field_5,1,PROTECTING,Field_8,1,MOVING_TO_FIELD,Field_1,1,MOVING_TO_FIELD,Field_4,1,MOVING_TO_FIELD,Field_4,1,MOVING_TO_FIELD,Field_20,1,MOVING_TO_FIELD,Field_1,1,MOVING_TO_FIELD,Field_4,1,IDLE,,1,MOVING_TO_FIELD,Field_4,1,MOVING_TO_FIELD,Field_6,1,MOVING_TO_FIELD,Field_6,1,IDLE,,1,MOVING_TO_FIELD,Field_5,1,MOVING_TO_FIELD,Field_1,1,MOVING_TO_FIELD,Field_8,1,MOVING_TO_FIELD,Field_20,1,MOVING_TO_FIELD,Field_4,1,MOVING_TO_FIELD,Field_3,1,MOVING_TO_FIELD,Field_5,1,MOVING_TO_FIELD,Field_6,1,MOVING_TO_FIELD,Field_3,1,MOVING_TO_FIELD,Field_4,1,MOVING_TO_FIELD,Field_1,1,MOVING_TO_FIELD,Field_7,1,MOVING_TO_FIELD,Field_1,1,MOVING_TO_FIELD,Field_5,1,MOVING_TO_FIELD,Field_5,1,MOVING_TO_FIELD,Field_5,1,MOVING_TO_FIELD,Field_1,13,0.19,0,8,4,20,0.04,0,0,2,5,0.09,0,4,4,15,0.08,0,6,4,4,0.06,0,6,2,26,0.17,0,4,4,11,0.06,0,2,3,2,0.14,1,1,1,0,0.07,0,0,3,61,0.22,0,0,6,33,0.21,0,0,4,30,0.09,0,0,1,14,0.09,0,0,2,62,0.17,0,0,6,115,0.18,0,0,6,21,0.07,0,0,2,42,0.23,0,0,2,70,0.07,0,0,1,0,0.08,0,0,2,9,0.04,0,6,3
247,555,2,0,1,0,37,0,1,MOVING_TO_FIELD,Field_1,1,MOVING_TO_FIELD,Field_1,1,MOVING_TO_FIELD,Field_20,1,MOVING_TO_FIELD,Field_20,1,MOVING_TO_FIELD,Field_6,1,MOVING_TO_FIELD,Field_3,1,MOVING_TO_FIELD,Field_7,1,MOVING_TO_FIELD,Field_3,1,MOVING_TO_FIELD,Field_20,1,MOVING_TO_FIELD,Field_20,1,MOVING_TO_FIELD,Field_5,1,PROTECTING,Field_8,1,MOVING_TO_FIELD,Field_1,1,MOVING_TO_FIELD,Field_4,1,MOVING_TO_FIELD,Field_4,1,MOVING_TO_FIELD,Field_20,1,MOVING_TO_FIELD,Field_1,1,MOVING_TO_FIELD,Field_4,1,IDLE,,1,MOVING_TO_FIELD,Field_4,1,MOVING_TO_FIELD,Field_6,1,MOVING_TO_FIELD,Field_6,1,IDLE,,1,MOVING_TO_FIELD,Field_5,1,MOVING_TO_FIELD,Field_1,1,MOVING_TO_FIELD,Field_8,1,MOVING_TO_FIELD,Field_20,1,MOVING_TO_FIELD,Field_4,1,MOVING_TO_FIELD,Field_3,1,MOVING_TO_FIELD,Field_5,1,MOVING_TO_FIELD,Field_6,1,MOVING_TO_FIELD,Field_3,1,MOVING_TO_FIELD,Field_4,1,MOVING_TO_FIELD,Field_1,1,MOVING_TO_FIELD,Field_7,1,MOVING_TO_FIELD,Field_1,1,MOVING_TO_FIELD,Field_5,1,MOVING_TO_FIELD,Field_5,1,MOVING_TO_FIELD,Field_5,1,MOVING_TO_FIELD,Field_1,13,0.19,0,8,4,20,0.05,0,0,2,5,0.09,0,4,4,15,0.08,0,6,4,4,0.06,0,6,2,26,0.17,0,4,4,11,0.06,0,2,3,2,0.14,1,1,1,0,0.09,0,0,3,61,0.20,0,0,6,33,0.20,0,0,4,30,0.09,0,0,1,14,0.09,0,0,2,62,0.17,0,0,6,115,0.17,0,0,6,21,0.07,0,0,2,44,0.23,0,0,2,70,0.07,0,0,1,0,0.08,0,0,2,9,0.02,0,6,3
248,557,2,0,3,0,35,0,1,MOVING_TO_FIELD,Field_1,1,MOVING_TO_FIELD,Field_1,1,MOVING_TO_FIELD,Field_20,1,MOVING_TO_FIELD,Field_20,1,MOVING_TO_FIELD,Field_6,1,MOVING_TO_FIELD,Field_3,1,PROTECTING,Field_7,1,MOVING_TO_FIELD,Field_3,1,MOVING_TO_FIELD,Field_20,1,MOVING_TO_FIELD,Field_20,1,MOVING_TO_FIELD,Field_5,1,PROTECTING,Field_8,1,MOVING_TO_FIELD,Field_1,1,MOVING_TO_FIELD,Field_4,1,MOVING_TO_FIELD,Field_4,1,MOVING_TO_FIELD,Field_20,1,MOVING_TO_FIELD,Field_1,1,MOVING_TO_FIELD,Field_4,1,IDLE,,1,MOVING_TO_FIELD,Field_4,1,MOVING_TO_FIELD,Field_6,1,PROTECTING,Field_6,1,IDLE,,1,MOVING_TO_FIELD,Field_5,1,MOVING_TO_FIELD,Field_1,1,MOVING_TO_FIELD,Field_8,1,MOVING_TO_FIELD,Field_20,1,MOVING_TO_FIELD,Field_4,1,MOVING_TO_FIELD,Field_3,1,MOVING_TO_FIELD,Field_5,1,MOVING_TO_FIELD,Field_6,1,MOVING_TO_FIELD,Field_3,1,MOVING_TO_FIELD,Field_4,1,MOVING_TO_FIELD,Field_1,1,MOVING_TO_FIELD,Field_7,1,MOVING_TO_FIELD,Field_1,1,MOVING_TO_FIELD,Field_5,1,MOVING_TO_FIELD,Field_5,1,MOVING_TO_FIELD,Field_5,1,MOVING_TO_FIELD,Field_1,13,0.19,0,8,4,20,0.04,0,0,2,5,0.09,0,4,4,15,0.08,0,6,4,4,0.06,0,6,2,26,0.18,1,3,3,11,0.06,1,1,2,2,0.16,1,1,1,0,0.09,0,0,3,62,0.20,0,0,6,33,0.21,0,0,4,30,0.09,0,0,1,14,0.09,0,0,2,62,0.18,0,0,6,116,0.17,0,0,6,21,0.09,0,0,2,44,0.23,0,0,2,70,0.06,0,0,1,0,0.08,0,0,2,9,0.02,0,6,3
249,558,2,0,5,0,33,0,1,MOVING_TO_FIELD,Field_1,1,MOVING_TO_FIELD,Field_1,1,MOVING_TO_FIELD,Field_20,1,MOVING_TO_FIELD,Field_20,1,MOVING_TO_FIELD,Field_6,1,MOVING_TO_FIELD,Field_3,1,PROTECTING,Field_7,1,MOVING_TO_FIELD,Field_3,1,MOVING_TO_FIELD,Field_20,1,MOVING_TO_FIELD,Field_20,1,MOVING_TO_FIELD,Field_5,1,PROTECTING,Field_8,1,MOVING_TO_FIELD,Field_1,1,MOVING_TO_FIELD,Field_4,1,MOVING_TO_FIELD,Field_4,1,MOVING_TO_FIELD,Field_20,1,MOVING_TO_FIELD,Field_1,1,MOVING_TO_FIELD,Field_4,1,IDLE,,1,MOVING_TO_FIELD,Field_4,1,MOVING_TO_FIELD,Field_6,1,PROTECTING,Field_6,1,IDLE,,1,MOVING_TO_FIELD,Field_5,1,MOVING_TO_FIELD,Field_1,1,MOVING_TO_FIELD,Field_8,1,MOVING_TO_FIELD,Field_20,1,MOVING_TO_FIELD,Field_4,1,MOVING_TO_FIELD,Field_3,1,MOVING_TO_FIELD,Field_5,1,MOVING_TO_FIELD,Field_6,1,MOVING_TO_FIELD,Field_3,1,MOVING_TO_FIELD,Field_4,1,PROTECTING,Field_1,1,MOVING_TO_FIELD,Field_7,1,MOVING_TO_FIELD,Field_1,1,MOVING_TO_FIELD,Field_5,1,MOVING_TO_FIELD,Field_5,1,MOVING_TO_FIELD,Field_5,1,PROTECTING,Field_1,13,0.20,2,6,2,20,0.04,0,0,2,5,0.09,0,4,4,15,0.08,0,6,4,4,0.05,0,6,2,26,0.18,1,3,3,11,0.07,1,1,2,2,0.16,1,1,1,0,0.11,0,0,3,62,0.21,0,0,6,33,0.22,0,0,4,30,0.06,0,0,1,14,0.09,0,0,2,62,0.17,0,0,6,116,0.17,0,0,6,21,0.09,0,0,2,45,0.23,0,0,2,70,0.04,0,0,1,0,0.08,0,0,2,9,0.02,0,6,3
250,558,2,0,7,0,31,0,1,MOVING_TO_FIELD,Field_1,1,MOVING_TO_FIELD,Field_1,1,MOVING_TO_FIELD,Field_20,1,MOVING_TO_FIELD,Field_20,1,MOVING_TO_FIELD,Field_6,1,MOVING_TO_FIELD,Field_3,1,PROTECTING,Field_7,1,MOVING_TO_FIELD,Field_3,1,MOVING_TO_FIELD,Field_20,1,MOVING_TO_FIELD,Field_20,1,MOVING_TO_FIELD,Field_5,1,PROTECTING,Field_8,1,MOVING_TO_FIELD,Field_1,1,MOVING_TO_FIELD,Field_4,1,MOVING_TO_FIELD,Field_4,1,MOVING_TO_FIELD,Field_20,1,PROTECTING,Field_1,1,MOVING_TO_FIELD,Field_4,1,IDLE,,1,MOVING_TO_FIELD,Field_4,1,MOVING_TO_FIELD,Field_6,1,PROTECTING,Field_6,1,IDLE,,1,MOVING_TO_FIELD,Field_5,1,MOVING_TO_FIELD,Field_1,1,PROTECTING,Field_8,1,MOVING_TO_FIELD,Field_20,1,MOVING_TO_FIELD,Field_4,1,MOVING_TO_FIELD,Field_3,1,MOVING_TO_FIELD,Field_5,1,MOVING_TO_FIELD,Field_6,1,MOVING_TO_FIELD,Field_3,1,MOVING_TO_FIELD,Field_4,1,PROTECTING,Field_1,1,MOVING_TO_FIELD,Field_7,1,MOVING_TO_FIELD,Field_1,1,MOVING_TO_FIELD,Field_5,1,MOVING_TO_FIELD,Field_5,1,MOVING_TO_FIELD,Field_5,1,PROTECTING,Field_1,13,0.19,3,5,1,20,0.04,0,0,2,5,0.09,0,4,4,15,0.08,0,6,4,4,0.04,0,6,2,26,0.18,1,3,3,11,0.08,1,1,2,2,0.16,2,0,0,0,0.11,0,0,3,62,0.21,0,0,6,33,0.22,0,0,4,30,0.09,0,0,1,14,0.05,0,0,2,62,0.20,0,0,6,116,0.17,0,0,6,21,0.09,0,0,2,45,0.23,0,0,2,70,0.06,0,0,1,0,0.08,0,0,2,9,0.02,0,6,3
251,559,0,0,4,0,36,0,1,MOVING_TO_FIELD,Field_1,1,MOVING_TO_FIELD,Field_4,1,MOVING_TO_FIELD,Field_5,1,MOVING_TO_FIELD,Field_5,1,MOVING_TO_FIELD,Field_4,1,MOVING_TO_FIELD,Field_6,1,MOVING_TO_FIELD,Field_20,1,MOVING_TO_FIELD,Field_1,1,MOVING_TO_FIELD,Field_9,1,MOVING_TO_FIELD,Field_6,1,MOVING_TO_FIELD,Field_1,1,PROTECTING,Field_8,1,MOVING_TO_FIELD,Field_5,1,MOVING_TO_FIELD,Field_20,1,MOVING_TO_FIELD,Field_2,1,MOVING_TO_FIELD,Field_9,1,MOVING_TO_FIELD,Field_4,1,MOVING_TO_FIELD,Field_6,1,MOVING_TO_FIELD,Field_7,1,MOVING_TO_FIELD,Field_20,1,MOVING_TO_FIELD,Field_4,1,PROTECTING,Field_6,1,MOVING_TO_FIELD,Field_7,1,MOVING_TO_FIELD,Field_1,1,MOVING_TO_FIELD,Field_5,1,PROTECTING,Field_8,1,MOVING_TO_FIELD,Field_9,1,MOVING_TO_FIELD,Field_20,1,MOVING_TO_FIELD,Field_1,1,MOVING_TO_FIELD,Field_5,1,MOVING_TO_FIELD,Field_4,1,MOVING_TO_FIELD,Field_5,1,MOVING_TO_FIELD,Field_20,1,PROTECTING,Field_1,1,MOVING_TO_FIELD,Field_20,1,MOVING_TO_FIELD,Field_6,1,MOVING_TO_FIELD,Field_1,1,MOVING_TO_FIELD,Field_6,1,MOVING_TO_FIELD,Field_1,1,MOVING_TO_FIELD,Field_4,13,0.20,1,7,3,20,0.03,0,1,2,5,0.08,0,0,4,15,0.08,0,6,4,4,0.05,0,6,2,26,0.18,1,5,3,11,0.08,0,2,3,2,0.14,2,0,0,0,0.11,0,3,3,62,0.20,0,0,6,33,0.24,0,0,4,30,0.09,0,0,1,14,0.05,0,0,2,62,0.20,0,0,6,117,0.16,0,0,6,21,0.09,0,0,2,45,0.23,0,0,2,70,0.06,0,0,1,0,0.08,0,0,2,9,0.02,0,6,3
252,560,0,0,4,0,36,0,1,MOVING_TO_FIELD,Field_1,1,MOVING_TO_FIELD,Field_4,1,MOVING_TO_FIELD,Field_5,1,MOVING_TO_FIELD,Field_5,1,MOVING_TO_FIELD,Field_4,1,MOVING_TO_FIELD,Field_6,1,MOVING_TO_FIELD,Field_20,1,MOVING_TO_FIELD,Field_1,1,MOVING_TO_FIELD,Field_9,1,MOVING_TO_FIELD,Field_6,1,MOVING_TO_FIELD,Field_1,1,PROTECTING,Field_8,1,MOVING_TO_FIELD,Field_5,1,MOVING_TO_FIELD,Field_20,1,MOVING_TO_FIELD,Field_2,1,MOVING_TO_FIELD,Field_9,1,MOVING_TO_FIELD,Field_4,1,MOVING_TO_FIELD,Field_6,1,MOVING_TO_FIELD,Field_7,1,MOVING_TO_FIELD,Field_20,1,MOVING_TO_FIELD,Field_4,1,PROTECTING,Field_6,1,MOVING_TO_FIELD,Field_7,1,MOVING_TO_FIELD,Field_1,1,MOVING_TO_FIELD,Field_5,1,PROTECTING,Field_8,1,MOVING_TO_FIELD,Field_9,1,MOVING_TO_FIELD,Field_20,1,MOVING_TO_FIELD,Field_1,1,MOVING_TO_FIELD,Field_5,1,MOVING_TO_FIELD,Field_4,1,MOVING_TO_FIELD,Field_5,1,MOVING_TO_FIELD,Field_20,1,PROTECTING,Field_1,1,MOVING_TO_FIELD,Field_20,1,MOVING_TO_FIELD,Field_6,1,MOVING_TO_FIELD,Field_1,1,MOVING_TO_FIELD,Field_6,1,MOVING_TO_FIELD,Field_1,1,MOVING_TO_FIELD,Field_4,13,0.20,1,7,3,20,0.03,0,1,2,5,0.08,0,0,4,15,0.08,0,6,4,4,0.05,0,6,2,26,0.17,1,5,3,11,0.08,0,2,3,2,0.14,2,0,0,0,0.09,0,3,3,63,0.19,0,0,6,33,0.21,0,0,4,30,0.09,0,0,1,14,0.05,0,0,2,62,0.21,0,0,6,117,0.16,0,0,6,21,0.09,0,0,2,45,0.21,0,0,2,70,0.06,0,0,1,0,0.03,0,0,2,9,0.02,0,6,3
253,561,0,0,5,0,35,0,1,MOVING_TO_FIELD,Field_1,1,MOVING_TO_FIELD,Field_4,1,MOVING_TO_FIELD,Field_5,1,MOVING_TO_FIELD,Field_5,1,MOVING_TO_FIELD,Field_4,1,MOVING_TO_FIELD,Field_6,1,MOVING_TO_FIELD,Field_20,1,MOVING_TO_FIELD,Field_1,1,MOVING_TO_FIELD,Field_9,1,MOVING_TO_FIELD,Field_6,1,MOVING_TO_FIELD,Field_1,1,PROTECTING,Field_8,1,MOVING_TO_FIELD,Field_5,1,MOVING_TO_FIELD,Field_20,1,MOVING_TO_FIELD,Field_2,1,PROTECTING,Field_9,1,MOVING_TO_FIELD,Field_4,1,MOVING_TO_FIELD,Field_6,1,MOVING_TO_FIELD,Field_7,1,MOVING_TO_FIELD,Field_20,1,MOVING_TO_FIELD,Field_4,1,PROTECTING,Field_6,1,MOVING_TO_FIELD,Field_7,1,MOVING_TO_FIELD,Field_1,1,MOVING_TO_FIELD,Field_5,1,PROTECTING,Field_8,1,MOVING_TO_FIELD,Field_9,1,MOVING_TO_FIELD,Field_20,1,MOVING_TO_FIELD,Field_1,1,MOVING_TO_FIELD,Field_5,1,MOVING_TO_FIELD,Field_4,1,MOVING_TO_FIELD,Field_5,1,MOVING_TO_FIELD,Field_20,1,PROTECTING,Field_1,1,MOVING_TO_FIELD,Field_20,1,MOVING_TO_FIELD,Field_6,1,MOVING_TO_FIELD,Field_1,1,MOVING_TO_FIELD,Field_6,1,MOVING_TO_FIELD,Field_1,1,MOVING_TO_FIELD,Field_4,13,0.19,1,7,3,20,0.03,0,1,2,5,0.08,0,0,4,15,0.08,0,6,4,5,0.05,0,6,2,26,0.18,1,5,3,11,0.07,0,2,3,2,0.14,2,0,0,0,0.10,1,2,2,63,0.19,0,0,6,33,0.21,0,0,4,30,0.09,0,0,1,14,0.07,0,0,2,62,0.23,0,0,6,117,0.16,0,0,6,21,0.09,0,0,2,45,0.21,0,0,2,70,0.06,0,0,1,0,0.03,0,0,2,9,0.02,0,6,3
254,561,0,0,5,0,35,0,1,MOVING_TO_FIELD,Field_1,1,MOVING_TO_FIELD,Field_4,1,MOVING_TO_FIELD,Field_5,1,MOVING_TO_FIELD,Field_5,1,MOVING_TO_FIELD,Field_4,1,MOVING_TO_FIELD,Field_6,1,MOVING_TO_FIELD,Field_20,1,MOVING_TO_FIELD,Field_1,1,MOVING_TO_FIELD,Field_9,1,MOVING_TO_FIELD,Field_6,1,MOVING_TO_FIELD,Field_1,1,PROTECTING,Field_8,1,MOVING_TO_FIELD,Field_5,1,MOVING_TO_FIELD,Field_20,1,MOVING_TO_FIELD,Field_2,1,PROTECTING,Field_9,1,MOVING_TO_FIELD,Field_4,1,MOVING_TO_FIELD,Field_6,1,MOVING_TO_FIELD,Field_7,1,MOVING_TO_FIELD,Field_20,1,MOVING_TO_FIELD,Field_4,1,PROTECTING,Field_6,1,MOVING_TO_FIELD,Field_7,1,MOVING_TO_FIELD,Field_1,1,MOVING_TO_FIELD,Field_5,1,PROTECTING,Field_8,1,MOVING_TO_FIELD,Field_9,1,MOVING_TO_FIELD,Field_20,1,MOVING_TO_FIELD,Field_1,1,MOVING_TO_FIELD,Field_5,1,MOVING_TO_FIELD,Field_4,1,MOVING_TO_FIELD,Field_5,1,MOVING_TO_FIELD,Field_20,1,PROTECTING,Field_1,1,MOVING_TO_FIELD,Field_20,1,MOVING_TO_FIELD,Field_6,1,MOVING_TO_FIELD,Field_1,1,MOVING_TO_FIELD,Field_6,1,MOVING_TO_FIELD,Field_1,1,MOVING_TO_FIELD,Field_4,13,0.19,1,7,3,20,0.03,0,1,2,5,0.08,0,0,4,15,0.08,0,6,4,5,0.06,0,6,2,26,0.18,1,5,3,11,0.08,0,2,3,2,0.14,2,0,0,0,0.10,1,2,2,63,0.20,0,0,6,33,0.21,0,0,4,30,0.09,0,0,1,14,0.07,0,0,2,62,0.23,0,0,6,117,0.17,0,0,6,21,0.09,0,0,2,45,0.21,0,0,2,70,0.04,0,0,1,0,0.03,0,0,2,9,0.02,0,6,3
255,562,0,0,5,0,35,0,1,MOVING_TO_FIELD,Field_1,1,MOVING_TO_FIELD,Field_4,1,MOVING_TO_FIELD,Field_5,1,MOVING_TO_FIELD,Field_5,1,MOVING_TO_FIELD,Field_4,1,MOVING_TO_FIELD,Field_6,1,MOVING_TO_FIELD,Field_20,1,MOVING_TO_FIELD,Field_1,1,MOVING_TO_FIELD,Field_9,1,MOVING_TO_FIELD,Field_6,1,MOVING_TO_FIELD,Field_1,1,PROTECTING,Field_8,1,MOVING_TO_FIELD,Field_5,1,MOVING_TO_FIELD,Field_20,1,MOVING_TO_FIELD,Field_2,1,PROTECTING,Field_9,1,MOVING_TO_FIELD,Field_4,1,MOVING_TO_FIELD,Field_6,1,MOVING_TO_FIELD,Field_7,1,MOVING_TO_FIELD,Field_20,1,MOVING_TO_FIELD,Field_4,1,PROTECTING,Field_6,1,MOVING_TO_FIELD,Field_7,1,MOVING_TO_FIELD,Field_1,1,MOVING_TO_FIELD,Field_5,1,PROTECTING,Field_8,1,MOVING_TO_FIELD,Field_9,1,MOVING_TO_FIELD,Field_20,1,MOVING_TO_FIELD,Field_1,1,MOVING_TO_FIELD,Field_5,1,MOVING_TO_FIELD,Field_4,1,MOVING_TO_FIELD,Field_5,1,MOVING_TO_FIELD,Field_20,1,PROTECTING,Field_1,1,MOVING_TO_FIELD,Field_20,1,MOVING_TO_FIELD,Field_6,1,MOVING_TO_FIELD,Field_1,1,MOVING_TO_FIELD,Field_6,1,MOVING_TO_FIELD,Field_1,1,MOVING_TO_FIELD,Field_4,13,0.19,1,7,3,20,0.03,0,1,2,5,0.06,0,0,4,15,0.08,0,6,4,5,0.07,0,6,2,26,0.18,1,5,3,11,0.08,0,2,3,2,0.13,2,0,0,0,0.09,1,2,2,63,0.21,0,0,6,33,0.24,0,0,4,30,0.09,0,0,1,14,0.07,0,0,2,62,0.20,0,0,6,117,0.18,0,0,6,21,0.09,0,0,2,46,0.21,0,0,2,70,0.04,0,0,1,0,0.03,0,0,2,9,0.02,0,6,3
256,564,0,0,6,0,34,0,1,MOVING_TO_FIELD,Field_1,1,MOVING_TO_FIELD,Field_4,1,MOVING_TO_FIELD,Field_5,1,MOVING_TO_FIELD,Field_5,1,MOVING_TO_FIELD,Field_4,1,MOVING_TO_FIELD,Field_6,1,MOVING_TO_FIELD,Field_20,1,MOVING_TO_FIELD,Field_1,1,PROTECTING,Field_9,1,MOVING_TO_FIELD,Field_6,1,MOVING_TO_FIELD,Field_1,1,PROTECTING,Field_8,1,MOVING_TO_FIELD,Field_5,1,MOVING_TO_FIELD,Field_20,1,MOVING_TO_FIELD,Field_2,1,PROTECTING,Field_9,1,MOVING_TO_FIELD,Field_4,1,MOVING_TO_FIELD,Field_6,1,MOVING_TO_FIELD,Field_7,1,MOVING_TO_FIELD,Field_20,1,MOVING_TO_FIELD,Field_4,1,PROTECTING,Field_6,1,MOVING_TO_FIELD,Field_7,1,MOVING_TO_FIELD,Field_1,1,MOVING_TO_FIELD,Field_5,1,PROTECTING,Field_8,1,MOVING_TO_FIELD,Field_9,1,MOVING_TO_FIELD,Field_20,1,MOVING_TO_FIELD,Field_1,1,MOVING_TO_FIELD,Field_5,1,MOVING_TO_FIELD,Field_4,1,MOVING_TO_FIELD,Field_5,1,MOVING_TO_FIELD,Field_20,1,PROTECTING,Field_1,1,MOVING_TO_FIELD,Field_20,1,MOVING_TO_FIELD,Field_6,1,MOVING_TO_FIELD,Field_1,1,MOVING_TO_FIELD,Field_6,1,MOVING_TO_FIELD,Field_1,1,MOVING_TO_FIELD,Field_4,14,0.19,1,7,3,20,0.03,0,1,2,5,0.07,0,0,4,15,0.08,0,6,4,5,0.09,0,6,2,26,0.18,1,5,3,11,0.09,0,2,3,2,0.11,2,0,0,0,0.09,2,1,1,63,0.21,0,0,6,34,0.24,0,0,4,30,0.09,0,0,1,14,0.05,0,0,2,62,0.20,0,0,6,117,0.18,0,0,6,21,0.09,0,0,2,46,0.21,0,0,2,70,0.04,0,0,1,0,0.03,0,0,2,9,0.02,0,6,3
257,568,0,0,6,0,34,0,1,MOVING_TO_FIELD,Field_1,1,MOVING_TO_FIELD,Field_4,1,MOVING_TO_FIELD,Field_5,1,MOVING_TO_FIELD,Field_5,1,MOVING_TO_FIELD,Field_4,1,MOVING_TO_FIELD,Field_6,1,MOVING_TO_FIELD,Field_20,1,MOVING_TO_FIELD,Field_1,1,PROTECTING,Field_9,1,MOVING_TO_FIELD,Field_6,1,MOVING_TO_FIELD,Field_1,1,PROTECTING,Field_8,1,MOVING_TO_FIELD,Field_5,1,MOVING_TO_FIELD,Field_20,1,MOVING_TO_FIELD,Field_2,1,PROTECTING,Field_9,1,MOVING_TO_FIELD,Field_4,1,MOVING_TO_FIELD,Field_6,1,MOVING_TO_FIELD,Field_7,1,MOVING_TO_FIELD,Field_20,1,MOVING_TO_FIELD,Field_4,1,PROTECTING,Field_6,1,MOVING_TO_FIELD,Field_7,1,MOVING_TO_FIELD,Field_1,1,MOVING_TO_FIELD,Field_5,1,PROTECTING,Field_8,1,MOVING_TO_FIELD,Field_9,1,MOVING_TO_FIELD,Field_20,1,MOVING_TO_FIELD,Field_1,1,MOVING_TO_FIELD,Field_5,1,MOVING_TO_FIELD,Field_4,1,MOVING_TO_FIELD,Field_5,1,MOVING_TO_FIELD,Field_20,1,PROTECTING,Field_1,1,MOVING_TO_FIELD,Field_20,1,MOVING_TO_FIELD,Field_6,1,MOVING_TO_FIELD,Field_1,1,MOVING_TO_FIELD,Field_6,1,MOVING_TO_FIELD,Field_1,1,MOVING_TO_FIELD,Field_4,14,0.19,1,7,3,20,0.04,0,1,2,5,0.07,0,0,4,15,0.10,0,6,4,6,0.09,0,6,2,26,0.17,1,5,3,11,0.11,0,2,3,2,0.11,2,0,0,0,0.08,2,1,1,63,0.21,0,0,6,35,0.22,0,0,4,30,0.09,0,0,1,14,0.05,0,0,2,62,0.18,0,0,6,118,0.18,0,0,6,22,0.09,0,0,2,46,0.21,0,0,2,70,0.04,0,0,1,0,0.03,0,0,2,9,0.02,0,6,3
258,571,0,0,8,0,32,0,1,PROTECTING,Field_1,1,MOVING_TO_FIELD,Field_4,1,MOVING_TO_FIELD,Field_5,1,MOVING_TO_FIELD,Field_5,1,MOVING_TO_FIELD,Field_4,1,MOVING_TO_FIELD,Field_6,1,MOVING_TO_FIELD,Field_20,1,MOVING_TO_FIELD,Field_1,1,PROTECTING,Field_9,1,MOVING_TO_FIELD,Field_6,1,MOVING_TO_FIELD,Field_1,1,PROTECTING,Field_8,1,MOVING_TO_FIELD,Field_5,1,MOVING_TO_FIELD,Field_20,1,MOVING_TO_FIELD,Field_2,1,PROTECTING,Field_9,1,MOVING_TO_FIELD,Field_4,1,MOVING_TO_FIELD,Field_6,1,MOVING_TO_FIELD,Field_7,1,MOVING_TO_FIELD,Field_20,1,MOVING_TO_FIELD,Field_4,1,PROTECTING,Field_6,1,MOVING_TO_FIELD,Field_7,1,MOVING_TO_FIELD,Field_1,1,MOVING_TO_FIELD,Field_5,1,PROTECTING,Field_8,1,PROTECTING,Field_9,1,MOVING_TO_FIELD,Field_20,1,MOVING_TO_FIELD,Field_1,1,MOVING_TO_FIELD,Field_5,1,MOVING_TO_FIELD,Field_4,1,MOVING_TO_FIELD,Field_5,1,MOVING_TO_FIELD,Field_20,1,PROTECTING,Field_1,1,MOVING_TO_FIELD,Field_20,1,MOVING_TO_FIELD,Field_6,1,MOVING_TO_FIELD,Field_1,1,MOVING_TO_FIELD,Field_6,1,MOVING_TO_FIELD,Field_1,1,MOVING_TO_FIELD,Field_4,15,0.19,2,6,2,20,0.04,0,1,2,5,0.08,0,0,4,15,0.10,0,6,4,6,0.09,0,6,2,26,0.17,1,5,3,11,0.10,0,2,3,2,0.11,2,0,0,0,0.07,3,0,0,63,0.21,0,0,6,35,0.22,0,0,4,31,0.09,0,0,1,14,0.05,0,0,2,62,0.20,0,0,6,118,0.20,0,0,6,23,0.07,0,0,2,46,0.18,0,0,2,70,0.06,0,0,1,0,0.03,0,0,2,9,0.02,0,6,3
259,576,0,0,8,0,32,0,1,PROTECTING,Field_1,1,MOVING_TO_FIELD,Field_4,1,MOVING_TO_FIELD,Field_5,1,MOVING_TO_FIELD,Field_5,1,MOVING_TO_FIELD,Field_4,1,MOVING_TO_FIELD,Field_6,1,MOVING_TO_FIELD,Field_20,1,MOVING_TO_FIELD,Field_1,1,PROTECTING,Field_9,1,MOVING_TO_FIELD,Field_6,1,MOVING_TO_FIELD,Field_1,1,PROTECTING,Field_8,1,MOVING_TO_FIELD,Field_5,1,MOVING_TO_FIELD,Field_20,1,MOVING_TO_FIELD,Field_2,1,PROTECTING,Field_9,1,MOVING_TO_FIELD,Field_4,1,MOVING_TO_FIELD,Field_6,1,MOVING_TO_FIELD,Field_7,1,MOVING_TO_FIELD,Field_20,1,MOVING_TO_FIELD,Field_4,1,PROTECTING,Field_6,1,MOVING_TO_FIELD,Field_7,1,MOVING_TO_FIELD,Field_1,1,MOVING_TO_FIELD,Field_5,1,PROTECTING,Field_8,1,PROTECTING,Field_9,1,MOVING_TO_FIELD,Field_20,1,MOVING_TO_FIELD,Field_1,1,MOVING_TO_FIELD,Field_5,1,MOVING_TO_FIELD,Field_4,1,MOVING_TO_FIELD,Field_5,1,MOVING_TO_FIELD,Field_20,1,PROTECTING,Field_1,1,MOVING_TO_FIELD,Field_20,1,MOVING_TO_FIELD,Field_6,1,MOVING_TO_FIELD,Field_1,1,MOVING_TO_FIELD,Field_6,1,MOVING_TO_FIELD,Field_1,1,MOVING_TO_FIELD,Field_4,17,0.19,2,6,2,20,0.04,0,1,2,5,0.06,0,0,4,15,0.09,0,6,4,6,0.07,0,6,2,26,0.17,1,5,3,11,0.11,0,2,3,2,0.11,2,0,0,0,0.07,3,0,0,64,0.21,0,0,6,36,0.22,0,0,4,31,0.09,0,0,1,14,0.07,0,0,2,62,0.20,0,0,6,118,0.20,0,0,6,23,0.07,0,0,2,47,0.18,0,0,2,70,0.06,0,0,1,0,0.03,0,0,2,9,0.02,0,6,3
260,583,0,0,9,0,31,0,1,PROTECTING,Field_1,1,MOVING_TO_FIELD,Field_4,1,PROTECTING,Field_5,1,MOVING_TO_FIELD,Field_5,1,MOVING_TO_FIELD,Field_4,1,MOVING_TO_FIELD,Field_6,1,MOVING_TO_FIELD,Field_20,1,MOVING_TO_FIELD,Field_1,1,PROTECTING,Field_9,1,MOVING_TO_FIELD,Field_6,1,MOVING_TO_FIELD,Field_1,1,PROTECTING,Field_8,1,MOVING_TO_FIELD,Field_5,1,MOVING_TO_FIELD,Field_20,1,MOVING_TO_FIELD,Field_2,1,PROTECTING,Field_9,1,MOVING_TO_FIELD,Field_4,1,MOVING_TO_FIELD,Field_6,1,MOVING_TO_FIELD,Field_7,1,MOVING_TO_FIELD,Field_20,1,MOVING_TO_FIELD,Field_4,1,PROTECTING,Field_6,1,MOVING_TO_FIELD,Field_7,1,MOVING_TO_FIELD,Field_1,1,MOVING_TO_FIELD,Field_5,1,PROTECTING,Field_8,1,PROTECTING,Field_9,1,MOVING_TO_FIELD,Field_20,1,MOVING_TO_FIELD,Field_1,1,MOVING_TO_FIELD,Field_5,1,MOVING_TO_FIELD,Field_4,1,MOVING_TO_FIELD,Field_5,1,MOVING_TO_FIELD,Field_20,1,PROTECTING,Field_1,1,MOVING_TO_FIELD,Field_20,1,MOVING_TO_FIELD,Field_6,1,MOVING_TO_FIELD,Field_1,1,MOVING_TO_FIELD,Field_6,1,MOVING_TO_FIELD,Field_1,1,MOVING_TO_FIELD,Field_4,18,0.17,2,6,2,20,0.03,0,1,2,5,0.06,0,0,4,15,0.09,0,6,4,6,0.07,1,5,1,30,0.17,1,5,3,11,0.10,0,2,3,2,0.10,2,0,0,0,0.07,3,0,0,64,0.21,0,0,6,36,0.22,0,0,4,31,0.09,0,0,1,14,0.05,0,0,2,62,0.20,0,0,6,118,0.19,0,0,6,23,0.10,0,0,2,49,0.18,0,0,2,70,0.06,0,0,1,0,0.05,0,0,2,9,0.02,0,6,3
261,585,0,0,6,0,34,0,1,MOVING_TO_FIELD,Field_4,1,MOVING_TO_FIELD,Field_4,1,PROTECTING,Field_5,1,MOVING_TO_FIELD,Field_6,1,MOVING_TO_FIELD,Field_1,1,MOVING_TO_FIELD,Field_1,1,MOVING_TO_FIELD,Field_6,1,MOVING_TO_FIELD,Field_4,1,PROTECTING,Field_9,1,MOVING_TO_FIELD,Field_5,1,MOVING_TO_FIELD,Field_1,1,PROTECTING,Field_8,1,MOVING_TO_FIELD,Field_6,1,MOVING_TO_FIELD,Field_20,1,MOVING_TO_FIELD,Field_20,1,PROTECTING,Field_9,1,MOVING_TO_FIELD,Field_5,1,MOVING_TO_FIELD,Field_1,1,MOVING_TO_FIELD,Field_6,1,MOVING_TO_FIELD,Field_1,1,MOVING_TO_FIELD,Field_7,1,MOVING_TO_FIELD,Field_4,1,MOVING_TO_FIELD,Field_20,1,MOVING_TO_FIELD,Field_1,1,MOVING_TO_FIELD,Field_2,1,PROTECTING,Field_8,1,PROTECTING,Field_9,1,MOVING_TO_FIELD,Field_20,1,MOVING_TO_FIELD,Field_4,1,MOVING_TO_FIELD,Field_8,1,MOVING_TO_FIELD,Field_7,1,MOVING_TO_FIELD,Field_5,1,MOVING_TO_FIELD,Field_20,1,MOVING_TO_FIELD,Field_4,1,MOVING_TO_FIELD,Field_20,1,MOVING_TO_FIELD,Field_5,1,MOVING_TO_FIELD,Field_1,1,MOVING_TO_FIELD,Field_5,1,MOVING_TO_FIELD,Field_1,1,MOVING_TO_FIELD,Field_5,19,0.17,0,8,4,20,0.03,0,1,2,5,0.06,0,0,4,15,0.08,0,6,4,6,0.07,1,6,1,30,0.17,0,4,4,11,0.12,0,2,3,2,0.10,2,1,0,0,0.06,3,0,0,64,0.21,0,0,6,36,0.22,0,0,4,31,0.09,0,0,1,14,0.05,0,0,2,62,0.18,0,0,6,119,0.19,0,0,6,23,0.10,0,0,2,49,0.18,0,0,2,70,0.06,0,0,1,0,0.05,0,0,2,9,0.02,0,6,3
262,588,0,0,6,0,34,0,1,MOVING_TO_FIELD,Field_4,1,MOVING_TO_FIELD,Field_4,1,PROTECTING,Field_5,1,MOVING_TO_FIELD,Field_6,1,MOVING_TO_FIELD,Field_1,1,MOVING_TO_FIELD,Field_1,1,MOVING_TO_FIELD,Field_6,1,MOVING_TO_FIELD,Field_4,1,PROTECTING,Field_9,1,MOVING_TO_FIELD,Field_5,1,MOVING_TO_FIELD,Field_1,1,PROTECTING,Field_8,1,MOVING_TO_FIELD,Field_6,1,MOVING_TO_FIELD,Field_20,1,MOVING_TO_FIELD,Field_20,1,PROTECTING,Field_9,1,MOVING_TO_FIELD,Field_5,1,MOVING_TO_FIELD,Field_1,1,MOVING_TO_FIELD,Field_6,1,MOVING_TO_FIELD,Field_1,1,MOVING_TO_FIELD,Field_7,1,MOVING_TO_FIELD,Field_4,1,MOVING_TO_FIELD,Field_20,1,MOVING_TO_FIELD,Field_1,1,MOVING_TO_FIELD,Field_2,1,PROTECTING,Field_8,1,PROTECTING,Field_9,1,MOVING_TO_FIELD,Field_20,1,MOVING_TO_FIELD,Field_4,1,MOVING_TO_FIELD,Field_8,1,MOVING_TO_FIELD,Field_7,1,MOVING_TO_FIELD,Field_5,1,MOVING_TO_FIELD,Field_20,1,MOVING_TO_FIELD,Field_4,1,MOVING_TO_FIELD,Field_20,1,MOVING_TO_FIELD,Field_5,1,MOVING_TO_FIELD,Field_1,1,MOVING_TO_FIELD,Field_5,1,MOVING_TO_FIELD,Field_1,1,MOVING_TO_FIELD,Field_5,20,0.17,0,8,4,20,0.03,0,1,2,5,0.07,0,0,4,15,0.08,0,6,4,6,0.06,1,6,1,30,0.17,0,4,4,11,0.12,0,2,3,2,0.09,2,1,0,0,0.06,3,0,0,65,0.23,0,0,6,36,0.24,0,0,4,31,0.09,0,0,1,14,0.05,0,0,2,62,0.18,0,0,6,120,0.19,0,0,6,23,0.10,0,0,2,49,0.16,0,0,2,70,0.06,0,0,1,0,0.08,0,0,2,9,0.02,0,6,3
263,590,0,0,7,0,33,0,1,MOVING_TO_FIELD,Field_4,1,MOVING_TO_FIELD,Field_4,1,PROTECTING,Field_5,1,MOVING_TO_FIELD,Field_6,1,MOVING_TO_FIELD,Field_1,1,MOVING_TO_FIELD,Field_1,1,MOVING_TO_FIELD,Field_6,1,MOVING_TO_FIELD,Field_4,1,PROTECTING,Field_9,1,MOVING_TO_FIELD,Field_5,1,MOVING_TO_FIELD,Field_1,1,PROTECTING,Field_8,1,MOVING_TO_FIELD,Field_6,1,MOVING_TO_FIELD,Field_20,1,MOVING_TO_FIELD,Field_20,1,PROTECTING,Field_9,1,MOVING_TO_FIELD,Field_5,1,MOVING_TO_FIELD,Field_1,1,MOVING_TO_FIELD,Field_6,1,MOVING_TO_FIELD,Field_1,1,MOVING_TO_FIELD,Field_7,1,MOVING_TO_FIELD,Field_4,1,MOVING_TO_FIELD,Field_20,1,MOVING_TO_FIELD,Field_1,1,MOVING_TO_FIELD,Field_2,1,PROTECTING,Field_8,1,PROTECTING,Field_9,1,MOVING_TO_FIELD,Field_20,1,MOVING_TO_FIELD,Field_4,1,MOVING_TO_FIELD,Field_8,1,MOVING_TO_FIELD,Field_7,1,PROTECTING,Field_5,1,MOVING_TO_FIELD,Field_20,1,MOVING_TO_FIELD,Field_4,1,MOVING_TO_FIELD,Field_20,1,MOVING_TO_FIELD,Field_5,1,MOVING_TO_FIELD,Field_1,1,MOVING_TO_FIELD,Field_5,1,MOVING_TO_FIELD,Field_1,1,MOVING_TO_FIELD,Field_5,20,0.17,0,8,4,20,0.04,0,1,2,5,0.07,0,0,4,15,0.09,0,6,4,6,0.06,2,5,0,31,0.17,0,4,4,11,0.13,0,2,3,2,0.07,2,1,0,0,0.06,3,0,0,66,0.23,0,0,6,36,0.25,0,0,4,31,0.09,0,0,1,14,0.05,0,0,2,62,0.18,0,0,6,120,0.19,0,0,6,23,0.10,0,0,2,49,0.16,0,0,2,70,0.07,0,0,1,0,0.08,0,0,2,9,0.02,0,6,3
264,592,0,0,7,0,33,0,1,MOVING_TO_FIELD,Field_4,1,MOVING_TO_FIELD,Field_4,1,PROTECTING,Field_5,1,MOVING_TO_FIELD,Field_6,1,MOVING_TO_FIELD,Field_1,1,MOVING_TO_FIELD,Field_1,1,MOVING_TO_FIELD,Field_6,1,MOVING_TO_FIELD,Field_4,1,PROTECTING,Field_9,1,MOVING_TO_FIELD,Field_5,1,MOVING_TO_FIELD,Field_1,1,PROTECTING,Field_8,1,MOVING_TO_FIELD,Field_6,1,MOVING_TO_FIELD,Field_20,1,MOVING_TO_FIELD,Field_20,1,PROTECTING,Field_9,1,MOVING_TO_FIELD,Field_5,1,MOVING_TO_FIELD,Field_1,1,MOVING_TO_FIELD,Field_6,1,MOVING_TO_FIELD,Field_1,1,MOVING_TO_FIELD,Field_7,1,MOVING_TO_FIELD,Field_4,1,MOVING_TO_FIELD,Field_20,1,MOVING_TO_FIELD,Field_1,1,MOVING_TO_FIELD,Field_2,1,PROTECTING,Field_8,1,PROTECTING,Field_9,1,MOVING_TO_FIELD,Field_20,1,MOVING_TO_FIELD,Field_4,1,MOVING_TO_FIELD,Field_8,1,MOVING_TO_FIELD,Field_7,1,PROTECTING,Field_5,1,MOVING_TO_FIELD,Field_20,1,MOVING_TO_FIELD,Field_4,1,MOVING_TO_FIELD,Field_20,1,MOVING_TO_FIELD,Field_5,1,MOVING_TO_FIELD,Field_1,1,MOVING_TO_FIELD,Field_5,1,MOVING_TO_FIELD,Field_1,1,MOVING_TO_FIELD,Field_5,21,0.14,0,8,4,20,0.03,0,1,2,5,0.07,0,0,4,15,0.09,0,6,4,6,0.06,2,5,0,31,0.17,0,4,4,12,0.13,0,2,3,2,0.07,2,1,0,0,0.04,3,0,0,66,0.23,0,0,6,36,0.26,0,0,4,31,0.06,0,0,1,14,0.05,0,0,2,62,0.21,0,0,6,120,0.20,0,0,6,23,0.09,0,0,2,49,0.16,0,0,2,70,0.07,0,0,1,0,0.06,0,0,2,9,0.02,0,6,3
265,593,0,0,7,0,33,0,1,MOVING_TO_FIELD,Field_4,1,MOVING_TO_FIELD,Field_4,1,PROTECTING,Field_5,1,MOVING_TO_FIELD,Field_6,1,MOVING_TO_FIELD,Field_1,1,MOVING_TO_FIELD,Field_1,1,MOVING_TO_FIELD,Field_6,1,MOVING_TO_FIELD,Field_4,1,PROTECTING,Field_9,1,MOVING_TO_FIELD,Field_5,1,MOVING_TO_FIELD,Field_1,1,PROTECTING,Field_8,1,MOVING_TO_FIELD,Field_6,1,MOVING_TO_FIELD,Field_20,1,MOVING_TO_FIELD,Field_20,1,PROTECTING,Field_9,1,MOVING_TO_FIELD,Field_5,1,MOVING_TO_FIELD,Field_1,1,MOVING_TO_FIELD,Field_6,1,MOVING_TO_FIELD,Field_1,1,MOVING_TO_FIELD,Field_7,1,MOVING_TO_FIELD,Field_4,1,MOVING_TO_FIELD,Field_20,1,MOVING_TO_FIELD,Field_1,1,MOVING_TO_FIELD,Field_2,1,PROTECTING,Field_8,1,PROTECTING,Field_9,1,MOVING_TO_FIELD,Field_20,1,MOVING_TO_FIELD,Field_4,1,MOVING_TO_FIELD,Field_8,1,MOVING_TO_FIELD,Field_7,1,PROTECTING,Field_5,1,MOVING_TO_FIELD,Field_20,1,MOVING_TO_FIELD,Field_4,1,MOVING_TO_FIELD,Field_20,1,MOVING_TO_FIELD,Field_5,1,MOVING_TO_FIELD,Field_1,1,MOVING_TO_FIELD,Field_5,1,MOVING_TO_FIELD,Field_1,1,MOVING_TO_FIELD,Field_5,21,0.17,0,8,4,20,0.03,0,1,2,5,0.07,0,0,4,15,0.10,0,6,4,6,0.06,2,5,0,32,0.17,0,4,4,12,0.14,0,2,3,2,0.06,2,1,0,0,0.06,3,0,0,66,0.23,0,0,6,36,0.26,0,0,4,31,0.06,0,0,1,14,0.05,0,0,2,62,0.21,0,0,6,120,0.18,0,0,6,23,0.06,0,0,2,49,0.16,0,0,2,70,0.06,0,0,1,0,0.06,0,0,2,9,0.02,0,6,3
266,594,0,0,7,0,33,0,1,MOVING_TO_FIELD,Field_4,1,MOVING_TO_FIELD,Field_4,1,PROTECTING,Field_5,1,MOVING_TO_FIELD,Field_6,1,MOVING_TO_FIELD,Field_1,1,MOVING_TO_FIELD,Field_1,1,MOVING_TO_FIELD,Field_6,1,MOVING_TO_FIELD,Field_4,1,PROTECTING,Field_9,1,MOVING_TO_FIELD,Field_5,1,MOVING_TO_FIELD,Field_1,1,PROTECTING,Field_8,1,MOVING_TO_FIELD,Field_6,1,MOVING_TO_FIELD,Field_20,1,MOVING_TO_FIELD,Field_20,1,PROTECTING,Field_9,1,MOVING_TO_FIELD,Field_5,1,MOVING_TO_FIELD,Field_1,1,MOVING_TO_FIELD,Field_6,1,MOVING_TO_FIELD,Field_1,1,MOVING_TO_FIELD,Field_7,1,MOVING_TO_FIELD,Field_4,1,MOVING_TO_FIELD,Field_20,1,MOVING_TO_FIELD,Field_1,1,MOVING_TO_FIELD,Field_2,1,PROTECTING,Field_8,1,PROTECTING,Field_9,1,MOVING_TO_FIELD,Field_20,1,MOVING_TO_FIELD,Field_4,1,MOVING_TO_FIELD,Field_8,1,MOVING_TO_FIELD,Field_7,1,PROTECTING,Field_5,1,MOVING_TO_FIELD,Field_20,1,MOVING_TO_FIELD,Field_4,1,MOVING_TO_FIELD,Field_20,1,MOVING_TO_FIELD,Field_5,1,MOVING_TO_FIELD,Field_1,1,MOVING_TO_FIELD,Field_5,1,MOVING_TO_FIELD,Field_1,1,MOVING_TO_FIELD,Field_5,21,0.17,0,8,4,20,0.04,0,1,2,5,0.08,0,0,4,15,0.10,0,6,4,6,0.07,2,5,0,32,0.17,0,4,4,12,0.13,0,2,3,2,0.06,2,1,0,0,0.06,3,0,0,66,0.23,0,0,6,37,0.26,0,0,4,31,0.06,0,0,1,14,0.05,0,0,2,62,0.23,0,0,6,120,0.17,0,0,6,23,0.07,0,0,2,49,0.16,0,0,2,70,0.06,0,0,1,0,0.08,0,0,2,9,0.02,0,6,3
267,596,0,0,8,0,32,0,1,MOVING_TO_FIELD,Field_4,1,MOVING_TO_FIELD,Field_4,1,PROTECTING,Field_5,1,MOVING_TO_FIELD,Field_6,1,MOVING_TO_FIELD,Field_1,1,PROTECTING,Field_1,1,MOVING_TO_FIELD,Field_6,1,MOVING_TO_FIELD,Field_4,1,PROTECTING,Field_9,1,MOVING_TO_FIELD,Field_5,1,MOVING_TO_FIELD,Field_1,1,PROTECTING,Field_8,1,MOVING_TO_FIELD,Field_6,1,MOVING_TO_FIELD,Field_20,1,MOVING_TO_FIELD,Field_20,1,PROTECTING,Field_9,1,MOVING_TO_FIELD,Field_5,1,MOVING_TO_FIELD,Field_1,1,MOVING_TO_FIELD,Field_6,1,MOVING_TO_FIELD,Field_1,1,MOVING_TO_FIELD,Field_7,1,MOVING_TO_FIELD,Field_4,1,MOVING_TO_FIELD,Field_20,1,MOVING_TO_FIELD,Field_1,1,MOVING_TO_FIELD,Field_2,1,PROTECTING,Field_8,1,PROTECTING,Field_9,1,MOVING_TO_FIELD,Field_20,1,MOVING_TO_FIELD,Field_4,1,MOVING_TO_FIELD,Field_8,1,MOVING_TO_FIELD,Field_7,1,PROTECTING,Field_5,1,MOVING_TO_FIELD,Field_20,1,MOVING_TO_FIELD,Field_4,1,MOVING_TO_FIELD,Field_20,1,MOVING_TO_FIELD,Field_5,1,MOVING_TO_FIELD,Field_1,1,MOVING_TO_FIELD,Field_5,1,MOVING_TO_FIELD,Field_1,1,MOVING_TO_FIELD,Field_5,21,0.17,1,7,3,20,0.04,0,1,2,5,0.08,0,0,4,15,0.10,0,6,4,6,0.06,2,5,0,32,0.15,0,4,4,12,0.14,0,2,3,2,0.06,2,1,0,0,0.06,3,0,0,67,0.23,0,0,6,37,0.25,0,0,4,31,0.06,0,0,1,14,0.05,0,0,2,62,0.24,0,0,6,121,0.17,0,0,6,23,0.07,0,0,2,49,0.18,0,0,2,70,0.06,0,0,1,0,0.06,0,0,2,9,0.02,0,6,3
268,597,0,0,8,0,32,0,1,MOVING_TO_FIELD,Field_4,1,MOVING_TO_FIELD,Field_4,1,PROTECTING,Field_5,1,MOVING_TO_FIELD,Field_6,1,MOVING_TO_FIELD,Field_1,1,PROTECTING,Field_1,1,MOVING_TO_FIELD,Field_6,1,MOVING_TO_FIELD,Field_4,1,PROTECTING,Field_9,1,MOVING_TO_FIELD,Field_5,1,MOVING_TO_FIELD,Field_1,1,PROTECTING,Field_8,1,MOVING_TO_FIELD,Field_6,1,MOVING_TO_FIELD,Field_20,1,MOVING_TO_FIELD,Field_20,1,PROTECTING,Field_9,1,MOVING_TO_FIELD,Field_5,1,MOVING_TO_FIELD,Field_1,1,MOVING_TO_FIELD,Field_6,1,MOVING_TO_FIELD,Field_1,1,MOVING_TO_FIELD,Field_7,1,MOVING_TO_FIELD,Field_4,1,MOVING_TO_FIELD,Field_20,1,MOVING_TO_FIELD,Field_1,1,MOVING_TO_FIELD,Field_2,1,PROTECTING,Field_8,1,PROTECTING,Field_9,1,MOVING_TO_FIELD,Field_20,1,MOVING_TO_FIELD,Field_4,1,MOVING_TO_FIELD,Field_8,1,MOVING_TO_FIELD,Field_7,1,PROTECTING,Field_5,1,MOVING_TO_FIELD,Field_20,1,MOVING_TO_FIELD,Field_4,1,MOVING_TO_FIELD,Field_20,1,MOVING_TO_FIELD,Field_5,1,MOVING_TO_FIELD,Field_1,1,MOVING_TO_FIELD,Field_5,1,MOVING_TO_FIELD,Field_1,1,MOVING_TO_FIELD,Field_5,21,0.18,1,7,3,20,0.03,0,1,2,5,0.08,0,0,4,15,0.10,0,6,4,6,0.06,2,5,0,32,0.15,0,4,4,12,0.14,0,2,3,2,0.04,2,1,0,0,0.06,3,0,0,67,0.23,0,0,6,37,0.25,0,0,4,31,0.06,0,0,1,14,0.05,0,0,2,62,0.23,0,0,6,122,0.18,0,0,6,23,0.06,0,0,2,49,0.16,0,0,2,70,0.04,0,0,1,0,0.06,0,0,2,9,0.04,0,6,3
269,600,0,0,8,0,32,0,1,MOVING_TO_FIELD,Field_4,1,MOVING_TO_FIELD,Field_4,1,PROTECTING,Field_5,1,MOVING_TO_FIELD,Field_6,1,MOVING_TO_FIELD,Field_1,1,PROTECTING,Field_1,1,MOVING_TO_FIELD,Field_6,1,MOVING_TO_FIELD,Field_4,1,PROTECTING,Field_9,1,MOVING_TO_FIELD,Field_5,1,MOVING_TO_FIELD,Field_1,1,PROTECTING,Field_8,1,MOVING_TO_FIELD,Field_6,1,MOVING_TO_FIELD,Field_20,1,MOVING_TO_FIELD,Field_20,1,PROTECTING,Field_9,1,MOVING_TO_FIELD,Field_5,1,MOVING_TO_FIELD,Field_1,1,MOVING_TO_FIELD,Field_6,1,MOVING_TO_FIELD,Field_1,1,MOVING_TO_FIELD,Field_7,1,MOVING_TO_FIELD,Field_4,1,MOVING_TO_FIELD,Field_20,1,MOVING_TO_FIELD,Field_1,1,MOVING_TO_FIELD,Field_2,1,PROTECTING,Field_8,1,PROTECTING,Field_9,1,MOVING_TO_FIELD,Field_20,1,MOVING_TO_FIELD,Field_4,1,MOVING_TO_FIELD,Field_8,1,MOVING_TO_FIELD,Field_7,1,PROTECTING,Field_5,1,MOVING_TO_FIELD,Field_20,1,MOVING_TO_FIELD,Field_4,1,MOVING_TO_FIELD,Field_20,1,MOVING_TO_FIELD,Field_5,1,MOVING_TO_FIELD,Field_1,1,MOVING_TO_FIELD,Field_5,1,MOVING_TO_FIELD,Field_1,1,MOVING_TO_FIELD,Field_5,22,0.19,1,7,3,20,0.03,0,1,2,5,0.07,0,0,4,15,0.11,0,6,4,6,0.06,2,5,0,32,0.16,0,4,4,12,0.15,0,2,3,2,0.03,2,1,0,0,0.07,3,0,0,67,0.23,0,0,6,38,0.26,0,0,4,31,0.06,0,0,1,14,0.04,0,0,2,63,0.24,0,0,6,122,0.18,0,0,6,23,0.06,0,0,2,49,0.15,0,0,2,70,0.04,0,0,1,0,0.06,0,0,2,9,0.06,0,6,3
270,601,0,0,8,0,32,0,1,MOVING_TO_FIELD,Field_4,1,MOVING_TO_FIELD,Field_4,1,PROTECTING,Field_5,1,MOVING_TO_FIELD,Field_6,1,MOVING_TO_FIELD,Field_1,1,PROTECTING,Field_1,1,MOVING_TO_FIELD,Field_6,1,MOVING_TO_FIELD,Field_4,1,PROTECTING,Field_9,1,MOVING_TO_FIELD,Field_5,1,MOVING_TO_FIELD,Field_1,1,PROTECTING,Field_8,1,MOVING_TO_FIELD,Field_6,1,MOVING_TO_FIELD,Field_20,1,MOVING_TO_FIELD,Field_20,1,PROTECTING,Field_9,1,MOVING_TO_FIELD,Field_5,1,MOVING_TO_FIELD,Field_1,1,MOVING_TO_FIELD,Field_6,1,MOVING_TO_FIELD,Field_1,1,MOVING_TO_FIELD,Field_7,1,MOVING_TO_FIELD,Field_4,1,MOVING_TO_FIELD,Field_20,1,MOVING_TO_FIELD,Field_1,1,MOVING_TO_FIELD,Field_2,1,PROTECTING,Field_8,1,PROTECTING,Field_9,1,MOVING_TO_FIELD,Field_20,1,MOVING_TO_FIELD,Field_4,1,MOVING_TO_FIELD,Field_8,1,MOVING_TO_FIELD,Field_7,1,PROTECTING,Field_5,1,MOVING_TO_FIELD,Field_20,1,MOVING_TO_FIELD,Field_4,1,MOVING_TO_FIELD,Field_20,1,MOVING_TO_FIELD,Field_5,1,MOVING_TO_FIELD,Field_1,1,MOVING_TO_FIELD,Field_5,1,MOVING_TO_FIELD,Field_1,1,MOVING_TO_FIELD,Field_5,22,0.19,1,7,3,20,0.03,0,1,2,5,0.07,0,0,4,16,0.11,0,6,4,6,0.06,2,5,0,32,0.16,0,4,4,12,0.15,0,2,3,2,0.03,2,1,0,0,0.07,3,0,0,67,0.21,0,0,6,38,0.26,0,0,4,31,0.06,0,0,1,14,0.04,0,0,2,63,0.24,0,0,6,122,0.18,0,0,6,23,0.07,0,0,2,49,0.15,0,0,2,70,0.04,0,0,1,0,0.05,0,0,2,9,0.06,0,6,3
271,605,1,0,0,0,39,0,1,MOVING_TO_FIELD,Field_1,1,MOVING_TO_FIELD,Field_20,1,MOVING_TO_FIELD,Field_4,1,MOVING_TO_FIELD,Field_7,1,MOVING_TO_FIELD,Field_4,1,MOVING_TO_FIELD,Field_4,1,MOVING_TO_FIELD,Field_7,1,MOVING_TO_FIELD,Field_6,1,MOVING_TO_FIELD,Field_7,1,MOVING_TO_FIELD,Field_4,1,MOVING_TO_FIELD,Field_4,1,MOVING_TO_FIELD,Field_7,1,MOVING_TO_FIELD,Field_5,1,MOVING_TO_FIELD,Field_1,1,MOVING_TO_FIELD,Field_6,1,MOVING_TO_FIELD,Field_20,1,MOVING_TO_FIELD,Field_1,1,MOVING_TO_FIELD,Field_4,1,IDLE,,1,MOVING_TO_FIELD,Field_1,1,MOVING_TO_FIELD,Field_20,1,MOVING_TO_FIELD,Field_20,1,MOVING_TO_FIELD,Field_1,1,MOVING_TO_FIELD,Field_4,1,MOVING_TO_FIELD,Field_5,1,MOVING_TO_FIELD,Field_7,1,MOVING_TO_FIELD,Field_20,1,MOVING_TO_FIELD,Field_5,1,MOVING_TO_FIELD,Field_6,1,MOVING_TO_FIELD,Field_4,1,MOVING_TO_FIELD,Field_20,1,MOVING_TO_FIELD,Field_1,1,MOVING_TO_FIELD,Field_4,1,MOVING_TO_FIELD,Field_6,1,MOVING_TO_FIELD,Field_5,1,MOVING_TO_FIELD,Field_5,1,MOVING_TO_FIELD,Field_4,1,MOVING_TO_FIELD,Field_1,1,MOVING_TO_FIELD,Field_1,1,MOVING_TO_FIELD,Field_5,22,0.19,0,8,4,20,0.03,0,0,2,5,0.08,0,0,4,16,0.09,0,10,4,6,0.06,0,6,2,32,0.15,0,4,4,14,0.17,0,5,3,2,0.03,0,0,2,0,0.07,0,0,3,67,0.23,0,0,6,38,0.25,0,0,4,31,0.06,0,0,1,14,0.04,0,0,2,63,0.23,0,0,6,124,0.18,0,0,6,23,0.07,0,0,2,49,0.13,0,0,2,70,0.02,0,0,1,0,0.05,0,0,2,9,0.06,0,6,3
272,607,1,0,0,0,39,0,1,MOVING_TO_FIELD,Field_1,1,MOVING_TO_FIELD,Field_20,1,MOVING_TO_FIELD,Field_4,1,MOVING_TO_FIELD,Field_7,1,MOVING_TO_FIELD,Field_4,1,MOVING_TO_FIELD,Field_4,1,MOVING_TO_FIELD,Field_7,1,MOVING_TO_FIELD,Field_6,1,MOVING_TO_FIELD,Field_7,1,MOVING_TO_FIELD,Field_4,1,MOVING_TO_FIELD,Field_4,1,MOVING_TO_FIELD,Field_7,1,MOVING_TO_FIELD,Field_5,1,MOVING_TO_FIELD,Field_1,1,MOVING_TO_FIELD,Field_6,1,MOVING_TO_FIELD,Field_20,1,MOVING_TO_FIELD,Field_1,1,MOVING_TO_FIELD,Field_4,1,IDLE,,1,MOVING_TO_FIELD,Field_1,1,MOVING_TO_FIELD,Field_20,1,MOVING_TO_FIELD,Field_20,1,MOVING_TO_FIELD,Field_1,1,MOVING_TO_FIELD,Field_4,1,MOVING_TO_FIELD,Field_5,1,MOVING_TO_FIELD,Field_7,1,MOVING_TO_FIELD,Field_20,1,MOVING_TO_FIELD,Field_5,1,MOVING_TO_FIELD,Field_6,1,MOVING_TO_FIELD,Field_4,1,MOVING_TO_FIELD,Field_20,1,MOVING_TO_FIELD,Field_1,1,MOVING_TO_FIELD,Field_4,1,MOVING_TO_FIELD,Field_6,1,MOVING_TO_FIELD,Field_5,1,MOVING_TO_FIELD,Field_5,1,MOVING_TO_FIELD,Field_4,1,MOVING_TO_FIELD,Field_1,1,MOVING_TO_FIELD,Field_1,1,MOVING_TO_FIELD,Field_5,23,0.19,0,8,4,20,0.03,0,0,2,5,0.09,0,0,4,16,0.10,0,10,4,6,0.05,0,6,2,32,0.15,0,4,4,14,0.16,0,5,3,2,0.03,0,0,2,0,0.08,0,0,3,67,0.23,0,0,6,38,0.26,0,0,4,31,0.06,0,0,1,14,0.04,0,0,2,63,0.23,0,0,6,124,0.17,0,0,6,23,0.07,0,0,2,50,0.13,0,0,2,70,0.02,0,0,1,0,0.05,0,0,2,9,0.06,0,6,3
273,608,1,0,0,0,39,0,1,MOVING_TO_FIELD,Field_1,1,MOVING_TO_FIELD,Field_20,1,MOVING_TO_FIELD,Field_4,1,MOVING_TO_FIELD,Field_7,1,MOVING_TO_FIELD,Field_4,1,MOVING_TO_FIELD,Field_4,1,MOVING_TO_FIELD,Field_7,1,MOVING_TO_FIELD,Field_6,1,MOVING_TO_FIELD,Field_7,1,MOVING_TO_FIELD,Field_4,1,MOVING_TO_FIELD,Field_4,1,MOVING_TO_FIELD,Field_7,1,MOVING_TO_FIELD,Field_5,1,MOVING_TO_FIELD,Field_1,1,MOVING_TO_FIELD,Field_6,1,MOVING_TO_FIELD,Field_20,1,MOVING_TO_FIELD,Field_1,1,MOVING_TO_FIELD,Field_4,1,IDLE,,1,MOVING_TO_FIELD,Field_1,1,MOVING_TO_FIELD,Field_20,1,MOVING_TO_FIELD,Field_20,1,MOVING_TO_FIELD,Field_1,1,MOVING_TO_FIELD,Field_4,1,MOVING_TO_FIELD,Field_5,1,MOVING_TO_FIELD,Field_7,1,MOVING_TO_FIELD,Field_20,1,MOVING_TO_FIELD,Field_5,1,MOVING_TO_FIELD,Field_6,1,MOVING_TO_FIELD,Field_4,1,MOVING_TO_FIELD,Field_20,1,MOVING_TO_FIELD,Field_1,1,MOVING_TO_FIELD,Field_4,1,MOVING_TO_FIELD,Field_6,1,MOVING_TO_FIELD,Field_5,1,MOVING_TO_FIELD,Field_5,1,MOVING_TO_FIELD,Field_4,1,MOVING_TO_FIELD,Field_1,1,MOVING_TO_FIELD,Field_1,1,MOVING_TO_FIELD,Field_5,23,0.19,0,8,4,20,0.03,0,0,2,5,0.08,0,0,4,16,0.10,0,10,4,6,0.05,0,6,2,32,0.15,0,4,4,14,0.15,0,5,3,2,0.03,0,0,2,0,0.07,0,0,3,68,0.24,0,0,6,38,0.28,0,0,4,31,0.06,0,0,1,14,0.04,0,0,2,63,0.23,0,0,6,124,0.17,0,0,6,23,0.09,0,0,2,50,0.13,0,0,2,70,0.02,0,0,1,0,0.05,0,0,2,9,0.06,0,6,3
274,611,1,0,0,0,39,0,1,MOVING_TO_FIELD,Field_1,1,MOVING_TO_FIELD,Field_20,1,MOVING_TO_FIELD,Field_4,1,MOVING_TO_FIELD,Field_7,1,MOVING_TO_FIELD,Field_4,1,MOVING_TO_FIELD,Field_4,1,MOVING_TO_FIELD,Field_7,1,MOVING_TO_FIELD,Field_6,1,MOVING_TO_FIELD,Field_7,1,MOVING_TO_FIELD,Field_4,1,MOVING_TO_FIELD,Field_4,1,MOVING_TO_FIELD,Field_7,1,MOVING_TO_FIELD,Field_5,1,MOVING_TO_FIELD,Field_1,1,MOVING_TO_FIELD,Field_6,1,MOVING_TO_FIELD,Field_20,1,MOVING_TO_FIELD,Field_1,1,MOVING_TO_FIELD,Field_4,1,IDLE,,1,MOVING_TO_FIELD,Field_1,1,MOVING_TO_FIELD,Field_20,1,MOVING_TO_FIELD,Field_20,1,MOVING_TO_FIELD,Field_1,1,MOVING_TO_FIELD,Field_4,1,MOVING_TO_FIELD,Field_5,1,MOVING_TO_FIELD,Field_7,1,MOVING_TO_FIELD,Field_20,1,MOVING_TO_FIELD,Field_5,1,MOVING_TO_FIELD,Field_6,1,MOVING_TO_FIELD,Field_4,1,MOVING_TO_FIELD,Field_20,1,MOVING_TO_FIELD,Field_1,1,MOVING_TO_FIELD,Field_4,1,MOVING_TO_FIELD,Field_6,1,MOVING_TO_FIELD,Field_5,1,MOVING_TO_FIELD,Field_5,1,MOVING_TO_FIELD,Field_4,1,MOVING_TO_FIELD,Field_1,1,MOVING_TO_FIELD,Field_1,1,MOVING_TO_FIELD,Field_5,23,0.19,0,8,4,20,0.03,0,0,2,5,0.08,0,0,4,16,0.10,0,10,4,6,0.05,0,6,2,32,0.14,0,4,4,14,0.14,0,5,3,2,0.03,0,0,2,0,0.07,0,0,3,69,0.24,0,0,6,39,0.28,0,0,4,31,0.06,0,0,1,14,0.04,0,0,2,63,0.20,0,0,6,124,0.17,0,0,6,23,0.09,0,0,2,51,0.13,0,0,2,70,0.04,0,0,1,0,0.06,0,0,2,9,0.06,0,6,3
275,612,1,0,0,0,39,0,1,MOVING_TO_FIELD,Field_1,1,MOVING_TO_FIELD,Field_20,1,MOVING_TO_FIELD,Field_4,1,MOVING_TO_FIELD,Field_7,1,MOVING_TO_FIELD,Field_4,1,MOVING_TO_FIELD,Field_4,1,MOVING_TO_FIELD,Field_7,1,MOVING_TO_FIELD,Field_6,1,MOVING_TO_FIELD,Field_7,1,MOVING_TO_FIELD,Field_4,1,MOVING_TO_FIELD,Field_4,1,MOVING_TO_FIELD,Field_7,1,MOVING_TO_FIELD,Field_5,1,MOVING_TO_FIELD,Field_1,1,MOVING_TO_FIELD,Field_6,1,MOVING_TO_FIELD,Field_20,1,MOVING_TO_FIELD,Field_1,1,MOVING_TO_FIELD,Field_4,1,IDLE,,1,MOVING_TO_FIELD,Field_1,1,MOVING_TO_FIELD,Field_20,1,MOVING_TO_FIELD,Field_20,1,MOVING_TO_FIELD,Field_1,1,MOVING_TO_FIELD,Field_4,1,MOVING_TO_FIELD,Field_5,1,MOVING_TO_FIELD,Field_7,1,MOVING_TO_FIELD,Field_20,1,MOVING_TO_FIELD,Field_5,1,MOVING_TO_FIELD,Field_6,1,MOVING_TO_FIELD,Field_4,1,MOVING_TO_FIELD,Field_20,1,MOVING_TO_FIELD,Field_1,1,MOVING_TO_FIELD,Field_4,1,MOVING_TO_FIELD,Field_6,1,MOVING_TO_FIELD,Field_5,1,MOVING_TO_FIELD,Field_5,1,MOVING_TO_FIELD,Field_4,1,MOVING_TO_FIELD,Field_1,1,MOVING_TO_FIELD,Field_1,1,MOVING_TO_FIELD,Field_5,23,0.19,0,8,4,20,0.04,0,0,2,5,0.09,0,0,4,16,0.11,0,10,4,6,0.05,0,6,2,32,0.14,0,4,4,14,0.14,0,5,3,2,0.03,0,0,2,0,0.07,0,0,3,69,0.24,0,0,6,40,0.26,0,0,4,31,0.06,0,0,1,14,0.04,0,0,2,63,0.20,0,0,6,124,0.17,0,0,6,23,0.10,0,0,2,51,0.15,0,0,2,70,0.04,0,0,1,0,0.06,0,0,2,9,0.04,0,6,3
276,615,1,0,0,0,39,0,1,MOVING_TO_FIELD,Field_1,1,MOVING_TO_FIELD,Field_20,1,MOVING_TO_FIELD,Field_4,1,MOVING_TO_FIELD,Field_7,1,MOVING_TO_FIELD,Field_4,1,MOVING_TO_FIELD,Field_4,1,MOVING_TO_FIELD,Field_7,1,MOVING_TO_FIELD,Field_6,1,MOVING_TO_FIELD,Field_7,1,MOVING_TO_FIELD,Field_4,1,MOVING_TO_FIELD,Field_4,1,MOVING_TO_FIELD,Field_7,1,MOVING_TO_FIELD,Field_5,1,MOVING_TO_FIELD,Field_1,1,MOVING_TO_FIELD,Field_6,1,MOVING_TO_FIELD,Field_20,1,MOVING_TO_FIELD,Field_1,1,MOVING_TO_FIELD,Field_4,1,IDLE,,1,MOVING_TO_FIELD,Field_1,1,MOVING_TO_FIELD,Field_20,1,MOVING_TO_FIELD,Field_20,1,MOVING_TO_FIELD,Field_1,1,MOVING_TO_FIELD,Field_4,1,MOVING_TO_FIELD,Field_5,1,MOVING_TO_FIELD,Field_7,1,MOVING_TO_FIELD,Field_20,1,MOVING_TO_FIELD,Field_5,1,MOVING_TO_FIELD,Field_6,1,MOVING_TO_FIELD,Field_4,1,MOVING_TO_FIELD,Field_20,1,MOVING_TO_FIELD,Field_1,1,MOVING_TO_FIELD,Field_4,1,MOVING_TO_FIELD,Field_6,1,MOVING_TO_FIELD,Field_5,1,MOVING_TO_FIELD,Field_5,1,MOVING_TO_FIELD,Field_4,1,MOVING_TO_FIELD,Field_1,1,MOVING_TO_FIELD,Field_1,1,MOVING_TO_FIELD,Field_5,23,0.18,0,8,4,20,0.04,0,0,2,5,0.10,0,0,4,16,0.12,0,10,4,6,0.04,0,6,2,32,0.14,0,4,4,14,0.14,0,5,3,2,0.01,0,0,2,0,0.06,0,0,3,69,0.24,0,0,6,40,0.25,0,0,4,31,0.06,0,0,1,14,0.04,0,0,2,63,0.20,0,0,6,126,0.17,0,0,6,23,0.09,0,0,2,52,0.15,0,0,2,70,0.04,0,0,1,0,0.06,0,0,2,9,0.04,0,6,3
277,617,1,0,1,0,38,0,1,MOVING_TO_FIELD,Field_1,1,MOVING_TO_FIELD,Field_20,1,MOVING_TO_FIELD,Field_4,1,MOVING_TO_FIELD,Field_7,1,MOVING_TO_FIELD,Field_4,1,MOVING_TO_FIELD,Field_4,1,MOVING_TO_FIELD,Field_7,1,MOVING_TO_FIELD,Field_6,1,PROTECTING,Field_7,1,MOVING_TO_FIELD,Field_4,1,MOVING_TO_FIELD,Field_4,1,MOVING_TO_FIELD,Field_7,1,MOVING_TO_FIELD,Field_5,1,MOVING_TO_FIELD,Field_1,1,MOVING_TO_FIELD,Field_6,1,MOVING_TO_FIELD,Field_20,1,MOVING_TO_FIELD,Field_1,1,MOVING_TO_FIELD,Field_4,1,IDLE,,1,MOVING_TO_FIELD,Field_1,1,MOVING_TO_FIELD,Field_20,1,MOVING_TO_FIELD,Field_20,1,MOVING_TO_FIELD,Field_1,1,MOVING_TO_FIELD,Field_4,1,MOVING_TO_FIELD,Field_5,1,MOVING_TO_FIELD,Field_7,1,MOVING_TO_FIELD,Field_20,1,MOVING_TO_FIELD,Field_5,1,MOVING_TO_FIELD,Field_6,1,MOVING_TO_FIELD,Field_4,1,MOVING_TO_FIELD,Field_20,1,MOVING_TO_FIELD,Field_1,1,MOVING_TO_FIELD,Field_4,1,MOVING_TO_FIELD,Field_6,1,MOVING_TO_FIELD,Field_5,1,MOVING_TO_FIELD,Field_5,1,MOVING_TO_FIELD,Field_4,1,MOVING_TO_FIELD,Field_1,1,MOVING_TO_FIELD,Field_1,1,MOVING_TO_FIELD,Field_5,24,0.18,0,8,4,20,0.04,0,0,2,5,0.10,0,0,4,16,0.13,0,10,4,6,0.04,0,6,2,32,0.14,0,4,4,14,0.14,1,4,2,2,0.01,0,0,2,0,0.04,0,0,3,69,0.24,0,0,6,41,0.24,0,0,4,31,0.06,0,0,1,14,0.04,0,0,2,63,0.20,0,0,6,126,0.16,0,0,6,23,0.07,0,0,2,52,0.15,0,0,2,70,0.04,0,0,1,0,0.06,0,0,2,9,0.04,0,6,3
278,619,1,0,2,0,37,0,1,MOVING_TO_FIELD,Field_1,1,MOVING_TO_FIELD,Field_20,1,MOVING_TO_FIELD,Field_4,1,MOVING_TO_FIELD,Field_7,1,MOVING_TO_FIELD,Field_4,1,MOVING_TO_FIELD,Field_4,1,MOVING_TO_FIELD,Field_7,1,MOVING_TO_FIELD,Field_6,1,PROTECTING,Field_7,1,MOVING_TO_FIELD,Field_4,1,MOVING_TO_FIELD,Field_4,1,MOVING_TO_FIELD,Field_7,1,MOVING_TO_FIELD,Field_5,1,MOVING_TO_FIELD,Field_1,1,MOVING_TO_FIELD,Field_6,1,MOVING_TO_FIELD,Field_20,1,MOVING_TO_FIELD,Field_1,1,MOVING_TO_FIELD,Field_4,1,IDLE,,1,MOVING_TO_FIELD,Field_1,1,MOVING_TO_FIELD,Field_20,1,MOVING_TO_FIELD,Field_20,1,MOVING_TO_FIELD,Field_1,1,MOVING_TO_FIELD,Field_4,1,MOVING_TO_FIELD,Field_5,1,MOVING_TO_FIELD,Field_7,1,MOVING_TO_FIELD,Field_20,1,MOVING_TO_FIELD,Field_5,1,MOVING_TO_FIELD,Field_6,1,MOVING_TO_FIELD,Field_4,1,MOVING_TO_FIELD,Field_20,1,MOVING_TO_FIELD,Field_1,1,MOVING_TO_FIELD,Field_4,1,MOVING_TO_FIELD,Field_6,1,MOVING_TO_FIELD,Field_5,1,MOVING_TO_FIELD,Field_5,1,MOVING_TO_FIELD,Field_4,1,MOVING_TO_FIELD,Field_1,1,PROTECTING,Field_1,1,MOVING_TO_FIELD,Field_5,24,0.18,1,7,3,20,0.04,0,0,2,5,0.11,0,0,4,16,0.13,0,10,4,6,0.04,0,6,2,32,0.13,0,4,4,14,0.14,1,4,2,2,0.01,0,0,2,0,0.03,0,0,3,69,0.24,0,0,6,43,0.26,0,0,4,31,0.06,0,0,1,14,0.04,0,0,2,63,0.20,0,0,6,126,0.17,0,0,6,23,0.07,0,0,2,52,0.13,0,0,2,70,0.04,0,0,1,0,0.06,0,0,2,9,0.04,0,6,3
279,621,1,0,3,0,36,0,1,MOVING_TO_FIELD,Field_1,1,MOVING_TO_FIELD,Field_20,1,MOVING_TO_FIELD,Field_4,1,MOVING_TO_FIELD,Field_7,1,MOVING_TO_FIELD,Field_4,1,MOVING_TO_FIELD,Field_4,1,MOVING_TO_FIELD,Field_7,1,MOVING_TO_FIELD,Field_6,1,PROTECTING,Field_7,1,MOVING_TO_FIELD,Field_4,1,MOVING_TO_FIELD,Field_4,1,PROTECTING,Field_7,1,MOVING_TO_FIELD,Field_5,1,MOVING_TO_FIELD,Field_1,1,MOVING_TO_FIELD,Field_6,1,MOVING_TO_FIELD,Field_20,1,MOVING_TO_FIELD,Field_1,1,MOVING_TO_FIELD,Field_4,1,IDLE,,1,MOVING_TO_FIELD,Field_1,1,MOVING_TO_FIELD,Field_20,1,MOVING_TO_FIELD,Field_20,1,MOVING_TO_FIELD,Field_1,1,MOVING_TO_FIELD,Field_4,1,MOVING_TO_FIELD,Field_5,1,MOVING_TO_FIELD,Field_7,1,MOVING_TO_FIELD,Field_20,1,MOVING_TO_FIELD,Field_5,1,MOVING_TO_FIELD,Field_6,1,MOVING_TO_FIELD,Field_4,1,MOVING_TO_FIELD,Field_20,1,MOVING_TO_FIELD,Field_1,1,MOVING_TO_FIELD,Field_4,1,MOVING_TO_FIELD,Field_6,1,MOVING_TO_FIELD,Field_5,1,MOVING_TO_FIELD,Field_5,1,MOVING_TO_FIELD,Field_4,1,MOVING_TO_FIELD,Field_1,1,PROTECTING,Field_1,1,MOVING_TO_FIELD,Field_5,25,0.18,1,7,3,20,0.03,0,0,2,5,0.12,0,0,4,16,0.13,0,10,4,6,0.04,0,6,2,32,0.13,0,4,4,14,0.14,2,3,1,2,0.01,0,0,2,0,0.03,0,0,3,70,0.24,0,0,6,43,0.28,0,0,4,31,0.06,0,0,1,14,0.04,0,0,2,63,0.20,0,0,6,126,0.17,0,0,6,23,0.09,0,0,2,52,0.13,0,0,2,70,0.06,0,0,1,0,0.06,0,0,2,9,0.04,0,6,3
280,623,1,0,5,0,34,0,1,MOVING_TO_FIELD,Field_1,1,MOVING_TO_FIELD,Field_20,1,MOVING_TO_FIELD,Field_4,1,MOVING_TO_FIELD,Field_7,1,MOVING_TO_FIELD,Field_4,1,MOVING_TO_FIELD,Field_4,1,MOVING_TO_FIELD,Field_7,1,MOVING_TO_FIELD,Field_6,1,PROTECTING,Field_7,1,MOVING_TO_FIELD,Field_4,1,MOVING_TO_FIELD,Field_4,1,PROTECTING,Field_7,1,MOVING_TO_FIELD,Field_5,1,MOVING_TO_FIELD,Field_1,1,MOVING_TO_FIELD,Field_6,1,MOVING_TO_FIELD,Field_20,1,MOVING_TO_FIELD,Field_1,1,MOVING_TO_FIELD,Field_4,1,IDLE,,1,MOVING_TO_FIELD,Field_1,1,MOVING_TO_FIELD,Field_20,1,MOVING_TO_FIELD,Field_20,1,MOVING_TO_FIELD,Field_1,1,MOVING_TO_FIELD,Field_4,1,MOVING_TO_FIELD,Field_5,1,PROTECTING,Field_7,1,MOVING_TO_FIELD,Field_20,1,MOVING_TO_FIELD,Field_5,1,MOVING_TO_FIELD,Field_6,1,MOVING_TO_FIELD,Field_4,1,MOVING_TO_FIELD,Field_20,1,MOVING_TO_FIELD,Field_1,1,MOVING_TO_FIELD,Field_4,1,MOVING_TO_FIELD,Field_6,1,PROTECTING,Field_5,1,MOVING_TO_FIELD,Field_5,1,MOVING_TO_FIELD,Field_4,1,MOVING_TO_FIELD,Field_1,1,PROTECTING,Field_1,1,MOVING_TO_FIELD,Field_5,25,0.18,1,7,3,20,0.03,0,0,2,5,0.12,0,0,4,16,0.14,0,10,4,6,0.04,1,5,1,32,0.13,0,4,4,14,0.15,3,2,0,2,0.03,0,0,2,0,0.04,0,0,3,70,0.24,0,0,6,44,0.28,0,0,4,31,0.06,0,0,1,14,0.05,0,0,2,63,0.18,0,0,6,127,0.17,0,0,6,23,0.07,0,0,2,52,0.11,0,0,2,70,0.07,0,0,1,0,0.06,0,0,2,9,0.04,0,6,3
281,627,0,0,2,0,38,0,1,MOVING_TO_FIELD,Field_1,1,MOVING_TO_FIELD,Field_4,1,MOVING_TO_FIELD,Field_7,1,MOVING_TO_FIELD,Field_20,1,MOVING_TO_FIELD,Field_4,1,MOVING_TO_FIELD,Field_4,1,MOVING_TO_FIELD,Field_20,1,MOVING_TO_FIELD,Field_6,1,MOVING_TO_FIELD,Field_20,1,MOVING_TO_FIELD,Field_7,1,MOVING_TO_FIELD,Field_3,1,MOVING_TO_FIELD,Field_20,1,MOVING_TO_FIELD,Field_6,1,MOVING_TO_FIELD,Field_3,1,MOVING_TO_FIELD,Field_6,1,MOVING_TO_FIELD,Field_7,1,MOVING_TO_FIELD,Field_1,1,MOVING_TO_FIELD,Field_4,1,MOVING_TO_FIELD,Field_20,1,MOVING_TO_FIELD,Field_1,1,MOVING_TO_FIELD,Field_4,1,MOVING_TO_FIELD,Field_4,1,MOVING_TO_FIELD,Field_1,1,MOVING_TO_FIELD,Field_3,1,MOVING_TO_FIELD,Field_7,1,PROTECTING,Field_7,1,MOVING_TO_FIELD,Field_4,1,MOVING_TO_FIELD,Field_8,1,MOVING_TO_FIELD,Field_6,1,MOVING_TO_FIELD,Field_20,1,MOVING_TO_FIELD,Field_4,1,MOVING_TO_FIELD,Field_1,1,MOVING_TO_FIELD,Field_4,1,MOVING_TO_FIELD,Field_6,1,MOVING_TO_FIELD,Field_6,1,MOVING_TO_FIELD,Field_1,1,MOVING_TO_FIELD,Field_3,1,MOVING_TO_FIELD,Field_4,1,PROTECTING,Field_1,1,MOVING_TO_FIELD,Field_1,25,0.17,1,7,3,20,0.04,0,0,2,5,0.13,0,4,4,16,0.16,0,10,4,6,0.04,0,0,2,32,0.14,0,6,4,14,0.15,1,4,2,2,0.04,0,1,2,0,0.04,0,0,3,71,0.24,0,0,6,46,0.28,0,0,4,31,0.06,0,0,1,14,0.05,0,0,2,63,0.20,0,0,6,128,0.17,0,0,6,23,0.07,0,0,2,52,0.13,0,0,2,70,0.07,0,0,1,0,0.08,0,0,2,9,0.06,0,6,3
282,629,0,0,2,0,38,0,1,MOVING_TO_FIELD,Field_1,1,MOVING_TO_FIELD,Field_4,1,MOVING_TO_FIELD,Field_7,1,MOVING_TO_FIELD,Field_20,1,MOVING_TO_FIELD,Field_4,1,MOVING_TO_FIELD,Field_4,1,MOVING_TO_FIELD,Field_20,1,MOVING_TO_FIELD,Field_6,1,MOVING_TO_FIELD,Field_20,1,MOVING_TO_FIELD,Field_7,1,MOVING_TO_FIELD,Field_3,1,MOVING_TO_FIELD,Field_20,1,MOVING_TO_FIELD,Field_6,1,MOVING_TO_FIELD,Field_3,1,MOVING_TO_FIELD,Field_6,1,MOVING_TO_FIELD,Field_7,1,MOVING_TO_FIELD,Field_1,1,MOVING_TO_FIELD,Field_4,1,MOVING_TO_FIELD,Field_20,1,MOVING_TO_FIELD,Field_1,1,MOVING_TO_FIELD,Field_4,1,MOVING_TO_FIELD,Field_4,1,MOVING_TO_FIELD,Field_1,1,MOVING_TO_FIELD,Field_3,1,MOVING_TO_FIELD,Field_7,1,PROTECTING,Field_7,1,MOVING_TO_FIELD,Field_4,1,MOVING_TO_FIELD,Field_8,1,MOVING_TO_FIELD,Field_6,1,MOVING_TO_FIELD,Field_20,1,MOVING_TO_FIELD,Field_4,1,MOVING_TO_FIELD,Field_1,1,MOVING_TO_FIELD,Field_4,1,MOVING_TO_FIELD,Field_6,1,MOVING_TO_FIELD,Field_6,1,MOVING_TO_FIELD,Field_1,1,MOVING_TO_FIELD,Field_3,1,MOVING_TO_FIELD,Field_4,1,PROTECTING,Field_1,1,MOVING_TO_FIELD,Field_1,25,0.15,1,7,3,20,0.04,0,0,2,5,0.14,0,4,4,16,0.14,0,10,4,6,0.02,0,0,2,32,0.14,0,6,4,14,0.15,1,4,2,2,0.04,0,1,2,0,0.06,0,0,3,71,0.24,0,0,6,47,0.29,0,0,4,31,0.03,0,0,1,14,0.05,0,0,2,63,0.23,0,0,6,129,0.18,0,0,6,23,0.07,0,0,2,52,0.13,0,0,2,70,0.09,0,0,1,0,0.08,0,0,2,9,0.04,0,6,3
283,629,0,0,6,0,34,0,1,PROTECTING,Field_1,1,MOVING_TO_FIELD,Field_4,1,MOVING_TO_FIELD,Field_7,1,MOVING_TO_FIELD,Field_20,1,MOVING_TO_FIELD,Field_4,1,MOVING_TO_FIELD,Field_4,1,MOVING_TO_FIELD,Field_20,1,MOVING_TO_FIELD,Field_6,1,MOVING_TO_FIELD,Field_20,1,MOVING_TO_FIELD,Field_7,1,PROTECTING,Field_3,1,MOVING_TO_FIELD,Field_20,1,MOVING_TO_FIELD,Field_6,1,PROTECTING,Field_3,1,MOVING_TO_FIELD,Field_6,1,MOVING_TO_FIELD,Field_7,1,MOVING_TO_FIELD,Field_1,1,MOVING_TO_FIELD,Field_4,1,MOVING_TO_FIELD,Field_20,1,PROTECTING,Field_1,1,MOVING_TO_FIELD,Field_4,1,MOVING_TO_FIELD,Field_4,1,MOVING_TO_FIELD,Field_1,1,MOVING_TO_FIELD,Field_3,1,MOVING_TO_FIELD,Field_7,1,PROTECTING,Field_7,1,MOVING_TO_FIELD,Field_4,1,MOVING_TO_FIELD,Field_8,1,MOVING_TO_FIELD,Field_6,1,MOVING_TO_FIELD,Field_20,1,MOVING_TO_FIELD,Field_4,1,MOVING_TO_FIELD,Field_1,1,MOVING_TO_FIELD,Field_4,1,MOVING_TO_FIELD,Field_6,1,MOVING_TO_FIELD,Field_6,1,MOVING_TO_FIELD,Field_1,1,MOVING_TO_FIELD,Field_3,1,MOVING_TO_FIELD,Field_4,1,PROTECTING,Field_1,1,MOVING_TO_FIELD,Field_1,25,0.14,3,5,1,20,0.04,0,0,2,5,0.14,2,2,2,16,0.14,0,10,4,6,0.02,0,0,2,32,0.14,0,6,4,14,0.16,1,4,2,2,0.04,0,1,2,0,0.04,0,0,3,71,0.25,0,0,6,47,0.29,0,0,4,31,0.03,0,0,1,14,0.05,0,0,2,63,0.21,0,0,6,129,0.19,0,0,6,23,0.07,0,0,2,52,0.15,0,0,2,70,0.09,0,0,1,0,0.06,0,0,2,9,0.04,0,6,3
284,631,0,0,6,0,34,0,1,PROTECTING,Field_1,1,MOVING_TO_FIELD,Field_4,1,MOVING_TO_FIELD,Field_7,1,MOVING_TO_FIELD,Field_20,1,MOVING_TO_FIELD,Field_4,1,MOVING_TO_FIELD,Field_4,1,MOVING_TO_FIELD,Field_20,1,MOVING_TO_FIELD,Field_6,1,MOVING_TO_FIELD,Field_20,1,MOVING_TO_FIELD,Field_7,1,PROTECTING,Field_3,1,MOVING_TO_FIELD,Field_20,1,MOVING_TO_FIELD,Field_6,1,PROTECTING,Field_3,1,MOVING_TO_FIELD,Field_6,1,MOVING_TO_FIELD,Field_7,1,MOVING_TO_FIELD,Field_1,1,MOVING_TO_FIELD,Field_4,1,MOVING_TO_FIELD,Field_20,1,PROTECTING,Field_1,1,MOVING_TO_FIELD,Field_4,1,MOVING_TO_FIELD,Field_4,1,MOVING_TO_FIELD,Field_1,1,MOVING_TO_FIELD,Field_3,1,MOVING_TO_FIELD,Field_7,1,PROTECTING,Field_7,1,MOVING_TO_FIELD,Field_4,1,MOVING_TO_FIELD,Field_8,1,MOVING_TO_FIELD,Field_6,1,MOVING_TO_FIELD,Field_20,1,MOVING_TO_FIELD,Field_4,1,MOVING_TO_FIELD,Field_1,1,MOVING_TO_FIELD,Field_4,1,MOVING_TO_FIELD,Field_6,1,MOVING_TO_FIELD,Field_6,1,MOVING_TO_FIELD,Field_1,1,MOVING_TO_FIELD,Field_3,1,MOVING_TO_FIELD,Field_4,1,PROTECTING,Field_1,1,MOVING_TO_FIELD,Field_1,25,0.14,3,5,1,20,0.05,0,0,2,5,0.14,2,2,2,16,0.16,0,10,4,6,0.04,0,0,2,32,0.14,0,6,4,14,0.17,1,4,2,2,0.04,0,1,2,0,0.04,0,0,3,71,0.23,0,0,6,49,0.29,0,0,4,31,0.03,0,0,1,14,0.05,0,0,2,63,0.21,0,0,6,129,0.20,0,0,6,23,0.09,0,0,2,52,0.13,0,0,2,70,0.09,0,0,1,0,0.06,0,0,2,9,0.04,0,6,3
285,632,0,0,8,0,32,0,1,PROTECTING,Field_1,1,MOVING_TO_FIELD,Field_4,1,MOVING_TO_FIELD,Field_7,1,MOVING_TO_FIELD,Field_20,1,MOVING_TO_FIELD,Field_4,1,MOVING_TO_FIELD,Field_4,1,MOVING_TO_FIELD,Field_20,1,MOVING_TO_FIELD,Field_6,1,MOVING_TO_FIELD,Field_20,1,MOVING_TO_FIELD,Field_7,1,PROTECTING,Field_3,1,MOVING_TO_FIELD,Field_20,1,MOVING_TO_FIELD,Field_6,1,PROTECTING,Field_3,1,MOVING_TO_FIELD,Field_6,1,MOVING_TO_FIELD,Field_7,1,MOVING_TO_FIELD,Field_1,1,MOVING_TO_FIELD,Field_4,1,MOVING_TO_FIELD,Field_20,1,PROTECTING,Field_1,1,MOVING_TO_FIELD,Field_4,1,MOVING_TO_FIELD,Field_4,1,MOVING_TO_FIELD,Field_1,1,PROTECTING,Field_3,1,MOVING_TO_FIELD,Field_7,1,PROTECTING,Field_7,1,MOVING_TO_FIELD,Field_4,1,MOVING_TO_FIELD,Field_8,1,PROTECTING,Field_6,1,MOVING_TO_FIELD,Field_20,1,MOVING_TO_FIELD,Field_4,1,MOVING_TO_FIELD,Field_1,1,MOVING_TO_FIELD,Field_4,1,MOVING_TO_FIELD,Field_6,1,MOVING_TO_FIELD,Field_6,1,MOVING_TO_FIELD,Field_1,1,MOVING_TO_FIELD,Field_3,1,MOVING_TO_FIELD,Field_4,1,PROTECTING,Field_1,1,MOVING_TO_FIELD,Field_1,25,0.14,3,5,1,20,0.04,0,0,2,5,0.15,3,1,1,16,0.16,0,10,4,6,0.04,0,0,2,32,0.14,1,5,3,14,0.16,1,4,2,2,0.04,0,1,2,0,0.06,0,0,3,71,0.23,0,0,6,50,0.26,0,0,4,31,0.03,0,0,1,14,0.05,0,0,2,63,0.24,0,0,6,129,0.21,0,0,6,23,0.06,0,0,2,52,0.13,0,0,2,70,0.09,0,0,1,0,0.06,0,0,2,9,0.04,0,6,3
286,632,0,0,9,0,31,0,1,PROTECTING,Field_1,1,MOVING_TO_FIELD,Field_4,1,MOVING_TO_FIELD,Field_7,1,MOVING_TO_FIELD,Field_20,1,MOVING_TO_FIELD,Field_4,1,MOVING_TO_FIELD,Field_4,1,MOVING_TO_FIELD,Field_20,1,MOVING_TO_FIELD,Field_6,1,MOVING_TO_FIELD,Field_20,1,MOVING_TO_FIELD,Field_7,1,PROTECTING,Field_3,1,MOVING_TO_FIELD,Field_20,1,MOVING_TO_FIELD,Field_6,1,PROTECTING,Field_3,1,MOVING_TO_FIELD,Field_6,1,MOVING_TO_FIELD,Field_7,1,MOVING_TO_FIELD,Field_1,1,MOVING_TO_FIELD,Field_4,1,MOVING_TO_FIELD,Field_20,1,PROTECTING,Field_1,1,MOVING_TO_FIELD,Field_4,1,MOVING_TO_FIELD,Field_4,1,MOVING_TO_FIELD,Field_1,1,PROTECTING,Field_3,1,MOVING_TO_FIELD,Field_7,1,PROTECTING,Field_7,1,MOVING_TO_FIELD,Field_4,1,MOVING_TO_FIELD,Field_8,1,PROTECTING,Field_6,1,MOVING_TO_FIELD,Field_20,1,MOVING_TO_FIELD,Field_4,1,MOVING_TO_FIELD,Field_1,1,MOVING_TO_FIELD,Field_4,1,PROTECTING,Field_6,1,MOVING_TO_FIELD,Field_6,1,MOVING_TO_FIELD,Field_1,1,MOVING_TO_FIELD,Field_3,1,MOVING_TO_FIELD,Field_4,1,PROTECTING,Field_1,1,MOVING_TO_FIELD,Field_1,25,0.13,3,5,1,20,0.05,0,0,2,5,0.15,3,1,1,16,0.16,0,10,4,6,0.02,0,0,2,32,0.13,2,4,2,14,0.15,1,4,2,2,0.04,0,1,2,0,0.06,0,0,3,71,0.22,0,0,6,50,0.24,0,0,4,31,0.03,0,0,1,14,0.05,0,0,2,63,0.24,0,0,6,129,0.21,0,0,6,23,0.07,0,0,2,52,0.13,0,0,2,70,0.09,0,0,1,0,0.03,0,0,2,9,0.04,0,6,3
287,634,0,0,9,0,31,0,1,PROTECTING,Field_1,1,MOVING_TO_FIELD,Field_4,1,MOVING_TO_FIELD,Field_7,1,MOVING_TO_FIELD,Field_20,1,MOVING_TO_FIELD,Field_4,1,MOVING_TO_FIELD,Field_4,1,MOVING_TO_FIELD,Field_20,1,MOVING_TO_FIELD,Field_6,1,MOVING_TO_FIELD,Field_20,1,MOVING_TO_FIELD,Field_7,1,PROTECTING,Field_3,1,MOVING_TO_FIELD,Field_20,1,MOVING_TO_FIELD,Field_6,1,PROTECTING,Field_3,1,MOVING_TO_FIELD,Field_6,1,MOVING_TO_FIELD,Field_7,1,MOVING_TO_FIELD,Field_1,1,MOVING_TO_FIELD,Field_4,1,MOVING_TO_FIELD,Field_20,1,PROTECTING,Field_1,1,MOVING_TO_FIELD,Field_4,1,MOVING_TO_FIELD,Field_4,1,MOVING_TO_FIELD,Field_1,1,PROTECTING,Field_3,1,MOVING_TO_FIELD,Field_7,1,PROTECTING,Field_7,1,MOVING_TO_FIELD,Field_4,1,MOVING_TO_FIELD,Field_8,1,PROTECTING,Field_6,1,MOVING_TO_FIELD,Field_20,1,MOVING_TO_FIELD,Field_4,1,MOVING_TO_FIELD,Field_1,1,MOVING_TO_FIELD,Field_4,1,PROTECTING,Field_6,1,MOVING_TO_FIELD,Field_6,1,MOVING_TO_FIELD,Field_1,1,MOVING_TO_FIELD,Field_3,1,MOVING_TO_FIELD,Field_4,1,PROTECTING,Field_1,1,MOVING_TO_FIELD,Field_1,25,0.13,3,5,1,20,0.07,0,0,2,5,0.15,3,1,1,16,0.14,0,10,4,6,0.02,0,0,2,32,0.12,2,4,2,14,0.15,1,4,2,2,0.04,0,1,2,0,0.06,0,0,3,71,0.22,0,0,6,51,0.24,0,0,4,31,0.03,0,0,1,14,0.05,0,0,2,63,0.24,0,0,6,129,0.20,0,0,6,23,0.09,0,0,2,52,0.13,0,0,2,71,0.09,0,0,1,0,0.03,0,0,2,9,0.04,0,6,3
288,634,0,0,11,0,29,0,1,PROTECTING,Field_1,1,MOVING_TO_FIELD,Field_4,1,MOVING_TO_FIELD,Field_7,1,MOVING_TO_FIELD,Field_20,1,MOVING_TO_FIELD,Field_4,1,MOVING_TO_FIELD,Field_4,1,MOVING_TO_FIELD,Field_20,1,MOVING_TO_FIELD,Field_6,1,MOVING_TO_FIELD,Field_20,1,PROTECTING,Field_7,1,PROTECTING,Field_3,1,MOVING_TO_FIELD,Field_20,1,MOVING_TO_FIELD,Field_6,1,PROTECTING,Field_3,1,MOVING_TO_FIELD,Field_6,1,MOVING_TO_FIELD,Field_7,1,PROTECTING,Field_1,1,MOVING_TO_FIELD,Field_4,1,MOVING_TO_FIELD,Field_20,1,PROTECTING,Field_1,1,MOVING_TO_FIELD,Field_4,1,MOVING_TO_FIELD,Field_4,1,MOVING_TO_FIELD,Field_1,1,PROTECTING,Field_3,1,MOVING_TO_FIELD,Field_7,1,PROTECTING,Field_7,1,MOVING_TO_FIELD,Field_4,1,MOVING_TO_FIELD,Field_8,1,PROTECTING,Field_6,1,MOVING_TO_FIELD,Field_20,1,MOVING_TO_FIELD,Field_4,1,MOVING_TO_FIELD,Field_1,1,MOVING_TO_FIELD,Field_4,1,PROTECTING,Field_6,1,MOVING_TO_FIELD,Field_6,1,MOVING_TO_FIELD,Field_1,1,MOVING_TO_FIELD,Field_3,1,MOVING_TO_FIELD,Field_4,1,PROTECTING,Field_1,1,MOVING_TO_FIELD,Field_1,25,0.12,4,4,0,20,0.07,0,0,2,5,0.14,3,1,1,16,0.14,0,10,4,6,0.02,0,0,2,32,0.12,2,4,2,14,0.14,2,3,1,2,0.04,0,1,2,0,0.06,0,0,3,71,0.22,0,0,6,51,0.24,0,0,4,31,0.06,0,0,1,14,0.04,0,0,2,63,0.23,0,0,6,129,0.20,0,0,6,23,0.10,0,0,2,52,0.13,0,0,2,71,0.09,0,0,1,0,0.02,0,0,2,9,0.04,0,6,3
289,635,0,0,13,0,27,0,1,PROTECTING,Field_1,1,MOVING_TO_FIELD,Field_4,1,MOVING_TO_FIELD,Field_7,1,MOVING_TO_FIELD,Field_20,1,PROTECTING,Field_4,1,MOVING_TO_FIELD,Field_4,1,MOVING_TO_FIELD,Field_20,1,MOVING_TO_FIELD,Field_6,1,MOVING_TO_FIELD,Field_20,1,PROTECTING,Field_7,1,PROTECTING,Field_3,1,MOVING_TO_FIELD,Field_20,1,MOVING_TO_FIELD,Field_6,1,PROTECTING,Field_3,1,MOVING_TO_FIELD,Field_6,1,MOVING_TO_FIELD,Field_7,1,PROTECTING,Field_1,1,MOVING_TO_FIELD,Field_4,1,MOVING_TO_FIELD,Field_20,1,PROTECTING,Field_1,1,MOVING_TO_FIELD,Field_4,1,MOVING_TO_FIELD,Field_4,1,MOVING_TO_FIELD,Field_1,1,PROTECTING,Field_3,1,MOVING_TO_FIELD,Field_7,1,PROTECTING,Field_7,1,MOVING_TO_FIELD,Field_4,1,MOVING_TO_FIELD,Field_8,1,PROTECTING,Field_6,1,MOVING_TO_FIELD,Field_20,1,MOVING_TO_FIELD,Field_4,1,MOVING_TO_FIELD,Field_1,1,MOVING_TO_FIELD,Field_4,1,PROTECTING,Field_6,1,MOVING_TO_FIELD,Field_6,1,MOVING_TO_FIELD,Field_1,1,PROTECTING,Field_3,1,MOVING_TO_FIELD,Field_4,1,PROTECTING,Field_1,1,MOVING_TO_FIELD,Field_1,25,0.12,4,4,0,20,0.08,0,0,2,5,0.16,4,0,0,16,0.14,1,9,3,6,0.04,0,0,2,32,0.12,2,4,2,14,0.15,2,3,1,2,0.04,0,1,2,0,0.04,0,0,3,71,0.20,0,0,6,51,0.24,0,0,4,31,0.06,0,0,1,14,0.04,0,0,2,63,0.21,0,0,6,130,0.20,0,0,6,23,0.09,0,0,2,52,0.13,0,0,2,71,0.09,0,0,1,0,0.02,0,0,2,9,0.02,0,6,3
290,635,0,0,13,0,27,0,1,PROTECTING,Field_1,1,MOVING_TO_FIELD,Field_4,1,MOVING_TO_FIELD,Field_7,1,MOVING_TO_FIELD,Field_20,1,PROTECTING,Field_4,1,MOVING_TO_FIELD,Field_4,1,MOVING_TO_FIELD,Field_20,1,MOVING_TO_FIELD,Field_6,1,MOVING_TO_FIELD,Field_20,1,PROTECTING,Field_7,1,PROTECTING,Field_3,1,MOVING_TO_FIELD,Field_20,1,MOVING_TO_FIELD,Field_6,1,PROTECTING,Field_3,1,MOVING_TO_FIELD,Field_6,1,MOVING_TO_FIELD,Field_7,1,PROTECTING,Field_1,1,MOVING_TO_FIELD,Field_4,1,MOVING_TO_FIELD,Field_20,1,PROTECTING,Field_1,1,MOVING_TO_FIELD,Field_4,1,MOVING_TO_FIELD,Field_4,1,MOVING_TO_FIELD,Field_1,1,PROTECTING,Field_3,1,MOVING_TO_FIELD,Field_7,1,PROTECTING,Field_7,1,MOVING_TO_FIELD,Field_4,1,MOVING_TO_FIELD,Field_8,1,PROTECTING,Field_6,1,MOVING_TO_FIELD,Field_20,1,MOVING_TO_FIELD,Field_4,1,MOVING_TO_FIELD,Field_1,1,MOVING_TO_FIELD,Field_4,1,PROTECTING,Field_6,1,MOVING_TO_FIELD,Field_6,1,MOVING_TO_FIELD,Field_1,1,PROTECTING,Field_3,1,MOVING_TO_FIELD,Field_4,1,PROTECTING,Field_1,1,MOVING_TO_FIELD,Field_1,25,0.12,4,4,0,20,0.08,0,0,2,5,0.16,4,0,0,16,0.12,1,9,3,6,0.02,0,0,2,32,0.09,2,4,2,14,0.15,2,3,1,2,0.04,0,1,2,0,0.04,0,0,3,71,0.20,0,0,6,51,0.25,0,0,4,31,0.06,0,0,1,14,0.04,0,0,2,63,0.21,0,0,6,130,0.20,0,0,6,23,0.07,0,0,2,52,0.13,0,0,2,71,0.09,0,0,1,0,0.02,0,0,2,9,0.02,0,6,3
291,639,0,0,8,0,32,0,1,MOVING_TO_FIELD,Field_4,1,MOVING_TO_FIELD,Field_20,1,PROTECTING,Field_7,1,MOVING_TO_FIELD,Field_5,1,MOVING_TO_FIELD,Field_20,1,MOVING_TO_FIELD,Field_9,1,MOVING_TO_FIELD,Field_9,1,MOVING_TO_FIELD,Field_4,1,MOVING_TO_FIELD,Field_9,1,PROTECTING,Field_7,1,PROTECTING,Field_3,1,MOVING_TO_FIELD,Field_8,1,MOVING_TO_FIELD,Field_5,1,PROTECTING,Field_3,1,MOVING_TO_FIELD,Field_4,1,MOVING_TO_FIELD,Field_9,1,MOVING_TO_FIELD,Field_4,1,MOVING_TO_FIELD,Field_20,1,MOVING_TO_FIELD,Field_2,1,MOVING_TO_FIELD,Field_5,1,MOVING_TO_FIELD,Field_20,1,MOVING_TO_FIELD,Field_20,1,MOVING_TO_FIELD,Field_1,1,PROTECTING,Field_3,1,MOVING_TO_FIELD,Field_7,1,PROTECTING,Field_7,1,MOVING_TO_FIELD,Field_2,1,PROTECTING,Field_8,1,MOVING_TO_FIELD,Field_4,1,MOVING_TO_FIELD,Field_7,1,MOVING_TO_FIELD,Field_20,1,MOVING_TO_FIELD,Field_1,1,MOVING_TO_FIELD,Field_9,1,MOVING_TO_FIELD,Field_4,1,MOVING_TO_FIELD,Field_5,1,MOVING_TO_FIELD,Field_1,1,PROTECTING,Field_3,1,MOVING_TO_FIELD,Field_5,1,MOVING_TO_FIELD,Field_5,1,MOVING_TO_FIELD,Field_1,25,0.12,0,4,4,20,0.08,0,2,2,5,0.15,4,0,0,16,0.12,0,6,4,6,0.02,0,6,2,32,0.08,0,0,4,14,0.15,3,2,0,2,0.04,1,1,1,0,0.03,0,5,3,71,0.18,0,0,6,51,0.26,0,0,4,31,0.06,0,0,1,14,0.04,0,0,2,64,0.21,0,0,6,132,0.20,0,0,6,23,0.07,0,0,2,53,0.13,0,0,2,71,0.11,0,0,1,0,0.02,0,0,2,9,0.02,0,6,3
292,639,0,0,8,0,32,0,1,MOVING_TO_FIELD,Field_4,1,MOVING_TO_FIELD,Field_20,1,PROTECTING,Field_7,1,MOVING_TO_FIELD,Field_5,1,MOVING_TO_FIELD,Field_20,1,MOVING_TO_FIELD,Field_9,1,MOVING_TO_FIELD,Field_9,1,MOVING_TO_FIELD,Field_4,1,MOVING_TO_FIELD,Field_9,1,PROTECTING,Field_7,1,PROTECTING,Field_3,1,MOVING_TO_FIELD,Field_8,1,MOVING_TO_FIELD,Field_5,1,PROTECTING,Field_3,1,MOVING_TO_FIELD,Field_4,1,MOVING_TO_FIELD,Field_9,1,MOVING_TO_FIELD,Field_4,1,MOVING_TO_FIELD,Field_20,1,MOVING_TO_FIELD,Field_2,1,MOVING_TO_FIELD,Field_5,1,MOVING_TO_FIELD,Field_20,1,MOVING_TO_FIELD,Field_20,1,MOVING_TO_FIELD,Field_1,1,PROTECTING,Field_3,1,MOVING_TO_FIELD,Field_7,1,PROTECTING,Field_7,1,MOVING_TO_FIELD,Field_2,1,PROTECTING,Field_8,1,MOVING_TO_FIELD,Field_4,1,MOVING_TO_FIELD,Field_7,1,MOVING_TO_FIELD,Field_20,1,MOVING_TO_FIELD,Field_1,1,MOVING_TO_FIELD,Field_9,1,MOVING_TO_FIELD,Field_4,1,MOVING_TO_FIELD,Field_5,1,MOVING_TO_FIELD,Field_1,1,PROTECTING,Field_3,1,MOVING_TO_FIELD,Field_5,1,MOVING_TO_FIELD,Field_5,1,MOVING_TO_FIELD,Field_1,25,0.11,0,4,4,20,0.07,0,2,2,5,0.14,4,0,0,16,0.11,0,6,4,6,0.02,0,6,2,32,0.08,0,0,4,14,0.15,3,2,0,2,0.04,1,1,1,0,0.03,0,5,3,71,0.17,0,0,6,51,0.25,0,0,4,31,0.06,0,0,1,14,0.04,0,0,2,64,0.21,0,0,6,132,0.21,0,0,6,23,0.06,0,0,2,53,0.13,0,0,2,71,0.11,0,0,1,0,0.02,0,0,2,9,0.02,0,6,3
293,641,0,0,11,0,29,0,1,MOVING_TO_FIELD,Field_4,1,MOVING_TO_FIELD,Field_20,1,PROTECTING,Field_7,1,PROTECTING,Field_5,1,MOVING_TO_FIELD,Field_20,1,MOVING_TO_FIELD,Field_9,1,PROTECTING,Field_9,1,MOVING_TO_FIELD,Field_4,1,MOVING_TO_FIELD,Field_9,1,PROTECTING,Field_7,1,PROTECTING,Field_3,1,MOVING_TO_FIELD,Field_8,1,MOVING_TO_FIELD,Field_5,1,PROTECTING,Field_3,1,MOVING_TO_FIELD,Field_4,1,PROTECTING,Field_9,1,MOVING_TO_FIELD,Field_4,1,MOVING_TO_FIELD,Field_20,1,MOVING_TO_FIELD,Field_2,1,MOVING_TO_FIELD,Field_5,1,MOVING_TO_FIELD,Field_20,1,MOVING_TO_FIELD,Field_20,1,MOVING_TO_FIELD,Field_1,1,PROTECTING,Field_3,1,MOVING_TO_FIELD,Field_7,1,PROTECTING,Field_7,1,MOVING_TO_FIELD,Field_2,1,PROTECTING,Field_8,1,MOVING_TO_FIELD,Field_4,1,MOVING_TO_FIELD,Field_7,1,MOVING_TO_FIELD,Field_20,1,MOVING_TO_FIELD,Field_1,1,MOVING_TO_FIELD,Field_9,1,MOVING_TO_FIELD,Field_4,1,MOVING_TO_FIELD,Field_5,1,MOVING_TO_FIELD,Field_1,1,PROTECTING,Field_3,1,MOVING_TO_FIELD,Field_5,1,MOVING_TO_FIELD,Field_5,1,MOVING_TO_FIELD,Field_1,25,0.10,0,4,4,20,0.08,0,2,2,5,0.13,4,0,0,16,0.11,0,6,4,6,0.02,1,5,1,32,0.08,0,0,4,14,0.14,3,2,0,2,0.04,1,1,1,0,0.03,2,3,1,71,0.18,0,0,6,52,0.24,0,0,4,31,0.03,0,0,1,14,0.04,0,0,2,64,0.20,0,0,6,132,0.21,0,0,6,23,0.07,0,0,2,54,0.13,0,0,2,71,0.11,0,0,1,0,0.02,0,0,2,9,0.02,0,6,3
294,642,0,0,11,0,29,0,1,MOVING_TO_FIELD,Field_4,1,MOVING_TO_FIELD,Field_20,1,PROTECTING,Field_7,1,PROTECTING,Field_5,1,MOVING_TO_FIELD,Field_20,1,MOVING_TO_FIELD,Field_9,1,PROTECTING,Field_9,1,MOVING_TO_FIELD,Field_4,1,MOVING_TO_FIELD,Field_9,1,PROTECTING,Field_7,1,PROTECTING,Field_3,1,MOVING_TO_FIELD,Field_8,1,MOVING_TO_FIELD,Field_5,1,PROTECTING,Field_3,1,MOVING_TO_FIELD,Field_4,1,PROTECTING,Field_9,1,MOVING_TO_FIELD,Field_4,1,MOVING_TO_FIELD,Field_20,1,MOVING_TO_FIELD,Field_2,1,MOVING_TO_FIELD,Field_5,1,MOVING_TO_FIELD,Field_20,1,MOVING_TO_FIELD,Field_20,1,MOVING_TO_FIELD,Field_1,1,PROTECTING,Field_3,1,MOVING_TO_FIELD,Field_7,1,PROTECTING,Field_7,1,MOVING_TO_FIELD,Field_2,1,PROTECTING,Field_8,1,MOVING_TO_FIELD,Field_4,1,MOVING_TO_FIELD,Field_7,1,MOVING_TO_FIELD,Field_20,1,MOVING_TO_FIELD,Field_1,1,MOVING_TO_FIELD,Field_9,1,MOVING_TO_FIELD,Field_4,1,MOVING_TO_FIELD,Field_5,1,MOVING_TO_FIELD,Field_1,1,PROTECTING,Field_3,1,MOVING_TO_FIELD,Field_5,1,MOVING_TO_FIELD,Field_5,1,MOVING_TO_FIELD,Field_1,25,0.10,0,4,4,20,0.08,0,2,2,5,0.13,4,0,0,16,0.10,0,6,4,6,0.02,1,5,1,32,0.08,0,0,4,14,0.14,3,2,0,2,0.04,1,1,1,0,0.03,2,3,1,71,0.18,0,0,6,52,0.24,0,0,4,31,0.03,0,0,1,14,0.04,0,0,2,64,0.20,0,0,6,133,0.20,0,0,6,23,0.07,0,0,2,54,0.11,0,0,2,71,0.11,0,0,1,0,0.02,0,0,2,9,0.02,0,6,3
295,643,0,0,11,0,29,0,1,MOVING_TO_FIELD,Field_4,1,MOVING_TO_FIELD,Field_20,1,PROTECTING,Field_7,1,PROTECTING,Field_5,1,MOVING_TO_FIELD,Field_20,1,MOVING_TO_FIELD,Field_9,1,PROTECTING,Field_9,1,MOVING_TO_FIELD,Field_4,1,MOVING_TO_FIELD,Field_9,1,PROTECTING,Field_7,1,PROTECTING,Field_3,1,MOVING_TO_FIELD,Field_8,1,MOVING_TO_FIELD,Field_5,1,PROTECTING,Field_3,1,MOVING_TO_FIELD,Field_4,1,PROTECTING,Field_9,1,MOVING_TO_FIELD,Field_4,1,MOVING_TO_FIELD,Field_20,1,MOVING_TO_FIELD,Field_2,1,MOVING_TO_FIELD,Field_5,1,MOVING_TO_FIELD,Field_20,1,MOVING_TO_FIELD,Field_20,1,MOVING_TO_FIELD,Field_1,1,PROTECTING,Field_3,1,MOVING_TO_FIELD,Field_7,1,PROTECTING,Field_7,1,MOVING_TO_FIELD,Field_2,1,PROTECTING,Field_8,1,MOVING_TO_FIELD,Field_4,1,MOVING_TO_FIELD,Field_7,1,MOVING_TO_FIELD,Field_20,1,MOVING_TO_FIELD,Field_1,1,MOVING_TO_FIELD,Field_9,1,MOVING_TO_FIELD,Field_4,1,MOVING_TO_FIELD,Field_5,1,MOVING_TO_FIELD,Field_1,1,PROTECTING,Field_3,1,MOVING_TO_FIELD,Field_5,1,MOVING_TO_FIELD,Field_5,1,MOVING_TO_FIELD,Field_1,25,0.10,0,4,4,20,0.09,0,2,2,5,0.12,4,0,0,16,0.10,0,6,4,6,0.02,1,5,1,32,0.08,0,0,4,14,0.14,3,2,0,2,0.04,1,1,1,0,0.03,2,3,1,71,0.17,0,0,6,52,0.24,0,0,4,31,0.06,0,0,1,14,0.04,0,0,2,64,0.20,0,0,6,133,0.22,0,0,6,23,0.06,0,0,2,54,0.13,0,0,2,72,0.11,0,0,1,0,0.02,0,0,2,9,0.02,0,6,3
296,643,0,0,12,0,28,0,1,MOVING_TO_FIELD,Field_4,1,MOVING_TO_FIELD,Field_20,1,PROTECTING,Field_7,1,PROTECTING,Field_5,1,MOVING_TO_FIELD,Field_20,1,MOVING_TO_FIELD,Field_9,1,PROTECTING,Field_9,1,MOVING_TO_FIELD,Field_4,1,MOVING_TO_FIELD,Field_9,1,PROTECTING,Field_7,1,PROTECTING,Field_3,1,MOVING_TO_FIELD,Field_8,1,MOVING_TO_FIELD,Field_5,1,PROTECTING,Field_3,1,MOVING_TO_FIELD,Field_4,1,PROTECTING,Field_9,1,MOVING_TO_FIELD,Field_4,1,MOVING_TO_FIELD,Field_20,1,MOVING_TO_FIELD,Field_2,1,MOVING_TO_FIELD,Field_5,1,MOVING_TO_FIELD,Field_20,1,MOVING_TO_FIELD,Field_20,1,MOVING_TO_FIELD,Field_1,1,PROTECTING,Field_3,1,PROTECTING,Field_7,1,PROTECTING,Field_7,1,MOVING_TO_FIELD,Field_2,1,PROTECTING,Field_8,1,MOVING_TO_FIELD,Field_4,1,MOVING_TO_FIELD,Field_7,1,MOVING_TO_FIELD,Field_20,1,MOVING_TO_FIELD,Field_1,1,MOVING_TO_FIELD,Field_9,1,MOVING_TO_FIELD,Field_4,1,MOVING_TO_FIELD,Field_5,1,MOVING_TO_FIELD,Field_1,1,PROTECTING,Field_3,1,MOVING_TO_FIELD,Field_5,1,MOVING_TO_FIELD,Field_5,1,MOVING_TO_FIELD,Field_1,25,0.10,0,4,4,20,0.09,0,2,2,5,0.13,4,0,0,16,0.09,0,6,4,6,0.04,1,5,1,32,0.08,0,0,4,14,0.14,4,1,-1,2,0.04,1,1,1,0,0.03,2,3,1,71,0.16,0,0,6,52,0.25,0,0,4,31,0.06,0,0,1,14,0.04,0,0,2,64,0.20,0,0,6,133,0.22,0,0,6,23,0.05,0,0,2,54,0.13,0,0,2,72,0.11,0,0,1,0,0.02,0,0,2,9,0.02,0,6,3
297,646,0,0,13,0,27,0,1,MOVING_TO_FIELD,Field_4,1,MOVING_TO_FIELD,Field_20,1,PROTECTING,Field_7,1,PROTECTING,Field_5,1,MOVING_TO_FIELD,Field_20,1,MOVING_TO_FIELD,Field_9,1,PROTECTING,Field_9,1,MOVING_TO_FIELD,Field_4,1,PROTECTING,Field_9,1,PROTECTING,Field_7,1,PROTECTING,Field_3,1,MOVING_TO_FIELD,Field_8,1,MOVING_TO_FIELD,Field_5,1,PROTECTING,Field_3,1,MOVING_TO_FIELD,Field_4,1,PROTECTING,Field_9,1,MOVING_TO_FIELD,Field_4,1,MOVING_TO_FIELD,Field_20,1,MOVING_TO_FIELD,Field_2,1,MOVING_TO_FIELD,Field_5,1,MOVING_TO_FIELD,Field_20,1,MOVING_TO_FIELD,Field_20,1,MOVING_TO_FIELD,Field_1,1,PROTECTING,Field_3,1,PROTECTING,Field_7,1,PROTECTING,Field_7,1,MOVING_TO_FIELD,Field_2,1,PROTECTING,Field_8,1,MOVING_TO_FIELD,Field_4,1,MOVING_TO_FIELD,Field_7,1,MOVING_TO_FIELD,Field_20,1,MOVING_TO_FIELD,Field_1,1,MOVING_TO_FIELD,Field_9,1,MOVING_TO_FIELD,Field_4,1,MOVING_TO_FIELD,Field_5,1,MOVING_TO_FIELD,Field_1,1,PROTECTING,Field_3,1,MOVING_TO_FIELD,Field_5,1,MOVING_TO_FIELD,Field_5,1,MOVING_TO_FIELD,Field_1,25,0.09,0,4,4,20,0.10,0,2,2,5,0.13,4,0,0,16,0.09,0,6,4,6,0.02,1,5,1,32,0.08,0,0,4,14,0.14,4,1,-1,2,0.04,1,1,1,0,0.03,3,2,0,71,0.17,0,0,6,53,0.25,0,0,4,31,0.06,0,0,1,14,0.02,0,0,2,64,0.21,0,0,6,135,0.21,0,0,6,23,0.05,0,0,2,54,0.13,0,0,2,72,0.09,0,0,1,0,0.00,0,0,2,9,0.04,0,6,3
298,646,0,0,15,0,25,0,1,MOVING_TO_FIELD,Field_4,1,MOVING_TO_FIELD,Field_20,1,PROTECTING,Field_7,1,PROTECTING,Field_5,1,MOVING_TO_FIELD,Field_20,1,MOVING_TO_FIELD,Field_9,1,PROTECTING,Field_9,1,MOVING_TO_FIELD,Field_4,1,PROTECTING,Field_9,1,PROTECTING,Field_7,1,PROTECTING,Field_3,1,MOVING_TO_FIELD,Field_8,1,MOVING_TO_FIELD,Field_5,1,PROTECTING,Field_3,1,MOVING_TO_FIELD,Field_4,1,PROTECTING,Field_9,1,MOVING_TO_FIELD,Field_4,1,MOVING_TO_FIELD,Field_20,1,MOVING_TO_FIELD,Field_2,1,MOVING_TO_FIELD,Field_5,1,MOVING_TO_FIELD,Field_20,1,MOVING_TO_FIELD,Field_20,1,MOVING_TO_FIELD,Field_1,1,PROTECTING,Field_3,1,PROTECTING,Field_7,1,PROTECTING,Field_7,1,MOVING_TO_FIELD,Field_2,1,PROTECTING,Field_8,1,MOVING_TO_FIELD,Field_4,1,MOVING_TO_FIELD,Field_7,1,MOVING_TO_FIELD,Field_20,1,PROTECTING,Field_1,1,PROTECTING,Field_9,1,MOVING_TO_FIELD,Field_4,1,MOVING_TO_FIELD,Field_5,1,MOVING_TO_FIELD,Field_1,1,PROTECTING,Field_3,1,MOVING_TO_FIELD,Field_5,1,MOVING_TO_FIELD,Field_5,1,MOVING_TO_FIELD,Field_1,25,0.11,1,3,3,20,0.09,0,2,2,5,0.10,4,0,0,16,0.10,0,6,4,6,0.04,1,5,1,32,0.08,0,0,4,14,0.14,4,1,-1,2,0.04,1,1,1,0,0.02,4,1,-1,71,0.18,0,0,6,53,0.25,0,0,4,31,0.06,0,0,1,14,0.02,0,0,2,64,0.21,0,0,6,135,0.22,0,0,6,23,0.05,0,0,2,54,0.11,0,0,2,72,0.09,0,0,1,0,0.00,0,0,2,9,0.04,0,6,3
299,646,0,0,16,0,24,0,1,MOVING_TO_FIELD,Field_4,1,MOVING_TO_FIELD,Field_20,1,PROTECTING,Field_7,1,PROTECTING,Field_5,1,MOVING_TO_FIELD,Field_20,1,MOVING_TO_FIELD,Field_9,1,PROTECTING,Field_9,1,MOVING_TO_FIELD,Field_4,1,PROTECTING,Field_9,1,PROTECTING,Field_7,1,PROTECTING,Field_3,1,PROTECTING,Field_8,1,MOVING_TO_FIELD,Field_5,1,PROTECTING,Field_3,1,MOVING_TO_FIELD,Field_4,1,PROTECTING,Field_9,1,MOVING_TO_FIELD,Field_4,1,MOVING_TO_FIELD,Field_20,1,MOVING_TO_FIELD,Field_2,1,MOVING_TO_FIELD,Field_5,1,MOVING_TO_FIELD,Field_20,1,MOVING_TO_FIELD,Field_20,1,MOVING_TO_FIELD,Field_1,1,PROTECTING,Field_3,1,PROTECTING,Field_7,1,PROTECTING,Field_7,1,MOVING_TO_FIELD,Field_2,1,PROTECTING,Field_8,1,MOVING_TO_FIELD,Field_4,1,MOVING_TO_FIELD,Field_7,1,MOVING_TO_FIELD,Field_20,1,PROTECTING,Field_1,1,PROTECTING,Field_9,1,MOVING_TO_FIELD,Field_4,1,MOVING_TO_FIELD,Field_5,1,MOVING_TO_FIELD,Field_1,1,PROTECTING,Field_3,1,MOVING_TO_FIELD,Field_5,1,MOVING_TO_FIELD,Field_5,1,MOVING_TO_FIELD,Field_1,25,0.10,1,3,3,20,0.09,0,2,2,5,0.08,4,0,0,16,0.11,0,6,4,6,0.04,1,5,1,32,0.08,0,0,4,14,0.14,4,1,-1,2,0.04,2,0,0,0,0.02,4,1,-1,71,0.16,0,0,6,53,0.25,0,0,4,31,0.06,0,0,1,14,0.02,0,0,2,64,0.23,0,0,6,135,0.22,0,0,6,23,0.05,0,0,2,54,0.13,0,0,2,72,0.09,0,0,1,0,0.00,0,0,2,9,0.04,0,6,3
300,649,0,0,16,0,24,0,1,MOVING_TO_FIELD,Field_4,1,MOVING_TO_FIELD,Field_20,1,PROTECTING,Field_7,1,PROTECTING,Field_5,1,MOVING_TO_FIELD,Field_20,1,MOVING_TO_FIELD,Field_9,1,PROTECTING,Field_9,1,MOVING_TO_FIELD,Field_4,1,PROTECTING,Field_9,1,PROTECTING,Field_7,1,PROTECTING,Field_3,1,PROTECTING,Field_8,1,MOVING_TO_FIELD,Field_5,1,PROTECTING,Field_3,1,MOVING_TO_FIELD,Field_4,1,PROTECTING,Field_9,1,MOVING_TO_FIELD,Field_4,1,MOVING_TO_FIELD,Field_20,1,MOVING_TO_FIELD,Field_2,1,MOVING_TO_FIELD,Field_5,1,MOVING_TO_FIELD,Field_20,1,MOVING_TO_FIELD,Field_20,1,MOVING_TO_FIELD,Field_1,1,PROTECTING,Field_3,1,PROTECTING,Field_7,1,PROTECTING,Field_7,1,MOVING_TO_FIELD,Field_2,1,PROTECTING,Field_8,1,MOVING_TO_FIELD,Field_4,1,MOVING_TO_FIELD,Field_7,1,MOVING_TO_FIELD,Field_20,1,PROTECTING,Field_1,1,PROTECTING,Field_9,1,MOVING_TO_FIELD,Field_4,1,MOVING_TO_FIELD,Field_5,1,MOVING_TO_FIELD,Field_1,1,PROTECTING,Field_3,1,MOVING_TO_FIELD,Field_5,1,MOVING_TO_FIELD,Field_5,1,MOVING_TO_FIELD,Field_1,25,0.10,1,3,3,20,0.09,0,2,2,5,0.08,4,0,0,16,0.11,0,6,4,6,0.04,1,5,1,32,0.05,0,0,4,14,0.13,4,1,-1,2,0.04,2,0,0,0,0.02,4,1,-1,71,0.17,0,0,6,55,0.25,0,0,4,31,0.06,0,0,1,14,0.02,0,0,2,64,0.23,0,0,6,136,0.22,0,0,6,23,0.06,0,0,2,54,0.15,0,0,2,72,0.09,0,0,1,0,0.02,0,0,2,9,0.04,0,6,3
