step,damage,IDLE,CHARGING,PROTECTING,MOVING_TO_CHARGER,MOVING_TO_FIELD,TERMINATED,Drone_1_battery,Drone_1_state,Drone_1_target,Drone_2_battery,Drone_2_state,Drone_2_target,Drone_3_battery,Drone_3_state,Drone_3_target,Drone_4_battery,Drone_4_state,Drone_4_target,Drone_5_battery,Drone_5_state,Drone_5_target,Drone_6_battery,Drone_6_state,Drone_6_target,Drone_7_battery,Drone_7_state,Drone_7_target,Drone_8_battery,Drone_8_state,Drone_8_target,Drone_9_battery,Drone_9_state,Drone_9_target,Drone_10_battery,Drone_10_state,Drone_10_target,Drone_11_battery,Drone_11_state,Drone_11_target,Drone_12_battery,Drone_12_state,Drone_12_target,Drone_13_battery,Drone_13_state,Drone_13_target,Drone_14_battery,Drone_14_state,Drone_14_target,Drone_15_battery,Drone_15_state,Drone_15_target,Drone_16_battery,Drone_16_state,Drone_16_target,Drone_17_battery,Drone_17_state,Drone_17_target,Drone_18_battery,Drone_18_state,Drone_18_target,Drone_19_battery,Drone_19_state,Drone_19_target,Drone_20_battery,Drone_20_state,Drone_20_target,Drone_21_battery,Drone_21_state,Drone_21_target,Drone_22_battery,Drone_22_state,Drone_22_target,Drone_23_battery,Drone_23_state,Drone_23_target,Drone_24_battery,Drone_24_state,Drone_24_target,Field_1_damage,Field_1_threat_level,Field_1_protecting_drones,Field_1_arriving_drones,Field_1_drones_for_full_protection,Field_2_damage,Field_2_threat_level,Field_2_protecting_drones,Field_2_arriving_drones,Field_2_drones_for_full_protection,Field_3_damage,Field_3_threat_level,Field_3_protecting_drones,Field_3_arriving_drones,Field_3_drones_for_full_protection,Field_4_damage,Field_4_threat_level,Field_4_protecting_drones,Field_4_arriving_drones,Field_4_drones_for_full_protection,Field_5_damage,Field_5_threat_level,Field_5_protecting_drones,Field_5_arriving_drones,Field_5_drones_for_full_protection,Field_6_damage,Field_6_threat_level,Field_6_protecting_drones,Field_6_arriving_drones,Field_6_drones_for_full_protection,Field_7_damage,Field_7_threat_level,Field_7_protecting_drones,Field_7_arriving_drones,Field_7_drones_for_full_protection,Field_8_damage,Field_8_threat_level,Field_8_protecting_drones,Field_8_arriving_drones,Field_8_drones_for_full_protection,Field_9_damage,Field_9_threat_level,Field_9_protecting_drones,Field_9_arriving_drones,Field_9_drones_for_full_protection,Field_10_damage,Field_10_threat_level,Field_10_protecting_drones,Field_10_arriving_drones,Field_10_drones_for_full_protection,Field_11_damage,Field_11_threat_level,Field_11_protecting_drones,Field_11_arriving_drones,Field_11_drones_for_full_protection,Field_12_damage,Field_12_threat_level,Field_12_protecting_drones,Field_12_arriving_drones,Field_12_drones_for_full_protection
1,0,20,0,0,0,4,0,1,IDLE,,1,IDLE,,1,IDLE,,1,MOVING_TO_FIELD,Field_4,1,IDLE,,1,IDLE,,1,IDLE,,1,IDLE,,1,IDLE,,1,MOVING_TO_FIELD,Field_4,1,IDLE,,1,IDLE,,1,IDLE,,1,IDLE,,1,IDLE,,1,IDLE,,1,IDLE,,1,IDLE,,1,MOVING_TO_FIELD,Field_4,1,IDLE,,1,IDLE,,1,IDLE,,1,IDLE,,1,MOVING_TO_FIELD,Field_6,0,0.05,0,0,2,0,0.10,0,0,6,0,0.01,0,0,1,0,0.28,0,3,6,0,0.13,0,0,9,0,0.12,0,1,3,0,0.05,0,0,2,0,0.00,0,0,1,0,0.04,0,0,2,0,0.03,0,0,3,0,0.05,0,0,2,0,0.05,0,0,1
2,0,20,0,0,0,4,0,1,IDLE,,1,IDLE,,1,IDLE,,1,MOVING_TO_FIELD,Field_4,1,IDLE,,1,IDLE,,1,IDLE,,1,IDLE,,1,IDLE,,1,MOVING_TO_FIELD,Field_4,1,IDLE,,1,IDLE,,1,IDLE,,1,IDLE,,1,IDLE,,1,IDLE,,1,IDLE,,1,IDLE,,1,MOVING_TO_FIELD,Field_4,1,IDLE,,1,IDLE,,1,IDLE,,1,IDLE,,1,MOVING_TO_FIELD,Field_6,0,0.05,0,0,2,0,0.09,0,0,6,0,0.01,0,0,1,0,0.28,0,3,6,0,0.13,0,0,9,0,0.12,0,1,3,0,0.05,0,0,2,0,0.00,0,0,1,0,0.04,0,0,2,0,0.03,0,0,3,0,0.05,0,0,2,0,0.05,0,0,1
3,0,20,0,1,0,3,0,1,IDLE,,1,IDLE,,1,IDLE,,1,MOVING_TO_FIELD,Field_4,1,IDLE,,1,IDLE,,1,IDLE,,1,IDLE,,1,IDLE,,1,MOVING_TO_FIELD,Field_4,1,IDLE,,1,IDLE,,1,IDLE,,1,IDLE,,1,IDLE,,1,IDLE,,1,IDLE,,1,IDLE,,1,MOVING_TO_FIELD,Field_4,1,IDLE,,1,IDLE,,1,IDLE,,1,IDLE,,1,PROTECTING,Field_6,0,0.06,0,0,2,0,0.09,0,0,6,0,0.01,0,0,1,0,0.28,0,3,6,0,0.13,0,0,9,0,0.12,1,0,2,0,0.06,0,0,2,0,0.00,0,0,1,0,0.04,0,0,2,0,0.03,0,0,3,0,0.09,0,0,2,0,0.05,0,0,1
4,0,20,0,1,0,3,0,1,IDLE,,1,IDLE,,1,IDLE,,1,MOVING_TO_FIELD,Field_4,1,IDLE,,1,IDLE,,1,IDLE,,1,IDLE,,1,IDLE,,1,MOVING_TO_FIELD,Field_4,1,IDLE,,1,IDLE,,1,IDLE,,1,IDLE,,1,IDLE,,1,IDLE,,1,IDLE,,1,IDLE,,1,MOVING_TO_FIELD,Field_4,1,IDLE,,1,IDLE,,1,IDLE,,1,IDLE,,1,PROTECTING,Field_6,0,0.06,0,0,2,0,0.09,0,0,6,0,0.01,0,0,1,0,0.27,0,3,6,0,0.14,0,0,9,0,0.12,1,0,2,0,0.06,0,0,2,0,0.00,0,0,1,0,0.04,0,0,2,0,0.03,0,0,3,0,0.07,0,0,2,0,0.05,0,0,1
5,0,20,0,1,0,3,0,1,IDLE,,1,IDLE,,1,IDLE,,1,MOVING_TO_FIELD,Field_4,1,IDLE,,1,IDLE,,1,IDLE,,1,IDLE,,1,IDLE,,1,MOVING_TO_FIELD,Field_4,1,IDLE,,1,IDLE,,1,IDLE,,1,IDLE,,1,IDLE,,1,IDLE,,1,IDLE,,1,IDLE,,1,MOVING_TO_FIELD,Field_4,1,IDLE,,1,IDLE,,1,IDLE,,1,IDLE,,1,PROTECTING,Field_6,0,0.10,0,0,2,0,0.09,0,0,6,0,0.01,0,0,1,0,0.30,0,3,6,0,0.15,0,0,9,0,0.13,1,0,2,0,0.06,0,0,2,0,0.00,0,0,1,0,0.04,0,0,2,0,0.03,0,0,3,0,0.09,0,0,2,0,0.05,0,0,1
6,0,20,0,2,0,2,0,1,IDLE,,1,IDLE,,1,IDLE,,1,PROTECTING,Field_4,1,IDLE,,1,IDLE,,1,IDLE,,1,IDLE,,1,IDLE,,1,MOVING_TO_FIELD,Field_4,1,IDLE,,1,IDLE,,1,IDLE,,1,IDLE,,1,IDLE,,1,IDLE,,1,IDLE,,1,IDLE,,1,MOVING_TO_FIELD,Field_4,1,IDLE,,1,IDLE,,1,IDLE,,1,IDLE,,1,PROTECTING,Field_6,0,0.11,0,0,2,0,0.09,0,0,6,0,0.01,0,0,1,0,0.30,1,2,5,0,0.14,0,0,9,0,0.13,1,0,2,0,0.07,0,0,2,0,0.00,0,0,1,0,0.05,0,0,2,0,0.03,0,0,3,0,0.09,0,0,2,0,0.08,0,0,1
7,0,20,0,3,0,1,0,1,IDLE,,1,IDLE,,1,IDLE,,1,PROTECTING,Field_4,1,IDLE,,1,IDLE,,1,IDLE,,1,IDLE,,1,IDLE,,1,MOVING_TO_FIELD,Field_4,1,IDLE,,1,IDLE,,1,IDLE,,1,IDLE,,1,IDLE,,1,IDLE,,1,IDLE,,1,IDLE,,1,PROTECTING,Field_4,1,IDLE,,1,IDLE,,1,IDLE,,1,IDLE,,1,PROTECTING,Field_6,0,0.11,0,0,2,0,0.09,0,0,6,0,0.03,0,0,1,0,0.28,2,1,4,0,0.16,0,0,9,0,0.13,1,0,2,0,0.08,0,0,2,0,0.00,0,0,1,0,0.04,0,0,2,0,0.05,0,0,3,0,0.11,0,0,2,0,0.10,0,0,1
8,0,20,0,3,0,1,0,1,IDLE,,1,IDLE,,1,IDLE,,1,PROTECTING,Field_4,1,IDLE,,1,IDLE,,1,IDLE,,1,IDLE,,1,IDLE,,1,MOVING_TO_FIELD,Field_4,1,IDLE,,1,IDLE,,1,IDLE,,1,IDLE,,1,IDLE,,1,IDLE,,1,IDLE,,1,IDLE,,1,PROTECTING,Field_4,1,IDLE,,1,IDLE,,1,IDLE,,1,IDLE,,1,PROTECTING,Field_6,0,0.10,0,0,2,0,0.10,0,0,6,0,0.03,0,0,1,0,0.28,2,1,4,0,0.17,0,0,9,0,0.14,1,0,2,0,0.08,0,0,2,0,0.02,0,0,1,0,0.04,0,0,2,0,0.05,0,0,3,0,0.11,0,0,2,0,0.10,0,0,1
9,0,20,0,3,0,1,0,1,IDLE,,1,IDLE,,1,IDLE,,1,PROTECTING,Field_4,1,IDLE,,1,IDLE,,1,IDLE,,1,IDLE,,1,IDLE,,1,MOVING_TO_FIELD,Field_4,1,IDLE,,1,IDLE,,1,IDLE,,1,IDLE,,1,IDLE,,1,IDLE,,1,IDLE,,1,IDLE,,1,PROTECTING,Field_4,1,IDLE,,1,IDLE,,1,IDLE,,1,IDLE,,1,PROTECTING,Field_6,0,0.11,0,0,2,0,0.11,0,0,6,0,0.03,0,0,1,0,0.28,2,1,4,0,0.17,0,0,9,0,0.15,1,0,2,0,0.08,0,0,2,0,0.02,0,0,1,0,0.05,0,0,2,0,0.07,0,0,3,0,0.12,0,0,2,0,0.13,0,0,1
10,0,20,0,3,0,1,0,1,IDLE,,1,IDLE,,1,IDLE,,1,PROTECTING,Field_4,1,IDLE,,1,IDLE,,1,IDLE,,1,IDLE,,1,IDLE,,1,MOVING_TO_FIELD,Field_4,1,IDLE,,1,IDLE,,1,IDLE,,1,IDLE,,1,IDLE,,1,IDLE,,1,IDLE,,1,IDLE,,1,PROTECTING,Field_4,1,IDLE,,1,IDLE,,1,IDLE,,1,IDLE,,1,PROTECTING,Field_6,0,0.11,0,0,2,0,0.10,0,0,6,0,0.05,0,0,1,0,0.31,2,1,4,0,0.17,0,0,9,0,0.15,1,0,2,0,0.10,0,0,2,0,0.05,0,0,1,0,0.05,0,0,2,0,0.11,0,0,3,0,0.12,0,0,2,0,0.13,0,0,1
11,0,13,0,3,0,8,0,1,IDLE,,1,MOVING_TO_FIELD,Field_5,1,IDLE,,1,PROTECTING,Field_4,1,IDLE,,1,MOVING_TO_FIELD,Field_5,1,IDLE,,1,IDLE,,1,IDLE,,1,MOVING_TO_FIELD,Field_4,1,IDLE,,1,MOVING_TO_FIELD,Field_5,1,IDLE,,1,IDLE,,1,IDLE,,1,MOVING_TO_FIELD,Field_5,1,IDLE,,1,IDLE,,1,PROTECTING,Field_4,1,MOVING_TO_FIELD,Field_5,1,MOVING_TO_FIELD,Field_5,1,MOVING_TO_FIELD,Field_5,1,IDLE,,1,PROTECTING,Field_6,0,0.11,0,0,2,0,0.10,0,0,6,0,0.05,0,0,1,0,0.32,2,1,4,0,0.19,0,7,9,0,0.15,1,0,2,0,0.10,0,0,2,0,0.05,0,0,1,0,0.05,0,0,2,0,0.13,0,0,3,0,0.12,0,0,2,0,0.13,0,0,1
12,0,13,0,3,0,8,0,1,IDLE,,1,MOVING_TO_FIELD,Field_5,1,IDLE,,1,PROTECTING,Field_4,1,IDLE,,1,MOVING_TO_FIELD,Field_5,1,IDLE,,1,IDLE,,1,IDLE,,1,MOVING_TO_FIELD,Field_4,1,IDLE,,1,MOVING_TO_FIELD,Field_5,1,IDLE,,1,IDLE,,1,IDLE,,1,MOVING_TO_FIELD,Field_5,1,IDLE,,1,IDLE,,1,PROTECTING,Field_4,1,MOVING_TO_FIELD,Field_5,1,MOVING_TO_FIELD,Field_5,1,MOVING_TO_FIELD,Field_5,1,IDLE,,1,PROTECTING,Field_6,0,0.11,0,0,2,0,0.10,0,0,6,0,0.05,0,0,1,0,0.35,2,1,4,0,0.21,0,7,9,0,0.16,1,0,2,0,0.10,0,0,2,0,0.10,0,0,1,0,0.04,0,0,2,0,0.13,0,0,3,0,0.14,0,0,2,0,0.13,0,0,1
13,0,13,0,3,0,8,0,1,IDLE,,1,MOVING_TO_FIELD,Field_5,1,IDLE,,1,PROTECTING,Field_4,1,IDLE,,1,MOVING_TO_FIELD,Field_5,1,IDLE,,1,IDLE,,1,IDLE,,1,MOVING_TO_FIELD,Field_4,1,IDLE,,1,MOVING_TO_FIELD,Field_5,1,IDLE,,1,IDLE,,1,IDLE,,1,MOVING_TO_FIELD,Field_5,1,IDLE,,1,IDLE,,1,PROTECTING,Field_4,1,MOVING_TO_FIELD,Field_5,1,MOVING_TO_FIELD,Field_5,1,MOVING_TO_FIELD,Field_5,1,IDLE,,1,PROTECTING,Field_6,0,0.10,0,0,2,0,0.12,0,0,6,0,0.07,0,0,1,0,0.36,2,1,4,0,0.23,0,7,9,0,0.18,1,0,2,0,0.10,0,0,2,0,0.10,0,0,1,0,0.03,0,0,2,0,0.13,0,0,3,0,0.14,0,0,2,0,0.13,0,0,1
14,1,13,0,3,0,8,0,1,IDLE,,1,MOVING_TO_FIELD,Field_5,1,IDLE,,1,PROTECTING,Field_4,1,IDLE,,1,MOVING_TO_FIELD,Field_5,1,IDLE,,1,IDLE,,1,IDLE,,1,MOVING_TO_FIELD,Field_4,1,IDLE,,1,MOVING_TO_FIELD,Field_5,1,IDLE,,1,IDLE,,1,IDLE,,1,MOVING_TO_FIELD,Field_5,1,IDLE,,1,IDLE,,1,PROTECTING,Field_4,1,MOVING_TO_FIELD,Field_5,1,MOVING_TO_FIELD,Field_5,1,MOVING_TO_FIELD,Field_5,1,IDLE,,1,PROTECTING,Field_6,0,0.10,0,0,2,0,0.12,0,0,6,1,0.08,0,0,1,0,0.36,2,1,4,0,0.24,0,7,9,0,0.19,1,0,2,0,0.13,0,0,2,0,0.10,0,0,1,0,0.03,0,0,2,0,0.16,0,0,3,0,0.14,0,0,2,0,0.13,0,0,1
15,2,13,0,4,0,7,0,1,IDLE,,1,MOVING_TO_FIELD,Field_5,1,IDLE,,1,PROTECTING,Field_4,1,IDLE,,1,MOVING_TO_FIELD,Field_5,1,IDLE,,1,IDLE,,1,IDLE,,1,PROTECTING,Field_4,1,IDLE,,1,MOVING_TO_FIELD,Field_5,1,IDLE,,1,IDLE,,1,IDLE,,1,MOVING_TO_FIELD,Field_5,1,IDLE,,1,IDLE,,1,PROTECTING,Field_4,1,MOVING_TO_FIELD,Field_5,1,MOVING_TO_FIELD,Field_5,1,MOVING_TO_FIELD,Field_5,1,IDLE,,1,PROTECTING,Field_6,0,0.10,0,0,2,0,0.12,0,0,6,2,0.08,0,0,1,0,0.38,3,0,3,0,0.24,0,7,9,0,0.19,1,0,2,0,0.12,0,0,2,0,0.07,0,0,1,0,0.02,0,0,2,0,0.15,0,0,3,0,0.18,0,0,2,0,0.13,0,0,1
16,3,13,0,4,0,7,0,1,IDLE,,1,MOVING_TO_FIELD,Field_5,1,IDLE,,1,PROTECTING,Field_4,1,IDLE,,1,MOVING_TO_FIELD,Field_5,1,IDLE,,1,IDLE,,1,IDLE,,1,PROTECTING,Field_4,1,IDLE,,1,MOVING_TO_FIELD,Field_5,1,IDLE,,1,IDLE,,1,IDLE,,1,MOVING_TO_FIELD,Field_5,1,IDLE,,1,IDLE,,1,PROTECTING,Field_4,1,MOVING_TO_FIELD,Field_5,1,MOVING_TO_FIELD,Field_5,1,MOVING_TO_FIELD,Field_5,1,IDLE,,1,PROTECTING,Field_6,0,0.11,0,0,2,0,0.12,0,0,6,2,0.09,0,0,1,0,0.41,3,0,3,0,0.25,0,7,9,0,0.19,1,0,2,0,0.13,0,0,2,0,0.07,0,0,1,0,0.03,0,0,2,0,0.21,0,0,3,1,0.20,0,0,2,0,0.13,0,0,1
17,5,13,0,4,0,7,0,1,IDLE,,1,MOVING_TO_FIELD,Field_5,1,IDLE,,1,PROTECTING,Field_4,1,IDLE,,1,MOVING_TO_FIELD,Field_5,1,IDLE,,1,IDLE,,1,IDLE,,1,PROTECTING,Field_4,1,IDLE,,1,MOVING_TO_FIELD,Field_5,1,IDLE,,1,IDLE,,1,IDLE,,1,MOVING_TO_FIELD,Field_5,1,IDLE,,1,IDLE,,1,PROTECTING,Field_4,1,MOVING_TO_FIELD,Field_5,1,MOVING_TO_FIELD,Field_5,1,MOVING_TO_FIELD,Field_5,1,IDLE,,1,PROTECTING,Field_6,0,0.13,0,0,2,0,0.12,0,0,6,2,0.12,0,0,1,0,0.42,3,0,3,1,0.27,0,7,9,1,0.19,1,0,2,0,0.14,0,0,2,0,0.10,0,0,1,0,0.03,0,0,2,0,0.21,0,0,3,1,0.20,0,0,2,0,0.13,0,0,1
18,6,13,0,4,0,7,0,1,IDLE,,1,MOVING_TO_FIELD,Field_5,1,IDLE,,1,PROTECTING,Field_4,1,IDLE,,1,MOVING_TO_FIELD,Field_5,1,IDLE,,1,IDLE,,1,IDLE,,1,PROTECTING,Field_4,1,IDLE,,1,MOVING_TO_FIELD,Field_5,1,IDLE,,1,IDLE,,1,IDLE,,1,MOVING_TO_FIELD,Field_5,1,IDLE,,1,IDLE,,1,PROTECTING,Field_4,1,MOVING_TO_FIELD,Field_5,1,MOVING_TO_FIELD,Field_5,1,MOVING_TO_FIELD,Field_5,1,IDLE,,1,PROTECTING,Field_6,0,0.15,0,0,2,0,0.12,0,0,6,3,0.12,0,0,1,0,0.42,3,0,3,1,0.26,0,7,9,1,0.19,1,0,2,0,0.14,0,0,2,0,0.10,0,0,1,0,0.03,0,0,2,0,0.21,0,0,3,1,0.21,0,0,2,0,0.10,0,0,1
19,8,13,0,4,0,7,0,1,IDLE,,1,MOVING_TO_FIELD,Field_5,1,IDLE,,1,PROTECTING,Field_4,1,IDLE,,1,MOVING_TO_FIELD,Field_5,1,IDLE,,1,IDLE,,1,IDLE,,1,PROTECTING,Field_4,1,IDLE,,1,MOVING_TO_FIELD,Field_5,1,IDLE,,1,IDLE,,1,IDLE,,1,MOVING_TO_FIELD,Field_5,1,IDLE,,1,IDLE,,1,PROTECTING,Field_4,1,MOVING_TO_FIELD,Field_5,1,MOVING_TO_FIELD,Field_5,1,MOVING_TO_FIELD,Field_5,1,IDLE,,1,PROTECTING,Field_6,0,0.15,0,0,2,0,0.12,0,0,6,4,0.12,0,0,1,0,0.43,3,0,3,1,0.26,0,7,9,2,0.19,1,0,2,0,0.14,0,0,2,0,0.10,0,0,1,0,0.03,0,0,2,0,0.21,0,0,3,1,0.21,0,0,2,0,0.10,0,0,1
20,14,13,0,4,0,7,0,1,IDLE,,1,MOVING_TO_FIELD,Field_5,1,IDLE,,1,PROTECTING,Field_4,1,IDLE,,1,MOVING_TO_FIELD,Field_5,1,IDLE,,1,IDLE,,1,IDLE,,1,PROTECTING,Field_4,1,IDLE,,1,MOVING_TO_FIELD,Field_5,1,IDLE,,1,IDLE,,1,IDLE,,1,MOVING_TO_FIELD,Field_5,1,IDLE,,1,IDLE,,1,PROTECTING,Field_4,1,MOVING_TO_FIELD,Field_5,1,MOVING_TO_FIELD,Field_5,1,MOVING_TO_FIELD,Field_5,1,IDLE,,1,PROTECTING,Field_6,1,0.15,0,0,2,0,0.12,0,0,6,5,0.12,0,0,1,1,0.42,3,0,3,1,0.26,0,7,9,3,0.20,1,0,2,0,0.14,0,0,2,0,0.10,0,0,1,0,0.03,0,0,2,1,0.20,0,0,3,2,0.25,0,0,2,0,0.13,0,0,1
21,17,11,0,4,0,9,0,1,MOVING_TO_FIELD,Field_5,1,MOVING_TO_FIELD,Field_5,1,MOVING_TO_FIELD,Field_5,1,PROTECTING,Field_4,1,IDLE,,1,MOVING_TO_FIELD,Field_5,1,IDLE,,1,IDLE,,1,IDLE,,1,PROTECTING,Field_4,1,IDLE,,1,MOVING_TO_FIELD,Field_5,1,IDLE,,1,IDLE,,1,IDLE,,1,MOVING_TO_FIELD,Field_5,1,IDLE,,1,IDLE,,1,PROTECTING,Field_4,1,MOVING_TO_FIELD,Field_5,1,MOVING_TO_FIELD,Field_5,1,MOVING_TO_FIELD,Field_5,1,IDLE,,1,PROTECTING,Field_6,1,0.21,0,0,2,0,0.14,0,0,6,5,0.12,0,0,1,1,0.41,3,0,3,2,0.26,0,9,9,3,0.21,1,0,2,0,0.13,0,0,2,0,0.10,0,0,1,0,0.03,0,0,2,2,0.20,0,0,3,3,0.29,0,0,2,0,0.13,0,0,1
22,19,11,0,4,0,9,0,1,MOVING_TO_FIELD,Field_5,1,MOVING_TO_FIELD,Field_5,1,MOVING_TO_FIELD,Field_5,1,PROTECTING,Field_4,1,IDLE,,1,MOVING_TO_FIELD,Field_5,1,IDLE,,1,IDLE,,1,IDLE,,1,PROTECTING,Field_4,1,IDLE,,1,MOVING_TO_FIELD,Field_5,1,IDLE,,1,IDLE,,1,IDLE,,1,MOVING_TO_FIELD,Field_5,1,IDLE,,1,IDLE,,1,PROTECTING,Field_4,1,MOVING_TO_FIELD,Field_5,1,MOVING_TO_FIELD,Field_5,1,MOVING_TO_FIELD,Field_5,1,IDLE,,1,PROTECTING,Field_6,1,0.21,0,0,2,0,0.15,0,0,6,5,0.11,0,0,1,2,0.41,3,0,3,2,0.27,0,9,9,4,0.21,1,0,2,0,0.13,0,0,2,0,0.10,0,0,1,0,0.03,0,0,2,2,0.23,0,0,3,3,0.29,0,0,2,0,0.13,0,0,1
23,22,11,0,4,0,9,0,1,MOVING_TO_FIELD,Field_5,1,MOVING_TO_FIELD,Field_5,1,MOVING_TO_FIELD,Field_5,1,PROTECTING,Field_4,1,IDLE,,1,MOVING_TO_FIELD,Field_5,1,IDLE,,1,IDLE,,1,IDLE,,1,PROTECTING,Field_4,1,IDLE,,1,MOVING_TO_FIELD,Field_5,1,IDLE,,1,IDLE,,1,IDLE,,1,MOVING_TO_FIELD,Field_5,1,IDLE,,1,IDLE,,1,PROTECTING,Field_4,1,MOVING_TO_FIELD,Field_5,1,MOVING_TO_FIELD,Field_5,1,MOVING_TO_FIELD,Field_5,1,IDLE,,1,PROTECTING,Field_6,1,0.21,0,0,2,0,0.15,0,0,6,6,0.11,0,0,1,2,0.41,3,0,3,2,0.29,0,9,9,6,0.21,1,0,2,0,0.14,0,0,2,0,0.10,0,0,1,0,0.03,0,0,2,2,0.23,0,0,3,3,0.30,0,0,2,0,0.10,0,0,1
24,23,11,0,5,0,8,0,1,MOVING_TO_FIELD,Field_5,1,MOVING_TO_FIELD,Field_5,1,MOVING_TO_FIELD,Field_5,1,PROTECTING,Field_4,1,IDLE,,1,MOVING_TO_FIELD,Field_5,1,IDLE,,1,IDLE,,1,IDLE,,1,PROTECTING,Field_4,1,IDLE,,1,MOVING_TO_FIELD,Field_5,1,IDLE,,1,IDLE,,1,IDLE,,1,PROTECTING,Field_5,1,IDLE,,1,IDLE,,1,PROTECTING,Field_4,1,MOVING_TO_FIELD,Field_5,1,MOVING_TO_FIELD,Field_5,1,MOVING_TO_FIELD,Field_5,1,IDLE,,1,PROTECTING,Field_6,1,0.21,0,0,2,0,0.14,0,0,6,7,0.11,0,0,1,2,0.42,3,0,3,2,0.28,1,8,8,6,0.21,1,0,2,0,0.15,0,0,2,0,0.10,0,0,1,0,0.03,0,0,2,2,0.23,0,0,3,3,0.32,0,0,2,0,0.10,0,0,1
25,28,11,0,5,0,8,0,1,MOVING_TO_FIELD,Field_5,1,MOVING_TO_FIELD,Field_5,1,MOVING_TO_FIELD,Field_5,1,PROTECTING,Field_4,1,IDLE,,1,MOVING_TO_FIELD,Field_5,1,IDLE,,1,IDLE,,1,IDLE,,1,PROTECTING,Field_4,1,IDLE,,1,MOVING_TO_FIELD,Field_5,1,IDLE,,1,IDLE,,1,IDLE,,1,PROTECTING,Field_5,1,IDLE,,1,IDLE,,1,PROTECTING,Field_4,1,MOVING_TO_FIELD,Field_5,1,MOVING_TO_FIELD,Field_5,1,MOVING_TO_FIELD,Field_5,1,IDLE,,1,PROTECTING,Field_6,1,0.19,0,0,2,0,0.14,0,0,6,7,0.09,0,0,1,4,0.43,3,0,3,2,0.31,1,8,8,8,0.21,1,0,2,0,0.16,0,0,2,0,0.05,0,0,1,0,0.04,0,0,2,2,0.23,0,0,3,4,0.34,0,0,2,0,0.10,0,0,1
26,32,11,0,6,0,7,0,1,MOVING_TO_FIELD,Field_5,1,MOVING_TO_FIELD,Field_5,1,MOVING_TO_FIELD,Field_5,1,PROTECTING,Field_4,1,IDLE,,1,MOVING_TO_FIELD,Field_5,1,IDLE,,1,IDLE,,1,IDLE,,1,PROTECTING,Field_4,1,IDLE,,1,PROTECTING,Field_5,1,IDLE,,1,IDLE,,1,IDLE,,1,PROTECTING,Field_5,1,IDLE,,1,IDLE,,1,PROTECTING,Field_4,1,MOVING_TO_FIELD,Field_5,1,MOVING_TO_FIELD,Field_5,1,MOVING_TO_FIELD,Field_5,1,IDLE,,1,PROTECTING,Field_6,1,0.19,0,0,2,0,0.14,0,0,6,8,0.09,0,0,1,4,0.45,3,0,3,2,0.32,2,7,7,8,0.20,1,0,2,0,0.16,0,0,2,0,0.07,0,0,1,0,0.05,0,0,2,2,0.25,0,0,3,7,0.32,0,0,2,0,0.10,0,0,1
27,32,11,0,7,0,6,0,1,MOVING_TO_FIELD,Field_5,1,MOVING_TO_FIELD,Field_5,1,MOVING_TO_FIELD,Field_5,1,PROTECTING,Field_4,1,IDLE,,1,MOVING_TO_FIELD,Field_5,1,IDLE,,1,IDLE,,1,IDLE,,1,PROTECTING,Field_4,1,IDLE,,1,PROTECTING,Field_5,1,IDLE,,1,IDLE,,1,IDLE,,1,PROTECTING,Field_5,1,IDLE,,1,IDLE,,1,PROTECTING,Field_4,1,MOVING_TO_FIELD,Field_5,1,PROTECTING,Field_5,1,MOVING_TO_FIELD,Field_5,1,IDLE,,1,PROTECTING,Field_6,1,0.21,0,0,2,0,0.14,0,0,6,8,0.09,0,0,1,4,0.45,3,0,3,2,0.32,3,6,6,8,0.20,1,0,2,0,0.17,0,0,2,0,0.07,0,0,1,0,0.05,0,0,2,2,0.25,0,0,3,7,0.30,0,0,2,0,0.10,0,0,1
28,35,11,0,8,0,5,0,1,MOVING_TO_FIELD,Field_5,1,PROTECTING,Field_5,1,MOVING_TO_FIELD,Field_5,1,PROTECTING,Field_4,1,IDLE,,1,MOVING_TO_FIELD,Field_5,1,IDLE,,1,IDLE,,1,IDLE,,1,PROTECTING,Field_4,1,IDLE,,1,PROTECTING,Field_5,1,IDLE,,1,IDLE,,1,IDLE,,1,PROTECTING,Field_5,1,IDLE,,1,IDLE,,1,PROTECTING,Field_4,1,MOVING_TO_FIELD,Field_5,1,PROTECTING,Field_5,1,MOVING_TO_FIELD,Field_5,1,IDLE,,1,PROTECTING,Field_6,1,0.21,0,0,2,0,0.14,0,0,6,8,0.08,0,0,1,4,0.45,3,0,3,2,0.34,4,5,5,10,0.21,1,0,2,0,0.17,0,0,2,0,0.07,0,0,1,0,0.05,0,0,2,2,0.23,0,0,3,8,0.29,0,0,2,0,0.10,0,0,1
29,39,11,0,9,0,4,0,1,MOVING_TO_FIELD,Field_5,1,PROTECTING,Field_5,1,MOVING_TO_FIELD,Field_5,1,PROTECTING,Field_4,1,IDLE,,1,MOVING_TO_FIELD,Field_5,1,IDLE,,1,IDLE,,1,IDLE,,1,PROTECTING,Field_4,1,IDLE,,1,PROTECTING,Field_5,1,IDLE,,1,IDLE,,1,IDLE,,1,PROTECTING,Field_5,1,IDLE,,1,IDLE,,1,PROTECTING,Field_4,1,PROTECTING,Field_5,1,PROTECTING,Field_5,1,MOVING_TO_FIELD,Field_5,1,IDLE,,1,PROTECTING,Field_6,1,0.21,0,0,2,0,0.15,0,0,6,8,0.08,0,0,1,6,0.45,3,0,3,2,0.35,5,4,4,11,0.24,1,0,2,1,0.17,0,0,2,0,0.07,0,0,1,0,0.06,0,0,2,2,0.23,0,0,3,8,0.29,0,0,2,0,0.10,0,0,1
30,46,11,0,10,0,3,0,1,PROTECTING,Field_5,1,PROTECTING,Field_5,1,MOVING_TO_FIELD,Field_5,1,PROTECTING,Field_4,1,IDLE,,1,MOVING_TO_FIELD,Field_5,1,IDLE,,1,IDLE,,1,IDLE,,1,PROTECTING,Field_4,1,IDLE,,1,PROTECTING,Field_5,1,IDLE,,1,IDLE,,1,IDLE,,1,PROTECTING,Field_5,1,IDLE,,1,IDLE,,1,PROTECTING,Field_4,1,PROTECTING,Field_5,1,PROTECTING,Field_5,1,MOVING_TO_FIELD,Field_5,1,IDLE,,1,PROTECTING,Field_6,1,0.19,0,0,2,0,0.15,0,0,6,10,0.08,0,0,1,6,0.43,3,0,3,2,0.35,6,3,3,12,0.24,1,0,2,2,0.17,0,0,2,0,0.07,0,0,1,0,0.06,0,0,2,3,0.23,0,0,3,8,0.29,0,0,2,2,0.10,0,0,1
31,56,13,0,9,0,2,0,1,PROTECTING,Field_5,1,PROTECTING,Field_5,1,MOVING_TO_FIELD,Field_5,1,PROTECTING,Field_4,1,IDLE,,1,MOVING_TO_FIELD,Field_5,1,IDLE,,1,IDLE,,1,IDLE,,1,PROTECTING,Field_4,1,IDLE,,1,PROTECTING,Field_5,1,IDLE,,1,IDLE,,1,IDLE,,1,IDLE,,1,IDLE,,1,IDLE,,1,PROTECTING,Field_4,1,PROTECTING,Field_5,1,PROTECTING,Field_5,1,IDLE,,1,IDLE,,1,PROTECTING,Field_6,3,0.19,0,0,2,0,0.16,0,0,6,10,0.07,0,0,1,8,0.43,3,0,3,3,0.35,5,2,4,12,0.25,1,0,2,2,0.17,0,0,2,0,0.07,0,0,1,0,0.07,0,0,2,3,0.23,0,0,3,13,0.30,0,0,2,2,0.10,0,0,1
32,64,13,0,9,0,2,0,1,PROTECTING,Field_5,1,PROTECTING,Field_5,1,MOVING_TO_FIELD,Field_5,1,PROTECTING,Field_4,1,IDLE,,1,MOVING_TO_FIELD,Field_5,1,IDLE,,1,IDLE,,1,IDLE,,1,PROTECTING,Field_4,1,IDLE,,1,PROTECTING,Field_5,1,IDLE,,1,IDLE,,1,IDLE,,1,IDLE,,1,IDLE,,1,IDLE,,1,PROTECTING,Field_4,1,PROTECTING,Field_5,1,PROTECTING,Field_5,1,IDLE,,1,IDLE,,1,PROTECTING,Field_6,3,0.19,0,0,2,0,0.17,0,0,6,10,0.07,0,0,1,10,0.43,3,0,3,3,0.36,5,2,4,13,0.26,1,0,2,3,0.17,0,0,2,0,0.07,0,0,1,0,0.07,0,0,2,4,0.23,0,0,3,16,0.29,0,0,2,2,0.10,0,0,1
33,73,13,0,10,0,1,0,1,PROTECTING,Field_5,1,PROTECTING,Field_5,1,MOVING_TO_FIELD,Field_5,1,PROTECTING,Field_4,1,IDLE,,1,PROTECTING,Field_5,1,IDLE,,1,IDLE,,1,IDLE,,1,PROTECTING,Field_4,1,IDLE,,1,PROTECTING,Field_5,1,IDLE,,1,IDLE,,1,IDLE,,1,IDLE,,1,IDLE,,1,IDLE,,1,PROTECTING,Field_4,1,PROTECTING,Field_5,1,PROTECTING,Field_5,1,IDLE,,1,IDLE,,1,PROTECTING,Field_6,4,0.18,0,0,2,1,0.18,0,0,6,12,0.07,0,0,1,12,0.43,3,0,3,3,0.36,6,1,3,15,0.27,1,0,2,4,0.18,0,0,2,0,0.05,0,0,1,0,0.07,0,0,2,4,0.23,0,0,3,16,0.29,0,0,2,2,0.10,0,0,1
34,76,13,0,10,0,1,0,1,PROTECTING,Field_5,1,PROTECTING,Field_5,1,MOVING_TO_FIELD,Field_5,1,PROTECTING,Field_4,1,IDLE,,1,PROTECTING,Field_5,1,IDLE,,1,IDLE,,1,IDLE,,1,PROTECTING,Field_4,1,IDLE,,1,PROTECTING,Field_5,1,IDLE,,1,IDLE,,1,IDLE,,1,IDLE,,1,IDLE,,1,IDLE,,1,PROTECTING,Field_4,1,PROTECTING,Field_5,1,PROTECTING,Field_5,1,IDLE,,1,IDLE,,1,PROTECTING,Field_6,4,0.18,0,0,2,1,0.18,0,0,6,12,0.07,0,0,1,12,0.43,3,0,3,3,0.36,6,1,3,15,0.27,1,0,2,6,0.18,0,0,2,0,0.05,0,0,1,0,0.07,0,0,2,5,0.23,0,0,3,16,0.29,0,0,2,2,0.08,0,0,1
35,82,13,0,11,0,0,0,1,PROTECTING,Field_5,1,PROTECTING,Field_5,1,PROTECTING,Field_5,1,PROTECTING,Field_4,1,IDLE,,1,PROTECTING,Field_5,1,IDLE,,1,IDLE,,1,IDLE,,1,PROTECTING,Field_4,1,IDLE,,1,PROTECTING,Field_5,1,IDLE,,1,IDLE,,1,IDLE,,1,IDLE,,1,IDLE,,1,IDLE,,1,PROTECTING,Field_4,1,PROTECTING,Field_5,1,PROTECTING,Field_5,1,IDLE,,1,IDLE,,1,PROTECTING,Field_6,5,0.16,0,0,2,1,0.18,0,0,6,12,0.07,0,0,1,12,0.42,3,0,3,3,0.37,7,0,2,19,0.27,1,0,2,7,0.17,0,0,2,0,0.07,0,0,1,0,0.07,0,0,2,5,0.23,0,0,3,16,0.27,0,0,2,2,0.08,0,0,1
36,87,13,0,11,0,0,0,1,PROTECTING,Field_5,1,PROTECTING,Field_5,1,PROTECTING,Field_5,1,PROTECTING,Field_4,1,IDLE,,1,PROTECTING,Field_5,1,IDLE,,1,IDLE,,1,IDLE,,1,PROTECTING,Field_4,1,IDLE,,1,PROTECTING,Field_5,1,IDLE,,1,IDLE,,1,IDLE,,1,IDLE,,1,IDLE,,1,IDLE,,1,PROTECTING,Field_4,1,PROTECTING,Field_5,1,PROTECTING,Field_5,1,IDLE,,1,IDLE,,1,PROTECTING,Field_6,5,0.15,0,0,2,3,0.19,0,0,6,12,0.07,0,0,1,13,0.42,3,0,3,3,0.37,7,0,2,20,0.27,1,0,2,8,0.18,0,0,2,0,0.07,0,0,1,0,0.07,0,0,2,5,0.23,0,0,3,16,0.25,0,0,2,2,0.08,0,0,1
37,95,13,0,11,0,0,0,1,PROTECTING,Field_5,1,PROTECTING,Field_5,1,PROTECTING,Field_5,1,PROTECTING,Field_4,1,IDLE,,1,PROTECTING,Field_5,1,IDLE,,1,IDLE,,1,IDLE,,1,PROTECTING,Field_4,1,IDLE,,1,PROTECTING,Field_5,1,IDLE,,1,IDLE,,1,IDLE,,1,IDLE,,1,IDLE,,1,IDLE,,1,PROTECTING,Field_4,1,PROTECTING,Field_5,1,PROTECTING,Field_5,1,IDLE,,1,IDLE,,1,PROTECTING,Field_6,6,0.15,0,0,2,3,0.19,0,0,6,13,0.07,0,0,1,16,0.42,3,0,3,3,0.37,7,0,2,20,0.27,1,0,2,9,0.18,0,0,2,0,0.07,0,0,1,0,0.07,0,0,2,5,0.23,0,0,3,18,0.23,0,0,2,2,0.08,0,0,1
38,98,13,0,11,0,0,0,1,PROTECTING,Field_5,1,PROTECTING,Field_5,1,PROTECTING,Field_5,1,PROTECTING,Field_4,1,IDLE,,1,PROTECTING,Field_5,1,IDLE,,1,IDLE,,1,IDLE,,1,PROTECTING,Field_4,1,IDLE,,1,PROTECTING,Field_5,1,IDLE,,1,IDLE,,1,IDLE,,1,IDLE,,1,IDLE,,1,IDLE,,1,PROTECTING,Field_4,1,PROTECTING,Field_5,1,PROTECTING,Field_5,1,IDLE,,1,IDLE,,1,PROTECTING,Field_6,6,0.15,0,0,2,3,0.19,0,0,6,13,0.08,0,0,1,18,0.42,3,0,3,3,0.38,7,0,2,20,0.27,1,0,2,10,0.18,0,0,2,0,0.07,0,0,1,0,0.07,0,0,2,5,0.23,0,0,3,18,0.23,0,0,2,2,0.08,0,0,1
39,105,13,0,11,0,0,0,1,PROTECTING,Field_5,1,PROTECTING,Field_5,1,PROTECTING,Field_5,1,PROTECTING,Field_4,1,IDLE,,1,PROTECTING,Field_5,1,IDLE,,1,IDLE,,1,IDLE,,1,PROTECTING,Field_4,1,IDLE,,1,PROTECTING,Field_5,1,IDLE,,1,IDLE,,1,IDLE,,1,IDLE,,1,IDLE,,1,IDLE,,1,PROTECTING,Field_4,1,PROTECTING,Field_5,1,PROTECTING,Field_5,1,IDLE,,1,IDLE,,1,PROTECTING,Field_6,7,0.15,0,0,2,3,0.17,0,0,6,14,0.08,0,0,1,20,0.42,3,0,3,3,0.38,7,0,2,20,0.26,1,0,2,12,0.18,0,0,2,0,0.05,0,0,1,1,0.07,0,0,2,5,0.23,0,0,3,18,0.21,0,0,2,2,0.08,0,0,1
40,109,13,0,11,0,0,0,1,PROTECTING,Field_5,1,PROTECTING,Field_5,1,PROTECTING,Field_5,1,PROTECTING,Field_4,1,IDLE,,1,PROTECTING,Field_5,1,IDLE,,1,IDLE,,1,IDLE,,1,PROTECTING,Field_4,1,IDLE,,1,PROTECTING,Field_5,1,IDLE,,1,IDLE,,1,IDLE,,1,IDLE,,1,IDLE,,1,IDLE,,1,PROTECTING,Field_4,1,PROTECTING,Field_5,1,PROTECTING,Field_5,1,IDLE,,1,IDLE,,1,PROTECTING,Field_6,7,0.11,0,0,2,3,0.18,0,0,6,14,0.08,0,0,1,21,0.42,3,0,3,3,0.38,7,0,2,20,0.26,1,0,2,14,0.18,0,0,2,0,0.05,0,0,1,2,0.08,0,0,2,5,0.25,0,0,3,18,0.20,0,0,2,2,0.08,0,0,1
41,111,13,0,11,0,0,0,1,PROTECTING,Field_5,1,PROTECTING,Field_5,1,PROTECTING,Field_5,1,PROTECTING,Field_4,1,IDLE,,1,PROTECTING,Field_5,1,IDLE,,1,IDLE,,1,IDLE,,1,PROTECTING,Field_4,1,IDLE,,1,PROTECTING,Field_5,1,IDLE,,1,IDLE,,1,IDLE,,1,IDLE,,1,IDLE,,1,IDLE,,1,PROTECTING,Field_4,1,PROTECTING,Field_5,1,PROTECTING,Field_5,1,IDLE,,1,IDLE,,1,PROTECTING,Field_6,7,0.10,0,0,2,3,0.17,0,0,6,15,0.08,0,0,1,21,0.42,3,0,3,3,0.38,7,0,2,21,0.27,1,0,2,14,0.18,0,0,2,0,0.05,0,0,1,2,0.08,0,0,2,5,0.25,0,0,3,18,0.20,0,0,2,2,0.08,0,0,1
42,116,13,0,11,0,0,0,1,PROTECTING,Field_5,1,PROTECTING,Field_5,1,PROTECTING,Field_5,1,PROTECTING,Field_4,1,IDLE,,1,PROTECTING,Field_5,1,IDLE,,1,IDLE,,1,IDLE,,1,PROTECTING,Field_4,1,IDLE,,1,PROTECTING,Field_5,1,IDLE,,1,IDLE,,1,IDLE,,1,IDLE,,1,IDLE,,1,IDLE,,1,PROTECTING,Field_4,1,PROTECTING,Field_5,1,PROTECTING,Field_5,1,IDLE,,1,IDLE,,1,PROTECTING,Field_6,7,0.08,0,0,2,3,0.17,0,0,6,15,0.07,0,0,1,24,0.41,3,0,3,3,0.38,7,0,2,21,0.27,1,0,2,14,0.19,0,0,2,0,0.05,0,0,1,3,0.08,0,0,2,5,0.25,0,0,3,19,0.20,0,0,2,2,0.08,0,0,1
43,124,13,0,11,0,0,0,1,PROTECTING,Field_5,1,PROTECTING,Field_5,1,PROTECTING,Field_5,1,PROTECTING,Field_4,1,IDLE,,1,PROTECTING,Field_5,1,IDLE,,1,IDLE,,1,IDLE,,1,PROTECTING,Field_4,1,IDLE,,1,PROTECTING,Field_5,1,IDLE,,1,IDLE,,1,IDLE,,1,IDLE,,1,IDLE,,1,IDLE,,1,PROTECTING,Field_4,1,PROTECTING,Field_5,1,PROTECTING,Field_5,1,IDLE,,1,IDLE,,1,PROTECTING,Field_6,7,0.08,0,0,2,3,0.19,0,0,6,17,0.08,0,0,1,27,0.41,3,0,3,5,0.39,7,0,2,21,0.28,1,0,2,14,0.18,0,0,2,0,0.05,0,0,1,3,0.08,0,0,2,5,0.25,0,0,3,20,0.20,0,0,2,2,0.08,0,0,1
44,129,13,0,11,0,0,0,1,PROTECTING,Field_5,1,PROTECTING,Field_5,1,PROTECTING,Field_5,1,PROTECTING,Field_4,1,IDLE,,1,PROTECTING,Field_5,1,IDLE,,1,IDLE,,1,IDLE,,1,PROTECTING,Field_4,1,IDLE,,1,PROTECTING,Field_5,1,IDLE,,1,IDLE,,1,IDLE,,1,IDLE,,1,IDLE,,1,IDLE,,1,PROTECTING,Field_4,1,PROTECTING,Field_5,1,PROTECTING,Field_5,1,IDLE,,1,IDLE,,1,PROTECTING,Field_6,7,0.08,0,0,2,3,0.19,0,0,6,17,0.08,0,0,1,30,0.41,3,0,3,5,0.39,7,0,2,22,0.28,1,0,2,15,0.17,0,0,2,0,0.05,0,0,1,3,0.07,0,0,2,5,0.23,0,0,3,20,0.21,0,0,2,2,0.05,0,0,1
45,133,13,0,11,0,0,0,1,PROTECTING,Field_5,1,PROTECTING,Field_5,1,PROTECTING,Field_5,1,PROTECTING,Field_4,1,IDLE,,1,PROTECTING,Field_5,1,IDLE,,1,IDLE,,1,IDLE,,1,PROTECTING,Field_4,1,IDLE,,1,PROTECTING,Field_5,1,IDLE,,1,IDLE,,1,IDLE,,1,IDLE,,1,IDLE,,1,IDLE,,1,PROTECTING,Field_4,1,PROTECTING,Field_5,1,PROTECTING,Field_5,1,IDLE,,1,IDLE,,1,PROTECTING,Field_6,7,0.08,0,0,2,3,0.18,0,0,6,17,0.09,0,0,1,31,0.41,3,0,3,5,0.40,7,0,2,22,0.28,1,0,2,15,0.16,0,0,2,0,0.05,0,0,1,3,0.07,0,0,2,7,0.25,0,0,3,21,0.21,0,0,2,2,0.05,0,0,1
46,137,13,0,11,0,0,0,1,PROTECTING,Field_5,1,PROTECTING,Field_5,1,PROTECTING,Field_5,1,PROTECTING,Field_4,1,IDLE,,1,PROTECTING,Field_5,1,IDLE,,1,IDLE,,1,IDLE,,1,PROTECTING,Field_4,1,IDLE,,1,PROTECTING,Field_5,1,IDLE,,1,IDLE,,1,IDLE,,1,IDLE,,1,IDLE,,1,IDLE,,1,PROTECTING,Field_4,1,PROTECTING,Field_5,1,PROTECTING,Field_5,1,IDLE,,1,IDLE,,1,PROTECTING,Field_6,7,0.08,0,0,2,3,0.18,0,0,6,18,0.09,0,0,1,31,0.41,3,0,3,6,0.40,7,0,2,23,0.28,1,0,2,15,0.16,0,0,2,0,0.02,0,0,1,3,0.07,0,0,2,7,0.23,0,0,3,22,0.21,0,0,2,2,0.03,0,0,1
47,143,13,0,11,0,0,0,1,PROTECTING,Field_5,1,PROTECTING,Field_5,1,PROTECTING,Field_5,1,PROTECTING,Field_4,1,IDLE,,1,PROTECTING,Field_5,1,IDLE,,1,IDLE,,1,IDLE,,1,PROTECTING,Field_4,1,IDLE,,1,PROTECTING,Field_5,1,IDLE,,1,IDLE,,1,IDLE,,1,IDLE,,1,IDLE,,1,IDLE,,1,PROTECTING,Field_4,1,PROTECTING,Field_5,1,PROTECTING,Field_5,1,IDLE,,1,IDLE,,1,PROTECTING,Field_6,7,0.08,0,0,2,3,0.18,0,0,6,18,0.08,0,0,1,33,0.41,3,0,3,6,0.40,7,0,2,23,0.28,1,0,2,18,0.16,0,0,2,0,0.05,0,0,1,3,0.06,0,0,2,7,0.21,0,0,3,23,0.20,0,0,2,2,0.03,0,0,1
48,152,13,0,11,0,0,0,1,PROTECTING,Field_5,1,PROTECTING,Field_5,1,PROTECTING,Field_5,1,PROTECTING,Field_4,1,IDLE,,1,PROTECTING,Field_5,1,IDLE,,1,IDLE,,1,IDLE,,1,PROTECTING,Field_4,1,IDLE,,1,PROTECTING,Field_5,1,IDLE,,1,IDLE,,1,IDLE,,1,IDLE,,1,IDLE,,1,IDLE,,1,PROTECTING,Field_4,1,PROTECTING,Field_5,1,PROTECTING,Field_5,1,IDLE,,1,IDLE,,1,PROTECTING,Field_6,7,0.06,0,0,2,3,0.18,0,0,6,18,0.09,0,0,1,35,0.41,3,0,3,10,0.40,7,0,2,23,0.28,1,0,2,19,0.16,0,0,2,0,0.05,0,0,1,3,0.06,0,0,2,9,0.21,0,0,3,23,0.20,0,0,2,2,0.03,0,0,1
49,156,13,0,11,0,0,0,1,PROTECTING,Field_5,1,PROTECTING,Field_5,1,PROTECTING,Field_5,1,PROTECTING,Field_4,1,IDLE,,1,PROTECTING,Field_5,1,IDLE,,1,IDLE,,1,IDLE,,1,PROTECTING,Field_4,1,IDLE,,1,PROTECTING,Field_5,1,IDLE,,1,IDLE,,1,IDLE,,1,IDLE,,1,IDLE,,1,IDLE,,1,PROTECTING,Field_4,1,PROTECTING,Field_5,1,PROTECTING,Field_5,1,IDLE,,1,IDLE,,1,PROTECTING,Field_6,7,0.06,0,0,2,3,0.19,0,0,6,18,0.08,0,0,1,35,0.41,3,0,3,12,0.40,7,0,2,24,0.28,1,0,2,20,0.16,0,0,2,0,0.02,0,0,1,3,0.06,0,0,2,9,0.20,0,0,3,23,0.21,0,0,2,2,0.03,0,0,1
50,161,13,0,11,0,0,0,1,PROTECTING,Field_5,1,PROTECTING,Field_5,1,PROTECTING,Field_5,1,PROTECTING,Field_4,1,IDLE,,1,PROTECTING,Field_5,1,IDLE,,1,IDLE,,1,IDLE,,1,PROTECTING,Field_4,1,IDLE,,1,PROTECTING,Field_5,1,IDLE,,1,IDLE,,1,IDLE,,1,IDLE,,1,IDLE,,1,IDLE,,1,PROTECTING,Field_4,1,PROTECTING,Field_5,1,PROTECTING,Field_5,1,IDLE,,1,IDLE,,1,PROTECTING,Field_6,7,0.06,0,0,2,4,0.19,0,0,6,18,0.08,0,0,1,36,0.42,3,0,3,14,0.40,7,0,2,25,0.28,1,0,2,20,0.15,0,0,2,0,0.02,0,0,1,3,0.06,0,0,2,9,0.18,0,0,3,23,0.20,0,0,2,2,0.00,0,0,1
51,170,13,0,11,0,0,0,1,PROTECTING,Field_5,1,PROTECTING,Field_5,1,PROTECTING,Field_5,1,PROTECTING,Field_4,1,IDLE,,1,PROTECTING,Field_5,1,IDLE,,1,IDLE,,1,IDLE,,1,PROTECTING,Field_4,1,IDLE,,1,PROTECTING,Field_5,1,IDLE,,1,IDLE,,1,IDLE,,1,IDLE,,1,IDLE,,1,IDLE,,1,PROTECTING,Field_4,1,PROTECTING,Field_5,1,PROTECTING,Field_5,1,IDLE,,1,IDLE,,1,PROTECTING,Field_6,8,0.06,0,0,2,4,0.19,0,0,6,18,0.08,0,0,1,39,0.42,3,0,3,15,0.40,7,0,2,26,0.28,1,0,2,21,0.15,0,0,2,0,0.02,0,0,1,4,0.07,0,0,2,9,0.18,0,0,3,24,0.18,0,0,2,2,0.00,0,0,1
52,177,13,0,11,0,0,0,1,PROTECTING,Field_5,1,PROTECTING,Field_5,1,PROTECTING,Field_5,1,PROTECTING,Field_4,1,IDLE,,1,PROTECTING,Field_5,1,IDLE,,1,IDLE,,1,IDLE,,1,PROTECTING,Field_4,1,IDLE,,1,PROTECTING,Field_5,1,IDLE,,1,IDLE,,1,IDLE,,1,IDLE,,1,IDLE,,1,IDLE,,1,PROTECTING,Field_4,1,PROTECTING,Field_5,1,PROTECTING,Field_5,1,IDLE,,1,IDLE,,1,PROTECTING,Field_6,8,0.06,0,0,2,4,0.19,0,0,6,19,0.07,0,0,1,39,0.41,3,0,3,17,0.40,7,0,2,27,0.28,1,0,2,21,0.14,0,0,2,0,0.02,0,0,1,6,0.06,0,0,2,9,0.15,0,0,3,25,0.16,0,0,2,2,0.00,0,0,1
53,183,13,0,11,0,0,0,1,PROTECTING,Field_5,1,PROTECTING,Field_5,1,PROTECTING,Field_5,1,PROTECTING,Field_4,1,IDLE,,1,PROTECTING,Field_5,1,IDLE,,1,IDLE,,1,IDLE,,1,PROTECTING,Field_4,1,IDLE,,1,PROTECTING,Field_5,1,IDLE,,1,IDLE,,1,IDLE,,1,IDLE,,1,IDLE,,1,IDLE,,1,PROTECTING,Field_4,1,PROTECTING,Field_5,1,PROTECTING,Field_5,1,IDLE,,1,IDLE,,1,PROTECTING,Field_6,8,0.05,0,0,2,4,0.18,0,0,6,19,0.05,0,0,1,40,0.41,3,0,3,17,0.40,7,0,2,30,0.26,1,0,2,22,0.14,0,0,2,0,0.02,0,0,1,6,0.06,0,0,2,9,0.13,0,0,3,26,0.16,0,0,2,2,0.00,0,0,1
54,186,13,0,11,0,0,0,1,PROTECTING,Field_5,1,PROTECTING,Field_5,1,PROTECTING,Field_5,1,PROTECTING,Field_4,1,IDLE,,1,PROTECTING,Field_5,1,IDLE,,1,IDLE,,1,IDLE,,1,PROTECTING,Field_4,1,IDLE,,1,PROTECTING,Field_5,1,IDLE,,1,IDLE,,1,IDLE,,1,IDLE,,1,IDLE,,1,IDLE,,1,PROTECTING,Field_4,1,PROTECTING,Field_5,1,PROTECTING,Field_5,1,IDLE,,1,IDLE,,1,PROTECTING,Field_6,8,0.05,0,0,2,4,0.20,0,0,6,19,0.05,0,0,1,41,0.41,3,0,3,18,0.40,7,0,2,31,0.26,1,0,2,22,0.12,0,0,2,0,0.02,0,0,1,6,0.06,0,0,2,9,0.13,0,0,3,26,0.16,0,0,2,2,0.00,0,0,1
55,190,13,0,11,0,0,0,1,PROTECTING,Field_5,1,PROTECTING,Field_5,1,PROTECTING,Field_5,1,PROTECTING,Field_4,1,IDLE,,1,PROTECTING,Field_5,1,IDLE,,1,IDLE,,1,IDLE,,1,PROTECTING,Field_4,1,IDLE,,1,PROTECTING,Field_5,1,IDLE,,1,IDLE,,1,IDLE,,1,IDLE,,1,IDLE,,1,IDLE,,1,PROTECTING,Field_4,1,PROTECTING,Field_5,1,PROTECTING,Field_5,1,IDLE,,1,IDLE,,1,PROTECTING,Field_6,8,0.03,0,0,2,4,0.19,0,0,6,19,0.04,0,0,1,43,0.41,3,0,3,20,0.39,7,0,2,31,0.25,1,0,2,22,0.10,0,0,2,0,0.02,0,0,1,6,0.05,0,0,2,9,0.13,0,0,3,26,0.16,0,0,2,2,0.00,0,0,1
56,195,13,0,11,0,0,0,1,PROTECTING,Field_5,1,PROTECTING,Field_5,1,PROTECTING,Field_5,1,PROTECTING,Field_4,1,IDLE,,1,PROTECTING,Field_5,1,IDLE,,1,IDLE,,1,IDLE,,1,PROTECTING,Field_4,1,IDLE,,1,PROTECTING,Field_5,1,IDLE,,1,IDLE,,1,IDLE,,1,IDLE,,1,IDLE,,1,IDLE,,1,PROTECTING,Field_4,1,PROTECTING,Field_5,1,PROTECTING,Field_5,1,IDLE,,1,IDLE,,1,PROTECTING,Field_6,8,0.05,0,0,2,4,0.19,0,0,6,19,0.04,0,0,1,44,0.41,3,0,3,24,0.39,7,0,2,31,0.24,1,0,2,22,0.12,0,0,2,0,0.02,0,0,1,6,0.05,0,0,2,9,0.11,0,0,3,26,0.16,0,0,2,2,0.00,0,0,1
57,199,13,0,11,0,0,0,1,PROTECTING,Field_5,1,PROTECTING,Field_5,1,PROTECTING,Field_5,1,PROTECTING,Field_4,1,IDLE,,1,PROTECTING,Field_5,1,IDLE,,1,IDLE,,1,IDLE,,1,PROTECTING,Field_4,1,IDLE,,1,PROTECTING,Field_5,1,IDLE,,1,IDLE,,1,IDLE,,1,IDLE,,1,IDLE,,1,IDLE,,1,PROTECTING,Field_4,1,PROTECTING,Field_5,1,PROTECTING,Field_5,1,IDLE,,1,IDLE,,1,PROTECTING,Field_6,8,0.05,0,0,2,4,0.19,0,0,6,19,0.05,0,0,1,45,0.41,3,0,3,27,0.39,7,0,2,31,0.22,1,0,2,22,0.12,0,0,2,0,0.02,0,0,1,6,0.05,0,0,2,9,0.13,0,0,3,26,0.16,0,0,2,2,0.00,0,0,1
58,199,13,0,11,0,0,0,1,PROTECTING,Field_5,1,PROTECTING,Field_5,1,PROTECTING,Field_5,1,PROTECTING,Field_4,1,IDLE,,1,PROTECTING,Field_5,1,IDLE,,1,IDLE,,1,IDLE,,1,PROTECTING,Field_4,1,IDLE,,1,PROTECTING,Field_5,1,IDLE,,1,IDLE,,1,IDLE,,1,IDLE,,1,IDLE,,1,IDLE,,1,PROTECTING,Field_4,1,PROTECTING,Field_5,1,PROTECTING,Field_5,1,IDLE,,1,IDLE,,1,PROTECTING,Field_6,8,0.05,0,0,2,4,0.18,0,0,6,19,0.05,0,0,1,45,0.41,3,0,3,27,0.39,7,0,2,31,0.22,1,0,2,22,0.12,0,0,2,0,0.02,0,0,1,6,0.05,0,0,2,9,0.13,0,0,3,26,0.14,0,0,2,2,0.00,0,0,1
59,202,13,0,11,0,0,0,1,PROTECTING,Field_5,1,PROTECTING,Field_5,1,PROTECTING,Field_5,1,PROTECTING,Field_4,1,IDLE,,1,PROTECTING,Field_5,1,IDLE,,1,IDLE,,1,IDLE,,1,PROTECTING,Field_4,1,IDLE,,1,PROTECTING,Field_5,1,IDLE,,1,IDLE,,1,IDLE,,1,IDLE,,1,IDLE,,1,IDLE,,1,PROTECTING,Field_4,1,PROTECTING,Field_5,1,PROTECTING,Field_5,1,IDLE,,1,IDLE,,1,PROTECTING,Field_6,8,0.05,0,0,2,4,0.18,0,0,6,19,0.05,0,0,1,46,0.41,3,0,3,29,0.39,7,0,2,31,0.21,1,0,2,22,0.12,0,0,2,0,0.02,0,0,1,6,0.05,0,0,2,9,0.11,0,0,3,26,0.14,0,0,2,2,0.00,0,0,1
60,205,13,0,11,0,0,0,1,PROTECTING,Field_5,1,PROTECTING,Field_5,1,PROTECTING,Field_5,1,PROTECTING,Field_4,1,IDLE,,1,PROTECTING,Field_5,1,IDLE,,1,IDLE,,1,IDLE,,1,PROTECTING,Field_4,1,IDLE,,1,PROTECTING,Field_5,1,IDLE,,1,IDLE,,1,IDLE,,1,IDLE,,1,IDLE,,1,IDLE,,1,PROTECTING,Field_4,1,PROTECTING,Field_5,1,PROTECTING,Field_5,1,IDLE,,1,IDLE,,1,PROTECTING,Field_6,8,0.05,0,0,2,4,0.18,0,0,6,19,0.05,0,0,1,46,0.41,3,0,3,32,0.39,7,0,2,31,0.21,1,0,2,22,0.12,0,0,2,0,0.02,0,0,1,6,0.05,0,0,2,9,0.11,0,0,3,26,0.14,0,0,2,2,0.00,0,0,1
61,211,13,0,11,0,0,0,1,PROTECTING,Field_5,1,PROTECTING,Field_5,1,PROTECTING,Field_5,1,PROTECTING,Field_4,1,IDLE,,1,PROTECTING,Field_5,1,IDLE,,1,IDLE,,1,IDLE,,1,PROTECTING,Field_4,1,IDLE,,1,PROTECTING,Field_5,1,IDLE,,1,IDLE,,1,IDLE,,1,IDLE,,1,IDLE,,1,IDLE,,1,PROTECTING,Field_4,1,PROTECTING,Field_5,1,PROTECTING,Field_5,1,IDLE,,1,IDLE,,1,PROTECTING,Field_6,8,0.05,0,0,2,4,0.18,0,0,6,19,0.05,0,0,1,47,0.39,3,0,3,35,0.39,7,0,2,32,0.21,1,0,2,23,0.12,0,0,2,0,0.02,0,0,1,6,0.05,0,0,2,9,0.11,0,0,3,26,0.14,0,0,2,2,0.00,0,0,1
62,216,13,0,11,0,0,0,1,PROTECTING,Field_5,1,PROTECTING,Field_5,1,PROTECTING,Field_5,1,PROTECTING,Field_4,1,IDLE,,1,PROTECTING,Field_5,1,IDLE,,1,IDLE,,1,IDLE,,1,PROTECTING,Field_4,1,IDLE,,1,PROTECTING,Field_5,1,IDLE,,1,IDLE,,1,IDLE,,1,IDLE,,1,IDLE,,1,IDLE,,1,PROTECTING,Field_4,1,PROTECTING,Field_5,1,PROTECTING,Field_5,1,IDLE,,1,IDLE,,1,PROTECTING,Field_6,8,0.03,0,0,2,4,0.20,0,0,6,20,0.05,0,0,1,48,0.39,3,0,3,35,0.38,7,0,2,33,0.20,1,0,2,24,0.14,0,0,2,0,0.02,0,0,1,6,0.06,0,0,2,9,0.11,0,0,3,27,0.14,0,0,2,2,0.00,0,0,1
63,221,13,0,11,0,0,0,1,PROTECTING,Field_5,1,PROTECTING,Field_5,1,PROTECTING,Field_5,1,PROTECTING,Field_4,1,IDLE,,1,PROTECTING,Field_5,1,IDLE,,1,IDLE,,1,IDLE,,1,PROTECTING,Field_4,1,IDLE,,1,PROTECTING,Field_5,1,IDLE,,1,IDLE,,1,IDLE,,1,IDLE,,1,IDLE,,1,IDLE,,1,PROTECTING,Field_4,1,PROTECTING,Field_5,1,PROTECTING,Field_5,1,IDLE,,1,IDLE,,1,PROTECTING,Field_6,8,0.03,0,0,2,4,0.19,0,0,6,20,0.05,0,0,1,50,0.38,3,0,3,38,0.38,7,0,2,33,0.20,1,0,2,24,0.12,0,0,2,0,0.02,0,0,1,6,0.05,0,0,2,9,0.11,0,0,3,27,0.14,0,0,2,2,0.00,0,0,1
64,229,13,0,11,0,0,0,1,PROTECTING,Field_5,1,PROTECTING,Field_5,1,PROTECTING,Field_5,1,PROTECTING,Field_4,1,IDLE,,1,PROTECTING,Field_5,1,IDLE,,1,IDLE,,1,IDLE,,1,PROTECTING,Field_4,1,IDLE,,1,PROTECTING,Field_5,1,IDLE,,1,IDLE,,1,IDLE,,1,IDLE,,1,IDLE,,1,IDLE,,1,PROTECTING,Field_4,1,PROTECTING,Field_5,1,PROTECTING,Field_5,1,IDLE,,1,IDLE,,1,PROTECTING,Field_6,8,0.05,0,0,2,5,0.19,0,0,6,20,0.05,0,0,1,51,0.38,3,0,3,41,0.38,7,0,2,35,0.20,1,0,2,24,0.13,0,0,2,0,0.02,0,0,1,6,0.05,0,0,2,9,0.11,0,0,3,28,0.14,0,0,2,2,0.00,0,0,1
65,234,13,0,11,0,0,0,1,PROTECTING,Field_5,1,PROTECTING,Field_5,1,PROTECTING,Field_5,1,PROTECTING,Field_4,1,IDLE,,1,PROTECTING,Field_5,1,IDLE,,1,IDLE,,1,IDLE,,1,PROTECTING,Field_4,1,IDLE,,1,PROTECTING,Field_5,1,IDLE,,1,IDLE,,1,IDLE,,1,IDLE,,1,IDLE,,1,IDLE,,1,PROTECTING,Field_4,1,PROTECTING,Field_5,1,PROTECTING,Field_5,1,IDLE,,1,IDLE,,1,PROTECTING,Field_6,8,0.05,0,0,2,5,0.19,0,0,6,20,0.04,0,0,1,51,0.38,3,0,3,44,0.38,7,0,2,37,0.20,1,0,2,24,0.12,0,0,2,0,0.02,0,0,1,6,0.05,0,0,2,9,0.11,0,0,3,28,0.12,0,0,2,2,0.00,0,0,1
66,240,13,0,11,0,0,0,1,PROTECTING,Field_5,1,PROTECTING,Field_5,1,PROTECTING,Field_5,1,PROTECTING,Field_4,1,IDLE,,1,PROTECTING,Field_5,1,IDLE,,1,IDLE,,1,IDLE,,1,PROTECTING,Field_4,1,IDLE,,1,PROTECTING,Field_5,1,IDLE,,1,IDLE,,1,IDLE,,1,IDLE,,1,IDLE,,1,IDLE,,1,PROTECTING,Field_4,1,PROTECTING,Field_5,1,PROTECTING,Field_5,1,IDLE,,1,IDLE,,1,PROTECTING,Field_6,8,0.05,0,0,2,5,0.19,0,0,6,20,0.04,0,0,1,51,0.36,3,0,3,48,0.38,7,0,2,38,0.20,1,0,2,24,0.13,0,0,2,0,0.02,0,0,1,6,0.05,0,0,2,9,0.11,0,0,3,29,0.12,0,0,2,2,0.00,0,0,1
67,245,13,0,11,0,0,0,1,PROTECTING,Field_5,1,PROTECTING,Field_5,1,PROTECTING,Field_5,1,PROTECTING,Field_4,1,IDLE,,1,PROTECTING,Field_5,1,IDLE,,1,IDLE,,1,IDLE,,1,PROTECTING,Field_4,1,IDLE,,1,PROTECTING,Field_5,1,IDLE,,1,IDLE,,1,IDLE,,1,IDLE,,1,IDLE,,1,IDLE,,1,PROTECTING,Field_4,1,PROTECTING,Field_5,1,PROTECTING,Field_5,1,IDLE,,1,IDLE,,1,PROTECTING,Field_6,8,0.05,0,0,2,6,0.20,0,0,6,20,0.03,0,0,1,53,0.36,3,0,3,49,0.38,7,0,2,38,0.19,1,0,2,24,0.12,0,0,2,0,0.02,0,0,1,6,0.05,0,0,2,9,0.11,0,0,3,30,0.11,0,0,2,2,0.00,0,0,1
68,247,13,0,11,0,0,0,1,PROTECTING,Field_5,1,PROTECTING,Field_5,1,PROTECTING,Field_5,1,PROTECTING,Field_4,1,IDLE,,1,PROTECTING,Field_5,1,IDLE,,1,IDLE,,1,IDLE,,1,PROTECTING,Field_4,1,IDLE,,1,PROTECTING,Field_5,1,IDLE,,1,IDLE,,1,IDLE,,1,IDLE,,1,IDLE,,1,IDLE,,1,PROTECTING,Field_4,1,PROTECTING,Field_5,1,PROTECTING,Field_5,1,IDLE,,1,IDLE,,1,PROTECTING,Field_6,8,0.05,0,0,2,6,0.20,0,0,6,20,0.03,0,0,1,53,0.36,3,0,3,51,0.37,7,0,2,38,0.19,1,0,2,24,0.11,0,0,2,0,0.02,0,0,1,6,0.05,0,0,2,9,0.11,0,0,3,30,0.11,0,0,2,2,0.00,0,0,1
69,256,13,0,11,0,0,0,1,PROTECTING,Field_5,1,PROTECTING,Field_5,1,PROTECTING,Field_5,1,PROTECTING,Field_4,1,IDLE,,1,PROTECTING,Field_5,1,IDLE,,1,IDLE,,1,IDLE,,1,PROTECTING,Field_4,1,IDLE,,1,PROTECTING,Field_5,1,IDLE,,1,IDLE,,1,IDLE,,1,IDLE,,1,IDLE,,1,IDLE,,1,PROTECTING,Field_4,1,PROTECTING,Field_5,1,PROTECTING,Field_5,1,IDLE,,1,IDLE,,1,PROTECTING,Field_6,8,0.05,0,0,2,7,0.20,0,0,6,20,0.03,0,0,1,56,0.36,3,0,3,54,0.35,7,0,2,39,0.19,1,0,2,25,0.10,0,0,2,0,0.02,0,0,1,6,0.05,0,0,2,9,0.13,0,0,3,30,0.11,0,0,2,2,0.00,0,0,1
70,257,13,0,11,0,0,0,1,PROTECTING,Field_5,1,PROTECTING,Field_5,1,PROTECTING,Field_5,1,PROTECTING,Field_4,1,IDLE,,1,PROTECTING,Field_5,1,IDLE,,1,IDLE,,1,IDLE,,1,PROTECTING,Field_4,1,IDLE,,1,PROTECTING,Field_5,1,IDLE,,1,IDLE,,1,IDLE,,1,IDLE,,1,IDLE,,1,IDLE,,1,PROTECTING,Field_4,1,PROTECTING,Field_5,1,PROTECTING,Field_5,1,IDLE,,1,IDLE,,1,PROTECTING,Field_6,8,0.05,0,0,2,8,0.20,0,0,6,20,0.03,0,0,1,56,0.36,3,0,3,54,0.34,7,0,2,39,0.19,1,0,2,25,0.10,0,0,2,0,0.00,0,0,1,6,0.05,0,0,2,9,0.13,0,0,3,30,0.11,0,0,2,2,0.00,0,0,1
71,263,8,0,11,0,5,0,1,PROTECTING,Field_5,1,PROTECTING,Field_5,1,PROTECTING,Field_5,1,PROTECTING,Field_4,1,MOVING_TO_FIELD,Field_5,1,PROTECTING,Field_5,1,MOVING_TO_FIELD,Field_4,1,MOVING_TO_FIELD,Field_5,1,IDLE,,1,PROTECTING,Field_4,1,MOVING_TO_FIELD,Field_4,1,PROTECTING,Field_5,1,IDLE,,1,IDLE,,1,MOVING_TO_FIELD,Field_4,1,IDLE,,1,IDLE,,1,IDLE,,1,PROTECTING,Field_4,1,PROTECTING,Field_5,1,PROTECTING,Field_5,1,IDLE,,1,IDLE,,1,PROTECTING,Field_6,8,0.03,0,0,2,8,0.20,0,0,6,20,0.03,0,0,1,59,0.36,3,3,3,54,0.32,7,2,2,40,0.19,1,0,2,27,0.11,0,0,2,0,0.00,0,0,1,6,0.05,0,0,2,9,0.13,0,0,3,30,0.11,0,0,2,2,0.00,0,0,1
72,263,8,0,11,0,5,0,1,PROTECTING,Field_5,1,PROTECTING,Field_5,1,PROTECTING,Field_5,1,PROTECTING,Field_4,1,MOVING_TO_FIELD,Field_5,1,PROTECTING,Field_5,1,MOVING_TO_FIELD,Field_4,1,MOVING_TO_FIELD,Field_5,1,IDLE,,1,PROTECTING,Field_4,1,MOVING_TO_FIELD,Field_4,1,PROTECTING,Field_5,1,IDLE,,1,IDLE,,1,MOVING_TO_FIELD,Field_4,1,IDLE,,1,IDLE,,1,IDLE,,1,PROTECTING,Field_4,1,PROTECTING,Field_5,1,PROTECTING,Field_5,1,IDLE,,1,IDLE,,1,PROTECTING,Field_6,8,0.05,0,0,2,8,0.20,0,0,6,20,0.03,0,0,1,59,0.36,3,3,3,54,0.32,7,2,2,40,0.18,1,0,2,27,0.11,0,0,2,0,0.00,0,0,1,6,0.05,0,0,2,9,0.15,0,0,3,30,0.11,0,0,2,2,0.00,0,0,1
73,267,8,0,11,0,5,0,1,PROTECTING,Field_5,1,PROTECTING,Field_5,1,PROTECTING,Field_5,1,PROTECTING,Field_4,1,MOVING_TO_FIELD,Field_5,1,PROTECTING,Field_5,1,MOVING_TO_FIELD,Field_4,1,MOVING_TO_FIELD,Field_5,1,IDLE,,1,PROTECTING,Field_4,1,MOVING_TO_FIELD,Field_4,1,PROTECTING,Field_5,1,IDLE,,1,IDLE,,1,MOVING_TO_FIELD,Field_4,1,IDLE,,1,IDLE,,1,IDLE,,1,PROTECTING,Field_4,1,PROTECTING,Field_5,1,PROTECTING,Field_5,1,IDLE,,1,IDLE,,1,PROTECTING,Field_6,8,0.05,0,0,2,8,0.20,0,0,6,20,0.01,0,0,1,62,0.35,3,3,3,54,0.32,7,2,2,41,0.18,1,0,2,27,0.11,0,0,2,0,0.00,0,0,1,6,0.05,0,0,2,9,0.15,0,0,3,30,0.11,0,0,2,2,0.03,0,0,1
74,271,8,0,11,0,5,0,1,PROTECTING,Field_5,1,PROTECTING,Field_5,1,PROTECTING,Field_5,1,PROTECTING,Field_4,1,MOVING_TO_FIELD,Field_5,1,PROTECTING,Field_5,1,MOVING_TO_FIELD,Field_4,1,MOVING_TO_FIELD,Field_5,1,IDLE,,1,PROTECTING,Field_4,1,MOVING_TO_FIELD,Field_4,1,PROTECTING,Field_5,1,IDLE,,1,IDLE,,1,MOVING_TO_FIELD,Field_4,1,IDLE,,1,IDLE,,1,IDLE,,1,PROTECTING,Field_4,1,PROTECTING,Field_5,1,PROTECTING,Field_5,1,IDLE,,1,IDLE,,1,PROTECTING,Field_6,8,0.05,0,0,2,8,0.20,0,0,6,20,0.01,0,0,1,62,0.36,3,3,3,55,0.32,7,2,2,42,0.18,1,0,2,29,0.10,0,0,2,0,0.00,0,0,1,6,0.05,0,0,2,9,0.13,0,0,3,30,0.11,0,0,2,2,0.03,0,0,1
75,271,8,0,11,0,5,0,1,PROTECTING,Field_5,1,PROTECTING,Field_5,1,PROTECTING,Field_5,1,PROTECTING,Field_4,1,MOVING_TO_FIELD,Field_5,1,PROTECTING,Field_5,1,MOVING_TO_FIELD,Field_4,1,MOVING_TO_FIELD,Field_5,1,IDLE,,1,PROTECTING,Field_4,1,MOVING_TO_FIELD,Field_4,1,PROTECTING,Field_5,1,IDLE,,1,IDLE,,1,MOVING_TO_FIELD,Field_4,1,IDLE,,1,IDLE,,1,IDLE,,1,PROTECTING,Field_4,1,PROTECTING,Field_5,1,PROTECTING,Field_5,1,IDLE,,1,IDLE,,1,PROTECTING,Field_6,8,0.05,0,0,2,8,0.19,0,0,6,20,0.01,0,0,1,62,0.36,3,3,3,55,0.32,7,2,2,42,0.18,1,0,2,29,0.10,0,0,2,0,0.00,0,0,1,6,0.06,0,0,2,9,0.13,0,0,3,30,0.11,0,0,2,2,0.03,0,0,1
76,274,8,0,11,0,5,0,1,PROTECTING,Field_5,1,PROTECTING,Field_5,1,PROTECTING,Field_5,1,PROTECTING,Field_4,1,MOVING_TO_FIELD,Field_5,1,PROTECTING,Field_5,1,MOVING_TO_FIELD,Field_4,1,MOVING_TO_FIELD,Field_5,1,IDLE,,1,PROTECTING,Field_4,1,MOVING_TO_FIELD,Field_4,1,PROTECTING,Field_5,1,IDLE,,1,IDLE,,1,MOVING_TO_FIELD,Field_4,1,IDLE,,1,IDLE,,1,IDLE,,1,PROTECTING,Field_4,1,PROTECTING,Field_5,1,PROTECTING,Field_5,1,IDLE,,1,IDLE,,1,PROTECTING,Field_6,8,0.05,0,0,2,8,0.21,0,0,6,20,0.01,0,0,1,65,0.36,3,3,3,55,0.32,7,2,2,42,0.16,1,0,2,29,0.11,0,0,2,0,0.00,0,0,1,6,0.05,0,0,2,9,0.13,0,0,3,30,0.11,0,0,2,2,0.03,0,0,1
77,275,8,0,11,0,5,0,1,PROTECTING,Field_5,1,PROTECTING,Field_5,1,PROTECTING,Field_5,1,PROTECTING,Field_4,1,MOVING_TO_FIELD,Field_5,1,PROTECTING,Field_5,1,MOVING_TO_FIELD,Field_4,1,MOVING_TO_FIELD,Field_5,1,IDLE,,1,PROTECTING,Field_4,1,MOVING_TO_FIELD,Field_4,1,PROTECTING,Field_5,1,IDLE,,1,IDLE,,1,MOVING_TO_FIELD,Field_4,1,IDLE,,1,IDLE,,1,IDLE,,1,PROTECTING,Field_4,1,PROTECTING,Field_5,1,PROTECTING,Field_5,1,IDLE,,1,IDLE,,1,PROTECTING,Field_6,8,0.05,0,0,2,8,0.21,0,0,6,20,0.03,0,0,1,66,0.36,3,3,3,55,0.31,7,2,2,42,0.16,1,0,2,29,0.11,0,0,2,0,0.00,0,0,1,6,0.06,0,0,2,9,0.11,0,0,3,30,0.11,0,0,2,2,0.03,0,0,1
78,277,8,0,12,0,4,0,1,PROTECTING,Field_5,1,PROTECTING,Field_5,1,PROTECTING,Field_5,1,PROTECTING,Field_4,1,MOVING_TO_FIELD,Field_5,1,PROTECTING,Field_5,1,MOVING_TO_FIELD,Field_4,1,PROTECTING,Field_5,1,IDLE,,1,PROTECTING,Field_4,1,MOVING_TO_FIELD,Field_4,1,PROTECTING,Field_5,1,IDLE,,1,IDLE,,1,MOVING_TO_FIELD,Field_4,1,IDLE,,1,IDLE,,1,IDLE,,1,PROTECTING,Field_4,1,PROTECTING,Field_5,1,PROTECTING,Field_5,1,IDLE,,1,IDLE,,1,PROTECTING,Field_6,8,0.05,0,0,2,9,0.20,0,0,6,20,0.03,0,0,1,66,0.38,3,3,3,55,0.29,8,1,1,42,0.15,1,0,2,29,0.10,0,0,2,0,0.00,0,0,1,7,0.05,0,0,2,9,0.08,0,0,3,30,0.09,0,0,2,2,0.03,0,0,1
79,282,8,0,12,0,4,0,1,PROTECTING,Field_5,1,PROTECTING,Field_5,1,PROTECTING,Field_5,1,PROTECTING,Field_4,1,MOVING_TO_FIELD,Field_5,1,PROTECTING,Field_5,1,MOVING_TO_FIELD,Field_4,1,PROTECTING,Field_5,1,IDLE,,1,PROTECTING,Field_4,1,MOVING_TO_FIELD,Field_4,1,PROTECTING,Field_5,1,IDLE,,1,IDLE,,1,MOVING_TO_FIELD,Field_4,1,IDLE,,1,IDLE,,1,IDLE,,1,PROTECTING,Field_4,1,PROTECTING,Field_5,1,PROTECTING,Field_5,1,IDLE,,1,IDLE,,1,PROTECTING,Field_6,8,0.05,0,0,2,11,0.19,0,0,6,20,0.03,0,0,1,68,0.39,3,3,3,56,0.27,8,1,1,42,0.15,1,0,2,29,0.08,0,0,2,0,0.00,0,0,1,7,0.05,0,0,2,9,0.08,0,0,3,30,0.11,0,0,2,2,0.03,0,0,1
80,283,8,0,12,0,4,0,1,PROTECTING,Field_5,1,PROTECTING,Field_5,1,PROTECTING,Field_5,1,PROTECTING,Field_4,1,MOVING_TO_FIELD,Field_5,1,PROTECTING,Field_5,1,MOVING_TO_FIELD,Field_4,1,PROTECTING,Field_5,1,IDLE,,1,PROTECTING,Field_4,1,MOVING_TO_FIELD,Field_4,1,PROTECTING,Field_5,1,IDLE,,1,IDLE,,1,MOVING_TO_FIELD,Field_4,1,IDLE,,1,IDLE,,1,IDLE,,1,PROTECTING,Field_4,1,PROTECTING,Field_5,1,PROTECTING,Field_5,1,IDLE,,1,IDLE,,1,PROTECTING,Field_6,8,0.06,0,0,2,11,0.20,0,0,6,20,0.03,0,0,1,68,0.39,3,3,3,57,0.26,8,1,1,42,0.15,1,0,2,29,0.07,0,0,2,0,0.00,0,0,1,7,0.05,0,0,2,9,0.08,0,0,3,30,0.11,0,0,2,2,0.03,0,0,1
81,286,9,0,11,0,4,0,1,PROTECTING,Field_5,1,PROTECTING,Field_5,1,PROTECTING,Field_5,1,MOVING_TO_FIELD,Field_5,1,MOVING_TO_FIELD,Field_5,1,PROTECTING,Field_5,1,MOVING_TO_FIELD,Field_4,1,PROTECTING,Field_5,1,IDLE,,1,PROTECTING,Field_4,1,MOVING_TO_FIELD,Field_4,1,PROTECTING,Field_5,1,IDLE,,1,IDLE,,1,IDLE,,1,IDLE,,1,IDLE,,1,IDLE,,1,PROTECTING,Field_4,1,PROTECTING,Field_5,1,PROTECTING,Field_5,1,IDLE,,1,IDLE,,1,PROTECTING,Field_6,8,0.08,0,0,2,12,0.19,0,0,6,20,0.03,0,0,1,68,0.39,2,2,4,58,0.27,8,2,1,42,0.14,1,0,2,30,0.07,0,0,2,0,0.00,0,0,1,7,0.05,0,0,2,9,0.08,0,0,3,30,0.11,0,0,2,2,0.03,0,0,1
82,288,9,0,11,0,4,0,1,PROTECTING,Field_5,1,PROTECTING,Field_5,1,PROTECTING,Field_5,1,MOVING_TO_FIELD,Field_5,1,MOVING_TO_FIELD,Field_5,1,PROTECTING,Field_5,1,MOVING_TO_FIELD,Field_4,1,PROTECTING,Field_5,1,IDLE,,1,PROTECTING,Field_4,1,MOVING_TO_FIELD,Field_4,1,PROTECTING,Field_5,1,IDLE,,1,IDLE,,1,IDLE,,1,IDLE,,1,IDLE,,1,IDLE,,1,PROTECTING,Field_4,1,PROTECTING,Field_5,1,PROTECTING,Field_5,1,IDLE,,1,IDLE,,1,PROTECTING,Field_6,8,0.08,0,0,2,12,0.21,0,0,6,20,0.04,0,0,1,69,0.39,2,2,4,59,0.27,8,2,1,42,0.15,1,0,2,30,0.08,0,0,2,0,0.00,0,0,1,7,0.05,0,0,2,9,0.08,0,0,3,30,0.11,0,0,2,2,0.03,0,0,1
83,288,9,0,11,0,4,0,1,PROTECTING,Field_5,1,PROTECTING,Field_5,1,PROTECTING,Field_5,1,MOVING_TO_FIELD,Field_5,1,MOVING_TO_FIELD,Field_5,1,PROTECTING,Field_5,1,MOVING_TO_FIELD,Field_4,1,PROTECTING,Field_5,1,IDLE,,1,PROTECTING,Field_4,1,MOVING_TO_FIELD,Field_4,1,PROTECTING,Field_5,1,IDLE,,1,IDLE,,1,IDLE,,1,IDLE,,1,IDLE,,1,IDLE,,1,PROTECTING,Field_4,1,PROTECTING,Field_5,1,PROTECTING,Field_5,1,IDLE,,1,IDLE,,1,PROTECTING,Field_6,8,0.08,0,0,2,12,0.21,0,0,6,20,0.04,0,0,1,69,0.39,2,2,4,59,0.27,8,2,1,42,0.14,1,0,2,30,0.08,0,0,2,0,0.00,0,0,1,7,0.05,0,0,2,9,0.08,0,0,3,30,0.11,0,0,2,2,0.03,0,0,1
84,289,9,0,11,0,4,0,1,PROTECTING,Field_5,1,PROTECTING,Field_5,1,PROTECTING,Field_5,1,MOVING_TO_FIELD,Field_5,1,MOVING_TO_FIELD,Field_5,1,PROTECTING,Field_5,1,MOVING_TO_FIELD,Field_4,1,PROTECTING,Field_5,1,IDLE,,1,PROTECTING,Field_4,1,MOVING_TO_FIELD,Field_4,1,PROTECTING,Field_5,1,IDLE,,1,IDLE,,1,IDLE,,1,IDLE,,1,IDLE,,1,IDLE,,1,PROTECTING,Field_4,1,PROTECTING,Field_5,1,PROTECTING,Field_5,1,IDLE,,1,IDLE,,1,PROTECTING,Field_6,8,0.06,0,0,2,12,0.21,0,0,6,20,0.03,0,0,1,70,0.39,2,2,4,59,0.26,8,2,1,42,0.13,1,0,2,30,0.06,0,0,2,0,0.02,0,0,1,7,0.06,0,0,2,9,0.10,0,0,3,30,0.11,0,0,2,2,0.03,0,0,1
85,290,9,0,11,0,4,0,1,PROTECTING,Field_5,1,PROTECTING,Field_5,1,PROTECTING,Field_5,1,MOVING_TO_FIELD,Field_5,1,MOVING_TO_FIELD,Field_5,1,PROTECTING,Field_5,1,MOVING_TO_FIELD,Field_4,1,PROTECTING,Field_5,1,IDLE,,1,PROTECTING,Field_4,1,MOVING_TO_FIELD,Field_4,1,PROTECTING,Field_5,1,IDLE,,1,IDLE,,1,IDLE,,1,IDLE,,1,IDLE,,1,IDLE,,1,PROTECTING,Field_4,1,PROTECTING,Field_5,1,PROTECTING,Field_5,1,IDLE,,1,IDLE,,1,PROTECTING,Field_6,8,0.06,0,0,2,12,0.21,0,0,6,20,0.03,0,0,1,71,0.38,2,2,4,59,0.25,8,2,1,42,0.13,1,0,2,30,0.06,0,0,2,0,0.02,0,0,1,7,0.06,0,0,2,9,0.08,0,0,3,30,0.11,0,0,2,2,0.03,0,0,1
86,293,9,0,12,0,3,0,1,PROTECTING,Field_5,1,PROTECTING,Field_5,1,PROTECTING,Field_5,1,MOVING_TO_FIELD,Field_5,1,PROTECTING,Field_5,1,PROTECTING,Field_5,1,MOVING_TO_FIELD,Field_4,1,PROTECTING,Field_5,1,IDLE,,1,PROTECTING,Field_4,1,MOVING_TO_FIELD,Field_4,1,PROTECTING,Field_5,1,IDLE,,1,IDLE,,1,IDLE,,1,IDLE,,1,IDLE,,1,IDLE,,1,PROTECTING,Field_4,1,PROTECTING,Field_5,1,PROTECTING,Field_5,1,IDLE,,1,IDLE,,1,PROTECTING,Field_6,8,0.06,0,0,2,12,0.21,0,0,6,20,0.03,0,0,1,74,0.38,2,2,4,59,0.24,9,1,0,42,0.14,1,0,2,30,0.07,0,0,2,0,0.02,0,0,1,7,0.05,0,0,2,9,0.08,0,0,3,30,0.09,0,0,2,2,0.03,0,0,1
87,295,9,0,12,0,3,0,1,PROTECTING,Field_5,1,PROTECTING,Field_5,1,PROTECTING,Field_5,1,MOVING_TO_FIELD,Field_5,1,PROTECTING,Field_5,1,PROTECTING,Field_5,1,MOVING_TO_FIELD,Field_4,1,PROTECTING,Field_5,1,IDLE,,1,PROTECTING,Field_4,1,MOVING_TO_FIELD,Field_4,1,PROTECTING,Field_5,1,IDLE,,1,IDLE,,1,IDLE,,1,IDLE,,1,IDLE,,1,IDLE,,1,PROTECTING,Field_4,1,PROTECTING,Field_5,1,PROTECTING,Field_5,1,IDLE,,1,IDLE,,1,PROTECTING,Field_6,8,0.08,0,0,2,12,0.23,0,0,6,20,0.03,0,0,1,74,0.41,2,2,4,59,0.21,9,1,0,43,0.14,1,0,2,31,0.08,0,0,2,0,0.02,0,0,1,7,0.05,0,0,2,9,0.08,0,0,3,30,0.09,0,0,2,2,0.03,0,0,1
88,297,9,0,12,0,3,0,1,PROTECTING,Field_5,1,PROTECTING,Field_5,1,PROTECTING,Field_5,1,MOVING_TO_FIELD,Field_5,1,PROTECTING,Field_5,1,PROTECTING,Field_5,1,MOVING_TO_FIELD,Field_4,1,PROTECTING,Field_5,1,IDLE,,1,PROTECTING,Field_4,1,MOVING_TO_FIELD,Field_4,1,PROTECTING,Field_5,1,IDLE,,1,IDLE,,1,IDLE,,1,IDLE,,1,IDLE,,1,IDLE,,1,PROTECTING,Field_4,1,PROTECTING,Field_5,1,PROTECTING,Field_5,1,IDLE,,1,IDLE,,1,PROTECTING,Field_6,8,0.05,0,0,2,12,0.23,0,0,6,20,0.03,0,0,1,76,0.41,2,2,4,59,0.21,9,1,0,43,0.14,1,0,2,31,0.09,0,0,2,0,0.02,0,0,1,7,0.06,0,0,2,9,0.08,0,0,3,30,0.09,0,0,2,2,0.03,0,0,1
89,298,9,0,13,0,2,0,1,PROTECTING,Field_5,1,PROTECTING,Field_5,1,PROTECTING,Field_5,1,PROTECTING,Field_5,1,PROTECTING,Field_5,1,PROTECTING,Field_5,1,MOVING_TO_FIELD,Field_4,1,PROTECTING,Field_5,1,IDLE,,1,PROTECTING,Field_4,1,MOVING_TO_FIELD,Field_4,1,PROTECTING,Field_5,1,IDLE,,1,IDLE,,1,IDLE,,1,IDLE,,1,IDLE,,1,IDLE,,1,PROTECTING,Field_4,1,PROTECTING,Field_5,1,PROTECTING,Field_5,1,IDLE,,1,IDLE,,1,PROTECTING,Field_6,8,0.05,0,0,2,12,0.23,0,0,6,20,0.03,0,0,1,76,0.39,2,2,4,59,0.18,10,0,-1,43,0.15,1,0,2,32,0.09,0,0,2,0,0.02,0,0,1,7,0.06,0,0,2,9,0.08,0,0,3,30,0.09,0,0,2,2,0.03,0,0,1
90,298,9,0,14,0,1,0,1,PROTECTING,Field_5,1,PROTECTING,Field_5,1,PROTECTING,Field_5,1,PROTECTING,Field_5,1,PROTECTING,Field_5,1,PROTECTING,Field_5,1,MOVING_TO_FIELD,Field_4,1,PROTECTING,Field_5,1,IDLE,,1,PROTECTING,Field_4,1,PROTECTING,Field_4,1,PROTECTING,Field_5,1,IDLE,,1,IDLE,,1,IDLE,,1,IDLE,,1,IDLE,,1,IDLE,,1,PROTECTING,Field_4,1,PROTECTING,Field_5,1,PROTECTING,Field_5,1,IDLE,,1,IDLE,,1,PROTECTING,Field_6,8,0.05,0,0,2,12,0.23,0,0,6,20,0.01,0,0,1,76,0.39,3,1,3,59,0.15,10,0,-1,43,0.15,1,0,2,32,0.09,0,0,2,0,0.02,0,0,1,7,0.06,0,0,2,9,0.10,0,0,3,30,0.09,0,0,2,2,0.03,0,0,1
91,298,9,0,14,0,1,0,1,PROTECTING,Field_5,1,PROTECTING,Field_5,1,PROTECTING,Field_5,1,PROTECTING,Field_5,1,PROTECTING,Field_5,1,PROTECTING,Field_5,1,MOVING_TO_FIELD,Field_4,1,PROTECTING,Field_5,1,IDLE,,1,PROTECTING,Field_4,1,PROTECTING,Field_4,1,PROTECTING,Field_5,1,IDLE,,1,IDLE,,1,IDLE,,1,IDLE,,1,IDLE,,1,IDLE,,1,PROTECTING,Field_4,1,PROTECTING,Field_5,1,PROTECTING,Field_5,1,IDLE,,1,IDLE,,1,PROTECTING,Field_6,8,0.05,0,0,2,12,0.23,0,0,6,20,0.03,0,0,1,76,0.35,3,1,3,59,0.15,10,0,-1,43,0.15,1,0,2,32,0.08,0,0,2,0,0.02,0,0,1,7,0.06,0,0,2,9,0.10,0,0,3,30,0.09,0,0,2,2,0.03,0,0,1
92,300,9,0,14,0,1,0,1,PROTECTING,Field_5,1,PROTECTING,Field_5,1,PROTECTING,Field_5,1,PROTECTING,Field_5,1,PROTECTING,Field_5,1,PROTECTING,Field_5,1,MOVING_TO_FIELD,Field_4,1,PROTECTING,Field_5,1,IDLE,,1,PROTECTING,Field_4,1,PROTECTING,Field_4,1,PROTECTING,Field_5,1,IDLE,,1,IDLE,,1,IDLE,,1,IDLE,,1,IDLE,,1,IDLE,,1,PROTECTING,Field_4,1,PROTECTING,Field_5,1,PROTECTING,Field_5,1,IDLE,,1,IDLE,,1,PROTECTING,Field_6,8,0.05,0,0,2,12,0.23,0,0,6,20,0.03,0,0,1,76,0.35,3,1,3,59,0.15,10,0,-1,45,0.15,1,0,2,32,0.08,0,0,2,0,0.02,0,0,1,7,0.06,0,0,2,9,0.08,0,0,3,30,0.07,0,0,2,2,0.03,0,0,1
93,301,9,0,14,0,1,0,1,PROTECTING,Field_5,1,PROTECTING,Field_5,1,PROTECTING,Field_5,1,PROTECTING,Field_5,1,PROTECTING,Field_5,1,PROTECTING,Field_5,1,MOVING_TO_FIELD,Field_4,1,PROTECTING,Field_5,1,IDLE,,1,PROTECTING,Field_4,1,PROTECTING,Field_4,1,PROTECTING,Field_5,1,IDLE,,1,IDLE,,1,IDLE,,1,IDLE,,1,IDLE,,1,IDLE,,1,PROTECTING,Field_4,1,PROTECTING,Field_5,1,PROTECTING,Field_5,1,IDLE,,1,IDLE,,1,PROTECTING,Field_6,8,0.05,0,0,2,12,0.22,0,0,6,20,0.03,0,0,1,77,0.35,3,1,3,59,0.14,10,0,-1,45,0.15,1,0,2,32,0.11,0,0,2,0,0.02,0,0,1,7,0.05,0,0,2,9,0.08,0,0,3,30,0.07,0,0,2,2,0.03,0,0,1
94,304,9,0,14,0,1,0,1,PROTECTING,Field_5,1,PROTECTING,Field_5,1,PROTECTING,Field_5,1,PROTECTING,Field_5,1,PROTECTING,Field_5,1,PROTECTING,Field_5,1,MOVING_TO_FIELD,Field_4,1,PROTECTING,Field_5,1,IDLE,,1,PROTECTING,Field_4,1,PROTECTING,Field_4,1,PROTECTING,Field_5,1,IDLE,,1,IDLE,,1,IDLE,,1,IDLE,,1,IDLE,,1,IDLE,,1,PROTECTING,Field_4,1,PROTECTING,Field_5,1,PROTECTING,Field_5,1,IDLE,,1,IDLE,,1,PROTECTING,Field_6,8,0.06,0,0,2,12,0.23,0,0,6,20,0.04,0,0,1,79,0.35,3,1,3,59,0.15,10,0,-1,46,0.15,1,0,2,32,0.10,0,0,2,0,0.02,0,0,1,7,0.07,0,0,2,9,0.11,0,0,3,30,0.07,0,0,2,2,0.03,0,0,1
95,304,9,0,14,0,1,0,1,PROTECTING,Field_5,1,PROTECTING,Field_5,1,PROTECTING,Field_5,1,PROTECTING,Field_5,1,PROTECTING,Field_5,1,PROTECTING,Field_5,1,MOVING_TO_FIELD,Field_4,1,PROTECTING,Field_5,1,IDLE,,1,PROTECTING,Field_4,1,PROTECTING,Field_4,1,PROTECTING,Field_5,1,IDLE,,1,IDLE,,1,IDLE,,1,IDLE,,1,IDLE,,1,IDLE,,1,PROTECTING,Field_4,1,PROTECTING,Field_5,1,PROTECTING,Field_5,1,IDLE,,1,IDLE,,1,PROTECTING,Field_6,8,0.05,0,0,2,12,0.22,0,0,6,20,0.04,0,0,1,79,0.34,3,1,3,59,0.15,10,0,-1,46,0.15,1,0,2,32,0.10,0,0,2,0,0.02,0,0,1,7,0.07,0,0,2,9,0.11,0,0,3,30,0.07,0,0,2,2,0.03,0,0,1
96,305,9,0,14,0,1,0,1,PROTECTING,Field_5,1,PROTECTING,Field_5,1,PROTECTING,Field_5,1,PROTECTING,Field_5,1,PROTECTING,Field_5,1,PROTECTING,Field_5,1,MOVING_TO_FIELD,Field_4,1,PROTECTING,Field_5,1,IDLE,,1,PROTECTING,Field_4,1,PROTECTING,Field_4,1,PROTECTING,Field_5,1,IDLE,,1,IDLE,,1,IDLE,,1,IDLE,,1,IDLE,,1,IDLE,,1,PROTECTING,Field_4,1,PROTECTING,Field_5,1,PROTECTING,Field_5,1,IDLE,,1,IDLE,,1,PROTECTING,Field_6,8,0.05,0,0,2,12,0.22,0,0,6,20,0.04,0,0,1,79,0.35,3,1,3,59,0.15,10,0,-1,47,0.16,1,0,2,32,0.09,0,0,2,0,0.02,0,0,1,7,0.07,0,0,2,9,0.11,0,0,3,30,0.07,0,0,2,2,0.03,0,0,1
97,307,9,0,14,0,1,0,1,PROTECTING,Field_5,1,PROTECTING,Field_5,1,PROTECTING,Field_5,1,PROTECTING,Field_5,1,PROTECTING,Field_5,1,PROTECTING,Field_5,1,MOVING_TO_FIELD,Field_4,1,PROTECTING,Field_5,1,IDLE,,1,PROTECTING,Field_4,1,PROTECTING,Field_4,1,PROTECTING,Field_5,1,IDLE,,1,IDLE,,1,IDLE,,1,IDLE,,1,IDLE,,1,IDLE,,1,PROTECTING,Field_4,1,PROTECTING,Field_5,1,PROTECTING,Field_5,1,IDLE,,1,IDLE,,1,PROTECTING,Field_6,8,0.06,0,0,2,12,0.23,0,0,6,20,0.03,0,0,1,80,0.35,3,1,3,59,0.13,10,0,-1,48,0.14,1,0,2,32,0.10,0,0,2,0,0.02,0,0,1,7,0.11,0,0,2,9,0.11,0,0,3,30,0.07,0,0,2,2,0.03,0,0,1
98,309,9,0,14,0,1,0,1,PROTECTING,Field_5,1,PROTECTING,Field_5,1,PROTECTING,Field_5,1,PROTECTING,Field_5,1,PROTECTING,Field_5,1,PROTECTING,Field_5,1,MOVING_TO_FIELD,Field_4,1,PROTECTING,Field_5,1,IDLE,,1,PROTECTING,Field_4,1,PROTECTING,Field_4,1,PROTECTING,Field_5,1,IDLE,,1,IDLE,,1,IDLE,,1,IDLE,,1,IDLE,,1,IDLE,,1,PROTECTING,Field_4,1,PROTECTING,Field_5,1,PROTECTING,Field_5,1,IDLE,,1,IDLE,,1,PROTECTING,Field_6,8,0.06,0,0,2,12,0.23,0,0,6,20,0.03,0,0,1,81,0.35,3,1,3,59,0.13,10,0,-1,48,0.13,1,0,2,32,0.09,0,0,2,0,0.02,0,0,1,7,0.10,0,0,2,10,0.11,0,0,3,30,0.07,0,0,2,2,0.05,0,0,1
99,312,9,0,14,0,1,0,1,PROTECTING,Field_5,1,PROTECTING,Field_5,1,PROTECTING,Field_5,1,PROTECTING,Field_5,1,PROTECTING,Field_5,1,PROTECTING,Field_5,1,MOVING_TO_FIELD,Field_4,1,PROTECTING,Field_5,1,IDLE,,1,PROTECTING,Field_4,1,PROTECTING,Field_4,1,PROTECTING,Field_5,1,IDLE,,1,IDLE,,1,IDLE,,1,IDLE,,1,IDLE,,1,IDLE,,1,PROTECTING,Field_4,1,PROTECTING,Field_5,1,PROTECTING,Field_5,1,IDLE,,1,IDLE,,1,PROTECTING,Field_6,8,0.08,0,0,2,13,0.23,0,0,6,20,0.03,0,0,1,82,0.35,3,1,3,59,0.13,10,0,-1,48,0.13,1,0,2,33,0.07,0,0,2,0,0.02,0,0,1,7,0.11,0,0,2,10,0.10,0,0,3,30,0.07,0,0,2,2,0.05,0,0,1
100,312,9,0,14,0,1,0,1,PROTECTING,Field_5,1,PROTECTING,Field_5,1,PROTECTING,Field_5,1,PROTECTING,Field_5,1,PROTECTING,Field_5,1,PROTECTING,Field_5,1,MOVING_TO_FIELD,Field_4,1,PROTECTING,Field_5,1,IDLE,,1,PROTECTING,Field_4,1,PROTECTING,Field_4,1,PROTECTING,Field_5,1,IDLE,,1,IDLE,,1,IDLE,,1,IDLE,,1,IDLE,,1,IDLE,,1,PROTECTING,Field_4,1,PROTECTING,Field_5,1,PROTECTING,Field_5,1,IDLE,,1,IDLE,,1,PROTECTING,Field_6,8,0.08,0,0,2,13,0.23,0,0,6,20,0.03,0,0,1,82,0.35,3,1,3,59,0.13,10,0,-1,48,0.14,1,0,2,33,0.07,0,0,2,0,0.02,0,0,1,7,0.11,0,0,2,10,0.10,0,0,3,30,0.07,0,0,2,2,0.05,0,0,1
101,314,9,0,14,0,1,0,1,PROTECTING,Field_5,1,PROTECTING,Field_5,1,PROTECTING,Field_5,1,PROTECTING,Field_5,1,PROTECTING,Field_5,1,PROTECTING,Field_5,1,MOVING_TO_FIELD,Field_4,1,PROTECTING,Field_5,1,IDLE,,1,PROTECTING,Field_4,1,PROTECTING,Field_4,1,PROTECTING,Field_5,1,IDLE,,1,IDLE,,1,IDLE,,1,IDLE,,1,IDLE,,1,IDLE,,1,PROTECTING,Field_4,1,PROTECTING,Field_5,1,PROTECTING,Field_5,1,IDLE,,1,IDLE,,1,PROTECTING,Field_6,8,0.08,0,0,2,13,0.23,0,0,6,20,0.03,0,0,1,82,0.35,3,1,3,59,0.12,10,0,-1,49,0.15,1,0,2,34,0.07,0,0,2,0,0.02,0,0,1,7,0.09,0,0,2,10,0.10,0,0,3,30,0.07,0,0,2,2,0.08,0,0,1
102,314,9,0,15,0,0,0,1,PROTECTING,Field_5,1,PROTECTING,Field_5,1,PROTECTING,Field_5,1,PROTECTING,Field_5,1,PROTECTING,Field_5,1,PROTECTING,Field_5,1,PROTECTING,Field_4,1,PROTECTING,Field_5,1,IDLE,,1,PROTECTING,Field_4,1,PROTECTING,Field_4,1,PROTECTING,Field_5,1,IDLE,,1,IDLE,,1,IDLE,,1,IDLE,,1,IDLE,,1,IDLE,,1,PROTECTING,Field_4,1,PROTECTING,Field_5,1,PROTECTING,Field_5,1,IDLE,,1,IDLE,,1,PROTECTING,Field_6,8,0.08,0,0,2,13,0.22,0,0,6,20,0.03,0,0,1,82,0.35,4,0,2,59,0.12,10,0,-1,49,0.15,1,0,2,34,0.07,0,0,2,0,0.02,0,0,1,7,0.09,0,0,2,10,0.10,0,0,3,30,0.07,0,0,2,2,0.08,0,0,1
103,315,9,0,15,0,0,0,1,PROTECTING,Field_5,1,PROTECTING,Field_5,1,PROTECTING,Field_5,1,PROTECTING,Field_5,1,PROTECTING,Field_5,1,PROTECTING,Field_5,1,PROTECTING,Field_4,1,PROTECTING,Field_5,1,IDLE,,1,PROTECTING,Field_4,1,PROTECTING,Field_4,1,PROTECTING,Field_5,1,IDLE,,1,IDLE,,1,IDLE,,1,IDLE,,1,IDLE,,1,IDLE,,1,PROTECTING,Field_4,1,PROTECTING,Field_5,1,PROTECTING,Field_5,1,IDLE,,1,IDLE,,1,PROTECTING,Field_6,8,0.08,0,0,2,14,0.21,0,0,6,20,0.04,0,0,1,82,0.35,4,0,2,59,0.14,10,0,-1,49,0.15,1,0,2,34,0.07,0,0,2,0,0.02,0,0,1,7,0.09,0,0,2,10,0.08,0,0,3,30,0.09,0,0,2,2,0.08,0,0,1
104,315,9,0,15,0,0,0,1,PROTECTING,Field_5,1,PROTECTING,Field_5,1,PROTECTING,Field_5,1,PROTECTING,Field_5,1,PROTECTING,Field_5,1,PROTECTING,Field_5,1,PROTECTING,Field_4,1,PROTECTING,Field_5,1,IDLE,,1,PROTECTING,Field_4,1,PROTECTING,Field_4,1,PROTECTING,Field_5,1,IDLE,,1,IDLE,,1,IDLE,,1,IDLE,,1,IDLE,,1,IDLE,,1,PROTECTING,Field_4,1,PROTECTING,Field_5,1,PROTECTING,Field_5,1,IDLE,,1,IDLE,,1,PROTECTING,Field_6,8,0.08,0,0,2,14,0.21,0,0,6,20,0.04,0,0,1,82,0.35,4,0,2,59,0.13,10,0,-1,49,0.15,1,0,2,34,0.08,0,0,2,0,0.02,0,0,1,7,0.09,0,0,2,10,0.08,0,0,3,30,0.09,0,0,2,2,0.08,0,0,1
105,316,9,0,15,0,0,0,1,PROTECTING,Field_5,1,PROTECTING,Field_5,1,PROTECTING,Field_5,1,PROTECTING,Field_5,1,PROTECTING,Field_5,1,PROTECTING,Field_5,1,PROTECTING,Field_4,1,PROTECTING,Field_5,1,IDLE,,1,PROTECTING,Field_4,1,PROTECTING,Field_4,1,PROTECTING,Field_5,1,IDLE,,1,IDLE,,1,IDLE,,1,IDLE,,1,IDLE,,1,IDLE,,1,PROTECTING,Field_4,1,PROTECTING,Field_5,1,PROTECTING,Field_5,1,IDLE,,1,IDLE,,1,PROTECTING,Field_6,8,0.06,0,0,2,14,0.21,0,0,6,20,0.04,0,0,1,82,0.35,4,0,2,59,0.14,10,0,-1,50,0.15,1,0,2,34,0.08,0,0,2,0,0.02,0,0,1,7,0.09,0,0,2,10,0.08,0,0,3,30,0.11,0,0,2,2,0.08,0,0,1
106,317,9,0,15,0,0,0,1,PROTECTING,Field_5,1,PROTECTING,Field_5,1,PROTECTING,Field_5,1,PROTECTING,Field_5,1,PROTECTING,Field_5,1,PROTECTING,Field_5,1,PROTECTING,Field_4,1,PROTECTING,Field_5,1,IDLE,,1,PROTECTING,Field_4,1,PROTECTING,Field_4,1,PROTECTING,Field_5,1,IDLE,,1,IDLE,,1,IDLE,,1,IDLE,,1,IDLE,,1,IDLE,,1,PROTECTING,Field_4,1,PROTECTING,Field_5,1,PROTECTING,Field_5,1,IDLE,,1,IDLE,,1,PROTECTING,Field_6,8,0.06,0,0,2,14,0.21,0,0,6,20,0.04,0,0,1,82,0.35,4,0,2,59,0.15,10,0,-1,51,0.15,1,0,2,34,0.08,0,0,2,0,0.02,0,0,1,7,0.09,0,0,2,10,0.08,0,0,3,30,0.11,0,0,2,2,0.08,0,0,1
107,319,9,0,15,0,0,0,1,PROTECTING,Field_5,1,PROTECTING,Field_5,1,PROTECTING,Field_5,1,PROTECTING,Field_5,1,PROTECTING,Field_5,1,PROTECTING,Field_5,1,PROTECTING,Field_4,1,PROTECTING,Field_5,1,IDLE,,1,PROTECTING,Field_4,1,PROTECTING,Field_4,1,PROTECTING,Field_5,1,IDLE,,1,IDLE,,1,IDLE,,1,IDLE,,1,IDLE,,1,IDLE,,1,PROTECTING,Field_4,1,PROTECTING,Field_5,1,PROTECTING,Field_5,1,IDLE,,1,IDLE,,1,PROTECTING,Field_6,8,0.08,0,0,2,15,0.21,0,0,6,20,0.04,0,0,1,83,0.36,4,0,2,59,0.15,10,0,-1,51,0.15,1,0,2,34,0.08,0,0,2,0,0.02,0,0,1,7,0.08,0,0,2,10,0.10,0,0,3,30,0.11,0,0,2,2,0.08,0,0,1
108,321,9,0,15,0,0,0,1,PROTECTING,Field_5,1,PROTECTING,Field_5,1,PROTECTING,Field_5,1,PROTECTING,Field_5,1,PROTECTING,Field_5,1,PROTECTING,Field_5,1,PROTECTING,Field_4,1,PROTECTING,Field_5,1,IDLE,,1,PROTECTING,Field_4,1,PROTECTING,Field_4,1,PROTECTING,Field_5,1,IDLE,,1,IDLE,,1,IDLE,,1,IDLE,,1,IDLE,,1,IDLE,,1,PROTECTING,Field_4,1,PROTECTING,Field_5,1,PROTECTING,Field_5,1,IDLE,,1,IDLE,,1,PROTECTING,Field_6,8,0.08,0,0,2,15,0.21,0,0,6,20,0.04,0,0,1,84,0.36,4,0,2,59,0.13,10,0,-1,51,0.15,1,0,2,34,0.09,0,0,2,0,0.02,0,0,1,8,0.08,0,0,2,10,0.10,0,0,3,30,0.12,0,0,2,2,0.05,0,0,1
109,324,9,0,15,0,0,0,1,PROTECTING,Field_5,1,PROTECTING,Field_5,1,PROTECTING,Field_5,1,PROTECTING,Field_5,1,PROTECTING,Field_5,1,PROTECTING,Field_5,1,PROTECTING,Field_4,1,PROTECTING,Field_5,1,IDLE,,1,PROTECTING,Field_4,1,PROTECTING,Field_4,1,PROTECTING,Field_5,1,IDLE,,1,IDLE,,1,IDLE,,1,IDLE,,1,IDLE,,1,IDLE,,1,PROTECTING,Field_4,1,PROTECTING,Field_5,1,PROTECTING,Field_5,1,IDLE,,1,IDLE,,1,PROTECTING,Field_6,8,0.11,0,0,2,16,0.21,0,0,6,20,0.04,0,0,1,84,0.36,4,0,2,59,0.12,10,0,-1,52,0.15,1,0,2,34,0.11,0,0,2,0,0.02,0,0,1,9,0.07,0,0,2,10,0.10,0,0,3,30,0.12,0,0,2,2,0.05,0,0,1
110,328,9,0,15,0,0,0,1,PROTECTING,Field_5,1,PROTECTING,Field_5,1,PROTECTING,Field_5,1,PROTECTING,Field_5,1,PROTECTING,Field_5,1,PROTECTING,Field_5,1,PROTECTING,Field_4,1,PROTECTING,Field_5,1,IDLE,,1,PROTECTING,Field_4,1,PROTECTING,Field_4,1,PROTECTING,Field_5,1,IDLE,,1,IDLE,,1,IDLE,,1,IDLE,,1,IDLE,,1,IDLE,,1,PROTECTING,Field_4,1,PROTECTING,Field_5,1,PROTECTING,Field_5,1,IDLE,,1,IDLE,,1,PROTECTING,Field_6,8,0.08,0,0,2,17,0.21,0,0,6,20,0.04,0,0,1,86,0.36,4,0,2,59,0.11,10,0,-1,53,0.15,1,0,2,34,0.12,0,0,2,0,0.02,0,0,1,9,0.06,0,0,2,10,0.10,0,0,3,30,0.12,0,0,2,2,0.05,0,0,1
111,329,8,0,15,0,1,0,1,PROTECTING,Field_5,1,PROTECTING,Field_5,1,PROTECTING,Field_5,1,PROTECTING,Field_5,1,PROTECTING,Field_5,1,PROTECTING,Field_5,1,PROTECTING,Field_4,1,PROTECTING,Field_5,1,MOVING_TO_FIELD,Field_2,1,PROTECTING,Field_4,1,PROTECTING,Field_4,1,PROTECTING,Field_5,1,IDLE,,1,IDLE,,1,IDLE,,1,IDLE,,1,IDLE,,1,IDLE,,1,PROTECTING,Field_4,1,PROTECTING,Field_5,1,PROTECTING,Field_5,1,IDLE,,1,IDLE,,1,PROTECTING,Field_6,8,0.08,0,0,2,17,0.21,0,1,6,20,0.04,0,0,1,86,0.36,4,0,2,59,0.12,10,0,-1,53,0.15,1,0,2,35,0.13,0,0,2,0,0.02,0,0,1,9,0.05,0,0,2,10,0.10,0,0,3,30,0.12,0,0,2,2,0.05,0,0,1
112,330,8,0,15,0,1,0,1,PROTECTING,Field_5,1,PROTECTING,Field_5,1,PROTECTING,Field_5,1,PROTECTING,Field_5,1,PROTECTING,Field_5,1,PROTECTING,Field_5,1,PROTECTING,Field_4,1,PROTECTING,Field_5,1,MOVING_TO_FIELD,Field_2,1,PROTECTING,Field_4,1,PROTECTING,Field_4,1,PROTECTING,Field_5,1,IDLE,,1,IDLE,,1,IDLE,,1,IDLE,,1,IDLE,,1,IDLE,,1,PROTECTING,Field_4,1,PROTECTING,Field_5,1,PROTECTING,Field_5,1,IDLE,,1,IDLE,,1,PROTECTING,Field_6,8,0.08,0,0,2,18,0.21,0,1,6,20,0.04,0,0,1,86,0.35,4,0,2,59,0.11,10,0,-1,53,0.15,1,0,2,35,0.11,0,0,2,0,0.02,0,0,1,9,0.05,0,0,2,10,0.10,0,0,3,30,0.14,0,0,2,2,0.05,0,0,1
113,333,8,0,15,0,1,0,1,PROTECTING,Field_5,1,PROTECTING,Field_5,1,PROTECTING,Field_5,1,PROTECTING,Field_5,1,PROTECTING,Field_5,1,PROTECTING,Field_5,1,PROTECTING,Field_4,1,PROTECTING,Field_5,1,MOVING_TO_FIELD,Field_2,1,PROTECTING,Field_4,1,PROTECTING,Field_4,1,PROTECTING,Field_5,1,IDLE,,1,IDLE,,1,IDLE,,1,IDLE,,1,IDLE,,1,IDLE,,1,PROTECTING,Field_4,1,PROTECTING,Field_5,1,PROTECTING,Field_5,1,IDLE,,1,IDLE,,1,PROTECTING,Field_6,8,0.08,0,0,2,18,0.21,0,1,6,20,0.04,0,0,1,88,0.34,4,0,2,59,0.11,10,0,-1,53,0.16,1,0,2,36,0.11,0,0,2,0,0.02,0,0,1,9,0.05,0,0,2,10,0.11,0,0,3,30,0.14,0,0,2,2,0.05,0,0,1
114,333,8,0,15,0,1,0,1,PROTECTING,Field_5,1,PROTECTING,Field_5,1,PROTECTING,Field_5,1,PROTECTING,Field_5,1,PROTECTING,Field_5,1,PROTECTING,Field_5,1,PROTECTING,Field_4,1,PROTECTING,Field_5,1,MOVING_TO_FIELD,Field_2,1,PROTECTING,Field_4,1,PROTECTING,Field_4,1,PROTECTING,Field_5,1,IDLE,,1,IDLE,,1,IDLE,,1,IDLE,,1,IDLE,,1,IDLE,,1,PROTECTING,Field_4,1,PROTECTING,Field_5,1,PROTECTING,Field_5,1,IDLE,,1,IDLE,,1,PROTECTING,Field_6,8,0.08,0,0,2,18,0.21,0,1,6,20,0.04,0,0,1,88,0.30,4,0,2,59,0.10,10,0,-1,53,0.15,1,0,2,36,0.12,0,0,2,0,0.02,0,0,1,9,0.05,0,0,2,10,0.11,0,0,3,30,0.14,0,0,2,2,0.08,0,0,1
115,337,8,0,15,0,1,0,1,PROTECTING,Field_5,1,PROTECTING,Field_5,1,PROTECTING,Field_5,1,PROTECTING,Field_5,1,PROTECTING,Field_5,1,PROTECTING,Field_5,1,PROTECTING,Field_4,1,PROTECTING,Field_5,1,MOVING_TO_FIELD,Field_2,1,PROTECTING,Field_4,1,PROTECTING,Field_4,1,PROTECTING,Field_5,1,IDLE,,1,IDLE,,1,IDLE,,1,IDLE,,1,IDLE,,1,IDLE,,1,PROTECTING,Field_4,1,PROTECTING,Field_5,1,PROTECTING,Field_5,1,IDLE,,1,IDLE,,1,PROTECTING,Field_6,8,0.08,0,0,2,18,0.21,0,1,6,20,0.05,0,0,1,90,0.31,4,0,2,59,0.10,10,0,-1,53,0.15,1,0,2,36,0.12,0,0,2,0,0.02,0,0,1,9,0.06,0,0,2,11,0.11,0,0,3,31,0.12,0,0,2,2,0.08,0,0,1
116,340,8,0,15,0,1,0,1,PROTECTING,Field_5,1,PROTECTING,Field_5,1,PROTECTING,Field_5,1,PROTECTING,Field_5,1,PROTECTING,Field_5,1,PROTECTING,Field_5,1,PROTECTING,Field_4,1,PROTECTING,Field_5,1,MOVING_TO_FIELD,Field_2,1,PROTECTING,Field_4,1,PROTECTING,Field_4,1,PROTECTING,Field_5,1,IDLE,,1,IDLE,,1,IDLE,,1,IDLE,,1,IDLE,,1,IDLE,,1,PROTECTING,Field_4,1,PROTECTING,Field_5,1,PROTECTING,Field_5,1,IDLE,,1,IDLE,,1,PROTECTING,Field_6,8,0.08,0,0,2,19,0.21,0,1,6,20,0.05,0,0,1,90,0.30,4,0,2,59,0.09,10,0,-1,54,0.15,1,0,2,37,0.13,0,0,2,0,0.02,0,0,1,9,0.06,0,0,2,11,0.11,0,0,3,31,0.11,0,0,2,2,0.08,0,0,1
117,342,8,0,15,0,1,0,1,PROTECTING,Field_5,1,PROTECTING,Field_5,1,PROTECTING,Field_5,1,PROTECTING,Field_5,1,PROTECTING,Field_5,1,PROTECTING,Field_5,1,PROTECTING,Field_4,1,PROTECTING,Field_5,1,MOVING_TO_FIELD,Field_2,1,PROTECTING,Field_4,1,PROTECTING,Field_4,1,PROTECTING,Field_5,1,IDLE,,1,IDLE,,1,IDLE,,1,IDLE,,1,IDLE,,1,IDLE,,1,PROTECTING,Field_4,1,PROTECTING,Field_5,1,PROTECTING,Field_5,1,IDLE,,1,IDLE,,1,PROTECTING,Field_6,9,0.06,0,0,2,19,0.21,0,1,6,20,0.05,0,0,1,91,0.27,4,0,2,59,0.07,10,0,-1,54,0.15,1,0,2,37,0.11,0,0,2,0,0.02,0,0,1,9,0.06,0,0,2,11,0.11,0,0,3,31,0.11,0,0,2,2,0.08,0,0,1
118,343,8,0,15,0,1,0,1,PROTECTING,Field_5,1,PROTECTING,Field_5,1,PROTECTING,Field_5,1,PROTECTING,Field_5,1,PROTECTING,Field_5,1,PROTECTING,Field_5,1,PROTECTING,Field_4,1,PROTECTING,Field_5,1,MOVING_TO_FIELD,Field_2,1,PROTECTING,Field_4,1,PROTECTING,Field_4,1,PROTECTING,Field_5,1,IDLE,,1,IDLE,,1,IDLE,,1,IDLE,,1,IDLE,,1,IDLE,,1,PROTECTING,Field_4,1,PROTECTING,Field_5,1,PROTECTING,Field_5,1,IDLE,,1,IDLE,,1,PROTECTING,Field_6,9,0.10,0,0,2,19,0.21,0,1,6,20,0.05,0,0,1,92,0.26,4,0,2,59,0.07,10,0,-1,54,0.14,1,0,2,37,0.11,0,0,2,0,0.02,0,0,1,9,0.05,0,0,2,11,0.10,0,0,3,31,0.12,0,0,2,2,0.08,0,0,1
119,345,8,0,15,0,1,0,1,PROTECTING,Field_5,1,PROTECTING,Field_5,1,PROTECTING,Field_5,1,PROTECTING,Field_5,1,PROTECTING,Field_5,1,PROTECTING,Field_5,1,PROTECTING,Field_4,1,PROTECTING,Field_5,1,MOVING_TO_FIELD,Field_2,1,PROTECTING,Field_4,1,PROTECTING,Field_4,1,PROTECTING,Field_5,1,IDLE,,1,IDLE,,1,IDLE,,1,IDLE,,1,IDLE,,1,IDLE,,1,PROTECTING,Field_4,1,PROTECTING,Field_5,1,PROTECTING,Field_5,1,IDLE,,1,IDLE,,1,PROTECTING,Field_6,9,0.10,0,0,2,19,0.21,0,1,6,20,0.05,0,0,1,93,0.23,4,0,2,59,0.05,10,0,-1,54,0.13,1,0,2,37,0.11,0,0,2,0,0.02,0,0,1,9,0.06,0,0,2,12,0.11,0,0,3,31,0.14,0,0,2,2,0.08,0,0,1
120,347,8,0,15,0,1,0,1,PROTECTING,Field_5,1,PROTECTING,Field_5,1,PROTECTING,Field_5,1,PROTECTING,Field_5,1,PROTECTING,Field_5,1,PROTECTING,Field_5,1,PROTECTING,Field_4,1,PROTECTING,Field_5,1,MOVING_TO_FIELD,Field_2,1,PROTECTING,Field_4,1,PROTECTING,Field_4,1,PROTECTING,Field_5,1,IDLE,,1,IDLE,,1,IDLE,,1,IDLE,,1,IDLE,,1,IDLE,,1,PROTECTING,Field_4,1,PROTECTING,Field_5,1,PROTECTING,Field_5,1,IDLE,,1,IDLE,,1,PROTECTING,Field_6,9,0.10,0,0,2,20,0.23,0,1,6,20,0.05,0,0,1,93,0.22,4,0,2,59,0.06,10,0,-1,54,0.13,1,0,2,38,0.10,0,0,2,0,0.02,0,0,1,9,0.06,0,0,2,12,0.11,0,0,3,31,0.14,0,0,2,2,0.08,0,0,1
121,350,8,0,15,0,1,0,1,PROTECTING,Field_5,1,PROTECTING,Field_5,1,PROTECTING,Field_5,1,PROTECTING,Field_5,1,PROTECTING,Field_5,1,PROTECTING,Field_5,1,PROTECTING,Field_4,1,PROTECTING,Field_5,1,MOVING_TO_FIELD,Field_2,1,PROTECTING,Field_4,1,PROTECTING,Field_4,1,PROTECTING,Field_5,1,IDLE,,1,IDLE,,1,IDLE,,1,IDLE,,1,IDLE,,1,IDLE,,1,PROTECTING,Field_4,1,PROTECTING,Field_5,1,PROTECTING,Field_5,1,IDLE,,1,IDLE,,1,PROTECTING,Field_6,9,0.11,0,0,2,20,0.23,0,1,6,21,0.05,0,0,1,94,0.19,4,0,2,59,0.06,10,0,-1,54,0.13,1,0,2,39,0.07,0,0,2,0,0.00,0,0,1,9,0.05,0,0,2,12,0.10,0,0,3,31,0.14,0,0,2,2,0.10,0,0,1
122,350,8,0,15,0,1,0,1,PROTECTING,Field_5,1,PROTECTING,Field_5,1,PROTECTING,Field_5,1,PROTECTING,Field_5,1,PROTECTING,Field_5,1,PROTECTING,Field_5,1,PROTECTING,Field_4,1,PROTECTING,Field_5,1,MOVING_TO_FIELD,Field_2,1,PROTECTING,Field_4,1,PROTECTING,Field_4,1,PROTECTING,Field_5,1,IDLE,,1,IDLE,,1,IDLE,,1,IDLE,,1,IDLE,,1,IDLE,,1,PROTECTING,Field_4,1,PROTECTING,Field_5,1,PROTECTING,Field_5,1,IDLE,,1,IDLE,,1,PROTECTING,Field_6,9,0.10,0,0,2,20,0.22,0,1,6,21,0.07,0,0,1,94,0.19,4,0,2,59,0.07,10,0,-1,54,0.14,1,0,2,39,0.08,0,0,2,0,0.00,0,0,1,9,0.05,0,0,2,12,0.11,0,0,3,31,0.16,0,0,2,2,0.13,0,0,1
123,355,8,0,15,0,1,0,1,PROTECTING,Field_5,1,PROTECTING,Field_5,1,PROTECTING,Field_5,1,PROTECTING,Field_5,1,PROTECTING,Field_5,1,PROTECTING,Field_5,1,PROTECTING,Field_4,1,PROTECTING,Field_5,1,MOVING_TO_FIELD,Field_2,1,PROTECTING,Field_4,1,PROTECTING,Field_4,1,PROTECTING,Field_5,1,IDLE,,1,IDLE,,1,IDLE,,1,IDLE,,1,IDLE,,1,IDLE,,1,PROTECTING,Field_4,1,PROTECTING,Field_5,1,PROTECTING,Field_5,1,IDLE,,1,IDLE,,1,PROTECTING,Field_6,10,0.10,0,0,2,20,0.21,0,1,6,22,0.07,0,0,1,96,0.19,4,0,2,59,0.07,10,0,-1,54,0.13,1,0,2,40,0.10,0,0,2,0,0.00,0,0,1,9,0.05,0,0,2,12,0.10,0,0,3,31,0.16,0,0,2,2,0.10,0,0,1
124,355,8,0,15,0,1,0,1,PROTECTING,Field_5,1,PROTECTING,Field_5,1,PROTECTING,Field_5,1,PROTECTING,Field_5,1,PROTECTING,Field_5,1,PROTECTING,Field_5,1,PROTECTING,Field_4,1,PROTECTING,Field_5,1,MOVING_TO_FIELD,Field_2,1,PROTECTING,Field_4,1,PROTECTING,Field_4,1,PROTECTING,Field_5,1,IDLE,,1,IDLE,,1,IDLE,,1,IDLE,,1,IDLE,,1,IDLE,,1,PROTECTING,Field_4,1,PROTECTING,Field_5,1,PROTECTING,Field_5,1,IDLE,,1,IDLE,,1,PROTECTING,Field_6,10,0.10,0,0,2,20,0.21,0,1,6,22,0.07,0,0,1,96,0.19,4,0,2,59,0.07,10,0,-1,54,0.12,1,0,2,40,0.08,0,0,2,0,0.00,0,0,1,9,0.05,0,0,2,12,0.10,0,0,3,31,0.20,0,0,2,2,0.10,0,0,1
125,355,8,0,15,0,1,0,1,PROTECTING,Field_5,1,PROTECTING,Field_5,1,PROTECTING,Field_5,1,PROTECTING,Field_5,1,PROTECTING,Field_5,1,PROTECTING,Field_5,1,PROTECTING,Field_4,1,PROTECTING,Field_5,1,MOVING_TO_FIELD,Field_2,1,PROTECTING,Field_4,1,PROTECTING,Field_4,1,PROTECTING,Field_5,1,IDLE,,1,IDLE,,1,IDLE,,1,IDLE,,1,IDLE,,1,IDLE,,1,PROTECTING,Field_4,1,PROTECTING,Field_5,1,PROTECTING,Field_5,1,IDLE,,1,IDLE,,1,PROTECTING,Field_6,10,0.10,0,0,2,20,0.22,0,1,6,22,0.08,0,0,1,96,0.19,4,0,2,59,0.07,10,0,-1,54,0.12,1,0,2,40,0.06,0,0,2,0,0.02,0,0,1,9,0.05,0,0,2,12,0.11,0,0,3,31,0.20,0,0,2,2,0.10,0,0,1
126,356,8,0,15,0,1,0,1,PROTECTING,Field_5,1,PROTECTING,Field_5,1,PROTECTING,Field_5,1,PROTECTING,Field_5,1,PROTECTING,Field_5,1,PROTECTING,Field_5,1,PROTECTING,Field_4,1,PROTECTING,Field_5,1,MOVING_TO_FIELD,Field_2,1,PROTECTING,Field_4,1,PROTECTING,Field_4,1,PROTECTING,Field_5,1,IDLE,,1,IDLE,,1,IDLE,,1,IDLE,,1,IDLE,,1,IDLE,,1,PROTECTING,Field_4,1,PROTECTING,Field_5,1,PROTECTING,Field_5,1,IDLE,,1,IDLE,,1,PROTECTING,Field_6,10,0.10,0,0,2,20,0.22,0,1,6,22,0.08,0,0,1,97,0.18,4,0,2,59,0.08,10,0,-1,54,0.12,1,0,2,40,0.07,0,0,2,0,0.02,0,0,1,9,0.05,0,0,2,12,0.11,0,0,3,31,0.20,0,0,2,2,0.10,0,0,1
127,359,8,0,15,0,1,0,1,PROTECTING,Field_5,1,PROTECTING,Field_5,1,PROTECTING,Field_5,1,PROTECTING,Field_5,1,PROTECTING,Field_5,1,PROTECTING,Field_5,1,PROTECTING,Field_4,1,PROTECTING,Field_5,1,MOVING_TO_FIELD,Field_2,1,PROTECTING,Field_4,1,PROTECTING,Field_4,1,PROTECTING,Field_5,1,IDLE,,1,IDLE,,1,IDLE,,1,IDLE,,1,IDLE,,1,IDLE,,1,PROTECTING,Field_4,1,PROTECTING,Field_5,1,PROTECTING,Field_5,1,IDLE,,1,IDLE,,1,PROTECTING,Field_6,10,0.10,0,0,2,20,0.22,0,1,6,22,0.08,0,0,1,99,0.18,4,0,2,59,0.07,10,0,-1,55,0.13,1,0,2,40,0.07,0,0,2,0,0.02,0,0,1,9,0.05,0,0,2,12,0.11,0,0,3,31,0.20,0,0,2,2,0.10,0,0,1
128,360,8,0,16,0,0,0,1,PROTECTING,Field_5,1,PROTECTING,Field_5,1,PROTECTING,Field_5,1,PROTECTING,Field_5,1,PROTECTING,Field_5,1,PROTECTING,Field_5,1,PROTECTING,Field_4,1,PROTECTING,Field_5,1,PROTECTING,Field_2,1,PROTECTING,Field_4,1,PROTECTING,Field_4,1,PROTECTING,Field_5,1,IDLE,,1,IDLE,,1,IDLE,,1,IDLE,,1,IDLE,,1,IDLE,,1,PROTECTING,Field_4,1,PROTECTING,Field_5,1,PROTECTING,Field_5,1,IDLE,,1,IDLE,,1,PROTECTING,Field_6,10,0.10,0,0,2,20,0.23,1,0,5,22,0.08,0,0,1,99,0.18,4,0,2,59,0.07,10,0,-1,55,0.15,1,0,2,40,0.07,0,0,2,0,0.02,0,0,1,9,0.05,0,0,2,12,0.11,0,0,3,32,0.21,0,0,2,2,0.10,0,0,1
129,363,8,0,16,0,0,0,1,PROTECTING,Field_5,1,PROTECTING,Field_5,1,PROTECTING,Field_5,1,PROTECTING,Field_5,1,PROTECTING,Field_5,1,PROTECTING,Field_5,1,PROTECTING,Field_4,1,PROTECTING,Field_5,1,PROTECTING,Field_2,1,PROTECTING,Field_4,1,PROTECTING,Field_4,1,PROTECTING,Field_5,1,IDLE,,1,IDLE,,1,IDLE,,1,IDLE,,1,IDLE,,1,IDLE,,1,PROTECTING,Field_4,1,PROTECTING,Field_5,1,PROTECTING,Field_5,1,IDLE,,1,IDLE,,1,PROTECTING,Field_6,11,0.10,0,0,2,20,0.23,1,0,5,22,0.08,0,0,1,99,0.16,4,0,2,59,0.06,10,0,-1,56,0.18,1,0,2,40,0.06,0,0,2,0,0.02,0,0,1,9,0.05,0,0,2,12,0.11,0,0,3,33,0.20,0,0,2,2,0.10,0,0,1
130,363,8,0,16,0,0,0,1,PROTECTING,Field_5,1,PROTECTING,Field_5,1,PROTECTING,Field_5,1,PROTECTING,Field_5,1,PROTECTING,Field_5,1,PROTECTING,Field_5,1,PROTECTING,Field_4,1,PROTECTING,Field_5,1,PROTECTING,Field_2,1,PROTECTING,Field_4,1,PROTECTING,Field_4,1,PROTECTING,Field_5,1,IDLE,,1,IDLE,,1,IDLE,,1,IDLE,,1,IDLE,,1,IDLE,,1,PROTECTING,Field_4,1,PROTECTING,Field_5,1,PROTECTING,Field_5,1,IDLE,,1,IDLE,,1,PROTECTING,Field_6,11,0.10,0,0,2,20,0.22,1,0,5,22,0.07,0,0,1,99,0.16,4,0,2,59,0.07,10,0,-1,56,0.16,1,0,2,40,0.08,0,0,2,0,0.02,0,0,1,9,0.05,0,0,2,12,0.10,0,0,3,33,0.20,0,0,2,2,0.10,0,0,1
131,364,8,0,16,0,0,0,1,PROTECTING,Field_5,1,PROTECTING,Field_5,1,PROTECTING,Field_5,1,PROTECTING,Field_5,1,PROTECTING,Field_5,1,PROTECTING,Field_5,1,PROTECTING,Field_4,1,PROTECTING,Field_5,1,PROTECTING,Field_2,1,PROTECTING,Field_4,1,PROTECTING,Field_4,1,PROTECTING,Field_5,1,IDLE,,1,IDLE,,1,IDLE,,1,IDLE,,1,IDLE,,1,IDLE,,1,PROTECTING,Field_4,1,PROTECTING,Field_5,1,PROTECTING,Field_5,1,IDLE,,1,IDLE,,1,PROTECTING,Field_6,11,0.10,0,0,2,21,0.22,1,0,5,22,0.07,0,0,1,99,0.16,4,0,2,59,0.07,10,0,-1,56,0.16,1,0,2,40,0.06,0,0,2,0,0.02,0,0,1,9,0.07,0,0,2,12,0.10,0,0,3,33,0.20,0,0,2,2,0.10,0,0,1
132,368,8,0,16,0,0,0,1,PROTECTING,Field_5,1,PROTECTING,Field_5,1,PROTECTING,Field_5,1,PROTECTING,Field_5,1,PROTECTING,Field_5,1,PROTECTING,Field_5,1,PROTECTING,Field_4,1,PROTECTING,Field_5,1,PROTECTING,Field_2,1,PROTECTING,Field_4,1,PROTECTING,Field_4,1,PROTECTING,Field_5,1,IDLE,,1,IDLE,,1,IDLE,,1,IDLE,,1,IDLE,,1,IDLE,,1,PROTECTING,Field_4,1,PROTECTING,Field_5,1,PROTECTING,Field_5,1,IDLE,,1,IDLE,,1,PROTECTING,Field_6,12,0.10,0,0,2,21,0.22,1,0,5,22,0.07,0,0,1,100,0.16,4,0,2,59,0.07,10,0,-1,56,0.16,1,0,2,40,0.08,0,0,2,0,0.02,0,0,1,9,0.07,0,0,2,12,0.10,0,0,3,34,0.18,0,0,2,3,0.10,0,0,1
133,370,8,0,16,0,0,0,1,PROTECTING,Field_5,1,PROTECTING,Field_5,1,PROTECTING,Field_5,1,PROTECTING,Field_5,1,PROTECTING,Field_5,1,PROTECTING,Field_5,1,PROTECTING,Field_4,1,PROTECTING,Field_5,1,PROTECTING,Field_2,1,PROTECTING,Field_4,1,PROTECTING,Field_4,1,PROTECTING,Field_5,1,IDLE,,1,IDLE,,1,IDLE,,1,IDLE,,1,IDLE,,1,IDLE,,1,PROTECTING,Field_4,1,PROTECTING,Field_5,1,PROTECTING,Field_5,1,IDLE,,1,IDLE,,1,PROTECTING,Field_6,12,0.10,0,0,2,21,0.21,1,0,5,22,0.07,0,0,1,101,0.16,4,0,2,59,0.07,10,0,-1,56,0.16,1,0,2,40,0.08,0,0,2,0,0.02,0,0,1,9,0.07,0,0,2,13,0.10,0,0,3,34,0.18,0,0,2,3,0.10,0,0,1
134,372,8,0,16,0,0,0,1,PROTECTING,Field_5,1,PROTECTING,Field_5,1,PROTECTING,Field_5,1,PROTECTING,Field_5,1,PROTECTING,Field_5,1,PROTECTING,Field_5,1,PROTECTING,Field_4,1,PROTECTING,Field_5,1,PROTECTING,Field_2,1,PROTECTING,Field_4,1,PROTECTING,Field_4,1,PROTECTING,Field_5,1,IDLE,,1,IDLE,,1,IDLE,,1,IDLE,,1,IDLE,,1,IDLE,,1,PROTECTING,Field_4,1,PROTECTING,Field_5,1,PROTECTING,Field_5,1,IDLE,,1,IDLE,,1,PROTECTING,Field_6,12,0.10,0,0,2,22,0.21,1,0,5,22,0.05,0,0,1,101,0.16,4,0,2,59,0.07,10,0,-1,56,0.16,1,0,2,40,0.08,0,0,2,0,0.02,0,0,1,9,0.07,0,0,2,13,0.10,0,0,3,35,0.16,0,0,2,3,0.08,0,0,1
135,373,8,0,16,0,0,0,1,PROTECTING,Field_5,1,PROTECTING,Field_5,1,PROTECTING,Field_5,1,PROTECTING,Field_5,1,PROTECTING,Field_5,1,PROTECTING,Field_5,1,PROTECTING,Field_4,1,PROTECTING,Field_5,1,PROTECTING,Field_2,1,PROTECTING,Field_4,1,PROTECTING,Field_4,1,PROTECTING,Field_5,1,IDLE,,1,IDLE,,1,IDLE,,1,IDLE,,1,IDLE,,1,IDLE,,1,PROTECTING,Field_4,1,PROTECTING,Field_5,1,PROTECTING,Field_5,1,IDLE,,1,IDLE,,1,PROTECTING,Field_6,12,0.10,0,0,2,22,0.22,1,0,5,22,0.05,0,0,1,101,0.15,4,0,2,59,0.07,10,0,-1,57,0.16,1,0,2,40,0.07,0,0,2,0,0.02,0,0,1,9,0.08,0,0,2,13,0.11,0,0,3,35,0.14,0,0,2,3,0.08,0,0,1
136,378,8,0,16,0,0,0,1,PROTECTING,Field_5,1,PROTECTING,Field_5,1,PROTECTING,Field_5,1,PROTECTING,Field_5,1,PROTECTING,Field_5,1,PROTECTING,Field_5,1,PROTECTING,Field_4,1,PROTECTING,Field_5,1,PROTECTING,Field_2,1,PROTECTING,Field_4,1,PROTECTING,Field_4,1,PROTECTING,Field_5,1,IDLE,,1,IDLE,,1,IDLE,,1,IDLE,,1,IDLE,,1,IDLE,,1,PROTECTING,Field_4,1,PROTECTING,Field_5,1,PROTECTING,Field_5,1,IDLE,,1,IDLE,,1,PROTECTING,Field_6,12,0.10,0,0,2,23,0.23,1,0,5,22,0.05,0,0,1,103,0.11,4,0,2,59,0.07,10,0,-1,58,0.16,1,0,2,40,0.08,0,0,2,0,0.02,0,0,1,9,0.05,0,0,2,13,0.11,0,0,3,36,0.14,0,0,2,3,0.08,0,0,1
137,381,8,0,16,0,0,0,1,PROTECTING,Field_5,1,PROTECTING,Field_5,1,PROTECTING,Field_5,1,PROTECTING,Field_5,1,PROTECTING,Field_5,1,PROTECTING,Field_5,1,PROTECTING,Field_4,1,PROTECTING,Field_5,1,PROTECTING,Field_2,1,PROTECTING,Field_4,1,PROTECTING,Field_4,1,PROTECTING,Field_5,1,IDLE,,1,IDLE,,1,IDLE,,1,IDLE,,1,IDLE,,1,IDLE,,1,PROTECTING,Field_4,1,PROTECTING,Field_5,1,PROTECTING,Field_5,1,IDLE,,1,IDLE,,1,PROTECTING,Field_6,13,0.10,0,0,2,23,0.23,1,0,5,22,0.03,0,0,1,103,0.12,4,0,2,59,0.07,10,0,-1,59,0.16,1,0,2,40,0.08,0,0,2,0,0.02,0,0,1,9,0.05,0,0,2,13,0.11,0,0,3,37,0.14,0,0,2,3,0.05,0,0,1
138,382,8,0,16,0,0,0,1,PROTECTING,Field_5,1,PROTECTING,Field_5,1,PROTECTING,Field_5,1,PROTECTING,Field_5,1,PROTECTING,Field_5,1,PROTECTING,Field_5,1,PROTECTING,Field_4,1,PROTECTING,Field_5,1,PROTECTING,Field_2,1,PROTECTING,Field_4,1,PROTECTING,Field_4,1,PROTECTING,Field_5,1,IDLE,,1,IDLE,,1,IDLE,,1,IDLE,,1,IDLE,,1,IDLE,,1,PROTECTING,Field_4,1,PROTECTING,Field_5,1,PROTECTING,Field_5,1,IDLE,,1,IDLE,,1,PROTECTING,Field_6,13,0.11,0,0,2,23,0.25,1,0,5,22,0.03,0,0,1,103,0.14,4,0,2,59,0.07,10,0,-1,59,0.16,1,0,2,41,0.08,0,0,2,0,0.00,0,0,1,9,0.05,0,0,2,13,0.11,0,0,3,37,0.14,0,0,2,3,0.05,0,0,1
139,383,8,0,16,0,0,0,1,PROTECTING,Field_5,1,PROTECTING,Field_5,1,PROTECTING,Field_5,1,PROTECTING,Field_5,1,PROTECTING,Field_5,1,PROTECTING,Field_5,1,PROTECTING,Field_4,1,PROTECTING,Field_5,1,PROTECTING,Field_2,1,PROTECTING,Field_4,1,PROTECTING,Field_4,1,PROTECTING,Field_5,1,IDLE,,1,IDLE,,1,IDLE,,1,IDLE,,1,IDLE,,1,IDLE,,1,PROTECTING,Field_4,1,PROTECTING,Field_5,1,PROTECTING,Field_5,1,IDLE,,1,IDLE,,1,PROTECTING,Field_6,13,0.11,0,0,2,23,0.25,1,0,5,22,0.03,0,0,1,103,0.14,4,0,2,59,0.06,10,0,-1,60,0.15,1,0,2,41,0.08,0,0,2,0,0.00,0,0,1,9,0.05,0,0,2,13,0.11,0,0,3,37,0.14,0,0,2,3,0.05,0,0,1
140,386,8,0,16,0,0,0,1,PROTECTING,Field_5,1,PROTECTING,Field_5,1,PROTECTING,Field_5,1,PROTECTING,Field_5,1,PROTECTING,Field_5,1,PROTECTING,Field_5,1,PROTECTING,Field_4,1,PROTECTING,Field_5,1,PROTECTING,Field_2,1,PROTECTING,Field_4,1,PROTECTING,Field_4,1,PROTECTING,Field_5,1,IDLE,,1,IDLE,,1,IDLE,,1,IDLE,,1,IDLE,,1,IDLE,,1,PROTECTING,Field_4,1,PROTECTING,Field_5,1,PROTECTING,Field_5,1,IDLE,,1,IDLE,,1,PROTECTING,Field_6,13,0.11,0,0,2,25,0.26,1,0,5,22,0.05,0,0,1,103,0.15,4,0,2,59,0.06,10,0,-1,60,0.15,1,0,2,42,0.08,0,0,2,0,0.00,0,0,1,9,0.05,0,0,2,13,0.10,0,0,3,37,0.14,0,0,2,3,0.05,0,0,1
141,390,9,0,15,0,0,0,1,PROTECTING,Field_5,1,PROTECTING,Field_5,1,PROTECTING,Field_5,1,PROTECTING,Field_5,1,PROTECTING,Field_5,1,PROTECTING,Field_5,1,IDLE,,1,PROTECTING,Field_5,1,PROTECTING,Field_2,1,PROTECTING,Field_4,1,PROTECTING,Field_4,1,PROTECTING,Field_5,1,IDLE,,1,IDLE,,1,IDLE,,1,IDLE,,1,IDLE,,1,IDLE,,1,PROTECTING,Field_4,1,PROTECTING,Field_5,1,PROTECTING,Field_5,1,IDLE,,1,IDLE,,1,PROTECTING,Field_6,13,0.10,0,0,2,28,0.27,1,0,5,22,0.05,0,0,1,103,0.16,3,0,3,59,0.05,10,0,-1,61,0.15,1,0,2,42,0.06,0,0,2,0,0.00,0,0,1,9,0.05,0,0,2,13,0.10,0,0,3,37,0.12,0,0,2,3,0.05,0,0,1
142,392,9,0,15,0,0,0,1,PROTECTING,Field_5,1,PROTECTING,Field_5,1,PROTECTING,Field_5,1,PROTECTING,Field_5,1,PROTECTING,Field_5,1,PROTECTING,Field_5,1,IDLE,,1,PROTECTING,Field_5,1,PROTECTING,Field_2,1,PROTECTING,Field_4,1,PROTECTING,Field_4,1,PROTECTING,Field_5,1,IDLE,,1,IDLE,,1,IDLE,,1,IDLE,,1,IDLE,,1,IDLE,,1,PROTECTING,Field_4,1,PROTECTING,Field_5,1,PROTECTING,Field_5,1,IDLE,,1,IDLE,,1,PROTECTING,Field_6,13,0.08,0,0,2,29,0.26,1,0,5,22,0.04,0,0,1,103,0.16,3,0,3,59,0.05,10,0,-1,62,0.15,1,0,2,42,0.06,0,0,2,0,0.00,0,0,1,9,0.05,0,0,2,13,0.13,0,0,3,37,0.12,0,0,2,3,0.05,0,0,1
143,394,9,0,15,0,0,0,1,PROTECTING,Field_5,1,PROTECTING,Field_5,1,PROTECTING,Field_5,1,PROTECTING,Field_5,1,PROTECTING,Field_5,1,PROTECTING,Field_5,1,IDLE,,1,PROTECTING,Field_5,1,PROTECTING,Field_2,1,PROTECTING,Field_4,1,PROTECTING,Field_4,1,PROTECTING,Field_5,1,IDLE,,1,IDLE,,1,IDLE,,1,IDLE,,1,IDLE,,1,IDLE,,1,PROTECTING,Field_4,1,PROTECTING,Field_5,1,PROTECTING,Field_5,1,IDLE,,1,IDLE,,1,PROTECTING,Field_6,13,0.08,0,0,2,30,0.27,1,0,5,22,0.04,0,0,1,104,0.16,3,0,3,59,0.06,10,0,-1,62,0.14,1,0,2,42,0.07,0,0,2,0,0.00,0,0,1,9,0.05,0,0,2,13,0.11,0,0,3,37,0.11,0,0,2,3,0.08,0,0,1
144,395,9,0,15,0,0,0,1,PROTECTING,Field_5,1,PROTECTING,Field_5,1,PROTECTING,Field_5,1,PROTECTING,Field_5,1,PROTECTING,Field_5,1,PROTECTING,Field_5,1,IDLE,,1,PROTECTING,Field_5,1,PROTECTING,Field_2,1,PROTECTING,Field_4,1,PROTECTING,Field_4,1,PROTECTING,Field_5,1,IDLE,,1,IDLE,,1,IDLE,,1,IDLE,,1,IDLE,,1,IDLE,,1,PROTECTING,Field_4,1,PROTECTING,Field_5,1,PROTECTING,Field_5,1,IDLE,,1,IDLE,,1,PROTECTING,Field_6,13,0.06,0,0,2,30,0.28,1,0,5,22,0.04,0,0,1,104,0.16,3,0,3,59,0.06,10,0,-1,63,0.14,1,0,2,42,0.07,0,0,2,0,0.00,0,0,1,9,0.05,0,0,2,13,0.13,0,0,3,37,0.11,0,0,2,3,0.05,0,0,1
145,396,9,0,15,0,0,0,1,PROTECTING,Field_5,1,PROTECTING,Field_5,1,PROTECTING,Field_5,1,PROTECTING,Field_5,1,PROTECTING,Field_5,1,PROTECTING,Field_5,1,IDLE,,1,PROTECTING,Field_5,1,PROTECTING,Field_2,1,PROTECTING,Field_4,1,PROTECTING,Field_4,1,PROTECTING,Field_5,1,IDLE,,1,IDLE,,1,IDLE,,1,IDLE,,1,IDLE,,1,IDLE,,1,PROTECTING,Field_4,1,PROTECTING,Field_5,1,PROTECTING,Field_5,1,IDLE,,1,IDLE,,1,PROTECTING,Field_6,13,0.06,0,0,2,30,0.28,1,0,5,22,0.04,0,0,1,105,0.16,3,0,3,59,0.07,10,0,-1,63,0.13,1,0,2,42,0.08,0,0,2,0,0.00,0,0,1,9,0.05,0,0,2,13,0.13,0,0,3,37,0.12,0,0,2,3,0.05,0,0,1
146,397,9,0,15,0,0,0,1,PROTECTING,Field_5,1,PROTECTING,Field_5,1,PROTECTING,Field_5,1,PROTECTING,Field_5,1,PROTECTING,Field_5,1,PROTECTING,Field_5,1,IDLE,,1,PROTECTING,Field_5,1,PROTECTING,Field_2,1,PROTECTING,Field_4,1,PROTECTING,Field_4,1,PROTECTING,Field_5,1,IDLE,,1,IDLE,,1,IDLE,,1,IDLE,,1,IDLE,,1,IDLE,,1,PROTECTING,Field_4,1,PROTECTING,Field_5,1,PROTECTING,Field_5,1,IDLE,,1,IDLE,,1,PROTECTING,Field_6,13,0.06,0,0,2,31,0.28,1,0,5,22,0.04,0,0,1,105,0.16,3,0,3,59,0.07,10,0,-1,63,0.13,1,0,2,42,0.07,0,0,2,0,0.00,0,0,1,9,0.05,0,0,2,13,0.11,0,0,3,37,0.12,0,0,2,3,0.05,0,0,1
147,397,9,0,15,0,0,0,1,PROTECTING,Field_5,1,PROTECTING,Field_5,1,PROTECTING,Field_5,1,PROTECTING,Field_5,1,PROTECTING,Field_5,1,PROTECTING,Field_5,1,IDLE,,1,PROTECTING,Field_5,1,PROTECTING,Field_2,1,PROTECTING,Field_4,1,PROTECTING,Field_4,1,PROTECTING,Field_5,1,IDLE,,1,IDLE,,1,IDLE,,1,IDLE,,1,IDLE,,1,IDLE,,1,PROTECTING,Field_4,1,PROTECTING,Field_5,1,PROTECTING,Field_5,1,IDLE,,1,IDLE,,1,PROTECTING,Field_6,13,0.06,0,0,2,31,0.29,1,0,5,22,0.04,0,0,1,105,0.15,3,0,3,59,0.07,10,0,-1,63,0.13,1,0,2,42,0.08,0,0,2,0,0.00,0,0,1,9,0.05,0,0,2,13,0.11,0,0,3,37,0.11,0,0,2,3,0.05,0,0,1
148,400,9,0,15,0,0,0,1,PROTECTING,Field_5,1,PROTECTING,Field_5,1,PROTECTING,Field_5,1,PROTECTING,Field_5,1,PROTECTING,Field_5,1,PROTECTING,Field_5,1,IDLE,,1,PROTECTING,Field_5,1,PROTECTING,Field_2,1,PROTECTING,Field_4,1,PROTECTING,Field_4,1,PROTECTING,Field_5,1,IDLE,,1,IDLE,,1,IDLE,,1,IDLE,,1,IDLE,,1,IDLE,,1,PROTECTING,Field_4,1,PROTECTING,Field_5,1,PROTECTING,Field_5,1,IDLE,,1,IDLE,,1,PROTECTING,Field_6,13,0.06,0,0,2,31,0.29,1,0,5,22,0.01,0,0,1,106,0.15,3,0,3,59,0.07,10,0,-1,63,0.14,1,0,2,43,0.10,0,0,2,0,0.00,0,0,1,9,0.05,0,0,2,13,0.11,0,0,3,38,0.12,0,0,2,3,0.05,0,0,1
149,401,9,0,15,0,0,0,1,PROTECTING,Field_5,1,PROTECTING,Field_5,1,PROTECTING,Field_5,1,PROTECTING,Field_5,1,PROTECTING,Field_5,1,PROTECTING,Field_5,1,IDLE,,1,PROTECTING,Field_5,1,PROTECTING,Field_2,1,PROTECTING,Field_4,1,PROTECTING,Field_4,1,PROTECTING,Field_5,1,IDLE,,1,IDLE,,1,IDLE,,1,IDLE,,1,IDLE,,1,IDLE,,1,PROTECTING,Field_4,1,PROTECTING,Field_5,1,PROTECTING,Field_5,1,IDLE,,1,IDLE,,1,PROTECTING,Field_6,13,0.05,0,0,2,32,0.28,1,0,5,22,0.01,0,0,1,106,0.15,3,0,3,59,0.07,10,0,-1,63,0.14,1,0,2,43,0.13,0,0,2,0,0.02,0,0,1,9,0.04,0,0,2,13,0.11,0,0,3,38,0.12,0,0,2,3,0.08,0,0,1
150,402,9,0,15,0,0,0,1,PROTECTING,Field_5,1,PROTECTING,Field_5,1,PROTECTING,Field_5,1,PROTECTING,Field_5,1,PROTECTING,Field_5,1,PROTECTING,Field_5,1,IDLE,,1,PROTECTING,Field_5,1,PROTECTING,Field_2,1,PROTECTING,Field_4,1,PROTECTING,Field_4,1,PROTECTING,Field_5,1,IDLE,,1,IDLE,,1,IDLE,,1,IDLE,,1,IDLE,,1,IDLE,,1,PROTECTING,Field_4,1,PROTECTING,Field_5,1,PROTECTING,Field_5,1,IDLE,,1,IDLE,,1,PROTECTING,Field_6,13,0.05,0,0,2,32,0.26,1,0,5,22,0.01,0,0,1,106,0.15,3,0,3,59,0.07,10,0,-1,63,0.14,1,0,2,43,0.13,0,0,2,0,0.02,0,0,1,9,0.04,0,0,2,13,0.11,0,0,3,38,0.12,0,0,2,4,0.08,0,0,1
151,402,7,0,15,0,2,0,1,PROTECTING,Field_5,1,PROTECTING,Field_5,1,PROTECTING,Field_5,1,PROTECTING,Field_5,1,PROTECTING,Field_5,1,PROTECTING,Field_5,1,MOVING_TO_FIELD,Field_2,1,PROTECTING,Field_5,1,PROTECTING,Field_2,1,PROTECTING,Field_4,1,PROTECTING,Field_4,1,PROTECTING,Field_5,1,IDLE,,1,IDLE,,1,IDLE,,1,IDLE,,1,IDLE,,1,IDLE,,1,PROTECTING,Field_4,1,PROTECTING,Field_5,1,PROTECTING,Field_5,1,MOVING_TO_FIELD,Field_2,1,IDLE,,1,PROTECTING,Field_6,13,0.03,0,0,2,32,0.28,1,2,5,22,0.01,0,0,1,106,0.15,3,0,3,59,0.05,10,0,-1,63,0.13,1,0,2,43,0.13,0,0,2,0,0.02,0,0,1,9,0.03,0,0,2,13,0.11,0,0,3,38,0.12,0,0,2,4,0.08,0,0,1
152,403,7,0,15,0,2,0,1,PROTECTING,Field_5,1,PROTECTING,Field_5,1,PROTECTING,Field_5,1,PROTECTING,Field_5,1,PROTECTING,Field_5,1,PROTECTING,Field_5,1,MOVING_TO_FIELD,Field_2,1,PROTECTING,Field_5,1,PROTECTING,Field_2,1,PROTECTING,Field_4,1,PROTECTING,Field_4,1,PROTECTING,Field_5,1,IDLE,,1,IDLE,,1,IDLE,,1,IDLE,,1,IDLE,,1,IDLE,,1,PROTECTING,Field_4,1,PROTECTING,Field_5,1,PROTECTING,Field_5,1,MOVING_TO_FIELD,Field_2,1,IDLE,,1,PROTECTING,Field_6,13,0.03,0,0,2,33,0.29,1,2,5,22,0.01,0,0,1,106,0.15,3,0,3,59,0.06,10,0,-1,63,0.12,1,0,2,43,0.12,0,0,2,0,0.02,0,0,1,9,0.03,0,0,2,13,0.11,0,0,3,38,0.11,0,0,2,4,0.08,0,0,1
153,404,7,0,15,0,2,0,1,PROTECTING,Field_5,1,PROTECTING,Field_5,1,PROTECTING,Field_5,1,PROTECTING,Field_5,1,PROTECTING,Field_5,1,PROTECTING,Field_5,1,MOVING_TO_FIELD,Field_2,1,PROTECTING,Field_5,1,PROTECTING,Field_2,1,PROTECTING,Field_4,1,PROTECTING,Field_4,1,PROTECTING,Field_5,1,IDLE,,1,IDLE,,1,IDLE,,1,IDLE,,1,IDLE,,1,IDLE,,1,PROTECTING,Field_4,1,PROTECTING,Field_5,1,PROTECTING,Field_5,1,MOVING_TO_FIELD,Field_2,1,IDLE,,1,PROTECTING,Field_6,13,0.05,0,0,2,33,0.28,1,2,5,22,0.01,0,0,1,106,0.16,3,0,3,59,0.05,10,0,-1,63,0.12,1,0,2,44,0.12,0,0,2,0,0.02,0,0,1,9,0.03,0,0,2,13,0.10,0,0,3,38,0.11,0,0,2,4,0.08,0,0,1
154,405,7,0,15,0,2,0,1,PROTECTING,Field_5,1,PROTECTING,Field_5,1,PROTECTING,Field_5,1,PROTECTING,Field_5,1,PROTECTING,Field_5,1,PROTECTING,Field_5,1,MOVING_TO_FIELD,Field_2,1,PROTECTING,Field_5,1,PROTECTING,Field_2,1,PROTECTING,Field_4,1,PROTECTING,Field_4,1,PROTECTING,Field_5,1,IDLE,,1,IDLE,,1,IDLE,,1,IDLE,,1,IDLE,,1,IDLE,,1,PROTECTING,Field_4,1,PROTECTING,Field_5,1,PROTECTING,Field_5,1,MOVING_TO_FIELD,Field_2,1,IDLE,,1,PROTECTING,Field_6,13,0.08,0,0,2,34,0.27,1,2,5,22,0.03,0,0,1,106,0.16,3,0,3,59,0.05,10,0,-1,63,0.12,1,0,2,44,0.14,0,0,2,0,0.02,0,0,1,9,0.02,0,0,2,13,0.11,0,0,3,38,0.11,0,0,2,4,0.08,0,0,1
155,406,7,0,15,0,2,0,1,PROTECTING,Field_5,1,PROTECTING,Field_5,1,PROTECTING,Field_5,1,PROTECTING,Field_5,1,PROTECTING,Field_5,1,PROTECTING,Field_5,1,MOVING_TO_FIELD,Field_2,1,PROTECTING,Field_5,1,PROTECTING,Field_2,1,PROTECTING,Field_4,1,PROTECTING,Field_4,1,PROTECTING,Field_5,1,IDLE,,1,IDLE,,1,IDLE,,1,IDLE,,1,IDLE,,1,IDLE,,1,PROTECTING,Field_4,1,PROTECTING,Field_5,1,PROTECTING,Field_5,1,MOVING_TO_FIELD,Field_2,1,IDLE,,1,PROTECTING,Field_6,13,0.10,0,0,2,34,0.26,1,2,5,22,0.03,0,0,1,106,0.16,3,0,3,59,0.05,10,0,-1,63,0.13,1,0,2,45,0.15,0,0,2,0,0.00,0,0,1,9,0.04,0,0,2,13,0.11,0,0,3,38,0.11,0,0,2,4,0.10,0,0,1
156,407,7,0,15,0,2,0,1,PROTECTING,Field_5,1,PROTECTING,Field_5,1,PROTECTING,Field_5,1,PROTECTING,Field_5,1,PROTECTING,Field_5,1,PROTECTING,Field_5,1,MOVING_TO_FIELD,Field_2,1,PROTECTING,Field_5,1,PROTECTING,Field_2,1,PROTECTING,Field_4,1,PROTECTING,Field_4,1,PROTECTING,Field_5,1,IDLE,,1,IDLE,,1,IDLE,,1,IDLE,,1,IDLE,,1,IDLE,,1,PROTECTING,Field_4,1,PROTECTING,Field_5,1,PROTECTING,Field_5,1,MOVING_TO_FIELD,Field_2,1,IDLE,,1,PROTECTING,Field_6,13,0.11,0,0,2,34,0.27,1,2,5,22,0.04,0,0,1,106,0.16,3,0,3,59,0.04,10,0,-1,64,0.13,1,0,2,45,0.14,0,0,2,0,0.02,0,0,1,9,0.04,0,0,2,13,0.13,0,0,3,38,0.11,0,0,2,4,0.10,0,0,1
157,408,7,0,15,0,2,0,1,PROTECTING,Field_5,1,PROTECTING,Field_5,1,PROTECTING,Field_5,1,PROTECTING,Field_5,1,PROTECTING,Field_5,1,PROTECTING,Field_5,1,MOVING_TO_FIELD,Field_2,1,PROTECTING,Field_5,1,PROTECTING,Field_2,1,PROTECTING,Field_4,1,PROTECTING,Field_4,1,PROTECTING,Field_5,1,IDLE,,1,IDLE,,1,IDLE,,1,IDLE,,1,IDLE,,1,IDLE,,1,PROTECTING,Field_4,1,PROTECTING,Field_5,1,PROTECTING,Field_5,1,MOVING_TO_FIELD,Field_2,1,IDLE,,1,PROTECTING,Field_6,13,0.11,0,0,2,34,0.28,1,2,5,22,0.04,0,0,1,106,0.16,3,0,3,59,0.03,10,0,-1,64,0.13,1,0,2,45,0.14,0,0,2,0,0.02,0,0,1,9,0.05,0,0,2,13,0.13,0,0,3,39,0.11,0,0,2,4,0.10,0,0,1
158,409,7,0,16,0,1,0,1,PROTECTING,Field_5,1,PROTECTING,Field_5,1,PROTECTING,Field_5,1,PROTECTING,Field_5,1,PROTECTING,Field_5,1,PROTECTING,Field_5,1,MOVING_TO_FIELD,Field_2,1,PROTECTING,Field_5,1,PROTECTING,Field_2,1,PROTECTING,Field_4,1,PROTECTING,Field_4,1,PROTECTING,Field_5,1,IDLE,,1,IDLE,,1,IDLE,,1,IDLE,,1,IDLE,,1,IDLE,,1,PROTECTING,Field_4,1,PROTECTING,Field_5,1,PROTECTING,Field_5,1,PROTECTING,Field_2,1,IDLE,,1,PROTECTING,Field_6,13,0.11,0,0,2,34,0.27,2,1,4,22,0.05,0,0,1,106,0.15,3,0,3,59,0.03,10,0,-1,64,0.13,1,0,2,46,0.15,0,0,2,0,0.02,0,0,1,9,0.05,0,0,2,13,0.11,0,0,3,39,0.12,0,0,2,4,0.10,0,0,1
159,411,7,0,16,0,1,0,1,PROTECTING,Field_5,1,PROTECTING,Field_5,1,PROTECTING,Field_5,1,PROTECTING,Field_5,1,PROTECTING,Field_5,1,PROTECTING,Field_5,1,MOVING_TO_FIELD,Field_2,1,PROTECTING,Field_5,1,PROTECTING,Field_2,1,PROTECTING,Field_4,1,PROTECTING,Field_4,1,PROTECTING,Field_5,1,IDLE,,1,IDLE,,1,IDLE,,1,IDLE,,1,IDLE,,1,IDLE,,1,PROTECTING,Field_4,1,PROTECTING,Field_5,1,PROTECTING,Field_5,1,PROTECTING,Field_2,1,IDLE,,1,PROTECTING,Field_6,13,0.11,0,0,2,34,0.28,2,1,4,22,0.05,0,0,1,106,0.15,3,0,3,59,0.03,10,0,-1,64,0.12,1,0,2,47,0.15,0,0,2,0,0.02,0,0,1,9,0.05,0,0,2,13,0.08,0,0,3,40,0.12,0,0,2,4,0.10,0,0,1
160,413,7,0,16,0,1,0,1,PROTECTING,Field_5,1,PROTECTING,Field_5,1,PROTECTING,Field_5,1,PROTECTING,Field_5,1,PROTECTING,Field_5,1,PROTECTING,Field_5,1,MOVING_TO_FIELD,Field_2,1,PROTECTING,Field_5,1,PROTECTING,Field_2,1,PROTECTING,Field_4,1,PROTECTING,Field_4,1,PROTECTING,Field_5,1,IDLE,,1,IDLE,,1,IDLE,,1,IDLE,,1,IDLE,,1,IDLE,,1,PROTECTING,Field_4,1,PROTECTING,Field_5,1,PROTECTING,Field_5,1,PROTECTING,Field_2,1,IDLE,,1,PROTECTING,Field_6,13,0.11,0,0,2,34,0.27,2,1,4,22,0.05,0,0,1,106,0.15,3,0,3,59,0.04,10,0,-1,64,0.11,1,0,2,47,0.14,0,0,2,0,0.02,0,0,1,9,0.05,0,0,2,13,0.08,0,0,3,41,0.14,0,0,2,5,0.10,0,0,1
161,415,7,0,16,0,1,0,1,PROTECTING,Field_5,1,PROTECTING,Field_5,1,PROTECTING,Field_5,1,PROTECTING,Field_5,1,PROTECTING,Field_5,1,PROTECTING,Field_5,1,MOVING_TO_FIELD,Field_2,1,PROTECTING,Field_5,1,PROTECTING,Field_2,1,PROTECTING,Field_4,1,PROTECTING,Field_4,1,PROTECTING,Field_5,1,IDLE,,1,IDLE,,1,IDLE,,1,IDLE,,1,IDLE,,1,IDLE,,1,PROTECTING,Field_4,1,PROTECTING,Field_5,1,PROTECTING,Field_5,1,PROTECTING,Field_2,1,IDLE,,1,PROTECTING,Field_6,13,0.11,0,0,2,34,0.26,2,1,4,22,0.05,0,0,1,107,0.15,3,0,3,59,0.04,10,0,-1,64,0.12,1,0,2,48,0.14,0,0,2,0,0.02,0,0,1,9,0.06,0,0,2,13,0.08,0,0,3,41,0.14,0,0,2,5,0.13,0,0,1
162,416,7,0,17,0,0,0,1,PROTECTING,Field_5,1,PROTECTING,Field_5,1,PROTECTING,Field_5,1,PROTECTING,Field_5,1,PROTECTING,Field_5,1,PROTECTING,Field_5,1,PROTECTING,Field_2,1,PROTECTING,Field_5,1,PROTECTING,Field_2,1,PROTECTING,Field_4,1,PROTECTING,Field_4,1,PROTECTING,Field_5,1,IDLE,,1,IDLE,,1,IDLE,,1,IDLE,,1,IDLE,,1,IDLE,,1,PROTECTING,Field_4,1,PROTECTING,Field_5,1,PROTECTING,Field_5,1,PROTECTING,Field_2,1,IDLE,,1,PROTECTING,Field_6,13,0.11,0,0,2,34,0.27,3,0,3,23,0.05,0,0,1,107,0.15,3,0,3,59,0.03,10,0,-1,64,0.11,1,0,2,48,0.15,0,0,2,0,0.02,0,0,1,9,0.06,0,0,2,13,0.08,0,0,3,41,0.14,0,0,2,5,0.13,0,0,1
163,418,7,0,17,0,0,0,1,PROTECTING,Field_5,1,PROTECTING,Field_5,1,PROTECTING,Field_5,1,PROTECTING,Field_5,1,PROTECTING,Field_5,1,PROTECTING,Field_5,1,PROTECTING,Field_2,1,PROTECTING,Field_5,1,PROTECTING,Field_2,1,PROTECTING,Field_4,1,PROTECTING,Field_4,1,PROTECTING,Field_5,1,IDLE,,1,IDLE,,1,IDLE,,1,IDLE,,1,IDLE,,1,IDLE,,1,PROTECTING,Field_4,1,PROTECTING,Field_5,1,PROTECTING,Field_5,1,PROTECTING,Field_2,1,IDLE,,1,PROTECTING,Field_6,13,0.10,0,0,2,35,0.27,3,0,3,23,0.05,0,0,1,107,0.15,3,0,3,59,0.03,10,0,-1,64,0.11,1,0,2,48,0.15,0,0,2,0,0.00,0,0,1,9,0.07,0,0,2,13,0.08,0,0,3,42,0.14,0,0,2,5,0.13,0,0,1
164,419,7,0,17,0,0,0,1,PROTECTING,Field_5,1,PROTECTING,Field_5,1,PROTECTING,Field_5,1,PROTECTING,Field_5,1,PROTECTING,Field_5,1,PROTECTING,Field_5,1,PROTECTING,Field_2,1,PROTECTING,Field_5,1,PROTECTING,Field_2,1,PROTECTING,Field_4,1,PROTECTING,Field_4,1,PROTECTING,Field_5,1,IDLE,,1,IDLE,,1,IDLE,,1,IDLE,,1,IDLE,,1,IDLE,,1,PROTECTING,Field_4,1,PROTECTING,Field_5,1,PROTECTING,Field_5,1,PROTECTING,Field_2,1,IDLE,,1,PROTECTING,Field_6,14,0.08,0,0,2,35,0.25,3,0,3,23,0.05,0,0,1,107,0.16,3,0,3,59,0.03,10,0,-1,64,0.12,1,0,2,48,0.16,0,0,2,0,0.00,0,0,1,9,0.07,0,0,2,13,0.10,0,0,3,42,0.14,0,0,2,5,0.13,0,0,1
165,421,7,0,17,0,0,0,1,PROTECTING,Field_5,1,PROTECTING,Field_5,1,PROTECTING,Field_5,1,PROTECTING,Field_5,1,PROTECTING,Field_5,1,PROTECTING,Field_5,1,PROTECTING,Field_2,1,PROTECTING,Field_5,1,PROTECTING,Field_2,1,PROTECTING,Field_4,1,PROTECTING,Field_4,1,PROTECTING,Field_5,1,IDLE,,1,IDLE,,1,IDLE,,1,IDLE,,1,IDLE,,1,IDLE,,1,PROTECTING,Field_4,1,PROTECTING,Field_5,1,PROTECTING,Field_5,1,PROTECTING,Field_2,1,IDLE,,1,PROTECTING,Field_6,14,0.08,0,0,2,35,0.25,3,0,3,23,0.05,0,0,1,107,0.18,3,0,3,59,0.03,10,0,-1,64,0.12,1,0,2,48,0.13,0,0,2,0,0.00,0,0,1,9,0.08,0,0,2,13,0.10,0,0,3,43,0.16,0,0,2,6,0.10,0,0,1
166,424,7,0,17,0,0,0,1,PROTECTING,Field_5,1,PROTECTING,Field_5,1,PROTECTING,Field_5,1,PROTECTING,Field_5,1,PROTECTING,Field_5,1,PROTECTING,Field_5,1,PROTECTING,Field_2,1,PROTECTING,Field_5,1,PROTECTING,Field_2,1,PROTECTING,Field_4,1,PROTECTING,Field_4,1,PROTECTING,Field_5,1,IDLE,,1,IDLE,,1,IDLE,,1,IDLE,,1,IDLE,,1,IDLE,,1,PROTECTING,Field_4,1,PROTECTING,Field_5,1,PROTECTING,Field_5,1,PROTECTING,Field_2,1,IDLE,,1,PROTECTING,Field_6,15,0.08,0,0,2,37,0.25,3,0,3,23,0.05,0,0,1,107,0.18,3,0,3,59,0.04,10,0,-1,64,0.13,1,0,2,48,0.13,0,0,2,0,0.00,0,0,1,9,0.07,0,0,2,13,0.10,0,0,3,43,0.14,0,0,2,6,0.10,0,0,1
167,425,7,0,17,0,0,0,1,PROTECTING,Field_5,1,PROTECTING,Field_5,1,PROTECTING,Field_5,1,PROTECTING,Field_5,1,PROTECTING,Field_5,1,PROTECTING,Field_5,1,PROTECTING,Field_2,1,PROTECTING,Field_5,1,PROTECTING,Field_2,1,PROTECTING,Field_4,1,PROTECTING,Field_4,1,PROTECTING,Field_5,1,IDLE,,1,IDLE,,1,IDLE,,1,IDLE,,1,IDLE,,1,IDLE,,1,PROTECTING,Field_4,1,PROTECTING,Field_5,1,PROTECTING,Field_5,1,PROTECTING,Field_2,1,IDLE,,1,PROTECTING,Field_6,15,0.08,0,0,2,37,0.26,3,0,3,23,0.07,0,0,1,107,0.18,3,0,3,59,0.04,10,0,-1,64,0.13,1,0,2,49,0.13,0,0,2,0,0.00,0,0,1,9,0.07,0,0,2,13,0.10,0,0,3,43,0.16,0,0,2,6,0.10,0,0,1
168,429,7,0,17,0,0,0,1,PROTECTING,Field_5,1,PROTECTING,Field_5,1,PROTECTING,Field_5,1,PROTECTING,Field_5,1,PROTECTING,Field_5,1,PROTECTING,Field_5,1,PROTECTING,Field_2,1,PROTECTING,Field_5,1,PROTECTING,Field_2,1,PROTECTING,Field_4,1,PROTECTING,Field_4,1,PROTECTING,Field_5,1,IDLE,,1,IDLE,,1,IDLE,,1,IDLE,,1,IDLE,,1,IDLE,,1,PROTECTING,Field_4,1,PROTECTING,Field_5,1,PROTECTING,Field_5,1,PROTECTING,Field_2,1,IDLE,,1,PROTECTING,Field_6,15,0.10,0,0,2,39,0.26,3,0,3,24,0.07,0,0,1,107,0.18,3,0,3,59,0.05,10,0,-1,64,0.13,1,0,2,49,0.13,0,0,2,0,0.00,0,0,1,9,0.09,0,0,2,13,0.11,0,0,3,43,0.14,0,0,2,7,0.10,0,0,1
169,430,7,0,17,0,0,0,1,PROTECTING,Field_5,1,PROTECTING,Field_5,1,PROTECTING,Field_5,1,PROTECTING,Field_5,1,PROTECTING,Field_5,1,PROTECTING,Field_5,1,PROTECTING,Field_2,1,PROTECTING,Field_5,1,PROTECTING,Field_2,1,PROTECTING,Field_4,1,PROTECTING,Field_4,1,PROTECTING,Field_5,1,IDLE,,1,IDLE,,1,IDLE,,1,IDLE,,1,IDLE,,1,IDLE,,1,PROTECTING,Field_4,1,PROTECTING,Field_5,1,PROTECTING,Field_5,1,PROTECTING,Field_2,1,IDLE,,1,PROTECTING,Field_6,15,0.11,0,0,2,40,0.25,3,0,3,24,0.05,0,0,1,107,0.19,3,0,3,59,0.05,10,0,-1,64,0.12,1,0,2,49,0.12,0,0,2,0,0.00,0,0,1,9,0.09,0,0,2,13,0.11,0,0,3,43,0.16,0,0,2,7,0.10,0,0,1
170,432,7,0,17,0,0,0,1,PROTECTING,Field_5,1,PROTECTING,Field_5,1,PROTECTING,Field_5,1,PROTECTING,Field_5,1,PROTECTING,Field_5,1,PROTECTING,Field_5,1,PROTECTING,Field_2,1,PROTECTING,Field_5,1,PROTECTING,Field_2,1,PROTECTING,Field_4,1,PROTECTING,Field_4,1,PROTECTING,Field_5,1,IDLE,,1,IDLE,,1,IDLE,,1,IDLE,,1,IDLE,,1,IDLE,,1,PROTECTING,Field_4,1,PROTECTING,Field_5,1,PROTECTING,Field_5,1,PROTECTING,Field_2,1,IDLE,,1,PROTECTING,Field_6,15,0.10,0,0,2,40,0.26,3,0,3,24,0.05,0,0,1,107,0.20,3,0,3,59,0.05,10,0,-1,64,0.11,1,0,2,50,0.12,0,0,2,0,0.00,0,0,1,9,0.08,0,0,2,13,0.11,0,0,3,43,0.16,0,0,2,8,0.10,0,0,1
171,436,7,0,17,0,0,0,1,PROTECTING,Field_5,1,PROTECTING,Field_5,1,PROTECTING,Field_5,1,PROTECTING,Field_5,1,PROTECTING,Field_5,1,PROTECTING,Field_5,1,PROTECTING,Field_2,1,PROTECTING,Field_5,1,PROTECTING,Field_2,1,PROTECTING,Field_4,1,PROTECTING,Field_4,1,PROTECTING,Field_5,1,IDLE,,1,IDLE,,1,IDLE,,1,IDLE,,1,IDLE,,1,IDLE,,1,PROTECTING,Field_4,1,PROTECTING,Field_5,1,PROTECTING,Field_5,1,PROTECTING,Field_2,1,IDLE,,1,PROTECTING,Field_6,15,0.10,0,0,2,42,0.26,3,0,3,24,0.05,0,0,1,107,0.19,3,0,3,59,0.05,10,0,-1,64,0.11,1,0,2,52,0.13,0,0,2,0,0.00,0,0,1,9,0.09,0,0,2,13,0.11,0,0,3,43,0.16,0,0,2,8,0.10,0,0,1
172,439,7,0,17,0,0,0,1,PROTECTING,Field_5,1,PROTECTING,Field_5,1,PROTECTING,Field_5,1,PROTECTING,Field_5,1,PROTECTING,Field_5,1,PROTECTING,Field_5,1,PROTECTING,Field_2,1,PROTECTING,Field_5,1,PROTECTING,Field_2,1,PROTECTING,Field_4,1,PROTECTING,Field_4,1,PROTECTING,Field_5,1,IDLE,,1,IDLE,,1,IDLE,,1,IDLE,,1,IDLE,,1,IDLE,,1,PROTECTING,Field_4,1,PROTECTING,Field_5,1,PROTECTING,Field_5,1,PROTECTING,Field_2,1,IDLE,,1,PROTECTING,Field_6,15,0.10,0,0,2,44,0.25,3,0,3,24,0.07,0,0,1,107,0.19,3,0,3,59,0.05,10,0,-1,64,0.11,1,0,2,53,0.13,0,0,2,0,0.00,0,0,1,9,0.08,0,0,2,13,0.11,0,0,3,43,0.14,0,0,2,8,0.10,0,0,1
173,439,7,0,17,0,0,0,1,PROTECTING,Field_5,1,PROTECTING,Field_5,1,PROTECTING,Field_5,1,PROTECTING,Field_5,1,PROTECTING,Field_5,1,PROTECTING,Field_5,1,PROTECTING,Field_2,1,PROTECTING,Field_5,1,PROTECTING,Field_2,1,PROTECTING,Field_4,1,PROTECTING,Field_4,1,PROTECTING,Field_5,1,IDLE,,1,IDLE,,1,IDLE,,1,IDLE,,1,IDLE,,1,IDLE,,1,PROTECTING,Field_4,1,PROTECTING,Field_5,1,PROTECTING,Field_5,1,PROTECTING,Field_2,1,IDLE,,1,PROTECTING,Field_6,15,0.10,0,0,2,44,0.25,3,0,3,24,0.07,0,0,1,107,0.20,3,0,3,59,0.04,10,0,-1,64,0.12,1,0,2,53,0.14,0,0,2,0,0.00,0,0,1,9,0.08,0,0,2,13,0.10,0,0,3,43,0.16,0,0,2,8,0.10,0,0,1
174,441,7,0,17,0,0,0,1,PROTECTING,Field_5,1,PROTECTING,Field_5,1,PROTECTING,Field_5,1,PROTECTING,Field_5,1,PROTECTING,Field_5,1,PROTECTING,Field_5,1,PROTECTING,Field_2,1,PROTECTING,Field_5,1,PROTECTING,Field_2,1,PROTECTING,Field_4,1,PROTECTING,Field_4,1,PROTECTING,Field_5,1,IDLE,,1,IDLE,,1,IDLE,,1,IDLE,,1,IDLE,,1,IDLE,,1,PROTECTING,Field_4,1,PROTECTING,Field_5,1,PROTECTING,Field_5,1,PROTECTING,Field_2,1,IDLE,,1,PROTECTING,Field_6,15,0.10,0,0,2,44,0.25,3,0,3,24,0.08,0,0,1,108,0.20,3,0,3,59,0.04,10,0,-1,64,0.12,1,0,2,53,0.14,0,0,2,0,0.00,0,0,1,10,0.08,0,0,2,13,0.08,0,0,3,43,0.14,0,0,2,8,0.10,0,0,1
175,443,7,0,17,0,0,0,1,PROTECTING,Field_5,1,PROTECTING,Field_5,1,PROTECTING,Field_5,1,PROTECTING,Field_5,1,PROTECTING,Field_5,1,PROTECTING,Field_5,1,PROTECTING,Field_2,1,PROTECTING,Field_5,1,PROTECTING,Field_2,1,PROTECTING,Field_4,1,PROTECTING,Field_4,1,PROTECTING,Field_5,1,IDLE,,1,IDLE,,1,IDLE,,1,IDLE,,1,IDLE,,1,IDLE,,1,PROTECTING,Field_4,1,PROTECTING,Field_5,1,PROTECTING,Field_5,1,PROTECTING,Field_2,1,IDLE,,1,PROTECTING,Field_6,15,0.10,0,0,2,45,0.25,3,0,3,24,0.07,0,0,1,108,0.19,3,0,3,59,0.04,10,0,-1,65,0.12,1,0,2,53,0.14,0,0,2,0,0.00,0,0,1,10,0.09,0,0,2,13,0.08,0,0,3,43,0.14,0,0,2,8,0.13,0,0,1
176,446,7,0,17,0,0,0,1,PROTECTING,Field_5,1,PROTECTING,Field_5,1,PROTECTING,Field_5,1,PROTECTING,Field_5,1,PROTECTING,Field_5,1,PROTECTING,Field_5,1,PROTECTING,Field_2,1,PROTECTING,Field_5,1,PROTECTING,Field_2,1,PROTECTING,Field_4,1,PROTECTING,Field_4,1,PROTECTING,Field_5,1,IDLE,,1,IDLE,,1,IDLE,,1,IDLE,,1,IDLE,,1,IDLE,,1,PROTECTING,Field_4,1,PROTECTING,Field_5,1,PROTECTING,Field_5,1,PROTECTING,Field_2,1,IDLE,,1,PROTECTING,Field_6,15,0.10,0,0,2,45,0.25,3,0,3,24,0.07,0,0,1,108,0.19,3,0,3,59,0.04,10,0,-1,65,0.12,1,0,2,55,0.14,0,0,2,0,0.00,0,0,1,10,0.09,0,0,2,13,0.08,0,0,3,44,0.16,0,0,2,8,0.13,0,0,1
177,449,7,0,17,0,0,0,1,PROTECTING,Field_5,1,PROTECTING,Field_5,1,PROTECTING,Field_5,1,PROTECTING,Field_5,1,PROTECTING,Field_5,1,PROTECTING,Field_5,1,PROTECTING,Field_2,1,PROTECTING,Field_5,1,PROTECTING,Field_2,1,PROTECTING,Field_4,1,PROTECTING,Field_4,1,PROTECTING,Field_5,1,IDLE,,1,IDLE,,1,IDLE,,1,IDLE,,1,IDLE,,1,IDLE,,1,PROTECTING,Field_4,1,PROTECTING,Field_5,1,PROTECTING,Field_5,1,PROTECTING,Field_2,1,IDLE,,1,PROTECTING,Field_6,15,0.08,0,0,2,46,0.25,3,0,3,24,0.07,0,0,1,109,0.19,3,0,3,59,0.04,10,0,-1,65,0.11,1,0,2,55,0.14,0,0,2,0,0.00,0,0,1,10,0.06,0,0,2,13,0.08,0,0,3,45,0.14,0,0,2,8,0.10,0,0,1
178,452,7,0,17,0,0,0,1,PROTECTING,Field_5,1,PROTECTING,Field_5,1,PROTECTING,Field_5,1,PROTECTING,Field_5,1,PROTECTING,Field_5,1,PROTECTING,Field_5,1,PROTECTING,Field_2,1,PROTECTING,Field_5,1,PROTECTING,Field_2,1,PROTECTING,Field_4,1,PROTECTING,Field_4,1,PROTECTING,Field_5,1,IDLE,,1,IDLE,,1,IDLE,,1,IDLE,,1,IDLE,,1,IDLE,,1,PROTECTING,Field_4,1,PROTECTING,Field_5,1,PROTECTING,Field_5,1,PROTECTING,Field_2,1,IDLE,,1,PROTECTING,Field_6,15,0.08,0,0,2,48,0.25,3,0,3,24,0.07,0,0,1,109,0.20,3,0,3,59,0.04,10,0,-1,65,0.12,1,0,2,56,0.14,0,0,2,0,0.00,0,0,1,10,0.06,0,0,2,13,0.08,0,0,3,45,0.14,0,0,2,8,0.10,0,0,1
179,454,7,0,17,0,0,0,1,PROTECTING,Field_5,1,PROTECTING,Field_5,1,PROTECTING,Field_5,1,PROTECTING,Field_5,1,PROTECTING,Field_5,1,PROTECTING,Field_5,1,PROTECTING,Field_2,1,PROTECTING,Field_5,1,PROTECTING,Field_2,1,PROTECTING,Field_4,1,PROTECTING,Field_4,1,PROTECTING,Field_5,1,IDLE,,1,IDLE,,1,IDLE,,1,IDLE,,1,IDLE,,1,IDLE,,1,PROTECTING,Field_4,1,PROTECTING,Field_5,1,PROTECTING,Field_5,1,PROTECTING,Field_2,1,IDLE,,1,PROTECTING,Field_6,15,0.08,0,0,2,48,0.25,3,0,3,25,0.07,0,0,1,109,0.20,3,0,3,59,0.04,10,0,-1,66,0.12,1,0,2,56,0.16,0,0,2,0,0.00,0,0,1,10,0.06,0,0,2,13,0.08,0,0,3,45,0.14,0,0,2,8,0.10,0,0,1
180,456,7,0,17,0,0,0,1,PROTECTING,Field_5,1,PROTECTING,Field_5,1,PROTECTING,Field_5,1,PROTECTING,Field_5,1,PROTECTING,Field_5,1,PROTECTING,Field_5,1,PROTECTING,Field_2,1,PROTECTING,Field_5,1,PROTECTING,Field_2,1,PROTECTING,Field_4,1,PROTECTING,Field_4,1,PROTECTING,Field_5,1,IDLE,,1,IDLE,,1,IDLE,,1,IDLE,,1,IDLE,,1,IDLE,,1,PROTECTING,Field_4,1,PROTECTING,Field_5,1,PROTECTING,Field_5,1,PROTECTING,Field_2,1,IDLE,,1,PROTECTING,Field_6,15,0.08,0,0,2,48,0.25,3,0,3,25,0.05,0,0,1,109,0.22,3,0,3,59,0.04,10,0,-1,67,0.12,1,0,2,57,0.17,0,0,2,0,0.00,0,0,1,10,0.06,0,0,2,13,0.08,0,0,3,45,0.14,0,0,2,8,0.10,0,0,1
181,458,7,0,17,0,0,0,1,PROTECTING,Field_5,1,PROTECTING,Field_5,1,PROTECTING,Field_5,1,PROTECTING,Field_5,1,PROTECTING,Field_5,1,PROTECTING,Field_5,1,PROTECTING,Field_2,1,PROTECTING,Field_5,1,PROTECTING,Field_2,1,PROTECTING,Field_4,1,PROTECTING,Field_4,1,PROTECTING,Field_5,1,IDLE,,1,IDLE,,1,IDLE,,1,IDLE,,1,IDLE,,1,IDLE,,1,PROTECTING,Field_4,1,PROTECTING,Field_5,1,PROTECTING,Field_5,1,PROTECTING,Field_2,1,IDLE,,1,PROTECTING,Field_6,15,0.08,0,0,2,49,0.25,3,0,3,25,0.05,0,0,1,109,0.22,3,0,3,59,0.05,10,0,-1,67,0.12,1,0,2,57,0.16,0,0,2,0,0.00,0,0,1,10,0.05,0,0,2,13,0.08,0,0,3,46,0.14,0,0,2,8,0.10,0,0,1
182,462,7,0,17,0,0,0,1,PROTECTING,Field_5,1,PROTECTING,Field_5,1,PROTECTING,Field_5,1,PROTECTING,Field_5,1,PROTECTING,Field_5,1,PROTECTING,Field_5,1,PROTECTING,Field_2,1,PROTECTING,Field_5,1,PROTECTING,Field_2,1,PROTECTING,Field_4,1,PROTECTING,Field_4,1,PROTECTING,Field_5,1,IDLE,,1,IDLE,,1,IDLE,,1,IDLE,,1,IDLE,,1,IDLE,,1,PROTECTING,Field_4,1,PROTECTING,Field_5,1,PROTECTING,Field_5,1,PROTECTING,Field_2,1,IDLE,,1,PROTECTING,Field_6,15,0.10,0,0,2,50,0.26,3,0,3,25,0.05,0,0,1,111,0.22,3,0,3,59,0.06,10,0,-1,67,0.12,1,0,2,58,0.16,0,0,2,0,0.00,0,0,1,10,0.05,0,0,2,13,0.08,0,0,3,46,0.14,0,0,2,8,0.10,0,0,1
183,465,7,0,17,0,0,0,1,PROTECTING,Field_5,1,PROTECTING,Field_5,1,PROTECTING,Field_5,1,PROTECTING,Field_5,1,PROTECTING,Field_5,1,PROTECTING,Field_5,1,PROTECTING,Field_2,1,PROTECTING,Field_5,1,PROTECTING,Field_2,1,PROTECTING,Field_4,1,PROTECTING,Field_4,1,PROTECTING,Field_5,1,IDLE,,1,IDLE,,1,IDLE,,1,IDLE,,1,IDLE,,1,IDLE,,1,PROTECTING,Field_4,1,PROTECTING,Field_5,1,PROTECTING,Field_5,1,PROTECTING,Field_2,1,IDLE,,1,PROTECTING,Field_6,15,0.10,0,0,2,53,0.26,3,0,3,25,0.05,0,0,1,111,0.22,3,0,3,59,0.07,10,0,-1,67,0.12,1,0,2,58,0.17,0,0,2,0,0.00,0,0,1,10,0.06,0,0,2,13,0.10,0,0,3,46,0.14,0,0,2,8,0.10,0,0,1
184,466,7,0,17,0,0,0,1,PROTECTING,Field_5,1,PROTECTING,Field_5,1,PROTECTING,Field_5,1,PROTECTING,Field_5,1,PROTECTING,Field_5,1,PROTECTING,Field_5,1,PROTECTING,Field_2,1,PROTECTING,Field_5,1,PROTECTING,Field_2,1,PROTECTING,Field_4,1,PROTECTING,Field_4,1,PROTECTING,Field_5,1,IDLE,,1,IDLE,,1,IDLE,,1,IDLE,,1,IDLE,,1,IDLE,,1,PROTECTING,Field_4,1,PROTECTING,Field_5,1,PROTECTING,Field_5,1,PROTECTING,Field_2,1,IDLE,,1,PROTECTING,Field_6,15,0.10,0,0,2,53,0.27,3,0,3,25,0.07,0,0,1,111,0.22,3,0,3,59,0.06,10,0,-1,68,0.11,1,0,2,58,0.19,0,0,2,0,0.00,0,0,1,10,0.07,0,0,2,13,0.10,0,0,3,46,0.14,0,0,2,8,0.10,0,0,1
185,471,7,0,17,0,0,0,1,PROTECTING,Field_5,1,PROTECTING,Field_5,1,PROTECTING,Field_5,1,PROTECTING,Field_5,1,PROTECTING,Field_5,1,PROTECTING,Field_5,1,PROTECTING,Field_2,1,PROTECTING,Field_5,1,PROTECTING,Field_2,1,PROTECTING,Field_4,1,PROTECTING,Field_4,1,PROTECTING,Field_5,1,IDLE,,1,IDLE,,1,IDLE,,1,IDLE,,1,IDLE,,1,IDLE,,1,PROTECTING,Field_4,1,PROTECTING,Field_5,1,PROTECTING,Field_5,1,PROTECTING,Field_2,1,IDLE,,1,PROTECTING,Field_6,15,0.11,0,0,2,57,0.26,3,0,3,25,0.08,0,0,1,111,0.22,3,0,3,59,0.05,10,0,-1,69,0.11,1,0,2,58,0.19,0,0,2,0,0.00,0,0,1,10,0.07,0,0,2,13,0.10,0,0,3,46,0.12,0,0,2,8,0.10,0,0,1
186,471,7,0,17,0,0,0,1,PROTECTING,Field_5,1,PROTECTING,Field_5,1,PROTECTING,Field_5,1,PROTECTING,Field_5,1,PROTECTING,Field_5,1,PROTECTING,Field_5,1,PROTECTING,Field_2,1,PROTECTING,Field_5,1,PROTECTING,Field_2,1,PROTECTING,Field_4,1,PROTECTING,Field_4,1,PROTECTING,Field_5,1,IDLE,,1,IDLE,,1,IDLE,,1,IDLE,,1,IDLE,,1,IDLE,,1,PROTECTING,Field_4,1,PROTECTING,Field_5,1,PROTECTING,Field_5,1,PROTECTING,Field_2,1,IDLE,,1,PROTECTING,Field_6,15,0.11,0,0,2,57,0.25,3,0,3,25,0.08,0,0,1,111,0.20,3,0,3,59,0.05,10,0,-1,69,0.09,1,0,2,58,0.19,0,0,2,0,0.00,0,0,1,10,0.07,0,0,2,13,0.10,0,0,3,46,0.11,0,0,2,8,0.08,0,0,1
187,472,7,0,17,0,0,0,1,PROTECTING,Field_5,1,PROTECTING,Field_5,1,PROTECTING,Field_5,1,PROTECTING,Field_5,1,PROTECTING,Field_5,1,PROTECTING,Field_5,1,PROTECTING,Field_2,1,PROTECTING,Field_5,1,PROTECTING,Field_2,1,PROTECTING,Field_4,1,PROTECTING,Field_4,1,PROTECTING,Field_5,1,IDLE,,1,IDLE,,1,IDLE,,1,IDLE,,1,IDLE,,1,IDLE,,1,PROTECTING,Field_4,1,PROTECTING,Field_5,1,PROTECTING,Field_5,1,PROTECTING,Field_2,1,IDLE,,1,PROTECTING,Field_6,15,0.11,0,0,2,58,0.24,3,0,3,25,0.08,0,0,1,111,0.20,3,0,3,59,0.05,10,0,-1,69,0.09,1,0,2,58,0.19,0,0,2,0,0.00,0,0,1,10,0.07,0,0,2,13,0.10,0,0,3,46,0.11,0,0,2,8,0.08,0,0,1
188,477,7,0,17,0,0,0,1,PROTECTING,Field_5,1,PROTECTING,Field_5,1,PROTECTING,Field_5,1,PROTECTING,Field_5,1,PROTECTING,Field_5,1,PROTECTING,Field_5,1,PROTECTING,Field_2,1,PROTECTING,Field_5,1,PROTECTING,Field_2,1,PROTECTING,Field_4,1,PROTECTING,Field_4,1,PROTECTING,Field_5,1,IDLE,,1,IDLE,,1,IDLE,,1,IDLE,,1,IDLE,,1,IDLE,,1,PROTECTING,Field_4,1,PROTECTING,Field_5,1,PROTECTING,Field_5,1,PROTECTING,Field_2,1,IDLE,,1,PROTECTING,Field_6,15,0.11,0,0,2,60,0.25,3,0,3,25,0.08,0,0,1,112,0.20,3,0,3,59,0.05,10,0,-1,71,0.09,1,0,2,58,0.21,0,0,2,0,0.00,0,0,1,10,0.07,0,0,2,13,0.08,0,0,3,46,0.09,0,0,2,8,0.08,0,0,1
189,484,7,0,17,0,0,0,1,PROTECTING,Field_5,1,PROTECTING,Field_5,1,PROTECTING,Field_5,1,PROTECTING,Field_5,1,PROTECTING,Field_5,1,PROTECTING,Field_5,1,PROTECTING,Field_2,1,PROTECTING,Field_5,1,PROTECTING,Field_2,1,PROTECTING,Field_4,1,PROTECTING,Field_4,1,PROTECTING,Field_5,1,IDLE,,1,IDLE,,1,IDLE,,1,IDLE,,1,IDLE,,1,IDLE,,1,PROTECTING,Field_4,1,PROTECTING,Field_5,1,PROTECTING,Field_5,1,PROTECTING,Field_2,1,IDLE,,1,PROTECTING,Field_6,15,0.10,0,0,2,63,0.22,3,0,3,25,0.08,0,0,1,112,0.23,3,0,3,59,0.06,10,0,-1,71,0.09,1,0,2,61,0.23,0,0,2,0,0.00,0,0,1,11,0.05,0,0,2,13,0.08,0,0,3,46,0.09,0,0,2,8,0.08,0,0,1
190,486,7,0,17,0,0,0,1,PROTECTING,Field_5,1,PROTECTING,Field_5,1,PROTECTING,Field_5,1,PROTECTING,Field_5,1,PROTECTING,Field_5,1,PROTECTING,Field_5,1,PROTECTING,Field_2,1,PROTECTING,Field_5,1,PROTECTING,Field_2,1,PROTECTING,Field_4,1,PROTECTING,Field_4,1,PROTECTING,Field_5,1,IDLE,,1,IDLE,,1,IDLE,,1,IDLE,,1,IDLE,,1,IDLE,,1,PROTECTING,Field_4,1,PROTECTING,Field_5,1,PROTECTING,Field_5,1,PROTECTING,Field_2,1,IDLE,,1,PROTECTING,Field_6,15,0.10,0,0,2,63,0.21,3,0,3,25,0.08,0,0,1,113,0.23,3,0,3,59,0.06,10,0,-1,71,0.11,1,0,2,62,0.24,0,0,2,0,0.00,0,0,1,11,0.07,0,0,2,13,0.10,0,0,3,46,0.09,0,0,2,8,0.08,0,0,1
191,489,6,0,16,0,2,0,1,PROTECTING,Field_5,1,PROTECTING,Field_5,1,PROTECTING,Field_5,1,PROTECTING,Field_5,1,PROTECTING,Field_5,1,PROTECTING,Field_5,1,PROTECTING,Field_2,1,PROTECTING,Field_5,1,PROTECTING,Field_2,1,PROTECTING,Field_4,1,PROTECTING,Field_4,1,PROTECTING,Field_5,1,MOVING_TO_FIELD,Field_3,1,IDLE,,1,IDLE,,1,IDLE,,1,IDLE,,1,IDLE,,1,PROTECTING,Field_4,1,PROTECTING,Field_5,1,PROTECTING,Field_5,1,PROTECTING,Field_2,1,IDLE,,1,MOVING_TO_FIELD,Field_4,15,0.11,0,0,2,63,0.21,3,0,3,26,0.08,0,1,1,113,0.23,3,1,3,59,0.07,10,0,-1,71,0.11,0,0,3,64,0.23,0,0,2,0,0.02,0,0,1,11,0.06,0,0,2,13,0.10,0,0,3,46,0.05,0,0,2,8,0.08,0,0,1
192,489,6,0,16,0,2,0,1,PROTECTING,Field_5,1,PROTECTING,Field_5,1,PROTECTING,Field_5,1,PROTECTING,Field_5,1,PROTECTING,Field_5,1,PROTECTING,Field_5,1,PROTECTING,Field_2,1,PROTECTING,Field_5,1,PROTECTING,Field_2,1,PROTECTING,Field_4,1,PROTECTING,Field_4,1,PROTECTING,Field_5,1,MOVING_TO_FIELD,Field_3,1,IDLE,,1,IDLE,,1,IDLE,,1,IDLE,,1,IDLE,,1,PROTECTING,Field_4,1,PROTECTING,Field_5,1,PROTECTING,Field_5,1,PROTECTING,Field_2,1,IDLE,,1,MOVING_TO_FIELD,Field_4,15,0.11,0,0,2,63,0.19,3,0,3,26,0.08,0,1,1,113,0.23,3,1,3,59,0.06,10,0,-1,71,0.12,0,0,3,64,0.25,0,0,2,0,0.02,0,0,1,11,0.06,0,0,2,13,0.08,0,0,3,46,0.05,0,0,2,8,0.08,0,0,1
193,495,6,0,16,0,2,0,1,PROTECTING,Field_5,1,PROTECTING,Field_5,1,PROTECTING,Field_5,1,PROTECTING,Field_5,1,PROTECTING,Field_5,1,PROTECTING,Field_5,1,PROTECTING,Field_2,1,PROTECTING,Field_5,1,PROTECTING,Field_2,1,PROTECTING,Field_4,1,PROTECTING,Field_4,1,PROTECTING,Field_5,1,MOVING_TO_FIELD,Field_3,1,IDLE,,1,IDLE,,1,IDLE,,1,IDLE,,1,IDLE,,1,PROTECTING,Field_4,1,PROTECTING,Field_5,1,PROTECTING,Field_5,1,PROTECTING,Field_2,1,IDLE,,1,MOVING_TO_FIELD,Field_4,15,0.11,0,0,2,64,0.18,3,0,3,28,0.08,0,1,1,113,0.23,3,1,3,59,0.05,10,0,-1,73,0.12,0,0,3,65,0.26,0,0,2,0,0.02,0,0,1,11,0.08,0,0,2,13,0.08,0,0,3,46,0.07,0,0,2,8,0.10,0,0,1
194,498,6,0,16,0,2,0,1,PROTECTING,Field_5,1,PROTECTING,Field_5,1,PROTECTING,Field_5,1,PROTECTING,Field_5,1,PROTECTING,Field_5,1,PROTECTING,Field_5,1,PROTECTING,Field_2,1,PROTECTING,Field_5,1,PROTECTING,Field_2,1,PROTECTING,Field_4,1,PROTECTING,Field_4,1,PROTECTING,Field_5,1,MOVING_TO_FIELD,Field_3,1,IDLE,,1,IDLE,,1,IDLE,,1,IDLE,,1,IDLE,,1,PROTECTING,Field_4,1,PROTECTING,Field_5,1,PROTECTING,Field_5,1,PROTECTING,Field_2,1,IDLE,,1,MOVING_TO_FIELD,Field_4,15,0.13,0,0,2,66,0.19,3,0,3,28,0.08,0,1,1,113,0.23,3,1,3,59,0.05,10,0,-1,73,0.12,0,0,3,66,0.24,0,0,2,0,0.02,0,0,1,11,0.09,0,0,2,13,0.08,0,0,3,46,0.09,0,0,2,8,0.10,0,0,1
195,500,6,0,16,0,2,0,1,PROTECTING,Field_5,1,PROTECTING,Field_5,1,PROTECTING,Field_5,1,PROTECTING,Field_5,1,PROTECTING,Field_5,1,PROTECTING,Field_5,1,PROTECTING,Field_2,1,PROTECTING,Field_5,1,PROTECTING,Field_2,1,PROTECTING,Field_4,1,PROTECTING,Field_4,1,PROTECTING,Field_5,1,MOVING_TO_FIELD,Field_3,1,IDLE,,1,IDLE,,1,IDLE,,1,IDLE,,1,IDLE,,1,PROTECTING,Field_4,1,PROTECTING,Field_5,1,PROTECTING,Field_5,1,PROTECTING,Field_2,1,IDLE,,1,MOVING_TO_FIELD,Field_4,15,0.13,0,0,2,67,0.20,3,0,3,28,0.08,0,1,1,113,0.23,3,1,3,59,0.06,10,0,-1,73,0.12,0,0,3,67,0.24,0,0,2,0,0.02,0,0,1,11,0.08,0,0,2,13,0.10,0,0,3,46,0.07,0,0,2,8,0.10,0,0,1
196,501,6,0,16,0,2,0,1,PROTECTING,Field_5,1,PROTECTING,Field_5,1,PROTECTING,Field_5,1,PROTECTING,Field_5,1,PROTECTING,Field_5,1,PROTECTING,Field_5,1,PROTECTING,Field_2,1,PROTECTING,Field_5,1,PROTECTING,Field_2,1,PROTECTING,Field_4,1,PROTECTING,Field_4,1,PROTECTING,Field_5,1,MOVING_TO_FIELD,Field_3,1,IDLE,,1,IDLE,,1,IDLE,,1,IDLE,,1,IDLE,,1,PROTECTING,Field_4,1,PROTECTING,Field_5,1,PROTECTING,Field_5,1,PROTECTING,Field_2,1,IDLE,,1,MOVING_TO_FIELD,Field_4,15,0.13,0,0,2,68,0.19,3,0,3,28,0.08,0,1,1,113,0.23,3,1,3,59,0.07,10,0,-1,73,0.12,0,0,3,67,0.25,0,0,2,0,0.02,0,0,1,11,0.07,0,0,2,13,0.10,0,0,3,46,0.07,0,0,2,8,0.10,0,0,1
197,503,6,0,16,0,2,0,1,PROTECTING,Field_5,1,PROTECTING,Field_5,1,PROTECTING,Field_5,1,PROTECTING,Field_5,1,PROTECTING,Field_5,1,PROTECTING,Field_5,1,PROTECTING,Field_2,1,PROTECTING,Field_5,1,PROTECTING,Field_2,1,PROTECTING,Field_4,1,PROTECTING,Field_4,1,PROTECTING,Field_5,1,MOVING_TO_FIELD,Field_3,1,IDLE,,1,IDLE,,1,IDLE,,1,IDLE,,1,IDLE,,1,PROTECTING,Field_4,1,PROTECTING,Field_5,1,PROTECTING,Field_5,1,PROTECTING,Field_2,1,IDLE,,1,MOVING_TO_FIELD,Field_4,15,0.11,0,0,2,69,0.20,3,0,3,28,0.11,0,1,1,113,0.23,3,1,3,59,0.07,10,0,-1,73,0.12,0,0,3,68,0.24,0,0,2,0,0.05,0,0,1,11,0.08,0,0,2,13,0.10,0,0,3,46,0.07,0,0,2,8,0.10,0,0,1
198,504,6,0,16,0,2,0,1,PROTECTING,Field_5,1,PROTECTING,Field_5,1,PROTECTING,Field_5,1,PROTECTING,Field_5,1,PROTECTING,Field_5,1,PROTECTING,Field_5,1,PROTECTING,Field_2,1,PROTECTING,Field_5,1,PROTECTING,Field_2,1,PROTECTING,Field_4,1,PROTECTING,Field_4,1,PROTECTING,Field_5,1,MOVING_TO_FIELD,Field_3,1,IDLE,,1,IDLE,,1,IDLE,,1,IDLE,,1,IDLE,,1,PROTECTING,Field_4,1,PROTECTING,Field_5,1,PROTECTING,Field_5,1,PROTECTING,Field_2,1,IDLE,,1,MOVING_TO_FIELD,Field_4,15,0.11,0,0,2,70,0.18,3,0,3,28,0.09,0,1,1,113,0.23,3,1,3,59,0.07,10,0,-1,73,0.12,0,0,3,68,0.24,0,0,2,0,0.05,0,0,1,11,0.10,0,0,2,13,0.10,0,0,3,46,0.07,0,0,2,8,0.10,0,0,1
199,504,6,0,16,0,2,0,1,PROTECTING,Field_5,1,PROTECTING,Field_5,1,PROTECTING,Field_5,1,PROTECTING,Field_5,1,PROTECTING,Field_5,1,PROTECTING,Field_5,1,PROTECTING,Field_2,1,PROTECTING,Field_5,1,PROTECTING,Field_2,1,PROTECTING,Field_4,1,PROTECTING,Field_4,1,PROTECTING,Field_5,1,MOVING_TO_FIELD,Field_3,1,IDLE,,1,IDLE,,1,IDLE,,1,IDLE,,1,IDLE,,1,PROTECTING,Field_4,1,PROTECTING,Field_5,1,PROTECTING,Field_5,1,PROTECTING,Field_2,1,IDLE,,1,MOVING_TO_FIELD,Field_4,15,0.11,0,0,2,70,0.21,3,0,3,28,0.08,0,1,1,113,0.23,3,1,3,59,0.07,10,0,-1,73,0.11,0,0,3,68,0.23,0,0,2,0,0.05,0,0,1,11,0.08,0,0,2,13,0.10,0,0,3,46,0.09,0,0,2,8,0.08,0,0,1
200,506,6,0,16,0,2,0,1,PROTECTING,Field_5,1,PROTECTING,Field_5,1,PROTECTING,Field_5,1,PROTECTING,Field_5,1,PROTECTING,Field_5,1,PROTECTING,Field_5,1,PROTECTING,Field_2,1,PROTECTING,Field_5,1,PROTECTING,Field_2,1,PROTECTING,Field_4,1,PROTECTING,Field_4,1,PROTECTING,Field_5,1,MOVING_TO_FIELD,Field_3,1,IDLE,,1,IDLE,,1,IDLE,,1,IDLE,,1,IDLE,,1,PROTECTING,Field_4,1,PROTECTING,Field_5,1,PROTECTING,Field_5,1,PROTECTING,Field_2,1,IDLE,,1,MOVING_TO_FIELD,Field_4,15,0.11,0,0,2,71,0.21,3,0,3,28,0.08,0,1,1,113,0.24,3,1,3,59,0.07,10,0,-1,74,0.11,0,0,3,68,0.23,0,0,2,0,0.05,0,0,1,11,0.08,0,0,2,13,0.10,0,0,3,46,0.07,0,0,2,8,0.08,0,0,1
201,508,3,0,16,0,5,0,1,PROTECTING,Field_5,1,PROTECTING,Field_5,1,PROTECTING,Field_5,1,PROTECTING,Field_5,1,PROTECTING,Field_5,1,PROTECTING,Field_5,1,PROTECTING,Field_2,1,PROTECTING,Field_5,1,PROTECTING,Field_2,1,PROTECTING,Field_4,1,PROTECTING,Field_4,1,PROTECTING,Field_5,1,MOVING_TO_FIELD,Field_3,1,MOVING_TO_FIELD,Field_2,1,MOVING_TO_FIELD,Field_2,1,IDLE,,1,MOVING_TO_FIELD,Field_4,1,IDLE,,1,PROTECTING,Field_4,1,PROTECTING,Field_5,1,PROTECTING,Field_5,1,PROTECTING,Field_2,1,IDLE,,1,MOVING_TO_FIELD,Field_4,15,0.13,0,0,2,71,0.22,3,2,3,28,0.08,0,1,1,114,0.24,3,2,3,59,0.06,10,0,-1,74,0.12,0,0,3,69,0.22,0,0,2,0,0.05,0,0,1,11,0.10,0,0,2,13,0.10,0,0,3,46,0.07,0,0,2,8,0.08,0,0,1
202,508,3,0,16,0,5,0,1,PROTECTING,Field_5,1,PROTECTING,Field_5,1,PROTECTING,Field_5,1,PROTECTING,Field_5,1,PROTECTING,Field_5,1,PROTECTING,Field_5,1,PROTECTING,Field_2,1,PROTECTING,Field_5,1,PROTECTING,Field_2,1,PROTECTING,Field_4,1,PROTECTING,Field_4,1,PROTECTING,Field_5,1,MOVING_TO_FIELD,Field_3,1,MOVING_TO_FIELD,Field_2,1,MOVING_TO_FIELD,Field_2,1,IDLE,,1,MOVING_TO_FIELD,Field_4,1,IDLE,,1,PROTECTING,Field_4,1,PROTECTING,Field_5,1,PROTECTING,Field_5,1,PROTECTING,Field_2,1,IDLE,,1,MOVING_TO_FIELD,Field_4,15,0.13,0,0,2,71,0.22,3,2,3,28,0.09,0,1,1,114,0.26,3,2,3,59,0.06,10,0,-1,74,0.12,0,0,3,69,0.21,0,0,2,0,0.05,0,0,1,11,0.11,0,0,2,13,0.10,0,0,3,46,0.09,0,0,2,8,0.08,0,0,1
203,508,3,0,16,0,5,0,1,PROTECTING,Field_5,1,PROTECTING,Field_5,1,PROTECTING,Field_5,1,PROTECTING,Field_5,1,PROTECTING,Field_5,1,PROTECTING,Field_5,1,PROTECTING,Field_2,1,PROTECTING,Field_5,1,PROTECTING,Field_2,1,PROTECTING,Field_4,1,PROTECTING,Field_4,1,PROTECTING,Field_5,1,MOVING_TO_FIELD,Field_3,1,MOVING_TO_FIELD,Field_2,1,MOVING_TO_FIELD,Field_2,1,IDLE,,1,MOVING_TO_FIELD,Field_4,1,IDLE,,1,PROTECTING,Field_4,1,PROTECTING,Field_5,1,PROTECTING,Field_5,1,PROTECTING,Field_2,1,IDLE,,1,MOVING_TO_FIELD,Field_4,15,0.13,0,0,2,71,0.22,3,2,3,28,0.09,0,1,1,114,0.26,3,2,3,59,0.05,10,0,-1,74,0.12,0,0,3,69,0.24,0,0,2,0,0.05,0,0,1,11,0.09,0,0,2,13,0.10,0,0,3,46,0.09,0,0,2,8,0.08,0,0,1
204,509,3,0,16,0,5,0,1,PROTECTING,Field_5,1,PROTECTING,Field_5,1,PROTECTING,Field_5,1,PROTECTING,Field_5,1,PROTECTING,Field_5,1,PROTECTING,Field_5,1,PROTECTING,Field_2,1,PROTECTING,Field_5,1,PROTECTING,Field_2,1,PROTECTING,Field_4,1,PROTECTING,Field_4,1,PROTECTING,Field_5,1,MOVING_TO_FIELD,Field_3,1,MOVING_TO_FIELD,Field_2,1,MOVING_TO_FIELD,Field_2,1,IDLE,,1,MOVING_TO_FIELD,Field_4,1,IDLE,,1,PROTECTING,Field_4,1,PROTECTING,Field_5,1,PROTECTING,Field_5,1,PROTECTING,Field_2,1,IDLE,,1,MOVING_TO_FIELD,Field_4,15,0.13,0,0,2,71,0.22,3,2,3,28,0.11,0,1,1,114,0.26,3,2,3,59,0.05,10,0,-1,74,0.13,0,0,3,70,0.23,0,0,2,0,0.07,0,0,1,11,0.08,0,0,2,13,0.11,0,0,3,46,0.09,0,0,2,8,0.08,0,0,1
205,510,3,0,16,0,5,0,1,PROTECTING,Field_5,1,PROTECTING,Field_5,1,PROTECTING,Field_5,1,PROTECTING,Field_5,1,PROTECTING,Field_5,1,PROTECTING,Field_5,1,PROTECTING,Field_2,1,PROTECTING,Field_5,1,PROTECTING,Field_2,1,PROTECTING,Field_4,1,PROTECTING,Field_4,1,PROTECTING,Field_5,1,MOVING_TO_FIELD,Field_3,1,MOVING_TO_FIELD,Field_2,1,MOVING_TO_FIELD,Field_2,1,IDLE,,1,MOVING_TO_FIELD,Field_4,1,IDLE,,1,PROTECTING,Field_4,1,PROTECTING,Field_5,1,PROTECTING,Field_5,1,PROTECTING,Field_2,1,IDLE,,1,MOVING_TO_FIELD,Field_4,15,0.13,0,0,2,71,0.21,3,2,3,28,0.08,0,1,1,114,0.26,3,2,3,59,0.04,10,0,-1,74,0.13,0,0,3,71,0.24,0,0,2,0,0.07,0,0,1,11,0.10,0,0,2,13,0.13,0,0,3,46,0.11,0,0,2,8,0.08,0,0,1
206,517,3,0,16,0,5,0,1,PROTECTING,Field_5,1,PROTECTING,Field_5,1,PROTECTING,Field_5,1,PROTECTING,Field_5,1,PROTECTING,Field_5,1,PROTECTING,Field_5,1,PROTECTING,Field_2,1,PROTECTING,Field_5,1,PROTECTING,Field_2,1,PROTECTING,Field_4,1,PROTECTING,Field_4,1,PROTECTING,Field_5,1,MOVING_TO_FIELD,Field_3,1,MOVING_TO_FIELD,Field_2,1,MOVING_TO_FIELD,Field_2,1,IDLE,,1,MOVING_TO_FIELD,Field_4,1,IDLE,,1,PROTECTING,Field_4,1,PROTECTING,Field_5,1,PROTECTING,Field_5,1,PROTECTING,Field_2,1,IDLE,,1,MOVING_TO_FIELD,Field_4,15,0.11,0,0,2,72,0.21,3,2,3,28,0.08,0,1,1,115,0.28,3,2,3,59,0.04,10,0,-1,74,0.12,0,0,3,76,0.24,0,0,2,0,0.07,0,0,1,11,0.10,0,0,2,13,0.11,0,0,3,46,0.11,0,0,2,8,0.08,0,0,1
207,521,3,0,16,0,5,0,1,PROTECTING,Field_5,1,PROTECTING,Field_5,1,PROTECTING,Field_5,1,PROTECTING,Field_5,1,PROTECTING,Field_5,1,PROTECTING,Field_5,1,PROTECTING,Field_2,1,PROTECTING,Field_5,1,PROTECTING,Field_2,1,PROTECTING,Field_4,1,PROTECTING,Field_4,1,PROTECTING,Field_5,1,MOVING_TO_FIELD,Field_3,1,MOVING_TO_FIELD,Field_2,1,MOVING_TO_FIELD,Field_2,1,IDLE,,1,MOVING_TO_FIELD,Field_4,1,IDLE,,1,PROTECTING,Field_4,1,PROTECTING,Field_5,1,PROTECTING,Field_5,1,PROTECTING,Field_2,1,IDLE,,1,MOVING_TO_FIELD,Field_4,15,0.11,0,0,2,72,0.21,3,2,3,28,0.07,0,1,1,116,0.28,3,2,3,59,0.03,10,0,-1,74,0.12,0,0,3,79,0.24,0,0,2,0,0.07,0,0,1,11,0.09,0,0,2,13,0.11,0,0,3,46,0.11,0,0,2,8,0.10,0,0,1
208,524,3,0,17,0,4,0,1,PROTECTING,Field_5,1,PROTECTING,Field_5,1,PROTECTING,Field_5,1,PROTECTING,Field_5,1,PROTECTING,Field_5,1,PROTECTING,Field_5,1,PROTECTING,Field_2,1,PROTECTING,Field_5,1,PROTECTING,Field_2,1,PROTECTING,Field_4,1,PROTECTING,Field_4,1,PROTECTING,Field_5,1,MOVING_TO_FIELD,Field_3,1,MOVING_TO_FIELD,Field_2,1,PROTECTING,Field_2,1,IDLE,,1,MOVING_TO_FIELD,Field_4,1,IDLE,,1,PROTECTING,Field_4,1,PROTECTING,Field_5,1,PROTECTING,Field_5,1,PROTECTING,Field_2,1,IDLE,,1,MOVING_TO_FIELD,Field_4,16,0.11,0,0,2,73,0.21,4,1,2,28,0.05,0,1,1,116,0.28,3,2,3,59,0.01,10,0,-1,74,0.12,0,0,3,80,0.23,0,0,2,0,0.07,0,0,1,11,0.09,0,0,2,13,0.11,0,0,3,46,0.12,0,0,2,8,0.10,0,0,1
209,527,3,0,17,0,4,0,1,PROTECTING,Field_5,1,PROTECTING,Field_5,1,PROTECTING,Field_5,1,PROTECTING,Field_5,1,PROTECTING,Field_5,1,PROTECTING,Field_5,1,PROTECTING,Field_2,1,PROTECTING,Field_5,1,PROTECTING,Field_2,1,PROTECTING,Field_4,1,PROTECTING,Field_4,1,PROTECTING,Field_5,1,MOVING_TO_FIELD,Field_3,1,MOVING_TO_FIELD,Field_2,1,PROTECTING,Field_2,1,IDLE,,1,MOVING_TO_FIELD,Field_4,1,IDLE,,1,PROTECTING,Field_4,1,PROTECTING,Field_5,1,PROTECTING,Field_5,1,PROTECTING,Field_2,1,IDLE,,1,MOVING_TO_FIELD,Field_4,16,0.13,0,0,2,74,0.21,4,1,2,28,0.05,0,1,1,117,0.28,3,2,3,59,0.02,10,0,-1,75,0.12,0,0,3,80,0.24,0,0,2,0,0.07,0,0,1,11,0.09,0,0,2,13,0.11,0,0,3,46,0.12,0,0,2,8,0.10,0,0,1
210,528,3,0,17,0,4,0,1,PROTECTING,Field_5,1,PROTECTING,Field_5,1,PROTECTING,Field_5,1,PROTECTING,Field_5,1,PROTECTING,Field_5,1,PROTECTING,Field_5,1,PROTECTING,Field_2,1,PROTECTING,Field_5,1,PROTECTING,Field_2,1,PROTECTING,Field_4,1,PROTECTING,Field_4,1,PROTECTING,Field_5,1,MOVING_TO_FIELD,Field_3,1,MOVING_TO_FIELD,Field_2,1,PROTECTING,Field_2,1,IDLE,,1,MOVING_TO_FIELD,Field_4,1,IDLE,,1,PROTECTING,Field_4,1,PROTECTING,Field_5,1,PROTECTING,Field_5,1,PROTECTING,Field_2,1,IDLE,,1,MOVING_TO_FIELD,Field_4,16,0.15,0,0,2,74,0.21,4,1,2,28,0.04,0,1,1,117,0.27,3,2,3,59,0.02,10,0,-1,75,0.13,0,0,3,81,0.24,0,0,2,0,0.07,0,0,1,11,0.09,0,0,2,13,0.11,0,0,3,46,0.11,0,0,2,8,0.10,0,0,1
211,532,3,0,17,0,4,0,1,PROTECTING,Field_5,1,PROTECTING,Field_5,1,PROTECTING,Field_5,1,PROTECTING,Field_5,1,PROTECTING,Field_5,1,PROTECTING,Field_5,1,PROTECTING,Field_2,1,PROTECTING,Field_5,1,PROTECTING,Field_2,1,PROTECTING,Field_4,1,PROTECTING,Field_4,1,PROTECTING,Field_5,1,MOVING_TO_FIELD,Field_3,1,MOVING_TO_FIELD,Field_2,1,PROTECTING,Field_2,1,IDLE,,1,MOVING_TO_FIELD,Field_4,1,IDLE,,1,PROTECTING,Field_4,1,PROTECTING,Field_5,1,PROTECTING,Field_5,1,PROTECTING,Field_2,1,IDLE,,1,MOVING_TO_FIELD,Field_4,16,0.15,0,0,2,75,0.20,4,1,2,28,0.04,0,1,1,119,0.27,3,2,3,59,0.01,10,0,-1,75,0.13,0,0,3,82,0.24,0,0,2,0,0.07,0,0,1,11,0.10,0,0,2,13,0.10,0,0,3,46,0.11,0,0,2,8,0.10,0,0,1
212,533,3,0,17,0,4,0,1,PROTECTING,Field_5,1,PROTECTING,Field_5,1,PROTECTING,Field_5,1,PROTECTING,Field_5,1,PROTECTING,Field_5,1,PROTECTING,Field_5,1,PROTECTING,Field_2,1,PROTECTING,Field_5,1,PROTECTING,Field_2,1,PROTECTING,Field_4,1,PROTECTING,Field_4,1,PROTECTING,Field_5,1,MOVING_TO_FIELD,Field_3,1,MOVING_TO_FIELD,Field_2,1,PROTECTING,Field_2,1,IDLE,,1,MOVING_TO_FIELD,Field_4,1,IDLE,,1,PROTECTING,Field_4,1,PROTECTING,Field_5,1,PROTECTING,Field_5,1,PROTECTING,Field_2,1,IDLE,,1,MOVING_TO_FIELD,Field_4,16,0.16,0,0,2,75,0.21,4,1,2,28,0.07,0,1,1,119,0.27,3,2,3,59,0.03,10,0,-1,75,0.12,0,0,3,83,0.21,0,0,2,0,0.07,0,0,1,11,0.10,0,0,2,13,0.10,0,0,3,46,0.11,0,0,2,8,0.10,0,0,1
213,537,3,0,17,0,4,0,1,PROTECTING,Field_5,1,PROTECTING,Field_5,1,PROTECTING,Field_5,1,PROTECTING,Field_5,1,PROTECTING,Field_5,1,PROTECTING,Field_5,1,PROTECTING,Field_2,1,PROTECTING,Field_5,1,PROTECTING,Field_2,1,PROTECTING,Field_4,1,PROTECTING,Field_4,1,PROTECTING,Field_5,1,MOVING_TO_FIELD,Field_3,1,MOVING_TO_FIELD,Field_2,1,PROTECTING,Field_2,1,IDLE,,1,MOVING_TO_FIELD,Field_4,1,IDLE,,1,PROTECTING,Field_4,1,PROTECTING,Field_5,1,PROTECTING,Field_5,1,PROTECTING,Field_2,1,IDLE,,1,MOVING_TO_FIELD,Field_4,16,0.16,0,0,2,75,0.22,4,1,2,28,0.07,0,1,1,120,0.28,3,2,3,59,0.04,10,0,-1,75,0.11,0,0,3,85,0.21,0,0,2,0,0.07,0,0,1,11,0.08,0,0,2,13,0.10,0,0,3,46,0.11,0,0,2,9,0.10,0,0,1
214,542,3,0,18,0,3,0,1,PROTECTING,Field_5,1,PROTECTING,Field_5,1,PROTECTING,Field_5,1,PROTECTING,Field_5,1,PROTECTING,Field_5,1,PROTECTING,Field_5,1,PROTECTING,Field_2,1,PROTECTING,Field_5,1,PROTECTING,Field_2,1,PROTECTING,Field_4,1,PROTECTING,Field_4,1,PROTECTING,Field_5,1,PROTECTING,Field_3,1,MOVING_TO_FIELD,Field_2,1,PROTECTING,Field_2,1,IDLE,,1,MOVING_TO_FIELD,Field_4,1,IDLE,,1,PROTECTING,Field_4,1,PROTECTING,Field_5,1,PROTECTING,Field_5,1,PROTECTING,Field_2,1,IDLE,,1,MOVING_TO_FIELD,Field_4,16,0.16,0,0,2,75,0.21,4,1,2,28,0.07,1,0,0,122,0.27,3,2,3,59,0.04,10,0,-1,75,0.12,0,0,3,87,0.21,0,0,2,0,0.07,0,0,1,11,0.08,0,0,2,13,0.10,0,0,3,47,0.11,0,0,2,9,0.08,0,0,1
215,544,3,0,18,0,3,0,1,PROTECTING,Field_5,1,PROTECTING,Field_5,1,PROTECTING,Field_5,1,PROTECTING,Field_5,1,PROTECTING,Field_5,1,PROTECTING,Field_5,1,PROTECTING,Field_2,1,PROTECTING,Field_5,1,PROTECTING,Field_2,1,PROTECTING,Field_4,1,PROTECTING,Field_4,1,PROTECTING,Field_5,1,PROTECTING,Field_3,1,MOVING_TO_FIELD,Field_2,1,PROTECTING,Field_2,1,IDLE,,1,MOVING_TO_FIELD,Field_4,1,IDLE,,1,PROTECTING,Field_4,1,PROTECTING,Field_5,1,PROTECTING,Field_5,1,PROTECTING,Field_2,1,IDLE,,1,MOVING_TO_FIELD,Field_4,16,0.16,0,0,2,75,0.21,4,1,2,28,0.07,1,0,0,123,0.28,3,2,3,59,0.04,10,0,-1,75,0.12,0,0,3,87,0.21,0,0,2,0,0.07,0,0,1,11,0.09,0,0,2,13,0.10,0,0,3,48,0.11,0,0,2,9,0.08,0,0,1
216,546,3,0,18,0,3,0,1,PROTECTING,Field_5,1,PROTECTING,Field_5,1,PROTECTING,Field_5,1,PROTECTING,Field_5,1,PROTECTING,Field_5,1,PROTECTING,Field_5,1,PROTECTING,Field_2,1,PROTECTING,Field_5,1,PROTECTING,Field_2,1,PROTECTING,Field_4,1,PROTECTING,Field_4,1,PROTECTING,Field_5,1,PROTECTING,Field_3,1,MOVING_TO_FIELD,Field_2,1,PROTECTING,Field_2,1,IDLE,,1,MOVING_TO_FIELD,Field_4,1,IDLE,,1,PROTECTING,Field_4,1,PROTECTING,Field_5,1,PROTECTING,Field_5,1,PROTECTING,Field_2,1,IDLE,,1,MOVING_TO_FIELD,Field_4,16,0.15,0,0,2,76,0.22,4,1,2,28,0.07,1,0,0,123,0.30,3,2,3,59,0.03,10,0,-1,75,0.12,0,0,3,88,0.21,0,0,2,0,0.07,0,0,1,11,0.08,0,0,2,13,0.08,0,0,3,48,0.11,0,0,2,9,0.08,0,0,1
217,549,3,0,18,0,3,0,1,PROTECTING,Field_5,1,PROTECTING,Field_5,1,PROTECTING,Field_5,1,PROTECTING,Field_5,1,PROTECTING,Field_5,1,PROTECTING,Field_5,1,PROTECTING,Field_2,1,PROTECTING,Field_5,1,PROTECTING,Field_2,1,PROTECTING,Field_4,1,PROTECTING,Field_4,1,PROTECTING,Field_5,1,PROTECTING,Field_3,1,MOVING_TO_FIELD,Field_2,1,PROTECTING,Field_2,1,IDLE,,1,MOVING_TO_FIELD,Field_4,1,IDLE,,1,PROTECTING,Field_4,1,PROTECTING,Field_5,1,PROTECTING,Field_5,1,PROTECTING,Field_2,1,IDLE,,1,MOVING_TO_FIELD,Field_4,16,0.16,0,0,2,77,0.22,4,1,2,28,0.04,1,0,0,123,0.31,3,2,3,59,0.03,10,0,-1,75,0.12,0,0,3,90,0.19,0,0,2,0,0.07,0,0,1,11,0.07,0,0,2,13,0.08,0,0,3,48,0.11,0,0,2,9,0.08,0,0,1
218,555,3,0,18,0,3,0,1,PROTECTING,Field_5,1,PROTECTING,Field_5,1,PROTECTING,Field_5,1,PROTECTING,Field_5,1,PROTECTING,Field_5,1,PROTECTING,Field_5,1,PROTECTING,Field_2,1,PROTECTING,Field_5,1,PROTECTING,Field_2,1,PROTECTING,Field_4,1,PROTECTING,Field_4,1,PROTECTING,Field_5,1,PROTECTING,Field_3,1,MOVING_TO_FIELD,Field_2,1,PROTECTING,Field_2,1,IDLE,,1,MOVING_TO_FIELD,Field_4,1,IDLE,,1,PROTECTING,Field_4,1,PROTECTING,Field_5,1,PROTECTING,Field_5,1,PROTECTING,Field_2,1,IDLE,,1,MOVING_TO_FIELD,Field_4,17,0.18,0,0,2,78,0.22,4,1,2,28,0.04,1,0,0,124,0.30,3,2,3,59,0.03,10,0,-1,75,0.12,0,0,3,91,0.19,0,0,2,0,0.07,0,0,1,11,0.08,0,0,2,15,0.08,0,0,3,48,0.14,0,0,2,9,0.08,0,0,1
219,557,3,0,18,0,3,0,1,PROTECTING,Field_5,1,PROTECTING,Field_5,1,PROTECTING,Field_5,1,PROTECTING,Field_5,1,PROTECTING,Field_5,1,PROTECTING,Field_5,1,PROTECTING,Field_2,1,PROTECTING,Field_5,1,PROTECTING,Field_2,1,PROTECTING,Field_4,1,PROTECTING,Field_4,1,PROTECTING,Field_5,1,PROTECTING,Field_3,1,MOVING_TO_FIELD,Field_2,1,PROTECTING,Field_2,1,IDLE,,1,MOVING_TO_FIELD,Field_4,1,IDLE,,1,PROTECTING,Field_4,1,PROTECTING,Field_5,1,PROTECTING,Field_5,1,PROTECTING,Field_2,1,IDLE,,1,MOVING_TO_FIELD,Field_4,17,0.18,0,0,2,79,0.24,4,1,2,28,0.04,1,0,0,124,0.32,3,2,3,59,0.03,10,0,-1,75,0.13,0,0,3,92,0.19,0,0,2,0,0.10,0,0,1,11,0.07,0,0,2,15,0.10,0,0,3,48,0.12,0,0,2,9,0.08,0,0,1
220,562,3,0,18,0,3,0,1,PROTECTING,Field_5,1,PROTECTING,Field_5,1,PROTECTING,Field_5,1,PROTECTING,Field_5,1,PROTECTING,Field_5,1,PROTECTING,Field_5,1,PROTECTING,Field_2,1,PROTECTING,Field_5,1,PROTECTING,Field_2,1,PROTECTING,Field_4,1,PROTECTING,Field_4,1,PROTECTING,Field_5,1,PROTECTING,Field_3,1,MOVING_TO_FIELD,Field_2,1,PROTECTING,Field_2,1,IDLE,,1,MOVING_TO_FIELD,Field_4,1,IDLE,,1,PROTECTING,Field_4,1,PROTECTING,Field_5,1,PROTECTING,Field_5,1,PROTECTING,Field_2,1,IDLE,,1,MOVING_TO_FIELD,Field_4,18,0.18,0,0,2,81,0.24,4,1,2,28,0.04,1,0,0,125,0.32,3,2,3,59,0.04,10,0,-1,75,0.14,0,0,3,93,0.18,0,0,2,0,0.10,0,0,1,11,0.06,0,0,2,15,0.10,0,0,3,48,0.12,0,0,2,9,0.08,0,0,1
221,563,3,0,18,0,3,0,1,PROTECTING,Field_5,1,PROTECTING,Field_5,1,PROTECTING,Field_5,1,PROTECTING,Field_5,1,PROTECTING,Field_5,1,PROTECTING,Field_5,1,PROTECTING,Field_2,1,PROTECTING,Field_5,1,PROTECTING,Field_2,1,PROTECTING,Field_4,1,PROTECTING,Field_4,1,PROTECTING,Field_5,1,PROTECTING,Field_3,1,MOVING_TO_FIELD,Field_2,1,PROTECTING,Field_2,1,IDLE,,1,MOVING_TO_FIELD,Field_4,1,IDLE,,1,PROTECTING,Field_4,1,PROTECTING,Field_5,1,PROTECTING,Field_5,1,PROTECTING,Field_2,1,IDLE,,1,MOVING_TO_FIELD,Field_4,18,0.16,0,0,2,81,0.21,4,1,2,28,0.05,1,0,0,125,0.30,3,2,3,59,0.04,10,0,-1,75,0.14,0,0,3,94,0.19,0,0,2,0,0.07,0,0,1,11,0.06,0,0,2,15,0.10,0,0,3,48,0.12,0,0,2,9,0.08,0,0,1
222,565,3,0,19,0,2,0,1,PROTECTING,Field_5,1,PROTECTING,Field_5,1,PROTECTING,Field_5,1,PROTECTING,Field_5,1,PROTECTING,Field_5,1,PROTECTING,Field_5,1,PROTECTING,Field_2,1,PROTECTING,Field_5,1,PROTECTING,Field_2,1,PROTECTING,Field_4,1,PROTECTING,Field_4,1,PROTECTING,Field_5,1,PROTECTING,Field_3,1,MOVING_TO_FIELD,Field_2,1,PROTECTING,Field_2,1,IDLE,,1,MOVING_TO_FIELD,Field_4,1,IDLE,,1,PROTECTING,Field_4,1,PROTECTING,Field_5,1,PROTECTING,Field_5,1,PROTECTING,Field_2,1,IDLE,,1,PROTECTING,Field_4,19,0.16,0,0,2,82,0.22,4,1,2,28,0.05,1,0,0,125,0.30,4,1,2,59,0.04,10,0,-1,75,0.14,0,0,3,94,0.19,0,0,2,0,0.07,0,0,1,11,0.05,0,0,2,15,0.10,0,0,3,48,0.12,0,0,2,9,0.08,0,0,1
223,569,3,0,19,0,2,0,1,PROTECTING,Field_5,1,PROTECTING,Field_5,1,PROTECTING,Field_5,1,PROTECTING,Field_5,1,PROTECTING,Field_5,1,PROTECTING,Field_5,1,PROTECTING,Field_2,1,PROTECTING,Field_5,1,PROTECTING,Field_2,1,PROTECTING,Field_4,1,PROTECTING,Field_4,1,PROTECTING,Field_5,1,PROTECTING,Field_3,1,MOVING_TO_FIELD,Field_2,1,PROTECTING,Field_2,1,IDLE,,1,MOVING_TO_FIELD,Field_4,1,IDLE,,1,PROTECTING,Field_4,1,PROTECTING,Field_5,1,PROTECTING,Field_5,1,PROTECTING,Field_2,1,IDLE,,1,PROTECTING,Field_4,20,0.18,0,0,2,82,0.21,4,1,2,28,0.04,1,0,0,125,0.30,4,1,2,59,0.04,10,0,-1,75,0.14,0,0,3,95,0.20,0,0,2,0,0.07,0,0,1,12,0.05,0,0,2,15,0.10,0,0,3,49,0.14,0,0,2,9,0.08,0,0,1
224,571,3,0,19,0,2,0,1,PROTECTING,Field_5,1,PROTECTING,Field_5,1,PROTECTING,Field_5,1,PROTECTING,Field_5,1,PROTECTING,Field_5,1,PROTECTING,Field_5,1,PROTECTING,Field_2,1,PROTECTING,Field_5,1,PROTECTING,Field_2,1,PROTECTING,Field_4,1,PROTECTING,Field_4,1,PROTECTING,Field_5,1,PROTECTING,Field_3,1,MOVING_TO_FIELD,Field_2,1,PROTECTING,Field_2,1,IDLE,,1,MOVING_TO_FIELD,Field_4,1,IDLE,,1,PROTECTING,Field_4,1,PROTECTING,Field_5,1,PROTECTING,Field_5,1,PROTECTING,Field_2,1,IDLE,,1,PROTECTING,Field_4,20,0.18,0,0,2,83,0.22,4,1,2,28,0.04,1,0,0,125,0.30,4,1,2,59,0.04,10,0,-1,75,0.15,0,0,3,96,0.20,0,0,2,0,0.05,0,0,1,12,0.07,0,0,2,15,0.10,0,0,3,49,0.14,0,0,2,9,0.08,0,0,1
225,572,3,0,19,0,2,0,1,PROTECTING,Field_5,1,PROTECTING,Field_5,1,PROTECTING,Field_5,1,PROTECTING,Field_5,1,PROTECTING,Field_5,1,PROTECTING,Field_5,1,PROTECTING,Field_2,1,PROTECTING,Field_5,1,PROTECTING,Field_2,1,PROTECTING,Field_4,1,PROTECTING,Field_4,1,PROTECTING,Field_5,1,PROTECTING,Field_3,1,MOVING_TO_FIELD,Field_2,1,PROTECTING,Field_2,1,IDLE,,1,MOVING_TO_FIELD,Field_4,1,IDLE,,1,PROTECTING,Field_4,1,PROTECTING,Field_5,1,PROTECTING,Field_5,1,PROTECTING,Field_2,1,IDLE,,1,PROTECTING,Field_4,21,0.18,0,0,2,83,0.22,4,1,2,28,0.05,1,0,0,125,0.28,4,1,2,59,0.04,10,0,-1,75,0.15,0,0,3,96,0.21,0,0,2,0,0.05,0,0,1,12,0.08,0,0,2,15,0.08,0,0,3,49,0.16,0,0,2,9,0.08,0,0,1
226,574,3,0,19,0,2,0,1,PROTECTING,Field_5,1,PROTECTING,Field_5,1,PROTECTING,Field_5,1,PROTECTING,Field_5,1,PROTECTING,Field_5,1,PROTECTING,Field_5,1,PROTECTING,Field_2,1,PROTECTING,Field_5,1,PROTECTING,Field_2,1,PROTECTING,Field_4,1,PROTECTING,Field_4,1,PROTECTING,Field_5,1,PROTECTING,Field_3,1,MOVING_TO_FIELD,Field_2,1,PROTECTING,Field_2,1,IDLE,,1,MOVING_TO_FIELD,Field_4,1,IDLE,,1,PROTECTING,Field_4,1,PROTECTING,Field_5,1,PROTECTING,Field_5,1,PROTECTING,Field_2,1,IDLE,,1,PROTECTING,Field_4,21,0.18,0,0,2,84,0.22,4,1,2,28,0.04,1,0,0,126,0.28,4,1,2,59,0.04,10,0,-1,75,0.15,0,0,3,96,0.19,0,0,2,0,0.02,0,0,1,12,0.08,0,0,2,15,0.08,0,0,3,49,0.16,0,0,2,9,0.08,0,0,1
227,576,3,0,19,0,2,0,1,PROTECTING,Field_5,1,PROTECTING,Field_5,1,PROTECTING,Field_5,1,PROTECTING,Field_5,1,PROTECTING,Field_5,1,PROTECTING,Field_5,1,PROTECTING,Field_2,1,PROTECTING,Field_5,1,PROTECTING,Field_2,1,PROTECTING,Field_4,1,PROTECTING,Field_4,1,PROTECTING,Field_5,1,PROTECTING,Field_3,1,MOVING_TO_FIELD,Field_2,1,PROTECTING,Field_2,1,IDLE,,1,MOVING_TO_FIELD,Field_4,1,IDLE,,1,PROTECTING,Field_4,1,PROTECTING,Field_5,1,PROTECTING,Field_5,1,PROTECTING,Field_2,1,IDLE,,1,PROTECTING,Field_4,21,0.18,0,0,2,84,0.22,4,1,2,28,0.03,1,0,0,126,0.27,4,1,2,59,0.04,10,0,-1,77,0.15,0,0,3,96,0.19,0,0,2,0,0.02,0,0,1,12,0.09,0,0,2,15,0.08,0,0,3,49,0.16,0,0,2,9,0.08,0,0,1
228,580,3,0,19,0,2,0,1,PROTECTING,Field_5,1,PROTECTING,Field_5,1,PROTECTING,Field_5,1,PROTECTING,Field_5,1,PROTECTING,Field_5,1,PROTECTING,Field_5,1,PROTECTING,Field_2,1,PROTECTING,Field_5,1,PROTECTING,Field_2,1,PROTECTING,Field_4,1,PROTECTING,Field_4,1,PROTECTING,Field_5,1,PROTECTING,Field_3,1,MOVING_TO_FIELD,Field_2,1,PROTECTING,Field_2,1,IDLE,,1,MOVING_TO_FIELD,Field_4,1,IDLE,,1,PROTECTING,Field_4,1,PROTECTING,Field_5,1,PROTECTING,Field_5,1,PROTECTING,Field_2,1,IDLE,,1,PROTECTING,Field_4,21,0.19,0,0,2,85,0.21,4,1,2,28,0.04,1,0,0,127,0.27,4,1,2,59,0.04,10,0,-1,77,0.15,0,0,3,98,0.19,0,0,2,0,0.02,0,0,1,12,0.09,0,0,2,15,0.10,0,0,3,49,0.20,0,0,2,9,0.08,0,0,1
229,585,3,0,19,0,2,0,1,PROTECTING,Field_5,1,PROTECTING,Field_5,1,PROTECTING,Field_5,1,PROTECTING,Field_5,1,PROTECTING,Field_5,1,PROTECTING,Field_5,1,PROTECTING,Field_2,1,PROTECTING,Field_5,1,PROTECTING,Field_2,1,PROTECTING,Field_4,1,PROTECTING,Field_4,1,PROTECTING,Field_5,1,PROTECTING,Field_3,1,MOVING_TO_FIELD,Field_2,1,PROTECTING,Field_2,1,IDLE,,1,MOVING_TO_FIELD,Field_4,1,IDLE,,1,PROTECTING,Field_4,1,PROTECTING,Field_5,1,PROTECTING,Field_5,1,PROTECTING,Field_2,1,IDLE,,1,PROTECTING,Field_4,23,0.19,0,0,2,86,0.20,4,1,2,28,0.04,1,0,0,127,0.27,4,1,2,59,0.04,10,0,-1,78,0.15,0,0,3,99,0.21,0,0,2,0,0.02,0,0,1,12,0.09,0,0,2,15,0.11,0,0,3,49,0.20,0,0,2,9,0.08,0,0,1
230,589,3,0,19,0,2,0,1,PROTECTING,Field_5,1,PROTECTING,Field_5,1,PROTECTING,Field_5,1,PROTECTING,Field_5,1,PROTECTING,Field_5,1,PROTECTING,Field_5,1,PROTECTING,Field_2,1,PROTECTING,Field_5,1,PROTECTING,Field_2,1,PROTECTING,Field_4,1,PROTECTING,Field_4,1,PROTECTING,Field_5,1,PROTECTING,Field_3,1,MOVING_TO_FIELD,Field_2,1,PROTECTING,Field_2,1,IDLE,,1,MOVING_TO_FIELD,Field_4,1,IDLE,,1,PROTECTING,Field_4,1,PROTECTING,Field_5,1,PROTECTING,Field_5,1,PROTECTING,Field_2,1,IDLE,,1,PROTECTING,Field_4,25,0.18,0,0,2,86,0.21,4,1,2,28,0.04,1,0,0,128,0.28,4,1,2,59,0.04,10,0,-1,78,0.16,0,0,3,100,0.20,0,0,2,0,0.02,0,0,1,12,0.09,0,0,2,15,0.11,0,0,3,49,0.18,0,0,2,9,0.08,0,0,1
231,592,4,0,19,0,1,0,1,PROTECTING,Field_5,1,PROTECTING,Field_5,1,PROTECTING,Field_5,1,PROTECTING,Field_5,1,PROTECTING,Field_5,1,PROTECTING,Field_5,1,PROTECTING,Field_2,1,PROTECTING,Field_5,1,PROTECTING,Field_2,1,PROTECTING,Field_4,1,PROTECTING,Field_4,1,PROTECTING,Field_5,1,PROTECTING,Field_3,1,IDLE,,1,PROTECTING,Field_2,1,IDLE,,1,MOVING_TO_FIELD,Field_4,1,IDLE,,1,PROTECTING,Field_4,1,PROTECTING,Field_5,1,PROTECTING,Field_5,1,PROTECTING,Field_2,1,IDLE,,1,PROTECTING,Field_4,25,0.18,0,0,2,86,0.20,4,0,2,28,0.04,1,0,0,128,0.28,4,1,2,59,0.03,10,0,-1,80,0.15,0,0,3,101,0.19,0,0,2,0,0.02,0,0,1,12,0.09,0,0,2,15,0.13,0,0,3,49,0.18,0,0,2,9,0.08,0,0,1
232,593,4,0,19,0,1,0,1,PROTECTING,Field_5,1,PROTECTING,Field_5,1,PROTECTING,Field_5,1,PROTECTING,Field_5,1,PROTECTING,Field_5,1,PROTECTING,Field_5,1,PROTECTING,Field_2,1,PROTECTING,Field_5,1,PROTECTING,Field_2,1,PROTECTING,Field_4,1,PROTECTING,Field_4,1,PROTECTING,Field_5,1,PROTECTING,Field_3,1,IDLE,,1,PROTECTING,Field_2,1,IDLE,,1,MOVING_TO_FIELD,Field_4,1,IDLE,,1,PROTECTING,Field_4,1,PROTECTING,Field_5,1,PROTECTING,Field_5,1,PROTECTING,Field_2,1,IDLE,,1,PROTECTING,Field_4,25,0.18,0,0,2,86,0.20,4,0,2,28,0.05,1,0,0,128,0.28,4,1,2,59,0.02,10,0,-1,80,0.15,0,0,3,102,0.19,0,0,2,0,0.02,0,0,1,12,0.09,0,0,2,15,0.13,0,0,3,49,0.20,0,0,2,9,0.10,0,0,1
233,594,4,0,20,0,0,0,1,PROTECTING,Field_5,1,PROTECTING,Field_5,1,PROTECTING,Field_5,1,PROTECTING,Field_5,1,PROTECTING,Field_5,1,PROTECTING,Field_5,1,PROTECTING,Field_2,1,PROTECTING,Field_5,1,PROTECTING,Field_2,1,PROTECTING,Field_4,1,PROTECTING,Field_4,1,PROTECTING,Field_5,1,PROTECTING,Field_3,1,IDLE,,1,PROTECTING,Field_2,1,IDLE,,1,PROTECTING,Field_4,1,IDLE,,1,PROTECTING,Field_4,1,PROTECTING,Field_5,1,PROTECTING,Field_5,1,PROTECTING,Field_2,1,IDLE,,1,PROTECTING,Field_4,26,0.18,0,0,2,86,0.20,4,0,2,28,0.05,1,0,0,128,0.28,5,0,1,59,0.02,10,0,-1,80,0.15,0,0,3,102,0.19,0,0,2,0,0.02,0,0,1,12,0.09,0,0,2,15,0.13,0,0,3,49,0.21,0,0,2,9,0.10,0,0,1
234,595,4,0,20,0,0,0,1,PROTECTING,Field_5,1,PROTECTING,Field_5,1,PROTECTING,Field_5,1,PROTECTING,Field_5,1,PROTECTING,Field_5,1,PROTECTING,Field_5,1,PROTECTING,Field_2,1,PROTECTING,Field_5,1,PROTECTING,Field_2,1,PROTECTING,Field_4,1,PROTECTING,Field_4,1,PROTECTING,Field_5,1,PROTECTING,Field_3,1,IDLE,,1,PROTECTING,Field_2,1,IDLE,,1,PROTECTING,Field_4,1,IDLE,,1,PROTECTING,Field_4,1,PROTECTING,Field_5,1,PROTECTING,Field_5,1,PROTECTING,Field_2,1,IDLE,,1,PROTECTING,Field_4,26,0.16,0,0,2,86,0.21,4,0,2,28,0.03,1,0,0,128,0.28,5,0,1,59,0.03,10,0,-1,80,0.14,0,0,3,103,0.19,0,0,2,0,0.02,0,0,1,12,0.08,0,0,2,15,0.13,0,0,3,49,0.23,0,0,2,9,0.10,0,0,1
235,595,4,0,20,0,0,0,1,PROTECTING,Field_5,1,PROTECTING,Field_5,1,PROTECTING,Field_5,1,PROTECTING,Field_5,1,PROTECTING,Field_5,1,PROTECTING,Field_5,1,PROTECTING,Field_2,1,PROTECTING,Field_5,1,PROTECTING,Field_2,1,PROTECTING,Field_4,1,PROTECTING,Field_4,1,PROTECTING,Field_5,1,PROTECTING,Field_3,1,IDLE,,1,PROTECTING,Field_2,1,IDLE,,1,PROTECTING,Field_4,1,IDLE,,1,PROTECTING,Field_4,1,PROTECTING,Field_5,1,PROTECTING,Field_5,1,PROTECTING,Field_2,1,IDLE,,1,PROTECTING,Field_4,26,0.15,0,0,2,86,0.20,4,0,2,28,0.01,1,0,0,128,0.28,5,0,1,59,0.04,10,0,-1,80,0.14,0,0,3,103,0.18,0,0,2,0,0.02,0,0,1,12,0.05,0,0,2,15,0.15,0,0,3,49,0.21,0,0,2,9,0.10,0,0,1
236,601,4,0,20,0,0,0,1,PROTECTING,Field_5,1,PROTECTING,Field_5,1,PROTECTING,Field_5,1,PROTECTING,Field_5,1,PROTECTING,Field_5,1,PROTECTING,Field_5,1,PROTECTING,Field_2,1,PROTECTING,Field_5,1,PROTECTING,Field_2,1,PROTECTING,Field_4,1,PROTECTING,Field_4,1,PROTECTING,Field_5,1,PROTECTING,Field_3,1,IDLE,,1,PROTECTING,Field_2,1,IDLE,,1,PROTECTING,Field_4,1,IDLE,,1,PROTECTING,Field_4,1,PROTECTING,Field_5,1,PROTECTING,Field_5,1,PROTECTING,Field_2,1,IDLE,,1,PROTECTING,Field_4,26,0.15,0,0,2,87,0.21,4,0,2,28,0.01,1,0,0,128,0.28,5,0,1,59,0.04,10,0,-1,84,0.14,0,0,3,103,0.19,0,0,2,0,0.02,0,0,1,12,0.05,0,0,2,15,0.15,0,0,3,50,0.23,0,0,2,9,0.10,0,0,1
237,605,4,0,20,0,0,0,1,PROTECTING,Field_5,1,PROTECTING,Field_5,1,PROTECTING,Field_5,1,PROTECTING,Field_5,1,PROTECTING,Field_5,1,PROTECTING,Field_5,1,PROTECTING,Field_2,1,PROTECTING,Field_5,1,PROTECTING,Field_2,1,PROTECTING,Field_4,1,PROTECTING,Field_4,1,PROTECTING,Field_5,1,PROTECTING,Field_3,1,IDLE,,1,PROTECTING,Field_2,1,IDLE,,1,PROTECTING,Field_4,1,IDLE,,1,PROTECTING,Field_4,1,PROTECTING,Field_5,1,PROTECTING,Field_5,1,PROTECTING,Field_2,1,IDLE,,1,PROTECTING,Field_4,26,0.15,0,0,2,89,0.20,4,0,2,28,0.01,1,0,0,128,0.28,5,0,1,59,0.04,10,0,-1,84,0.14,0,0,3,105,0.18,0,0,2,0,0.02,0,0,1,12,0.06,0,0,2,15,0.13,0,0,3,50,0.23,0,0,2,9,0.10,0,0,1
238,606,4,0,20,0,0,0,1,PROTECTING,Field_5,1,PROTECTING,Field_5,1,PROTECTING,Field_5,1,PROTECTING,Field_5,1,PROTECTING,Field_5,1,PROTECTING,Field_5,1,PROTECTING,Field_2,1,PROTECTING,Field_5,1,PROTECTING,Field_2,1,PROTECTING,Field_4,1,PROTECTING,Field_4,1,PROTECTING,Field_5,1,PROTECTING,Field_3,1,IDLE,,1,PROTECTING,Field_2,1,IDLE,,1,PROTECTING,Field_4,1,IDLE,,1,PROTECTING,Field_4,1,PROTECTING,Field_5,1,PROTECTING,Field_5,1,PROTECTING,Field_2,1,IDLE,,1,PROTECTING,Field_4,26,0.15,0,0,2,89,0.20,4,0,2,28,0.01,1,0,0,128,0.28,5,0,1,59,0.04,10,0,-1,84,0.15,0,0,3,105,0.18,0,0,2,0,0.02,0,0,1,12,0.07,0,0,2,15,0.13,0,0,3,51,0.25,0,0,2,9,0.10,0,0,1
239,611,4,0,20,0,0,0,1,PROTECTING,Field_5,1,PROTECTING,Field_5,1,PROTECTING,Field_5,1,PROTECTING,Field_5,1,PROTECTING,Field_5,1,PROTECTING,Field_5,1,PROTECTING,Field_2,1,PROTECTING,Field_5,1,PROTECTING,Field_2,1,PROTECTING,Field_4,1,PROTECTING,Field_4,1,PROTECTING,Field_5,1,PROTECTING,Field_3,1,IDLE,,1,PROTECTING,Field_2,1,IDLE,,1,PROTECTING,Field_4,1,IDLE,,1,PROTECTING,Field_4,1,PROTECTING,Field_5,1,PROTECTING,Field_5,1,PROTECTING,Field_2,1,IDLE,,1,PROTECTING,Field_4,26,0.13,0,0,2,92,0.20,4,0,2,28,0.01,1,0,0,128,0.28,5,0,1,59,0.05,10,0,-1,84,0.14,0,0,3,107,0.18,0,0,2,0,0.02,0,0,1,12,0.08,0,0,2,15,0.15,0,0,3,51,0.23,0,0,2,9,0.08,0,0,1
240,613,4,0,20,0,0,0,1,PROTECTING,Field_5,1,PROTECTING,Field_5,1,PROTECTING,Field_5,1,PROTECTING,Field_5,1,PROTECTING,Field_5,1,PROTECTING,Field_5,1,PROTECTING,Field_2,1,PROTECTING,Field_5,1,PROTECTING,Field_2,1,PROTECTING,Field_4,1,PROTECTING,Field_4,1,PROTECTING,Field_5,1,PROTECTING,Field_3,1,IDLE,,1,PROTECTING,Field_2,1,IDLE,,1,PROTECTING,Field_4,1,IDLE,,1,PROTECTING,Field_4,1,PROTECTING,Field_5,1,PROTECTING,Field_5,1,PROTECTING,Field_2,1,IDLE,,1,PROTECTING,Field_4,26,0.15,0,0,2,93,0.21,4,0,2,28,0.01,1,0,0,128,0.28,5,0,1,59,0.05,10,0,-1,84,0.16,0,0,3,107,0.17,0,0,2,0,0.02,0,0,1,12,0.09,0,0,2,15,0.15,0,0,3,52,0.23,0,0,2,9,0.08,0,0,1
241,615,6,0,18,0,0,0,1,PROTECTING,Field_5,1,PROTECTING,Field_5,1,PROTECTING,Field_5,1,PROTECTING,Field_5,1,PROTECTING,Field_5,1,PROTECTING,Field_5,1,PROTECTING,Field_2,1,PROTECTING,Field_5,1,PROTECTING,Field_2,1,PROTECTING,Field_4,1,PROTECTING,Field_4,1,PROTECTING,Field_5,1,IDLE,,1,IDLE,,1,PROTECTING,Field_2,1,IDLE,,1,PROTECTING,Field_4,1,IDLE,,1,PROTECTING,Field_4,1,PROTECTING,Field_5,1,PROTECTING,Field_5,1,IDLE,,1,IDLE,,1,PROTECTING,Field_4,26,0.15,0,0,2,94,0.21,3,0,3,28,0.00,0,0,1,129,0.28,5,0,1,59,0.06,10,0,-1,84,0.16,0,0,3,107,0.16,0,0,2,0,0.02,0,0,1,12,0.10,0,0,2,15,0.15,0,0,3,52,0.23,0,0,2,9,0.08,0,0,1
242,616,6,0,18,0,0,0,1,PROTECTING,Field_5,1,PROTECTING,Field_5,1,PROTECTING,Field_5,1,PROTECTING,Field_5,1,PROTECTING,Field_5,1,PROTECTING,Field_5,1,PROTECTING,Field_2,1,PROTECTING,Field_5,1,PROTECTING,Field_2,1,PROTECTING,Field_4,1,PROTECTING,Field_4,1,PROTECTING,Field_5,1,IDLE,,1,IDLE,,1,PROTECTING,Field_2,1,IDLE,,1,PROTECTING,Field_4,1,IDLE,,1,PROTECTING,Field_4,1,PROTECTING,Field_5,1,PROTECTING,Field_5,1,IDLE,,1,IDLE,,1,PROTECTING,Field_4,26,0.15,0,0,2,94,0.21,3,0,3,28,0.00,0,0,1,129,0.30,5,0,1,59,0.07,10,0,-1,84,0.18,0,0,3,108,0.17,0,0,2,0,0.02,0,0,1,12,0.10,0,0,2,15,0.15,0,0,3,52,0.23,0,0,2,9,0.08,0,0,1
243,617,6,0,18,0,0,0,1,PROTECTING,Field_5,1,PROTECTING,Field_5,1,PROTECTING,Field_5,1,PROTECTING,Field_5,1,PROTECTING,Field_5,1,PROTECTING,Field_5,1,PROTECTING,Field_2,1,PROTECTING,Field_5,1,PROTECTING,Field_2,1,PROTECTING,Field_4,1,PROTECTING,Field_4,1,PROTECTING,Field_5,1,IDLE,,1,IDLE,,1,PROTECTING,Field_2,1,IDLE,,1,PROTECTING,Field_4,1,IDLE,,1,PROTECTING,Field_4,1,PROTECTING,Field_5,1,PROTECTING,Field_5,1,IDLE,,1,IDLE,,1,PROTECTING,Field_4,26,0.13,0,0,2,94,0.20,3,0,3,28,0.00,0,0,1,130,0.27,5,0,1,59,0.06,10,0,-1,84,0.18,0,0,3,108,0.18,0,0,2,0,0.00,0,0,1,12,0.10,0,0,2,15,0.13,0,0,3,52,0.23,0,0,2,9,0.08,0,0,1
244,621,6,0,18,0,0,0,1,PROTECTING,Field_5,1,PROTECTING,Field_5,1,PROTECTING,Field_5,1,PROTECTING,Field_5,1,PROTECTING,Field_5,1,PROTECTING,Field_5,1,PROTECTING,Field_2,1,PROTECTING,Field_5,1,PROTECTING,Field_2,1,PROTECTING,Field_4,1,PROTECTING,Field_4,1,PROTECTING,Field_5,1,IDLE,,1,IDLE,,1,PROTECTING,Field_2,1,IDLE,,1,PROTECTING,Field_4,1,IDLE,,1,PROTECTING,Field_4,1,PROTECTING,Field_5,1,PROTECTING,Field_5,1,IDLE,,1,IDLE,,1,PROTECTING,Field_4,26,0.13,0,0,2,94,0.19,3,0,3,28,0.00,0,0,1,130,0.27,5,0,1,59,0.04,10,0,-1,84,0.18,0,0,3,110,0.18,0,0,2,0,0.00,0,0,1,12,0.09,0,0,2,16,0.13,0,0,3,53,0.23,0,0,2,9,0.05,0,0,1
245,625,6,0,18,0,0,0,1,PROTECTING,Field_5,1,PROTECTING,Field_5,1,PROTECTING,Field_5,1,PROTECTING,Field_5,1,PROTECTING,Field_5,1,PROTECTING,Field_5,1,PROTECTING,Field_2,1,PROTECTING,Field_5,1,PROTECTING,Field_2,1,PROTECTING,Field_4,1,PROTECTING,Field_4,1,PROTECTING,Field_5,1,IDLE,,1,IDLE,,1,PROTECTING,Field_2,1,IDLE,,1,PROTECTING,Field_4,1,IDLE,,1,PROTECTING,Field_4,1,PROTECTING,Field_5,1,PROTECTING,Field_5,1,IDLE,,1,IDLE,,1,PROTECTING,Field_4,26,0.13,0,0,2,95,0.18,3,0,3,28,0.00,0,0,1,131,0.26,5,0,1,59,0.04,10,0,-1,84,0.18,0,0,3,111,0.18,0,0,2,0,0.00,0,0,1,12,0.09,0,0,2,16,0.11,0,0,3,54,0.23,0,0,2,9,0.05,0,0,1
246,629,6,0,18,0,0,0,1,PROTECTING,Field_5,1,PROTECTING,Field_5,1,PROTECTING,Field_5,1,PROTECTING,Field_5,1,PROTECTING,Field_5,1,PROTECTING,Field_5,1,PROTECTING,Field_2,1,PROTECTING,Field_5,1,PROTECTING,Field_2,1,PROTECTING,Field_4,1,PROTECTING,Field_4,1,PROTECTING,Field_5,1,IDLE,,1,IDLE,,1,PROTECTING,Field_2,1,IDLE,,1,PROTECTING,Field_4,1,IDLE,,1,PROTECTING,Field_4,1,PROTECTING,Field_5,1,PROTECTING,Field_5,1,IDLE,,1,IDLE,,1,PROTECTING,Field_4,27,0.15,0,0,2,95,0.17,3,0,3,28,0.00,0,0,1,132,0.23,5,0,1,59,0.04,10,0,-1,84,0.18,0,0,3,111,0.18,0,0,2,0,0.00,0,0,1,12,0.10,0,0,2,16,0.10,0,0,3,56,0.23,0,0,2,9,0.05,0,0,1
247,631,6,0,18,0,0,0,1,PROTECTING,Field_5,1,PROTECTING,Field_5,1,PROTECTING,Field_5,1,PROTECTING,Field_5,1,PROTECTING,Field_5,1,PROTECTING,Field_5,1,PROTECTING,Field_2,1,PROTECTING,Field_5,1,PROTECTING,Field_2,1,PROTECTING,Field_4,1,PROTECTING,Field_4,1,PROTECTING,Field_5,1,IDLE,,1,IDLE,,1,PROTECTING,Field_2,1,IDLE,,1,PROTECTING,Field_4,1,IDLE,,1,PROTECTING,Field_4,1,PROTECTING,Field_5,1,PROTECTING,Field_5,1,IDLE,,1,IDLE,,1,PROTECTING,Field_4,27,0.15,0,0,2,95,0.15,3,0,3,28,0.00,0,0,1,132,0.23,5,0,1,59,0.04,10,0,-1,84,0.18,0,0,3,111,0.18,0,0,2,0,0.00,0,0,1,12,0.10,0,0,2,17,0.10,0,0,3,57,0.25,0,0,2,9,0.05,0,0,1
248,633,6,0,18,0,0,0,1,PROTECTING,Field_5,1,PROTECTING,Field_5,1,PROTECTING,Field_5,1,PROTECTING,Field_5,1,PROTECTING,Field_5,1,PROTECTING,Field_5,1,PROTECTING,Field_2,1,PROTECTING,Field_5,1,PROTECTING,Field_2,1,PROTECTING,Field_4,1,PROTECTING,Field_4,1,PROTECTING,Field_5,1,IDLE,,1,IDLE,,1,PROTECTING,Field_2,1,IDLE,,1,PROTECTING,Field_4,1,IDLE,,1,PROTECTING,Field_4,1,PROTECTING,Field_5,1,PROTECTING,Field_5,1,IDLE,,1,IDLE,,1,PROTECTING,Field_4,27,0.15,0,0,2,95,0.16,3,0,3,28,0.00,0,0,1,132,0.22,5,0,1,59,0.04,10,0,-1,84,0.18,0,0,3,113,0.18,0,0,2,0,0.00,0,0,1,12,0.10,0,0,2,17,0.08,0,0,3,57,0.23,0,0,2,9,0.05,0,0,1
249,635,6,0,18,0,0,0,1,PROTECTING,Field_5,1,PROTECTING,Field_5,1,PROTECTING,Field_5,1,PROTECTING,Field_5,1,PROTECTING,Field_5,1,PROTECTING,Field_5,1,PROTECTING,Field_2,1,PROTECTING,Field_5,1,PROTECTING,Field_2,1,PROTECTING,Field_4,1,PROTECTING,Field_4,1,PROTECTING,Field_5,1,IDLE,,1,IDLE,,1,PROTECTING,Field_2,1,IDLE,,1,PROTECTING,Field_4,1,IDLE,,1,PROTECTING,Field_4,1,PROTECTING,Field_5,1,PROTECTING,Field_5,1,IDLE,,1,IDLE,,1,PROTECTING,Field_4,27,0.15,0,0,2,95,0.16,3,0,3,28,0.00,0,0,1,133,0.19,5,0,1,59,0.04,10,0,-1,84,0.15,0,0,3,113,0.17,0,0,2,0,0.00,0,0,1,12,0.10,0,0,2,17,0.07,0,0,3,58,0.25,0,0,2,9,0.05,0,0,1
250,636,6,0,18,0,0,0,1,PROTECTING,Field_5,1,PROTECTING,Field_5,1,PROTECTING,Field_5,1,PROTECTING,Field_5,1,PROTECTING,Field_5,1,PROTECTING,Field_5,1,PROTECTING,Field_2,1,PROTECTING,Field_5,1,PROTECTING,Field_2,1,PROTECTING,Field_4,1,PROTECTING,Field_4,1,PROTECTING,Field_5,1,IDLE,,1,IDLE,,1,PROTECTING,Field_2,1,IDLE,,1,PROTECTING,Field_4,1,IDLE,,1,PROTECTING,Field_4,1,PROTECTING,Field_5,1,PROTECTING,Field_5,1,IDLE,,1,IDLE,,1,PROTECTING,Field_4,27,0.13,0,0,2,95,0.18,3,0,3,28,0.00,0,0,1,133,0.19,5,0,1,59,0.04,10,0,-1,84,0.15,0,0,3,114,0.16,0,0,2,0,0.00,0,0,1,12,0.10,0,0,2,17,0.07,0,0,3,58,0.25,0,0,2,9,0.05,0,0,1
251,638,4,0,18,0,2,0,1,PROTECTING,Field_5,1,PROTECTING,Field_5,1,PROTECTING,Field_5,1,PROTECTING,Field_5,1,PROTECTING,Field_5,1,PROTECTING,Field_5,1,PROTECTING,Field_2,1,PROTECTING,Field_5,1,PROTECTING,Field_2,1,PROTECTING,Field_4,1,PROTECTING,Field_4,1,PROTECTING,Field_5,1,MOVING_TO_FIELD,Field_4,1,MOVING_TO_FIELD,Field_2,1,PROTECTING,Field_2,1,IDLE,,1,PROTECTING,Field_4,1,IDLE,,1,PROTECTING,Field_4,1,PROTECTING,Field_5,1,PROTECTING,Field_5,1,IDLE,,1,IDLE,,1,PROTECTING,Field_4,27,0.11,0,0,2,95,0.17,3,1,3,28,0.00,0,0,1,133,0.19,5,1,1,59,0.04,10,0,-1,85,0.16,0,0,3,114,0.14,0,0,2,0,0.00,0,0,1,12,0.08,0,0,2,17,0.07,0,0,3,59,0.25,0,0,2,9,0.05,0,0,1
252,641,4,0,18,0,2,0,1,PROTECTING,Field_5,1,PROTECTING,Field_5,1,PROTECTING,Field_5,1,PROTECTING,Field_5,1,PROTECTING,Field_5,1,PROTECTING,Field_5,1,PROTECTING,Field_2,1,PROTECTING,Field_5,1,PROTECTING,Field_2,1,PROTECTING,Field_4,1,PROTECTING,Field_4,1,PROTECTING,Field_5,1,MOVING_TO_FIELD,Field_4,1,MOVING_TO_FIELD,Field_2,1,PROTECTING,Field_2,1,IDLE,,1,PROTECTING,Field_4,1,IDLE,,1,PROTECTING,Field_4,1,PROTECTING,Field_5,1,PROTECTING,Field_5,1,IDLE,,1,IDLE,,1,PROTECTING,Field_4,28,0.11,0,0,2,96,0.17,3,1,3,28,0.00,0,0,1,133,0.20,5,1,1,59,0.05,10,0,-1,85,0.16,0,0,3,114,0.13,0,0,2,0,0.00,0,0,1,12,0.08,0,0,2,17,0.07,0,0,3,60,0.25,0,0,2,9,0.05,0,0,1
253,642,4,0,18,0,2,0,1,PROTECTING,Field_5,1,PROTECTING,Field_5,1,PROTECTING,Field_5,1,PROTECTING,Field_5,1,PROTECTING,Field_5,1,PROTECTING,Field_5,1,PROTECTING,Field_2,1,PROTECTING,Field_5,1,PROTECTING,Field_2,1,PROTECTING,Field_4,1,PROTECTING,Field_4,1,PROTECTING,Field_5,1,MOVING_TO_FIELD,Field_4,1,MOVING_TO_FIELD,Field_2,1,PROTECTING,Field_2,1,IDLE,,1,PROTECTING,Field_4,1,IDLE,,1,PROTECTING,Field_4,1,PROTECTING,Field_5,1,PROTECTING,Field_5,1,IDLE,,1,IDLE,,1,PROTECTING,Field_4,28,0.11,0,0,2,96,0.18,3,1,3,28,0.00,0,0,1,133,0.20,5,1,1,59,0.05,10,0,-1,85,0.18,0,0,3,114,0.14,0,0,2,0,0.00,0,0,1,12,0.09,0,0,2,17,0.07,0,0,3,61,0.25,0,0,2,9,0.05,0,0,1
254,644,4,0,18,0,2,0,1,PROTECTING,Field_5,1,PROTECTING,Field_5,1,PROTECTING,Field_5,1,PROTECTING,Field_5,1,PROTECTING,Field_5,1,PROTECTING,Field_5,1,PROTECTING,Field_2,1,PROTECTING,Field_5,1,PROTECTING,Field_2,1,PROTECTING,Field_4,1,PROTECTING,Field_4,1,PROTECTING,Field_5,1,MOVING_TO_FIELD,Field_4,1,MOVING_TO_FIELD,Field_2,1,PROTECTING,Field_2,1,IDLE,,1,PROTECTING,Field_4,1,IDLE,,1,PROTECTING,Field_4,1,PROTECTING,Field_5,1,PROTECTING,Field_5,1,IDLE,,1,IDLE,,1,PROTECTING,Field_4,29,0.11,0,0,2,96,0.19,3,1,3,28,0.01,0,0,1,133,0.22,5,1,1,59,0.04,10,0,-1,86,0.19,0,0,3,114,0.14,0,0,2,0,0.00,0,0,1,12,0.10,0,0,2,17,0.07,0,0,3,61,0.25,0,0,2,9,0.05,0,0,1
255,645,4,0,19,0,1,0,1,PROTECTING,Field_5,1,PROTECTING,Field_5,1,PROTECTING,Field_5,1,PROTECTING,Field_5,1,PROTECTING,Field_5,1,PROTECTING,Field_5,1,PROTECTING,Field_2,1,PROTECTING,Field_5,1,PROTECTING,Field_2,1,PROTECTING,Field_4,1,PROTECTING,Field_4,1,PROTECTING,Field_5,1,MOVING_TO_FIELD,Field_4,1,PROTECTING,Field_2,1,PROTECTING,Field_2,1,IDLE,,1,PROTECTING,Field_4,1,IDLE,,1,PROTECTING,Field_4,1,PROTECTING,Field_5,1,PROTECTING,Field_5,1,IDLE,,1,IDLE,,1,PROTECTING,Field_4,29,0.11,0,0,2,96,0.19,4,0,2,28,0.01,0,0,1,133,0.22,5,1,1,59,0.04,10,0,-1,86,0.19,0,0,3,114,0.13,0,0,2,0,0.02,0,0,1,12,0.11,0,0,2,17,0.07,0,0,3,62,0.25,0,0,2,9,0.05,0,0,1
256,648,4,0,19,0,1,0,1,PROTECTING,Field_5,1,PROTECTING,Field_5,1,PROTECTING,Field_5,1,PROTECTING,Field_5,1,PROTECTING,Field_5,1,PROTECTING,Field_5,1,PROTECTING,Field_2,1,PROTECTING,Field_5,1,PROTECTING,Field_2,1,PROTECTING,Field_4,1,PROTECTING,Field_4,1,PROTECTING,Field_5,1,MOVING_TO_FIELD,Field_4,1,PROTECTING,Field_2,1,PROTECTING,Field_2,1,IDLE,,1,PROTECTING,Field_4,1,IDLE,,1,PROTECTING,Field_4,1,PROTECTING,Field_5,1,PROTECTING,Field_5,1,IDLE,,1,IDLE,,1,PROTECTING,Field_4,29,0.11,0,0,2,96,0.18,4,0,2,28,0.03,0,0,1,134,0.20,5,1,1,59,0.05,10,0,-1,86,0.18,0,0,3,115,0.12,0,0,2,0,0.02,0,0,1,12,0.11,0,0,2,17,0.07,0,0,3,63,0.21,0,0,2,9,0.05,0,0,1
257,650,4,0,19,0,1,0,1,PROTECTING,Field_5,1,PROTECTING,Field_5,1,PROTECTING,Field_5,1,PROTECTING,Field_5,1,PROTECTING,Field_5,1,PROTECTING,Field_5,1,PROTECTING,Field_2,1,PROTECTING,Field_5,1,PROTECTING,Field_2,1,PROTECTING,Field_4,1,PROTECTING,Field_4,1,PROTECTING,Field_5,1,MOVING_TO_FIELD,Field_4,1,PROTECTING,Field_2,1,PROTECTING,Field_2,1,IDLE,,1,PROTECTING,Field_4,1,IDLE,,1,PROTECTING,Field_4,1,PROTECTING,Field_5,1,PROTECTING,Field_5,1,IDLE,,1,IDLE,,1,PROTECTING,Field_4,29,0.11,0,0,2,96,0.18,4,0,2,28,0.03,0,0,1,134,0.20,5,1,1,59,0.06,10,0,-1,87,0.18,0,0,3,116,0.12,0,0,2,0,0.02,0,0,1,12,0.12,0,0,2,17,0.08,0,0,3,63,0.21,0,0,2,9,0.05,0,0,1
258,651,4,0,19,0,1,0,1,PROTECTING,Field_5,1,PROTECTING,Field_5,1,PROTECTING,Field_5,1,PROTECTING,Field_5,1,PROTECTING,Field_5,1,PROTECTING,Field_5,1,PROTECTING,Field_2,1,PROTECTING,Field_5,1,PROTECTING,Field_2,1,PROTECTING,Field_4,1,PROTECTING,Field_4,1,PROTECTING,Field_5,1,MOVING_TO_FIELD,Field_4,1,PROTECTING,Field_2,1,PROTECTING,Field_2,1,IDLE,,1,PROTECTING,Field_4,1,IDLE,,1,PROTECTING,Field_4,1,PROTECTING,Field_5,1,PROTECTING,Field_5,1,IDLE,,1,IDLE,,1,PROTECTING,Field_4,29,0.13,0,0,2,96,0.18,4,0,2,28,0.03,0,0,1,134,0.20,5,1,1,59,0.04,10,0,-1,88,0.18,0,0,3,116,0.12,0,0,2,0,0.02,0,0,1,12,0.13,0,0,2,17,0.08,0,0,3,63,0.20,0,0,2,9,0.05,0,0,1
259,652,4,0,19,0,1,0,1,PROTECTING,Field_5,1,PROTECTING,Field_5,1,PROTECTING,Field_5,1,PROTECTING,Field_5,1,PROTECTING,Field_5,1,PROTECTING,Field_5,1,PROTECTING,Field_2,1,PROTECTING,Field_5,1,PROTECTING,Field_2,1,PROTECTING,Field_4,1,PROTECTING,Field_4,1,PROTECTING,Field_5,1,MOVING_TO_FIELD,Field_4,1,PROTECTING,Field_2,1,PROTECTING,Field_2,1,IDLE,,1,PROTECTING,Field_4,1,IDLE,,1,PROTECTING,Field_4,1,PROTECTING,Field_5,1,PROTECTING,Field_5,1,IDLE,,1,IDLE,,1,PROTECTING,Field_4,29,0.13,0,0,2,96,0.18,4,0,2,28,0.03,0,0,1,135,0.19,5,1,1,59,0.05,10,0,-1,88,0.18,0,0,3,116,0.15,0,0,2,0,0.00,0,0,1,12,0.13,0,0,2,17,0.08,0,0,3,63,0.20,0,0,2,9,0.05,0,0,1
260,652,4,0,19,0,1,0,1,PROTECTING,Field_5,1,PROTECTING,Field_5,1,PROTECTING,Field_5,1,PROTECTING,Field_5,1,PROTECTING,Field_5,1,PROTECTING,Field_5,1,PROTECTING,Field_2,1,PROTECTING,Field_5,1,PROTECTING,Field_2,1,PROTECTING,Field_4,1,PROTECTING,Field_4,1,PROTECTING,Field_5,1,MOVING_TO_FIELD,Field_4,1,PROTECTING,Field_2,1,PROTECTING,Field_2,1,IDLE,,1,PROTECTING,Field_4,1,IDLE,,1,PROTECTING,Field_4,1,PROTECTING,Field_5,1,PROTECTING,Field_5,1,IDLE,,1,IDLE,,1,PROTECTING,Field_4,29,0.13,0,0,2,96,0.19,4,0,2,28,0.03,0,0,1,135,0.19,5,1,1,59,0.05,10,0,-1,88,0.18,0,0,3,116,0.15,0,0,2,0,0.00,0,0,1,12,0.14,0,0,2,17,0.07,0,0,3,63,0.16,0,0,2,9,0.05,0,0,1
261,653,4,0,19,0,1,0,1,PROTECTING,Field_5,1,PROTECTING,Field_5,1,PROTECTING,Field_5,1,PROTECTING,Field_5,1,PROTECTING,Field_5,1,PROTECTING,Field_5,1,PROTECTING,Field_2,1,PROTECTING,Field_5,1,PROTECTING,Field_2,1,PROTECTING,Field_4,1,PROTECTING,Field_4,1,PROTECTING,Field_5,1,MOVING_TO_FIELD,Field_4,1,PROTECTING,Field_2,1,PROTECTING,Field_2,1,IDLE,,1,PROTECTING,Field_4,1,IDLE,,1,PROTECTING,Field_4,1,PROTECTING,Field_5,1,PROTECTING,Field_5,1,IDLE,,1,IDLE,,1,PROTECTING,Field_4,29,0.15,0,0,2,96,0.18,4,0,2,28,0.03,0,0,1,135,0.18,5,1,1,59,0.04,10,0,-1,89,0.15,0,0,3,116,0.15,0,0,2,0,0.00,0,0,1,12,0.12,0,0,2,17,0.07,0,0,3,63,0.16,0,0,2,9,0.05,0,0,1
262,654,4,0,19,0,1,0,1,PROTECTING,Field_5,1,PROTECTING,Field_5,1,PROTECTING,Field_5,1,PROTECTING,Field_5,1,PROTECTING,Field_5,1,PROTECTING,Field_5,1,PROTECTING,Field_2,1,PROTECTING,Field_5,1,PROTECTING,Field_2,1,PROTECTING,Field_4,1,PROTECTING,Field_4,1,PROTECTING,Field_5,1,MOVING_TO_FIELD,Field_4,1,PROTECTING,Field_2,1,PROTECTING,Field_2,1,IDLE,,1,PROTECTING,Field_4,1,IDLE,,1,PROTECTING,Field_4,1,PROTECTING,Field_5,1,PROTECTING,Field_5,1,IDLE,,1,IDLE,,1,PROTECTING,Field_4,29,0.15,0,0,2,96,0.17,4,0,2,28,0.04,0,0,1,135,0.16,5,1,1,59,0.04,10,0,-1,89,0.15,0,0,3,117,0.15,0,0,2,0,0.00,0,0,1,12,0.12,0,0,2,17,0.07,0,0,3,63,0.16,0,0,2,9,0.05,0,0,1
263,655,4,0,19,0,1,0,1,PROTECTING,Field_5,1,PROTECTING,Field_5,1,PROTECTING,Field_5,1,PROTECTING,Field_5,1,PROTECTING,Field_5,1,PROTECTING,Field_5,1,PROTECTING,Field_2,1,PROTECTING,Field_5,1,PROTECTING,Field_2,1,PROTECTING,Field_4,1,PROTECTING,Field_4,1,PROTECTING,Field_5,1,MOVING_TO_FIELD,Field_4,1,PROTECTING,Field_2,1,PROTECTING,Field_2,1,IDLE,,1,PROTECTING,Field_4,1,IDLE,,1,PROTECTING,Field_4,1,PROTECTING,Field_5,1,PROTECTING,Field_5,1,IDLE,,1,IDLE,,1,PROTECTING,Field_4,29,0.16,0,0,2,96,0.18,4,0,2,28,0.04,0,0,1,135,0.14,5,1,1,59,0.04,10,0,-1,89,0.15,0,0,3,118,0.15,0,0,2,0,0.00,0,0,1,12,0.11,0,0,2,17,0.07,0,0,3,63,0.14,0,0,2,9,0.05,0,0,1
264,656,4,0,19,0,1,0,1,PROTECTING,Field_5,1,PROTECTING,Field_5,1,PROTECTING,Field_5,1,PROTECTING,Field_5,1,PROTECTING,Field_5,1,PROTECTING,Field_5,1,PROTECTING,Field_2,1,PROTECTING,Field_5,1,PROTECTING,Field_2,1,PROTECTING,Field_4,1,PROTECTING,Field_4,1,PROTECTING,Field_5,1,MOVING_TO_FIELD,Field_4,1,PROTECTING,Field_2,1,PROTECTING,Field_2,1,IDLE,,1,PROTECTING,Field_4,1,IDLE,,1,PROTECTING,Field_4,1,PROTECTING,Field_5,1,PROTECTING,Field_5,1,IDLE,,1,IDLE,,1,PROTECTING,Field_4,29,0.16,0,0,2,96,0.18,4,0,2,28,0.05,0,0,1,135,0.14,5,1,1,59,0.05,10,0,-1,90,0.16,0,0,3,118,0.16,0,0,2,0,0.00,0,0,1,12,0.09,0,0,2,17,0.07,0,0,3,63,0.14,0,0,2,9,0.05,0,0,1
265,657,4,0,19,0,1,0,1,PROTECTING,Field_5,1,PROTECTING,Field_5,1,PROTECTING,Field_5,1,PROTECTING,Field_5,1,PROTECTING,Field_5,1,PROTECTING,Field_5,1,PROTECTING,Field_2,1,PROTECTING,Field_5,1,PROTECTING,Field_2,1,PROTECTING,Field_4,1,PROTECTING,Field_4,1,PROTECTING,Field_5,1,MOVING_TO_FIELD,Field_4,1,PROTECTING,Field_2,1,PROTECTING,Field_2,1,IDLE,,1,PROTECTING,Field_4,1,IDLE,,1,PROTECTING,Field_4,1,PROTECTING,Field_5,1,PROTECTING,Field_5,1,IDLE,,1,IDLE,,1,PROTECTING,Field_4,29,0.16,0,0,2,96,0.17,4,0,2,28,0.07,0,0,1,135,0.14,5,1,1,59,0.05,10,0,-1,90,0.15,0,0,3,118,0.16,0,0,2,0,0.00,0,0,1,12,0.10,0,0,2,17,0.07,0,0,3,64,0.16,0,0,2,9,0.05,0,0,1
266,661,4,0,19,0,1,0,1,PROTECTING,Field_5,1,PROTECTING,Field_5,1,PROTECTING,Field_5,1,PROTECTING,Field_5,1,PROTECTING,Field_5,1,PROTECTING,Field_5,1,PROTECTING,Field_2,1,PROTECTING,Field_5,1,PROTECTING,Field_2,1,PROTECTING,Field_4,1,PROTECTING,Field_4,1,PROTECTING,Field_5,1,MOVING_TO_FIELD,Field_4,1,PROTECTING,Field_2,1,PROTECTING,Field_2,1,IDLE,,1,PROTECTING,Field_4,1,IDLE,,1,PROTECTING,Field_4,1,PROTECTING,Field_5,1,PROTECTING,Field_5,1,IDLE,,1,IDLE,,1,PROTECTING,Field_4,29,0.16,0,0,2,96,0.17,4,0,2,29,0.08,0,0,1,135,0.12,5,1,1,59,0.05,10,0,-1,90,0.15,0,0,3,119,0.16,0,0,2,0,0.00,0,0,1,13,0.08,0,0,2,17,0.07,0,0,3,65,0.16,0,0,2,9,0.05,0,0,1
267,664,4,0,19,0,1,0,1,PROTECTING,Field_5,1,PROTECTING,Field_5,1,PROTECTING,Field_5,1,PROTECTING,Field_5,1,PROTECTING,Field_5,1,PROTECTING,Field_5,1,PROTECTING,Field_2,1,PROTECTING,Field_5,1,PROTECTING,Field_2,1,PROTECTING,Field_4,1,PROTECTING,Field_4,1,PROTECTING,Field_5,1,MOVING_TO_FIELD,Field_4,1,PROTECTING,Field_2,1,PROTECTING,Field_2,1,IDLE,,1,PROTECTING,Field_4,1,IDLE,,1,PROTECTING,Field_4,1,PROTECTING,Field_5,1,PROTECTING,Field_5,1,IDLE,,1,IDLE,,1,PROTECTING,Field_4,29,0.18,0,0,2,96,0.17,4,0,2,29,0.08,0,0,1,135,0.11,5,1,1,59,0.06,10,0,-1,90,0.15,0,0,3,120,0.16,0,0,2,0,0.00,0,0,1,14,0.08,0,0,2,17,0.07,0,0,3,66,0.16,0,0,2,9,0.05,0,0,1
268,672,4,0,19,0,1,0,1,PROTECTING,Field_5,1,PROTECTING,Field_5,1,PROTECTING,Field_5,1,PROTECTING,Field_5,1,PROTECTING,Field_5,1,PROTECTING,Field_5,1,PROTECTING,Field_2,1,PROTECTING,Field_5,1,PROTECTING,Field_2,1,PROTECTING,Field_4,1,PROTECTING,Field_4,1,PROTECTING,Field_5,1,MOVING_TO_FIELD,Field_4,1,PROTECTING,Field_2,1,PROTECTING,Field_2,1,IDLE,,1,PROTECTING,Field_4,1,IDLE,,1,PROTECTING,Field_4,1,PROTECTING,Field_5,1,PROTECTING,Field_5,1,IDLE,,1,IDLE,,1,PROTECTING,Field_4,31,0.18,0,0,2,98,0.18,4,0,2,29,0.08,0,0,1,135,0.11,5,1,1,59,0.06,10,0,-1,90,0.14,0,0,3,124,0.17,0,0,2,0,0.00,0,0,1,14,0.09,0,0,2,17,0.07,0,0,3,66,0.14,0,0,2,9,0.05,0,0,1
269,674,4,0,19,0,1,0,1,PROTECTING,Field_5,1,PROTECTING,Field_5,1,PROTECTING,Field_5,1,PROTECTING,Field_5,1,PROTECTING,Field_5,1,PROTECTING,Field_5,1,PROTECTING,Field_2,1,PROTECTING,Field_5,1,PROTECTING,Field_2,1,PROTECTING,Field_4,1,PROTECTING,Field_4,1,PROTECTING,Field_5,1,MOVING_TO_FIELD,Field_4,1,PROTECTING,Field_2,1,PROTECTING,Field_2,1,IDLE,,1,PROTECTING,Field_4,1,IDLE,,1,PROTECTING,Field_4,1,PROTECTING,Field_5,1,PROTECTING,Field_5,1,IDLE,,1,IDLE,,1,PROTECTING,Field_4,31,0.18,0,0,2,99,0.18,4,0,2,29,0.05,0,0,1,135,0.11,5,1,1,59,0.06,10,0,-1,90,0.14,0,0,3,124,0.17,0,0,2,0,0.00,0,0,1,14,0.07,0,0,2,17,0.07,0,0,3,67,0.14,0,0,2,9,0.05,0,0,1
270,675,4,0,19,0,1,0,1,PROTECTING,Field_5,1,PROTECTING,Field_5,1,PROTECTING,Field_5,1,PROTECTING,Field_5,1,PROTECTING,Field_5,1,PROTECTING,Field_5,1,PROTECTING,Field_2,1,PROTECTING,Field_5,1,PROTECTING,Field_2,1,PROTECTING,Field_4,1,PROTECTING,Field_4,1,PROTECTING,Field_5,1,MOVING_TO_FIELD,Field_4,1,PROTECTING,Field_2,1,PROTECTING,Field_2,1,IDLE,,1,PROTECTING,Field_4,1,IDLE,,1,PROTECTING,Field_4,1,PROTECTING,Field_5,1,PROTECTING,Field_5,1,IDLE,,1,IDLE,,1,PROTECTING,Field_4,31,0.21,0,0,2,99,0.18,4,0,2,29,0.05,0,0,1,135,0.11,5,1,1,59,0.05,10,0,-1,90,0.14,0,0,3,124,0.17,0,0,2,0,0.00,0,0,1,14,0.09,0,0,2,17,0.08,0,0,3,68,0.14,0,0,2,9,0.05,0,0,1
271,678,4,0,19,0,1,0,1,PROTECTING,Field_5,1,PROTECTING,Field_5,1,PROTECTING,Field_5,1,PROTECTING,Field_5,1,PROTECTING,Field_5,1,PROTECTING,Field_5,1,PROTECTING,Field_2,1,PROTECTING,Field_5,1,PROTECTING,Field_2,1,PROTECTING,Field_4,1,PROTECTING,Field_4,1,PROTECTING,Field_5,1,MOVING_TO_FIELD,Field_4,1,PROTECTING,Field_2,1,PROTECTING,Field_2,1,IDLE,,1,PROTECTING,Field_4,1,IDLE,,1,PROTECTING,Field_4,1,PROTECTING,Field_5,1,PROTECTING,Field_5,1,IDLE,,1,IDLE,,1,PROTECTING,Field_4,32,0.21,0,0,2,100,0.19,4,0,2,29,0.05,0,0,1,135,0.11,5,1,1,59,0.06,10,0,-1,90,0.13,0,0,3,124,0.18,0,0,2,0,0.00,0,0,1,15,0.11,0,0,2,17,0.08,0,0,3,68,0.16,0,0,2,9,0.03,0,0,1
272,681,4,0,19,0,1,0,1,PROTECTING,Field_5,1,PROTECTING,Field_5,1,PROTECTING,Field_5,1,PROTECTING,Field_5,1,PROTECTING,Field_5,1,PROTECTING,Field_5,1,PROTECTING,Field_2,1,PROTECTING,Field_5,1,PROTECTING,Field_2,1,PROTECTING,Field_4,1,PROTECTING,Field_4,1,PROTECTING,Field_5,1,MOVING_TO_FIELD,Field_4,1,PROTECTING,Field_2,1,PROTECTING,Field_2,1,IDLE,,1,PROTECTING,Field_4,1,IDLE,,1,PROTECTING,Field_4,1,PROTECTING,Field_5,1,PROTECTING,Field_5,1,IDLE,,1,IDLE,,1,PROTECTING,Field_4,33,0.21,0,0,2,100,0.19,4,0,2,29,0.05,0,0,1,135,0.11,5,1,1,59,0.05,10,0,-1,91,0.12,0,0,3,125,0.19,0,0,2,0,0.02,0,0,1,15,0.12,0,0,2,17,0.08,0,0,3,68,0.16,0,0,2,9,0.05,0,0,1
273,685,4,0,19,0,1,0,1,PROTECTING,Field_5,1,PROTECTING,Field_5,1,PROTECTING,Field_5,1,PROTECTING,Field_5,1,PROTECTING,Field_5,1,PROTECTING,Field_5,1,PROTECTING,Field_2,1,PROTECTING,Field_5,1,PROTECTING,Field_2,1,PROTECTING,Field_4,1,PROTECTING,Field_4,1,PROTECTING,Field_5,1,MOVING_TO_FIELD,Field_4,1,PROTECTING,Field_2,1,PROTECTING,Field_2,1,IDLE,,1,PROTECTING,Field_4,1,IDLE,,1,PROTECTING,Field_4,1,PROTECTING,Field_5,1,PROTECTING,Field_5,1,IDLE,,1,IDLE,,1,PROTECTING,Field_4,33,0.21,0,0,2,103,0.21,4,0,2,29,0.05,0,0,1,135,0.11,5,1,1,59,0.05,10,0,-1,92,0.11,0,0,3,125,0.18,0,0,2,0,0.02,0,0,1,15,0.12,0,0,2,17,0.08,0,0,3,68,0.16,0,0,2,9,0.05,0,0,1
274,686,4,0,19,0,1,0,1,PROTECTING,Field_5,1,PROTECTING,Field_5,1,PROTECTING,Field_5,1,PROTECTING,Field_5,1,PROTECTING,Field_5,1,PROTECTING,Field_5,1,PROTECTING,Field_2,1,PROTECTING,Field_5,1,PROTECTING,Field_2,1,PROTECTING,Field_4,1,PROTECTING,Field_4,1,PROTECTING,Field_5,1,MOVING_TO_FIELD,Field_4,1,PROTECTING,Field_2,1,PROTECTING,Field_2,1,IDLE,,1,PROTECTING,Field_4,1,IDLE,,1,PROTECTING,Field_4,1,PROTECTING,Field_5,1,PROTECTING,Field_5,1,IDLE,,1,IDLE,,1,PROTECTING,Field_4,33,0.19,0,0,2,104,0.19,4,0,2,29,0.05,0,0,1,135,0.11,5,1,1,59,0.05,10,0,-1,92,0.12,0,0,3,125,0.17,0,0,2,0,0.05,0,0,1,15,0.10,0,0,2,17,0.08,0,0,3,68,0.16,0,0,2,9,0.05,0,0,1
275,687,4,0,19,0,1,0,1,PROTECTING,Field_5,1,PROTECTING,Field_5,1,PROTECTING,Field_5,1,PROTECTING,Field_5,1,PROTECTING,Field_5,1,PROTECTING,Field_5,1,PROTECTING,Field_2,1,PROTECTING,Field_5,1,PROTECTING,Field_2,1,PROTECTING,Field_4,1,PROTECTING,Field_4,1,PROTECTING,Field_5,1,MOVING_TO_FIELD,Field_4,1,PROTECTING,Field_2,1,PROTECTING,Field_2,1,IDLE,,1,PROTECTING,Field_4,1,IDLE,,1,PROTECTING,Field_4,1,PROTECTING,Field_5,1,PROTECTING,Field_5,1,IDLE,,1,IDLE,,1,PROTECTING,Field_4,33,0.19,0,0,2,104,0.17,4,0,2,29,0.05,0,0,1,135,0.09,5,1,1,59,0.05,10,0,-1,92,0.12,0,0,3,125,0.19,0,0,2,0,0.05,0,0,1,16,0.11,0,0,2,17,0.08,0,0,3,68,0.16,0,0,2,9,0.05,0,0,1
276,687,4,0,19,0,1,0,1,PROTECTING,Field_5,1,PROTECTING,Field_5,1,PROTECTING,Field_5,1,PROTECTING,Field_5,1,PROTECTING,Field_5,1,PROTECTING,Field_5,1,PROTECTING,Field_2,1,PROTECTING,Field_5,1,PROTECTING,Field_2,1,PROTECTING,Field_4,1,PROTECTING,Field_4,1,PROTECTING,Field_5,1,MOVING_TO_FIELD,Field_4,1,PROTECTING,Field_2,1,PROTECTING,Field_2,1,IDLE,,1,PROTECTING,Field_4,1,IDLE,,1,PROTECTING,Field_4,1,PROTECTING,Field_5,1,PROTECTING,Field_5,1,IDLE,,1,IDLE,,1,PROTECTING,Field_4,33,0.19,0,0,2,104,0.19,4,0,2,29,0.05,0,0,1,135,0.11,5,1,1,59,0.07,10,0,-1,92,0.12,0,0,3,125,0.18,0,0,2,0,0.05,0,0,1,16,0.11,0,0,2,17,0.10,0,0,3,68,0.12,0,0,2,9,0.05,0,0,1
277,688,4,0,19,0,1,0,1,PROTECTING,Field_5,1,PROTECTING,Field_5,1,PROTECTING,Field_5,1,PROTECTING,Field_5,1,PROTECTING,Field_5,1,PROTECTING,Field_5,1,PROTECTING,Field_2,1,PROTECTING,Field_5,1,PROTECTING,Field_2,1,PROTECTING,Field_4,1,PROTECTING,Field_4,1,PROTECTING,Field_5,1,MOVING_TO_FIELD,Field_4,1,PROTECTING,Field_2,1,PROTECTING,Field_2,1,IDLE,,1,PROTECTING,Field_4,1,IDLE,,1,PROTECTING,Field_4,1,PROTECTING,Field_5,1,PROTECTING,Field_5,1,IDLE,,1,IDLE,,1,PROTECTING,Field_4,33,0.16,0,0,2,104,0.19,4,0,2,29,0.05,0,0,1,135,0.11,5,1,1,59,0.05,10,0,-1,93,0.11,0,0,3,125,0.19,0,0,2,0,0.05,0,0,1,16,0.11,0,0,2,17,0.10,0,0,3,68,0.12,0,0,2,9,0.05,0,0,1
278,690,4,0,19,0,1,0,1,PROTECTING,Field_5,1,PROTECTING,Field_5,1,PROTECTING,Field_5,1,PROTECTING,Field_5,1,PROTECTING,Field_5,1,PROTECTING,Field_5,1,PROTECTING,Field_2,1,PROTECTING,Field_5,1,PROTECTING,Field_2,1,PROTECTING,Field_4,1,PROTECTING,Field_4,1,PROTECTING,Field_5,1,MOVING_TO_FIELD,Field_4,1,PROTECTING,Field_2,1,PROTECTING,Field_2,1,IDLE,,1,PROTECTING,Field_4,1,IDLE,,1,PROTECTING,Field_4,1,PROTECTING,Field_5,1,PROTECTING,Field_5,1,IDLE,,1,IDLE,,1,PROTECTING,Field_4,33,0.16,0,0,2,104,0.18,4,0,2,29,0.04,0,0,1,135,0.09,5,1,1,59,0.06,10,0,-1,93,0.11,0,0,3,126,0.19,0,0,2,0,0.05,0,0,1,17,0.12,0,0,2,17,0.10,0,0,3,68,0.12,0,0,2,9,0.05,0,0,1
279,692,4,0,19,0,1,0,1,PROTECTING,Field_5,1,PROTECTING,Field_5,1,PROTECTING,Field_5,1,PROTECTING,Field_5,1,PROTECTING,Field_5,1,PROTECTING,Field_5,1,PROTECTING,Field_2,1,PROTECTING,Field_5,1,PROTECTING,Field_2,1,PROTECTING,Field_4,1,PROTECTING,Field_4,1,PROTECTING,Field_5,1,MOVING_TO_FIELD,Field_4,1,PROTECTING,Field_2,1,PROTECTING,Field_2,1,IDLE,,1,PROTECTING,Field_4,1,IDLE,,1,PROTECTING,Field_4,1,PROTECTING,Field_5,1,PROTECTING,Field_5,1,IDLE,,1,IDLE,,1,PROTECTING,Field_4,34,0.16,0,0,2,104,0.19,4,0,2,29,0.04,0,0,1,135,0.08,5,1,1,59,0.06,10,0,-1,93,0.12,0,0,3,127,0.19,0,0,2,0,0.05,0,0,1,17,0.11,0,0,2,17,0.10,0,0,3,68,0.12,0,0,2,9,0.03,0,0,1
280,695,4,0,20,0,0,0,1,PROTECTING,Field_5,1,PROTECTING,Field_5,1,PROTECTING,Field_5,1,PROTECTING,Field_5,1,PROTECTING,Field_5,1,PROTECTING,Field_5,1,PROTECTING,Field_2,1,PROTECTING,Field_5,1,PROTECTING,Field_2,1,PROTECTING,Field_4,1,PROTECTING,Field_4,1,PROTECTING,Field_5,1,PROTECTING,Field_4,1,PROTECTING,Field_2,1,PROTECTING,Field_2,1,IDLE,,1,PROTECTING,Field_4,1,IDLE,,1,PROTECTING,Field_4,1,PROTECTING,Field_5,1,PROTECTING,Field_5,1,IDLE,,1,IDLE,,1,PROTECTING,Field_4,34,0.16,0,0,2,104,0.19,4,0,2,29,0.04,0,0,1,135,0.08,6,0,0,59,0.07,10,0,-1,93,0.12,0,0,3,128,0.19,0,0,2,0,0.05,0,0,1,18,0.12,0,0,2,17,0.08,0,0,3,69,0.12,0,0,2,9,0.03,0,0,1
281,700,3,0,20,0,1,0,1,PROTECTING,Field_5,1,PROTECTING,Field_5,1,PROTECTING,Field_5,1,PROTECTING,Field_5,1,PROTECTING,Field_5,1,PROTECTING,Field_5,1,PROTECTING,Field_2,1,PROTECTING,Field_5,1,PROTECTING,Field_2,1,PROTECTING,Field_4,1,PROTECTING,Field_4,1,PROTECTING,Field_5,1,PROTECTING,Field_4,1,PROTECTING,Field_2,1,PROTECTING,Field_2,1,MOVING_TO_FIELD,Field_1,1,PROTECTING,Field_4,1,IDLE,,1,PROTECTING,Field_4,1,PROTECTING,Field_5,1,PROTECTING,Field_5,1,IDLE,,1,IDLE,,1,PROTECTING,Field_4,34,0.16,0,1,2,105,0.19,4,0,2,29,0.05,0,0,1,135,0.07,6,0,0,59,0.07,10,0,-1,94,0.12,0,0,3,129,0.19,0,0,2,0,0.02,0,0,1,19,0.14,0,0,2,17,0.08,0,0,3,70,0.14,0,0,2,9,0.03,0,0,1
282,703,3,0,20,0,1,0,1,PROTECTING,Field_5,1,PROTECTING,Field_5,1,PROTECTING,Field_5,1,PROTECTING,Field_5,1,PROTECTING,Field_5,1,PROTECTING,Field_5,1,PROTECTING,Field_2,1,PROTECTING,Field_5,1,PROTECTING,Field_2,1,PROTECTING,Field_4,1,PROTECTING,Field_4,1,PROTECTING,Field_5,1,PROTECTING,Field_4,1,PROTECTING,Field_2,1,PROTECTING,Field_2,1,MOVING_TO_FIELD,Field_1,1,PROTECTING,Field_4,1,IDLE,,1,PROTECTING,Field_4,1,PROTECTING,Field_5,1,PROTECTING,Field_5,1,IDLE,,1,IDLE,,1,PROTECTING,Field_4,34,0.15,0,1,2,105,0.20,4,0,2,29,0.05,0,0,1,135,0.05,6,0,0,59,0.07,10,0,-1,95,0.12,0,0,3,130,0.19,0,0,2,0,0.02,0,0,1,20,0.15,0,0,2,17,0.08,0,0,3,70,0.14,0,0,2,9,0.03,0,0,1
283,708,3,0,20,0,1,0,1,PROTECTING,Field_5,1,PROTECTING,Field_5,1,PROTECTING,Field_5,1,PROTECTING,Field_5,1,PROTECTING,Field_5,1,PROTECTING,Field_5,1,PROTECTING,Field_2,1,PROTECTING,Field_5,1,PROTECTING,Field_2,1,PROTECTING,Field_4,1,PROTECTING,Field_4,1,PROTECTING,Field_5,1,PROTECTING,Field_4,1,PROTECTING,Field_2,1,PROTECTING,Field_2,1,MOVING_TO_FIELD,Field_1,1,PROTECTING,Field_4,1,IDLE,,1,PROTECTING,Field_4,1,PROTECTING,Field_5,1,PROTECTING,Field_5,1,IDLE,,1,IDLE,,1,PROTECTING,Field_4,34,0.15,0,1,2,106,0.19,4,0,2,29,0.05,0,0,1,135,0.07,6,0,0,59,0.07,10,0,-1,95,0.13,0,0,3,132,0.18,0,0,2,0,0.02,0,0,1,22,0.15,0,0,2,17,0.07,0,0,3,70,0.14,0,0,2,9,0.03,0,0,1
284,710,3,0,20,0,1,0,1,PROTECTING,Field_5,1,PROTECTING,Field_5,1,PROTECTING,Field_5,1,PROTECTING,Field_5,1,PROTECTING,Field_5,1,PROTECTING,Field_5,1,PROTECTING,Field_2,1,PROTECTING,Field_5,1,PROTECTING,Field_2,1,PROTECTING,Field_4,1,PROTECTING,Field_4,1,PROTECTING,Field_5,1,PROTECTING,Field_4,1,PROTECTING,Field_2,1,PROTECTING,Field_2,1,MOVING_TO_FIELD,Field_1,1,PROTECTING,Field_4,1,IDLE,,1,PROTECTING,Field_4,1,PROTECTING,Field_5,1,PROTECTING,Field_5,1,IDLE,,1,IDLE,,1,PROTECTING,Field_4,34,0.13,0,1,2,107,0.17,4,0,2,29,0.05,0,0,1,135,0.07,6,0,0,59,0.07,10,0,-1,95,0.13,0,0,3,132,0.20,0,0,2,0,0.02,0,0,1,23,0.15,0,0,2,17,0.05,0,0,3,70,0.14,0,0,2,9,0.03,0,0,1
285,713,3,0,20,0,1,0,1,PROTECTING,Field_5,1,PROTECTING,Field_5,1,PROTECTING,Field_5,1,PROTECTING,Field_5,1,PROTECTING,Field_5,1,PROTECTING,Field_5,1,PROTECTING,Field_2,1,PROTECTING,Field_5,1,PROTECTING,Field_2,1,PROTECTING,Field_4,1,PROTECTING,Field_4,1,PROTECTING,Field_5,1,PROTECTING,Field_4,1,PROTECTING,Field_2,1,PROTECTING,Field_2,1,MOVING_TO_FIELD,Field_1,1,PROTECTING,Field_4,1,IDLE,,1,PROTECTING,Field_4,1,PROTECTING,Field_5,1,PROTECTING,Field_5,1,IDLE,,1,IDLE,,1,PROTECTING,Field_4,35,0.13,0,1,2,108,0.17,4,0,2,29,0.05,0,0,1,135,0.07,6,0,0,59,0.07,10,0,-1,95,0.13,0,0,3,132,0.21,0,0,2,0,0.02,0,0,1,23,0.15,0,0,2,17,0.07,0,0,3,71,0.16,0,0,2,9,0.03,0,0,1
286,713,3,0,20,0,1,0,1,PROTECTING,Field_5,1,PROTECTING,Field_5,1,PROTECTING,Field_5,1,PROTECTING,Field_5,1,PROTECTING,Field_5,1,PROTECTING,Field_5,1,PROTECTING,Field_2,1,PROTECTING,Field_5,1,PROTECTING,Field_2,1,PROTECTING,Field_4,1,PROTECTING,Field_4,1,PROTECTING,Field_5,1,PROTECTING,Field_4,1,PROTECTING,Field_2,1,PROTECTING,Field_2,1,MOVING_TO_FIELD,Field_1,1,PROTECTING,Field_4,1,IDLE,,1,PROTECTING,Field_4,1,PROTECTING,Field_5,1,PROTECTING,Field_5,1,IDLE,,1,IDLE,,1,PROTECTING,Field_4,35,0.13,0,1,2,108,0.16,4,0,2,29,0.05,0,0,1,135,0.07,6,0,0,59,0.07,10,0,-1,95,0.12,0,0,3,132,0.19,0,0,2,0,0.02,0,0,1,23,0.14,0,0,2,17,0.07,0,0,3,71,0.16,0,0,2,9,0.00,0,0,1
287,718,3,0,20,0,1,0,1,PROTECTING,Field_5,1,PROTECTING,Field_5,1,PROTECTING,Field_5,1,PROTECTING,Field_5,1,PROTECTING,Field_5,1,PROTECTING,Field_5,1,PROTECTING,Field_2,1,PROTECTING,Field_5,1,PROTECTING,Field_2,1,PROTECTING,Field_4,1,PROTECTING,Field_4,1,PROTECTING,Field_5,1,PROTECTING,Field_4,1,PROTECTING,Field_2,1,PROTECTING,Field_2,1,MOVING_TO_FIELD,Field_1,1,PROTECTING,Field_4,1,IDLE,,1,PROTECTING,Field_4,1,PROTECTING,Field_5,1,PROTECTING,Field_5,1,IDLE,,1,IDLE,,1,PROTECTING,Field_4,38,0.13,0,1,2,108,0.17,4,0,2,29,0.04,0,0,1,135,0.07,6,0,0,59,0.07,10,0,-1,95,0.11,0,0,3,134,0.18,0,0,2,0,0.02,0,0,1,23,0.12,0,0,2,17,0.07,0,0,3,71,0.16,0,0,2,9,0.00,0,0,1
288,718,3,0,20,0,1,0,1,PROTECTING,Field_5,1,PROTECTING,Field_5,1,PROTECTING,Field_5,1,PROTECTING,Field_5,1,PROTECTING,Field_5,1,PROTECTING,Field_5,1,PROTECTING,Field_2,1,PROTECTING,Field_5,1,PROTECTING,Field_2,1,PROTECTING,Field_4,1,PROTECTING,Field_4,1,PROTECTING,Field_5,1,PROTECTING,Field_4,1,PROTECTING,Field_2,1,PROTECTING,Field_2,1,MOVING_TO_FIELD,Field_1,1,PROTECTING,Field_4,1,IDLE,,1,PROTECTING,Field_4,1,PROTECTING,Field_5,1,PROTECTING,Field_5,1,IDLE,,1,IDLE,,1,PROTECTING,Field_4,38,0.13,0,1,2,108,0.15,4,0,2,29,0.03,0,0,1,135,0.07,6,0,0,59,0.09,10,0,-1,95,0.11,0,0,3,134,0.18,0,0,2,0,0.02,0,0,1,23,0.12,0,0,2,17,0.07,0,0,3,71,0.16,0,0,2,9,0.00,0,0,1
289,719,3,0,20,0,1,0,1,PROTECTING,Field_5,1,PROTECTING,Field_5,1,PROTECTING,Field_5,1,PROTECTING,Field_5,1,PROTECTING,Field_5,1,PROTECTING,Field_5,1,PROTECTING,Field_2,1,PROTECTING,Field_5,1,PROTECTING,Field_2,1,PROTECTING,Field_4,1,PROTECTING,Field_4,1,PROTECTING,Field_5,1,PROTECTING,Field_4,1,PROTECTING,Field_2,1,PROTECTING,Field_2,1,MOVING_TO_FIELD,Field_1,1,PROTECTING,Field_4,1,IDLE,,1,PROTECTING,Field_4,1,PROTECTING,Field_5,1,PROTECTING,Field_5,1,IDLE,,1,IDLE,,1,PROTECTING,Field_4,38,0.13,0,1,2,108,0.14,4,0,2,29,0.03,0,0,1,135,0.07,6,0,0,59,0.08,10,0,-1,95,0.11,0,0,3,134,0.19,0,0,2,0,0.02,0,0,1,23,0.12,0,0,2,17,0.07,0,0,3,72,0.18,0,0,2,9,0.03,0,0,1
290,719,3,0,20,0,1,0,1,PROTECTING,Field_5,1,PROTECTING,Field_5,1,PROTECTING,Field_5,1,PROTECTING,Field_5,1,PROTECTING,Field_5,1,PROTECTING,Field_5,1,PROTECTING,Field_2,1,PROTECTING,Field_5,1,PROTECTING,Field_2,1,PROTECTING,Field_4,1,PROTECTING,Field_4,1,PROTECTING,Field_5,1,PROTECTING,Field_4,1,PROTECTING,Field_2,1,PROTECTING,Field_2,1,MOVING_TO_FIELD,Field_1,1,PROTECTING,Field_4,1,IDLE,,1,PROTECTING,Field_4,1,PROTECTING,Field_5,1,PROTECTING,Field_5,1,IDLE,,1,IDLE,,1,PROTECTING,Field_4,38,0.13,0,1,2,108,0.15,4,0,2,29,0.03,0,0,1,135,0.07,6,0,0,59,0.08,10,0,-1,95,0.11,0,0,3,134,0.20,0,0,2,0,0.02,0,0,1,23,0.13,0,0,2,17,0.05,0,0,3,72,0.16,0,0,2,9,0.03,0,0,1
291,722,3,0,20,0,1,0,1,PROTECTING,Field_5,1,PROTECTING,Field_5,1,PROTECTING,Field_5,1,PROTECTING,Field_5,1,PROTECTING,Field_5,1,PROTECTING,Field_5,1,PROTECTING,Field_2,1,PROTECTING,Field_5,1,PROTECTING,Field_2,1,PROTECTING,Field_4,1,PROTECTING,Field_4,1,PROTECTING,Field_5,1,PROTECTING,Field_4,1,PROTECTING,Field_2,1,PROTECTING,Field_2,1,MOVING_TO_FIELD,Field_1,1,PROTECTING,Field_4,1,IDLE,,1,PROTECTING,Field_4,1,PROTECTING,Field_5,1,PROTECTING,Field_5,1,IDLE,,1,IDLE,,1,PROTECTING,Field_4,38,0.13,0,1,2,108,0.13,4,0,2,29,0.03,0,0,1,135,0.05,6,0,0,59,0.08,10,0,-1,96,0.12,0,0,3,136,0.21,0,0,2,0,0.02,0,0,1,23,0.13,0,0,2,17,0.05,0,0,3,72,0.16,0,0,2,9,0.03,0,0,1
292,722,3,0,20,0,1,0,1,PROTECTING,Field_5,1,PROTECTING,Field_5,1,PROTECTING,Field_5,1,PROTECTING,Field_5,1,PROTECTING,Field_5,1,PROTECTING,Field_5,1,PROTECTING,Field_2,1,PROTECTING,Field_5,1,PROTECTING,Field_2,1,PROTECTING,Field_4,1,PROTECTING,Field_4,1,PROTECTING,Field_5,1,PROTECTING,Field_4,1,PROTECTING,Field_2,1,PROTECTING,Field_2,1,MOVING_TO_FIELD,Field_1,1,PROTECTING,Field_4,1,IDLE,,1,PROTECTING,Field_4,1,PROTECTING,Field_5,1,PROTECTING,Field_5,1,IDLE,,1,IDLE,,1,PROTECTING,Field_4,38,0.11,0,1,2,108,0.13,4,0,2,29,0.03,0,0,1,135,0.05,6,0,0,59,0.09,10,0,-1,96,0.12,0,0,3,136,0.20,0,0,2,0,0.02,0,0,1,23,0.11,0,0,2,17,0.05,0,0,3,72,0.16,0,0,2,9,0.03,0,0,1
293,724,3,0,20,0,1,0,1,PROTECTING,Field_5,1,PROTECTING,Field_5,1,PROTECTING,Field_5,1,PROTECTING,Field_5,1,PROTECTING,Field_5,1,PROTECTING,Field_5,1,PROTECTING,Field_2,1,PROTECTING,Field_5,1,PROTECTING,Field_2,1,PROTECTING,Field_4,1,PROTECTING,Field_4,1,PROTECTING,Field_5,1,PROTECTING,Field_4,1,PROTECTING,Field_2,1,PROTECTING,Field_2,1,MOVING_TO_FIELD,Field_1,1,PROTECTING,Field_4,1,IDLE,,1,PROTECTING,Field_4,1,PROTECTING,Field_5,1,PROTECTING,Field_5,1,IDLE,,1,IDLE,,1,PROTECTING,Field_4,38,0.11,0,1,2,109,0.14,4,0,2,29,0.03,0,0,1,135,0.05,6,0,0,59,0.08,10,0,-1,97,0.12,0,0,3,136,0.22,0,0,2,0,0.02,0,0,1,23,0.12,0,0,2,17,0.05,0,0,3,72,0.16,0,0,2,9,0.03,0,0,1
294,726,3,0,20,0,1,0,1,PROTECTING,Field_5,1,PROTECTING,Field_5,1,PROTECTING,Field_5,1,PROTECTING,Field_5,1,PROTECTING,Field_5,1,PROTECTING,Field_5,1,PROTECTING,Field_2,1,PROTECTING,Field_5,1,PROTECTING,Field_2,1,PROTECTING,Field_4,1,PROTECTING,Field_4,1,PROTECTING,Field_5,1,PROTECTING,Field_4,1,PROTECTING,Field_2,1,PROTECTING,Field_2,1,MOVING_TO_FIELD,Field_1,1,PROTECTING,Field_4,1,IDLE,,1,PROTECTING,Field_4,1,PROTECTING,Field_5,1,PROTECTING,Field_5,1,IDLE,,1,IDLE,,1,PROTECTING,Field_4,38,0.11,0,1,2,109,0.14,4,0,2,29,0.04,0,0,1,135,0.05,6,0,0,59,0.08,10,0,-1,98,0.13,0,0,3,136,0.23,0,0,2,0,0.02,0,0,1,23,0.12,0,0,2,17,0.05,0,0,3,73,0.16,0,0,2,9,0.03,0,0,1
295,726,3,0,20,0,1,0,1,PROTECTING,Field_5,1,PROTECTING,Field_5,1,PROTECTING,Field_5,1,PROTECTING,Field_5,1,PROTECTING,Field_5,1,PROTECTING,Field_5,1,PROTECTING,Field_2,1,PROTECTING,Field_5,1,PROTECTING,Field_2,1,PROTECTING,Field_4,1,PROTECTING,Field_4,1,PROTECTING,Field_5,1,PROTECTING,Field_4,1,PROTECTING,Field_2,1,PROTECTING,Field_2,1,MOVING_TO_FIELD,Field_1,1,PROTECTING,Field_4,1,IDLE,,1,PROTECTING,Field_4,1,PROTECTING,Field_5,1,PROTECTING,Field_5,1,IDLE,,1,IDLE,,1,PROTECTING,Field_4,38,0.11,0,1,2,109,0.15,4,0,2,29,0.04,0,0,1,135,0.05,6,0,0,59,0.09,10,0,-1,98,0.13,0,0,3,136,0.24,0,0,2,0,0.02,0,0,1,23,0.12,0,0,2,17,0.05,0,0,3,73,0.18,0,0,2,9,0.03,0,0,1
296,728,3,0,20,0,1,0,1,PROTECTING,Field_5,1,PROTECTING,Field_5,1,PROTECTING,Field_5,1,PROTECTING,Field_5,1,PROTECTING,Field_5,1,PROTECTING,Field_5,1,PROTECTING,Field_2,1,PROTECTING,Field_5,1,PROTECTING,Field_2,1,PROTECTING,Field_4,1,PROTECTING,Field_4,1,PROTECTING,Field_5,1,PROTECTING,Field_4,1,PROTECTING,Field_2,1,PROTECTING,Field_2,1,MOVING_TO_FIELD,Field_1,1,PROTECTING,Field_4,1,IDLE,,1,PROTECTING,Field_4,1,PROTECTING,Field_5,1,PROTECTING,Field_5,1,IDLE,,1,IDLE,,1,PROTECTING,Field_4,38,0.10,0,1,2,109,0.15,4,0,2,30,0.04,0,0,1,135,0.04,6,0,0,59,0.08,10,0,-1,98,0.12,0,0,3,136,0.24,0,0,2,0,0.02,0,0,1,23,0.13,0,0,2,17,0.05,0,0,3,74,0.18,0,0,2,9,0.03,0,0,1
297,729,3,0,20,0,1,0,1,PROTECTING,Field_5,1,PROTECTING,Field_5,1,PROTECTING,Field_5,1,PROTECTING,Field_5,1,PROTECTING,Field_5,1,PROTECTING,Field_5,1,PROTECTING,Field_2,1,PROTECTING,Field_5,1,PROTECTING,Field_2,1,PROTECTING,Field_4,1,PROTECTING,Field_4,1,PROTECTING,Field_5,1,PROTECTING,Field_4,1,PROTECTING,Field_2,1,PROTECTING,Field_2,1,MOVING_TO_FIELD,Field_1,1,PROTECTING,Field_4,1,IDLE,,1,PROTECTING,Field_4,1,PROTECTING,Field_5,1,PROTECTING,Field_5,1,IDLE,,1,IDLE,,1,PROTECTING,Field_4,38,0.11,0,1,2,110,0.14,4,0,2,30,0.04,0,0,1,135,0.04,6,0,0,59,0.08,10,0,-1,98,0.11,0,0,3,136,0.24,0,0,2,0,0.02,0,0,1,23,0.13,0,0,2,17,0.05,0,0,3,74,0.18,0,0,2,9,0.03,0,0,1
298,733,3,0,20,0,1,0,1,PROTECTING,Field_5,1,PROTECTING,Field_5,1,PROTECTING,Field_5,1,PROTECTING,Field_5,1,PROTECTING,Field_5,1,PROTECTING,Field_5,1,PROTECTING,Field_2,1,PROTECTING,Field_5,1,PROTECTING,Field_2,1,PROTECTING,Field_4,1,PROTECTING,Field_4,1,PROTECTING,Field_5,1,PROTECTING,Field_4,1,PROTECTING,Field_2,1,PROTECTING,Field_2,1,MOVING_TO_FIELD,Field_1,1,PROTECTING,Field_4,1,IDLE,,1,PROTECTING,Field_4,1,PROTECTING,Field_5,1,PROTECTING,Field_5,1,IDLE,,1,IDLE,,1,PROTECTING,Field_4,38,0.11,0,1,2,111,0.13,4,0,2,30,0.04,0,0,1,135,0.04,6,0,0,59,0.08,10,0,-1,98,0.11,0,0,3,137,0.24,0,0,2,0,0.02,0,0,1,24,0.14,0,0,2,17,0.05,0,0,3,75,0.18,0,0,2,9,0.03,0,0,1
299,736,3,0,20,0,1,0,1,PROTECTING,Field_5,1,PROTECTING,Field_5,1,PROTECTING,Field_5,1,PROTECTING,Field_5,1,PROTECTING,Field_5,1,PROTECTING,Field_5,1,PROTECTING,Field_2,1,PROTECTING,Field_5,1,PROTECTING,Field_2,1,PROTECTING,Field_4,1,PROTECTING,Field_4,1,PROTECTING,Field_5,1,PROTECTING,Field_4,1,PROTECTING,Field_2,1,PROTECTING,Field_2,1,MOVING_TO_FIELD,Field_1,1,PROTECTING,Field_4,1,IDLE,,1,PROTECTING,Field_4,1,PROTECTING,Field_5,1,PROTECTING,Field_5,1,IDLE,,1,IDLE,,1,PROTECTING,Field_4,38,0.10,0,1,2,111,0.13,4,0,2,30,0.04,0,0,1,135,0.04,6,0,0,59,0.09,10,0,-1,98,0.11,0,0,3,138,0.23,0,0,2,0,0.02,0,0,1,24,0.14,0,0,2,17,0.05,0,0,3,77,0.16,0,0,2,9,0.03,0,0,1
300,739,3,0,20,0,1,0,1,PROTECTING,Field_5,1,PROTECTING,Field_5,1,PROTECTING,Field_5,1,PROTECTING,Field_5,1,PROTECTING,Field_5,1,PROTECTING,Field_5,1,PROTECTING,Field_2,1,PROTECTING,Field_5,1,PROTECTING,Field_2,1,PROTECTING,Field_4,1,PROTECTING,Field_4,1,PROTECTING,Field_5,1,PROTECTING,Field_4,1,PROTECTING,Field_2,1,PROTECTING,Field_2,1,MOVING_TO_FIELD,Field_1,1,PROTECTING,Field_4,1,IDLE,,1,PROTECTING,Field_4,1,PROTECTING,Field_5,1,PROTECTING,Field_5,1,IDLE,,1,IDLE,,1,PROTECTING,Field_4,39,0.10,0,1,2,111,0.12,4,0,2,30,0.04,0,0,1,135,0.04,6,0,0,59,0.07,10,0,-1,98,0.09,0,0,3,139,0.24,0,0,2,0,0.02,0,0,1,25,0.13,0,0,2,17,0.05,0,0,3,77,0.16,0,0,2,9,0.05,0,0,1
