step,damage,IDLE,CHARGING,PROTECTING,MOVING_TO_CHARGER,MOVING_TO_FIELD,TERMINATED,Drone_1_battery,Drone_1_state,Drone_1_target,Drone_2_battery,Drone_2_state,Drone_2_target,Drone_3_battery,Drone_3_state,Drone_3_target,Drone_4_battery,Drone_4_state,Drone_4_target,Drone_5_battery,Drone_5_state,Drone_5_target,Drone_6_battery,Drone_6_state,Drone_6_target,Drone_7_battery,Drone_7_state,Drone_7_target,Drone_8_battery,Drone_8_state,Drone_8_target,Drone_9_battery,Drone_9_state,Drone_9_target,Drone_10_battery,Drone_10_state,Drone_10_target,Drone_11_battery,Drone_11_state,Drone_11_target,Drone_12_battery,Drone_12_state,Drone_12_target,Field_1_damage,Field_1_threat_level,Field_1_protecting_drones,Field_2_damage,Field_2_threat_level,Field_2_protecting_drones,Field_3_damage,Field_3_threat_level,Field_3_protecting_drones
1,0,1,0,0,3,8,0,0.99,MOVING_TO_CHARGER,Charger_1,0.99,MOVING_TO_FIELD,Field_3,0.99,MOVING_TO_FIELD,Field_3,0.99,MOVING_TO_CHARGER,Charger_1,0.99,MOVING_TO_FIELD,Field_2,0.99,MOVING_TO_FIELD,Field_1,0.99,MOVING_TO_CHARGER,Charger_1,0.99,MOVING_TO_FIELD,Field_1,0.99,MOVING_TO_FIELD,Field_1,1,IDLE,,0.99,MOVING_TO_FIELD,Field_2,0.99,MOVING_TO_FIELD,Field_3,0,0.12,0,0,0.06,0,0,0.07,0
2,0,0,0,0,1,11,0,0.98,MOVING_TO_FIELD,Field_3,0.98,MOVING_TO_FIELD,Field_3,0.98,MOVING_TO_FIELD,Field_3,0.98,MOVING_TO_FIELD,Field_3,0.98,MOVING_TO_FIELD,Field_2,0.98,MOVING_TO_FIELD,Field_1,0.98,MOVING_TO_FIELD,Field_1,0.98,MOVING_TO_FIELD,Field_2,0.98,MOVING_TO_FIELD,Field_3,0.99,MOVING_TO_CHARGER,Charger_1,0.98,MOVING_TO_FIELD,Field_2,0.98,MOVING_TO_FIELD,Field_1,0,0.12,0,0,0.06,0,0,0.07,0
3,0,0,0,0,3,9,0,0.97,MOVING_TO_FIELD,Field_3,0.97,MOVING_TO_FIELD,Field_3,0.97,MOVING_TO_FIELD,Field_3,0.97,MOVING_TO_CHARGER,Charger_1,0.97,MOVING_TO_FIELD,Field_2,0.97,MOVING_TO_FIELD,Field_1,0.97,MOVING_TO_FIELD,Field_1,0.97,MOVING_TO_FIELD,Field_1,0.97,MOVING_TO_FIELD,Field_3,0.98,MOVING_TO_CHARGER,Charger_1,0.97,MOVING_TO_FIELD,Field_2,0.97,MOVING_TO_CHARGER,Charger_1,0,0.12,0,0,0.06,0,0,0.07,0
4,0,0,0,2,2,8,0,0.96,PROTECTING,Field_3,0.96,MOVING_TO_FIELD,Field_3,0.96,MOVING_TO_FIELD,Field_1,0.96,MOVING_TO_FIELD,Field_3,0.96,MOVING_TO_FIELD,Field_2,0.96,MOVING_TO_FIELD,Field_1,0.96,MOVING_TO_FIELD,Field_1,0.96,MOVING_TO_FIELD,Field_1,0.96,PROTECTING,Field_3,0.97,MOVING_TO_CHARGER,Charger_1,0.96,MOVING_TO_FIELD,Field_2,0.96,MOVING_TO_CHARGER,Charger_1,0,0.14,0,0,0.06,0,0,0.07,2
5,0,0,0,0,3,9,0,0.95,MOVING_TO_FIELD,Field_2,0.95,MOVING_TO_FIELD,Field_3,0.95,MOVING_TO_FIELD,Field_1,0.95,MOVING_TO_CHARGER,Charger_1,0.95,MOVING_TO_FIELD,Field_2,0.95,MOVING_TO_FIELD,Field_1,0.95,MOVING_TO_FIELD,Field_1,0.95,MOVING_TO_FIELD,Field_2,0.95,MOVING_TO_CHARGER,Charger_1,0.96,MOVING_TO_CHARGER,Charger_1,0.95,MOVING_TO_FIELD,Field_1,0.95,MOVING_TO_FIELD,Field_1,0,0.14,0,0,0.06,0,0,0.08,0
6,0,0,0,1,1,10,0,0.94,MOVING_TO_FIELD,Field_3,0.94,MOVING_TO_FIELD,Field_3,0.94,MOVING_TO_FIELD,Field_3,0.94,MOVING_TO_FIELD,Field_3,0.94,MOVING_TO_FIELD,Field_2,0.94,MOVING_TO_FIELD,Field_1,0.94,MOVING_TO_FIELD,Field_1,0.94,MOVING_TO_FIELD,Field_1,0.94,PROTECTING,Field_3,0.95,MOVING_TO_CHARGER,Charger_1,0.94,MOVING_TO_FIELD,Field_2,0.94,MOVING_TO_FIELD,Field_3,0,0.14,0,0,0.06,0,0,0.07,1
7,0,2,0,2,1,7,0,0.93,PROTECTING,Field_3,0.93,MOVING_TO_FIELD,Field_1,0.93,MOVING_TO_FIELD,Field_3,0.93,MOVING_TO_CHARGER,Charger_1,0.93,MOVING_TO_FIELD,Field_2,0.93,MOVING_TO_FIELD,Field_1,0.93,MOVING_TO_FIELD,Field_1,0.94,IDLE,,0.93,PROTECTING,Field_3,0.94,MOVING_TO_FIELD,Field_3,0.94,IDLE,,0.93,MOVING_TO_FIELD,Field_1,0,0.15,0,0,0.06,0,0,0.07,2
8,0,0,0,1,2,9,0,0.92,MOVING_TO_FIELD,Field_2,0.92,MOVING_TO_FIELD,Field_3,0.92,MOVING_TO_FIELD,Field_3,0.92,MOVING_TO_FIELD,Field_3,0.92,PROTECTING,Field_2,0.92,MOVING_TO_FIELD,Field_1,0.92,MOVING_TO_FIELD,Field_1,0.93,MOVING_TO_FIELD,Field_1,0.92,MOVING_TO_FIELD,Field_1,0.93,MOVING_TO_CHARGER,Charger_1,0.93,MOVING_TO_CHARGER,Charger_1,0.92,MOVING_TO_FIELD,Field_1,0,0.16,0,0,0.06,1,0,0.08,0
9,0,0,0,0,4,8,0,0.91,MOVING_TO_FIELD,Field_1,0.91,MOVING_TO_FIELD,Field_3,0.91,MOVING_TO_FIELD,Field_1,0.91,MOVING_TO_CHARGER,Charger_1,0.91,MOVING_TO_FIELD,Field_1,0.91,MOVING_TO_FIELD,Field_1,0.91,MOVING_TO_CHARGER,Charger_1,0.92,MOVING_TO_FIELD,Field_1,0.91,MOVING_TO_FIELD,Field_1,0.92,MOVING_TO_CHARGER,Charger_1,0.92,MOVING_TO_FIELD,Field_2,0.91,MOVING_TO_CHARGER,Charger_1,0,0.17,0,0,0.05,0,0,0.08,0
10,1,1,0,1,1,9,0,0.91,IDLE,,0.90,MOVING_TO_FIELD,Field_3,0.90,MOVING_TO_FIELD,Field_1,0.90,MOVING_TO_FIELD,Field_3,0.90,PROTECTING,Field_2,0.90,MOVING_TO_FIELD,Field_1,0.90,MOVING_TO_FIELD,Field_1,0.91,MOVING_TO_FIELD,Field_1,0.90,MOVING_TO_FIELD,Field_1,0.91,MOVING_TO_CHARGER,Charger_1,0.91,MOVING_TO_FIELD,Field_2,0.90,MOVING_TO_FIELD,Field_1,1,0.17,0,0,0.05,1,0,0.08,0
11,1,1,0,1,2,8,0,0.90,MOVING_TO_FIELD,Field_1,0.89,MOVING_TO_FIELD,Field_3,0.89,MOVING_TO_FIELD,Field_1,0.89,MOVING_TO_CHARGER,Charger_1,0.89,PROTECTING,Field_2,0.89,MOVING_TO_FIELD,Field_1,0.90,IDLE,,0.90,MOVING_TO_FIELD,Field_3,0.89,MOVING_TO_FIELD,Field_3,0.90,MOVING_TO_CHARGER,Charger_1,0.90,MOVING_TO_FIELD,Field_2,0.89,MOVING_TO_FIELD,Field_1,1,0.17,0,0,0.06,1,0,0.10,0
12,1,0,0,2,2,8,0,0.89,MOVING_TO_FIELD,Field_3,0.88,MOVING_TO_FIELD,Field_3,0.88,MOVING_TO_FIELD,Field_3,0.88,MOVING_TO_FIELD,Field_3,0.89,PROTECTING,Field_2,0.88,PROTECTING,Field_1,0.89,MOVING_TO_FIELD,Field_1,0.89,MOVING_TO_FIELD,Field_1,0.88,MOVING_TO_FIELD,Field_1,0.89,MOVING_TO_CHARGER,Charger_1,0.89,MOVING_TO_FIELD,Field_2,0.88,MOVING_TO_CHARGER,Charger_1,1,0.16,1,0,0.06,1,0,0.11,0
13,1,0,0,2,3,7,0,0.88,MOVING_TO_FIELD,Field_1,0.87,MOVING_TO_FIELD,Field_3,0.87,MOVING_TO_FIELD,Field_1,0.87,MOVING_TO_CHARGER,Charger_1,0.88,PROTECTING,Field_2,0.87,PROTECTING,Field_1,0.88,MOVING_TO_FIELD,Field_1,0.88,MOVING_TO_FIELD,Field_2,0.87,MOVING_TO_FIELD,Field_3,0.88,MOVING_TO_CHARGER,Charger_1,0.88,MOVING_TO_FIELD,Field_1,0.87,MOVING_TO_CHARGER,Charger_1,1,0.18,1,0,0.07,1,0,0.11,0
14,1,0,0,3,0,9,0,0.87,MOVING_TO_FIELD,Field_2,0.86,PROTECTING,Field_3,0.86,MOVING_TO_FIELD,Field_1,0.86,MOVING_TO_FIELD,Field_3,0.87,PROTECTING,Field_2,0.87,PROTECTING,Field_1,0.87,MOVING_TO_FIELD,Field_1,0.87,MOVING_TO_FIELD,Field_1,0.86,MOVING_TO_FIELD,Field_1,0.87,MOVING_TO_FIELD,Field_2,0.87,MOVING_TO_FIELD,Field_1,0.86,MOVING_TO_FIELD,Field_2,1,0.17,1,0,0.08,1,0,0.13,1
15,3,0,0,2,5,5,0,0.86,MOVING_TO_FIELD,Field_1,0.85,MOVING_TO_CHARGER,Charger_1,0.85,MOVING_TO_FIELD,Field_3,0.85,MOVING_TO_CHARGER,Charger_1,0.86,PROTECTING,Field_2,0.86,PROTECTING,Field_1,0.86,MOVING_TO_FIELD,Field_1,0.86,MOVING_TO_CHARGER,Charger_1,0.85,MOVING_TO_FIELD,Field_3,0.86,MOVING_TO_CHARGER,Charger_1,0.86,MOVING_TO_FIELD,Field_1,0.85,MOVING_TO_CHARGER,Charger_1,1,0.16,1,0,0.08,1,2,0.14,0
16,4,0,1,2,3,6,0,0.85,MOVING_TO_FIELD,Field_2,0.84,MOVING_TO_FIELD,Field_3,0.84,MOVING_TO_FIELD,Field_1,0.85,CHARGING,Charger_1,0.86,PROTECTING,Field_2,0.85,PROTECTING,Field_1,0.85,MOVING_TO_CHARGER,Charger_1,0.85,MOVING_TO_FIELD,Field_1,0.84,MOVING_TO_CHARGER,Charger_1,0.85,MOVING_TO_FIELD,Field_2,0.85,MOVING_TO_FIELD,Field_1,0.84,MOVING_TO_CHARGER,Charger_1,1,0.16,1,0,0.08,1,3,0.15,0
17,4,0,0,4,0,8,0,0.84,MOVING_TO_FIELD,Field_1,0.83,PROTECTING,Field_3,0.83,MOVING_TO_FIELD,Field_3,0.84,MOVING_TO_FIELD,Field_1,0.85,PROTECTING,Field_2,0.84,PROTECTING,Field_1,0.84,MOVING_TO_FIELD,Field_2,0.84,PROTECTING,Field_1,0.83,MOVING_TO_FIELD,Field_1,0.84,MOVING_TO_FIELD,Field_2,0.84,MOVING_TO_FIELD,Field_2,0.83,MOVING_TO_FIELD,Field_3,1,0.16,2,0,0.08,1,3,0.16,1
18,4,1,0,4,1,6,0,0.83,MOVING_TO_FIELD,Field_1,0.82,PROTECTING,Field_3,0.82,MOVING_TO_FIELD,Field_3,0.83,MOVING_TO_CHARGER,Charger_1,0.84,PROTECTING,Field_2,0.84,PROTECTING,Field_1,0.83,MOVING_TO_FIELD,Field_1,0.83,PROTECTING,Field_1,0.82,MOVING_TO_FIELD,Field_1,0.84,IDLE,,0.83,MOVING_TO_FIELD,Field_2,0.82,MOVING_TO_FIELD,Field_3,1,0.15,2,0,0.09,1,3,0.18,1
19,6,2,1,2,0,7,0,0.82,MOVING_TO_FIELD,Field_1,0.81,MOVING_TO_FIELD,Field_1,0.81,MOVING_TO_FIELD,Field_3,0.83,CHARGING,Charger_1,0.84,PROTECTING,Field_2,0.83,PROTECTING,Field_1,0.82,MOVING_TO_FIELD,Field_1,0.83,IDLE,,0.81,MOVING_TO_FIELD,Field_1,0.84,IDLE,,0.82,MOVING_TO_FIELD,Field_2,0.81,MOVING_TO_FIELD,Field_3,1,0.15,1,0,0.08,1,5,0.19,0
20,8,1,1,3,1,6,0,0.81,MOVING_TO_FIELD,Field_1,0.80,MOVING_TO_FIELD,Field_3,0.80,MOVING_TO_FIELD,Field_3,0.84,CHARGING,Charger_1,0.83,PROTECTING,Field_2,0.82,PROTECTING,Field_1,0.81,MOVING_TO_FIELD,Field_1,0.82,PROTECTING,Field_1,0.80,MOVING_TO_FIELD,Field_1,0.84,IDLE,,0.81,MOVING_TO_FIELD,Field_1,0.80,MOVING_TO_CHARGER,Charger_1,1,0.16,2,0,0.08,1,7,0.19,0
21,11,0,1,3,1,7,0,0.80,MOVING_TO_FIELD,Field_1,0.79,PROTECTING,Field_3,0.79,MOVING_TO_FIELD,Field_3,0.85,CHARGING,Charger_1,0.82,PROTECTING,Field_2,0.82,PROTECTING,Field_1,0.80,MOVING_TO_FIELD,Field_1,0.81,MOVING_TO_CHARGER,Charger_1,0.79,MOVING_TO_FIELD,Field_1,0.83,MOVING_TO_FIELD,Field_2,0.80,MOVING_TO_FIELD,Field_2,0.79,MOVING_TO_FIELD,Field_3,2,0.15,1,0,0.10,1,9,0.19,1
22,13,1,1,3,1,6,0,0.79,MOVING_TO_FIELD,Field_3,0.79,PROTECTING,Field_3,0.78,MOVING_TO_FIELD,Field_3,0.86,CHARGING,Charger_1,0.82,PROTECTING,Field_2,0.81,PROTECTING,Field_1,0.79,MOVING_TO_FIELD,Field_1,0.80,MOVING_TO_FIELD,Field_1,0.78,MOVING_TO_FIELD,Field_1,0.83,IDLE,,0.79,MOVING_TO_FIELD,Field_2,0.78,MOVING_TO_CHARGER,Charger_1,4,0.15,1,0,0.13,1,9,0.20,1
23,15,1,0,5,0,6,0,0.78,MOVING_TO_FIELD,Field_1,0.78,PROTECTING,Field_3,0.77,MOVING_TO_FIELD,Field_1,0.85,MOVING_TO_FIELD,Field_3,0.81,PROTECTING,Field_2,0.80,PROTECTING,Field_1,0.78,PROTECTING,Field_1,0.79,PROTECTING,Field_1,0.77,MOVING_TO_FIELD,Field_1,0.82,MOVING_TO_FIELD,Field_2,0.78,MOVING_TO_FIELD,Field_1,0.78,IDLE,,4,0.15,3,0,0.12,1,11,0.20,1
24,17,2,1,4,0,5,0,0.77,MOVING_TO_FIELD,Field_1,0.77,PROTECTING,Field_3,0.77,IDLE,,0.85,CHARGING,Charger_1,0.80,PROTECTING,Field_2,0.80,PROTECTING,Field_1,0.77,PROTECTING,Field_1,0.78,MOVING_TO_FIELD,Field_2,0.76,MOVING_TO_FIELD,Field_1,0.82,IDLE,,0.77,MOVING_TO_FIELD,Field_1,0.77,MOVING_TO_FIELD,Field_3,4,0.16,2,1,0.12,1,12,0.20,1
25,17,1,1,5,1,4,0,0.76,MOVING_TO_FIELD,Field_1,0.76,PROTECTING,Field_3,0.76,MOVING_TO_FIELD,Field_3,0.86,CHARGING,Charger_1,0.79,PROTECTING,Field_2,0.79,PROTECTING,Field_1,0.77,PROTECTING,Field_1,0.77,PROTECTING,Field_1,0.75,MOVING_TO_FIELD,Field_1,0.82,IDLE,,0.76,MOVING_TO_FIELD,Field_1,0.76,MOVING_TO_CHARGER,Charger_1,4,0.16,3,1,0.13,1,12,0.21,1
26,19,0,2,5,2,3,0,0.75,MOVING_TO_CHARGER,Charger_1,0.76,PROTECTING,Field_3,0.75,MOVING_TO_FIELD,Field_1,0.87,CHARGING,Charger_1,0.79,PROTECTING,Field_2,0.78,PROTECTING,Field_1,0.76,PROTECTING,Field_1,0.77,PROTECTING,Field_1,0.74,MOVING_TO_FIELD,Field_1,0.81,MOVING_TO_CHARGER,Charger_1,0.75,MOVING_TO_FIELD,Field_2,0.76,CHARGING,Charger_1,4,0.16,3,3,0.13,1,12,0.25,1
27,25,0,2,5,0,5,0,0.74,MOVING_TO_FIELD,Field_1,0.75,PROTECTING,Field_3,0.74,MOVING_TO_FIELD,Field_1,0.88,CHARGING,Charger_1,0.78,PROTECTING,Field_2,0.77,PROTECTING,Field_1,0.75,PROTECTING,Field_1,0.76,MOVING_TO_FIELD,Field_2,0.73,PROTECTING,Field_1,0.80,MOVING_TO_FIELD,Field_1,0.74,MOVING_TO_FIELD,Field_1,0.77,CHARGING,Charger_1,6,0.18,3,4,0.14,1,15,0.26,1
28,25,0,1,6,0,5,0,0.73,MOVING_TO_FIELD,Field_2,0.74,PROTECTING,Field_3,0.73,MOVING_TO_FIELD,Field_1,0.89,CHARGING,Charger_1,0.77,PROTECTING,Field_2,0.77,PROTECTING,Field_1,0.74,PROTECTING,Field_1,0.75,PROTECTING,Field_1,0.73,PROTECTING,Field_1,0.79,MOVING_TO_FIELD,Field_2,0.73,MOVING_TO_FIELD,Field_1,0.76,MOVING_TO_FIELD,Field_3,6,0.17,4,4,0.17,1,15,0.27,1
29,26,1,0,6,1,4,0,0.72,MOVING_TO_CHARGER,Charger_1,0.74,PROTECTING,Field_3,0.72,MOVING_TO_FIELD,Field_3,0.88,MOVING_TO_FIELD,Field_1,0.77,PROTECTING,Field_2,0.76,PROTECTING,Field_1,0.74,PROTECTING,Field_1,0.74,PROTECTING,Field_1,0.72,PROTECTING,Field_1,0.79,IDLE,,0.72,MOVING_TO_FIELD,Field_2,0.75,MOVING_TO_FIELD,Field_1,6,0.17,4,4,0.22,1,16,0.27,1
30,33,1,1,5,2,3,0,0.71,MOVING_TO_FIELD,Field_1,0.73,PROTECTING,Field_3,0.71,MOVING_TO_CHARGER,Charger_1,0.87,MOVING_TO_CHARGER,Charger_1,0.76,PROTECTING,Field_2,0.75,PROTECTING,Field_1,0.73,PROTECTING,Field_1,0.73,MOVING_TO_FIELD,Field_2,0.71,PROTECTING,Field_1,0.79,IDLE,,0.71,MOVING_TO_FIELD,Field_2,0.75,CHARGING,Charger_1,7,0.19,3,5,0.23,1,21,0.27,1
31,37,1,1,6,0,4,0,0.70,MOVING_TO_FIELD,Field_1,0.72,PROTECTING,Field_3,0.70,MOVING_TO_FIELD,Field_2,0.87,CHARGING,Charger_1,0.75,PROTECTING,Field_2,0.75,PROTECTING,Field_1,0.72,PROTECTING,Field_1,0.72,PROTECTING,Field_1,0.70,PROTECTING,Field_1,0.79,IDLE,,0.70,MOVING_TO_FIELD,Field_2,0.74,MOVING_TO_FIELD,Field_3,8,0.19,4,5,0.24,1,24,0.26,1
32,40,2,1,5,0,4,0,0.69,MOVING_TO_FIELD,Field_1,0.72,PROTECTING,Field_3,0.69,MOVING_TO_FIELD,Field_3,0.88,CHARGING,Charger_1,0.75,IDLE,,0.74,PROTECTING,Field_1,0.72,PROTECTING,Field_1,0.71,PROTECTING,Field_1,0.70,PROTECTING,Field_1,0.79,IDLE,,0.69,MOVING_TO_FIELD,Field_2,0.73,MOVING_TO_FIELD,Field_3,10,0.20,4,5,0.24,0,25,0.24,1
33,45,2,1,7,1,1,0,0.68,PROTECTING,Field_1,0.71,MOVING_TO_FIELD,Field_1,0.69,IDLE,,0.89,CHARGING,Charger_1,0.74,PROTECTING,Field_2,0.73,PROTECTING,Field_1,0.71,PROTECTING,Field_1,0.70,PROTECTING,Field_1,0.69,PROTECTING,Field_1,0.79,IDLE,,0.68,PROTECTING,Field_2,0.72,MOVING_TO_CHARGER,Charger_1,12,0.20,5,8,0.25,2,25,0.23,0
34,47,1,2,6,0,3,0,0.67,PROTECTING,Field_1,0.70,MOVING_TO_FIELD,Field_3,0.68,MOVING_TO_FIELD,Field_1,0.90,CHARGING,Charger_1,0.74,PROTECTING,Field_2,0.73,PROTECTING,Field_1,0.70,PROTECTING,Field_1,0.69,MOVING_TO_FIELD,Field_2,0.68,PROTECTING,Field_1,0.79,IDLE,,0.67,PROTECTING,Field_2,0.72,CHARGING,Charger_1,13,0.21,4,8,0.26,2,26,0.25,0
35,49,1,1,7,0,3,0,0.67,PROTECTING,Field_1,0.69,PROTECTING,Field_3,0.67,MOVING_TO_FIELD,Field_1,0.91,CHARGING,Charger_1,0.73,PROTECTING,Field_2,0.72,PROTECTING,Field_1,0.70,PROTECTING,Field_1,0.68,MOVING_TO_FIELD,Field_2,0.68,PROTECTING,Field_1,0.79,IDLE,,0.67,PROTECTING,Field_2,0.71,MOVING_TO_FIELD,Field_3,14,0.21,4,8,0.26,2,27,0.24,1
36,53,1,2,7,0,2,0,0.66,PROTECTING,Field_1,0.68,PROTECTING,Field_3,0.66,MOVING_TO_FIELD,Field_1,0.92,CHARGING,Charger_1,0.72,PROTECTING,Field_2,0.71,PROTECTING,Field_1,0.69,PROTECTING,Field_1,0.67,MOVING_TO_FIELD,Field_2,0.67,PROTECTING,Field_1,0.79,IDLE,,0.66,PROTECTING,Field_2,0.71,CHARGING,Charger_1,14,0.20,4,11,0.28,2,28,0.23,1
37,55,1,2,6,0,3,0,0.65,PROTECTING,Field_1,0.67,PROTECTING,Field_3,0.65,MOVING_TO_FIELD,Field_1,0.93,CHARGING,Charger_1,0.71,PROTECTING,Field_2,0.70,PROTECTING,Field_1,0.68,PROTECTING,Field_1,0.66,MOVING_TO_FIELD,Field_2,0.66,PROTECTING,Field_1,0.79,IDLE,,0.65,MOVING_TO_FIELD,Field_1,0.72,CHARGING,Charger_1,14,0.20,4,12,0.28,1,29,0.21,1
38,58,0,2,6,1,3,0,0.64,PROTECTING,Field_1,0.66,PROTECTING,Field_3,0.64,MOVING_TO_FIELD,Field_1,0.94,CHARGING,Charger_1,0.71,PROTECTING,Field_2,0.70,PROTECTING,Field_1,0.67,PROTECTING,Field_1,0.65,MOVING_TO_FIELD,Field_2,0.66,PROTECTING,Field_1,0.78,MOVING_TO_FIELD,Field_2,0.64,MOVING_TO_CHARGER,Charger_1,0.73,CHARGING,Charger_1,15,0.21,4,13,0.29,1,30,0.21,1
39,64,0,2,5,1,4,0,0.63,MOVING_TO_FIELD,Field_2,0.66,PROTECTING,Field_3,0.63,MOVING_TO_FIELD,Field_1,0.95,CHARGING,Charger_1,0.70,PROTECTING,Field_2,0.69,PROTECTING,Field_1,0.67,PROTECTING,Field_1,0.64,MOVING_TO_FIELD,Field_2,0.65,PROTECTING,Field_1,0.77,MOVING_TO_CHARGER,Charger_1,0.63,MOVING_TO_FIELD,Field_1,0.74,CHARGING,Charger_1,18,0.21,3,13,0.29,1,33,0.19,1
40,72,1,1,5,0,5,0,0.62,MOVING_TO_FIELD,Field_1,0.65,PROTECTING,Field_3,0.62,MOVING_TO_FIELD,Field_1,0.96,CHARGING,Charger_1,0.69,PROTECTING,Field_2,0.68,PROTECTING,Field_1,0.66,PROTECTING,Field_1,0.63,MOVING_TO_FIELD,Field_2,0.64,PROTECTING,Field_1,0.77,IDLE,,0.62,MOVING_TO_FIELD,Field_1,0.73,MOVING_TO_FIELD,Field_3,20,0.20,3,17,0.30,1,35,0.18,1
41,76,0,1,6,0,5,0,0.61,PROTECTING,Field_1,0.64,PROTECTING,Field_3,0.61,MOVING_TO_FIELD,Field_3,0.97,CHARGING,Charger_1,0.69,PROTECTING,Field_2,0.68,PROTECTING,Field_1,0.65,PROTECTING,Field_1,0.62,MOVING_TO_FIELD,Field_1,0.63,PROTECTING,Field_1,0.76,MOVING_TO_FIELD,Field_2,0.61,MOVING_TO_FIELD,Field_1,0.72,MOVING_TO_FIELD,Field_3,22,0.21,4,18,0.30,1,36,0.18,1
42,80,0,1,5,1,5,0,0.60,MOVING_TO_FIELD,Field_2,0.64,PROTECTING,Field_3,0.60,MOVING_TO_FIELD,Field_1,0.98,CHARGING,Charger_1,0.68,PROTECTING,Field_2,0.67,PROTECTING,Field_1,0.65,PROTECTING,Field_1,0.61,MOVING_TO_FIELD,Field_1,0.63,PROTECTING,Field_1,0.75,MOVING_TO_FIELD,Field_2,0.60,MOVING_TO_FIELD,Field_1,0.71,MOVING_TO_CHARGER,Charger_1,22,0.23,3,21,0.30,1,37,0.18,1
43,84,0,1,3,0,8,0,0.59,MOVING_TO_FIELD,Field_1,0.63,MOVING_TO_FIELD,Field_2,0.59,MOVING_TO_FIELD,Field_3,0.99,CHARGING,Charger_1,0.67,PROTECTING,Field_2,0.66,MOVING_TO_FIELD,Field_2,0.64,PROTECTING,Field_1,0.60,MOVING_TO_FIELD,Field_1,0.62,PROTECTING,Field_1,0.74,MOVING_TO_FIELD,Field_2,0.59,MOVING_TO_FIELD,Field_1,0.70,MOVING_TO_FIELD,Field_3,22,0.24,2,23,0.30,1,39,0.17,0
44,87,1,0,4,0,7,0,0.58,MOVING_TO_FIELD,Field_2,0.62,PROTECTING,Field_3,0.58,MOVING_TO_FIELD,Field_3,1,IDLE,,0.67,PROTECTING,Field_2,0.65,MOVING_TO_FIELD,Field_1,0.63,PROTECTING,Field_1,0.59,MOVING_TO_FIELD,Field_1,0.61,PROTECTING,Field_1,0.73,MOVING_TO_FIELD,Field_2,0.58,MOVING_TO_FIELD,Field_2,0.69,MOVING_TO_FIELD,Field_3,23,0.24,2,25,0.30,1,39,0.16,1
45,90,1,0,5,2,4,0,0.57,MOVING_TO_FIELD,Field_3,0.61,PROTECTING,Field_3,0.57,MOVING_TO_FIELD,Field_3,1,IDLE,,0.66,PROTECTING,Field_2,0.64,PROTECTING,Field_1,0.63,PROTECTING,Field_1,0.58,MOVING_TO_CHARGER,Charger_1,0.61,PROTECTING,Field_1,0.72,MOVING_TO_CHARGER,Charger_1,0.57,MOVING_TO_FIELD,Field_1,0.68,MOVING_TO_FIELD,Field_1,25,0.24,3,26,0.30,1,39,0.16,1
46,96,2,0,4,0,6,0,0.56,MOVING_TO_FIELD,Field_1,0.60,PROTECTING,Field_3,0.56,MOVING_TO_FIELD,Field_3,1,IDLE,,0.65,PROTECTING,Field_2,0.63,PROTECTING,Field_1,0.62,PROTECTING,Field_1,0.57,MOVING_TO_FIELD,Field_2,0.60,MOVING_TO_FIELD,Field_2,0.72,IDLE,,0.56,MOVING_TO_FIELD,Field_2,0.67,MOVING_TO_FIELD,Field_3,28,0.24,2,28,0.31,1,40,0.14,1
47,100,3,0,4,1,4,0,0.55,PROTECTING,Field_1,0.60,PROTECTING,Field_3,0.55,MOVING_TO_CHARGER,Charger_1,1,IDLE,,0.64,PROTECTING,Field_2,0.63,PROTECTING,Field_1,0.62,IDLE,,0.56,MOVING_TO_FIELD,Field_1,0.59,MOVING_TO_FIELD,Field_1,0.72,IDLE,,0.55,MOVING_TO_FIELD,Field_1,0.66,MOVING_TO_FIELD,Field_1,30,0.24,2,29,0.31,1,41,0.14,1
48,102,2,0,6,1,3,0,0.55,PROTECTING,Field_1,0.59,PROTECTING,Field_3,0.54,MOVING_TO_FIELD,Field_1,1,IDLE,,0.64,PROTECTING,Field_2,0.62,PROTECTING,Field_1,0.61,PROTECTING,Field_1,0.55,MOVING_TO_FIELD,Field_2,0.58,PROTECTING,Field_1,0.72,IDLE,,0.54,MOVING_TO_FIELD,Field_1,0.65,MOVING_TO_CHARGER,Charger_1,31,0.26,4,30,0.31,1,41,0.14,1
49,109,2,0,6,0,4,0,0.54,PROTECTING,Field_1,0.58,PROTECTING,Field_3,0.53,MOVING_TO_FIELD,Field_1,1,IDLE,,0.63,PROTECTING,Field_2,0.61,PROTECTING,Field_1,0.60,PROTECTING,Field_1,0.54,MOVING_TO_FIELD,Field_2,0.57,PROTECTING,Field_1,0.71,MOVING_TO_FIELD,Field_2,0.54,IDLE,,0.64,MOVING_TO_FIELD,Field_3,34,0.28,4,31,0.31,1,44,0.14,1
50,111,1,0,5,1,5,0,0.53,MOVING_TO_FIELD,Field_2,0.57,PROTECTING,Field_3,0.52,MOVING_TO_FIELD,Field_1,1,IDLE,,0.62,PROTECTING,Field_2,0.60,PROTECTING,Field_1,0.59,PROTECTING,Field_1,0.53,MOVING_TO_FIELD,Field_2,0.56,PROTECTING,Field_1,0.70,MOVING_TO_FIELD,Field_2,0.53,MOVING_TO_FIELD,Field_1,0.63,MOVING_TO_CHARGER,Charger_1,35,0.30,3,32,0.31,1,44,0.13,1
51,115,2,0,5,0,5,0,0.53,IDLE,,0.57,PROTECTING,Field_3,0.51,MOVING_TO_FIELD,Field_2,1,IDLE,,0.62,PROTECTING,Field_2,0.60,PROTECTING,Field_1,0.59,PROTECTING,Field_1,0.52,MOVING_TO_FIELD,Field_1,0.56,PROTECTING,Field_1,0.69,MOVING_TO_FIELD,Field_2,0.52,MOVING_TO_FIELD,Field_1,0.62,MOVING_TO_FIELD,Field_3,37,0.29,3,32,0.31,1,46,0.14,1
52,120,1,0,4,0,7,0,0.52,MOVING_TO_FIELD,Field_1,0.56,PROTECTING,Field_3,0.50,MOVING_TO_FIELD,Field_1,0.99,MOVING_TO_FIELD,Field_1,0.61,MOVING_TO_FIELD,Field_3,0.59,PROTECTING,Field_1,0.58,PROTECTING,Field_1,0.51,MOVING_TO_FIELD,Field_2,0.55,PROTECTING,Field_1,0.69,IDLE,,0.51,MOVING_TO_FIELD,Field_1,0.61,MOVING_TO_FIELD,Field_3,38,0.29,3,34,0.30,0,48,0.13,1
53,127,0,0,6,2,4,0,0.51,MOVING_TO_FIELD,Field_3,0.55,PROTECTING,Field_3,0.49,PROTECTING,Field_1,0.98,MOVING_TO_CHARGER,Charger_1,0.60,PROTECTING,Field_2,0.58,PROTECTING,Field_1,0.57,PROTECTING,Field_1,0.50,MOVING_TO_FIELD,Field_2,0.54,PROTECTING,Field_1,0.68,MOVING_TO_CHARGER,Charger_1,0.50,MOVING_TO_FIELD,Field_1,0.60,MOVING_TO_FIELD,Field_1,42,0.28,4,37,0.29,1,48,0.11,1
54,131,0,1,6,0,5,0,0.50,MOVING_TO_FIELD,Field_3,0.55,PROTECTING,Field_3,0.48,PROTECTING,Field_1,0.98,CHARGING,Charger_1,0.59,PROTECTING,Field_2,0.58,PROTECTING,Field_1,0.57,PROTECTING,Field_1,0.49,MOVING_TO_FIELD,Field_2,0.53,PROTECTING,Field_1,0.67,MOVING_TO_FIELD,Field_2,0.49,MOVING_TO_FIELD,Field_2,0.59,MOVING_TO_FIELD,Field_3,45,0.27,4,38,0.28,1,48,0.12,1
55,138,1,1,4,0,6,0,0.49,MOVING_TO_FIELD,Field_2,0.54,PROTECTING,Field_3,0.47,MOVING_TO_FIELD,Field_3,0.99,CHARGING,Charger_1,0.58,PROTECTING,Field_2,0.57,PROTECTING,Field_1,0.56,PROTECTING,Field_1,0.48,MOVING_TO_FIELD,Field_2,0.53,IDLE,,0.66,MOVING_TO_FIELD,Field_2,0.48,MOVING_TO_FIELD,Field_1,0.58,MOVING_TO_FIELD,Field_3,48,0.27,2,40,0.28,1,50,0.12,1
56,141,1,0,5,1,5,0,0.48,MOVING_TO_FIELD,Field_1,0.53,PROTECTING,Field_3,0.46,MOVING_TO_FIELD,Field_3,1,IDLE,,0.57,MOVING_TO_CHARGER,Charger_1,0.56,PROTECTING,Field_1,0.55,PROTECTING,Field_1,0.47,MOVING_TO_FIELD,Field_1,0.52,PROTECTING,Field_1,0.65,PROTECTING,Field_2,0.47,MOVING_TO_FIELD,Field_3,0.57,MOVING_TO_FIELD,Field_3,51,0.25,3,40,0.30,1,50,0.13,1
57,142,1,0,4,2,5,0,0.47,MOVING_TO_FIELD,Field_1,0.53,PROTECTING,Field_3,0.45,MOVING_TO_FIELD,Field_3,1,IDLE,,0.56,PROTECTING,Field_2,0.56,PROTECTING,Field_1,0.55,PROTECTING,Field_1,0.46,MOVING_TO_FIELD,Field_2,0.51,MOVING_TO_CHARGER,Charger_1,0.64,MOVING_TO_CHARGER,Charger_1,0.46,MOVING_TO_FIELD,Field_1,0.56,MOVING_TO_FIELD,Field_3,52,0.25,2,40,0.32,1,50,0.13,1
58,147,2,0,5,1,4,0,0.47,IDLE,,0.52,PROTECTING,Field_3,0.44,MOVING_TO_FIELD,Field_1,1,IDLE,,0.56,PROTECTING,Field_2,0.55,PROTECTING,Field_1,0.54,PROTECTING,Field_1,0.45,MOVING_TO_FIELD,Field_1,0.50,MOVING_TO_FIELD,Field_1,0.63,MOVING_TO_CHARGER,Charger_1,0.45,PROTECTING,Field_1,0.55,MOVING_TO_FIELD,Field_3,52,0.25,3,43,0.31,1,52,0.13,1
59,153,0,0,6,1,5,0,0.46,PROTECTING,Field_1,0.51,PROTECTING,Field_3,0.43,MOVING_TO_FIELD,Field_1,0.99,MOVING_TO_FIELD,Field_1,0.55,PROTECTING,Field_2,0.54,PROTECTING,Field_1,0.53,PROTECTING,Field_1,0.44,MOVING_TO_FIELD,Field_2,0.49,PROTECTING,Field_1,0.62,MOVING_TO_CHARGER,Charger_1,0.44,MOVING_TO_FIELD,Field_2,0.54,MOVING_TO_FIELD,Field_3,53,0.25,4,45,0.31,1,55,0.13,1
60,157,1,0,6,0,5,0,0.45,PROTECTING,Field_1,0.50,PROTECTING,Field_3,0.42,MOVING_TO_FIELD,Field_1,0.98,MOVING_TO_FIELD,Field_1,0.54,PROTECTING,Field_2,0.53,PROTECTING,Field_1,0.52,PROTECTING,Field_1,0.43,MOVING_TO_FIELD,Field_2,0.49,PROTECTING,Field_1,0.62,IDLE,,0.43,MOVING_TO_FIELD,Field_1,0.53,MOVING_TO_FIELD,Field_3,55,0.25,4,47,0.30,1,55,0.15,1
61,160,1,0,8,1,2,0,0.45,PROTECTING,Field_1,0.50,PROTECTING,Field_3,0.41,PROTECTING,Field_1,0.97,MOVING_TO_CHARGER,Charger_1,0.53,PROTECTING,Field_2,0.52,MOVING_TO_FIELD,Field_2,0.52,PROTECTING,Field_1,0.42,MOVING_TO_FIELD,Field_2,0.48,PROTECTING,Field_1,0.62,IDLE,,0.42,PROTECTING,Field_1,0.52,PROTECTING,Field_3,58,0.24,5,47,0.31,1,55,0.17,2
62,164,1,0,6,1,4,0,0.44,MOVING_TO_CHARGER,Charger_1,0.49,PROTECTING,Field_3,0.41,PROTECTING,Field_1,0.96,MOVING_TO_FIELD,Field_3,0.53,PROTECTING,Field_2,0.51,PROTECTING,Field_1,0.51,PROTECTING,Field_1,0.41,MOVING_TO_FIELD,Field_2,0.47,PROTECTING,Field_1,0.62,IDLE,,0.41,MOVING_TO_FIELD,Field_2,0.51,MOVING_TO_FIELD,Field_1,61,0.24,4,47,0.31,1,56,0.18,1
63,165,1,0,8,0,3,0,0.43,MOVING_TO_FIELD,Field_1,0.48,PROTECTING,Field_3,0.40,PROTECTING,Field_1,0.95,MOVING_TO_FIELD,Field_2,0.52,PROTECTING,Field_2,0.51,PROTECTING,Field_1,0.50,PROTECTING,Field_1,0.40,PROTECTING,Field_2,0.47,PROTECTING,Field_1,0.62,IDLE,,0.40,MOVING_TO_FIELD,Field_1,0.50,PROTECTING,Field_3,62,0.24,4,47,0.30,2,56,0.16,2
64,169,1,1,9,0,1,0,0.42,PROTECTING,Field_1,0.48,PROTECTING,Field_3,0.39,PROTECTING,Field_1,0.95,CHARGING,Charger_1,0.51,PROTECTING,Field_2,0.50,PROTECTING,Field_1,0.50,PROTECTING,Field_1,0.40,PROTECTING,Field_2,0.46,PROTECTING,Field_1,0.62,IDLE,,0.39,MOVING_TO_FIELD,Field_2,0.49,PROTECTING,Field_3,63,0.24,5,49,0.29,2,57,0.18,2
65,172,1,0,8,1,2,0,0.41,MOVING_TO_CHARGER,Charger_1,0.47,PROTECTING,Field_3,0.38,PROTECTING,Field_1,0.94,MOVING_TO_FIELD,Field_2,0.51,PROTECTING,Field_2,0.49,PROTECTING,Field_1,0.49,PROTECTING,Field_1,0.39,PROTECTING,Field_2,0.45,PROTECTING,Field_1,0.62,IDLE,,0.38,MOVING_TO_FIELD,Field_2,0.49,PROTECTING,Field_3,64,0.24,4,50,0.30,2,58,0.17,2
66,172,1,0,7,2,2,0,0.40,MOVING_TO_CHARGER,Charger_1,0.46,PROTECTING,Field_3,0.38,PROTECTING,Field_1,0.93,MOVING_TO_FIELD,Field_2,0.50,PROTECTING,Field_2,0.49,PROTECTING,Field_1,0.48,PROTECTING,Field_1,0.39,IDLE,,0.45,PROTECTING,Field_1,0.61,MOVING_TO_CHARGER,Charger_1,0.37,MOVING_TO_FIELD,Field_2,0.48,PROTECTING,Field_3,64,0.24,4,50,0.30,1,58,0.17,2
67,177,1,0,6,2,3,0,0.39,MOVING_TO_CHARGER,Charger_1,0.46,PROTECTING,Field_3,0.37,PROTECTING,Field_1,0.92,MOVING_TO_FIELD,Field_2,0.49,PROTECTING,Field_2,0.48,MOVING_TO_CHARGER,Charger_1,0.48,PROTECTING,Field_1,0.39,IDLE,,0.44,PROTECTING,Field_1,0.60,MOVING_TO_FIELD,Field_1,0.36,MOVING_TO_FIELD,Field_2,0.47,PROTECTING,Field_3,65,0.24,3,53,0.30,1,59,0.17,2
68,181,1,0,3,2,6,0,0.38,MOVING_TO_CHARGER,Charger_1,0.45,MOVING_TO_FIELD,Field_2,0.36,MOVING_TO_FIELD,Field_3,0.91,MOVING_TO_FIELD,Field_1,0.49,PROTECTING,Field_2,0.47,MOVING_TO_CHARGER,Charger_1,0.47,PROTECTING,Field_1,0.39,IDLE,,0.43,PROTECTING,Field_1,0.59,MOVING_TO_FIELD,Field_3,0.35,MOVING_TO_FIELD,Field_1,0.46,MOVING_TO_FIELD,Field_1,67,0.23,2,54,0.31,1,60,0.19,0
69,184,2,1,2,2,5,0,0.38,CHARGING,Charger_1,0.44,MOVING_TO_FIELD,Field_3,0.35,MOVING_TO_FIELD,Field_3,0.90,MOVING_TO_FIELD,Field_1,0.48,PROTECTING,Field_2,0.47,IDLE,,0.46,PROTECTING,Field_1,0.39,IDLE,,0.42,MOVING_TO_CHARGER,Charger_1,0.58,MOVING_TO_FIELD,Field_3,0.34,MOVING_TO_FIELD,Field_3,0.45,MOVING_TO_CHARGER,Charger_1,69,0.21,1,55,0.31,1,60,0.20,0
70,186,0,1,0,4,7,0,0.39,CHARGING,Charger_1,0.43,MOVING_TO_FIELD,Field_3,0.34,MOVING_TO_FIELD,Field_3,0.89,MOVING_TO_FIELD,Field_1,0.47,MOVING_TO_FIELD,Field_3,0.46,MOVING_TO_CHARGER,Charger_1,0.45,MOVING_TO_CHARGER,Charger_1,0.38,MOVING_TO_FIELD,Field_1,0.41,MOVING_TO_CHARGER,Charger_1,0.57,MOVING_TO_FIELD,Field_2,0.33,MOVING_TO_FIELD,Field_2,0.44,MOVING_TO_CHARGER,Charger_1,69,0.22,0,56,0.31,0,61,0.19,0
71,190,2,0,0,2,8,0,0.38,MOVING_TO_FIELD,Field_2,0.42,MOVING_TO_FIELD,Field_2,0.33,MOVING_TO_FIELD,Field_3,0.88,MOVING_TO_FIELD,Field_1,0.46,MOVING_TO_FIELD,Field_3,0.45,MOVING_TO_FIELD,Field_3,0.44,MOVING_TO_FIELD,Field_2,0.38,IDLE,,0.40,MOVING_TO_FIELD,Field_2,0.56,MOVING_TO_CHARGER,Charger_1,0.32,MOVING_TO_CHARGER,Charger_1,0.44,IDLE,,70,0.22,0,57,0.31,0,63,0.17,0
72,194,0,0,0,5,7,0,0.37,MOVING_TO_FIELD,Field_2,0.41,MOVING_TO_FIELD,Field_3,0.32,MOVING_TO_FIELD,Field_3,0.87,MOVING_TO_FIELD,Field_1,0.45,MOVING_TO_FIELD,Field_1,0.44,MOVING_TO_FIELD,Field_3,0.43,MOVING_TO_CHARGER,Charger_1,0.37,MOVING_TO_CHARGER,Charger_1,0.39,MOVING_TO_CHARGER,Charger_1,0.55,MOVING_TO_CHARGER,Charger_1,0.31,MOVING_TO_FIELD,Field_2,0.43,MOVING_TO_CHARGER,Charger_1,71,0.22,0,60,0.30,0,63,0.18,0
73,197,1,1,0,2,8,0,0.36,MOVING_TO_FIELD,Field_2,0.40,MOVING_TO_FIELD,Field_2,0.31,MOVING_TO_FIELD,Field_1,0.86,MOVING_TO_FIELD,Field_3,0.44,MOVING_TO_CHARGER,Charger_1,0.43,MOVING_TO_FIELD,Field_3,0.42,MOVING_TO_FIELD,Field_2,0.37,IDLE,,0.39,CHARGING,Charger_1,0.54,MOVING_TO_FIELD,Field_3,0.30,MOVING_TO_FIELD,Field_2,0.42,MOVING_TO_CHARGER,Charger_1,72,0.20,0,62,0.30,0,63,0.18,0
74,198,1,1,0,2,8,0,0.35,MOVING_TO_CHARGER,Charger_1,0.39,MOVING_TO_FIELD,Field_3,0.30,MOVING_TO_FIELD,Field_3,0.85,MOVING_TO_FIELD,Field_1,0.43,MOVING_TO_FIELD,Field_3,0.42,MOVING_TO_CHARGER,Charger_1,0.42,IDLE,,0.36,MOVING_TO_FIELD,Field_1,0.40,CHARGING,Charger_1,0.53,MOVING_TO_FIELD,Field_2,0.29,MOVING_TO_FIELD,Field_3,0.41,MOVING_TO_FIELD,Field_3,72,0.21,0,63,0.29,0,63,0.17,0
75,199,3,1,0,2,6,0,0.35,IDLE,,0.38,MOVING_TO_FIELD,Field_2,0.30,IDLE,,0.84,MOVING_TO_FIELD,Field_2,0.42,MOVING_TO_CHARGER,Charger_1,0.41,MOVING_TO_FIELD,Field_3,0.41,MOVING_TO_FIELD,Field_2,0.36,IDLE,,0.41,CHARGING,Charger_1,0.52,MOVING_TO_FIELD,Field_3,0.28,MOVING_TO_FIELD,Field_3,0.40,MOVING_TO_CHARGER,Charger_1,72,0.20,0,64,0.28,0,63,0.17,0
76,205,2,0,0,3,7,0,0.34,MOVING_TO_CHARGER,Charger_1,0.37,MOVING_TO_CHARGER,Charger_1,0.29,MOVING_TO_FIELD,Field_3,0.83,MOVING_TO_FIELD,Field_2,0.41,MOVING_TO_CHARGER,Charger_1,0.40,MOVING_TO_FIELD,Field_3,0.41,IDLE,,0.36,IDLE,,0.40,MOVING_TO_FIELD,Field_2,0.51,MOVING_TO_FIELD,Field_3,0.27,MOVING_TO_FIELD,Field_2,0.39,MOVING_TO_FIELD,Field_3,73,0.19,0,69,0.28,0,63,0.16,0
77,209,1,1,0,3,7,0,0.33,MOVING_TO_CHARGER,Charger_1,0.36,MOVING_TO_FIELD,Field_2,0.28,MOVING_TO_FIELD,Field_3,0.82,MOVING_TO_FIELD,Field_2,0.40,MOVING_TO_CHARGER,Charger_1,0.39,MOVING_TO_FIELD,Field_3,0.40,MOVING_TO_FIELD,Field_2,0.36,IDLE,,0.40,CHARGING,Charger_1,0.50,MOVING_TO_FIELD,Field_3,0.26,MOVING_TO_FIELD,Field_3,0.38,MOVING_TO_CHARGER,Charger_1,74,0.19,0,71,0.28,0,64,0.15,0
78,215,2,0,0,4,6,0,0.33,IDLE,,0.35,MOVING_TO_CHARGER,Charger_1,0.27,MOVING_TO_FIELD,Field_3,0.81,MOVING_TO_CHARGER,Charger_1,0.39,MOVING_TO_CHARGER,Charger_1,0.38,MOVING_TO_FIELD,Field_3,0.39,MOVING_TO_CHARGER,Charger_1,0.36,IDLE,,0.39,MOVING_TO_FIELD,Field_2,0.49,MOVING_TO_FIELD,Field_3,0.25,MOVING_TO_FIELD,Field_2,0.37,MOVING_TO_FIELD,Field_3,75,0.19,0,75,0.28,0,65,0.16,0
79,218,1,1,0,2,8,0,0.33,CHARGING,Charger_1,0.34,MOVING_TO_FIELD,Field_2,0.26,MOVING_TO_CHARGER,Charger_1,0.80,MOVING_TO_FIELD,Field_2,0.38,MOVING_TO_FIELD,Field_3,0.37,MOVING_TO_FIELD,Field_3,0.38,MOVING_TO_FIELD,Field_2,0.36,IDLE,,0.38,MOVING_TO_FIELD,Field_2,0.48,MOVING_TO_FIELD,Field_3,0.24,MOVING_TO_FIELD,Field_3,0.36,MOVING_TO_CHARGER,Charger_1,77,0.18,0,76,0.29,0,65,0.15,0
80,222,1,0,0,4,7,0,0.32,MOVING_TO_FIELD,Field_2,0.33,MOVING_TO_FIELD,Field_2,0.25,MOVING_TO_CHARGER,Charger_1,0.79,MOVING_TO_FIELD,Field_3,0.37,MOVING_TO_CHARGER,Charger_1,0.36,MOVING_TO_CHARGER,Charger_1,0.37,MOVING_TO_CHARGER,Charger_1,0.36,IDLE,,0.37,MOVING_TO_FIELD,Field_2,0.47,MOVING_TO_FIELD,Field_3,0.23,MOVING_TO_FIELD,Field_3,0.35,MOVING_TO_FIELD,Field_3,78,0.19,0,77,0.30,0,67,0.14,0
81,225,1,0,0,5,6,0,0.31,MOVING_TO_CHARGER,Charger_1,0.32,MOVING_TO_FIELD,Field_2,0.24,MOVING_TO_CHARGER,Charger_1,0.78,MOVING_TO_FIELD,Field_2,0.36,MOVING_TO_CHARGER,Charger_1,0.35,MOVING_TO_FIELD,Field_3,0.36,MOVING_TO_FIELD,Field_2,0.36,IDLE,,0.36,MOVING_TO_CHARGER,Charger_1,0.46,MOVING_TO_FIELD,Field_3,0.22,MOVING_TO_FIELD,Field_3,0.34,MOVING_TO_CHARGER,Charger_1,79,0.20,0,79,0.29,0,67,0.13,0
82,225,1,1,0,4,6,0,0.31,CHARGING,Charger_1,0.31,MOVING_TO_CHARGER,Charger_1,0.23,MOVING_TO_CHARGER,Charger_1,0.77,MOVING_TO_FIELD,Field_2,0.35,MOVING_TO_CHARGER,Charger_1,0.34,MOVING_TO_FIELD,Field_3,0.35,MOVING_TO_CHARGER,Charger_1,0.36,IDLE,,0.35,MOVING_TO_FIELD,Field_2,0.45,MOVING_TO_FIELD,Field_3,0.21,MOVING_TO_FIELD,Field_3,0.33,MOVING_TO_FIELD,Field_3,79,0.20,0,79,0.28,0,67,0.14,0
83,226,2,1,1,2,6,0,0.32,CHARGING,Charger_1,0.30,MOVING_TO_FIELD,Field_2,0.22,MOVING_TO_FIELD,Field_2,0.76,MOVING_TO_FIELD,Field_2,0.35,IDLE,,0.33,MOVING_TO_CHARGER,Charger_1,0.34,MOVING_TO_FIELD,Field_2,0.36,IDLE,,0.34,MOVING_TO_FIELD,Field_2,0.44,PROTECTING,Field_3,0.20,MOVING_TO_FIELD,Field_3,0.32,MOVING_TO_CHARGER,Charger_1,79,0.21,0,79,0.30,0,68,0.14,1
84,230,2,1,1,4,4,0,0.32,IDLE,,0.29,MOVING_TO_CHARGER,Charger_1,0.21,MOVING_TO_CHARGER,Charger_1,0.75,MOVING_TO_FIELD,Field_2,0.35,CHARGING,Charger_1,0.32,MOVING_TO_CHARGER,Charger_1,0.33,MOVING_TO_CHARGER,Charger_1,0.36,IDLE,,0.33,MOVING_TO_FIELD,Field_2,0.43,PROTECTING,Field_3,0.19,MOVING_TO_FIELD,Field_3,0.31,MOVING_TO_FIELD,Field_3,82,0.20,0,80,0.30,0,68,0.14,1
85,232,2,1,1,1,7,0,0.32,CHARGING,Charger_1,0.28,MOVING_TO_FIELD,Field_2,0.20,MOVING_TO_CHARGER,Charger_1,0.74,MOVING_TO_FIELD,Field_2,0.35,IDLE,,0.31,MOVING_TO_FIELD,Field_3,0.32,MOVING_TO_FIELD,Field_2,0.36,IDLE,,0.32,MOVING_TO_FIELD,Field_2,0.43,PROTECTING,Field_3,0.18,MOVING_TO_FIELD,Field_3,0.30,MOVING_TO_FIELD,Field_3,83,0.18,0,81,0.30,0,68,0.13,1
86,237,2,1,1,2,6,0,0.32,IDLE,,0.27,MOVING_TO_FIELD,Field_2,0.20,CHARGING,Charger_1,0.73,MOVING_TO_FIELD,Field_2,0.35,IDLE,,0.30,MOVING_TO_CHARGER,Charger_1,0.31,MOVING_TO_CHARGER,Charger_1,0.35,MOVING_TO_FIELD,Field_3,0.31,MOVING_TO_FIELD,Field_2,0.42,PROTECTING,Field_3,0.17,MOVING_TO_FIELD,Field_1,0.29,MOVING_TO_FIELD,Field_3,85,0.18,0,84,0.29,0,68,0.13,1
87,242,3,1,1,1,6,0,0.32,IDLE,,0.26,MOVING_TO_FIELD,Field_2,0.21,CHARGING,Charger_1,0.72,MOVING_TO_FIELD,Field_2,0.35,IDLE,,0.29,MOVING_TO_FIELD,Field_2,0.30,MOVING_TO_CHARGER,Charger_1,0.35,IDLE,,0.30,MOVING_TO_FIELD,Field_3,0.41,PROTECTING,Field_3,0.16,MOVING_TO_FIELD,Field_3,0.28,MOVING_TO_FIELD,Field_3,85,0.19,0,86,0.29,0,71,0.15,1
88,243,1,3,2,2,4,0,0.32,CHARGING,Charger_1,0.25,MOVING_TO_FIELD,Field_2,0.22,CHARGING,Charger_1,0.71,PROTECTING,Field_2,0.35,CHARGING,Charger_1,0.28,MOVING_TO_FIELD,Field_3,0.29,MOVING_TO_CHARGER,Charger_1,0.35,IDLE,,0.29,MOVING_TO_FIELD,Field_2,0.40,MOVING_TO_CHARGER,Charger_1,0.15,MOVING_TO_FIELD,Field_2,0.27,PROTECTING,Field_3,86,0.19,0,86,0.29,1,71,0.16,1
89,245,2,3,2,2,3,0,0.33,CHARGING,Charger_1,0.25,IDLE,,0.23,CHARGING,Charger_1,0.70,PROTECTING,Field_2,0.34,MOVING_TO_FIELD,Field_1,0.27,MOVING_TO_CHARGER,Charger_1,0.29,CHARGING,Charger_1,0.35,IDLE,,0.28,MOVING_TO_FIELD,Field_2,0.39,MOVING_TO_CHARGER,Charger_1,0.14,MOVING_TO_FIELD,Field_3,0.26,PROTECTING,Field_3,86,0.20,0,86,0.28,1,73,0.16,1
90,250,2,2,2,3,3,0,0.34,CHARGING,Charger_1,0.24,MOVING_TO_FIELD,Field_2,0.23,IDLE,,0.69,MOVING_TO_FIELD,Field_3,0.33,MOVING_TO_CHARGER,Charger_1,0.26,MOVING_TO_FIELD,Field_3,0.30,CHARGING,Charger_1,0.35,IDLE,,0.27,MOVING_TO_CHARGER,Charger_1,0.38,MOVING_TO_CHARGER,Charger_1,0.13,PROTECTING,Field_3,0.26,PROTECTING,Field_3,89,0.21,0,87,0.28,0,74,0.14,2
91,254,3,3,3,2,1,0,0.35,CHARGING,Charger_1,0.24,IDLE,,0.23,CHARGING,Charger_1,0.68,PROTECTING,Field_2,0.33,IDLE,,0.25,MOVING_TO_CHARGER,Charger_1,0.31,CHARGING,Charger_1,0.35,IDLE,,0.26,MOVING_TO_FIELD,Field_2,0.37,MOVING_TO_CHARGER,Charger_1,0.12,PROTECTING,Field_3,0.25,PROTECTING,Field_3,90,0.21,0,89,0.28,1,75,0.13,2
92,257,3,2,2,2,3,0,0.35,IDLE,,0.24,IDLE,,0.24,CHARGING,Charger_1,0.67,MOVING_TO_FIELD,Field_3,0.32,MOVING_TO_FIELD,Field_1,0.24,MOVING_TO_FIELD,Field_3,0.32,CHARGING,Charger_1,0.35,IDLE,,0.25,PROTECTING,Field_2,0.36,MOVING_TO_CHARGER,Charger_1,0.11,MOVING_TO_CHARGER,Charger_1,0.24,PROTECTING,Field_3,91,0.21,0,91,0.27,1,75,0.13,1
93,260,2,3,1,4,2,0,0.35,CHARGING,Charger_1,0.24,IDLE,,0.25,CHARGING,Charger_1,0.66,MOVING_TO_FIELD,Field_3,0.31,MOVING_TO_CHARGER,Charger_1,0.23,MOVING_TO_FIELD,Field_3,0.33,CHARGING,Charger_1,0.35,IDLE,,0.24,MOVING_TO_CHARGER,Charger_1,0.35,MOVING_TO_CHARGER,Charger_1,0.10,MOVING_TO_CHARGER,Charger_1,0.24,PROTECTING,Field_3,91,0.21,0,93,0.27,0,76,0.13,1
94,262,3,2,1,2,4,0,0.36,CHARGING,Charger_1,0.24,IDLE,,0.26,CHARGING,Charger_1,0.65,MOVING_TO_FIELD,Field_3,0.30,MOVING_TO_FIELD,Field_1,0.22,MOVING_TO_CHARGER,Charger_1,0.33,IDLE,,0.35,IDLE,,0.23,PROTECTING,Field_2,0.34,MOVING_TO_CHARGER,Charger_1,0.09,MOVING_TO_FIELD,Field_3,0.23,MOVING_TO_FIELD,Field_2,91,0.19,0,93,0.25,1,78,0.14,0
95,263,4,3,1,1,3,0,0.37,CHARGING,Charger_1,0.24,IDLE,,0.27,CHARGING,Charger_1,0.64,MOVING_TO_FIELD,Field_3,0.30,IDLE,,0.21,MOVING_TO_FIELD,Field_3,0.33,CHARGING,Charger_1,0.35,IDLE,,0.23,IDLE,,0.33,MOVING_TO_CHARGER,Charger_1,0.08,PROTECTING,Field_3,0.22,MOVING_TO_FIELD,Field_2,92,0.17,0,93,0.25,0,78,0.14,1
96,266,4,1,2,1,4,0,0.37,IDLE,,0.24,IDLE,,0.27,IDLE,,0.63,MOVING_TO_FIELD,Field_3,0.29,MOVING_TO_FIELD,Field_1,0.20,MOVING_TO_FIELD,Field_3,0.34,CHARGING,Charger_1,0.35,IDLE,,0.22,PROTECTING,Field_2,0.32,MOVING_TO_CHARGER,Charger_1,0.07,PROTECTING,Field_3,0.21,MOVING_TO_FIELD,Field_2,94,0.17,0,93,0.23,1,79,0.15,1
97,268,2,3,0,3,4,0,0.37,CHARGING,Charger_1,0.24,IDLE,,0.26,MOVING_TO_FIELD,Field_2,0.62,MOVING_TO_FIELD,Field_2,0.28,MOVING_TO_CHARGER,Charger_1,0.19,MOVING_TO_CHARGER,Charger_1,0.35,CHARGING,Charger_1,0.35,IDLE,,0.21,MOVING_TO_FIELD,Field_3,0.32,CHARGING,Charger_1,0.06,MOVING_TO_CHARGER,Charger_1,0.20,MOVING_TO_FIELD,Field_2,94,0.15,0,93,0.23,0,81,0.15,0
98,272,2,4,0,2,4,0,0.38,CHARGING,Charger_1,0.24,IDLE,,0.26,CHARGING,Charger_1,0.61,MOVING_TO_FIELD,Field_3,0.28,IDLE,,0.18,MOVING_TO_CHARGER,Charger_1,0.36,CHARGING,Charger_1,0.34,MOVING_TO_FIELD,Field_3,0.20,MOVING_TO_FIELD,Field_3,0.33,CHARGING,Charger_1,0.05,MOVING_TO_CHARGER,Charger_1,0.19,MOVING_TO_FIELD,Field_2,95,0.14,0,94,0.22,0,83,0.15,0
99,276,1,1,0,2,8,0,0.39,CHARGING,Charger_1,0.24,IDLE,,0.25,MOVING_TO_FIELD,Field_2,0.60,MOVING_TO_FIELD,Field_3,0.27,MOVING_TO_FIELD,Field_1,0.17,MOVING_TO_CHARGER,Charger_1,0.35,MOVING_TO_FIELD,Field_1,0.33,MOVING_TO_FIELD,Field_3,0.19,MOVING_TO_FIELD,Field_3,0.32,MOVING_TO_FIELD,Field_2,0.04,MOVING_TO_CHARGER,Charger_1,0.18,MOVING_TO_FIELD,Field_2,96,0.14,0,96,0.22,0,84,0.14,0
100,279,1,3,0,2,6,0,0.40,CHARGING,Charger_1,0.24,IDLE,,0.25,CHARGING,Charger_1,0.59,MOVING_TO_FIELD,Field_3,0.26,MOVING_TO_FIELD,Field_1,0.16,MOVING_TO_CHARGER,Charger_1,0.34,MOVING_TO_CHARGER,Charger_1,0.32,MOVING_TO_FIELD,Field_3,0.18,MOVING_TO_FIELD,Field_3,0.32,CHARGING,Charger_1,0.03,MOVING_TO_FIELD,Field_3,0.17,MOVING_TO_FIELD,Field_2,97,0.14,0,97,0.21,0,85,0.13,0
101,283,0,4,0,2,6,0,0.41,CHARGING,Charger_1,0.23,MOVING_TO_FIELD,Field_1,0.26,CHARGING,Charger_1,0.58,MOVING_TO_FIELD,Field_3,0.25,MOVING_TO_FIELD,Field_1,0.15,MOVING_TO_CHARGER,Charger_1,0.34,CHARGING,Charger_1,0.31,MOVING_TO_FIELD,Field_3,0.17,MOVING_TO_FIELD,Field_3,0.33,CHARGING,Charger_1,0.02,MOVING_TO_CHARGER,Charger_1,0.16,MOVING_TO_FIELD,Field_2,99,0.14,0,98,0.22,0,86,0.12,0
102,288,1,3,0,2,6,0,0.42,CHARGING,Charger_1,0.23,IDLE,,0.27,CHARGING,Charger_1,0.57,MOVING_TO_FIELD,Field_3,0.24,MOVING_TO_FIELD,Field_2,0.14,MOVING_TO_CHARGER,Charger_1,0.33,MOVING_TO_FIELD,Field_2,0.30,MOVING_TO_FIELD,Field_3,0.16,MOVING_TO_FIELD,Field_3,0.34,CHARGING,Charger_1,0.01,MOVING_TO_CHARGER,Charger_1,0.15,MOVING_TO_FIELD,Field_2,100,0.15,0,101,0.23,0,87,0.11,0
103,291,1,3,0,3,5,0,0.43,CHARGING,Charger_1,0.22,MOVING_TO_FIELD,Field_1,0.28,CHARGING,Charger_1,0.56,MOVING_TO_FIELD,Field_3,0.24,IDLE,,0.13,MOVING_TO_CHARGER,Charger_1,0.32,MOVING_TO_CHARGER,Charger_1,0.29,MOVING_TO_FIELD,Field_3,0.15,MOVING_TO_FIELD,Field_3,0.35,CHARGING,Charger_1,0.00,MOVING_TO_CHARGER,Charger_1,0.14,MOVING_TO_FIELD,Field_2,101,0.14,0,102,0.24,0,88,0.11,0
104,292,1,3,0,0,7,1,0.44,CHARGING,Charger_1,0.21,MOVING_TO_FIELD,Field_3,0.27,MOVING_TO_FIELD,Field_2,0.55,MOVING_TO_FIELD,Field_3,0.23,MOVING_TO_FIELD,Field_2,0.13,CHARGING,Charger_1,0.32,IDLE,,0.28,MOVING_TO_FIELD,Field_3,0.14,MOVING_TO_FIELD,Field_3,0.36,CHARGING,Charger_1,0,TERMINATED,Charger_1,0.13,MOVING_TO_FIELD,Field_3,101,0.14,0,103,0.23,0,88,0.10,0
105,295,1,3,0,0,7,1,0.45,CHARGING,Charger_1,0.21,IDLE,,0.26,MOVING_TO_FIELD,Field_3,0.54,MOVING_TO_FIELD,Field_2,0.22,MOVING_TO_FIELD,Field_2,0.14,CHARGING,Charger_1,0.31,MOVING_TO_FIELD,Field_3,0.27,MOVING_TO_FIELD,Field_3,0.13,MOVING_TO_FIELD,Field_3,0.37,CHARGING,Charger_1,0,TERMINATED,Charger_1,0.12,MOVING_TO_FIELD,Field_2,102,0.15,0,104,0.24,0,89,0.11,0
106,296,1,3,0,0,7,1,0.46,CHARGING,Charger_1,0.20,MOVING_TO_FIELD,Field_1,0.25,MOVING_TO_FIELD,Field_3,0.53,MOVING_TO_FIELD,Field_3,0.21,MOVING_TO_FIELD,Field_2,0.15,CHARGING,Charger_1,0.31,IDLE,,0.26,MOVING_TO_FIELD,Field_1,0.12,MOVING_TO_FIELD,Field_3,0.38,CHARGING,Charger_1,0,TERMINATED,Charger_1,0.11,MOVING_TO_FIELD,Field_1,102,0.15,0,105,0.25,0,89,0.11,0
107,299,0,2,0,1,8,1,0.45,MOVING_TO_FIELD,Field_3,0.19,MOVING_TO_FIELD,Field_3,0.24,MOVING_TO_FIELD,Field_1,0.52,MOVING_TO_FIELD,Field_3,0.20,MOVING_TO_FIELD,Field_2,0.16,CHARGING,Charger_1,0.30,MOVING_TO_FIELD,Field_3,0.25,MOVING_TO_CHARGER,Charger_1,0.11,MOVING_TO_FIELD,Field_3,0.39,CHARGING,Charger_1,0,TERMINATED,Charger_1,0.10,MOVING_TO_FIELD,Field_2,103,0.15,0,106,0.24,0,90,0.13,0
108,301,0,4,1,0,6,1,0.45,CHARGING,Charger_1,0.18,MOVING_TO_FIELD,Field_3,0.24,CHARGING,Charger_1,0.51,PROTECTING,Field_3,0.19,MOVING_TO_FIELD,Field_2,0.17,CHARGING,Charger_1,0.29,MOVING_TO_FIELD,Field_3,0.24,MOVING_TO_FIELD,Field_1,0.10,MOVING_TO_FIELD,Field_3,0.40,CHARGING,Charger_1,0,TERMINATED,Charger_1,0.09,MOVING_TO_FIELD,Field_2,103,0.15,0,108,0.23,0,90,0.15,1
109,308,0,2,0,0,9,1,0.44,MOVING_TO_FIELD,Field_3,0.17,MOVING_TO_FIELD,Field_3,0.23,MOVING_TO_FIELD,Field_1,0.50,MOVING_TO_FIELD,Field_1,0.18,MOVING_TO_FIELD,Field_2,0.18,CHARGING,Charger_1,0.28,MOVING_TO_FIELD,Field_3,0.23,MOVING_TO_FIELD,Field_1,0.09,MOVING_TO_FIELD,Field_3,0.41,CHARGING,Charger_1,0,TERMINATED,Charger_1,0.08,MOVING_TO_FIELD,Field_1,105,0.16,0,110,0.23,0,93,0.14,0
110,309,1,2,2,0,6,1,0.43,MOVING_TO_FIELD,Field_3,0.16,MOVING_TO_FIELD,Field_3,0.22,MOVING_TO_FIELD,Field_1,0.49,PROTECTING,Field_3,0.17,MOVING_TO_FIELD,Field_2,0.19,CHARGING,Charger_1,0.28,IDLE,,0.22,MOVING_TO_FIELD,Field_1,0.08,PROTECTING,Field_3,0.42,CHARGING,Charger_1,0,TERMINATED,Charger_1,0.07,MOVING_TO_FIELD,Field_1,105,0.16,0,110,0.23,0,94,0.14,2
111,312,0,2,1,1,7,1,0.42,MOVING_TO_FIELD,Field_3,0.15,MOVING_TO_FIELD,Field_3,0.21,MOVING_TO_CHARGER,Charger_1,0.48,MOVING_TO_FIELD,Field_1,0.16,MOVING_TO_FIELD,Field_2,0.20,CHARGING,Charger_1,0.27,MOVING_TO_FIELD,Field_3,0.21,MOVING_TO_FIELD,Field_1,0.07,PROTECTING,Field_3,0.43,CHARGING,Charger_1,0,TERMINATED,Charger_1,0.06,MOVING_TO_FIELD,Field_1,105,0.16,0,111,0.23,0,96,0.13,1
112,313,2,2,1,0,6,1,0.41,MOVING_TO_FIELD,Field_3,0.14,MOVING_TO_FIELD,Field_3,0.20,MOVING_TO_FIELD,Field_3,0.48,IDLE,,0.15,MOVING_TO_FIELD,Field_2,0.21,CHARGING,Charger_1,0.27,IDLE,,0.20,MOVING_TO_FIELD,Field_1,0.07,PROTECTING,Field_3,0.44,CHARGING,Charger_1,0,TERMINATED,Charger_1,0.05,MOVING_TO_FIELD,Field_1,106,0.18,0,111,0.23,0,96,0.14,1
113,315,1,2,2,0,6,1,0.40,MOVING_TO_FIELD,Field_3,0.13,MOVING_TO_FIELD,Field_3,0.19,MOVING_TO_FIELD,Field_3,0.47,PROTECTING,Field_3,0.14,MOVING_TO_FIELD,Field_2,0.22,CHARGING,Charger_1,0.27,IDLE,,0.19,MOVING_TO_FIELD,Field_1,0.06,PROTECTING,Field_3,0.45,CHARGING,Charger_1,0,TERMINATED,Charger_1,0.04,MOVING_TO_FIELD,Field_1,106,0.18,0,112,0.23,0,97,0.16,2
114,317,1,2,2,0,6,1,0.39,MOVING_TO_FIELD,Field_3,0.12,PROTECTING,Field_3,0.18,MOVING_TO_FIELD,Field_3,0.46,MOVING_TO_FIELD,Field_1,0.13,PROTECTING,Field_2,0.23,CHARGING,Charger_1,0.26,MOVING_TO_FIELD,Field_1,0.18,MOVING_TO_FIELD,Field_1,0.06,IDLE,,0.46,CHARGING,Charger_1,0,TERMINATED,Charger_1,0.03,MOVING_TO_FIELD,Field_1,106,0.18,0,113,0.24,1,98,0.16,1
115,320,1,2,2,0,6,1,0.38,MOVING_TO_FIELD,Field_3,0.11,MOVING_TO_FIELD,Field_2,0.17,MOVING_TO_FIELD,Field_3,0.45,MOVING_TO_FIELD,Field_1,0.12,PROTECTING,Field_2,0.24,CHARGING,Charger_1,0.26,IDLE,,0.17,PROTECTING,Field_1,0.05,MOVING_TO_FIELD,Field_2,0.47,CHARGING,Charger_1,0,TERMINATED,Charger_1,0.02,MOVING_TO_FIELD,Field_1,106,0.18,1,114,0.23,1,100,0.15,0
116,321,0,1,1,0,9,1,0.37,MOVING_TO_FIELD,Field_3,0.10,MOVING_TO_FIELD,Field_3,0.16,MOVING_TO_FIELD,Field_1,0.44,MOVING_TO_FIELD,Field_1,0.11,PROTECTING,Field_2,0.25,CHARGING,Charger_1,0.25,MOVING_TO_FIELD,Field_1,0.16,MOVING_TO_FIELD,Field_2,0.04,MOVING_TO_FIELD,Field_1,0.46,MOVING_TO_FIELD,Field_2,0,TERMINATED,Charger_1,0.01,MOVING_TO_FIELD,Field_1,107,0.16,0,114,0.23,1,100,0.15,0
117,323,2,2,2,0,4,2,0.36,MOVING_TO_FIELD,Field_3,0.09,PROTECTING,Field_3,0.15,MOVING_TO_FIELD,Field_3,0.43,MOVING_TO_FIELD,Field_1,0.11,PROTECTING,Field_2,0.26,CHARGING,Charger_1,0.25,IDLE,,0.16,IDLE,,0.03,MOVING_TO_FIELD,Field_3,0.46,CHARGING,Charger_1,0,TERMINATED,Charger_1,0,TERMINATED,Field_1,107,0.15,0,115,0.23,1,101,0.15,1
118,328,1,0,3,1,5,2,0.35,PROTECTING,Field_3,0.08,PROTECTING,Field_3,0.14,MOVING_TO_FIELD,Field_1,0.42,MOVING_TO_FIELD,Field_1,0.10,PROTECTING,Field_2,0.25,MOVING_TO_FIELD,Field_3,0.25,IDLE,,0.15,MOVING_TO_FIELD,Field_1,0.02,MOVING_TO_CHARGER,Charger_1,0.45,MOVING_TO_FIELD,Field_2,0,TERMINATED,Charger_1,0,TERMINATED,Field_1,111,0.15,0,116,0.23,1,101,0.15,2
119,332,1,0,3,1,5,2,0.34,PROTECTING,Field_3,0.07,PROTECTING,Field_3,0.13,MOVING_TO_FIELD,Field_3,0.41,MOVING_TO_FIELD,Field_1,0.09,PROTECTING,Field_2,0.24,MOVING_TO_CHARGER,Charger_1,0.25,IDLE,,0.14,MOVING_TO_FIELD,Field_3,0.01,MOVING_TO_FIELD,Field_1,0.44,MOVING_TO_FIELD,Field_2,0,TERMINATED,Charger_1,0,TERMINATED,Field_1,112,0.16,0,116,0.22,1,104,0.16,2
120,334,1,1,2,1,5,2,0.33,MOVING_TO_CHARGER,Charger_1,0.06,PROTECTING,Field_3,0.12,MOVING_TO_FIELD,Field_1,0.40,MOVING_TO_FIELD,Field_1,0.09,PROTECTING,Field_2,0.24,CHARGING,Charger_1,0.25,IDLE,,0.13,MOVING_TO_FIELD,Field_1,0.00,MOVING_TO_FIELD,Field_1,0.43,MOVING_TO_FIELD,Field_1,0,TERMINATED,Charger_1,0,TERMINATED,Field_1,112,0.18,0,116,0.22,1,106,0.17,1
121,336,1,1,4,0,3,3,0.32,PROTECTING,Field_3,0.06,PROTECTING,Field_3,0.11,MOVING_TO_FIELD,Field_3,0.39,MOVING_TO_FIELD,Field_1,0.08,PROTECTING,Field_2,0.25,CHARGING,Charger_1,0.25,IDLE,,0.12,PROTECTING,Field_1,0,TERMINATED,Field_1,0.42,MOVING_TO_FIELD,Field_2,0,TERMINATED,Charger_1,0,TERMINATED,Field_1,112,0.19,1,117,0.22,1,107,0.18,2
122,337,1,1,2,0,5,3,0.31,MOVING_TO_FIELD,Field_1,0.05,MOVING_TO_FIELD,Field_1,0.10,MOVING_TO_FIELD,Field_3,0.38,MOVING_TO_FIELD,Field_1,0.07,PROTECTING,Field_2,0.26,CHARGING,Charger_1,0.25,IDLE,,0.11,PROTECTING,Field_1,0,TERMINATED,Field_1,0.41,MOVING_TO_FIELD,Field_2,0,TERMINATED,Charger_1,0,TERMINATED,Field_1,112,0.19,1,117,0.22,1,108,0.15,0
123,338,0,1,2,0,6,3,0.30,MOVING_TO_FIELD,Field_1,0.04,MOVING_TO_FIELD,Field_3,0.09,MOVING_TO_FIELD,Field_1,0.37,MOVING_TO_FIELD,Field_1,0.07,PROTECTING,Field_2,0.27,CHARGING,Charger_1,0.24,MOVING_TO_FIELD,Field_2,0.11,PROTECTING,Field_1,0,TERMINATED,Field_1,0.40,MOVING_TO_FIELD,Field_2,0,TERMINATED,Charger_1,0,TERMINATED,Field_1,112,0.19,1,117,0.22,1,109,0.16,0
124,343,2,0,3,0,4,3,0.29,MOVING_TO_FIELD,Field_1,0.03,PROTECTING,Field_3,0.08,MOVING_TO_FIELD,Field_3,0.36,MOVING_TO_FIELD,Field_1,0.06,PROTECTING,Field_2,0.26,MOVING_TO_FIELD,Field_1,0.24,IDLE,,0.10,PROTECTING,Field_1,0,TERMINATED,Field_1,0.40,IDLE,,0,TERMINATED,Charger_1,0,TERMINATED,Field_1,114,0.19,1,119,0.22,1,110,0.16,1
125,345,0,0,2,1,6,3,0.28,MOVING_TO_FIELD,Field_1,0.02,MOVING_TO_FIELD,Field_1,0.07,MOVING_TO_FIELD,Field_3,0.35,MOVING_TO_CHARGER,Charger_1,0.05,PROTECTING,Field_2,0.25,MOVING_TO_FIELD,Field_1,0.23,MOVING_TO_FIELD,Field_1,0.09,PROTECTING,Field_1,0,TERMINATED,Field_1,0.39,MOVING_TO_FIELD,Field_3,0,TERMINATED,Charger_1,0,TERMINATED,Field_1,114,0.19,1,120,0.21,1,111,0.15,0
126,350,1,0,1,3,4,3,0.27,MOVING_TO_FIELD,Field_1,0.01,MOVING_TO_FIELD,Field_3,0.06,MOVING_TO_FIELD,Field_3,0.34,MOVING_TO_CHARGER,Charger_1,0.04,PROTECTING,Field_2,0.24,MOVING_TO_FIELD,Field_1,0.23,IDLE,,0.08,MOVING_TO_CHARGER,Charger_1,0,TERMINATED,Field_1,0.38,MOVING_TO_CHARGER,Charger_1,0,TERMINATED,Charger_1,0,TERMINATED,Field_1,115,0.20,0,123,0.20,1,112,0.16,0
127,354,2,1,1,0,4,4,0.26,MOVING_TO_FIELD,Field_3,0,TERMINATED,Field_3,0.05,MOVING_TO_FIELD,Field_3,0.34,CHARGING,Charger_1,0.04,PROTECTING,Field_2,0.23,MOVING_TO_FIELD,Field_1,0.23,IDLE,,0.07,MOVING_TO_FIELD,Field_1,0,TERMINATED,Field_1,0.38,IDLE,,0,TERMINATED,Charger_1,0,TERMINATED,Field_1,119,0.21,0,123,0.20,1,112,0.15,0
128,357,0,1,3,0,4,4,0.25,MOVING_TO_FIELD,Field_3,0,TERMINATED,Field_3,0.04,MOVING_TO_FIELD,Field_3,0.35,CHARGING,Charger_1,0.03,PROTECTING,Field_2,0.22,PROTECTING,Field_1,0.22,MOVING_TO_FIELD,Field_1,0.06,PROTECTING,Field_1,0,TERMINATED,Field_1,0.37,MOVING_TO_FIELD,Field_2,0,TERMINATED,Charger_1,0,TERMINATED,Field_1,121,0.20,2,124,0.19,1,112,0.15,0
129,361,1,1,2,1,3,4,0.24,MOVING_TO_FIELD,Field_1,0,TERMINATED,Field_3,0.03,MOVING_TO_FIELD,Field_3,0.36,CHARGING,Charger_1,0.02,MOVING_TO_FIELD,Field_1,0.21,PROTECTING,Field_1,0.22,IDLE,,0.06,PROTECTING,Field_1,0,TERMINATED,Field_1,0.36,MOVING_TO_CHARGER,Charger_1,0,TERMINATED,Charger_1,0,TERMINATED,Field_1,122,0.20,2,127,0.19,0,112,0.16,0
130,365,1,1,1,1,4,4,0.23,MOVING_TO_CHARGER,Charger_1,0,TERMINATED,Field_3,0.02,MOVING_TO_FIELD,Field_3,0.37,CHARGING,Charger_1,0.01,MOVING_TO_FIELD,Field_2,0.20,PROTECTING,Field_1,0.22,IDLE,,0.05,MOVING_TO_FIELD,Field_3,0,TERMINATED,Field_1,0.35,MOVING_TO_FIELD,Field_3,0,TERMINATED,Charger_1,0,TERMINATED,Field_1,124,0.20,1,129,0.18,0,112,0.17,0
131,367,2,0,3,0,3,4,0.23,IDLE,,0,TERMINATED,Field_3,0.01,PROTECTING,Field_3,0.36,MOVING_TO_FIELD,Field_2,0.00,PROTECTING,Field_2,0.20,PROTECTING,Field_1,0.22,IDLE,,0.04,MOVING_TO_FIELD,Field_1,0,TERMINATED,Field_1,0.34,MOVING_TO_FIELD,Field_2,0,TERMINATED,Charger_1,0,TERMINATED,Field_1,125,0.20,1,129,0.17,1,113,0.18,1
132,370,2,0,2,0,3,5,0.22,MOVING_TO_FIELD,Field_1,0,TERMINATED,Field_3,0.01,IDLE,,0.35,MOVING_TO_FIELD,Field_2,0,TERMINATED,Field_2,0.19,PROTECTING,Field_1,0.22,IDLE,,0.03,PROTECTING,Field_1,0,TERMINATED,Field_1,0.33,MOVING_TO_FIELD,Field_2,0,TERMINATED,Charger_1,0,TERMINATED,Field_1,127,0.21,2,129,0.19,0,114,0.18,0
133,370,1,0,1,0,5,5,0.21,MOVING_TO_FIELD,Field_1,0,TERMINATED,Field_3,0.00,MOVING_TO_FIELD,Field_1,0.34,MOVING_TO_FIELD,Field_2,0,TERMINATED,Field_2,0.18,MOVING_TO_FIELD,Field_2,0.22,IDLE,,0.02,PROTECTING,Field_1,0,TERMINATED,Field_1,0.32,MOVING_TO_FIELD,Field_2,0,TERMINATED,Charger_1,0,TERMINATED,Field_1,127,0.20,1,129,0.19,0,114,0.21,0
134,374,1,0,2,1,2,6,0.20,MOVING_TO_CHARGER,Charger_1,0,TERMINATED,Field_3,0,TERMINATED,Field_2,0.33,MOVING_TO_FIELD,Field_2,0,TERMINATED,Field_2,0.17,PROTECTING,Field_1,0.22,IDLE,,0.01,PROTECTING,Field_1,0,TERMINATED,Field_1,0.31,MOVING_TO_FIELD,Field_2,0,TERMINATED,Charger_1,0,TERMINATED,Field_1,128,0.19,2,130,0.20,0,116,0.22,0
135,377,2,0,1,0,3,6,0.19,MOVING_TO_FIELD,Field_1,0,TERMINATED,Field_3,0,TERMINATED,Field_2,0.32,MOVING_TO_FIELD,Field_2,0,TERMINATED,Field_2,0.17,IDLE,,0.22,IDLE,,0.00,PROTECTING,Field_1,0,TERMINATED,Field_1,0.30,MOVING_TO_FIELD,Field_2,0,TERMINATED,Charger_1,0,TERMINATED,Field_1,128,0.20,1,133,0.18,0,116,0.22,0
136,381,1,0,1,1,2,7,0.18,MOVING_TO_CHARGER,Charger_1,0,TERMINATED,Field_3,0,TERMINATED,Field_2,0.31,MOVING_TO_FIELD,Field_2,0,TERMINATED,Field_2,0.16,PROTECTING,Field_1,0.22,IDLE,,0,TERMINATED,Field_1,0,TERMINATED,Field_1,0.29,MOVING_TO_FIELD,Field_2,0,TERMINATED,Charger_1,0,TERMINATED,Field_1,130,0.19,1,133,0.18,0,118,0.21,0
137,382,1,0,2,0,2,7,0.17,MOVING_TO_FIELD,Field_1,0,TERMINATED,Field_3,0,TERMINATED,Field_2,0.30,MOVING_TO_FIELD,Field_2,0,TERMINATED,Field_2,0.15,PROTECTING,Field_1,0.22,IDLE,,0,TERMINATED,Field_1,0,TERMINATED,Field_1,0.28,PROTECTING,Field_2,0,TERMINATED,Charger_1,0,TERMINATED,Field_1,131,0.20,1,133,0.18,1,118,0.20,0
138,384,2,0,1,0,2,7,0.16,MOVING_TO_FIELD,Field_1,0,TERMINATED,Field_3,0,TERMINATED,Field_2,0.29,MOVING_TO_FIELD,Field_2,0,TERMINATED,Field_2,0.15,IDLE,,0.22,IDLE,,0,TERMINATED,Field_1,0,TERMINATED,Field_1,0.27,PROTECTING,Field_2,0,TERMINATED,Charger_1,0,TERMINATED,Field_1,132,0.20,0,133,0.20,1,119,0.19,0
139,387,2,0,1,0,2,7,0.15,MOVING_TO_FIELD,Field_1,0,TERMINATED,Field_3,0,TERMINATED,Field_2,0.28,MOVING_TO_FIELD,Field_2,0,TERMINATED,Field_2,0.14,PROTECTING,Field_1,0.22,IDLE,,0,TERMINATED,Field_1,0,TERMINATED,Field_1,0.27,IDLE,,0,TERMINATED,Charger_1,0,TERMINATED,Field_1,133,0.18,1,133,0.21,0,121,0.19,0
140,387,1,0,2,1,1,7,0.14,MOVING_TO_CHARGER,Charger_1,0,TERMINATED,Field_3,0,TERMINATED,Field_2,0.27,PROTECTING,Field_2,0,TERMINATED,Field_2,0.13,PROTECTING,Field_1,0.22,IDLE,,0,TERMINATED,Field_1,0,TERMINATED,Field_1,0.26,MOVING_TO_FIELD,Field_1,0,TERMINATED,Charger_1,0,TERMINATED,Field_1,133,0.17,1,133,0.21,1,121,0.18,0
141,389,1,0,2,1,1,7,0.13,MOVING_TO_CHARGER,Charger_1,0,TERMINATED,Field_3,0,TERMINATED,Field_2,0.27,PROTECTING,Field_2,0,TERMINATED,Field_2,0.12,MOVING_TO_FIELD,Field_3,0.22,IDLE,,0,TERMINATED,Field_1,0,TERMINATED,Field_1,0.25,PROTECTING,Field_2,0,TERMINATED,Charger_1,0,TERMINATED,Field_1,133,0.16,0,135,0.21,2,121,0.16,0
142,390,1,1,1,0,2,7,0.13,CHARGING,Charger_1,0,TERMINATED,Field_3,0,TERMINATED,Field_2,0.26,PROTECTING,Field_2,0,TERMINATED,Field_2,0.11,MOVING_TO_FIELD,Field_3,0.21,MOVING_TO_FIELD,Field_2,0,TERMINATED,Field_1,0,TERMINATED,Field_1,0.25,IDLE,,0,TERMINATED,Charger_1,0,TERMINATED,Field_1,133,0.16,0,135,0.22,1,122,0.17,0
143,394,0,1,2,0,2,7,0.14,CHARGING,Charger_1,0,TERMINATED,Field_3,0,TERMINATED,Field_2,0.25,PROTECTING,Field_2,0,TERMINATED,Field_2,0.10,MOVING_TO_FIELD,Field_1,0.20,MOVING_TO_FIELD,Field_1,0,TERMINATED,Field_1,0,TERMINATED,Field_1,0.24,PROTECTING,Field_2,0,TERMINATED,Charger_1,0,TERMINATED,Field_1,134,0.15,0,135,0.22,2,125,0.17,0
144,397,0,1,1,0,3,7,0.15,CHARGING,Charger_1,0,TERMINATED,Field_3,0,TERMINATED,Field_2,0.24,MOVING_TO_FIELD,Field_1,0,TERMINATED,Field_2,0.09,MOVING_TO_FIELD,Field_1,0.19,MOVING_TO_FIELD,Field_1,0,TERMINATED,Field_1,0,TERMINATED,Field_1,0.24,PROTECTING,Field_2,0,TERMINATED,Charger_1,0,TERMINATED,Field_1,134,0.15,0,136,0.22,1,127,0.16,0
145,404,2,1,1,0,1,7,0.16,CHARGING,Charger_1,0,TERMINATED,Field_3,0,TERMINATED,Field_2,0.24,IDLE,,0,TERMINATED,Field_2,0.09,IDLE,,0.18,MOVING_TO_FIELD,Field_1,0,TERMINATED,Field_1,0,TERMINATED,Field_1,0.23,PROTECTING,Field_2,0,TERMINATED,Charger_1,0,TERMINATED,Field_1,137,0.15,0,139,0.22,1,128,0.15,0
146,405,0,1,0,1,3,7,0.17,CHARGING,Charger_1,0,TERMINATED,Field_3,0,TERMINATED,Field_2,0.23,MOVING_TO_FIELD,Field_2,0,TERMINATED,Field_2,0.08,MOVING_TO_FIELD,Field_3,0.17,MOVING_TO_FIELD,Field_2,0,TERMINATED,Field_1,0,TERMINATED,Field_1,0.22,MOVING_TO_CHARGER,Charger_1,0,TERMINATED,Charger_1,0,TERMINATED,Field_1,137,0.16,0,140,0.23,0,128,0.14,0
147,409,2,1,1,0,1,7,0.18,CHARGING,Charger_1,0,TERMINATED,Field_3,0,TERMINATED,Field_2,0.22,PROTECTING,Field_2,0,TERMINATED,Field_2,0.08,IDLE,,0.16,MOVING_TO_FIELD,Field_1,0,TERMINATED,Field_1,0,TERMINATED,Field_1,0.22,IDLE,,0,TERMINATED,Charger_1,0,TERMINATED,Field_1,138,0.17,0,143,0.23,1,128,0.14,0
148,411,1,1,1,1,1,7,0.19,CHARGING,Charger_1,0,TERMINATED,Field_3,0,TERMINATED,Field_2,0.21,PROTECTING,Field_2,0,TERMINATED,Field_2,0.08,IDLE,,0.15,MOVING_TO_FIELD,Field_2,0,TERMINATED,Field_1,0,TERMINATED,Field_1,0.21,MOVING_TO_CHARGER,Charger_1,0,TERMINATED,Charger_1,0,TERMINATED,Field_1,139,0.17,0,143,0.23,1,129,0.15,0
149,414,0,1,1,1,2,7,0.20,CHARGING,Charger_1,0,TERMINATED,Field_3,0,TERMINATED,Field_2,0.21,PROTECTING,Field_2,0,TERMINATED,Field_2,0.07,MOVING_TO_FIELD,Field_3,0.14,MOVING_TO_FIELD,Field_2,0,TERMINATED,Field_1,0,TERMINATED,Field_1,0.20,MOVING_TO_CHARGER,Charger_1,0,TERMINATED,Charger_1,0,TERMINATED,Field_1,139,0.17,0,144,0.23,1,131,0.13,0
150,420,0,1,1,0,3,7,0.21,CHARGING,Charger_1,0,TERMINATED,Field_3,0,TERMINATED,Field_2,0.20,PROTECTING,Field_2,0,TERMINATED,Field_2,0.06,MOVING_TO_FIELD,Field_2,0.13,MOVING_TO_FIELD,Field_2,0,TERMINATED,Field_1,0,TERMINATED,Field_1,0.19,MOVING_TO_FIELD,Field_2,0,TERMINATED,Charger_1,0,TERMINATED,Field_1,141,0.16,0,147,0.23,1,132,0.15,0
151,421,0,1,1,0,3,7,0.22,CHARGING,Charger_1,0,TERMINATED,Field_3,0,TERMINATED,Field_2,0.19,PROTECTING,Field_2,0,TERMINATED,Field_2,0.05,MOVING_TO_FIELD,Field_2,0.12,MOVING_TO_FIELD,Field_1,0,TERMINATED,Field_1,0,TERMINATED,Field_1,0.18,MOVING_TO_FIELD,Field_2,0,TERMINATED,Charger_1,0,TERMINATED,Field_1,141,0.17,0,148,0.22,1,132,0.15,0
152,425,0,1,2,0,2,7,0.23,CHARGING,Charger_1,0,TERMINATED,Field_3,0,TERMINATED,Field_2,0.19,PROTECTING,Field_2,0,TERMINATED,Field_2,0.04,MOVING_TO_FIELD,Field_2,0.11,MOVING_TO_FIELD,Field_1,0,TERMINATED,Field_1,0,TERMINATED,Field_1,0.17,PROTECTING,Field_2,0,TERMINATED,Charger_1,0,TERMINATED,Field_1,143,0.18,0,148,0.21,2,134,0.14,0
153,429,1,1,1,0,2,7,0.24,CHARGING,Charger_1,0,TERMINATED,Field_3,0,TERMINATED,Field_2,0.18,PROTECTING,Field_2,0,TERMINATED,Field_2,0.03,MOVING_TO_FIELD,Field_3,0.10,MOVING_TO_FIELD,Field_2,0,TERMINATED,Field_1,0,TERMINATED,Field_1,0.17,IDLE,,0,TERMINATED,Charger_1,0,TERMINATED,Field_1,144,0.20,0,151,0.22,1,134,0.14,0
154,431,0,1,1,1,2,7,0.25,CHARGING,Charger_1,0,TERMINATED,Field_3,0,TERMINATED,Field_2,0.17,PROTECTING,Field_2,0,TERMINATED,Field_2,0.02,MOVING_TO_FIELD,Field_3,0.09,MOVING_TO_FIELD,Field_2,0,TERMINATED,Field_1,0,TERMINATED,Field_1,0.16,MOVING_TO_CHARGER,Charger_1,0,TERMINATED,Charger_1,0,TERMINATED,Field_1,144,0.19,0,153,0.22,1,134,0.15,0
155,437,0,1,1,1,2,7,0.26,CHARGING,Charger_1,0,TERMINATED,Field_3,0,TERMINATED,Field_2,0.17,PROTECTING,Field_2,0,TERMINATED,Field_2,0.01,MOVING_TO_FIELD,Field_3,0.08,MOVING_TO_FIELD,Field_2,0,TERMINATED,Field_1,0,TERMINATED,Field_1,0.15,MOVING_TO_CHARGER,Charger_1,0,TERMINATED,Charger_1,0,TERMINATED,Field_1,145,0.18,0,156,0.24,1,136,0.15,0
156,439,1,1,1,0,2,7,0.27,CHARGING,Charger_1,0,TERMINATED,Field_3,0,TERMINATED,Field_2,0.16,PROTECTING,Field_2,0,TERMINATED,Field_2,0.00,MOVING_TO_FIELD,Field_3,0.08,IDLE,,0,TERMINATED,Field_1,0,TERMINATED,Field_1,0.14,MOVING_TO_FIELD,Field_3,0,TERMINATED,Charger_1,0,TERMINATED,Field_1,145,0.19,0,157,0.24,1,137,0.13,0
157,439,1,0,1,1,1,8,0.26,MOVING_TO_FIELD,Field_1,0,TERMINATED,Field_3,0,TERMINATED,Field_2,0.15,PROTECTING,Field_2,0,TERMINATED,Field_2,0,TERMINATED,Field_1,0.08,IDLE,,0,TERMINATED,Field_1,0,TERMINATED,Field_1,0.13,MOVING_TO_CHARGER,Charger_1,0,TERMINATED,Charger_1,0,TERMINATED,Field_1,145,0.19,0,157,0.24,1,137,0.14,0
158,441,0,0,1,1,2,8,0.25,MOVING_TO_CHARGER,Charger_1,0,TERMINATED,Field_3,0,TERMINATED,Field_2,0.14,PROTECTING,Field_2,0,TERMINATED,Field_2,0,TERMINATED,Field_1,0.07,MOVING_TO_FIELD,Field_2,0,TERMINATED,Field_1,0,TERMINATED,Field_1,0.12,MOVING_TO_FIELD,Field_3,0,TERMINATED,Charger_1,0,TERMINATED,Field_1,146,0.16,0,158,0.25,1,137,0.13,0
159,443,1,1,1,0,1,8,0.25,CHARGING,Charger_1,0,TERMINATED,Field_3,0,TERMINATED,Field_2,0.14,PROTECTING,Field_2,0,TERMINATED,Field_2,0,TERMINATED,Field_1,0.07,IDLE,,0,TERMINATED,Field_1,0,TERMINATED,Field_1,0.11,MOVING_TO_FIELD,Field_3,0,TERMINATED,Charger_1,0,TERMINATED,Field_1,147,0.16,0,159,0.24,1,137,0.12,0
160,444,1,0,1,0,2,8,0.24,MOVING_TO_FIELD,Field_1,0,TERMINATED,Field_3,0,TERMINATED,Field_2,0.13,PROTECTING,Field_2,0,TERMINATED,Field_2,0,TERMINATED,Field_1,0.07,IDLE,,0,TERMINATED,Field_1,0,TERMINATED,Field_1,0.10,MOVING_TO_FIELD,Field_3,0,TERMINATED,Charger_1,0,TERMINATED,Field_1,147,0.14,0,159,0.22,1,138,0.12,0
161,447,1,0,1,0,2,8,0.23,MOVING_TO_FIELD,Field_1,0,TERMINATED,Field_3,0,TERMINATED,Field_2,0.12,PROTECTING,Field_2,0,TERMINATED,Field_2,0,TERMINATED,Field_1,0.07,IDLE,,0,TERMINATED,Field_1,0,TERMINATED,Field_1,0.09,MOVING_TO_FIELD,Field_3,0,TERMINATED,Charger_1,0,TERMINATED,Field_1,149,0.15,0,160,0.24,1,138,0.14,0
162,450,1,0,1,0,2,8,0.22,MOVING_TO_FIELD,Field_1,0,TERMINATED,Field_3,0,TERMINATED,Field_2,0.12,PROTECTING,Field_2,0,TERMINATED,Field_2,0,TERMINATED,Field_1,0.07,IDLE,,0,TERMINATED,Field_1,0,TERMINATED,Field_1,0.08,MOVING_TO_FIELD,Field_3,0,TERMINATED,Charger_1,0,TERMINATED,Field_1,149,0.17,0,162,0.26,1,139,0.16,0
163,450,1,0,1,0,2,8,0.21,MOVING_TO_FIELD,Field_1,0,TERMINATED,Field_3,0,TERMINATED,Field_2,0.11,PROTECTING,Field_2,0,TERMINATED,Field_2,0,TERMINATED,Field_1,0.07,IDLE,,0,TERMINATED,Field_1,0,TERMINATED,Field_1,0.07,MOVING_TO_FIELD,Field_3,0,TERMINATED,Charger_1,0,TERMINATED,Field_1,149,0.17,0,162,0.26,1,139,0.16,0
164,455,0,0,2,1,1,8,0.20,PROTECTING,Field_1,0,TERMINATED,Field_3,0,TERMINATED,Field_2,0.10,PROTECTING,Field_2,0,TERMINATED,Field_2,0,TERMINATED,Field_1,0.06,MOVING_TO_CHARGER,Charger_1,0,TERMINATED,Field_1,0,TERMINATED,Field_1,0.06,MOVING_TO_FIELD,Field_3,0,TERMINATED,Charger_1,0,TERMINATED,Field_1,150,0.18,1,165,0.27,1,140,0.17,0
165,458,1,0,2,0,1,8,0.19,PROTECTING,Field_1,0,TERMINATED,Field_3,0,TERMINATED,Field_2,0.10,PROTECTING,Field_2,0,TERMINATED,Field_2,0,TERMINATED,Field_1,0.06,IDLE,,0,TERMINATED,Field_1,0,TERMINATED,Field_1,0.05,MOVING_TO_FIELD,Field_3,0,TERMINATED,Charger_1,0,TERMINATED,Field_1,151,0.19,1,167,0.26,1,140,0.20,0
166,460,1,0,2,1,0,8,0.18,MOVING_TO_CHARGER,Charger_1,0,TERMINATED,Field_3,0,TERMINATED,Field_2,0.09,PROTECTING,Field_2,0,TERMINATED,Field_2,0,TERMINATED,Field_1,0.06,IDLE,,0,TERMINATED,Field_1,0,TERMINATED,Field_1,0.04,PROTECTING,Field_3,0,TERMINATED,Charger_1,0,TERMINATED,Field_1,152,0.19,0,168,0.27,1,140,0.21,1
167,462,1,0,2,0,1,8,0.17,MOVING_TO_FIELD,Field_1,0,TERMINATED,Field_3,0,TERMINATED,Field_2,0.08,PROTECTING,Field_2,0,TERMINATED,Field_2,0,TERMINATED,Field_1,0.06,IDLE,,0,TERMINATED,Field_1,0,TERMINATED,Field_1,0.03,PROTECTING,Field_3,0,TERMINATED,Charger_1,0,TERMINATED,Field_1,152,0.17,0,169,0.25,1,141,0.21,1
168,463,1,0,3,0,0,8,0.16,PROTECTING,Field_1,0,TERMINATED,Field_3,0,TERMINATED,Field_2,0.07,PROTECTING,Field_2,0,TERMINATED,Field_2,0,TERMINATED,Field_1,0.06,IDLE,,0,TERMINATED,Field_1,0,TERMINATED,Field_1,0.03,PROTECTING,Field_3,0,TERMINATED,Charger_1,0,TERMINATED,Field_1,153,0.18,1,169,0.26,1,141,0.21,1
169,463,0,0,3,0,1,8,0.16,PROTECTING,Field_1,0,TERMINATED,Field_3,0,TERMINATED,Field_2,0.07,PROTECTING,Field_2,0,TERMINATED,Field_2,0,TERMINATED,Field_1,0.05,MOVING_TO_FIELD,Field_2,0,TERMINATED,Field_1,0,TERMINATED,Field_1,0.02,PROTECTING,Field_3,0,TERMINATED,Charger_1,0,TERMINATED,Field_1,153,0.18,1,169,0.27,1,141,0.20,1
170,469,1,0,3,0,0,8,0.15,PROTECTING,Field_1,0,TERMINATED,Field_3,0,TERMINATED,Field_2,0.06,PROTECTING,Field_2,0,TERMINATED,Field_2,0,TERMINATED,Field_1,0.05,IDLE,,0,TERMINATED,Field_1,0,TERMINATED,Field_1,0.01,PROTECTING,Field_3,0,TERMINATED,Charger_1,0,TERMINATED,Field_1,153,0.19,1,175,0.27,1,141,0.18,1
171,471,1,0,3,0,0,8,0.14,PROTECTING,Field_1,0,TERMINATED,Field_3,0,TERMINATED,Field_2,0.05,PROTECTING,Field_2,0,TERMINATED,Field_2,0,TERMINATED,Field_1,0.05,IDLE,,0,TERMINATED,Field_1,0,TERMINATED,Field_1,0.01,PROTECTING,Field_3,0,TERMINATED,Charger_1,0,TERMINATED,Field_1,153,0.19,1,177,0.28,1,141,0.19,1
172,477,1,0,2,0,0,9,0.13,PROTECTING,Field_1,0,TERMINATED,Field_3,0,TERMINATED,Field_2,0.05,PROTECTING,Field_2,0,TERMINATED,Field_2,0,TERMINATED,Field_1,0.05,IDLE,,0,TERMINATED,Field_1,0,TERMINATED,Field_1,0,TERMINATED,Field_3,0,TERMINATED,Charger_1,0,TERMINATED,Field_1,155,0.18,1,179,0.27,1,143,0.20,0
173,483,1,0,2,0,0,9,0.13,PROTECTING,Field_1,0,TERMINATED,Field_3,0,TERMINATED,Field_2,0.04,PROTECTING,Field_2,0,TERMINATED,Field_2,0,TERMINATED,Field_1,0.05,IDLE,,0,TERMINATED,Field_1,0,TERMINATED,Field_1,0,TERMINATED,Field_3,0,TERMINATED,Charger_1,0,TERMINATED,Field_1,157,0.18,1,180,0.27,1,146,0.21,0
174,485,1,0,1,1,0,9,0.12,MOVING_TO_CHARGER,Charger_1,0,TERMINATED,Field_3,0,TERMINATED,Field_2,0.03,PROTECTING,Field_2,0,TERMINATED,Field_2,0,TERMINATED,Field_1,0.05,IDLE,,0,TERMINATED,Field_1,0,TERMINATED,Field_1,0,TERMINATED,Field_3,0,TERMINATED,Charger_1,0,TERMINATED,Field_1,158,0.18,0,181,0.27,1,146,0.21,0
175,493,0,0,1,0,2,9,0.11,MOVING_TO_FIELD,Field_1,0,TERMINATED,Field_3,0,TERMINATED,Field_2,0.03,PROTECTING,Field_2,0,TERMINATED,Field_2,0,TERMINATED,Field_1,0.04,MOVING_TO_FIELD,Field_2,0,TERMINATED,Field_1,0,TERMINATED,Field_1,0,TERMINATED,Field_3,0,TERMINATED,Charger_1,0,TERMINATED,Field_1,162,0.18,0,183,0.27,1,148,0.18,0
176,498,1,0,2,0,0,9,0.10,PROTECTING,Field_1,0,TERMINATED,Field_3,0,TERMINATED,Field_2,0.02,PROTECTING,Field_2,0,TERMINATED,Field_2,0,TERMINATED,Field_1,0.04,IDLE,,0,TERMINATED,Field_1,0,TERMINATED,Field_1,0,TERMINATED,Field_3,0,TERMINATED,Charger_1,0,TERMINATED,Field_1,164,0.18,1,185,0.29,1,149,0.16,0
177,502,0,0,2,0,1,9,0.09,PROTECTING,Field_1,0,TERMINATED,Field_3,0,TERMINATED,Field_2,0.01,PROTECTING,Field_2,0,TERMINATED,Field_2,0,TERMINATED,Field_1,0.03,MOVING_TO_FIELD,Field_2,0,TERMINATED,Field_1,0,TERMINATED,Field_1,0,TERMINATED,Field_3,0,TERMINATED,Charger_1,0,TERMINATED,Field_1,165,0.18,1,187,0.28,1,150,0.17,0
178,505,0,0,1,1,1,9,0.08,MOVING_TO_CHARGER,Charger_1,0,TERMINATED,Field_3,0,TERMINATED,Field_2,0.00,PROTECTING,Field_2,0,TERMINATED,Field_2,0,TERMINATED,Field_1,0.02,MOVING_TO_FIELD,Field_2,0,TERMINATED,Field_1,0,TERMINATED,Field_1,0,TERMINATED,Field_3,0,TERMINATED,Charger_1,0,TERMINATED,Field_1,166,0.18,0,188,0.28,1,151,0.16,0
179,509,0,0,0,1,1,10,0.07,MOVING_TO_CHARGER,Charger_1,0,TERMINATED,Field_3,0,TERMINATED,Field_2,0,TERMINATED,Field_2,0,TERMINATED,Field_2,0,TERMINATED,Field_1,0.01,MOVING_TO_FIELD,Field_1,0,TERMINATED,Field_1,0,TERMINATED,Field_1,0,TERMINATED,Field_3,0,TERMINATED,Charger_1,0,TERMINATED,Field_1,167,0.19,0,190,0.29,0,152,0.16,0
180,511,0,0,0,1,1,10,0.06,MOVING_TO_CHARGER,Charger_1,0,TERMINATED,Field_3,0,TERMINATED,Field_2,0,TERMINATED,Field_2,0,TERMINATED,Field_2,0,TERMINATED,Field_1,0.00,MOVING_TO_FIELD,Field_2,0,TERMINATED,Field_1,0,TERMINATED,Field_1,0,TERMINATED,Field_3,0,TERMINATED,Charger_1,0,TERMINATED,Field_1,169,0.20,0,190,0.27,0,152,0.16,0
181,513,0,0,0,1,0,11,0.05,MOVING_TO_CHARGER,Charger_1,0,TERMINATED,Field_3,0,TERMINATED,Field_2,0,TERMINATED,Field_2,0,TERMINATED,Field_2,0,TERMINATED,Field_1,0,TERMINATED,Field_2,0,TERMINATED,Field_1,0,TERMINATED,Field_1,0,TERMINATED,Field_3,0,TERMINATED,Charger_1,0,TERMINATED,Field_1,170,0.20,0,191,0.25,0,152,0.14,0
182,515,0,1,0,0,0,11,0.05,CHARGING,Charger_1,0,TERMINATED,Field_3,0,TERMINATED,Field_2,0,TERMINATED,Field_2,0,TERMINATED,Field_2,0,TERMINATED,Field_1,0,TERMINATED,Field_2,0,TERMINATED,Field_1,0,TERMINATED,Field_1,0,TERMINATED,Field_3,0,TERMINATED,Charger_1,0,TERMINATED,Field_1,171,0.20,0,192,0.24,0,152,0.14,0
183,517,0,1,0,0,0,11,0.06,CHARGING,Charger_1,0,TERMINATED,Field_3,0,TERMINATED,Field_2,0,TERMINATED,Field_2,0,TERMINATED,Field_2,0,TERMINATED,Field_1,0,TERMINATED,Field_2,0,TERMINATED,Field_1,0,TERMINATED,Field_1,0,TERMINATED,Field_3,0,TERMINATED,Charger_1,0,TERMINATED,Field_1,172,0.20,0,193,0.24,0,152,0.14,0
184,519,0,1,0,0,0,11,0.07,CHARGING,Charger_1,0,TERMINATED,Field_3,0,TERMINATED,Field_2,0,TERMINATED,Field_2,0,TERMINATED,Field_2,0,TERMINATED,Field_1,0,TERMINATED,Field_2,0,TERMINATED,Field_1,0,TERMINATED,Field_1,0,TERMINATED,Field_3,0,TERMINATED,Charger_1,0,TERMINATED,Field_1,173,0.18,0,194,0.25,0,152,0.14,0
185,524,0,1,0,0,0,11,0.08,CHARGING,Charger_1,0,TERMINATED,Field_3,0,TERMINATED,Field_2,0,TERMINATED,Field_2,0,TERMINATED,Field_2,0,TERMINATED,Field_1,0,TERMINATED,Field_2,0,TERMINATED,Field_1,0,TERMINATED,Field_1,0,TERMINATED,Field_3,0,TERMINATED,Charger_1,0,TERMINATED,Field_1,173,0.18,0,198,0.26,0,153,0.13,0
186,528,0,1,0,0,0,11,0.09,CHARGING,Charger_1,0,TERMINATED,Field_3,0,TERMINATED,Field_2,0,TERMINATED,Field_2,0,TERMINATED,Field_2,0,TERMINATED,Field_1,0,TERMINATED,Field_2,0,TERMINATED,Field_1,0,TERMINATED,Field_1,0,TERMINATED,Field_3,0,TERMINATED,Charger_1,0,TERMINATED,Field_1,174,0.18,0,200,0.24,0,154,0.14,0
187,532,0,1,0,0,0,11,0.10,CHARGING,Charger_1,0,TERMINATED,Field_3,0,TERMINATED,Field_2,0,TERMINATED,Field_2,0,TERMINATED,Field_2,0,TERMINATED,Field_1,0,TERMINATED,Field_2,0,TERMINATED,Field_1,0,TERMINATED,Field_1,0,TERMINATED,Field_3,0,TERMINATED,Charger_1,0,TERMINATED,Field_1,176,0.19,0,200,0.24,0,156,0.12,0
188,533,0,1,0,0,0,11,0.11,CHARGING,Charger_1,0,TERMINATED,Field_3,0,TERMINATED,Field_2,0,TERMINATED,Field_2,0,TERMINATED,Field_2,0,TERMINATED,Field_1,0,TERMINATED,Field_2,0,TERMINATED,Field_1,0,TERMINATED,Field_1,0,TERMINATED,Field_3,0,TERMINATED,Charger_1,0,TERMINATED,Field_1,176,0.20,0,201,0.24,0,156,0.13,0
189,538,0,0,0,0,1,11,0.10,MOVING_TO_FIELD,Field_1,0,TERMINATED,Field_3,0,TERMINATED,Field_2,0,TERMINATED,Field_2,0,TERMINATED,Field_2,0,TERMINATED,Field_1,0,TERMINATED,Field_2,0,TERMINATED,Field_1,0,TERMINATED,Field_1,0,TERMINATED,Field_3,0,TERMINATED,Charger_1,0,TERMINATED,Field_1,177,0.20,0,203,0.23,0,158,0.12,0
190,541,0,0,0,1,0,11,0.09,MOVING_TO_CHARGER,Charger_1,0,TERMINATED,Field_3,0,TERMINATED,Field_2,0,TERMINATED,Field_2,0,TERMINATED,Field_2,0,TERMINATED,Field_1,0,TERMINATED,Field_2,0,TERMINATED,Field_1,0,TERMINATED,Field_1,0,TERMINATED,Field_3,0,TERMINATED,Charger_1,0,TERMINATED,Field_1,179,0.21,0,204,0.24,0,158,0.11,0
191,545,0,1,0,0,0,11,0.09,CHARGING,Charger_1,0,TERMINATED,Field_3,0,TERMINATED,Field_2,0,TERMINATED,Field_2,0,TERMINATED,Field_2,0,TERMINATED,Field_1,0,TERMINATED,Field_2,0,TERMINATED,Field_1,0,TERMINATED,Field_1,0,TERMINATED,Field_3,0,TERMINATED,Charger_1,0,TERMINATED,Field_1,180,0.22,0,206,0.25,0,159,0.12,0
192,549,0,1,0,0,0,11,0.10,CHARGING,Charger_1,0,TERMINATED,Field_3,0,TERMINATED,Field_2,0,TERMINATED,Field_2,0,TERMINATED,Field_2,0,TERMINATED,Field_1,0,TERMINATED,Field_2,0,TERMINATED,Field_1,0,TERMINATED,Field_1,0,TERMINATED,Field_3,0,TERMINATED,Charger_1,0,TERMINATED,Field_1,182,0.22,0,207,0.24,0,160,0.10,0
193,551,0,1,0,0,0,11,0.11,CHARGING,Charger_1,0,TERMINATED,Field_3,0,TERMINATED,Field_2,0,TERMINATED,Field_2,0,TERMINATED,Field_2,0,TERMINATED,Field_1,0,TERMINATED,Field_2,0,TERMINATED,Field_1,0,TERMINATED,Field_1,0,TERMINATED,Field_3,0,TERMINATED,Charger_1,0,TERMINATED,Field_1,183,0.23,0,208,0.24,0,160,0.10,0
194,554,0,1,0,0,0,11,0.12,CHARGING,Charger_1,0,TERMINATED,Field_3,0,TERMINATED,Field_2,0,TERMINATED,Field_2,0,TERMINATED,Field_2,0,TERMINATED,Field_1,0,TERMINATED,Field_2,0,TERMINATED,Field_1,0,TERMINATED,Field_1,0,TERMINATED,Field_3,0,TERMINATED,Charger_1,0,TERMINATED,Field_1,184,0.23,0,210,0.24,0,160,0.10,0
195,558,0,1,0,0,0,11,0.13,CHARGING,Charger_1,0,TERMINATED,Field_3,0,TERMINATED,Field_2,0,TERMINATED,Field_2,0,TERMINATED,Field_2,0,TERMINATED,Field_1,0,TERMINATED,Field_2,0,TERMINATED,Field_1,0,TERMINATED,Field_1,0,TERMINATED,Field_3,0,TERMINATED,Charger_1,0,TERMINATED,Field_1,185,0.25,0,213,0.23,0,160,0.11,0
196,559,0,1,0,0,0,11,0.14,CHARGING,Charger_1,0,TERMINATED,Field_3,0,TERMINATED,Field_2,0,TERMINATED,Field_2,0,TERMINATED,Field_2,0,TERMINATED,Field_1,0,TERMINATED,Field_2,0,TERMINATED,Field_1,0,TERMINATED,Field_1,0,TERMINATED,Field_3,0,TERMINATED,Charger_1,0,TERMINATED,Field_1,185,0.25,0,213,0.23,0,161,0.12,0
197,564,0,1,0,0,0,11,0.15,CHARGING,Charger_1,0,TERMINATED,Field_3,0,TERMINATED,Field_2,0,TERMINATED,Field_2,0,TERMINATED,Field_2,0,TERMINATED,Field_1,0,TERMINATED,Field_2,0,TERMINATED,Field_1,0,TERMINATED,Field_1,0,TERMINATED,Field_3,0,TERMINATED,Charger_1,0,TERMINATED,Field_1,186,0.24,0,216,0.23,0,162,0.10,0
198,565,0,1,0,0,0,11,0.16,CHARGING,Charger_1,0,TERMINATED,Field_3,0,TERMINATED,Field_2,0,TERMINATED,Field_2,0,TERMINATED,Field_2,0,TERMINATED,Field_1,0,TERMINATED,Field_2,0,TERMINATED,Field_1,0,TERMINATED,Field_1,0,TERMINATED,Field_3,0,TERMINATED,Charger_1,0,TERMINATED,Field_1,186,0.24,0,216,0.21,0,163,0.09,0
199,567,0,1,0,0,0,11,0.17,CHARGING,Charger_1,0,TERMINATED,Field_3,0,TERMINATED,Field_2,0,TERMINATED,Field_2,0,TERMINATED,Field_2,0,TERMINATED,Field_1,0,TERMINATED,Field_2,0,TERMINATED,Field_1,0,TERMINATED,Field_1,0,TERMINATED,Field_3,0,TERMINATED,Charger_1,0,TERMINATED,Field_1,187,0.24,0,217,0.20,0,163,0.11,0
200,570,0,1,0,0,0,11,0.18,CHARGING,Charger_1,0,TERMINATED,Field_3,0,TERMINATED,Field_2,0,TERMINATED,Field_2,0,TERMINATED,Field_2,0,TERMINATED,Field_1,0,TERMINATED,Field_2,0,TERMINATED,Field_1,0,TERMINATED,Field_1,0,TERMINATED,Field_3,0,TERMINATED,Charger_1,0,TERMINATED,Field_1,188,0.26,0,218,0.19,0,164,0.12,0
201,574,0,1,0,0,0,11,0.19,CHARGING,Charger_1,0,TERMINATED,Field_3,0,TERMINATED,Field_2,0,TERMINATED,Field_2,0,TERMINATED,Field_2,0,TERMINATED,Field_1,0,TERMINATED,Field_2,0,TERMINATED,Field_1,0,TERMINATED,Field_1,0,TERMINATED,Field_3,0,TERMINATED,Charger_1,0,TERMINATED,Field_1,189,0.25,0,219,0.18,0,166,0.12,0
202,575,0,1,0,0,0,11,0.20,CHARGING,Charger_1,0,TERMINATED,Field_3,0,TERMINATED,Field_2,0,TERMINATED,Field_2,0,TERMINATED,Field_2,0,TERMINATED,Field_1,0,TERMINATED,Field_2,0,TERMINATED,Field_1,0,TERMINATED,Field_1,0,TERMINATED,Field_3,0,TERMINATED,Charger_1,0,TERMINATED,Field_1,190,0.24,0,219,0.19,0,166,0.11,0
203,576,0,0,0,0,1,11,0.19,MOVING_TO_FIELD,Field_1,0,TERMINATED,Field_3,0,TERMINATED,Field_2,0,TERMINATED,Field_2,0,TERMINATED,Field_2,0,TERMINATED,Field_1,0,TERMINATED,Field_2,0,TERMINATED,Field_1,0,TERMINATED,Field_1,0,TERMINATED,Field_3,0,TERMINATED,Charger_1,0,TERMINATED,Field_1,191,0.26,0,219,0.20,0,166,0.09,0
204,577,0,0,0,1,0,11,0.18,MOVING_TO_CHARGER,Charger_1,0,TERMINATED,Field_3,0,TERMINATED,Field_2,0,TERMINATED,Field_2,0,TERMINATED,Field_2,0,TERMINATED,Field_1,0,TERMINATED,Field_2,0,TERMINATED,Field_1,0,TERMINATED,Field_1,0,TERMINATED,Field_3,0,TERMINATED,Charger_1,0,TERMINATED,Field_1,192,0.25,0,219,0.18,0,166,0.09,0
205,579,0,1,0,0,0,11,0.18,CHARGING,Charger_1,0,TERMINATED,Field_3,0,TERMINATED,Field_2,0,TERMINATED,Field_2,0,TERMINATED,Field_2,0,TERMINATED,Field_1,0,TERMINATED,Field_2,0,TERMINATED,Field_1,0,TERMINATED,Field_1,0,TERMINATED,Field_3,0,TERMINATED,Charger_1,0,TERMINATED,Field_1,193,0.26,0,219,0.17,0,167,0.09,0
206,582,0,1,0,0,0,11,0.19,CHARGING,Charger_1,0,TERMINATED,Field_3,0,TERMINATED,Field_2,0,TERMINATED,Field_2,0,TERMINATED,Field_2,0,TERMINATED,Field_1,0,TERMINATED,Field_2,0,TERMINATED,Field_1,0,TERMINATED,Field_1,0,TERMINATED,Field_3,0,TERMINATED,Charger_1,0,TERMINATED,Field_1,195,0.26,0,219,0.18,0,168,0.08,0
207,585,0,1,0,0,0,11,0.20,CHARGING,Charger_1,0,TERMINATED,Field_3,0,TERMINATED,Field_2,0,TERMINATED,Field_2,0,TERMINATED,Field_2,0,TERMINATED,Field_1,0,TERMINATED,Field_2,0,TERMINATED,Field_1,0,TERMINATED,Field_1,0,TERMINATED,Field_3,0,TERMINATED,Charger_1,0,TERMINATED,Field_1,195,0.26,0,221,0.19,0,169,0.08,0
208,585,0,1,0,0,0,11,0.21,CHARGING,Charger_1,0,TERMINATED,Field_3,0,TERMINATED,Field_2,0,TERMINATED,Field_2,0,TERMINATED,Field_2,0,TERMINATED,Field_1,0,TERMINATED,Field_2,0,TERMINATED,Field_1,0,TERMINATED,Field_1,0,TERMINATED,Field_3,0,TERMINATED,Charger_1,0,TERMINATED,Field_1,195,0.25,0,221,0.21,0,169,0.07,0
209,589,0,1,0,0,0,11,0.22,CHARGING,Charger_1,0,TERMINATED,Field_3,0,TERMINATED,Field_2,0,TERMINATED,Field_2,0,TERMINATED,Field_2,0,TERMINATED,Field_1,0,TERMINATED,Field_2,0,TERMINATED,Field_1,0,TERMINATED,Field_1,0,TERMINATED,Field_3,0,TERMINATED,Charger_1,0,TERMINATED,Field_1,197,0.27,0,222,0.21,0,170,0.08,0
210,591,0,1,0,0,0,11,0.23,CHARGING,Charger_1,0,TERMINATED,Field_3,0,TERMINATED,Field_2,0,TERMINATED,Field_2,0,TERMINATED,Field_2,0,TERMINATED,Field_1,0,TERMINATED,Field_2,0,TERMINATED,Field_1,0,TERMINATED,Field_1,0,TERMINATED,Field_3,0,TERMINATED,Charger_1,0,TERMINATED,Field_1,198,0.27,0,223,0.21,0,170,0.08,0
211,593,0,1,0,0,0,11,0.24,CHARGING,Charger_1,0,TERMINATED,Field_3,0,TERMINATED,Field_2,0,TERMINATED,Field_2,0,TERMINATED,Field_2,0,TERMINATED,Field_1,0,TERMINATED,Field_2,0,TERMINATED,Field_1,0,TERMINATED,Field_1,0,TERMINATED,Field_3,0,TERMINATED,Charger_1,0,TERMINATED,Field_1,198,0.27,0,224,0.21,0,171,0.07,0
212,595,0,1,0,0,0,11,0.25,CHARGING,Charger_1,0,TERMINATED,Field_3,0,TERMINATED,Field_2,0,TERMINATED,Field_2,0,TERMINATED,Field_2,0,TERMINATED,Field_1,0,TERMINATED,Field_2,0,TERMINATED,Field_1,0,TERMINATED,Field_1,0,TERMINATED,Field_3,0,TERMINATED,Charger_1,0,TERMINATED,Field_1,199,0.25,0,224,0.22,0,172,0.07,0
213,599,0,1,0,0,0,11,0.26,CHARGING,Charger_1,0,TERMINATED,Field_3,0,TERMINATED,Field_2,0,TERMINATED,Field_2,0,TERMINATED,Field_2,0,TERMINATED,Field_1,0,TERMINATED,Field_2,0,TERMINATED,Field_1,0,TERMINATED,Field_1,0,TERMINATED,Field_3,0,TERMINATED,Charger_1,0,TERMINATED,Field_1,201,0.24,0,225,0.22,0,173,0.07,0
214,600,0,1,0,0,0,11,0.27,CHARGING,Charger_1,0,TERMINATED,Field_3,0,TERMINATED,Field_2,0,TERMINATED,Field_2,0,TERMINATED,Field_2,0,TERMINATED,Field_1,0,TERMINATED,Field_2,0,TERMINATED,Field_1,0,TERMINATED,Field_1,0,TERMINATED,Field_3,0,TERMINATED,Charger_1,0,TERMINATED,Field_1,202,0.23,0,225,0.23,0,173,0.07,0
215,603,0,1,0,0,0,11,0.28,CHARGING,Charger_1,0,TERMINATED,Field_3,0,TERMINATED,Field_2,0,TERMINATED,Field_2,0,TERMINATED,Field_2,0,TERMINATED,Field_1,0,TERMINATED,Field_2,0,TERMINATED,Field_1,0,TERMINATED,Field_1,0,TERMINATED,Field_3,0,TERMINATED,Charger_1,0,TERMINATED,Field_1,203,0.25,0,226,0.23,0,174,0.06,0
216,606,0,1,0,0,0,11,0.29,CHARGING,Charger_1,0,TERMINATED,Field_3,0,TERMINATED,Field_2,0,TERMINATED,Field_2,0,TERMINATED,Field_2,0,TERMINATED,Field_1,0,TERMINATED,Field_2,0,TERMINATED,Field_1,0,TERMINATED,Field_1,0,TERMINATED,Field_3,0,TERMINATED,Charger_1,0,TERMINATED,Field_1,204,0.24,0,228,0.22,0,174,0.07,0
217,608,0,1,0,0,0,11,0.30,CHARGING,Charger_1,0,TERMINATED,Field_3,0,TERMINATED,Field_2,0,TERMINATED,Field_2,0,TERMINATED,Field_2,0,TERMINATED,Field_1,0,TERMINATED,Field_2,0,TERMINATED,Field_1,0,TERMINATED,Field_1,0,TERMINATED,Field_3,0,TERMINATED,Charger_1,0,TERMINATED,Field_1,204,0.24,0,229,0.22,0,175,0.07,0
218,614,0,1,0,0,0,11,0.31,CHARGING,Charger_1,0,TERMINATED,Field_3,0,TERMINATED,Field_2,0,TERMINATED,Field_2,0,TERMINATED,Field_2,0,TERMINATED,Field_1,0,TERMINATED,Field_2,0,TERMINATED,Field_1,0,TERMINATED,Field_1,0,TERMINATED,Field_3,0,TERMINATED,Charger_1,0,TERMINATED,Field_1,205,0.25,0,233,0.21,0,176,0.09,0
219,617,0,1,0,0,0,11,0.32,CHARGING,Charger_1,0,TERMINATED,Field_3,0,TERMINATED,Field_2,0,TERMINATED,Field_2,0,TERMINATED,Field_2,0,TERMINATED,Field_1,0,TERMINATED,Field_2,0,TERMINATED,Field_1,0,TERMINATED,Field_1,0,TERMINATED,Field_3,0,TERMINATED,Charger_1,0,TERMINATED,Field_1,207,0.24,0,234,0.19,0,176,0.08,0
220,621,0,1,0,0,0,11,0.33,CHARGING,Charger_1,0,TERMINATED,Field_3,0,TERMINATED,Field_2,0,TERMINATED,Field_2,0,TERMINATED,Field_2,0,TERMINATED,Field_1,0,TERMINATED,Field_2,0,TERMINATED,Field_1,0,TERMINATED,Field_1,0,TERMINATED,Field_3,0,TERMINATED,Charger_1,0,TERMINATED,Field_1,209,0.22,0,235,0.18,0,177,0.09,0
221,624,0,1,0,0,0,11,0.34,CHARGING,Charger_1,0,TERMINATED,Field_3,0,TERMINATED,Field_2,0,TERMINATED,Field_2,0,TERMINATED,Field_2,0,TERMINATED,Field_1,0,TERMINATED,Field_2,0,TERMINATED,Field_1,0,TERMINATED,Field_1,0,TERMINATED,Field_3,0,TERMINATED,Charger_1,0,TERMINATED,Field_1,210,0.22,0,237,0.19,0,177,0.11,0
222,625,0,1,0,0,0,11,0.35,CHARGING,Charger_1,0,TERMINATED,Field_3,0,TERMINATED,Field_2,0,TERMINATED,Field_2,0,TERMINATED,Field_2,0,TERMINATED,Field_1,0,TERMINATED,Field_2,0,TERMINATED,Field_1,0,TERMINATED,Field_1,0,TERMINATED,Field_3,0,TERMINATED,Charger_1,0,TERMINATED,Field_1,211,0.21,0,237,0.19,0,177,0.12,0
223,626,0,1,0,0,0,11,0.36,CHARGING,Charger_1,0,TERMINATED,Field_3,0,TERMINATED,Field_2,0,TERMINATED,Field_2,0,TERMINATED,Field_2,0,TERMINATED,Field_1,0,TERMINATED,Field_2,0,TERMINATED,Field_1,0,TERMINATED,Field_1,0,TERMINATED,Field_3,0,TERMINATED,Charger_1,0,TERMINATED,Field_1,212,0.21,0,237,0.19,0,177,0.11,0
224,630,0,1,0,0,0,11,0.37,CHARGING,Charger_1,0,TERMINATED,Field_3,0,TERMINATED,Field_2,0,TERMINATED,Field_2,0,TERMINATED,Field_2,0,TERMINATED,Field_1,0,TERMINATED,Field_2,0,TERMINATED,Field_1,0,TERMINATED,Field_1,0,TERMINATED,Field_3,0,TERMINATED,Charger_1,0,TERMINATED,Field_1,213,0.22,0,239,0.18,0,178,0.11,0
225,633,0,1,0,0,0,11,0.38,CHARGING,Charger_1,0,TERMINATED,Field_3,0,TERMINATED,Field_2,0,TERMINATED,Field_2,0,TERMINATED,Field_2,0,TERMINATED,Field_1,0,TERMINATED,Field_2,0,TERMINATED,Field_1,0,TERMINATED,Field_1,0,TERMINATED,Field_3,0,TERMINATED,Charger_1,0,TERMINATED,Field_1,214,0.23,0,240,0.19,0,179,0.12,0
226,636,0,1,0,0,0,11,0.39,CHARGING,Charger_1,0,TERMINATED,Field_3,0,TERMINATED,Field_2,0,TERMINATED,Field_2,0,TERMINATED,Field_2,0,TERMINATED,Field_1,0,TERMINATED,Field_2,0,TERMINATED,Field_1,0,TERMINATED,Field_1,0,TERMINATED,Field_3,0,TERMINATED,Charger_1,0,TERMINATED,Field_1,216,0.26,0,241,0.21,0,179,0.12,0
227,640,0,1,0,0,0,11,0.40,CHARGING,Charger_1,0,TERMINATED,Field_3,0,TERMINATED,Field_2,0,TERMINATED,Field_2,0,TERMINATED,Field_2,0,TERMINATED,Field_1,0,TERMINATED,Field_2,0,TERMINATED,Field_1,0,TERMINATED,Field_1,0,TERMINATED,Field_3,0,TERMINATED,Charger_1,0,TERMINATED,Field_1,218,0.24,0,242,0.20,0,180,0.12,0
228,642,0,1,0,0,0,11,0.41,CHARGING,Charger_1,0,TERMINATED,Field_3,0,TERMINATED,Field_2,0,TERMINATED,Field_2,0,TERMINATED,Field_2,0,TERMINATED,Field_1,0,TERMINATED,Field_2,0,TERMINATED,Field_1,0,TERMINATED,Field_1,0,TERMINATED,Field_3,0,TERMINATED,Charger_1,0,TERMINATED,Field_1,220,0.22,0,242,0.21,0,180,0.12,0
229,644,0,1,0,0,0,11,0.42,CHARGING,Charger_1,0,TERMINATED,Field_3,0,TERMINATED,Field_2,0,TERMINATED,Field_2,0,TERMINATED,Field_2,0,TERMINATED,Field_1,0,TERMINATED,Field_2,0,TERMINATED,Field_1,0,TERMINATED,Field_1,0,TERMINATED,Field_3,0,TERMINATED,Charger_1,0,TERMINATED,Field_1,221,0.21,0,242,0.19,0,181,0.12,0
230,647,0,1,0,0,0,11,0.43,CHARGING,Charger_1,0,TERMINATED,Field_3,0,TERMINATED,Field_2,0,TERMINATED,Field_2,0,TERMINATED,Field_2,0,TERMINATED,Field_1,0,TERMINATED,Field_2,0,TERMINATED,Field_1,0,TERMINATED,Field_1,0,TERMINATED,Field_3,0,TERMINATED,Charger_1,0,TERMINATED,Field_1,222,0.23,0,243,0.19,0,182,0.12,0
231,648,0,1,0,0,0,11,0.44,CHARGING,Charger_1,0,TERMINATED,Field_3,0,TERMINATED,Field_2,0,TERMINATED,Field_2,0,TERMINATED,Field_2,0,TERMINATED,Field_1,0,TERMINATED,Field_2,0,TERMINATED,Field_1,0,TERMINATED,Field_1,0,TERMINATED,Field_3,0,TERMINATED,Charger_1,0,TERMINATED,Field_1,222,0.25,0,244,0.18,0,182,0.14,0
232,653,0,1,0,0,0,11,0.45,CHARGING,Charger_1,0,TERMINATED,Field_3,0,TERMINATED,Field_2,0,TERMINATED,Field_2,0,TERMINATED,Field_2,0,TERMINATED,Field_1,0,TERMINATED,Field_2,0,TERMINATED,Field_1,0,TERMINATED,Field_1,0,TERMINATED,Field_3,0,TERMINATED,Charger_1,0,TERMINATED,Field_1,224,0.24,0,247,0.20,0,182,0.15,0
233,658,0,1,0,0,0,11,0.46,CHARGING,Charger_1,0,TERMINATED,Field_3,0,TERMINATED,Field_2,0,TERMINATED,Field_2,0,TERMINATED,Field_2,0,TERMINATED,Field_1,0,TERMINATED,Field_2,0,TERMINATED,Field_1,0,TERMINATED,Field_1,0,TERMINATED,Field_3,0,TERMINATED,Charger_1,0,TERMINATED,Field_1,225,0.24,0,249,0.20,0,184,0.16,0
234,660,0,1,0,0,0,11,0.47,CHARGING,Charger_1,0,TERMINATED,Field_3,0,TERMINATED,Field_2,0,TERMINATED,Field_2,0,TERMINATED,Field_2,0,TERMINATED,Field_1,0,TERMINATED,Field_2,0,TERMINATED,Field_1,0,TERMINATED,Field_1,0,TERMINATED,Field_3,0,TERMINATED,Charger_1,0,TERMINATED,Field_1,225,0.23,0,251,0.21,0,184,0.15,0
235,662,0,1,0,0,0,11,0.48,CHARGING,Charger_1,0,TERMINATED,Field_3,0,TERMINATED,Field_2,0,TERMINATED,Field_2,0,TERMINATED,Field_2,0,TERMINATED,Field_1,0,TERMINATED,Field_2,0,TERMINATED,Field_1,0,TERMINATED,Field_1,0,TERMINATED,Field_3,0,TERMINATED,Charger_1,0,TERMINATED,Field_1,225,0.23,0,252,0.22,0,185,0.13,0
236,662,0,1,0,0,0,11,0.49,CHARGING,Charger_1,0,TERMINATED,Field_3,0,TERMINATED,Field_2,0,TERMINATED,Field_2,0,TERMINATED,Field_2,0,TERMINATED,Field_1,0,TERMINATED,Field_2,0,TERMINATED,Field_1,0,TERMINATED,Field_1,0,TERMINATED,Field_3,0,TERMINATED,Charger_1,0,TERMINATED,Field_1,225,0.24,0,252,0.21,0,185,0.11,0
237,663,0,1,0,0,0,11,0.50,CHARGING,Charger_1,0,TERMINATED,Field_3,0,TERMINATED,Field_2,0,TERMINATED,Field_2,0,TERMINATED,Field_2,0,TERMINATED,Field_1,0,TERMINATED,Field_2,0,TERMINATED,Field_1,0,TERMINATED,Field_1,0,TERMINATED,Field_3,0,TERMINATED,Charger_1,0,TERMINATED,Field_1,226,0.24,0,252,0.21,0,185,0.12,0
238,665,0,1,0,0,0,11,0.51,CHARGING,Charger_1,0,TERMINATED,Field_3,0,TERMINATED,Field_2,0,TERMINATED,Field_2,0,TERMINATED,Field_2,0,TERMINATED,Field_1,0,TERMINATED,Field_2,0,TERMINATED,Field_1,0,TERMINATED,Field_1,0,TERMINATED,Field_3,0,TERMINATED,Charger_1,0,TERMINATED,Field_1,227,0.24,0,252,0.18,0,186,0.12,0
239,670,0,1,0,0,0,11,0.52,CHARGING,Charger_1,0,TERMINATED,Field_3,0,TERMINATED,Field_2,0,TERMINATED,Field_2,0,TERMINATED,Field_2,0,TERMINATED,Field_1,0,TERMINATED,Field_2,0,TERMINATED,Field_1,0,TERMINATED,Field_1,0,TERMINATED,Field_3,0,TERMINATED,Charger_1,0,TERMINATED,Field_1,228,0.24,0,254,0.19,0,188,0.12,0
240,675,0,1,0,0,0,11,0.53,CHARGING,Charger_1,0,TERMINATED,Field_3,0,TERMINATED,Field_2,0,TERMINATED,Field_2,0,TERMINATED,Field_2,0,TERMINATED,Field_1,0,TERMINATED,Field_2,0,TERMINATED,Field_1,0,TERMINATED,Field_1,0,TERMINATED,Field_3,0,TERMINATED,Charger_1,0,TERMINATED,Field_1,230,0.26,0,256,0.19,0,189,0.13,0
241,678,0,1,0,0,0,11,0.54,CHARGING,Charger_1,0,TERMINATED,Field_3,0,TERMINATED,Field_2,0,TERMINATED,Field_2,0,TERMINATED,Field_2,0,TERMINATED,Field_1,0,TERMINATED,Field_2,0,TERMINATED,Field_1,0,TERMINATED,Field_1,0,TERMINATED,Field_3,0,TERMINATED,Charger_1,0,TERMINATED,Field_1,233,0.26,0,256,0.19,0,189,0.13,0
242,680,0,1,0,0,0,11,0.55,CHARGING,Charger_1,0,TERMINATED,Field_3,0,TERMINATED,Field_2,0,TERMINATED,Field_2,0,TERMINATED,Field_2,0,TERMINATED,Field_1,0,TERMINATED,Field_2,0,TERMINATED,Field_1,0,TERMINATED,Field_1,0,TERMINATED,Field_3,0,TERMINATED,Charger_1,0,TERMINATED,Field_1,233,0.26,0,258,0.17,0,189,0.13,0
243,684,0,1,0,0,0,11,0.56,CHARGING,Charger_1,0,TERMINATED,Field_3,0,TERMINATED,Field_2,0,TERMINATED,Field_2,0,TERMINATED,Field_2,0,TERMINATED,Field_1,0,TERMINATED,Field_2,0,TERMINATED,Field_1,0,TERMINATED,Field_1,0,TERMINATED,Field_3,0,TERMINATED,Charger_1,0,TERMINATED,Field_1,236,0.25,0,259,0.18,0,189,0.13,0
244,687,0,0,0,0,1,11,0.55,MOVING_TO_FIELD,Field_3,0,TERMINATED,Field_3,0,TERMINATED,Field_2,0,TERMINATED,Field_2,0,TERMINATED,Field_2,0,TERMINATED,Field_1,0,TERMINATED,Field_2,0,TERMINATED,Field_1,0,TERMINATED,Field_1,0,TERMINATED,Field_3,0,TERMINATED,Charger_1,0,TERMINATED,Field_1,238,0.23,0,260,0.17,0,189,0.14,0
245,689,0,1,0,0,0,11,0.55,CHARGING,Charger_1,0,TERMINATED,Field_3,0,TERMINATED,Field_2,0,TERMINATED,Field_2,0,TERMINATED,Field_2,0,TERMINATED,Field_1,0,TERMINATED,Field_2,0,TERMINATED,Field_1,0,TERMINATED,Field_1,0,TERMINATED,Field_3,0,TERMINATED,Charger_1,0,TERMINATED,Field_1,239,0.23,0,261,0.18,0,189,0.14,0
246,691,0,1,0,0,0,11,0.56,CHARGING,Charger_1,0,TERMINATED,Field_3,0,TERMINATED,Field_2,0,TERMINATED,Field_2,0,TERMINATED,Field_2,0,TERMINATED,Field_1,0,TERMINATED,Field_2,0,TERMINATED,Field_1,0,TERMINATED,Field_1,0,TERMINATED,Field_3,0,TERMINATED,Charger_1,0,TERMINATED,Field_1,239,0.20,0,261,0.20,0,191,0.13,0
247,691,0,1,0,0,0,11,0.57,CHARGING,Charger_1,0,TERMINATED,Field_3,0,TERMINATED,Field_2,0,TERMINATED,Field_2,0,TERMINATED,Field_2,0,TERMINATED,Field_1,0,TERMINATED,Field_2,0,TERMINATED,Field_1,0,TERMINATED,Field_1,0,TERMINATED,Field_3,0,TERMINATED,Charger_1,0,TERMINATED,Field_1,239,0.20,0,261,0.20,0,191,0.13,0
248,694,0,1,0,0,0,11,0.58,CHARGING,Charger_1,0,TERMINATED,Field_3,0,TERMINATED,Field_2,0,TERMINATED,Field_2,0,TERMINATED,Field_2,0,TERMINATED,Field_1,0,TERMINATED,Field_2,0,TERMINATED,Field_1,0,TERMINATED,Field_1,0,TERMINATED,Field_3,0,TERMINATED,Charger_1,0,TERMINATED,Field_1,239,0.21,0,264,0.20,0,191,0.15,0
249,697,0,1,0,0,0,11,0.59,CHARGING,Charger_1,0,TERMINATED,Field_3,0,TERMINATED,Field_2,0,TERMINATED,Field_2,0,TERMINATED,Field_2,0,TERMINATED,Field_1,0,TERMINATED,Field_2,0,TERMINATED,Field_1,0,TERMINATED,Field_1,0,TERMINATED,Field_3,0,TERMINATED,Charger_1,0,TERMINATED,Field_1,239,0.21,0,267,0.19,0,191,0.14,0
250,699,0,1,0,0,0,11,0.60,CHARGING,Charger_1,0,TERMINATED,Field_3,0,TERMINATED,Field_2,0,TERMINATED,Field_2,0,TERMINATED,Field_2,0,TERMINATED,Field_1,0,TERMINATED,Field_2,0,TERMINATED,Field_1,0,TERMINATED,Field_1,0,TERMINATED,Field_3,0,TERMINATED,Charger_1,0,TERMINATED,Field_1,241,0.22,0,267,0.19,0,191,0.13,0
251,699,0,1,0,0,0,11,0.61,CHARGING,Charger_1,0,TERMINATED,Field_3,0,TERMINATED,Field_2,0,TERMINATED,Field_2,0,TERMINATED,Field_2,0,TERMINATED,Field_1,0,TERMINATED,Field_2,0,TERMINATED,Field_1,0,TERMINATED,Field_1,0,TERMINATED,Field_3,0,TERMINATED,Charger_1,0,TERMINATED,Field_1,241,0.22,0,267,0.20,0,191,0.13,0
252,701,0,1,0,0,0,11,0.62,CHARGING,Charger_1,0,TERMINATED,Field_3,0,TERMINATED,Field_2,0,TERMINATED,Field_2,0,TERMINATED,Field_2,0,TERMINATED,Field_1,0,TERMINATED,Field_2,0,TERMINATED,Field_1,0,TERMINATED,Field_1,0,TERMINATED,Field_3,0,TERMINATED,Charger_1,0,TERMINATED,Field_1,241,0.23,0,268,0.19,0,192,0.13,0
253,706,0,1,0,0,0,11,0.63,CHARGING,Charger_1,0,TERMINATED,Field_3,0,TERMINATED,Field_2,0,TERMINATED,Field_2,0,TERMINATED,Field_2,0,TERMINATED,Field_1,0,TERMINATED,Field_2,0,TERMINATED,Field_1,0,TERMINATED,Field_1,0,TERMINATED,Field_3,0,TERMINATED,Charger_1,0,TERMINATED,Field_1,244,0.24,0,270,0.19,0,192,0.11,0
254,707,0,0,0,0,1,11,0.62,MOVING_TO_FIELD,Field_1,0,TERMINATED,Field_3,0,TERMINATED,Field_2,0,TERMINATED,Field_2,0,TERMINATED,Field_2,0,TERMINATED,Field_1,0,TERMINATED,Field_2,0,TERMINATED,Field_1,0,TERMINATED,Field_1,0,TERMINATED,Field_3,0,TERMINATED,Charger_1,0,TERMINATED,Field_1,244,0.25,0,271,0.16,0,192,0.12,0
255,708,0,0,0,1,0,11,0.61,MOVING_TO_CHARGER,Charger_1,0,TERMINATED,Field_3,0,TERMINATED,Field_2,0,TERMINATED,Field_2,0,TERMINATED,Field_2,0,TERMINATED,Field_1,0,TERMINATED,Field_2,0,TERMINATED,Field_1,0,TERMINATED,Field_1,0,TERMINATED,Field_3,0,TERMINATED,Charger_1,0,TERMINATED,Field_1,245,0.26,0,271,0.17,0,192,0.12,0
256,713,0,0,0,0,1,11,0.60,MOVING_TO_FIELD,Field_3,0,TERMINATED,Field_3,0,TERMINATED,Field_2,0,TERMINATED,Field_2,0,TERMINATED,Field_2,0,TERMINATED,Field_1,0,TERMINATED,Field_2,0,TERMINATED,Field_1,0,TERMINATED,Field_1,0,TERMINATED,Field_3,0,TERMINATED,Charger_1,0,TERMINATED,Field_1,248,0.25,0,273,0.18,0,192,0.11,0
257,713,0,1,0,0,0,11,0.60,CHARGING,Charger_1,0,TERMINATED,Field_3,0,TERMINATED,Field_2,0,TERMINATED,Field_2,0,TERMINATED,Field_2,0,TERMINATED,Field_1,0,TERMINATED,Field_2,0,TERMINATED,Field_1,0,TERMINATED,Field_1,0,TERMINATED,Field_3,0,TERMINATED,Charger_1,0,TERMINATED,Field_1,248,0.23,0,273,0.17,0,192,0.10,0
258,715,0,1,0,0,0,11,0.61,CHARGING,Charger_1,0,TERMINATED,Field_3,0,TERMINATED,Field_2,0,TERMINATED,Field_2,0,TERMINATED,Field_2,0,TERMINATED,Field_1,0,TERMINATED,Field_2,0,TERMINATED,Field_1,0,TERMINATED,Field_1,0,TERMINATED,Field_3,0,TERMINATED,Charger_1,0,TERMINATED,Field_1,249,0.23,0,274,0.16,0,192,0.08,0
259,716,0,1,0,0,0,11,0.62,CHARGING,Charger_1,0,TERMINATED,Field_3,0,TERMINATED,Field_2,0,TERMINATED,Field_2,0,TERMINATED,Field_2,0,TERMINATED,Field_1,0,TERMINATED,Field_2,0,TERMINATED,Field_1,0,TERMINATED,Field_1,0,TERMINATED,Field_3,0,TERMINATED,Charger_1,0,TERMINATED,Field_1,249,0.22,0,275,0.16,0,192,0.06,0
260,716,0,1,0,0,0,11,0.63,CHARGING,Charger_1,0,TERMINATED,Field_3,0,TERMINATED,Field_2,0,TERMINATED,Field_2,0,TERMINATED,Field_2,0,TERMINATED,Field_1,0,TERMINATED,Field_2,0,TERMINATED,Field_1,0,TERMINATED,Field_1,0,TERMINATED,Field_3,0,TERMINATED,Charger_1,0,TERMINATED,Field_1,249,0.23,0,275,0.15,0,192,0.06,0
261,718,0,1,0,0,0,11,0.64,CHARGING,Charger_1,0,TERMINATED,Field_3,0,TERMINATED,Field_2,0,TERMINATED,Field_2,0,TERMINATED,Field_2,0,TERMINATED,Field_1,0,TERMINATED,Field_2,0,TERMINATED,Field_1,0,TERMINATED,Field_1,0,TERMINATED,Field_3,0,TERMINATED,Charger_1,0,TERMINATED,Field_1,251,0.23,0,275,0.16,0,192,0.04,0
262,719,0,1,0,0,0,11,0.65,CHARGING,Charger_1,0,TERMINATED,Field_3,0,TERMINATED,Field_2,0,TERMINATED,Field_2,0,TERMINATED,Field_2,0,TERMINATED,Field_1,0,TERMINATED,Field_2,0,TERMINATED,Field_1,0,TERMINATED,Field_1,0,TERMINATED,Field_3,0,TERMINATED,Charger_1,0,TERMINATED,Field_1,251,0.23,0,276,0.18,0,192,0.03,0
263,720,0,1,0,0,0,11,0.66,CHARGING,Charger_1,0,TERMINATED,Field_3,0,TERMINATED,Field_2,0,TERMINATED,Field_2,0,TERMINATED,Field_2,0,TERMINATED,Field_1,0,TERMINATED,Field_2,0,TERMINATED,Field_1,0,TERMINATED,Field_1,0,TERMINATED,Field_3,0,TERMINATED,Charger_1,0,TERMINATED,Field_1,252,0.23,0,276,0.18,0,192,0.03,0
264,720,0,1,0,0,0,11,0.67,CHARGING,Charger_1,0,TERMINATED,Field_3,0,TERMINATED,Field_2,0,TERMINATED,Field_2,0,TERMINATED,Field_2,0,TERMINATED,Field_1,0,TERMINATED,Field_2,0,TERMINATED,Field_1,0,TERMINATED,Field_1,0,TERMINATED,Field_3,0,TERMINATED,Charger_1,0,TERMINATED,Field_1,252,0.22,0,276,0.18,0,192,0.04,0
265,724,0,1,0,0,0,11,0.68,CHARGING,Charger_1,0,TERMINATED,Field_3,0,TERMINATED,Field_2,0,TERMINATED,Field_2,0,TERMINATED,Field_2,0,TERMINATED,Field_1,0,TERMINATED,Field_2,0,TERMINATED,Field_1,0,TERMINATED,Field_1,0,TERMINATED,Field_3,0,TERMINATED,Charger_1,0,TERMINATED,Field_1,253,0.21,0,279,0.21,0,192,0.05,0
266,725,0,0,0,0,1,11,0.67,MOVING_TO_FIELD,Field_1,0,TERMINATED,Field_3,0,TERMINATED,Field_2,0,TERMINATED,Field_2,0,TERMINATED,Field_2,0,TERMINATED,Field_1,0,TERMINATED,Field_2,0,TERMINATED,Field_1,0,TERMINATED,Field_1,0,TERMINATED,Field_3,0,TERMINATED,Charger_1,0,TERMINATED,Field_1,253,0.21,0,280,0.21,0,192,0.05,0
267,726,1,0,0,0,0,11,0.67,IDLE,,0,TERMINATED,Field_3,0,TERMINATED,Field_2,0,TERMINATED,Field_2,0,TERMINATED,Field_2,0,TERMINATED,Field_1,0,TERMINATED,Field_2,0,TERMINATED,Field_1,0,TERMINATED,Field_1,0,TERMINATED,Field_3,0,TERMINATED,Charger_1,0,TERMINATED,Field_1,253,0.21,0,281,0.21,0,192,0.06,0
268,726,0,0,0,0,1,11,0.66,MOVING_TO_FIELD,Field_1,0,TERMINATED,Field_3,0,TERMINATED,Field_2,0,TERMINATED,Field_2,0,TERMINATED,Field_2,0,TERMINATED,Field_1,0,TERMINATED,Field_2,0,TERMINATED,Field_1,0,TERMINATED,Field_1,0,TERMINATED,Field_3,0,TERMINATED,Charger_1,0,TERMINATED,Field_1,253,0.20,0,281,0.21,0,192,0.06,0
269,728,0,0,0,1,0,11,0.65,MOVING_TO_CHARGER,Charger_1,0,TERMINATED,Field_3,0,TERMINATED,Field_2,0,TERMINATED,Field_2,0,TERMINATED,Field_2,0,TERMINATED,Field_1,0,TERMINATED,Field_2,0,TERMINATED,Field_1,0,TERMINATED,Field_1,0,TERMINATED,Field_3,0,TERMINATED,Charger_1,0,TERMINATED,Field_1,253,0.16,0,283,0.20,0,192,0.06,0
270,728,0,0,0,1,0,11,0.64,MOVING_TO_CHARGER,Charger_1,0,TERMINATED,Field_3,0,TERMINATED,Field_2,0,TERMINATED,Field_2,0,TERMINATED,Field_2,0,TERMINATED,Field_1,0,TERMINATED,Field_2,0,TERMINATED,Field_1,0,TERMINATED,Field_1,0,TERMINATED,Field_3,0,TERMINATED,Charger_1,0,TERMINATED,Field_1,253,0.14,0,283,0.19,0,192,0.06,0
271,728,0,1,0,0,0,11,0.64,CHARGING,Charger_1,0,TERMINATED,Field_3,0,TERMINATED,Field_2,0,TERMINATED,Field_2,0,TERMINATED,Field_2,0,TERMINATED,Field_1,0,TERMINATED,Field_2,0,TERMINATED,Field_1,0,TERMINATED,Field_1,0,TERMINATED,Field_3,0,TERMINATED,Charger_1,0,TERMINATED,Field_1,253,0.14,0,283,0.18,0,192,0.05,0
272,728,0,1,0,0,0,11,0.65,CHARGING,Charger_1,0,TERMINATED,Field_3,0,TERMINATED,Field_2,0,TERMINATED,Field_2,0,TERMINATED,Field_2,0,TERMINATED,Field_1,0,TERMINATED,Field_2,0,TERMINATED,Field_1,0,TERMINATED,Field_1,0,TERMINATED,Field_3,0,TERMINATED,Charger_1,0,TERMINATED,Field_1,253,0.12,0,283,0.18,0,192,0.05,0
273,729,0,1,0,0,0,11,0.66,CHARGING,Charger_1,0,TERMINATED,Field_3,0,TERMINATED,Field_2,0,TERMINATED,Field_2,0,TERMINATED,Field_2,0,TERMINATED,Field_1,0,TERMINATED,Field_2,0,TERMINATED,Field_1,0,TERMINATED,Field_1,0,TERMINATED,Field_3,0,TERMINATED,Charger_1,0,TERMINATED,Field_1,253,0.12,0,284,0.18,0,192,0.05,0
274,730,0,1,0,0,0,11,0.67,CHARGING,Charger_1,0,TERMINATED,Field_3,0,TERMINATED,Field_2,0,TERMINATED,Field_2,0,TERMINATED,Field_2,0,TERMINATED,Field_1,0,TERMINATED,Field_2,0,TERMINATED,Field_1,0,TERMINATED,Field_1,0,TERMINATED,Field_3,0,TERMINATED,Charger_1,0,TERMINATED,Field_1,253,0.14,0,285,0.18,0,192,0.05,0
275,731,0,1,0,0,0,11,0.68,CHARGING,Charger_1,0,TERMINATED,Field_3,0,TERMINATED,Field_2,0,TERMINATED,Field_2,0,TERMINATED,Field_2,0,TERMINATED,Field_1,0,TERMINATED,Field_2,0,TERMINATED,Field_1,0,TERMINATED,Field_1,0,TERMINATED,Field_3,0,TERMINATED,Charger_1,0,TERMINATED,Field_1,253,0.16,0,286,0.18,0,192,0.05,0
276,732,0,0,0,0,1,11,0.67,MOVING_TO_FIELD,Field_1,0,TERMINATED,Field_3,0,TERMINATED,Field_2,0,TERMINATED,Field_2,0,TERMINATED,Field_2,0,TERMINATED,Field_1,0,TERMINATED,Field_2,0,TERMINATED,Field_1,0,TERMINATED,Field_1,0,TERMINATED,Field_3,0,TERMINATED,Charger_1,0,TERMINATED,Field_1,253,0.17,0,287,0.16,0,192,0.07,0
277,732,0,0,0,1,0,11,0.66,MOVING_TO_CHARGER,Charger_1,0,TERMINATED,Field_3,0,TERMINATED,Field_2,0,TERMINATED,Field_2,0,TERMINATED,Field_2,0,TERMINATED,Field_1,0,TERMINATED,Field_2,0,TERMINATED,Field_1,0,TERMINATED,Field_1,0,TERMINATED,Field_3,0,TERMINATED,Charger_1,0,TERMINATED,Field_1,253,0.12,0,287,0.14,0,192,0.07,0
278,733,0,1,0,0,0,11,0.66,CHARGING,Charger_1,0,TERMINATED,Field_3,0,TERMINATED,Field_2,0,TERMINATED,Field_2,0,TERMINATED,Field_2,0,TERMINATED,Field_1,0,TERMINATED,Field_2,0,TERMINATED,Field_1,0,TERMINATED,Field_1,0,TERMINATED,Field_3,0,TERMINATED,Charger_1,0,TERMINATED,Field_1,253,0.11,0,288,0.13,0,192,0.07,0
279,733,0,1,0,0,0,11,0.67,CHARGING,Charger_1,0,TERMINATED,Field_3,0,TERMINATED,Field_2,0,TERMINATED,Field_2,0,TERMINATED,Field_2,0,TERMINATED,Field_1,0,TERMINATED,Field_2,0,TERMINATED,Field_1,0,TERMINATED,Field_1,0,TERMINATED,Field_3,0,TERMINATED,Charger_1,0,TERMINATED,Field_1,253,0.11,0,288,0.14,0,192,0.06,0
280,734,0,0,0,0,1,11,0.66,MOVING_TO_FIELD,Field_1,0,TERMINATED,Field_3,0,TERMINATED,Field_2,0,TERMINATED,Field_2,0,TERMINATED,Field_2,0,TERMINATED,Field_1,0,TERMINATED,Field_2,0,TERMINATED,Field_1,0,TERMINATED,Field_1,0,TERMINATED,Field_3,0,TERMINATED,Charger_1,0,TERMINATED,Field_1,253,0.10,0,289,0.15,0,192,0.05,0
281,734,0,0,0,1,0,11,0.65,MOVING_TO_CHARGER,Charger_1,0,TERMINATED,Field_3,0,TERMINATED,Field_2,0,TERMINATED,Field_2,0,TERMINATED,Field_2,0,TERMINATED,Field_1,0,TERMINATED,Field_2,0,TERMINATED,Field_1,0,TERMINATED,Field_1,0,TERMINATED,Field_3,0,TERMINATED,Charger_1,0,TERMINATED,Field_1,253,0.08,0,289,0.16,0,192,0.04,0
282,736,1,0,0,0,0,11,0.65,IDLE,,0,TERMINATED,Field_3,0,TERMINATED,Field_2,0,TERMINATED,Field_2,0,TERMINATED,Field_2,0,TERMINATED,Field_1,0,TERMINATED,Field_2,0,TERMINATED,Field_1,0,TERMINATED,Field_1,0,TERMINATED,Field_3,0,TERMINATED,Charger_1,0,TERMINATED,Field_1,253,0.08,0,291,0.17,0,192,0.03,0
283,736,0,1,0,0,0,11,0.65,CHARGING,Charger_1,0,TERMINATED,Field_3,0,TERMINATED,Field_2,0,TERMINATED,Field_2,0,TERMINATED,Field_2,0,TERMINATED,Field_1,0,TERMINATED,Field_2,0,TERMINATED,Field_1,0,TERMINATED,Field_1,0,TERMINATED,Field_3,0,TERMINATED,Charger_1,0,TERMINATED,Field_1,253,0.09,0,291,0.20,0,192,0.02,0
284,736,0,1,0,0,0,11,0.66,CHARGING,Charger_1,0,TERMINATED,Field_3,0,TERMINATED,Field_2,0,TERMINATED,Field_2,0,TERMINATED,Field_2,0,TERMINATED,Field_1,0,TERMINATED,Field_2,0,TERMINATED,Field_1,0,TERMINATED,Field_1,0,TERMINATED,Field_3,0,TERMINATED,Charger_1,0,TERMINATED,Field_1,253,0.10,0,291,0.21,0,192,0.02,0
285,737,0,1,0,0,0,11,0.67,CHARGING,Charger_1,0,TERMINATED,Field_3,0,TERMINATED,Field_2,0,TERMINATED,Field_2,0,TERMINATED,Field_2,0,TERMINATED,Field_1,0,TERMINATED,Field_2,0,TERMINATED,Field_1,0,TERMINATED,Field_1,0,TERMINATED,Field_3,0,TERMINATED,Charger_1,0,TERMINATED,Field_1,253,0.09,0,292,0.22,0,192,0.02,0
286,737,0,0,0,0,1,11,0.66,MOVING_TO_FIELD,Field_1,0,TERMINATED,Field_3,0,TERMINATED,Field_2,0,TERMINATED,Field_2,0,TERMINATED,Field_2,0,TERMINATED,Field_1,0,TERMINATED,Field_2,0,TERMINATED,Field_1,0,TERMINATED,Field_1,0,TERMINATED,Field_3,0,TERMINATED,Charger_1,0,TERMINATED,Field_1,253,0.09,0,292,0.23,0,192,0.02,0
287,739,0,0,0,1,0,11,0.65,MOVING_TO_CHARGER,Charger_1,0,TERMINATED,Field_3,0,TERMINATED,Field_2,0,TERMINATED,Field_2,0,TERMINATED,Field_2,0,TERMINATED,Field_1,0,TERMINATED,Field_2,0,TERMINATED,Field_1,0,TERMINATED,Field_1,0,TERMINATED,Field_3,0,TERMINATED,Charger_1,0,TERMINATED,Field_1,253,0.10,0,294,0.23,0,192,0.03,0
288,740,0,1,0,0,0,11,0.65,CHARGING,Charger_1,0,TERMINATED,Field_3,0,TERMINATED,Field_2,0,TERMINATED,Field_2,0,TERMINATED,Field_2,0,TERMINATED,Field_1,0,TERMINATED,Field_2,0,TERMINATED,Field_1,0,TERMINATED,Field_1,0,TERMINATED,Field_3,0,TERMINATED,Charger_1,0,TERMINATED,Field_1,253,0.10,0,295,0.23,0,192,0.03,0
289,740,0,1,0,0,0,11,0.66,CHARGING,Charger_1,0,TERMINATED,Field_3,0,TERMINATED,Field_2,0,TERMINATED,Field_2,0,TERMINATED,Field_2,0,TERMINATED,Field_1,0,TERMINATED,Field_2,0,TERMINATED,Field_1,0,TERMINATED,Field_1,0,TERMINATED,Field_3,0,TERMINATED,Charger_1,0,TERMINATED,Field_1,253,0.10,0,295,0.24,0,192,0.03,0
290,741,0,1,0,0,0,11,0.67,CHARGING,Charger_1,0,TERMINATED,Field_3,0,TERMINATED,Field_2,0,TERMINATED,Field_2,0,TERMINATED,Field_2,0,TERMINATED,Field_1,0,TERMINATED,Field_2,0,TERMINATED,Field_1,0,TERMINATED,Field_1,0,TERMINATED,Field_3,0,TERMINATED,Charger_1,0,TERMINATED,Field_1,253,0.10,0,296,0.25,0,192,0.04,0
291,743,0,1,0,0,0,11,0.68,CHARGING,Charger_1,0,TERMINATED,Field_3,0,TERMINATED,Field_2,0,TERMINATED,Field_2,0,TERMINATED,Field_2,0,TERMINATED,Field_1,0,TERMINATED,Field_2,0,TERMINATED,Field_1,0,TERMINATED,Field_1,0,TERMINATED,Field_3,0,TERMINATED,Charger_1,0,TERMINATED,Field_1,253,0.11,0,298,0.25,0,192,0.04,0
292,745,0,1,0,0,0,11,0.69,CHARGING,Charger_1,0,TERMINATED,Field_3,0,TERMINATED,Field_2,0,TERMINATED,Field_2,0,TERMINATED,Field_2,0,TERMINATED,Field_1,0,TERMINATED,Field_2,0,TERMINATED,Field_1,0,TERMINATED,Field_1,0,TERMINATED,Field_3,0,TERMINATED,Charger_1,0,TERMINATED,Field_1,253,0.09,0,300,0.29,0,192,0.03,0
293,746,0,1,0,0,0,11,0.70,CHARGING,Charger_1,0,TERMINATED,Field_3,0,TERMINATED,Field_2,0,TERMINATED,Field_2,0,TERMINATED,Field_2,0,TERMINATED,Field_1,0,TERMINATED,Field_2,0,TERMINATED,Field_1,0,TERMINATED,Field_1,0,TERMINATED,Field_3,0,TERMINATED,Charger_1,0,TERMINATED,Field_1,253,0.08,0,301,0.30,0,192,0.03,0
294,748,0,1,0,0,0,11,0.71,CHARGING,Charger_1,0,TERMINATED,Field_3,0,TERMINATED,Field_2,0,TERMINATED,Field_2,0,TERMINATED,Field_2,0,TERMINATED,Field_1,0,TERMINATED,Field_2,0,TERMINATED,Field_1,0,TERMINATED,Field_1,0,TERMINATED,Field_3,0,TERMINATED,Charger_1,0,TERMINATED,Field_1,253,0.08,0,303,0.31,0,192,0.03,0
295,748,0,1,0,0,0,11,0.72,CHARGING,Charger_1,0,TERMINATED,Field_3,0,TERMINATED,Field_2,0,TERMINATED,Field_2,0,TERMINATED,Field_2,0,TERMINATED,Field_1,0,TERMINATED,Field_2,0,TERMINATED,Field_1,0,TERMINATED,Field_1,0,TERMINATED,Field_3,0,TERMINATED,Charger_1,0,TERMINATED,Field_1,253,0.07,0,303,0.32,0,192,0.03,0
296,750,0,1,0,0,0,11,0.73,CHARGING,Charger_1,0,TERMINATED,Field_3,0,TERMINATED,Field_2,0,TERMINATED,Field_2,0,TERMINATED,Field_2,0,TERMINATED,Field_1,0,TERMINATED,Field_2,0,TERMINATED,Field_1,0,TERMINATED,Field_1,0,TERMINATED,Field_3,0,TERMINATED,Charger_1,0,TERMINATED,Field_1,253,0.08,0,305,0.35,0,192,0.03,0
297,756,0,1,0,0,0,11,0.74,CHARGING,Charger_1,0,TERMINATED,Field_3,0,TERMINATED,Field_2,0,TERMINATED,Field_2,0,TERMINATED,Field_2,0,TERMINATED,Field_1,0,TERMINATED,Field_2,0,TERMINATED,Field_1,0,TERMINATED,Field_1,0,TERMINATED,Field_3,0,TERMINATED,Charger_1,0,TERMINATED,Field_1,253,0.07,0,311,0.37,0,192,0.05,0
298,758,0,0,0,0,1,11,0.73,MOVING_TO_FIELD,Field_1,0,TERMINATED,Field_3,0,TERMINATED,Field_2,0,TERMINATED,Field_2,0,TERMINATED,Field_2,0,TERMINATED,Field_1,0,TERMINATED,Field_2,0,TERMINATED,Field_1,0,TERMINATED,Field_1,0,TERMINATED,Field_3,0,TERMINATED,Charger_1,0,TERMINATED,Field_1,253,0.06,0,313,0.36,0,192,0.06,0
299,763,0,0,0,1,0,11,0.72,MOVING_TO_CHARGER,Charger_1,0,TERMINATED,Field_3,0,TERMINATED,Field_2,0,TERMINATED,Field_2,0,TERMINATED,Field_2,0,TERMINATED,Field_1,0,TERMINATED,Field_2,0,TERMINATED,Field_1,0,TERMINATED,Field_1,0,TERMINATED,Field_3,0,TERMINATED,Charger_1,0,TERMINATED,Field_1,253,0.06,0,318,0.38,0,192,0.06,0
300,763,0,1,0,0,0,11,0.72,CHARGING,Charger_1,0,TERMINATED,Field_3,0,TERMINATED,Field_2,0,TERMINATED,Field_2,0,TERMINATED,Field_2,0,TERMINATED,Field_1,0,TERMINATED,Field_2,0,TERMINATED,Field_1,0,TERMINATED,Field_1,0,TERMINATED,Field_3,0,TERMINATED,Charger_1,0,TERMINATED,Field_1,253,0.04,0,318,0.37,0,192,0.05,0
