step,damage,IDLE,CHARGING,PROTECTING,MOVING_TO_CHARGER,MOVING_TO_FIELD,TERMINATED,Drone_1_battery,Drone_1_state,Drone_1_target,Drone_2_battery,Drone_2_state,Drone_2_target,Drone_3_battery,Drone_3_state,Drone_3_target,Drone_4_battery,Drone_4_state,Drone_4_target,Drone_5_battery,Drone_5_state,Drone_5_target,Drone_6_battery,Drone_6_state,Drone_6_target,Drone_7_battery,Drone_7_state,Drone_7_target,Drone_8_battery,Drone_8_state,Drone_8_target,Drone_9_battery,Drone_9_state,Drone_9_target,Drone_10_battery,Drone_10_state,Drone_10_target,Drone_11_battery,Drone_11_state,Drone_11_target,Drone_12_battery,Drone_12_state,Drone_12_target,Field_1_damage,Field_1_threat_level,Field_1_protecting_drones,Field_1_drones_for_full_protection,Field_2_damage,Field_2_threat_level,Field_2_protecting_drones,Field_2_drones_for_full_protection,Field_3_damage,Field_3_threat_level,Field_3_protecting_drones,Field_3_drones_for_full_protection
1,0,2,0,0,6,4,0,0.99,MOVING_TO_CHARGER,Charger_1,0.99,MOVING_TO_CHARGER,Charger_1,0.99,MOVING_TO_FIELD,Field_3,1,IDLE,,0.99,MOVING_TO_FIELD,Field_1,0.99,MOVING_TO_CHARGER,Charger_1,0.99,MOVING_TO_FIELD,Field_2,0.99,MOVING_TO_CHARGER,Charger_1,0.99,MOVING_TO_CHARGER,Charger_1,1,IDLE,,0.99,MOVING_TO_CHARGER,Charger_1,0.99,MOVING_TO_FIELD,Field_1,0,0.08,0,4,0,0.17,0,6,0,0.07,0,3
2,0,4,0,0,2,6,0,0.99,IDLE,,0.98,MOVING_TO_FIELD,Field_3,0.98,MOVING_TO_FIELD,Field_3,1,IDLE,,0.99,IDLE,,0.98,MOVING_TO_CHARGER,Charger_1,0.98,MOVING_TO_FIELD,Field_2,0.98,MOVING_TO_CHARGER,Charger_1,0.98,MOVING_TO_FIELD,Field_1,1,IDLE,,0.98,MOVING_TO_FIELD,Field_2,0.98,MOVING_TO_FIELD,Field_1,0,0.08,0,4,0,0.17,0,6,0,0.06,0,3
3,0,2,0,0,3,7,0,0.98,MOVING_TO_FIELD,Field_3,0.97,MOVING_TO_FIELD,Field_3,0.97,MOVING_TO_FIELD,Field_1,1,IDLE,,0.98,MOVING_TO_CHARGER,Charger_1,0.98,IDLE,,0.97,MOVING_TO_FIELD,Field_1,0.97,MOVING_TO_CHARGER,Charger_1,0.97,MOVING_TO_FIELD,Field_1,0.99,MOVING_TO_FIELD,Field_3,0.97,MOVING_TO_CHARGER,Charger_1,0.97,MOVING_TO_FIELD,Field_1,0,0.08,0,4,0,0.17,0,6,0,0.06,0,3
4,1,2,0,1,2,7,0,0.97,MOVING_TO_FIELD,Field_2,0.96,MOVING_TO_CHARGER,Charger_1,0.96,MOVING_TO_CHARGER,Charger_1,1,IDLE,,0.97,MOVING_TO_FIELD,Field_3,0.97,MOVING_TO_FIELD,Field_3,0.96,MOVING_TO_FIELD,Field_1,0.96,MOVING_TO_FIELD,Field_2,0.96,PROTECTING,Field_1,0.99,IDLE,,0.96,MOVING_TO_FIELD,Field_2,0.96,MOVING_TO_FIELD,Field_1,1,0.08,1,3,0,0.18,0,6,0,0.05,0,3
5,2,4,0,0,3,5,0,0.96,MOVING_TO_FIELD,Field_1,0.95,MOVING_TO_FIELD,Field_2,0.95,MOVING_TO_FIELD,Field_1,0.99,MOVING_TO_CHARGER,Charger_1,0.97,IDLE,,0.97,IDLE,,0.95,MOVING_TO_CHARGER,Charger_1,0.95,MOVING_TO_CHARGER,Charger_1,0.96,IDLE,,0.98,MOVING_TO_FIELD,Field_1,0.96,IDLE,,0.95,MOVING_TO_FIELD,Field_1,1,0.08,0,4,1,0.17,0,6,0,0.05,0,3
6,3,3,0,1,2,6,0,0.95,MOVING_TO_FIELD,Field_1,0.94,MOVING_TO_CHARGER,Charger_1,0.94,MOVING_TO_FIELD,Field_3,0.99,IDLE,,0.97,IDLE,,0.96,MOVING_TO_FIELD,Field_3,0.94,MOVING_TO_CHARGER,Charger_1,0.94,MOVING_TO_FIELD,Field_2,0.95,PROTECTING,Field_1,0.97,MOVING_TO_FIELD,Field_3,0.96,IDLE,,0.94,MOVING_TO_FIELD,Field_2,1,0.09,1,3,2,0.18,0,6,0,0.07,0,3
7,3,4,0,1,3,4,0,0.94,MOVING_TO_FIELD,Field_1,0.93,MOVING_TO_FIELD,Field_3,0.93,MOVING_TO_FIELD,Field_3,0.99,IDLE,,0.97,IDLE,,0.96,IDLE,,0.93,MOVING_TO_CHARGER,Charger_1,0.93,MOVING_TO_CHARGER,Charger_1,0.94,PROTECTING,Field_1,0.96,MOVING_TO_CHARGER,Charger_1,0.96,IDLE,,0.93,MOVING_TO_FIELD,Field_1,1,0.10,1,3,2,0.18,0,6,0,0.08,0,3
8,4,4,0,0,3,5,0,0.93,MOVING_TO_FIELD,Field_1,0.92,MOVING_TO_CHARGER,Charger_1,0.92,MOVING_TO_FIELD,Field_1,0.99,IDLE,,0.97,IDLE,,0.96,IDLE,,0.92,MOVING_TO_FIELD,Field_3,0.92,MOVING_TO_CHARGER,Charger_1,0.93,MOVING_TO_FIELD,Field_2,0.96,IDLE,,0.95,MOVING_TO_CHARGER,Charger_1,0.92,MOVING_TO_FIELD,Field_2,2,0.10,0,4,2,0.18,0,6,0,0.09,0,3
9,4,2,0,0,1,9,0,0.92,MOVING_TO_FIELD,Field_1,0.91,MOVING_TO_FIELD,Field_2,0.91,MOVING_TO_FIELD,Field_2,0.99,IDLE,,0.97,IDLE,,0.95,MOVING_TO_FIELD,Field_3,0.91,MOVING_TO_FIELD,Field_3,0.91,MOVING_TO_FIELD,Field_1,0.92,MOVING_TO_FIELD,Field_1,0.95,MOVING_TO_FIELD,Field_3,0.94,MOVING_TO_CHARGER,Charger_1,0.91,MOVING_TO_FIELD,Field_1,2,0.10,0,4,2,0.19,0,6,0,0.10,0,3
10,5,3,0,2,3,4,0,0.91,MOVING_TO_CHARGER,Charger_1,0.90,MOVING_TO_FIELD,Field_1,0.90,PROTECTING,Field_2,0.99,IDLE,,0.96,MOVING_TO_FIELD,Field_3,0.95,IDLE,,0.90,MOVING_TO_CHARGER,Charger_1,0.90,MOVING_TO_FIELD,Field_2,0.91,PROTECTING,Field_1,0.95,IDLE,,0.93,MOVING_TO_CHARGER,Charger_1,0.90,MOVING_TO_FIELD,Field_1,2,0.10,1,3,3,0.21,1,5,0,0.10,0,3
11,7,3,0,0,2,7,0,0.90,MOVING_TO_FIELD,Field_1,0.89,MOVING_TO_FIELD,Field_2,0.89,MOVING_TO_FIELD,Field_3,0.98,MOVING_TO_FIELD,Field_3,0.96,IDLE,,0.94,MOVING_TO_FIELD,Field_3,0.89,MOVING_TO_CHARGER,Charger_1,0.89,MOVING_TO_FIELD,Field_1,0.90,MOVING_TO_CHARGER,Charger_1,0.94,MOVING_TO_FIELD,Field_2,0.93,IDLE,,0.90,IDLE,,2,0.10,0,4,4,0.21,0,6,1,0.10,0,3
12,9,3,0,0,3,6,0,0.89,MOVING_TO_CHARGER,Charger_1,0.88,MOVING_TO_FIELD,Field_3,0.88,MOVING_TO_FIELD,Field_3,0.97,MOVING_TO_FIELD,Field_1,0.95,MOVING_TO_CHARGER,Charger_1,0.93,MOVING_TO_FIELD,Field_1,0.88,MOVING_TO_FIELD,Field_3,0.88,MOVING_TO_CHARGER,Charger_1,0.90,IDLE,,0.94,IDLE,,0.93,IDLE,,0.89,MOVING_TO_FIELD,Field_1,3,0.11,0,4,5,0.22,0,6,1,0.10,0,3
13,9,3,1,0,2,6,0,0.88,MOVING_TO_CHARGER,Charger_1,0.87,MOVING_TO_FIELD,Field_3,0.87,MOVING_TO_CHARGER,Charger_1,0.96,MOVING_TO_FIELD,Field_2,0.95,IDLE,,0.92,MOVING_TO_FIELD,Field_2,0.87,MOVING_TO_FIELD,Field_1,0.88,CHARGING,Charger_1,0.89,MOVING_TO_FIELD,Field_1,0.94,IDLE,,0.93,IDLE,,0.88,MOVING_TO_FIELD,Field_3,3,0.12,0,4,5,0.24,0,6,1,0.09,0,3
14,10,0,1,1,2,8,0,0.87,MOVING_TO_FIELD,Field_2,0.86,MOVING_TO_FIELD,Field_3,0.86,MOVING_TO_FIELD,Field_3,0.95,MOVING_TO_FIELD,Field_2,0.94,MOVING_TO_CHARGER,Charger_1,0.91,MOVING_TO_FIELD,Field_3,0.87,CHARGING,Charger_1,0.87,MOVING_TO_FIELD,Field_3,0.88,PROTECTING,Field_1,0.93,MOVING_TO_FIELD,Field_3,0.92,MOVING_TO_CHARGER,Charger_1,0.87,MOVING_TO_FIELD,Field_3,3,0.12,1,3,6,0.23,0,6,1,0.09,0,3
15,12,3,2,0,1,6,0,0.86,MOVING_TO_FIELD,Field_1,0.85,MOVING_TO_FIELD,Field_3,0.85,MOVING_TO_FIELD,Field_3,0.95,IDLE,,0.94,IDLE,,0.90,MOVING_TO_FIELD,Field_2,0.88,CHARGING,Charger_1,0.87,CHARGING,Charger_1,0.88,IDLE,,0.92,MOVING_TO_CHARGER,Charger_1,0.91,MOVING_TO_FIELD,Field_3,0.86,MOVING_TO_FIELD,Field_1,3,0.12,0,4,7,0.24,0,6,2,0.10,0,3
16,13,5,2,0,2,3,0,0.85,MOVING_TO_FIELD,Field_1,0.84,MOVING_TO_CHARGER,Charger_1,0.84,MOVING_TO_FIELD,Field_3,0.94,MOVING_TO_FIELD,Field_3,0.94,IDLE,,0.90,IDLE,,0.89,CHARGING,Charger_1,0.88,CHARGING,Charger_1,0.88,IDLE,,0.92,IDLE,,0.90,MOVING_TO_CHARGER,Charger_1,0.86,IDLE,,3,0.13,0,4,7,0.23,0,6,3,0.09,0,3
17,17,3,1,1,2,5,0,0.84,MOVING_TO_CHARGER,Charger_1,0.83,MOVING_TO_FIELD,Field_3,0.83,MOVING_TO_FIELD,Field_3,0.94,IDLE,,0.93,MOVING_TO_FIELD,Field_1,0.89,MOVING_TO_CHARGER,Charger_1,0.88,MOVING_TO_FIELD,Field_1,0.89,CHARGING,Charger_1,0.87,PROTECTING,Field_1,0.92,IDLE,,0.90,IDLE,,0.85,MOVING_TO_FIELD,Field_1,4,0.13,1,3,9,0.24,0,6,4,0.12,0,3
18,22,3,1,0,0,8,0,0.83,MOVING_TO_FIELD,Field_1,0.82,MOVING_TO_FIELD,Field_3,0.82,MOVING_TO_FIELD,Field_3,0.94,IDLE,,0.93,IDLE,,0.88,MOVING_TO_FIELD,Field_2,0.87,MOVING_TO_FIELD,Field_1,0.90,CHARGING,Charger_1,0.86,MOVING_TO_FIELD,Field_3,0.91,MOVING_TO_FIELD,Field_2,0.89,MOVING_TO_FIELD,Field_2,0.85,IDLE,,6,0.14,0,4,11,0.24,0,6,5,0.11,0,3
19,24,6,0,0,2,4,0,0.82,MOVING_TO_FIELD,Field_3,0.81,MOVING_TO_FIELD,Field_1,0.81,MOVING_TO_CHARGER,Charger_1,0.94,IDLE,,0.93,IDLE,,0.88,IDLE,,0.86,MOVING_TO_FIELD,Field_1,0.90,IDLE,,0.85,MOVING_TO_FIELD,Field_1,0.91,IDLE,,0.88,MOVING_TO_CHARGER,Charger_1,0.85,IDLE,,7,0.14,0,4,12,0.21,0,6,5,0.12,0,3
20,26,1,0,0,1,10,0,0.81,MOVING_TO_FIELD,Field_1,0.80,MOVING_TO_FIELD,Field_2,0.80,MOVING_TO_FIELD,Field_1,0.93,MOVING_TO_FIELD,Field_3,0.92,MOVING_TO_FIELD,Field_1,0.87,MOVING_TO_FIELD,Field_2,0.85,MOVING_TO_FIELD,Field_2,0.89,MOVING_TO_FIELD,Field_1,0.84,MOVING_TO_CHARGER,Charger_1,0.91,IDLE,,0.87,MOVING_TO_FIELD,Field_2,0.84,MOVING_TO_FIELD,Field_1,7,0.14,0,4,13,0.18,0,6,6,0.15,0,3
21,29,4,0,0,3,5,0,0.80,MOVING_TO_FIELD,Field_1,0.79,MOVING_TO_FIELD,Field_2,0.79,MOVING_TO_FIELD,Field_3,0.93,IDLE,,0.92,IDLE,,0.86,MOVING_TO_CHARGER,Charger_1,0.85,IDLE,,0.88,MOVING_TO_CHARGER,Charger_1,0.84,IDLE,,0.90,MOVING_TO_FIELD,Field_2,0.86,MOVING_TO_CHARGER,Charger_1,0.83,MOVING_TO_FIELD,Field_2,7,0.14,0,4,14,0.19,0,6,8,0.16,0,3
22,33,2,1,0,1,8,0,0.79,MOVING_TO_CHARGER,Charger_1,0.78,MOVING_TO_FIELD,Field_1,0.78,MOVING_TO_FIELD,Field_1,0.92,MOVING_TO_FIELD,Field_1,0.91,MOVING_TO_FIELD,Field_3,0.86,IDLE,,0.84,MOVING_TO_FIELD,Field_3,0.88,CHARGING,Charger_1,0.83,MOVING_TO_FIELD,Field_1,0.90,IDLE,,0.85,MOVING_TO_FIELD,Field_2,0.82,MOVING_TO_FIELD,Field_3,8,0.16,0,4,15,0.19,0,6,10,0.17,0,3
23,39,3,1,0,0,8,0,0.78,MOVING_TO_FIELD,Field_1,0.78,IDLE,,0.77,MOVING_TO_FIELD,Field_3,0.91,MOVING_TO_FIELD,Field_3,0.91,IDLE,,0.85,MOVING_TO_FIELD,Field_2,0.83,MOVING_TO_FIELD,Field_1,0.89,CHARGING,Charger_1,0.82,MOVING_TO_FIELD,Field_2,0.89,MOVING_TO_FIELD,Field_2,0.85,IDLE,,0.81,MOVING_TO_FIELD,Field_1,8,0.16,0,4,17,0.20,0,6,14,0.17,0,3
24,41,5,0,0,3,4,0,0.78,IDLE,,0.77,MOVING_TO_FIELD,Field_1,0.76,MOVING_TO_CHARGER,Charger_1,0.91,IDLE,,0.91,IDLE,,0.84,MOVING_TO_FIELD,Field_2,0.83,IDLE,,0.88,MOVING_TO_FIELD,Field_3,0.81,MOVING_TO_FIELD,Field_1,0.89,IDLE,,0.84,MOVING_TO_CHARGER,Charger_1,0.80,MOVING_TO_CHARGER,Charger_1,10,0.16,0,4,17,0.20,0,6,14,0.16,0,3
25,45,3,1,2,0,6,0,0.77,PROTECTING,Field_1,0.76,MOVING_TO_FIELD,Field_2,0.75,MOVING_TO_FIELD,Field_3,0.90,MOVING_TO_FIELD,Field_3,0.91,IDLE,,0.84,IDLE,,0.82,MOVING_TO_FIELD,Field_2,0.88,CHARGING,Charger_1,0.80,PROTECTING,Field_1,0.89,IDLE,,0.83,MOVING_TO_FIELD,Field_3,0.79,MOVING_TO_FIELD,Field_1,10,0.18,2,2,18,0.21,0,6,17,0.19,0,3
26,47,2,0,2,2,6,0,0.76,PROTECTING,Field_1,0.75,MOVING_TO_FIELD,Field_2,0.74,MOVING_TO_FIELD,Field_2,0.89,MOVING_TO_CHARGER,Charger_1,0.90,MOVING_TO_FIELD,Field_1,0.84,IDLE,,0.81,MOVING_TO_FIELD,Field_1,0.87,MOVING_TO_FIELD,Field_3,0.80,PROTECTING,Field_1,0.89,IDLE,,0.82,MOVING_TO_CHARGER,Charger_1,0.78,MOVING_TO_FIELD,Field_1,11,0.18,2,2,19,0.23,0,6,17,0.17,0,3
27,50,3,0,2,2,5,0,0.76,PROTECTING,Field_1,0.74,MOVING_TO_FIELD,Field_2,0.73,MOVING_TO_FIELD,Field_1,0.89,IDLE,,0.89,MOVING_TO_FIELD,Field_1,0.83,MOVING_TO_FIELD,Field_1,0.81,IDLE,,0.86,MOVING_TO_FIELD,Field_1,0.79,PROTECTING,Field_1,0.89,IDLE,,0.81,MOVING_TO_CHARGER,Charger_1,0.77,MOVING_TO_CHARGER,Charger_1,12,0.18,2,2,20,0.25,0,6,18,0.15,0,3
28,53,3,1,1,2,5,0,0.75,MOVING_TO_CHARGER,Charger_1,0.73,MOVING_TO_FIELD,Field_3,0.72,MOVING_TO_FIELD,Field_2,0.88,MOVING_TO_FIELD,Field_2,0.89,IDLE,,0.83,IDLE,,0.80,MOVING_TO_CHARGER,Charger_1,0.86,CHARGING,Charger_1,0.78,PROTECTING,Field_1,0.89,IDLE,,0.80,MOVING_TO_FIELD,Field_2,0.76,MOVING_TO_FIELD,Field_2,13,0.18,1,3,21,0.25,0,6,19,0.15,0,3
29,53,2,1,1,1,7,0,0.74,MOVING_TO_FIELD,Field_3,0.72,MOVING_TO_FIELD,Field_3,0.71,MOVING_TO_FIELD,Field_3,0.87,MOVING_TO_FIELD,Field_2,0.88,MOVING_TO_FIELD,Field_3,0.83,IDLE,,0.79,MOVING_TO_FIELD,Field_3,0.87,CHARGING,Charger_1,0.77,PROTECTING,Field_1,0.88,MOVING_TO_CHARGER,Charger_1,0.80,IDLE,,0.75,MOVING_TO_FIELD,Field_1,13,0.18,1,3,21,0.26,0,6,19,0.16,0,3
30,56,2,0,1,1,8,0,0.73,MOVING_TO_FIELD,Field_1,0.71,MOVING_TO_FIELD,Field_2,0.70,MOVING_TO_FIELD,Field_1,0.86,MOVING_TO_FIELD,Field_2,0.88,IDLE,,0.82,MOVING_TO_FIELD,Field_3,0.78,MOVING_TO_FIELD,Field_1,0.86,MOVING_TO_FIELD,Field_1,0.77,PROTECTING,Field_1,0.88,IDLE,,0.79,MOVING_TO_CHARGER,Charger_1,0.74,MOVING_TO_FIELD,Field_3,13,0.19,1,3,22,0.25,0,6,21,0.17,0,3
31,58,2,0,1,2,7,0,0.72,PROTECTING,Field_1,0.70,MOVING_TO_FIELD,Field_2,0.69,MOVING_TO_FIELD,Field_3,0.86,IDLE,,0.87,MOVING_TO_FIELD,Field_3,0.81,MOVING_TO_FIELD,Field_3,0.77,MOVING_TO_CHARGER,Charger_1,0.85,MOVING_TO_CHARGER,Charger_1,0.77,IDLE,,0.87,MOVING_TO_FIELD,Field_2,0.78,MOVING_TO_FIELD,Field_3,0.73,MOVING_TO_FIELD,Field_1,14,0.19,1,3,22,0.26,0,6,22,0.16,0,3
32,63,3,1,1,2,5,0,0.71,PROTECTING,Field_1,0.69,MOVING_TO_FIELD,Field_1,0.68,MOVING_TO_FIELD,Field_2,0.86,IDLE,,0.87,IDLE,,0.81,IDLE,,0.76,MOVING_TO_FIELD,Field_2,0.85,CHARGING,Charger_1,0.76,MOVING_TO_CHARGER,Charger_1,0.86,MOVING_TO_FIELD,Field_2,0.77,MOVING_TO_CHARGER,Charger_1,0.72,MOVING_TO_FIELD,Field_2,15,0.19,1,3,25,0.27,0,6,23,0.17,0,3
33,65,2,0,1,0,9,0,0.70,PROTECTING,Field_1,0.68,MOVING_TO_FIELD,Field_3,0.67,MOVING_TO_FIELD,Field_2,0.85,MOVING_TO_FIELD,Field_2,0.87,IDLE,,0.80,MOVING_TO_FIELD,Field_3,0.75,MOVING_TO_FIELD,Field_3,0.84,MOVING_TO_FIELD,Field_1,0.75,MOVING_TO_FIELD,Field_1,0.86,IDLE,,0.76,MOVING_TO_FIELD,Field_2,0.71,MOVING_TO_FIELD,Field_1,15,0.19,1,3,26,0.29,0,6,24,0.15,0,3
34,69,3,1,0,2,6,0,0.69,MOVING_TO_FIELD,Field_2,0.67,MOVING_TO_FIELD,Field_2,0.66,MOVING_TO_FIELD,Field_2,0.84,MOVING_TO_FIELD,Field_3,0.86,MOVING_TO_FIELD,Field_3,0.79,MOVING_TO_FIELD,Field_3,0.75,CHARGING,Charger_1,0.83,MOVING_TO_CHARGER,Charger_1,0.75,IDLE,,0.86,IDLE,,0.75,MOVING_TO_CHARGER,Charger_1,0.71,IDLE,,16,0.19,0,4,28,0.30,0,6,25,0.15,0,3
35,73,3,2,1,1,5,0,0.68,MOVING_TO_CHARGER,Charger_1,0.66,MOVING_TO_FIELD,Field_3,0.66,IDLE,,0.84,IDLE,,0.85,MOVING_TO_FIELD,Field_2,0.78,MOVING_TO_FIELD,Field_2,0.74,MOVING_TO_FIELD,Field_2,0.83,CHARGING,Charger_1,0.74,PROTECTING,Field_1,0.86,IDLE,,0.75,CHARGING,Charger_1,0.70,MOVING_TO_FIELD,Field_1,18,0.19,1,3,29,0.30,0,6,26,0.19,0,3
36,79,2,1,2,0,7,0,0.67,PROTECTING,Field_1,0.65,MOVING_TO_FIELD,Field_3,0.65,MOVING_TO_FIELD,Field_2,0.83,MOVING_TO_FIELD,Field_2,0.85,IDLE,,0.77,MOVING_TO_FIELD,Field_2,0.73,MOVING_TO_FIELD,Field_1,0.84,CHARGING,Charger_1,0.73,PROTECTING,Field_1,0.86,IDLE,,0.74,MOVING_TO_FIELD,Field_2,0.69,MOVING_TO_FIELD,Field_1,20,0.20,2,2,31,0.29,0,6,28,0.21,0,3
37,84,4,2,0,2,4,0,0.66,MOVING_TO_CHARGER,Charger_1,0.64,MOVING_TO_FIELD,Field_2,0.64,MOVING_TO_FIELD,Field_1,0.83,IDLE,,0.85,IDLE,,0.77,IDLE,,0.72,MOVING_TO_FIELD,Field_1,0.85,CHARGING,Charger_1,0.72,MOVING_TO_CHARGER,Charger_1,0.86,IDLE,,0.74,CHARGING,Charger_1,0.68,MOVING_TO_FIELD,Field_3,21,0.22,0,4,34,0.32,0,6,29,0.22,0,3
38,92,4,1,0,2,5,0,0.65,MOVING_TO_FIELD,Field_1,0.63,MOVING_TO_FIELD,Field_2,0.63,MOVING_TO_FIELD,Field_2,0.83,IDLE,,0.84,MOVING_TO_FIELD,Field_3,0.77,IDLE,,0.71,MOVING_TO_CHARGER,Charger_1,0.86,CHARGING,Charger_1,0.71,MOVING_TO_CHARGER,Charger_1,0.86,IDLE,,0.74,IDLE,,0.67,MOVING_TO_FIELD,Field_1,23,0.22,0,4,39,0.32,0,6,30,0.23,0,3
39,94,3,1,0,1,7,0,0.64,MOVING_TO_FIELD,Field_3,0.62,MOVING_TO_CHARGER,Charger_1,0.62,MOVING_TO_FIELD,Field_3,0.83,IDLE,,0.84,IDLE,,0.76,MOVING_TO_FIELD,Field_3,0.70,MOVING_TO_FIELD,Field_1,0.85,MOVING_TO_FIELD,Field_1,0.70,MOVING_TO_FIELD,Field_1,0.86,IDLE,,0.74,CHARGING,Charger_1,0.66,MOVING_TO_FIELD,Field_1,24,0.22,0,4,39,0.32,0,6,31,0.22,0,3
40,98,2,0,0,1,9,0,0.63,MOVING_TO_FIELD,Field_1,0.61,MOVING_TO_FIELD,Field_2,0.61,MOVING_TO_FIELD,Field_3,0.82,MOVING_TO_FIELD,Field_1,0.84,IDLE,,0.75,MOVING_TO_FIELD,Field_2,0.69,MOVING_TO_CHARGER,Charger_1,0.84,MOVING_TO_FIELD,Field_3,0.69,MOVING_TO_FIELD,Field_1,0.86,IDLE,,0.73,MOVING_TO_FIELD,Field_2,0.65,MOVING_TO_FIELD,Field_1,24,0.21,0,4,41,0.31,0,6,33,0.22,0,3
41,99,3,2,1,0,6,0,0.62,MOVING_TO_FIELD,Field_2,0.60,MOVING_TO_FIELD,Field_2,0.60,MOVING_TO_FIELD,Field_3,0.82,IDLE,,0.83,MOVING_TO_FIELD,Field_3,0.75,IDLE,,0.69,CHARGING,Charger_1,0.84,CHARGING,Charger_1,0.68,MOVING_TO_FIELD,Field_3,0.85,MOVING_TO_FIELD,Field_2,0.73,IDLE,,0.64,PROTECTING,Field_1,24,0.23,1,3,41,0.30,0,6,34,0.23,0,3
42,106,3,1,2,1,5,0,0.61,PROTECTING,Field_1,0.59,MOVING_TO_FIELD,Field_1,0.59,MOVING_TO_CHARGER,Charger_1,0.82,IDLE,,0.83,IDLE,,0.74,MOVING_TO_FIELD,Field_2,0.68,MOVING_TO_FIELD,Field_1,0.83,MOVING_TO_FIELD,Field_1,0.67,MOVING_TO_FIELD,Field_2,0.85,IDLE,,0.73,CHARGING,Charger_1,0.63,PROTECTING,Field_1,25,0.24,2,2,44,0.30,0,6,37,0.24,0,3
43,109,1,1,2,3,5,0,0.60,PROTECTING,Field_1,0.58,MOVING_TO_CHARGER,Charger_1,0.58,MOVING_TO_FIELD,Field_1,0.81,MOVING_TO_FIELD,Field_2,0.83,IDLE,,0.73,MOVING_TO_FIELD,Field_3,0.67,MOVING_TO_CHARGER,Charger_1,0.82,MOVING_TO_FIELD,Field_3,0.66,MOVING_TO_FIELD,Field_2,0.84,PROTECTING,Field_2,0.74,CHARGING,Charger_1,0.62,MOVING_TO_CHARGER,Charger_1,25,0.24,1,3,46,0.30,1,5,38,0.23,0,3
44,114,3,1,1,0,7,0,0.59,MOVING_TO_FIELD,Field_2,0.57,MOVING_TO_FIELD,Field_2,0.57,MOVING_TO_FIELD,Field_3,0.81,IDLE,,0.83,IDLE,,0.72,MOVING_TO_FIELD,Field_3,0.67,CHARGING,Charger_1,0.81,MOVING_TO_FIELD,Field_3,0.65,MOVING_TO_FIELD,Field_2,0.84,IDLE,,0.73,MOVING_TO_FIELD,Field_1,0.61,PROTECTING,Field_1,27,0.25,1,3,48,0.29,0,6,39,0.22,0,3
45,118,5,1,0,2,4,0,0.59,IDLE,,0.56,MOVING_TO_FIELD,Field_2,0.57,IDLE,,0.81,IDLE,,0.83,IDLE,,0.71,MOVING_TO_FIELD,Field_3,0.68,CHARGING,Charger_1,0.80,MOVING_TO_CHARGER,Charger_1,0.64,MOVING_TO_FIELD,Field_3,0.84,IDLE,,0.72,MOVING_TO_FIELD,Field_2,0.60,MOVING_TO_CHARGER,Charger_1,28,0.24,0,4,50,0.29,0,6,40,0.21,0,3
46,122,2,2,1,2,5,0,0.58,MOVING_TO_CHARGER,Charger_1,0.55,MOVING_TO_FIELD,Field_2,0.56,MOVING_TO_FIELD,Field_3,0.80,MOVING_TO_FIELD,Field_2,0.83,IDLE,,0.70,MOVING_TO_FIELD,Field_1,0.68,IDLE,,0.80,CHARGING,Charger_1,0.63,MOVING_TO_FIELD,Field_1,0.83,MOVING_TO_CHARGER,Charger_1,0.72,CHARGING,Charger_1,0.59,PROTECTING,Field_1,29,0.24,1,3,53,0.28,0,6,40,0.21,0,3
47,124,3,0,2,0,7,0,0.57,MOVING_TO_FIELD,Field_1,0.54,MOVING_TO_FIELD,Field_3,0.55,MOVING_TO_FIELD,Field_3,0.80,IDLE,,0.82,MOVING_TO_FIELD,Field_1,0.70,IDLE,,0.67,MOVING_TO_FIELD,Field_3,0.79,MOVING_TO_FIELD,Field_1,0.62,MOVING_TO_FIELD,Field_1,0.82,PROTECTING,Field_2,0.72,IDLE,,0.59,PROTECTING,Field_1,30,0.24,1,3,54,0.28,1,5,40,0.22,0,3
48,127,3,1,1,1,6,0,0.56,PROTECTING,Field_1,0.53,MOVING_TO_FIELD,Field_3,0.54,MOVING_TO_CHARGER,Charger_1,0.80,IDLE,,0.81,MOVING_TO_FIELD,Field_1,0.69,MOVING_TO_FIELD,Field_2,0.66,MOVING_TO_FIELD,Field_1,0.78,MOVING_TO_FIELD,Field_3,0.61,MOVING_TO_FIELD,Field_1,0.82,IDLE,,0.72,CHARGING,Charger_1,0.59,IDLE,,31,0.24,1,3,55,0.27,0,6,41,0.21,0,3
49,131,4,0,3,2,3,0,0.56,PROTECTING,Field_1,0.52,MOVING_TO_CHARGER,Charger_1,0.53,MOVING_TO_FIELD,Field_1,0.80,IDLE,,0.81,IDLE,,0.68,MOVING_TO_CHARGER,Charger_1,0.66,IDLE,,0.77,MOVING_TO_FIELD,Field_3,0.60,PROTECTING,Field_1,0.82,IDLE,,0.71,MOVING_TO_FIELD,Field_2,0.58,PROTECTING,Field_1,32,0.24,3,1,56,0.27,0,6,43,0.22,0,3
50,135,3,1,1,2,5,0,0.55,PROTECTING,Field_1,0.51,MOVING_TO_FIELD,Field_2,0.52,MOVING_TO_FIELD,Field_1,0.79,MOVING_TO_FIELD,Field_1,0.81,IDLE,,0.67,MOVING_TO_CHARGER,Charger_1,0.66,CHARGING,Charger_1,0.76,MOVING_TO_CHARGER,Charger_1,0.60,IDLE,,0.82,IDLE,,0.70,MOVING_TO_FIELD,Field_3,0.57,MOVING_TO_FIELD,Field_3,32,0.25,1,3,57,0.26,0,6,46,0.21,0,3
51,138,4,2,0,0,6,0,0.54,MOVING_TO_FIELD,Field_3,0.50,MOVING_TO_FIELD,Field_3,0.51,MOVING_TO_FIELD,Field_3,0.79,IDLE,,0.81,IDLE,,0.67,IDLE,,0.67,CHARGING,Charger_1,0.76,CHARGING,Charger_1,0.59,MOVING_TO_FIELD,Field_2,0.82,IDLE,,0.69,MOVING_TO_FIELD,Field_2,0.56,MOVING_TO_FIELD,Field_3,33,0.25,0,4,58,0.27,0,6,47,0.22,0,3
52,143,2,1,1,3,5,0,0.53,MOVING_TO_FIELD,Field_1,0.49,MOVING_TO_FIELD,Field_1,0.51,IDLE,,0.78,MOVING_TO_CHARGER,Charger_1,0.80,MOVING_TO_CHARGER,Charger_1,0.66,MOVING_TO_FIELD,Field_2,0.68,CHARGING,Charger_1,0.76,IDLE,,0.58,MOVING_TO_FIELD,Field_1,0.81,PROTECTING,Field_2,0.68,MOVING_TO_CHARGER,Charger_1,0.55,MOVING_TO_FIELD,Field_1,34,0.24,0,4,60,0.26,1,5,49,0.22,0,3
53,147,3,2,1,2,4,0,0.52,MOVING_TO_CHARGER,Charger_1,0.48,MOVING_TO_CHARGER,Charger_1,0.50,MOVING_TO_FIELD,Field_2,0.78,IDLE,,0.80,IDLE,,0.65,MOVING_TO_FIELD,Field_2,0.69,CHARGING,Charger_1,0.76,CHARGING,Charger_1,0.57,PROTECTING,Field_1,0.81,IDLE,,0.67,MOVING_TO_FIELD,Field_3,0.54,MOVING_TO_FIELD,Field_1,34,0.24,1,3,62,0.27,0,6,51,0.23,0,3
54,151,2,1,2,3,4,0,0.52,IDLE,,0.47,MOVING_TO_FIELD,Field_3,0.49,MOVING_TO_FIELD,Field_3,0.78,IDLE,,0.79,MOVING_TO_CHARGER,Charger_1,0.64,MOVING_TO_CHARGER,Charger_1,0.70,CHARGING,Charger_1,0.75,MOVING_TO_FIELD,Field_2,0.56,PROTECTING,Field_1,0.80,MOVING_TO_CHARGER,Charger_1,0.66,MOVING_TO_FIELD,Field_1,0.53,PROTECTING,Field_1,34,0.22,2,2,64,0.28,0,6,53,0.25,0,3
55,154,3,1,2,2,4,0,0.51,MOVING_TO_CHARGER,Charger_1,0.46,MOVING_TO_FIELD,Field_3,0.48,MOVING_TO_FIELD,Field_3,0.77,MOVING_TO_FIELD,Field_3,0.79,IDLE,,0.64,IDLE,,0.71,CHARGING,Charger_1,0.74,MOVING_TO_CHARGER,Charger_1,0.56,PROTECTING,Field_1,0.80,IDLE,,0.65,MOVING_TO_FIELD,Field_2,0.52,PROTECTING,Field_1,34,0.23,2,2,64,0.27,0,6,56,0.24,0,3
56,157,4,2,3,2,1,0,0.50,MOVING_TO_CHARGER,Charger_1,0.45,MOVING_TO_FIELD,Field_3,0.47,MOVING_TO_CHARGER,Charger_1,0.77,IDLE,,0.79,IDLE,,0.64,IDLE,,0.72,CHARGING,Charger_1,0.74,CHARGING,Charger_1,0.55,PROTECTING,Field_1,0.79,PROTECTING,Field_2,0.65,IDLE,,0.51,PROTECTING,Field_1,35,0.23,2,2,65,0.27,1,5,57,0.24,0,3
57,159,3,1,2,2,4,0,0.49,MOVING_TO_CHARGER,Charger_1,0.44,MOVING_TO_FIELD,Field_2,0.46,MOVING_TO_FIELD,Field_3,0.77,IDLE,,0.79,IDLE,,0.63,MOVING_TO_CHARGER,Charger_1,0.73,CHARGING,Charger_1,0.73,MOVING_TO_FIELD,Field_1,0.54,PROTECTING,Field_1,0.79,IDLE,,0.64,MOVING_TO_FIELD,Field_2,0.50,PROTECTING,Field_1,35,0.24,2,2,66,0.27,0,6,58,0.23,0,3
58,167,3,0,2,1,6,0,0.48,MOVING_TO_FIELD,Field_1,0.43,MOVING_TO_FIELD,Field_3,0.45,MOVING_TO_FIELD,Field_3,0.77,IDLE,,0.79,IDLE,,0.62,MOVING_TO_CHARGER,Charger_1,0.72,MOVING_TO_FIELD,Field_2,0.72,MOVING_TO_FIELD,Field_2,0.54,PROTECTING,Field_1,0.78,MOVING_TO_FIELD,Field_3,0.64,IDLE,,0.50,PROTECTING,Field_1,36,0.24,2,2,69,0.28,0,6,62,0.23,0,3
59,170,3,2,2,1,4,0,0.47,MOVING_TO_CHARGER,Charger_1,0.42,MOVING_TO_FIELD,Field_3,0.44,MOVING_TO_FIELD,Field_3,0.76,MOVING_TO_FIELD,Field_3,0.79,IDLE,,0.62,IDLE,,0.72,CHARGING,Charger_1,0.72,CHARGING,Charger_1,0.54,IDLE,,0.77,PROTECTING,Field_2,0.63,MOVING_TO_FIELD,Field_2,0.49,PROTECTING,Field_1,38,0.24,1,3,69,0.27,1,5,63,0.24,0,3
60,174,3,0,3,2,4,0,0.46,MOVING_TO_FIELD,Field_1,0.41,MOVING_TO_FIELD,Field_2,0.43,PROTECTING,Field_3,0.76,IDLE,,0.78,MOVING_TO_CHARGER,Charger_1,0.62,IDLE,,0.71,MOVING_TO_FIELD,Field_3,0.71,MOVING_TO_FIELD,Field_3,0.53,PROTECTING,Field_1,0.76,PROTECTING,Field_2,0.62,MOVING_TO_CHARGER,Charger_1,0.49,IDLE,,39,0.24,1,3,70,0.27,1,5,65,0.23,1,2
61,177,1,0,0,3,8,0,0.45,MOVING_TO_FIELD,Field_1,0.40,MOVING_TO_FIELD,Field_3,0.42,MOVING_TO_CHARGER,Charger_1,0.75,MOVING_TO_FIELD,Field_1,0.77,MOVING_TO_FIELD,Field_2,0.61,MOVING_TO_CHARGER,Charger_1,0.70,MOVING_TO_FIELD,Field_3,0.70,MOVING_TO_FIELD,Field_1,0.52,MOVING_TO_FIELD,Field_3,0.76,IDLE,,0.61,MOVING_TO_FIELD,Field_2,0.48,MOVING_TO_CHARGER,Charger_1,40,0.24,0,4,71,0.26,0,6,66,0.23,0,3
62,183,3,0,1,4,4,0,0.44,MOVING_TO_CHARGER,Charger_1,0.39,MOVING_TO_FIELD,Field_3,0.42,IDLE,,0.74,MOVING_TO_FIELD,Field_3,0.77,IDLE,,0.60,MOVING_TO_FIELD,Field_3,0.69,MOVING_TO_FIELD,Field_1,0.69,MOVING_TO_CHARGER,Charger_1,0.52,IDLE,,0.75,PROTECTING,Field_2,0.60,MOVING_TO_CHARGER,Charger_1,0.47,MOVING_TO_CHARGER,Charger_1,42,0.22,0,4,73,0.26,1,5,68,0.24,0,3
63,188,2,0,2,2,6,0,0.43,MOVING_TO_FIELD,Field_2,0.38,MOVING_TO_FIELD,Field_2,0.41,PROTECTING,Field_3,0.74,IDLE,,0.77,IDLE,,0.59,MOVING_TO_FIELD,Field_2,0.68,MOVING_TO_CHARGER,Charger_1,0.68,MOVING_TO_FIELD,Field_1,0.51,PROTECTING,Field_1,0.74,MOVING_TO_CHARGER,Charger_1,0.59,MOVING_TO_FIELD,Field_2,0.46,MOVING_TO_FIELD,Field_3,44,0.21,1,3,75,0.26,0,6,69,0.24,1,2
64,192,2,1,2,2,5,0,0.42,MOVING_TO_CHARGER,Charger_1,0.37,MOVING_TO_FIELD,Field_2,0.40,PROTECTING,Field_3,0.73,MOVING_TO_FIELD,Field_2,0.76,MOVING_TO_FIELD,Field_3,0.59,IDLE,,0.68,CHARGING,Charger_1,0.67,MOVING_TO_FIELD,Field_2,0.50,PROTECTING,Field_1,0.73,MOVING_TO_CHARGER,Charger_1,0.59,IDLE,,0.45,MOVING_TO_FIELD,Field_3,45,0.18,1,3,77,0.26,0,6,70,0.24,1,2
65,199,2,1,2,2,5,0,0.41,MOVING_TO_FIELD,Field_1,0.36,MOVING_TO_FIELD,Field_3,0.40,PROTECTING,Field_3,0.73,IDLE,,0.75,MOVING_TO_FIELD,Field_1,0.59,IDLE,,0.67,MOVING_TO_FIELD,Field_1,0.67,CHARGING,Charger_1,0.49,PROTECTING,Field_1,0.72,MOVING_TO_FIELD,Field_2,0.58,MOVING_TO_CHARGER,Charger_1,0.44,MOVING_TO_CHARGER,Charger_1,48,0.19,1,3,78,0.25,0,6,73,0.24,1,2
66,206,1,0,2,3,6,0,0.40,MOVING_TO_FIELD,Field_1,0.35,MOVING_TO_FIELD,Field_2,0.39,MOVING_TO_CHARGER,Charger_1,0.73,IDLE,,0.74,MOVING_TO_CHARGER,Charger_1,0.58,MOVING_TO_FIELD,Field_1,0.66,MOVING_TO_FIELD,Field_3,0.66,MOVING_TO_FIELD,Field_3,0.48,PROTECTING,Field_1,0.71,PROTECTING,Field_2,0.57,MOVING_TO_FIELD,Field_2,0.43,MOVING_TO_CHARGER,Charger_1,49,0.18,1,3,79,0.25,1,5,78,0.24,0,3
67,210,2,0,2,2,6,0,0.39,PROTECTING,Field_1,0.34,MOVING_TO_FIELD,Field_3,0.38,PROTECTING,Field_3,0.73,IDLE,,0.73,MOVING_TO_CHARGER,Charger_1,0.58,IDLE,,0.65,MOVING_TO_FIELD,Field_3,0.65,MOVING_TO_FIELD,Field_3,0.47,MOVING_TO_FIELD,Field_2,0.70,MOVING_TO_CHARGER,Charger_1,0.56,MOVING_TO_FIELD,Field_3,0.42,MOVING_TO_FIELD,Field_2,49,0.17,1,3,82,0.24,0,6,79,0.24,1,2
68,213,2,0,0,5,5,0,0.38,MOVING_TO_CHARGER,Charger_1,0.33,MOVING_TO_FIELD,Field_1,0.37,MOVING_TO_CHARGER,Charger_1,0.72,MOVING_TO_CHARGER,Charger_1,0.73,IDLE,,0.57,MOVING_TO_CHARGER,Charger_1,0.64,MOVING_TO_FIELD,Field_3,0.64,MOVING_TO_FIELD,Field_3,0.47,IDLE,,0.69,MOVING_TO_CHARGER,Charger_1,0.55,MOVING_TO_FIELD,Field_2,0.41,MOVING_TO_FIELD,Field_2,49,0.16,0,4,84,0.23,0,6,80,0.25,0,3
69,216,0,0,1,6,5,0,0.37,MOVING_TO_CHARGER,Charger_1,0.32,MOVING_TO_CHARGER,Charger_1,0.36,PROTECTING,Field_3,0.71,MOVING_TO_CHARGER,Charger_1,0.72,MOVING_TO_CHARGER,Charger_1,0.56,MOVING_TO_CHARGER,Charger_1,0.63,MOVING_TO_FIELD,Field_1,0.63,MOVING_TO_CHARGER,Charger_1,0.46,MOVING_TO_FIELD,Field_1,0.68,MOVING_TO_FIELD,Field_2,0.54,MOVING_TO_FIELD,Field_3,0.40,MOVING_TO_FIELD,Field_1,49,0.16,0,4,85,0.22,0,6,82,0.23,1,2
70,219,0,0,1,2,9,0,0.36,MOVING_TO_FIELD,Field_1,0.31,MOVING_TO_FIELD,Field_1,0.35,MOVING_TO_FIELD,Field_1,0.70,MOVING_TO_FIELD,Field_2,0.71,MOVING_TO_FIELD,Field_2,0.55,MOVING_TO_FIELD,Field_3,0.62,MOVING_TO_FIELD,Field_3,0.62,MOVING_TO_FIELD,Field_3,0.45,PROTECTING,Field_1,0.67,MOVING_TO_CHARGER,Charger_1,0.53,MOVING_TO_FIELD,Field_3,0.39,MOVING_TO_CHARGER,Charger_1,50,0.15,1,3,86,0.21,0,6,83,0.23,0,3
71,222,3,0,1,1,7,0,0.36,IDLE,,0.30,MOVING_TO_FIELD,Field_2,0.34,PROTECTING,Field_3,0.69,MOVING_TO_FIELD,Field_2,0.71,IDLE,,0.54,MOVING_TO_FIELD,Field_3,0.61,MOVING_TO_FIELD,Field_1,0.61,MOVING_TO_CHARGER,Charger_1,0.45,IDLE,,0.66,MOVING_TO_FIELD,Field_2,0.52,MOVING_TO_FIELD,Field_3,0.38,MOVING_TO_FIELD,Field_2,51,0.15,0,4,87,0.24,0,6,84,0.21,1,2
72,224,3,0,1,1,7,0,0.35,MOVING_TO_FIELD,Field_1,0.29,MOVING_TO_FIELD,Field_3,0.33,PROTECTING,Field_3,0.68,MOVING_TO_FIELD,Field_3,0.71,IDLE,,0.53,MOVING_TO_FIELD,Field_3,0.60,MOVING_TO_FIELD,Field_2,0.60,MOVING_TO_FIELD,Field_3,0.45,IDLE,,0.66,IDLE,,0.51,MOVING_TO_FIELD,Field_3,0.37,MOVING_TO_CHARGER,Charger_1,51,0.15,0,4,88,0.26,0,6,85,0.20,1,2
73,228,1,1,0,3,7,0,0.34,MOVING_TO_FIELD,Field_1,0.29,IDLE,,0.32,MOVING_TO_CHARGER,Charger_1,0.67,MOVING_TO_FIELD,Field_2,0.70,MOVING_TO_CHARGER,Charger_1,0.52,MOVING_TO_FIELD,Field_3,0.59,MOVING_TO_FIELD,Field_3,0.59,MOVING_TO_CHARGER,Charger_1,0.44,MOVING_TO_FIELD,Field_2,0.65,MOVING_TO_FIELD,Field_3,0.50,MOVING_TO_FIELD,Field_3,0.37,CHARGING,Charger_1,51,0.14,0,4,90,0.25,0,6,87,0.21,0,3
74,231,4,1,0,2,5,0,0.34,IDLE,,0.29,IDLE,,0.31,MOVING_TO_CHARGER,Charger_1,0.66,MOVING_TO_CHARGER,Charger_1,0.70,IDLE,,0.51,MOVING_TO_FIELD,Field_3,0.58,MOVING_TO_FIELD,Field_3,0.58,MOVING_TO_FIELD,Field_3,0.44,IDLE,,0.64,MOVING_TO_FIELD,Field_2,0.49,MOVING_TO_FIELD,Field_3,0.38,CHARGING,Charger_1,51,0.12,0,4,93,0.25,0,6,87,0.21,0,3
75,233,4,1,1,1,5,0,0.34,IDLE,,0.29,IDLE,,0.30,MOVING_TO_CHARGER,Charger_1,0.66,IDLE,,0.69,MOVING_TO_FIELD,Field_2,0.50,MOVING_TO_FIELD,Field_2,0.58,IDLE,,0.57,MOVING_TO_FIELD,Field_1,0.43,MOVING_TO_FIELD,Field_1,0.63,PROTECTING,Field_2,0.48,MOVING_TO_FIELD,Field_3,0.39,CHARGING,Charger_1,52,0.10,0,4,93,0.25,1,5,88,0.18,0,3
76,233,1,0,2,1,8,0,0.34,IDLE,,0.28,MOVING_TO_FIELD,Field_1,0.29,MOVING_TO_FIELD,Field_1,0.65,MOVING_TO_FIELD,Field_2,0.68,MOVING_TO_CHARGER,Charger_1,0.49,MOVING_TO_FIELD,Field_2,0.57,MOVING_TO_FIELD,Field_1,0.56,MOVING_TO_FIELD,Field_1,0.42,PROTECTING,Field_1,0.63,PROTECTING,Field_2,0.47,MOVING_TO_FIELD,Field_2,0.38,MOVING_TO_FIELD,Field_2,52,0.09,1,3,93,0.25,1,5,88,0.18,0,3
77,236,0,0,1,2,9,0,0.33,MOVING_TO_CHARGER,Charger_1,0.27,MOVING_TO_FIELD,Field_3,0.28,MOVING_TO_FIELD,Field_1,0.64,MOVING_TO_FIELD,Field_2,0.67,MOVING_TO_FIELD,Field_3,0.48,MOVING_TO_CHARGER,Charger_1,0.56,MOVING_TO_FIELD,Field_2,0.55,MOVING_TO_FIELD,Field_1,0.41,MOVING_TO_FIELD,Field_3,0.62,PROTECTING,Field_2,0.46,MOVING_TO_FIELD,Field_3,0.37,MOVING_TO_FIELD,Field_2,52,0.09,0,4,94,0.26,1,5,90,0.18,0,3
78,239,3,0,1,0,8,0,0.33,IDLE,,0.27,IDLE,,0.27,MOVING_TO_FIELD,Field_1,0.63,MOVING_TO_FIELD,Field_2,0.66,MOVING_TO_FIELD,Field_3,0.47,MOVING_TO_FIELD,Field_2,0.55,MOVING_TO_FIELD,Field_3,0.54,MOVING_TO_FIELD,Field_3,0.40,MOVING_TO_FIELD,Field_1,0.61,PROTECTING,Field_2,0.45,MOVING_TO_FIELD,Field_3,0.37,IDLE,,52,0.09,0,4,96,0.26,1,5,91,0.18,0,3
79,240,5,0,2,0,5,0,0.33,IDLE,,0.27,IDLE,,0.27,IDLE,,0.62,MOVING_TO_FIELD,Field_2,0.66,IDLE,,0.46,MOVING_TO_FIELD,Field_2,0.54,MOVING_TO_FIELD,Field_3,0.53,MOVING_TO_FIELD,Field_1,0.39,PROTECTING,Field_1,0.60,PROTECTING,Field_2,0.45,IDLE,,0.36,MOVING_TO_FIELD,Field_2,52,0.09,1,3,96,0.26,1,5,92,0.20,0,3
80,241,2,0,1,1,8,0,0.33,IDLE,,0.26,MOVING_TO_FIELD,Field_3,0.26,MOVING_TO_FIELD,Field_1,0.61,MOVING_TO_FIELD,Field_2,0.65,MOVING_TO_FIELD,Field_1,0.46,IDLE,,0.53,MOVING_TO_FIELD,Field_2,0.52,MOVING_TO_FIELD,Field_1,0.38,MOVING_TO_FIELD,Field_3,0.60,PROTECTING,Field_2,0.44,MOVING_TO_FIELD,Field_3,0.35,MOVING_TO_CHARGER,Charger_1,52,0.10,0,4,96,0.26,1,5,93,0.20,0,3
81,243,3,0,2,1,6,0,0.33,IDLE,,0.26,IDLE,,0.25,MOVING_TO_CHARGER,Charger_1,0.60,MOVING_TO_FIELD,Field_2,0.65,IDLE,,0.45,MOVING_TO_FIELD,Field_3,0.52,MOVING_TO_FIELD,Field_3,0.51,MOVING_TO_FIELD,Field_1,0.37,MOVING_TO_FIELD,Field_3,0.59,PROTECTING,Field_2,0.43,PROTECTING,Field_3,0.34,MOVING_TO_FIELD,Field_2,53,0.09,0,4,97,0.26,1,5,93,0.20,1,2
82,248,4,0,2,2,4,0,0.33,IDLE,,0.26,IDLE,,0.25,IDLE,,0.59,MOVING_TO_CHARGER,Charger_1,0.64,MOVING_TO_CHARGER,Charger_1,0.44,MOVING_TO_FIELD,Field_3,0.51,MOVING_TO_FIELD,Field_3,0.50,MOVING_TO_FIELD,Field_1,0.37,IDLE,,0.58,PROTECTING,Field_2,0.42,PROTECTING,Field_3,0.33,MOVING_TO_FIELD,Field_2,55,0.10,0,4,98,0.25,1,5,95,0.18,1,2
83,249,2,0,2,0,8,0,0.32,MOVING_TO_FIELD,Field_1,0.25,MOVING_TO_FIELD,Field_2,0.25,IDLE,,0.58,MOVING_TO_FIELD,Field_3,0.64,IDLE,,0.43,MOVING_TO_FIELD,Field_3,0.50,MOVING_TO_FIELD,Field_3,0.49,MOVING_TO_FIELD,Field_1,0.36,MOVING_TO_FIELD,Field_3,0.58,PROTECTING,Field_2,0.42,PROTECTING,Field_3,0.32,MOVING_TO_FIELD,Field_2,55,0.11,0,4,98,0.23,1,5,96,0.20,1,2
84,251,2,0,2,4,4,0,0.32,IDLE,,0.24,MOVING_TO_CHARGER,Charger_1,0.24,MOVING_TO_CHARGER,Charger_1,0.57,MOVING_TO_CHARGER,Charger_1,0.64,IDLE,,0.42,MOVING_TO_FIELD,Field_3,0.49,MOVING_TO_FIELD,Field_3,0.48,MOVING_TO_FIELD,Field_1,0.35,MOVING_TO_FIELD,Field_2,0.57,PROTECTING,Field_2,0.41,PROTECTING,Field_3,0.31,MOVING_TO_CHARGER,Charger_1,55,0.10,0,4,99,0.24,1,5,97,0.20,1,2
85,251,3,0,3,0,6,0,0.32,IDLE,,0.23,MOVING_TO_FIELD,Field_2,0.24,IDLE,,0.56,MOVING_TO_FIELD,Field_2,0.64,IDLE,,0.41,MOVING_TO_FIELD,Field_1,0.48,MOVING_TO_FIELD,Field_3,0.47,PROTECTING,Field_1,0.34,MOVING_TO_FIELD,Field_1,0.56,PROTECTING,Field_2,0.40,PROTECTING,Field_3,0.30,MOVING_TO_FIELD,Field_2,55,0.10,1,3,99,0.22,1,5,97,0.20,1,2
86,253,2,0,2,2,6,0,0.32,IDLE,,0.22,MOVING_TO_CHARGER,Charger_1,0.24,IDLE,,0.55,MOVING_TO_FIELD,Field_2,0.63,MOVING_TO_FIELD,Field_1,0.40,MOVING_TO_FIELD,Field_3,0.47,PROTECTING,Field_3,0.46,MOVING_TO_CHARGER,Charger_1,0.33,MOVING_TO_FIELD,Field_3,0.56,PROTECTING,Field_2,0.39,MOVING_TO_FIELD,Field_2,0.29,MOVING_TO_FIELD,Field_2,56,0.09,0,4,100,0.21,1,5,97,0.20,1,2
87,257,3,0,2,1,6,0,0.31,MOVING_TO_FIELD,Field_2,0.21,MOVING_TO_CHARGER,Charger_1,0.24,IDLE,,0.54,MOVING_TO_FIELD,Field_2,0.63,IDLE,,0.39,MOVING_TO_FIELD,Field_3,0.46,PROTECTING,Field_3,0.45,MOVING_TO_FIELD,Field_3,0.32,MOVING_TO_FIELD,Field_3,0.55,PROTECTING,Field_2,0.38,MOVING_TO_FIELD,Field_3,0.29,IDLE,,56,0.09,0,4,100,0.22,1,5,101,0.21,1,2
88,259,2,0,3,0,7,0,0.30,MOVING_TO_FIELD,Field_3,0.20,MOVING_TO_FIELD,Field_1,0.24,IDLE,,0.53,MOVING_TO_FIELD,Field_3,0.63,IDLE,,0.38,MOVING_TO_FIELD,Field_2,0.46,PROTECTING,Field_3,0.44,MOVING_TO_FIELD,Field_1,0.31,MOVING_TO_FIELD,Field_2,0.54,PROTECTING,Field_2,0.37,PROTECTING,Field_3,0.28,MOVING_TO_FIELD,Field_2,56,0.09,0,4,101,0.22,1,5,102,0.21,2,1
89,261,4,0,2,1,5,0,0.30,IDLE,,0.19,MOVING_TO_CHARGER,Charger_1,0.24,IDLE,,0.52,MOVING_TO_FIELD,Field_2,0.63,IDLE,,0.37,MOVING_TO_FIELD,Field_2,0.46,IDLE,,0.43,PROTECTING,Field_1,0.30,MOVING_TO_FIELD,Field_3,0.53,PROTECTING,Field_2,0.36,MOVING_TO_FIELD,Field_2,0.27,MOVING_TO_FIELD,Field_2,56,0.11,1,3,102,0.22,1,5,103,0.22,0,3
90,264,2,2,2,0,6,0,0.30,IDLE,,0.19,CHARGING,Charger_1,0.24,CHARGING,Charger_1,0.51,PROTECTING,Field_2,0.63,IDLE,,0.36,MOVING_TO_FIELD,Field_2,0.45,PROTECTING,Field_3,0.42,MOVING_TO_FIELD,Field_3,0.29,MOVING_TO_FIELD,Field_1,0.52,MOVING_TO_FIELD,Field_3,0.35,MOVING_TO_FIELD,Field_3,0.26,MOVING_TO_FIELD,Field_2,56,0.12,0,4,104,0.23,1,5,104,0.23,1,2
91,267,3,0,4,1,4,0,0.29,MOVING_TO_CHARGER,Charger_1,0.19,IDLE,,0.24,IDLE,,0.50,PROTECTING,Field_2,0.63,IDLE,,0.35,MOVING_TO_FIELD,Field_2,0.44,PROTECTING,Field_3,0.41,MOVING_TO_FIELD,Field_1,0.28,MOVING_TO_FIELD,Field_1,0.51,PROTECTING,Field_2,0.34,PROTECTING,Field_3,0.25,MOVING_TO_FIELD,Field_2,56,0.13,0,4,105,0.22,2,4,106,0.24,2,1
92,269,4,0,3,1,4,0,0.29,IDLE,,0.19,IDLE,,0.23,MOVING_TO_FIELD,Field_1,0.50,PROTECTING,Field_2,0.63,IDLE,,0.34,MOVING_TO_FIELD,Field_2,0.43,MOVING_TO_FIELD,Field_1,0.40,PROTECTING,Field_1,0.27,MOVING_TO_CHARGER,Charger_1,0.51,IDLE,,0.33,PROTECTING,Field_3,0.24,MOVING_TO_FIELD,Field_2,57,0.12,1,3,105,0.22,1,5,107,0.25,1,2
93,271,1,1,5,1,4,0,0.28,MOVING_TO_FIELD,Field_3,0.18,MOVING_TO_FIELD,Field_1,0.23,IDLE,,0.49,PROTECTING,Field_2,0.63,CHARGING,Charger_1,0.33,MOVING_TO_CHARGER,Charger_1,0.42,PROTECTING,Field_3,0.39,PROTECTING,Field_1,0.26,MOVING_TO_FIELD,Field_1,0.50,PROTECTING,Field_2,0.33,PROTECTING,Field_3,0.23,MOVING_TO_FIELD,Field_2,58,0.11,1,3,105,0.22,2,4,108,0.22,2,1
94,274,3,0,5,2,2,0,0.28,IDLE,,0.17,MOVING_TO_CHARGER,Charger_1,0.23,IDLE,,0.48,PROTECTING,Field_2,0.63,IDLE,,0.32,MOVING_TO_CHARGER,Charger_1,0.41,MOVING_TO_FIELD,Field_2,0.39,PROTECTING,Field_1,0.25,PROTECTING,Field_1,0.50,PROTECTING,Field_2,0.32,PROTECTING,Field_3,0.22,MOVING_TO_FIELD,Field_2,58,0.12,2,2,106,0.22,2,4,110,0.22,1,2
95,274,4,0,3,2,3,0,0.28,IDLE,,0.17,IDLE,,0.23,IDLE,,0.47,PROTECTING,Field_2,0.63,IDLE,,0.31,MOVING_TO_FIELD,Field_2,0.40,MOVING_TO_CHARGER,Charger_1,0.38,PROTECTING,Field_1,0.24,MOVING_TO_FIELD,Field_2,0.49,MOVING_TO_CHARGER,Charger_1,0.31,PROTECTING,Field_3,0.21,MOVING_TO_FIELD,Field_2,58,0.12,1,3,106,0.22,1,5,110,0.23,1,2
96,277,1,1,5,0,5,0,0.27,MOVING_TO_FIELD,Field_1,0.17,CHARGING,Charger_1,0.23,IDLE,,0.47,PROTECTING,Field_2,0.62,MOVING_TO_FIELD,Field_3,0.30,MOVING_TO_FIELD,Field_2,0.39,MOVING_TO_FIELD,Field_3,0.37,PROTECTING,Field_1,0.23,MOVING_TO_FIELD,Field_1,0.48,PROTECTING,Field_2,0.31,PROTECTING,Field_3,0.20,PROTECTING,Field_2,58,0.12,1,3,107,0.21,3,3,112,0.23,1,2
97,278,1,0,5,2,4,0,0.26,MOVING_TO_CHARGER,Charger_1,0.16,MOVING_TO_FIELD,Field_3,0.22,MOVING_TO_FIELD,Field_1,0.46,PROTECTING,Field_2,0.62,IDLE,,0.29,MOVING_TO_FIELD,Field_2,0.38,PROTECTING,Field_3,0.36,PROTECTING,Field_1,0.22,MOVING_TO_FIELD,Field_3,0.47,MOVING_TO_CHARGER,Charger_1,0.30,PROTECTING,Field_3,0.19,PROTECTING,Field_2,59,0.12,1,3,107,0.22,2,4,112,0.23,2,1
98,280,1,1,5,2,3,0,0.25,MOVING_TO_CHARGER,Charger_1,0.15,MOVING_TO_FIELD,Field_1,0.22,IDLE,,0.45,PROTECTING,Field_2,0.62,CHARGING,Charger_1,0.28,MOVING_TO_FIELD,Field_2,0.37,PROTECTING,Field_3,0.35,MOVING_TO_CHARGER,Charger_1,0.21,MOVING_TO_FIELD,Field_1,0.46,PROTECTING,Field_2,0.29,PROTECTING,Field_3,0.19,PROTECTING,Field_2,60,0.12,0,4,107,0.22,3,3,113,0.23,2,1
99,282,4,0,4,1,3,0,0.24,MOVING_TO_FIELD,Field_3,0.15,IDLE,,0.22,IDLE,,0.45,IDLE,,0.62,IDLE,,0.27,MOVING_TO_FIELD,Field_3,0.36,PROTECTING,Field_3,0.34,MOVING_TO_FIELD,Field_2,0.20,PROTECTING,Field_1,0.45,MOVING_TO_CHARGER,Charger_1,0.29,PROTECTING,Field_3,0.18,PROTECTING,Field_2,61,0.12,1,3,108,0.23,1,5,113,0.23,2,1
100,284,2,0,3,0,7,0,0.23,MOVING_TO_FIELD,Field_3,0.15,IDLE,,0.22,IDLE,,0.44,PROTECTING,Field_2,0.61,MOVING_TO_FIELD,Field_2,0.26,MOVING_TO_FIELD,Field_3,0.35,MOVING_TO_FIELD,Field_1,0.33,MOVING_TO_FIELD,Field_1,0.19,MOVING_TO_FIELD,Field_3,0.44,PROTECTING,Field_2,0.28,MOVING_TO_FIELD,Field_1,0.17,PROTECTING,Field_2,61,0.12,0,4,108,0.23,3,3,115,0.23,0,3
101,290,2,0,4,3,3,0,0.22,MOVING_TO_FIELD,Field_3,0.15,IDLE,,0.22,IDLE,,0.44,PROTECTING,Field_2,0.60,MOVING_TO_FIELD,Field_3,0.25,MOVING_TO_CHARGER,Charger_1,0.34,PROTECTING,Field_3,0.32,PROTECTING,Field_1,0.18,MOVING_TO_CHARGER,Charger_1,0.43,MOVING_TO_CHARGER,Charger_1,0.27,MOVING_TO_FIELD,Field_3,0.17,PROTECTING,Field_2,63,0.12,1,3,108,0.21,2,4,119,0.23,1,2
102,291,3,1,4,1,3,0,0.21,MOVING_TO_FIELD,Field_3,0.15,CHARGING,Charger_1,0.22,IDLE,,0.43,PROTECTING,Field_2,0.59,MOVING_TO_FIELD,Field_1,0.25,IDLE,,0.34,PROTECTING,Field_3,0.32,IDLE,,0.17,MOVING_TO_FIELD,Field_3,0.42,MOVING_TO_CHARGER,Charger_1,0.26,PROTECTING,Field_3,0.16,PROTECTING,Field_2,63,0.13,0,4,108,0.20,2,4,120,0.25,2,1
103,294,3,0,2,1,6,0,0.20,MOVING_TO_FIELD,Field_3,0.14,MOVING_TO_FIELD,Field_1,0.22,IDLE,,0.42,MOVING_TO_FIELD,Field_3,0.59,IDLE,,0.24,MOVING_TO_FIELD,Field_3,0.33,MOVING_TO_CHARGER,Charger_1,0.31,PROTECTING,Field_1,0.16,MOVING_TO_FIELD,Field_3,0.41,MOVING_TO_FIELD,Field_3,0.26,IDLE,,0.15,PROTECTING,Field_2,64,0.13,1,3,110,0.20,1,5,120,0.26,0,3
104,295,2,1,4,1,4,0,0.19,MOVING_TO_CHARGER,Charger_1,0.14,CHARGING,Charger_1,0.21,MOVING_TO_FIELD,Field_2,0.41,PROTECTING,Field_2,0.58,MOVING_TO_FIELD,Field_1,0.24,IDLE,,0.32,MOVING_TO_FIELD,Field_2,0.31,PROTECTING,Field_1,0.15,MOVING_TO_FIELD,Field_3,0.41,IDLE,,0.25,PROTECTING,Field_3,0.14,PROTECTING,Field_2,64,0.13,1,3,110,0.21,2,4,121,0.23,1,2
105,296,2,0,4,2,4,0,0.19,IDLE,,0.13,MOVING_TO_FIELD,Field_1,0.21,IDLE,,0.40,PROTECTING,Field_2,0.57,MOVING_TO_FIELD,Field_1,0.23,MOVING_TO_CHARGER,Charger_1,0.31,MOVING_TO_FIELD,Field_3,0.30,PROTECTING,Field_1,0.14,MOVING_TO_FIELD,Field_1,0.40,MOVING_TO_CHARGER,Charger_1,0.24,PROTECTING,Field_3,0.14,PROTECTING,Field_2,64,0.13,1,3,111,0.20,2,4,121,0.23,1,2
106,298,2,0,2,2,6,0,0.18,MOVING_TO_FIELD,Field_3,0.12,MOVING_TO_FIELD,Field_3,0.21,IDLE,,0.39,MOVING_TO_CHARGER,Charger_1,0.56,MOVING_TO_FIELD,Field_1,0.22,MOVING_TO_CHARGER,Charger_1,0.30,MOVING_TO_FIELD,Field_2,0.29,PROTECTING,Field_1,0.13,MOVING_TO_FIELD,Field_3,0.40,IDLE,,0.23,PROTECTING,Field_3,0.13,MOVING_TO_FIELD,Field_1,65,0.13,1,3,111,0.20,0,6,122,0.24,1,2
107,300,2,1,3,0,6,0,0.17,MOVING_TO_FIELD,Field_3,0.12,CHARGING,Charger_1,0.21,IDLE,,0.38,PROTECTING,Field_2,0.55,MOVING_TO_FIELD,Field_1,0.21,MOVING_TO_FIELD,Field_2,0.29,MOVING_TO_FIELD,Field_2,0.29,PROTECTING,Field_1,0.12,MOVING_TO_FIELD,Field_3,0.40,IDLE,,0.22,MOVING_TO_FIELD,Field_2,0.12,PROTECTING,Field_2,65,0.14,1,3,112,0.22,2,4,123,0.24,0,3
108,300,2,0,3,1,6,0,0.16,MOVING_TO_FIELD,Field_3,0.12,IDLE,,0.20,MOVING_TO_FIELD,Field_1,0.38,PROTECTING,Field_2,0.54,PROTECTING,Field_1,0.21,IDLE,,0.28,MOVING_TO_FIELD,Field_3,0.28,MOVING_TO_FIELD,Field_3,0.11,MOVING_TO_FIELD,Field_1,0.39,MOVING_TO_CHARGER,Charger_1,0.21,MOVING_TO_FIELD,Field_2,0.11,PROTECTING,Field_2,65,0.13,1,3,112,0.23,2,4,123,0.26,0,3
109,303,2,0,1,0,9,0,0.15,MOVING_TO_FIELD,Field_3,0.11,MOVING_TO_FIELD,Field_1,0.19,MOVING_TO_FIELD,Field_2,0.37,PROTECTING,Field_2,0.53,MOVING_TO_FIELD,Field_3,0.20,MOVING_TO_FIELD,Field_3,0.27,MOVING_TO_FIELD,Field_3,0.28,IDLE,,0.10,MOVING_TO_FIELD,Field_2,0.39,IDLE,,0.20,MOVING_TO_FIELD,Field_3,0.10,MOVING_TO_FIELD,Field_1,67,0.14,0,4,112,0.23,1,5,124,0.25,0,3
110,306,4,0,2,1,5,0,0.14,MOVING_TO_FIELD,Field_3,0.11,IDLE,,0.19,IDLE,,0.36,MOVING_TO_CHARGER,Charger_1,0.52,MOVING_TO_FIELD,Field_1,0.19,MOVING_TO_FIELD,Field_3,0.26,PROTECTING,Field_3,0.27,MOVING_TO_FIELD,Field_1,0.10,IDLE,,0.38,MOVING_TO_FIELD,Field_2,0.20,IDLE,,0.09,PROTECTING,Field_2,68,0.15,0,4,114,0.24,1,5,124,0.25,1,2
111,309,2,0,1,2,7,0,0.13,MOVING_TO_FIELD,Field_1,0.10,MOVING_TO_CHARGER,Charger_1,0.18,MOVING_TO_FIELD,Field_1,0.35,MOVING_TO_CHARGER,Charger_1,0.52,IDLE,,0.19,IDLE,,0.25,MOVING_TO_FIELD,Field_2,0.26,MOVING_TO_FIELD,Field_2,0.09,MOVING_TO_FIELD,Field_3,0.37,MOVING_TO_FIELD,Field_1,0.19,MOVING_TO_FIELD,Field_3,0.08,PROTECTING,Field_2,69,0.15,0,4,116,0.25,1,5,124,0.26,0,3
112,310,3,1,0,1,7,0,0.12,MOVING_TO_FIELD,Field_3,0.10,CHARGING,Charger_1,0.18,IDLE,,0.34,MOVING_TO_FIELD,Field_2,0.51,MOVING_TO_CHARGER,Charger_1,0.18,MOVING_TO_FIELD,Field_1,0.24,MOVING_TO_FIELD,Field_3,0.26,IDLE,,0.08,MOVING_TO_FIELD,Field_1,0.37,IDLE,,0.18,MOVING_TO_FIELD,Field_2,0.07,MOVING_TO_FIELD,Field_1,70,0.17,0,4,116,0.25,0,6,124,0.25,0,3
113,312,2,1,2,2,5,0,0.11,MOVING_TO_FIELD,Field_3,0.11,CHARGING,Charger_1,0.18,IDLE,,0.33,MOVING_TO_CHARGER,Charger_1,0.50,MOVING_TO_FIELD,Field_1,0.18,IDLE,,0.23,MOVING_TO_FIELD,Field_2,0.25,PROTECTING,Field_1,0.07,MOVING_TO_FIELD,Field_3,0.36,MOVING_TO_FIELD,Field_1,0.17,MOVING_TO_CHARGER,Charger_1,0.06,PROTECTING,Field_2,71,0.17,1,3,117,0.25,1,5,124,0.23,0,3
114,313,1,1,1,3,6,0,0.10,PROTECTING,Field_3,0.12,CHARGING,Charger_1,0.17,MOVING_TO_FIELD,Field_2,0.32,MOVING_TO_FIELD,Field_2,0.49,MOVING_TO_CHARGER,Charger_1,0.18,IDLE,,0.22,MOVING_TO_FIELD,Field_2,0.24,MOVING_TO_CHARGER,Charger_1,0.06,MOVING_TO_FIELD,Field_3,0.35,MOVING_TO_FIELD,Field_1,0.16,MOVING_TO_FIELD,Field_1,0.05,MOVING_TO_CHARGER,Charger_1,71,0.18,0,4,117,0.24,0,6,125,0.21,1,2
115,315,2,1,2,2,5,0,0.09,MOVING_TO_CHARGER,Charger_1,0.13,CHARGING,Charger_1,0.16,MOVING_TO_FIELD,Field_1,0.31,PROTECTING,Field_2,0.48,MOVING_TO_FIELD,Field_1,0.18,IDLE,,0.21,MOVING_TO_CHARGER,Charger_1,0.23,MOVING_TO_FIELD,Field_2,0.05,MOVING_TO_FIELD,Field_3,0.34,MOVING_TO_FIELD,Field_1,0.16,IDLE,,0.04,PROTECTING,Field_2,71,0.18,0,4,118,0.24,2,4,126,0.20,0,3
116,318,1,1,2,2,6,0,0.08,MOVING_TO_FIELD,Field_3,0.14,CHARGING,Charger_1,0.15,MOVING_TO_FIELD,Field_1,0.30,PROTECTING,Field_2,0.47,PROTECTING,Field_1,0.18,IDLE,,0.20,MOVING_TO_CHARGER,Charger_1,0.22,MOVING_TO_FIELD,Field_1,0.04,MOVING_TO_FIELD,Field_1,0.33,MOVING_TO_FIELD,Field_1,0.15,MOVING_TO_FIELD,Field_2,0.03,MOVING_TO_CHARGER,Charger_1,71,0.18,1,3,120,0.23,1,5,127,0.20,0,3
117,321,2,0,3,2,5,0,0.07,MOVING_TO_FIELD,Field_2,0.13,MOVING_TO_FIELD,Field_1,0.14,MOVING_TO_FIELD,Field_1,0.29,PROTECTING,Field_2,0.46,PROTECTING,Field_1,0.18,IDLE,,0.19,MOVING_TO_CHARGER,Charger_1,0.21,PROTECTING,Field_1,0.03,MOVING_TO_FIELD,Field_1,0.32,MOVING_TO_CHARGER,Charger_1,0.15,IDLE,,0.02,MOVING_TO_FIELD,Field_1,72,0.19,2,2,122,0.22,1,5,127,0.20,0,3
118,326,3,0,4,1,4,0,0.06,PROTECTING,Field_3,0.12,MOVING_TO_CHARGER,Charger_1,0.14,IDLE,,0.29,PROTECTING,Field_2,0.46,PROTECTING,Field_1,0.18,IDLE,,0.18,MOVING_TO_FIELD,Field_2,0.20,PROTECTING,Field_1,0.02,MOVING_TO_FIELD,Field_1,0.32,IDLE,,0.14,MOVING_TO_FIELD,Field_3,0.01,MOVING_TO_FIELD,Field_3,74,0.20,2,2,124,0.22,1,5,128,0.18,1,2
119,330,0,1,4,2,5,0,0.05,MOVING_TO_CHARGER,Charger_1,0.12,CHARGING,Charger_1,0.13,PROTECTING,Field_1,0.28,PROTECTING,Field_2,0.45,PROTECTING,Field_1,0.17,MOVING_TO_FIELD,Field_1,0.17,MOVING_TO_FIELD,Field_2,0.19,PROTECTING,Field_1,0.01,MOVING_TO_FIELD,Field_1,0.31,MOVING_TO_CHARGER,Charger_1,0.13,MOVING_TO_FIELD,Field_2,0.00,MOVING_TO_FIELD,Field_2,76,0.20,3,1,125,0.21,1,5,129,0.19,0,3
120,334,1,0,2,2,6,1,0.04,MOVING_TO_CHARGER,Charger_1,0.11,MOVING_TO_FIELD,Field_3,0.12,PROTECTING,Field_1,0.27,PROTECTING,Field_2,0.44,MOVING_TO_CHARGER,Charger_1,0.16,MOVING_TO_FIELD,Field_3,0.16,MOVING_TO_FIELD,Field_2,0.18,MOVING_TO_FIELD,Field_2,0.00,MOVING_TO_FIELD,Field_1,0.30,MOVING_TO_FIELD,Field_1,0.13,IDLE,,0,TERMINATED,Field_1,76,0.20,1,3,127,0.20,1,5,131,0.22,0,3
121,337,1,0,2,0,8,1,0.03,MOVING_TO_FIELD,Field_2,0.10,MOVING_TO_FIELD,Field_3,0.11,PROTECTING,Field_1,0.26,MOVING_TO_FIELD,Field_1,0.43,MOVING_TO_FIELD,Field_1,0.15,MOVING_TO_FIELD,Field_2,0.15,MOVING_TO_FIELD,Field_3,0.17,PROTECTING,Field_1,0.00,IDLE,,0.29,MOVING_TO_FIELD,Field_1,0.12,MOVING_TO_FIELD,Field_2,0,TERMINATED,Field_1,76,0.21,2,2,129,0.20,0,6,132,0.20,0,3
122,343,2,0,3,1,4,2,0.02,MOVING_TO_FIELD,Field_1,0.09,MOVING_TO_CHARGER,Charger_1,0.11,PROTECTING,Field_1,0.25,MOVING_TO_FIELD,Field_2,0.42,PROTECTING,Field_1,0.15,IDLE,,0.14,MOVING_TO_FIELD,Field_2,0.17,PROTECTING,Field_1,0,TERMINATED,Field_3,0.28,MOVING_TO_FIELD,Field_1,0.12,IDLE,,0,TERMINATED,Field_1,78,0.21,3,1,132,0.21,0,6,133,0.21,0,3
123,345,4,0,1,1,4,2,0.01,MOVING_TO_FIELD,Field_3,0.08,MOVING_TO_FIELD,Field_3,0.10,MOVING_TO_FIELD,Field_3,0.25,IDLE,,0.41,PROTECTING,Field_1,0.15,IDLE,,0.13,MOVING_TO_FIELD,Field_2,0.17,IDLE,,0,TERMINATED,Field_3,0.27,MOVING_TO_CHARGER,Charger_1,0.12,IDLE,,0,TERMINATED,Field_1,79,0.21,1,3,132,0.20,0,6,134,0.22,0,3
124,347,1,0,2,3,4,2,0.00,MOVING_TO_FIELD,Field_3,0.07,MOVING_TO_CHARGER,Charger_1,0.09,MOVING_TO_FIELD,Field_1,0.24,MOVING_TO_CHARGER,Charger_1,0.40,PROTECTING,Field_1,0.15,IDLE,,0.12,MOVING_TO_CHARGER,Charger_1,0.16,PROTECTING,Field_1,0,TERMINATED,Field_3,0.26,MOVING_TO_FIELD,Field_1,0.11,MOVING_TO_FIELD,Field_3,0,TERMINATED,Field_1,79,0.21,2,2,134,0.19,0,6,134,0.23,0,3
125,352,3,1,1,1,3,3,0,TERMINATED,Field_3,0.07,CHARGING,Charger_1,0.08,MOVING_TO_FIELD,Field_1,0.23,MOVING_TO_FIELD,Field_3,0.39,MOVING_TO_CHARGER,Charger_1,0.15,IDLE,,0.11,MOVING_TO_FIELD,Field_2,0.15,PROTECTING,Field_1,0,TERMINATED,Field_3,0.26,IDLE,,0.11,IDLE,,0,TERMINATED,Field_1,81,0.21,1,3,135,0.20,0,6,136,0.23,0,3
126,355,1,0,1,1,6,3,0,TERMINATED,Field_3,0.06,MOVING_TO_FIELD,Field_3,0.07,PROTECTING,Field_1,0.22,MOVING_TO_FIELD,Field_2,0.38,MOVING_TO_FIELD,Field_1,0.15,IDLE,,0.10,MOVING_TO_CHARGER,Charger_1,0.14,MOVING_TO_FIELD,Field_3,0,TERMINATED,Field_3,0.25,MOVING_TO_FIELD,Field_1,0.10,MOVING_TO_FIELD,Field_3,0,TERMINATED,Field_1,82,0.20,1,3,136,0.19,0,6,137,0.20,0,3
127,359,3,1,2,1,2,3,0,TERMINATED,Field_3,0.06,CHARGING,Charger_1,0.06,MOVING_TO_FIELD,Field_2,0.21,PROTECTING,Field_2,0.37,PROTECTING,Field_1,0.15,IDLE,,0.09,MOVING_TO_CHARGER,Charger_1,0.14,IDLE,,0,TERMINATED,Field_3,0.24,MOVING_TO_FIELD,Field_1,0.10,IDLE,,0,TERMINATED,Field_1,86,0.23,1,3,136,0.18,1,5,137,0.21,0,3
128,360,1,0,2,1,5,3,0,TERMINATED,Field_3,0.05,MOVING_TO_FIELD,Field_1,0.05,MOVING_TO_FIELD,Field_3,0.21,PROTECTING,Field_2,0.37,PROTECTING,Field_1,0.15,IDLE,,0.08,MOVING_TO_CHARGER,Charger_1,0.13,MOVING_TO_FIELD,Field_1,0,TERMINATED,Field_3,0.23,MOVING_TO_FIELD,Field_1,0.09,MOVING_TO_FIELD,Field_1,0,TERMINATED,Field_1,87,0.23,1,3,136,0.18,1,5,137,0.20,0,3
129,362,0,1,3,2,3,3,0,TERMINATED,Field_3,0.05,CHARGING,Charger_1,0.04,MOVING_TO_FIELD,Field_1,0.20,PROTECTING,Field_2,0.36,PROTECTING,Field_1,0.14,MOVING_TO_CHARGER,Charger_1,0.07,MOVING_TO_CHARGER,Charger_1,0.12,PROTECTING,Field_1,0,TERMINATED,Field_3,0.22,MOVING_TO_FIELD,Field_1,0.08,MOVING_TO_FIELD,Field_2,0,TERMINATED,Field_1,89,0.23,2,2,136,0.17,1,5,137,0.20,0,3
130,365,2,0,3,0,4,3,0,TERMINATED,Field_3,0.04,MOVING_TO_FIELD,Field_1,0.03,PROTECTING,Field_1,0.19,PROTECTING,Field_2,0.35,MOVING_TO_FIELD,Field_3,0.14,IDLE,,0.06,MOVING_TO_FIELD,Field_3,0.12,IDLE,,0,TERMINATED,Field_3,0.21,PROTECTING,Field_1,0.07,MOVING_TO_FIELD,Field_2,0,TERMINATED,Field_1,89,0.23,2,2,137,0.17,1,5,139,0.20,0,3
131,368,2,0,3,2,2,3,0,TERMINATED,Field_3,0.03,MOVING_TO_CHARGER,Charger_1,0.02,PROTECTING,Field_1,0.19,PROTECTING,Field_2,0.34,MOVING_TO_FIELD,Field_1,0.14,IDLE,,0.05,MOVING_TO_CHARGER,Charger_1,0.11,PROTECTING,Field_1,0,TERMINATED,Field_3,0.20,MOVING_TO_FIELD,Field_3,0.07,IDLE,,0,TERMINATED,Field_1,91,0.21,2,2,138,0.15,1,5,139,0.20,0,3
132,370,2,0,2,1,4,3,0,TERMINATED,Field_3,0.02,MOVING_TO_FIELD,Field_1,0.02,IDLE,,0.18,PROTECTING,Field_2,0.33,PROTECTING,Field_1,0.13,MOVING_TO_CHARGER,Charger_1,0.04,MOVING_TO_FIELD,Field_1,0.11,IDLE,,0,TERMINATED,Field_3,0.19,MOVING_TO_FIELD,Field_3,0.06,MOVING_TO_FIELD,Field_3,0,TERMINATED,Field_1,92,0.21,1,3,138,0.15,1,5,140,0.20,0,3
133,375,0,1,3,1,4,3,0,TERMINATED,Field_3,0.01,MOVING_TO_CHARGER,Charger_1,0.01,PROTECTING,Field_1,0.17,MOVING_TO_FIELD,Field_1,0.32,PROTECTING,Field_1,0.12,MOVING_TO_FIELD,Field_2,0.04,CHARGING,Charger_1,0.10,PROTECTING,Field_1,0,TERMINATED,Field_3,0.18,MOVING_TO_FIELD,Field_3,0.05,MOVING_TO_FIELD,Field_2,0,TERMINATED,Field_1,95,0.21,3,1,140,0.14,0,6,140,0.20,0,3
134,377,1,0,2,1,4,4,0,TERMINATED,Field_3,0,TERMINATED,Field_2,0.00,PROTECTING,Field_1,0.16,MOVING_TO_CHARGER,Charger_1,0.32,PROTECTING,Field_1,0.11,MOVING_TO_FIELD,Field_2,0.03,MOVING_TO_FIELD,Field_1,0.10,IDLE,,0,TERMINATED,Field_3,0.17,MOVING_TO_FIELD,Field_1,0.04,MOVING_TO_FIELD,Field_3,0,TERMINATED,Field_1,95,0.19,2,2,140,0.15,0,6,142,0.21,0,3
135,380,3,0,1,0,3,5,0,TERMINATED,Field_3,0,TERMINATED,Field_2,0,TERMINATED,Field_3,0.15,MOVING_TO_FIELD,Field_2,0.31,PROTECTING,Field_1,0.11,IDLE,,0.03,IDLE,,0.10,IDLE,,0,TERMINATED,Field_3,0.16,MOVING_TO_FIELD,Field_3,0.03,MOVING_TO_FIELD,Field_3,0,TERMINATED,Field_1,97,0.20,1,3,140,0.16,0,6,143,0.21,0,3
136,385,2,0,2,1,2,5,0,TERMINATED,Field_3,0,TERMINATED,Field_2,0,TERMINATED,Field_3,0.14,PROTECTING,Field_2,0.30,PROTECTING,Field_1,0.11,IDLE,,0.02,MOVING_TO_CHARGER,Charger_1,0.10,IDLE,,0,TERMINATED,Field_3,0.15,MOVING_TO_FIELD,Field_3,0.02,MOVING_TO_FIELD,Field_1,0,TERMINATED,Field_1,98,0.20,1,3,142,0.16,1,5,145,0.20,0,3
137,385,1,0,0,1,5,5,0,TERMINATED,Field_3,0,TERMINATED,Field_2,0,TERMINATED,Field_3,0.13,MOVING_TO_FIELD,Field_1,0.29,MOVING_TO_FIELD,Field_2,0.10,MOVING_TO_FIELD,Field_3,0.01,MOVING_TO_FIELD,Field_2,0.10,IDLE,,0,TERMINATED,Field_3,0.14,MOVING_TO_CHARGER,Charger_1,0.01,MOVING_TO_FIELD,Field_3,0,TERMINATED,Field_1,98,0.20,0,4,142,0.16,0,6,145,0.20,0,3
138,385,0,0,0,1,5,6,0,TERMINATED,Field_3,0,TERMINATED,Field_2,0,TERMINATED,Field_3,0.12,MOVING_TO_FIELD,Field_3,0.28,MOVING_TO_FIELD,Field_1,0.09,MOVING_TO_FIELD,Field_3,0,TERMINATED,Field_3,0.09,MOVING_TO_FIELD,Field_2,0,TERMINATED,Field_3,0.13,MOVING_TO_CHARGER,Charger_1,0.00,MOVING_TO_FIELD,Field_2,0,TERMINATED,Field_1,98,0.19,0,4,142,0.16,0,6,145,0.19,0,3
139,388,0,0,2,0,3,7,0,TERMINATED,Field_3,0,TERMINATED,Field_2,0,TERMINATED,Field_3,0.11,MOVING_TO_FIELD,Field_2,0.27,PROTECTING,Field_1,0.08,MOVING_TO_FIELD,Field_3,0,TERMINATED,Field_3,0.08,PROTECTING,Field_1,0,TERMINATED,Field_3,0.12,MOVING_TO_FIELD,Field_3,0,TERMINATED,Field_3,0,TERMINATED,Field_1,99,0.19,2,2,143,0.15,0,6,146,0.19,0,3
140,390,3,0,2,0,0,7,0,TERMINATED,Field_3,0,TERMINATED,Field_2,0,TERMINATED,Field_3,0.10,PROTECTING,Field_2,0.27,PROTECTING,Field_1,0.08,IDLE,,0,TERMINATED,Field_3,0.08,IDLE,,0,TERMINATED,Field_3,0.12,IDLE,,0,TERMINATED,Field_3,0,TERMINATED,Field_1,100,0.19,1,3,144,0.14,1,5,146,0.19,0,3
141,391,0,0,1,2,2,7,0,TERMINATED,Field_3,0,TERMINATED,Field_2,0,TERMINATED,Field_3,0.09,PROTECTING,Field_2,0.26,MOVING_TO_FIELD,Field_2,0.07,MOVING_TO_FIELD,Field_2,0,TERMINATED,Field_3,0.07,MOVING_TO_CHARGER,Charger_1,0,TERMINATED,Field_3,0.11,MOVING_TO_CHARGER,Charger_1,0,TERMINATED,Field_3,0,TERMINATED,Field_1,101,0.20,0,4,144,0.16,1,5,146,0.19,0,3
142,393,2,0,0,0,3,7,0,TERMINATED,Field_3,0,TERMINATED,Field_2,0,TERMINATED,Field_3,0.08,MOVING_TO_FIELD,Field_3,0.26,IDLE,,0.06,MOVING_TO_FIELD,Field_1,0,TERMINATED,Field_3,0.07,IDLE,,0,TERMINATED,Field_3,0.10,MOVING_TO_FIELD,Field_3,0,TERMINATED,Field_3,0,TERMINATED,Field_1,102,0.21,0,4,144,0.16,0,6,147,0.19,0,3
143,395,0,0,0,1,4,7,0,TERMINATED,Field_3,0,TERMINATED,Field_2,0,TERMINATED,Field_3,0.07,MOVING_TO_FIELD,Field_1,0.25,MOVING_TO_FIELD,Field_2,0.05,MOVING_TO_FIELD,Field_3,0,TERMINATED,Field_3,0.06,MOVING_TO_FIELD,Field_2,0,TERMINATED,Field_3,0.09,MOVING_TO_CHARGER,Charger_1,0,TERMINATED,Field_3,0,TERMINATED,Field_1,102,0.20,0,4,146,0.16,0,6,147,0.19,0,3
144,398,1,0,0,1,3,7,0,TERMINATED,Field_3,0,TERMINATED,Field_2,0,TERMINATED,Field_3,0.06,MOVING_TO_CHARGER,Charger_1,0.24,MOVING_TO_FIELD,Field_1,0.04,MOVING_TO_FIELD,Field_3,0,TERMINATED,Field_3,0.06,IDLE,,0,TERMINATED,Field_3,0.08,MOVING_TO_FIELD,Field_2,0,TERMINATED,Field_3,0,TERMINATED,Field_1,103,0.20,0,4,147,0.16,0,6,148,0.18,0,3
145,405,2,0,0,1,2,7,0,TERMINATED,Field_3,0,TERMINATED,Field_2,0,TERMINATED,Field_3,0.05,MOVING_TO_FIELD,Field_2,0.23,MOVING_TO_FIELD,Field_2,0.04,IDLE,,0,TERMINATED,Field_3,0.06,IDLE,,0,TERMINATED,Field_3,0.07,MOVING_TO_CHARGER,Charger_1,0,TERMINATED,Field_3,0,TERMINATED,Field_1,104,0.22,0,4,149,0.17,0,6,152,0.19,0,3
146,408,1,0,0,1,3,7,0,TERMINATED,Field_3,0,TERMINATED,Field_2,0,TERMINATED,Field_3,0.04,MOVING_TO_FIELD,Field_2,0.22,MOVING_TO_FIELD,Field_2,0.03,MOVING_TO_FIELD,Field_3,0,TERMINATED,Field_3,0.06,IDLE,,0,TERMINATED,Field_3,0.06,MOVING_TO_CHARGER,Charger_1,0,TERMINATED,Field_3,0,TERMINATED,Field_1,105,0.22,0,4,151,0.17,0,6,152,0.18,0,3
147,410,0,0,0,3,2,7,0,TERMINATED,Field_3,0,TERMINATED,Field_2,0,TERMINATED,Field_3,0.03,MOVING_TO_CHARGER,Charger_1,0.21,MOVING_TO_CHARGER,Charger_1,0.02,MOVING_TO_FIELD,Field_1,0,TERMINATED,Field_3,0.05,MOVING_TO_CHARGER,Charger_1,0,TERMINATED,Field_3,0.05,MOVING_TO_FIELD,Field_3,0,TERMINATED,Field_3,0,TERMINATED,Field_1,107,0.20,0,4,151,0.18,0,6,152,0.17,0,3
148,414,1,0,0,1,3,7,0,TERMINATED,Field_3,0,TERMINATED,Field_2,0,TERMINATED,Field_3,0.02,MOVING_TO_FIELD,Field_3,0.20,MOVING_TO_FIELD,Field_2,0.01,MOVING_TO_FIELD,Field_2,0,TERMINATED,Field_3,0.04,MOVING_TO_CHARGER,Charger_1,0,TERMINATED,Field_3,0.05,IDLE,,0,TERMINATED,Field_3,0,TERMINATED,Field_1,107,0.21,0,4,152,0.20,0,6,155,0.15,0,3
149,416,0,0,0,0,4,8,0,TERMINATED,Field_3,0,TERMINATED,Field_2,0,TERMINATED,Field_3,0.01,MOVING_TO_FIELD,Field_3,0.19,MOVING_TO_FIELD,Field_1,0,TERMINATED,Charger_1,0,TERMINATED,Field_3,0.03,MOVING_TO_FIELD,Field_3,0,TERMINATED,Field_3,0.04,MOVING_TO_FIELD,Field_2,0,TERMINATED,Field_3,0,TERMINATED,Field_1,107,0.22,0,4,153,0.19,0,6,156,0.14,0,3
150,418,1,0,0,2,1,8,0,TERMINATED,Field_3,0,TERMINATED,Field_2,0,TERMINATED,Field_3,0.00,MOVING_TO_CHARGER,Charger_1,0.18,MOVING_TO_FIELD,Field_2,0,TERMINATED,Charger_1,0,TERMINATED,Field_3,0.03,IDLE,,0,TERMINATED,Field_3,0.03,MOVING_TO_CHARGER,Charger_1,0,TERMINATED,Field_3,0,TERMINATED,Field_1,107,0.22,0,4,153,0.18,0,6,158,0.14,0,3
151,419,1,1,0,0,1,9,0,TERMINATED,Field_3,0,TERMINATED,Field_2,0,TERMINATED,Field_3,0,TERMINATED,Field_2,0.17,MOVING_TO_FIELD,Field_3,0,TERMINATED,Charger_1,0,TERMINATED,Field_3,0.03,IDLE,,0,TERMINATED,Field_3,0.03,CHARGING,Charger_1,0,TERMINATED,Field_3,0,TERMINATED,Field_1,108,0.22,0,4,153,0.20,0,6,158,0.12,0,3
152,421,1,1,0,0,1,9,0,TERMINATED,Field_3,0,TERMINATED,Field_2,0,TERMINATED,Field_3,0,TERMINATED,Field_2,0.16,MOVING_TO_FIELD,Field_1,0,TERMINATED,Charger_1,0,TERMINATED,Field_3,0.03,IDLE,,0,TERMINATED,Field_3,0.04,CHARGING,Charger_1,0,TERMINATED,Field_3,0,TERMINATED,Field_1,110,0.22,0,4,153,0.20,0,6,158,0.13,0,3
153,424,0,0,0,0,3,9,0,TERMINATED,Field_3,0,TERMINATED,Field_2,0,TERMINATED,Field_3,0,TERMINATED,Field_2,0.15,MOVING_TO_FIELD,Field_1,0,TERMINATED,Charger_1,0,TERMINATED,Field_3,0.02,MOVING_TO_FIELD,Field_2,0,TERMINATED,Field_3,0.03,MOVING_TO_FIELD,Field_1,0,TERMINATED,Field_3,0,TERMINATED,Field_1,113,0.22,0,4,153,0.20,0,6,158,0.13,0,3
154,428,1,0,0,1,1,9,0,TERMINATED,Field_3,0,TERMINATED,Field_2,0,TERMINATED,Field_3,0,TERMINATED,Field_2,0.14,MOVING_TO_FIELD,Field_1,0,TERMINATED,Charger_1,0,TERMINATED,Field_3,0.02,IDLE,,0,TERMINATED,Field_3,0.02,MOVING_TO_CHARGER,Charger_1,0,TERMINATED,Field_3,0,TERMINATED,Field_1,115,0.20,0,4,153,0.21,0,6,160,0.14,0,3
155,431,1,1,0,0,1,9,0,TERMINATED,Field_3,0,TERMINATED,Field_2,0,TERMINATED,Field_3,0,TERMINATED,Field_2,0.13,MOVING_TO_FIELD,Field_1,0,TERMINATED,Charger_1,0,TERMINATED,Field_3,0.02,IDLE,,0,TERMINATED,Field_3,0.02,CHARGING,Charger_1,0,TERMINATED,Field_3,0,TERMINATED,Field_1,116,0.19,0,4,154,0.20,0,6,161,0.14,0,3
156,433,2,1,0,0,0,9,0,TERMINATED,Field_3,0,TERMINATED,Field_2,0,TERMINATED,Field_3,0,TERMINATED,Field_2,0.13,IDLE,,0,TERMINATED,Charger_1,0,TERMINATED,Field_3,0.02,IDLE,,0,TERMINATED,Field_3,0.03,CHARGING,Charger_1,0,TERMINATED,Field_3,0,TERMINATED,Field_1,117,0.20,0,4,154,0.20,0,6,162,0.15,0,3
157,440,0,1,0,0,2,9,0,TERMINATED,Field_3,0,TERMINATED,Field_2,0,TERMINATED,Field_3,0,TERMINATED,Field_2,0.12,MOVING_TO_FIELD,Field_1,0,TERMINATED,Charger_1,0,TERMINATED,Field_3,0.01,MOVING_TO_FIELD,Field_3,0,TERMINATED,Field_3,0.04,CHARGING,Charger_1,0,TERMINATED,Field_3,0,TERMINATED,Field_1,119,0.20,0,4,158,0.19,0,6,163,0.15,0,3
158,442,1,1,1,0,0,9,0,TERMINATED,Field_3,0,TERMINATED,Field_2,0,TERMINATED,Field_3,0,TERMINATED,Field_2,0.11,PROTECTING,Field_1,0,TERMINATED,Charger_1,0,TERMINATED,Field_3,0.01,IDLE,,0,TERMINATED,Field_3,0.05,CHARGING,Charger_1,0,TERMINATED,Field_3,0,TERMINATED,Field_1,120,0.20,1,3,158,0.19,0,6,164,0.15,0,3
159,442,0,1,1,0,0,10,0,TERMINATED,Field_3,0,TERMINATED,Field_2,0,TERMINATED,Field_3,0,TERMINATED,Field_2,0.10,PROTECTING,Field_1,0,TERMINATED,Charger_1,0,TERMINATED,Field_3,0,TERMINATED,Charger_1,0,TERMINATED,Field_3,0.06,CHARGING,Charger_1,0,TERMINATED,Field_3,0,TERMINATED,Field_1,120,0.21,1,3,158,0.20,0,6,164,0.13,0,3
160,444,0,1,1,0,0,10,0,TERMINATED,Field_3,0,TERMINATED,Field_2,0,TERMINATED,Field_3,0,TERMINATED,Field_2,0.09,PROTECTING,Field_1,0,TERMINATED,Charger_1,0,TERMINATED,Field_3,0,TERMINATED,Charger_1,0,TERMINATED,Field_3,0.07,CHARGING,Charger_1,0,TERMINATED,Field_3,0,TERMINATED,Field_1,120,0.20,1,3,159,0.20,0,6,165,0.12,0,3
161,447,0,1,1,0,0,10,0,TERMINATED,Field_3,0,TERMINATED,Field_2,0,TERMINATED,Field_3,0,TERMINATED,Field_2,0.08,PROTECTING,Field_1,0,TERMINATED,Charger_1,0,TERMINATED,Field_3,0,TERMINATED,Charger_1,0,TERMINATED,Field_3,0.08,CHARGING,Charger_1,0,TERMINATED,Field_3,0,TERMINATED,Field_1,120,0.21,1,3,160,0.21,0,6,167,0.11,0,3
162,449,1,1,0,0,0,10,0,TERMINATED,Field_3,0,TERMINATED,Field_2,0,TERMINATED,Field_3,0,TERMINATED,Field_2,0.08,IDLE,,0,TERMINATED,Charger_1,0,TERMINATED,Field_3,0,TERMINATED,Charger_1,0,TERMINATED,Field_3,0.09,CHARGING,Charger_1,0,TERMINATED,Field_3,0,TERMINATED,Field_1,122,0.21,0,4,160,0.22,0,6,167,0.08,0,3
163,451,0,1,1,0,0,10,0,TERMINATED,Field_3,0,TERMINATED,Field_2,0,TERMINATED,Field_3,0,TERMINATED,Field_2,0.07,PROTECTING,Field_1,0,TERMINATED,Charger_1,0,TERMINATED,Field_3,0,TERMINATED,Charger_1,0,TERMINATED,Field_3,0.10,CHARGING,Charger_1,0,TERMINATED,Field_3,0,TERMINATED,Field_1,122,0.21,1,3,161,0.22,0,6,168,0.07,0,3
164,455,0,1,1,0,0,10,0,TERMINATED,Field_3,0,TERMINATED,Field_2,0,TERMINATED,Field_3,0,TERMINATED,Field_2,0.07,PROTECTING,Field_1,0,TERMINATED,Charger_1,0,TERMINATED,Field_3,0,TERMINATED,Charger_1,0,TERMINATED,Field_3,0.11,CHARGING,Charger_1,0,TERMINATED,Field_3,0,TERMINATED,Field_1,124,0.21,1,3,162,0.23,0,6,169,0.07,0,3
165,458,0,0,1,0,1,10,0,TERMINATED,Field_3,0,TERMINATED,Field_2,0,TERMINATED,Field_3,0,TERMINATED,Field_2,0.06,PROTECTING,Field_1,0,TERMINATED,Charger_1,0,TERMINATED,Field_3,0,TERMINATED,Charger_1,0,TERMINATED,Field_3,0.10,MOVING_TO_FIELD,Field_2,0,TERMINATED,Field_3,0,TERMINATED,Field_1,125,0.20,1,3,163,0.25,0,6,170,0.07,0,3
166,461,0,0,1,1,0,10,0,TERMINATED,Field_3,0,TERMINATED,Field_2,0,TERMINATED,Field_3,0,TERMINATED,Field_2,0.05,PROTECTING,Field_1,0,TERMINATED,Charger_1,0,TERMINATED,Field_3,0,TERMINATED,Charger_1,0,TERMINATED,Field_3,0.09,MOVING_TO_CHARGER,Charger_1,0,TERMINATED,Field_3,0,TERMINATED,Field_1,126,0.20,1,3,165,0.25,0,6,170,0.07,0,3
167,462,0,1,1,0,0,10,0,TERMINATED,Field_3,0,TERMINATED,Field_2,0,TERMINATED,Field_3,0,TERMINATED,Field_2,0.05,PROTECTING,Field_1,0,TERMINATED,Charger_1,0,TERMINATED,Field_3,0,TERMINATED,Charger_1,0,TERMINATED,Field_3,0.09,CHARGING,Charger_1,0,TERMINATED,Field_3,0,TERMINATED,Field_1,127,0.19,1,3,165,0.25,0,6,170,0.07,0,3
168,465,0,1,1,0,0,10,0,TERMINATED,Field_3,0,TERMINATED,Field_2,0,TERMINATED,Field_3,0,TERMINATED,Field_2,0.04,PROTECTING,Field_1,0,TERMINATED,Charger_1,0,TERMINATED,Field_3,0,TERMINATED,Charger_1,0,TERMINATED,Field_3,0.10,CHARGING,Charger_1,0,TERMINATED,Field_3,0,TERMINATED,Field_1,128,0.19,1,3,166,0.26,0,6,171,0.07,0,3
169,469,0,1,1,0,0,10,0,TERMINATED,Field_3,0,TERMINATED,Field_2,0,TERMINATED,Field_3,0,TERMINATED,Field_2,0.03,PROTECTING,Field_1,0,TERMINATED,Charger_1,0,TERMINATED,Field_3,0,TERMINATED,Charger_1,0,TERMINATED,Field_3,0.11,CHARGING,Charger_1,0,TERMINATED,Field_3,0,TERMINATED,Field_1,128,0.18,1,3,170,0.28,0,6,171,0.08,0,3
170,474,0,1,0,1,0,10,0,TERMINATED,Field_3,0,TERMINATED,Field_2,0,TERMINATED,Field_3,0,TERMINATED,Field_2,0.02,MOVING_TO_CHARGER,Charger_1,0,TERMINATED,Charger_1,0,TERMINATED,Field_3,0,TERMINATED,Charger_1,0,TERMINATED,Field_3,0.12,CHARGING,Charger_1,0,TERMINATED,Field_3,0,TERMINATED,Field_1,130,0.18,0,4,171,0.28,0,6,173,0.07,0,3
171,476,0,0,0,0,2,10,0,TERMINATED,Field_3,0,TERMINATED,Field_2,0,TERMINATED,Field_3,0,TERMINATED,Field_2,0.01,MOVING_TO_FIELD,Field_3,0,TERMINATED,Charger_1,0,TERMINATED,Field_3,0,TERMINATED,Charger_1,0,TERMINATED,Field_3,0.11,MOVING_TO_FIELD,Field_1,0,TERMINATED,Field_3,0,TERMINATED,Field_1,131,0.18,0,4,172,0.27,0,6,173,0.08,0,3
172,478,0,0,0,1,1,10,0,TERMINATED,Field_3,0,TERMINATED,Field_2,0,TERMINATED,Field_3,0,TERMINATED,Field_2,0.00,MOVING_TO_CHARGER,Charger_1,0,TERMINATED,Charger_1,0,TERMINATED,Field_3,0,TERMINATED,Charger_1,0,TERMINATED,Field_3,0.10,MOVING_TO_FIELD,Field_2,0,TERMINATED,Field_3,0,TERMINATED,Field_1,131,0.18,0,4,174,0.28,0,6,173,0.08,0,3
173,481,0,0,0,0,1,11,0,TERMINATED,Field_3,0,TERMINATED,Field_2,0,TERMINATED,Field_3,0,TERMINATED,Field_2,0,TERMINATED,Field_2,0,TERMINATED,Charger_1,0,TERMINATED,Field_3,0,TERMINATED,Charger_1,0,TERMINATED,Field_3,0.09,MOVING_TO_FIELD,Field_2,0,TERMINATED,Field_3,0,TERMINATED,Field_1,132,0.20,0,4,176,0.26,0,6,173,0.06,0,3
174,482,0,0,0,0,1,11,0,TERMINATED,Field_3,0,TERMINATED,Field_2,0,TERMINATED,Field_3,0,TERMINATED,Field_2,0,TERMINATED,Field_2,0,TERMINATED,Charger_1,0,TERMINATED,Field_3,0,TERMINATED,Charger_1,0,TERMINATED,Field_3,0.08,MOVING_TO_FIELD,Field_1,0,TERMINATED,Field_3,0,TERMINATED,Field_1,133,0.19,0,4,176,0.27,0,6,173,0.04,0,3
175,486,0,0,0,0,1,11,0,TERMINATED,Field_3,0,TERMINATED,Field_2,0,TERMINATED,Field_3,0,TERMINATED,Field_2,0,TERMINATED,Field_2,0,TERMINATED,Charger_1,0,TERMINATED,Field_3,0,TERMINATED,Charger_1,0,TERMINATED,Field_3,0.07,MOVING_TO_FIELD,Field_2,0,TERMINATED,Field_3,0,TERMINATED,Field_1,135,0.19,0,4,178,0.28,0,6,173,0.04,0,3
176,487,0,0,0,0,1,11,0,TERMINATED,Field_3,0,TERMINATED,Field_2,0,TERMINATED,Field_3,0,TERMINATED,Field_2,0,TERMINATED,Field_2,0,TERMINATED,Charger_1,0,TERMINATED,Field_3,0,TERMINATED,Charger_1,0,TERMINATED,Field_3,0.06,MOVING_TO_FIELD,Field_2,0,TERMINATED,Field_3,0,TERMINATED,Field_1,136,0.18,0,4,178,0.29,0,6,173,0.04,0,3
177,490,0,0,0,0,1,11,0,TERMINATED,Field_3,0,TERMINATED,Field_2,0,TERMINATED,Field_3,0,TERMINATED,Field_2,0,TERMINATED,Field_2,0,TERMINATED,Charger_1,0,TERMINATED,Field_3,0,TERMINATED,Charger_1,0,TERMINATED,Field_3,0.05,MOVING_TO_FIELD,Field_2,0,TERMINATED,Field_3,0,TERMINATED,Field_1,136,0.18,0,4,180,0.29,0,6,174,0.04,0,3
178,491,1,0,0,0,0,11,0,TERMINATED,Field_3,0,TERMINATED,Field_2,0,TERMINATED,Field_3,0,TERMINATED,Field_2,0,TERMINATED,Field_2,0,TERMINATED,Charger_1,0,TERMINATED,Field_3,0,TERMINATED,Charger_1,0,TERMINATED,Field_3,0.05,IDLE,,0,TERMINATED,Field_3,0,TERMINATED,Field_1,136,0.19,0,4,180,0.29,0,6,175,0.02,0,3
179,494,0,0,0,1,0,11,0,TERMINATED,Field_3,0,TERMINATED,Field_2,0,TERMINATED,Field_3,0,TERMINATED,Field_2,0,TERMINATED,Field_2,0,TERMINATED,Charger_1,0,TERMINATED,Field_3,0,TERMINATED,Charger_1,0,TERMINATED,Field_3,0.04,MOVING_TO_CHARGER,Charger_1,0,TERMINATED,Field_3,0,TERMINATED,Field_1,138,0.19,0,4,181,0.30,0,6,175,0.01,0,3
180,499,0,0,0,0,1,11,0,TERMINATED,Field_3,0,TERMINATED,Field_2,0,TERMINATED,Field_3,0,TERMINATED,Field_2,0,TERMINATED,Field_2,0,TERMINATED,Charger_1,0,TERMINATED,Field_3,0,TERMINATED,Charger_1,0,TERMINATED,Field_3,0.03,MOVING_TO_FIELD,Field_2,0,TERMINATED,Field_3,0,TERMINATED,Field_1,140,0.19,0,4,184,0.30,0,6,175,0.02,0,3
181,501,0,0,0,0,1,11,0,TERMINATED,Field_3,0,TERMINATED,Field_2,0,TERMINATED,Field_3,0,TERMINATED,Field_2,0,TERMINATED,Field_2,0,TERMINATED,Charger_1,0,TERMINATED,Field_3,0,TERMINATED,Charger_1,0,TERMINATED,Field_3,0.02,MOVING_TO_FIELD,Field_2,0,TERMINATED,Field_3,0,TERMINATED,Field_1,141,0.18,0,4,185,0.30,0,6,175,0.02,0,3
182,504,0,0,0,0,1,11,0,TERMINATED,Field_3,0,TERMINATED,Field_2,0,TERMINATED,Field_3,0,TERMINATED,Field_2,0,TERMINATED,Field_2,0,TERMINATED,Charger_1,0,TERMINATED,Field_3,0,TERMINATED,Charger_1,0,TERMINATED,Field_3,0.01,MOVING_TO_FIELD,Field_2,0,TERMINATED,Field_3,0,TERMINATED,Field_1,143,0.17,0,4,186,0.30,0,6,175,0.02,0,3
183,509,0,0,0,0,0,12,0,TERMINATED,Field_3,0,TERMINATED,Field_2,0,TERMINATED,Field_3,0,TERMINATED,Field_2,0,TERMINATED,Field_2,0,TERMINATED,Charger_1,0,TERMINATED,Field_3,0,TERMINATED,Charger_1,0,TERMINATED,Field_3,0,TERMINATED,Field_2,0,TERMINATED,Field_3,0,TERMINATED,Field_1,146,0.16,0,4,188,0.30,0,6,175,0.02,0,3
184,512,0,0,0,0,0,12,0,TERMINATED,Field_3,0,TERMINATED,Field_2,0,TERMINATED,Field_3,0,TERMINATED,Field_2,0,TERMINATED,Field_2,0,TERMINATED,Charger_1,0,TERMINATED,Field_3,0,TERMINATED,Charger_1,0,TERMINATED,Field_3,0,TERMINATED,Field_2,0,TERMINATED,Field_3,0,TERMINATED,Field_1,148,0.18,0,4,189,0.31,0,6,175,0.02,0,3
185,521,0,0,0,0,0,12,0,TERMINATED,Field_3,0,TERMINATED,Field_2,0,TERMINATED,Field_3,0,TERMINATED,Field_2,0,TERMINATED,Field_2,0,TERMINATED,Charger_1,0,TERMINATED,Field_3,0,TERMINATED,Charger_1,0,TERMINATED,Field_3,0,TERMINATED,Field_2,0,TERMINATED,Field_3,0,TERMINATED,Field_1,151,0.18,0,4,194,0.31,0,6,176,0.02,0,3
186,522,0,0,0,0,0,12,0,TERMINATED,Field_3,0,TERMINATED,Field_2,0,TERMINATED,Field_3,0,TERMINATED,Field_2,0,TERMINATED,Field_2,0,TERMINATED,Charger_1,0,TERMINATED,Field_3,0,TERMINATED,Charger_1,0,TERMINATED,Field_3,0,TERMINATED,Field_2,0,TERMINATED,Field_3,0,TERMINATED,Field_1,152,0.18,0,4,194,0.30,0,6,176,0.03,0,3
187,524,0,0,0,0,0,12,0,TERMINATED,Field_3,0,TERMINATED,Field_2,0,TERMINATED,Field_3,0,TERMINATED,Field_2,0,TERMINATED,Field_2,0,TERMINATED,Charger_1,0,TERMINATED,Field_3,0,TERMINATED,Charger_1,0,TERMINATED,Field_3,0,TERMINATED,Field_2,0,TERMINATED,Field_3,0,TERMINATED,Field_1,153,0.18,0,4,195,0.30,0,6,176,0.03,0,3
188,529,0,0,0,0,0,12,0,TERMINATED,Field_3,0,TERMINATED,Field_2,0,TERMINATED,Field_3,0,TERMINATED,Field_2,0,TERMINATED,Field_2,0,TERMINATED,Charger_1,0,TERMINATED,Field_3,0,TERMINATED,Charger_1,0,TERMINATED,Field_3,0,TERMINATED,Field_2,0,TERMINATED,Field_3,0,TERMINATED,Field_1,155,0.18,0,4,198,0.29,0,6,176,0.07,0,3
189,534,0,0,0,0,0,12,0,TERMINATED,Field_3,0,TERMINATED,Field_2,0,TERMINATED,Field_3,0,TERMINATED,Field_2,0,TERMINATED,Field_2,0,TERMINATED,Charger_1,0,TERMINATED,Field_3,0,TERMINATED,Charger_1,0,TERMINATED,Field_3,0,TERMINATED,Field_2,0,TERMINATED,Field_3,0,TERMINATED,Field_1,157,0.20,0,4,199,0.27,0,6,178,0.06,0,3
190,537,0,0,0,0,0,12,0,TERMINATED,Field_3,0,TERMINATED,Field_2,0,TERMINATED,Field_3,0,TERMINATED,Field_2,0,TERMINATED,Field_2,0,TERMINATED,Charger_1,0,TERMINATED,Field_3,0,TERMINATED,Charger_1,0,TERMINATED,Field_3,0,TERMINATED,Field_2,0,TERMINATED,Field_3,0,TERMINATED,Field_1,158,0.19,0,4,200,0.27,0,6,179,0.05,0,3
191,538,0,0,0,0,0,12,0,TERMINATED,Field_3,0,TERMINATED,Field_2,0,TERMINATED,Field_3,0,TERMINATED,Field_2,0,TERMINATED,Field_2,0,TERMINATED,Charger_1,0,TERMINATED,Field_3,0,TERMINATED,Charger_1,0,TERMINATED,Field_3,0,TERMINATED,Field_2,0,TERMINATED,Field_3,0,TERMINATED,Field_1,158,0.19,0,4,201,0.27,0,6,179,0.06,0,3
192,539,0,0,0,0,0,12,0,TERMINATED,Field_3,0,TERMINATED,Field_2,0,TERMINATED,Field_3,0,TERMINATED,Field_2,0,TERMINATED,Field_2,0,TERMINATED,Charger_1,0,TERMINATED,Field_3,0,TERMINATED,Charger_1,0,TERMINATED,Field_3,0,TERMINATED,Field_2,0,TERMINATED,Field_3,0,TERMINATED,Field_1,158,0.18,0,4,202,0.29,0,6,179,0.06,0,3
193,540,0,0,0,0,0,12,0,TERMINATED,Field_3,0,TERMINATED,Field_2,0,TERMINATED,Field_3,0,TERMINATED,Field_2,0,TERMINATED,Field_2,0,TERMINATED,Charger_1,0,TERMINATED,Field_3,0,TERMINATED,Charger_1,0,TERMINATED,Field_3,0,TERMINATED,Field_2,0,TERMINATED,Field_3,0,TERMINATED,Field_1,158,0.18,0,4,202,0.30,0,6,180,0.06,0,3
194,541,0,0,0,0,0,12,0,TERMINATED,Field_3,0,TERMINATED,Field_2,0,TERMINATED,Field_3,0,TERMINATED,Field_2,0,TERMINATED,Field_2,0,TERMINATED,Charger_1,0,TERMINATED,Field_3,0,TERMINATED,Charger_1,0,TERMINATED,Field_3,0,TERMINATED,Field_2,0,TERMINATED,Field_3,0,TERMINATED,Field_1,158,0.19,0,4,203,0.28,0,6,180,0.07,0,3
195,545,0,0,0,0,0,12,0,TERMINATED,Field_3,0,TERMINATED,Field_2,0,TERMINATED,Field_3,0,TERMINATED,Field_2,0,TERMINATED,Field_2,0,TERMINATED,Charger_1,0,TERMINATED,Field_3,0,TERMINATED,Charger_1,0,TERMINATED,Field_3,0,TERMINATED,Field_2,0,TERMINATED,Field_3,0,TERMINATED,Field_1,161,0.18,0,4,204,0.27,0,6,180,0.08,0,3
196,551,0,0,0,0,0,12,0,TERMINATED,Field_3,0,TERMINATED,Field_2,0,TERMINATED,Field_3,0,TERMINATED,Field_2,0,TERMINATED,Field_2,0,TERMINATED,Charger_1,0,TERMINATED,Field_3,0,TERMINATED,Charger_1,0,TERMINATED,Field_3,0,TERMINATED,Field_2,0,TERMINATED,Field_3,0,TERMINATED,Field_1,164,0.16,0,4,205,0.27,0,6,182,0.08,0,3
197,553,0,0,0,0,0,12,0,TERMINATED,Field_3,0,TERMINATED,Field_2,0,TERMINATED,Field_3,0,TERMINATED,Field_2,0,TERMINATED,Field_2,0,TERMINATED,Charger_1,0,TERMINATED,Field_3,0,TERMINATED,Charger_1,0,TERMINATED,Field_3,0,TERMINATED,Field_2,0,TERMINATED,Field_3,0,TERMINATED,Field_1,165,0.17,0,4,206,0.25,0,6,182,0.09,0,3
198,554,0,0,0,0,0,12,0,TERMINATED,Field_3,0,TERMINATED,Field_2,0,TERMINATED,Field_3,0,TERMINATED,Field_2,0,TERMINATED,Field_2,0,TERMINATED,Charger_1,0,TERMINATED,Field_3,0,TERMINATED,Charger_1,0,TERMINATED,Field_3,0,TERMINATED,Field_2,0,TERMINATED,Field_3,0,TERMINATED,Field_1,166,0.19,0,4,206,0.24,0,6,182,0.11,0,3
199,556,0,0,0,0,0,12,0,TERMINATED,Field_3,0,TERMINATED,Field_2,0,TERMINATED,Field_3,0,TERMINATED,Field_2,0,TERMINATED,Field_2,0,TERMINATED,Charger_1,0,TERMINATED,Field_3,0,TERMINATED,Charger_1,0,TERMINATED,Field_3,0,TERMINATED,Field_2,0,TERMINATED,Field_3,0,TERMINATED,Field_1,167,0.19,0,4,207,0.22,0,6,182,0.11,0,3
200,560,0,0,0,0,0,12,0,TERMINATED,Field_3,0,TERMINATED,Field_2,0,TERMINATED,Field_3,0,TERMINATED,Field_2,0,TERMINATED,Field_2,0,TERMINATED,Charger_1,0,TERMINATED,Field_3,0,TERMINATED,Charger_1,0,TERMINATED,Field_3,0,TERMINATED,Field_2,0,TERMINATED,Field_3,0,TERMINATED,Field_1,168,0.19,0,4,208,0.21,0,6,184,0.10,0,3
201,561,0,0,0,0,0,12,0,TERMINATED,Field_3,0,TERMINATED,Field_2,0,TERMINATED,Field_3,0,TERMINATED,Field_2,0,TERMINATED,Field_2,0,TERMINATED,Charger_1,0,TERMINATED,Field_3,0,TERMINATED,Charger_1,0,TERMINATED,Field_3,0,TERMINATED,Field_2,0,TERMINATED,Field_3,0,TERMINATED,Field_1,168,0.20,0,4,209,0.22,0,6,184,0.11,0,3
202,563,0,0,0,0,0,12,0,TERMINATED,Field_3,0,TERMINATED,Field_2,0,TERMINATED,Field_3,0,TERMINATED,Field_2,0,TERMINATED,Field_2,0,TERMINATED,Charger_1,0,TERMINATED,Field_3,0,TERMINATED,Charger_1,0,TERMINATED,Field_3,0,TERMINATED,Field_2,0,TERMINATED,Field_3,0,TERMINATED,Field_1,169,0.20,0,4,209,0.22,0,6,185,0.11,0,3
203,566,0,0,0,0,0,12,0,TERMINATED,Field_3,0,TERMINATED,Field_2,0,TERMINATED,Field_3,0,TERMINATED,Field_2,0,TERMINATED,Field_2,0,TERMINATED,Charger_1,0,TERMINATED,Field_3,0,TERMINATED,Charger_1,0,TERMINATED,Field_3,0,TERMINATED,Field_2,0,TERMINATED,Field_3,0,TERMINATED,Field_1,170,0.19,0,4,210,0.22,0,6,186,0.11,0,3
204,567,0,0,0,0,0,12,0,TERMINATED,Field_3,0,TERMINATED,Field_2,0,TERMINATED,Field_3,0,TERMINATED,Field_2,0,TERMINATED,Field_2,0,TERMINATED,Charger_1,0,TERMINATED,Field_3,0,TERMINATED,Charger_1,0,TERMINATED,Field_3,0,TERMINATED,Field_2,0,TERMINATED,Field_3,0,TERMINATED,Field_1,170,0.21,0,4,211,0.21,0,6,186,0.11,0,3
205,570,0,0,0,0,0,12,0,TERMINATED,Field_3,0,TERMINATED,Field_2,0,TERMINATED,Field_3,0,TERMINATED,Field_2,0,TERMINATED,Field_2,0,TERMINATED,Charger_1,0,TERMINATED,Field_3,0,TERMINATED,Charger_1,0,TERMINATED,Field_3,0,TERMINATED,Field_2,0,TERMINATED,Field_3,0,TERMINATED,Field_1,171,0.20,0,4,213,0.22,0,6,186,0.11,0,3
206,571,0,0,0,0,0,12,0,TERMINATED,Field_3,0,TERMINATED,Field_2,0,TERMINATED,Field_3,0,TERMINATED,Field_2,0,TERMINATED,Field_2,0,TERMINATED,Charger_1,0,TERMINATED,Field_3,0,TERMINATED,Charger_1,0,TERMINATED,Field_3,0,TERMINATED,Field_2,0,TERMINATED,Field_3,0,TERMINATED,Field_1,171,0.20,0,4,214,0.22,0,6,186,0.11,0,3
207,574,0,0,0,0,0,12,0,TERMINATED,Field_3,0,TERMINATED,Field_2,0,TERMINATED,Field_3,0,TERMINATED,Field_2,0,TERMINATED,Field_2,0,TERMINATED,Charger_1,0,TERMINATED,Field_3,0,TERMINATED,Charger_1,0,TERMINATED,Field_3,0,TERMINATED,Field_2,0,TERMINATED,Field_3,0,TERMINATED,Field_1,173,0.19,0,4,215,0.23,0,6,186,0.11,0,3
208,577,0,0,0,0,0,12,0,TERMINATED,Field_3,0,TERMINATED,Field_2,0,TERMINATED,Field_3,0,TERMINATED,Field_2,0,TERMINATED,Field_2,0,TERMINATED,Charger_1,0,TERMINATED,Field_3,0,TERMINATED,Charger_1,0,TERMINATED,Field_3,0,TERMINATED,Field_2,0,TERMINATED,Field_3,0,TERMINATED,Field_1,174,0.19,0,4,216,0.23,0,6,187,0.11,0,3
209,579,0,0,0,0,0,12,0,TERMINATED,Field_3,0,TERMINATED,Field_2,0,TERMINATED,Field_3,0,TERMINATED,Field_2,0,TERMINATED,Field_2,0,TERMINATED,Charger_1,0,TERMINATED,Field_3,0,TERMINATED,Charger_1,0,TERMINATED,Field_3,0,TERMINATED,Field_2,0,TERMINATED,Field_3,0,TERMINATED,Field_1,175,0.19,0,4,217,0.23,0,6,187,0.11,0,3
210,583,0,0,0,0,0,12,0,TERMINATED,Field_3,0,TERMINATED,Field_2,0,TERMINATED,Field_3,0,TERMINATED,Field_2,0,TERMINATED,Field_2,0,TERMINATED,Charger_1,0,TERMINATED,Field_3,0,TERMINATED,Charger_1,0,TERMINATED,Field_3,0,TERMINATED,Field_2,0,TERMINATED,Field_3,0,TERMINATED,Field_1,178,0.19,0,4,217,0.22,0,6,188,0.11,0,3
211,583,0,0,0,0,0,12,0,TERMINATED,Field_3,0,TERMINATED,Field_2,0,TERMINATED,Field_3,0,TERMINATED,Field_2,0,TERMINATED,Field_2,0,TERMINATED,Charger_1,0,TERMINATED,Field_3,0,TERMINATED,Charger_1,0,TERMINATED,Field_3,0,TERMINATED,Field_2,0,TERMINATED,Field_3,0,TERMINATED,Field_1,178,0.19,0,4,217,0.22,0,6,188,0.12,0,3
212,585,0,0,0,0,0,12,0,TERMINATED,Field_3,0,TERMINATED,Field_2,0,TERMINATED,Field_3,0,TERMINATED,Field_2,0,TERMINATED,Field_2,0,TERMINATED,Charger_1,0,TERMINATED,Field_3,0,TERMINATED,Charger_1,0,TERMINATED,Field_3,0,TERMINATED,Field_2,0,TERMINATED,Field_3,0,TERMINATED,Field_1,179,0.20,0,4,217,0.21,0,6,189,0.12,0,3
213,586,0,0,0,0,0,12,0,TERMINATED,Field_3,0,TERMINATED,Field_2,0,TERMINATED,Field_3,0,TERMINATED,Field_2,0,TERMINATED,Field_2,0,TERMINATED,Charger_1,0,TERMINATED,Field_3,0,TERMINATED,Charger_1,0,TERMINATED,Field_3,0,TERMINATED,Field_2,0,TERMINATED,Field_3,0,TERMINATED,Field_1,180,0.20,0,4,217,0.21,0,6,189,0.12,0,3
214,590,0,0,0,0,0,12,0,TERMINATED,Field_3,0,TERMINATED,Field_2,0,TERMINATED,Field_3,0,TERMINATED,Field_2,0,TERMINATED,Field_2,0,TERMINATED,Charger_1,0,TERMINATED,Field_3,0,TERMINATED,Charger_1,0,TERMINATED,Field_3,0,TERMINATED,Field_2,0,TERMINATED,Field_3,0,TERMINATED,Field_1,182,0.20,0,4,217,0.20,0,6,191,0.13,0,3
215,592,0,0,0,0,0,12,0,TERMINATED,Field_3,0,TERMINATED,Field_2,0,TERMINATED,Field_3,0,TERMINATED,Field_2,0,TERMINATED,Field_2,0,TERMINATED,Charger_1,0,TERMINATED,Field_3,0,TERMINATED,Charger_1,0,TERMINATED,Field_3,0,TERMINATED,Field_2,0,TERMINATED,Field_3,0,TERMINATED,Field_1,184,0.22,0,4,217,0.20,0,6,191,0.14,0,3
216,600,0,0,0,0,0,12,0,TERMINATED,Field_3,0,TERMINATED,Field_2,0,TERMINATED,Field_3,0,TERMINATED,Field_2,0,TERMINATED,Field_2,0,TERMINATED,Charger_1,0,TERMINATED,Field_3,0,TERMINATED,Charger_1,0,TERMINATED,Field_3,0,TERMINATED,Field_2,0,TERMINATED,Field_3,0,TERMINATED,Field_1,187,0.24,0,4,222,0.20,0,6,191,0.14,0,3
217,601,0,0,0,0,0,12,0,TERMINATED,Field_3,0,TERMINATED,Field_2,0,TERMINATED,Field_3,0,TERMINATED,Field_2,0,TERMINATED,Field_2,0,TERMINATED,Charger_1,0,TERMINATED,Field_3,0,TERMINATED,Charger_1,0,TERMINATED,Field_3,0,TERMINATED,Field_2,0,TERMINATED,Field_3,0,TERMINATED,Field_1,187,0.21,0,4,222,0.20,0,6,192,0.15,0,3
218,603,0,0,0,0,0,12,0,TERMINATED,Field_3,0,TERMINATED,Field_2,0,TERMINATED,Field_3,0,TERMINATED,Field_2,0,TERMINATED,Field_2,0,TERMINATED,Charger_1,0,TERMINATED,Field_3,0,TERMINATED,Charger_1,0,TERMINATED,Field_3,0,TERMINATED,Field_2,0,TERMINATED,Field_3,0,TERMINATED,Field_1,189,0.21,0,4,222,0.18,0,6,192,0.13,0,3
219,605,0,0,0,0,0,12,0,TERMINATED,Field_3,0,TERMINATED,Field_2,0,TERMINATED,Field_3,0,TERMINATED,Field_2,0,TERMINATED,Field_2,0,TERMINATED,Charger_1,0,TERMINATED,Field_3,0,TERMINATED,Charger_1,0,TERMINATED,Field_3,0,TERMINATED,Field_2,0,TERMINATED,Field_3,0,TERMINATED,Field_1,190,0.21,0,4,223,0.18,0,6,192,0.13,0,3
220,606,0,0,0,0,0,12,0,TERMINATED,Field_3,0,TERMINATED,Field_2,0,TERMINATED,Field_3,0,TERMINATED,Field_2,0,TERMINATED,Field_2,0,TERMINATED,Charger_1,0,TERMINATED,Field_3,0,TERMINATED,Charger_1,0,TERMINATED,Field_3,0,TERMINATED,Field_2,0,TERMINATED,Field_3,0,TERMINATED,Field_1,191,0.21,0,4,223,0.17,0,6,192,0.12,0,3
221,609,0,0,0,0,0,12,0,TERMINATED,Field_3,0,TERMINATED,Field_2,0,TERMINATED,Field_3,0,TERMINATED,Field_2,0,TERMINATED,Field_2,0,TERMINATED,Charger_1,0,TERMINATED,Field_3,0,TERMINATED,Charger_1,0,TERMINATED,Field_3,0,TERMINATED,Field_2,0,TERMINATED,Field_3,0,TERMINATED,Field_1,193,0.23,0,4,224,0.17,0,6,192,0.11,0,3
222,610,0,0,0,0,0,12,0,TERMINATED,Field_3,0,TERMINATED,Field_2,0,TERMINATED,Field_3,0,TERMINATED,Field_2,0,TERMINATED,Field_2,0,TERMINATED,Charger_1,0,TERMINATED,Field_3,0,TERMINATED,Charger_1,0,TERMINATED,Field_3,0,TERMINATED,Field_2,0,TERMINATED,Field_3,0,TERMINATED,Field_1,194,0.23,0,4,224,0.17,0,6,192,0.10,0,3
223,611,0,0,0,0,0,12,0,TERMINATED,Field_3,0,TERMINATED,Field_2,0,TERMINATED,Field_3,0,TERMINATED,Field_2,0,TERMINATED,Field_2,0,TERMINATED,Charger_1,0,TERMINATED,Field_3,0,TERMINATED,Charger_1,0,TERMINATED,Field_3,0,TERMINATED,Field_2,0,TERMINATED,Field_3,0,TERMINATED,Field_1,194,0.23,0,4,225,0.17,0,6,192,0.10,0,3
224,612,0,0,0,0,0,12,0,TERMINATED,Field_3,0,TERMINATED,Field_2,0,TERMINATED,Field_3,0,TERMINATED,Field_2,0,TERMINATED,Field_2,0,TERMINATED,Charger_1,0,TERMINATED,Field_3,0,TERMINATED,Charger_1,0,TERMINATED,Field_3,0,TERMINATED,Field_2,0,TERMINATED,Field_3,0,TERMINATED,Field_1,194,0.23,0,4,226,0.17,0,6,192,0.10,0,3
225,612,0,0,0,0,0,12,0,TERMINATED,Field_3,0,TERMINATED,Field_2,0,TERMINATED,Field_3,0,TERMINATED,Field_2,0,TERMINATED,Field_2,0,TERMINATED,Charger_1,0,TERMINATED,Field_3,0,TERMINATED,Charger_1,0,TERMINATED,Field_3,0,TERMINATED,Field_2,0,TERMINATED,Field_3,0,TERMINATED,Field_1,194,0.24,0,4,226,0.17,0,6,192,0.09,0,3
226,613,0,0,0,0,0,12,0,TERMINATED,Field_3,0,TERMINATED,Field_2,0,TERMINATED,Field_3,0,TERMINATED,Field_2,0,TERMINATED,Field_2,0,TERMINATED,Charger_1,0,TERMINATED,Field_3,0,TERMINATED,Charger_1,0,TERMINATED,Field_3,0,TERMINATED,Field_2,0,TERMINATED,Field_3,0,TERMINATED,Field_1,195,0.23,0,4,226,0.16,0,6,192,0.09,0,3
227,615,0,0,0,0,0,12,0,TERMINATED,Field_3,0,TERMINATED,Field_2,0,TERMINATED,Field_3,0,TERMINATED,Field_2,0,TERMINATED,Field_2,0,TERMINATED,Charger_1,0,TERMINATED,Field_3,0,TERMINATED,Charger_1,0,TERMINATED,Field_3,0,TERMINATED,Field_2,0,TERMINATED,Field_3,0,TERMINATED,Field_1,196,0.24,0,4,227,0.15,0,6,192,0.07,0,3
228,617,0,0,0,0,0,12,0,TERMINATED,Field_3,0,TERMINATED,Field_2,0,TERMINATED,Field_3,0,TERMINATED,Field_2,0,TERMINATED,Field_2,0,TERMINATED,Charger_1,0,TERMINATED,Field_3,0,TERMINATED,Charger_1,0,TERMINATED,Field_3,0,TERMINATED,Field_2,0,TERMINATED,Field_3,0,TERMINATED,Field_1,197,0.23,0,4,228,0.15,0,6,192,0.06,0,3
229,619,0,0,0,0,0,12,0,TERMINATED,Field_3,0,TERMINATED,Field_2,0,TERMINATED,Field_3,0,TERMINATED,Field_2,0,TERMINATED,Field_2,0,TERMINATED,Charger_1,0,TERMINATED,Field_3,0,TERMINATED,Charger_1,0,TERMINATED,Field_3,0,TERMINATED,Field_2,0,TERMINATED,Field_3,0,TERMINATED,Field_1,198,0.22,0,4,229,0.15,0,6,192,0.07,0,3
230,620,0,0,0,0,0,12,0,TERMINATED,Field_3,0,TERMINATED,Field_2,0,TERMINATED,Field_3,0,TERMINATED,Field_2,0,TERMINATED,Field_2,0,TERMINATED,Charger_1,0,TERMINATED,Field_3,0,TERMINATED,Charger_1,0,TERMINATED,Field_3,0,TERMINATED,Field_2,0,TERMINATED,Field_3,0,TERMINATED,Field_1,199,0.21,0,4,229,0.16,0,6,192,0.07,0,3
231,622,0,0,0,0,0,12,0,TERMINATED,Field_3,0,TERMINATED,Field_2,0,TERMINATED,Field_3,0,TERMINATED,Field_2,0,TERMINATED,Field_2,0,TERMINATED,Charger_1,0,TERMINATED,Field_3,0,TERMINATED,Charger_1,0,TERMINATED,Field_3,0,TERMINATED,Field_2,0,TERMINATED,Field_3,0,TERMINATED,Field_1,201,0.21,0,4,229,0.15,0,6,192,0.06,0,3
232,624,0,0,0,0,0,12,0,TERMINATED,Field_3,0,TERMINATED,Field_2,0,TERMINATED,Field_3,0,TERMINATED,Field_2,0,TERMINATED,Field_2,0,TERMINATED,Charger_1,0,TERMINATED,Field_3,0,TERMINATED,Charger_1,0,TERMINATED,Field_3,0,TERMINATED,Field_2,0,TERMINATED,Field_3,0,TERMINATED,Field_1,201,0.21,0,4,231,0.15,0,6,192,0.04,0,3
233,625,0,0,0,0,0,12,0,TERMINATED,Field_3,0,TERMINATED,Field_2,0,TERMINATED,Field_3,0,TERMINATED,Field_2,0,TERMINATED,Field_2,0,TERMINATED,Charger_1,0,TERMINATED,Field_3,0,TERMINATED,Charger_1,0,TERMINATED,Field_3,0,TERMINATED,Field_2,0,TERMINATED,Field_3,0,TERMINATED,Field_1,202,0.20,0,4,231,0.17,0,6,192,0.04,0,3
234,626,0,0,0,0,0,12,0,TERMINATED,Field_3,0,TERMINATED,Field_2,0,TERMINATED,Field_3,0,TERMINATED,Field_2,0,TERMINATED,Field_2,0,TERMINATED,Charger_1,0,TERMINATED,Field_3,0,TERMINATED,Charger_1,0,TERMINATED,Field_3,0,TERMINATED,Field_2,0,TERMINATED,Field_3,0,TERMINATED,Field_1,203,0.19,0,4,231,0.17,0,6,192,0.05,0,3
235,629,0,0,0,0,0,12,0,TERMINATED,Field_3,0,TERMINATED,Field_2,0,TERMINATED,Field_3,0,TERMINATED,Field_2,0,TERMINATED,Field_2,0,TERMINATED,Charger_1,0,TERMINATED,Field_3,0,TERMINATED,Charger_1,0,TERMINATED,Field_3,0,TERMINATED,Field_2,0,TERMINATED,Field_3,0,TERMINATED,Field_1,206,0.20,0,4,231,0.17,0,6,192,0.06,0,3
236,630,0,0,0,0,0,12,0,TERMINATED,Field_3,0,TERMINATED,Field_2,0,TERMINATED,Field_3,0,TERMINATED,Field_2,0,TERMINATED,Field_2,0,TERMINATED,Charger_1,0,TERMINATED,Field_3,0,TERMINATED,Charger_1,0,TERMINATED,Field_3,0,TERMINATED,Field_2,0,TERMINATED,Field_3,0,TERMINATED,Field_1,207,0.20,0,4,231,0.17,0,6,192,0.04,0,3
237,632,0,0,0,0,0,12,0,TERMINATED,Field_3,0,TERMINATED,Field_2,0,TERMINATED,Field_3,0,TERMINATED,Field_2,0,TERMINATED,Field_2,0,TERMINATED,Charger_1,0,TERMINATED,Field_3,0,TERMINATED,Charger_1,0,TERMINATED,Field_3,0,TERMINATED,Field_2,0,TERMINATED,Field_3,0,TERMINATED,Field_1,208,0.20,0,4,232,0.17,0,6,192,0.04,0,3
238,633,0,0,0,0,0,12,0,TERMINATED,Field_3,0,TERMINATED,Field_2,0,TERMINATED,Field_3,0,TERMINATED,Field_2,0,TERMINATED,Field_2,0,TERMINATED,Charger_1,0,TERMINATED,Field_3,0,TERMINATED,Charger_1,0,TERMINATED,Field_3,0,TERMINATED,Field_2,0,TERMINATED,Field_3,0,TERMINATED,Field_1,208,0.18,0,4,233,0.17,0,6,192,0.04,0,3
239,633,0,0,0,0,0,12,0,TERMINATED,Field_3,0,TERMINATED,Field_2,0,TERMINATED,Field_3,0,TERMINATED,Field_2,0,TERMINATED,Field_2,0,TERMINATED,Charger_1,0,TERMINATED,Field_3,0,TERMINATED,Charger_1,0,TERMINATED,Field_3,0,TERMINATED,Field_2,0,TERMINATED,Field_3,0,TERMINATED,Field_1,208,0.17,0,4,233,0.18,0,6,192,0.04,0,3
240,634,0,0,0,0,0,12,0,TERMINATED,Field_3,0,TERMINATED,Field_2,0,TERMINATED,Field_3,0,TERMINATED,Field_2,0,TERMINATED,Field_2,0,TERMINATED,Charger_1,0,TERMINATED,Field_3,0,TERMINATED,Charger_1,0,TERMINATED,Field_3,0,TERMINATED,Field_2,0,TERMINATED,Field_3,0,TERMINATED,Field_1,208,0.18,0,4,234,0.19,0,6,192,0.05,0,3
241,634,0,0,0,0,0,12,0,TERMINATED,Field_3,0,TERMINATED,Field_2,0,TERMINATED,Field_3,0,TERMINATED,Field_2,0,TERMINATED,Field_2,0,TERMINATED,Charger_1,0,TERMINATED,Field_3,0,TERMINATED,Charger_1,0,TERMINATED,Field_3,0,TERMINATED,Field_2,0,TERMINATED,Field_3,0,TERMINATED,Field_1,208,0.18,0,4,234,0.19,0,6,192,0.05,0,3
242,637,0,0,0,0,0,12,0,TERMINATED,Field_3,0,TERMINATED,Field_2,0,TERMINATED,Field_3,0,TERMINATED,Field_2,0,TERMINATED,Field_2,0,TERMINATED,Charger_1,0,TERMINATED,Field_3,0,TERMINATED,Charger_1,0,TERMINATED,Field_3,0,TERMINATED,Field_2,0,TERMINATED,Field_3,0,TERMINATED,Field_1,209,0.17,0,4,236,0.19,0,6,192,0.06,0,3
243,638,0,0,0,0,0,12,0,TERMINATED,Field_3,0,TERMINATED,Field_2,0,TERMINATED,Field_3,0,TERMINATED,Field_2,0,TERMINATED,Field_2,0,TERMINATED,Charger_1,0,TERMINATED,Field_3,0,TERMINATED,Charger_1,0,TERMINATED,Field_3,0,TERMINATED,Field_2,0,TERMINATED,Field_3,0,TERMINATED,Field_1,210,0.20,0,4,236,0.18,0,6,192,0.06,0,3
244,642,0,0,0,0,0,12,0,TERMINATED,Field_3,0,TERMINATED,Field_2,0,TERMINATED,Field_3,0,TERMINATED,Field_2,0,TERMINATED,Field_2,0,TERMINATED,Charger_1,0,TERMINATED,Field_3,0,TERMINATED,Charger_1,0,TERMINATED,Field_3,0,TERMINATED,Field_2,0,TERMINATED,Field_3,0,TERMINATED,Field_1,213,0.20,0,4,237,0.17,0,6,192,0.03,0,3
245,644,0,0,0,0,0,12,0,TERMINATED,Field_3,0,TERMINATED,Field_2,0,TERMINATED,Field_3,0,TERMINATED,Field_2,0,TERMINATED,Field_2,0,TERMINATED,Charger_1,0,TERMINATED,Field_3,0,TERMINATED,Charger_1,0,TERMINATED,Field_3,0,TERMINATED,Field_2,0,TERMINATED,Field_3,0,TERMINATED,Field_1,215,0.20,0,4,237,0.17,0,6,192,0.03,0,3
246,646,0,0,0,0,0,12,0,TERMINATED,Field_3,0,TERMINATED,Field_2,0,TERMINATED,Field_3,0,TERMINATED,Field_2,0,TERMINATED,Field_2,0,TERMINATED,Charger_1,0,TERMINATED,Field_3,0,TERMINATED,Charger_1,0,TERMINATED,Field_3,0,TERMINATED,Field_2,0,TERMINATED,Field_3,0,TERMINATED,Field_1,215,0.18,0,4,239,0.17,0,6,192,0.01,0,3
247,651,0,0,0,0,0,12,0,TERMINATED,Field_3,0,TERMINATED,Field_2,0,TERMINATED,Field_3,0,TERMINATED,Field_2,0,TERMINATED,Field_2,0,TERMINATED,Charger_1,0,TERMINATED,Field_3,0,TERMINATED,Charger_1,0,TERMINATED,Field_3,0,TERMINATED,Field_2,0,TERMINATED,Field_3,0,TERMINATED,Field_1,215,0.20,0,4,244,0.18,0,6,192,0.01,0,3
248,654,0,0,0,0,0,12,0,TERMINATED,Field_3,0,TERMINATED,Field_2,0,TERMINATED,Field_3,0,TERMINATED,Field_2,0,TERMINATED,Field_2,0,TERMINATED,Charger_1,0,TERMINATED,Field_3,0,TERMINATED,Charger_1,0,TERMINATED,Field_3,0,TERMINATED,Field_2,0,TERMINATED,Field_3,0,TERMINATED,Field_1,218,0.21,0,4,244,0.17,0,6,192,0.01,0,3
249,654,0,0,0,0,0,12,0,TERMINATED,Field_3,0,TERMINATED,Field_2,0,TERMINATED,Field_3,0,TERMINATED,Field_2,0,TERMINATED,Field_2,0,TERMINATED,Charger_1,0,TERMINATED,Field_3,0,TERMINATED,Charger_1,0,TERMINATED,Field_3,0,TERMINATED,Field_2,0,TERMINATED,Field_3,0,TERMINATED,Field_1,218,0.19,0,4,244,0.18,0,6,192,0.01,0,3
250,655,0,0,0,0,0,12,0,TERMINATED,Field_3,0,TERMINATED,Field_2,0,TERMINATED,Field_3,0,TERMINATED,Field_2,0,TERMINATED,Field_2,0,TERMINATED,Charger_1,0,TERMINATED,Field_3,0,TERMINATED,Charger_1,0,TERMINATED,Field_3,0,TERMINATED,Field_2,0,TERMINATED,Field_3,0,TERMINATED,Field_1,218,0.19,0,4,245,0.18,0,6,192,0.02,0,3
251,656,0,0,0,0,0,12,0,TERMINATED,Field_3,0,TERMINATED,Field_2,0,TERMINATED,Field_3,0,TERMINATED,Field_2,0,TERMINATED,Field_2,0,TERMINATED,Charger_1,0,TERMINATED,Field_3,0,TERMINATED,Charger_1,0,TERMINATED,Field_3,0,TERMINATED,Field_2,0,TERMINATED,Field_3,0,TERMINATED,Field_1,219,0.18,0,4,245,0.18,0,6,192,0.02,0,3
252,656,0,0,0,0,0,12,0,TERMINATED,Field_3,0,TERMINATED,Field_2,0,TERMINATED,Field_3,0,TERMINATED,Field_2,0,TERMINATED,Field_2,0,TERMINATED,Charger_1,0,TERMINATED,Field_3,0,TERMINATED,Charger_1,0,TERMINATED,Field_3,0,TERMINATED,Field_2,0,TERMINATED,Field_3,0,TERMINATED,Field_1,219,0.18,0,4,245,0.18,0,6,192,0.03,0,3
253,658,0,0,0,0,0,12,0,TERMINATED,Field_3,0,TERMINATED,Field_2,0,TERMINATED,Field_3,0,TERMINATED,Field_2,0,TERMINATED,Field_2,0,TERMINATED,Charger_1,0,TERMINATED,Field_3,0,TERMINATED,Charger_1,0,TERMINATED,Field_3,0,TERMINATED,Field_2,0,TERMINATED,Field_3,0,TERMINATED,Field_1,221,0.18,0,4,245,0.19,0,6,192,0.03,0,3
254,659,0,0,0,0,0,12,0,TERMINATED,Field_3,0,TERMINATED,Field_2,0,TERMINATED,Field_3,0,TERMINATED,Field_2,0,TERMINATED,Field_2,0,TERMINATED,Charger_1,0,TERMINATED,Field_3,0,TERMINATED,Charger_1,0,TERMINATED,Field_3,0,TERMINATED,Field_2,0,TERMINATED,Field_3,0,TERMINATED,Field_1,222,0.17,0,4,245,0.21,0,6,192,0.04,0,3
255,661,0,0,0,0,0,12,0,TERMINATED,Field_3,0,TERMINATED,Field_2,0,TERMINATED,Field_3,0,TERMINATED,Field_2,0,TERMINATED,Field_2,0,TERMINATED,Charger_1,0,TERMINATED,Field_3,0,TERMINATED,Charger_1,0,TERMINATED,Field_3,0,TERMINATED,Field_2,0,TERMINATED,Field_3,0,TERMINATED,Field_1,222,0.19,0,4,247,0.22,0,6,192,0.04,0,3
256,665,0,0,0,0,0,12,0,TERMINATED,Field_3,0,TERMINATED,Field_2,0,TERMINATED,Field_3,0,TERMINATED,Field_2,0,TERMINATED,Field_2,0,TERMINATED,Charger_1,0,TERMINATED,Field_3,0,TERMINATED,Charger_1,0,TERMINATED,Field_3,0,TERMINATED,Field_2,0,TERMINATED,Field_3,0,TERMINATED,Field_1,224,0.19,0,4,249,0.21,0,6,192,0.04,0,3
257,666,0,0,0,0,0,12,0,TERMINATED,Field_3,0,TERMINATED,Field_2,0,TERMINATED,Field_3,0,TERMINATED,Field_2,0,TERMINATED,Field_2,0,TERMINATED,Charger_1,0,TERMINATED,Field_3,0,TERMINATED,Charger_1,0,TERMINATED,Field_3,0,TERMINATED,Field_2,0,TERMINATED,Field_3,0,TERMINATED,Field_1,225,0.19,0,4,249,0.21,0,6,192,0.04,0,3
258,668,0,0,0,0,0,12,0,TERMINATED,Field_3,0,TERMINATED,Field_2,0,TERMINATED,Field_3,0,TERMINATED,Field_2,0,TERMINATED,Field_2,0,TERMINATED,Charger_1,0,TERMINATED,Field_3,0,TERMINATED,Charger_1,0,TERMINATED,Field_3,0,TERMINATED,Field_2,0,TERMINATED,Field_3,0,TERMINATED,Field_1,226,0.21,0,4,250,0.21,0,6,192,0.02,0,3
259,670,0,0,0,0,0,12,0,TERMINATED,Field_3,0,TERMINATED,Field_2,0,TERMINATED,Field_3,0,TERMINATED,Field_2,0,TERMINATED,Field_2,0,TERMINATED,Charger_1,0,TERMINATED,Field_3,0,TERMINATED,Charger_1,0,TERMINATED,Field_3,0,TERMINATED,Field_2,0,TERMINATED,Field_3,0,TERMINATED,Field_1,227,0.19,0,4,251,0.23,0,6,192,0.02,0,3
260,676,0,0,0,0,0,12,0,TERMINATED,Field_3,0,TERMINATED,Field_2,0,TERMINATED,Field_3,0,TERMINATED,Field_2,0,TERMINATED,Field_2,0,TERMINATED,Charger_1,0,TERMINATED,Field_3,0,TERMINATED,Charger_1,0,TERMINATED,Field_3,0,TERMINATED,Field_2,0,TERMINATED,Field_3,0,TERMINATED,Field_1,230,0.21,0,4,254,0.23,0,6,192,0.02,0,3
261,679,0,0,0,0,0,12,0,TERMINATED,Field_3,0,TERMINATED,Field_2,0,TERMINATED,Field_3,0,TERMINATED,Field_2,0,TERMINATED,Field_2,0,TERMINATED,Charger_1,0,TERMINATED,Field_3,0,TERMINATED,Charger_1,0,TERMINATED,Field_3,0,TERMINATED,Field_2,0,TERMINATED,Field_3,0,TERMINATED,Field_1,233,0.24,0,4,254,0.24,0,6,192,0.02,0,3
262,681,0,0,0,0,0,12,0,TERMINATED,Field_3,0,TERMINATED,Field_2,0,TERMINATED,Field_3,0,TERMINATED,Field_2,0,TERMINATED,Field_2,0,TERMINATED,Charger_1,0,TERMINATED,Field_3,0,TERMINATED,Charger_1,0,TERMINATED,Field_3,0,TERMINATED,Field_2,0,TERMINATED,Field_3,0,TERMINATED,Field_1,235,0.26,0,4,254,0.24,0,6,192,0.02,0,3
263,683,0,0,0,0,0,12,0,TERMINATED,Field_3,0,TERMINATED,Field_2,0,TERMINATED,Field_3,0,TERMINATED,Field_2,0,TERMINATED,Field_2,0,TERMINATED,Charger_1,0,TERMINATED,Field_3,0,TERMINATED,Charger_1,0,TERMINATED,Field_3,0,TERMINATED,Field_2,0,TERMINATED,Field_3,0,TERMINATED,Field_1,235,0.25,0,4,256,0.27,0,6,192,0.01,0,3
264,687,0,0,0,0,0,12,0,TERMINATED,Field_3,0,TERMINATED,Field_2,0,TERMINATED,Field_3,0,TERMINATED,Field_2,0,TERMINATED,Field_2,0,TERMINATED,Charger_1,0,TERMINATED,Field_3,0,TERMINATED,Charger_1,0,TERMINATED,Field_3,0,TERMINATED,Field_2,0,TERMINATED,Field_3,0,TERMINATED,Field_1,237,0.26,0,4,258,0.27,0,6,192,0.04,0,3
265,688,0,0,0,0,0,12,0,TERMINATED,Field_3,0,TERMINATED,Field_2,0,TERMINATED,Field_3,0,TERMINATED,Field_2,0,TERMINATED,Field_2,0,TERMINATED,Charger_1,0,TERMINATED,Field_3,0,TERMINATED,Charger_1,0,TERMINATED,Field_3,0,TERMINATED,Field_2,0,TERMINATED,Field_3,0,TERMINATED,Field_1,237,0.26,0,4,259,0.27,0,6,192,0.04,0,3
266,691,0,0,0,0,0,12,0,TERMINATED,Field_3,0,TERMINATED,Field_2,0,TERMINATED,Field_3,0,TERMINATED,Field_2,0,TERMINATED,Field_2,0,TERMINATED,Charger_1,0,TERMINATED,Field_3,0,TERMINATED,Charger_1,0,TERMINATED,Field_3,0,TERMINATED,Field_2,0,TERMINATED,Field_3,0,TERMINATED,Field_1,240,0.27,0,4,259,0.27,0,6,192,0.04,0,3
267,694,0,0,0,0,0,12,0,TERMINATED,Field_3,0,TERMINATED,Field_2,0,TERMINATED,Field_3,0,TERMINATED,Field_2,0,TERMINATED,Field_2,0,TERMINATED,Charger_1,0,TERMINATED,Field_3,0,TERMINATED,Charger_1,0,TERMINATED,Field_3,0,TERMINATED,Field_2,0,TERMINATED,Field_3,0,TERMINATED,Field_1,240,0.25,0,4,262,0.30,0,6,192,0.03,0,3
268,698,0,0,0,0,0,12,0,TERMINATED,Field_3,0,TERMINATED,Field_2,0,TERMINATED,Field_3,0,TERMINATED,Field_2,0,TERMINATED,Field_2,0,TERMINATED,Charger_1,0,TERMINATED,Field_3,0,TERMINATED,Charger_1,0,TERMINATED,Field_3,0,TERMINATED,Field_2,0,TERMINATED,Field_3,0,TERMINATED,Field_1,241,0.25,0,4,265,0.31,0,6,192,0.03,0,3
269,702,0,0,0,0,0,12,0,TERMINATED,Field_3,0,TERMINATED,Field_2,0,TERMINATED,Field_3,0,TERMINATED,Field_2,0,TERMINATED,Field_2,0,TERMINATED,Charger_1,0,TERMINATED,Field_3,0,TERMINATED,Charger_1,0,TERMINATED,Field_3,0,TERMINATED,Field_2,0,TERMINATED,Field_3,0,TERMINATED,Field_1,242,0.25,0,4,268,0.30,0,6,192,0.04,0,3
270,703,0,0,0,0,0,12,0,TERMINATED,Field_3,0,TERMINATED,Field_2,0,TERMINATED,Field_3,0,TERMINATED,Field_2,0,TERMINATED,Field_2,0,TERMINATED,Charger_1,0,TERMINATED,Field_3,0,TERMINATED,Charger_1,0,TERMINATED,Field_3,0,TERMINATED,Field_2,0,TERMINATED,Field_3,0,TERMINATED,Field_1,243,0.25,0,4,268,0.30,0,6,192,0.05,0,3
271,703,0,0,0,0,0,12,0,TERMINATED,Field_3,0,TERMINATED,Field_2,0,TERMINATED,Field_3,0,TERMINATED,Field_2,0,TERMINATED,Field_2,0,TERMINATED,Charger_1,0,TERMINATED,Field_3,0,TERMINATED,Charger_1,0,TERMINATED,Field_3,0,TERMINATED,Field_2,0,TERMINATED,Field_3,0,TERMINATED,Field_1,243,0.26,0,4,268,0.28,0,6,192,0.04,0,3
272,705,0,0,0,0,0,12,0,TERMINATED,Field_3,0,TERMINATED,Field_2,0,TERMINATED,Field_3,0,TERMINATED,Field_2,0,TERMINATED,Field_2,0,TERMINATED,Charger_1,0,TERMINATED,Field_3,0,TERMINATED,Charger_1,0,TERMINATED,Field_3,0,TERMINATED,Field_2,0,TERMINATED,Field_3,0,TERMINATED,Field_1,244,0.26,0,4,269,0.27,0,6,192,0.02,0,3
273,706,0,0,0,0,0,12,0,TERMINATED,Field_3,0,TERMINATED,Field_2,0,TERMINATED,Field_3,0,TERMINATED,Field_2,0,TERMINATED,Field_2,0,TERMINATED,Charger_1,0,TERMINATED,Field_3,0,TERMINATED,Charger_1,0,TERMINATED,Field_3,0,TERMINATED,Field_2,0,TERMINATED,Field_3,0,TERMINATED,Field_1,244,0.25,0,4,270,0.26,0,6,192,0.03,0,3
274,706,0,0,0,0,0,12,0,TERMINATED,Field_3,0,TERMINATED,Field_2,0,TERMINATED,Field_3,0,TERMINATED,Field_2,0,TERMINATED,Field_2,0,TERMINATED,Charger_1,0,TERMINATED,Field_3,0,TERMINATED,Charger_1,0,TERMINATED,Field_3,0,TERMINATED,Field_2,0,TERMINATED,Field_3,0,TERMINATED,Field_1,244,0.26,0,4,270,0.26,0,6,192,0.03,0,3
275,708,0,0,0,0,0,12,0,TERMINATED,Field_3,0,TERMINATED,Field_2,0,TERMINATED,Field_3,0,TERMINATED,Field_2,0,TERMINATED,Field_2,0,TERMINATED,Charger_1,0,TERMINATED,Field_3,0,TERMINATED,Charger_1,0,TERMINATED,Field_3,0,TERMINATED,Field_2,0,TERMINATED,Field_3,0,TERMINATED,Field_1,245,0.25,0,4,271,0.25,0,6,192,0.03,0,3
276,708,0,0,0,0,0,12,0,TERMINATED,Field_3,0,TERMINATED,Field_2,0,TERMINATED,Field_3,0,TERMINATED,Field_2,0,TERMINATED,Field_2,0,TERMINATED,Charger_1,0,TERMINATED,Field_3,0,TERMINATED,Charger_1,0,TERMINATED,Field_3,0,TERMINATED,Field_2,0,TERMINATED,Field_3,0,TERMINATED,Field_1,245,0.23,0,4,271,0.24,0,6,192,0.02,0,3
277,710,0,0,0,0,0,12,0,TERMINATED,Field_3,0,TERMINATED,Field_2,0,TERMINATED,Field_3,0,TERMINATED,Field_2,0,TERMINATED,Field_2,0,TERMINATED,Charger_1,0,TERMINATED,Field_3,0,TERMINATED,Charger_1,0,TERMINATED,Field_3,0,TERMINATED,Field_2,0,TERMINATED,Field_3,0,TERMINATED,Field_1,247,0.23,0,4,271,0.24,0,6,192,0.02,0,3
278,714,0,0,0,0,0,12,0,TERMINATED,Field_3,0,TERMINATED,Field_2,0,TERMINATED,Field_3,0,TERMINATED,Field_2,0,TERMINATED,Field_2,0,TERMINATED,Charger_1,0,TERMINATED,Field_3,0,TERMINATED,Charger_1,0,TERMINATED,Field_3,0,TERMINATED,Field_2,0,TERMINATED,Field_3,0,TERMINATED,Field_1,247,0.20,0,4,275,0.25,0,6,192,0.03,0,3
279,714,0,0,0,0,0,12,0,TERMINATED,Field_3,0,TERMINATED,Field_2,0,TERMINATED,Field_3,0,TERMINATED,Field_2,0,TERMINATED,Field_2,0,TERMINATED,Charger_1,0,TERMINATED,Field_3,0,TERMINATED,Charger_1,0,TERMINATED,Field_3,0,TERMINATED,Field_2,0,TERMINATED,Field_3,0,TERMINATED,Field_1,247,0.17,0,4,275,0.25,0,6,192,0.03,0,3
280,720,0,0,0,0,0,12,0,TERMINATED,Field_3,0,TERMINATED,Field_2,0,TERMINATED,Field_3,0,TERMINATED,Field_2,0,TERMINATED,Field_2,0,TERMINATED,Charger_1,0,TERMINATED,Field_3,0,TERMINATED,Charger_1,0,TERMINATED,Field_3,0,TERMINATED,Field_2,0,TERMINATED,Field_3,0,TERMINATED,Field_1,250,0.18,0,4,278,0.25,0,6,192,0.03,0,3
281,720,0,0,0,0,0,12,0,TERMINATED,Field_3,0,TERMINATED,Field_2,0,TERMINATED,Field_3,0,TERMINATED,Field_2,0,TERMINATED,Field_2,0,TERMINATED,Charger_1,0,TERMINATED,Field_3,0,TERMINATED,Charger_1,0,TERMINATED,Field_3,0,TERMINATED,Field_2,0,TERMINATED,Field_3,0,TERMINATED,Field_1,250,0.18,0,4,278,0.25,0,6,192,0.02,0,3
282,721,0,0,0,0,0,12,0,TERMINATED,Field_3,0,TERMINATED,Field_2,0,TERMINATED,Field_3,0,TERMINATED,Field_2,0,TERMINATED,Field_2,0,TERMINATED,Charger_1,0,TERMINATED,Field_3,0,TERMINATED,Charger_1,0,TERMINATED,Field_3,0,TERMINATED,Field_2,0,TERMINATED,Field_3,0,TERMINATED,Field_1,250,0.16,0,4,279,0.25,0,6,192,0.02,0,3
283,727,0,0,0,0,0,12,0,TERMINATED,Field_3,0,TERMINATED,Field_2,0,TERMINATED,Field_3,0,TERMINATED,Field_2,0,TERMINATED,Field_2,0,TERMINATED,Charger_1,0,TERMINATED,Field_3,0,TERMINATED,Charger_1,0,TERMINATED,Field_3,0,TERMINATED,Field_2,0,TERMINATED,Field_3,0,TERMINATED,Field_1,251,0.14,0,4,284,0.26,0,6,192,0.03,0,3
284,728,0,0,0,0,0,12,0,TERMINATED,Field_3,0,TERMINATED,Field_2,0,TERMINATED,Field_3,0,TERMINATED,Field_2,0,TERMINATED,Field_2,0,TERMINATED,Charger_1,0,TERMINATED,Field_3,0,TERMINATED,Charger_1,0,TERMINATED,Field_3,0,TERMINATED,Field_2,0,TERMINATED,Field_3,0,TERMINATED,Field_1,251,0.13,0,4,285,0.26,0,6,192,0.03,0,3
285,730,0,0,0,0,0,12,0,TERMINATED,Field_3,0,TERMINATED,Field_2,0,TERMINATED,Field_3,0,TERMINATED,Field_2,0,TERMINATED,Field_2,0,TERMINATED,Charger_1,0,TERMINATED,Field_3,0,TERMINATED,Charger_1,0,TERMINATED,Field_3,0,TERMINATED,Field_2,0,TERMINATED,Field_3,0,TERMINATED,Field_1,251,0.14,0,4,287,0.26,0,6,192,0.03,0,3
286,730,0,0,0,0,0,12,0,TERMINATED,Field_3,0,TERMINATED,Field_2,0,TERMINATED,Field_3,0,TERMINATED,Field_2,0,TERMINATED,Field_2,0,TERMINATED,Charger_1,0,TERMINATED,Field_3,0,TERMINATED,Charger_1,0,TERMINATED,Field_3,0,TERMINATED,Field_2,0,TERMINATED,Field_3,0,TERMINATED,Field_1,251,0.15,0,4,287,0.26,0,6,192,0.02,0,3
287,731,0,0,0,0,0,12,0,TERMINATED,Field_3,0,TERMINATED,Field_2,0,TERMINATED,Field_3,0,TERMINATED,Field_2,0,TERMINATED,Field_2,0,TERMINATED,Charger_1,0,TERMINATED,Field_3,0,TERMINATED,Charger_1,0,TERMINATED,Field_3,0,TERMINATED,Field_2,0,TERMINATED,Field_3,0,TERMINATED,Field_1,252,0.16,0,4,287,0.24,0,6,192,0.02,0,3
288,731,0,0,0,0,0,12,0,TERMINATED,Field_3,0,TERMINATED,Field_2,0,TERMINATED,Field_3,0,TERMINATED,Field_2,0,TERMINATED,Field_2,0,TERMINATED,Charger_1,0,TERMINATED,Field_3,0,TERMINATED,Charger_1,0,TERMINATED,Field_3,0,TERMINATED,Field_2,0,TERMINATED,Field_3,0,TERMINATED,Field_1,252,0.17,0,4,287,0.23,0,6,192,0.03,0,3
289,734,0,0,0,0,0,12,0,TERMINATED,Field_3,0,TERMINATED,Field_2,0,TERMINATED,Field_3,0,TERMINATED,Field_2,0,TERMINATED,Field_2,0,TERMINATED,Charger_1,0,TERMINATED,Field_3,0,TERMINATED,Charger_1,0,TERMINATED,Field_3,0,TERMINATED,Field_2,0,TERMINATED,Field_3,0,TERMINATED,Field_1,252,0.19,0,4,290,0.23,0,6,192,0.03,0,3
290,735,0,0,0,0,0,12,0,TERMINATED,Field_3,0,TERMINATED,Field_2,0,TERMINATED,Field_3,0,TERMINATED,Field_2,0,TERMINATED,Field_2,0,TERMINATED,Charger_1,0,TERMINATED,Field_3,0,TERMINATED,Charger_1,0,TERMINATED,Field_3,0,TERMINATED,Field_2,0,TERMINATED,Field_3,0,TERMINATED,Field_1,253,0.19,0,4,290,0.22,0,6,192,0.02,0,3
291,735,0,0,0,0,0,12,0,TERMINATED,Field_3,0,TERMINATED,Field_2,0,TERMINATED,Field_3,0,TERMINATED,Field_2,0,TERMINATED,Field_2,0,TERMINATED,Charger_1,0,TERMINATED,Field_3,0,TERMINATED,Charger_1,0,TERMINATED,Field_3,0,TERMINATED,Field_2,0,TERMINATED,Field_3,0,TERMINATED,Field_1,253,0.20,0,4,290,0.22,0,6,192,0.02,0,3
292,735,0,0,0,0,0,12,0,TERMINATED,Field_3,0,TERMINATED,Field_2,0,TERMINATED,Field_3,0,TERMINATED,Field_2,0,TERMINATED,Field_2,0,TERMINATED,Charger_1,0,TERMINATED,Field_3,0,TERMINATED,Charger_1,0,TERMINATED,Field_3,0,TERMINATED,Field_2,0,TERMINATED,Field_3,0,TERMINATED,Field_1,253,0.20,0,4,290,0.22,0,6,192,0.02,0,3
293,736,0,0,0,0,0,12,0,TERMINATED,Field_3,0,TERMINATED,Field_2,0,TERMINATED,Field_3,0,TERMINATED,Field_2,0,TERMINATED,Field_2,0,TERMINATED,Charger_1,0,TERMINATED,Field_3,0,TERMINATED,Charger_1,0,TERMINATED,Field_3,0,TERMINATED,Field_2,0,TERMINATED,Field_3,0,TERMINATED,Field_1,253,0.20,0,4,291,0.23,0,6,192,0.04,0,3
294,736,0,0,0,0,0,12,0,TERMINATED,Field_3,0,TERMINATED,Field_2,0,TERMINATED,Field_3,0,TERMINATED,Field_2,0,TERMINATED,Field_2,0,TERMINATED,Charger_1,0,TERMINATED,Field_3,0,TERMINATED,Charger_1,0,TERMINATED,Field_3,0,TERMINATED,Field_2,0,TERMINATED,Field_3,0,TERMINATED,Field_1,253,0.20,0,4,291,0.23,0,6,192,0.05,0,3
295,739,0,0,0,0,0,12,0,TERMINATED,Field_3,0,TERMINATED,Field_2,0,TERMINATED,Field_3,0,TERMINATED,Field_2,0,TERMINATED,Field_2,0,TERMINATED,Charger_1,0,TERMINATED,Field_3,0,TERMINATED,Charger_1,0,TERMINATED,Field_3,0,TERMINATED,Field_2,0,TERMINATED,Field_3,0,TERMINATED,Field_1,255,0.19,0,4,292,0.24,0,6,192,0.04,0,3
296,739,0,0,0,0,0,12,0,TERMINATED,Field_3,0,TERMINATED,Field_2,0,TERMINATED,Field_3,0,TERMINATED,Field_2,0,TERMINATED,Field_2,0,TERMINATED,Charger_1,0,TERMINATED,Field_3,0,TERMINATED,Charger_1,0,TERMINATED,Field_3,0,TERMINATED,Field_2,0,TERMINATED,Field_3,0,TERMINATED,Field_1,255,0.19,0,4,292,0.23,0,6,192,0.05,0,3
297,740,0,0,0,0,0,12,0,TERMINATED,Field_3,0,TERMINATED,Field_2,0,TERMINATED,Field_3,0,TERMINATED,Field_2,0,TERMINATED,Field_2,0,TERMINATED,Charger_1,0,TERMINATED,Field_3,0,TERMINATED,Charger_1,0,TERMINATED,Field_3,0,TERMINATED,Field_2,0,TERMINATED,Field_3,0,TERMINATED,Field_1,255,0.19,0,4,293,0.22,0,6,192,0.05,0,3
298,740,0,0,0,0,0,12,0,TERMINATED,Field_3,0,TERMINATED,Field_2,0,TERMINATED,Field_3,0,TERMINATED,Field_2,0,TERMINATED,Field_2,0,TERMINATED,Charger_1,0,TERMINATED,Field_3,0,TERMINATED,Charger_1,0,TERMINATED,Field_3,0,TERMINATED,Field_2,0,TERMINATED,Field_3,0,TERMINATED,Field_1,255,0.20,0,4,293,0.23,0,6,192,0.05,0,3
299,743,0,0,0,0,0,12,0,TERMINATED,Field_3,0,TERMINATED,Field_2,0,TERMINATED,Field_3,0,TERMINATED,Field_2,0,TERMINATED,Field_2,0,TERMINATED,Charger_1,0,TERMINATED,Field_3,0,TERMINATED,Charger_1,0,TERMINATED,Field_3,0,TERMINATED,Field_2,0,TERMINATED,Field_3,0,TERMINATED,Field_1,255,0.22,0,4,296,0.23,0,6,192,0.06,0,3
300,744,0,0,0,0,0,12,0,TERMINATED,Field_3,0,TERMINATED,Field_2,0,TERMINATED,Field_3,0,TERMINATED,Field_2,0,TERMINATED,Field_2,0,TERMINATED,Charger_1,0,TERMINATED,Field_3,0,TERMINATED,Charger_1,0,TERMINATED,Field_3,0,TERMINATED,Field_2,0,TERMINATED,Field_3,0,TERMINATED,Field_1,255,0.22,0,4,297,0.24,0,6,192,0.04,0,3
