step,damage,IDLE,CHARGING,PROTECTING,MOVING_TO_CHARGER,MOVING_TO_FIELD,TERMINATED,Drone_1_battery,Drone_1_state,Drone_1_target,Drone_2_battery,Drone_2_state,Drone_2_target,Drone_3_battery,Drone_3_state,Drone_3_target,Drone_4_battery,Drone_4_state,Drone_4_target,Drone_5_battery,Drone_5_state,Drone_5_target,Drone_6_battery,Drone_6_state,Drone_6_target,Drone_7_battery,Drone_7_state,Drone_7_target,Drone_8_battery,Drone_8_state,Drone_8_target,Drone_9_battery,Drone_9_state,Drone_9_target,Drone_10_battery,Drone_10_state,Drone_10_target,Drone_11_battery,Drone_11_state,Drone_11_target,Drone_12_battery,Drone_12_state,Drone_12_target,Field_1_damage,Field_1_threat_level,Field_1_protecting_drones,Field_2_damage,Field_2_threat_level,Field_2_protecting_drones,Field_3_damage,Field_3_threat_level,Field_3_protecting_drones
1,0,0,0,0,3,9,0,0.99,MOVING_TO_FIELD,Field_3,0.99,MOVING_TO_CHARGER,Charger_1,0.99,MOVING_TO_FIELD,Field_2,0.99,MOVING_TO_FIELD,Field_3,0.99,MOVING_TO_FIELD,Field_1,0.99,MOVING_TO_FIELD,Field_2,0.99,MOVING_TO_CHARGER,Charger_1,0.99,MOVING_TO_FIELD,Field_1,0.99,MOVING_TO_FIELD,Field_3,0.99,MOVING_TO_FIELD,Field_3,0.99,MOVING_TO_FIELD,Field_1,0.99,MOVING_TO_CHARGER,Charger_1,0,0.08,0,0,0.13,0,0,0.03,0
2,0,1,0,0,3,8,0,0.98,MOVING_TO_FIELD,Field_3,0.98,MOVING_TO_CHARGER,Charger_1,0.98,MOVING_TO_FIELD,Field_3,0.98,MOVING_TO_FIELD,Field_3,0.98,MOVING_TO_CHARGER,Charger_1,0.98,MOVING_TO_FIELD,Field_3,0.98,MOVING_TO_FIELD,Field_2,0.98,MOVING_TO_FIELD,Field_2,0.98,MOVING_TO_FIELD,Field_3,0.99,IDLE,,0.98,MOVING_TO_CHARGER,Charger_1,0.98,MOVING_TO_FIELD,Field_2,0,0.08,0,0,0.13,0,0,0.03,0
3,0,2,0,0,2,8,0,0.97,MOVING_TO_FIELD,Field_3,0.98,IDLE,,0.97,MOVING_TO_FIELD,Field_3,0.97,MOVING_TO_FIELD,Field_3,0.97,MOVING_TO_FIELD,Field_2,0.97,MOVING_TO_FIELD,Field_3,0.97,MOVING_TO_FIELD,Field_1,0.97,MOVING_TO_CHARGER,Charger_1,0.98,IDLE,,0.98,MOVING_TO_FIELD,Field_3,0.97,MOVING_TO_FIELD,Field_3,0.97,MOVING_TO_CHARGER,Charger_1,0,0.08,0,0,0.13,0,0,0.03,0
4,0,2,0,0,2,8,0,0.96,MOVING_TO_FIELD,Field_3,0.97,MOVING_TO_FIELD,Field_3,0.96,MOVING_TO_FIELD,Field_3,0.97,IDLE,,0.96,MOVING_TO_FIELD,Field_2,0.96,MOVING_TO_CHARGER,Charger_1,0.97,IDLE,,0.96,MOVING_TO_CHARGER,Charger_1,0.97,MOVING_TO_FIELD,Field_3,0.97,MOVING_TO_FIELD,Field_2,0.96,MOVING_TO_FIELD,Field_3,0.96,MOVING_TO_FIELD,Field_2,0,0.10,0,0,0.13,0,0,0.04,0
5,0,1,0,1,1,9,0,0.95,MOVING_TO_FIELD,Field_2,0.96,PROTECTING,Field_3,0.95,MOVING_TO_FIELD,Field_3,0.96,MOVING_TO_FIELD,Field_3,0.96,IDLE,,0.95,MOVING_TO_FIELD,Field_3,0.96,MOVING_TO_FIELD,Field_1,0.95,MOVING_TO_CHARGER,Charger_1,0.96,MOVING_TO_FIELD,Field_3,0.96,MOVING_TO_FIELD,Field_2,0.95,MOVING_TO_FIELD,Field_3,0.95,MOVING_TO_FIELD,Field_1,0,0.11,0,0,0.13,0,0,0.05,1
6,0,1,0,1,2,8,0,0.94,MOVING_TO_FIELD,Field_3,0.95,PROTECTING,Field_3,0.94,MOVING_TO_FIELD,Field_2,0.95,MOVING_TO_FIELD,Field_1,0.95,MOVING_TO_FIELD,Field_2,0.94,MOVING_TO_FIELD,Field_3,0.95,MOVING_TO_FIELD,Field_1,0.94,MOVING_TO_CHARGER,Charger_1,0.95,MOVING_TO_FIELD,Field_3,0.95,MOVING_TO_CHARGER,Charger_1,0.95,IDLE,,0.94,MOVING_TO_FIELD,Field_3,0,0.11,0,0,0.14,0,0,0.05,1
7,0,2,0,0,1,9,0,0.93,MOVING_TO_FIELD,Field_3,0.95,IDLE,,0.93,MOVING_TO_FIELD,Field_3,0.94,MOVING_TO_FIELD,Field_3,0.94,MOVING_TO_FIELD,Field_3,0.94,IDLE,,0.94,MOVING_TO_FIELD,Field_1,0.93,MOVING_TO_FIELD,Field_2,0.94,MOVING_TO_FIELD,Field_3,0.94,MOVING_TO_CHARGER,Charger_1,0.94,MOVING_TO_FIELD,Field_3,0.93,MOVING_TO_FIELD,Field_2,0,0.13,0,0,0.14,0,0,0.05,0
8,0,1,0,0,2,9,0,0.92,MOVING_TO_FIELD,Field_3,0.95,IDLE,,0.92,MOVING_TO_CHARGER,Charger_1,0.93,MOVING_TO_FIELD,Field_2,0.93,MOVING_TO_FIELD,Field_2,0.93,MOVING_TO_FIELD,Field_2,0.93,MOVING_TO_FIELD,Field_1,0.92,MOVING_TO_CHARGER,Charger_1,0.93,MOVING_TO_FIELD,Field_3,0.93,MOVING_TO_FIELD,Field_1,0.93,MOVING_TO_FIELD,Field_3,0.92,MOVING_TO_FIELD,Field_1,0,0.13,0,0,0.14,0,0,0.05,0
9,0,0,0,2,1,9,0,0.91,MOVING_TO_FIELD,Field_3,0.94,PROTECTING,Field_3,0.91,MOVING_TO_FIELD,Field_2,0.92,MOVING_TO_FIELD,Field_3,0.92,MOVING_TO_FIELD,Field_2,0.92,MOVING_TO_FIELD,Field_3,0.92,PROTECTING,Field_1,0.91,MOVING_TO_CHARGER,Charger_1,0.92,MOVING_TO_FIELD,Field_3,0.92,MOVING_TO_FIELD,Field_2,0.92,MOVING_TO_FIELD,Field_3,0.91,MOVING_TO_FIELD,Field_1,0,0.16,1,0,0.13,0,0,0.05,1
10,0,2,0,0,1,9,0,0.90,MOVING_TO_FIELD,Field_3,0.93,MOVING_TO_FIELD,Field_1,0.91,IDLE,,0.92,IDLE,,0.91,MOVING_TO_FIELD,Field_2,0.91,MOVING_TO_FIELD,Field_3,0.91,MOVING_TO_FIELD,Field_3,0.90,MOVING_TO_CHARGER,Charger_1,0.91,MOVING_TO_FIELD,Field_3,0.91,MOVING_TO_FIELD,Field_2,0.91,MOVING_TO_FIELD,Field_1,0.90,MOVING_TO_FIELD,Field_2,0,0.17,0,0,0.14,0,0,0.04,0
11,0,1,0,1,0,10,0,0.89,MOVING_TO_FIELD,Field_3,0.92,PROTECTING,Field_3,0.90,MOVING_TO_FIELD,Field_2,0.91,MOVING_TO_FIELD,Field_3,0.90,MOVING_TO_FIELD,Field_2,0.90,MOVING_TO_FIELD,Field_3,0.90,MOVING_TO_FIELD,Field_3,0.89,MOVING_TO_FIELD,Field_2,0.90,MOVING_TO_FIELD,Field_3,0.91,IDLE,,0.90,MOVING_TO_FIELD,Field_3,0.89,MOVING_TO_FIELD,Field_2,0,0.17,0,0,0.12,0,0,0.05,1
12,0,1,0,1,2,8,0,0.88,MOVING_TO_FIELD,Field_3,0.92,IDLE,,0.89,MOVING_TO_FIELD,Field_3,0.90,MOVING_TO_FIELD,Field_3,0.89,MOVING_TO_FIELD,Field_3,0.89,MOVING_TO_FIELD,Field_3,0.89,MOVING_TO_FIELD,Field_1,0.88,MOVING_TO_CHARGER,Charger_1,0.89,MOVING_TO_CHARGER,Charger_1,0.90,MOVING_TO_FIELD,Field_3,0.89,PROTECTING,Field_3,0.88,MOVING_TO_FIELD,Field_3,0,0.15,0,0,0.14,0,0,0.06,1
13,0,3,0,2,2,5,0,0.87,MOVING_TO_FIELD,Field_3,0.92,IDLE,,0.88,MOVING_TO_FIELD,Field_3,0.90,IDLE,,0.88,MOVING_TO_FIELD,Field_2,0.89,IDLE,,0.88,PROTECTING,Field_1,0.87,MOVING_TO_CHARGER,Charger_1,0.88,MOVING_TO_FIELD,Field_3,0.89,MOVING_TO_FIELD,Field_2,0.88,PROTECTING,Field_3,0.87,MOVING_TO_CHARGER,Charger_1,0,0.16,1,0,0.13,0,0,0.05,1
14,1,0,0,1,0,11,0,0.86,MOVING_TO_FIELD,Field_3,0.91,MOVING_TO_FIELD,Field_1,0.87,MOVING_TO_FIELD,Field_3,0.89,MOVING_TO_FIELD,Field_1,0.87,MOVING_TO_FIELD,Field_2,0.88,MOVING_TO_FIELD,Field_3,0.87,PROTECTING,Field_1,0.86,MOVING_TO_FIELD,Field_3,0.87,MOVING_TO_FIELD,Field_3,0.88,MOVING_TO_FIELD,Field_2,0.87,MOVING_TO_FIELD,Field_2,0.86,MOVING_TO_FIELD,Field_1,1,0.16,1,0,0.14,0,0,0.06,0
15,1,2,0,2,3,5,0,0.86,IDLE,,0.90,MOVING_TO_FIELD,Field_1,0.86,MOVING_TO_FIELD,Field_3,0.88,MOVING_TO_FIELD,Field_2,0.87,IDLE,,0.87,MOVING_TO_FIELD,Field_3,0.87,PROTECTING,Field_1,0.85,MOVING_TO_CHARGER,Charger_1,0.86,MOVING_TO_CHARGER,Charger_1,0.87,MOVING_TO_FIELD,Field_3,0.86,PROTECTING,Field_3,0.85,MOVING_TO_CHARGER,Charger_1,1,0.17,1,0,0.15,0,0,0.07,1
16,3,1,1,1,1,8,0,0.85,MOVING_TO_FIELD,Field_3,0.89,MOVING_TO_FIELD,Field_3,0.85,MOVING_TO_FIELD,Field_2,0.87,MOVING_TO_FIELD,Field_1,0.86,MOVING_TO_FIELD,Field_2,0.86,MOVING_TO_FIELD,Field_3,0.86,MOVING_TO_CHARGER,Charger_1,0.85,CHARGING,Charger_1,0.85,MOVING_TO_FIELD,Field_3,0.87,IDLE,,0.86,PROTECTING,Field_3,0.84,MOVING_TO_FIELD,Field_2,2,0.18,0,0,0.14,0,1,0.08,1
17,3,1,1,0,1,9,0,0.84,MOVING_TO_FIELD,Field_3,0.89,IDLE,,0.84,MOVING_TO_FIELD,Field_2,0.86,MOVING_TO_FIELD,Field_2,0.85,MOVING_TO_FIELD,Field_3,0.85,MOVING_TO_FIELD,Field_3,0.85,MOVING_TO_CHARGER,Charger_1,0.86,CHARGING,Charger_1,0.84,MOVING_TO_FIELD,Field_3,0.86,MOVING_TO_FIELD,Field_2,0.85,MOVING_TO_FIELD,Field_1,0.83,MOVING_TO_FIELD,Field_1,2,0.19,0,0,0.15,0,1,0.07,0
18,5,1,0,3,0,8,0,0.83,PROTECTING,Field_3,0.88,MOVING_TO_FIELD,Field_3,0.84,IDLE,,0.85,MOVING_TO_FIELD,Field_3,0.84,MOVING_TO_FIELD,Field_3,0.84,PROTECTING,Field_3,0.84,MOVING_TO_FIELD,Field_1,0.85,MOVING_TO_FIELD,Field_2,0.83,PROTECTING,Field_3,0.85,MOVING_TO_FIELD,Field_3,0.84,MOVING_TO_FIELD,Field_3,0.82,MOVING_TO_FIELD,Field_2,2,0.18,0,2,0.16,0,1,0.08,3
19,9,1,0,4,3,4,0,0.82,PROTECTING,Field_3,0.87,MOVING_TO_FIELD,Field_1,0.83,MOVING_TO_FIELD,Field_3,0.84,MOVING_TO_FIELD,Field_1,0.83,MOVING_TO_FIELD,Field_1,0.83,PROTECTING,Field_3,0.83,PROTECTING,Field_1,0.84,MOVING_TO_CHARGER,Charger_1,0.82,MOVING_TO_CHARGER,Charger_1,0.85,IDLE,,0.83,PROTECTING,Field_3,0.81,MOVING_TO_CHARGER,Charger_1,3,0.19,1,4,0.18,0,2,0.11,3
20,9,0,1,3,1,7,0,0.82,PROTECTING,Field_3,0.86,MOVING_TO_FIELD,Field_2,0.82,MOVING_TO_FIELD,Field_3,0.83,MOVING_TO_FIELD,Field_3,0.82,MOVING_TO_FIELD,Field_2,0.83,PROTECTING,Field_3,0.82,PROTECTING,Field_1,0.84,CHARGING,Charger_1,0.81,MOVING_TO_FIELD,Field_3,0.84,MOVING_TO_FIELD,Field_1,0.82,MOVING_TO_CHARGER,Charger_1,0.80,MOVING_TO_FIELD,Field_2,3,0.18,1,4,0.18,0,2,0.09,2
21,13,1,1,3,2,5,0,0.81,PROTECTING,Field_3,0.86,IDLE,,0.81,MOVING_TO_FIELD,Field_3,0.82,MOVING_TO_FIELD,Field_3,0.81,MOVING_TO_FIELD,Field_2,0.82,PROTECTING,Field_3,0.81,MOVING_TO_FIELD,Field_3,0.85,CHARGING,Charger_1,0.80,PROTECTING,Field_3,0.83,MOVING_TO_CHARGER,Charger_1,0.81,MOVING_TO_FIELD,Field_1,0.79,MOVING_TO_CHARGER,Charger_1,7,0.18,0,4,0.19,0,2,0.12,3
22,16,2,1,2,1,6,0,0.80,PROTECTING,Field_3,0.85,MOVING_TO_FIELD,Field_1,0.81,IDLE,,0.82,IDLE,,0.80,MOVING_TO_FIELD,Field_1,0.81,MOVING_TO_FIELD,Field_2,0.80,MOVING_TO_FIELD,Field_1,0.86,CHARGING,Charger_1,0.79,PROTECTING,Field_3,0.82,MOVING_TO_CHARGER,Charger_1,0.80,MOVING_TO_FIELD,Field_3,0.78,MOVING_TO_FIELD,Field_1,9,0.18,0,5,0.19,0,2,0.13,2
23,17,1,1,3,1,6,0,0.79,PROTECTING,Field_3,0.84,MOVING_TO_FIELD,Field_3,0.80,MOVING_TO_FIELD,Field_2,0.81,MOVING_TO_FIELD,Field_3,0.79,MOVING_TO_FIELD,Field_1,0.81,IDLE,,0.79,MOVING_TO_FIELD,Field_3,0.87,CHARGING,Charger_1,0.79,PROTECTING,Field_3,0.81,MOVING_TO_FIELD,Field_1,0.79,PROTECTING,Field_3,0.77,MOVING_TO_CHARGER,Charger_1,10,0.18,0,5,0.19,0,2,0.13,3
24,18,2,0,3,2,5,0,0.79,PROTECTING,Field_3,0.84,IDLE,,0.79,MOVING_TO_CHARGER,Charger_1,0.80,MOVING_TO_FIELD,Field_3,0.78,MOVING_TO_FIELD,Field_2,0.80,MOVING_TO_FIELD,Field_1,0.78,MOVING_TO_FIELD,Field_3,0.87,IDLE,,0.78,PROTECTING,Field_3,0.80,MOVING_TO_CHARGER,Charger_1,0.78,PROTECTING,Field_3,0.76,MOVING_TO_FIELD,Field_1,11,0.17,0,5,0.19,0,2,0.14,3
25,18,3,1,1,1,6,0,0.78,PROTECTING,Field_3,0.84,IDLE,,0.78,MOVING_TO_FIELD,Field_3,0.80,IDLE,,0.77,MOVING_TO_FIELD,Field_1,0.79,MOVING_TO_FIELD,Field_2,0.77,MOVING_TO_FIELD,Field_1,0.87,CHARGING,Charger_1,0.77,MOVING_TO_FIELD,Field_1,0.80,IDLE,,0.77,MOVING_TO_CHARGER,Charger_1,0.75,MOVING_TO_FIELD,Field_2,11,0.17,0,5,0.19,0,2,0.14,1
26,20,1,1,1,4,5,0,0.77,PROTECTING,Field_3,0.84,IDLE,,0.77,MOVING_TO_CHARGER,Charger_1,0.79,MOVING_TO_FIELD,Field_3,0.76,MOVING_TO_FIELD,Field_2,0.78,MOVING_TO_FIELD,Field_3,0.76,MOVING_TO_CHARGER,Charger_1,0.88,CHARGING,Charger_1,0.76,MOVING_TO_FIELD,Field_3,0.79,MOVING_TO_CHARGER,Charger_1,0.76,MOVING_TO_FIELD,Field_3,0.74,MOVING_TO_CHARGER,Charger_1,12,0.18,0,6,0.20,0,2,0.15,1
27,22,2,1,2,1,6,0,0.77,PROTECTING,Field_3,0.84,IDLE,,0.76,MOVING_TO_FIELD,Field_3,0.78,MOVING_TO_FIELD,Field_2,0.75,MOVING_TO_FIELD,Field_2,0.77,MOVING_TO_FIELD,Field_3,0.75,MOVING_TO_FIELD,Field_1,0.89,CHARGING,Charger_1,0.75,PROTECTING,Field_3,0.78,MOVING_TO_CHARGER,Charger_1,0.76,IDLE,,0.73,MOVING_TO_FIELD,Field_2,13,0.18,0,7,0.19,0,2,0.14,2
28,25,4,1,2,2,3,0,0.76,MOVING_TO_FIELD,Field_1,0.84,IDLE,,0.75,MOVING_TO_FIELD,Field_1,0.78,IDLE,,0.74,MOVING_TO_CHARGER,Charger_1,0.76,PROTECTING,Field_3,0.74,PROTECTING,Field_1,0.90,CHARGING,Charger_1,0.75,IDLE,,0.77,MOVING_TO_CHARGER,Charger_1,0.75,MOVING_TO_FIELD,Field_2,0.73,IDLE,,14,0.19,1,9,0.20,0,2,0.14,1
29,26,0,1,3,0,8,0,0.75,MOVING_TO_FIELD,Field_3,0.83,MOVING_TO_FIELD,Field_1,0.74,MOVING_TO_FIELD,Field_3,0.77,MOVING_TO_FIELD,Field_2,0.73,MOVING_TO_FIELD,Field_2,0.75,PROTECTING,Field_3,0.73,PROTECTING,Field_1,0.91,CHARGING,Charger_1,0.74,PROTECTING,Field_3,0.76,MOVING_TO_FIELD,Field_3,0.74,MOVING_TO_FIELD,Field_3,0.72,MOVING_TO_FIELD,Field_3,15,0.19,1,9,0.19,0,2,0.14,2
30,28,0,1,4,2,5,0,0.74,PROTECTING,Field_3,0.82,MOVING_TO_FIELD,Field_1,0.73,PROTECTING,Field_3,0.76,MOVING_TO_CHARGER,Charger_1,0.72,MOVING_TO_FIELD,Field_2,0.74,PROTECTING,Field_3,0.72,MOVING_TO_FIELD,Field_3,0.92,CHARGING,Charger_1,0.73,MOVING_TO_FIELD,Field_1,0.75,MOVING_TO_FIELD,Field_3,0.73,PROTECTING,Field_3,0.71,MOVING_TO_CHARGER,Charger_1,16,0.20,0,10,0.19,0,2,0.14,4
31,30,2,1,3,0,6,0,0.73,PROTECTING,Field_3,0.82,IDLE,,0.72,MOVING_TO_FIELD,Field_2,0.75,MOVING_TO_FIELD,Field_3,0.71,MOVING_TO_FIELD,Field_1,0.74,PROTECTING,Field_3,0.71,MOVING_TO_FIELD,Field_1,0.93,CHARGING,Charger_1,0.72,MOVING_TO_FIELD,Field_3,0.75,IDLE,,0.72,PROTECTING,Field_3,0.70,MOVING_TO_FIELD,Field_2,16,0.22,0,11,0.20,0,3,0.14,3
32,32,0,1,5,2,4,0,0.72,PROTECTING,Field_3,0.81,MOVING_TO_FIELD,Field_2,0.71,MOVING_TO_FIELD,Field_2,0.74,MOVING_TO_FIELD,Field_3,0.70,MOVING_TO_FIELD,Field_2,0.73,PROTECTING,Field_3,0.70,PROTECTING,Field_1,0.94,CHARGING,Charger_1,0.71,PROTECTING,Field_3,0.74,MOVING_TO_CHARGER,Charger_1,0.71,PROTECTING,Field_3,0.69,MOVING_TO_CHARGER,Charger_1,17,0.23,1,11,0.19,0,4,0.16,4
33,35,2,1,5,0,4,0,0.72,PROTECTING,Field_3,0.81,IDLE,,0.70,MOVING_TO_FIELD,Field_3,0.73,PROTECTING,Field_3,0.69,MOVING_TO_FIELD,Field_1,0.72,PROTECTING,Field_3,0.69,PROTECTING,Field_1,0.95,CHARGING,Charger_1,0.70,MOVING_TO_FIELD,Field_1,0.74,IDLE,,0.71,PROTECTING,Field_3,0.68,MOVING_TO_FIELD,Field_2,19,0.26,1,12,0.20,0,4,0.16,4
34,40,2,1,3,1,5,0,0.71,PROTECTING,Field_3,0.81,IDLE,,0.69,MOVING_TO_FIELD,Field_2,0.72,PROTECTING,Field_3,0.68,MOVING_TO_FIELD,Field_2,0.72,PROTECTING,Field_3,0.69,IDLE,,0.96,CHARGING,Charger_1,0.69,MOVING_TO_FIELD,Field_3,0.73,MOVING_TO_FIELD,Field_2,0.70,MOVING_TO_CHARGER,Charger_1,0.67,MOVING_TO_FIELD,Field_2,22,0.26,0,14,0.20,0,4,0.15,3
35,42,0,1,1,2,8,0,0.70,PROTECTING,Field_3,0.80,MOVING_TO_FIELD,Field_1,0.68,MOVING_TO_FIELD,Field_2,0.71,MOVING_TO_CHARGER,Charger_1,0.67,MOVING_TO_CHARGER,Charger_1,0.71,MOVING_TO_FIELD,Field_2,0.68,MOVING_TO_FIELD,Field_3,0.97,CHARGING,Charger_1,0.68,MOVING_TO_FIELD,Field_2,0.72,MOVING_TO_FIELD,Field_3,0.69,MOVING_TO_FIELD,Field_3,0.66,MOVING_TO_FIELD,Field_2,22,0.24,0,15,0.20,0,5,0.16,1
36,46,2,1,1,1,7,0,0.69,PROTECTING,Field_3,0.80,IDLE,,0.67,MOVING_TO_FIELD,Field_3,0.70,MOVING_TO_CHARGER,Charger_1,0.66,MOVING_TO_FIELD,Field_2,0.70,MOVING_TO_FIELD,Field_3,0.68,IDLE,,0.98,CHARGING,Charger_1,0.67,MOVING_TO_FIELD,Field_3,0.71,MOVING_TO_FIELD,Field_3,0.68,MOVING_TO_FIELD,Field_3,0.65,MOVING_TO_FIELD,Field_1,23,0.24,0,18,0.19,0,5,0.15,1
37,47,1,1,4,1,5,0,0.69,PROTECTING,Field_3,0.79,MOVING_TO_FIELD,Field_3,0.66,MOVING_TO_FIELD,Field_3,0.69,MOVING_TO_FIELD,Field_3,0.65,PROTECTING,Field_2,0.69,PROTECTING,Field_3,0.67,MOVING_TO_FIELD,Field_1,0.99,CHARGING,Charger_1,0.66,PROTECTING,Field_3,0.71,IDLE,,0.67,MOVING_TO_FIELD,Field_3,0.64,MOVING_TO_CHARGER,Charger_1,23,0.24,0,19,0.19,1,5,0.16,3
38,50,1,0,6,3,2,0,0.68,PROTECTING,Field_3,0.78,MOVING_TO_CHARGER,Charger_1,0.65,MOVING_TO_CHARGER,Charger_1,0.68,PROTECTING,Field_3,0.64,MOVING_TO_FIELD,Field_1,0.68,PROTECTING,Field_3,0.66,PROTECTING,Field_1,1,IDLE,,0.65,PROTECTING,Field_3,0.70,MOVING_TO_FIELD,Field_2,0.66,PROTECTING,Field_3,0.63,MOVING_TO_CHARGER,Charger_1,25,0.25,1,20,0.21,0,5,0.18,5
39,53,2,0,5,1,4,0,0.67,PROTECTING,Field_3,0.77,MOVING_TO_FIELD,Field_2,0.64,MOVING_TO_FIELD,Field_3,0.68,PROTECTING,Field_3,0.63,PROTECTING,Field_2,0.67,PROTECTING,Field_3,0.65,MOVING_TO_FIELD,Field_3,1,IDLE,,0.64,MOVING_TO_FIELD,Field_2,0.69,MOVING_TO_CHARGER,Charger_1,0.65,PROTECTING,Field_3,0.63,IDLE,,26,0.25,0,22,0.23,1,5,0.18,4
40,54,2,0,4,1,5,0,0.67,PROTECTING,Field_3,0.77,IDLE,,0.63,MOVING_TO_FIELD,Field_1,0.67,MOVING_TO_FIELD,Field_2,0.62,PROTECTING,Field_2,0.67,PROTECTING,Field_3,0.64,MOVING_TO_FIELD,Field_1,0.99,MOVING_TO_FIELD,Field_2,0.63,MOVING_TO_CHARGER,Charger_1,0.69,IDLE,,0.64,PROTECTING,Field_3,0.62,MOVING_TO_FIELD,Field_1,26,0.27,0,23,0.24,1,5,0.17,3
41,55,2,0,4,2,4,0,0.66,PROTECTING,Field_3,0.76,MOVING_TO_FIELD,Field_2,0.62,MOVING_TO_FIELD,Field_3,0.67,IDLE,,0.62,PROTECTING,Field_2,0.66,MOVING_TO_FIELD,Field_2,0.63,PROTECTING,Field_1,0.98,MOVING_TO_CHARGER,Charger_1,0.63,IDLE,,0.68,MOVING_TO_FIELD,Field_2,0.64,PROTECTING,Field_3,0.61,MOVING_TO_CHARGER,Charger_1,27,0.29,1,23,0.24,1,5,0.15,2
42,58,2,1,3,2,4,0,0.66,IDLE,,0.75,MOVING_TO_CHARGER,Charger_1,0.61,PROTECTING,Field_3,0.67,IDLE,,0.61,PROTECTING,Field_2,0.65,MOVING_TO_FIELD,Field_3,0.62,MOVING_TO_CHARGER,Charger_1,0.98,CHARGING,Charger_1,0.62,MOVING_TO_FIELD,Field_3,0.67,MOVING_TO_FIELD,Field_2,0.63,PROTECTING,Field_3,0.60,MOVING_TO_FIELD,Field_1,29,0.27,0,23,0.24,1,6,0.17,2
43,63,2,1,4,1,4,0,0.65,MOVING_TO_FIELD,Field_1,0.74,MOVING_TO_FIELD,Field_3,0.60,PROTECTING,Field_3,0.67,IDLE,,0.60,PROTECTING,Field_2,0.64,MOVING_TO_FIELD,Field_3,0.61,PROTECTING,Field_1,0.99,CHARGING,Charger_1,0.62,IDLE,,0.66,MOVING_TO_CHARGER,Charger_1,0.62,PROTECTING,Field_3,0.59,MOVING_TO_FIELD,Field_1,30,0.30,1,27,0.23,1,6,0.18,2
44,68,3,0,5,1,3,0,0.65,IDLE,,0.74,IDLE,,0.60,PROTECTING,Field_3,0.66,MOVING_TO_FIELD,Field_2,0.59,PROTECTING,Field_2,0.63,MOVING_TO_FIELD,Field_3,0.61,PROTECTING,Field_1,1,IDLE,,0.61,PROTECTING,Field_3,0.65,MOVING_TO_FIELD,Field_1,0.62,PROTECTING,Field_3,0.58,MOVING_TO_CHARGER,Charger_1,34,0.30,1,27,0.23,1,7,0.18,3
45,68,4,0,2,1,5,0,0.64,MOVING_TO_FIELD,Field_3,0.73,MOVING_TO_FIELD,Field_2,0.59,PROTECTING,Field_3,0.66,IDLE,,0.58,MOVING_TO_FIELD,Field_1,0.62,MOVING_TO_FIELD,Field_3,0.60,PROTECTING,Field_1,1,IDLE,,0.61,IDLE,,0.65,IDLE,,0.61,MOVING_TO_CHARGER,Charger_1,0.57,MOVING_TO_FIELD,Field_2,34,0.29,1,27,0.22,0,7,0.18,1
46,72,2,1,4,1,4,0,0.63,PROTECTING,Field_3,0.73,IDLE,,0.58,PROTECTING,Field_3,0.65,MOVING_TO_FIELD,Field_2,0.57,MOVING_TO_CHARGER,Charger_1,0.61,MOVING_TO_FIELD,Field_2,0.59,PROTECTING,Field_1,0.99,MOVING_TO_FIELD,Field_1,0.60,PROTECTING,Field_3,0.64,MOVING_TO_FIELD,Field_3,0.61,IDLE,,0.57,CHARGING,Charger_1,38,0.31,1,27,0.22,0,7,0.18,3
47,74,2,0,3,1,6,0,0.62,PROTECTING,Field_3,0.73,IDLE,,0.57,PROTECTING,Field_3,0.64,MOVING_TO_FIELD,Field_2,0.56,MOVING_TO_FIELD,Field_3,0.60,MOVING_TO_FIELD,Field_1,0.59,PROTECTING,Field_1,0.98,MOVING_TO_FIELD,Field_3,0.60,IDLE,,0.63,MOVING_TO_FIELD,Field_2,0.60,MOVING_TO_CHARGER,Charger_1,0.56,MOVING_TO_FIELD,Field_2,40,0.31,1,27,0.20,0,7,0.16,2
48,76,2,0,3,0,7,0,0.62,PROTECTING,Field_3,0.72,MOVING_TO_FIELD,Field_1,0.57,PROTECTING,Field_3,0.64,IDLE,,0.56,IDLE,,0.59,MOVING_TO_FIELD,Field_2,0.58,MOVING_TO_FIELD,Field_3,0.97,MOVING_TO_FIELD,Field_1,0.59,PROTECTING,Field_3,0.62,MOVING_TO_FIELD,Field_2,0.59,MOVING_TO_FIELD,Field_3,0.55,MOVING_TO_FIELD,Field_1,42,0.30,0,27,0.19,0,7,0.15,3
49,81,0,0,1,4,7,0,0.61,PROTECTING,Field_3,0.71,MOVING_TO_CHARGER,Charger_1,0.56,MOVING_TO_CHARGER,Charger_1,0.63,MOVING_TO_FIELD,Field_3,0.55,MOVING_TO_FIELD,Field_2,0.58,MOVING_TO_FIELD,Field_2,0.57,MOVING_TO_FIELD,Field_1,0.96,MOVING_TO_CHARGER,Charger_1,0.58,MOVING_TO_FIELD,Field_2,0.61,MOVING_TO_CHARGER,Charger_1,0.58,MOVING_TO_FIELD,Field_1,0.54,MOVING_TO_FIELD,Field_1,44,0.30,0,30,0.19,0,7,0.15,1
50,84,2,1,2,1,6,0,0.60,MOVING_TO_FIELD,Field_2,0.71,IDLE,,0.55,MOVING_TO_FIELD,Field_1,0.63,IDLE,,0.54,PROTECTING,Field_2,0.57,MOVING_TO_FIELD,Field_3,0.56,PROTECTING,Field_1,0.96,CHARGING,Charger_1,0.57,MOVING_TO_FIELD,Field_3,0.60,MOVING_TO_CHARGER,Charger_1,0.57,MOVING_TO_FIELD,Field_3,0.53,MOVING_TO_FIELD,Field_2,45,0.30,1,31,0.18,1,8,0.16,0
51,88,2,1,3,2,4,0,0.60,IDLE,,0.70,MOVING_TO_FIELD,Field_1,0.54,MOVING_TO_FIELD,Field_2,0.62,MOVING_TO_CHARGER,Charger_1,0.54,PROTECTING,Field_2,0.56,MOVING_TO_FIELD,Field_3,0.55,PROTECTING,Field_1,0.97,CHARGING,Charger_1,0.56,MOVING_TO_FIELD,Field_3,0.60,IDLE,,0.56,PROTECTING,Field_3,0.52,MOVING_TO_CHARGER,Charger_1,47,0.30,1,33,0.17,1,8,0.16,1
52,91,3,1,3,0,5,0,0.59,PROTECTING,Field_3,0.70,IDLE,,0.54,IDLE,,0.61,MOVING_TO_FIELD,Field_2,0.53,MOVING_TO_FIELD,Field_1,0.55,PROTECTING,Field_3,0.54,MOVING_TO_FIELD,Field_2,0.98,CHARGING,Charger_1,0.55,MOVING_TO_FIELD,Field_1,0.60,IDLE,,0.55,PROTECTING,Field_3,0.51,MOVING_TO_FIELD,Field_3,48,0.29,0,35,0.18,0,8,0.15,3
53,94,4,2,2,0,4,0,0.59,IDLE,,0.70,IDLE,,0.53,MOVING_TO_FIELD,Field_2,0.60,MOVING_TO_FIELD,Field_3,0.52,MOVING_TO_FIELD,Field_2,0.54,PROTECTING,Field_3,0.53,MOVING_TO_FIELD,Field_3,0.99,CHARGING,Charger_1,0.55,IDLE,,0.60,IDLE,,0.54,PROTECTING,Field_3,0.51,CHARGING,Charger_1,50,0.29,0,35,0.17,0,9,0.14,2
54,97,5,0,2,0,5,0,0.58,MOVING_TO_FIELD,Field_2,0.69,MOVING_TO_FIELD,Field_2,0.53,IDLE,,0.60,IDLE,,0.51,MOVING_TO_FIELD,Field_1,0.53,PROTECTING,Field_3,0.52,MOVING_TO_FIELD,Field_1,1,IDLE,,0.55,IDLE,,0.60,IDLE,,0.53,PROTECTING,Field_3,0.50,MOVING_TO_FIELD,Field_2,51,0.29,0,37,0.17,0,9,0.14,2
55,98,2,0,4,1,5,0,0.57,PROTECTING,Field_3,0.69,IDLE,,0.52,MOVING_TO_FIELD,Field_3,0.59,MOVING_TO_FIELD,Field_2,0.50,MOVING_TO_FIELD,Field_2,0.52,PROTECTING,Field_3,0.51,PROTECTING,Field_1,1,IDLE,,0.54,MOVING_TO_FIELD,Field_3,0.59,MOVING_TO_CHARGER,Charger_1,0.53,PROTECTING,Field_3,0.49,MOVING_TO_FIELD,Field_3,51,0.29,1,37,0.16,0,10,0.14,3
56,99,4,0,5,1,2,0,0.56,PROTECTING,Field_3,0.68,MOVING_TO_FIELD,Field_1,0.51,MOVING_TO_FIELD,Field_3,0.59,IDLE,,0.49,PROTECTING,Field_2,0.52,PROTECTING,Field_3,0.50,PROTECTING,Field_1,1,IDLE,,0.54,IDLE,,0.59,IDLE,,0.52,PROTECTING,Field_3,0.48,MOVING_TO_CHARGER,Charger_1,51,0.29,1,38,0.17,1,10,0.15,3
57,102,0,0,6,2,4,0,0.55,PROTECTING,Field_3,0.67,MOVING_TO_FIELD,Field_3,0.50,PROTECTING,Field_3,0.58,MOVING_TO_CHARGER,Charger_1,0.48,PROTECTING,Field_2,0.51,PROTECTING,Field_3,0.50,PROTECTING,Field_1,0.99,MOVING_TO_FIELD,Field_3,0.53,MOVING_TO_CHARGER,Charger_1,0.58,MOVING_TO_FIELD,Field_3,0.51,PROTECTING,Field_3,0.47,MOVING_TO_FIELD,Field_1,53,0.30,1,39,0.17,1,10,0.15,4
58,106,1,2,4,0,5,0,0.55,PROTECTING,Field_3,0.66,MOVING_TO_FIELD,Field_1,0.49,PROTECTING,Field_3,0.57,MOVING_TO_FIELD,Field_3,0.47,MOVING_TO_FIELD,Field_3,0.50,MOVING_TO_FIELD,Field_2,0.49,PROTECTING,Field_1,0.99,CHARGING,Charger_1,0.52,MOVING_TO_FIELD,Field_3,0.58,IDLE,,0.51,PROTECTING,Field_3,0.47,CHARGING,Charger_1,55,0.30,1,41,0.17,0,10,0.15,3
59,108,3,0,5,0,4,0,0.54,PROTECTING,Field_3,0.66,IDLE,,0.48,PROTECTING,Field_3,0.56,MOVING_TO_FIELD,Field_3,0.46,MOVING_TO_FIELD,Field_1,0.49,PROTECTING,Field_3,0.48,PROTECTING,Field_1,1,IDLE,,0.51,PROTECTING,Field_3,0.58,IDLE,,0.50,MOVING_TO_FIELD,Field_2,0.46,MOVING_TO_FIELD,Field_2,57,0.31,1,41,0.17,0,10,0.14,4
60,115,4,0,4,1,3,0,0.53,PROTECTING,Field_3,0.65,MOVING_TO_FIELD,Field_1,0.48,PROTECTING,Field_3,0.55,MOVING_TO_CHARGER,Charger_1,0.45,MOVING_TO_FIELD,Field_2,0.49,IDLE,,0.47,PROTECTING,Field_1,1,IDLE,,0.50,PROTECTING,Field_3,0.58,IDLE,,0.49,MOVING_TO_FIELD,Field_3,0.46,IDLE,,60,0.31,1,45,0.17,0,10,0.12,3
61,116,0,1,5,1,5,0,0.52,MOVING_TO_CHARGER,Charger_1,0.64,MOVING_TO_FIELD,Field_3,0.47,PROTECTING,Field_3,0.54,MOVING_TO_FIELD,Field_2,0.44,PROTECTING,Field_2,0.48,MOVING_TO_FIELD,Field_2,0.47,PROTECTING,Field_1,0.99,MOVING_TO_FIELD,Field_3,0.50,PROTECTING,Field_3,0.57,MOVING_TO_FIELD,Field_3,0.48,PROTECTING,Field_3,0.46,CHARGING,Charger_1,60,0.30,1,46,0.19,1,10,0.11,3
62,118,2,1,2,1,6,0,0.51,MOVING_TO_FIELD,Field_3,0.63,MOVING_TO_FIELD,Field_1,0.46,PROTECTING,Field_3,0.54,IDLE,,0.43,MOVING_TO_FIELD,Field_1,0.47,MOVING_TO_FIELD,Field_1,0.46,MOVING_TO_CHARGER,Charger_1,0.99,CHARGING,Charger_1,0.49,MOVING_TO_FIELD,Field_2,0.57,IDLE,,0.47,PROTECTING,Field_3,0.45,MOVING_TO_FIELD,Field_2,61,0.29,0,47,0.19,0,10,0.11,2
63,119,2,0,3,1,6,0,0.50,MOVING_TO_FIELD,Field_2,0.63,IDLE,,0.45,MOVING_TO_FIELD,Field_1,0.53,MOVING_TO_CHARGER,Charger_1,0.42,MOVING_TO_FIELD,Field_2,0.46,MOVING_TO_FIELD,Field_3,0.45,PROTECTING,Field_1,1,IDLE,,0.48,PROTECTING,Field_3,0.56,MOVING_TO_FIELD,Field_2,0.46,PROTECTING,Field_3,0.44,MOVING_TO_FIELD,Field_1,62,0.28,1,47,0.18,0,10,0.11,2
64,122,2,0,3,0,7,0,0.49,MOVING_TO_FIELD,Field_3,0.62,MOVING_TO_FIELD,Field_1,0.45,IDLE,,0.52,MOVING_TO_FIELD,Field_3,0.41,PROTECTING,Field_2,0.45,MOVING_TO_FIELD,Field_3,0.44,PROTECTING,Field_1,0.99,MOVING_TO_FIELD,Field_1,0.48,IDLE,,0.55,MOVING_TO_FIELD,Field_3,0.46,PROTECTING,Field_3,0.43,MOVING_TO_FIELD,Field_1,63,0.27,1,49,0.18,1,10,0.12,1
65,126,1,0,3,2,6,0,0.48,MOVING_TO_CHARGER,Charger_1,0.61,MOVING_TO_FIELD,Field_3,0.44,PROTECTING,Field_3,0.51,MOVING_TO_FIELD,Field_3,0.40,MOVING_TO_FIELD,Field_1,0.44,MOVING_TO_FIELD,Field_3,0.44,IDLE,,0.98,MOVING_TO_CHARGER,Charger_1,0.47,PROTECTING,Field_3,0.54,MOVING_TO_FIELD,Field_3,0.45,PROTECTING,Field_3,0.42,MOVING_TO_FIELD,Field_1,65,0.29,0,51,0.18,0,10,0.12,3
66,129,2,0,3,0,7,0,0.47,MOVING_TO_FIELD,Field_3,0.60,MOVING_TO_FIELD,Field_3,0.43,MOVING_TO_FIELD,Field_2,0.50,MOVING_TO_FIELD,Field_3,0.39,MOVING_TO_FIELD,Field_1,0.43,MOVING_TO_FIELD,Field_2,0.43,PROTECTING,Field_1,0.98,IDLE,,0.46,PROTECTING,Field_3,0.54,IDLE,,0.44,PROTECTING,Field_3,0.41,MOVING_TO_FIELD,Field_2,66,0.31,1,53,0.18,0,10,0.12,2
67,130,2,1,2,0,7,0,0.46,MOVING_TO_FIELD,Field_2,0.59,MOVING_TO_FIELD,Field_1,0.42,MOVING_TO_FIELD,Field_3,0.49,MOVING_TO_FIELD,Field_3,0.39,IDLE,,0.42,MOVING_TO_FIELD,Field_1,0.42,PROTECTING,Field_1,0.98,CHARGING,Charger_1,0.45,MOVING_TO_FIELD,Field_1,0.53,MOVING_TO_FIELD,Field_2,0.43,PROTECTING,Field_3,0.41,IDLE,,67,0.30,1,53,0.17,0,10,0.12,1
68,132,5,0,1,1,5,0,0.45,MOVING_TO_FIELD,Field_2,0.59,IDLE,,0.41,MOVING_TO_FIELD,Field_2,0.49,IDLE,,0.38,MOVING_TO_FIELD,Field_2,0.41,MOVING_TO_FIELD,Field_2,0.42,PROTECTING,Field_1,0.98,IDLE,,0.44,MOVING_TO_CHARGER,Charger_1,0.53,IDLE,,0.43,IDLE,,0.40,MOVING_TO_FIELD,Field_2,67,0.30,1,55,0.17,0,10,0.11,0
69,133,3,0,0,4,5,0,0.44,MOVING_TO_FIELD,Field_2,0.59,IDLE,,0.40,MOVING_TO_CHARGER,Charger_1,0.48,MOVING_TO_FIELD,Field_3,0.37,MOVING_TO_FIELD,Field_1,0.40,MOVING_TO_FIELD,Field_2,0.41,MOVING_TO_CHARGER,Charger_1,0.98,IDLE,,0.43,MOVING_TO_CHARGER,Charger_1,0.52,MOVING_TO_FIELD,Field_2,0.43,IDLE,,0.39,MOVING_TO_CHARGER,Charger_1,68,0.31,0,55,0.17,0,10,0.11,0
70,137,3,0,0,0,9,0,0.43,MOVING_TO_FIELD,Field_2,0.58,MOVING_TO_FIELD,Field_3,0.39,MOVING_TO_FIELD,Field_3,0.47,MOVING_TO_FIELD,Field_2,0.36,MOVING_TO_FIELD,Field_1,0.39,MOVING_TO_FIELD,Field_2,0.40,MOVING_TO_FIELD,Field_3,0.98,IDLE,,0.42,MOVING_TO_FIELD,Field_3,0.51,MOVING_TO_FIELD,Field_2,0.43,IDLE,,0.39,IDLE,,70,0.29,0,57,0.17,0,10,0.10,0
71,140,5,0,0,3,4,0,0.42,MOVING_TO_FIELD,Field_2,0.57,MOVING_TO_CHARGER,Charger_1,0.38,MOVING_TO_CHARGER,Charger_1,0.46,MOVING_TO_FIELD,Field_1,0.36,IDLE,,0.39,IDLE,,0.39,MOVING_TO_FIELD,Field_1,0.97,MOVING_TO_FIELD,Field_1,0.42,IDLE,,0.50,MOVING_TO_CHARGER,Charger_1,0.43,IDLE,,0.39,IDLE,,73,0.30,0,57,0.18,0,10,0.09,0
72,142,4,0,0,1,7,0,0.42,IDLE,,0.57,IDLE,,0.37,MOVING_TO_CHARGER,Charger_1,0.45,MOVING_TO_FIELD,Field_1,0.36,IDLE,,0.39,IDLE,,0.38,MOVING_TO_FIELD,Field_2,0.96,MOVING_TO_FIELD,Field_1,0.41,MOVING_TO_FIELD,Field_1,0.49,MOVING_TO_FIELD,Field_3,0.42,MOVING_TO_FIELD,Field_2,0.38,MOVING_TO_FIELD,Field_3,73,0.29,0,58,0.19,0,11,0.08,0
73,146,1,0,0,5,6,0,0.41,MOVING_TO_FIELD,Field_2,0.56,MOVING_TO_CHARGER,Charger_1,0.36,MOVING_TO_CHARGER,Charger_1,0.44,MOVING_TO_FIELD,Field_3,0.36,IDLE,,0.38,MOVING_TO_FIELD,Field_3,0.37,MOVING_TO_CHARGER,Charger_1,0.95,MOVING_TO_CHARGER,Charger_1,0.40,MOVING_TO_FIELD,Field_1,0.48,MOVING_TO_FIELD,Field_3,0.41,MOVING_TO_CHARGER,Charger_1,0.37,MOVING_TO_FIELD,Field_2,74,0.32,0,60,0.19,0,12,0.08,0
74,151,3,1,0,1,7,0,0.40,MOVING_TO_FIELD,Field_2,0.56,CHARGING,Charger_1,0.35,MOVING_TO_FIELD,Field_1,0.43,MOVING_TO_FIELD,Field_1,0.35,MOVING_TO_FIELD,Field_3,0.38,IDLE,,0.36,MOVING_TO_FIELD,Field_2,0.95,IDLE,,0.39,MOVING_TO_CHARGER,Charger_1,0.47,MOVING_TO_FIELD,Field_2,0.41,IDLE,,0.36,MOVING_TO_FIELD,Field_3,77,0.33,0,61,0.21,0,13,0.08,0
75,160,3,1,0,0,8,0,0.39,MOVING_TO_FIELD,Field_1,0.57,CHARGING,Charger_1,0.34,MOVING_TO_FIELD,Field_1,0.42,MOVING_TO_FIELD,Field_2,0.34,MOVING_TO_FIELD,Field_1,0.38,IDLE,,0.35,MOVING_TO_FIELD,Field_1,0.95,IDLE,,0.38,MOVING_TO_FIELD,Field_1,0.46,MOVING_TO_FIELD,Field_2,0.40,MOVING_TO_FIELD,Field_1,0.36,IDLE,,80,0.33,0,66,0.21,0,14,0.08,0
76,160,5,0,0,1,6,0,0.38,MOVING_TO_FIELD,Field_2,0.57,IDLE,,0.33,MOVING_TO_CHARGER,Charger_1,0.41,MOVING_TO_FIELD,Field_1,0.34,IDLE,,0.38,IDLE,,0.34,MOVING_TO_FIELD,Field_1,0.95,IDLE,,0.37,MOVING_TO_FIELD,Field_1,0.45,MOVING_TO_FIELD,Field_2,0.39,MOVING_TO_FIELD,Field_2,0.36,IDLE,,80,0.31,0,66,0.20,0,14,0.08,0
77,162,3,0,0,3,6,0,0.37,MOVING_TO_FIELD,Field_3,0.57,IDLE,,0.32,MOVING_TO_CHARGER,Charger_1,0.40,MOVING_TO_CHARGER,Charger_1,0.33,MOVING_TO_FIELD,Field_3,0.38,IDLE,,0.33,MOVING_TO_FIELD,Field_1,0.95,IDLE,,0.36,MOVING_TO_FIELD,Field_1,0.44,MOVING_TO_CHARGER,Charger_1,0.38,MOVING_TO_FIELD,Field_2,0.35,MOVING_TO_FIELD,Field_3,81,0.31,0,67,0.20,0,14,0.06,0
78,165,3,1,0,2,6,0,0.36,MOVING_TO_FIELD,Field_2,0.57,CHARGING,Charger_1,0.31,MOVING_TO_CHARGER,Charger_1,0.39,MOVING_TO_FIELD,Field_3,0.33,IDLE,,0.38,IDLE,,0.32,MOVING_TO_FIELD,Field_2,0.94,MOVING_TO_FIELD,Field_1,0.35,MOVING_TO_CHARGER,Charger_1,0.43,MOVING_TO_FIELD,Field_3,0.37,MOVING_TO_FIELD,Field_2,0.35,IDLE,,82,0.31,0,68,0.20,0,15,0.07,0
79,170,3,2,0,1,6,0,0.35,MOVING_TO_FIELD,Field_2,0.58,CHARGING,Charger_1,0.31,CHARGING,Charger_1,0.38,MOVING_TO_CHARGER,Charger_1,0.32,MOVING_TO_FIELD,Field_3,0.38,IDLE,,0.31,MOVING_TO_FIELD,Field_3,0.94,IDLE,,0.34,MOVING_TO_FIELD,Field_1,0.43,IDLE,,0.36,MOVING_TO_FIELD,Field_2,0.34,MOVING_TO_FIELD,Field_3,84,0.31,0,71,0.21,0,15,0.07,0
80,172,3,1,0,2,6,0,0.34,MOVING_TO_FIELD,Field_2,0.57,MOVING_TO_FIELD,Field_1,0.32,CHARGING,Charger_1,0.37,MOVING_TO_FIELD,Field_3,0.31,MOVING_TO_CHARGER,Charger_1,0.38,IDLE,,0.30,MOVING_TO_FIELD,Field_2,0.94,IDLE,,0.33,MOVING_TO_CHARGER,Charger_1,0.42,MOVING_TO_FIELD,Field_2,0.35,MOVING_TO_FIELD,Field_2,0.34,IDLE,,86,0.32,0,71,0.22,0,15,0.08,0
81,173,3,1,0,0,8,0,0.33,MOVING_TO_FIELD,Field_2,0.56,MOVING_TO_FIELD,Field_3,0.33,CHARGING,Charger_1,0.36,MOVING_TO_FIELD,Field_1,0.31,IDLE,,0.38,IDLE,,0.29,MOVING_TO_FIELD,Field_2,0.93,MOVING_TO_FIELD,Field_2,0.32,MOVING_TO_FIELD,Field_1,0.41,MOVING_TO_FIELD,Field_1,0.34,MOVING_TO_FIELD,Field_2,0.34,IDLE,,86,0.33,0,72,0.23,0,15,0.07,0
82,175,5,1,0,1,5,0,0.32,MOVING_TO_FIELD,Field_2,0.56,IDLE,,0.34,CHARGING,Charger_1,0.35,MOVING_TO_FIELD,Field_1,0.31,IDLE,,0.38,IDLE,,0.28,MOVING_TO_FIELD,Field_1,0.92,MOVING_TO_FIELD,Field_2,0.31,MOVING_TO_CHARGER,Charger_1,0.41,IDLE,,0.33,MOVING_TO_FIELD,Field_1,0.34,IDLE,,87,0.33,0,73,0.23,0,15,0.07,0
83,180,2,2,0,2,6,0,0.31,MOVING_TO_FIELD,Field_2,0.56,CHARGING,Charger_1,0.35,CHARGING,Charger_1,0.34,MOVING_TO_CHARGER,Charger_1,0.30,MOVING_TO_FIELD,Field_3,0.37,MOVING_TO_FIELD,Field_1,0.27,MOVING_TO_FIELD,Field_2,0.91,MOVING_TO_FIELD,Field_2,0.30,MOVING_TO_FIELD,Field_1,0.41,IDLE,,0.32,MOVING_TO_CHARGER,Charger_1,0.34,IDLE,,89,0.33,0,75,0.21,0,16,0.07,0
84,182,2,0,0,2,8,0,0.30,MOVING_TO_CHARGER,Charger_1,0.55,MOVING_TO_FIELD,Field_3,0.34,MOVING_TO_FIELD,Field_3,0.33,MOVING_TO_FIELD,Field_1,0.29,MOVING_TO_FIELD,Field_3,0.37,IDLE,,0.26,MOVING_TO_FIELD,Field_2,0.90,MOVING_TO_FIELD,Field_3,0.29,MOVING_TO_CHARGER,Charger_1,0.40,MOVING_TO_FIELD,Field_1,0.32,IDLE,,0.33,MOVING_TO_FIELD,Field_3,91,0.31,0,75,0.21,0,16,0.07,0
85,184,4,1,0,1,6,0,0.30,IDLE,,0.54,MOVING_TO_FIELD,Field_2,0.34,CHARGING,Charger_1,0.32,MOVING_TO_FIELD,Field_1,0.28,MOVING_TO_FIELD,Field_3,0.37,IDLE,,0.25,MOVING_TO_FIELD,Field_2,0.89,MOVING_TO_FIELD,Field_2,0.29,IDLE,,0.40,IDLE,,0.31,MOVING_TO_CHARGER,Charger_1,0.32,MOVING_TO_FIELD,Field_1,92,0.29,0,76,0.20,0,16,0.06,0
86,184,2,1,0,1,8,0,0.29,MOVING_TO_FIELD,Field_1,0.53,MOVING_TO_FIELD,Field_3,0.35,CHARGING,Charger_1,0.31,MOVING_TO_FIELD,Field_1,0.27,MOVING_TO_FIELD,Field_3,0.36,MOVING_TO_FIELD,Field_1,0.25,IDLE,,0.88,MOVING_TO_FIELD,Field_1,0.28,MOVING_TO_FIELD,Field_1,0.40,IDLE,,0.30,MOVING_TO_CHARGER,Charger_1,0.31,MOVING_TO_FIELD,Field_1,92,0.30,0,76,0.19,0,16,0.07,0
87,187,1,1,0,2,8,0,0.29,IDLE,,0.52,MOVING_TO_FIELD,Field_3,0.36,CHARGING,Charger_1,0.30,MOVING_TO_FIELD,Field_1,0.26,MOVING_TO_FIELD,Field_3,0.35,MOVING_TO_FIELD,Field_1,0.24,MOVING_TO_FIELD,Field_2,0.87,MOVING_TO_FIELD,Field_2,0.27,MOVING_TO_CHARGER,Charger_1,0.39,MOVING_TO_FIELD,Field_2,0.29,MOVING_TO_CHARGER,Charger_1,0.30,MOVING_TO_FIELD,Field_3,93,0.29,0,78,0.19,0,16,0.07,0
88,191,2,1,0,2,7,0,0.29,IDLE,,0.51,MOVING_TO_FIELD,Field_3,0.35,MOVING_TO_FIELD,Field_2,0.29,MOVING_TO_FIELD,Field_1,0.25,MOVING_TO_FIELD,Field_3,0.34,MOVING_TO_CHARGER,Charger_1,0.23,MOVING_TO_FIELD,Field_2,0.86,MOVING_TO_FIELD,Field_2,0.27,CHARGING,Charger_1,0.38,MOVING_TO_FIELD,Field_3,0.28,MOVING_TO_CHARGER,Charger_1,0.30,IDLE,,95,0.27,0,79,0.19,0,17,0.07,0
89,192,3,2,1,2,4,0,0.29,IDLE,,0.51,IDLE,,0.35,CHARGING,Charger_1,0.28,PROTECTING,Field_1,0.24,MOVING_TO_FIELD,Field_3,0.33,MOVING_TO_CHARGER,Charger_1,0.22,MOVING_TO_FIELD,Field_2,0.85,MOVING_TO_CHARGER,Charger_1,0.26,MOVING_TO_FIELD,Field_1,0.38,IDLE,,0.28,CHARGING,Charger_1,0.29,MOVING_TO_FIELD,Field_2,96,0.27,1,79,0.19,0,17,0.08,0
90,193,1,2,0,2,7,0,0.29,IDLE,,0.50,MOVING_TO_FIELD,Field_3,0.36,CHARGING,Charger_1,0.27,MOVING_TO_FIELD,Field_3,0.23,MOVING_TO_FIELD,Field_3,0.32,MOVING_TO_CHARGER,Charger_1,0.21,MOVING_TO_FIELD,Field_2,0.84,MOVING_TO_FIELD,Field_1,0.25,MOVING_TO_CHARGER,Charger_1,0.37,MOVING_TO_FIELD,Field_1,0.29,CHARGING,Charger_1,0.28,MOVING_TO_FIELD,Field_1,96,0.26,0,79,0.20,0,18,0.08,0
91,196,2,3,0,1,6,0,0.29,IDLE,,0.49,MOVING_TO_FIELD,Field_3,0.37,CHARGING,Charger_1,0.26,MOVING_TO_FIELD,Field_1,0.22,MOVING_TO_FIELD,Field_3,0.31,MOVING_TO_CHARGER,Charger_1,0.20,MOVING_TO_FIELD,Field_2,0.84,IDLE,,0.25,CHARGING,Charger_1,0.36,MOVING_TO_FIELD,Field_2,0.30,CHARGING,Charger_1,0.27,MOVING_TO_FIELD,Field_1,99,0.27,0,79,0.20,0,18,0.10,0
92,199,2,3,0,2,5,0,0.29,IDLE,,0.48,MOVING_TO_FIELD,Field_3,0.38,CHARGING,Charger_1,0.25,MOVING_TO_CHARGER,Charger_1,0.22,IDLE,,0.31,CHARGING,Charger_1,0.19,MOVING_TO_FIELD,Field_2,0.83,MOVING_TO_FIELD,Field_2,0.26,CHARGING,Charger_1,0.35,MOVING_TO_CHARGER,Charger_1,0.29,MOVING_TO_FIELD,Field_1,0.26,MOVING_TO_FIELD,Field_1,101,0.27,0,80,0.19,0,18,0.11,0
93,203,2,1,0,1,8,0,0.28,MOVING_TO_FIELD,Field_1,0.47,MOVING_TO_FIELD,Field_3,0.37,MOVING_TO_FIELD,Field_2,0.24,MOVING_TO_FIELD,Field_2,0.22,IDLE,,0.30,MOVING_TO_FIELD,Field_3,0.18,MOVING_TO_CHARGER,Charger_1,0.82,MOVING_TO_FIELD,Field_2,0.27,CHARGING,Charger_1,0.35,IDLE,,0.28,MOVING_TO_FIELD,Field_3,0.25,MOVING_TO_FIELD,Field_2,104,0.26,0,81,0.19,0,18,0.12,0
94,205,0,3,0,1,8,0,0.27,MOVING_TO_FIELD,Field_3,0.46,MOVING_TO_FIELD,Field_3,0.37,CHARGING,Charger_1,0.23,MOVING_TO_FIELD,Field_1,0.21,MOVING_TO_FIELD,Field_3,0.30,CHARGING,Charger_1,0.17,MOVING_TO_CHARGER,Charger_1,0.81,MOVING_TO_FIELD,Field_3,0.26,MOVING_TO_FIELD,Field_1,0.34,MOVING_TO_FIELD,Field_3,0.28,CHARGING,Charger_1,0.24,MOVING_TO_FIELD,Field_1,105,0.24,0,81,0.20,0,19,0.13,0
95,206,1,3,2,1,5,0,0.27,IDLE,,0.45,PROTECTING,Field_3,0.38,CHARGING,Charger_1,0.22,PROTECTING,Field_1,0.20,MOVING_TO_FIELD,Field_3,0.31,CHARGING,Charger_1,0.16,MOVING_TO_FIELD,Field_1,0.80,MOVING_TO_FIELD,Field_2,0.25,MOVING_TO_CHARGER,Charger_1,0.33,MOVING_TO_FIELD,Field_2,0.29,CHARGING,Charger_1,0.23,MOVING_TO_FIELD,Field_1,106,0.25,1,81,0.19,0,19,0.12,1
96,207,3,3,3,0,3,0,0.27,IDLE,,0.45,PROTECTING,Field_3,0.37,MOVING_TO_FIELD,Field_2,0.21,PROTECTING,Field_1,0.19,PROTECTING,Field_3,0.32,CHARGING,Charger_1,0.15,MOVING_TO_FIELD,Field_2,0.80,IDLE,,0.25,CHARGING,Charger_1,0.33,IDLE,,0.30,CHARGING,Charger_1,0.22,MOVING_TO_FIELD,Field_1,106,0.25,1,82,0.16,0,19,0.13,2
97,211,2,3,1,1,5,0,0.26,MOVING_TO_FIELD,Field_2,0.44,MOVING_TO_CHARGER,Charger_1,0.37,CHARGING,Charger_1,0.20,MOVING_TO_FIELD,Field_3,0.18,PROTECTING,Field_3,0.33,CHARGING,Charger_1,0.14,MOVING_TO_FIELD,Field_2,0.80,IDLE,,0.26,CHARGING,Charger_1,0.33,IDLE,,0.29,MOVING_TO_FIELD,Field_2,0.21,MOVING_TO_FIELD,Field_1,108,0.22,0,83,0.15,0,20,0.12,1
98,213,1,3,1,0,7,0,0.25,MOVING_TO_FIELD,Field_3,0.44,IDLE,,0.38,CHARGING,Charger_1,0.19,MOVING_TO_FIELD,Field_1,0.18,PROTECTING,Field_3,0.34,CHARGING,Charger_1,0.13,MOVING_TO_FIELD,Field_2,0.79,MOVING_TO_FIELD,Field_1,0.25,MOVING_TO_FIELD,Field_3,0.32,MOVING_TO_FIELD,Field_3,0.29,CHARGING,Charger_1,0.20,MOVING_TO_FIELD,Field_2,109,0.23,0,83,0.18,0,21,0.12,1
99,219,0,3,2,0,7,0,0.24,MOVING_TO_FIELD,Field_3,0.43,MOVING_TO_FIELD,Field_3,0.39,CHARGING,Charger_1,0.18,MOVING_TO_FIELD,Field_2,0.17,PROTECTING,Field_3,0.35,CHARGING,Charger_1,0.12,PROTECTING,Field_2,0.78,MOVING_TO_FIELD,Field_2,0.24,MOVING_TO_FIELD,Field_1,0.31,MOVING_TO_FIELD,Field_1,0.30,CHARGING,Charger_1,0.19,MOVING_TO_FIELD,Field_1,113,0.24,0,84,0.18,1,22,0.12,1
100,222,2,3,3,0,4,0,0.23,MOVING_TO_FIELD,Field_3,0.43,IDLE,,0.40,CHARGING,Charger_1,0.17,PROTECTING,Field_1,0.16,PROTECTING,Field_3,0.34,MOVING_TO_FIELD,Field_3,0.11,PROTECTING,Field_2,0.77,MOVING_TO_FIELD,Field_2,0.24,CHARGING,Charger_1,0.30,MOVING_TO_FIELD,Field_2,0.31,CHARGING,Charger_1,0.19,IDLE,,114,0.22,1,86,0.18,1,22,0.12,1
101,226,3,2,1,2,4,0,0.22,MOVING_TO_FIELD,Field_3,0.42,MOVING_TO_FIELD,Field_2,0.41,CHARGING,Charger_1,0.17,IDLE,,0.16,IDLE,,0.33,MOVING_TO_CHARGER,Charger_1,0.10,MOVING_TO_CHARGER,Charger_1,0.77,IDLE,,0.23,MOVING_TO_FIELD,Field_1,0.29,MOVING_TO_FIELD,Field_2,0.32,CHARGING,Charger_1,0.18,PROTECTING,Field_1,116,0.22,1,87,0.18,0,23,0.12,0
102,226,1,1,0,3,7,0,0.21,MOVING_TO_FIELD,Field_3,0.41,MOVING_TO_CHARGER,Charger_1,0.42,CHARGING,Charger_1,0.16,MOVING_TO_CHARGER,Charger_1,0.16,IDLE,,0.32,MOVING_TO_FIELD,Field_1,0.09,MOVING_TO_FIELD,Field_1,0.76,MOVING_TO_FIELD,Field_2,0.22,MOVING_TO_CHARGER,Charger_1,0.28,MOVING_TO_FIELD,Field_2,0.31,MOVING_TO_FIELD,Field_2,0.17,MOVING_TO_FIELD,Field_2,116,0.22,0,87,0.19,0,23,0.12,0
103,232,1,2,1,1,7,0,0.20,MOVING_TO_FIELD,Field_3,0.40,MOVING_TO_FIELD,Field_3,0.41,MOVING_TO_FIELD,Field_3,0.15,MOVING_TO_FIELD,Field_3,0.15,PROTECTING,Field_3,0.32,CHARGING,Charger_1,0.08,MOVING_TO_CHARGER,Charger_1,0.75,MOVING_TO_FIELD,Field_2,0.21,MOVING_TO_FIELD,Field_2,0.27,MOVING_TO_FIELD,Field_1,0.31,CHARGING,Charger_1,0.17,IDLE,,118,0.21,0,89,0.20,0,25,0.15,1
104,237,4,0,1,0,7,0,0.19,MOVING_TO_FIELD,Field_3,0.40,IDLE,,0.40,MOVING_TO_FIELD,Field_2,0.14,MOVING_TO_FIELD,Field_2,0.15,PROTECTING,Field_3,0.32,IDLE,,0.07,MOVING_TO_FIELD,Field_1,0.75,IDLE,,0.20,MOVING_TO_FIELD,Field_2,0.26,MOVING_TO_FIELD,Field_1,0.31,IDLE,,0.16,MOVING_TO_FIELD,Field_2,119,0.19,0,93,0.21,0,25,0.14,1
105,241,4,2,0,3,3,0,0.18,MOVING_TO_FIELD,Field_1,0.40,IDLE,,0.39,MOVING_TO_CHARGER,Charger_1,0.14,IDLE,,0.14,MOVING_TO_CHARGER,Charger_1,0.32,CHARGING,Charger_1,0.06,MOVING_TO_CHARGER,Charger_1,0.75,IDLE,,0.20,IDLE,,0.25,MOVING_TO_FIELD,Field_1,0.31,CHARGING,Charger_1,0.15,MOVING_TO_FIELD,Field_1,122,0.19,0,93,0.21,0,26,0.14,0
106,243,1,2,1,2,6,0,0.17,MOVING_TO_FIELD,Field_3,0.39,MOVING_TO_FIELD,Field_2,0.38,MOVING_TO_FIELD,Field_2,0.14,IDLE,,0.13,MOVING_TO_FIELD,Field_2,0.33,CHARGING,Charger_1,0.05,MOVING_TO_FIELD,Field_2,0.74,MOVING_TO_FIELD,Field_1,0.19,MOVING_TO_CHARGER,Charger_1,0.24,MOVING_TO_CHARGER,Charger_1,0.32,CHARGING,Charger_1,0.14,PROTECTING,Field_1,123,0.20,1,93,0.21,0,27,0.14,0
107,243,2,2,1,2,5,0,0.16,MOVING_TO_FIELD,Field_3,0.39,IDLE,,0.37,MOVING_TO_CHARGER,Charger_1,0.13,MOVING_TO_FIELD,Field_2,0.13,IDLE,,0.34,CHARGING,Charger_1,0.04,MOVING_TO_FIELD,Field_3,0.73,MOVING_TO_FIELD,Field_2,0.18,MOVING_TO_CHARGER,Charger_1,0.23,MOVING_TO_FIELD,Field_1,0.33,CHARGING,Charger_1,0.13,PROTECTING,Field_1,123,0.21,1,93,0.22,0,27,0.14,0
108,245,2,3,1,1,5,0,0.15,MOVING_TO_FIELD,Field_3,0.39,IDLE,,0.36,MOVING_TO_FIELD,Field_2,0.13,IDLE,,0.12,MOVING_TO_FIELD,Field_2,0.35,CHARGING,Charger_1,0.03,MOVING_TO_CHARGER,Charger_1,0.72,MOVING_TO_FIELD,Field_3,0.18,CHARGING,Charger_1,0.22,MOVING_TO_FIELD,Field_1,0.34,CHARGING,Charger_1,0.13,PROTECTING,Field_1,123,0.23,1,95,0.24,0,27,0.15,0
109,249,3,1,0,0,8,0,0.14,MOVING_TO_FIELD,Field_3,0.39,IDLE,,0.35,MOVING_TO_FIELD,Field_3,0.13,IDLE,,0.11,MOVING_TO_FIELD,Field_2,0.34,MOVING_TO_FIELD,Field_1,0.02,MOVING_TO_FIELD,Field_1,0.71,MOVING_TO_FIELD,Field_3,0.17,MOVING_TO_FIELD,Field_3,0.21,MOVING_TO_FIELD,Field_1,0.35,CHARGING,Charger_1,0.13,IDLE,,127,0.23,0,95,0.25,0,27,0.16,0
110,250,5,0,0,0,7,0,0.14,IDLE,,0.39,IDLE,,0.34,MOVING_TO_FIELD,Field_3,0.12,MOVING_TO_FIELD,Field_1,0.10,MOVING_TO_FIELD,Field_2,0.34,IDLE,,0.02,IDLE,,0.70,MOVING_TO_FIELD,Field_3,0.16,MOVING_TO_FIELD,Field_3,0.21,IDLE,,0.34,MOVING_TO_FIELD,Field_3,0.12,MOVING_TO_FIELD,Field_2,127,0.22,0,96,0.25,0,27,0.17,0
111,251,2,0,0,1,9,0,0.13,MOVING_TO_FIELD,Field_3,0.39,IDLE,,0.33,MOVING_TO_FIELD,Field_2,0.12,IDLE,,0.09,MOVING_TO_FIELD,Field_3,0.33,MOVING_TO_FIELD,Field_1,0.01,MOVING_TO_FIELD,Field_1,0.69,MOVING_TO_FIELD,Field_3,0.15,MOVING_TO_FIELD,Field_3,0.20,MOVING_TO_FIELD,Field_1,0.33,MOVING_TO_FIELD,Field_3,0.11,MOVING_TO_CHARGER,Charger_1,128,0.22,0,96,0.25,0,27,0.18,0
112,256,1,0,0,2,8,1,0.12,MOVING_TO_CHARGER,Charger_1,0.38,MOVING_TO_FIELD,Field_2,0.32,MOVING_TO_FIELD,Field_3,0.12,IDLE,,0.08,MOVING_TO_FIELD,Field_2,0.32,MOVING_TO_CHARGER,Charger_1,0,TERMINATED,Field_1,0.68,MOVING_TO_FIELD,Field_3,0.14,MOVING_TO_FIELD,Field_3,0.19,MOVING_TO_FIELD,Field_2,0.32,MOVING_TO_FIELD,Field_3,0.10,MOVING_TO_FIELD,Field_2,130,0.21,0,99,0.26,0,27,0.18,0
113,262,2,0,0,1,8,1,0.11,MOVING_TO_FIELD,Field_3,0.37,MOVING_TO_FIELD,Field_2,0.31,MOVING_TO_FIELD,Field_3,0.11,MOVING_TO_FIELD,Field_3,0.07,MOVING_TO_FIELD,Field_3,0.32,IDLE,,0,TERMINATED,Field_1,0.67,MOVING_TO_FIELD,Field_3,0.13,MOVING_TO_CHARGER,Charger_1,0.19,IDLE,,0.31,MOVING_TO_FIELD,Field_3,0.09,MOVING_TO_FIELD,Field_3,133,0.22,0,101,0.25,0,28,0.18,0
114,264,1,0,1,0,9,1,0.10,PROTECTING,Field_3,0.37,IDLE,,0.30,MOVING_TO_FIELD,Field_3,0.10,MOVING_TO_FIELD,Field_1,0.06,MOVING_TO_FIELD,Field_2,0.31,MOVING_TO_FIELD,Field_1,0,TERMINATED,Field_1,0.66,MOVING_TO_FIELD,Field_3,0.12,MOVING_TO_FIELD,Field_1,0.18,MOVING_TO_FIELD,Field_2,0.30,MOVING_TO_FIELD,Field_3,0.08,MOVING_TO_FIELD,Field_2,134,0.22,0,102,0.27,0,28,0.18,1
115,270,2,0,0,4,5,1,0.09,MOVING_TO_CHARGER,Charger_1,0.37,IDLE,,0.29,MOVING_TO_FIELD,Field_3,0.10,IDLE,,0.05,MOVING_TO_FIELD,Field_2,0.30,MOVING_TO_FIELD,Field_1,0,TERMINATED,Field_1,0.65,MOVING_TO_CHARGER,Charger_1,0.11,MOVING_TO_FIELD,Field_3,0.17,MOVING_TO_CHARGER,Charger_1,0.29,MOVING_TO_CHARGER,Charger_1,0.07,MOVING_TO_FIELD,Field_2,135,0.22,0,106,0.25,0,29,0.18,0
116,270,1,0,0,0,10,1,0.08,MOVING_TO_FIELD,Field_3,0.36,MOVING_TO_FIELD,Field_3,0.29,IDLE,,0.09,MOVING_TO_FIELD,Field_3,0.04,MOVING_TO_FIELD,Field_3,0.29,MOVING_TO_FIELD,Field_1,0,TERMINATED,Field_1,0.64,MOVING_TO_FIELD,Field_3,0.10,MOVING_TO_FIELD,Field_3,0.16,MOVING_TO_FIELD,Field_3,0.28,MOVING_TO_FIELD,Field_3,0.06,MOVING_TO_FIELD,Field_2,135,0.22,0,106,0.25,0,29,0.17,0
117,275,0,0,1,1,9,1,0.07,PROTECTING,Field_3,0.35,MOVING_TO_FIELD,Field_1,0.28,MOVING_TO_FIELD,Field_3,0.08,MOVING_TO_FIELD,Field_2,0.03,MOVING_TO_FIELD,Field_2,0.28,MOVING_TO_FIELD,Field_3,0,TERMINATED,Field_1,0.63,MOVING_TO_CHARGER,Charger_1,0.09,MOVING_TO_FIELD,Field_1,0.15,MOVING_TO_FIELD,Field_2,0.27,MOVING_TO_FIELD,Field_3,0.05,MOVING_TO_FIELD,Field_2,137,0.22,0,107,0.25,0,31,0.19,1
118,278,1,0,0,3,7,1,0.06,MOVING_TO_CHARGER,Charger_1,0.34,MOVING_TO_FIELD,Field_3,0.27,MOVING_TO_FIELD,Field_3,0.08,IDLE,,0.02,MOVING_TO_FIELD,Field_1,0.27,MOVING_TO_FIELD,Field_3,0,TERMINATED,Field_1,0.62,MOVING_TO_CHARGER,Charger_1,0.08,MOVING_TO_FIELD,Field_3,0.14,MOVING_TO_CHARGER,Charger_1,0.26,MOVING_TO_FIELD,Field_2,0.04,MOVING_TO_FIELD,Field_2,138,0.21,0,109,0.26,0,31,0.20,0
119,281,3,0,0,0,8,1,0.05,MOVING_TO_FIELD,Field_2,0.33,MOVING_TO_FIELD,Field_2,0.26,MOVING_TO_FIELD,Field_3,0.07,MOVING_TO_FIELD,Field_3,0.02,IDLE,,0.27,IDLE,,0,TERMINATED,Field_1,0.62,IDLE,,0.07,MOVING_TO_FIELD,Field_3,0.13,MOVING_TO_FIELD,Field_3,0.25,MOVING_TO_FIELD,Field_3,0.03,MOVING_TO_FIELD,Field_3,138,0.19,0,111,0.27,0,32,0.21,0
120,284,2,0,0,0,9,1,0.04,MOVING_TO_FIELD,Field_3,0.32,MOVING_TO_FIELD,Field_3,0.25,MOVING_TO_FIELD,Field_2,0.06,MOVING_TO_FIELD,Field_2,0.01,MOVING_TO_FIELD,Field_2,0.26,MOVING_TO_FIELD,Field_1,0,TERMINATED,Field_1,0.61,MOVING_TO_FIELD,Field_3,0.07,IDLE,,0.12,MOVING_TO_FIELD,Field_3,0.24,MOVING_TO_FIELD,Field_1,0.03,IDLE,,140,0.19,0,111,0.27,0,33,0.22,0
121,295,1,0,1,0,8,2,0.03,PROTECTING,Field_3,0.31,MOVING_TO_FIELD,Field_2,0.24,MOVING_TO_FIELD,Field_3,0.05,MOVING_TO_FIELD,Field_1,0,TERMINATED,Charger_1,0.25,MOVING_TO_FIELD,Field_2,0,TERMINATED,Field_1,0.60,MOVING_TO_FIELD,Field_3,0.07,IDLE,,0.11,MOVING_TO_FIELD,Field_2,0.23,MOVING_TO_FIELD,Field_1,0.02,MOVING_TO_FIELD,Field_2,143,0.19,0,116,0.28,0,36,0.21,1
122,300,3,0,0,3,4,2,0.03,IDLE,,0.30,MOVING_TO_CHARGER,Charger_1,0.23,MOVING_TO_FIELD,Field_2,0.04,MOVING_TO_FIELD,Field_1,0,TERMINATED,Charger_1,0.24,MOVING_TO_FIELD,Field_1,0,TERMINATED,Field_1,0.59,MOVING_TO_FIELD,Field_3,0.07,IDLE,,0.11,IDLE,,0.22,MOVING_TO_CHARGER,Charger_1,0.01,MOVING_TO_CHARGER,Charger_1,144,0.19,0,119,0.27,0,37,0.22,0
123,302,2,0,1,1,5,3,0.02,PROTECTING,Field_3,0.29,MOVING_TO_FIELD,Field_2,0.22,MOVING_TO_FIELD,Field_3,0.03,MOVING_TO_FIELD,Field_1,0,TERMINATED,Charger_1,0.23,MOVING_TO_CHARGER,Charger_1,0,TERMINATED,Field_1,0.58,MOVING_TO_FIELD,Field_1,0.07,IDLE,,0.11,IDLE,,0.21,MOVING_TO_FIELD,Field_2,0,TERMINATED,Field_1,145,0.19,0,120,0.26,0,37,0.21,1
124,302,3,0,1,1,4,3,0.02,IDLE,,0.28,MOVING_TO_FIELD,Field_3,0.21,MOVING_TO_FIELD,Field_2,0.02,PROTECTING,Field_1,0,TERMINATED,Charger_1,0.22,MOVING_TO_FIELD,Field_1,0,TERMINATED,Field_1,0.57,MOVING_TO_CHARGER,Charger_1,0.07,IDLE,,0.11,IDLE,,0.20,MOVING_TO_FIELD,Field_2,0,TERMINATED,Field_1,145,0.20,1,120,0.24,0,37,0.21,0
125,304,1,0,0,0,8,3,0.02,IDLE,,0.27,MOVING_TO_FIELD,Field_3,0.20,MOVING_TO_FIELD,Field_3,0.01,MOVING_TO_FIELD,Field_3,0,TERMINATED,Charger_1,0.21,MOVING_TO_FIELD,Field_1,0,TERMINATED,Field_1,0.56,MOVING_TO_FIELD,Field_1,0.06,MOVING_TO_FIELD,Field_3,0.10,MOVING_TO_FIELD,Field_3,0.19,MOVING_TO_FIELD,Field_2,0,TERMINATED,Field_1,145,0.19,0,121,0.22,0,38,0.19,0
126,307,5,0,1,0,2,4,0.02,IDLE,,0.27,IDLE,,0.19,PROTECTING,Field_3,0,TERMINATED,Field_1,0,TERMINATED,Charger_1,0.21,IDLE,,0,TERMINATED,Field_1,0.55,MOVING_TO_FIELD,Field_1,0.06,IDLE,,0.10,IDLE,,0.18,MOVING_TO_FIELD,Field_2,0,TERMINATED,Field_1,146,0.20,0,122,0.23,0,39,0.19,1
127,311,4,0,0,0,4,4,0.02,IDLE,,0.27,IDLE,,0.19,IDLE,,0,TERMINATED,Field_1,0,TERMINATED,Charger_1,0.20,MOVING_TO_FIELD,Field_2,0,TERMINATED,Field_1,0.54,MOVING_TO_FIELD,Field_1,0.06,IDLE,,0.09,MOVING_TO_FIELD,Field_2,0.17,MOVING_TO_FIELD,Field_2,0,TERMINATED,Field_1,147,0.18,0,124,0.23,0,40,0.21,0
128,312,3,0,0,1,4,4,0.02,IDLE,,0.26,MOVING_TO_FIELD,Field_3,0.18,MOVING_TO_FIELD,Field_1,0,TERMINATED,Field_1,0,TERMINATED,Charger_1,0.19,MOVING_TO_FIELD,Field_2,0,TERMINATED,Field_1,0.53,MOVING_TO_FIELD,Field_2,0.06,IDLE,,0.09,IDLE,,0.16,MOVING_TO_CHARGER,Charger_1,0,TERMINATED,Field_1,147,0.18,0,125,0.23,0,40,0.19,0
129,314,4,0,1,0,3,4,0.02,IDLE,,0.26,IDLE,,0.17,PROTECTING,Field_3,0,TERMINATED,Field_1,0,TERMINATED,Charger_1,0.18,MOVING_TO_FIELD,Field_2,0,TERMINATED,Field_1,0.52,MOVING_TO_FIELD,Field_1,0.06,IDLE,,0.09,IDLE,,0.15,MOVING_TO_FIELD,Field_2,0,TERMINATED,Field_1,147,0.19,0,125,0.23,0,42,0.20,1
130,317,3,0,0,1,4,4,0.02,IDLE,,0.25,MOVING_TO_FIELD,Field_3,0.17,IDLE,,0,TERMINATED,Field_1,0,TERMINATED,Charger_1,0.17,MOVING_TO_FIELD,Field_2,0,TERMINATED,Field_1,0.51,MOVING_TO_FIELD,Field_1,0.06,IDLE,,0.08,MOVING_TO_CHARGER,Charger_1,0.14,MOVING_TO_FIELD,Field_2,0,TERMINATED,Field_1,147,0.18,0,125,0.23,0,45,0.19,0
131,321,3,0,0,1,4,4,0.02,IDLE,,0.24,MOVING_TO_FIELD,Field_3,0.16,MOVING_TO_CHARGER,Charger_1,0,TERMINATED,Field_1,0,TERMINATED,Charger_1,0.16,MOVING_TO_FIELD,Field_2,0,TERMINATED,Field_1,0.50,MOVING_TO_FIELD,Field_1,0.06,IDLE,,0.08,IDLE,,0.13,MOVING_TO_FIELD,Field_3,0,TERMINATED,Field_1,149,0.17,0,126,0.24,0,46,0.18,0
132,326,2,0,0,3,3,4,0.02,IDLE,,0.23,MOVING_TO_CHARGER,Charger_1,0.15,MOVING_TO_CHARGER,Charger_1,0,TERMINATED,Field_1,0,TERMINATED,Charger_1,0.15,MOVING_TO_FIELD,Field_2,0,TERMINATED,Field_1,0.49,MOVING_TO_FIELD,Field_1,0.06,IDLE,,0.07,MOVING_TO_CHARGER,Charger_1,0.12,MOVING_TO_FIELD,Field_2,0,TERMINATED,Field_1,151,0.16,0,128,0.23,0,47,0.20,0
133,331,2,0,0,1,5,4,0.02,IDLE,,0.22,MOVING_TO_FIELD,Field_3,0.14,MOVING_TO_FIELD,Field_3,0,TERMINATED,Field_1,0,TERMINATED,Charger_1,0.14,MOVING_TO_FIELD,Field_2,0,TERMINATED,Field_1,0.48,MOVING_TO_FIELD,Field_1,0.06,IDLE,,0.06,MOVING_TO_CHARGER,Charger_1,0.11,MOVING_TO_FIELD,Field_1,0,TERMINATED,Field_1,154,0.17,0,129,0.24,0,48,0.19,0
134,333,1,0,0,4,3,4,0.02,IDLE,,0.21,MOVING_TO_FIELD,Field_1,0.13,MOVING_TO_CHARGER,Charger_1,0,TERMINATED,Field_1,0,TERMINATED,Charger_1,0.13,MOVING_TO_FIELD,Field_2,0,TERMINATED,Field_1,0.47,MOVING_TO_CHARGER,Charger_1,0.05,MOVING_TO_CHARGER,Charger_1,0.05,MOVING_TO_CHARGER,Charger_1,0.10,MOVING_TO_FIELD,Field_2,0,TERMINATED,Field_1,154,0.16,0,131,0.24,0,48,0.18,0
135,333,1,1,0,3,3,4,0.02,IDLE,,0.20,MOVING_TO_FIELD,Field_3,0.12,MOVING_TO_CHARGER,Charger_1,0,TERMINATED,Field_1,0,TERMINATED,Charger_1,0.12,MOVING_TO_CHARGER,Charger_1,0,TERMINATED,Field_1,0.46,MOVING_TO_FIELD,Field_1,0.04,MOVING_TO_CHARGER,Charger_1,0.05,CHARGING,Charger_1,0.09,MOVING_TO_FIELD,Field_2,0,TERMINATED,Field_1,154,0.15,0,131,0.24,0,48,0.18,0
136,336,0,1,2,2,3,4,0.01,PROTECTING,Field_3,0.19,MOVING_TO_FIELD,Field_3,0.11,MOVING_TO_CHARGER,Charger_1,0,TERMINATED,Field_1,0,TERMINATED,Charger_1,0.11,MOVING_TO_FIELD,Field_1,0,TERMINATED,Field_1,0.45,MOVING_TO_FIELD,Field_1,0.03,MOVING_TO_CHARGER,Charger_1,0.06,CHARGING,Charger_1,0.08,PROTECTING,Field_2,0,TERMINATED,Field_1,155,0.15,0,132,0.24,1,49,0.18,1
137,339,0,1,0,1,6,4,0.00,MOVING_TO_FIELD,Field_2,0.18,MOVING_TO_FIELD,Field_3,0.10,MOVING_TO_FIELD,Field_2,0,TERMINATED,Field_1,0,TERMINATED,Charger_1,0.10,MOVING_TO_FIELD,Field_2,0,TERMINATED,Field_1,0.44,MOVING_TO_FIELD,Field_1,0.02,MOVING_TO_CHARGER,Charger_1,0.07,CHARGING,Charger_1,0.07,MOVING_TO_FIELD,Field_1,0,TERMINATED,Field_1,156,0.16,0,134,0.24,0,49,0.19,0
138,339,2,1,1,3,1,4,0.00,IDLE,,0.18,IDLE,,0.09,MOVING_TO_CHARGER,Charger_1,0,TERMINATED,Field_1,0,TERMINATED,Charger_1,0.09,MOVING_TO_CHARGER,Charger_1,0,TERMINATED,Field_1,0.43,PROTECTING,Field_1,0.01,MOVING_TO_CHARGER,Charger_1,0.08,CHARGING,Charger_1,0.06,MOVING_TO_FIELD,Field_2,0,TERMINATED,Field_1,156,0.16,1,134,0.23,0,49,0.19,0
139,339,0,2,1,1,3,5,0,TERMINATED,Field_2,0.17,MOVING_TO_FIELD,Field_3,0.08,MOVING_TO_FIELD,Field_1,0,TERMINATED,Field_1,0,TERMINATED,Charger_1,0.08,MOVING_TO_FIELD,Field_2,0,TERMINATED,Field_1,0.42,PROTECTING,Field_1,0.01,CHARGING,Charger_1,0.09,CHARGING,Charger_1,0.05,MOVING_TO_CHARGER,Charger_1,0,TERMINATED,Field_1,156,0.17,1,134,0.26,0,49,0.19,0
140,341,1,2,1,1,2,5,0,TERMINATED,Field_2,0.16,MOVING_TO_FIELD,Field_3,0.07,MOVING_TO_CHARGER,Charger_1,0,TERMINATED,Field_1,0,TERMINATED,Charger_1,0.07,MOVING_TO_FIELD,Field_2,0,TERMINATED,Field_1,0.42,IDLE,,0.02,CHARGING,Charger_1,0.10,CHARGING,Charger_1,0.04,PROTECTING,Field_2,0,TERMINATED,Field_1,158,0.15,0,134,0.27,1,49,0.19,0
141,344,1,1,1,2,2,5,0,TERMINATED,Field_2,0.15,PROTECTING,Field_3,0.06,MOVING_TO_CHARGER,Charger_1,0,TERMINATED,Field_1,0,TERMINATED,Charger_1,0.07,IDLE,,0,TERMINATED,Field_1,0.41,MOVING_TO_CHARGER,Charger_1,0.01,MOVING_TO_FIELD,Field_1,0.11,CHARGING,Charger_1,0.03,MOVING_TO_FIELD,Field_1,0,TERMINATED,Field_1,160,0.15,0,134,0.28,0,50,0.19,1
142,346,0,1,1,0,5,5,0,TERMINATED,Field_2,0.14,PROTECTING,Field_3,0.05,MOVING_TO_FIELD,Field_2,0,TERMINATED,Field_1,0,TERMINATED,Charger_1,0.06,MOVING_TO_FIELD,Field_2,0,TERMINATED,Field_1,0.40,MOVING_TO_FIELD,Field_1,0.00,MOVING_TO_FIELD,Field_1,0.12,CHARGING,Charger_1,0.02,MOVING_TO_FIELD,Field_2,0,TERMINATED,Field_1,161,0.15,0,135,0.29,0,50,0.19,1
143,347,0,0,1,2,3,6,0,TERMINATED,Field_2,0.13,MOVING_TO_CHARGER,Charger_1,0.04,MOVING_TO_CHARGER,Charger_1,0,TERMINATED,Field_1,0,TERMINATED,Charger_1,0.05,MOVING_TO_FIELD,Field_2,0,TERMINATED,Field_1,0.39,MOVING_TO_FIELD,Field_2,0,TERMINATED,Charger_1,0.11,MOVING_TO_FIELD,Field_3,0.01,PROTECTING,Field_2,0,TERMINATED,Field_1,162,0.14,0,135,0.29,1,50,0.20,0
144,355,2,1,1,1,1,6,0,TERMINATED,Field_2,0.13,IDLE,,0.03,MOVING_TO_FIELD,Field_1,0,TERMINATED,Field_1,0,TERMINATED,Charger_1,0.04,MOVING_TO_CHARGER,Charger_1,0,TERMINATED,Field_1,0.39,IDLE,,0,TERMINATED,Charger_1,0.11,CHARGING,Charger_1,0.01,PROTECTING,Field_2,0,TERMINATED,Field_1,164,0.14,0,138,0.29,1,53,0.21,0
145,355,3,0,0,0,2,7,0,TERMINATED,Field_2,0.13,IDLE,,0.03,IDLE,,0,TERMINATED,Field_1,0,TERMINATED,Charger_1,0.03,MOVING_TO_FIELD,Field_1,0,TERMINATED,Field_1,0.38,MOVING_TO_FIELD,Field_1,0,TERMINATED,Charger_1,0.11,IDLE,,0,TERMINATED,Charger_1,0,TERMINATED,Field_1,164,0.14,0,138,0.29,0,53,0.20,0
146,358,1,2,0,1,1,7,0,TERMINATED,Field_2,0.12,MOVING_TO_FIELD,Field_3,0.03,CHARGING,Charger_1,0,TERMINATED,Field_1,0,TERMINATED,Charger_1,0.02,MOVING_TO_CHARGER,Charger_1,0,TERMINATED,Field_1,0.38,IDLE,,0,TERMINATED,Charger_1,0.11,CHARGING,Charger_1,0,TERMINATED,Charger_1,0,TERMINATED,Field_1,165,0.14,0,138,0.28,0,55,0.20,0
147,361,0,1,1,0,3,7,0,TERMINATED,Field_2,0.11,PROTECTING,Field_3,0.02,MOVING_TO_FIELD,Field_2,0,TERMINATED,Field_1,0,TERMINATED,Charger_1,0.01,MOVING_TO_FIELD,Field_1,0,TERMINATED,Field_1,0.37,MOVING_TO_FIELD,Field_2,0,TERMINATED,Charger_1,0.12,CHARGING,Charger_1,0,TERMINATED,Charger_1,0,TERMINATED,Field_1,166,0.14,0,139,0.29,0,56,0.20,1
148,365,1,1,0,2,1,7,0,TERMINATED,Field_2,0.11,IDLE,,0.01,MOVING_TO_CHARGER,Charger_1,0,TERMINATED,Field_1,0,TERMINATED,Charger_1,0.00,MOVING_TO_CHARGER,Charger_1,0,TERMINATED,Field_1,0.36,MOVING_TO_FIELD,Field_2,0,TERMINATED,Charger_1,0.13,CHARGING,Charger_1,0,TERMINATED,Charger_1,0,TERMINATED,Field_1,167,0.14,0,142,0.29,0,56,0.20,0
149,370,1,2,0,0,1,8,0,TERMINATED,Field_2,0.11,IDLE,,0.01,CHARGING,Charger_1,0,TERMINATED,Field_1,0,TERMINATED,Charger_1,0,TERMINATED,Field_2,0,TERMINATED,Field_1,0.35,MOVING_TO_FIELD,Field_2,0,TERMINATED,Charger_1,0.14,CHARGING,Charger_1,0,TERMINATED,Charger_1,0,TERMINATED,Field_1,168,0.13,0,145,0.29,0,57,0.21,0
150,371,2,2,0,0,0,8,0,TERMINATED,Field_2,0.11,IDLE,,0.02,CHARGING,Charger_1,0,TERMINATED,Field_1,0,TERMINATED,Charger_1,0,TERMINATED,Field_2,0,TERMINATED,Field_1,0.35,IDLE,,0,TERMINATED,Charger_1,0.15,CHARGING,Charger_1,0,TERMINATED,Charger_1,0,TERMINATED,Field_1,168,0.13,0,146,0.29,0,57,0.21,0
151,373,0,0,1,0,3,8,0,TERMINATED,Field_2,0.10,PROTECTING,Field_3,0.01,MOVING_TO_FIELD,Field_2,0,TERMINATED,Field_1,0,TERMINATED,Charger_1,0,TERMINATED,Field_2,0,TERMINATED,Field_1,0.34,MOVING_TO_FIELD,Field_2,0,TERMINATED,Charger_1,0.14,MOVING_TO_FIELD,Field_1,0,TERMINATED,Charger_1,0,TERMINATED,Field_1,169,0.13,0,146,0.28,0,58,0.21,1
152,378,1,0,0,1,2,8,0,TERMINATED,Field_2,0.10,IDLE,,0.00,MOVING_TO_CHARGER,Charger_1,0,TERMINATED,Field_1,0,TERMINATED,Charger_1,0,TERMINATED,Field_2,0,TERMINATED,Field_1,0.33,MOVING_TO_FIELD,Field_3,0,TERMINATED,Charger_1,0.13,MOVING_TO_FIELD,Field_1,0,TERMINATED,Charger_1,0,TERMINATED,Field_1,170,0.14,0,147,0.27,0,61,0.20,0
153,382,1,0,1,0,1,9,0,TERMINATED,Field_2,0.09,PROTECTING,Field_3,0,TERMINATED,Field_3,0,TERMINATED,Field_1,0,TERMINATED,Charger_1,0,TERMINATED,Field_2,0,TERMINATED,Field_1,0.32,MOVING_TO_FIELD,Field_1,0,TERMINATED,Charger_1,0.13,IDLE,,0,TERMINATED,Charger_1,0,TERMINATED,Field_1,170,0.16,0,148,0.27,0,64,0.21,1
154,386,1,0,1,0,1,9,0,TERMINATED,Field_2,0.08,PROTECTING,Field_3,0,TERMINATED,Field_3,0,TERMINATED,Field_1,0,TERMINATED,Charger_1,0,TERMINATED,Field_2,0,TERMINATED,Field_1,0.32,IDLE,,0,TERMINATED,Charger_1,0.12,MOVING_TO_FIELD,Field_1,0,TERMINATED,Charger_1,0,TERMINATED,Field_1,171,0.15,0,149,0.26,0,66,0.18,1
155,390,1,0,1,0,1,9,0,TERMINATED,Field_2,0.07,PROTECTING,Field_3,0,TERMINATED,Field_3,0,TERMINATED,Field_1,0,TERMINATED,Charger_1,0,TERMINATED,Field_2,0,TERMINATED,Field_1,0.31,MOVING_TO_FIELD,Field_1,0,TERMINATED,Charger_1,0.12,IDLE,,0,TERMINATED,Charger_1,0,TERMINATED,Field_1,171,0.15,0,151,0.26,0,68,0.18,1
156,392,0,0,0,0,3,9,0,TERMINATED,Field_2,0.06,MOVING_TO_FIELD,Field_2,0,TERMINATED,Field_3,0,TERMINATED,Field_1,0,TERMINATED,Charger_1,0,TERMINATED,Field_2,0,TERMINATED,Field_1,0.30,MOVING_TO_FIELD,Field_2,0,TERMINATED,Charger_1,0.11,MOVING_TO_FIELD,Field_1,0,TERMINATED,Charger_1,0,TERMINATED,Field_1,172,0.14,0,152,0.27,0,68,0.18,0
157,395,1,0,1,0,1,9,0,TERMINATED,Field_2,0.05,PROTECTING,Field_3,0,TERMINATED,Field_3,0,TERMINATED,Field_1,0,TERMINATED,Charger_1,0,TERMINATED,Field_2,0,TERMINATED,Field_1,0.29,MOVING_TO_FIELD,Field_1,0,TERMINATED,Charger_1,0.11,IDLE,,0,TERMINATED,Charger_1,0,TERMINATED,Field_1,172,0.15,0,154,0.27,0,69,0.18,1
158,400,0,0,1,0,2,9,0,TERMINATED,Field_2,0.05,PROTECTING,Field_3,0,TERMINATED,Field_3,0,TERMINATED,Field_1,0,TERMINATED,Charger_1,0,TERMINATED,Field_2,0,TERMINATED,Field_1,0.28,MOVING_TO_FIELD,Field_1,0,TERMINATED,Charger_1,0.10,MOVING_TO_FIELD,Field_3,0,TERMINATED,Charger_1,0,TERMINATED,Field_1,174,0.15,0,155,0.25,0,71,0.17,1
159,401,1,0,2,0,0,9,0,TERMINATED,Field_2,0.04,PROTECTING,Field_3,0,TERMINATED,Field_3,0,TERMINATED,Field_1,0,TERMINATED,Charger_1,0,TERMINATED,Field_2,0,TERMINATED,Field_1,0.27,PROTECTING,Field_1,0,TERMINATED,Charger_1,0.10,IDLE,,0,TERMINATED,Charger_1,0,TERMINATED,Field_1,174,0.17,1,155,0.25,0,72,0.18,1
160,404,0,0,1,0,2,9,0,TERMINATED,Field_2,0.03,PROTECTING,Field_3,0,TERMINATED,Field_3,0,TERMINATED,Field_1,0,TERMINATED,Charger_1,0,TERMINATED,Field_2,0,TERMINATED,Field_1,0.26,MOVING_TO_FIELD,Field_2,0,TERMINATED,Charger_1,0.09,MOVING_TO_FIELD,Field_3,0,TERMINATED,Charger_1,0,TERMINATED,Field_1,176,0.17,0,155,0.27,0,73,0.19,1
161,404,0,0,1,0,2,9,0,TERMINATED,Field_2,0.03,PROTECTING,Field_3,0,TERMINATED,Field_3,0,TERMINATED,Field_1,0,TERMINATED,Charger_1,0,TERMINATED,Field_2,0,TERMINATED,Field_1,0.25,MOVING_TO_FIELD,Field_1,0,TERMINATED,Charger_1,0.08,MOVING_TO_FIELD,Field_3,0,TERMINATED,Charger_1,0,TERMINATED,Field_1,176,0.17,0,155,0.28,0,73,0.18,1
162,404,0,0,1,0,2,9,0,TERMINATED,Field_2,0.02,PROTECTING,Field_3,0,TERMINATED,Field_3,0,TERMINATED,Field_1,0,TERMINATED,Charger_1,0,TERMINATED,Field_2,0,TERMINATED,Field_1,0.24,MOVING_TO_FIELD,Field_2,0,TERMINATED,Charger_1,0.07,MOVING_TO_FIELD,Field_3,0,TERMINATED,Charger_1,0,TERMINATED,Field_1,176,0.17,0,155,0.28,0,73,0.17,1
163,405,2,0,0,1,0,9,0,TERMINATED,Field_2,0.02,IDLE,,0,TERMINATED,Field_3,0,TERMINATED,Field_1,0,TERMINATED,Charger_1,0,TERMINATED,Field_2,0,TERMINATED,Field_1,0.23,MOVING_TO_CHARGER,Charger_1,0,TERMINATED,Charger_1,0.07,IDLE,,0,TERMINATED,Charger_1,0,TERMINATED,Field_1,176,0.17,0,155,0.25,0,74,0.17,0
164,408,0,0,1,1,1,9,0,TERMINATED,Field_2,0.01,PROTECTING,Field_3,0,TERMINATED,Field_3,0,TERMINATED,Field_1,0,TERMINATED,Charger_1,0,TERMINATED,Field_2,0,TERMINATED,Field_1,0.22,MOVING_TO_FIELD,Field_1,0,TERMINATED,Charger_1,0.06,MOVING_TO_CHARGER,Charger_1,0,TERMINATED,Charger_1,0,TERMINATED,Field_1,178,0.19,0,155,0.22,0,75,0.17,1
165,412,0,0,1,0,2,9,0,TERMINATED,Field_2,0.00,PROTECTING,Field_3,0,TERMINATED,Field_3,0,TERMINATED,Field_1,0,TERMINATED,Charger_1,0,TERMINATED,Field_2,0,TERMINATED,Field_1,0.21,MOVING_TO_FIELD,Field_3,0,TERMINATED,Charger_1,0.05,MOVING_TO_FIELD,Field_2,0,TERMINATED,Charger_1,0,TERMINATED,Field_1,179,0.23,0,156,0.22,0,77,0.17,1
166,418,1,0,0,0,2,9,0,TERMINATED,Field_2,0.00,IDLE,,0,TERMINATED,Field_3,0,TERMINATED,Field_1,0,TERMINATED,Charger_1,0,TERMINATED,Field_2,0,TERMINATED,Field_1,0.20,MOVING_TO_FIELD,Field_1,0,TERMINATED,Charger_1,0.04,MOVING_TO_FIELD,Field_2,0,TERMINATED,Charger_1,0,TERMINATED,Field_1,181,0.23,0,160,0.23,0,77,0.15,0
167,421,0,0,1,0,1,10,0,TERMINATED,Field_2,0,TERMINATED,Field_2,0,TERMINATED,Field_3,0,TERMINATED,Field_1,0,TERMINATED,Charger_1,0,TERMINATED,Field_2,0,TERMINATED,Field_1,0.19,PROTECTING,Field_1,0,TERMINATED,Charger_1,0.03,MOVING_TO_FIELD,Field_3,0,TERMINATED,Charger_1,0,TERMINATED,Field_1,181,0.21,1,163,0.21,0,77,0.14,0
168,421,0,0,1,0,1,10,0,TERMINATED,Field_2,0,TERMINATED,Field_2,0,TERMINATED,Field_3,0,TERMINATED,Field_1,0,TERMINATED,Charger_1,0,TERMINATED,Field_2,0,TERMINATED,Field_1,0.19,PROTECTING,Field_1,0,TERMINATED,Charger_1,0.02,MOVING_TO_FIELD,Field_3,0,TERMINATED,Charger_1,0,TERMINATED,Field_1,181,0.20,1,163,0.22,0,77,0.13,0
169,422,0,0,1,0,1,10,0,TERMINATED,Field_2,0,TERMINATED,Field_2,0,TERMINATED,Field_3,0,TERMINATED,Field_1,0,TERMINATED,Charger_1,0,TERMINATED,Field_2,0,TERMINATED,Field_1,0.18,PROTECTING,Field_1,0,TERMINATED,Charger_1,0.01,MOVING_TO_FIELD,Field_3,0,TERMINATED,Charger_1,0,TERMINATED,Field_1,182,0.20,1,163,0.21,0,77,0.13,0
170,426,0,0,1,0,0,11,0,TERMINATED,Field_2,0,TERMINATED,Field_2,0,TERMINATED,Field_3,0,TERMINATED,Field_1,0,TERMINATED,Charger_1,0,TERMINATED,Field_2,0,TERMINATED,Field_1,0.17,PROTECTING,Field_1,0,TERMINATED,Charger_1,0,TERMINATED,Field_3,0,TERMINATED,Charger_1,0,TERMINATED,Field_1,183,0.18,1,165,0.21,0,78,0.14,0
171,429,0,0,1,0,0,11,0,TERMINATED,Field_2,0,TERMINATED,Field_2,0,TERMINATED,Field_3,0,TERMINATED,Field_1,0,TERMINATED,Charger_1,0,TERMINATED,Field_2,0,TERMINATED,Field_1,0.16,PROTECTING,Field_1,0,TERMINATED,Charger_1,0,TERMINATED,Field_3,0,TERMINATED,Charger_1,0,TERMINATED,Field_1,183,0.18,1,166,0.21,0,80,0.14,0
172,435,0,0,1,0,0,11,0,TERMINATED,Field_2,0,TERMINATED,Field_2,0,TERMINATED,Field_3,0,TERMINATED,Field_1,0,TERMINATED,Charger_1,0,TERMINATED,Field_2,0,TERMINATED,Field_1,0.16,PROTECTING,Field_1,0,TERMINATED,Charger_1,0,TERMINATED,Field_3,0,TERMINATED,Charger_1,0,TERMINATED,Field_1,183,0.17,1,168,0.21,0,84,0.12,0
173,437,0,0,0,0,1,11,0,TERMINATED,Field_2,0,TERMINATED,Field_2,0,TERMINATED,Field_3,0,TERMINATED,Field_1,0,TERMINATED,Charger_1,0,TERMINATED,Field_2,0,TERMINATED,Field_1,0.15,MOVING_TO_FIELD,Field_3,0,TERMINATED,Charger_1,0,TERMINATED,Field_3,0,TERMINATED,Charger_1,0,TERMINATED,Field_1,185,0.17,0,168,0.19,0,84,0.12,0
174,438,0,0,0,0,1,11,0,TERMINATED,Field_2,0,TERMINATED,Field_2,0,TERMINATED,Field_3,0,TERMINATED,Field_1,0,TERMINATED,Charger_1,0,TERMINATED,Field_2,0,TERMINATED,Field_1,0.14,MOVING_TO_FIELD,Field_1,0,TERMINATED,Charger_1,0,TERMINATED,Field_3,0,TERMINATED,Charger_1,0,TERMINATED,Field_1,185,0.17,0,169,0.18,0,84,0.12,0
175,444,0,0,1,0,0,11,0,TERMINATED,Field_2,0,TERMINATED,Field_2,0,TERMINATED,Field_3,0,TERMINATED,Field_1,0,TERMINATED,Charger_1,0,TERMINATED,Field_2,0,TERMINATED,Field_1,0.13,PROTECTING,Field_1,0,TERMINATED,Charger_1,0,TERMINATED,Field_3,0,TERMINATED,Charger_1,0,TERMINATED,Field_1,188,0.17,1,171,0.17,0,85,0.12,0
176,445,0,0,0,0,1,11,0,TERMINATED,Field_2,0,TERMINATED,Field_2,0,TERMINATED,Field_3,0,TERMINATED,Field_1,0,TERMINATED,Charger_1,0,TERMINATED,Field_2,0,TERMINATED,Field_1,0.12,MOVING_TO_FIELD,Field_3,0,TERMINATED,Charger_1,0,TERMINATED,Field_3,0,TERMINATED,Charger_1,0,TERMINATED,Field_1,188,0.17,0,172,0.19,0,85,0.10,0
177,446,0,0,0,0,1,11,0,TERMINATED,Field_2,0,TERMINATED,Field_2,0,TERMINATED,Field_3,0,TERMINATED,Field_1,0,TERMINATED,Charger_1,0,TERMINATED,Field_2,0,TERMINATED,Field_1,0.11,MOVING_TO_FIELD,Field_2,0,TERMINATED,Charger_1,0,TERMINATED,Field_3,0,TERMINATED,Charger_1,0,TERMINATED,Field_1,189,0.16,0,172,0.16,0,85,0.10,0
178,446,0,0,0,0,1,11,0,TERMINATED,Field_2,0,TERMINATED,Field_2,0,TERMINATED,Field_3,0,TERMINATED,Field_1,0,TERMINATED,Charger_1,0,TERMINATED,Field_2,0,TERMINATED,Field_1,0.10,MOVING_TO_FIELD,Field_2,0,TERMINATED,Charger_1,0,TERMINATED,Field_3,0,TERMINATED,Charger_1,0,TERMINATED,Field_1,189,0.16,0,172,0.14,0,85,0.10,0
179,449,0,0,0,0,1,11,0,TERMINATED,Field_2,0,TERMINATED,Field_2,0,TERMINATED,Field_3,0,TERMINATED,Field_1,0,TERMINATED,Charger_1,0,TERMINATED,Field_2,0,TERMINATED,Field_1,0.09,MOVING_TO_FIELD,Field_2,0,TERMINATED,Charger_1,0,TERMINATED,Field_3,0,TERMINATED,Charger_1,0,TERMINATED,Field_1,190,0.15,0,172,0.13,0,87,0.10,0
180,449,0,0,0,0,1,11,0,TERMINATED,Field_2,0,TERMINATED,Field_2,0,TERMINATED,Field_3,0,TERMINATED,Field_1,0,TERMINATED,Charger_1,0,TERMINATED,Field_2,0,TERMINATED,Field_1,0.08,MOVING_TO_FIELD,Field_2,0,TERMINATED,Charger_1,0,TERMINATED,Field_3,0,TERMINATED,Charger_1,0,TERMINATED,Field_1,190,0.13,0,172,0.13,0,87,0.11,0
181,452,0,0,0,0,1,11,0,TERMINATED,Field_2,0,TERMINATED,Field_2,0,TERMINATED,Field_3,0,TERMINATED,Field_1,0,TERMINATED,Charger_1,0,TERMINATED,Field_2,0,TERMINATED,Field_1,0.07,MOVING_TO_FIELD,Field_2,0,TERMINATED,Charger_1,0,TERMINATED,Field_3,0,TERMINATED,Charger_1,0,TERMINATED,Field_1,191,0.14,0,173,0.13,0,88,0.11,0
182,454,0,0,0,0,1,11,0,TERMINATED,Field_2,0,TERMINATED,Field_2,0,TERMINATED,Field_3,0,TERMINATED,Field_1,0,TERMINATED,Charger_1,0,TERMINATED,Field_2,0,TERMINATED,Field_1,0.06,MOVING_TO_FIELD,Field_2,0,TERMINATED,Charger_1,0,TERMINATED,Field_3,0,TERMINATED,Charger_1,0,TERMINATED,Field_1,192,0.14,0,173,0.13,0,89,0.11,0
183,456,0,0,0,0,1,11,0,TERMINATED,Field_2,0,TERMINATED,Field_2,0,TERMINATED,Field_3,0,TERMINATED,Field_1,0,TERMINATED,Charger_1,0,TERMINATED,Field_2,0,TERMINATED,Field_1,0.05,MOVING_TO_FIELD,Field_3,0,TERMINATED,Charger_1,0,TERMINATED,Field_3,0,TERMINATED,Charger_1,0,TERMINATED,Field_1,192,0.14,0,174,0.13,0,90,0.11,0
184,459,0,0,0,0,1,11,0,TERMINATED,Field_2,0,TERMINATED,Field_2,0,TERMINATED,Field_3,0,TERMINATED,Field_1,0,TERMINATED,Charger_1,0,TERMINATED,Field_2,0,TERMINATED,Field_1,0.04,MOVING_TO_FIELD,Field_2,0,TERMINATED,Charger_1,0,TERMINATED,Field_3,0,TERMINATED,Charger_1,0,TERMINATED,Field_1,192,0.16,0,175,0.14,0,92,0.12,0
185,462,0,0,0,0,1,11,0,TERMINATED,Field_2,0,TERMINATED,Field_2,0,TERMINATED,Field_3,0,TERMINATED,Field_1,0,TERMINATED,Charger_1,0,TERMINATED,Field_2,0,TERMINATED,Field_1,0.03,MOVING_TO_FIELD,Field_2,0,TERMINATED,Charger_1,0,TERMINATED,Field_3,0,TERMINATED,Charger_1,0,TERMINATED,Field_1,194,0.17,0,176,0.14,0,92,0.12,0
186,465,0,0,0,0,1,11,0,TERMINATED,Field_2,0,TERMINATED,Field_2,0,TERMINATED,Field_3,0,TERMINATED,Field_1,0,TERMINATED,Charger_1,0,TERMINATED,Field_2,0,TERMINATED,Field_1,0.02,MOVING_TO_FIELD,Field_2,0,TERMINATED,Charger_1,0,TERMINATED,Field_3,0,TERMINATED,Charger_1,0,TERMINATED,Field_1,195,0.16,0,176,0.15,0,94,0.13,0
187,465,0,0,0,1,0,11,0,TERMINATED,Field_2,0,TERMINATED,Field_2,0,TERMINATED,Field_3,0,TERMINATED,Field_1,0,TERMINATED,Charger_1,0,TERMINATED,Field_2,0,TERMINATED,Field_1,0.01,MOVING_TO_CHARGER,Charger_1,0,TERMINATED,Charger_1,0,TERMINATED,Field_3,0,TERMINATED,Charger_1,0,TERMINATED,Field_1,195,0.16,0,176,0.16,0,94,0.13,0
188,468,0,0,0,0,0,12,0,TERMINATED,Field_2,0,TERMINATED,Field_2,0,TERMINATED,Field_3,0,TERMINATED,Field_1,0,TERMINATED,Charger_1,0,TERMINATED,Field_2,0,TERMINATED,Field_1,0,TERMINATED,Field_2,0,TERMINATED,Charger_1,0,TERMINATED,Field_3,0,TERMINATED,Charger_1,0,TERMINATED,Field_1,195,0.18,0,178,0.18,0,95,0.13,0
189,471,0,0,0,0,0,12,0,TERMINATED,Field_2,0,TERMINATED,Field_2,0,TERMINATED,Field_3,0,TERMINATED,Field_1,0,TERMINATED,Charger_1,0,TERMINATED,Field_2,0,TERMINATED,Field_1,0,TERMINATED,Field_2,0,TERMINATED,Charger_1,0,TERMINATED,Field_3,0,TERMINATED,Charger_1,0,TERMINATED,Field_1,195,0.18,0,180,0.19,0,96,0.13,0
190,475,0,0,0,0,0,12,0,TERMINATED,Field_2,0,TERMINATED,Field_2,0,TERMINATED,Field_3,0,TERMINATED,Field_1,0,TERMINATED,Charger_1,0,TERMINATED,Field_2,0,TERMINATED,Field_1,0,TERMINATED,Field_2,0,TERMINATED,Charger_1,0,TERMINATED,Field_3,0,TERMINATED,Charger_1,0,TERMINATED,Field_1,195,0.19,0,180,0.19,0,100,0.14,0
191,476,0,0,0,0,0,12,0,TERMINATED,Field_2,0,TERMINATED,Field_2,0,TERMINATED,Field_3,0,TERMINATED,Field_1,0,TERMINATED,Charger_1,0,TERMINATED,Field_2,0,TERMINATED,Field_1,0,TERMINATED,Field_2,0,TERMINATED,Charger_1,0,TERMINATED,Field_3,0,TERMINATED,Charger_1,0,TERMINATED,Field_1,196,0.17,0,180,0.20,0,100,0.14,0
192,480,0,0,0,0,0,12,0,TERMINATED,Field_2,0,TERMINATED,Field_2,0,TERMINATED,Field_3,0,TERMINATED,Field_1,0,TERMINATED,Charger_1,0,TERMINATED,Field_2,0,TERMINATED,Field_1,0,TERMINATED,Field_2,0,TERMINATED,Charger_1,0,TERMINATED,Field_3,0,TERMINATED,Charger_1,0,TERMINATED,Field_1,199,0.17,0,180,0.19,0,101,0.15,0
193,483,0,0,0,0,0,12,0,TERMINATED,Field_2,0,TERMINATED,Field_2,0,TERMINATED,Field_3,0,TERMINATED,Field_1,0,TERMINATED,Charger_1,0,TERMINATED,Field_2,0,TERMINATED,Field_1,0,TERMINATED,Field_2,0,TERMINATED,Charger_1,0,TERMINATED,Field_3,0,TERMINATED,Charger_1,0,TERMINATED,Field_1,200,0.18,0,180,0.21,0,103,0.16,0
194,488,0,0,0,0,0,12,0,TERMINATED,Field_2,0,TERMINATED,Field_2,0,TERMINATED,Field_3,0,TERMINATED,Field_1,0,TERMINATED,Charger_1,0,TERMINATED,Field_2,0,TERMINATED,Field_1,0,TERMINATED,Field_2,0,TERMINATED,Charger_1,0,TERMINATED,Field_3,0,TERMINATED,Charger_1,0,TERMINATED,Field_1,201,0.21,0,183,0.20,0,104,0.15,0
195,491,0,0,0,0,0,12,0,TERMINATED,Field_2,0,TERMINATED,Field_2,0,TERMINATED,Field_3,0,TERMINATED,Field_1,0,TERMINATED,Charger_1,0,TERMINATED,Field_2,0,TERMINATED,Field_1,0,TERMINATED,Field_2,0,TERMINATED,Charger_1,0,TERMINATED,Field_3,0,TERMINATED,Charger_1,0,TERMINATED,Field_1,201,0.18,0,184,0.20,0,106,0.15,0
196,494,0,0,0,0,0,12,0,TERMINATED,Field_2,0,TERMINATED,Field_2,0,TERMINATED,Field_3,0,TERMINATED,Field_1,0,TERMINATED,Charger_1,0,TERMINATED,Field_2,0,TERMINATED,Field_1,0,TERMINATED,Field_2,0,TERMINATED,Charger_1,0,TERMINATED,Field_3,0,TERMINATED,Charger_1,0,TERMINATED,Field_1,201,0.18,0,186,0.21,0,107,0.14,0
197,495,0,0,0,0,0,12,0,TERMINATED,Field_2,0,TERMINATED,Field_2,0,TERMINATED,Field_3,0,TERMINATED,Field_1,0,TERMINATED,Charger_1,0,TERMINATED,Field_2,0,TERMINATED,Field_1,0,TERMINATED,Field_2,0,TERMINATED,Charger_1,0,TERMINATED,Field_3,0,TERMINATED,Charger_1,0,TERMINATED,Field_1,202,0.17,0,186,0.21,0,107,0.14,0
198,500,0,0,0,0,0,12,0,TERMINATED,Field_2,0,TERMINATED,Field_2,0,TERMINATED,Field_3,0,TERMINATED,Field_1,0,TERMINATED,Charger_1,0,TERMINATED,Field_2,0,TERMINATED,Field_1,0,TERMINATED,Field_2,0,TERMINATED,Charger_1,0,TERMINATED,Field_3,0,TERMINATED,Charger_1,0,TERMINATED,Field_1,206,0.18,0,186,0.23,0,108,0.14,0
199,501,0,0,0,0,0,12,0,TERMINATED,Field_2,0,TERMINATED,Field_2,0,TERMINATED,Field_3,0,TERMINATED,Field_1,0,TERMINATED,Charger_1,0,TERMINATED,Field_2,0,TERMINATED,Field_1,0,TERMINATED,Field_2,0,TERMINATED,Charger_1,0,TERMINATED,Field_3,0,TERMINATED,Charger_1,0,TERMINATED,Field_1,206,0.18,0,187,0.23,0,108,0.14,0
200,508,0,0,0,0,0,12,0,TERMINATED,Field_2,0,TERMINATED,Field_2,0,TERMINATED,Field_3,0,TERMINATED,Field_1,0,TERMINATED,Charger_1,0,TERMINATED,Field_2,0,TERMINATED,Field_1,0,TERMINATED,Field_2,0,TERMINATED,Charger_1,0,TERMINATED,Field_3,0,TERMINATED,Charger_1,0,TERMINATED,Field_1,207,0.16,0,192,0.22,0,109,0.14,0
201,509,0,0,0,0,0,12,0,TERMINATED,Field_2,0,TERMINATED,Field_2,0,TERMINATED,Field_3,0,TERMINATED,Field_1,0,TERMINATED,Charger_1,0,TERMINATED,Field_2,0,TERMINATED,Field_1,0,TERMINATED,Field_2,0,TERMINATED,Charger_1,0,TERMINATED,Field_3,0,TERMINATED,Charger_1,0,TERMINATED,Field_1,208,0.16,0,192,0.21,0,109,0.13,0
202,511,0,0,0,0,0,12,0,TERMINATED,Field_2,0,TERMINATED,Field_2,0,TERMINATED,Field_3,0,TERMINATED,Field_1,0,TERMINATED,Charger_1,0,TERMINATED,Field_2,0,TERMINATED,Field_1,0,TERMINATED,Field_2,0,TERMINATED,Charger_1,0,TERMINATED,Field_3,0,TERMINATED,Charger_1,0,TERMINATED,Field_1,208,0.15,0,194,0.21,0,109,0.13,0
203,511,0,0,0,0,0,12,0,TERMINATED,Field_2,0,TERMINATED,Field_2,0,TERMINATED,Field_3,0,TERMINATED,Field_1,0,TERMINATED,Charger_1,0,TERMINATED,Field_2,0,TERMINATED,Field_1,0,TERMINATED,Field_2,0,TERMINATED,Charger_1,0,TERMINATED,Field_3,0,TERMINATED,Charger_1,0,TERMINATED,Field_1,208,0.16,0,194,0.21,0,109,0.13,0
204,512,0,0,0,0,0,12,0,TERMINATED,Field_2,0,TERMINATED,Field_2,0,TERMINATED,Field_3,0,TERMINATED,Field_1,0,TERMINATED,Charger_1,0,TERMINATED,Field_2,0,TERMINATED,Field_1,0,TERMINATED,Field_2,0,TERMINATED,Charger_1,0,TERMINATED,Field_3,0,TERMINATED,Charger_1,0,TERMINATED,Field_1,208,0.18,0,194,0.21,0,110,0.13,0
205,516,0,0,0,0,0,12,0,TERMINATED,Field_2,0,TERMINATED,Field_2,0,TERMINATED,Field_3,0,TERMINATED,Field_1,0,TERMINATED,Charger_1,0,TERMINATED,Field_2,0,TERMINATED,Field_1,0,TERMINATED,Field_2,0,TERMINATED,Charger_1,0,TERMINATED,Field_3,0,TERMINATED,Charger_1,0,TERMINATED,Field_1,208,0.18,0,195,0.20,0,113,0.13,0
206,524,0,0,0,0,0,12,0,TERMINATED,Field_2,0,TERMINATED,Field_2,0,TERMINATED,Field_3,0,TERMINATED,Field_1,0,TERMINATED,Charger_1,0,TERMINATED,Field_2,0,TERMINATED,Field_1,0,TERMINATED,Field_2,0,TERMINATED,Charger_1,0,TERMINATED,Field_3,0,TERMINATED,Charger_1,0,TERMINATED,Field_1,212,0.15,0,197,0.21,0,115,0.13,0
207,525,0,0,0,0,0,12,0,TERMINATED,Field_2,0,TERMINATED,Field_2,0,TERMINATED,Field_3,0,TERMINATED,Field_1,0,TERMINATED,Charger_1,0,TERMINATED,Field_2,0,TERMINATED,Field_1,0,TERMINATED,Field_2,0,TERMINATED,Charger_1,0,TERMINATED,Field_3,0,TERMINATED,Charger_1,0,TERMINATED,Field_1,212,0.14,0,197,0.21,0,116,0.13,0
208,530,0,0,0,0,0,12,0,TERMINATED,Field_2,0,TERMINATED,Field_2,0,TERMINATED,Field_3,0,TERMINATED,Field_1,0,TERMINATED,Charger_1,0,TERMINATED,Field_2,0,TERMINATED,Field_1,0,TERMINATED,Field_2,0,TERMINATED,Charger_1,0,TERMINATED,Field_3,0,TERMINATED,Charger_1,0,TERMINATED,Field_1,214,0.14,0,199,0.20,0,117,0.13,0
209,531,0,0,0,0,0,12,0,TERMINATED,Field_2,0,TERMINATED,Field_2,0,TERMINATED,Field_3,0,TERMINATED,Field_1,0,TERMINATED,Charger_1,0,TERMINATED,Field_2,0,TERMINATED,Field_1,0,TERMINATED,Field_2,0,TERMINATED,Charger_1,0,TERMINATED,Field_3,0,TERMINATED,Charger_1,0,TERMINATED,Field_1,215,0.13,0,199,0.20,0,117,0.16,0
210,534,0,0,0,0,0,12,0,TERMINATED,Field_2,0,TERMINATED,Field_2,0,TERMINATED,Field_3,0,TERMINATED,Field_1,0,TERMINATED,Charger_1,0,TERMINATED,Field_2,0,TERMINATED,Field_1,0,TERMINATED,Field_2,0,TERMINATED,Charger_1,0,TERMINATED,Field_3,0,TERMINATED,Charger_1,0,TERMINATED,Field_1,215,0.13,0,202,0.23,0,117,0.16,0
211,538,0,0,0,0,0,12,0,TERMINATED,Field_2,0,TERMINATED,Field_2,0,TERMINATED,Field_3,0,TERMINATED,Field_1,0,TERMINATED,Charger_1,0,TERMINATED,Field_2,0,TERMINATED,Field_1,0,TERMINATED,Field_2,0,TERMINATED,Charger_1,0,TERMINATED,Field_3,0,TERMINATED,Charger_1,0,TERMINATED,Field_1,215,0.13,0,204,0.21,0,119,0.14,0
212,539,0,0,0,0,0,12,0,TERMINATED,Field_2,0,TERMINATED,Field_2,0,TERMINATED,Field_3,0,TERMINATED,Field_1,0,TERMINATED,Charger_1,0,TERMINATED,Field_2,0,TERMINATED,Field_1,0,TERMINATED,Field_2,0,TERMINATED,Charger_1,0,TERMINATED,Field_3,0,TERMINATED,Charger_1,0,TERMINATED,Field_1,215,0.13,0,204,0.19,0,120,0.14,0
213,541,0,0,0,0,0,12,0,TERMINATED,Field_2,0,TERMINATED,Field_2,0,TERMINATED,Field_3,0,TERMINATED,Field_1,0,TERMINATED,Charger_1,0,TERMINATED,Field_2,0,TERMINATED,Field_1,0,TERMINATED,Field_2,0,TERMINATED,Charger_1,0,TERMINATED,Field_3,0,TERMINATED,Charger_1,0,TERMINATED,Field_1,217,0.12,0,204,0.20,0,120,0.13,0
214,541,0,0,0,0,0,12,0,TERMINATED,Field_2,0,TERMINATED,Field_2,0,TERMINATED,Field_3,0,TERMINATED,Field_1,0,TERMINATED,Charger_1,0,TERMINATED,Field_2,0,TERMINATED,Field_1,0,TERMINATED,Field_2,0,TERMINATED,Charger_1,0,TERMINATED,Field_3,0,TERMINATED,Charger_1,0,TERMINATED,Field_1,217,0.12,0,204,0.20,0,120,0.14,0
215,544,0,0,0,0,0,12,0,TERMINATED,Field_2,0,TERMINATED,Field_2,0,TERMINATED,Field_3,0,TERMINATED,Field_1,0,TERMINATED,Charger_1,0,TERMINATED,Field_2,0,TERMINATED,Field_1,0,TERMINATED,Field_2,0,TERMINATED,Charger_1,0,TERMINATED,Field_3,0,TERMINATED,Charger_1,0,TERMINATED,Field_1,217,0.13,0,206,0.22,0,121,0.15,0
216,547,0,0,0,0,0,12,0,TERMINATED,Field_2,0,TERMINATED,Field_2,0,TERMINATED,Field_3,0,TERMINATED,Field_1,0,TERMINATED,Charger_1,0,TERMINATED,Field_2,0,TERMINATED,Field_1,0,TERMINATED,Field_2,0,TERMINATED,Charger_1,0,TERMINATED,Field_3,0,TERMINATED,Charger_1,0,TERMINATED,Field_1,217,0.15,0,208,0.23,0,122,0.14,0
217,551,0,0,0,0,0,12,0,TERMINATED,Field_2,0,TERMINATED,Field_2,0,TERMINATED,Field_3,0,TERMINATED,Field_1,0,TERMINATED,Charger_1,0,TERMINATED,Field_2,0,TERMINATED,Field_1,0,TERMINATED,Field_2,0,TERMINATED,Charger_1,0,TERMINATED,Field_3,0,TERMINATED,Charger_1,0,TERMINATED,Field_1,217,0.16,0,211,0.22,0,123,0.15,0
218,552,0,0,0,0,0,12,0,TERMINATED,Field_2,0,TERMINATED,Field_2,0,TERMINATED,Field_3,0,TERMINATED,Field_1,0,TERMINATED,Charger_1,0,TERMINATED,Field_2,0,TERMINATED,Field_1,0,TERMINATED,Field_2,0,TERMINATED,Charger_1,0,TERMINATED,Field_3,0,TERMINATED,Charger_1,0,TERMINATED,Field_1,217,0.18,0,212,0.22,0,123,0.16,0
219,554,0,0,0,0,0,12,0,TERMINATED,Field_2,0,TERMINATED,Field_2,0,TERMINATED,Field_3,0,TERMINATED,Field_1,0,TERMINATED,Charger_1,0,TERMINATED,Field_2,0,TERMINATED,Field_1,0,TERMINATED,Field_2,0,TERMINATED,Charger_1,0,TERMINATED,Field_3,0,TERMINATED,Charger_1,0,TERMINATED,Field_1,219,0.18,0,212,0.22,0,123,0.17,0
220,556,0,0,0,0,0,12,0,TERMINATED,Field_2,0,TERMINATED,Field_2,0,TERMINATED,Field_3,0,TERMINATED,Field_1,0,TERMINATED,Charger_1,0,TERMINATED,Field_2,0,TERMINATED,Field_1,0,TERMINATED,Field_2,0,TERMINATED,Charger_1,0,TERMINATED,Field_3,0,TERMINATED,Charger_1,0,TERMINATED,Field_1,220,0.19,0,212,0.22,0,124,0.17,0
221,562,0,0,0,0,0,12,0,TERMINATED,Field_2,0,TERMINATED,Field_2,0,TERMINATED,Field_3,0,TERMINATED,Field_1,0,TERMINATED,Charger_1,0,TERMINATED,Field_2,0,TERMINATED,Field_1,0,TERMINATED,Field_2,0,TERMINATED,Charger_1,0,TERMINATED,Field_3,0,TERMINATED,Charger_1,0,TERMINATED,Field_1,223,0.19,0,213,0.22,0,126,0.15,0
222,566,0,0,0,0,0,12,0,TERMINATED,Field_2,0,TERMINATED,Field_2,0,TERMINATED,Field_3,0,TERMINATED,Field_1,0,TERMINATED,Charger_1,0,TERMINATED,Field_2,0,TERMINATED,Field_1,0,TERMINATED,Field_2,0,TERMINATED,Charger_1,0,TERMINATED,Field_3,0,TERMINATED,Charger_1,0,TERMINATED,Field_1,224,0.21,0,215,0.22,0,127,0.15,0
223,569,0,0,0,0,0,12,0,TERMINATED,Field_2,0,TERMINATED,Field_2,0,TERMINATED,Field_3,0,TERMINATED,Field_1,0,TERMINATED,Charger_1,0,TERMINATED,Field_2,0,TERMINATED,Field_1,0,TERMINATED,Field_2,0,TERMINATED,Charger_1,0,TERMINATED,Field_3,0,TERMINATED,Charger_1,0,TERMINATED,Field_1,224,0.21,0,217,0.23,0,128,0.16,0
224,572,0,0,0,0,0,12,0,TERMINATED,Field_2,0,TERMINATED,Field_2,0,TERMINATED,Field_3,0,TERMINATED,Field_1,0,TERMINATED,Charger_1,0,TERMINATED,Field_2,0,TERMINATED,Field_1,0,TERMINATED,Field_2,0,TERMINATED,Charger_1,0,TERMINATED,Field_3,0,TERMINATED,Charger_1,0,TERMINATED,Field_1,225,0.20,0,217,0.23,0,130,0.16,0
225,576,0,0,0,0,0,12,0,TERMINATED,Field_2,0,TERMINATED,Field_2,0,TERMINATED,Field_3,0,TERMINATED,Field_1,0,TERMINATED,Charger_1,0,TERMINATED,Field_2,0,TERMINATED,Field_1,0,TERMINATED,Field_2,0,TERMINATED,Charger_1,0,TERMINATED,Field_3,0,TERMINATED,Charger_1,0,TERMINATED,Field_1,227,0.19,0,219,0.21,0,130,0.16,0
226,577,0,0,0,0,0,12,0,TERMINATED,Field_2,0,TERMINATED,Field_2,0,TERMINATED,Field_3,0,TERMINATED,Field_1,0,TERMINATED,Charger_1,0,TERMINATED,Field_2,0,TERMINATED,Field_1,0,TERMINATED,Field_2,0,TERMINATED,Charger_1,0,TERMINATED,Field_3,0,TERMINATED,Charger_1,0,TERMINATED,Field_1,228,0.20,0,219,0.21,0,130,0.16,0
227,579,0,0,0,0,0,12,0,TERMINATED,Field_2,0,TERMINATED,Field_2,0,TERMINATED,Field_3,0,TERMINATED,Field_1,0,TERMINATED,Charger_1,0,TERMINATED,Field_2,0,TERMINATED,Field_1,0,TERMINATED,Field_2,0,TERMINATED,Charger_1,0,TERMINATED,Field_3,0,TERMINATED,Charger_1,0,TERMINATED,Field_1,228,0.20,0,220,0.20,0,131,0.15,0
228,585,0,0,0,0,0,12,0,TERMINATED,Field_2,0,TERMINATED,Field_2,0,TERMINATED,Field_3,0,TERMINATED,Field_1,0,TERMINATED,Charger_1,0,TERMINATED,Field_2,0,TERMINATED,Field_1,0,TERMINATED,Field_2,0,TERMINATED,Charger_1,0,TERMINATED,Field_3,0,TERMINATED,Charger_1,0,TERMINATED,Field_1,229,0.21,0,222,0.21,0,134,0.15,0
229,588,0,0,0,0,0,12,0,TERMINATED,Field_2,0,TERMINATED,Field_2,0,TERMINATED,Field_3,0,TERMINATED,Field_1,0,TERMINATED,Charger_1,0,TERMINATED,Field_2,0,TERMINATED,Field_1,0,TERMINATED,Field_2,0,TERMINATED,Charger_1,0,TERMINATED,Field_3,0,TERMINATED,Charger_1,0,TERMINATED,Field_1,230,0.23,0,223,0.21,0,135,0.15,0
230,589,0,0,0,0,0,12,0,TERMINATED,Field_2,0,TERMINATED,Field_2,0,TERMINATED,Field_3,0,TERMINATED,Field_1,0,TERMINATED,Charger_1,0,TERMINATED,Field_2,0,TERMINATED,Field_1,0,TERMINATED,Field_2,0,TERMINATED,Charger_1,0,TERMINATED,Field_3,0,TERMINATED,Charger_1,0,TERMINATED,Field_1,231,0.22,0,223,0.20,0,135,0.17,0
231,591,0,0,0,0,0,12,0,TERMINATED,Field_2,0,TERMINATED,Field_2,0,TERMINATED,Field_3,0,TERMINATED,Field_1,0,TERMINATED,Charger_1,0,TERMINATED,Field_2,0,TERMINATED,Field_1,0,TERMINATED,Field_2,0,TERMINATED,Charger_1,0,TERMINATED,Field_3,0,TERMINATED,Charger_1,0,TERMINATED,Field_1,232,0.21,0,223,0.20,0,136,0.18,0
232,593,0,0,0,0,0,12,0,TERMINATED,Field_2,0,TERMINATED,Field_2,0,TERMINATED,Field_3,0,TERMINATED,Field_1,0,TERMINATED,Charger_1,0,TERMINATED,Field_2,0,TERMINATED,Field_1,0,TERMINATED,Field_2,0,TERMINATED,Charger_1,0,TERMINATED,Field_3,0,TERMINATED,Charger_1,0,TERMINATED,Field_1,232,0.20,0,224,0.19,0,137,0.16,0
233,594,0,0,0,0,0,12,0,TERMINATED,Field_2,0,TERMINATED,Field_2,0,TERMINATED,Field_3,0,TERMINATED,Field_1,0,TERMINATED,Charger_1,0,TERMINATED,Field_2,0,TERMINATED,Field_1,0,TERMINATED,Field_2,0,TERMINATED,Charger_1,0,TERMINATED,Field_3,0,TERMINATED,Charger_1,0,TERMINATED,Field_1,233,0.17,0,224,0.20,0,137,0.15,0
234,596,0,0,0,0,0,12,0,TERMINATED,Field_2,0,TERMINATED,Field_2,0,TERMINATED,Field_3,0,TERMINATED,Field_1,0,TERMINATED,Charger_1,0,TERMINATED,Field_2,0,TERMINATED,Field_1,0,TERMINATED,Field_2,0,TERMINATED,Charger_1,0,TERMINATED,Field_3,0,TERMINATED,Charger_1,0,TERMINATED,Field_1,233,0.16,0,225,0.20,0,138,0.15,0
235,597,0,0,0,0,0,12,0,TERMINATED,Field_2,0,TERMINATED,Field_2,0,TERMINATED,Field_3,0,TERMINATED,Field_1,0,TERMINATED,Charger_1,0,TERMINATED,Field_2,0,TERMINATED,Field_1,0,TERMINATED,Field_2,0,TERMINATED,Charger_1,0,TERMINATED,Field_3,0,TERMINATED,Charger_1,0,TERMINATED,Field_1,234,0.17,0,225,0.19,0,138,0.14,0
236,598,0,0,0,0,0,12,0,TERMINATED,Field_2,0,TERMINATED,Field_2,0,TERMINATED,Field_3,0,TERMINATED,Field_1,0,TERMINATED,Charger_1,0,TERMINATED,Field_2,0,TERMINATED,Field_1,0,TERMINATED,Field_2,0,TERMINATED,Charger_1,0,TERMINATED,Field_3,0,TERMINATED,Charger_1,0,TERMINATED,Field_1,234,0.16,0,225,0.17,0,139,0.12,0
237,599,0,0,0,0,0,12,0,TERMINATED,Field_2,0,TERMINATED,Field_2,0,TERMINATED,Field_3,0,TERMINATED,Field_1,0,TERMINATED,Charger_1,0,TERMINATED,Field_2,0,TERMINATED,Field_1,0,TERMINATED,Field_2,0,TERMINATED,Charger_1,0,TERMINATED,Field_3,0,TERMINATED,Charger_1,0,TERMINATED,Field_1,234,0.15,0,226,0.17,0,139,0.11,0
238,602,0,0,0,0,0,12,0,TERMINATED,Field_2,0,TERMINATED,Field_2,0,TERMINATED,Field_3,0,TERMINATED,Field_1,0,TERMINATED,Charger_1,0,TERMINATED,Field_2,0,TERMINATED,Field_1,0,TERMINATED,Field_2,0,TERMINATED,Charger_1,0,TERMINATED,Field_3,0,TERMINATED,Charger_1,0,TERMINATED,Field_1,235,0.15,0,227,0.18,0,140,0.11,0
239,604,0,0,0,0,0,12,0,TERMINATED,Field_2,0,TERMINATED,Field_2,0,TERMINATED,Field_3,0,TERMINATED,Field_1,0,TERMINATED,Charger_1,0,TERMINATED,Field_2,0,TERMINATED,Field_1,0,TERMINATED,Field_2,0,TERMINATED,Charger_1,0,TERMINATED,Field_3,0,TERMINATED,Charger_1,0,TERMINATED,Field_1,235,0.16,0,228,0.17,0,141,0.11,0
240,607,0,0,0,0,0,12,0,TERMINATED,Field_2,0,TERMINATED,Field_2,0,TERMINATED,Field_3,0,TERMINATED,Field_1,0,TERMINATED,Charger_1,0,TERMINATED,Field_2,0,TERMINATED,Field_1,0,TERMINATED,Field_2,0,TERMINATED,Charger_1,0,TERMINATED,Field_3,0,TERMINATED,Charger_1,0,TERMINATED,Field_1,236,0.16,0,229,0.15,0,142,0.12,0
241,607,0,0,0,0,0,12,0,TERMINATED,Field_2,0,TERMINATED,Field_2,0,TERMINATED,Field_3,0,TERMINATED,Field_1,0,TERMINATED,Charger_1,0,TERMINATED,Field_2,0,TERMINATED,Field_1,0,TERMINATED,Field_2,0,TERMINATED,Charger_1,0,TERMINATED,Field_3,0,TERMINATED,Charger_1,0,TERMINATED,Field_1,236,0.16,0,229,0.16,0,142,0.11,0
242,610,0,0,0,0,0,12,0,TERMINATED,Field_2,0,TERMINATED,Field_2,0,TERMINATED,Field_3,0,TERMINATED,Field_1,0,TERMINATED,Charger_1,0,TERMINATED,Field_2,0,TERMINATED,Field_1,0,TERMINATED,Field_2,0,TERMINATED,Charger_1,0,TERMINATED,Field_3,0,TERMINATED,Charger_1,0,TERMINATED,Field_1,237,0.17,0,230,0.17,0,143,0.11,0
243,612,0,0,0,0,0,12,0,TERMINATED,Field_2,0,TERMINATED,Field_2,0,TERMINATED,Field_3,0,TERMINATED,Field_1,0,TERMINATED,Charger_1,0,TERMINATED,Field_2,0,TERMINATED,Field_1,0,TERMINATED,Field_2,0,TERMINATED,Charger_1,0,TERMINATED,Field_3,0,TERMINATED,Charger_1,0,TERMINATED,Field_1,238,0.16,0,230,0.17,0,144,0.10,0
244,613,0,0,0,0,0,12,0,TERMINATED,Field_2,0,TERMINATED,Field_2,0,TERMINATED,Field_3,0,TERMINATED,Field_1,0,TERMINATED,Charger_1,0,TERMINATED,Field_2,0,TERMINATED,Field_1,0,TERMINATED,Field_2,0,TERMINATED,Charger_1,0,TERMINATED,Field_3,0,TERMINATED,Charger_1,0,TERMINATED,Field_1,238,0.14,0,231,0.16,0,144,0.11,0
245,615,0,0,0,0,0,12,0,TERMINATED,Field_2,0,TERMINATED,Field_2,0,TERMINATED,Field_3,0,TERMINATED,Field_1,0,TERMINATED,Charger_1,0,TERMINATED,Field_2,0,TERMINATED,Field_1,0,TERMINATED,Field_2,0,TERMINATED,Charger_1,0,TERMINATED,Field_3,0,TERMINATED,Charger_1,0,TERMINATED,Field_1,238,0.14,0,232,0.16,0,145,0.12,0
246,617,0,0,0,0,0,12,0,TERMINATED,Field_2,0,TERMINATED,Field_2,0,TERMINATED,Field_3,0,TERMINATED,Field_1,0,TERMINATED,Charger_1,0,TERMINATED,Field_2,0,TERMINATED,Field_1,0,TERMINATED,Field_2,0,TERMINATED,Charger_1,0,TERMINATED,Field_3,0,TERMINATED,Charger_1,0,TERMINATED,Field_1,240,0.15,0,232,0.17,0,145,0.12,0
247,618,0,0,0,0,0,12,0,TERMINATED,Field_2,0,TERMINATED,Field_2,0,TERMINATED,Field_3,0,TERMINATED,Field_1,0,TERMINATED,Charger_1,0,TERMINATED,Field_2,0,TERMINATED,Field_1,0,TERMINATED,Field_2,0,TERMINATED,Charger_1,0,TERMINATED,Field_3,0,TERMINATED,Charger_1,0,TERMINATED,Field_1,240,0.13,0,232,0.16,0,146,0.10,0
248,620,0,0,0,0,0,12,0,TERMINATED,Field_2,0,TERMINATED,Field_2,0,TERMINATED,Field_3,0,TERMINATED,Field_1,0,TERMINATED,Charger_1,0,TERMINATED,Field_2,0,TERMINATED,Field_1,0,TERMINATED,Field_2,0,TERMINATED,Charger_1,0,TERMINATED,Field_3,0,TERMINATED,Charger_1,0,TERMINATED,Field_1,241,0.13,0,232,0.19,0,147,0.10,0
249,624,0,0,0,0,0,12,0,TERMINATED,Field_2,0,TERMINATED,Field_2,0,TERMINATED,Field_3,0,TERMINATED,Field_1,0,TERMINATED,Charger_1,0,TERMINATED,Field_2,0,TERMINATED,Field_1,0,TERMINATED,Field_2,0,TERMINATED,Charger_1,0,TERMINATED,Field_3,0,TERMINATED,Charger_1,0,TERMINATED,Field_1,241,0.13,0,235,0.20,0,148,0.10,0
250,628,0,0,0,0,0,12,0,TERMINATED,Field_2,0,TERMINATED,Field_2,0,TERMINATED,Field_3,0,TERMINATED,Field_1,0,TERMINATED,Charger_1,0,TERMINATED,Field_2,0,TERMINATED,Field_1,0,TERMINATED,Field_2,0,TERMINATED,Charger_1,0,TERMINATED,Field_3,0,TERMINATED,Charger_1,0,TERMINATED,Field_1,242,0.12,0,236,0.21,0,150,0.10,0
251,630,0,0,0,0,0,12,0,TERMINATED,Field_2,0,TERMINATED,Field_2,0,TERMINATED,Field_3,0,TERMINATED,Field_1,0,TERMINATED,Charger_1,0,TERMINATED,Field_2,0,TERMINATED,Field_1,0,TERMINATED,Field_2,0,TERMINATED,Charger_1,0,TERMINATED,Field_3,0,TERMINATED,Charger_1,0,TERMINATED,Field_1,244,0.10,0,236,0.23,0,150,0.10,0
252,631,0,0,0,0,0,12,0,TERMINATED,Field_2,0,TERMINATED,Field_2,0,TERMINATED,Field_3,0,TERMINATED,Field_1,0,TERMINATED,Charger_1,0,TERMINATED,Field_2,0,TERMINATED,Field_1,0,TERMINATED,Field_2,0,TERMINATED,Charger_1,0,TERMINATED,Field_3,0,TERMINATED,Charger_1,0,TERMINATED,Field_1,244,0.12,0,237,0.23,0,150,0.10,0
253,635,0,0,0,0,0,12,0,TERMINATED,Field_2,0,TERMINATED,Field_2,0,TERMINATED,Field_3,0,TERMINATED,Field_1,0,TERMINATED,Charger_1,0,TERMINATED,Field_2,0,TERMINATED,Field_1,0,TERMINATED,Field_2,0,TERMINATED,Charger_1,0,TERMINATED,Field_3,0,TERMINATED,Charger_1,0,TERMINATED,Field_1,245,0.11,0,238,0.19,0,152,0.12,0
254,637,0,0,0,0,0,12,0,TERMINATED,Field_2,0,TERMINATED,Field_2,0,TERMINATED,Field_3,0,TERMINATED,Field_1,0,TERMINATED,Charger_1,0,TERMINATED,Field_2,0,TERMINATED,Field_1,0,TERMINATED,Field_2,0,TERMINATED,Charger_1,0,TERMINATED,Field_3,0,TERMINATED,Charger_1,0,TERMINATED,Field_1,246,0.14,0,238,0.19,0,153,0.13,0
255,639,0,0,0,0,0,12,0,TERMINATED,Field_2,0,TERMINATED,Field_2,0,TERMINATED,Field_3,0,TERMINATED,Field_1,0,TERMINATED,Charger_1,0,TERMINATED,Field_2,0,TERMINATED,Field_1,0,TERMINATED,Field_2,0,TERMINATED,Charger_1,0,TERMINATED,Field_3,0,TERMINATED,Charger_1,0,TERMINATED,Field_1,246,0.16,0,240,0.19,0,153,0.13,0
256,639,0,0,0,0,0,12,0,TERMINATED,Field_2,0,TERMINATED,Field_2,0,TERMINATED,Field_3,0,TERMINATED,Field_1,0,TERMINATED,Charger_1,0,TERMINATED,Field_2,0,TERMINATED,Field_1,0,TERMINATED,Field_2,0,TERMINATED,Charger_1,0,TERMINATED,Field_3,0,TERMINATED,Charger_1,0,TERMINATED,Field_1,246,0.17,0,240,0.19,0,153,0.13,0
257,640,0,0,0,0,0,12,0,TERMINATED,Field_2,0,TERMINATED,Field_2,0,TERMINATED,Field_3,0,TERMINATED,Field_1,0,TERMINATED,Charger_1,0,TERMINATED,Field_2,0,TERMINATED,Field_1,0,TERMINATED,Field_2,0,TERMINATED,Charger_1,0,TERMINATED,Field_3,0,TERMINATED,Charger_1,0,TERMINATED,Field_1,247,0.17,0,240,0.19,0,153,0.13,0
258,642,0,0,0,0,0,12,0,TERMINATED,Field_2,0,TERMINATED,Field_2,0,TERMINATED,Field_3,0,TERMINATED,Field_1,0,TERMINATED,Charger_1,0,TERMINATED,Field_2,0,TERMINATED,Field_1,0,TERMINATED,Field_2,0,TERMINATED,Charger_1,0,TERMINATED,Field_3,0,TERMINATED,Charger_1,0,TERMINATED,Field_1,247,0.17,0,241,0.17,0,154,0.13,0
259,642,0,0,0,0,0,12,0,TERMINATED,Field_2,0,TERMINATED,Field_2,0,TERMINATED,Field_3,0,TERMINATED,Field_1,0,TERMINATED,Charger_1,0,TERMINATED,Field_2,0,TERMINATED,Field_1,0,TERMINATED,Field_2,0,TERMINATED,Charger_1,0,TERMINATED,Field_3,0,TERMINATED,Charger_1,0,TERMINATED,Field_1,247,0.17,0,241,0.17,0,154,0.13,0
260,643,0,0,0,0,0,12,0,TERMINATED,Field_2,0,TERMINATED,Field_2,0,TERMINATED,Field_3,0,TERMINATED,Field_1,0,TERMINATED,Charger_1,0,TERMINATED,Field_2,0,TERMINATED,Field_1,0,TERMINATED,Field_2,0,TERMINATED,Charger_1,0,TERMINATED,Field_3,0,TERMINATED,Charger_1,0,TERMINATED,Field_1,247,0.14,0,242,0.15,0,154,0.14,0
261,643,0,0,0,0,0,12,0,TERMINATED,Field_2,0,TERMINATED,Field_2,0,TERMINATED,Field_3,0,TERMINATED,Field_1,0,TERMINATED,Charger_1,0,TERMINATED,Field_2,0,TERMINATED,Field_1,0,TERMINATED,Field_2,0,TERMINATED,Charger_1,0,TERMINATED,Field_3,0,TERMINATED,Charger_1,0,TERMINATED,Field_1,247,0.14,0,242,0.17,0,154,0.14,0
262,646,0,0,0,0,0,12,0,TERMINATED,Field_2,0,TERMINATED,Field_2,0,TERMINATED,Field_3,0,TERMINATED,Field_1,0,TERMINATED,Charger_1,0,TERMINATED,Field_2,0,TERMINATED,Field_1,0,TERMINATED,Field_2,0,TERMINATED,Charger_1,0,TERMINATED,Field_3,0,TERMINATED,Charger_1,0,TERMINATED,Field_1,247,0.15,0,244,0.17,0,155,0.13,0
263,652,0,0,0,0,0,12,0,TERMINATED,Field_2,0,TERMINATED,Field_2,0,TERMINATED,Field_3,0,TERMINATED,Field_1,0,TERMINATED,Charger_1,0,TERMINATED,Field_2,0,TERMINATED,Field_1,0,TERMINATED,Field_2,0,TERMINATED,Charger_1,0,TERMINATED,Field_3,0,TERMINATED,Charger_1,0,TERMINATED,Field_1,248,0.13,0,247,0.17,0,157,0.16,0
264,653,0,0,0,0,0,12,0,TERMINATED,Field_2,0,TERMINATED,Field_2,0,TERMINATED,Field_3,0,TERMINATED,Field_1,0,TERMINATED,Charger_1,0,TERMINATED,Field_2,0,TERMINATED,Field_1,0,TERMINATED,Field_2,0,TERMINATED,Charger_1,0,TERMINATED,Field_3,0,TERMINATED,Charger_1,0,TERMINATED,Field_1,249,0.13,0,247,0.17,0,157,0.16,0
265,654,0,0,0,0,0,12,0,TERMINATED,Field_2,0,TERMINATED,Field_2,0,TERMINATED,Field_3,0,TERMINATED,Field_1,0,TERMINATED,Charger_1,0,TERMINATED,Field_2,0,TERMINATED,Field_1,0,TERMINATED,Field_2,0,TERMINATED,Charger_1,0,TERMINATED,Field_3,0,TERMINATED,Charger_1,0,TERMINATED,Field_1,250,0.13,0,247,0.15,0,157,0.17,0
266,658,0,0,0,0,0,12,0,TERMINATED,Field_2,0,TERMINATED,Field_2,0,TERMINATED,Field_3,0,TERMINATED,Field_1,0,TERMINATED,Charger_1,0,TERMINATED,Field_2,0,TERMINATED,Field_1,0,TERMINATED,Field_2,0,TERMINATED,Charger_1,0,TERMINATED,Field_3,0,TERMINATED,Charger_1,0,TERMINATED,Field_1,250,0.13,0,247,0.16,0,161,0.16,0
267,660,0,0,0,0,0,12,0,TERMINATED,Field_2,0,TERMINATED,Field_2,0,TERMINATED,Field_3,0,TERMINATED,Field_1,0,TERMINATED,Charger_1,0,TERMINATED,Field_2,0,TERMINATED,Field_1,0,TERMINATED,Field_2,0,TERMINATED,Charger_1,0,TERMINATED,Field_3,0,TERMINATED,Charger_1,0,TERMINATED,Field_1,251,0.15,0,247,0.16,0,162,0.15,0
268,661,0,0,0,0,0,12,0,TERMINATED,Field_2,0,TERMINATED,Field_2,0,TERMINATED,Field_3,0,TERMINATED,Field_1,0,TERMINATED,Charger_1,0,TERMINATED,Field_2,0,TERMINATED,Field_1,0,TERMINATED,Field_2,0,TERMINATED,Charger_1,0,TERMINATED,Field_3,0,TERMINATED,Charger_1,0,TERMINATED,Field_1,251,0.15,0,248,0.17,0,162,0.13,0
269,663,0,0,0,0,0,12,0,TERMINATED,Field_2,0,TERMINATED,Field_2,0,TERMINATED,Field_3,0,TERMINATED,Field_1,0,TERMINATED,Charger_1,0,TERMINATED,Field_2,0,TERMINATED,Field_1,0,TERMINATED,Field_2,0,TERMINATED,Charger_1,0,TERMINATED,Field_3,0,TERMINATED,Charger_1,0,TERMINATED,Field_1,251,0.17,0,249,0.18,0,163,0.15,0
270,663,0,0,0,0,0,12,0,TERMINATED,Field_2,0,TERMINATED,Field_2,0,TERMINATED,Field_3,0,TERMINATED,Field_1,0,TERMINATED,Charger_1,0,TERMINATED,Field_2,0,TERMINATED,Field_1,0,TERMINATED,Field_2,0,TERMINATED,Charger_1,0,TERMINATED,Field_3,0,TERMINATED,Charger_1,0,TERMINATED,Field_1,251,0.17,0,249,0.18,0,163,0.14,0
271,670,0,0,0,0,0,12,0,TERMINATED,Field_2,0,TERMINATED,Field_2,0,TERMINATED,Field_3,0,TERMINATED,Field_1,0,TERMINATED,Charger_1,0,TERMINATED,Field_2,0,TERMINATED,Field_1,0,TERMINATED,Field_2,0,TERMINATED,Charger_1,0,TERMINATED,Field_3,0,TERMINATED,Charger_1,0,TERMINATED,Field_1,253,0.17,0,251,0.18,0,166,0.13,0
272,670,0,0,0,0,0,12,0,TERMINATED,Field_2,0,TERMINATED,Field_2,0,TERMINATED,Field_3,0,TERMINATED,Field_1,0,TERMINATED,Charger_1,0,TERMINATED,Field_2,0,TERMINATED,Field_1,0,TERMINATED,Field_2,0,TERMINATED,Charger_1,0,TERMINATED,Field_3,0,TERMINATED,Charger_1,0,TERMINATED,Field_1,253,0.16,0,251,0.17,0,166,0.13,0
273,670,0,0,0,0,0,12,0,TERMINATED,Field_2,0,TERMINATED,Field_2,0,TERMINATED,Field_3,0,TERMINATED,Field_1,0,TERMINATED,Charger_1,0,TERMINATED,Field_2,0,TERMINATED,Field_1,0,TERMINATED,Field_2,0,TERMINATED,Charger_1,0,TERMINATED,Field_3,0,TERMINATED,Charger_1,0,TERMINATED,Field_1,253,0.15,0,251,0.17,0,166,0.13,0
274,674,0,0,0,0,0,12,0,TERMINATED,Field_2,0,TERMINATED,Field_2,0,TERMINATED,Field_3,0,TERMINATED,Field_1,0,TERMINATED,Charger_1,0,TERMINATED,Field_2,0,TERMINATED,Field_1,0,TERMINATED,Field_2,0,TERMINATED,Charger_1,0,TERMINATED,Field_3,0,TERMINATED,Charger_1,0,TERMINATED,Field_1,255,0.15,0,253,0.15,0,166,0.13,0
275,676,0,0,0,0,0,12,0,TERMINATED,Field_2,0,TERMINATED,Field_2,0,TERMINATED,Field_3,0,TERMINATED,Field_1,0,TERMINATED,Charger_1,0,TERMINATED,Field_2,0,TERMINATED,Field_1,0,TERMINATED,Field_2,0,TERMINATED,Charger_1,0,TERMINATED,Field_3,0,TERMINATED,Charger_1,0,TERMINATED,Field_1,255,0.16,0,255,0.16,0,166,0.15,0
276,678,0,0,0,0,0,12,0,TERMINATED,Field_2,0,TERMINATED,Field_2,0,TERMINATED,Field_3,0,TERMINATED,Field_1,0,TERMINATED,Charger_1,0,TERMINATED,Field_2,0,TERMINATED,Field_1,0,TERMINATED,Field_2,0,TERMINATED,Charger_1,0,TERMINATED,Field_3,0,TERMINATED,Charger_1,0,TERMINATED,Field_1,255,0.16,0,255,0.18,0,168,0.14,0
277,680,0,0,0,0,0,12,0,TERMINATED,Field_2,0,TERMINATED,Field_2,0,TERMINATED,Field_3,0,TERMINATED,Field_1,0,TERMINATED,Charger_1,0,TERMINATED,Field_2,0,TERMINATED,Field_1,0,TERMINATED,Field_2,0,TERMINATED,Charger_1,0,TERMINATED,Field_3,0,TERMINATED,Charger_1,0,TERMINATED,Field_1,255,0.17,0,256,0.18,0,169,0.13,0
278,681,0,0,0,0,0,12,0,TERMINATED,Field_2,0,TERMINATED,Field_2,0,TERMINATED,Field_3,0,TERMINATED,Field_1,0,TERMINATED,Charger_1,0,TERMINATED,Field_2,0,TERMINATED,Field_1,0,TERMINATED,Field_2,0,TERMINATED,Charger_1,0,TERMINATED,Field_3,0,TERMINATED,Charger_1,0,TERMINATED,Field_1,255,0.18,0,256,0.18,0,170,0.13,0
279,682,0,0,0,0,0,12,0,TERMINATED,Field_2,0,TERMINATED,Field_2,0,TERMINATED,Field_3,0,TERMINATED,Field_1,0,TERMINATED,Charger_1,0,TERMINATED,Field_2,0,TERMINATED,Field_1,0,TERMINATED,Field_2,0,TERMINATED,Charger_1,0,TERMINATED,Field_3,0,TERMINATED,Charger_1,0,TERMINATED,Field_1,255,0.17,0,256,0.17,0,171,0.13,0
280,684,0,0,0,0,0,12,0,TERMINATED,Field_2,0,TERMINATED,Field_2,0,TERMINATED,Field_3,0,TERMINATED,Field_1,0,TERMINATED,Charger_1,0,TERMINATED,Field_2,0,TERMINATED,Field_1,0,TERMINATED,Field_2,0,TERMINATED,Charger_1,0,TERMINATED,Field_3,0,TERMINATED,Charger_1,0,TERMINATED,Field_1,255,0.16,0,257,0.17,0,172,0.12,0
281,686,0,0,0,0,0,12,0,TERMINATED,Field_2,0,TERMINATED,Field_2,0,TERMINATED,Field_3,0,TERMINATED,Field_1,0,TERMINATED,Charger_1,0,TERMINATED,Field_2,0,TERMINATED,Field_1,0,TERMINATED,Field_2,0,TERMINATED,Charger_1,0,TERMINATED,Field_3,0,TERMINATED,Charger_1,0,TERMINATED,Field_1,255,0.16,0,258,0.18,0,173,0.13,0
282,688,0,0,0,0,0,12,0,TERMINATED,Field_2,0,TERMINATED,Field_2,0,TERMINATED,Field_3,0,TERMINATED,Field_1,0,TERMINATED,Charger_1,0,TERMINATED,Field_2,0,TERMINATED,Field_1,0,TERMINATED,Field_2,0,TERMINATED,Charger_1,0,TERMINATED,Field_3,0,TERMINATED,Charger_1,0,TERMINATED,Field_1,255,0.16,0,259,0.19,0,174,0.14,0
283,688,0,0,0,0,0,12,0,TERMINATED,Field_2,0,TERMINATED,Field_2,0,TERMINATED,Field_3,0,TERMINATED,Field_1,0,TERMINATED,Charger_1,0,TERMINATED,Field_2,0,TERMINATED,Field_1,0,TERMINATED,Field_2,0,TERMINATED,Charger_1,0,TERMINATED,Field_3,0,TERMINATED,Charger_1,0,TERMINATED,Field_1,255,0.17,0,259,0.18,0,174,0.15,0
284,690,0,0,0,0,0,12,0,TERMINATED,Field_2,0,TERMINATED,Field_2,0,TERMINATED,Field_3,0,TERMINATED,Field_1,0,TERMINATED,Charger_1,0,TERMINATED,Field_2,0,TERMINATED,Field_1,0,TERMINATED,Field_2,0,TERMINATED,Charger_1,0,TERMINATED,Field_3,0,TERMINATED,Charger_1,0,TERMINATED,Field_1,255,0.17,0,260,0.19,0,175,0.15,0
285,694,0,0,0,0,0,12,0,TERMINATED,Field_2,0,TERMINATED,Field_2,0,TERMINATED,Field_3,0,TERMINATED,Field_1,0,TERMINATED,Charger_1,0,TERMINATED,Field_2,0,TERMINATED,Field_1,0,TERMINATED,Field_2,0,TERMINATED,Charger_1,0,TERMINATED,Field_3,0,TERMINATED,Charger_1,0,TERMINATED,Field_1,255,0.17,0,263,0.20,0,176,0.15,0
286,695,0,0,0,0,0,12,0,TERMINATED,Field_2,0,TERMINATED,Field_2,0,TERMINATED,Field_3,0,TERMINATED,Field_1,0,TERMINATED,Charger_1,0,TERMINATED,Field_2,0,TERMINATED,Field_1,0,TERMINATED,Field_2,0,TERMINATED,Charger_1,0,TERMINATED,Field_3,0,TERMINATED,Charger_1,0,TERMINATED,Field_1,255,0.15,0,264,0.18,0,176,0.14,0
287,695,0,0,0,0,0,12,0,TERMINATED,Field_2,0,TERMINATED,Field_2,0,TERMINATED,Field_3,0,TERMINATED,Field_1,0,TERMINATED,Charger_1,0,TERMINATED,Field_2,0,TERMINATED,Field_1,0,TERMINATED,Field_2,0,TERMINATED,Charger_1,0,TERMINATED,Field_3,0,TERMINATED,Charger_1,0,TERMINATED,Field_1,255,0.16,0,264,0.19,0,176,0.12,0
288,699,0,0,0,0,0,12,0,TERMINATED,Field_2,0,TERMINATED,Field_2,0,TERMINATED,Field_3,0,TERMINATED,Field_1,0,TERMINATED,Charger_1,0,TERMINATED,Field_2,0,TERMINATED,Field_1,0,TERMINATED,Field_2,0,TERMINATED,Charger_1,0,TERMINATED,Field_3,0,TERMINATED,Charger_1,0,TERMINATED,Field_1,255,0.17,0,268,0.18,0,176,0.12,0
289,700,0,0,0,0,0,12,0,TERMINATED,Field_2,0,TERMINATED,Field_2,0,TERMINATED,Field_3,0,TERMINATED,Field_1,0,TERMINATED,Charger_1,0,TERMINATED,Field_2,0,TERMINATED,Field_1,0,TERMINATED,Field_2,0,TERMINATED,Charger_1,0,TERMINATED,Field_3,0,TERMINATED,Charger_1,0,TERMINATED,Field_1,256,0.17,0,268,0.18,0,176,0.12,0
290,701,0,0,0,0,0,12,0,TERMINATED,Field_2,0,TERMINATED,Field_2,0,TERMINATED,Field_3,0,TERMINATED,Field_1,0,TERMINATED,Charger_1,0,TERMINATED,Field_2,0,TERMINATED,Field_1,0,TERMINATED,Field_2,0,TERMINATED,Charger_1,0,TERMINATED,Field_3,0,TERMINATED,Charger_1,0,TERMINATED,Field_1,256,0.18,0,268,0.19,0,177,0.12,0
291,703,0,0,0,0,0,12,0,TERMINATED,Field_2,0,TERMINATED,Field_2,0,TERMINATED,Field_3,0,TERMINATED,Field_1,0,TERMINATED,Charger_1,0,TERMINATED,Field_2,0,TERMINATED,Field_1,0,TERMINATED,Field_2,0,TERMINATED,Charger_1,0,TERMINATED,Field_3,0,TERMINATED,Charger_1,0,TERMINATED,Field_1,256,0.17,0,270,0.20,0,177,0.12,0
292,704,0,0,0,0,0,12,0,TERMINATED,Field_2,0,TERMINATED,Field_2,0,TERMINATED,Field_3,0,TERMINATED,Field_1,0,TERMINATED,Charger_1,0,TERMINATED,Field_2,0,TERMINATED,Field_1,0,TERMINATED,Field_2,0,TERMINATED,Charger_1,0,TERMINATED,Field_3,0,TERMINATED,Charger_1,0,TERMINATED,Field_1,256,0.18,0,271,0.21,0,177,0.13,0
293,706,0,0,0,0,0,12,0,TERMINATED,Field_2,0,TERMINATED,Field_2,0,TERMINATED,Field_3,0,TERMINATED,Field_1,0,TERMINATED,Charger_1,0,TERMINATED,Field_2,0,TERMINATED,Field_1,0,TERMINATED,Field_2,0,TERMINATED,Charger_1,0,TERMINATED,Field_3,0,TERMINATED,Charger_1,0,TERMINATED,Field_1,256,0.18,0,271,0.21,0,179,0.15,0
294,706,0,0,0,0,0,12,0,TERMINATED,Field_2,0,TERMINATED,Field_2,0,TERMINATED,Field_3,0,TERMINATED,Field_1,0,TERMINATED,Charger_1,0,TERMINATED,Field_2,0,TERMINATED,Field_1,0,TERMINATED,Field_2,0,TERMINATED,Charger_1,0,TERMINATED,Field_3,0,TERMINATED,Charger_1,0,TERMINATED,Field_1,256,0.17,0,271,0.21,0,179,0.17,0
295,707,0,0,0,0,0,12,0,TERMINATED,Field_2,0,TERMINATED,Field_2,0,TERMINATED,Field_3,0,TERMINATED,Field_1,0,TERMINATED,Charger_1,0,TERMINATED,Field_2,0,TERMINATED,Field_1,0,TERMINATED,Field_2,0,TERMINATED,Charger_1,0,TERMINATED,Field_3,0,TERMINATED,Charger_1,0,TERMINATED,Field_1,256,0.16,0,272,0.22,0,179,0.16,0
296,710,0,0,0,0,0,12,0,TERMINATED,Field_2,0,TERMINATED,Field_2,0,TERMINATED,Field_3,0,TERMINATED,Field_1,0,TERMINATED,Charger_1,0,TERMINATED,Field_2,0,TERMINATED,Field_1,0,TERMINATED,Field_2,0,TERMINATED,Charger_1,0,TERMINATED,Field_3,0,TERMINATED,Charger_1,0,TERMINATED,Field_1,256,0.16,0,274,0.22,0,180,0.18,0
297,711,0,0,0,0,0,12,0,TERMINATED,Field_2,0,TERMINATED,Field_2,0,TERMINATED,Field_3,0,TERMINATED,Field_1,0,TERMINATED,Charger_1,0,TERMINATED,Field_2,0,TERMINATED,Field_1,0,TERMINATED,Field_2,0,TERMINATED,Charger_1,0,TERMINATED,Field_3,0,TERMINATED,Charger_1,0,TERMINATED,Field_1,256,0.15,0,275,0.23,0,180,0.19,0
298,711,0,0,0,0,0,12,0,TERMINATED,Field_2,0,TERMINATED,Field_2,0,TERMINATED,Field_3,0,TERMINATED,Field_1,0,TERMINATED,Charger_1,0,TERMINATED,Field_2,0,TERMINATED,Field_1,0,TERMINATED,Field_2,0,TERMINATED,Charger_1,0,TERMINATED,Field_3,0,TERMINATED,Charger_1,0,TERMINATED,Field_1,256,0.15,0,275,0.24,0,180,0.19,0
299,712,0,0,0,0,0,12,0,TERMINATED,Field_2,0,TERMINATED,Field_2,0,TERMINATED,Field_3,0,TERMINATED,Field_1,0,TERMINATED,Charger_1,0,TERMINATED,Field_2,0,TERMINATED,Field_1,0,TERMINATED,Field_2,0,TERMINATED,Charger_1,0,TERMINATED,Field_3,0,TERMINATED,Charger_1,0,TERMINATED,Field_1,256,0.15,0,276,0.23,0,180,0.19,0
300,715,0,0,0,0,0,12,0,TERMINATED,Field_2,0,TERMINATED,Field_2,0,TERMINATED,Field_3,0,TERMINATED,Field_1,0,TERMINATED,Charger_1,0,TERMINATED,Field_2,0,TERMINATED,Field_1,0,TERMINATED,Field_2,0,TERMINATED,Charger_1,0,TERMINATED,Field_3,0,TERMINATED,Charger_1,0,TERMINATED,Field_1,256,0.15,0,277,0.23,0,182,0.18,0
