step,damage,IDLE,CHARGING,PROTECTING,MOVING_TO_CHARGER,MOVING_TO_FIELD,TERMINATED,Drone_1_battery,Drone_1_state,Drone_1_target,Drone_2_battery,Drone_2_state,Drone_2_target,Drone_3_battery,Drone_3_state,Drone_3_target,Drone_4_battery,Drone_4_state,Drone_4_target,Drone_5_battery,Drone_5_state,Drone_5_target,Drone_6_battery,Drone_6_state,Drone_6_target,Drone_7_battery,Drone_7_state,Drone_7_target,Drone_8_battery,Drone_8_state,Drone_8_target,Drone_9_battery,Drone_9_state,Drone_9_target,Drone_10_battery,Drone_10_state,Drone_10_target,Drone_11_battery,Drone_11_state,Drone_11_target,Drone_12_battery,Drone_12_state,Drone_12_target,Field_1_damage,Field_1_threat_level,Field_1_protecting_drones,Field_2_damage,Field_2_threat_level,Field_2_protecting_drones,Field_3_damage,Field_3_threat_level,Field_3_protecting_drones
1,0,0,0,1,0,11,0,0.99,MOVING_TO_FIELD,Field_3,0.99,MOVING_TO_FIELD,Field_2,0.99,MOVING_TO_FIELD,Field_2,0.99,MOVING_TO_FIELD,Field_2,0.99,MOVING_TO_FIELD,Field_1,0.99,PROTECTING,Field_2,0.99,MOVING_TO_FIELD,Field_3,0.99,MOVING_TO_FIELD,Field_1,0.99,MOVING_TO_FIELD,Field_2,0.99,MOVING_TO_FIELD,Field_1,0.99,MOVING_TO_FIELD,Field_2,0.99,MOVING_TO_FIELD,Field_1,0,0.11,0,0,0.16,1,0,0.07,0
2,0,0,0,1,0,11,0,0.98,MOVING_TO_FIELD,Field_3,0.98,MOVING_TO_FIELD,Field_2,0.98,MOVING_TO_FIELD,Field_2,0.98,MOVING_TO_FIELD,Field_2,0.98,MOVING_TO_FIELD,Field_1,0.98,PROTECTING,Field_2,0.98,MOVING_TO_FIELD,Field_3,0.98,MOVING_TO_FIELD,Field_1,0.98,MOVING_TO_FIELD,Field_2,0.98,MOVING_TO_FIELD,Field_1,0.98,MOVING_TO_FIELD,Field_2,0.98,MOVING_TO_FIELD,Field_1,0,0.10,0,0,0.16,1,0,0.07,0
3,0,0,0,2,0,10,0,0.97,MOVING_TO_FIELD,Field_3,0.97,PROTECTING,Field_2,0.97,MOVING_TO_FIELD,Field_2,0.97,MOVING_TO_FIELD,Field_2,0.97,MOVING_TO_FIELD,Field_1,0.98,PROTECTING,Field_2,0.97,MOVING_TO_FIELD,Field_3,0.97,MOVING_TO_FIELD,Field_1,0.97,MOVING_TO_FIELD,Field_2,0.97,MOVING_TO_FIELD,Field_1,0.97,MOVING_TO_FIELD,Field_2,0.97,MOVING_TO_FIELD,Field_1,0,0.10,0,0,0.16,2,0,0.08,0
4,0,0,0,2,0,10,0,0.96,MOVING_TO_FIELD,Field_3,0.96,PROTECTING,Field_2,0.96,MOVING_TO_FIELD,Field_2,0.96,MOVING_TO_FIELD,Field_2,0.96,MOVING_TO_FIELD,Field_1,0.97,PROTECTING,Field_2,0.96,MOVING_TO_FIELD,Field_3,0.96,MOVING_TO_FIELD,Field_1,0.96,MOVING_TO_FIELD,Field_2,0.96,MOVING_TO_FIELD,Field_1,0.96,MOVING_TO_FIELD,Field_2,0.96,MOVING_TO_FIELD,Field_1,0,0.10,0,0,0.17,2,0,0.08,0
5,0,0,0,3,0,9,0,0.95,MOVING_TO_FIELD,Field_3,0.96,PROTECTING,Field_2,0.95,MOVING_TO_FIELD,Field_2,0.95,MOVING_TO_FIELD,Field_2,0.95,MOVING_TO_FIELD,Field_1,0.96,PROTECTING,Field_2,0.95,PROTECTING,Field_3,0.95,MOVING_TO_FIELD,Field_1,0.95,MOVING_TO_FIELD,Field_2,0.95,MOVING_TO_FIELD,Field_1,0.95,MOVING_TO_FIELD,Field_2,0.95,MOVING_TO_FIELD,Field_1,0,0.10,0,0,0.17,2,0,0.08,1
6,0,0,0,4,0,8,0,0.94,PROTECTING,Field_3,0.95,PROTECTING,Field_2,0.94,MOVING_TO_FIELD,Field_2,0.94,MOVING_TO_FIELD,Field_2,0.94,MOVING_TO_FIELD,Field_1,0.95,PROTECTING,Field_2,0.94,PROTECTING,Field_3,0.94,MOVING_TO_FIELD,Field_1,0.94,MOVING_TO_FIELD,Field_2,0.94,MOVING_TO_FIELD,Field_1,0.94,MOVING_TO_FIELD,Field_2,0.94,MOVING_TO_FIELD,Field_1,0,0.11,0,0,0.17,2,0,0.09,2
7,0,0,0,5,0,7,0,0.93,PROTECTING,Field_3,0.94,PROTECTING,Field_2,0.93,MOVING_TO_FIELD,Field_2,0.93,MOVING_TO_FIELD,Field_2,0.93,PROTECTING,Field_1,0.95,PROTECTING,Field_2,0.94,PROTECTING,Field_3,0.93,MOVING_TO_FIELD,Field_1,0.93,MOVING_TO_FIELD,Field_2,0.93,MOVING_TO_FIELD,Field_1,0.93,MOVING_TO_FIELD,Field_2,0.93,MOVING_TO_FIELD,Field_1,0,0.10,1,0,0.18,2,0,0.09,2
8,3,0,0,5,0,7,0,0.93,PROTECTING,Field_3,0.93,PROTECTING,Field_2,0.92,MOVING_TO_FIELD,Field_2,0.92,MOVING_TO_FIELD,Field_2,0.92,PROTECTING,Field_1,0.94,PROTECTING,Field_2,0.93,PROTECTING,Field_3,0.92,MOVING_TO_FIELD,Field_1,0.92,MOVING_TO_FIELD,Field_2,0.92,MOVING_TO_FIELD,Field_1,0.92,MOVING_TO_FIELD,Field_2,0.92,MOVING_TO_FIELD,Field_1,1,0.10,1,0,0.17,2,2,0.10,2
9,4,0,0,7,0,5,0,0.92,PROTECTING,Field_3,0.93,PROTECTING,Field_2,0.91,PROTECTING,Field_2,0.91,PROTECTING,Field_2,0.92,PROTECTING,Field_1,0.93,PROTECTING,Field_2,0.92,PROTECTING,Field_3,0.91,MOVING_TO_FIELD,Field_1,0.91,MOVING_TO_FIELD,Field_2,0.91,MOVING_TO_FIELD,Field_1,0.91,MOVING_TO_FIELD,Field_2,0.91,MOVING_TO_FIELD,Field_1,2,0.11,1,0,0.19,4,2,0.10,2
10,6,0,0,8,0,4,0,0.91,PROTECTING,Field_3,0.92,PROTECTING,Field_2,0.90,PROTECTING,Field_2,0.90,PROTECTING,Field_2,0.91,PROTECTING,Field_1,0.93,PROTECTING,Field_2,0.91,PROTECTING,Field_3,0.90,MOVING_TO_FIELD,Field_1,0.90,PROTECTING,Field_2,0.90,MOVING_TO_FIELD,Field_1,0.90,MOVING_TO_FIELD,Field_2,0.90,MOVING_TO_FIELD,Field_1,3,0.12,1,1,0.18,5,2,0.11,2
11,6,0,0,8,0,4,0,0.90,PROTECTING,Field_3,0.91,PROTECTING,Field_2,0.90,PROTECTING,Field_2,0.90,PROTECTING,Field_2,0.90,PROTECTING,Field_1,0.92,PROTECTING,Field_2,0.91,PROTECTING,Field_3,0.89,MOVING_TO_FIELD,Field_1,0.89,PROTECTING,Field_2,0.89,MOVING_TO_FIELD,Field_1,0.89,MOVING_TO_FIELD,Field_2,0.89,MOVING_TO_FIELD,Field_1,3,0.12,1,1,0.18,5,2,0.12,2
12,8,0,0,8,0,4,0,0.90,PROTECTING,Field_3,0.91,PROTECTING,Field_2,0.89,PROTECTING,Field_2,0.89,PROTECTING,Field_2,0.89,PROTECTING,Field_1,0.91,PROTECTING,Field_2,0.90,PROTECTING,Field_3,0.88,MOVING_TO_FIELD,Field_1,0.89,PROTECTING,Field_2,0.88,MOVING_TO_FIELD,Field_1,0.88,MOVING_TO_FIELD,Field_2,0.88,MOVING_TO_FIELD,Field_1,3,0.13,1,2,0.19,5,3,0.14,2
13,10,0,0,9,0,3,0,0.89,PROTECTING,Field_3,0.90,PROTECTING,Field_2,0.88,PROTECTING,Field_2,0.88,PROTECTING,Field_2,0.89,PROTECTING,Field_1,0.91,PROTECTING,Field_2,0.89,PROTECTING,Field_3,0.87,PROTECTING,Field_1,0.88,PROTECTING,Field_2,0.87,MOVING_TO_FIELD,Field_1,0.87,MOVING_TO_FIELD,Field_2,0.87,MOVING_TO_FIELD,Field_1,3,0.14,2,3,0.19,5,4,0.14,2
14,13,0,0,9,0,3,0,0.88,PROTECTING,Field_3,0.89,PROTECTING,Field_2,0.87,PROTECTING,Field_2,0.87,PROTECTING,Field_2,0.88,PROTECTING,Field_1,0.90,PROTECTING,Field_2,0.89,PROTECTING,Field_3,0.86,PROTECTING,Field_1,0.87,PROTECTING,Field_2,0.86,MOVING_TO_FIELD,Field_1,0.86,MOVING_TO_FIELD,Field_2,0.86,MOVING_TO_FIELD,Field_1,3,0.14,2,4,0.18,5,6,0.14,2
15,13,0,0,9,0,3,0,0.88,PROTECTING,Field_3,0.89,PROTECTING,Field_2,0.87,PROTECTING,Field_2,0.87,PROTECTING,Field_2,0.87,PROTECTING,Field_1,0.89,PROTECTING,Field_2,0.88,PROTECTING,Field_3,0.86,PROTECTING,Field_1,0.86,PROTECTING,Field_2,0.85,MOVING_TO_FIELD,Field_1,0.85,MOVING_TO_FIELD,Field_2,0.85,MOVING_TO_FIELD,Field_1,3,0.14,2,4,0.18,5,6,0.15,2
16,13,0,0,10,0,2,0,0.87,PROTECTING,Field_3,0.88,PROTECTING,Field_2,0.86,PROTECTING,Field_2,0.86,PROTECTING,Field_2,0.87,PROTECTING,Field_1,0.88,PROTECTING,Field_2,0.87,PROTECTING,Field_3,0.85,PROTECTING,Field_1,0.86,PROTECTING,Field_2,0.84,MOVING_TO_FIELD,Field_1,0.84,MOVING_TO_FIELD,Field_2,0.84,PROTECTING,Field_1,3,0.14,3,4,0.17,5,6,0.13,2
17,15,0,0,10,0,2,0,0.86,PROTECTING,Field_3,0.87,PROTECTING,Field_2,0.85,PROTECTING,Field_2,0.85,PROTECTING,Field_2,0.86,PROTECTING,Field_1,0.88,PROTECTING,Field_2,0.87,PROTECTING,Field_3,0.84,PROTECTING,Field_1,0.85,PROTECTING,Field_2,0.83,MOVING_TO_FIELD,Field_1,0.83,MOVING_TO_FIELD,Field_2,0.83,PROTECTING,Field_1,3,0.15,3,4,0.18,5,8,0.14,2
18,15,0,0,12,0,0,0,0.86,PROTECTING,Field_3,0.86,PROTECTING,Field_2,0.85,PROTECTING,Field_2,0.85,PROTECTING,Field_2,0.85,PROTECTING,Field_1,0.87,PROTECTING,Field_2,0.86,PROTECTING,Field_3,0.83,PROTECTING,Field_1,0.84,PROTECTING,Field_2,0.82,PROTECTING,Field_1,0.82,PROTECTING,Field_2,0.83,PROTECTING,Field_1,3,0.14,4,4,0.20,6,8,0.14,2
19,17,0,0,12,0,0,0,0.85,PROTECTING,Field_3,0.86,PROTECTING,Field_2,0.84,PROTECTING,Field_2,0.84,PROTECTING,Field_2,0.85,PROTECTING,Field_1,0.86,PROTECTING,Field_2,0.85,PROTECTING,Field_3,0.83,PROTECTING,Field_1,0.84,PROTECTING,Field_2,0.81,PROTECTING,Field_1,0.81,PROTECTING,Field_2,0.82,PROTECTING,Field_1,4,0.14,4,4,0.19,6,9,0.15,2
20,19,0,0,12,0,0,0,0.84,PROTECTING,Field_3,0.85,PROTECTING,Field_2,0.83,PROTECTING,Field_2,0.83,PROTECTING,Field_2,0.84,PROTECTING,Field_1,0.86,PROTECTING,Field_2,0.84,PROTECTING,Field_3,0.82,PROTECTING,Field_1,0.83,PROTECTING,Field_2,0.81,PROTECTING,Field_1,0.81,PROTECTING,Field_2,0.81,PROTECTING,Field_1,4,0.14,4,5,0.18,6,10,0.13,2
21,20,0,0,12,0,0,0,0.83,PROTECTING,Field_3,0.84,PROTECTING,Field_2,0.83,PROTECTING,Field_2,0.83,PROTECTING,Field_2,0.83,PROTECTING,Field_1,0.85,PROTECTING,Field_2,0.84,PROTECTING,Field_3,0.81,PROTECTING,Field_1,0.82,PROTECTING,Field_2,0.80,PROTECTING,Field_1,0.80,PROTECTING,Field_2,0.80,PROTECTING,Field_1,4,0.15,4,5,0.20,6,11,0.11,2
22,20,0,0,12,0,0,0,0.83,PROTECTING,Field_3,0.84,PROTECTING,Field_2,0.82,PROTECTING,Field_2,0.82,PROTECTING,Field_2,0.82,PROTECTING,Field_1,0.84,PROTECTING,Field_2,0.83,PROTECTING,Field_3,0.81,PROTECTING,Field_1,0.82,PROTECTING,Field_2,0.79,PROTECTING,Field_1,0.79,PROTECTING,Field_2,0.80,PROTECTING,Field_1,4,0.16,4,5,0.21,6,11,0.11,2
23,21,0,0,12,0,0,0,0.82,PROTECTING,Field_3,0.83,PROTECTING,Field_2,0.81,PROTECTING,Field_2,0.81,PROTECTING,Field_2,0.82,PROTECTING,Field_1,0.84,PROTECTING,Field_2,0.82,PROTECTING,Field_3,0.80,PROTECTING,Field_1,0.81,PROTECTING,Field_2,0.78,PROTECTING,Field_1,0.78,PROTECTING,Field_2,0.79,PROTECTING,Field_1,4,0.17,4,5,0.23,6,12,0.11,2
24,22,0,0,12,0,0,0,0.81,PROTECTING,Field_3,0.82,PROTECTING,Field_2,0.80,PROTECTING,Field_2,0.80,PROTECTING,Field_2,0.81,PROTECTING,Field_1,0.83,PROTECTING,Field_2,0.82,PROTECTING,Field_3,0.79,PROTECTING,Field_1,0.80,PROTECTING,Field_2,0.78,PROTECTING,Field_1,0.78,PROTECTING,Field_2,0.78,PROTECTING,Field_1,4,0.17,4,5,0.25,6,13,0.12,2
25,24,0,0,12,0,0,0,0.81,PROTECTING,Field_3,0.82,PROTECTING,Field_2,0.80,PROTECTING,Field_2,0.80,PROTECTING,Field_2,0.80,PROTECTING,Field_1,0.82,PROTECTING,Field_2,0.81,PROTECTING,Field_3,0.79,PROTECTING,Field_1,0.79,PROTECTING,Field_2,0.77,PROTECTING,Field_1,0.77,PROTECTING,Field_2,0.78,PROTECTING,Field_1,4,0.17,4,5,0.24,6,15,0.11,2
26,27,0,0,12,0,0,0,0.80,PROTECTING,Field_3,0.81,PROTECTING,Field_2,0.79,PROTECTING,Field_2,0.79,PROTECTING,Field_2,0.80,PROTECTING,Field_1,0.81,PROTECTING,Field_2,0.80,PROTECTING,Field_3,0.78,PROTECTING,Field_1,0.79,PROTECTING,Field_2,0.76,PROTECTING,Field_1,0.76,PROTECTING,Field_2,0.77,PROTECTING,Field_1,5,0.18,4,5,0.25,6,17,0.11,2
27,28,0,0,12,0,0,0,0.79,PROTECTING,Field_3,0.80,PROTECTING,Field_2,0.78,PROTECTING,Field_2,0.78,PROTECTING,Field_2,0.79,PROTECTING,Field_1,0.81,PROTECTING,Field_2,0.80,PROTECTING,Field_3,0.77,PROTECTING,Field_1,0.78,PROTECTING,Field_2,0.76,PROTECTING,Field_1,0.76,PROTECTING,Field_2,0.76,PROTECTING,Field_1,5,0.19,4,5,0.25,6,18,0.14,2
28,28,0,0,12,0,0,0,0.79,PROTECTING,Field_3,0.79,PROTECTING,Field_2,0.78,PROTECTING,Field_2,0.78,PROTECTING,Field_2,0.78,PROTECTING,Field_1,0.80,PROTECTING,Field_2,0.79,PROTECTING,Field_3,0.76,PROTECTING,Field_1,0.77,PROTECTING,Field_2,0.75,PROTECTING,Field_1,0.75,PROTECTING,Field_2,0.76,PROTECTING,Field_1,5,0.19,4,5,0.24,6,18,0.14,2
29,29,0,0,12,0,0,0,0.78,PROTECTING,Field_3,0.79,PROTECTING,Field_2,0.77,PROTECTING,Field_2,0.77,PROTECTING,Field_2,0.78,PROTECTING,Field_1,0.79,PROTECTING,Field_2,0.78,PROTECTING,Field_3,0.76,PROTECTING,Field_1,0.77,PROTECTING,Field_2,0.74,PROTECTING,Field_1,0.74,PROTECTING,Field_2,0.75,PROTECTING,Field_1,5,0.19,4,5,0.23,6,19,0.14,2
30,30,0,0,12,0,0,0,0.77,PROTECTING,Field_3,0.78,PROTECTING,Field_2,0.76,PROTECTING,Field_2,0.76,PROTECTING,Field_2,0.77,PROTECTING,Field_1,0.79,PROTECTING,Field_2,0.77,PROTECTING,Field_3,0.75,PROTECTING,Field_1,0.76,PROTECTING,Field_2,0.74,PROTECTING,Field_1,0.74,PROTECTING,Field_2,0.74,PROTECTING,Field_1,5,0.18,4,5,0.23,6,20,0.14,2
31,32,0,0,12,0,0,0,0.76,PROTECTING,Field_3,0.77,PROTECTING,Field_2,0.76,PROTECTING,Field_2,0.76,PROTECTING,Field_2,0.76,PROTECTING,Field_1,0.78,PROTECTING,Field_2,0.77,PROTECTING,Field_3,0.74,PROTECTING,Field_1,0.75,PROTECTING,Field_2,0.73,PROTECTING,Field_1,0.73,PROTECTING,Field_2,0.73,PROTECTING,Field_1,6,0.19,4,5,0.23,6,21,0.12,2
32,34,0,0,12,0,0,0,0.76,PROTECTING,Field_3,0.77,PROTECTING,Field_2,0.75,PROTECTING,Field_2,0.75,PROTECTING,Field_2,0.75,PROTECTING,Field_1,0.77,PROTECTING,Field_2,0.76,PROTECTING,Field_3,0.74,PROTECTING,Field_1,0.75,PROTECTING,Field_2,0.72,PROTECTING,Field_1,0.72,PROTECTING,Field_2,0.73,PROTECTING,Field_1,6,0.19,4,6,0.23,6,22,0.12,2
33,36,0,0,12,0,0,0,0.75,PROTECTING,Field_3,0.76,PROTECTING,Field_2,0.74,PROTECTING,Field_2,0.74,PROTECTING,Field_2,0.75,PROTECTING,Field_1,0.77,PROTECTING,Field_2,0.75,PROTECTING,Field_3,0.73,PROTECTING,Field_1,0.74,PROTECTING,Field_2,0.71,PROTECTING,Field_1,0.71,PROTECTING,Field_2,0.72,PROTECTING,Field_1,6,0.18,4,7,0.19,6,23,0.13,2
34,37,0,0,12,0,0,0,0.74,PROTECTING,Field_3,0.75,PROTECTING,Field_2,0.73,PROTECTING,Field_2,0.73,PROTECTING,Field_2,0.74,PROTECTING,Field_1,0.76,PROTECTING,Field_2,0.75,PROTECTING,Field_3,0.72,PROTECTING,Field_1,0.73,PROTECTING,Field_2,0.71,PROTECTING,Field_1,0.71,PROTECTING,Field_2,0.71,PROTECTING,Field_1,6,0.19,4,7,0.17,6,24,0.14,2
35,38,0,0,12,0,0,0,0.74,PROTECTING,Field_3,0.75,PROTECTING,Field_2,0.73,PROTECTING,Field_2,0.73,PROTECTING,Field_2,0.73,PROTECTING,Field_1,0.75,PROTECTING,Field_2,0.74,PROTECTING,Field_3,0.72,PROTECTING,Field_1,0.72,PROTECTING,Field_2,0.70,PROTECTING,Field_1,0.70,PROTECTING,Field_2,0.71,PROTECTING,Field_1,6,0.19,4,7,0.16,6,25,0.15,2
36,38,0,0,12,0,0,0,0.73,PROTECTING,Field_3,0.74,PROTECTING,Field_2,0.72,PROTECTING,Field_2,0.72,PROTECTING,Field_2,0.73,PROTECTING,Field_1,0.74,PROTECTING,Field_2,0.73,PROTECTING,Field_3,0.71,PROTECTING,Field_1,0.72,PROTECTING,Field_2,0.69,PROTECTING,Field_1,0.69,PROTECTING,Field_2,0.70,PROTECTING,Field_1,6,0.17,4,7,0.15,6,25,0.17,2
37,41,0,0,12,0,0,0,0.72,PROTECTING,Field_3,0.73,PROTECTING,Field_2,0.71,PROTECTING,Field_2,0.71,PROTECTING,Field_2,0.72,PROTECTING,Field_1,0.74,PROTECTING,Field_2,0.73,PROTECTING,Field_3,0.70,PROTECTING,Field_1,0.71,PROTECTING,Field_2,0.69,PROTECTING,Field_1,0.69,PROTECTING,Field_2,0.69,PROTECTING,Field_1,7,0.17,4,7,0.15,6,27,0.19,2
38,42,0,0,12,0,0,0,0.72,PROTECTING,Field_3,0.72,PROTECTING,Field_2,0.71,PROTECTING,Field_2,0.71,PROTECTING,Field_2,0.71,PROTECTING,Field_1,0.73,PROTECTING,Field_2,0.72,PROTECTING,Field_3,0.69,PROTECTING,Field_1,0.70,PROTECTING,Field_2,0.68,PROTECTING,Field_1,0.68,PROTECTING,Field_2,0.69,PROTECTING,Field_1,7,0.18,4,7,0.17,6,28,0.19,2
39,44,0,0,12,0,0,0,0.71,PROTECTING,Field_3,0.72,PROTECTING,Field_2,0.70,PROTECTING,Field_2,0.70,PROTECTING,Field_2,0.71,PROTECTING,Field_1,0.72,PROTECTING,Field_2,0.71,PROTECTING,Field_3,0.69,PROTECTING,Field_1,0.70,PROTECTING,Field_2,0.67,PROTECTING,Field_1,0.67,PROTECTING,Field_2,0.68,PROTECTING,Field_1,7,0.18,4,7,0.17,6,30,0.17,2
40,44,0,0,12,0,0,0,0.70,PROTECTING,Field_3,0.71,PROTECTING,Field_2,0.69,PROTECTING,Field_2,0.69,PROTECTING,Field_2,0.70,PROTECTING,Field_1,0.72,PROTECTING,Field_2,0.70,PROTECTING,Field_3,0.68,PROTECTING,Field_1,0.69,PROTECTING,Field_2,0.67,PROTECTING,Field_1,0.67,PROTECTING,Field_2,0.67,PROTECTING,Field_1,7,0.16,4,7,0.18,6,30,0.17,2
41,46,0,0,12,0,0,0,0.69,PROTECTING,Field_3,0.70,PROTECTING,Field_2,0.69,PROTECTING,Field_2,0.69,PROTECTING,Field_2,0.69,PROTECTING,Field_1,0.71,PROTECTING,Field_2,0.70,PROTECTING,Field_3,0.67,PROTECTING,Field_1,0.68,PROTECTING,Field_2,0.66,PROTECTING,Field_1,0.66,PROTECTING,Field_2,0.66,PROTECTING,Field_1,7,0.16,4,7,0.16,6,32,0.17,2
42,48,0,0,12,0,0,0,0.69,PROTECTING,Field_3,0.70,PROTECTING,Field_2,0.68,PROTECTING,Field_2,0.68,PROTECTING,Field_2,0.68,PROTECTING,Field_1,0.70,PROTECTING,Field_2,0.69,PROTECTING,Field_3,0.67,PROTECTING,Field_1,0.68,PROTECTING,Field_2,0.65,PROTECTING,Field_1,0.65,PROTECTING,Field_2,0.66,PROTECTING,Field_1,7,0.16,4,7,0.17,6,34,0.17,2
43,48,0,0,12,0,0,0,0.68,PROTECTING,Field_3,0.69,PROTECTING,Field_2,0.67,PROTECTING,Field_2,0.67,PROTECTING,Field_2,0.68,PROTECTING,Field_1,0.70,PROTECTING,Field_2,0.68,PROTECTING,Field_3,0.66,PROTECTING,Field_1,0.67,PROTECTING,Field_2,0.64,PROTECTING,Field_1,0.64,PROTECTING,Field_2,0.65,PROTECTING,Field_1,7,0.14,4,7,0.15,6,34,0.15,2
44,50,0,0,12,0,0,0,0.67,PROTECTING,Field_3,0.68,PROTECTING,Field_2,0.66,PROTECTING,Field_2,0.66,PROTECTING,Field_2,0.67,PROTECTING,Field_1,0.69,PROTECTING,Field_2,0.68,PROTECTING,Field_3,0.65,PROTECTING,Field_1,0.66,PROTECTING,Field_2,0.64,PROTECTING,Field_1,0.64,PROTECTING,Field_2,0.64,PROTECTING,Field_1,7,0.15,4,7,0.13,6,36,0.15,2
45,52,0,0,12,0,0,0,0.67,PROTECTING,Field_3,0.68,PROTECTING,Field_2,0.66,PROTECTING,Field_2,0.66,PROTECTING,Field_2,0.66,PROTECTING,Field_1,0.68,PROTECTING,Field_2,0.67,PROTECTING,Field_3,0.65,PROTECTING,Field_1,0.65,PROTECTING,Field_2,0.63,PROTECTING,Field_1,0.63,PROTECTING,Field_2,0.64,PROTECTING,Field_1,7,0.15,4,7,0.13,6,38,0.15,2
46,53,0,0,12,0,0,0,0.66,PROTECTING,Field_3,0.67,PROTECTING,Field_2,0.65,PROTECTING,Field_2,0.65,PROTECTING,Field_2,0.66,PROTECTING,Field_1,0.67,PROTECTING,Field_2,0.66,PROTECTING,Field_3,0.64,PROTECTING,Field_1,0.65,PROTECTING,Field_2,0.62,PROTECTING,Field_1,0.62,PROTECTING,Field_2,0.63,PROTECTING,Field_1,7,0.15,4,7,0.12,6,39,0.13,2
47,54,0,0,12,0,0,0,0.65,PROTECTING,Field_3,0.66,PROTECTING,Field_2,0.64,PROTECTING,Field_2,0.64,PROTECTING,Field_2,0.65,PROTECTING,Field_1,0.67,PROTECTING,Field_2,0.66,PROTECTING,Field_3,0.63,PROTECTING,Field_1,0.64,PROTECTING,Field_2,0.62,PROTECTING,Field_1,0.62,PROTECTING,Field_2,0.62,PROTECTING,Field_1,7,0.16,4,7,0.11,6,40,0.12,2
48,56,0,0,12,0,0,0,0.65,PROTECTING,Field_3,0.65,PROTECTING,Field_2,0.64,PROTECTING,Field_2,0.64,PROTECTING,Field_2,0.64,PROTECTING,Field_1,0.66,PROTECTING,Field_2,0.65,PROTECTING,Field_3,0.62,PROTECTING,Field_1,0.63,PROTECTING,Field_2,0.61,PROTECTING,Field_1,0.61,PROTECTING,Field_2,0.62,PROTECTING,Field_1,7,0.15,4,7,0.10,6,42,0.11,2
49,56,0,0,12,0,0,0,0.64,PROTECTING,Field_3,0.65,PROTECTING,Field_2,0.63,PROTECTING,Field_2,0.63,PROTECTING,Field_2,0.64,PROTECTING,Field_1,0.65,PROTECTING,Field_2,0.64,PROTECTING,Field_3,0.62,PROTECTING,Field_1,0.63,PROTECTING,Field_2,0.60,PROTECTING,Field_1,0.60,PROTECTING,Field_2,0.61,PROTECTING,Field_1,7,0.12,4,7,0.09,6,42,0.12,2
50,57,0,0,12,0,0,0,0.63,PROTECTING,Field_3,0.64,PROTECTING,Field_2,0.62,PROTECTING,Field_2,0.62,PROTECTING,Field_2,0.63,PROTECTING,Field_1,0.65,PROTECTING,Field_2,0.63,PROTECTING,Field_3,0.61,PROTECTING,Field_1,0.62,PROTECTING,Field_2,0.60,PROTECTING,Field_1,0.60,PROTECTING,Field_2,0.60,PROTECTING,Field_1,7,0.11,4,7,0.09,6,43,0.13,2
51,57,0,0,12,0,0,0,0.62,PROTECTING,Field_3,0.63,PROTECTING,Field_2,0.62,PROTECTING,Field_2,0.62,PROTECTING,Field_2,0.62,PROTECTING,Field_1,0.64,PROTECTING,Field_2,0.63,PROTECTING,Field_3,0.60,PROTECTING,Field_1,0.61,PROTECTING,Field_2,0.59,PROTECTING,Field_1,0.59,PROTECTING,Field_2,0.59,PROTECTING,Field_1,7,0.10,4,7,0.07,6,43,0.12,2
52,59,0,0,12,0,0,0,0.62,PROTECTING,Field_3,0.63,PROTECTING,Field_2,0.61,PROTECTING,Field_2,0.61,PROTECTING,Field_2,0.61,PROTECTING,Field_1,0.63,PROTECTING,Field_2,0.62,PROTECTING,Field_3,0.60,PROTECTING,Field_1,0.61,PROTECTING,Field_2,0.58,PROTECTING,Field_1,0.58,PROTECTING,Field_2,0.59,PROTECTING,Field_1,7,0.09,4,7,0.07,6,45,0.12,2
53,61,0,0,12,0,0,0,0.61,PROTECTING,Field_3,0.62,PROTECTING,Field_2,0.60,PROTECTING,Field_2,0.60,PROTECTING,Field_2,0.61,PROTECTING,Field_1,0.63,PROTECTING,Field_2,0.61,PROTECTING,Field_3,0.59,PROTECTING,Field_1,0.60,PROTECTING,Field_2,0.57,PROTECTING,Field_1,0.57,PROTECTING,Field_2,0.58,PROTECTING,Field_1,7,0.09,4,8,0.07,6,46,0.11,2
54,61,0,0,12,0,0,0,0.60,PROTECTING,Field_3,0.61,PROTECTING,Field_2,0.59,PROTECTING,Field_2,0.59,PROTECTING,Field_2,0.60,PROTECTING,Field_1,0.62,PROTECTING,Field_2,0.61,PROTECTING,Field_3,0.58,PROTECTING,Field_1,0.59,PROTECTING,Field_2,0.57,PROTECTING,Field_1,0.57,PROTECTING,Field_2,0.57,PROTECTING,Field_1,7,0.08,4,8,0.07,6,46,0.09,2
55,61,0,0,12,0,0,0,0.60,PROTECTING,Field_3,0.61,PROTECTING,Field_2,0.59,PROTECTING,Field_2,0.59,PROTECTING,Field_2,0.59,PROTECTING,Field_1,0.61,PROTECTING,Field_2,0.60,PROTECTING,Field_3,0.58,PROTECTING,Field_1,0.58,PROTECTING,Field_2,0.56,PROTECTING,Field_1,0.56,PROTECTING,Field_2,0.57,PROTECTING,Field_1,7,0.07,4,8,0.07,6,46,0.10,2
56,61,0,0,12,0,0,0,0.59,PROTECTING,Field_3,0.60,PROTECTING,Field_2,0.58,PROTECTING,Field_2,0.58,PROTECTING,Field_2,0.59,PROTECTING,Field_1,0.60,PROTECTING,Field_2,0.59,PROTECTING,Field_3,0.57,PROTECTING,Field_1,0.58,PROTECTING,Field_2,0.55,PROTECTING,Field_1,0.55,PROTECTING,Field_2,0.56,PROTECTING,Field_1,7,0.07,4,8,0.05,6,46,0.08,2
57,62,0,0,12,0,0,0,0.58,PROTECTING,Field_3,0.59,PROTECTING,Field_2,0.57,PROTECTING,Field_2,0.57,PROTECTING,Field_2,0.58,PROTECTING,Field_1,0.60,PROTECTING,Field_2,0.59,PROTECTING,Field_3,0.56,PROTECTING,Field_1,0.57,PROTECTING,Field_2,0.55,PROTECTING,Field_1,0.55,PROTECTING,Field_2,0.55,PROTECTING,Field_1,7,0.08,4,8,0.05,6,47,0.08,2
58,63,0,0,12,0,0,0,0.58,PROTECTING,Field_3,0.58,PROTECTING,Field_2,0.57,PROTECTING,Field_2,0.57,PROTECTING,Field_2,0.57,PROTECTING,Field_1,0.59,PROTECTING,Field_2,0.58,PROTECTING,Field_3,0.55,PROTECTING,Field_1,0.56,PROTECTING,Field_2,0.54,PROTECTING,Field_1,0.54,PROTECTING,Field_2,0.55,PROTECTING,Field_1,7,0.09,4,8,0.05,6,48,0.10,2
59,64,0,0,12,0,0,0,0.57,PROTECTING,Field_3,0.58,PROTECTING,Field_2,0.56,PROTECTING,Field_2,0.56,PROTECTING,Field_2,0.57,PROTECTING,Field_1,0.58,PROTECTING,Field_2,0.57,PROTECTING,Field_3,0.55,PROTECTING,Field_1,0.56,PROTECTING,Field_2,0.53,PROTECTING,Field_1,0.53,PROTECTING,Field_2,0.54,PROTECTING,Field_1,7,0.08,4,8,0.05,6,49,0.09,2
60,64,0,0,12,0,0,0,0.56,PROTECTING,Field_3,0.57,PROTECTING,Field_2,0.55,PROTECTING,Field_2,0.55,PROTECTING,Field_2,0.56,PROTECTING,Field_1,0.58,PROTECTING,Field_2,0.56,PROTECTING,Field_3,0.54,PROTECTING,Field_1,0.55,PROTECTING,Field_2,0.53,PROTECTING,Field_1,0.53,PROTECTING,Field_2,0.53,PROTECTING,Field_1,7,0.07,4,8,0.04,6,49,0.07,2
61,64,0,0,12,0,0,0,0.55,PROTECTING,Field_3,0.56,PROTECTING,Field_2,0.55,PROTECTING,Field_2,0.55,PROTECTING,Field_2,0.55,PROTECTING,Field_1,0.57,PROTECTING,Field_2,0.56,PROTECTING,Field_3,0.53,PROTECTING,Field_1,0.54,PROTECTING,Field_2,0.52,PROTECTING,Field_1,0.52,PROTECTING,Field_2,0.52,PROTECTING,Field_1,7,0.07,4,8,0.04,6,49,0.07,2
62,64,0,0,12,0,0,0,0.55,PROTECTING,Field_3,0.56,PROTECTING,Field_2,0.54,PROTECTING,Field_2,0.54,PROTECTING,Field_2,0.54,PROTECTING,Field_1,0.56,PROTECTING,Field_2,0.55,PROTECTING,Field_3,0.53,PROTECTING,Field_1,0.54,PROTECTING,Field_2,0.51,PROTECTING,Field_1,0.51,PROTECTING,Field_2,0.52,PROTECTING,Field_1,7,0.07,4,8,0.04,6,49,0.07,2
63,64,0,0,12,0,0,0,0.54,PROTECTING,Field_3,0.55,PROTECTING,Field_2,0.53,PROTECTING,Field_2,0.53,PROTECTING,Field_2,0.54,PROTECTING,Field_1,0.56,PROTECTING,Field_2,0.54,PROTECTING,Field_3,0.52,PROTECTING,Field_1,0.53,PROTECTING,Field_2,0.50,PROTECTING,Field_1,0.50,PROTECTING,Field_2,0.51,PROTECTING,Field_1,7,0.06,4,8,0.06,6,49,0.09,2
64,64,0,0,12,0,0,0,0.53,PROTECTING,Field_3,0.54,PROTECTING,Field_2,0.52,PROTECTING,Field_2,0.52,PROTECTING,Field_2,0.53,PROTECTING,Field_1,0.55,PROTECTING,Field_2,0.54,PROTECTING,Field_3,0.51,PROTECTING,Field_1,0.52,PROTECTING,Field_2,0.50,PROTECTING,Field_1,0.50,PROTECTING,Field_2,0.50,PROTECTING,Field_1,7,0.07,4,8,0.07,6,49,0.11,2
65,64,0,0,12,0,0,0,0.53,PROTECTING,Field_3,0.54,PROTECTING,Field_2,0.52,PROTECTING,Field_2,0.52,PROTECTING,Field_2,0.52,PROTECTING,Field_1,0.54,PROTECTING,Field_2,0.53,PROTECTING,Field_3,0.51,PROTECTING,Field_1,0.51,PROTECTING,Field_2,0.49,PROTECTING,Field_1,0.49,PROTECTING,Field_2,0.50,PROTECTING,Field_1,7,0.07,4,8,0.07,6,49,0.12,2
66,64,0,0,12,0,0,0,0.52,PROTECTING,Field_3,0.53,PROTECTING,Field_2,0.51,PROTECTING,Field_2,0.51,PROTECTING,Field_2,0.52,PROTECTING,Field_1,0.53,PROTECTING,Field_2,0.52,PROTECTING,Field_3,0.50,PROTECTING,Field_1,0.51,PROTECTING,Field_2,0.48,PROTECTING,Field_1,0.48,PROTECTING,Field_2,0.49,PROTECTING,Field_1,7,0.07,4,8,0.07,6,49,0.12,2
67,64,0,0,12,0,0,0,0.51,PROTECTING,Field_3,0.52,PROTECTING,Field_2,0.50,PROTECTING,Field_2,0.50,PROTECTING,Field_2,0.51,PROTECTING,Field_1,0.53,PROTECTING,Field_2,0.52,PROTECTING,Field_3,0.49,PROTECTING,Field_1,0.50,PROTECTING,Field_2,0.48,PROTECTING,Field_1,0.48,PROTECTING,Field_2,0.48,PROTECTING,Field_1,7,0.07,4,8,0.08,6,49,0.14,2
68,65,0,0,12,0,0,0,0.51,PROTECTING,Field_3,0.51,PROTECTING,Field_2,0.50,PROTECTING,Field_2,0.50,PROTECTING,Field_2,0.50,PROTECTING,Field_1,0.52,PROTECTING,Field_2,0.51,PROTECTING,Field_3,0.48,PROTECTING,Field_1,0.49,PROTECTING,Field_2,0.47,PROTECTING,Field_1,0.47,PROTECTING,Field_2,0.48,PROTECTING,Field_1,7,0.08,4,8,0.09,6,50,0.15,2
69,65,0,0,12,0,0,0,0.50,PROTECTING,Field_3,0.51,PROTECTING,Field_2,0.49,PROTECTING,Field_2,0.49,PROTECTING,Field_2,0.50,PROTECTING,Field_1,0.51,PROTECTING,Field_2,0.50,PROTECTING,Field_3,0.48,PROTECTING,Field_1,0.49,PROTECTING,Field_2,0.46,PROTECTING,Field_1,0.46,PROTECTING,Field_2,0.47,PROTECTING,Field_1,7,0.06,4,8,0.09,6,50,0.13,2
70,67,0,0,12,0,0,0,0.49,PROTECTING,Field_3,0.50,PROTECTING,Field_2,0.48,PROTECTING,Field_2,0.48,PROTECTING,Field_2,0.49,PROTECTING,Field_1,0.51,PROTECTING,Field_2,0.49,PROTECTING,Field_3,0.47,PROTECTING,Field_1,0.48,PROTECTING,Field_2,0.46,PROTECTING,Field_1,0.46,PROTECTING,Field_2,0.46,PROTECTING,Field_1,7,0.08,4,8,0.09,6,52,0.13,2
71,67,0,0,12,0,0,0,0.48,PROTECTING,Field_3,0.49,PROTECTING,Field_2,0.48,PROTECTING,Field_2,0.48,PROTECTING,Field_2,0.48,PROTECTING,Field_1,0.50,PROTECTING,Field_2,0.49,PROTECTING,Field_3,0.46,PROTECTING,Field_1,0.47,PROTECTING,Field_2,0.45,PROTECTING,Field_1,0.45,PROTECTING,Field_2,0.45,PROTECTING,Field_1,7,0.08,4,8,0.11,6,52,0.14,2
72,69,0,0,12,0,0,0,0.48,PROTECTING,Field_3,0.49,PROTECTING,Field_2,0.47,PROTECTING,Field_2,0.47,PROTECTING,Field_2,0.47,PROTECTING,Field_1,0.49,PROTECTING,Field_2,0.48,PROTECTING,Field_3,0.46,PROTECTING,Field_1,0.47,PROTECTING,Field_2,0.44,PROTECTING,Field_1,0.44,PROTECTING,Field_2,0.45,PROTECTING,Field_1,7,0.07,4,8,0.11,6,54,0.13,2
73,69,0,0,12,0,0,0,0.47,PROTECTING,Field_3,0.48,PROTECTING,Field_2,0.46,PROTECTING,Field_2,0.46,PROTECTING,Field_2,0.47,PROTECTING,Field_1,0.49,PROTECTING,Field_2,0.47,PROTECTING,Field_3,0.45,PROTECTING,Field_1,0.46,PROTECTING,Field_2,0.43,PROTECTING,Field_1,0.43,PROTECTING,Field_2,0.44,PROTECTING,Field_1,7,0.06,4,8,0.10,6,54,0.13,2
74,69,0,0,12,0,0,0,0.46,PROTECTING,Field_3,0.47,PROTECTING,Field_2,0.45,PROTECTING,Field_2,0.45,PROTECTING,Field_2,0.46,PROTECTING,Field_1,0.48,PROTECTING,Field_2,0.47,PROTECTING,Field_3,0.44,PROTECTING,Field_1,0.45,PROTECTING,Field_2,0.43,PROTECTING,Field_1,0.43,PROTECTING,Field_2,0.43,PROTECTING,Field_1,7,0.05,4,8,0.10,6,54,0.11,2
75,69,0,0,12,0,0,0,0.46,PROTECTING,Field_3,0.47,PROTECTING,Field_2,0.45,PROTECTING,Field_2,0.45,PROTECTING,Field_2,0.45,PROTECTING,Field_1,0.47,PROTECTING,Field_2,0.46,PROTECTING,Field_3,0.44,PROTECTING,Field_1,0.44,PROTECTING,Field_2,0.42,PROTECTING,Field_1,0.42,PROTECTING,Field_2,0.43,PROTECTING,Field_1,7,0.05,4,8,0.09,6,54,0.12,2
76,69,0,0,12,0,0,0,0.45,PROTECTING,Field_3,0.46,PROTECTING,Field_2,0.44,PROTECTING,Field_2,0.44,PROTECTING,Field_2,0.45,PROTECTING,Field_1,0.46,PROTECTING,Field_2,0.45,PROTECTING,Field_3,0.43,PROTECTING,Field_1,0.44,PROTECTING,Field_2,0.41,PROTECTING,Field_1,0.41,PROTECTING,Field_2,0.42,PROTECTING,Field_1,7,0.05,4,8,0.09,6,54,0.12,2
77,70,0,0,12,0,0,0,0.44,PROTECTING,Field_3,0.45,PROTECTING,Field_2,0.43,PROTECTING,Field_2,0.43,PROTECTING,Field_2,0.44,PROTECTING,Field_1,0.46,PROTECTING,Field_2,0.45,PROTECTING,Field_3,0.42,PROTECTING,Field_1,0.43,PROTECTING,Field_2,0.41,PROTECTING,Field_1,0.41,PROTECTING,Field_2,0.41,PROTECTING,Field_1,7,0.05,4,8,0.09,6,55,0.12,2
78,70,0,0,12,0,0,0,0.44,PROTECTING,Field_3,0.44,PROTECTING,Field_2,0.43,PROTECTING,Field_2,0.43,PROTECTING,Field_2,0.43,PROTECTING,Field_1,0.45,PROTECTING,Field_2,0.44,PROTECTING,Field_3,0.41,PROTECTING,Field_1,0.42,PROTECTING,Field_2,0.40,PROTECTING,Field_1,0.40,PROTECTING,Field_2,0.41,PROTECTING,Field_1,7,0.07,4,8,0.09,6,55,0.12,2
79,70,0,0,12,0,0,0,0.43,PROTECTING,Field_3,0.44,PROTECTING,Field_2,0.42,PROTECTING,Field_2,0.42,PROTECTING,Field_2,0.43,PROTECTING,Field_1,0.44,PROTECTING,Field_2,0.43,PROTECTING,Field_3,0.41,PROTECTING,Field_1,0.42,PROTECTING,Field_2,0.39,PROTECTING,Field_1,0.39,PROTECTING,Field_2,0.40,PROTECTING,Field_1,7,0.06,4,8,0.08,6,55,0.12,2
80,70,0,0,12,0,0,0,0.42,PROTECTING,Field_3,0.43,PROTECTING,Field_2,0.41,PROTECTING,Field_2,0.41,PROTECTING,Field_2,0.42,PROTECTING,Field_1,0.44,PROTECTING,Field_2,0.42,PROTECTING,Field_3,0.40,PROTECTING,Field_1,0.41,PROTECTING,Field_2,0.39,PROTECTING,Field_1,0.39,PROTECTING,Field_2,0.39,PROTECTING,Field_1,7,0.06,4,8,0.08,6,55,0.13,2
81,72,0,0,12,0,0,0,0.41,PROTECTING,Field_3,0.42,PROTECTING,Field_2,0.41,PROTECTING,Field_2,0.41,PROTECTING,Field_2,0.41,PROTECTING,Field_1,0.43,PROTECTING,Field_2,0.42,PROTECTING,Field_3,0.39,PROTECTING,Field_1,0.40,PROTECTING,Field_2,0.38,PROTECTING,Field_1,0.38,PROTECTING,Field_2,0.38,PROTECTING,Field_1,7,0.08,4,8,0.09,6,57,0.12,2
82,72,0,0,12,0,0,0,0.41,PROTECTING,Field_3,0.42,PROTECTING,Field_2,0.40,PROTECTING,Field_2,0.40,PROTECTING,Field_2,0.40,PROTECTING,Field_1,0.42,PROTECTING,Field_2,0.41,PROTECTING,Field_3,0.39,PROTECTING,Field_1,0.40,PROTECTING,Field_2,0.37,PROTECTING,Field_1,0.37,PROTECTING,Field_2,0.38,PROTECTING,Field_1,7,0.07,4,8,0.09,6,57,0.09,2
83,72,0,0,12,0,0,0,0.40,PROTECTING,Field_3,0.41,PROTECTING,Field_2,0.39,PROTECTING,Field_2,0.39,PROTECTING,Field_2,0.40,PROTECTING,Field_1,0.42,PROTECTING,Field_2,0.40,PROTECTING,Field_3,0.38,PROTECTING,Field_1,0.39,PROTECTING,Field_2,0.36,PROTECTING,Field_1,0.36,PROTECTING,Field_2,0.37,PROTECTING,Field_1,7,0.07,4,8,0.07,6,57,0.08,2
84,73,0,0,12,0,0,0,0.39,PROTECTING,Field_3,0.40,PROTECTING,Field_2,0.38,PROTECTING,Field_2,0.38,PROTECTING,Field_2,0.39,PROTECTING,Field_1,0.41,PROTECTING,Field_2,0.40,PROTECTING,Field_3,0.37,PROTECTING,Field_1,0.38,PROTECTING,Field_2,0.36,PROTECTING,Field_1,0.36,PROTECTING,Field_2,0.36,PROTECTING,Field_1,7,0.08,4,8,0.07,6,58,0.09,2
85,73,0,0,12,0,0,0,0.39,PROTECTING,Field_3,0.40,PROTECTING,Field_2,0.38,PROTECTING,Field_2,0.38,PROTECTING,Field_2,0.38,PROTECTING,Field_1,0.40,PROTECTING,Field_2,0.39,PROTECTING,Field_3,0.37,PROTECTING,Field_1,0.37,PROTECTING,Field_2,0.35,PROTECTING,Field_1,0.35,PROTECTING,Field_2,0.36,PROTECTING,Field_1,7,0.08,4,8,0.07,6,58,0.09,2
86,73,0,0,12,0,0,0,0.38,PROTECTING,Field_3,0.39,PROTECTING,Field_2,0.37,PROTECTING,Field_2,0.37,PROTECTING,Field_2,0.38,PROTECTING,Field_1,0.39,PROTECTING,Field_2,0.38,PROTECTING,Field_3,0.36,PROTECTING,Field_1,0.37,PROTECTING,Field_2,0.34,PROTECTING,Field_1,0.34,PROTECTING,Field_2,0.35,PROTECTING,Field_1,7,0.08,4,8,0.08,6,58,0.09,2
87,73,0,0,12,0,0,0,0.37,PROTECTING,Field_3,0.38,PROTECTING,Field_2,0.36,PROTECTING,Field_2,0.36,PROTECTING,Field_2,0.37,PROTECTING,Field_1,0.39,PROTECTING,Field_2,0.38,PROTECTING,Field_3,0.35,PROTECTING,Field_1,0.36,PROTECTING,Field_2,0.34,PROTECTING,Field_1,0.34,PROTECTING,Field_2,0.34,PROTECTING,Field_1,7,0.08,4,8,0.09,6,58,0.07,2
88,73,0,0,12,0,0,0,0.37,PROTECTING,Field_3,0.37,PROTECTING,Field_2,0.36,PROTECTING,Field_2,0.36,PROTECTING,Field_2,0.36,PROTECTING,Field_1,0.38,PROTECTING,Field_2,0.37,PROTECTING,Field_3,0.34,PROTECTING,Field_1,0.35,PROTECTING,Field_2,0.33,PROTECTING,Field_1,0.33,PROTECTING,Field_2,0.34,PROTECTING,Field_1,7,0.09,4,8,0.09,6,58,0.10,2
89,73,0,0,12,0,0,0,0.36,PROTECTING,Field_3,0.37,PROTECTING,Field_2,0.35,PROTECTING,Field_2,0.35,PROTECTING,Field_2,0.36,PROTECTING,Field_1,0.37,PROTECTING,Field_2,0.36,PROTECTING,Field_3,0.34,PROTECTING,Field_1,0.35,PROTECTING,Field_2,0.32,PROTECTING,Field_1,0.32,PROTECTING,Field_2,0.33,PROTECTING,Field_1,7,0.07,4,8,0.08,6,58,0.10,2
90,73,0,0,12,0,0,0,0.35,PROTECTING,Field_3,0.36,PROTECTING,Field_2,0.34,PROTECTING,Field_2,0.34,PROTECTING,Field_2,0.35,PROTECTING,Field_1,0.37,PROTECTING,Field_2,0.35,PROTECTING,Field_3,0.33,PROTECTING,Field_1,0.34,PROTECTING,Field_2,0.32,PROTECTING,Field_1,0.32,PROTECTING,Field_2,0.32,PROTECTING,Field_1,7,0.07,4,8,0.09,6,58,0.09,2
91,73,0,0,12,0,0,0,0.34,PROTECTING,Field_3,0.35,PROTECTING,Field_2,0.34,PROTECTING,Field_2,0.34,PROTECTING,Field_2,0.34,PROTECTING,Field_1,0.36,PROTECTING,Field_2,0.35,PROTECTING,Field_3,0.32,PROTECTING,Field_1,0.33,PROTECTING,Field_2,0.31,PROTECTING,Field_1,0.31,PROTECTING,Field_2,0.31,PROTECTING,Field_1,7,0.07,4,8,0.09,6,58,0.10,2
92,73,0,0,12,0,0,0,0.34,PROTECTING,Field_3,0.35,PROTECTING,Field_2,0.33,PROTECTING,Field_2,0.33,PROTECTING,Field_2,0.33,PROTECTING,Field_1,0.35,PROTECTING,Field_2,0.34,PROTECTING,Field_3,0.32,PROTECTING,Field_1,0.33,PROTECTING,Field_2,0.30,PROTECTING,Field_1,0.30,PROTECTING,Field_2,0.31,PROTECTING,Field_1,7,0.07,4,8,0.11,6,58,0.09,2
93,73,0,0,12,0,0,0,0.33,PROTECTING,Field_3,0.34,PROTECTING,Field_2,0.32,PROTECTING,Field_2,0.32,PROTECTING,Field_2,0.33,PROTECTING,Field_1,0.35,PROTECTING,Field_2,0.33,PROTECTING,Field_3,0.31,PROTECTING,Field_1,0.32,PROTECTING,Field_2,0.29,PROTECTING,Field_1,0.29,PROTECTING,Field_2,0.30,PROTECTING,Field_1,7,0.09,4,8,0.12,6,58,0.10,2
94,73,0,0,12,0,0,0,0.32,PROTECTING,Field_3,0.33,PROTECTING,Field_2,0.31,PROTECTING,Field_2,0.31,PROTECTING,Field_2,0.32,PROTECTING,Field_1,0.34,PROTECTING,Field_2,0.33,PROTECTING,Field_3,0.30,PROTECTING,Field_1,0.31,PROTECTING,Field_2,0.29,PROTECTING,Field_1,0.29,PROTECTING,Field_2,0.29,PROTECTING,Field_1,7,0.05,4,8,0.10,6,58,0.10,2
95,73,0,0,12,0,0,0,0.32,PROTECTING,Field_3,0.33,PROTECTING,Field_2,0.31,PROTECTING,Field_2,0.31,PROTECTING,Field_2,0.31,PROTECTING,Field_1,0.33,PROTECTING,Field_2,0.32,PROTECTING,Field_3,0.30,PROTECTING,Field_1,0.30,PROTECTING,Field_2,0.28,PROTECTING,Field_1,0.28,PROTECTING,Field_2,0.29,PROTECTING,Field_1,7,0.05,4,8,0.11,6,58,0.12,2
96,73,0,0,12,0,0,0,0.31,PROTECTING,Field_3,0.32,PROTECTING,Field_2,0.30,PROTECTING,Field_2,0.30,PROTECTING,Field_2,0.31,PROTECTING,Field_1,0.32,PROTECTING,Field_2,0.31,PROTECTING,Field_3,0.29,PROTECTING,Field_1,0.30,PROTECTING,Field_2,0.27,PROTECTING,Field_1,0.27,PROTECTING,Field_2,0.28,PROTECTING,Field_1,7,0.05,4,8,0.11,6,58,0.11,2
97,73,0,0,12,0,0,0,0.30,PROTECTING,Field_3,0.31,PROTECTING,Field_2,0.29,PROTECTING,Field_2,0.29,PROTECTING,Field_2,0.30,PROTECTING,Field_1,0.32,PROTECTING,Field_2,0.31,PROTECTING,Field_3,0.28,PROTECTING,Field_1,0.29,PROTECTING,Field_2,0.27,PROTECTING,Field_1,0.27,PROTECTING,Field_2,0.27,PROTECTING,Field_1,7,0.04,4,8,0.10,6,58,0.11,2
98,73,0,0,12,0,0,0,0.30,PROTECTING,Field_3,0.30,PROTECTING,Field_2,0.29,PROTECTING,Field_2,0.29,PROTECTING,Field_2,0.29,PROTECTING,Field_1,0.31,PROTECTING,Field_2,0.30,PROTECTING,Field_3,0.27,PROTECTING,Field_1,0.28,PROTECTING,Field_2,0.26,PROTECTING,Field_1,0.26,PROTECTING,Field_2,0.27,PROTECTING,Field_1,7,0.04,4,8,0.10,6,58,0.12,2
99,73,0,0,12,0,0,0,0.29,PROTECTING,Field_3,0.30,PROTECTING,Field_2,0.28,PROTECTING,Field_2,0.28,PROTECTING,Field_2,0.29,PROTECTING,Field_1,0.30,PROTECTING,Field_2,0.29,PROTECTING,Field_3,0.27,PROTECTING,Field_1,0.28,PROTECTING,Field_2,0.25,PROTECTING,Field_1,0.25,PROTECTING,Field_2,0.26,PROTECTING,Field_1,7,0.05,4,8,0.10,6,58,0.11,2
100,73,0,0,12,0,0,0,0.28,PROTECTING,Field_3,0.29,PROTECTING,Field_2,0.27,PROTECTING,Field_2,0.27,PROTECTING,Field_2,0.28,PROTECTING,Field_1,0.30,PROTECTING,Field_2,0.28,PROTECTING,Field_3,0.26,PROTECTING,Field_1,0.27,PROTECTING,Field_2,0.25,PROTECTING,Field_1,0.25,PROTECTING,Field_2,0.25,PROTECTING,Field_1,7,0.06,4,8,0.11,6,58,0.10,2
101,73,0,0,10,2,0,0,0.27,PROTECTING,Field_3,0.28,PROTECTING,Field_2,0.27,PROTECTING,Field_2,0.27,PROTECTING,Field_2,0.27,PROTECTING,Field_1,0.29,PROTECTING,Field_2,0.28,PROTECTING,Field_3,0.25,PROTECTING,Field_1,0.26,PROTECTING,Field_2,0.24,MOVING_TO_CHARGER,Charger_1,0.24,MOVING_TO_CHARGER,Charger_1,0.24,PROTECTING,Field_1,7,0.04,3,8,0.11,5,58,0.09,2
102,73,0,0,9,3,0,0,0.27,PROTECTING,Field_3,0.28,PROTECTING,Field_2,0.26,PROTECTING,Field_2,0.26,PROTECTING,Field_2,0.26,PROTECTING,Field_1,0.28,PROTECTING,Field_2,0.27,PROTECTING,Field_3,0.25,PROTECTING,Field_1,0.26,PROTECTING,Field_2,0.23,MOVING_TO_CHARGER,Charger_1,0.23,MOVING_TO_CHARGER,Charger_1,0.23,MOVING_TO_CHARGER,Charger_1,7,0.05,2,8,0.11,5,58,0.08,2
103,73,0,0,8,4,0,0,0.26,PROTECTING,Field_3,0.27,PROTECTING,Field_2,0.25,PROTECTING,Field_2,0.25,PROTECTING,Field_2,0.26,PROTECTING,Field_1,0.28,PROTECTING,Field_2,0.26,PROTECTING,Field_3,0.24,MOVING_TO_CHARGER,Charger_1,0.25,PROTECTING,Field_2,0.22,MOVING_TO_CHARGER,Charger_1,0.22,MOVING_TO_CHARGER,Charger_1,0.22,MOVING_TO_CHARGER,Charger_1,7,0.05,1,8,0.11,5,58,0.08,2
104,73,0,0,7,5,0,0,0.25,PROTECTING,Field_3,0.26,PROTECTING,Field_2,0.24,PROTECTING,Field_2,0.24,PROTECTING,Field_2,0.25,PROTECTING,Field_1,0.27,PROTECTING,Field_2,0.26,PROTECTING,Field_3,0.23,MOVING_TO_CHARGER,Charger_1,0.24,MOVING_TO_CHARGER,Charger_1,0.21,MOVING_TO_CHARGER,Charger_1,0.21,MOVING_TO_CHARGER,Charger_1,0.21,MOVING_TO_CHARGER,Charger_1,7,0.07,1,8,0.11,4,58,0.09,2
105,74,0,0,5,7,0,0,0.25,PROTECTING,Field_3,0.26,PROTECTING,Field_2,0.23,MOVING_TO_CHARGER,Charger_1,0.23,MOVING_TO_CHARGER,Charger_1,0.24,PROTECTING,Field_1,0.26,PROTECTING,Field_2,0.25,PROTECTING,Field_3,0.22,MOVING_TO_CHARGER,Charger_1,0.23,MOVING_TO_CHARGER,Charger_1,0.20,MOVING_TO_CHARGER,Charger_1,0.20,MOVING_TO_CHARGER,Charger_1,0.20,MOVING_TO_CHARGER,Charger_1,8,0.06,1,8,0.11,2,58,0.10,2
106,74,0,0,2,10,0,0,0.24,MOVING_TO_CHARGER,Charger_1,0.25,PROTECTING,Field_2,0.22,MOVING_TO_CHARGER,Charger_1,0.22,MOVING_TO_CHARGER,Charger_1,0.23,MOVING_TO_CHARGER,Charger_1,0.25,PROTECTING,Field_2,0.24,MOVING_TO_CHARGER,Charger_1,0.21,MOVING_TO_CHARGER,Charger_1,0.22,MOVING_TO_CHARGER,Charger_1,0.19,MOVING_TO_CHARGER,Charger_1,0.19,MOVING_TO_CHARGER,Charger_1,0.19,MOVING_TO_CHARGER,Charger_1,8,0.07,0,8,0.12,2,58,0.10,0
107,74,0,0,1,11,0,0,0.23,MOVING_TO_CHARGER,Charger_1,0.24,MOVING_TO_CHARGER,Charger_1,0.21,MOVING_TO_CHARGER,Charger_1,0.21,MOVING_TO_CHARGER,Charger_1,0.22,MOVING_TO_CHARGER,Charger_1,0.25,PROTECTING,Field_2,0.23,MOVING_TO_CHARGER,Charger_1,0.20,MOVING_TO_CHARGER,Charger_1,0.21,MOVING_TO_CHARGER,Charger_1,0.18,MOVING_TO_CHARGER,Charger_1,0.18,MOVING_TO_CHARGER,Charger_1,0.18,MOVING_TO_CHARGER,Charger_1,8,0.07,0,8,0.12,1,58,0.10,0
108,74,0,1,0,11,0,0,0.22,MOVING_TO_CHARGER,Charger_1,0.23,MOVING_TO_CHARGER,Charger_1,0.20,MOVING_TO_CHARGER,Charger_1,0.20,MOVING_TO_CHARGER,Charger_1,0.21,MOVING_TO_CHARGER,Charger_1,0.24,MOVING_TO_CHARGER,Charger_1,0.22,MOVING_TO_CHARGER,Charger_1,0.19,MOVING_TO_CHARGER,Charger_1,0.20,MOVING_TO_CHARGER,Charger_1,0.18,CHARGING,Charger_1,0.17,MOVING_TO_CHARGER,Charger_1,0.17,MOVING_TO_CHARGER,Charger_1,8,0.08,0,8,0.13,0,58,0.09,0
109,74,0,1,0,11,0,0,0.21,MOVING_TO_CHARGER,Charger_1,0.22,MOVING_TO_CHARGER,Charger_1,0.19,MOVING_TO_CHARGER,Charger_1,0.19,MOVING_TO_CHARGER,Charger_1,0.20,MOVING_TO_CHARGER,Charger_1,0.23,MOVING_TO_CHARGER,Charger_1,0.21,MOVING_TO_CHARGER,Charger_1,0.18,MOVING_TO_CHARGER,Charger_1,0.19,MOVING_TO_CHARGER,Charger_1,0.19,CHARGING,Charger_1,0.16,MOVING_TO_CHARGER,Charger_1,0.16,MOVING_TO_CHARGER,Charger_1,8,0.08,0,8,0.14,0,58,0.10,0
110,75,0,3,0,9,0,0,0.20,MOVING_TO_CHARGER,Charger_1,0.21,MOVING_TO_CHARGER,Charger_1,0.18,MOVING_TO_CHARGER,Charger_1,0.18,MOVING_TO_CHARGER,Charger_1,0.20,CHARGING,Charger_1,0.22,MOVING_TO_CHARGER,Charger_1,0.20,MOVING_TO_CHARGER,Charger_1,0.18,CHARGING,Charger_1,0.18,MOVING_TO_CHARGER,Charger_1,0.20,CHARGING,Charger_1,0.15,MOVING_TO_CHARGER,Charger_1,0.15,MOVING_TO_CHARGER,Charger_1,8,0.09,0,9,0.14,0,58,0.11,0
111,76,0,4,0,8,0,0,0.19,MOVING_TO_CHARGER,Charger_1,0.20,MOVING_TO_CHARGER,Charger_1,0.17,MOVING_TO_CHARGER,Charger_1,0.17,MOVING_TO_CHARGER,Charger_1,0.21,CHARGING,Charger_1,0.21,MOVING_TO_CHARGER,Charger_1,0.19,MOVING_TO_CHARGER,Charger_1,0.19,CHARGING,Charger_1,0.17,MOVING_TO_CHARGER,Charger_1,0.21,CHARGING,Charger_1,0.14,MOVING_TO_CHARGER,Charger_1,0.15,CHARGING,Charger_1,8,0.09,0,10,0.14,0,58,0.11,0
112,76,0,4,0,8,0,0,0.18,MOVING_TO_CHARGER,Charger_1,0.19,MOVING_TO_CHARGER,Charger_1,0.16,MOVING_TO_CHARGER,Charger_1,0.16,MOVING_TO_CHARGER,Charger_1,0.22,CHARGING,Charger_1,0.20,MOVING_TO_CHARGER,Charger_1,0.18,MOVING_TO_CHARGER,Charger_1,0.20,CHARGING,Charger_1,0.16,MOVING_TO_CHARGER,Charger_1,0.22,CHARGING,Charger_1,0.13,MOVING_TO_CHARGER,Charger_1,0.16,CHARGING,Charger_1,8,0.09,0,10,0.16,0,58,0.11,0
113,76,0,5,0,7,0,0,0.17,MOVING_TO_CHARGER,Charger_1,0.18,MOVING_TO_CHARGER,Charger_1,0.15,MOVING_TO_CHARGER,Charger_1,0.15,MOVING_TO_CHARGER,Charger_1,0.23,CHARGING,Charger_1,0.19,MOVING_TO_CHARGER,Charger_1,0.17,MOVING_TO_CHARGER,Charger_1,0.21,CHARGING,Charger_1,0.16,CHARGING,Charger_1,0.23,CHARGING,Charger_1,0.12,MOVING_TO_CHARGER,Charger_1,0.17,CHARGING,Charger_1,8,0.10,0,10,0.16,0,58,0.09,0
114,79,0,7,0,5,0,0,0.16,MOVING_TO_CHARGER,Charger_1,0.17,MOVING_TO_CHARGER,Charger_1,0.15,CHARGING,Charger_1,0.14,MOVING_TO_CHARGER,Charger_1,0.24,CHARGING,Charger_1,0.18,MOVING_TO_CHARGER,Charger_1,0.16,MOVING_TO_CHARGER,Charger_1,0.22,CHARGING,Charger_1,0.17,CHARGING,Charger_1,0.24,CHARGING,Charger_1,0.12,CHARGING,Charger_1,0.18,CHARGING,Charger_1,10,0.11,0,11,0.17,0,58,0.10,0
115,80,0,8,0,4,0,0,0.15,MOVING_TO_CHARGER,Charger_1,0.16,MOVING_TO_CHARGER,Charger_1,0.16,CHARGING,Charger_1,0.13,MOVING_TO_CHARGER,Charger_1,0.25,CHARGING,Charger_1,0.17,MOVING_TO_CHARGER,Charger_1,0.16,CHARGING,Charger_1,0.23,CHARGING,Charger_1,0.18,CHARGING,Charger_1,0.25,CHARGING,Charger_1,0.13,CHARGING,Charger_1,0.19,CHARGING,Charger_1,10,0.12,0,11,0.17,0,59,0.12,0
116,81,0,8,0,4,0,0,0.14,MOVING_TO_CHARGER,Charger_1,0.15,MOVING_TO_CHARGER,Charger_1,0.17,CHARGING,Charger_1,0.12,MOVING_TO_CHARGER,Charger_1,0.26,CHARGING,Charger_1,0.16,MOVING_TO_CHARGER,Charger_1,0.17,CHARGING,Charger_1,0.24,CHARGING,Charger_1,0.19,CHARGING,Charger_1,0.26,CHARGING,Charger_1,0.14,CHARGING,Charger_1,0.20,CHARGING,Charger_1,11,0.13,0,11,0.19,0,59,0.11,0
117,84,0,10,0,2,0,0,0.14,CHARGING,Charger_1,0.15,CHARGING,Charger_1,0.18,CHARGING,Charger_1,0.11,MOVING_TO_CHARGER,Charger_1,0.27,CHARGING,Charger_1,0.15,MOVING_TO_CHARGER,Charger_1,0.18,CHARGING,Charger_1,0.25,CHARGING,Charger_1,0.20,CHARGING,Charger_1,0.27,CHARGING,Charger_1,0.15,CHARGING,Charger_1,0.21,CHARGING,Charger_1,11,0.13,0,14,0.19,0,59,0.13,0
118,87,0,11,0,1,0,0,0.15,CHARGING,Charger_1,0.16,CHARGING,Charger_1,0.19,CHARGING,Charger_1,0.11,CHARGING,Charger_1,0.28,CHARGING,Charger_1,0.14,MOVING_TO_CHARGER,Charger_1,0.19,CHARGING,Charger_1,0.26,CHARGING,Charger_1,0.21,CHARGING,Charger_1,0.28,CHARGING,Charger_1,0.16,CHARGING,Charger_1,0.22,CHARGING,Charger_1,12,0.12,0,15,0.19,0,60,0.14,0
119,87,0,11,0,1,0,0,0.16,CHARGING,Charger_1,0.17,CHARGING,Charger_1,0.20,CHARGING,Charger_1,0.12,CHARGING,Charger_1,0.29,CHARGING,Charger_1,0.13,MOVING_TO_CHARGER,Charger_1,0.20,CHARGING,Charger_1,0.27,CHARGING,Charger_1,0.22,CHARGING,Charger_1,0.29,CHARGING,Charger_1,0.17,CHARGING,Charger_1,0.23,CHARGING,Charger_1,12,0.12,0,15,0.22,0,60,0.14,0
120,88,0,11,0,1,0,0,0.17,CHARGING,Charger_1,0.18,CHARGING,Charger_1,0.21,CHARGING,Charger_1,0.13,CHARGING,Charger_1,0.30,CHARGING,Charger_1,0.12,MOVING_TO_CHARGER,Charger_1,0.21,CHARGING,Charger_1,0.28,CHARGING,Charger_1,0.23,CHARGING,Charger_1,0.30,CHARGING,Charger_1,0.18,CHARGING,Charger_1,0.24,CHARGING,Charger_1,13,0.13,0,15,0.22,0,60,0.16,0
121,91,0,11,0,1,0,0,0.18,CHARGING,Charger_1,0.19,CHARGING,Charger_1,0.22,CHARGING,Charger_1,0.14,CHARGING,Charger_1,0.31,CHARGING,Charger_1,0.11,MOVING_TO_CHARGER,Charger_1,0.22,CHARGING,Charger_1,0.29,CHARGING,Charger_1,0.24,CHARGING,Charger_1,0.31,CHARGING,Charger_1,0.19,CHARGING,Charger_1,0.25,CHARGING,Charger_1,14,0.14,0,16,0.22,0,61,0.16,0
122,96,0,12,0,0,0,0,0.19,CHARGING,Charger_1,0.20,CHARGING,Charger_1,0.23,CHARGING,Charger_1,0.15,CHARGING,Charger_1,0.32,CHARGING,Charger_1,0.11,CHARGING,Charger_1,0.23,CHARGING,Charger_1,0.30,CHARGING,Charger_1,0.25,CHARGING,Charger_1,0.32,CHARGING,Charger_1,0.20,CHARGING,Charger_1,0.26,CHARGING,Charger_1,15,0.14,0,19,0.22,0,62,0.16,0
123,97,0,12,0,0,0,0,0.20,CHARGING,Charger_1,0.21,CHARGING,Charger_1,0.24,CHARGING,Charger_1,0.16,CHARGING,Charger_1,0.33,CHARGING,Charger_1,0.12,CHARGING,Charger_1,0.24,CHARGING,Charger_1,0.31,CHARGING,Charger_1,0.26,CHARGING,Charger_1,0.33,CHARGING,Charger_1,0.21,CHARGING,Charger_1,0.27,CHARGING,Charger_1,16,0.16,0,19,0.22,0,62,0.17,0
124,100,0,12,0,0,0,0,0.21,CHARGING,Charger_1,0.22,CHARGING,Charger_1,0.25,CHARGING,Charger_1,0.17,CHARGING,Charger_1,0.34,CHARGING,Charger_1,0.13,CHARGING,Charger_1,0.25,CHARGING,Charger_1,0.32,CHARGING,Charger_1,0.27,CHARGING,Charger_1,0.34,CHARGING,Charger_1,0.22,CHARGING,Charger_1,0.28,CHARGING,Charger_1,16,0.16,0,21,0.23,0,63,0.17,0
125,104,0,12,0,0,0,0,0.22,CHARGING,Charger_1,0.23,CHARGING,Charger_1,0.26,CHARGING,Charger_1,0.18,CHARGING,Charger_1,0.35,CHARGING,Charger_1,0.14,CHARGING,Charger_1,0.26,CHARGING,Charger_1,0.33,CHARGING,Charger_1,0.28,CHARGING,Charger_1,0.35,CHARGING,Charger_1,0.23,CHARGING,Charger_1,0.29,CHARGING,Charger_1,16,0.16,0,23,0.23,0,65,0.16,0
126,104,0,12,0,0,0,0,0.23,CHARGING,Charger_1,0.24,CHARGING,Charger_1,0.27,CHARGING,Charger_1,0.19,CHARGING,Charger_1,0.36,CHARGING,Charger_1,0.15,CHARGING,Charger_1,0.27,CHARGING,Charger_1,0.34,CHARGING,Charger_1,0.29,CHARGING,Charger_1,0.36,CHARGING,Charger_1,0.24,CHARGING,Charger_1,0.30,CHARGING,Charger_1,16,0.15,0,23,0.24,0,65,0.18,0
127,107,0,12,0,0,0,0,0.24,CHARGING,Charger_1,0.25,CHARGING,Charger_1,0.28,CHARGING,Charger_1,0.20,CHARGING,Charger_1,0.37,CHARGING,Charger_1,0.16,CHARGING,Charger_1,0.28,CHARGING,Charger_1,0.35,CHARGING,Charger_1,0.30,CHARGING,Charger_1,0.37,CHARGING,Charger_1,0.25,CHARGING,Charger_1,0.31,CHARGING,Charger_1,18,0.15,0,24,0.25,0,65,0.17,0
128,112,0,12,0,0,0,0,0.25,CHARGING,Charger_1,0.26,CHARGING,Charger_1,0.29,CHARGING,Charger_1,0.21,CHARGING,Charger_1,0.38,CHARGING,Charger_1,0.17,CHARGING,Charger_1,0.29,CHARGING,Charger_1,0.36,CHARGING,Charger_1,0.31,CHARGING,Charger_1,0.38,CHARGING,Charger_1,0.26,CHARGING,Charger_1,0.32,CHARGING,Charger_1,19,0.15,0,27,0.26,0,66,0.18,0
129,115,0,12,0,0,0,0,0.26,CHARGING,Charger_1,0.27,CHARGING,Charger_1,0.30,CHARGING,Charger_1,0.22,CHARGING,Charger_1,0.39,CHARGING,Charger_1,0.18,CHARGING,Charger_1,0.30,CHARGING,Charger_1,0.37,CHARGING,Charger_1,0.32,CHARGING,Charger_1,0.39,CHARGING,Charger_1,0.27,CHARGING,Charger_1,0.33,CHARGING,Charger_1,20,0.15,0,27,0.27,0,68,0.17,0
130,118,0,12,0,0,0,0,0.27,CHARGING,Charger_1,0.28,CHARGING,Charger_1,0.31,CHARGING,Charger_1,0.23,CHARGING,Charger_1,0.40,CHARGING,Charger_1,0.19,CHARGING,Charger_1,0.31,CHARGING,Charger_1,0.38,CHARGING,Charger_1,0.33,CHARGING,Charger_1,0.40,CHARGING,Charger_1,0.28,CHARGING,Charger_1,0.34,CHARGING,Charger_1,20,0.15,0,28,0.27,0,70,0.17,0
131,122,0,12,0,0,0,0,0.28,CHARGING,Charger_1,0.29,CHARGING,Charger_1,0.32,CHARGING,Charger_1,0.24,CHARGING,Charger_1,0.41,CHARGING,Charger_1,0.20,CHARGING,Charger_1,0.32,CHARGING,Charger_1,0.39,CHARGING,Charger_1,0.34,CHARGING,Charger_1,0.41,CHARGING,Charger_1,0.29,CHARGING,Charger_1,0.35,CHARGING,Charger_1,22,0.15,0,28,0.27,0,72,0.17,0
132,126,0,12,0,0,0,0,0.29,CHARGING,Charger_1,0.30,CHARGING,Charger_1,0.33,CHARGING,Charger_1,0.25,CHARGING,Charger_1,0.42,CHARGING,Charger_1,0.21,CHARGING,Charger_1,0.33,CHARGING,Charger_1,0.40,CHARGING,Charger_1,0.35,CHARGING,Charger_1,0.42,CHARGING,Charger_1,0.30,CHARGING,Charger_1,0.36,CHARGING,Charger_1,23,0.15,0,30,0.27,0,73,0.16,0
133,129,0,12,0,0,0,0,0.30,CHARGING,Charger_1,0.31,CHARGING,Charger_1,0.34,CHARGING,Charger_1,0.26,CHARGING,Charger_1,0.43,CHARGING,Charger_1,0.22,CHARGING,Charger_1,0.34,CHARGING,Charger_1,0.41,CHARGING,Charger_1,0.36,CHARGING,Charger_1,0.43,CHARGING,Charger_1,0.31,CHARGING,Charger_1,0.37,CHARGING,Charger_1,24,0.14,0,31,0.26,0,74,0.17,0
134,131,0,12,0,0,0,0,0.31,CHARGING,Charger_1,0.32,CHARGING,Charger_1,0.35,CHARGING,Charger_1,0.27,CHARGING,Charger_1,0.44,CHARGING,Charger_1,0.23,CHARGING,Charger_1,0.35,CHARGING,Charger_1,0.42,CHARGING,Charger_1,0.37,CHARGING,Charger_1,0.44,CHARGING,Charger_1,0.32,CHARGING,Charger_1,0.38,CHARGING,Charger_1,24,0.14,0,33,0.25,0,74,0.17,0
135,133,0,12,0,0,0,0,0.32,CHARGING,Charger_1,0.33,CHARGING,Charger_1,0.36,CHARGING,Charger_1,0.28,CHARGING,Charger_1,0.45,CHARGING,Charger_1,0.24,CHARGING,Charger_1,0.36,CHARGING,Charger_1,0.43,CHARGING,Charger_1,0.38,CHARGING,Charger_1,0.45,CHARGING,Charger_1,0.33,CHARGING,Charger_1,0.39,CHARGING,Charger_1,25,0.13,0,33,0.26,0,75,0.18,0
136,135,0,12,0,0,0,0,0.33,CHARGING,Charger_1,0.34,CHARGING,Charger_1,0.37,CHARGING,Charger_1,0.29,CHARGING,Charger_1,0.46,CHARGING,Charger_1,0.25,CHARGING,Charger_1,0.37,CHARGING,Charger_1,0.44,CHARGING,Charger_1,0.39,CHARGING,Charger_1,0.46,CHARGING,Charger_1,0.34,CHARGING,Charger_1,0.40,CHARGING,Charger_1,26,0.14,0,33,0.28,0,76,0.18,0
137,137,0,12,0,0,0,0,0.34,CHARGING,Charger_1,0.35,CHARGING,Charger_1,0.38,CHARGING,Charger_1,0.30,CHARGING,Charger_1,0.47,CHARGING,Charger_1,0.26,CHARGING,Charger_1,0.38,CHARGING,Charger_1,0.45,CHARGING,Charger_1,0.40,CHARGING,Charger_1,0.47,CHARGING,Charger_1,0.35,CHARGING,Charger_1,0.41,CHARGING,Charger_1,26,0.13,0,34,0.28,0,77,0.18,0
138,139,0,12,0,0,0,0,0.35,CHARGING,Charger_1,0.36,CHARGING,Charger_1,0.39,CHARGING,Charger_1,0.31,CHARGING,Charger_1,0.48,CHARGING,Charger_1,0.27,CHARGING,Charger_1,0.39,CHARGING,Charger_1,0.46,CHARGING,Charger_1,0.41,CHARGING,Charger_1,0.48,CHARGING,Charger_1,0.36,CHARGING,Charger_1,0.42,CHARGING,Charger_1,27,0.13,0,35,0.26,0,77,0.16,0
139,142,0,12,0,0,0,0,0.36,CHARGING,Charger_1,0.37,CHARGING,Charger_1,0.40,CHARGING,Charger_1,0.32,CHARGING,Charger_1,0.49,CHARGING,Charger_1,0.28,CHARGING,Charger_1,0.40,CHARGING,Charger_1,0.47,CHARGING,Charger_1,0.42,CHARGING,Charger_1,0.49,CHARGING,Charger_1,0.37,CHARGING,Charger_1,0.43,CHARGING,Charger_1,29,0.13,0,35,0.26,0,78,0.18,0
140,146,0,12,0,0,0,0,0.37,CHARGING,Charger_1,0.38,CHARGING,Charger_1,0.41,CHARGING,Charger_1,0.33,CHARGING,Charger_1,0.50,CHARGING,Charger_1,0.29,CHARGING,Charger_1,0.41,CHARGING,Charger_1,0.48,CHARGING,Charger_1,0.43,CHARGING,Charger_1,0.50,CHARGING,Charger_1,0.38,CHARGING,Charger_1,0.44,CHARGING,Charger_1,30,0.15,0,35,0.28,0,81,0.18,0
141,151,0,12,0,0,0,0,0.38,CHARGING,Charger_1,0.39,CHARGING,Charger_1,0.42,CHARGING,Charger_1,0.34,CHARGING,Charger_1,0.51,CHARGING,Charger_1,0.30,CHARGING,Charger_1,0.42,CHARGING,Charger_1,0.49,CHARGING,Charger_1,0.44,CHARGING,Charger_1,0.51,CHARGING,Charger_1,0.39,CHARGING,Charger_1,0.45,CHARGING,Charger_1,31,0.15,0,38,0.28,0,82,0.18,0
142,152,0,12,0,0,0,0,0.39,CHARGING,Charger_1,0.40,CHARGING,Charger_1,0.43,CHARGING,Charger_1,0.35,CHARGING,Charger_1,0.52,CHARGING,Charger_1,0.31,CHARGING,Charger_1,0.43,CHARGING,Charger_1,0.50,CHARGING,Charger_1,0.45,CHARGING,Charger_1,0.52,CHARGING,Charger_1,0.40,CHARGING,Charger_1,0.46,CHARGING,Charger_1,31,0.15,0,39,0.27,0,82,0.19,0
143,156,0,12,0,0,0,0,0.40,CHARGING,Charger_1,0.41,CHARGING,Charger_1,0.44,CHARGING,Charger_1,0.36,CHARGING,Charger_1,0.53,CHARGING,Charger_1,0.32,CHARGING,Charger_1,0.44,CHARGING,Charger_1,0.51,CHARGING,Charger_1,0.46,CHARGING,Charger_1,0.53,CHARGING,Charger_1,0.41,CHARGING,Charger_1,0.47,CHARGING,Charger_1,31,0.15,0,40,0.26,0,85,0.19,0
144,159,0,12,0,0,0,0,0.41,CHARGING,Charger_1,0.42,CHARGING,Charger_1,0.45,CHARGING,Charger_1,0.37,CHARGING,Charger_1,0.54,CHARGING,Charger_1,0.33,CHARGING,Charger_1,0.45,CHARGING,Charger_1,0.52,CHARGING,Charger_1,0.47,CHARGING,Charger_1,0.54,CHARGING,Charger_1,0.42,CHARGING,Charger_1,0.48,CHARGING,Charger_1,31,0.14,0,40,0.25,0,88,0.18,0
145,161,0,12,0,0,0,0,0.42,CHARGING,Charger_1,0.43,CHARGING,Charger_1,0.46,CHARGING,Charger_1,0.38,CHARGING,Charger_1,0.55,CHARGING,Charger_1,0.34,CHARGING,Charger_1,0.46,CHARGING,Charger_1,0.53,CHARGING,Charger_1,0.48,CHARGING,Charger_1,0.55,CHARGING,Charger_1,0.43,CHARGING,Charger_1,0.49,CHARGING,Charger_1,32,0.16,0,40,0.24,0,89,0.17,0
146,165,0,12,0,0,0,0,0.43,CHARGING,Charger_1,0.44,CHARGING,Charger_1,0.47,CHARGING,Charger_1,0.39,CHARGING,Charger_1,0.56,CHARGING,Charger_1,0.35,CHARGING,Charger_1,0.47,CHARGING,Charger_1,0.54,CHARGING,Charger_1,0.49,CHARGING,Charger_1,0.56,CHARGING,Charger_1,0.44,CHARGING,Charger_1,0.50,CHARGING,Charger_1,33,0.16,0,41,0.25,0,91,0.14,0
147,169,0,12,0,0,0,0,0.44,CHARGING,Charger_1,0.45,CHARGING,Charger_1,0.48,CHARGING,Charger_1,0.40,CHARGING,Charger_1,0.57,CHARGING,Charger_1,0.36,CHARGING,Charger_1,0.48,CHARGING,Charger_1,0.55,CHARGING,Charger_1,0.50,CHARGING,Charger_1,0.57,CHARGING,Charger_1,0.45,CHARGING,Charger_1,0.51,CHARGING,Charger_1,35,0.17,0,42,0.24,0,92,0.14,0
148,174,0,12,0,0,0,0,0.45,CHARGING,Charger_1,0.46,CHARGING,Charger_1,0.49,CHARGING,Charger_1,0.41,CHARGING,Charger_1,0.58,CHARGING,Charger_1,0.37,CHARGING,Charger_1,0.49,CHARGING,Charger_1,0.56,CHARGING,Charger_1,0.51,CHARGING,Charger_1,0.58,CHARGING,Charger_1,0.46,CHARGING,Charger_1,0.52,CHARGING,Charger_1,36,0.16,0,44,0.23,0,94,0.13,0
149,180,0,12,0,0,0,0,0.46,CHARGING,Charger_1,0.47,CHARGING,Charger_1,0.50,CHARGING,Charger_1,0.42,CHARGING,Charger_1,0.59,CHARGING,Charger_1,0.38,CHARGING,Charger_1,0.50,CHARGING,Charger_1,0.57,CHARGING,Charger_1,0.52,CHARGING,Charger_1,0.59,CHARGING,Charger_1,0.47,CHARGING,Charger_1,0.53,CHARGING,Charger_1,39,0.17,0,45,0.22,0,96,0.13,0
150,184,0,12,0,0,0,0,0.47,CHARGING,Charger_1,0.48,CHARGING,Charger_1,0.51,CHARGING,Charger_1,0.43,CHARGING,Charger_1,0.60,CHARGING,Charger_1,0.39,CHARGING,Charger_1,0.51,CHARGING,Charger_1,0.58,CHARGING,Charger_1,0.53,CHARGING,Charger_1,0.60,CHARGING,Charger_1,0.48,CHARGING,Charger_1,0.54,CHARGING,Charger_1,39,0.18,0,49,0.22,0,96,0.12,0
151,185,0,12,0,0,0,0,0.48,CHARGING,Charger_1,0.49,CHARGING,Charger_1,0.52,CHARGING,Charger_1,0.44,CHARGING,Charger_1,0.61,CHARGING,Charger_1,0.40,CHARGING,Charger_1,0.52,CHARGING,Charger_1,0.59,CHARGING,Charger_1,0.54,CHARGING,Charger_1,0.61,CHARGING,Charger_1,0.49,CHARGING,Charger_1,0.55,CHARGING,Charger_1,40,0.18,0,49,0.20,0,96,0.13,0
152,190,0,12,0,0,0,0,0.49,CHARGING,Charger_1,0.50,CHARGING,Charger_1,0.53,CHARGING,Charger_1,0.45,CHARGING,Charger_1,0.62,CHARGING,Charger_1,0.41,CHARGING,Charger_1,0.53,CHARGING,Charger_1,0.60,CHARGING,Charger_1,0.55,CHARGING,Charger_1,0.62,CHARGING,Charger_1,0.50,CHARGING,Charger_1,0.56,CHARGING,Charger_1,40,0.18,0,50,0.18,0,100,0.13,0
153,194,0,12,0,0,0,0,0.50,CHARGING,Charger_1,0.51,CHARGING,Charger_1,0.54,CHARGING,Charger_1,0.46,CHARGING,Charger_1,0.63,CHARGING,Charger_1,0.42,CHARGING,Charger_1,0.54,CHARGING,Charger_1,0.61,CHARGING,Charger_1,0.56,CHARGING,Charger_1,0.63,CHARGING,Charger_1,0.51,CHARGING,Charger_1,0.57,CHARGING,Charger_1,43,0.18,0,51,0.17,0,100,0.12,0
154,196,0,12,0,0,0,0,0.51,CHARGING,Charger_1,0.52,CHARGING,Charger_1,0.55,CHARGING,Charger_1,0.47,CHARGING,Charger_1,0.64,CHARGING,Charger_1,0.43,CHARGING,Charger_1,0.55,CHARGING,Charger_1,0.62,CHARGING,Charger_1,0.57,CHARGING,Charger_1,0.64,CHARGING,Charger_1,0.52,CHARGING,Charger_1,0.58,CHARGING,Charger_1,44,0.19,0,52,0.16,0,100,0.11,0
155,196,0,12,0,0,0,0,0.52,CHARGING,Charger_1,0.53,CHARGING,Charger_1,0.56,CHARGING,Charger_1,0.48,CHARGING,Charger_1,0.65,CHARGING,Charger_1,0.44,CHARGING,Charger_1,0.56,CHARGING,Charger_1,0.63,CHARGING,Charger_1,0.58,CHARGING,Charger_1,0.65,CHARGING,Charger_1,0.53,CHARGING,Charger_1,0.59,CHARGING,Charger_1,44,0.19,0,52,0.15,0,100,0.11,0
156,198,0,12,0,0,0,0,0.53,CHARGING,Charger_1,0.54,CHARGING,Charger_1,0.57,CHARGING,Charger_1,0.49,CHARGING,Charger_1,0.66,CHARGING,Charger_1,0.45,CHARGING,Charger_1,0.57,CHARGING,Charger_1,0.64,CHARGING,Charger_1,0.59,CHARGING,Charger_1,0.66,CHARGING,Charger_1,0.54,CHARGING,Charger_1,0.60,CHARGING,Charger_1,44,0.19,0,52,0.15,0,102,0.12,0
157,202,0,12,0,0,0,0,0.54,CHARGING,Charger_1,0.55,CHARGING,Charger_1,0.58,CHARGING,Charger_1,0.50,CHARGING,Charger_1,0.67,CHARGING,Charger_1,0.46,CHARGING,Charger_1,0.58,CHARGING,Charger_1,0.65,CHARGING,Charger_1,0.60,CHARGING,Charger_1,0.67,CHARGING,Charger_1,0.55,CHARGING,Charger_1,0.61,CHARGING,Charger_1,44,0.20,0,54,0.15,0,104,0.13,0
158,205,0,12,0,0,0,0,0.55,CHARGING,Charger_1,0.56,CHARGING,Charger_1,0.59,CHARGING,Charger_1,0.51,CHARGING,Charger_1,0.68,CHARGING,Charger_1,0.47,CHARGING,Charger_1,0.59,CHARGING,Charger_1,0.66,CHARGING,Charger_1,0.61,CHARGING,Charger_1,0.68,CHARGING,Charger_1,0.56,CHARGING,Charger_1,0.62,CHARGING,Charger_1,47,0.20,0,54,0.15,0,104,0.10,0
159,207,0,12,0,0,0,0,0.56,CHARGING,Charger_1,0.57,CHARGING,Charger_1,0.60,CHARGING,Charger_1,0.52,CHARGING,Charger_1,0.69,CHARGING,Charger_1,0.48,CHARGING,Charger_1,0.60,CHARGING,Charger_1,0.67,CHARGING,Charger_1,0.62,CHARGING,Charger_1,0.69,CHARGING,Charger_1,0.57,CHARGING,Charger_1,0.63,CHARGING,Charger_1,49,0.20,0,54,0.15,0,104,0.10,0
160,211,0,12,0,0,0,0,0.57,CHARGING,Charger_1,0.58,CHARGING,Charger_1,0.61,CHARGING,Charger_1,0.53,CHARGING,Charger_1,0.70,CHARGING,Charger_1,0.49,CHARGING,Charger_1,0.61,CHARGING,Charger_1,0.68,CHARGING,Charger_1,0.63,CHARGING,Charger_1,0.70,CHARGING,Charger_1,0.58,CHARGING,Charger_1,0.64,CHARGING,Charger_1,50,0.21,0,54,0.15,0,107,0.10,0
161,212,0,12,0,0,0,0,0.58,CHARGING,Charger_1,0.59,CHARGING,Charger_1,0.62,CHARGING,Charger_1,0.54,CHARGING,Charger_1,0.71,CHARGING,Charger_1,0.50,CHARGING,Charger_1,0.62,CHARGING,Charger_1,0.69,CHARGING,Charger_1,0.64,CHARGING,Charger_1,0.71,CHARGING,Charger_1,0.59,CHARGING,Charger_1,0.65,CHARGING,Charger_1,51,0.21,0,54,0.12,0,107,0.11,0
162,215,0,12,0,0,0,0,0.59,CHARGING,Charger_1,0.60,CHARGING,Charger_1,0.63,CHARGING,Charger_1,0.55,CHARGING,Charger_1,0.72,CHARGING,Charger_1,0.51,CHARGING,Charger_1,0.63,CHARGING,Charger_1,0.70,CHARGING,Charger_1,0.65,CHARGING,Charger_1,0.72,CHARGING,Charger_1,0.60,CHARGING,Charger_1,0.66,CHARGING,Charger_1,52,0.22,0,55,0.13,0,108,0.12,0
163,219,0,12,0,0,0,0,0.60,CHARGING,Charger_1,0.61,CHARGING,Charger_1,0.64,CHARGING,Charger_1,0.56,CHARGING,Charger_1,0.73,CHARGING,Charger_1,0.52,CHARGING,Charger_1,0.64,CHARGING,Charger_1,0.71,CHARGING,Charger_1,0.66,CHARGING,Charger_1,0.73,CHARGING,Charger_1,0.61,CHARGING,Charger_1,0.67,CHARGING,Charger_1,53,0.23,0,56,0.14,0,110,0.12,0
164,222,0,12,0,0,0,0,0.61,CHARGING,Charger_1,0.62,CHARGING,Charger_1,0.65,CHARGING,Charger_1,0.57,CHARGING,Charger_1,0.74,CHARGING,Charger_1,0.53,CHARGING,Charger_1,0.65,CHARGING,Charger_1,0.72,CHARGING,Charger_1,0.67,CHARGING,Charger_1,0.74,CHARGING,Charger_1,0.62,CHARGING,Charger_1,0.68,CHARGING,Charger_1,53,0.23,0,59,0.14,0,110,0.14,0
165,225,0,12,0,0,0,0,0.62,CHARGING,Charger_1,0.63,CHARGING,Charger_1,0.66,CHARGING,Charger_1,0.58,CHARGING,Charger_1,0.75,CHARGING,Charger_1,0.54,CHARGING,Charger_1,0.66,CHARGING,Charger_1,0.73,CHARGING,Charger_1,0.68,CHARGING,Charger_1,0.75,CHARGING,Charger_1,0.63,CHARGING,Charger_1,0.69,CHARGING,Charger_1,54,0.24,0,59,0.14,0,112,0.16,0
166,230,0,12,0,0,0,0,0.63,CHARGING,Charger_1,0.64,CHARGING,Charger_1,0.67,CHARGING,Charger_1,0.59,CHARGING,Charger_1,0.76,CHARGING,Charger_1,0.55,CHARGING,Charger_1,0.67,CHARGING,Charger_1,0.74,CHARGING,Charger_1,0.69,CHARGING,Charger_1,0.76,CHARGING,Charger_1,0.64,CHARGING,Charger_1,0.70,CHARGING,Charger_1,58,0.25,0,60,0.13,0,112,0.16,0
167,235,0,12,0,0,0,0,0.64,CHARGING,Charger_1,0.65,CHARGING,Charger_1,0.68,CHARGING,Charger_1,0.60,CHARGING,Charger_1,0.77,CHARGING,Charger_1,0.56,CHARGING,Charger_1,0.68,CHARGING,Charger_1,0.75,CHARGING,Charger_1,0.70,CHARGING,Charger_1,0.77,CHARGING,Charger_1,0.65,CHARGING,Charger_1,0.71,CHARGING,Charger_1,61,0.25,0,61,0.13,0,113,0.15,0
168,238,0,12,0,0,0,0,0.65,CHARGING,Charger_1,0.66,CHARGING,Charger_1,0.69,CHARGING,Charger_1,0.61,CHARGING,Charger_1,0.78,CHARGING,Charger_1,0.57,CHARGING,Charger_1,0.69,CHARGING,Charger_1,0.76,CHARGING,Charger_1,0.71,CHARGING,Charger_1,0.78,CHARGING,Charger_1,0.66,CHARGING,Charger_1,0.72,CHARGING,Charger_1,62,0.27,0,63,0.14,0,113,0.17,0
169,240,0,12,0,0,0,0,0.66,CHARGING,Charger_1,0.67,CHARGING,Charger_1,0.70,CHARGING,Charger_1,0.62,CHARGING,Charger_1,0.79,CHARGING,Charger_1,0.58,CHARGING,Charger_1,0.70,CHARGING,Charger_1,0.77,CHARGING,Charger_1,0.72,CHARGING,Charger_1,0.79,CHARGING,Charger_1,0.67,CHARGING,Charger_1,0.73,CHARGING,Charger_1,63,0.27,0,63,0.15,0,114,0.14,0
170,242,0,12,0,0,0,0,0.67,CHARGING,Charger_1,0.68,CHARGING,Charger_1,0.71,CHARGING,Charger_1,0.63,CHARGING,Charger_1,0.80,CHARGING,Charger_1,0.59,CHARGING,Charger_1,0.71,CHARGING,Charger_1,0.78,CHARGING,Charger_1,0.73,CHARGING,Charger_1,0.80,CHARGING,Charger_1,0.68,CHARGING,Charger_1,0.74,CHARGING,Charger_1,63,0.27,0,64,0.16,0,115,0.14,0
171,246,0,12,0,0,0,0,0.68,CHARGING,Charger_1,0.69,CHARGING,Charger_1,0.72,CHARGING,Charger_1,0.64,CHARGING,Charger_1,0.81,CHARGING,Charger_1,0.60,CHARGING,Charger_1,0.72,CHARGING,Charger_1,0.79,CHARGING,Charger_1,0.74,CHARGING,Charger_1,0.81,CHARGING,Charger_1,0.69,CHARGING,Charger_1,0.75,CHARGING,Charger_1,65,0.25,0,65,0.16,0,116,0.14,0
172,249,0,12,0,0,0,0,0.69,CHARGING,Charger_1,0.70,CHARGING,Charger_1,0.73,CHARGING,Charger_1,0.65,CHARGING,Charger_1,0.82,CHARGING,Charger_1,0.61,CHARGING,Charger_1,0.73,CHARGING,Charger_1,0.80,CHARGING,Charger_1,0.75,CHARGING,Charger_1,0.82,CHARGING,Charger_1,0.70,CHARGING,Charger_1,0.76,CHARGING,Charger_1,67,0.26,0,66,0.16,0,116,0.14,0
173,254,0,12,0,0,0,0,0.70,CHARGING,Charger_1,0.71,CHARGING,Charger_1,0.74,CHARGING,Charger_1,0.66,CHARGING,Charger_1,0.83,CHARGING,Charger_1,0.62,CHARGING,Charger_1,0.74,CHARGING,Charger_1,0.81,CHARGING,Charger_1,0.76,CHARGING,Charger_1,0.83,CHARGING,Charger_1,0.71,CHARGING,Charger_1,0.77,CHARGING,Charger_1,69,0.26,0,66,0.16,0,119,0.13,0
174,258,0,12,0,0,0,0,0.71,CHARGING,Charger_1,0.72,CHARGING,Charger_1,0.75,CHARGING,Charger_1,0.67,CHARGING,Charger_1,0.84,CHARGING,Charger_1,0.63,CHARGING,Charger_1,0.75,CHARGING,Charger_1,0.82,CHARGING,Charger_1,0.77,CHARGING,Charger_1,0.84,CHARGING,Charger_1,0.72,CHARGING,Charger_1,0.78,CHARGING,Charger_1,70,0.26,0,67,0.16,0,121,0.14,0
175,261,0,12,0,0,0,0,0.72,CHARGING,Charger_1,0.73,CHARGING,Charger_1,0.76,CHARGING,Charger_1,0.68,CHARGING,Charger_1,0.85,CHARGING,Charger_1,0.64,CHARGING,Charger_1,0.76,CHARGING,Charger_1,0.83,CHARGING,Charger_1,0.78,CHARGING,Charger_1,0.85,CHARGING,Charger_1,0.73,CHARGING,Charger_1,0.79,CHARGING,Charger_1,72,0.27,0,67,0.16,0,122,0.14,0
176,267,0,12,0,0,0,0,0.73,CHARGING,Charger_1,0.74,CHARGING,Charger_1,0.77,CHARGING,Charger_1,0.69,CHARGING,Charger_1,0.86,CHARGING,Charger_1,0.65,CHARGING,Charger_1,0.77,CHARGING,Charger_1,0.84,CHARGING,Charger_1,0.79,CHARGING,Charger_1,0.86,CHARGING,Charger_1,0.74,CHARGING,Charger_1,0.80,CHARGING,Charger_1,74,0.26,0,69,0.16,0,124,0.15,0
177,270,0,12,0,0,0,0,0.74,CHARGING,Charger_1,0.75,CHARGING,Charger_1,0.78,CHARGING,Charger_1,0.70,CHARGING,Charger_1,0.87,CHARGING,Charger_1,0.66,CHARGING,Charger_1,0.78,CHARGING,Charger_1,0.85,CHARGING,Charger_1,0.80,CHARGING,Charger_1,0.87,CHARGING,Charger_1,0.75,CHARGING,Charger_1,0.81,CHARGING,Charger_1,75,0.26,0,69,0.15,0,126,0.16,0
178,272,0,12,0,0,0,0,0.75,CHARGING,Charger_1,0.76,CHARGING,Charger_1,0.79,CHARGING,Charger_1,0.71,CHARGING,Charger_1,0.88,CHARGING,Charger_1,0.67,CHARGING,Charger_1,0.79,CHARGING,Charger_1,0.86,CHARGING,Charger_1,0.81,CHARGING,Charger_1,0.88,CHARGING,Charger_1,0.76,CHARGING,Charger_1,0.82,CHARGING,Charger_1,76,0.28,0,70,0.15,0,126,0.17,0
179,275,0,12,0,0,0,0,0.76,CHARGING,Charger_1,0.77,CHARGING,Charger_1,0.80,CHARGING,Charger_1,0.72,CHARGING,Charger_1,0.89,CHARGING,Charger_1,0.68,CHARGING,Charger_1,0.80,CHARGING,Charger_1,0.87,CHARGING,Charger_1,0.82,CHARGING,Charger_1,0.89,CHARGING,Charger_1,0.77,CHARGING,Charger_1,0.83,CHARGING,Charger_1,77,0.27,0,72,0.17,0,126,0.17,0
180,276,0,12,0,0,0,0,0.77,CHARGING,Charger_1,0.78,CHARGING,Charger_1,0.81,CHARGING,Charger_1,0.73,CHARGING,Charger_1,0.90,CHARGING,Charger_1,0.69,CHARGING,Charger_1,0.81,CHARGING,Charger_1,0.88,CHARGING,Charger_1,0.83,CHARGING,Charger_1,0.90,CHARGING,Charger_1,0.78,CHARGING,Charger_1,0.84,CHARGING,Charger_1,77,0.27,0,73,0.17,0,126,0.17,0
181,283,0,12,0,0,0,0,0.78,CHARGING,Charger_1,0.79,CHARGING,Charger_1,0.82,CHARGING,Charger_1,0.74,CHARGING,Charger_1,0.91,CHARGING,Charger_1,0.70,CHARGING,Charger_1,0.82,CHARGING,Charger_1,0.89,CHARGING,Charger_1,0.84,CHARGING,Charger_1,0.91,CHARGING,Charger_1,0.79,CHARGING,Charger_1,0.85,CHARGING,Charger_1,80,0.27,0,75,0.17,0,128,0.16,0
182,287,0,12,0,0,0,0,0.79,CHARGING,Charger_1,0.80,CHARGING,Charger_1,0.83,CHARGING,Charger_1,0.75,CHARGING,Charger_1,0.92,CHARGING,Charger_1,0.71,CHARGING,Charger_1,0.83,CHARGING,Charger_1,0.90,CHARGING,Charger_1,0.85,CHARGING,Charger_1,0.92,CHARGING,Charger_1,0.80,CHARGING,Charger_1,0.86,CHARGING,Charger_1,82,0.26,0,76,0.18,0,129,0.13,0
183,292,0,12,0,0,0,0,0.80,CHARGING,Charger_1,0.81,CHARGING,Charger_1,0.84,CHARGING,Charger_1,0.76,CHARGING,Charger_1,0.93,CHARGING,Charger_1,0.72,CHARGING,Charger_1,0.84,CHARGING,Charger_1,0.91,CHARGING,Charger_1,0.86,CHARGING,Charger_1,0.93,CHARGING,Charger_1,0.81,CHARGING,Charger_1,0.87,CHARGING,Charger_1,83,0.25,0,77,0.18,0,132,0.12,0
184,293,0,12,0,0,0,0,0.81,CHARGING,Charger_1,0.82,CHARGING,Charger_1,0.85,CHARGING,Charger_1,0.77,CHARGING,Charger_1,0.94,CHARGING,Charger_1,0.73,CHARGING,Charger_1,0.85,CHARGING,Charger_1,0.92,CHARGING,Charger_1,0.87,CHARGING,Charger_1,0.94,CHARGING,Charger_1,0.82,CHARGING,Charger_1,0.88,CHARGING,Charger_1,83,0.23,0,78,0.18,0,132,0.13,0
185,297,0,12,0,0,0,0,0.82,CHARGING,Charger_1,0.83,CHARGING,Charger_1,0.86,CHARGING,Charger_1,0.78,CHARGING,Charger_1,0.95,CHARGING,Charger_1,0.74,CHARGING,Charger_1,0.86,CHARGING,Charger_1,0.93,CHARGING,Charger_1,0.88,CHARGING,Charger_1,0.95,CHARGING,Charger_1,0.83,CHARGING,Charger_1,0.89,CHARGING,Charger_1,85,0.23,0,79,0.17,0,133,0.14,0
186,302,0,12,0,0,0,0,0.83,CHARGING,Charger_1,0.84,CHARGING,Charger_1,0.87,CHARGING,Charger_1,0.79,CHARGING,Charger_1,0.96,CHARGING,Charger_1,0.75,CHARGING,Charger_1,0.87,CHARGING,Charger_1,0.94,CHARGING,Charger_1,0.89,CHARGING,Charger_1,0.96,CHARGING,Charger_1,0.84,CHARGING,Charger_1,0.90,CHARGING,Charger_1,87,0.21,0,81,0.17,0,134,0.14,0
187,306,0,12,0,0,0,0,0.84,CHARGING,Charger_1,0.85,CHARGING,Charger_1,0.88,CHARGING,Charger_1,0.80,CHARGING,Charger_1,0.97,CHARGING,Charger_1,0.76,CHARGING,Charger_1,0.88,CHARGING,Charger_1,0.95,CHARGING,Charger_1,0.90,CHARGING,Charger_1,0.97,CHARGING,Charger_1,0.85,CHARGING,Charger_1,0.91,CHARGING,Charger_1,90,0.21,0,81,0.17,0,135,0.13,0
188,307,0,12,0,0,0,0,0.85,CHARGING,Charger_1,0.86,CHARGING,Charger_1,0.89,CHARGING,Charger_1,0.81,CHARGING,Charger_1,0.98,CHARGING,Charger_1,0.77,CHARGING,Charger_1,0.89,CHARGING,Charger_1,0.96,CHARGING,Charger_1,0.91,CHARGING,Charger_1,0.98,CHARGING,Charger_1,0.86,CHARGING,Charger_1,0.92,CHARGING,Charger_1,90,0.20,0,81,0.17,0,136,0.13,0
189,308,0,12,0,0,0,0,0.86,CHARGING,Charger_1,0.87,CHARGING,Charger_1,0.90,CHARGING,Charger_1,0.82,CHARGING,Charger_1,0.99,CHARGING,Charger_1,0.78,CHARGING,Charger_1,0.90,CHARGING,Charger_1,0.97,CHARGING,Charger_1,0.92,CHARGING,Charger_1,0.99,CHARGING,Charger_1,0.87,CHARGING,Charger_1,0.93,CHARGING,Charger_1,91,0.19,0,81,0.16,0,136,0.12,0
190,314,1,11,0,0,0,0,0.87,CHARGING,Charger_1,0.88,CHARGING,Charger_1,0.91,CHARGING,Charger_1,0.83,CHARGING,Charger_1,1.00,IDLE,,0.79,CHARGING,Charger_1,0.91,CHARGING,Charger_1,0.98,CHARGING,Charger_1,0.93,CHARGING,Charger_1,1.00,CHARGING,Charger_1,0.88,CHARGING,Charger_1,0.94,CHARGING,Charger_1,94,0.21,0,82,0.14,0,138,0.09,0
191,314,1,10,0,0,1,0,0.88,CHARGING,Charger_1,0.89,CHARGING,Charger_1,0.92,CHARGING,Charger_1,0.84,CHARGING,Charger_1,0.99,MOVING_TO_FIELD,Field_3,0.80,CHARGING,Charger_1,0.92,CHARGING,Charger_1,0.99,CHARGING,Charger_1,0.94,CHARGING,Charger_1,1.01,IDLE,,0.89,CHARGING,Charger_1,0.95,CHARGING,Charger_1,94,0.20,0,82,0.13,0,138,0.10,0
192,316,0,10,0,0,2,0,0.89,CHARGING,Charger_1,0.90,CHARGING,Charger_1,0.93,CHARGING,Charger_1,0.85,CHARGING,Charger_1,0.98,MOVING_TO_FIELD,Field_3,0.81,CHARGING,Charger_1,0.93,CHARGING,Charger_1,1.00,CHARGING,Charger_1,0.95,CHARGING,Charger_1,1.00,MOVING_TO_FIELD,Field_1,0.90,CHARGING,Charger_1,0.96,CHARGING,Charger_1,94,0.20,0,83,0.13,0,139,0.10,0
193,318,1,9,0,0,2,0,0.90,CHARGING,Charger_1,0.91,CHARGING,Charger_1,0.94,CHARGING,Charger_1,0.86,CHARGING,Charger_1,0.97,MOVING_TO_FIELD,Field_3,0.82,CHARGING,Charger_1,0.94,CHARGING,Charger_1,1.01,IDLE,,0.96,CHARGING,Charger_1,0.99,MOVING_TO_FIELD,Field_1,0.91,CHARGING,Charger_1,0.97,CHARGING,Charger_1,96,0.23,0,83,0.13,0,139,0.09,0
194,320,0,9,0,0,3,0,0.91,CHARGING,Charger_1,0.92,CHARGING,Charger_1,0.95,CHARGING,Charger_1,0.87,CHARGING,Charger_1,0.96,MOVING_TO_FIELD,Field_3,0.83,CHARGING,Charger_1,0.95,CHARGING,Charger_1,1.00,MOVING_TO_FIELD,Field_3,0.97,CHARGING,Charger_1,0.98,MOVING_TO_FIELD,Field_1,0.92,CHARGING,Charger_1,0.98,CHARGING,Charger_1,96,0.22,0,84,0.13,0,140,0.10,0
195,320,0,9,0,0,3,0,0.92,CHARGING,Charger_1,0.93,CHARGING,Charger_1,0.96,CHARGING,Charger_1,0.88,CHARGING,Charger_1,0.95,MOVING_TO_FIELD,Field_3,0.84,CHARGING,Charger_1,0.96,CHARGING,Charger_1,0.99,MOVING_TO_FIELD,Field_3,0.98,CHARGING,Charger_1,0.97,MOVING_TO_FIELD,Field_1,0.93,CHARGING,Charger_1,0.99,CHARGING,Charger_1,96,0.22,0,84,0.11,0,140,0.09,0
196,323,1,8,1,0,2,0,0.93,CHARGING,Charger_1,0.94,CHARGING,Charger_1,0.97,CHARGING,Charger_1,0.89,CHARGING,Charger_1,0.94,MOVING_TO_FIELD,Field_3,0.85,CHARGING,Charger_1,0.97,CHARGING,Charger_1,0.98,MOVING_TO_FIELD,Field_3,0.99,CHARGING,Charger_1,0.96,PROTECTING,Field_1,0.94,CHARGING,Charger_1,1.00,IDLE,,98,0.23,1,85,0.15,0,140,0.09,0
197,324,0,8,1,0,3,0,0.94,CHARGING,Charger_1,0.95,CHARGING,Charger_1,0.98,CHARGING,Charger_1,0.90,CHARGING,Charger_1,0.93,MOVING_TO_FIELD,Field_3,0.86,CHARGING,Charger_1,0.98,CHARGING,Charger_1,0.97,MOVING_TO_FIELD,Field_3,1.00,CHARGING,Charger_1,0.95,PROTECTING,Field_1,0.95,CHARGING,Charger_1,0.99,MOVING_TO_FIELD,Field_1,98,0.22,1,85,0.15,0,141,0.11,0
198,327,1,7,1,0,3,0,0.95,CHARGING,Charger_1,0.96,CHARGING,Charger_1,0.99,CHARGING,Charger_1,0.91,CHARGING,Charger_1,0.92,MOVING_TO_FIELD,Field_3,0.87,CHARGING,Charger_1,0.99,CHARGING,Charger_1,0.96,MOVING_TO_FIELD,Field_3,1.01,IDLE,,0.94,PROTECTING,Field_1,0.96,CHARGING,Charger_1,0.98,MOVING_TO_FIELD,Field_1,100,0.23,1,86,0.16,0,141,0.09,0
199,333,2,5,1,0,4,0,0.96,CHARGING,Charger_1,0.97,CHARGING,Charger_1,1.00,IDLE,,0.92,CHARGING,Charger_1,0.91,MOVING_TO_FIELD,Field_3,0.88,CHARGING,Charger_1,1.00,IDLE,,0.95,MOVING_TO_FIELD,Field_3,1.00,MOVING_TO_FIELD,Field_2,0.93,PROTECTING,Field_1,0.97,CHARGING,Charger_1,0.97,MOVING_TO_FIELD,Field_1,101,0.21,1,88,0.16,0,144,0.09,0
200,334,0,5,2,0,5,0,0.97,CHARGING,Charger_1,0.98,CHARGING,Charger_1,0.99,MOVING_TO_FIELD,Field_3,0.93,CHARGING,Charger_1,0.90,PROTECTING,Field_3,0.89,CHARGING,Charger_1,0.99,MOVING_TO_FIELD,Field_2,0.94,MOVING_TO_FIELD,Field_3,0.99,MOVING_TO_FIELD,Field_2,0.93,PROTECTING,Field_1,0.98,CHARGING,Charger_1,0.96,MOVING_TO_FIELD,Field_1,101,0.21,1,88,0.17,0,145,0.11,1
201,335,0,5,2,0,5,0,0.98,CHARGING,Charger_1,0.99,CHARGING,Charger_1,0.98,MOVING_TO_FIELD,Field_3,0.94,CHARGING,Charger_1,0.90,PROTECTING,Field_3,0.90,CHARGING,Charger_1,0.98,MOVING_TO_FIELD,Field_2,0.93,MOVING_TO_FIELD,Field_3,0.98,MOVING_TO_FIELD,Field_2,0.92,PROTECTING,Field_1,0.99,CHARGING,Charger_1,0.95,MOVING_TO_FIELD,Field_1,101,0.21,1,89,0.18,0,145,0.12,1
202,339,0,5,2,0,5,0,0.99,CHARGING,Charger_1,1.00,CHARGING,Charger_1,0.97,MOVING_TO_FIELD,Field_3,0.95,CHARGING,Charger_1,0.89,PROTECTING,Field_3,0.91,CHARGING,Charger_1,0.97,MOVING_TO_FIELD,Field_2,0.92,MOVING_TO_FIELD,Field_3,0.97,MOVING_TO_FIELD,Field_2,0.91,PROTECTING,Field_1,1.00,CHARGING,Charger_1,0.94,MOVING_TO_FIELD,Field_1,103,0.20,1,90,0.18,0,146,0.13,1
203,340,2,3,3,0,4,0,1.00,CHARGING,Charger_1,1.01,IDLE,,0.96,MOVING_TO_FIELD,Field_3,0.96,CHARGING,Charger_1,0.88,PROTECTING,Field_3,0.92,CHARGING,Charger_1,0.96,MOVING_TO_FIELD,Field_2,0.91,PROTECTING,Field_3,0.96,MOVING_TO_FIELD,Field_2,0.91,PROTECTING,Field_1,1.01,IDLE,,0.93,MOVING_TO_FIELD,Field_1,104,0.22,1,90,0.20,0,146,0.15,2
204,344,1,2,4,0,5,0,1.01,IDLE,,1.00,MOVING_TO_FIELD,Field_1,0.95,MOVING_TO_FIELD,Field_3,0.97,CHARGING,Charger_1,0.88,PROTECTING,Field_3,0.93,CHARGING,Charger_1,0.95,MOVING_TO_FIELD,Field_2,0.90,PROTECTING,Field_3,0.95,MOVING_TO_FIELD,Field_2,0.90,PROTECTING,Field_1,1.00,MOVING_TO_FIELD,Field_2,0.92,PROTECTING,Field_1,105,0.23,2,90,0.21,0,149,0.16,2
205,344,0,2,4,0,6,0,1.00,MOVING_TO_FIELD,Field_2,0.99,MOVING_TO_FIELD,Field_1,0.94,MOVING_TO_FIELD,Field_3,0.98,CHARGING,Charger_1,0.87,PROTECTING,Field_3,0.94,CHARGING,Charger_1,0.94,MOVING_TO_FIELD,Field_2,0.89,PROTECTING,Field_3,0.94,MOVING_TO_FIELD,Field_2,0.89,PROTECTING,Field_1,0.99,MOVING_TO_FIELD,Field_2,0.92,PROTECTING,Field_1,105,0.23,2,90,0.20,0,149,0.17,2
206,345,0,2,4,0,6,0,0.99,MOVING_TO_FIELD,Field_2,0.98,MOVING_TO_FIELD,Field_1,0.93,MOVING_TO_FIELD,Field_3,0.99,CHARGING,Charger_1,0.86,PROTECTING,Field_3,0.95,CHARGING,Charger_1,0.93,MOVING_TO_FIELD,Field_2,0.89,PROTECTING,Field_3,0.93,MOVING_TO_FIELD,Field_2,0.89,PROTECTING,Field_1,0.98,MOVING_TO_FIELD,Field_2,0.91,PROTECTING,Field_1,106,0.25,2,90,0.20,0,149,0.18,2
207,349,1,1,4,0,6,0,0.98,MOVING_TO_FIELD,Field_2,0.97,MOVING_TO_FIELD,Field_1,0.92,MOVING_TO_FIELD,Field_3,1.00,IDLE,,0.85,PROTECTING,Field_3,0.96,CHARGING,Charger_1,0.92,MOVING_TO_FIELD,Field_2,0.88,PROTECTING,Field_3,0.92,MOVING_TO_FIELD,Field_2,0.88,PROTECTING,Field_1,0.97,MOVING_TO_FIELD,Field_2,0.90,PROTECTING,Field_1,108,0.26,2,92,0.20,0,149,0.18,2
208,350,0,1,5,0,6,0,0.97,MOVING_TO_FIELD,Field_2,0.96,MOVING_TO_FIELD,Field_1,0.91,MOVING_TO_FIELD,Field_3,0.99,MOVING_TO_FIELD,Field_2,0.85,PROTECTING,Field_3,0.97,CHARGING,Charger_1,0.91,MOVING_TO_FIELD,Field_2,0.87,PROTECTING,Field_3,0.91,PROTECTING,Field_2,0.87,PROTECTING,Field_1,0.96,MOVING_TO_FIELD,Field_2,0.90,PROTECTING,Field_1,109,0.25,2,92,0.20,1,149,0.21,2
209,350,0,1,6,0,5,0,0.96,MOVING_TO_FIELD,Field_2,0.95,MOVING_TO_FIELD,Field_1,0.90,MOVING_TO_FIELD,Field_3,0.98,MOVING_TO_FIELD,Field_2,0.84,PROTECTING,Field_3,0.98,CHARGING,Charger_1,0.90,PROTECTING,Field_2,0.86,PROTECTING,Field_3,0.90,PROTECTING,Field_2,0.86,PROTECTING,Field_1,0.95,MOVING_TO_FIELD,Field_2,0.89,PROTECTING,Field_1,109,0.26,2,92,0.21,2,149,0.21,2
210,352,0,1,6,0,5,0,0.95,MOVING_TO_FIELD,Field_2,0.94,MOVING_TO_FIELD,Field_1,0.89,MOVING_TO_FIELD,Field_3,0.97,MOVING_TO_FIELD,Field_2,0.83,PROTECTING,Field_3,0.99,CHARGING,Charger_1,0.89,PROTECTING,Field_2,0.86,PROTECTING,Field_3,0.89,PROTECTING,Field_2,0.86,PROTECTING,Field_1,0.94,MOVING_TO_FIELD,Field_2,0.88,PROTECTING,Field_1,109,0.27,2,94,0.21,2,149,0.21,2
211,353,0,1,8,0,3,0,0.94,MOVING_TO_FIELD,Field_2,0.93,PROTECTING,Field_1,0.88,PROTECTING,Field_3,0.96,MOVING_TO_FIELD,Field_2,0.83,PROTECTING,Field_3,1.00,CHARGING,Charger_1,0.89,PROTECTING,Field_2,0.85,PROTECTING,Field_3,0.89,PROTECTING,Field_2,0.85,PROTECTING,Field_1,0.93,MOVING_TO_FIELD,Field_2,0.88,PROTECTING,Field_1,110,0.27,3,94,0.21,2,149,0.24,3
212,357,1,0,8,0,3,0,0.93,MOVING_TO_FIELD,Field_2,0.92,PROTECTING,Field_1,0.88,PROTECTING,Field_3,0.95,MOVING_TO_FIELD,Field_2,0.82,PROTECTING,Field_3,1.01,IDLE,,0.88,PROTECTING,Field_2,0.84,PROTECTING,Field_3,0.88,PROTECTING,Field_2,0.84,PROTECTING,Field_1,0.92,MOVING_TO_FIELD,Field_2,0.87,PROTECTING,Field_1,112,0.28,3,96,0.21,2,149,0.25,3
213,357,0,0,8,0,4,0,0.92,MOVING_TO_FIELD,Field_2,0.91,PROTECTING,Field_1,0.87,PROTECTING,Field_3,0.94,MOVING_TO_FIELD,Field_2,0.81,PROTECTING,Field_3,1.00,MOVING_TO_FIELD,Field_3,0.87,PROTECTING,Field_2,0.84,PROTECTING,Field_3,0.87,PROTECTING,Field_2,0.84,PROTECTING,Field_1,0.91,MOVING_TO_FIELD,Field_2,0.86,PROTECTING,Field_1,112,0.29,3,96,0.21,2,149,0.25,3
214,360,0,0,9,0,3,0,0.91,MOVING_TO_FIELD,Field_2,0.91,PROTECTING,Field_1,0.86,PROTECTING,Field_3,0.93,MOVING_TO_FIELD,Field_2,0.81,PROTECTING,Field_3,0.99,MOVING_TO_FIELD,Field_3,0.86,PROTECTING,Field_2,0.83,PROTECTING,Field_3,0.87,PROTECTING,Field_2,0.83,PROTECTING,Field_1,0.90,PROTECTING,Field_2,0.85,PROTECTING,Field_1,114,0.28,3,97,0.21,3,149,0.25,3
215,363,0,0,9,0,3,0,0.90,MOVING_TO_FIELD,Field_2,0.90,PROTECTING,Field_1,0.86,PROTECTING,Field_3,0.92,MOVING_TO_FIELD,Field_2,0.80,PROTECTING,Field_3,0.98,MOVING_TO_FIELD,Field_3,0.86,PROTECTING,Field_2,0.82,PROTECTING,Field_3,0.86,PROTECTING,Field_2,0.82,PROTECTING,Field_1,0.89,PROTECTING,Field_2,0.85,PROTECTING,Field_1,117,0.28,3,97,0.22,3,149,0.24,3
216,365,0,0,9,0,3,0,0.89,MOVING_TO_FIELD,Field_2,0.89,PROTECTING,Field_1,0.85,PROTECTING,Field_3,0.91,MOVING_TO_FIELD,Field_2,0.79,PROTECTING,Field_3,0.97,MOVING_TO_FIELD,Field_3,0.85,PROTECTING,Field_2,0.82,PROTECTING,Field_3,0.85,PROTECTING,Field_2,0.82,PROTECTING,Field_1,0.88,PROTECTING,Field_2,0.84,PROTECTING,Field_1,118,0.28,3,98,0.22,3,149,0.24,3
217,366,0,0,9,0,3,0,0.88,MOVING_TO_FIELD,Field_2,0.89,PROTECTING,Field_1,0.84,PROTECTING,Field_3,0.90,MOVING_TO_FIELD,Field_2,0.78,PROTECTING,Field_3,0.96,MOVING_TO_FIELD,Field_3,0.84,PROTECTING,Field_2,0.81,PROTECTING,Field_3,0.85,PROTECTING,Field_2,0.81,PROTECTING,Field_1,0.87,PROTECTING,Field_2,0.83,PROTECTING,Field_1,119,0.28,3,98,0.23,3,149,0.23,3
218,367,0,0,10,0,2,0,0.87,PROTECTING,Field_2,0.88,PROTECTING,Field_1,0.84,PROTECTING,Field_3,0.89,MOVING_TO_FIELD,Field_2,0.78,PROTECTING,Field_3,0.95,MOVING_TO_FIELD,Field_3,0.84,PROTECTING,Field_2,0.80,PROTECTING,Field_3,0.84,PROTECTING,Field_2,0.80,PROTECTING,Field_1,0.87,PROTECTING,Field_2,0.83,PROTECTING,Field_1,120,0.28,3,98,0.23,4,149,0.22,3
219,368,0,0,10,0,2,0,0.86,PROTECTING,Field_2,0.87,PROTECTING,Field_1,0.83,PROTECTING,Field_3,0.88,MOVING_TO_FIELD,Field_2,0.77,PROTECTING,Field_3,0.94,MOVING_TO_FIELD,Field_3,0.83,PROTECTING,Field_2,0.79,PROTECTING,Field_3,0.83,PROTECTING,Field_2,0.79,PROTECTING,Field_1,0.86,PROTECTING,Field_2,0.82,PROTECTING,Field_1,121,0.29,3,98,0.23,4,149,0.21,3
220,369,0,0,10,0,2,0,0.85,PROTECTING,Field_2,0.87,PROTECTING,Field_1,0.82,PROTECTING,Field_3,0.87,MOVING_TO_FIELD,Field_2,0.76,PROTECTING,Field_3,0.93,MOVING_TO_FIELD,Field_3,0.82,PROTECTING,Field_2,0.79,PROTECTING,Field_3,0.82,PROTECTING,Field_2,0.79,PROTECTING,Field_1,0.85,PROTECTING,Field_2,0.81,PROTECTING,Field_1,122,0.29,3,98,0.23,4,149,0.20,3
221,370,0,0,11,0,1,0,0.85,PROTECTING,Field_2,0.86,PROTECTING,Field_1,0.81,PROTECTING,Field_3,0.86,PROTECTING,Field_2,0.76,PROTECTING,Field_3,0.92,MOVING_TO_FIELD,Field_3,0.82,PROTECTING,Field_2,0.78,PROTECTING,Field_3,0.82,PROTECTING,Field_2,0.78,PROTECTING,Field_1,0.85,PROTECTING,Field_2,0.81,PROTECTING,Field_1,123,0.31,3,98,0.24,5,149,0.17,3
222,372,0,0,12,0,0,0,0.84,PROTECTING,Field_2,0.85,PROTECTING,Field_1,0.81,PROTECTING,Field_3,0.86,PROTECTING,Field_2,0.75,PROTECTING,Field_3,0.91,PROTECTING,Field_3,0.81,PROTECTING,Field_2,0.77,PROTECTING,Field_3,0.81,PROTECTING,Field_2,0.77,PROTECTING,Field_1,0.84,PROTECTING,Field_2,0.80,PROTECTING,Field_1,124,0.31,3,99,0.25,5,149,0.16,4
223,376,0,0,12,0,0,0,0.83,PROTECTING,Field_2,0.84,PROTECTING,Field_1,0.80,PROTECTING,Field_3,0.85,PROTECTING,Field_2,0.74,PROTECTING,Field_3,0.90,PROTECTING,Field_3,0.80,PROTECTING,Field_2,0.77,PROTECTING,Field_3,0.80,PROTECTING,Field_2,0.77,PROTECTING,Field_1,0.83,PROTECTING,Field_2,0.79,PROTECTING,Field_1,125,0.31,3,102,0.25,5,149,0.14,4
224,379,0,0,12,0,0,0,0.82,PROTECTING,Field_2,0.84,PROTECTING,Field_1,0.79,PROTECTING,Field_3,0.84,PROTECTING,Field_2,0.74,PROTECTING,Field_3,0.89,PROTECTING,Field_3,0.79,PROTECTING,Field_2,0.76,PROTECTING,Field_3,0.80,PROTECTING,Field_2,0.76,PROTECTING,Field_1,0.83,PROTECTING,Field_2,0.78,PROTECTING,Field_1,127,0.30,3,103,0.25,5,149,0.14,4
225,379,0,0,12,0,0,0,0.82,PROTECTING,Field_2,0.83,PROTECTING,Field_1,0.79,PROTECTING,Field_3,0.84,PROTECTING,Field_2,0.73,PROTECTING,Field_3,0.89,PROTECTING,Field_3,0.79,PROTECTING,Field_2,0.75,PROTECTING,Field_3,0.79,PROTECTING,Field_2,0.75,PROTECTING,Field_1,0.82,PROTECTING,Field_2,0.78,PROTECTING,Field_1,127,0.30,3,103,0.27,5,149,0.13,4
226,381,0,0,12,0,0,0,0.81,PROTECTING,Field_2,0.82,PROTECTING,Field_1,0.78,PROTECTING,Field_3,0.83,PROTECTING,Field_2,0.72,PROTECTING,Field_3,0.88,PROTECTING,Field_3,0.78,PROTECTING,Field_2,0.75,PROTECTING,Field_3,0.78,PROTECTING,Field_2,0.75,PROTECTING,Field_1,0.81,PROTECTING,Field_2,0.77,PROTECTING,Field_1,128,0.31,3,104,0.28,5,149,0.14,4
227,382,0,0,12,0,0,0,0.80,PROTECTING,Field_2,0.82,PROTECTING,Field_1,0.77,PROTECTING,Field_3,0.82,PROTECTING,Field_2,0.71,PROTECTING,Field_3,0.87,PROTECTING,Field_3,0.77,PROTECTING,Field_2,0.74,PROTECTING,Field_3,0.78,PROTECTING,Field_2,0.74,PROTECTING,Field_1,0.80,PROTECTING,Field_2,0.76,PROTECTING,Field_1,128,0.30,3,105,0.28,5,149,0.13,4
228,386,0,0,12,0,0,0,0.80,PROTECTING,Field_2,0.81,PROTECTING,Field_1,0.77,PROTECTING,Field_3,0.82,PROTECTING,Field_2,0.71,PROTECTING,Field_3,0.87,PROTECTING,Field_3,0.77,PROTECTING,Field_2,0.73,PROTECTING,Field_3,0.77,PROTECTING,Field_2,0.73,PROTECTING,Field_1,0.80,PROTECTING,Field_2,0.76,PROTECTING,Field_1,130,0.30,3,107,0.28,5,149,0.13,4
229,387,0,0,12,0,0,0,0.79,PROTECTING,Field_2,0.80,PROTECTING,Field_1,0.76,PROTECTING,Field_3,0.81,PROTECTING,Field_2,0.70,PROTECTING,Field_3,0.86,PROTECTING,Field_3,0.76,PROTECTING,Field_2,0.72,PROTECTING,Field_3,0.76,PROTECTING,Field_2,0.72,PROTECTING,Field_1,0.79,PROTECTING,Field_2,0.75,PROTECTING,Field_1,131,0.30,3,107,0.28,5,149,0.12,4
230,389,0,0,12,0,0,0,0.78,PROTECTING,Field_2,0.80,PROTECTING,Field_1,0.75,PROTECTING,Field_3,0.80,PROTECTING,Field_2,0.69,PROTECTING,Field_3,0.85,PROTECTING,Field_3,0.75,PROTECTING,Field_2,0.72,PROTECTING,Field_3,0.75,PROTECTING,Field_2,0.72,PROTECTING,Field_1,0.78,PROTECTING,Field_2,0.74,PROTECTING,Field_1,133,0.30,3,107,0.28,5,149,0.10,4
231,389,0,0,12,0,0,0,0.78,PROTECTING,Field_2,0.79,PROTECTING,Field_1,0.74,PROTECTING,Field_3,0.79,PROTECTING,Field_2,0.69,PROTECTING,Field_3,0.84,PROTECTING,Field_3,0.75,PROTECTING,Field_2,0.71,PROTECTING,Field_3,0.75,PROTECTING,Field_2,0.71,PROTECTING,Field_1,0.78,PROTECTING,Field_2,0.74,PROTECTING,Field_1,133,0.31,3,107,0.28,5,149,0.10,4
232,390,0,0,12,0,0,0,0.77,PROTECTING,Field_2,0.78,PROTECTING,Field_1,0.74,PROTECTING,Field_3,0.79,PROTECTING,Field_2,0.68,PROTECTING,Field_3,0.84,PROTECTING,Field_3,0.74,PROTECTING,Field_2,0.70,PROTECTING,Field_3,0.74,PROTECTING,Field_2,0.70,PROTECTING,Field_1,0.77,PROTECTING,Field_2,0.73,PROTECTING,Field_1,134,0.31,3,107,0.29,5,149,0.11,4
233,392,0,0,12,0,0,0,0.76,PROTECTING,Field_2,0.77,PROTECTING,Field_1,0.73,PROTECTING,Field_3,0.78,PROTECTING,Field_2,0.67,PROTECTING,Field_3,0.83,PROTECTING,Field_3,0.73,PROTECTING,Field_2,0.70,PROTECTING,Field_3,0.73,PROTECTING,Field_2,0.70,PROTECTING,Field_1,0.76,PROTECTING,Field_2,0.72,PROTECTING,Field_1,135,0.32,3,108,0.29,5,149,0.11,4
234,395,0,0,12,0,0,0,0.75,PROTECTING,Field_2,0.77,PROTECTING,Field_1,0.72,PROTECTING,Field_3,0.77,PROTECTING,Field_2,0.67,PROTECTING,Field_3,0.82,PROTECTING,Field_3,0.72,PROTECTING,Field_2,0.69,PROTECTING,Field_3,0.73,PROTECTING,Field_2,0.69,PROTECTING,Field_1,0.76,PROTECTING,Field_2,0.71,PROTECTING,Field_1,136,0.30,3,110,0.29,5,149,0.11,4
235,397,0,0,12,0,0,0,0.75,PROTECTING,Field_2,0.76,PROTECTING,Field_1,0.72,PROTECTING,Field_3,0.77,PROTECTING,Field_2,0.66,PROTECTING,Field_3,0.82,PROTECTING,Field_3,0.72,PROTECTING,Field_2,0.68,PROTECTING,Field_3,0.72,PROTECTING,Field_2,0.68,PROTECTING,Field_1,0.75,PROTECTING,Field_2,0.71,PROTECTING,Field_1,136,0.28,3,112,0.29,5,149,0.11,4
236,400,0,0,12,0,0,0,0.74,PROTECTING,Field_2,0.75,PROTECTING,Field_1,0.71,PROTECTING,Field_3,0.76,PROTECTING,Field_2,0.65,PROTECTING,Field_3,0.81,PROTECTING,Field_3,0.71,PROTECTING,Field_2,0.68,PROTECTING,Field_3,0.71,PROTECTING,Field_2,0.68,PROTECTING,Field_1,0.74,PROTECTING,Field_2,0.70,PROTECTING,Field_1,136,0.30,3,115,0.28,5,149,0.10,4
237,402,0,0,12,0,0,0,0.73,PROTECTING,Field_2,0.75,PROTECTING,Field_1,0.70,PROTECTING,Field_3,0.75,PROTECTING,Field_2,0.64,PROTECTING,Field_3,0.80,PROTECTING,Field_3,0.70,PROTECTING,Field_2,0.67,PROTECTING,Field_3,0.71,PROTECTING,Field_2,0.67,PROTECTING,Field_1,0.73,PROTECTING,Field_2,0.69,PROTECTING,Field_1,136,0.31,3,117,0.30,5,149,0.09,4
238,405,0,0,12,0,0,0,0.73,PROTECTING,Field_2,0.74,PROTECTING,Field_1,0.70,PROTECTING,Field_3,0.75,PROTECTING,Field_2,0.64,PROTECTING,Field_3,0.80,PROTECTING,Field_3,0.70,PROTECTING,Field_2,0.66,PROTECTING,Field_3,0.70,PROTECTING,Field_2,0.66,PROTECTING,Field_1,0.73,PROTECTING,Field_2,0.69,PROTECTING,Field_1,139,0.31,3,117,0.27,5,149,0.10,4
239,406,0,0,12,0,0,0,0.72,PROTECTING,Field_2,0.73,PROTECTING,Field_1,0.69,PROTECTING,Field_3,0.74,PROTECTING,Field_2,0.63,PROTECTING,Field_3,0.79,PROTECTING,Field_3,0.69,PROTECTING,Field_2,0.65,PROTECTING,Field_3,0.69,PROTECTING,Field_2,0.65,PROTECTING,Field_1,0.72,PROTECTING,Field_2,0.68,PROTECTING,Field_1,139,0.32,3,118,0.27,5,149,0.09,4
240,408,0,0,12,0,0,0,0.71,PROTECTING,Field_2,0.73,PROTECTING,Field_1,0.68,PROTECTING,Field_3,0.73,PROTECTING,Field_2,0.62,PROTECTING,Field_3,0.78,PROTECTING,Field_3,0.68,PROTECTING,Field_2,0.65,PROTECTING,Field_3,0.68,PROTECTING,Field_2,0.65,PROTECTING,Field_1,0.71,PROTECTING,Field_2,0.67,PROTECTING,Field_1,140,0.32,3,119,0.27,5,149,0.08,4
241,409,0,0,12,0,0,0,0.71,PROTECTING,Field_2,0.72,PROTECTING,Field_1,0.67,PROTECTING,Field_3,0.72,PROTECTING,Field_2,0.62,PROTECTING,Field_3,0.77,PROTECTING,Field_3,0.68,PROTECTING,Field_2,0.64,PROTECTING,Field_3,0.68,PROTECTING,Field_2,0.64,PROTECTING,Field_1,0.71,PROTECTING,Field_2,0.67,PROTECTING,Field_1,140,0.32,3,120,0.26,5,149,0.07,4
242,412,0,0,12,0,0,0,0.70,PROTECTING,Field_2,0.71,PROTECTING,Field_1,0.67,PROTECTING,Field_3,0.72,PROTECTING,Field_2,0.61,PROTECTING,Field_3,0.77,PROTECTING,Field_3,0.67,PROTECTING,Field_2,0.63,PROTECTING,Field_3,0.67,PROTECTING,Field_2,0.63,PROTECTING,Field_1,0.70,PROTECTING,Field_2,0.66,PROTECTING,Field_1,140,0.31,3,123,0.26,5,149,0.05,4
243,415,0,0,12,0,0,0,0.69,PROTECTING,Field_2,0.70,PROTECTING,Field_1,0.66,PROTECTING,Field_3,0.71,PROTECTING,Field_2,0.60,PROTECTING,Field_3,0.76,PROTECTING,Field_3,0.66,PROTECTING,Field_2,0.63,PROTECTING,Field_3,0.66,PROTECTING,Field_2,0.63,PROTECTING,Field_1,0.69,PROTECTING,Field_2,0.65,PROTECTING,Field_1,141,0.30,3,125,0.25,5,149,0.06,4
244,416,0,0,12,0,0,0,0.68,PROTECTING,Field_2,0.70,PROTECTING,Field_1,0.65,PROTECTING,Field_3,0.70,PROTECTING,Field_2,0.60,PROTECTING,Field_3,0.75,PROTECTING,Field_3,0.65,PROTECTING,Field_2,0.62,PROTECTING,Field_3,0.66,PROTECTING,Field_2,0.62,PROTECTING,Field_1,0.69,PROTECTING,Field_2,0.64,PROTECTING,Field_1,141,0.28,3,126,0.26,5,149,0.05,4
245,419,0,0,12,0,0,0,0.68,PROTECTING,Field_2,0.69,PROTECTING,Field_1,0.65,PROTECTING,Field_3,0.70,PROTECTING,Field_2,0.59,PROTECTING,Field_3,0.75,PROTECTING,Field_3,0.65,PROTECTING,Field_2,0.61,PROTECTING,Field_3,0.65,PROTECTING,Field_2,0.61,PROTECTING,Field_1,0.68,PROTECTING,Field_2,0.64,PROTECTING,Field_1,142,0.27,3,128,0.26,5,149,0.05,4
246,419,0,0,12,0,0,0,0.67,PROTECTING,Field_2,0.68,PROTECTING,Field_1,0.64,PROTECTING,Field_3,0.69,PROTECTING,Field_2,0.58,PROTECTING,Field_3,0.74,PROTECTING,Field_3,0.64,PROTECTING,Field_2,0.61,PROTECTING,Field_3,0.64,PROTECTING,Field_2,0.61,PROTECTING,Field_1,0.67,PROTECTING,Field_2,0.63,PROTECTING,Field_1,142,0.25,3,128,0.28,5,149,0.04,4
247,421,0,0,12,0,0,0,0.66,PROTECTING,Field_2,0.68,PROTECTING,Field_1,0.63,PROTECTING,Field_3,0.68,PROTECTING,Field_2,0.57,PROTECTING,Field_3,0.73,PROTECTING,Field_3,0.63,PROTECTING,Field_2,0.60,PROTECTING,Field_3,0.64,PROTECTING,Field_2,0.60,PROTECTING,Field_1,0.66,PROTECTING,Field_2,0.62,PROTECTING,Field_1,142,0.24,3,130,0.29,5,149,0.04,4
248,421,0,0,12,0,0,0,0.66,PROTECTING,Field_2,0.67,PROTECTING,Field_1,0.63,PROTECTING,Field_3,0.68,PROTECTING,Field_2,0.57,PROTECTING,Field_3,0.73,PROTECTING,Field_3,0.63,PROTECTING,Field_2,0.59,PROTECTING,Field_3,0.63,PROTECTING,Field_2,0.59,PROTECTING,Field_1,0.66,PROTECTING,Field_2,0.62,PROTECTING,Field_1,142,0.24,3,130,0.29,5,149,0.03,4
249,422,0,0,12,0,0,0,0.65,PROTECTING,Field_2,0.66,PROTECTING,Field_1,0.62,PROTECTING,Field_3,0.67,PROTECTING,Field_2,0.56,PROTECTING,Field_3,0.72,PROTECTING,Field_3,0.62,PROTECTING,Field_2,0.58,PROTECTING,Field_3,0.62,PROTECTING,Field_2,0.58,PROTECTING,Field_1,0.65,PROTECTING,Field_2,0.61,PROTECTING,Field_1,142,0.24,3,131,0.29,5,149,0.03,4
250,422,0,0,12,0,0,0,0.64,PROTECTING,Field_2,0.66,PROTECTING,Field_1,0.61,PROTECTING,Field_3,0.66,PROTECTING,Field_2,0.55,PROTECTING,Field_3,0.71,PROTECTING,Field_3,0.61,PROTECTING,Field_2,0.58,PROTECTING,Field_3,0.61,PROTECTING,Field_2,0.58,PROTECTING,Field_1,0.64,PROTECTING,Field_2,0.60,PROTECTING,Field_1,142,0.22,3,131,0.30,5,149,0.04,4
251,422,0,0,12,0,0,0,0.64,PROTECTING,Field_2,0.65,PROTECTING,Field_1,0.60,PROTECTING,Field_3,0.65,PROTECTING,Field_2,0.55,PROTECTING,Field_3,0.70,PROTECTING,Field_3,0.61,PROTECTING,Field_2,0.57,PROTECTING,Field_3,0.61,PROTECTING,Field_2,0.57,PROTECTING,Field_1,0.64,PROTECTING,Field_2,0.60,PROTECTING,Field_1,142,0.22,3,131,0.30,5,149,0.04,4
252,422,0,0,12,0,0,0,0.63,PROTECTING,Field_2,0.64,PROTECTING,Field_1,0.60,PROTECTING,Field_3,0.65,PROTECTING,Field_2,0.54,PROTECTING,Field_3,0.70,PROTECTING,Field_3,0.60,PROTECTING,Field_2,0.56,PROTECTING,Field_3,0.60,PROTECTING,Field_2,0.56,PROTECTING,Field_1,0.63,PROTECTING,Field_2,0.59,PROTECTING,Field_1,142,0.20,3,131,0.30,5,149,0.04,4
253,425,0,0,12,0,0,0,0.62,PROTECTING,Field_2,0.63,PROTECTING,Field_1,0.59,PROTECTING,Field_3,0.64,PROTECTING,Field_2,0.53,PROTECTING,Field_3,0.69,PROTECTING,Field_3,0.59,PROTECTING,Field_2,0.56,PROTECTING,Field_3,0.59,PROTECTING,Field_2,0.56,PROTECTING,Field_1,0.62,PROTECTING,Field_2,0.58,PROTECTING,Field_1,142,0.20,3,134,0.29,5,149,0.03,4
254,426,0,0,12,0,0,0,0.61,PROTECTING,Field_2,0.63,PROTECTING,Field_1,0.58,PROTECTING,Field_3,0.63,PROTECTING,Field_2,0.53,PROTECTING,Field_3,0.68,PROTECTING,Field_3,0.58,PROTECTING,Field_2,0.55,PROTECTING,Field_3,0.59,PROTECTING,Field_2,0.55,PROTECTING,Field_1,0.62,PROTECTING,Field_2,0.57,PROTECTING,Field_1,142,0.17,3,135,0.30,5,149,0.03,4
255,426,0,0,12,0,0,0,0.61,PROTECTING,Field_2,0.62,PROTECTING,Field_1,0.58,PROTECTING,Field_3,0.63,PROTECTING,Field_2,0.52,PROTECTING,Field_3,0.68,PROTECTING,Field_3,0.58,PROTECTING,Field_2,0.54,PROTECTING,Field_3,0.58,PROTECTING,Field_2,0.54,PROTECTING,Field_1,0.61,PROTECTING,Field_2,0.57,PROTECTING,Field_1,142,0.17,3,135,0.31,5,149,0.03,4
256,427,0,0,12,0,0,0,0.60,PROTECTING,Field_2,0.61,PROTECTING,Field_1,0.57,PROTECTING,Field_3,0.62,PROTECTING,Field_2,0.51,PROTECTING,Field_3,0.67,PROTECTING,Field_3,0.57,PROTECTING,Field_2,0.54,PROTECTING,Field_3,0.57,PROTECTING,Field_2,0.54,PROTECTING,Field_1,0.60,PROTECTING,Field_2,0.56,PROTECTING,Field_1,142,0.14,3,136,0.31,5,149,0.03,4
257,427,0,0,12,0,0,0,0.59,PROTECTING,Field_2,0.61,PROTECTING,Field_1,0.56,PROTECTING,Field_3,0.61,PROTECTING,Field_2,0.50,PROTECTING,Field_3,0.66,PROTECTING,Field_3,0.56,PROTECTING,Field_2,0.53,PROTECTING,Field_3,0.57,PROTECTING,Field_2,0.53,PROTECTING,Field_1,0.59,PROTECTING,Field_2,0.55,PROTECTING,Field_1,142,0.12,3,136,0.31,5,149,0.01,4
258,428,0,0,12,0,0,0,0.59,PROTECTING,Field_2,0.60,PROTECTING,Field_1,0.56,PROTECTING,Field_3,0.61,PROTECTING,Field_2,0.50,PROTECTING,Field_3,0.66,PROTECTING,Field_3,0.56,PROTECTING,Field_2,0.52,PROTECTING,Field_3,0.56,PROTECTING,Field_2,0.52,PROTECTING,Field_1,0.59,PROTECTING,Field_2,0.55,PROTECTING,Field_1,142,0.11,3,137,0.31,5,149,0.01,4
259,429,0,0,12,0,0,0,0.58,PROTECTING,Field_2,0.59,PROTECTING,Field_1,0.55,PROTECTING,Field_3,0.60,PROTECTING,Field_2,0.49,PROTECTING,Field_3,0.65,PROTECTING,Field_3,0.55,PROTECTING,Field_2,0.51,PROTECTING,Field_3,0.55,PROTECTING,Field_2,0.51,PROTECTING,Field_1,0.58,PROTECTING,Field_2,0.54,PROTECTING,Field_1,142,0.13,3,138,0.31,5,149,0.00,4
260,429,0,0,12,0,0,0,0.57,PROTECTING,Field_2,0.59,PROTECTING,Field_1,0.54,PROTECTING,Field_3,0.59,PROTECTING,Field_2,0.48,PROTECTING,Field_3,0.64,PROTECTING,Field_3,0.54,PROTECTING,Field_2,0.51,PROTECTING,Field_3,0.54,PROTECTING,Field_2,0.51,PROTECTING,Field_1,0.57,PROTECTING,Field_2,0.53,PROTECTING,Field_1,142,0.13,3,138,0.32,5,149,0.00,4
261,429,0,0,12,0,0,0,0.57,PROTECTING,Field_2,0.58,PROTECTING,Field_1,0.53,PROTECTING,Field_3,0.58,PROTECTING,Field_2,0.48,PROTECTING,Field_3,0.63,PROTECTING,Field_3,0.54,PROTECTING,Field_2,0.50,PROTECTING,Field_3,0.54,PROTECTING,Field_2,0.50,PROTECTING,Field_1,0.57,PROTECTING,Field_2,0.53,PROTECTING,Field_1,142,0.13,3,138,0.32,5,149,0.00,4
262,429,0,0,12,0,0,0,0.56,PROTECTING,Field_2,0.57,PROTECTING,Field_1,0.53,PROTECTING,Field_3,0.58,PROTECTING,Field_2,0.47,PROTECTING,Field_3,0.63,PROTECTING,Field_3,0.53,PROTECTING,Field_2,0.49,PROTECTING,Field_3,0.53,PROTECTING,Field_2,0.49,PROTECTING,Field_1,0.56,PROTECTING,Field_2,0.52,PROTECTING,Field_1,142,0.13,3,138,0.32,5,149,0.00,4
263,429,0,0,12,0,0,0,0.55,PROTECTING,Field_2,0.56,PROTECTING,Field_1,0.52,PROTECTING,Field_3,0.57,PROTECTING,Field_2,0.46,PROTECTING,Field_3,0.62,PROTECTING,Field_3,0.52,PROTECTING,Field_2,0.49,PROTECTING,Field_3,0.52,PROTECTING,Field_2,0.49,PROTECTING,Field_1,0.55,PROTECTING,Field_2,0.51,PROTECTING,Field_1,142,0.12,3,138,0.31,5,149,0.00,4
264,429,0,0,12,0,0,0,0.54,PROTECTING,Field_2,0.56,PROTECTING,Field_1,0.51,PROTECTING,Field_3,0.56,PROTECTING,Field_2,0.46,PROTECTING,Field_3,0.61,PROTECTING,Field_3,0.51,PROTECTING,Field_2,0.48,PROTECTING,Field_3,0.52,PROTECTING,Field_2,0.48,PROTECTING,Field_1,0.55,PROTECTING,Field_2,0.50,PROTECTING,Field_1,142,0.11,3,138,0.28,5,149,0.02,4
265,429,0,0,12,0,0,0,0.54,PROTECTING,Field_2,0.55,PROTECTING,Field_1,0.51,PROTECTING,Field_3,0.56,PROTECTING,Field_2,0.45,PROTECTING,Field_3,0.61,PROTECTING,Field_3,0.51,PROTECTING,Field_2,0.47,PROTECTING,Field_3,0.51,PROTECTING,Field_2,0.47,PROTECTING,Field_1,0.54,PROTECTING,Field_2,0.50,PROTECTING,Field_1,142,0.10,3,138,0.27,5,149,0.02,4
266,429,0,0,12,0,0,0,0.53,PROTECTING,Field_2,0.54,PROTECTING,Field_1,0.50,PROTECTING,Field_3,0.55,PROTECTING,Field_2,0.44,PROTECTING,Field_3,0.60,PROTECTING,Field_3,0.50,PROTECTING,Field_2,0.47,PROTECTING,Field_3,0.50,PROTECTING,Field_2,0.47,PROTECTING,Field_1,0.53,PROTECTING,Field_2,0.49,PROTECTING,Field_1,142,0.09,3,138,0.27,5,149,0.01,4
267,429,0,0,12,0,0,0,0.52,PROTECTING,Field_2,0.54,PROTECTING,Field_1,0.49,PROTECTING,Field_3,0.54,PROTECTING,Field_2,0.43,PROTECTING,Field_3,0.59,PROTECTING,Field_3,0.49,PROTECTING,Field_2,0.46,PROTECTING,Field_3,0.50,PROTECTING,Field_2,0.46,PROTECTING,Field_1,0.52,PROTECTING,Field_2,0.48,PROTECTING,Field_1,142,0.09,3,138,0.25,5,149,0.01,4
268,429,0,0,12,0,0,0,0.52,PROTECTING,Field_2,0.53,PROTECTING,Field_1,0.49,PROTECTING,Field_3,0.54,PROTECTING,Field_2,0.43,PROTECTING,Field_3,0.59,PROTECTING,Field_3,0.49,PROTECTING,Field_2,0.45,PROTECTING,Field_3,0.49,PROTECTING,Field_2,0.45,PROTECTING,Field_1,0.52,PROTECTING,Field_2,0.48,PROTECTING,Field_1,142,0.08,3,138,0.25,5,149,0.03,4
269,429,0,0,12,0,0,0,0.51,PROTECTING,Field_2,0.52,PROTECTING,Field_1,0.48,PROTECTING,Field_3,0.53,PROTECTING,Field_2,0.42,PROTECTING,Field_3,0.58,PROTECTING,Field_3,0.48,PROTECTING,Field_2,0.44,PROTECTING,Field_3,0.48,PROTECTING,Field_2,0.44,PROTECTING,Field_1,0.51,PROTECTING,Field_2,0.47,PROTECTING,Field_1,142,0.07,3,138,0.25,5,149,0.03,4
270,429,0,0,12,0,0,0,0.50,PROTECTING,Field_2,0.52,PROTECTING,Field_1,0.47,PROTECTING,Field_3,0.52,PROTECTING,Field_2,0.41,PROTECTING,Field_3,0.57,PROTECTING,Field_3,0.47,PROTECTING,Field_2,0.44,PROTECTING,Field_3,0.47,PROTECTING,Field_2,0.44,PROTECTING,Field_1,0.50,PROTECTING,Field_2,0.46,PROTECTING,Field_1,142,0.07,3,138,0.22,5,149,0.03,4
271,429,0,0,12,0,0,0,0.50,PROTECTING,Field_2,0.51,PROTECTING,Field_1,0.46,PROTECTING,Field_3,0.51,PROTECTING,Field_2,0.41,PROTECTING,Field_3,0.56,PROTECTING,Field_3,0.47,PROTECTING,Field_2,0.43,PROTECTING,Field_3,0.47,PROTECTING,Field_2,0.43,PROTECTING,Field_1,0.50,PROTECTING,Field_2,0.46,PROTECTING,Field_1,142,0.06,3,138,0.22,5,149,0.04,4
272,429,0,0,12,0,0,0,0.49,PROTECTING,Field_2,0.50,PROTECTING,Field_1,0.46,PROTECTING,Field_3,0.51,PROTECTING,Field_2,0.40,PROTECTING,Field_3,0.56,PROTECTING,Field_3,0.46,PROTECTING,Field_2,0.42,PROTECTING,Field_3,0.46,PROTECTING,Field_2,0.42,PROTECTING,Field_1,0.49,PROTECTING,Field_2,0.45,PROTECTING,Field_1,142,0.06,3,138,0.22,5,149,0.03,4
273,429,0,0,12,0,0,0,0.48,PROTECTING,Field_2,0.49,PROTECTING,Field_1,0.45,PROTECTING,Field_3,0.50,PROTECTING,Field_2,0.39,PROTECTING,Field_3,0.55,PROTECTING,Field_3,0.45,PROTECTING,Field_2,0.42,PROTECTING,Field_3,0.45,PROTECTING,Field_2,0.42,PROTECTING,Field_1,0.48,PROTECTING,Field_2,0.44,PROTECTING,Field_1,142,0.06,3,138,0.23,5,149,0.03,4
274,429,0,0,12,0,0,0,0.47,PROTECTING,Field_2,0.49,PROTECTING,Field_1,0.44,PROTECTING,Field_3,0.49,PROTECTING,Field_2,0.39,PROTECTING,Field_3,0.54,PROTECTING,Field_3,0.44,PROTECTING,Field_2,0.41,PROTECTING,Field_3,0.45,PROTECTING,Field_2,0.41,PROTECTING,Field_1,0.48,PROTECTING,Field_2,0.43,PROTECTING,Field_1,142,0.05,3,138,0.21,5,149,0.04,4
275,429,0,0,12,0,0,0,0.47,PROTECTING,Field_2,0.48,PROTECTING,Field_1,0.44,PROTECTING,Field_3,0.49,PROTECTING,Field_2,0.38,PROTECTING,Field_3,0.54,PROTECTING,Field_3,0.44,PROTECTING,Field_2,0.40,PROTECTING,Field_3,0.44,PROTECTING,Field_2,0.40,PROTECTING,Field_1,0.47,PROTECTING,Field_2,0.43,PROTECTING,Field_1,142,0.03,3,138,0.20,5,149,0.04,4
276,429,0,0,12,0,0,0,0.46,PROTECTING,Field_2,0.47,PROTECTING,Field_1,0.43,PROTECTING,Field_3,0.48,PROTECTING,Field_2,0.37,PROTECTING,Field_3,0.53,PROTECTING,Field_3,0.43,PROTECTING,Field_2,0.40,PROTECTING,Field_3,0.43,PROTECTING,Field_2,0.40,PROTECTING,Field_1,0.46,PROTECTING,Field_2,0.42,PROTECTING,Field_1,142,0.04,3,138,0.19,5,149,0.05,4
277,430,0,0,12,0,0,0,0.45,PROTECTING,Field_2,0.47,PROTECTING,Field_1,0.42,PROTECTING,Field_3,0.47,PROTECTING,Field_2,0.36,PROTECTING,Field_3,0.52,PROTECTING,Field_3,0.42,PROTECTING,Field_2,0.39,PROTECTING,Field_3,0.43,PROTECTING,Field_2,0.39,PROTECTING,Field_1,0.45,PROTECTING,Field_2,0.41,PROTECTING,Field_1,142,0.05,3,139,0.19,5,149,0.05,4
278,430,0,0,12,0,0,0,0.45,PROTECTING,Field_2,0.46,PROTECTING,Field_1,0.42,PROTECTING,Field_3,0.47,PROTECTING,Field_2,0.36,PROTECTING,Field_3,0.52,PROTECTING,Field_3,0.42,PROTECTING,Field_2,0.38,PROTECTING,Field_3,0.42,PROTECTING,Field_2,0.38,PROTECTING,Field_1,0.45,PROTECTING,Field_2,0.41,PROTECTING,Field_1,142,0.06,3,139,0.20,5,149,0.04,4
279,430,0,0,12,0,0,0,0.44,PROTECTING,Field_2,0.45,PROTECTING,Field_1,0.41,PROTECTING,Field_3,0.46,PROTECTING,Field_2,0.35,PROTECTING,Field_3,0.51,PROTECTING,Field_3,0.41,PROTECTING,Field_2,0.37,PROTECTING,Field_3,0.41,PROTECTING,Field_2,0.37,PROTECTING,Field_1,0.44,PROTECTING,Field_2,0.40,PROTECTING,Field_1,142,0.07,3,139,0.20,5,149,0.04,4
280,430,0,0,12,0,0,0,0.43,PROTECTING,Field_2,0.45,PROTECTING,Field_1,0.40,PROTECTING,Field_3,0.45,PROTECTING,Field_2,0.34,PROTECTING,Field_3,0.50,PROTECTING,Field_3,0.40,PROTECTING,Field_2,0.37,PROTECTING,Field_3,0.40,PROTECTING,Field_2,0.37,PROTECTING,Field_1,0.43,PROTECTING,Field_2,0.39,PROTECTING,Field_1,142,0.07,3,139,0.20,5,149,0.04,4
281,430,0,0,12,0,0,0,0.43,PROTECTING,Field_2,0.44,PROTECTING,Field_1,0.39,PROTECTING,Field_3,0.44,PROTECTING,Field_2,0.34,PROTECTING,Field_3,0.49,PROTECTING,Field_3,0.40,PROTECTING,Field_2,0.36,PROTECTING,Field_3,0.40,PROTECTING,Field_2,0.36,PROTECTING,Field_1,0.43,PROTECTING,Field_2,0.39,PROTECTING,Field_1,142,0.08,3,139,0.18,5,149,0.03,4
282,430,0,0,12,0,0,0,0.42,PROTECTING,Field_2,0.43,PROTECTING,Field_1,0.39,PROTECTING,Field_3,0.44,PROTECTING,Field_2,0.33,PROTECTING,Field_3,0.49,PROTECTING,Field_3,0.39,PROTECTING,Field_2,0.35,PROTECTING,Field_3,0.39,PROTECTING,Field_2,0.35,PROTECTING,Field_1,0.42,PROTECTING,Field_2,0.38,PROTECTING,Field_1,142,0.07,3,139,0.19,5,149,0.03,4
283,430,0,0,12,0,0,0,0.41,PROTECTING,Field_2,0.42,PROTECTING,Field_1,0.38,PROTECTING,Field_3,0.43,PROTECTING,Field_2,0.32,PROTECTING,Field_3,0.48,PROTECTING,Field_3,0.38,PROTECTING,Field_2,0.35,PROTECTING,Field_3,0.38,PROTECTING,Field_2,0.35,PROTECTING,Field_1,0.41,PROTECTING,Field_2,0.37,PROTECTING,Field_1,142,0.06,3,139,0.19,5,149,0.04,4
284,430,0,0,12,0,0,0,0.40,PROTECTING,Field_2,0.42,PROTECTING,Field_1,0.37,PROTECTING,Field_3,0.42,PROTECTING,Field_2,0.32,PROTECTING,Field_3,0.47,PROTECTING,Field_3,0.37,PROTECTING,Field_2,0.34,PROTECTING,Field_3,0.38,PROTECTING,Field_2,0.34,PROTECTING,Field_1,0.41,PROTECTING,Field_2,0.36,PROTECTING,Field_1,142,0.06,3,139,0.18,5,149,0.04,4
285,430,0,0,12,0,0,0,0.40,PROTECTING,Field_2,0.41,PROTECTING,Field_1,0.37,PROTECTING,Field_3,0.42,PROTECTING,Field_2,0.31,PROTECTING,Field_3,0.47,PROTECTING,Field_3,0.37,PROTECTING,Field_2,0.33,PROTECTING,Field_3,0.37,PROTECTING,Field_2,0.33,PROTECTING,Field_1,0.40,PROTECTING,Field_2,0.36,PROTECTING,Field_1,142,0.05,3,139,0.19,5,149,0.04,4
286,431,0,0,12,0,0,0,0.39,PROTECTING,Field_2,0.40,PROTECTING,Field_1,0.36,PROTECTING,Field_3,0.41,PROTECTING,Field_2,0.30,PROTECTING,Field_3,0.46,PROTECTING,Field_3,0.36,PROTECTING,Field_2,0.33,PROTECTING,Field_3,0.36,PROTECTING,Field_2,0.33,PROTECTING,Field_1,0.39,PROTECTING,Field_2,0.35,PROTECTING,Field_1,142,0.06,3,140,0.20,5,149,0.07,4
287,431,0,0,12,0,0,0,0.38,PROTECTING,Field_2,0.40,PROTECTING,Field_1,0.35,PROTECTING,Field_3,0.40,PROTECTING,Field_2,0.29,PROTECTING,Field_3,0.45,PROTECTING,Field_3,0.35,PROTECTING,Field_2,0.32,PROTECTING,Field_3,0.36,PROTECTING,Field_2,0.32,PROTECTING,Field_1,0.38,PROTECTING,Field_2,0.34,PROTECTING,Field_1,142,0.07,3,140,0.19,5,149,0.08,4
288,431,0,0,12,0,0,0,0.38,PROTECTING,Field_2,0.39,PROTECTING,Field_1,0.35,PROTECTING,Field_3,0.40,PROTECTING,Field_2,0.29,PROTECTING,Field_3,0.45,PROTECTING,Field_3,0.35,PROTECTING,Field_2,0.31,PROTECTING,Field_3,0.35,PROTECTING,Field_2,0.31,PROTECTING,Field_1,0.38,PROTECTING,Field_2,0.34,PROTECTING,Field_1,142,0.08,3,140,0.20,5,149,0.07,4
289,431,0,0,12,0,0,0,0.37,PROTECTING,Field_2,0.38,PROTECTING,Field_1,0.34,PROTECTING,Field_3,0.39,PROTECTING,Field_2,0.28,PROTECTING,Field_3,0.44,PROTECTING,Field_3,0.34,PROTECTING,Field_2,0.30,PROTECTING,Field_3,0.34,PROTECTING,Field_2,0.30,PROTECTING,Field_1,0.37,PROTECTING,Field_2,0.33,PROTECTING,Field_1,142,0.08,3,140,0.19,5,149,0.06,4
290,431,0,0,12,0,0,0,0.36,PROTECTING,Field_2,0.38,PROTECTING,Field_1,0.33,PROTECTING,Field_3,0.38,PROTECTING,Field_2,0.27,PROTECTING,Field_3,0.43,PROTECTING,Field_3,0.33,PROTECTING,Field_2,0.30,PROTECTING,Field_3,0.33,PROTECTING,Field_2,0.30,PROTECTING,Field_1,0.36,PROTECTING,Field_2,0.32,PROTECTING,Field_1,142,0.07,3,140,0.18,5,149,0.04,4
291,431,0,0,12,0,0,0,0.36,PROTECTING,Field_2,0.37,PROTECTING,Field_1,0.32,PROTECTING,Field_3,0.37,PROTECTING,Field_2,0.27,PROTECTING,Field_3,0.42,PROTECTING,Field_3,0.33,PROTECTING,Field_2,0.29,PROTECTING,Field_3,0.33,PROTECTING,Field_2,0.29,PROTECTING,Field_1,0.36,PROTECTING,Field_2,0.32,PROTECTING,Field_1,142,0.06,3,140,0.17,5,149,0.05,4
292,431,0,0,12,0,0,0,0.35,PROTECTING,Field_2,0.36,PROTECTING,Field_1,0.32,PROTECTING,Field_3,0.37,PROTECTING,Field_2,0.26,PROTECTING,Field_3,0.42,PROTECTING,Field_3,0.32,PROTECTING,Field_2,0.28,PROTECTING,Field_3,0.32,PROTECTING,Field_2,0.28,PROTECTING,Field_1,0.35,PROTECTING,Field_2,0.31,PROTECTING,Field_1,142,0.06,3,140,0.15,5,149,0.05,4
293,431,0,0,12,0,0,0,0.34,PROTECTING,Field_2,0.35,PROTECTING,Field_1,0.31,PROTECTING,Field_3,0.36,PROTECTING,Field_2,0.25,PROTECTING,Field_3,0.41,PROTECTING,Field_3,0.31,PROTECTING,Field_2,0.28,PROTECTING,Field_3,0.31,PROTECTING,Field_2,0.28,PROTECTING,Field_1,0.34,PROTECTING,Field_2,0.30,PROTECTING,Field_1,142,0.06,3,140,0.16,5,149,0.04,4
294,431,0,0,12,0,0,0,0.33,PROTECTING,Field_2,0.35,PROTECTING,Field_1,0.30,PROTECTING,Field_3,0.35,PROTECTING,Field_2,0.25,PROTECTING,Field_3,0.40,PROTECTING,Field_3,0.30,PROTECTING,Field_2,0.27,PROTECTING,Field_3,0.31,PROTECTING,Field_2,0.27,PROTECTING,Field_1,0.34,PROTECTING,Field_2,0.29,PROTECTING,Field_1,142,0.06,3,140,0.15,5,149,0.05,4
295,431,0,0,11,1,0,0,0.33,PROTECTING,Field_2,0.34,PROTECTING,Field_1,0.30,PROTECTING,Field_3,0.35,PROTECTING,Field_2,0.24,MOVING_TO_CHARGER,Charger_1,0.40,PROTECTING,Field_3,0.30,PROTECTING,Field_2,0.26,PROTECTING,Field_3,0.30,PROTECTING,Field_2,0.26,PROTECTING,Field_1,0.33,PROTECTING,Field_2,0.29,PROTECTING,Field_1,142,0.05,3,140,0.15,5,149,0.06,3
296,431,0,0,11,1,0,0,0.32,PROTECTING,Field_2,0.33,PROTECTING,Field_1,0.29,PROTECTING,Field_3,0.34,PROTECTING,Field_2,0.23,MOVING_TO_CHARGER,Charger_1,0.39,PROTECTING,Field_3,0.29,PROTECTING,Field_2,0.26,PROTECTING,Field_3,0.29,PROTECTING,Field_2,0.26,PROTECTING,Field_1,0.32,PROTECTING,Field_2,0.28,PROTECTING,Field_1,142,0.05,3,140,0.18,5,149,0.06,3
297,431,0,0,11,1,0,0,0.31,PROTECTING,Field_2,0.33,PROTECTING,Field_1,0.28,PROTECTING,Field_3,0.33,PROTECTING,Field_2,0.22,MOVING_TO_CHARGER,Charger_1,0.38,PROTECTING,Field_3,0.28,PROTECTING,Field_2,0.25,PROTECTING,Field_3,0.29,PROTECTING,Field_2,0.25,PROTECTING,Field_1,0.31,PROTECTING,Field_2,0.27,PROTECTING,Field_1,142,0.04,3,140,0.18,5,149,0.07,3
298,431,0,0,9,3,0,0,0.31,PROTECTING,Field_2,0.32,PROTECTING,Field_1,0.28,PROTECTING,Field_3,0.33,PROTECTING,Field_2,0.21,MOVING_TO_CHARGER,Charger_1,0.38,PROTECTING,Field_3,0.28,PROTECTING,Field_2,0.24,MOVING_TO_CHARGER,Charger_1,0.28,PROTECTING,Field_2,0.24,MOVING_TO_CHARGER,Charger_1,0.31,PROTECTING,Field_2,0.27,PROTECTING,Field_1,142,0.03,2,140,0.18,5,149,0.09,2
299,431,0,0,9,3,0,0,0.30,PROTECTING,Field_2,0.31,PROTECTING,Field_1,0.27,PROTECTING,Field_3,0.32,PROTECTING,Field_2,0.20,MOVING_TO_CHARGER,Charger_1,0.37,PROTECTING,Field_3,0.27,PROTECTING,Field_2,0.23,MOVING_TO_CHARGER,Charger_1,0.27,PROTECTING,Field_2,0.23,MOVING_TO_CHARGER,Charger_1,0.30,PROTECTING,Field_2,0.26,PROTECTING,Field_1,142,0.04,2,140,0.18,5,149,0.09,2
300,431,0,0,9,3,0,0,0.29,PROTECTING,Field_2,0.31,PROTECTING,Field_1,0.26,PROTECTING,Field_3,0.31,PROTECTING,Field_2,0.19,MOVING_TO_CHARGER,Charger_1,0.36,PROTECTING,Field_3,0.26,PROTECTING,Field_2,0.22,MOVING_TO_CHARGER,Charger_1,0.26,PROTECTING,Field_2,0.22,MOVING_TO_CHARGER,Charger_1,0.29,PROTECTING,Field_2,0.25,PROTECTING,Field_1,142,0.04,2,140,0.16,5,149,0.08,2
