The following components have not been assigned to a group: Drone_465, Drone_466, Drone_468, Drone_469, Drone_470, Drone_471, Drone_472, Drone_473, Drone_474, Drone_475, Drone_476, Drone_477, Drone_479, Drone_480, Drone_481, Drone_483, Drone_484, Drone_485, Drone_486, Drone_487, Drone_488, Drone_489, Drone_490, Drone_492, Drone_493, Drone_494, Drone_496, Drone_497, Drone_498, Drone_499, Drone_500, Drone_501, Drone_502, Drone_503, Drone_504, Drone_505, Drone_506, Drone_507, Drone_508, Drone_509, Drone_510, Drone_511, Drone_512, Drone_513, Drone_514, Drone_515, Drone_516, Drone_517, Drone_518, Drone_519, Drone_520, Drone_521, Drone_522, Drone_523, Drone_524, Drone_525, Drone_526, Drone_527, Drone_528, Drone_529, Drone_530, Drone_531, Drone_532, Drone_533, Drone_534, Drone_535, Drone_536, Drone_537, Drone_538, Drone_539, Drone_540, Drone_541, Drone_542, Drone_543, Drone_544, Drone_545, Drone_546, Drone_547, Drone_548, Drone_549, Drone_550, Drone_551, Drone_552, Drone_553, Drone_554, Drone_555, Drone_556, Drone_557, Drone_558, Drone_559, Drone_560, Drone_561, Drone_562, Drone_563, Drone_564, Drone_565, Drone_566, Drone_567, Drone_568, Drone_569, Drone_570, Drone_571, Drone_572, Drone_573, Drone_574, Drone_575, Drone_576, Drone_577, Drone_578, Drone_579, Drone_580, Drone_581, Drone_582, Drone_583, Drone_584, Drone_585, Drone_586, Drone_587, Drone_588, Drone_589, Drone_590, Drone_591, Drone_592, Drone_593, Drone_594, Drone_595, Drone_596, Drone_597, Drone_598, Drone_599, Drone_600, Drone_601, Drone_602, Drone_603, Drone_604, Drone_605, Drone_606, Drone_607, Drone_608, Drone_609, Drone_610, Drone_611, Drone_612, Drone_613, Drone_614, Drone_615, Drone_616, Drone_617, Drone_618, Drone_619, Drone_620, Drone_621, Drone_622, Drone_623, Drone_624, Drone_625, Drone_626, Drone_627, Drone_628, Drone_629, Drone_630, Drone_631, Drone_632, Drone_633, Drone_634, Drone_635, Drone_636, Drone_637, Drone_638, Drone_639, Drone_640, Drone_641, Drone_642, Drone_643, Drone_644, Drone_645, Drone_646, Drone_647, Drone_648, Drone_649, Drone_650, Drone_651, Drone_652, Drone_653, Drone_654, Drone_655, Drone_656, Drone_657, Drone_658, Drone_659, Drone_660, Drone_661, Drone_662, Drone_663, Drone_664, Drone_665, Drone_666, Drone_667, Drone_668, Drone_669, Drone_670, Drone_671, Drone_672, Drone_673, Drone_674, Drone_675, Drone_676, Drone_677, Drone_678, Drone_679, Drone_680, Drone_681, Drone_682, Drone_683, Drone_684, Drone_685, Drone_686, Drone_687, Drone_688, Drone_689, Drone_690, Drone_691, Drone_692, Drone_693, Drone_694, Drone_695, Drone_696, Drone_697, Drone_698, Drone_699, Drone_700, Drone_701, Drone_702, Drone_703, Drone_704, Drone_705, Drone_706, Drone_707, Drone_708, Drone_709, Drone_710, Drone_711, Drone_712, Drone_713, Drone_714, Drone_715, Drone_716, Drone_717, Drone_718, Drone_719, Drone_720, Drone_721, Drone_722, Drone_723, Drone_724, Drone_725, Drone_726, Drone_727, Drone_728, Drone_729, Drone_730, Drone_731, Drone_732, Drone_733, Drone_734, Drone_735, Drone_736, Drone_737, Drone_738, Drone_739, Drone_740, Drone_741, Drone_742, Drone_743, Drone_744, Drone_745, Drone_746, Drone_747, Drone_748, Drone_749, Drone_750, Drone_751, Drone_752, Drone_753, Drone_754, Drone_755, Drone_756, Drone_757, Drone_758, Drone_759, Drone_760, Drone_761, Drone_762, Drone_763, Drone_764, Drone_765, Drone_766, Drone_767, Drone_768, Drone_769, Drone_770, Drone_771, Drone_772, Drone_773, Drone_774, Drone_775, Drone_776, Drone_777, Drone_778, Drone_779, Drone_780, Drone_781, Drone_782, Drone_783, Drone_784, Drone_785, Drone_786, Drone_787, Drone_788, Drone_789, Drone_790, Drone_791, Drone_792, Drone_793, Drone_794, Drone_795, Drone_796, Drone_797, Drone_798, Drone_799, Drone_800, Drone_801, Drone_802, Drone_803, Drone_804, Drone_805, Drone_806, Drone_807, Drone_808, Drone_809, Drone_810, Drone_811, Drone_812, Drone_813, Drone_814, Drone_815, Drone_816, Drone_817, Drone_818, Drone_819, Drone_820, Drone_821, Drone_822, Drone_823, Drone_824, Drone_825, Drone_826, Drone_827, Drone_828, Drone_829, Drone_830, Drone_831, Drone_832, Drone_833, Drone_834, Drone_835, Drone_836, Drone_837, Drone_838, Drone_839, Drone_840, Drone_841, Drone_842, Drone_843, Drone_844, Drone_845, Drone_846, Drone_847, Drone_848, Drone_849, Drone_850, Drone_851, Drone_852, Drone_853, Drone_854, Drone_855, Drone_856, Drone_857, Drone_858, Drone_859, Drone_860, Drone_861, Drone_862, Drone_863, Drone_864, Drone_865, Drone_866, Drone_867, Drone_868, Drone_869, Drone_870, Drone_871, Drone_872, Drone_873, Drone_874, Drone_875, Drone_876, Drone_877, Drone_878, Drone_879, Drone_880, Drone_881
BadRequestError('Error code: 400 - {\'error\': {\'message\': "This model\'s maximum context length is 128000 tokens. However, your messages resulted in 539776 tokens. Please reduce the length of the messages.", \'type\': \'invalid_request_error\', \'param\': \'messages\', \'code\': \'context_length_exceeded\'}}')
Unknown component: Drone_882
Unknown component: Drone_883
Unknown component: Drone_884
Unknown component: Drone_885
Unknown component: Drone_886
Unknown component: Drone_887
Unknown component: Drone_888
Unknown component: Drone_889
Unknown component: Drone_890
Unknown component: Drone_891
Unknown component: Drone_892
Unknown component: Drone_893
Unknown component: Drone_894
Unknown component: Drone_895
Unknown component: Drone_896
Unknown component: Drone_897
Unknown component: Drone_898
Unknown component: Drone_899
Unknown component: Drone_900
Unknown component: Drone_901
Unknown component: Drone_902
Unknown component: Drone_903
Unknown component: Drone_904
Unknown component: Drone_905
Unknown component: Drone_906
Unknown component: Drone_907
Unknown component: Drone_908
Unknown component: Drone_909
Unknown component: Drone_910
Unknown component: Drone_911
Unknown component: Drone_912
Unknown component: Drone_913
Unknown component: Drone_914
Unknown component: Drone_915
Unknown component: Drone_916
Unknown component: Drone_917
Unknown component: Drone_918
Unknown component: Drone_919
Unknown component: Drone_920
Unknown component: Drone_921
Unknown component: Drone_922
Unknown component: Drone_923
Unknown component: Drone_924
Unknown component: Drone_925
Unknown component: Drone_926
Unknown component: Drone_927
Unknown component: Drone_928
Unknown component: Drone_929
Unknown component: Drone_930
Unknown component: Drone_931
Unknown component: Drone_932
Unknown component: Drone_933
Unknown component: Drone_934
Unknown component: Drone_935
Unknown component: Drone_936
Unknown component: Drone_937
Unknown component: Drone_938
Unknown component: Drone_939
Unknown component: Drone_940
Unknown component: Drone_941
Unknown component: Drone_942
Unknown component: Drone_943
Unknown component: Drone_944
Unknown component: Drone_945
Unknown component: Drone_946
Unknown component: Drone_947
Unknown component: Drone_948
Unknown component: Drone_949
Unknown component: Drone_950
Unknown component: Drone_951
Unknown component: Drone_952
Unknown component: Drone_953
Unknown component: Drone_954
Unknown component: Drone_955
Unknown component: Drone_956
Unknown component: Drone_957
Unknown component: Drone_958
Unknown component: Drone_959
Unknown component: Drone_960
Unknown component: Drone_961
Unknown component: Drone_962
Unknown component: Drone_963
Unknown component: Drone_964
Unknown component: Drone_965
Unknown component: Drone_966
Unknown component: Drone_967
Unknown component: Drone_968
Unknown component: Drone_969
Unknown component: Drone_970
Unknown component: Drone_971
Unknown component: Drone_972
Unknown component: Drone_973
Unknown component: Drone_974
Unknown component: Drone_975
Unknown component: Drone_976
Unknown component: Drone_977
Unknown component: Drone_978
Unknown component: Drone_979
Unknown component: Drone_980
Unknown component: Drone_981
Unknown component: Drone_982
Unknown component: Drone_983
Unknown component: Drone_984
Unknown component: Drone_985
Unknown component: Drone_986
Unknown component: Drone_987
Unknown component: Drone_988
Unknown component: Drone_989
Unknown component: Drone_990
Unknown component: Drone_991
Unknown component: Drone_992
Unknown component: Drone_993
Unknown component: Drone_994
Unknown component: Drone_995
Unknown component: Drone_996
Unknown component: Drone_997
Unknown component: Drone_998
Unknown component: Drone_999
Unknown component: Drone_1000
Component assigned into multiple groups: Drone_32
Component assigned into multiple groups: Drone_34
The following components have not been assigned to a group: Drone_23, Drone_27, Drone_173
The following components have not been assigned to a group: Drone_465, Drone_466, Drone_467, Drone_468, Drone_469, Drone_470, Drone_471, Drone_472, Drone_473, Drone_474, Drone_475, Drone_476, Drone_477, Drone_478, Drone_479, Drone_480, Drone_481, Drone_482, Drone_483, Drone_484, Drone_485, Drone_486, Drone_487, Drone_488, Drone_489, Drone_490, Drone_491, Drone_492, Drone_493, Drone_494, Drone_495, Drone_496, Drone_497, Drone_498, Drone_499, Drone_500, Drone_501, Drone_502, Drone_503, Drone_504, Drone_505, Drone_506, Drone_507, Drone_508, Drone_509, Drone_510, Drone_511, Drone_512, Drone_513, Drone_514, Drone_515, Drone_516, Drone_517, Drone_518, Drone_519, Drone_520, Drone_521, Drone_522, Drone_523, Drone_524, Drone_525, Drone_526, Drone_527, Drone_528, Drone_529, Drone_530, Drone_531, Drone_532, Drone_533, Drone_534, Drone_535, Drone_536, Drone_537, Drone_538, Drone_539, Drone_540, Drone_541, Drone_542, Drone_543, Drone_544, Drone_545, Drone_546, Drone_547, Drone_548, Drone_549, Drone_550, Drone_551, Drone_552, Drone_553, Drone_554, Drone_555, Drone_556, Drone_557, Drone_558, Drone_559, Drone_560, Drone_561, Drone_562, Drone_563, Drone_564, Drone_565, Drone_566, Drone_567, Drone_568, Drone_569, Drone_570, Drone_571, Drone_572, Drone_573, Drone_574, Drone_575, Drone_576, Drone_577, Drone_578, Drone_579, Drone_580, Drone_581, Drone_582, Drone_583, Drone_584, Drone_585, Drone_586, Drone_587, Drone_588, Drone_589, Drone_590, Drone_591, Drone_592, Drone_593, Drone_594, Drone_595, Drone_596, Drone_597, Drone_598, Drone_599, Drone_600, Drone_601, Drone_602, Drone_603, Drone_604, Drone_605, Drone_606, Drone_607, Drone_608, Drone_609, Drone_610, Drone_611, Drone_612, Drone_613, Drone_614, Drone_615, Drone_616, Drone_617, Drone_618, Drone_619, Drone_620, Drone_621, Drone_622, Drone_623, Drone_624, Drone_625, Drone_626, Drone_627, Drone_628, Drone_629, Drone_630, Drone_631, Drone_632, Drone_633, Drone_634, Drone_635, Drone_636, Drone_637, Drone_638, Drone_639, Drone_640, Drone_641, Drone_642, Drone_643, Drone_644, Drone_645, Drone_646, Drone_647, Drone_648, Drone_649, Drone_650, Drone_651, Drone_652, Drone_653, Drone_654, Drone_655, Drone_656, Drone_657, Drone_658, Drone_659, Drone_660, Drone_661, Drone_662, Drone_663, Drone_664, Drone_665, Drone_666, Drone_667, Drone_668, Drone_669, Drone_670, Drone_671, Drone_672, Drone_673, Drone_674, Drone_675, Drone_676, Drone_677, Drone_678, Drone_679, Drone_680, Drone_681, Drone_682, Drone_683, Drone_684, Drone_685, Drone_686, Drone_687, Drone_688, Drone_689, Drone_690, Drone_691, Drone_692, Drone_693, Drone_694, Drone_695, Drone_696, Drone_697, Drone_698, Drone_699, Drone_700, Drone_701, Drone_702, Drone_703, Drone_704, Drone_705, Drone_706, Drone_707, Drone_708, Drone_709, Drone_710, Drone_711, Drone_712, Drone_713, Drone_714, Drone_715, Drone_716, Drone_717, Drone_718, Drone_719, Drone_720, Drone_721, Drone_722, Drone_723, Drone_724, Drone_725, Drone_726, Drone_727, Drone_728, Drone_729, Drone_730, Drone_731, Drone_732, Drone_733, Drone_734, Drone_735, Drone_736, Drone_737, Drone_738, Drone_739, Drone_740, Drone_741, Drone_742, Drone_743, Drone_744, Drone_745, Drone_746, Drone_747, Drone_748, Drone_749, Drone_750, Drone_751, Drone_752, Drone_753, Drone_754, Drone_755, Drone_756, Drone_757, Drone_758, Drone_759, Drone_760, Drone_761, Drone_762, Drone_763, Drone_764, Drone_765, Drone_766, Drone_767, Drone_768, Drone_769, Drone_770, Drone_771, Drone_772, Drone_773, Drone_774, Drone_775, Drone_776, Drone_777, Drone_778, Drone_779, Drone_780, Drone_781, Drone_782, Drone_783, Drone_784, Drone_785, Drone_786, Drone_787, Drone_788, Drone_789, Drone_790, Drone_791, Drone_792, Drone_793, Drone_794, Drone_795, Drone_796, Drone_797, Drone_798, Drone_799, Drone_800, Drone_801, Drone_802, Drone_803, Drone_804, Drone_805, Drone_806, Drone_807, Drone_808, Drone_809, Drone_810, Drone_811, Drone_812, Drone_813, Drone_814, Drone_815, Drone_816, Drone_817, Drone_818, Drone_819, Drone_820, Drone_821, Drone_822, Drone_823, Drone_824, Drone_825, Drone_826, Drone_827, Drone_828, Drone_829, Drone_830, Drone_831, Drone_832, Drone_833, Drone_834, Drone_835, Drone_836, Drone_837, Drone_838, Drone_839, Drone_840, Drone_841, Drone_842, Drone_843, Drone_844, Drone_845, Drone_846, Drone_847, Drone_848, Drone_849, Drone_850, Drone_851, Drone_852, Drone_853, Drone_854, Drone_855, Drone_856, Drone_857, Drone_858, Drone_859, Drone_860, Drone_861, Drone_862, Drone_863, Drone_864, Drone_865, Drone_866, Drone_867, Drone_868, Drone_869, Drone_870, Drone_871, Drone_872, Drone_873, Drone_874, Drone_875, Drone_876, Drone_877, Drone_878, Drone_879, Drone_880, Drone_881
BadRequestError('Error code: 400 - {\'error\': {\'message\': "This model\'s maximum context length is 128000 tokens. However, your messages resulted in 530966 tokens. Please reduce the length of the messages.", \'type\': \'invalid_request_error\', \'param\': \'messages\', \'code\': \'context_length_exceeded\'}}')
Unknown component: Drone_882
Unknown component: Drone_883
Unknown component: Drone_884
Unknown component: Drone_885
Unknown component: Drone_886
Unknown component: Drone_887
Unknown component: Drone_888
Unknown component: Drone_889
Unknown component: Drone_890
Unknown component: Drone_891
Unknown component: Drone_892
Unknown component: Drone_893
Unknown component: Drone_894
Unknown component: Drone_895
Unknown component: Drone_896
Unknown component: Drone_897
Unknown component: Drone_898
Unknown component: Drone_899
Unknown component: Drone_900
Unknown component: Drone_901
Unknown component: Drone_902
Unknown component: Drone_903
Unknown component: Drone_904
Unknown component: Drone_905
Unknown component: Drone_906
Unknown component: Drone_907
Unknown component: Drone_908
Unknown component: Drone_909
Unknown component: Drone_910
Unknown component: Drone_911
Unknown component: Drone_912
Unknown component: Drone_913
Unknown component: Drone_914
Unknown component: Drone_915
Unknown component: Drone_916
Unknown component: Drone_917
Unknown component: Drone_918
Unknown component: Drone_919
Unknown component: Drone_920
Unknown component: Drone_921
Unknown component: Drone_922
Unknown component: Drone_923
Unknown component: Drone_924
Unknown component: Drone_925
Unknown component: Drone_926
Unknown component: Drone_927
Unknown component: Drone_928
Unknown component: Drone_929
Unknown component: Drone_930
Unknown component: Drone_931
Unknown component: Drone_932
Unknown component: Drone_933
Unknown component: Drone_934
Unknown component: Drone_935
Unknown component: Drone_936
Unknown component: Drone_937
Unknown component: Drone_938
Unknown component: Drone_939
Unknown component: Drone_940
Unknown component: Drone_941
Unknown component: Drone_942
Unknown component: Drone_943
Unknown component: Drone_944
Unknown component: Drone_945
Unknown component: Drone_946
Unknown component: Drone_947
Unknown component: Drone_948
Unknown component: Drone_949
Unknown component: Drone_950
Unknown component: Drone_951
Unknown component: Drone_952
Unknown component: Drone_953
Unknown component: Drone_954
Unknown component: Drone_955
Unknown component: Drone_956
Unknown component: Drone_957
Unknown component: Drone_958
Unknown component: Drone_959
Unknown component: Drone_960
Unknown component: Drone_961
Unknown component: Drone_962
Unknown component: Drone_963
Unknown component: Drone_964
Unknown component: Drone_965
Unknown component: Drone_966
Unknown component: Drone_967
Unknown component: Drone_968
Unknown component: Drone_969
Unknown component: Drone_970
Unknown component: Drone_971
Unknown component: Drone_972
Unknown component: Drone_973
Unknown component: Drone_974
Unknown component: Drone_975
Unknown component: Drone_976
Unknown component: Drone_977
Unknown component: Drone_978
Unknown component: Drone_979
Unknown component: Drone_980
Unknown component: Drone_981
Unknown component: Drone_982
Unknown component: Drone_983
Unknown component: Drone_984
Unknown component: Drone_985
Unknown component: Drone_986
Unknown component: Drone_987
Unknown component: Drone_988
Unknown component: Drone_989
Unknown component: Drone_990
Unknown component: Drone_991
Unknown component: Drone_992
Unknown component: Drone_993
Unknown component: Drone_994
Unknown component: Drone_995
Unknown component: Drone_996
Unknown component: Drone_997
Unknown component: Drone_998
Unknown component: Drone_999
Component assigned into multiple groups: Drone_35
The following components have not been assigned to a group: Drone_13, Drone_17, Drone_19, Drone_43, Drone_47, Drone_416
The following groups are missing in the assignment: protecting Field_47, protecting Field_171, protecting Field_299, protecting Field_339, protecting Field_110, protecting Field_216, protecting Field_170, protecting Field_89, protecting Field_159, protecting Field_253, protecting Field_2, protecting Field_356, protecting Field_284, protecting Field_18, protecting Field_138, protecting Field_233, protecting Field_377, protecting Field_141, protecting Field_337, protecting Field_362, protecting Field_441, protecting Field_75, protecting Field_188, protecting Field_408, protecting Field_66, protecting Field_222, protecting Field_449, protecting Field_136, protecting Field_255, protecting Field_178, protecting Field_447, protecting Field_16, protecting Field_64, protecting Field_124, protecting Field_289, protecting Field_33, protecting Field_370, protecting Field_273, protecting Field_80, protecting Field_298, protecting Field_283, protecting Field_316, protecting Field_22, protecting Field_166, protecting Field_208, protecting Field_301, protecting Field_223, protecting Field_220, protecting Field_245, protecting Field_236, protecting Field_259, protecting Field_456, protecting Field_133, protecting Field_435, protecting Field_402, protecting Field_310, protecting Field_246, protecting Field_26, protecting Field_77, protecting Field_134, protecting Field_150, protecting Field_395, protecting Field_311, protecting Field_442, protecting Field_330, protecting Field_369, protecting Field_48, protecting Field_116, protecting Field_97, protecting Field_59, protecting Field_128, protecting Field_276, protecting Field_152, protecting Field_249, protecting Field_191, protecting Field_263, protecting Field_113, protecting Field_398, protecting Field_101, protecting Field_85, protecting Field_380, protecting Field_197, protecting Field_320, protecting Field_183, protecting Field_36, protecting Field_118, protecting Field_132, protecting Field_256, protecting Field_275, protecting Field_394, protecting Field_226, protecting Field_39, protecting Field_324, protecting Field_422, protecting Field_163, protecting Field_433, protecting Field_234, protecting Field_455, protecting Field_114, protecting Field_393, protecting Field_20, protecting Field_53, protecting Field_421, protecting Field_279, protecting Field_372, protecting Field_86, protecting Field_307, protecting Field_391, protecting Field_352, protecting Field_329, protecting Field_424, protecting Field_414, protecting Field_267, protecting Field_400, protecting Field_367, protecting Field_418, protecting Field_176, protecting Field_192, protecting Field_392, protecting Field_120, protecting Field_174, protecting Field_227, protecting Field_454, protecting Field_189, protecting Field_31, protecting Field_407, protecting Field_117, protecting Field_243, protecting Field_248, protecting Field_90, protecting Field_67, protecting Field_327, protecting Field_277, protecting Field_179, protecting Field_463, protecting Field_230, protecting Field_209, protecting Field_315, protecting Field_91, protecting Field_429, protecting Field_460, protecting Field_187, protecting Field_457, protecting Field_84, protecting Field_182, protecting Field_72, protecting Field_4, protecting Field_313, protecting Field_60, protecting Field_247, protecting Field_349, protecting Field_278, protecting Field_252, protecting Field_24, protecting Field_293, protecting Field_265, protecting Field_384, protecting Field_105, protecting Field_79, protecting Field_430, protecting Field_1, protecting Field_119, protecting Field_29, protecting Field_251, protecting Field_199, protecting Field_127, protecting Field_462, protecting Field_282, protecting Field_285, protecting Field_142, protecting Field_358, protecting Field_280, protecting Field_61, protecting Field_295, protecting Field_196, protecting Field_297, protecting Field_322, protecting Field_294, protecting Field_363, protecting Field_360, protecting Field_286, protecting Field_135, protecting Field_98, protecting Field_207, protecting Field_50, protecting Field_304, protecting Field_74, protecting Field_328, protecting Field_237, protecting Field_290, protecting Field_25, protecting Field_443, protecting Field_175, protecting Field_300, protecting Field_12, protecting Field_45, protecting Field_104, protecting Field_40, protecting Field_229, protecting Field_131, protecting Field_379, protecting Field_419, protecting Field_157, protecting Field_180, protecting Field_111, protecting Field_148, protecting Field_385, protecting Field_382, protecting Field_225, protecting Field_396, protecting Field_147, protecting Field_94, protecting Field_410, protecting Field_340, protecting Field_403, protecting Field_215, protecting Field_100, protecting Field_440, protecting Field_173, protecting Field_149, protecting Field_341, protecting Field_198, protecting Field_303, protecting Field_108, protecting Field_109, protecting Field_336, protecting Field_444, protecting Field_51, protecting Field_211, protecting Field_312, protecting Field_376, protecting Field_318, protecting Field_137, protecting Field_5, protecting Field_268, protecting Field_458, protecting Field_194, protecting Field_354, protecting Field_321, protecting Field_177, protecting Field_129, protecting Field_130, protecting Field_434, protecting Field_93, protecting Field_164, protecting Field_308, protecting Field_323, protecting Field_390, protecting Field_404, protecting Field_343, protecting Field_406, protecting Field_261, protecting Field_15, protecting Field_291, protecting Field_103, protecting Field_332, protecting Field_423, protecting Field_81, protecting Field_6, protecting Field_346, protecting Field_359, protecting Field_221, protecting Field_37, protecting Field_266, protecting Field_13, protecting Field_387, protecting Field_46, protecting Field_106, protecting Field_335, protecting Field_269, protecting Field_83, protecting Field_34, protecting Field_154, protecting Field_195, protecting Field_155, protecting Field_224, protecting Field_401, protecting Field_181, protecting Field_452, protecting Field_319, protecting Field_49, protecting Field_453, protecting Field_3, protecting Field_217, protecting Field_342, protecting Field_57, protecting Field_62, protecting Field_203, protecting Field_27, protecting Field_112, protecting Field_204, protecting Field_206, protecting Field_14, protecting Field_8, protecting Field_185, protecting Field_54, protecting Field_326, protecting Field_143, protecting Field_366, protecting Field_264, protecting Field_306, protecting Field_160, protecting Field_244, protecting Field_439, protecting Field_428, protecting Field_357, protecting Field_461, protecting Field_292, protecting Field_162, protecting Field_63, protecting Field_305, protecting Field_126, protecting Field_331, protecting Field_425, protecting Field_73, protecting Field_168, protecting Field_107, protecting Field_70, protecting Field_167, protecting Field_450, protecting Field_41, protecting Field_271, protecting Field_338, protecting Field_388, protecting Field_190, protecting Field_210, protecting Field_71, protecting Field_365, protecting Field_56, protecting Field_55, protecting Field_431, protecting Field_399, protecting Field_235, protecting Field_412, protecting Field_82, protecting Field_58, protecting Field_371, protecting Field_32, protecting Field_464, protecting Field_122, protecting Field_21, protecting Field_145, protecting Field_374, protecting Field_389, protecting Field_446, protecting Field_95, protecting Field_409, protecting Field_102, protecting Field_459, protecting Field_11, protecting Field_151, protecting Field_76, protecting Field_19, protecting Field_405, protecting Field_228, protecting Field_416, protecting Field_257, protecting Field_125, protecting Field_258, protecting Field_43, protecting Field_383, protecting Field_432, protecting Field_28, protecting Field_38, protecting Field_415, protecting Field_139, protecting Field_238, protecting Field_426, protecting Field_144, protecting Field_381, protecting Field_287, protecting Field_9, protecting Field_65, protecting Field_78, protecting Field_202, protecting Field_241, protecting Field_232, protecting Field_23, protecting Field_87, protecting Field_123, protecting Field_351, protecting Field_52, protecting Field_88, protecting Field_344, protecting Field_451, protecting Field_375, protecting Field_325, protecting Field_437, protecting Field_214, protecting Field_213, protecting Field_272, protecting Field_368, protecting Field_333, protecting Field_161, protecting Field_115, protecting Field_262, protecting Field_219, protecting Field_314, protecting Field_158, protecting Field_212, protecting Field_169, protecting Field_355, protecting Field_448, protecting Field_17, protecting Field_96, protecting Field_353, protecting Field_165, protecting Field_121, protecting Field_413, protecting Field_44, protecting Field_186, protecting Field_146, protecting Field_397, protecting Field_184, protecting Field_445, protecting Field_274, protecting Field_348, protecting Field_218, protecting Field_334, protecting Field_99, protecting Field_260, protecting Field_30, protecting Field_69, protecting Field_42, protecting Field_200, protecting Field_309, protecting Field_153
The following components have not been assigned to a group: Drone_465, Drone_466, Drone_467, Drone_468, Drone_469, Drone_470, Drone_471, Drone_472, Drone_473, Drone_474, Drone_475, Drone_476, Drone_477, Drone_478, Drone_479, Drone_480, Drone_481, Drone_482, Drone_483, Drone_484, Drone_485, Drone_486, Drone_487, Drone_488, Drone_489, Drone_490, Drone_491, Drone_492, Drone_493, Drone_494, Drone_495, Drone_496, Drone_497, Drone_498, Drone_499, Drone_500, Drone_501, Drone_502, Drone_503, Drone_504, Drone_505, Drone_506, Drone_507, Drone_508, Drone_509, Drone_510, Drone_511, Drone_512, Drone_513, Drone_514, Drone_515, Drone_516, Drone_517, Drone_518, Drone_519, Drone_520, Drone_521, Drone_522, Drone_523, Drone_524, Drone_525, Drone_526, Drone_527, Drone_528, Drone_529, Drone_530, Drone_531, Drone_532, Drone_533, Drone_534, Drone_535, Drone_536, Drone_537, Drone_538, Drone_539, Drone_540, Drone_541, Drone_542, Drone_543, Drone_544, Drone_545, Drone_546, Drone_547, Drone_548, Drone_549, Drone_550, Drone_551, Drone_552, Drone_553, Drone_554, Drone_555, Drone_556, Drone_557, Drone_558, Drone_559, Drone_560, Drone_561, Drone_562, Drone_563, Drone_564, Drone_565, Drone_566, Drone_567, Drone_568, Drone_569, Drone_570, Drone_571, Drone_572, Drone_573, Drone_574, Drone_575, Drone_576, Drone_577, Drone_578, Drone_579, Drone_580, Drone_581, Drone_582, Drone_583, Drone_584, Drone_585, Drone_586, Drone_587, Drone_588, Drone_589, Drone_590, Drone_591, Drone_592, Drone_593, Drone_594, Drone_595, Drone_596, Drone_597, Drone_598, Drone_599, Drone_600, Drone_601, Drone_602, Drone_603, Drone_604, Drone_605, Drone_606, Drone_607, Drone_608, Drone_609, Drone_610, Drone_611, Drone_612, Drone_613, Drone_614, Drone_615, Drone_616, Drone_617, Drone_618, Drone_619, Drone_620, Drone_621, Drone_622, Drone_623, Drone_624, Drone_625, Drone_626, Drone_627, Drone_628, Drone_629, Drone_630, Drone_631, Drone_632, Drone_633, Drone_634, Drone_635, Drone_636, Drone_637, Drone_638, Drone_639, Drone_640, Drone_641, Drone_642, Drone_643, Drone_644, Drone_645, Drone_646, Drone_647, Drone_648, Drone_649, Drone_650, Drone_651, Drone_652, Drone_653, Drone_654, Drone_655, Drone_656, Drone_657, Drone_658, Drone_659, Drone_660, Drone_661, Drone_662, Drone_663, Drone_664, Drone_665, Drone_666, Drone_667, Drone_668, Drone_669, Drone_670, Drone_671, Drone_672, Drone_673, Drone_674, Drone_675, Drone_676, Drone_677, Drone_678, Drone_679, Drone_680, Drone_681, Drone_682, Drone_683, Drone_684, Drone_685, Drone_686, Drone_687, Drone_688, Drone_689, Drone_690, Drone_691, Drone_692, Drone_693, Drone_694, Drone_695, Drone_696, Drone_697, Drone_698, Drone_699, Drone_700, Drone_701, Drone_702, Drone_703, Drone_704, Drone_705, Drone_706, Drone_707, Drone_708, Drone_709, Drone_710, Drone_711, Drone_712, Drone_713, Drone_714, Drone_715, Drone_716, Drone_717, Drone_718, Drone_719, Drone_720, Drone_721, Drone_722, Drone_723, Drone_724, Drone_725, Drone_726, Drone_727, Drone_728, Drone_729, Drone_730, Drone_731, Drone_732, Drone_733, Drone_734, Drone_735, Drone_736, Drone_737, Drone_738, Drone_739, Drone_740, Drone_741, Drone_742, Drone_743, Drone_744, Drone_745, Drone_746, Drone_747, Drone_748, Drone_749, Drone_750, Drone_751, Drone_752, Drone_753, Drone_754, Drone_755, Drone_756, Drone_757, Drone_758, Drone_759, Drone_760, Drone_761, Drone_762, Drone_763, Drone_764, Drone_765, Drone_766, Drone_767, Drone_768, Drone_769, Drone_770, Drone_771, Drone_772, Drone_773, Drone_774, Drone_775, Drone_776, Drone_777, Drone_778, Drone_779, Drone_780, Drone_781, Drone_782, Drone_783, Drone_784, Drone_785, Drone_786, Drone_787, Drone_788, Drone_789, Drone_790, Drone_791, Drone_792, Drone_793, Drone_794, Drone_795, Drone_796, Drone_797, Drone_798, Drone_799, Drone_800, Drone_801, Drone_802, Drone_803, Drone_804, Drone_805, Drone_806, Drone_807, Drone_808, Drone_809, Drone_810, Drone_811, Drone_812, Drone_813, Drone_814, Drone_815, Drone_816, Drone_817, Drone_818, Drone_819, Drone_820, Drone_821, Drone_822, Drone_823, Drone_824, Drone_825, Drone_826, Drone_827, Drone_828, Drone_829, Drone_830, Drone_831, Drone_832, Drone_833, Drone_834, Drone_835, Drone_836, Drone_837, Drone_838, Drone_839, Drone_840, Drone_841, Drone_842, Drone_843, Drone_844, Drone_845, Drone_846, Drone_847, Drone_848, Drone_849, Drone_850, Drone_851, Drone_852, Drone_853, Drone_854, Drone_855, Drone_856, Drone_857, Drone_858, Drone_859, Drone_860, Drone_861, Drone_862, Drone_863, Drone_864, Drone_865, Drone_866, Drone_867, Drone_868, Drone_869, Drone_870, Drone_871, Drone_872, Drone_873, Drone_874, Drone_875, Drone_876, Drone_877, Drone_878, Drone_879, Drone_880, Drone_881
BadRequestError('Error code: 400 - {\'error\': {\'message\': "This model\'s maximum context length is 128000 tokens. However, your messages resulted in 535993 tokens. Please reduce the length of the messages.", \'type\': \'invalid_request_error\', \'param\': \'messages\', \'code\': \'context_length_exceeded\'}}')
Unknown component: Drone_882
Unknown component: Drone_883
Unknown component: Drone_884
Unknown component: Drone_885
Unknown component: Drone_886
Unknown component: Drone_887
Unknown component: Drone_888
Unknown component: Drone_889
Unknown component: Drone_890
Unknown component: Drone_891
Unknown component: Drone_892
Unknown component: Drone_893
Unknown component: Drone_894
Unknown component: Drone_895
Unknown component: Drone_896
Unknown component: Drone_897
Unknown component: Drone_898
Unknown component: Drone_899
Unknown component: Drone_900
Unknown component: Drone_901
Unknown component: Drone_902
Unknown component: Drone_903
Unknown component: Drone_904
Unknown component: Drone_905
Unknown component: Drone_906
Unknown component: Drone_907
Unknown component: Drone_908
Unknown component: Drone_909
Unknown component: Drone_910
Unknown component: Drone_911
Unknown component: Drone_912
Unknown component: Drone_913
Unknown component: Drone_914
Unknown component: Drone_915
Unknown component: Drone_916
Unknown component: Drone_917
Unknown component: Drone_918
Unknown component: Drone_919
Unknown component: Drone_920
Unknown component: Drone_921
Unknown component: Drone_922
Unknown component: Drone_923
Unknown component: Drone_924
Unknown component: Drone_925
Unknown component: Drone_926
Unknown component: Drone_927
Unknown component: Drone_928
Unknown component: Drone_929
Unknown component: Drone_930
Unknown component: Drone_931
Unknown component: Drone_932
Unknown component: Drone_933
Unknown component: Drone_934
Unknown component: Drone_935
Unknown component: Drone_936
Unknown component: Drone_937
Unknown component: Drone_938
Unknown component: Drone_939
Unknown component: Drone_940
Unknown component: Drone_941
Unknown component: Drone_942
Unknown component: Drone_943
Unknown component: Drone_944
Unknown component: Drone_945
Unknown component: Drone_946
Unknown component: Drone_947
Unknown component: Drone_948
Unknown component: Drone_949
Unknown component: Drone_950
Unknown component: Drone_951
Unknown component: Drone_952
Unknown component: Drone_953
Unknown component: Drone_954
Unknown component: Drone_955
Unknown component: Drone_956
Unknown component: Drone_957
Unknown component: Drone_958
Unknown component: Drone_959
Unknown component: Drone_960
Unknown component: Drone_961
Unknown component: Drone_962
Unknown component: Drone_963
Unknown component: Drone_964
Unknown component: Drone_965
Unknown component: Drone_966
Unknown component: Drone_967
Unknown component: Drone_968
Unknown component: Drone_969
Unknown component: Drone_970
Unknown component: Drone_971
Unknown component: Drone_972
Unknown component: Drone_973
Unknown component: Drone_974
Unknown component: Drone_975
Unknown component: Drone_976
Unknown component: Drone_977
Unknown component: Drone_978
Unknown component: Drone_979
Unknown component: Drone_980
Unknown component: Drone_981
Unknown component: Drone_982
Unknown component: Drone_983
Unknown component: Drone_984
Unknown component: Drone_985
Unknown component: Drone_986
Unknown component: Drone_987
Unknown component: Drone_988
Unknown component: Drone_989
Unknown component: Drone_990
Unknown component: Drone_991
Unknown component: Drone_992
Unknown component: Drone_993
Unknown component: Drone_994
Unknown component: Drone_995
Unknown component: Drone_996
Unknown component: Drone_997
Unknown component: Drone_998
Unknown component: Drone_999
Unknown component: Drone_1000
The following groups are missing in the assignment: protecting Field_47, protecting Field_172, protecting Field_171, protecting Field_299, protecting Field_339, protecting Field_110, protecting Field_216, protecting Field_170, protecting Field_89, protecting Field_159, protecting Field_253, protecting Field_356, protecting Field_284, protecting Field_138, protecting Field_377, protecting Field_141, protecting Field_337, protecting Field_362, protecting Field_441, protecting Field_188, protecting Field_66, protecting Field_449, protecting Field_136, protecting Field_255, protecting Field_447, protecting Field_16, protecting Field_64, protecting Field_124, protecting Field_289, protecting Field_33, protecting Field_370, protecting Field_273, protecting Field_80, protecting Field_298, protecting Field_283, protecting Field_22, protecting Field_208, protecting Field_223, protecting Field_220, protecting Field_245, protecting Field_236, protecting Field_456, protecting Field_133, protecting Field_310, protecting Field_26, protecting Field_77, protecting Field_242, protecting Field_134, protecting Field_150, protecting Field_395, protecting Field_311, protecting Field_442, protecting Field_330, protecting Field_369, protecting Field_48, protecting Field_97, protecting Field_59, protecting Field_128, protecting Field_249, protecting Field_152, protecting Field_276, protecting Field_191, protecting Field_263, protecting Field_113, protecting Field_398, protecting Field_85, protecting Field_380, protecting Field_320, protecting Field_183, protecting Field_118, protecting Field_132, protecting Field_275, protecting Field_394, protecting Field_226, protecting Field_39, protecting Field_163, protecting Field_433, protecting Field_234, protecting Field_281, protecting Field_114, protecting Field_393, protecting Field_20, protecting Field_53, protecting Field_372, protecting Field_86, protecting Field_307, protecting Field_205, protecting Field_400, protecting Field_367, protecting Field_418, protecting Field_176, protecting Field_192, protecting Field_392, protecting Field_120, protecting Field_227, protecting Field_240, protecting Field_189, protecting Field_31, protecting Field_407, protecting Field_117, protecting Field_243, protecting Field_248, protecting Field_90, protecting Field_67, protecting Field_327, protecting Field_277, protecting Field_179, protecting Field_463, protecting Field_230, protecting Field_209, protecting Field_91, protecting Field_429, protecting Field_460, protecting Field_187, protecting Field_84, protecting Field_182, protecting Field_72, protecting Field_4, protecting Field_313, protecting Field_60, protecting Field_247, protecting Field_349, protecting Field_278, protecting Field_252, protecting Field_24, protecting Field_265, protecting Field_384, protecting Field_105, protecting Field_79, protecting Field_430, protecting Field_119, protecting Field_29, protecting Field_251, protecting Field_127, protecting Field_282, protecting Field_142, protecting Field_358, protecting Field_280, protecting Field_61, protecting Field_196, protecting Field_297, protecting Field_322, protecting Field_294, protecting Field_363, protecting Field_360, protecting Field_286, protecting Field_135, protecting Field_98, protecting Field_207, protecting Field_304, protecting Field_74, protecting Field_237, protecting Field_25, protecting Field_443, protecting Field_175, protecting Field_300, protecting Field_12, protecting Field_40, protecting Field_229, protecting Field_131, protecting Field_419, protecting Field_157, protecting Field_180, protecting Field_148, protecting Field_382, protecting Field_225, protecting Field_396, protecting Field_147, protecting Field_94, protecting Field_410, protecting Field_340, protecting Field_403, protecting Field_100, protecting Field_440, protecting Field_173, protecting Field_149, protecting Field_341, protecting Field_198, protecting Field_303, protecting Field_108, protecting Field_109, protecting Field_350, protecting Field_336, protecting Field_444, protecting Field_51, protecting Field_211, protecting Field_312, protecting Field_376, protecting Field_318, protecting Field_137, protecting Field_268, protecting Field_354, protecting Field_321, protecting Field_177, protecting Field_129, protecting Field_130, protecting Field_434, protecting Field_93, protecting Field_164, protecting Field_308, protecting Field_317, protecting Field_390, protecting Field_404, protecting Field_15, protecting Field_103, protecting Field_423, protecting Field_81, protecting Field_6, protecting Field_346, protecting Field_37, protecting Field_13, protecting Field_106, protecting Field_335, protecting Field_83, protecting Field_34, protecting Field_154, protecting Field_195, protecting Field_155, protecting Field_49, protecting Field_453, protecting Field_3, protecting Field_217, protecting Field_57, protecting Field_62, protecting Field_27, protecting Field_112, protecting Field_206, protecting Field_14, protecting Field_8, protecting Field_185, protecting Field_54, protecting Field_326, protecting Field_143, protecting Field_366, protecting Field_306, protecting Field_160, protecting Field_244, protecting Field_439, protecting Field_428, protecting Field_357, protecting Field_162, protecting Field_63, protecting Field_305, protecting Field_126, protecting Field_331, protecting Field_425, protecting Field_168, protecting Field_107, protecting Field_167, protecting Field_450, protecting Field_271, protecting Field_338, protecting Field_388, protecting Field_210, protecting Field_71, protecting Field_365, protecting Field_56, protecting Field_55, protecting Field_431, protecting Field_235, protecting Field_412, protecting Field_82, protecting Field_58, protecting Field_371, protecting Field_32, protecting Field_122, protecting Field_21, protecting Field_145, protecting Field_374, protecting Field_389, protecting Field_95, protecting Field_102, protecting Field_11, protecting Field_151, protecting Field_19, protecting Field_228, protecting Field_416, protecting Field_257, protecting Field_125, protecting Field_258, protecting Field_10, protecting Field_43, protecting Field_383, protecting Field_28, protecting Field_38, protecting Field_139, protecting Field_238, protecting Field_426, protecting Field_144, protecting Field_381, protecting Field_287, protecting Field_65, protecting Field_78, protecting Field_202, protecting Field_241, protecting Field_232, protecting Field_23, protecting Field_87, protecting Field_351, protecting Field_52, protecting Field_344, protecting Field_375, protecting Field_325, protecting Field_437, protecting Field_214, protecting Field_272, protecting Field_368, protecting Field_333, protecting Field_161, protecting Field_115, protecting Field_219, protecting Field_314, protecting Field_158, protecting Field_212, protecting Field_169, protecting Field_448, protecting Field_17, protecting Field_353, protecting Field_121, protecting Field_413, protecting Field_44, protecting Field_186, protecting Field_146, protecting Field_397, protecting Field_184, protecting Field_445, protecting Field_218, protecting Field_334, protecting Field_99, protecting Field_30, protecting Field_42, protecting Field_200, protecting Field_153
Component assigned into multiple groups: Drone_872
Unknown component: Drone_886
Unknown component: Drone_888
Unknown component: Drone_897
Unknown component: Drone_902
Unknown component: Drone_901
Unknown component: Drone_905
Unknown component: Drone_913
The following components have not been assigned to a group: Drone_869, Drone_870, Drone_871, Drone_873, Drone_874, Drone_875, Drone_876, Drone_877, Drone_878, Drone_879, Drone_880, Drone_881
BadRequestError('Error code: 400 - {\'error\': {\'message\': "This model\'s maximum context length is 128000 tokens. However, your messages resulted in 536532 tokens. Please reduce the length of the messages.", \'type\': \'invalid_request_error\', \'param\': \'messages\', \'code\': \'context_length_exceeded\'}}')
Unknown component: Drone_882
Unknown component: Drone_883
Unknown component: Drone_884
Unknown component: Drone_885
Unknown component: Drone_886
Unknown component: Drone_887
Unknown component: Drone_888
Unknown component: Drone_889
Unknown component: Drone_890
Unknown component: Drone_891
Unknown component: Drone_892
Unknown component: Drone_893
Unknown component: Drone_894
Unknown component: Drone_895
Unknown component: Drone_896
Unknown component: Drone_897
Unknown component: Drone_898
Unknown component: Drone_899
Unknown component: Drone_900
Unknown component: Drone_901
Unknown component: Drone_902
Unknown component: Drone_903
Unknown component: Drone_904
Unknown component: Drone_905
Unknown component: Drone_906
Unknown component: Drone_907
Unknown component: Drone_908
Unknown component: Drone_909
Unknown component: Drone_910
Unknown component: Drone_911
Unknown component: Drone_912
Unknown component: Drone_913
Unknown component: Drone_914
Unknown component: Drone_915
Unknown component: Drone_916
Unknown component: Drone_917
Unknown component: Drone_918
Unknown component: Drone_919
Unknown component: Drone_920
Unknown component: Drone_921
Unknown component: Drone_922
Unknown component: Drone_923
Unknown component: Drone_924
Unknown component: Drone_925
Unknown component: Drone_926
Unknown component: Drone_927
Unknown component: Drone_928
Unknown component: Drone_929
Unknown component: Drone_930
Unknown component: Drone_931
Unknown component: Drone_932
Unknown component: Drone_933
Unknown component: Drone_934
Unknown component: Drone_935
Unknown component: Drone_936
Unknown component: Drone_937
Unknown component: Drone_938
Unknown component: Drone_939
Unknown component: Drone_940
Unknown component: Drone_941
Unknown component: Drone_942
Unknown component: Drone_943
Unknown component: Drone_944
Unknown component: Drone_945
Unknown component: Drone_946
Unknown component: Drone_947
Unknown component: Drone_948
Unknown component: Drone_949
Unknown component: Drone_950
Unknown component: Drone_951
Unknown component: Drone_952
Unknown component: Drone_953
Unknown component: Drone_954
Unknown component: Drone_955
Unknown component: Drone_956
Unknown component: Drone_957
Unknown component: Drone_958
Unknown component: Drone_959
Unknown component: Drone_960
Unknown component: Drone_961
Unknown component: Drone_962
Unknown component: Drone_963
Unknown component: Drone_964
Unknown component: Drone_965
Unknown component: Drone_966
Unknown component: Drone_967
Unknown component: Drone_968
Unknown component: Drone_969
Unknown component: Drone_970
Unknown component: Drone_971
Unknown component: Drone_972
Unknown component: Drone_973
Unknown component: Drone_974
Unknown component: Drone_975
Unknown component: Drone_976
Unknown component: Drone_977
Unknown component: Drone_978
Unknown component: Drone_979
Unknown component: Drone_980
Unknown component: Drone_981
Unknown component: Drone_982
Unknown component: Drone_983
Unknown component: Drone_984
Unknown component: Drone_985
Unknown component: Drone_986
Unknown component: Drone_987
Unknown component: Drone_988
Unknown component: Drone_989
Unknown component: Drone_990
Unknown component: Drone_991
Unknown component: Drone_992
Unknown component: Drone_993
Unknown component: Drone_994
Unknown component: Drone_995
Unknown component: Drone_996
Unknown component: Drone_997
Unknown component: Drone_998
Unknown component: Drone_999
Unknown component: Drone_1000
The following components have not been assigned to a group: Drone_21
BadRequestError('Error code: 400 - {\'error\': {\'message\': "Invalid \'messages[2].content\': string too long. Expected a string with maximum length 10485760, but got a string with length 22328579 instead.", \'type\': \'invalid_request_error\', \'param\': \'messages[2].content\', \'code\': \'string_above_max_length\'}}')
Unknown component: Drone_882
Unknown component: Drone_883
Unknown component: Drone_884
Unknown component: Drone_885
Unknown component: Drone_886
Unknown component: Drone_887
Unknown component: Drone_888
Unknown component: Drone_889
Unknown component: Drone_890
Unknown component: Drone_891
Unknown component: Drone_892
Unknown component: Drone_893
Unknown component: Drone_894
Unknown component: Drone_895
Unknown component: Drone_896
Unknown component: Drone_897
Unknown component: Drone_898
Unknown component: Drone_899
Unknown component: Drone_900
Unknown component: Drone_901
Unknown component: Drone_902
Unknown component: Drone_903
Unknown component: Drone_904
Unknown component: Drone_905
Unknown component: Drone_906
Unknown component: Drone_907
Unknown component: Drone_908
Unknown component: Drone_909
Unknown component: Drone_910
Unknown component: Drone_911
Unknown component: Drone_912
Unknown component: Drone_913
Unknown component: Drone_914
Unknown component: Drone_915
Unknown component: Drone_916
Unknown component: Drone_917
Unknown component: Drone_918
Unknown component: Drone_919
Unknown component: Drone_920
Unknown component: Drone_921
Unknown component: Drone_922
Unknown component: Drone_923
Unknown component: Drone_924
Unknown component: Drone_925
Unknown component: Drone_926
Unknown component: Drone_927
Unknown component: Drone_928
Unknown component: Drone_929
Unknown component: Drone_930
Unknown component: Drone_931
Unknown component: Drone_932
Unknown component: Drone_933
Unknown component: Drone_934
Unknown component: Drone_935
Unknown component: Drone_936
Unknown component: Drone_937
Unknown component: Drone_938
Unknown component: Drone_939
Unknown component: Drone_940
Unknown component: Drone_941
Unknown component: Drone_942
Unknown component: Drone_943
Unknown component: Drone_944
Unknown component: Drone_945
Unknown component: Drone_946
Unknown component: Drone_947
Unknown component: Drone_948
Unknown component: Drone_949
Unknown component: Drone_950
Unknown component: Drone_951
Unknown component: Drone_952
Unknown component: Drone_953
Unknown component: Drone_954
Unknown component: Drone_955
Unknown component: Drone_956
Unknown component: Drone_957
Unknown component: Drone_958
Unknown component: Drone_959
Unknown component: Drone_960
Unknown component: Drone_961
Unknown component: Drone_962
Unknown component: Drone_963
Unknown component: Drone_964
Unknown component: Drone_965
Unknown component: Drone_966
Unknown component: Drone_967
Unknown component: Drone_968
Unknown component: Drone_969
Unknown component: Drone_970
Unknown component: Drone_971
Unknown component: Drone_972
Unknown component: Drone_973
Unknown component: Drone_974
Unknown component: Drone_975
Unknown component: Drone_976
Unknown component: Drone_977
Unknown component: Drone_978
Unknown component: Drone_979
Unknown component: Drone_980
Unknown component: Drone_981
Unknown component: Drone_982
Unknown component: Drone_983
Unknown component: Drone_984
Unknown component: Drone_985
Unknown component: Drone_986
Unknown component: Drone_987
Unknown component: Drone_988
Unknown component: Drone_989
Unknown component: Drone_990
Unknown component: Drone_991
Unknown component: Drone_992
Unknown component: Drone_993
Unknown component: Drone_994
Unknown component: Drone_995
Unknown component: Drone_996
Unknown component: Drone_997
Unknown component: Drone_998
Unknown component: Drone_999
Unknown component: Drone_1000
Unknown component: Drone_1001
Unknown component: Drone_1002
Unknown component: Drone_1003
Unknown component: Drone_1004
Unknown component: Drone_1005
Unknown component: Drone_1006
Unknown component: Drone_1007
Unknown component: Drone_1008
Unknown component: Drone_1009
Unknown component: Drone_1010
Unknown component: Drone_1011
Unknown component: Drone_1012
Unknown component: Drone_1013
Unknown component: Drone_1014
Unknown component: Drone_1015
Unknown component: Drone_1016
Unknown component: Drone_1017
Unknown component: Drone_1018
Unknown component: Drone_1019
Unknown component: Drone_1020
Unknown component: Drone_1021
Unknown component: Drone_1022
Unknown component: Drone_1023
Unknown component: Drone_1024
Unknown component: Drone_1025
Unknown component: Drone_1026
Unknown component: Drone_1027
Unknown component: Drone_1028
Unknown component: Drone_1029
Unknown component: Drone_1030
Unknown component: Drone_1031
Unknown component: Drone_1032
Unknown component: Drone_1033
Unknown component: Drone_1034
Unknown component: Drone_1035
Unknown component: Drone_1036
Unknown component: Drone_1037
Unknown component: Drone_1038
Unknown component: Drone_1039
Unknown component: Drone_1040
Unknown component: Drone_1041
Unknown component: Drone_1042
Unknown component: Drone_1043
Unknown component: Drone_1044
Unknown component: Drone_1045
Unknown component: Drone_1046
Unknown component: Drone_1047
Unknown component: Drone_1048
Unknown component: Drone_1049
Unknown component: Drone_1050
Unknown component: Drone_1051
Unknown component: Drone_1052
Unknown component: Drone_1053
Unknown component: Drone_1054
Unknown component: Drone_1055
Unknown component: Drone_1056
Unknown component: Drone_1057
Unknown component: Drone_1058
Unknown component: Drone_1059
Unknown component: Drone_1060
Unknown component: Drone_1061
Unknown component: Drone_1062
Unknown component: Drone_1063
Unknown component: Drone_1064
Unknown component: Drone_1065
Unknown component: Drone_1066
Unknown component: Drone_1067
Unknown component: Drone_1068
Unknown component: Drone_1069
Unknown component: Drone_1070
Unknown component: Drone_1071
Unknown component: Drone_1072
Unknown component: Drone_1073
Unknown component: Drone_1074
Unknown component: Drone_1075
Unknown component: Drone_1076
Unknown component: Drone_1077
Unknown component: Drone_1078
Unknown component: Drone_1079
Unknown component: Drone_1080
Unknown component: Drone_1081
Unknown component: Drone_1082
Unknown component: Drone_1083
Unknown component: Drone_1084
Unknown component: Drone_1085
Unknown component: Drone_1086
Unknown component: Drone_1087
Unknown component: Drone_1088
Unknown component: Drone_1089
Unknown component: Drone_1090
Unknown component: Drone_1091
Unknown component: Drone_1092
Unknown component: Drone_1093
Unknown component: Drone_1094
Unknown component: Drone_1095
Unknown component: Drone_1096
Unknown component: Drone_1097
Unknown component: Drone_1098
Unknown component: Drone_1099
Unknown component: Drone_1100
Unknown component: Drone_1101
Unknown component: Drone_1102
Unknown component: Drone_1103
Unknown component: Drone_1104
Unknown component: Drone_1105
Unknown component: Drone_1106
Unknown component: Drone_1107
Unknown component: Drone_1108
Unknown component: Drone_1109
Unknown component: Drone_1110
Unknown component: Drone_1111
Unknown component: Drone_1112
Unknown component: Drone_1113
Unknown component: Drone_1114
Unknown component: Drone_1115
Unknown component: Drone_1116
Unknown component: Drone_1117
Unknown component: Drone_1118
Unknown component: Drone_1119
Unknown component: Drone_1120
Unknown component: Drone_1121
Unknown component: Drone_1122
Unknown component: Drone_1123
Unknown component: Drone_1124
Unknown component: Drone_1125
Unknown component: Drone_1126
Unknown component: Drone_1127
Unknown component: Drone_1128
Unknown component: Drone_1129
Unknown component: Drone_1130
Unknown component: Drone_1131
Unknown component: Drone_1132
Unknown component: Drone_1133
Unknown component: Drone_1134
Unknown component: Drone_1135
Unknown component: Drone_1136
Unknown component: Drone_1137
Unknown component: Drone_1138
Unknown component: Drone_1139
Unknown component: Drone_1140
Unknown component: Drone_1141
Unknown component: Drone_1142
Unknown component: Drone_1143
Unknown component: Drone_1144
Unknown component: Drone_1145
Unknown component: Drone_1146
Unknown component: Drone_1147
Unknown component: Drone_1148
Unknown component: Drone_1149
Unknown component: Drone_1150
Unknown component: Drone_1151
Unknown component: Drone_1152
Unknown component: Drone_1153
Unknown component: Drone_1154
Unknown component: Drone_1155
Unknown component: Drone_1156
Unknown component: Drone_1157
Unknown component: Drone_1158
Unknown component: Drone_1159
Unknown component: Drone_1160
Unknown component: Drone_1161
Unknown component: Drone_1162
Unknown component: Drone_1163
Unknown component: Drone_1164
Unknown component: Drone_1165
Unknown component: Drone_1166
Unknown component: Drone_1167
Unknown component: Drone_1168
Unknown component: Drone_1169
Unknown component: Drone_1170
Unknown component: Drone_1171
Unknown component: Drone_1172
Unknown component: Drone_1173
Unknown component: Drone_1174
Unknown component: Drone_1175
Unknown component: Drone_1176
Unknown component: Drone_1177
Unknown component: Drone_1178
Unknown component: Drone_1179
Unknown component: Drone_1180
Unknown component: Drone_1181
Unknown component: Drone_1182
Unknown component: Drone_1183
Unknown component: Drone_1184
Unknown component: Drone_1185
Unknown component: Drone_1186
Unknown component: Drone_1187
Unknown component: Drone_1188
Unknown component: Drone_1189
Unknown component: Drone_1190
Unknown component: Drone_1191
Unknown component: Drone_1192
Unknown component: Drone_1193
Unknown component: Drone_1194
Unknown component: Drone_1195
Unknown component: Drone_1196
Unknown component: Drone_1197
Unknown component: Drone_1198
Unknown component: Drone_1199
Unknown component: Drone_1200
Unknown component: Drone_1201
Unknown component: Drone_1202
Unknown component: Drone_1203
Unknown component: Drone_1204
Unknown component: Drone_1205
Unknown component: Drone_1206
Unknown component: Drone_1207
Unknown component: Drone_1208
Unknown component: Drone_1209
Unknown component: Drone_1210
Unknown component: Drone_1211
Unknown component: Drone_1212
Unknown component: Drone_1213
Unknown component: Drone_1214
Unknown component: Drone_1215
Unknown component: Drone_1216
Unknown component: Drone_1217
Unknown component: Drone_1218
Unknown component: Drone_1219
Unknown component: Drone_1220
Unknown component: Drone_1221
Unknown component: Drone_1222
Unknown component: Drone_1223
Unknown component: Drone_1224
Unknown component: Drone_1225
Unknown component: Drone_1226
Unknown component: Drone_1227
Unknown component: Drone_1228
Unknown component: Drone_1229
Unknown component: Drone_1230
Unknown component: Drone_1231
Unknown component: Drone_1232
Unknown component: Drone_1233
Unknown component: Drone_1234
Unknown component: Drone_1235
Unknown component: Drone_1236
Unknown component: Drone_1237
Unknown component: Drone_1238
Unknown component: Drone_1239
Unknown component: Drone_1240
Unknown component: Drone_1241
Unknown component: Drone_1242
Unknown component: Drone_1243
Unknown component: Drone_1244
Unknown component: Drone_1245
Unknown component: Drone_1246
Unknown component: Drone_1247
Unknown component: Drone_1248
Unknown component: Drone_1249
Unknown component: Drone_1250
Unknown component: Drone_1251
Unknown component: Drone_1252
Unknown component: Drone_1253
Unknown component: Drone_1254
Unknown component: Drone_1255
Unknown component: Drone_1256
Unknown component: Drone_1257
Unknown component: Drone_1258
Unknown component: Drone_1259
Unknown component: Drone_1260
Unknown component: Drone_1261
Unknown component: Drone_1262
Unknown component: Drone_1263
Unknown component: Drone_1264
Unknown component: Drone_1265
Unknown component: Drone_1266
Unknown component: Drone_1267
Unknown component: Drone_1268
Unknown component: Drone_1269
Unknown component: Drone_1270
Unknown component: Drone_1271
Unknown component: Drone_1272
Unknown component: Drone_1273
Unknown component: Drone_1274
Unknown component: Drone_1275
Unknown component: Drone_1276
Unknown component: Drone_1277
Unknown component: Drone_1278
Unknown component: Drone_1279
Unknown component: Drone_1280
Unknown component: Drone_1281
Unknown component: Drone_1282
Unknown component: Drone_1283
Unknown component: Drone_1284
Unknown component: Drone_1285
Unknown component: Drone_1286
Unknown component: Drone_1287
Unknown component: Drone_1288
Unknown component: Drone_1289
Unknown component: Drone_1290
Unknown component: Drone_1291
Unknown component: Drone_1292
Unknown component: Drone_1293
Unknown component: Drone_1294
Unknown component: Drone_1295
Unknown component: Drone_1296
Unknown component: Drone_1297
Unknown component: Drone_1298
Unknown component: Drone_1299
Unknown component: Drone_1300
Unknown component: Drone_1301
Unknown component: Drone_1302
Unknown component: Drone_1303
Unknown component: Drone_1304
Unknown component: Drone_1305
Unknown component: Drone_1306
Unknown component: Drone_1307
Unknown component: Drone_1308
Unknown component: Drone_1309
Unknown component: Drone_1310
Unknown component: Drone_1311
Unknown component: Drone_1312
Unknown component: Drone_1313
Unknown component: Drone_1314
Unknown component: Drone_1315
Unknown component: Drone_1316
Unknown component: Drone_1317
Unknown component: Drone_1318
Unknown component: Drone_1319
Unknown component: Drone_1320
Unknown component: Drone_1321
Unknown component: Drone_1322
Unknown component: Drone_1323
Unknown component: Drone_1324
Unknown component: Drone_1325
Unknown component: Drone_1326
Unknown component: Drone_1327
Unknown component: Drone_1328
Unknown component: Drone_1329
Unknown component: Drone_1330
Unknown component: Drone_1331
Unknown component: Drone_1332
Unknown component: Drone_1333
Unknown component: Drone_1334
Unknown component: Drone_1335
Unknown component: Drone_1336
Unknown component: Drone_1337
Unknown component: Drone_1338
Unknown component: Drone_1339
Unknown component: Drone_1340
Unknown component: Drone_1341
Unknown component: Drone_1342
Unknown component: Drone_1343
Unknown component: Drone_1344
Unknown component: Drone_1345
Unknown component: Drone_1346
Unknown component: Drone_1347
Unknown component: Drone_1348
Unknown component: Drone_1349
Unknown component: Drone_1350
Unknown component: Drone_1351
Unknown component: Drone_1352
Unknown component: Drone_1353
Unknown component: Drone_1354
Unknown component: Drone_1355
Unknown component: Drone_1356
Unknown component: Drone_1357
Unknown component: Drone_1358
Unknown component: Drone_1359
Unknown component: Drone_1360
Unknown component: Drone_1361
Unknown component: Drone_1362
Unknown component: Drone_1363
Unknown component: Drone_1364
Unknown component: Drone_1365
Unknown component: Drone_1366
Unknown component: Drone_1367
Unknown component: Drone_1368
Unknown component: Drone_1369
Unknown component: Drone_1370
Unknown component: Drone_1371
Unknown component: Drone_1372
Unknown component: Drone_1373
Unknown component: Drone_1374
Unknown component: Drone_1375
Unknown component: Drone_1376
Unknown component: Drone_1377
Unknown component: Drone_1378
Unknown component: Drone_1379
Unknown component: Drone_1380
Unknown component: Drone_1381
Unknown component: Drone_1382
Unknown component: Drone_1383
Unknown component: Drone_1384
Unknown component: Drone_1385
Unknown component: Drone_1386
Unknown component: Drone_1387
Unknown component: Drone_1388
Unknown component: Drone_1389
Unknown component: Drone_1390
Unknown component: Drone_1391
Unknown component: Drone_1392
Unknown component: Drone_1393
Unknown component: Drone_1394
Unknown component: Drone_1395
Unknown component: Drone_1396
Unknown component: Drone_1397
Unknown component: Drone_1398
Unknown component: Drone_1399
Unknown component: Drone_1400
Unknown component: Drone_1401
Unknown component: Drone_1402
Unknown component: Drone_1403
Unknown component: Drone_1404
Unknown component: Drone_1405
Unknown component: Drone_1406
Unknown component: Drone_1407
Unknown component: Drone_1408
Unknown component: Drone_1409
Unknown component: Drone_1410
Unknown component: Drone_1411
Unknown component: Drone_1412
Unknown component: Drone_1413
Unknown component: Drone_1414
Unknown component: Drone_1415
Unknown component: Drone_1416
Unknown component: Drone_1417
Unknown component: Drone_1418
Unknown component: Drone_1419
Unknown component: Drone_1420
Unknown component: Drone_1421
Unknown component: Drone_1422
Unknown component: Drone_1423
Unknown component: Drone_1424
Unknown component: Drone_1425
Unknown component: Drone_1426
Unknown component: Drone_1427
Unknown component: Drone_1428
Unknown component: Drone_1429
Unknown component: Drone_1430
Unknown component: Drone_1431
Unknown component: Drone_1432
Unknown component: Drone_1433
Unknown component: Drone_1434
Unknown component: Drone_1435
Unknown component: Drone_1436
Unknown component: Drone_1437
Unknown component: Drone_1438
Unknown component: Drone_1439
Unknown component: Drone_1440
Unknown component: Drone_1441
Unknown component: Drone_1442
Unknown component: Drone_1443
Unknown component: Drone_1444
Unknown component: Drone_1445
Unknown component: Drone_1446
Unknown component: Drone_1447
Unknown component: Drone_1448
Unknown component: Drone_1449
Unknown component: Drone_1450
Unknown component: Drone_1451
Unknown component: Drone_1452
Unknown component: Drone_1453
Unknown component: Drone_1454
Unknown component: Drone_1455
Unknown component: Drone_1456
Unknown component: Drone_1457
Unknown component: Drone_1458
Unknown component: Drone_1459
Unknown component: Drone_1460
Unknown component: Drone_1461
Unknown component: Drone_1462
Unknown component: Drone_1463
Unknown component: Drone_1464
Unknown component: Drone_1465
Unknown component: Drone_1466
Unknown component: Drone_1467
Unknown component: Drone_1468
Unknown component: Drone_1469
Unknown component: Drone_1470
Unknown component: Drone_1471
Unknown component: Drone_1472
Unknown component: Drone_1473
Unknown component: Drone_1474
Unknown component: Drone_1475
Unknown component: Drone_1476
Unknown component: Drone_1477
Unknown component: Drone_1478
Unknown component: Drone_1479
Unknown component: Drone_1480
Unknown component: Drone_1481
Unknown component: Drone_1482
Unknown component: Drone_1483
Unknown component: Drone_1484
Unknown component: Drone_1485
Unknown component: Drone_1486
Unknown component: Drone_1487
Unknown component: Drone_1488
Unknown component: Drone_1489
Unknown component: Drone_1490
Unknown component: Drone_1491
Unknown component: Drone_1492
Unknown component: Drone_1493
Unknown component: Drone_1494
Unknown component: Drone_1495
Unknown component: Drone_1496
Unknown component: Drone_1497
Unknown component: Drone_1498
Unknown component: Drone_1499
Unknown component: Drone_1500
Unknown component: Drone_1501
Unknown component: Drone_1502
Unknown component: Drone_1503
Unknown component: Drone_1504
Unknown component: Drone_1505
Unknown component: Drone_1506
Unknown component: Drone_1507
Unknown component: Drone_1508
Unknown component: Drone_1509
Unknown component: Drone_1510
Unknown component: Drone_1511
Unknown component: Drone_1512
Unknown component: Drone_1513
Unknown component: Drone_1514
Unknown component: Drone_1515
Unknown component: Drone_1516
Unknown component: Drone_1517
Unknown component: Drone_1518
Unknown component: Drone_1519
Unknown component: Drone_1520
Unknown component: Drone_1521
Unknown component: Drone_1522
Unknown component: Drone_1523
Unknown component: Drone_1524
Unknown component: Drone_1525
Unknown component: Drone_1526
Unknown component: Drone_1527
Unknown component: Drone_1528
Unknown component: Drone_1529
Unknown component: Drone_1530
Unknown component: Drone_1531
Unknown component: Drone_1532
Unknown component: Drone_1533
Unknown component: Drone_1534
Unknown component: Drone_1535
Unknown component: Drone_1536
Unknown component: Drone_1537
Unknown component: Drone_1538
Unknown component: Drone_1539
Unknown component: Drone_1540
Unknown component: Drone_1541
Unknown component: Drone_1542
Unknown component: Drone_1543
Unknown component: Drone_1544
Unknown component: Drone_1545
Unknown component: Drone_1546
Unknown component: Drone_1547
Unknown component: Drone_1548
Unknown component: Drone_1549
Unknown component: Drone_1550
Unknown component: Drone_1551
Unknown component: Drone_1552
Unknown component: Drone_1553
Unknown component: Drone_1554
Unknown component: Drone_1555
Unknown component: Drone_1556
Unknown component: Drone_1557
Unknown component: Drone_1558
Unknown component: Drone_1559
Unknown component: Drone_1560
Unknown component: Drone_1561
Unknown component: Drone_1562
Unknown component: Drone_1563
Unknown component: Drone_1564
Unknown component: Drone_1565
Unknown component: Drone_1566
Unknown component: Drone_1567
Unknown component: Drone_1568
Unknown component: Drone_1569
Unknown component: Drone_1570
Unknown component: Drone_1571
Unknown component: Drone_1572
Unknown component: Drone_1573
Unknown component: Drone_1574
Unknown component: Drone_1575
Unknown component: Drone_1576
Unknown component: Drone_1577
Unknown component: Drone_1578
Unknown component: Drone_1579
Unknown component: Drone_1580
Unknown component: Drone_1581
Unknown component: Drone_1582
Unknown component: Drone_1583
Unknown component: Drone_1584
Unknown component: Drone_1585
Unknown component: Drone_1586
Unknown component: Drone_1587
Unknown component: Drone_1588
Unknown component: Drone_1589
Unknown component: Drone_1590
Unknown component: Drone_1591
Unknown component: Drone_1592
Unknown component: Drone_1593
Unknown component: Drone_1594
Unknown component: Drone_1595
Unknown component: Drone_1596
Unknown component: Drone_1597
Unknown component: Drone_1598
Unknown component: Drone_1599
Unknown component: Drone_1600
Unknown component: Drone_1601
Unknown component: Drone_1602
Unknown component: Drone_1603
Unknown component: Drone_1604
Unknown component: Drone_1605
Unknown component: Drone_1606
Unknown component: Drone_1607
Unknown component: Drone_1608
Unknown component: Drone_1609
Unknown component: Drone_1610
Unknown component: Drone_1611
Unknown component: Drone_1612
Unknown component: Drone_1613
Unknown component: Drone_1614
Unknown component: Drone_1615
Unknown component: Drone_1616
Unknown component: Drone_1617
Unknown component: Drone_1618
Unknown component: Drone_1619
Unknown component: Drone_1620
Unknown component: Drone_1621
Unknown component: Drone_1622
Unknown component: Drone_1623
Unknown component: Drone_1624
Unknown component: Drone_1625
Unknown component: Drone_1626
Unknown component: Drone_1627
Unknown component: Drone_1628
Unknown component: Drone_1629
Unknown component: Drone_1630
Unknown component: Drone_1631
Unknown component: Drone_1632
Unknown component: Drone_1633
Unknown component: Drone_1634
Unknown component: Drone_1635
Unknown component: Drone_1636
Unknown component: Drone_1637
Unknown component: Drone_1638
Unknown component: Drone_1639
Unknown component: Drone_1640
Unknown component: Drone_1641
Unknown component: Drone_1642
Unknown component: Drone_1643
Unknown component: Drone_1644
Unknown component: Drone_1645
Unknown component: Drone_1646
Unknown component: Drone_1647
Unknown component: Drone_1648
Unknown component: Drone_1649
Unknown component: Drone_1650
Unknown component: Drone_1651
Unknown component: Drone_1652
Unknown component: Drone_1653
Unknown component: Drone_1654
Unknown component: Drone_1655
Unknown component: Drone_1656
Unknown component: Drone_1657
Unknown component: Drone_1658
Unknown component: Drone_1659
Unknown component: Drone_1660
Unknown component: Drone_1661
Unknown component: Drone_1662
Unknown component: Drone_1663
Unknown component: Drone_1664
Unknown component: Drone_1665
Unknown component: Drone_1666
Unknown component: Drone_1667
Unknown component: Drone_1668
Unknown component: Drone_1669
Unknown component: Drone_1670
Unknown component: Drone_1671
Unknown component: Drone_1672
Unknown component: Drone_1673
Unknown component: Drone_1674
Unknown component: Drone_1675
Unknown component: Drone_1676
Unknown component: Drone_1677
Unknown component: Drone_1678
Unknown component: Drone_1679
Unknown component: Drone_1680
Unknown component: Drone_1681
Unknown component: Drone_1682
Unknown component: Drone_1683
Unknown component: Drone_1684
Unknown component: Drone_1685
Unknown component: Drone_1686
Unknown component: Drone_1687
Unknown component: Drone_1688
Unknown component: Drone_1689
Unknown component: Drone_1690
Unknown component: Drone_1691
Unknown component: Drone_1692
Unknown component: Drone_1693
Unknown component: Drone_1694
Unknown component: Drone_1695
Unknown component: Drone_1696
Unknown component: Drone_1697
Unknown component: Drone_1698
Unknown component: Drone_1699
Unknown component: Drone_1700
Unknown component: Drone_1701
Unknown component: Drone_1702
Unknown component: Drone_1703
Unknown component: Drone_1704
Unknown component: Drone_1705
Unknown component: Drone_1706
Unknown component: Drone_1707
Unknown component: Drone_1708
Unknown component: Drone_1709
Unknown component: Drone_1710
Unknown component: Drone_1711
Unknown component: Drone_1712
Unknown component: Drone_1713
Unknown component: Drone_1714
Unknown component: Drone_1715
Unknown component: Drone_1716
Unknown component: Drone_1717
Unknown component: Drone_1718
Unknown component: Drone_1719
Unknown component: Drone_1720
Unknown component: Drone_1721
Unknown component: Drone_1722
Unknown component: Drone_1723
Unknown component: Drone_1724
Unknown component: Drone_1725
Unknown component: Drone_1726
Unknown component: Drone_1727
Unknown component: Drone_1728
Unknown component: Drone_1729
Unknown component: Drone_1730
Unknown component: Drone_1731
Unknown component: Drone_1732
Unknown component: Drone_1733
Unknown component: Drone_1734
Unknown component: Drone_1735
Unknown component: Drone_1736
Unknown component: Drone_1737
Unknown component: Drone_1738
Unknown component: Drone_1739
Unknown component: Drone_1740
Unknown component: Drone_1741
Unknown component: Drone_1742
Unknown component: Drone_1743
Unknown component: Drone_1744
Unknown component: Drone_1745
Unknown component: Drone_1746
Unknown component: Drone_1747
Unknown component: Drone_1748
Unknown component: Drone_1749
Unknown component: Drone_1750
Unknown component: Drone_1751
Unknown component: Drone_1752
Unknown component: Drone_1753
Unknown component: Drone_1754
Unknown component: Drone_1755
Unknown component: Drone_1756
Unknown component: Drone_1757
Unknown component: Drone_1758
Unknown component: Drone_1759
Unknown component: Drone_1760
Unknown component: Drone_1761
Unknown component: Drone_1762
Unknown component: Drone_1763
Unknown component: Drone_1764
Unknown component: Drone_1765
Unknown component: Drone_1766
Unknown component: Drone_1767
Unknown component: Drone_1768
Unknown component: Drone_1769
Unknown component: Drone_1770
Unknown component: Drone_1771
Unknown component: Drone_1772
Unknown component: Drone_1773
Unknown component: Drone_1774
Unknown component: Drone_1775
Unknown component: Drone_1776
Unknown component: Drone_1777
Unknown component: Drone_1778
Unknown component: Drone_1779
Unknown component: Drone_1780
Unknown component: Drone_1781
Unknown component: Drone_1782
Unknown component: Drone_1783
Unknown component: Drone_1784
Unknown component: Drone_1785
Unknown component: Drone_1786
Unknown component: Drone_1787
Unknown component: Drone_1788
Unknown component: Drone_1789
Unknown component: Drone_1790
Unknown component: Drone_1791
Unknown component: Drone_1792
Unknown component: Drone_1793
Unknown component: Drone_1794
Unknown component: Drone_1795
Unknown component: Drone_1796
Unknown component: Drone_1797
Unknown component: Drone_1798
Unknown component: Drone_1799
Unknown component: Drone_1800
Unknown component: Drone_1801
Unknown component: Drone_1802
Unknown component: Drone_1803
Unknown component: Drone_1804
Unknown component: Drone_1805
Unknown component: Drone_1806
Unknown component: Drone_1807
Unknown component: Drone_1808
Unknown component: Drone_1809
Unknown component: Drone_1810
Unknown component: Drone_1811
Unknown component: Drone_1812
Unknown component: Drone_1813
Unknown component: Drone_1814
Unknown component: Drone_1815
Unknown component: Drone_1816
Unknown component: Drone_1817
Unknown component: Drone_1818
Unknown component: Drone_1819
Unknown component: Drone_1820
Unknown component: Drone_1821
Unknown component: Drone_1822
Unknown component: Drone_1823
Unknown component: Drone_1824
Unknown component: Drone_1825
Unknown component: Drone_1826
Unknown component: Drone_1827
Unknown component: Drone_1828
Unknown component: Drone_1829
Unknown component: Drone_1830
Unknown component: Drone_1831
Unknown component: Drone_1832
Unknown component: Drone_1833
Unknown component: Drone_1834
Unknown component: Drone_1835
Unknown component: Drone_1836
Unknown component: Drone_1837
Unknown component: Drone_1838
Unknown component: Drone_1839
Unknown component: Drone_1840
Unknown component: Drone_1841
Unknown component: Drone_1842
Unknown component: Drone_1843
Unknown component: Drone_1844
Unknown component: Drone_1845
Unknown component: Drone_1846
Unknown component: Drone_1847
Unknown component: Drone_1848
Unknown component: Drone_1849
Unknown component: Drone_1850
Unknown component: Drone_1851
Unknown component: Drone_1852
Unknown component: Drone_1853
Unknown component: Drone_1854
Unknown component: Drone_1855
Unknown component: Drone_1856
Unknown component: Drone_1857
Unknown component: Drone_1858
Unknown component: Drone_1859
Unknown component: Drone_1860
Unknown component: Drone_1861
Unknown component: Drone_1862
Unknown component: Drone_1863
Unknown component: Drone_1864
Unknown component: Drone_1865
Unknown component: Drone_1866
Unknown component: Drone_1867
Unknown component: Drone_1868
Unknown component: Drone_1869
Unknown component: Drone_1870
Unknown component: Drone_1871
Unknown component: Drone_1872
Unknown component: Drone_1873
Unknown component: Drone_1874
Unknown component: Drone_1875
Unknown component: Drone_1876
Unknown component: Drone_1877
Unknown component: Drone_1878
Unknown component: Drone_1879
Unknown component: Drone_1880
Unknown component: Drone_1881
Unknown component: Drone_1882
Unknown component: Drone_1883
Unknown component: Drone_1884
Unknown component: Drone_1885
Unknown component: Drone_1886
Unknown component: Drone_1887
Unknown component: Drone_1888
Unknown component: Drone_1889
Unknown component: Drone_1890
Unknown component: Drone_1891
Unknown component: Drone_1892
Unknown component: Drone_1893
Unknown component: Drone_1894
Unknown component: Drone_1895
Unknown component: Drone_1896
Unknown component: Drone_1897
Unknown component: Drone_1898
Unknown component: Drone_1899
Unknown component: Drone_1900
Unknown component: Drone_1901
Unknown component: Drone_1902
Unknown component: Drone_1903
Unknown component: Drone_1904
Unknown component: Drone_1905
Unknown component: Drone_1906
Unknown component: Drone_1907
Unknown component: Drone_1908
Unknown component: Drone_1909
Component assigned into multiple groups: Drone_6
Component assigned into multiple groups: Drone_10
Component assigned into multiple groups: Drone_15
Component assigned into multiple groups: Drone_16
Component assigned into multiple groups: Drone_18
Component assigned into multiple groups: Drone_20
The following components have not been assigned to a group: Drone_25, Drone_27, Drone_31
The following groups are missing in the assignment: protecting Field_271, protecting Field_338, protecting Field_100, protecting Field_392, protecting Field_388, protecting Field_173, protecting Field_149, protecting Field_71, protecting Field_365, protecting Field_47, protecting Field_303, protecting Field_31, protecting Field_108, protecting Field_109, protecting Field_171, protecting Field_407, protecting Field_350, protecting Field_336, protecting Field_117, protecting Field_339, protecting Field_51, protecting Field_444, protecting Field_68, protecting Field_55, protecting Field_248, protecting Field_110, protecting Field_67, protecting Field_211, protecting Field_376, protecting Field_89, protecting Field_159, protecting Field_235, protecting Field_412, protecting Field_438, protecting Field_138, protecting Field_82, protecting Field_140, protecting Field_5, protecting Field_371, protecting Field_122, protecting Field_21, protecting Field_145, protecting Field_362, protecting Field_374, protecting Field_230, protecting Field_188, protecting Field_321, protecting Field_441, protecting Field_177, protecting Field_129, protecting Field_66, protecting Field_459, protecting Field_130, protecting Field_11, protecting Field_151, protecting Field_449, protecting Field_136, protecting Field_19, protecting Field_255, protecting Field_434, protecting Field_447, protecting Field_16, protecting Field_64, protecting Field_93, protecting Field_289, protecting Field_187, protecting Field_370, protecting Field_193, protecting Field_298, protecting Field_80, protecting Field_84, protecting Field_15, protecting Field_103, protecting Field_72, protecting Field_43, protecting Field_22, protecting Field_166, protecting Field_208, protecting Field_301, protecting Field_423, protecting Field_223, protecting Field_432, protecting Field_28, protecting Field_220, protecting Field_245, protecting Field_345, protecting Field_247, protecting Field_346, protecting Field_349, protecting Field_278, protecting Field_359, protecting Field_221, protecting Field_426, protecting Field_144, protecting Field_381, protecting Field_456, protecting Field_252, protecting Field_133, protecting Field_13, protecting Field_287, protecting Field_26, protecting Field_9, protecting Field_77, protecting Field_242, protecting Field_65, protecting Field_78, protecting Field_134, protecting Field_150, protecting Field_265, protecting Field_105, protecting Field_202, protecting Field_335, protecting Field_269, protecting Field_83, protecting Field_34, protecting Field_241, protecting Field_154, protecting Field_79, protecting Field_330, protecting Field_23, protecting Field_369, protecting Field_87, protecting Field_48, protecting Field_116, protecting Field_29, protecting Field_59, protecting Field_276, protecting Field_152, protecting Field_401, protecting Field_181, protecting Field_191, protecting Field_113, protecting Field_398, protecting Field_285, protecting Field_380, protecting Field_375, protecting Field_325, protecting Field_197, protecting Field_49, protecting Field_320, protecting Field_453, protecting Field_214, protecting Field_272, protecting Field_3, protecting Field_57, protecting Field_61, protecting Field_62, protecting Field_118, protecting Field_132, protecting Field_203, protecting Field_112, protecting Field_295, protecting Field_368, protecting Field_275, protecting Field_394, protecting Field_226, protecting Field_35, protecting Field_161, protecting Field_39, protecting Field_206, protecting Field_324, protecting Field_14, protecting Field_8, protecting Field_297, protecting Field_322, protecting Field_422, protecting Field_163, protecting Field_219, protecting Field_433, protecting Field_234, protecting Field_314, protecting Field_135, protecting Field_158, protecting Field_98, protecting Field_169, protecting Field_207, protecting Field_212, protecting Field_54, protecting Field_355, protecting Field_455, protecting Field_143, protecting Field_448, protecting Field_366, protecting Field_264, protecting Field_393, protecting Field_20, protecting Field_306, protecting Field_53, protecting Field_160, protecting Field_237, protecting Field_165, protecting Field_364, protecting Field_296, protecting Field_244, protecting Field_175, protecting Field_86, protecting Field_439, protecting Field_121, protecting Field_45, protecting Field_428, protecting Field_205, protecting Field_357, protecting Field_461, protecting Field_413, protecting Field_44, protecting Field_186, protecting Field_292, protecting Field_391, protecting Field_40, protecting Field_146, protecting Field_63, protecting Field_397, protecting Field_229, protecting Field_184, protecting Field_270, protecting Field_131, protecting Field_331, protecting Field_274, protecting Field_425, protecting Field_419, protecting Field_73, protecting Field_180, protecting Field_148, protecting Field_385, protecting Field_107, protecting Field_30, protecting Field_400, protecting Field_69, protecting Field_167, protecting Field_147, protecting Field_200, protecting Field_94, protecting Field_396, protecting Field_41, protecting Field_418, protecting Field_340
The following components have not been assigned to a group: Drone_661, Drone_662, Drone_663, Drone_664, Drone_665, Drone_666, Drone_667, Drone_668, Drone_669, Drone_670, Drone_671, Drone_672, Drone_673, Drone_674, Drone_675, Drone_676, Drone_677, Drone_678, Drone_679, Drone_680, Drone_681, Drone_682, Drone_683, Drone_684, Drone_685, Drone_686, Drone_687, Drone_688, Drone_689, Drone_690, Drone_691, Drone_692, Drone_693, Drone_694, Drone_695, Drone_696, Drone_697, Drone_698, Drone_699, Drone_700, Drone_701, Drone_702, Drone_703, Drone_704, Drone_705, Drone_706, Drone_707, Drone_708, Drone_709, Drone_710, Drone_711, Drone_712, Drone_713, Drone_714, Drone_715, Drone_716, Drone_717, Drone_718, Drone_719, Drone_720, Drone_721, Drone_722, Drone_723, Drone_724, Drone_725, Drone_726, Drone_727, Drone_728, Drone_729, Drone_730, Drone_731, Drone_732, Drone_733, Drone_734, Drone_735, Drone_736, Drone_737, Drone_738, Drone_739, Drone_740, Drone_741, Drone_742, Drone_743, Drone_744, Drone_745, Drone_746, Drone_747, Drone_748, Drone_749, Drone_750, Drone_751, Drone_752, Drone_753, Drone_754, Drone_755, Drone_756, Drone_757, Drone_758, Drone_759, Drone_760, Drone_761, Drone_762, Drone_763, Drone_764, Drone_765, Drone_766, Drone_767, Drone_768, Drone_769, Drone_770, Drone_771, Drone_772, Drone_773, Drone_774, Drone_775, Drone_776, Drone_777, Drone_778, Drone_779, Drone_780, Drone_781, Drone_782, Drone_783, Drone_784, Drone_785, Drone_786, Drone_787, Drone_788, Drone_789, Drone_790, Drone_791, Drone_792, Drone_793, Drone_794, Drone_795, Drone_796, Drone_797, Drone_798, Drone_799, Drone_800, Drone_801, Drone_802, Drone_803, Drone_804, Drone_805, Drone_806, Drone_807, Drone_808, Drone_809, Drone_810, Drone_811, Drone_812, Drone_813, Drone_814, Drone_815, Drone_816, Drone_817, Drone_818, Drone_819, Drone_820, Drone_821, Drone_822, Drone_823, Drone_824, Drone_825, Drone_826, Drone_827, Drone_828, Drone_829, Drone_830, Drone_831, Drone_832, Drone_833, Drone_834, Drone_835, Drone_836, Drone_837, Drone_838, Drone_839, Drone_840, Drone_841, Drone_842, Drone_843, Drone_844, Drone_845, Drone_846, Drone_847, Drone_848, Drone_849, Drone_850, Drone_851, Drone_852, Drone_853, Drone_854, Drone_855, Drone_856, Drone_857, Drone_858, Drone_859, Drone_860, Drone_861, Drone_862, Drone_863, Drone_864, Drone_865, Drone_866, Drone_867, Drone_868, Drone_869, Drone_870, Drone_871, Drone_872, Drone_873, Drone_874, Drone_875, Drone_876, Drone_877, Drone_878, Drone_879, Drone_880, Drone_881
The following components have not been assigned to a group: Drone_261, Drone_262, Drone_263, Drone_264, Drone_265, Drone_266, Drone_267, Drone_268, Drone_269, Drone_270, Drone_271, Drone_272, Drone_273, Drone_274, Drone_275, Drone_276, Drone_277, Drone_278, Drone_279, Drone_280, Drone_281, Drone_282, Drone_283, Drone_284, Drone_285, Drone_286, Drone_287, Drone_288, Drone_289, Drone_290, Drone_291, Drone_292, Drone_293, Drone_294, Drone_295, Drone_296, Drone_297, Drone_298, Drone_299, Drone_300, Drone_301, Drone_302, Drone_303, Drone_304, Drone_305, Drone_306, Drone_307, Drone_308, Drone_309, Drone_310, Drone_311, Drone_312, Drone_313, Drone_314, Drone_315, Drone_316, Drone_317, Drone_318, Drone_319, Drone_320, Drone_321, Drone_322, Drone_323, Drone_324, Drone_325, Drone_326, Drone_327, Drone_328, Drone_329, Drone_330, Drone_331, Drone_332, Drone_333, Drone_334, Drone_335, Drone_336, Drone_337, Drone_338, Drone_339, Drone_340, Drone_341, Drone_342, Drone_343, Drone_344, Drone_345, Drone_346, Drone_347, Drone_348, Drone_349, Drone_350, Drone_351, Drone_352, Drone_353, Drone_354, Drone_355, Drone_356, Drone_357, Drone_358, Drone_359, Drone_360, Drone_361, Drone_362, Drone_363, Drone_364, Drone_365, Drone_366, Drone_367, Drone_368, Drone_369, Drone_370, Drone_371, Drone_372, Drone_373, Drone_374, Drone_375, Drone_376, Drone_377, Drone_378, Drone_379, Drone_380, Drone_381, Drone_382, Drone_383, Drone_384, Drone_385, Drone_386, Drone_387, Drone_388, Drone_389, Drone_390, Drone_391, Drone_392, Drone_393, Drone_394, Drone_395, Drone_396, Drone_397, Drone_398, Drone_399, Drone_400, Drone_401, Drone_402, Drone_403, Drone_404, Drone_405, Drone_406, Drone_407, Drone_408, Drone_409, Drone_410, Drone_411, Drone_412, Drone_413, Drone_414, Drone_415, Drone_416, Drone_417, Drone_418, Drone_419, Drone_420, Drone_421, Drone_422, Drone_423, Drone_424, Drone_425, Drone_426, Drone_427, Drone_428, Drone_429, Drone_430, Drone_431, Drone_432, Drone_433, Drone_434, Drone_435, Drone_436, Drone_437, Drone_438, Drone_439, Drone_440, Drone_441, Drone_442, Drone_443, Drone_444, Drone_445, Drone_446, Drone_447, Drone_448, Drone_449, Drone_450, Drone_451, Drone_452, Drone_453, Drone_454, Drone_455, Drone_456, Drone_457, Drone_458, Drone_459, Drone_460, Drone_461, Drone_462, Drone_463, Drone_464, Drone_465, Drone_466, Drone_467, Drone_468, Drone_469, Drone_470, Drone_471, Drone_472, Drone_473, Drone_474, Drone_475, Drone_476, Drone_477, Drone_478, Drone_479, Drone_480, Drone_481, Drone_482, Drone_483, Drone_484, Drone_485, Drone_486, Drone_487, Drone_488, Drone_489, Drone_490, Drone_491, Drone_492, Drone_493, Drone_494, Drone_495, Drone_496, Drone_497, Drone_498, Drone_499, Drone_500, Drone_501, Drone_502, Drone_503, Drone_504, Drone_505, Drone_506, Drone_507, Drone_508, Drone_509, Drone_510, Drone_511, Drone_512, Drone_513, Drone_514, Drone_515, Drone_516, Drone_517, Drone_518, Drone_519, Drone_520, Drone_521, Drone_522, Drone_523, Drone_524, Drone_525, Drone_526, Drone_527, Drone_528, Drone_529, Drone_530, Drone_531, Drone_532, Drone_533, Drone_534, Drone_535, Drone_536, Drone_537, Drone_538, Drone_539, Drone_540, Drone_541, Drone_542, Drone_543, Drone_544, Drone_545, Drone_546, Drone_547, Drone_548, Drone_549, Drone_550, Drone_551, Drone_552, Drone_553, Drone_554, Drone_555, Drone_556, Drone_557, Drone_558, Drone_559, Drone_560, Drone_561, Drone_562, Drone_563, Drone_564, Drone_565, Drone_566, Drone_567, Drone_568, Drone_569, Drone_570, Drone_571, Drone_572, Drone_573, Drone_574, Drone_575, Drone_576, Drone_577, Drone_578, Drone_579, Drone_580, Drone_581, Drone_582, Drone_583, Drone_584, Drone_585, Drone_586, Drone_587, Drone_588, Drone_589, Drone_590, Drone_591, Drone_592, Drone_593, Drone_594, Drone_595, Drone_596, Drone_597, Drone_598, Drone_599, Drone_600, Drone_601, Drone_602, Drone_603, Drone_604, Drone_605, Drone_606, Drone_607, Drone_608, Drone_609, Drone_610, Drone_611, Drone_612, Drone_613, Drone_614, Drone_615, Drone_616, Drone_617, Drone_618, Drone_619, Drone_620, Drone_621, Drone_622, Drone_623, Drone_624, Drone_625, Drone_626, Drone_627, Drone_628, Drone_629, Drone_630, Drone_631, Drone_632, Drone_633, Drone_634, Drone_635, Drone_636, Drone_637, Drone_638, Drone_639, Drone_640, Drone_641, Drone_642, Drone_643, Drone_644, Drone_645, Drone_646, Drone_647, Drone_648, Drone_649, Drone_650, Drone_651, Drone_652, Drone_653, Drone_654, Drone_655, Drone_656, Drone_657, Drone_658, Drone_659, Drone_660, Drone_661, Drone_662, Drone_663, Drone_664, Drone_665, Drone_666, Drone_667, Drone_668, Drone_669, Drone_670, Drone_671, Drone_672, Drone_673, Drone_674, Drone_675, Drone_676, Drone_677, Drone_678, Drone_679, Drone_680, Drone_681, Drone_682, Drone_683, Drone_684, Drone_685, Drone_686, Drone_687, Drone_688, Drone_689, Drone_690, Drone_691, Drone_692, Drone_693, Drone_694, Drone_695, Drone_696, Drone_697, Drone_698, Drone_699, Drone_700, Drone_701, Drone_702, Drone_703, Drone_704, Drone_705, Drone_706, Drone_707, Drone_708, Drone_709, Drone_710, Drone_711, Drone_712, Drone_713, Drone_714, Drone_715, Drone_716, Drone_717, Drone_718, Drone_719, Drone_720, Drone_721, Drone_722, Drone_723, Drone_724, Drone_725, Drone_726, Drone_727, Drone_728, Drone_729, Drone_730, Drone_731, Drone_732, Drone_733, Drone_734, Drone_735, Drone_736, Drone_737, Drone_738, Drone_739, Drone_740, Drone_741, Drone_742, Drone_743, Drone_744, Drone_745, Drone_746, Drone_747, Drone_748, Drone_749, Drone_750, Drone_751, Drone_752, Drone_753, Drone_754, Drone_755, Drone_756, Drone_757, Drone_758, Drone_759, Drone_760, Drone_761, Drone_762, Drone_763, Drone_764, Drone_765, Drone_766, Drone_767, Drone_768, Drone_769, Drone_770, Drone_771, Drone_772, Drone_773, Drone_774, Drone_775, Drone_776, Drone_777, Drone_778, Drone_779, Drone_780, Drone_781, Drone_782, Drone_783, Drone_784, Drone_785, Drone_786, Drone_787, Drone_788, Drone_789, Drone_790, Drone_791, Drone_792, Drone_793, Drone_794, Drone_795, Drone_796, Drone_797, Drone_798, Drone_799, Drone_800, Drone_801, Drone_802, Drone_803, Drone_804, Drone_805, Drone_806, Drone_807, Drone_808, Drone_809, Drone_810, Drone_811, Drone_812, Drone_813, Drone_814, Drone_815, Drone_816, Drone_817, Drone_818, Drone_819, Drone_820, Drone_821, Drone_822, Drone_823, Drone_824, Drone_825, Drone_826, Drone_827, Drone_828, Drone_829, Drone_830, Drone_831, Drone_832, Drone_833, Drone_834, Drone_835, Drone_836, Drone_837, Drone_838, Drone_839, Drone_840, Drone_841, Drone_842, Drone_843, Drone_844, Drone_845, Drone_846, Drone_847, Drone_848, Drone_849, Drone_850, Drone_851, Drone_852, Drone_853, Drone_854, Drone_855, Drone_856, Drone_857, Drone_858, Drone_859, Drone_860, Drone_861, Drone_862, Drone_863, Drone_864, Drone_865, Drone_866, Drone_867, Drone_868, Drone_869, Drone_870, Drone_871, Drone_872, Drone_873, Drone_874, Drone_875, Drone_876, Drone_877, Drone_878, Drone_879, Drone_880, Drone_881
The following components have not been assigned to a group: Drone_459
The following components have not been assigned to a group: Drone_24, Drone_25, Drone_27, Drone_28, Drone_29, Drone_35, Drone_158, Drone_170, Drone_269, Drone_270, Drone_323, Drone_333, Drone_336, Drone_354, Drone_359, Drone_360, Drone_361, Drone_365, Drone_367, Drone_368, Drone_370, Drone_372, Drone_373, Drone_376, Drone_381, Drone_385, Drone_386, Drone_388, Drone_389, Drone_390, Drone_391, Drone_392, Drone_393, Drone_395, Drone_398, Drone_401, Drone_402, Drone_403, Drone_407, Drone_412, Drone_413, Drone_414, Drone_415, Drone_417, Drone_421, Drone_424, Drone_425, Drone_429, Drone_430, Drone_432, Drone_434, Drone_436, Drone_437, Drone_440, Drone_443, Drone_445, Drone_448, Drone_449, Drone_454, Drone_457, Drone_458, Drone_461, Drone_468, Drone_469, Drone_470, Drone_475, Drone_477, Drone_478, Drone_479, Drone_480, Drone_481, Drone_482, Drone_483, Drone_484, Drone_489, Drone_495, Drone_497, Drone_499, Drone_501, Drone_502, Drone_504, Drone_506, Drone_507, Drone_508, Drone_509, Drone_510, Drone_511, Drone_513, Drone_514, Drone_515, Drone_516, Drone_517, Drone_519, Drone_520, Drone_521, Drone_522, Drone_523, Drone_524, Drone_525, Drone_526, Drone_527, Drone_528, Drone_529, Drone_530, Drone_531, Drone_532, Drone_534, Drone_537, Drone_538, Drone_540, Drone_544, Drone_545, Drone_548, Drone_549, Drone_550, Drone_553, Drone_555, Drone_556, Drone_557, Drone_559, Drone_560, Drone_561, Drone_562, Drone_564, Drone_565, Drone_567, Drone_570, Drone_572, Drone_573, Drone_574, Drone_575, Drone_576, Drone_578, Drone_579, Drone_580, Drone_581, Drone_582, Drone_583, Drone_584, Drone_585, Drone_587, Drone_588, Drone_590, Drone_592, Drone_593, Drone_594, Drone_595, Drone_596, Drone_597, Drone_599, Drone_601, Drone_602, Drone_603, Drone_604, Drone_605, Drone_606, Drone_607, Drone_608, Drone_611, Drone_612, Drone_613, Drone_616, Drone_617, Drone_619, Drone_620, Drone_621, Drone_622, Drone_623, Drone_624, Drone_625, Drone_626, Drone_628, Drone_629, Drone_630, Drone_631, Drone_633, Drone_635, Drone_636, Drone_637, Drone_638, Drone_639, Drone_640, Drone_641, Drone_642, Drone_643, Drone_644, Drone_645, Drone_646, Drone_647, Drone_648, Drone_649, Drone_650, Drone_651, Drone_652, Drone_653, Drone_654, Drone_655, Drone_656, Drone_657, Drone_658, Drone_659, Drone_660, Drone_661, Drone_662, Drone_663, Drone_664, Drone_665, Drone_666, Drone_667, Drone_668, Drone_669, Drone_670, Drone_671, Drone_672, Drone_673, Drone_674, Drone_675, Drone_676, Drone_677, Drone_678, Drone_679, Drone_680, Drone_681, Drone_682, Drone_683, Drone_684, Drone_685, Drone_686, Drone_687, Drone_688, Drone_689, Drone_690, Drone_691, Drone_692, Drone_693, Drone_694, Drone_695, Drone_696, Drone_697, Drone_698, Drone_699, Drone_700, Drone_701, Drone_702, Drone_703, Drone_704, Drone_705, Drone_706, Drone_707, Drone_708, Drone_709, Drone_710, Drone_711, Drone_712, Drone_713, Drone_714, Drone_715, Drone_716, Drone_717, Drone_718, Drone_719, Drone_720, Drone_721, Drone_722, Drone_723, Drone_724, Drone_725, Drone_726, Drone_727, Drone_728, Drone_729, Drone_730, Drone_731, Drone_732, Drone_733, Drone_734, Drone_735, Drone_736, Drone_737, Drone_738, Drone_739, Drone_740, Drone_741, Drone_742, Drone_743, Drone_744, Drone_745, Drone_746, Drone_747, Drone_748, Drone_749, Drone_750, Drone_751, Drone_752, Drone_753, Drone_754, Drone_755, Drone_756, Drone_757, Drone_758, Drone_759, Drone_760, Drone_761, Drone_762, Drone_763, Drone_764, Drone_765, Drone_766, Drone_767, Drone_768, Drone_769, Drone_770, Drone_771, Drone_772, Drone_773, Drone_774, Drone_775, Drone_776, Drone_777, Drone_778, Drone_779, Drone_780, Drone_781, Drone_782, Drone_783, Drone_784, Drone_785, Drone_786, Drone_787, Drone_788, Drone_789, Drone_790, Drone_791, Drone_792, Drone_793, Drone_794, Drone_795, Drone_796, Drone_797, Drone_798, Drone_799, Drone_800, Drone_801, Drone_802, Drone_803, Drone_804, Drone_805, Drone_806, Drone_807, Drone_808, Drone_809, Drone_810, Drone_811, Drone_812, Drone_813, Drone_814, Drone_815, Drone_816, Drone_817, Drone_818, Drone_819, Drone_820, Drone_821, Drone_822, Drone_823, Drone_824, Drone_825, Drone_826, Drone_827, Drone_828, Drone_829, Drone_830, Drone_831, Drone_832, Drone_833, Drone_834, Drone_835, Drone_836, Drone_837, Drone_838, Drone_839, Drone_840, Drone_841, Drone_842, Drone_843, Drone_844, Drone_845, Drone_846, Drone_847, Drone_848, Drone_849, Drone_850, Drone_851, Drone_852, Drone_853, Drone_854, Drone_855, Drone_856, Drone_857, Drone_858, Drone_859, Drone_860, Drone_861, Drone_862, Drone_863, Drone_864, Drone_865, Drone_866, Drone_867, Drone_868, Drone_869, Drone_870, Drone_871, Drone_872, Drone_873, Drone_874, Drone_875, Drone_876, Drone_877, Drone_878, Drone_879, Drone_880, Drone_881
The following components have not been assigned to a group: Drone_521, Drone_522, Drone_523, Drone_524, Drone_525, Drone_526, Drone_527, Drone_528, Drone_529, Drone_530, Drone_531, Drone_532, Drone_533, Drone_534, Drone_535, Drone_536, Drone_537, Drone_538, Drone_539, Drone_540, Drone_541, Drone_542, Drone_543, Drone_544, Drone_545, Drone_546, Drone_547, Drone_548, Drone_549, Drone_550, Drone_551, Drone_552, Drone_553, Drone_554, Drone_555, Drone_556, Drone_557, Drone_558, Drone_559, Drone_560, Drone_561, Drone_562, Drone_563, Drone_564, Drone_565, Drone_566, Drone_567, Drone_568, Drone_569, Drone_570, Drone_571, Drone_572, Drone_573, Drone_574, Drone_575, Drone_576, Drone_577, Drone_578, Drone_579, Drone_580, Drone_581, Drone_582, Drone_583, Drone_584, Drone_585, Drone_586, Drone_587, Drone_588, Drone_589, Drone_590, Drone_591, Drone_592, Drone_593, Drone_594, Drone_595, Drone_596, Drone_597, Drone_598, Drone_599, Drone_600, Drone_601, Drone_602, Drone_603, Drone_604, Drone_605, Drone_606, Drone_607, Drone_608, Drone_609, Drone_610, Drone_611, Drone_612, Drone_613, Drone_614, Drone_615, Drone_616, Drone_617, Drone_618, Drone_619, Drone_620, Drone_621, Drone_622, Drone_623, Drone_624, Drone_625, Drone_626, Drone_627, Drone_628, Drone_629, Drone_630, Drone_631, Drone_632, Drone_633, Drone_634, Drone_635, Drone_636, Drone_637, Drone_638, Drone_639, Drone_640, Drone_641, Drone_642, Drone_643, Drone_644, Drone_645, Drone_646, Drone_647, Drone_648, Drone_649, Drone_650, Drone_651, Drone_652, Drone_653, Drone_654, Drone_655, Drone_656, Drone_657, Drone_658, Drone_659, Drone_660, Drone_661, Drone_662, Drone_663, Drone_664, Drone_665, Drone_666, Drone_667, Drone_668, Drone_669, Drone_670, Drone_671, Drone_672, Drone_673, Drone_674, Drone_675, Drone_676, Drone_677, Drone_678, Drone_679, Drone_680, Drone_681, Drone_682, Drone_683, Drone_684, Drone_685, Drone_686, Drone_687, Drone_688, Drone_689, Drone_690, Drone_691, Drone_692, Drone_693, Drone_694, Drone_695, Drone_696, Drone_697, Drone_698, Drone_699, Drone_700, Drone_701, Drone_702, Drone_703, Drone_704, Drone_705, Drone_706, Drone_707, Drone_708, Drone_709, Drone_710, Drone_711, Drone_712, Drone_713, Drone_714, Drone_715, Drone_716, Drone_717, Drone_718, Drone_719, Drone_720, Drone_721, Drone_722, Drone_723, Drone_724, Drone_725, Drone_726, Drone_727, Drone_728, Drone_729, Drone_730, Drone_731, Drone_732, Drone_733, Drone_734, Drone_735, Drone_736, Drone_737, Drone_738, Drone_739, Drone_740, Drone_741, Drone_742, Drone_743, Drone_744, Drone_745, Drone_746, Drone_747, Drone_748, Drone_749, Drone_750, Drone_751, Drone_752, Drone_753, Drone_754, Drone_755, Drone_756, Drone_757, Drone_758, Drone_759, Drone_760, Drone_761, Drone_762, Drone_763, Drone_764, Drone_765, Drone_766, Drone_767, Drone_768, Drone_769, Drone_770, Drone_771, Drone_772, Drone_773, Drone_774, Drone_775, Drone_776, Drone_777, Drone_778, Drone_779, Drone_780, Drone_781, Drone_782, Drone_783, Drone_784, Drone_785, Drone_786, Drone_787, Drone_788, Drone_789, Drone_790, Drone_791, Drone_792, Drone_793, Drone_794, Drone_795, Drone_796, Drone_797, Drone_798, Drone_799, Drone_800, Drone_801, Drone_802, Drone_803, Drone_804, Drone_805, Drone_806, Drone_807, Drone_808, Drone_809, Drone_810, Drone_811, Drone_812, Drone_813, Drone_814, Drone_815, Drone_816, Drone_817, Drone_818, Drone_819, Drone_820, Drone_821, Drone_822, Drone_823, Drone_824, Drone_825, Drone_826, Drone_827, Drone_828, Drone_829, Drone_830, Drone_831, Drone_832, Drone_833, Drone_834, Drone_835, Drone_836, Drone_837, Drone_838, Drone_839, Drone_840, Drone_841, Drone_842, Drone_843, Drone_844, Drone_845, Drone_846, Drone_847, Drone_848, Drone_849, Drone_850, Drone_851, Drone_852, Drone_853, Drone_854, Drone_855, Drone_856, Drone_857, Drone_858, Drone_859, Drone_860, Drone_861, Drone_862, Drone_863, Drone_864, Drone_865, Drone_866, Drone_867, Drone_868, Drone_869, Drone_870, Drone_871, Drone_872, Drone_873, Drone_874, Drone_875, Drone_876, Drone_877, Drone_878, Drone_879, Drone_880, Drone_881
/datasets/_deepnote_work/llm_adaptation/farm/plots.py:9: DtypeWarning: Columns (19,25,37,43,49,52,58,61,64,70,73,88,91,94,97,100,103,106,109,154,160,373,436,451,463,466,469,472,487,490,493,520,523,529,532,535,538,541,544,547,550,553,556,559,562,565,568,571,574,577,580,583,586,589,592,595,598,601,604,607,610,613,616,619,622,625,628,631,634,637,640,643,646,649,652,655,658,661,664,670,688,706,709,712,715,718,721,724,745,760,763,766,775,778,793,1183,1186,1189,1387) have mixed types. Specify dtype option on import or set low_memory=False.
  df = pd.read_csv(file_name if file_name.endswith(".csv") else file_name + ".csv")
