step,damage,IDLE,CHARGING,PROTECTING,MOVING_TO_CHARGER,MOVING_TO_FIELD,TERMINATED,Drone_1_battery,Drone_1_state,Drone_1_target,Drone_2_battery,Drone_2_state,Drone_2_target,Drone_3_battery,Drone_3_state,Drone_3_target,Drone_4_battery,Drone_4_state,Drone_4_target,Drone_5_battery,Drone_5_state,Drone_5_target,Drone_6_battery,Drone_6_state,Drone_6_target,Drone_7_battery,Drone_7_state,Drone_7_target,Drone_8_battery,Drone_8_state,Drone_8_target,Drone_9_battery,Drone_9_state,Drone_9_target,Drone_10_battery,Drone_10_state,Drone_10_target,Drone_11_battery,Drone_11_state,Drone_11_target,Drone_12_battery,Drone_12_state,Drone_12_target,Drone_13_battery,Drone_13_state,Drone_13_target,Drone_14_battery,Drone_14_state,Drone_14_target,Drone_15_battery,Drone_15_state,Drone_15_target,Drone_16_battery,Drone_16_state,Drone_16_target,Drone_17_battery,Drone_17_state,Drone_17_target,Drone_18_battery,Drone_18_state,Drone_18_target,Drone_19_battery,Drone_19_state,Drone_19_target,Drone_20_battery,Drone_20_state,Drone_20_target,Drone_21_battery,Drone_21_state,Drone_21_target,Drone_22_battery,Drone_22_state,Drone_22_target,Drone_23_battery,Drone_23_state,Drone_23_target,Drone_24_battery,Drone_24_state,Drone_24_target,Field_1_damage,Field_1_threat_level,Field_1_protecting_drones,Field_1_arriving_drones,Field_1_drones_for_full_protection,Field_2_damage,Field_2_threat_level,Field_2_protecting_drones,Field_2_arriving_drones,Field_2_drones_for_full_protection,Field_3_damage,Field_3_threat_level,Field_3_protecting_drones,Field_3_arriving_drones,Field_3_drones_for_full_protection,Field_4_damage,Field_4_threat_level,Field_4_protecting_drones,Field_4_arriving_drones,Field_4_drones_for_full_protection,Field_5_damage,Field_5_threat_level,Field_5_protecting_drones,Field_5_arriving_drones,Field_5_drones_for_full_protection,Field_6_damage,Field_6_threat_level,Field_6_protecting_drones,Field_6_arriving_drones,Field_6_drones_for_full_protection,Field_7_damage,Field_7_threat_level,Field_7_protecting_drones,Field_7_arriving_drones,Field_7_drones_for_full_protection,Field_8_damage,Field_8_threat_level,Field_8_protecting_drones,Field_8_arriving_drones,Field_8_drones_for_full_protection,Field_9_damage,Field_9_threat_level,Field_9_protecting_drones,Field_9_arriving_drones,Field_9_drones_for_full_protection,Field_10_damage,Field_10_threat_level,Field_10_protecting_drones,Field_10_arriving_drones,Field_10_drones_for_full_protection,Field_11_damage,Field_11_threat_level,Field_11_protecting_drones,Field_11_arriving_drones,Field_11_drones_for_full_protection,Field_12_damage,Field_12_threat_level,Field_12_protecting_drones,Field_12_arriving_drones,Field_12_drones_for_full_protection
1,0,0,0,1,0,23,0,1,MOVING_TO_FIELD,Field_5,1,MOVING_TO_FIELD,Field_5,1,MOVING_TO_FIELD,Field_5,1,MOVING_TO_FIELD,Field_4,1,MOVING_TO_FIELD,Field_2,1,MOVING_TO_FIELD,Field_6,1,MOVING_TO_FIELD,Field_6,1,MOVING_TO_FIELD,Field_4,1,MOVING_TO_FIELD,Field_4,1,PROTECTING,Field_2,1,MOVING_TO_FIELD,Field_5,1,MOVING_TO_FIELD,Field_5,1,MOVING_TO_FIELD,Field_6,1,MOVING_TO_FIELD,Field_5,1,MOVING_TO_FIELD,Field_4,1,MOVING_TO_FIELD,Field_5,1,MOVING_TO_FIELD,Field_4,1,MOVING_TO_FIELD,Field_2,1,MOVING_TO_FIELD,Field_4,1,MOVING_TO_FIELD,Field_2,1,MOVING_TO_FIELD,Field_5,1,MOVING_TO_FIELD,Field_2,1,MOVING_TO_FIELD,Field_2,1,MOVING_TO_FIELD,Field_5,0,0.05,0,0,2,0,0.10,1,5,5,0,0.01,0,0,1,0,0.28,0,6,6,0,0.13,0,9,9,0,0.12,0,3,3,0,0.05,0,0,2,0,0.00,0,0,1,0,0.04,0,0,2,0,0.03,0,0,3,0,0.05,0,0,2,0,0.05,0,0,1
2,0,0,0,1,0,23,0,1,MOVING_TO_FIELD,Field_5,1,MOVING_TO_FIELD,Field_5,1,MOVING_TO_FIELD,Field_5,1,MOVING_TO_FIELD,Field_4,1,MOVING_TO_FIELD,Field_2,1,MOVING_TO_FIELD,Field_6,1,MOVING_TO_FIELD,Field_6,1,MOVING_TO_FIELD,Field_4,1,MOVING_TO_FIELD,Field_4,1,PROTECTING,Field_2,1,MOVING_TO_FIELD,Field_5,1,MOVING_TO_FIELD,Field_5,1,MOVING_TO_FIELD,Field_6,1,MOVING_TO_FIELD,Field_5,1,MOVING_TO_FIELD,Field_4,1,MOVING_TO_FIELD,Field_5,1,MOVING_TO_FIELD,Field_4,1,MOVING_TO_FIELD,Field_2,1,MOVING_TO_FIELD,Field_4,1,MOVING_TO_FIELD,Field_2,1,MOVING_TO_FIELD,Field_5,1,MOVING_TO_FIELD,Field_2,1,MOVING_TO_FIELD,Field_2,1,MOVING_TO_FIELD,Field_5,0,0.05,0,0,2,0,0.10,1,5,5,0,0.01,0,0,1,0,0.28,0,6,6,0,0.13,0,9,9,0,0.12,0,3,3,0,0.05,0,0,2,0,0.00,0,0,1,0,0.04,0,0,2,0,0.03,0,0,3,0,0.05,0,0,2,0,0.05,0,0,1
3,0,0,0,1,0,23,0,1,MOVING_TO_FIELD,Field_5,1,MOVING_TO_FIELD,Field_5,1,MOVING_TO_FIELD,Field_5,1,MOVING_TO_FIELD,Field_4,1,MOVING_TO_FIELD,Field_2,1,MOVING_TO_FIELD,Field_6,1,MOVING_TO_FIELD,Field_6,1,MOVING_TO_FIELD,Field_4,1,MOVING_TO_FIELD,Field_4,1,PROTECTING,Field_2,1,MOVING_TO_FIELD,Field_5,1,MOVING_TO_FIELD,Field_5,1,MOVING_TO_FIELD,Field_6,1,MOVING_TO_FIELD,Field_5,1,MOVING_TO_FIELD,Field_4,1,MOVING_TO_FIELD,Field_5,1,MOVING_TO_FIELD,Field_4,1,MOVING_TO_FIELD,Field_2,1,MOVING_TO_FIELD,Field_4,1,MOVING_TO_FIELD,Field_2,1,MOVING_TO_FIELD,Field_5,1,MOVING_TO_FIELD,Field_2,1,MOVING_TO_FIELD,Field_2,1,MOVING_TO_FIELD,Field_5,0,0.06,0,0,2,0,0.09,1,5,5,0,0.01,0,0,1,0,0.28,0,6,6,0,0.12,0,9,9,0,0.12,0,3,3,0,0.05,0,0,2,0,0.00,0,0,1,0,0.04,0,0,2,0,0.03,0,0,3,0,0.09,0,0,2,0,0.05,0,0,1
4,0,0,0,4,0,20,0,1,MOVING_TO_FIELD,Field_5,1,MOVING_TO_FIELD,Field_5,1,MOVING_TO_FIELD,Field_5,1,MOVING_TO_FIELD,Field_4,1,MOVING_TO_FIELD,Field_2,1,MOVING_TO_FIELD,Field_6,1,MOVING_TO_FIELD,Field_6,1,MOVING_TO_FIELD,Field_4,1,MOVING_TO_FIELD,Field_4,1,PROTECTING,Field_2,1,MOVING_TO_FIELD,Field_5,1,MOVING_TO_FIELD,Field_5,1,MOVING_TO_FIELD,Field_6,1,MOVING_TO_FIELD,Field_5,1,MOVING_TO_FIELD,Field_4,1,MOVING_TO_FIELD,Field_5,1,MOVING_TO_FIELD,Field_4,1,PROTECTING,Field_2,1,MOVING_TO_FIELD,Field_4,1,PROTECTING,Field_2,1,MOVING_TO_FIELD,Field_5,1,MOVING_TO_FIELD,Field_2,1,PROTECTING,Field_2,1,MOVING_TO_FIELD,Field_5,0,0.06,0,0,2,0,0.09,4,2,2,0,0.01,0,0,1,0,0.27,0,6,6,0,0.13,0,9,9,0,0.12,0,3,3,0,0.06,0,0,2,0,0.00,0,0,1,0,0.05,0,0,2,0,0.03,0,0,3,0,0.09,0,0,2,0,0.05,0,0,1
5,0,0,0,4,0,20,0,1,MOVING_TO_FIELD,Field_5,1,MOVING_TO_FIELD,Field_5,1,MOVING_TO_FIELD,Field_5,1,MOVING_TO_FIELD,Field_4,1,MOVING_TO_FIELD,Field_2,1,MOVING_TO_FIELD,Field_6,1,MOVING_TO_FIELD,Field_6,1,MOVING_TO_FIELD,Field_4,1,MOVING_TO_FIELD,Field_4,1,PROTECTING,Field_2,1,MOVING_TO_FIELD,Field_5,1,MOVING_TO_FIELD,Field_5,1,MOVING_TO_FIELD,Field_6,1,MOVING_TO_FIELD,Field_5,1,MOVING_TO_FIELD,Field_4,1,MOVING_TO_FIELD,Field_5,1,MOVING_TO_FIELD,Field_4,1,PROTECTING,Field_2,1,MOVING_TO_FIELD,Field_4,1,PROTECTING,Field_2,1,MOVING_TO_FIELD,Field_5,1,MOVING_TO_FIELD,Field_2,1,PROTECTING,Field_2,1,MOVING_TO_FIELD,Field_5,0,0.08,0,0,2,0,0.09,4,2,2,0,0.01,0,0,1,0,0.28,0,6,6,0,0.13,0,9,9,0,0.12,0,3,3,0,0.06,0,0,2,0,0.00,0,0,1,0,0.05,0,0,2,0,0.03,0,0,3,0,0.09,0,0,2,0,0.05,0,0,1
6,0,0,0,6,0,18,0,1,MOVING_TO_FIELD,Field_5,1,MOVING_TO_FIELD,Field_5,1,MOVING_TO_FIELD,Field_5,1,PROTECTING,Field_4,1,PROTECTING,Field_2,1,MOVING_TO_FIELD,Field_6,1,MOVING_TO_FIELD,Field_6,1,MOVING_TO_FIELD,Field_4,1,MOVING_TO_FIELD,Field_4,1,PROTECTING,Field_2,1,MOVING_TO_FIELD,Field_5,1,MOVING_TO_FIELD,Field_5,1,MOVING_TO_FIELD,Field_6,1,MOVING_TO_FIELD,Field_5,1,MOVING_TO_FIELD,Field_4,1,MOVING_TO_FIELD,Field_5,1,MOVING_TO_FIELD,Field_4,1,PROTECTING,Field_2,1,MOVING_TO_FIELD,Field_4,1,PROTECTING,Field_2,1,MOVING_TO_FIELD,Field_5,1,MOVING_TO_FIELD,Field_2,1,PROTECTING,Field_2,1,MOVING_TO_FIELD,Field_5,0,0.11,0,0,2,0,0.09,5,1,1,0,0.01,0,0,1,0,0.28,1,5,5,0,0.13,0,9,9,0,0.12,0,3,3,0,0.06,0,0,2,0,0.00,0,0,1,0,0.05,0,0,2,0,0.03,0,0,3,0,0.09,0,0,2,0,0.05,0,0,1
7,0,0,0,6,0,18,0,1,MOVING_TO_FIELD,Field_5,1,MOVING_TO_FIELD,Field_5,1,MOVING_TO_FIELD,Field_5,1,PROTECTING,Field_4,1,PROTECTING,Field_2,1,MOVING_TO_FIELD,Field_6,1,MOVING_TO_FIELD,Field_6,1,MOVING_TO_FIELD,Field_4,1,MOVING_TO_FIELD,Field_4,1,PROTECTING,Field_2,1,MOVING_TO_FIELD,Field_5,1,MOVING_TO_FIELD,Field_5,1,MOVING_TO_FIELD,Field_6,1,MOVING_TO_FIELD,Field_5,1,MOVING_TO_FIELD,Field_4,1,MOVING_TO_FIELD,Field_5,1,MOVING_TO_FIELD,Field_4,1,PROTECTING,Field_2,1,MOVING_TO_FIELD,Field_4,1,PROTECTING,Field_2,1,MOVING_TO_FIELD,Field_5,1,MOVING_TO_FIELD,Field_2,1,PROTECTING,Field_2,1,MOVING_TO_FIELD,Field_5,0,0.11,0,0,2,0,0.09,5,1,1,0,0.03,0,0,1,0,0.27,1,5,5,0,0.15,0,9,9,0,0.13,0,3,3,0,0.06,0,0,2,0,0.00,0,0,1,0,0.05,0,0,2,0,0.05,0,0,3,0,0.09,0,0,2,0,0.10,0,0,1
8,0,0,0,6,0,18,0,1,MOVING_TO_FIELD,Field_5,1,MOVING_TO_FIELD,Field_5,1,MOVING_TO_FIELD,Field_5,1,PROTECTING,Field_4,1,PROTECTING,Field_2,1,MOVING_TO_FIELD,Field_6,1,MOVING_TO_FIELD,Field_6,1,MOVING_TO_FIELD,Field_4,1,MOVING_TO_FIELD,Field_4,1,PROTECTING,Field_2,1,MOVING_TO_FIELD,Field_5,1,MOVING_TO_FIELD,Field_5,1,MOVING_TO_FIELD,Field_6,1,MOVING_TO_FIELD,Field_5,1,MOVING_TO_FIELD,Field_4,1,MOVING_TO_FIELD,Field_5,1,MOVING_TO_FIELD,Field_4,1,PROTECTING,Field_2,1,MOVING_TO_FIELD,Field_4,1,PROTECTING,Field_2,1,MOVING_TO_FIELD,Field_5,1,MOVING_TO_FIELD,Field_2,1,PROTECTING,Field_2,1,MOVING_TO_FIELD,Field_5,0,0.11,0,0,2,0,0.09,5,1,1,0,0.03,0,0,1,0,0.27,1,5,5,0,0.15,0,9,9,0,0.15,0,3,3,0,0.08,0,0,2,0,0.02,0,0,1,0,0.04,0,0,2,0,0.07,0,0,3,0,0.09,0,0,2,0,0.10,0,0,1
9,0,0,0,7,0,17,0,1,MOVING_TO_FIELD,Field_5,1,MOVING_TO_FIELD,Field_5,1,MOVING_TO_FIELD,Field_5,1,PROTECTING,Field_4,1,PROTECTING,Field_2,1,MOVING_TO_FIELD,Field_6,1,MOVING_TO_FIELD,Field_6,1,MOVING_TO_FIELD,Field_4,1,MOVING_TO_FIELD,Field_4,1,PROTECTING,Field_2,1,PROTECTING,Field_5,1,MOVING_TO_FIELD,Field_5,1,MOVING_TO_FIELD,Field_6,1,MOVING_TO_FIELD,Field_5,1,MOVING_TO_FIELD,Field_4,1,MOVING_TO_FIELD,Field_5,1,MOVING_TO_FIELD,Field_4,1,PROTECTING,Field_2,1,MOVING_TO_FIELD,Field_4,1,PROTECTING,Field_2,1,MOVING_TO_FIELD,Field_5,1,MOVING_TO_FIELD,Field_2,1,PROTECTING,Field_2,1,MOVING_TO_FIELD,Field_5,0,0.10,0,0,2,0,0.09,5,1,1,0,0.04,0,0,1,0,0.27,1,5,5,0,0.15,1,8,8,0,0.15,0,3,3,0,0.09,0,0,2,0,0.02,0,0,1,0,0.05,0,0,2,0,0.07,0,0,3,0,0.11,0,0,2,0,0.10,0,0,1
10,0,0,0,8,0,16,0,1,PROTECTING,Field_5,1,MOVING_TO_FIELD,Field_5,1,MOVING_TO_FIELD,Field_5,1,PROTECTING,Field_4,1,PROTECTING,Field_2,1,MOVING_TO_FIELD,Field_6,1,MOVING_TO_FIELD,Field_6,1,MOVING_TO_FIELD,Field_4,1,MOVING_TO_FIELD,Field_4,1,PROTECTING,Field_2,1,PROTECTING,Field_5,1,MOVING_TO_FIELD,Field_5,1,MOVING_TO_FIELD,Field_6,1,MOVING_TO_FIELD,Field_5,1,MOVING_TO_FIELD,Field_4,1,MOVING_TO_FIELD,Field_5,1,MOVING_TO_FIELD,Field_4,1,PROTECTING,Field_2,1,MOVING_TO_FIELD,Field_4,1,PROTECTING,Field_2,1,MOVING_TO_FIELD,Field_5,1,MOVING_TO_FIELD,Field_2,1,PROTECTING,Field_2,1,MOVING_TO_FIELD,Field_5,0,0.11,0,0,2,0,0.10,5,1,1,0,0.04,0,0,1,0,0.27,1,5,5,0,0.15,2,7,7,0,0.15,0,3,3,0,0.09,0,0,2,0,0.05,0,0,1,0,0.05,0,0,2,0,0.10,0,0,3,0,0.12,0,0,2,0,0.13,0,0,1
11,0,0,0,5,0,19,0,1,PROTECTING,Field_5,1,MOVING_TO_FIELD,Field_5,1,PROTECTING,Field_5,1,PROTECTING,Field_4,1,MOVING_TO_FIELD,Field_4,1,MOVING_TO_FIELD,Field_1,1,MOVING_TO_FIELD,Field_6,1,PROTECTING,Field_4,1,MOVING_TO_FIELD,Field_8,1,MOVING_TO_FIELD,Field_6,1,PROTECTING,Field_5,1,MOVING_TO_FIELD,Field_5,1,MOVING_TO_FIELD,Field_1,1,MOVING_TO_FIELD,Field_5,1,MOVING_TO_FIELD,Field_11,1,MOVING_TO_FIELD,Field_5,1,MOVING_TO_FIELD,Field_6,1,MOVING_TO_FIELD,Field_11,1,MOVING_TO_FIELD,Field_4,1,MOVING_TO_FIELD,Field_12,1,MOVING_TO_FIELD,Field_5,1,MOVING_TO_FIELD,Field_4,1,MOVING_TO_FIELD,Field_4,1,MOVING_TO_FIELD,Field_5,0,0.11,0,2,2,0,0.11,0,0,6,0,0.05,0,0,1,0,0.30,2,4,4,0,0.16,3,6,6,0,0.16,0,3,3,0,0.08,0,0,2,0,0.05,0,1,1,0,0.05,0,0,2,0,0.13,0,0,3,0,0.14,0,2,2,0,0.10,0,1,1
12,0,0,0,7,0,17,0,1,PROTECTING,Field_5,1,MOVING_TO_FIELD,Field_5,1,PROTECTING,Field_5,1,PROTECTING,Field_4,1,MOVING_TO_FIELD,Field_4,1,MOVING_TO_FIELD,Field_1,1,MOVING_TO_FIELD,Field_6,1,PROTECTING,Field_4,1,MOVING_TO_FIELD,Field_8,1,MOVING_TO_FIELD,Field_6,1,PROTECTING,Field_5,1,MOVING_TO_FIELD,Field_5,1,PROTECTING,Field_1,1,MOVING_TO_FIELD,Field_5,1,MOVING_TO_FIELD,Field_11,1,MOVING_TO_FIELD,Field_5,1,MOVING_TO_FIELD,Field_6,1,MOVING_TO_FIELD,Field_11,1,PROTECTING,Field_4,1,MOVING_TO_FIELD,Field_12,1,MOVING_TO_FIELD,Field_5,1,MOVING_TO_FIELD,Field_4,1,MOVING_TO_FIELD,Field_4,1,MOVING_TO_FIELD,Field_5,0,0.13,1,1,1,0,0.12,0,0,6,0,0.05,0,0,1,0,0.32,3,3,3,0,0.18,3,6,6,0,0.16,0,3,3,0,0.08,0,0,2,0,0.07,0,1,1,0,0.05,0,0,2,0,0.13,0,0,3,0,0.14,0,2,2,0,0.13,0,1,1
13,0,0,0,7,0,17,0,1,PROTECTING,Field_5,1,MOVING_TO_FIELD,Field_5,1,PROTECTING,Field_5,1,PROTECTING,Field_4,1,MOVING_TO_FIELD,Field_4,1,MOVING_TO_FIELD,Field_1,1,MOVING_TO_FIELD,Field_6,1,PROTECTING,Field_4,1,MOVING_TO_FIELD,Field_8,1,MOVING_TO_FIELD,Field_6,1,PROTECTING,Field_5,1,MOVING_TO_FIELD,Field_5,1,PROTECTING,Field_1,1,MOVING_TO_FIELD,Field_5,1,MOVING_TO_FIELD,Field_11,1,MOVING_TO_FIELD,Field_5,1,MOVING_TO_FIELD,Field_6,1,MOVING_TO_FIELD,Field_11,1,PROTECTING,Field_4,1,MOVING_TO_FIELD,Field_12,1,MOVING_TO_FIELD,Field_5,1,MOVING_TO_FIELD,Field_4,1,MOVING_TO_FIELD,Field_4,1,MOVING_TO_FIELD,Field_5,0,0.13,1,1,1,0,0.12,0,0,6,0,0.05,0,0,1,0,0.35,3,3,3,0,0.21,3,6,6,0,0.16,0,3,3,0,0.10,0,0,2,0,0.10,0,1,1,0,0.05,0,0,2,0,0.13,0,0,3,0,0.16,0,2,2,0,0.13,0,1,1
14,0,0,0,9,0,15,0,1,PROTECTING,Field_5,1,MOVING_TO_FIELD,Field_5,1,PROTECTING,Field_5,1,PROTECTING,Field_4,1,MOVING_TO_FIELD,Field_4,1,PROTECTING,Field_1,1,MOVING_TO_FIELD,Field_6,1,PROTECTING,Field_4,1,MOVING_TO_FIELD,Field_8,1,MOVING_TO_FIELD,Field_6,1,PROTECTING,Field_5,1,MOVING_TO_FIELD,Field_5,1,PROTECTING,Field_1,1,MOVING_TO_FIELD,Field_5,1,MOVING_TO_FIELD,Field_11,1,PROTECTING,Field_5,1,MOVING_TO_FIELD,Field_6,1,MOVING_TO_FIELD,Field_11,1,PROTECTING,Field_4,1,MOVING_TO_FIELD,Field_12,1,MOVING_TO_FIELD,Field_5,1,MOVING_TO_FIELD,Field_4,1,MOVING_TO_FIELD,Field_4,1,MOVING_TO_FIELD,Field_5,0,0.13,2,0,0,0,0.12,0,0,6,0,0.07,0,0,1,0,0.36,3,3,3,0,0.23,4,5,5,0,0.18,0,3,3,0,0.10,0,0,2,0,0.10,0,1,1,0,0.04,0,0,2,0,0.15,0,0,3,0,0.16,0,2,2,0,0.13,0,1,1
15,2,0,0,9,0,15,0,1,PROTECTING,Field_5,1,MOVING_TO_FIELD,Field_5,1,PROTECTING,Field_5,1,PROTECTING,Field_4,1,MOVING_TO_FIELD,Field_4,1,PROTECTING,Field_1,1,MOVING_TO_FIELD,Field_6,1,PROTECTING,Field_4,1,MOVING_TO_FIELD,Field_8,1,MOVING_TO_FIELD,Field_6,1,PROTECTING,Field_5,1,MOVING_TO_FIELD,Field_5,1,PROTECTING,Field_1,1,MOVING_TO_FIELD,Field_5,1,MOVING_TO_FIELD,Field_11,1,PROTECTING,Field_5,1,MOVING_TO_FIELD,Field_6,1,MOVING_TO_FIELD,Field_11,1,PROTECTING,Field_4,1,MOVING_TO_FIELD,Field_12,1,MOVING_TO_FIELD,Field_5,1,MOVING_TO_FIELD,Field_4,1,MOVING_TO_FIELD,Field_4,1,MOVING_TO_FIELD,Field_5,0,0.11,2,0,0,0,0.13,0,0,6,0,0.08,0,0,1,0,0.38,3,3,3,0,0.26,4,5,5,1,0.16,0,3,3,0,0.14,0,0,2,0,0.10,0,1,1,0,0.04,0,0,2,0,0.16,0,0,3,0,0.18,0,2,2,1,0.13,0,1,1
16,3,0,0,9,0,15,0,1,PROTECTING,Field_5,1,MOVING_TO_FIELD,Field_5,1,PROTECTING,Field_5,1,PROTECTING,Field_4,1,MOVING_TO_FIELD,Field_4,1,PROTECTING,Field_1,1,MOVING_TO_FIELD,Field_6,1,PROTECTING,Field_4,1,MOVING_TO_FIELD,Field_8,1,MOVING_TO_FIELD,Field_6,1,PROTECTING,Field_5,1,MOVING_TO_FIELD,Field_5,1,PROTECTING,Field_1,1,MOVING_TO_FIELD,Field_5,1,MOVING_TO_FIELD,Field_11,1,PROTECTING,Field_5,1,MOVING_TO_FIELD,Field_6,1,MOVING_TO_FIELD,Field_11,1,PROTECTING,Field_4,1,MOVING_TO_FIELD,Field_12,1,MOVING_TO_FIELD,Field_5,1,MOVING_TO_FIELD,Field_4,1,MOVING_TO_FIELD,Field_4,1,MOVING_TO_FIELD,Field_5,0,0.15,2,0,0,0,0.14,0,0,6,0,0.09,0,0,1,0,0.38,3,3,3,0,0.26,4,5,5,1,0.16,0,3,3,0,0.14,0,0,2,0,0.10,0,1,1,0,0.05,0,0,2,0,0.18,0,0,3,0,0.20,0,2,2,2,0.13,0,1,1
17,3,0,0,12,0,12,0,1,PROTECTING,Field_5,1,MOVING_TO_FIELD,Field_5,1,PROTECTING,Field_5,1,PROTECTING,Field_4,1,MOVING_TO_FIELD,Field_4,1,PROTECTING,Field_1,1,MOVING_TO_FIELD,Field_6,1,PROTECTING,Field_4,1,PROTECTING,Field_8,1,MOVING_TO_FIELD,Field_6,1,PROTECTING,Field_5,1,PROTECTING,Field_5,1,PROTECTING,Field_1,1,MOVING_TO_FIELD,Field_5,1,MOVING_TO_FIELD,Field_11,1,PROTECTING,Field_5,1,MOVING_TO_FIELD,Field_6,1,MOVING_TO_FIELD,Field_11,1,PROTECTING,Field_4,1,MOVING_TO_FIELD,Field_12,1,PROTECTING,Field_5,1,MOVING_TO_FIELD,Field_4,1,MOVING_TO_FIELD,Field_4,1,MOVING_TO_FIELD,Field_5,0,0.15,2,0,0,0,0.13,0,0,6,0,0.09,0,0,1,0,0.39,3,3,3,0,0.26,6,3,3,1,0.18,0,3,3,0,0.14,0,0,2,0,0.10,1,0,0,0,0.05,0,0,2,0,0.18,0,0,3,0,0.20,0,2,2,2,0.13,0,1,1
18,4,0,0,15,0,9,0,1,PROTECTING,Field_5,1,PROTECTING,Field_5,1,PROTECTING,Field_5,1,PROTECTING,Field_4,1,PROTECTING,Field_4,1,PROTECTING,Field_1,1,MOVING_TO_FIELD,Field_6,1,PROTECTING,Field_4,1,PROTECTING,Field_8,1,MOVING_TO_FIELD,Field_6,1,PROTECTING,Field_5,1,PROTECTING,Field_5,1,PROTECTING,Field_1,1,MOVING_TO_FIELD,Field_5,1,PROTECTING,Field_11,1,PROTECTING,Field_5,1,MOVING_TO_FIELD,Field_6,1,MOVING_TO_FIELD,Field_11,1,PROTECTING,Field_4,1,MOVING_TO_FIELD,Field_12,1,PROTECTING,Field_5,1,MOVING_TO_FIELD,Field_4,1,MOVING_TO_FIELD,Field_4,1,MOVING_TO_FIELD,Field_5,0,0.15,2,0,0,0,0.13,0,0,6,0,0.12,0,0,1,0,0.41,4,2,2,0,0.28,7,2,2,1,0.19,0,3,3,0,0.15,0,0,2,0,0.10,1,0,0,0,0.05,0,0,2,0,0.20,0,0,3,0,0.20,1,1,1,3,0.10,0,1,1
19,6,0,0,15,0,9,0,1,PROTECTING,Field_5,1,PROTECTING,Field_5,1,PROTECTING,Field_5,1,PROTECTING,Field_4,1,PROTECTING,Field_4,1,PROTECTING,Field_1,1,MOVING_TO_FIELD,Field_6,1,PROTECTING,Field_4,1,PROTECTING,Field_8,1,MOVING_TO_FIELD,Field_6,1,PROTECTING,Field_5,1,PROTECTING,Field_5,1,PROTECTING,Field_1,1,MOVING_TO_FIELD,Field_5,1,PROTECTING,Field_11,1,PROTECTING,Field_5,1,MOVING_TO_FIELD,Field_6,1,MOVING_TO_FIELD,Field_11,1,PROTECTING,Field_4,1,MOVING_TO_FIELD,Field_12,1,PROTECTING,Field_5,1,MOVING_TO_FIELD,Field_4,1,MOVING_TO_FIELD,Field_4,1,MOVING_TO_FIELD,Field_5,0,0.15,2,0,0,0,0.14,0,0,6,0,0.14,0,0,1,0,0.41,4,2,2,0,0.28,7,2,2,2,0.19,0,3,3,0,0.14,0,0,2,0,0.10,1,0,0,0,0.05,0,0,2,0,0.20,0,0,3,0,0.20,1,1,1,4,0.10,0,1,1
20,8,0,0,15,0,9,0,1,PROTECTING,Field_5,1,PROTECTING,Field_5,1,PROTECTING,Field_5,1,PROTECTING,Field_4,1,PROTECTING,Field_4,1,PROTECTING,Field_1,1,MOVING_TO_FIELD,Field_6,1,PROTECTING,Field_4,1,PROTECTING,Field_8,1,MOVING_TO_FIELD,Field_6,1,PROTECTING,Field_5,1,PROTECTING,Field_5,1,PROTECTING,Field_1,1,MOVING_TO_FIELD,Field_5,1,PROTECTING,Field_11,1,PROTECTING,Field_5,1,MOVING_TO_FIELD,Field_6,1,MOVING_TO_FIELD,Field_11,1,PROTECTING,Field_4,1,MOVING_TO_FIELD,Field_12,1,PROTECTING,Field_5,1,MOVING_TO_FIELD,Field_4,1,MOVING_TO_FIELD,Field_4,1,MOVING_TO_FIELD,Field_5,0,0.16,2,0,0,0,0.14,0,0,6,0,0.14,0,0,1,0,0.39,4,2,2,0,0.28,7,2,2,3,0.18,0,3,3,0,0.14,0,0,2,0,0.10,1,0,0,0,0.04,0,0,2,0,0.20,0,0,3,1,0.23,1,1,1,4,0.10,0,1,1
21,9,0,0,13,0,11,0,1,PROTECTING,Field_5,1,PROTECTING,Field_5,1,PROTECTING,Field_5,1,PROTECTING,Field_4,1,PROTECTING,Field_4,1,MOVING_TO_FIELD,Field_10,1,MOVING_TO_FIELD,Field_6,1,PROTECTING,Field_4,1,PROTECTING,Field_8,1,MOVING_TO_FIELD,Field_6,1,PROTECTING,Field_5,1,PROTECTING,Field_5,1,MOVING_TO_FIELD,Field_10,1,MOVING_TO_FIELD,Field_5,1,PROTECTING,Field_11,1,PROTECTING,Field_5,1,MOVING_TO_FIELD,Field_6,1,MOVING_TO_FIELD,Field_11,1,PROTECTING,Field_4,1,MOVING_TO_FIELD,Field_10,1,PROTECTING,Field_5,1,MOVING_TO_FIELD,Field_4,1,MOVING_TO_FIELD,Field_4,1,MOVING_TO_FIELD,Field_5,0,0.18,0,0,2,0,0.14,0,0,6,0,0.14,0,0,1,0,0.38,4,2,2,0,0.29,7,2,2,3,0.19,0,3,3,1,0.14,0,0,2,0,0.10,1,0,0,0,0.03,0,0,2,0,0.20,0,3,3,1,0.25,1,1,1,4,0.13,0,0,1
22,14,0,0,13,0,11,0,1,PROTECTING,Field_5,1,PROTECTING,Field_5,1,PROTECTING,Field_5,1,PROTECTING,Field_4,1,PROTECTING,Field_4,1,MOVING_TO_FIELD,Field_10,1,MOVING_TO_FIELD,Field_6,1,PROTECTING,Field_4,1,PROTECTING,Field_8,1,MOVING_TO_FIELD,Field_6,1,PROTECTING,Field_5,1,PROTECTING,Field_5,1,MOVING_TO_FIELD,Field_10,1,MOVING_TO_FIELD,Field_5,1,PROTECTING,Field_11,1,PROTECTING,Field_5,1,MOVING_TO_FIELD,Field_6,1,MOVING_TO_FIELD,Field_11,1,PROTECTING,Field_4,1,MOVING_TO_FIELD,Field_10,1,PROTECTING,Field_5,1,MOVING_TO_FIELD,Field_4,1,MOVING_TO_FIELD,Field_4,1,MOVING_TO_FIELD,Field_5,0,0.19,0,0,2,0,0.15,0,0,6,1,0.14,0,0,1,0,0.38,4,2,2,0,0.29,7,2,2,6,0.20,0,3,3,1,0.15,0,0,2,0,0.07,1,0,0,0,0.03,0,0,2,1,0.20,0,3,3,1,0.25,1,1,1,4,0.13,0,0,1
23,17,0,0,14,0,10,0,1,PROTECTING,Field_5,1,PROTECTING,Field_5,1,PROTECTING,Field_5,1,PROTECTING,Field_4,1,PROTECTING,Field_4,1,MOVING_TO_FIELD,Field_10,1,MOVING_TO_FIELD,Field_6,1,PROTECTING,Field_4,1,PROTECTING,Field_8,1,MOVING_TO_FIELD,Field_6,1,PROTECTING,Field_5,1,PROTECTING,Field_5,1,MOVING_TO_FIELD,Field_10,1,MOVING_TO_FIELD,Field_5,1,PROTECTING,Field_11,1,PROTECTING,Field_5,1,MOVING_TO_FIELD,Field_6,1,MOVING_TO_FIELD,Field_11,1,PROTECTING,Field_4,1,MOVING_TO_FIELD,Field_10,1,PROTECTING,Field_5,1,PROTECTING,Field_4,1,MOVING_TO_FIELD,Field_4,1,MOVING_TO_FIELD,Field_5,0,0.15,0,0,2,0,0.15,0,0,6,3,0.13,0,0,1,0,0.39,5,1,1,0,0.29,7,2,2,6,0.20,0,3,3,1,0.15,0,0,2,0,0.07,1,0,0,0,0.03,0,0,2,2,0.20,0,3,3,1,0.29,1,1,1,4,0.15,0,0,1
24,19,0,0,15,0,9,0,1,PROTECTING,Field_5,1,PROTECTING,Field_5,1,PROTECTING,Field_5,1,PROTECTING,Field_4,1,PROTECTING,Field_4,1,MOVING_TO_FIELD,Field_10,1,MOVING_TO_FIELD,Field_6,1,PROTECTING,Field_4,1,PROTECTING,Field_8,1,MOVING_TO_FIELD,Field_6,1,PROTECTING,Field_5,1,PROTECTING,Field_5,1,MOVING_TO_FIELD,Field_10,1,PROTECTING,Field_5,1,PROTECTING,Field_11,1,PROTECTING,Field_5,1,MOVING_TO_FIELD,Field_6,1,MOVING_TO_FIELD,Field_11,1,PROTECTING,Field_4,1,MOVING_TO_FIELD,Field_10,1,PROTECTING,Field_5,1,PROTECTING,Field_4,1,MOVING_TO_FIELD,Field_4,1,MOVING_TO_FIELD,Field_5,0,0.16,0,0,2,0,0.15,0,0,6,3,0.13,0,0,1,0,0.41,5,1,1,0,0.29,8,1,1,6,0.21,0,3,3,3,0.17,0,0,2,0,0.07,1,0,0,0,0.03,0,0,2,2,0.20,0,3,3,1,0.29,1,1,1,4,0.15,0,0,1
25,22,0,0,15,0,9,0,1,PROTECTING,Field_5,1,PROTECTING,Field_5,1,PROTECTING,Field_5,1,PROTECTING,Field_4,1,PROTECTING,Field_4,1,MOVING_TO_FIELD,Field_10,1,MOVING_TO_FIELD,Field_6,1,PROTECTING,Field_4,1,PROTECTING,Field_8,1,MOVING_TO_FIELD,Field_6,1,PROTECTING,Field_5,1,PROTECTING,Field_5,1,MOVING_TO_FIELD,Field_10,1,PROTECTING,Field_5,1,PROTECTING,Field_11,1,PROTECTING,Field_5,1,MOVING_TO_FIELD,Field_6,1,MOVING_TO_FIELD,Field_11,1,PROTECTING,Field_4,1,MOVING_TO_FIELD,Field_10,1,PROTECTING,Field_5,1,PROTECTING,Field_4,1,MOVING_TO_FIELD,Field_4,1,MOVING_TO_FIELD,Field_5,0,0.16,0,0,2,1,0.15,0,0,6,4,0.13,0,0,1,0,0.42,5,1,1,0,0.29,8,1,1,6,0.22,0,3,3,4,0.17,0,0,2,0,0.02,1,0,0,0,0.03,0,0,2,2,0.18,0,3,3,1,0.30,1,1,1,4,0.15,0,0,1
26,26,0,0,17,0,7,0,1,PROTECTING,Field_5,1,PROTECTING,Field_5,1,PROTECTING,Field_5,1,PROTECTING,Field_4,1,PROTECTING,Field_4,1,MOVING_TO_FIELD,Field_10,1,MOVING_TO_FIELD,Field_6,1,PROTECTING,Field_4,1,PROTECTING,Field_8,1,MOVING_TO_FIELD,Field_6,1,PROTECTING,Field_5,1,PROTECTING,Field_5,1,MOVING_TO_FIELD,Field_10,1,PROTECTING,Field_5,1,PROTECTING,Field_11,1,PROTECTING,Field_5,1,MOVING_TO_FIELD,Field_6,1,PROTECTING,Field_11,1,PROTECTING,Field_4,1,MOVING_TO_FIELD,Field_10,1,PROTECTING,Field_5,1,PROTECTING,Field_4,1,PROTECTING,Field_4,1,MOVING_TO_FIELD,Field_5,0,0.16,0,0,2,3,0.15,0,0,6,5,0.13,0,0,1,0,0.42,6,0,0,0,0.29,8,1,1,6,0.22,0,3,3,5,0.17,0,0,2,0,0.00,1,0,0,0,0.03,0,0,2,2,0.18,0,3,3,1,0.30,2,0,0,4,0.15,0,0,1
27,26,0,0,19,0,5,0,1,PROTECTING,Field_5,1,PROTECTING,Field_5,1,PROTECTING,Field_5,1,PROTECTING,Field_4,1,PROTECTING,Field_4,1,MOVING_TO_FIELD,Field_10,1,MOVING_TO_FIELD,Field_6,1,PROTECTING,Field_4,1,PROTECTING,Field_8,1,MOVING_TO_FIELD,Field_6,1,PROTECTING,Field_5,1,PROTECTING,Field_5,1,PROTECTING,Field_10,1,PROTECTING,Field_5,1,PROTECTING,Field_11,1,PROTECTING,Field_5,1,MOVING_TO_FIELD,Field_6,1,PROTECTING,Field_11,1,PROTECTING,Field_4,1,MOVING_TO_FIELD,Field_10,1,PROTECTING,Field_5,1,PROTECTING,Field_4,1,PROTECTING,Field_4,1,PROTECTING,Field_5,0,0.15,0,0,2,3,0.15,0,0,6,5,0.13,0,0,1,0,0.42,6,0,0,0,0.29,9,0,0,6,0.22,0,3,3,5,0.17,0,0,2,0,0.00,1,0,0,0,0.05,0,0,2,2,0.20,1,2,2,1,0.32,2,0,0,4,0.13,0,0,1
28,29,0,0,19,0,5,0,1,PROTECTING,Field_5,1,PROTECTING,Field_5,1,PROTECTING,Field_5,1,PROTECTING,Field_4,1,PROTECTING,Field_4,1,MOVING_TO_FIELD,Field_10,1,MOVING_TO_FIELD,Field_6,1,PROTECTING,Field_4,1,PROTECTING,Field_8,1,MOVING_TO_FIELD,Field_6,1,PROTECTING,Field_5,1,PROTECTING,Field_5,1,PROTECTING,Field_10,1,PROTECTING,Field_5,1,PROTECTING,Field_11,1,PROTECTING,Field_5,1,MOVING_TO_FIELD,Field_6,1,PROTECTING,Field_11,1,PROTECTING,Field_4,1,MOVING_TO_FIELD,Field_10,1,PROTECTING,Field_5,1,PROTECTING,Field_4,1,PROTECTING,Field_4,1,PROTECTING,Field_5,0,0.15,0,0,2,3,0.15,0,0,6,5,0.13,0,0,1,0,0.41,6,0,0,0,0.30,9,0,0,7,0.22,0,3,3,7,0.17,0,0,2,0,0.00,1,0,0,0,0.06,0,0,2,2,0.20,1,2,2,1,0.32,2,0,0,4,0.13,0,0,1
29,31,0,0,19,0,5,0,1,PROTECTING,Field_5,1,PROTECTING,Field_5,1,PROTECTING,Field_5,1,PROTECTING,Field_4,1,PROTECTING,Field_4,1,MOVING_TO_FIELD,Field_10,1,MOVING_TO_FIELD,Field_6,1,PROTECTING,Field_4,1,PROTECTING,Field_8,1,MOVING_TO_FIELD,Field_6,1,PROTECTING,Field_5,1,PROTECTING,Field_5,1,PROTECTING,Field_10,1,PROTECTING,Field_5,1,PROTECTING,Field_11,1,PROTECTING,Field_5,1,MOVING_TO_FIELD,Field_6,1,PROTECTING,Field_11,1,PROTECTING,Field_4,1,MOVING_TO_FIELD,Field_10,1,PROTECTING,Field_5,1,PROTECTING,Field_4,1,PROTECTING,Field_4,1,PROTECTING,Field_5,0,0.15,0,0,2,4,0.14,0,0,6,5,0.13,0,0,1,0,0.38,6,0,0,0,0.30,9,0,0,7,0.22,0,3,3,7,0.18,0,0,2,0,0.00,1,0,0,0,0.06,0,0,2,2,0.20,1,2,2,1,0.32,2,0,0,5,0.13,0,0,1
30,33,0,0,20,0,4,0,1,PROTECTING,Field_5,1,PROTECTING,Field_5,1,PROTECTING,Field_5,1,PROTECTING,Field_4,1,PROTECTING,Field_4,1,PROTECTING,Field_10,1,MOVING_TO_FIELD,Field_6,1,PROTECTING,Field_4,1,PROTECTING,Field_8,1,MOVING_TO_FIELD,Field_6,1,PROTECTING,Field_5,1,PROTECTING,Field_5,1,PROTECTING,Field_10,1,PROTECTING,Field_5,1,PROTECTING,Field_11,1,PROTECTING,Field_5,1,MOVING_TO_FIELD,Field_6,1,PROTECTING,Field_11,1,PROTECTING,Field_4,1,MOVING_TO_FIELD,Field_10,1,PROTECTING,Field_5,1,PROTECTING,Field_4,1,PROTECTING,Field_4,1,PROTECTING,Field_5,0,0.15,0,0,2,5,0.15,0,0,6,6,0.12,0,0,1,0,0.36,6,0,0,0,0.30,9,0,0,7,0.22,0,3,3,7,0.19,0,0,2,0,0.00,1,0,0,0,0.06,0,0,2,2,0.20,2,1,1,1,0.32,2,0,0,5,0.13,0,0,1
31,33,0,0,19,0,5,0,1,PROTECTING,Field_5,1,PROTECTING,Field_5,1,PROTECTING,Field_5,1,PROTECTING,Field_4,1,PROTECTING,Field_4,1,PROTECTING,Field_10,1,MOVING_TO_FIELD,Field_6,1,PROTECTING,Field_4,1,MOVING_TO_FIELD,Field_7,1,MOVING_TO_FIELD,Field_6,1,PROTECTING,Field_5,1,PROTECTING,Field_5,1,PROTECTING,Field_10,1,PROTECTING,Field_5,1,PROTECTING,Field_11,1,PROTECTING,Field_5,1,MOVING_TO_FIELD,Field_6,1,PROTECTING,Field_11,1,PROTECTING,Field_4,1,MOVING_TO_FIELD,Field_10,1,PROTECTING,Field_5,1,PROTECTING,Field_4,1,PROTECTING,Field_4,1,PROTECTING,Field_5,0,0.16,0,0,2,5,0.15,0,0,6,6,0.12,0,0,1,0,0.36,6,0,0,0,0.29,9,0,0,7,0.22,0,3,3,7,0.18,0,1,2,0,0.00,0,0,1,0,0.07,0,0,2,2,0.20,2,1,1,1,0.32,2,0,0,5,0.13,0,0,1
32,35,0,0,19,0,5,0,1,PROTECTING,Field_5,1,PROTECTING,Field_5,1,PROTECTING,Field_5,1,PROTECTING,Field_4,1,PROTECTING,Field_4,1,PROTECTING,Field_10,1,MOVING_TO_FIELD,Field_6,1,PROTECTING,Field_4,1,MOVING_TO_FIELD,Field_7,1,MOVING_TO_FIELD,Field_6,1,PROTECTING,Field_5,1,PROTECTING,Field_5,1,PROTECTING,Field_10,1,PROTECTING,Field_5,1,PROTECTING,Field_11,1,PROTECTING,Field_5,1,MOVING_TO_FIELD,Field_6,1,PROTECTING,Field_11,1,PROTECTING,Field_4,1,MOVING_TO_FIELD,Field_10,1,PROTECTING,Field_5,1,PROTECTING,Field_4,1,PROTECTING,Field_4,1,PROTECTING,Field_5,0,0.16,0,0,2,5,0.15,0,0,6,8,0.12,0,0,1,0,0.35,6,0,0,0,0.31,9,0,0,7,0.22,0,3,3,7,0.18,0,1,2,0,0.00,0,0,1,0,0.08,0,0,2,2,0.20,2,1,1,1,0.32,2,0,0,5,0.10,0,0,1
33,38,0,0,19,0,5,0,1,PROTECTING,Field_5,1,PROTECTING,Field_5,1,PROTECTING,Field_5,1,PROTECTING,Field_4,1,PROTECTING,Field_4,1,PROTECTING,Field_10,1,MOVING_TO_FIELD,Field_6,1,PROTECTING,Field_4,1,MOVING_TO_FIELD,Field_7,1,MOVING_TO_FIELD,Field_6,1,PROTECTING,Field_5,1,PROTECTING,Field_5,1,PROTECTING,Field_10,1,PROTECTING,Field_5,1,PROTECTING,Field_11,1,PROTECTING,Field_5,1,MOVING_TO_FIELD,Field_6,1,PROTECTING,Field_11,1,PROTECTING,Field_4,1,MOVING_TO_FIELD,Field_10,1,PROTECTING,Field_5,1,PROTECTING,Field_4,1,PROTECTING,Field_4,1,PROTECTING,Field_5,0,0.16,0,0,2,7,0.15,0,0,6,8,0.12,0,0,1,0,0.34,6,0,0,0,0.32,9,0,0,8,0.22,0,3,3,7,0.17,0,1,2,0,0.00,0,0,1,0,0.08,0,0,2,2,0.20,2,1,1,1,0.30,2,0,0,5,0.10,0,0,1
34,38,0,0,19,0,5,0,1,PROTECTING,Field_5,1,PROTECTING,Field_5,1,PROTECTING,Field_5,1,PROTECTING,Field_4,1,PROTECTING,Field_4,1,PROTECTING,Field_10,1,MOVING_TO_FIELD,Field_6,1,PROTECTING,Field_4,1,MOVING_TO_FIELD,Field_7,1,MOVING_TO_FIELD,Field_6,1,PROTECTING,Field_5,1,PROTECTING,Field_5,1,PROTECTING,Field_10,1,PROTECTING,Field_5,1,PROTECTING,Field_11,1,PROTECTING,Field_5,1,MOVING_TO_FIELD,Field_6,1,PROTECTING,Field_11,1,PROTECTING,Field_4,1,MOVING_TO_FIELD,Field_10,1,PROTECTING,Field_5,1,PROTECTING,Field_4,1,PROTECTING,Field_4,1,PROTECTING,Field_5,0,0.15,0,0,2,7,0.15,0,0,6,8,0.12,0,0,1,0,0.32,6,0,0,0,0.31,9,0,0,8,0.22,0,3,3,7,0.17,0,1,2,0,0.00,0,0,1,0,0.08,0,0,2,2,0.20,2,1,1,1,0.27,2,0,0,5,0.10,0,0,1
35,40,0,0,19,0,5,0,1,PROTECTING,Field_5,1,PROTECTING,Field_5,1,PROTECTING,Field_5,1,PROTECTING,Field_4,1,PROTECTING,Field_4,1,PROTECTING,Field_10,1,MOVING_TO_FIELD,Field_6,1,PROTECTING,Field_4,1,MOVING_TO_FIELD,Field_7,1,MOVING_TO_FIELD,Field_6,1,PROTECTING,Field_5,1,PROTECTING,Field_5,1,PROTECTING,Field_10,1,PROTECTING,Field_5,1,PROTECTING,Field_11,1,PROTECTING,Field_5,1,MOVING_TO_FIELD,Field_6,1,PROTECTING,Field_11,1,PROTECTING,Field_4,1,MOVING_TO_FIELD,Field_10,1,PROTECTING,Field_5,1,PROTECTING,Field_4,1,PROTECTING,Field_4,1,PROTECTING,Field_5,1,0.15,0,0,2,8,0.15,0,0,6,8,0.12,0,0,1,0,0.31,6,0,0,0,0.30,9,0,0,8,0.22,0,3,3,7,0.18,0,1,2,0,0.00,0,0,1,0,0.08,0,0,2,2,0.20,2,1,1,1,0.23,2,0,0,5,0.08,0,0,1
36,40,0,0,19,0,5,0,1,PROTECTING,Field_5,1,PROTECTING,Field_5,1,PROTECTING,Field_5,1,PROTECTING,Field_4,1,PROTECTING,Field_4,1,PROTECTING,Field_10,1,MOVING_TO_FIELD,Field_6,1,PROTECTING,Field_4,1,MOVING_TO_FIELD,Field_7,1,MOVING_TO_FIELD,Field_6,1,PROTECTING,Field_5,1,PROTECTING,Field_5,1,PROTECTING,Field_10,1,PROTECTING,Field_5,1,PROTECTING,Field_11,1,PROTECTING,Field_5,1,MOVING_TO_FIELD,Field_6,1,PROTECTING,Field_11,1,PROTECTING,Field_4,1,MOVING_TO_FIELD,Field_10,1,PROTECTING,Field_5,1,PROTECTING,Field_4,1,PROTECTING,Field_4,1,PROTECTING,Field_5,1,0.15,0,0,2,8,0.15,0,0,6,8,0.09,0,0,1,0,0.28,6,0,0,0,0.30,9,0,0,8,0.22,0,3,3,7,0.17,0,1,2,0,0.00,0,0,1,0,0.08,0,0,2,2,0.20,2,1,1,1,0.20,2,0,0,5,0.05,0,0,1
37,41,0,0,21,0,3,0,1,PROTECTING,Field_5,1,PROTECTING,Field_5,1,PROTECTING,Field_5,1,PROTECTING,Field_4,1,PROTECTING,Field_4,1,PROTECTING,Field_10,1,PROTECTING,Field_6,1,PROTECTING,Field_4,1,MOVING_TO_FIELD,Field_7,1,PROTECTING,Field_6,1,PROTECTING,Field_5,1,PROTECTING,Field_5,1,PROTECTING,Field_10,1,PROTECTING,Field_5,1,PROTECTING,Field_11,1,PROTECTING,Field_5,1,MOVING_TO_FIELD,Field_6,1,PROTECTING,Field_11,1,PROTECTING,Field_4,1,MOVING_TO_FIELD,Field_10,1,PROTECTING,Field_5,1,PROTECTING,Field_4,1,PROTECTING,Field_4,1,PROTECTING,Field_5,1,0.15,0,0,2,9,0.15,0,0,6,8,0.09,0,0,1,0,0.27,6,0,0,0,0.29,9,0,0,8,0.26,2,1,1,7,0.17,0,1,2,0,0.00,0,0,1,0,0.08,0,0,2,2,0.20,2,1,1,1,0.18,2,0,0,5,0.05,0,0,1
38,43,0,0,21,0,3,0,1,PROTECTING,Field_5,1,PROTECTING,Field_5,1,PROTECTING,Field_5,1,PROTECTING,Field_4,1,PROTECTING,Field_4,1,PROTECTING,Field_10,1,PROTECTING,Field_6,1,PROTECTING,Field_4,1,MOVING_TO_FIELD,Field_7,1,PROTECTING,Field_6,1,PROTECTING,Field_5,1,PROTECTING,Field_5,1,PROTECTING,Field_10,1,PROTECTING,Field_5,1,PROTECTING,Field_11,1,PROTECTING,Field_5,1,MOVING_TO_FIELD,Field_6,1,PROTECTING,Field_11,1,PROTECTING,Field_4,1,MOVING_TO_FIELD,Field_10,1,PROTECTING,Field_5,1,PROTECTING,Field_4,1,PROTECTING,Field_4,1,PROTECTING,Field_5,1,0.15,0,0,2,9,0.15,0,0,6,8,0.09,0,0,1,0,0.24,6,0,0,0,0.29,9,0,0,8,0.26,2,1,1,7,0.17,0,1,2,0,0.00,0,0,1,0,0.09,0,0,2,4,0.20,2,1,1,1,0.18,2,0,0,5,0.05,0,0,1
39,44,0,0,21,0,3,0,1,PROTECTING,Field_5,1,PROTECTING,Field_5,1,PROTECTING,Field_5,1,PROTECTING,Field_4,1,PROTECTING,Field_4,1,PROTECTING,Field_10,1,PROTECTING,Field_6,1,PROTECTING,Field_4,1,MOVING_TO_FIELD,Field_7,1,PROTECTING,Field_6,1,PROTECTING,Field_5,1,PROTECTING,Field_5,1,PROTECTING,Field_10,1,PROTECTING,Field_5,1,PROTECTING,Field_11,1,PROTECTING,Field_5,1,MOVING_TO_FIELD,Field_6,1,PROTECTING,Field_11,1,PROTECTING,Field_4,1,MOVING_TO_FIELD,Field_10,1,PROTECTING,Field_5,1,PROTECTING,Field_4,1,PROTECTING,Field_4,1,PROTECTING,Field_5,2,0.13,0,0,2,9,0.15,0,0,6,8,0.08,0,0,1,0,0.23,6,0,0,0,0.29,9,0,0,8,0.27,2,1,1,7,0.17,0,1,2,0,0.00,0,0,1,0,0.09,0,0,2,4,0.20,2,1,1,1,0.14,2,0,0,5,0.03,0,0,1
40,44,0,0,21,0,3,0,1,PROTECTING,Field_5,1,PROTECTING,Field_5,1,PROTECTING,Field_5,1,PROTECTING,Field_4,1,PROTECTING,Field_4,1,PROTECTING,Field_10,1,PROTECTING,Field_6,1,PROTECTING,Field_4,1,MOVING_TO_FIELD,Field_7,1,PROTECTING,Field_6,1,PROTECTING,Field_5,1,PROTECTING,Field_5,1,PROTECTING,Field_10,1,PROTECTING,Field_5,1,PROTECTING,Field_11,1,PROTECTING,Field_5,1,MOVING_TO_FIELD,Field_6,1,PROTECTING,Field_11,1,PROTECTING,Field_4,1,MOVING_TO_FIELD,Field_10,1,PROTECTING,Field_5,1,PROTECTING,Field_4,1,PROTECTING,Field_4,1,PROTECTING,Field_5,2,0.11,0,0,2,9,0.15,0,0,6,8,0.08,0,0,1,0,0.23,6,0,0,0,0.30,9,0,0,8,0.28,2,1,1,7,0.16,0,1,2,0,0.00,0,0,1,0,0.09,0,0,2,4,0.20,2,1,1,1,0.09,2,0,0,5,0.03,0,0,1
41,48,0,0,20,0,4,0,1,PROTECTING,Field_5,1,PROTECTING,Field_5,1,PROTECTING,Field_5,1,PROTECTING,Field_4,1,PROTECTING,Field_4,1,PROTECTING,Field_10,1,PROTECTING,Field_6,1,PROTECTING,Field_4,1,MOVING_TO_FIELD,Field_7,1,PROTECTING,Field_6,1,PROTECTING,Field_5,1,PROTECTING,Field_5,1,PROTECTING,Field_10,1,PROTECTING,Field_5,1,PROTECTING,Field_11,1,PROTECTING,Field_5,1,MOVING_TO_FIELD,Field_6,1,MOVING_TO_FIELD,Field_7,1,PROTECTING,Field_4,1,MOVING_TO_FIELD,Field_10,1,PROTECTING,Field_5,1,PROTECTING,Field_4,1,PROTECTING,Field_4,1,PROTECTING,Field_5,3,0.10,0,0,2,10,0.16,0,0,6,8,0.08,0,0,1,0,0.22,6,0,0,0,0.31,9,0,0,8,0.31,2,1,1,8,0.17,0,2,2,0,0.00,0,0,1,0,0.11,0,0,2,5,0.20,2,1,1,1,0.09,1,0,1,5,0.03,0,0,1
42,49,0,0,21,0,3,0,1,PROTECTING,Field_5,1,PROTECTING,Field_5,1,PROTECTING,Field_5,1,PROTECTING,Field_4,1,PROTECTING,Field_4,1,PROTECTING,Field_10,1,PROTECTING,Field_6,1,PROTECTING,Field_4,1,MOVING_TO_FIELD,Field_7,1,PROTECTING,Field_6,1,PROTECTING,Field_5,1,PROTECTING,Field_5,1,PROTECTING,Field_10,1,PROTECTING,Field_5,1,PROTECTING,Field_11,1,PROTECTING,Field_5,1,PROTECTING,Field_6,1,MOVING_TO_FIELD,Field_7,1,PROTECTING,Field_4,1,MOVING_TO_FIELD,Field_10,1,PROTECTING,Field_5,1,PROTECTING,Field_4,1,PROTECTING,Field_4,1,PROTECTING,Field_5,3,0.10,0,0,2,10,0.17,0,0,6,8,0.09,0,0,1,0,0.20,6,0,0,0,0.29,9,0,0,8,0.32,3,0,0,8,0.17,0,2,2,0,0.00,0,0,1,1,0.11,0,0,2,5,0.20,2,1,1,1,0.09,1,0,1,5,0.03,0,0,1
43,51,0,0,21,0,3,0,1,PROTECTING,Field_5,1,PROTECTING,Field_5,1,PROTECTING,Field_5,1,PROTECTING,Field_4,1,PROTECTING,Field_4,1,PROTECTING,Field_10,1,PROTECTING,Field_6,1,PROTECTING,Field_4,1,MOVING_TO_FIELD,Field_7,1,PROTECTING,Field_6,1,PROTECTING,Field_5,1,PROTECTING,Field_5,1,PROTECTING,Field_10,1,PROTECTING,Field_5,1,PROTECTING,Field_11,1,PROTECTING,Field_5,1,PROTECTING,Field_6,1,MOVING_TO_FIELD,Field_7,1,PROTECTING,Field_4,1,MOVING_TO_FIELD,Field_10,1,PROTECTING,Field_5,1,PROTECTING,Field_4,1,PROTECTING,Field_4,1,PROTECTING,Field_5,3,0.10,0,0,2,10,0.18,0,0,6,8,0.09,0,0,1,0,0.20,6,0,0,0,0.28,9,0,0,8,0.32,3,0,0,10,0.16,0,2,2,0,0.00,0,0,1,1,0.11,0,0,2,5,0.21,2,1,1,1,0.07,1,0,1,5,0.03,0,0,1
44,51,0,0,21,0,3,0,1,PROTECTING,Field_5,1,PROTECTING,Field_5,1,PROTECTING,Field_5,1,PROTECTING,Field_4,1,PROTECTING,Field_4,1,PROTECTING,Field_10,1,PROTECTING,Field_6,1,PROTECTING,Field_4,1,MOVING_TO_FIELD,Field_7,1,PROTECTING,Field_6,1,PROTECTING,Field_5,1,PROTECTING,Field_5,1,PROTECTING,Field_10,1,PROTECTING,Field_5,1,PROTECTING,Field_11,1,PROTECTING,Field_5,1,PROTECTING,Field_6,1,MOVING_TO_FIELD,Field_7,1,PROTECTING,Field_4,1,MOVING_TO_FIELD,Field_10,1,PROTECTING,Field_5,1,PROTECTING,Field_4,1,PROTECTING,Field_4,1,PROTECTING,Field_5,3,0.10,0,0,2,10,0.17,0,0,6,8,0.11,0,0,1,0,0.20,6,0,0,0,0.27,9,0,0,8,0.32,3,0,0,10,0.15,0,2,2,0,0.00,0,0,1,1,0.11,0,0,2,5,0.21,2,1,1,1,0.04,1,0,1,5,0.03,0,0,1
45,55,0,0,22,0,2,0,1,PROTECTING,Field_5,1,PROTECTING,Field_5,1,PROTECTING,Field_5,1,PROTECTING,Field_4,1,PROTECTING,Field_4,1,PROTECTING,Field_10,1,PROTECTING,Field_6,1,PROTECTING,Field_4,1,MOVING_TO_FIELD,Field_7,1,PROTECTING,Field_6,1,PROTECTING,Field_5,1,PROTECTING,Field_5,1,PROTECTING,Field_10,1,PROTECTING,Field_5,1,PROTECTING,Field_11,1,PROTECTING,Field_5,1,PROTECTING,Field_6,1,MOVING_TO_FIELD,Field_7,1,PROTECTING,Field_4,1,PROTECTING,Field_10,1,PROTECTING,Field_5,1,PROTECTING,Field_4,1,PROTECTING,Field_4,1,PROTECTING,Field_5,3,0.10,0,0,2,10,0.18,0,0,6,8,0.11,0,0,1,0,0.20,6,0,0,0,0.26,9,0,0,8,0.32,3,0,0,12,0.15,0,2,2,0,0.00,0,0,1,3,0.11,0,0,2,5,0.20,3,0,0,1,0.04,1,0,1,5,0.03,0,0,1
46,55,0,0,22,0,2,0,1,PROTECTING,Field_5,1,PROTECTING,Field_5,1,PROTECTING,Field_5,1,PROTECTING,Field_4,1,PROTECTING,Field_4,1,PROTECTING,Field_10,1,PROTECTING,Field_6,1,PROTECTING,Field_4,1,MOVING_TO_FIELD,Field_7,1,PROTECTING,Field_6,1,PROTECTING,Field_5,1,PROTECTING,Field_5,1,PROTECTING,Field_10,1,PROTECTING,Field_5,1,PROTECTING,Field_11,1,PROTECTING,Field_5,1,PROTECTING,Field_6,1,MOVING_TO_FIELD,Field_7,1,PROTECTING,Field_4,1,PROTECTING,Field_10,1,PROTECTING,Field_5,1,PROTECTING,Field_4,1,PROTECTING,Field_4,1,PROTECTING,Field_5,3,0.10,0,0,2,10,0.18,0,0,6,8,0.12,0,0,1,0,0.18,6,0,0,0,0.25,9,0,0,8,0.31,3,0,0,12,0.15,0,2,2,0,0.00,0,0,1,3,0.10,0,0,2,5,0.20,3,0,0,1,0.04,1,0,1,5,0.03,0,0,1
47,55,0,0,22,0,2,0,1,PROTECTING,Field_5,1,PROTECTING,Field_5,1,PROTECTING,Field_5,1,PROTECTING,Field_4,1,PROTECTING,Field_4,1,PROTECTING,Field_10,1,PROTECTING,Field_6,1,PROTECTING,Field_4,1,MOVING_TO_FIELD,Field_7,1,PROTECTING,Field_6,1,PROTECTING,Field_5,1,PROTECTING,Field_5,1,PROTECTING,Field_10,1,PROTECTING,Field_5,1,PROTECTING,Field_11,1,PROTECTING,Field_5,1,PROTECTING,Field_6,1,MOVING_TO_FIELD,Field_7,1,PROTECTING,Field_4,1,PROTECTING,Field_10,1,PROTECTING,Field_5,1,PROTECTING,Field_4,1,PROTECTING,Field_4,1,PROTECTING,Field_5,3,0.10,0,0,2,10,0.18,0,0,6,8,0.12,0,0,1,0,0.18,6,0,0,0,0.26,9,0,0,8,0.27,3,0,0,12,0.15,0,2,2,0,0.02,0,0,1,3,0.10,0,0,2,5,0.15,3,0,0,1,0.04,1,0,1,5,0.00,0,0,1
48,56,0,0,22,0,2,0,1,PROTECTING,Field_5,1,PROTECTING,Field_5,1,PROTECTING,Field_5,1,PROTECTING,Field_4,1,PROTECTING,Field_4,1,PROTECTING,Field_10,1,PROTECTING,Field_6,1,PROTECTING,Field_4,1,MOVING_TO_FIELD,Field_7,1,PROTECTING,Field_6,1,PROTECTING,Field_5,1,PROTECTING,Field_5,1,PROTECTING,Field_10,1,PROTECTING,Field_5,1,PROTECTING,Field_11,1,PROTECTING,Field_5,1,PROTECTING,Field_6,1,MOVING_TO_FIELD,Field_7,1,PROTECTING,Field_4,1,PROTECTING,Field_10,1,PROTECTING,Field_5,1,PROTECTING,Field_4,1,PROTECTING,Field_4,1,PROTECTING,Field_5,3,0.10,0,0,2,10,0.17,0,0,6,8,0.11,0,0,1,0,0.16,6,0,0,0,0.24,9,0,0,8,0.26,3,0,0,13,0.14,0,2,2,0,0.00,0,0,1,3,0.10,0,0,2,5,0.15,3,0,0,1,0.04,1,0,1,5,0.00,0,0,1
49,57,0,0,22,0,2,0,1,PROTECTING,Field_5,1,PROTECTING,Field_5,1,PROTECTING,Field_5,1,PROTECTING,Field_4,1,PROTECTING,Field_4,1,PROTECTING,Field_10,1,PROTECTING,Field_6,1,PROTECTING,Field_4,1,MOVING_TO_FIELD,Field_7,1,PROTECTING,Field_6,1,PROTECTING,Field_5,1,PROTECTING,Field_5,1,PROTECTING,Field_10,1,PROTECTING,Field_5,1,PROTECTING,Field_11,1,PROTECTING,Field_5,1,PROTECTING,Field_6,1,MOVING_TO_FIELD,Field_7,1,PROTECTING,Field_4,1,PROTECTING,Field_10,1,PROTECTING,Field_5,1,PROTECTING,Field_4,1,PROTECTING,Field_4,1,PROTECTING,Field_5,3,0.10,0,0,2,10,0.19,0,0,6,8,0.11,0,0,1,0,0.15,6,0,0,0,0.23,9,0,0,8,0.25,3,0,0,14,0.14,0,2,2,0,0.00,0,0,1,3,0.09,0,0,2,5,0.15,3,0,0,1,0.04,1,0,1,5,0.00,0,0,1
50,58,0,0,22,0,2,0,1,PROTECTING,Field_5,1,PROTECTING,Field_5,1,PROTECTING,Field_5,1,PROTECTING,Field_4,1,PROTECTING,Field_4,1,PROTECTING,Field_10,1,PROTECTING,Field_6,1,PROTECTING,Field_4,1,MOVING_TO_FIELD,Field_7,1,PROTECTING,Field_6,1,PROTECTING,Field_5,1,PROTECTING,Field_5,1,PROTECTING,Field_10,1,PROTECTING,Field_5,1,PROTECTING,Field_11,1,PROTECTING,Field_5,1,PROTECTING,Field_6,1,MOVING_TO_FIELD,Field_7,1,PROTECTING,Field_4,1,PROTECTING,Field_10,1,PROTECTING,Field_5,1,PROTECTING,Field_4,1,PROTECTING,Field_4,1,PROTECTING,Field_5,3,0.10,0,0,2,10,0.19,0,0,6,8,0.12,0,0,1,0,0.14,6,0,0,0,0.23,9,0,0,8,0.21,3,0,0,15,0.14,0,2,2,0,0.00,0,0,1,3,0.08,0,0,2,5,0.13,3,0,0,1,0.04,1,0,1,5,0.00,0,0,1
51,58,0,0,15,0,9,0,1,PROTECTING,Field_5,1,PROTECTING,Field_5,1,PROTECTING,Field_5,1,MOVING_TO_FIELD,Field_2,1,MOVING_TO_FIELD,Field_2,1,PROTECTING,Field_10,1,PROTECTING,Field_6,1,MOVING_TO_FIELD,Field_2,1,MOVING_TO_FIELD,Field_7,1,PROTECTING,Field_6,1,PROTECTING,Field_5,1,PROTECTING,Field_5,1,PROTECTING,Field_10,1,PROTECTING,Field_5,1,MOVING_TO_FIELD,Field_3,1,PROTECTING,Field_5,1,PROTECTING,Field_6,1,MOVING_TO_FIELD,Field_7,1,MOVING_TO_FIELD,Field_2,1,PROTECTING,Field_10,1,PROTECTING,Field_5,1,MOVING_TO_FIELD,Field_2,1,MOVING_TO_FIELD,Field_2,1,PROTECTING,Field_5,3,0.08,0,0,2,10,0.19,0,6,6,8,0.12,0,1,1,0,0.14,0,0,6,0,0.22,9,0,0,8,0.21,3,0,0,15,0.14,0,2,2,0,0.02,0,0,1,3,0.08,0,0,2,5,0.13,3,0,0,1,0.04,0,0,2,5,0.00,0,0,1
52,59,0,0,15,0,9,0,1,PROTECTING,Field_5,1,PROTECTING,Field_5,1,PROTECTING,Field_5,1,MOVING_TO_FIELD,Field_2,1,MOVING_TO_FIELD,Field_2,1,PROTECTING,Field_10,1,PROTECTING,Field_6,1,MOVING_TO_FIELD,Field_2,1,MOVING_TO_FIELD,Field_7,1,PROTECTING,Field_6,1,PROTECTING,Field_5,1,PROTECTING,Field_5,1,PROTECTING,Field_10,1,PROTECTING,Field_5,1,MOVING_TO_FIELD,Field_3,1,PROTECTING,Field_5,1,PROTECTING,Field_6,1,MOVING_TO_FIELD,Field_7,1,MOVING_TO_FIELD,Field_2,1,PROTECTING,Field_10,1,PROTECTING,Field_5,1,MOVING_TO_FIELD,Field_2,1,MOVING_TO_FIELD,Field_2,1,PROTECTING,Field_5,3,0.08,0,0,2,10,0.19,0,6,6,8,0.11,0,1,1,0,0.09,0,0,6,0,0.21,9,0,0,8,0.21,3,0,0,16,0.14,0,2,2,0,0.02,0,0,1,3,0.07,0,0,2,5,0.11,3,0,0,1,0.04,0,0,2,5,0.00,0,0,1
53,59,0,0,15,0,9,0,1,PROTECTING,Field_5,1,PROTECTING,Field_5,1,PROTECTING,Field_5,1,MOVING_TO_FIELD,Field_2,1,MOVING_TO_FIELD,Field_2,1,PROTECTING,Field_10,1,PROTECTING,Field_6,1,MOVING_TO_FIELD,Field_2,1,MOVING_TO_FIELD,Field_7,1,PROTECTING,Field_6,1,PROTECTING,Field_5,1,PROTECTING,Field_5,1,PROTECTING,Field_10,1,PROTECTING,Field_5,1,MOVING_TO_FIELD,Field_3,1,PROTECTING,Field_5,1,PROTECTING,Field_6,1,MOVING_TO_FIELD,Field_7,1,MOVING_TO_FIELD,Field_2,1,PROTECTING,Field_10,1,PROTECTING,Field_5,1,MOVING_TO_FIELD,Field_2,1,MOVING_TO_FIELD,Field_2,1,PROTECTING,Field_5,3,0.08,0,0,2,10,0.21,0,6,6,8,0.09,0,1,1,0,0.09,0,0,6,0,0.21,9,0,0,8,0.20,3,0,0,16,0.14,0,2,2,0,0.02,0,0,1,3,0.08,0,0,2,5,0.11,3,0,0,1,0.04,0,0,2,5,0.00,0,0,1
54,60,0,0,15,0,9,0,1,PROTECTING,Field_5,1,PROTECTING,Field_5,1,PROTECTING,Field_5,1,MOVING_TO_FIELD,Field_2,1,MOVING_TO_FIELD,Field_2,1,PROTECTING,Field_10,1,PROTECTING,Field_6,1,MOVING_TO_FIELD,Field_2,1,MOVING_TO_FIELD,Field_7,1,PROTECTING,Field_6,1,PROTECTING,Field_5,1,PROTECTING,Field_5,1,PROTECTING,Field_10,1,PROTECTING,Field_5,1,MOVING_TO_FIELD,Field_3,1,PROTECTING,Field_5,1,PROTECTING,Field_6,1,MOVING_TO_FIELD,Field_7,1,MOVING_TO_FIELD,Field_2,1,PROTECTING,Field_10,1,PROTECTING,Field_5,1,MOVING_TO_FIELD,Field_2,1,MOVING_TO_FIELD,Field_2,1,PROTECTING,Field_5,3,0.08,0,0,2,11,0.22,0,6,6,8,0.09,0,1,1,0,0.09,0,0,6,0,0.22,9,0,0,8,0.19,3,0,0,16,0.14,0,2,2,0,0.02,0,0,1,3,0.08,0,0,2,5,0.08,3,0,0,1,0.04,0,0,2,5,0.00,0,0,1
55,60,0,0,15,0,9,0,1,PROTECTING,Field_5,1,PROTECTING,Field_5,1,PROTECTING,Field_5,1,MOVING_TO_FIELD,Field_2,1,MOVING_TO_FIELD,Field_2,1,PROTECTING,Field_10,1,PROTECTING,Field_6,1,MOVING_TO_FIELD,Field_2,1,MOVING_TO_FIELD,Field_7,1,PROTECTING,Field_6,1,PROTECTING,Field_5,1,PROTECTING,Field_5,1,PROTECTING,Field_10,1,PROTECTING,Field_5,1,MOVING_TO_FIELD,Field_3,1,PROTECTING,Field_5,1,PROTECTING,Field_6,1,MOVING_TO_FIELD,Field_7,1,MOVING_TO_FIELD,Field_2,1,PROTECTING,Field_10,1,PROTECTING,Field_5,1,MOVING_TO_FIELD,Field_2,1,MOVING_TO_FIELD,Field_2,1,PROTECTING,Field_5,3,0.06,0,0,2,11,0.21,0,6,6,8,0.09,0,1,1,0,0.08,0,0,6,0,0.22,9,0,0,8,0.15,3,0,0,16,0.14,0,2,2,0,0.02,0,0,1,3,0.07,0,0,2,5,0.07,3,0,0,1,0.04,0,0,2,5,0.00,0,0,1
56,60,0,0,15,0,9,0,1,PROTECTING,Field_5,1,PROTECTING,Field_5,1,PROTECTING,Field_5,1,MOVING_TO_FIELD,Field_2,1,MOVING_TO_FIELD,Field_2,1,PROTECTING,Field_10,1,PROTECTING,Field_6,1,MOVING_TO_FIELD,Field_2,1,MOVING_TO_FIELD,Field_7,1,PROTECTING,Field_6,1,PROTECTING,Field_5,1,PROTECTING,Field_5,1,PROTECTING,Field_10,1,PROTECTING,Field_5,1,MOVING_TO_FIELD,Field_3,1,PROTECTING,Field_5,1,PROTECTING,Field_6,1,MOVING_TO_FIELD,Field_7,1,MOVING_TO_FIELD,Field_2,1,PROTECTING,Field_10,1,PROTECTING,Field_5,1,MOVING_TO_FIELD,Field_2,1,MOVING_TO_FIELD,Field_2,1,PROTECTING,Field_5,3,0.08,0,0,2,11,0.21,0,6,6,8,0.11,0,1,1,0,0.09,0,0,6,0,0.23,9,0,0,8,0.12,3,0,0,16,0.15,0,2,2,0,0.02,0,0,1,3,0.07,0,0,2,5,0.03,3,0,0,1,0.04,0,0,2,5,0.00,0,0,1
57,60,0,0,15,0,9,0,1,PROTECTING,Field_5,1,PROTECTING,Field_5,1,PROTECTING,Field_5,1,MOVING_TO_FIELD,Field_2,1,MOVING_TO_FIELD,Field_2,1,PROTECTING,Field_10,1,PROTECTING,Field_6,1,MOVING_TO_FIELD,Field_2,1,MOVING_TO_FIELD,Field_7,1,PROTECTING,Field_6,1,PROTECTING,Field_5,1,PROTECTING,Field_5,1,PROTECTING,Field_10,1,PROTECTING,Field_5,1,MOVING_TO_FIELD,Field_3,1,PROTECTING,Field_5,1,PROTECTING,Field_6,1,MOVING_TO_FIELD,Field_7,1,MOVING_TO_FIELD,Field_2,1,PROTECTING,Field_10,1,PROTECTING,Field_5,1,MOVING_TO_FIELD,Field_2,1,MOVING_TO_FIELD,Field_2,1,PROTECTING,Field_5,3,0.08,0,0,2,11,0.21,0,6,6,8,0.11,0,1,1,0,0.09,0,0,6,0,0.23,9,0,0,8,0.12,3,0,0,16,0.13,0,2,2,0,0.02,0,0,1,3,0.06,0,0,2,5,0.03,3,0,0,1,0.04,0,0,2,5,0.00,0,0,1
58,60,0,0,18,0,6,0,1,PROTECTING,Field_5,1,PROTECTING,Field_5,1,PROTECTING,Field_5,1,PROTECTING,Field_2,1,PROTECTING,Field_2,1,PROTECTING,Field_10,1,PROTECTING,Field_6,1,MOVING_TO_FIELD,Field_2,1,MOVING_TO_FIELD,Field_7,1,PROTECTING,Field_6,1,PROTECTING,Field_5,1,PROTECTING,Field_5,1,PROTECTING,Field_10,1,PROTECTING,Field_5,1,PROTECTING,Field_3,1,PROTECTING,Field_5,1,PROTECTING,Field_6,1,MOVING_TO_FIELD,Field_7,1,MOVING_TO_FIELD,Field_2,1,PROTECTING,Field_10,1,PROTECTING,Field_5,1,MOVING_TO_FIELD,Field_2,1,MOVING_TO_FIELD,Field_2,1,PROTECTING,Field_5,3,0.08,0,0,2,11,0.21,2,4,4,8,0.09,1,0,0,0,0.08,0,0,6,0,0.20,9,0,0,8,0.12,3,0,0,16,0.15,0,2,2,0,0.02,0,0,1,3,0.06,0,0,2,5,0.03,3,0,0,1,0.04,0,0,2,5,0.00,0,0,1
59,60,0,0,19,0,5,0,1,PROTECTING,Field_5,1,PROTECTING,Field_5,1,PROTECTING,Field_5,1,PROTECTING,Field_2,1,PROTECTING,Field_2,1,PROTECTING,Field_10,1,PROTECTING,Field_6,1,MOVING_TO_FIELD,Field_2,1,PROTECTING,Field_7,1,PROTECTING,Field_6,1,PROTECTING,Field_5,1,PROTECTING,Field_5,1,PROTECTING,Field_10,1,PROTECTING,Field_5,1,PROTECTING,Field_3,1,PROTECTING,Field_5,1,PROTECTING,Field_6,1,MOVING_TO_FIELD,Field_7,1,MOVING_TO_FIELD,Field_2,1,PROTECTING,Field_10,1,PROTECTING,Field_5,1,MOVING_TO_FIELD,Field_2,1,MOVING_TO_FIELD,Field_2,1,PROTECTING,Field_5,3,0.08,0,0,2,11,0.21,2,4,4,8,0.08,1,0,0,0,0.05,0,0,6,0,0.20,9,0,0,8,0.12,3,0,0,16,0.17,1,1,1,0,0.02,0,0,1,3,0.06,0,0,2,5,0.05,3,0,0,1,0.04,0,0,2,5,0.00,0,0,1
60,61,0,0,19,0,5,0,1,PROTECTING,Field_5,1,PROTECTING,Field_5,1,PROTECTING,Field_5,1,PROTECTING,Field_2,1,PROTECTING,Field_2,1,PROTECTING,Field_10,1,PROTECTING,Field_6,1,MOVING_TO_FIELD,Field_2,1,PROTECTING,Field_7,1,PROTECTING,Field_6,1,PROTECTING,Field_5,1,PROTECTING,Field_5,1,PROTECTING,Field_10,1,PROTECTING,Field_5,1,PROTECTING,Field_3,1,PROTECTING,Field_5,1,PROTECTING,Field_6,1,MOVING_TO_FIELD,Field_7,1,MOVING_TO_FIELD,Field_2,1,PROTECTING,Field_10,1,PROTECTING,Field_5,1,MOVING_TO_FIELD,Field_2,1,MOVING_TO_FIELD,Field_2,1,PROTECTING,Field_5,4,0.08,0,0,2,11,0.22,2,4,4,8,0.05,1,0,0,0,0.05,0,0,6,0,0.19,9,0,0,8,0.09,3,0,0,16,0.17,1,1,1,0,0.02,0,0,1,3,0.06,0,0,2,5,0.03,3,0,0,1,0.04,0,0,2,5,0.00,0,0,1
61,61,0,0,15,0,9,0,1,PROTECTING,Field_5,1,PROTECTING,Field_5,1,PROTECTING,Field_5,1,PROTECTING,Field_2,1,PROTECTING,Field_2,1,MOVING_TO_FIELD,Field_1,1,PROTECTING,Field_6,1,MOVING_TO_FIELD,Field_2,1,PROTECTING,Field_7,1,PROTECTING,Field_6,1,PROTECTING,Field_5,1,PROTECTING,Field_5,1,MOVING_TO_FIELD,Field_1,1,PROTECTING,Field_5,1,MOVING_TO_FIELD,Field_9,1,PROTECTING,Field_5,1,PROTECTING,Field_6,1,MOVING_TO_FIELD,Field_7,1,MOVING_TO_FIELD,Field_2,1,MOVING_TO_FIELD,Field_9,1,PROTECTING,Field_5,1,MOVING_TO_FIELD,Field_2,1,MOVING_TO_FIELD,Field_2,1,PROTECTING,Field_5,4,0.08,0,2,2,11,0.25,2,4,4,8,0.04,0,0,1,0,0.07,0,0,6,0,0.19,9,0,0,8,0.08,3,0,0,16,0.16,1,1,1,0,0.02,0,0,1,3,0.07,0,2,2,5,0.03,0,0,3,1,0.04,0,0,2,5,0.00,0,0,1
62,61,0,0,15,0,9,0,1,PROTECTING,Field_5,1,PROTECTING,Field_5,1,PROTECTING,Field_5,1,PROTECTING,Field_2,1,PROTECTING,Field_2,1,MOVING_TO_FIELD,Field_1,1,PROTECTING,Field_6,1,MOVING_TO_FIELD,Field_2,1,PROTECTING,Field_7,1,PROTECTING,Field_6,1,PROTECTING,Field_5,1,PROTECTING,Field_5,1,MOVING_TO_FIELD,Field_1,1,PROTECTING,Field_5,1,MOVING_TO_FIELD,Field_9,1,PROTECTING,Field_5,1,PROTECTING,Field_6,1,MOVING_TO_FIELD,Field_7,1,MOVING_TO_FIELD,Field_2,1,MOVING_TO_FIELD,Field_9,1,PROTECTING,Field_5,1,MOVING_TO_FIELD,Field_2,1,MOVING_TO_FIELD,Field_2,1,PROTECTING,Field_5,4,0.08,0,2,2,11,0.25,2,4,4,8,0.04,0,0,1,0,0.07,0,0,6,0,0.18,9,0,0,8,0.07,3,0,0,16,0.18,1,1,1,0,0.02,0,0,1,3,0.08,0,2,2,5,0.03,0,0,3,1,0.04,0,0,2,5,0.00,0,0,1
63,62,0,0,16,0,8,0,1,PROTECTING,Field_5,1,PROTECTING,Field_5,1,PROTECTING,Field_5,1,PROTECTING,Field_2,1,PROTECTING,Field_2,1,MOVING_TO_FIELD,Field_1,1,PROTECTING,Field_6,1,PROTECTING,Field_2,1,PROTECTING,Field_7,1,PROTECTING,Field_6,1,PROTECTING,Field_5,1,PROTECTING,Field_5,1,MOVING_TO_FIELD,Field_1,1,PROTECTING,Field_5,1,MOVING_TO_FIELD,Field_9,1,PROTECTING,Field_5,1,PROTECTING,Field_6,1,MOVING_TO_FIELD,Field_7,1,MOVING_TO_FIELD,Field_2,1,MOVING_TO_FIELD,Field_9,1,PROTECTING,Field_5,1,MOVING_TO_FIELD,Field_2,1,MOVING_TO_FIELD,Field_2,1,PROTECTING,Field_5,4,0.08,0,2,2,11,0.24,3,3,3,8,0.03,0,0,1,0,0.05,0,0,6,0,0.18,9,0,0,8,0.07,3,0,0,17,0.17,1,1,1,0,0.02,0,0,1,3,0.09,0,2,2,5,0.03,0,0,3,1,0.04,0,0,2,5,0.00,0,0,1
64,62,0,0,16,0,8,0,1,PROTECTING,Field_5,1,PROTECTING,Field_5,1,PROTECTING,Field_5,1,PROTECTING,Field_2,1,PROTECTING,Field_2,1,MOVING_TO_FIELD,Field_1,1,PROTECTING,Field_6,1,PROTECTING,Field_2,1,PROTECTING,Field_7,1,PROTECTING,Field_6,1,PROTECTING,Field_5,1,PROTECTING,Field_5,1,MOVING_TO_FIELD,Field_1,1,PROTECTING,Field_5,1,MOVING_TO_FIELD,Field_9,1,PROTECTING,Field_5,1,PROTECTING,Field_6,1,MOVING_TO_FIELD,Field_7,1,MOVING_TO_FIELD,Field_2,1,MOVING_TO_FIELD,Field_9,1,PROTECTING,Field_5,1,MOVING_TO_FIELD,Field_2,1,MOVING_TO_FIELD,Field_2,1,PROTECTING,Field_5,4,0.10,0,2,2,11,0.25,3,3,3,8,0.03,0,0,1,0,0.05,0,0,6,0,0.18,9,0,0,8,0.07,3,0,0,17,0.16,1,1,1,0,0.05,0,0,1,3,0.11,0,2,2,5,0.03,0,0,3,1,0.04,0,0,2,5,0.00,0,0,1
65,62,0,0,16,0,8,0,1,PROTECTING,Field_5,1,PROTECTING,Field_5,1,PROTECTING,Field_5,1,PROTECTING,Field_2,1,PROTECTING,Field_2,1,MOVING_TO_FIELD,Field_1,1,PROTECTING,Field_6,1,PROTECTING,Field_2,1,PROTECTING,Field_7,1,PROTECTING,Field_6,1,PROTECTING,Field_5,1,PROTECTING,Field_5,1,MOVING_TO_FIELD,Field_1,1,PROTECTING,Field_5,1,MOVING_TO_FIELD,Field_9,1,PROTECTING,Field_5,1,PROTECTING,Field_6,1,MOVING_TO_FIELD,Field_7,1,MOVING_TO_FIELD,Field_2,1,MOVING_TO_FIELD,Field_9,1,PROTECTING,Field_5,1,MOVING_TO_FIELD,Field_2,1,MOVING_TO_FIELD,Field_2,1,PROTECTING,Field_5,4,0.10,0,2,2,11,0.25,3,3,3,8,0.03,0,0,1,0,0.05,0,0,6,0,0.18,9,0,0,8,0.07,3,0,0,17,0.15,1,1,1,0,0.05,0,0,1,3,0.11,0,2,2,5,0.03,0,0,3,1,0.04,0,0,2,5,0.00,0,0,1
66,63,0,0,19,0,5,0,1,PROTECTING,Field_5,1,PROTECTING,Field_5,1,PROTECTING,Field_5,1,PROTECTING,Field_2,1,PROTECTING,Field_2,1,PROTECTING,Field_1,1,PROTECTING,Field_6,1,PROTECTING,Field_2,1,PROTECTING,Field_7,1,PROTECTING,Field_6,1,PROTECTING,Field_5,1,PROTECTING,Field_5,1,MOVING_TO_FIELD,Field_1,1,PROTECTING,Field_5,1,PROTECTING,Field_9,1,PROTECTING,Field_5,1,PROTECTING,Field_6,1,MOVING_TO_FIELD,Field_7,1,MOVING_TO_FIELD,Field_2,1,MOVING_TO_FIELD,Field_9,1,PROTECTING,Field_5,1,PROTECTING,Field_2,1,MOVING_TO_FIELD,Field_2,1,PROTECTING,Field_5,4,0.10,1,1,1,11,0.25,4,2,2,8,0.01,0,0,1,0,0.05,0,0,6,0,0.15,9,0,0,8,0.05,3,0,0,18,0.14,1,1,1,0,0.05,0,0,1,3,0.11,1,1,1,5,0.02,0,0,3,1,0.05,0,0,2,5,0.03,0,0,1
67,63,0,0,19,0,5,0,1,PROTECTING,Field_5,1,PROTECTING,Field_5,1,PROTECTING,Field_5,1,PROTECTING,Field_2,1,PROTECTING,Field_2,1,PROTECTING,Field_1,1,PROTECTING,Field_6,1,PROTECTING,Field_2,1,PROTECTING,Field_7,1,PROTECTING,Field_6,1,PROTECTING,Field_5,1,PROTECTING,Field_5,1,MOVING_TO_FIELD,Field_1,1,PROTECTING,Field_5,1,PROTECTING,Field_9,1,PROTECTING,Field_5,1,PROTECTING,Field_6,1,MOVING_TO_FIELD,Field_7,1,MOVING_TO_FIELD,Field_2,1,MOVING_TO_FIELD,Field_9,1,PROTECTING,Field_5,1,PROTECTING,Field_2,1,MOVING_TO_FIELD,Field_2,1,PROTECTING,Field_5,4,0.10,1,1,1,11,0.24,4,2,2,8,0.01,0,0,1,0,0.05,0,0,6,0,0.14,9,0,0,8,0.02,3,0,0,18,0.14,1,1,1,0,0.02,0,0,1,3,0.11,1,1,1,5,0.02,0,0,3,1,0.05,0,0,2,5,0.03,0,0,1
68,63,0,0,20,0,4,0,1,PROTECTING,Field_5,1,PROTECTING,Field_5,1,PROTECTING,Field_5,1,PROTECTING,Field_2,1,PROTECTING,Field_2,1,PROTECTING,Field_1,1,PROTECTING,Field_6,1,PROTECTING,Field_2,1,PROTECTING,Field_7,1,PROTECTING,Field_6,1,PROTECTING,Field_5,1,PROTECTING,Field_5,1,MOVING_TO_FIELD,Field_1,1,PROTECTING,Field_5,1,PROTECTING,Field_9,1,PROTECTING,Field_5,1,PROTECTING,Field_6,1,PROTECTING,Field_7,1,MOVING_TO_FIELD,Field_2,1,MOVING_TO_FIELD,Field_9,1,PROTECTING,Field_5,1,PROTECTING,Field_2,1,MOVING_TO_FIELD,Field_2,1,PROTECTING,Field_5,4,0.10,1,1,1,11,0.24,4,2,2,8,0.01,0,0,1,0,0.05,0,0,6,0,0.13,9,0,0,8,0.01,3,0,0,18,0.14,2,0,0,0,0.02,0,0,1,3,0.11,1,1,1,5,0.02,0,0,3,1,0.04,0,0,2,5,0.03,0,0,1
69,63,0,0,20,0,4,0,1,PROTECTING,Field_5,1,PROTECTING,Field_5,1,PROTECTING,Field_5,1,PROTECTING,Field_2,1,PROTECTING,Field_2,1,PROTECTING,Field_1,1,PROTECTING,Field_6,1,PROTECTING,Field_2,1,PROTECTING,Field_7,1,PROTECTING,Field_6,1,PROTECTING,Field_5,1,PROTECTING,Field_5,1,MOVING_TO_FIELD,Field_1,1,PROTECTING,Field_5,1,PROTECTING,Field_9,1,PROTECTING,Field_5,1,PROTECTING,Field_6,1,PROTECTING,Field_7,1,MOVING_TO_FIELD,Field_2,1,MOVING_TO_FIELD,Field_9,1,PROTECTING,Field_5,1,PROTECTING,Field_2,1,MOVING_TO_FIELD,Field_2,1,PROTECTING,Field_5,4,0.10,1,1,1,11,0.25,4,2,2,8,0.01,0,0,1,0,0.07,0,0,6,0,0.14,9,0,0,8,0.01,3,0,0,18,0.14,2,0,0,0,0.02,0,0,1,3,0.10,1,1,1,5,0.02,0,0,3,1,0.04,0,0,2,5,0.03,0,0,1
70,63,0,0,22,0,2,0,1,PROTECTING,Field_5,1,PROTECTING,Field_5,1,PROTECTING,Field_5,1,PROTECTING,Field_2,1,PROTECTING,Field_2,1,PROTECTING,Field_1,1,PROTECTING,Field_6,1,PROTECTING,Field_2,1,PROTECTING,Field_7,1,PROTECTING,Field_6,1,PROTECTING,Field_5,1,PROTECTING,Field_5,1,MOVING_TO_FIELD,Field_1,1,PROTECTING,Field_5,1,PROTECTING,Field_9,1,PROTECTING,Field_5,1,PROTECTING,Field_6,1,PROTECTING,Field_7,1,PROTECTING,Field_2,1,MOVING_TO_FIELD,Field_9,1,PROTECTING,Field_5,1,PROTECTING,Field_2,1,PROTECTING,Field_2,1,PROTECTING,Field_5,4,0.08,1,1,1,11,0.25,6,0,0,8,0.01,0,0,1,0,0.07,0,0,6,0,0.14,9,0,0,8,0.01,3,0,0,18,0.12,2,0,0,0,0.02,0,0,1,3,0.10,1,1,1,5,0.02,0,0,3,1,0.04,0,0,2,5,0.03,0,0,1
71,63,0,0,20,0,4,0,1,PROTECTING,Field_5,1,PROTECTING,Field_5,1,PROTECTING,Field_5,1,PROTECTING,Field_2,1,PROTECTING,Field_2,1,PROTECTING,Field_1,1,MOVING_TO_FIELD,Field_4,1,PROTECTING,Field_2,1,PROTECTING,Field_7,1,MOVING_TO_FIELD,Field_4,1,PROTECTING,Field_5,1,PROTECTING,Field_5,1,PROTECTING,Field_1,1,PROTECTING,Field_5,1,PROTECTING,Field_9,1,PROTECTING,Field_5,1,MOVING_TO_FIELD,Field_4,1,PROTECTING,Field_7,1,PROTECTING,Field_2,1,MOVING_TO_FIELD,Field_9,1,PROTECTING,Field_5,1,PROTECTING,Field_2,1,PROTECTING,Field_2,1,PROTECTING,Field_5,4,0.10,2,0,0,11,0.25,6,0,0,8,0.01,0,0,1,0,0.07,0,3,6,0,0.15,9,0,0,8,0.01,0,0,3,18,0.13,2,0,0,0,0.02,0,0,1,3,0.08,1,1,1,5,0.02,0,0,3,1,0.04,0,0,2,5,0.03,0,0,1
72,63,0,0,20,0,4,0,1,PROTECTING,Field_5,1,PROTECTING,Field_5,1,PROTECTING,Field_5,1,PROTECTING,Field_2,1,PROTECTING,Field_2,1,PROTECTING,Field_1,1,MOVING_TO_FIELD,Field_4,1,PROTECTING,Field_2,1,PROTECTING,Field_7,1,MOVING_TO_FIELD,Field_4,1,PROTECTING,Field_5,1,PROTECTING,Field_5,1,PROTECTING,Field_1,1,PROTECTING,Field_5,1,PROTECTING,Field_9,1,PROTECTING,Field_5,1,MOVING_TO_FIELD,Field_4,1,PROTECTING,Field_7,1,PROTECTING,Field_2,1,MOVING_TO_FIELD,Field_9,1,PROTECTING,Field_5,1,PROTECTING,Field_2,1,PROTECTING,Field_2,1,PROTECTING,Field_5,4,0.10,2,0,0,11,0.23,6,0,0,8,0.01,0,0,1,0,0.05,0,3,6,0,0.12,9,0,0,8,0.00,0,0,3,18,0.12,2,0,0,0,0.02,0,0,1,3,0.09,1,1,1,5,0.02,0,0,3,1,0.02,0,0,2,5,0.03,0,0,1
73,63,0,0,20,0,4,0,1,PROTECTING,Field_5,1,PROTECTING,Field_5,1,PROTECTING,Field_5,1,PROTECTING,Field_2,1,PROTECTING,Field_2,1,PROTECTING,Field_1,1,MOVING_TO_FIELD,Field_4,1,PROTECTING,Field_2,1,PROTECTING,Field_7,1,MOVING_TO_FIELD,Field_4,1,PROTECTING,Field_5,1,PROTECTING,Field_5,1,PROTECTING,Field_1,1,PROTECTING,Field_5,1,PROTECTING,Field_9,1,PROTECTING,Field_5,1,MOVING_TO_FIELD,Field_4,1,PROTECTING,Field_7,1,PROTECTING,Field_2,1,MOVING_TO_FIELD,Field_9,1,PROTECTING,Field_5,1,PROTECTING,Field_2,1,PROTECTING,Field_2,1,PROTECTING,Field_5,4,0.08,2,0,0,11,0.24,6,0,0,8,0.01,0,0,1,0,0.05,0,3,6,0,0.12,9,0,0,8,0.00,0,0,3,18,0.10,2,0,0,0,0.00,0,0,1,3,0.09,1,1,1,5,0.02,0,0,3,1,0.02,0,0,2,5,0.03,0,0,1
74,63,0,0,20,0,4,0,1,PROTECTING,Field_5,1,PROTECTING,Field_5,1,PROTECTING,Field_5,1,PROTECTING,Field_2,1,PROTECTING,Field_2,1,PROTECTING,Field_1,1,MOVING_TO_FIELD,Field_4,1,PROTECTING,Field_2,1,PROTECTING,Field_7,1,MOVING_TO_FIELD,Field_4,1,PROTECTING,Field_5,1,PROTECTING,Field_5,1,PROTECTING,Field_1,1,PROTECTING,Field_5,1,PROTECTING,Field_9,1,PROTECTING,Field_5,1,MOVING_TO_FIELD,Field_4,1,PROTECTING,Field_7,1,PROTECTING,Field_2,1,MOVING_TO_FIELD,Field_9,1,PROTECTING,Field_5,1,PROTECTING,Field_2,1,PROTECTING,Field_2,1,PROTECTING,Field_5,4,0.08,2,0,0,11,0.23,6,0,0,8,0.04,0,0,1,0,0.05,0,3,6,0,0.11,9,0,0,8,0.00,0,0,3,18,0.11,2,0,0,0,0.00,0,0,1,3,0.09,1,1,1,5,0.02,0,0,3,1,0.02,0,0,2,5,0.03,0,0,1
75,63,0,0,20,0,4,0,1,PROTECTING,Field_5,1,PROTECTING,Field_5,1,PROTECTING,Field_5,1,PROTECTING,Field_2,1,PROTECTING,Field_2,1,PROTECTING,Field_1,1,MOVING_TO_FIELD,Field_4,1,PROTECTING,Field_2,1,PROTECTING,Field_7,1,MOVING_TO_FIELD,Field_4,1,PROTECTING,Field_5,1,PROTECTING,Field_5,1,PROTECTING,Field_1,1,PROTECTING,Field_5,1,PROTECTING,Field_9,1,PROTECTING,Field_5,1,MOVING_TO_FIELD,Field_4,1,PROTECTING,Field_7,1,PROTECTING,Field_2,1,MOVING_TO_FIELD,Field_9,1,PROTECTING,Field_5,1,PROTECTING,Field_2,1,PROTECTING,Field_2,1,PROTECTING,Field_5,4,0.08,2,0,0,11,0.21,6,0,0,8,0.05,0,0,1,0,0.05,0,3,6,0,0.11,9,0,0,8,0.00,0,0,3,18,0.07,2,0,0,0,0.00,0,0,1,3,0.08,1,1,1,5,0.03,0,0,3,1,0.02,0,0,2,5,0.03,0,0,1
76,63,0,0,20,0,4,0,1,PROTECTING,Field_5,1,PROTECTING,Field_5,1,PROTECTING,Field_5,1,PROTECTING,Field_2,1,PROTECTING,Field_2,1,PROTECTING,Field_1,1,MOVING_TO_FIELD,Field_4,1,PROTECTING,Field_2,1,PROTECTING,Field_7,1,MOVING_TO_FIELD,Field_4,1,PROTECTING,Field_5,1,PROTECTING,Field_5,1,PROTECTING,Field_1,1,PROTECTING,Field_5,1,PROTECTING,Field_9,1,PROTECTING,Field_5,1,MOVING_TO_FIELD,Field_4,1,PROTECTING,Field_7,1,PROTECTING,Field_2,1,MOVING_TO_FIELD,Field_9,1,PROTECTING,Field_5,1,PROTECTING,Field_2,1,PROTECTING,Field_2,1,PROTECTING,Field_5,4,0.10,2,0,0,11,0.21,6,0,0,8,0.05,0,0,1,0,0.08,0,3,6,0,0.11,9,0,0,8,0.00,0,0,3,18,0.07,2,0,0,0,0.00,0,0,1,3,0.09,1,1,1,5,0.03,0,0,3,1,0.02,0,0,2,5,0.03,0,0,1
77,63,0,0,20,0,4,0,1,PROTECTING,Field_5,1,PROTECTING,Field_5,1,PROTECTING,Field_5,1,PROTECTING,Field_2,1,PROTECTING,Field_2,1,PROTECTING,Field_1,1,MOVING_TO_FIELD,Field_4,1,PROTECTING,Field_2,1,PROTECTING,Field_7,1,MOVING_TO_FIELD,Field_4,1,PROTECTING,Field_5,1,PROTECTING,Field_5,1,PROTECTING,Field_1,1,PROTECTING,Field_5,1,PROTECTING,Field_9,1,PROTECTING,Field_5,1,MOVING_TO_FIELD,Field_4,1,PROTECTING,Field_7,1,PROTECTING,Field_2,1,MOVING_TO_FIELD,Field_9,1,PROTECTING,Field_5,1,PROTECTING,Field_2,1,PROTECTING,Field_2,1,PROTECTING,Field_5,4,0.08,2,0,0,11,0.23,6,0,0,8,0.05,0,0,1,0,0.07,0,3,6,0,0.11,9,0,0,8,0.00,0,0,3,18,0.06,2,0,0,0,0.00,0,0,1,3,0.09,1,1,1,5,0.05,0,0,3,1,0.02,0,0,2,5,0.03,0,0,1
78,63,0,0,20,0,4,0,1,PROTECTING,Field_5,1,PROTECTING,Field_5,1,PROTECTING,Field_5,1,PROTECTING,Field_2,1,PROTECTING,Field_2,1,PROTECTING,Field_1,1,MOVING_TO_FIELD,Field_4,1,PROTECTING,Field_2,1,PROTECTING,Field_7,1,MOVING_TO_FIELD,Field_4,1,PROTECTING,Field_5,1,PROTECTING,Field_5,1,PROTECTING,Field_1,1,PROTECTING,Field_5,1,PROTECTING,Field_9,1,PROTECTING,Field_5,1,MOVING_TO_FIELD,Field_4,1,PROTECTING,Field_7,1,PROTECTING,Field_2,1,MOVING_TO_FIELD,Field_9,1,PROTECTING,Field_5,1,PROTECTING,Field_2,1,PROTECTING,Field_2,1,PROTECTING,Field_5,4,0.11,2,0,0,11,0.22,6,0,0,8,0.05,0,0,1,0,0.07,0,3,6,0,0.11,9,0,0,8,0.01,0,0,3,18,0.06,2,0,0,0,0.00,0,0,1,3,0.09,1,1,1,5,0.05,0,0,3,1,0.02,0,0,2,5,0.03,0,0,1
79,63,0,0,21,0,3,0,1,PROTECTING,Field_5,1,PROTECTING,Field_5,1,PROTECTING,Field_5,1,PROTECTING,Field_2,1,PROTECTING,Field_2,1,PROTECTING,Field_1,1,MOVING_TO_FIELD,Field_4,1,PROTECTING,Field_2,1,PROTECTING,Field_7,1,MOVING_TO_FIELD,Field_4,1,PROTECTING,Field_5,1,PROTECTING,Field_5,1,PROTECTING,Field_1,1,PROTECTING,Field_5,1,PROTECTING,Field_9,1,PROTECTING,Field_5,1,MOVING_TO_FIELD,Field_4,1,PROTECTING,Field_7,1,PROTECTING,Field_2,1,PROTECTING,Field_9,1,PROTECTING,Field_5,1,PROTECTING,Field_2,1,PROTECTING,Field_2,1,PROTECTING,Field_5,4,0.10,2,0,0,11,0.22,6,0,0,8,0.05,0,0,1,0,0.05,0,3,6,0,0.10,9,0,0,8,0.02,0,0,3,18,0.06,2,0,0,0,0.00,0,0,1,3,0.09,2,0,0,5,0.05,0,0,3,1,0.02,0,0,2,5,0.03,0,0,1
80,63,0,0,21,0,3,0,1,PROTECTING,Field_5,1,PROTECTING,Field_5,1,PROTECTING,Field_5,1,PROTECTING,Field_2,1,PROTECTING,Field_2,1,PROTECTING,Field_1,1,MOVING_TO_FIELD,Field_4,1,PROTECTING,Field_2,1,PROTECTING,Field_7,1,MOVING_TO_FIELD,Field_4,1,PROTECTING,Field_5,1,PROTECTING,Field_5,1,PROTECTING,Field_1,1,PROTECTING,Field_5,1,PROTECTING,Field_9,1,PROTECTING,Field_5,1,MOVING_TO_FIELD,Field_4,1,PROTECTING,Field_7,1,PROTECTING,Field_2,1,PROTECTING,Field_9,1,PROTECTING,Field_5,1,PROTECTING,Field_2,1,PROTECTING,Field_2,1,PROTECTING,Field_5,4,0.10,2,0,0,11,0.21,6,0,0,8,0.05,0,0,1,0,0.05,0,3,6,0,0.08,9,0,0,8,0.02,0,0,3,18,0.06,2,0,0,0,0.00,0,0,1,3,0.08,2,0,0,5,0.05,0,0,3,1,0.02,0,0,2,5,0.03,0,0,1
81,63,0,0,21,0,3,0,1,PROTECTING,Field_5,1,PROTECTING,Field_5,1,PROTECTING,Field_5,1,PROTECTING,Field_2,1,PROTECTING,Field_2,1,PROTECTING,Field_1,1,MOVING_TO_FIELD,Field_3,1,PROTECTING,Field_2,1,PROTECTING,Field_7,1,MOVING_TO_FIELD,Field_4,1,PROTECTING,Field_5,1,PROTECTING,Field_5,1,PROTECTING,Field_1,1,PROTECTING,Field_5,1,PROTECTING,Field_9,1,PROTECTING,Field_5,1,MOVING_TO_FIELD,Field_10,1,PROTECTING,Field_7,1,PROTECTING,Field_2,1,PROTECTING,Field_9,1,PROTECTING,Field_5,1,PROTECTING,Field_2,1,PROTECTING,Field_2,1,PROTECTING,Field_5,4,0.10,2,0,0,11,0.18,6,0,0,8,0.05,0,1,1,0,0.07,0,1,6,0,0.09,9,0,0,8,0.02,0,0,3,18,0.06,2,0,0,0,0.00,0,0,1,3,0.09,2,0,0,5,0.07,0,1,3,1,0.02,0,0,2,5,0.05,0,0,1
82,63,0,0,21,0,3,0,1,PROTECTING,Field_5,1,PROTECTING,Field_5,1,PROTECTING,Field_5,1,PROTECTING,Field_2,1,PROTECTING,Field_2,1,PROTECTING,Field_1,1,MOVING_TO_FIELD,Field_3,1,PROTECTING,Field_2,1,PROTECTING,Field_7,1,MOVING_TO_FIELD,Field_4,1,PROTECTING,Field_5,1,PROTECTING,Field_5,1,PROTECTING,Field_1,1,PROTECTING,Field_5,1,PROTECTING,Field_9,1,PROTECTING,Field_5,1,MOVING_TO_FIELD,Field_10,1,PROTECTING,Field_7,1,PROTECTING,Field_2,1,PROTECTING,Field_9,1,PROTECTING,Field_5,1,PROTECTING,Field_2,1,PROTECTING,Field_2,1,PROTECTING,Field_5,4,0.08,2,0,0,11,0.18,6,0,0,8,0.05,0,1,1,0,0.07,0,1,6,0,0.10,9,0,0,8,0.02,0,0,3,18,0.05,2,0,0,0,0.00,0,0,1,3,0.09,2,0,0,5,0.07,0,1,3,1,0.02,0,0,2,5,0.05,0,0,1
83,63,0,0,21,0,3,0,1,PROTECTING,Field_5,1,PROTECTING,Field_5,1,PROTECTING,Field_5,1,PROTECTING,Field_2,1,PROTECTING,Field_2,1,PROTECTING,Field_1,1,MOVING_TO_FIELD,Field_3,1,PROTECTING,Field_2,1,PROTECTING,Field_7,1,MOVING_TO_FIELD,Field_4,1,PROTECTING,Field_5,1,PROTECTING,Field_5,1,PROTECTING,Field_1,1,PROTECTING,Field_5,1,PROTECTING,Field_9,1,PROTECTING,Field_5,1,MOVING_TO_FIELD,Field_10,1,PROTECTING,Field_7,1,PROTECTING,Field_2,1,PROTECTING,Field_9,1,PROTECTING,Field_5,1,PROTECTING,Field_2,1,PROTECTING,Field_2,1,PROTECTING,Field_5,4,0.05,2,0,0,11,0.17,6,0,0,8,0.05,0,1,1,0,0.07,0,1,6,0,0.11,9,0,0,8,0.02,0,0,3,18,0.05,2,0,0,0,0.00,0,0,1,3,0.07,2,0,0,5,0.07,0,1,3,1,0.04,0,0,2,5,0.05,0,0,1
84,63,0,0,21,0,3,0,1,PROTECTING,Field_5,1,PROTECTING,Field_5,1,PROTECTING,Field_5,1,PROTECTING,Field_2,1,PROTECTING,Field_2,1,PROTECTING,Field_1,1,MOVING_TO_FIELD,Field_3,1,PROTECTING,Field_2,1,PROTECTING,Field_7,1,MOVING_TO_FIELD,Field_4,1,PROTECTING,Field_5,1,PROTECTING,Field_5,1,PROTECTING,Field_1,1,PROTECTING,Field_5,1,PROTECTING,Field_9,1,PROTECTING,Field_5,1,MOVING_TO_FIELD,Field_10,1,PROTECTING,Field_7,1,PROTECTING,Field_2,1,PROTECTING,Field_9,1,PROTECTING,Field_5,1,PROTECTING,Field_2,1,PROTECTING,Field_2,1,PROTECTING,Field_5,4,0.05,2,0,0,11,0.15,6,0,0,8,0.04,0,1,1,0,0.05,0,1,6,0,0.12,9,0,0,8,0.02,0,0,3,18,0.06,2,0,0,0,0.00,0,0,1,3,0.06,2,0,0,5,0.07,0,1,3,1,0.04,0,0,2,5,0.05,0,0,1
85,63,0,0,21,0,3,0,1,PROTECTING,Field_5,1,PROTECTING,Field_5,1,PROTECTING,Field_5,1,PROTECTING,Field_2,1,PROTECTING,Field_2,1,PROTECTING,Field_1,1,MOVING_TO_FIELD,Field_3,1,PROTECTING,Field_2,1,PROTECTING,Field_7,1,MOVING_TO_FIELD,Field_4,1,PROTECTING,Field_5,1,PROTECTING,Field_5,1,PROTECTING,Field_1,1,PROTECTING,Field_5,1,PROTECTING,Field_9,1,PROTECTING,Field_5,1,MOVING_TO_FIELD,Field_10,1,PROTECTING,Field_7,1,PROTECTING,Field_2,1,PROTECTING,Field_9,1,PROTECTING,Field_5,1,PROTECTING,Field_2,1,PROTECTING,Field_2,1,PROTECTING,Field_5,4,0.03,2,0,0,11,0.15,6,0,0,8,0.05,0,1,1,0,0.05,0,1,6,0,0.12,9,0,0,8,0.02,0,0,3,18,0.05,2,0,0,0,0.00,0,0,1,3,0.06,2,0,0,5,0.05,0,1,3,1,0.04,0,0,2,5,0.05,0,0,1
86,63,0,0,21,0,3,0,1,PROTECTING,Field_5,1,PROTECTING,Field_5,1,PROTECTING,Field_5,1,PROTECTING,Field_2,1,PROTECTING,Field_2,1,PROTECTING,Field_1,1,MOVING_TO_FIELD,Field_3,1,PROTECTING,Field_2,1,PROTECTING,Field_7,1,MOVING_TO_FIELD,Field_4,1,PROTECTING,Field_5,1,PROTECTING,Field_5,1,PROTECTING,Field_1,1,PROTECTING,Field_5,1,PROTECTING,Field_9,1,PROTECTING,Field_5,1,MOVING_TO_FIELD,Field_10,1,PROTECTING,Field_7,1,PROTECTING,Field_2,1,PROTECTING,Field_9,1,PROTECTING,Field_5,1,PROTECTING,Field_2,1,PROTECTING,Field_2,1,PROTECTING,Field_5,4,0.03,2,0,0,11,0.15,6,0,0,8,0.04,0,1,1,0,0.07,0,1,6,0,0.13,9,0,0,8,0.01,0,0,3,18,0.05,2,0,0,0,0.00,0,0,1,3,0.06,2,0,0,5,0.07,0,1,3,1,0.04,0,0,2,5,0.05,0,0,1
87,63,0,0,21,0,3,0,1,PROTECTING,Field_5,1,PROTECTING,Field_5,1,PROTECTING,Field_5,1,PROTECTING,Field_2,1,PROTECTING,Field_2,1,PROTECTING,Field_1,1,MOVING_TO_FIELD,Field_3,1,PROTECTING,Field_2,1,PROTECTING,Field_7,1,MOVING_TO_FIELD,Field_4,1,PROTECTING,Field_5,1,PROTECTING,Field_5,1,PROTECTING,Field_1,1,PROTECTING,Field_5,1,PROTECTING,Field_9,1,PROTECTING,Field_5,1,MOVING_TO_FIELD,Field_10,1,PROTECTING,Field_7,1,PROTECTING,Field_2,1,PROTECTING,Field_9,1,PROTECTING,Field_5,1,PROTECTING,Field_2,1,PROTECTING,Field_2,1,PROTECTING,Field_5,4,0.03,2,0,0,11,0.14,6,0,0,8,0.04,0,1,1,0,0.08,0,1,6,0,0.14,9,0,0,8,0.01,0,0,3,18,0.03,2,0,0,0,0.00,0,0,1,3,0.05,2,0,0,5,0.05,0,1,3,1,0.04,0,0,2,5,0.05,0,0,1
88,63,0,0,21,0,3,0,1,PROTECTING,Field_5,1,PROTECTING,Field_5,1,PROTECTING,Field_5,1,PROTECTING,Field_2,1,PROTECTING,Field_2,1,PROTECTING,Field_1,1,MOVING_TO_FIELD,Field_3,1,PROTECTING,Field_2,1,PROTECTING,Field_7,1,MOVING_TO_FIELD,Field_4,1,PROTECTING,Field_5,1,PROTECTING,Field_5,1,PROTECTING,Field_1,1,PROTECTING,Field_5,1,PROTECTING,Field_9,1,PROTECTING,Field_5,1,MOVING_TO_FIELD,Field_10,1,PROTECTING,Field_7,1,PROTECTING,Field_2,1,PROTECTING,Field_9,1,PROTECTING,Field_5,1,PROTECTING,Field_2,1,PROTECTING,Field_2,1,PROTECTING,Field_5,4,0.03,2,0,0,11,0.13,6,0,0,8,0.04,0,1,1,0,0.08,0,1,6,0,0.12,9,0,0,8,0.01,0,0,3,18,0.03,2,0,0,0,0.00,0,0,1,3,0.04,2,0,0,5,0.05,0,1,3,1,0.04,0,0,2,5,0.05,0,0,1
89,63,0,0,21,0,3,0,1,PROTECTING,Field_5,1,PROTECTING,Field_5,1,PROTECTING,Field_5,1,PROTECTING,Field_2,1,PROTECTING,Field_2,1,PROTECTING,Field_1,1,MOVING_TO_FIELD,Field_3,1,PROTECTING,Field_2,1,PROTECTING,Field_7,1,MOVING_TO_FIELD,Field_4,1,PROTECTING,Field_5,1,PROTECTING,Field_5,1,PROTECTING,Field_1,1,PROTECTING,Field_5,1,PROTECTING,Field_9,1,PROTECTING,Field_5,1,MOVING_TO_FIELD,Field_10,1,PROTECTING,Field_7,1,PROTECTING,Field_2,1,PROTECTING,Field_9,1,PROTECTING,Field_5,1,PROTECTING,Field_2,1,PROTECTING,Field_2,1,PROTECTING,Field_5,4,0.02,2,0,0,11,0.15,6,0,0,8,0.04,0,1,1,0,0.08,0,1,6,0,0.12,9,0,0,8,0.02,0,0,3,18,0.03,2,0,0,0,0.00,0,0,1,3,0.04,2,0,0,5,0.05,0,1,3,1,0.04,0,0,2,5,0.05,0,0,1
90,63,0,0,21,0,3,0,1,PROTECTING,Field_5,1,PROTECTING,Field_5,1,PROTECTING,Field_5,1,PROTECTING,Field_2,1,PROTECTING,Field_2,1,PROTECTING,Field_1,1,MOVING_TO_FIELD,Field_3,1,PROTECTING,Field_2,1,PROTECTING,Field_7,1,MOVING_TO_FIELD,Field_4,1,PROTECTING,Field_5,1,PROTECTING,Field_5,1,PROTECTING,Field_1,1,PROTECTING,Field_5,1,PROTECTING,Field_9,1,PROTECTING,Field_5,1,MOVING_TO_FIELD,Field_10,1,PROTECTING,Field_7,1,PROTECTING,Field_2,1,PROTECTING,Field_9,1,PROTECTING,Field_5,1,PROTECTING,Field_2,1,PROTECTING,Field_2,1,PROTECTING,Field_5,4,0.03,2,0,0,11,0.16,6,0,0,8,0.04,0,1,1,0,0.08,0,1,6,0,0.12,9,0,0,8,0.02,0,0,3,18,0.03,2,0,0,0,0.00,0,0,1,3,0.02,2,0,0,5,0.05,0,1,3,1,0.04,0,0,2,5,0.05,0,0,1
91,63,0,0,15,0,9,0,1,PROTECTING,Field_5,1,PROTECTING,Field_5,1,PROTECTING,Field_5,1,PROTECTING,Field_2,1,PROTECTING,Field_2,1,MOVING_TO_FIELD,Field_12,1,MOVING_TO_FIELD,Field_3,1,PROTECTING,Field_2,1,MOVING_TO_FIELD,Field_4,1,MOVING_TO_FIELD,Field_4,1,PROTECTING,Field_5,1,PROTECTING,Field_5,1,MOVING_TO_FIELD,Field_4,1,PROTECTING,Field_5,1,MOVING_TO_FIELD,Field_4,1,PROTECTING,Field_5,1,MOVING_TO_FIELD,Field_10,1,MOVING_TO_FIELD,Field_4,1,PROTECTING,Field_2,1,MOVING_TO_FIELD,Field_4,1,PROTECTING,Field_5,1,PROTECTING,Field_2,1,PROTECTING,Field_2,1,PROTECTING,Field_5,4,0.03,0,0,2,11,0.16,6,0,0,8,0.04,0,1,1,0,0.08,0,6,6,0,0.12,9,0,0,8,0.02,0,0,3,18,0.02,0,0,2,0,0.00,0,0,1,3,0.02,0,0,2,5,0.05,0,1,3,1,0.04,0,0,2,5,0.05,0,1,1
92,63,0,0,15,0,9,0,1,PROTECTING,Field_5,1,PROTECTING,Field_5,1,PROTECTING,Field_5,1,PROTECTING,Field_2,1,PROTECTING,Field_2,1,MOVING_TO_FIELD,Field_12,1,MOVING_TO_FIELD,Field_3,1,PROTECTING,Field_2,1,MOVING_TO_FIELD,Field_4,1,MOVING_TO_FIELD,Field_4,1,PROTECTING,Field_5,1,PROTECTING,Field_5,1,MOVING_TO_FIELD,Field_4,1,PROTECTING,Field_5,1,MOVING_TO_FIELD,Field_4,1,PROTECTING,Field_5,1,MOVING_TO_FIELD,Field_10,1,MOVING_TO_FIELD,Field_4,1,PROTECTING,Field_2,1,MOVING_TO_FIELD,Field_4,1,PROTECTING,Field_5,1,PROTECTING,Field_2,1,PROTECTING,Field_2,1,PROTECTING,Field_5,4,0.03,0,0,2,11,0.15,6,0,0,8,0.04,0,1,1,0,0.07,0,6,6,0,0.12,9,0,0,8,0.02,0,0,3,18,0.02,0,0,2,0,0.00,0,0,1,3,0.02,0,0,2,5,0.05,0,1,3,1,0.04,0,0,2,5,0.05,0,1,1
93,63,0,0,15,0,9,0,1,PROTECTING,Field_5,1,PROTECTING,Field_5,1,PROTECTING,Field_5,1,PROTECTING,Field_2,1,PROTECTING,Field_2,1,MOVING_TO_FIELD,Field_12,1,MOVING_TO_FIELD,Field_3,1,PROTECTING,Field_2,1,MOVING_TO_FIELD,Field_4,1,MOVING_TO_FIELD,Field_4,1,PROTECTING,Field_5,1,PROTECTING,Field_5,1,MOVING_TO_FIELD,Field_4,1,PROTECTING,Field_5,1,MOVING_TO_FIELD,Field_4,1,PROTECTING,Field_5,1,MOVING_TO_FIELD,Field_10,1,MOVING_TO_FIELD,Field_4,1,PROTECTING,Field_2,1,MOVING_TO_FIELD,Field_4,1,PROTECTING,Field_5,1,PROTECTING,Field_2,1,PROTECTING,Field_2,1,PROTECTING,Field_5,4,0.03,0,0,2,11,0.14,6,0,0,8,0.04,0,1,1,0,0.07,0,6,6,0,0.11,9,0,0,8,0.04,0,0,3,18,0.02,0,0,2,0,0.00,0,0,1,3,0.03,0,0,2,5,0.05,0,1,3,1,0.04,0,0,2,5,0.05,0,1,1
94,63,0,0,15,0,9,0,1,PROTECTING,Field_5,1,PROTECTING,Field_5,1,PROTECTING,Field_5,1,PROTECTING,Field_2,1,PROTECTING,Field_2,1,MOVING_TO_FIELD,Field_12,1,MOVING_TO_FIELD,Field_3,1,PROTECTING,Field_2,1,MOVING_TO_FIELD,Field_4,1,MOVING_TO_FIELD,Field_4,1,PROTECTING,Field_5,1,PROTECTING,Field_5,1,MOVING_TO_FIELD,Field_4,1,PROTECTING,Field_5,1,MOVING_TO_FIELD,Field_4,1,PROTECTING,Field_5,1,MOVING_TO_FIELD,Field_10,1,MOVING_TO_FIELD,Field_4,1,PROTECTING,Field_2,1,MOVING_TO_FIELD,Field_4,1,PROTECTING,Field_5,1,PROTECTING,Field_2,1,PROTECTING,Field_2,1,PROTECTING,Field_5,4,0.03,0,0,2,11,0.13,6,0,0,8,0.03,0,1,1,0,0.07,0,6,6,0,0.10,9,0,0,8,0.04,0,0,3,18,0.02,0,0,2,0,0.00,0,0,1,3,0.03,0,0,2,5,0.05,0,1,3,1,0.04,0,0,2,5,0.05,0,1,1
95,63,0,0,15,0,9,0,1,PROTECTING,Field_5,1,PROTECTING,Field_5,1,PROTECTING,Field_5,1,PROTECTING,Field_2,1,PROTECTING,Field_2,1,MOVING_TO_FIELD,Field_12,1,MOVING_TO_FIELD,Field_3,1,PROTECTING,Field_2,1,MOVING_TO_FIELD,Field_4,1,MOVING_TO_FIELD,Field_4,1,PROTECTING,Field_5,1,PROTECTING,Field_5,1,MOVING_TO_FIELD,Field_4,1,PROTECTING,Field_5,1,MOVING_TO_FIELD,Field_4,1,PROTECTING,Field_5,1,MOVING_TO_FIELD,Field_10,1,MOVING_TO_FIELD,Field_4,1,PROTECTING,Field_2,1,MOVING_TO_FIELD,Field_4,1,PROTECTING,Field_5,1,PROTECTING,Field_2,1,PROTECTING,Field_2,1,PROTECTING,Field_5,4,0.03,0,0,2,11,0.11,6,0,0,8,0.04,0,1,1,0,0.05,0,6,6,0,0.12,9,0,0,8,0.04,0,0,3,18,0.04,0,0,2,0,0.00,0,0,1,3,0.04,0,0,2,5,0.05,0,1,3,1,0.04,0,0,2,5,0.05,0,1,1
96,63,0,0,15,0,9,0,1,PROTECTING,Field_5,1,PROTECTING,Field_5,1,PROTECTING,Field_5,1,PROTECTING,Field_2,1,PROTECTING,Field_2,1,MOVING_TO_FIELD,Field_12,1,MOVING_TO_FIELD,Field_3,1,PROTECTING,Field_2,1,MOVING_TO_FIELD,Field_4,1,MOVING_TO_FIELD,Field_4,1,PROTECTING,Field_5,1,PROTECTING,Field_5,1,MOVING_TO_FIELD,Field_4,1,PROTECTING,Field_5,1,MOVING_TO_FIELD,Field_4,1,PROTECTING,Field_5,1,MOVING_TO_FIELD,Field_10,1,MOVING_TO_FIELD,Field_4,1,PROTECTING,Field_2,1,MOVING_TO_FIELD,Field_4,1,PROTECTING,Field_5,1,PROTECTING,Field_2,1,PROTECTING,Field_2,1,PROTECTING,Field_5,4,0.03,0,0,2,11,0.09,6,0,0,8,0.05,0,1,1,0,0.07,0,6,6,0,0.11,9,0,0,8,0.04,0,0,3,18,0.04,0,0,2,0,0.00,0,0,1,3,0.05,0,0,2,5,0.05,0,1,3,1,0.05,0,0,2,5,0.05,0,1,1
97,63,0,0,15,0,9,0,1,PROTECTING,Field_5,1,PROTECTING,Field_5,1,PROTECTING,Field_5,1,PROTECTING,Field_2,1,PROTECTING,Field_2,1,MOVING_TO_FIELD,Field_12,1,MOVING_TO_FIELD,Field_3,1,PROTECTING,Field_2,1,MOVING_TO_FIELD,Field_4,1,MOVING_TO_FIELD,Field_4,1,PROTECTING,Field_5,1,PROTECTING,Field_5,1,MOVING_TO_FIELD,Field_4,1,PROTECTING,Field_5,1,MOVING_TO_FIELD,Field_4,1,PROTECTING,Field_5,1,MOVING_TO_FIELD,Field_10,1,MOVING_TO_FIELD,Field_4,1,PROTECTING,Field_2,1,MOVING_TO_FIELD,Field_4,1,PROTECTING,Field_5,1,PROTECTING,Field_2,1,PROTECTING,Field_2,1,PROTECTING,Field_5,4,0.03,0,0,2,11,0.09,6,0,0,8,0.05,0,1,1,0,0.07,0,6,6,0,0.11,9,0,0,8,0.06,0,0,3,18,0.05,0,0,2,0,0.00,0,0,1,3,0.05,0,0,2,5,0.05,0,1,3,1,0.05,0,0,2,5,0.10,0,1,1
98,63,0,0,15,0,9,0,1,PROTECTING,Field_5,1,PROTECTING,Field_5,1,PROTECTING,Field_5,1,PROTECTING,Field_2,1,PROTECTING,Field_2,1,MOVING_TO_FIELD,Field_12,1,MOVING_TO_FIELD,Field_3,1,PROTECTING,Field_2,1,MOVING_TO_FIELD,Field_4,1,MOVING_TO_FIELD,Field_4,1,PROTECTING,Field_5,1,PROTECTING,Field_5,1,MOVING_TO_FIELD,Field_4,1,PROTECTING,Field_5,1,MOVING_TO_FIELD,Field_4,1,PROTECTING,Field_5,1,MOVING_TO_FIELD,Field_10,1,MOVING_TO_FIELD,Field_4,1,PROTECTING,Field_2,1,MOVING_TO_FIELD,Field_4,1,PROTECTING,Field_5,1,PROTECTING,Field_2,1,PROTECTING,Field_2,1,PROTECTING,Field_5,4,0.03,0,0,2,11,0.10,6,0,0,8,0.08,0,1,1,0,0.08,0,6,6,0,0.12,9,0,0,8,0.06,0,0,3,18,0.06,0,0,2,0,0.00,0,0,1,3,0.06,0,0,2,5,0.05,0,1,3,1,0.04,0,0,2,5,0.13,0,1,1
99,63,0,0,16,0,8,0,1,PROTECTING,Field_5,1,PROTECTING,Field_5,1,PROTECTING,Field_5,1,PROTECTING,Field_2,1,PROTECTING,Field_2,1,MOVING_TO_FIELD,Field_12,1,PROTECTING,Field_3,1,PROTECTING,Field_2,1,MOVING_TO_FIELD,Field_4,1,MOVING_TO_FIELD,Field_4,1,PROTECTING,Field_5,1,PROTECTING,Field_5,1,MOVING_TO_FIELD,Field_4,1,PROTECTING,Field_5,1,MOVING_TO_FIELD,Field_4,1,PROTECTING,Field_5,1,MOVING_TO_FIELD,Field_10,1,MOVING_TO_FIELD,Field_4,1,PROTECTING,Field_2,1,MOVING_TO_FIELD,Field_4,1,PROTECTING,Field_5,1,PROTECTING,Field_2,1,PROTECTING,Field_2,1,PROTECTING,Field_5,4,0.03,0,0,2,11,0.10,6,0,0,8,0.08,1,0,0,0,0.08,0,6,6,0,0.12,9,0,0,8,0.07,0,0,3,18,0.05,0,0,2,0,0.00,0,0,1,3,0.06,0,0,2,5,0.05,0,1,3,1,0.02,0,0,2,5,0.13,0,1,1
100,63,0,0,16,0,8,0,1,PROTECTING,Field_5,1,PROTECTING,Field_5,1,PROTECTING,Field_5,1,PROTECTING,Field_2,1,PROTECTING,Field_2,1,MOVING_TO_FIELD,Field_12,1,PROTECTING,Field_3,1,PROTECTING,Field_2,1,MOVING_TO_FIELD,Field_4,1,MOVING_TO_FIELD,Field_4,1,PROTECTING,Field_5,1,PROTECTING,Field_5,1,MOVING_TO_FIELD,Field_4,1,PROTECTING,Field_5,1,MOVING_TO_FIELD,Field_4,1,PROTECTING,Field_5,1,MOVING_TO_FIELD,Field_10,1,MOVING_TO_FIELD,Field_4,1,PROTECTING,Field_2,1,MOVING_TO_FIELD,Field_4,1,PROTECTING,Field_5,1,PROTECTING,Field_2,1,PROTECTING,Field_2,1,PROTECTING,Field_5,4,0.03,0,0,2,11,0.09,6,0,0,8,0.09,1,0,0,0,0.08,0,6,6,0,0.11,9,0,0,8,0.07,0,0,3,18,0.05,0,0,2,0,0.00,0,0,1,3,0.05,0,0,2,5,0.05,0,1,3,1,0.02,0,0,2,5,0.13,0,1,1
101,63,0,0,16,0,8,0,1,PROTECTING,Field_5,1,PROTECTING,Field_5,1,PROTECTING,Field_5,1,PROTECTING,Field_2,1,PROTECTING,Field_2,1,MOVING_TO_FIELD,Field_12,1,PROTECTING,Field_3,1,PROTECTING,Field_2,1,MOVING_TO_FIELD,Field_4,1,MOVING_TO_FIELD,Field_4,1,PROTECTING,Field_5,1,PROTECTING,Field_5,1,MOVING_TO_FIELD,Field_4,1,PROTECTING,Field_5,1,MOVING_TO_FIELD,Field_4,1,PROTECTING,Field_5,1,MOVING_TO_FIELD,Field_6,1,MOVING_TO_FIELD,Field_4,1,PROTECTING,Field_2,1,MOVING_TO_FIELD,Field_4,1,PROTECTING,Field_5,1,PROTECTING,Field_2,1,PROTECTING,Field_2,1,PROTECTING,Field_5,4,0.03,0,0,2,11,0.08,6,0,0,8,0.09,1,0,0,0,0.08,0,6,6,0,0.10,9,0,0,8,0.07,0,1,3,18,0.06,0,0,2,0,0.02,0,0,1,3,0.05,0,0,2,5,0.05,0,0,3,1,0.02,0,0,2,5,0.13,0,1,1
102,63,0,0,16,0,8,0,1,PROTECTING,Field_5,1,PROTECTING,Field_5,1,PROTECTING,Field_5,1,PROTECTING,Field_2,1,PROTECTING,Field_2,1,MOVING_TO_FIELD,Field_12,1,PROTECTING,Field_3,1,PROTECTING,Field_2,1,MOVING_TO_FIELD,Field_4,1,MOVING_TO_FIELD,Field_4,1,PROTECTING,Field_5,1,PROTECTING,Field_5,1,MOVING_TO_FIELD,Field_4,1,PROTECTING,Field_5,1,MOVING_TO_FIELD,Field_4,1,PROTECTING,Field_5,1,MOVING_TO_FIELD,Field_6,1,MOVING_TO_FIELD,Field_4,1,PROTECTING,Field_2,1,MOVING_TO_FIELD,Field_4,1,PROTECTING,Field_5,1,PROTECTING,Field_2,1,PROTECTING,Field_2,1,PROTECTING,Field_5,4,0.03,0,0,2,11,0.08,6,0,0,8,0.11,1,0,0,0,0.09,0,6,6,0,0.10,9,0,0,8,0.07,0,1,3,18,0.06,0,0,2,0,0.02,0,0,1,3,0.04,0,0,2,5,0.05,0,0,3,1,0.02,0,0,2,5,0.13,0,1,1
103,63,0,0,17,0,7,0,1,PROTECTING,Field_5,1,PROTECTING,Field_5,1,PROTECTING,Field_5,1,PROTECTING,Field_2,1,PROTECTING,Field_2,1,MOVING_TO_FIELD,Field_12,1,PROTECTING,Field_3,1,PROTECTING,Field_2,1,MOVING_TO_FIELD,Field_4,1,PROTECTING,Field_4,1,PROTECTING,Field_5,1,PROTECTING,Field_5,1,MOVING_TO_FIELD,Field_4,1,PROTECTING,Field_5,1,MOVING_TO_FIELD,Field_4,1,PROTECTING,Field_5,1,MOVING_TO_FIELD,Field_6,1,MOVING_TO_FIELD,Field_4,1,PROTECTING,Field_2,1,MOVING_TO_FIELD,Field_4,1,PROTECTING,Field_5,1,PROTECTING,Field_2,1,PROTECTING,Field_2,1,PROTECTING,Field_5,4,0.03,0,0,2,11,0.07,6,0,0,8,0.09,1,0,0,0,0.09,1,5,5,0,0.12,9,0,0,8,0.07,0,1,3,18,0.06,0,0,2,0,0.02,0,0,1,3,0.04,0,0,2,5,0.05,0,0,3,1,0.02,0,0,2,5,0.15,0,1,1
104,64,0,0,17,0,7,0,1,PROTECTING,Field_5,1,PROTECTING,Field_5,1,PROTECTING,Field_5,1,PROTECTING,Field_2,1,PROTECTING,Field_2,1,MOVING_TO_FIELD,Field_12,1,PROTECTING,Field_3,1,PROTECTING,Field_2,1,MOVING_TO_FIELD,Field_4,1,PROTECTING,Field_4,1,PROTECTING,Field_5,1,PROTECTING,Field_5,1,MOVING_TO_FIELD,Field_4,1,PROTECTING,Field_5,1,MOVING_TO_FIELD,Field_4,1,PROTECTING,Field_5,1,MOVING_TO_FIELD,Field_6,1,MOVING_TO_FIELD,Field_4,1,PROTECTING,Field_2,1,MOVING_TO_FIELD,Field_4,1,PROTECTING,Field_5,1,PROTECTING,Field_2,1,PROTECTING,Field_2,1,PROTECTING,Field_5,4,0.03,0,0,2,11,0.07,6,0,0,8,0.08,1,0,0,0,0.09,1,5,5,0,0.12,9,0,0,8,0.07,0,1,3,18,0.04,0,0,2,0,0.05,0,0,1,3,0.03,0,0,2,5,0.05,0,0,3,1,0.02,0,0,2,6,0.15,0,1,1
105,64,0,0,17,0,7,0,1,PROTECTING,Field_5,1,PROTECTING,Field_5,1,PROTECTING,Field_5,1,PROTECTING,Field_2,1,PROTECTING,Field_2,1,MOVING_TO_FIELD,Field_12,1,PROTECTING,Field_3,1,PROTECTING,Field_2,1,MOVING_TO_FIELD,Field_4,1,PROTECTING,Field_4,1,PROTECTING,Field_5,1,PROTECTING,Field_5,1,MOVING_TO_FIELD,Field_4,1,PROTECTING,Field_5,1,MOVING_TO_FIELD,Field_4,1,PROTECTING,Field_5,1,MOVING_TO_FIELD,Field_6,1,MOVING_TO_FIELD,Field_4,1,PROTECTING,Field_2,1,MOVING_TO_FIELD,Field_4,1,PROTECTING,Field_5,1,PROTECTING,Field_2,1,PROTECTING,Field_2,1,PROTECTING,Field_5,4,0.03,0,0,2,11,0.07,6,0,0,8,0.08,1,0,0,0,0.08,1,5,5,0,0.10,9,0,0,8,0.07,0,1,3,18,0.04,0,0,2,0,0.02,0,0,1,3,0.02,0,0,2,5,0.05,0,0,3,1,0.04,0,0,2,6,0.15,0,1,1
106,64,0,0,17,0,7,0,1,PROTECTING,Field_5,1,PROTECTING,Field_5,1,PROTECTING,Field_5,1,PROTECTING,Field_2,1,PROTECTING,Field_2,1,MOVING_TO_FIELD,Field_12,1,PROTECTING,Field_3,1,PROTECTING,Field_2,1,MOVING_TO_FIELD,Field_4,1,PROTECTING,Field_4,1,PROTECTING,Field_5,1,PROTECTING,Field_5,1,MOVING_TO_FIELD,Field_4,1,PROTECTING,Field_5,1,MOVING_TO_FIELD,Field_4,1,PROTECTING,Field_5,1,MOVING_TO_FIELD,Field_6,1,MOVING_TO_FIELD,Field_4,1,PROTECTING,Field_2,1,MOVING_TO_FIELD,Field_4,1,PROTECTING,Field_5,1,PROTECTING,Field_2,1,PROTECTING,Field_2,1,PROTECTING,Field_5,4,0.03,0,0,2,11,0.08,6,0,0,8,0.07,1,0,0,0,0.08,1,5,5,0,0.10,9,0,0,8,0.08,0,1,3,18,0.05,0,0,2,0,0.02,0,0,1,3,0.02,0,0,2,5,0.05,0,0,3,1,0.04,0,0,2,6,0.15,0,1,1
107,64,0,0,17,0,7,0,1,PROTECTING,Field_5,1,PROTECTING,Field_5,1,PROTECTING,Field_5,1,PROTECTING,Field_2,1,PROTECTING,Field_2,1,MOVING_TO_FIELD,Field_12,1,PROTECTING,Field_3,1,PROTECTING,Field_2,1,MOVING_TO_FIELD,Field_4,1,PROTECTING,Field_4,1,PROTECTING,Field_5,1,PROTECTING,Field_5,1,MOVING_TO_FIELD,Field_4,1,PROTECTING,Field_5,1,MOVING_TO_FIELD,Field_4,1,PROTECTING,Field_5,1,MOVING_TO_FIELD,Field_6,1,MOVING_TO_FIELD,Field_4,1,PROTECTING,Field_2,1,MOVING_TO_FIELD,Field_4,1,PROTECTING,Field_5,1,PROTECTING,Field_2,1,PROTECTING,Field_2,1,PROTECTING,Field_5,4,0.03,0,0,2,11,0.06,6,0,0,8,0.04,1,0,0,0,0.08,1,5,5,0,0.10,9,0,0,8,0.08,0,1,3,18,0.04,0,0,2,0,0.02,0,0,1,3,0.03,0,0,2,5,0.05,0,0,3,1,0.04,0,0,2,6,0.15,0,1,1
108,65,0,0,17,0,7,0,1,PROTECTING,Field_5,1,PROTECTING,Field_5,1,PROTECTING,Field_5,1,PROTECTING,Field_2,1,PROTECTING,Field_2,1,MOVING_TO_FIELD,Field_12,1,PROTECTING,Field_3,1,PROTECTING,Field_2,1,MOVING_TO_FIELD,Field_4,1,PROTECTING,Field_4,1,PROTECTING,Field_5,1,PROTECTING,Field_5,1,MOVING_TO_FIELD,Field_4,1,PROTECTING,Field_5,1,MOVING_TO_FIELD,Field_4,1,PROTECTING,Field_5,1,MOVING_TO_FIELD,Field_6,1,MOVING_TO_FIELD,Field_4,1,PROTECTING,Field_2,1,MOVING_TO_FIELD,Field_4,1,PROTECTING,Field_5,1,PROTECTING,Field_2,1,PROTECTING,Field_2,1,PROTECTING,Field_5,4,0.03,0,0,2,11,0.04,6,0,0,8,0.04,1,0,0,0,0.09,1,5,5,0,0.10,9,0,0,8,0.08,0,1,3,18,0.04,0,0,2,0,0.02,0,0,1,3,0.03,0,0,2,5,0.05,0,0,3,1,0.04,0,0,2,7,0.15,0,1,1
109,65,0,0,17,0,7,0,1,PROTECTING,Field_5,1,PROTECTING,Field_5,1,PROTECTING,Field_5,1,PROTECTING,Field_2,1,PROTECTING,Field_2,1,MOVING_TO_FIELD,Field_12,1,PROTECTING,Field_3,1,PROTECTING,Field_2,1,MOVING_TO_FIELD,Field_4,1,PROTECTING,Field_4,1,PROTECTING,Field_5,1,PROTECTING,Field_5,1,MOVING_TO_FIELD,Field_4,1,PROTECTING,Field_5,1,MOVING_TO_FIELD,Field_4,1,PROTECTING,Field_5,1,MOVING_TO_FIELD,Field_6,1,MOVING_TO_FIELD,Field_4,1,PROTECTING,Field_2,1,MOVING_TO_FIELD,Field_4,1,PROTECTING,Field_5,1,PROTECTING,Field_2,1,PROTECTING,Field_2,1,PROTECTING,Field_5,4,0.03,0,0,2,11,0.05,6,0,0,8,0.03,1,0,0,0,0.09,1,5,5,0,0.09,9,0,0,8,0.08,0,1,3,18,0.03,0,0,2,0,0.02,0,0,1,3,0.02,0,0,2,5,0.05,0,0,3,1,0.04,0,0,2,7,0.15,0,1,1
110,67,0,0,17,0,7,0,1,PROTECTING,Field_5,1,PROTECTING,Field_5,1,PROTECTING,Field_5,1,PROTECTING,Field_2,1,PROTECTING,Field_2,1,MOVING_TO_FIELD,Field_12,1,PROTECTING,Field_3,1,PROTECTING,Field_2,1,MOVING_TO_FIELD,Field_4,1,PROTECTING,Field_4,1,PROTECTING,Field_5,1,PROTECTING,Field_5,1,MOVING_TO_FIELD,Field_4,1,PROTECTING,Field_5,1,MOVING_TO_FIELD,Field_4,1,PROTECTING,Field_5,1,MOVING_TO_FIELD,Field_6,1,MOVING_TO_FIELD,Field_4,1,PROTECTING,Field_2,1,MOVING_TO_FIELD,Field_4,1,PROTECTING,Field_5,1,PROTECTING,Field_2,1,PROTECTING,Field_2,1,PROTECTING,Field_5,4,0.03,0,0,2,11,0.07,6,0,0,8,0.03,1,0,0,0,0.09,1,5,5,0,0.08,9,0,0,8,0.08,0,1,3,18,0.03,0,0,2,0,0.02,0,0,1,3,0.02,0,0,2,5,0.05,0,0,3,1,0.05,0,0,2,9,0.15,0,1,1
111,67,0,0,10,0,14,0,1,PROTECTING,Field_5,1,PROTECTING,Field_5,1,PROTECTING,Field_5,1,MOVING_TO_FIELD,Field_6,1,MOVING_TO_FIELD,Field_6,1,MOVING_TO_FIELD,Field_12,1,MOVING_TO_FIELD,Field_11,1,MOVING_TO_FIELD,Field_10,1,MOVING_TO_FIELD,Field_4,1,PROTECTING,Field_4,1,PROTECTING,Field_5,1,PROTECTING,Field_5,1,MOVING_TO_FIELD,Field_4,1,PROTECTING,Field_5,1,MOVING_TO_FIELD,Field_4,1,PROTECTING,Field_5,1,MOVING_TO_FIELD,Field_6,1,MOVING_TO_FIELD,Field_4,1,MOVING_TO_FIELD,Field_10,1,MOVING_TO_FIELD,Field_4,1,PROTECTING,Field_5,1,MOVING_TO_FIELD,Field_10,1,MOVING_TO_FIELD,Field_11,1,PROTECTING,Field_5,4,0.03,0,0,2,11,0.07,0,0,6,8,0.01,0,0,1,0,0.11,1,5,5,0,0.09,9,0,0,8,0.08,0,3,3,18,0.04,0,0,2,0,0.02,0,0,1,3,0.02,0,0,2,5,0.05,0,3,3,1,0.05,0,2,2,9,0.15,0,1,1
112,67,0,0,10,0,14,0,1,PROTECTING,Field_5,1,PROTECTING,Field_5,1,PROTECTING,Field_5,1,MOVING_TO_FIELD,Field_6,1,MOVING_TO_FIELD,Field_6,1,MOVING_TO_FIELD,Field_12,1,MOVING_TO_FIELD,Field_11,1,MOVING_TO_FIELD,Field_10,1,MOVING_TO_FIELD,Field_4,1,PROTECTING,Field_4,1,PROTECTING,Field_5,1,PROTECTING,Field_5,1,MOVING_TO_FIELD,Field_4,1,PROTECTING,Field_5,1,MOVING_TO_FIELD,Field_4,1,PROTECTING,Field_5,1,MOVING_TO_FIELD,Field_6,1,MOVING_TO_FIELD,Field_4,1,MOVING_TO_FIELD,Field_10,1,MOVING_TO_FIELD,Field_4,1,PROTECTING,Field_5,1,MOVING_TO_FIELD,Field_10,1,MOVING_TO_FIELD,Field_11,1,PROTECTING,Field_5,4,0.03,0,0,2,11,0.09,0,0,6,8,0.01,0,0,1,0,0.11,1,5,5,0,0.10,9,0,0,8,0.07,0,3,3,18,0.03,0,0,2,0,0.05,0,0,1,3,0.02,0,0,2,5,0.05,0,3,3,1,0.05,0,2,2,9,0.15,0,1,1
113,67,0,0,13,0,11,0,1,PROTECTING,Field_5,1,PROTECTING,Field_5,1,PROTECTING,Field_5,1,MOVING_TO_FIELD,Field_6,1,MOVING_TO_FIELD,Field_6,1,MOVING_TO_FIELD,Field_12,1,MOVING_TO_FIELD,Field_11,1,MOVING_TO_FIELD,Field_10,1,PROTECTING,Field_4,1,PROTECTING,Field_4,1,PROTECTING,Field_5,1,PROTECTING,Field_5,1,MOVING_TO_FIELD,Field_4,1,PROTECTING,Field_5,1,PROTECTING,Field_4,1,PROTECTING,Field_5,1,MOVING_TO_FIELD,Field_6,1,MOVING_TO_FIELD,Field_4,1,MOVING_TO_FIELD,Field_10,1,PROTECTING,Field_4,1,PROTECTING,Field_5,1,MOVING_TO_FIELD,Field_10,1,MOVING_TO_FIELD,Field_11,1,PROTECTING,Field_5,4,0.03,0,0,2,11,0.08,0,0,6,8,0.01,0,0,1,0,0.11,4,2,2,0,0.10,9,0,0,8,0.08,0,3,3,18,0.04,0,0,2,0,0.05,0,0,1,3,0.02,0,0,2,5,0.05,0,3,3,1,0.07,0,2,2,9,0.15,0,1,1
114,68,0,0,14,0,10,0,1,PROTECTING,Field_5,1,PROTECTING,Field_5,1,PROTECTING,Field_5,1,MOVING_TO_FIELD,Field_6,1,MOVING_TO_FIELD,Field_6,1,MOVING_TO_FIELD,Field_12,1,MOVING_TO_FIELD,Field_11,1,MOVING_TO_FIELD,Field_10,1,PROTECTING,Field_4,1,PROTECTING,Field_4,1,PROTECTING,Field_5,1,PROTECTING,Field_5,1,MOVING_TO_FIELD,Field_4,1,PROTECTING,Field_5,1,PROTECTING,Field_4,1,PROTECTING,Field_5,1,PROTECTING,Field_6,1,MOVING_TO_FIELD,Field_4,1,MOVING_TO_FIELD,Field_10,1,PROTECTING,Field_4,1,PROTECTING,Field_5,1,MOVING_TO_FIELD,Field_10,1,MOVING_TO_FIELD,Field_11,1,PROTECTING,Field_5,4,0.05,0,0,2,11,0.10,0,0,6,8,0.01,0,0,1,0,0.11,4,2,2,0,0.10,9,0,0,8,0.08,1,2,2,18,0.04,0,0,2,0,0.05,0,0,1,3,0.03,0,0,2,5,0.05,0,3,3,1,0.07,0,2,2,10,0.15,0,1,1
115,68,0,0,14,0,10,0,1,PROTECTING,Field_5,1,PROTECTING,Field_5,1,PROTECTING,Field_5,1,MOVING_TO_FIELD,Field_6,1,MOVING_TO_FIELD,Field_6,1,MOVING_TO_FIELD,Field_12,1,MOVING_TO_FIELD,Field_11,1,MOVING_TO_FIELD,Field_10,1,PROTECTING,Field_4,1,PROTECTING,Field_4,1,PROTECTING,Field_5,1,PROTECTING,Field_5,1,MOVING_TO_FIELD,Field_4,1,PROTECTING,Field_5,1,PROTECTING,Field_4,1,PROTECTING,Field_5,1,PROTECTING,Field_6,1,MOVING_TO_FIELD,Field_4,1,MOVING_TO_FIELD,Field_10,1,PROTECTING,Field_4,1,PROTECTING,Field_5,1,MOVING_TO_FIELD,Field_10,1,MOVING_TO_FIELD,Field_11,1,PROTECTING,Field_5,4,0.05,0,0,2,11,0.10,0,0,6,8,0.03,0,0,1,0,0.12,4,2,2,0,0.10,9,0,0,8,0.08,1,2,2,18,0.05,0,0,2,0,0.05,0,0,1,3,0.03,0,0,2,5,0.05,0,3,3,1,0.07,0,2,2,10,0.15,0,1,1
116,68,0,0,14,0,10,0,1,PROTECTING,Field_5,1,PROTECTING,Field_5,1,PROTECTING,Field_5,1,MOVING_TO_FIELD,Field_6,1,MOVING_TO_FIELD,Field_6,1,MOVING_TO_FIELD,Field_12,1,MOVING_TO_FIELD,Field_11,1,MOVING_TO_FIELD,Field_10,1,PROTECTING,Field_4,1,PROTECTING,Field_4,1,PROTECTING,Field_5,1,PROTECTING,Field_5,1,MOVING_TO_FIELD,Field_4,1,PROTECTING,Field_5,1,PROTECTING,Field_4,1,PROTECTING,Field_5,1,PROTECTING,Field_6,1,MOVING_TO_FIELD,Field_4,1,MOVING_TO_FIELD,Field_10,1,PROTECTING,Field_4,1,PROTECTING,Field_5,1,MOVING_TO_FIELD,Field_10,1,MOVING_TO_FIELD,Field_11,1,PROTECTING,Field_5,4,0.05,0,0,2,11,0.11,0,0,6,8,0.04,0,0,1,0,0.14,4,2,2,0,0.10,9,0,0,8,0.08,1,2,2,18,0.05,0,0,2,0,0.05,0,0,1,3,0.04,0,0,2,5,0.05,0,3,3,1,0.09,0,2,2,10,0.13,0,1,1
117,68,0,0,14,0,10,0,1,PROTECTING,Field_5,1,PROTECTING,Field_5,1,PROTECTING,Field_5,1,MOVING_TO_FIELD,Field_6,1,MOVING_TO_FIELD,Field_6,1,MOVING_TO_FIELD,Field_12,1,MOVING_TO_FIELD,Field_11,1,MOVING_TO_FIELD,Field_10,1,PROTECTING,Field_4,1,PROTECTING,Field_4,1,PROTECTING,Field_5,1,PROTECTING,Field_5,1,MOVING_TO_FIELD,Field_4,1,PROTECTING,Field_5,1,PROTECTING,Field_4,1,PROTECTING,Field_5,1,PROTECTING,Field_6,1,MOVING_TO_FIELD,Field_4,1,MOVING_TO_FIELD,Field_10,1,PROTECTING,Field_4,1,PROTECTING,Field_5,1,MOVING_TO_FIELD,Field_10,1,MOVING_TO_FIELD,Field_11,1,PROTECTING,Field_5,4,0.06,0,0,2,11,0.10,0,0,6,8,0.04,0,0,1,0,0.16,4,2,2,0,0.10,9,0,0,8,0.08,1,2,2,18,0.05,0,0,2,0,0.05,0,0,1,3,0.05,0,0,2,5,0.05,0,3,3,1,0.07,0,2,2,10,0.13,0,1,1
118,68,0,0,15,0,9,0,1,PROTECTING,Field_5,1,PROTECTING,Field_5,1,PROTECTING,Field_5,1,MOVING_TO_FIELD,Field_6,1,MOVING_TO_FIELD,Field_6,1,MOVING_TO_FIELD,Field_12,1,PROTECTING,Field_11,1,MOVING_TO_FIELD,Field_10,1,PROTECTING,Field_4,1,PROTECTING,Field_4,1,PROTECTING,Field_5,1,PROTECTING,Field_5,1,MOVING_TO_FIELD,Field_4,1,PROTECTING,Field_5,1,PROTECTING,Field_4,1,PROTECTING,Field_5,1,PROTECTING,Field_6,1,MOVING_TO_FIELD,Field_4,1,MOVING_TO_FIELD,Field_10,1,PROTECTING,Field_4,1,PROTECTING,Field_5,1,MOVING_TO_FIELD,Field_10,1,MOVING_TO_FIELD,Field_11,1,PROTECTING,Field_5,4,0.06,0,0,2,11,0.10,0,0,6,8,0.03,0,0,1,0,0.16,4,2,2,0,0.09,9,0,0,8,0.08,1,2,2,18,0.04,0,0,2,0,0.05,0,0,1,3,0.04,0,0,2,5,0.05,0,3,3,1,0.07,1,1,1,10,0.13,0,1,1
119,68,0,0,15,0,9,0,1,PROTECTING,Field_5,1,PROTECTING,Field_5,1,PROTECTING,Field_5,1,MOVING_TO_FIELD,Field_6,1,MOVING_TO_FIELD,Field_6,1,MOVING_TO_FIELD,Field_12,1,PROTECTING,Field_11,1,MOVING_TO_FIELD,Field_10,1,PROTECTING,Field_4,1,PROTECTING,Field_4,1,PROTECTING,Field_5,1,PROTECTING,Field_5,1,MOVING_TO_FIELD,Field_4,1,PROTECTING,Field_5,1,PROTECTING,Field_4,1,PROTECTING,Field_5,1,PROTECTING,Field_6,1,MOVING_TO_FIELD,Field_4,1,MOVING_TO_FIELD,Field_10,1,PROTECTING,Field_4,1,PROTECTING,Field_5,1,MOVING_TO_FIELD,Field_10,1,MOVING_TO_FIELD,Field_11,1,PROTECTING,Field_5,4,0.08,0,0,2,11,0.09,0,0,6,8,0.03,0,0,1,0,0.16,4,2,2,0,0.08,9,0,0,8,0.08,1,2,2,18,0.04,0,0,2,0,0.07,0,0,1,3,0.04,0,0,2,5,0.05,0,3,3,1,0.09,1,1,1,10,0.13,0,1,1
120,68,0,0,17,0,7,0,1,PROTECTING,Field_5,1,PROTECTING,Field_5,1,PROTECTING,Field_5,1,MOVING_TO_FIELD,Field_6,1,MOVING_TO_FIELD,Field_6,1,PROTECTING,Field_12,1,PROTECTING,Field_11,1,MOVING_TO_FIELD,Field_10,1,PROTECTING,Field_4,1,PROTECTING,Field_4,1,PROTECTING,Field_5,1,PROTECTING,Field_5,1,MOVING_TO_FIELD,Field_4,1,PROTECTING,Field_5,1,PROTECTING,Field_4,1,PROTECTING,Field_5,1,PROTECTING,Field_6,1,PROTECTING,Field_4,1,MOVING_TO_FIELD,Field_10,1,PROTECTING,Field_4,1,PROTECTING,Field_5,1,MOVING_TO_FIELD,Field_10,1,MOVING_TO_FIELD,Field_11,1,PROTECTING,Field_5,4,0.08,0,0,2,11,0.09,0,0,6,8,0.03,0,0,1,0,0.15,5,1,1,0,0.10,9,0,0,8,0.09,1,2,2,18,0.05,0,0,2,0,0.07,0,0,1,3,0.04,0,0,2,5,0.07,0,3,3,1,0.09,1,1,1,10,0.13,1,0,0
121,68,0,0,17,0,7,0,1,PROTECTING,Field_5,1,PROTECTING,Field_5,1,PROTECTING,Field_5,1,MOVING_TO_FIELD,Field_6,1,MOVING_TO_FIELD,Field_6,1,PROTECTING,Field_12,1,PROTECTING,Field_11,1,MOVING_TO_FIELD,Field_10,1,PROTECTING,Field_4,1,PROTECTING,Field_4,1,PROTECTING,Field_5,1,PROTECTING,Field_5,1,MOVING_TO_FIELD,Field_4,1,PROTECTING,Field_5,1,PROTECTING,Field_4,1,PROTECTING,Field_5,1,PROTECTING,Field_6,1,PROTECTING,Field_4,1,MOVING_TO_FIELD,Field_10,1,PROTECTING,Field_4,1,PROTECTING,Field_5,1,MOVING_TO_FIELD,Field_10,1,MOVING_TO_FIELD,Field_11,1,PROTECTING,Field_5,4,0.08,0,0,2,11,0.08,0,0,6,8,0.03,0,0,1,0,0.14,5,1,1,0,0.10,9,0,0,8,0.09,1,2,2,18,0.05,0,0,2,0,0.07,0,0,1,3,0.04,0,0,2,5,0.05,0,3,3,1,0.11,1,1,1,10,0.13,1,0,0
122,68,0,0,17,0,7,0,1,PROTECTING,Field_5,1,PROTECTING,Field_5,1,PROTECTING,Field_5,1,MOVING_TO_FIELD,Field_6,1,MOVING_TO_FIELD,Field_6,1,PROTECTING,Field_12,1,PROTECTING,Field_11,1,MOVING_TO_FIELD,Field_10,1,PROTECTING,Field_4,1,PROTECTING,Field_4,1,PROTECTING,Field_5,1,PROTECTING,Field_5,1,MOVING_TO_FIELD,Field_4,1,PROTECTING,Field_5,1,PROTECTING,Field_4,1,PROTECTING,Field_5,1,PROTECTING,Field_6,1,PROTECTING,Field_4,1,MOVING_TO_FIELD,Field_10,1,PROTECTING,Field_4,1,PROTECTING,Field_5,1,MOVING_TO_FIELD,Field_10,1,MOVING_TO_FIELD,Field_11,1,PROTECTING,Field_5,4,0.08,0,0,2,11,0.10,0,0,6,8,0.03,0,0,1,0,0.14,5,1,1,0,0.10,9,0,0,8,0.09,1,2,2,18,0.06,0,0,2,0,0.05,0,0,1,3,0.05,0,0,2,5,0.05,0,3,3,1,0.11,1,1,1,10,0.13,1,0,0
123,68,0,0,17,0,7,0,1,PROTECTING,Field_5,1,PROTECTING,Field_5,1,PROTECTING,Field_5,1,MOVING_TO_FIELD,Field_6,1,MOVING_TO_FIELD,Field_6,1,PROTECTING,Field_12,1,PROTECTING,Field_11,1,MOVING_TO_FIELD,Field_10,1,PROTECTING,Field_4,1,PROTECTING,Field_4,1,PROTECTING,Field_5,1,PROTECTING,Field_5,1,MOVING_TO_FIELD,Field_4,1,PROTECTING,Field_5,1,PROTECTING,Field_4,1,PROTECTING,Field_5,1,PROTECTING,Field_6,1,PROTECTING,Field_4,1,MOVING_TO_FIELD,Field_10,1,PROTECTING,Field_4,1,PROTECTING,Field_5,1,MOVING_TO_FIELD,Field_10,1,MOVING_TO_FIELD,Field_11,1,PROTECTING,Field_5,4,0.08,0,0,2,11,0.09,0,0,6,8,0.04,0,0,1,0,0.14,5,1,1,0,0.09,9,0,0,8,0.09,1,2,2,18,0.06,0,0,2,0,0.05,0,0,1,3,0.05,0,0,2,5,0.07,0,3,3,1,0.11,1,1,1,10,0.08,1,0,0
124,69,0,0,17,0,7,0,1,PROTECTING,Field_5,1,PROTECTING,Field_5,1,PROTECTING,Field_5,1,MOVING_TO_FIELD,Field_6,1,MOVING_TO_FIELD,Field_6,1,PROTECTING,Field_12,1,PROTECTING,Field_11,1,MOVING_TO_FIELD,Field_10,1,PROTECTING,Field_4,1,PROTECTING,Field_4,1,PROTECTING,Field_5,1,PROTECTING,Field_5,1,MOVING_TO_FIELD,Field_4,1,PROTECTING,Field_5,1,PROTECTING,Field_4,1,PROTECTING,Field_5,1,PROTECTING,Field_6,1,PROTECTING,Field_4,1,MOVING_TO_FIELD,Field_10,1,PROTECTING,Field_4,1,PROTECTING,Field_5,1,MOVING_TO_FIELD,Field_10,1,MOVING_TO_FIELD,Field_11,1,PROTECTING,Field_5,4,0.06,0,0,2,11,0.10,0,0,6,8,0.04,0,0,1,0,0.14,5,1,1,0,0.08,9,0,0,8,0.09,1,2,2,19,0.06,0,0,2,0,0.05,0,0,1,3,0.05,0,0,2,5,0.07,0,3,3,1,0.11,1,1,1,10,0.08,1,0,0
125,69,0,0,18,0,6,0,1,PROTECTING,Field_5,1,PROTECTING,Field_5,1,PROTECTING,Field_5,1,MOVING_TO_FIELD,Field_6,1,MOVING_TO_FIELD,Field_6,1,PROTECTING,Field_12,1,PROTECTING,Field_11,1,MOVING_TO_FIELD,Field_10,1,PROTECTING,Field_4,1,PROTECTING,Field_4,1,PROTECTING,Field_5,1,PROTECTING,Field_5,1,MOVING_TO_FIELD,Field_4,1,PROTECTING,Field_5,1,PROTECTING,Field_4,1,PROTECTING,Field_5,1,PROTECTING,Field_6,1,PROTECTING,Field_4,1,MOVING_TO_FIELD,Field_10,1,PROTECTING,Field_4,1,PROTECTING,Field_5,1,MOVING_TO_FIELD,Field_10,1,PROTECTING,Field_11,1,PROTECTING,Field_5,4,0.03,0,0,2,11,0.08,0,0,6,8,0.05,0,0,1,0,0.15,5,1,1,0,0.08,9,0,0,8,0.09,1,2,2,19,0.05,0,0,2,0,0.02,0,0,1,3,0.05,0,0,2,5,0.07,0,3,3,1,0.11,2,0,0,10,0.05,1,0,0
126,69,0,0,18,0,6,0,1,PROTECTING,Field_5,1,PROTECTING,Field_5,1,PROTECTING,Field_5,1,MOVING_TO_FIELD,Field_6,1,MOVING_TO_FIELD,Field_6,1,PROTECTING,Field_12,1,PROTECTING,Field_11,1,MOVING_TO_FIELD,Field_10,1,PROTECTING,Field_4,1,PROTECTING,Field_4,1,PROTECTING,Field_5,1,PROTECTING,Field_5,1,MOVING_TO_FIELD,Field_4,1,PROTECTING,Field_5,1,PROTECTING,Field_4,1,PROTECTING,Field_5,1,PROTECTING,Field_6,1,PROTECTING,Field_4,1,MOVING_TO_FIELD,Field_10,1,PROTECTING,Field_4,1,PROTECTING,Field_5,1,MOVING_TO_FIELD,Field_10,1,PROTECTING,Field_11,1,PROTECTING,Field_5,4,0.05,0,0,2,11,0.08,0,0,6,8,0.08,0,0,1,0,0.15,5,1,1,0,0.07,9,0,0,8,0.09,1,2,2,19,0.05,0,0,2,0,0.02,0,0,1,3,0.05,0,0,2,5,0.07,0,3,3,1,0.12,2,0,0,10,0.03,1,0,0
127,69,0,0,19,0,5,0,1,PROTECTING,Field_5,1,PROTECTING,Field_5,1,PROTECTING,Field_5,1,MOVING_TO_FIELD,Field_6,1,MOVING_TO_FIELD,Field_6,1,PROTECTING,Field_12,1,PROTECTING,Field_11,1,MOVING_TO_FIELD,Field_10,1,PROTECTING,Field_4,1,PROTECTING,Field_4,1,PROTECTING,Field_5,1,PROTECTING,Field_5,1,PROTECTING,Field_4,1,PROTECTING,Field_5,1,PROTECTING,Field_4,1,PROTECTING,Field_5,1,PROTECTING,Field_6,1,PROTECTING,Field_4,1,MOVING_TO_FIELD,Field_10,1,PROTECTING,Field_4,1,PROTECTING,Field_5,1,MOVING_TO_FIELD,Field_10,1,PROTECTING,Field_11,1,PROTECTING,Field_5,4,0.05,0,0,2,11,0.07,0,0,6,8,0.08,0,0,1,0,0.16,6,0,0,0,0.09,9,0,0,8,0.09,1,2,2,19,0.06,0,0,2,0,0.02,0,0,1,3,0.06,0,0,2,5,0.07,0,3,3,1,0.11,2,0,0,10,0.00,1,0,0
128,69,0,0,19,0,5,0,1,PROTECTING,Field_5,1,PROTECTING,Field_5,1,PROTECTING,Field_5,1,MOVING_TO_FIELD,Field_6,1,MOVING_TO_FIELD,Field_6,1,PROTECTING,Field_12,1,PROTECTING,Field_11,1,MOVING_TO_FIELD,Field_10,1,PROTECTING,Field_4,1,PROTECTING,Field_4,1,PROTECTING,Field_5,1,PROTECTING,Field_5,1,PROTECTING,Field_4,1,PROTECTING,Field_5,1,PROTECTING,Field_4,1,PROTECTING,Field_5,1,PROTECTING,Field_6,1,PROTECTING,Field_4,1,MOVING_TO_FIELD,Field_10,1,PROTECTING,Field_4,1,PROTECTING,Field_5,1,MOVING_TO_FIELD,Field_10,1,PROTECTING,Field_11,1,PROTECTING,Field_5,4,0.05,0,0,2,11,0.07,0,0,6,8,0.08,0,0,1,0,0.16,6,0,0,0,0.10,9,0,0,8,0.09,1,2,2,19,0.06,0,0,2,0,0.05,0,0,1,3,0.07,0,0,2,5,0.08,0,3,3,1,0.11,2,0,0,10,0.00,1,0,0
129,69,0,0,19,0,5,0,1,PROTECTING,Field_5,1,PROTECTING,Field_5,1,PROTECTING,Field_5,1,MOVING_TO_FIELD,Field_6,1,MOVING_TO_FIELD,Field_6,1,PROTECTING,Field_12,1,PROTECTING,Field_11,1,MOVING_TO_FIELD,Field_10,1,PROTECTING,Field_4,1,PROTECTING,Field_4,1,PROTECTING,Field_5,1,PROTECTING,Field_5,1,PROTECTING,Field_4,1,PROTECTING,Field_5,1,PROTECTING,Field_4,1,PROTECTING,Field_5,1,PROTECTING,Field_6,1,PROTECTING,Field_4,1,MOVING_TO_FIELD,Field_10,1,PROTECTING,Field_4,1,PROTECTING,Field_5,1,MOVING_TO_FIELD,Field_10,1,PROTECTING,Field_11,1,PROTECTING,Field_5,4,0.03,0,0,2,11,0.07,0,0,6,8,0.08,0,0,1,0,0.16,6,0,0,0,0.10,9,0,0,8,0.09,1,2,2,19,0.06,0,0,2,0,0.05,0,0,1,3,0.07,0,0,2,5,0.08,0,3,3,1,0.11,2,0,0,10,0.00,1,0,0
130,69,0,0,19,0,5,0,1,PROTECTING,Field_5,1,PROTECTING,Field_5,1,PROTECTING,Field_5,1,MOVING_TO_FIELD,Field_6,1,MOVING_TO_FIELD,Field_6,1,PROTECTING,Field_12,1,PROTECTING,Field_11,1,MOVING_TO_FIELD,Field_10,1,PROTECTING,Field_4,1,PROTECTING,Field_4,1,PROTECTING,Field_5,1,PROTECTING,Field_5,1,PROTECTING,Field_4,1,PROTECTING,Field_5,1,PROTECTING,Field_4,1,PROTECTING,Field_5,1,PROTECTING,Field_6,1,PROTECTING,Field_4,1,MOVING_TO_FIELD,Field_10,1,PROTECTING,Field_4,1,PROTECTING,Field_5,1,MOVING_TO_FIELD,Field_10,1,PROTECTING,Field_11,1,PROTECTING,Field_5,4,0.03,0,0,2,11,0.08,0,0,6,8,0.08,0,0,1,0,0.16,6,0,0,0,0.10,9,0,0,8,0.11,1,2,2,19,0.06,0,0,2,0,0.05,0,0,1,3,0.06,0,0,2,5,0.10,0,3,3,1,0.09,2,0,0,10,0.00,1,0,0
131,70,0,0,18,0,6,0,1,PROTECTING,Field_5,1,PROTECTING,Field_5,1,PROTECTING,Field_5,1,MOVING_TO_FIELD,Field_6,1,MOVING_TO_FIELD,Field_6,1,MOVING_TO_FIELD,Field_3,1,PROTECTING,Field_11,1,MOVING_TO_FIELD,Field_10,1,PROTECTING,Field_4,1,PROTECTING,Field_4,1,PROTECTING,Field_5,1,PROTECTING,Field_5,1,PROTECTING,Field_4,1,PROTECTING,Field_5,1,PROTECTING,Field_4,1,PROTECTING,Field_5,1,PROTECTING,Field_6,1,PROTECTING,Field_4,1,MOVING_TO_FIELD,Field_10,1,PROTECTING,Field_4,1,PROTECTING,Field_5,1,MOVING_TO_FIELD,Field_10,1,PROTECTING,Field_11,1,PROTECTING,Field_5,4,0.05,0,0,2,11,0.09,0,0,6,8,0.07,0,1,1,0,0.14,6,0,0,0,0.10,9,0,0,9,0.11,1,2,2,19,0.06,0,0,2,0,0.05,0,0,1,3,0.06,0,0,2,5,0.10,0,3,3,1,0.09,2,0,0,10,0.00,0,0,1
132,70,0,0,18,0,6,0,1,PROTECTING,Field_5,1,PROTECTING,Field_5,1,PROTECTING,Field_5,1,MOVING_TO_FIELD,Field_6,1,MOVING_TO_FIELD,Field_6,1,MOVING_TO_FIELD,Field_3,1,PROTECTING,Field_11,1,MOVING_TO_FIELD,Field_10,1,PROTECTING,Field_4,1,PROTECTING,Field_4,1,PROTECTING,Field_5,1,PROTECTING,Field_5,1,PROTECTING,Field_4,1,PROTECTING,Field_5,1,PROTECTING,Field_4,1,PROTECTING,Field_5,1,PROTECTING,Field_6,1,PROTECTING,Field_4,1,MOVING_TO_FIELD,Field_10,1,PROTECTING,Field_4,1,PROTECTING,Field_5,1,MOVING_TO_FIELD,Field_10,1,PROTECTING,Field_11,1,PROTECTING,Field_5,4,0.05,0,0,2,11,0.09,0,0,6,8,0.07,0,1,1,0,0.15,6,0,0,0,0.10,9,0,0,9,0.11,1,2,2,19,0.06,0,0,2,0,0.05,0,0,1,3,0.05,0,0,2,5,0.10,0,3,3,1,0.07,2,0,0,10,0.00,0,0,1
133,71,0,0,18,0,6,0,1,PROTECTING,Field_5,1,PROTECTING,Field_5,1,PROTECTING,Field_5,1,MOVING_TO_FIELD,Field_6,1,MOVING_TO_FIELD,Field_6,1,MOVING_TO_FIELD,Field_3,1,PROTECTING,Field_11,1,MOVING_TO_FIELD,Field_10,1,PROTECTING,Field_4,1,PROTECTING,Field_4,1,PROTECTING,Field_5,1,PROTECTING,Field_5,1,PROTECTING,Field_4,1,PROTECTING,Field_5,1,PROTECTING,Field_4,1,PROTECTING,Field_5,1,PROTECTING,Field_6,1,PROTECTING,Field_4,1,MOVING_TO_FIELD,Field_10,1,PROTECTING,Field_4,1,PROTECTING,Field_5,1,MOVING_TO_FIELD,Field_10,1,PROTECTING,Field_11,1,PROTECTING,Field_5,4,0.05,0,0,2,11,0.09,0,0,6,9,0.07,0,1,1,0,0.16,6,0,0,0,0.10,9,0,0,9,0.11,1,2,2,19,0.06,0,0,2,0,0.05,0,0,1,3,0.06,0,0,2,5,0.15,0,3,3,1,0.09,2,0,0,10,0.00,0,0,1
134,72,0,0,19,0,5,0,1,PROTECTING,Field_5,1,PROTECTING,Field_5,1,PROTECTING,Field_5,1,MOVING_TO_FIELD,Field_6,1,MOVING_TO_FIELD,Field_6,1,MOVING_TO_FIELD,Field_3,1,PROTECTING,Field_11,1,PROTECTING,Field_10,1,PROTECTING,Field_4,1,PROTECTING,Field_4,1,PROTECTING,Field_5,1,PROTECTING,Field_5,1,PROTECTING,Field_4,1,PROTECTING,Field_5,1,PROTECTING,Field_4,1,PROTECTING,Field_5,1,PROTECTING,Field_6,1,PROTECTING,Field_4,1,MOVING_TO_FIELD,Field_10,1,PROTECTING,Field_4,1,PROTECTING,Field_5,1,MOVING_TO_FIELD,Field_10,1,PROTECTING,Field_11,1,PROTECTING,Field_5,4,0.05,0,0,2,11,0.09,0,0,6,9,0.07,0,1,1,0,0.15,6,0,0,0,0.10,9,0,0,10,0.11,1,2,2,19,0.06,0,0,2,0,0.05,0,0,1,3,0.07,0,0,2,5,0.15,1,2,2,1,0.07,2,0,0,10,0.00,0,0,1
135,73,0,0,19,0,5,0,1,PROTECTING,Field_5,1,PROTECTING,Field_5,1,PROTECTING,Field_5,1,MOVING_TO_FIELD,Field_6,1,MOVING_TO_FIELD,Field_6,1,MOVING_TO_FIELD,Field_3,1,PROTECTING,Field_11,1,PROTECTING,Field_10,1,PROTECTING,Field_4,1,PROTECTING,Field_4,1,PROTECTING,Field_5,1,PROTECTING,Field_5,1,PROTECTING,Field_4,1,PROTECTING,Field_5,1,PROTECTING,Field_4,1,PROTECTING,Field_5,1,PROTECTING,Field_6,1,PROTECTING,Field_4,1,MOVING_TO_FIELD,Field_10,1,PROTECTING,Field_4,1,PROTECTING,Field_5,1,MOVING_TO_FIELD,Field_10,1,PROTECTING,Field_11,1,PROTECTING,Field_5,4,0.05,0,0,2,11,0.10,0,0,6,9,0.07,0,1,1,0,0.15,6,0,0,0,0.10,9,0,0,11,0.09,1,2,2,19,0.06,0,0,2,0,0.05,0,0,1,3,0.07,0,0,2,5,0.15,1,2,2,1,0.07,2,0,0,10,0.00,0,0,1
136,74,0,0,19,0,5,0,1,PROTECTING,Field_5,1,PROTECTING,Field_5,1,PROTECTING,Field_5,1,MOVING_TO_FIELD,Field_6,1,MOVING_TO_FIELD,Field_6,1,MOVING_TO_FIELD,Field_3,1,PROTECTING,Field_11,1,PROTECTING,Field_10,1,PROTECTING,Field_4,1,PROTECTING,Field_4,1,PROTECTING,Field_5,1,PROTECTING,Field_5,1,PROTECTING,Field_4,1,PROTECTING,Field_5,1,PROTECTING,Field_4,1,PROTECTING,Field_5,1,PROTECTING,Field_6,1,PROTECTING,Field_4,1,MOVING_TO_FIELD,Field_10,1,PROTECTING,Field_4,1,PROTECTING,Field_5,1,MOVING_TO_FIELD,Field_10,1,PROTECTING,Field_11,1,PROTECTING,Field_5,4,0.06,0,0,2,11,0.09,0,0,6,10,0.07,0,1,1,0,0.16,6,0,0,0,0.09,9,0,0,11,0.08,1,2,2,19,0.06,0,0,2,0,0.05,0,0,1,3,0.07,0,0,2,5,0.16,1,2,2,1,0.07,2,0,0,10,0.00,0,0,1
137,76,0,0,19,0,5,0,1,PROTECTING,Field_5,1,PROTECTING,Field_5,1,PROTECTING,Field_5,1,MOVING_TO_FIELD,Field_6,1,MOVING_TO_FIELD,Field_6,1,MOVING_TO_FIELD,Field_3,1,PROTECTING,Field_11,1,PROTECTING,Field_10,1,PROTECTING,Field_4,1,PROTECTING,Field_4,1,PROTECTING,Field_5,1,PROTECTING,Field_5,1,PROTECTING,Field_4,1,PROTECTING,Field_5,1,PROTECTING,Field_4,1,PROTECTING,Field_5,1,PROTECTING,Field_6,1,PROTECTING,Field_4,1,MOVING_TO_FIELD,Field_10,1,PROTECTING,Field_4,1,PROTECTING,Field_5,1,MOVING_TO_FIELD,Field_10,1,PROTECTING,Field_11,1,PROTECTING,Field_5,4,0.06,0,0,2,11,0.08,0,0,6,11,0.07,0,1,1,0,0.16,6,0,0,0,0.07,9,0,0,11,0.08,1,2,2,19,0.06,0,0,2,0,0.05,0,0,1,3,0.09,0,0,2,6,0.16,1,2,2,1,0.07,2,0,0,10,0.03,0,0,1
138,78,0,0,19,0,5,0,1,PROTECTING,Field_5,1,PROTECTING,Field_5,1,PROTECTING,Field_5,1,MOVING_TO_FIELD,Field_6,1,MOVING_TO_FIELD,Field_6,1,MOVING_TO_FIELD,Field_3,1,PROTECTING,Field_11,1,PROTECTING,Field_10,1,PROTECTING,Field_4,1,PROTECTING,Field_4,1,PROTECTING,Field_5,1,PROTECTING,Field_5,1,PROTECTING,Field_4,1,PROTECTING,Field_5,1,PROTECTING,Field_4,1,PROTECTING,Field_5,1,PROTECTING,Field_6,1,PROTECTING,Field_4,1,MOVING_TO_FIELD,Field_10,1,PROTECTING,Field_4,1,PROTECTING,Field_5,1,MOVING_TO_FIELD,Field_10,1,PROTECTING,Field_11,1,PROTECTING,Field_5,4,0.08,0,0,2,11,0.08,0,0,6,11,0.07,0,1,1,0,0.18,6,0,0,0,0.08,9,0,0,12,0.11,1,2,2,19,0.06,0,0,2,0,0.05,0,0,1,4,0.08,0,0,2,6,0.16,1,2,2,1,0.05,2,0,0,10,0.03,0,0,1
139,78,0,0,19,0,5,0,1,PROTECTING,Field_5,1,PROTECTING,Field_5,1,PROTECTING,Field_5,1,MOVING_TO_FIELD,Field_6,1,MOVING_TO_FIELD,Field_6,1,MOVING_TO_FIELD,Field_3,1,PROTECTING,Field_11,1,PROTECTING,Field_10,1,PROTECTING,Field_4,1,PROTECTING,Field_4,1,PROTECTING,Field_5,1,PROTECTING,Field_5,1,PROTECTING,Field_4,1,PROTECTING,Field_5,1,PROTECTING,Field_4,1,PROTECTING,Field_5,1,PROTECTING,Field_6,1,PROTECTING,Field_4,1,MOVING_TO_FIELD,Field_10,1,PROTECTING,Field_4,1,PROTECTING,Field_5,1,MOVING_TO_FIELD,Field_10,1,PROTECTING,Field_11,1,PROTECTING,Field_5,4,0.08,0,0,2,11,0.08,0,0,6,11,0.07,0,1,1,0,0.16,6,0,0,0,0.07,9,0,0,12,0.12,1,2,2,19,0.06,0,0,2,0,0.05,0,0,1,4,0.09,0,0,2,6,0.16,1,2,2,1,0.05,2,0,0,10,0.03,0,0,1
140,79,0,0,19,0,5,0,1,PROTECTING,Field_5,1,PROTECTING,Field_5,1,PROTECTING,Field_5,1,MOVING_TO_FIELD,Field_6,1,MOVING_TO_FIELD,Field_6,1,MOVING_TO_FIELD,Field_3,1,PROTECTING,Field_11,1,PROTECTING,Field_10,1,PROTECTING,Field_4,1,PROTECTING,Field_4,1,PROTECTING,Field_5,1,PROTECTING,Field_5,1,PROTECTING,Field_4,1,PROTECTING,Field_5,1,PROTECTING,Field_4,1,PROTECTING,Field_5,1,PROTECTING,Field_6,1,PROTECTING,Field_4,1,MOVING_TO_FIELD,Field_10,1,PROTECTING,Field_4,1,PROTECTING,Field_5,1,MOVING_TO_FIELD,Field_10,1,PROTECTING,Field_11,1,PROTECTING,Field_5,4,0.08,0,0,2,11,0.09,0,0,6,11,0.07,0,1,1,0,0.15,6,0,0,0,0.07,9,0,0,12,0.12,1,2,2,20,0.07,0,0,2,0,0.07,0,0,1,4,0.10,0,0,2,6,0.18,1,2,2,1,0.05,2,0,0,10,0.03,0,0,1
141,79,0,0,9,0,15,0,1,MOVING_TO_FIELD,Field_2,1,MOVING_TO_FIELD,Field_2,1,MOVING_TO_FIELD,Field_2,1,PROTECTING,Field_6,1,MOVING_TO_FIELD,Field_6,1,MOVING_TO_FIELD,Field_2,1,MOVING_TO_FIELD,Field_2,1,PROTECTING,Field_10,1,PROTECTING,Field_4,1,PROTECTING,Field_4,1,MOVING_TO_FIELD,Field_2,1,MOVING_TO_FIELD,Field_1,1,PROTECTING,Field_4,1,MOVING_TO_FIELD,Field_1,1,PROTECTING,Field_4,1,MOVING_TO_FIELD,Field_9,1,PROTECTING,Field_6,1,PROTECTING,Field_4,1,MOVING_TO_FIELD,Field_10,1,PROTECTING,Field_4,1,MOVING_TO_FIELD,Field_9,1,MOVING_TO_FIELD,Field_10,1,MOVING_TO_FIELD,Field_8,1,MOVING_TO_FIELD,Field_12,4,0.06,0,2,2,11,0.08,0,6,6,11,0.07,0,0,1,0,0.15,6,0,0,0,0.05,0,0,9,12,0.13,2,1,1,20,0.07,0,0,2,0,0.07,0,1,1,4,0.10,0,2,2,6,0.18,1,2,2,1,0.05,0,0,2,10,0.03,0,1,1
142,79,0,0,11,0,13,0,1,MOVING_TO_FIELD,Field_2,1,MOVING_TO_FIELD,Field_2,1,MOVING_TO_FIELD,Field_2,1,PROTECTING,Field_6,1,MOVING_TO_FIELD,Field_6,1,MOVING_TO_FIELD,Field_2,1,MOVING_TO_FIELD,Field_2,1,PROTECTING,Field_10,1,PROTECTING,Field_4,1,PROTECTING,Field_4,1,MOVING_TO_FIELD,Field_2,1,MOVING_TO_FIELD,Field_1,1,PROTECTING,Field_4,1,MOVING_TO_FIELD,Field_1,1,PROTECTING,Field_4,1,MOVING_TO_FIELD,Field_9,1,PROTECTING,Field_6,1,PROTECTING,Field_4,1,PROTECTING,Field_10,1,PROTECTING,Field_4,1,MOVING_TO_FIELD,Field_9,1,PROTECTING,Field_10,1,MOVING_TO_FIELD,Field_8,1,MOVING_TO_FIELD,Field_12,4,0.06,0,2,2,11,0.08,0,6,6,11,0.05,0,0,1,0,0.16,6,0,0,0,0.04,0,0,9,12,0.13,2,1,1,20,0.08,0,0,2,0,0.07,0,1,1,4,0.10,0,2,2,6,0.18,3,0,0,1,0.05,0,0,2,10,0.03,0,1,1
143,79,0,0,11,0,13,0,1,MOVING_TO_FIELD,Field_2,1,MOVING_TO_FIELD,Field_2,1,MOVING_TO_FIELD,Field_2,1,PROTECTING,Field_6,1,MOVING_TO_FIELD,Field_6,1,MOVING_TO_FIELD,Field_2,1,MOVING_TO_FIELD,Field_2,1,PROTECTING,Field_10,1,PROTECTING,Field_4,1,PROTECTING,Field_4,1,MOVING_TO_FIELD,Field_2,1,MOVING_TO_FIELD,Field_1,1,PROTECTING,Field_4,1,MOVING_TO_FIELD,Field_1,1,PROTECTING,Field_4,1,MOVING_TO_FIELD,Field_9,1,PROTECTING,Field_6,1,PROTECTING,Field_4,1,PROTECTING,Field_10,1,PROTECTING,Field_4,1,MOVING_TO_FIELD,Field_9,1,PROTECTING,Field_10,1,MOVING_TO_FIELD,Field_8,1,MOVING_TO_FIELD,Field_12,4,0.06,0,2,2,11,0.08,0,6,6,11,0.04,0,0,1,0,0.12,6,0,0,0,0.04,0,0,9,12,0.13,2,1,1,20,0.08,0,0,2,0,0.07,0,1,1,4,0.10,0,2,2,6,0.16,3,0,0,1,0.05,0,0,2,10,0.03,0,1,1
144,79,0,0,11,0,13,0,1,MOVING_TO_FIELD,Field_2,1,MOVING_TO_FIELD,Field_2,1,MOVING_TO_FIELD,Field_2,1,PROTECTING,Field_6,1,MOVING_TO_FIELD,Field_6,1,MOVING_TO_FIELD,Field_2,1,MOVING_TO_FIELD,Field_2,1,PROTECTING,Field_10,1,PROTECTING,Field_4,1,PROTECTING,Field_4,1,MOVING_TO_FIELD,Field_2,1,MOVING_TO_FIELD,Field_1,1,PROTECTING,Field_4,1,MOVING_TO_FIELD,Field_1,1,PROTECTING,Field_4,1,MOVING_TO_FIELD,Field_9,1,PROTECTING,Field_6,1,PROTECTING,Field_4,1,PROTECTING,Field_10,1,PROTECTING,Field_4,1,MOVING_TO_FIELD,Field_9,1,PROTECTING,Field_10,1,MOVING_TO_FIELD,Field_8,1,MOVING_TO_FIELD,Field_12,4,0.06,0,2,2,11,0.10,0,6,6,11,0.07,0,0,1,0,0.11,6,0,0,0,0.05,0,0,9,12,0.13,2,1,1,20,0.09,0,0,2,0,0.07,0,1,1,4,0.10,0,2,2,6,0.16,3,0,0,1,0.05,0,0,2,10,0.03,0,1,1
145,81,0,0,12,0,12,0,1,MOVING_TO_FIELD,Field_2,1,MOVING_TO_FIELD,Field_2,1,MOVING_TO_FIELD,Field_2,1,PROTECTING,Field_6,1,PROTECTING,Field_6,1,MOVING_TO_FIELD,Field_2,1,MOVING_TO_FIELD,Field_2,1,PROTECTING,Field_10,1,PROTECTING,Field_4,1,PROTECTING,Field_4,1,MOVING_TO_FIELD,Field_2,1,MOVING_TO_FIELD,Field_1,1,PROTECTING,Field_4,1,MOVING_TO_FIELD,Field_1,1,PROTECTING,Field_4,1,MOVING_TO_FIELD,Field_9,1,PROTECTING,Field_6,1,PROTECTING,Field_4,1,PROTECTING,Field_10,1,PROTECTING,Field_4,1,MOVING_TO_FIELD,Field_9,1,PROTECTING,Field_10,1,MOVING_TO_FIELD,Field_8,1,MOVING_TO_FIELD,Field_12,4,0.06,0,2,2,11,0.10,0,6,6,12,0.07,0,0,1,0,0.11,6,0,0,0,0.05,0,0,9,12,0.13,3,0,0,21,0.09,0,0,2,0,0.07,0,1,1,4,0.08,0,2,2,6,0.16,3,0,0,1,0.05,0,0,2,10,0.03,0,1,1
146,81,0,0,13,0,11,0,1,MOVING_TO_FIELD,Field_2,1,MOVING_TO_FIELD,Field_2,1,MOVING_TO_FIELD,Field_2,1,PROTECTING,Field_6,1,PROTECTING,Field_6,1,MOVING_TO_FIELD,Field_2,1,MOVING_TO_FIELD,Field_2,1,PROTECTING,Field_10,1,PROTECTING,Field_4,1,PROTECTING,Field_4,1,MOVING_TO_FIELD,Field_2,1,MOVING_TO_FIELD,Field_1,1,PROTECTING,Field_4,1,MOVING_TO_FIELD,Field_1,1,PROTECTING,Field_4,1,MOVING_TO_FIELD,Field_9,1,PROTECTING,Field_6,1,PROTECTING,Field_4,1,PROTECTING,Field_10,1,PROTECTING,Field_4,1,MOVING_TO_FIELD,Field_9,1,PROTECTING,Field_10,1,PROTECTING,Field_8,1,MOVING_TO_FIELD,Field_12,4,0.06,0,2,2,11,0.09,0,6,6,12,0.08,0,0,1,0,0.09,6,0,0,0,0.06,0,0,9,12,0.13,3,0,0,21,0.11,0,0,2,0,0.07,1,0,0,4,0.06,0,2,2,6,0.16,3,0,0,1,0.05,0,0,2,10,0.03,0,1,1
147,81,0,0,14,0,10,0,1,MOVING_TO_FIELD,Field_2,1,MOVING_TO_FIELD,Field_2,1,MOVING_TO_FIELD,Field_2,1,PROTECTING,Field_6,1,PROTECTING,Field_6,1,MOVING_TO_FIELD,Field_2,1,MOVING_TO_FIELD,Field_2,1,PROTECTING,Field_10,1,PROTECTING,Field_4,1,PROTECTING,Field_4,1,MOVING_TO_FIELD,Field_2,1,MOVING_TO_FIELD,Field_1,1,PROTECTING,Field_4,1,MOVING_TO_FIELD,Field_1,1,PROTECTING,Field_4,1,PROTECTING,Field_9,1,PROTECTING,Field_6,1,PROTECTING,Field_4,1,PROTECTING,Field_10,1,PROTECTING,Field_4,1,MOVING_TO_FIELD,Field_9,1,PROTECTING,Field_10,1,PROTECTING,Field_8,1,MOVING_TO_FIELD,Field_12,4,0.06,0,2,2,11,0.09,0,6,6,12,0.12,0,0,1,0,0.11,6,0,0,0,0.08,0,0,9,12,0.12,3,0,0,21,0.11,0,0,2,0,0.07,1,0,0,4,0.06,1,1,1,6,0.16,3,0,0,1,0.07,0,0,2,10,0.03,0,1,1
148,83,0,0,14,0,10,0,1,MOVING_TO_FIELD,Field_2,1,MOVING_TO_FIELD,Field_2,1,MOVING_TO_FIELD,Field_2,1,PROTECTING,Field_6,1,PROTECTING,Field_6,1,MOVING_TO_FIELD,Field_2,1,MOVING_TO_FIELD,Field_2,1,PROTECTING,Field_10,1,PROTECTING,Field_4,1,PROTECTING,Field_4,1,MOVING_TO_FIELD,Field_2,1,MOVING_TO_FIELD,Field_1,1,PROTECTING,Field_4,1,MOVING_TO_FIELD,Field_1,1,PROTECTING,Field_4,1,PROTECTING,Field_9,1,PROTECTING,Field_6,1,PROTECTING,Field_4,1,PROTECTING,Field_10,1,PROTECTING,Field_4,1,MOVING_TO_FIELD,Field_9,1,PROTECTING,Field_10,1,PROTECTING,Field_8,1,MOVING_TO_FIELD,Field_12,5,0.06,0,2,2,11,0.10,0,6,6,13,0.12,0,0,1,0,0.12,6,0,0,0,0.09,0,0,9,12,0.09,3,0,0,21,0.11,0,0,2,0,0.07,1,0,0,4,0.06,1,1,1,6,0.16,3,0,0,1,0.07,0,0,2,10,0.05,0,1,1
149,83,0,0,14,0,10,0,1,MOVING_TO_FIELD,Field_2,1,MOVING_TO_FIELD,Field_2,1,MOVING_TO_FIELD,Field_2,1,PROTECTING,Field_6,1,PROTECTING,Field_6,1,MOVING_TO_FIELD,Field_2,1,MOVING_TO_FIELD,Field_2,1,PROTECTING,Field_10,1,PROTECTING,Field_4,1,PROTECTING,Field_4,1,MOVING_TO_FIELD,Field_2,1,MOVING_TO_FIELD,Field_1,1,PROTECTING,Field_4,1,MOVING_TO_FIELD,Field_1,1,PROTECTING,Field_4,1,PROTECTING,Field_9,1,PROTECTING,Field_6,1,PROTECTING,Field_4,1,PROTECTING,Field_10,1,PROTECTING,Field_4,1,MOVING_TO_FIELD,Field_9,1,PROTECTING,Field_10,1,PROTECTING,Field_8,1,MOVING_TO_FIELD,Field_12,5,0.06,0,2,2,11,0.12,0,6,6,13,0.13,0,0,1,0,0.12,6,0,0,0,0.09,0,0,9,12,0.09,3,0,0,21,0.10,0,0,2,0,0.02,1,0,0,4,0.05,1,1,1,6,0.18,3,0,0,1,0.09,0,0,2,10,0.05,0,1,1
150,84,0,0,14,0,10,0,1,MOVING_TO_FIELD,Field_2,1,MOVING_TO_FIELD,Field_2,1,MOVING_TO_FIELD,Field_2,1,PROTECTING,Field_6,1,PROTECTING,Field_6,1,MOVING_TO_FIELD,Field_2,1,MOVING_TO_FIELD,Field_2,1,PROTECTING,Field_10,1,PROTECTING,Field_4,1,PROTECTING,Field_4,1,MOVING_TO_FIELD,Field_2,1,MOVING_TO_FIELD,Field_1,1,PROTECTING,Field_4,1,MOVING_TO_FIELD,Field_1,1,PROTECTING,Field_4,1,PROTECTING,Field_9,1,PROTECTING,Field_6,1,PROTECTING,Field_4,1,PROTECTING,Field_10,1,PROTECTING,Field_4,1,MOVING_TO_FIELD,Field_9,1,PROTECTING,Field_10,1,PROTECTING,Field_8,1,MOVING_TO_FIELD,Field_12,5,0.06,0,2,2,12,0.12,0,6,6,13,0.13,0,0,1,0,0.11,6,0,0,0,0.09,0,0,9,12,0.11,3,0,0,21,0.10,0,0,2,0,0.02,1,0,0,4,0.07,1,1,1,6,0.18,3,0,0,1,0.09,0,0,2,10,0.05,0,1,1
151,84,0,0,12,0,12,0,1,MOVING_TO_FIELD,Field_2,1,MOVING_TO_FIELD,Field_2,1,MOVING_TO_FIELD,Field_2,1,PROTECTING,Field_6,1,PROTECTING,Field_6,1,MOVING_TO_FIELD,Field_2,1,MOVING_TO_FIELD,Field_2,1,PROTECTING,Field_10,1,PROTECTING,Field_4,1,PROTECTING,Field_4,1,MOVING_TO_FIELD,Field_2,1,MOVING_TO_FIELD,Field_7,1,PROTECTING,Field_4,1,MOVING_TO_FIELD,Field_7,1,PROTECTING,Field_4,1,MOVING_TO_FIELD,Field_3,1,PROTECTING,Field_6,1,PROTECTING,Field_4,1,PROTECTING,Field_10,1,PROTECTING,Field_4,1,MOVING_TO_FIELD,Field_11,1,PROTECTING,Field_10,1,MOVING_TO_FIELD,Field_11,1,MOVING_TO_FIELD,Field_12,5,0.06,0,0,2,12,0.12,0,6,6,13,0.11,0,1,1,0,0.08,6,0,0,0,0.09,0,0,9,12,0.09,3,0,0,21,0.12,0,2,2,0,0.02,0,0,1,4,0.10,0,0,2,6,0.16,3,0,0,1,0.09,0,2,2,10,0.05,0,1,1
152,84,0,0,13,0,11,0,1,MOVING_TO_FIELD,Field_2,1,MOVING_TO_FIELD,Field_2,1,MOVING_TO_FIELD,Field_2,1,PROTECTING,Field_6,1,PROTECTING,Field_6,1,MOVING_TO_FIELD,Field_2,1,MOVING_TO_FIELD,Field_2,1,PROTECTING,Field_10,1,PROTECTING,Field_4,1,PROTECTING,Field_4,1,MOVING_TO_FIELD,Field_2,1,PROTECTING,Field_7,1,PROTECTING,Field_4,1,MOVING_TO_FIELD,Field_7,1,PROTECTING,Field_4,1,MOVING_TO_FIELD,Field_3,1,PROTECTING,Field_6,1,PROTECTING,Field_4,1,PROTECTING,Field_10,1,PROTECTING,Field_4,1,MOVING_TO_FIELD,Field_11,1,PROTECTING,Field_10,1,MOVING_TO_FIELD,Field_11,1,MOVING_TO_FIELD,Field_12,5,0.06,0,0,2,12,0.14,0,6,6,13,0.08,0,1,1,0,0.09,6,0,0,0,0.09,0,0,9,12,0.08,3,0,0,21,0.12,1,1,1,0,0.02,0,0,1,4,0.10,0,0,2,6,0.16,3,0,0,1,0.11,0,2,2,10,0.05,0,1,1
153,85,0,0,13,0,11,0,1,MOVING_TO_FIELD,Field_2,1,MOVING_TO_FIELD,Field_2,1,MOVING_TO_FIELD,Field_2,1,PROTECTING,Field_6,1,PROTECTING,Field_6,1,MOVING_TO_FIELD,Field_2,1,MOVING_TO_FIELD,Field_2,1,PROTECTING,Field_10,1,PROTECTING,Field_4,1,PROTECTING,Field_4,1,MOVING_TO_FIELD,Field_2,1,PROTECTING,Field_7,1,PROTECTING,Field_4,1,MOVING_TO_FIELD,Field_7,1,PROTECTING,Field_4,1,MOVING_TO_FIELD,Field_3,1,PROTECTING,Field_6,1,PROTECTING,Field_4,1,PROTECTING,Field_10,1,PROTECTING,Field_4,1,MOVING_TO_FIELD,Field_11,1,PROTECTING,Field_10,1,MOVING_TO_FIELD,Field_11,1,MOVING_TO_FIELD,Field_12,5,0.06,0,0,2,12,0.16,0,6,6,14,0.08,0,1,1,0,0.08,6,0,0,0,0.09,0,0,9,12,0.07,3,0,0,21,0.12,1,1,1,0,0.02,0,0,1,4,0.12,0,0,2,6,0.13,3,0,0,1,0.11,0,2,2,10,0.05,0,1,1
154,85,0,0,14,0,10,0,1,MOVING_TO_FIELD,Field_2,1,MOVING_TO_FIELD,Field_2,1,MOVING_TO_FIELD,Field_2,1,PROTECTING,Field_6,1,PROTECTING,Field_6,1,MOVING_TO_FIELD,Field_2,1,PROTECTING,Field_2,1,PROTECTING,Field_10,1,PROTECTING,Field_4,1,PROTECTING,Field_4,1,MOVING_TO_FIELD,Field_2,1,PROTECTING,Field_7,1,PROTECTING,Field_4,1,MOVING_TO_FIELD,Field_7,1,PROTECTING,Field_4,1,MOVING_TO_FIELD,Field_3,1,PROTECTING,Field_6,1,PROTECTING,Field_4,1,PROTECTING,Field_10,1,PROTECTING,Field_4,1,MOVING_TO_FIELD,Field_11,1,PROTECTING,Field_10,1,MOVING_TO_FIELD,Field_11,1,MOVING_TO_FIELD,Field_12,5,0.06,0,0,2,12,0.16,1,5,5,14,0.08,0,1,1,0,0.08,6,0,0,0,0.12,0,0,9,12,0.07,3,0,0,21,0.13,1,1,1,0,0.02,0,0,1,4,0.12,0,0,2,6,0.13,3,0,0,1,0.09,0,2,2,10,0.05,0,1,1
155,85,0,0,15,0,9,0,1,MOVING_TO_FIELD,Field_2,1,PROTECTING,Field_2,1,MOVING_TO_FIELD,Field_2,1,PROTECTING,Field_6,1,PROTECTING,Field_6,1,MOVING_TO_FIELD,Field_2,1,PROTECTING,Field_2,1,PROTECTING,Field_10,1,PROTECTING,Field_4,1,PROTECTING,Field_4,1,MOVING_TO_FIELD,Field_2,1,PROTECTING,Field_7,1,PROTECTING,Field_4,1,MOVING_TO_FIELD,Field_7,1,PROTECTING,Field_4,1,MOVING_TO_FIELD,Field_3,1,PROTECTING,Field_6,1,PROTECTING,Field_4,1,PROTECTING,Field_10,1,PROTECTING,Field_4,1,MOVING_TO_FIELD,Field_11,1,PROTECTING,Field_10,1,MOVING_TO_FIELD,Field_11,1,MOVING_TO_FIELD,Field_12,5,0.06,0,0,2,12,0.18,2,4,4,14,0.07,0,1,1,0,0.08,6,0,0,0,0.12,0,0,9,12,0.07,3,0,0,21,0.13,1,1,1,0,0.02,0,0,1,4,0.12,0,0,2,6,0.13,3,0,0,1,0.09,0,2,2,10,0.05,0,1,1
156,85,0,0,16,0,8,0,1,MOVING_TO_FIELD,Field_2,1,PROTECTING,Field_2,1,MOVING_TO_FIELD,Field_2,1,PROTECTING,Field_6,1,PROTECTING,Field_6,1,MOVING_TO_FIELD,Field_2,1,PROTECTING,Field_2,1,PROTECTING,Field_10,1,PROTECTING,Field_4,1,PROTECTING,Field_4,1,MOVING_TO_FIELD,Field_2,1,PROTECTING,Field_7,1,PROTECTING,Field_4,1,MOVING_TO_FIELD,Field_7,1,PROTECTING,Field_4,1,MOVING_TO_FIELD,Field_3,1,PROTECTING,Field_6,1,PROTECTING,Field_4,1,PROTECTING,Field_10,1,PROTECTING,Field_4,1,MOVING_TO_FIELD,Field_11,1,PROTECTING,Field_10,1,PROTECTING,Field_11,1,MOVING_TO_FIELD,Field_12,5,0.06,0,0,2,12,0.19,2,4,4,14,0.07,0,1,1,0,0.08,6,0,0,0,0.12,0,0,9,12,0.08,3,0,0,21,0.12,1,1,1,0,0.02,0,0,1,4,0.13,0,0,2,6,0.11,3,0,0,1,0.09,1,1,1,10,0.05,0,1,1
157,85,0,0,17,0,7,0,1,MOVING_TO_FIELD,Field_2,1,PROTECTING,Field_2,1,MOVING_TO_FIELD,Field_2,1,PROTECTING,Field_6,1,PROTECTING,Field_6,1,MOVING_TO_FIELD,Field_2,1,PROTECTING,Field_2,1,PROTECTING,Field_10,1,PROTECTING,Field_4,1,PROTECTING,Field_4,1,MOVING_TO_FIELD,Field_2,1,PROTECTING,Field_7,1,PROTECTING,Field_4,1,PROTECTING,Field_7,1,PROTECTING,Field_4,1,MOVING_TO_FIELD,Field_3,1,PROTECTING,Field_6,1,PROTECTING,Field_4,1,PROTECTING,Field_10,1,PROTECTING,Field_4,1,MOVING_TO_FIELD,Field_11,1,PROTECTING,Field_10,1,PROTECTING,Field_11,1,MOVING_TO_FIELD,Field_12,5,0.10,0,0,2,12,0.21,2,4,4,14,0.07,0,1,1,0,0.05,6,0,0,0,0.13,0,0,9,12,0.09,3,0,0,21,0.13,2,0,0,0,0.02,0,0,1,4,0.14,0,0,2,6,0.11,3,0,0,1,0.09,1,1,1,10,0.05,0,1,1
158,85,0,0,19,0,5,0,1,PROTECTING,Field_2,1,PROTECTING,Field_2,1,PROTECTING,Field_2,1,PROTECTING,Field_6,1,PROTECTING,Field_6,1,MOVING_TO_FIELD,Field_2,1,PROTECTING,Field_2,1,PROTECTING,Field_10,1,PROTECTING,Field_4,1,PROTECTING,Field_4,1,MOVING_TO_FIELD,Field_2,1,PROTECTING,Field_7,1,PROTECTING,Field_4,1,PROTECTING,Field_7,1,PROTECTING,Field_4,1,MOVING_TO_FIELD,Field_3,1,PROTECTING,Field_6,1,PROTECTING,Field_4,1,PROTECTING,Field_10,1,PROTECTING,Field_4,1,MOVING_TO_FIELD,Field_11,1,PROTECTING,Field_10,1,PROTECTING,Field_11,1,MOVING_TO_FIELD,Field_12,5,0.10,0,0,2,12,0.21,4,2,2,14,0.07,0,1,1,0,0.05,6,0,0,0,0.16,0,0,9,12,0.08,3,0,0,21,0.15,2,0,0,0,0.02,0,0,1,4,0.14,0,0,2,6,0.11,3,0,0,1,0.12,1,1,1,10,0.05,0,1,1
159,87,0,0,19,0,5,0,1,PROTECTING,Field_2,1,PROTECTING,Field_2,1,PROTECTING,Field_2,1,PROTECTING,Field_6,1,PROTECTING,Field_6,1,MOVING_TO_FIELD,Field_2,1,PROTECTING,Field_2,1,PROTECTING,Field_10,1,PROTECTING,Field_4,1,PROTECTING,Field_4,1,MOVING_TO_FIELD,Field_2,1,PROTECTING,Field_7,1,PROTECTING,Field_4,1,PROTECTING,Field_7,1,PROTECTING,Field_4,1,MOVING_TO_FIELD,Field_3,1,PROTECTING,Field_6,1,PROTECTING,Field_4,1,PROTECTING,Field_10,1,PROTECTING,Field_4,1,MOVING_TO_FIELD,Field_11,1,PROTECTING,Field_10,1,PROTECTING,Field_11,1,MOVING_TO_FIELD,Field_12,7,0.10,0,0,2,12,0.21,4,2,2,14,0.08,0,1,1,0,0.05,6,0,0,0,0.17,0,0,9,12,0.09,3,0,0,21,0.13,2,0,0,0,0.02,0,0,1,4,0.13,0,0,2,6,0.11,3,0,0,1,0.12,1,1,1,10,0.05,0,1,1
160,87,0,0,21,0,3,0,1,PROTECTING,Field_2,1,PROTECTING,Field_2,1,PROTECTING,Field_2,1,PROTECTING,Field_6,1,PROTECTING,Field_6,1,MOVING_TO_FIELD,Field_2,1,PROTECTING,Field_2,1,PROTECTING,Field_10,1,PROTECTING,Field_4,1,PROTECTING,Field_4,1,PROTECTING,Field_2,1,PROTECTING,Field_7,1,PROTECTING,Field_4,1,PROTECTING,Field_7,1,PROTECTING,Field_4,1,PROTECTING,Field_3,1,PROTECTING,Field_6,1,PROTECTING,Field_4,1,PROTECTING,Field_10,1,PROTECTING,Field_4,1,MOVING_TO_FIELD,Field_11,1,PROTECTING,Field_10,1,PROTECTING,Field_11,1,MOVING_TO_FIELD,Field_12,7,0.10,0,0,2,12,0.20,5,1,1,14,0.08,1,0,0,0,0.05,6,0,0,0,0.16,0,0,9,12,0.09,3,0,0,21,0.12,2,0,0,0,0.02,0,0,1,4,0.13,0,0,2,6,0.11,3,0,0,1,0.12,1,1,1,10,0.05,0,1,1
161,87,1,0,6,0,17,0,1,PROTECTING,Field_2,1,PROTECTING,Field_2,1,PROTECTING,Field_2,1,MOVING_TO_FIELD,Field_1,1,MOVING_TO_FIELD,Field_1,1,MOVING_TO_FIELD,Field_2,1,PROTECTING,Field_2,1,MOVING_TO_FIELD,Field_3,1,MOVING_TO_FIELD,Field_2,1,MOVING_TO_FIELD,Field_6,1,MOVING_TO_FIELD,Field_6,1,MOVING_TO_FIELD,Field_6,1,MOVING_TO_FIELD,Field_7,1,PROTECTING,Field_7,1,MOVING_TO_FIELD,Field_8,1,MOVING_TO_FIELD,Field_9,1,MOVING_TO_FIELD,Field_9,1,MOVING_TO_FIELD,Field_10,1,PROTECTING,Field_10,1,MOVING_TO_FIELD,Field_10,1,MOVING_TO_FIELD,Field_11,1,MOVING_TO_FIELD,Field_11,1,MOVING_TO_FIELD,Field_12,1,IDLE,,7,0.08,0,2,2,12,0.21,4,2,2,14,0.08,0,1,1,0,0.05,0,0,6,0,0.18,0,0,9,12,0.09,0,3,3,21,0.11,1,1,1,0,0.02,0,1,1,4,0.11,0,2,2,6,0.11,1,2,2,1,0.12,0,2,2,10,0.05,0,1,1
162,88,1,0,6,0,17,0,1,PROTECTING,Field_2,1,PROTECTING,Field_2,1,PROTECTING,Field_2,1,MOVING_TO_FIELD,Field_1,1,MOVING_TO_FIELD,Field_1,1,MOVING_TO_FIELD,Field_2,1,PROTECTING,Field_2,1,MOVING_TO_FIELD,Field_3,1,MOVING_TO_FIELD,Field_2,1,MOVING_TO_FIELD,Field_6,1,MOVING_TO_FIELD,Field_6,1,MOVING_TO_FIELD,Field_6,1,MOVING_TO_FIELD,Field_7,1,PROTECTING,Field_7,1,MOVING_TO_FIELD,Field_8,1,MOVING_TO_FIELD,Field_9,1,MOVING_TO_FIELD,Field_9,1,MOVING_TO_FIELD,Field_10,1,PROTECTING,Field_10,1,MOVING_TO_FIELD,Field_10,1,MOVING_TO_FIELD,Field_11,1,MOVING_TO_FIELD,Field_11,1,MOVING_TO_FIELD,Field_12,1,IDLE,,7,0.06,0,2,2,12,0.21,4,2,2,14,0.08,0,1,1,0,0.05,0,0,6,0,0.18,0,0,9,12,0.08,0,3,3,21,0.11,1,1,1,0,0.05,0,1,1,5,0.12,0,2,2,6,0.10,1,2,2,1,0.12,0,2,2,10,0.05,0,1,1
163,88,1,0,6,0,17,0,1,PROTECTING,Field_2,1,PROTECTING,Field_2,1,PROTECTING,Field_2,1,MOVING_TO_FIELD,Field_1,1,MOVING_TO_FIELD,Field_1,1,MOVING_TO_FIELD,Field_2,1,PROTECTING,Field_2,1,MOVING_TO_FIELD,Field_3,1,MOVING_TO_FIELD,Field_2,1,MOVING_TO_FIELD,Field_6,1,MOVING_TO_FIELD,Field_6,1,MOVING_TO_FIELD,Field_6,1,MOVING_TO_FIELD,Field_7,1,PROTECTING,Field_7,1,MOVING_TO_FIELD,Field_8,1,MOVING_TO_FIELD,Field_9,1,MOVING_TO_FIELD,Field_9,1,MOVING_TO_FIELD,Field_10,1,PROTECTING,Field_10,1,MOVING_TO_FIELD,Field_10,1,MOVING_TO_FIELD,Field_11,1,MOVING_TO_FIELD,Field_11,1,MOVING_TO_FIELD,Field_12,1,IDLE,,7,0.06,0,2,2,12,0.21,4,2,2,14,0.09,0,1,1,0,0.05,0,0,6,0,0.18,0,0,9,12,0.07,0,3,3,21,0.11,1,1,1,0,0.05,0,1,1,5,0.12,0,2,2,6,0.08,1,2,2,1,0.12,0,2,2,10,0.05,0,1,1
164,88,1,0,6,0,17,0,1,PROTECTING,Field_2,1,PROTECTING,Field_2,1,PROTECTING,Field_2,1,MOVING_TO_FIELD,Field_1,1,MOVING_TO_FIELD,Field_1,1,MOVING_TO_FIELD,Field_2,1,PROTECTING,Field_2,1,MOVING_TO_FIELD,Field_3,1,MOVING_TO_FIELD,Field_2,1,MOVING_TO_FIELD,Field_6,1,MOVING_TO_FIELD,Field_6,1,MOVING_TO_FIELD,Field_6,1,MOVING_TO_FIELD,Field_7,1,PROTECTING,Field_7,1,MOVING_TO_FIELD,Field_8,1,MOVING_TO_FIELD,Field_9,1,MOVING_TO_FIELD,Field_9,1,MOVING_TO_FIELD,Field_10,1,PROTECTING,Field_10,1,MOVING_TO_FIELD,Field_10,1,MOVING_TO_FIELD,Field_11,1,MOVING_TO_FIELD,Field_11,1,MOVING_TO_FIELD,Field_12,1,IDLE,,7,0.06,0,2,2,12,0.21,4,2,2,14,0.08,0,1,1,0,0.07,0,0,6,0,0.18,0,0,9,12,0.06,0,3,3,21,0.10,1,1,1,0,0.05,0,1,1,5,0.12,0,2,2,6,0.08,1,2,2,1,0.14,0,2,2,10,0.05,0,1,1
165,88,1,0,7,0,16,0,1,PROTECTING,Field_2,1,PROTECTING,Field_2,1,PROTECTING,Field_2,1,MOVING_TO_FIELD,Field_1,1,MOVING_TO_FIELD,Field_1,1,MOVING_TO_FIELD,Field_2,1,PROTECTING,Field_2,1,MOVING_TO_FIELD,Field_3,1,MOVING_TO_FIELD,Field_2,1,MOVING_TO_FIELD,Field_6,1,MOVING_TO_FIELD,Field_6,1,MOVING_TO_FIELD,Field_6,1,MOVING_TO_FIELD,Field_7,1,PROTECTING,Field_7,1,MOVING_TO_FIELD,Field_8,1,MOVING_TO_FIELD,Field_9,1,MOVING_TO_FIELD,Field_9,1,MOVING_TO_FIELD,Field_10,1,PROTECTING,Field_10,1,MOVING_TO_FIELD,Field_10,1,PROTECTING,Field_11,1,MOVING_TO_FIELD,Field_11,1,MOVING_TO_FIELD,Field_12,1,IDLE,,7,0.06,0,2,2,12,0.21,4,2,2,14,0.08,0,1,1,0,0.07,0,0,6,0,0.18,0,0,9,12,0.08,0,3,3,21,0.10,1,1,1,0,0.02,0,1,1,5,0.11,0,2,2,6,0.08,1,2,2,1,0.14,1,1,1,10,0.05,0,1,1
166,88,1,0,8,0,15,0,1,PROTECTING,Field_2,1,PROTECTING,Field_2,1,PROTECTING,Field_2,1,MOVING_TO_FIELD,Field_1,1,MOVING_TO_FIELD,Field_1,1,MOVING_TO_FIELD,Field_2,1,PROTECTING,Field_2,1,MOVING_TO_FIELD,Field_3,1,MOVING_TO_FIELD,Field_2,1,MOVING_TO_FIELD,Field_6,1,MOVING_TO_FIELD,Field_6,1,MOVING_TO_FIELD,Field_6,1,MOVING_TO_FIELD,Field_7,1,PROTECTING,Field_7,1,MOVING_TO_FIELD,Field_8,1,PROTECTING,Field_9,1,MOVING_TO_FIELD,Field_9,1,MOVING_TO_FIELD,Field_10,1,PROTECTING,Field_10,1,MOVING_TO_FIELD,Field_10,1,PROTECTING,Field_11,1,MOVING_TO_FIELD,Field_11,1,MOVING_TO_FIELD,Field_12,1,IDLE,,7,0.06,0,2,2,12,0.20,4,2,2,14,0.07,0,1,1,0,0.07,0,0,6,0,0.18,0,0,9,12,0.08,0,3,3,21,0.09,1,1,1,0,0.02,0,1,1,5,0.11,1,1,1,6,0.10,1,2,2,1,0.14,1,1,1,10,0.05,0,1,1
167,88,1,0,8,0,15,0,1,PROTECTING,Field_2,1,PROTECTING,Field_2,1,PROTECTING,Field_2,1,MOVING_TO_FIELD,Field_1,1,MOVING_TO_FIELD,Field_1,1,MOVING_TO_FIELD,Field_2,1,PROTECTING,Field_2,1,MOVING_TO_FIELD,Field_3,1,MOVING_TO_FIELD,Field_2,1,MOVING_TO_FIELD,Field_6,1,MOVING_TO_FIELD,Field_6,1,MOVING_TO_FIELD,Field_6,1,MOVING_TO_FIELD,Field_7,1,PROTECTING,Field_7,1,MOVING_TO_FIELD,Field_8,1,PROTECTING,Field_9,1,MOVING_TO_FIELD,Field_9,1,MOVING_TO_FIELD,Field_10,1,PROTECTING,Field_10,1,MOVING_TO_FIELD,Field_10,1,PROTECTING,Field_11,1,MOVING_TO_FIELD,Field_11,1,MOVING_TO_FIELD,Field_12,1,IDLE,,7,0.06,0,2,2,12,0.19,4,2,2,14,0.08,0,1,1,0,0.07,0,0,6,0,0.18,0,0,9,12,0.08,0,3,3,21,0.09,1,1,1,0,0.02,0,1,1,5,0.13,1,1,1,6,0.10,1,2,2,1,0.14,1,1,1,10,0.05,0,1,1
168,88,1,0,9,0,14,0,1,PROTECTING,Field_2,1,PROTECTING,Field_2,1,PROTECTING,Field_2,1,MOVING_TO_FIELD,Field_1,1,MOVING_TO_FIELD,Field_1,1,MOVING_TO_FIELD,Field_2,1,PROTECTING,Field_2,1,MOVING_TO_FIELD,Field_3,1,PROTECTING,Field_2,1,MOVING_TO_FIELD,Field_6,1,MOVING_TO_FIELD,Field_6,1,MOVING_TO_FIELD,Field_6,1,MOVING_TO_FIELD,Field_7,1,PROTECTING,Field_7,1,MOVING_TO_FIELD,Field_8,1,PROTECTING,Field_9,1,MOVING_TO_FIELD,Field_9,1,MOVING_TO_FIELD,Field_10,1,PROTECTING,Field_10,1,MOVING_TO_FIELD,Field_10,1,PROTECTING,Field_11,1,MOVING_TO_FIELD,Field_11,1,MOVING_TO_FIELD,Field_12,1,IDLE,,7,0.08,0,2,2,12,0.16,5,1,1,14,0.07,0,1,1,0,0.07,0,0,6,0,0.19,0,0,9,12,0.08,0,3,3,21,0.08,1,1,1,0,0.02,0,1,1,5,0.13,1,1,1,6,0.08,1,2,2,1,0.14,1,1,1,10,0.05,0,1,1
169,88,1,0,10,0,13,0,1,PROTECTING,Field_2,1,PROTECTING,Field_2,1,PROTECTING,Field_2,1,MOVING_TO_FIELD,Field_1,1,MOVING_TO_FIELD,Field_1,1,PROTECTING,Field_2,1,PROTECTING,Field_2,1,MOVING_TO_FIELD,Field_3,1,PROTECTING,Field_2,1,MOVING_TO_FIELD,Field_6,1,MOVING_TO_FIELD,Field_6,1,MOVING_TO_FIELD,Field_6,1,MOVING_TO_FIELD,Field_7,1,PROTECTING,Field_7,1,MOVING_TO_FIELD,Field_8,1,PROTECTING,Field_9,1,MOVING_TO_FIELD,Field_9,1,MOVING_TO_FIELD,Field_10,1,PROTECTING,Field_10,1,MOVING_TO_FIELD,Field_10,1,PROTECTING,Field_11,1,MOVING_TO_FIELD,Field_11,1,MOVING_TO_FIELD,Field_12,1,IDLE,,7,0.10,0,2,2,12,0.17,6,0,0,14,0.07,0,1,1,0,0.07,0,0,6,0,0.19,0,0,9,12,0.08,0,3,3,21,0.07,1,1,1,0,0.02,0,1,1,5,0.13,1,1,1,6,0.07,1,2,2,1,0.14,1,1,1,10,0.05,0,1,1
170,88,1,0,11,0,12,0,1,PROTECTING,Field_2,1,PROTECTING,Field_2,1,PROTECTING,Field_2,1,MOVING_TO_FIELD,Field_1,1,MOVING_TO_FIELD,Field_1,1,PROTECTING,Field_2,1,PROTECTING,Field_2,1,MOVING_TO_FIELD,Field_3,1,PROTECTING,Field_2,1,MOVING_TO_FIELD,Field_6,1,MOVING_TO_FIELD,Field_6,1,PROTECTING,Field_6,1,MOVING_TO_FIELD,Field_7,1,PROTECTING,Field_7,1,MOVING_TO_FIELD,Field_8,1,PROTECTING,Field_9,1,MOVING_TO_FIELD,Field_9,1,MOVING_TO_FIELD,Field_10,1,PROTECTING,Field_10,1,MOVING_TO_FIELD,Field_10,1,PROTECTING,Field_11,1,MOVING_TO_FIELD,Field_11,1,MOVING_TO_FIELD,Field_12,1,IDLE,,7,0.10,0,2,2,12,0.17,6,0,0,14,0.07,0,1,1,0,0.07,0,0,6,0,0.18,0,0,9,12,0.08,1,2,2,21,0.07,1,1,1,0,0.02,0,1,1,5,0.15,1,1,1,6,0.07,1,2,2,1,0.14,1,1,1,10,0.08,0,1,1
171,88,0,0,9,0,15,0,1,PROTECTING,Field_2,1,PROTECTING,Field_2,1,PROTECTING,Field_2,1,PROTECTING,Field_1,1,MOVING_TO_FIELD,Field_1,1,PROTECTING,Field_2,1,PROTECTING,Field_2,1,MOVING_TO_FIELD,Field_5,1,PROTECTING,Field_2,1,MOVING_TO_FIELD,Field_5,1,MOVING_TO_FIELD,Field_5,1,MOVING_TO_FIELD,Field_5,1,MOVING_TO_FIELD,Field_5,1,MOVING_TO_FIELD,Field_5,1,MOVING_TO_FIELD,Field_5,1,PROTECTING,Field_9,1,MOVING_TO_FIELD,Field_9,1,MOVING_TO_FIELD,Field_5,1,MOVING_TO_FIELD,Field_5,1,MOVING_TO_FIELD,Field_6,1,PROTECTING,Field_11,1,MOVING_TO_FIELD,Field_11,1,MOVING_TO_FIELD,Field_6,1,MOVING_TO_FIELD,Field_6,7,0.10,1,1,1,12,0.21,6,0,0,14,0.07,0,0,1,0,0.07,0,0,6,0,0.18,0,9,9,12,0.05,0,3,3,21,0.07,0,0,2,0,0.02,0,0,1,5,0.15,1,1,1,6,0.07,0,0,3,1,0.14,1,1,1,10,0.08,0,0,1
172,88,0,0,9,0,15,0,1,PROTECTING,Field_2,1,PROTECTING,Field_2,1,PROTECTING,Field_2,1,PROTECTING,Field_1,1,MOVING_TO_FIELD,Field_1,1,PROTECTING,Field_2,1,PROTECTING,Field_2,1,MOVING_TO_FIELD,Field_5,1,PROTECTING,Field_2,1,MOVING_TO_FIELD,Field_5,1,MOVING_TO_FIELD,Field_5,1,MOVING_TO_FIELD,Field_5,1,MOVING_TO_FIELD,Field_5,1,MOVING_TO_FIELD,Field_5,1,MOVING_TO_FIELD,Field_5,1,PROTECTING,Field_9,1,MOVING_TO_FIELD,Field_9,1,MOVING_TO_FIELD,Field_5,1,MOVING_TO_FIELD,Field_5,1,MOVING_TO_FIELD,Field_6,1,PROTECTING,Field_11,1,MOVING_TO_FIELD,Field_11,1,MOVING_TO_FIELD,Field_6,1,MOVING_TO_FIELD,Field_6,7,0.10,1,1,1,12,0.20,6,0,0,14,0.07,0,0,1,0,0.07,0,0,6,0,0.18,0,9,9,12,0.05,0,3,3,21,0.08,0,0,2,0,0.02,0,0,1,5,0.15,1,1,1,6,0.07,0,0,3,1,0.14,1,1,1,10,0.08,0,0,1
173,89,0,0,10,0,14,0,1,PROTECTING,Field_2,1,PROTECTING,Field_2,1,PROTECTING,Field_2,1,PROTECTING,Field_1,1,MOVING_TO_FIELD,Field_1,1,PROTECTING,Field_2,1,PROTECTING,Field_2,1,MOVING_TO_FIELD,Field_5,1,PROTECTING,Field_2,1,PROTECTING,Field_5,1,MOVING_TO_FIELD,Field_5,1,MOVING_TO_FIELD,Field_5,1,MOVING_TO_FIELD,Field_5,1,MOVING_TO_FIELD,Field_5,1,MOVING_TO_FIELD,Field_5,1,PROTECTING,Field_9,1,MOVING_TO_FIELD,Field_9,1,MOVING_TO_FIELD,Field_5,1,MOVING_TO_FIELD,Field_5,1,MOVING_TO_FIELD,Field_6,1,PROTECTING,Field_11,1,MOVING_TO_FIELD,Field_11,1,MOVING_TO_FIELD,Field_6,1,MOVING_TO_FIELD,Field_6,7,0.10,1,1,1,12,0.18,6,0,0,14,0.07,0,0,1,0,0.07,0,0,6,0,0.19,1,8,8,12,0.06,0,3,3,21,0.08,0,0,2,0,0.02,0,0,1,6,0.15,1,1,1,6,0.07,0,0,3,1,0.16,1,1,1,10,0.08,0,0,1
174,89,0,0,11,0,13,0,1,PROTECTING,Field_2,1,PROTECTING,Field_2,1,PROTECTING,Field_2,1,PROTECTING,Field_1,1,MOVING_TO_FIELD,Field_1,1,PROTECTING,Field_2,1,PROTECTING,Field_2,1,MOVING_TO_FIELD,Field_5,1,PROTECTING,Field_2,1,PROTECTING,Field_5,1,PROTECTING,Field_5,1,MOVING_TO_FIELD,Field_5,1,MOVING_TO_FIELD,Field_5,1,MOVING_TO_FIELD,Field_5,1,MOVING_TO_FIELD,Field_5,1,PROTECTING,Field_9,1,MOVING_TO_FIELD,Field_9,1,MOVING_TO_FIELD,Field_5,1,MOVING_TO_FIELD,Field_5,1,MOVING_TO_FIELD,Field_6,1,PROTECTING,Field_11,1,MOVING_TO_FIELD,Field_11,1,MOVING_TO_FIELD,Field_6,1,MOVING_TO_FIELD,Field_6,7,0.10,1,1,1,12,0.18,6,0,0,14,0.07,0,0,1,0,0.08,0,0,6,0,0.19,2,7,7,12,0.06,0,3,3,21,0.07,0,0,2,0,0.02,0,0,1,6,0.15,1,1,1,6,0.07,0,0,3,1,0.16,1,1,1,10,0.08,0,0,1
175,90,0,0,11,0,13,0,1,PROTECTING,Field_2,1,PROTECTING,Field_2,1,PROTECTING,Field_2,1,PROTECTING,Field_1,1,MOVING_TO_FIELD,Field_1,1,PROTECTING,Field_2,1,PROTECTING,Field_2,1,MOVING_TO_FIELD,Field_5,1,PROTECTING,Field_2,1,PROTECTING,Field_5,1,PROTECTING,Field_5,1,MOVING_TO_FIELD,Field_5,1,MOVING_TO_FIELD,Field_5,1,MOVING_TO_FIELD,Field_5,1,MOVING_TO_FIELD,Field_5,1,PROTECTING,Field_9,1,MOVING_TO_FIELD,Field_9,1,MOVING_TO_FIELD,Field_5,1,MOVING_TO_FIELD,Field_5,1,MOVING_TO_FIELD,Field_6,1,PROTECTING,Field_11,1,MOVING_TO_FIELD,Field_11,1,MOVING_TO_FIELD,Field_6,1,MOVING_TO_FIELD,Field_6,7,0.11,1,1,1,12,0.18,6,0,0,14,0.05,0,0,1,0,0.08,0,0,6,0,0.20,2,7,7,12,0.06,0,3,3,21,0.07,0,0,2,0,0.02,0,0,1,7,0.15,1,1,1,6,0.07,0,0,3,1,0.16,1,1,1,10,0.08,0,0,1
176,91,0,0,11,0,13,0,1,PROTECTING,Field_2,1,PROTECTING,Field_2,1,PROTECTING,Field_2,1,PROTECTING,Field_1,1,MOVING_TO_FIELD,Field_1,1,PROTECTING,Field_2,1,PROTECTING,Field_2,1,MOVING_TO_FIELD,Field_5,1,PROTECTING,Field_2,1,PROTECTING,Field_5,1,PROTECTING,Field_5,1,MOVING_TO_FIELD,Field_5,1,MOVING_TO_FIELD,Field_5,1,MOVING_TO_FIELD,Field_5,1,MOVING_TO_FIELD,Field_5,1,PROTECTING,Field_9,1,MOVING_TO_FIELD,Field_9,1,MOVING_TO_FIELD,Field_5,1,MOVING_TO_FIELD,Field_5,1,MOVING_TO_FIELD,Field_6,1,PROTECTING,Field_11,1,MOVING_TO_FIELD,Field_11,1,MOVING_TO_FIELD,Field_6,1,MOVING_TO_FIELD,Field_6,7,0.11,1,1,1,12,0.17,6,0,0,14,0.04,0,0,1,0,0.08,0,0,6,0,0.20,2,7,7,12,0.06,0,3,3,21,0.08,0,0,2,0,0.02,0,0,1,8,0.15,1,1,1,6,0.07,0,0,3,1,0.14,1,1,1,10,0.10,0,0,1
177,92,0,0,11,0,13,0,1,PROTECTING,Field_2,1,PROTECTING,Field_2,1,PROTECTING,Field_2,1,PROTECTING,Field_1,1,MOVING_TO_FIELD,Field_1,1,PROTECTING,Field_2,1,PROTECTING,Field_2,1,MOVING_TO_FIELD,Field_5,1,PROTECTING,Field_2,1,PROTECTING,Field_5,1,PROTECTING,Field_5,1,MOVING_TO_FIELD,Field_5,1,MOVING_TO_FIELD,Field_5,1,MOVING_TO_FIELD,Field_5,1,MOVING_TO_FIELD,Field_5,1,PROTECTING,Field_9,1,MOVING_TO_FIELD,Field_9,1,MOVING_TO_FIELD,Field_5,1,MOVING_TO_FIELD,Field_5,1,MOVING_TO_FIELD,Field_6,1,PROTECTING,Field_11,1,MOVING_TO_FIELD,Field_11,1,MOVING_TO_FIELD,Field_6,1,MOVING_TO_FIELD,Field_6,7,0.11,1,1,1,12,0.17,6,0,0,14,0.03,0,0,1,0,0.07,0,0,6,0,0.20,2,7,7,12,0.06,0,3,3,21,0.09,0,0,2,0,0.02,0,0,1,8,0.15,1,1,1,6,0.05,0,0,3,2,0.14,1,1,1,10,0.10,0,0,1
178,92,0,0,12,0,12,0,1,PROTECTING,Field_2,1,PROTECTING,Field_2,1,PROTECTING,Field_2,1,PROTECTING,Field_1,1,MOVING_TO_FIELD,Field_1,1,PROTECTING,Field_2,1,PROTECTING,Field_2,1,MOVING_TO_FIELD,Field_5,1,PROTECTING,Field_2,1,PROTECTING,Field_5,1,PROTECTING,Field_5,1,MOVING_TO_FIELD,Field_5,1,PROTECTING,Field_5,1,MOVING_TO_FIELD,Field_5,1,MOVING_TO_FIELD,Field_5,1,PROTECTING,Field_9,1,MOVING_TO_FIELD,Field_9,1,MOVING_TO_FIELD,Field_5,1,MOVING_TO_FIELD,Field_5,1,MOVING_TO_FIELD,Field_6,1,PROTECTING,Field_11,1,MOVING_TO_FIELD,Field_11,1,MOVING_TO_FIELD,Field_6,1,MOVING_TO_FIELD,Field_6,7,0.13,1,1,1,12,0.18,6,0,0,14,0.03,0,0,1,0,0.08,0,0,6,0,0.20,3,6,6,12,0.06,0,3,3,21,0.09,0,0,2,0,0.02,0,0,1,8,0.15,1,1,1,6,0.05,0,0,3,2,0.11,1,1,1,10,0.10,0,0,1
179,92,0,0,14,0,10,0,1,PROTECTING,Field_2,1,PROTECTING,Field_2,1,PROTECTING,Field_2,1,PROTECTING,Field_1,1,PROTECTING,Field_1,1,PROTECTING,Field_2,1,PROTECTING,Field_2,1,MOVING_TO_FIELD,Field_5,1,PROTECTING,Field_2,1,PROTECTING,Field_5,1,PROTECTING,Field_5,1,MOVING_TO_FIELD,Field_5,1,PROTECTING,Field_5,1,MOVING_TO_FIELD,Field_5,1,MOVING_TO_FIELD,Field_5,1,PROTECTING,Field_9,1,MOVING_TO_FIELD,Field_9,1,PROTECTING,Field_5,1,MOVING_TO_FIELD,Field_5,1,MOVING_TO_FIELD,Field_6,1,PROTECTING,Field_11,1,MOVING_TO_FIELD,Field_11,1,MOVING_TO_FIELD,Field_6,1,MOVING_TO_FIELD,Field_6,7,0.15,2,0,0,12,0.15,6,0,0,14,0.03,0,0,1,0,0.08,0,0,6,0,0.20,4,5,5,12,0.07,0,3,3,21,0.10,0,0,2,0,0.02,0,0,1,8,0.12,1,1,1,6,0.05,0,0,3,2,0.11,1,1,1,10,0.10,0,0,1
180,94,0,0,15,0,9,0,1,PROTECTING,Field_2,1,PROTECTING,Field_2,1,PROTECTING,Field_2,1,PROTECTING,Field_1,1,PROTECTING,Field_1,1,PROTECTING,Field_2,1,PROTECTING,Field_2,1,MOVING_TO_FIELD,Field_5,1,PROTECTING,Field_2,1,PROTECTING,Field_5,1,PROTECTING,Field_5,1,MOVING_TO_FIELD,Field_5,1,PROTECTING,Field_5,1,MOVING_TO_FIELD,Field_5,1,MOVING_TO_FIELD,Field_5,1,PROTECTING,Field_9,1,PROTECTING,Field_9,1,PROTECTING,Field_5,1,MOVING_TO_FIELD,Field_5,1,MOVING_TO_FIELD,Field_6,1,PROTECTING,Field_11,1,MOVING_TO_FIELD,Field_11,1,MOVING_TO_FIELD,Field_6,1,MOVING_TO_FIELD,Field_6,7,0.15,2,0,0,12,0.16,6,0,0,14,0.04,0,0,1,0,0.08,0,0,6,0,0.20,4,5,5,12,0.08,0,3,3,21,0.10,0,0,2,0,0.05,0,0,1,8,0.10,2,0,0,6,0.05,0,0,3,3,0.11,1,1,1,11,0.13,0,0,1
181,95,0,0,15,0,9,0,1,PROTECTING,Field_2,1,PROTECTING,Field_2,1,PROTECTING,Field_2,1,PROTECTING,Field_1,1,PROTECTING,Field_1,1,PROTECTING,Field_2,1,PROTECTING,Field_2,1,MOVING_TO_FIELD,Field_5,1,PROTECTING,Field_2,1,PROTECTING,Field_5,1,PROTECTING,Field_5,1,MOVING_TO_FIELD,Field_5,1,PROTECTING,Field_5,1,MOVING_TO_FIELD,Field_5,1,MOVING_TO_FIELD,Field_5,1,PROTECTING,Field_9,1,PROTECTING,Field_9,1,PROTECTING,Field_5,1,MOVING_TO_FIELD,Field_5,1,MOVING_TO_FIELD,Field_7,1,PROTECTING,Field_11,1,MOVING_TO_FIELD,Field_11,1,MOVING_TO_FIELD,Field_7,1,MOVING_TO_FIELD,Field_12,7,0.13,2,0,0,12,0.16,6,0,0,14,0.04,0,0,1,0,0.09,0,0,6,0,0.20,4,5,5,12,0.08,0,0,3,21,0.11,0,2,2,0,0.05,0,0,1,8,0.09,2,0,0,6,0.05,0,0,3,3,0.11,1,1,1,12,0.13,0,1,1
182,95,0,0,15,0,9,0,1,PROTECTING,Field_2,1,PROTECTING,Field_2,1,PROTECTING,Field_2,1,PROTECTING,Field_1,1,PROTECTING,Field_1,1,PROTECTING,Field_2,1,PROTECTING,Field_2,1,MOVING_TO_FIELD,Field_5,1,PROTECTING,Field_2,1,PROTECTING,Field_5,1,PROTECTING,Field_5,1,MOVING_TO_FIELD,Field_5,1,PROTECTING,Field_5,1,MOVING_TO_FIELD,Field_5,1,MOVING_TO_FIELD,Field_5,1,PROTECTING,Field_9,1,PROTECTING,Field_9,1,PROTECTING,Field_5,1,MOVING_TO_FIELD,Field_5,1,MOVING_TO_FIELD,Field_7,1,PROTECTING,Field_11,1,MOVING_TO_FIELD,Field_11,1,MOVING_TO_FIELD,Field_7,1,MOVING_TO_FIELD,Field_12,7,0.15,2,0,0,12,0.16,6,0,0,14,0.04,0,0,1,0,0.09,0,0,6,0,0.19,4,5,5,12,0.08,0,0,3,21,0.11,0,2,2,0,0.05,0,0,1,8,0.07,2,0,0,6,0.07,0,0,3,3,0.09,1,1,1,12,0.13,0,1,1
183,95,0,0,16,0,8,0,1,PROTECTING,Field_2,1,PROTECTING,Field_2,1,PROTECTING,Field_2,1,PROTECTING,Field_1,1,PROTECTING,Field_1,1,PROTECTING,Field_2,1,PROTECTING,Field_2,1,MOVING_TO_FIELD,Field_5,1,PROTECTING,Field_2,1,PROTECTING,Field_5,1,PROTECTING,Field_5,1,MOVING_TO_FIELD,Field_5,1,PROTECTING,Field_5,1,PROTECTING,Field_5,1,MOVING_TO_FIELD,Field_5,1,PROTECTING,Field_9,1,PROTECTING,Field_9,1,PROTECTING,Field_5,1,MOVING_TO_FIELD,Field_5,1,MOVING_TO_FIELD,Field_7,1,PROTECTING,Field_11,1,MOVING_TO_FIELD,Field_11,1,MOVING_TO_FIELD,Field_7,1,MOVING_TO_FIELD,Field_12,7,0.15,2,0,0,12,0.16,6,0,0,14,0.04,0,0,1,0,0.09,0,0,6,0,0.19,5,4,4,12,0.08,0,0,3,21,0.12,0,2,2,0,0.05,0,0,1,8,0.07,2,0,0,6,0.07,0,0,3,3,0.09,1,1,1,12,0.13,0,1,1
184,95,0,0,16,0,8,0,1,PROTECTING,Field_2,1,PROTECTING,Field_2,1,PROTECTING,Field_2,1,PROTECTING,Field_1,1,PROTECTING,Field_1,1,PROTECTING,Field_2,1,PROTECTING,Field_2,1,MOVING_TO_FIELD,Field_5,1,PROTECTING,Field_2,1,PROTECTING,Field_5,1,PROTECTING,Field_5,1,MOVING_TO_FIELD,Field_5,1,PROTECTING,Field_5,1,PROTECTING,Field_5,1,MOVING_TO_FIELD,Field_5,1,PROTECTING,Field_9,1,PROTECTING,Field_9,1,PROTECTING,Field_5,1,MOVING_TO_FIELD,Field_5,1,MOVING_TO_FIELD,Field_7,1,PROTECTING,Field_11,1,MOVING_TO_FIELD,Field_11,1,MOVING_TO_FIELD,Field_7,1,MOVING_TO_FIELD,Field_12,7,0.15,2,0,0,12,0.17,6,0,0,14,0.04,0,0,1,0,0.09,0,0,6,0,0.19,5,4,4,12,0.08,0,0,3,21,0.12,0,2,2,0,0.05,0,0,1,8,0.08,2,0,0,6,0.07,0,0,3,3,0.11,1,1,1,12,0.13,0,1,1
185,95,0,0,17,0,7,0,1,PROTECTING,Field_2,1,PROTECTING,Field_2,1,PROTECTING,Field_2,1,PROTECTING,Field_1,1,PROTECTING,Field_1,1,PROTECTING,Field_2,1,PROTECTING,Field_2,1,MOVING_TO_FIELD,Field_5,1,PROTECTING,Field_2,1,PROTECTING,Field_5,1,PROTECTING,Field_5,1,MOVING_TO_FIELD,Field_5,1,PROTECTING,Field_5,1,PROTECTING,Field_5,1,MOVING_TO_FIELD,Field_5,1,PROTECTING,Field_9,1,PROTECTING,Field_9,1,PROTECTING,Field_5,1,MOVING_TO_FIELD,Field_5,1,MOVING_TO_FIELD,Field_7,1,PROTECTING,Field_11,1,PROTECTING,Field_11,1,MOVING_TO_FIELD,Field_7,1,MOVING_TO_FIELD,Field_12,7,0.10,2,0,0,12,0.18,6,0,0,14,0.04,0,0,1,0,0.09,0,0,6,0,0.19,5,4,4,12,0.08,0,0,3,21,0.13,0,2,2,0,0.07,0,0,1,8,0.05,2,0,0,6,0.07,0,0,3,3,0.11,2,0,0,12,0.13,0,1,1
186,96,0,0,19,0,5,0,1,PROTECTING,Field_2,1,PROTECTING,Field_2,1,PROTECTING,Field_2,1,PROTECTING,Field_1,1,PROTECTING,Field_1,1,PROTECTING,Field_2,1,PROTECTING,Field_2,1,MOVING_TO_FIELD,Field_5,1,PROTECTING,Field_2,1,PROTECTING,Field_5,1,PROTECTING,Field_5,1,PROTECTING,Field_5,1,PROTECTING,Field_5,1,PROTECTING,Field_5,1,PROTECTING,Field_5,1,PROTECTING,Field_9,1,PROTECTING,Field_9,1,PROTECTING,Field_5,1,MOVING_TO_FIELD,Field_5,1,MOVING_TO_FIELD,Field_7,1,PROTECTING,Field_11,1,PROTECTING,Field_11,1,MOVING_TO_FIELD,Field_7,1,MOVING_TO_FIELD,Field_12,7,0.06,2,0,0,12,0.17,6,0,0,14,0.04,0,0,1,0,0.09,0,0,6,0,0.19,7,2,2,12,0.08,0,0,3,21,0.14,0,2,2,0,0.07,0,0,1,8,0.05,2,0,0,6,0.08,0,0,3,3,0.14,2,0,0,13,0.13,0,1,1
187,96,0,0,20,0,4,0,1,PROTECTING,Field_2,1,PROTECTING,Field_2,1,PROTECTING,Field_2,1,PROTECTING,Field_1,1,PROTECTING,Field_1,1,PROTECTING,Field_2,1,PROTECTING,Field_2,1,PROTECTING,Field_5,1,PROTECTING,Field_2,1,PROTECTING,Field_5,1,PROTECTING,Field_5,1,PROTECTING,Field_5,1,PROTECTING,Field_5,1,PROTECTING,Field_5,1,PROTECTING,Field_5,1,PROTECTING,Field_9,1,PROTECTING,Field_9,1,PROTECTING,Field_5,1,MOVING_TO_FIELD,Field_5,1,MOVING_TO_FIELD,Field_7,1,PROTECTING,Field_11,1,PROTECTING,Field_11,1,MOVING_TO_FIELD,Field_7,1,MOVING_TO_FIELD,Field_12,7,0.06,2,0,0,12,0.17,6,0,0,14,0.05,0,0,1,0,0.09,0,0,6,0,0.21,8,1,1,12,0.08,0,0,3,21,0.13,0,2,2,0,0.05,0,0,1,8,0.05,2,0,0,6,0.08,0,0,3,3,0.14,2,0,0,13,0.13,0,1,1
188,96,0,0,20,0,4,0,1,PROTECTING,Field_2,1,PROTECTING,Field_2,1,PROTECTING,Field_2,1,PROTECTING,Field_1,1,PROTECTING,Field_1,1,PROTECTING,Field_2,1,PROTECTING,Field_2,1,PROTECTING,Field_5,1,PROTECTING,Field_2,1,PROTECTING,Field_5,1,PROTECTING,Field_5,1,PROTECTING,Field_5,1,PROTECTING,Field_5,1,PROTECTING,Field_5,1,PROTECTING,Field_5,1,PROTECTING,Field_9,1,PROTECTING,Field_9,1,PROTECTING,Field_5,1,MOVING_TO_FIELD,Field_5,1,MOVING_TO_FIELD,Field_7,1,PROTECTING,Field_11,1,PROTECTING,Field_11,1,MOVING_TO_FIELD,Field_7,1,MOVING_TO_FIELD,Field_12,7,0.06,2,0,0,12,0.17,6,0,0,14,0.04,0,0,1,0,0.09,0,0,6,0,0.19,8,1,1,12,0.08,0,0,3,21,0.13,0,2,2,0,0.07,0,0,1,8,0.06,2,0,0,6,0.08,0,0,3,3,0.14,2,0,0,13,0.13,0,1,1
189,96,0,0,21,0,3,0,1,PROTECTING,Field_2,1,PROTECTING,Field_2,1,PROTECTING,Field_2,1,PROTECTING,Field_1,1,PROTECTING,Field_1,1,PROTECTING,Field_2,1,PROTECTING,Field_2,1,PROTECTING,Field_5,1,PROTECTING,Field_2,1,PROTECTING,Field_5,1,PROTECTING,Field_5,1,PROTECTING,Field_5,1,PROTECTING,Field_5,1,PROTECTING,Field_5,1,PROTECTING,Field_5,1,PROTECTING,Field_9,1,PROTECTING,Field_9,1,PROTECTING,Field_5,1,MOVING_TO_FIELD,Field_5,1,MOVING_TO_FIELD,Field_7,1,PROTECTING,Field_11,1,PROTECTING,Field_11,1,PROTECTING,Field_7,1,MOVING_TO_FIELD,Field_12,7,0.06,2,0,0,12,0.18,6,0,0,14,0.04,0,0,1,0,0.09,0,0,6,0,0.18,8,1,1,12,0.08,0,0,3,21,0.13,1,1,1,0,0.07,0,0,1,8,0.05,2,0,0,6,0.08,0,0,3,3,0.14,2,0,0,13,0.13,0,1,1
190,96,0,0,21,0,3,0,1,PROTECTING,Field_2,1,PROTECTING,Field_2,1,PROTECTING,Field_2,1,PROTECTING,Field_1,1,PROTECTING,Field_1,1,PROTECTING,Field_2,1,PROTECTING,Field_2,1,PROTECTING,Field_5,1,PROTECTING,Field_2,1,PROTECTING,Field_5,1,PROTECTING,Field_5,1,PROTECTING,Field_5,1,PROTECTING,Field_5,1,PROTECTING,Field_5,1,PROTECTING,Field_5,1,PROTECTING,Field_9,1,PROTECTING,Field_9,1,PROTECTING,Field_5,1,MOVING_TO_FIELD,Field_5,1,MOVING_TO_FIELD,Field_7,1,PROTECTING,Field_11,1,PROTECTING,Field_11,1,PROTECTING,Field_7,1,MOVING_TO_FIELD,Field_12,7,0.06,2,0,0,12,0.18,6,0,0,14,0.04,0,0,1,0,0.09,0,0,6,0,0.19,8,1,1,12,0.06,0,0,3,21,0.15,1,1,1,0,0.07,0,0,1,8,0.07,2,0,0,6,0.10,0,0,3,3,0.14,2,0,0,13,0.13,0,1,1
191,96,0,0,18,0,6,0,1,PROTECTING,Field_2,1,PROTECTING,Field_2,1,PROTECTING,Field_2,1,MOVING_TO_FIELD,Field_10,1,MOVING_TO_FIELD,Field_10,1,PROTECTING,Field_2,1,PROTECTING,Field_2,1,PROTECTING,Field_5,1,PROTECTING,Field_2,1,PROTECTING,Field_5,1,PROTECTING,Field_5,1,PROTECTING,Field_5,1,PROTECTING,Field_5,1,PROTECTING,Field_5,1,PROTECTING,Field_5,1,MOVING_TO_FIELD,Field_10,1,MOVING_TO_FIELD,Field_8,1,PROTECTING,Field_5,1,MOVING_TO_FIELD,Field_5,1,MOVING_TO_FIELD,Field_7,1,PROTECTING,Field_11,1,PROTECTING,Field_11,1,PROTECTING,Field_7,1,PROTECTING,Field_12,7,0.06,0,0,2,12,0.19,6,0,0,14,0.01,0,0,1,0,0.09,0,0,6,0,0.18,8,1,1,12,0.06,0,0,3,21,0.15,1,1,1,0,0.07,0,1,1,8,0.08,0,0,2,6,0.10,0,3,3,3,0.14,2,0,0,13,0.13,1,0,0
192,96,0,0,19,0,5,0,1,PROTECTING,Field_2,1,PROTECTING,Field_2,1,PROTECTING,Field_2,1,MOVING_TO_FIELD,Field_10,1,MOVING_TO_FIELD,Field_10,1,PROTECTING,Field_2,1,PROTECTING,Field_2,1,PROTECTING,Field_5,1,PROTECTING,Field_2,1,PROTECTING,Field_5,1,PROTECTING,Field_5,1,PROTECTING,Field_5,1,PROTECTING,Field_5,1,PROTECTING,Field_5,1,PROTECTING,Field_5,1,MOVING_TO_FIELD,Field_10,1,MOVING_TO_FIELD,Field_8,1,PROTECTING,Field_5,1,MOVING_TO_FIELD,Field_5,1,PROTECTING,Field_7,1,PROTECTING,Field_11,1,PROTECTING,Field_11,1,PROTECTING,Field_7,1,PROTECTING,Field_12,7,0.06,0,0,2,12,0.19,6,0,0,14,0.01,0,0,1,0,0.09,0,0,6,0,0.18,8,1,1,12,0.06,0,0,3,21,0.14,2,0,0,0,0.07,0,1,1,8,0.06,0,0,2,6,0.11,0,3,3,3,0.12,2,0,0,13,0.13,1,0,0
193,96,0,0,19,0,5,0,1,PROTECTING,Field_2,1,PROTECTING,Field_2,1,PROTECTING,Field_2,1,MOVING_TO_FIELD,Field_10,1,MOVING_TO_FIELD,Field_10,1,PROTECTING,Field_2,1,PROTECTING,Field_2,1,PROTECTING,Field_5,1,PROTECTING,Field_2,1,PROTECTING,Field_5,1,PROTECTING,Field_5,1,PROTECTING,Field_5,1,PROTECTING,Field_5,1,PROTECTING,Field_5,1,PROTECTING,Field_5,1,MOVING_TO_FIELD,Field_10,1,MOVING_TO_FIELD,Field_8,1,PROTECTING,Field_5,1,MOVING_TO_FIELD,Field_5,1,PROTECTING,Field_7,1,PROTECTING,Field_11,1,PROTECTING,Field_11,1,PROTECTING,Field_7,1,PROTECTING,Field_12,7,0.06,0,0,2,12,0.19,6,0,0,14,0.01,0,0,1,0,0.11,0,0,6,0,0.18,8,1,1,12,0.07,0,0,3,21,0.12,2,0,0,0,0.07,0,1,1,8,0.04,0,0,2,6,0.11,0,3,3,3,0.12,2,0,0,13,0.13,1,0,0
194,96,0,0,19,0,5,0,1,PROTECTING,Field_2,1,PROTECTING,Field_2,1,PROTECTING,Field_2,1,MOVING_TO_FIELD,Field_10,1,MOVING_TO_FIELD,Field_10,1,PROTECTING,Field_2,1,PROTECTING,Field_2,1,PROTECTING,Field_5,1,PROTECTING,Field_2,1,PROTECTING,Field_5,1,PROTECTING,Field_5,1,PROTECTING,Field_5,1,PROTECTING,Field_5,1,PROTECTING,Field_5,1,PROTECTING,Field_5,1,MOVING_TO_FIELD,Field_10,1,MOVING_TO_FIELD,Field_8,1,PROTECTING,Field_5,1,MOVING_TO_FIELD,Field_5,1,PROTECTING,Field_7,1,PROTECTING,Field_11,1,PROTECTING,Field_11,1,PROTECTING,Field_7,1,PROTECTING,Field_12,7,0.08,0,0,2,12,0.18,6,0,0,14,0.01,0,0,1,0,0.11,0,0,6,0,0.18,8,1,1,12,0.08,0,0,3,21,0.10,2,0,0,0,0.07,0,1,1,8,0.04,0,0,2,6,0.11,0,3,3,3,0.11,2,0,0,13,0.10,1,0,0
195,96,0,0,19,0,5,0,1,PROTECTING,Field_2,1,PROTECTING,Field_2,1,PROTECTING,Field_2,1,MOVING_TO_FIELD,Field_10,1,MOVING_TO_FIELD,Field_10,1,PROTECTING,Field_2,1,PROTECTING,Field_2,1,PROTECTING,Field_5,1,PROTECTING,Field_2,1,PROTECTING,Field_5,1,PROTECTING,Field_5,1,PROTECTING,Field_5,1,PROTECTING,Field_5,1,PROTECTING,Field_5,1,PROTECTING,Field_5,1,MOVING_TO_FIELD,Field_10,1,MOVING_TO_FIELD,Field_8,1,PROTECTING,Field_5,1,MOVING_TO_FIELD,Field_5,1,PROTECTING,Field_7,1,PROTECTING,Field_11,1,PROTECTING,Field_11,1,PROTECTING,Field_7,1,PROTECTING,Field_12,7,0.08,0,0,2,12,0.17,6,0,0,14,0.01,0,0,1,0,0.11,0,0,6,0,0.18,8,1,1,12,0.08,0,0,3,21,0.11,2,0,0,0,0.07,0,1,1,8,0.05,0,0,2,6,0.11,0,3,3,3,0.11,2,0,0,13,0.08,1,0,0
196,97,0,0,19,0,5,0,1,PROTECTING,Field_2,1,PROTECTING,Field_2,1,PROTECTING,Field_2,1,MOVING_TO_FIELD,Field_10,1,MOVING_TO_FIELD,Field_10,1,PROTECTING,Field_2,1,PROTECTING,Field_2,1,PROTECTING,Field_5,1,PROTECTING,Field_2,1,PROTECTING,Field_5,1,PROTECTING,Field_5,1,PROTECTING,Field_5,1,PROTECTING,Field_5,1,PROTECTING,Field_5,1,PROTECTING,Field_5,1,MOVING_TO_FIELD,Field_10,1,MOVING_TO_FIELD,Field_8,1,PROTECTING,Field_5,1,MOVING_TO_FIELD,Field_5,1,PROTECTING,Field_7,1,PROTECTING,Field_11,1,PROTECTING,Field_11,1,PROTECTING,Field_7,1,PROTECTING,Field_12,7,0.08,0,0,2,12,0.17,6,0,0,14,0.00,0,0,1,0,0.11,0,0,6,0,0.18,8,1,1,13,0.09,0,0,3,21,0.11,2,0,0,0,0.07,0,1,1,8,0.05,0,0,2,6,0.11,0,3,3,3,0.11,2,0,0,13,0.05,1,0,0
197,97,0,0,20,0,4,0,1,PROTECTING,Field_2,1,PROTECTING,Field_2,1,PROTECTING,Field_2,1,MOVING_TO_FIELD,Field_10,1,PROTECTING,Field_10,1,PROTECTING,Field_2,1,PROTECTING,Field_2,1,PROTECTING,Field_5,1,PROTECTING,Field_2,1,PROTECTING,Field_5,1,PROTECTING,Field_5,1,PROTECTING,Field_5,1,PROTECTING,Field_5,1,PROTECTING,Field_5,1,PROTECTING,Field_5,1,MOVING_TO_FIELD,Field_10,1,MOVING_TO_FIELD,Field_8,1,PROTECTING,Field_5,1,MOVING_TO_FIELD,Field_5,1,PROTECTING,Field_7,1,PROTECTING,Field_11,1,PROTECTING,Field_11,1,PROTECTING,Field_7,1,PROTECTING,Field_12,7,0.08,0,0,2,12,0.17,6,0,0,14,0.00,0,0,1,0,0.11,0,0,6,0,0.18,8,1,1,13,0.09,0,0,3,21,0.10,2,0,0,0,0.07,0,1,1,8,0.05,0,0,2,6,0.13,1,2,2,3,0.11,2,0,0,13,0.05,1,0,0
198,97,0,0,20,0,4,0,1,PROTECTING,Field_2,1,PROTECTING,Field_2,1,PROTECTING,Field_2,1,MOVING_TO_FIELD,Field_10,1,PROTECTING,Field_10,1,PROTECTING,Field_2,1,PROTECTING,Field_2,1,PROTECTING,Field_5,1,PROTECTING,Field_2,1,PROTECTING,Field_5,1,PROTECTING,Field_5,1,PROTECTING,Field_5,1,PROTECTING,Field_5,1,PROTECTING,Field_5,1,PROTECTING,Field_5,1,MOVING_TO_FIELD,Field_10,1,MOVING_TO_FIELD,Field_8,1,PROTECTING,Field_5,1,MOVING_TO_FIELD,Field_5,1,PROTECTING,Field_7,1,PROTECTING,Field_11,1,PROTECTING,Field_11,1,PROTECTING,Field_7,1,PROTECTING,Field_12,7,0.08,0,0,2,12,0.15,6,0,0,14,0.03,0,0,1,0,0.11,0,0,6,0,0.17,8,1,1,13,0.09,0,0,3,21,0.07,2,0,0,0,0.10,0,1,1,8,0.05,0,0,2,6,0.13,1,2,2,3,0.11,2,0,0,13,0.03,1,0,0
199,98,0,0,20,0,4,0,1,PROTECTING,Field_2,1,PROTECTING,Field_2,1,PROTECTING,Field_2,1,MOVING_TO_FIELD,Field_10,1,PROTECTING,Field_10,1,PROTECTING,Field_2,1,PROTECTING,Field_2,1,PROTECTING,Field_5,1,PROTECTING,Field_2,1,PROTECTING,Field_5,1,PROTECTING,Field_5,1,PROTECTING,Field_5,1,PROTECTING,Field_5,1,PROTECTING,Field_5,1,PROTECTING,Field_5,1,MOVING_TO_FIELD,Field_10,1,MOVING_TO_FIELD,Field_8,1,PROTECTING,Field_5,1,MOVING_TO_FIELD,Field_5,1,PROTECTING,Field_7,1,PROTECTING,Field_11,1,PROTECTING,Field_11,1,PROTECTING,Field_7,1,PROTECTING,Field_12,7,0.06,0,0,2,12,0.14,6,0,0,14,0.04,0,0,1,0,0.11,0,0,6,0,0.17,8,1,1,13,0.09,0,0,3,21,0.07,2,0,0,1,0.10,0,1,1,8,0.05,0,0,2,6,0.15,1,2,2,3,0.09,2,0,0,13,0.03,1,0,0
200,98,0,0,21,0,3,0,1,PROTECTING,Field_2,1,PROTECTING,Field_2,1,PROTECTING,Field_2,1,PROTECTING,Field_10,1,PROTECTING,Field_10,1,PROTECTING,Field_2,1,PROTECTING,Field_2,1,PROTECTING,Field_5,1,PROTECTING,Field_2,1,PROTECTING,Field_5,1,PROTECTING,Field_5,1,PROTECTING,Field_5,1,PROTECTING,Field_5,1,PROTECTING,Field_5,1,PROTECTING,Field_5,1,MOVING_TO_FIELD,Field_10,1,MOVING_TO_FIELD,Field_8,1,PROTECTING,Field_5,1,MOVING_TO_FIELD,Field_5,1,PROTECTING,Field_7,1,PROTECTING,Field_11,1,PROTECTING,Field_11,1,PROTECTING,Field_7,1,PROTECTING,Field_12,7,0.06,0,0,2,12,0.13,6,0,0,14,0.04,0,0,1,0,0.09,0,0,6,0,0.17,8,1,1,13,0.09,0,0,3,21,0.08,2,0,0,1,0.10,0,1,1,8,0.05,0,0,2,6,0.15,2,1,1,3,0.09,2,0,0,13,0.00,1,0,0
201,99,1,0,21,0,2,0,1,PROTECTING,Field_2,1,PROTECTING,Field_2,1,PROTECTING,Field_2,1,PROTECTING,Field_10,1,PROTECTING,Field_10,1,PROTECTING,Field_2,1,PROTECTING,Field_2,1,PROTECTING,Field_5,1,PROTECTING,Field_2,1,PROTECTING,Field_5,1,PROTECTING,Field_5,1,PROTECTING,Field_5,1,PROTECTING,Field_5,1,PROTECTING,Field_5,1,PROTECTING,Field_5,1,MOVING_TO_FIELD,Field_10,1,MOVING_TO_FIELD,Field_8,1,PROTECTING,Field_5,1,PROTECTING,Field_5,1,PROTECTING,Field_7,1,PROTECTING,Field_11,1,PROTECTING,Field_11,1,PROTECTING,Field_7,1,IDLE,,7,0.05,0,0,2,12,0.13,6,0,0,14,0.04,0,0,1,0,0.09,0,0,6,0,0.17,9,0,0,14,0.09,0,0,3,21,0.09,2,0,0,1,0.10,0,1,1,8,0.05,0,0,2,6,0.13,2,1,1,3,0.11,2,0,0,13,0.00,0,0,1
202,99,1,0,21,0,2,0,1,PROTECTING,Field_2,1,PROTECTING,Field_2,1,PROTECTING,Field_2,1,PROTECTING,Field_10,1,PROTECTING,Field_10,1,PROTECTING,Field_2,1,PROTECTING,Field_2,1,PROTECTING,Field_5,1,PROTECTING,Field_2,1,PROTECTING,Field_5,1,PROTECTING,Field_5,1,PROTECTING,Field_5,1,PROTECTING,Field_5,1,PROTECTING,Field_5,1,PROTECTING,Field_5,1,MOVING_TO_FIELD,Field_10,1,MOVING_TO_FIELD,Field_8,1,PROTECTING,Field_5,1,PROTECTING,Field_5,1,PROTECTING,Field_7,1,PROTECTING,Field_11,1,PROTECTING,Field_11,1,PROTECTING,Field_7,1,IDLE,,7,0.05,0,0,2,12,0.12,6,0,0,14,0.05,0,0,1,0,0.09,0,0,6,0,0.17,9,0,0,14,0.08,0,0,3,21,0.08,2,0,0,1,0.10,0,1,1,8,0.05,0,0,2,6,0.13,2,1,1,3,0.12,2,0,0,13,0.00,0,0,1
203,99,1,0,21,0,2,0,1,PROTECTING,Field_2,1,PROTECTING,Field_2,1,PROTECTING,Field_2,1,PROTECTING,Field_10,1,PROTECTING,Field_10,1,PROTECTING,Field_2,1,PROTECTING,Field_2,1,PROTECTING,Field_5,1,PROTECTING,Field_2,1,PROTECTING,Field_5,1,PROTECTING,Field_5,1,PROTECTING,Field_5,1,PROTECTING,Field_5,1,PROTECTING,Field_5,1,PROTECTING,Field_5,1,MOVING_TO_FIELD,Field_10,1,MOVING_TO_FIELD,Field_8,1,PROTECTING,Field_5,1,PROTECTING,Field_5,1,PROTECTING,Field_7,1,PROTECTING,Field_11,1,PROTECTING,Field_11,1,PROTECTING,Field_7,1,IDLE,,7,0.03,0,0,2,12,0.11,6,0,0,14,0.07,0,0,1,0,0.09,0,0,6,0,0.17,9,0,0,14,0.08,0,0,3,21,0.07,2,0,0,1,0.10,0,1,1,8,0.05,0,0,2,6,0.13,2,1,1,3,0.11,2,0,0,13,0.00,0,0,1
204,100,1,0,21,0,2,0,1,PROTECTING,Field_2,1,PROTECTING,Field_2,1,PROTECTING,Field_2,1,PROTECTING,Field_10,1,PROTECTING,Field_10,1,PROTECTING,Field_2,1,PROTECTING,Field_2,1,PROTECTING,Field_5,1,PROTECTING,Field_2,1,PROTECTING,Field_5,1,PROTECTING,Field_5,1,PROTECTING,Field_5,1,PROTECTING,Field_5,1,PROTECTING,Field_5,1,PROTECTING,Field_5,1,MOVING_TO_FIELD,Field_10,1,MOVING_TO_FIELD,Field_8,1,PROTECTING,Field_5,1,PROTECTING,Field_5,1,PROTECTING,Field_7,1,PROTECTING,Field_11,1,PROTECTING,Field_11,1,PROTECTING,Field_7,1,IDLE,,7,0.03,0,0,2,12,0.10,6,0,0,15,0.07,0,0,1,0,0.07,0,0,6,0,0.16,9,0,0,14,0.08,0,0,3,21,0.07,2,0,0,1,0.10,0,1,1,8,0.05,0,0,2,6,0.13,2,1,1,3,0.11,2,0,0,13,0.00,0,0,1
205,100,1,0,21,0,2,0,1,PROTECTING,Field_2,1,PROTECTING,Field_2,1,PROTECTING,Field_2,1,PROTECTING,Field_10,1,PROTECTING,Field_10,1,PROTECTING,Field_2,1,PROTECTING,Field_2,1,PROTECTING,Field_5,1,PROTECTING,Field_2,1,PROTECTING,Field_5,1,PROTECTING,Field_5,1,PROTECTING,Field_5,1,PROTECTING,Field_5,1,PROTECTING,Field_5,1,PROTECTING,Field_5,1,MOVING_TO_FIELD,Field_10,1,MOVING_TO_FIELD,Field_8,1,PROTECTING,Field_5,1,PROTECTING,Field_5,1,PROTECTING,Field_7,1,PROTECTING,Field_11,1,PROTECTING,Field_11,1,PROTECTING,Field_7,1,IDLE,,7,0.06,0,0,2,12,0.10,6,0,0,15,0.07,0,0,1,0,0.05,0,0,6,0,0.16,9,0,0,14,0.09,0,0,3,21,0.08,2,0,0,1,0.10,0,1,1,8,0.05,0,0,2,6,0.13,2,1,1,3,0.11,2,0,0,13,0.00,0,0,1
206,102,1,0,22,0,1,0,1,PROTECTING,Field_2,1,PROTECTING,Field_2,1,PROTECTING,Field_2,1,PROTECTING,Field_10,1,PROTECTING,Field_10,1,PROTECTING,Field_2,1,PROTECTING,Field_2,1,PROTECTING,Field_5,1,PROTECTING,Field_2,1,PROTECTING,Field_5,1,PROTECTING,Field_5,1,PROTECTING,Field_5,1,PROTECTING,Field_5,1,PROTECTING,Field_5,1,PROTECTING,Field_5,1,PROTECTING,Field_10,1,MOVING_TO_FIELD,Field_8,1,PROTECTING,Field_5,1,PROTECTING,Field_5,1,PROTECTING,Field_7,1,PROTECTING,Field_11,1,PROTECTING,Field_11,1,PROTECTING,Field_7,1,IDLE,,7,0.08,0,0,2,12,0.09,6,0,0,16,0.07,0,0,1,0,0.07,0,0,6,0,0.16,9,0,0,15,0.09,0,0,3,21,0.09,2,0,0,1,0.10,0,1,1,8,0.05,0,0,2,6,0.11,3,0,0,3,0.11,2,0,0,13,0.05,0,0,1
207,103,1,0,22,0,1,0,1,PROTECTING,Field_2,1,PROTECTING,Field_2,1,PROTECTING,Field_2,1,PROTECTING,Field_10,1,PROTECTING,Field_10,1,PROTECTING,Field_2,1,PROTECTING,Field_2,1,PROTECTING,Field_5,1,PROTECTING,Field_2,1,PROTECTING,Field_5,1,PROTECTING,Field_5,1,PROTECTING,Field_5,1,PROTECTING,Field_5,1,PROTECTING,Field_5,1,PROTECTING,Field_5,1,PROTECTING,Field_10,1,MOVING_TO_FIELD,Field_8,1,PROTECTING,Field_5,1,PROTECTING,Field_5,1,PROTECTING,Field_7,1,PROTECTING,Field_11,1,PROTECTING,Field_11,1,PROTECTING,Field_7,1,IDLE,,7,0.06,0,0,2,12,0.09,6,0,0,16,0.07,0,0,1,0,0.07,0,0,6,0,0.15,9,0,0,16,0.11,0,0,3,21,0.09,2,0,0,1,0.10,0,1,1,8,0.06,0,0,2,6,0.13,3,0,0,3,0.07,2,0,0,13,0.05,0,0,1
208,104,1,0,22,0,1,0,1,PROTECTING,Field_2,1,PROTECTING,Field_2,1,PROTECTING,Field_2,1,PROTECTING,Field_10,1,PROTECTING,Field_10,1,PROTECTING,Field_2,1,PROTECTING,Field_2,1,PROTECTING,Field_5,1,PROTECTING,Field_2,1,PROTECTING,Field_5,1,PROTECTING,Field_5,1,PROTECTING,Field_5,1,PROTECTING,Field_5,1,PROTECTING,Field_5,1,PROTECTING,Field_5,1,PROTECTING,Field_10,1,MOVING_TO_FIELD,Field_8,1,PROTECTING,Field_5,1,PROTECTING,Field_5,1,PROTECTING,Field_7,1,PROTECTING,Field_11,1,PROTECTING,Field_11,1,PROTECTING,Field_7,1,IDLE,,7,0.08,0,0,2,12,0.08,6,0,0,16,0.11,0,0,1,0,0.07,0,0,6,0,0.15,9,0,0,17,0.11,0,0,3,21,0.07,2,0,0,1,0.10,0,1,1,8,0.06,0,0,2,6,0.13,3,0,0,3,0.07,2,0,0,13,0.05,0,0,1
209,105,1,0,22,0,1,0,1,PROTECTING,Field_2,1,PROTECTING,Field_2,1,PROTECTING,Field_2,1,PROTECTING,Field_10,1,PROTECTING,Field_10,1,PROTECTING,Field_2,1,PROTECTING,Field_2,1,PROTECTING,Field_5,1,PROTECTING,Field_2,1,PROTECTING,Field_5,1,PROTECTING,Field_5,1,PROTECTING,Field_5,1,PROTECTING,Field_5,1,PROTECTING,Field_5,1,PROTECTING,Field_5,1,PROTECTING,Field_10,1,MOVING_TO_FIELD,Field_8,1,PROTECTING,Field_5,1,PROTECTING,Field_5,1,PROTECTING,Field_7,1,PROTECTING,Field_11,1,PROTECTING,Field_11,1,PROTECTING,Field_7,1,IDLE,,7,0.08,0,0,2,12,0.08,6,0,0,17,0.11,0,0,1,0,0.07,0,0,6,0,0.15,9,0,0,17,0.11,0,0,3,21,0.06,2,0,0,1,0.10,0,1,1,8,0.05,0,0,2,6,0.13,3,0,0,3,0.07,2,0,0,13,0.05,0,0,1
210,106,1,0,22,0,1,0,1,PROTECTING,Field_2,1,PROTECTING,Field_2,1,PROTECTING,Field_2,1,PROTECTING,Field_10,1,PROTECTING,Field_10,1,PROTECTING,Field_2,1,PROTECTING,Field_2,1,PROTECTING,Field_5,1,PROTECTING,Field_2,1,PROTECTING,Field_5,1,PROTECTING,Field_5,1,PROTECTING,Field_5,1,PROTECTING,Field_5,1,PROTECTING,Field_5,1,PROTECTING,Field_5,1,PROTECTING,Field_10,1,MOVING_TO_FIELD,Field_8,1,PROTECTING,Field_5,1,PROTECTING,Field_5,1,PROTECTING,Field_7,1,PROTECTING,Field_11,1,PROTECTING,Field_11,1,PROTECTING,Field_7,1,IDLE,,7,0.08,0,0,2,12,0.07,6,0,0,17,0.11,0,0,1,0,0.07,0,0,6,0,0.15,9,0,0,18,0.11,0,0,3,21,0.06,2,0,0,1,0.10,0,1,1,8,0.05,0,0,2,6,0.13,3,0,0,3,0.07,2,0,0,13,0.05,0,0,1
211,107,1,0,23,0,0,0,1,PROTECTING,Field_2,1,PROTECTING,Field_2,1,PROTECTING,Field_2,1,PROTECTING,Field_10,1,PROTECTING,Field_10,1,PROTECTING,Field_2,1,PROTECTING,Field_2,1,PROTECTING,Field_5,1,PROTECTING,Field_2,1,PROTECTING,Field_5,1,PROTECTING,Field_5,1,PROTECTING,Field_5,1,PROTECTING,Field_5,1,PROTECTING,Field_5,1,PROTECTING,Field_5,1,PROTECTING,Field_10,1,PROTECTING,Field_8,1,PROTECTING,Field_5,1,PROTECTING,Field_5,1,PROTECTING,Field_7,1,PROTECTING,Field_11,1,PROTECTING,Field_11,1,PROTECTING,Field_7,1,IDLE,,8,0.08,0,0,2,12,0.08,6,0,0,17,0.11,0,0,1,0,0.04,0,0,6,0,0.14,9,0,0,18,0.12,0,0,3,21,0.06,2,0,0,1,0.10,1,0,0,8,0.05,0,0,2,6,0.13,3,0,0,3,0.04,2,0,0,13,0.05,0,0,1
212,107,1,0,23,0,0,0,1,PROTECTING,Field_2,1,PROTECTING,Field_2,1,PROTECTING,Field_2,1,PROTECTING,Field_10,1,PROTECTING,Field_10,1,PROTECTING,Field_2,1,PROTECTING,Field_2,1,PROTECTING,Field_5,1,PROTECTING,Field_2,1,PROTECTING,Field_5,1,PROTECTING,Field_5,1,PROTECTING,Field_5,1,PROTECTING,Field_5,1,PROTECTING,Field_5,1,PROTECTING,Field_5,1,PROTECTING,Field_10,1,PROTECTING,Field_8,1,PROTECTING,Field_5,1,PROTECTING,Field_5,1,PROTECTING,Field_7,1,PROTECTING,Field_11,1,PROTECTING,Field_11,1,PROTECTING,Field_7,1,IDLE,,8,0.08,0,0,2,12,0.07,6,0,0,17,0.11,0,0,1,0,0.04,0,0,6,0,0.14,9,0,0,18,0.12,0,0,3,21,0.07,2,0,0,1,0.12,1,0,0,8,0.05,0,0,2,6,0.11,3,0,0,3,0.04,2,0,0,13,0.05,0,0,1
213,107,1,0,23,0,0,0,1,PROTECTING,Field_2,1,PROTECTING,Field_2,1,PROTECTING,Field_2,1,PROTECTING,Field_10,1,PROTECTING,Field_10,1,PROTECTING,Field_2,1,PROTECTING,Field_2,1,PROTECTING,Field_5,1,PROTECTING,Field_2,1,PROTECTING,Field_5,1,PROTECTING,Field_5,1,PROTECTING,Field_5,1,PROTECTING,Field_5,1,PROTECTING,Field_5,1,PROTECTING,Field_5,1,PROTECTING,Field_10,1,PROTECTING,Field_8,1,PROTECTING,Field_5,1,PROTECTING,Field_5,1,PROTECTING,Field_7,1,PROTECTING,Field_11,1,PROTECTING,Field_11,1,PROTECTING,Field_7,1,IDLE,,8,0.08,0,0,2,12,0.07,6,0,0,17,0.09,0,0,1,0,0.03,0,0,6,0,0.12,9,0,0,18,0.12,0,0,3,21,0.06,2,0,0,1,0.15,1,0,0,8,0.05,0,0,2,6,0.10,3,0,0,3,0.05,2,0,0,13,0.05,0,0,1
214,107,1,0,23,0,0,0,1,PROTECTING,Field_2,1,PROTECTING,Field_2,1,PROTECTING,Field_2,1,PROTECTING,Field_10,1,PROTECTING,Field_10,1,PROTECTING,Field_2,1,PROTECTING,Field_2,1,PROTECTING,Field_5,1,PROTECTING,Field_2,1,PROTECTING,Field_5,1,PROTECTING,Field_5,1,PROTECTING,Field_5,1,PROTECTING,Field_5,1,PROTECTING,Field_5,1,PROTECTING,Field_5,1,PROTECTING,Field_10,1,PROTECTING,Field_8,1,PROTECTING,Field_5,1,PROTECTING,Field_5,1,PROTECTING,Field_7,1,PROTECTING,Field_11,1,PROTECTING,Field_11,1,PROTECTING,Field_7,1,IDLE,,8,0.08,0,0,2,12,0.08,6,0,0,17,0.09,0,0,1,0,0.05,0,0,6,0,0.14,9,0,0,18,0.11,0,0,3,21,0.05,2,0,0,1,0.12,1,0,0,8,0.05,0,0,2,6,0.10,3,0,0,3,0.05,2,0,0,13,0.05,0,0,1
215,107,1,0,23,0,0,0,1,PROTECTING,Field_2,1,PROTECTING,Field_2,1,PROTECTING,Field_2,1,PROTECTING,Field_10,1,PROTECTING,Field_10,1,PROTECTING,Field_2,1,PROTECTING,Field_2,1,PROTECTING,Field_5,1,PROTECTING,Field_2,1,PROTECTING,Field_5,1,PROTECTING,Field_5,1,PROTECTING,Field_5,1,PROTECTING,Field_5,1,PROTECTING,Field_5,1,PROTECTING,Field_5,1,PROTECTING,Field_10,1,PROTECTING,Field_8,1,PROTECTING,Field_5,1,PROTECTING,Field_5,1,PROTECTING,Field_7,1,PROTECTING,Field_11,1,PROTECTING,Field_11,1,PROTECTING,Field_7,1,IDLE,,8,0.08,0,0,2,12,0.08,6,0,0,17,0.12,0,0,1,0,0.05,0,0,6,0,0.14,9,0,0,18,0.11,0,0,3,21,0.04,2,0,0,1,0.12,1,0,0,8,0.06,0,0,2,6,0.10,3,0,0,3,0.05,2,0,0,13,0.05,0,0,1
216,109,1,0,23,0,0,0,1,PROTECTING,Field_2,1,PROTECTING,Field_2,1,PROTECTING,Field_2,1,PROTECTING,Field_10,1,PROTECTING,Field_10,1,PROTECTING,Field_2,1,PROTECTING,Field_2,1,PROTECTING,Field_5,1,PROTECTING,Field_2,1,PROTECTING,Field_5,1,PROTECTING,Field_5,1,PROTECTING,Field_5,1,PROTECTING,Field_5,1,PROTECTING,Field_5,1,PROTECTING,Field_5,1,PROTECTING,Field_10,1,PROTECTING,Field_8,1,PROTECTING,Field_5,1,PROTECTING,Field_5,1,PROTECTING,Field_7,1,PROTECTING,Field_11,1,PROTECTING,Field_11,1,PROTECTING,Field_7,1,IDLE,,8,0.08,0,0,2,12,0.08,6,0,0,18,0.12,0,0,1,0,0.07,0,0,6,0,0.14,9,0,0,18,0.09,0,0,3,21,0.04,2,0,0,1,0.12,1,0,0,9,0.08,0,0,2,6,0.10,3,0,0,3,0.05,2,0,0,13,0.05,0,0,1
217,109,1,0,23,0,0,0,1,PROTECTING,Field_2,1,PROTECTING,Field_2,1,PROTECTING,Field_2,1,PROTECTING,Field_10,1,PROTECTING,Field_10,1,PROTECTING,Field_2,1,PROTECTING,Field_2,1,PROTECTING,Field_5,1,PROTECTING,Field_2,1,PROTECTING,Field_5,1,PROTECTING,Field_5,1,PROTECTING,Field_5,1,PROTECTING,Field_5,1,PROTECTING,Field_5,1,PROTECTING,Field_5,1,PROTECTING,Field_10,1,PROTECTING,Field_8,1,PROTECTING,Field_5,1,PROTECTING,Field_5,1,PROTECTING,Field_7,1,PROTECTING,Field_11,1,PROTECTING,Field_11,1,PROTECTING,Field_7,1,IDLE,,8,0.10,0,0,2,12,0.07,6,0,0,18,0.11,0,0,1,0,0.05,0,0,6,0,0.13,9,0,0,18,0.09,0,0,3,21,0.05,2,0,0,1,0.10,1,0,0,9,0.08,0,0,2,6,0.10,3,0,0,3,0.02,2,0,0,13,0.05,0,0,1
218,110,1,0,23,0,0,0,1,PROTECTING,Field_2,1,PROTECTING,Field_2,1,PROTECTING,Field_2,1,PROTECTING,Field_10,1,PROTECTING,Field_10,1,PROTECTING,Field_2,1,PROTECTING,Field_2,1,PROTECTING,Field_5,1,PROTECTING,Field_2,1,PROTECTING,Field_5,1,PROTECTING,Field_5,1,PROTECTING,Field_5,1,PROTECTING,Field_5,1,PROTECTING,Field_5,1,PROTECTING,Field_5,1,PROTECTING,Field_10,1,PROTECTING,Field_8,1,PROTECTING,Field_5,1,PROTECTING,Field_5,1,PROTECTING,Field_7,1,PROTECTING,Field_11,1,PROTECTING,Field_11,1,PROTECTING,Field_7,1,IDLE,,8,0.10,0,0,2,12,0.06,6,0,0,19,0.11,0,0,1,0,0.05,0,0,6,0,0.13,9,0,0,18,0.09,0,0,3,21,0.05,2,0,0,1,0.10,1,0,0,9,0.10,0,0,2,6,0.07,3,0,0,3,0.02,2,0,0,13,0.05,0,0,1
219,111,1,0,23,0,0,0,1,PROTECTING,Field_2,1,PROTECTING,Field_2,1,PROTECTING,Field_2,1,PROTECTING,Field_10,1,PROTECTING,Field_10,1,PROTECTING,Field_2,1,PROTECTING,Field_2,1,PROTECTING,Field_5,1,PROTECTING,Field_2,1,PROTECTING,Field_5,1,PROTECTING,Field_5,1,PROTECTING,Field_5,1,PROTECTING,Field_5,1,PROTECTING,Field_5,1,PROTECTING,Field_5,1,PROTECTING,Field_10,1,PROTECTING,Field_8,1,PROTECTING,Field_5,1,PROTECTING,Field_5,1,PROTECTING,Field_7,1,PROTECTING,Field_11,1,PROTECTING,Field_11,1,PROTECTING,Field_7,1,IDLE,,8,0.11,0,0,2,12,0.04,6,0,0,19,0.11,0,0,1,0,0.05,0,0,6,0,0.13,9,0,0,19,0.11,0,0,3,21,0.05,2,0,0,1,0.10,1,0,0,9,0.10,0,0,2,6,0.10,3,0,0,3,0.02,2,0,0,13,0.05,0,0,1
220,111,1,0,23,0,0,0,1,PROTECTING,Field_2,1,PROTECTING,Field_2,1,PROTECTING,Field_2,1,PROTECTING,Field_10,1,PROTECTING,Field_10,1,PROTECTING,Field_2,1,PROTECTING,Field_2,1,PROTECTING,Field_5,1,PROTECTING,Field_2,1,PROTECTING,Field_5,1,PROTECTING,Field_5,1,PROTECTING,Field_5,1,PROTECTING,Field_5,1,PROTECTING,Field_5,1,PROTECTING,Field_5,1,PROTECTING,Field_10,1,PROTECTING,Field_8,1,PROTECTING,Field_5,1,PROTECTING,Field_5,1,PROTECTING,Field_7,1,PROTECTING,Field_11,1,PROTECTING,Field_11,1,PROTECTING,Field_7,1,IDLE,,8,0.13,0,0,2,12,0.04,6,0,0,19,0.11,0,0,1,0,0.05,0,0,6,0,0.13,9,0,0,19,0.11,0,0,3,21,0.04,2,0,0,1,0.05,1,0,0,9,0.10,0,0,2,6,0.08,3,0,0,3,0.02,2,0,0,13,0.05,0,0,1
221,112,0,0,16,0,8,0,1,MOVING_TO_FIELD,Field_1,1,MOVING_TO_FIELD,Field_1,1,MOVING_TO_FIELD,Field_3,1,PROTECTING,Field_10,1,PROTECTING,Field_10,1,MOVING_TO_FIELD,Field_6,1,MOVING_TO_FIELD,Field_6,1,PROTECTING,Field_5,1,MOVING_TO_FIELD,Field_6,1,PROTECTING,Field_5,1,PROTECTING,Field_5,1,PROTECTING,Field_5,1,PROTECTING,Field_5,1,PROTECTING,Field_5,1,PROTECTING,Field_5,1,PROTECTING,Field_10,1,PROTECTING,Field_8,1,PROTECTING,Field_5,1,PROTECTING,Field_5,1,PROTECTING,Field_7,1,MOVING_TO_FIELD,Field_9,1,MOVING_TO_FIELD,Field_9,1,PROTECTING,Field_7,1,PROTECTING,Field_12,8,0.13,0,2,2,12,0.05,0,0,6,20,0.11,0,1,1,0,0.07,0,0,6,0,0.12,9,0,0,19,0.11,0,3,3,21,0.02,2,0,0,1,0.00,1,0,0,9,0.10,0,2,2,6,0.08,3,0,0,3,0.02,0,0,2,13,0.05,1,0,0
222,113,0,0,16,0,8,0,1,MOVING_TO_FIELD,Field_1,1,MOVING_TO_FIELD,Field_1,1,MOVING_TO_FIELD,Field_3,1,PROTECTING,Field_10,1,PROTECTING,Field_10,1,MOVING_TO_FIELD,Field_6,1,MOVING_TO_FIELD,Field_6,1,PROTECTING,Field_5,1,MOVING_TO_FIELD,Field_6,1,PROTECTING,Field_5,1,PROTECTING,Field_5,1,PROTECTING,Field_5,1,PROTECTING,Field_5,1,PROTECTING,Field_5,1,PROTECTING,Field_5,1,PROTECTING,Field_10,1,PROTECTING,Field_8,1,PROTECTING,Field_5,1,PROTECTING,Field_5,1,PROTECTING,Field_7,1,MOVING_TO_FIELD,Field_9,1,MOVING_TO_FIELD,Field_9,1,PROTECTING,Field_7,1,PROTECTING,Field_12,8,0.13,0,2,2,12,0.06,0,0,6,21,0.09,0,1,1,0,0.07,0,0,6,0,0.14,9,0,0,19,0.12,0,3,3,21,0.02,2,0,0,1,0.00,1,0,0,9,0.11,0,2,2,6,0.07,3,0,0,3,0.04,0,0,2,13,0.05,1,0,0
223,113,0,0,16,0,8,0,1,MOVING_TO_FIELD,Field_1,1,MOVING_TO_FIELD,Field_1,1,MOVING_TO_FIELD,Field_3,1,PROTECTING,Field_10,1,PROTECTING,Field_10,1,MOVING_TO_FIELD,Field_6,1,MOVING_TO_FIELD,Field_6,1,PROTECTING,Field_5,1,MOVING_TO_FIELD,Field_6,1,PROTECTING,Field_5,1,PROTECTING,Field_5,1,PROTECTING,Field_5,1,PROTECTING,Field_5,1,PROTECTING,Field_5,1,PROTECTING,Field_5,1,PROTECTING,Field_10,1,PROTECTING,Field_8,1,PROTECTING,Field_5,1,PROTECTING,Field_5,1,PROTECTING,Field_7,1,MOVING_TO_FIELD,Field_9,1,MOVING_TO_FIELD,Field_9,1,PROTECTING,Field_7,1,PROTECTING,Field_12,8,0.13,0,2,2,12,0.08,0,0,6,21,0.05,0,1,1,0,0.07,0,0,6,0,0.12,9,0,0,19,0.12,0,3,3,21,0.03,2,0,0,1,0.00,1,0,0,9,0.13,0,2,2,6,0.07,3,0,0,3,0.04,0,0,2,13,0.05,1,0,0
224,113,0,0,16,0,8,0,1,MOVING_TO_FIELD,Field_1,1,MOVING_TO_FIELD,Field_1,1,MOVING_TO_FIELD,Field_3,1,PROTECTING,Field_10,1,PROTECTING,Field_10,1,MOVING_TO_FIELD,Field_6,1,MOVING_TO_FIELD,Field_6,1,PROTECTING,Field_5,1,MOVING_TO_FIELD,Field_6,1,PROTECTING,Field_5,1,PROTECTING,Field_5,1,PROTECTING,Field_5,1,PROTECTING,Field_5,1,PROTECTING,Field_5,1,PROTECTING,Field_5,1,PROTECTING,Field_10,1,PROTECTING,Field_8,1,PROTECTING,Field_5,1,PROTECTING,Field_5,1,PROTECTING,Field_7,1,MOVING_TO_FIELD,Field_9,1,MOVING_TO_FIELD,Field_9,1,PROTECTING,Field_7,1,PROTECTING,Field_12,8,0.13,0,2,2,12,0.07,0,0,6,21,0.05,0,1,1,0,0.07,0,0,6,0,0.12,9,0,0,19,0.11,0,3,3,21,0.02,2,0,0,1,0.02,1,0,0,9,0.13,0,2,2,6,0.07,3,0,0,3,0.04,0,0,2,13,0.05,1,0,0
225,113,0,0,16,0,8,0,1,MOVING_TO_FIELD,Field_1,1,MOVING_TO_FIELD,Field_1,1,MOVING_TO_FIELD,Field_3,1,PROTECTING,Field_10,1,PROTECTING,Field_10,1,MOVING_TO_FIELD,Field_6,1,MOVING_TO_FIELD,Field_6,1,PROTECTING,Field_5,1,MOVING_TO_FIELD,Field_6,1,PROTECTING,Field_5,1,PROTECTING,Field_5,1,PROTECTING,Field_5,1,PROTECTING,Field_5,1,PROTECTING,Field_5,1,PROTECTING,Field_5,1,PROTECTING,Field_10,1,PROTECTING,Field_8,1,PROTECTING,Field_5,1,PROTECTING,Field_5,1,PROTECTING,Field_7,1,MOVING_TO_FIELD,Field_9,1,MOVING_TO_FIELD,Field_9,1,PROTECTING,Field_7,1,PROTECTING,Field_12,8,0.13,0,2,2,12,0.08,0,0,6,21,0.05,0,1,1,0,0.07,0,0,6,0,0.12,9,0,0,19,0.13,0,3,3,21,0.03,2,0,0,1,0.02,1,0,0,9,0.13,0,2,2,6,0.07,3,0,0,3,0.04,0,0,2,13,0.05,1,0,0
226,113,0,0,16,0,8,0,1,MOVING_TO_FIELD,Field_1,1,MOVING_TO_FIELD,Field_1,1,MOVING_TO_FIELD,Field_3,1,PROTECTING,Field_10,1,PROTECTING,Field_10,1,MOVING_TO_FIELD,Field_6,1,MOVING_TO_FIELD,Field_6,1,PROTECTING,Field_5,1,MOVING_TO_FIELD,Field_6,1,PROTECTING,Field_5,1,PROTECTING,Field_5,1,PROTECTING,Field_5,1,PROTECTING,Field_5,1,PROTECTING,Field_5,1,PROTECTING,Field_5,1,PROTECTING,Field_10,1,PROTECTING,Field_8,1,PROTECTING,Field_5,1,PROTECTING,Field_5,1,PROTECTING,Field_7,1,MOVING_TO_FIELD,Field_9,1,MOVING_TO_FIELD,Field_9,1,PROTECTING,Field_7,1,PROTECTING,Field_12,8,0.13,0,2,2,12,0.08,0,0,6,21,0.07,0,1,1,0,0.09,0,0,6,0,0.12,9,0,0,19,0.13,0,3,3,21,0.02,2,0,0,1,0.02,1,0,0,9,0.14,0,2,2,6,0.07,3,0,0,3,0.05,0,0,2,13,0.03,1,0,0
227,115,0,0,16,0,8,0,1,MOVING_TO_FIELD,Field_1,1,MOVING_TO_FIELD,Field_1,1,MOVING_TO_FIELD,Field_3,1,PROTECTING,Field_10,1,PROTECTING,Field_10,1,MOVING_TO_FIELD,Field_6,1,MOVING_TO_FIELD,Field_6,1,PROTECTING,Field_5,1,MOVING_TO_FIELD,Field_6,1,PROTECTING,Field_5,1,PROTECTING,Field_5,1,PROTECTING,Field_5,1,PROTECTING,Field_5,1,PROTECTING,Field_5,1,PROTECTING,Field_5,1,PROTECTING,Field_10,1,PROTECTING,Field_8,1,PROTECTING,Field_5,1,PROTECTING,Field_5,1,PROTECTING,Field_7,1,MOVING_TO_FIELD,Field_9,1,MOVING_TO_FIELD,Field_9,1,PROTECTING,Field_7,1,PROTECTING,Field_12,10,0.15,0,2,2,12,0.07,0,0,6,21,0.07,0,1,1,0,0.09,0,0,6,0,0.12,9,0,0,19,0.13,0,3,3,21,0.02,2,0,0,1,0.02,1,0,0,9,0.13,0,2,2,6,0.03,3,0,0,3,0.07,0,0,2,13,0.00,1,0,0
228,116,0,0,16,0,8,0,1,MOVING_TO_FIELD,Field_1,1,MOVING_TO_FIELD,Field_1,1,MOVING_TO_FIELD,Field_3,1,PROTECTING,Field_10,1,PROTECTING,Field_10,1,MOVING_TO_FIELD,Field_6,1,MOVING_TO_FIELD,Field_6,1,PROTECTING,Field_5,1,MOVING_TO_FIELD,Field_6,1,PROTECTING,Field_5,1,PROTECTING,Field_5,1,PROTECTING,Field_5,1,PROTECTING,Field_5,1,PROTECTING,Field_5,1,PROTECTING,Field_5,1,PROTECTING,Field_10,1,PROTECTING,Field_8,1,PROTECTING,Field_5,1,PROTECTING,Field_5,1,PROTECTING,Field_7,1,MOVING_TO_FIELD,Field_9,1,MOVING_TO_FIELD,Field_9,1,PROTECTING,Field_7,1,PROTECTING,Field_12,11,0.15,0,2,2,12,0.06,0,0,6,21,0.08,0,1,1,0,0.09,0,0,6,0,0.12,9,0,0,19,0.11,0,3,3,21,0.02,2,0,0,1,0.00,1,0,0,9,0.14,0,2,2,6,0.05,3,0,0,3,0.07,0,0,2,13,0.00,1,0,0
229,117,0,0,16,0,8,0,1,MOVING_TO_FIELD,Field_1,1,MOVING_TO_FIELD,Field_1,1,MOVING_TO_FIELD,Field_3,1,PROTECTING,Field_10,1,PROTECTING,Field_10,1,MOVING_TO_FIELD,Field_6,1,MOVING_TO_FIELD,Field_6,1,PROTECTING,Field_5,1,MOVING_TO_FIELD,Field_6,1,PROTECTING,Field_5,1,PROTECTING,Field_5,1,PROTECTING,Field_5,1,PROTECTING,Field_5,1,PROTECTING,Field_5,1,PROTECTING,Field_5,1,PROTECTING,Field_10,1,PROTECTING,Field_8,1,PROTECTING,Field_5,1,PROTECTING,Field_5,1,PROTECTING,Field_7,1,MOVING_TO_FIELD,Field_9,1,MOVING_TO_FIELD,Field_9,1,PROTECTING,Field_7,1,PROTECTING,Field_12,12,0.15,0,2,2,12,0.06,0,0,6,21,0.09,0,1,1,0,0.11,0,0,6,0,0.12,9,0,0,19,0.11,0,3,3,21,0.02,2,0,0,1,0.00,1,0,0,9,0.14,0,2,2,6,0.07,3,0,0,3,0.05,0,0,2,13,0.00,1,0,0
230,117,0,0,16,0,8,0,1,MOVING_TO_FIELD,Field_1,1,MOVING_TO_FIELD,Field_1,1,MOVING_TO_FIELD,Field_3,1,PROTECTING,Field_10,1,PROTECTING,Field_10,1,MOVING_TO_FIELD,Field_6,1,MOVING_TO_FIELD,Field_6,1,PROTECTING,Field_5,1,MOVING_TO_FIELD,Field_6,1,PROTECTING,Field_5,1,PROTECTING,Field_5,1,PROTECTING,Field_5,1,PROTECTING,Field_5,1,PROTECTING,Field_5,1,PROTECTING,Field_5,1,PROTECTING,Field_10,1,PROTECTING,Field_8,1,PROTECTING,Field_5,1,PROTECTING,Field_5,1,PROTECTING,Field_7,1,MOVING_TO_FIELD,Field_9,1,MOVING_TO_FIELD,Field_9,1,PROTECTING,Field_7,1,PROTECTING,Field_12,12,0.15,0,2,2,12,0.05,0,0,6,21,0.11,0,1,1,0,0.11,0,0,6,0,0.11,9,0,0,19,0.11,0,3,3,21,0.02,2,0,0,1,0.00,1,0,0,9,0.14,0,2,2,6,0.05,3,0,0,3,0.07,0,0,2,13,0.00,1,0,0
231,117,0,0,14,0,10,0,1,MOVING_TO_FIELD,Field_1,1,MOVING_TO_FIELD,Field_1,1,MOVING_TO_FIELD,Field_3,1,PROTECTING,Field_10,1,PROTECTING,Field_10,1,MOVING_TO_FIELD,Field_6,1,MOVING_TO_FIELD,Field_6,1,PROTECTING,Field_5,1,MOVING_TO_FIELD,Field_6,1,PROTECTING,Field_5,1,PROTECTING,Field_5,1,PROTECTING,Field_5,1,PROTECTING,Field_5,1,PROTECTING,Field_5,1,PROTECTING,Field_5,1,PROTECTING,Field_10,1,MOVING_TO_FIELD,Field_11,1,PROTECTING,Field_5,1,PROTECTING,Field_5,1,PROTECTING,Field_7,1,MOVING_TO_FIELD,Field_9,1,MOVING_TO_FIELD,Field_9,1,PROTECTING,Field_7,1,MOVING_TO_FIELD,Field_11,12,0.15,0,2,2,12,0.05,0,0,6,21,0.11,0,1,1,0,0.12,0,0,6,0,0.10,9,0,0,19,0.12,0,3,3,21,0.02,2,0,0,1,0.00,0,0,1,9,0.13,0,2,2,6,0.05,3,0,0,3,0.07,0,2,2,13,0.03,0,0,1
232,117,0,0,15,0,9,0,1,MOVING_TO_FIELD,Field_1,1,MOVING_TO_FIELD,Field_1,1,MOVING_TO_FIELD,Field_3,1,PROTECTING,Field_10,1,PROTECTING,Field_10,1,MOVING_TO_FIELD,Field_6,1,MOVING_TO_FIELD,Field_6,1,PROTECTING,Field_5,1,MOVING_TO_FIELD,Field_6,1,PROTECTING,Field_5,1,PROTECTING,Field_5,1,PROTECTING,Field_5,1,PROTECTING,Field_5,1,PROTECTING,Field_5,1,PROTECTING,Field_5,1,PROTECTING,Field_10,1,MOVING_TO_FIELD,Field_11,1,PROTECTING,Field_5,1,PROTECTING,Field_5,1,PROTECTING,Field_7,1,PROTECTING,Field_9,1,MOVING_TO_FIELD,Field_9,1,PROTECTING,Field_7,1,MOVING_TO_FIELD,Field_11,12,0.16,0,2,2,12,0.04,0,0,6,21,0.12,0,1,1,0,0.11,0,0,6,0,0.11,9,0,0,19,0.12,0,3,3,21,0.02,2,0,0,1,0.00,0,0,1,9,0.13,1,1,1,6,0.05,3,0,0,3,0.07,0,2,2,13,0.03,0,0,1
233,117,0,0,15,0,9,0,1,MOVING_TO_FIELD,Field_1,1,MOVING_TO_FIELD,Field_1,1,MOVING_TO_FIELD,Field_3,1,PROTECTING,Field_10,1,PROTECTING,Field_10,1,MOVING_TO_FIELD,Field_6,1,MOVING_TO_FIELD,Field_6,1,PROTECTING,Field_5,1,MOVING_TO_FIELD,Field_6,1,PROTECTING,Field_5,1,PROTECTING,Field_5,1,PROTECTING,Field_5,1,PROTECTING,Field_5,1,PROTECTING,Field_5,1,PROTECTING,Field_5,1,PROTECTING,Field_10,1,MOVING_TO_FIELD,Field_11,1,PROTECTING,Field_5,1,PROTECTING,Field_5,1,PROTECTING,Field_7,1,PROTECTING,Field_9,1,MOVING_TO_FIELD,Field_9,1,PROTECTING,Field_7,1,MOVING_TO_FIELD,Field_11,12,0.15,0,2,2,12,0.04,0,0,6,21,0.12,0,1,1,0,0.11,0,0,6,0,0.12,9,0,0,19,0.12,0,3,3,21,0.01,2,0,0,1,0.00,0,0,1,9,0.13,1,1,1,6,0.03,3,0,0,3,0.07,0,2,2,13,0.03,0,0,1
234,117,0,0,15,0,9,0,1,MOVING_TO_FIELD,Field_1,1,MOVING_TO_FIELD,Field_1,1,MOVING_TO_FIELD,Field_3,1,PROTECTING,Field_10,1,PROTECTING,Field_10,1,MOVING_TO_FIELD,Field_6,1,MOVING_TO_FIELD,Field_6,1,PROTECTING,Field_5,1,MOVING_TO_FIELD,Field_6,1,PROTECTING,Field_5,1,PROTECTING,Field_5,1,PROTECTING,Field_5,1,PROTECTING,Field_5,1,PROTECTING,Field_5,1,PROTECTING,Field_5,1,PROTECTING,Field_10,1,MOVING_TO_FIELD,Field_11,1,PROTECTING,Field_5,1,PROTECTING,Field_5,1,PROTECTING,Field_7,1,PROTECTING,Field_9,1,MOVING_TO_FIELD,Field_9,1,PROTECTING,Field_7,1,MOVING_TO_FIELD,Field_11,12,0.13,0,2,2,12,0.04,0,0,6,21,0.12,0,1,1,0,0.11,0,0,6,0,0.11,9,0,0,19,0.12,0,3,3,21,0.01,2,0,0,1,0.00,0,0,1,9,0.15,1,1,1,6,0.03,3,0,0,3,0.07,0,2,2,13,0.03,0,0,1
235,117,0,0,16,0,8,0,1,MOVING_TO_FIELD,Field_1,1,MOVING_TO_FIELD,Field_1,1,PROTECTING,Field_3,1,PROTECTING,Field_10,1,PROTECTING,Field_10,1,MOVING_TO_FIELD,Field_6,1,MOVING_TO_FIELD,Field_6,1,PROTECTING,Field_5,1,MOVING_TO_FIELD,Field_6,1,PROTECTING,Field_5,1,PROTECTING,Field_5,1,PROTECTING,Field_5,1,PROTECTING,Field_5,1,PROTECTING,Field_5,1,PROTECTING,Field_5,1,PROTECTING,Field_10,1,MOVING_TO_FIELD,Field_11,1,PROTECTING,Field_5,1,PROTECTING,Field_5,1,PROTECTING,Field_7,1,PROTECTING,Field_9,1,MOVING_TO_FIELD,Field_9,1,PROTECTING,Field_7,1,MOVING_TO_FIELD,Field_11,12,0.11,0,2,2,12,0.03,0,0,6,21,0.11,1,0,0,0,0.12,0,0,6,0,0.12,9,0,0,19,0.09,0,3,3,21,0.00,2,0,0,1,0.00,0,0,1,9,0.15,1,1,1,6,0.03,3,0,0,3,0.05,0,2,2,13,0.03,0,0,1
236,117,0,0,17,0,7,0,1,MOVING_TO_FIELD,Field_1,1,MOVING_TO_FIELD,Field_1,1,PROTECTING,Field_3,1,PROTECTING,Field_10,1,PROTECTING,Field_10,1,MOVING_TO_FIELD,Field_6,1,MOVING_TO_FIELD,Field_6,1,PROTECTING,Field_5,1,MOVING_TO_FIELD,Field_6,1,PROTECTING,Field_5,1,PROTECTING,Field_5,1,PROTECTING,Field_5,1,PROTECTING,Field_5,1,PROTECTING,Field_5,1,PROTECTING,Field_5,1,PROTECTING,Field_10,1,PROTECTING,Field_11,1,PROTECTING,Field_5,1,PROTECTING,Field_5,1,PROTECTING,Field_7,1,PROTECTING,Field_9,1,MOVING_TO_FIELD,Field_9,1,PROTECTING,Field_7,1,MOVING_TO_FIELD,Field_11,12,0.11,0,2,2,12,0.03,0,0,6,21,0.11,1,0,0,0,0.12,0,0,6,0,0.10,9,0,0,19,0.09,0,3,3,21,0.01,2,0,0,1,0.00,0,0,1,9,0.14,1,1,1,6,0.02,3,0,0,3,0.05,1,1,1,13,0.03,0,0,1
237,117,0,0,17,0,7,0,1,MOVING_TO_FIELD,Field_1,1,MOVING_TO_FIELD,Field_1,1,PROTECTING,Field_3,1,PROTECTING,Field_10,1,PROTECTING,Field_10,1,MOVING_TO_FIELD,Field_6,1,MOVING_TO_FIELD,Field_6,1,PROTECTING,Field_5,1,MOVING_TO_FIELD,Field_6,1,PROTECTING,Field_5,1,PROTECTING,Field_5,1,PROTECTING,Field_5,1,PROTECTING,Field_5,1,PROTECTING,Field_5,1,PROTECTING,Field_5,1,PROTECTING,Field_10,1,PROTECTING,Field_11,1,PROTECTING,Field_5,1,PROTECTING,Field_5,1,PROTECTING,Field_7,1,PROTECTING,Field_9,1,MOVING_TO_FIELD,Field_9,1,PROTECTING,Field_7,1,MOVING_TO_FIELD,Field_11,12,0.11,0,2,2,12,0.03,0,0,6,21,0.09,1,0,0,0,0.12,0,0,6,0,0.09,9,0,0,19,0.08,0,3,3,21,0.01,2,0,0,1,0.00,0,0,1,9,0.16,1,1,1,6,0.02,3,0,0,3,0.05,1,1,1,13,0.03,0,0,1
238,117,0,0,17,0,7,0,1,MOVING_TO_FIELD,Field_1,1,MOVING_TO_FIELD,Field_1,1,PROTECTING,Field_3,1,PROTECTING,Field_10,1,PROTECTING,Field_10,1,MOVING_TO_FIELD,Field_6,1,MOVING_TO_FIELD,Field_6,1,PROTECTING,Field_5,1,MOVING_TO_FIELD,Field_6,1,PROTECTING,Field_5,1,PROTECTING,Field_5,1,PROTECTING,Field_5,1,PROTECTING,Field_5,1,PROTECTING,Field_5,1,PROTECTING,Field_5,1,PROTECTING,Field_10,1,PROTECTING,Field_11,1,PROTECTING,Field_5,1,PROTECTING,Field_5,1,PROTECTING,Field_7,1,PROTECTING,Field_9,1,MOVING_TO_FIELD,Field_9,1,PROTECTING,Field_7,1,MOVING_TO_FIELD,Field_11,12,0.11,0,2,2,12,0.04,0,0,6,21,0.07,1,0,0,0,0.12,0,0,6,0,0.09,9,0,0,19,0.09,0,3,3,21,0.00,2,0,0,1,0.00,0,0,1,9,0.15,1,1,1,6,0.02,3,0,0,3,0.05,1,1,1,13,0.03,0,0,1
239,117,0,0,17,0,7,0,1,MOVING_TO_FIELD,Field_1,1,MOVING_TO_FIELD,Field_1,1,PROTECTING,Field_3,1,PROTECTING,Field_10,1,PROTECTING,Field_10,1,MOVING_TO_FIELD,Field_6,1,MOVING_TO_FIELD,Field_6,1,PROTECTING,Field_5,1,MOVING_TO_FIELD,Field_6,1,PROTECTING,Field_5,1,PROTECTING,Field_5,1,PROTECTING,Field_5,1,PROTECTING,Field_5,1,PROTECTING,Field_5,1,PROTECTING,Field_5,1,PROTECTING,Field_10,1,PROTECTING,Field_11,1,PROTECTING,Field_5,1,PROTECTING,Field_5,1,PROTECTING,Field_7,1,PROTECTING,Field_9,1,MOVING_TO_FIELD,Field_9,1,PROTECTING,Field_7,1,MOVING_TO_FIELD,Field_11,12,0.11,0,2,2,12,0.04,0,0,6,21,0.08,1,0,0,0,0.12,0,0,6,0,0.08,9,0,0,19,0.08,0,3,3,21,0.00,2,0,0,1,0.02,0,0,1,9,0.15,1,1,1,6,0.02,3,0,0,3,0.05,1,1,1,13,0.03,0,0,1
240,117,0,0,18,0,6,0,1,MOVING_TO_FIELD,Field_1,1,MOVING_TO_FIELD,Field_1,1,PROTECTING,Field_3,1,PROTECTING,Field_10,1,PROTECTING,Field_10,1,MOVING_TO_FIELD,Field_6,1,MOVING_TO_FIELD,Field_6,1,PROTECTING,Field_5,1,MOVING_TO_FIELD,Field_6,1,PROTECTING,Field_5,1,PROTECTING,Field_5,1,PROTECTING,Field_5,1,PROTECTING,Field_5,1,PROTECTING,Field_5,1,PROTECTING,Field_5,1,PROTECTING,Field_10,1,PROTECTING,Field_11,1,PROTECTING,Field_5,1,PROTECTING,Field_5,1,PROTECTING,Field_7,1,PROTECTING,Field_9,1,PROTECTING,Field_9,1,PROTECTING,Field_7,1,MOVING_TO_FIELD,Field_11,12,0.11,0,2,2,12,0.04,0,0,6,21,0.08,1,0,0,0,0.12,0,0,6,0,0.09,9,0,0,19,0.08,0,3,3,21,0.00,2,0,0,1,0.02,0,0,1,9,0.13,2,0,0,6,0.02,3,0,0,3,0.05,1,1,1,13,0.03,0,0,1
241,117,0,0,13,0,11,0,1,MOVING_TO_FIELD,Field_1,1,MOVING_TO_FIELD,Field_1,1,PROTECTING,Field_3,1,MOVING_TO_FIELD,Field_4,1,MOVING_TO_FIELD,Field_4,1,MOVING_TO_FIELD,Field_6,1,MOVING_TO_FIELD,Field_6,1,PROTECTING,Field_5,1,MOVING_TO_FIELD,Field_6,1,PROTECTING,Field_5,1,PROTECTING,Field_5,1,PROTECTING,Field_5,1,PROTECTING,Field_5,1,PROTECTING,Field_5,1,PROTECTING,Field_5,1,MOVING_TO_FIELD,Field_4,1,PROTECTING,Field_11,1,PROTECTING,Field_5,1,PROTECTING,Field_5,1,MOVING_TO_FIELD,Field_4,1,PROTECTING,Field_9,1,PROTECTING,Field_9,1,MOVING_TO_FIELD,Field_4,1,MOVING_TO_FIELD,Field_4,12,0.11,0,2,2,12,0.04,0,0,6,21,0.05,1,0,0,0,0.14,0,6,6,0,0.10,9,0,0,19,0.09,0,3,3,21,0.00,0,0,2,1,0.02,0,0,1,9,0.12,2,0,0,6,0.02,0,0,3,3,0.05,1,0,1,13,0.03,0,0,1
242,117,0,0,13,0,11,0,1,MOVING_TO_FIELD,Field_1,1,MOVING_TO_FIELD,Field_1,1,PROTECTING,Field_3,1,MOVING_TO_FIELD,Field_4,1,MOVING_TO_FIELD,Field_4,1,MOVING_TO_FIELD,Field_6,1,MOVING_TO_FIELD,Field_6,1,PROTECTING,Field_5,1,MOVING_TO_FIELD,Field_6,1,PROTECTING,Field_5,1,PROTECTING,Field_5,1,PROTECTING,Field_5,1,PROTECTING,Field_5,1,PROTECTING,Field_5,1,PROTECTING,Field_5,1,MOVING_TO_FIELD,Field_4,1,PROTECTING,Field_11,1,PROTECTING,Field_5,1,PROTECTING,Field_5,1,MOVING_TO_FIELD,Field_4,1,PROTECTING,Field_9,1,PROTECTING,Field_9,1,MOVING_TO_FIELD,Field_4,1,MOVING_TO_FIELD,Field_4,12,0.11,0,2,2,12,0.05,0,0,6,21,0.05,1,0,0,0,0.12,0,6,6,0,0.09,9,0,0,19,0.07,0,3,3,21,0.01,0,0,2,1,0.02,0,0,1,9,0.13,2,0,0,6,0.02,0,0,3,3,0.05,1,0,1,13,0.03,0,0,1
243,117,0,0,13,0,11,0,1,MOVING_TO_FIELD,Field_1,1,MOVING_TO_FIELD,Field_1,1,PROTECTING,Field_3,1,MOVING_TO_FIELD,Field_4,1,MOVING_TO_FIELD,Field_4,1,MOVING_TO_FIELD,Field_6,1,MOVING_TO_FIELD,Field_6,1,PROTECTING,Field_5,1,MOVING_TO_FIELD,Field_6,1,PROTECTING,Field_5,1,PROTECTING,Field_5,1,PROTECTING,Field_5,1,PROTECTING,Field_5,1,PROTECTING,Field_5,1,PROTECTING,Field_5,1,MOVING_TO_FIELD,Field_4,1,PROTECTING,Field_11,1,PROTECTING,Field_5,1,PROTECTING,Field_5,1,MOVING_TO_FIELD,Field_4,1,PROTECTING,Field_9,1,PROTECTING,Field_9,1,MOVING_TO_FIELD,Field_4,1,MOVING_TO_FIELD,Field_4,12,0.11,0,2,2,12,0.05,0,0,6,21,0.01,1,0,0,0,0.12,0,6,6,0,0.09,9,0,0,19,0.08,0,3,3,21,0.02,0,0,2,1,0.02,0,0,1,9,0.12,2,0,0,6,0.02,0,0,3,3,0.07,1,0,1,13,0.03,0,0,1
244,117,0,0,13,0,11,0,1,MOVING_TO_FIELD,Field_1,1,MOVING_TO_FIELD,Field_1,1,PROTECTING,Field_3,1,MOVING_TO_FIELD,Field_4,1,MOVING_TO_FIELD,Field_4,1,MOVING_TO_FIELD,Field_6,1,MOVING_TO_FIELD,Field_6,1,PROTECTING,Field_5,1,MOVING_TO_FIELD,Field_6,1,PROTECTING,Field_5,1,PROTECTING,Field_5,1,PROTECTING,Field_5,1,PROTECTING,Field_5,1,PROTECTING,Field_5,1,PROTECTING,Field_5,1,MOVING_TO_FIELD,Field_4,1,PROTECTING,Field_11,1,PROTECTING,Field_5,1,PROTECTING,Field_5,1,MOVING_TO_FIELD,Field_4,1,PROTECTING,Field_9,1,PROTECTING,Field_9,1,MOVING_TO_FIELD,Field_4,1,MOVING_TO_FIELD,Field_4,12,0.15,0,2,2,12,0.05,0,0,6,21,0.01,1,0,0,0,0.12,0,6,6,0,0.11,9,0,0,19,0.08,0,3,3,21,0.02,0,0,2,1,0.02,0,0,1,9,0.10,2,0,0,6,0.02,0,0,3,3,0.07,1,0,1,13,0.03,0,0,1
245,117,0,0,13,0,11,0,1,MOVING_TO_FIELD,Field_1,1,MOVING_TO_FIELD,Field_1,1,PROTECTING,Field_3,1,MOVING_TO_FIELD,Field_4,1,MOVING_TO_FIELD,Field_4,1,MOVING_TO_FIELD,Field_6,1,MOVING_TO_FIELD,Field_6,1,PROTECTING,Field_5,1,MOVING_TO_FIELD,Field_6,1,PROTECTING,Field_5,1,PROTECTING,Field_5,1,PROTECTING,Field_5,1,PROTECTING,Field_5,1,PROTECTING,Field_5,1,PROTECTING,Field_5,1,MOVING_TO_FIELD,Field_4,1,PROTECTING,Field_11,1,PROTECTING,Field_5,1,PROTECTING,Field_5,1,MOVING_TO_FIELD,Field_4,1,PROTECTING,Field_9,1,PROTECTING,Field_9,1,MOVING_TO_FIELD,Field_4,1,MOVING_TO_FIELD,Field_4,12,0.16,0,2,2,12,0.05,0,0,6,21,0.00,1,0,0,0,0.12,0,6,6,0,0.12,9,0,0,19,0.07,0,3,3,21,0.02,0,0,2,1,0.02,0,0,1,9,0.09,2,0,0,6,0.02,0,0,3,3,0.07,1,0,1,13,0.03,0,0,1
246,117,0,0,15,0,9,0,1,PROTECTING,Field_1,1,PROTECTING,Field_1,1,PROTECTING,Field_3,1,MOVING_TO_FIELD,Field_4,1,MOVING_TO_FIELD,Field_4,1,MOVING_TO_FIELD,Field_6,1,MOVING_TO_FIELD,Field_6,1,PROTECTING,Field_5,1,MOVING_TO_FIELD,Field_6,1,PROTECTING,Field_5,1,PROTECTING,Field_5,1,PROTECTING,Field_5,1,PROTECTING,Field_5,1,PROTECTING,Field_5,1,PROTECTING,Field_5,1,MOVING_TO_FIELD,Field_4,1,PROTECTING,Field_11,1,PROTECTING,Field_5,1,PROTECTING,Field_5,1,MOVING_TO_FIELD,Field_4,1,PROTECTING,Field_9,1,PROTECTING,Field_9,1,MOVING_TO_FIELD,Field_4,1,MOVING_TO_FIELD,Field_4,12,0.16,2,0,0,12,0.05,0,0,6,21,0.01,1,0,0,0,0.12,0,6,6,0,0.10,9,0,0,19,0.07,0,3,3,21,0.02,0,0,2,1,0.02,0,0,1,9,0.08,2,0,0,6,0.03,0,0,3,3,0.07,1,0,1,13,0.03,0,0,1
247,117,0,0,15,0,9,0,1,PROTECTING,Field_1,1,PROTECTING,Field_1,1,PROTECTING,Field_3,1,MOVING_TO_FIELD,Field_4,1,MOVING_TO_FIELD,Field_4,1,MOVING_TO_FIELD,Field_6,1,MOVING_TO_FIELD,Field_6,1,PROTECTING,Field_5,1,MOVING_TO_FIELD,Field_6,1,PROTECTING,Field_5,1,PROTECTING,Field_5,1,PROTECTING,Field_5,1,PROTECTING,Field_5,1,PROTECTING,Field_5,1,PROTECTING,Field_5,1,MOVING_TO_FIELD,Field_4,1,PROTECTING,Field_11,1,PROTECTING,Field_5,1,PROTECTING,Field_5,1,MOVING_TO_FIELD,Field_4,1,PROTECTING,Field_9,1,PROTECTING,Field_9,1,MOVING_TO_FIELD,Field_4,1,MOVING_TO_FIELD,Field_4,12,0.16,2,0,0,12,0.05,0,0,6,21,0.00,1,0,0,0,0.12,0,6,6,0,0.12,9,0,0,19,0.07,0,3,3,21,0.01,0,0,2,1,0.02,0,0,1,9,0.08,2,0,0,6,0.03,0,0,3,3,0.07,1,0,1,13,0.03,0,0,1
248,117,0,0,15,0,9,0,1,PROTECTING,Field_1,1,PROTECTING,Field_1,1,PROTECTING,Field_3,1,MOVING_TO_FIELD,Field_4,1,MOVING_TO_FIELD,Field_4,1,MOVING_TO_FIELD,Field_6,1,MOVING_TO_FIELD,Field_6,1,PROTECTING,Field_5,1,MOVING_TO_FIELD,Field_6,1,PROTECTING,Field_5,1,PROTECTING,Field_5,1,PROTECTING,Field_5,1,PROTECTING,Field_5,1,PROTECTING,Field_5,1,PROTECTING,Field_5,1,MOVING_TO_FIELD,Field_4,1,PROTECTING,Field_11,1,PROTECTING,Field_5,1,PROTECTING,Field_5,1,MOVING_TO_FIELD,Field_4,1,PROTECTING,Field_9,1,PROTECTING,Field_9,1,MOVING_TO_FIELD,Field_4,1,MOVING_TO_FIELD,Field_4,12,0.16,2,0,0,12,0.04,0,0,6,21,0.00,1,0,0,0,0.12,0,6,6,0,0.12,9,0,0,19,0.07,0,3,3,21,0.01,0,0,2,1,0.00,0,0,1,9,0.07,2,0,0,6,0.03,0,0,3,3,0.07,1,0,1,13,0.03,0,0,1
249,117,0,0,15,0,9,0,1,PROTECTING,Field_1,1,PROTECTING,Field_1,1,PROTECTING,Field_3,1,MOVING_TO_FIELD,Field_4,1,MOVING_TO_FIELD,Field_4,1,MOVING_TO_FIELD,Field_6,1,MOVING_TO_FIELD,Field_6,1,PROTECTING,Field_5,1,MOVING_TO_FIELD,Field_6,1,PROTECTING,Field_5,1,PROTECTING,Field_5,1,PROTECTING,Field_5,1,PROTECTING,Field_5,1,PROTECTING,Field_5,1,PROTECTING,Field_5,1,MOVING_TO_FIELD,Field_4,1,PROTECTING,Field_11,1,PROTECTING,Field_5,1,PROTECTING,Field_5,1,MOVING_TO_FIELD,Field_4,1,PROTECTING,Field_9,1,PROTECTING,Field_9,1,MOVING_TO_FIELD,Field_4,1,MOVING_TO_FIELD,Field_4,12,0.16,2,0,0,12,0.04,0,0,6,21,0.01,1,0,0,0,0.12,0,6,6,0,0.13,9,0,0,19,0.09,0,3,3,21,0.01,0,0,2,1,0.00,0,0,1,9,0.08,2,0,0,6,0.03,0,0,3,3,0.07,1,0,1,13,0.03,0,0,1
250,118,0,0,15,0,9,0,1,PROTECTING,Field_1,1,PROTECTING,Field_1,1,PROTECTING,Field_3,1,MOVING_TO_FIELD,Field_4,1,MOVING_TO_FIELD,Field_4,1,MOVING_TO_FIELD,Field_6,1,MOVING_TO_FIELD,Field_6,1,PROTECTING,Field_5,1,MOVING_TO_FIELD,Field_6,1,PROTECTING,Field_5,1,PROTECTING,Field_5,1,PROTECTING,Field_5,1,PROTECTING,Field_5,1,PROTECTING,Field_5,1,PROTECTING,Field_5,1,MOVING_TO_FIELD,Field_4,1,PROTECTING,Field_11,1,PROTECTING,Field_5,1,PROTECTING,Field_5,1,MOVING_TO_FIELD,Field_4,1,PROTECTING,Field_9,1,PROTECTING,Field_9,1,MOVING_TO_FIELD,Field_4,1,MOVING_TO_FIELD,Field_4,12,0.18,2,0,0,12,0.04,0,0,6,21,0.01,1,0,0,0,0.12,0,6,6,0,0.14,9,0,0,19,0.09,0,3,3,21,0.01,0,0,2,1,0.00,0,0,1,9,0.08,2,0,0,6,0.03,0,0,3,4,0.07,1,0,1,13,0.03,0,0,1
251,118,0,0,15,0,9,0,1,PROTECTING,Field_1,1,PROTECTING,Field_1,1,MOVING_TO_FIELD,Field_11,1,MOVING_TO_FIELD,Field_4,1,MOVING_TO_FIELD,Field_4,1,PROTECTING,Field_6,1,MOVING_TO_FIELD,Field_6,1,PROTECTING,Field_5,1,MOVING_TO_FIELD,Field_6,1,PROTECTING,Field_5,1,PROTECTING,Field_5,1,PROTECTING,Field_5,1,PROTECTING,Field_5,1,PROTECTING,Field_5,1,PROTECTING,Field_5,1,MOVING_TO_FIELD,Field_4,1,PROTECTING,Field_11,1,PROTECTING,Field_5,1,PROTECTING,Field_5,1,MOVING_TO_FIELD,Field_4,1,PROTECTING,Field_9,1,PROTECTING,Field_9,1,MOVING_TO_FIELD,Field_4,1,MOVING_TO_FIELD,Field_4,12,0.18,2,0,0,12,0.06,0,0,6,21,0.01,0,0,1,0,0.12,0,6,6,0,0.12,9,0,0,19,0.08,1,2,2,21,0.01,0,0,2,1,0.02,0,0,1,9,0.09,2,0,0,6,0.03,0,0,3,4,0.07,1,1,1,13,0.03,0,0,1
252,118,0,0,15,0,9,0,1,PROTECTING,Field_1,1,PROTECTING,Field_1,1,MOVING_TO_FIELD,Field_11,1,MOVING_TO_FIELD,Field_4,1,MOVING_TO_FIELD,Field_4,1,PROTECTING,Field_6,1,MOVING_TO_FIELD,Field_6,1,PROTECTING,Field_5,1,MOVING_TO_FIELD,Field_6,1,PROTECTING,Field_5,1,PROTECTING,Field_5,1,PROTECTING,Field_5,1,PROTECTING,Field_5,1,PROTECTING,Field_5,1,PROTECTING,Field_5,1,MOVING_TO_FIELD,Field_4,1,PROTECTING,Field_11,1,PROTECTING,Field_5,1,PROTECTING,Field_5,1,MOVING_TO_FIELD,Field_4,1,PROTECTING,Field_9,1,PROTECTING,Field_9,1,MOVING_TO_FIELD,Field_4,1,MOVING_TO_FIELD,Field_4,12,0.18,2,0,0,12,0.07,0,0,6,21,0.03,0,0,1,0,0.14,0,6,6,0,0.12,9,0,0,19,0.08,1,2,2,21,0.01,0,0,2,1,0.02,0,0,1,9,0.09,2,0,0,6,0.03,0,0,3,4,0.09,1,1,1,13,0.00,0,0,1
253,119,0,0,15,0,9,0,1,PROTECTING,Field_1,1,PROTECTING,Field_1,1,MOVING_TO_FIELD,Field_11,1,MOVING_TO_FIELD,Field_4,1,MOVING_TO_FIELD,Field_4,1,PROTECTING,Field_6,1,MOVING_TO_FIELD,Field_6,1,PROTECTING,Field_5,1,MOVING_TO_FIELD,Field_6,1,PROTECTING,Field_5,1,PROTECTING,Field_5,1,PROTECTING,Field_5,1,PROTECTING,Field_5,1,PROTECTING,Field_5,1,PROTECTING,Field_5,1,MOVING_TO_FIELD,Field_4,1,PROTECTING,Field_11,1,PROTECTING,Field_5,1,PROTECTING,Field_5,1,MOVING_TO_FIELD,Field_4,1,PROTECTING,Field_9,1,PROTECTING,Field_9,1,MOVING_TO_FIELD,Field_4,1,MOVING_TO_FIELD,Field_4,12,0.18,2,0,0,12,0.08,0,0,6,21,0.04,0,0,1,0,0.14,0,6,6,0,0.13,9,0,0,19,0.11,1,2,2,21,0.01,0,0,2,1,0.02,0,0,1,9,0.08,2,0,0,6,0.02,0,0,3,5,0.07,1,1,1,13,0.00,0,0,1
254,119,0,0,15,0,9,0,1,PROTECTING,Field_1,1,PROTECTING,Field_1,1,MOVING_TO_FIELD,Field_11,1,MOVING_TO_FIELD,Field_4,1,MOVING_TO_FIELD,Field_4,1,PROTECTING,Field_6,1,MOVING_TO_FIELD,Field_6,1,PROTECTING,Field_5,1,MOVING_TO_FIELD,Field_6,1,PROTECTING,Field_5,1,PROTECTING,Field_5,1,PROTECTING,Field_5,1,PROTECTING,Field_5,1,PROTECTING,Field_5,1,PROTECTING,Field_5,1,MOVING_TO_FIELD,Field_4,1,PROTECTING,Field_11,1,PROTECTING,Field_5,1,PROTECTING,Field_5,1,MOVING_TO_FIELD,Field_4,1,PROTECTING,Field_9,1,PROTECTING,Field_9,1,MOVING_TO_FIELD,Field_4,1,MOVING_TO_FIELD,Field_4,12,0.18,2,0,0,12,0.09,0,0,6,21,0.04,0,0,1,0,0.14,0,6,6,0,0.13,9,0,0,19,0.09,1,2,2,21,0.02,0,0,2,1,0.02,0,0,1,9,0.07,2,0,0,6,0.02,0,0,3,5,0.07,1,1,1,13,0.00,0,0,1
255,119,0,0,17,0,7,0,1,PROTECTING,Field_1,1,PROTECTING,Field_1,1,MOVING_TO_FIELD,Field_11,1,MOVING_TO_FIELD,Field_4,1,MOVING_TO_FIELD,Field_4,1,PROTECTING,Field_6,1,PROTECTING,Field_6,1,PROTECTING,Field_5,1,PROTECTING,Field_6,1,PROTECTING,Field_5,1,PROTECTING,Field_5,1,PROTECTING,Field_5,1,PROTECTING,Field_5,1,PROTECTING,Field_5,1,PROTECTING,Field_5,1,MOVING_TO_FIELD,Field_4,1,PROTECTING,Field_11,1,PROTECTING,Field_5,1,PROTECTING,Field_5,1,MOVING_TO_FIELD,Field_4,1,PROTECTING,Field_9,1,PROTECTING,Field_9,1,MOVING_TO_FIELD,Field_4,1,MOVING_TO_FIELD,Field_4,12,0.18,2,0,0,12,0.10,0,0,6,21,0.05,0,0,1,0,0.18,0,6,6,0,0.13,9,0,0,19,0.11,3,0,0,21,0.02,0,0,2,1,0.02,0,0,1,9,0.06,2,0,0,6,0.02,0,0,3,5,0.09,1,1,1,13,0.00,0,0,1
256,119,0,0,17,0,7,0,1,PROTECTING,Field_1,1,PROTECTING,Field_1,1,MOVING_TO_FIELD,Field_11,1,MOVING_TO_FIELD,Field_4,1,MOVING_TO_FIELD,Field_4,1,PROTECTING,Field_6,1,PROTECTING,Field_6,1,PROTECTING,Field_5,1,PROTECTING,Field_6,1,PROTECTING,Field_5,1,PROTECTING,Field_5,1,PROTECTING,Field_5,1,PROTECTING,Field_5,1,PROTECTING,Field_5,1,PROTECTING,Field_5,1,MOVING_TO_FIELD,Field_4,1,PROTECTING,Field_11,1,PROTECTING,Field_5,1,PROTECTING,Field_5,1,MOVING_TO_FIELD,Field_4,1,PROTECTING,Field_9,1,PROTECTING,Field_9,1,MOVING_TO_FIELD,Field_4,1,MOVING_TO_FIELD,Field_4,12,0.18,2,0,0,12,0.10,0,0,6,21,0.07,0,0,1,0,0.18,0,6,6,0,0.12,9,0,0,19,0.11,3,0,0,21,0.02,0,0,2,1,0.02,0,0,1,9,0.05,2,0,0,6,0.02,0,0,3,5,0.09,1,1,1,13,0.03,0,0,1
257,120,0,0,17,0,7,0,1,PROTECTING,Field_1,1,PROTECTING,Field_1,1,MOVING_TO_FIELD,Field_11,1,MOVING_TO_FIELD,Field_4,1,MOVING_TO_FIELD,Field_4,1,PROTECTING,Field_6,1,PROTECTING,Field_6,1,PROTECTING,Field_5,1,PROTECTING,Field_6,1,PROTECTING,Field_5,1,PROTECTING,Field_5,1,PROTECTING,Field_5,1,PROTECTING,Field_5,1,PROTECTING,Field_5,1,PROTECTING,Field_5,1,MOVING_TO_FIELD,Field_4,1,PROTECTING,Field_11,1,PROTECTING,Field_5,1,PROTECTING,Field_5,1,MOVING_TO_FIELD,Field_4,1,PROTECTING,Field_9,1,PROTECTING,Field_9,1,MOVING_TO_FIELD,Field_4,1,MOVING_TO_FIELD,Field_4,12,0.16,2,0,0,12,0.10,0,0,6,21,0.07,0,0,1,1,0.18,0,6,6,0,0.11,9,0,0,19,0.11,3,0,0,21,0.02,0,0,2,1,0.02,0,0,1,9,0.03,2,0,0,6,0.02,0,0,3,5,0.07,1,1,1,13,0.03,0,0,1
258,120,0,0,18,0,6,0,1,PROTECTING,Field_1,1,PROTECTING,Field_1,1,PROTECTING,Field_11,1,MOVING_TO_FIELD,Field_4,1,MOVING_TO_FIELD,Field_4,1,PROTECTING,Field_6,1,PROTECTING,Field_6,1,PROTECTING,Field_5,1,PROTECTING,Field_6,1,PROTECTING,Field_5,1,PROTECTING,Field_5,1,PROTECTING,Field_5,1,PROTECTING,Field_5,1,PROTECTING,Field_5,1,PROTECTING,Field_5,1,MOVING_TO_FIELD,Field_4,1,PROTECTING,Field_11,1,PROTECTING,Field_5,1,PROTECTING,Field_5,1,MOVING_TO_FIELD,Field_4,1,PROTECTING,Field_9,1,PROTECTING,Field_9,1,MOVING_TO_FIELD,Field_4,1,MOVING_TO_FIELD,Field_4,12,0.15,2,0,0,12,0.11,0,0,6,21,0.08,0,0,1,1,0.19,0,6,6,0,0.10,9,0,0,19,0.11,3,0,0,21,0.02,0,0,2,1,0.02,0,0,1,9,0.03,2,0,0,6,0.02,0,0,3,5,0.07,2,0,0,13,0.03,0,0,1
259,121,0,0,18,0,6,0,1,PROTECTING,Field_1,1,PROTECTING,Field_1,1,PROTECTING,Field_11,1,MOVING_TO_FIELD,Field_4,1,MOVING_TO_FIELD,Field_4,1,PROTECTING,Field_6,1,PROTECTING,Field_6,1,PROTECTING,Field_5,1,PROTECTING,Field_6,1,PROTECTING,Field_5,1,PROTECTING,Field_5,1,PROTECTING,Field_5,1,PROTECTING,Field_5,1,PROTECTING,Field_5,1,PROTECTING,Field_5,1,MOVING_TO_FIELD,Field_4,1,PROTECTING,Field_11,1,PROTECTING,Field_5,1,PROTECTING,Field_5,1,MOVING_TO_FIELD,Field_4,1,PROTECTING,Field_9,1,PROTECTING,Field_9,1,MOVING_TO_FIELD,Field_4,1,MOVING_TO_FIELD,Field_4,12,0.13,2,0,0,12,0.12,0,0,6,22,0.08,0,0,1,1,0.19,0,6,6,0,0.11,9,0,0,19,0.11,3,0,0,21,0.02,0,0,2,1,0.02,0,0,1,9,0.04,2,0,0,6,0.02,0,0,3,5,0.05,2,0,0,13,0.03,0,0,1
260,121,0,0,18,0,6,0,1,PROTECTING,Field_1,1,PROTECTING,Field_1,1,PROTECTING,Field_11,1,MOVING_TO_FIELD,Field_4,1,MOVING_TO_FIELD,Field_4,1,PROTECTING,Field_6,1,PROTECTING,Field_6,1,PROTECTING,Field_5,1,PROTECTING,Field_6,1,PROTECTING,Field_5,1,PROTECTING,Field_5,1,PROTECTING,Field_5,1,PROTECTING,Field_5,1,PROTECTING,Field_5,1,PROTECTING,Field_5,1,MOVING_TO_FIELD,Field_4,1,PROTECTING,Field_11,1,PROTECTING,Field_5,1,PROTECTING,Field_5,1,MOVING_TO_FIELD,Field_4,1,PROTECTING,Field_9,1,PROTECTING,Field_9,1,MOVING_TO_FIELD,Field_4,1,MOVING_TO_FIELD,Field_4,12,0.06,2,0,0,12,0.12,0,0,6,22,0.08,0,0,1,1,0.19,0,6,6,0,0.11,9,0,0,19,0.11,3,0,0,21,0.04,0,0,2,1,0.05,0,0,1,9,0.03,2,0,0,6,0.02,0,0,3,5,0.04,2,0,0,13,0.03,0,0,1
261,121,0,0,12,0,12,0,1,MOVING_TO_FIELD,Field_2,1,MOVING_TO_FIELD,Field_2,1,MOVING_TO_FIELD,Field_2,1,MOVING_TO_FIELD,Field_4,1,MOVING_TO_FIELD,Field_4,1,PROTECTING,Field_6,1,PROTECTING,Field_6,1,PROTECTING,Field_5,1,PROTECTING,Field_6,1,PROTECTING,Field_5,1,PROTECTING,Field_5,1,PROTECTING,Field_5,1,PROTECTING,Field_5,1,PROTECTING,Field_5,1,PROTECTING,Field_5,1,MOVING_TO_FIELD,Field_4,1,MOVING_TO_FIELD,Field_2,1,PROTECTING,Field_5,1,PROTECTING,Field_5,1,MOVING_TO_FIELD,Field_4,1,MOVING_TO_FIELD,Field_2,1,MOVING_TO_FIELD,Field_3,1,MOVING_TO_FIELD,Field_4,1,MOVING_TO_FIELD,Field_4,12,0.05,0,0,2,12,0.12,0,5,6,22,0.08,0,1,1,1,0.19,0,6,6,0,0.13,9,0,0,19,0.09,3,0,0,21,0.04,0,0,2,1,0.05,0,0,1,9,0.04,0,0,2,6,0.02,0,0,3,5,0.07,0,0,2,13,0.03,0,0,1
262,121,0,0,12,0,12,0,1,MOVING_TO_FIELD,Field_2,1,MOVING_TO_FIELD,Field_2,1,MOVING_TO_FIELD,Field_2,1,MOVING_TO_FIELD,Field_4,1,MOVING_TO_FIELD,Field_4,1,PROTECTING,Field_6,1,PROTECTING,Field_6,1,PROTECTING,Field_5,1,PROTECTING,Field_6,1,PROTECTING,Field_5,1,PROTECTING,Field_5,1,PROTECTING,Field_5,1,PROTECTING,Field_5,1,PROTECTING,Field_5,1,PROTECTING,Field_5,1,MOVING_TO_FIELD,Field_4,1,MOVING_TO_FIELD,Field_2,1,PROTECTING,Field_5,1,PROTECTING,Field_5,1,MOVING_TO_FIELD,Field_4,1,MOVING_TO_FIELD,Field_2,1,MOVING_TO_FIELD,Field_3,1,MOVING_TO_FIELD,Field_4,1,MOVING_TO_FIELD,Field_4,12,0.05,0,0,2,12,0.13,0,5,6,22,0.11,0,1,1,1,0.19,0,6,6,0,0.13,9,0,0,19,0.09,3,0,0,21,0.04,0,0,2,1,0.05,0,0,1,9,0.03,0,0,2,6,0.02,0,0,3,5,0.07,0,0,2,13,0.03,0,0,1
263,121,0,0,12,0,12,0,1,MOVING_TO_FIELD,Field_2,1,MOVING_TO_FIELD,Field_2,1,MOVING_TO_FIELD,Field_2,1,MOVING_TO_FIELD,Field_4,1,MOVING_TO_FIELD,Field_4,1,PROTECTING,Field_6,1,PROTECTING,Field_6,1,PROTECTING,Field_5,1,PROTECTING,Field_6,1,PROTECTING,Field_5,1,PROTECTING,Field_5,1,PROTECTING,Field_5,1,PROTECTING,Field_5,1,PROTECTING,Field_5,1,PROTECTING,Field_5,1,MOVING_TO_FIELD,Field_4,1,MOVING_TO_FIELD,Field_2,1,PROTECTING,Field_5,1,PROTECTING,Field_5,1,MOVING_TO_FIELD,Field_4,1,MOVING_TO_FIELD,Field_2,1,MOVING_TO_FIELD,Field_3,1,MOVING_TO_FIELD,Field_4,1,MOVING_TO_FIELD,Field_4,12,0.05,0,0,2,12,0.15,0,5,6,22,0.11,0,1,1,1,0.19,0,6,6,0,0.14,9,0,0,19,0.11,3,0,0,21,0.03,0,0,2,1,0.05,0,0,1,9,0.04,0,0,2,6,0.02,0,0,3,5,0.05,0,0,2,13,0.03,0,0,1
264,121,0,0,12,0,12,0,1,MOVING_TO_FIELD,Field_2,1,MOVING_TO_FIELD,Field_2,1,MOVING_TO_FIELD,Field_2,1,MOVING_TO_FIELD,Field_4,1,MOVING_TO_FIELD,Field_4,1,PROTECTING,Field_6,1,PROTECTING,Field_6,1,PROTECTING,Field_5,1,PROTECTING,Field_6,1,PROTECTING,Field_5,1,PROTECTING,Field_5,1,PROTECTING,Field_5,1,PROTECTING,Field_5,1,PROTECTING,Field_5,1,PROTECTING,Field_5,1,MOVING_TO_FIELD,Field_4,1,MOVING_TO_FIELD,Field_2,1,PROTECTING,Field_5,1,PROTECTING,Field_5,1,MOVING_TO_FIELD,Field_4,1,MOVING_TO_FIELD,Field_2,1,MOVING_TO_FIELD,Field_3,1,MOVING_TO_FIELD,Field_4,1,MOVING_TO_FIELD,Field_4,12,0.05,0,0,2,12,0.13,0,5,6,22,0.08,0,1,1,1,0.20,0,6,6,0,0.15,9,0,0,19,0.15,3,0,0,21,0.03,0,0,2,1,0.05,0,0,1,9,0.03,0,0,2,6,0.02,0,0,3,5,0.04,0,0,2,13,0.03,0,0,1
265,121,0,0,12,0,12,0,1,MOVING_TO_FIELD,Field_2,1,MOVING_TO_FIELD,Field_2,1,MOVING_TO_FIELD,Field_2,1,MOVING_TO_FIELD,Field_4,1,MOVING_TO_FIELD,Field_4,1,PROTECTING,Field_6,1,PROTECTING,Field_6,1,PROTECTING,Field_5,1,PROTECTING,Field_6,1,PROTECTING,Field_5,1,PROTECTING,Field_5,1,PROTECTING,Field_5,1,PROTECTING,Field_5,1,PROTECTING,Field_5,1,PROTECTING,Field_5,1,MOVING_TO_FIELD,Field_4,1,MOVING_TO_FIELD,Field_2,1,PROTECTING,Field_5,1,PROTECTING,Field_5,1,MOVING_TO_FIELD,Field_4,1,MOVING_TO_FIELD,Field_2,1,MOVING_TO_FIELD,Field_3,1,MOVING_TO_FIELD,Field_4,1,MOVING_TO_FIELD,Field_4,12,0.03,0,0,2,12,0.12,0,5,6,22,0.09,0,1,1,1,0.22,0,6,6,0,0.15,9,0,0,19,0.15,3,0,0,21,0.04,0,0,2,1,0.05,0,0,1,9,0.05,0,0,2,6,0.02,0,0,3,5,0.04,0,0,2,13,0.03,0,0,1
266,121,0,0,13,0,11,0,1,MOVING_TO_FIELD,Field_2,1,MOVING_TO_FIELD,Field_2,1,MOVING_TO_FIELD,Field_2,1,MOVING_TO_FIELD,Field_4,1,MOVING_TO_FIELD,Field_4,1,PROTECTING,Field_6,1,PROTECTING,Field_6,1,PROTECTING,Field_5,1,PROTECTING,Field_6,1,PROTECTING,Field_5,1,PROTECTING,Field_5,1,PROTECTING,Field_5,1,PROTECTING,Field_5,1,PROTECTING,Field_5,1,PROTECTING,Field_5,1,MOVING_TO_FIELD,Field_4,1,MOVING_TO_FIELD,Field_2,1,PROTECTING,Field_5,1,PROTECTING,Field_5,1,PROTECTING,Field_4,1,MOVING_TO_FIELD,Field_2,1,MOVING_TO_FIELD,Field_3,1,MOVING_TO_FIELD,Field_4,1,MOVING_TO_FIELD,Field_4,12,0.03,0,0,2,12,0.12,0,5,6,22,0.09,0,1,1,1,0.22,1,5,5,0,0.13,9,0,0,19,0.16,3,0,0,21,0.04,0,0,2,1,0.05,0,0,1,9,0.05,0,0,2,6,0.02,0,0,3,5,0.04,0,0,2,13,0.03,0,0,1
267,121,0,0,13,0,11,0,1,MOVING_TO_FIELD,Field_2,1,MOVING_TO_FIELD,Field_2,1,MOVING_TO_FIELD,Field_2,1,MOVING_TO_FIELD,Field_4,1,MOVING_TO_FIELD,Field_4,1,PROTECTING,Field_6,1,PROTECTING,Field_6,1,PROTECTING,Field_5,1,PROTECTING,Field_6,1,PROTECTING,Field_5,1,PROTECTING,Field_5,1,PROTECTING,Field_5,1,PROTECTING,Field_5,1,PROTECTING,Field_5,1,PROTECTING,Field_5,1,MOVING_TO_FIELD,Field_4,1,MOVING_TO_FIELD,Field_2,1,PROTECTING,Field_5,1,PROTECTING,Field_5,1,PROTECTING,Field_4,1,MOVING_TO_FIELD,Field_2,1,MOVING_TO_FIELD,Field_3,1,MOVING_TO_FIELD,Field_4,1,MOVING_TO_FIELD,Field_4,12,0.03,0,0,2,12,0.12,0,5,6,22,0.09,0,1,1,1,0.22,1,5,5,0,0.12,9,0,0,19,0.16,3,0,0,21,0.04,0,0,2,1,0.07,0,0,1,9,0.05,0,0,2,6,0.02,0,0,3,5,0.04,0,0,2,13,0.03,0,0,1
268,122,0,0,13,0,11,0,1,MOVING_TO_FIELD,Field_2,1,MOVING_TO_FIELD,Field_2,1,MOVING_TO_FIELD,Field_2,1,MOVING_TO_FIELD,Field_4,1,MOVING_TO_FIELD,Field_4,1,PROTECTING,Field_6,1,PROTECTING,Field_6,1,PROTECTING,Field_5,1,PROTECTING,Field_6,1,PROTECTING,Field_5,1,PROTECTING,Field_5,1,PROTECTING,Field_5,1,PROTECTING,Field_5,1,PROTECTING,Field_5,1,PROTECTING,Field_5,1,MOVING_TO_FIELD,Field_4,1,MOVING_TO_FIELD,Field_2,1,PROTECTING,Field_5,1,PROTECTING,Field_5,1,PROTECTING,Field_4,1,MOVING_TO_FIELD,Field_2,1,MOVING_TO_FIELD,Field_3,1,MOVING_TO_FIELD,Field_4,1,MOVING_TO_FIELD,Field_4,12,0.02,0,0,2,12,0.11,0,5,6,23,0.09,0,1,1,1,0.23,1,5,5,0,0.13,9,0,0,19,0.19,3,0,0,21,0.05,0,0,2,1,0.10,0,0,1,9,0.05,0,0,2,6,0.02,0,0,3,5,0.02,0,0,2,13,0.03,0,0,1
269,122,0,0,13,0,11,0,1,MOVING_TO_FIELD,Field_2,1,MOVING_TO_FIELD,Field_2,1,MOVING_TO_FIELD,Field_2,1,MOVING_TO_FIELD,Field_4,1,MOVING_TO_FIELD,Field_4,1,PROTECTING,Field_6,1,PROTECTING,Field_6,1,PROTECTING,Field_5,1,PROTECTING,Field_6,1,PROTECTING,Field_5,1,PROTECTING,Field_5,1,PROTECTING,Field_5,1,PROTECTING,Field_5,1,PROTECTING,Field_5,1,PROTECTING,Field_5,1,MOVING_TO_FIELD,Field_4,1,MOVING_TO_FIELD,Field_2,1,PROTECTING,Field_5,1,PROTECTING,Field_5,1,PROTECTING,Field_4,1,MOVING_TO_FIELD,Field_2,1,MOVING_TO_FIELD,Field_3,1,MOVING_TO_FIELD,Field_4,1,MOVING_TO_FIELD,Field_4,12,0.02,0,0,2,12,0.11,0,5,6,23,0.11,0,1,1,1,0.23,1,5,5,0,0.13,9,0,0,19,0.19,3,0,0,21,0.06,0,0,2,1,0.10,0,0,1,9,0.05,0,0,2,6,0.02,0,0,3,5,0.02,0,0,2,13,0.03,0,0,1
270,122,0,0,15,0,9,0,1,MOVING_TO_FIELD,Field_2,1,MOVING_TO_FIELD,Field_2,1,MOVING_TO_FIELD,Field_2,1,MOVING_TO_FIELD,Field_4,1,MOVING_TO_FIELD,Field_4,1,PROTECTING,Field_6,1,PROTECTING,Field_6,1,PROTECTING,Field_5,1,PROTECTING,Field_6,1,PROTECTING,Field_5,1,PROTECTING,Field_5,1,PROTECTING,Field_5,1,PROTECTING,Field_5,1,PROTECTING,Field_5,1,PROTECTING,Field_5,1,MOVING_TO_FIELD,Field_4,1,MOVING_TO_FIELD,Field_2,1,PROTECTING,Field_5,1,PROTECTING,Field_5,1,PROTECTING,Field_4,1,MOVING_TO_FIELD,Field_2,1,PROTECTING,Field_3,1,MOVING_TO_FIELD,Field_4,1,PROTECTING,Field_4,12,0.02,0,0,2,12,0.11,0,5,6,23,0.12,1,0,0,1,0.23,2,4,4,0,0.13,9,0,0,19,0.16,3,0,0,21,0.08,0,0,2,1,0.10,0,0,1,9,0.06,0,0,2,6,0.00,0,0,3,5,0.02,0,0,2,13,0.03,0,0,1
271,122,0,0,15,0,9,0,1,MOVING_TO_FIELD,Field_2,1,MOVING_TO_FIELD,Field_2,1,MOVING_TO_FIELD,Field_2,1,MOVING_TO_FIELD,Field_4,1,MOVING_TO_FIELD,Field_4,1,PROTECTING,Field_6,1,PROTECTING,Field_6,1,PROTECTING,Field_5,1,PROTECTING,Field_6,1,PROTECTING,Field_5,1,PROTECTING,Field_5,1,PROTECTING,Field_5,1,PROTECTING,Field_5,1,PROTECTING,Field_5,1,PROTECTING,Field_5,1,MOVING_TO_FIELD,Field_4,1,MOVING_TO_FIELD,Field_2,1,PROTECTING,Field_5,1,PROTECTING,Field_5,1,PROTECTING,Field_4,1,MOVING_TO_FIELD,Field_2,1,PROTECTING,Field_3,1,MOVING_TO_FIELD,Field_4,1,PROTECTING,Field_4,12,0.03,0,0,2,12,0.11,0,5,6,23,0.11,1,0,0,1,0.23,2,4,4,0,0.13,9,0,0,19,0.16,3,0,0,21,0.08,0,0,2,1,0.10,0,0,1,9,0.06,0,0,2,6,0.02,0,0,3,5,0.02,0,0,2,13,0.00,0,0,1
272,122,0,0,18,0,6,0,1,MOVING_TO_FIELD,Field_2,1,MOVING_TO_FIELD,Field_2,1,PROTECTING,Field_2,1,MOVING_TO_FIELD,Field_4,1,MOVING_TO_FIELD,Field_4,1,PROTECTING,Field_6,1,PROTECTING,Field_6,1,PROTECTING,Field_5,1,PROTECTING,Field_6,1,PROTECTING,Field_5,1,PROTECTING,Field_5,1,PROTECTING,Field_5,1,PROTECTING,Field_5,1,PROTECTING,Field_5,1,PROTECTING,Field_5,1,MOVING_TO_FIELD,Field_4,1,MOVING_TO_FIELD,Field_2,1,PROTECTING,Field_5,1,PROTECTING,Field_5,1,PROTECTING,Field_4,1,PROTECTING,Field_2,1,PROTECTING,Field_3,1,PROTECTING,Field_4,1,PROTECTING,Field_4,12,0.03,0,0,2,12,0.11,2,3,4,23,0.11,1,0,0,1,0.23,3,3,3,0,0.12,9,0,0,19,0.14,3,0,0,21,0.08,0,0,2,1,0.10,0,0,1,9,0.06,0,0,2,6,0.00,0,0,3,5,0.02,0,0,2,13,0.00,0,0,1
273,122,0,0,18,0,6,0,1,MOVING_TO_FIELD,Field_2,1,MOVING_TO_FIELD,Field_2,1,PROTECTING,Field_2,1,MOVING_TO_FIELD,Field_4,1,MOVING_TO_FIELD,Field_4,1,PROTECTING,Field_6,1,PROTECTING,Field_6,1,PROTECTING,Field_5,1,PROTECTING,Field_6,1,PROTECTING,Field_5,1,PROTECTING,Field_5,1,PROTECTING,Field_5,1,PROTECTING,Field_5,1,PROTECTING,Field_5,1,PROTECTING,Field_5,1,MOVING_TO_FIELD,Field_4,1,MOVING_TO_FIELD,Field_2,1,PROTECTING,Field_5,1,PROTECTING,Field_5,1,PROTECTING,Field_4,1,PROTECTING,Field_2,1,PROTECTING,Field_3,1,PROTECTING,Field_4,1,PROTECTING,Field_4,12,0.05,0,0,2,12,0.12,2,3,4,23,0.11,1,0,0,1,0.23,3,3,3,0,0.11,9,0,0,19,0.13,3,0,0,21,0.09,0,0,2,1,0.10,0,0,1,9,0.05,0,0,2,6,0.00,0,0,3,5,0.02,0,0,2,13,0.00,0,0,1
274,123,0,0,18,0,6,0,1,MOVING_TO_FIELD,Field_2,1,MOVING_TO_FIELD,Field_2,1,PROTECTING,Field_2,1,MOVING_TO_FIELD,Field_4,1,MOVING_TO_FIELD,Field_4,1,PROTECTING,Field_6,1,PROTECTING,Field_6,1,PROTECTING,Field_5,1,PROTECTING,Field_6,1,PROTECTING,Field_5,1,PROTECTING,Field_5,1,PROTECTING,Field_5,1,PROTECTING,Field_5,1,PROTECTING,Field_5,1,PROTECTING,Field_5,1,MOVING_TO_FIELD,Field_4,1,MOVING_TO_FIELD,Field_2,1,PROTECTING,Field_5,1,PROTECTING,Field_5,1,PROTECTING,Field_4,1,PROTECTING,Field_2,1,PROTECTING,Field_3,1,PROTECTING,Field_4,1,PROTECTING,Field_4,12,0.05,0,0,2,12,0.12,2,3,4,23,0.09,1,0,0,1,0.23,3,3,3,0,0.12,9,0,0,19,0.11,3,0,0,21,0.08,0,0,2,2,0.10,0,0,1,9,0.05,0,0,2,6,0.00,0,0,3,5,0.04,0,0,2,13,0.00,0,0,1
275,123,0,0,19,0,5,0,1,MOVING_TO_FIELD,Field_2,1,MOVING_TO_FIELD,Field_2,1,PROTECTING,Field_2,1,MOVING_TO_FIELD,Field_4,1,MOVING_TO_FIELD,Field_4,1,PROTECTING,Field_6,1,PROTECTING,Field_6,1,PROTECTING,Field_5,1,PROTECTING,Field_6,1,PROTECTING,Field_5,1,PROTECTING,Field_5,1,PROTECTING,Field_5,1,PROTECTING,Field_5,1,PROTECTING,Field_5,1,PROTECTING,Field_5,1,PROTECTING,Field_4,1,MOVING_TO_FIELD,Field_2,1,PROTECTING,Field_5,1,PROTECTING,Field_5,1,PROTECTING,Field_4,1,PROTECTING,Field_2,1,PROTECTING,Field_3,1,PROTECTING,Field_4,1,PROTECTING,Field_4,12,0.06,0,0,2,12,0.13,2,3,4,23,0.08,1,0,0,1,0.23,4,2,2,0,0.12,9,0,0,19,0.09,3,0,0,21,0.09,0,0,2,2,0.12,0,0,1,9,0.05,0,0,2,6,0.00,0,0,3,5,0.04,0,0,2,13,0.00,0,0,1
276,123,0,0,19,0,5,0,1,MOVING_TO_FIELD,Field_2,1,MOVING_TO_FIELD,Field_2,1,PROTECTING,Field_2,1,MOVING_TO_FIELD,Field_4,1,MOVING_TO_FIELD,Field_4,1,PROTECTING,Field_6,1,PROTECTING,Field_6,1,PROTECTING,Field_5,1,PROTECTING,Field_6,1,PROTECTING,Field_5,1,PROTECTING,Field_5,1,PROTECTING,Field_5,1,PROTECTING,Field_5,1,PROTECTING,Field_5,1,PROTECTING,Field_5,1,PROTECTING,Field_4,1,MOVING_TO_FIELD,Field_2,1,PROTECTING,Field_5,1,PROTECTING,Field_5,1,PROTECTING,Field_4,1,PROTECTING,Field_2,1,PROTECTING,Field_3,1,PROTECTING,Field_4,1,PROTECTING,Field_4,12,0.06,0,0,2,12,0.12,2,3,4,23,0.07,1,0,0,1,0.23,4,2,2,0,0.11,9,0,0,19,0.12,3,0,0,21,0.09,0,0,2,2,0.12,0,0,1,9,0.05,0,0,2,6,0.00,0,0,3,5,0.04,0,0,2,13,0.00,0,0,1
277,123,0,0,20,0,4,0,1,MOVING_TO_FIELD,Field_2,1,MOVING_TO_FIELD,Field_2,1,PROTECTING,Field_2,1,MOVING_TO_FIELD,Field_4,1,MOVING_TO_FIELD,Field_4,1,PROTECTING,Field_6,1,PROTECTING,Field_6,1,PROTECTING,Field_5,1,PROTECTING,Field_6,1,PROTECTING,Field_5,1,PROTECTING,Field_5,1,PROTECTING,Field_5,1,PROTECTING,Field_5,1,PROTECTING,Field_5,1,PROTECTING,Field_5,1,PROTECTING,Field_4,1,PROTECTING,Field_2,1,PROTECTING,Field_5,1,PROTECTING,Field_5,1,PROTECTING,Field_4,1,PROTECTING,Field_2,1,PROTECTING,Field_3,1,PROTECTING,Field_4,1,PROTECTING,Field_4,12,0.06,0,0,2,12,0.12,3,2,3,23,0.07,1,0,0,1,0.22,4,2,2,0,0.11,9,0,0,19,0.11,3,0,0,21,0.08,0,0,2,2,0.12,0,0,1,9,0.05,0,0,2,6,0.00,0,0,3,5,0.04,0,0,2,13,0.03,0,0,1
278,123,0,0,22,0,2,0,1,MOVING_TO_FIELD,Field_2,1,MOVING_TO_FIELD,Field_2,1,PROTECTING,Field_2,1,PROTECTING,Field_4,1,PROTECTING,Field_4,1,PROTECTING,Field_6,1,PROTECTING,Field_6,1,PROTECTING,Field_5,1,PROTECTING,Field_6,1,PROTECTING,Field_5,1,PROTECTING,Field_5,1,PROTECTING,Field_5,1,PROTECTING,Field_5,1,PROTECTING,Field_5,1,PROTECTING,Field_5,1,PROTECTING,Field_4,1,PROTECTING,Field_2,1,PROTECTING,Field_5,1,PROTECTING,Field_5,1,PROTECTING,Field_4,1,PROTECTING,Field_2,1,PROTECTING,Field_3,1,PROTECTING,Field_4,1,PROTECTING,Field_4,12,0.06,0,0,2,12,0.11,3,2,3,23,0.07,1,0,0,1,0.22,6,0,0,0,0.11,9,0,0,19,0.09,3,0,0,21,0.10,0,0,2,2,0.12,0,0,1,9,0.05,0,0,2,6,0.00,0,0,3,5,0.04,0,0,2,13,0.03,0,0,1
279,123,0,0,22,0,2,0,1,MOVING_TO_FIELD,Field_2,1,MOVING_TO_FIELD,Field_2,1,PROTECTING,Field_2,1,PROTECTING,Field_4,1,PROTECTING,Field_4,1,PROTECTING,Field_6,1,PROTECTING,Field_6,1,PROTECTING,Field_5,1,PROTECTING,Field_6,1,PROTECTING,Field_5,1,PROTECTING,Field_5,1,PROTECTING,Field_5,1,PROTECTING,Field_5,1,PROTECTING,Field_5,1,PROTECTING,Field_5,1,PROTECTING,Field_4,1,PROTECTING,Field_2,1,PROTECTING,Field_5,1,PROTECTING,Field_5,1,PROTECTING,Field_4,1,PROTECTING,Field_2,1,PROTECTING,Field_3,1,PROTECTING,Field_4,1,PROTECTING,Field_4,12,0.06,0,0,2,12,0.12,3,2,3,23,0.03,1,0,0,1,0.22,6,0,0,0,0.10,9,0,0,19,0.13,3,0,0,21,0.10,0,0,2,2,0.12,0,0,1,9,0.05,0,0,2,6,0.00,0,0,3,5,0.04,0,0,2,13,0.03,0,0,1
280,123,0,0,22,0,2,0,1,MOVING_TO_FIELD,Field_2,1,MOVING_TO_FIELD,Field_2,1,PROTECTING,Field_2,1,PROTECTING,Field_4,1,PROTECTING,Field_4,1,PROTECTING,Field_6,1,PROTECTING,Field_6,1,PROTECTING,Field_5,1,PROTECTING,Field_6,1,PROTECTING,Field_5,1,PROTECTING,Field_5,1,PROTECTING,Field_5,1,PROTECTING,Field_5,1,PROTECTING,Field_5,1,PROTECTING,Field_5,1,PROTECTING,Field_4,1,PROTECTING,Field_2,1,PROTECTING,Field_5,1,PROTECTING,Field_5,1,PROTECTING,Field_4,1,PROTECTING,Field_2,1,PROTECTING,Field_3,1,PROTECTING,Field_4,1,PROTECTING,Field_4,12,0.06,0,0,2,12,0.12,3,2,3,23,0.01,1,0,0,1,0.22,6,0,0,0,0.10,9,0,0,19,0.13,3,0,0,21,0.09,0,0,2,2,0.12,0,0,1,9,0.05,0,0,2,6,0.00,0,0,3,5,0.04,0,0,2,13,0.03,0,0,1
281,123,0,0,21,0,3,0,1,MOVING_TO_FIELD,Field_2,1,MOVING_TO_FIELD,Field_2,1,PROTECTING,Field_2,1,PROTECTING,Field_4,1,PROTECTING,Field_4,1,PROTECTING,Field_6,1,PROTECTING,Field_6,1,PROTECTING,Field_5,1,PROTECTING,Field_6,1,PROTECTING,Field_5,1,PROTECTING,Field_5,1,PROTECTING,Field_5,1,PROTECTING,Field_5,1,PROTECTING,Field_5,1,PROTECTING,Field_5,1,PROTECTING,Field_4,1,PROTECTING,Field_2,1,PROTECTING,Field_5,1,PROTECTING,Field_5,1,PROTECTING,Field_4,1,PROTECTING,Field_2,1,MOVING_TO_FIELD,Field_2,1,PROTECTING,Field_4,1,PROTECTING,Field_4,12,0.06,0,0,2,12,0.14,3,3,3,23,0.01,0,0,1,1,0.22,6,0,0,0,0.10,9,0,0,19,0.12,3,0,0,21,0.08,0,0,2,2,0.12,0,0,1,9,0.05,0,0,2,6,0.00,0,0,3,5,0.07,0,0,2,13,0.03,0,0,1
282,124,0,0,21,0,3,0,1,MOVING_TO_FIELD,Field_2,1,MOVING_TO_FIELD,Field_2,1,PROTECTING,Field_2,1,PROTECTING,Field_4,1,PROTECTING,Field_4,1,PROTECTING,Field_6,1,PROTECTING,Field_6,1,PROTECTING,Field_5,1,PROTECTING,Field_6,1,PROTECTING,Field_5,1,PROTECTING,Field_5,1,PROTECTING,Field_5,1,PROTECTING,Field_5,1,PROTECTING,Field_5,1,PROTECTING,Field_5,1,PROTECTING,Field_4,1,PROTECTING,Field_2,1,PROTECTING,Field_5,1,PROTECTING,Field_5,1,PROTECTING,Field_4,1,PROTECTING,Field_2,1,MOVING_TO_FIELD,Field_2,1,PROTECTING,Field_4,1,PROTECTING,Field_4,12,0.08,0,0,2,12,0.15,3,3,3,23,0.03,0,0,1,1,0.20,6,0,0,0,0.10,9,0,0,19,0.12,3,0,0,21,0.07,0,0,2,3,0.12,0,0,1,9,0.06,0,0,2,6,0.00,0,0,3,5,0.07,0,0,2,13,0.03,0,0,1
283,124,0,0,21,0,3,0,1,MOVING_TO_FIELD,Field_2,1,MOVING_TO_FIELD,Field_2,1,PROTECTING,Field_2,1,PROTECTING,Field_4,1,PROTECTING,Field_4,1,PROTECTING,Field_6,1,PROTECTING,Field_6,1,PROTECTING,Field_5,1,PROTECTING,Field_6,1,PROTECTING,Field_5,1,PROTECTING,Field_5,1,PROTECTING,Field_5,1,PROTECTING,Field_5,1,PROTECTING,Field_5,1,PROTECTING,Field_5,1,PROTECTING,Field_4,1,PROTECTING,Field_2,1,PROTECTING,Field_5,1,PROTECTING,Field_5,1,PROTECTING,Field_4,1,PROTECTING,Field_2,1,MOVING_TO_FIELD,Field_2,1,PROTECTING,Field_4,1,PROTECTING,Field_4,12,0.08,0,0,2,12,0.16,3,3,3,23,0.03,0,0,1,1,0.19,6,0,0,0,0.10,9,0,0,19,0.13,3,0,0,21,0.07,0,0,2,3,0.10,0,0,1,9,0.06,0,0,2,6,0.00,0,0,3,5,0.07,0,0,2,13,0.03,0,0,1
284,124,0,0,21,0,3,0,1,MOVING_TO_FIELD,Field_2,1,MOVING_TO_FIELD,Field_2,1,PROTECTING,Field_2,1,PROTECTING,Field_4,1,PROTECTING,Field_4,1,PROTECTING,Field_6,1,PROTECTING,Field_6,1,PROTECTING,Field_5,1,PROTECTING,Field_6,1,PROTECTING,Field_5,1,PROTECTING,Field_5,1,PROTECTING,Field_5,1,PROTECTING,Field_5,1,PROTECTING,Field_5,1,PROTECTING,Field_5,1,PROTECTING,Field_4,1,PROTECTING,Field_2,1,PROTECTING,Field_5,1,PROTECTING,Field_5,1,PROTECTING,Field_4,1,PROTECTING,Field_2,1,MOVING_TO_FIELD,Field_2,1,PROTECTING,Field_4,1,PROTECTING,Field_4,12,0.08,0,0,2,12,0.16,3,3,3,23,0.03,0,0,1,1,0.20,6,0,0,0,0.09,9,0,0,19,0.13,3,0,0,21,0.09,0,0,2,3,0.07,0,0,1,9,0.06,0,0,2,6,0.00,0,0,3,5,0.07,0,0,2,13,0.03,0,0,1
285,124,0,0,21,0,3,0,1,MOVING_TO_FIELD,Field_2,1,MOVING_TO_FIELD,Field_2,1,PROTECTING,Field_2,1,PROTECTING,Field_4,1,PROTECTING,Field_4,1,PROTECTING,Field_6,1,PROTECTING,Field_6,1,PROTECTING,Field_5,1,PROTECTING,Field_6,1,PROTECTING,Field_5,1,PROTECTING,Field_5,1,PROTECTING,Field_5,1,PROTECTING,Field_5,1,PROTECTING,Field_5,1,PROTECTING,Field_5,1,PROTECTING,Field_4,1,PROTECTING,Field_2,1,PROTECTING,Field_5,1,PROTECTING,Field_5,1,PROTECTING,Field_4,1,PROTECTING,Field_2,1,MOVING_TO_FIELD,Field_2,1,PROTECTING,Field_4,1,PROTECTING,Field_4,12,0.10,0,0,2,12,0.16,3,3,3,23,0.03,0,0,1,1,0.19,6,0,0,0,0.10,9,0,0,19,0.13,3,0,0,21,0.08,0,0,2,3,0.07,0,0,1,9,0.06,0,0,2,6,0.00,0,0,3,5,0.07,0,0,2,13,0.03,0,0,1
286,124,0,0,22,0,2,0,1,PROTECTING,Field_2,1,MOVING_TO_FIELD,Field_2,1,PROTECTING,Field_2,1,PROTECTING,Field_4,1,PROTECTING,Field_4,1,PROTECTING,Field_6,1,PROTECTING,Field_6,1,PROTECTING,Field_5,1,PROTECTING,Field_6,1,PROTECTING,Field_5,1,PROTECTING,Field_5,1,PROTECTING,Field_5,1,PROTECTING,Field_5,1,PROTECTING,Field_5,1,PROTECTING,Field_5,1,PROTECTING,Field_4,1,PROTECTING,Field_2,1,PROTECTING,Field_5,1,PROTECTING,Field_5,1,PROTECTING,Field_4,1,PROTECTING,Field_2,1,MOVING_TO_FIELD,Field_2,1,PROTECTING,Field_4,1,PROTECTING,Field_4,12,0.08,0,0,2,12,0.17,4,2,2,23,0.03,0,0,1,1,0.18,6,0,0,0,0.09,9,0,0,19,0.11,3,0,0,21,0.08,0,0,2,3,0.07,0,0,1,9,0.05,0,0,2,6,0.00,0,0,3,5,0.07,0,0,2,13,0.03,0,0,1
287,124,0,0,22,0,2,0,1,PROTECTING,Field_2,1,MOVING_TO_FIELD,Field_2,1,PROTECTING,Field_2,1,PROTECTING,Field_4,1,PROTECTING,Field_4,1,PROTECTING,Field_6,1,PROTECTING,Field_6,1,PROTECTING,Field_5,1,PROTECTING,Field_6,1,PROTECTING,Field_5,1,PROTECTING,Field_5,1,PROTECTING,Field_5,1,PROTECTING,Field_5,1,PROTECTING,Field_5,1,PROTECTING,Field_5,1,PROTECTING,Field_4,1,PROTECTING,Field_2,1,PROTECTING,Field_5,1,PROTECTING,Field_5,1,PROTECTING,Field_4,1,PROTECTING,Field_2,1,MOVING_TO_FIELD,Field_2,1,PROTECTING,Field_4,1,PROTECTING,Field_4,12,0.10,0,0,2,12,0.17,4,2,2,23,0.03,0,0,1,1,0.18,6,0,0,0,0.08,9,0,0,19,0.11,3,0,0,21,0.08,0,0,2,3,0.07,0,0,1,9,0.05,0,0,2,6,0.00,0,0,3,5,0.07,0,0,2,13,0.03,0,0,1
288,124,0,0,23,0,1,0,1,PROTECTING,Field_2,1,PROTECTING,Field_2,1,PROTECTING,Field_2,1,PROTECTING,Field_4,1,PROTECTING,Field_4,1,PROTECTING,Field_6,1,PROTECTING,Field_6,1,PROTECTING,Field_5,1,PROTECTING,Field_6,1,PROTECTING,Field_5,1,PROTECTING,Field_5,1,PROTECTING,Field_5,1,PROTECTING,Field_5,1,PROTECTING,Field_5,1,PROTECTING,Field_5,1,PROTECTING,Field_4,1,PROTECTING,Field_2,1,PROTECTING,Field_5,1,PROTECTING,Field_5,1,PROTECTING,Field_4,1,PROTECTING,Field_2,1,MOVING_TO_FIELD,Field_2,1,PROTECTING,Field_4,1,PROTECTING,Field_4,12,0.10,0,0,2,12,0.15,5,1,1,23,0.03,0,0,1,1,0.16,6,0,0,0,0.08,9,0,0,19,0.11,3,0,0,21,0.09,0,0,2,3,0.07,0,0,1,9,0.05,0,0,2,6,0.00,0,0,3,5,0.07,0,0,2,13,0.03,0,0,1
289,124,0,0,23,0,1,0,1,PROTECTING,Field_2,1,PROTECTING,Field_2,1,PROTECTING,Field_2,1,PROTECTING,Field_4,1,PROTECTING,Field_4,1,PROTECTING,Field_6,1,PROTECTING,Field_6,1,PROTECTING,Field_5,1,PROTECTING,Field_6,1,PROTECTING,Field_5,1,PROTECTING,Field_5,1,PROTECTING,Field_5,1,PROTECTING,Field_5,1,PROTECTING,Field_5,1,PROTECTING,Field_5,1,PROTECTING,Field_4,1,PROTECTING,Field_2,1,PROTECTING,Field_5,1,PROTECTING,Field_5,1,PROTECTING,Field_4,1,PROTECTING,Field_2,1,MOVING_TO_FIELD,Field_2,1,PROTECTING,Field_4,1,PROTECTING,Field_4,12,0.10,0,0,2,12,0.16,5,1,1,23,0.07,0,0,1,1,0.15,6,0,0,0,0.07,9,0,0,19,0.11,3,0,0,21,0.08,0,0,2,3,0.02,0,0,1,9,0.05,0,0,2,6,0.00,0,0,3,5,0.07,0,0,2,13,0.03,0,0,1
290,124,0,0,23,0,1,0,1,PROTECTING,Field_2,1,PROTECTING,Field_2,1,PROTECTING,Field_2,1,PROTECTING,Field_4,1,PROTECTING,Field_4,1,PROTECTING,Field_6,1,PROTECTING,Field_6,1,PROTECTING,Field_5,1,PROTECTING,Field_6,1,PROTECTING,Field_5,1,PROTECTING,Field_5,1,PROTECTING,Field_5,1,PROTECTING,Field_5,1,PROTECTING,Field_5,1,PROTECTING,Field_5,1,PROTECTING,Field_4,1,PROTECTING,Field_2,1,PROTECTING,Field_5,1,PROTECTING,Field_5,1,PROTECTING,Field_4,1,PROTECTING,Field_2,1,MOVING_TO_FIELD,Field_2,1,PROTECTING,Field_4,1,PROTECTING,Field_4,12,0.08,0,0,2,12,0.17,5,1,1,23,0.09,0,0,1,1,0.15,6,0,0,0,0.07,9,0,0,19,0.11,3,0,0,21,0.07,0,0,2,3,0.02,0,0,1,9,0.05,0,0,2,6,0.00,0,0,3,5,0.07,0,0,2,13,0.03,0,0,1
291,124,0,0,23,0,1,0,1,PROTECTING,Field_2,1,PROTECTING,Field_2,1,PROTECTING,Field_2,1,PROTECTING,Field_4,1,PROTECTING,Field_4,1,PROTECTING,Field_6,1,PROTECTING,Field_6,1,PROTECTING,Field_5,1,PROTECTING,Field_6,1,PROTECTING,Field_5,1,PROTECTING,Field_5,1,PROTECTING,Field_5,1,PROTECTING,Field_5,1,PROTECTING,Field_5,1,PROTECTING,Field_5,1,PROTECTING,Field_4,1,PROTECTING,Field_2,1,PROTECTING,Field_5,1,PROTECTING,Field_5,1,PROTECTING,Field_4,1,PROTECTING,Field_2,1,MOVING_TO_FIELD,Field_2,1,PROTECTING,Field_4,1,PROTECTING,Field_4,12,0.08,0,0,2,12,0.17,5,1,1,23,0.09,0,0,1,1,0.11,6,0,0,0,0.08,9,0,0,19,0.08,3,0,0,21,0.06,0,0,2,3,0.02,0,0,1,9,0.05,0,0,2,6,0.00,0,0,3,5,0.07,0,0,2,13,0.03,0,0,1
292,125,0,0,23,0,1,0,1,PROTECTING,Field_2,1,PROTECTING,Field_2,1,PROTECTING,Field_2,1,PROTECTING,Field_4,1,PROTECTING,Field_4,1,PROTECTING,Field_6,1,PROTECTING,Field_6,1,PROTECTING,Field_5,1,PROTECTING,Field_6,1,PROTECTING,Field_5,1,PROTECTING,Field_5,1,PROTECTING,Field_5,1,PROTECTING,Field_5,1,PROTECTING,Field_5,1,PROTECTING,Field_5,1,PROTECTING,Field_4,1,PROTECTING,Field_2,1,PROTECTING,Field_5,1,PROTECTING,Field_5,1,PROTECTING,Field_4,1,PROTECTING,Field_2,1,MOVING_TO_FIELD,Field_2,1,PROTECTING,Field_4,1,PROTECTING,Field_4,12,0.08,0,0,2,12,0.18,5,1,1,23,0.08,0,0,1,1,0.12,6,0,0,0,0.08,9,0,0,19,0.08,3,0,0,22,0.06,0,0,2,3,0.02,0,0,1,9,0.06,0,0,2,6,0.00,0,0,3,5,0.07,0,0,2,13,0.03,0,0,1
293,125,0,0,23,0,1,0,1,PROTECTING,Field_2,1,PROTECTING,Field_2,1,PROTECTING,Field_2,1,PROTECTING,Field_4,1,PROTECTING,Field_4,1,PROTECTING,Field_6,1,PROTECTING,Field_6,1,PROTECTING,Field_5,1,PROTECTING,Field_6,1,PROTECTING,Field_5,1,PROTECTING,Field_5,1,PROTECTING,Field_5,1,PROTECTING,Field_5,1,PROTECTING,Field_5,1,PROTECTING,Field_5,1,PROTECTING,Field_4,1,PROTECTING,Field_2,1,PROTECTING,Field_5,1,PROTECTING,Field_5,1,PROTECTING,Field_4,1,PROTECTING,Field_2,1,MOVING_TO_FIELD,Field_2,1,PROTECTING,Field_4,1,PROTECTING,Field_4,12,0.08,0,0,2,12,0.18,5,1,1,23,0.07,0,0,1,1,0.09,6,0,0,0,0.08,9,0,0,19,0.07,3,0,0,22,0.06,0,0,2,3,0.02,0,0,1,9,0.06,0,0,2,6,0.00,0,0,3,5,0.09,0,0,2,13,0.03,0,0,1
294,125,0,0,23,0,1,0,1,PROTECTING,Field_2,1,PROTECTING,Field_2,1,PROTECTING,Field_2,1,PROTECTING,Field_4,1,PROTECTING,Field_4,1,PROTECTING,Field_6,1,PROTECTING,Field_6,1,PROTECTING,Field_5,1,PROTECTING,Field_6,1,PROTECTING,Field_5,1,PROTECTING,Field_5,1,PROTECTING,Field_5,1,PROTECTING,Field_5,1,PROTECTING,Field_5,1,PROTECTING,Field_5,1,PROTECTING,Field_4,1,PROTECTING,Field_2,1,PROTECTING,Field_5,1,PROTECTING,Field_5,1,PROTECTING,Field_4,1,PROTECTING,Field_2,1,MOVING_TO_FIELD,Field_2,1,PROTECTING,Field_4,1,PROTECTING,Field_4,12,0.08,0,0,2,12,0.16,5,1,1,23,0.05,0,0,1,1,0.09,6,0,0,0,0.08,9,0,0,19,0.09,3,0,0,22,0.06,0,0,2,3,0.02,0,0,1,9,0.06,0,0,2,6,0.00,0,0,3,5,0.09,0,0,2,13,0.03,0,0,1
295,126,0,0,23,0,1,0,1,PROTECTING,Field_2,1,PROTECTING,Field_2,1,PROTECTING,Field_2,1,PROTECTING,Field_4,1,PROTECTING,Field_4,1,PROTECTING,Field_6,1,PROTECTING,Field_6,1,PROTECTING,Field_5,1,PROTECTING,Field_6,1,PROTECTING,Field_5,1,PROTECTING,Field_5,1,PROTECTING,Field_5,1,PROTECTING,Field_5,1,PROTECTING,Field_5,1,PROTECTING,Field_5,1,PROTECTING,Field_4,1,PROTECTING,Field_2,1,PROTECTING,Field_5,1,PROTECTING,Field_5,1,PROTECTING,Field_4,1,PROTECTING,Field_2,1,MOVING_TO_FIELD,Field_2,1,PROTECTING,Field_4,1,PROTECTING,Field_4,13,0.10,0,0,2,12,0.16,5,1,1,23,0.05,0,0,1,1,0.08,6,0,0,0,0.10,9,0,0,19,0.09,3,0,0,22,0.06,0,0,2,3,0.02,0,0,1,9,0.05,0,0,2,6,0.00,0,0,3,5,0.07,0,0,2,13,0.03,0,0,1
296,126,0,0,23,0,1,0,1,PROTECTING,Field_2,1,PROTECTING,Field_2,1,PROTECTING,Field_2,1,PROTECTING,Field_4,1,PROTECTING,Field_4,1,PROTECTING,Field_6,1,PROTECTING,Field_6,1,PROTECTING,Field_5,1,PROTECTING,Field_6,1,PROTECTING,Field_5,1,PROTECTING,Field_5,1,PROTECTING,Field_5,1,PROTECTING,Field_5,1,PROTECTING,Field_5,1,PROTECTING,Field_5,1,PROTECTING,Field_4,1,PROTECTING,Field_2,1,PROTECTING,Field_5,1,PROTECTING,Field_5,1,PROTECTING,Field_4,1,PROTECTING,Field_2,1,MOVING_TO_FIELD,Field_2,1,PROTECTING,Field_4,1,PROTECTING,Field_4,13,0.11,0,0,2,12,0.16,5,1,1,23,0.05,0,0,1,1,0.08,6,0,0,0,0.10,9,0,0,19,0.09,3,0,0,22,0.06,0,0,2,3,0.02,0,0,1,9,0.06,0,0,2,6,0.00,0,0,3,5,0.07,0,0,2,13,0.03,0,0,1
297,127,0,0,23,0,1,0,1,PROTECTING,Field_2,1,PROTECTING,Field_2,1,PROTECTING,Field_2,1,PROTECTING,Field_4,1,PROTECTING,Field_4,1,PROTECTING,Field_6,1,PROTECTING,Field_6,1,PROTECTING,Field_5,1,PROTECTING,Field_6,1,PROTECTING,Field_5,1,PROTECTING,Field_5,1,PROTECTING,Field_5,1,PROTECTING,Field_5,1,PROTECTING,Field_5,1,PROTECTING,Field_5,1,PROTECTING,Field_4,1,PROTECTING,Field_2,1,PROTECTING,Field_5,1,PROTECTING,Field_5,1,PROTECTING,Field_4,1,PROTECTING,Field_2,1,MOVING_TO_FIELD,Field_2,1,PROTECTING,Field_4,1,PROTECTING,Field_4,13,0.15,0,0,2,12,0.19,5,1,1,24,0.07,0,0,1,1,0.09,6,0,0,0,0.10,9,0,0,19,0.08,3,0,0,22,0.07,0,0,2,3,0.02,0,0,1,9,0.06,0,0,2,6,0.00,0,0,3,5,0.09,0,0,2,13,0.03,0,0,1
298,127,0,0,24,0,0,0,1,PROTECTING,Field_2,1,PROTECTING,Field_2,1,PROTECTING,Field_2,1,PROTECTING,Field_4,1,PROTECTING,Field_4,1,PROTECTING,Field_6,1,PROTECTING,Field_6,1,PROTECTING,Field_5,1,PROTECTING,Field_6,1,PROTECTING,Field_5,1,PROTECTING,Field_5,1,PROTECTING,Field_5,1,PROTECTING,Field_5,1,PROTECTING,Field_5,1,PROTECTING,Field_5,1,PROTECTING,Field_4,1,PROTECTING,Field_2,1,PROTECTING,Field_5,1,PROTECTING,Field_5,1,PROTECTING,Field_4,1,PROTECTING,Field_2,1,PROTECTING,Field_2,1,PROTECTING,Field_4,1,PROTECTING,Field_4,13,0.13,0,0,2,12,0.20,6,0,0,24,0.08,0,0,1,1,0.09,6,0,0,0,0.11,9,0,0,19,0.06,3,0,0,22,0.07,0,0,2,3,0.02,0,0,1,9,0.05,0,0,2,6,0.00,0,0,3,5,0.09,0,0,2,13,0.03,0,0,1
299,127,0,0,24,0,0,0,1,PROTECTING,Field_2,1,PROTECTING,Field_2,1,PROTECTING,Field_2,1,PROTECTING,Field_4,1,PROTECTING,Field_4,1,PROTECTING,Field_6,1,PROTECTING,Field_6,1,PROTECTING,Field_5,1,PROTECTING,Field_6,1,PROTECTING,Field_5,1,PROTECTING,Field_5,1,PROTECTING,Field_5,1,PROTECTING,Field_5,1,PROTECTING,Field_5,1,PROTECTING,Field_5,1,PROTECTING,Field_4,1,PROTECTING,Field_2,1,PROTECTING,Field_5,1,PROTECTING,Field_5,1,PROTECTING,Field_4,1,PROTECTING,Field_2,1,PROTECTING,Field_2,1,PROTECTING,Field_4,1,PROTECTING,Field_4,13,0.13,0,0,2,12,0.20,6,0,0,24,0.09,0,0,1,1,0.11,6,0,0,0,0.15,9,0,0,19,0.06,3,0,0,22,0.08,0,0,2,3,0.02,0,0,1,9,0.06,0,0,2,6,0.00,0,0,3,5,0.09,0,0,2,13,0.03,0,0,1
300,127,0,0,24,0,0,0,1,PROTECTING,Field_2,1,PROTECTING,Field_2,1,PROTECTING,Field_2,1,PROTECTING,Field_4,1,PROTECTING,Field_4,1,PROTECTING,Field_6,1,PROTECTING,Field_6,1,PROTECTING,Field_5,1,PROTECTING,Field_6,1,PROTECTING,Field_5,1,PROTECTING,Field_5,1,PROTECTING,Field_5,1,PROTECTING,Field_5,1,PROTECTING,Field_5,1,PROTECTING,Field_5,1,PROTECTING,Field_4,1,PROTECTING,Field_2,1,PROTECTING,Field_5,1,PROTECTING,Field_5,1,PROTECTING,Field_4,1,PROTECTING,Field_2,1,PROTECTING,Field_2,1,PROTECTING,Field_4,1,PROTECTING,Field_4,13,0.11,0,0,2,12,0.20,6,0,0,24,0.07,0,0,1,1,0.11,6,0,0,0,0.17,9,0,0,19,0.06,3,0,0,22,0.07,0,0,2,3,0.02,0,0,1,9,0.05,0,0,2,6,0.00,0,0,3,5,0.07,0,0,2,13,0.05,0,0,1
