step,damage,IDLE,CHARGING,PROTECTING,MOVING_TO_CHARGER,MOVING_TO_FIELD,TERMINATED,Drone_1_battery,Drone_1_state,Drone_1_target,Drone_2_battery,Drone_2_state,Drone_2_target,Drone_3_battery,Drone_3_state,Drone_3_target,Drone_4_battery,Drone_4_state,Drone_4_target,Drone_5_battery,Drone_5_state,Drone_5_target,Drone_6_battery,Drone_6_state,Drone_6_target,Drone_7_battery,Drone_7_state,Drone_7_target,Drone_8_battery,Drone_8_state,Drone_8_target,Drone_9_battery,Drone_9_state,Drone_9_target,Drone_10_battery,Drone_10_state,Drone_10_target,Drone_11_battery,Drone_11_state,Drone_11_target,Drone_12_battery,Drone_12_state,Drone_12_target,Drone_13_battery,Drone_13_state,Drone_13_target,Drone_14_battery,Drone_14_state,Drone_14_target,Drone_15_battery,Drone_15_state,Drone_15_target,Drone_16_battery,Drone_16_state,Drone_16_target,Drone_17_battery,Drone_17_state,Drone_17_target,Drone_18_battery,Drone_18_state,Drone_18_target,Drone_19_battery,Drone_19_state,Drone_19_target,Drone_20_battery,Drone_20_state,Drone_20_target,Drone_21_battery,Drone_21_state,Drone_21_target,Drone_22_battery,Drone_22_state,Drone_22_target,Drone_23_battery,Drone_23_state,Drone_23_target,Drone_24_battery,Drone_24_state,Drone_24_target,Drone_25_battery,Drone_25_state,Drone_25_target,Drone_26_battery,Drone_26_state,Drone_26_target,Drone_27_battery,Drone_27_state,Drone_27_target,Drone_28_battery,Drone_28_state,Drone_28_target,Drone_29_battery,Drone_29_state,Drone_29_target,Drone_30_battery,Drone_30_state,Drone_30_target,Drone_31_battery,Drone_31_state,Drone_31_target,Drone_32_battery,Drone_32_state,Drone_32_target,Drone_33_battery,Drone_33_state,Drone_33_target,Drone_34_battery,Drone_34_state,Drone_34_target,Drone_35_battery,Drone_35_state,Drone_35_target,Drone_36_battery,Drone_36_state,Drone_36_target,Drone_37_battery,Drone_37_state,Drone_37_target,Drone_38_battery,Drone_38_state,Drone_38_target,Drone_39_battery,Drone_39_state,Drone_39_target,Drone_40_battery,Drone_40_state,Drone_40_target,Field_1_damage,Field_1_threat_level,Field_1_protecting_drones,Field_1_arriving_drones,Field_1_drones_for_full_protection,Field_2_damage,Field_2_threat_level,Field_2_protecting_drones,Field_2_arriving_drones,Field_2_drones_for_full_protection,Field_3_damage,Field_3_threat_level,Field_3_protecting_drones,Field_3_arriving_drones,Field_3_drones_for_full_protection,Field_4_damage,Field_4_threat_level,Field_4_protecting_drones,Field_4_arriving_drones,Field_4_drones_for_full_protection,Field_5_damage,Field_5_threat_level,Field_5_protecting_drones,Field_5_arriving_drones,Field_5_drones_for_full_protection,Field_6_damage,Field_6_threat_level,Field_6_protecting_drones,Field_6_arriving_drones,Field_6_drones_for_full_protection,Field_7_damage,Field_7_threat_level,Field_7_protecting_drones,Field_7_arriving_drones,Field_7_drones_for_full_protection,Field_8_damage,Field_8_threat_level,Field_8_protecting_drones,Field_8_arriving_drones,Field_8_drones_for_full_protection,Field_9_damage,Field_9_threat_level,Field_9_protecting_drones,Field_9_arriving_drones,Field_9_drones_for_full_protection,Field_10_damage,Field_10_threat_level,Field_10_protecting_drones,Field_10_arriving_drones,Field_10_drones_for_full_protection,Field_11_damage,Field_11_threat_level,Field_11_protecting_drones,Field_11_arriving_drones,Field_11_drones_for_full_protection,Field_12_damage,Field_12_threat_level,Field_12_protecting_drones,Field_12_arriving_drones,Field_12_drones_for_full_protection,Field_13_damage,Field_13_threat_level,Field_13_protecting_drones,Field_13_arriving_drones,Field_13_drones_for_full_protection,Field_14_damage,Field_14_threat_level,Field_14_protecting_drones,Field_14_arriving_drones,Field_14_drones_for_full_protection,Field_15_damage,Field_15_threat_level,Field_15_protecting_drones,Field_15_arriving_drones,Field_15_drones_for_full_protection,Field_16_damage,Field_16_threat_level,Field_16_protecting_drones,Field_16_arriving_drones,Field_16_drones_for_full_protection,Field_17_damage,Field_17_threat_level,Field_17_protecting_drones,Field_17_arriving_drones,Field_17_drones_for_full_protection,Field_18_damage,Field_18_threat_level,Field_18_protecting_drones,Field_18_arriving_drones,Field_18_drones_for_full_protection,Field_19_damage,Field_19_threat_level,Field_19_protecting_drones,Field_19_arriving_drones,Field_19_drones_for_full_protection,Field_20_damage,Field_20_threat_level,Field_20_protecting_drones,Field_20_arriving_drones,Field_20_drones_for_full_protection
1,0,30,0,0,0,10,0,1,IDLE,,1,IDLE,,1,IDLE,,1,IDLE,,1,IDLE,,1,IDLE,,1,IDLE,,1,IDLE,,1,IDLE,,1,IDLE,,1,MOVING_TO_FIELD,Field_7,1,IDLE,,1,MOVING_TO_FIELD,Field_10,1,IDLE,,1,IDLE,,1,MOVING_TO_FIELD,Field_10,1,MOVING_TO_FIELD,Field_4,1,IDLE,,1,IDLE,,1,IDLE,,1,IDLE,,1,IDLE,,1,IDLE,,1,MOVING_TO_FIELD,Field_10,1,MOVING_TO_FIELD,Field_7,1,MOVING_TO_FIELD,Field_10,1,MOVING_TO_FIELD,Field_14,1,IDLE,,1,IDLE,,1,IDLE,,1,IDLE,,1,IDLE,,1,MOVING_TO_FIELD,Field_7,1,IDLE,,1,IDLE,,1,IDLE,,1,IDLE,,1,IDLE,,1,MOVING_TO_FIELD,Field_10,1,IDLE,,0,0.09,0,0,4,0,0.05,0,0,2,0,0.02,0,0,4,0,0.12,0,1,4,0,0.07,0,0,2,0,0.07,0,0,4,0,0.14,0,3,3,0,0.10,0,0,2,0,0.08,0,0,3,0,0.16,0,5,6,0,0.11,0,0,4,0,0.09,0,0,1,0,0.04,0,0,2,0,0.15,0,1,6,0,0.12,0,0,6,0,0.06,0,0,2,0,0.18,0,0,2,0,0.06,0,0,1,0,0.03,0,0,2,0,0.14,0,0,3
2,0,30,0,0,0,10,0,1,IDLE,,1,IDLE,,1,IDLE,,1,IDLE,,1,IDLE,,1,IDLE,,1,IDLE,,1,IDLE,,1,IDLE,,1,IDLE,,1,MOVING_TO_FIELD,Field_7,1,IDLE,,1,MOVING_TO_FIELD,Field_10,1,IDLE,,1,IDLE,,1,MOVING_TO_FIELD,Field_10,1,MOVING_TO_FIELD,Field_4,1,IDLE,,1,IDLE,,1,IDLE,,1,IDLE,,1,IDLE,,1,IDLE,,1,MOVING_TO_FIELD,Field_10,1,MOVING_TO_FIELD,Field_7,1,MOVING_TO_FIELD,Field_10,1,MOVING_TO_FIELD,Field_14,1,IDLE,,1,IDLE,,1,IDLE,,1,IDLE,,1,IDLE,,1,MOVING_TO_FIELD,Field_7,1,IDLE,,1,IDLE,,1,IDLE,,1,IDLE,,1,IDLE,,1,MOVING_TO_FIELD,Field_10,1,IDLE,,0,0.09,0,0,4,0,0.05,0,0,2,0,0.02,0,0,4,0,0.12,0,1,4,0,0.07,0,0,2,0,0.07,0,0,4,0,0.14,0,3,3,0,0.11,0,0,2,0,0.08,0,0,3,0,0.16,0,5,6,0,0.11,0,0,4,0,0.09,0,0,1,0,0.04,0,0,2,0,0.14,0,1,6,0,0.12,0,0,6,0,0.06,0,0,2,0,0.18,0,0,2,0,0.06,0,0,1,0,0.03,0,0,2,0,0.14,0,0,3
3,0,30,0,0,0,10,0,1,IDLE,,1,IDLE,,1,IDLE,,1,IDLE,,1,IDLE,,1,IDLE,,1,IDLE,,1,IDLE,,1,IDLE,,1,IDLE,,1,MOVING_TO_FIELD,Field_7,1,IDLE,,1,MOVING_TO_FIELD,Field_10,1,IDLE,,1,IDLE,,1,MOVING_TO_FIELD,Field_10,1,MOVING_TO_FIELD,Field_4,1,IDLE,,1,IDLE,,1,IDLE,,1,IDLE,,1,IDLE,,1,IDLE,,1,MOVING_TO_FIELD,Field_10,1,MOVING_TO_FIELD,Field_7,1,MOVING_TO_FIELD,Field_10,1,MOVING_TO_FIELD,Field_14,1,IDLE,,1,IDLE,,1,IDLE,,1,IDLE,,1,IDLE,,1,MOVING_TO_FIELD,Field_7,1,IDLE,,1,IDLE,,1,IDLE,,1,IDLE,,1,IDLE,,1,MOVING_TO_FIELD,Field_10,1,IDLE,,0,0.08,0,0,4,0,0.05,0,0,2,0,0.02,0,0,4,0,0.12,0,1,4,0,0.05,0,0,2,0,0.09,0,0,4,0,0.14,0,3,3,0,0.10,0,0,2,0,0.07,0,0,3,0,0.16,0,5,6,0,0.11,0,0,4,0,0.09,0,0,1,0,0.04,0,0,2,0,0.14,0,1,6,0,0.12,0,0,6,0,0.06,0,0,2,0,0.20,0,0,2,0,0.06,0,0,1,0,0.03,0,0,2,0,0.14,0,0,3
4,0,30,0,0,0,10,0,1,IDLE,,1,IDLE,,1,IDLE,,1,IDLE,,1,IDLE,,1,IDLE,,1,IDLE,,1,IDLE,,1,IDLE,,1,IDLE,,1,MOVING_TO_FIELD,Field_7,1,IDLE,,1,MOVING_TO_FIELD,Field_10,1,IDLE,,1,IDLE,,1,MOVING_TO_FIELD,Field_10,1,MOVING_TO_FIELD,Field_4,1,IDLE,,1,IDLE,,1,IDLE,,1,IDLE,,1,IDLE,,1,IDLE,,1,MOVING_TO_FIELD,Field_10,1,MOVING_TO_FIELD,Field_7,1,MOVING_TO_FIELD,Field_10,1,MOVING_TO_FIELD,Field_14,1,IDLE,,1,IDLE,,1,IDLE,,1,IDLE,,1,IDLE,,1,MOVING_TO_FIELD,Field_7,1,IDLE,,1,IDLE,,1,IDLE,,1,IDLE,,1,IDLE,,1,MOVING_TO_FIELD,Field_10,1,IDLE,,0,0.08,0,0,4,0,0.05,0,0,2,0,0.03,0,0,4,0,0.12,0,1,4,0,0.05,0,0,2,0,0.08,0,0,4,0,0.13,0,3,3,0,0.10,0,0,2,0,0.08,0,0,3,0,0.16,0,5,6,0,0.11,0,0,4,0,0.09,0,0,1,0,0.04,0,0,2,0,0.17,0,1,6,0,0.12,0,0,6,0,0.06,0,0,2,0,0.20,0,0,2,0,0.06,0,0,1,0,0.03,0,0,2,0,0.14,0,0,3
5,0,30,0,0,0,10,0,1,IDLE,,1,IDLE,,1,IDLE,,1,IDLE,,1,IDLE,,1,IDLE,,1,IDLE,,1,IDLE,,1,IDLE,,1,IDLE,,1,MOVING_TO_FIELD,Field_7,1,IDLE,,1,MOVING_TO_FIELD,Field_10,1,IDLE,,1,IDLE,,1,MOVING_TO_FIELD,Field_10,1,MOVING_TO_FIELD,Field_4,1,IDLE,,1,IDLE,,1,IDLE,,1,IDLE,,1,IDLE,,1,IDLE,,1,MOVING_TO_FIELD,Field_10,1,MOVING_TO_FIELD,Field_7,1,MOVING_TO_FIELD,Field_10,1,MOVING_TO_FIELD,Field_14,1,IDLE,,1,IDLE,,1,IDLE,,1,IDLE,,1,IDLE,,1,MOVING_TO_FIELD,Field_7,1,IDLE,,1,IDLE,,1,IDLE,,1,IDLE,,1,IDLE,,1,MOVING_TO_FIELD,Field_10,1,IDLE,,0,0.08,0,0,4,0,0.05,0,0,2,0,0.03,0,0,4,0,0.13,0,1,4,0,0.05,0,0,2,0,0.10,0,0,4,0,0.13,0,3,3,0,0.11,0,0,2,0,0.08,0,0,3,0,0.16,0,5,6,0,0.12,0,0,4,0,0.12,0,0,1,0,0.04,0,0,2,0,0.17,0,1,6,0,0.12,0,0,6,0,0.06,0,0,2,0,0.20,0,0,2,0,0.06,0,0,1,0,0.05,0,0,2,0,0.14,0,0,3
6,0,30,0,0,0,10,0,1,IDLE,,1,IDLE,,1,IDLE,,1,IDLE,,1,IDLE,,1,IDLE,,1,IDLE,,1,IDLE,,1,IDLE,,1,IDLE,,1,MOVING_TO_FIELD,Field_7,1,IDLE,,1,MOVING_TO_FIELD,Field_10,1,IDLE,,1,IDLE,,1,MOVING_TO_FIELD,Field_10,1,MOVING_TO_FIELD,Field_4,1,IDLE,,1,IDLE,,1,IDLE,,1,IDLE,,1,IDLE,,1,IDLE,,1,MOVING_TO_FIELD,Field_10,1,MOVING_TO_FIELD,Field_7,1,MOVING_TO_FIELD,Field_10,1,MOVING_TO_FIELD,Field_14,1,IDLE,,1,IDLE,,1,IDLE,,1,IDLE,,1,IDLE,,1,MOVING_TO_FIELD,Field_7,1,IDLE,,1,IDLE,,1,IDLE,,1,IDLE,,1,IDLE,,1,MOVING_TO_FIELD,Field_10,1,IDLE,,0,0.08,0,0,4,0,0.05,0,0,2,0,0.03,0,0,4,0,0.11,0,1,4,0,0.06,0,0,2,0,0.10,0,0,4,0,0.13,0,3,3,0,0.11,0,0,2,0,0.10,0,0,3,0,0.18,0,5,6,0,0.14,0,0,4,0,0.18,0,0,1,0,0.04,0,0,2,0,0.18,0,1,6,0,0.11,0,0,6,0,0.06,0,0,2,0,0.21,0,0,2,0,0.07,0,0,1,0,0.05,0,0,2,0,0.14,0,0,3
7,0,30,0,0,0,10,0,1,IDLE,,1,IDLE,,1,IDLE,,1,IDLE,,1,IDLE,,1,IDLE,,1,IDLE,,1,IDLE,,1,IDLE,,1,IDLE,,1,MOVING_TO_FIELD,Field_7,1,IDLE,,1,MOVING_TO_FIELD,Field_10,1,IDLE,,1,IDLE,,1,MOVING_TO_FIELD,Field_10,1,MOVING_TO_FIELD,Field_4,1,IDLE,,1,IDLE,,1,IDLE,,1,IDLE,,1,IDLE,,1,IDLE,,1,MOVING_TO_FIELD,Field_10,1,MOVING_TO_FIELD,Field_7,1,MOVING_TO_FIELD,Field_10,1,MOVING_TO_FIELD,Field_14,1,IDLE,,1,IDLE,,1,IDLE,,1,IDLE,,1,IDLE,,1,MOVING_TO_FIELD,Field_7,1,IDLE,,1,IDLE,,1,IDLE,,1,IDLE,,1,IDLE,,1,MOVING_TO_FIELD,Field_10,1,IDLE,,0,0.09,0,0,4,0,0.05,0,0,2,0,0.03,0,0,4,0,0.11,0,1,4,0,0.06,0,0,2,0,0.10,0,0,4,0,0.13,0,3,3,0,0.14,0,0,2,0,0.12,0,0,3,0,0.17,0,5,6,0,0.14,0,0,4,0,0.21,0,0,1,0,0.05,0,0,2,0,0.17,0,1,6,0,0.12,0,0,6,0,0.06,0,0,2,0,0.21,0,0,2,0,0.09,0,0,1,0,0.05,0,0,2,0,0.12,0,0,3
8,0,30,0,0,0,10,0,1,IDLE,,1,IDLE,,1,IDLE,,1,IDLE,,1,IDLE,,1,IDLE,,1,IDLE,,1,IDLE,,1,IDLE,,1,IDLE,,1,MOVING_TO_FIELD,Field_7,1,IDLE,,1,MOVING_TO_FIELD,Field_10,1,IDLE,,1,IDLE,,1,MOVING_TO_FIELD,Field_10,1,MOVING_TO_FIELD,Field_4,1,IDLE,,1,IDLE,,1,IDLE,,1,IDLE,,1,IDLE,,1,IDLE,,1,MOVING_TO_FIELD,Field_10,1,MOVING_TO_FIELD,Field_7,1,MOVING_TO_FIELD,Field_10,1,MOVING_TO_FIELD,Field_14,1,IDLE,,1,IDLE,,1,IDLE,,1,IDLE,,1,IDLE,,1,MOVING_TO_FIELD,Field_7,1,IDLE,,1,IDLE,,1,IDLE,,1,IDLE,,1,IDLE,,1,MOVING_TO_FIELD,Field_10,1,IDLE,,0,0.08,0,0,4,0,0.09,0,0,2,0,0.02,0,0,4,0,0.12,0,1,4,0,0.06,0,0,2,0,0.10,0,0,4,0,0.14,0,3,3,0,0.14,0,0,2,0,0.12,0,0,3,0,0.16,0,5,6,0,0.14,0,0,4,0,0.24,0,0,1,0,0.05,0,0,2,0,0.23,0,1,6,0,0.14,0,0,6,0,0.09,0,0,2,0,0.23,0,0,2,0,0.09,0,0,1,0,0.05,0,0,2,0,0.10,0,0,3
9,0,30,0,0,0,10,0,1,IDLE,,1,IDLE,,1,IDLE,,1,IDLE,,1,IDLE,,1,IDLE,,1,IDLE,,1,IDLE,,1,IDLE,,1,IDLE,,1,MOVING_TO_FIELD,Field_7,1,IDLE,,1,MOVING_TO_FIELD,Field_10,1,IDLE,,1,IDLE,,1,MOVING_TO_FIELD,Field_10,1,MOVING_TO_FIELD,Field_4,1,IDLE,,1,IDLE,,1,IDLE,,1,IDLE,,1,IDLE,,1,IDLE,,1,MOVING_TO_FIELD,Field_10,1,MOVING_TO_FIELD,Field_7,1,MOVING_TO_FIELD,Field_10,1,MOVING_TO_FIELD,Field_14,1,IDLE,,1,IDLE,,1,IDLE,,1,IDLE,,1,IDLE,,1,MOVING_TO_FIELD,Field_7,1,IDLE,,1,IDLE,,1,IDLE,,1,IDLE,,1,IDLE,,1,MOVING_TO_FIELD,Field_10,1,IDLE,,0,0.08,0,0,4,0,0.09,0,0,2,0,0.03,0,0,4,0,0.12,0,1,4,0,0.07,0,0,2,0,0.10,0,0,4,0,0.14,0,3,3,0,0.11,0,0,2,0,0.12,0,0,3,0,0.16,0,5,6,0,0.14,0,0,4,0,0.27,0,0,1,0,0.04,0,0,2,0,0.27,0,1,6,0,0.14,0,0,6,0,0.09,0,0,2,0,0.23,0,0,2,0,0.13,0,0,1,0,0.05,0,0,2,0,0.10,0,0,3
10,1,30,0,0,0,10,0,1,IDLE,,1,IDLE,,1,IDLE,,1,IDLE,,1,IDLE,,1,IDLE,,1,IDLE,,1,IDLE,,1,IDLE,,1,IDLE,,1,MOVING_TO_FIELD,Field_7,1,IDLE,,1,MOVING_TO_FIELD,Field_10,1,IDLE,,1,IDLE,,1,MOVING_TO_FIELD,Field_10,1,MOVING_TO_FIELD,Field_4,1,IDLE,,1,IDLE,,1,IDLE,,1,IDLE,,1,IDLE,,1,IDLE,,1,MOVING_TO_FIELD,Field_10,1,MOVING_TO_FIELD,Field_7,1,MOVING_TO_FIELD,Field_10,1,MOVING_TO_FIELD,Field_14,1,IDLE,,1,IDLE,,1,IDLE,,1,IDLE,,1,IDLE,,1,MOVING_TO_FIELD,Field_7,1,IDLE,,1,IDLE,,1,IDLE,,1,IDLE,,1,IDLE,,1,MOVING_TO_FIELD,Field_10,1,IDLE,,0,0.08,0,0,4,0,0.08,0,0,2,0,0.03,0,0,4,0,0.12,0,1,4,0,0.10,0,0,2,0,0.11,0,0,4,0,0.14,0,3,3,0,0.11,0,0,2,0,0.16,0,0,3,0,0.15,0,5,6,0,0.16,0,0,4,0,0.24,0,0,1,0,0.04,0,0,2,0,0.30,0,1,6,0,0.12,0,0,6,0,0.09,0,0,2,0,0.25,0,0,2,1,0.15,0,0,1,0,0.05,0,0,2,0,0.10,0,0,3
11,1,31,0,1,0,8,0,1,IDLE,,1,IDLE,,1,IDLE,,1,IDLE,,1,IDLE,,1,IDLE,,1,IDLE,,1,IDLE,,1,IDLE,,1,IDLE,,1,PROTECTING,Field_7,1,IDLE,,1,MOVING_TO_FIELD,Field_10,1,IDLE,,1,IDLE,,1,MOVING_TO_FIELD,Field_10,1,MOVING_TO_FIELD,Field_14,1,IDLE,,1,IDLE,,1,IDLE,,1,IDLE,,1,IDLE,,1,IDLE,,1,MOVING_TO_FIELD,Field_10,1,MOVING_TO_FIELD,Field_7,1,MOVING_TO_FIELD,Field_9,1,MOVING_TO_FIELD,Field_14,1,IDLE,,1,IDLE,,1,IDLE,,1,IDLE,,1,IDLE,,1,IDLE,,1,IDLE,,1,IDLE,,1,IDLE,,1,IDLE,,1,IDLE,,1,MOVING_TO_FIELD,Field_10,1,IDLE,,0,0.08,0,0,4,0,0.10,0,0,2,0,0.03,0,0,4,0,0.13,0,0,4,0,0.12,0,0,2,0,0.11,0,0,4,0,0.14,1,1,2,0,0.10,0,0,2,0,0.15,0,1,3,0,0.15,0,4,6,0,0.16,0,0,4,0,0.27,0,0,1,0,0.07,0,0,2,0,0.30,0,2,6,0,0.12,0,0,6,0,0.06,0,0,2,0,0.26,0,0,2,1,0.13,0,0,1,0,0.05,0,0,2,0,0.12,0,0,3
12,2,31,0,1,0,8,0,1,IDLE,,1,IDLE,,1,IDLE,,1,IDLE,,1,IDLE,,1,IDLE,,1,IDLE,,1,IDLE,,1,IDLE,,1,IDLE,,1,PROTECTING,Field_7,1,IDLE,,1,MOVING_TO_FIELD,Field_10,1,IDLE,,1,IDLE,,1,MOVING_TO_FIELD,Field_10,1,MOVING_TO_FIELD,Field_14,1,IDLE,,1,IDLE,,1,IDLE,,1,IDLE,,1,IDLE,,1,IDLE,,1,MOVING_TO_FIELD,Field_10,1,MOVING_TO_FIELD,Field_7,1,MOVING_TO_FIELD,Field_9,1,MOVING_TO_FIELD,Field_14,1,IDLE,,1,IDLE,,1,IDLE,,1,IDLE,,1,IDLE,,1,IDLE,,1,IDLE,,1,IDLE,,1,IDLE,,1,IDLE,,1,IDLE,,1,MOVING_TO_FIELD,Field_10,1,IDLE,,0,0.08,0,0,4,0,0.10,0,0,2,0,0.04,0,0,4,0,0.12,0,0,4,0,0.12,0,0,2,0,0.12,0,0,4,0,0.18,1,1,2,0,0.13,0,0,2,0,0.15,0,1,3,0,0.16,0,4,6,0,0.17,0,0,4,1,0.30,0,0,1,0,0.07,0,0,2,0,0.32,0,2,6,0,0.13,0,0,6,0,0.06,0,0,2,0,0.26,0,0,2,1,0.13,0,0,1,0,0.05,0,0,2,0,0.12,0,0,3
13,2,31,0,1,0,8,0,1,IDLE,,1,IDLE,,1,IDLE,,1,IDLE,,1,IDLE,,1,IDLE,,1,IDLE,,1,IDLE,,1,IDLE,,1,IDLE,,1,PROTECTING,Field_7,1,IDLE,,1,MOVING_TO_FIELD,Field_10,1,IDLE,,1,IDLE,,1,MOVING_TO_FIELD,Field_10,1,MOVING_TO_FIELD,Field_14,1,IDLE,,1,IDLE,,1,IDLE,,1,IDLE,,1,IDLE,,1,IDLE,,1,MOVING_TO_FIELD,Field_10,1,MOVING_TO_FIELD,Field_7,1,MOVING_TO_FIELD,Field_9,1,MOVING_TO_FIELD,Field_14,1,IDLE,,1,IDLE,,1,IDLE,,1,IDLE,,1,IDLE,,1,IDLE,,1,IDLE,,1,IDLE,,1,IDLE,,1,IDLE,,1,IDLE,,1,MOVING_TO_FIELD,Field_10,1,IDLE,,0,0.09,0,0,4,0,0.11,0,0,2,0,0.05,0,0,4,0,0.13,0,0,4,0,0.14,0,0,2,0,0.13,0,0,4,0,0.19,1,1,2,0,0.13,0,0,2,0,0.15,0,1,3,0,0.17,0,4,6,0,0.17,0,0,4,1,0.27,0,0,1,0,0.07,0,0,2,0,0.32,0,2,6,0,0.16,0,0,6,0,0.06,0,0,2,0,0.26,0,0,2,1,0.13,0,0,1,0,0.05,0,0,2,0,0.12,0,0,3
14,4,31,0,2,0,7,0,1,IDLE,,1,IDLE,,1,IDLE,,1,IDLE,,1,IDLE,,1,IDLE,,1,IDLE,,1,IDLE,,1,IDLE,,1,IDLE,,1,PROTECTING,Field_7,1,IDLE,,1,MOVING_TO_FIELD,Field_10,1,IDLE,,1,IDLE,,1,MOVING_TO_FIELD,Field_10,1,MOVING_TO_FIELD,Field_14,1,IDLE,,1,IDLE,,1,IDLE,,1,IDLE,,1,IDLE,,1,IDLE,,1,MOVING_TO_FIELD,Field_10,1,MOVING_TO_FIELD,Field_7,1,MOVING_TO_FIELD,Field_9,1,PROTECTING,Field_14,1,IDLE,,1,IDLE,,1,IDLE,,1,IDLE,,1,IDLE,,1,IDLE,,1,IDLE,,1,IDLE,,1,IDLE,,1,IDLE,,1,IDLE,,1,MOVING_TO_FIELD,Field_10,1,IDLE,,0,0.08,0,0,4,0,0.11,0,0,2,0,0.06,0,0,4,0,0.16,0,0,4,0,0.15,0,0,2,0,0.13,0,0,4,0,0.20,1,1,2,1,0.14,0,0,2,0,0.15,0,1,3,0,0.17,0,4,6,0,0.17,0,0,4,2,0.27,0,0,1,0,0.07,0,0,2,0,0.32,1,1,5,0,0.17,0,0,6,0,0.05,0,0,2,0,0.26,0,0,2,1,0.15,0,0,1,0,0.05,0,0,2,0,0.14,0,0,3
15,7,31,0,3,0,6,0,1,IDLE,,1,IDLE,,1,IDLE,,1,IDLE,,1,IDLE,,1,IDLE,,1,IDLE,,1,IDLE,,1,IDLE,,1,IDLE,,1,PROTECTING,Field_7,1,IDLE,,1,MOVING_TO_FIELD,Field_10,1,IDLE,,1,IDLE,,1,MOVING_TO_FIELD,Field_10,1,MOVING_TO_FIELD,Field_14,1,IDLE,,1,IDLE,,1,IDLE,,1,IDLE,,1,IDLE,,1,IDLE,,1,MOVING_TO_FIELD,Field_10,1,PROTECTING,Field_7,1,MOVING_TO_FIELD,Field_9,1,PROTECTING,Field_14,1,IDLE,,1,IDLE,,1,IDLE,,1,IDLE,,1,IDLE,,1,IDLE,,1,IDLE,,1,IDLE,,1,IDLE,,1,IDLE,,1,IDLE,,1,MOVING_TO_FIELD,Field_10,1,IDLE,,0,0.10,0,0,4,0,0.11,0,0,2,0,0.06,0,0,4,0,0.16,0,0,4,0,0.15,0,0,2,0,0.13,0,0,4,0,0.20,2,0,1,1,0.16,0,0,2,0,0.12,0,1,3,0,0.19,0,4,6,0,0.17,0,0,4,4,0.27,0,0,1,0,0.07,0,0,2,0,0.34,1,1,5,0,0.18,0,0,6,0,0.06,0,0,2,1,0.25,0,0,2,1,0.20,0,0,1,0,0.03,0,0,2,0,0.16,0,0,3
16,11,31,0,3,0,6,0,1,IDLE,,1,IDLE,,1,IDLE,,1,IDLE,,1,IDLE,,1,IDLE,,1,IDLE,,1,IDLE,,1,IDLE,,1,IDLE,,1,PROTECTING,Field_7,1,IDLE,,1,MOVING_TO_FIELD,Field_10,1,IDLE,,1,IDLE,,1,MOVING_TO_FIELD,Field_10,1,MOVING_TO_FIELD,Field_14,1,IDLE,,1,IDLE,,1,IDLE,,1,IDLE,,1,IDLE,,1,IDLE,,1,MOVING_TO_FIELD,Field_10,1,PROTECTING,Field_7,1,MOVING_TO_FIELD,Field_9,1,PROTECTING,Field_14,1,IDLE,,1,IDLE,,1,IDLE,,1,IDLE,,1,IDLE,,1,IDLE,,1,IDLE,,1,IDLE,,1,IDLE,,1,IDLE,,1,IDLE,,1,MOVING_TO_FIELD,Field_10,1,IDLE,,0,0.09,0,0,4,0,0.12,0,0,2,0,0.07,0,0,4,0,0.16,0,0,4,0,0.16,0,0,2,0,0.13,0,0,4,0,0.19,2,0,1,1,0.16,0,0,2,0,0.13,0,1,3,2,0.19,0,4,6,0,0.18,0,0,4,4,0.27,0,0,1,0,0.07,0,0,2,0,0.35,1,1,5,0,0.17,0,0,6,0,0.06,0,0,2,2,0.25,0,0,2,2,0.22,0,0,1,0,0.03,0,0,2,0,0.18,0,0,3
17,16,31,0,3,0,6,0,1,IDLE,,1,IDLE,,1,IDLE,,1,IDLE,,1,IDLE,,1,IDLE,,1,IDLE,,1,IDLE,,1,IDLE,,1,IDLE,,1,PROTECTING,Field_7,1,IDLE,,1,MOVING_TO_FIELD,Field_10,1,IDLE,,1,IDLE,,1,MOVING_TO_FIELD,Field_10,1,MOVING_TO_FIELD,Field_14,1,IDLE,,1,IDLE,,1,IDLE,,1,IDLE,,1,IDLE,,1,IDLE,,1,MOVING_TO_FIELD,Field_10,1,PROTECTING,Field_7,1,MOVING_TO_FIELD,Field_9,1,PROTECTING,Field_14,1,IDLE,,1,IDLE,,1,IDLE,,1,IDLE,,1,IDLE,,1,IDLE,,1,IDLE,,1,IDLE,,1,IDLE,,1,IDLE,,1,IDLE,,1,MOVING_TO_FIELD,Field_10,1,IDLE,,0,0.10,0,0,4,0,0.12,0,0,2,0,0.08,0,0,4,0,0.16,0,0,4,0,0.14,0,0,2,0,0.14,0,0,4,0,0.19,2,0,1,1,0.16,0,0,2,0,0.15,0,1,3,2,0.19,0,4,6,2,0.22,0,0,4,5,0.30,0,0,1,0,0.09,0,0,2,0,0.35,1,1,5,0,0.20,0,0,6,0,0.06,0,0,2,4,0.25,0,0,2,2,0.24,0,0,1,0,0.03,0,0,2,0,0.20,0,0,3
18,19,31,0,3,0,6,0,1,IDLE,,1,IDLE,,1,IDLE,,1,IDLE,,1,IDLE,,1,IDLE,,1,IDLE,,1,IDLE,,1,IDLE,,1,IDLE,,1,PROTECTING,Field_7,1,IDLE,,1,MOVING_TO_FIELD,Field_10,1,IDLE,,1,IDLE,,1,MOVING_TO_FIELD,Field_10,1,MOVING_TO_FIELD,Field_14,1,IDLE,,1,IDLE,,1,IDLE,,1,IDLE,,1,IDLE,,1,IDLE,,1,MOVING_TO_FIELD,Field_10,1,PROTECTING,Field_7,1,MOVING_TO_FIELD,Field_9,1,PROTECTING,Field_14,1,IDLE,,1,IDLE,,1,IDLE,,1,IDLE,,1,IDLE,,1,IDLE,,1,IDLE,,1,IDLE,,1,IDLE,,1,IDLE,,1,IDLE,,1,MOVING_TO_FIELD,Field_10,1,IDLE,,0,0.11,0,0,4,0,0.12,0,0,2,0,0.08,0,0,4,0,0.16,0,0,4,0,0.14,0,0,2,0,0.15,0,0,4,0,0.20,2,0,1,1,0.17,0,0,2,0,0.15,0,1,3,2,0.18,0,4,6,3,0.24,0,0,4,7,0.30,0,0,1,0,0.09,0,0,2,0,0.37,1,1,5,0,0.21,0,0,6,0,0.06,0,0,2,4,0.26,0,0,2,2,0.26,0,0,1,0,0.05,0,0,2,0,0.24,0,0,3
19,21,31,0,3,0,6,0,1,IDLE,,1,IDLE,,1,IDLE,,1,IDLE,,1,IDLE,,1,IDLE,,1,IDLE,,1,IDLE,,1,IDLE,,1,IDLE,,1,PROTECTING,Field_7,1,IDLE,,1,MOVING_TO_FIELD,Field_10,1,IDLE,,1,IDLE,,1,MOVING_TO_FIELD,Field_10,1,MOVING_TO_FIELD,Field_14,1,IDLE,,1,IDLE,,1,IDLE,,1,IDLE,,1,IDLE,,1,IDLE,,1,MOVING_TO_FIELD,Field_10,1,PROTECTING,Field_7,1,MOVING_TO_FIELD,Field_9,1,PROTECTING,Field_14,1,IDLE,,1,IDLE,,1,IDLE,,1,IDLE,,1,IDLE,,1,IDLE,,1,IDLE,,1,IDLE,,1,IDLE,,1,IDLE,,1,IDLE,,1,MOVING_TO_FIELD,Field_10,1,IDLE,,0,0.11,0,0,4,0,0.12,0,0,2,0,0.08,0,0,4,0,0.18,0,0,4,0,0.14,0,0,2,0,0.15,0,0,4,0,0.20,2,0,1,1,0.17,0,0,2,0,0.16,0,1,3,2,0.20,0,4,6,3,0.24,0,0,4,8,0.30,0,0,1,0,0.09,0,0,2,0,0.41,1,1,5,0,0.22,0,0,6,0,0.07,0,0,2,5,0.25,0,0,2,2,0.26,0,0,1,0,0.05,0,0,2,0,0.24,0,0,3
20,28,31,0,3,0,6,0,1,IDLE,,1,IDLE,,1,IDLE,,1,IDLE,,1,IDLE,,1,IDLE,,1,IDLE,,1,IDLE,,1,IDLE,,1,IDLE,,1,PROTECTING,Field_7,1,IDLE,,1,MOVING_TO_FIELD,Field_10,1,IDLE,,1,IDLE,,1,MOVING_TO_FIELD,Field_10,1,MOVING_TO_FIELD,Field_14,1,IDLE,,1,IDLE,,1,IDLE,,1,IDLE,,1,IDLE,,1,IDLE,,1,MOVING_TO_FIELD,Field_10,1,PROTECTING,Field_7,1,MOVING_TO_FIELD,Field_9,1,PROTECTING,Field_14,1,IDLE,,1,IDLE,,1,IDLE,,1,IDLE,,1,IDLE,,1,IDLE,,1,IDLE,,1,IDLE,,1,IDLE,,1,IDLE,,1,IDLE,,1,MOVING_TO_FIELD,Field_10,1,IDLE,,0,0.12,0,0,4,1,0.14,0,0,2,0,0.08,0,0,4,0,0.19,0,0,4,0,0.15,0,0,2,0,0.16,0,0,4,0,0.23,2,0,1,2,0.19,0,0,2,1,0.18,0,1,3,3,0.20,0,4,6,4,0.25,0,0,4,8,0.30,0,0,1,0,0.12,0,0,2,0,0.41,1,1,5,0,0.22,0,0,6,0,0.07,0,0,2,6,0.23,0,0,2,3,0.28,0,0,1,0,0.06,0,0,2,0,0.27,0,0,3
21,34,30,0,4,0,6,0,1,IDLE,,1,IDLE,,1,IDLE,,1,IDLE,,1,IDLE,,1,IDLE,,1,IDLE,,1,IDLE,,1,IDLE,,1,IDLE,,1,PROTECTING,Field_7,1,IDLE,,1,MOVING_TO_FIELD,Field_10,1,IDLE,,1,IDLE,,1,MOVING_TO_FIELD,Field_10,1,MOVING_TO_FIELD,Field_14,1,IDLE,,1,IDLE,,1,MOVING_TO_FIELD,Field_7,1,IDLE,,1,IDLE,,1,IDLE,,1,PROTECTING,Field_10,1,PROTECTING,Field_7,1,MOVING_TO_FIELD,Field_9,1,PROTECTING,Field_14,1,IDLE,,1,IDLE,,1,IDLE,,1,IDLE,,1,IDLE,,1,IDLE,,1,IDLE,,1,IDLE,,1,IDLE,,1,IDLE,,1,IDLE,,1,MOVING_TO_FIELD,Field_10,1,IDLE,,0,0.11,0,0,4,1,0.16,0,0,2,0,0.08,0,0,4,0,0.19,0,0,4,0,0.15,0,0,2,0,0.16,0,0,4,0,0.24,2,1,1,2,0.17,0,0,2,2,0.18,0,1,3,3,0.20,1,3,5,4,0.24,0,0,4,8,0.30,0,0,1,0,0.16,0,0,2,0,0.42,1,1,5,0,0.22,0,0,6,0,0.07,0,0,2,8,0.21,0,0,2,6,0.28,0,0,1,0,0.06,0,0,2,0,0.24,0,0,3
22,39,30,0,4,0,6,0,1,IDLE,,1,IDLE,,1,IDLE,,1,IDLE,,1,IDLE,,1,IDLE,,1,IDLE,,1,IDLE,,1,IDLE,,1,IDLE,,1,PROTECTING,Field_7,1,IDLE,,1,MOVING_TO_FIELD,Field_10,1,IDLE,,1,IDLE,,1,MOVING_TO_FIELD,Field_10,1,MOVING_TO_FIELD,Field_14,1,IDLE,,1,IDLE,,1,MOVING_TO_FIELD,Field_7,1,IDLE,,1,IDLE,,1,IDLE,,1,PROTECTING,Field_10,1,PROTECTING,Field_7,1,MOVING_TO_FIELD,Field_9,1,PROTECTING,Field_14,1,IDLE,,1,IDLE,,1,IDLE,,1,IDLE,,1,IDLE,,1,IDLE,,1,IDLE,,1,IDLE,,1,IDLE,,1,IDLE,,1,IDLE,,1,MOVING_TO_FIELD,Field_10,1,IDLE,,0,0.13,0,0,4,1,0.18,0,0,2,0,0.08,0,0,4,1,0.19,0,0,4,0,0.15,0,0,2,0,0.16,0,0,4,1,0.24,2,1,1,2,0.16,0,0,2,2,0.19,0,1,3,3,0.20,1,3,5,4,0.25,0,0,4,10,0.30,0,0,1,0,0.18,0,0,2,0,0.41,1,1,5,0,0.23,0,0,6,0,0.09,0,0,2,8,0.23,0,0,2,7,0.26,0,0,1,0,0.06,0,0,2,0,0.24,0,0,3
23,51,30,0,4,0,6,0,1,IDLE,,1,IDLE,,1,IDLE,,1,IDLE,,1,IDLE,,1,IDLE,,1,IDLE,,1,IDLE,,1,IDLE,,1,IDLE,,1,PROTECTING,Field_7,1,IDLE,,1,MOVING_TO_FIELD,Field_10,1,IDLE,,1,IDLE,,1,MOVING_TO_FIELD,Field_10,1,MOVING_TO_FIELD,Field_14,1,IDLE,,1,IDLE,,1,MOVING_TO_FIELD,Field_7,1,IDLE,,1,IDLE,,1,IDLE,,1,PROTECTING,Field_10,1,PROTECTING,Field_7,1,MOVING_TO_FIELD,Field_9,1,PROTECTING,Field_14,1,IDLE,,1,IDLE,,1,IDLE,,1,IDLE,,1,IDLE,,1,IDLE,,1,IDLE,,1,IDLE,,1,IDLE,,1,IDLE,,1,IDLE,,1,MOVING_TO_FIELD,Field_10,1,IDLE,,0,0.13,0,0,4,1,0.18,0,0,2,0,0.09,0,0,4,1,0.19,0,0,4,1,0.17,0,0,2,0,0.17,0,0,4,1,0.23,2,1,1,4,0.16,0,0,2,5,0.20,0,1,3,3,0.21,1,3,5,7,0.24,0,0,4,11,0.30,0,0,1,0,0.18,0,0,2,0,0.41,1,1,5,0,0.23,0,0,6,0,0.09,0,0,2,8,0.23,0,0,2,8,0.26,0,0,1,0,0.06,0,0,2,1,0.22,0,0,3
24,59,30,0,4,0,6,0,1,IDLE,,1,IDLE,,1,IDLE,,1,IDLE,,1,IDLE,,1,IDLE,,1,IDLE,,1,IDLE,,1,IDLE,,1,IDLE,,1,PROTECTING,Field_7,1,IDLE,,1,MOVING_TO_FIELD,Field_10,1,IDLE,,1,IDLE,,1,MOVING_TO_FIELD,Field_10,1,MOVING_TO_FIELD,Field_14,1,IDLE,,1,IDLE,,1,MOVING_TO_FIELD,Field_7,1,IDLE,,1,IDLE,,1,IDLE,,1,PROTECTING,Field_10,1,PROTECTING,Field_7,1,MOVING_TO_FIELD,Field_9,1,PROTECTING,Field_14,1,IDLE,,1,IDLE,,1,IDLE,,1,IDLE,,1,IDLE,,1,IDLE,,1,IDLE,,1,IDLE,,1,IDLE,,1,IDLE,,1,IDLE,,1,MOVING_TO_FIELD,Field_10,1,IDLE,,0,0.14,0,0,4,1,0.19,0,0,2,0,0.09,0,0,4,1,0.19,0,0,4,2,0.19,0,0,2,0,0.17,0,0,4,1,0.23,2,1,1,5,0.14,0,0,2,5,0.20,0,1,3,4,0.22,1,3,5,8,0.22,0,0,4,14,0.33,0,0,1,0,0.18,0,0,2,0,0.42,1,1,5,0,0.23,0,0,6,0,0.07,0,0,2,8,0.23,0,0,2,8,0.24,0,0,1,0,0.06,0,0,2,2,0.22,0,0,3
25,70,30,0,6,0,4,0,1,IDLE,,1,IDLE,,1,IDLE,,1,IDLE,,1,IDLE,,1,IDLE,,1,IDLE,,1,IDLE,,1,IDLE,,1,IDLE,,1,PROTECTING,Field_7,1,IDLE,,1,MOVING_TO_FIELD,Field_10,1,IDLE,,1,IDLE,,1,MOVING_TO_FIELD,Field_10,1,PROTECTING,Field_14,1,IDLE,,1,IDLE,,1,MOVING_TO_FIELD,Field_7,1,IDLE,,1,IDLE,,1,IDLE,,1,PROTECTING,Field_10,1,PROTECTING,Field_7,1,PROTECTING,Field_9,1,PROTECTING,Field_14,1,IDLE,,1,IDLE,,1,IDLE,,1,IDLE,,1,IDLE,,1,IDLE,,1,IDLE,,1,IDLE,,1,IDLE,,1,IDLE,,1,IDLE,,1,MOVING_TO_FIELD,Field_10,1,IDLE,,0,0.14,0,0,4,3,0.19,0,0,2,0,0.10,0,0,4,2,0.20,0,0,4,3,0.19,0,0,2,1,0.18,0,0,4,1,0.23,2,1,1,6,0.14,0,0,2,6,0.20,1,0,2,5,0.22,1,3,5,8,0.20,0,0,4,14,0.30,0,0,1,0,0.18,0,0,2,1,0.44,2,0,4,1,0.23,0,0,6,0,0.07,0,0,2,9,0.23,0,0,2,8,0.24,0,0,1,0,0.06,0,0,2,2,0.22,0,0,3
26,85,30,0,6,0,4,0,1,IDLE,,1,IDLE,,1,IDLE,,1,IDLE,,1,IDLE,,1,IDLE,,1,IDLE,,1,IDLE,,1,IDLE,,1,IDLE,,1,PROTECTING,Field_7,1,IDLE,,1,MOVING_TO_FIELD,Field_10,1,IDLE,,1,IDLE,,1,MOVING_TO_FIELD,Field_10,1,PROTECTING,Field_14,1,IDLE,,1,IDLE,,1,MOVING_TO_FIELD,Field_7,1,IDLE,,1,IDLE,,1,IDLE,,1,PROTECTING,Field_10,1,PROTECTING,Field_7,1,PROTECTING,Field_9,1,PROTECTING,Field_14,1,IDLE,,1,IDLE,,1,IDLE,,1,IDLE,,1,IDLE,,1,IDLE,,1,IDLE,,1,IDLE,,1,IDLE,,1,IDLE,,1,IDLE,,1,MOVING_TO_FIELD,Field_10,1,IDLE,,0,0.14,0,0,4,4,0.18,0,0,2,1,0.10,0,0,4,3,0.19,0,0,4,5,0.20,0,0,2,1,0.20,0,0,4,2,0.22,2,1,1,6,0.14,0,0,2,6,0.19,1,0,2,6,0.23,1,3,5,10,0.18,0,0,4,15,0.27,0,0,1,1,0.18,0,0,2,1,0.45,2,0,4,3,0.23,0,0,6,1,0.09,0,0,2,9,0.21,0,0,2,9,0.26,0,0,1,0,0.08,0,0,2,2,0.20,0,0,3
27,98,30,0,6,0,4,0,1,IDLE,,1,IDLE,,1,IDLE,,1,IDLE,,1,IDLE,,1,IDLE,,1,IDLE,,1,IDLE,,1,IDLE,,1,IDLE,,1,PROTECTING,Field_7,1,IDLE,,1,MOVING_TO_FIELD,Field_10,1,IDLE,,1,IDLE,,1,MOVING_TO_FIELD,Field_10,1,PROTECTING,Field_14,1,IDLE,,1,IDLE,,1,MOVING_TO_FIELD,Field_7,1,IDLE,,1,IDLE,,1,IDLE,,1,PROTECTING,Field_10,1,PROTECTING,Field_7,1,PROTECTING,Field_9,1,PROTECTING,Field_14,1,IDLE,,1,IDLE,,1,IDLE,,1,IDLE,,1,IDLE,,1,IDLE,,1,IDLE,,1,IDLE,,1,IDLE,,1,IDLE,,1,IDLE,,1,MOVING_TO_FIELD,Field_10,1,IDLE,,0,0.14,0,0,4,4,0.18,0,0,2,2,0.10,0,0,4,3,0.19,0,0,4,6,0.20,0,0,2,3,0.20,0,0,4,3,0.22,2,1,1,6,0.14,0,0,2,6,0.19,1,0,2,6,0.24,1,3,5,11,0.21,0,0,4,16,0.27,0,0,1,3,0.18,0,0,2,2,0.48,2,0,4,4,0.23,0,0,6,1,0.09,0,0,2,10,0.21,0,0,2,10,0.26,0,0,1,0,0.06,0,0,2,2,0.18,0,0,3
28,114,30,0,6,0,4,0,1,IDLE,,1,IDLE,,1,IDLE,,1,IDLE,,1,IDLE,,1,IDLE,,1,IDLE,,1,IDLE,,1,IDLE,,1,IDLE,,1,PROTECTING,Field_7,1,IDLE,,1,MOVING_TO_FIELD,Field_10,1,IDLE,,1,IDLE,,1,MOVING_TO_FIELD,Field_10,1,PROTECTING,Field_14,1,IDLE,,1,IDLE,,1,MOVING_TO_FIELD,Field_7,1,IDLE,,1,IDLE,,1,IDLE,,1,PROTECTING,Field_10,1,PROTECTING,Field_7,1,PROTECTING,Field_9,1,PROTECTING,Field_14,1,IDLE,,1,IDLE,,1,IDLE,,1,IDLE,,1,IDLE,,1,IDLE,,1,IDLE,,1,IDLE,,1,IDLE,,1,IDLE,,1,IDLE,,1,MOVING_TO_FIELD,Field_10,1,IDLE,,1,0.14,0,0,4,7,0.20,0,0,2,3,0.11,0,0,4,4,0.19,0,0,4,7,0.20,0,0,2,3,0.18,0,0,4,3,0.22,2,1,1,6,0.14,0,0,2,7,0.19,1,0,2,6,0.24,1,3,5,12,0.21,0,0,4,17,0.27,0,0,1,6,0.16,0,0,2,2,0.46,2,0,4,5,0.23,0,0,6,1,0.10,0,0,2,10,0.21,0,0,2,11,0.30,0,0,1,0,0.06,0,0,2,3,0.18,0,0,3
29,124,30,0,6,0,4,0,1,IDLE,,1,IDLE,,1,IDLE,,1,IDLE,,1,IDLE,,1,IDLE,,1,IDLE,,1,IDLE,,1,IDLE,,1,IDLE,,1,PROTECTING,Field_7,1,IDLE,,1,MOVING_TO_FIELD,Field_10,1,IDLE,,1,IDLE,,1,MOVING_TO_FIELD,Field_10,1,PROTECTING,Field_14,1,IDLE,,1,IDLE,,1,MOVING_TO_FIELD,Field_7,1,IDLE,,1,IDLE,,1,IDLE,,1,PROTECTING,Field_10,1,PROTECTING,Field_7,1,PROTECTING,Field_9,1,PROTECTING,Field_14,1,IDLE,,1,IDLE,,1,IDLE,,1,IDLE,,1,IDLE,,1,IDLE,,1,IDLE,,1,IDLE,,1,IDLE,,1,IDLE,,1,IDLE,,1,MOVING_TO_FIELD,Field_10,1,IDLE,,3,0.14,0,0,4,7,0.22,0,0,2,3,0.11,0,0,4,5,0.19,0,0,4,7,0.20,0,0,2,3,0.17,0,0,4,3,0.22,2,1,1,6,0.13,0,0,2,8,0.19,1,0,2,6,0.27,1,3,5,13,0.22,0,0,4,17,0.27,0,0,1,6,0.16,0,0,2,4,0.46,2,0,4,5,0.23,0,0,6,2,0.11,0,0,2,11,0.21,0,0,2,12,0.30,0,0,1,0,0.05,0,0,2,3,0.20,0,0,3
30,137,30,0,6,0,4,0,1,IDLE,,1,IDLE,,1,IDLE,,1,IDLE,,1,IDLE,,1,IDLE,,1,IDLE,,1,IDLE,,1,IDLE,,1,IDLE,,1,PROTECTING,Field_7,1,IDLE,,1,MOVING_TO_FIELD,Field_10,1,IDLE,,1,IDLE,,1,MOVING_TO_FIELD,Field_10,1,PROTECTING,Field_14,1,IDLE,,1,IDLE,,1,MOVING_TO_FIELD,Field_7,1,IDLE,,1,IDLE,,1,IDLE,,1,PROTECTING,Field_10,1,PROTECTING,Field_7,1,PROTECTING,Field_9,1,PROTECTING,Field_14,1,IDLE,,1,IDLE,,1,IDLE,,1,IDLE,,1,IDLE,,1,IDLE,,1,IDLE,,1,IDLE,,1,IDLE,,1,IDLE,,1,IDLE,,1,MOVING_TO_FIELD,Field_10,1,IDLE,,5,0.14,0,0,4,9,0.22,0,0,2,3,0.11,0,0,4,5,0.20,0,0,4,8,0.20,0,0,2,3,0.17,0,0,4,4,0.22,2,1,1,6,0.16,0,0,2,9,0.19,1,0,2,6,0.27,1,3,5,13,0.25,0,0,4,17,0.27,0,0,1,6,0.16,0,0,2,6,0.46,2,0,4,6,0.23,0,0,6,2,0.11,0,0,2,12,0.18,0,0,2,14,0.28,0,0,1,0,0.05,0,0,2,3,0.18,0,0,3
31,147,30,0,6,0,4,0,1,IDLE,,1,IDLE,,1,IDLE,,1,IDLE,,1,IDLE,,1,IDLE,,1,IDLE,,1,IDLE,,1,IDLE,,1,IDLE,,1,PROTECTING,Field_7,1,IDLE,,1,MOVING_TO_FIELD,Field_10,1,IDLE,,1,IDLE,,1,MOVING_TO_FIELD,Field_10,1,PROTECTING,Field_14,1,IDLE,,1,IDLE,,1,MOVING_TO_FIELD,Field_7,1,IDLE,,1,IDLE,,1,IDLE,,1,PROTECTING,Field_10,1,PROTECTING,Field_7,1,PROTECTING,Field_9,1,PROTECTING,Field_14,1,IDLE,,1,IDLE,,1,IDLE,,1,IDLE,,1,IDLE,,1,IDLE,,1,IDLE,,1,IDLE,,1,IDLE,,1,IDLE,,1,IDLE,,1,MOVING_TO_FIELD,Field_10,1,IDLE,,5,0.15,0,0,4,10,0.23,0,0,2,3,0.12,0,0,4,7,0.21,0,0,4,9,0.20,0,0,2,3,0.17,0,0,4,5,0.22,2,1,1,6,0.16,0,0,2,9,0.20,1,0,2,6,0.27,1,3,5,14,0.22,0,0,4,18,0.27,0,0,1,6,0.14,0,0,2,7,0.48,2,0,4,7,0.23,0,0,6,2,0.11,0,0,2,12,0.18,0,0,2,15,0.24,0,0,1,0,0.05,0,0,2,3,0.14,0,0,3
32,155,30,0,6,0,4,0,1,IDLE,,1,IDLE,,1,IDLE,,1,IDLE,,1,IDLE,,1,IDLE,,1,IDLE,,1,IDLE,,1,IDLE,,1,IDLE,,1,PROTECTING,Field_7,1,IDLE,,1,MOVING_TO_FIELD,Field_10,1,IDLE,,1,IDLE,,1,MOVING_TO_FIELD,Field_10,1,PROTECTING,Field_14,1,IDLE,,1,IDLE,,1,MOVING_TO_FIELD,Field_7,1,IDLE,,1,IDLE,,1,IDLE,,1,PROTECTING,Field_10,1,PROTECTING,Field_7,1,PROTECTING,Field_9,1,PROTECTING,Field_14,1,IDLE,,1,IDLE,,1,IDLE,,1,IDLE,,1,IDLE,,1,IDLE,,1,IDLE,,1,IDLE,,1,IDLE,,1,IDLE,,1,IDLE,,1,MOVING_TO_FIELD,Field_10,1,IDLE,,6,0.15,0,0,4,10,0.23,0,0,2,3,0.12,0,0,4,8,0.20,0,0,4,10,0.20,0,0,2,3,0.17,0,0,4,5,0.22,2,1,1,7,0.16,0,0,2,11,0.21,1,0,2,6,0.28,1,3,5,14,0.21,0,0,4,18,0.24,0,0,1,6,0.14,0,0,2,8,0.46,2,0,4,7,0.24,0,0,6,2,0.11,0,0,2,12,0.18,0,0,2,16,0.20,0,0,1,0,0.05,0,0,2,3,0.14,0,0,3
33,165,30,0,7,0,3,0,1,IDLE,,1,IDLE,,1,IDLE,,1,IDLE,,1,IDLE,,1,IDLE,,1,IDLE,,1,IDLE,,1,IDLE,,1,IDLE,,1,PROTECTING,Field_7,1,IDLE,,1,MOVING_TO_FIELD,Field_10,1,IDLE,,1,IDLE,,1,MOVING_TO_FIELD,Field_10,1,PROTECTING,Field_14,1,IDLE,,1,IDLE,,1,MOVING_TO_FIELD,Field_7,1,IDLE,,1,IDLE,,1,IDLE,,1,PROTECTING,Field_10,1,PROTECTING,Field_7,1,PROTECTING,Field_9,1,PROTECTING,Field_14,1,IDLE,,1,IDLE,,1,IDLE,,1,IDLE,,1,IDLE,,1,IDLE,,1,IDLE,,1,IDLE,,1,IDLE,,1,IDLE,,1,IDLE,,1,PROTECTING,Field_10,1,IDLE,,6,0.15,0,0,4,12,0.23,0,0,2,3,0.10,0,0,4,8,0.21,0,0,4,10,0.17,0,0,2,3,0.17,0,0,4,12,0.23,2,1,1,7,0.16,0,0,2,11,0.21,1,0,2,6,0.29,2,2,4,14,0.21,0,0,4,18,0.24,0,0,1,6,0.14,0,0,2,8,0.46,2,0,4,7,0.23,0,0,6,2,0.12,0,0,2,13,0.18,0,0,2,16,0.20,0,0,1,0,0.05,0,0,2,3,0.14,0,0,3
34,171,30,0,7,0,3,0,1,IDLE,,1,IDLE,,1,IDLE,,1,IDLE,,1,IDLE,,1,IDLE,,1,IDLE,,1,IDLE,,1,IDLE,,1,IDLE,,1,PROTECTING,Field_7,1,IDLE,,1,MOVING_TO_FIELD,Field_10,1,IDLE,,1,IDLE,,1,MOVING_TO_FIELD,Field_10,1,PROTECTING,Field_14,1,IDLE,,1,IDLE,,1,MOVING_TO_FIELD,Field_7,1,IDLE,,1,IDLE,,1,IDLE,,1,PROTECTING,Field_10,1,PROTECTING,Field_7,1,PROTECTING,Field_9,1,PROTECTING,Field_14,1,IDLE,,1,IDLE,,1,IDLE,,1,IDLE,,1,IDLE,,1,IDLE,,1,IDLE,,1,IDLE,,1,IDLE,,1,IDLE,,1,IDLE,,1,PROTECTING,Field_10,1,IDLE,,6,0.15,0,0,4,13,0.23,0,0,2,3,0.10,0,0,4,8,0.20,0,0,4,10,0.16,0,0,2,3,0.18,0,0,4,13,0.21,2,1,1,7,0.16,0,0,2,11,0.20,1,0,2,6,0.29,2,2,4,15,0.22,0,0,4,18,0.21,0,0,1,7,0.14,0,0,2,9,0.46,2,0,4,8,0.22,0,0,6,2,0.14,0,0,2,13,0.18,0,0,2,16,0.22,0,0,1,0,0.06,0,0,2,3,0.12,0,0,3
35,188,30,0,7,0,3,0,1,IDLE,,1,IDLE,,1,IDLE,,1,IDLE,,1,IDLE,,1,IDLE,,1,IDLE,,1,IDLE,,1,IDLE,,1,IDLE,,1,PROTECTING,Field_7,1,IDLE,,1,MOVING_TO_FIELD,Field_10,1,IDLE,,1,IDLE,,1,MOVING_TO_FIELD,Field_10,1,PROTECTING,Field_14,1,IDLE,,1,IDLE,,1,MOVING_TO_FIELD,Field_7,1,IDLE,,1,IDLE,,1,IDLE,,1,PROTECTING,Field_10,1,PROTECTING,Field_7,1,PROTECTING,Field_9,1,PROTECTING,Field_14,1,IDLE,,1,IDLE,,1,IDLE,,1,IDLE,,1,IDLE,,1,IDLE,,1,IDLE,,1,IDLE,,1,IDLE,,1,IDLE,,1,IDLE,,1,PROTECTING,Field_10,1,IDLE,,6,0.16,0,0,4,17,0.23,0,0,2,3,0.10,0,0,4,8,0.19,0,0,4,10,0.17,0,0,2,3,0.17,0,0,4,17,0.21,2,1,1,7,0.16,0,0,2,14,0.21,1,0,2,6,0.29,2,2,4,15,0.22,0,0,4,18,0.21,0,0,1,7,0.16,0,0,2,11,0.46,2,0,4,10,0.22,0,0,6,2,0.15,0,0,2,14,0.18,0,0,2,17,0.22,0,0,1,0,0.06,0,0,2,3,0.12,0,0,3
36,198,30,0,7,0,3,0,1,IDLE,,1,IDLE,,1,IDLE,,1,IDLE,,1,IDLE,,1,IDLE,,1,IDLE,,1,IDLE,,1,IDLE,,1,IDLE,,1,PROTECTING,Field_7,1,IDLE,,1,MOVING_TO_FIELD,Field_10,1,IDLE,,1,IDLE,,1,MOVING_TO_FIELD,Field_10,1,PROTECTING,Field_14,1,IDLE,,1,IDLE,,1,MOVING_TO_FIELD,Field_7,1,IDLE,,1,IDLE,,1,IDLE,,1,PROTECTING,Field_10,1,PROTECTING,Field_7,1,PROTECTING,Field_9,1,PROTECTING,Field_14,1,IDLE,,1,IDLE,,1,IDLE,,1,IDLE,,1,IDLE,,1,IDLE,,1,IDLE,,1,IDLE,,1,IDLE,,1,IDLE,,1,IDLE,,1,PROTECTING,Field_10,1,IDLE,,6,0.15,0,0,4,19,0.24,0,0,2,3,0.10,0,0,4,8,0.19,0,0,4,10,0.17,0,0,2,4,0.17,0,0,4,17,0.21,2,1,1,9,0.16,0,0,2,14,0.20,1,0,2,6,0.29,2,2,4,17,0.22,0,0,4,18,0.21,0,0,1,7,0.16,0,0,2,12,0.46,2,0,4,10,0.23,0,0,6,2,0.16,0,0,2,14,0.18,0,0,2,19,0.22,0,0,1,0,0.06,0,0,2,3,0.12,0,0,3
37,208,30,0,7,0,3,0,1,IDLE,,1,IDLE,,1,IDLE,,1,IDLE,,1,IDLE,,1,IDLE,,1,IDLE,,1,IDLE,,1,IDLE,,1,IDLE,,1,PROTECTING,Field_7,1,IDLE,,1,MOVING_TO_FIELD,Field_10,1,IDLE,,1,IDLE,,1,MOVING_TO_FIELD,Field_10,1,PROTECTING,Field_14,1,IDLE,,1,IDLE,,1,MOVING_TO_FIELD,Field_7,1,IDLE,,1,IDLE,,1,IDLE,,1,PROTECTING,Field_10,1,PROTECTING,Field_7,1,PROTECTING,Field_9,1,PROTECTING,Field_14,1,IDLE,,1,IDLE,,1,IDLE,,1,IDLE,,1,IDLE,,1,IDLE,,1,IDLE,,1,IDLE,,1,IDLE,,1,IDLE,,1,IDLE,,1,PROTECTING,Field_10,1,IDLE,,6,0.15,0,0,4,20,0.22,0,0,2,3,0.08,0,0,4,8,0.18,0,0,4,10,0.19,0,0,2,5,0.17,0,0,4,17,0.21,2,1,1,9,0.16,0,0,2,14,0.20,1,0,2,6,0.29,2,2,4,18,0.22,0,0,4,18,0.21,0,0,1,7,0.16,0,0,2,14,0.48,2,0,4,14,0.24,0,0,6,2,0.16,0,0,2,14,0.18,0,0,2,20,0.22,0,0,1,0,0.06,0,0,2,3,0.14,0,0,3
38,217,30,0,7,0,3,0,1,IDLE,,1,IDLE,,1,IDLE,,1,IDLE,,1,IDLE,,1,IDLE,,1,IDLE,,1,IDLE,,1,IDLE,,1,IDLE,,1,PROTECTING,Field_7,1,IDLE,,1,MOVING_TO_FIELD,Field_10,1,IDLE,,1,IDLE,,1,MOVING_TO_FIELD,Field_10,1,PROTECTING,Field_14,1,IDLE,,1,IDLE,,1,MOVING_TO_FIELD,Field_7,1,IDLE,,1,IDLE,,1,IDLE,,1,PROTECTING,Field_10,1,PROTECTING,Field_7,1,PROTECTING,Field_9,1,PROTECTING,Field_14,1,IDLE,,1,IDLE,,1,IDLE,,1,IDLE,,1,IDLE,,1,IDLE,,1,IDLE,,1,IDLE,,1,IDLE,,1,IDLE,,1,IDLE,,1,PROTECTING,Field_10,1,IDLE,,6,0.14,0,0,4,22,0.22,0,0,2,3,0.07,0,0,4,8,0.18,0,0,4,11,0.19,0,0,2,5,0.17,0,0,4,17,0.21,2,1,1,9,0.16,0,0,2,15,0.20,1,0,2,7,0.29,2,2,4,18,0.21,0,0,4,18,0.21,0,0,1,8,0.16,0,0,2,15,0.48,2,0,4,14,0.23,0,0,6,2,0.15,0,0,2,14,0.18,0,0,2,22,0.19,0,0,1,0,0.06,0,0,2,3,0.14,0,0,3
39,228,30,0,7,0,3,0,1,IDLE,,1,IDLE,,1,IDLE,,1,IDLE,,1,IDLE,,1,IDLE,,1,IDLE,,1,IDLE,,1,IDLE,,1,IDLE,,1,PROTECTING,Field_7,1,IDLE,,1,MOVING_TO_FIELD,Field_10,1,IDLE,,1,IDLE,,1,MOVING_TO_FIELD,Field_10,1,PROTECTING,Field_14,1,IDLE,,1,IDLE,,1,MOVING_TO_FIELD,Field_7,1,IDLE,,1,IDLE,,1,IDLE,,1,PROTECTING,Field_10,1,PROTECTING,Field_7,1,PROTECTING,Field_9,1,PROTECTING,Field_14,1,IDLE,,1,IDLE,,1,IDLE,,1,IDLE,,1,IDLE,,1,IDLE,,1,IDLE,,1,IDLE,,1,IDLE,,1,IDLE,,1,IDLE,,1,PROTECTING,Field_10,1,IDLE,,6,0.12,0,0,4,24,0.22,0,0,2,3,0.07,0,0,4,8,0.18,0,0,4,12,0.17,0,0,2,6,0.17,0,0,4,19,0.23,2,1,1,9,0.16,0,0,2,15,0.19,1,0,2,7,0.29,2,2,4,18,0.20,0,0,4,18,0.21,0,0,1,10,0.16,0,0,2,17,0.48,2,0,4,15,0.23,0,0,6,2,0.15,0,0,2,14,0.16,0,0,2,22,0.19,0,0,1,0,0.06,0,0,2,3,0.14,0,0,3
40,238,30,0,7,0,3,0,1,IDLE,,1,IDLE,,1,IDLE,,1,IDLE,,1,IDLE,,1,IDLE,,1,IDLE,,1,IDLE,,1,IDLE,,1,IDLE,,1,PROTECTING,Field_7,1,IDLE,,1,MOVING_TO_FIELD,Field_10,1,IDLE,,1,IDLE,,1,MOVING_TO_FIELD,Field_10,1,PROTECTING,Field_14,1,IDLE,,1,IDLE,,1,MOVING_TO_FIELD,Field_7,1,IDLE,,1,IDLE,,1,IDLE,,1,PROTECTING,Field_10,1,PROTECTING,Field_7,1,PROTECTING,Field_9,1,PROTECTING,Field_14,1,IDLE,,1,IDLE,,1,IDLE,,1,IDLE,,1,IDLE,,1,IDLE,,1,IDLE,,1,IDLE,,1,IDLE,,1,IDLE,,1,IDLE,,1,PROTECTING,Field_10,1,IDLE,,6,0.12,0,0,4,24,0.22,0,0,2,3,0.07,0,0,4,8,0.18,0,0,4,12,0.17,0,0,2,7,0.18,0,0,4,20,0.22,2,1,1,9,0.16,0,0,2,15,0.20,1,0,2,8,0.31,2,2,4,19,0.20,0,0,4,20,0.21,0,0,1,10,0.16,0,0,2,18,0.48,2,0,4,16,0.22,0,0,6,2,0.15,0,0,2,14,0.16,0,0,2,24,0.19,0,0,1,0,0.06,0,0,2,3,0.16,0,0,3
41,243,27,0,6,0,7,0,1,IDLE,,1,IDLE,,1,IDLE,,1,IDLE,,1,IDLE,,1,MOVING_TO_FIELD,Field_14,1,IDLE,,1,IDLE,,1,IDLE,,1,IDLE,,1,IDLE,,1,IDLE,,1,MOVING_TO_FIELD,Field_10,1,MOVING_TO_FIELD,Field_10,1,MOVING_TO_FIELD,Field_2,1,MOVING_TO_FIELD,Field_10,1,PROTECTING,Field_14,1,IDLE,,1,IDLE,,1,MOVING_TO_FIELD,Field_7,1,IDLE,,1,IDLE,,1,IDLE,,1,PROTECTING,Field_10,1,PROTECTING,Field_7,1,PROTECTING,Field_9,1,PROTECTING,Field_14,1,IDLE,,1,IDLE,,1,IDLE,,1,IDLE,,1,IDLE,,1,IDLE,,1,IDLE,,1,IDLE,,1,IDLE,,1,IDLE,,1,IDLE,,1,PROTECTING,Field_10,1,MOVING_TO_FIELD,Field_14,6,0.13,0,0,4,26,0.22,0,1,2,3,0.07,0,0,4,8,0.19,0,0,4,12,0.16,0,0,2,7,0.18,0,0,4,20,0.21,1,1,2,9,0.16,0,0,2,15,0.22,1,0,2,9,0.31,2,3,4,19,0.20,0,0,4,20,0.21,0,0,1,10,0.16,0,0,2,18,0.48,2,2,4,17,0.23,0,0,6,2,0.15,0,0,2,14,0.16,0,0,2,25,0.19,0,0,1,0,0.06,0,0,2,3,0.16,0,0,3
42,250,27,0,6,0,7,0,1,IDLE,,1,IDLE,,1,IDLE,,1,IDLE,,1,IDLE,,1,MOVING_TO_FIELD,Field_14,1,IDLE,,1,IDLE,,1,IDLE,,1,IDLE,,1,IDLE,,1,IDLE,,1,MOVING_TO_FIELD,Field_10,1,MOVING_TO_FIELD,Field_10,1,MOVING_TO_FIELD,Field_2,1,MOVING_TO_FIELD,Field_10,1,PROTECTING,Field_14,1,IDLE,,1,IDLE,,1,MOVING_TO_FIELD,Field_7,1,IDLE,,1,IDLE,,1,IDLE,,1,PROTECTING,Field_10,1,PROTECTING,Field_7,1,PROTECTING,Field_9,1,PROTECTING,Field_14,1,IDLE,,1,IDLE,,1,IDLE,,1,IDLE,,1,IDLE,,1,IDLE,,1,IDLE,,1,IDLE,,1,IDLE,,1,IDLE,,1,IDLE,,1,PROTECTING,Field_10,1,MOVING_TO_FIELD,Field_14,6,0.13,0,0,4,27,0.22,0,1,2,3,0.07,0,0,4,8,0.21,0,0,4,14,0.16,0,0,2,8,0.18,0,0,4,20,0.19,1,1,2,9,0.13,0,0,2,16,0.22,1,0,2,9,0.31,2,3,4,19,0.20,0,0,4,21,0.21,0,0,1,11,0.16,0,0,2,18,0.45,2,2,4,17,0.24,0,0,6,2,0.14,0,0,2,14,0.16,0,0,2,25,0.19,0,0,1,0,0.06,0,0,2,3,0.16,0,0,3
43,255,27,0,6,0,7,0,1,IDLE,,1,IDLE,,1,IDLE,,1,IDLE,,1,IDLE,,1,MOVING_TO_FIELD,Field_14,1,IDLE,,1,IDLE,,1,IDLE,,1,IDLE,,1,IDLE,,1,IDLE,,1,MOVING_TO_FIELD,Field_10,1,MOVING_TO_FIELD,Field_10,1,MOVING_TO_FIELD,Field_2,1,MOVING_TO_FIELD,Field_10,1,PROTECTING,Field_14,1,IDLE,,1,IDLE,,1,MOVING_TO_FIELD,Field_7,1,IDLE,,1,IDLE,,1,IDLE,,1,PROTECTING,Field_10,1,PROTECTING,Field_7,1,PROTECTING,Field_9,1,PROTECTING,Field_14,1,IDLE,,1,IDLE,,1,IDLE,,1,IDLE,,1,IDLE,,1,IDLE,,1,IDLE,,1,IDLE,,1,IDLE,,1,IDLE,,1,IDLE,,1,PROTECTING,Field_10,1,MOVING_TO_FIELD,Field_14,6,0.14,0,0,4,27,0.21,0,1,2,3,0.07,0,0,4,8,0.21,0,0,4,16,0.16,0,0,2,8,0.18,0,0,4,21,0.18,1,1,2,9,0.13,0,0,2,16,0.22,1,0,2,9,0.29,2,3,4,19,0.20,0,0,4,21,0.21,0,0,1,11,0.16,0,0,2,19,0.44,2,2,4,17,0.22,0,0,6,3,0.12,0,0,2,14,0.16,0,0,2,25,0.17,0,0,1,0,0.06,0,0,2,3,0.14,0,0,3
44,262,27,0,6,0,7,0,1,IDLE,,1,IDLE,,1,IDLE,,1,IDLE,,1,IDLE,,1,MOVING_TO_FIELD,Field_14,1,IDLE,,1,IDLE,,1,IDLE,,1,IDLE,,1,IDLE,,1,IDLE,,1,MOVING_TO_FIELD,Field_10,1,MOVING_TO_FIELD,Field_10,1,MOVING_TO_FIELD,Field_2,1,MOVING_TO_FIELD,Field_10,1,PROTECTING,Field_14,1,IDLE,,1,IDLE,,1,MOVING_TO_FIELD,Field_7,1,IDLE,,1,IDLE,,1,IDLE,,1,PROTECTING,Field_10,1,PROTECTING,Field_7,1,PROTECTING,Field_9,1,PROTECTING,Field_14,1,IDLE,,1,IDLE,,1,IDLE,,1,IDLE,,1,IDLE,,1,IDLE,,1,IDLE,,1,IDLE,,1,IDLE,,1,IDLE,,1,IDLE,,1,PROTECTING,Field_10,1,MOVING_TO_FIELD,Field_14,7,0.13,0,0,4,27,0.19,0,1,2,3,0.07,0,0,4,8,0.20,0,0,4,16,0.16,0,0,2,9,0.20,0,0,4,21,0.18,1,1,2,9,0.13,0,0,2,18,0.22,1,0,2,9,0.31,2,3,4,19,0.18,0,0,4,21,0.21,0,0,1,11,0.16,0,0,2,21,0.42,2,2,4,17,0.22,0,0,6,4,0.12,0,0,2,14,0.16,0,0,2,25,0.17,0,0,1,0,0.06,0,0,2,3,0.12,0,0,3
45,274,27,0,6,0,7,0,1,IDLE,,1,IDLE,,1,IDLE,,1,IDLE,,1,IDLE,,1,MOVING_TO_FIELD,Field_14,1,IDLE,,1,IDLE,,1,IDLE,,1,IDLE,,1,IDLE,,1,IDLE,,1,MOVING_TO_FIELD,Field_10,1,MOVING_TO_FIELD,Field_10,1,MOVING_TO_FIELD,Field_2,1,MOVING_TO_FIELD,Field_10,1,PROTECTING,Field_14,1,IDLE,,1,IDLE,,1,MOVING_TO_FIELD,Field_7,1,IDLE,,1,IDLE,,1,IDLE,,1,PROTECTING,Field_10,1,PROTECTING,Field_7,1,PROTECTING,Field_9,1,PROTECTING,Field_14,1,IDLE,,1,IDLE,,1,IDLE,,1,IDLE,,1,IDLE,,1,IDLE,,1,IDLE,,1,IDLE,,1,IDLE,,1,IDLE,,1,IDLE,,1,PROTECTING,Field_10,1,MOVING_TO_FIELD,Field_14,8,0.11,0,0,4,27,0.19,0,1,2,3,0.09,0,0,4,8,0.20,0,0,4,16,0.14,0,0,2,9,0.17,0,0,4,24,0.19,1,1,2,9,0.13,0,0,2,21,0.24,1,0,2,10,0.31,2,3,4,19,0.18,0,0,4,21,0.21,0,0,1,11,0.14,0,0,2,21,0.42,2,2,4,18,0.22,0,0,6,6,0.12,0,0,2,15,0.15,0,0,2,25,0.17,0,0,1,0,0.06,0,0,2,3,0.10,0,0,3
46,282,27,0,7,0,6,0,1,IDLE,,1,IDLE,,1,IDLE,,1,IDLE,,1,IDLE,,1,MOVING_TO_FIELD,Field_14,1,IDLE,,1,IDLE,,1,IDLE,,1,IDLE,,1,IDLE,,1,IDLE,,1,MOVING_TO_FIELD,Field_10,1,MOVING_TO_FIELD,Field_10,1,MOVING_TO_FIELD,Field_2,1,PROTECTING,Field_10,1,PROTECTING,Field_14,1,IDLE,,1,IDLE,,1,MOVING_TO_FIELD,Field_7,1,IDLE,,1,IDLE,,1,IDLE,,1,PROTECTING,Field_10,1,PROTECTING,Field_7,1,PROTECTING,Field_9,1,PROTECTING,Field_14,1,IDLE,,1,IDLE,,1,IDLE,,1,IDLE,,1,IDLE,,1,IDLE,,1,IDLE,,1,IDLE,,1,IDLE,,1,IDLE,,1,IDLE,,1,PROTECTING,Field_10,1,MOVING_TO_FIELD,Field_14,9,0.11,0,0,4,28,0.19,0,1,2,3,0.11,0,0,4,8,0.19,0,0,4,16,0.12,0,0,2,9,0.16,0,0,4,27,0.18,1,1,2,9,0.14,0,0,2,22,0.24,1,0,2,11,0.29,3,2,3,19,0.17,0,0,4,21,0.21,0,0,1,11,0.14,0,0,2,22,0.42,2,2,4,18,0.23,0,0,6,6,0.10,0,0,2,15,0.13,0,0,2,25,0.15,0,0,1,0,0.06,0,0,2,3,0.10,0,0,3
47,293,27,0,7,0,6,0,1,IDLE,,1,IDLE,,1,IDLE,,1,IDLE,,1,IDLE,,1,MOVING_TO_FIELD,Field_14,1,IDLE,,1,IDLE,,1,IDLE,,1,IDLE,,1,IDLE,,1,IDLE,,1,MOVING_TO_FIELD,Field_10,1,MOVING_TO_FIELD,Field_10,1,MOVING_TO_FIELD,Field_2,1,PROTECTING,Field_10,1,PROTECTING,Field_14,1,IDLE,,1,IDLE,,1,MOVING_TO_FIELD,Field_7,1,IDLE,,1,IDLE,,1,IDLE,,1,PROTECTING,Field_10,1,PROTECTING,Field_7,1,PROTECTING,Field_9,1,PROTECTING,Field_14,1,IDLE,,1,IDLE,,1,IDLE,,1,IDLE,,1,IDLE,,1,IDLE,,1,IDLE,,1,IDLE,,1,IDLE,,1,IDLE,,1,IDLE,,1,PROTECTING,Field_10,1,MOVING_TO_FIELD,Field_14,9,0.11,0,0,4,28,0.18,0,1,2,3,0.10,0,0,4,9,0.19,0,0,4,16,0.12,0,0,2,9,0.17,0,0,4,27,0.20,1,1,2,10,0.13,0,0,2,22,0.24,1,0,2,12,0.29,3,2,3,19,0.17,0,0,4,22,0.21,0,0,1,12,0.12,0,0,2,25,0.42,2,2,4,19,0.23,0,0,6,6,0.10,0,0,2,16,0.13,0,0,2,26,0.13,0,0,1,0,0.06,0,0,2,3,0.10,0,0,3
48,298,27,0,7,0,6,0,1,IDLE,,1,IDLE,,1,IDLE,,1,IDLE,,1,IDLE,,1,MOVING_TO_FIELD,Field_14,1,IDLE,,1,IDLE,,1,IDLE,,1,IDLE,,1,IDLE,,1,IDLE,,1,MOVING_TO_FIELD,Field_10,1,MOVING_TO_FIELD,Field_10,1,MOVING_TO_FIELD,Field_2,1,PROTECTING,Field_10,1,PROTECTING,Field_14,1,IDLE,,1,IDLE,,1,MOVING_TO_FIELD,Field_7,1,IDLE,,1,IDLE,,1,IDLE,,1,PROTECTING,Field_10,1,PROTECTING,Field_7,1,PROTECTING,Field_9,1,PROTECTING,Field_14,1,IDLE,,1,IDLE,,1,IDLE,,1,IDLE,,1,IDLE,,1,IDLE,,1,IDLE,,1,IDLE,,1,IDLE,,1,IDLE,,1,IDLE,,1,PROTECTING,Field_10,1,MOVING_TO_FIELD,Field_14,9,0.11,0,0,4,28,0.18,0,1,2,3,0.10,0,0,4,9,0.18,0,0,4,16,0.11,0,0,2,9,0.17,0,0,4,27,0.19,1,1,2,11,0.13,0,0,2,22,0.24,1,0,2,12,0.29,3,2,3,20,0.17,0,0,4,23,0.21,0,0,1,12,0.11,0,0,2,27,0.42,2,2,4,19,0.23,0,0,6,6,0.10,0,0,2,16,0.13,0,0,2,26,0.13,0,0,1,0,0.08,0,0,2,3,0.10,0,0,3
49,311,27,0,7,0,6,0,1,IDLE,,1,IDLE,,1,IDLE,,1,IDLE,,1,IDLE,,1,MOVING_TO_FIELD,Field_14,1,IDLE,,1,IDLE,,1,IDLE,,1,IDLE,,1,IDLE,,1,IDLE,,1,MOVING_TO_FIELD,Field_10,1,MOVING_TO_FIELD,Field_10,1,MOVING_TO_FIELD,Field_2,1,PROTECTING,Field_10,1,PROTECTING,Field_14,1,IDLE,,1,IDLE,,1,MOVING_TO_FIELD,Field_7,1,IDLE,,1,IDLE,,1,IDLE,,1,PROTECTING,Field_10,1,PROTECTING,Field_7,1,PROTECTING,Field_9,1,PROTECTING,Field_14,1,IDLE,,1,IDLE,,1,IDLE,,1,IDLE,,1,IDLE,,1,IDLE,,1,IDLE,,1,IDLE,,1,IDLE,,1,IDLE,,1,IDLE,,1,PROTECTING,Field_10,1,MOVING_TO_FIELD,Field_14,10,0.11,0,0,4,31,0.16,0,1,2,3,0.10,0,0,4,9,0.18,0,0,4,17,0.09,0,0,2,9,0.16,0,0,4,28,0.19,1,1,2,11,0.13,0,0,2,22,0.26,1,0,2,13,0.31,3,2,3,20,0.16,0,0,4,24,0.21,0,0,1,12,0.11,0,0,2,29,0.42,2,2,4,20,0.23,0,0,6,6,0.10,0,0,2,17,0.13,0,0,2,27,0.13,0,0,1,0,0.08,0,0,2,3,0.10,0,0,3
50,316,27,0,7,0,6,0,1,IDLE,,1,IDLE,,1,IDLE,,1,IDLE,,1,IDLE,,1,MOVING_TO_FIELD,Field_14,1,IDLE,,1,IDLE,,1,IDLE,,1,IDLE,,1,IDLE,,1,IDLE,,1,MOVING_TO_FIELD,Field_10,1,MOVING_TO_FIELD,Field_10,1,MOVING_TO_FIELD,Field_2,1,PROTECTING,Field_10,1,PROTECTING,Field_14,1,IDLE,,1,IDLE,,1,MOVING_TO_FIELD,Field_7,1,IDLE,,1,IDLE,,1,IDLE,,1,PROTECTING,Field_10,1,PROTECTING,Field_7,1,PROTECTING,Field_9,1,PROTECTING,Field_14,1,IDLE,,1,IDLE,,1,IDLE,,1,IDLE,,1,IDLE,,1,IDLE,,1,IDLE,,1,IDLE,,1,IDLE,,1,IDLE,,1,IDLE,,1,PROTECTING,Field_10,1,MOVING_TO_FIELD,Field_14,10,0.11,0,0,4,32,0.15,0,1,2,3,0.10,0,0,4,9,0.17,0,0,4,17,0.09,0,0,2,9,0.16,0,0,4,28,0.20,1,1,2,11,0.13,0,0,2,23,0.22,1,0,2,13,0.33,3,2,3,20,0.16,0,0,4,24,0.18,0,0,1,12,0.11,0,0,2,31,0.42,2,2,4,21,0.23,0,0,6,6,0.10,0,0,2,17,0.13,0,0,2,27,0.13,0,0,1,0,0.08,0,0,2,3,0.10,0,0,3
51,322,24,0,6,0,10,0,1,IDLE,,1,IDLE,,1,IDLE,,1,IDLE,,1,IDLE,,1,MOVING_TO_FIELD,Field_14,1,IDLE,,1,IDLE,,1,IDLE,,1,IDLE,,1,IDLE,,1,MOVING_TO_FIELD,Field_2,1,MOVING_TO_FIELD,Field_10,1,MOVING_TO_FIELD,Field_10,1,MOVING_TO_FIELD,Field_2,1,PROTECTING,Field_10,1,PROTECTING,Field_14,1,IDLE,,1,IDLE,,1,MOVING_TO_FIELD,Field_7,1,IDLE,,1,MOVING_TO_FIELD,Field_7,1,MOVING_TO_FIELD,Field_9,1,IDLE,,1,PROTECTING,Field_7,1,PROTECTING,Field_9,1,PROTECTING,Field_14,1,IDLE,,1,IDLE,,1,IDLE,,1,IDLE,,1,IDLE,,1,IDLE,,1,IDLE,,1,IDLE,,1,IDLE,,1,MOVING_TO_FIELD,Field_14,1,IDLE,,1,PROTECTING,Field_10,1,MOVING_TO_FIELD,Field_14,10,0.11,0,0,4,32,0.14,0,2,2,3,0.10,0,0,4,10,0.17,0,0,4,17,0.09,0,0,2,9,0.15,0,0,4,28,0.20,1,2,2,11,0.11,0,0,2,24,0.24,1,1,2,15,0.33,2,2,4,21,0.18,0,0,4,24,0.18,0,0,1,12,0.11,0,0,2,31,0.42,2,3,4,22,0.22,0,0,6,6,0.11,0,0,2,17,0.15,0,0,2,27,0.13,0,0,1,0,0.10,0,0,2,3,0.08,0,0,3
52,327,24,0,6,0,10,0,1,IDLE,,1,IDLE,,1,IDLE,,1,IDLE,,1,IDLE,,1,MOVING_TO_FIELD,Field_14,1,IDLE,,1,IDLE,,1,IDLE,,1,IDLE,,1,IDLE,,1,MOVING_TO_FIELD,Field_2,1,MOVING_TO_FIELD,Field_10,1,MOVING_TO_FIELD,Field_10,1,MOVING_TO_FIELD,Field_2,1,PROTECTING,Field_10,1,PROTECTING,Field_14,1,IDLE,,1,IDLE,,1,MOVING_TO_FIELD,Field_7,1,IDLE,,1,MOVING_TO_FIELD,Field_7,1,MOVING_TO_FIELD,Field_9,1,IDLE,,1,PROTECTING,Field_7,1,PROTECTING,Field_9,1,PROTECTING,Field_14,1,IDLE,,1,IDLE,,1,IDLE,,1,IDLE,,1,IDLE,,1,IDLE,,1,IDLE,,1,IDLE,,1,IDLE,,1,MOVING_TO_FIELD,Field_14,1,IDLE,,1,PROTECTING,Field_10,1,MOVING_TO_FIELD,Field_14,10,0.10,0,0,4,33,0.15,0,2,2,3,0.09,0,0,4,10,0.18,0,0,4,17,0.09,0,0,2,10,0.15,0,0,4,28,0.22,1,2,2,11,0.11,0,0,2,24,0.22,1,1,2,15,0.34,2,2,4,21,0.18,0,0,4,24,0.15,0,0,1,12,0.12,0,0,2,33,0.41,2,3,4,22,0.22,0,0,6,6,0.11,0,0,2,18,0.15,0,0,2,27,0.13,0,0,1,0,0.11,0,0,2,3,0.08,0,0,3
53,331,24,0,7,0,9,0,1,IDLE,,1,IDLE,,1,IDLE,,1,IDLE,,1,IDLE,,1,MOVING_TO_FIELD,Field_14,1,IDLE,,1,IDLE,,1,IDLE,,1,IDLE,,1,IDLE,,1,MOVING_TO_FIELD,Field_2,1,MOVING_TO_FIELD,Field_10,1,MOVING_TO_FIELD,Field_10,1,MOVING_TO_FIELD,Field_2,1,PROTECTING,Field_10,1,PROTECTING,Field_14,1,IDLE,,1,IDLE,,1,PROTECTING,Field_7,1,IDLE,,1,MOVING_TO_FIELD,Field_7,1,MOVING_TO_FIELD,Field_9,1,IDLE,,1,PROTECTING,Field_7,1,PROTECTING,Field_9,1,PROTECTING,Field_14,1,IDLE,,1,IDLE,,1,IDLE,,1,IDLE,,1,IDLE,,1,IDLE,,1,IDLE,,1,IDLE,,1,IDLE,,1,MOVING_TO_FIELD,Field_14,1,IDLE,,1,PROTECTING,Field_10,1,MOVING_TO_FIELD,Field_14,10,0.10,0,0,4,34,0.14,0,2,2,3,0.09,0,0,4,10,0.18,0,0,4,17,0.09,0,0,2,11,0.15,0,0,4,28,0.22,2,1,1,11,0.11,0,0,2,24,0.21,1,1,2,15,0.33,2,2,4,21,0.17,0,0,4,24,0.15,0,0,1,12,0.12,0,0,2,35,0.41,2,3,4,22,0.21,0,0,6,6,0.12,0,0,2,18,0.15,0,0,2,27,0.13,0,0,1,0,0.11,0,0,2,3,0.08,0,0,3
54,335,24,0,8,0,8,0,1,IDLE,,1,IDLE,,1,IDLE,,1,IDLE,,1,IDLE,,1,MOVING_TO_FIELD,Field_14,1,IDLE,,1,IDLE,,1,IDLE,,1,IDLE,,1,IDLE,,1,MOVING_TO_FIELD,Field_2,1,PROTECTING,Field_10,1,MOVING_TO_FIELD,Field_10,1,MOVING_TO_FIELD,Field_2,1,PROTECTING,Field_10,1,PROTECTING,Field_14,1,IDLE,,1,IDLE,,1,PROTECTING,Field_7,1,IDLE,,1,MOVING_TO_FIELD,Field_7,1,MOVING_TO_FIELD,Field_9,1,IDLE,,1,PROTECTING,Field_7,1,PROTECTING,Field_9,1,PROTECTING,Field_14,1,IDLE,,1,IDLE,,1,IDLE,,1,IDLE,,1,IDLE,,1,IDLE,,1,IDLE,,1,IDLE,,1,IDLE,,1,MOVING_TO_FIELD,Field_14,1,IDLE,,1,PROTECTING,Field_10,1,MOVING_TO_FIELD,Field_14,10,0.10,0,0,4,34,0.15,0,2,2,3,0.10,0,0,4,10,0.17,0,0,4,17,0.10,0,0,2,11,0.14,0,0,4,28,0.22,2,1,1,11,0.11,0,0,2,25,0.21,1,1,2,16,0.33,3,1,3,21,0.17,0,0,4,24,0.15,0,0,1,12,0.12,0,0,2,36,0.41,2,3,4,23,0.21,0,0,6,6,0.11,0,0,2,18,0.15,0,0,2,27,0.11,0,0,1,0,0.11,0,0,2,3,0.06,0,0,3
55,341,24,0,8,0,8,0,1,IDLE,,1,IDLE,,1,IDLE,,1,IDLE,,1,IDLE,,1,MOVING_TO_FIELD,Field_14,1,IDLE,,1,IDLE,,1,IDLE,,1,IDLE,,1,IDLE,,1,MOVING_TO_FIELD,Field_2,1,PROTECTING,Field_10,1,MOVING_TO_FIELD,Field_10,1,MOVING_TO_FIELD,Field_2,1,PROTECTING,Field_10,1,PROTECTING,Field_14,1,IDLE,,1,IDLE,,1,PROTECTING,Field_7,1,IDLE,,1,MOVING_TO_FIELD,Field_7,1,MOVING_TO_FIELD,Field_9,1,IDLE,,1,PROTECTING,Field_7,1,PROTECTING,Field_9,1,PROTECTING,Field_14,1,IDLE,,1,IDLE,,1,IDLE,,1,IDLE,,1,IDLE,,1,IDLE,,1,IDLE,,1,IDLE,,1,IDLE,,1,MOVING_TO_FIELD,Field_14,1,IDLE,,1,PROTECTING,Field_10,1,MOVING_TO_FIELD,Field_14,10,0.10,0,0,4,34,0.16,0,2,2,3,0.10,0,0,4,10,0.17,0,0,4,20,0.12,0,0,2,11,0.14,0,0,4,28,0.23,2,1,1,11,0.11,0,0,2,27,0.21,1,1,2,17,0.32,3,1,3,21,0.17,0,0,4,24,0.15,0,0,1,12,0.12,0,0,2,36,0.41,2,3,4,23,0.21,0,0,6,6,0.11,0,0,2,18,0.15,0,0,2,27,0.11,0,0,1,0,0.10,0,0,2,3,0.06,0,0,3
56,342,24,0,8,0,8,0,1,IDLE,,1,IDLE,,1,IDLE,,1,IDLE,,1,IDLE,,1,MOVING_TO_FIELD,Field_14,1,IDLE,,1,IDLE,,1,IDLE,,1,IDLE,,1,IDLE,,1,MOVING_TO_FIELD,Field_2,1,PROTECTING,Field_10,1,MOVING_TO_FIELD,Field_10,1,MOVING_TO_FIELD,Field_2,1,PROTECTING,Field_10,1,PROTECTING,Field_14,1,IDLE,,1,IDLE,,1,PROTECTING,Field_7,1,IDLE,,1,MOVING_TO_FIELD,Field_7,1,MOVING_TO_FIELD,Field_9,1,IDLE,,1,PROTECTING,Field_7,1,PROTECTING,Field_9,1,PROTECTING,Field_14,1,IDLE,,1,IDLE,,1,IDLE,,1,IDLE,,1,IDLE,,1,IDLE,,1,IDLE,,1,IDLE,,1,IDLE,,1,MOVING_TO_FIELD,Field_14,1,IDLE,,1,PROTECTING,Field_10,1,MOVING_TO_FIELD,Field_14,10,0.10,0,0,4,34,0.18,0,2,2,3,0.11,0,0,4,10,0.16,0,0,4,20,0.12,0,0,2,11,0.15,0,0,4,28,0.23,2,1,1,11,0.10,0,0,2,27,0.20,1,1,2,18,0.31,3,1,3,21,0.17,0,0,4,24,0.15,0,0,1,12,0.12,0,0,2,36,0.41,2,3,4,23,0.22,0,0,6,6,0.11,0,0,2,18,0.15,0,0,2,27,0.13,0,0,1,0,0.10,0,0,2,3,0.06,0,0,3
57,344,24,0,8,0,8,0,1,IDLE,,1,IDLE,,1,IDLE,,1,IDLE,,1,IDLE,,1,MOVING_TO_FIELD,Field_14,1,IDLE,,1,IDLE,,1,IDLE,,1,IDLE,,1,IDLE,,1,MOVING_TO_FIELD,Field_2,1,PROTECTING,Field_10,1,MOVING_TO_FIELD,Field_10,1,MOVING_TO_FIELD,Field_2,1,PROTECTING,Field_10,1,PROTECTING,Field_14,1,IDLE,,1,IDLE,,1,PROTECTING,Field_7,1,IDLE,,1,MOVING_TO_FIELD,Field_7,1,MOVING_TO_FIELD,Field_9,1,IDLE,,1,PROTECTING,Field_7,1,PROTECTING,Field_9,1,PROTECTING,Field_14,1,IDLE,,1,IDLE,,1,IDLE,,1,IDLE,,1,IDLE,,1,IDLE,,1,IDLE,,1,IDLE,,1,IDLE,,1,MOVING_TO_FIELD,Field_14,1,IDLE,,1,PROTECTING,Field_10,1,MOVING_TO_FIELD,Field_14,10,0.10,0,0,4,34,0.19,0,2,2,3,0.10,0,0,4,10,0.17,0,0,4,20,0.11,0,0,2,11,0.16,0,0,4,28,0.22,2,1,1,11,0.10,0,0,2,28,0.19,1,1,2,18,0.31,3,1,3,21,0.17,0,0,4,24,0.15,0,0,1,12,0.12,0,0,2,36,0.41,2,3,4,23,0.21,0,0,6,6,0.11,0,0,2,18,0.15,0,0,2,28,0.15,0,0,1,0,0.10,0,0,2,3,0.06,0,0,3
58,347,24,0,8,0,8,0,1,IDLE,,1,IDLE,,1,IDLE,,1,IDLE,,1,IDLE,,1,MOVING_TO_FIELD,Field_14,1,IDLE,,1,IDLE,,1,IDLE,,1,IDLE,,1,IDLE,,1,MOVING_TO_FIELD,Field_2,1,PROTECTING,Field_10,1,MOVING_TO_FIELD,Field_10,1,MOVING_TO_FIELD,Field_2,1,PROTECTING,Field_10,1,PROTECTING,Field_14,1,IDLE,,1,IDLE,,1,PROTECTING,Field_7,1,IDLE,,1,MOVING_TO_FIELD,Field_7,1,MOVING_TO_FIELD,Field_9,1,IDLE,,1,PROTECTING,Field_7,1,PROTECTING,Field_9,1,PROTECTING,Field_14,1,IDLE,,1,IDLE,,1,IDLE,,1,IDLE,,1,IDLE,,1,IDLE,,1,IDLE,,1,IDLE,,1,IDLE,,1,MOVING_TO_FIELD,Field_14,1,IDLE,,1,PROTECTING,Field_10,1,MOVING_TO_FIELD,Field_14,10,0.10,0,0,4,34,0.20,0,2,2,3,0.09,0,0,4,10,0.17,0,0,4,20,0.10,0,0,2,11,0.17,0,0,4,28,0.23,2,1,1,12,0.10,0,0,2,29,0.18,1,1,2,18,0.29,3,1,3,21,0.16,0,0,4,24,0.15,0,0,1,12,0.12,0,0,2,36,0.41,2,3,4,23,0.21,0,0,6,6,0.11,0,0,2,19,0.15,0,0,2,28,0.15,0,0,1,0,0.08,0,0,2,3,0.06,0,0,3
59,351,24,0,8,0,8,0,1,IDLE,,1,IDLE,,1,IDLE,,1,IDLE,,1,IDLE,,1,MOVING_TO_FIELD,Field_14,1,IDLE,,1,IDLE,,1,IDLE,,1,IDLE,,1,IDLE,,1,MOVING_TO_FIELD,Field_2,1,PROTECTING,Field_10,1,MOVING_TO_FIELD,Field_10,1,MOVING_TO_FIELD,Field_2,1,PROTECTING,Field_10,1,PROTECTING,Field_14,1,IDLE,,1,IDLE,,1,PROTECTING,Field_7,1,IDLE,,1,MOVING_TO_FIELD,Field_7,1,MOVING_TO_FIELD,Field_9,1,IDLE,,1,PROTECTING,Field_7,1,PROTECTING,Field_9,1,PROTECTING,Field_14,1,IDLE,,1,IDLE,,1,IDLE,,1,IDLE,,1,IDLE,,1,IDLE,,1,IDLE,,1,IDLE,,1,IDLE,,1,MOVING_TO_FIELD,Field_14,1,IDLE,,1,PROTECTING,Field_10,1,MOVING_TO_FIELD,Field_14,10,0.10,0,0,4,34,0.19,0,2,2,3,0.10,0,0,4,10,0.17,0,0,4,20,0.10,0,0,2,11,0.17,0,0,4,28,0.23,2,1,1,12,0.10,0,0,2,29,0.18,1,1,2,20,0.28,3,1,3,21,0.13,0,0,4,25,0.15,0,0,1,12,0.12,0,0,2,36,0.39,2,3,4,24,0.22,0,0,6,6,0.10,0,0,2,19,0.16,0,0,2,28,0.15,0,0,1,0,0.08,0,0,2,3,0.06,0,0,3
60,354,24,0,8,0,8,0,1,IDLE,,1,IDLE,,1,IDLE,,1,IDLE,,1,IDLE,,1,MOVING_TO_FIELD,Field_14,1,IDLE,,1,IDLE,,1,IDLE,,1,IDLE,,1,IDLE,,1,MOVING_TO_FIELD,Field_2,1,PROTECTING,Field_10,1,MOVING_TO_FIELD,Field_10,1,MOVING_TO_FIELD,Field_2,1,PROTECTING,Field_10,1,PROTECTING,Field_14,1,IDLE,,1,IDLE,,1,PROTECTING,Field_7,1,IDLE,,1,MOVING_TO_FIELD,Field_7,1,MOVING_TO_FIELD,Field_9,1,IDLE,,1,PROTECTING,Field_7,1,PROTECTING,Field_9,1,PROTECTING,Field_14,1,IDLE,,1,IDLE,,1,IDLE,,1,IDLE,,1,IDLE,,1,IDLE,,1,IDLE,,1,IDLE,,1,IDLE,,1,MOVING_TO_FIELD,Field_14,1,IDLE,,1,PROTECTING,Field_10,1,MOVING_TO_FIELD,Field_14,10,0.09,0,0,4,34,0.20,0,2,2,3,0.09,0,0,4,10,0.16,0,0,4,20,0.10,0,0,2,11,0.17,0,0,4,28,0.23,2,1,1,12,0.09,0,0,2,29,0.19,1,1,2,20,0.28,3,1,3,21,0.13,0,0,4,26,0.15,0,0,1,12,0.12,0,0,2,37,0.39,2,3,4,25,0.22,0,0,6,6,0.10,0,0,2,19,0.15,0,0,2,28,0.15,0,0,1,0,0.08,0,0,2,3,0.04,0,0,3
61,357,20,0,8,0,12,0,1,IDLE,,1,IDLE,,1,IDLE,,1,IDLE,,1,IDLE,,1,MOVING_TO_FIELD,Field_14,1,MOVING_TO_FIELD,Field_7,1,MOVING_TO_FIELD,Field_10,1,MOVING_TO_FIELD,Field_10,1,IDLE,,1,IDLE,,1,MOVING_TO_FIELD,Field_2,1,PROTECTING,Field_10,1,MOVING_TO_FIELD,Field_10,1,MOVING_TO_FIELD,Field_2,1,PROTECTING,Field_10,1,PROTECTING,Field_14,1,IDLE,,1,IDLE,,1,PROTECTING,Field_7,1,IDLE,,1,MOVING_TO_FIELD,Field_7,1,MOVING_TO_FIELD,Field_9,1,IDLE,,1,PROTECTING,Field_7,1,PROTECTING,Field_9,1,PROTECTING,Field_14,1,IDLE,,1,IDLE,,1,IDLE,,1,IDLE,,1,IDLE,,1,IDLE,,1,IDLE,,1,IDLE,,1,IDLE,,1,MOVING_TO_FIELD,Field_14,1,MOVING_TO_FIELD,Field_14,1,PROTECTING,Field_10,1,MOVING_TO_FIELD,Field_14,10,0.10,0,0,4,34,0.20,0,2,2,3,0.09,0,0,4,10,0.16,0,0,4,20,0.09,0,0,2,11,0.17,0,0,4,28,0.22,2,2,1,12,0.09,0,0,2,29,0.18,1,1,2,22,0.28,3,3,3,21,0.13,0,0,4,27,0.12,0,0,1,12,0.12,0,0,2,37,0.38,2,4,4,25,0.21,0,0,6,6,0.10,0,0,2,19,0.15,0,0,2,28,0.15,0,0,1,0,0.11,0,0,2,3,0.04,0,0,3
62,364,20,0,8,0,12,0,1,IDLE,,1,IDLE,,1,IDLE,,1,IDLE,,1,IDLE,,1,MOVING_TO_FIELD,Field_14,1,MOVING_TO_FIELD,Field_7,1,MOVING_TO_FIELD,Field_10,1,MOVING_TO_FIELD,Field_10,1,IDLE,,1,IDLE,,1,MOVING_TO_FIELD,Field_2,1,PROTECTING,Field_10,1,MOVING_TO_FIELD,Field_10,1,MOVING_TO_FIELD,Field_2,1,PROTECTING,Field_10,1,PROTECTING,Field_14,1,IDLE,,1,IDLE,,1,PROTECTING,Field_7,1,IDLE,,1,MOVING_TO_FIELD,Field_7,1,MOVING_TO_FIELD,Field_9,1,IDLE,,1,PROTECTING,Field_7,1,PROTECTING,Field_9,1,PROTECTING,Field_14,1,IDLE,,1,IDLE,,1,IDLE,,1,IDLE,,1,IDLE,,1,IDLE,,1,IDLE,,1,IDLE,,1,IDLE,,1,MOVING_TO_FIELD,Field_14,1,MOVING_TO_FIELD,Field_14,1,PROTECTING,Field_10,1,MOVING_TO_FIELD,Field_14,10,0.10,0,0,4,34,0.21,0,2,2,3,0.10,0,0,4,10,0.17,0,0,4,20,0.07,0,0,2,11,0.16,0,0,4,28,0.22,2,2,1,12,0.09,0,0,2,31,0.18,1,1,2,24,0.28,3,3,3,21,0.12,0,0,4,27,0.12,0,0,1,12,0.12,0,0,2,38,0.38,2,4,4,26,0.19,0,0,6,6,0.12,0,0,2,20,0.18,0,0,2,28,0.15,0,0,1,0,0.11,0,0,2,3,0.02,0,0,3
63,371,20,0,8,0,12,0,1,IDLE,,1,IDLE,,1,IDLE,,1,IDLE,,1,IDLE,,1,MOVING_TO_FIELD,Field_14,1,MOVING_TO_FIELD,Field_7,1,MOVING_TO_FIELD,Field_10,1,MOVING_TO_FIELD,Field_10,1,IDLE,,1,IDLE,,1,MOVING_TO_FIELD,Field_2,1,PROTECTING,Field_10,1,MOVING_TO_FIELD,Field_10,1,MOVING_TO_FIELD,Field_2,1,PROTECTING,Field_10,1,PROTECTING,Field_14,1,IDLE,,1,IDLE,,1,PROTECTING,Field_7,1,IDLE,,1,MOVING_TO_FIELD,Field_7,1,MOVING_TO_FIELD,Field_9,1,IDLE,,1,PROTECTING,Field_7,1,PROTECTING,Field_9,1,PROTECTING,Field_14,1,IDLE,,1,IDLE,,1,IDLE,,1,IDLE,,1,IDLE,,1,IDLE,,1,IDLE,,1,IDLE,,1,IDLE,,1,MOVING_TO_FIELD,Field_14,1,MOVING_TO_FIELD,Field_14,1,PROTECTING,Field_10,1,MOVING_TO_FIELD,Field_14,10,0.09,0,0,4,36,0.21,0,2,2,3,0.10,0,0,4,10,0.17,0,0,4,20,0.07,0,0,2,11,0.15,0,0,4,28,0.23,2,2,1,12,0.09,0,0,2,33,0.20,1,1,2,24,0.28,3,3,3,21,0.12,0,0,4,27,0.12,0,0,1,12,0.11,0,0,2,39,0.38,2,4,4,28,0.18,0,0,6,6,0.11,0,0,2,20,0.23,0,0,2,28,0.15,0,0,1,0,0.11,0,0,2,3,0.02,0,0,3
64,375,20,0,8,0,12,0,1,IDLE,,1,IDLE,,1,IDLE,,1,IDLE,,1,IDLE,,1,MOVING_TO_FIELD,Field_14,1,MOVING_TO_FIELD,Field_7,1,MOVING_TO_FIELD,Field_10,1,MOVING_TO_FIELD,Field_10,1,IDLE,,1,IDLE,,1,MOVING_TO_FIELD,Field_2,1,PROTECTING,Field_10,1,MOVING_TO_FIELD,Field_10,1,MOVING_TO_FIELD,Field_2,1,PROTECTING,Field_10,1,PROTECTING,Field_14,1,IDLE,,1,IDLE,,1,PROTECTING,Field_7,1,IDLE,,1,MOVING_TO_FIELD,Field_7,1,MOVING_TO_FIELD,Field_9,1,IDLE,,1,PROTECTING,Field_7,1,PROTECTING,Field_9,1,PROTECTING,Field_14,1,IDLE,,1,IDLE,,1,IDLE,,1,IDLE,,1,IDLE,,1,IDLE,,1,IDLE,,1,IDLE,,1,IDLE,,1,MOVING_TO_FIELD,Field_14,1,MOVING_TO_FIELD,Field_14,1,PROTECTING,Field_10,1,MOVING_TO_FIELD,Field_14,10,0.09,0,0,4,36,0.20,0,2,2,3,0.10,0,0,4,10,0.17,0,0,4,20,0.07,0,0,2,11,0.14,0,0,4,28,0.23,2,2,1,12,0.09,0,0,2,34,0.20,1,1,2,25,0.27,3,3,3,21,0.12,0,0,4,27,0.12,0,0,1,12,0.11,0,0,2,40,0.38,2,4,4,29,0.18,0,0,6,6,0.14,0,0,2,20,0.23,0,0,2,28,0.13,0,0,1,0,0.08,0,0,2,3,0.02,0,0,3
65,375,20,0,8,0,12,0,1,IDLE,,1,IDLE,,1,IDLE,,1,IDLE,,1,IDLE,,1,MOVING_TO_FIELD,Field_14,1,MOVING_TO_FIELD,Field_7,1,MOVING_TO_FIELD,Field_10,1,MOVING_TO_FIELD,Field_10,1,IDLE,,1,IDLE,,1,MOVING_TO_FIELD,Field_2,1,PROTECTING,Field_10,1,MOVING_TO_FIELD,Field_10,1,MOVING_TO_FIELD,Field_2,1,PROTECTING,Field_10,1,PROTECTING,Field_14,1,IDLE,,1,IDLE,,1,PROTECTING,Field_7,1,IDLE,,1,MOVING_TO_FIELD,Field_7,1,MOVING_TO_FIELD,Field_9,1,IDLE,,1,PROTECTING,Field_7,1,PROTECTING,Field_9,1,PROTECTING,Field_14,1,IDLE,,1,IDLE,,1,IDLE,,1,IDLE,,1,IDLE,,1,IDLE,,1,IDLE,,1,IDLE,,1,IDLE,,1,MOVING_TO_FIELD,Field_14,1,MOVING_TO_FIELD,Field_14,1,PROTECTING,Field_10,1,MOVING_TO_FIELD,Field_14,10,0.09,0,0,4,36,0.20,0,2,2,3,0.10,0,0,4,10,0.17,0,0,4,20,0.07,0,0,2,11,0.14,0,0,4,28,0.22,2,2,1,12,0.09,0,0,2,34,0.20,1,1,2,25,0.26,3,3,3,21,0.12,0,0,4,27,0.12,0,0,1,12,0.11,0,0,2,40,0.38,2,4,4,29,0.18,0,0,6,6,0.15,0,0,2,20,0.23,0,0,2,28,0.11,0,0,1,0,0.08,0,0,2,3,0.02,0,0,3
66,378,20,0,8,0,12,0,1,IDLE,,1,IDLE,,1,IDLE,,1,IDLE,,1,IDLE,,1,MOVING_TO_FIELD,Field_14,1,MOVING_TO_FIELD,Field_7,1,MOVING_TO_FIELD,Field_10,1,MOVING_TO_FIELD,Field_10,1,IDLE,,1,IDLE,,1,MOVING_TO_FIELD,Field_2,1,PROTECTING,Field_10,1,MOVING_TO_FIELD,Field_10,1,MOVING_TO_FIELD,Field_2,1,PROTECTING,Field_10,1,PROTECTING,Field_14,1,IDLE,,1,IDLE,,1,PROTECTING,Field_7,1,IDLE,,1,MOVING_TO_FIELD,Field_7,1,MOVING_TO_FIELD,Field_9,1,IDLE,,1,PROTECTING,Field_7,1,PROTECTING,Field_9,1,PROTECTING,Field_14,1,IDLE,,1,IDLE,,1,IDLE,,1,IDLE,,1,IDLE,,1,IDLE,,1,IDLE,,1,IDLE,,1,IDLE,,1,MOVING_TO_FIELD,Field_14,1,MOVING_TO_FIELD,Field_14,1,PROTECTING,Field_10,1,MOVING_TO_FIELD,Field_14,10,0.09,0,0,4,36,0.20,0,2,2,3,0.10,0,0,4,10,0.16,0,0,4,20,0.07,0,0,2,11,0.14,0,0,4,28,0.22,2,2,1,12,0.10,0,0,2,34,0.20,1,1,2,27,0.26,3,3,3,21,0.12,0,0,4,27,0.12,0,0,1,12,0.07,0,0,2,40,0.38,2,4,4,30,0.18,0,0,6,6,0.14,0,0,2,20,0.25,0,0,2,28,0.13,0,0,1,0,0.08,0,0,2,3,0.02,0,0,3
67,383,20,0,8,0,12,0,1,IDLE,,1,IDLE,,1,IDLE,,1,IDLE,,1,IDLE,,1,MOVING_TO_FIELD,Field_14,1,MOVING_TO_FIELD,Field_7,1,MOVING_TO_FIELD,Field_10,1,MOVING_TO_FIELD,Field_10,1,IDLE,,1,IDLE,,1,MOVING_TO_FIELD,Field_2,1,PROTECTING,Field_10,1,MOVING_TO_FIELD,Field_10,1,MOVING_TO_FIELD,Field_2,1,PROTECTING,Field_10,1,PROTECTING,Field_14,1,IDLE,,1,IDLE,,1,PROTECTING,Field_7,1,IDLE,,1,MOVING_TO_FIELD,Field_7,1,MOVING_TO_FIELD,Field_9,1,IDLE,,1,PROTECTING,Field_7,1,PROTECTING,Field_9,1,PROTECTING,Field_14,1,IDLE,,1,IDLE,,1,IDLE,,1,IDLE,,1,IDLE,,1,IDLE,,1,IDLE,,1,IDLE,,1,IDLE,,1,MOVING_TO_FIELD,Field_14,1,MOVING_TO_FIELD,Field_14,1,PROTECTING,Field_10,1,MOVING_TO_FIELD,Field_14,11,0.10,0,0,4,37,0.20,0,2,2,3,0.09,0,0,4,11,0.16,0,0,4,20,0.07,0,0,2,11,0.14,0,0,4,28,0.22,2,2,1,12,0.10,0,0,2,35,0.20,1,1,2,27,0.26,3,3,3,21,0.12,0,0,4,27,0.12,0,0,1,12,0.05,0,0,2,41,0.38,2,4,4,30,0.18,0,0,6,6,0.14,0,0,2,20,0.23,0,0,2,28,0.13,0,0,1,0,0.08,0,0,2,3,0.02,0,0,3
68,387,20,0,8,0,12,0,1,IDLE,,1,IDLE,,1,IDLE,,1,IDLE,,1,IDLE,,1,MOVING_TO_FIELD,Field_14,1,MOVING_TO_FIELD,Field_7,1,MOVING_TO_FIELD,Field_10,1,MOVING_TO_FIELD,Field_10,1,IDLE,,1,IDLE,,1,MOVING_TO_FIELD,Field_2,1,PROTECTING,Field_10,1,MOVING_TO_FIELD,Field_10,1,MOVING_TO_FIELD,Field_2,1,PROTECTING,Field_10,1,PROTECTING,Field_14,1,IDLE,,1,IDLE,,1,PROTECTING,Field_7,1,IDLE,,1,MOVING_TO_FIELD,Field_7,1,MOVING_TO_FIELD,Field_9,1,IDLE,,1,PROTECTING,Field_7,1,PROTECTING,Field_9,1,PROTECTING,Field_14,1,IDLE,,1,IDLE,,1,IDLE,,1,IDLE,,1,IDLE,,1,IDLE,,1,IDLE,,1,IDLE,,1,IDLE,,1,MOVING_TO_FIELD,Field_14,1,MOVING_TO_FIELD,Field_14,1,PROTECTING,Field_10,1,MOVING_TO_FIELD,Field_14,12,0.10,0,0,4,37,0.20,0,2,2,3,0.09,0,0,4,11,0.16,0,0,4,20,0.06,0,0,2,11,0.13,0,0,4,28,0.22,2,2,1,12,0.10,0,0,2,38,0.20,1,1,2,27,0.27,3,3,3,21,0.13,0,0,4,27,0.09,0,0,1,12,0.05,0,0,2,41,0.38,2,4,4,30,0.18,0,0,6,6,0.14,0,0,2,20,0.23,0,0,2,28,0.13,0,0,1,0,0.06,0,0,2,3,0.02,0,0,3
69,394,20,0,9,0,11,0,1,IDLE,,1,IDLE,,1,IDLE,,1,IDLE,,1,IDLE,,1,MOVING_TO_FIELD,Field_14,1,MOVING_TO_FIELD,Field_7,1,MOVING_TO_FIELD,Field_10,1,MOVING_TO_FIELD,Field_10,1,IDLE,,1,IDLE,,1,MOVING_TO_FIELD,Field_2,1,PROTECTING,Field_10,1,MOVING_TO_FIELD,Field_10,1,PROTECTING,Field_2,1,PROTECTING,Field_10,1,PROTECTING,Field_14,1,IDLE,,1,IDLE,,1,PROTECTING,Field_7,1,IDLE,,1,MOVING_TO_FIELD,Field_7,1,MOVING_TO_FIELD,Field_9,1,IDLE,,1,PROTECTING,Field_7,1,PROTECTING,Field_9,1,PROTECTING,Field_14,1,IDLE,,1,IDLE,,1,IDLE,,1,IDLE,,1,IDLE,,1,IDLE,,1,IDLE,,1,IDLE,,1,IDLE,,1,MOVING_TO_FIELD,Field_14,1,MOVING_TO_FIELD,Field_14,1,PROTECTING,Field_10,1,MOVING_TO_FIELD,Field_14,13,0.10,0,0,4,37,0.21,1,1,1,3,0.08,0,0,4,11,0.16,0,0,4,20,0.06,0,0,2,11,0.13,0,0,4,29,0.21,2,2,1,13,0.10,0,0,2,38,0.21,1,1,2,27,0.26,3,3,3,22,0.14,0,0,4,27,0.09,0,0,1,12,0.05,0,0,2,42,0.39,2,4,4,31,0.18,0,0,6,6,0.14,0,0,2,21,0.23,0,0,2,28,0.13,0,0,1,0,0.06,0,0,2,3,0.02,0,0,3
70,400,20,0,9,0,11,0,1,IDLE,,1,IDLE,,1,IDLE,,1,IDLE,,1,IDLE,,1,MOVING_TO_FIELD,Field_14,1,MOVING_TO_FIELD,Field_7,1,MOVING_TO_FIELD,Field_10,1,MOVING_TO_FIELD,Field_10,1,IDLE,,1,IDLE,,1,MOVING_TO_FIELD,Field_2,1,PROTECTING,Field_10,1,MOVING_TO_FIELD,Field_10,1,PROTECTING,Field_2,1,PROTECTING,Field_10,1,PROTECTING,Field_14,1,IDLE,,1,IDLE,,1,PROTECTING,Field_7,1,IDLE,,1,MOVING_TO_FIELD,Field_7,1,MOVING_TO_FIELD,Field_9,1,IDLE,,1,PROTECTING,Field_7,1,PROTECTING,Field_9,1,PROTECTING,Field_14,1,IDLE,,1,IDLE,,1,IDLE,,1,IDLE,,1,IDLE,,1,IDLE,,1,IDLE,,1,IDLE,,1,IDLE,,1,MOVING_TO_FIELD,Field_14,1,MOVING_TO_FIELD,Field_14,1,PROTECTING,Field_10,1,MOVING_TO_FIELD,Field_14,13,0.10,0,0,4,37,0.20,1,1,1,3,0.09,0,0,4,12,0.16,0,0,4,20,0.06,0,0,2,12,0.11,0,0,4,29,0.21,2,2,1,14,0.10,0,0,2,38,0.24,1,1,2,27,0.25,3,3,3,22,0.14,0,0,4,27,0.09,0,0,1,12,0.05,0,0,2,42,0.39,2,4,4,31,0.18,0,0,6,6,0.12,0,0,2,23,0.23,0,0,2,29,0.13,0,0,1,0,0.06,0,0,2,3,0.02,0,0,3
71,401,20,0,12,0,8,0,1,IDLE,,1,IDLE,,1,IDLE,,1,IDLE,,1,IDLE,,1,PROTECTING,Field_14,1,MOVING_TO_FIELD,Field_7,1,MOVING_TO_FIELD,Field_10,1,MOVING_TO_FIELD,Field_9,1,IDLE,,1,IDLE,,1,MOVING_TO_FIELD,Field_2,1,PROTECTING,Field_10,1,PROTECTING,Field_10,1,PROTECTING,Field_2,1,PROTECTING,Field_10,1,PROTECTING,Field_14,1,IDLE,,1,IDLE,,1,PROTECTING,Field_7,1,IDLE,,1,MOVING_TO_FIELD,Field_7,1,MOVING_TO_FIELD,Field_9,1,IDLE,,1,PROTECTING,Field_7,1,PROTECTING,Field_9,1,PROTECTING,Field_14,1,IDLE,,1,IDLE,,1,IDLE,,1,IDLE,,1,IDLE,,1,IDLE,,1,IDLE,,1,IDLE,,1,IDLE,,1,MOVING_TO_FIELD,Field_14,1,MOVING_TO_FIELD,Field_14,1,PROTECTING,Field_10,1,PROTECTING,Field_14,13,0.10,0,0,4,37,0.20,1,1,1,3,0.09,0,0,4,12,0.16,0,0,4,20,0.06,0,0,2,12,0.11,0,0,4,29,0.21,2,2,1,14,0.10,0,0,2,38,0.26,1,2,2,28,0.25,4,1,2,22,0.14,0,0,4,27,0.09,0,0,1,12,0.07,0,0,2,42,0.41,4,2,2,31,0.17,0,0,6,6,0.12,0,0,2,23,0.23,0,0,2,29,0.11,0,0,1,0,0.06,0,0,2,3,0.02,0,0,3
72,402,20,0,13,0,7,0,1,IDLE,,1,IDLE,,1,IDLE,,1,IDLE,,1,IDLE,,1,PROTECTING,Field_14,1,MOVING_TO_FIELD,Field_7,1,MOVING_TO_FIELD,Field_10,1,MOVING_TO_FIELD,Field_9,1,IDLE,,1,IDLE,,1,MOVING_TO_FIELD,Field_2,1,PROTECTING,Field_10,1,PROTECTING,Field_10,1,PROTECTING,Field_2,1,PROTECTING,Field_10,1,PROTECTING,Field_14,1,IDLE,,1,IDLE,,1,PROTECTING,Field_7,1,IDLE,,1,MOVING_TO_FIELD,Field_7,1,PROTECTING,Field_9,1,IDLE,,1,PROTECTING,Field_7,1,PROTECTING,Field_9,1,PROTECTING,Field_14,1,IDLE,,1,IDLE,,1,IDLE,,1,IDLE,,1,IDLE,,1,IDLE,,1,IDLE,,1,IDLE,,1,IDLE,,1,MOVING_TO_FIELD,Field_14,1,MOVING_TO_FIELD,Field_14,1,PROTECTING,Field_10,1,PROTECTING,Field_14,13,0.10,0,0,4,37,0.20,1,1,1,3,0.09,0,0,4,13,0.14,0,0,4,20,0.06,0,0,2,12,0.11,0,0,4,29,0.20,2,2,1,14,0.10,0,0,2,38,0.27,2,1,1,28,0.25,4,1,2,22,0.13,0,0,4,27,0.09,0,0,1,12,0.07,0,0,2,42,0.41,4,2,2,31,0.16,0,0,6,6,0.14,0,0,2,23,0.23,0,0,2,29,0.13,0,0,1,0,0.06,0,0,2,3,0.02,0,0,3
73,406,20,0,13,0,7,0,1,IDLE,,1,IDLE,,1,IDLE,,1,IDLE,,1,IDLE,,1,PROTECTING,Field_14,1,MOVING_TO_FIELD,Field_7,1,MOVING_TO_FIELD,Field_10,1,MOVING_TO_FIELD,Field_9,1,IDLE,,1,IDLE,,1,MOVING_TO_FIELD,Field_2,1,PROTECTING,Field_10,1,PROTECTING,Field_10,1,PROTECTING,Field_2,1,PROTECTING,Field_10,1,PROTECTING,Field_14,1,IDLE,,1,IDLE,,1,PROTECTING,Field_7,1,IDLE,,1,MOVING_TO_FIELD,Field_7,1,PROTECTING,Field_9,1,IDLE,,1,PROTECTING,Field_7,1,PROTECTING,Field_9,1,PROTECTING,Field_14,1,IDLE,,1,IDLE,,1,IDLE,,1,IDLE,,1,IDLE,,1,IDLE,,1,IDLE,,1,IDLE,,1,IDLE,,1,MOVING_TO_FIELD,Field_14,1,MOVING_TO_FIELD,Field_14,1,PROTECTING,Field_10,1,PROTECTING,Field_14,13,0.09,0,0,4,37,0.20,1,1,1,3,0.09,0,0,4,14,0.13,0,0,4,20,0.06,0,0,2,12,0.10,0,0,4,29,0.19,2,2,1,15,0.10,0,0,2,38,0.26,2,1,1,28,0.24,4,1,2,22,0.13,0,0,4,27,0.09,0,0,1,12,0.07,0,0,2,42,0.41,4,2,2,31,0.16,0,0,6,6,0.14,0,0,2,25,0.25,0,0,2,29,0.15,0,0,1,0,0.08,0,0,2,3,0.02,0,0,3
74,413,20,0,14,0,6,0,1,IDLE,,1,IDLE,,1,IDLE,,1,IDLE,,1,IDLE,,1,PROTECTING,Field_14,1,MOVING_TO_FIELD,Field_7,1,MOVING_TO_FIELD,Field_10,1,MOVING_TO_FIELD,Field_9,1,IDLE,,1,IDLE,,1,PROTECTING,Field_2,1,PROTECTING,Field_10,1,PROTECTING,Field_10,1,PROTECTING,Field_2,1,PROTECTING,Field_10,1,PROTECTING,Field_14,1,IDLE,,1,IDLE,,1,PROTECTING,Field_7,1,IDLE,,1,MOVING_TO_FIELD,Field_7,1,PROTECTING,Field_9,1,IDLE,,1,PROTECTING,Field_7,1,PROTECTING,Field_9,1,PROTECTING,Field_14,1,IDLE,,1,IDLE,,1,IDLE,,1,IDLE,,1,IDLE,,1,IDLE,,1,IDLE,,1,IDLE,,1,IDLE,,1,MOVING_TO_FIELD,Field_14,1,MOVING_TO_FIELD,Field_14,1,PROTECTING,Field_10,1,PROTECTING,Field_14,13,0.09,0,0,4,37,0.21,2,0,0,3,0.10,0,0,4,14,0.16,0,0,4,20,0.06,0,0,2,12,0.08,0,0,4,32,0.18,2,2,1,15,0.10,0,0,2,38,0.26,2,1,1,28,0.23,4,1,2,22,0.13,0,0,4,27,0.09,0,0,1,13,0.07,0,0,2,42,0.41,4,2,2,31,0.16,0,0,6,7,0.14,0,0,2,25,0.25,0,0,2,31,0.15,0,0,1,0,0.08,0,0,2,3,0.02,0,0,3
75,416,20,0,14,0,6,0,1,IDLE,,1,IDLE,,1,IDLE,,1,IDLE,,1,IDLE,,1,PROTECTING,Field_14,1,MOVING_TO_FIELD,Field_7,1,MOVING_TO_FIELD,Field_10,1,MOVING_TO_FIELD,Field_9,1,IDLE,,1,IDLE,,1,PROTECTING,Field_2,1,PROTECTING,Field_10,1,PROTECTING,Field_10,1,PROTECTING,Field_2,1,PROTECTING,Field_10,1,PROTECTING,Field_14,1,IDLE,,1,IDLE,,1,PROTECTING,Field_7,1,IDLE,,1,MOVING_TO_FIELD,Field_7,1,PROTECTING,Field_9,1,IDLE,,1,PROTECTING,Field_7,1,PROTECTING,Field_9,1,PROTECTING,Field_14,1,IDLE,,1,IDLE,,1,IDLE,,1,IDLE,,1,IDLE,,1,IDLE,,1,IDLE,,1,IDLE,,1,IDLE,,1,MOVING_TO_FIELD,Field_14,1,MOVING_TO_FIELD,Field_14,1,PROTECTING,Field_10,1,PROTECTING,Field_14,13,0.08,0,0,4,37,0.21,2,0,0,3,0.09,0,0,4,14,0.16,0,0,4,20,0.06,0,0,2,12,0.10,0,0,4,33,0.19,2,2,1,15,0.09,0,0,2,38,0.24,2,1,1,28,0.22,4,1,2,22,0.13,0,0,4,27,0.12,0,0,1,13,0.07,0,0,2,42,0.41,4,2,2,31,0.15,0,0,6,8,0.14,0,0,2,26,0.23,0,0,2,31,0.17,0,0,1,0,0.08,0,0,2,3,0.02,0,0,3
76,422,20,0,14,0,6,0,1,IDLE,,1,IDLE,,1,IDLE,,1,IDLE,,1,IDLE,,1,PROTECTING,Field_14,1,MOVING_TO_FIELD,Field_7,1,MOVING_TO_FIELD,Field_10,1,MOVING_TO_FIELD,Field_9,1,IDLE,,1,IDLE,,1,PROTECTING,Field_2,1,PROTECTING,Field_10,1,PROTECTING,Field_10,1,PROTECTING,Field_2,1,PROTECTING,Field_10,1,PROTECTING,Field_14,1,IDLE,,1,IDLE,,1,PROTECTING,Field_7,1,IDLE,,1,MOVING_TO_FIELD,Field_7,1,PROTECTING,Field_9,1,IDLE,,1,PROTECTING,Field_7,1,PROTECTING,Field_9,1,PROTECTING,Field_14,1,IDLE,,1,IDLE,,1,IDLE,,1,IDLE,,1,IDLE,,1,IDLE,,1,IDLE,,1,IDLE,,1,IDLE,,1,MOVING_TO_FIELD,Field_14,1,MOVING_TO_FIELD,Field_14,1,PROTECTING,Field_10,1,PROTECTING,Field_14,13,0.08,0,0,4,37,0.20,2,0,0,3,0.10,0,0,4,14,0.16,0,0,4,20,0.06,0,0,2,12,0.10,0,0,4,35,0.18,2,2,1,15,0.09,0,0,2,39,0.24,2,1,1,29,0.21,4,1,2,22,0.14,0,0,4,27,0.15,0,0,1,13,0.07,0,0,2,42,0.41,4,2,2,31,0.15,0,0,6,8,0.14,0,0,2,27,0.23,0,0,2,32,0.15,0,0,1,0,0.11,0,0,2,3,0.02,0,0,3
77,424,20,0,14,0,6,0,1,IDLE,,1,IDLE,,1,IDLE,,1,IDLE,,1,IDLE,,1,PROTECTING,Field_14,1,MOVING_TO_FIELD,Field_7,1,MOVING_TO_FIELD,Field_10,1,MOVING_TO_FIELD,Field_9,1,IDLE,,1,IDLE,,1,PROTECTING,Field_2,1,PROTECTING,Field_10,1,PROTECTING,Field_10,1,PROTECTING,Field_2,1,PROTECTING,Field_10,1,PROTECTING,Field_14,1,IDLE,,1,IDLE,,1,PROTECTING,Field_7,1,IDLE,,1,MOVING_TO_FIELD,Field_7,1,PROTECTING,Field_9,1,IDLE,,1,PROTECTING,Field_7,1,PROTECTING,Field_9,1,PROTECTING,Field_14,1,IDLE,,1,IDLE,,1,IDLE,,1,IDLE,,1,IDLE,,1,IDLE,,1,IDLE,,1,IDLE,,1,IDLE,,1,MOVING_TO_FIELD,Field_14,1,MOVING_TO_FIELD,Field_14,1,PROTECTING,Field_10,1,PROTECTING,Field_14,13,0.08,0,0,4,37,0.20,2,0,0,3,0.11,0,0,4,14,0.16,0,0,4,20,0.06,0,0,2,12,0.11,0,0,4,35,0.18,2,2,1,15,0.09,0,0,2,40,0.24,2,1,1,29,0.21,4,1,2,22,0.14,0,0,4,27,0.15,0,0,1,13,0.07,0,0,2,42,0.39,4,2,2,31,0.15,0,0,6,9,0.14,0,0,2,27,0.21,0,0,2,32,0.13,0,0,1,0,0.11,0,0,2,3,0.02,0,0,3
78,429,20,0,14,0,6,0,1,IDLE,,1,IDLE,,1,IDLE,,1,IDLE,,1,IDLE,,1,PROTECTING,Field_14,1,MOVING_TO_FIELD,Field_7,1,MOVING_TO_FIELD,Field_10,1,MOVING_TO_FIELD,Field_9,1,IDLE,,1,IDLE,,1,PROTECTING,Field_2,1,PROTECTING,Field_10,1,PROTECTING,Field_10,1,PROTECTING,Field_2,1,PROTECTING,Field_10,1,PROTECTING,Field_14,1,IDLE,,1,IDLE,,1,PROTECTING,Field_7,1,IDLE,,1,MOVING_TO_FIELD,Field_7,1,PROTECTING,Field_9,1,IDLE,,1,PROTECTING,Field_7,1,PROTECTING,Field_9,1,PROTECTING,Field_14,1,IDLE,,1,IDLE,,1,IDLE,,1,IDLE,,1,IDLE,,1,IDLE,,1,IDLE,,1,IDLE,,1,IDLE,,1,MOVING_TO_FIELD,Field_14,1,MOVING_TO_FIELD,Field_14,1,PROTECTING,Field_10,1,PROTECTING,Field_14,13,0.09,0,0,4,37,0.18,2,0,0,3,0.13,0,0,4,14,0.14,0,0,4,21,0.06,0,0,2,12,0.10,0,0,4,36,0.17,2,2,1,15,0.09,0,0,2,40,0.22,2,1,1,30,0.20,4,1,2,22,0.14,0,0,4,27,0.15,0,0,1,13,0.07,0,0,2,43,0.39,4,2,2,31,0.15,0,0,6,10,0.14,0,0,2,27,0.25,0,0,2,32,0.13,0,0,1,0,0.11,0,0,2,3,0.02,0,0,3
79,435,20,0,14,0,6,0,1,IDLE,,1,IDLE,,1,IDLE,,1,IDLE,,1,IDLE,,1,PROTECTING,Field_14,1,MOVING_TO_FIELD,Field_7,1,MOVING_TO_FIELD,Field_10,1,MOVING_TO_FIELD,Field_9,1,IDLE,,1,IDLE,,1,PROTECTING,Field_2,1,PROTECTING,Field_10,1,PROTECTING,Field_10,1,PROTECTING,Field_2,1,PROTECTING,Field_10,1,PROTECTING,Field_14,1,IDLE,,1,IDLE,,1,PROTECTING,Field_7,1,IDLE,,1,MOVING_TO_FIELD,Field_7,1,PROTECTING,Field_9,1,IDLE,,1,PROTECTING,Field_7,1,PROTECTING,Field_9,1,PROTECTING,Field_14,1,IDLE,,1,IDLE,,1,IDLE,,1,IDLE,,1,IDLE,,1,IDLE,,1,IDLE,,1,IDLE,,1,IDLE,,1,MOVING_TO_FIELD,Field_14,1,MOVING_TO_FIELD,Field_14,1,PROTECTING,Field_10,1,PROTECTING,Field_14,13,0.09,0,0,4,37,0.15,2,0,0,3,0.16,0,0,4,14,0.14,0,0,4,21,0.06,0,0,2,12,0.11,0,0,4,38,0.16,2,2,1,15,0.07,0,0,2,40,0.20,2,1,1,30,0.20,4,1,2,22,0.14,0,0,4,27,0.15,0,0,1,13,0.05,0,0,2,44,0.39,4,2,2,31,0.15,0,0,6,12,0.11,0,0,2,28,0.23,0,0,2,32,0.13,0,0,1,0,0.10,0,0,2,3,0.02,0,0,3
80,438,20,0,14,0,6,0,1,IDLE,,1,IDLE,,1,IDLE,,1,IDLE,,1,IDLE,,1,PROTECTING,Field_14,1,MOVING_TO_FIELD,Field_7,1,MOVING_TO_FIELD,Field_10,1,MOVING_TO_FIELD,Field_9,1,IDLE,,1,IDLE,,1,PROTECTING,Field_2,1,PROTECTING,Field_10,1,PROTECTING,Field_10,1,PROTECTING,Field_2,1,PROTECTING,Field_10,1,PROTECTING,Field_14,1,IDLE,,1,IDLE,,1,PROTECTING,Field_7,1,IDLE,,1,MOVING_TO_FIELD,Field_7,1,PROTECTING,Field_9,1,IDLE,,1,PROTECTING,Field_7,1,PROTECTING,Field_9,1,PROTECTING,Field_14,1,IDLE,,1,IDLE,,1,IDLE,,1,IDLE,,1,IDLE,,1,IDLE,,1,IDLE,,1,IDLE,,1,IDLE,,1,MOVING_TO_FIELD,Field_14,1,MOVING_TO_FIELD,Field_14,1,PROTECTING,Field_10,1,PROTECTING,Field_14,13,0.08,0,0,4,37,0.13,2,0,0,3,0.16,0,0,4,14,0.12,0,0,4,21,0.06,0,0,2,12,0.11,0,0,4,39,0.16,2,2,1,15,0.06,0,0,2,41,0.21,2,1,1,30,0.19,4,1,2,22,0.14,0,0,4,27,0.15,0,0,1,13,0.05,0,0,2,44,0.39,4,2,2,31,0.14,0,0,6,12,0.11,0,0,2,29,0.23,0,0,2,32,0.13,0,0,1,0,0.10,0,0,2,3,0.02,0,0,3
81,438,20,0,14,0,6,0,1,IDLE,,1,IDLE,,1,IDLE,,1,IDLE,,1,IDLE,,1,PROTECTING,Field_14,1,MOVING_TO_FIELD,Field_7,1,MOVING_TO_FIELD,Field_10,1,MOVING_TO_FIELD,Field_9,1,IDLE,,1,IDLE,,1,PROTECTING,Field_2,1,PROTECTING,Field_10,1,PROTECTING,Field_10,1,PROTECTING,Field_2,1,PROTECTING,Field_10,1,PROTECTING,Field_14,1,IDLE,,1,IDLE,,1,PROTECTING,Field_7,1,IDLE,,1,MOVING_TO_FIELD,Field_7,1,PROTECTING,Field_9,1,IDLE,,1,PROTECTING,Field_7,1,PROTECTING,Field_9,1,PROTECTING,Field_14,1,IDLE,,1,IDLE,,1,IDLE,,1,IDLE,,1,IDLE,,1,IDLE,,1,IDLE,,1,IDLE,,1,IDLE,,1,MOVING_TO_FIELD,Field_14,1,MOVING_TO_FIELD,Field_14,1,PROTECTING,Field_10,1,PROTECTING,Field_14,13,0.07,0,0,4,37,0.12,2,0,0,3,0.16,0,0,4,14,0.12,0,0,4,21,0.06,0,0,2,12,0.12,0,0,4,39,0.16,2,2,1,15,0.06,0,0,2,41,0.22,2,1,1,30,0.19,4,1,2,22,0.14,0,0,4,27,0.15,0,0,1,13,0.05,0,0,2,44,0.38,4,2,2,31,0.14,0,0,6,12,0.12,0,0,2,29,0.23,0,0,2,32,0.13,0,0,1,0,0.10,0,0,2,3,0.00,0,0,3
82,443,20,0,14,0,6,0,1,IDLE,,1,IDLE,,1,IDLE,,1,IDLE,,1,IDLE,,1,PROTECTING,Field_14,1,MOVING_TO_FIELD,Field_7,1,MOVING_TO_FIELD,Field_10,1,MOVING_TO_FIELD,Field_9,1,IDLE,,1,IDLE,,1,PROTECTING,Field_2,1,PROTECTING,Field_10,1,PROTECTING,Field_10,1,PROTECTING,Field_2,1,PROTECTING,Field_10,1,PROTECTING,Field_14,1,IDLE,,1,IDLE,,1,PROTECTING,Field_7,1,IDLE,,1,MOVING_TO_FIELD,Field_7,1,PROTECTING,Field_9,1,IDLE,,1,PROTECTING,Field_7,1,PROTECTING,Field_9,1,PROTECTING,Field_14,1,IDLE,,1,IDLE,,1,IDLE,,1,IDLE,,1,IDLE,,1,IDLE,,1,IDLE,,1,IDLE,,1,IDLE,,1,MOVING_TO_FIELD,Field_14,1,MOVING_TO_FIELD,Field_14,1,PROTECTING,Field_10,1,PROTECTING,Field_14,14,0.07,0,0,4,37,0.12,2,0,0,3,0.16,0,0,4,14,0.11,0,0,4,21,0.05,0,0,2,12,0.13,0,0,4,40,0.15,2,2,1,15,0.06,0,0,2,41,0.21,2,1,1,32,0.19,4,1,2,22,0.16,0,0,4,27,0.15,0,0,1,13,0.05,0,0,2,45,0.38,4,2,2,31,0.14,0,0,6,12,0.11,0,0,2,29,0.23,0,0,2,32,0.13,0,0,1,0,0.10,0,0,2,3,0.00,0,0,3
83,449,20,0,15,0,5,0,1,IDLE,,1,IDLE,,1,IDLE,,1,IDLE,,1,IDLE,,1,PROTECTING,Field_14,1,MOVING_TO_FIELD,Field_7,1,MOVING_TO_FIELD,Field_10,1,PROTECTING,Field_9,1,IDLE,,1,IDLE,,1,PROTECTING,Field_2,1,PROTECTING,Field_10,1,PROTECTING,Field_10,1,PROTECTING,Field_2,1,PROTECTING,Field_10,1,PROTECTING,Field_14,1,IDLE,,1,IDLE,,1,PROTECTING,Field_7,1,IDLE,,1,MOVING_TO_FIELD,Field_7,1,PROTECTING,Field_9,1,IDLE,,1,PROTECTING,Field_7,1,PROTECTING,Field_9,1,PROTECTING,Field_14,1,IDLE,,1,IDLE,,1,IDLE,,1,IDLE,,1,IDLE,,1,IDLE,,1,IDLE,,1,IDLE,,1,IDLE,,1,MOVING_TO_FIELD,Field_14,1,MOVING_TO_FIELD,Field_14,1,PROTECTING,Field_10,1,PROTECTING,Field_14,14,0.07,0,0,4,37,0.11,2,0,0,3,0.16,0,0,4,14,0.11,0,0,4,21,0.05,0,0,2,12,0.13,0,0,4,40,0.15,2,2,1,15,0.06,0,0,2,41,0.20,3,0,0,34,0.18,4,1,2,22,0.16,0,0,4,28,0.15,0,0,1,13,0.04,0,0,2,46,0.35,4,2,2,31,0.15,0,0,6,12,0.10,0,0,2,29,0.23,0,0,2,34,0.15,0,0,1,0,0.11,0,0,2,3,0.00,0,0,3
84,452,20,0,16,0,4,0,1,IDLE,,1,IDLE,,1,IDLE,,1,IDLE,,1,IDLE,,1,PROTECTING,Field_14,1,MOVING_TO_FIELD,Field_7,1,MOVING_TO_FIELD,Field_10,1,PROTECTING,Field_9,1,IDLE,,1,IDLE,,1,PROTECTING,Field_2,1,PROTECTING,Field_10,1,PROTECTING,Field_10,1,PROTECTING,Field_2,1,PROTECTING,Field_10,1,PROTECTING,Field_14,1,IDLE,,1,IDLE,,1,PROTECTING,Field_7,1,IDLE,,1,PROTECTING,Field_7,1,PROTECTING,Field_9,1,IDLE,,1,PROTECTING,Field_7,1,PROTECTING,Field_9,1,PROTECTING,Field_14,1,IDLE,,1,IDLE,,1,IDLE,,1,IDLE,,1,IDLE,,1,IDLE,,1,IDLE,,1,IDLE,,1,IDLE,,1,MOVING_TO_FIELD,Field_14,1,MOVING_TO_FIELD,Field_14,1,PROTECTING,Field_10,1,PROTECTING,Field_14,14,0.08,0,0,4,37,0.11,2,0,0,3,0.16,0,0,4,14,0.11,0,0,4,21,0.05,0,0,2,12,0.13,0,0,4,40,0.14,3,1,0,15,0.06,0,0,2,41,0.20,3,0,0,35,0.20,4,1,2,22,0.14,0,0,4,28,0.15,0,0,1,13,0.04,0,0,2,47,0.35,4,2,2,31,0.16,0,0,6,12,0.10,0,0,2,30,0.25,0,0,2,34,0.15,0,0,1,0,0.10,0,0,2,3,0.02,0,0,3
85,458,20,0,16,0,4,0,1,IDLE,,1,IDLE,,1,IDLE,,1,IDLE,,1,IDLE,,1,PROTECTING,Field_14,1,MOVING_TO_FIELD,Field_7,1,MOVING_TO_FIELD,Field_10,1,PROTECTING,Field_9,1,IDLE,,1,IDLE,,1,PROTECTING,Field_2,1,PROTECTING,Field_10,1,PROTECTING,Field_10,1,PROTECTING,Field_2,1,PROTECTING,Field_10,1,PROTECTING,Field_14,1,IDLE,,1,IDLE,,1,PROTECTING,Field_7,1,IDLE,,1,PROTECTING,Field_7,1,PROTECTING,Field_9,1,IDLE,,1,PROTECTING,Field_7,1,PROTECTING,Field_9,1,PROTECTING,Field_14,1,IDLE,,1,IDLE,,1,IDLE,,1,IDLE,,1,IDLE,,1,IDLE,,1,IDLE,,1,IDLE,,1,IDLE,,1,MOVING_TO_FIELD,Field_14,1,MOVING_TO_FIELD,Field_14,1,PROTECTING,Field_10,1,PROTECTING,Field_14,14,0.08,0,0,4,37,0.08,2,0,0,3,0.16,0,0,4,14,0.11,0,0,4,21,0.05,0,0,2,12,0.15,0,0,4,40,0.10,3,1,0,15,0.06,0,0,2,41,0.20,3,0,0,35,0.20,4,1,2,22,0.12,0,0,4,28,0.15,0,0,1,13,0.04,0,0,2,49,0.35,4,2,2,32,0.15,0,0,6,12,0.11,0,0,2,33,0.25,0,0,2,34,0.17,0,0,1,0,0.08,0,0,2,3,0.02,0,0,3
86,460,20,0,16,0,4,0,1,IDLE,,1,IDLE,,1,IDLE,,1,IDLE,,1,IDLE,,1,PROTECTING,Field_14,1,MOVING_TO_FIELD,Field_7,1,MOVING_TO_FIELD,Field_10,1,PROTECTING,Field_9,1,IDLE,,1,IDLE,,1,PROTECTING,Field_2,1,PROTECTING,Field_10,1,PROTECTING,Field_10,1,PROTECTING,Field_2,1,PROTECTING,Field_10,1,PROTECTING,Field_14,1,IDLE,,1,IDLE,,1,PROTECTING,Field_7,1,IDLE,,1,PROTECTING,Field_7,1,PROTECTING,Field_9,1,IDLE,,1,PROTECTING,Field_7,1,PROTECTING,Field_9,1,PROTECTING,Field_14,1,IDLE,,1,IDLE,,1,IDLE,,1,IDLE,,1,IDLE,,1,IDLE,,1,IDLE,,1,IDLE,,1,IDLE,,1,MOVING_TO_FIELD,Field_14,1,MOVING_TO_FIELD,Field_14,1,PROTECTING,Field_10,1,PROTECTING,Field_14,14,0.08,0,0,4,37,0.08,2,0,0,3,0.17,0,0,4,14,0.11,0,0,4,21,0.05,0,0,2,13,0.15,0,0,4,40,0.09,3,1,0,15,0.06,0,0,2,41,0.17,3,0,0,35,0.17,4,1,2,22,0.12,0,0,4,28,0.15,0,0,1,13,0.04,0,0,2,49,0.35,4,2,2,32,0.15,0,0,6,12,0.11,0,0,2,34,0.25,0,0,2,34,0.17,0,0,1,0,0.08,0,0,2,3,0.02,0,0,3
87,462,20,0,17,0,3,0,1,IDLE,,1,IDLE,,1,IDLE,,1,IDLE,,1,IDLE,,1,PROTECTING,Field_14,1,PROTECTING,Field_7,1,MOVING_TO_FIELD,Field_10,1,PROTECTING,Field_9,1,IDLE,,1,IDLE,,1,PROTECTING,Field_2,1,PROTECTING,Field_10,1,PROTECTING,Field_10,1,PROTECTING,Field_2,1,PROTECTING,Field_10,1,PROTECTING,Field_14,1,IDLE,,1,IDLE,,1,PROTECTING,Field_7,1,IDLE,,1,PROTECTING,Field_7,1,PROTECTING,Field_9,1,IDLE,,1,PROTECTING,Field_7,1,PROTECTING,Field_9,1,PROTECTING,Field_14,1,IDLE,,1,IDLE,,1,IDLE,,1,IDLE,,1,IDLE,,1,IDLE,,1,IDLE,,1,IDLE,,1,IDLE,,1,MOVING_TO_FIELD,Field_14,1,MOVING_TO_FIELD,Field_14,1,PROTECTING,Field_10,1,PROTECTING,Field_14,15,0.09,0,0,4,37,0.07,2,0,0,3,0.16,0,0,4,14,0.10,0,0,4,21,0.05,0,0,2,13,0.16,0,0,4,40,0.06,4,0,-1,15,0.06,0,0,2,41,0.15,3,0,0,35,0.17,4,1,2,22,0.09,0,0,4,28,0.15,0,0,1,13,0.04,0,0,2,50,0.35,4,2,2,32,0.13,0,0,6,12,0.11,0,0,2,34,0.25,0,0,2,34,0.17,0,0,1,0,0.06,0,0,2,3,0.02,0,0,3
88,467,20,0,17,0,3,0,1,IDLE,,1,IDLE,,1,IDLE,,1,IDLE,,1,IDLE,,1,PROTECTING,Field_14,1,PROTECTING,Field_7,1,MOVING_TO_FIELD,Field_10,1,PROTECTING,Field_9,1,IDLE,,1,IDLE,,1,PROTECTING,Field_2,1,PROTECTING,Field_10,1,PROTECTING,Field_10,1,PROTECTING,Field_2,1,PROTECTING,Field_10,1,PROTECTING,Field_14,1,IDLE,,1,IDLE,,1,PROTECTING,Field_7,1,IDLE,,1,PROTECTING,Field_7,1,PROTECTING,Field_9,1,IDLE,,1,PROTECTING,Field_7,1,PROTECTING,Field_9,1,PROTECTING,Field_14,1,IDLE,,1,IDLE,,1,IDLE,,1,IDLE,,1,IDLE,,1,IDLE,,1,IDLE,,1,IDLE,,1,IDLE,,1,MOVING_TO_FIELD,Field_14,1,MOVING_TO_FIELD,Field_14,1,PROTECTING,Field_10,1,PROTECTING,Field_14,15,0.09,0,0,4,37,0.08,2,0,0,3,0.16,0,0,4,14,0.09,0,0,4,21,0.05,0,0,2,13,0.16,0,0,4,40,0.05,4,0,-1,15,0.06,0,0,2,41,0.13,3,0,0,36,0.17,4,1,2,22,0.11,0,0,4,28,0.15,0,0,1,13,0.04,0,0,2,52,0.35,4,2,2,32,0.12,0,0,6,12,0.11,0,0,2,34,0.25,0,0,2,36,0.17,0,0,1,0,0.05,0,0,2,3,0.02,0,0,3
89,470,20,0,17,0,3,0,1,IDLE,,1,IDLE,,1,IDLE,,1,IDLE,,1,IDLE,,1,PROTECTING,Field_14,1,PROTECTING,Field_7,1,MOVING_TO_FIELD,Field_10,1,PROTECTING,Field_9,1,IDLE,,1,IDLE,,1,PROTECTING,Field_2,1,PROTECTING,Field_10,1,PROTECTING,Field_10,1,PROTECTING,Field_2,1,PROTECTING,Field_10,1,PROTECTING,Field_14,1,IDLE,,1,IDLE,,1,PROTECTING,Field_7,1,IDLE,,1,PROTECTING,Field_7,1,PROTECTING,Field_9,1,IDLE,,1,PROTECTING,Field_7,1,PROTECTING,Field_9,1,PROTECTING,Field_14,1,IDLE,,1,IDLE,,1,IDLE,,1,IDLE,,1,IDLE,,1,IDLE,,1,IDLE,,1,IDLE,,1,IDLE,,1,MOVING_TO_FIELD,Field_14,1,MOVING_TO_FIELD,Field_14,1,PROTECTING,Field_10,1,PROTECTING,Field_14,15,0.09,0,0,4,37,0.07,2,0,0,3,0.16,0,0,4,14,0.12,0,0,4,21,0.05,0,0,2,14,0.17,0,0,4,40,0.05,4,0,-1,15,0.06,0,0,2,41,0.10,3,0,0,36,0.16,4,1,2,22,0.11,0,0,4,28,0.15,0,0,1,13,0.04,0,0,2,53,0.37,4,2,2,32,0.12,0,0,6,12,0.11,0,0,2,34,0.23,0,0,2,37,0.15,0,0,1,0,0.03,0,0,2,3,0.02,0,0,3
90,472,20,0,17,0,3,0,1,IDLE,,1,IDLE,,1,IDLE,,1,IDLE,,1,IDLE,,1,PROTECTING,Field_14,1,PROTECTING,Field_7,1,MOVING_TO_FIELD,Field_10,1,PROTECTING,Field_9,1,IDLE,,1,IDLE,,1,PROTECTING,Field_2,1,PROTECTING,Field_10,1,PROTECTING,Field_10,1,PROTECTING,Field_2,1,PROTECTING,Field_10,1,PROTECTING,Field_14,1,IDLE,,1,IDLE,,1,PROTECTING,Field_7,1,IDLE,,1,PROTECTING,Field_7,1,PROTECTING,Field_9,1,IDLE,,1,PROTECTING,Field_7,1,PROTECTING,Field_9,1,PROTECTING,Field_14,1,IDLE,,1,IDLE,,1,IDLE,,1,IDLE,,1,IDLE,,1,IDLE,,1,IDLE,,1,IDLE,,1,IDLE,,1,MOVING_TO_FIELD,Field_14,1,MOVING_TO_FIELD,Field_14,1,PROTECTING,Field_10,1,PROTECTING,Field_14,15,0.09,0,0,4,37,0.07,2,0,0,3,0.16,0,0,4,14,0.11,0,0,4,21,0.06,0,0,2,15,0.18,0,0,4,40,0.05,4,0,-1,15,0.09,0,0,2,41,0.08,3,0,0,36,0.16,4,1,2,22,0.11,0,0,4,28,0.15,0,0,1,13,0.04,0,0,2,53,0.37,4,2,2,32,0.12,0,0,6,12,0.10,0,0,2,34,0.23,0,0,2,38,0.13,0,0,1,0,0.05,0,0,2,3,0.00,0,0,3
91,473,17,0,17,0,6,0,1,MOVING_TO_FIELD,Field_6,1,IDLE,,1,IDLE,,1,MOVING_TO_FIELD,Field_3,1,MOVING_TO_FIELD,Field_12,1,PROTECTING,Field_14,1,PROTECTING,Field_7,1,IDLE,,1,PROTECTING,Field_9,1,IDLE,,1,IDLE,,1,PROTECTING,Field_2,1,PROTECTING,Field_10,1,PROTECTING,Field_10,1,PROTECTING,Field_2,1,PROTECTING,Field_10,1,PROTECTING,Field_14,1,MOVING_TO_FIELD,Field_17,1,IDLE,,1,PROTECTING,Field_7,1,IDLE,,1,PROTECTING,Field_7,1,PROTECTING,Field_9,1,IDLE,,1,PROTECTING,Field_7,1,PROTECTING,Field_9,1,PROTECTING,Field_14,1,IDLE,,1,IDLE,,1,IDLE,,1,IDLE,,1,IDLE,,1,IDLE,,1,IDLE,,1,IDLE,,1,IDLE,,1,MOVING_TO_FIELD,Field_14,1,MOVING_TO_FIELD,Field_14,1,PROTECTING,Field_10,1,PROTECTING,Field_14,15,0.09,0,0,4,37,0.05,2,0,0,3,0.15,0,1,4,14,0.12,0,0,4,21,0.06,0,0,2,15,0.18,0,1,4,40,0.03,4,0,-1,15,0.09,0,0,2,41,0.10,3,0,0,36,0.16,4,0,2,22,0.11,0,0,4,28,0.12,0,1,1,13,0.02,0,0,2,54,0.35,4,2,2,32,0.12,0,0,6,12,0.10,0,0,2,34,0.21,0,1,2,38,0.13,0,0,1,0,0.05,0,0,2,3,0.00,0,0,3
92,479,17,0,17,0,6,0,1,MOVING_TO_FIELD,Field_6,1,IDLE,,1,IDLE,,1,MOVING_TO_FIELD,Field_3,1,MOVING_TO_FIELD,Field_12,1,PROTECTING,Field_14,1,PROTECTING,Field_7,1,IDLE,,1,PROTECTING,Field_9,1,IDLE,,1,IDLE,,1,PROTECTING,Field_2,1,PROTECTING,Field_10,1,PROTECTING,Field_10,1,PROTECTING,Field_2,1,PROTECTING,Field_10,1,PROTECTING,Field_14,1,MOVING_TO_FIELD,Field_17,1,IDLE,,1,PROTECTING,Field_7,1,IDLE,,1,PROTECTING,Field_7,1,PROTECTING,Field_9,1,IDLE,,1,PROTECTING,Field_7,1,PROTECTING,Field_9,1,PROTECTING,Field_14,1,IDLE,,1,IDLE,,1,IDLE,,1,IDLE,,1,IDLE,,1,IDLE,,1,IDLE,,1,IDLE,,1,IDLE,,1,MOVING_TO_FIELD,Field_14,1,MOVING_TO_FIELD,Field_14,1,PROTECTING,Field_10,1,PROTECTING,Field_14,15,0.08,0,0,4,37,0.05,2,0,0,3,0.15,0,1,4,14,0.13,0,0,4,21,0.06,0,0,2,16,0.18,0,1,4,40,0.02,4,0,-1,16,0.10,0,0,2,41,0.10,3,0,0,37,0.16,4,0,2,22,0.11,0,0,4,28,0.12,0,1,1,13,0.02,0,0,2,55,0.35,4,2,2,32,0.12,0,0,6,12,0.10,0,0,2,34,0.20,0,1,2,40,0.13,0,0,1,0,0.05,0,0,2,3,0.00,0,0,3
93,481,17,0,17,0,6,0,1,MOVING_TO_FIELD,Field_6,1,IDLE,,1,IDLE,,1,MOVING_TO_FIELD,Field_3,1,MOVING_TO_FIELD,Field_12,1,PROTECTING,Field_14,1,PROTECTING,Field_7,1,IDLE,,1,PROTECTING,Field_9,1,IDLE,,1,IDLE,,1,PROTECTING,Field_2,1,PROTECTING,Field_10,1,PROTECTING,Field_10,1,PROTECTING,Field_2,1,PROTECTING,Field_10,1,PROTECTING,Field_14,1,MOVING_TO_FIELD,Field_17,1,IDLE,,1,PROTECTING,Field_7,1,IDLE,,1,PROTECTING,Field_7,1,PROTECTING,Field_9,1,IDLE,,1,PROTECTING,Field_7,1,PROTECTING,Field_9,1,PROTECTING,Field_14,1,IDLE,,1,IDLE,,1,IDLE,,1,IDLE,,1,IDLE,,1,IDLE,,1,IDLE,,1,IDLE,,1,IDLE,,1,MOVING_TO_FIELD,Field_14,1,MOVING_TO_FIELD,Field_14,1,PROTECTING,Field_10,1,PROTECTING,Field_14,15,0.10,0,0,4,37,0.05,2,0,0,3,0.15,0,1,4,14,0.13,0,0,4,21,0.07,0,0,2,17,0.17,0,1,4,40,0.02,4,0,-1,16,0.10,0,0,2,41,0.12,3,0,0,37,0.16,4,0,2,22,0.11,0,0,4,28,0.12,0,1,1,13,0.02,0,0,2,56,0.35,4,2,2,32,0.12,0,0,6,12,0.10,0,0,2,34,0.21,0,1,2,40,0.11,0,0,1,0,0.05,0,0,2,3,0.00,0,0,3
94,481,17,0,17,0,6,0,1,MOVING_TO_FIELD,Field_6,1,IDLE,,1,IDLE,,1,MOVING_TO_FIELD,Field_3,1,MOVING_TO_FIELD,Field_12,1,PROTECTING,Field_14,1,PROTECTING,Field_7,1,IDLE,,1,PROTECTING,Field_9,1,IDLE,,1,IDLE,,1,PROTECTING,Field_2,1,PROTECTING,Field_10,1,PROTECTING,Field_10,1,PROTECTING,Field_2,1,PROTECTING,Field_10,1,PROTECTING,Field_14,1,MOVING_TO_FIELD,Field_17,1,IDLE,,1,PROTECTING,Field_7,1,IDLE,,1,PROTECTING,Field_7,1,PROTECTING,Field_9,1,IDLE,,1,PROTECTING,Field_7,1,PROTECTING,Field_9,1,PROTECTING,Field_14,1,IDLE,,1,IDLE,,1,IDLE,,1,IDLE,,1,IDLE,,1,IDLE,,1,IDLE,,1,IDLE,,1,IDLE,,1,MOVING_TO_FIELD,Field_14,1,MOVING_TO_FIELD,Field_14,1,PROTECTING,Field_10,1,PROTECTING,Field_14,15,0.10,0,0,4,37,0.05,2,0,0,3,0.15,0,1,4,14,0.12,0,0,4,21,0.10,0,0,2,17,0.17,0,1,4,40,0.03,4,0,-1,16,0.10,0,0,2,41,0.12,3,0,0,37,0.16,4,0,2,22,0.11,0,0,4,28,0.15,0,1,1,13,0.02,0,0,2,56,0.34,4,2,2,32,0.12,0,0,6,12,0.09,0,0,2,34,0.21,0,1,2,40,0.11,0,0,1,0,0.05,0,0,2,3,0.02,0,0,3
95,483,17,0,17,0,6,0,1,MOVING_TO_FIELD,Field_6,1,IDLE,,1,IDLE,,1,MOVING_TO_FIELD,Field_3,1,MOVING_TO_FIELD,Field_12,1,PROTECTING,Field_14,1,PROTECTING,Field_7,1,IDLE,,1,PROTECTING,Field_9,1,IDLE,,1,IDLE,,1,PROTECTING,Field_2,1,PROTECTING,Field_10,1,PROTECTING,Field_10,1,PROTECTING,Field_2,1,PROTECTING,Field_10,1,PROTECTING,Field_14,1,MOVING_TO_FIELD,Field_17,1,IDLE,,1,PROTECTING,Field_7,1,IDLE,,1,PROTECTING,Field_7,1,PROTECTING,Field_9,1,IDLE,,1,PROTECTING,Field_7,1,PROTECTING,Field_9,1,PROTECTING,Field_14,1,IDLE,,1,IDLE,,1,IDLE,,1,IDLE,,1,IDLE,,1,IDLE,,1,IDLE,,1,IDLE,,1,IDLE,,1,MOVING_TO_FIELD,Field_14,1,MOVING_TO_FIELD,Field_14,1,PROTECTING,Field_10,1,PROTECTING,Field_14,15,0.10,0,0,4,37,0.04,2,0,0,3,0.15,0,1,4,14,0.12,0,0,4,22,0.10,0,0,2,17,0.16,0,1,4,40,0.03,4,0,-1,16,0.10,0,0,2,41,0.11,3,0,0,38,0.15,4,0,2,22,0.13,0,0,4,28,0.15,0,1,1,13,0.02,0,0,2,56,0.34,4,2,2,32,0.12,0,0,6,12,0.07,0,0,2,34,0.21,0,1,2,40,0.13,0,0,1,0,0.05,0,0,2,3,0.04,0,0,3
96,485,17,0,17,0,6,0,1,MOVING_TO_FIELD,Field_6,1,IDLE,,1,IDLE,,1,MOVING_TO_FIELD,Field_3,1,MOVING_TO_FIELD,Field_12,1,PROTECTING,Field_14,1,PROTECTING,Field_7,1,IDLE,,1,PROTECTING,Field_9,1,IDLE,,1,IDLE,,1,PROTECTING,Field_2,1,PROTECTING,Field_10,1,PROTECTING,Field_10,1,PROTECTING,Field_2,1,PROTECTING,Field_10,1,PROTECTING,Field_14,1,MOVING_TO_FIELD,Field_17,1,IDLE,,1,PROTECTING,Field_7,1,IDLE,,1,PROTECTING,Field_7,1,PROTECTING,Field_9,1,IDLE,,1,PROTECTING,Field_7,1,PROTECTING,Field_9,1,PROTECTING,Field_14,1,IDLE,,1,IDLE,,1,IDLE,,1,IDLE,,1,IDLE,,1,IDLE,,1,IDLE,,1,IDLE,,1,IDLE,,1,MOVING_TO_FIELD,Field_14,1,MOVING_TO_FIELD,Field_14,1,PROTECTING,Field_10,1,PROTECTING,Field_14,15,0.12,0,0,4,37,0.03,2,0,0,3,0.12,0,1,4,14,0.12,0,0,4,22,0.10,0,0,2,17,0.17,0,1,4,40,0.03,4,0,-1,16,0.10,0,0,2,41,0.09,3,0,0,38,0.15,4,0,2,22,0.13,0,0,4,28,0.15,0,1,1,13,0.02,0,0,2,57,0.34,4,2,2,32,0.12,0,0,6,12,0.07,0,0,2,35,0.21,0,1,2,40,0.11,0,0,1,0,0.05,0,0,2,3,0.04,0,0,3
97,489,17,0,17,0,6,0,1,MOVING_TO_FIELD,Field_6,1,IDLE,,1,IDLE,,1,MOVING_TO_FIELD,Field_3,1,MOVING_TO_FIELD,Field_12,1,PROTECTING,Field_14,1,PROTECTING,Field_7,1,IDLE,,1,PROTECTING,Field_9,1,IDLE,,1,IDLE,,1,PROTECTING,Field_2,1,PROTECTING,Field_10,1,PROTECTING,Field_10,1,PROTECTING,Field_2,1,PROTECTING,Field_10,1,PROTECTING,Field_14,1,MOVING_TO_FIELD,Field_17,1,IDLE,,1,PROTECTING,Field_7,1,IDLE,,1,PROTECTING,Field_7,1,PROTECTING,Field_9,1,IDLE,,1,PROTECTING,Field_7,1,PROTECTING,Field_9,1,PROTECTING,Field_14,1,IDLE,,1,IDLE,,1,IDLE,,1,IDLE,,1,IDLE,,1,IDLE,,1,IDLE,,1,IDLE,,1,IDLE,,1,MOVING_TO_FIELD,Field_14,1,MOVING_TO_FIELD,Field_14,1,PROTECTING,Field_10,1,PROTECTING,Field_14,15,0.13,0,0,4,37,0.03,2,0,0,3,0.12,0,1,4,14,0.12,0,0,4,23,0.10,0,0,2,17,0.17,0,1,4,40,0.04,4,0,-1,16,0.09,0,0,2,41,0.08,3,0,0,40,0.15,4,0,2,22,0.13,0,0,4,28,0.15,0,1,1,13,0.02,0,0,2,58,0.32,4,2,2,32,0.12,0,0,6,12,0.09,0,0,2,35,0.21,0,1,2,40,0.09,0,0,1,0,0.05,0,0,2,3,0.04,0,0,3
98,493,17,0,17,0,6,0,1,MOVING_TO_FIELD,Field_6,1,IDLE,,1,IDLE,,1,MOVING_TO_FIELD,Field_3,1,MOVING_TO_FIELD,Field_12,1,PROTECTING,Field_14,1,PROTECTING,Field_7,1,IDLE,,1,PROTECTING,Field_9,1,IDLE,,1,IDLE,,1,PROTECTING,Field_2,1,PROTECTING,Field_10,1,PROTECTING,Field_10,1,PROTECTING,Field_2,1,PROTECTING,Field_10,1,PROTECTING,Field_14,1,MOVING_TO_FIELD,Field_17,1,IDLE,,1,PROTECTING,Field_7,1,IDLE,,1,PROTECTING,Field_7,1,PROTECTING,Field_9,1,IDLE,,1,PROTECTING,Field_7,1,PROTECTING,Field_9,1,PROTECTING,Field_14,1,IDLE,,1,IDLE,,1,IDLE,,1,IDLE,,1,IDLE,,1,IDLE,,1,IDLE,,1,IDLE,,1,IDLE,,1,MOVING_TO_FIELD,Field_14,1,MOVING_TO_FIELD,Field_14,1,PROTECTING,Field_10,1,PROTECTING,Field_14,15,0.11,0,0,4,37,0.02,2,0,0,3,0.12,0,1,4,14,0.11,0,0,4,23,0.10,0,0,2,17,0.18,0,1,4,40,0.05,4,0,-1,16,0.10,0,0,2,41,0.07,3,0,0,40,0.15,4,0,2,22,0.13,0,0,4,28,0.15,0,1,1,13,0.02,0,0,2,60,0.32,4,2,2,32,0.13,0,0,6,12,0.09,0,0,2,37,0.21,0,1,2,40,0.09,0,0,1,0,0.05,0,0,2,3,0.04,0,0,3
99,494,17,0,17,0,6,0,1,MOVING_TO_FIELD,Field_6,1,IDLE,,1,IDLE,,1,MOVING_TO_FIELD,Field_3,1,MOVING_TO_FIELD,Field_12,1,PROTECTING,Field_14,1,PROTECTING,Field_7,1,IDLE,,1,PROTECTING,Field_9,1,IDLE,,1,IDLE,,1,PROTECTING,Field_2,1,PROTECTING,Field_10,1,PROTECTING,Field_10,1,PROTECTING,Field_2,1,PROTECTING,Field_10,1,PROTECTING,Field_14,1,MOVING_TO_FIELD,Field_17,1,IDLE,,1,PROTECTING,Field_7,1,IDLE,,1,PROTECTING,Field_7,1,PROTECTING,Field_9,1,IDLE,,1,PROTECTING,Field_7,1,PROTECTING,Field_9,1,PROTECTING,Field_14,1,IDLE,,1,IDLE,,1,IDLE,,1,IDLE,,1,IDLE,,1,IDLE,,1,IDLE,,1,IDLE,,1,IDLE,,1,MOVING_TO_FIELD,Field_14,1,MOVING_TO_FIELD,Field_14,1,PROTECTING,Field_10,1,PROTECTING,Field_14,15,0.12,0,0,4,37,0.02,2,0,0,3,0.11,0,1,4,14,0.10,0,0,4,24,0.10,0,0,2,17,0.17,0,1,4,40,0.05,4,0,-1,16,0.10,0,0,2,41,0.06,3,0,0,40,0.15,4,0,2,22,0.13,0,0,4,28,0.15,0,1,1,13,0.02,0,0,2,60,0.32,4,2,2,32,0.12,0,0,6,12,0.07,0,0,2,37,0.23,0,1,2,40,0.09,0,0,1,0,0.05,0,0,2,3,0.04,0,0,3
100,498,17,0,17,0,6,0,1,MOVING_TO_FIELD,Field_6,1,IDLE,,1,IDLE,,1,MOVING_TO_FIELD,Field_3,1,MOVING_TO_FIELD,Field_12,1,PROTECTING,Field_14,1,PROTECTING,Field_7,1,IDLE,,1,PROTECTING,Field_9,1,IDLE,,1,IDLE,,1,PROTECTING,Field_2,1,PROTECTING,Field_10,1,PROTECTING,Field_10,1,PROTECTING,Field_2,1,PROTECTING,Field_10,1,PROTECTING,Field_14,1,MOVING_TO_FIELD,Field_17,1,IDLE,,1,PROTECTING,Field_7,1,IDLE,,1,PROTECTING,Field_7,1,PROTECTING,Field_9,1,IDLE,,1,PROTECTING,Field_7,1,PROTECTING,Field_9,1,PROTECTING,Field_14,1,IDLE,,1,IDLE,,1,IDLE,,1,IDLE,,1,IDLE,,1,IDLE,,1,IDLE,,1,IDLE,,1,IDLE,,1,MOVING_TO_FIELD,Field_14,1,MOVING_TO_FIELD,Field_14,1,PROTECTING,Field_10,1,PROTECTING,Field_14,15,0.11,0,0,4,37,0.01,2,0,0,3,0.10,0,1,4,14,0.10,0,0,4,24,0.06,0,0,2,17,0.17,0,1,4,40,0.05,4,0,-1,16,0.10,0,0,2,41,0.04,3,0,0,41,0.15,4,0,2,22,0.16,0,0,4,28,0.15,0,1,1,13,0.02,0,0,2,61,0.32,4,2,2,32,0.11,0,0,6,12,0.07,0,0,2,38,0.23,0,1,2,41,0.09,0,0,1,0,0.05,0,0,2,3,0.04,0,0,3
101,502,17,0,17,0,6,0,1,MOVING_TO_FIELD,Field_6,1,IDLE,,1,IDLE,,1,MOVING_TO_FIELD,Field_3,1,MOVING_TO_FIELD,Field_12,1,PROTECTING,Field_14,1,PROTECTING,Field_7,1,IDLE,,1,PROTECTING,Field_9,1,IDLE,,1,IDLE,,1,PROTECTING,Field_2,1,PROTECTING,Field_10,1,PROTECTING,Field_10,1,PROTECTING,Field_2,1,PROTECTING,Field_10,1,PROTECTING,Field_14,1,MOVING_TO_FIELD,Field_17,1,IDLE,,1,PROTECTING,Field_7,1,IDLE,,1,PROTECTING,Field_7,1,PROTECTING,Field_9,1,IDLE,,1,PROTECTING,Field_7,1,PROTECTING,Field_9,1,PROTECTING,Field_14,1,IDLE,,1,IDLE,,1,IDLE,,1,IDLE,,1,IDLE,,1,IDLE,,1,IDLE,,1,IDLE,,1,IDLE,,1,MOVING_TO_FIELD,Field_14,1,MOVING_TO_FIELD,Field_14,1,PROTECTING,Field_10,1,PROTECTING,Field_14,15,0.10,0,0,4,37,0.00,2,0,0,3,0.10,0,1,4,14,0.10,0,0,4,24,0.06,0,0,2,17,0.18,0,1,4,40,0.04,4,0,-1,16,0.10,0,0,2,41,0.03,3,0,0,42,0.14,4,0,2,22,0.14,0,0,4,29,0.15,0,1,1,13,0.02,0,0,2,62,0.32,4,2,2,32,0.11,0,0,6,12,0.07,0,0,2,39,0.23,0,1,2,41,0.09,0,0,1,0,0.08,0,0,2,3,0.04,0,0,3
102,504,17,0,17,0,6,0,1,MOVING_TO_FIELD,Field_6,1,IDLE,,1,IDLE,,1,MOVING_TO_FIELD,Field_3,1,MOVING_TO_FIELD,Field_12,1,PROTECTING,Field_14,1,PROTECTING,Field_7,1,IDLE,,1,PROTECTING,Field_9,1,IDLE,,1,IDLE,,1,PROTECTING,Field_2,1,PROTECTING,Field_10,1,PROTECTING,Field_10,1,PROTECTING,Field_2,1,PROTECTING,Field_10,1,PROTECTING,Field_14,1,MOVING_TO_FIELD,Field_17,1,IDLE,,1,PROTECTING,Field_7,1,IDLE,,1,PROTECTING,Field_7,1,PROTECTING,Field_9,1,IDLE,,1,PROTECTING,Field_7,1,PROTECTING,Field_9,1,PROTECTING,Field_14,1,IDLE,,1,IDLE,,1,IDLE,,1,IDLE,,1,IDLE,,1,IDLE,,1,IDLE,,1,IDLE,,1,IDLE,,1,MOVING_TO_FIELD,Field_14,1,MOVING_TO_FIELD,Field_14,1,PROTECTING,Field_10,1,PROTECTING,Field_14,15,0.11,0,0,4,37,0.00,2,0,0,3,0.09,0,1,4,14,0.09,0,0,4,24,0.06,0,0,2,17,0.20,0,1,4,40,0.04,4,0,-1,16,0.10,0,0,2,41,0.02,3,0,0,42,0.13,4,0,2,22,0.14,0,0,4,29,0.15,0,1,1,13,0.04,0,0,2,62,0.32,4,2,2,32,0.12,0,0,6,12,0.09,0,0,2,40,0.21,0,1,2,42,0.09,0,0,1,0,0.08,0,0,2,3,0.02,0,0,3
103,505,17,0,17,0,6,0,1,MOVING_TO_FIELD,Field_6,1,IDLE,,1,IDLE,,1,MOVING_TO_FIELD,Field_3,1,MOVING_TO_FIELD,Field_12,1,PROTECTING,Field_14,1,PROTECTING,Field_7,1,IDLE,,1,PROTECTING,Field_9,1,IDLE,,1,IDLE,,1,PROTECTING,Field_2,1,PROTECTING,Field_10,1,PROTECTING,Field_10,1,PROTECTING,Field_2,1,PROTECTING,Field_10,1,PROTECTING,Field_14,1,MOVING_TO_FIELD,Field_17,1,IDLE,,1,PROTECTING,Field_7,1,IDLE,,1,PROTECTING,Field_7,1,PROTECTING,Field_9,1,IDLE,,1,PROTECTING,Field_7,1,PROTECTING,Field_9,1,PROTECTING,Field_14,1,IDLE,,1,IDLE,,1,IDLE,,1,IDLE,,1,IDLE,,1,IDLE,,1,IDLE,,1,IDLE,,1,IDLE,,1,MOVING_TO_FIELD,Field_14,1,MOVING_TO_FIELD,Field_14,1,PROTECTING,Field_10,1,PROTECTING,Field_14,15,0.11,0,0,4,37,0.00,2,0,0,3,0.09,0,1,4,14,0.11,0,0,4,24,0.06,0,0,2,17,0.20,0,1,4,40,0.04,4,0,-1,16,0.10,0,0,2,41,0.01,3,0,0,42,0.13,4,0,2,22,0.14,0,0,4,29,0.15,0,1,1,13,0.04,0,0,2,62,0.32,4,2,2,32,0.12,0,0,6,12,0.10,0,0,2,41,0.21,0,1,2,42,0.09,0,0,1,0,0.08,0,0,2,3,0.02,0,0,3
104,507,17,0,17,0,6,0,1,MOVING_TO_FIELD,Field_6,1,IDLE,,1,IDLE,,1,MOVING_TO_FIELD,Field_3,1,MOVING_TO_FIELD,Field_12,1,PROTECTING,Field_14,1,PROTECTING,Field_7,1,IDLE,,1,PROTECTING,Field_9,1,IDLE,,1,IDLE,,1,PROTECTING,Field_2,1,PROTECTING,Field_10,1,PROTECTING,Field_10,1,PROTECTING,Field_2,1,PROTECTING,Field_10,1,PROTECTING,Field_14,1,MOVING_TO_FIELD,Field_17,1,IDLE,,1,PROTECTING,Field_7,1,IDLE,,1,PROTECTING,Field_7,1,PROTECTING,Field_9,1,IDLE,,1,PROTECTING,Field_7,1,PROTECTING,Field_9,1,PROTECTING,Field_14,1,IDLE,,1,IDLE,,1,IDLE,,1,IDLE,,1,IDLE,,1,IDLE,,1,IDLE,,1,IDLE,,1,IDLE,,1,MOVING_TO_FIELD,Field_14,1,MOVING_TO_FIELD,Field_14,1,PROTECTING,Field_10,1,PROTECTING,Field_14,15,0.12,0,0,4,37,0.01,2,0,0,3,0.09,0,1,4,14,0.11,0,0,4,25,0.07,0,0,2,17,0.16,0,1,4,40,0.05,4,0,-1,16,0.10,0,0,2,41,0.01,3,0,0,42,0.13,4,0,2,22,0.16,0,0,4,29,0.12,0,1,1,13,0.04,0,0,2,63,0.32,4,2,2,32,0.13,0,0,6,12,0.10,0,0,2,41,0.21,0,1,2,42,0.11,0,0,1,0,0.10,0,0,2,3,0.06,0,0,3
105,510,17,0,18,0,5,0,1,MOVING_TO_FIELD,Field_6,1,IDLE,,1,IDLE,,1,PROTECTING,Field_3,1,MOVING_TO_FIELD,Field_12,1,PROTECTING,Field_14,1,PROTECTING,Field_7,1,IDLE,,1,PROTECTING,Field_9,1,IDLE,,1,IDLE,,1,PROTECTING,Field_2,1,PROTECTING,Field_10,1,PROTECTING,Field_10,1,PROTECTING,Field_2,1,PROTECTING,Field_10,1,PROTECTING,Field_14,1,MOVING_TO_FIELD,Field_17,1,IDLE,,1,PROTECTING,Field_7,1,IDLE,,1,PROTECTING,Field_7,1,PROTECTING,Field_9,1,IDLE,,1,PROTECTING,Field_7,1,PROTECTING,Field_9,1,PROTECTING,Field_14,1,IDLE,,1,IDLE,,1,IDLE,,1,IDLE,,1,IDLE,,1,IDLE,,1,IDLE,,1,IDLE,,1,IDLE,,1,MOVING_TO_FIELD,Field_14,1,MOVING_TO_FIELD,Field_14,1,PROTECTING,Field_10,1,PROTECTING,Field_14,15,0.12,0,0,4,37,0.01,2,0,0,3,0.09,1,0,3,14,0.10,0,0,4,25,0.07,0,0,2,17,0.17,0,1,4,40,0.04,4,0,-1,17,0.10,0,0,2,41,0.00,3,0,0,42,0.13,4,0,2,22,0.16,0,0,4,29,0.12,0,1,1,13,0.04,0,0,2,64,0.31,4,2,2,32,0.12,0,0,6,12,0.09,0,0,2,42,0.21,0,1,2,42,0.11,0,0,1,0,0.06,0,0,2,3,0.06,0,0,3
106,512,17,0,18,0,5,0,1,MOVING_TO_FIELD,Field_6,1,IDLE,,1,IDLE,,1,PROTECTING,Field_3,1,MOVING_TO_FIELD,Field_12,1,PROTECTING,Field_14,1,PROTECTING,Field_7,1,IDLE,,1,PROTECTING,Field_9,1,IDLE,,1,IDLE,,1,PROTECTING,Field_2,1,PROTECTING,Field_10,1,PROTECTING,Field_10,1,PROTECTING,Field_2,1,PROTECTING,Field_10,1,PROTECTING,Field_14,1,MOVING_TO_FIELD,Field_17,1,IDLE,,1,PROTECTING,Field_7,1,IDLE,,1,PROTECTING,Field_7,1,PROTECTING,Field_9,1,IDLE,,1,PROTECTING,Field_7,1,PROTECTING,Field_9,1,PROTECTING,Field_14,1,IDLE,,1,IDLE,,1,IDLE,,1,IDLE,,1,IDLE,,1,IDLE,,1,IDLE,,1,IDLE,,1,IDLE,,1,MOVING_TO_FIELD,Field_14,1,MOVING_TO_FIELD,Field_14,1,PROTECTING,Field_10,1,PROTECTING,Field_14,15,0.12,0,0,4,37,0.01,2,0,0,3,0.10,1,0,3,14,0.10,0,0,4,25,0.07,0,0,2,17,0.17,0,1,4,40,0.03,4,0,-1,18,0.10,0,0,2,41,0.00,3,0,0,42,0.13,4,0,2,22,0.16,0,0,4,29,0.12,0,1,1,13,0.04,0,0,2,64,0.31,4,2,2,32,0.12,0,0,6,12,0.09,0,0,2,43,0.21,0,1,2,42,0.11,0,0,1,0,0.05,0,0,2,3,0.06,0,0,3
107,515,17,0,18,0,5,0,1,MOVING_TO_FIELD,Field_6,1,IDLE,,1,IDLE,,1,PROTECTING,Field_3,1,MOVING_TO_FIELD,Field_12,1,PROTECTING,Field_14,1,PROTECTING,Field_7,1,IDLE,,1,PROTECTING,Field_9,1,IDLE,,1,IDLE,,1,PROTECTING,Field_2,1,PROTECTING,Field_10,1,PROTECTING,Field_10,1,PROTECTING,Field_2,1,PROTECTING,Field_10,1,PROTECTING,Field_14,1,MOVING_TO_FIELD,Field_17,1,IDLE,,1,PROTECTING,Field_7,1,IDLE,,1,PROTECTING,Field_7,1,PROTECTING,Field_9,1,IDLE,,1,PROTECTING,Field_7,1,PROTECTING,Field_9,1,PROTECTING,Field_14,1,IDLE,,1,IDLE,,1,IDLE,,1,IDLE,,1,IDLE,,1,IDLE,,1,IDLE,,1,IDLE,,1,IDLE,,1,MOVING_TO_FIELD,Field_14,1,MOVING_TO_FIELD,Field_14,1,PROTECTING,Field_10,1,PROTECTING,Field_14,15,0.12,0,0,4,37,0.01,2,0,0,3,0.12,1,0,3,14,0.10,0,0,4,25,0.07,0,0,2,18,0.16,0,1,4,40,0.03,4,0,-1,18,0.10,0,0,2,41,0.00,3,0,0,42,0.13,4,0,2,22,0.16,0,0,4,29,0.12,0,1,1,13,0.04,0,0,2,66,0.30,4,2,2,32,0.12,0,0,6,12,0.11,0,0,2,43,0.21,0,1,2,42,0.11,0,0,1,0,0.05,0,0,2,3,0.06,0,0,3
108,516,17,0,19,0,4,0,1,MOVING_TO_FIELD,Field_6,1,IDLE,,1,IDLE,,1,PROTECTING,Field_3,1,MOVING_TO_FIELD,Field_12,1,PROTECTING,Field_14,1,PROTECTING,Field_7,1,IDLE,,1,PROTECTING,Field_9,1,IDLE,,1,IDLE,,1,PROTECTING,Field_2,1,PROTECTING,Field_10,1,PROTECTING,Field_10,1,PROTECTING,Field_2,1,PROTECTING,Field_10,1,PROTECTING,Field_14,1,MOVING_TO_FIELD,Field_17,1,IDLE,,1,PROTECTING,Field_7,1,IDLE,,1,PROTECTING,Field_7,1,PROTECTING,Field_9,1,IDLE,,1,PROTECTING,Field_7,1,PROTECTING,Field_9,1,PROTECTING,Field_14,1,IDLE,,1,IDLE,,1,IDLE,,1,IDLE,,1,IDLE,,1,IDLE,,1,IDLE,,1,IDLE,,1,IDLE,,1,PROTECTING,Field_14,1,MOVING_TO_FIELD,Field_14,1,PROTECTING,Field_10,1,PROTECTING,Field_14,15,0.11,0,0,4,37,0.01,2,0,0,3,0.12,1,0,3,14,0.10,0,0,4,25,0.07,0,0,2,18,0.16,0,1,4,40,0.02,4,0,-1,18,0.10,0,0,2,41,0.00,3,0,0,42,0.11,4,0,2,22,0.16,0,0,4,29,0.09,0,1,1,13,0.04,0,0,2,67,0.30,5,1,1,32,0.13,0,0,6,12,0.14,0,0,2,43,0.18,0,1,2,42,0.11,0,0,1,0,0.05,0,0,2,3,0.08,0,0,3
109,517,17,0,19,0,4,0,1,MOVING_TO_FIELD,Field_6,1,IDLE,,1,IDLE,,1,PROTECTING,Field_3,1,MOVING_TO_FIELD,Field_12,1,PROTECTING,Field_14,1,PROTECTING,Field_7,1,IDLE,,1,PROTECTING,Field_9,1,IDLE,,1,IDLE,,1,PROTECTING,Field_2,1,PROTECTING,Field_10,1,PROTECTING,Field_10,1,PROTECTING,Field_2,1,PROTECTING,Field_10,1,PROTECTING,Field_14,1,MOVING_TO_FIELD,Field_17,1,IDLE,,1,PROTECTING,Field_7,1,IDLE,,1,PROTECTING,Field_7,1,PROTECTING,Field_9,1,IDLE,,1,PROTECTING,Field_7,1,PROTECTING,Field_9,1,PROTECTING,Field_14,1,IDLE,,1,IDLE,,1,IDLE,,1,IDLE,,1,IDLE,,1,IDLE,,1,IDLE,,1,IDLE,,1,IDLE,,1,PROTECTING,Field_14,1,MOVING_TO_FIELD,Field_14,1,PROTECTING,Field_10,1,PROTECTING,Field_14,15,0.10,0,0,4,37,0.01,2,0,0,3,0.12,1,0,3,14,0.09,0,0,4,25,0.07,0,0,2,19,0.16,0,1,4,40,0.02,4,0,-1,18,0.10,0,0,2,41,0.00,3,0,0,42,0.11,4,0,2,22,0.17,0,0,4,29,0.09,0,1,1,13,0.04,0,0,2,67,0.30,5,1,1,32,0.13,0,0,6,12,0.12,0,0,2,43,0.18,0,1,2,42,0.11,0,0,1,0,0.05,0,0,2,3,0.08,0,0,3
110,518,17,0,19,0,4,0,1,MOVING_TO_FIELD,Field_6,1,IDLE,,1,IDLE,,1,PROTECTING,Field_3,1,MOVING_TO_FIELD,Field_12,1,PROTECTING,Field_14,1,PROTECTING,Field_7,1,IDLE,,1,PROTECTING,Field_9,1,IDLE,,1,IDLE,,1,PROTECTING,Field_2,1,PROTECTING,Field_10,1,PROTECTING,Field_10,1,PROTECTING,Field_2,1,PROTECTING,Field_10,1,PROTECTING,Field_14,1,MOVING_TO_FIELD,Field_17,1,IDLE,,1,PROTECTING,Field_7,1,IDLE,,1,PROTECTING,Field_7,1,PROTECTING,Field_9,1,IDLE,,1,PROTECTING,Field_7,1,PROTECTING,Field_9,1,PROTECTING,Field_14,1,IDLE,,1,IDLE,,1,IDLE,,1,IDLE,,1,IDLE,,1,IDLE,,1,IDLE,,1,IDLE,,1,IDLE,,1,PROTECTING,Field_14,1,MOVING_TO_FIELD,Field_14,1,PROTECTING,Field_10,1,PROTECTING,Field_14,15,0.10,0,0,4,37,0.01,2,0,0,3,0.12,1,0,3,14,0.09,0,0,4,25,0.09,0,0,2,19,0.17,0,1,4,40,0.02,4,0,-1,18,0.10,0,0,2,41,0.00,3,0,0,42,0.09,4,0,2,22,0.16,0,0,4,29,0.12,0,1,1,13,0.04,0,0,2,67,0.30,5,1,1,33,0.13,0,0,6,12,0.11,0,0,2,43,0.18,0,1,2,42,0.09,0,0,1,0,0.05,0,0,2,3,0.08,0,0,3
111,520,17,0,20,0,3,0,1,MOVING_TO_FIELD,Field_6,1,IDLE,,1,IDLE,,1,PROTECTING,Field_3,1,MOVING_TO_FIELD,Field_12,1,PROTECTING,Field_14,1,PROTECTING,Field_7,1,IDLE,,1,PROTECTING,Field_9,1,IDLE,,1,IDLE,,1,PROTECTING,Field_2,1,PROTECTING,Field_10,1,PROTECTING,Field_10,1,PROTECTING,Field_2,1,PROTECTING,Field_10,1,PROTECTING,Field_14,1,MOVING_TO_FIELD,Field_17,1,IDLE,,1,PROTECTING,Field_7,1,IDLE,,1,PROTECTING,Field_7,1,PROTECTING,Field_9,1,IDLE,,1,PROTECTING,Field_7,1,PROTECTING,Field_9,1,PROTECTING,Field_14,1,IDLE,,1,IDLE,,1,IDLE,,1,IDLE,,1,IDLE,,1,IDLE,,1,IDLE,,1,IDLE,,1,IDLE,,1,PROTECTING,Field_14,1,PROTECTING,Field_14,1,PROTECTING,Field_10,1,PROTECTING,Field_14,16,0.09,0,0,4,37,0.01,2,0,0,3,0.12,1,0,3,14,0.09,0,0,4,25,0.09,0,0,2,19,0.20,0,1,4,40,0.04,4,0,-1,18,0.10,0,0,2,41,0.00,3,0,0,42,0.09,4,0,2,22,0.17,0,0,4,29,0.12,0,1,1,13,0.04,0,0,2,67,0.30,6,0,0,33,0.14,0,0,6,12,0.10,0,0,2,44,0.18,0,1,2,42,0.07,0,0,1,0,0.05,0,0,2,3,0.08,0,0,3
112,522,17,0,20,0,3,0,1,MOVING_TO_FIELD,Field_6,1,IDLE,,1,IDLE,,1,PROTECTING,Field_3,1,MOVING_TO_FIELD,Field_12,1,PROTECTING,Field_14,1,PROTECTING,Field_7,1,IDLE,,1,PROTECTING,Field_9,1,IDLE,,1,IDLE,,1,PROTECTING,Field_2,1,PROTECTING,Field_10,1,PROTECTING,Field_10,1,PROTECTING,Field_2,1,PROTECTING,Field_10,1,PROTECTING,Field_14,1,MOVING_TO_FIELD,Field_17,1,IDLE,,1,PROTECTING,Field_7,1,IDLE,,1,PROTECTING,Field_7,1,PROTECTING,Field_9,1,IDLE,,1,PROTECTING,Field_7,1,PROTECTING,Field_9,1,PROTECTING,Field_14,1,IDLE,,1,IDLE,,1,IDLE,,1,IDLE,,1,IDLE,,1,IDLE,,1,IDLE,,1,IDLE,,1,IDLE,,1,PROTECTING,Field_14,1,PROTECTING,Field_14,1,PROTECTING,Field_10,1,PROTECTING,Field_14,16,0.08,0,0,4,37,0.02,2,0,0,3,0.11,1,0,3,14,0.09,0,0,4,25,0.07,0,0,2,19,0.20,0,1,4,40,0.05,4,0,-1,18,0.10,0,0,2,41,0.01,3,0,0,42,0.09,4,0,2,22,0.17,0,0,4,29,0.12,0,1,1,13,0.04,0,0,2,67,0.28,6,0,0,33,0.15,0,0,6,13,0.07,0,0,2,44,0.20,0,1,2,43,0.07,0,0,1,0,0.05,0,0,2,3,0.08,0,0,3
113,524,17,0,20,0,3,0,1,MOVING_TO_FIELD,Field_6,1,IDLE,,1,IDLE,,1,PROTECTING,Field_3,1,MOVING_TO_FIELD,Field_12,1,PROTECTING,Field_14,1,PROTECTING,Field_7,1,IDLE,,1,PROTECTING,Field_9,1,IDLE,,1,IDLE,,1,PROTECTING,Field_2,1,PROTECTING,Field_10,1,PROTECTING,Field_10,1,PROTECTING,Field_2,1,PROTECTING,Field_10,1,PROTECTING,Field_14,1,MOVING_TO_FIELD,Field_17,1,IDLE,,1,PROTECTING,Field_7,1,IDLE,,1,PROTECTING,Field_7,1,PROTECTING,Field_9,1,IDLE,,1,PROTECTING,Field_7,1,PROTECTING,Field_9,1,PROTECTING,Field_14,1,IDLE,,1,IDLE,,1,IDLE,,1,IDLE,,1,IDLE,,1,IDLE,,1,IDLE,,1,IDLE,,1,IDLE,,1,PROTECTING,Field_14,1,PROTECTING,Field_14,1,PROTECTING,Field_10,1,PROTECTING,Field_14,16,0.08,0,0,4,37,0.02,2,0,0,3,0.11,1,0,3,14,0.09,0,0,4,25,0.09,0,0,2,19,0.20,0,1,4,40,0.05,4,0,-1,18,0.11,0,0,2,41,0.02,3,0,0,42,0.11,4,0,2,22,0.17,0,0,4,29,0.12,0,1,1,13,0.04,0,0,2,67,0.28,6,0,0,34,0.16,0,0,6,13,0.09,0,0,2,45,0.20,0,1,2,43,0.07,0,0,1,0,0.05,0,0,2,3,0.10,0,0,3
114,528,17,0,20,0,3,0,1,MOVING_TO_FIELD,Field_6,1,IDLE,,1,IDLE,,1,PROTECTING,Field_3,1,MOVING_TO_FIELD,Field_12,1,PROTECTING,Field_14,1,PROTECTING,Field_7,1,IDLE,,1,PROTECTING,Field_9,1,IDLE,,1,IDLE,,1,PROTECTING,Field_2,1,PROTECTING,Field_10,1,PROTECTING,Field_10,1,PROTECTING,Field_2,1,PROTECTING,Field_10,1,PROTECTING,Field_14,1,MOVING_TO_FIELD,Field_17,1,IDLE,,1,PROTECTING,Field_7,1,IDLE,,1,PROTECTING,Field_7,1,PROTECTING,Field_9,1,IDLE,,1,PROTECTING,Field_7,1,PROTECTING,Field_9,1,PROTECTING,Field_14,1,IDLE,,1,IDLE,,1,IDLE,,1,IDLE,,1,IDLE,,1,IDLE,,1,IDLE,,1,IDLE,,1,IDLE,,1,PROTECTING,Field_14,1,PROTECTING,Field_14,1,PROTECTING,Field_10,1,PROTECTING,Field_14,16,0.08,0,0,4,37,0.02,2,0,0,3,0.11,1,0,3,14,0.09,0,0,4,25,0.09,0,0,2,19,0.20,0,1,4,40,0.05,4,0,-1,18,0.11,0,0,2,41,0.04,3,0,0,42,0.08,4,0,2,22,0.17,0,0,4,29,0.12,0,1,1,13,0.02,0,0,2,67,0.28,6,0,0,35,0.16,0,0,6,15,0.09,0,0,2,46,0.20,0,1,2,43,0.07,0,0,1,0,0.05,0,0,2,3,0.10,0,0,3
115,529,17,0,20,0,3,0,1,MOVING_TO_FIELD,Field_6,1,IDLE,,1,IDLE,,1,PROTECTING,Field_3,1,MOVING_TO_FIELD,Field_12,1,PROTECTING,Field_14,1,PROTECTING,Field_7,1,IDLE,,1,PROTECTING,Field_9,1,IDLE,,1,IDLE,,1,PROTECTING,Field_2,1,PROTECTING,Field_10,1,PROTECTING,Field_10,1,PROTECTING,Field_2,1,PROTECTING,Field_10,1,PROTECTING,Field_14,1,MOVING_TO_FIELD,Field_17,1,IDLE,,1,PROTECTING,Field_7,1,IDLE,,1,PROTECTING,Field_7,1,PROTECTING,Field_9,1,IDLE,,1,PROTECTING,Field_7,1,PROTECTING,Field_9,1,PROTECTING,Field_14,1,IDLE,,1,IDLE,,1,IDLE,,1,IDLE,,1,IDLE,,1,IDLE,,1,IDLE,,1,IDLE,,1,IDLE,,1,PROTECTING,Field_14,1,PROTECTING,Field_14,1,PROTECTING,Field_10,1,PROTECTING,Field_14,16,0.11,0,0,4,37,0.02,2,0,0,3,0.11,1,0,3,14,0.08,0,0,4,25,0.10,0,0,2,19,0.20,0,1,4,40,0.05,4,0,-1,18,0.06,0,0,2,41,0.03,3,0,0,42,0.09,4,0,2,22,0.16,0,0,4,29,0.12,0,1,1,13,0.02,0,0,2,67,0.28,6,0,0,36,0.15,0,0,6,15,0.09,0,0,2,46,0.20,0,1,2,43,0.07,0,0,1,0,0.03,0,0,2,3,0.10,0,0,3
116,529,17,0,20,0,3,0,1,MOVING_TO_FIELD,Field_6,1,IDLE,,1,IDLE,,1,PROTECTING,Field_3,1,MOVING_TO_FIELD,Field_12,1,PROTECTING,Field_14,1,PROTECTING,Field_7,1,IDLE,,1,PROTECTING,Field_9,1,IDLE,,1,IDLE,,1,PROTECTING,Field_2,1,PROTECTING,Field_10,1,PROTECTING,Field_10,1,PROTECTING,Field_2,1,PROTECTING,Field_10,1,PROTECTING,Field_14,1,MOVING_TO_FIELD,Field_17,1,IDLE,,1,PROTECTING,Field_7,1,IDLE,,1,PROTECTING,Field_7,1,PROTECTING,Field_9,1,IDLE,,1,PROTECTING,Field_7,1,PROTECTING,Field_9,1,PROTECTING,Field_14,1,IDLE,,1,IDLE,,1,IDLE,,1,IDLE,,1,IDLE,,1,IDLE,,1,IDLE,,1,IDLE,,1,IDLE,,1,PROTECTING,Field_14,1,PROTECTING,Field_14,1,PROTECTING,Field_10,1,PROTECTING,Field_14,16,0.11,0,0,4,37,0.02,2,0,0,3,0.12,1,0,3,14,0.09,0,0,4,25,0.10,0,0,2,19,0.21,0,1,4,40,0.05,4,0,-1,18,0.09,0,0,2,41,0.02,3,0,0,42,0.11,4,0,2,22,0.13,0,0,4,29,0.12,0,1,1,13,0.02,0,0,2,67,0.27,6,0,0,36,0.16,0,0,6,15,0.09,0,0,2,46,0.20,0,1,2,43,0.07,0,0,1,0,0.03,0,0,2,3,0.10,0,0,3
117,532,17,0,20,0,3,0,1,MOVING_TO_FIELD,Field_6,1,IDLE,,1,IDLE,,1,PROTECTING,Field_3,1,MOVING_TO_FIELD,Field_12,1,PROTECTING,Field_14,1,PROTECTING,Field_7,1,IDLE,,1,PROTECTING,Field_9,1,IDLE,,1,IDLE,,1,PROTECTING,Field_2,1,PROTECTING,Field_10,1,PROTECTING,Field_10,1,PROTECTING,Field_2,1,PROTECTING,Field_10,1,PROTECTING,Field_14,1,MOVING_TO_FIELD,Field_17,1,IDLE,,1,PROTECTING,Field_7,1,IDLE,,1,PROTECTING,Field_7,1,PROTECTING,Field_9,1,IDLE,,1,PROTECTING,Field_7,1,PROTECTING,Field_9,1,PROTECTING,Field_14,1,IDLE,,1,IDLE,,1,IDLE,,1,IDLE,,1,IDLE,,1,IDLE,,1,IDLE,,1,IDLE,,1,IDLE,,1,PROTECTING,Field_14,1,PROTECTING,Field_14,1,PROTECTING,Field_10,1,PROTECTING,Field_14,16,0.12,0,0,4,37,0.02,2,0,0,4,0.13,1,0,3,14,0.09,0,0,4,26,0.10,0,0,2,19,0.20,0,1,4,40,0.05,4,0,-1,18,0.09,0,0,2,41,0.02,3,0,0,42,0.11,4,0,2,22,0.14,0,0,4,29,0.15,0,1,1,13,0.02,0,0,2,67,0.25,6,0,0,37,0.15,0,0,6,15,0.09,0,0,2,46,0.20,0,1,2,43,0.07,0,0,1,0,0.05,0,0,2,3,0.10,0,0,3
118,533,17,0,20,0,3,0,1,MOVING_TO_FIELD,Field_6,1,IDLE,,1,IDLE,,1,PROTECTING,Field_3,1,MOVING_TO_FIELD,Field_12,1,PROTECTING,Field_14,1,PROTECTING,Field_7,1,IDLE,,1,PROTECTING,Field_9,1,IDLE,,1,IDLE,,1,PROTECTING,Field_2,1,PROTECTING,Field_10,1,PROTECTING,Field_10,1,PROTECTING,Field_2,1,PROTECTING,Field_10,1,PROTECTING,Field_14,1,MOVING_TO_FIELD,Field_17,1,IDLE,,1,PROTECTING,Field_7,1,IDLE,,1,PROTECTING,Field_7,1,PROTECTING,Field_9,1,IDLE,,1,PROTECTING,Field_7,1,PROTECTING,Field_9,1,PROTECTING,Field_14,1,IDLE,,1,IDLE,,1,IDLE,,1,IDLE,,1,IDLE,,1,IDLE,,1,IDLE,,1,IDLE,,1,IDLE,,1,PROTECTING,Field_14,1,PROTECTING,Field_14,1,PROTECTING,Field_10,1,PROTECTING,Field_14,16,0.12,0,0,4,37,0.02,2,0,0,4,0.13,1,0,3,15,0.09,0,0,4,26,0.10,0,0,2,19,0.20,0,1,4,40,0.03,4,0,-1,18,0.09,0,0,2,41,0.02,3,0,0,42,0.11,4,0,2,22,0.14,0,0,4,29,0.15,0,1,1,13,0.02,0,0,2,67,0.25,6,0,0,37,0.15,0,0,6,15,0.09,0,0,2,46,0.20,0,1,2,43,0.09,0,0,1,0,0.05,0,0,2,3,0.10,0,0,3
119,535,17,0,21,0,2,0,1,MOVING_TO_FIELD,Field_6,1,IDLE,,1,IDLE,,1,PROTECTING,Field_3,1,PROTECTING,Field_12,1,PROTECTING,Field_14,1,PROTECTING,Field_7,1,IDLE,,1,PROTECTING,Field_9,1,IDLE,,1,IDLE,,1,PROTECTING,Field_2,1,PROTECTING,Field_10,1,PROTECTING,Field_10,1,PROTECTING,Field_2,1,PROTECTING,Field_10,1,PROTECTING,Field_14,1,MOVING_TO_FIELD,Field_17,1,IDLE,,1,PROTECTING,Field_7,1,IDLE,,1,PROTECTING,Field_7,1,PROTECTING,Field_9,1,IDLE,,1,PROTECTING,Field_7,1,PROTECTING,Field_9,1,PROTECTING,Field_14,1,IDLE,,1,IDLE,,1,IDLE,,1,IDLE,,1,IDLE,,1,IDLE,,1,IDLE,,1,IDLE,,1,IDLE,,1,PROTECTING,Field_14,1,PROTECTING,Field_14,1,PROTECTING,Field_10,1,PROTECTING,Field_14,16,0.12,0,0,4,37,0.02,2,0,0,4,0.12,1,0,3,15,0.09,0,0,4,26,0.11,0,0,2,20,0.20,0,1,4,40,0.01,4,0,-1,18,0.09,0,0,2,41,0.02,3,0,0,42,0.11,4,0,2,22,0.14,0,0,4,29,0.15,1,0,0,13,0.02,0,0,2,67,0.25,6,0,0,37,0.15,0,0,6,16,0.09,0,0,2,46,0.18,0,1,2,43,0.09,0,0,1,0,0.05,0,0,2,3,0.10,0,0,3
120,535,17,0,21,0,2,0,1,MOVING_TO_FIELD,Field_6,1,IDLE,,1,IDLE,,1,PROTECTING,Field_3,1,PROTECTING,Field_12,1,PROTECTING,Field_14,1,PROTECTING,Field_7,1,IDLE,,1,PROTECTING,Field_9,1,IDLE,,1,IDLE,,1,PROTECTING,Field_2,1,PROTECTING,Field_10,1,PROTECTING,Field_10,1,PROTECTING,Field_2,1,PROTECTING,Field_10,1,PROTECTING,Field_14,1,MOVING_TO_FIELD,Field_17,1,IDLE,,1,PROTECTING,Field_7,1,IDLE,,1,PROTECTING,Field_7,1,PROTECTING,Field_9,1,IDLE,,1,PROTECTING,Field_7,1,PROTECTING,Field_9,1,PROTECTING,Field_14,1,IDLE,,1,IDLE,,1,IDLE,,1,IDLE,,1,IDLE,,1,IDLE,,1,IDLE,,1,IDLE,,1,IDLE,,1,PROTECTING,Field_14,1,PROTECTING,Field_14,1,PROTECTING,Field_10,1,PROTECTING,Field_14,16,0.11,0,0,4,37,0.02,2,0,0,4,0.15,1,0,3,15,0.09,0,0,4,26,0.12,0,0,2,20,0.20,0,1,4,40,0.01,4,0,-1,18,0.09,0,0,2,41,0.01,3,0,0,42,0.11,4,0,2,22,0.13,0,0,4,29,0.18,1,0,0,13,0.02,0,0,2,67,0.24,6,0,0,37,0.14,0,0,6,16,0.09,0,0,2,46,0.18,0,1,2,43,0.09,0,0,1,0,0.05,0,0,2,3,0.10,0,0,3
121,540,15,0,21,0,4,0,1,MOVING_TO_FIELD,Field_6,1,MOVING_TO_FIELD,Field_6,1,MOVING_TO_FIELD,Field_6,1,PROTECTING,Field_3,1,PROTECTING,Field_12,1,PROTECTING,Field_14,1,PROTECTING,Field_7,1,MOVING_TO_FIELD,Field_6,1,PROTECTING,Field_9,1,IDLE,,1,IDLE,,1,PROTECTING,Field_2,1,PROTECTING,Field_10,1,PROTECTING,Field_10,1,PROTECTING,Field_2,1,PROTECTING,Field_10,1,PROTECTING,Field_14,1,IDLE,,1,IDLE,,1,PROTECTING,Field_7,1,IDLE,,1,PROTECTING,Field_7,1,PROTECTING,Field_9,1,IDLE,,1,PROTECTING,Field_7,1,PROTECTING,Field_9,1,PROTECTING,Field_14,1,IDLE,,1,IDLE,,1,IDLE,,1,IDLE,,1,IDLE,,1,IDLE,,1,IDLE,,1,IDLE,,1,IDLE,,1,PROTECTING,Field_14,1,PROTECTING,Field_14,1,PROTECTING,Field_10,1,PROTECTING,Field_14,17,0.12,0,0,4,37,0.01,2,0,0,5,0.17,1,0,3,15,0.10,0,0,4,28,0.12,0,0,2,21,0.20,0,4,4,40,0.01,4,0,-1,18,0.11,0,0,2,41,0.01,3,0,0,42,0.09,4,0,2,22,0.13,0,0,4,29,0.18,1,0,0,13,0.02,0,0,2,67,0.21,6,0,0,37,0.14,0,0,6,16,0.09,0,0,2,46,0.18,0,0,2,43,0.09,0,0,1,0,0.05,0,0,2,3,0.10,0,0,3
122,544,15,0,21,0,4,0,1,MOVING_TO_FIELD,Field_6,1,MOVING_TO_FIELD,Field_6,1,MOVING_TO_FIELD,Field_6,1,PROTECTING,Field_3,1,PROTECTING,Field_12,1,PROTECTING,Field_14,1,PROTECTING,Field_7,1,MOVING_TO_FIELD,Field_6,1,PROTECTING,Field_9,1,IDLE,,1,IDLE,,1,PROTECTING,Field_2,1,PROTECTING,Field_10,1,PROTECTING,Field_10,1,PROTECTING,Field_2,1,PROTECTING,Field_10,1,PROTECTING,Field_14,1,IDLE,,1,IDLE,,1,PROTECTING,Field_7,1,IDLE,,1,PROTECTING,Field_7,1,PROTECTING,Field_9,1,IDLE,,1,PROTECTING,Field_7,1,PROTECTING,Field_9,1,PROTECTING,Field_14,1,IDLE,,1,IDLE,,1,IDLE,,1,IDLE,,1,IDLE,,1,IDLE,,1,IDLE,,1,IDLE,,1,IDLE,,1,PROTECTING,Field_14,1,PROTECTING,Field_14,1,PROTECTING,Field_10,1,PROTECTING,Field_14,17,0.13,0,0,4,37,0.00,2,0,0,7,0.17,1,0,3,15,0.09,0,0,4,28,0.10,0,0,2,21,0.17,0,4,4,40,0.02,4,0,-1,18,0.11,0,0,2,41,0.00,3,0,0,42,0.09,4,0,2,22,0.13,0,0,4,29,0.18,1,0,0,13,0.02,0,0,2,67,0.21,6,0,0,38,0.14,0,0,6,16,0.10,0,0,2,47,0.16,0,0,2,43,0.11,0,0,1,0,0.03,0,0,2,3,0.10,0,0,3
123,547,15,0,21,0,4,0,1,MOVING_TO_FIELD,Field_6,1,MOVING_TO_FIELD,Field_6,1,MOVING_TO_FIELD,Field_6,1,PROTECTING,Field_3,1,PROTECTING,Field_12,1,PROTECTING,Field_14,1,PROTECTING,Field_7,1,MOVING_TO_FIELD,Field_6,1,PROTECTING,Field_9,1,IDLE,,1,IDLE,,1,PROTECTING,Field_2,1,PROTECTING,Field_10,1,PROTECTING,Field_10,1,PROTECTING,Field_2,1,PROTECTING,Field_10,1,PROTECTING,Field_14,1,IDLE,,1,IDLE,,1,PROTECTING,Field_7,1,IDLE,,1,PROTECTING,Field_7,1,PROTECTING,Field_9,1,IDLE,,1,PROTECTING,Field_7,1,PROTECTING,Field_9,1,PROTECTING,Field_14,1,IDLE,,1,IDLE,,1,IDLE,,1,IDLE,,1,IDLE,,1,IDLE,,1,IDLE,,1,IDLE,,1,IDLE,,1,PROTECTING,Field_14,1,PROTECTING,Field_14,1,PROTECTING,Field_10,1,PROTECTING,Field_14,17,0.12,0,0,4,37,0.00,2,0,0,7,0.17,1,0,3,15,0.08,0,0,4,28,0.10,0,0,2,22,0.17,0,4,4,40,0.02,4,0,-1,18,0.11,0,0,2,41,0.00,3,0,0,42,0.09,4,0,2,22,0.13,0,0,4,29,0.15,1,0,0,13,0.02,0,0,2,67,0.18,6,0,0,38,0.15,0,0,6,16,0.10,0,0,2,49,0.16,0,0,2,43,0.11,0,0,1,0,0.03,0,0,2,3,0.10,0,0,3
124,550,15,0,21,0,4,0,1,MOVING_TO_FIELD,Field_6,1,MOVING_TO_FIELD,Field_6,1,MOVING_TO_FIELD,Field_6,1,PROTECTING,Field_3,1,PROTECTING,Field_12,1,PROTECTING,Field_14,1,PROTECTING,Field_7,1,MOVING_TO_FIELD,Field_6,1,PROTECTING,Field_9,1,IDLE,,1,IDLE,,1,PROTECTING,Field_2,1,PROTECTING,Field_10,1,PROTECTING,Field_10,1,PROTECTING,Field_2,1,PROTECTING,Field_10,1,PROTECTING,Field_14,1,IDLE,,1,IDLE,,1,PROTECTING,Field_7,1,IDLE,,1,PROTECTING,Field_7,1,PROTECTING,Field_9,1,IDLE,,1,PROTECTING,Field_7,1,PROTECTING,Field_9,1,PROTECTING,Field_14,1,IDLE,,1,IDLE,,1,IDLE,,1,IDLE,,1,IDLE,,1,IDLE,,1,IDLE,,1,IDLE,,1,IDLE,,1,PROTECTING,Field_14,1,PROTECTING,Field_14,1,PROTECTING,Field_10,1,PROTECTING,Field_14,17,0.12,0,0,4,37,0.00,2,0,0,7,0.17,1,0,3,15,0.07,0,0,4,28,0.10,0,0,2,23,0.17,0,4,4,40,0.02,4,0,-1,19,0.11,0,0,2,41,0.00,3,0,0,42,0.11,4,0,2,22,0.13,0,0,4,29,0.15,1,0,0,13,0.02,0,0,2,67,0.17,6,0,0,39,0.14,0,0,6,16,0.10,0,0,2,49,0.16,0,0,2,43,0.11,0,0,1,0,0.03,0,0,2,3,0.12,0,0,3
125,552,15,0,21,0,4,0,1,MOVING_TO_FIELD,Field_6,1,MOVING_TO_FIELD,Field_6,1,MOVING_TO_FIELD,Field_6,1,PROTECTING,Field_3,1,PROTECTING,Field_12,1,PROTECTING,Field_14,1,PROTECTING,Field_7,1,MOVING_TO_FIELD,Field_6,1,PROTECTING,Field_9,1,IDLE,,1,IDLE,,1,PROTECTING,Field_2,1,PROTECTING,Field_10,1,PROTECTING,Field_10,1,PROTECTING,Field_2,1,PROTECTING,Field_10,1,PROTECTING,Field_14,1,IDLE,,1,IDLE,,1,PROTECTING,Field_7,1,IDLE,,1,PROTECTING,Field_7,1,PROTECTING,Field_9,1,IDLE,,1,PROTECTING,Field_7,1,PROTECTING,Field_9,1,PROTECTING,Field_14,1,IDLE,,1,IDLE,,1,IDLE,,1,IDLE,,1,IDLE,,1,IDLE,,1,IDLE,,1,IDLE,,1,IDLE,,1,PROTECTING,Field_14,1,PROTECTING,Field_14,1,PROTECTING,Field_10,1,PROTECTING,Field_14,17,0.12,0,0,4,37,0.00,2,0,0,7,0.17,1,0,3,15,0.07,0,0,4,29,0.11,0,0,2,23,0.17,0,4,4,40,0.03,4,0,-1,19,0.11,0,0,2,41,0.00,3,0,0,42,0.11,4,0,2,22,0.13,0,0,4,29,0.12,1,0,0,13,0.02,0,0,2,67,0.15,6,0,0,39,0.13,0,0,6,17,0.11,0,0,2,49,0.16,0,0,2,43,0.11,0,0,1,0,0.03,0,0,2,3,0.14,0,0,3
126,556,15,0,21,0,4,0,1,MOVING_TO_FIELD,Field_6,1,MOVING_TO_FIELD,Field_6,1,MOVING_TO_FIELD,Field_6,1,PROTECTING,Field_3,1,PROTECTING,Field_12,1,PROTECTING,Field_14,1,PROTECTING,Field_7,1,MOVING_TO_FIELD,Field_6,1,PROTECTING,Field_9,1,IDLE,,1,IDLE,,1,PROTECTING,Field_2,1,PROTECTING,Field_10,1,PROTECTING,Field_10,1,PROTECTING,Field_2,1,PROTECTING,Field_10,1,PROTECTING,Field_14,1,IDLE,,1,IDLE,,1,PROTECTING,Field_7,1,IDLE,,1,PROTECTING,Field_7,1,PROTECTING,Field_9,1,IDLE,,1,PROTECTING,Field_7,1,PROTECTING,Field_9,1,PROTECTING,Field_14,1,IDLE,,1,IDLE,,1,IDLE,,1,IDLE,,1,IDLE,,1,IDLE,,1,IDLE,,1,IDLE,,1,IDLE,,1,PROTECTING,Field_14,1,PROTECTING,Field_14,1,PROTECTING,Field_10,1,PROTECTING,Field_14,17,0.12,0,0,4,37,0.00,2,0,0,7,0.16,1,0,3,15,0.08,0,0,4,31,0.12,0,0,2,23,0.17,0,4,4,40,0.03,4,0,-1,20,0.11,0,0,2,41,0.00,3,0,0,42,0.09,4,0,2,22,0.12,0,0,4,29,0.09,1,0,0,13,0.02,0,0,2,67,0.15,6,0,0,39,0.14,0,0,6,17,0.10,0,0,2,49,0.16,0,0,2,44,0.11,0,0,1,0,0.05,0,0,2,3,0.14,0,0,3
127,561,15,0,21,0,4,0,1,MOVING_TO_FIELD,Field_6,1,MOVING_TO_FIELD,Field_6,1,MOVING_TO_FIELD,Field_6,1,PROTECTING,Field_3,1,PROTECTING,Field_12,1,PROTECTING,Field_14,1,PROTECTING,Field_7,1,MOVING_TO_FIELD,Field_6,1,PROTECTING,Field_9,1,IDLE,,1,IDLE,,1,PROTECTING,Field_2,1,PROTECTING,Field_10,1,PROTECTING,Field_10,1,PROTECTING,Field_2,1,PROTECTING,Field_10,1,PROTECTING,Field_14,1,IDLE,,1,IDLE,,1,PROTECTING,Field_7,1,IDLE,,1,PROTECTING,Field_7,1,PROTECTING,Field_9,1,IDLE,,1,PROTECTING,Field_7,1,PROTECTING,Field_9,1,PROTECTING,Field_14,1,IDLE,,1,IDLE,,1,IDLE,,1,IDLE,,1,IDLE,,1,IDLE,,1,IDLE,,1,IDLE,,1,IDLE,,1,PROTECTING,Field_14,1,PROTECTING,Field_14,1,PROTECTING,Field_10,1,PROTECTING,Field_14,17,0.12,0,0,4,37,0.00,2,0,0,7,0.16,1,0,3,15,0.08,0,0,4,33,0.10,0,0,2,23,0.16,0,4,4,40,0.02,4,0,-1,22,0.11,0,0,2,41,0.01,3,0,0,42,0.07,4,0,2,22,0.12,0,0,4,29,0.09,1,0,0,13,0.02,0,0,2,67,0.13,6,0,0,39,0.14,0,0,6,17,0.11,0,0,2,50,0.16,0,0,2,44,0.11,0,0,1,0,0.05,0,0,2,3,0.14,0,0,3
128,562,15,0,21,0,4,0,1,MOVING_TO_FIELD,Field_6,1,MOVING_TO_FIELD,Field_6,1,MOVING_TO_FIELD,Field_6,1,PROTECTING,Field_3,1,PROTECTING,Field_12,1,PROTECTING,Field_14,1,PROTECTING,Field_7,1,MOVING_TO_FIELD,Field_6,1,PROTECTING,Field_9,1,IDLE,,1,IDLE,,1,PROTECTING,Field_2,1,PROTECTING,Field_10,1,PROTECTING,Field_10,1,PROTECTING,Field_2,1,PROTECTING,Field_10,1,PROTECTING,Field_14,1,IDLE,,1,IDLE,,1,PROTECTING,Field_7,1,IDLE,,1,PROTECTING,Field_7,1,PROTECTING,Field_9,1,IDLE,,1,PROTECTING,Field_7,1,PROTECTING,Field_9,1,PROTECTING,Field_14,1,IDLE,,1,IDLE,,1,IDLE,,1,IDLE,,1,IDLE,,1,IDLE,,1,IDLE,,1,IDLE,,1,IDLE,,1,PROTECTING,Field_14,1,PROTECTING,Field_14,1,PROTECTING,Field_10,1,PROTECTING,Field_14,17,0.11,0,0,4,37,0.00,2,0,0,7,0.17,1,0,3,15,0.08,0,0,4,33,0.10,0,0,2,24,0.16,0,4,4,40,0.02,4,0,-1,22,0.11,0,0,2,41,0.01,3,0,0,42,0.07,4,0,2,22,0.11,0,0,4,29,0.12,1,0,0,13,0.02,0,0,2,67,0.07,6,0,0,39,0.14,0,0,6,17,0.10,0,0,2,50,0.16,0,0,2,44,0.11,0,0,1,0,0.06,0,0,2,3,0.14,0,0,3
129,562,15,0,21,0,4,0,1,MOVING_TO_FIELD,Field_6,1,MOVING_TO_FIELD,Field_6,1,MOVING_TO_FIELD,Field_6,1,PROTECTING,Field_3,1,PROTECTING,Field_12,1,PROTECTING,Field_14,1,PROTECTING,Field_7,1,MOVING_TO_FIELD,Field_6,1,PROTECTING,Field_9,1,IDLE,,1,IDLE,,1,PROTECTING,Field_2,1,PROTECTING,Field_10,1,PROTECTING,Field_10,1,PROTECTING,Field_2,1,PROTECTING,Field_10,1,PROTECTING,Field_14,1,IDLE,,1,IDLE,,1,PROTECTING,Field_7,1,IDLE,,1,PROTECTING,Field_7,1,PROTECTING,Field_9,1,IDLE,,1,PROTECTING,Field_7,1,PROTECTING,Field_9,1,PROTECTING,Field_14,1,IDLE,,1,IDLE,,1,IDLE,,1,IDLE,,1,IDLE,,1,IDLE,,1,IDLE,,1,IDLE,,1,IDLE,,1,PROTECTING,Field_14,1,PROTECTING,Field_14,1,PROTECTING,Field_10,1,PROTECTING,Field_14,17,0.11,0,0,4,37,0.00,2,0,0,7,0.17,1,0,3,15,0.09,0,0,4,33,0.11,0,0,2,24,0.16,0,4,4,40,0.02,4,0,-1,22,0.10,0,0,2,41,0.01,3,0,0,42,0.07,4,0,2,22,0.11,0,0,4,29,0.09,1,0,0,13,0.02,0,0,2,67,0.07,6,0,0,39,0.14,0,0,6,17,0.12,0,0,2,50,0.15,0,0,2,44,0.11,0,0,1,0,0.06,0,0,2,3,0.12,0,0,3
130,563,15,0,22,0,3,0,1,PROTECTING,Field_6,1,MOVING_TO_FIELD,Field_6,1,MOVING_TO_FIELD,Field_6,1,PROTECTING,Field_3,1,PROTECTING,Field_12,1,PROTECTING,Field_14,1,PROTECTING,Field_7,1,MOVING_TO_FIELD,Field_6,1,PROTECTING,Field_9,1,IDLE,,1,IDLE,,1,PROTECTING,Field_2,1,PROTECTING,Field_10,1,PROTECTING,Field_10,1,PROTECTING,Field_2,1,PROTECTING,Field_10,1,PROTECTING,Field_14,1,IDLE,,1,IDLE,,1,PROTECTING,Field_7,1,IDLE,,1,PROTECTING,Field_7,1,PROTECTING,Field_9,1,IDLE,,1,PROTECTING,Field_7,1,PROTECTING,Field_9,1,PROTECTING,Field_14,1,IDLE,,1,IDLE,,1,IDLE,,1,IDLE,,1,IDLE,,1,IDLE,,1,IDLE,,1,IDLE,,1,IDLE,,1,PROTECTING,Field_14,1,PROTECTING,Field_14,1,PROTECTING,Field_10,1,PROTECTING,Field_14,17,0.09,0,0,4,37,0.00,2,0,0,8,0.17,1,0,3,15,0.09,0,0,4,33,0.11,0,0,2,24,0.16,1,3,3,40,0.02,4,0,-1,22,0.10,0,0,2,41,0.01,3,0,0,42,0.07,4,0,2,22,0.12,0,0,4,29,0.09,1,0,0,13,0.02,0,0,2,67,0.07,6,0,0,39,0.14,0,0,6,17,0.12,0,0,2,50,0.13,0,0,2,44,0.11,0,0,1,0,0.06,0,0,2,3,0.10,0,0,3
131,563,15,0,19,0,6,0,1,MOVING_TO_FIELD,Field_3,1,MOVING_TO_FIELD,Field_6,1,MOVING_TO_FIELD,Field_6,1,PROTECTING,Field_3,1,MOVING_TO_FIELD,Field_3,1,PROTECTING,Field_14,1,PROTECTING,Field_7,1,MOVING_TO_FIELD,Field_6,1,PROTECTING,Field_9,1,IDLE,,1,IDLE,,1,MOVING_TO_FIELD,Field_6,1,PROTECTING,Field_10,1,PROTECTING,Field_10,1,PROTECTING,Field_2,1,PROTECTING,Field_10,1,PROTECTING,Field_14,1,IDLE,,1,IDLE,,1,PROTECTING,Field_7,1,IDLE,,1,PROTECTING,Field_7,1,PROTECTING,Field_9,1,IDLE,,1,PROTECTING,Field_7,1,PROTECTING,Field_9,1,PROTECTING,Field_14,1,IDLE,,1,IDLE,,1,IDLE,,1,IDLE,,1,IDLE,,1,IDLE,,1,IDLE,,1,IDLE,,1,IDLE,,1,PROTECTING,Field_14,1,PROTECTING,Field_14,1,PROTECTING,Field_10,1,PROTECTING,Field_14,17,0.10,0,0,4,37,0.00,1,0,1,8,0.16,1,2,3,15,0.09,0,0,4,33,0.11,0,0,2,24,0.17,0,4,4,40,0.03,4,0,-1,22,0.11,0,0,2,41,0.01,3,0,0,42,0.06,4,0,2,22,0.13,0,0,4,29,0.06,0,0,1,13,0.02,0,0,2,67,0.04,6,0,0,39,0.15,0,0,6,17,0.12,0,0,2,50,0.15,0,0,2,44,0.11,0,0,1,0,0.06,0,0,2,3,0.10,0,0,3
132,565,15,0,19,0,6,0,1,MOVING_TO_FIELD,Field_3,1,MOVING_TO_FIELD,Field_6,1,MOVING_TO_FIELD,Field_6,1,PROTECTING,Field_3,1,MOVING_TO_FIELD,Field_3,1,PROTECTING,Field_14,1,PROTECTING,Field_7,1,MOVING_TO_FIELD,Field_6,1,PROTECTING,Field_9,1,IDLE,,1,IDLE,,1,MOVING_TO_FIELD,Field_6,1,PROTECTING,Field_10,1,PROTECTING,Field_10,1,PROTECTING,Field_2,1,PROTECTING,Field_10,1,PROTECTING,Field_14,1,IDLE,,1,IDLE,,1,PROTECTING,Field_7,1,IDLE,,1,PROTECTING,Field_7,1,PROTECTING,Field_9,1,IDLE,,1,PROTECTING,Field_7,1,PROTECTING,Field_9,1,PROTECTING,Field_14,1,IDLE,,1,IDLE,,1,IDLE,,1,IDLE,,1,IDLE,,1,IDLE,,1,IDLE,,1,IDLE,,1,IDLE,,1,PROTECTING,Field_14,1,PROTECTING,Field_14,1,PROTECTING,Field_10,1,PROTECTING,Field_14,17,0.10,0,0,4,37,0.00,1,0,1,8,0.16,1,2,3,15,0.09,0,0,4,35,0.11,0,0,2,24,0.16,0,4,4,40,0.03,4,0,-1,22,0.11,0,0,2,41,0.01,3,0,0,42,0.06,4,0,2,22,0.13,0,0,4,29,0.06,0,0,1,13,0.02,0,0,2,67,0.04,6,0,0,39,0.14,0,0,6,17,0.14,0,0,2,50,0.11,0,0,2,44,0.11,0,0,1,0,0.06,0,0,2,3,0.10,0,0,3
133,566,15,0,19,0,6,0,1,MOVING_TO_FIELD,Field_3,1,MOVING_TO_FIELD,Field_6,1,MOVING_TO_FIELD,Field_6,1,PROTECTING,Field_3,1,MOVING_TO_FIELD,Field_3,1,PROTECTING,Field_14,1,PROTECTING,Field_7,1,MOVING_TO_FIELD,Field_6,1,PROTECTING,Field_9,1,IDLE,,1,IDLE,,1,MOVING_TO_FIELD,Field_6,1,PROTECTING,Field_10,1,PROTECTING,Field_10,1,PROTECTING,Field_2,1,PROTECTING,Field_10,1,PROTECTING,Field_14,1,IDLE,,1,IDLE,,1,PROTECTING,Field_7,1,IDLE,,1,PROTECTING,Field_7,1,PROTECTING,Field_9,1,IDLE,,1,PROTECTING,Field_7,1,PROTECTING,Field_9,1,PROTECTING,Field_14,1,IDLE,,1,IDLE,,1,IDLE,,1,IDLE,,1,IDLE,,1,IDLE,,1,IDLE,,1,IDLE,,1,IDLE,,1,PROTECTING,Field_14,1,PROTECTING,Field_14,1,PROTECTING,Field_10,1,PROTECTING,Field_14,17,0.10,0,0,4,37,0.00,1,0,1,8,0.15,1,2,3,15,0.10,0,0,4,35,0.09,0,0,2,24,0.18,0,4,4,40,0.03,4,0,-1,22,0.13,0,0,2,41,0.01,3,0,0,42,0.06,4,0,2,22,0.14,0,0,4,29,0.06,0,0,1,13,0.02,0,0,2,67,0.04,6,0,0,39,0.15,0,0,6,17,0.12,0,0,2,50,0.11,0,0,2,45,0.11,0,0,1,0,0.06,0,0,2,3,0.10,0,0,3
134,566,15,0,19,0,6,0,1,MOVING_TO_FIELD,Field_3,1,MOVING_TO_FIELD,Field_6,1,MOVING_TO_FIELD,Field_6,1,PROTECTING,Field_3,1,MOVING_TO_FIELD,Field_3,1,PROTECTING,Field_14,1,PROTECTING,Field_7,1,MOVING_TO_FIELD,Field_6,1,PROTECTING,Field_9,1,IDLE,,1,IDLE,,1,MOVING_TO_FIELD,Field_6,1,PROTECTING,Field_10,1,PROTECTING,Field_10,1,PROTECTING,Field_2,1,PROTECTING,Field_10,1,PROTECTING,Field_14,1,IDLE,,1,IDLE,,1,PROTECTING,Field_7,1,IDLE,,1,PROTECTING,Field_7,1,PROTECTING,Field_9,1,IDLE,,1,PROTECTING,Field_7,1,PROTECTING,Field_9,1,PROTECTING,Field_14,1,IDLE,,1,IDLE,,1,IDLE,,1,IDLE,,1,IDLE,,1,IDLE,,1,IDLE,,1,IDLE,,1,IDLE,,1,PROTECTING,Field_14,1,PROTECTING,Field_14,1,PROTECTING,Field_10,1,PROTECTING,Field_14,17,0.10,0,0,4,37,0.00,1,0,1,8,0.15,1,2,3,15,0.11,0,0,4,35,0.07,0,0,2,24,0.18,0,4,4,40,0.02,4,0,-1,22,0.13,0,0,2,41,0.01,3,0,0,42,0.06,4,0,2,22,0.14,0,0,4,29,0.06,0,0,1,13,0.02,0,0,2,67,0.01,6,0,0,39,0.15,0,0,6,17,0.12,0,0,2,50,0.11,0,0,2,45,0.11,0,0,1,0,0.06,0,0,2,3,0.10,0,0,3
135,567,15,0,19,0,6,0,1,MOVING_TO_FIELD,Field_3,1,MOVING_TO_FIELD,Field_6,1,MOVING_TO_FIELD,Field_6,1,PROTECTING,Field_3,1,MOVING_TO_FIELD,Field_3,1,PROTECTING,Field_14,1,PROTECTING,Field_7,1,MOVING_TO_FIELD,Field_6,1,PROTECTING,Field_9,1,IDLE,,1,IDLE,,1,MOVING_TO_FIELD,Field_6,1,PROTECTING,Field_10,1,PROTECTING,Field_10,1,PROTECTING,Field_2,1,PROTECTING,Field_10,1,PROTECTING,Field_14,1,IDLE,,1,IDLE,,1,PROTECTING,Field_7,1,IDLE,,1,PROTECTING,Field_7,1,PROTECTING,Field_9,1,IDLE,,1,PROTECTING,Field_7,1,PROTECTING,Field_9,1,PROTECTING,Field_14,1,IDLE,,1,IDLE,,1,IDLE,,1,IDLE,,1,IDLE,,1,IDLE,,1,IDLE,,1,IDLE,,1,IDLE,,1,PROTECTING,Field_14,1,PROTECTING,Field_14,1,PROTECTING,Field_10,1,PROTECTING,Field_14,17,0.12,0,0,4,37,0.00,1,0,1,8,0.17,1,2,3,16,0.13,0,0,4,35,0.07,0,0,2,24,0.18,0,4,4,40,0.03,4,0,-1,22,0.11,0,0,2,41,0.01,3,0,0,42,0.06,4,0,2,22,0.14,0,0,4,29,0.06,0,0,1,13,0.02,0,0,2,67,0.01,6,0,0,39,0.15,0,0,6,17,0.12,0,0,2,50,0.11,0,0,2,45,0.11,0,0,1,0,0.06,0,0,2,3,0.10,0,0,3
136,570,15,0,19,0,6,0,1,MOVING_TO_FIELD,Field_3,1,MOVING_TO_FIELD,Field_6,1,MOVING_TO_FIELD,Field_6,1,PROTECTING,Field_3,1,MOVING_TO_FIELD,Field_3,1,PROTECTING,Field_14,1,PROTECTING,Field_7,1,MOVING_TO_FIELD,Field_6,1,PROTECTING,Field_9,1,IDLE,,1,IDLE,,1,MOVING_TO_FIELD,Field_6,1,PROTECTING,Field_10,1,PROTECTING,Field_10,1,PROTECTING,Field_2,1,PROTECTING,Field_10,1,PROTECTING,Field_14,1,IDLE,,1,IDLE,,1,PROTECTING,Field_7,1,IDLE,,1,PROTECTING,Field_7,1,PROTECTING,Field_9,1,IDLE,,1,PROTECTING,Field_7,1,PROTECTING,Field_9,1,PROTECTING,Field_14,1,IDLE,,1,IDLE,,1,IDLE,,1,IDLE,,1,IDLE,,1,IDLE,,1,IDLE,,1,IDLE,,1,IDLE,,1,PROTECTING,Field_14,1,PROTECTING,Field_14,1,PROTECTING,Field_10,1,PROTECTING,Field_14,17,0.13,0,0,4,37,0.00,1,0,1,8,0.14,1,2,3,16,0.14,0,0,4,36,0.09,0,0,2,24,0.18,0,4,4,40,0.03,4,0,-1,22,0.13,0,0,2,41,0.01,3,0,0,42,0.05,4,0,2,22,0.14,0,0,4,29,0.06,0,0,1,13,0.02,0,0,2,67,0.01,6,0,0,39,0.15,0,0,6,17,0.14,0,0,2,51,0.11,0,0,2,46,0.11,0,0,1,0,0.06,0,0,2,3,0.10,0,0,3
137,571,15,0,19,0,6,0,1,MOVING_TO_FIELD,Field_3,1,MOVING_TO_FIELD,Field_6,1,MOVING_TO_FIELD,Field_6,1,PROTECTING,Field_3,1,MOVING_TO_FIELD,Field_3,1,PROTECTING,Field_14,1,PROTECTING,Field_7,1,MOVING_TO_FIELD,Field_6,1,PROTECTING,Field_9,1,IDLE,,1,IDLE,,1,MOVING_TO_FIELD,Field_6,1,PROTECTING,Field_10,1,PROTECTING,Field_10,1,PROTECTING,Field_2,1,PROTECTING,Field_10,1,PROTECTING,Field_14,1,IDLE,,1,IDLE,,1,PROTECTING,Field_7,1,IDLE,,1,PROTECTING,Field_7,1,PROTECTING,Field_9,1,IDLE,,1,PROTECTING,Field_7,1,PROTECTING,Field_9,1,PROTECTING,Field_14,1,IDLE,,1,IDLE,,1,IDLE,,1,IDLE,,1,IDLE,,1,IDLE,,1,IDLE,,1,IDLE,,1,IDLE,,1,PROTECTING,Field_14,1,PROTECTING,Field_14,1,PROTECTING,Field_10,1,PROTECTING,Field_14,17,0.14,0,0,4,37,0.00,1,0,1,8,0.13,1,2,3,16,0.14,0,0,4,36,0.09,0,0,2,24,0.18,0,4,4,40,0.03,4,0,-1,22,0.13,0,0,2,41,0.01,3,0,0,42,0.05,4,0,2,22,0.16,0,0,4,29,0.03,0,0,1,13,0.00,0,0,2,67,0.03,6,0,0,39,0.14,0,0,6,17,0.15,0,0,2,51,0.11,0,0,2,47,0.09,0,0,1,0,0.08,0,0,2,3,0.10,0,0,3
138,572,15,0,20,0,5,0,1,MOVING_TO_FIELD,Field_3,1,MOVING_TO_FIELD,Field_6,1,MOVING_TO_FIELD,Field_6,1,PROTECTING,Field_3,1,MOVING_TO_FIELD,Field_3,1,PROTECTING,Field_14,1,PROTECTING,Field_7,1,MOVING_TO_FIELD,Field_6,1,PROTECTING,Field_9,1,IDLE,,1,IDLE,,1,PROTECTING,Field_6,1,PROTECTING,Field_10,1,PROTECTING,Field_10,1,PROTECTING,Field_2,1,PROTECTING,Field_10,1,PROTECTING,Field_14,1,IDLE,,1,IDLE,,1,PROTECTING,Field_7,1,IDLE,,1,PROTECTING,Field_7,1,PROTECTING,Field_9,1,IDLE,,1,PROTECTING,Field_7,1,PROTECTING,Field_9,1,PROTECTING,Field_14,1,IDLE,,1,IDLE,,1,IDLE,,1,IDLE,,1,IDLE,,1,IDLE,,1,IDLE,,1,IDLE,,1,IDLE,,1,PROTECTING,Field_14,1,PROTECTING,Field_14,1,PROTECTING,Field_10,1,PROTECTING,Field_14,18,0.14,0,0,4,37,0.00,1,0,1,8,0.14,1,2,3,16,0.17,0,0,4,36,0.09,0,0,2,24,0.17,1,3,3,40,0.02,4,0,-1,22,0.11,0,0,2,41,0.01,3,0,0,42,0.04,4,0,2,22,0.14,0,0,4,29,0.03,0,0,1,13,0.00,0,0,2,67,0.03,6,0,0,39,0.13,0,0,6,17,0.14,0,0,2,51,0.11,0,0,2,47,0.11,0,0,1,0,0.06,0,0,2,3,0.10,0,0,3
139,574,15,0,20,0,5,0,1,MOVING_TO_FIELD,Field_3,1,MOVING_TO_FIELD,Field_6,1,MOVING_TO_FIELD,Field_6,1,PROTECTING,Field_3,1,MOVING_TO_FIELD,Field_3,1,PROTECTING,Field_14,1,PROTECTING,Field_7,1,MOVING_TO_FIELD,Field_6,1,PROTECTING,Field_9,1,IDLE,,1,IDLE,,1,PROTECTING,Field_6,1,PROTECTING,Field_10,1,PROTECTING,Field_10,1,PROTECTING,Field_2,1,PROTECTING,Field_10,1,PROTECTING,Field_14,1,IDLE,,1,IDLE,,1,PROTECTING,Field_7,1,IDLE,,1,PROTECTING,Field_7,1,PROTECTING,Field_9,1,IDLE,,1,PROTECTING,Field_7,1,PROTECTING,Field_9,1,PROTECTING,Field_14,1,IDLE,,1,IDLE,,1,IDLE,,1,IDLE,,1,IDLE,,1,IDLE,,1,IDLE,,1,IDLE,,1,IDLE,,1,PROTECTING,Field_14,1,PROTECTING,Field_14,1,PROTECTING,Field_10,1,PROTECTING,Field_14,18,0.16,0,0,4,37,0.00,1,0,1,8,0.14,1,2,3,16,0.18,0,0,4,36,0.09,0,0,2,24,0.17,1,3,3,40,0.02,4,0,-1,22,0.11,0,0,2,41,0.00,3,0,0,42,0.04,4,0,2,22,0.13,0,0,4,29,0.06,0,0,1,13,0.00,0,0,2,67,0.03,6,0,0,40,0.13,0,0,6,17,0.14,0,0,2,51,0.10,0,0,2,48,0.13,0,0,1,0,0.06,0,0,2,3,0.10,0,0,3
140,574,15,0,20,0,5,0,1,MOVING_TO_FIELD,Field_3,1,MOVING_TO_FIELD,Field_6,1,MOVING_TO_FIELD,Field_6,1,PROTECTING,Field_3,1,MOVING_TO_FIELD,Field_3,1,PROTECTING,Field_14,1,PROTECTING,Field_7,1,MOVING_TO_FIELD,Field_6,1,PROTECTING,Field_9,1,IDLE,,1,IDLE,,1,PROTECTING,Field_6,1,PROTECTING,Field_10,1,PROTECTING,Field_10,1,PROTECTING,Field_2,1,PROTECTING,Field_10,1,PROTECTING,Field_14,1,IDLE,,1,IDLE,,1,PROTECTING,Field_7,1,IDLE,,1,PROTECTING,Field_7,1,PROTECTING,Field_9,1,IDLE,,1,PROTECTING,Field_7,1,PROTECTING,Field_9,1,PROTECTING,Field_14,1,IDLE,,1,IDLE,,1,IDLE,,1,IDLE,,1,IDLE,,1,IDLE,,1,IDLE,,1,IDLE,,1,IDLE,,1,PROTECTING,Field_14,1,PROTECTING,Field_14,1,PROTECTING,Field_10,1,PROTECTING,Field_14,18,0.16,0,0,4,37,0.00,1,0,1,8,0.13,1,2,3,16,0.18,0,0,4,36,0.09,0,0,2,24,0.20,1,3,3,40,0.02,4,0,-1,22,0.13,0,0,2,41,0.00,3,0,0,42,0.04,4,0,2,22,0.13,0,0,4,29,0.06,0,0,1,13,0.00,0,0,2,67,0.03,6,0,0,40,0.13,0,0,6,17,0.11,0,0,2,51,0.11,0,0,2,48,0.13,0,0,1,0,0.08,0,0,2,3,0.10,0,0,3
141,578,15,0,15,0,10,0,1,MOVING_TO_FIELD,Field_3,1,MOVING_TO_FIELD,Field_4,1,MOVING_TO_FIELD,Field_4,1,PROTECTING,Field_3,1,MOVING_TO_FIELD,Field_3,1,MOVING_TO_FIELD,Field_6,1,PROTECTING,Field_7,1,PROTECTING,Field_6,1,MOVING_TO_FIELD,Field_10,1,IDLE,,1,IDLE,,1,MOVING_TO_FIELD,Field_4,1,MOVING_TO_FIELD,Field_4,1,MOVING_TO_FIELD,Field_6,1,MOVING_TO_FIELD,Field_10,1,PROTECTING,Field_10,1,PROTECTING,Field_14,1,IDLE,,1,IDLE,,1,PROTECTING,Field_7,1,IDLE,,1,PROTECTING,Field_7,1,PROTECTING,Field_9,1,IDLE,,1,PROTECTING,Field_7,1,PROTECTING,Field_9,1,PROTECTING,Field_14,1,IDLE,,1,IDLE,,1,IDLE,,1,IDLE,,1,IDLE,,1,IDLE,,1,IDLE,,1,IDLE,,1,IDLE,,1,PROTECTING,Field_14,1,PROTECTING,Field_14,1,PROTECTING,Field_10,1,PROTECTING,Field_14,18,0.17,0,0,4,37,0.01,0,0,2,8,0.11,1,2,3,17,0.18,0,4,4,36,0.10,0,0,2,24,0.20,1,2,3,40,0.04,4,0,-1,22,0.13,0,0,2,41,0.00,2,0,1,42,0.04,2,2,4,22,0.13,0,0,4,29,0.06,0,0,1,13,0.00,0,0,2,67,0.04,5,0,1,41,0.13,0,0,6,17,0.10,0,0,2,52,0.11,0,0,2,49,0.13,0,0,1,0,0.10,0,0,2,3,0.10,0,0,3
142,580,15,0,15,0,10,0,1,MOVING_TO_FIELD,Field_3,1,MOVING_TO_FIELD,Field_4,1,MOVING_TO_FIELD,Field_4,1,PROTECTING,Field_3,1,MOVING_TO_FIELD,Field_3,1,MOVING_TO_FIELD,Field_6,1,PROTECTING,Field_7,1,PROTECTING,Field_6,1,MOVING_TO_FIELD,Field_10,1,IDLE,,1,IDLE,,1,MOVING_TO_FIELD,Field_4,1,MOVING_TO_FIELD,Field_4,1,MOVING_TO_FIELD,Field_6,1,MOVING_TO_FIELD,Field_10,1,PROTECTING,Field_10,1,PROTECTING,Field_14,1,IDLE,,1,IDLE,,1,PROTECTING,Field_7,1,IDLE,,1,PROTECTING,Field_7,1,PROTECTING,Field_9,1,IDLE,,1,PROTECTING,Field_7,1,PROTECTING,Field_9,1,PROTECTING,Field_14,1,IDLE,,1,IDLE,,1,IDLE,,1,IDLE,,1,IDLE,,1,IDLE,,1,IDLE,,1,IDLE,,1,IDLE,,1,PROTECTING,Field_14,1,PROTECTING,Field_14,1,PROTECTING,Field_10,1,PROTECTING,Field_14,18,0.18,0,0,4,37,0.01,0,0,2,8,0.11,1,2,3,18,0.19,0,4,4,36,0.10,0,0,2,24,0.20,1,2,3,40,0.03,4,0,-1,22,0.13,0,0,2,41,0.01,2,0,1,42,0.04,2,2,4,22,0.13,0,0,4,29,0.06,0,0,1,13,0.00,0,0,2,67,0.04,5,0,1,41,0.13,0,0,6,18,0.11,0,0,2,52,0.11,0,0,2,49,0.15,0,0,1,0,0.10,0,0,2,3,0.10,0,0,3
143,581,15,0,15,0,10,0,1,MOVING_TO_FIELD,Field_3,1,MOVING_TO_FIELD,Field_4,1,MOVING_TO_FIELD,Field_4,1,PROTECTING,Field_3,1,MOVING_TO_FIELD,Field_3,1,MOVING_TO_FIELD,Field_6,1,PROTECTING,Field_7,1,PROTECTING,Field_6,1,MOVING_TO_FIELD,Field_10,1,IDLE,,1,IDLE,,1,MOVING_TO_FIELD,Field_4,1,MOVING_TO_FIELD,Field_4,1,MOVING_TO_FIELD,Field_6,1,MOVING_TO_FIELD,Field_10,1,PROTECTING,Field_10,1,PROTECTING,Field_14,1,IDLE,,1,IDLE,,1,PROTECTING,Field_7,1,IDLE,,1,PROTECTING,Field_7,1,PROTECTING,Field_9,1,IDLE,,1,PROTECTING,Field_7,1,PROTECTING,Field_9,1,PROTECTING,Field_14,1,IDLE,,1,IDLE,,1,IDLE,,1,IDLE,,1,IDLE,,1,IDLE,,1,IDLE,,1,IDLE,,1,IDLE,,1,PROTECTING,Field_14,1,PROTECTING,Field_14,1,PROTECTING,Field_10,1,PROTECTING,Field_14,18,0.18,0,0,4,37,0.00,0,0,2,8,0.10,1,2,3,18,0.18,0,4,4,36,0.10,0,0,2,24,0.21,1,2,3,40,0.02,4,0,-1,23,0.13,0,0,2,41,0.02,2,0,1,42,0.04,2,2,4,22,0.14,0,0,4,29,0.06,0,0,1,13,0.00,0,0,2,67,0.04,5,0,1,41,0.15,0,0,6,18,0.11,0,0,2,52,0.11,0,0,2,49,0.13,0,0,1,0,0.10,0,0,2,3,0.10,0,0,3
144,583,15,0,15,0,10,0,1,MOVING_TO_FIELD,Field_3,1,MOVING_TO_FIELD,Field_4,1,MOVING_TO_FIELD,Field_4,1,PROTECTING,Field_3,1,MOVING_TO_FIELD,Field_3,1,MOVING_TO_FIELD,Field_6,1,PROTECTING,Field_7,1,PROTECTING,Field_6,1,MOVING_TO_FIELD,Field_10,1,IDLE,,1,IDLE,,1,MOVING_TO_FIELD,Field_4,1,MOVING_TO_FIELD,Field_4,1,MOVING_TO_FIELD,Field_6,1,MOVING_TO_FIELD,Field_10,1,PROTECTING,Field_10,1,PROTECTING,Field_14,1,IDLE,,1,IDLE,,1,PROTECTING,Field_7,1,IDLE,,1,PROTECTING,Field_7,1,PROTECTING,Field_9,1,IDLE,,1,PROTECTING,Field_7,1,PROTECTING,Field_9,1,PROTECTING,Field_14,1,IDLE,,1,IDLE,,1,IDLE,,1,IDLE,,1,IDLE,,1,IDLE,,1,IDLE,,1,IDLE,,1,IDLE,,1,PROTECTING,Field_14,1,PROTECTING,Field_14,1,PROTECTING,Field_10,1,PROTECTING,Field_14,18,0.18,0,0,4,37,0.00,0,0,2,9,0.11,1,2,3,18,0.18,0,4,4,36,0.11,0,0,2,24,0.21,1,2,3,40,0.01,4,0,-1,23,0.13,0,0,2,41,0.02,2,0,1,42,0.03,2,2,4,22,0.14,0,0,4,29,0.06,0,0,1,13,0.00,0,0,2,67,0.01,5,0,1,41,0.16,0,0,6,19,0.10,0,0,2,52,0.10,0,0,2,49,0.13,0,0,1,0,0.10,0,0,2,3,0.10,0,0,3
145,585,15,0,15,0,10,0,1,MOVING_TO_FIELD,Field_3,1,MOVING_TO_FIELD,Field_4,1,MOVING_TO_FIELD,Field_4,1,PROTECTING,Field_3,1,MOVING_TO_FIELD,Field_3,1,MOVING_TO_FIELD,Field_6,1,PROTECTING,Field_7,1,PROTECTING,Field_6,1,MOVING_TO_FIELD,Field_10,1,IDLE,,1,IDLE,,1,MOVING_TO_FIELD,Field_4,1,MOVING_TO_FIELD,Field_4,1,MOVING_TO_FIELD,Field_6,1,MOVING_TO_FIELD,Field_10,1,PROTECTING,Field_10,1,PROTECTING,Field_14,1,IDLE,,1,IDLE,,1,PROTECTING,Field_7,1,IDLE,,1,PROTECTING,Field_7,1,PROTECTING,Field_9,1,IDLE,,1,PROTECTING,Field_7,1,PROTECTING,Field_9,1,PROTECTING,Field_14,1,IDLE,,1,IDLE,,1,IDLE,,1,IDLE,,1,IDLE,,1,IDLE,,1,IDLE,,1,IDLE,,1,IDLE,,1,PROTECTING,Field_14,1,PROTECTING,Field_14,1,PROTECTING,Field_10,1,PROTECTING,Field_14,18,0.17,0,0,4,37,0.00,0,0,2,9,0.08,1,2,3,18,0.17,0,4,4,36,0.11,0,0,2,24,0.23,1,2,3,40,0.01,4,0,-1,23,0.13,0,0,2,41,0.02,2,0,1,42,0.04,2,2,4,22,0.14,0,0,4,29,0.06,0,0,1,13,0.00,0,0,2,67,0.01,5,0,1,41,0.16,0,0,6,19,0.10,0,0,2,53,0.10,0,0,2,50,0.11,0,0,1,0,0.10,0,0,2,3,0.10,0,0,3
146,586,15,0,15,0,10,0,1,MOVING_TO_FIELD,Field_3,1,MOVING_TO_FIELD,Field_4,1,MOVING_TO_FIELD,Field_4,1,PROTECTING,Field_3,1,MOVING_TO_FIELD,Field_3,1,MOVING_TO_FIELD,Field_6,1,PROTECTING,Field_7,1,PROTECTING,Field_6,1,MOVING_TO_FIELD,Field_10,1,IDLE,,1,IDLE,,1,MOVING_TO_FIELD,Field_4,1,MOVING_TO_FIELD,Field_4,1,MOVING_TO_FIELD,Field_6,1,MOVING_TO_FIELD,Field_10,1,PROTECTING,Field_10,1,PROTECTING,Field_14,1,IDLE,,1,IDLE,,1,PROTECTING,Field_7,1,IDLE,,1,PROTECTING,Field_7,1,PROTECTING,Field_9,1,IDLE,,1,PROTECTING,Field_7,1,PROTECTING,Field_9,1,PROTECTING,Field_14,1,IDLE,,1,IDLE,,1,IDLE,,1,IDLE,,1,IDLE,,1,IDLE,,1,IDLE,,1,IDLE,,1,IDLE,,1,PROTECTING,Field_14,1,PROTECTING,Field_14,1,PROTECTING,Field_10,1,PROTECTING,Field_14,18,0.16,0,0,4,37,0.00,0,0,2,9,0.08,1,2,3,18,0.17,0,4,4,37,0.11,0,0,2,24,0.22,1,2,3,40,0.01,4,0,-1,23,0.11,0,0,2,41,0.02,2,0,1,42,0.04,2,2,4,22,0.14,0,0,4,29,0.06,0,0,1,13,0.00,0,0,2,67,0.01,5,0,1,41,0.18,0,0,6,19,0.10,0,0,2,53,0.10,0,0,2,50,0.11,0,0,1,0,0.10,0,0,2,3,0.10,0,0,3
147,586,15,0,16,0,9,0,1,MOVING_TO_FIELD,Field_3,1,MOVING_TO_FIELD,Field_4,1,MOVING_TO_FIELD,Field_4,1,PROTECTING,Field_3,1,MOVING_TO_FIELD,Field_3,1,MOVING_TO_FIELD,Field_6,1,PROTECTING,Field_7,1,PROTECTING,Field_6,1,MOVING_TO_FIELD,Field_10,1,IDLE,,1,IDLE,,1,MOVING_TO_FIELD,Field_4,1,PROTECTING,Field_4,1,MOVING_TO_FIELD,Field_6,1,MOVING_TO_FIELD,Field_10,1,PROTECTING,Field_10,1,PROTECTING,Field_14,1,IDLE,,1,IDLE,,1,PROTECTING,Field_7,1,IDLE,,1,PROTECTING,Field_7,1,PROTECTING,Field_9,1,IDLE,,1,PROTECTING,Field_7,1,PROTECTING,Field_9,1,PROTECTING,Field_14,1,IDLE,,1,IDLE,,1,IDLE,,1,IDLE,,1,IDLE,,1,IDLE,,1,IDLE,,1,IDLE,,1,IDLE,,1,PROTECTING,Field_14,1,PROTECTING,Field_14,1,PROTECTING,Field_10,1,PROTECTING,Field_14,18,0.16,0,0,4,37,0.01,0,0,2,9,0.09,1,2,3,18,0.18,1,3,3,37,0.11,0,0,2,24,0.21,1,2,3,40,0.01,4,0,-1,23,0.10,0,0,2,41,0.02,2,0,1,42,0.05,2,2,4,22,0.13,0,0,4,29,0.06,0,0,1,13,0.00,0,0,2,67,0.01,5,0,1,41,0.17,0,0,6,19,0.14,0,0,2,53,0.10,0,0,2,50,0.11,0,0,1,0,0.08,0,0,2,3,0.10,0,0,3
148,588,15,0,16,0,9,0,1,MOVING_TO_FIELD,Field_3,1,MOVING_TO_FIELD,Field_4,1,MOVING_TO_FIELD,Field_4,1,PROTECTING,Field_3,1,MOVING_TO_FIELD,Field_3,1,MOVING_TO_FIELD,Field_6,1,PROTECTING,Field_7,1,PROTECTING,Field_6,1,MOVING_TO_FIELD,Field_10,1,IDLE,,1,IDLE,,1,MOVING_TO_FIELD,Field_4,1,PROTECTING,Field_4,1,MOVING_TO_FIELD,Field_6,1,MOVING_TO_FIELD,Field_10,1,PROTECTING,Field_10,1,PROTECTING,Field_14,1,IDLE,,1,IDLE,,1,PROTECTING,Field_7,1,IDLE,,1,PROTECTING,Field_7,1,PROTECTING,Field_9,1,IDLE,,1,PROTECTING,Field_7,1,PROTECTING,Field_9,1,PROTECTING,Field_14,1,IDLE,,1,IDLE,,1,IDLE,,1,IDLE,,1,IDLE,,1,IDLE,,1,IDLE,,1,IDLE,,1,IDLE,,1,PROTECTING,Field_14,1,PROTECTING,Field_14,1,PROTECTING,Field_10,1,PROTECTING,Field_14,18,0.16,0,0,4,37,0.02,0,0,2,9,0.09,1,2,3,18,0.16,1,3,3,37,0.12,0,0,2,26,0.21,1,2,3,40,0.01,4,0,-1,23,0.10,0,0,2,41,0.02,2,0,1,42,0.04,2,2,4,22,0.12,0,0,4,29,0.03,0,0,1,13,0.00,0,0,2,67,0.01,5,0,1,41,0.17,0,0,6,19,0.14,0,0,2,53,0.10,0,0,2,50,0.11,0,0,1,0,0.08,0,0,2,3,0.10,0,0,3
149,589,15,0,17,0,8,0,1,PROTECTING,Field_3,1,MOVING_TO_FIELD,Field_4,1,MOVING_TO_FIELD,Field_4,1,PROTECTING,Field_3,1,MOVING_TO_FIELD,Field_3,1,MOVING_TO_FIELD,Field_6,1,PROTECTING,Field_7,1,PROTECTING,Field_6,1,MOVING_TO_FIELD,Field_10,1,IDLE,,1,IDLE,,1,MOVING_TO_FIELD,Field_4,1,PROTECTING,Field_4,1,MOVING_TO_FIELD,Field_6,1,MOVING_TO_FIELD,Field_10,1,PROTECTING,Field_10,1,PROTECTING,Field_14,1,IDLE,,1,IDLE,,1,PROTECTING,Field_7,1,IDLE,,1,PROTECTING,Field_7,1,PROTECTING,Field_9,1,IDLE,,1,PROTECTING,Field_7,1,PROTECTING,Field_9,1,PROTECTING,Field_14,1,IDLE,,1,IDLE,,1,IDLE,,1,IDLE,,1,IDLE,,1,IDLE,,1,IDLE,,1,IDLE,,1,IDLE,,1,PROTECTING,Field_14,1,PROTECTING,Field_14,1,PROTECTING,Field_10,1,PROTECTING,Field_14,18,0.17,0,0,4,37,0.02,0,0,2,9,0.09,2,1,2,18,0.16,1,3,3,38,0.12,0,0,2,26,0.20,1,2,3,40,0.01,4,0,-1,23,0.10,0,0,2,41,0.02,2,0,1,42,0.04,2,2,4,22,0.12,0,0,4,29,0.03,0,0,1,13,0.00,0,0,2,67,0.01,5,0,1,41,0.17,0,0,6,19,0.14,0,0,2,53,0.08,0,0,2,50,0.11,0,0,1,0,0.08,0,0,2,3,0.10,0,0,3
150,590,15,0,17,0,8,0,1,PROTECTING,Field_3,1,MOVING_TO_FIELD,Field_4,1,MOVING_TO_FIELD,Field_4,1,PROTECTING,Field_3,1,MOVING_TO_FIELD,Field_3,1,MOVING_TO_FIELD,Field_6,1,PROTECTING,Field_7,1,PROTECTING,Field_6,1,MOVING_TO_FIELD,Field_10,1,IDLE,,1,IDLE,,1,MOVING_TO_FIELD,Field_4,1,PROTECTING,Field_4,1,MOVING_TO_FIELD,Field_6,1,MOVING_TO_FIELD,Field_10,1,PROTECTING,Field_10,1,PROTECTING,Field_14,1,IDLE,,1,IDLE,,1,PROTECTING,Field_7,1,IDLE,,1,PROTECTING,Field_7,1,PROTECTING,Field_9,1,IDLE,,1,PROTECTING,Field_7,1,PROTECTING,Field_9,1,PROTECTING,Field_14,1,IDLE,,1,IDLE,,1,IDLE,,1,IDLE,,1,IDLE,,1,IDLE,,1,IDLE,,1,IDLE,,1,IDLE,,1,PROTECTING,Field_14,1,PROTECTING,Field_14,1,PROTECTING,Field_10,1,PROTECTING,Field_14,18,0.15,0,0,4,37,0.02,0,0,2,9,0.08,2,1,2,18,0.16,1,3,3,38,0.12,0,0,2,26,0.21,1,2,3,40,0.01,4,0,-1,23,0.11,0,0,2,41,0.02,2,0,1,42,0.04,2,2,4,22,0.11,0,0,4,29,0.03,0,0,1,13,0.00,0,0,2,67,0.01,5,0,1,41,0.16,0,0,6,19,0.15,0,0,2,53,0.08,0,0,2,50,0.11,0,0,1,0,0.08,0,0,2,4,0.10,0,0,3
151,592,15,0,17,0,8,0,1,PROTECTING,Field_3,1,MOVING_TO_FIELD,Field_4,1,MOVING_TO_FIELD,Field_4,1,PROTECTING,Field_3,1,MOVING_TO_FIELD,Field_3,1,MOVING_TO_FIELD,Field_6,1,PROTECTING,Field_7,1,PROTECTING,Field_6,1,MOVING_TO_FIELD,Field_10,1,IDLE,,1,IDLE,,1,MOVING_TO_FIELD,Field_4,1,PROTECTING,Field_4,1,MOVING_TO_FIELD,Field_6,1,MOVING_TO_FIELD,Field_10,1,PROTECTING,Field_10,1,PROTECTING,Field_14,1,IDLE,,1,IDLE,,1,PROTECTING,Field_7,1,IDLE,,1,PROTECTING,Field_7,1,PROTECTING,Field_9,1,IDLE,,1,PROTECTING,Field_7,1,PROTECTING,Field_9,1,PROTECTING,Field_14,1,IDLE,,1,IDLE,,1,IDLE,,1,IDLE,,1,IDLE,,1,IDLE,,1,IDLE,,1,IDLE,,1,IDLE,,1,PROTECTING,Field_14,1,PROTECTING,Field_14,1,PROTECTING,Field_10,1,PROTECTING,Field_14,18,0.17,0,0,4,37,0.02,0,0,2,9,0.07,2,1,2,18,0.14,1,3,3,38,0.10,0,0,2,28,0.21,1,2,3,40,0.02,4,0,-1,23,0.11,0,0,2,41,0.01,2,0,1,42,0.04,2,2,4,22,0.12,0,0,4,29,0.03,0,0,1,13,0.02,0,0,2,67,0.01,5,0,1,41,0.16,0,0,6,19,0.15,0,0,2,53,0.07,0,0,2,50,0.11,0,0,1,0,0.08,0,0,2,4,0.10,0,0,3
152,592,15,0,17,0,8,0,1,PROTECTING,Field_3,1,MOVING_TO_FIELD,Field_4,1,MOVING_TO_FIELD,Field_4,1,PROTECTING,Field_3,1,MOVING_TO_FIELD,Field_3,1,MOVING_TO_FIELD,Field_6,1,PROTECTING,Field_7,1,PROTECTING,Field_6,1,MOVING_TO_FIELD,Field_10,1,IDLE,,1,IDLE,,1,MOVING_TO_FIELD,Field_4,1,PROTECTING,Field_4,1,MOVING_TO_FIELD,Field_6,1,MOVING_TO_FIELD,Field_10,1,PROTECTING,Field_10,1,PROTECTING,Field_14,1,IDLE,,1,IDLE,,1,PROTECTING,Field_7,1,IDLE,,1,PROTECTING,Field_7,1,PROTECTING,Field_9,1,IDLE,,1,PROTECTING,Field_7,1,PROTECTING,Field_9,1,PROTECTING,Field_14,1,IDLE,,1,IDLE,,1,IDLE,,1,IDLE,,1,IDLE,,1,IDLE,,1,IDLE,,1,IDLE,,1,IDLE,,1,PROTECTING,Field_14,1,PROTECTING,Field_14,1,PROTECTING,Field_10,1,PROTECTING,Field_14,18,0.16,0,0,4,37,0.02,0,0,2,9,0.07,2,1,2,18,0.14,1,3,3,38,0.10,0,0,2,28,0.18,1,2,3,40,0.02,4,0,-1,23,0.11,0,0,2,41,0.01,2,0,1,42,0.05,2,2,4,22,0.12,0,0,4,29,0.03,0,0,1,13,0.04,0,0,2,67,0.01,5,0,1,41,0.16,0,0,6,19,0.16,0,0,2,53,0.07,0,0,2,50,0.11,0,0,1,0,0.08,0,0,2,4,0.10,0,0,3
153,596,15,0,17,0,8,0,1,PROTECTING,Field_3,1,MOVING_TO_FIELD,Field_4,1,MOVING_TO_FIELD,Field_4,1,PROTECTING,Field_3,1,MOVING_TO_FIELD,Field_3,1,MOVING_TO_FIELD,Field_6,1,PROTECTING,Field_7,1,PROTECTING,Field_6,1,MOVING_TO_FIELD,Field_10,1,IDLE,,1,IDLE,,1,MOVING_TO_FIELD,Field_4,1,PROTECTING,Field_4,1,MOVING_TO_FIELD,Field_6,1,MOVING_TO_FIELD,Field_10,1,PROTECTING,Field_10,1,PROTECTING,Field_14,1,IDLE,,1,IDLE,,1,PROTECTING,Field_7,1,IDLE,,1,PROTECTING,Field_7,1,PROTECTING,Field_9,1,IDLE,,1,PROTECTING,Field_7,1,PROTECTING,Field_9,1,PROTECTING,Field_14,1,IDLE,,1,IDLE,,1,IDLE,,1,IDLE,,1,IDLE,,1,IDLE,,1,IDLE,,1,IDLE,,1,IDLE,,1,PROTECTING,Field_14,1,PROTECTING,Field_14,1,PROTECTING,Field_10,1,PROTECTING,Field_14,19,0.15,0,0,4,37,0.01,0,0,2,9,0.05,2,1,2,18,0.16,1,3,3,38,0.09,0,0,2,30,0.20,1,2,3,40,0.03,4,0,-1,24,0.11,0,0,2,41,0.02,2,0,1,42,0.05,2,2,4,22,0.11,0,0,4,29,0.03,0,0,1,13,0.04,0,0,2,67,0.01,5,0,1,41,0.16,0,0,6,19,0.16,0,0,2,53,0.07,0,0,2,50,0.11,0,0,1,0,0.08,0,0,2,4,0.10,0,0,3
154,599,15,0,17,0,8,0,1,PROTECTING,Field_3,1,MOVING_TO_FIELD,Field_4,1,MOVING_TO_FIELD,Field_4,1,PROTECTING,Field_3,1,MOVING_TO_FIELD,Field_3,1,MOVING_TO_FIELD,Field_6,1,PROTECTING,Field_7,1,PROTECTING,Field_6,1,MOVING_TO_FIELD,Field_10,1,IDLE,,1,IDLE,,1,MOVING_TO_FIELD,Field_4,1,PROTECTING,Field_4,1,MOVING_TO_FIELD,Field_6,1,MOVING_TO_FIELD,Field_10,1,PROTECTING,Field_10,1,PROTECTING,Field_14,1,IDLE,,1,IDLE,,1,PROTECTING,Field_7,1,IDLE,,1,PROTECTING,Field_7,1,PROTECTING,Field_9,1,IDLE,,1,PROTECTING,Field_7,1,PROTECTING,Field_9,1,PROTECTING,Field_14,1,IDLE,,1,IDLE,,1,IDLE,,1,IDLE,,1,IDLE,,1,IDLE,,1,IDLE,,1,IDLE,,1,IDLE,,1,PROTECTING,Field_14,1,PROTECTING,Field_14,1,PROTECTING,Field_10,1,PROTECTING,Field_14,19,0.14,0,0,4,37,0.01,0,0,2,9,0.06,2,1,2,18,0.14,1,3,3,38,0.09,0,0,2,31,0.20,1,2,3,40,0.03,4,0,-1,24,0.10,0,0,2,41,0.03,2,0,1,42,0.05,2,2,4,23,0.11,0,0,4,29,0.03,0,0,1,13,0.04,0,0,2,67,0.01,5,0,1,41,0.16,0,0,6,20,0.15,0,0,2,53,0.07,0,0,2,50,0.15,0,0,1,0,0.10,0,0,2,4,0.10,0,0,3
155,600,15,0,17,0,8,0,1,PROTECTING,Field_3,1,MOVING_TO_FIELD,Field_4,1,MOVING_TO_FIELD,Field_4,1,PROTECTING,Field_3,1,MOVING_TO_FIELD,Field_3,1,MOVING_TO_FIELD,Field_6,1,PROTECTING,Field_7,1,PROTECTING,Field_6,1,MOVING_TO_FIELD,Field_10,1,IDLE,,1,IDLE,,1,MOVING_TO_FIELD,Field_4,1,PROTECTING,Field_4,1,MOVING_TO_FIELD,Field_6,1,MOVING_TO_FIELD,Field_10,1,PROTECTING,Field_10,1,PROTECTING,Field_14,1,IDLE,,1,IDLE,,1,PROTECTING,Field_7,1,IDLE,,1,PROTECTING,Field_7,1,PROTECTING,Field_9,1,IDLE,,1,PROTECTING,Field_7,1,PROTECTING,Field_9,1,PROTECTING,Field_14,1,IDLE,,1,IDLE,,1,IDLE,,1,IDLE,,1,IDLE,,1,IDLE,,1,IDLE,,1,IDLE,,1,IDLE,,1,PROTECTING,Field_14,1,PROTECTING,Field_14,1,PROTECTING,Field_10,1,PROTECTING,Field_14,19,0.12,0,0,4,37,0.01,0,0,2,9,0.06,2,1,2,18,0.14,1,3,3,38,0.06,0,0,2,32,0.21,1,2,3,40,0.03,4,0,-1,24,0.10,0,0,2,41,0.03,2,0,1,42,0.04,2,2,4,23,0.09,0,0,4,29,0.03,0,0,1,13,0.05,0,0,2,67,0.01,5,0,1,41,0.16,0,0,6,20,0.16,0,0,2,53,0.07,0,0,2,50,0.17,0,0,1,0,0.11,0,0,2,4,0.12,0,0,3
156,602,15,0,17,0,8,0,1,PROTECTING,Field_3,1,MOVING_TO_FIELD,Field_4,1,MOVING_TO_FIELD,Field_4,1,PROTECTING,Field_3,1,MOVING_TO_FIELD,Field_3,1,MOVING_TO_FIELD,Field_6,1,PROTECTING,Field_7,1,PROTECTING,Field_6,1,MOVING_TO_FIELD,Field_10,1,IDLE,,1,IDLE,,1,MOVING_TO_FIELD,Field_4,1,PROTECTING,Field_4,1,MOVING_TO_FIELD,Field_6,1,MOVING_TO_FIELD,Field_10,1,PROTECTING,Field_10,1,PROTECTING,Field_14,1,IDLE,,1,IDLE,,1,PROTECTING,Field_7,1,IDLE,,1,PROTECTING,Field_7,1,PROTECTING,Field_9,1,IDLE,,1,PROTECTING,Field_7,1,PROTECTING,Field_9,1,PROTECTING,Field_14,1,IDLE,,1,IDLE,,1,IDLE,,1,IDLE,,1,IDLE,,1,IDLE,,1,IDLE,,1,IDLE,,1,IDLE,,1,PROTECTING,Field_14,1,PROTECTING,Field_14,1,PROTECTING,Field_10,1,PROTECTING,Field_14,20,0.13,0,0,4,37,0.01,0,0,2,9,0.06,2,1,2,18,0.14,1,3,3,38,0.06,0,0,2,32,0.20,1,2,3,40,0.03,4,0,-1,24,0.10,0,0,2,41,0.03,2,0,1,42,0.04,2,2,4,23,0.11,0,0,4,29,0.03,0,0,1,13,0.05,0,0,2,67,0.01,5,0,1,41,0.16,0,0,6,21,0.17,0,0,2,53,0.05,0,0,2,50,0.15,0,0,1,0,0.13,0,0,2,4,0.12,0,0,3
157,604,15,0,17,0,8,0,1,PROTECTING,Field_3,1,MOVING_TO_FIELD,Field_4,1,MOVING_TO_FIELD,Field_4,1,PROTECTING,Field_3,1,MOVING_TO_FIELD,Field_3,1,MOVING_TO_FIELD,Field_6,1,PROTECTING,Field_7,1,PROTECTING,Field_6,1,MOVING_TO_FIELD,Field_10,1,IDLE,,1,IDLE,,1,MOVING_TO_FIELD,Field_4,1,PROTECTING,Field_4,1,MOVING_TO_FIELD,Field_6,1,MOVING_TO_FIELD,Field_10,1,PROTECTING,Field_10,1,PROTECTING,Field_14,1,IDLE,,1,IDLE,,1,PROTECTING,Field_7,1,IDLE,,1,PROTECTING,Field_7,1,PROTECTING,Field_9,1,IDLE,,1,PROTECTING,Field_7,1,PROTECTING,Field_9,1,PROTECTING,Field_14,1,IDLE,,1,IDLE,,1,IDLE,,1,IDLE,,1,IDLE,,1,IDLE,,1,IDLE,,1,IDLE,,1,IDLE,,1,PROTECTING,Field_14,1,PROTECTING,Field_14,1,PROTECTING,Field_10,1,PROTECTING,Field_14,21,0.13,0,0,4,37,0.01,0,0,2,9,0.06,2,1,2,18,0.14,1,3,3,38,0.07,0,0,2,32,0.20,1,2,3,40,0.02,4,0,-1,24,0.10,0,0,2,41,0.03,2,0,1,42,0.05,2,2,4,24,0.11,0,0,4,29,0.03,0,0,1,13,0.05,0,0,2,67,0.00,5,0,1,41,0.15,0,0,6,21,0.17,0,0,2,53,0.05,0,0,2,50,0.13,0,0,1,0,0.13,0,0,2,4,0.12,0,0,3
158,605,15,0,17,0,8,0,1,PROTECTING,Field_3,1,MOVING_TO_FIELD,Field_4,1,MOVING_TO_FIELD,Field_4,1,PROTECTING,Field_3,1,MOVING_TO_FIELD,Field_3,1,MOVING_TO_FIELD,Field_6,1,PROTECTING,Field_7,1,PROTECTING,Field_6,1,MOVING_TO_FIELD,Field_10,1,IDLE,,1,IDLE,,1,MOVING_TO_FIELD,Field_4,1,PROTECTING,Field_4,1,MOVING_TO_FIELD,Field_6,1,MOVING_TO_FIELD,Field_10,1,PROTECTING,Field_10,1,PROTECTING,Field_14,1,IDLE,,1,IDLE,,1,PROTECTING,Field_7,1,IDLE,,1,PROTECTING,Field_7,1,PROTECTING,Field_9,1,IDLE,,1,PROTECTING,Field_7,1,PROTECTING,Field_9,1,PROTECTING,Field_14,1,IDLE,,1,IDLE,,1,IDLE,,1,IDLE,,1,IDLE,,1,IDLE,,1,IDLE,,1,IDLE,,1,IDLE,,1,PROTECTING,Field_14,1,PROTECTING,Field_14,1,PROTECTING,Field_10,1,PROTECTING,Field_14,21,0.14,0,0,4,37,0.01,0,0,2,9,0.07,2,1,2,18,0.13,1,3,3,38,0.07,0,0,2,32,0.20,1,2,3,40,0.02,4,0,-1,24,0.10,0,0,2,41,0.03,2,0,1,42,0.05,2,2,4,24,0.12,0,0,4,29,0.03,0,0,1,13,0.05,0,0,2,67,0.00,5,0,1,41,0.14,0,0,6,21,0.16,0,0,2,53,0.07,0,0,2,51,0.11,0,0,1,0,0.13,0,0,2,4,0.12,0,0,3
159,606,15,0,18,0,7,0,1,PROTECTING,Field_3,1,MOVING_TO_FIELD,Field_4,1,MOVING_TO_FIELD,Field_4,1,PROTECTING,Field_3,1,MOVING_TO_FIELD,Field_3,1,PROTECTING,Field_6,1,PROTECTING,Field_7,1,PROTECTING,Field_6,1,MOVING_TO_FIELD,Field_10,1,IDLE,,1,IDLE,,1,MOVING_TO_FIELD,Field_4,1,PROTECTING,Field_4,1,MOVING_TO_FIELD,Field_6,1,MOVING_TO_FIELD,Field_10,1,PROTECTING,Field_10,1,PROTECTING,Field_14,1,IDLE,,1,IDLE,,1,PROTECTING,Field_7,1,IDLE,,1,PROTECTING,Field_7,1,PROTECTING,Field_9,1,IDLE,,1,PROTECTING,Field_7,1,PROTECTING,Field_9,1,PROTECTING,Field_14,1,IDLE,,1,IDLE,,1,IDLE,,1,IDLE,,1,IDLE,,1,IDLE,,1,IDLE,,1,IDLE,,1,IDLE,,1,PROTECTING,Field_14,1,PROTECTING,Field_14,1,PROTECTING,Field_10,1,PROTECTING,Field_14,21,0.13,0,0,4,37,0.01,0,0,2,9,0.06,2,1,2,18,0.13,1,3,3,38,0.10,0,0,2,32,0.20,2,1,2,40,0.01,4,0,-1,25,0.11,0,0,2,41,0.04,2,0,1,42,0.04,2,2,4,24,0.12,0,0,4,29,0.03,0,0,1,13,0.07,0,0,2,67,0.00,5,0,1,41,0.14,0,0,6,21,0.15,0,0,2,53,0.07,0,0,2,51,0.11,0,0,1,0,0.13,0,0,2,4,0.08,0,0,3
160,607,15,0,18,0,7,0,1,PROTECTING,Field_3,1,MOVING_TO_FIELD,Field_4,1,MOVING_TO_FIELD,Field_4,1,PROTECTING,Field_3,1,MOVING_TO_FIELD,Field_3,1,PROTECTING,Field_6,1,PROTECTING,Field_7,1,PROTECTING,Field_6,1,MOVING_TO_FIELD,Field_10,1,IDLE,,1,IDLE,,1,MOVING_TO_FIELD,Field_4,1,PROTECTING,Field_4,1,MOVING_TO_FIELD,Field_6,1,MOVING_TO_FIELD,Field_10,1,PROTECTING,Field_10,1,PROTECTING,Field_14,1,IDLE,,1,IDLE,,1,PROTECTING,Field_7,1,IDLE,,1,PROTECTING,Field_7,1,PROTECTING,Field_9,1,IDLE,,1,PROTECTING,Field_7,1,PROTECTING,Field_9,1,PROTECTING,Field_14,1,IDLE,,1,IDLE,,1,IDLE,,1,IDLE,,1,IDLE,,1,IDLE,,1,IDLE,,1,IDLE,,1,IDLE,,1,PROTECTING,Field_14,1,PROTECTING,Field_14,1,PROTECTING,Field_10,1,PROTECTING,Field_14,21,0.13,0,0,4,37,0.00,0,0,2,9,0.10,2,1,2,18,0.13,1,3,3,38,0.10,0,0,2,32,0.21,2,1,2,40,0.01,4,0,-1,25,0.11,0,0,2,41,0.04,2,0,1,42,0.04,2,2,4,24,0.12,0,0,4,29,0.00,0,0,1,13,0.07,0,0,2,67,0.00,5,0,1,41,0.16,0,0,6,21,0.15,0,0,2,54,0.07,0,0,2,51,0.11,0,0,1,0,0.13,0,0,2,4,0.08,0,0,3
161,608,15,0,19,0,6,0,1,PROTECTING,Field_3,1,MOVING_TO_FIELD,Field_4,1,MOVING_TO_FIELD,Field_4,1,PROTECTING,Field_3,1,MOVING_TO_FIELD,Field_3,1,PROTECTING,Field_6,1,PROTECTING,Field_7,1,PROTECTING,Field_6,1,PROTECTING,Field_10,1,IDLE,,1,IDLE,,1,MOVING_TO_FIELD,Field_4,1,PROTECTING,Field_4,1,MOVING_TO_FIELD,Field_6,1,MOVING_TO_FIELD,Field_10,1,PROTECTING,Field_10,1,PROTECTING,Field_14,1,IDLE,,1,IDLE,,1,PROTECTING,Field_7,1,IDLE,,1,PROTECTING,Field_7,1,PROTECTING,Field_9,1,IDLE,,1,PROTECTING,Field_7,1,PROTECTING,Field_9,1,PROTECTING,Field_14,1,IDLE,,1,IDLE,,1,IDLE,,1,IDLE,,1,IDLE,,1,IDLE,,1,IDLE,,1,IDLE,,1,IDLE,,1,PROTECTING,Field_14,1,PROTECTING,Field_14,1,PROTECTING,Field_10,1,PROTECTING,Field_14,22,0.13,0,0,4,37,0.00,0,0,2,9,0.10,2,1,2,18,0.13,1,3,3,38,0.10,0,0,2,32,0.22,2,1,2,40,0.02,4,0,-1,25,0.11,0,0,2,41,0.04,2,0,1,42,0.03,3,1,3,24,0.12,0,0,4,29,0.00,0,0,1,13,0.07,0,0,2,67,0.00,5,0,1,41,0.16,0,0,6,21,0.15,0,0,2,54,0.07,0,0,2,51,0.11,0,0,1,0,0.13,0,0,2,4,0.08,0,0,3
162,611,15,0,20,0,5,0,1,PROTECTING,Field_3,1,PROTECTING,Field_4,1,MOVING_TO_FIELD,Field_4,1,PROTECTING,Field_3,1,MOVING_TO_FIELD,Field_3,1,PROTECTING,Field_6,1,PROTECTING,Field_7,1,PROTECTING,Field_6,1,PROTECTING,Field_10,1,IDLE,,1,IDLE,,1,MOVING_TO_FIELD,Field_4,1,PROTECTING,Field_4,1,MOVING_TO_FIELD,Field_6,1,MOVING_TO_FIELD,Field_10,1,PROTECTING,Field_10,1,PROTECTING,Field_14,1,IDLE,,1,IDLE,,1,PROTECTING,Field_7,1,IDLE,,1,PROTECTING,Field_7,1,PROTECTING,Field_9,1,IDLE,,1,PROTECTING,Field_7,1,PROTECTING,Field_9,1,PROTECTING,Field_14,1,IDLE,,1,IDLE,,1,IDLE,,1,IDLE,,1,IDLE,,1,IDLE,,1,IDLE,,1,IDLE,,1,IDLE,,1,PROTECTING,Field_14,1,PROTECTING,Field_14,1,PROTECTING,Field_10,1,PROTECTING,Field_14,22,0.12,0,0,4,37,0.00,0,0,2,9,0.10,2,1,2,18,0.16,2,2,2,39,0.11,0,0,2,32,0.21,2,1,2,40,0.02,4,0,-1,25,0.10,0,0,2,41,0.04,2,0,1,42,0.03,3,1,3,24,0.12,0,0,4,29,0.00,0,0,1,13,0.07,0,0,2,67,0.00,5,0,1,41,0.16,0,0,6,21,0.12,0,0,2,54,0.07,0,0,2,52,0.13,0,0,1,1,0.13,0,0,2,4,0.08,0,0,3
163,614,15,0,21,0,4,0,1,PROTECTING,Field_3,1,PROTECTING,Field_4,1,MOVING_TO_FIELD,Field_4,1,PROTECTING,Field_3,1,MOVING_TO_FIELD,Field_3,1,PROTECTING,Field_6,1,PROTECTING,Field_7,1,PROTECTING,Field_6,1,PROTECTING,Field_10,1,IDLE,,1,IDLE,,1,PROTECTING,Field_4,1,PROTECTING,Field_4,1,MOVING_TO_FIELD,Field_6,1,MOVING_TO_FIELD,Field_10,1,PROTECTING,Field_10,1,PROTECTING,Field_14,1,IDLE,,1,IDLE,,1,PROTECTING,Field_7,1,IDLE,,1,PROTECTING,Field_7,1,PROTECTING,Field_9,1,IDLE,,1,PROTECTING,Field_7,1,PROTECTING,Field_9,1,PROTECTING,Field_14,1,IDLE,,1,IDLE,,1,IDLE,,1,IDLE,,1,IDLE,,1,IDLE,,1,IDLE,,1,IDLE,,1,IDLE,,1,PROTECTING,Field_14,1,PROTECTING,Field_14,1,PROTECTING,Field_10,1,PROTECTING,Field_14,22,0.12,0,0,4,37,0.00,0,0,2,9,0.11,2,1,2,18,0.16,3,1,1,40,0.11,0,0,2,32,0.21,2,1,2,40,0.02,4,0,-1,25,0.09,0,0,2,41,0.04,2,0,1,42,0.03,3,1,3,24,0.12,0,0,4,29,0.00,0,0,1,14,0.07,0,0,2,67,0.00,5,0,1,41,0.17,0,0,6,21,0.14,0,0,2,54,0.07,0,0,2,53,0.15,0,0,1,1,0.10,0,0,2,4,0.08,0,0,3
164,615,15,0,21,0,4,0,1,PROTECTING,Field_3,1,PROTECTING,Field_4,1,MOVING_TO_FIELD,Field_4,1,PROTECTING,Field_3,1,MOVING_TO_FIELD,Field_3,1,PROTECTING,Field_6,1,PROTECTING,Field_7,1,PROTECTING,Field_6,1,PROTECTING,Field_10,1,IDLE,,1,IDLE,,1,PROTECTING,Field_4,1,PROTECTING,Field_4,1,MOVING_TO_FIELD,Field_6,1,MOVING_TO_FIELD,Field_10,1,PROTECTING,Field_10,1,PROTECTING,Field_14,1,IDLE,,1,IDLE,,1,PROTECTING,Field_7,1,IDLE,,1,PROTECTING,Field_7,1,PROTECTING,Field_9,1,IDLE,,1,PROTECTING,Field_7,1,PROTECTING,Field_9,1,PROTECTING,Field_14,1,IDLE,,1,IDLE,,1,IDLE,,1,IDLE,,1,IDLE,,1,IDLE,,1,IDLE,,1,IDLE,,1,IDLE,,1,PROTECTING,Field_14,1,PROTECTING,Field_14,1,PROTECTING,Field_10,1,PROTECTING,Field_14,23,0.11,0,0,4,37,0.00,0,0,2,9,0.11,2,1,2,18,0.16,3,1,1,40,0.11,0,0,2,32,0.21,2,1,2,40,0.02,4,0,-1,25,0.10,0,0,2,41,0.04,2,0,1,42,0.03,3,1,3,24,0.12,0,0,4,29,0.00,0,0,1,14,0.07,0,0,2,67,0.00,5,0,1,41,0.17,0,0,6,21,0.11,0,0,2,54,0.11,0,0,2,53,0.15,0,0,1,1,0.06,0,0,2,4,0.06,0,0,3
165,615,15,0,22,0,3,0,1,PROTECTING,Field_3,1,PROTECTING,Field_4,1,MOVING_TO_FIELD,Field_4,1,PROTECTING,Field_3,1,MOVING_TO_FIELD,Field_3,1,PROTECTING,Field_6,1,PROTECTING,Field_7,1,PROTECTING,Field_6,1,PROTECTING,Field_10,1,IDLE,,1,IDLE,,1,PROTECTING,Field_4,1,PROTECTING,Field_4,1,MOVING_TO_FIELD,Field_6,1,PROTECTING,Field_10,1,PROTECTING,Field_10,1,PROTECTING,Field_14,1,IDLE,,1,IDLE,,1,PROTECTING,Field_7,1,IDLE,,1,PROTECTING,Field_7,1,PROTECTING,Field_9,1,IDLE,,1,PROTECTING,Field_7,1,PROTECTING,Field_9,1,PROTECTING,Field_14,1,IDLE,,1,IDLE,,1,IDLE,,1,IDLE,,1,IDLE,,1,IDLE,,1,IDLE,,1,IDLE,,1,IDLE,,1,PROTECTING,Field_14,1,PROTECTING,Field_14,1,PROTECTING,Field_10,1,PROTECTING,Field_14,23,0.11,0,0,4,37,0.01,0,0,2,9,0.10,2,1,2,18,0.14,3,1,1,40,0.11,0,0,2,32,0.20,2,1,2,40,0.01,4,0,-1,25,0.09,0,0,2,41,0.04,2,0,1,42,0.04,4,0,2,24,0.11,0,0,4,29,0.00,0,0,1,14,0.07,0,0,2,67,0.00,5,0,1,41,0.17,0,0,6,21,0.14,0,0,2,54,0.15,0,0,2,53,0.15,0,0,1,1,0.06,0,0,2,4,0.06,0,0,3
166,618,15,0,22,0,3,0,1,PROTECTING,Field_3,1,PROTECTING,Field_4,1,MOVING_TO_FIELD,Field_4,1,PROTECTING,Field_3,1,MOVING_TO_FIELD,Field_3,1,PROTECTING,Field_6,1,PROTECTING,Field_7,1,PROTECTING,Field_6,1,PROTECTING,Field_10,1,IDLE,,1,IDLE,,1,PROTECTING,Field_4,1,PROTECTING,Field_4,1,MOVING_TO_FIELD,Field_6,1,PROTECTING,Field_10,1,PROTECTING,Field_10,1,PROTECTING,Field_14,1,IDLE,,1,IDLE,,1,PROTECTING,Field_7,1,IDLE,,1,PROTECTING,Field_7,1,PROTECTING,Field_9,1,IDLE,,1,PROTECTING,Field_7,1,PROTECTING,Field_9,1,PROTECTING,Field_14,1,IDLE,,1,IDLE,,1,IDLE,,1,IDLE,,1,IDLE,,1,IDLE,,1,IDLE,,1,IDLE,,1,IDLE,,1,PROTECTING,Field_14,1,PROTECTING,Field_14,1,PROTECTING,Field_10,1,PROTECTING,Field_14,23,0.11,0,0,4,37,0.01,0,0,2,9,0.11,2,1,2,18,0.16,3,1,1,40,0.10,0,0,2,34,0.18,2,1,2,40,0.01,4,0,-1,25,0.11,0,0,2,41,0.03,2,0,1,42,0.06,4,0,2,24,0.12,0,0,4,29,0.00,0,0,1,14,0.07,0,0,2,67,0.00,5,0,1,41,0.16,0,0,6,21,0.14,0,0,2,54,0.13,0,0,2,54,0.19,0,0,1,1,0.05,0,0,2,4,0.06,0,0,3
167,619,15,0,23,0,2,0,1,PROTECTING,Field_3,1,PROTECTING,Field_4,1,PROTECTING,Field_4,1,PROTECTING,Field_3,1,MOVING_TO_FIELD,Field_3,1,PROTECTING,Field_6,1,PROTECTING,Field_7,1,PROTECTING,Field_6,1,PROTECTING,Field_10,1,IDLE,,1,IDLE,,1,PROTECTING,Field_4,1,PROTECTING,Field_4,1,MOVING_TO_FIELD,Field_6,1,PROTECTING,Field_10,1,PROTECTING,Field_10,1,PROTECTING,Field_14,1,IDLE,,1,IDLE,,1,PROTECTING,Field_7,1,IDLE,,1,PROTECTING,Field_7,1,PROTECTING,Field_9,1,IDLE,,1,PROTECTING,Field_7,1,PROTECTING,Field_9,1,PROTECTING,Field_14,1,IDLE,,1,IDLE,,1,IDLE,,1,IDLE,,1,IDLE,,1,IDLE,,1,IDLE,,1,IDLE,,1,IDLE,,1,PROTECTING,Field_14,1,PROTECTING,Field_14,1,PROTECTING,Field_10,1,PROTECTING,Field_14,23,0.11,0,0,4,37,0.02,0,0,2,9,0.11,2,1,2,18,0.17,4,0,0,41,0.10,0,0,2,34,0.18,2,1,2,40,0.01,4,0,-1,25,0.11,0,0,2,41,0.03,2,0,1,42,0.06,4,0,2,24,0.12,0,0,4,29,0.00,0,0,1,14,0.07,0,0,2,67,0.00,5,0,1,41,0.16,0,0,6,21,0.12,0,0,2,54,0.13,0,0,2,54,0.20,0,0,1,1,0.05,0,0,2,4,0.04,0,0,3
168,623,15,0,24,0,1,0,1,PROTECTING,Field_3,1,PROTECTING,Field_4,1,PROTECTING,Field_4,1,PROTECTING,Field_3,1,PROTECTING,Field_3,1,PROTECTING,Field_6,1,PROTECTING,Field_7,1,PROTECTING,Field_6,1,PROTECTING,Field_10,1,IDLE,,1,IDLE,,1,PROTECTING,Field_4,1,PROTECTING,Field_4,1,MOVING_TO_FIELD,Field_6,1,PROTECTING,Field_10,1,PROTECTING,Field_10,1,PROTECTING,Field_14,1,IDLE,,1,IDLE,,1,PROTECTING,Field_7,1,IDLE,,1,PROTECTING,Field_7,1,PROTECTING,Field_9,1,IDLE,,1,PROTECTING,Field_7,1,PROTECTING,Field_9,1,PROTECTING,Field_14,1,IDLE,,1,IDLE,,1,IDLE,,1,IDLE,,1,IDLE,,1,IDLE,,1,IDLE,,1,IDLE,,1,IDLE,,1,PROTECTING,Field_14,1,PROTECTING,Field_14,1,PROTECTING,Field_10,1,PROTECTING,Field_14,24,0.11,0,0,4,37,0.02,0,0,2,9,0.11,3,0,1,18,0.14,4,0,0,41,0.10,0,0,2,34,0.18,2,1,2,40,0.01,4,0,-1,25,0.13,0,0,2,41,0.04,2,0,1,42,0.07,4,0,2,24,0.12,0,0,4,29,0.00,0,0,1,14,0.07,0,0,2,67,0.00,5,0,1,43,0.16,0,0,6,21,0.12,0,0,2,54,0.13,0,0,2,55,0.22,0,0,1,1,0.05,0,0,2,4,0.06,0,0,3
169,626,15,0,24,0,1,0,1,PROTECTING,Field_3,1,PROTECTING,Field_4,1,PROTECTING,Field_4,1,PROTECTING,Field_3,1,PROTECTING,Field_3,1,PROTECTING,Field_6,1,PROTECTING,Field_7,1,PROTECTING,Field_6,1,PROTECTING,Field_10,1,IDLE,,1,IDLE,,1,PROTECTING,Field_4,1,PROTECTING,Field_4,1,MOVING_TO_FIELD,Field_6,1,PROTECTING,Field_10,1,PROTECTING,Field_10,1,PROTECTING,Field_14,1,IDLE,,1,IDLE,,1,PROTECTING,Field_7,1,IDLE,,1,PROTECTING,Field_7,1,PROTECTING,Field_9,1,IDLE,,1,PROTECTING,Field_7,1,PROTECTING,Field_9,1,PROTECTING,Field_14,1,IDLE,,1,IDLE,,1,IDLE,,1,IDLE,,1,IDLE,,1,IDLE,,1,IDLE,,1,IDLE,,1,IDLE,,1,PROTECTING,Field_14,1,PROTECTING,Field_14,1,PROTECTING,Field_10,1,PROTECTING,Field_14,24,0.10,0,0,4,37,0.03,0,0,2,9,0.11,3,0,1,18,0.11,4,0,0,41,0.09,0,0,2,36,0.18,2,1,2,40,0.01,4,0,-1,25,0.13,0,0,2,41,0.03,2,0,1,42,0.08,4,0,2,24,0.12,0,0,4,29,0.00,0,0,1,14,0.05,0,0,2,67,0.00,5,0,1,43,0.16,0,0,6,21,0.14,0,0,2,55,0.15,0,0,2,55,0.22,0,0,1,1,0.05,0,0,2,4,0.06,0,0,3
170,628,15,0,24,0,1,0,1,PROTECTING,Field_3,1,PROTECTING,Field_4,1,PROTECTING,Field_4,1,PROTECTING,Field_3,1,PROTECTING,Field_3,1,PROTECTING,Field_6,1,PROTECTING,Field_7,1,PROTECTING,Field_6,1,PROTECTING,Field_10,1,IDLE,,1,IDLE,,1,PROTECTING,Field_4,1,PROTECTING,Field_4,1,MOVING_TO_FIELD,Field_6,1,PROTECTING,Field_10,1,PROTECTING,Field_10,1,PROTECTING,Field_14,1,IDLE,,1,IDLE,,1,PROTECTING,Field_7,1,IDLE,,1,PROTECTING,Field_7,1,PROTECTING,Field_9,1,IDLE,,1,PROTECTING,Field_7,1,PROTECTING,Field_9,1,PROTECTING,Field_14,1,IDLE,,1,IDLE,,1,IDLE,,1,IDLE,,1,IDLE,,1,IDLE,,1,IDLE,,1,IDLE,,1,IDLE,,1,PROTECTING,Field_14,1,PROTECTING,Field_14,1,PROTECTING,Field_10,1,PROTECTING,Field_14,24,0.09,0,0,4,37,0.03,0,0,2,9,0.10,3,0,1,18,0.11,4,0,0,41,0.09,0,0,2,36,0.21,2,1,2,40,0.01,4,0,-1,25,0.14,0,0,2,41,0.03,2,0,1,42,0.08,4,0,2,24,0.12,0,0,4,29,0.00,0,0,1,14,0.05,0,0,2,67,0.00,5,0,1,43,0.17,0,0,6,22,0.12,0,0,2,55,0.15,0,0,2,56,0.20,0,0,1,1,0.05,0,0,2,4,0.06,0,0,3
171,631,15,0,21,0,4,0,1,PROTECTING,Field_3,1,PROTECTING,Field_4,1,PROTECTING,Field_4,1,PROTECTING,Field_3,1,PROTECTING,Field_3,1,PROTECTING,Field_6,1,PROTECTING,Field_7,1,PROTECTING,Field_6,1,PROTECTING,Field_10,1,IDLE,,1,IDLE,,1,PROTECTING,Field_4,1,PROTECTING,Field_4,1,MOVING_TO_FIELD,Field_6,1,PROTECTING,Field_10,1,PROTECTING,Field_10,1,MOVING_TO_FIELD,Field_15,1,IDLE,,1,IDLE,,1,PROTECTING,Field_7,1,IDLE,,1,PROTECTING,Field_7,1,PROTECTING,Field_9,1,IDLE,,1,PROTECTING,Field_7,1,PROTECTING,Field_9,1,MOVING_TO_FIELD,Field_15,1,IDLE,,1,IDLE,,1,IDLE,,1,IDLE,,1,IDLE,,1,IDLE,,1,IDLE,,1,IDLE,,1,IDLE,,1,PROTECTING,Field_14,1,PROTECTING,Field_14,1,PROTECTING,Field_10,1,MOVING_TO_FIELD,Field_15,24,0.09,0,0,4,37,0.03,0,0,2,9,0.10,3,0,1,18,0.11,4,0,0,41,0.09,0,0,2,36,0.22,2,1,2,40,0.00,4,0,-1,25,0.14,0,0,2,41,0.04,2,0,1,42,0.07,4,0,2,24,0.11,0,0,4,29,0.00,0,0,1,14,0.05,0,0,2,67,0.01,2,0,4,43,0.16,0,3,6,23,0.14,0,0,2,56,0.15,0,0,2,57,0.20,0,0,1,1,0.06,0,0,2,4,0.06,0,0,3
172,635,15,0,21,0,4,0,1,PROTECTING,Field_3,1,PROTECTING,Field_4,1,PROTECTING,Field_4,1,PROTECTING,Field_3,1,PROTECTING,Field_3,1,PROTECTING,Field_6,1,PROTECTING,Field_7,1,PROTECTING,Field_6,1,PROTECTING,Field_10,1,IDLE,,1,IDLE,,1,PROTECTING,Field_4,1,PROTECTING,Field_4,1,MOVING_TO_FIELD,Field_6,1,PROTECTING,Field_10,1,PROTECTING,Field_10,1,MOVING_TO_FIELD,Field_15,1,IDLE,,1,IDLE,,1,PROTECTING,Field_7,1,IDLE,,1,PROTECTING,Field_7,1,PROTECTING,Field_9,1,IDLE,,1,PROTECTING,Field_7,1,PROTECTING,Field_9,1,MOVING_TO_FIELD,Field_15,1,IDLE,,1,IDLE,,1,IDLE,,1,IDLE,,1,IDLE,,1,IDLE,,1,IDLE,,1,IDLE,,1,IDLE,,1,PROTECTING,Field_14,1,PROTECTING,Field_14,1,PROTECTING,Field_10,1,MOVING_TO_FIELD,Field_15,24,0.09,0,0,4,37,0.03,0,0,2,9,0.10,3,0,1,18,0.11,4,0,0,41,0.09,0,0,2,36,0.21,2,1,2,40,0.00,4,0,-1,26,0.14,0,0,2,41,0.04,2,0,1,42,0.07,4,0,2,24,0.11,0,0,4,29,0.00,0,0,1,14,0.05,0,0,2,67,0.01,2,0,4,43,0.17,0,3,6,24,0.14,0,0,2,56,0.15,0,0,2,59,0.19,0,0,1,1,0.08,0,0,2,4,0.06,0,0,3
173,636,15,0,22,0,3,0,1,PROTECTING,Field_3,1,PROTECTING,Field_4,1,PROTECTING,Field_4,1,PROTECTING,Field_3,1,PROTECTING,Field_3,1,PROTECTING,Field_6,1,PROTECTING,Field_7,1,PROTECTING,Field_6,1,PROTECTING,Field_10,1,IDLE,,1,IDLE,,1,PROTECTING,Field_4,1,PROTECTING,Field_4,1,PROTECTING,Field_6,1,PROTECTING,Field_10,1,PROTECTING,Field_10,1,MOVING_TO_FIELD,Field_15,1,IDLE,,1,IDLE,,1,PROTECTING,Field_7,1,IDLE,,1,PROTECTING,Field_7,1,PROTECTING,Field_9,1,IDLE,,1,PROTECTING,Field_7,1,PROTECTING,Field_9,1,MOVING_TO_FIELD,Field_15,1,IDLE,,1,IDLE,,1,IDLE,,1,IDLE,,1,IDLE,,1,IDLE,,1,IDLE,,1,IDLE,,1,IDLE,,1,PROTECTING,Field_14,1,PROTECTING,Field_14,1,PROTECTING,Field_10,1,MOVING_TO_FIELD,Field_15,24,0.08,0,0,4,37,0.04,0,0,2,9,0.10,3,0,1,18,0.11,4,0,0,41,0.09,0,0,2,37,0.20,3,0,1,40,0.00,4,0,-1,26,0.13,0,0,2,41,0.03,2,0,1,42,0.07,4,0,2,24,0.12,0,0,4,29,0.00,0,0,1,14,0.05,0,0,2,67,0.01,2,0,4,43,0.17,0,3,6,24,0.10,0,0,2,56,0.13,0,0,2,59,0.19,0,0,1,1,0.06,0,0,2,4,0.06,0,0,3
174,637,15,0,22,0,3,0,1,PROTECTING,Field_3,1,PROTECTING,Field_4,1,PROTECTING,Field_4,1,PROTECTING,Field_3,1,PROTECTING,Field_3,1,PROTECTING,Field_6,1,PROTECTING,Field_7,1,PROTECTING,Field_6,1,PROTECTING,Field_10,1,IDLE,,1,IDLE,,1,PROTECTING,Field_4,1,PROTECTING,Field_4,1,PROTECTING,Field_6,1,PROTECTING,Field_10,1,PROTECTING,Field_10,1,MOVING_TO_FIELD,Field_15,1,IDLE,,1,IDLE,,1,PROTECTING,Field_7,1,IDLE,,1,PROTECTING,Field_7,1,PROTECTING,Field_9,1,IDLE,,1,PROTECTING,Field_7,1,PROTECTING,Field_9,1,MOVING_TO_FIELD,Field_15,1,IDLE,,1,IDLE,,1,IDLE,,1,IDLE,,1,IDLE,,1,IDLE,,1,IDLE,,1,IDLE,,1,IDLE,,1,PROTECTING,Field_14,1,PROTECTING,Field_14,1,PROTECTING,Field_10,1,MOVING_TO_FIELD,Field_15,24,0.08,0,0,4,37,0.04,0,0,2,9,0.08,3,0,1,18,0.12,4,0,0,41,0.09,0,0,2,37,0.18,3,0,1,40,0.00,4,0,-1,26,0.11,0,0,2,41,0.03,2,0,1,42,0.07,4,0,2,24,0.12,0,0,4,29,0.00,0,0,1,14,0.05,0,0,2,67,0.01,2,0,4,44,0.16,0,3,6,24,0.11,0,0,2,56,0.15,0,0,2,59,0.20,0,0,1,1,0.06,0,0,2,4,0.06,0,0,3
175,640,15,0,22,0,3,0,1,PROTECTING,Field_3,1,PROTECTING,Field_4,1,PROTECTING,Field_4,1,PROTECTING,Field_3,1,PROTECTING,Field_3,1,PROTECTING,Field_6,1,PROTECTING,Field_7,1,PROTECTING,Field_6,1,PROTECTING,Field_10,1,IDLE,,1,IDLE,,1,PROTECTING,Field_4,1,PROTECTING,Field_4,1,PROTECTING,Field_6,1,PROTECTING,Field_10,1,PROTECTING,Field_10,1,MOVING_TO_FIELD,Field_15,1,IDLE,,1,IDLE,,1,PROTECTING,Field_7,1,IDLE,,1,PROTECTING,Field_7,1,PROTECTING,Field_9,1,IDLE,,1,PROTECTING,Field_7,1,PROTECTING,Field_9,1,MOVING_TO_FIELD,Field_15,1,IDLE,,1,IDLE,,1,IDLE,,1,IDLE,,1,IDLE,,1,IDLE,,1,IDLE,,1,IDLE,,1,IDLE,,1,PROTECTING,Field_14,1,PROTECTING,Field_14,1,PROTECTING,Field_10,1,MOVING_TO_FIELD,Field_15,24,0.08,0,0,4,37,0.04,0,0,2,10,0.09,3,0,1,18,0.11,4,0,0,41,0.07,0,0,2,38,0.17,3,0,1,40,0.01,4,0,-1,26,0.10,0,0,2,41,0.03,2,0,1,42,0.07,4,0,2,24,0.12,0,0,4,29,0.00,0,0,1,14,0.07,0,0,2,67,0.01,2,0,4,44,0.16,0,3,6,24,0.10,0,0,2,56,0.16,0,0,2,60,0.20,0,0,1,1,0.08,0,0,2,4,0.06,0,0,3
176,641,15,0,22,0,3,0,1,PROTECTING,Field_3,1,PROTECTING,Field_4,1,PROTECTING,Field_4,1,PROTECTING,Field_3,1,PROTECTING,Field_3,1,PROTECTING,Field_6,1,PROTECTING,Field_7,1,PROTECTING,Field_6,1,PROTECTING,Field_10,1,IDLE,,1,IDLE,,1,PROTECTING,Field_4,1,PROTECTING,Field_4,1,PROTECTING,Field_6,1,PROTECTING,Field_10,1,PROTECTING,Field_10,1,MOVING_TO_FIELD,Field_15,1,IDLE,,1,IDLE,,1,PROTECTING,Field_7,1,IDLE,,1,PROTECTING,Field_7,1,PROTECTING,Field_9,1,IDLE,,1,PROTECTING,Field_7,1,PROTECTING,Field_9,1,MOVING_TO_FIELD,Field_15,1,IDLE,,1,IDLE,,1,IDLE,,1,IDLE,,1,IDLE,,1,IDLE,,1,IDLE,,1,IDLE,,1,IDLE,,1,PROTECTING,Field_14,1,PROTECTING,Field_14,1,PROTECTING,Field_10,1,MOVING_TO_FIELD,Field_15,24,0.08,0,0,4,37,0.04,0,0,2,10,0.10,3,0,1,18,0.10,4,0,0,42,0.07,0,0,2,38,0.17,3,0,1,40,0.01,4,0,-1,26,0.10,0,0,2,41,0.03,2,0,1,42,0.06,4,0,2,24,0.12,0,0,4,29,0.00,0,0,1,14,0.07,0,0,2,67,0.00,2,0,4,44,0.16,0,3,6,24,0.11,0,0,2,56,0.16,0,0,2,60,0.20,0,0,1,1,0.10,0,0,2,4,0.06,0,0,3
177,642,15,0,22,0,3,0,1,PROTECTING,Field_3,1,PROTECTING,Field_4,1,PROTECTING,Field_4,1,PROTECTING,Field_3,1,PROTECTING,Field_3,1,PROTECTING,Field_6,1,PROTECTING,Field_7,1,PROTECTING,Field_6,1,PROTECTING,Field_10,1,IDLE,,1,IDLE,,1,PROTECTING,Field_4,1,PROTECTING,Field_4,1,PROTECTING,Field_6,1,PROTECTING,Field_10,1,PROTECTING,Field_10,1,MOVING_TO_FIELD,Field_15,1,IDLE,,1,IDLE,,1,PROTECTING,Field_7,1,IDLE,,1,PROTECTING,Field_7,1,PROTECTING,Field_9,1,IDLE,,1,PROTECTING,Field_7,1,PROTECTING,Field_9,1,MOVING_TO_FIELD,Field_15,1,IDLE,,1,IDLE,,1,IDLE,,1,IDLE,,1,IDLE,,1,IDLE,,1,IDLE,,1,IDLE,,1,IDLE,,1,PROTECTING,Field_14,1,PROTECTING,Field_14,1,PROTECTING,Field_10,1,MOVING_TO_FIELD,Field_15,24,0.08,0,0,4,37,0.04,0,0,2,10,0.10,3,0,1,18,0.10,4,0,0,42,0.07,0,0,2,38,0.17,3,0,1,40,0.00,4,0,-1,26,0.10,0,0,2,41,0.03,2,0,1,42,0.06,4,0,2,24,0.11,0,0,4,29,0.00,0,0,1,14,0.07,0,0,2,67,0.00,2,0,4,45,0.16,0,3,6,24,0.12,0,0,2,56,0.16,0,0,2,60,0.19,0,0,1,1,0.10,0,0,2,4,0.06,0,0,3
178,644,15,0,22,0,3,0,1,PROTECTING,Field_3,1,PROTECTING,Field_4,1,PROTECTING,Field_4,1,PROTECTING,Field_3,1,PROTECTING,Field_3,1,PROTECTING,Field_6,1,PROTECTING,Field_7,1,PROTECTING,Field_6,1,PROTECTING,Field_10,1,IDLE,,1,IDLE,,1,PROTECTING,Field_4,1,PROTECTING,Field_4,1,PROTECTING,Field_6,1,PROTECTING,Field_10,1,PROTECTING,Field_10,1,MOVING_TO_FIELD,Field_15,1,IDLE,,1,IDLE,,1,PROTECTING,Field_7,1,IDLE,,1,PROTECTING,Field_7,1,PROTECTING,Field_9,1,IDLE,,1,PROTECTING,Field_7,1,PROTECTING,Field_9,1,MOVING_TO_FIELD,Field_15,1,IDLE,,1,IDLE,,1,IDLE,,1,IDLE,,1,IDLE,,1,IDLE,,1,IDLE,,1,IDLE,,1,IDLE,,1,PROTECTING,Field_14,1,PROTECTING,Field_14,1,PROTECTING,Field_10,1,MOVING_TO_FIELD,Field_15,24,0.08,0,0,4,37,0.04,0,0,2,10,0.10,3,0,1,18,0.12,4,0,0,42,0.07,0,0,2,38,0.17,3,0,1,40,0.00,4,0,-1,27,0.11,0,0,2,41,0.02,2,0,1,42,0.06,4,0,2,24,0.11,0,0,4,29,0.00,0,0,1,14,0.09,0,0,2,67,0.00,2,0,4,45,0.16,0,3,6,24,0.11,0,0,2,56,0.13,0,0,2,61,0.20,0,0,1,1,0.10,0,0,2,4,0.06,0,0,3
179,648,15,0,22,0,3,0,1,PROTECTING,Field_3,1,PROTECTING,Field_4,1,PROTECTING,Field_4,1,PROTECTING,Field_3,1,PROTECTING,Field_3,1,PROTECTING,Field_6,1,PROTECTING,Field_7,1,PROTECTING,Field_6,1,PROTECTING,Field_10,1,IDLE,,1,IDLE,,1,PROTECTING,Field_4,1,PROTECTING,Field_4,1,PROTECTING,Field_6,1,PROTECTING,Field_10,1,PROTECTING,Field_10,1,MOVING_TO_FIELD,Field_15,1,IDLE,,1,IDLE,,1,PROTECTING,Field_7,1,IDLE,,1,PROTECTING,Field_7,1,PROTECTING,Field_9,1,IDLE,,1,PROTECTING,Field_7,1,PROTECTING,Field_9,1,MOVING_TO_FIELD,Field_15,1,IDLE,,1,IDLE,,1,IDLE,,1,IDLE,,1,IDLE,,1,IDLE,,1,IDLE,,1,IDLE,,1,IDLE,,1,PROTECTING,Field_14,1,PROTECTING,Field_14,1,PROTECTING,Field_10,1,MOVING_TO_FIELD,Field_15,24,0.08,0,0,4,37,0.04,0,0,2,11,0.12,3,0,1,18,0.12,4,0,0,42,0.07,0,0,2,39,0.17,3,0,1,40,0.00,4,0,-1,27,0.11,0,0,2,41,0.02,2,0,1,42,0.07,4,0,2,24,0.09,0,0,4,29,0.00,0,0,1,14,0.09,0,0,2,67,0.00,2,0,4,46,0.16,0,3,6,24,0.12,0,0,2,56,0.15,0,0,2,61,0.20,0,0,1,2,0.10,0,0,2,4,0.04,0,0,3
180,650,15,0,22,0,3,0,1,PROTECTING,Field_3,1,PROTECTING,Field_4,1,PROTECTING,Field_4,1,PROTECTING,Field_3,1,PROTECTING,Field_3,1,PROTECTING,Field_6,1,PROTECTING,Field_7,1,PROTECTING,Field_6,1,PROTECTING,Field_10,1,IDLE,,1,IDLE,,1,PROTECTING,Field_4,1,PROTECTING,Field_4,1,PROTECTING,Field_6,1,PROTECTING,Field_10,1,PROTECTING,Field_10,1,MOVING_TO_FIELD,Field_15,1,IDLE,,1,IDLE,,1,PROTECTING,Field_7,1,IDLE,,1,PROTECTING,Field_7,1,PROTECTING,Field_9,1,IDLE,,1,PROTECTING,Field_7,1,PROTECTING,Field_9,1,MOVING_TO_FIELD,Field_15,1,IDLE,,1,IDLE,,1,IDLE,,1,IDLE,,1,IDLE,,1,IDLE,,1,IDLE,,1,IDLE,,1,IDLE,,1,PROTECTING,Field_14,1,PROTECTING,Field_14,1,PROTECTING,Field_10,1,MOVING_TO_FIELD,Field_15,24,0.08,0,0,4,37,0.04,0,0,2,11,0.11,3,0,1,18,0.11,4,0,0,42,0.07,0,0,2,41,0.16,3,0,1,40,0.00,4,0,-1,27,0.11,0,0,2,41,0.02,2,0,1,42,0.07,4,0,2,24,0.09,0,0,4,29,0.00,0,0,1,14,0.09,0,0,2,67,0.00,2,0,4,46,0.16,0,3,6,24,0.12,0,0,2,56,0.16,0,0,2,61,0.22,0,0,1,2,0.10,0,0,2,4,0.04,0,0,3
181,653,15,0,22,0,3,0,1,PROTECTING,Field_3,1,PROTECTING,Field_4,1,PROTECTING,Field_4,1,PROTECTING,Field_3,1,PROTECTING,Field_3,1,PROTECTING,Field_6,1,PROTECTING,Field_7,1,PROTECTING,Field_6,1,PROTECTING,Field_10,1,IDLE,,1,IDLE,,1,PROTECTING,Field_4,1,PROTECTING,Field_4,1,PROTECTING,Field_6,1,PROTECTING,Field_10,1,PROTECTING,Field_10,1,MOVING_TO_FIELD,Field_15,1,IDLE,,1,IDLE,,1,PROTECTING,Field_7,1,IDLE,,1,PROTECTING,Field_7,1,PROTECTING,Field_9,1,IDLE,,1,PROTECTING,Field_7,1,PROTECTING,Field_9,1,MOVING_TO_FIELD,Field_15,1,IDLE,,1,IDLE,,1,IDLE,,1,IDLE,,1,IDLE,,1,IDLE,,1,IDLE,,1,IDLE,,1,IDLE,,1,PROTECTING,Field_14,1,PROTECTING,Field_14,1,PROTECTING,Field_10,1,MOVING_TO_FIELD,Field_15,24,0.08,0,0,4,37,0.05,0,0,2,11,0.11,3,0,1,18,0.12,4,0,0,42,0.09,0,0,2,41,0.16,3,0,1,40,0.00,4,0,-1,27,0.11,0,0,2,41,0.02,2,0,1,42,0.07,4,0,2,24,0.09,0,0,4,29,0.00,0,0,1,14,0.09,0,0,2,67,0.00,2,0,4,47,0.16,0,3,6,24,0.14,0,0,2,56,0.16,0,0,2,62,0.19,0,0,1,3,0.10,0,0,2,4,0.04,0,0,3
182,654,15,0,22,0,3,0,1,PROTECTING,Field_3,1,PROTECTING,Field_4,1,PROTECTING,Field_4,1,PROTECTING,Field_3,1,PROTECTING,Field_3,1,PROTECTING,Field_6,1,PROTECTING,Field_7,1,PROTECTING,Field_6,1,PROTECTING,Field_10,1,IDLE,,1,IDLE,,1,PROTECTING,Field_4,1,PROTECTING,Field_4,1,PROTECTING,Field_6,1,PROTECTING,Field_10,1,PROTECTING,Field_10,1,MOVING_TO_FIELD,Field_15,1,IDLE,,1,IDLE,,1,PROTECTING,Field_7,1,IDLE,,1,PROTECTING,Field_7,1,PROTECTING,Field_9,1,IDLE,,1,PROTECTING,Field_7,1,PROTECTING,Field_9,1,MOVING_TO_FIELD,Field_15,1,IDLE,,1,IDLE,,1,IDLE,,1,IDLE,,1,IDLE,,1,IDLE,,1,IDLE,,1,IDLE,,1,IDLE,,1,PROTECTING,Field_14,1,PROTECTING,Field_14,1,PROTECTING,Field_10,1,MOVING_TO_FIELD,Field_15,24,0.08,0,0,4,37,0.04,0,0,2,11,0.09,3,0,1,18,0.12,4,0,0,42,0.10,0,0,2,41,0.17,3,0,1,40,0.00,4,0,-1,27,0.10,0,0,2,41,0.04,2,0,1,42,0.07,4,0,2,24,0.09,0,0,4,29,0.00,0,0,1,14,0.09,0,0,2,67,0.00,2,0,4,48,0.16,0,3,6,24,0.12,0,0,2,56,0.16,0,0,2,62,0.19,0,0,1,3,0.10,0,0,2,4,0.04,0,0,3
183,655,15,0,22,0,3,0,1,PROTECTING,Field_3,1,PROTECTING,Field_4,1,PROTECTING,Field_4,1,PROTECTING,Field_3,1,PROTECTING,Field_3,1,PROTECTING,Field_6,1,PROTECTING,Field_7,1,PROTECTING,Field_6,1,PROTECTING,Field_10,1,IDLE,,1,IDLE,,1,PROTECTING,Field_4,1,PROTECTING,Field_4,1,PROTECTING,Field_6,1,PROTECTING,Field_10,1,PROTECTING,Field_10,1,MOVING_TO_FIELD,Field_15,1,IDLE,,1,IDLE,,1,PROTECTING,Field_7,1,IDLE,,1,PROTECTING,Field_7,1,PROTECTING,Field_9,1,IDLE,,1,PROTECTING,Field_7,1,PROTECTING,Field_9,1,MOVING_TO_FIELD,Field_15,1,IDLE,,1,IDLE,,1,IDLE,,1,IDLE,,1,IDLE,,1,IDLE,,1,IDLE,,1,IDLE,,1,IDLE,,1,PROTECTING,Field_14,1,PROTECTING,Field_14,1,PROTECTING,Field_10,1,MOVING_TO_FIELD,Field_15,24,0.08,0,0,4,37,0.04,0,0,2,11,0.08,3,0,1,18,0.11,4,0,0,43,0.11,0,0,2,41,0.17,3,0,1,40,0.00,4,0,-1,27,0.11,0,0,2,41,0.04,2,0,1,42,0.07,4,0,2,24,0.11,0,0,4,29,0.00,0,0,1,14,0.09,0,0,2,67,0.00,2,0,4,48,0.14,0,3,6,24,0.12,0,0,2,56,0.16,0,0,2,62,0.17,0,0,1,3,0.11,0,0,2,4,0.04,0,0,3
184,661,15,0,22,0,3,0,1,PROTECTING,Field_3,1,PROTECTING,Field_4,1,PROTECTING,Field_4,1,PROTECTING,Field_3,1,PROTECTING,Field_3,1,PROTECTING,Field_6,1,PROTECTING,Field_7,1,PROTECTING,Field_6,1,PROTECTING,Field_10,1,IDLE,,1,IDLE,,1,PROTECTING,Field_4,1,PROTECTING,Field_4,1,PROTECTING,Field_6,1,PROTECTING,Field_10,1,PROTECTING,Field_10,1,MOVING_TO_FIELD,Field_15,1,IDLE,,1,IDLE,,1,PROTECTING,Field_7,1,IDLE,,1,PROTECTING,Field_7,1,PROTECTING,Field_9,1,IDLE,,1,PROTECTING,Field_7,1,PROTECTING,Field_9,1,MOVING_TO_FIELD,Field_15,1,IDLE,,1,IDLE,,1,IDLE,,1,IDLE,,1,IDLE,,1,IDLE,,1,IDLE,,1,IDLE,,1,IDLE,,1,PROTECTING,Field_14,1,PROTECTING,Field_14,1,PROTECTING,Field_10,1,MOVING_TO_FIELD,Field_15,24,0.08,0,0,4,37,0.05,0,0,2,11,0.08,3,0,1,18,0.11,4,0,0,45,0.11,0,0,2,41,0.17,3,0,1,40,0.00,4,0,-1,27,0.10,0,0,2,41,0.04,2,0,1,42,0.08,4,0,2,24,0.11,0,0,4,29,0.00,0,0,1,14,0.09,0,0,2,67,0.00,2,0,4,48,0.13,0,3,6,24,0.12,0,0,2,57,0.15,0,0,2,63,0.17,0,0,1,5,0.11,0,0,2,4,0.06,0,0,3
185,664,15,0,22,0,3,0,1,PROTECTING,Field_3,1,PROTECTING,Field_4,1,PROTECTING,Field_4,1,PROTECTING,Field_3,1,PROTECTING,Field_3,1,PROTECTING,Field_6,1,PROTECTING,Field_7,1,PROTECTING,Field_6,1,PROTECTING,Field_10,1,IDLE,,1,IDLE,,1,PROTECTING,Field_4,1,PROTECTING,Field_4,1,PROTECTING,Field_6,1,PROTECTING,Field_10,1,PROTECTING,Field_10,1,MOVING_TO_FIELD,Field_15,1,IDLE,,1,IDLE,,1,PROTECTING,Field_7,1,IDLE,,1,PROTECTING,Field_7,1,PROTECTING,Field_9,1,IDLE,,1,PROTECTING,Field_7,1,PROTECTING,Field_9,1,MOVING_TO_FIELD,Field_15,1,IDLE,,1,IDLE,,1,IDLE,,1,IDLE,,1,IDLE,,1,IDLE,,1,IDLE,,1,IDLE,,1,IDLE,,1,PROTECTING,Field_14,1,PROTECTING,Field_14,1,PROTECTING,Field_10,1,MOVING_TO_FIELD,Field_15,24,0.08,0,0,4,37,0.05,0,0,2,11,0.09,3,0,1,18,0.07,4,0,0,45,0.11,0,0,2,42,0.17,3,0,1,40,0.00,4,0,-1,27,0.09,0,0,2,41,0.06,2,0,1,42,0.08,4,0,2,24,0.12,0,0,4,29,0.00,0,0,1,15,0.09,0,0,2,67,0.00,2,0,4,48,0.13,0,3,6,24,0.12,0,0,2,57,0.16,0,0,2,64,0.17,0,0,1,5,0.11,0,0,2,4,0.06,0,0,3
186,665,15,0,22,0,3,0,1,PROTECTING,Field_3,1,PROTECTING,Field_4,1,PROTECTING,Field_4,1,PROTECTING,Field_3,1,PROTECTING,Field_3,1,PROTECTING,Field_6,1,PROTECTING,Field_7,1,PROTECTING,Field_6,1,PROTECTING,Field_10,1,IDLE,,1,IDLE,,1,PROTECTING,Field_4,1,PROTECTING,Field_4,1,PROTECTING,Field_6,1,PROTECTING,Field_10,1,PROTECTING,Field_10,1,MOVING_TO_FIELD,Field_15,1,IDLE,,1,IDLE,,1,PROTECTING,Field_7,1,IDLE,,1,PROTECTING,Field_7,1,PROTECTING,Field_9,1,IDLE,,1,PROTECTING,Field_7,1,PROTECTING,Field_9,1,MOVING_TO_FIELD,Field_15,1,IDLE,,1,IDLE,,1,IDLE,,1,IDLE,,1,IDLE,,1,IDLE,,1,IDLE,,1,IDLE,,1,IDLE,,1,PROTECTING,Field_14,1,PROTECTING,Field_14,1,PROTECTING,Field_10,1,MOVING_TO_FIELD,Field_15,24,0.09,0,0,4,37,0.05,0,0,2,11,0.09,3,0,1,18,0.07,4,0,0,45,0.11,0,0,2,42,0.18,3,0,1,40,0.00,4,0,-1,27,0.09,0,0,2,41,0.04,2,0,1,42,0.08,4,0,2,24,0.12,0,0,4,29,0.00,0,0,1,15,0.09,0,0,2,67,0.00,2,0,4,48,0.13,0,3,6,24,0.14,0,0,2,58,0.16,0,0,2,64,0.17,0,0,1,5,0.11,0,0,2,4,0.06,0,0,3
187,665,15,0,22,0,3,0,1,PROTECTING,Field_3,1,PROTECTING,Field_4,1,PROTECTING,Field_4,1,PROTECTING,Field_3,1,PROTECTING,Field_3,1,PROTECTING,Field_6,1,PROTECTING,Field_7,1,PROTECTING,Field_6,1,PROTECTING,Field_10,1,IDLE,,1,IDLE,,1,PROTECTING,Field_4,1,PROTECTING,Field_4,1,PROTECTING,Field_6,1,PROTECTING,Field_10,1,PROTECTING,Field_10,1,MOVING_TO_FIELD,Field_15,1,IDLE,,1,IDLE,,1,PROTECTING,Field_7,1,IDLE,,1,PROTECTING,Field_7,1,PROTECTING,Field_9,1,IDLE,,1,PROTECTING,Field_7,1,PROTECTING,Field_9,1,MOVING_TO_FIELD,Field_15,1,IDLE,,1,IDLE,,1,IDLE,,1,IDLE,,1,IDLE,,1,IDLE,,1,IDLE,,1,IDLE,,1,IDLE,,1,PROTECTING,Field_14,1,PROTECTING,Field_14,1,PROTECTING,Field_10,1,MOVING_TO_FIELD,Field_15,24,0.11,0,0,4,37,0.04,0,0,2,11,0.10,3,0,1,18,0.07,4,0,0,45,0.11,0,0,2,42,0.18,3,0,1,40,0.00,4,0,-1,27,0.09,0,0,2,41,0.04,2,0,1,42,0.08,4,0,2,24,0.12,0,0,4,29,0.00,0,0,1,15,0.07,0,0,2,67,0.00,2,0,4,48,0.13,0,3,6,24,0.14,0,0,2,58,0.16,0,0,2,64,0.15,0,0,1,5,0.10,0,0,2,4,0.08,0,0,3
188,669,15,0,23,0,2,0,1,PROTECTING,Field_3,1,PROTECTING,Field_4,1,PROTECTING,Field_4,1,PROTECTING,Field_3,1,PROTECTING,Field_3,1,PROTECTING,Field_6,1,PROTECTING,Field_7,1,PROTECTING,Field_6,1,PROTECTING,Field_10,1,IDLE,,1,IDLE,,1,PROTECTING,Field_4,1,PROTECTING,Field_4,1,PROTECTING,Field_6,1,PROTECTING,Field_10,1,PROTECTING,Field_10,1,PROTECTING,Field_15,1,IDLE,,1,IDLE,,1,PROTECTING,Field_7,1,IDLE,,1,PROTECTING,Field_7,1,PROTECTING,Field_9,1,IDLE,,1,PROTECTING,Field_7,1,PROTECTING,Field_9,1,MOVING_TO_FIELD,Field_15,1,IDLE,,1,IDLE,,1,IDLE,,1,IDLE,,1,IDLE,,1,IDLE,,1,IDLE,,1,IDLE,,1,IDLE,,1,PROTECTING,Field_14,1,PROTECTING,Field_14,1,PROTECTING,Field_10,1,MOVING_TO_FIELD,Field_15,24,0.10,0,0,4,37,0.04,0,0,2,11,0.10,3,0,1,18,0.06,4,0,0,45,0.11,0,0,2,44,0.18,3,0,1,40,0.00,4,0,-1,27,0.09,0,0,2,41,0.04,2,0,1,42,0.08,4,0,2,25,0.12,0,0,4,29,0.00,0,0,1,15,0.07,0,0,2,67,0.00,2,0,4,48,0.14,1,2,5,24,0.12,0,0,2,58,0.16,0,0,2,65,0.15,0,0,1,5,0.10,0,0,2,4,0.08,0,0,3
189,673,15,0,23,0,2,0,1,PROTECTING,Field_3,1,PROTECTING,Field_4,1,PROTECTING,Field_4,1,PROTECTING,Field_3,1,PROTECTING,Field_3,1,PROTECTING,Field_6,1,PROTECTING,Field_7,1,PROTECTING,Field_6,1,PROTECTING,Field_10,1,IDLE,,1,IDLE,,1,PROTECTING,Field_4,1,PROTECTING,Field_4,1,PROTECTING,Field_6,1,PROTECTING,Field_10,1,PROTECTING,Field_10,1,PROTECTING,Field_15,1,IDLE,,1,IDLE,,1,PROTECTING,Field_7,1,IDLE,,1,PROTECTING,Field_7,1,PROTECTING,Field_9,1,IDLE,,1,PROTECTING,Field_7,1,PROTECTING,Field_9,1,MOVING_TO_FIELD,Field_15,1,IDLE,,1,IDLE,,1,IDLE,,1,IDLE,,1,IDLE,,1,IDLE,,1,IDLE,,1,IDLE,,1,IDLE,,1,PROTECTING,Field_14,1,PROTECTING,Field_14,1,PROTECTING,Field_10,1,MOVING_TO_FIELD,Field_15,24,0.10,0,0,4,37,0.03,0,0,2,11,0.10,3,0,1,18,0.07,4,0,0,45,0.10,0,0,2,44,0.20,3,0,1,40,0.00,4,0,-1,28,0.07,0,0,2,41,0.02,2,0,1,42,0.08,4,0,2,25,0.13,0,0,4,29,0.00,0,0,1,15,0.07,0,0,2,67,0.00,2,0,4,49,0.16,1,2,5,25,0.11,0,0,2,58,0.13,0,0,2,66,0.15,0,0,1,5,0.10,0,0,2,4,0.08,0,0,3
190,676,15,0,24,0,1,0,1,PROTECTING,Field_3,1,PROTECTING,Field_4,1,PROTECTING,Field_4,1,PROTECTING,Field_3,1,PROTECTING,Field_3,1,PROTECTING,Field_6,1,PROTECTING,Field_7,1,PROTECTING,Field_6,1,PROTECTING,Field_10,1,IDLE,,1,IDLE,,1,PROTECTING,Field_4,1,PROTECTING,Field_4,1,PROTECTING,Field_6,1,PROTECTING,Field_10,1,PROTECTING,Field_10,1,PROTECTING,Field_15,1,IDLE,,1,IDLE,,1,PROTECTING,Field_7,1,IDLE,,1,PROTECTING,Field_7,1,PROTECTING,Field_9,1,IDLE,,1,PROTECTING,Field_7,1,PROTECTING,Field_9,1,PROTECTING,Field_15,1,IDLE,,1,IDLE,,1,IDLE,,1,IDLE,,1,IDLE,,1,IDLE,,1,IDLE,,1,IDLE,,1,IDLE,,1,PROTECTING,Field_14,1,PROTECTING,Field_14,1,PROTECTING,Field_10,1,MOVING_TO_FIELD,Field_15,24,0.11,0,0,4,37,0.03,0,0,2,11,0.10,3,0,1,18,0.07,4,0,0,45,0.09,0,0,2,44,0.18,3,0,1,40,0.00,4,0,-1,29,0.07,0,0,2,41,0.03,2,0,1,42,0.08,4,0,2,25,0.14,0,0,4,29,0.00,0,0,1,15,0.07,0,0,2,67,0.00,2,0,4,49,0.15,2,1,4,26,0.09,0,0,2,58,0.13,0,0,2,67,0.15,0,0,1,5,0.10,0,0,2,4,0.10,0,0,3
191,676,16,0,22,0,2,0,1,PROTECTING,Field_3,1,PROTECTING,Field_4,1,PROTECTING,Field_4,1,PROTECTING,Field_3,1,PROTECTING,Field_3,1,PROTECTING,Field_6,1,MOVING_TO_FIELD,Field_6,1,PROTECTING,Field_6,1,PROTECTING,Field_10,1,IDLE,,1,IDLE,,1,PROTECTING,Field_4,1,PROTECTING,Field_4,1,PROTECTING,Field_6,1,PROTECTING,Field_10,1,PROTECTING,Field_10,1,PROTECTING,Field_15,1,IDLE,,1,IDLE,,1,PROTECTING,Field_7,1,IDLE,,1,PROTECTING,Field_7,1,PROTECTING,Field_9,1,IDLE,,1,PROTECTING,Field_7,1,PROTECTING,Field_9,1,IDLE,,1,IDLE,,1,IDLE,,1,IDLE,,1,IDLE,,1,IDLE,,1,IDLE,,1,IDLE,,1,IDLE,,1,IDLE,,1,PROTECTING,Field_14,1,PROTECTING,Field_14,1,PROTECTING,Field_10,1,MOVING_TO_FIELD,Field_15,24,0.11,0,0,4,37,0.03,0,0,2,11,0.10,3,0,1,18,0.07,4,0,0,45,0.09,0,0,2,44,0.18,3,1,1,40,0.00,3,0,0,29,0.07,0,0,2,41,0.03,2,0,1,42,0.08,4,0,2,25,0.14,0,0,4,29,0.03,0,0,1,15,0.07,0,0,2,67,0.01,2,0,4,49,0.16,1,1,5,26,0.10,0,0,2,58,0.13,0,0,2,67,0.13,0,0,1,5,0.08,0,0,2,4,0.10,0,0,3
192,677,16,0,22,0,2,0,1,PROTECTING,Field_3,1,PROTECTING,Field_4,1,PROTECTING,Field_4,1,PROTECTING,Field_3,1,PROTECTING,Field_3,1,PROTECTING,Field_6,1,MOVING_TO_FIELD,Field_6,1,PROTECTING,Field_6,1,PROTECTING,Field_10,1,IDLE,,1,IDLE,,1,PROTECTING,Field_4,1,PROTECTING,Field_4,1,PROTECTING,Field_6,1,PROTECTING,Field_10,1,PROTECTING,Field_10,1,PROTECTING,Field_15,1,IDLE,,1,IDLE,,1,PROTECTING,Field_7,1,IDLE,,1,PROTECTING,Field_7,1,PROTECTING,Field_9,1,IDLE,,1,PROTECTING,Field_7,1,PROTECTING,Field_9,1,IDLE,,1,IDLE,,1,IDLE,,1,IDLE,,1,IDLE,,1,IDLE,,1,IDLE,,1,IDLE,,1,IDLE,,1,IDLE,,1,PROTECTING,Field_14,1,PROTECTING,Field_14,1,PROTECTING,Field_10,1,MOVING_TO_FIELD,Field_15,24,0.12,0,0,4,37,0.03,0,0,2,11,0.11,3,0,1,18,0.07,4,0,0,45,0.09,0,0,2,45,0.18,3,1,1,40,0.00,3,0,0,29,0.07,0,0,2,41,0.03,2,0,1,42,0.08,4,0,2,25,0.14,0,0,4,29,0.03,0,0,1,15,0.07,0,0,2,67,0.01,2,0,4,49,0.17,1,1,5,26,0.10,0,0,2,58,0.11,0,0,2,67,0.15,0,0,1,5,0.08,0,0,2,4,0.10,0,0,3
193,679,16,0,22,0,2,0,1,PROTECTING,Field_3,1,PROTECTING,Field_4,1,PROTECTING,Field_4,1,PROTECTING,Field_3,1,PROTECTING,Field_3,1,PROTECTING,Field_6,1,MOVING_TO_FIELD,Field_6,1,PROTECTING,Field_6,1,PROTECTING,Field_10,1,IDLE,,1,IDLE,,1,PROTECTING,Field_4,1,PROTECTING,Field_4,1,PROTECTING,Field_6,1,PROTECTING,Field_10,1,PROTECTING,Field_10,1,PROTECTING,Field_15,1,IDLE,,1,IDLE,,1,PROTECTING,Field_7,1,IDLE,,1,PROTECTING,Field_7,1,PROTECTING,Field_9,1,IDLE,,1,PROTECTING,Field_7,1,PROTECTING,Field_9,1,IDLE,,1,IDLE,,1,IDLE,,1,IDLE,,1,IDLE,,1,IDLE,,1,IDLE,,1,IDLE,,1,IDLE,,1,IDLE,,1,PROTECTING,Field_14,1,PROTECTING,Field_14,1,PROTECTING,Field_10,1,MOVING_TO_FIELD,Field_15,24,0.12,0,0,4,37,0.03,0,0,2,12,0.11,3,0,1,18,0.06,4,0,0,45,0.09,0,0,2,46,0.18,3,1,1,40,0.00,3,0,0,29,0.07,0,0,2,41,0.03,2,0,1,42,0.08,4,0,2,25,0.14,0,0,4,29,0.03,0,0,1,15,0.07,0,0,2,67,0.01,2,0,4,49,0.17,1,1,5,26,0.11,0,0,2,58,0.11,0,0,2,67,0.13,0,0,1,5,0.08,0,0,2,4,0.10,0,0,3
194,683,16,0,22,0,2,0,1,PROTECTING,Field_3,1,PROTECTING,Field_4,1,PROTECTING,Field_4,1,PROTECTING,Field_3,1,PROTECTING,Field_3,1,PROTECTING,Field_6,1,MOVING_TO_FIELD,Field_6,1,PROTECTING,Field_6,1,PROTECTING,Field_10,1,IDLE,,1,IDLE,,1,PROTECTING,Field_4,1,PROTECTING,Field_4,1,PROTECTING,Field_6,1,PROTECTING,Field_10,1,PROTECTING,Field_10,1,PROTECTING,Field_15,1,IDLE,,1,IDLE,,1,PROTECTING,Field_7,1,IDLE,,1,PROTECTING,Field_7,1,PROTECTING,Field_9,1,IDLE,,1,PROTECTING,Field_7,1,PROTECTING,Field_9,1,IDLE,,1,IDLE,,1,IDLE,,1,IDLE,,1,IDLE,,1,IDLE,,1,IDLE,,1,IDLE,,1,IDLE,,1,IDLE,,1,PROTECTING,Field_14,1,PROTECTING,Field_14,1,PROTECTING,Field_10,1,MOVING_TO_FIELD,Field_15,24,0.12,0,0,4,37,0.02,0,0,2,12,0.11,3,0,1,18,0.07,4,0,0,45,0.09,0,0,2,47,0.17,3,1,1,40,0.00,3,0,0,29,0.07,0,0,2,41,0.02,2,0,1,43,0.08,4,0,2,26,0.14,0,0,4,29,0.03,0,0,1,15,0.09,0,0,2,67,0.01,2,0,4,50,0.17,1,1,5,26,0.10,0,0,2,58,0.10,0,0,2,67,0.11,0,0,1,5,0.08,0,0,2,4,0.10,0,0,3
195,684,16,0,22,0,2,0,1,PROTECTING,Field_3,1,PROTECTING,Field_4,1,PROTECTING,Field_4,1,PROTECTING,Field_3,1,PROTECTING,Field_3,1,PROTECTING,Field_6,1,MOVING_TO_FIELD,Field_6,1,PROTECTING,Field_6,1,PROTECTING,Field_10,1,IDLE,,1,IDLE,,1,PROTECTING,Field_4,1,PROTECTING,Field_4,1,PROTECTING,Field_6,1,PROTECTING,Field_10,1,PROTECTING,Field_10,1,PROTECTING,Field_15,1,IDLE,,1,IDLE,,1,PROTECTING,Field_7,1,IDLE,,1,PROTECTING,Field_7,1,PROTECTING,Field_9,1,IDLE,,1,PROTECTING,Field_7,1,PROTECTING,Field_9,1,IDLE,,1,IDLE,,1,IDLE,,1,IDLE,,1,IDLE,,1,IDLE,,1,IDLE,,1,IDLE,,1,IDLE,,1,IDLE,,1,PROTECTING,Field_14,1,PROTECTING,Field_14,1,PROTECTING,Field_10,1,MOVING_TO_FIELD,Field_15,24,0.11,0,0,4,37,0.02,0,0,2,12,0.11,3,0,1,18,0.06,4,0,0,45,0.10,0,0,2,48,0.17,3,1,1,40,0.01,3,0,0,29,0.06,0,0,2,41,0.02,2,0,1,43,0.09,4,0,2,26,0.12,0,0,4,29,0.03,0,0,1,15,0.09,0,0,2,67,0.01,2,0,4,50,0.17,1,1,5,26,0.10,0,0,2,58,0.10,0,0,2,67,0.11,0,0,1,5,0.08,0,0,2,4,0.10,0,0,3
196,686,16,0,23,0,1,0,1,PROTECTING,Field_3,1,PROTECTING,Field_4,1,PROTECTING,Field_4,1,PROTECTING,Field_3,1,PROTECTING,Field_3,1,PROTECTING,Field_6,1,MOVING_TO_FIELD,Field_6,1,PROTECTING,Field_6,1,PROTECTING,Field_10,1,IDLE,,1,IDLE,,1,PROTECTING,Field_4,1,PROTECTING,Field_4,1,PROTECTING,Field_6,1,PROTECTING,Field_10,1,PROTECTING,Field_10,1,PROTECTING,Field_15,1,IDLE,,1,IDLE,,1,PROTECTING,Field_7,1,IDLE,,1,PROTECTING,Field_7,1,PROTECTING,Field_9,1,IDLE,,1,PROTECTING,Field_7,1,PROTECTING,Field_9,1,IDLE,,1,IDLE,,1,IDLE,,1,IDLE,,1,IDLE,,1,IDLE,,1,IDLE,,1,IDLE,,1,IDLE,,1,IDLE,,1,PROTECTING,Field_14,1,PROTECTING,Field_14,1,PROTECTING,Field_10,1,PROTECTING,Field_15,25,0.11,0,0,4,37,0.02,0,0,2,13,0.11,3,0,1,18,0.04,4,0,0,45,0.10,0,0,2,48,0.16,3,1,1,40,0.01,3,0,0,29,0.06,0,0,2,41,0.01,2,0,1,43,0.09,4,0,2,26,0.13,0,0,4,29,0.03,0,0,1,15,0.09,0,0,2,67,0.01,2,0,4,50,0.17,2,0,4,26,0.11,0,0,2,58,0.11,0,0,2,67,0.11,0,0,1,5,0.10,0,0,2,4,0.10,0,0,3
197,688,16,0,23,0,1,0,1,PROTECTING,Field_3,1,PROTECTING,Field_4,1,PROTECTING,Field_4,1,PROTECTING,Field_3,1,PROTECTING,Field_3,1,PROTECTING,Field_6,1,MOVING_TO_FIELD,Field_6,1,PROTECTING,Field_6,1,PROTECTING,Field_10,1,IDLE,,1,IDLE,,1,PROTECTING,Field_4,1,PROTECTING,Field_4,1,PROTECTING,Field_6,1,PROTECTING,Field_10,1,PROTECTING,Field_10,1,PROTECTING,Field_15,1,IDLE,,1,IDLE,,1,PROTECTING,Field_7,1,IDLE,,1,PROTECTING,Field_7,1,PROTECTING,Field_9,1,IDLE,,1,PROTECTING,Field_7,1,PROTECTING,Field_9,1,IDLE,,1,IDLE,,1,IDLE,,1,IDLE,,1,IDLE,,1,IDLE,,1,IDLE,,1,IDLE,,1,IDLE,,1,IDLE,,1,PROTECTING,Field_14,1,PROTECTING,Field_14,1,PROTECTING,Field_10,1,PROTECTING,Field_15,25,0.11,0,0,4,37,0.02,0,0,2,14,0.11,3,0,1,18,0.04,4,0,0,45,0.10,0,0,2,49,0.16,3,1,1,40,0.01,3,0,0,29,0.06,0,0,2,41,0.01,2,0,1,43,0.09,4,0,2,26,0.14,0,0,4,29,0.03,0,0,1,15,0.07,0,0,2,67,0.01,2,0,4,50,0.17,2,0,4,26,0.11,0,0,2,58,0.11,0,0,2,67,0.09,0,0,1,5,0.10,0,0,2,4,0.10,0,0,3
198,690,16,0,23,0,1,0,1,PROTECTING,Field_3,1,PROTECTING,Field_4,1,PROTECTING,Field_4,1,PROTECTING,Field_3,1,PROTECTING,Field_3,1,PROTECTING,Field_6,1,MOVING_TO_FIELD,Field_6,1,PROTECTING,Field_6,1,PROTECTING,Field_10,1,IDLE,,1,IDLE,,1,PROTECTING,Field_4,1,PROTECTING,Field_4,1,PROTECTING,Field_6,1,PROTECTING,Field_10,1,PROTECTING,Field_10,1,PROTECTING,Field_15,1,IDLE,,1,IDLE,,1,PROTECTING,Field_7,1,IDLE,,1,PROTECTING,Field_7,1,PROTECTING,Field_9,1,IDLE,,1,PROTECTING,Field_7,1,PROTECTING,Field_9,1,IDLE,,1,IDLE,,1,IDLE,,1,IDLE,,1,IDLE,,1,IDLE,,1,IDLE,,1,IDLE,,1,IDLE,,1,IDLE,,1,PROTECTING,Field_14,1,PROTECTING,Field_14,1,PROTECTING,Field_10,1,PROTECTING,Field_15,25,0.11,0,0,4,37,0.02,0,0,2,14,0.11,3,0,1,18,0.04,4,0,0,45,0.10,0,0,2,50,0.15,3,1,1,40,0.01,3,0,0,29,0.06,0,0,2,41,0.02,2,0,1,43,0.09,4,0,2,26,0.14,0,0,4,29,0.03,0,0,1,15,0.07,0,0,2,67,0.01,2,0,4,51,0.17,2,0,4,26,0.12,0,0,2,58,0.13,0,0,2,67,0.09,0,0,1,5,0.10,0,0,2,4,0.08,0,0,3
199,694,16,0,23,0,1,0,1,PROTECTING,Field_3,1,PROTECTING,Field_4,1,PROTECTING,Field_4,1,PROTECTING,Field_3,1,PROTECTING,Field_3,1,PROTECTING,Field_6,1,MOVING_TO_FIELD,Field_6,1,PROTECTING,Field_6,1,PROTECTING,Field_10,1,IDLE,,1,IDLE,,1,PROTECTING,Field_4,1,PROTECTING,Field_4,1,PROTECTING,Field_6,1,PROTECTING,Field_10,1,PROTECTING,Field_10,1,PROTECTING,Field_15,1,IDLE,,1,IDLE,,1,PROTECTING,Field_7,1,IDLE,,1,PROTECTING,Field_7,1,PROTECTING,Field_9,1,IDLE,,1,PROTECTING,Field_7,1,PROTECTING,Field_9,1,IDLE,,1,IDLE,,1,IDLE,,1,IDLE,,1,IDLE,,1,IDLE,,1,IDLE,,1,IDLE,,1,IDLE,,1,IDLE,,1,PROTECTING,Field_14,1,PROTECTING,Field_14,1,PROTECTING,Field_10,1,PROTECTING,Field_15,25,0.11,0,0,4,37,0.01,0,0,2,15,0.12,3,0,1,18,0.04,4,0,0,45,0.10,0,0,2,51,0.15,3,1,1,40,0.01,3,0,0,29,0.09,0,0,2,41,0.02,2,0,1,43,0.09,4,0,2,26,0.14,0,0,4,29,0.03,0,0,1,15,0.07,0,0,2,67,0.03,2,0,4,52,0.18,2,0,4,26,0.12,0,0,2,59,0.13,0,0,2,67,0.11,0,0,1,5,0.11,0,0,2,4,0.08,0,0,3
200,694,16,0,23,0,1,0,1,PROTECTING,Field_3,1,PROTECTING,Field_4,1,PROTECTING,Field_4,1,PROTECTING,Field_3,1,PROTECTING,Field_3,1,PROTECTING,Field_6,1,MOVING_TO_FIELD,Field_6,1,PROTECTING,Field_6,1,PROTECTING,Field_10,1,IDLE,,1,IDLE,,1,PROTECTING,Field_4,1,PROTECTING,Field_4,1,PROTECTING,Field_6,1,PROTECTING,Field_10,1,PROTECTING,Field_10,1,PROTECTING,Field_15,1,IDLE,,1,IDLE,,1,PROTECTING,Field_7,1,IDLE,,1,PROTECTING,Field_7,1,PROTECTING,Field_9,1,IDLE,,1,PROTECTING,Field_7,1,PROTECTING,Field_9,1,IDLE,,1,IDLE,,1,IDLE,,1,IDLE,,1,IDLE,,1,IDLE,,1,IDLE,,1,IDLE,,1,IDLE,,1,IDLE,,1,PROTECTING,Field_14,1,PROTECTING,Field_14,1,PROTECTING,Field_10,1,PROTECTING,Field_15,25,0.11,0,0,4,37,0.02,0,0,2,15,0.12,3,0,1,18,0.03,4,0,0,45,0.10,0,0,2,51,0.15,3,1,1,40,0.02,3,0,0,29,0.09,0,0,2,41,0.01,2,0,1,43,0.09,4,0,2,26,0.13,0,0,4,29,0.03,0,0,1,15,0.07,0,0,2,67,0.03,2,0,4,52,0.19,2,0,4,26,0.11,0,0,2,59,0.13,0,0,2,67,0.11,0,0,1,5,0.13,0,0,2,4,0.08,0,0,3
201,696,16,0,21,0,3,0,1,PROTECTING,Field_3,1,PROTECTING,Field_4,1,PROTECTING,Field_4,1,PROTECTING,Field_3,1,PROTECTING,Field_3,1,PROTECTING,Field_6,1,MOVING_TO_FIELD,Field_6,1,PROTECTING,Field_6,1,MOVING_TO_FIELD,Field_4,1,IDLE,,1,IDLE,,1,MOVING_TO_FIELD,Field_3,1,PROTECTING,Field_4,1,PROTECTING,Field_6,1,PROTECTING,Field_10,1,PROTECTING,Field_10,1,PROTECTING,Field_15,1,IDLE,,1,IDLE,,1,PROTECTING,Field_7,1,IDLE,,1,PROTECTING,Field_7,1,PROTECTING,Field_9,1,IDLE,,1,PROTECTING,Field_7,1,PROTECTING,Field_9,1,IDLE,,1,IDLE,,1,IDLE,,1,IDLE,,1,IDLE,,1,IDLE,,1,IDLE,,1,IDLE,,1,IDLE,,1,IDLE,,1,PROTECTING,Field_14,1,PROTECTING,Field_14,1,PROTECTING,Field_10,1,PROTECTING,Field_15,26,0.12,0,0,4,37,0.03,0,0,2,15,0.13,3,1,1,18,0.03,3,1,1,46,0.11,0,0,2,51,0.15,3,1,1,40,0.02,3,0,0,29,0.09,0,0,2,41,0.01,2,0,1,43,0.09,3,0,3,26,0.13,0,0,4,29,0.03,0,0,1,15,0.07,0,0,2,67,0.03,2,0,4,52,0.19,2,0,4,26,0.11,0,0,2,59,0.10,0,0,2,67,0.11,0,0,1,5,0.13,0,0,2,4,0.08,0,0,3
202,699,16,0,21,0,3,0,1,PROTECTING,Field_3,1,PROTECTING,Field_4,1,PROTECTING,Field_4,1,PROTECTING,Field_3,1,PROTECTING,Field_3,1,PROTECTING,Field_6,1,MOVING_TO_FIELD,Field_6,1,PROTECTING,Field_6,1,MOVING_TO_FIELD,Field_4,1,IDLE,,1,IDLE,,1,MOVING_TO_FIELD,Field_3,1,PROTECTING,Field_4,1,PROTECTING,Field_6,1,PROTECTING,Field_10,1,PROTECTING,Field_10,1,PROTECTING,Field_15,1,IDLE,,1,IDLE,,1,PROTECTING,Field_7,1,IDLE,,1,PROTECTING,Field_7,1,PROTECTING,Field_9,1,IDLE,,1,PROTECTING,Field_7,1,PROTECTING,Field_9,1,IDLE,,1,IDLE,,1,IDLE,,1,IDLE,,1,IDLE,,1,IDLE,,1,IDLE,,1,IDLE,,1,IDLE,,1,IDLE,,1,PROTECTING,Field_14,1,PROTECTING,Field_14,1,PROTECTING,Field_10,1,PROTECTING,Field_15,26,0.13,0,0,4,37,0.03,0,0,2,17,0.15,3,1,1,18,0.03,3,1,1,46,0.11,0,0,2,52,0.15,3,1,1,40,0.01,3,0,0,29,0.09,0,0,2,41,0.01,2,0,1,43,0.09,3,0,3,26,0.14,0,0,4,29,0.03,0,0,1,15,0.07,0,0,2,67,0.03,2,0,4,52,0.19,2,0,4,26,0.11,0,0,2,59,0.10,0,0,2,67,0.11,0,0,1,5,0.13,0,0,2,4,0.06,0,0,3
203,699,16,0,21,0,3,0,1,PROTECTING,Field_3,1,PROTECTING,Field_4,1,PROTECTING,Field_4,1,PROTECTING,Field_3,1,PROTECTING,Field_3,1,PROTECTING,Field_6,1,MOVING_TO_FIELD,Field_6,1,PROTECTING,Field_6,1,MOVING_TO_FIELD,Field_4,1,IDLE,,1,IDLE,,1,MOVING_TO_FIELD,Field_3,1,PROTECTING,Field_4,1,PROTECTING,Field_6,1,PROTECTING,Field_10,1,PROTECTING,Field_10,1,PROTECTING,Field_15,1,IDLE,,1,IDLE,,1,PROTECTING,Field_7,1,IDLE,,1,PROTECTING,Field_7,1,PROTECTING,Field_9,1,IDLE,,1,PROTECTING,Field_7,1,PROTECTING,Field_9,1,IDLE,,1,IDLE,,1,IDLE,,1,IDLE,,1,IDLE,,1,IDLE,,1,IDLE,,1,IDLE,,1,IDLE,,1,IDLE,,1,PROTECTING,Field_14,1,PROTECTING,Field_14,1,PROTECTING,Field_10,1,PROTECTING,Field_15,26,0.12,0,0,4,37,0.04,0,0,2,17,0.13,3,1,1,18,0.04,3,1,1,46,0.11,0,0,2,52,0.14,3,1,1,40,0.01,3,0,0,29,0.09,0,0,2,41,0.01,2,0,1,43,0.09,3,0,3,26,0.13,0,0,4,29,0.03,0,0,1,15,0.07,0,0,2,67,0.03,2,0,4,52,0.18,2,0,4,26,0.11,0,0,2,59,0.10,0,0,2,67,0.11,0,0,1,5,0.15,0,0,2,4,0.08,0,0,3
204,704,16,0,21,0,3,0,1,PROTECTING,Field_3,1,PROTECTING,Field_4,1,PROTECTING,Field_4,1,PROTECTING,Field_3,1,PROTECTING,Field_3,1,PROTECTING,Field_6,1,MOVING_TO_FIELD,Field_6,1,PROTECTING,Field_6,1,MOVING_TO_FIELD,Field_4,1,IDLE,,1,IDLE,,1,MOVING_TO_FIELD,Field_3,1,PROTECTING,Field_4,1,PROTECTING,Field_6,1,PROTECTING,Field_10,1,PROTECTING,Field_10,1,PROTECTING,Field_15,1,IDLE,,1,IDLE,,1,PROTECTING,Field_7,1,IDLE,,1,PROTECTING,Field_7,1,PROTECTING,Field_9,1,IDLE,,1,PROTECTING,Field_7,1,PROTECTING,Field_9,1,IDLE,,1,IDLE,,1,IDLE,,1,IDLE,,1,IDLE,,1,IDLE,,1,IDLE,,1,IDLE,,1,IDLE,,1,IDLE,,1,PROTECTING,Field_14,1,PROTECTING,Field_14,1,PROTECTING,Field_10,1,PROTECTING,Field_15,26,0.11,0,0,4,37,0.04,0,0,2,17,0.14,3,1,1,18,0.04,3,1,1,46,0.12,0,0,2,54,0.14,3,1,1,40,0.01,3,0,0,29,0.09,0,0,2,41,0.01,2,0,1,43,0.09,3,0,3,26,0.13,0,0,4,29,0.03,0,0,1,15,0.05,0,0,2,67,0.03,2,0,4,55,0.18,2,0,4,26,0.11,0,0,2,59,0.10,0,0,2,67,0.11,0,0,1,5,0.15,0,0,2,4,0.08,0,0,3
205,704,16,0,21,0,3,0,1,PROTECTING,Field_3,1,PROTECTING,Field_4,1,PROTECTING,Field_4,1,PROTECTING,Field_3,1,PROTECTING,Field_3,1,PROTECTING,Field_6,1,MOVING_TO_FIELD,Field_6,1,PROTECTING,Field_6,1,MOVING_TO_FIELD,Field_4,1,IDLE,,1,IDLE,,1,MOVING_TO_FIELD,Field_3,1,PROTECTING,Field_4,1,PROTECTING,Field_6,1,PROTECTING,Field_10,1,PROTECTING,Field_10,1,PROTECTING,Field_15,1,IDLE,,1,IDLE,,1,PROTECTING,Field_7,1,IDLE,,1,PROTECTING,Field_7,1,PROTECTING,Field_9,1,IDLE,,1,PROTECTING,Field_7,1,PROTECTING,Field_9,1,IDLE,,1,IDLE,,1,IDLE,,1,IDLE,,1,IDLE,,1,IDLE,,1,IDLE,,1,IDLE,,1,IDLE,,1,IDLE,,1,PROTECTING,Field_14,1,PROTECTING,Field_14,1,PROTECTING,Field_10,1,PROTECTING,Field_15,26,0.11,0,0,4,37,0.03,0,0,2,17,0.15,3,1,1,18,0.04,3,1,1,46,0.14,0,0,2,54,0.14,3,1,1,40,0.01,3,0,0,29,0.09,0,0,2,41,0.01,2,0,1,43,0.11,3,0,3,26,0.13,0,0,4,29,0.03,0,0,1,15,0.05,0,0,2,67,0.03,2,0,4,55,0.18,2,0,4,26,0.10,0,0,2,59,0.10,0,0,2,67,0.11,0,0,1,5,0.15,0,0,2,4,0.06,0,0,3
206,709,16,0,21,0,3,0,1,PROTECTING,Field_3,1,PROTECTING,Field_4,1,PROTECTING,Field_4,1,PROTECTING,Field_3,1,PROTECTING,Field_3,1,PROTECTING,Field_6,1,MOVING_TO_FIELD,Field_6,1,PROTECTING,Field_6,1,MOVING_TO_FIELD,Field_4,1,IDLE,,1,IDLE,,1,MOVING_TO_FIELD,Field_3,1,PROTECTING,Field_4,1,PROTECTING,Field_6,1,PROTECTING,Field_10,1,PROTECTING,Field_10,1,PROTECTING,Field_15,1,IDLE,,1,IDLE,,1,PROTECTING,Field_7,1,IDLE,,1,PROTECTING,Field_7,1,PROTECTING,Field_9,1,IDLE,,1,PROTECTING,Field_7,1,PROTECTING,Field_9,1,IDLE,,1,IDLE,,1,IDLE,,1,IDLE,,1,IDLE,,1,IDLE,,1,IDLE,,1,IDLE,,1,IDLE,,1,IDLE,,1,PROTECTING,Field_14,1,PROTECTING,Field_14,1,PROTECTING,Field_10,1,PROTECTING,Field_15,26,0.12,0,0,4,37,0.03,0,0,2,17,0.15,3,1,1,18,0.03,3,1,1,46,0.14,0,0,2,58,0.15,3,1,1,40,0.01,3,0,0,29,0.09,0,0,2,41,0.01,2,0,1,43,0.11,3,0,3,26,0.13,0,0,4,29,0.03,0,0,1,15,0.05,0,0,2,67,0.03,2,0,4,55,0.18,2,0,4,26,0.11,0,0,2,59,0.10,0,0,2,68,0.11,0,0,1,5,0.15,0,0,2,4,0.06,0,0,3
207,711,16,0,21,0,3,0,1,PROTECTING,Field_3,1,PROTECTING,Field_4,1,PROTECTING,Field_4,1,PROTECTING,Field_3,1,PROTECTING,Field_3,1,PROTECTING,Field_6,1,MOVING_TO_FIELD,Field_6,1,PROTECTING,Field_6,1,MOVING_TO_FIELD,Field_4,1,IDLE,,1,IDLE,,1,MOVING_TO_FIELD,Field_3,1,PROTECTING,Field_4,1,PROTECTING,Field_6,1,PROTECTING,Field_10,1,PROTECTING,Field_10,1,PROTECTING,Field_15,1,IDLE,,1,IDLE,,1,PROTECTING,Field_7,1,IDLE,,1,PROTECTING,Field_7,1,PROTECTING,Field_9,1,IDLE,,1,PROTECTING,Field_7,1,PROTECTING,Field_9,1,IDLE,,1,IDLE,,1,IDLE,,1,IDLE,,1,IDLE,,1,IDLE,,1,IDLE,,1,IDLE,,1,IDLE,,1,IDLE,,1,PROTECTING,Field_14,1,PROTECTING,Field_14,1,PROTECTING,Field_10,1,PROTECTING,Field_15,26,0.12,0,0,4,37,0.04,0,0,2,18,0.14,3,1,1,18,0.03,3,1,1,46,0.14,0,0,2,58,0.15,3,1,1,40,0.00,3,0,0,29,0.09,0,0,2,41,0.01,2,0,1,43,0.11,3,0,3,26,0.13,0,0,4,29,0.03,0,0,1,15,0.05,0,0,2,67,0.03,2,0,4,56,0.18,2,0,4,26,0.09,0,0,2,59,0.11,0,0,2,68,0.15,0,0,1,5,0.15,0,0,2,4,0.06,0,0,3
208,715,16,0,21,0,3,0,1,PROTECTING,Field_3,1,PROTECTING,Field_4,1,PROTECTING,Field_4,1,PROTECTING,Field_3,1,PROTECTING,Field_3,1,PROTECTING,Field_6,1,MOVING_TO_FIELD,Field_6,1,PROTECTING,Field_6,1,MOVING_TO_FIELD,Field_4,1,IDLE,,1,IDLE,,1,MOVING_TO_FIELD,Field_3,1,PROTECTING,Field_4,1,PROTECTING,Field_6,1,PROTECTING,Field_10,1,PROTECTING,Field_10,1,PROTECTING,Field_15,1,IDLE,,1,IDLE,,1,PROTECTING,Field_7,1,IDLE,,1,PROTECTING,Field_7,1,PROTECTING,Field_9,1,IDLE,,1,PROTECTING,Field_7,1,PROTECTING,Field_9,1,IDLE,,1,IDLE,,1,IDLE,,1,IDLE,,1,IDLE,,1,IDLE,,1,IDLE,,1,IDLE,,1,IDLE,,1,IDLE,,1,PROTECTING,Field_14,1,PROTECTING,Field_14,1,PROTECTING,Field_10,1,PROTECTING,Field_15,26,0.12,0,0,4,37,0.02,0,0,2,19,0.15,3,1,1,18,0.03,3,1,1,47,0.14,0,0,2,58,0.14,3,1,1,40,0.00,3,0,0,30,0.09,0,0,2,41,0.01,2,0,1,43,0.09,3,0,3,26,0.13,0,0,4,29,0.06,0,0,1,15,0.05,0,0,2,67,0.03,2,0,4,56,0.19,2,0,4,26,0.06,0,0,2,59,0.11,0,0,2,69,0.15,0,0,1,5,0.15,0,0,2,4,0.06,0,0,3
209,716,16,0,21,0,3,0,1,PROTECTING,Field_3,1,PROTECTING,Field_4,1,PROTECTING,Field_4,1,PROTECTING,Field_3,1,PROTECTING,Field_3,1,PROTECTING,Field_6,1,MOVING_TO_FIELD,Field_6,1,PROTECTING,Field_6,1,MOVING_TO_FIELD,Field_4,1,IDLE,,1,IDLE,,1,MOVING_TO_FIELD,Field_3,1,PROTECTING,Field_4,1,PROTECTING,Field_6,1,PROTECTING,Field_10,1,PROTECTING,Field_10,1,PROTECTING,Field_15,1,IDLE,,1,IDLE,,1,PROTECTING,Field_7,1,IDLE,,1,PROTECTING,Field_7,1,PROTECTING,Field_9,1,IDLE,,1,PROTECTING,Field_7,1,PROTECTING,Field_9,1,IDLE,,1,IDLE,,1,IDLE,,1,IDLE,,1,IDLE,,1,IDLE,,1,IDLE,,1,IDLE,,1,IDLE,,1,IDLE,,1,PROTECTING,Field_14,1,PROTECTING,Field_14,1,PROTECTING,Field_10,1,PROTECTING,Field_15,26,0.12,0,0,4,37,0.02,0,0,2,19,0.15,3,1,1,18,0.03,3,1,1,47,0.14,0,0,2,58,0.15,3,1,1,40,0.00,3,0,0,30,0.09,0,0,2,41,0.01,2,0,1,43,0.09,3,0,3,26,0.13,0,0,4,29,0.06,0,0,1,15,0.05,0,0,2,67,0.03,2,0,4,57,0.20,2,0,4,26,0.07,0,0,2,59,0.11,0,0,2,69,0.15,0,0,1,5,0.15,0,0,2,4,0.06,0,0,3
210,717,16,0,21,0,3,0,1,PROTECTING,Field_3,1,PROTECTING,Field_4,1,PROTECTING,Field_4,1,PROTECTING,Field_3,1,PROTECTING,Field_3,1,PROTECTING,Field_6,1,MOVING_TO_FIELD,Field_6,1,PROTECTING,Field_6,1,MOVING_TO_FIELD,Field_4,1,IDLE,,1,IDLE,,1,MOVING_TO_FIELD,Field_3,1,PROTECTING,Field_4,1,PROTECTING,Field_6,1,PROTECTING,Field_10,1,PROTECTING,Field_10,1,PROTECTING,Field_15,1,IDLE,,1,IDLE,,1,PROTECTING,Field_7,1,IDLE,,1,PROTECTING,Field_7,1,PROTECTING,Field_9,1,IDLE,,1,PROTECTING,Field_7,1,PROTECTING,Field_9,1,IDLE,,1,IDLE,,1,IDLE,,1,IDLE,,1,IDLE,,1,IDLE,,1,IDLE,,1,IDLE,,1,IDLE,,1,IDLE,,1,PROTECTING,Field_14,1,PROTECTING,Field_14,1,PROTECTING,Field_10,1,PROTECTING,Field_15,26,0.13,0,0,4,37,0.02,0,0,2,20,0.15,3,1,1,18,0.03,3,1,1,47,0.14,0,0,2,58,0.15,3,1,1,40,0.00,3,0,0,30,0.09,0,0,2,41,0.02,2,0,1,43,0.12,3,0,3,26,0.13,0,0,4,29,0.06,0,0,1,15,0.05,0,0,2,67,0.03,2,0,4,57,0.21,2,0,4,26,0.07,0,0,2,59,0.11,0,0,2,69,0.13,0,0,1,5,0.15,0,0,2,4,0.06,0,0,3
211,725,15,0,20,0,5,0,1,PROTECTING,Field_3,1,PROTECTING,Field_4,1,PROTECTING,Field_4,1,PROTECTING,Field_3,1,PROTECTING,Field_3,1,PROTECTING,Field_6,1,MOVING_TO_FIELD,Field_6,1,PROTECTING,Field_6,1,MOVING_TO_FIELD,Field_4,1,IDLE,,1,IDLE,,1,MOVING_TO_FIELD,Field_3,1,PROTECTING,Field_4,1,PROTECTING,Field_6,1,PROTECTING,Field_10,1,PROTECTING,Field_10,1,PROTECTING,Field_15,1,MOVING_TO_FIELD,Field_15,1,IDLE,,1,MOVING_TO_FIELD,Field_15,1,IDLE,,1,PROTECTING,Field_7,1,PROTECTING,Field_9,1,IDLE,,1,PROTECTING,Field_7,1,PROTECTING,Field_9,1,IDLE,,1,IDLE,,1,IDLE,,1,IDLE,,1,IDLE,,1,IDLE,,1,IDLE,,1,IDLE,,1,IDLE,,1,IDLE,,1,PROTECTING,Field_14,1,PROTECTING,Field_14,1,PROTECTING,Field_10,1,PROTECTING,Field_15,26,0.14,0,0,4,37,0.02,0,0,2,23,0.15,3,1,1,18,0.03,3,1,1,49,0.14,0,0,2,59,0.15,3,1,1,40,0.00,2,0,1,30,0.09,0,0,2,41,0.03,2,0,1,43,0.12,3,0,3,26,0.13,0,0,4,29,0.06,0,0,1,15,0.05,0,0,2,67,0.03,2,0,4,59,0.20,2,2,4,26,0.09,0,0,2,59,0.08,0,0,2,69,0.13,0,0,1,5,0.15,0,0,2,4,0.06,0,0,3
212,728,15,0,20,0,5,0,1,PROTECTING,Field_3,1,PROTECTING,Field_4,1,PROTECTING,Field_4,1,PROTECTING,Field_3,1,PROTECTING,Field_3,1,PROTECTING,Field_6,1,MOVING_TO_FIELD,Field_6,1,PROTECTING,Field_6,1,MOVING_TO_FIELD,Field_4,1,IDLE,,1,IDLE,,1,MOVING_TO_FIELD,Field_3,1,PROTECTING,Field_4,1,PROTECTING,Field_6,1,PROTECTING,Field_10,1,PROTECTING,Field_10,1,PROTECTING,Field_15,1,MOVING_TO_FIELD,Field_15,1,IDLE,,1,MOVING_TO_FIELD,Field_15,1,IDLE,,1,PROTECTING,Field_7,1,PROTECTING,Field_9,1,IDLE,,1,PROTECTING,Field_7,1,PROTECTING,Field_9,1,IDLE,,1,IDLE,,1,IDLE,,1,IDLE,,1,IDLE,,1,IDLE,,1,IDLE,,1,IDLE,,1,IDLE,,1,IDLE,,1,PROTECTING,Field_14,1,PROTECTING,Field_14,1,PROTECTING,Field_10,1,PROTECTING,Field_15,26,0.13,0,0,4,37,0.02,0,0,2,25,0.14,3,1,1,18,0.07,3,1,1,50,0.14,0,0,2,59,0.16,3,1,1,40,0.00,2,0,1,30,0.09,0,0,2,41,0.03,2,0,1,43,0.12,3,0,3,26,0.14,0,0,4,29,0.06,0,0,1,15,0.05,0,0,2,67,0.03,2,0,4,59,0.20,2,2,4,26,0.10,0,0,2,59,0.08,0,0,2,69,0.13,0,0,1,5,0.13,0,0,2,4,0.06,0,0,3
213,732,15,0,20,0,5,0,1,PROTECTING,Field_3,1,PROTECTING,Field_4,1,PROTECTING,Field_4,1,PROTECTING,Field_3,1,PROTECTING,Field_3,1,PROTECTING,Field_6,1,MOVING_TO_FIELD,Field_6,1,PROTECTING,Field_6,1,MOVING_TO_FIELD,Field_4,1,IDLE,,1,IDLE,,1,MOVING_TO_FIELD,Field_3,1,PROTECTING,Field_4,1,PROTECTING,Field_6,1,PROTECTING,Field_10,1,PROTECTING,Field_10,1,PROTECTING,Field_15,1,MOVING_TO_FIELD,Field_15,1,IDLE,,1,MOVING_TO_FIELD,Field_15,1,IDLE,,1,PROTECTING,Field_7,1,PROTECTING,Field_9,1,IDLE,,1,PROTECTING,Field_7,1,PROTECTING,Field_9,1,IDLE,,1,IDLE,,1,IDLE,,1,IDLE,,1,IDLE,,1,IDLE,,1,IDLE,,1,IDLE,,1,IDLE,,1,IDLE,,1,PROTECTING,Field_14,1,PROTECTING,Field_14,1,PROTECTING,Field_10,1,PROTECTING,Field_15,26,0.14,0,0,4,37,0.02,0,0,2,25,0.12,3,1,1,18,0.08,3,1,1,51,0.14,0,0,2,60,0.16,3,1,1,40,0.00,2,0,1,30,0.09,0,0,2,41,0.03,2,0,1,43,0.12,3,0,3,27,0.17,0,0,4,29,0.06,0,0,1,15,0.05,0,0,2,67,0.04,2,0,4,59,0.21,2,2,4,26,0.12,0,0,2,60,0.08,0,0,2,69,0.13,0,0,1,5,0.15,0,0,2,4,0.06,0,0,3
214,735,15,0,20,0,5,0,1,PROTECTING,Field_3,1,PROTECTING,Field_4,1,PROTECTING,Field_4,1,PROTECTING,Field_3,1,PROTECTING,Field_3,1,PROTECTING,Field_6,1,MOVING_TO_FIELD,Field_6,1,PROTECTING,Field_6,1,MOVING_TO_FIELD,Field_4,1,IDLE,,1,IDLE,,1,MOVING_TO_FIELD,Field_3,1,PROTECTING,Field_4,1,PROTECTING,Field_6,1,PROTECTING,Field_10,1,PROTECTING,Field_10,1,PROTECTING,Field_15,1,MOVING_TO_FIELD,Field_15,1,IDLE,,1,MOVING_TO_FIELD,Field_15,1,IDLE,,1,PROTECTING,Field_7,1,PROTECTING,Field_9,1,IDLE,,1,PROTECTING,Field_7,1,PROTECTING,Field_9,1,IDLE,,1,IDLE,,1,IDLE,,1,IDLE,,1,IDLE,,1,IDLE,,1,IDLE,,1,IDLE,,1,IDLE,,1,IDLE,,1,PROTECTING,Field_14,1,PROTECTING,Field_14,1,PROTECTING,Field_10,1,PROTECTING,Field_15,27,0.13,0,0,4,37,0.02,0,0,2,25,0.12,3,1,1,18,0.08,3,1,1,51,0.15,0,0,2,61,0.16,3,1,1,40,0.02,2,0,1,30,0.09,0,0,2,41,0.03,2,0,1,43,0.12,3,0,3,27,0.16,0,0,4,29,0.06,0,0,1,15,0.05,0,0,2,67,0.04,2,0,4,60,0.22,2,2,4,26,0.12,0,0,2,60,0.10,0,0,2,69,0.11,0,0,1,5,0.15,0,0,2,4,0.06,0,0,3
215,737,15,0,21,0,4,0,1,PROTECTING,Field_3,1,PROTECTING,Field_4,1,PROTECTING,Field_4,1,PROTECTING,Field_3,1,PROTECTING,Field_3,1,PROTECTING,Field_6,1,MOVING_TO_FIELD,Field_6,1,PROTECTING,Field_6,1,PROTECTING,Field_4,1,IDLE,,1,IDLE,,1,MOVING_TO_FIELD,Field_3,1,PROTECTING,Field_4,1,PROTECTING,Field_6,1,PROTECTING,Field_10,1,PROTECTING,Field_10,1,PROTECTING,Field_15,1,MOVING_TO_FIELD,Field_15,1,IDLE,,1,MOVING_TO_FIELD,Field_15,1,IDLE,,1,PROTECTING,Field_7,1,PROTECTING,Field_9,1,IDLE,,1,PROTECTING,Field_7,1,PROTECTING,Field_9,1,IDLE,,1,IDLE,,1,IDLE,,1,IDLE,,1,IDLE,,1,IDLE,,1,IDLE,,1,IDLE,,1,IDLE,,1,IDLE,,1,PROTECTING,Field_14,1,PROTECTING,Field_14,1,PROTECTING,Field_10,1,PROTECTING,Field_15,27,0.13,0,0,4,37,0.02,0,0,2,25,0.12,3,1,1,18,0.08,4,0,0,51,0.15,0,0,2,61,0.15,3,1,1,40,0.02,2,0,1,30,0.09,0,0,2,41,0.03,2,0,1,43,0.12,3,0,3,27,0.17,0,0,4,29,0.06,0,0,1,15,0.07,0,0,2,67,0.04,2,0,4,61,0.22,2,2,4,26,0.12,0,0,2,60,0.11,0,0,2,70,0.13,0,0,1,5,0.13,0,0,2,4,0.06,0,0,3
216,740,15,0,21,0,4,0,1,PROTECTING,Field_3,1,PROTECTING,Field_4,1,PROTECTING,Field_4,1,PROTECTING,Field_3,1,PROTECTING,Field_3,1,PROTECTING,Field_6,1,MOVING_TO_FIELD,Field_6,1,PROTECTING,Field_6,1,PROTECTING,Field_4,1,IDLE,,1,IDLE,,1,MOVING_TO_FIELD,Field_3,1,PROTECTING,Field_4,1,PROTECTING,Field_6,1,PROTECTING,Field_10,1,PROTECTING,Field_10,1,PROTECTING,Field_15,1,MOVING_TO_FIELD,Field_15,1,IDLE,,1,MOVING_TO_FIELD,Field_15,1,IDLE,,1,PROTECTING,Field_7,1,PROTECTING,Field_9,1,IDLE,,1,PROTECTING,Field_7,1,PROTECTING,Field_9,1,IDLE,,1,IDLE,,1,IDLE,,1,IDLE,,1,IDLE,,1,IDLE,,1,IDLE,,1,IDLE,,1,IDLE,,1,IDLE,,1,PROTECTING,Field_14,1,PROTECTING,Field_14,1,PROTECTING,Field_10,1,PROTECTING,Field_15,27,0.12,0,0,4,37,0.02,0,0,2,26,0.12,3,1,1,18,0.09,4,0,0,51,0.15,0,0,2,61,0.15,3,1,1,40,0.02,2,0,1,30,0.09,0,0,2,41,0.03,2,0,1,43,0.11,3,0,3,27,0.17,0,0,4,29,0.06,0,0,1,15,0.07,0,0,2,67,0.04,2,0,4,63,0.22,2,2,4,26,0.12,0,0,2,60,0.13,0,0,2,70,0.13,0,0,1,5,0.15,0,0,2,4,0.06,0,0,3
217,744,15,0,21,0,4,0,1,PROTECTING,Field_3,1,PROTECTING,Field_4,1,PROTECTING,Field_4,1,PROTECTING,Field_3,1,PROTECTING,Field_3,1,PROTECTING,Field_6,1,MOVING_TO_FIELD,Field_6,1,PROTECTING,Field_6,1,PROTECTING,Field_4,1,IDLE,,1,IDLE,,1,MOVING_TO_FIELD,Field_3,1,PROTECTING,Field_4,1,PROTECTING,Field_6,1,PROTECTING,Field_10,1,PROTECTING,Field_10,1,PROTECTING,Field_15,1,MOVING_TO_FIELD,Field_15,1,IDLE,,1,MOVING_TO_FIELD,Field_15,1,IDLE,,1,PROTECTING,Field_7,1,PROTECTING,Field_9,1,IDLE,,1,PROTECTING,Field_7,1,PROTECTING,Field_9,1,IDLE,,1,IDLE,,1,IDLE,,1,IDLE,,1,IDLE,,1,IDLE,,1,IDLE,,1,IDLE,,1,IDLE,,1,IDLE,,1,PROTECTING,Field_14,1,PROTECTING,Field_14,1,PROTECTING,Field_10,1,PROTECTING,Field_15,27,0.14,0,0,4,37,0.02,0,0,2,27,0.11,3,1,1,18,0.10,4,0,0,51,0.15,0,0,2,62,0.15,3,1,1,40,0.02,2,0,1,30,0.09,0,0,2,41,0.03,2,0,1,43,0.12,3,0,3,27,0.16,0,0,4,29,0.09,0,0,1,15,0.09,0,0,2,67,0.04,2,0,4,65,0.22,2,2,4,26,0.11,0,0,2,60,0.13,0,0,2,70,0.13,0,0,1,5,0.15,0,0,2,4,0.06,0,0,3
218,747,15,0,21,0,4,0,1,PROTECTING,Field_3,1,PROTECTING,Field_4,1,PROTECTING,Field_4,1,PROTECTING,Field_3,1,PROTECTING,Field_3,1,PROTECTING,Field_6,1,MOVING_TO_FIELD,Field_6,1,PROTECTING,Field_6,1,PROTECTING,Field_4,1,IDLE,,1,IDLE,,1,MOVING_TO_FIELD,Field_3,1,PROTECTING,Field_4,1,PROTECTING,Field_6,1,PROTECTING,Field_10,1,PROTECTING,Field_10,1,PROTECTING,Field_15,1,MOVING_TO_FIELD,Field_15,1,IDLE,,1,MOVING_TO_FIELD,Field_15,1,IDLE,,1,PROTECTING,Field_7,1,PROTECTING,Field_9,1,IDLE,,1,PROTECTING,Field_7,1,PROTECTING,Field_9,1,IDLE,,1,IDLE,,1,IDLE,,1,IDLE,,1,IDLE,,1,IDLE,,1,IDLE,,1,IDLE,,1,IDLE,,1,IDLE,,1,PROTECTING,Field_14,1,PROTECTING,Field_14,1,PROTECTING,Field_10,1,PROTECTING,Field_15,27,0.14,0,0,4,37,0.02,0,0,2,27,0.11,3,1,1,18,0.10,4,0,0,53,0.14,0,0,2,63,0.15,3,1,1,40,0.02,2,0,1,30,0.07,0,0,2,41,0.03,2,0,1,43,0.11,3,0,3,27,0.16,0,0,4,29,0.09,0,0,1,15,0.09,0,0,2,67,0.04,2,0,4,65,0.23,2,2,4,26,0.10,0,0,2,60,0.13,0,0,2,70,0.13,0,0,1,5,0.15,0,0,2,4,0.06,0,0,3
219,747,15,0,21,0,4,0,1,PROTECTING,Field_3,1,PROTECTING,Field_4,1,PROTECTING,Field_4,1,PROTECTING,Field_3,1,PROTECTING,Field_3,1,PROTECTING,Field_6,1,MOVING_TO_FIELD,Field_6,1,PROTECTING,Field_6,1,PROTECTING,Field_4,1,IDLE,,1,IDLE,,1,MOVING_TO_FIELD,Field_3,1,PROTECTING,Field_4,1,PROTECTING,Field_6,1,PROTECTING,Field_10,1,PROTECTING,Field_10,1,PROTECTING,Field_15,1,MOVING_TO_FIELD,Field_15,1,IDLE,,1,MOVING_TO_FIELD,Field_15,1,IDLE,,1,PROTECTING,Field_7,1,PROTECTING,Field_9,1,IDLE,,1,PROTECTING,Field_7,1,PROTECTING,Field_9,1,IDLE,,1,IDLE,,1,IDLE,,1,IDLE,,1,IDLE,,1,IDLE,,1,IDLE,,1,IDLE,,1,IDLE,,1,IDLE,,1,PROTECTING,Field_14,1,PROTECTING,Field_14,1,PROTECTING,Field_10,1,PROTECTING,Field_15,27,0.13,0,0,4,37,0.02,0,0,2,27,0.11,3,1,1,18,0.10,4,0,0,53,0.14,0,0,2,63,0.15,3,1,1,40,0.02,2,0,1,30,0.07,0,0,2,41,0.04,2,0,1,43,0.11,3,0,3,27,0.16,0,0,4,29,0.09,0,0,1,15,0.09,0,0,2,67,0.04,2,0,4,65,0.23,2,2,4,26,0.09,0,0,2,60,0.15,0,0,2,70,0.15,0,0,1,5,0.16,0,0,2,4,0.06,0,0,3
220,749,15,0,22,0,3,0,1,PROTECTING,Field_3,1,PROTECTING,Field_4,1,PROTECTING,Field_4,1,PROTECTING,Field_3,1,PROTECTING,Field_3,1,PROTECTING,Field_6,1,MOVING_TO_FIELD,Field_6,1,PROTECTING,Field_6,1,PROTECTING,Field_4,1,IDLE,,1,IDLE,,1,PROTECTING,Field_3,1,PROTECTING,Field_4,1,PROTECTING,Field_6,1,PROTECTING,Field_10,1,PROTECTING,Field_10,1,PROTECTING,Field_15,1,MOVING_TO_FIELD,Field_15,1,IDLE,,1,MOVING_TO_FIELD,Field_15,1,IDLE,,1,PROTECTING,Field_7,1,PROTECTING,Field_9,1,IDLE,,1,PROTECTING,Field_7,1,PROTECTING,Field_9,1,IDLE,,1,IDLE,,1,IDLE,,1,IDLE,,1,IDLE,,1,IDLE,,1,IDLE,,1,IDLE,,1,IDLE,,1,IDLE,,1,PROTECTING,Field_14,1,PROTECTING,Field_14,1,PROTECTING,Field_10,1,PROTECTING,Field_15,27,0.13,0,0,4,37,0.02,0,0,2,27,0.10,4,0,0,18,0.09,4,0,0,53,0.15,0,0,2,63,0.15,3,1,1,40,0.02,2,0,1,30,0.06,0,0,2,41,0.06,2,0,1,43,0.11,3,0,3,27,0.16,0,0,4,29,0.09,0,0,1,15,0.09,0,0,2,67,0.06,2,0,4,67,0.23,2,2,4,26,0.07,0,0,2,60,0.16,0,0,2,70,0.15,0,0,1,5,0.16,0,0,2,4,0.06,0,0,3
221,753,15,0,19,0,6,0,1,PROTECTING,Field_3,1,MOVING_TO_FIELD,Field_3,1,PROTECTING,Field_4,1,PROTECTING,Field_3,1,PROTECTING,Field_3,1,PROTECTING,Field_6,1,MOVING_TO_FIELD,Field_6,1,PROTECTING,Field_6,1,PROTECTING,Field_4,1,IDLE,,1,IDLE,,1,PROTECTING,Field_3,1,PROTECTING,Field_4,1,PROTECTING,Field_6,1,MOVING_TO_FIELD,Field_19,1,MOVING_TO_FIELD,Field_19,1,PROTECTING,Field_15,1,MOVING_TO_FIELD,Field_15,1,IDLE,,1,MOVING_TO_FIELD,Field_15,1,IDLE,,1,PROTECTING,Field_7,1,PROTECTING,Field_9,1,IDLE,,1,PROTECTING,Field_7,1,PROTECTING,Field_9,1,IDLE,,1,IDLE,,1,IDLE,,1,IDLE,,1,IDLE,,1,IDLE,,1,IDLE,,1,IDLE,,1,IDLE,,1,IDLE,,1,PROTECTING,Field_14,1,PROTECTING,Field_14,1,PROTECTING,Field_10,1,PROTECTING,Field_15,29,0.14,0,0,4,37,0.02,0,0,2,27,0.11,4,1,0,18,0.08,3,0,1,53,0.15,0,0,2,63,0.14,3,1,1,40,0.02,2,0,1,30,0.04,0,0,2,41,0.07,2,0,1,43,0.12,1,0,5,27,0.16,0,0,4,29,0.06,0,0,1,15,0.09,0,0,2,67,0.06,2,0,4,67,0.22,2,2,4,26,0.06,0,0,2,60,0.16,0,0,2,70,0.15,0,0,1,7,0.16,0,2,2,4,0.06,0,0,3
222,753,15,0,19,0,6,0,1,PROTECTING,Field_3,1,MOVING_TO_FIELD,Field_3,1,PROTECTING,Field_4,1,PROTECTING,Field_3,1,PROTECTING,Field_3,1,PROTECTING,Field_6,1,MOVING_TO_FIELD,Field_6,1,PROTECTING,Field_6,1,PROTECTING,Field_4,1,IDLE,,1,IDLE,,1,PROTECTING,Field_3,1,PROTECTING,Field_4,1,PROTECTING,Field_6,1,MOVING_TO_FIELD,Field_19,1,MOVING_TO_FIELD,Field_19,1,PROTECTING,Field_15,1,MOVING_TO_FIELD,Field_15,1,IDLE,,1,MOVING_TO_FIELD,Field_15,1,IDLE,,1,PROTECTING,Field_7,1,PROTECTING,Field_9,1,IDLE,,1,PROTECTING,Field_7,1,PROTECTING,Field_9,1,IDLE,,1,IDLE,,1,IDLE,,1,IDLE,,1,IDLE,,1,IDLE,,1,IDLE,,1,IDLE,,1,IDLE,,1,IDLE,,1,PROTECTING,Field_14,1,PROTECTING,Field_14,1,PROTECTING,Field_10,1,PROTECTING,Field_15,29,0.14,0,0,4,37,0.03,0,0,2,27,0.12,4,1,0,18,0.08,3,0,1,53,0.15,0,0,2,63,0.14,3,1,1,40,0.01,2,0,1,30,0.04,0,0,2,41,0.06,2,0,1,43,0.13,1,0,5,27,0.16,0,0,4,29,0.06,0,0,1,15,0.09,0,0,2,67,0.06,2,0,4,67,0.23,2,2,4,26,0.06,0,0,2,60,0.16,0,0,2,70,0.15,0,0,1,7,0.15,0,2,2,4,0.06,0,0,3
223,756,15,0,19,0,6,0,1,PROTECTING,Field_3,1,MOVING_TO_FIELD,Field_3,1,PROTECTING,Field_4,1,PROTECTING,Field_3,1,PROTECTING,Field_3,1,PROTECTING,Field_6,1,MOVING_TO_FIELD,Field_6,1,PROTECTING,Field_6,1,PROTECTING,Field_4,1,IDLE,,1,IDLE,,1,PROTECTING,Field_3,1,PROTECTING,Field_4,1,PROTECTING,Field_6,1,MOVING_TO_FIELD,Field_19,1,MOVING_TO_FIELD,Field_19,1,PROTECTING,Field_15,1,MOVING_TO_FIELD,Field_15,1,IDLE,,1,MOVING_TO_FIELD,Field_15,1,IDLE,,1,PROTECTING,Field_7,1,PROTECTING,Field_9,1,IDLE,,1,PROTECTING,Field_7,1,PROTECTING,Field_9,1,IDLE,,1,IDLE,,1,IDLE,,1,IDLE,,1,IDLE,,1,IDLE,,1,IDLE,,1,IDLE,,1,IDLE,,1,IDLE,,1,PROTECTING,Field_14,1,PROTECTING,Field_14,1,PROTECTING,Field_10,1,PROTECTING,Field_15,29,0.13,0,0,4,37,0.03,0,0,2,27,0.11,4,1,0,18,0.08,3,0,1,53,0.12,0,0,2,64,0.14,3,1,1,40,0.01,2,0,1,30,0.04,0,0,2,41,0.04,2,0,1,43,0.13,1,0,5,27,0.16,0,0,4,29,0.06,0,0,1,15,0.07,0,0,2,67,0.06,2,0,4,68,0.23,2,2,4,26,0.07,0,0,2,60,0.15,0,0,2,70,0.15,0,0,1,8,0.15,0,2,2,4,0.04,0,0,3
224,758,15,0,19,0,6,0,1,PROTECTING,Field_3,1,MOVING_TO_FIELD,Field_3,1,PROTECTING,Field_4,1,PROTECTING,Field_3,1,PROTECTING,Field_3,1,PROTECTING,Field_6,1,MOVING_TO_FIELD,Field_6,1,PROTECTING,Field_6,1,PROTECTING,Field_4,1,IDLE,,1,IDLE,,1,PROTECTING,Field_3,1,PROTECTING,Field_4,1,PROTECTING,Field_6,1,MOVING_TO_FIELD,Field_19,1,MOVING_TO_FIELD,Field_19,1,PROTECTING,Field_15,1,MOVING_TO_FIELD,Field_15,1,IDLE,,1,MOVING_TO_FIELD,Field_15,1,IDLE,,1,PROTECTING,Field_7,1,PROTECTING,Field_9,1,IDLE,,1,PROTECTING,Field_7,1,PROTECTING,Field_9,1,IDLE,,1,IDLE,,1,IDLE,,1,IDLE,,1,IDLE,,1,IDLE,,1,IDLE,,1,IDLE,,1,IDLE,,1,IDLE,,1,PROTECTING,Field_14,1,PROTECTING,Field_14,1,PROTECTING,Field_10,1,PROTECTING,Field_15,29,0.14,0,0,4,37,0.03,0,0,2,27,0.09,4,1,0,18,0.10,3,0,1,53,0.14,0,0,2,64,0.12,3,1,1,40,0.04,2,0,1,30,0.04,0,0,2,41,0.06,2,0,1,43,0.13,1,0,5,27,0.16,0,0,4,29,0.06,0,0,1,15,0.09,0,0,2,67,0.06,2,0,4,68,0.24,2,2,4,26,0.07,0,0,2,60,0.15,0,0,2,71,0.15,0,0,1,9,0.15,0,2,2,4,0.04,0,0,3
225,763,15,0,20,0,5,0,1,PROTECTING,Field_3,1,MOVING_TO_FIELD,Field_3,1,PROTECTING,Field_4,1,PROTECTING,Field_3,1,PROTECTING,Field_3,1,PROTECTING,Field_6,1,PROTECTING,Field_6,1,PROTECTING,Field_6,1,PROTECTING,Field_4,1,IDLE,,1,IDLE,,1,PROTECTING,Field_3,1,PROTECTING,Field_4,1,PROTECTING,Field_6,1,MOVING_TO_FIELD,Field_19,1,MOVING_TO_FIELD,Field_19,1,PROTECTING,Field_15,1,MOVING_TO_FIELD,Field_15,1,IDLE,,1,MOVING_TO_FIELD,Field_15,1,IDLE,,1,PROTECTING,Field_7,1,PROTECTING,Field_9,1,IDLE,,1,PROTECTING,Field_7,1,PROTECTING,Field_9,1,IDLE,,1,IDLE,,1,IDLE,,1,IDLE,,1,IDLE,,1,IDLE,,1,IDLE,,1,IDLE,,1,IDLE,,1,IDLE,,1,PROTECTING,Field_14,1,PROTECTING,Field_14,1,PROTECTING,Field_10,1,PROTECTING,Field_15,31,0.12,0,0,4,37,0.03,0,0,2,27,0.08,4,1,0,18,0.10,3,0,1,53,0.15,0,0,2,64,0.12,4,0,0,40,0.05,2,0,1,30,0.04,0,0,2,41,0.07,2,0,1,43,0.13,1,0,5,27,0.17,0,0,4,29,0.06,0,0,1,15,0.09,0,0,2,67,0.06,2,0,4,69,0.23,2,2,4,26,0.07,0,0,2,61,0.15,0,0,2,71,0.15,0,0,1,10,0.15,0,2,2,4,0.06,0,0,3
226,764,15,0,20,0,5,0,1,PROTECTING,Field_3,1,MOVING_TO_FIELD,Field_3,1,PROTECTING,Field_4,1,PROTECTING,Field_3,1,PROTECTING,Field_3,1,PROTECTING,Field_6,1,PROTECTING,Field_6,1,PROTECTING,Field_6,1,PROTECTING,Field_4,1,IDLE,,1,IDLE,,1,PROTECTING,Field_3,1,PROTECTING,Field_4,1,PROTECTING,Field_6,1,MOVING_TO_FIELD,Field_19,1,MOVING_TO_FIELD,Field_19,1,PROTECTING,Field_15,1,MOVING_TO_FIELD,Field_15,1,IDLE,,1,MOVING_TO_FIELD,Field_15,1,IDLE,,1,PROTECTING,Field_7,1,PROTECTING,Field_9,1,IDLE,,1,PROTECTING,Field_7,1,PROTECTING,Field_9,1,IDLE,,1,IDLE,,1,IDLE,,1,IDLE,,1,IDLE,,1,IDLE,,1,IDLE,,1,IDLE,,1,IDLE,,1,IDLE,,1,PROTECTING,Field_14,1,PROTECTING,Field_14,1,PROTECTING,Field_10,1,PROTECTING,Field_15,31,0.12,0,0,4,37,0.04,0,0,2,27,0.09,4,1,0,18,0.09,3,0,1,53,0.14,0,0,2,64,0.11,4,0,0,40,0.05,2,0,1,30,0.04,0,0,2,41,0.07,2,0,1,43,0.14,1,0,5,27,0.17,0,0,4,29,0.06,0,0,1,15,0.09,0,0,2,67,0.07,2,0,4,70,0.23,2,2,4,26,0.09,0,0,2,61,0.15,0,0,2,71,0.15,0,0,1,10,0.13,0,2,2,4,0.08,0,0,3
227,765,15,0,20,0,5,0,1,PROTECTING,Field_3,1,MOVING_TO_FIELD,Field_3,1,PROTECTING,Field_4,1,PROTECTING,Field_3,1,PROTECTING,Field_3,1,PROTECTING,Field_6,1,PROTECTING,Field_6,1,PROTECTING,Field_6,1,PROTECTING,Field_4,1,IDLE,,1,IDLE,,1,PROTECTING,Field_3,1,PROTECTING,Field_4,1,PROTECTING,Field_6,1,MOVING_TO_FIELD,Field_19,1,MOVING_TO_FIELD,Field_19,1,PROTECTING,Field_15,1,MOVING_TO_FIELD,Field_15,1,IDLE,,1,MOVING_TO_FIELD,Field_15,1,IDLE,,1,PROTECTING,Field_7,1,PROTECTING,Field_9,1,IDLE,,1,PROTECTING,Field_7,1,PROTECTING,Field_9,1,IDLE,,1,IDLE,,1,IDLE,,1,IDLE,,1,IDLE,,1,IDLE,,1,IDLE,,1,IDLE,,1,IDLE,,1,IDLE,,1,PROTECTING,Field_14,1,PROTECTING,Field_14,1,PROTECTING,Field_10,1,PROTECTING,Field_15,31,0.13,0,0,4,37,0.04,0,0,2,27,0.09,4,1,0,18,0.10,3,0,1,53,0.12,0,0,2,64,0.10,4,0,0,40,0.05,2,0,1,30,0.04,0,0,2,41,0.07,2,0,1,43,0.14,1,0,5,27,0.17,0,0,4,29,0.06,0,0,1,15,0.09,0,0,2,67,0.07,2,0,4,70,0.24,2,2,4,26,0.07,0,0,2,62,0.16,0,0,2,71,0.15,0,0,1,10,0.13,0,2,2,4,0.08,0,0,3
228,770,15,0,20,0,5,0,1,PROTECTING,Field_3,1,MOVING_TO_FIELD,Field_3,1,PROTECTING,Field_4,1,PROTECTING,Field_3,1,PROTECTING,Field_3,1,PROTECTING,Field_6,1,PROTECTING,Field_6,1,PROTECTING,Field_6,1,PROTECTING,Field_4,1,IDLE,,1,IDLE,,1,PROTECTING,Field_3,1,PROTECTING,Field_4,1,PROTECTING,Field_6,1,MOVING_TO_FIELD,Field_19,1,MOVING_TO_FIELD,Field_19,1,PROTECTING,Field_15,1,MOVING_TO_FIELD,Field_15,1,IDLE,,1,MOVING_TO_FIELD,Field_15,1,IDLE,,1,PROTECTING,Field_7,1,PROTECTING,Field_9,1,IDLE,,1,PROTECTING,Field_7,1,PROTECTING,Field_9,1,IDLE,,1,IDLE,,1,IDLE,,1,IDLE,,1,IDLE,,1,IDLE,,1,IDLE,,1,IDLE,,1,IDLE,,1,IDLE,,1,PROTECTING,Field_14,1,PROTECTING,Field_14,1,PROTECTING,Field_10,1,PROTECTING,Field_15,31,0.13,0,0,4,37,0.05,0,0,2,27,0.09,4,1,0,18,0.09,3,0,1,53,0.12,0,0,2,64,0.09,4,0,0,40,0.06,2,0,1,30,0.04,0,0,2,41,0.07,2,0,1,44,0.14,1,0,5,27,0.13,0,0,4,29,0.03,0,0,1,15,0.09,0,0,2,67,0.07,2,0,4,71,0.26,2,2,4,27,0.09,0,0,2,63,0.18,0,0,2,71,0.13,0,0,1,11,0.15,0,2,2,4,0.08,0,0,3
229,771,15,0,20,0,5,0,1,PROTECTING,Field_3,1,MOVING_TO_FIELD,Field_3,1,PROTECTING,Field_4,1,PROTECTING,Field_3,1,PROTECTING,Field_3,1,PROTECTING,Field_6,1,PROTECTING,Field_6,1,PROTECTING,Field_6,1,PROTECTING,Field_4,1,IDLE,,1,IDLE,,1,PROTECTING,Field_3,1,PROTECTING,Field_4,1,PROTECTING,Field_6,1,MOVING_TO_FIELD,Field_19,1,MOVING_TO_FIELD,Field_19,1,PROTECTING,Field_15,1,MOVING_TO_FIELD,Field_15,1,IDLE,,1,MOVING_TO_FIELD,Field_15,1,IDLE,,1,PROTECTING,Field_7,1,PROTECTING,Field_9,1,IDLE,,1,PROTECTING,Field_7,1,PROTECTING,Field_9,1,IDLE,,1,IDLE,,1,IDLE,,1,IDLE,,1,IDLE,,1,IDLE,,1,IDLE,,1,IDLE,,1,IDLE,,1,IDLE,,1,PROTECTING,Field_14,1,PROTECTING,Field_14,1,PROTECTING,Field_10,1,PROTECTING,Field_15,31,0.12,0,0,4,37,0.04,0,0,2,27,0.09,4,1,0,18,0.08,3,0,1,53,0.12,0,0,2,64,0.09,4,0,0,40,0.06,2,0,1,30,0.04,0,0,2,41,0.08,2,0,1,44,0.15,1,0,5,27,0.13,0,0,4,29,0.03,0,0,1,15,0.11,0,0,2,67,0.07,2,0,4,71,0.24,2,2,4,27,0.09,0,0,2,64,0.18,0,0,2,71,0.13,0,0,1,11,0.15,0,2,2,4,0.08,0,0,3
230,773,15,0,21,0,4,0,1,PROTECTING,Field_3,1,MOVING_TO_FIELD,Field_3,1,PROTECTING,Field_4,1,PROTECTING,Field_3,1,PROTECTING,Field_3,1,PROTECTING,Field_6,1,PROTECTING,Field_6,1,PROTECTING,Field_6,1,PROTECTING,Field_4,1,IDLE,,1,IDLE,,1,PROTECTING,Field_3,1,PROTECTING,Field_4,1,PROTECTING,Field_6,1,MOVING_TO_FIELD,Field_19,1,MOVING_TO_FIELD,Field_19,1,PROTECTING,Field_15,1,PROTECTING,Field_15,1,IDLE,,1,MOVING_TO_FIELD,Field_15,1,IDLE,,1,PROTECTING,Field_7,1,PROTECTING,Field_9,1,IDLE,,1,PROTECTING,Field_7,1,PROTECTING,Field_9,1,IDLE,,1,IDLE,,1,IDLE,,1,IDLE,,1,IDLE,,1,IDLE,,1,IDLE,,1,IDLE,,1,IDLE,,1,IDLE,,1,PROTECTING,Field_14,1,PROTECTING,Field_14,1,PROTECTING,Field_10,1,PROTECTING,Field_15,31,0.13,0,0,4,37,0.04,0,0,2,27,0.08,4,1,0,18,0.08,3,0,1,54,0.12,0,0,2,64,0.07,4,0,0,40,0.07,2,0,1,30,0.04,0,0,2,41,0.08,2,0,1,44,0.15,1,0,5,27,0.12,0,0,4,29,0.03,0,0,1,15,0.07,0,0,2,67,0.07,2,0,4,71,0.24,3,1,3,27,0.11,0,0,2,64,0.18,0,0,2,71,0.13,0,0,1,12,0.15,0,2,2,4,0.10,0,0,3
231,777,15,0,19,0,6,0,1,PROTECTING,Field_3,1,MOVING_TO_FIELD,Field_3,1,PROTECTING,Field_4,1,PROTECTING,Field_3,1,PROTECTING,Field_3,1,PROTECTING,Field_6,1,PROTECTING,Field_6,1,PROTECTING,Field_6,1,PROTECTING,Field_4,1,IDLE,,1,IDLE,,1,PROTECTING,Field_3,1,PROTECTING,Field_4,1,PROTECTING,Field_6,1,MOVING_TO_FIELD,Field_19,1,MOVING_TO_FIELD,Field_19,1,PROTECTING,Field_15,1,PROTECTING,Field_15,1,IDLE,,1,MOVING_TO_FIELD,Field_15,1,IDLE,,1,MOVING_TO_FIELD,Field_8,1,PROTECTING,Field_9,1,IDLE,,1,MOVING_TO_FIELD,Field_8,1,PROTECTING,Field_9,1,IDLE,,1,IDLE,,1,IDLE,,1,IDLE,,1,IDLE,,1,IDLE,,1,IDLE,,1,IDLE,,1,IDLE,,1,IDLE,,1,PROTECTING,Field_14,1,PROTECTING,Field_14,1,PROTECTING,Field_10,1,PROTECTING,Field_15,31,0.13,0,0,4,37,0.04,0,0,2,27,0.10,4,1,0,18,0.08,3,0,1,55,0.11,0,0,2,64,0.07,4,0,0,40,0.05,0,0,3,30,0.04,0,2,2,41,0.08,2,0,1,44,0.14,1,0,5,27,0.12,0,0,4,29,0.03,0,0,1,16,0.07,0,0,2,67,0.07,2,0,4,71,0.24,3,1,3,27,0.12,0,0,2,65,0.20,0,0,2,71,0.11,0,0,1,13,0.15,0,2,2,4,0.10,0,0,3
232,780,15,0,19,0,6,0,1,PROTECTING,Field_3,1,MOVING_TO_FIELD,Field_3,1,PROTECTING,Field_4,1,PROTECTING,Field_3,1,PROTECTING,Field_3,1,PROTECTING,Field_6,1,PROTECTING,Field_6,1,PROTECTING,Field_6,1,PROTECTING,Field_4,1,IDLE,,1,IDLE,,1,PROTECTING,Field_3,1,PROTECTING,Field_4,1,PROTECTING,Field_6,1,MOVING_TO_FIELD,Field_19,1,MOVING_TO_FIELD,Field_19,1,PROTECTING,Field_15,1,PROTECTING,Field_15,1,IDLE,,1,MOVING_TO_FIELD,Field_15,1,IDLE,,1,MOVING_TO_FIELD,Field_8,1,PROTECTING,Field_9,1,IDLE,,1,MOVING_TO_FIELD,Field_8,1,PROTECTING,Field_9,1,IDLE,,1,IDLE,,1,IDLE,,1,IDLE,,1,IDLE,,1,IDLE,,1,IDLE,,1,IDLE,,1,IDLE,,1,IDLE,,1,PROTECTING,Field_14,1,PROTECTING,Field_14,1,PROTECTING,Field_10,1,PROTECTING,Field_15,31,0.12,0,0,4,37,0.05,0,0,2,27,0.10,4,1,0,18,0.08,3,0,1,56,0.11,0,0,2,64,0.07,4,0,0,40,0.05,0,0,3,30,0.06,0,2,2,41,0.07,2,0,1,44,0.14,1,0,5,27,0.14,0,0,4,29,0.06,0,0,1,16,0.05,0,0,2,67,0.07,2,0,4,72,0.26,3,1,3,27,0.12,0,0,2,65,0.20,0,0,2,71,0.11,0,0,1,14,0.13,0,2,2,4,0.08,0,0,3
233,784,15,0,19,0,6,0,1,PROTECTING,Field_3,1,MOVING_TO_FIELD,Field_3,1,PROTECTING,Field_4,1,PROTECTING,Field_3,1,PROTECTING,Field_3,1,PROTECTING,Field_6,1,PROTECTING,Field_6,1,PROTECTING,Field_6,1,PROTECTING,Field_4,1,IDLE,,1,IDLE,,1,PROTECTING,Field_3,1,PROTECTING,Field_4,1,PROTECTING,Field_6,1,MOVING_TO_FIELD,Field_19,1,MOVING_TO_FIELD,Field_19,1,PROTECTING,Field_15,1,PROTECTING,Field_15,1,IDLE,,1,MOVING_TO_FIELD,Field_15,1,IDLE,,1,MOVING_TO_FIELD,Field_8,1,PROTECTING,Field_9,1,IDLE,,1,MOVING_TO_FIELD,Field_8,1,PROTECTING,Field_9,1,IDLE,,1,IDLE,,1,IDLE,,1,IDLE,,1,IDLE,,1,IDLE,,1,IDLE,,1,IDLE,,1,IDLE,,1,IDLE,,1,PROTECTING,Field_14,1,PROTECTING,Field_14,1,PROTECTING,Field_10,1,PROTECTING,Field_15,33,0.13,0,0,4,37,0.07,0,0,2,27,0.10,4,1,0,18,0.08,3,0,1,56,0.10,0,0,2,64,0.07,4,0,0,40,0.05,0,0,3,30,0.06,0,2,2,42,0.07,2,0,1,44,0.14,1,0,5,27,0.14,0,0,4,29,0.06,0,0,1,16,0.05,0,0,2,67,0.07,2,0,4,72,0.25,3,1,3,27,0.11,0,0,2,66,0.20,0,0,2,71,0.11,0,0,1,14,0.13,0,2,2,4,0.10,0,0,3
234,784,15,0,19,0,6,0,1,PROTECTING,Field_3,1,MOVING_TO_FIELD,Field_3,1,PROTECTING,Field_4,1,PROTECTING,Field_3,1,PROTECTING,Field_3,1,PROTECTING,Field_6,1,PROTECTING,Field_6,1,PROTECTING,Field_6,1,PROTECTING,Field_4,1,IDLE,,1,IDLE,,1,PROTECTING,Field_3,1,PROTECTING,Field_4,1,PROTECTING,Field_6,1,MOVING_TO_FIELD,Field_19,1,MOVING_TO_FIELD,Field_19,1,PROTECTING,Field_15,1,PROTECTING,Field_15,1,IDLE,,1,MOVING_TO_FIELD,Field_15,1,IDLE,,1,MOVING_TO_FIELD,Field_8,1,PROTECTING,Field_9,1,IDLE,,1,MOVING_TO_FIELD,Field_8,1,PROTECTING,Field_9,1,IDLE,,1,IDLE,,1,IDLE,,1,IDLE,,1,IDLE,,1,IDLE,,1,IDLE,,1,IDLE,,1,IDLE,,1,IDLE,,1,PROTECTING,Field_14,1,PROTECTING,Field_14,1,PROTECTING,Field_10,1,PROTECTING,Field_15,33,0.13,0,0,4,37,0.07,0,0,2,27,0.09,4,1,0,18,0.08,3,0,1,56,0.11,0,0,2,64,0.05,4,0,0,40,0.05,0,0,3,30,0.06,0,2,2,42,0.07,2,0,1,44,0.14,1,0,5,27,0.14,0,0,4,29,0.03,0,0,1,16,0.05,0,0,2,67,0.07,2,0,4,72,0.26,3,1,3,27,0.11,0,0,2,66,0.21,0,0,2,71,0.13,0,0,1,14,0.15,0,2,2,4,0.10,0,0,3
235,784,15,0,19,0,6,0,1,PROTECTING,Field_3,1,MOVING_TO_FIELD,Field_3,1,PROTECTING,Field_4,1,PROTECTING,Field_3,1,PROTECTING,Field_3,1,PROTECTING,Field_6,1,PROTECTING,Field_6,1,PROTECTING,Field_6,1,PROTECTING,Field_4,1,IDLE,,1,IDLE,,1,PROTECTING,Field_3,1,PROTECTING,Field_4,1,PROTECTING,Field_6,1,MOVING_TO_FIELD,Field_19,1,MOVING_TO_FIELD,Field_19,1,PROTECTING,Field_15,1,PROTECTING,Field_15,1,IDLE,,1,MOVING_TO_FIELD,Field_15,1,IDLE,,1,MOVING_TO_FIELD,Field_8,1,PROTECTING,Field_9,1,IDLE,,1,MOVING_TO_FIELD,Field_8,1,PROTECTING,Field_9,1,IDLE,,1,IDLE,,1,IDLE,,1,IDLE,,1,IDLE,,1,IDLE,,1,IDLE,,1,IDLE,,1,IDLE,,1,IDLE,,1,PROTECTING,Field_14,1,PROTECTING,Field_14,1,PROTECTING,Field_10,1,PROTECTING,Field_15,33,0.13,0,0,4,37,0.08,0,0,2,27,0.08,4,1,0,18,0.09,3,0,1,56,0.11,0,0,2,64,0.05,4,0,0,40,0.05,0,0,3,30,0.06,0,2,2,42,0.08,2,0,1,44,0.14,1,0,5,27,0.14,0,0,4,29,0.03,0,0,1,16,0.05,0,0,2,67,0.07,2,0,4,72,0.25,3,1,3,27,0.10,0,0,2,66,0.21,0,0,2,71,0.13,0,0,1,14,0.15,0,2,2,4,0.12,0,0,3
236,785,15,0,20,0,5,0,1,PROTECTING,Field_3,1,PROTECTING,Field_3,1,PROTECTING,Field_4,1,PROTECTING,Field_3,1,PROTECTING,Field_3,1,PROTECTING,Field_6,1,PROTECTING,Field_6,1,PROTECTING,Field_6,1,PROTECTING,Field_4,1,IDLE,,1,IDLE,,1,PROTECTING,Field_3,1,PROTECTING,Field_4,1,PROTECTING,Field_6,1,MOVING_TO_FIELD,Field_19,1,MOVING_TO_FIELD,Field_19,1,PROTECTING,Field_15,1,PROTECTING,Field_15,1,IDLE,,1,MOVING_TO_FIELD,Field_15,1,IDLE,,1,MOVING_TO_FIELD,Field_8,1,PROTECTING,Field_9,1,IDLE,,1,MOVING_TO_FIELD,Field_8,1,PROTECTING,Field_9,1,IDLE,,1,IDLE,,1,IDLE,,1,IDLE,,1,IDLE,,1,IDLE,,1,IDLE,,1,IDLE,,1,IDLE,,1,IDLE,,1,PROTECTING,Field_14,1,PROTECTING,Field_14,1,PROTECTING,Field_10,1,PROTECTING,Field_15,33,0.13,0,0,4,37,0.08,0,0,2,27,0.08,5,0,-1,18,0.10,3,0,1,56,0.15,0,0,2,64,0.03,4,0,0,40,0.05,0,0,3,30,0.06,0,2,2,42,0.07,2,0,1,44,0.14,1,0,5,27,0.14,0,0,4,29,0.03,0,0,1,16,0.05,0,0,2,67,0.07,2,0,4,72,0.25,3,1,3,27,0.10,0,0,2,67,0.18,0,0,2,71,0.15,0,0,1,14,0.15,0,2,2,4,0.12,0,0,3
237,788,15,0,21,0,4,0,1,PROTECTING,Field_3,1,PROTECTING,Field_3,1,PROTECTING,Field_4,1,PROTECTING,Field_3,1,PROTECTING,Field_3,1,PROTECTING,Field_6,1,PROTECTING,Field_6,1,PROTECTING,Field_6,1,PROTECTING,Field_4,1,IDLE,,1,IDLE,,1,PROTECTING,Field_3,1,PROTECTING,Field_4,1,PROTECTING,Field_6,1,PROTECTING,Field_19,1,MOVING_TO_FIELD,Field_19,1,PROTECTING,Field_15,1,PROTECTING,Field_15,1,IDLE,,1,MOVING_TO_FIELD,Field_15,1,IDLE,,1,MOVING_TO_FIELD,Field_8,1,PROTECTING,Field_9,1,IDLE,,1,MOVING_TO_FIELD,Field_8,1,PROTECTING,Field_9,1,IDLE,,1,IDLE,,1,IDLE,,1,IDLE,,1,IDLE,,1,IDLE,,1,IDLE,,1,IDLE,,1,IDLE,,1,IDLE,,1,PROTECTING,Field_14,1,PROTECTING,Field_14,1,PROTECTING,Field_10,1,PROTECTING,Field_15,33,0.12,0,0,4,37,0.08,0,0,2,27,0.09,5,0,-1,18,0.10,3,0,1,57,0.16,0,0,2,64,0.03,4,0,0,40,0.05,0,0,3,30,0.06,0,2,2,42,0.06,2,0,1,44,0.14,1,0,5,27,0.12,0,0,4,29,0.03,0,0,1,16,0.05,0,0,2,67,0.07,2,0,4,72,0.26,3,1,3,28,0.10,0,0,2,68,0.16,0,0,2,71,0.15,0,0,1,14,0.13,1,1,1,4,0.12,0,0,3
238,789,15,0,21,0,4,0,1,PROTECTING,Field_3,1,PROTECTING,Field_3,1,PROTECTING,Field_4,1,PROTECTING,Field_3,1,PROTECTING,Field_3,1,PROTECTING,Field_6,1,PROTECTING,Field_6,1,PROTECTING,Field_6,1,PROTECTING,Field_4,1,IDLE,,1,IDLE,,1,PROTECTING,Field_3,1,PROTECTING,Field_4,1,PROTECTING,Field_6,1,PROTECTING,Field_19,1,MOVING_TO_FIELD,Field_19,1,PROTECTING,Field_15,1,PROTECTING,Field_15,1,IDLE,,1,MOVING_TO_FIELD,Field_15,1,IDLE,,1,MOVING_TO_FIELD,Field_8,1,PROTECTING,Field_9,1,IDLE,,1,MOVING_TO_FIELD,Field_8,1,PROTECTING,Field_9,1,IDLE,,1,IDLE,,1,IDLE,,1,IDLE,,1,IDLE,,1,IDLE,,1,IDLE,,1,IDLE,,1,IDLE,,1,IDLE,,1,PROTECTING,Field_14,1,PROTECTING,Field_14,1,PROTECTING,Field_10,1,PROTECTING,Field_15,33,0.12,0,0,4,37,0.07,0,0,2,27,0.07,5,0,-1,18,0.10,3,0,1,57,0.15,0,0,2,64,0.03,4,0,0,40,0.04,0,0,3,30,0.07,0,2,2,42,0.07,2,0,1,44,0.14,1,0,5,27,0.12,0,0,4,29,0.03,0,0,1,16,0.09,0,0,2,67,0.07,2,0,4,73,0.26,3,1,3,28,0.10,0,0,2,68,0.16,0,0,2,71,0.15,0,0,1,14,0.13,1,1,1,4,0.12,0,0,3
239,792,15,0,21,0,4,0,1,PROTECTING,Field_3,1,PROTECTING,Field_3,1,PROTECTING,Field_4,1,PROTECTING,Field_3,1,PROTECTING,Field_3,1,PROTECTING,Field_6,1,PROTECTING,Field_6,1,PROTECTING,Field_6,1,PROTECTING,Field_4,1,IDLE,,1,IDLE,,1,PROTECTING,Field_3,1,PROTECTING,Field_4,1,PROTECTING,Field_6,1,PROTECTING,Field_19,1,MOVING_TO_FIELD,Field_19,1,PROTECTING,Field_15,1,PROTECTING,Field_15,1,IDLE,,1,MOVING_TO_FIELD,Field_15,1,IDLE,,1,MOVING_TO_FIELD,Field_8,1,PROTECTING,Field_9,1,IDLE,,1,MOVING_TO_FIELD,Field_8,1,PROTECTING,Field_9,1,IDLE,,1,IDLE,,1,IDLE,,1,IDLE,,1,IDLE,,1,IDLE,,1,IDLE,,1,IDLE,,1,IDLE,,1,IDLE,,1,PROTECTING,Field_14,1,PROTECTING,Field_14,1,PROTECTING,Field_10,1,PROTECTING,Field_15,34,0.12,0,0,4,37,0.08,0,0,2,27,0.05,5,0,-1,18,0.10,3,0,1,57,0.15,0,0,2,64,0.03,4,0,0,40,0.02,0,0,3,30,0.07,0,2,2,42,0.07,2,0,1,44,0.14,1,0,5,27,0.13,0,0,4,29,0.03,0,0,1,16,0.09,0,0,2,67,0.08,2,0,4,73,0.25,3,1,3,28,0.09,0,0,2,69,0.16,0,0,2,72,0.15,0,0,1,14,0.13,1,1,1,4,0.10,0,0,3
240,793,15,0,22,0,3,0,1,PROTECTING,Field_3,1,PROTECTING,Field_3,1,PROTECTING,Field_4,1,PROTECTING,Field_3,1,PROTECTING,Field_3,1,PROTECTING,Field_6,1,PROTECTING,Field_6,1,PROTECTING,Field_6,1,PROTECTING,Field_4,1,IDLE,,1,IDLE,,1,PROTECTING,Field_3,1,PROTECTING,Field_4,1,PROTECTING,Field_6,1,PROTECTING,Field_19,1,PROTECTING,Field_19,1,PROTECTING,Field_15,1,PROTECTING,Field_15,1,IDLE,,1,MOVING_TO_FIELD,Field_15,1,IDLE,,1,MOVING_TO_FIELD,Field_8,1,PROTECTING,Field_9,1,IDLE,,1,MOVING_TO_FIELD,Field_8,1,PROTECTING,Field_9,1,IDLE,,1,IDLE,,1,IDLE,,1,IDLE,,1,IDLE,,1,IDLE,,1,IDLE,,1,IDLE,,1,IDLE,,1,IDLE,,1,PROTECTING,Field_14,1,PROTECTING,Field_14,1,PROTECTING,Field_10,1,PROTECTING,Field_15,34,0.12,0,0,4,37,0.07,0,0,2,27,0.05,5,0,-1,18,0.08,3,0,1,57,0.15,0,0,2,64,0.03,4,0,0,40,0.02,0,0,3,30,0.09,0,2,2,42,0.06,2,0,1,45,0.14,1,0,5,27,0.13,0,0,4,29,0.03,0,0,1,16,0.09,0,0,2,67,0.08,2,0,4,73,0.25,3,1,3,28,0.09,0,0,2,69,0.18,0,0,2,72,0.11,0,0,1,14,0.13,2,0,0,4,0.10,0,0,3
241,794,15,0,23,0,2,0,1,PROTECTING,Field_3,1,PROTECTING,Field_3,1,PROTECTING,Field_4,1,PROTECTING,Field_3,1,PROTECTING,Field_3,1,PROTECTING,Field_6,1,PROTECTING,Field_6,1,PROTECTING,Field_6,1,PROTECTING,Field_4,1,IDLE,,1,IDLE,,1,PROTECTING,Field_3,1,PROTECTING,Field_4,1,PROTECTING,Field_6,1,PROTECTING,Field_19,1,PROTECTING,Field_19,1,PROTECTING,Field_15,1,PROTECTING,Field_15,1,IDLE,,1,PROTECTING,Field_15,1,IDLE,,1,MOVING_TO_FIELD,Field_8,1,PROTECTING,Field_9,1,IDLE,,1,MOVING_TO_FIELD,Field_8,1,PROTECTING,Field_9,1,IDLE,,1,IDLE,,1,IDLE,,1,IDLE,,1,IDLE,,1,IDLE,,1,IDLE,,1,IDLE,,1,IDLE,,1,IDLE,,1,PROTECTING,Field_14,1,PROTECTING,Field_14,1,PROTECTING,Field_10,1,PROTECTING,Field_15,34,0.13,0,0,4,37,0.09,0,0,2,27,0.05,5,0,-1,18,0.08,3,0,1,58,0.14,0,0,2,64,0.03,4,0,0,40,0.02,0,0,3,30,0.09,0,2,2,42,0.06,2,0,1,45,0.13,1,0,5,27,0.13,0,0,4,29,0.03,0,0,1,16,0.09,0,0,2,67,0.08,2,0,4,73,0.25,4,0,2,28,0.09,0,0,2,69,0.20,0,0,2,72,0.11,0,0,1,14,0.13,2,0,0,4,0.12,0,0,3
242,796,15,0,24,0,1,0,1,PROTECTING,Field_3,1,PROTECTING,Field_3,1,PROTECTING,Field_4,1,PROTECTING,Field_3,1,PROTECTING,Field_3,1,PROTECTING,Field_6,1,PROTECTING,Field_6,1,PROTECTING,Field_6,1,PROTECTING,Field_4,1,IDLE,,1,IDLE,,1,PROTECTING,Field_3,1,PROTECTING,Field_4,1,PROTECTING,Field_6,1,PROTECTING,Field_19,1,PROTECTING,Field_19,1,PROTECTING,Field_15,1,PROTECTING,Field_15,1,IDLE,,1,PROTECTING,Field_15,1,IDLE,,1,MOVING_TO_FIELD,Field_8,1,PROTECTING,Field_9,1,IDLE,,1,PROTECTING,Field_8,1,PROTECTING,Field_9,1,IDLE,,1,IDLE,,1,IDLE,,1,IDLE,,1,IDLE,,1,IDLE,,1,IDLE,,1,IDLE,,1,IDLE,,1,IDLE,,1,PROTECTING,Field_14,1,PROTECTING,Field_14,1,PROTECTING,Field_10,1,PROTECTING,Field_15,34,0.13,0,0,4,37,0.10,0,0,2,27,0.05,5,0,-1,18,0.08,3,0,1,59,0.15,0,0,2,64,0.01,4,0,0,40,0.01,0,0,3,30,0.10,1,1,1,42,0.06,2,0,1,45,0.12,1,0,5,27,0.13,0,0,4,29,0.03,0,0,1,16,0.09,0,0,2,67,0.06,2,0,4,73,0.25,4,0,2,28,0.10,0,0,2,70,0.20,0,0,2,72,0.09,0,0,1,14,0.08,2,0,0,4,0.12,0,0,3
243,798,15,0,24,0,1,0,1,PROTECTING,Field_3,1,PROTECTING,Field_3,1,PROTECTING,Field_4,1,PROTECTING,Field_3,1,PROTECTING,Field_3,1,PROTECTING,Field_6,1,PROTECTING,Field_6,1,PROTECTING,Field_6,1,PROTECTING,Field_4,1,IDLE,,1,IDLE,,1,PROTECTING,Field_3,1,PROTECTING,Field_4,1,PROTECTING,Field_6,1,PROTECTING,Field_19,1,PROTECTING,Field_19,1,PROTECTING,Field_15,1,PROTECTING,Field_15,1,IDLE,,1,PROTECTING,Field_15,1,IDLE,,1,MOVING_TO_FIELD,Field_8,1,PROTECTING,Field_9,1,IDLE,,1,PROTECTING,Field_8,1,PROTECTING,Field_9,1,IDLE,,1,IDLE,,1,IDLE,,1,IDLE,,1,IDLE,,1,IDLE,,1,IDLE,,1,IDLE,,1,IDLE,,1,IDLE,,1,PROTECTING,Field_14,1,PROTECTING,Field_14,1,PROTECTING,Field_10,1,PROTECTING,Field_15,34,0.14,0,0,4,38,0.11,0,0,2,27,0.05,5,0,-1,18,0.06,3,0,1,59,0.15,0,0,2,64,0.01,4,0,0,40,0.01,0,0,3,30,0.11,1,1,1,43,0.06,2,0,1,45,0.14,1,0,5,27,0.14,0,0,4,29,0.03,0,0,1,16,0.09,0,0,2,67,0.06,2,0,4,73,0.24,4,0,2,28,0.09,0,0,2,70,0.18,0,0,2,72,0.11,0,0,1,14,0.08,2,0,0,4,0.12,0,0,3
244,799,15,0,25,0,0,0,1,PROTECTING,Field_3,1,PROTECTING,Field_3,1,PROTECTING,Field_4,1,PROTECTING,Field_3,1,PROTECTING,Field_3,1,PROTECTING,Field_6,1,PROTECTING,Field_6,1,PROTECTING,Field_6,1,PROTECTING,Field_4,1,IDLE,,1,IDLE,,1,PROTECTING,Field_3,1,PROTECTING,Field_4,1,PROTECTING,Field_6,1,PROTECTING,Field_19,1,PROTECTING,Field_19,1,PROTECTING,Field_15,1,PROTECTING,Field_15,1,IDLE,,1,PROTECTING,Field_15,1,IDLE,,1,PROTECTING,Field_8,1,PROTECTING,Field_9,1,IDLE,,1,PROTECTING,Field_8,1,PROTECTING,Field_9,1,IDLE,,1,IDLE,,1,IDLE,,1,IDLE,,1,IDLE,,1,IDLE,,1,IDLE,,1,IDLE,,1,IDLE,,1,IDLE,,1,PROTECTING,Field_14,1,PROTECTING,Field_14,1,PROTECTING,Field_10,1,PROTECTING,Field_15,34,0.14,0,0,4,39,0.11,0,0,2,27,0.04,5,0,-1,18,0.04,3,0,1,59,0.15,0,0,2,64,0.01,4,0,0,40,0.03,0,0,3,30,0.14,2,0,0,43,0.06,2,0,1,45,0.14,1,0,5,27,0.16,0,0,4,29,0.03,0,0,1,16,0.09,0,0,2,67,0.06,2,0,4,73,0.24,4,0,2,28,0.10,0,0,2,70,0.18,0,0,2,72,0.11,0,0,1,14,0.08,2,0,0,4,0.12,0,0,3
245,800,15,0,25,0,0,0,1,PROTECTING,Field_3,1,PROTECTING,Field_3,1,PROTECTING,Field_4,1,PROTECTING,Field_3,1,PROTECTING,Field_3,1,PROTECTING,Field_6,1,PROTECTING,Field_6,1,PROTECTING,Field_6,1,PROTECTING,Field_4,1,IDLE,,1,IDLE,,1,PROTECTING,Field_3,1,PROTECTING,Field_4,1,PROTECTING,Field_6,1,PROTECTING,Field_19,1,PROTECTING,Field_19,1,PROTECTING,Field_15,1,PROTECTING,Field_15,1,IDLE,,1,PROTECTING,Field_15,1,IDLE,,1,PROTECTING,Field_8,1,PROTECTING,Field_9,1,IDLE,,1,PROTECTING,Field_8,1,PROTECTING,Field_9,1,IDLE,,1,IDLE,,1,IDLE,,1,IDLE,,1,IDLE,,1,IDLE,,1,IDLE,,1,IDLE,,1,IDLE,,1,IDLE,,1,PROTECTING,Field_14,1,PROTECTING,Field_14,1,PROTECTING,Field_10,1,PROTECTING,Field_15,34,0.14,0,0,4,39,0.10,0,0,2,27,0.03,5,0,-1,18,0.03,3,0,1,59,0.16,0,0,2,64,0.02,4,0,0,40,0.03,0,0,3,30,0.13,2,0,0,43,0.06,2,0,1,45,0.15,1,0,5,27,0.17,0,0,4,29,0.03,0,0,1,16,0.07,0,0,2,67,0.07,2,0,4,73,0.24,4,0,2,28,0.09,0,0,2,71,0.20,0,0,2,72,0.11,0,0,1,14,0.06,2,0,0,4,0.10,0,0,3
246,803,15,0,25,0,0,0,1,PROTECTING,Field_3,1,PROTECTING,Field_3,1,PROTECTING,Field_4,1,PROTECTING,Field_3,1,PROTECTING,Field_3,1,PROTECTING,Field_6,1,PROTECTING,Field_6,1,PROTECTING,Field_6,1,PROTECTING,Field_4,1,IDLE,,1,IDLE,,1,PROTECTING,Field_3,1,PROTECTING,Field_4,1,PROTECTING,Field_6,1,PROTECTING,Field_19,1,PROTECTING,Field_19,1,PROTECTING,Field_15,1,PROTECTING,Field_15,1,IDLE,,1,PROTECTING,Field_15,1,IDLE,,1,PROTECTING,Field_8,1,PROTECTING,Field_9,1,IDLE,,1,PROTECTING,Field_8,1,PROTECTING,Field_9,1,IDLE,,1,IDLE,,1,IDLE,,1,IDLE,,1,IDLE,,1,IDLE,,1,IDLE,,1,IDLE,,1,IDLE,,1,IDLE,,1,PROTECTING,Field_14,1,PROTECTING,Field_14,1,PROTECTING,Field_10,1,PROTECTING,Field_15,34,0.14,0,0,4,39,0.10,0,0,2,27,0.03,5,0,-1,18,0.03,3,0,1,59,0.15,0,0,2,64,0.02,4,0,0,40,0.04,0,0,3,30,0.13,2,0,0,44,0.08,2,0,1,45,0.17,1,0,5,27,0.18,0,0,4,29,0.03,0,0,1,16,0.07,0,0,2,67,0.04,2,0,4,74,0.25,4,0,2,29,0.10,0,0,2,71,0.21,0,0,2,72,0.11,0,0,1,14,0.08,2,0,0,4,0.10,0,0,3
247,803,15,0,25,0,0,0,1,PROTECTING,Field_3,1,PROTECTING,Field_3,1,PROTECTING,Field_4,1,PROTECTING,Field_3,1,PROTECTING,Field_3,1,PROTECTING,Field_6,1,PROTECTING,Field_6,1,PROTECTING,Field_6,1,PROTECTING,Field_4,1,IDLE,,1,IDLE,,1,PROTECTING,Field_3,1,PROTECTING,Field_4,1,PROTECTING,Field_6,1,PROTECTING,Field_19,1,PROTECTING,Field_19,1,PROTECTING,Field_15,1,PROTECTING,Field_15,1,IDLE,,1,PROTECTING,Field_15,1,IDLE,,1,PROTECTING,Field_8,1,PROTECTING,Field_9,1,IDLE,,1,PROTECTING,Field_8,1,PROTECTING,Field_9,1,IDLE,,1,IDLE,,1,IDLE,,1,IDLE,,1,IDLE,,1,IDLE,,1,IDLE,,1,IDLE,,1,IDLE,,1,IDLE,,1,PROTECTING,Field_14,1,PROTECTING,Field_14,1,PROTECTING,Field_10,1,PROTECTING,Field_15,34,0.14,0,0,4,39,0.10,0,0,2,27,0.02,5,0,-1,18,0.04,3,0,1,59,0.15,0,0,2,64,0.02,4,0,0,40,0.04,0,0,3,30,0.13,2,0,0,44,0.08,2,0,1,45,0.17,1,0,5,27,0.18,0,0,4,29,0.03,0,0,1,16,0.09,0,0,2,67,0.04,2,0,4,74,0.26,4,0,2,29,0.09,0,0,2,71,0.21,0,0,2,72,0.09,0,0,1,14,0.08,2,0,0,4,0.10,0,0,3
248,806,15,0,25,0,0,0,1,PROTECTING,Field_3,1,PROTECTING,Field_3,1,PROTECTING,Field_4,1,PROTECTING,Field_3,1,PROTECTING,Field_3,1,PROTECTING,Field_6,1,PROTECTING,Field_6,1,PROTECTING,Field_6,1,PROTECTING,Field_4,1,IDLE,,1,IDLE,,1,PROTECTING,Field_3,1,PROTECTING,Field_4,1,PROTECTING,Field_6,1,PROTECTING,Field_19,1,PROTECTING,Field_19,1,PROTECTING,Field_15,1,PROTECTING,Field_15,1,IDLE,,1,PROTECTING,Field_15,1,IDLE,,1,PROTECTING,Field_8,1,PROTECTING,Field_9,1,IDLE,,1,PROTECTING,Field_8,1,PROTECTING,Field_9,1,IDLE,,1,IDLE,,1,IDLE,,1,IDLE,,1,IDLE,,1,IDLE,,1,IDLE,,1,IDLE,,1,IDLE,,1,IDLE,,1,PROTECTING,Field_14,1,PROTECTING,Field_14,1,PROTECTING,Field_10,1,PROTECTING,Field_15,35,0.14,0,0,4,40,0.09,0,0,2,27,0.02,5,0,-1,18,0.04,3,0,1,59,0.15,0,0,2,64,0.02,4,0,0,40,0.04,0,0,3,30,0.13,2,0,0,44,0.08,2,0,1,45,0.17,1,0,5,27,0.17,0,0,4,29,0.03,0,0,1,16,0.09,0,0,2,67,0.04,2,0,4,74,0.25,4,0,2,29,0.10,0,0,2,72,0.18,0,0,2,72,0.09,0,0,1,14,0.10,2,0,0,4,0.10,0,0,3
249,808,15,0,25,0,0,0,1,PROTECTING,Field_3,1,PROTECTING,Field_3,1,PROTECTING,Field_4,1,PROTECTING,Field_3,1,PROTECTING,Field_3,1,PROTECTING,Field_6,1,PROTECTING,Field_6,1,PROTECTING,Field_6,1,PROTECTING,Field_4,1,IDLE,,1,IDLE,,1,PROTECTING,Field_3,1,PROTECTING,Field_4,1,PROTECTING,Field_6,1,PROTECTING,Field_19,1,PROTECTING,Field_19,1,PROTECTING,Field_15,1,PROTECTING,Field_15,1,IDLE,,1,PROTECTING,Field_15,1,IDLE,,1,PROTECTING,Field_8,1,PROTECTING,Field_9,1,IDLE,,1,PROTECTING,Field_8,1,PROTECTING,Field_9,1,IDLE,,1,IDLE,,1,IDLE,,1,IDLE,,1,IDLE,,1,IDLE,,1,IDLE,,1,IDLE,,1,IDLE,,1,IDLE,,1,PROTECTING,Field_14,1,PROTECTING,Field_14,1,PROTECTING,Field_10,1,PROTECTING,Field_15,35,0.14,0,0,4,40,0.09,0,0,2,27,0.02,5,0,-1,18,0.04,3,0,1,59,0.14,0,0,2,64,0.01,4,0,0,40,0.03,0,0,3,30,0.14,2,0,0,44,0.09,2,0,1,45,0.17,1,0,5,27,0.17,0,0,4,29,0.03,0,0,1,16,0.09,0,0,2,67,0.04,2,0,4,75,0.25,4,0,2,29,0.10,0,0,2,73,0.18,0,0,2,72,0.06,0,0,1,14,0.08,2,0,0,4,0.10,0,0,3
250,813,15,0,25,0,0,0,1,PROTECTING,Field_3,1,PROTECTING,Field_3,1,PROTECTING,Field_4,1,PROTECTING,Field_3,1,PROTECTING,Field_3,1,PROTECTING,Field_6,1,PROTECTING,Field_6,1,PROTECTING,Field_6,1,PROTECTING,Field_4,1,IDLE,,1,IDLE,,1,PROTECTING,Field_3,1,PROTECTING,Field_4,1,PROTECTING,Field_6,1,PROTECTING,Field_19,1,PROTECTING,Field_19,1,PROTECTING,Field_15,1,PROTECTING,Field_15,1,IDLE,,1,PROTECTING,Field_15,1,IDLE,,1,PROTECTING,Field_8,1,PROTECTING,Field_9,1,IDLE,,1,PROTECTING,Field_8,1,PROTECTING,Field_9,1,IDLE,,1,IDLE,,1,IDLE,,1,IDLE,,1,IDLE,,1,IDLE,,1,IDLE,,1,IDLE,,1,IDLE,,1,IDLE,,1,PROTECTING,Field_14,1,PROTECTING,Field_14,1,PROTECTING,Field_10,1,PROTECTING,Field_15,35,0.13,0,0,4,40,0.10,0,0,2,27,0.02,5,0,-1,18,0.03,3,0,1,60,0.14,0,0,2,64,0.01,4,0,0,40,0.04,0,0,3,30,0.13,2,0,0,44,0.08,2,0,1,45,0.18,1,0,5,27,0.17,0,0,4,29,0.03,0,0,1,16,0.09,0,0,2,67,0.04,2,0,4,78,0.25,4,0,2,29,0.09,0,0,2,74,0.16,0,0,2,72,0.06,0,0,1,14,0.06,2,0,0,4,0.12,0,0,3
251,814,15,0,18,0,7,0,1,PROTECTING,Field_3,1,PROTECTING,Field_3,1,PROTECTING,Field_4,1,PROTECTING,Field_3,1,PROTECTING,Field_3,1,PROTECTING,Field_6,1,PROTECTING,Field_6,1,PROTECTING,Field_6,1,PROTECTING,Field_4,1,IDLE,,1,IDLE,,1,PROTECTING,Field_3,1,PROTECTING,Field_4,1,MOVING_TO_FIELD,Field_1,1,MOVING_TO_FIELD,Field_11,1,MOVING_TO_FIELD,Field_11,1,MOVING_TO_FIELD,Field_5,1,MOVING_TO_FIELD,Field_5,1,IDLE,,1,PROTECTING,Field_15,1,IDLE,,1,PROTECTING,Field_8,1,PROTECTING,Field_9,1,IDLE,,1,PROTECTING,Field_8,1,PROTECTING,Field_9,1,IDLE,,1,IDLE,,1,IDLE,,1,IDLE,,1,IDLE,,1,IDLE,,1,IDLE,,1,IDLE,,1,IDLE,,1,IDLE,,1,MOVING_TO_FIELD,Field_10,1,MOVING_TO_FIELD,Field_10,1,PROTECTING,Field_10,1,PROTECTING,Field_15,36,0.13,0,1,4,40,0.10,0,0,2,27,0.02,5,0,-1,18,0.03,3,0,1,60,0.12,0,2,2,64,0.01,3,0,1,40,0.03,0,0,3,30,0.11,2,0,0,44,0.08,2,0,1,45,0.18,1,2,5,27,0.17,0,2,4,29,0.03,0,0,1,16,0.11,0,0,2,67,0.04,0,0,6,78,0.25,2,0,4,29,0.10,0,0,2,74,0.16,0,0,2,72,0.06,0,0,1,14,0.06,0,0,2,4,0.14,0,0,3
252,817,15,0,18,0,7,0,1,PROTECTING,Field_3,1,PROTECTING,Field_3,1,PROTECTING,Field_4,1,PROTECTING,Field_3,1,PROTECTING,Field_3,1,PROTECTING,Field_6,1,PROTECTING,Field_6,1,PROTECTING,Field_6,1,PROTECTING,Field_4,1,IDLE,,1,IDLE,,1,PROTECTING,Field_3,1,PROTECTING,Field_4,1,MOVING_TO_FIELD,Field_1,1,MOVING_TO_FIELD,Field_11,1,MOVING_TO_FIELD,Field_11,1,MOVING_TO_FIELD,Field_5,1,MOVING_TO_FIELD,Field_5,1,IDLE,,1,PROTECTING,Field_15,1,IDLE,,1,PROTECTING,Field_8,1,PROTECTING,Field_9,1,IDLE,,1,PROTECTING,Field_8,1,PROTECTING,Field_9,1,IDLE,,1,IDLE,,1,IDLE,,1,IDLE,,1,IDLE,,1,IDLE,,1,IDLE,,1,IDLE,,1,IDLE,,1,IDLE,,1,MOVING_TO_FIELD,Field_10,1,MOVING_TO_FIELD,Field_10,1,PROTECTING,Field_10,1,PROTECTING,Field_15,37,0.14,0,1,4,40,0.10,0,0,2,27,0.01,5,0,-1,18,0.06,3,0,1,60,0.12,0,2,2,64,0.02,3,0,1,40,0.03,0,0,3,30,0.11,2,0,0,44,0.09,2,0,1,45,0.20,1,2,5,28,0.17,0,2,4,29,0.03,0,0,1,16,0.11,0,0,2,67,0.04,0,0,6,78,0.24,2,0,4,29,0.10,0,0,2,75,0.16,0,0,2,72,0.06,0,0,1,14,0.08,0,0,2,4,0.14,0,0,3
253,820,15,0,18,0,7,0,1,PROTECTING,Field_3,1,PROTECTING,Field_3,1,PROTECTING,Field_4,1,PROTECTING,Field_3,1,PROTECTING,Field_3,1,PROTECTING,Field_6,1,PROTECTING,Field_6,1,PROTECTING,Field_6,1,PROTECTING,Field_4,1,IDLE,,1,IDLE,,1,PROTECTING,Field_3,1,PROTECTING,Field_4,1,MOVING_TO_FIELD,Field_1,1,MOVING_TO_FIELD,Field_11,1,MOVING_TO_FIELD,Field_11,1,MOVING_TO_FIELD,Field_5,1,MOVING_TO_FIELD,Field_5,1,IDLE,,1,PROTECTING,Field_15,1,IDLE,,1,PROTECTING,Field_8,1,PROTECTING,Field_9,1,IDLE,,1,PROTECTING,Field_8,1,PROTECTING,Field_9,1,IDLE,,1,IDLE,,1,IDLE,,1,IDLE,,1,IDLE,,1,IDLE,,1,IDLE,,1,IDLE,,1,IDLE,,1,IDLE,,1,MOVING_TO_FIELD,Field_10,1,MOVING_TO_FIELD,Field_10,1,PROTECTING,Field_10,1,PROTECTING,Field_15,37,0.14,0,1,4,40,0.10,0,0,2,27,0.01,5,0,-1,18,0.06,3,0,1,60,0.14,0,2,2,64,0.02,3,0,1,40,0.03,0,0,3,30,0.10,2,0,0,45,0.11,2,0,1,45,0.19,1,2,5,28,0.20,0,2,4,29,0.03,0,0,1,16,0.09,0,0,2,67,0.04,0,0,6,79,0.24,2,0,4,29,0.11,0,0,2,76,0.16,0,0,2,72,0.04,0,0,1,14,0.08,0,0,2,4,0.14,0,0,3
254,821,15,0,18,0,7,0,1,PROTECTING,Field_3,1,PROTECTING,Field_3,1,PROTECTING,Field_4,1,PROTECTING,Field_3,1,PROTECTING,Field_3,1,PROTECTING,Field_6,1,PROTECTING,Field_6,1,PROTECTING,Field_6,1,PROTECTING,Field_4,1,IDLE,,1,IDLE,,1,PROTECTING,Field_3,1,PROTECTING,Field_4,1,MOVING_TO_FIELD,Field_1,1,MOVING_TO_FIELD,Field_11,1,MOVING_TO_FIELD,Field_11,1,MOVING_TO_FIELD,Field_5,1,MOVING_TO_FIELD,Field_5,1,IDLE,,1,PROTECTING,Field_15,1,IDLE,,1,PROTECTING,Field_8,1,PROTECTING,Field_9,1,IDLE,,1,PROTECTING,Field_8,1,PROTECTING,Field_9,1,IDLE,,1,IDLE,,1,IDLE,,1,IDLE,,1,IDLE,,1,IDLE,,1,IDLE,,1,IDLE,,1,IDLE,,1,IDLE,,1,MOVING_TO_FIELD,Field_10,1,MOVING_TO_FIELD,Field_10,1,PROTECTING,Field_10,1,PROTECTING,Field_15,37,0.15,0,1,4,40,0.08,0,0,2,27,0.02,5,0,-1,18,0.06,3,0,1,60,0.14,0,2,2,64,0.03,3,0,1,40,0.03,0,0,3,30,0.09,2,0,0,45,0.10,2,0,1,45,0.19,1,2,5,28,0.18,0,2,4,29,0.03,0,0,1,16,0.09,0,0,2,67,0.04,0,0,6,80,0.24,2,0,4,29,0.10,0,0,2,76,0.16,0,0,2,72,0.02,0,0,1,14,0.08,0,0,2,4,0.14,0,0,3
255,823,15,0,18,0,7,0,1,PROTECTING,Field_3,1,PROTECTING,Field_3,1,PROTECTING,Field_4,1,PROTECTING,Field_3,1,PROTECTING,Field_3,1,PROTECTING,Field_6,1,PROTECTING,Field_6,1,PROTECTING,Field_6,1,PROTECTING,Field_4,1,IDLE,,1,IDLE,,1,PROTECTING,Field_3,1,PROTECTING,Field_4,1,MOVING_TO_FIELD,Field_1,1,MOVING_TO_FIELD,Field_11,1,MOVING_TO_FIELD,Field_11,1,MOVING_TO_FIELD,Field_5,1,MOVING_TO_FIELD,Field_5,1,IDLE,,1,PROTECTING,Field_15,1,IDLE,,1,PROTECTING,Field_8,1,PROTECTING,Field_9,1,IDLE,,1,PROTECTING,Field_8,1,PROTECTING,Field_9,1,IDLE,,1,IDLE,,1,IDLE,,1,IDLE,,1,IDLE,,1,IDLE,,1,IDLE,,1,IDLE,,1,IDLE,,1,IDLE,,1,MOVING_TO_FIELD,Field_10,1,MOVING_TO_FIELD,Field_10,1,PROTECTING,Field_10,1,PROTECTING,Field_15,37,0.15,0,1,4,40,0.08,0,0,2,27,0.02,5,0,-1,18,0.07,3,0,1,61,0.11,0,2,2,64,0.03,3,0,1,40,0.04,0,0,3,30,0.09,2,0,0,46,0.10,2,0,1,45,0.17,1,2,5,28,0.18,0,2,4,29,0.00,0,0,1,16,0.09,0,0,2,67,0.04,0,0,6,80,0.24,2,0,4,29,0.10,0,0,2,76,0.16,0,0,2,72,0.04,0,0,1,14,0.06,0,0,2,4,0.14,0,0,3
256,825,15,0,18,0,7,0,1,PROTECTING,Field_3,1,PROTECTING,Field_3,1,PROTECTING,Field_4,1,PROTECTING,Field_3,1,PROTECTING,Field_3,1,PROTECTING,Field_6,1,PROTECTING,Field_6,1,PROTECTING,Field_6,1,PROTECTING,Field_4,1,IDLE,,1,IDLE,,1,PROTECTING,Field_3,1,PROTECTING,Field_4,1,MOVING_TO_FIELD,Field_1,1,MOVING_TO_FIELD,Field_11,1,MOVING_TO_FIELD,Field_11,1,MOVING_TO_FIELD,Field_5,1,MOVING_TO_FIELD,Field_5,1,IDLE,,1,PROTECTING,Field_15,1,IDLE,,1,PROTECTING,Field_8,1,PROTECTING,Field_9,1,IDLE,,1,PROTECTING,Field_8,1,PROTECTING,Field_9,1,IDLE,,1,IDLE,,1,IDLE,,1,IDLE,,1,IDLE,,1,IDLE,,1,IDLE,,1,IDLE,,1,IDLE,,1,IDLE,,1,MOVING_TO_FIELD,Field_10,1,MOVING_TO_FIELD,Field_10,1,PROTECTING,Field_10,1,PROTECTING,Field_15,38,0.16,0,1,4,40,0.07,0,0,2,27,0.02,5,0,-1,18,0.07,3,0,1,61,0.10,0,2,2,64,0.03,3,0,1,40,0.04,0,0,3,30,0.09,2,0,0,46,0.09,2,0,1,45,0.16,1,2,5,29,0.17,0,2,4,29,0.00,0,0,1,16,0.07,0,0,2,67,0.04,0,0,6,80,0.24,2,0,4,29,0.09,0,0,2,76,0.18,0,0,2,72,0.02,0,0,1,14,0.06,0,0,2,4,0.16,0,0,3
257,826,15,0,18,0,7,0,1,PROTECTING,Field_3,1,PROTECTING,Field_3,1,PROTECTING,Field_4,1,PROTECTING,Field_3,1,PROTECTING,Field_3,1,PROTECTING,Field_6,1,PROTECTING,Field_6,1,PROTECTING,Field_6,1,PROTECTING,Field_4,1,IDLE,,1,IDLE,,1,PROTECTING,Field_3,1,PROTECTING,Field_4,1,MOVING_TO_FIELD,Field_1,1,MOVING_TO_FIELD,Field_11,1,MOVING_TO_FIELD,Field_11,1,MOVING_TO_FIELD,Field_5,1,MOVING_TO_FIELD,Field_5,1,IDLE,,1,PROTECTING,Field_15,1,IDLE,,1,PROTECTING,Field_8,1,PROTECTING,Field_9,1,IDLE,,1,PROTECTING,Field_8,1,PROTECTING,Field_9,1,IDLE,,1,IDLE,,1,IDLE,,1,IDLE,,1,IDLE,,1,IDLE,,1,IDLE,,1,IDLE,,1,IDLE,,1,IDLE,,1,MOVING_TO_FIELD,Field_10,1,MOVING_TO_FIELD,Field_10,1,PROTECTING,Field_10,1,PROTECTING,Field_15,38,0.16,0,1,4,40,0.08,0,0,2,27,0.02,5,0,-1,18,0.07,3,0,1,61,0.11,0,2,2,64,0.03,3,0,1,40,0.04,0,0,3,30,0.09,2,0,0,46,0.10,2,0,1,45,0.14,1,2,5,29,0.17,0,2,4,29,0.00,0,0,1,16,0.09,0,0,2,67,0.04,0,0,6,81,0.22,2,0,4,29,0.11,0,0,2,76,0.16,0,0,2,72,0.04,0,0,1,14,0.06,0,0,2,4,0.16,0,0,3
258,829,15,0,18,0,7,0,1,PROTECTING,Field_3,1,PROTECTING,Field_3,1,PROTECTING,Field_4,1,PROTECTING,Field_3,1,PROTECTING,Field_3,1,PROTECTING,Field_6,1,PROTECTING,Field_6,1,PROTECTING,Field_6,1,PROTECTING,Field_4,1,IDLE,,1,IDLE,,1,PROTECTING,Field_3,1,PROTECTING,Field_4,1,MOVING_TO_FIELD,Field_1,1,MOVING_TO_FIELD,Field_11,1,MOVING_TO_FIELD,Field_11,1,MOVING_TO_FIELD,Field_5,1,MOVING_TO_FIELD,Field_5,1,IDLE,,1,PROTECTING,Field_15,1,IDLE,,1,PROTECTING,Field_8,1,PROTECTING,Field_9,1,IDLE,,1,PROTECTING,Field_8,1,PROTECTING,Field_9,1,IDLE,,1,IDLE,,1,IDLE,,1,IDLE,,1,IDLE,,1,IDLE,,1,IDLE,,1,IDLE,,1,IDLE,,1,IDLE,,1,MOVING_TO_FIELD,Field_10,1,MOVING_TO_FIELD,Field_10,1,PROTECTING,Field_10,1,PROTECTING,Field_15,40,0.17,0,1,4,40,0.08,0,0,2,27,0.02,5,0,-1,18,0.07,3,0,1,61,0.11,0,2,2,64,0.03,3,0,1,40,0.03,0,0,3,30,0.10,2,0,0,47,0.10,2,0,1,45,0.14,1,2,5,29,0.17,0,2,4,29,0.00,0,0,1,16,0.09,0,0,2,67,0.03,0,0,6,81,0.22,2,0,4,29,0.12,0,0,2,76,0.18,0,0,2,72,0.04,0,0,1,14,0.06,0,0,2,4,0.16,0,0,3
259,837,15,0,18,0,7,0,1,PROTECTING,Field_3,1,PROTECTING,Field_3,1,PROTECTING,Field_4,1,PROTECTING,Field_3,1,PROTECTING,Field_3,1,PROTECTING,Field_6,1,PROTECTING,Field_6,1,PROTECTING,Field_6,1,PROTECTING,Field_4,1,IDLE,,1,IDLE,,1,PROTECTING,Field_3,1,PROTECTING,Field_4,1,MOVING_TO_FIELD,Field_1,1,MOVING_TO_FIELD,Field_11,1,MOVING_TO_FIELD,Field_11,1,MOVING_TO_FIELD,Field_5,1,MOVING_TO_FIELD,Field_5,1,IDLE,,1,PROTECTING,Field_15,1,IDLE,,1,PROTECTING,Field_8,1,PROTECTING,Field_9,1,IDLE,,1,PROTECTING,Field_8,1,PROTECTING,Field_9,1,IDLE,,1,IDLE,,1,IDLE,,1,IDLE,,1,IDLE,,1,IDLE,,1,IDLE,,1,IDLE,,1,IDLE,,1,IDLE,,1,MOVING_TO_FIELD,Field_10,1,MOVING_TO_FIELD,Field_10,1,PROTECTING,Field_10,1,PROTECTING,Field_15,40,0.16,0,1,4,40,0.09,0,0,2,27,0.01,5,0,-1,18,0.07,3,0,1,62,0.14,0,2,2,64,0.03,3,0,1,40,0.03,0,0,3,30,0.10,2,0,0,47,0.11,2,0,1,45,0.15,1,2,5,30,0.17,0,2,4,29,0.00,0,0,1,16,0.09,0,0,2,67,0.03,0,0,6,85,0.22,2,0,4,30,0.14,0,0,2,77,0.18,0,0,2,72,0.06,0,0,1,14,0.06,0,0,2,4,0.16,0,0,3
260,842,15,0,18,0,7,0,1,PROTECTING,Field_3,1,PROTECTING,Field_3,1,PROTECTING,Field_4,1,PROTECTING,Field_3,1,PROTECTING,Field_3,1,PROTECTING,Field_6,1,PROTECTING,Field_6,1,PROTECTING,Field_6,1,PROTECTING,Field_4,1,IDLE,,1,IDLE,,1,PROTECTING,Field_3,1,PROTECTING,Field_4,1,MOVING_TO_FIELD,Field_1,1,MOVING_TO_FIELD,Field_11,1,MOVING_TO_FIELD,Field_11,1,MOVING_TO_FIELD,Field_5,1,MOVING_TO_FIELD,Field_5,1,IDLE,,1,PROTECTING,Field_15,1,IDLE,,1,PROTECTING,Field_8,1,PROTECTING,Field_9,1,IDLE,,1,PROTECTING,Field_8,1,PROTECTING,Field_9,1,IDLE,,1,IDLE,,1,IDLE,,1,IDLE,,1,IDLE,,1,IDLE,,1,IDLE,,1,IDLE,,1,IDLE,,1,IDLE,,1,MOVING_TO_FIELD,Field_10,1,MOVING_TO_FIELD,Field_10,1,PROTECTING,Field_10,1,PROTECTING,Field_15,40,0.16,0,1,4,42,0.09,0,0,2,27,0.01,5,0,-1,18,0.07,3,0,1,63,0.14,0,2,2,64,0.03,3,0,1,40,0.03,0,0,3,30,0.10,2,0,0,48,0.11,2,0,1,45,0.15,1,2,5,30,0.17,0,2,4,29,0.00,0,0,1,16,0.09,0,0,2,67,0.03,0,0,6,86,0.22,2,0,4,30,0.14,0,0,2,77,0.20,0,0,2,72,0.06,0,0,1,14,0.05,0,0,2,4,0.14,0,0,3
261,846,15,0,18,0,7,0,1,PROTECTING,Field_3,1,PROTECTING,Field_3,1,PROTECTING,Field_4,1,PROTECTING,Field_3,1,PROTECTING,Field_3,1,PROTECTING,Field_6,1,PROTECTING,Field_6,1,PROTECTING,Field_6,1,PROTECTING,Field_4,1,IDLE,,1,IDLE,,1,PROTECTING,Field_3,1,PROTECTING,Field_4,1,MOVING_TO_FIELD,Field_1,1,MOVING_TO_FIELD,Field_11,1,MOVING_TO_FIELD,Field_11,1,MOVING_TO_FIELD,Field_5,1,MOVING_TO_FIELD,Field_5,1,IDLE,,1,PROTECTING,Field_15,1,IDLE,,1,PROTECTING,Field_8,1,PROTECTING,Field_9,1,IDLE,,1,PROTECTING,Field_8,1,PROTECTING,Field_9,1,IDLE,,1,IDLE,,1,IDLE,,1,IDLE,,1,IDLE,,1,IDLE,,1,IDLE,,1,IDLE,,1,IDLE,,1,IDLE,,1,MOVING_TO_FIELD,Field_10,1,MOVING_TO_FIELD,Field_10,1,PROTECTING,Field_10,1,PROTECTING,Field_15,40,0.17,0,1,4,42,0.09,0,0,2,27,0.01,5,0,-1,19,0.07,3,0,1,63,0.14,0,2,2,64,0.04,3,0,1,40,0.03,0,0,3,30,0.09,2,0,0,48,0.11,2,0,1,45,0.15,1,2,5,31,0.16,0,2,4,29,0.00,0,0,1,16,0.09,0,0,2,67,0.03,0,0,6,86,0.22,2,0,4,31,0.15,0,0,2,78,0.20,0,0,2,72,0.06,0,0,1,14,0.06,0,0,2,4,0.14,0,0,3
262,849,15,0,18,0,7,0,1,PROTECTING,Field_3,1,PROTECTING,Field_3,1,PROTECTING,Field_4,1,PROTECTING,Field_3,1,PROTECTING,Field_3,1,PROTECTING,Field_6,1,PROTECTING,Field_6,1,PROTECTING,Field_6,1,PROTECTING,Field_4,1,IDLE,,1,IDLE,,1,PROTECTING,Field_3,1,PROTECTING,Field_4,1,MOVING_TO_FIELD,Field_1,1,MOVING_TO_FIELD,Field_11,1,MOVING_TO_FIELD,Field_11,1,MOVING_TO_FIELD,Field_5,1,MOVING_TO_FIELD,Field_5,1,IDLE,,1,PROTECTING,Field_15,1,IDLE,,1,PROTECTING,Field_8,1,PROTECTING,Field_9,1,IDLE,,1,PROTECTING,Field_8,1,PROTECTING,Field_9,1,IDLE,,1,IDLE,,1,IDLE,,1,IDLE,,1,IDLE,,1,IDLE,,1,IDLE,,1,IDLE,,1,IDLE,,1,IDLE,,1,MOVING_TO_FIELD,Field_10,1,MOVING_TO_FIELD,Field_10,1,PROTECTING,Field_10,1,PROTECTING,Field_15,41,0.18,0,1,4,42,0.09,0,0,2,27,0.01,5,0,-1,20,0.06,3,0,1,64,0.14,0,2,2,64,0.04,3,0,1,40,0.04,0,0,3,30,0.07,2,0,0,48,0.12,2,0,1,45,0.15,1,2,5,31,0.14,0,2,4,29,0.03,0,0,1,16,0.09,0,0,2,67,0.03,0,0,6,86,0.22,2,0,4,31,0.16,0,0,2,78,0.21,0,0,2,72,0.06,0,0,1,14,0.05,0,0,2,4,0.14,0,0,3
263,853,15,0,18,0,7,0,1,PROTECTING,Field_3,1,PROTECTING,Field_3,1,PROTECTING,Field_4,1,PROTECTING,Field_3,1,PROTECTING,Field_3,1,PROTECTING,Field_6,1,PROTECTING,Field_6,1,PROTECTING,Field_6,1,PROTECTING,Field_4,1,IDLE,,1,IDLE,,1,PROTECTING,Field_3,1,PROTECTING,Field_4,1,MOVING_TO_FIELD,Field_1,1,MOVING_TO_FIELD,Field_11,1,MOVING_TO_FIELD,Field_11,1,MOVING_TO_FIELD,Field_5,1,MOVING_TO_FIELD,Field_5,1,IDLE,,1,PROTECTING,Field_15,1,IDLE,,1,PROTECTING,Field_8,1,PROTECTING,Field_9,1,IDLE,,1,PROTECTING,Field_8,1,PROTECTING,Field_9,1,IDLE,,1,IDLE,,1,IDLE,,1,IDLE,,1,IDLE,,1,IDLE,,1,IDLE,,1,IDLE,,1,IDLE,,1,IDLE,,1,MOVING_TO_FIELD,Field_10,1,MOVING_TO_FIELD,Field_10,1,PROTECTING,Field_10,1,PROTECTING,Field_15,42,0.19,0,1,4,42,0.09,0,0,2,27,0.02,5,0,-1,21,0.04,3,0,1,64,0.15,0,2,2,64,0.04,3,0,1,40,0.05,0,0,3,30,0.09,2,0,0,49,0.12,2,0,1,45,0.15,1,2,5,31,0.14,0,2,4,29,0.03,0,0,1,16,0.09,0,0,2,67,0.03,0,0,6,86,0.24,2,0,4,32,0.16,0,0,2,78,0.21,0,0,2,72,0.06,0,0,1,14,0.05,0,0,2,4,0.14,0,0,3
264,858,15,0,18,0,7,0,1,PROTECTING,Field_3,1,PROTECTING,Field_3,1,PROTECTING,Field_4,1,PROTECTING,Field_3,1,PROTECTING,Field_3,1,PROTECTING,Field_6,1,PROTECTING,Field_6,1,PROTECTING,Field_6,1,PROTECTING,Field_4,1,IDLE,,1,IDLE,,1,PROTECTING,Field_3,1,PROTECTING,Field_4,1,MOVING_TO_FIELD,Field_1,1,MOVING_TO_FIELD,Field_11,1,MOVING_TO_FIELD,Field_11,1,MOVING_TO_FIELD,Field_5,1,MOVING_TO_FIELD,Field_5,1,IDLE,,1,PROTECTING,Field_15,1,IDLE,,1,PROTECTING,Field_8,1,PROTECTING,Field_9,1,IDLE,,1,PROTECTING,Field_8,1,PROTECTING,Field_9,1,IDLE,,1,IDLE,,1,IDLE,,1,IDLE,,1,IDLE,,1,IDLE,,1,IDLE,,1,IDLE,,1,IDLE,,1,IDLE,,1,MOVING_TO_FIELD,Field_10,1,MOVING_TO_FIELD,Field_10,1,PROTECTING,Field_10,1,PROTECTING,Field_15,42,0.16,0,1,4,42,0.09,0,0,2,27,0.03,5,0,-1,21,0.04,3,0,1,64,0.14,0,2,2,64,0.04,3,0,1,40,0.04,0,0,3,30,0.06,2,0,0,51,0.13,2,0,1,45,0.14,1,2,5,31,0.14,0,2,4,29,0.03,0,0,1,16,0.09,0,0,2,67,0.04,0,0,6,88,0.24,2,0,4,33,0.17,0,0,2,78,0.21,0,0,2,72,0.04,0,0,1,14,0.05,0,0,2,4,0.14,0,0,3
265,862,15,0,19,0,6,0,1,PROTECTING,Field_3,1,PROTECTING,Field_3,1,PROTECTING,Field_4,1,PROTECTING,Field_3,1,PROTECTING,Field_3,1,PROTECTING,Field_6,1,PROTECTING,Field_6,1,PROTECTING,Field_6,1,PROTECTING,Field_4,1,IDLE,,1,IDLE,,1,PROTECTING,Field_3,1,PROTECTING,Field_4,1,PROTECTING,Field_1,1,MOVING_TO_FIELD,Field_11,1,MOVING_TO_FIELD,Field_11,1,MOVING_TO_FIELD,Field_5,1,MOVING_TO_FIELD,Field_5,1,IDLE,,1,PROTECTING,Field_15,1,IDLE,,1,PROTECTING,Field_8,1,PROTECTING,Field_9,1,IDLE,,1,PROTECTING,Field_8,1,PROTECTING,Field_9,1,IDLE,,1,IDLE,,1,IDLE,,1,IDLE,,1,IDLE,,1,IDLE,,1,IDLE,,1,IDLE,,1,IDLE,,1,IDLE,,1,MOVING_TO_FIELD,Field_10,1,MOVING_TO_FIELD,Field_10,1,PROTECTING,Field_10,1,PROTECTING,Field_15,43,0.15,1,0,3,43,0.09,0,0,2,27,0.04,5,0,-1,21,0.06,3,0,1,64,0.14,0,2,2,64,0.04,3,0,1,40,0.03,0,0,3,30,0.06,2,0,0,51,0.15,2,0,1,45,0.14,1,2,5,31,0.16,0,2,4,29,0.03,0,0,1,16,0.09,0,0,2,67,0.06,0,0,6,88,0.23,2,0,4,34,0.17,0,0,2,78,0.21,0,0,2,72,0.04,0,0,1,14,0.06,0,0,2,5,0.14,0,0,3
266,863,15,0,19,0,6,0,1,PROTECTING,Field_3,1,PROTECTING,Field_3,1,PROTECTING,Field_4,1,PROTECTING,Field_3,1,PROTECTING,Field_3,1,PROTECTING,Field_6,1,PROTECTING,Field_6,1,PROTECTING,Field_6,1,PROTECTING,Field_4,1,IDLE,,1,IDLE,,1,PROTECTING,Field_3,1,PROTECTING,Field_4,1,PROTECTING,Field_1,1,MOVING_TO_FIELD,Field_11,1,MOVING_TO_FIELD,Field_11,1,MOVING_TO_FIELD,Field_5,1,MOVING_TO_FIELD,Field_5,1,IDLE,,1,PROTECTING,Field_15,1,IDLE,,1,PROTECTING,Field_8,1,PROTECTING,Field_9,1,IDLE,,1,PROTECTING,Field_8,1,PROTECTING,Field_9,1,IDLE,,1,IDLE,,1,IDLE,,1,IDLE,,1,IDLE,,1,IDLE,,1,IDLE,,1,IDLE,,1,IDLE,,1,IDLE,,1,MOVING_TO_FIELD,Field_10,1,MOVING_TO_FIELD,Field_10,1,PROTECTING,Field_10,1,PROTECTING,Field_15,43,0.15,1,0,3,43,0.09,0,0,2,27,0.04,5,0,-1,21,0.06,3,0,1,64,0.15,0,2,2,64,0.04,3,0,1,40,0.03,0,0,3,30,0.06,2,0,0,51,0.15,2,0,1,45,0.13,1,2,5,31,0.16,0,2,4,29,0.03,0,0,1,16,0.07,0,0,2,67,0.06,0,0,6,89,0.21,2,0,4,34,0.19,0,0,2,78,0.20,0,0,2,72,0.04,0,0,1,14,0.06,0,0,2,5,0.14,0,0,3
267,867,15,0,19,0,6,0,1,PROTECTING,Field_3,1,PROTECTING,Field_3,1,PROTECTING,Field_4,1,PROTECTING,Field_3,1,PROTECTING,Field_3,1,PROTECTING,Field_6,1,PROTECTING,Field_6,1,PROTECTING,Field_6,1,PROTECTING,Field_4,1,IDLE,,1,IDLE,,1,PROTECTING,Field_3,1,PROTECTING,Field_4,1,PROTECTING,Field_1,1,MOVING_TO_FIELD,Field_11,1,MOVING_TO_FIELD,Field_11,1,MOVING_TO_FIELD,Field_5,1,MOVING_TO_FIELD,Field_5,1,IDLE,,1,PROTECTING,Field_15,1,IDLE,,1,PROTECTING,Field_8,1,PROTECTING,Field_9,1,IDLE,,1,PROTECTING,Field_8,1,PROTECTING,Field_9,1,IDLE,,1,IDLE,,1,IDLE,,1,IDLE,,1,IDLE,,1,IDLE,,1,IDLE,,1,IDLE,,1,IDLE,,1,IDLE,,1,MOVING_TO_FIELD,Field_10,1,MOVING_TO_FIELD,Field_10,1,PROTECTING,Field_10,1,PROTECTING,Field_15,43,0.15,1,0,3,43,0.09,0,0,2,27,0.04,5,0,-1,22,0.06,3,0,1,64,0.15,0,2,2,64,0.05,3,0,1,40,0.03,0,0,3,30,0.04,2,0,0,51,0.15,2,0,1,45,0.13,1,2,5,31,0.16,0,2,4,29,0.03,0,0,1,17,0.07,0,0,2,67,0.06,0,0,6,90,0.21,2,0,4,34,0.19,0,0,2,78,0.18,0,0,2,72,0.04,0,0,1,15,0.06,0,0,2,5,0.16,0,0,3
268,871,15,0,19,0,6,0,1,PROTECTING,Field_3,1,PROTECTING,Field_3,1,PROTECTING,Field_4,1,PROTECTING,Field_3,1,PROTECTING,Field_3,1,PROTECTING,Field_6,1,PROTECTING,Field_6,1,PROTECTING,Field_6,1,PROTECTING,Field_4,1,IDLE,,1,IDLE,,1,PROTECTING,Field_3,1,PROTECTING,Field_4,1,PROTECTING,Field_1,1,MOVING_TO_FIELD,Field_11,1,MOVING_TO_FIELD,Field_11,1,MOVING_TO_FIELD,Field_5,1,MOVING_TO_FIELD,Field_5,1,IDLE,,1,PROTECTING,Field_15,1,IDLE,,1,PROTECTING,Field_8,1,PROTECTING,Field_9,1,IDLE,,1,PROTECTING,Field_8,1,PROTECTING,Field_9,1,IDLE,,1,IDLE,,1,IDLE,,1,IDLE,,1,IDLE,,1,IDLE,,1,IDLE,,1,IDLE,,1,IDLE,,1,IDLE,,1,MOVING_TO_FIELD,Field_10,1,MOVING_TO_FIELD,Field_10,1,PROTECTING,Field_10,1,PROTECTING,Field_15,43,0.16,1,0,3,43,0.11,0,0,2,27,0.05,5,0,-1,22,0.06,3,0,1,64,0.16,0,2,2,64,0.05,3,0,1,40,0.05,0,0,3,30,0.06,2,0,0,52,0.15,2,0,1,45,0.13,1,2,5,31,0.16,0,2,4,29,0.03,0,0,1,17,0.07,0,0,2,67,0.06,0,0,6,92,0.21,2,0,4,35,0.17,0,0,2,78,0.18,0,0,2,72,0.04,0,0,1,15,0.08,0,0,2,5,0.16,0,0,3
269,874,15,0,19,0,6,0,1,PROTECTING,Field_3,1,PROTECTING,Field_3,1,PROTECTING,Field_4,1,PROTECTING,Field_3,1,PROTECTING,Field_3,1,PROTECTING,Field_6,1,PROTECTING,Field_6,1,PROTECTING,Field_6,1,PROTECTING,Field_4,1,IDLE,,1,IDLE,,1,PROTECTING,Field_3,1,PROTECTING,Field_4,1,PROTECTING,Field_1,1,MOVING_TO_FIELD,Field_11,1,MOVING_TO_FIELD,Field_11,1,MOVING_TO_FIELD,Field_5,1,MOVING_TO_FIELD,Field_5,1,IDLE,,1,PROTECTING,Field_15,1,IDLE,,1,PROTECTING,Field_8,1,PROTECTING,Field_9,1,IDLE,,1,PROTECTING,Field_8,1,PROTECTING,Field_9,1,IDLE,,1,IDLE,,1,IDLE,,1,IDLE,,1,IDLE,,1,IDLE,,1,IDLE,,1,IDLE,,1,IDLE,,1,IDLE,,1,MOVING_TO_FIELD,Field_10,1,MOVING_TO_FIELD,Field_10,1,PROTECTING,Field_10,1,PROTECTING,Field_15,43,0.16,1,0,3,43,0.13,0,0,2,27,0.05,5,0,-1,22,0.06,3,0,1,64,0.16,0,2,2,64,0.05,3,0,1,40,0.05,0,0,3,30,0.06,2,0,0,53,0.15,2,0,1,45,0.14,1,2,5,31,0.20,0,2,4,29,0.03,0,0,1,17,0.07,0,0,2,67,0.06,0,0,6,93,0.19,2,0,4,36,0.17,0,0,2,78,0.18,0,0,2,72,0.02,0,0,1,15,0.08,0,0,2,5,0.16,0,0,3
270,877,15,0,20,0,5,0,1,PROTECTING,Field_3,1,PROTECTING,Field_3,1,PROTECTING,Field_4,1,PROTECTING,Field_3,1,PROTECTING,Field_3,1,PROTECTING,Field_6,1,PROTECTING,Field_6,1,PROTECTING,Field_6,1,PROTECTING,Field_4,1,IDLE,,1,IDLE,,1,PROTECTING,Field_3,1,PROTECTING,Field_4,1,PROTECTING,Field_1,1,MOVING_TO_FIELD,Field_11,1,MOVING_TO_FIELD,Field_11,1,MOVING_TO_FIELD,Field_5,1,PROTECTING,Field_5,1,IDLE,,1,PROTECTING,Field_15,1,IDLE,,1,PROTECTING,Field_8,1,PROTECTING,Field_9,1,IDLE,,1,PROTECTING,Field_8,1,PROTECTING,Field_9,1,IDLE,,1,IDLE,,1,IDLE,,1,IDLE,,1,IDLE,,1,IDLE,,1,IDLE,,1,IDLE,,1,IDLE,,1,IDLE,,1,MOVING_TO_FIELD,Field_10,1,MOVING_TO_FIELD,Field_10,1,PROTECTING,Field_10,1,PROTECTING,Field_15,43,0.16,1,0,3,43,0.13,0,0,2,27,0.05,5,0,-1,22,0.06,3,0,1,64,0.16,1,1,1,64,0.07,3,0,1,40,0.05,0,0,3,30,0.06,2,0,0,54,0.15,2,0,1,45,0.14,1,2,5,31,0.18,0,2,4,29,0.03,0,0,1,17,0.05,0,0,2,67,0.06,0,0,6,94,0.19,2,0,4,37,0.16,0,0,2,78,0.21,0,0,2,72,0.02,0,0,1,15,0.08,0,0,2,5,0.16,0,0,3
271,878,16,0,20,0,4,0,1,PROTECTING,Field_3,1,PROTECTING,Field_3,1,PROTECTING,Field_4,1,PROTECTING,Field_3,1,PROTECTING,Field_3,1,PROTECTING,Field_6,1,PROTECTING,Field_6,1,PROTECTING,Field_6,1,PROTECTING,Field_4,1,IDLE,,1,IDLE,,1,PROTECTING,Field_3,1,PROTECTING,Field_4,1,PROTECTING,Field_1,1,MOVING_TO_FIELD,Field_11,1,MOVING_TO_FIELD,Field_11,1,IDLE,,1,PROTECTING,Field_5,1,IDLE,,1,PROTECTING,Field_15,1,IDLE,,1,PROTECTING,Field_8,1,PROTECTING,Field_9,1,IDLE,,1,PROTECTING,Field_8,1,PROTECTING,Field_9,1,IDLE,,1,IDLE,,1,IDLE,,1,IDLE,,1,IDLE,,1,IDLE,,1,IDLE,,1,IDLE,,1,IDLE,,1,IDLE,,1,MOVING_TO_FIELD,Field_10,1,MOVING_TO_FIELD,Field_10,1,PROTECTING,Field_10,1,PROTECTING,Field_15,43,0.17,1,0,3,43,0.12,0,0,2,27,0.03,5,0,-1,22,0.06,3,0,1,64,0.16,1,0,1,64,0.07,3,0,1,40,0.05,0,0,3,30,0.04,2,0,0,55,0.15,2,0,1,45,0.14,1,2,5,31,0.18,0,2,4,29,0.03,0,0,1,17,0.04,0,0,2,67,0.07,0,0,6,94,0.19,2,0,4,37,0.15,0,0,2,78,0.21,0,0,2,72,0.02,0,0,1,15,0.08,0,0,2,5,0.16,0,0,3
272,879,16,0,20,0,4,0,1,PROTECTING,Field_3,1,PROTECTING,Field_3,1,PROTECTING,Field_4,1,PROTECTING,Field_3,1,PROTECTING,Field_3,1,PROTECTING,Field_6,1,PROTECTING,Field_6,1,PROTECTING,Field_6,1,PROTECTING,Field_4,1,IDLE,,1,IDLE,,1,PROTECTING,Field_3,1,PROTECTING,Field_4,1,PROTECTING,Field_1,1,MOVING_TO_FIELD,Field_11,1,MOVING_TO_FIELD,Field_11,1,IDLE,,1,PROTECTING,Field_5,1,IDLE,,1,PROTECTING,Field_15,1,IDLE,,1,PROTECTING,Field_8,1,PROTECTING,Field_9,1,IDLE,,1,PROTECTING,Field_8,1,PROTECTING,Field_9,1,IDLE,,1,IDLE,,1,IDLE,,1,IDLE,,1,IDLE,,1,IDLE,,1,IDLE,,1,IDLE,,1,IDLE,,1,IDLE,,1,MOVING_TO_FIELD,Field_10,1,MOVING_TO_FIELD,Field_10,1,PROTECTING,Field_10,1,PROTECTING,Field_15,43,0.18,1,0,3,43,0.12,0,0,2,27,0.03,5,0,-1,22,0.04,3,0,1,64,0.16,1,0,1,64,0.05,3,0,1,40,0.05,0,0,3,30,0.04,2,0,0,55,0.15,2,0,1,45,0.16,1,2,5,31,0.18,0,2,4,29,0.03,0,0,1,17,0.05,0,0,2,67,0.07,0,0,6,94,0.19,2,0,4,38,0.16,0,0,2,78,0.21,0,0,2,72,0.02,0,0,1,15,0.10,0,0,2,5,0.16,0,0,3
273,882,16,0,20,0,4,0,1,PROTECTING,Field_3,1,PROTECTING,Field_3,1,PROTECTING,Field_4,1,PROTECTING,Field_3,1,PROTECTING,Field_3,1,PROTECTING,Field_6,1,PROTECTING,Field_6,1,PROTECTING,Field_6,1,PROTECTING,Field_4,1,IDLE,,1,IDLE,,1,PROTECTING,Field_3,1,PROTECTING,Field_4,1,PROTECTING,Field_1,1,MOVING_TO_FIELD,Field_11,1,MOVING_TO_FIELD,Field_11,1,IDLE,,1,PROTECTING,Field_5,1,IDLE,,1,PROTECTING,Field_15,1,IDLE,,1,PROTECTING,Field_8,1,PROTECTING,Field_9,1,IDLE,,1,PROTECTING,Field_8,1,PROTECTING,Field_9,1,IDLE,,1,IDLE,,1,IDLE,,1,IDLE,,1,IDLE,,1,IDLE,,1,IDLE,,1,IDLE,,1,IDLE,,1,IDLE,,1,MOVING_TO_FIELD,Field_10,1,MOVING_TO_FIELD,Field_10,1,PROTECTING,Field_10,1,PROTECTING,Field_15,43,0.19,1,0,3,43,0.14,0,0,2,27,0.03,5,0,-1,22,0.04,3,0,1,64,0.17,1,0,1,64,0.05,3,0,1,40,0.07,0,0,3,30,0.03,2,0,0,55,0.16,2,0,1,45,0.16,1,2,5,31,0.18,0,2,4,29,0.03,0,0,1,17,0.07,0,0,2,67,0.07,0,0,6,96,0.19,2,0,4,38,0.16,0,0,2,79,0.21,0,0,2,72,0.04,0,0,1,15,0.10,0,0,2,5,0.16,0,0,3
274,882,16,0,20,0,4,0,1,PROTECTING,Field_3,1,PROTECTING,Field_3,1,PROTECTING,Field_4,1,PROTECTING,Field_3,1,PROTECTING,Field_3,1,PROTECTING,Field_6,1,PROTECTING,Field_6,1,PROTECTING,Field_6,1,PROTECTING,Field_4,1,IDLE,,1,IDLE,,1,PROTECTING,Field_3,1,PROTECTING,Field_4,1,PROTECTING,Field_1,1,MOVING_TO_FIELD,Field_11,1,MOVING_TO_FIELD,Field_11,1,IDLE,,1,PROTECTING,Field_5,1,IDLE,,1,PROTECTING,Field_15,1,IDLE,,1,PROTECTING,Field_8,1,PROTECTING,Field_9,1,IDLE,,1,PROTECTING,Field_8,1,PROTECTING,Field_9,1,IDLE,,1,IDLE,,1,IDLE,,1,IDLE,,1,IDLE,,1,IDLE,,1,IDLE,,1,IDLE,,1,IDLE,,1,IDLE,,1,MOVING_TO_FIELD,Field_10,1,MOVING_TO_FIELD,Field_10,1,PROTECTING,Field_10,1,PROTECTING,Field_15,43,0.19,1,0,3,43,0.14,0,0,2,27,0.03,5,0,-1,22,0.04,3,0,1,64,0.16,1,0,1,64,0.07,3,0,1,40,0.08,0,0,3,30,0.03,2,0,0,55,0.17,2,0,1,45,0.16,1,2,5,31,0.17,0,2,4,29,0.03,0,0,1,17,0.07,0,0,2,67,0.07,0,0,6,96,0.19,2,0,4,38,0.16,0,0,2,79,0.21,0,0,2,72,0.04,0,0,1,15,0.08,0,0,2,5,0.18,0,0,3
275,884,16,0,20,0,4,0,1,PROTECTING,Field_3,1,PROTECTING,Field_3,1,PROTECTING,Field_4,1,PROTECTING,Field_3,1,PROTECTING,Field_3,1,PROTECTING,Field_6,1,PROTECTING,Field_6,1,PROTECTING,Field_6,1,PROTECTING,Field_4,1,IDLE,,1,IDLE,,1,PROTECTING,Field_3,1,PROTECTING,Field_4,1,PROTECTING,Field_1,1,MOVING_TO_FIELD,Field_11,1,MOVING_TO_FIELD,Field_11,1,IDLE,,1,PROTECTING,Field_5,1,IDLE,,1,PROTECTING,Field_15,1,IDLE,,1,PROTECTING,Field_8,1,PROTECTING,Field_9,1,IDLE,,1,PROTECTING,Field_8,1,PROTECTING,Field_9,1,IDLE,,1,IDLE,,1,IDLE,,1,IDLE,,1,IDLE,,1,IDLE,,1,IDLE,,1,IDLE,,1,IDLE,,1,IDLE,,1,MOVING_TO_FIELD,Field_10,1,MOVING_TO_FIELD,Field_10,1,PROTECTING,Field_10,1,PROTECTING,Field_15,44,0.20,1,0,3,43,0.14,0,0,2,27,0.02,5,0,-1,22,0.06,3,0,1,64,0.15,1,0,1,64,0.07,3,0,1,40,0.08,0,0,3,30,0.03,2,0,0,55,0.18,2,0,1,45,0.16,1,2,5,32,0.20,0,2,4,29,0.03,0,0,1,17,0.07,0,0,2,67,0.08,0,0,6,96,0.19,2,0,4,38,0.15,0,0,2,79,0.21,0,0,2,72,0.04,0,0,1,15,0.08,0,0,2,5,0.18,0,0,3
276,890,16,0,20,0,4,0,1,PROTECTING,Field_3,1,PROTECTING,Field_3,1,PROTECTING,Field_4,1,PROTECTING,Field_3,1,PROTECTING,Field_3,1,PROTECTING,Field_6,1,PROTECTING,Field_6,1,PROTECTING,Field_6,1,PROTECTING,Field_4,1,IDLE,,1,IDLE,,1,PROTECTING,Field_3,1,PROTECTING,Field_4,1,PROTECTING,Field_1,1,MOVING_TO_FIELD,Field_11,1,MOVING_TO_FIELD,Field_11,1,IDLE,,1,PROTECTING,Field_5,1,IDLE,,1,PROTECTING,Field_15,1,IDLE,,1,PROTECTING,Field_8,1,PROTECTING,Field_9,1,IDLE,,1,PROTECTING,Field_8,1,PROTECTING,Field_9,1,IDLE,,1,IDLE,,1,IDLE,,1,IDLE,,1,IDLE,,1,IDLE,,1,IDLE,,1,IDLE,,1,IDLE,,1,IDLE,,1,MOVING_TO_FIELD,Field_10,1,MOVING_TO_FIELD,Field_10,1,PROTECTING,Field_10,1,PROTECTING,Field_15,46,0.22,1,0,3,43,0.15,0,0,2,27,0.02,5,0,-1,22,0.06,3,0,1,64,0.16,1,0,1,64,0.07,3,0,1,40,0.08,0,0,3,30,0.03,2,0,0,55,0.17,2,0,1,45,0.16,1,2,5,32,0.21,0,2,4,29,0.03,0,0,1,17,0.07,0,0,2,67,0.08,0,0,6,98,0.19,2,0,4,39,0.11,0,0,2,80,0.20,0,0,2,72,0.04,0,0,1,15,0.08,0,0,2,5,0.20,0,0,3
277,892,16,0,20,0,4,0,1,PROTECTING,Field_3,1,PROTECTING,Field_3,1,PROTECTING,Field_4,1,PROTECTING,Field_3,1,PROTECTING,Field_3,1,PROTECTING,Field_6,1,PROTECTING,Field_6,1,PROTECTING,Field_6,1,PROTECTING,Field_4,1,IDLE,,1,IDLE,,1,PROTECTING,Field_3,1,PROTECTING,Field_4,1,PROTECTING,Field_1,1,MOVING_TO_FIELD,Field_11,1,MOVING_TO_FIELD,Field_11,1,IDLE,,1,PROTECTING,Field_5,1,IDLE,,1,PROTECTING,Field_15,1,IDLE,,1,PROTECTING,Field_8,1,PROTECTING,Field_9,1,IDLE,,1,PROTECTING,Field_8,1,PROTECTING,Field_9,1,IDLE,,1,IDLE,,1,IDLE,,1,IDLE,,1,IDLE,,1,IDLE,,1,IDLE,,1,IDLE,,1,IDLE,,1,IDLE,,1,MOVING_TO_FIELD,Field_10,1,MOVING_TO_FIELD,Field_10,1,PROTECTING,Field_10,1,PROTECTING,Field_15,46,0.22,1,0,3,43,0.15,0,0,2,27,0.03,5,0,-1,22,0.04,3,0,1,64,0.14,1,0,1,64,0.07,3,0,1,40,0.08,0,0,3,30,0.03,2,0,0,56,0.16,2,0,1,45,0.16,1,2,5,32,0.21,0,2,4,29,0.03,0,0,1,17,0.07,0,0,2,67,0.08,0,0,6,98,0.19,2,0,4,39,0.12,0,0,2,81,0.20,0,0,2,72,0.04,0,0,1,15,0.08,0,0,2,5,0.20,0,0,3
278,899,16,0,21,0,3,0,1,PROTECTING,Field_3,1,PROTECTING,Field_3,1,PROTECTING,Field_4,1,PROTECTING,Field_3,1,PROTECTING,Field_3,1,PROTECTING,Field_6,1,PROTECTING,Field_6,1,PROTECTING,Field_6,1,PROTECTING,Field_4,1,IDLE,,1,IDLE,,1,PROTECTING,Field_3,1,PROTECTING,Field_4,1,PROTECTING,Field_1,1,PROTECTING,Field_11,1,MOVING_TO_FIELD,Field_11,1,IDLE,,1,PROTECTING,Field_5,1,IDLE,,1,PROTECTING,Field_15,1,IDLE,,1,PROTECTING,Field_8,1,PROTECTING,Field_9,1,IDLE,,1,PROTECTING,Field_8,1,PROTECTING,Field_9,1,IDLE,,1,IDLE,,1,IDLE,,1,IDLE,,1,IDLE,,1,IDLE,,1,IDLE,,1,IDLE,,1,IDLE,,1,IDLE,,1,MOVING_TO_FIELD,Field_10,1,MOVING_TO_FIELD,Field_10,1,PROTECTING,Field_10,1,PROTECTING,Field_15,48,0.24,1,0,3,43,0.16,0,0,2,27,0.02,5,0,-1,22,0.04,3,0,1,64,0.15,1,0,1,64,0.08,3,0,1,40,0.08,0,0,3,30,0.03,2,0,0,57,0.16,2,0,1,45,0.16,1,2,5,32,0.21,1,1,3,29,0.03,0,0,1,17,0.07,0,0,2,67,0.08,0,0,6,99,0.20,2,0,4,39,0.11,0,0,2,82,0.18,0,0,2,72,0.04,0,0,1,16,0.08,0,0,2,6,0.20,0,0,3
279,902,16,0,21,0,3,0,1,PROTECTING,Field_3,1,PROTECTING,Field_3,1,PROTECTING,Field_4,1,PROTECTING,Field_3,1,PROTECTING,Field_3,1,PROTECTING,Field_6,1,PROTECTING,Field_6,1,PROTECTING,Field_6,1,PROTECTING,Field_4,1,IDLE,,1,IDLE,,1,PROTECTING,Field_3,1,PROTECTING,Field_4,1,PROTECTING,Field_1,1,PROTECTING,Field_11,1,MOVING_TO_FIELD,Field_11,1,IDLE,,1,PROTECTING,Field_5,1,IDLE,,1,PROTECTING,Field_15,1,IDLE,,1,PROTECTING,Field_8,1,PROTECTING,Field_9,1,IDLE,,1,PROTECTING,Field_8,1,PROTECTING,Field_9,1,IDLE,,1,IDLE,,1,IDLE,,1,IDLE,,1,IDLE,,1,IDLE,,1,IDLE,,1,IDLE,,1,IDLE,,1,IDLE,,1,MOVING_TO_FIELD,Field_10,1,MOVING_TO_FIELD,Field_10,1,PROTECTING,Field_10,1,PROTECTING,Field_15,48,0.23,1,0,3,44,0.16,0,0,2,27,0.02,5,0,-1,22,0.06,3,0,1,64,0.15,1,0,1,64,0.08,3,0,1,40,0.08,0,0,3,30,0.03,2,0,0,57,0.16,2,0,1,45,0.16,1,2,5,32,0.21,1,1,3,29,0.03,0,0,1,17,0.05,0,0,2,67,0.10,0,0,6,99,0.19,2,0,4,39,0.11,0,0,2,83,0.20,0,0,2,72,0.02,0,0,1,16,0.10,0,0,2,7,0.18,0,0,3
280,908,16,0,21,0,3,0,1,PROTECTING,Field_3,1,PROTECTING,Field_3,1,PROTECTING,Field_4,1,PROTECTING,Field_3,1,PROTECTING,Field_3,1,PROTECTING,Field_6,1,PROTECTING,Field_6,1,PROTECTING,Field_6,1,PROTECTING,Field_4,1,IDLE,,1,IDLE,,1,PROTECTING,Field_3,1,PROTECTING,Field_4,1,PROTECTING,Field_1,1,PROTECTING,Field_11,1,MOVING_TO_FIELD,Field_11,1,IDLE,,1,PROTECTING,Field_5,1,IDLE,,1,PROTECTING,Field_15,1,IDLE,,1,PROTECTING,Field_8,1,PROTECTING,Field_9,1,IDLE,,1,PROTECTING,Field_8,1,PROTECTING,Field_9,1,IDLE,,1,IDLE,,1,IDLE,,1,IDLE,,1,IDLE,,1,IDLE,,1,IDLE,,1,IDLE,,1,IDLE,,1,IDLE,,1,MOVING_TO_FIELD,Field_10,1,MOVING_TO_FIELD,Field_10,1,PROTECTING,Field_10,1,PROTECTING,Field_15,50,0.22,1,0,3,44,0.16,0,0,2,27,0.03,5,0,-1,22,0.07,3,0,1,64,0.14,1,0,1,64,0.08,3,0,1,40,0.08,0,0,3,30,0.03,2,0,0,57,0.16,2,0,1,47,0.17,1,2,5,32,0.24,1,1,3,29,0.03,0,0,1,17,0.07,0,0,2,67,0.08,0,0,6,101,0.18,2,0,4,39,0.10,0,0,2,83,0.18,0,0,2,72,0.02,0,0,1,16,0.10,0,0,2,7,0.18,0,0,3
281,910,16,0,13,0,11,0,1,MOVING_TO_FIELD,Field_11,1,MOVING_TO_FIELD,Field_10,1,MOVING_TO_FIELD,Field_10,1,MOVING_TO_FIELD,Field_15,1,PROTECTING,Field_3,1,PROTECTING,Field_6,1,PROTECTING,Field_6,1,PROTECTING,Field_6,1,PROTECTING,Field_4,1,IDLE,,1,IDLE,,1,MOVING_TO_FIELD,Field_15,1,PROTECTING,Field_4,1,MOVING_TO_FIELD,Field_11,1,PROTECTING,Field_11,1,MOVING_TO_FIELD,Field_11,1,IDLE,,1,MOVING_TO_FIELD,Field_15,1,IDLE,,1,PROTECTING,Field_15,1,IDLE,,1,PROTECTING,Field_8,1,PROTECTING,Field_9,1,IDLE,,1,PROTECTING,Field_8,1,PROTECTING,Field_9,1,IDLE,,1,IDLE,,1,IDLE,,1,IDLE,,1,IDLE,,1,IDLE,,1,IDLE,,1,IDLE,,1,IDLE,,1,IDLE,,1,MOVING_TO_FIELD,Field_10,1,MOVING_TO_FIELD,Field_10,1,PROTECTING,Field_10,1,MOVING_TO_FIELD,Field_10,50,0.21,0,0,4,44,0.15,0,0,2,27,0.02,1,0,3,22,0.08,2,0,2,64,0.14,0,0,2,64,0.08,3,0,1,40,0.08,0,0,3,30,0.04,2,0,0,57,0.15,2,0,1,47,0.17,1,5,5,32,0.25,1,3,3,29,0.00,0,0,1,17,0.07,0,0,2,67,0.08,0,0,6,102,0.20,1,3,5,39,0.10,0,0,2,83,0.20,0,0,2,72,0.02,0,0,1,17,0.10,0,0,2,7,0.18,0,0,3
282,913,16,0,14,0,10,0,1,MOVING_TO_FIELD,Field_11,1,MOVING_TO_FIELD,Field_10,1,MOVING_TO_FIELD,Field_10,1,MOVING_TO_FIELD,Field_15,1,PROTECTING,Field_3,1,PROTECTING,Field_6,1,PROTECTING,Field_6,1,PROTECTING,Field_6,1,PROTECTING,Field_4,1,IDLE,,1,IDLE,,1,MOVING_TO_FIELD,Field_15,1,PROTECTING,Field_4,1,MOVING_TO_FIELD,Field_11,1,PROTECTING,Field_11,1,PROTECTING,Field_11,1,IDLE,,1,MOVING_TO_FIELD,Field_15,1,IDLE,,1,PROTECTING,Field_15,1,IDLE,,1,PROTECTING,Field_8,1,PROTECTING,Field_9,1,IDLE,,1,PROTECTING,Field_8,1,PROTECTING,Field_9,1,IDLE,,1,IDLE,,1,IDLE,,1,IDLE,,1,IDLE,,1,IDLE,,1,IDLE,,1,IDLE,,1,IDLE,,1,IDLE,,1,MOVING_TO_FIELD,Field_10,1,MOVING_TO_FIELD,Field_10,1,PROTECTING,Field_10,1,MOVING_TO_FIELD,Field_10,50,0.20,0,0,4,44,0.15,0,0,2,27,0.02,1,0,3,22,0.08,2,0,2,64,0.17,0,0,2,65,0.08,3,0,1,40,0.06,0,0,3,30,0.04,2,0,0,59,0.16,2,0,1,47,0.17,1,5,5,32,0.26,2,2,2,29,0.00,0,0,1,17,0.05,0,0,2,67,0.08,0,0,6,102,0.22,1,3,5,39,0.10,0,0,2,83,0.20,0,0,2,72,0.02,0,0,1,17,0.10,0,0,2,7,0.18,0,0,3
283,915,16,0,14,0,10,0,1,MOVING_TO_FIELD,Field_11,1,MOVING_TO_FIELD,Field_10,1,MOVING_TO_FIELD,Field_10,1,MOVING_TO_FIELD,Field_15,1,PROTECTING,Field_3,1,PROTECTING,Field_6,1,PROTECTING,Field_6,1,PROTECTING,Field_6,1,PROTECTING,Field_4,1,IDLE,,1,IDLE,,1,MOVING_TO_FIELD,Field_15,1,PROTECTING,Field_4,1,MOVING_TO_FIELD,Field_11,1,PROTECTING,Field_11,1,PROTECTING,Field_11,1,IDLE,,1,MOVING_TO_FIELD,Field_15,1,IDLE,,1,PROTECTING,Field_15,1,IDLE,,1,PROTECTING,Field_8,1,PROTECTING,Field_9,1,IDLE,,1,PROTECTING,Field_8,1,PROTECTING,Field_9,1,IDLE,,1,IDLE,,1,IDLE,,1,IDLE,,1,IDLE,,1,IDLE,,1,IDLE,,1,IDLE,,1,IDLE,,1,IDLE,,1,MOVING_TO_FIELD,Field_10,1,MOVING_TO_FIELD,Field_10,1,PROTECTING,Field_10,1,MOVING_TO_FIELD,Field_10,50,0.19,0,0,4,45,0.16,0,0,2,27,0.02,1,0,3,22,0.09,2,0,2,64,0.17,0,0,2,65,0.07,3,0,1,40,0.05,0,0,3,30,0.04,2,0,0,59,0.16,2,0,1,47,0.17,1,5,5,32,0.28,2,2,2,29,0.00,0,0,1,17,0.05,0,0,2,67,0.07,0,0,6,103,0.22,1,3,5,39,0.10,0,0,2,83,0.20,0,0,2,72,0.02,0,0,1,17,0.08,0,0,2,7,0.18,0,0,3
284,916,16,0,14,0,10,0,1,MOVING_TO_FIELD,Field_11,1,MOVING_TO_FIELD,Field_10,1,MOVING_TO_FIELD,Field_10,1,MOVING_TO_FIELD,Field_15,1,PROTECTING,Field_3,1,PROTECTING,Field_6,1,PROTECTING,Field_6,1,PROTECTING,Field_6,1,PROTECTING,Field_4,1,IDLE,,1,IDLE,,1,MOVING_TO_FIELD,Field_15,1,PROTECTING,Field_4,1,MOVING_TO_FIELD,Field_11,1,PROTECTING,Field_11,1,PROTECTING,Field_11,1,IDLE,,1,MOVING_TO_FIELD,Field_15,1,IDLE,,1,PROTECTING,Field_15,1,IDLE,,1,PROTECTING,Field_8,1,PROTECTING,Field_9,1,IDLE,,1,PROTECTING,Field_8,1,PROTECTING,Field_9,1,IDLE,,1,IDLE,,1,IDLE,,1,IDLE,,1,IDLE,,1,IDLE,,1,IDLE,,1,IDLE,,1,IDLE,,1,IDLE,,1,MOVING_TO_FIELD,Field_10,1,MOVING_TO_FIELD,Field_10,1,PROTECTING,Field_10,1,MOVING_TO_FIELD,Field_10,50,0.20,0,0,4,46,0.16,0,0,2,27,0.02,1,0,3,22,0.09,2,0,2,64,0.17,0,0,2,65,0.07,3,0,1,40,0.05,0,0,3,30,0.03,2,0,0,59,0.12,2,0,1,47,0.17,1,5,5,32,0.26,2,2,2,29,0.00,0,0,1,17,0.05,0,0,2,67,0.07,0,0,6,103,0.21,1,3,5,39,0.10,0,0,2,83,0.20,0,0,2,72,0.02,0,0,1,17,0.10,0,0,2,7,0.18,0,0,3
285,917,16,0,14,0,10,0,1,MOVING_TO_FIELD,Field_11,1,MOVING_TO_FIELD,Field_10,1,MOVING_TO_FIELD,Field_10,1,MOVING_TO_FIELD,Field_15,1,PROTECTING,Field_3,1,PROTECTING,Field_6,1,PROTECTING,Field_6,1,PROTECTING,Field_6,1,PROTECTING,Field_4,1,IDLE,,1,IDLE,,1,MOVING_TO_FIELD,Field_15,1,PROTECTING,Field_4,1,MOVING_TO_FIELD,Field_11,1,PROTECTING,Field_11,1,PROTECTING,Field_11,1,IDLE,,1,MOVING_TO_FIELD,Field_15,1,IDLE,,1,PROTECTING,Field_15,1,IDLE,,1,PROTECTING,Field_8,1,PROTECTING,Field_9,1,IDLE,,1,PROTECTING,Field_8,1,PROTECTING,Field_9,1,IDLE,,1,IDLE,,1,IDLE,,1,IDLE,,1,IDLE,,1,IDLE,,1,IDLE,,1,IDLE,,1,IDLE,,1,IDLE,,1,MOVING_TO_FIELD,Field_10,1,MOVING_TO_FIELD,Field_10,1,PROTECTING,Field_10,1,MOVING_TO_FIELD,Field_10,50,0.21,0,0,4,46,0.14,0,0,2,27,0.02,1,0,3,22,0.08,2,0,2,64,0.17,0,0,2,65,0.07,3,0,1,40,0.05,0,0,3,30,0.03,2,0,0,59,0.11,2,0,1,48,0.17,1,5,5,32,0.26,2,2,2,29,0.00,0,0,1,17,0.05,0,0,2,67,0.07,0,0,6,103,0.21,1,3,5,39,0.10,0,0,2,83,0.20,0,0,2,72,0.02,0,0,1,17,0.10,0,0,2,7,0.14,0,0,3
286,918,16,0,14,0,10,0,1,MOVING_TO_FIELD,Field_11,1,MOVING_TO_FIELD,Field_10,1,MOVING_TO_FIELD,Field_10,1,MOVING_TO_FIELD,Field_15,1,PROTECTING,Field_3,1,PROTECTING,Field_6,1,PROTECTING,Field_6,1,PROTECTING,Field_6,1,PROTECTING,Field_4,1,IDLE,,1,IDLE,,1,MOVING_TO_FIELD,Field_15,1,PROTECTING,Field_4,1,MOVING_TO_FIELD,Field_11,1,PROTECTING,Field_11,1,PROTECTING,Field_11,1,IDLE,,1,MOVING_TO_FIELD,Field_15,1,IDLE,,1,PROTECTING,Field_15,1,IDLE,,1,PROTECTING,Field_8,1,PROTECTING,Field_9,1,IDLE,,1,PROTECTING,Field_8,1,PROTECTING,Field_9,1,IDLE,,1,IDLE,,1,IDLE,,1,IDLE,,1,IDLE,,1,IDLE,,1,IDLE,,1,IDLE,,1,IDLE,,1,IDLE,,1,MOVING_TO_FIELD,Field_10,1,MOVING_TO_FIELD,Field_10,1,PROTECTING,Field_10,1,MOVING_TO_FIELD,Field_10,50,0.22,0,0,4,46,0.14,0,0,2,27,0.02,1,0,3,22,0.08,2,0,2,64,0.19,0,0,2,65,0.05,3,0,1,40,0.06,0,0,3,30,0.03,2,0,0,59,0.11,2,0,1,49,0.17,1,5,5,32,0.25,2,2,2,29,0.00,0,0,1,17,0.05,0,0,2,67,0.07,0,0,6,103,0.19,1,3,5,39,0.11,0,0,2,83,0.18,0,0,2,72,0.02,0,0,1,17,0.13,0,0,2,7,0.14,0,0,3
287,921,16,0,14,0,10,0,1,MOVING_TO_FIELD,Field_11,1,MOVING_TO_FIELD,Field_10,1,MOVING_TO_FIELD,Field_10,1,MOVING_TO_FIELD,Field_15,1,PROTECTING,Field_3,1,PROTECTING,Field_6,1,PROTECTING,Field_6,1,PROTECTING,Field_6,1,PROTECTING,Field_4,1,IDLE,,1,IDLE,,1,MOVING_TO_FIELD,Field_15,1,PROTECTING,Field_4,1,MOVING_TO_FIELD,Field_11,1,PROTECTING,Field_11,1,PROTECTING,Field_11,1,IDLE,,1,MOVING_TO_FIELD,Field_15,1,IDLE,,1,PROTECTING,Field_15,1,IDLE,,1,PROTECTING,Field_8,1,PROTECTING,Field_9,1,IDLE,,1,PROTECTING,Field_8,1,PROTECTING,Field_9,1,IDLE,,1,IDLE,,1,IDLE,,1,IDLE,,1,IDLE,,1,IDLE,,1,IDLE,,1,IDLE,,1,IDLE,,1,IDLE,,1,MOVING_TO_FIELD,Field_10,1,MOVING_TO_FIELD,Field_10,1,PROTECTING,Field_10,1,MOVING_TO_FIELD,Field_10,50,0.21,0,0,4,46,0.14,0,0,2,27,0.03,1,0,3,22,0.08,2,0,2,64,0.17,0,0,2,65,0.05,3,0,1,40,0.05,0,0,3,30,0.01,2,0,0,61,0.10,2,0,1,49,0.17,1,5,5,32,0.25,2,2,2,29,0.00,0,0,1,17,0.05,0,0,2,67,0.06,0,0,6,103,0.17,1,3,5,40,0.12,0,0,2,83,0.16,0,0,2,72,0.02,0,0,1,17,0.11,0,0,2,7,0.14,0,0,3
288,925,16,0,16,0,8,0,1,MOVING_TO_FIELD,Field_11,1,MOVING_TO_FIELD,Field_10,1,MOVING_TO_FIELD,Field_10,1,PROTECTING,Field_15,1,PROTECTING,Field_3,1,PROTECTING,Field_6,1,PROTECTING,Field_6,1,PROTECTING,Field_6,1,PROTECTING,Field_4,1,IDLE,,1,IDLE,,1,PROTECTING,Field_15,1,PROTECTING,Field_4,1,MOVING_TO_FIELD,Field_11,1,PROTECTING,Field_11,1,PROTECTING,Field_11,1,IDLE,,1,MOVING_TO_FIELD,Field_15,1,IDLE,,1,PROTECTING,Field_15,1,IDLE,,1,PROTECTING,Field_8,1,PROTECTING,Field_9,1,IDLE,,1,PROTECTING,Field_8,1,PROTECTING,Field_9,1,IDLE,,1,IDLE,,1,IDLE,,1,IDLE,,1,IDLE,,1,IDLE,,1,IDLE,,1,IDLE,,1,IDLE,,1,IDLE,,1,MOVING_TO_FIELD,Field_10,1,MOVING_TO_FIELD,Field_10,1,PROTECTING,Field_10,1,MOVING_TO_FIELD,Field_10,50,0.22,0,0,4,47,0.14,0,0,2,27,0.03,1,0,3,22,0.08,2,0,2,64,0.17,0,0,2,65,0.05,3,0,1,40,0.06,0,0,3,30,0.01,2,0,0,62,0.11,2,0,1,49,0.15,1,5,5,32,0.25,2,2,2,29,0.00,0,0,1,17,0.05,0,0,2,67,0.06,0,0,6,104,0.18,3,1,3,40,0.14,0,0,2,83,0.16,0,0,2,72,0.02,0,0,1,17,0.11,0,0,2,8,0.12,0,0,3
289,926,16,0,16,0,8,0,1,MOVING_TO_FIELD,Field_11,1,MOVING_TO_FIELD,Field_10,1,MOVING_TO_FIELD,Field_10,1,PROTECTING,Field_15,1,PROTECTING,Field_3,1,PROTECTING,Field_6,1,PROTECTING,Field_6,1,PROTECTING,Field_6,1,PROTECTING,Field_4,1,IDLE,,1,IDLE,,1,PROTECTING,Field_15,1,PROTECTING,Field_4,1,MOVING_TO_FIELD,Field_11,1,PROTECTING,Field_11,1,PROTECTING,Field_11,1,IDLE,,1,MOVING_TO_FIELD,Field_15,1,IDLE,,1,PROTECTING,Field_15,1,IDLE,,1,PROTECTING,Field_8,1,PROTECTING,Field_9,1,IDLE,,1,PROTECTING,Field_8,1,PROTECTING,Field_9,1,IDLE,,1,IDLE,,1,IDLE,,1,IDLE,,1,IDLE,,1,IDLE,,1,IDLE,,1,IDLE,,1,IDLE,,1,IDLE,,1,MOVING_TO_FIELD,Field_10,1,MOVING_TO_FIELD,Field_10,1,PROTECTING,Field_10,1,MOVING_TO_FIELD,Field_10,50,0.21,0,0,4,47,0.14,0,0,2,27,0.03,1,0,3,22,0.09,2,0,2,64,0.19,0,0,2,65,0.05,3,0,1,40,0.07,0,0,3,30,0.00,2,0,0,62,0.11,2,0,1,49,0.15,1,5,5,32,0.25,2,2,2,29,0.00,0,0,1,17,0.04,0,0,2,67,0.06,0,0,6,104,0.19,3,1,3,40,0.12,0,0,2,83,0.16,0,0,2,72,0.02,0,0,1,17,0.11,0,0,2,9,0.12,0,0,3
290,930,16,0,16,0,8,0,1,MOVING_TO_FIELD,Field_11,1,MOVING_TO_FIELD,Field_10,1,MOVING_TO_FIELD,Field_10,1,PROTECTING,Field_15,1,PROTECTING,Field_3,1,PROTECTING,Field_6,1,PROTECTING,Field_6,1,PROTECTING,Field_6,1,PROTECTING,Field_4,1,IDLE,,1,IDLE,,1,PROTECTING,Field_15,1,PROTECTING,Field_4,1,MOVING_TO_FIELD,Field_11,1,PROTECTING,Field_11,1,PROTECTING,Field_11,1,IDLE,,1,MOVING_TO_FIELD,Field_15,1,IDLE,,1,PROTECTING,Field_15,1,IDLE,,1,PROTECTING,Field_8,1,PROTECTING,Field_9,1,IDLE,,1,PROTECTING,Field_8,1,PROTECTING,Field_9,1,IDLE,,1,IDLE,,1,IDLE,,1,IDLE,,1,IDLE,,1,IDLE,,1,IDLE,,1,IDLE,,1,IDLE,,1,IDLE,,1,MOVING_TO_FIELD,Field_10,1,MOVING_TO_FIELD,Field_10,1,PROTECTING,Field_10,1,MOVING_TO_FIELD,Field_10,50,0.23,0,0,4,47,0.12,0,0,2,27,0.02,1,0,3,22,0.08,2,0,2,66,0.17,0,0,2,65,0.05,3,0,1,40,0.07,0,0,3,30,0.00,2,0,0,62,0.11,2,0,1,49,0.15,1,5,5,32,0.22,2,2,2,29,0.00,0,0,1,17,0.05,0,0,2,67,0.06,0,0,6,105,0.19,3,1,3,40,0.12,0,0,2,84,0.16,0,0,2,72,0.02,0,0,1,17,0.15,0,0,2,9,0.12,0,0,3
291,935,16,0,16,0,8,0,1,MOVING_TO_FIELD,Field_11,1,MOVING_TO_FIELD,Field_10,1,MOVING_TO_FIELD,Field_10,1,PROTECTING,Field_15,1,PROTECTING,Field_3,1,PROTECTING,Field_6,1,PROTECTING,Field_6,1,PROTECTING,Field_6,1,PROTECTING,Field_4,1,IDLE,,1,IDLE,,1,PROTECTING,Field_15,1,PROTECTING,Field_4,1,MOVING_TO_FIELD,Field_11,1,PROTECTING,Field_11,1,PROTECTING,Field_11,1,IDLE,,1,MOVING_TO_FIELD,Field_15,1,IDLE,,1,PROTECTING,Field_15,1,IDLE,,1,PROTECTING,Field_8,1,PROTECTING,Field_9,1,IDLE,,1,PROTECTING,Field_8,1,PROTECTING,Field_9,1,IDLE,,1,IDLE,,1,IDLE,,1,IDLE,,1,IDLE,,1,IDLE,,1,IDLE,,1,IDLE,,1,IDLE,,1,IDLE,,1,MOVING_TO_FIELD,Field_10,1,MOVING_TO_FIELD,Field_10,1,PROTECTING,Field_10,1,MOVING_TO_FIELD,Field_10,50,0.23,0,0,4,47,0.12,0,0,2,27,0.01,1,0,3,22,0.08,2,0,2,67,0.17,0,0,2,67,0.07,3,0,1,40,0.08,0,0,3,30,0.00,2,0,0,63,0.12,2,0,1,49,0.15,1,5,5,32,0.22,2,2,2,29,0.00,0,0,1,17,0.05,0,0,2,67,0.06,0,0,6,105,0.19,3,1,3,40,0.12,0,0,2,85,0.16,0,0,2,72,0.00,0,0,1,17,0.15,0,0,2,9,0.12,0,0,3
292,938,16,0,16,0,8,0,1,MOVING_TO_FIELD,Field_11,1,MOVING_TO_FIELD,Field_10,1,MOVING_TO_FIELD,Field_10,1,PROTECTING,Field_15,1,PROTECTING,Field_3,1,PROTECTING,Field_6,1,PROTECTING,Field_6,1,PROTECTING,Field_6,1,PROTECTING,Field_4,1,IDLE,,1,IDLE,,1,PROTECTING,Field_15,1,PROTECTING,Field_4,1,MOVING_TO_FIELD,Field_11,1,PROTECTING,Field_11,1,PROTECTING,Field_11,1,IDLE,,1,MOVING_TO_FIELD,Field_15,1,IDLE,,1,PROTECTING,Field_15,1,IDLE,,1,PROTECTING,Field_8,1,PROTECTING,Field_9,1,IDLE,,1,PROTECTING,Field_8,1,PROTECTING,Field_9,1,IDLE,,1,IDLE,,1,IDLE,,1,IDLE,,1,IDLE,,1,IDLE,,1,IDLE,,1,IDLE,,1,IDLE,,1,IDLE,,1,MOVING_TO_FIELD,Field_10,1,MOVING_TO_FIELD,Field_10,1,PROTECTING,Field_10,1,MOVING_TO_FIELD,Field_10,50,0.23,0,0,4,47,0.12,0,0,2,27,0.01,1,0,3,22,0.08,2,0,2,67,0.17,0,0,2,69,0.07,3,0,1,40,0.08,0,0,3,30,0.00,2,0,0,64,0.12,2,0,1,49,0.14,1,5,5,32,0.22,2,2,2,29,0.03,0,0,1,17,0.05,0,0,2,67,0.06,0,0,6,105,0.19,3,1,3,40,0.12,0,0,2,85,0.15,0,0,2,72,0.00,0,0,1,17,0.15,0,0,2,9,0.12,0,0,3
293,948,16,0,16,0,8,0,1,MOVING_TO_FIELD,Field_11,1,MOVING_TO_FIELD,Field_10,1,MOVING_TO_FIELD,Field_10,1,PROTECTING,Field_15,1,PROTECTING,Field_3,1,PROTECTING,Field_6,1,PROTECTING,Field_6,1,PROTECTING,Field_6,1,PROTECTING,Field_4,1,IDLE,,1,IDLE,,1,PROTECTING,Field_15,1,PROTECTING,Field_4,1,MOVING_TO_FIELD,Field_11,1,PROTECTING,Field_11,1,PROTECTING,Field_11,1,IDLE,,1,MOVING_TO_FIELD,Field_15,1,IDLE,,1,PROTECTING,Field_15,1,IDLE,,1,PROTECTING,Field_8,1,PROTECTING,Field_9,1,IDLE,,1,PROTECTING,Field_8,1,PROTECTING,Field_9,1,IDLE,,1,IDLE,,1,IDLE,,1,IDLE,,1,IDLE,,1,IDLE,,1,IDLE,,1,IDLE,,1,IDLE,,1,IDLE,,1,MOVING_TO_FIELD,Field_10,1,MOVING_TO_FIELD,Field_10,1,PROTECTING,Field_10,1,MOVING_TO_FIELD,Field_10,51,0.22,0,0,4,47,0.13,0,0,2,27,0.01,1,0,3,22,0.09,2,0,2,67,0.17,0,0,2,69,0.07,3,0,1,40,0.08,0,0,3,30,0.00,2,0,0,65,0.12,2,0,1,49,0.16,1,5,5,37,0.22,2,2,2,29,0.03,0,0,1,17,0.05,0,0,2,67,0.07,0,0,6,105,0.18,3,1,3,41,0.12,0,0,2,87,0.16,0,0,2,72,0.00,0,0,1,17,0.15,0,0,2,9,0.14,0,0,3
294,951,16,0,16,0,8,0,1,MOVING_TO_FIELD,Field_11,1,MOVING_TO_FIELD,Field_10,1,MOVING_TO_FIELD,Field_10,1,PROTECTING,Field_15,1,PROTECTING,Field_3,1,PROTECTING,Field_6,1,PROTECTING,Field_6,1,PROTECTING,Field_6,1,PROTECTING,Field_4,1,IDLE,,1,IDLE,,1,PROTECTING,Field_15,1,PROTECTING,Field_4,1,MOVING_TO_FIELD,Field_11,1,PROTECTING,Field_11,1,PROTECTING,Field_11,1,IDLE,,1,MOVING_TO_FIELD,Field_15,1,IDLE,,1,PROTECTING,Field_15,1,IDLE,,1,PROTECTING,Field_8,1,PROTECTING,Field_9,1,IDLE,,1,PROTECTING,Field_8,1,PROTECTING,Field_9,1,IDLE,,1,IDLE,,1,IDLE,,1,IDLE,,1,IDLE,,1,IDLE,,1,IDLE,,1,IDLE,,1,IDLE,,1,IDLE,,1,MOVING_TO_FIELD,Field_10,1,MOVING_TO_FIELD,Field_10,1,PROTECTING,Field_10,1,MOVING_TO_FIELD,Field_10,52,0.22,0,0,4,48,0.11,0,0,2,27,0.02,1,0,3,22,0.08,2,0,2,67,0.17,0,0,2,69,0.07,3,0,1,40,0.07,0,0,3,30,0.00,2,0,0,65,0.12,2,0,1,49,0.15,1,5,5,37,0.22,2,2,2,29,0.03,0,0,1,17,0.05,0,0,2,67,0.07,0,0,6,105,0.19,3,1,3,42,0.12,0,0,2,87,0.20,0,0,2,72,0.00,0,0,1,17,0.16,0,0,2,9,0.12,0,0,3
295,956,16,0,16,0,8,0,1,MOVING_TO_FIELD,Field_11,1,MOVING_TO_FIELD,Field_10,1,MOVING_TO_FIELD,Field_10,1,PROTECTING,Field_15,1,PROTECTING,Field_3,1,PROTECTING,Field_6,1,PROTECTING,Field_6,1,PROTECTING,Field_6,1,PROTECTING,Field_4,1,IDLE,,1,IDLE,,1,PROTECTING,Field_15,1,PROTECTING,Field_4,1,MOVING_TO_FIELD,Field_11,1,PROTECTING,Field_11,1,PROTECTING,Field_11,1,IDLE,,1,MOVING_TO_FIELD,Field_15,1,IDLE,,1,PROTECTING,Field_15,1,IDLE,,1,PROTECTING,Field_8,1,PROTECTING,Field_9,1,IDLE,,1,PROTECTING,Field_8,1,PROTECTING,Field_9,1,IDLE,,1,IDLE,,1,IDLE,,1,IDLE,,1,IDLE,,1,IDLE,,1,IDLE,,1,IDLE,,1,IDLE,,1,IDLE,,1,MOVING_TO_FIELD,Field_10,1,MOVING_TO_FIELD,Field_10,1,PROTECTING,Field_10,1,MOVING_TO_FIELD,Field_10,54,0.22,0,0,4,48,0.12,0,0,2,27,0.01,1,0,3,22,0.08,2,0,2,67,0.17,0,0,2,70,0.07,3,0,1,40,0.08,0,0,3,30,0.00,2,0,0,65,0.12,2,0,1,49,0.14,1,5,5,38,0.24,2,2,2,29,0.03,0,0,1,17,0.05,0,0,2,67,0.07,0,0,6,105,0.20,3,1,3,43,0.12,0,0,2,87,0.20,0,0,2,72,0.00,0,0,1,17,0.18,0,0,2,9,0.12,0,0,3
296,962,16,0,16,0,8,0,1,MOVING_TO_FIELD,Field_11,1,MOVING_TO_FIELD,Field_10,1,MOVING_TO_FIELD,Field_10,1,PROTECTING,Field_15,1,PROTECTING,Field_3,1,PROTECTING,Field_6,1,PROTECTING,Field_6,1,PROTECTING,Field_6,1,PROTECTING,Field_4,1,IDLE,,1,IDLE,,1,PROTECTING,Field_15,1,PROTECTING,Field_4,1,MOVING_TO_FIELD,Field_11,1,PROTECTING,Field_11,1,PROTECTING,Field_11,1,IDLE,,1,MOVING_TO_FIELD,Field_15,1,IDLE,,1,PROTECTING,Field_15,1,IDLE,,1,PROTECTING,Field_8,1,PROTECTING,Field_9,1,IDLE,,1,PROTECTING,Field_8,1,PROTECTING,Field_9,1,IDLE,,1,IDLE,,1,IDLE,,1,IDLE,,1,IDLE,,1,IDLE,,1,IDLE,,1,IDLE,,1,IDLE,,1,IDLE,,1,MOVING_TO_FIELD,Field_10,1,MOVING_TO_FIELD,Field_10,1,PROTECTING,Field_10,1,MOVING_TO_FIELD,Field_10,55,0.20,0,0,4,49,0.12,0,0,2,27,0.01,1,0,3,22,0.08,2,0,2,68,0.16,0,0,2,70,0.07,3,0,1,40,0.08,0,0,3,30,0.00,2,0,0,66,0.11,2,0,1,49,0.12,1,5,5,38,0.24,2,2,2,29,0.03,0,0,1,17,0.05,0,0,2,67,0.07,0,0,6,105,0.21,3,1,3,44,0.14,0,0,2,88,0.20,0,0,2,72,0.00,0,0,1,17,0.18,0,0,2,9,0.12,0,0,3
297,969,16,0,16,0,8,0,1,MOVING_TO_FIELD,Field_11,1,MOVING_TO_FIELD,Field_10,1,MOVING_TO_FIELD,Field_10,1,PROTECTING,Field_15,1,PROTECTING,Field_3,1,PROTECTING,Field_6,1,PROTECTING,Field_6,1,PROTECTING,Field_6,1,PROTECTING,Field_4,1,IDLE,,1,IDLE,,1,PROTECTING,Field_15,1,PROTECTING,Field_4,1,MOVING_TO_FIELD,Field_11,1,PROTECTING,Field_11,1,PROTECTING,Field_11,1,IDLE,,1,MOVING_TO_FIELD,Field_15,1,IDLE,,1,PROTECTING,Field_15,1,IDLE,,1,PROTECTING,Field_8,1,PROTECTING,Field_9,1,IDLE,,1,PROTECTING,Field_8,1,PROTECTING,Field_9,1,IDLE,,1,IDLE,,1,IDLE,,1,IDLE,,1,IDLE,,1,IDLE,,1,IDLE,,1,IDLE,,1,IDLE,,1,IDLE,,1,MOVING_TO_FIELD,Field_10,1,MOVING_TO_FIELD,Field_10,1,PROTECTING,Field_10,1,MOVING_TO_FIELD,Field_10,55,0.21,0,0,4,49,0.12,0,0,2,27,0.01,1,0,3,22,0.07,2,0,2,71,0.15,0,0,2,70,0.05,3,0,1,40,0.07,0,0,3,30,0.00,2,0,0,67,0.11,2,0,1,49,0.11,1,5,5,40,0.24,2,2,2,29,0.03,0,0,1,17,0.04,0,0,2,67,0.07,0,0,6,106,0.21,3,1,3,44,0.14,0,0,2,88,0.20,0,0,2,72,0.00,0,0,1,17,0.21,0,0,2,9,0.12,0,0,3
298,972,16,0,17,0,7,0,1,MOVING_TO_FIELD,Field_11,1,MOVING_TO_FIELD,Field_10,1,PROTECTING,Field_10,1,PROTECTING,Field_15,1,PROTECTING,Field_3,1,PROTECTING,Field_6,1,PROTECTING,Field_6,1,PROTECTING,Field_6,1,PROTECTING,Field_4,1,IDLE,,1,IDLE,,1,PROTECTING,Field_15,1,PROTECTING,Field_4,1,MOVING_TO_FIELD,Field_11,1,PROTECTING,Field_11,1,PROTECTING,Field_11,1,IDLE,,1,MOVING_TO_FIELD,Field_15,1,IDLE,,1,PROTECTING,Field_15,1,IDLE,,1,PROTECTING,Field_8,1,PROTECTING,Field_9,1,IDLE,,1,PROTECTING,Field_8,1,PROTECTING,Field_9,1,IDLE,,1,IDLE,,1,IDLE,,1,IDLE,,1,IDLE,,1,IDLE,,1,IDLE,,1,IDLE,,1,IDLE,,1,IDLE,,1,MOVING_TO_FIELD,Field_10,1,MOVING_TO_FIELD,Field_10,1,PROTECTING,Field_10,1,MOVING_TO_FIELD,Field_10,55,0.19,0,0,4,50,0.13,0,0,2,27,0.01,1,0,3,22,0.07,2,0,2,71,0.14,0,0,2,70,0.04,3,0,1,40,0.07,0,0,3,30,0.00,2,0,0,68,0.12,2,0,1,49,0.11,2,4,4,41,0.25,2,2,2,29,0.03,0,0,1,17,0.04,0,0,2,67,0.07,0,0,6,106,0.21,3,1,3,44,0.14,0,0,2,88,0.20,0,0,2,72,0.00,0,0,1,17,0.21,0,0,2,9,0.12,0,0,3
299,974,16,0,18,0,6,0,1,MOVING_TO_FIELD,Field_11,1,MOVING_TO_FIELD,Field_10,1,PROTECTING,Field_10,1,PROTECTING,Field_15,1,PROTECTING,Field_3,1,PROTECTING,Field_6,1,PROTECTING,Field_6,1,PROTECTING,Field_6,1,PROTECTING,Field_4,1,IDLE,,1,IDLE,,1,PROTECTING,Field_15,1,PROTECTING,Field_4,1,MOVING_TO_FIELD,Field_11,1,PROTECTING,Field_11,1,PROTECTING,Field_11,1,IDLE,,1,MOVING_TO_FIELD,Field_15,1,IDLE,,1,PROTECTING,Field_15,1,IDLE,,1,PROTECTING,Field_8,1,PROTECTING,Field_9,1,IDLE,,1,PROTECTING,Field_8,1,PROTECTING,Field_9,1,IDLE,,1,IDLE,,1,IDLE,,1,IDLE,,1,IDLE,,1,IDLE,,1,IDLE,,1,IDLE,,1,IDLE,,1,IDLE,,1,PROTECTING,Field_10,1,MOVING_TO_FIELD,Field_10,1,PROTECTING,Field_10,1,MOVING_TO_FIELD,Field_10,55,0.19,0,0,4,50,0.11,0,0,2,27,0.01,1,0,3,22,0.08,2,0,2,71,0.11,0,0,2,70,0.05,3,0,1,40,0.06,0,0,3,30,0.00,2,0,0,68,0.11,2,0,1,49,0.11,3,3,3,42,0.25,2,2,2,29,0.03,0,0,1,17,0.04,0,0,2,67,0.07,0,0,6,106,0.19,3,1,3,45,0.14,0,0,2,88,0.20,0,0,2,72,0.00,0,0,1,17,0.21,0,0,2,9,0.10,0,0,3
300,979,16,0,20,0,4,0,1,MOVING_TO_FIELD,Field_11,1,MOVING_TO_FIELD,Field_10,1,PROTECTING,Field_10,1,PROTECTING,Field_15,1,PROTECTING,Field_3,1,PROTECTING,Field_6,1,PROTECTING,Field_6,1,PROTECTING,Field_6,1,PROTECTING,Field_4,1,IDLE,,1,IDLE,,1,PROTECTING,Field_15,1,PROTECTING,Field_4,1,MOVING_TO_FIELD,Field_11,1,PROTECTING,Field_11,1,PROTECTING,Field_11,1,IDLE,,1,PROTECTING,Field_15,1,IDLE,,1,PROTECTING,Field_15,1,IDLE,,1,PROTECTING,Field_8,1,PROTECTING,Field_9,1,IDLE,,1,PROTECTING,Field_8,1,PROTECTING,Field_9,1,IDLE,,1,IDLE,,1,IDLE,,1,IDLE,,1,IDLE,,1,IDLE,,1,IDLE,,1,IDLE,,1,IDLE,,1,IDLE,,1,PROTECTING,Field_10,1,PROTECTING,Field_10,1,PROTECTING,Field_10,1,MOVING_TO_FIELD,Field_10,55,0.19,0,0,4,50,0.11,0,0,2,27,0.01,1,0,3,22,0.08,2,0,2,71,0.10,0,0,2,70,0.05,3,0,1,40,0.06,0,0,3,30,0.00,2,0,0,68,0.10,2,0,1,49,0.11,4,2,2,42,0.25,2,2,2,29,0.03,0,0,1,17,0.05,0,0,2,67,0.07,0,0,6,106,0.18,4,0,2,45,0.14,0,0,2,89,0.20,0,0,2,72,0.00,0,0,1,21,0.21,0,0,2,9,0.10,0,0,3
