step,damage,IDLE,CHARGING,PROTECTING,MOVING_TO_CHARGER,MOVING_TO_FIELD,TERMINATED,Drone_1_battery,Drone_1_state,Drone_1_target,Drone_2_battery,Drone_2_state,Drone_2_target,Drone_3_battery,Drone_3_state,Drone_3_target,Drone_4_battery,Drone_4_state,Drone_4_target,Drone_5_battery,Drone_5_state,Drone_5_target,Drone_6_battery,Drone_6_state,Drone_6_target,Drone_7_battery,Drone_7_state,Drone_7_target,Drone_8_battery,Drone_8_state,Drone_8_target,Drone_9_battery,Drone_9_state,Drone_9_target,Drone_10_battery,Drone_10_state,Drone_10_target,Drone_11_battery,Drone_11_state,Drone_11_target,Drone_12_battery,Drone_12_state,Drone_12_target,Drone_13_battery,Drone_13_state,Drone_13_target,Drone_14_battery,Drone_14_state,Drone_14_target,Drone_15_battery,Drone_15_state,Drone_15_target,Drone_16_battery,Drone_16_state,Drone_16_target,Drone_17_battery,Drone_17_state,Drone_17_target,Drone_18_battery,Drone_18_state,Drone_18_target,Drone_19_battery,Drone_19_state,Drone_19_target,Drone_20_battery,Drone_20_state,Drone_20_target,Drone_21_battery,Drone_21_state,Drone_21_target,Drone_22_battery,Drone_22_state,Drone_22_target,Drone_23_battery,Drone_23_state,Drone_23_target,Drone_24_battery,Drone_24_state,Drone_24_target,Drone_25_battery,Drone_25_state,Drone_25_target,Drone_26_battery,Drone_26_state,Drone_26_target,Drone_27_battery,Drone_27_state,Drone_27_target,Drone_28_battery,Drone_28_state,Drone_28_target,Drone_29_battery,Drone_29_state,Drone_29_target,Drone_30_battery,Drone_30_state,Drone_30_target,Drone_31_battery,Drone_31_state,Drone_31_target,Drone_32_battery,Drone_32_state,Drone_32_target,Drone_33_battery,Drone_33_state,Drone_33_target,Drone_34_battery,Drone_34_state,Drone_34_target,Drone_35_battery,Drone_35_state,Drone_35_target,Drone_36_battery,Drone_36_state,Drone_36_target,Drone_37_battery,Drone_37_state,Drone_37_target,Drone_38_battery,Drone_38_state,Drone_38_target,Drone_39_battery,Drone_39_state,Drone_39_target,Drone_40_battery,Drone_40_state,Drone_40_target,Drone_41_battery,Drone_41_state,Drone_41_target,Drone_42_battery,Drone_42_state,Drone_42_target,Drone_43_battery,Drone_43_state,Drone_43_target,Drone_44_battery,Drone_44_state,Drone_44_target,Drone_45_battery,Drone_45_state,Drone_45_target,Drone_46_battery,Drone_46_state,Drone_46_target,Drone_47_battery,Drone_47_state,Drone_47_target,Drone_48_battery,Drone_48_state,Drone_48_target,Drone_49_battery,Drone_49_state,Drone_49_target,Drone_50_battery,Drone_50_state,Drone_50_target,Drone_51_battery,Drone_51_state,Drone_51_target,Drone_52_battery,Drone_52_state,Drone_52_target,Drone_53_battery,Drone_53_state,Drone_53_target,Drone_54_battery,Drone_54_state,Drone_54_target,Drone_55_battery,Drone_55_state,Drone_55_target,Drone_56_battery,Drone_56_state,Drone_56_target,Drone_57_battery,Drone_57_state,Drone_57_target,Drone_58_battery,Drone_58_state,Drone_58_target,Drone_59_battery,Drone_59_state,Drone_59_target,Drone_60_battery,Drone_60_state,Drone_60_target,Drone_61_battery,Drone_61_state,Drone_61_target,Drone_62_battery,Drone_62_state,Drone_62_target,Drone_63_battery,Drone_63_state,Drone_63_target,Drone_64_battery,Drone_64_state,Drone_64_target,Drone_65_battery,Drone_65_state,Drone_65_target,Drone_66_battery,Drone_66_state,Drone_66_target,Drone_67_battery,Drone_67_state,Drone_67_target,Drone_68_battery,Drone_68_state,Drone_68_target,Drone_69_battery,Drone_69_state,Drone_69_target,Drone_70_battery,Drone_70_state,Drone_70_target,Drone_71_battery,Drone_71_state,Drone_71_target,Drone_72_battery,Drone_72_state,Drone_72_target,Drone_73_battery,Drone_73_state,Drone_73_target,Drone_74_battery,Drone_74_state,Drone_74_target,Drone_75_battery,Drone_75_state,Drone_75_target,Drone_76_battery,Drone_76_state,Drone_76_target,Drone_77_battery,Drone_77_state,Drone_77_target,Drone_78_battery,Drone_78_state,Drone_78_target,Drone_79_battery,Drone_79_state,Drone_79_target,Field_1_damage,Field_1_threat_level,Field_1_protecting_drones,Field_1_arriving_drones,Field_1_drones_for_full_protection,Field_2_damage,Field_2_threat_level,Field_2_protecting_drones,Field_2_arriving_drones,Field_2_drones_for_full_protection,Field_3_damage,Field_3_threat_level,Field_3_protecting_drones,Field_3_arriving_drones,Field_3_drones_for_full_protection,Field_4_damage,Field_4_threat_level,Field_4_protecting_drones,Field_4_arriving_drones,Field_4_drones_for_full_protection,Field_5_damage,Field_5_threat_level,Field_5_protecting_drones,Field_5_arriving_drones,Field_5_drones_for_full_protection,Field_6_damage,Field_6_threat_level,Field_6_protecting_drones,Field_6_arriving_drones,Field_6_drones_for_full_protection,Field_7_damage,Field_7_threat_level,Field_7_protecting_drones,Field_7_arriving_drones,Field_7_drones_for_full_protection,Field_8_damage,Field_8_threat_level,Field_8_protecting_drones,Field_8_arriving_drones,Field_8_drones_for_full_protection,Field_9_damage,Field_9_threat_level,Field_9_protecting_drones,Field_9_arriving_drones,Field_9_drones_for_full_protection,Field_10_damage,Field_10_threat_level,Field_10_protecting_drones,Field_10_arriving_drones,Field_10_drones_for_full_protection,Field_11_damage,Field_11_threat_level,Field_11_protecting_drones,Field_11_arriving_drones,Field_11_drones_for_full_protection,Field_12_damage,Field_12_threat_level,Field_12_protecting_drones,Field_12_arriving_drones,Field_12_drones_for_full_protection,Field_13_damage,Field_13_threat_level,Field_13_protecting_drones,Field_13_arriving_drones,Field_13_drones_for_full_protection,Field_14_damage,Field_14_threat_level,Field_14_protecting_drones,Field_14_arriving_drones,Field_14_drones_for_full_protection,Field_15_damage,Field_15_threat_level,Field_15_protecting_drones,Field_15_arriving_drones,Field_15_drones_for_full_protection,Field_16_damage,Field_16_threat_level,Field_16_protecting_drones,Field_16_arriving_drones,Field_16_drones_for_full_protection,Field_17_damage,Field_17_threat_level,Field_17_protecting_drones,Field_17_arriving_drones,Field_17_drones_for_full_protection,Field_18_damage,Field_18_threat_level,Field_18_protecting_drones,Field_18_arriving_drones,Field_18_drones_for_full_protection,Field_19_damage,Field_19_threat_level,Field_19_protecting_drones,Field_19_arriving_drones,Field_19_drones_for_full_protection,Field_20_damage,Field_20_threat_level,Field_20_protecting_drones,Field_20_arriving_drones,Field_20_drones_for_full_protection,Field_21_damage,Field_21_threat_level,Field_21_protecting_drones,Field_21_arriving_drones,Field_21_drones_for_full_protection,Field_22_damage,Field_22_threat_level,Field_22_protecting_drones,Field_22_arriving_drones,Field_22_drones_for_full_protection,Field_23_damage,Field_23_threat_level,Field_23_protecting_drones,Field_23_arriving_drones,Field_23_drones_for_full_protection,Field_24_damage,Field_24_threat_level,Field_24_protecting_drones,Field_24_arriving_drones,Field_24_drones_for_full_protection,Field_25_damage,Field_25_threat_level,Field_25_protecting_drones,Field_25_arriving_drones,Field_25_drones_for_full_protection,Field_26_damage,Field_26_threat_level,Field_26_protecting_drones,Field_26_arriving_drones,Field_26_drones_for_full_protection,Field_27_damage,Field_27_threat_level,Field_27_protecting_drones,Field_27_arriving_drones,Field_27_drones_for_full_protection,Field_28_damage,Field_28_threat_level,Field_28_protecting_drones,Field_28_arriving_drones,Field_28_drones_for_full_protection,Field_29_damage,Field_29_threat_level,Field_29_protecting_drones,Field_29_arriving_drones,Field_29_drones_for_full_protection,Field_30_damage,Field_30_threat_level,Field_30_protecting_drones,Field_30_arriving_drones,Field_30_drones_for_full_protection,Field_31_damage,Field_31_threat_level,Field_31_protecting_drones,Field_31_arriving_drones,Field_31_drones_for_full_protection,Field_32_damage,Field_32_threat_level,Field_32_protecting_drones,Field_32_arriving_drones,Field_32_drones_for_full_protection,Field_33_damage,Field_33_threat_level,Field_33_protecting_drones,Field_33_arriving_drones,Field_33_drones_for_full_protection,Field_34_damage,Field_34_threat_level,Field_34_protecting_drones,Field_34_arriving_drones,Field_34_drones_for_full_protection,Field_35_damage,Field_35_threat_level,Field_35_protecting_drones,Field_35_arriving_drones,Field_35_drones_for_full_protection,Field_36_damage,Field_36_threat_level,Field_36_protecting_drones,Field_36_arriving_drones,Field_36_drones_for_full_protection,Field_37_damage,Field_37_threat_level,Field_37_protecting_drones,Field_37_arriving_drones,Field_37_drones_for_full_protection,Field_38_damage,Field_38_threat_level,Field_38_protecting_drones,Field_38_arriving_drones,Field_38_drones_for_full_protection,Field_39_damage,Field_39_threat_level,Field_39_protecting_drones,Field_39_arriving_drones,Field_39_drones_for_full_protection,Field_40_damage,Field_40_threat_level,Field_40_protecting_drones,Field_40_arriving_drones,Field_40_drones_for_full_protection
1,0,67,0,0,0,12,0,1,IDLE,,1,IDLE,,1,IDLE,,1,IDLE,,1,IDLE,,1,IDLE,,1,IDLE,,1,IDLE,,1,IDLE,,1,IDLE,,1,IDLE,,1,IDLE,,1,IDLE,,1,IDLE,,1,IDLE,,1,IDLE,,1,IDLE,,1,IDLE,,1,MOVING_TO_FIELD,Field_16,1,IDLE,,1,IDLE,,1,MOVING_TO_FIELD,Field_18,1,IDLE,,1,IDLE,,1,IDLE,,1,IDLE,,1,IDLE,,1,IDLE,,1,IDLE,,1,IDLE,,1,IDLE,,1,IDLE,,1,IDLE,,1,IDLE,,1,IDLE,,1,IDLE,,1,IDLE,,1,IDLE,,1,MOVING_TO_FIELD,Field_16,1,IDLE,,1,IDLE,,1,IDLE,,1,IDLE,,1,MOVING_TO_FIELD,Field_18,1,MOVING_TO_FIELD,Field_18,1,IDLE,,1,IDLE,,1,IDLE,,1,IDLE,,1,IDLE,,1,IDLE,,1,IDLE,,1,IDLE,,1,IDLE,,1,IDLE,,1,MOVING_TO_FIELD,Field_18,1,IDLE,,1,IDLE,,1,IDLE,,1,MOVING_TO_FIELD,Field_18,1,IDLE,,1,MOVING_TO_FIELD,Field_18,1,IDLE,,1,MOVING_TO_FIELD,Field_16,1,IDLE,,1,MOVING_TO_FIELD,Field_36,1,IDLE,,1,IDLE,,1,IDLE,,1,IDLE,,1,IDLE,,1,IDLE,,1,IDLE,,1,IDLE,,1,MOVING_TO_FIELD,Field_36,1,IDLE,,1,IDLE,,1,MOVING_TO_FIELD,Field_18,1,IDLE,,0,0.18,0,0,9,0,0.08,0,0,4,0,0.05,0,0,2,0,0.07,0,0,1,0,0.03,0,0,1,0,0.12,0,0,6,0,0.13,0,0,2,0,0.11,0,0,6,0,0.03,0,0,2,0,0.10,0,0,6,0,0.03,0,0,2,0,0.01,0,0,3,0,0.00,0,0,1,0,0.05,0,0,2,0,0.14,0,0,6,0,0.20,0,3,9,0,0.14,0,0,3,0,0.15,0,7,9,0,0.13,0,0,6,0,0.00,0,0,2,0,0.05,0,0,2,0,0.00,0,0,1,0,0.07,0,0,2,0,0.05,0,0,1,0,0.04,0,0,1,0,0.06,0,0,2,0,0.06,0,0,2,0,0.11,0,0,2,0,0.03,0,0,2,0,0.06,0,0,2,0,0.04,0,0,2,0,0.06,0,0,2,0,0.07,0,0,2,0,0.05,0,0,2,0,0.07,0,0,3,0,0.16,0,2,3,0,0.02,0,0,2,0,0.04,0,0,2,0,0.08,0,0,3,0,0.09,0,0,3
2,0,67,0,0,0,12,0,1,IDLE,,1,IDLE,,1,IDLE,,1,IDLE,,1,IDLE,,1,IDLE,,1,IDLE,,1,IDLE,,1,IDLE,,1,IDLE,,1,IDLE,,1,IDLE,,1,IDLE,,1,IDLE,,1,IDLE,,1,IDLE,,1,IDLE,,1,IDLE,,1,MOVING_TO_FIELD,Field_16,1,IDLE,,1,IDLE,,1,MOVING_TO_FIELD,Field_18,1,IDLE,,1,IDLE,,1,IDLE,,1,IDLE,,1,IDLE,,1,IDLE,,1,IDLE,,1,IDLE,,1,IDLE,,1,IDLE,,1,IDLE,,1,IDLE,,1,IDLE,,1,IDLE,,1,IDLE,,1,IDLE,,1,MOVING_TO_FIELD,Field_16,1,IDLE,,1,IDLE,,1,IDLE,,1,IDLE,,1,MOVING_TO_FIELD,Field_18,1,MOVING_TO_FIELD,Field_18,1,IDLE,,1,IDLE,,1,IDLE,,1,IDLE,,1,IDLE,,1,IDLE,,1,IDLE,,1,IDLE,,1,IDLE,,1,IDLE,,1,MOVING_TO_FIELD,Field_18,1,IDLE,,1,IDLE,,1,IDLE,,1,MOVING_TO_FIELD,Field_18,1,IDLE,,1,MOVING_TO_FIELD,Field_18,1,IDLE,,1,MOVING_TO_FIELD,Field_16,1,IDLE,,1,MOVING_TO_FIELD,Field_36,1,IDLE,,1,IDLE,,1,IDLE,,1,IDLE,,1,IDLE,,1,IDLE,,1,IDLE,,1,IDLE,,1,MOVING_TO_FIELD,Field_36,1,IDLE,,1,IDLE,,1,MOVING_TO_FIELD,Field_18,1,IDLE,,0,0.18,0,0,9,0,0.08,0,0,4,0,0.05,0,0,2,0,0.07,0,0,1,0,0.03,0,0,1,0,0.12,0,0,6,0,0.13,0,0,2,0,0.11,0,0,6,0,0.03,0,0,2,0,0.10,0,0,6,0,0.03,0,0,2,0,0.01,0,0,3,0,0.00,0,0,1,0,0.05,0,0,2,0,0.14,0,0,6,0,0.20,0,3,9,0,0.14,0,0,3,0,0.14,0,7,9,0,0.13,0,0,6,0,0.00,0,0,2,0,0.05,0,0,2,0,0.00,0,0,1,0,0.07,0,0,2,0,0.05,0,0,1,0,0.04,0,0,1,0,0.05,0,0,2,0,0.06,0,0,2,0,0.11,0,0,2,0,0.03,0,0,2,0,0.06,0,0,2,0,0.04,0,0,2,0,0.06,0,0,2,0,0.09,0,0,2,0,0.05,0,0,2,0,0.07,0,0,3,0,0.16,0,2,3,0,0.02,0,0,2,0,0.04,0,0,2,0,0.08,0,0,3,0,0.09,0,0,3
3,0,67,0,0,0,12,0,1,IDLE,,1,IDLE,,1,IDLE,,1,IDLE,,1,IDLE,,1,IDLE,,1,IDLE,,1,IDLE,,1,IDLE,,1,IDLE,,1,IDLE,,1,IDLE,,1,IDLE,,1,IDLE,,1,IDLE,,1,IDLE,,1,IDLE,,1,IDLE,,1,MOVING_TO_FIELD,Field_16,1,IDLE,,1,IDLE,,1,MOVING_TO_FIELD,Field_18,1,IDLE,,1,IDLE,,1,IDLE,,1,IDLE,,1,IDLE,,1,IDLE,,1,IDLE,,1,IDLE,,1,IDLE,,1,IDLE,,1,IDLE,,1,IDLE,,1,IDLE,,1,IDLE,,1,IDLE,,1,IDLE,,1,MOVING_TO_FIELD,Field_16,1,IDLE,,1,IDLE,,1,IDLE,,1,IDLE,,1,MOVING_TO_FIELD,Field_18,1,MOVING_TO_FIELD,Field_18,1,IDLE,,1,IDLE,,1,IDLE,,1,IDLE,,1,IDLE,,1,IDLE,,1,IDLE,,1,IDLE,,1,IDLE,,1,IDLE,,1,MOVING_TO_FIELD,Field_18,1,IDLE,,1,IDLE,,1,IDLE,,1,MOVING_TO_FIELD,Field_18,1,IDLE,,1,MOVING_TO_FIELD,Field_18,1,IDLE,,1,MOVING_TO_FIELD,Field_16,1,IDLE,,1,MOVING_TO_FIELD,Field_36,1,IDLE,,1,IDLE,,1,IDLE,,1,IDLE,,1,IDLE,,1,IDLE,,1,IDLE,,1,IDLE,,1,MOVING_TO_FIELD,Field_36,1,IDLE,,1,IDLE,,1,MOVING_TO_FIELD,Field_18,1,IDLE,,0,0.18,0,0,9,0,0.08,0,0,4,0,0.05,0,0,2,0,0.05,0,0,1,0,0.03,0,0,1,0,0.12,0,0,6,0,0.13,0,0,2,0,0.11,0,0,6,0,0.03,0,0,2,0,0.10,0,0,6,0,0.03,0,0,2,0,0.01,0,0,3,0,0.00,0,0,1,0,0.05,0,0,2,0,0.14,0,0,6,0,0.19,0,3,9,0,0.14,0,0,3,0,0.14,0,7,9,0,0.14,0,0,6,0,0.00,0,0,2,0,0.05,0,0,2,0,0.00,0,0,1,0,0.05,0,0,2,0,0.05,0,0,1,0,0.04,0,0,1,0,0.05,0,0,2,0,0.06,0,0,2,0,0.09,0,0,2,0,0.03,0,0,2,0,0.06,0,0,2,0,0.04,0,0,2,0,0.06,0,0,2,0,0.09,0,0,2,0,0.07,0,0,2,0,0.07,0,0,3,0,0.17,0,2,3,0,0.03,0,0,2,0,0.05,0,0,2,0,0.07,0,0,3,0,0.09,0,0,3
4,0,67,0,0,0,12,0,1,IDLE,,1,IDLE,,1,IDLE,,1,IDLE,,1,IDLE,,1,IDLE,,1,IDLE,,1,IDLE,,1,IDLE,,1,IDLE,,1,IDLE,,1,IDLE,,1,IDLE,,1,IDLE,,1,IDLE,,1,IDLE,,1,IDLE,,1,IDLE,,1,MOVING_TO_FIELD,Field_16,1,IDLE,,1,IDLE,,1,MOVING_TO_FIELD,Field_18,1,IDLE,,1,IDLE,,1,IDLE,,1,IDLE,,1,IDLE,,1,IDLE,,1,IDLE,,1,IDLE,,1,IDLE,,1,IDLE,,1,IDLE,,1,IDLE,,1,IDLE,,1,IDLE,,1,IDLE,,1,IDLE,,1,MOVING_TO_FIELD,Field_16,1,IDLE,,1,IDLE,,1,IDLE,,1,IDLE,,1,MOVING_TO_FIELD,Field_18,1,MOVING_TO_FIELD,Field_18,1,IDLE,,1,IDLE,,1,IDLE,,1,IDLE,,1,IDLE,,1,IDLE,,1,IDLE,,1,IDLE,,1,IDLE,,1,IDLE,,1,MOVING_TO_FIELD,Field_18,1,IDLE,,1,IDLE,,1,IDLE,,1,MOVING_TO_FIELD,Field_18,1,IDLE,,1,MOVING_TO_FIELD,Field_18,1,IDLE,,1,MOVING_TO_FIELD,Field_16,1,IDLE,,1,MOVING_TO_FIELD,Field_36,1,IDLE,,1,IDLE,,1,IDLE,,1,IDLE,,1,IDLE,,1,IDLE,,1,IDLE,,1,IDLE,,1,MOVING_TO_FIELD,Field_36,1,IDLE,,1,IDLE,,1,MOVING_TO_FIELD,Field_18,1,IDLE,,0,0.19,0,0,9,0,0.08,0,0,4,0,0.06,0,0,2,0,0.05,0,0,1,0,0.03,0,0,1,0,0.12,0,0,6,0,0.15,0,0,2,0,0.13,0,0,6,0,0.03,0,0,2,0,0.10,0,0,6,0,0.04,0,0,2,0,0.01,0,0,3,0,0.00,0,0,1,0,0.06,0,0,2,0,0.14,0,0,6,0,0.20,0,3,9,0,0.14,0,0,3,0,0.15,0,7,9,0,0.16,0,0,6,0,0.00,0,0,2,0,0.05,0,0,2,0,0.00,0,0,1,0,0.05,0,0,2,0,0.05,0,0,1,0,0.04,0,0,1,0,0.05,0,0,2,0,0.07,0,0,2,0,0.09,0,0,2,0,0.03,0,0,2,0,0.08,0,0,2,0,0.04,0,0,2,0,0.06,0,0,2,0,0.07,0,0,2,0,0.08,0,0,2,0,0.07,0,0,3,0,0.16,0,2,3,0,0.03,0,0,2,0,0.06,0,0,2,0,0.07,0,0,3,0,0.11,0,0,3
5,0,67,0,0,0,12,0,1,IDLE,,1,IDLE,,1,IDLE,,1,IDLE,,1,IDLE,,1,IDLE,,1,IDLE,,1,IDLE,,1,IDLE,,1,IDLE,,1,IDLE,,1,IDLE,,1,IDLE,,1,IDLE,,1,IDLE,,1,IDLE,,1,IDLE,,1,IDLE,,1,MOVING_TO_FIELD,Field_16,1,IDLE,,1,IDLE,,1,MOVING_TO_FIELD,Field_18,1,IDLE,,1,IDLE,,1,IDLE,,1,IDLE,,1,IDLE,,1,IDLE,,1,IDLE,,1,IDLE,,1,IDLE,,1,IDLE,,1,IDLE,,1,IDLE,,1,IDLE,,1,IDLE,,1,IDLE,,1,IDLE,,1,MOVING_TO_FIELD,Field_16,1,IDLE,,1,IDLE,,1,IDLE,,1,IDLE,,1,MOVING_TO_FIELD,Field_18,1,MOVING_TO_FIELD,Field_18,1,IDLE,,1,IDLE,,1,IDLE,,1,IDLE,,1,IDLE,,1,IDLE,,1,IDLE,,1,IDLE,,1,IDLE,,1,IDLE,,1,MOVING_TO_FIELD,Field_18,1,IDLE,,1,IDLE,,1,IDLE,,1,MOVING_TO_FIELD,Field_18,1,IDLE,,1,MOVING_TO_FIELD,Field_18,1,IDLE,,1,MOVING_TO_FIELD,Field_16,1,IDLE,,1,MOVING_TO_FIELD,Field_36,1,IDLE,,1,IDLE,,1,IDLE,,1,IDLE,,1,IDLE,,1,IDLE,,1,IDLE,,1,IDLE,,1,MOVING_TO_FIELD,Field_36,1,IDLE,,1,IDLE,,1,MOVING_TO_FIELD,Field_18,1,IDLE,,0,0.21,0,0,9,0,0.08,0,0,4,0,0.06,0,0,2,0,0.10,0,0,1,0,0.03,0,0,1,0,0.13,0,0,6,0,0.15,0,0,2,0,0.14,0,0,6,0,0.03,0,0,2,0,0.09,0,0,6,0,0.04,0,0,2,0,0.01,0,0,3,0,0.00,0,0,1,0,0.08,0,0,2,0,0.14,0,0,6,0,0.23,0,3,9,0,0.14,0,0,3,0,0.16,0,7,9,0,0.17,0,0,6,0,0.00,0,0,2,0,0.05,0,0,2,0,0.02,0,0,1,0,0.05,0,0,2,0,0.05,0,0,1,0,0.04,0,0,1,0,0.05,0,0,2,0,0.07,0,0,2,0,0.09,0,0,2,0,0.03,0,0,2,0,0.06,0,0,2,0,0.04,0,0,2,0,0.08,0,0,2,0,0.07,0,0,2,0,0.08,0,0,2,0,0.07,0,0,3,0,0.16,0,2,3,0,0.02,0,0,2,0,0.06,0,0,2,0,0.07,0,0,3,0,0.12,0,0,3
6,0,67,0,0,0,12,0,1,IDLE,,1,IDLE,,1,IDLE,,1,IDLE,,1,IDLE,,1,IDLE,,1,IDLE,,1,IDLE,,1,IDLE,,1,IDLE,,1,IDLE,,1,IDLE,,1,IDLE,,1,IDLE,,1,IDLE,,1,IDLE,,1,IDLE,,1,IDLE,,1,MOVING_TO_FIELD,Field_16,1,IDLE,,1,IDLE,,1,MOVING_TO_FIELD,Field_18,1,IDLE,,1,IDLE,,1,IDLE,,1,IDLE,,1,IDLE,,1,IDLE,,1,IDLE,,1,IDLE,,1,IDLE,,1,IDLE,,1,IDLE,,1,IDLE,,1,IDLE,,1,IDLE,,1,IDLE,,1,IDLE,,1,MOVING_TO_FIELD,Field_16,1,IDLE,,1,IDLE,,1,IDLE,,1,IDLE,,1,MOVING_TO_FIELD,Field_18,1,MOVING_TO_FIELD,Field_18,1,IDLE,,1,IDLE,,1,IDLE,,1,IDLE,,1,IDLE,,1,IDLE,,1,IDLE,,1,IDLE,,1,IDLE,,1,IDLE,,1,MOVING_TO_FIELD,Field_18,1,IDLE,,1,IDLE,,1,IDLE,,1,MOVING_TO_FIELD,Field_18,1,IDLE,,1,MOVING_TO_FIELD,Field_18,1,IDLE,,1,MOVING_TO_FIELD,Field_16,1,IDLE,,1,MOVING_TO_FIELD,Field_36,1,IDLE,,1,IDLE,,1,IDLE,,1,IDLE,,1,IDLE,,1,IDLE,,1,IDLE,,1,IDLE,,1,MOVING_TO_FIELD,Field_36,1,IDLE,,1,IDLE,,1,MOVING_TO_FIELD,Field_18,1,IDLE,,0,0.22,0,0,9,0,0.08,0,0,4,0,0.06,0,0,2,0,0.10,0,0,1,0,0.03,0,0,1,0,0.13,0,0,6,0,0.15,0,0,2,0,0.15,0,0,6,0,0.03,0,0,2,0,0.11,0,0,6,0,0.04,0,0,2,0,0.02,0,0,3,0,0.02,0,0,1,0,0.09,0,0,2,0,0.16,0,0,6,0,0.23,0,3,9,0,0.15,0,0,3,0,0.16,0,7,9,0,0.16,0,0,6,0,0.01,0,0,2,0,0.06,0,0,2,0,0.03,0,0,1,0,0.08,0,0,2,0,0.07,0,0,1,0,0.09,0,0,1,0,0.06,0,0,2,0,0.07,0,0,2,0,0.09,0,0,2,0,0.03,0,0,2,0,0.06,0,0,2,0,0.04,0,0,2,0,0.09,0,0,2,0,0.09,0,0,2,0,0.08,0,0,2,0,0.08,0,0,3,0,0.16,0,2,3,0,0.02,0,0,2,0,0.06,0,0,2,0,0.06,0,0,3,0,0.12,0,0,3
7,0,67,0,0,0,12,0,1,IDLE,,1,IDLE,,1,IDLE,,1,IDLE,,1,IDLE,,1,IDLE,,1,IDLE,,1,IDLE,,1,IDLE,,1,IDLE,,1,IDLE,,1,IDLE,,1,IDLE,,1,IDLE,,1,IDLE,,1,IDLE,,1,IDLE,,1,IDLE,,1,MOVING_TO_FIELD,Field_16,1,IDLE,,1,IDLE,,1,MOVING_TO_FIELD,Field_18,1,IDLE,,1,IDLE,,1,IDLE,,1,IDLE,,1,IDLE,,1,IDLE,,1,IDLE,,1,IDLE,,1,IDLE,,1,IDLE,,1,IDLE,,1,IDLE,,1,IDLE,,1,IDLE,,1,IDLE,,1,IDLE,,1,MOVING_TO_FIELD,Field_16,1,IDLE,,1,IDLE,,1,IDLE,,1,IDLE,,1,MOVING_TO_FIELD,Field_18,1,MOVING_TO_FIELD,Field_18,1,IDLE,,1,IDLE,,1,IDLE,,1,IDLE,,1,IDLE,,1,IDLE,,1,IDLE,,1,IDLE,,1,IDLE,,1,IDLE,,1,MOVING_TO_FIELD,Field_18,1,IDLE,,1,IDLE,,1,IDLE,,1,MOVING_TO_FIELD,Field_18,1,IDLE,,1,MOVING_TO_FIELD,Field_18,1,IDLE,,1,MOVING_TO_FIELD,Field_16,1,IDLE,,1,MOVING_TO_FIELD,Field_36,1,IDLE,,1,IDLE,,1,IDLE,,1,IDLE,,1,IDLE,,1,IDLE,,1,IDLE,,1,IDLE,,1,MOVING_TO_FIELD,Field_36,1,IDLE,,1,IDLE,,1,MOVING_TO_FIELD,Field_18,1,IDLE,,0,0.25,0,0,9,0,0.10,0,0,4,0,0.08,0,0,2,0,0.10,0,0,1,0,0.03,0,0,1,0,0.14,0,0,6,0,0.14,0,0,2,0,0.16,0,0,6,0,0.04,0,0,2,0,0.11,0,0,6,0,0.04,0,0,2,0,0.02,0,0,3,0,0.02,0,0,1,0,0.08,0,0,2,0,0.18,0,0,6,0,0.23,0,3,9,0,0.14,0,0,3,0,0.18,0,7,9,0,0.17,0,0,6,0,0.01,0,0,2,0,0.05,0,0,2,0,0.05,0,0,1,0,0.10,0,0,2,0,0.08,0,0,1,0,0.09,0,0,1,0,0.08,0,0,2,0,0.07,0,0,2,0,0.09,0,0,2,0,0.03,0,0,2,0,0.08,0,0,2,0,0.10,0,0,2,0,0.09,0,0,2,0,0.11,0,0,2,0,0.08,0,0,2,0,0.10,0,0,3,0,0.16,0,2,3,0,0.01,0,0,2,0,0.06,0,0,2,0,0.06,0,0,3,0,0.11,0,0,3
8,0,67,0,0,0,12,0,1,IDLE,,1,IDLE,,1,IDLE,,1,IDLE,,1,IDLE,,1,IDLE,,1,IDLE,,1,IDLE,,1,IDLE,,1,IDLE,,1,IDLE,,1,IDLE,,1,IDLE,,1,IDLE,,1,IDLE,,1,IDLE,,1,IDLE,,1,IDLE,,1,MOVING_TO_FIELD,Field_16,1,IDLE,,1,IDLE,,1,MOVING_TO_FIELD,Field_18,1,IDLE,,1,IDLE,,1,IDLE,,1,IDLE,,1,IDLE,,1,IDLE,,1,IDLE,,1,IDLE,,1,IDLE,,1,IDLE,,1,IDLE,,1,IDLE,,1,IDLE,,1,IDLE,,1,IDLE,,1,IDLE,,1,MOVING_TO_FIELD,Field_16,1,IDLE,,1,IDLE,,1,IDLE,,1,IDLE,,1,MOVING_TO_FIELD,Field_18,1,MOVING_TO_FIELD,Field_18,1,IDLE,,1,IDLE,,1,IDLE,,1,IDLE,,1,IDLE,,1,IDLE,,1,IDLE,,1,IDLE,,1,IDLE,,1,IDLE,,1,MOVING_TO_FIELD,Field_18,1,IDLE,,1,IDLE,,1,IDLE,,1,MOVING_TO_FIELD,Field_18,1,IDLE,,1,MOVING_TO_FIELD,Field_18,1,IDLE,,1,MOVING_TO_FIELD,Field_16,1,IDLE,,1,MOVING_TO_FIELD,Field_36,1,IDLE,,1,IDLE,,1,IDLE,,1,IDLE,,1,IDLE,,1,IDLE,,1,IDLE,,1,IDLE,,1,MOVING_TO_FIELD,Field_36,1,IDLE,,1,IDLE,,1,MOVING_TO_FIELD,Field_18,1,IDLE,,0,0.25,0,0,9,0,0.12,0,0,4,0,0.09,0,0,2,0,0.10,0,0,1,0,0.03,0,0,1,0,0.14,0,0,6,0,0.14,0,0,2,0,0.16,0,0,6,0,0.05,0,0,2,0,0.11,0,0,6,0,0.04,0,0,2,0,0.02,0,0,3,0,0.05,0,0,1,0,0.13,0,0,2,0,0.20,0,0,6,0,0.24,0,3,9,0,0.14,0,0,3,0,0.19,0,7,9,0,0.18,0,0,6,0,0.01,0,0,2,0,0.06,0,0,2,0,0.07,0,0,1,0,0.10,0,0,2,0,0.08,0,0,1,0,0.07,0,0,1,0,0.08,0,0,2,0,0.09,0,0,2,0,0.09,0,0,2,0,0.03,0,0,2,0,0.08,0,0,2,0,0.10,0,0,2,0,0.10,0,0,2,0,0.11,0,0,2,0,0.10,0,0,2,0,0.11,0,0,3,0,0.17,0,2,3,0,0.02,0,0,2,0,0.06,0,0,2,0,0.06,0,0,3,0,0.14,0,0,3
9,0,67,0,0,0,12,0,1,IDLE,,1,IDLE,,1,IDLE,,1,IDLE,,1,IDLE,,1,IDLE,,1,IDLE,,1,IDLE,,1,IDLE,,1,IDLE,,1,IDLE,,1,IDLE,,1,IDLE,,1,IDLE,,1,IDLE,,1,IDLE,,1,IDLE,,1,IDLE,,1,MOVING_TO_FIELD,Field_16,1,IDLE,,1,IDLE,,1,MOVING_TO_FIELD,Field_18,1,IDLE,,1,IDLE,,1,IDLE,,1,IDLE,,1,IDLE,,1,IDLE,,1,IDLE,,1,IDLE,,1,IDLE,,1,IDLE,,1,IDLE,,1,IDLE,,1,IDLE,,1,IDLE,,1,IDLE,,1,IDLE,,1,MOVING_TO_FIELD,Field_16,1,IDLE,,1,IDLE,,1,IDLE,,1,IDLE,,1,MOVING_TO_FIELD,Field_18,1,MOVING_TO_FIELD,Field_18,1,IDLE,,1,IDLE,,1,IDLE,,1,IDLE,,1,IDLE,,1,IDLE,,1,IDLE,,1,IDLE,,1,IDLE,,1,IDLE,,1,MOVING_TO_FIELD,Field_18,1,IDLE,,1,IDLE,,1,IDLE,,1,MOVING_TO_FIELD,Field_18,1,IDLE,,1,MOVING_TO_FIELD,Field_18,1,IDLE,,1,MOVING_TO_FIELD,Field_16,1,IDLE,,1,MOVING_TO_FIELD,Field_36,1,IDLE,,1,IDLE,,1,IDLE,,1,IDLE,,1,IDLE,,1,IDLE,,1,IDLE,,1,IDLE,,1,MOVING_TO_FIELD,Field_36,1,IDLE,,1,IDLE,,1,MOVING_TO_FIELD,Field_18,1,IDLE,,0,0.25,0,0,9,0,0.13,0,0,4,0,0.09,0,0,2,0,0.17,0,0,1,0,0.05,0,0,1,0,0.14,0,0,6,0,0.16,0,0,2,0,0.17,0,0,6,0,0.07,0,0,2,0,0.11,0,0,6,0,0.06,0,0,2,0,0.04,0,0,3,0,0.05,0,0,1,0,0.14,0,0,2,0,0.22,0,0,6,0,0.25,0,3,9,0,0.15,0,0,3,0,0.21,0,7,9,0,0.19,0,0,6,0,0.01,0,0,2,0,0.06,0,0,2,0,0.07,0,0,1,0,0.11,0,0,2,0,0.10,0,0,1,0,0.07,0,0,1,0,0.08,0,0,2,0,0.09,0,0,2,0,0.11,0,0,2,0,0.03,0,0,2,0,0.08,0,0,2,0,0.12,0,0,2,0,0.09,0,0,2,0,0.09,0,0,2,0,0.10,0,0,2,0,0.12,0,0,3,0,0.19,0,2,3,0,0.02,0,0,2,0,0.07,0,0,2,0,0.07,0,0,3,0,0.16,0,0,3
10,0,67,0,0,0,12,0,1,IDLE,,1,IDLE,,1,IDLE,,1,IDLE,,1,IDLE,,1,IDLE,,1,IDLE,,1,IDLE,,1,IDLE,,1,IDLE,,1,IDLE,,1,IDLE,,1,IDLE,,1,IDLE,,1,IDLE,,1,IDLE,,1,IDLE,,1,IDLE,,1,MOVING_TO_FIELD,Field_16,1,IDLE,,1,IDLE,,1,MOVING_TO_FIELD,Field_18,1,IDLE,,1,IDLE,,1,IDLE,,1,IDLE,,1,IDLE,,1,IDLE,,1,IDLE,,1,IDLE,,1,IDLE,,1,IDLE,,1,IDLE,,1,IDLE,,1,IDLE,,1,IDLE,,1,IDLE,,1,IDLE,,1,MOVING_TO_FIELD,Field_16,1,IDLE,,1,IDLE,,1,IDLE,,1,IDLE,,1,MOVING_TO_FIELD,Field_18,1,MOVING_TO_FIELD,Field_18,1,IDLE,,1,IDLE,,1,IDLE,,1,IDLE,,1,IDLE,,1,IDLE,,1,IDLE,,1,IDLE,,1,IDLE,,1,IDLE,,1,MOVING_TO_FIELD,Field_18,1,IDLE,,1,IDLE,,1,IDLE,,1,MOVING_TO_FIELD,Field_18,1,IDLE,,1,MOVING_TO_FIELD,Field_18,1,IDLE,,1,MOVING_TO_FIELD,Field_16,1,IDLE,,1,MOVING_TO_FIELD,Field_36,1,IDLE,,1,IDLE,,1,IDLE,,1,IDLE,,1,IDLE,,1,IDLE,,1,IDLE,,1,IDLE,,1,MOVING_TO_FIELD,Field_36,1,IDLE,,1,IDLE,,1,MOVING_TO_FIELD,Field_18,1,IDLE,,0,0.26,0,0,9,0,0.13,0,0,4,0,0.10,0,0,2,0,0.23,0,0,1,0,0.03,0,0,1,0,0.15,0,0,6,0,0.15,0,0,2,0,0.17,0,0,6,0,0.09,0,0,2,0,0.12,0,0,6,0,0.06,0,0,2,0,0.04,0,0,3,0,0.05,0,0,1,0,0.16,0,0,2,0,0.24,0,0,6,0,0.25,0,3,9,0,0.16,0,0,3,0,0.23,0,7,9,0,0.20,0,0,6,0,0.01,0,0,2,0,0.09,0,0,2,0,0.07,0,0,1,0,0.11,0,0,2,0,0.10,0,0,1,0,0.07,0,0,1,0,0.08,0,0,2,0,0.09,0,0,2,0,0.13,0,0,2,0,0.05,0,0,2,0,0.08,0,0,2,0,0.10,0,0,2,0,0.10,0,0,2,0,0.09,0,0,2,0,0.10,0,0,2,0,0.12,0,0,3,0,0.19,0,2,3,0,0.03,0,0,2,0,0.07,0,0,2,0,0.08,0,0,3,0,0.13,0,0,3
11,0,60,0,0,0,19,0,1,MOVING_TO_FIELD,Field_15,1,MOVING_TO_FIELD,Field_15,1,IDLE,,1,MOVING_TO_FIELD,Field_15,1,IDLE,,1,MOVING_TO_FIELD,Field_15,1,IDLE,,1,IDLE,,1,IDLE,,1,IDLE,,1,MOVING_TO_FIELD,Field_16,1,MOVING_TO_FIELD,Field_16,1,IDLE,,1,IDLE,,1,IDLE,,1,MOVING_TO_FIELD,Field_16,1,IDLE,,1,MOVING_TO_FIELD,Field_16,1,MOVING_TO_FIELD,Field_16,1,IDLE,,1,MOVING_TO_FIELD,Field_18,1,MOVING_TO_FIELD,Field_18,1,IDLE,,1,IDLE,,1,IDLE,,1,IDLE,,1,IDLE,,1,MOVING_TO_FIELD,Field_18,1,MOVING_TO_FIELD,Field_18,1,MOVING_TO_FIELD,Field_18,1,MOVING_TO_FIELD,Field_18,1,IDLE,,1,IDLE,,1,IDLE,,1,IDLE,,1,IDLE,,1,IDLE,,1,IDLE,,1,MOVING_TO_FIELD,Field_16,1,IDLE,,1,IDLE,,1,IDLE,,1,IDLE,,1,MOVING_TO_FIELD,Field_18,1,MOVING_TO_FIELD,Field_18,1,IDLE,,1,IDLE,,1,IDLE,,1,IDLE,,1,IDLE,,1,IDLE,,1,IDLE,,1,IDLE,,1,IDLE,,1,IDLE,,1,IDLE,,1,IDLE,,1,IDLE,,1,IDLE,,1,MOVING_TO_FIELD,Field_18,1,IDLE,,1,IDLE,,1,IDLE,,1,IDLE,,1,IDLE,,1,IDLE,,1,IDLE,,1,IDLE,,1,IDLE,,1,IDLE,,1,IDLE,,1,IDLE,,1,IDLE,,1,IDLE,,1,IDLE,,1,IDLE,,1,IDLE,,1,IDLE,,1,IDLE,,0,0.28,0,0,9,0,0.14,0,0,4,0,0.12,0,0,2,0,0.23,0,0,1,0,0.03,0,0,1,0,0.18,0,0,6,0,0.14,0,0,2,0,0.16,0,0,6,0,0.10,0,0,2,0,0.13,0,0,6,0,0.06,0,0,2,0,0.05,0,0,3,0,0.06,0,0,1,0,0.16,0,0,2,0,0.25,0,4,6,0,0.25,0,6,9,0,0.16,0,0,3,0,0.23,0,9,9,0,0.20,0,0,6,0,0.03,0,0,2,0,0.11,0,0,2,0,0.07,0,0,1,0,0.11,0,0,2,0,0.10,0,0,1,0,0.07,0,0,1,0,0.08,0,0,2,0,0.09,0,0,2,0,0.18,0,0,2,0,0.05,0,0,2,0,0.09,0,0,2,0,0.08,0,0,2,0,0.10,0,0,2,0,0.09,0,0,2,0,0.12,0,0,2,0,0.13,0,0,3,0,0.22,0,0,3,0,0.02,0,0,2,0,0.07,0,0,2,0,0.08,0,0,3,0,0.13,0,0,3
12,1,60,0,0,0,19,0,1,MOVING_TO_FIELD,Field_15,1,MOVING_TO_FIELD,Field_15,1,IDLE,,1,MOVING_TO_FIELD,Field_15,1,IDLE,,1,MOVING_TO_FIELD,Field_15,1,IDLE,,1,IDLE,,1,IDLE,,1,IDLE,,1,MOVING_TO_FIELD,Field_16,1,MOVING_TO_FIELD,Field_16,1,IDLE,,1,IDLE,,1,IDLE,,1,MOVING_TO_FIELD,Field_16,1,IDLE,,1,MOVING_TO_FIELD,Field_16,1,MOVING_TO_FIELD,Field_16,1,IDLE,,1,MOVING_TO_FIELD,Field_18,1,MOVING_TO_FIELD,Field_18,1,IDLE,,1,IDLE,,1,IDLE,,1,IDLE,,1,IDLE,,1,MOVING_TO_FIELD,Field_18,1,MOVING_TO_FIELD,Field_18,1,MOVING_TO_FIELD,Field_18,1,MOVING_TO_FIELD,Field_18,1,IDLE,,1,IDLE,,1,IDLE,,1,IDLE,,1,IDLE,,1,IDLE,,1,IDLE,,1,MOVING_TO_FIELD,Field_16,1,IDLE,,1,IDLE,,1,IDLE,,1,IDLE,,1,MOVING_TO_FIELD,Field_18,1,MOVING_TO_FIELD,Field_18,1,IDLE,,1,IDLE,,1,IDLE,,1,IDLE,,1,IDLE,,1,IDLE,,1,IDLE,,1,IDLE,,1,IDLE,,1,IDLE,,1,IDLE,,1,IDLE,,1,IDLE,,1,IDLE,,1,MOVING_TO_FIELD,Field_18,1,IDLE,,1,IDLE,,1,IDLE,,1,IDLE,,1,IDLE,,1,IDLE,,1,IDLE,,1,IDLE,,1,IDLE,,1,IDLE,,1,IDLE,,1,IDLE,,1,IDLE,,1,IDLE,,1,IDLE,,1,IDLE,,1,IDLE,,1,IDLE,,1,IDLE,,0,0.28,0,0,9,0,0.14,0,0,4,1,0.12,0,0,2,0,0.23,0,0,1,0,0.05,0,0,1,0,0.18,0,0,6,0,0.15,0,0,2,0,0.16,0,0,6,0,0.10,0,0,2,0,0.14,0,0,6,0,0.07,0,0,2,0,0.05,0,0,3,0,0.08,0,0,1,0,0.16,0,0,2,0,0.25,0,4,6,0,0.26,0,6,9,0,0.16,0,0,3,0,0.22,0,9,9,0,0.20,0,0,6,0,0.03,0,0,2,0,0.12,0,0,2,0,0.07,0,0,1,0,0.11,0,0,2,0,0.11,0,0,1,0,0.07,0,0,1,0,0.08,0,0,2,0,0.09,0,0,2,0,0.20,0,0,2,0,0.05,0,0,2,0,0.09,0,0,2,0,0.08,0,0,2,0,0.13,0,0,2,0,0.14,0,0,2,0,0.12,0,0,2,0,0.15,0,0,3,0,0.21,0,0,3,0,0.03,0,0,2,0,0.10,0,0,2,0,0.08,0,0,3,0,0.16,0,0,3
13,5,60,0,0,0,19,0,1,MOVING_TO_FIELD,Field_15,1,MOVING_TO_FIELD,Field_15,1,IDLE,,1,MOVING_TO_FIELD,Field_15,1,IDLE,,1,MOVING_TO_FIELD,Field_15,1,IDLE,,1,IDLE,,1,IDLE,,1,IDLE,,1,MOVING_TO_FIELD,Field_16,1,MOVING_TO_FIELD,Field_16,1,IDLE,,1,IDLE,,1,IDLE,,1,MOVING_TO_FIELD,Field_16,1,IDLE,,1,MOVING_TO_FIELD,Field_16,1,MOVING_TO_FIELD,Field_16,1,IDLE,,1,MOVING_TO_FIELD,Field_18,1,MOVING_TO_FIELD,Field_18,1,IDLE,,1,IDLE,,1,IDLE,,1,IDLE,,1,IDLE,,1,MOVING_TO_FIELD,Field_18,1,MOVING_TO_FIELD,Field_18,1,MOVING_TO_FIELD,Field_18,1,MOVING_TO_FIELD,Field_18,1,IDLE,,1,IDLE,,1,IDLE,,1,IDLE,,1,IDLE,,1,IDLE,,1,IDLE,,1,MOVING_TO_FIELD,Field_16,1,IDLE,,1,IDLE,,1,IDLE,,1,IDLE,,1,MOVING_TO_FIELD,Field_18,1,MOVING_TO_FIELD,Field_18,1,IDLE,,1,IDLE,,1,IDLE,,1,IDLE,,1,IDLE,,1,IDLE,,1,IDLE,,1,IDLE,,1,IDLE,,1,IDLE,,1,IDLE,,1,IDLE,,1,IDLE,,1,IDLE,,1,MOVING_TO_FIELD,Field_18,1,IDLE,,1,IDLE,,1,IDLE,,1,IDLE,,1,IDLE,,1,IDLE,,1,IDLE,,1,IDLE,,1,IDLE,,1,IDLE,,1,IDLE,,1,IDLE,,1,IDLE,,1,IDLE,,1,IDLE,,1,IDLE,,1,IDLE,,1,IDLE,,1,IDLE,,0,0.31,0,0,9,0,0.14,0,0,4,1,0.12,0,0,2,0,0.23,0,0,1,0,0.05,0,0,1,0,0.18,0,0,6,0,0.16,0,0,2,0,0.16,0,0,6,0,0.10,0,0,2,0,0.14,0,0,6,0,0.07,0,0,2,0,0.04,0,0,3,0,0.08,0,0,1,0,0.17,0,0,2,0,0.27,0,4,6,0,0.29,0,6,9,0,0.17,0,0,3,0,0.25,0,9,9,0,0.22,0,0,6,0,0.05,0,0,2,0,0.15,0,0,2,1,0.05,0,0,1,0,0.08,0,0,2,2,0.11,0,0,1,0,0.07,0,0,1,0,0.08,0,0,2,0,0.09,0,0,2,0,0.22,0,0,2,0,0.03,0,0,2,0,0.09,0,0,2,0,0.10,0,0,2,1,0.13,0,0,2,0,0.14,0,0,2,0,0.12,0,0,2,0,0.17,0,0,3,0,0.21,0,0,3,0,0.08,0,0,2,0,0.10,0,0,2,0,0.09,0,0,3,0,0.17,0,0,3
14,6,60,0,0,0,19,0,1,MOVING_TO_FIELD,Field_15,1,MOVING_TO_FIELD,Field_15,1,IDLE,,1,MOVING_TO_FIELD,Field_15,1,IDLE,,1,MOVING_TO_FIELD,Field_15,1,IDLE,,1,IDLE,,1,IDLE,,1,IDLE,,1,MOVING_TO_FIELD,Field_16,1,MOVING_TO_FIELD,Field_16,1,IDLE,,1,IDLE,,1,IDLE,,1,MOVING_TO_FIELD,Field_16,1,IDLE,,1,MOVING_TO_FIELD,Field_16,1,MOVING_TO_FIELD,Field_16,1,IDLE,,1,MOVING_TO_FIELD,Field_18,1,MOVING_TO_FIELD,Field_18,1,IDLE,,1,IDLE,,1,IDLE,,1,IDLE,,1,IDLE,,1,MOVING_TO_FIELD,Field_18,1,MOVING_TO_FIELD,Field_18,1,MOVING_TO_FIELD,Field_18,1,MOVING_TO_FIELD,Field_18,1,IDLE,,1,IDLE,,1,IDLE,,1,IDLE,,1,IDLE,,1,IDLE,,1,IDLE,,1,MOVING_TO_FIELD,Field_16,1,IDLE,,1,IDLE,,1,IDLE,,1,IDLE,,1,MOVING_TO_FIELD,Field_18,1,MOVING_TO_FIELD,Field_18,1,IDLE,,1,IDLE,,1,IDLE,,1,IDLE,,1,IDLE,,1,IDLE,,1,IDLE,,1,IDLE,,1,IDLE,,1,IDLE,,1,IDLE,,1,IDLE,,1,IDLE,,1,IDLE,,1,MOVING_TO_FIELD,Field_18,1,IDLE,,1,IDLE,,1,IDLE,,1,IDLE,,1,IDLE,,1,IDLE,,1,IDLE,,1,IDLE,,1,IDLE,,1,IDLE,,1,IDLE,,1,IDLE,,1,IDLE,,1,IDLE,,1,IDLE,,1,IDLE,,1,IDLE,,1,IDLE,,1,IDLE,,0,0.33,0,0,9,0,0.15,0,0,4,1,0.12,0,0,2,0,0.23,0,0,1,0,0.05,0,0,1,0,0.18,0,0,6,0,0.19,0,0,2,0,0.16,0,0,6,0,0.09,0,0,2,0,0.19,0,0,6,0,0.13,0,0,2,0,0.05,0,0,3,1,0.11,0,0,1,0,0.17,0,0,2,0,0.28,0,4,6,0,0.28,0,6,9,0,0.17,0,0,3,0,0.25,0,9,9,0,0.24,0,0,6,0,0.05,0,0,2,0,0.15,0,0,2,1,0.03,0,0,1,0,0.07,0,0,2,2,0.11,0,0,1,0,0.07,0,0,1,0,0.08,0,0,2,0,0.10,0,0,2,0,0.22,0,0,2,0,0.03,0,0,2,0,0.10,0,0,2,0,0.12,0,0,2,1,0.13,0,0,2,0,0.14,0,0,2,0,0.13,0,0,2,0,0.18,0,0,3,0,0.21,0,0,3,0,0.08,0,0,2,0,0.09,0,0,2,0,0.09,0,0,3,0,0.17,0,0,3
15,8,60,0,0,0,19,0,1,MOVING_TO_FIELD,Field_15,1,MOVING_TO_FIELD,Field_15,1,IDLE,,1,MOVING_TO_FIELD,Field_15,1,IDLE,,1,MOVING_TO_FIELD,Field_15,1,IDLE,,1,IDLE,,1,IDLE,,1,IDLE,,1,MOVING_TO_FIELD,Field_16,1,MOVING_TO_FIELD,Field_16,1,IDLE,,1,IDLE,,1,IDLE,,1,MOVING_TO_FIELD,Field_16,1,IDLE,,1,MOVING_TO_FIELD,Field_16,1,MOVING_TO_FIELD,Field_16,1,IDLE,,1,MOVING_TO_FIELD,Field_18,1,MOVING_TO_FIELD,Field_18,1,IDLE,,1,IDLE,,1,IDLE,,1,IDLE,,1,IDLE,,1,MOVING_TO_FIELD,Field_18,1,MOVING_TO_FIELD,Field_18,1,MOVING_TO_FIELD,Field_18,1,MOVING_TO_FIELD,Field_18,1,IDLE,,1,IDLE,,1,IDLE,,1,IDLE,,1,IDLE,,1,IDLE,,1,IDLE,,1,MOVING_TO_FIELD,Field_16,1,IDLE,,1,IDLE,,1,IDLE,,1,IDLE,,1,MOVING_TO_FIELD,Field_18,1,MOVING_TO_FIELD,Field_18,1,IDLE,,1,IDLE,,1,IDLE,,1,IDLE,,1,IDLE,,1,IDLE,,1,IDLE,,1,IDLE,,1,IDLE,,1,IDLE,,1,IDLE,,1,IDLE,,1,IDLE,,1,IDLE,,1,MOVING_TO_FIELD,Field_18,1,IDLE,,1,IDLE,,1,IDLE,,1,IDLE,,1,IDLE,,1,IDLE,,1,IDLE,,1,IDLE,,1,IDLE,,1,IDLE,,1,IDLE,,1,IDLE,,1,IDLE,,1,IDLE,,1,IDLE,,1,IDLE,,1,IDLE,,1,IDLE,,1,IDLE,,0,0.34,0,0,9,0,0.17,0,0,4,2,0.13,0,0,2,0,0.20,0,0,1,0,0.05,0,0,1,0,0.20,0,0,6,0,0.19,0,0,2,0,0.17,0,0,6,0,0.10,0,0,2,0,0.19,0,0,6,0,0.15,0,0,2,0,0.06,0,0,3,1,0.11,0,0,1,0,0.19,0,0,2,0,0.30,0,4,6,0,0.27,0,6,9,0,0.17,0,0,3,0,0.25,0,9,9,0,0.24,0,0,6,0,0.05,0,0,2,0,0.17,0,0,2,1,0.03,0,0,1,0,0.07,0,0,2,2,0.12,0,0,1,0,0.04,0,0,1,0,0.08,0,0,2,0,0.08,0,0,2,0,0.22,0,0,2,0,0.03,0,0,2,0,0.09,0,0,2,0,0.12,0,0,2,1,0.14,0,0,2,0,0.14,0,0,2,1,0.10,0,0,2,0,0.18,0,0,3,0,0.22,0,0,3,0,0.08,0,0,2,0,0.10,0,0,2,0,0.09,0,0,3,0,0.20,0,0,3
16,16,60,0,0,0,19,0,1,MOVING_TO_FIELD,Field_15,1,MOVING_TO_FIELD,Field_15,1,IDLE,,1,MOVING_TO_FIELD,Field_15,1,IDLE,,1,MOVING_TO_FIELD,Field_15,1,IDLE,,1,IDLE,,1,IDLE,,1,IDLE,,1,MOVING_TO_FIELD,Field_16,1,MOVING_TO_FIELD,Field_16,1,IDLE,,1,IDLE,,1,IDLE,,1,MOVING_TO_FIELD,Field_16,1,IDLE,,1,MOVING_TO_FIELD,Field_16,1,MOVING_TO_FIELD,Field_16,1,IDLE,,1,MOVING_TO_FIELD,Field_18,1,MOVING_TO_FIELD,Field_18,1,IDLE,,1,IDLE,,1,IDLE,,1,IDLE,,1,IDLE,,1,MOVING_TO_FIELD,Field_18,1,MOVING_TO_FIELD,Field_18,1,MOVING_TO_FIELD,Field_18,1,MOVING_TO_FIELD,Field_18,1,IDLE,,1,IDLE,,1,IDLE,,1,IDLE,,1,IDLE,,1,IDLE,,1,IDLE,,1,MOVING_TO_FIELD,Field_16,1,IDLE,,1,IDLE,,1,IDLE,,1,IDLE,,1,MOVING_TO_FIELD,Field_18,1,MOVING_TO_FIELD,Field_18,1,IDLE,,1,IDLE,,1,IDLE,,1,IDLE,,1,IDLE,,1,IDLE,,1,IDLE,,1,IDLE,,1,IDLE,,1,IDLE,,1,IDLE,,1,IDLE,,1,IDLE,,1,IDLE,,1,MOVING_TO_FIELD,Field_18,1,IDLE,,1,IDLE,,1,IDLE,,1,IDLE,,1,IDLE,,1,IDLE,,1,IDLE,,1,IDLE,,1,IDLE,,1,IDLE,,1,IDLE,,1,IDLE,,1,IDLE,,1,IDLE,,1,IDLE,,1,IDLE,,1,IDLE,,1,IDLE,,1,IDLE,,0,0.39,0,0,9,0,0.18,0,0,4,4,0.13,0,0,2,0,0.20,0,0,1,0,0.05,0,0,1,2,0.20,0,0,6,0,0.19,0,0,2,0,0.18,0,0,6,0,0.10,0,0,2,0,0.19,0,0,6,1,0.15,0,0,2,0,0.07,0,0,3,1,0.11,0,0,1,0,0.20,0,0,2,0,0.31,0,4,6,0,0.27,0,6,9,0,0.17,0,0,3,1,0.25,0,9,9,0,0.27,0,0,6,0,0.05,0,0,2,0,0.17,0,0,2,1,0.03,0,0,1,0,0.07,0,0,2,2,0.14,0,0,1,0,0.05,0,0,1,0,0.09,0,0,2,1,0.08,0,0,2,0,0.24,0,0,2,0,0.03,0,0,2,0,0.09,0,0,2,0,0.12,0,0,2,1,0.14,0,0,2,0,0.16,0,0,2,1,0.10,0,0,2,0,0.20,0,0,3,1,0.26,0,0,3,0,0.08,0,0,2,0,0.10,0,0,2,0,0.10,0,0,3,0,0.20,0,0,3
17,22,60,0,0,0,19,0,1,MOVING_TO_FIELD,Field_15,1,MOVING_TO_FIELD,Field_15,1,IDLE,,1,MOVING_TO_FIELD,Field_15,1,IDLE,,1,MOVING_TO_FIELD,Field_15,1,IDLE,,1,IDLE,,1,IDLE,,1,IDLE,,1,MOVING_TO_FIELD,Field_16,1,MOVING_TO_FIELD,Field_16,1,IDLE,,1,IDLE,,1,IDLE,,1,MOVING_TO_FIELD,Field_16,1,IDLE,,1,MOVING_TO_FIELD,Field_16,1,MOVING_TO_FIELD,Field_16,1,IDLE,,1,MOVING_TO_FIELD,Field_18,1,MOVING_TO_FIELD,Field_18,1,IDLE,,1,IDLE,,1,IDLE,,1,IDLE,,1,IDLE,,1,MOVING_TO_FIELD,Field_18,1,MOVING_TO_FIELD,Field_18,1,MOVING_TO_FIELD,Field_18,1,MOVING_TO_FIELD,Field_18,1,IDLE,,1,IDLE,,1,IDLE,,1,IDLE,,1,IDLE,,1,IDLE,,1,IDLE,,1,MOVING_TO_FIELD,Field_16,1,IDLE,,1,IDLE,,1,IDLE,,1,IDLE,,1,MOVING_TO_FIELD,Field_18,1,MOVING_TO_FIELD,Field_18,1,IDLE,,1,IDLE,,1,IDLE,,1,IDLE,,1,IDLE,,1,IDLE,,1,IDLE,,1,IDLE,,1,IDLE,,1,IDLE,,1,IDLE,,1,IDLE,,1,IDLE,,1,IDLE,,1,MOVING_TO_FIELD,Field_18,1,IDLE,,1,IDLE,,1,IDLE,,1,IDLE,,1,IDLE,,1,IDLE,,1,IDLE,,1,IDLE,,1,IDLE,,1,IDLE,,1,IDLE,,1,IDLE,,1,IDLE,,1,IDLE,,1,IDLE,,1,IDLE,,1,IDLE,,1,IDLE,,1,IDLE,,0,0.43,0,0,9,0,0.17,0,0,4,4,0.13,0,0,2,1,0.23,0,0,1,0,0.07,0,0,1,3,0.20,0,0,6,0,0.20,0,0,2,0,0.17,0,0,6,0,0.12,0,0,2,0,0.19,0,0,6,1,0.15,0,0,2,0,0.07,0,0,3,1,0.11,0,0,1,0,0.20,0,0,2,0,0.31,0,4,6,0,0.28,0,6,9,0,0.18,0,0,3,1,0.25,0,9,9,0,0.32,0,0,6,0,0.05,0,0,2,0,0.17,0,0,2,1,0.05,0,0,1,0,0.07,0,0,2,4,0.15,0,0,1,0,0.05,0,0,1,0,0.09,0,0,2,1,0.09,0,0,2,0,0.20,0,0,2,0,0.03,0,0,2,1,0.09,0,0,2,0,0.14,0,0,2,2,0.14,0,0,2,0,0.18,0,0,2,1,0.12,0,0,2,0,0.20,0,0,3,1,0.26,0,0,3,0,0.09,0,0,2,0,0.10,0,0,2,0,0.11,0,0,3,0,0.20,0,0,3
18,32,60,0,0,0,19,0,1,MOVING_TO_FIELD,Field_15,1,MOVING_TO_FIELD,Field_15,1,IDLE,,1,MOVING_TO_FIELD,Field_15,1,IDLE,,1,MOVING_TO_FIELD,Field_15,1,IDLE,,1,IDLE,,1,IDLE,,1,IDLE,,1,MOVING_TO_FIELD,Field_16,1,MOVING_TO_FIELD,Field_16,1,IDLE,,1,IDLE,,1,IDLE,,1,MOVING_TO_FIELD,Field_16,1,IDLE,,1,MOVING_TO_FIELD,Field_16,1,MOVING_TO_FIELD,Field_16,1,IDLE,,1,MOVING_TO_FIELD,Field_18,1,MOVING_TO_FIELD,Field_18,1,IDLE,,1,IDLE,,1,IDLE,,1,IDLE,,1,IDLE,,1,MOVING_TO_FIELD,Field_18,1,MOVING_TO_FIELD,Field_18,1,MOVING_TO_FIELD,Field_18,1,MOVING_TO_FIELD,Field_18,1,IDLE,,1,IDLE,,1,IDLE,,1,IDLE,,1,IDLE,,1,IDLE,,1,IDLE,,1,MOVING_TO_FIELD,Field_16,1,IDLE,,1,IDLE,,1,IDLE,,1,IDLE,,1,MOVING_TO_FIELD,Field_18,1,MOVING_TO_FIELD,Field_18,1,IDLE,,1,IDLE,,1,IDLE,,1,IDLE,,1,IDLE,,1,IDLE,,1,IDLE,,1,IDLE,,1,IDLE,,1,IDLE,,1,IDLE,,1,IDLE,,1,IDLE,,1,IDLE,,1,MOVING_TO_FIELD,Field_18,1,IDLE,,1,IDLE,,1,IDLE,,1,IDLE,,1,IDLE,,1,IDLE,,1,IDLE,,1,IDLE,,1,IDLE,,1,IDLE,,1,IDLE,,1,IDLE,,1,IDLE,,1,IDLE,,1,IDLE,,1,IDLE,,1,IDLE,,1,IDLE,,1,IDLE,,0,0.43,0,0,9,0,0.18,0,0,4,4,0.13,0,0,2,1,0.25,0,0,1,0,0.07,0,0,1,4,0.21,0,0,6,0,0.23,0,0,2,1,0.17,0,0,6,0,0.13,0,0,2,0,0.22,0,0,6,1,0.16,0,0,2,0,0.07,0,0,3,3,0.12,0,0,1,1,0.22,0,0,2,2,0.32,0,4,6,0,0.27,0,6,9,0,0.18,0,0,3,1,0.25,0,9,9,0,0.32,0,0,6,0,0.05,0,0,2,1,0.17,0,0,2,1,0.05,0,0,1,0,0.05,0,0,2,4,0.16,0,0,1,0,0.05,0,0,1,0,0.10,0,0,2,2,0.09,0,0,2,0,0.20,0,0,2,0,0.05,0,0,2,1,0.10,0,0,2,0,0.14,0,0,2,2,0.13,0,0,2,0,0.19,0,0,2,1,0.12,0,0,2,1,0.20,0,0,3,1,0.26,0,0,3,0,0.09,0,0,2,0,0.10,0,0,2,0,0.10,0,0,3,0,0.22,0,0,3
19,41,60,0,0,0,19,0,1,MOVING_TO_FIELD,Field_15,1,MOVING_TO_FIELD,Field_15,1,IDLE,,1,MOVING_TO_FIELD,Field_15,1,IDLE,,1,MOVING_TO_FIELD,Field_15,1,IDLE,,1,IDLE,,1,IDLE,,1,IDLE,,1,MOVING_TO_FIELD,Field_16,1,MOVING_TO_FIELD,Field_16,1,IDLE,,1,IDLE,,1,IDLE,,1,MOVING_TO_FIELD,Field_16,1,IDLE,,1,MOVING_TO_FIELD,Field_16,1,MOVING_TO_FIELD,Field_16,1,IDLE,,1,MOVING_TO_FIELD,Field_18,1,MOVING_TO_FIELD,Field_18,1,IDLE,,1,IDLE,,1,IDLE,,1,IDLE,,1,IDLE,,1,MOVING_TO_FIELD,Field_18,1,MOVING_TO_FIELD,Field_18,1,MOVING_TO_FIELD,Field_18,1,MOVING_TO_FIELD,Field_18,1,IDLE,,1,IDLE,,1,IDLE,,1,IDLE,,1,IDLE,,1,IDLE,,1,IDLE,,1,MOVING_TO_FIELD,Field_16,1,IDLE,,1,IDLE,,1,IDLE,,1,IDLE,,1,MOVING_TO_FIELD,Field_18,1,MOVING_TO_FIELD,Field_18,1,IDLE,,1,IDLE,,1,IDLE,,1,IDLE,,1,IDLE,,1,IDLE,,1,IDLE,,1,IDLE,,1,IDLE,,1,IDLE,,1,IDLE,,1,IDLE,,1,IDLE,,1,IDLE,,1,MOVING_TO_FIELD,Field_18,1,IDLE,,1,IDLE,,1,IDLE,,1,IDLE,,1,IDLE,,1,IDLE,,1,IDLE,,1,IDLE,,1,IDLE,,1,IDLE,,1,IDLE,,1,IDLE,,1,IDLE,,1,IDLE,,1,IDLE,,1,IDLE,,1,IDLE,,1,IDLE,,1,IDLE,,0,0.44,0,0,9,0,0.19,0,0,4,4,0.14,0,0,2,3,0.28,0,0,1,0,0.07,0,0,1,5,0.21,0,0,6,0,0.23,0,0,2,1,0.18,0,0,6,0,0.12,0,0,2,0,0.22,0,0,6,1,0.18,0,0,2,0,0.09,0,0,3,3,0.12,0,0,1,1,0.21,0,0,2,2,0.36,0,4,6,0,0.29,0,6,9,0,0.18,0,0,3,1,0.25,0,9,9,0,0.32,0,0,6,0,0.05,0,0,2,1,0.15,0,0,2,1,0.05,0,0,1,0,0.05,0,0,2,6,0.16,0,0,1,0,0.05,0,0,1,0,0.10,0,0,2,2,0.11,0,0,2,1,0.20,0,0,2,0,0.05,0,0,2,2,0.10,0,0,2,0,0.14,0,0,2,3,0.15,0,0,2,0,0.21,0,0,2,2,0.12,0,0,2,1,0.21,0,0,3,1,0.24,0,0,3,0,0.13,0,0,2,0,0.10,0,0,2,0,0.11,0,0,3,0,0.21,0,0,3
20,55,60,0,2,0,17,0,1,MOVING_TO_FIELD,Field_15,1,MOVING_TO_FIELD,Field_15,1,IDLE,,1,MOVING_TO_FIELD,Field_15,1,IDLE,,1,MOVING_TO_FIELD,Field_15,1,IDLE,,1,IDLE,,1,IDLE,,1,IDLE,,1,MOVING_TO_FIELD,Field_16,1,MOVING_TO_FIELD,Field_16,1,IDLE,,1,IDLE,,1,IDLE,,1,MOVING_TO_FIELD,Field_16,1,IDLE,,1,MOVING_TO_FIELD,Field_16,1,MOVING_TO_FIELD,Field_16,1,IDLE,,1,PROTECTING,Field_18,1,MOVING_TO_FIELD,Field_18,1,IDLE,,1,IDLE,,1,IDLE,,1,IDLE,,1,IDLE,,1,PROTECTING,Field_18,1,MOVING_TO_FIELD,Field_18,1,MOVING_TO_FIELD,Field_18,1,MOVING_TO_FIELD,Field_18,1,IDLE,,1,IDLE,,1,IDLE,,1,IDLE,,1,IDLE,,1,IDLE,,1,IDLE,,1,MOVING_TO_FIELD,Field_16,1,IDLE,,1,IDLE,,1,IDLE,,1,IDLE,,1,MOVING_TO_FIELD,Field_18,1,MOVING_TO_FIELD,Field_18,1,IDLE,,1,IDLE,,1,IDLE,,1,IDLE,,1,IDLE,,1,IDLE,,1,IDLE,,1,IDLE,,1,IDLE,,1,IDLE,,1,IDLE,,1,IDLE,,1,IDLE,,1,IDLE,,1,MOVING_TO_FIELD,Field_18,1,IDLE,,1,IDLE,,1,IDLE,,1,IDLE,,1,IDLE,,1,IDLE,,1,IDLE,,1,IDLE,,1,IDLE,,1,IDLE,,1,IDLE,,1,IDLE,,1,IDLE,,1,IDLE,,1,IDLE,,1,IDLE,,1,IDLE,,1,IDLE,,1,IDLE,,1,0.44,0,0,9,1,0.18,0,0,4,5,0.13,0,0,2,6,0.30,0,0,1,0,0.07,0,0,1,5,0.21,0,0,6,1,0.24,0,0,2,1,0.19,0,0,6,0,0.14,0,0,2,0,0.23,0,0,6,2,0.19,0,0,2,0,0.09,0,0,3,3,0.12,0,0,1,3,0.21,0,0,2,2,0.38,0,4,6,0,0.31,0,6,9,0,0.18,0,0,3,1,0.30,2,7,7,1,0.32,0,0,6,0,0.05,0,0,2,1,0.18,0,0,2,1,0.05,0,0,1,0,0.07,0,0,2,6,0.16,0,0,1,0,0.07,0,0,1,1,0.10,0,0,2,3,0.10,0,0,2,1,0.20,0,0,2,0,0.05,0,0,2,2,0.10,0,0,2,0,0.14,0,0,2,3,0.17,0,0,2,0,0.21,0,0,2,3,0.15,0,0,2,1,0.23,0,0,3,1,0.24,0,0,3,0,0.13,0,0,2,0,0.10,0,0,2,0,0.11,0,0,3,0,0.21,0,0,3
21,69,60,0,2,0,17,0,1,MOVING_TO_FIELD,Field_15,1,MOVING_TO_FIELD,Field_15,1,IDLE,,1,MOVING_TO_FIELD,Field_15,1,IDLE,,1,MOVING_TO_FIELD,Field_15,1,IDLE,,1,IDLE,,1,IDLE,,1,IDLE,,1,MOVING_TO_FIELD,Field_16,1,MOVING_TO_FIELD,Field_16,1,IDLE,,1,IDLE,,1,IDLE,,1,MOVING_TO_FIELD,Field_16,1,IDLE,,1,MOVING_TO_FIELD,Field_16,1,MOVING_TO_FIELD,Field_16,1,IDLE,,1,PROTECTING,Field_18,1,MOVING_TO_FIELD,Field_18,1,IDLE,,1,IDLE,,1,IDLE,,1,IDLE,,1,IDLE,,1,PROTECTING,Field_18,1,MOVING_TO_FIELD,Field_18,1,MOVING_TO_FIELD,Field_18,1,MOVING_TO_FIELD,Field_18,1,IDLE,,1,IDLE,,1,IDLE,,1,IDLE,,1,IDLE,,1,IDLE,,1,IDLE,,1,MOVING_TO_FIELD,Field_16,1,IDLE,,1,IDLE,,1,IDLE,,1,IDLE,,1,MOVING_TO_FIELD,Field_18,1,MOVING_TO_FIELD,Field_18,1,IDLE,,1,IDLE,,1,IDLE,,1,IDLE,,1,IDLE,,1,IDLE,,1,IDLE,,1,IDLE,,1,IDLE,,1,IDLE,,1,IDLE,,1,IDLE,,1,IDLE,,1,IDLE,,1,MOVING_TO_FIELD,Field_18,1,IDLE,,1,IDLE,,1,IDLE,,1,IDLE,,1,IDLE,,1,IDLE,,1,IDLE,,1,IDLE,,1,IDLE,,1,IDLE,,1,IDLE,,1,IDLE,,1,IDLE,,1,IDLE,,1,IDLE,,1,IDLE,,1,IDLE,,1,IDLE,,1,IDLE,,1,0.45,0,0,9,1,0.19,0,0,4,5,0.15,0,0,2,6,0.30,0,0,1,0,0.07,0,0,1,5,0.23,0,0,6,1,0.25,0,0,2,1,0.18,0,0,6,0,0.16,0,0,2,0,0.22,0,0,6,3,0.18,0,0,2,0,0.09,0,0,3,5,0.14,0,0,1,3,0.21,0,0,2,2,0.40,0,4,6,1,0.32,0,6,9,0,0.19,0,0,3,1,0.31,2,7,7,3,0.32,0,0,6,0,0.05,0,0,2,2,0.18,0,0,2,1,0.03,0,0,1,0,0.07,0,0,2,6,0.16,0,0,1,1,0.07,0,0,1,1,0.10,0,0,2,3,0.10,0,0,2,1,0.22,0,0,2,0,0.06,0,0,2,2,0.10,0,0,2,0,0.14,0,0,2,3,0.19,0,0,2,0,0.23,0,0,2,3,0.13,0,0,2,4,0.23,0,0,3,1,0.22,0,0,3,0,0.12,0,0,2,1,0.10,0,0,2,0,0.13,0,0,3,2,0.25,0,0,3
22,84,60,0,2,0,17,0,1,MOVING_TO_FIELD,Field_15,1,MOVING_TO_FIELD,Field_15,1,IDLE,,1,MOVING_TO_FIELD,Field_15,1,IDLE,,1,MOVING_TO_FIELD,Field_15,1,IDLE,,1,IDLE,,1,IDLE,,1,IDLE,,1,MOVING_TO_FIELD,Field_16,1,MOVING_TO_FIELD,Field_16,1,IDLE,,1,IDLE,,1,IDLE,,1,MOVING_TO_FIELD,Field_16,1,IDLE,,1,MOVING_TO_FIELD,Field_16,1,MOVING_TO_FIELD,Field_16,1,IDLE,,1,PROTECTING,Field_18,1,MOVING_TO_FIELD,Field_18,1,IDLE,,1,IDLE,,1,IDLE,,1,IDLE,,1,IDLE,,1,PROTECTING,Field_18,1,MOVING_TO_FIELD,Field_18,1,MOVING_TO_FIELD,Field_18,1,MOVING_TO_FIELD,Field_18,1,IDLE,,1,IDLE,,1,IDLE,,1,IDLE,,1,IDLE,,1,IDLE,,1,IDLE,,1,MOVING_TO_FIELD,Field_16,1,IDLE,,1,IDLE,,1,IDLE,,1,IDLE,,1,MOVING_TO_FIELD,Field_18,1,MOVING_TO_FIELD,Field_18,1,IDLE,,1,IDLE,,1,IDLE,,1,IDLE,,1,IDLE,,1,IDLE,,1,IDLE,,1,IDLE,,1,IDLE,,1,IDLE,,1,IDLE,,1,IDLE,,1,IDLE,,1,IDLE,,1,MOVING_TO_FIELD,Field_18,1,IDLE,,1,IDLE,,1,IDLE,,1,IDLE,,1,IDLE,,1,IDLE,,1,IDLE,,1,IDLE,,1,IDLE,,1,IDLE,,1,IDLE,,1,IDLE,,1,IDLE,,1,IDLE,,1,IDLE,,1,IDLE,,1,IDLE,,1,IDLE,,1,IDLE,,1,0.46,0,0,9,1,0.23,0,0,4,5,0.15,0,0,2,6,0.30,0,0,1,1,0.10,0,0,1,6,0.23,0,0,6,1,0.25,0,0,2,1,0.19,0,0,6,0,0.16,0,0,2,0,0.22,0,0,6,3,0.18,0,0,2,0,0.08,0,0,3,6,0.14,0,0,1,4,0.21,0,0,2,5,0.42,0,4,6,1,0.33,0,6,9,1,0.18,0,0,3,1,0.31,2,7,7,3,0.32,0,0,6,0,0.07,0,0,2,2,0.18,0,0,2,1,0.03,0,0,1,0,0.08,0,0,2,8,0.15,0,0,1,1,0.07,0,0,1,2,0.12,0,0,2,3,0.10,0,0,2,2,0.24,0,0,2,0,0.06,0,0,2,2,0.10,0,0,2,0,0.14,0,0,2,3,0.22,0,0,2,0,0.23,0,0,2,3,0.12,0,0,2,7,0.23,0,0,3,1,0.24,0,0,3,0,0.12,0,0,2,1,0.11,0,0,2,0,0.13,0,0,3,2,0.25,0,0,3
23,101,60,0,2,0,17,0,1,MOVING_TO_FIELD,Field_15,1,MOVING_TO_FIELD,Field_15,1,IDLE,,1,MOVING_TO_FIELD,Field_15,1,IDLE,,1,MOVING_TO_FIELD,Field_15,1,IDLE,,1,IDLE,,1,IDLE,,1,IDLE,,1,MOVING_TO_FIELD,Field_16,1,MOVING_TO_FIELD,Field_16,1,IDLE,,1,IDLE,,1,IDLE,,1,MOVING_TO_FIELD,Field_16,1,IDLE,,1,MOVING_TO_FIELD,Field_16,1,MOVING_TO_FIELD,Field_16,1,IDLE,,1,PROTECTING,Field_18,1,MOVING_TO_FIELD,Field_18,1,IDLE,,1,IDLE,,1,IDLE,,1,IDLE,,1,IDLE,,1,PROTECTING,Field_18,1,MOVING_TO_FIELD,Field_18,1,MOVING_TO_FIELD,Field_18,1,MOVING_TO_FIELD,Field_18,1,IDLE,,1,IDLE,,1,IDLE,,1,IDLE,,1,IDLE,,1,IDLE,,1,IDLE,,1,MOVING_TO_FIELD,Field_16,1,IDLE,,1,IDLE,,1,IDLE,,1,IDLE,,1,MOVING_TO_FIELD,Field_18,1,MOVING_TO_FIELD,Field_18,1,IDLE,,1,IDLE,,1,IDLE,,1,IDLE,,1,IDLE,,1,IDLE,,1,IDLE,,1,IDLE,,1,IDLE,,1,IDLE,,1,IDLE,,1,IDLE,,1,IDLE,,1,IDLE,,1,MOVING_TO_FIELD,Field_18,1,IDLE,,1,IDLE,,1,IDLE,,1,IDLE,,1,IDLE,,1,IDLE,,1,IDLE,,1,IDLE,,1,IDLE,,1,IDLE,,1,IDLE,,1,IDLE,,1,IDLE,,1,IDLE,,1,IDLE,,1,IDLE,,1,IDLE,,1,IDLE,,1,IDLE,,1,0.48,0,0,9,1,0.26,0,0,4,5,0.15,0,0,2,6,0.33,0,0,1,1,0.12,0,0,1,9,0.24,0,0,6,1,0.25,0,0,2,2,0.20,0,0,6,0,0.16,0,0,2,0,0.22,0,0,6,4,0.18,0,0,2,1,0.09,0,0,3,6,0.12,0,0,1,4,0.21,0,0,2,7,0.42,0,4,6,2,0.33,0,6,9,2,0.18,0,0,3,1,0.33,2,7,7,3,0.32,0,0,6,0,0.07,0,0,2,3,0.18,0,0,2,1,0.03,0,0,1,0,0.05,0,0,2,10,0.15,0,0,1,1,0.09,0,0,1,2,0.10,0,0,2,5,0.11,0,0,2,2,0.24,0,0,2,0,0.06,0,0,2,2,0.10,0,0,2,0,0.14,0,0,2,3,0.23,0,0,2,0,0.21,0,0,2,3,0.12,0,0,2,8,0.20,0,0,3,1,0.26,0,0,3,0,0.10,0,0,2,1,0.11,0,0,2,0,0.13,0,0,3,3,0.25,0,0,3
24,115,60,0,2,0,17,0,1,MOVING_TO_FIELD,Field_15,1,MOVING_TO_FIELD,Field_15,1,IDLE,,1,MOVING_TO_FIELD,Field_15,1,IDLE,,1,MOVING_TO_FIELD,Field_15,1,IDLE,,1,IDLE,,1,IDLE,,1,IDLE,,1,MOVING_TO_FIELD,Field_16,1,MOVING_TO_FIELD,Field_16,1,IDLE,,1,IDLE,,1,IDLE,,1,MOVING_TO_FIELD,Field_16,1,IDLE,,1,MOVING_TO_FIELD,Field_16,1,MOVING_TO_FIELD,Field_16,1,IDLE,,1,PROTECTING,Field_18,1,MOVING_TO_FIELD,Field_18,1,IDLE,,1,IDLE,,1,IDLE,,1,IDLE,,1,IDLE,,1,PROTECTING,Field_18,1,MOVING_TO_FIELD,Field_18,1,MOVING_TO_FIELD,Field_18,1,MOVING_TO_FIELD,Field_18,1,IDLE,,1,IDLE,,1,IDLE,,1,IDLE,,1,IDLE,,1,IDLE,,1,IDLE,,1,MOVING_TO_FIELD,Field_16,1,IDLE,,1,IDLE,,1,IDLE,,1,IDLE,,1,MOVING_TO_FIELD,Field_18,1,MOVING_TO_FIELD,Field_18,1,IDLE,,1,IDLE,,1,IDLE,,1,IDLE,,1,IDLE,,1,IDLE,,1,IDLE,,1,IDLE,,1,IDLE,,1,IDLE,,1,IDLE,,1,IDLE,,1,IDLE,,1,IDLE,,1,MOVING_TO_FIELD,Field_18,1,IDLE,,1,IDLE,,1,IDLE,,1,IDLE,,1,IDLE,,1,IDLE,,1,IDLE,,1,IDLE,,1,IDLE,,1,IDLE,,1,IDLE,,1,IDLE,,1,IDLE,,1,IDLE,,1,IDLE,,1,IDLE,,1,IDLE,,1,IDLE,,1,IDLE,,2,0.49,0,0,9,1,0.26,0,0,4,5,0.14,0,0,2,6,0.33,0,0,1,1,0.12,0,0,1,10,0.27,0,0,6,1,0.25,0,0,2,2,0.20,0,0,6,0,0.16,0,0,2,1,0.24,0,0,6,6,0.18,0,0,2,1,0.09,0,0,3,6,0.12,0,0,1,6,0.20,0,0,2,8,0.43,0,4,6,2,0.32,0,6,9,3,0.19,0,0,3,1,0.33,2,7,7,4,0.33,0,0,6,0,0.07,0,0,2,3,0.20,0,0,2,1,0.05,0,0,1,0,0.05,0,0,2,10,0.15,0,0,1,1,0.11,0,0,1,3,0.13,0,0,2,5,0.11,0,0,2,2,0.27,0,0,2,0,0.08,0,0,2,2,0.12,0,0,2,0,0.14,0,0,2,4,0.23,0,0,2,1,0.21,0,0,2,3,0.12,0,0,2,8,0.21,0,0,3,1,0.26,0,0,3,0,0.10,0,0,2,1,0.11,0,0,2,1,0.13,0,0,3,3,0.22,0,0,3
25,134,60,0,2,0,17,0,1,MOVING_TO_FIELD,Field_15,1,MOVING_TO_FIELD,Field_15,1,IDLE,,1,MOVING_TO_FIELD,Field_15,1,IDLE,,1,MOVING_TO_FIELD,Field_15,1,IDLE,,1,IDLE,,1,IDLE,,1,IDLE,,1,MOVING_TO_FIELD,Field_16,1,MOVING_TO_FIELD,Field_16,1,IDLE,,1,IDLE,,1,IDLE,,1,MOVING_TO_FIELD,Field_16,1,IDLE,,1,MOVING_TO_FIELD,Field_16,1,MOVING_TO_FIELD,Field_16,1,IDLE,,1,PROTECTING,Field_18,1,MOVING_TO_FIELD,Field_18,1,IDLE,,1,IDLE,,1,IDLE,,1,IDLE,,1,IDLE,,1,PROTECTING,Field_18,1,MOVING_TO_FIELD,Field_18,1,MOVING_TO_FIELD,Field_18,1,MOVING_TO_FIELD,Field_18,1,IDLE,,1,IDLE,,1,IDLE,,1,IDLE,,1,IDLE,,1,IDLE,,1,IDLE,,1,MOVING_TO_FIELD,Field_16,1,IDLE,,1,IDLE,,1,IDLE,,1,IDLE,,1,MOVING_TO_FIELD,Field_18,1,MOVING_TO_FIELD,Field_18,1,IDLE,,1,IDLE,,1,IDLE,,1,IDLE,,1,IDLE,,1,IDLE,,1,IDLE,,1,IDLE,,1,IDLE,,1,IDLE,,1,IDLE,,1,IDLE,,1,IDLE,,1,IDLE,,1,MOVING_TO_FIELD,Field_18,1,IDLE,,1,IDLE,,1,IDLE,,1,IDLE,,1,IDLE,,1,IDLE,,1,IDLE,,1,IDLE,,1,IDLE,,1,IDLE,,1,IDLE,,1,IDLE,,1,IDLE,,1,IDLE,,1,IDLE,,1,IDLE,,1,IDLE,,1,IDLE,,1,IDLE,,2,0.48,0,0,9,2,0.26,0,0,4,6,0.13,0,0,2,9,0.33,0,0,1,1,0.12,0,0,1,10,0.27,0,0,6,2,0.24,0,0,2,2,0.20,0,0,6,0,0.16,0,0,2,1,0.24,0,0,6,6,0.18,0,0,2,1,0.09,0,0,3,7,0.11,0,0,1,8,0.21,0,0,2,10,0.44,0,4,6,2,0.34,0,6,9,3,0.19,0,0,3,1,0.35,2,7,7,4,0.33,0,0,6,0,0.07,0,0,2,4,0.20,0,0,2,1,0.05,0,0,1,0,0.05,0,0,2,10,0.15,0,0,1,1,0.11,0,0,1,3,0.13,0,0,2,5,0.11,0,0,2,2,0.24,0,0,2,0,0.08,0,0,2,2,0.12,0,0,2,0,0.14,0,0,2,4,0.23,0,0,2,3,0.21,0,0,2,3,0.12,0,0,2,8,0.21,0,0,3,1,0.24,0,0,3,1,0.10,0,0,2,3,0.11,0,0,2,2,0.12,0,0,3,4,0.24,0,0,3
26,155,60,0,2,0,17,0,1,MOVING_TO_FIELD,Field_15,1,MOVING_TO_FIELD,Field_15,1,IDLE,,1,MOVING_TO_FIELD,Field_15,1,IDLE,,1,MOVING_TO_FIELD,Field_15,1,IDLE,,1,IDLE,,1,IDLE,,1,IDLE,,1,MOVING_TO_FIELD,Field_16,1,MOVING_TO_FIELD,Field_16,1,IDLE,,1,IDLE,,1,IDLE,,1,MOVING_TO_FIELD,Field_16,1,IDLE,,1,MOVING_TO_FIELD,Field_16,1,MOVING_TO_FIELD,Field_16,1,IDLE,,1,PROTECTING,Field_18,1,MOVING_TO_FIELD,Field_18,1,IDLE,,1,IDLE,,1,IDLE,,1,IDLE,,1,IDLE,,1,PROTECTING,Field_18,1,MOVING_TO_FIELD,Field_18,1,MOVING_TO_FIELD,Field_18,1,MOVING_TO_FIELD,Field_18,1,IDLE,,1,IDLE,,1,IDLE,,1,IDLE,,1,IDLE,,1,IDLE,,1,IDLE,,1,MOVING_TO_FIELD,Field_16,1,IDLE,,1,IDLE,,1,IDLE,,1,IDLE,,1,MOVING_TO_FIELD,Field_18,1,MOVING_TO_FIELD,Field_18,1,IDLE,,1,IDLE,,1,IDLE,,1,IDLE,,1,IDLE,,1,IDLE,,1,IDLE,,1,IDLE,,1,IDLE,,1,IDLE,,1,IDLE,,1,IDLE,,1,IDLE,,1,IDLE,,1,MOVING_TO_FIELD,Field_18,1,IDLE,,1,IDLE,,1,IDLE,,1,IDLE,,1,IDLE,,1,IDLE,,1,IDLE,,1,IDLE,,1,IDLE,,1,IDLE,,1,IDLE,,1,IDLE,,1,IDLE,,1,IDLE,,1,IDLE,,1,IDLE,,1,IDLE,,1,IDLE,,1,IDLE,,4,0.46,0,0,9,2,0.26,0,0,4,6,0.12,0,0,2,9,0.30,0,0,1,1,0.12,0,0,1,10,0.27,0,0,6,3,0.27,0,0,2,2,0.20,0,0,6,0,0.16,0,0,2,1,0.25,0,0,6,7,0.19,0,0,2,1,0.10,0,0,3,8,0.11,0,0,1,8,0.21,0,0,2,14,0.45,0,4,6,3,0.33,0,6,9,5,0.22,0,0,3,2,0.35,2,7,7,4,0.37,0,0,6,1,0.07,0,0,2,5,0.20,0,0,2,1,0.07,0,0,1,0,0.05,0,0,2,11,0.15,0,0,1,1,0.11,0,0,1,3,0.13,0,0,2,5,0.11,0,0,2,2,0.24,0,0,2,0,0.08,0,0,2,2,0.12,0,0,2,0,0.16,0,0,2,5,0.23,0,0,2,4,0.19,0,0,2,3,0.12,0,0,2,8,0.20,0,0,3,1,0.24,0,0,3,2,0.09,0,0,2,3,0.11,0,0,2,3,0.11,0,0,3,5,0.25,0,0,3
27,166,60,0,2,0,17,0,1,MOVING_TO_FIELD,Field_15,1,MOVING_TO_FIELD,Field_15,1,IDLE,,1,MOVING_TO_FIELD,Field_15,1,IDLE,,1,MOVING_TO_FIELD,Field_15,1,IDLE,,1,IDLE,,1,IDLE,,1,IDLE,,1,MOVING_TO_FIELD,Field_16,1,MOVING_TO_FIELD,Field_16,1,IDLE,,1,IDLE,,1,IDLE,,1,MOVING_TO_FIELD,Field_16,1,IDLE,,1,MOVING_TO_FIELD,Field_16,1,MOVING_TO_FIELD,Field_16,1,IDLE,,1,PROTECTING,Field_18,1,MOVING_TO_FIELD,Field_18,1,IDLE,,1,IDLE,,1,IDLE,,1,IDLE,,1,IDLE,,1,PROTECTING,Field_18,1,MOVING_TO_FIELD,Field_18,1,MOVING_TO_FIELD,Field_18,1,MOVING_TO_FIELD,Field_18,1,IDLE,,1,IDLE,,1,IDLE,,1,IDLE,,1,IDLE,,1,IDLE,,1,IDLE,,1,MOVING_TO_FIELD,Field_16,1,IDLE,,1,IDLE,,1,IDLE,,1,IDLE,,1,MOVING_TO_FIELD,Field_18,1,MOVING_TO_FIELD,Field_18,1,IDLE,,1,IDLE,,1,IDLE,,1,IDLE,,1,IDLE,,1,IDLE,,1,IDLE,,1,IDLE,,1,IDLE,,1,IDLE,,1,IDLE,,1,IDLE,,1,IDLE,,1,IDLE,,1,MOVING_TO_FIELD,Field_18,1,IDLE,,1,IDLE,,1,IDLE,,1,IDLE,,1,IDLE,,1,IDLE,,1,IDLE,,1,IDLE,,1,IDLE,,1,IDLE,,1,IDLE,,1,IDLE,,1,IDLE,,1,IDLE,,1,IDLE,,1,IDLE,,1,IDLE,,1,IDLE,,1,IDLE,,4,0.46,0,0,9,2,0.26,0,0,4,7,0.12,0,0,2,9,0.28,0,0,1,1,0.15,0,0,1,11,0.27,0,0,6,4,0.27,0,0,2,2,0.20,0,0,6,0,0.16,0,0,2,2,0.26,0,0,6,7,0.19,0,0,2,1,0.11,0,0,3,8,0.11,0,0,1,8,0.21,0,0,2,15,0.45,0,4,6,3,0.33,0,6,9,5,0.24,0,0,3,2,0.35,2,7,7,5,0.36,0,0,6,1,0.07,0,0,2,5,0.20,0,0,2,1,0.07,0,0,1,0,0.05,0,0,2,12,0.15,0,0,1,1,0.11,0,0,1,4,0.12,0,0,2,5,0.11,0,0,2,3,0.22,0,0,2,0,0.10,0,0,2,2,0.13,0,0,2,1,0.16,0,0,2,5,0.21,0,0,2,4,0.19,0,0,2,3,0.13,0,0,2,9,0.20,0,0,3,1,0.26,0,0,3,2,0.09,0,0,2,3,0.10,0,0,2,3,0.12,0,0,3,5,0.26,0,0,3
28,183,60,0,3,0,16,0,1,MOVING_TO_FIELD,Field_15,1,MOVING_TO_FIELD,Field_15,1,IDLE,,1,MOVING_TO_FIELD,Field_15,1,IDLE,,1,MOVING_TO_FIELD,Field_15,1,IDLE,,1,IDLE,,1,IDLE,,1,IDLE,,1,MOVING_TO_FIELD,Field_16,1,MOVING_TO_FIELD,Field_16,1,IDLE,,1,IDLE,,1,IDLE,,1,MOVING_TO_FIELD,Field_16,1,IDLE,,1,MOVING_TO_FIELD,Field_16,1,MOVING_TO_FIELD,Field_16,1,IDLE,,1,PROTECTING,Field_18,1,MOVING_TO_FIELD,Field_18,1,IDLE,,1,IDLE,,1,IDLE,,1,IDLE,,1,IDLE,,1,PROTECTING,Field_18,1,MOVING_TO_FIELD,Field_18,1,MOVING_TO_FIELD,Field_18,1,MOVING_TO_FIELD,Field_18,1,IDLE,,1,IDLE,,1,IDLE,,1,IDLE,,1,IDLE,,1,IDLE,,1,IDLE,,1,MOVING_TO_FIELD,Field_16,1,IDLE,,1,IDLE,,1,IDLE,,1,IDLE,,1,MOVING_TO_FIELD,Field_18,1,PROTECTING,Field_18,1,IDLE,,1,IDLE,,1,IDLE,,1,IDLE,,1,IDLE,,1,IDLE,,1,IDLE,,1,IDLE,,1,IDLE,,1,IDLE,,1,IDLE,,1,IDLE,,1,IDLE,,1,IDLE,,1,MOVING_TO_FIELD,Field_18,1,IDLE,,1,IDLE,,1,IDLE,,1,IDLE,,1,IDLE,,1,IDLE,,1,IDLE,,1,IDLE,,1,IDLE,,1,IDLE,,1,IDLE,,1,IDLE,,1,IDLE,,1,IDLE,,1,IDLE,,1,IDLE,,1,IDLE,,1,IDLE,,1,IDLE,,6,0.45,0,0,9,3,0.23,0,0,4,8,0.12,0,0,2,9,0.28,0,0,1,1,0.15,0,0,1,11,0.27,0,0,6,4,0.28,0,0,2,4,0.20,0,0,6,0,0.17,0,0,2,2,0.26,0,0,6,7,0.19,0,0,2,1,0.12,0,0,3,9,0.11,0,0,1,9,0.22,0,0,2,16,0.46,0,4,6,3,0.34,0,6,9,7,0.25,0,0,3,2,0.36,3,6,6,5,0.36,0,0,6,1,0.08,0,0,2,5,0.20,0,0,2,1,0.07,0,0,1,0,0.05,0,0,2,14,0.16,0,0,1,1,0.09,0,0,1,5,0.12,0,0,2,5,0.11,0,0,2,3,0.20,0,0,2,0,0.11,0,0,2,2,0.13,0,0,2,1,0.12,0,0,2,6,0.21,0,0,2,4,0.18,0,0,2,3,0.15,0,0,2,10,0.21,0,0,3,2,0.26,0,0,3,2,0.09,0,0,2,3,0.13,0,0,2,3,0.12,0,0,3,5,0.28,0,0,3
29,209,60,0,3,0,16,0,1,MOVING_TO_FIELD,Field_15,1,MOVING_TO_FIELD,Field_15,1,IDLE,,1,MOVING_TO_FIELD,Field_15,1,IDLE,,1,MOVING_TO_FIELD,Field_15,1,IDLE,,1,IDLE,,1,IDLE,,1,IDLE,,1,MOVING_TO_FIELD,Field_16,1,MOVING_TO_FIELD,Field_16,1,IDLE,,1,IDLE,,1,IDLE,,1,MOVING_TO_FIELD,Field_16,1,IDLE,,1,MOVING_TO_FIELD,Field_16,1,MOVING_TO_FIELD,Field_16,1,IDLE,,1,PROTECTING,Field_18,1,MOVING_TO_FIELD,Field_18,1,IDLE,,1,IDLE,,1,IDLE,,1,IDLE,,1,IDLE,,1,PROTECTING,Field_18,1,MOVING_TO_FIELD,Field_18,1,MOVING_TO_FIELD,Field_18,1,MOVING_TO_FIELD,Field_18,1,IDLE,,1,IDLE,,1,IDLE,,1,IDLE,,1,IDLE,,1,IDLE,,1,IDLE,,1,MOVING_TO_FIELD,Field_16,1,IDLE,,1,IDLE,,1,IDLE,,1,IDLE,,1,MOVING_TO_FIELD,Field_18,1,PROTECTING,Field_18,1,IDLE,,1,IDLE,,1,IDLE,,1,IDLE,,1,IDLE,,1,IDLE,,1,IDLE,,1,IDLE,,1,IDLE,,1,IDLE,,1,IDLE,,1,IDLE,,1,IDLE,,1,IDLE,,1,MOVING_TO_FIELD,Field_18,1,IDLE,,1,IDLE,,1,IDLE,,1,IDLE,,1,IDLE,,1,IDLE,,1,IDLE,,1,IDLE,,1,IDLE,,1,IDLE,,1,IDLE,,1,IDLE,,1,IDLE,,1,IDLE,,1,IDLE,,1,IDLE,,1,IDLE,,1,IDLE,,1,IDLE,,8,0.45,0,0,9,4,0.24,0,0,4,9,0.12,0,0,2,10,0.28,0,0,1,1,0.15,0,0,1,11,0.29,0,0,6,7,0.28,0,0,2,4,0.20,0,0,6,0,0.17,0,0,2,4,0.26,0,0,6,8,0.18,0,0,2,1,0.11,0,0,3,9,0.11,0,0,1,9,0.24,0,0,2,18,0.47,0,4,6,3,0.34,0,6,9,9,0.28,0,0,3,4,0.37,3,6,6,6,0.37,0,0,6,1,0.08,0,0,2,8,0.20,0,0,2,1,0.07,0,0,1,0,0.05,0,0,2,15,0.16,0,0,1,1,0.09,0,0,1,5,0.12,0,0,2,6,0.11,0,0,2,4,0.20,0,0,2,0,0.11,0,0,2,2,0.13,0,0,2,2,0.12,0,0,2,6,0.21,0,0,2,4,0.18,0,0,2,3,0.15,0,0,2,10,0.21,0,0,3,3,0.24,0,0,3,2,0.07,0,0,2,3,0.13,0,0,2,3,0.11,0,0,3,5,0.28,0,0,3
30,227,60,0,3,0,16,0,1,MOVING_TO_FIELD,Field_15,1,MOVING_TO_FIELD,Field_15,1,IDLE,,1,MOVING_TO_FIELD,Field_15,1,IDLE,,1,MOVING_TO_FIELD,Field_15,1,IDLE,,1,IDLE,,1,IDLE,,1,IDLE,,1,MOVING_TO_FIELD,Field_16,1,MOVING_TO_FIELD,Field_16,1,IDLE,,1,IDLE,,1,IDLE,,1,MOVING_TO_FIELD,Field_16,1,IDLE,,1,MOVING_TO_FIELD,Field_16,1,MOVING_TO_FIELD,Field_16,1,IDLE,,1,PROTECTING,Field_18,1,MOVING_TO_FIELD,Field_18,1,IDLE,,1,IDLE,,1,IDLE,,1,IDLE,,1,IDLE,,1,PROTECTING,Field_18,1,MOVING_TO_FIELD,Field_18,1,MOVING_TO_FIELD,Field_18,1,MOVING_TO_FIELD,Field_18,1,IDLE,,1,IDLE,,1,IDLE,,1,IDLE,,1,IDLE,,1,IDLE,,1,IDLE,,1,MOVING_TO_FIELD,Field_16,1,IDLE,,1,IDLE,,1,IDLE,,1,IDLE,,1,MOVING_TO_FIELD,Field_18,1,PROTECTING,Field_18,1,IDLE,,1,IDLE,,1,IDLE,,1,IDLE,,1,IDLE,,1,IDLE,,1,IDLE,,1,IDLE,,1,IDLE,,1,IDLE,,1,IDLE,,1,IDLE,,1,IDLE,,1,IDLE,,1,MOVING_TO_FIELD,Field_18,1,IDLE,,1,IDLE,,1,IDLE,,1,IDLE,,1,IDLE,,1,IDLE,,1,IDLE,,1,IDLE,,1,IDLE,,1,IDLE,,1,IDLE,,1,IDLE,,1,IDLE,,1,IDLE,,1,IDLE,,1,IDLE,,1,IDLE,,1,IDLE,,1,IDLE,,8,0.45,0,0,9,4,0.24,0,0,4,9,0.13,0,0,2,12,0.28,0,0,1,1,0.15,0,0,1,13,0.30,0,0,6,9,0.28,0,0,2,4,0.20,0,0,6,0,0.17,0,0,2,5,0.25,0,0,6,8,0.18,0,0,2,2,0.11,0,0,3,9,0.09,0,0,1,9,0.24,0,0,2,22,0.47,0,4,6,3,0.34,0,6,9,9,0.28,0,0,3,4,0.37,3,6,6,6,0.37,0,0,6,1,0.08,0,0,2,8,0.21,0,0,2,1,0.08,0,0,1,0,0.05,0,0,2,16,0.15,0,0,1,2,0.09,0,0,1,6,0.10,0,0,2,6,0.11,0,0,2,4,0.20,0,0,2,0,0.11,0,0,2,2,0.13,0,0,2,2,0.12,0,0,2,8,0.21,0,0,2,5,0.18,0,0,2,3,0.15,0,0,2,10,0.20,0,0,3,3,0.24,0,0,3,2,0.07,0,0,2,3,0.13,0,0,2,3,0.11,0,0,3,5,0.28,0,0,3
31,240,60,0,3,0,16,0,1,MOVING_TO_FIELD,Field_15,1,MOVING_TO_FIELD,Field_15,1,IDLE,,1,MOVING_TO_FIELD,Field_15,1,IDLE,,1,MOVING_TO_FIELD,Field_15,1,IDLE,,1,IDLE,,1,IDLE,,1,IDLE,,1,MOVING_TO_FIELD,Field_16,1,MOVING_TO_FIELD,Field_16,1,IDLE,,1,IDLE,,1,IDLE,,1,MOVING_TO_FIELD,Field_16,1,IDLE,,1,MOVING_TO_FIELD,Field_16,1,MOVING_TO_FIELD,Field_16,1,IDLE,,1,PROTECTING,Field_18,1,MOVING_TO_FIELD,Field_18,1,IDLE,,1,IDLE,,1,IDLE,,1,IDLE,,1,IDLE,,1,PROTECTING,Field_18,1,MOVING_TO_FIELD,Field_18,1,MOVING_TO_FIELD,Field_18,1,MOVING_TO_FIELD,Field_18,1,IDLE,,1,IDLE,,1,IDLE,,1,IDLE,,1,IDLE,,1,IDLE,,1,IDLE,,1,MOVING_TO_FIELD,Field_16,1,IDLE,,1,IDLE,,1,IDLE,,1,IDLE,,1,MOVING_TO_FIELD,Field_18,1,PROTECTING,Field_18,1,IDLE,,1,IDLE,,1,IDLE,,1,IDLE,,1,IDLE,,1,IDLE,,1,IDLE,,1,IDLE,,1,IDLE,,1,IDLE,,1,IDLE,,1,IDLE,,1,IDLE,,1,IDLE,,1,MOVING_TO_FIELD,Field_18,1,IDLE,,1,IDLE,,1,IDLE,,1,IDLE,,1,IDLE,,1,IDLE,,1,IDLE,,1,IDLE,,1,IDLE,,1,IDLE,,1,IDLE,,1,IDLE,,1,IDLE,,1,IDLE,,1,IDLE,,1,IDLE,,1,IDLE,,1,IDLE,,1,IDLE,,8,0.44,0,0,9,4,0.24,0,0,4,9,0.12,0,0,2,13,0.23,0,0,1,1,0.15,0,0,1,15,0.30,0,0,6,11,0.27,0,0,2,5,0.20,0,0,6,0,0.17,0,0,2,7,0.25,0,0,6,8,0.18,0,0,2,2,0.11,0,0,3,9,0.09,0,0,1,9,0.24,0,0,2,23,0.48,0,4,6,3,0.34,0,6,9,9,0.30,0,0,3,4,0.36,3,6,6,7,0.37,0,0,6,1,0.07,0,0,2,8,0.21,0,0,2,1,0.08,0,0,1,0,0.05,0,0,2,16,0.15,0,0,1,2,0.09,0,0,1,6,0.12,0,0,2,7,0.09,0,0,2,5,0.18,0,0,2,0,0.11,0,0,2,2,0.13,0,0,2,2,0.12,0,0,2,9,0.22,0,0,2,5,0.16,0,0,2,3,0.13,0,0,2,10,0.21,0,0,3,3,0.24,0,0,3,2,0.08,0,0,2,3,0.13,0,0,2,3,0.12,0,0,3,5,0.29,0,0,3
32,256,60,0,3,0,16,0,1,MOVING_TO_FIELD,Field_15,1,MOVING_TO_FIELD,Field_15,1,IDLE,,1,MOVING_TO_FIELD,Field_15,1,IDLE,,1,MOVING_TO_FIELD,Field_15,1,IDLE,,1,IDLE,,1,IDLE,,1,IDLE,,1,MOVING_TO_FIELD,Field_16,1,MOVING_TO_FIELD,Field_16,1,IDLE,,1,IDLE,,1,IDLE,,1,MOVING_TO_FIELD,Field_16,1,IDLE,,1,MOVING_TO_FIELD,Field_16,1,MOVING_TO_FIELD,Field_16,1,IDLE,,1,PROTECTING,Field_18,1,MOVING_TO_FIELD,Field_18,1,IDLE,,1,IDLE,,1,IDLE,,1,IDLE,,1,IDLE,,1,PROTECTING,Field_18,1,MOVING_TO_FIELD,Field_18,1,MOVING_TO_FIELD,Field_18,1,MOVING_TO_FIELD,Field_18,1,IDLE,,1,IDLE,,1,IDLE,,1,IDLE,,1,IDLE,,1,IDLE,,1,IDLE,,1,MOVING_TO_FIELD,Field_16,1,IDLE,,1,IDLE,,1,IDLE,,1,IDLE,,1,MOVING_TO_FIELD,Field_18,1,PROTECTING,Field_18,1,IDLE,,1,IDLE,,1,IDLE,,1,IDLE,,1,IDLE,,1,IDLE,,1,IDLE,,1,IDLE,,1,IDLE,,1,IDLE,,1,IDLE,,1,IDLE,,1,IDLE,,1,IDLE,,1,MOVING_TO_FIELD,Field_18,1,IDLE,,1,IDLE,,1,IDLE,,1,IDLE,,1,IDLE,,1,IDLE,,1,IDLE,,1,IDLE,,1,IDLE,,1,IDLE,,1,IDLE,,1,IDLE,,1,IDLE,,1,IDLE,,1,IDLE,,1,IDLE,,1,IDLE,,1,IDLE,,1,IDLE,,9,0.44,0,0,9,4,0.24,0,0,4,9,0.12,0,0,2,13,0.23,0,0,1,1,0.15,0,0,1,15,0.31,0,0,6,13,0.24,0,0,2,5,0.21,0,0,6,0,0.17,0,0,2,7,0.24,0,0,6,8,0.19,0,0,2,2,0.11,0,0,3,10,0.09,0,0,1,9,0.23,0,0,2,23,0.48,0,4,6,3,0.34,0,6,9,11,0.30,0,0,3,5,0.36,3,6,6,7,0.37,0,0,6,1,0.07,0,0,2,10,0.21,0,0,2,1,0.08,0,0,1,0,0.05,0,0,2,16,0.15,0,0,1,2,0.09,0,0,1,8,0.12,0,0,2,9,0.09,0,0,2,5,0.18,0,0,2,0,0.11,0,0,2,2,0.13,0,0,2,2,0.12,0,0,2,10,0.22,0,0,2,6,0.16,0,0,2,3,0.13,0,0,2,10,0.21,0,0,3,4,0.22,0,0,3,2,0.09,0,0,2,3,0.13,0,0,2,3,0.12,0,0,3,5,0.29,0,0,3
33,277,60,0,4,0,15,0,1,MOVING_TO_FIELD,Field_15,1,MOVING_TO_FIELD,Field_15,1,IDLE,,1,MOVING_TO_FIELD,Field_15,1,IDLE,,1,MOVING_TO_FIELD,Field_15,1,IDLE,,1,IDLE,,1,IDLE,,1,IDLE,,1,MOVING_TO_FIELD,Field_16,1,MOVING_TO_FIELD,Field_16,1,IDLE,,1,IDLE,,1,IDLE,,1,MOVING_TO_FIELD,Field_16,1,IDLE,,1,PROTECTING,Field_16,1,MOVING_TO_FIELD,Field_16,1,IDLE,,1,PROTECTING,Field_18,1,MOVING_TO_FIELD,Field_18,1,IDLE,,1,IDLE,,1,IDLE,,1,IDLE,,1,IDLE,,1,PROTECTING,Field_18,1,MOVING_TO_FIELD,Field_18,1,MOVING_TO_FIELD,Field_18,1,MOVING_TO_FIELD,Field_18,1,IDLE,,1,IDLE,,1,IDLE,,1,IDLE,,1,IDLE,,1,IDLE,,1,IDLE,,1,MOVING_TO_FIELD,Field_16,1,IDLE,,1,IDLE,,1,IDLE,,1,IDLE,,1,MOVING_TO_FIELD,Field_18,1,PROTECTING,Field_18,1,IDLE,,1,IDLE,,1,IDLE,,1,IDLE,,1,IDLE,,1,IDLE,,1,IDLE,,1,IDLE,,1,IDLE,,1,IDLE,,1,IDLE,,1,IDLE,,1,IDLE,,1,IDLE,,1,MOVING_TO_FIELD,Field_18,1,IDLE,,1,IDLE,,1,IDLE,,1,IDLE,,1,IDLE,,1,IDLE,,1,IDLE,,1,IDLE,,1,IDLE,,1,IDLE,,1,IDLE,,1,IDLE,,1,IDLE,,1,IDLE,,1,IDLE,,1,IDLE,,1,IDLE,,1,IDLE,,1,IDLE,,10,0.45,0,0,9,5,0.24,0,0,4,9,0.12,0,0,2,13,0.17,0,0,1,1,0.15,0,0,1,15,0.30,0,0,6,14,0.24,0,0,2,5,0.20,0,0,6,2,0.18,0,0,2,8,0.24,0,0,6,8,0.19,0,0,2,4,0.12,0,0,3,11,0.06,0,0,1,10,0.23,0,0,2,25,0.48,0,4,6,4,0.34,1,5,8,12,0.31,0,0,3,5,0.35,3,6,6,8,0.38,0,0,6,1,0.05,0,0,2,10,0.21,0,0,2,1,0.08,0,0,1,0,0.07,0,0,2,17,0.14,0,0,1,3,0.09,0,0,1,8,0.14,0,0,2,9,0.10,0,0,2,5,0.18,0,0,2,0,0.11,0,0,2,2,0.13,0,0,2,2,0.12,0,0,2,13,0.21,0,0,2,6,0.16,0,0,2,4,0.15,0,0,2,10,0.23,0,0,3,4,0.22,0,0,3,2,0.08,0,0,2,3,0.13,0,0,2,3,0.12,0,0,3,5,0.29,0,0,3
34,297,60,0,6,0,13,0,1,MOVING_TO_FIELD,Field_15,1,MOVING_TO_FIELD,Field_15,1,IDLE,,1,MOVING_TO_FIELD,Field_15,1,IDLE,,1,MOVING_TO_FIELD,Field_15,1,IDLE,,1,IDLE,,1,IDLE,,1,IDLE,,1,MOVING_TO_FIELD,Field_16,1,MOVING_TO_FIELD,Field_16,1,IDLE,,1,IDLE,,1,IDLE,,1,MOVING_TO_FIELD,Field_16,1,IDLE,,1,PROTECTING,Field_16,1,MOVING_TO_FIELD,Field_16,1,IDLE,,1,PROTECTING,Field_18,1,MOVING_TO_FIELD,Field_18,1,IDLE,,1,IDLE,,1,IDLE,,1,IDLE,,1,IDLE,,1,PROTECTING,Field_18,1,MOVING_TO_FIELD,Field_18,1,MOVING_TO_FIELD,Field_18,1,MOVING_TO_FIELD,Field_18,1,IDLE,,1,IDLE,,1,IDLE,,1,IDLE,,1,IDLE,,1,IDLE,,1,IDLE,,1,MOVING_TO_FIELD,Field_16,1,IDLE,,1,IDLE,,1,IDLE,,1,IDLE,,1,PROTECTING,Field_18,1,PROTECTING,Field_18,1,IDLE,,1,IDLE,,1,IDLE,,1,IDLE,,1,IDLE,,1,IDLE,,1,IDLE,,1,IDLE,,1,IDLE,,1,IDLE,,1,IDLE,,1,IDLE,,1,IDLE,,1,IDLE,,1,PROTECTING,Field_18,1,IDLE,,1,IDLE,,1,IDLE,,1,IDLE,,1,IDLE,,1,IDLE,,1,IDLE,,1,IDLE,,1,IDLE,,1,IDLE,,1,IDLE,,1,IDLE,,1,IDLE,,1,IDLE,,1,IDLE,,1,IDLE,,1,IDLE,,1,IDLE,,1,IDLE,,11,0.46,0,0,9,5,0.22,0,0,4,11,0.11,0,0,2,13,0.17,0,0,1,2,0.15,0,0,1,15,0.30,0,0,6,14,0.23,0,0,2,5,0.20,0,0,6,3,0.18,0,0,2,9,0.25,0,0,6,8,0.19,0,0,2,4,0.12,0,0,3,11,0.06,0,0,1,13,0.23,0,0,2,28,0.48,0,4,6,5,0.34,1,5,8,14,0.31,0,0,3,5,0.34,5,4,4,10,0.38,0,0,6,1,0.04,0,0,2,10,0.20,0,0,2,1,0.08,0,0,1,0,0.08,0,0,2,17,0.14,0,0,1,3,0.07,0,0,1,8,0.14,0,0,2,9,0.11,0,0,2,5,0.18,0,0,2,0,0.11,0,0,2,2,0.13,0,0,2,2,0.12,0,0,2,14,0.19,0,0,2,6,0.16,0,0,2,4,0.15,0,0,2,11,0.21,0,0,3,5,0.22,0,0,3,2,0.08,0,0,2,3,0.15,0,0,2,3,0.12,0,0,3,5,0.29,0,0,3
35,319,60,0,6,0,13,0,1,MOVING_TO_FIELD,Field_15,1,MOVING_TO_FIELD,Field_15,1,IDLE,,1,MOVING_TO_FIELD,Field_15,1,IDLE,,1,MOVING_TO_FIELD,Field_15,1,IDLE,,1,IDLE,,1,IDLE,,1,IDLE,,1,MOVING_TO_FIELD,Field_16,1,MOVING_TO_FIELD,Field_16,1,IDLE,,1,IDLE,,1,IDLE,,1,MOVING_TO_FIELD,Field_16,1,IDLE,,1,PROTECTING,Field_16,1,MOVING_TO_FIELD,Field_16,1,IDLE,,1,PROTECTING,Field_18,1,MOVING_TO_FIELD,Field_18,1,IDLE,,1,IDLE,,1,IDLE,,1,IDLE,,1,IDLE,,1,PROTECTING,Field_18,1,MOVING_TO_FIELD,Field_18,1,MOVING_TO_FIELD,Field_18,1,MOVING_TO_FIELD,Field_18,1,IDLE,,1,IDLE,,1,IDLE,,1,IDLE,,1,IDLE,,1,IDLE,,1,IDLE,,1,MOVING_TO_FIELD,Field_16,1,IDLE,,1,IDLE,,1,IDLE,,1,IDLE,,1,PROTECTING,Field_18,1,PROTECTING,Field_18,1,IDLE,,1,IDLE,,1,IDLE,,1,IDLE,,1,IDLE,,1,IDLE,,1,IDLE,,1,IDLE,,1,IDLE,,1,IDLE,,1,IDLE,,1,IDLE,,1,IDLE,,1,IDLE,,1,PROTECTING,Field_18,1,IDLE,,1,IDLE,,1,IDLE,,1,IDLE,,1,IDLE,,1,IDLE,,1,IDLE,,1,IDLE,,1,IDLE,,1,IDLE,,1,IDLE,,1,IDLE,,1,IDLE,,1,IDLE,,1,IDLE,,1,IDLE,,1,IDLE,,1,IDLE,,1,IDLE,,11,0.46,0,0,9,7,0.22,0,0,4,11,0.11,0,0,2,13,0.20,0,0,1,3,0.15,0,0,1,18,0.31,0,0,6,15,0.22,0,0,2,5,0.21,0,0,6,7,0.18,0,0,2,9,0.25,0,0,6,8,0.18,0,0,2,5,0.10,0,0,3,11,0.06,0,0,1,15,0.23,0,0,2,30,0.47,0,4,6,5,0.34,1,5,8,14,0.31,0,0,3,5,0.33,5,4,4,10,0.38,0,0,6,1,0.05,0,0,2,12,0.21,0,0,2,1,0.08,0,0,1,0,0.08,0,0,2,17,0.12,0,0,1,3,0.05,0,0,1,9,0.14,0,0,2,10,0.12,0,0,2,5,0.18,0,0,2,0,0.11,0,0,2,2,0.14,0,0,2,2,0.08,0,0,2,14,0.21,0,0,2,6,0.16,0,0,2,4,0.15,0,0,2,12,0.21,0,0,3,6,0.21,0,0,3,2,0.06,0,0,2,3,0.15,0,0,2,3,0.13,0,0,3,5,0.28,0,0,3
36,340,60,0,7,0,12,0,1,MOVING_TO_FIELD,Field_15,1,MOVING_TO_FIELD,Field_15,1,IDLE,,1,MOVING_TO_FIELD,Field_15,1,IDLE,,1,MOVING_TO_FIELD,Field_15,1,IDLE,,1,IDLE,,1,IDLE,,1,IDLE,,1,MOVING_TO_FIELD,Field_16,1,MOVING_TO_FIELD,Field_16,1,IDLE,,1,IDLE,,1,IDLE,,1,MOVING_TO_FIELD,Field_16,1,IDLE,,1,PROTECTING,Field_16,1,MOVING_TO_FIELD,Field_16,1,IDLE,,1,PROTECTING,Field_18,1,MOVING_TO_FIELD,Field_18,1,IDLE,,1,IDLE,,1,IDLE,,1,IDLE,,1,IDLE,,1,PROTECTING,Field_18,1,PROTECTING,Field_18,1,MOVING_TO_FIELD,Field_18,1,MOVING_TO_FIELD,Field_18,1,IDLE,,1,IDLE,,1,IDLE,,1,IDLE,,1,IDLE,,1,IDLE,,1,IDLE,,1,MOVING_TO_FIELD,Field_16,1,IDLE,,1,IDLE,,1,IDLE,,1,IDLE,,1,PROTECTING,Field_18,1,PROTECTING,Field_18,1,IDLE,,1,IDLE,,1,IDLE,,1,IDLE,,1,IDLE,,1,IDLE,,1,IDLE,,1,IDLE,,1,IDLE,,1,IDLE,,1,IDLE,,1,IDLE,,1,IDLE,,1,IDLE,,1,PROTECTING,Field_18,1,IDLE,,1,IDLE,,1,IDLE,,1,IDLE,,1,IDLE,,1,IDLE,,1,IDLE,,1,IDLE,,1,IDLE,,1,IDLE,,1,IDLE,,1,IDLE,,1,IDLE,,1,IDLE,,1,IDLE,,1,IDLE,,1,IDLE,,1,IDLE,,1,IDLE,,14,0.47,0,0,9,9,0.22,0,0,4,11,0.11,0,0,2,13,0.20,0,0,1,3,0.15,0,0,1,20,0.31,0,0,6,15,0.23,0,0,2,5,0.21,0,0,6,7,0.18,0,0,2,11,0.25,0,0,6,8,0.18,0,0,2,5,0.10,0,0,3,11,0.06,0,0,1,16,0.23,0,0,2,30,0.47,0,4,6,5,0.33,1,5,8,16,0.31,0,0,3,5,0.33,6,3,3,12,0.38,0,0,6,1,0.04,0,0,2,13,0.20,0,0,2,1,0.08,0,0,1,0,0.07,0,0,2,18,0.12,0,0,1,3,0.09,0,0,1,9,0.18,0,0,2,11,0.12,0,0,2,5,0.18,0,0,2,0,0.11,0,0,2,2,0.14,0,0,2,2,0.08,0,0,2,14,0.21,0,0,2,6,0.16,0,0,2,4,0.13,0,0,2,15,0.23,0,0,3,6,0.19,0,0,3,2,0.06,0,0,2,4,0.15,0,0,2,3,0.14,0,0,3,5,0.28,0,0,3
37,360,60,0,9,0,10,0,1,MOVING_TO_FIELD,Field_15,1,MOVING_TO_FIELD,Field_15,1,IDLE,,1,PROTECTING,Field_15,1,IDLE,,1,MOVING_TO_FIELD,Field_15,1,IDLE,,1,IDLE,,1,IDLE,,1,IDLE,,1,MOVING_TO_FIELD,Field_16,1,MOVING_TO_FIELD,Field_16,1,IDLE,,1,IDLE,,1,IDLE,,1,MOVING_TO_FIELD,Field_16,1,IDLE,,1,PROTECTING,Field_16,1,MOVING_TO_FIELD,Field_16,1,IDLE,,1,PROTECTING,Field_18,1,MOVING_TO_FIELD,Field_18,1,IDLE,,1,IDLE,,1,IDLE,,1,IDLE,,1,IDLE,,1,PROTECTING,Field_18,1,PROTECTING,Field_18,1,MOVING_TO_FIELD,Field_18,1,MOVING_TO_FIELD,Field_18,1,IDLE,,1,IDLE,,1,IDLE,,1,IDLE,,1,IDLE,,1,IDLE,,1,IDLE,,1,PROTECTING,Field_16,1,IDLE,,1,IDLE,,1,IDLE,,1,IDLE,,1,PROTECTING,Field_18,1,PROTECTING,Field_18,1,IDLE,,1,IDLE,,1,IDLE,,1,IDLE,,1,IDLE,,1,IDLE,,1,IDLE,,1,IDLE,,1,IDLE,,1,IDLE,,1,IDLE,,1,IDLE,,1,IDLE,,1,IDLE,,1,PROTECTING,Field_18,1,IDLE,,1,IDLE,,1,IDLE,,1,IDLE,,1,IDLE,,1,IDLE,,1,IDLE,,1,IDLE,,1,IDLE,,1,IDLE,,1,IDLE,,1,IDLE,,1,IDLE,,1,IDLE,,1,IDLE,,1,IDLE,,1,IDLE,,1,IDLE,,1,IDLE,,17,0.45,0,0,9,9,0.22,0,0,4,11,0.10,0,0,2,13,0.17,0,0,1,3,0.15,0,0,1,23,0.30,0,0,6,16,0.23,0,0,2,5,0.22,0,0,6,9,0.18,0,0,2,12,0.25,0,0,6,9,0.18,0,0,2,5,0.10,0,0,3,11,0.06,0,0,1,16,0.23,0,0,2,31,0.45,1,3,5,5,0.32,2,4,7,16,0.31,0,0,3,5,0.34,6,3,3,12,0.39,0,0,6,1,0.04,0,0,2,13,0.20,0,0,2,2,0.08,0,0,1,0,0.07,0,0,2,18,0.14,0,0,1,3,0.09,0,0,1,10,0.17,0,0,2,13,0.12,0,0,2,5,0.18,0,0,2,0,0.11,0,0,2,3,0.16,0,0,2,2,0.08,0,0,2,14,0.21,0,0,2,6,0.16,0,0,2,4,0.13,0,0,2,15,0.24,0,0,3,6,0.17,0,0,3,2,0.06,0,0,2,5,0.15,0,0,2,3,0.14,0,0,3,7,0.28,0,0,3
38,376,60,0,9,0,10,0,1,MOVING_TO_FIELD,Field_15,1,MOVING_TO_FIELD,Field_15,1,IDLE,,1,PROTECTING,Field_15,1,IDLE,,1,MOVING_TO_FIELD,Field_15,1,IDLE,,1,IDLE,,1,IDLE,,1,IDLE,,1,MOVING_TO_FIELD,Field_16,1,MOVING_TO_FIELD,Field_16,1,IDLE,,1,IDLE,,1,IDLE,,1,MOVING_TO_FIELD,Field_16,1,IDLE,,1,PROTECTING,Field_16,1,MOVING_TO_FIELD,Field_16,1,IDLE,,1,PROTECTING,Field_18,1,MOVING_TO_FIELD,Field_18,1,IDLE,,1,IDLE,,1,IDLE,,1,IDLE,,1,IDLE,,1,PROTECTING,Field_18,1,PROTECTING,Field_18,1,MOVING_TO_FIELD,Field_18,1,MOVING_TO_FIELD,Field_18,1,IDLE,,1,IDLE,,1,IDLE,,1,IDLE,,1,IDLE,,1,IDLE,,1,IDLE,,1,PROTECTING,Field_16,1,IDLE,,1,IDLE,,1,IDLE,,1,IDLE,,1,PROTECTING,Field_18,1,PROTECTING,Field_18,1,IDLE,,1,IDLE,,1,IDLE,,1,IDLE,,1,IDLE,,1,IDLE,,1,IDLE,,1,IDLE,,1,IDLE,,1,IDLE,,1,IDLE,,1,IDLE,,1,IDLE,,1,IDLE,,1,PROTECTING,Field_18,1,IDLE,,1,IDLE,,1,IDLE,,1,IDLE,,1,IDLE,,1,IDLE,,1,IDLE,,1,IDLE,,1,IDLE,,1,IDLE,,1,IDLE,,1,IDLE,,1,IDLE,,1,IDLE,,1,IDLE,,1,IDLE,,1,IDLE,,1,IDLE,,1,IDLE,,17,0.44,0,0,9,9,0.22,0,0,4,11,0.10,0,0,2,13,0.17,0,0,1,3,0.15,0,0,1,25,0.30,0,0,6,17,0.23,0,0,2,5,0.22,0,0,6,9,0.17,0,0,2,14,0.25,0,0,6,10,0.18,0,0,2,5,0.11,0,0,3,11,0.06,0,0,1,17,0.22,0,0,2,31,0.45,1,3,5,5,0.32,2,4,7,17,0.31,0,0,3,5,0.34,6,3,3,13,0.39,0,0,6,1,0.04,0,0,2,13,0.20,0,0,2,2,0.08,0,0,1,0,0.07,0,0,2,20,0.14,0,0,1,4,0.09,0,0,1,10,0.17,0,0,2,13,0.11,0,0,2,6,0.18,0,0,2,0,0.10,0,0,2,3,0.14,0,0,2,2,0.08,0,0,2,15,0.19,0,0,2,6,0.16,0,0,2,4,0.13,0,0,2,15,0.24,0,0,3,6,0.17,0,0,3,2,0.06,0,0,2,6,0.15,0,0,2,3,0.14,0,0,3,8,0.29,0,0,3
39,396,60,0,9,0,10,0,1,MOVING_TO_FIELD,Field_15,1,MOVING_TO_FIELD,Field_15,1,IDLE,,1,PROTECTING,Field_15,1,IDLE,,1,MOVING_TO_FIELD,Field_15,1,IDLE,,1,IDLE,,1,IDLE,,1,IDLE,,1,MOVING_TO_FIELD,Field_16,1,MOVING_TO_FIELD,Field_16,1,IDLE,,1,IDLE,,1,IDLE,,1,MOVING_TO_FIELD,Field_16,1,IDLE,,1,PROTECTING,Field_16,1,MOVING_TO_FIELD,Field_16,1,IDLE,,1,PROTECTING,Field_18,1,MOVING_TO_FIELD,Field_18,1,IDLE,,1,IDLE,,1,IDLE,,1,IDLE,,1,IDLE,,1,PROTECTING,Field_18,1,PROTECTING,Field_18,1,MOVING_TO_FIELD,Field_18,1,MOVING_TO_FIELD,Field_18,1,IDLE,,1,IDLE,,1,IDLE,,1,IDLE,,1,IDLE,,1,IDLE,,1,IDLE,,1,PROTECTING,Field_16,1,IDLE,,1,IDLE,,1,IDLE,,1,IDLE,,1,PROTECTING,Field_18,1,PROTECTING,Field_18,1,IDLE,,1,IDLE,,1,IDLE,,1,IDLE,,1,IDLE,,1,IDLE,,1,IDLE,,1,IDLE,,1,IDLE,,1,IDLE,,1,IDLE,,1,IDLE,,1,IDLE,,1,IDLE,,1,PROTECTING,Field_18,1,IDLE,,1,IDLE,,1,IDLE,,1,IDLE,,1,IDLE,,1,IDLE,,1,IDLE,,1,IDLE,,1,IDLE,,1,IDLE,,1,IDLE,,1,IDLE,,1,IDLE,,1,IDLE,,1,IDLE,,1,IDLE,,1,IDLE,,1,IDLE,,1,IDLE,,17,0.45,0,0,9,11,0.21,0,0,4,11,0.11,0,0,2,13,0.17,0,0,1,3,0.12,0,0,1,26,0.29,0,0,6,18,0.23,0,0,2,5,0.21,0,0,6,9,0.17,0,0,2,14,0.25,0,0,6,10,0.16,0,0,2,7,0.11,0,0,3,11,0.05,0,0,1,19,0.22,0,0,2,33,0.44,1,3,5,5,0.31,2,4,7,18,0.33,0,0,3,5,0.34,6,3,3,16,0.38,0,0,6,1,0.04,0,0,2,14,0.17,0,0,2,2,0.10,0,0,1,0,0.07,0,0,2,20,0.14,0,0,1,4,0.09,0,0,1,10,0.17,0,0,2,13,0.11,0,0,2,6,0.18,0,0,2,1,0.08,0,0,2,3,0.14,0,0,2,2,0.08,0,0,2,15,0.15,0,0,2,6,0.12,0,0,2,4,0.13,0,0,2,16,0.23,0,0,3,6,0.16,0,0,3,2,0.06,0,0,2,8,0.15,0,0,2,3,0.15,0,0,3,9,0.29,0,0,3
40,409,60,0,11,0,8,0,1,MOVING_TO_FIELD,Field_15,1,MOVING_TO_FIELD,Field_15,1,IDLE,,1,PROTECTING,Field_15,1,IDLE,,1,MOVING_TO_FIELD,Field_15,1,IDLE,,1,IDLE,,1,IDLE,,1,IDLE,,1,MOVING_TO_FIELD,Field_16,1,MOVING_TO_FIELD,Field_16,1,IDLE,,1,IDLE,,1,IDLE,,1,MOVING_TO_FIELD,Field_16,1,IDLE,,1,PROTECTING,Field_16,1,MOVING_TO_FIELD,Field_16,1,IDLE,,1,PROTECTING,Field_18,1,PROTECTING,Field_18,1,IDLE,,1,IDLE,,1,IDLE,,1,IDLE,,1,IDLE,,1,PROTECTING,Field_18,1,PROTECTING,Field_18,1,PROTECTING,Field_18,1,MOVING_TO_FIELD,Field_18,1,IDLE,,1,IDLE,,1,IDLE,,1,IDLE,,1,IDLE,,1,IDLE,,1,IDLE,,1,PROTECTING,Field_16,1,IDLE,,1,IDLE,,1,IDLE,,1,IDLE,,1,PROTECTING,Field_18,1,PROTECTING,Field_18,1,IDLE,,1,IDLE,,1,IDLE,,1,IDLE,,1,IDLE,,1,IDLE,,1,IDLE,,1,IDLE,,1,IDLE,,1,IDLE,,1,IDLE,,1,IDLE,,1,IDLE,,1,IDLE,,1,PROTECTING,Field_18,1,IDLE,,1,IDLE,,1,IDLE,,1,IDLE,,1,IDLE,,1,IDLE,,1,IDLE,,1,IDLE,,1,IDLE,,1,IDLE,,1,IDLE,,1,IDLE,,1,IDLE,,1,IDLE,,1,IDLE,,1,IDLE,,1,IDLE,,1,IDLE,,1,IDLE,,17,0.43,0,0,9,11,0.21,0,0,4,11,0.11,0,0,2,13,0.17,0,0,1,3,0.12,0,0,1,27,0.29,0,0,6,18,0.23,0,0,2,6,0.19,0,0,6,10,0.16,0,0,2,14,0.25,0,0,6,10,0.16,0,0,2,8,0.12,0,0,3,11,0.05,0,0,1,19,0.21,0,0,2,33,0.43,1,3,5,5,0.32,2,4,7,21,0.33,0,0,3,5,0.34,8,1,1,16,0.38,0,0,6,1,0.04,0,0,2,15,0.17,0,0,2,2,0.10,0,0,1,0,0.07,0,0,2,21,0.14,0,0,1,4,0.09,0,0,1,11,0.17,0,0,2,13,0.10,0,0,2,6,0.18,0,0,2,1,0.08,0,0,2,3,0.14,0,0,2,2,0.08,0,0,2,15,0.15,0,0,2,6,0.14,0,0,2,4,0.13,0,0,2,17,0.23,0,0,3,6,0.14,0,0,3,2,0.06,0,0,2,8,0.13,0,0,2,5,0.15,0,0,3,9,0.29,0,0,3
41,430,60,0,11,0,8,0,1,MOVING_TO_FIELD,Field_15,1,MOVING_TO_FIELD,Field_15,1,IDLE,,1,PROTECTING,Field_15,1,IDLE,,1,MOVING_TO_FIELD,Field_15,1,IDLE,,1,IDLE,,1,IDLE,,1,IDLE,,1,MOVING_TO_FIELD,Field_16,1,MOVING_TO_FIELD,Field_16,1,IDLE,,1,IDLE,,1,IDLE,,1,MOVING_TO_FIELD,Field_16,1,IDLE,,1,PROTECTING,Field_16,1,MOVING_TO_FIELD,Field_16,1,IDLE,,1,PROTECTING,Field_18,1,PROTECTING,Field_18,1,IDLE,,1,IDLE,,1,IDLE,,1,IDLE,,1,IDLE,,1,PROTECTING,Field_18,1,PROTECTING,Field_18,1,PROTECTING,Field_18,1,MOVING_TO_FIELD,Field_18,1,IDLE,,1,IDLE,,1,IDLE,,1,IDLE,,1,IDLE,,1,IDLE,,1,IDLE,,1,PROTECTING,Field_16,1,IDLE,,1,IDLE,,1,IDLE,,1,IDLE,,1,PROTECTING,Field_18,1,PROTECTING,Field_18,1,IDLE,,1,IDLE,,1,IDLE,,1,IDLE,,1,IDLE,,1,IDLE,,1,IDLE,,1,IDLE,,1,IDLE,,1,IDLE,,1,IDLE,,1,IDLE,,1,IDLE,,1,IDLE,,1,PROTECTING,Field_18,1,IDLE,,1,IDLE,,1,IDLE,,1,IDLE,,1,IDLE,,1,IDLE,,1,IDLE,,1,IDLE,,1,IDLE,,1,IDLE,,1,IDLE,,1,IDLE,,1,IDLE,,1,IDLE,,1,IDLE,,1,IDLE,,1,IDLE,,1,IDLE,,1,IDLE,,17,0.40,0,0,9,12,0.19,0,0,4,11,0.10,0,0,2,13,0.17,0,0,1,3,0.12,0,0,1,29,0.30,0,0,6,19,0.23,0,0,2,7,0.19,0,0,6,10,0.17,0,0,2,15,0.25,0,0,6,11,0.18,0,0,2,9,0.12,0,0,3,11,0.05,0,0,1,19,0.21,0,0,2,34,0.43,1,3,5,5,0.29,2,4,7,22,0.31,0,0,3,5,0.36,8,1,1,16,0.37,0,0,6,1,0.03,0,0,2,15,0.15,0,0,2,3,0.10,0,0,1,0,0.07,0,0,2,23,0.12,0,0,1,4,0.09,0,0,1,12,0.17,0,0,2,13,0.12,0,0,2,7,0.18,0,0,2,1,0.08,0,0,2,7,0.14,0,0,2,2,0.08,0,0,2,15,0.14,0,0,2,6,0.14,0,0,2,4,0.13,0,0,2,18,0.24,0,0,3,6,0.14,0,0,3,2,0.06,0,0,2,9,0.13,0,0,2,5,0.17,0,0,3,9,0.29,0,0,3
42,453,60,0,12,0,7,0,1,MOVING_TO_FIELD,Field_15,1,MOVING_TO_FIELD,Field_15,1,IDLE,,1,PROTECTING,Field_15,1,IDLE,,1,MOVING_TO_FIELD,Field_15,1,IDLE,,1,IDLE,,1,IDLE,,1,IDLE,,1,MOVING_TO_FIELD,Field_16,1,MOVING_TO_FIELD,Field_16,1,IDLE,,1,IDLE,,1,IDLE,,1,MOVING_TO_FIELD,Field_16,1,IDLE,,1,PROTECTING,Field_16,1,MOVING_TO_FIELD,Field_16,1,IDLE,,1,PROTECTING,Field_18,1,PROTECTING,Field_18,1,IDLE,,1,IDLE,,1,IDLE,,1,IDLE,,1,IDLE,,1,PROTECTING,Field_18,1,PROTECTING,Field_18,1,PROTECTING,Field_18,1,PROTECTING,Field_18,1,IDLE,,1,IDLE,,1,IDLE,,1,IDLE,,1,IDLE,,1,IDLE,,1,IDLE,,1,PROTECTING,Field_16,1,IDLE,,1,IDLE,,1,IDLE,,1,IDLE,,1,PROTECTING,Field_18,1,PROTECTING,Field_18,1,IDLE,,1,IDLE,,1,IDLE,,1,IDLE,,1,IDLE,,1,IDLE,,1,IDLE,,1,IDLE,,1,IDLE,,1,IDLE,,1,IDLE,,1,IDLE,,1,IDLE,,1,IDLE,,1,PROTECTING,Field_18,1,IDLE,,1,IDLE,,1,IDLE,,1,IDLE,,1,IDLE,,1,IDLE,,1,IDLE,,1,IDLE,,1,IDLE,,1,IDLE,,1,IDLE,,1,IDLE,,1,IDLE,,1,IDLE,,1,IDLE,,1,IDLE,,1,IDLE,,1,IDLE,,1,IDLE,,17,0.40,0,0,9,14,0.18,0,0,4,11,0.09,0,0,2,14,0.17,0,0,1,3,0.12,0,0,1,31,0.29,0,0,6,21,0.23,0,0,2,7,0.20,0,0,6,11,0.17,0,0,2,16,0.24,0,0,6,11,0.18,0,0,2,10,0.11,0,0,3,11,0.05,0,0,1,20,0.20,0,0,2,37,0.41,1,3,5,5,0.29,2,4,7,23,0.29,0,0,3,5,0.36,9,0,0,16,0.37,0,0,6,1,0.03,0,0,2,15,0.14,0,0,2,3,0.10,0,0,1,0,0.05,0,0,2,23,0.11,0,0,1,4,0.11,0,0,1,12,0.17,0,0,2,14,0.11,0,0,2,9,0.16,0,0,2,1,0.06,0,0,2,7,0.14,0,0,2,2,0.08,0,0,2,15,0.15,0,0,2,6,0.14,0,0,2,4,0.13,0,0,2,18,0.24,0,0,3,6,0.14,0,0,3,2,0.05,0,0,2,10,0.12,0,0,2,7,0.17,0,0,3,11,0.28,0,0,3
43,476,60,0,12,0,7,0,1,MOVING_TO_FIELD,Field_15,1,MOVING_TO_FIELD,Field_15,1,IDLE,,1,PROTECTING,Field_15,1,IDLE,,1,MOVING_TO_FIELD,Field_15,1,IDLE,,1,IDLE,,1,IDLE,,1,IDLE,,1,MOVING_TO_FIELD,Field_16,1,MOVING_TO_FIELD,Field_16,1,IDLE,,1,IDLE,,1,IDLE,,1,MOVING_TO_FIELD,Field_16,1,IDLE,,1,PROTECTING,Field_16,1,MOVING_TO_FIELD,Field_16,1,IDLE,,1,PROTECTING,Field_18,1,PROTECTING,Field_18,1,IDLE,,1,IDLE,,1,IDLE,,1,IDLE,,1,IDLE,,1,PROTECTING,Field_18,1,PROTECTING,Field_18,1,PROTECTING,Field_18,1,PROTECTING,Field_18,1,IDLE,,1,IDLE,,1,IDLE,,1,IDLE,,1,IDLE,,1,IDLE,,1,IDLE,,1,PROTECTING,Field_16,1,IDLE,,1,IDLE,,1,IDLE,,1,IDLE,,1,PROTECTING,Field_18,1,PROTECTING,Field_18,1,IDLE,,1,IDLE,,1,IDLE,,1,IDLE,,1,IDLE,,1,IDLE,,1,IDLE,,1,IDLE,,1,IDLE,,1,IDLE,,1,IDLE,,1,IDLE,,1,IDLE,,1,IDLE,,1,PROTECTING,Field_18,1,IDLE,,1,IDLE,,1,IDLE,,1,IDLE,,1,IDLE,,1,IDLE,,1,IDLE,,1,IDLE,,1,IDLE,,1,IDLE,,1,IDLE,,1,IDLE,,1,IDLE,,1,IDLE,,1,IDLE,,1,IDLE,,1,IDLE,,1,IDLE,,1,IDLE,,18,0.40,0,0,9,14,0.17,0,0,4,11,0.08,0,0,2,14,0.17,0,0,1,4,0.12,0,0,1,32,0.29,0,0,6,23,0.24,0,0,2,7,0.20,0,0,6,13,0.16,0,0,2,16,0.22,0,0,6,11,0.16,0,0,2,10,0.09,0,0,3,11,0.05,0,0,1,20,0.17,0,0,2,40,0.41,1,3,5,5,0.29,2,4,7,24,0.30,0,0,3,5,0.36,9,0,0,16,0.36,0,0,6,1,0.03,0,0,2,16,0.14,0,0,2,3,0.10,0,0,1,0,0.03,0,0,2,24,0.11,0,0,1,4,0.15,0,0,1,14,0.16,0,0,2,14,0.11,0,0,2,10,0.16,0,0,2,1,0.06,0,0,2,8,0.14,0,0,2,2,0.08,0,0,2,15,0.15,0,0,2,6,0.14,0,0,2,4,0.13,0,0,2,20,0.25,0,0,3,6,0.12,0,0,3,2,0.03,0,0,2,10,0.12,0,0,2,9,0.16,0,0,3,13,0.28,0,0,3
44,487,60,0,12,0,7,0,1,MOVING_TO_FIELD,Field_15,1,MOVING_TO_FIELD,Field_15,1,IDLE,,1,PROTECTING,Field_15,1,IDLE,,1,MOVING_TO_FIELD,Field_15,1,IDLE,,1,IDLE,,1,IDLE,,1,IDLE,,1,MOVING_TO_FIELD,Field_16,1,MOVING_TO_FIELD,Field_16,1,IDLE,,1,IDLE,,1,IDLE,,1,MOVING_TO_FIELD,Field_16,1,IDLE,,1,PROTECTING,Field_16,1,MOVING_TO_FIELD,Field_16,1,IDLE,,1,PROTECTING,Field_18,1,PROTECTING,Field_18,1,IDLE,,1,IDLE,,1,IDLE,,1,IDLE,,1,IDLE,,1,PROTECTING,Field_18,1,PROTECTING,Field_18,1,PROTECTING,Field_18,1,PROTECTING,Field_18,1,IDLE,,1,IDLE,,1,IDLE,,1,IDLE,,1,IDLE,,1,IDLE,,1,IDLE,,1,PROTECTING,Field_16,1,IDLE,,1,IDLE,,1,IDLE,,1,IDLE,,1,PROTECTING,Field_18,1,PROTECTING,Field_18,1,IDLE,,1,IDLE,,1,IDLE,,1,IDLE,,1,IDLE,,1,IDLE,,1,IDLE,,1,IDLE,,1,IDLE,,1,IDLE,,1,IDLE,,1,IDLE,,1,IDLE,,1,IDLE,,1,PROTECTING,Field_18,1,IDLE,,1,IDLE,,1,IDLE,,1,IDLE,,1,IDLE,,1,IDLE,,1,IDLE,,1,IDLE,,1,IDLE,,1,IDLE,,1,IDLE,,1,IDLE,,1,IDLE,,1,IDLE,,1,IDLE,,1,IDLE,,1,IDLE,,1,IDLE,,1,IDLE,,18,0.40,0,0,9,14,0.14,0,0,4,11,0.08,0,0,2,14,0.17,0,0,1,4,0.12,0,0,1,33,0.30,0,0,6,25,0.23,0,0,2,7,0.20,0,0,6,13,0.16,0,0,2,16,0.22,0,0,6,11,0.16,0,0,2,11,0.09,0,0,3,11,0.05,0,0,1,20,0.17,0,0,2,41,0.41,1,3,5,5,0.29,2,4,7,26,0.28,0,0,3,5,0.34,9,0,0,17,0.33,0,0,6,1,0.01,0,0,2,17,0.12,0,0,2,3,0.08,0,0,1,0,0.03,0,0,2,24,0.10,0,0,1,5,0.15,0,0,1,14,0.16,0,0,2,15,0.12,0,0,2,10,0.13,0,0,2,1,0.05,0,0,2,8,0.13,0,0,2,2,0.08,0,0,2,15,0.15,0,0,2,6,0.14,0,0,2,4,0.13,0,0,2,20,0.25,0,0,3,6,0.14,0,0,3,2,0.03,0,0,2,10,0.12,0,0,2,9,0.15,0,0,3,13,0.28,0,0,3
45,507,60,0,12,0,7,0,1,MOVING_TO_FIELD,Field_15,1,MOVING_TO_FIELD,Field_15,1,IDLE,,1,PROTECTING,Field_15,1,IDLE,,1,MOVING_TO_FIELD,Field_15,1,IDLE,,1,IDLE,,1,IDLE,,1,IDLE,,1,MOVING_TO_FIELD,Field_16,1,MOVING_TO_FIELD,Field_16,1,IDLE,,1,IDLE,,1,IDLE,,1,MOVING_TO_FIELD,Field_16,1,IDLE,,1,PROTECTING,Field_16,1,MOVING_TO_FIELD,Field_16,1,IDLE,,1,PROTECTING,Field_18,1,PROTECTING,Field_18,1,IDLE,,1,IDLE,,1,IDLE,,1,IDLE,,1,IDLE,,1,PROTECTING,Field_18,1,PROTECTING,Field_18,1,PROTECTING,Field_18,1,PROTECTING,Field_18,1,IDLE,,1,IDLE,,1,IDLE,,1,IDLE,,1,IDLE,,1,IDLE,,1,IDLE,,1,PROTECTING,Field_16,1,IDLE,,1,IDLE,,1,IDLE,,1,IDLE,,1,PROTECTING,Field_18,1,PROTECTING,Field_18,1,IDLE,,1,IDLE,,1,IDLE,,1,IDLE,,1,IDLE,,1,IDLE,,1,IDLE,,1,IDLE,,1,IDLE,,1,IDLE,,1,IDLE,,1,IDLE,,1,IDLE,,1,IDLE,,1,PROTECTING,Field_18,1,IDLE,,1,IDLE,,1,IDLE,,1,IDLE,,1,IDLE,,1,IDLE,,1,IDLE,,1,IDLE,,1,IDLE,,1,IDLE,,1,IDLE,,1,IDLE,,1,IDLE,,1,IDLE,,1,IDLE,,1,IDLE,,1,IDLE,,1,IDLE,,1,IDLE,,18,0.39,0,0,9,15,0.14,0,0,4,11,0.08,0,0,2,14,0.15,0,0,1,4,0.12,0,0,1,34,0.28,0,0,6,26,0.23,0,0,2,7,0.19,0,0,6,13,0.16,0,0,2,16,0.22,0,0,6,13,0.16,0,0,2,11,0.11,0,0,3,11,0.05,0,0,1,23,0.17,0,0,2,42,0.41,1,3,5,6,0.29,2,4,7,27,0.28,0,0,3,5,0.34,9,0,0,17,0.33,0,0,6,1,0.01,0,0,2,18,0.12,0,0,2,4,0.10,0,0,1,0,0.05,0,0,2,25,0.10,0,0,1,6,0.15,0,0,1,14,0.16,0,0,2,15,0.12,0,0,2,10,0.13,0,0,2,1,0.05,0,0,2,8,0.12,0,0,2,2,0.10,0,0,2,15,0.14,0,0,2,6,0.12,0,0,2,5,0.15,0,0,2,23,0.25,0,0,3,6,0.14,0,0,3,2,0.02,0,0,2,10,0.12,0,0,2,10,0.13,0,0,3,13,0.28,0,0,3
46,525,60,0,12,0,7,0,1,MOVING_TO_FIELD,Field_15,1,MOVING_TO_FIELD,Field_15,1,IDLE,,1,PROTECTING,Field_15,1,IDLE,,1,MOVING_TO_FIELD,Field_15,1,IDLE,,1,IDLE,,1,IDLE,,1,IDLE,,1,MOVING_TO_FIELD,Field_16,1,MOVING_TO_FIELD,Field_16,1,IDLE,,1,IDLE,,1,IDLE,,1,MOVING_TO_FIELD,Field_16,1,IDLE,,1,PROTECTING,Field_16,1,MOVING_TO_FIELD,Field_16,1,IDLE,,1,PROTECTING,Field_18,1,PROTECTING,Field_18,1,IDLE,,1,IDLE,,1,IDLE,,1,IDLE,,1,IDLE,,1,PROTECTING,Field_18,1,PROTECTING,Field_18,1,PROTECTING,Field_18,1,PROTECTING,Field_18,1,IDLE,,1,IDLE,,1,IDLE,,1,IDLE,,1,IDLE,,1,IDLE,,1,IDLE,,1,PROTECTING,Field_16,1,IDLE,,1,IDLE,,1,IDLE,,1,IDLE,,1,PROTECTING,Field_18,1,PROTECTING,Field_18,1,IDLE,,1,IDLE,,1,IDLE,,1,IDLE,,1,IDLE,,1,IDLE,,1,IDLE,,1,IDLE,,1,IDLE,,1,IDLE,,1,IDLE,,1,IDLE,,1,IDLE,,1,IDLE,,1,PROTECTING,Field_18,1,IDLE,,1,IDLE,,1,IDLE,,1,IDLE,,1,IDLE,,1,IDLE,,1,IDLE,,1,IDLE,,1,IDLE,,1,IDLE,,1,IDLE,,1,IDLE,,1,IDLE,,1,IDLE,,1,IDLE,,1,IDLE,,1,IDLE,,1,IDLE,,1,IDLE,,18,0.40,0,0,9,15,0.13,0,0,4,13,0.08,0,0,2,14,0.15,0,0,1,6,0.12,0,0,1,36,0.28,0,0,6,27,0.23,0,0,2,7,0.20,0,0,6,14,0.15,0,0,2,16,0.23,0,0,6,13,0.16,0,0,2,11,0.11,0,0,3,11,0.05,0,0,1,23,0.17,0,0,2,45,0.40,1,3,5,6,0.29,2,4,7,28,0.28,0,0,3,5,0.34,9,0,0,17,0.32,0,0,6,1,0.03,0,0,2,18,0.12,0,0,2,4,0.10,0,0,1,0,0.05,0,0,2,25,0.10,0,0,1,6,0.15,0,0,1,15,0.16,0,0,2,15,0.12,0,0,2,10,0.13,0,0,2,1,0.05,0,0,2,9,0.12,0,0,2,2,0.10,0,0,2,16,0.13,0,0,2,6,0.11,0,0,2,6,0.15,0,0,2,25,0.26,0,0,3,6,0.14,0,0,3,2,0.02,0,0,2,10,0.12,0,0,2,10,0.13,0,0,3,13,0.26,0,0,3
47,537,60,0,12,0,7,0,1,MOVING_TO_FIELD,Field_15,1,MOVING_TO_FIELD,Field_15,1,IDLE,,1,PROTECTING,Field_15,1,IDLE,,1,MOVING_TO_FIELD,Field_15,1,IDLE,,1,IDLE,,1,IDLE,,1,IDLE,,1,MOVING_TO_FIELD,Field_16,1,MOVING_TO_FIELD,Field_16,1,IDLE,,1,IDLE,,1,IDLE,,1,MOVING_TO_FIELD,Field_16,1,IDLE,,1,PROTECTING,Field_16,1,MOVING_TO_FIELD,Field_16,1,IDLE,,1,PROTECTING,Field_18,1,PROTECTING,Field_18,1,IDLE,,1,IDLE,,1,IDLE,,1,IDLE,,1,IDLE,,1,PROTECTING,Field_18,1,PROTECTING,Field_18,1,PROTECTING,Field_18,1,PROTECTING,Field_18,1,IDLE,,1,IDLE,,1,IDLE,,1,IDLE,,1,IDLE,,1,IDLE,,1,IDLE,,1,PROTECTING,Field_16,1,IDLE,,1,IDLE,,1,IDLE,,1,IDLE,,1,PROTECTING,Field_18,1,PROTECTING,Field_18,1,IDLE,,1,IDLE,,1,IDLE,,1,IDLE,,1,IDLE,,1,IDLE,,1,IDLE,,1,IDLE,,1,IDLE,,1,IDLE,,1,IDLE,,1,IDLE,,1,IDLE,,1,IDLE,,1,PROTECTING,Field_18,1,IDLE,,1,IDLE,,1,IDLE,,1,IDLE,,1,IDLE,,1,IDLE,,1,IDLE,,1,IDLE,,1,IDLE,,1,IDLE,,1,IDLE,,1,IDLE,,1,IDLE,,1,IDLE,,1,IDLE,,1,IDLE,,1,IDLE,,1,IDLE,,1,IDLE,,18,0.39,0,0,9,15,0.13,0,0,4,13,0.08,0,0,2,14,0.15,0,0,1,6,0.12,0,0,1,38,0.28,0,0,6,28,0.22,0,0,2,7,0.19,0,0,6,14,0.15,0,0,2,16,0.23,0,0,6,13,0.16,0,0,2,11,0.10,0,0,3,11,0.06,0,0,1,23,0.16,0,0,2,47,0.39,1,3,5,6,0.29,2,4,7,30,0.27,0,0,3,5,0.34,9,0,0,18,0.30,0,0,6,1,0.03,0,0,2,18,0.12,0,0,2,5,0.10,0,0,1,0,0.07,0,0,2,25,0.10,0,0,1,6,0.15,0,0,1,15,0.17,0,0,2,16,0.12,0,0,2,10,0.13,0,0,2,1,0.05,0,0,2,9,0.12,0,0,2,2,0.10,0,0,2,16,0.12,0,0,2,6,0.12,0,0,2,6,0.15,0,0,2,25,0.27,0,0,3,6,0.12,0,0,3,2,0.02,0,0,2,10,0.12,0,0,2,10,0.14,0,0,3,15,0.28,0,0,3
48,556,60,0,12,0,7,0,1,MOVING_TO_FIELD,Field_15,1,MOVING_TO_FIELD,Field_15,1,IDLE,,1,PROTECTING,Field_15,1,IDLE,,1,MOVING_TO_FIELD,Field_15,1,IDLE,,1,IDLE,,1,IDLE,,1,IDLE,,1,MOVING_TO_FIELD,Field_16,1,MOVING_TO_FIELD,Field_16,1,IDLE,,1,IDLE,,1,IDLE,,1,MOVING_TO_FIELD,Field_16,1,IDLE,,1,PROTECTING,Field_16,1,MOVING_TO_FIELD,Field_16,1,IDLE,,1,PROTECTING,Field_18,1,PROTECTING,Field_18,1,IDLE,,1,IDLE,,1,IDLE,,1,IDLE,,1,IDLE,,1,PROTECTING,Field_18,1,PROTECTING,Field_18,1,PROTECTING,Field_18,1,PROTECTING,Field_18,1,IDLE,,1,IDLE,,1,IDLE,,1,IDLE,,1,IDLE,,1,IDLE,,1,IDLE,,1,PROTECTING,Field_16,1,IDLE,,1,IDLE,,1,IDLE,,1,IDLE,,1,PROTECTING,Field_18,1,PROTECTING,Field_18,1,IDLE,,1,IDLE,,1,IDLE,,1,IDLE,,1,IDLE,,1,IDLE,,1,IDLE,,1,IDLE,,1,IDLE,,1,IDLE,,1,IDLE,,1,IDLE,,1,IDLE,,1,IDLE,,1,PROTECTING,Field_18,1,IDLE,,1,IDLE,,1,IDLE,,1,IDLE,,1,IDLE,,1,IDLE,,1,IDLE,,1,IDLE,,1,IDLE,,1,IDLE,,1,IDLE,,1,IDLE,,1,IDLE,,1,IDLE,,1,IDLE,,1,IDLE,,1,IDLE,,1,IDLE,,1,IDLE,,19,0.38,0,0,9,15,0.13,0,0,4,13,0.08,0,0,2,14,0.15,0,0,1,8,0.12,0,0,1,38,0.27,0,0,6,30,0.22,0,0,2,7,0.18,0,0,6,14,0.14,0,0,2,16,0.21,0,0,6,13,0.16,0,0,2,12,0.09,0,0,3,11,0.06,0,0,1,23,0.16,0,0,2,48,0.38,1,3,5,6,0.29,2,4,7,31,0.25,0,0,3,5,0.33,9,0,0,18,0.30,0,0,6,1,0.03,0,0,2,18,0.11,0,0,2,5,0.10,0,0,1,0,0.07,0,0,2,27,0.10,0,0,1,7,0.15,0,0,1,17,0.16,0,0,2,16,0.11,0,0,2,10,0.11,0,0,2,1,0.06,0,0,2,10,0.12,0,0,2,2,0.10,0,0,2,17,0.10,0,0,2,6,0.11,0,0,2,7,0.15,0,0,2,25,0.26,0,0,3,6,0.12,0,0,3,2,0.02,0,0,2,11,0.11,0,0,2,10,0.15,0,0,3,17,0.28,0,0,3
49,567,60,0,12,0,7,0,1,MOVING_TO_FIELD,Field_15,1,MOVING_TO_FIELD,Field_15,1,IDLE,,1,PROTECTING,Field_15,1,IDLE,,1,MOVING_TO_FIELD,Field_15,1,IDLE,,1,IDLE,,1,IDLE,,1,IDLE,,1,MOVING_TO_FIELD,Field_16,1,MOVING_TO_FIELD,Field_16,1,IDLE,,1,IDLE,,1,IDLE,,1,MOVING_TO_FIELD,Field_16,1,IDLE,,1,PROTECTING,Field_16,1,MOVING_TO_FIELD,Field_16,1,IDLE,,1,PROTECTING,Field_18,1,PROTECTING,Field_18,1,IDLE,,1,IDLE,,1,IDLE,,1,IDLE,,1,IDLE,,1,PROTECTING,Field_18,1,PROTECTING,Field_18,1,PROTECTING,Field_18,1,PROTECTING,Field_18,1,IDLE,,1,IDLE,,1,IDLE,,1,IDLE,,1,IDLE,,1,IDLE,,1,IDLE,,1,PROTECTING,Field_16,1,IDLE,,1,IDLE,,1,IDLE,,1,IDLE,,1,PROTECTING,Field_18,1,PROTECTING,Field_18,1,IDLE,,1,IDLE,,1,IDLE,,1,IDLE,,1,IDLE,,1,IDLE,,1,IDLE,,1,IDLE,,1,IDLE,,1,IDLE,,1,IDLE,,1,IDLE,,1,IDLE,,1,IDLE,,1,PROTECTING,Field_18,1,IDLE,,1,IDLE,,1,IDLE,,1,IDLE,,1,IDLE,,1,IDLE,,1,IDLE,,1,IDLE,,1,IDLE,,1,IDLE,,1,IDLE,,1,IDLE,,1,IDLE,,1,IDLE,,1,IDLE,,1,IDLE,,1,IDLE,,1,IDLE,,1,IDLE,,19,0.36,0,0,9,15,0.13,0,0,4,13,0.08,0,0,2,14,0.15,0,0,1,8,0.10,0,0,1,38,0.27,0,0,6,30,0.20,0,0,2,7,0.17,0,0,6,16,0.13,0,0,2,16,0.21,0,0,6,14,0.15,0,0,2,12,0.09,0,0,3,11,0.05,0,0,1,24,0.15,0,0,2,51,0.37,1,3,5,6,0.29,2,4,7,32,0.26,0,0,3,5,0.32,9,0,0,19,0.29,0,0,6,1,0.03,0,0,2,18,0.11,0,0,2,5,0.10,0,0,1,0,0.07,0,0,2,28,0.10,0,0,1,7,0.15,0,0,1,17,0.16,0,0,2,16,0.11,0,0,2,10,0.11,0,0,2,1,0.06,0,0,2,10,0.12,0,0,2,2,0.12,0,0,2,17,0.10,0,0,2,6,0.09,0,0,2,7,0.15,0,0,2,26,0.26,0,0,3,6,0.12,0,0,3,2,0.02,0,0,2,11,0.11,0,0,2,10,0.14,0,0,3,17,0.29,0,0,3
50,582,60,0,12,0,7,0,1,MOVING_TO_FIELD,Field_15,1,MOVING_TO_FIELD,Field_15,1,IDLE,,1,PROTECTING,Field_15,1,IDLE,,1,MOVING_TO_FIELD,Field_15,1,IDLE,,1,IDLE,,1,IDLE,,1,IDLE,,1,MOVING_TO_FIELD,Field_16,1,MOVING_TO_FIELD,Field_16,1,IDLE,,1,IDLE,,1,IDLE,,1,MOVING_TO_FIELD,Field_16,1,IDLE,,1,PROTECTING,Field_16,1,MOVING_TO_FIELD,Field_16,1,IDLE,,1,PROTECTING,Field_18,1,PROTECTING,Field_18,1,IDLE,,1,IDLE,,1,IDLE,,1,IDLE,,1,IDLE,,1,PROTECTING,Field_18,1,PROTECTING,Field_18,1,PROTECTING,Field_18,1,PROTECTING,Field_18,1,IDLE,,1,IDLE,,1,IDLE,,1,IDLE,,1,IDLE,,1,IDLE,,1,IDLE,,1,PROTECTING,Field_16,1,IDLE,,1,IDLE,,1,IDLE,,1,IDLE,,1,PROTECTING,Field_18,1,PROTECTING,Field_18,1,IDLE,,1,IDLE,,1,IDLE,,1,IDLE,,1,IDLE,,1,IDLE,,1,IDLE,,1,IDLE,,1,IDLE,,1,IDLE,,1,IDLE,,1,IDLE,,1,IDLE,,1,IDLE,,1,PROTECTING,Field_18,1,IDLE,,1,IDLE,,1,IDLE,,1,IDLE,,1,IDLE,,1,IDLE,,1,IDLE,,1,IDLE,,1,IDLE,,1,IDLE,,1,IDLE,,1,IDLE,,1,IDLE,,1,IDLE,,1,IDLE,,1,IDLE,,1,IDLE,,1,IDLE,,1,IDLE,,19,0.37,0,0,9,15,0.13,0,0,4,13,0.08,0,0,2,15,0.15,0,0,1,8,0.10,0,0,1,40,0.28,0,0,6,31,0.20,0,0,2,9,0.18,0,0,6,16,0.11,0,0,2,17,0.22,0,0,6,15,0.15,0,0,2,12,0.09,0,0,3,11,0.05,0,0,1,24,0.16,0,0,2,52,0.36,1,3,5,8,0.29,2,4,7,33,0.25,0,0,3,5,0.32,9,0,0,21,0.29,0,0,6,1,0.03,0,0,2,18,0.11,0,0,2,5,0.08,0,0,1,0,0.07,0,0,2,28,0.10,0,0,1,7,0.13,0,0,1,17,0.16,0,0,2,16,0.10,0,0,2,10,0.09,0,0,2,1,0.06,0,0,2,10,0.13,0,0,2,2,0.12,0,0,2,17,0.10,0,0,2,6,0.09,0,0,2,7,0.15,0,0,2,27,0.21,0,0,3,6,0.12,0,0,3,2,0.03,0,0,2,11,0.12,0,0,2,10,0.13,0,0,3,17,0.28,0,0,3
51,592,60,0,13,0,6,0,1,MOVING_TO_FIELD,Field_15,1,MOVING_TO_FIELD,Field_15,1,IDLE,,1,PROTECTING,Field_15,1,IDLE,,1,MOVING_TO_FIELD,Field_15,1,IDLE,,1,IDLE,,1,IDLE,,1,IDLE,,1,MOVING_TO_FIELD,Field_16,1,MOVING_TO_FIELD,Field_16,1,IDLE,,1,IDLE,,1,IDLE,,1,MOVING_TO_FIELD,Field_16,1,IDLE,,1,PROTECTING,Field_16,1,PROTECTING,Field_16,1,IDLE,,1,PROTECTING,Field_18,1,PROTECTING,Field_18,1,IDLE,,1,IDLE,,1,IDLE,,1,IDLE,,1,IDLE,,1,PROTECTING,Field_18,1,PROTECTING,Field_18,1,PROTECTING,Field_18,1,PROTECTING,Field_18,1,IDLE,,1,IDLE,,1,IDLE,,1,IDLE,,1,IDLE,,1,IDLE,,1,IDLE,,1,PROTECTING,Field_16,1,IDLE,,1,IDLE,,1,IDLE,,1,IDLE,,1,PROTECTING,Field_18,1,PROTECTING,Field_18,1,IDLE,,1,IDLE,,1,IDLE,,1,IDLE,,1,IDLE,,1,IDLE,,1,IDLE,,1,IDLE,,1,IDLE,,1,IDLE,,1,IDLE,,1,IDLE,,1,IDLE,,1,IDLE,,1,PROTECTING,Field_18,1,IDLE,,1,IDLE,,1,IDLE,,1,IDLE,,1,IDLE,,1,IDLE,,1,IDLE,,1,IDLE,,1,IDLE,,1,IDLE,,1,IDLE,,1,IDLE,,1,IDLE,,1,IDLE,,1,IDLE,,1,IDLE,,1,IDLE,,1,IDLE,,1,IDLE,,19,0.37,0,0,9,15,0.13,0,0,4,13,0.08,0,0,2,15,0.15,0,0,1,8,0.10,0,0,1,42,0.27,0,0,6,32,0.20,0,0,2,9,0.19,0,0,6,16,0.11,0,0,2,17,0.22,0,0,6,15,0.15,0,0,2,12,0.09,0,0,3,11,0.05,0,0,1,24,0.15,0,0,2,52,0.36,1,3,5,9,0.29,3,3,6,34,0.26,0,0,3,5,0.32,9,0,0,21,0.27,0,0,6,1,0.03,0,0,2,18,0.11,0,0,2,5,0.08,0,0,1,0,0.08,0,0,2,28,0.11,0,0,1,7,0.09,0,0,1,17,0.14,0,0,2,16,0.10,0,0,2,10,0.09,0,0,2,1,0.06,0,0,2,11,0.12,0,0,2,2,0.10,0,0,2,17,0.12,0,0,2,6,0.09,0,0,2,7,0.15,0,0,2,29,0.21,0,0,3,6,0.12,0,0,3,2,0.05,0,0,2,12,0.11,0,0,2,10,0.14,0,0,3,18,0.28,0,0,3
52,602,60,0,13,0,6,0,1,MOVING_TO_FIELD,Field_15,1,MOVING_TO_FIELD,Field_15,1,IDLE,,1,PROTECTING,Field_15,1,IDLE,,1,MOVING_TO_FIELD,Field_15,1,IDLE,,1,IDLE,,1,IDLE,,1,IDLE,,1,MOVING_TO_FIELD,Field_16,1,MOVING_TO_FIELD,Field_16,1,IDLE,,1,IDLE,,1,IDLE,,1,MOVING_TO_FIELD,Field_16,1,IDLE,,1,PROTECTING,Field_16,1,PROTECTING,Field_16,1,IDLE,,1,PROTECTING,Field_18,1,PROTECTING,Field_18,1,IDLE,,1,IDLE,,1,IDLE,,1,IDLE,,1,IDLE,,1,PROTECTING,Field_18,1,PROTECTING,Field_18,1,PROTECTING,Field_18,1,PROTECTING,Field_18,1,IDLE,,1,IDLE,,1,IDLE,,1,IDLE,,1,IDLE,,1,IDLE,,1,IDLE,,1,PROTECTING,Field_16,1,IDLE,,1,IDLE,,1,IDLE,,1,IDLE,,1,PROTECTING,Field_18,1,PROTECTING,Field_18,1,IDLE,,1,IDLE,,1,IDLE,,1,IDLE,,1,IDLE,,1,IDLE,,1,IDLE,,1,IDLE,,1,IDLE,,1,IDLE,,1,IDLE,,1,IDLE,,1,IDLE,,1,IDLE,,1,PROTECTING,Field_18,1,IDLE,,1,IDLE,,1,IDLE,,1,IDLE,,1,IDLE,,1,IDLE,,1,IDLE,,1,IDLE,,1,IDLE,,1,IDLE,,1,IDLE,,1,IDLE,,1,IDLE,,1,IDLE,,1,IDLE,,1,IDLE,,1,IDLE,,1,IDLE,,1,IDLE,,19,0.36,0,0,9,15,0.13,0,0,4,13,0.08,0,0,2,15,0.15,0,0,1,8,0.10,0,0,1,43,0.26,0,0,6,33,0.19,0,0,2,9,0.19,0,0,6,17,0.11,0,0,2,17,0.20,0,0,6,15,0.13,0,0,2,12,0.08,0,0,3,11,0.05,0,0,1,24,0.14,0,0,2,54,0.34,1,3,5,10,0.29,3,3,6,34,0.26,0,0,3,5,0.30,9,0,0,22,0.27,0,0,6,1,0.03,0,0,2,18,0.11,0,0,2,5,0.08,0,0,1,0,0.08,0,0,2,28,0.11,0,0,1,7,0.07,0,0,1,17,0.13,0,0,2,16,0.09,0,0,2,10,0.09,0,0,2,1,0.06,0,0,2,11,0.12,0,0,2,2,0.10,0,0,2,17,0.12,0,0,2,7,0.09,0,0,2,7,0.15,0,0,2,30,0.20,0,0,3,6,0.12,0,0,3,2,0.05,0,0,2,13,0.12,0,0,2,10,0.14,0,0,3,18,0.28,0,0,3
53,607,60,0,13,0,6,0,1,MOVING_TO_FIELD,Field_15,1,MOVING_TO_FIELD,Field_15,1,IDLE,,1,PROTECTING,Field_15,1,IDLE,,1,MOVING_TO_FIELD,Field_15,1,IDLE,,1,IDLE,,1,IDLE,,1,IDLE,,1,MOVING_TO_FIELD,Field_16,1,MOVING_TO_FIELD,Field_16,1,IDLE,,1,IDLE,,1,IDLE,,1,MOVING_TO_FIELD,Field_16,1,IDLE,,1,PROTECTING,Field_16,1,PROTECTING,Field_16,1,IDLE,,1,PROTECTING,Field_18,1,PROTECTING,Field_18,1,IDLE,,1,IDLE,,1,IDLE,,1,IDLE,,1,IDLE,,1,PROTECTING,Field_18,1,PROTECTING,Field_18,1,PROTECTING,Field_18,1,PROTECTING,Field_18,1,IDLE,,1,IDLE,,1,IDLE,,1,IDLE,,1,IDLE,,1,IDLE,,1,IDLE,,1,PROTECTING,Field_16,1,IDLE,,1,IDLE,,1,IDLE,,1,IDLE,,1,PROTECTING,Field_18,1,PROTECTING,Field_18,1,IDLE,,1,IDLE,,1,IDLE,,1,IDLE,,1,IDLE,,1,IDLE,,1,IDLE,,1,IDLE,,1,IDLE,,1,IDLE,,1,IDLE,,1,IDLE,,1,IDLE,,1,IDLE,,1,PROTECTING,Field_18,1,IDLE,,1,IDLE,,1,IDLE,,1,IDLE,,1,IDLE,,1,IDLE,,1,IDLE,,1,IDLE,,1,IDLE,,1,IDLE,,1,IDLE,,1,IDLE,,1,IDLE,,1,IDLE,,1,IDLE,,1,IDLE,,1,IDLE,,1,IDLE,,1,IDLE,,19,0.36,0,0,9,15,0.13,0,0,4,13,0.08,0,0,2,15,0.15,0,0,1,8,0.07,0,0,1,44,0.25,0,0,6,33,0.18,0,0,2,9,0.19,0,0,6,17,0.11,0,0,2,17,0.19,0,0,6,15,0.13,0,0,2,12,0.07,0,0,3,11,0.05,0,0,1,24,0.14,0,0,2,54,0.34,1,3,5,10,0.29,3,3,6,36,0.26,0,0,3,5,0.27,9,0,0,22,0.26,0,0,6,1,0.03,0,0,2,18,0.09,0,0,2,5,0.08,0,0,1,0,0.10,0,0,2,28,0.07,0,0,1,7,0.07,0,0,1,17,0.14,0,0,2,16,0.09,0,0,2,10,0.09,0,0,2,1,0.06,0,0,2,11,0.12,0,0,2,2,0.10,0,0,2,17,0.12,0,0,2,8,0.09,0,0,2,7,0.17,0,0,2,31,0.18,0,0,3,6,0.12,0,0,3,2,0.05,0,0,2,13,0.12,0,0,2,10,0.14,0,0,3,18,0.28,0,0,3
54,618,60,0,13,0,6,0,1,MOVING_TO_FIELD,Field_15,1,MOVING_TO_FIELD,Field_15,1,IDLE,,1,PROTECTING,Field_15,1,IDLE,,1,MOVING_TO_FIELD,Field_15,1,IDLE,,1,IDLE,,1,IDLE,,1,IDLE,,1,MOVING_TO_FIELD,Field_16,1,MOVING_TO_FIELD,Field_16,1,IDLE,,1,IDLE,,1,IDLE,,1,MOVING_TO_FIELD,Field_16,1,IDLE,,1,PROTECTING,Field_16,1,PROTECTING,Field_16,1,IDLE,,1,PROTECTING,Field_18,1,PROTECTING,Field_18,1,IDLE,,1,IDLE,,1,IDLE,,1,IDLE,,1,IDLE,,1,PROTECTING,Field_18,1,PROTECTING,Field_18,1,PROTECTING,Field_18,1,PROTECTING,Field_18,1,IDLE,,1,IDLE,,1,IDLE,,1,IDLE,,1,IDLE,,1,IDLE,,1,IDLE,,1,PROTECTING,Field_16,1,IDLE,,1,IDLE,,1,IDLE,,1,IDLE,,1,PROTECTING,Field_18,1,PROTECTING,Field_18,1,IDLE,,1,IDLE,,1,IDLE,,1,IDLE,,1,IDLE,,1,IDLE,,1,IDLE,,1,IDLE,,1,IDLE,,1,IDLE,,1,IDLE,,1,IDLE,,1,IDLE,,1,IDLE,,1,PROTECTING,Field_18,1,IDLE,,1,IDLE,,1,IDLE,,1,IDLE,,1,IDLE,,1,IDLE,,1,IDLE,,1,IDLE,,1,IDLE,,1,IDLE,,1,IDLE,,1,IDLE,,1,IDLE,,1,IDLE,,1,IDLE,,1,IDLE,,1,IDLE,,1,IDLE,,1,IDLE,,19,0.36,0,0,9,15,0.13,0,0,4,13,0.08,0,0,2,16,0.15,0,0,1,8,0.07,0,0,1,44,0.25,0,0,6,33,0.18,0,0,2,9,0.20,0,0,6,19,0.11,0,0,2,17,0.20,0,0,6,15,0.12,0,0,2,12,0.07,0,0,3,11,0.05,0,0,1,24,0.14,0,0,2,57,0.34,1,3,5,10,0.29,3,3,6,36,0.25,0,0,3,5,0.25,9,0,0,23,0.26,0,0,6,1,0.01,0,0,2,18,0.09,0,0,2,5,0.10,0,0,1,0,0.08,0,0,2,28,0.07,0,0,1,8,0.07,0,0,1,18,0.13,0,0,2,16,0.09,0,0,2,10,0.09,0,0,2,1,0.05,0,0,2,13,0.12,0,0,2,2,0.10,0,0,2,17,0.10,0,0,2,8,0.09,0,0,2,7,0.18,0,0,2,31,0.19,0,0,3,6,0.12,0,0,3,2,0.05,0,0,2,13,0.12,0,0,2,10,0.14,0,0,3,18,0.26,0,0,3
55,625,60,0,13,0,6,0,1,MOVING_TO_FIELD,Field_15,1,MOVING_TO_FIELD,Field_15,1,IDLE,,1,PROTECTING,Field_15,1,IDLE,,1,MOVING_TO_FIELD,Field_15,1,IDLE,,1,IDLE,,1,IDLE,,1,IDLE,,1,MOVING_TO_FIELD,Field_16,1,MOVING_TO_FIELD,Field_16,1,IDLE,,1,IDLE,,1,IDLE,,1,MOVING_TO_FIELD,Field_16,1,IDLE,,1,PROTECTING,Field_16,1,PROTECTING,Field_16,1,IDLE,,1,PROTECTING,Field_18,1,PROTECTING,Field_18,1,IDLE,,1,IDLE,,1,IDLE,,1,IDLE,,1,IDLE,,1,PROTECTING,Field_18,1,PROTECTING,Field_18,1,PROTECTING,Field_18,1,PROTECTING,Field_18,1,IDLE,,1,IDLE,,1,IDLE,,1,IDLE,,1,IDLE,,1,IDLE,,1,IDLE,,1,PROTECTING,Field_16,1,IDLE,,1,IDLE,,1,IDLE,,1,IDLE,,1,PROTECTING,Field_18,1,PROTECTING,Field_18,1,IDLE,,1,IDLE,,1,IDLE,,1,IDLE,,1,IDLE,,1,IDLE,,1,IDLE,,1,IDLE,,1,IDLE,,1,IDLE,,1,IDLE,,1,IDLE,,1,IDLE,,1,IDLE,,1,PROTECTING,Field_18,1,IDLE,,1,IDLE,,1,IDLE,,1,IDLE,,1,IDLE,,1,IDLE,,1,IDLE,,1,IDLE,,1,IDLE,,1,IDLE,,1,IDLE,,1,IDLE,,1,IDLE,,1,IDLE,,1,IDLE,,1,IDLE,,1,IDLE,,1,IDLE,,1,IDLE,,19,0.35,0,0,9,15,0.13,0,0,4,13,0.08,0,0,2,16,0.15,0,0,1,8,0.07,0,0,1,45,0.25,0,0,6,33,0.16,0,0,2,9,0.21,0,0,6,20,0.11,0,0,2,18,0.20,0,0,6,15,0.09,0,0,2,12,0.06,0,0,3,11,0.05,0,0,1,24,0.13,0,0,2,58,0.32,1,3,5,10,0.29,3,3,6,36,0.25,0,0,3,5,0.24,9,0,0,23,0.24,0,0,6,1,0.01,0,0,2,18,0.09,0,0,2,5,0.12,0,0,1,0,0.08,0,0,2,28,0.07,0,0,1,8,0.07,0,0,1,18,0.13,0,0,2,16,0.07,0,0,2,10,0.07,0,0,2,1,0.05,0,0,2,13,0.12,0,0,2,2,0.10,0,0,2,17,0.10,0,0,2,8,0.09,0,0,2,7,0.18,0,0,2,32,0.19,0,0,3,6,0.10,0,0,3,2,0.05,0,0,2,14,0.12,0,0,2,10,0.15,0,0,3,19,0.25,0,0,3
56,633,60,0,13,0,6,0,1,MOVING_TO_FIELD,Field_15,1,MOVING_TO_FIELD,Field_15,1,IDLE,,1,PROTECTING,Field_15,1,IDLE,,1,MOVING_TO_FIELD,Field_15,1,IDLE,,1,IDLE,,1,IDLE,,1,IDLE,,1,MOVING_TO_FIELD,Field_16,1,MOVING_TO_FIELD,Field_16,1,IDLE,,1,IDLE,,1,IDLE,,1,MOVING_TO_FIELD,Field_16,1,IDLE,,1,PROTECTING,Field_16,1,PROTECTING,Field_16,1,IDLE,,1,PROTECTING,Field_18,1,PROTECTING,Field_18,1,IDLE,,1,IDLE,,1,IDLE,,1,IDLE,,1,IDLE,,1,PROTECTING,Field_18,1,PROTECTING,Field_18,1,PROTECTING,Field_18,1,PROTECTING,Field_18,1,IDLE,,1,IDLE,,1,IDLE,,1,IDLE,,1,IDLE,,1,IDLE,,1,IDLE,,1,PROTECTING,Field_16,1,IDLE,,1,IDLE,,1,IDLE,,1,IDLE,,1,PROTECTING,Field_18,1,PROTECTING,Field_18,1,IDLE,,1,IDLE,,1,IDLE,,1,IDLE,,1,IDLE,,1,IDLE,,1,IDLE,,1,IDLE,,1,IDLE,,1,IDLE,,1,IDLE,,1,IDLE,,1,IDLE,,1,IDLE,,1,PROTECTING,Field_18,1,IDLE,,1,IDLE,,1,IDLE,,1,IDLE,,1,IDLE,,1,IDLE,,1,IDLE,,1,IDLE,,1,IDLE,,1,IDLE,,1,IDLE,,1,IDLE,,1,IDLE,,1,IDLE,,1,IDLE,,1,IDLE,,1,IDLE,,1,IDLE,,1,IDLE,,20,0.34,0,0,9,15,0.10,0,0,4,13,0.08,0,0,2,17,0.15,0,0,1,8,0.07,0,0,1,45,0.23,0,0,6,33,0.16,0,0,2,9,0.22,0,0,6,20,0.10,0,0,2,18,0.20,0,0,6,15,0.09,0,0,2,12,0.06,0,0,3,11,0.05,0,0,1,24,0.13,0,0,2,58,0.32,1,3,5,11,0.29,3,3,6,36,0.25,0,0,3,5,0.21,9,0,0,23,0.22,0,0,6,1,0.01,0,0,2,18,0.09,0,0,2,5,0.08,0,0,1,0,0.07,0,0,2,28,0.07,0,0,1,8,0.07,0,0,1,18,0.13,0,0,2,17,0.07,0,0,2,10,0.07,0,0,2,1,0.03,0,0,2,13,0.12,0,0,2,2,0.08,0,0,2,17,0.10,0,0,2,8,0.09,0,0,2,7,0.17,0,0,2,33,0.18,0,0,3,6,0.10,0,0,3,2,0.03,0,0,2,14,0.12,0,0,2,11,0.16,0,0,3,21,0.22,0,0,3
57,643,60,0,13,0,6,0,1,MOVING_TO_FIELD,Field_15,1,MOVING_TO_FIELD,Field_15,1,IDLE,,1,PROTECTING,Field_15,1,IDLE,,1,MOVING_TO_FIELD,Field_15,1,IDLE,,1,IDLE,,1,IDLE,,1,IDLE,,1,MOVING_TO_FIELD,Field_16,1,MOVING_TO_FIELD,Field_16,1,IDLE,,1,IDLE,,1,IDLE,,1,MOVING_TO_FIELD,Field_16,1,IDLE,,1,PROTECTING,Field_16,1,PROTECTING,Field_16,1,IDLE,,1,PROTECTING,Field_18,1,PROTECTING,Field_18,1,IDLE,,1,IDLE,,1,IDLE,,1,IDLE,,1,IDLE,,1,PROTECTING,Field_18,1,PROTECTING,Field_18,1,PROTECTING,Field_18,1,PROTECTING,Field_18,1,IDLE,,1,IDLE,,1,IDLE,,1,IDLE,,1,IDLE,,1,IDLE,,1,IDLE,,1,PROTECTING,Field_16,1,IDLE,,1,IDLE,,1,IDLE,,1,IDLE,,1,PROTECTING,Field_18,1,PROTECTING,Field_18,1,IDLE,,1,IDLE,,1,IDLE,,1,IDLE,,1,IDLE,,1,IDLE,,1,IDLE,,1,IDLE,,1,IDLE,,1,IDLE,,1,IDLE,,1,IDLE,,1,IDLE,,1,IDLE,,1,PROTECTING,Field_18,1,IDLE,,1,IDLE,,1,IDLE,,1,IDLE,,1,IDLE,,1,IDLE,,1,IDLE,,1,IDLE,,1,IDLE,,1,IDLE,,1,IDLE,,1,IDLE,,1,IDLE,,1,IDLE,,1,IDLE,,1,IDLE,,1,IDLE,,1,IDLE,,1,IDLE,,22,0.33,0,0,9,15,0.09,0,0,4,13,0.08,0,0,2,17,0.12,0,0,1,8,0.07,0,0,1,45,0.23,0,0,6,34,0.15,0,0,2,9,0.22,0,0,6,21,0.09,0,0,2,18,0.19,0,0,6,15,0.09,0,0,2,12,0.07,0,0,3,11,0.05,0,0,1,24,0.12,0,0,2,59,0.31,1,3,5,11,0.29,3,3,6,37,0.22,0,0,3,5,0.19,9,0,0,23,0.21,0,0,6,1,0.01,0,0,2,18,0.08,0,0,2,5,0.08,0,0,1,0,0.07,0,0,2,28,0.07,0,0,1,9,0.09,0,0,1,18,0.09,0,0,2,17,0.07,0,0,2,10,0.04,0,0,2,1,0.05,0,0,2,13,0.12,0,0,2,2,0.08,0,0,2,17,0.10,0,0,2,8,0.11,0,0,2,7,0.17,0,0,2,33,0.17,0,0,3,6,0.10,0,0,3,2,0.02,0,0,2,15,0.11,0,0,2,11,0.15,0,0,3,23,0.21,0,0,3
58,649,60,0,13,0,6,0,1,MOVING_TO_FIELD,Field_15,1,MOVING_TO_FIELD,Field_15,1,IDLE,,1,PROTECTING,Field_15,1,IDLE,,1,MOVING_TO_FIELD,Field_15,1,IDLE,,1,IDLE,,1,IDLE,,1,IDLE,,1,MOVING_TO_FIELD,Field_16,1,MOVING_TO_FIELD,Field_16,1,IDLE,,1,IDLE,,1,IDLE,,1,MOVING_TO_FIELD,Field_16,1,IDLE,,1,PROTECTING,Field_16,1,PROTECTING,Field_16,1,IDLE,,1,PROTECTING,Field_18,1,PROTECTING,Field_18,1,IDLE,,1,IDLE,,1,IDLE,,1,IDLE,,1,IDLE,,1,PROTECTING,Field_18,1,PROTECTING,Field_18,1,PROTECTING,Field_18,1,PROTECTING,Field_18,1,IDLE,,1,IDLE,,1,IDLE,,1,IDLE,,1,IDLE,,1,IDLE,,1,IDLE,,1,PROTECTING,Field_16,1,IDLE,,1,IDLE,,1,IDLE,,1,IDLE,,1,PROTECTING,Field_18,1,PROTECTING,Field_18,1,IDLE,,1,IDLE,,1,IDLE,,1,IDLE,,1,IDLE,,1,IDLE,,1,IDLE,,1,IDLE,,1,IDLE,,1,IDLE,,1,IDLE,,1,IDLE,,1,IDLE,,1,IDLE,,1,PROTECTING,Field_18,1,IDLE,,1,IDLE,,1,IDLE,,1,IDLE,,1,IDLE,,1,IDLE,,1,IDLE,,1,IDLE,,1,IDLE,,1,IDLE,,1,IDLE,,1,IDLE,,1,IDLE,,1,IDLE,,1,IDLE,,1,IDLE,,1,IDLE,,1,IDLE,,1,IDLE,,22,0.33,0,0,9,15,0.09,0,0,4,13,0.08,0,0,2,17,0.12,0,0,1,8,0.07,0,0,1,46,0.24,0,0,6,34,0.13,0,0,2,9,0.21,0,0,6,21,0.10,0,0,2,18,0.20,0,0,6,16,0.09,0,0,2,12,0.07,0,0,3,12,0.05,0,0,1,24,0.13,0,0,2,60,0.31,1,3,5,11,0.29,3,3,6,38,0.23,0,0,3,5,0.15,9,0,0,23,0.20,0,0,6,1,0.01,0,0,2,18,0.08,0,0,2,5,0.08,0,0,1,0,0.05,0,0,2,28,0.07,0,0,1,9,0.09,0,0,1,18,0.09,0,0,2,18,0.08,0,0,2,10,0.04,0,0,2,1,0.05,0,0,2,13,0.12,0,0,2,2,0.08,0,0,2,17,0.08,0,0,2,8,0.11,0,0,2,7,0.17,0,0,2,33,0.17,0,0,3,6,0.10,0,0,3,2,0.02,0,0,2,15,0.11,0,0,2,11,0.14,0,0,3,23,0.21,0,0,3
59,660,60,0,13,0,6,0,1,MOVING_TO_FIELD,Field_15,1,MOVING_TO_FIELD,Field_15,1,IDLE,,1,PROTECTING,Field_15,1,IDLE,,1,MOVING_TO_FIELD,Field_15,1,IDLE,,1,IDLE,,1,IDLE,,1,IDLE,,1,MOVING_TO_FIELD,Field_16,1,MOVING_TO_FIELD,Field_16,1,IDLE,,1,IDLE,,1,IDLE,,1,MOVING_TO_FIELD,Field_16,1,IDLE,,1,PROTECTING,Field_16,1,PROTECTING,Field_16,1,IDLE,,1,PROTECTING,Field_18,1,PROTECTING,Field_18,1,IDLE,,1,IDLE,,1,IDLE,,1,IDLE,,1,IDLE,,1,PROTECTING,Field_18,1,PROTECTING,Field_18,1,PROTECTING,Field_18,1,PROTECTING,Field_18,1,IDLE,,1,IDLE,,1,IDLE,,1,IDLE,,1,IDLE,,1,IDLE,,1,IDLE,,1,PROTECTING,Field_16,1,IDLE,,1,IDLE,,1,IDLE,,1,IDLE,,1,PROTECTING,Field_18,1,PROTECTING,Field_18,1,IDLE,,1,IDLE,,1,IDLE,,1,IDLE,,1,IDLE,,1,IDLE,,1,IDLE,,1,IDLE,,1,IDLE,,1,IDLE,,1,IDLE,,1,IDLE,,1,IDLE,,1,IDLE,,1,PROTECTING,Field_18,1,IDLE,,1,IDLE,,1,IDLE,,1,IDLE,,1,IDLE,,1,IDLE,,1,IDLE,,1,IDLE,,1,IDLE,,1,IDLE,,1,IDLE,,1,IDLE,,1,IDLE,,1,IDLE,,1,IDLE,,1,IDLE,,1,IDLE,,1,IDLE,,1,IDLE,,22,0.33,0,0,9,15,0.09,0,0,4,13,0.08,0,0,2,18,0.12,0,0,1,8,0.07,0,0,1,47,0.24,0,0,6,34,0.13,0,0,2,9,0.20,0,0,6,21,0.10,0,0,2,18,0.20,0,0,6,16,0.09,0,0,2,12,0.07,0,0,3,12,0.05,0,0,1,24,0.13,0,0,2,61,0.31,1,3,5,11,0.29,3,3,6,40,0.22,0,0,3,5,0.15,9,0,0,23,0.20,0,0,6,1,0.01,0,0,2,18,0.08,0,0,2,5,0.08,0,0,1,0,0.03,0,0,2,28,0.04,0,0,1,9,0.09,0,0,1,20,0.10,0,0,2,18,0.07,0,0,2,10,0.04,0,0,2,1,0.05,0,0,2,13,0.12,0,0,2,2,0.08,0,0,2,17,0.08,0,0,2,8,0.11,0,0,2,8,0.17,0,0,2,33,0.17,0,0,3,6,0.10,0,0,3,2,0.02,0,0,2,15,0.12,0,0,2,13,0.13,0,0,3,24,0.22,0,0,3
60,663,60,0,13,0,6,0,1,MOVING_TO_FIELD,Field_15,1,MOVING_TO_FIELD,Field_15,1,IDLE,,1,PROTECTING,Field_15,1,IDLE,,1,MOVING_TO_FIELD,Field_15,1,IDLE,,1,IDLE,,1,IDLE,,1,IDLE,,1,MOVING_TO_FIELD,Field_16,1,MOVING_TO_FIELD,Field_16,1,IDLE,,1,IDLE,,1,IDLE,,1,MOVING_TO_FIELD,Field_16,1,IDLE,,1,PROTECTING,Field_16,1,PROTECTING,Field_16,1,IDLE,,1,PROTECTING,Field_18,1,PROTECTING,Field_18,1,IDLE,,1,IDLE,,1,IDLE,,1,IDLE,,1,IDLE,,1,PROTECTING,Field_18,1,PROTECTING,Field_18,1,PROTECTING,Field_18,1,PROTECTING,Field_18,1,IDLE,,1,IDLE,,1,IDLE,,1,IDLE,,1,IDLE,,1,IDLE,,1,IDLE,,1,PROTECTING,Field_16,1,IDLE,,1,IDLE,,1,IDLE,,1,IDLE,,1,PROTECTING,Field_18,1,PROTECTING,Field_18,1,IDLE,,1,IDLE,,1,IDLE,,1,IDLE,,1,IDLE,,1,IDLE,,1,IDLE,,1,IDLE,,1,IDLE,,1,IDLE,,1,IDLE,,1,IDLE,,1,IDLE,,1,IDLE,,1,PROTECTING,Field_18,1,IDLE,,1,IDLE,,1,IDLE,,1,IDLE,,1,IDLE,,1,IDLE,,1,IDLE,,1,IDLE,,1,IDLE,,1,IDLE,,1,IDLE,,1,IDLE,,1,IDLE,,1,IDLE,,1,IDLE,,1,IDLE,,1,IDLE,,1,IDLE,,1,IDLE,,22,0.32,0,0,9,15,0.09,0,0,4,13,0.08,0,0,2,18,0.12,0,0,1,8,0.07,0,0,1,47,0.24,0,0,6,34,0.13,0,0,2,10,0.19,0,0,6,21,0.10,0,0,2,18,0.20,0,0,6,16,0.09,0,0,2,12,0.07,0,0,3,12,0.05,0,0,1,25,0.13,0,0,2,61,0.30,1,3,5,11,0.29,3,3,6,40,0.22,0,0,3,5,0.15,9,0,0,23,0.20,0,0,6,1,0.01,0,0,2,18,0.06,0,0,2,5,0.08,0,0,1,0,0.03,0,0,2,28,0.04,0,0,1,9,0.09,0,0,1,20,0.12,0,0,2,18,0.07,0,0,2,10,0.02,0,0,2,1,0.05,0,0,2,13,0.12,0,0,2,2,0.04,0,0,2,17,0.08,0,0,2,8,0.09,0,0,2,8,0.18,0,0,2,33,0.17,0,0,3,6,0.10,0,0,3,2,0.02,0,0,2,15,0.12,0,0,2,14,0.13,0,0,3,24,0.22,0,0,3
61,672,58,0,13,0,8,0,1,MOVING_TO_FIELD,Field_15,1,MOVING_TO_FIELD,Field_15,1,IDLE,,1,PROTECTING,Field_15,1,IDLE,,1,MOVING_TO_FIELD,Field_15,1,IDLE,,1,IDLE,,1,IDLE,,1,IDLE,,1,MOVING_TO_FIELD,Field_16,1,MOVING_TO_FIELD,Field_16,1,IDLE,,1,MOVING_TO_FIELD,Field_6,1,IDLE,,1,MOVING_TO_FIELD,Field_16,1,IDLE,,1,PROTECTING,Field_16,1,PROTECTING,Field_16,1,IDLE,,1,PROTECTING,Field_18,1,PROTECTING,Field_18,1,IDLE,,1,IDLE,,1,IDLE,,1,IDLE,,1,IDLE,,1,PROTECTING,Field_18,1,PROTECTING,Field_18,1,PROTECTING,Field_18,1,PROTECTING,Field_18,1,IDLE,,1,IDLE,,1,IDLE,,1,IDLE,,1,IDLE,,1,IDLE,,1,MOVING_TO_FIELD,Field_6,1,PROTECTING,Field_16,1,IDLE,,1,IDLE,,1,IDLE,,1,IDLE,,1,PROTECTING,Field_18,1,PROTECTING,Field_18,1,IDLE,,1,IDLE,,1,IDLE,,1,IDLE,,1,IDLE,,1,IDLE,,1,IDLE,,1,IDLE,,1,IDLE,,1,IDLE,,1,IDLE,,1,IDLE,,1,IDLE,,1,IDLE,,1,PROTECTING,Field_18,1,IDLE,,1,IDLE,,1,IDLE,,1,IDLE,,1,IDLE,,1,IDLE,,1,IDLE,,1,IDLE,,1,IDLE,,1,IDLE,,1,IDLE,,1,IDLE,,1,IDLE,,1,IDLE,,1,IDLE,,1,IDLE,,1,IDLE,,1,IDLE,,1,IDLE,,22,0.32,0,0,9,15,0.08,0,0,4,13,0.08,0,0,2,18,0.12,0,0,1,8,0.07,0,0,1,47,0.23,0,2,6,35,0.13,0,0,2,10,0.20,0,0,6,21,0.11,0,0,2,18,0.20,0,0,6,16,0.07,0,0,2,12,0.07,0,0,3,12,0.05,0,0,1,25,0.13,0,0,2,61,0.30,1,3,5,11,0.29,3,3,6,42,0.22,0,0,3,5,0.11,9,0,0,23,0.19,0,0,6,1,0.01,0,0,2,18,0.06,0,0,2,5,0.08,0,0,1,0,0.05,0,0,2,28,0.04,0,0,1,9,0.09,0,0,1,21,0.12,0,0,2,18,0.07,0,0,2,10,0.02,0,0,2,1,0.05,0,0,2,14,0.12,0,0,2,2,0.04,0,0,2,17,0.08,0,0,2,8,0.09,0,0,2,10,0.18,0,0,2,33,0.17,0,0,3,6,0.10,0,0,3,2,0.01,0,0,2,16,0.10,0,0,2,15,0.13,0,0,3,24,0.24,0,0,3
62,677,58,0,13,0,8,0,1,MOVING_TO_FIELD,Field_15,1,MOVING_TO_FIELD,Field_15,1,IDLE,,1,PROTECTING,Field_15,1,IDLE,,1,MOVING_TO_FIELD,Field_15,1,IDLE,,1,IDLE,,1,IDLE,,1,IDLE,,1,MOVING_TO_FIELD,Field_16,1,MOVING_TO_FIELD,Field_16,1,IDLE,,1,MOVING_TO_FIELD,Field_6,1,IDLE,,1,MOVING_TO_FIELD,Field_16,1,IDLE,,1,PROTECTING,Field_16,1,PROTECTING,Field_16,1,IDLE,,1,PROTECTING,Field_18,1,PROTECTING,Field_18,1,IDLE,,1,IDLE,,1,IDLE,,1,IDLE,,1,IDLE,,1,PROTECTING,Field_18,1,PROTECTING,Field_18,1,PROTECTING,Field_18,1,PROTECTING,Field_18,1,IDLE,,1,IDLE,,1,IDLE,,1,IDLE,,1,IDLE,,1,IDLE,,1,MOVING_TO_FIELD,Field_6,1,PROTECTING,Field_16,1,IDLE,,1,IDLE,,1,IDLE,,1,IDLE,,1,PROTECTING,Field_18,1,PROTECTING,Field_18,1,IDLE,,1,IDLE,,1,IDLE,,1,IDLE,,1,IDLE,,1,IDLE,,1,IDLE,,1,IDLE,,1,IDLE,,1,IDLE,,1,IDLE,,1,IDLE,,1,IDLE,,1,IDLE,,1,PROTECTING,Field_18,1,IDLE,,1,IDLE,,1,IDLE,,1,IDLE,,1,IDLE,,1,IDLE,,1,IDLE,,1,IDLE,,1,IDLE,,1,IDLE,,1,IDLE,,1,IDLE,,1,IDLE,,1,IDLE,,1,IDLE,,1,IDLE,,1,IDLE,,1,IDLE,,1,IDLE,,22,0.32,0,0,9,15,0.08,0,0,4,13,0.09,0,0,2,18,0.12,0,0,1,8,0.05,0,0,1,47,0.23,0,2,6,36,0.11,0,0,2,10,0.20,0,0,6,21,0.11,0,0,2,18,0.20,0,0,6,16,0.07,0,0,2,12,0.06,0,0,3,12,0.05,0,0,1,26,0.14,0,0,2,63,0.29,1,3,5,11,0.29,3,3,6,42,0.20,0,0,3,5,0.08,9,0,0,23,0.18,0,0,6,1,0.01,0,0,2,18,0.06,0,0,2,5,0.07,0,0,1,0,0.05,0,0,2,28,0.04,0,0,1,10,0.09,0,0,1,21,0.12,0,0,2,18,0.07,0,0,2,10,0.02,0,0,2,1,0.05,0,0,2,14,0.09,0,0,2,2,0.04,0,0,2,17,0.08,0,0,2,8,0.11,0,0,2,10,0.18,0,0,2,33,0.15,0,0,3,6,0.10,0,0,3,2,0.01,0,0,2,16,0.10,0,0,2,15,0.13,0,0,3,24,0.21,0,0,3
63,683,58,0,13,0,8,0,1,MOVING_TO_FIELD,Field_15,1,MOVING_TO_FIELD,Field_15,1,IDLE,,1,PROTECTING,Field_15,1,IDLE,,1,MOVING_TO_FIELD,Field_15,1,IDLE,,1,IDLE,,1,IDLE,,1,IDLE,,1,MOVING_TO_FIELD,Field_16,1,MOVING_TO_FIELD,Field_16,1,IDLE,,1,MOVING_TO_FIELD,Field_6,1,IDLE,,1,MOVING_TO_FIELD,Field_16,1,IDLE,,1,PROTECTING,Field_16,1,PROTECTING,Field_16,1,IDLE,,1,PROTECTING,Field_18,1,PROTECTING,Field_18,1,IDLE,,1,IDLE,,1,IDLE,,1,IDLE,,1,IDLE,,1,PROTECTING,Field_18,1,PROTECTING,Field_18,1,PROTECTING,Field_18,1,PROTECTING,Field_18,1,IDLE,,1,IDLE,,1,IDLE,,1,IDLE,,1,IDLE,,1,IDLE,,1,MOVING_TO_FIELD,Field_6,1,PROTECTING,Field_16,1,IDLE,,1,IDLE,,1,IDLE,,1,IDLE,,1,PROTECTING,Field_18,1,PROTECTING,Field_18,1,IDLE,,1,IDLE,,1,IDLE,,1,IDLE,,1,IDLE,,1,IDLE,,1,IDLE,,1,IDLE,,1,IDLE,,1,IDLE,,1,IDLE,,1,IDLE,,1,IDLE,,1,IDLE,,1,PROTECTING,Field_18,1,IDLE,,1,IDLE,,1,IDLE,,1,IDLE,,1,IDLE,,1,IDLE,,1,IDLE,,1,IDLE,,1,IDLE,,1,IDLE,,1,IDLE,,1,IDLE,,1,IDLE,,1,IDLE,,1,IDLE,,1,IDLE,,1,IDLE,,1,IDLE,,1,IDLE,,22,0.28,0,0,9,15,0.08,0,0,4,13,0.09,0,0,2,18,0.05,0,0,1,8,0.03,0,0,1,48,0.23,0,2,6,36,0.11,0,0,2,10,0.19,0,0,6,21,0.10,0,0,2,18,0.21,0,0,6,16,0.07,0,0,2,12,0.06,0,0,3,12,0.03,0,0,1,28,0.13,0,0,2,64,0.30,1,3,5,12,0.27,3,3,6,42,0.19,0,0,3,5,0.07,9,0,0,23,0.19,0,0,6,1,0.03,0,0,2,18,0.06,0,0,2,5,0.07,0,0,1,0,0.07,0,0,2,28,0.04,0,0,1,10,0.09,0,0,1,21,0.10,0,0,2,18,0.07,0,0,2,10,0.02,0,0,2,1,0.05,0,0,2,14,0.10,0,0,2,2,0.04,0,0,2,17,0.08,0,0,2,9,0.11,0,0,2,10,0.20,0,0,2,33,0.15,0,0,3,6,0.12,0,0,3,2,0.01,0,0,2,16,0.10,0,0,2,15,0.14,0,0,3,24,0.18,0,0,3
64,687,58,0,13,0,8,0,1,MOVING_TO_FIELD,Field_15,1,MOVING_TO_FIELD,Field_15,1,IDLE,,1,PROTECTING,Field_15,1,IDLE,,1,MOVING_TO_FIELD,Field_15,1,IDLE,,1,IDLE,,1,IDLE,,1,IDLE,,1,MOVING_TO_FIELD,Field_16,1,MOVING_TO_FIELD,Field_16,1,IDLE,,1,MOVING_TO_FIELD,Field_6,1,IDLE,,1,MOVING_TO_FIELD,Field_16,1,IDLE,,1,PROTECTING,Field_16,1,PROTECTING,Field_16,1,IDLE,,1,PROTECTING,Field_18,1,PROTECTING,Field_18,1,IDLE,,1,IDLE,,1,IDLE,,1,IDLE,,1,IDLE,,1,PROTECTING,Field_18,1,PROTECTING,Field_18,1,PROTECTING,Field_18,1,PROTECTING,Field_18,1,IDLE,,1,IDLE,,1,IDLE,,1,IDLE,,1,IDLE,,1,IDLE,,1,MOVING_TO_FIELD,Field_6,1,PROTECTING,Field_16,1,IDLE,,1,IDLE,,1,IDLE,,1,IDLE,,1,PROTECTING,Field_18,1,PROTECTING,Field_18,1,IDLE,,1,IDLE,,1,IDLE,,1,IDLE,,1,IDLE,,1,IDLE,,1,IDLE,,1,IDLE,,1,IDLE,,1,IDLE,,1,IDLE,,1,IDLE,,1,IDLE,,1,IDLE,,1,PROTECTING,Field_18,1,IDLE,,1,IDLE,,1,IDLE,,1,IDLE,,1,IDLE,,1,IDLE,,1,IDLE,,1,IDLE,,1,IDLE,,1,IDLE,,1,IDLE,,1,IDLE,,1,IDLE,,1,IDLE,,1,IDLE,,1,IDLE,,1,IDLE,,1,IDLE,,1,IDLE,,22,0.28,0,0,9,15,0.06,0,0,4,14,0.10,0,0,2,18,0.05,0,0,1,8,0.03,0,0,1,48,0.22,0,2,6,37,0.11,0,0,2,10,0.18,0,0,6,21,0.10,0,0,2,18,0.21,0,0,6,16,0.06,0,0,2,12,0.07,0,0,3,12,0.02,0,0,1,28,0.14,0,0,2,65,0.30,1,3,5,12,0.27,3,3,6,42,0.19,0,0,3,5,0.05,9,0,0,23,0.19,0,0,6,1,0.03,0,0,2,18,0.06,0,0,2,5,0.07,0,0,1,0,0.07,0,0,2,28,0.07,0,0,1,10,0.09,0,0,1,21,0.12,0,0,2,18,0.08,0,0,2,10,0.02,0,0,2,1,0.05,0,0,2,14,0.09,0,0,2,2,0.02,0,0,2,17,0.08,0,0,2,9,0.12,0,0,2,10,0.22,0,0,2,34,0.14,0,0,3,6,0.10,0,0,3,2,0.01,0,0,2,16,0.10,0,0,2,15,0.12,0,0,3,24,0.18,0,0,3
65,692,58,0,13,0,8,0,1,MOVING_TO_FIELD,Field_15,1,MOVING_TO_FIELD,Field_15,1,IDLE,,1,PROTECTING,Field_15,1,IDLE,,1,MOVING_TO_FIELD,Field_15,1,IDLE,,1,IDLE,,1,IDLE,,1,IDLE,,1,MOVING_TO_FIELD,Field_16,1,MOVING_TO_FIELD,Field_16,1,IDLE,,1,MOVING_TO_FIELD,Field_6,1,IDLE,,1,MOVING_TO_FIELD,Field_16,1,IDLE,,1,PROTECTING,Field_16,1,PROTECTING,Field_16,1,IDLE,,1,PROTECTING,Field_18,1,PROTECTING,Field_18,1,IDLE,,1,IDLE,,1,IDLE,,1,IDLE,,1,IDLE,,1,PROTECTING,Field_18,1,PROTECTING,Field_18,1,PROTECTING,Field_18,1,PROTECTING,Field_18,1,IDLE,,1,IDLE,,1,IDLE,,1,IDLE,,1,IDLE,,1,IDLE,,1,MOVING_TO_FIELD,Field_6,1,PROTECTING,Field_16,1,IDLE,,1,IDLE,,1,IDLE,,1,IDLE,,1,PROTECTING,Field_18,1,PROTECTING,Field_18,1,IDLE,,1,IDLE,,1,IDLE,,1,IDLE,,1,IDLE,,1,IDLE,,1,IDLE,,1,IDLE,,1,IDLE,,1,IDLE,,1,IDLE,,1,IDLE,,1,IDLE,,1,IDLE,,1,PROTECTING,Field_18,1,IDLE,,1,IDLE,,1,IDLE,,1,IDLE,,1,IDLE,,1,IDLE,,1,IDLE,,1,IDLE,,1,IDLE,,1,IDLE,,1,IDLE,,1,IDLE,,1,IDLE,,1,IDLE,,1,IDLE,,1,IDLE,,1,IDLE,,1,IDLE,,1,IDLE,,22,0.28,0,0,9,15,0.06,0,0,4,14,0.11,0,0,2,18,0.05,0,0,1,8,0.03,0,0,1,48,0.21,0,2,6,37,0.10,0,0,2,10,0.18,0,0,6,21,0.10,0,0,2,18,0.21,0,0,6,16,0.06,0,0,2,12,0.09,0,0,3,12,0.02,0,0,1,28,0.14,0,0,2,66,0.30,1,3,5,14,0.27,3,3,6,42,0.19,0,0,3,5,0.04,9,0,0,23,0.20,0,0,6,1,0.03,0,0,2,18,0.06,0,0,2,6,0.07,0,0,1,0,0.07,0,0,2,28,0.07,0,0,1,10,0.11,0,0,1,21,0.10,0,0,2,18,0.09,0,0,2,10,0.02,0,0,2,1,0.03,0,0,2,14,0.09,0,0,2,2,0.02,0,0,2,17,0.08,0,0,2,9,0.12,0,0,2,10,0.22,0,0,2,34,0.14,0,0,3,6,0.10,0,0,3,2,0.02,0,0,2,16,0.10,0,0,2,16,0.13,0,0,3,24,0.18,0,0,3
66,698,58,0,13,0,8,0,1,MOVING_TO_FIELD,Field_15,1,MOVING_TO_FIELD,Field_15,1,IDLE,,1,PROTECTING,Field_15,1,IDLE,,1,MOVING_TO_FIELD,Field_15,1,IDLE,,1,IDLE,,1,IDLE,,1,IDLE,,1,MOVING_TO_FIELD,Field_16,1,MOVING_TO_FIELD,Field_16,1,IDLE,,1,MOVING_TO_FIELD,Field_6,1,IDLE,,1,MOVING_TO_FIELD,Field_16,1,IDLE,,1,PROTECTING,Field_16,1,PROTECTING,Field_16,1,IDLE,,1,PROTECTING,Field_18,1,PROTECTING,Field_18,1,IDLE,,1,IDLE,,1,IDLE,,1,IDLE,,1,IDLE,,1,PROTECTING,Field_18,1,PROTECTING,Field_18,1,PROTECTING,Field_18,1,PROTECTING,Field_18,1,IDLE,,1,IDLE,,1,IDLE,,1,IDLE,,1,IDLE,,1,IDLE,,1,MOVING_TO_FIELD,Field_6,1,PROTECTING,Field_16,1,IDLE,,1,IDLE,,1,IDLE,,1,IDLE,,1,PROTECTING,Field_18,1,PROTECTING,Field_18,1,IDLE,,1,IDLE,,1,IDLE,,1,IDLE,,1,IDLE,,1,IDLE,,1,IDLE,,1,IDLE,,1,IDLE,,1,IDLE,,1,IDLE,,1,IDLE,,1,IDLE,,1,IDLE,,1,PROTECTING,Field_18,1,IDLE,,1,IDLE,,1,IDLE,,1,IDLE,,1,IDLE,,1,IDLE,,1,IDLE,,1,IDLE,,1,IDLE,,1,IDLE,,1,IDLE,,1,IDLE,,1,IDLE,,1,IDLE,,1,IDLE,,1,IDLE,,1,IDLE,,1,IDLE,,1,IDLE,,23,0.27,0,0,9,15,0.06,0,0,4,15,0.11,0,0,2,18,0.05,0,0,1,8,0.03,0,0,1,48,0.20,0,2,6,37,0.10,0,0,2,10,0.18,0,0,6,21,0.10,0,0,2,18,0.24,0,0,6,16,0.06,0,0,2,12,0.09,0,0,3,12,0.02,0,0,1,28,0.14,0,0,2,67,0.31,1,3,5,15,0.27,3,3,6,42,0.19,0,0,3,5,0.03,9,0,0,23,0.20,0,0,6,1,0.04,0,0,2,18,0.06,0,0,2,7,0.05,0,0,1,0,0.07,0,0,2,28,0.07,0,0,1,10,0.11,0,0,1,21,0.12,0,0,2,18,0.10,0,0,2,10,0.02,0,0,2,1,0.03,0,0,2,14,0.10,0,0,2,2,0.02,0,0,2,17,0.08,0,0,2,9,0.09,0,0,2,11,0.22,0,0,2,34,0.14,0,0,3,6,0.10,0,0,3,2,0.02,0,0,2,16,0.11,0,0,2,16,0.12,0,0,3,24,0.17,0,0,3
67,705,58,0,13,0,8,0,1,MOVING_TO_FIELD,Field_15,1,MOVING_TO_FIELD,Field_15,1,IDLE,,1,PROTECTING,Field_15,1,IDLE,,1,MOVING_TO_FIELD,Field_15,1,IDLE,,1,IDLE,,1,IDLE,,1,IDLE,,1,MOVING_TO_FIELD,Field_16,1,MOVING_TO_FIELD,Field_16,1,IDLE,,1,MOVING_TO_FIELD,Field_6,1,IDLE,,1,MOVING_TO_FIELD,Field_16,1,IDLE,,1,PROTECTING,Field_16,1,PROTECTING,Field_16,1,IDLE,,1,PROTECTING,Field_18,1,PROTECTING,Field_18,1,IDLE,,1,IDLE,,1,IDLE,,1,IDLE,,1,IDLE,,1,PROTECTING,Field_18,1,PROTECTING,Field_18,1,PROTECTING,Field_18,1,PROTECTING,Field_18,1,IDLE,,1,IDLE,,1,IDLE,,1,IDLE,,1,IDLE,,1,IDLE,,1,MOVING_TO_FIELD,Field_6,1,PROTECTING,Field_16,1,IDLE,,1,IDLE,,1,IDLE,,1,IDLE,,1,PROTECTING,Field_18,1,PROTECTING,Field_18,1,IDLE,,1,IDLE,,1,IDLE,,1,IDLE,,1,IDLE,,1,IDLE,,1,IDLE,,1,IDLE,,1,IDLE,,1,IDLE,,1,IDLE,,1,IDLE,,1,IDLE,,1,IDLE,,1,PROTECTING,Field_18,1,IDLE,,1,IDLE,,1,IDLE,,1,IDLE,,1,IDLE,,1,IDLE,,1,IDLE,,1,IDLE,,1,IDLE,,1,IDLE,,1,IDLE,,1,IDLE,,1,IDLE,,1,IDLE,,1,IDLE,,1,IDLE,,1,IDLE,,1,IDLE,,1,IDLE,,23,0.28,0,0,9,15,0.06,0,0,4,15,0.11,0,0,2,18,0.00,0,0,1,8,0.03,0,0,1,50,0.21,0,2,6,39,0.10,0,0,2,10,0.17,0,0,6,22,0.10,0,0,2,18,0.24,0,0,6,16,0.06,0,0,2,12,0.10,0,0,3,12,0.02,0,0,1,29,0.14,0,0,2,67,0.31,1,3,5,15,0.27,3,3,6,42,0.20,0,0,3,5,0.02,9,0,0,23,0.19,0,0,6,1,0.04,0,0,2,18,0.06,0,0,2,7,0.05,0,0,1,0,0.07,0,0,2,28,0.07,0,0,1,10,0.09,0,0,1,21,0.10,0,0,2,18,0.10,0,0,2,10,0.02,0,0,2,1,0.03,0,0,2,14,0.16,0,0,2,2,0.02,0,0,2,17,0.08,0,0,2,9,0.09,0,0,2,12,0.22,0,0,2,34,0.14,0,0,3,6,0.10,0,0,3,2,0.02,0,0,2,16,0.10,0,0,2,16,0.10,0,0,3,24,0.16,0,0,3
68,710,58,0,14,0,7,0,1,MOVING_TO_FIELD,Field_15,1,PROTECTING,Field_15,1,IDLE,,1,PROTECTING,Field_15,1,IDLE,,1,MOVING_TO_FIELD,Field_15,1,IDLE,,1,IDLE,,1,IDLE,,1,IDLE,,1,MOVING_TO_FIELD,Field_16,1,MOVING_TO_FIELD,Field_16,1,IDLE,,1,MOVING_TO_FIELD,Field_6,1,IDLE,,1,MOVING_TO_FIELD,Field_16,1,IDLE,,1,PROTECTING,Field_16,1,PROTECTING,Field_16,1,IDLE,,1,PROTECTING,Field_18,1,PROTECTING,Field_18,1,IDLE,,1,IDLE,,1,IDLE,,1,IDLE,,1,IDLE,,1,PROTECTING,Field_18,1,PROTECTING,Field_18,1,PROTECTING,Field_18,1,PROTECTING,Field_18,1,IDLE,,1,IDLE,,1,IDLE,,1,IDLE,,1,IDLE,,1,IDLE,,1,MOVING_TO_FIELD,Field_6,1,PROTECTING,Field_16,1,IDLE,,1,IDLE,,1,IDLE,,1,IDLE,,1,PROTECTING,Field_18,1,PROTECTING,Field_18,1,IDLE,,1,IDLE,,1,IDLE,,1,IDLE,,1,IDLE,,1,IDLE,,1,IDLE,,1,IDLE,,1,IDLE,,1,IDLE,,1,IDLE,,1,IDLE,,1,IDLE,,1,IDLE,,1,PROTECTING,Field_18,1,IDLE,,1,IDLE,,1,IDLE,,1,IDLE,,1,IDLE,,1,IDLE,,1,IDLE,,1,IDLE,,1,IDLE,,1,IDLE,,1,IDLE,,1,IDLE,,1,IDLE,,1,IDLE,,1,IDLE,,1,IDLE,,1,IDLE,,1,IDLE,,1,IDLE,,23,0.28,0,0,9,15,0.06,0,0,4,15,0.12,0,0,2,18,0.00,0,0,1,8,0.03,0,0,1,51,0.21,0,2,6,39,0.09,0,0,2,10,0.17,0,0,6,22,0.09,0,0,2,18,0.24,0,0,6,16,0.06,0,0,2,12,0.09,0,0,3,12,0.02,0,0,1,29,0.14,0,0,2,67,0.32,2,2,4,16,0.26,3,3,6,42,0.20,0,0,3,5,0.00,9,0,0,23,0.16,0,0,6,1,0.04,0,0,2,18,0.06,0,0,2,7,0.05,0,0,1,0,0.07,0,0,2,28,0.07,0,0,1,10,0.09,0,0,1,21,0.10,0,0,2,18,0.10,0,0,2,10,0.04,0,0,2,1,0.03,0,0,2,14,0.17,0,0,2,2,0.02,0,0,2,17,0.08,0,0,2,9,0.09,0,0,2,15,0.22,0,0,2,34,0.15,0,0,3,6,0.10,0,0,3,2,0.02,0,0,2,16,0.09,0,0,2,16,0.11,0,0,3,24,0.14,0,0,3
69,717,58,0,14,0,7,0,1,MOVING_TO_FIELD,Field_15,1,PROTECTING,Field_15,1,IDLE,,1,PROTECTING,Field_15,1,IDLE,,1,MOVING_TO_FIELD,Field_15,1,IDLE,,1,IDLE,,1,IDLE,,1,IDLE,,1,MOVING_TO_FIELD,Field_16,1,MOVING_TO_FIELD,Field_16,1,IDLE,,1,MOVING_TO_FIELD,Field_6,1,IDLE,,1,MOVING_TO_FIELD,Field_16,1,IDLE,,1,PROTECTING,Field_16,1,PROTECTING,Field_16,1,IDLE,,1,PROTECTING,Field_18,1,PROTECTING,Field_18,1,IDLE,,1,IDLE,,1,IDLE,,1,IDLE,,1,IDLE,,1,PROTECTING,Field_18,1,PROTECTING,Field_18,1,PROTECTING,Field_18,1,PROTECTING,Field_18,1,IDLE,,1,IDLE,,1,IDLE,,1,IDLE,,1,IDLE,,1,IDLE,,1,MOVING_TO_FIELD,Field_6,1,PROTECTING,Field_16,1,IDLE,,1,IDLE,,1,IDLE,,1,IDLE,,1,PROTECTING,Field_18,1,PROTECTING,Field_18,1,IDLE,,1,IDLE,,1,IDLE,,1,IDLE,,1,IDLE,,1,IDLE,,1,IDLE,,1,IDLE,,1,IDLE,,1,IDLE,,1,IDLE,,1,IDLE,,1,IDLE,,1,IDLE,,1,PROTECTING,Field_18,1,IDLE,,1,IDLE,,1,IDLE,,1,IDLE,,1,IDLE,,1,IDLE,,1,IDLE,,1,IDLE,,1,IDLE,,1,IDLE,,1,IDLE,,1,IDLE,,1,IDLE,,1,IDLE,,1,IDLE,,1,IDLE,,1,IDLE,,1,IDLE,,1,IDLE,,23,0.26,0,0,9,15,0.06,0,0,4,15,0.13,0,0,2,18,0.00,0,0,1,8,0.03,0,0,1,51,0.20,0,2,6,39,0.09,0,0,2,10,0.17,0,0,6,22,0.09,0,0,2,20,0.24,0,0,6,16,0.06,0,0,2,12,0.08,0,0,3,12,0.02,0,0,1,29,0.14,0,0,2,67,0.34,2,2,4,17,0.26,3,3,6,42,0.22,0,0,3,5,0.00,9,0,0,24,0.16,0,0,6,1,0.04,0,0,2,18,0.06,0,0,2,7,0.05,0,0,1,0,0.07,0,0,2,28,0.05,0,0,1,10,0.09,0,0,1,21,0.10,0,0,2,18,0.09,0,0,2,10,0.04,0,0,2,1,0.03,0,0,2,14,0.17,0,0,2,2,0.02,0,0,2,17,0.08,0,0,2,9,0.07,0,0,2,16,0.18,0,0,2,34,0.15,0,0,3,6,0.10,0,0,3,2,0.02,0,0,2,16,0.06,0,0,2,17,0.12,0,0,3,25,0.14,0,0,3
70,722,58,0,14,0,7,0,1,MOVING_TO_FIELD,Field_15,1,PROTECTING,Field_15,1,IDLE,,1,PROTECTING,Field_15,1,IDLE,,1,MOVING_TO_FIELD,Field_15,1,IDLE,,1,IDLE,,1,IDLE,,1,IDLE,,1,MOVING_TO_FIELD,Field_16,1,MOVING_TO_FIELD,Field_16,1,IDLE,,1,MOVING_TO_FIELD,Field_6,1,IDLE,,1,MOVING_TO_FIELD,Field_16,1,IDLE,,1,PROTECTING,Field_16,1,PROTECTING,Field_16,1,IDLE,,1,PROTECTING,Field_18,1,PROTECTING,Field_18,1,IDLE,,1,IDLE,,1,IDLE,,1,IDLE,,1,IDLE,,1,PROTECTING,Field_18,1,PROTECTING,Field_18,1,PROTECTING,Field_18,1,PROTECTING,Field_18,1,IDLE,,1,IDLE,,1,IDLE,,1,IDLE,,1,IDLE,,1,IDLE,,1,MOVING_TO_FIELD,Field_6,1,PROTECTING,Field_16,1,IDLE,,1,IDLE,,1,IDLE,,1,IDLE,,1,PROTECTING,Field_18,1,PROTECTING,Field_18,1,IDLE,,1,IDLE,,1,IDLE,,1,IDLE,,1,IDLE,,1,IDLE,,1,IDLE,,1,IDLE,,1,IDLE,,1,IDLE,,1,IDLE,,1,IDLE,,1,IDLE,,1,IDLE,,1,PROTECTING,Field_18,1,IDLE,,1,IDLE,,1,IDLE,,1,IDLE,,1,IDLE,,1,IDLE,,1,IDLE,,1,IDLE,,1,IDLE,,1,IDLE,,1,IDLE,,1,IDLE,,1,IDLE,,1,IDLE,,1,IDLE,,1,IDLE,,1,IDLE,,1,IDLE,,1,IDLE,,23,0.25,0,0,9,15,0.08,0,0,4,15,0.13,0,0,2,18,0.00,0,0,1,8,0.05,0,0,1,53,0.18,0,2,6,40,0.10,0,0,2,10,0.17,0,0,6,22,0.09,0,0,2,21,0.24,0,0,6,16,0.06,0,0,2,12,0.08,0,0,3,12,0.02,0,0,1,29,0.14,0,0,2,67,0.37,2,2,4,18,0.26,3,3,6,42,0.19,0,0,3,5,0.00,9,0,0,24,0.16,0,0,6,1,0.05,0,0,2,18,0.06,0,0,2,7,0.05,0,0,1,0,0.02,0,0,2,28,0.05,0,0,1,10,0.09,0,0,1,21,0.10,0,0,2,18,0.10,0,0,2,10,0.04,0,0,2,1,0.05,0,0,2,14,0.17,0,0,2,2,0.02,0,0,2,17,0.08,0,0,2,9,0.05,0,0,2,16,0.20,0,0,2,34,0.15,0,0,3,6,0.10,0,0,3,2,0.02,0,0,2,16,0.06,0,0,2,17,0.12,0,0,3,25,0.14,0,0,3
71,725,58,0,15,0,6,0,1,PROTECTING,Field_15,1,PROTECTING,Field_15,1,IDLE,,1,PROTECTING,Field_15,1,IDLE,,1,MOVING_TO_FIELD,Field_15,1,IDLE,,1,IDLE,,1,IDLE,,1,IDLE,,1,MOVING_TO_FIELD,Field_16,1,MOVING_TO_FIELD,Field_16,1,IDLE,,1,MOVING_TO_FIELD,Field_10,1,IDLE,,1,MOVING_TO_FIELD,Field_16,1,IDLE,,1,PROTECTING,Field_16,1,PROTECTING,Field_16,1,IDLE,,1,PROTECTING,Field_18,1,PROTECTING,Field_18,1,IDLE,,1,IDLE,,1,IDLE,,1,IDLE,,1,IDLE,,1,PROTECTING,Field_18,1,PROTECTING,Field_18,1,PROTECTING,Field_18,1,PROTECTING,Field_18,1,IDLE,,1,IDLE,,1,IDLE,,1,IDLE,,1,IDLE,,1,IDLE,,1,MOVING_TO_FIELD,Field_10,1,PROTECTING,Field_16,1,IDLE,,1,IDLE,,1,IDLE,,1,IDLE,,1,PROTECTING,Field_18,1,PROTECTING,Field_18,1,IDLE,,1,IDLE,,1,IDLE,,1,IDLE,,1,IDLE,,1,IDLE,,1,IDLE,,1,IDLE,,1,IDLE,,1,IDLE,,1,IDLE,,1,IDLE,,1,IDLE,,1,IDLE,,1,PROTECTING,Field_18,1,IDLE,,1,IDLE,,1,IDLE,,1,IDLE,,1,IDLE,,1,IDLE,,1,IDLE,,1,IDLE,,1,IDLE,,1,IDLE,,1,IDLE,,1,IDLE,,1,IDLE,,1,IDLE,,1,IDLE,,1,IDLE,,1,IDLE,,1,IDLE,,1,IDLE,,23,0.24,0,0,9,15,0.08,0,0,4,15,0.12,0,0,2,18,0.00,0,0,1,8,0.05,0,0,1,54,0.17,0,0,6,40,0.11,0,0,2,10,0.18,0,0,6,22,0.09,0,0,2,21,0.25,0,2,6,16,0.06,0,0,2,12,0.07,0,0,3,12,0.02,0,0,1,29,0.14,0,0,2,67,0.35,3,1,3,18,0.25,3,3,6,43,0.19,0,0,3,5,0.00,9,0,0,24,0.16,0,0,6,1,0.05,0,0,2,18,0.06,0,0,2,7,0.05,0,0,1,0,0.02,0,0,2,28,0.05,0,0,1,10,0.07,0,0,1,21,0.10,0,0,2,18,0.09,0,0,2,10,0.04,0,0,2,1,0.05,0,0,2,14,0.17,0,0,2,2,0.02,0,0,2,17,0.08,0,0,2,9,0.04,0,0,2,16,0.20,0,0,2,35,0.13,0,0,3,6,0.10,0,0,3,2,0.02,0,0,2,16,0.06,0,0,2,17,0.11,0,0,3,25,0.14,0,0,3
72,731,58,0,15,0,6,0,1,PROTECTING,Field_15,1,PROTECTING,Field_15,1,IDLE,,1,PROTECTING,Field_15,1,IDLE,,1,MOVING_TO_FIELD,Field_15,1,IDLE,,1,IDLE,,1,IDLE,,1,IDLE,,1,MOVING_TO_FIELD,Field_16,1,MOVING_TO_FIELD,Field_16,1,IDLE,,1,MOVING_TO_FIELD,Field_10,1,IDLE,,1,MOVING_TO_FIELD,Field_16,1,IDLE,,1,PROTECTING,Field_16,1,PROTECTING,Field_16,1,IDLE,,1,PROTECTING,Field_18,1,PROTECTING,Field_18,1,IDLE,,1,IDLE,,1,IDLE,,1,IDLE,,1,IDLE,,1,PROTECTING,Field_18,1,PROTECTING,Field_18,1,PROTECTING,Field_18,1,PROTECTING,Field_18,1,IDLE,,1,IDLE,,1,IDLE,,1,IDLE,,1,IDLE,,1,IDLE,,1,MOVING_TO_FIELD,Field_10,1,PROTECTING,Field_16,1,IDLE,,1,IDLE,,1,IDLE,,1,IDLE,,1,PROTECTING,Field_18,1,PROTECTING,Field_18,1,IDLE,,1,IDLE,,1,IDLE,,1,IDLE,,1,IDLE,,1,IDLE,,1,IDLE,,1,IDLE,,1,IDLE,,1,IDLE,,1,IDLE,,1,IDLE,,1,IDLE,,1,IDLE,,1,PROTECTING,Field_18,1,IDLE,,1,IDLE,,1,IDLE,,1,IDLE,,1,IDLE,,1,IDLE,,1,IDLE,,1,IDLE,,1,IDLE,,1,IDLE,,1,IDLE,,1,IDLE,,1,IDLE,,1,IDLE,,1,IDLE,,1,IDLE,,1,IDLE,,1,IDLE,,1,IDLE,,23,0.21,0,0,9,15,0.09,0,0,4,15,0.13,0,0,2,18,0.00,0,0,1,8,0.05,0,0,1,55,0.17,0,0,6,40,0.10,0,0,2,11,0.18,0,0,6,22,0.10,0,0,2,23,0.25,0,2,6,16,0.06,0,0,2,12,0.06,0,0,3,12,0.02,0,0,1,30,0.15,0,0,2,67,0.36,3,1,3,18,0.25,3,3,6,43,0.19,0,0,3,5,0.00,9,0,0,24,0.17,0,0,6,1,0.05,0,0,2,18,0.06,0,0,2,7,0.05,0,0,1,0,0.02,0,0,2,28,0.03,0,0,1,10,0.09,0,0,1,21,0.09,0,0,2,18,0.09,0,0,2,10,0.04,0,0,2,1,0.05,0,0,2,14,0.16,0,0,2,2,0.02,0,0,2,17,0.06,0,0,2,9,0.05,0,0,2,16,0.18,0,0,2,36,0.13,0,0,3,6,0.10,0,0,3,2,0.02,0,0,2,16,0.06,0,0,2,17,0.10,0,0,3,25,0.16,0,0,3
73,739,58,0,15,0,6,0,1,PROTECTING,Field_15,1,PROTECTING,Field_15,1,IDLE,,1,PROTECTING,Field_15,1,IDLE,,1,MOVING_TO_FIELD,Field_15,1,IDLE,,1,IDLE,,1,IDLE,,1,IDLE,,1,MOVING_TO_FIELD,Field_16,1,MOVING_TO_FIELD,Field_16,1,IDLE,,1,MOVING_TO_FIELD,Field_10,1,IDLE,,1,MOVING_TO_FIELD,Field_16,1,IDLE,,1,PROTECTING,Field_16,1,PROTECTING,Field_16,1,IDLE,,1,PROTECTING,Field_18,1,PROTECTING,Field_18,1,IDLE,,1,IDLE,,1,IDLE,,1,IDLE,,1,IDLE,,1,PROTECTING,Field_18,1,PROTECTING,Field_18,1,PROTECTING,Field_18,1,PROTECTING,Field_18,1,IDLE,,1,IDLE,,1,IDLE,,1,IDLE,,1,IDLE,,1,IDLE,,1,MOVING_TO_FIELD,Field_10,1,PROTECTING,Field_16,1,IDLE,,1,IDLE,,1,IDLE,,1,IDLE,,1,PROTECTING,Field_18,1,PROTECTING,Field_18,1,IDLE,,1,IDLE,,1,IDLE,,1,IDLE,,1,IDLE,,1,IDLE,,1,IDLE,,1,IDLE,,1,IDLE,,1,IDLE,,1,IDLE,,1,IDLE,,1,IDLE,,1,IDLE,,1,PROTECTING,Field_18,1,IDLE,,1,IDLE,,1,IDLE,,1,IDLE,,1,IDLE,,1,IDLE,,1,IDLE,,1,IDLE,,1,IDLE,,1,IDLE,,1,IDLE,,1,IDLE,,1,IDLE,,1,IDLE,,1,IDLE,,1,IDLE,,1,IDLE,,1,IDLE,,1,IDLE,,23,0.21,0,0,9,15,0.08,0,0,4,16,0.12,0,0,2,18,0.00,0,0,1,8,0.05,0,0,1,55,0.16,0,0,6,40,0.10,0,0,2,12,0.18,0,0,6,22,0.09,0,0,2,24,0.25,0,2,6,16,0.06,0,0,2,12,0.06,0,0,3,12,0.02,0,0,1,31,0.15,0,0,2,67,0.35,3,1,3,19,0.25,3,3,6,43,0.19,0,0,3,5,0.00,9,0,0,24,0.17,0,0,6,1,0.05,0,0,2,18,0.06,0,0,2,7,0.03,0,0,1,0,0.02,0,0,2,28,0.01,0,0,1,11,0.07,0,0,1,21,0.08,0,0,2,18,0.08,0,0,2,10,0.04,0,0,2,1,0.05,0,0,2,14,0.17,0,0,2,2,0.02,0,0,2,17,0.08,0,0,2,9,0.05,0,0,2,16,0.17,0,0,2,36,0.13,0,0,3,6,0.09,0,0,3,2,0.02,0,0,2,17,0.06,0,0,2,17,0.10,0,0,3,26,0.16,0,0,3
74,743,58,0,16,0,5,0,1,PROTECTING,Field_15,1,PROTECTING,Field_15,1,IDLE,,1,PROTECTING,Field_15,1,IDLE,,1,PROTECTING,Field_15,1,IDLE,,1,IDLE,,1,IDLE,,1,IDLE,,1,MOVING_TO_FIELD,Field_16,1,MOVING_TO_FIELD,Field_16,1,IDLE,,1,MOVING_TO_FIELD,Field_10,1,IDLE,,1,MOVING_TO_FIELD,Field_16,1,IDLE,,1,PROTECTING,Field_16,1,PROTECTING,Field_16,1,IDLE,,1,PROTECTING,Field_18,1,PROTECTING,Field_18,1,IDLE,,1,IDLE,,1,IDLE,,1,IDLE,,1,IDLE,,1,PROTECTING,Field_18,1,PROTECTING,Field_18,1,PROTECTING,Field_18,1,PROTECTING,Field_18,1,IDLE,,1,IDLE,,1,IDLE,,1,IDLE,,1,IDLE,,1,IDLE,,1,MOVING_TO_FIELD,Field_10,1,PROTECTING,Field_16,1,IDLE,,1,IDLE,,1,IDLE,,1,IDLE,,1,PROTECTING,Field_18,1,PROTECTING,Field_18,1,IDLE,,1,IDLE,,1,IDLE,,1,IDLE,,1,IDLE,,1,IDLE,,1,IDLE,,1,IDLE,,1,IDLE,,1,IDLE,,1,IDLE,,1,IDLE,,1,IDLE,,1,IDLE,,1,PROTECTING,Field_18,1,IDLE,,1,IDLE,,1,IDLE,,1,IDLE,,1,IDLE,,1,IDLE,,1,IDLE,,1,IDLE,,1,IDLE,,1,IDLE,,1,IDLE,,1,IDLE,,1,IDLE,,1,IDLE,,1,IDLE,,1,IDLE,,1,IDLE,,1,IDLE,,1,IDLE,,24,0.21,0,0,9,15,0.08,0,0,4,17,0.12,0,0,2,18,0.00,0,0,1,8,0.05,0,0,1,55,0.16,0,0,6,40,0.10,0,0,2,12,0.17,0,0,6,22,0.09,0,0,2,24,0.24,0,2,6,16,0.06,0,0,2,12,0.04,0,0,3,12,0.02,0,0,1,31,0.16,0,0,2,68,0.34,4,0,2,20,0.26,3,3,6,43,0.17,0,0,3,5,0.00,9,0,0,24,0.18,0,0,6,1,0.04,0,0,2,18,0.06,0,0,2,7,0.03,0,0,1,0,0.02,0,0,2,28,0.01,0,0,1,11,0.07,0,0,1,21,0.08,0,0,2,18,0.08,0,0,2,10,0.04,0,0,2,1,0.05,0,0,2,14,0.17,0,0,2,2,0.00,0,0,2,17,0.08,0,0,2,9,0.09,0,0,2,16,0.17,0,0,2,36,0.12,0,0,3,6,0.09,0,0,3,2,0.01,0,0,2,17,0.06,0,0,2,17,0.11,0,0,3,26,0.16,0,0,3
75,748,58,0,17,0,4,0,1,PROTECTING,Field_15,1,PROTECTING,Field_15,1,IDLE,,1,PROTECTING,Field_15,1,IDLE,,1,PROTECTING,Field_15,1,IDLE,,1,IDLE,,1,IDLE,,1,IDLE,,1,MOVING_TO_FIELD,Field_16,1,PROTECTING,Field_16,1,IDLE,,1,MOVING_TO_FIELD,Field_10,1,IDLE,,1,MOVING_TO_FIELD,Field_16,1,IDLE,,1,PROTECTING,Field_16,1,PROTECTING,Field_16,1,IDLE,,1,PROTECTING,Field_18,1,PROTECTING,Field_18,1,IDLE,,1,IDLE,,1,IDLE,,1,IDLE,,1,IDLE,,1,PROTECTING,Field_18,1,PROTECTING,Field_18,1,PROTECTING,Field_18,1,PROTECTING,Field_18,1,IDLE,,1,IDLE,,1,IDLE,,1,IDLE,,1,IDLE,,1,IDLE,,1,MOVING_TO_FIELD,Field_10,1,PROTECTING,Field_16,1,IDLE,,1,IDLE,,1,IDLE,,1,IDLE,,1,PROTECTING,Field_18,1,PROTECTING,Field_18,1,IDLE,,1,IDLE,,1,IDLE,,1,IDLE,,1,IDLE,,1,IDLE,,1,IDLE,,1,IDLE,,1,IDLE,,1,IDLE,,1,IDLE,,1,IDLE,,1,IDLE,,1,IDLE,,1,PROTECTING,Field_18,1,IDLE,,1,IDLE,,1,IDLE,,1,IDLE,,1,IDLE,,1,IDLE,,1,IDLE,,1,IDLE,,1,IDLE,,1,IDLE,,1,IDLE,,1,IDLE,,1,IDLE,,1,IDLE,,1,IDLE,,1,IDLE,,1,IDLE,,1,IDLE,,1,IDLE,,24,0.20,0,0,9,15,0.08,0,0,4,17,0.13,0,0,2,18,0.00,0,0,1,8,0.05,0,0,1,55,0.16,0,0,6,40,0.11,0,0,2,13,0.17,0,0,6,23,0.09,0,0,2,26,0.23,0,2,6,16,0.06,0,0,2,12,0.04,0,0,3,12,0.02,0,0,1,31,0.16,0,0,2,68,0.36,4,0,2,21,0.27,4,2,5,43,0.15,0,0,3,5,0.00,9,0,0,24,0.18,0,0,6,1,0.04,0,0,2,18,0.06,0,0,2,7,0.03,0,0,1,0,0.00,0,0,2,28,0.01,0,0,1,11,0.07,0,0,1,21,0.08,0,0,2,18,0.09,0,0,2,10,0.02,0,0,2,1,0.05,0,0,2,14,0.17,0,0,2,2,0.00,0,0,2,17,0.08,0,0,2,9,0.07,0,0,2,16,0.17,0,0,2,36,0.11,0,0,3,6,0.09,0,0,3,2,0.01,0,0,2,17,0.06,0,0,2,17,0.11,0,0,3,26,0.16,0,0,3
76,750,58,0,17,0,4,0,1,PROTECTING,Field_15,1,PROTECTING,Field_15,1,IDLE,,1,PROTECTING,Field_15,1,IDLE,,1,PROTECTING,Field_15,1,IDLE,,1,IDLE,,1,IDLE,,1,IDLE,,1,MOVING_TO_FIELD,Field_16,1,PROTECTING,Field_16,1,IDLE,,1,MOVING_TO_FIELD,Field_10,1,IDLE,,1,MOVING_TO_FIELD,Field_16,1,IDLE,,1,PROTECTING,Field_16,1,PROTECTING,Field_16,1,IDLE,,1,PROTECTING,Field_18,1,PROTECTING,Field_18,1,IDLE,,1,IDLE,,1,IDLE,,1,IDLE,,1,IDLE,,1,PROTECTING,Field_18,1,PROTECTING,Field_18,1,PROTECTING,Field_18,1,PROTECTING,Field_18,1,IDLE,,1,IDLE,,1,IDLE,,1,IDLE,,1,IDLE,,1,IDLE,,1,MOVING_TO_FIELD,Field_10,1,PROTECTING,Field_16,1,IDLE,,1,IDLE,,1,IDLE,,1,IDLE,,1,PROTECTING,Field_18,1,PROTECTING,Field_18,1,IDLE,,1,IDLE,,1,IDLE,,1,IDLE,,1,IDLE,,1,IDLE,,1,IDLE,,1,IDLE,,1,IDLE,,1,IDLE,,1,IDLE,,1,IDLE,,1,IDLE,,1,IDLE,,1,PROTECTING,Field_18,1,IDLE,,1,IDLE,,1,IDLE,,1,IDLE,,1,IDLE,,1,IDLE,,1,IDLE,,1,IDLE,,1,IDLE,,1,IDLE,,1,IDLE,,1,IDLE,,1,IDLE,,1,IDLE,,1,IDLE,,1,IDLE,,1,IDLE,,1,IDLE,,1,IDLE,,24,0.20,0,0,9,15,0.08,0,0,4,17,0.14,0,0,2,18,0.00,0,0,1,8,0.05,0,0,1,55,0.15,0,0,6,40,0.10,0,0,2,13,0.17,0,0,6,23,0.08,0,0,2,26,0.23,0,2,6,16,0.06,0,0,2,12,0.04,0,0,3,12,0.02,0,0,1,31,0.19,0,0,2,68,0.36,4,0,2,21,0.27,4,2,5,44,0.15,0,0,3,5,0.00,9,0,0,24,0.17,0,0,6,1,0.04,0,0,2,18,0.06,0,0,2,7,0.03,0,0,1,0,0.00,0,0,2,28,0.01,0,0,1,11,0.07,0,0,1,21,0.08,0,0,2,18,0.09,0,0,2,10,0.04,0,0,2,1,0.05,0,0,2,14,0.14,0,0,2,2,0.00,0,0,2,17,0.08,0,0,2,9,0.07,0,0,2,16,0.15,0,0,2,37,0.11,0,0,3,6,0.09,0,0,3,2,0.01,0,0,2,17,0.07,0,0,2,17,0.10,0,0,3,26,0.16,0,0,3
77,752,58,0,17,0,4,0,1,PROTECTING,Field_15,1,PROTECTING,Field_15,1,IDLE,,1,PROTECTING,Field_15,1,IDLE,,1,PROTECTING,Field_15,1,IDLE,,1,IDLE,,1,IDLE,,1,IDLE,,1,MOVING_TO_FIELD,Field_16,1,PROTECTING,Field_16,1,IDLE,,1,MOVING_TO_FIELD,Field_10,1,IDLE,,1,MOVING_TO_FIELD,Field_16,1,IDLE,,1,PROTECTING,Field_16,1,PROTECTING,Field_16,1,IDLE,,1,PROTECTING,Field_18,1,PROTECTING,Field_18,1,IDLE,,1,IDLE,,1,IDLE,,1,IDLE,,1,IDLE,,1,PROTECTING,Field_18,1,PROTECTING,Field_18,1,PROTECTING,Field_18,1,PROTECTING,Field_18,1,IDLE,,1,IDLE,,1,IDLE,,1,IDLE,,1,IDLE,,1,IDLE,,1,MOVING_TO_FIELD,Field_10,1,PROTECTING,Field_16,1,IDLE,,1,IDLE,,1,IDLE,,1,IDLE,,1,PROTECTING,Field_18,1,PROTECTING,Field_18,1,IDLE,,1,IDLE,,1,IDLE,,1,IDLE,,1,IDLE,,1,IDLE,,1,IDLE,,1,IDLE,,1,IDLE,,1,IDLE,,1,IDLE,,1,IDLE,,1,IDLE,,1,IDLE,,1,PROTECTING,Field_18,1,IDLE,,1,IDLE,,1,IDLE,,1,IDLE,,1,IDLE,,1,IDLE,,1,IDLE,,1,IDLE,,1,IDLE,,1,IDLE,,1,IDLE,,1,IDLE,,1,IDLE,,1,IDLE,,1,IDLE,,1,IDLE,,1,IDLE,,1,IDLE,,1,IDLE,,24,0.20,0,0,9,15,0.06,0,0,4,17,0.14,0,0,2,18,0.03,0,0,1,8,0.05,0,0,1,55,0.14,0,0,6,40,0.10,0,0,2,13,0.18,0,0,6,23,0.08,0,0,2,26,0.24,0,2,6,16,0.06,0,0,2,12,0.05,0,0,3,12,0.03,0,0,1,31,0.17,0,0,2,68,0.37,4,0,2,21,0.27,4,2,5,44,0.14,0,0,3,5,0.00,9,0,0,24,0.16,0,0,6,1,0.05,0,0,2,18,0.06,0,0,2,7,0.03,0,0,1,0,0.00,0,0,2,28,0.01,0,0,1,11,0.07,0,0,1,21,0.08,0,0,2,18,0.08,0,0,2,10,0.04,0,0,2,1,0.05,0,0,2,14,0.13,0,0,2,2,0.00,0,0,2,17,0.09,0,0,2,9,0.05,0,0,2,17,0.15,0,0,2,38,0.10,0,0,3,6,0.09,0,0,3,2,0.01,0,0,2,17,0.07,0,0,2,17,0.09,0,0,3,26,0.16,0,0,3
78,760,58,0,17,0,4,0,1,PROTECTING,Field_15,1,PROTECTING,Field_15,1,IDLE,,1,PROTECTING,Field_15,1,IDLE,,1,PROTECTING,Field_15,1,IDLE,,1,IDLE,,1,IDLE,,1,IDLE,,1,MOVING_TO_FIELD,Field_16,1,PROTECTING,Field_16,1,IDLE,,1,MOVING_TO_FIELD,Field_10,1,IDLE,,1,MOVING_TO_FIELD,Field_16,1,IDLE,,1,PROTECTING,Field_16,1,PROTECTING,Field_16,1,IDLE,,1,PROTECTING,Field_18,1,PROTECTING,Field_18,1,IDLE,,1,IDLE,,1,IDLE,,1,IDLE,,1,IDLE,,1,PROTECTING,Field_18,1,PROTECTING,Field_18,1,PROTECTING,Field_18,1,PROTECTING,Field_18,1,IDLE,,1,IDLE,,1,IDLE,,1,IDLE,,1,IDLE,,1,IDLE,,1,MOVING_TO_FIELD,Field_10,1,PROTECTING,Field_16,1,IDLE,,1,IDLE,,1,IDLE,,1,IDLE,,1,PROTECTING,Field_18,1,PROTECTING,Field_18,1,IDLE,,1,IDLE,,1,IDLE,,1,IDLE,,1,IDLE,,1,IDLE,,1,IDLE,,1,IDLE,,1,IDLE,,1,IDLE,,1,IDLE,,1,IDLE,,1,IDLE,,1,IDLE,,1,PROTECTING,Field_18,1,IDLE,,1,IDLE,,1,IDLE,,1,IDLE,,1,IDLE,,1,IDLE,,1,IDLE,,1,IDLE,,1,IDLE,,1,IDLE,,1,IDLE,,1,IDLE,,1,IDLE,,1,IDLE,,1,IDLE,,1,IDLE,,1,IDLE,,1,IDLE,,1,IDLE,,24,0.20,0,0,9,15,0.06,0,0,4,19,0.14,0,0,2,18,0.03,0,0,1,8,0.05,0,0,1,55,0.14,0,0,6,40,0.10,0,0,2,13,0.16,0,0,6,23,0.08,0,0,2,26,0.24,0,2,6,16,0.06,0,0,2,12,0.06,0,0,3,12,0.03,0,0,1,31,0.20,0,0,2,70,0.38,4,0,2,21,0.26,4,2,5,44,0.13,0,0,3,5,0.00,9,0,0,25,0.16,0,0,6,1,0.05,0,0,2,18,0.06,0,0,2,7,0.03,0,0,1,0,0.00,0,0,2,28,0.01,0,0,1,11,0.07,0,0,1,21,0.05,0,0,2,18,0.09,0,0,2,10,0.04,0,0,2,1,0.05,0,0,2,15,0.12,0,0,2,2,0.00,0,0,2,17,0.09,0,0,2,9,0.05,0,0,2,17,0.13,0,0,2,38,0.10,0,0,3,6,0.07,0,0,3,2,0.01,0,0,2,17,0.07,0,0,2,17,0.08,0,0,3,28,0.17,0,0,3
79,761,58,0,17,0,4,0,1,PROTECTING,Field_15,1,PROTECTING,Field_15,1,IDLE,,1,PROTECTING,Field_15,1,IDLE,,1,PROTECTING,Field_15,1,IDLE,,1,IDLE,,1,IDLE,,1,IDLE,,1,MOVING_TO_FIELD,Field_16,1,PROTECTING,Field_16,1,IDLE,,1,MOVING_TO_FIELD,Field_10,1,IDLE,,1,MOVING_TO_FIELD,Field_16,1,IDLE,,1,PROTECTING,Field_16,1,PROTECTING,Field_16,1,IDLE,,1,PROTECTING,Field_18,1,PROTECTING,Field_18,1,IDLE,,1,IDLE,,1,IDLE,,1,IDLE,,1,IDLE,,1,PROTECTING,Field_18,1,PROTECTING,Field_18,1,PROTECTING,Field_18,1,PROTECTING,Field_18,1,IDLE,,1,IDLE,,1,IDLE,,1,IDLE,,1,IDLE,,1,IDLE,,1,MOVING_TO_FIELD,Field_10,1,PROTECTING,Field_16,1,IDLE,,1,IDLE,,1,IDLE,,1,IDLE,,1,PROTECTING,Field_18,1,PROTECTING,Field_18,1,IDLE,,1,IDLE,,1,IDLE,,1,IDLE,,1,IDLE,,1,IDLE,,1,IDLE,,1,IDLE,,1,IDLE,,1,IDLE,,1,IDLE,,1,IDLE,,1,IDLE,,1,IDLE,,1,PROTECTING,Field_18,1,IDLE,,1,IDLE,,1,IDLE,,1,IDLE,,1,IDLE,,1,IDLE,,1,IDLE,,1,IDLE,,1,IDLE,,1,IDLE,,1,IDLE,,1,IDLE,,1,IDLE,,1,IDLE,,1,IDLE,,1,IDLE,,1,IDLE,,1,IDLE,,1,IDLE,,24,0.20,0,0,9,15,0.06,0,0,4,19,0.14,0,0,2,18,0.03,0,0,1,8,0.03,0,0,1,55,0.14,0,0,6,40,0.09,0,0,2,13,0.17,0,0,6,23,0.10,0,0,2,26,0.24,0,2,6,16,0.06,0,0,2,12,0.05,0,0,3,12,0.03,0,0,1,31,0.19,0,0,2,70,0.38,4,0,2,21,0.26,4,2,5,44,0.14,0,0,3,5,0.00,9,0,0,26,0.13,0,0,6,1,0.05,0,0,2,18,0.06,0,0,2,7,0.03,0,0,1,0,0.00,0,0,2,28,0.01,0,0,1,11,0.07,0,0,1,21,0.04,0,0,2,18,0.10,0,0,2,10,0.04,0,0,2,1,0.05,0,0,2,15,0.12,0,0,2,2,0.00,0,0,2,17,0.08,0,0,2,9,0.05,0,0,2,17,0.15,0,0,2,38,0.10,0,0,3,6,0.07,0,0,3,2,0.01,0,0,2,17,0.07,0,0,2,17,0.09,0,0,3,28,0.18,0,0,3
80,763,58,0,18,0,3,0,1,PROTECTING,Field_15,1,PROTECTING,Field_15,1,IDLE,,1,PROTECTING,Field_15,1,IDLE,,1,PROTECTING,Field_15,1,IDLE,,1,IDLE,,1,IDLE,,1,IDLE,,1,PROTECTING,Field_16,1,PROTECTING,Field_16,1,IDLE,,1,MOVING_TO_FIELD,Field_10,1,IDLE,,1,MOVING_TO_FIELD,Field_16,1,IDLE,,1,PROTECTING,Field_16,1,PROTECTING,Field_16,1,IDLE,,1,PROTECTING,Field_18,1,PROTECTING,Field_18,1,IDLE,,1,IDLE,,1,IDLE,,1,IDLE,,1,IDLE,,1,PROTECTING,Field_18,1,PROTECTING,Field_18,1,PROTECTING,Field_18,1,PROTECTING,Field_18,1,IDLE,,1,IDLE,,1,IDLE,,1,IDLE,,1,IDLE,,1,IDLE,,1,MOVING_TO_FIELD,Field_10,1,PROTECTING,Field_16,1,IDLE,,1,IDLE,,1,IDLE,,1,IDLE,,1,PROTECTING,Field_18,1,PROTECTING,Field_18,1,IDLE,,1,IDLE,,1,IDLE,,1,IDLE,,1,IDLE,,1,IDLE,,1,IDLE,,1,IDLE,,1,IDLE,,1,IDLE,,1,IDLE,,1,IDLE,,1,IDLE,,1,IDLE,,1,PROTECTING,Field_18,1,IDLE,,1,IDLE,,1,IDLE,,1,IDLE,,1,IDLE,,1,IDLE,,1,IDLE,,1,IDLE,,1,IDLE,,1,IDLE,,1,IDLE,,1,IDLE,,1,IDLE,,1,IDLE,,1,IDLE,,1,IDLE,,1,IDLE,,1,IDLE,,1,IDLE,,24,0.19,0,0,9,15,0.06,0,0,4,19,0.13,0,0,2,18,0.03,0,0,1,8,0.03,0,0,1,55,0.15,0,0,6,41,0.09,0,0,2,13,0.17,0,0,6,23,0.09,0,0,2,26,0.24,0,2,6,16,0.06,0,0,2,12,0.06,0,0,3,12,0.03,0,0,1,31,0.15,0,0,2,71,0.38,4,0,2,21,0.28,5,1,4,44,0.13,0,0,3,5,0.00,9,0,0,26,0.13,0,0,6,1,0.05,0,0,2,18,0.06,0,0,2,7,0.02,0,0,1,0,0.00,0,0,2,28,0.01,0,0,1,11,0.05,0,0,1,21,0.04,0,0,2,18,0.10,0,0,2,10,0.04,0,0,2,1,0.05,0,0,2,15,0.10,0,0,2,2,0.00,0,0,2,17,0.08,0,0,2,9,0.04,0,0,2,17,0.17,0,0,2,38,0.10,0,0,3,6,0.07,0,0,3,2,0.01,0,0,2,17,0.07,0,0,2,17,0.09,0,0,3,28,0.20,0,0,3
81,763,56,0,15,0,8,0,1,MOVING_TO_FIELD,Field_10,1,MOVING_TO_FIELD,Field_10,1,IDLE,,1,MOVING_TO_FIELD,Field_10,1,IDLE,,1,PROTECTING,Field_15,1,IDLE,,1,MOVING_TO_FIELD,Field_15,1,IDLE,,1,IDLE,,1,PROTECTING,Field_16,1,PROTECTING,Field_16,1,IDLE,,1,MOVING_TO_FIELD,Field_10,1,IDLE,,1,PROTECTING,Field_16,1,IDLE,,1,MOVING_TO_FIELD,Field_15,1,PROTECTING,Field_16,1,IDLE,,1,PROTECTING,Field_18,1,PROTECTING,Field_18,1,IDLE,,1,IDLE,,1,IDLE,,1,IDLE,,1,IDLE,,1,PROTECTING,Field_18,1,PROTECTING,Field_18,1,PROTECTING,Field_18,1,PROTECTING,Field_18,1,IDLE,,1,IDLE,,1,IDLE,,1,IDLE,,1,IDLE,,1,IDLE,,1,MOVING_TO_FIELD,Field_10,1,PROTECTING,Field_16,1,IDLE,,1,IDLE,,1,IDLE,,1,IDLE,,1,PROTECTING,Field_18,1,PROTECTING,Field_18,1,MOVING_TO_FIELD,Field_18,1,IDLE,,1,IDLE,,1,IDLE,,1,IDLE,,1,IDLE,,1,IDLE,,1,IDLE,,1,IDLE,,1,IDLE,,1,IDLE,,1,IDLE,,1,IDLE,,1,IDLE,,1,PROTECTING,Field_18,1,IDLE,,1,IDLE,,1,IDLE,,1,IDLE,,1,IDLE,,1,IDLE,,1,IDLE,,1,IDLE,,1,IDLE,,1,IDLE,,1,IDLE,,1,IDLE,,1,IDLE,,1,IDLE,,1,IDLE,,1,IDLE,,1,IDLE,,1,IDLE,,1,IDLE,,24,0.20,0,0,9,15,0.06,0,0,4,19,0.13,0,0,2,18,0.03,0,0,1,8,0.03,0,0,1,55,0.14,0,0,6,41,0.09,0,0,2,13,0.18,0,0,6,23,0.09,0,0,2,26,0.23,0,5,6,16,0.06,0,0,2,12,0.05,0,0,3,12,0.03,0,0,1,31,0.14,0,0,2,71,0.38,1,2,5,21,0.28,5,0,4,44,0.13,0,0,3,5,0.00,9,1,0,26,0.12,0,0,6,1,0.05,0,0,2,18,0.06,0,0,2,7,0.02,0,0,1,0,0.00,0,0,2,28,0.03,0,0,1,11,0.05,0,0,1,21,0.04,0,0,2,18,0.10,0,0,2,10,0.04,0,0,2,1,0.05,0,0,2,15,0.10,0,0,2,2,0.00,0,0,2,17,0.06,0,0,2,9,0.04,0,0,2,17,0.17,0,0,2,38,0.08,0,0,3,6,0.07,0,0,3,2,0.01,0,0,2,17,0.07,0,0,2,17,0.08,0,0,3,28,0.20,0,0,3
82,768,56,0,15,0,8,0,1,MOVING_TO_FIELD,Field_10,1,MOVING_TO_FIELD,Field_10,1,IDLE,,1,MOVING_TO_FIELD,Field_10,1,IDLE,,1,PROTECTING,Field_15,1,IDLE,,1,MOVING_TO_FIELD,Field_15,1,IDLE,,1,IDLE,,1,PROTECTING,Field_16,1,PROTECTING,Field_16,1,IDLE,,1,MOVING_TO_FIELD,Field_10,1,IDLE,,1,PROTECTING,Field_16,1,IDLE,,1,MOVING_TO_FIELD,Field_15,1,PROTECTING,Field_16,1,IDLE,,1,PROTECTING,Field_18,1,PROTECTING,Field_18,1,IDLE,,1,IDLE,,1,IDLE,,1,IDLE,,1,IDLE,,1,PROTECTING,Field_18,1,PROTECTING,Field_18,1,PROTECTING,Field_18,1,PROTECTING,Field_18,1,IDLE,,1,IDLE,,1,IDLE,,1,IDLE,,1,IDLE,,1,IDLE,,1,MOVING_TO_FIELD,Field_10,1,PROTECTING,Field_16,1,IDLE,,1,IDLE,,1,IDLE,,1,IDLE,,1,PROTECTING,Field_18,1,PROTECTING,Field_18,1,MOVING_TO_FIELD,Field_18,1,IDLE,,1,IDLE,,1,IDLE,,1,IDLE,,1,IDLE,,1,IDLE,,1,IDLE,,1,IDLE,,1,IDLE,,1,IDLE,,1,IDLE,,1,IDLE,,1,IDLE,,1,PROTECTING,Field_18,1,IDLE,,1,IDLE,,1,IDLE,,1,IDLE,,1,IDLE,,1,IDLE,,1,IDLE,,1,IDLE,,1,IDLE,,1,IDLE,,1,IDLE,,1,IDLE,,1,IDLE,,1,IDLE,,1,IDLE,,1,IDLE,,1,IDLE,,1,IDLE,,1,IDLE,,25,0.19,0,0,9,15,0.06,0,0,4,19,0.14,0,0,2,18,0.03,0,0,1,8,0.03,0,0,1,55,0.14,0,0,6,42,0.09,0,0,2,13,0.17,0,0,6,23,0.10,0,0,2,26,0.21,0,5,6,16,0.06,0,0,2,12,0.05,0,0,3,12,0.03,0,0,1,31,0.15,0,0,2,71,0.39,1,2,5,21,0.27,5,0,4,44,0.14,0,0,3,5,0.00,9,1,0,26,0.11,0,0,6,1,0.04,0,0,2,19,0.06,0,0,2,7,0.02,0,0,1,0,0.00,0,0,2,28,0.03,0,0,1,11,0.05,0,0,1,21,0.04,0,0,2,19,0.11,0,0,2,10,0.04,0,0,2,1,0.05,0,0,2,15,0.09,0,0,2,2,0.00,0,0,2,17,0.06,0,0,2,9,0.04,0,0,2,17,0.17,0,0,2,38,0.08,0,0,3,6,0.07,0,0,3,2,0.01,0,0,2,18,0.07,0,0,2,17,0.07,0,0,3,28,0.20,0,0,3
83,772,56,0,15,0,8,0,1,MOVING_TO_FIELD,Field_10,1,MOVING_TO_FIELD,Field_10,1,IDLE,,1,MOVING_TO_FIELD,Field_10,1,IDLE,,1,PROTECTING,Field_15,1,IDLE,,1,MOVING_TO_FIELD,Field_15,1,IDLE,,1,IDLE,,1,PROTECTING,Field_16,1,PROTECTING,Field_16,1,IDLE,,1,MOVING_TO_FIELD,Field_10,1,IDLE,,1,PROTECTING,Field_16,1,IDLE,,1,MOVING_TO_FIELD,Field_15,1,PROTECTING,Field_16,1,IDLE,,1,PROTECTING,Field_18,1,PROTECTING,Field_18,1,IDLE,,1,IDLE,,1,IDLE,,1,IDLE,,1,IDLE,,1,PROTECTING,Field_18,1,PROTECTING,Field_18,1,PROTECTING,Field_18,1,PROTECTING,Field_18,1,IDLE,,1,IDLE,,1,IDLE,,1,IDLE,,1,IDLE,,1,IDLE,,1,MOVING_TO_FIELD,Field_10,1,PROTECTING,Field_16,1,IDLE,,1,IDLE,,1,IDLE,,1,IDLE,,1,PROTECTING,Field_18,1,PROTECTING,Field_18,1,MOVING_TO_FIELD,Field_18,1,IDLE,,1,IDLE,,1,IDLE,,1,IDLE,,1,IDLE,,1,IDLE,,1,IDLE,,1,IDLE,,1,IDLE,,1,IDLE,,1,IDLE,,1,IDLE,,1,IDLE,,1,PROTECTING,Field_18,1,IDLE,,1,IDLE,,1,IDLE,,1,IDLE,,1,IDLE,,1,IDLE,,1,IDLE,,1,IDLE,,1,IDLE,,1,IDLE,,1,IDLE,,1,IDLE,,1,IDLE,,1,IDLE,,1,IDLE,,1,IDLE,,1,IDLE,,1,IDLE,,1,IDLE,,25,0.18,0,0,9,15,0.05,0,0,4,20,0.14,0,0,2,18,0.03,0,0,1,8,0.03,0,0,1,55,0.14,0,0,6,43,0.09,0,0,2,13,0.17,0,0,6,23,0.09,0,0,2,26,0.20,0,5,6,16,0.06,0,0,2,12,0.04,0,0,3,12,0.03,0,0,1,31,0.14,0,0,2,71,0.39,1,2,5,21,0.27,5,0,4,44,0.15,0,0,3,5,0.00,9,1,0,26,0.11,0,0,6,1,0.04,0,0,2,19,0.06,0,0,2,7,0.02,0,0,1,0,0.00,0,0,2,28,0.03,0,0,1,11,0.04,0,0,1,21,0.04,0,0,2,20,0.10,0,0,2,10,0.04,0,0,2,1,0.05,0,0,2,15,0.12,0,0,2,2,0.00,0,0,2,17,0.06,0,0,2,9,0.04,0,0,2,17,0.17,0,0,2,38,0.08,0,0,3,6,0.07,0,0,3,2,0.01,0,0,2,18,0.07,0,0,2,17,0.07,0,0,3,29,0.20,0,0,3
84,776,56,0,15,0,8,0,1,MOVING_TO_FIELD,Field_10,1,MOVING_TO_FIELD,Field_10,1,IDLE,,1,MOVING_TO_FIELD,Field_10,1,IDLE,,1,PROTECTING,Field_15,1,IDLE,,1,MOVING_TO_FIELD,Field_15,1,IDLE,,1,IDLE,,1,PROTECTING,Field_16,1,PROTECTING,Field_16,1,IDLE,,1,MOVING_TO_FIELD,Field_10,1,IDLE,,1,PROTECTING,Field_16,1,IDLE,,1,MOVING_TO_FIELD,Field_15,1,PROTECTING,Field_16,1,IDLE,,1,PROTECTING,Field_18,1,PROTECTING,Field_18,1,IDLE,,1,IDLE,,1,IDLE,,1,IDLE,,1,IDLE,,1,PROTECTING,Field_18,1,PROTECTING,Field_18,1,PROTECTING,Field_18,1,PROTECTING,Field_18,1,IDLE,,1,IDLE,,1,IDLE,,1,IDLE,,1,IDLE,,1,IDLE,,1,MOVING_TO_FIELD,Field_10,1,PROTECTING,Field_16,1,IDLE,,1,IDLE,,1,IDLE,,1,IDLE,,1,PROTECTING,Field_18,1,PROTECTING,Field_18,1,MOVING_TO_FIELD,Field_18,1,IDLE,,1,IDLE,,1,IDLE,,1,IDLE,,1,IDLE,,1,IDLE,,1,IDLE,,1,IDLE,,1,IDLE,,1,IDLE,,1,IDLE,,1,IDLE,,1,IDLE,,1,PROTECTING,Field_18,1,IDLE,,1,IDLE,,1,IDLE,,1,IDLE,,1,IDLE,,1,IDLE,,1,IDLE,,1,IDLE,,1,IDLE,,1,IDLE,,1,IDLE,,1,IDLE,,1,IDLE,,1,IDLE,,1,IDLE,,1,IDLE,,1,IDLE,,1,IDLE,,1,IDLE,,25,0.18,0,0,9,15,0.05,0,0,4,20,0.14,0,0,2,18,0.03,0,0,1,8,0.05,0,0,1,55,0.14,0,0,6,43,0.09,0,0,2,13,0.17,0,0,6,23,0.09,0,0,2,26,0.19,0,5,6,16,0.06,0,0,2,12,0.05,0,0,3,12,0.02,0,0,1,32,0.14,0,0,2,74,0.39,1,2,5,21,0.28,5,0,4,44,0.14,0,0,3,5,0.00,9,1,0,26,0.10,0,0,6,1,0.04,0,0,2,19,0.06,0,0,2,7,0.02,0,0,1,0,0.00,0,0,2,28,0.03,0,0,1,11,0.04,0,0,1,21,0.05,0,0,2,20,0.10,0,0,2,10,0.04,0,0,2,1,0.03,0,0,2,15,0.12,0,0,2,2,0.00,0,0,2,17,0.06,0,0,2,9,0.04,0,0,2,17,0.18,0,0,2,38,0.08,0,0,3,6,0.07,0,0,3,2,0.01,0,0,2,18,0.07,0,0,2,17,0.07,0,0,3,29,0.21,0,0,3
85,780,56,0,15,0,8,0,1,MOVING_TO_FIELD,Field_10,1,MOVING_TO_FIELD,Field_10,1,IDLE,,1,MOVING_TO_FIELD,Field_10,1,IDLE,,1,PROTECTING,Field_15,1,IDLE,,1,MOVING_TO_FIELD,Field_15,1,IDLE,,1,IDLE,,1,PROTECTING,Field_16,1,PROTECTING,Field_16,1,IDLE,,1,MOVING_TO_FIELD,Field_10,1,IDLE,,1,PROTECTING,Field_16,1,IDLE,,1,MOVING_TO_FIELD,Field_15,1,PROTECTING,Field_16,1,IDLE,,1,PROTECTING,Field_18,1,PROTECTING,Field_18,1,IDLE,,1,IDLE,,1,IDLE,,1,IDLE,,1,IDLE,,1,PROTECTING,Field_18,1,PROTECTING,Field_18,1,PROTECTING,Field_18,1,PROTECTING,Field_18,1,IDLE,,1,IDLE,,1,IDLE,,1,IDLE,,1,IDLE,,1,IDLE,,1,MOVING_TO_FIELD,Field_10,1,PROTECTING,Field_16,1,IDLE,,1,IDLE,,1,IDLE,,1,IDLE,,1,PROTECTING,Field_18,1,PROTECTING,Field_18,1,MOVING_TO_FIELD,Field_18,1,IDLE,,1,IDLE,,1,IDLE,,1,IDLE,,1,IDLE,,1,IDLE,,1,IDLE,,1,IDLE,,1,IDLE,,1,IDLE,,1,IDLE,,1,IDLE,,1,IDLE,,1,PROTECTING,Field_18,1,IDLE,,1,IDLE,,1,IDLE,,1,IDLE,,1,IDLE,,1,IDLE,,1,IDLE,,1,IDLE,,1,IDLE,,1,IDLE,,1,IDLE,,1,IDLE,,1,IDLE,,1,IDLE,,1,IDLE,,1,IDLE,,1,IDLE,,1,IDLE,,1,IDLE,,25,0.17,0,0,9,15,0.05,0,0,4,21,0.13,0,0,2,18,0.03,0,0,1,8,0.05,0,0,1,56,0.13,0,0,6,43,0.09,0,0,2,13,0.17,0,0,6,23,0.10,0,0,2,27,0.19,0,5,6,16,0.06,0,0,2,12,0.04,0,0,3,12,0.02,0,0,1,32,0.13,0,0,2,74,0.36,1,2,5,21,0.28,5,0,4,44,0.15,0,0,3,5,0.00,9,1,0,26,0.10,0,0,6,1,0.04,0,0,2,19,0.06,0,0,2,7,0.02,0,0,1,0,0.02,0,0,2,28,0.03,0,0,1,11,0.04,0,0,1,21,0.05,0,0,2,20,0.11,0,0,2,10,0.04,0,0,2,1,0.02,0,0,2,15,0.10,0,0,2,2,0.00,0,0,2,17,0.06,0,0,2,9,0.02,0,0,2,17,0.18,0,0,2,38,0.06,0,0,3,6,0.07,0,0,3,2,0.01,0,0,2,18,0.07,0,0,2,17,0.07,0,0,3,30,0.21,0,0,3
86,782,56,0,15,0,8,0,1,MOVING_TO_FIELD,Field_10,1,MOVING_TO_FIELD,Field_10,1,IDLE,,1,MOVING_TO_FIELD,Field_10,1,IDLE,,1,PROTECTING,Field_15,1,IDLE,,1,MOVING_TO_FIELD,Field_15,1,IDLE,,1,IDLE,,1,PROTECTING,Field_16,1,PROTECTING,Field_16,1,IDLE,,1,MOVING_TO_FIELD,Field_10,1,IDLE,,1,PROTECTING,Field_16,1,IDLE,,1,MOVING_TO_FIELD,Field_15,1,PROTECTING,Field_16,1,IDLE,,1,PROTECTING,Field_18,1,PROTECTING,Field_18,1,IDLE,,1,IDLE,,1,IDLE,,1,IDLE,,1,IDLE,,1,PROTECTING,Field_18,1,PROTECTING,Field_18,1,PROTECTING,Field_18,1,PROTECTING,Field_18,1,IDLE,,1,IDLE,,1,IDLE,,1,IDLE,,1,IDLE,,1,IDLE,,1,MOVING_TO_FIELD,Field_10,1,PROTECTING,Field_16,1,IDLE,,1,IDLE,,1,IDLE,,1,IDLE,,1,PROTECTING,Field_18,1,PROTECTING,Field_18,1,MOVING_TO_FIELD,Field_18,1,IDLE,,1,IDLE,,1,IDLE,,1,IDLE,,1,IDLE,,1,IDLE,,1,IDLE,,1,IDLE,,1,IDLE,,1,IDLE,,1,IDLE,,1,IDLE,,1,IDLE,,1,PROTECTING,Field_18,1,IDLE,,1,IDLE,,1,IDLE,,1,IDLE,,1,IDLE,,1,IDLE,,1,IDLE,,1,IDLE,,1,IDLE,,1,IDLE,,1,IDLE,,1,IDLE,,1,IDLE,,1,IDLE,,1,IDLE,,1,IDLE,,1,IDLE,,1,IDLE,,1,IDLE,,25,0.17,0,0,9,15,0.05,0,0,4,21,0.14,0,0,2,18,0.03,0,0,1,8,0.05,0,0,1,56,0.13,0,0,6,43,0.09,0,0,2,13,0.16,0,0,6,23,0.12,0,0,2,27,0.19,0,5,6,16,0.04,0,0,2,12,0.04,0,0,3,12,0.02,0,0,1,32,0.10,0,0,2,74,0.35,1,2,5,21,0.28,5,0,4,44,0.15,0,0,3,5,0.00,9,1,0,26,0.10,0,0,6,1,0.04,0,0,2,19,0.05,0,0,2,7,0.02,0,0,1,0,0.02,0,0,2,28,0.03,0,0,1,11,0.04,0,0,1,21,0.05,0,0,2,20,0.10,0,0,2,10,0.02,0,0,2,1,0.02,0,0,2,15,0.10,0,0,2,2,0.00,0,0,2,17,0.06,0,0,2,9,0.02,0,0,2,18,0.18,0,0,2,38,0.06,0,0,3,6,0.07,0,0,3,2,0.01,0,0,2,18,0.07,0,0,2,17,0.07,0,0,3,31,0.21,0,0,3
87,787,56,0,15,0,8,0,1,MOVING_TO_FIELD,Field_10,1,MOVING_TO_FIELD,Field_10,1,IDLE,,1,MOVING_TO_FIELD,Field_10,1,IDLE,,1,PROTECTING,Field_15,1,IDLE,,1,MOVING_TO_FIELD,Field_15,1,IDLE,,1,IDLE,,1,PROTECTING,Field_16,1,PROTECTING,Field_16,1,IDLE,,1,MOVING_TO_FIELD,Field_10,1,IDLE,,1,PROTECTING,Field_16,1,IDLE,,1,MOVING_TO_FIELD,Field_15,1,PROTECTING,Field_16,1,IDLE,,1,PROTECTING,Field_18,1,PROTECTING,Field_18,1,IDLE,,1,IDLE,,1,IDLE,,1,IDLE,,1,IDLE,,1,PROTECTING,Field_18,1,PROTECTING,Field_18,1,PROTECTING,Field_18,1,PROTECTING,Field_18,1,IDLE,,1,IDLE,,1,IDLE,,1,IDLE,,1,IDLE,,1,IDLE,,1,MOVING_TO_FIELD,Field_10,1,PROTECTING,Field_16,1,IDLE,,1,IDLE,,1,IDLE,,1,IDLE,,1,PROTECTING,Field_18,1,PROTECTING,Field_18,1,MOVING_TO_FIELD,Field_18,1,IDLE,,1,IDLE,,1,IDLE,,1,IDLE,,1,IDLE,,1,IDLE,,1,IDLE,,1,IDLE,,1,IDLE,,1,IDLE,,1,IDLE,,1,IDLE,,1,IDLE,,1,PROTECTING,Field_18,1,IDLE,,1,IDLE,,1,IDLE,,1,IDLE,,1,IDLE,,1,IDLE,,1,IDLE,,1,IDLE,,1,IDLE,,1,IDLE,,1,IDLE,,1,IDLE,,1,IDLE,,1,IDLE,,1,IDLE,,1,IDLE,,1,IDLE,,1,IDLE,,1,IDLE,,25,0.16,0,0,9,15,0.04,0,0,4,21,0.14,0,0,2,18,0.05,0,0,1,8,0.05,0,0,1,56,0.12,0,0,6,44,0.10,0,0,2,13,0.15,0,0,6,23,0.12,0,0,2,27,0.19,0,5,6,16,0.04,0,0,2,12,0.04,0,0,3,12,0.02,0,0,1,32,0.09,0,0,2,77,0.35,1,2,5,21,0.27,5,0,4,44,0.16,0,0,3,5,0.01,9,1,0,26,0.11,0,0,6,1,0.04,0,0,2,19,0.05,0,0,2,7,0.02,0,0,1,0,0.02,0,0,2,28,0.03,0,0,1,11,0.04,0,0,1,21,0.05,0,0,2,20,0.09,0,0,2,10,0.02,0,0,2,1,0.02,0,0,2,15,0.10,0,0,2,2,0.00,0,0,2,17,0.06,0,0,2,9,0.02,0,0,2,19,0.20,0,0,2,38,0.05,0,0,3,6,0.07,0,0,3,2,0.01,0,0,2,18,0.07,0,0,2,17,0.07,0,0,3,31,0.21,0,0,3
88,796,56,0,15,0,8,0,1,MOVING_TO_FIELD,Field_10,1,MOVING_TO_FIELD,Field_10,1,IDLE,,1,MOVING_TO_FIELD,Field_10,1,IDLE,,1,PROTECTING,Field_15,1,IDLE,,1,MOVING_TO_FIELD,Field_15,1,IDLE,,1,IDLE,,1,PROTECTING,Field_16,1,PROTECTING,Field_16,1,IDLE,,1,MOVING_TO_FIELD,Field_10,1,IDLE,,1,PROTECTING,Field_16,1,IDLE,,1,MOVING_TO_FIELD,Field_15,1,PROTECTING,Field_16,1,IDLE,,1,PROTECTING,Field_18,1,PROTECTING,Field_18,1,IDLE,,1,IDLE,,1,IDLE,,1,IDLE,,1,IDLE,,1,PROTECTING,Field_18,1,PROTECTING,Field_18,1,PROTECTING,Field_18,1,PROTECTING,Field_18,1,IDLE,,1,IDLE,,1,IDLE,,1,IDLE,,1,IDLE,,1,IDLE,,1,MOVING_TO_FIELD,Field_10,1,PROTECTING,Field_16,1,IDLE,,1,IDLE,,1,IDLE,,1,IDLE,,1,PROTECTING,Field_18,1,PROTECTING,Field_18,1,MOVING_TO_FIELD,Field_18,1,IDLE,,1,IDLE,,1,IDLE,,1,IDLE,,1,IDLE,,1,IDLE,,1,IDLE,,1,IDLE,,1,IDLE,,1,IDLE,,1,IDLE,,1,IDLE,,1,IDLE,,1,PROTECTING,Field_18,1,IDLE,,1,IDLE,,1,IDLE,,1,IDLE,,1,IDLE,,1,IDLE,,1,IDLE,,1,IDLE,,1,IDLE,,1,IDLE,,1,IDLE,,1,IDLE,,1,IDLE,,1,IDLE,,1,IDLE,,1,IDLE,,1,IDLE,,1,IDLE,,1,IDLE,,25,0.15,0,0,9,15,0.04,0,0,4,23,0.13,0,0,2,18,0.05,0,0,1,8,0.05,0,0,1,57,0.12,0,0,6,45,0.13,0,0,2,13,0.16,0,0,6,23,0.13,0,0,2,27,0.18,0,5,6,16,0.04,0,0,2,12,0.04,0,0,3,12,0.02,0,0,1,32,0.10,0,0,2,80,0.35,1,2,5,23,0.28,5,0,4,44,0.16,0,0,3,5,0.01,9,1,0,26,0.11,0,0,6,1,0.04,0,0,2,19,0.06,0,0,2,7,0.02,0,0,1,0,0.02,0,0,2,28,0.04,0,0,1,11,0.02,0,0,1,21,0.09,0,0,2,20,0.09,0,0,2,10,0.02,0,0,2,1,0.02,0,0,2,15,0.10,0,0,2,2,0.00,0,0,2,17,0.06,0,0,2,9,0.04,0,0,2,19,0.20,0,0,2,38,0.05,0,0,3,6,0.07,0,0,3,2,0.01,0,0,2,18,0.09,0,0,2,17,0.07,0,0,3,31,0.21,0,0,3
89,800,56,0,15,0,8,0,1,MOVING_TO_FIELD,Field_10,1,MOVING_TO_FIELD,Field_10,1,IDLE,,1,MOVING_TO_FIELD,Field_10,1,IDLE,,1,PROTECTING,Field_15,1,IDLE,,1,MOVING_TO_FIELD,Field_15,1,IDLE,,1,IDLE,,1,PROTECTING,Field_16,1,PROTECTING,Field_16,1,IDLE,,1,MOVING_TO_FIELD,Field_10,1,IDLE,,1,PROTECTING,Field_16,1,IDLE,,1,MOVING_TO_FIELD,Field_15,1,PROTECTING,Field_16,1,IDLE,,1,PROTECTING,Field_18,1,PROTECTING,Field_18,1,IDLE,,1,IDLE,,1,IDLE,,1,IDLE,,1,IDLE,,1,PROTECTING,Field_18,1,PROTECTING,Field_18,1,PROTECTING,Field_18,1,PROTECTING,Field_18,1,IDLE,,1,IDLE,,1,IDLE,,1,IDLE,,1,IDLE,,1,IDLE,,1,MOVING_TO_FIELD,Field_10,1,PROTECTING,Field_16,1,IDLE,,1,IDLE,,1,IDLE,,1,IDLE,,1,PROTECTING,Field_18,1,PROTECTING,Field_18,1,MOVING_TO_FIELD,Field_18,1,IDLE,,1,IDLE,,1,IDLE,,1,IDLE,,1,IDLE,,1,IDLE,,1,IDLE,,1,IDLE,,1,IDLE,,1,IDLE,,1,IDLE,,1,IDLE,,1,IDLE,,1,PROTECTING,Field_18,1,IDLE,,1,IDLE,,1,IDLE,,1,IDLE,,1,IDLE,,1,IDLE,,1,IDLE,,1,IDLE,,1,IDLE,,1,IDLE,,1,IDLE,,1,IDLE,,1,IDLE,,1,IDLE,,1,IDLE,,1,IDLE,,1,IDLE,,1,IDLE,,1,IDLE,,25,0.14,0,0,9,15,0.04,0,0,4,24,0.13,0,0,2,18,0.05,0,0,1,8,0.03,0,0,1,58,0.12,0,0,6,45,0.13,0,0,2,13,0.16,0,0,6,23,0.13,0,0,2,27,0.18,0,5,6,16,0.04,0,0,2,12,0.04,0,0,3,12,0.02,0,0,1,32,0.10,0,0,2,80,0.33,1,2,5,24,0.28,5,0,4,45,0.17,0,0,3,5,0.01,9,1,0,26,0.11,0,0,6,1,0.04,0,0,2,19,0.05,0,0,2,7,0.02,0,0,1,0,0.02,0,0,2,28,0.04,0,0,1,11,0.02,0,0,1,21,0.09,0,0,2,20,0.09,0,0,2,10,0.02,0,0,2,1,0.03,0,0,2,15,0.10,0,0,2,2,0.00,0,0,2,17,0.06,0,0,2,9,0.04,0,0,2,19,0.20,0,0,2,38,0.06,0,0,3,6,0.07,0,0,3,2,0.01,0,0,2,18,0.07,0,0,2,17,0.07,0,0,3,31,0.20,0,0,3
90,809,56,0,15,0,8,0,1,MOVING_TO_FIELD,Field_10,1,MOVING_TO_FIELD,Field_10,1,IDLE,,1,MOVING_TO_FIELD,Field_10,1,IDLE,,1,PROTECTING,Field_15,1,IDLE,,1,MOVING_TO_FIELD,Field_15,1,IDLE,,1,IDLE,,1,PROTECTING,Field_16,1,PROTECTING,Field_16,1,IDLE,,1,MOVING_TO_FIELD,Field_10,1,IDLE,,1,PROTECTING,Field_16,1,IDLE,,1,MOVING_TO_FIELD,Field_15,1,PROTECTING,Field_16,1,IDLE,,1,PROTECTING,Field_18,1,PROTECTING,Field_18,1,IDLE,,1,IDLE,,1,IDLE,,1,IDLE,,1,IDLE,,1,PROTECTING,Field_18,1,PROTECTING,Field_18,1,PROTECTING,Field_18,1,PROTECTING,Field_18,1,IDLE,,1,IDLE,,1,IDLE,,1,IDLE,,1,IDLE,,1,IDLE,,1,MOVING_TO_FIELD,Field_10,1,PROTECTING,Field_16,1,IDLE,,1,IDLE,,1,IDLE,,1,IDLE,,1,PROTECTING,Field_18,1,PROTECTING,Field_18,1,MOVING_TO_FIELD,Field_18,1,IDLE,,1,IDLE,,1,IDLE,,1,IDLE,,1,IDLE,,1,IDLE,,1,IDLE,,1,IDLE,,1,IDLE,,1,IDLE,,1,IDLE,,1,IDLE,,1,IDLE,,1,PROTECTING,Field_18,1,IDLE,,1,IDLE,,1,IDLE,,1,IDLE,,1,IDLE,,1,IDLE,,1,IDLE,,1,IDLE,,1,IDLE,,1,IDLE,,1,IDLE,,1,IDLE,,1,IDLE,,1,IDLE,,1,IDLE,,1,IDLE,,1,IDLE,,1,IDLE,,1,IDLE,,25,0.13,0,0,9,15,0.04,0,0,4,24,0.13,0,0,2,18,0.05,0,0,1,8,0.03,0,0,1,60,0.13,0,0,6,45,0.13,0,0,2,13,0.17,0,0,6,24,0.12,0,0,2,28,0.19,0,5,6,16,0.04,0,0,2,12,0.02,0,0,3,12,0.02,0,0,1,33,0.12,0,0,2,82,0.33,1,2,5,25,0.25,5,0,4,45,0.17,0,0,3,5,0.01,9,1,0,26,0.11,0,0,6,1,0.04,0,0,2,19,0.05,0,0,2,7,0.02,0,0,1,0,0.02,0,0,2,28,0.03,0,0,1,11,0.02,0,0,1,21,0.09,0,0,2,20,0.09,0,0,2,10,0.02,0,0,2,1,0.03,0,0,2,16,0.10,0,0,2,2,0.00,0,0,2,17,0.05,0,0,2,9,0.04,0,0,2,19,0.18,0,0,2,38,0.06,0,0,3,6,0.07,0,0,3,2,0.01,0,0,2,18,0.07,0,0,2,17,0.07,0,0,3,31,0.20,0,0,3
91,812,52,0,2,0,25,0,1,PROTECTING,Field_10,1,MOVING_TO_FIELD,Field_10,1,IDLE,,1,MOVING_TO_FIELD,Field_10,1,IDLE,,1,PROTECTING,Field_15,1,IDLE,,1,MOVING_TO_FIELD,Field_15,1,IDLE,,1,IDLE,,1,MOVING_TO_FIELD,Field_15,1,MOVING_TO_FIELD,Field_15,1,IDLE,,1,MOVING_TO_FIELD,Field_10,1,IDLE,,1,MOVING_TO_FIELD,Field_15,1,IDLE,,1,MOVING_TO_FIELD,Field_15,1,MOVING_TO_FIELD,Field_15,1,IDLE,,1,MOVING_TO_FIELD,Field_16,1,MOVING_TO_FIELD,Field_16,1,MOVING_TO_FIELD,Field_18,1,MOVING_TO_FIELD,Field_18,1,MOVING_TO_FIELD,Field_18,1,MOVING_TO_FIELD,Field_18,1,MOVING_TO_FIELD,Field_18,1,MOVING_TO_FIELD,Field_16,1,MOVING_TO_FIELD,Field_16,1,MOVING_TO_FIELD,Field_16,1,MOVING_TO_FIELD,Field_16,1,IDLE,,1,IDLE,,1,IDLE,,1,IDLE,,1,IDLE,,1,IDLE,,1,MOVING_TO_FIELD,Field_10,1,MOVING_TO_FIELD,Field_15,1,IDLE,,1,IDLE,,1,IDLE,,1,IDLE,,1,MOVING_TO_FIELD,Field_16,1,MOVING_TO_FIELD,Field_16,1,IDLE,,1,IDLE,,1,IDLE,,1,IDLE,,1,IDLE,,1,IDLE,,1,IDLE,,1,IDLE,,1,IDLE,,1,IDLE,,1,IDLE,,1,IDLE,,1,IDLE,,1,IDLE,,1,MOVING_TO_FIELD,Field_16,1,IDLE,,1,IDLE,,1,IDLE,,1,IDLE,,1,IDLE,,1,IDLE,,1,IDLE,,1,IDLE,,1,IDLE,,1,IDLE,,1,IDLE,,1,IDLE,,1,IDLE,,1,IDLE,,1,IDLE,,1,IDLE,,1,IDLE,,1,IDLE,,1,IDLE,,25,0.13,0,0,9,15,0.04,0,0,4,24,0.13,0,0,2,18,0.05,0,0,1,8,0.03,0,0,1,60,0.14,0,0,6,45,0.13,0,0,2,13,0.16,0,0,6,24,0.12,0,0,2,30,0.19,1,4,5,16,0.04,0,0,2,12,0.01,0,0,3,12,0.02,0,0,1,33,0.10,0,0,2,82,0.34,1,7,5,25,0.25,0,9,9,45,0.18,0,0,3,5,0.01,0,5,9,26,0.10,0,0,6,1,0.04,0,0,2,19,0.05,0,0,2,7,0.02,0,0,1,0,0.02,0,0,2,28,0.03,0,0,1,11,0.00,0,0,1,21,0.09,0,0,2,20,0.10,0,0,2,10,0.02,0,0,2,1,0.03,0,0,2,17,0.09,0,0,2,2,0.00,0,0,2,17,0.05,0,0,2,9,0.05,0,0,2,19,0.17,0,0,2,38,0.06,0,0,3,6,0.03,0,0,3,2,0.01,0,0,2,18,0.07,0,0,2,17,0.07,0,0,3,31,0.20,0,0,3
92,815,52,0,2,0,25,0,1,PROTECTING,Field_10,1,MOVING_TO_FIELD,Field_10,1,IDLE,,1,MOVING_TO_FIELD,Field_10,1,IDLE,,1,PROTECTING,Field_15,1,IDLE,,1,MOVING_TO_FIELD,Field_15,1,IDLE,,1,IDLE,,1,MOVING_TO_FIELD,Field_15,1,MOVING_TO_FIELD,Field_15,1,IDLE,,1,MOVING_TO_FIELD,Field_10,1,IDLE,,1,MOVING_TO_FIELD,Field_15,1,IDLE,,1,MOVING_TO_FIELD,Field_15,1,MOVING_TO_FIELD,Field_15,1,IDLE,,1,MOVING_TO_FIELD,Field_16,1,MOVING_TO_FIELD,Field_16,1,MOVING_TO_FIELD,Field_18,1,MOVING_TO_FIELD,Field_18,1,MOVING_TO_FIELD,Field_18,1,MOVING_TO_FIELD,Field_18,1,MOVING_TO_FIELD,Field_18,1,MOVING_TO_FIELD,Field_16,1,MOVING_TO_FIELD,Field_16,1,MOVING_TO_FIELD,Field_16,1,MOVING_TO_FIELD,Field_16,1,IDLE,,1,IDLE,,1,IDLE,,1,IDLE,,1,IDLE,,1,IDLE,,1,MOVING_TO_FIELD,Field_10,1,MOVING_TO_FIELD,Field_15,1,IDLE,,1,IDLE,,1,IDLE,,1,IDLE,,1,MOVING_TO_FIELD,Field_16,1,MOVING_TO_FIELD,Field_16,1,IDLE,,1,IDLE,,1,IDLE,,1,IDLE,,1,IDLE,,1,IDLE,,1,IDLE,,1,IDLE,,1,IDLE,,1,IDLE,,1,IDLE,,1,IDLE,,1,IDLE,,1,IDLE,,1,MOVING_TO_FIELD,Field_16,1,IDLE,,1,IDLE,,1,IDLE,,1,IDLE,,1,IDLE,,1,IDLE,,1,IDLE,,1,IDLE,,1,IDLE,,1,IDLE,,1,IDLE,,1,IDLE,,1,IDLE,,1,IDLE,,1,IDLE,,1,IDLE,,1,IDLE,,1,IDLE,,1,IDLE,,25,0.13,0,0,9,15,0.04,0,0,4,24,0.13,0,0,2,18,0.05,0,0,1,8,0.03,0,0,1,60,0.14,0,0,6,45,0.13,0,0,2,13,0.15,0,0,6,24,0.12,0,0,2,30,0.19,1,4,5,16,0.04,0,0,2,12,0.03,0,0,3,12,0.02,0,0,1,34,0.09,0,0,2,82,0.34,1,7,5,26,0.25,0,9,9,46,0.18,0,0,3,5,0.01,0,5,9,26,0.10,0,0,6,1,0.04,0,0,2,19,0.05,0,0,2,7,0.00,0,0,1,0,0.02,0,0,2,28,0.03,0,0,1,11,0.00,0,0,1,21,0.09,0,0,2,20,0.10,0,0,2,10,0.02,0,0,2,1,0.03,0,0,2,17,0.09,0,0,2,2,0.00,0,0,2,17,0.05,0,0,2,9,0.05,0,0,2,19,0.15,0,0,2,38,0.06,0,0,3,6,0.03,0,0,3,2,0.01,0,0,2,18,0.06,0,0,2,17,0.07,0,0,3,31,0.20,0,0,3
93,816,52,0,2,0,25,0,1,PROTECTING,Field_10,1,MOVING_TO_FIELD,Field_10,1,IDLE,,1,MOVING_TO_FIELD,Field_10,1,IDLE,,1,PROTECTING,Field_15,1,IDLE,,1,MOVING_TO_FIELD,Field_15,1,IDLE,,1,IDLE,,1,MOVING_TO_FIELD,Field_15,1,MOVING_TO_FIELD,Field_15,1,IDLE,,1,MOVING_TO_FIELD,Field_10,1,IDLE,,1,MOVING_TO_FIELD,Field_15,1,IDLE,,1,MOVING_TO_FIELD,Field_15,1,MOVING_TO_FIELD,Field_15,1,IDLE,,1,MOVING_TO_FIELD,Field_16,1,MOVING_TO_FIELD,Field_16,1,MOVING_TO_FIELD,Field_18,1,MOVING_TO_FIELD,Field_18,1,MOVING_TO_FIELD,Field_18,1,MOVING_TO_FIELD,Field_18,1,MOVING_TO_FIELD,Field_18,1,MOVING_TO_FIELD,Field_16,1,MOVING_TO_FIELD,Field_16,1,MOVING_TO_FIELD,Field_16,1,MOVING_TO_FIELD,Field_16,1,IDLE,,1,IDLE,,1,IDLE,,1,IDLE,,1,IDLE,,1,IDLE,,1,MOVING_TO_FIELD,Field_10,1,MOVING_TO_FIELD,Field_15,1,IDLE,,1,IDLE,,1,IDLE,,1,IDLE,,1,MOVING_TO_FIELD,Field_16,1,MOVING_TO_FIELD,Field_16,1,IDLE,,1,IDLE,,1,IDLE,,1,IDLE,,1,IDLE,,1,IDLE,,1,IDLE,,1,IDLE,,1,IDLE,,1,IDLE,,1,IDLE,,1,IDLE,,1,IDLE,,1,IDLE,,1,MOVING_TO_FIELD,Field_16,1,IDLE,,1,IDLE,,1,IDLE,,1,IDLE,,1,IDLE,,1,IDLE,,1,IDLE,,1,IDLE,,1,IDLE,,1,IDLE,,1,IDLE,,1,IDLE,,1,IDLE,,1,IDLE,,1,IDLE,,1,IDLE,,1,IDLE,,1,IDLE,,1,IDLE,,25,0.14,0,0,9,15,0.04,0,0,4,24,0.13,0,0,2,18,0.05,0,0,1,8,0.03,0,0,1,60,0.14,0,0,6,45,0.13,0,0,2,13,0.14,0,0,6,24,0.12,0,0,2,30,0.18,1,4,5,16,0.04,0,0,2,12,0.04,0,0,3,12,0.02,0,0,1,34,0.09,0,0,2,82,0.34,1,7,5,27,0.26,0,9,9,46,0.18,0,0,3,5,0.02,0,5,9,26,0.10,0,0,6,1,0.04,0,0,2,19,0.05,0,0,2,7,0.00,0,0,1,0,0.02,0,0,2,28,0.03,0,0,1,11,0.02,0,0,1,21,0.09,0,0,2,20,0.10,0,0,2,10,0.02,0,0,2,1,0.05,0,0,2,17,0.08,0,0,2,2,0.00,0,0,2,17,0.05,0,0,2,9,0.05,0,0,2,19,0.15,0,0,2,38,0.07,0,0,3,6,0.03,0,0,3,2,0.01,0,0,2,18,0.06,0,0,2,17,0.05,0,0,3,31,0.17,0,0,3
94,821,52,0,2,0,25,0,1,PROTECTING,Field_10,1,MOVING_TO_FIELD,Field_10,1,IDLE,,1,MOVING_TO_FIELD,Field_10,1,IDLE,,1,PROTECTING,Field_15,1,IDLE,,1,MOVING_TO_FIELD,Field_15,1,IDLE,,1,IDLE,,1,MOVING_TO_FIELD,Field_15,1,MOVING_TO_FIELD,Field_15,1,IDLE,,1,MOVING_TO_FIELD,Field_10,1,IDLE,,1,MOVING_TO_FIELD,Field_15,1,IDLE,,1,MOVING_TO_FIELD,Field_15,1,MOVING_TO_FIELD,Field_15,1,IDLE,,1,MOVING_TO_FIELD,Field_16,1,MOVING_TO_FIELD,Field_16,1,MOVING_TO_FIELD,Field_18,1,MOVING_TO_FIELD,Field_18,1,MOVING_TO_FIELD,Field_18,1,MOVING_TO_FIELD,Field_18,1,MOVING_TO_FIELD,Field_18,1,MOVING_TO_FIELD,Field_16,1,MOVING_TO_FIELD,Field_16,1,MOVING_TO_FIELD,Field_16,1,MOVING_TO_FIELD,Field_16,1,IDLE,,1,IDLE,,1,IDLE,,1,IDLE,,1,IDLE,,1,IDLE,,1,MOVING_TO_FIELD,Field_10,1,MOVING_TO_FIELD,Field_15,1,IDLE,,1,IDLE,,1,IDLE,,1,IDLE,,1,MOVING_TO_FIELD,Field_16,1,MOVING_TO_FIELD,Field_16,1,IDLE,,1,IDLE,,1,IDLE,,1,IDLE,,1,IDLE,,1,IDLE,,1,IDLE,,1,IDLE,,1,IDLE,,1,IDLE,,1,IDLE,,1,IDLE,,1,IDLE,,1,IDLE,,1,MOVING_TO_FIELD,Field_16,1,IDLE,,1,IDLE,,1,IDLE,,1,IDLE,,1,IDLE,,1,IDLE,,1,IDLE,,1,IDLE,,1,IDLE,,1,IDLE,,1,IDLE,,1,IDLE,,1,IDLE,,1,IDLE,,1,IDLE,,1,IDLE,,1,IDLE,,1,IDLE,,1,IDLE,,25,0.14,0,0,9,15,0.03,0,0,4,24,0.11,0,0,2,18,0.05,0,0,1,8,0.03,0,0,1,62,0.15,0,0,6,45,0.13,0,0,2,13,0.14,0,0,6,24,0.13,0,0,2,30,0.19,1,4,5,16,0.04,0,0,2,12,0.03,0,0,3,12,0.02,0,0,1,34,0.09,0,0,2,84,0.34,1,7,5,27,0.26,0,9,9,47,0.18,0,0,3,5,0.02,0,5,9,26,0.10,0,0,6,1,0.03,0,0,2,19,0.05,0,0,2,7,0.00,0,0,1,0,0.02,0,0,2,28,0.03,0,0,1,11,0.02,0,0,1,21,0.10,0,0,2,20,0.10,0,0,2,10,0.02,0,0,2,1,0.05,0,0,2,17,0.06,0,0,2,2,0.00,0,0,2,17,0.05,0,0,2,9,0.07,0,0,2,19,0.15,0,0,2,38,0.06,0,0,3,6,0.03,0,0,3,2,0.01,0,0,2,18,0.06,0,0,2,17,0.05,0,0,3,31,0.16,0,0,3
95,825,52,0,2,0,25,0,1,PROTECTING,Field_10,1,MOVING_TO_FIELD,Field_10,1,IDLE,,1,MOVING_TO_FIELD,Field_10,1,IDLE,,1,PROTECTING,Field_15,1,IDLE,,1,MOVING_TO_FIELD,Field_15,1,IDLE,,1,IDLE,,1,MOVING_TO_FIELD,Field_15,1,MOVING_TO_FIELD,Field_15,1,IDLE,,1,MOVING_TO_FIELD,Field_10,1,IDLE,,1,MOVING_TO_FIELD,Field_15,1,IDLE,,1,MOVING_TO_FIELD,Field_15,1,MOVING_TO_FIELD,Field_15,1,IDLE,,1,MOVING_TO_FIELD,Field_16,1,MOVING_TO_FIELD,Field_16,1,MOVING_TO_FIELD,Field_18,1,MOVING_TO_FIELD,Field_18,1,MOVING_TO_FIELD,Field_18,1,MOVING_TO_FIELD,Field_18,1,MOVING_TO_FIELD,Field_18,1,MOVING_TO_FIELD,Field_16,1,MOVING_TO_FIELD,Field_16,1,MOVING_TO_FIELD,Field_16,1,MOVING_TO_FIELD,Field_16,1,IDLE,,1,IDLE,,1,IDLE,,1,IDLE,,1,IDLE,,1,IDLE,,1,MOVING_TO_FIELD,Field_10,1,MOVING_TO_FIELD,Field_15,1,IDLE,,1,IDLE,,1,IDLE,,1,IDLE,,1,MOVING_TO_FIELD,Field_16,1,MOVING_TO_FIELD,Field_16,1,IDLE,,1,IDLE,,1,IDLE,,1,IDLE,,1,IDLE,,1,IDLE,,1,IDLE,,1,IDLE,,1,IDLE,,1,IDLE,,1,IDLE,,1,IDLE,,1,IDLE,,1,IDLE,,1,MOVING_TO_FIELD,Field_16,1,IDLE,,1,IDLE,,1,IDLE,,1,IDLE,,1,IDLE,,1,IDLE,,1,IDLE,,1,IDLE,,1,IDLE,,1,IDLE,,1,IDLE,,1,IDLE,,1,IDLE,,1,IDLE,,1,IDLE,,1,IDLE,,1,IDLE,,1,IDLE,,1,IDLE,,25,0.14,0,0,9,15,0.01,0,0,4,24,0.11,0,0,2,18,0.05,0,0,1,8,0.03,0,0,1,62,0.15,0,0,6,45,0.13,0,0,2,13,0.14,0,0,6,24,0.12,0,0,2,30,0.19,1,4,5,16,0.04,0,0,2,12,0.03,0,0,3,12,0.02,0,0,1,34,0.09,0,0,2,86,0.33,1,7,5,28,0.26,0,9,9,47,0.17,0,0,3,5,0.03,0,5,9,26,0.10,0,0,6,1,0.01,0,0,2,19,0.06,0,0,2,7,0.00,0,0,1,0,0.02,0,0,2,28,0.04,0,0,1,11,0.02,0,0,1,21,0.09,0,0,2,21,0.10,0,0,2,10,0.02,0,0,2,1,0.05,0,0,2,17,0.08,0,0,2,2,0.00,0,0,2,17,0.06,0,0,2,9,0.09,0,0,2,19,0.15,0,0,2,38,0.06,0,0,3,6,0.03,0,0,3,2,0.01,0,0,2,18,0.06,0,0,2,17,0.05,0,0,3,31,0.16,0,0,3
96,828,52,0,2,0,25,0,1,PROTECTING,Field_10,1,MOVING_TO_FIELD,Field_10,1,IDLE,,1,MOVING_TO_FIELD,Field_10,1,IDLE,,1,PROTECTING,Field_15,1,IDLE,,1,MOVING_TO_FIELD,Field_15,1,IDLE,,1,IDLE,,1,MOVING_TO_FIELD,Field_15,1,MOVING_TO_FIELD,Field_15,1,IDLE,,1,MOVING_TO_FIELD,Field_10,1,IDLE,,1,MOVING_TO_FIELD,Field_15,1,IDLE,,1,MOVING_TO_FIELD,Field_15,1,MOVING_TO_FIELD,Field_15,1,IDLE,,1,MOVING_TO_FIELD,Field_16,1,MOVING_TO_FIELD,Field_16,1,MOVING_TO_FIELD,Field_18,1,MOVING_TO_FIELD,Field_18,1,MOVING_TO_FIELD,Field_18,1,MOVING_TO_FIELD,Field_18,1,MOVING_TO_FIELD,Field_18,1,MOVING_TO_FIELD,Field_16,1,MOVING_TO_FIELD,Field_16,1,MOVING_TO_FIELD,Field_16,1,MOVING_TO_FIELD,Field_16,1,IDLE,,1,IDLE,,1,IDLE,,1,IDLE,,1,IDLE,,1,IDLE,,1,MOVING_TO_FIELD,Field_10,1,MOVING_TO_FIELD,Field_15,1,IDLE,,1,IDLE,,1,IDLE,,1,IDLE,,1,MOVING_TO_FIELD,Field_16,1,MOVING_TO_FIELD,Field_16,1,IDLE,,1,IDLE,,1,IDLE,,1,IDLE,,1,IDLE,,1,IDLE,,1,IDLE,,1,IDLE,,1,IDLE,,1,IDLE,,1,IDLE,,1,IDLE,,1,IDLE,,1,IDLE,,1,MOVING_TO_FIELD,Field_16,1,IDLE,,1,IDLE,,1,IDLE,,1,IDLE,,1,IDLE,,1,IDLE,,1,IDLE,,1,IDLE,,1,IDLE,,1,IDLE,,1,IDLE,,1,IDLE,,1,IDLE,,1,IDLE,,1,IDLE,,1,IDLE,,1,IDLE,,1,IDLE,,1,IDLE,,25,0.14,0,0,9,15,0.01,0,0,4,24,0.11,0,0,2,18,0.05,0,0,1,8,0.03,0,0,1,62,0.14,0,0,6,46,0.13,0,0,2,13,0.14,0,0,6,24,0.13,0,0,2,30,0.17,1,4,5,16,0.04,0,0,2,12,0.04,0,0,3,12,0.02,0,0,1,34,0.08,0,0,2,86,0.33,1,7,5,28,0.26,0,9,9,47,0.16,0,0,3,5,0.03,0,5,9,26,0.11,0,0,6,1,0.01,0,0,2,19,0.06,0,0,2,7,0.00,0,0,1,0,0.00,0,0,2,28,0.04,0,0,1,11,0.02,0,0,1,21,0.09,0,0,2,21,0.09,0,0,2,10,0.00,0,0,2,1,0.02,0,0,2,17,0.08,0,0,2,2,0.00,0,0,2,17,0.06,0,0,2,9,0.09,0,0,2,21,0.15,0,0,2,38,0.05,0,0,3,6,0.03,0,0,3,2,0.01,0,0,2,18,0.06,0,0,2,17,0.05,0,0,3,31,0.16,0,0,3
97,830,52,0,4,0,23,0,1,PROTECTING,Field_10,1,PROTECTING,Field_10,1,IDLE,,1,PROTECTING,Field_10,1,IDLE,,1,PROTECTING,Field_15,1,IDLE,,1,MOVING_TO_FIELD,Field_15,1,IDLE,,1,IDLE,,1,MOVING_TO_FIELD,Field_15,1,MOVING_TO_FIELD,Field_15,1,IDLE,,1,MOVING_TO_FIELD,Field_10,1,IDLE,,1,MOVING_TO_FIELD,Field_15,1,IDLE,,1,MOVING_TO_FIELD,Field_15,1,MOVING_TO_FIELD,Field_15,1,IDLE,,1,MOVING_TO_FIELD,Field_16,1,MOVING_TO_FIELD,Field_16,1,MOVING_TO_FIELD,Field_18,1,MOVING_TO_FIELD,Field_18,1,MOVING_TO_FIELD,Field_18,1,MOVING_TO_FIELD,Field_18,1,MOVING_TO_FIELD,Field_18,1,MOVING_TO_FIELD,Field_16,1,MOVING_TO_FIELD,Field_16,1,MOVING_TO_FIELD,Field_16,1,MOVING_TO_FIELD,Field_16,1,IDLE,,1,IDLE,,1,IDLE,,1,IDLE,,1,IDLE,,1,IDLE,,1,MOVING_TO_FIELD,Field_10,1,MOVING_TO_FIELD,Field_15,1,IDLE,,1,IDLE,,1,IDLE,,1,IDLE,,1,MOVING_TO_FIELD,Field_16,1,MOVING_TO_FIELD,Field_16,1,IDLE,,1,IDLE,,1,IDLE,,1,IDLE,,1,IDLE,,1,IDLE,,1,IDLE,,1,IDLE,,1,IDLE,,1,IDLE,,1,IDLE,,1,IDLE,,1,IDLE,,1,IDLE,,1,MOVING_TO_FIELD,Field_16,1,IDLE,,1,IDLE,,1,IDLE,,1,IDLE,,1,IDLE,,1,IDLE,,1,IDLE,,1,IDLE,,1,IDLE,,1,IDLE,,1,IDLE,,1,IDLE,,1,IDLE,,1,IDLE,,1,IDLE,,1,IDLE,,1,IDLE,,1,IDLE,,1,IDLE,,25,0.14,0,0,9,15,0.01,0,0,4,24,0.11,0,0,2,18,0.05,0,0,1,8,0.03,0,0,1,62,0.15,0,0,6,47,0.13,0,0,2,13,0.15,0,0,6,24,0.10,0,0,2,30,0.17,3,2,3,16,0.04,0,0,2,12,0.04,0,0,3,12,0.02,0,0,1,34,0.08,0,0,2,86,0.33,1,7,5,29,0.26,0,9,9,47,0.15,0,0,3,5,0.03,0,5,9,26,0.11,0,0,6,1,0.01,0,0,2,19,0.06,0,0,2,7,0.00,0,0,1,0,0.00,0,0,2,28,0.04,0,0,1,11,0.02,0,0,1,21,0.09,0,0,2,21,0.09,0,0,2,10,0.00,0,0,2,1,0.02,0,0,2,17,0.08,0,0,2,2,0.00,0,0,2,17,0.06,0,0,2,9,0.09,0,0,2,21,0.15,0,0,2,38,0.06,0,0,3,6,0.03,0,0,3,2,0.01,0,0,2,18,0.06,0,0,2,17,0.05,0,0,3,31,0.16,0,0,3
98,832,52,0,4,0,23,0,1,PROTECTING,Field_10,1,PROTECTING,Field_10,1,IDLE,,1,PROTECTING,Field_10,1,IDLE,,1,PROTECTING,Field_15,1,IDLE,,1,MOVING_TO_FIELD,Field_15,1,IDLE,,1,IDLE,,1,MOVING_TO_FIELD,Field_15,1,MOVING_TO_FIELD,Field_15,1,IDLE,,1,MOVING_TO_FIELD,Field_10,1,IDLE,,1,MOVING_TO_FIELD,Field_15,1,IDLE,,1,MOVING_TO_FIELD,Field_15,1,MOVING_TO_FIELD,Field_15,1,IDLE,,1,MOVING_TO_FIELD,Field_16,1,MOVING_TO_FIELD,Field_16,1,MOVING_TO_FIELD,Field_18,1,MOVING_TO_FIELD,Field_18,1,MOVING_TO_FIELD,Field_18,1,MOVING_TO_FIELD,Field_18,1,MOVING_TO_FIELD,Field_18,1,MOVING_TO_FIELD,Field_16,1,MOVING_TO_FIELD,Field_16,1,MOVING_TO_FIELD,Field_16,1,MOVING_TO_FIELD,Field_16,1,IDLE,,1,IDLE,,1,IDLE,,1,IDLE,,1,IDLE,,1,IDLE,,1,MOVING_TO_FIELD,Field_10,1,MOVING_TO_FIELD,Field_15,1,IDLE,,1,IDLE,,1,IDLE,,1,IDLE,,1,MOVING_TO_FIELD,Field_16,1,MOVING_TO_FIELD,Field_16,1,IDLE,,1,IDLE,,1,IDLE,,1,IDLE,,1,IDLE,,1,IDLE,,1,IDLE,,1,IDLE,,1,IDLE,,1,IDLE,,1,IDLE,,1,IDLE,,1,IDLE,,1,IDLE,,1,MOVING_TO_FIELD,Field_16,1,IDLE,,1,IDLE,,1,IDLE,,1,IDLE,,1,IDLE,,1,IDLE,,1,IDLE,,1,IDLE,,1,IDLE,,1,IDLE,,1,IDLE,,1,IDLE,,1,IDLE,,1,IDLE,,1,IDLE,,1,IDLE,,1,IDLE,,1,IDLE,,1,IDLE,,25,0.14,0,0,9,15,0.01,0,0,4,24,0.11,0,0,2,18,0.05,0,0,1,8,0.03,0,0,1,63,0.14,0,0,6,47,0.13,0,0,2,13,0.14,0,0,6,24,0.10,0,0,2,30,0.17,3,2,3,16,0.04,0,0,2,12,0.04,0,0,3,12,0.02,0,0,1,34,0.08,0,0,2,86,0.33,1,7,5,30,0.26,0,9,9,47,0.15,0,0,3,5,0.04,0,5,9,26,0.11,0,0,6,1,0.01,0,0,2,19,0.06,0,0,2,7,0.00,0,0,1,0,0.00,0,0,2,28,0.05,0,0,1,11,0.02,0,0,1,21,0.09,0,0,2,21,0.08,0,0,2,10,0.00,0,0,2,1,0.02,0,0,2,17,0.08,0,0,2,2,0.00,0,0,2,17,0.06,0,0,2,9,0.09,0,0,2,21,0.15,0,0,2,38,0.06,0,0,3,6,0.05,0,0,3,2,0.01,0,0,2,18,0.06,0,0,2,17,0.05,0,0,3,31,0.16,0,0,3
99,838,52,0,4,0,23,0,1,PROTECTING,Field_10,1,PROTECTING,Field_10,1,IDLE,,1,PROTECTING,Field_10,1,IDLE,,1,PROTECTING,Field_15,1,IDLE,,1,MOVING_TO_FIELD,Field_15,1,IDLE,,1,IDLE,,1,MOVING_TO_FIELD,Field_15,1,MOVING_TO_FIELD,Field_15,1,IDLE,,1,MOVING_TO_FIELD,Field_10,1,IDLE,,1,MOVING_TO_FIELD,Field_15,1,IDLE,,1,MOVING_TO_FIELD,Field_15,1,MOVING_TO_FIELD,Field_15,1,IDLE,,1,MOVING_TO_FIELD,Field_16,1,MOVING_TO_FIELD,Field_16,1,MOVING_TO_FIELD,Field_18,1,MOVING_TO_FIELD,Field_18,1,MOVING_TO_FIELD,Field_18,1,MOVING_TO_FIELD,Field_18,1,MOVING_TO_FIELD,Field_18,1,MOVING_TO_FIELD,Field_16,1,MOVING_TO_FIELD,Field_16,1,MOVING_TO_FIELD,Field_16,1,MOVING_TO_FIELD,Field_16,1,IDLE,,1,IDLE,,1,IDLE,,1,IDLE,,1,IDLE,,1,IDLE,,1,MOVING_TO_FIELD,Field_10,1,MOVING_TO_FIELD,Field_15,1,IDLE,,1,IDLE,,1,IDLE,,1,IDLE,,1,MOVING_TO_FIELD,Field_16,1,MOVING_TO_FIELD,Field_16,1,IDLE,,1,IDLE,,1,IDLE,,1,IDLE,,1,IDLE,,1,IDLE,,1,IDLE,,1,IDLE,,1,IDLE,,1,IDLE,,1,IDLE,,1,IDLE,,1,IDLE,,1,IDLE,,1,MOVING_TO_FIELD,Field_16,1,IDLE,,1,IDLE,,1,IDLE,,1,IDLE,,1,IDLE,,1,IDLE,,1,IDLE,,1,IDLE,,1,IDLE,,1,IDLE,,1,IDLE,,1,IDLE,,1,IDLE,,1,IDLE,,1,IDLE,,1,IDLE,,1,IDLE,,1,IDLE,,1,IDLE,,25,0.13,0,0,9,15,0.01,0,0,4,24,0.12,0,0,2,18,0.05,0,0,1,8,0.03,0,0,1,63,0.13,0,0,6,48,0.14,0,0,2,13,0.14,0,0,6,24,0.12,0,0,2,30,0.16,3,2,3,16,0.04,0,0,2,12,0.04,0,0,3,12,0.02,0,0,1,34,0.08,0,0,2,87,0.31,1,7,5,31,0.26,0,9,9,48,0.14,0,0,3,5,0.04,0,5,9,26,0.12,0,0,6,1,0.03,0,0,2,19,0.06,0,0,2,7,0.00,0,0,1,0,0.00,0,0,2,28,0.05,0,0,1,11,0.02,0,0,1,21,0.09,0,0,2,21,0.08,0,0,2,10,0.00,0,0,2,1,0.02,0,0,2,17,0.08,0,0,2,2,0.00,0,0,2,17,0.06,0,0,2,10,0.09,0,0,2,22,0.13,0,0,2,38,0.06,0,0,3,6,0.05,0,0,3,2,0.01,0,0,2,18,0.07,0,0,2,17,0.05,0,0,3,31,0.16,0,0,3
100,838,52,0,4,0,23,0,1,PROTECTING,Field_10,1,PROTECTING,Field_10,1,IDLE,,1,PROTECTING,Field_10,1,IDLE,,1,PROTECTING,Field_15,1,IDLE,,1,MOVING_TO_FIELD,Field_15,1,IDLE,,1,IDLE,,1,MOVING_TO_FIELD,Field_15,1,MOVING_TO_FIELD,Field_15,1,IDLE,,1,MOVING_TO_FIELD,Field_10,1,IDLE,,1,MOVING_TO_FIELD,Field_15,1,IDLE,,1,MOVING_TO_FIELD,Field_15,1,MOVING_TO_FIELD,Field_15,1,IDLE,,1,MOVING_TO_FIELD,Field_16,1,MOVING_TO_FIELD,Field_16,1,MOVING_TO_FIELD,Field_18,1,MOVING_TO_FIELD,Field_18,1,MOVING_TO_FIELD,Field_18,1,MOVING_TO_FIELD,Field_18,1,MOVING_TO_FIELD,Field_18,1,MOVING_TO_FIELD,Field_16,1,MOVING_TO_FIELD,Field_16,1,MOVING_TO_FIELD,Field_16,1,MOVING_TO_FIELD,Field_16,1,IDLE,,1,IDLE,,1,IDLE,,1,IDLE,,1,IDLE,,1,IDLE,,1,MOVING_TO_FIELD,Field_10,1,MOVING_TO_FIELD,Field_15,1,IDLE,,1,IDLE,,1,IDLE,,1,IDLE,,1,MOVING_TO_FIELD,Field_16,1,MOVING_TO_FIELD,Field_16,1,IDLE,,1,IDLE,,1,IDLE,,1,IDLE,,1,IDLE,,1,IDLE,,1,IDLE,,1,IDLE,,1,IDLE,,1,IDLE,,1,IDLE,,1,IDLE,,1,IDLE,,1,IDLE,,1,MOVING_TO_FIELD,Field_16,1,IDLE,,1,IDLE,,1,IDLE,,1,IDLE,,1,IDLE,,1,IDLE,,1,IDLE,,1,IDLE,,1,IDLE,,1,IDLE,,1,IDLE,,1,IDLE,,1,IDLE,,1,IDLE,,1,IDLE,,1,IDLE,,1,IDLE,,1,IDLE,,1,IDLE,,25,0.12,0,0,9,15,0.01,0,0,4,24,0.11,0,0,2,18,0.05,0,0,1,8,0.03,0,0,1,63,0.13,0,0,6,48,0.15,0,0,2,13,0.15,0,0,6,24,0.11,0,0,2,30,0.16,3,2,3,16,0.04,0,0,2,12,0.04,0,0,3,12,0.02,0,0,1,34,0.08,0,0,2,87,0.33,1,7,5,31,0.25,0,9,9,48,0.14,0,0,3,5,0.04,0,5,9,26,0.12,0,0,6,1,0.03,0,0,2,19,0.06,0,0,2,7,0.02,0,0,1,0,0.00,0,0,2,28,0.05,0,0,1,11,0.02,0,0,1,21,0.09,0,0,2,21,0.08,0,0,2,10,0.00,0,0,2,1,0.02,0,0,2,17,0.06,0,0,2,2,0.00,0,0,2,17,0.06,0,0,2,10,0.09,0,0,2,22,0.13,0,0,2,38,0.07,0,0,3,6,0.05,0,0,3,2,0.01,0,0,2,18,0.07,0,0,2,17,0.06,0,0,3,31,0.16,0,0,3
101,839,53,0,5,0,21,0,1,PROTECTING,Field_10,1,PROTECTING,Field_10,1,IDLE,,1,PROTECTING,Field_10,1,IDLE,,1,PROTECTING,Field_15,1,IDLE,,1,MOVING_TO_FIELD,Field_15,1,IDLE,,1,IDLE,,1,MOVING_TO_FIELD,Field_15,1,MOVING_TO_FIELD,Field_15,1,IDLE,,1,PROTECTING,Field_10,1,IDLE,,1,MOVING_TO_FIELD,Field_15,1,IDLE,,1,MOVING_TO_FIELD,Field_15,1,IDLE,,1,IDLE,,1,MOVING_TO_FIELD,Field_16,1,MOVING_TO_FIELD,Field_16,1,MOVING_TO_FIELD,Field_18,1,MOVING_TO_FIELD,Field_18,1,MOVING_TO_FIELD,Field_18,1,MOVING_TO_FIELD,Field_18,1,MOVING_TO_FIELD,Field_18,1,MOVING_TO_FIELD,Field_16,1,MOVING_TO_FIELD,Field_16,1,MOVING_TO_FIELD,Field_16,1,MOVING_TO_FIELD,Field_16,1,IDLE,,1,IDLE,,1,IDLE,,1,IDLE,,1,IDLE,,1,IDLE,,1,MOVING_TO_FIELD,Field_10,1,MOVING_TO_FIELD,Field_15,1,IDLE,,1,IDLE,,1,IDLE,,1,IDLE,,1,MOVING_TO_FIELD,Field_16,1,MOVING_TO_FIELD,Field_16,1,IDLE,,1,IDLE,,1,IDLE,,1,IDLE,,1,IDLE,,1,IDLE,,1,IDLE,,1,IDLE,,1,IDLE,,1,IDLE,,1,IDLE,,1,IDLE,,1,IDLE,,1,IDLE,,1,MOVING_TO_FIELD,Field_16,1,IDLE,,1,IDLE,,1,IDLE,,1,IDLE,,1,IDLE,,1,IDLE,,1,IDLE,,1,IDLE,,1,IDLE,,1,IDLE,,1,IDLE,,1,IDLE,,1,IDLE,,1,IDLE,,1,IDLE,,1,IDLE,,1,IDLE,,1,IDLE,,1,IDLE,,25,0.12,0,0,9,15,0.01,0,0,4,24,0.12,0,0,2,18,0.05,0,0,1,8,0.00,0,0,1,63,0.15,0,0,6,48,0.15,0,0,2,13,0.15,0,0,6,24,0.11,0,0,2,30,0.16,4,1,2,16,0.04,0,0,2,12,0.04,0,0,3,12,0.02,0,0,1,34,0.09,0,0,2,87,0.33,1,6,5,32,0.25,0,9,9,48,0.14,0,0,3,5,0.04,0,5,9,26,0.11,0,0,6,1,0.03,0,0,2,19,0.06,0,0,2,7,0.02,0,0,1,0,0.00,0,0,2,28,0.05,0,0,1,11,0.02,0,0,1,21,0.10,0,0,2,21,0.08,0,0,2,10,0.00,0,0,2,1,0.02,0,0,2,17,0.05,0,0,2,2,0.00,0,0,2,17,0.06,0,0,2,10,0.12,0,0,2,22,0.12,0,0,2,38,0.07,0,0,3,6,0.05,0,0,3,2,0.01,0,0,2,18,0.05,0,0,2,17,0.06,0,0,3,31,0.16,0,0,3
102,842,53,0,5,0,21,0,1,PROTECTING,Field_10,1,PROTECTING,Field_10,1,IDLE,,1,PROTECTING,Field_10,1,IDLE,,1,PROTECTING,Field_15,1,IDLE,,1,MOVING_TO_FIELD,Field_15,1,IDLE,,1,IDLE,,1,MOVING_TO_FIELD,Field_15,1,MOVING_TO_FIELD,Field_15,1,IDLE,,1,PROTECTING,Field_10,1,IDLE,,1,MOVING_TO_FIELD,Field_15,1,IDLE,,1,MOVING_TO_FIELD,Field_15,1,IDLE,,1,IDLE,,1,MOVING_TO_FIELD,Field_16,1,MOVING_TO_FIELD,Field_16,1,MOVING_TO_FIELD,Field_18,1,MOVING_TO_FIELD,Field_18,1,MOVING_TO_FIELD,Field_18,1,MOVING_TO_FIELD,Field_18,1,MOVING_TO_FIELD,Field_18,1,MOVING_TO_FIELD,Field_16,1,MOVING_TO_FIELD,Field_16,1,MOVING_TO_FIELD,Field_16,1,MOVING_TO_FIELD,Field_16,1,IDLE,,1,IDLE,,1,IDLE,,1,IDLE,,1,IDLE,,1,IDLE,,1,MOVING_TO_FIELD,Field_10,1,MOVING_TO_FIELD,Field_15,1,IDLE,,1,IDLE,,1,IDLE,,1,IDLE,,1,MOVING_TO_FIELD,Field_16,1,MOVING_TO_FIELD,Field_16,1,IDLE,,1,IDLE,,1,IDLE,,1,IDLE,,1,IDLE,,1,IDLE,,1,IDLE,,1,IDLE,,1,IDLE,,1,IDLE,,1,IDLE,,1,IDLE,,1,IDLE,,1,IDLE,,1,MOVING_TO_FIELD,Field_16,1,IDLE,,1,IDLE,,1,IDLE,,1,IDLE,,1,IDLE,,1,IDLE,,1,IDLE,,1,IDLE,,1,IDLE,,1,IDLE,,1,IDLE,,1,IDLE,,1,IDLE,,1,IDLE,,1,IDLE,,1,IDLE,,1,IDLE,,1,IDLE,,1,IDLE,,25,0.12,0,0,9,15,0.01,0,0,4,24,0.12,0,0,2,18,0.05,0,0,1,8,0.00,0,0,1,63,0.15,0,0,6,49,0.16,0,0,2,13,0.14,0,0,6,24,0.10,0,0,2,30,0.15,4,1,2,16,0.04,0,0,2,12,0.04,0,0,3,12,0.02,0,0,1,34,0.09,0,0,2,89,0.33,1,6,5,32,0.25,0,9,9,48,0.14,0,0,3,5,0.04,0,5,9,26,0.12,0,0,6,1,0.03,0,0,2,19,0.06,0,0,2,7,0.02,0,0,1,0,0.00,0,0,2,28,0.07,0,0,1,11,0.02,0,0,1,21,0.08,0,0,2,21,0.08,0,0,2,10,0.00,0,0,2,1,0.02,0,0,2,17,0.05,0,0,2,2,0.00,0,0,2,17,0.05,0,0,2,10,0.12,0,0,2,22,0.15,0,0,2,38,0.07,0,0,3,6,0.05,0,0,3,2,0.01,0,0,2,18,0.05,0,0,2,17,0.06,0,0,3,31,0.16,0,0,3
103,845,53,0,5,0,21,0,1,PROTECTING,Field_10,1,PROTECTING,Field_10,1,IDLE,,1,PROTECTING,Field_10,1,IDLE,,1,PROTECTING,Field_15,1,IDLE,,1,MOVING_TO_FIELD,Field_15,1,IDLE,,1,IDLE,,1,MOVING_TO_FIELD,Field_15,1,MOVING_TO_FIELD,Field_15,1,IDLE,,1,PROTECTING,Field_10,1,IDLE,,1,MOVING_TO_FIELD,Field_15,1,IDLE,,1,MOVING_TO_FIELD,Field_15,1,IDLE,,1,IDLE,,1,MOVING_TO_FIELD,Field_16,1,MOVING_TO_FIELD,Field_16,1,MOVING_TO_FIELD,Field_18,1,MOVING_TO_FIELD,Field_18,1,MOVING_TO_FIELD,Field_18,1,MOVING_TO_FIELD,Field_18,1,MOVING_TO_FIELD,Field_18,1,MOVING_TO_FIELD,Field_16,1,MOVING_TO_FIELD,Field_16,1,MOVING_TO_FIELD,Field_16,1,MOVING_TO_FIELD,Field_16,1,IDLE,,1,IDLE,,1,IDLE,,1,IDLE,,1,IDLE,,1,IDLE,,1,MOVING_TO_FIELD,Field_10,1,MOVING_TO_FIELD,Field_15,1,IDLE,,1,IDLE,,1,IDLE,,1,IDLE,,1,MOVING_TO_FIELD,Field_16,1,MOVING_TO_FIELD,Field_16,1,IDLE,,1,IDLE,,1,IDLE,,1,IDLE,,1,IDLE,,1,IDLE,,1,IDLE,,1,IDLE,,1,IDLE,,1,IDLE,,1,IDLE,,1,IDLE,,1,IDLE,,1,IDLE,,1,MOVING_TO_FIELD,Field_16,1,IDLE,,1,IDLE,,1,IDLE,,1,IDLE,,1,IDLE,,1,IDLE,,1,IDLE,,1,IDLE,,1,IDLE,,1,IDLE,,1,IDLE,,1,IDLE,,1,IDLE,,1,IDLE,,1,IDLE,,1,IDLE,,1,IDLE,,1,IDLE,,1,IDLE,,25,0.13,0,0,9,15,0.01,0,0,4,25,0.13,0,0,2,18,0.05,0,0,1,8,0.00,0,0,1,63,0.14,0,0,6,49,0.18,0,0,2,14,0.14,0,0,6,24,0.10,0,0,2,30,0.15,4,1,2,16,0.04,0,0,2,12,0.03,0,0,3,12,0.02,0,0,1,34,0.09,0,0,2,89,0.33,1,6,5,32,0.23,0,9,9,48,0.13,0,0,3,5,0.03,0,5,9,26,0.11,0,0,6,1,0.01,0,0,2,19,0.06,0,0,2,7,0.02,0,0,1,0,0.00,0,0,2,28,0.07,0,0,1,11,0.02,0,0,1,21,0.08,0,0,2,21,0.08,0,0,2,10,0.00,0,0,2,1,0.02,0,0,2,17,0.04,0,0,2,2,0.00,0,0,2,17,0.05,0,0,2,10,0.12,0,0,2,22,0.13,0,0,2,38,0.08,0,0,3,6,0.05,0,0,3,2,0.01,0,0,2,18,0.05,0,0,2,17,0.07,0,0,3,32,0.17,0,0,3
104,852,53,0,5,0,21,0,1,PROTECTING,Field_10,1,PROTECTING,Field_10,1,IDLE,,1,PROTECTING,Field_10,1,IDLE,,1,PROTECTING,Field_15,1,IDLE,,1,MOVING_TO_FIELD,Field_15,1,IDLE,,1,IDLE,,1,MOVING_TO_FIELD,Field_15,1,MOVING_TO_FIELD,Field_15,1,IDLE,,1,PROTECTING,Field_10,1,IDLE,,1,MOVING_TO_FIELD,Field_15,1,IDLE,,1,MOVING_TO_FIELD,Field_15,1,IDLE,,1,IDLE,,1,MOVING_TO_FIELD,Field_16,1,MOVING_TO_FIELD,Field_16,1,MOVING_TO_FIELD,Field_18,1,MOVING_TO_FIELD,Field_18,1,MOVING_TO_FIELD,Field_18,1,MOVING_TO_FIELD,Field_18,1,MOVING_TO_FIELD,Field_18,1,MOVING_TO_FIELD,Field_16,1,MOVING_TO_FIELD,Field_16,1,MOVING_TO_FIELD,Field_16,1,MOVING_TO_FIELD,Field_16,1,IDLE,,1,IDLE,,1,IDLE,,1,IDLE,,1,IDLE,,1,IDLE,,1,MOVING_TO_FIELD,Field_10,1,MOVING_TO_FIELD,Field_15,1,IDLE,,1,IDLE,,1,IDLE,,1,IDLE,,1,MOVING_TO_FIELD,Field_16,1,MOVING_TO_FIELD,Field_16,1,IDLE,,1,IDLE,,1,IDLE,,1,IDLE,,1,IDLE,,1,IDLE,,1,IDLE,,1,IDLE,,1,IDLE,,1,IDLE,,1,IDLE,,1,IDLE,,1,IDLE,,1,IDLE,,1,MOVING_TO_FIELD,Field_16,1,IDLE,,1,IDLE,,1,IDLE,,1,IDLE,,1,IDLE,,1,IDLE,,1,IDLE,,1,IDLE,,1,IDLE,,1,IDLE,,1,IDLE,,1,IDLE,,1,IDLE,,1,IDLE,,1,IDLE,,1,IDLE,,1,IDLE,,1,IDLE,,1,IDLE,,25,0.13,0,0,9,15,0.01,0,0,4,28,0.13,0,0,2,18,0.05,0,0,1,8,0.00,0,0,1,63,0.14,0,0,6,50,0.18,0,0,2,14,0.14,0,0,6,24,0.09,0,0,2,30,0.15,4,1,2,16,0.04,0,0,2,12,0.04,0,0,3,12,0.02,0,0,1,34,0.09,0,0,2,92,0.32,1,6,5,32,0.23,0,9,9,48,0.12,0,0,3,5,0.03,0,5,9,26,0.11,0,0,6,1,0.05,0,0,2,19,0.06,0,0,2,7,0.02,0,0,1,0,0.00,0,0,2,28,0.08,0,0,1,11,0.04,0,0,1,21,0.08,0,0,2,21,0.07,0,0,2,10,0.00,0,0,2,1,0.02,0,0,2,17,0.04,0,0,2,2,0.00,0,0,2,17,0.05,0,0,2,10,0.14,0,0,2,22,0.13,0,0,2,38,0.08,0,0,3,6,0.05,0,0,3,2,0.01,0,0,2,18,0.05,0,0,2,17,0.07,0,0,3,32,0.17,0,0,3
105,857,53,0,5,0,21,0,1,PROTECTING,Field_10,1,PROTECTING,Field_10,1,IDLE,,1,PROTECTING,Field_10,1,IDLE,,1,PROTECTING,Field_15,1,IDLE,,1,MOVING_TO_FIELD,Field_15,1,IDLE,,1,IDLE,,1,MOVING_TO_FIELD,Field_15,1,MOVING_TO_FIELD,Field_15,1,IDLE,,1,PROTECTING,Field_10,1,IDLE,,1,MOVING_TO_FIELD,Field_15,1,IDLE,,1,MOVING_TO_FIELD,Field_15,1,IDLE,,1,IDLE,,1,MOVING_TO_FIELD,Field_16,1,MOVING_TO_FIELD,Field_16,1,MOVING_TO_FIELD,Field_18,1,MOVING_TO_FIELD,Field_18,1,MOVING_TO_FIELD,Field_18,1,MOVING_TO_FIELD,Field_18,1,MOVING_TO_FIELD,Field_18,1,MOVING_TO_FIELD,Field_16,1,MOVING_TO_FIELD,Field_16,1,MOVING_TO_FIELD,Field_16,1,MOVING_TO_FIELD,Field_16,1,IDLE,,1,IDLE,,1,IDLE,,1,IDLE,,1,IDLE,,1,IDLE,,1,MOVING_TO_FIELD,Field_10,1,MOVING_TO_FIELD,Field_15,1,IDLE,,1,IDLE,,1,IDLE,,1,IDLE,,1,MOVING_TO_FIELD,Field_16,1,MOVING_TO_FIELD,Field_16,1,IDLE,,1,IDLE,,1,IDLE,,1,IDLE,,1,IDLE,,1,IDLE,,1,IDLE,,1,IDLE,,1,IDLE,,1,IDLE,,1,IDLE,,1,IDLE,,1,IDLE,,1,IDLE,,1,MOVING_TO_FIELD,Field_16,1,IDLE,,1,IDLE,,1,IDLE,,1,IDLE,,1,IDLE,,1,IDLE,,1,IDLE,,1,IDLE,,1,IDLE,,1,IDLE,,1,IDLE,,1,IDLE,,1,IDLE,,1,IDLE,,1,IDLE,,1,IDLE,,1,IDLE,,1,IDLE,,1,IDLE,,25,0.12,0,0,9,15,0.01,0,0,4,29,0.13,0,0,2,18,0.05,0,0,1,8,0.00,0,0,1,63,0.12,0,0,6,51,0.16,0,0,2,14,0.14,0,0,6,24,0.08,0,0,2,30,0.14,4,1,2,16,0.04,0,0,2,12,0.04,0,0,3,12,0.02,0,0,1,34,0.10,0,0,2,94,0.32,1,6,5,33,0.23,0,9,9,48,0.12,0,0,3,5,0.03,0,5,9,26,0.11,0,0,6,1,0.04,0,0,2,19,0.06,0,0,2,7,0.02,0,0,1,0,0.00,0,0,2,28,0.08,0,0,1,11,0.04,0,0,1,21,0.08,0,0,2,21,0.07,0,0,2,10,0.02,0,0,2,1,0.02,0,0,2,17,0.04,0,0,2,2,0.00,0,0,2,17,0.04,0,0,2,10,0.12,0,0,2,22,0.15,0,0,2,38,0.08,0,0,3,6,0.05,0,0,3,2,0.01,0,0,2,18,0.05,0,0,2,17,0.07,0,0,3,32,0.17,0,0,3
106,861,53,0,6,0,20,0,1,PROTECTING,Field_10,1,PROTECTING,Field_10,1,IDLE,,1,PROTECTING,Field_10,1,IDLE,,1,PROTECTING,Field_15,1,IDLE,,1,MOVING_TO_FIELD,Field_15,1,IDLE,,1,IDLE,,1,MOVING_TO_FIELD,Field_15,1,MOVING_TO_FIELD,Field_15,1,IDLE,,1,PROTECTING,Field_10,1,IDLE,,1,MOVING_TO_FIELD,Field_15,1,IDLE,,1,MOVING_TO_FIELD,Field_15,1,IDLE,,1,IDLE,,1,MOVING_TO_FIELD,Field_16,1,MOVING_TO_FIELD,Field_16,1,MOVING_TO_FIELD,Field_18,1,MOVING_TO_FIELD,Field_18,1,MOVING_TO_FIELD,Field_18,1,PROTECTING,Field_18,1,MOVING_TO_FIELD,Field_18,1,MOVING_TO_FIELD,Field_16,1,MOVING_TO_FIELD,Field_16,1,MOVING_TO_FIELD,Field_16,1,MOVING_TO_FIELD,Field_16,1,IDLE,,1,IDLE,,1,IDLE,,1,IDLE,,1,IDLE,,1,IDLE,,1,MOVING_TO_FIELD,Field_10,1,MOVING_TO_FIELD,Field_15,1,IDLE,,1,IDLE,,1,IDLE,,1,IDLE,,1,MOVING_TO_FIELD,Field_16,1,MOVING_TO_FIELD,Field_16,1,IDLE,,1,IDLE,,1,IDLE,,1,IDLE,,1,IDLE,,1,IDLE,,1,IDLE,,1,IDLE,,1,IDLE,,1,IDLE,,1,IDLE,,1,IDLE,,1,IDLE,,1,IDLE,,1,MOVING_TO_FIELD,Field_16,1,IDLE,,1,IDLE,,1,IDLE,,1,IDLE,,1,IDLE,,1,IDLE,,1,IDLE,,1,IDLE,,1,IDLE,,1,IDLE,,1,IDLE,,1,IDLE,,1,IDLE,,1,IDLE,,1,IDLE,,1,IDLE,,1,IDLE,,1,IDLE,,1,IDLE,,25,0.12,0,0,9,15,0.01,0,0,4,29,0.12,0,0,2,18,0.05,0,0,1,8,0.03,0,0,1,63,0.12,0,0,6,51,0.16,0,0,2,14,0.14,0,0,6,24,0.09,0,0,2,30,0.14,4,1,2,16,0.04,0,0,2,12,0.03,0,0,3,12,0.02,0,0,1,34,0.10,0,0,2,96,0.31,1,6,5,33,0.24,0,9,9,48,0.13,0,0,3,5,0.03,1,4,8,26,0.12,0,0,6,1,0.04,0,0,2,19,0.06,0,0,2,7,0.02,0,0,1,0,0.00,0,0,2,28,0.08,0,0,1,11,0.04,0,0,1,22,0.09,0,0,2,22,0.07,0,0,2,10,0.02,0,0,2,1,0.03,0,0,2,17,0.06,0,0,2,2,0.00,0,0,2,17,0.04,0,0,2,10,0.12,0,0,2,22,0.12,0,0,2,38,0.07,0,0,3,6,0.03,0,0,3,2,0.01,0,0,2,18,0.05,0,0,2,17,0.06,0,0,3,32,0.17,0,0,3
107,869,53,0,7,0,19,0,1,PROTECTING,Field_10,1,PROTECTING,Field_10,1,IDLE,,1,PROTECTING,Field_10,1,IDLE,,1,PROTECTING,Field_15,1,IDLE,,1,MOVING_TO_FIELD,Field_15,1,IDLE,,1,IDLE,,1,MOVING_TO_FIELD,Field_15,1,MOVING_TO_FIELD,Field_15,1,IDLE,,1,PROTECTING,Field_10,1,IDLE,,1,MOVING_TO_FIELD,Field_15,1,IDLE,,1,MOVING_TO_FIELD,Field_15,1,IDLE,,1,IDLE,,1,MOVING_TO_FIELD,Field_16,1,MOVING_TO_FIELD,Field_16,1,MOVING_TO_FIELD,Field_18,1,MOVING_TO_FIELD,Field_18,1,MOVING_TO_FIELD,Field_18,1,PROTECTING,Field_18,1,MOVING_TO_FIELD,Field_18,1,MOVING_TO_FIELD,Field_16,1,MOVING_TO_FIELD,Field_16,1,MOVING_TO_FIELD,Field_16,1,MOVING_TO_FIELD,Field_16,1,IDLE,,1,IDLE,,1,IDLE,,1,IDLE,,1,IDLE,,1,IDLE,,1,PROTECTING,Field_10,1,MOVING_TO_FIELD,Field_15,1,IDLE,,1,IDLE,,1,IDLE,,1,IDLE,,1,MOVING_TO_FIELD,Field_16,1,MOVING_TO_FIELD,Field_16,1,IDLE,,1,IDLE,,1,IDLE,,1,IDLE,,1,IDLE,,1,IDLE,,1,IDLE,,1,IDLE,,1,IDLE,,1,IDLE,,1,IDLE,,1,IDLE,,1,IDLE,,1,IDLE,,1,MOVING_TO_FIELD,Field_16,1,IDLE,,1,IDLE,,1,IDLE,,1,IDLE,,1,IDLE,,1,IDLE,,1,IDLE,,1,IDLE,,1,IDLE,,1,IDLE,,1,IDLE,,1,IDLE,,1,IDLE,,1,IDLE,,1,IDLE,,1,IDLE,,1,IDLE,,1,IDLE,,1,IDLE,,25,0.12,0,0,9,15,0.01,0,0,4,30,0.12,0,0,2,18,0.05,0,0,1,8,0.03,0,0,1,63,0.12,0,0,6,52,0.15,0,0,2,14,0.14,0,0,6,25,0.09,0,0,2,30,0.13,5,0,1,16,0.04,0,0,2,12,0.04,0,0,3,12,0.00,0,0,1,34,0.10,0,0,2,98,0.32,1,6,5,33,0.22,0,9,9,48,0.15,0,0,3,5,0.03,1,4,8,26,0.12,0,0,6,1,0.04,0,0,2,19,0.06,0,0,2,7,0.02,0,0,1,0,0.00,0,0,2,28,0.08,0,0,1,11,0.04,0,0,1,22,0.09,0,0,2,22,0.07,0,0,2,10,0.00,0,0,2,1,0.03,0,0,2,17,0.06,0,0,2,2,0.00,0,0,2,17,0.04,0,0,2,10,0.12,0,0,2,22,0.12,0,0,2,38,0.08,0,0,3,6,0.03,0,0,3,2,0.01,0,0,2,18,0.04,0,0,2,17,0.07,0,0,3,35,0.17,0,0,3
108,869,53,0,8,0,18,0,1,PROTECTING,Field_10,1,PROTECTING,Field_10,1,IDLE,,1,PROTECTING,Field_10,1,IDLE,,1,PROTECTING,Field_15,1,IDLE,,1,MOVING_TO_FIELD,Field_15,1,IDLE,,1,IDLE,,1,MOVING_TO_FIELD,Field_15,1,MOVING_TO_FIELD,Field_15,1,IDLE,,1,PROTECTING,Field_10,1,IDLE,,1,MOVING_TO_FIELD,Field_15,1,IDLE,,1,MOVING_TO_FIELD,Field_15,1,IDLE,,1,IDLE,,1,PROTECTING,Field_16,1,MOVING_TO_FIELD,Field_16,1,MOVING_TO_FIELD,Field_18,1,MOVING_TO_FIELD,Field_18,1,MOVING_TO_FIELD,Field_18,1,PROTECTING,Field_18,1,MOVING_TO_FIELD,Field_18,1,MOVING_TO_FIELD,Field_16,1,MOVING_TO_FIELD,Field_16,1,MOVING_TO_FIELD,Field_16,1,MOVING_TO_FIELD,Field_16,1,IDLE,,1,IDLE,,1,IDLE,,1,IDLE,,1,IDLE,,1,IDLE,,1,PROTECTING,Field_10,1,MOVING_TO_FIELD,Field_15,1,IDLE,,1,IDLE,,1,IDLE,,1,IDLE,,1,MOVING_TO_FIELD,Field_16,1,MOVING_TO_FIELD,Field_16,1,IDLE,,1,IDLE,,1,IDLE,,1,IDLE,,1,IDLE,,1,IDLE,,1,IDLE,,1,IDLE,,1,IDLE,,1,IDLE,,1,IDLE,,1,IDLE,,1,IDLE,,1,IDLE,,1,MOVING_TO_FIELD,Field_16,1,IDLE,,1,IDLE,,1,IDLE,,1,IDLE,,1,IDLE,,1,IDLE,,1,IDLE,,1,IDLE,,1,IDLE,,1,IDLE,,1,IDLE,,1,IDLE,,1,IDLE,,1,IDLE,,1,IDLE,,1,IDLE,,1,IDLE,,1,IDLE,,1,IDLE,,25,0.12,0,0,9,15,0.01,0,0,4,30,0.12,0,0,2,18,0.03,0,0,1,8,0.03,0,0,1,63,0.12,0,0,6,52,0.15,0,0,2,14,0.15,0,0,6,25,0.09,0,0,2,30,0.12,5,0,1,16,0.04,0,0,2,12,0.04,0,0,3,12,0.00,0,0,1,34,0.10,0,0,2,98,0.32,1,6,5,33,0.22,1,8,8,48,0.15,0,0,3,5,0.03,1,4,8,26,0.12,0,0,6,1,0.04,0,0,2,19,0.06,0,0,2,7,0.02,0,0,1,0,0.00,0,0,2,28,0.08,0,0,1,11,0.04,0,0,1,22,0.08,0,0,2,22,0.07,0,0,2,10,0.00,0,0,2,1,0.03,0,0,2,17,0.06,0,0,2,2,0.00,0,0,2,17,0.04,0,0,2,10,0.12,0,0,2,22,0.12,0,0,2,38,0.10,0,0,3,6,0.03,0,0,3,2,0.01,0,0,2,18,0.04,0,0,2,17,0.07,0,0,3,35,0.17,0,0,3
109,874,53,0,8,0,18,0,1,PROTECTING,Field_10,1,PROTECTING,Field_10,1,IDLE,,1,PROTECTING,Field_10,1,IDLE,,1,PROTECTING,Field_15,1,IDLE,,1,MOVING_TO_FIELD,Field_15,1,IDLE,,1,IDLE,,1,MOVING_TO_FIELD,Field_15,1,MOVING_TO_FIELD,Field_15,1,IDLE,,1,PROTECTING,Field_10,1,IDLE,,1,MOVING_TO_FIELD,Field_15,1,IDLE,,1,MOVING_TO_FIELD,Field_15,1,IDLE,,1,IDLE,,1,PROTECTING,Field_16,1,MOVING_TO_FIELD,Field_16,1,MOVING_TO_FIELD,Field_18,1,MOVING_TO_FIELD,Field_18,1,MOVING_TO_FIELD,Field_18,1,PROTECTING,Field_18,1,MOVING_TO_FIELD,Field_18,1,MOVING_TO_FIELD,Field_16,1,MOVING_TO_FIELD,Field_16,1,MOVING_TO_FIELD,Field_16,1,MOVING_TO_FIELD,Field_16,1,IDLE,,1,IDLE,,1,IDLE,,1,IDLE,,1,IDLE,,1,IDLE,,1,PROTECTING,Field_10,1,MOVING_TO_FIELD,Field_15,1,IDLE,,1,IDLE,,1,IDLE,,1,IDLE,,1,MOVING_TO_FIELD,Field_16,1,MOVING_TO_FIELD,Field_16,1,IDLE,,1,IDLE,,1,IDLE,,1,IDLE,,1,IDLE,,1,IDLE,,1,IDLE,,1,IDLE,,1,IDLE,,1,IDLE,,1,IDLE,,1,IDLE,,1,IDLE,,1,IDLE,,1,MOVING_TO_FIELD,Field_16,1,IDLE,,1,IDLE,,1,IDLE,,1,IDLE,,1,IDLE,,1,IDLE,,1,IDLE,,1,IDLE,,1,IDLE,,1,IDLE,,1,IDLE,,1,IDLE,,1,IDLE,,1,IDLE,,1,IDLE,,1,IDLE,,1,IDLE,,1,IDLE,,1,IDLE,,25,0.13,0,0,9,15,0.03,0,0,4,30,0.12,0,0,2,18,0.03,0,0,1,8,0.03,0,0,1,63,0.10,0,0,6,52,0.13,0,0,2,14,0.15,0,0,6,25,0.08,0,0,2,30,0.12,5,0,1,16,0.06,0,0,2,12,0.04,0,0,3,12,0.00,0,0,1,34,0.12,0,0,2,101,0.32,1,6,5,34,0.22,1,8,8,49,0.16,0,0,3,5,0.03,1,4,8,26,0.11,0,0,6,1,0.04,0,0,2,19,0.06,0,0,2,7,0.02,0,0,1,0,0.02,0,0,2,28,0.10,0,0,1,11,0.04,0,0,1,22,0.08,0,0,2,22,0.08,0,0,2,10,0.00,0,0,2,1,0.03,0,0,2,17,0.08,0,0,2,2,0.00,0,0,2,17,0.04,0,0,2,10,0.12,0,0,2,22,0.12,0,0,2,38,0.10,0,0,3,6,0.03,0,0,3,2,0.02,0,0,2,18,0.04,0,0,2,17,0.07,0,0,3,35,0.17,0,0,3
110,878,53,0,8,0,18,0,1,PROTECTING,Field_10,1,PROTECTING,Field_10,1,IDLE,,1,PROTECTING,Field_10,1,IDLE,,1,PROTECTING,Field_15,1,IDLE,,1,MOVING_TO_FIELD,Field_15,1,IDLE,,1,IDLE,,1,MOVING_TO_FIELD,Field_15,1,MOVING_TO_FIELD,Field_15,1,IDLE,,1,PROTECTING,Field_10,1,IDLE,,1,MOVING_TO_FIELD,Field_15,1,IDLE,,1,MOVING_TO_FIELD,Field_15,1,IDLE,,1,IDLE,,1,PROTECTING,Field_16,1,MOVING_TO_FIELD,Field_16,1,MOVING_TO_FIELD,Field_18,1,MOVING_TO_FIELD,Field_18,1,MOVING_TO_FIELD,Field_18,1,PROTECTING,Field_18,1,MOVING_TO_FIELD,Field_18,1,MOVING_TO_FIELD,Field_16,1,MOVING_TO_FIELD,Field_16,1,MOVING_TO_FIELD,Field_16,1,MOVING_TO_FIELD,Field_16,1,IDLE,,1,IDLE,,1,IDLE,,1,IDLE,,1,IDLE,,1,IDLE,,1,PROTECTING,Field_10,1,MOVING_TO_FIELD,Field_15,1,IDLE,,1,IDLE,,1,IDLE,,1,IDLE,,1,MOVING_TO_FIELD,Field_16,1,MOVING_TO_FIELD,Field_16,1,IDLE,,1,IDLE,,1,IDLE,,1,IDLE,,1,IDLE,,1,IDLE,,1,IDLE,,1,IDLE,,1,IDLE,,1,IDLE,,1,IDLE,,1,IDLE,,1,IDLE,,1,IDLE,,1,MOVING_TO_FIELD,Field_16,1,IDLE,,1,IDLE,,1,IDLE,,1,IDLE,,1,IDLE,,1,IDLE,,1,IDLE,,1,IDLE,,1,IDLE,,1,IDLE,,1,IDLE,,1,IDLE,,1,IDLE,,1,IDLE,,1,IDLE,,1,IDLE,,1,IDLE,,1,IDLE,,1,IDLE,,25,0.14,0,0,9,15,0.03,0,0,4,30,0.12,0,0,2,18,0.03,0,0,1,8,0.03,0,0,1,63,0.10,0,0,6,52,0.13,0,0,2,14,0.14,0,0,6,25,0.09,0,0,2,30,0.09,5,0,1,16,0.07,0,0,2,12,0.04,0,0,3,12,0.00,0,0,1,34,0.14,0,0,2,103,0.32,1,6,5,34,0.22,1,8,8,50,0.15,0,0,3,5,0.03,1,4,8,26,0.11,0,0,6,1,0.05,0,0,2,19,0.05,0,0,2,7,0.03,0,0,1,0,0.03,0,0,2,28,0.10,0,0,1,11,0.05,0,0,1,22,0.08,0,0,2,22,0.09,0,0,2,10,0.00,0,0,2,1,0.05,0,0,2,17,0.09,0,0,2,2,0.00,0,0,2,17,0.04,0,0,2,10,0.09,0,0,2,22,0.10,0,0,2,38,0.08,0,0,3,6,0.03,0,0,3,2,0.01,0,0,2,18,0.02,0,0,2,17,0.07,0,0,3,36,0.17,0,0,3
111,883,53,0,7,0,19,0,1,PROTECTING,Field_10,1,PROTECTING,Field_10,1,IDLE,,1,PROTECTING,Field_10,1,IDLE,,1,PROTECTING,Field_15,1,IDLE,,1,MOVING_TO_FIELD,Field_15,1,IDLE,,1,IDLE,,1,MOVING_TO_FIELD,Field_15,1,MOVING_TO_FIELD,Field_15,1,IDLE,,1,PROTECTING,Field_10,1,IDLE,,1,MOVING_TO_FIELD,Field_15,1,IDLE,,1,MOVING_TO_FIELD,Field_15,1,IDLE,,1,IDLE,,1,PROTECTING,Field_16,1,MOVING_TO_FIELD,Field_16,1,MOVING_TO_FIELD,Field_18,1,MOVING_TO_FIELD,Field_18,1,MOVING_TO_FIELD,Field_18,1,MOVING_TO_FIELD,Field_6,1,MOVING_TO_FIELD,Field_6,1,MOVING_TO_FIELD,Field_16,1,MOVING_TO_FIELD,Field_16,1,MOVING_TO_FIELD,Field_16,1,MOVING_TO_FIELD,Field_16,1,IDLE,,1,IDLE,,1,IDLE,,1,IDLE,,1,IDLE,,1,IDLE,,1,PROTECTING,Field_10,1,MOVING_TO_FIELD,Field_15,1,IDLE,,1,IDLE,,1,IDLE,,1,IDLE,,1,MOVING_TO_FIELD,Field_16,1,MOVING_TO_FIELD,Field_16,1,IDLE,,1,IDLE,,1,IDLE,,1,IDLE,,1,IDLE,,1,IDLE,,1,IDLE,,1,IDLE,,1,IDLE,,1,IDLE,,1,IDLE,,1,IDLE,,1,IDLE,,1,IDLE,,1,MOVING_TO_FIELD,Field_16,1,IDLE,,1,IDLE,,1,IDLE,,1,IDLE,,1,IDLE,,1,IDLE,,1,IDLE,,1,IDLE,,1,IDLE,,1,IDLE,,1,IDLE,,1,IDLE,,1,IDLE,,1,IDLE,,1,IDLE,,1,IDLE,,1,IDLE,,1,IDLE,,1,IDLE,,25,0.14,0,0,9,15,0.03,0,0,4,31,0.12,0,0,2,18,0.05,0,0,1,8,0.03,0,0,1,63,0.10,0,2,6,53,0.13,0,0,2,14,0.13,0,0,6,25,0.09,0,0,2,30,0.10,5,0,1,16,0.07,0,0,2,12,0.04,0,0,3,12,0.00,0,0,1,34,0.14,0,0,2,103,0.32,1,6,5,34,0.21,1,8,8,50,0.16,0,0,3,5,0.04,0,3,9,26,0.11,0,0,6,1,0.05,0,0,2,19,0.05,0,0,2,7,0.03,0,0,1,0,0.05,0,0,2,29,0.08,0,0,1,11,0.05,0,0,1,22,0.08,0,0,2,22,0.10,0,0,2,10,0.02,0,0,2,1,0.05,0,0,2,17,0.08,0,0,2,2,0.00,0,0,2,17,0.04,0,0,2,10,0.09,0,0,2,22,0.08,0,0,2,38,0.08,0,0,3,6,0.03,0,0,3,2,0.01,0,0,2,18,0.04,0,0,2,17,0.07,0,0,3,38,0.18,0,0,3
112,886,53,0,8,0,18,0,1,PROTECTING,Field_10,1,PROTECTING,Field_10,1,IDLE,,1,PROTECTING,Field_10,1,IDLE,,1,PROTECTING,Field_15,1,IDLE,,1,MOVING_TO_FIELD,Field_15,1,IDLE,,1,IDLE,,1,MOVING_TO_FIELD,Field_15,1,MOVING_TO_FIELD,Field_15,1,IDLE,,1,PROTECTING,Field_10,1,IDLE,,1,MOVING_TO_FIELD,Field_15,1,IDLE,,1,MOVING_TO_FIELD,Field_15,1,IDLE,,1,IDLE,,1,PROTECTING,Field_16,1,MOVING_TO_FIELD,Field_16,1,MOVING_TO_FIELD,Field_18,1,MOVING_TO_FIELD,Field_18,1,MOVING_TO_FIELD,Field_18,1,MOVING_TO_FIELD,Field_6,1,MOVING_TO_FIELD,Field_6,1,MOVING_TO_FIELD,Field_16,1,PROTECTING,Field_16,1,MOVING_TO_FIELD,Field_16,1,MOVING_TO_FIELD,Field_16,1,IDLE,,1,IDLE,,1,IDLE,,1,IDLE,,1,IDLE,,1,IDLE,,1,PROTECTING,Field_10,1,MOVING_TO_FIELD,Field_15,1,IDLE,,1,IDLE,,1,IDLE,,1,IDLE,,1,MOVING_TO_FIELD,Field_16,1,MOVING_TO_FIELD,Field_16,1,IDLE,,1,IDLE,,1,IDLE,,1,IDLE,,1,IDLE,,1,IDLE,,1,IDLE,,1,IDLE,,1,IDLE,,1,IDLE,,1,IDLE,,1,IDLE,,1,IDLE,,1,IDLE,,1,MOVING_TO_FIELD,Field_16,1,IDLE,,1,IDLE,,1,IDLE,,1,IDLE,,1,IDLE,,1,IDLE,,1,IDLE,,1,IDLE,,1,IDLE,,1,IDLE,,1,IDLE,,1,IDLE,,1,IDLE,,1,IDLE,,1,IDLE,,1,IDLE,,1,IDLE,,1,IDLE,,1,IDLE,,25,0.14,0,0,9,15,0.03,0,0,4,31,0.12,0,0,2,18,0.05,0,0,1,8,0.03,0,0,1,63,0.11,0,2,6,54,0.14,0,0,2,14,0.13,0,0,6,25,0.08,0,0,2,30,0.10,5,0,1,16,0.07,0,0,2,12,0.04,0,0,3,12,0.00,0,0,1,35,0.14,0,0,2,103,0.32,1,6,5,34,0.21,2,7,7,50,0.16,0,0,3,5,0.04,0,3,9,26,0.10,0,0,6,1,0.04,0,0,2,19,0.03,0,0,2,7,0.03,0,0,1,0,0.05,0,0,2,29,0.07,0,0,1,11,0.05,0,0,1,22,0.08,0,0,2,22,0.10,0,0,2,10,0.02,0,0,2,1,0.05,0,0,2,17,0.08,0,0,2,2,0.00,0,0,2,17,0.04,0,0,2,10,0.09,0,0,2,22,0.08,0,0,2,39,0.08,0,0,3,6,0.03,0,0,3,2,0.01,0,0,2,18,0.02,0,0,2,17,0.09,0,0,3,38,0.21,0,0,3
113,889,53,0,8,0,18,0,1,PROTECTING,Field_10,1,PROTECTING,Field_10,1,IDLE,,1,PROTECTING,Field_10,1,IDLE,,1,PROTECTING,Field_15,1,IDLE,,1,MOVING_TO_FIELD,Field_15,1,IDLE,,1,IDLE,,1,MOVING_TO_FIELD,Field_15,1,MOVING_TO_FIELD,Field_15,1,IDLE,,1,PROTECTING,Field_10,1,IDLE,,1,MOVING_TO_FIELD,Field_15,1,IDLE,,1,MOVING_TO_FIELD,Field_15,1,IDLE,,1,IDLE,,1,PROTECTING,Field_16,1,MOVING_TO_FIELD,Field_16,1,MOVING_TO_FIELD,Field_18,1,MOVING_TO_FIELD,Field_18,1,MOVING_TO_FIELD,Field_18,1,MOVING_TO_FIELD,Field_6,1,MOVING_TO_FIELD,Field_6,1,MOVING_TO_FIELD,Field_16,1,PROTECTING,Field_16,1,MOVING_TO_FIELD,Field_16,1,MOVING_TO_FIELD,Field_16,1,IDLE,,1,IDLE,,1,IDLE,,1,IDLE,,1,IDLE,,1,IDLE,,1,PROTECTING,Field_10,1,MOVING_TO_FIELD,Field_15,1,IDLE,,1,IDLE,,1,IDLE,,1,IDLE,,1,MOVING_TO_FIELD,Field_16,1,MOVING_TO_FIELD,Field_16,1,IDLE,,1,IDLE,,1,IDLE,,1,IDLE,,1,IDLE,,1,IDLE,,1,IDLE,,1,IDLE,,1,IDLE,,1,IDLE,,1,IDLE,,1,IDLE,,1,IDLE,,1,IDLE,,1,MOVING_TO_FIELD,Field_16,1,IDLE,,1,IDLE,,1,IDLE,,1,IDLE,,1,IDLE,,1,IDLE,,1,IDLE,,1,IDLE,,1,IDLE,,1,IDLE,,1,IDLE,,1,IDLE,,1,IDLE,,1,IDLE,,1,IDLE,,1,IDLE,,1,IDLE,,1,IDLE,,1,IDLE,,25,0.14,0,0,9,15,0.03,0,0,4,33,0.12,0,0,2,18,0.05,0,0,1,8,0.03,0,0,1,63,0.10,0,2,6,55,0.14,0,0,2,14,0.14,0,0,6,25,0.09,0,0,2,30,0.10,5,0,1,16,0.07,0,0,2,12,0.04,0,0,3,12,0.00,0,0,1,35,0.15,0,0,2,103,0.32,1,6,5,34,0.21,2,7,7,50,0.17,0,0,3,5,0.05,0,3,9,26,0.10,0,0,6,1,0.03,0,0,2,19,0.03,0,0,2,7,0.05,0,0,1,0,0.05,0,0,2,29,0.05,0,0,1,11,0.05,0,0,1,22,0.06,0,0,2,22,0.09,0,0,2,10,0.02,0,0,2,1,0.03,0,0,2,17,0.08,0,0,2,2,0.00,0,0,2,17,0.04,0,0,2,10,0.09,0,0,2,22,0.08,0,0,2,39,0.08,0,0,3,6,0.03,0,0,3,2,0.01,0,0,2,18,0.02,0,0,2,17,0.09,0,0,3,38,0.21,0,0,3
114,892,53,0,8,0,18,0,1,PROTECTING,Field_10,1,PROTECTING,Field_10,1,IDLE,,1,PROTECTING,Field_10,1,IDLE,,1,PROTECTING,Field_15,1,IDLE,,1,MOVING_TO_FIELD,Field_15,1,IDLE,,1,IDLE,,1,MOVING_TO_FIELD,Field_15,1,MOVING_TO_FIELD,Field_15,1,IDLE,,1,PROTECTING,Field_10,1,IDLE,,1,MOVING_TO_FIELD,Field_15,1,IDLE,,1,MOVING_TO_FIELD,Field_15,1,IDLE,,1,IDLE,,1,PROTECTING,Field_16,1,MOVING_TO_FIELD,Field_16,1,MOVING_TO_FIELD,Field_18,1,MOVING_TO_FIELD,Field_18,1,MOVING_TO_FIELD,Field_18,1,MOVING_TO_FIELD,Field_6,1,MOVING_TO_FIELD,Field_6,1,MOVING_TO_FIELD,Field_16,1,PROTECTING,Field_16,1,MOVING_TO_FIELD,Field_16,1,MOVING_TO_FIELD,Field_16,1,IDLE,,1,IDLE,,1,IDLE,,1,IDLE,,1,IDLE,,1,IDLE,,1,PROTECTING,Field_10,1,MOVING_TO_FIELD,Field_15,1,IDLE,,1,IDLE,,1,IDLE,,1,IDLE,,1,MOVING_TO_FIELD,Field_16,1,MOVING_TO_FIELD,Field_16,1,IDLE,,1,IDLE,,1,IDLE,,1,IDLE,,1,IDLE,,1,IDLE,,1,IDLE,,1,IDLE,,1,IDLE,,1,IDLE,,1,IDLE,,1,IDLE,,1,IDLE,,1,IDLE,,1,MOVING_TO_FIELD,Field_16,1,IDLE,,1,IDLE,,1,IDLE,,1,IDLE,,1,IDLE,,1,IDLE,,1,IDLE,,1,IDLE,,1,IDLE,,1,IDLE,,1,IDLE,,1,IDLE,,1,IDLE,,1,IDLE,,1,IDLE,,1,IDLE,,1,IDLE,,1,IDLE,,1,IDLE,,25,0.13,0,0,9,15,0.04,0,0,4,34,0.11,0,0,2,18,0.05,0,0,1,8,0.03,0,0,1,63,0.10,0,2,6,55,0.14,0,0,2,14,0.15,0,0,6,25,0.09,0,0,2,30,0.10,5,0,1,16,0.07,0,0,2,12,0.04,0,0,3,12,0.00,0,0,1,36,0.15,0,0,2,103,0.31,1,6,5,34,0.21,2,7,7,50,0.16,0,0,3,5,0.05,0,3,9,26,0.10,0,0,6,1,0.03,0,0,2,19,0.03,0,0,2,7,0.05,0,0,1,0,0.05,0,0,2,29,0.07,0,0,1,11,0.05,0,0,1,22,0.06,0,0,2,22,0.12,0,0,2,10,0.02,0,0,2,1,0.05,0,0,2,17,0.08,0,0,2,2,0.00,0,0,2,17,0.04,0,0,2,11,0.09,0,0,2,22,0.07,0,0,2,39,0.08,0,0,3,6,0.03,0,0,3,2,0.01,0,0,2,18,0.02,0,0,2,17,0.10,0,0,3,38,0.22,0,0,3
115,893,53,0,9,0,17,0,1,PROTECTING,Field_10,1,PROTECTING,Field_10,1,IDLE,,1,PROTECTING,Field_10,1,IDLE,,1,PROTECTING,Field_15,1,IDLE,,1,MOVING_TO_FIELD,Field_15,1,IDLE,,1,IDLE,,1,MOVING_TO_FIELD,Field_15,1,MOVING_TO_FIELD,Field_15,1,IDLE,,1,PROTECTING,Field_10,1,IDLE,,1,MOVING_TO_FIELD,Field_15,1,IDLE,,1,MOVING_TO_FIELD,Field_15,1,IDLE,,1,IDLE,,1,PROTECTING,Field_16,1,MOVING_TO_FIELD,Field_16,1,PROTECTING,Field_18,1,MOVING_TO_FIELD,Field_18,1,MOVING_TO_FIELD,Field_18,1,MOVING_TO_FIELD,Field_6,1,MOVING_TO_FIELD,Field_6,1,MOVING_TO_FIELD,Field_16,1,PROTECTING,Field_16,1,MOVING_TO_FIELD,Field_16,1,MOVING_TO_FIELD,Field_16,1,IDLE,,1,IDLE,,1,IDLE,,1,IDLE,,1,IDLE,,1,IDLE,,1,PROTECTING,Field_10,1,MOVING_TO_FIELD,Field_15,1,IDLE,,1,IDLE,,1,IDLE,,1,IDLE,,1,MOVING_TO_FIELD,Field_16,1,MOVING_TO_FIELD,Field_16,1,IDLE,,1,IDLE,,1,IDLE,,1,IDLE,,1,IDLE,,1,IDLE,,1,IDLE,,1,IDLE,,1,IDLE,,1,IDLE,,1,IDLE,,1,IDLE,,1,IDLE,,1,IDLE,,1,MOVING_TO_FIELD,Field_16,1,IDLE,,1,IDLE,,1,IDLE,,1,IDLE,,1,IDLE,,1,IDLE,,1,IDLE,,1,IDLE,,1,IDLE,,1,IDLE,,1,IDLE,,1,IDLE,,1,IDLE,,1,IDLE,,1,IDLE,,1,IDLE,,1,IDLE,,1,IDLE,,1,IDLE,,25,0.13,0,0,9,15,0.04,0,0,4,34,0.11,0,0,2,18,0.05,0,0,1,8,0.03,0,0,1,63,0.10,0,2,6,56,0.14,0,0,2,14,0.16,0,0,6,25,0.08,0,0,2,30,0.10,5,0,1,16,0.07,0,0,2,12,0.04,0,0,3,12,0.00,0,0,1,36,0.15,0,0,2,103,0.29,1,6,5,34,0.21,2,7,7,50,0.15,0,0,3,5,0.05,1,2,8,26,0.10,0,0,6,1,0.04,0,0,2,19,0.03,0,0,2,7,0.03,0,0,1,0,0.05,0,0,2,29,0.07,0,0,1,11,0.05,0,0,1,22,0.06,0,0,2,22,0.12,0,0,2,10,0.02,0,0,2,1,0.06,0,0,2,17,0.08,0,0,2,2,0.00,0,0,2,17,0.04,0,0,2,11,0.07,0,0,2,22,0.07,0,0,2,39,0.11,0,0,3,6,0.03,0,0,3,2,0.01,0,0,2,18,0.02,0,0,2,17,0.11,0,0,3,38,0.22,0,0,3
116,894,53,0,11,0,15,0,1,PROTECTING,Field_10,1,PROTECTING,Field_10,1,IDLE,,1,PROTECTING,Field_10,1,IDLE,,1,PROTECTING,Field_15,1,IDLE,,1,MOVING_TO_FIELD,Field_15,1,IDLE,,1,IDLE,,1,MOVING_TO_FIELD,Field_15,1,MOVING_TO_FIELD,Field_15,1,IDLE,,1,PROTECTING,Field_10,1,IDLE,,1,MOVING_TO_FIELD,Field_15,1,IDLE,,1,MOVING_TO_FIELD,Field_15,1,IDLE,,1,IDLE,,1,PROTECTING,Field_16,1,PROTECTING,Field_16,1,PROTECTING,Field_18,1,MOVING_TO_FIELD,Field_18,1,MOVING_TO_FIELD,Field_18,1,MOVING_TO_FIELD,Field_6,1,MOVING_TO_FIELD,Field_6,1,PROTECTING,Field_16,1,PROTECTING,Field_16,1,MOVING_TO_FIELD,Field_16,1,MOVING_TO_FIELD,Field_16,1,IDLE,,1,IDLE,,1,IDLE,,1,IDLE,,1,IDLE,,1,IDLE,,1,PROTECTING,Field_10,1,MOVING_TO_FIELD,Field_15,1,IDLE,,1,IDLE,,1,IDLE,,1,IDLE,,1,MOVING_TO_FIELD,Field_16,1,MOVING_TO_FIELD,Field_16,1,IDLE,,1,IDLE,,1,IDLE,,1,IDLE,,1,IDLE,,1,IDLE,,1,IDLE,,1,IDLE,,1,IDLE,,1,IDLE,,1,IDLE,,1,IDLE,,1,IDLE,,1,IDLE,,1,MOVING_TO_FIELD,Field_16,1,IDLE,,1,IDLE,,1,IDLE,,1,IDLE,,1,IDLE,,1,IDLE,,1,IDLE,,1,IDLE,,1,IDLE,,1,IDLE,,1,IDLE,,1,IDLE,,1,IDLE,,1,IDLE,,1,IDLE,,1,IDLE,,1,IDLE,,1,IDLE,,1,IDLE,,25,0.13,0,0,9,15,0.04,0,0,4,34,0.11,0,0,2,18,0.05,0,0,1,8,0.03,0,0,1,63,0.10,0,2,6,56,0.14,0,0,2,14,0.15,0,0,6,25,0.08,0,0,2,30,0.09,5,0,1,16,0.07,0,0,2,12,0.04,0,0,3,12,0.00,0,0,1,37,0.15,0,0,2,103,0.27,1,6,5,34,0.22,4,5,5,50,0.16,0,0,3,5,0.07,1,2,8,26,0.10,0,0,6,1,0.04,0,0,2,19,0.03,0,0,2,7,0.02,0,0,1,0,0.05,0,0,2,29,0.07,0,0,1,11,0.05,0,0,1,22,0.08,0,0,2,22,0.12,0,0,2,10,0.02,0,0,2,1,0.08,0,0,2,17,0.06,0,0,2,2,0.00,0,0,2,17,0.05,0,0,2,11,0.07,0,0,2,22,0.07,0,0,2,39,0.10,0,0,3,6,0.03,0,0,3,2,0.01,0,0,2,18,0.02,0,0,2,17,0.12,0,0,3,38,0.24,0,0,3
117,899,53,0,14,0,12,0,1,PROTECTING,Field_10,1,PROTECTING,Field_10,1,IDLE,,1,PROTECTING,Field_10,1,IDLE,,1,PROTECTING,Field_15,1,IDLE,,1,MOVING_TO_FIELD,Field_15,1,IDLE,,1,IDLE,,1,MOVING_TO_FIELD,Field_15,1,MOVING_TO_FIELD,Field_15,1,IDLE,,1,PROTECTING,Field_10,1,IDLE,,1,MOVING_TO_FIELD,Field_15,1,IDLE,,1,MOVING_TO_FIELD,Field_15,1,IDLE,,1,IDLE,,1,PROTECTING,Field_16,1,PROTECTING,Field_16,1,PROTECTING,Field_18,1,MOVING_TO_FIELD,Field_18,1,MOVING_TO_FIELD,Field_18,1,MOVING_TO_FIELD,Field_6,1,MOVING_TO_FIELD,Field_6,1,PROTECTING,Field_16,1,PROTECTING,Field_16,1,PROTECTING,Field_16,1,PROTECTING,Field_16,1,IDLE,,1,IDLE,,1,IDLE,,1,IDLE,,1,IDLE,,1,IDLE,,1,PROTECTING,Field_10,1,MOVING_TO_FIELD,Field_15,1,IDLE,,1,IDLE,,1,IDLE,,1,IDLE,,1,PROTECTING,Field_16,1,MOVING_TO_FIELD,Field_16,1,IDLE,,1,IDLE,,1,IDLE,,1,IDLE,,1,IDLE,,1,IDLE,,1,IDLE,,1,IDLE,,1,IDLE,,1,IDLE,,1,IDLE,,1,IDLE,,1,IDLE,,1,IDLE,,1,MOVING_TO_FIELD,Field_16,1,IDLE,,1,IDLE,,1,IDLE,,1,IDLE,,1,IDLE,,1,IDLE,,1,IDLE,,1,IDLE,,1,IDLE,,1,IDLE,,1,IDLE,,1,IDLE,,1,IDLE,,1,IDLE,,1,IDLE,,1,IDLE,,1,IDLE,,1,IDLE,,1,IDLE,,25,0.13,0,0,9,15,0.04,0,0,4,34,0.12,0,0,2,18,0.05,0,0,1,8,0.03,0,0,1,64,0.11,0,2,6,56,0.14,0,0,2,14,0.14,0,0,6,25,0.09,0,0,2,30,0.08,5,0,1,16,0.09,0,0,2,12,0.04,0,0,3,12,0.00,0,0,1,38,0.15,0,0,2,105,0.27,1,6,5,34,0.21,7,2,2,50,0.13,0,0,3,5,0.07,1,2,8,26,0.09,0,0,6,1,0.04,0,0,2,19,0.03,0,0,2,7,0.00,0,0,1,0,0.03,0,0,2,29,0.05,0,0,1,11,0.05,0,0,1,22,0.09,0,0,2,22,0.13,0,0,2,10,0.02,0,0,2,1,0.08,0,0,2,17,0.05,0,0,2,2,0.00,0,0,2,17,0.05,0,0,2,11,0.07,0,0,2,22,0.07,0,0,2,40,0.10,0,0,3,6,0.03,0,0,3,2,0.01,0,0,2,18,0.04,0,0,2,17,0.10,0,0,3,38,0.24,0,0,3
118,903,53,0,16,0,10,0,1,PROTECTING,Field_10,1,PROTECTING,Field_10,1,IDLE,,1,PROTECTING,Field_10,1,IDLE,,1,PROTECTING,Field_15,1,IDLE,,1,MOVING_TO_FIELD,Field_15,1,IDLE,,1,IDLE,,1,MOVING_TO_FIELD,Field_15,1,MOVING_TO_FIELD,Field_15,1,IDLE,,1,PROTECTING,Field_10,1,IDLE,,1,MOVING_TO_FIELD,Field_15,1,IDLE,,1,MOVING_TO_FIELD,Field_15,1,IDLE,,1,IDLE,,1,PROTECTING,Field_16,1,PROTECTING,Field_16,1,PROTECTING,Field_18,1,PROTECTING,Field_18,1,PROTECTING,Field_18,1,MOVING_TO_FIELD,Field_6,1,MOVING_TO_FIELD,Field_6,1,PROTECTING,Field_16,1,PROTECTING,Field_16,1,PROTECTING,Field_16,1,PROTECTING,Field_16,1,IDLE,,1,IDLE,,1,IDLE,,1,IDLE,,1,IDLE,,1,IDLE,,1,PROTECTING,Field_10,1,MOVING_TO_FIELD,Field_15,1,IDLE,,1,IDLE,,1,IDLE,,1,IDLE,,1,PROTECTING,Field_16,1,MOVING_TO_FIELD,Field_16,1,IDLE,,1,IDLE,,1,IDLE,,1,IDLE,,1,IDLE,,1,IDLE,,1,IDLE,,1,IDLE,,1,IDLE,,1,IDLE,,1,IDLE,,1,IDLE,,1,IDLE,,1,IDLE,,1,MOVING_TO_FIELD,Field_16,1,IDLE,,1,IDLE,,1,IDLE,,1,IDLE,,1,IDLE,,1,IDLE,,1,IDLE,,1,IDLE,,1,IDLE,,1,IDLE,,1,IDLE,,1,IDLE,,1,IDLE,,1,IDLE,,1,IDLE,,1,IDLE,,1,IDLE,,1,IDLE,,1,IDLE,,25,0.12,0,0,9,15,0.04,0,0,4,34,0.12,0,0,2,18,0.05,0,0,1,8,0.03,0,0,1,65,0.11,0,2,6,57,0.14,0,0,2,14,0.13,0,0,6,25,0.09,0,0,2,30,0.08,5,0,1,16,0.09,0,0,2,12,0.04,0,0,3,12,0.00,0,0,1,38,0.15,0,0,2,106,0.26,1,6,5,34,0.21,7,2,2,50,0.12,0,0,3,5,0.06,3,0,6,26,0.08,0,0,6,1,0.04,0,0,2,19,0.03,0,0,2,7,0.00,0,0,1,0,0.03,0,0,2,29,0.05,0,0,1,11,0.05,0,0,1,22,0.09,0,0,2,22,0.12,0,0,2,10,0.02,0,0,2,1,0.10,0,0,2,17,0.06,0,0,2,2,0.00,0,0,2,17,0.05,0,0,2,11,0.07,0,0,2,22,0.08,0,0,2,40,0.11,0,0,3,6,0.03,0,0,3,2,0.01,0,0,2,18,0.04,0,0,2,17,0.10,0,0,3,39,0.22,0,0,3
119,906,53,0,16,0,10,0,1,PROTECTING,Field_10,1,PROTECTING,Field_10,1,IDLE,,1,PROTECTING,Field_10,1,IDLE,,1,PROTECTING,Field_15,1,IDLE,,1,MOVING_TO_FIELD,Field_15,1,IDLE,,1,IDLE,,1,MOVING_TO_FIELD,Field_15,1,MOVING_TO_FIELD,Field_15,1,IDLE,,1,PROTECTING,Field_10,1,IDLE,,1,MOVING_TO_FIELD,Field_15,1,IDLE,,1,MOVING_TO_FIELD,Field_15,1,IDLE,,1,IDLE,,1,PROTECTING,Field_16,1,PROTECTING,Field_16,1,PROTECTING,Field_18,1,PROTECTING,Field_18,1,PROTECTING,Field_18,1,MOVING_TO_FIELD,Field_6,1,MOVING_TO_FIELD,Field_6,1,PROTECTING,Field_16,1,PROTECTING,Field_16,1,PROTECTING,Field_16,1,PROTECTING,Field_16,1,IDLE,,1,IDLE,,1,IDLE,,1,IDLE,,1,IDLE,,1,IDLE,,1,PROTECTING,Field_10,1,MOVING_TO_FIELD,Field_15,1,IDLE,,1,IDLE,,1,IDLE,,1,IDLE,,1,PROTECTING,Field_16,1,MOVING_TO_FIELD,Field_16,1,IDLE,,1,IDLE,,1,IDLE,,1,IDLE,,1,IDLE,,1,IDLE,,1,IDLE,,1,IDLE,,1,IDLE,,1,IDLE,,1,IDLE,,1,IDLE,,1,IDLE,,1,IDLE,,1,MOVING_TO_FIELD,Field_16,1,IDLE,,1,IDLE,,1,IDLE,,1,IDLE,,1,IDLE,,1,IDLE,,1,IDLE,,1,IDLE,,1,IDLE,,1,IDLE,,1,IDLE,,1,IDLE,,1,IDLE,,1,IDLE,,1,IDLE,,1,IDLE,,1,IDLE,,1,IDLE,,1,IDLE,,25,0.11,0,0,9,15,0.04,0,0,4,34,0.12,0,0,2,18,0.05,0,0,1,8,0.03,0,0,1,65,0.11,0,2,6,57,0.11,0,0,2,14,0.12,0,0,6,25,0.08,0,0,2,30,0.08,5,0,1,16,0.07,0,0,2,12,0.04,0,0,3,12,0.00,0,0,1,38,0.15,0,0,2,106,0.26,1,6,5,34,0.20,7,2,2,50,0.12,0,0,3,5,0.07,3,0,6,26,0.08,0,0,6,1,0.03,0,0,2,19,0.03,0,0,2,7,0.00,0,0,1,0,0.03,0,0,2,29,0.05,0,0,1,11,0.05,0,0,1,22,0.08,0,0,2,23,0.12,0,0,2,10,0.02,0,0,2,1,0.10,0,0,2,17,0.06,0,0,2,2,0.00,0,0,2,17,0.05,0,0,2,11,0.07,0,0,2,22,0.08,0,0,2,41,0.11,0,0,3,6,0.03,0,0,3,2,0.01,0,0,2,18,0.05,0,0,2,17,0.10,0,0,3,40,0.22,0,0,3
120,910,53,0,17,0,9,0,1,PROTECTING,Field_10,1,PROTECTING,Field_10,1,IDLE,,1,PROTECTING,Field_10,1,IDLE,,1,PROTECTING,Field_15,1,IDLE,,1,MOVING_TO_FIELD,Field_15,1,IDLE,,1,IDLE,,1,MOVING_TO_FIELD,Field_15,1,MOVING_TO_FIELD,Field_15,1,IDLE,,1,PROTECTING,Field_10,1,IDLE,,1,MOVING_TO_FIELD,Field_15,1,IDLE,,1,MOVING_TO_FIELD,Field_15,1,IDLE,,1,IDLE,,1,PROTECTING,Field_16,1,PROTECTING,Field_16,1,PROTECTING,Field_18,1,PROTECTING,Field_18,1,PROTECTING,Field_18,1,MOVING_TO_FIELD,Field_6,1,MOVING_TO_FIELD,Field_6,1,PROTECTING,Field_16,1,PROTECTING,Field_16,1,PROTECTING,Field_16,1,PROTECTING,Field_16,1,IDLE,,1,IDLE,,1,IDLE,,1,IDLE,,1,IDLE,,1,IDLE,,1,PROTECTING,Field_10,1,MOVING_TO_FIELD,Field_15,1,IDLE,,1,IDLE,,1,IDLE,,1,IDLE,,1,PROTECTING,Field_16,1,PROTECTING,Field_16,1,IDLE,,1,IDLE,,1,IDLE,,1,IDLE,,1,IDLE,,1,IDLE,,1,IDLE,,1,IDLE,,1,IDLE,,1,IDLE,,1,IDLE,,1,IDLE,,1,IDLE,,1,IDLE,,1,MOVING_TO_FIELD,Field_16,1,IDLE,,1,IDLE,,1,IDLE,,1,IDLE,,1,IDLE,,1,IDLE,,1,IDLE,,1,IDLE,,1,IDLE,,1,IDLE,,1,IDLE,,1,IDLE,,1,IDLE,,1,IDLE,,1,IDLE,,1,IDLE,,1,IDLE,,1,IDLE,,1,IDLE,,25,0.10,0,0,9,15,0.05,0,0,4,34,0.11,0,0,2,18,0.05,0,0,1,8,0.03,0,0,1,65,0.12,0,2,6,57,0.11,0,0,2,14,0.12,0,0,6,25,0.08,0,0,2,30,0.07,5,0,1,16,0.07,0,0,2,12,0.05,0,0,3,12,0.00,0,0,1,39,0.13,0,0,2,107,0.26,1,6,5,34,0.20,8,1,1,50,0.11,0,0,3,5,0.07,3,0,6,26,0.07,0,0,6,1,0.03,0,0,2,19,0.03,0,0,2,7,0.00,0,0,1,0,0.03,0,0,2,29,0.05,0,0,1,11,0.05,0,0,1,23,0.08,0,0,2,23,0.15,0,0,2,10,0.04,0,0,2,1,0.10,0,0,2,17,0.05,0,0,2,2,0.00,0,0,2,17,0.04,0,0,2,11,0.07,0,0,2,23,0.07,0,0,2,41,0.11,0,0,3,6,0.03,0,0,3,2,0.00,0,0,2,18,0.05,0,0,2,17,0.11,0,0,3,40,0.21,0,0,3
121,912,53,0,17,0,9,0,1,PROTECTING,Field_10,1,PROTECTING,Field_10,1,IDLE,,1,PROTECTING,Field_10,1,IDLE,,1,PROTECTING,Field_15,1,IDLE,,1,MOVING_TO_FIELD,Field_15,1,IDLE,,1,IDLE,,1,MOVING_TO_FIELD,Field_15,1,MOVING_TO_FIELD,Field_15,1,IDLE,,1,PROTECTING,Field_10,1,IDLE,,1,MOVING_TO_FIELD,Field_15,1,IDLE,,1,MOVING_TO_FIELD,Field_15,1,IDLE,,1,IDLE,,1,PROTECTING,Field_16,1,PROTECTING,Field_16,1,PROTECTING,Field_18,1,PROTECTING,Field_18,1,PROTECTING,Field_18,1,MOVING_TO_FIELD,Field_6,1,MOVING_TO_FIELD,Field_6,1,PROTECTING,Field_16,1,PROTECTING,Field_16,1,PROTECTING,Field_16,1,PROTECTING,Field_16,1,IDLE,,1,IDLE,,1,IDLE,,1,IDLE,,1,IDLE,,1,IDLE,,1,PROTECTING,Field_10,1,MOVING_TO_FIELD,Field_15,1,IDLE,,1,IDLE,,1,IDLE,,1,IDLE,,1,PROTECTING,Field_16,1,PROTECTING,Field_16,1,IDLE,,1,IDLE,,1,IDLE,,1,IDLE,,1,IDLE,,1,IDLE,,1,IDLE,,1,IDLE,,1,IDLE,,1,IDLE,,1,IDLE,,1,IDLE,,1,IDLE,,1,IDLE,,1,MOVING_TO_FIELD,Field_16,1,IDLE,,1,IDLE,,1,IDLE,,1,IDLE,,1,IDLE,,1,IDLE,,1,IDLE,,1,IDLE,,1,IDLE,,1,IDLE,,1,IDLE,,1,IDLE,,1,IDLE,,1,IDLE,,1,IDLE,,1,IDLE,,1,IDLE,,1,IDLE,,1,IDLE,,25,0.10,0,0,9,15,0.05,0,0,4,34,0.11,0,0,2,18,0.05,0,0,1,8,0.03,0,0,1,65,0.11,0,2,6,57,0.11,0,0,2,14,0.12,0,0,6,25,0.08,0,0,2,30,0.08,5,0,1,16,0.07,0,0,2,12,0.06,0,0,3,12,0.02,0,0,1,39,0.12,0,0,2,107,0.26,1,6,5,34,0.20,8,1,1,50,0.11,0,0,3,5,0.08,3,0,6,26,0.06,0,0,6,1,0.03,0,0,2,19,0.03,0,0,2,7,0.02,0,0,1,0,0.03,0,0,2,29,0.04,0,0,1,11,0.04,0,0,1,23,0.08,0,0,2,24,0.15,0,0,2,10,0.04,0,0,2,1,0.08,0,0,2,17,0.05,0,0,2,2,0.00,0,0,2,17,0.04,0,0,2,11,0.07,0,0,2,23,0.07,0,0,2,42,0.12,0,0,3,6,0.05,0,0,3,2,0.01,0,0,2,18,0.05,0,0,2,17,0.11,0,0,3,40,0.21,0,0,3
122,918,53,0,17,0,9,0,1,PROTECTING,Field_10,1,PROTECTING,Field_10,1,IDLE,,1,PROTECTING,Field_10,1,IDLE,,1,PROTECTING,Field_15,1,IDLE,,1,MOVING_TO_FIELD,Field_15,1,IDLE,,1,IDLE,,1,MOVING_TO_FIELD,Field_15,1,MOVING_TO_FIELD,Field_15,1,IDLE,,1,PROTECTING,Field_10,1,IDLE,,1,MOVING_TO_FIELD,Field_15,1,IDLE,,1,MOVING_TO_FIELD,Field_15,1,IDLE,,1,IDLE,,1,PROTECTING,Field_16,1,PROTECTING,Field_16,1,PROTECTING,Field_18,1,PROTECTING,Field_18,1,PROTECTING,Field_18,1,MOVING_TO_FIELD,Field_6,1,MOVING_TO_FIELD,Field_6,1,PROTECTING,Field_16,1,PROTECTING,Field_16,1,PROTECTING,Field_16,1,PROTECTING,Field_16,1,IDLE,,1,IDLE,,1,IDLE,,1,IDLE,,1,IDLE,,1,IDLE,,1,PROTECTING,Field_10,1,MOVING_TO_FIELD,Field_15,1,IDLE,,1,IDLE,,1,IDLE,,1,IDLE,,1,PROTECTING,Field_16,1,PROTECTING,Field_16,1,IDLE,,1,IDLE,,1,IDLE,,1,IDLE,,1,IDLE,,1,IDLE,,1,IDLE,,1,IDLE,,1,IDLE,,1,IDLE,,1,IDLE,,1,IDLE,,1,IDLE,,1,IDLE,,1,MOVING_TO_FIELD,Field_16,1,IDLE,,1,IDLE,,1,IDLE,,1,IDLE,,1,IDLE,,1,IDLE,,1,IDLE,,1,IDLE,,1,IDLE,,1,IDLE,,1,IDLE,,1,IDLE,,1,IDLE,,1,IDLE,,1,IDLE,,1,IDLE,,1,IDLE,,1,IDLE,,1,IDLE,,25,0.09,0,0,9,15,0.05,0,0,4,34,0.11,0,0,2,18,0.05,0,0,1,8,0.05,0,0,1,65,0.10,0,2,6,58,0.11,0,0,2,15,0.11,0,0,6,26,0.08,0,0,2,30,0.08,5,0,1,16,0.07,0,0,2,12,0.06,0,0,3,12,0.02,0,0,1,39,0.14,0,0,2,108,0.26,1,6,5,34,0.20,8,1,1,50,0.11,0,0,3,5,0.08,3,0,6,26,0.06,0,0,6,1,0.03,0,0,2,19,0.03,0,0,2,7,0.02,0,0,1,0,0.03,0,0,2,29,0.04,0,0,1,11,0.04,0,0,1,23,0.08,0,0,2,24,0.13,0,0,2,10,0.04,0,0,2,1,0.06,0,0,2,17,0.04,0,0,2,2,0.02,0,0,2,17,0.04,0,0,2,11,0.07,0,0,2,23,0.07,0,0,2,44,0.12,0,0,3,6,0.05,0,0,3,2,0.01,0,0,2,18,0.05,0,0,2,17,0.12,0,0,3,40,0.17,0,0,3
123,922,53,0,17,0,9,0,1,PROTECTING,Field_10,1,PROTECTING,Field_10,1,IDLE,,1,PROTECTING,Field_10,1,IDLE,,1,PROTECTING,Field_15,1,IDLE,,1,MOVING_TO_FIELD,Field_15,1,IDLE,,1,IDLE,,1,MOVING_TO_FIELD,Field_15,1,MOVING_TO_FIELD,Field_15,1,IDLE,,1,PROTECTING,Field_10,1,IDLE,,1,MOVING_TO_FIELD,Field_15,1,IDLE,,1,MOVING_TO_FIELD,Field_15,1,IDLE,,1,IDLE,,1,PROTECTING,Field_16,1,PROTECTING,Field_16,1,PROTECTING,Field_18,1,PROTECTING,Field_18,1,PROTECTING,Field_18,1,MOVING_TO_FIELD,Field_6,1,MOVING_TO_FIELD,Field_6,1,PROTECTING,Field_16,1,PROTECTING,Field_16,1,PROTECTING,Field_16,1,PROTECTING,Field_16,1,IDLE,,1,IDLE,,1,IDLE,,1,IDLE,,1,IDLE,,1,IDLE,,1,PROTECTING,Field_10,1,MOVING_TO_FIELD,Field_15,1,IDLE,,1,IDLE,,1,IDLE,,1,IDLE,,1,PROTECTING,Field_16,1,PROTECTING,Field_16,1,IDLE,,1,IDLE,,1,IDLE,,1,IDLE,,1,IDLE,,1,IDLE,,1,IDLE,,1,IDLE,,1,IDLE,,1,IDLE,,1,IDLE,,1,IDLE,,1,IDLE,,1,IDLE,,1,MOVING_TO_FIELD,Field_16,1,IDLE,,1,IDLE,,1,IDLE,,1,IDLE,,1,IDLE,,1,IDLE,,1,IDLE,,1,IDLE,,1,IDLE,,1,IDLE,,1,IDLE,,1,IDLE,,1,IDLE,,1,IDLE,,1,IDLE,,1,IDLE,,1,IDLE,,1,IDLE,,1,IDLE,,25,0.09,0,0,9,15,0.05,0,0,4,35,0.11,0,0,2,18,0.05,0,0,1,8,0.05,0,0,1,65,0.10,0,2,6,58,0.11,0,0,2,15,0.11,0,0,6,27,0.07,0,0,2,30,0.09,5,0,1,16,0.07,0,0,2,12,0.06,0,0,3,12,0.02,0,0,1,39,0.13,0,0,2,108,0.25,1,6,5,34,0.20,8,1,1,50,0.12,0,0,3,5,0.08,3,0,6,26,0.04,0,0,6,1,0.03,0,0,2,19,0.03,0,0,2,7,0.02,0,0,1,0,0.03,0,0,2,29,0.05,0,0,1,11,0.05,0,0,1,23,0.09,0,0,2,24,0.12,0,0,2,10,0.04,0,0,2,1,0.06,0,0,2,17,0.04,0,0,2,2,0.02,0,0,2,17,0.04,0,0,2,11,0.07,0,0,2,23,0.07,0,0,2,45,0.12,0,0,3,6,0.05,0,0,3,2,0.01,0,0,2,18,0.05,0,0,2,17,0.11,0,0,3,41,0.17,0,0,3
124,924,53,0,19,0,7,0,1,PROTECTING,Field_10,1,PROTECTING,Field_10,1,IDLE,,1,PROTECTING,Field_10,1,IDLE,,1,PROTECTING,Field_15,1,IDLE,,1,PROTECTING,Field_15,1,IDLE,,1,IDLE,,1,MOVING_TO_FIELD,Field_15,1,MOVING_TO_FIELD,Field_15,1,IDLE,,1,PROTECTING,Field_10,1,IDLE,,1,MOVING_TO_FIELD,Field_15,1,IDLE,,1,MOVING_TO_FIELD,Field_15,1,IDLE,,1,IDLE,,1,PROTECTING,Field_16,1,PROTECTING,Field_16,1,PROTECTING,Field_18,1,PROTECTING,Field_18,1,PROTECTING,Field_18,1,MOVING_TO_FIELD,Field_6,1,MOVING_TO_FIELD,Field_6,1,PROTECTING,Field_16,1,PROTECTING,Field_16,1,PROTECTING,Field_16,1,PROTECTING,Field_16,1,IDLE,,1,IDLE,,1,IDLE,,1,IDLE,,1,IDLE,,1,IDLE,,1,PROTECTING,Field_10,1,MOVING_TO_FIELD,Field_15,1,IDLE,,1,IDLE,,1,IDLE,,1,IDLE,,1,PROTECTING,Field_16,1,PROTECTING,Field_16,1,IDLE,,1,IDLE,,1,IDLE,,1,IDLE,,1,IDLE,,1,IDLE,,1,IDLE,,1,IDLE,,1,IDLE,,1,IDLE,,1,IDLE,,1,IDLE,,1,IDLE,,1,IDLE,,1,PROTECTING,Field_16,1,IDLE,,1,IDLE,,1,IDLE,,1,IDLE,,1,IDLE,,1,IDLE,,1,IDLE,,1,IDLE,,1,IDLE,,1,IDLE,,1,IDLE,,1,IDLE,,1,IDLE,,1,IDLE,,1,IDLE,,1,IDLE,,1,IDLE,,1,IDLE,,1,IDLE,,25,0.09,0,0,9,15,0.06,0,0,4,36,0.11,0,0,2,18,0.05,0,0,1,8,0.05,0,0,1,65,0.11,0,2,6,58,0.10,0,0,2,15,0.11,0,0,6,27,0.05,0,0,2,30,0.08,5,0,1,16,0.07,0,0,2,12,0.05,0,0,3,12,0.02,0,0,1,40,0.14,0,0,2,108,0.25,2,5,4,34,0.20,9,0,0,50,0.13,0,0,3,5,0.08,3,0,6,26,0.04,0,0,6,1,0.03,0,0,2,19,0.03,0,0,2,7,0.02,0,0,1,0,0.03,0,0,2,29,0.05,0,0,1,11,0.05,0,0,1,23,0.12,0,0,2,24,0.12,0,0,2,10,0.04,0,0,2,1,0.05,0,0,2,17,0.04,0,0,2,2,0.02,0,0,2,17,0.04,0,0,2,11,0.05,0,0,2,23,0.07,0,0,2,45,0.13,0,0,3,6,0.05,0,0,3,2,0.01,0,0,2,18,0.06,0,0,2,17,0.08,0,0,3,41,0.20,0,0,3
125,926,53,0,19,0,7,0,1,PROTECTING,Field_10,1,PROTECTING,Field_10,1,IDLE,,1,PROTECTING,Field_10,1,IDLE,,1,PROTECTING,Field_15,1,IDLE,,1,PROTECTING,Field_15,1,IDLE,,1,IDLE,,1,MOVING_TO_FIELD,Field_15,1,MOVING_TO_FIELD,Field_15,1,IDLE,,1,PROTECTING,Field_10,1,IDLE,,1,MOVING_TO_FIELD,Field_15,1,IDLE,,1,MOVING_TO_FIELD,Field_15,1,IDLE,,1,IDLE,,1,PROTECTING,Field_16,1,PROTECTING,Field_16,1,PROTECTING,Field_18,1,PROTECTING,Field_18,1,PROTECTING,Field_18,1,MOVING_TO_FIELD,Field_6,1,MOVING_TO_FIELD,Field_6,1,PROTECTING,Field_16,1,PROTECTING,Field_16,1,PROTECTING,Field_16,1,PROTECTING,Field_16,1,IDLE,,1,IDLE,,1,IDLE,,1,IDLE,,1,IDLE,,1,IDLE,,1,PROTECTING,Field_10,1,MOVING_TO_FIELD,Field_15,1,IDLE,,1,IDLE,,1,IDLE,,1,IDLE,,1,PROTECTING,Field_16,1,PROTECTING,Field_16,1,IDLE,,1,IDLE,,1,IDLE,,1,IDLE,,1,IDLE,,1,IDLE,,1,IDLE,,1,IDLE,,1,IDLE,,1,IDLE,,1,IDLE,,1,IDLE,,1,IDLE,,1,IDLE,,1,PROTECTING,Field_16,1,IDLE,,1,IDLE,,1,IDLE,,1,IDLE,,1,IDLE,,1,IDLE,,1,IDLE,,1,IDLE,,1,IDLE,,1,IDLE,,1,IDLE,,1,IDLE,,1,IDLE,,1,IDLE,,1,IDLE,,1,IDLE,,1,IDLE,,1,IDLE,,1,IDLE,,25,0.09,0,0,9,15,0.08,0,0,4,36,0.11,0,0,2,18,0.05,0,0,1,8,0.05,0,0,1,65,0.12,0,2,6,58,0.09,0,0,2,15,0.11,0,0,6,27,0.05,0,0,2,30,0.08,5,0,1,16,0.07,0,0,2,12,0.07,0,0,3,12,0.02,0,0,1,41,0.14,0,0,2,108,0.25,2,5,4,34,0.19,9,0,0,51,0.12,0,0,3,5,0.08,3,0,6,26,0.04,0,0,6,1,0.03,0,0,2,19,0.02,0,0,2,7,0.02,0,0,1,0,0.03,0,0,2,29,0.05,0,0,1,11,0.05,0,0,1,23,0.14,0,0,2,24,0.12,0,0,2,10,0.04,0,0,2,1,0.05,0,0,2,17,0.04,0,0,2,2,0.02,0,0,2,17,0.05,0,0,2,11,0.05,0,0,2,23,0.07,0,0,2,45,0.13,0,0,3,6,0.05,0,0,3,2,0.00,0,0,2,18,0.07,0,0,2,17,0.11,0,0,3,41,0.18,0,0,3
126,930,53,0,19,0,7,0,1,PROTECTING,Field_10,1,PROTECTING,Field_10,1,IDLE,,1,PROTECTING,Field_10,1,IDLE,,1,PROTECTING,Field_15,1,IDLE,,1,PROTECTING,Field_15,1,IDLE,,1,IDLE,,1,MOVING_TO_FIELD,Field_15,1,MOVING_TO_FIELD,Field_15,1,IDLE,,1,PROTECTING,Field_10,1,IDLE,,1,MOVING_TO_FIELD,Field_15,1,IDLE,,1,MOVING_TO_FIELD,Field_15,1,IDLE,,1,IDLE,,1,PROTECTING,Field_16,1,PROTECTING,Field_16,1,PROTECTING,Field_18,1,PROTECTING,Field_18,1,PROTECTING,Field_18,1,MOVING_TO_FIELD,Field_6,1,MOVING_TO_FIELD,Field_6,1,PROTECTING,Field_16,1,PROTECTING,Field_16,1,PROTECTING,Field_16,1,PROTECTING,Field_16,1,IDLE,,1,IDLE,,1,IDLE,,1,IDLE,,1,IDLE,,1,IDLE,,1,PROTECTING,Field_10,1,MOVING_TO_FIELD,Field_15,1,IDLE,,1,IDLE,,1,IDLE,,1,IDLE,,1,PROTECTING,Field_16,1,PROTECTING,Field_16,1,IDLE,,1,IDLE,,1,IDLE,,1,IDLE,,1,IDLE,,1,IDLE,,1,IDLE,,1,IDLE,,1,IDLE,,1,IDLE,,1,IDLE,,1,IDLE,,1,IDLE,,1,IDLE,,1,PROTECTING,Field_16,1,IDLE,,1,IDLE,,1,IDLE,,1,IDLE,,1,IDLE,,1,IDLE,,1,IDLE,,1,IDLE,,1,IDLE,,1,IDLE,,1,IDLE,,1,IDLE,,1,IDLE,,1,IDLE,,1,IDLE,,1,IDLE,,1,IDLE,,1,IDLE,,1,IDLE,,25,0.09,0,0,9,15,0.06,0,0,4,37,0.13,0,0,2,18,0.05,0,0,1,8,0.05,0,0,1,65,0.13,0,2,6,58,0.09,0,0,2,15,0.10,0,0,6,27,0.05,0,0,2,30,0.08,5,0,1,17,0.06,0,0,2,12,0.07,0,0,3,12,0.02,0,0,1,42,0.14,0,0,2,108,0.24,2,5,4,34,0.19,9,0,0,51,0.10,0,0,3,5,0.08,3,0,6,26,0.06,0,0,6,1,0.03,0,0,2,19,0.02,0,0,2,7,0.02,0,0,1,0,0.03,0,0,2,29,0.05,0,0,1,11,0.07,0,0,1,23,0.13,0,0,2,24,0.11,0,0,2,10,0.04,0,0,2,1,0.05,0,0,2,17,0.04,0,0,2,2,0.02,0,0,2,17,0.06,0,0,2,11,0.05,0,0,2,23,0.08,0,0,2,45,0.14,0,0,3,6,0.05,0,0,3,2,0.00,0,0,2,18,0.06,0,0,2,18,0.10,0,0,3,41,0.18,0,0,3
127,932,53,0,19,0,7,0,1,PROTECTING,Field_10,1,PROTECTING,Field_10,1,IDLE,,1,PROTECTING,Field_10,1,IDLE,,1,PROTECTING,Field_15,1,IDLE,,1,PROTECTING,Field_15,1,IDLE,,1,IDLE,,1,MOVING_TO_FIELD,Field_15,1,MOVING_TO_FIELD,Field_15,1,IDLE,,1,PROTECTING,Field_10,1,IDLE,,1,MOVING_TO_FIELD,Field_15,1,IDLE,,1,MOVING_TO_FIELD,Field_15,1,IDLE,,1,IDLE,,1,PROTECTING,Field_16,1,PROTECTING,Field_16,1,PROTECTING,Field_18,1,PROTECTING,Field_18,1,PROTECTING,Field_18,1,MOVING_TO_FIELD,Field_6,1,MOVING_TO_FIELD,Field_6,1,PROTECTING,Field_16,1,PROTECTING,Field_16,1,PROTECTING,Field_16,1,PROTECTING,Field_16,1,IDLE,,1,IDLE,,1,IDLE,,1,IDLE,,1,IDLE,,1,IDLE,,1,PROTECTING,Field_10,1,MOVING_TO_FIELD,Field_15,1,IDLE,,1,IDLE,,1,IDLE,,1,IDLE,,1,PROTECTING,Field_16,1,PROTECTING,Field_16,1,IDLE,,1,IDLE,,1,IDLE,,1,IDLE,,1,IDLE,,1,IDLE,,1,IDLE,,1,IDLE,,1,IDLE,,1,IDLE,,1,IDLE,,1,IDLE,,1,IDLE,,1,IDLE,,1,PROTECTING,Field_16,1,IDLE,,1,IDLE,,1,IDLE,,1,IDLE,,1,IDLE,,1,IDLE,,1,IDLE,,1,IDLE,,1,IDLE,,1,IDLE,,1,IDLE,,1,IDLE,,1,IDLE,,1,IDLE,,1,IDLE,,1,IDLE,,1,IDLE,,1,IDLE,,1,IDLE,,25,0.09,0,0,9,15,0.06,0,0,4,37,0.14,0,0,2,18,0.05,0,0,1,8,0.05,0,0,1,65,0.13,0,2,6,58,0.09,0,0,2,15,0.10,0,0,6,27,0.05,0,0,2,30,0.09,5,0,1,17,0.06,0,0,2,12,0.07,0,0,3,12,0.02,0,0,1,42,0.14,0,0,2,108,0.23,2,5,4,34,0.18,9,0,0,51,0.10,0,0,3,5,0.08,3,0,6,26,0.07,0,0,6,1,0.03,0,0,2,19,0.02,0,0,2,7,0.02,0,0,1,0,0.03,0,0,2,30,0.07,0,0,1,11,0.07,0,0,1,23,0.12,0,0,2,24,0.11,0,0,2,10,0.04,0,0,2,1,0.06,0,0,2,17,0.04,0,0,2,2,0.02,0,0,2,17,0.05,0,0,2,11,0.05,0,0,2,23,0.08,0,0,2,46,0.15,0,0,3,6,0.05,0,0,3,2,0.00,0,0,2,18,0.05,0,0,2,18,0.10,0,0,3,41,0.18,0,0,3
128,934,53,0,19,0,7,0,1,PROTECTING,Field_10,1,PROTECTING,Field_10,1,IDLE,,1,PROTECTING,Field_10,1,IDLE,,1,PROTECTING,Field_15,1,IDLE,,1,PROTECTING,Field_15,1,IDLE,,1,IDLE,,1,MOVING_TO_FIELD,Field_15,1,MOVING_TO_FIELD,Field_15,1,IDLE,,1,PROTECTING,Field_10,1,IDLE,,1,MOVING_TO_FIELD,Field_15,1,IDLE,,1,MOVING_TO_FIELD,Field_15,1,IDLE,,1,IDLE,,1,PROTECTING,Field_16,1,PROTECTING,Field_16,1,PROTECTING,Field_18,1,PROTECTING,Field_18,1,PROTECTING,Field_18,1,MOVING_TO_FIELD,Field_6,1,MOVING_TO_FIELD,Field_6,1,PROTECTING,Field_16,1,PROTECTING,Field_16,1,PROTECTING,Field_16,1,PROTECTING,Field_16,1,IDLE,,1,IDLE,,1,IDLE,,1,IDLE,,1,IDLE,,1,IDLE,,1,PROTECTING,Field_10,1,MOVING_TO_FIELD,Field_15,1,IDLE,,1,IDLE,,1,IDLE,,1,IDLE,,1,PROTECTING,Field_16,1,PROTECTING,Field_16,1,IDLE,,1,IDLE,,1,IDLE,,1,IDLE,,1,IDLE,,1,IDLE,,1,IDLE,,1,IDLE,,1,IDLE,,1,IDLE,,1,IDLE,,1,IDLE,,1,IDLE,,1,IDLE,,1,PROTECTING,Field_16,1,IDLE,,1,IDLE,,1,IDLE,,1,IDLE,,1,IDLE,,1,IDLE,,1,IDLE,,1,IDLE,,1,IDLE,,1,IDLE,,1,IDLE,,1,IDLE,,1,IDLE,,1,IDLE,,1,IDLE,,1,IDLE,,1,IDLE,,1,IDLE,,1,IDLE,,25,0.09,0,0,9,15,0.06,0,0,4,37,0.13,0,0,2,18,0.05,0,0,1,8,0.05,0,0,1,65,0.12,0,2,6,59,0.09,0,0,2,15,0.10,0,0,6,27,0.05,0,0,2,30,0.10,5,0,1,18,0.06,0,0,2,12,0.07,0,0,3,12,0.02,0,0,1,42,0.13,0,0,2,108,0.22,2,5,4,34,0.18,9,0,0,51,0.10,0,0,3,5,0.08,3,0,6,26,0.07,0,0,6,1,0.01,0,0,2,19,0.02,0,0,2,7,0.02,0,0,1,0,0.03,0,0,2,30,0.07,0,0,1,11,0.07,0,0,1,23,0.12,0,0,2,24,0.12,0,0,2,10,0.04,0,0,2,1,0.06,0,0,2,17,0.03,0,0,2,2,0.02,0,0,2,17,0.05,0,0,2,11,0.05,0,0,2,23,0.08,0,0,2,46,0.14,0,0,3,6,0.05,0,0,3,2,0.01,0,0,2,18,0.05,0,0,2,18,0.07,0,0,3,41,0.21,0,0,3
129,935,53,0,20,0,6,0,1,PROTECTING,Field_10,1,PROTECTING,Field_10,1,IDLE,,1,PROTECTING,Field_10,1,IDLE,,1,PROTECTING,Field_15,1,IDLE,,1,PROTECTING,Field_15,1,IDLE,,1,IDLE,,1,MOVING_TO_FIELD,Field_15,1,MOVING_TO_FIELD,Field_15,1,IDLE,,1,PROTECTING,Field_10,1,IDLE,,1,MOVING_TO_FIELD,Field_15,1,IDLE,,1,PROTECTING,Field_15,1,IDLE,,1,IDLE,,1,PROTECTING,Field_16,1,PROTECTING,Field_16,1,PROTECTING,Field_18,1,PROTECTING,Field_18,1,PROTECTING,Field_18,1,MOVING_TO_FIELD,Field_6,1,MOVING_TO_FIELD,Field_6,1,PROTECTING,Field_16,1,PROTECTING,Field_16,1,PROTECTING,Field_16,1,PROTECTING,Field_16,1,IDLE,,1,IDLE,,1,IDLE,,1,IDLE,,1,IDLE,,1,IDLE,,1,PROTECTING,Field_10,1,MOVING_TO_FIELD,Field_15,1,IDLE,,1,IDLE,,1,IDLE,,1,IDLE,,1,PROTECTING,Field_16,1,PROTECTING,Field_16,1,IDLE,,1,IDLE,,1,IDLE,,1,IDLE,,1,IDLE,,1,IDLE,,1,IDLE,,1,IDLE,,1,IDLE,,1,IDLE,,1,IDLE,,1,IDLE,,1,IDLE,,1,IDLE,,1,PROTECTING,Field_16,1,IDLE,,1,IDLE,,1,IDLE,,1,IDLE,,1,IDLE,,1,IDLE,,1,IDLE,,1,IDLE,,1,IDLE,,1,IDLE,,1,IDLE,,1,IDLE,,1,IDLE,,1,IDLE,,1,IDLE,,1,IDLE,,1,IDLE,,1,IDLE,,1,IDLE,,25,0.10,0,0,9,15,0.06,0,0,4,37,0.14,0,0,2,18,0.05,0,0,1,8,0.05,0,0,1,65,0.14,0,2,6,59,0.09,0,0,2,15,0.10,0,0,6,27,0.04,0,0,2,30,0.10,5,0,1,18,0.06,0,0,2,12,0.08,0,0,3,12,0.02,0,0,1,42,0.14,0,0,2,108,0.23,3,4,3,34,0.17,9,0,0,51,0.10,0,0,3,5,0.08,3,0,6,26,0.07,0,0,6,1,0.01,0,0,2,19,0.02,0,0,2,7,0.00,0,0,1,0,0.02,0,0,2,30,0.07,0,0,1,11,0.07,0,0,1,23,0.12,0,0,2,24,0.10,0,0,2,10,0.04,0,0,2,1,0.06,0,0,2,17,0.01,0,0,2,2,0.02,0,0,2,17,0.05,0,0,2,11,0.05,0,0,2,23,0.08,0,0,2,46,0.14,0,0,3,6,0.05,0,0,3,2,0.01,0,0,2,18,0.05,0,0,2,18,0.07,0,0,3,42,0.21,0,0,3
130,936,53,0,20,0,6,0,1,PROTECTING,Field_10,1,PROTECTING,Field_10,1,IDLE,,1,PROTECTING,Field_10,1,IDLE,,1,PROTECTING,Field_15,1,IDLE,,1,PROTECTING,Field_15,1,IDLE,,1,IDLE,,1,MOVING_TO_FIELD,Field_15,1,MOVING_TO_FIELD,Field_15,1,IDLE,,1,PROTECTING,Field_10,1,IDLE,,1,MOVING_TO_FIELD,Field_15,1,IDLE,,1,PROTECTING,Field_15,1,IDLE,,1,IDLE,,1,PROTECTING,Field_16,1,PROTECTING,Field_16,1,PROTECTING,Field_18,1,PROTECTING,Field_18,1,PROTECTING,Field_18,1,MOVING_TO_FIELD,Field_6,1,MOVING_TO_FIELD,Field_6,1,PROTECTING,Field_16,1,PROTECTING,Field_16,1,PROTECTING,Field_16,1,PROTECTING,Field_16,1,IDLE,,1,IDLE,,1,IDLE,,1,IDLE,,1,IDLE,,1,IDLE,,1,PROTECTING,Field_10,1,MOVING_TO_FIELD,Field_15,1,IDLE,,1,IDLE,,1,IDLE,,1,IDLE,,1,PROTECTING,Field_16,1,PROTECTING,Field_16,1,IDLE,,1,IDLE,,1,IDLE,,1,IDLE,,1,IDLE,,1,IDLE,,1,IDLE,,1,IDLE,,1,IDLE,,1,IDLE,,1,IDLE,,1,IDLE,,1,IDLE,,1,IDLE,,1,PROTECTING,Field_16,1,IDLE,,1,IDLE,,1,IDLE,,1,IDLE,,1,IDLE,,1,IDLE,,1,IDLE,,1,IDLE,,1,IDLE,,1,IDLE,,1,IDLE,,1,IDLE,,1,IDLE,,1,IDLE,,1,IDLE,,1,IDLE,,1,IDLE,,1,IDLE,,1,IDLE,,25,0.10,0,0,9,15,0.08,0,0,4,37,0.14,0,0,2,18,0.05,0,0,1,8,0.05,0,0,1,65,0.15,0,2,6,59,0.11,0,0,2,15,0.10,0,0,6,27,0.07,0,0,2,30,0.10,5,0,1,18,0.06,0,0,2,12,0.08,0,0,3,12,0.02,0,0,1,43,0.14,0,0,2,108,0.21,3,4,3,34,0.16,9,0,0,51,0.08,0,0,3,5,0.08,3,0,6,26,0.07,0,0,6,1,0.01,0,0,2,19,0.02,0,0,2,7,0.00,0,0,1,0,0.02,0,0,2,30,0.05,0,0,1,11,0.07,0,0,1,23,0.10,0,0,2,24,0.12,0,0,2,10,0.04,0,0,2,1,0.06,0,0,2,17,0.01,0,0,2,2,0.02,0,0,2,17,0.05,0,0,2,11,0.05,0,0,2,23,0.08,0,0,2,46,0.15,0,0,3,6,0.07,0,0,3,2,0.01,0,0,2,18,0.05,0,0,2,18,0.06,0,0,3,42,0.22,0,0,3
131,936,54,0,12,0,13,0,1,PROTECTING,Field_10,1,PROTECTING,Field_10,1,IDLE,,1,PROTECTING,Field_10,1,IDLE,,1,PROTECTING,Field_15,1,IDLE,,1,PROTECTING,Field_15,1,IDLE,,1,IDLE,,1,MOVING_TO_FIELD,Field_15,1,MOVING_TO_FIELD,Field_15,1,IDLE,,1,PROTECTING,Field_10,1,IDLE,,1,MOVING_TO_FIELD,Field_15,1,IDLE,,1,PROTECTING,Field_15,1,IDLE,,1,IDLE,,1,MOVING_TO_FIELD,Field_15,1,MOVING_TO_FIELD,Field_15,1,PROTECTING,Field_18,1,PROTECTING,Field_18,1,PROTECTING,Field_18,1,MOVING_TO_FIELD,Field_6,1,MOVING_TO_FIELD,Field_6,1,PROTECTING,Field_16,1,MOVING_TO_FIELD,Field_15,1,MOVING_TO_FIELD,Field_15,1,MOVING_TO_FIELD,Field_15,1,IDLE,,1,IDLE,,1,IDLE,,1,IDLE,,1,IDLE,,1,IDLE,,1,PROTECTING,Field_10,1,IDLE,,1,IDLE,,1,IDLE,,1,IDLE,,1,IDLE,,1,MOVING_TO_FIELD,Field_15,1,MOVING_TO_FIELD,Field_15,1,IDLE,,1,IDLE,,1,IDLE,,1,IDLE,,1,IDLE,,1,IDLE,,1,IDLE,,1,IDLE,,1,IDLE,,1,IDLE,,1,IDLE,,1,IDLE,,1,IDLE,,1,IDLE,,1,MOVING_TO_FIELD,Field_15,1,IDLE,,1,IDLE,,1,IDLE,,1,IDLE,,1,IDLE,,1,IDLE,,1,IDLE,,1,IDLE,,1,IDLE,,1,IDLE,,1,IDLE,,1,IDLE,,1,IDLE,,1,IDLE,,1,IDLE,,1,IDLE,,1,IDLE,,1,IDLE,,1,IDLE,,25,0.10,0,0,9,15,0.08,0,0,4,37,0.13,0,0,2,18,0.05,0,0,1,8,0.05,0,0,1,65,0.14,0,2,6,59,0.11,0,0,2,15,0.11,0,0,6,27,0.08,0,0,2,30,0.10,5,0,1,18,0.07,0,0,2,12,0.08,0,0,3,12,0.03,0,0,1,43,0.13,0,0,2,108,0.22,3,11,3,34,0.15,1,0,8,51,0.06,0,0,3,5,0.08,3,0,6,26,0.07,0,0,6,1,0.03,0,0,2,19,0.00,0,0,2,7,0.02,0,0,1,0,0.02,0,0,2,30,0.07,0,0,1,11,0.07,0,0,1,23,0.09,0,0,2,24,0.14,0,0,2,10,0.04,0,0,2,1,0.06,0,0,2,17,0.01,0,0,2,2,0.02,0,0,2,17,0.05,0,0,2,11,0.04,0,0,2,23,0.08,0,0,2,46,0.15,0,0,3,6,0.07,0,0,3,2,0.01,0,0,2,18,0.06,0,0,2,18,0.06,0,0,3,42,0.21,0,0,3
132,938,54,0,12,0,13,0,1,PROTECTING,Field_10,1,PROTECTING,Field_10,1,IDLE,,1,PROTECTING,Field_10,1,IDLE,,1,PROTECTING,Field_15,1,IDLE,,1,PROTECTING,Field_15,1,IDLE,,1,IDLE,,1,MOVING_TO_FIELD,Field_15,1,MOVING_TO_FIELD,Field_15,1,IDLE,,1,PROTECTING,Field_10,1,IDLE,,1,MOVING_TO_FIELD,Field_15,1,IDLE,,1,PROTECTING,Field_15,1,IDLE,,1,IDLE,,1,MOVING_TO_FIELD,Field_15,1,MOVING_TO_FIELD,Field_15,1,PROTECTING,Field_18,1,PROTECTING,Field_18,1,PROTECTING,Field_18,1,MOVING_TO_FIELD,Field_6,1,MOVING_TO_FIELD,Field_6,1,PROTECTING,Field_16,1,MOVING_TO_FIELD,Field_15,1,MOVING_TO_FIELD,Field_15,1,MOVING_TO_FIELD,Field_15,1,IDLE,,1,IDLE,,1,IDLE,,1,IDLE,,1,IDLE,,1,IDLE,,1,PROTECTING,Field_10,1,IDLE,,1,IDLE,,1,IDLE,,1,IDLE,,1,IDLE,,1,MOVING_TO_FIELD,Field_15,1,MOVING_TO_FIELD,Field_15,1,IDLE,,1,IDLE,,1,IDLE,,1,IDLE,,1,IDLE,,1,IDLE,,1,IDLE,,1,IDLE,,1,IDLE,,1,IDLE,,1,IDLE,,1,IDLE,,1,IDLE,,1,IDLE,,1,MOVING_TO_FIELD,Field_15,1,IDLE,,1,IDLE,,1,IDLE,,1,IDLE,,1,IDLE,,1,IDLE,,1,IDLE,,1,IDLE,,1,IDLE,,1,IDLE,,1,IDLE,,1,IDLE,,1,IDLE,,1,IDLE,,1,IDLE,,1,IDLE,,1,IDLE,,1,IDLE,,1,IDLE,,25,0.10,0,0,9,15,0.08,0,0,4,37,0.15,0,0,2,18,0.05,0,0,1,8,0.05,0,0,1,65,0.14,0,2,6,59,0.11,0,0,2,15,0.11,0,0,6,27,0.08,0,0,2,30,0.11,5,0,1,18,0.07,0,0,2,12,0.08,0,0,3,12,0.03,0,0,1,43,0.13,0,0,2,109,0.20,3,11,3,34,0.14,1,0,8,51,0.06,0,0,3,5,0.08,3,0,6,26,0.07,0,0,6,1,0.03,0,0,2,19,0.00,0,0,2,7,0.02,0,0,1,0,0.02,0,0,2,30,0.07,0,0,1,11,0.07,0,0,1,24,0.10,0,0,2,24,0.15,0,0,2,10,0.04,0,0,2,1,0.06,0,0,2,17,0.03,0,0,2,2,0.02,0,0,2,17,0.05,0,0,2,11,0.04,0,0,2,23,0.08,0,0,2,46,0.17,0,0,3,6,0.07,0,0,3,2,0.01,0,0,2,18,0.06,0,0,2,18,0.06,0,0,3,42,0.21,0,0,3
133,939,54,0,12,0,13,0,1,PROTECTING,Field_10,1,PROTECTING,Field_10,1,IDLE,,1,PROTECTING,Field_10,1,IDLE,,1,PROTECTING,Field_15,1,IDLE,,1,PROTECTING,Field_15,1,IDLE,,1,IDLE,,1,MOVING_TO_FIELD,Field_15,1,MOVING_TO_FIELD,Field_15,1,IDLE,,1,PROTECTING,Field_10,1,IDLE,,1,MOVING_TO_FIELD,Field_15,1,IDLE,,1,PROTECTING,Field_15,1,IDLE,,1,IDLE,,1,MOVING_TO_FIELD,Field_15,1,MOVING_TO_FIELD,Field_15,1,PROTECTING,Field_18,1,PROTECTING,Field_18,1,PROTECTING,Field_18,1,MOVING_TO_FIELD,Field_6,1,MOVING_TO_FIELD,Field_6,1,PROTECTING,Field_16,1,MOVING_TO_FIELD,Field_15,1,MOVING_TO_FIELD,Field_15,1,MOVING_TO_FIELD,Field_15,1,IDLE,,1,IDLE,,1,IDLE,,1,IDLE,,1,IDLE,,1,IDLE,,1,PROTECTING,Field_10,1,IDLE,,1,IDLE,,1,IDLE,,1,IDLE,,1,IDLE,,1,MOVING_TO_FIELD,Field_15,1,MOVING_TO_FIELD,Field_15,1,IDLE,,1,IDLE,,1,IDLE,,1,IDLE,,1,IDLE,,1,IDLE,,1,IDLE,,1,IDLE,,1,IDLE,,1,IDLE,,1,IDLE,,1,IDLE,,1,IDLE,,1,IDLE,,1,MOVING_TO_FIELD,Field_15,1,IDLE,,1,IDLE,,1,IDLE,,1,IDLE,,1,IDLE,,1,IDLE,,1,IDLE,,1,IDLE,,1,IDLE,,1,IDLE,,1,IDLE,,1,IDLE,,1,IDLE,,1,IDLE,,1,IDLE,,1,IDLE,,1,IDLE,,1,IDLE,,1,IDLE,,25,0.08,0,0,9,15,0.08,0,0,4,37,0.15,0,0,2,18,0.05,0,0,1,8,0.07,0,0,1,65,0.15,0,2,6,59,0.13,0,0,2,15,0.11,0,0,6,27,0.07,0,0,2,30,0.11,5,0,1,18,0.06,0,0,2,12,0.08,0,0,3,12,0.03,0,0,1,43,0.13,0,0,2,109,0.20,3,11,3,34,0.14,1,0,8,51,0.06,0,0,3,5,0.08,3,0,6,26,0.07,0,0,6,1,0.03,0,0,2,19,0.00,0,0,2,7,0.02,0,0,1,0,0.02,0,0,2,30,0.07,0,0,1,11,0.07,0,0,1,24,0.09,0,0,2,24,0.13,0,0,2,10,0.04,0,0,2,1,0.06,0,0,2,17,0.04,0,0,2,2,0.02,0,0,2,17,0.05,0,0,2,11,0.04,0,0,2,23,0.10,0,0,2,46,0.15,0,0,3,6,0.07,0,0,3,2,0.01,0,0,2,18,0.06,0,0,2,18,0.07,0,0,3,43,0.22,0,0,3
134,943,54,0,12,0,13,0,1,PROTECTING,Field_10,1,PROTECTING,Field_10,1,IDLE,,1,PROTECTING,Field_10,1,IDLE,,1,PROTECTING,Field_15,1,IDLE,,1,PROTECTING,Field_15,1,IDLE,,1,IDLE,,1,MOVING_TO_FIELD,Field_15,1,MOVING_TO_FIELD,Field_15,1,IDLE,,1,PROTECTING,Field_10,1,IDLE,,1,MOVING_TO_FIELD,Field_15,1,IDLE,,1,PROTECTING,Field_15,1,IDLE,,1,IDLE,,1,MOVING_TO_FIELD,Field_15,1,MOVING_TO_FIELD,Field_15,1,PROTECTING,Field_18,1,PROTECTING,Field_18,1,PROTECTING,Field_18,1,MOVING_TO_FIELD,Field_6,1,MOVING_TO_FIELD,Field_6,1,PROTECTING,Field_16,1,MOVING_TO_FIELD,Field_15,1,MOVING_TO_FIELD,Field_15,1,MOVING_TO_FIELD,Field_15,1,IDLE,,1,IDLE,,1,IDLE,,1,IDLE,,1,IDLE,,1,IDLE,,1,PROTECTING,Field_10,1,IDLE,,1,IDLE,,1,IDLE,,1,IDLE,,1,IDLE,,1,MOVING_TO_FIELD,Field_15,1,MOVING_TO_FIELD,Field_15,1,IDLE,,1,IDLE,,1,IDLE,,1,IDLE,,1,IDLE,,1,IDLE,,1,IDLE,,1,IDLE,,1,IDLE,,1,IDLE,,1,IDLE,,1,IDLE,,1,IDLE,,1,IDLE,,1,MOVING_TO_FIELD,Field_15,1,IDLE,,1,IDLE,,1,IDLE,,1,IDLE,,1,IDLE,,1,IDLE,,1,IDLE,,1,IDLE,,1,IDLE,,1,IDLE,,1,IDLE,,1,IDLE,,1,IDLE,,1,IDLE,,1,IDLE,,1,IDLE,,1,IDLE,,1,IDLE,,1,IDLE,,25,0.08,0,0,9,15,0.08,0,0,4,37,0.15,0,0,2,18,0.05,0,0,1,8,0.07,0,0,1,65,0.15,0,2,6,59,0.14,0,0,2,15,0.11,0,0,6,27,0.05,0,0,2,31,0.11,5,0,1,18,0.07,0,0,2,12,0.09,0,0,3,12,0.03,0,0,1,44,0.13,0,0,2,110,0.19,3,11,3,34,0.12,1,0,8,51,0.06,0,0,3,5,0.08,3,0,6,26,0.07,0,0,6,1,0.04,0,0,2,19,0.00,0,0,2,7,0.02,0,0,1,0,0.02,0,0,2,30,0.05,0,0,1,11,0.09,0,0,1,24,0.08,0,0,2,24,0.13,0,0,2,10,0.04,0,0,2,1,0.03,0,0,2,17,0.05,0,0,2,2,0.02,0,0,2,17,0.05,0,0,2,11,0.04,0,0,2,23,0.12,0,0,2,46,0.15,0,0,3,6,0.07,0,0,3,2,0.01,0,0,2,19,0.06,0,0,2,18,0.07,0,0,3,43,0.22,0,0,3
135,948,54,0,12,0,13,0,1,PROTECTING,Field_10,1,PROTECTING,Field_10,1,IDLE,,1,PROTECTING,Field_10,1,IDLE,,1,PROTECTING,Field_15,1,IDLE,,1,PROTECTING,Field_15,1,IDLE,,1,IDLE,,1,MOVING_TO_FIELD,Field_15,1,MOVING_TO_FIELD,Field_15,1,IDLE,,1,PROTECTING,Field_10,1,IDLE,,1,MOVING_TO_FIELD,Field_15,1,IDLE,,1,PROTECTING,Field_15,1,IDLE,,1,IDLE,,1,MOVING_TO_FIELD,Field_15,1,MOVING_TO_FIELD,Field_15,1,PROTECTING,Field_18,1,PROTECTING,Field_18,1,PROTECTING,Field_18,1,MOVING_TO_FIELD,Field_6,1,MOVING_TO_FIELD,Field_6,1,PROTECTING,Field_16,1,MOVING_TO_FIELD,Field_15,1,MOVING_TO_FIELD,Field_15,1,MOVING_TO_FIELD,Field_15,1,IDLE,,1,IDLE,,1,IDLE,,1,IDLE,,1,IDLE,,1,IDLE,,1,PROTECTING,Field_10,1,IDLE,,1,IDLE,,1,IDLE,,1,IDLE,,1,IDLE,,1,MOVING_TO_FIELD,Field_15,1,MOVING_TO_FIELD,Field_15,1,IDLE,,1,IDLE,,1,IDLE,,1,IDLE,,1,IDLE,,1,IDLE,,1,IDLE,,1,IDLE,,1,IDLE,,1,IDLE,,1,IDLE,,1,IDLE,,1,IDLE,,1,IDLE,,1,MOVING_TO_FIELD,Field_15,1,IDLE,,1,IDLE,,1,IDLE,,1,IDLE,,1,IDLE,,1,IDLE,,1,IDLE,,1,IDLE,,1,IDLE,,1,IDLE,,1,IDLE,,1,IDLE,,1,IDLE,,1,IDLE,,1,IDLE,,1,IDLE,,1,IDLE,,1,IDLE,,1,IDLE,,25,0.09,0,0,9,15,0.08,0,0,4,37,0.15,0,0,2,18,0.05,0,0,1,8,0.07,0,0,1,66,0.15,0,2,6,59,0.15,0,0,2,15,0.10,0,0,6,27,0.07,0,0,2,31,0.11,5,0,1,18,0.07,0,0,2,13,0.09,0,0,3,12,0.03,0,0,1,44,0.13,0,0,2,110,0.20,3,11,3,34,0.11,1,0,8,51,0.08,0,0,3,5,0.08,3,0,6,26,0.04,0,0,6,1,0.04,0,0,2,19,0.00,0,0,2,7,0.02,0,0,1,0,0.02,0,0,2,30,0.05,0,0,1,11,0.09,0,0,1,24,0.06,0,0,2,24,0.13,0,0,2,10,0.04,0,0,2,1,0.03,0,0,2,17,0.05,0,0,2,2,0.04,0,0,2,17,0.05,0,0,2,11,0.05,0,0,2,23,0.13,0,0,2,48,0.14,0,0,3,6,0.07,0,0,3,2,0.01,0,0,2,19,0.06,0,0,2,18,0.07,0,0,3,44,0.22,0,0,3
136,952,54,0,12,0,13,0,1,PROTECTING,Field_10,1,PROTECTING,Field_10,1,IDLE,,1,PROTECTING,Field_10,1,IDLE,,1,PROTECTING,Field_15,1,IDLE,,1,PROTECTING,Field_15,1,IDLE,,1,IDLE,,1,MOVING_TO_FIELD,Field_15,1,MOVING_TO_FIELD,Field_15,1,IDLE,,1,PROTECTING,Field_10,1,IDLE,,1,MOVING_TO_FIELD,Field_15,1,IDLE,,1,PROTECTING,Field_15,1,IDLE,,1,IDLE,,1,MOVING_TO_FIELD,Field_15,1,MOVING_TO_FIELD,Field_15,1,PROTECTING,Field_18,1,PROTECTING,Field_18,1,PROTECTING,Field_18,1,MOVING_TO_FIELD,Field_6,1,MOVING_TO_FIELD,Field_6,1,PROTECTING,Field_16,1,MOVING_TO_FIELD,Field_15,1,MOVING_TO_FIELD,Field_15,1,MOVING_TO_FIELD,Field_15,1,IDLE,,1,IDLE,,1,IDLE,,1,IDLE,,1,IDLE,,1,IDLE,,1,PROTECTING,Field_10,1,IDLE,,1,IDLE,,1,IDLE,,1,IDLE,,1,IDLE,,1,MOVING_TO_FIELD,Field_15,1,MOVING_TO_FIELD,Field_15,1,IDLE,,1,IDLE,,1,IDLE,,1,IDLE,,1,IDLE,,1,IDLE,,1,IDLE,,1,IDLE,,1,IDLE,,1,IDLE,,1,IDLE,,1,IDLE,,1,IDLE,,1,IDLE,,1,MOVING_TO_FIELD,Field_15,1,IDLE,,1,IDLE,,1,IDLE,,1,IDLE,,1,IDLE,,1,IDLE,,1,IDLE,,1,IDLE,,1,IDLE,,1,IDLE,,1,IDLE,,1,IDLE,,1,IDLE,,1,IDLE,,1,IDLE,,1,IDLE,,1,IDLE,,1,IDLE,,1,IDLE,,26,0.10,0,0,9,15,0.08,0,0,4,37,0.16,0,0,2,18,0.05,0,0,1,8,0.07,0,0,1,67,0.15,0,2,6,60,0.15,0,0,2,15,0.11,0,0,6,27,0.05,0,0,2,31,0.11,5,0,1,18,0.10,0,0,2,14,0.09,0,0,3,12,0.03,0,0,1,44,0.13,0,0,2,110,0.20,3,11,3,34,0.09,1,0,8,51,0.08,0,0,3,5,0.08,3,0,6,26,0.08,0,0,6,1,0.04,0,0,2,19,0.00,0,0,2,7,0.02,0,0,1,0,0.02,0,0,2,30,0.04,0,0,1,11,0.09,0,0,1,24,0.06,0,0,2,24,0.13,0,0,2,10,0.02,0,0,2,1,0.03,0,0,2,17,0.05,0,0,2,2,0.04,0,0,2,17,0.06,0,0,2,11,0.07,0,0,2,23,0.12,0,0,2,48,0.14,0,0,3,6,0.07,0,0,3,2,0.01,0,0,2,19,0.06,0,0,2,18,0.07,0,0,3,44,0.22,0,0,3
137,955,54,0,12,0,13,0,1,PROTECTING,Field_10,1,PROTECTING,Field_10,1,IDLE,,1,PROTECTING,Field_10,1,IDLE,,1,PROTECTING,Field_15,1,IDLE,,1,PROTECTING,Field_15,1,IDLE,,1,IDLE,,1,MOVING_TO_FIELD,Field_15,1,MOVING_TO_FIELD,Field_15,1,IDLE,,1,PROTECTING,Field_10,1,IDLE,,1,MOVING_TO_FIELD,Field_15,1,IDLE,,1,PROTECTING,Field_15,1,IDLE,,1,IDLE,,1,MOVING_TO_FIELD,Field_15,1,MOVING_TO_FIELD,Field_15,1,PROTECTING,Field_18,1,PROTECTING,Field_18,1,PROTECTING,Field_18,1,MOVING_TO_FIELD,Field_6,1,MOVING_TO_FIELD,Field_6,1,PROTECTING,Field_16,1,MOVING_TO_FIELD,Field_15,1,MOVING_TO_FIELD,Field_15,1,MOVING_TO_FIELD,Field_15,1,IDLE,,1,IDLE,,1,IDLE,,1,IDLE,,1,IDLE,,1,IDLE,,1,PROTECTING,Field_10,1,IDLE,,1,IDLE,,1,IDLE,,1,IDLE,,1,IDLE,,1,MOVING_TO_FIELD,Field_15,1,MOVING_TO_FIELD,Field_15,1,IDLE,,1,IDLE,,1,IDLE,,1,IDLE,,1,IDLE,,1,IDLE,,1,IDLE,,1,IDLE,,1,IDLE,,1,IDLE,,1,IDLE,,1,IDLE,,1,IDLE,,1,IDLE,,1,MOVING_TO_FIELD,Field_15,1,IDLE,,1,IDLE,,1,IDLE,,1,IDLE,,1,IDLE,,1,IDLE,,1,IDLE,,1,IDLE,,1,IDLE,,1,IDLE,,1,IDLE,,1,IDLE,,1,IDLE,,1,IDLE,,1,IDLE,,1,IDLE,,1,IDLE,,1,IDLE,,1,IDLE,,26,0.10,0,0,9,15,0.08,0,0,4,37,0.15,0,0,2,18,0.03,0,0,1,8,0.07,0,0,1,68,0.14,0,2,6,60,0.15,0,0,2,15,0.11,0,0,6,27,0.05,0,0,2,31,0.10,5,0,1,18,0.10,0,0,2,14,0.09,0,0,3,12,0.05,0,0,1,45,0.13,0,0,2,110,0.21,3,11,3,34,0.09,1,0,8,51,0.05,0,0,3,5,0.08,3,0,6,26,0.07,0,0,6,1,0.04,0,0,2,19,0.00,0,0,2,7,0.02,0,0,1,0,0.03,0,0,2,30,0.04,0,0,1,11,0.07,0,0,1,24,0.06,0,0,2,24,0.13,0,0,2,10,0.00,0,0,2,1,0.03,0,0,2,17,0.05,0,0,2,2,0.04,0,0,2,17,0.06,0,0,2,11,0.07,0,0,2,23,0.12,0,0,2,49,0.14,0,0,3,6,0.07,0,0,3,2,0.01,0,0,2,19,0.05,0,0,2,18,0.08,0,0,3,44,0.22,0,0,3
138,956,54,0,12,0,13,0,1,PROTECTING,Field_10,1,PROTECTING,Field_10,1,IDLE,,1,PROTECTING,Field_10,1,IDLE,,1,PROTECTING,Field_15,1,IDLE,,1,PROTECTING,Field_15,1,IDLE,,1,IDLE,,1,MOVING_TO_FIELD,Field_15,1,MOVING_TO_FIELD,Field_15,1,IDLE,,1,PROTECTING,Field_10,1,IDLE,,1,MOVING_TO_FIELD,Field_15,1,IDLE,,1,PROTECTING,Field_15,1,IDLE,,1,IDLE,,1,MOVING_TO_FIELD,Field_15,1,MOVING_TO_FIELD,Field_15,1,PROTECTING,Field_18,1,PROTECTING,Field_18,1,PROTECTING,Field_18,1,MOVING_TO_FIELD,Field_6,1,MOVING_TO_FIELD,Field_6,1,PROTECTING,Field_16,1,MOVING_TO_FIELD,Field_15,1,MOVING_TO_FIELD,Field_15,1,MOVING_TO_FIELD,Field_15,1,IDLE,,1,IDLE,,1,IDLE,,1,IDLE,,1,IDLE,,1,IDLE,,1,PROTECTING,Field_10,1,IDLE,,1,IDLE,,1,IDLE,,1,IDLE,,1,IDLE,,1,MOVING_TO_FIELD,Field_15,1,MOVING_TO_FIELD,Field_15,1,IDLE,,1,IDLE,,1,IDLE,,1,IDLE,,1,IDLE,,1,IDLE,,1,IDLE,,1,IDLE,,1,IDLE,,1,IDLE,,1,IDLE,,1,IDLE,,1,IDLE,,1,IDLE,,1,MOVING_TO_FIELD,Field_15,1,IDLE,,1,IDLE,,1,IDLE,,1,IDLE,,1,IDLE,,1,IDLE,,1,IDLE,,1,IDLE,,1,IDLE,,1,IDLE,,1,IDLE,,1,IDLE,,1,IDLE,,1,IDLE,,1,IDLE,,1,IDLE,,1,IDLE,,1,IDLE,,1,IDLE,,26,0.10,0,0,9,15,0.08,0,0,4,37,0.14,0,0,2,18,0.03,0,0,1,8,0.07,0,0,1,68,0.14,0,2,6,60,0.14,0,0,2,15,0.11,0,0,6,27,0.07,0,0,2,32,0.10,5,0,1,18,0.12,0,0,2,14,0.08,0,0,3,12,0.05,0,0,1,45,0.10,0,0,2,110,0.20,3,11,3,34,0.09,1,0,8,51,0.05,0,0,3,5,0.08,3,0,6,26,0.07,0,0,6,1,0.04,0,0,2,19,0.00,0,0,2,7,0.02,0,0,1,0,0.03,0,0,2,30,0.04,0,0,1,11,0.07,0,0,1,24,0.05,0,0,2,24,0.13,0,0,2,10,0.00,0,0,2,1,0.03,0,0,2,17,0.05,0,0,2,2,0.04,0,0,2,17,0.05,0,0,2,11,0.05,0,0,2,23,0.12,0,0,2,49,0.15,0,0,3,6,0.07,0,0,3,2,0.01,0,0,2,19,0.05,0,0,2,18,0.09,0,0,3,44,0.21,0,0,3
139,962,54,0,13,0,12,0,1,PROTECTING,Field_10,1,PROTECTING,Field_10,1,IDLE,,1,PROTECTING,Field_10,1,IDLE,,1,PROTECTING,Field_15,1,IDLE,,1,PROTECTING,Field_15,1,IDLE,,1,IDLE,,1,PROTECTING,Field_15,1,MOVING_TO_FIELD,Field_15,1,IDLE,,1,PROTECTING,Field_10,1,IDLE,,1,MOVING_TO_FIELD,Field_15,1,IDLE,,1,PROTECTING,Field_15,1,IDLE,,1,IDLE,,1,MOVING_TO_FIELD,Field_15,1,MOVING_TO_FIELD,Field_15,1,PROTECTING,Field_18,1,PROTECTING,Field_18,1,PROTECTING,Field_18,1,MOVING_TO_FIELD,Field_6,1,MOVING_TO_FIELD,Field_6,1,PROTECTING,Field_16,1,MOVING_TO_FIELD,Field_15,1,MOVING_TO_FIELD,Field_15,1,MOVING_TO_FIELD,Field_15,1,IDLE,,1,IDLE,,1,IDLE,,1,IDLE,,1,IDLE,,1,IDLE,,1,PROTECTING,Field_10,1,IDLE,,1,IDLE,,1,IDLE,,1,IDLE,,1,IDLE,,1,MOVING_TO_FIELD,Field_15,1,MOVING_TO_FIELD,Field_15,1,IDLE,,1,IDLE,,1,IDLE,,1,IDLE,,1,IDLE,,1,IDLE,,1,IDLE,,1,IDLE,,1,IDLE,,1,IDLE,,1,IDLE,,1,IDLE,,1,IDLE,,1,IDLE,,1,MOVING_TO_FIELD,Field_15,1,IDLE,,1,IDLE,,1,IDLE,,1,IDLE,,1,IDLE,,1,IDLE,,1,IDLE,,1,IDLE,,1,IDLE,,1,IDLE,,1,IDLE,,1,IDLE,,1,IDLE,,1,IDLE,,1,IDLE,,1,IDLE,,1,IDLE,,1,IDLE,,1,IDLE,,26,0.10,0,0,9,15,0.09,0,0,4,38,0.14,0,0,2,18,0.03,0,0,1,8,0.07,0,0,1,68,0.16,0,2,6,63,0.14,0,0,2,15,0.13,0,0,6,27,0.07,0,0,2,32,0.10,5,0,1,19,0.12,0,0,2,14,0.08,0,0,3,12,0.05,0,0,1,45,0.10,0,0,2,110,0.19,4,10,2,34,0.09,1,0,8,51,0.05,0,0,3,5,0.07,3,0,6,26,0.07,0,0,6,1,0.04,0,0,2,19,0.00,0,0,2,7,0.00,0,0,1,0,0.03,0,0,2,30,0.05,0,0,1,11,0.09,0,0,1,24,0.05,0,0,2,24,0.10,0,0,2,10,0.00,0,0,2,1,0.03,0,0,2,17,0.05,0,0,2,2,0.04,0,0,2,17,0.04,0,0,2,11,0.05,0,0,2,23,0.12,0,0,2,50,0.14,0,0,3,6,0.07,0,0,3,2,0.01,0,0,2,19,0.04,0,0,2,18,0.10,0,0,3,44,0.20,0,0,3
140,964,54,0,13,0,12,0,1,PROTECTING,Field_10,1,PROTECTING,Field_10,1,IDLE,,1,PROTECTING,Field_10,1,IDLE,,1,PROTECTING,Field_15,1,IDLE,,1,PROTECTING,Field_15,1,IDLE,,1,IDLE,,1,PROTECTING,Field_15,1,MOVING_TO_FIELD,Field_15,1,IDLE,,1,PROTECTING,Field_10,1,IDLE,,1,MOVING_TO_FIELD,Field_15,1,IDLE,,1,PROTECTING,Field_15,1,IDLE,,1,IDLE,,1,MOVING_TO_FIELD,Field_15,1,MOVING_TO_FIELD,Field_15,1,PROTECTING,Field_18,1,PROTECTING,Field_18,1,PROTECTING,Field_18,1,MOVING_TO_FIELD,Field_6,1,MOVING_TO_FIELD,Field_6,1,PROTECTING,Field_16,1,MOVING_TO_FIELD,Field_15,1,MOVING_TO_FIELD,Field_15,1,MOVING_TO_FIELD,Field_15,1,IDLE,,1,IDLE,,1,IDLE,,1,IDLE,,1,IDLE,,1,IDLE,,1,PROTECTING,Field_10,1,IDLE,,1,IDLE,,1,IDLE,,1,IDLE,,1,IDLE,,1,MOVING_TO_FIELD,Field_15,1,MOVING_TO_FIELD,Field_15,1,IDLE,,1,IDLE,,1,IDLE,,1,IDLE,,1,IDLE,,1,IDLE,,1,IDLE,,1,IDLE,,1,IDLE,,1,IDLE,,1,IDLE,,1,IDLE,,1,IDLE,,1,IDLE,,1,MOVING_TO_FIELD,Field_15,1,IDLE,,1,IDLE,,1,IDLE,,1,IDLE,,1,IDLE,,1,IDLE,,1,IDLE,,1,IDLE,,1,IDLE,,1,IDLE,,1,IDLE,,1,IDLE,,1,IDLE,,1,IDLE,,1,IDLE,,1,IDLE,,1,IDLE,,1,IDLE,,1,IDLE,,26,0.10,0,0,9,15,0.10,0,0,4,39,0.14,0,0,2,18,0.03,0,0,1,8,0.10,0,0,1,68,0.15,0,2,6,63,0.14,0,0,2,15,0.13,0,0,6,27,0.07,0,0,2,33,0.10,5,0,1,19,0.10,0,0,2,14,0.08,0,0,3,12,0.05,0,0,1,45,0.10,0,0,2,110,0.19,4,10,2,34,0.12,1,0,8,51,0.05,0,0,3,5,0.09,3,0,6,26,0.08,0,0,6,1,0.04,0,0,2,19,0.00,0,0,2,7,0.00,0,0,1,0,0.03,0,0,2,30,0.05,0,0,1,11,0.09,0,0,1,24,0.06,0,0,2,24,0.08,0,0,2,10,0.00,0,0,2,1,0.03,0,0,2,17,0.05,0,0,2,2,0.04,0,0,2,17,0.04,0,0,2,11,0.05,0,0,2,23,0.12,0,0,2,50,0.15,0,0,3,6,0.09,0,0,3,2,0.01,0,0,2,19,0.04,0,0,2,18,0.10,0,0,3,44,0.20,0,0,3
141,968,55,0,10,0,14,0,1,IDLE,,1,IDLE,,1,MOVING_TO_FIELD,Field_3,1,MOVING_TO_FIELD,Field_3,1,IDLE,,1,PROTECTING,Field_15,1,IDLE,,1,PROTECTING,Field_15,1,IDLE,,1,IDLE,,1,PROTECTING,Field_15,1,MOVING_TO_FIELD,Field_15,1,IDLE,,1,PROTECTING,Field_10,1,IDLE,,1,MOVING_TO_FIELD,Field_15,1,IDLE,,1,PROTECTING,Field_15,1,IDLE,,1,IDLE,,1,MOVING_TO_FIELD,Field_15,1,MOVING_TO_FIELD,Field_15,1,PROTECTING,Field_18,1,PROTECTING,Field_18,1,PROTECTING,Field_18,1,MOVING_TO_FIELD,Field_6,1,MOVING_TO_FIELD,Field_6,1,PROTECTING,Field_16,1,MOVING_TO_FIELD,Field_15,1,MOVING_TO_FIELD,Field_15,1,MOVING_TO_FIELD,Field_15,1,IDLE,,1,IDLE,,1,IDLE,,1,IDLE,,1,IDLE,,1,IDLE,,1,PROTECTING,Field_10,1,IDLE,,1,IDLE,,1,IDLE,,1,IDLE,,1,IDLE,,1,MOVING_TO_FIELD,Field_15,1,MOVING_TO_FIELD,Field_15,1,IDLE,,1,IDLE,,1,IDLE,,1,IDLE,,1,IDLE,,1,IDLE,,1,IDLE,,1,IDLE,,1,IDLE,,1,IDLE,,1,IDLE,,1,IDLE,,1,IDLE,,1,IDLE,,1,MOVING_TO_FIELD,Field_15,1,IDLE,,1,IDLE,,1,IDLE,,1,IDLE,,1,IDLE,,1,IDLE,,1,IDLE,,1,IDLE,,1,IDLE,,1,IDLE,,1,IDLE,,1,IDLE,,1,IDLE,,1,IDLE,,1,IDLE,,1,IDLE,,1,IDLE,,1,IDLE,,1,IDLE,,26,0.10,0,0,9,15,0.10,0,0,4,39,0.13,0,2,2,18,0.00,0,0,1,8,0.10,0,0,1,68,0.14,0,2,6,64,0.13,0,0,2,16,0.13,0,0,6,27,0.07,0,0,2,33,0.10,2,0,4,19,0.09,0,0,2,14,0.08,0,0,3,12,0.05,0,0,1,46,0.10,0,0,2,110,0.19,4,10,2,34,0.11,1,0,8,51,0.05,0,0,3,5,0.08,3,0,6,26,0.10,0,0,6,1,0.05,0,0,2,19,0.00,0,0,2,7,0.00,0,0,1,0,0.02,0,0,2,30,0.05,0,0,1,11,0.11,0,0,1,24,0.06,0,0,2,24,0.06,0,0,2,10,0.00,0,0,2,1,0.03,0,0,2,17,0.04,0,0,2,2,0.04,0,0,2,17,0.04,0,0,2,11,0.04,0,0,2,23,0.10,0,0,2,51,0.15,0,0,3,6,0.09,0,0,3,2,0.02,0,0,2,19,0.05,0,0,2,18,0.10,0,0,3,44,0.17,0,0,3
142,970,55,0,10,0,14,0,1,IDLE,,1,IDLE,,1,MOVING_TO_FIELD,Field_3,1,MOVING_TO_FIELD,Field_3,1,IDLE,,1,PROTECTING,Field_15,1,IDLE,,1,PROTECTING,Field_15,1,IDLE,,1,IDLE,,1,PROTECTING,Field_15,1,MOVING_TO_FIELD,Field_15,1,IDLE,,1,PROTECTING,Field_10,1,IDLE,,1,MOVING_TO_FIELD,Field_15,1,IDLE,,1,PROTECTING,Field_15,1,IDLE,,1,IDLE,,1,MOVING_TO_FIELD,Field_15,1,MOVING_TO_FIELD,Field_15,1,PROTECTING,Field_18,1,PROTECTING,Field_18,1,PROTECTING,Field_18,1,MOVING_TO_FIELD,Field_6,1,MOVING_TO_FIELD,Field_6,1,PROTECTING,Field_16,1,MOVING_TO_FIELD,Field_15,1,MOVING_TO_FIELD,Field_15,1,MOVING_TO_FIELD,Field_15,1,IDLE,,1,IDLE,,1,IDLE,,1,IDLE,,1,IDLE,,1,IDLE,,1,PROTECTING,Field_10,1,IDLE,,1,IDLE,,1,IDLE,,1,IDLE,,1,IDLE,,1,MOVING_TO_FIELD,Field_15,1,MOVING_TO_FIELD,Field_15,1,IDLE,,1,IDLE,,1,IDLE,,1,IDLE,,1,IDLE,,1,IDLE,,1,IDLE,,1,IDLE,,1,IDLE,,1,IDLE,,1,IDLE,,1,IDLE,,1,IDLE,,1,IDLE,,1,MOVING_TO_FIELD,Field_15,1,IDLE,,1,IDLE,,1,IDLE,,1,IDLE,,1,IDLE,,1,IDLE,,1,IDLE,,1,IDLE,,1,IDLE,,1,IDLE,,1,IDLE,,1,IDLE,,1,IDLE,,1,IDLE,,1,IDLE,,1,IDLE,,1,IDLE,,1,IDLE,,1,IDLE,,26,0.10,0,0,9,15,0.10,0,0,4,40,0.12,0,2,2,18,0.00,0,0,1,9,0.10,0,0,1,68,0.15,0,2,6,64,0.11,0,0,2,16,0.13,0,0,6,27,0.07,0,0,2,33,0.09,2,0,4,19,0.10,0,0,2,14,0.08,0,0,3,12,0.03,0,0,1,46,0.09,0,0,2,110,0.19,4,10,2,34,0.12,1,0,8,51,0.05,0,0,3,5,0.08,3,0,6,26,0.09,0,0,6,1,0.05,0,0,2,19,0.02,0,0,2,7,0.00,0,0,1,0,0.03,0,0,2,30,0.05,0,0,1,11,0.09,0,0,1,24,0.06,0,0,2,24,0.06,0,0,2,10,0.00,0,0,2,1,0.03,0,0,2,17,0.04,0,0,2,2,0.04,0,0,2,17,0.04,0,0,2,11,0.04,0,0,2,23,0.08,0,0,2,51,0.15,0,0,3,6,0.07,0,0,3,2,0.01,0,0,2,19,0.04,0,0,2,18,0.09,0,0,3,44,0.16,0,0,3
143,975,55,0,10,0,14,0,1,IDLE,,1,IDLE,,1,MOVING_TO_FIELD,Field_3,1,MOVING_TO_FIELD,Field_3,1,IDLE,,1,PROTECTING,Field_15,1,IDLE,,1,PROTECTING,Field_15,1,IDLE,,1,IDLE,,1,PROTECTING,Field_15,1,MOVING_TO_FIELD,Field_15,1,IDLE,,1,PROTECTING,Field_10,1,IDLE,,1,MOVING_TO_FIELD,Field_15,1,IDLE,,1,PROTECTING,Field_15,1,IDLE,,1,IDLE,,1,MOVING_TO_FIELD,Field_15,1,MOVING_TO_FIELD,Field_15,1,PROTECTING,Field_18,1,PROTECTING,Field_18,1,PROTECTING,Field_18,1,MOVING_TO_FIELD,Field_6,1,MOVING_TO_FIELD,Field_6,1,PROTECTING,Field_16,1,MOVING_TO_FIELD,Field_15,1,MOVING_TO_FIELD,Field_15,1,MOVING_TO_FIELD,Field_15,1,IDLE,,1,IDLE,,1,IDLE,,1,IDLE,,1,IDLE,,1,IDLE,,1,PROTECTING,Field_10,1,IDLE,,1,IDLE,,1,IDLE,,1,IDLE,,1,IDLE,,1,MOVING_TO_FIELD,Field_15,1,MOVING_TO_FIELD,Field_15,1,IDLE,,1,IDLE,,1,IDLE,,1,IDLE,,1,IDLE,,1,IDLE,,1,IDLE,,1,IDLE,,1,IDLE,,1,IDLE,,1,IDLE,,1,IDLE,,1,IDLE,,1,IDLE,,1,MOVING_TO_FIELD,Field_15,1,IDLE,,1,IDLE,,1,IDLE,,1,IDLE,,1,IDLE,,1,IDLE,,1,IDLE,,1,IDLE,,1,IDLE,,1,IDLE,,1,IDLE,,1,IDLE,,1,IDLE,,1,IDLE,,1,IDLE,,1,IDLE,,1,IDLE,,1,IDLE,,1,IDLE,,26,0.10,0,0,9,15,0.10,0,0,4,43,0.13,0,2,2,18,0.00,0,0,1,9,0.10,0,0,1,68,0.16,0,2,6,65,0.10,0,0,2,16,0.13,0,0,6,27,0.05,0,0,2,33,0.10,2,0,4,19,0.10,0,0,2,14,0.07,0,0,3,12,0.03,0,0,1,46,0.09,0,0,2,110,0.18,4,10,2,34,0.11,1,0,8,51,0.06,0,0,3,5,0.08,3,0,6,26,0.09,0,0,6,1,0.07,0,0,2,19,0.03,0,0,2,7,0.00,0,0,1,0,0.03,0,0,2,30,0.05,0,0,1,11,0.09,0,0,1,24,0.06,0,0,2,24,0.06,0,0,2,10,0.00,0,0,2,1,0.03,0,0,2,17,0.03,0,0,2,2,0.04,0,0,2,17,0.04,0,0,2,11,0.02,0,0,2,23,0.08,0,0,2,52,0.14,0,0,3,6,0.05,0,0,3,2,0.01,0,0,2,19,0.04,0,0,2,18,0.09,0,0,3,44,0.14,0,0,3
144,977,55,0,12,0,12,0,1,IDLE,,1,IDLE,,1,MOVING_TO_FIELD,Field_3,1,MOVING_TO_FIELD,Field_3,1,IDLE,,1,PROTECTING,Field_15,1,IDLE,,1,PROTECTING,Field_15,1,IDLE,,1,IDLE,,1,PROTECTING,Field_15,1,PROTECTING,Field_15,1,IDLE,,1,PROTECTING,Field_10,1,IDLE,,1,MOVING_TO_FIELD,Field_15,1,IDLE,,1,PROTECTING,Field_15,1,IDLE,,1,IDLE,,1,MOVING_TO_FIELD,Field_15,1,MOVING_TO_FIELD,Field_15,1,PROTECTING,Field_18,1,PROTECTING,Field_18,1,PROTECTING,Field_18,1,MOVING_TO_FIELD,Field_6,1,PROTECTING,Field_6,1,PROTECTING,Field_16,1,MOVING_TO_FIELD,Field_15,1,MOVING_TO_FIELD,Field_15,1,MOVING_TO_FIELD,Field_15,1,IDLE,,1,IDLE,,1,IDLE,,1,IDLE,,1,IDLE,,1,IDLE,,1,PROTECTING,Field_10,1,IDLE,,1,IDLE,,1,IDLE,,1,IDLE,,1,IDLE,,1,MOVING_TO_FIELD,Field_15,1,MOVING_TO_FIELD,Field_15,1,IDLE,,1,IDLE,,1,IDLE,,1,IDLE,,1,IDLE,,1,IDLE,,1,IDLE,,1,IDLE,,1,IDLE,,1,IDLE,,1,IDLE,,1,IDLE,,1,IDLE,,1,IDLE,,1,MOVING_TO_FIELD,Field_15,1,IDLE,,1,IDLE,,1,IDLE,,1,IDLE,,1,IDLE,,1,IDLE,,1,IDLE,,1,IDLE,,1,IDLE,,1,IDLE,,1,IDLE,,1,IDLE,,1,IDLE,,1,IDLE,,1,IDLE,,1,IDLE,,1,IDLE,,1,IDLE,,1,IDLE,,26,0.10,0,0,9,15,0.10,0,0,4,43,0.12,0,2,2,18,0.00,0,0,1,9,0.12,0,0,1,68,0.17,1,1,5,66,0.10,0,0,2,16,0.13,0,0,6,27,0.05,0,0,2,33,0.11,2,0,4,19,0.10,0,0,2,14,0.07,0,0,3,12,0.03,0,0,1,47,0.09,0,0,2,110,0.16,5,9,1,34,0.12,1,0,8,51,0.06,0,0,3,5,0.08,3,0,6,26,0.09,0,0,6,1,0.07,0,0,2,19,0.03,0,0,2,7,0.00,0,0,1,0,0.02,0,0,2,30,0.05,0,0,1,11,0.09,0,0,1,24,0.06,0,0,2,24,0.05,0,0,2,10,0.00,0,0,2,1,0.03,0,0,2,17,0.03,0,0,2,2,0.04,0,0,2,17,0.04,0,0,2,11,0.04,0,0,2,23,0.10,0,0,2,52,0.17,0,0,3,6,0.05,0,0,3,2,0.00,0,0,2,19,0.04,0,0,2,18,0.08,0,0,3,44,0.14,0,0,3
145,978,55,0,12,0,12,0,1,IDLE,,1,IDLE,,1,MOVING_TO_FIELD,Field_3,1,MOVING_TO_FIELD,Field_3,1,IDLE,,1,PROTECTING,Field_15,1,IDLE,,1,PROTECTING,Field_15,1,IDLE,,1,IDLE,,1,PROTECTING,Field_15,1,PROTECTING,Field_15,1,IDLE,,1,PROTECTING,Field_10,1,IDLE,,1,MOVING_TO_FIELD,Field_15,1,IDLE,,1,PROTECTING,Field_15,1,IDLE,,1,IDLE,,1,MOVING_TO_FIELD,Field_15,1,MOVING_TO_FIELD,Field_15,1,PROTECTING,Field_18,1,PROTECTING,Field_18,1,PROTECTING,Field_18,1,MOVING_TO_FIELD,Field_6,1,PROTECTING,Field_6,1,PROTECTING,Field_16,1,MOVING_TO_FIELD,Field_15,1,MOVING_TO_FIELD,Field_15,1,MOVING_TO_FIELD,Field_15,1,IDLE,,1,IDLE,,1,IDLE,,1,IDLE,,1,IDLE,,1,IDLE,,1,PROTECTING,Field_10,1,IDLE,,1,IDLE,,1,IDLE,,1,IDLE,,1,IDLE,,1,MOVING_TO_FIELD,Field_15,1,MOVING_TO_FIELD,Field_15,1,IDLE,,1,IDLE,,1,IDLE,,1,IDLE,,1,IDLE,,1,IDLE,,1,IDLE,,1,IDLE,,1,IDLE,,1,IDLE,,1,IDLE,,1,IDLE,,1,IDLE,,1,IDLE,,1,MOVING_TO_FIELD,Field_15,1,IDLE,,1,IDLE,,1,IDLE,,1,IDLE,,1,IDLE,,1,IDLE,,1,IDLE,,1,IDLE,,1,IDLE,,1,IDLE,,1,IDLE,,1,IDLE,,1,IDLE,,1,IDLE,,1,IDLE,,1,IDLE,,1,IDLE,,1,IDLE,,1,IDLE,,26,0.11,0,0,9,15,0.10,0,0,4,43,0.12,0,2,2,18,0.00,0,0,1,9,0.12,0,0,1,68,0.18,1,1,5,66,0.09,0,0,2,16,0.13,0,0,6,27,0.07,0,0,2,33,0.11,2,0,4,19,0.10,0,0,2,14,0.07,0,0,3,12,0.02,0,0,1,47,0.09,0,0,2,110,0.16,5,9,1,34,0.12,1,0,8,51,0.06,0,0,3,5,0.08,3,0,6,26,0.10,0,0,6,1,0.07,0,0,2,19,0.06,0,0,2,7,0.00,0,0,1,0,0.02,0,0,2,31,0.07,0,0,1,11,0.09,0,0,1,24,0.10,0,0,2,24,0.04,0,0,2,10,0.00,0,0,2,1,0.03,0,0,2,17,0.01,0,0,2,2,0.04,0,0,2,17,0.03,0,0,2,11,0.04,0,0,2,23,0.10,0,0,2,52,0.17,0,0,3,6,0.05,0,0,3,2,0.02,0,0,2,19,0.04,0,0,2,18,0.09,0,0,3,44,0.14,0,0,3
146,982,55,0,12,0,12,0,1,IDLE,,1,IDLE,,1,MOVING_TO_FIELD,Field_3,1,MOVING_TO_FIELD,Field_3,1,IDLE,,1,PROTECTING,Field_15,1,IDLE,,1,PROTECTING,Field_15,1,IDLE,,1,IDLE,,1,PROTECTING,Field_15,1,PROTECTING,Field_15,1,IDLE,,1,PROTECTING,Field_10,1,IDLE,,1,MOVING_TO_FIELD,Field_15,1,IDLE,,1,PROTECTING,Field_15,1,IDLE,,1,IDLE,,1,MOVING_TO_FIELD,Field_15,1,MOVING_TO_FIELD,Field_15,1,PROTECTING,Field_18,1,PROTECTING,Field_18,1,PROTECTING,Field_18,1,MOVING_TO_FIELD,Field_6,1,PROTECTING,Field_6,1,PROTECTING,Field_16,1,MOVING_TO_FIELD,Field_15,1,MOVING_TO_FIELD,Field_15,1,MOVING_TO_FIELD,Field_15,1,IDLE,,1,IDLE,,1,IDLE,,1,IDLE,,1,IDLE,,1,IDLE,,1,PROTECTING,Field_10,1,IDLE,,1,IDLE,,1,IDLE,,1,IDLE,,1,IDLE,,1,MOVING_TO_FIELD,Field_15,1,MOVING_TO_FIELD,Field_15,1,IDLE,,1,IDLE,,1,IDLE,,1,IDLE,,1,IDLE,,1,IDLE,,1,IDLE,,1,IDLE,,1,IDLE,,1,IDLE,,1,IDLE,,1,IDLE,,1,IDLE,,1,IDLE,,1,MOVING_TO_FIELD,Field_15,1,IDLE,,1,IDLE,,1,IDLE,,1,IDLE,,1,IDLE,,1,IDLE,,1,IDLE,,1,IDLE,,1,IDLE,,1,IDLE,,1,IDLE,,1,IDLE,,1,IDLE,,1,IDLE,,1,IDLE,,1,IDLE,,1,IDLE,,1,IDLE,,1,IDLE,,26,0.11,0,0,9,15,0.10,0,0,4,43,0.11,0,2,2,18,0.00,0,0,1,9,0.12,0,0,1,68,0.19,1,1,5,68,0.09,0,0,2,16,0.12,0,0,6,27,0.07,0,0,2,34,0.12,2,0,4,19,0.10,0,0,2,14,0.07,0,0,3,12,0.02,0,0,1,47,0.09,0,0,2,110,0.16,5,9,1,34,0.12,1,0,8,51,0.08,0,0,3,5,0.08,3,0,6,26,0.10,0,0,6,1,0.08,0,0,2,19,0.06,0,0,2,7,0.00,0,0,1,0,0.02,0,0,2,31,0.05,0,0,1,11,0.09,0,0,1,24,0.10,0,0,2,24,0.04,0,0,2,10,0.02,0,0,2,1,0.03,0,0,2,17,0.01,0,0,2,2,0.04,0,0,2,17,0.04,0,0,2,11,0.04,0,0,2,23,0.08,0,0,2,53,0.17,0,0,3,6,0.05,0,0,3,2,0.02,0,0,2,19,0.04,0,0,2,18,0.07,0,0,3,44,0.16,0,0,3
147,984,55,0,14,0,10,0,1,IDLE,,1,IDLE,,1,MOVING_TO_FIELD,Field_3,1,MOVING_TO_FIELD,Field_3,1,IDLE,,1,PROTECTING,Field_15,1,IDLE,,1,PROTECTING,Field_15,1,IDLE,,1,IDLE,,1,PROTECTING,Field_15,1,PROTECTING,Field_15,1,IDLE,,1,PROTECTING,Field_10,1,IDLE,,1,PROTECTING,Field_15,1,IDLE,,1,PROTECTING,Field_15,1,IDLE,,1,IDLE,,1,MOVING_TO_FIELD,Field_15,1,MOVING_TO_FIELD,Field_15,1,PROTECTING,Field_18,1,PROTECTING,Field_18,1,PROTECTING,Field_18,1,PROTECTING,Field_6,1,PROTECTING,Field_6,1,PROTECTING,Field_16,1,MOVING_TO_FIELD,Field_15,1,MOVING_TO_FIELD,Field_15,1,MOVING_TO_FIELD,Field_15,1,IDLE,,1,IDLE,,1,IDLE,,1,IDLE,,1,IDLE,,1,IDLE,,1,PROTECTING,Field_10,1,IDLE,,1,IDLE,,1,IDLE,,1,IDLE,,1,IDLE,,1,MOVING_TO_FIELD,Field_15,1,MOVING_TO_FIELD,Field_15,1,IDLE,,1,IDLE,,1,IDLE,,1,IDLE,,1,IDLE,,1,IDLE,,1,IDLE,,1,IDLE,,1,IDLE,,1,IDLE,,1,IDLE,,1,IDLE,,1,IDLE,,1,IDLE,,1,MOVING_TO_FIELD,Field_15,1,IDLE,,1,IDLE,,1,IDLE,,1,IDLE,,1,IDLE,,1,IDLE,,1,IDLE,,1,IDLE,,1,IDLE,,1,IDLE,,1,IDLE,,1,IDLE,,1,IDLE,,1,IDLE,,1,IDLE,,1,IDLE,,1,IDLE,,1,IDLE,,1,IDLE,,26,0.12,0,0,9,15,0.12,0,0,4,43,0.11,0,2,2,18,0.00,0,0,1,9,0.10,0,0,1,68,0.20,2,0,4,68,0.10,0,0,2,16,0.12,0,0,6,27,0.07,0,0,2,34,0.11,2,0,4,19,0.10,0,0,2,14,0.07,0,0,3,12,0.02,0,0,1,47,0.09,0,0,2,110,0.16,6,8,0,34,0.11,1,0,8,51,0.08,0,0,3,5,0.08,3,0,6,26,0.10,0,0,6,1,0.10,0,0,2,19,0.06,0,0,2,7,0.00,0,0,1,0,0.03,0,0,2,31,0.05,0,0,1,11,0.07,0,0,1,24,0.10,0,0,2,24,0.04,0,0,2,10,0.07,0,0,2,1,0.03,0,0,2,17,0.01,0,0,2,2,0.02,0,0,2,17,0.06,0,0,2,11,0.05,0,0,2,23,0.08,0,0,2,53,0.17,0,0,3,6,0.05,0,0,3,2,0.02,0,0,2,19,0.05,0,0,2,18,0.07,0,0,3,46,0.16,0,0,3
148,987,55,0,14,0,10,0,1,IDLE,,1,IDLE,,1,MOVING_TO_FIELD,Field_3,1,MOVING_TO_FIELD,Field_3,1,IDLE,,1,PROTECTING,Field_15,1,IDLE,,1,PROTECTING,Field_15,1,IDLE,,1,IDLE,,1,PROTECTING,Field_15,1,PROTECTING,Field_15,1,IDLE,,1,PROTECTING,Field_10,1,IDLE,,1,PROTECTING,Field_15,1,IDLE,,1,PROTECTING,Field_15,1,IDLE,,1,IDLE,,1,MOVING_TO_FIELD,Field_15,1,MOVING_TO_FIELD,Field_15,1,PROTECTING,Field_18,1,PROTECTING,Field_18,1,PROTECTING,Field_18,1,PROTECTING,Field_6,1,PROTECTING,Field_6,1,PROTECTING,Field_16,1,MOVING_TO_FIELD,Field_15,1,MOVING_TO_FIELD,Field_15,1,MOVING_TO_FIELD,Field_15,1,IDLE,,1,IDLE,,1,IDLE,,1,IDLE,,1,IDLE,,1,IDLE,,1,PROTECTING,Field_10,1,IDLE,,1,IDLE,,1,IDLE,,1,IDLE,,1,IDLE,,1,MOVING_TO_FIELD,Field_15,1,MOVING_TO_FIELD,Field_15,1,IDLE,,1,IDLE,,1,IDLE,,1,IDLE,,1,IDLE,,1,IDLE,,1,IDLE,,1,IDLE,,1,IDLE,,1,IDLE,,1,IDLE,,1,IDLE,,1,IDLE,,1,IDLE,,1,MOVING_TO_FIELD,Field_15,1,IDLE,,1,IDLE,,1,IDLE,,1,IDLE,,1,IDLE,,1,IDLE,,1,IDLE,,1,IDLE,,1,IDLE,,1,IDLE,,1,IDLE,,1,IDLE,,1,IDLE,,1,IDLE,,1,IDLE,,1,IDLE,,1,IDLE,,1,IDLE,,1,IDLE,,26,0.12,0,0,9,15,0.12,0,0,4,43,0.11,0,2,2,18,0.00,0,0,1,9,0.10,0,0,1,68,0.20,2,0,4,68,0.10,0,0,2,16,0.12,0,0,6,27,0.05,0,0,2,34,0.12,2,0,4,19,0.10,0,0,2,15,0.07,0,0,3,12,0.02,0,0,1,47,0.09,0,0,2,110,0.13,6,8,0,34,0.11,1,0,8,51,0.08,0,0,3,5,0.08,3,0,6,26,0.10,0,0,6,1,0.11,0,0,2,19,0.06,0,0,2,7,0.02,0,0,1,0,0.03,0,0,2,33,0.05,0,0,1,11,0.11,0,0,1,24,0.09,0,0,2,24,0.05,0,0,2,10,0.07,0,0,2,1,0.03,0,0,2,17,0.03,0,0,2,2,0.02,0,0,2,17,0.06,0,0,2,11,0.05,0,0,2,23,0.08,0,0,2,53,0.17,0,0,3,6,0.05,0,0,3,2,0.02,0,0,2,19,0.04,0,0,2,18,0.07,0,0,3,46,0.17,0,0,3
149,987,55,0,14,0,10,0,1,IDLE,,1,IDLE,,1,MOVING_TO_FIELD,Field_3,1,MOVING_TO_FIELD,Field_3,1,IDLE,,1,PROTECTING,Field_15,1,IDLE,,1,PROTECTING,Field_15,1,IDLE,,1,IDLE,,1,PROTECTING,Field_15,1,PROTECTING,Field_15,1,IDLE,,1,PROTECTING,Field_10,1,IDLE,,1,PROTECTING,Field_15,1,IDLE,,1,PROTECTING,Field_15,1,IDLE,,1,IDLE,,1,MOVING_TO_FIELD,Field_15,1,MOVING_TO_FIELD,Field_15,1,PROTECTING,Field_18,1,PROTECTING,Field_18,1,PROTECTING,Field_18,1,PROTECTING,Field_6,1,PROTECTING,Field_6,1,PROTECTING,Field_16,1,MOVING_TO_FIELD,Field_15,1,MOVING_TO_FIELD,Field_15,1,MOVING_TO_FIELD,Field_15,1,IDLE,,1,IDLE,,1,IDLE,,1,IDLE,,1,IDLE,,1,IDLE,,1,PROTECTING,Field_10,1,IDLE,,1,IDLE,,1,IDLE,,1,IDLE,,1,IDLE,,1,MOVING_TO_FIELD,Field_15,1,MOVING_TO_FIELD,Field_15,1,IDLE,,1,IDLE,,1,IDLE,,1,IDLE,,1,IDLE,,1,IDLE,,1,IDLE,,1,IDLE,,1,IDLE,,1,IDLE,,1,IDLE,,1,IDLE,,1,IDLE,,1,IDLE,,1,MOVING_TO_FIELD,Field_15,1,IDLE,,1,IDLE,,1,IDLE,,1,IDLE,,1,IDLE,,1,IDLE,,1,IDLE,,1,IDLE,,1,IDLE,,1,IDLE,,1,IDLE,,1,IDLE,,1,IDLE,,1,IDLE,,1,IDLE,,1,IDLE,,1,IDLE,,1,IDLE,,1,IDLE,,26,0.12,0,0,9,15,0.12,0,0,4,43,0.10,0,2,2,18,0.03,0,0,1,9,0.07,0,0,1,68,0.21,2,0,4,68,0.10,0,0,2,16,0.13,0,0,6,27,0.07,0,0,2,34,0.12,2,0,4,19,0.10,0,0,2,15,0.07,0,0,3,12,0.02,0,0,1,47,0.10,0,0,2,110,0.13,6,8,0,34,0.11,1,0,8,51,0.10,0,0,3,5,0.08,3,0,6,26,0.10,0,0,6,1,0.11,0,0,2,19,0.06,0,0,2,7,0.00,0,0,1,0,0.03,0,0,2,33,0.05,0,0,1,11,0.11,0,0,1,24,0.09,0,0,2,24,0.05,0,0,2,10,0.07,0,0,2,1,0.03,0,0,2,17,0.03,0,0,2,2,0.02,0,0,2,17,0.08,0,0,2,11,0.05,0,0,2,23,0.08,0,0,2,53,0.17,0,0,3,6,0.05,0,0,3,2,0.02,0,0,2,19,0.04,0,0,2,18,0.07,0,0,3,46,0.18,0,0,3
150,991,55,0,14,0,10,0,1,IDLE,,1,IDLE,,1,MOVING_TO_FIELD,Field_3,1,MOVING_TO_FIELD,Field_3,1,IDLE,,1,PROTECTING,Field_15,1,IDLE,,1,PROTECTING,Field_15,1,IDLE,,1,IDLE,,1,PROTECTING,Field_15,1,PROTECTING,Field_15,1,IDLE,,1,PROTECTING,Field_10,1,IDLE,,1,PROTECTING,Field_15,1,IDLE,,1,PROTECTING,Field_15,1,IDLE,,1,IDLE,,1,MOVING_TO_FIELD,Field_15,1,MOVING_TO_FIELD,Field_15,1,PROTECTING,Field_18,1,PROTECTING,Field_18,1,PROTECTING,Field_18,1,PROTECTING,Field_6,1,PROTECTING,Field_6,1,PROTECTING,Field_16,1,MOVING_TO_FIELD,Field_15,1,MOVING_TO_FIELD,Field_15,1,MOVING_TO_FIELD,Field_15,1,IDLE,,1,IDLE,,1,IDLE,,1,IDLE,,1,IDLE,,1,IDLE,,1,PROTECTING,Field_10,1,IDLE,,1,IDLE,,1,IDLE,,1,IDLE,,1,IDLE,,1,MOVING_TO_FIELD,Field_15,1,MOVING_TO_FIELD,Field_15,1,IDLE,,1,IDLE,,1,IDLE,,1,IDLE,,1,IDLE,,1,IDLE,,1,IDLE,,1,IDLE,,1,IDLE,,1,IDLE,,1,IDLE,,1,IDLE,,1,IDLE,,1,IDLE,,1,MOVING_TO_FIELD,Field_15,1,IDLE,,1,IDLE,,1,IDLE,,1,IDLE,,1,IDLE,,1,IDLE,,1,IDLE,,1,IDLE,,1,IDLE,,1,IDLE,,1,IDLE,,1,IDLE,,1,IDLE,,1,IDLE,,1,IDLE,,1,IDLE,,1,IDLE,,1,IDLE,,1,IDLE,,26,0.12,0,0,9,15,0.14,0,0,4,43,0.10,0,2,2,18,0.03,0,0,1,9,0.07,0,0,1,69,0.21,2,0,4,68,0.10,0,0,2,16,0.13,0,0,6,27,0.07,0,0,2,36,0.13,2,0,4,20,0.10,0,0,2,15,0.08,0,0,3,12,0.02,0,0,1,47,0.09,0,0,2,110,0.12,6,8,0,34,0.11,1,0,8,51,0.11,0,0,3,5,0.08,3,0,6,26,0.10,0,0,6,1,0.12,0,0,2,19,0.08,0,0,2,7,0.00,0,0,1,0,0.03,0,0,2,33,0.05,0,0,1,11,0.09,0,0,1,24,0.09,0,0,2,24,0.06,0,0,2,10,0.07,0,0,2,1,0.03,0,0,2,17,0.03,0,0,2,2,0.02,0,0,2,17,0.08,0,0,2,11,0.05,0,0,2,23,0.08,0,0,2,53,0.18,0,0,3,6,0.05,0,0,3,2,0.02,0,0,2,19,0.04,0,0,2,18,0.08,0,0,3,46,0.18,0,0,3
151,994,55,0,10,0,14,0,1,IDLE,,1,IDLE,,1,MOVING_TO_FIELD,Field_3,1,MOVING_TO_FIELD,Field_3,1,IDLE,,1,PROTECTING,Field_15,1,IDLE,,1,PROTECTING,Field_15,1,IDLE,,1,IDLE,,1,PROTECTING,Field_15,1,PROTECTING,Field_15,1,IDLE,,1,PROTECTING,Field_10,1,IDLE,,1,PROTECTING,Field_15,1,IDLE,,1,PROTECTING,Field_15,1,IDLE,,1,IDLE,,1,MOVING_TO_FIELD,Field_6,1,MOVING_TO_FIELD,Field_6,1,MOVING_TO_FIELD,Field_10,1,MOVING_TO_FIELD,Field_10,1,MOVING_TO_FIELD,Field_10,1,PROTECTING,Field_6,1,PROTECTING,Field_6,1,MOVING_TO_FIELD,Field_8,1,MOVING_TO_FIELD,Field_15,1,MOVING_TO_FIELD,Field_15,1,MOVING_TO_FIELD,Field_15,1,IDLE,,1,IDLE,,1,IDLE,,1,IDLE,,1,IDLE,,1,IDLE,,1,PROTECTING,Field_10,1,IDLE,,1,IDLE,,1,IDLE,,1,IDLE,,1,IDLE,,1,MOVING_TO_FIELD,Field_15,1,MOVING_TO_FIELD,Field_15,1,IDLE,,1,IDLE,,1,IDLE,,1,IDLE,,1,IDLE,,1,IDLE,,1,IDLE,,1,IDLE,,1,IDLE,,1,IDLE,,1,IDLE,,1,IDLE,,1,IDLE,,1,IDLE,,1,MOVING_TO_FIELD,Field_15,1,IDLE,,1,IDLE,,1,IDLE,,1,IDLE,,1,IDLE,,1,IDLE,,1,IDLE,,1,IDLE,,1,IDLE,,1,IDLE,,1,IDLE,,1,IDLE,,1,IDLE,,1,IDLE,,1,IDLE,,1,IDLE,,1,IDLE,,1,IDLE,,1,IDLE,,26,0.12,0,0,9,15,0.13,0,0,4,43,0.10,0,2,2,18,0.05,0,0,1,10,0.07,0,0,1,70,0.22,2,2,4,68,0.10,0,0,2,16,0.12,0,1,6,28,0.08,0,0,2,36,0.12,2,3,4,20,0.12,0,0,2,15,0.08,0,0,3,12,0.02,0,0,1,47,0.08,0,0,2,110,0.13,6,6,0,34,0.08,0,0,9,51,0.10,0,0,3,5,0.08,0,0,9,26,0.10,0,0,6,1,0.14,0,0,2,19,0.08,0,0,2,7,0.00,0,0,1,0,0.03,0,0,2,33,0.07,0,0,1,11,0.07,0,0,1,24,0.09,0,0,2,24,0.08,0,0,2,10,0.07,0,0,2,1,0.03,0,0,2,17,0.03,0,0,2,2,0.02,0,0,2,17,0.08,0,0,2,11,0.05,0,0,2,23,0.07,0,0,2,53,0.18,0,0,3,6,0.05,0,0,3,2,0.02,0,0,2,19,0.06,0,0,2,18,0.08,0,0,3,46,0.18,0,0,3
152,998,55,0,10,0,14,0,1,IDLE,,1,IDLE,,1,MOVING_TO_FIELD,Field_3,1,MOVING_TO_FIELD,Field_3,1,IDLE,,1,PROTECTING,Field_15,1,IDLE,,1,PROTECTING,Field_15,1,IDLE,,1,IDLE,,1,PROTECTING,Field_15,1,PROTECTING,Field_15,1,IDLE,,1,PROTECTING,Field_10,1,IDLE,,1,PROTECTING,Field_15,1,IDLE,,1,PROTECTING,Field_15,1,IDLE,,1,IDLE,,1,MOVING_TO_FIELD,Field_6,1,MOVING_TO_FIELD,Field_6,1,MOVING_TO_FIELD,Field_10,1,MOVING_TO_FIELD,Field_10,1,MOVING_TO_FIELD,Field_10,1,PROTECTING,Field_6,1,PROTECTING,Field_6,1,MOVING_TO_FIELD,Field_8,1,MOVING_TO_FIELD,Field_15,1,MOVING_TO_FIELD,Field_15,1,MOVING_TO_FIELD,Field_15,1,IDLE,,1,IDLE,,1,IDLE,,1,IDLE,,1,IDLE,,1,IDLE,,1,PROTECTING,Field_10,1,IDLE,,1,IDLE,,1,IDLE,,1,IDLE,,1,IDLE,,1,MOVING_TO_FIELD,Field_15,1,MOVING_TO_FIELD,Field_15,1,IDLE,,1,IDLE,,1,IDLE,,1,IDLE,,1,IDLE,,1,IDLE,,1,IDLE,,1,IDLE,,1,IDLE,,1,IDLE,,1,IDLE,,1,IDLE,,1,IDLE,,1,IDLE,,1,MOVING_TO_FIELD,Field_15,1,IDLE,,1,IDLE,,1,IDLE,,1,IDLE,,1,IDLE,,1,IDLE,,1,IDLE,,1,IDLE,,1,IDLE,,1,IDLE,,1,IDLE,,1,IDLE,,1,IDLE,,1,IDLE,,1,IDLE,,1,IDLE,,1,IDLE,,1,IDLE,,1,IDLE,,26,0.13,0,0,9,15,0.13,0,0,4,44,0.09,0,2,2,18,0.05,0,0,1,10,0.07,0,0,1,70,0.22,2,2,4,68,0.10,0,0,2,16,0.11,0,1,6,29,0.09,0,0,2,36,0.11,2,3,4,20,0.12,0,0,2,15,0.08,0,0,3,12,0.02,0,0,1,47,0.09,0,0,2,110,0.12,6,6,0,34,0.08,0,0,9,51,0.09,0,0,3,5,0.08,0,0,9,26,0.10,0,0,6,1,0.14,0,0,2,19,0.08,0,0,2,7,0.00,0,0,1,0,0.03,0,0,2,33,0.07,0,0,1,11,0.07,0,0,1,24,0.10,0,0,2,24,0.07,0,0,2,10,0.07,0,0,2,1,0.03,0,0,2,17,0.03,0,0,2,2,0.02,0,0,2,17,0.08,0,0,2,11,0.05,0,0,2,23,0.07,0,0,2,53,0.18,0,0,3,6,0.05,0,0,3,2,0.02,0,0,2,20,0.06,0,0,2,18,0.09,0,0,3,47,0.18,0,0,3
153,1001,55,0,10,0,14,0,1,IDLE,,1,IDLE,,1,MOVING_TO_FIELD,Field_3,1,MOVING_TO_FIELD,Field_3,1,IDLE,,1,PROTECTING,Field_15,1,IDLE,,1,PROTECTING,Field_15,1,IDLE,,1,IDLE,,1,PROTECTING,Field_15,1,PROTECTING,Field_15,1,IDLE,,1,PROTECTING,Field_10,1,IDLE,,1,PROTECTING,Field_15,1,IDLE,,1,PROTECTING,Field_15,1,IDLE,,1,IDLE,,1,MOVING_TO_FIELD,Field_6,1,MOVING_TO_FIELD,Field_6,1,MOVING_TO_FIELD,Field_10,1,MOVING_TO_FIELD,Field_10,1,MOVING_TO_FIELD,Field_10,1,PROTECTING,Field_6,1,PROTECTING,Field_6,1,MOVING_TO_FIELD,Field_8,1,MOVING_TO_FIELD,Field_15,1,MOVING_TO_FIELD,Field_15,1,MOVING_TO_FIELD,Field_15,1,IDLE,,1,IDLE,,1,IDLE,,1,IDLE,,1,IDLE,,1,IDLE,,1,PROTECTING,Field_10,1,IDLE,,1,IDLE,,1,IDLE,,1,IDLE,,1,IDLE,,1,MOVING_TO_FIELD,Field_15,1,MOVING_TO_FIELD,Field_15,1,IDLE,,1,IDLE,,1,IDLE,,1,IDLE,,1,IDLE,,1,IDLE,,1,IDLE,,1,IDLE,,1,IDLE,,1,IDLE,,1,IDLE,,1,IDLE,,1,IDLE,,1,IDLE,,1,MOVING_TO_FIELD,Field_15,1,IDLE,,1,IDLE,,1,IDLE,,1,IDLE,,1,IDLE,,1,IDLE,,1,IDLE,,1,IDLE,,1,IDLE,,1,IDLE,,1,IDLE,,1,IDLE,,1,IDLE,,1,IDLE,,1,IDLE,,1,IDLE,,1,IDLE,,1,IDLE,,1,IDLE,,26,0.13,0,0,9,15,0.13,0,0,4,44,0.09,0,2,2,18,0.05,0,0,1,10,0.07,0,0,1,70,0.23,2,2,4,68,0.10,0,0,2,16,0.10,0,1,6,29,0.08,0,0,2,37,0.13,2,3,4,20,0.12,0,0,2,15,0.09,0,0,3,12,0.02,0,0,1,47,0.09,0,0,2,110,0.12,6,6,0,34,0.08,0,0,9,51,0.10,0,0,3,5,0.08,0,0,9,26,0.11,0,0,6,1,0.14,0,0,2,20,0.08,0,0,2,7,0.00,0,0,1,0,0.03,0,0,2,34,0.07,0,0,1,11,0.07,0,0,1,24,0.10,0,0,2,24,0.07,0,0,2,10,0.07,0,0,2,1,0.02,0,0,2,17,0.03,0,0,2,2,0.02,0,0,2,17,0.08,0,0,2,11,0.07,0,0,2,23,0.05,0,0,2,53,0.15,0,0,3,6,0.05,0,0,3,2,0.02,0,0,2,20,0.06,0,0,2,18,0.09,0,0,3,47,0.18,0,0,3
154,1006,55,0,10,0,14,0,1,IDLE,,1,IDLE,,1,MOVING_TO_FIELD,Field_3,1,MOVING_TO_FIELD,Field_3,1,IDLE,,1,PROTECTING,Field_15,1,IDLE,,1,PROTECTING,Field_15,1,IDLE,,1,IDLE,,1,PROTECTING,Field_15,1,PROTECTING,Field_15,1,IDLE,,1,PROTECTING,Field_10,1,IDLE,,1,PROTECTING,Field_15,1,IDLE,,1,PROTECTING,Field_15,1,IDLE,,1,IDLE,,1,MOVING_TO_FIELD,Field_6,1,MOVING_TO_FIELD,Field_6,1,MOVING_TO_FIELD,Field_10,1,MOVING_TO_FIELD,Field_10,1,MOVING_TO_FIELD,Field_10,1,PROTECTING,Field_6,1,PROTECTING,Field_6,1,MOVING_TO_FIELD,Field_8,1,MOVING_TO_FIELD,Field_15,1,MOVING_TO_FIELD,Field_15,1,MOVING_TO_FIELD,Field_15,1,IDLE,,1,IDLE,,1,IDLE,,1,IDLE,,1,IDLE,,1,IDLE,,1,PROTECTING,Field_10,1,IDLE,,1,IDLE,,1,IDLE,,1,IDLE,,1,IDLE,,1,MOVING_TO_FIELD,Field_15,1,MOVING_TO_FIELD,Field_15,1,IDLE,,1,IDLE,,1,IDLE,,1,IDLE,,1,IDLE,,1,IDLE,,1,IDLE,,1,IDLE,,1,IDLE,,1,IDLE,,1,IDLE,,1,IDLE,,1,IDLE,,1,IDLE,,1,MOVING_TO_FIELD,Field_15,1,IDLE,,1,IDLE,,1,IDLE,,1,IDLE,,1,IDLE,,1,IDLE,,1,IDLE,,1,IDLE,,1,IDLE,,1,IDLE,,1,IDLE,,1,IDLE,,1,IDLE,,1,IDLE,,1,IDLE,,1,IDLE,,1,IDLE,,1,IDLE,,1,IDLE,,26,0.12,0,0,9,15,0.13,0,0,4,44,0.08,0,2,2,18,0.05,0,0,1,11,0.07,0,0,1,70,0.23,2,2,4,68,0.10,0,0,2,16,0.10,0,1,6,30,0.08,0,0,2,37,0.13,2,3,4,20,0.09,0,0,2,15,0.09,0,0,3,12,0.02,0,0,1,47,0.09,0,0,2,110,0.10,6,6,0,34,0.08,0,0,9,51,0.10,0,0,3,5,0.09,0,0,9,26,0.11,0,0,6,2,0.12,0,0,2,20,0.08,0,0,2,7,0.00,0,0,1,0,0.02,0,0,2,34,0.05,0,0,1,11,0.09,0,0,1,24,0.09,0,0,2,24,0.09,0,0,2,10,0.07,0,0,2,1,0.02,0,0,2,17,0.04,0,0,2,2,0.02,0,0,2,17,0.08,0,0,2,11,0.05,0,0,2,23,0.05,0,0,2,53,0.17,0,0,3,6,0.05,0,0,3,2,0.01,0,0,2,20,0.07,0,0,2,18,0.09,0,0,3,49,0.18,0,0,3
155,1006,55,0,10,0,14,0,1,IDLE,,1,IDLE,,1,MOVING_TO_FIELD,Field_3,1,MOVING_TO_FIELD,Field_3,1,IDLE,,1,PROTECTING,Field_15,1,IDLE,,1,PROTECTING,Field_15,1,IDLE,,1,IDLE,,1,PROTECTING,Field_15,1,PROTECTING,Field_15,1,IDLE,,1,PROTECTING,Field_10,1,IDLE,,1,PROTECTING,Field_15,1,IDLE,,1,PROTECTING,Field_15,1,IDLE,,1,IDLE,,1,MOVING_TO_FIELD,Field_6,1,MOVING_TO_FIELD,Field_6,1,MOVING_TO_FIELD,Field_10,1,MOVING_TO_FIELD,Field_10,1,MOVING_TO_FIELD,Field_10,1,PROTECTING,Field_6,1,PROTECTING,Field_6,1,MOVING_TO_FIELD,Field_8,1,MOVING_TO_FIELD,Field_15,1,MOVING_TO_FIELD,Field_15,1,MOVING_TO_FIELD,Field_15,1,IDLE,,1,IDLE,,1,IDLE,,1,IDLE,,1,IDLE,,1,IDLE,,1,PROTECTING,Field_10,1,IDLE,,1,IDLE,,1,IDLE,,1,IDLE,,1,IDLE,,1,MOVING_TO_FIELD,Field_15,1,MOVING_TO_FIELD,Field_15,1,IDLE,,1,IDLE,,1,IDLE,,1,IDLE,,1,IDLE,,1,IDLE,,1,IDLE,,1,IDLE,,1,IDLE,,1,IDLE,,1,IDLE,,1,IDLE,,1,IDLE,,1,IDLE,,1,MOVING_TO_FIELD,Field_15,1,IDLE,,1,IDLE,,1,IDLE,,1,IDLE,,1,IDLE,,1,IDLE,,1,IDLE,,1,IDLE,,1,IDLE,,1,IDLE,,1,IDLE,,1,IDLE,,1,IDLE,,1,IDLE,,1,IDLE,,1,IDLE,,1,IDLE,,1,IDLE,,1,IDLE,,26,0.12,0,0,9,15,0.14,0,0,4,44,0.08,0,2,2,18,0.05,0,0,1,11,0.07,0,0,1,70,0.24,2,2,4,68,0.10,0,0,2,16,0.09,0,1,6,30,0.08,0,0,2,37,0.13,2,3,4,20,0.09,0,0,2,15,0.09,0,0,3,12,0.02,0,0,1,47,0.09,0,0,2,110,0.10,6,6,0,34,0.09,0,0,9,51,0.09,0,0,3,5,0.11,0,0,9,26,0.11,0,0,6,2,0.11,0,0,2,20,0.08,0,0,2,7,0.00,0,0,1,0,0.02,0,0,2,34,0.05,0,0,1,11,0.09,0,0,1,24,0.08,0,0,2,24,0.10,0,0,2,10,0.07,0,0,2,1,0.02,0,0,2,17,0.04,0,0,2,2,0.02,0,0,2,17,0.08,0,0,2,11,0.05,0,0,2,23,0.05,0,0,2,53,0.17,0,0,3,6,0.05,0,0,3,2,0.00,0,0,2,20,0.07,0,0,2,18,0.09,0,0,3,49,0.18,0,0,3
156,1009,55,0,10,0,14,0,1,IDLE,,1,IDLE,,1,MOVING_TO_FIELD,Field_3,1,MOVING_TO_FIELD,Field_3,1,IDLE,,1,PROTECTING,Field_15,1,IDLE,,1,PROTECTING,Field_15,1,IDLE,,1,IDLE,,1,PROTECTING,Field_15,1,PROTECTING,Field_15,1,IDLE,,1,PROTECTING,Field_10,1,IDLE,,1,PROTECTING,Field_15,1,IDLE,,1,PROTECTING,Field_15,1,IDLE,,1,IDLE,,1,MOVING_TO_FIELD,Field_6,1,MOVING_TO_FIELD,Field_6,1,MOVING_TO_FIELD,Field_10,1,MOVING_TO_FIELD,Field_10,1,MOVING_TO_FIELD,Field_10,1,PROTECTING,Field_6,1,PROTECTING,Field_6,1,MOVING_TO_FIELD,Field_8,1,MOVING_TO_FIELD,Field_15,1,MOVING_TO_FIELD,Field_15,1,MOVING_TO_FIELD,Field_15,1,IDLE,,1,IDLE,,1,IDLE,,1,IDLE,,1,IDLE,,1,IDLE,,1,PROTECTING,Field_10,1,IDLE,,1,IDLE,,1,IDLE,,1,IDLE,,1,IDLE,,1,MOVING_TO_FIELD,Field_15,1,MOVING_TO_FIELD,Field_15,1,IDLE,,1,IDLE,,1,IDLE,,1,IDLE,,1,IDLE,,1,IDLE,,1,IDLE,,1,IDLE,,1,IDLE,,1,IDLE,,1,IDLE,,1,IDLE,,1,IDLE,,1,IDLE,,1,MOVING_TO_FIELD,Field_15,1,IDLE,,1,IDLE,,1,IDLE,,1,IDLE,,1,IDLE,,1,IDLE,,1,IDLE,,1,IDLE,,1,IDLE,,1,IDLE,,1,IDLE,,1,IDLE,,1,IDLE,,1,IDLE,,1,IDLE,,1,IDLE,,1,IDLE,,1,IDLE,,1,IDLE,,26,0.12,0,0,9,15,0.14,0,0,4,44,0.09,0,2,2,18,0.05,0,0,1,11,0.07,0,0,1,70,0.24,2,2,4,68,0.11,0,0,2,16,0.09,0,1,6,31,0.09,0,0,2,37,0.14,2,3,4,20,0.10,0,0,2,16,0.09,0,0,3,12,0.03,0,0,1,47,0.08,0,0,2,110,0.10,6,6,0,34,0.09,0,0,9,51,0.09,0,0,3,5,0.13,0,0,9,26,0.12,0,0,6,2,0.11,0,0,2,20,0.08,0,0,2,7,0.02,0,0,1,0,0.02,0,0,2,34,0.07,0,0,1,11,0.09,0,0,1,24,0.06,0,0,2,24,0.11,0,0,2,11,0.07,0,0,2,1,0.03,0,0,2,17,0.04,0,0,2,2,0.02,0,0,2,17,0.08,0,0,2,11,0.05,0,0,2,23,0.05,0,0,2,53,0.15,0,0,3,6,0.05,0,0,3,2,0.00,0,0,2,20,0.07,0,0,2,18,0.09,0,0,3,49,0.17,0,0,3
157,1014,55,0,10,0,14,0,1,IDLE,,1,IDLE,,1,MOVING_TO_FIELD,Field_3,1,MOVING_TO_FIELD,Field_3,1,IDLE,,1,PROTECTING,Field_15,1,IDLE,,1,PROTECTING,Field_15,1,IDLE,,1,IDLE,,1,PROTECTING,Field_15,1,PROTECTING,Field_15,1,IDLE,,1,PROTECTING,Field_10,1,IDLE,,1,PROTECTING,Field_15,1,IDLE,,1,PROTECTING,Field_15,1,IDLE,,1,IDLE,,1,MOVING_TO_FIELD,Field_6,1,MOVING_TO_FIELD,Field_6,1,MOVING_TO_FIELD,Field_10,1,MOVING_TO_FIELD,Field_10,1,MOVING_TO_FIELD,Field_10,1,PROTECTING,Field_6,1,PROTECTING,Field_6,1,MOVING_TO_FIELD,Field_8,1,MOVING_TO_FIELD,Field_15,1,MOVING_TO_FIELD,Field_15,1,MOVING_TO_FIELD,Field_15,1,IDLE,,1,IDLE,,1,IDLE,,1,IDLE,,1,IDLE,,1,IDLE,,1,PROTECTING,Field_10,1,IDLE,,1,IDLE,,1,IDLE,,1,IDLE,,1,IDLE,,1,MOVING_TO_FIELD,Field_15,1,MOVING_TO_FIELD,Field_15,1,IDLE,,1,IDLE,,1,IDLE,,1,IDLE,,1,IDLE,,1,IDLE,,1,IDLE,,1,IDLE,,1,IDLE,,1,IDLE,,1,IDLE,,1,IDLE,,1,IDLE,,1,IDLE,,1,MOVING_TO_FIELD,Field_15,1,IDLE,,1,IDLE,,1,IDLE,,1,IDLE,,1,IDLE,,1,IDLE,,1,IDLE,,1,IDLE,,1,IDLE,,1,IDLE,,1,IDLE,,1,IDLE,,1,IDLE,,1,IDLE,,1,IDLE,,1,IDLE,,1,IDLE,,1,IDLE,,1,IDLE,,26,0.12,0,0,9,15,0.13,0,0,4,44,0.08,0,2,2,18,0.05,0,0,1,11,0.07,0,0,1,72,0.23,2,2,4,68,0.11,0,0,2,16,0.09,0,1,6,31,0.09,0,0,2,37,0.14,2,3,4,20,0.10,0,0,2,16,0.09,0,0,3,12,0.03,0,0,1,47,0.10,0,0,2,110,0.10,6,6,0,34,0.09,0,0,9,51,0.09,0,0,3,5,0.13,0,0,9,26,0.14,0,0,6,2,0.10,0,0,2,20,0.06,0,0,2,7,0.02,0,0,1,0,0.02,0,0,2,35,0.07,0,0,1,11,0.05,0,0,1,25,0.08,0,0,2,24,0.11,0,0,2,11,0.07,0,0,2,1,0.02,0,0,2,17,0.04,0,0,2,2,0.02,0,0,2,17,0.09,0,0,2,11,0.05,0,0,2,23,0.03,0,0,2,54,0.14,0,0,3,6,0.05,0,0,3,2,0.00,0,0,2,20,0.09,0,0,2,18,0.10,0,0,3,49,0.16,0,0,3
158,1015,55,0,10,0,14,0,1,IDLE,,1,IDLE,,1,MOVING_TO_FIELD,Field_3,1,MOVING_TO_FIELD,Field_3,1,IDLE,,1,PROTECTING,Field_15,1,IDLE,,1,PROTECTING,Field_15,1,IDLE,,1,IDLE,,1,PROTECTING,Field_15,1,PROTECTING,Field_15,1,IDLE,,1,PROTECTING,Field_10,1,IDLE,,1,PROTECTING,Field_15,1,IDLE,,1,PROTECTING,Field_15,1,IDLE,,1,IDLE,,1,MOVING_TO_FIELD,Field_6,1,MOVING_TO_FIELD,Field_6,1,MOVING_TO_FIELD,Field_10,1,MOVING_TO_FIELD,Field_10,1,MOVING_TO_FIELD,Field_10,1,PROTECTING,Field_6,1,PROTECTING,Field_6,1,MOVING_TO_FIELD,Field_8,1,MOVING_TO_FIELD,Field_15,1,MOVING_TO_FIELD,Field_15,1,MOVING_TO_FIELD,Field_15,1,IDLE,,1,IDLE,,1,IDLE,,1,IDLE,,1,IDLE,,1,IDLE,,1,PROTECTING,Field_10,1,IDLE,,1,IDLE,,1,IDLE,,1,IDLE,,1,IDLE,,1,MOVING_TO_FIELD,Field_15,1,MOVING_TO_FIELD,Field_15,1,IDLE,,1,IDLE,,1,IDLE,,1,IDLE,,1,IDLE,,1,IDLE,,1,IDLE,,1,IDLE,,1,IDLE,,1,IDLE,,1,IDLE,,1,IDLE,,1,IDLE,,1,IDLE,,1,MOVING_TO_FIELD,Field_15,1,IDLE,,1,IDLE,,1,IDLE,,1,IDLE,,1,IDLE,,1,IDLE,,1,IDLE,,1,IDLE,,1,IDLE,,1,IDLE,,1,IDLE,,1,IDLE,,1,IDLE,,1,IDLE,,1,IDLE,,1,IDLE,,1,IDLE,,1,IDLE,,1,IDLE,,26,0.11,0,0,9,15,0.13,0,0,4,44,0.05,0,2,2,18,0.05,0,0,1,11,0.07,0,0,1,72,0.23,2,2,4,69,0.13,0,0,2,16,0.10,0,1,6,31,0.09,0,0,2,37,0.14,2,3,4,20,0.10,0,0,2,16,0.09,0,0,3,12,0.03,0,0,1,47,0.10,0,0,2,110,0.09,6,6,0,34,0.09,0,0,9,51,0.08,0,0,3,5,0.13,0,0,9,26,0.14,0,0,6,2,0.10,0,0,2,20,0.06,0,0,2,7,0.02,0,0,1,0,0.02,0,0,2,35,0.07,0,0,1,11,0.05,0,0,1,25,0.08,0,0,2,24,0.10,0,0,2,11,0.07,0,0,2,1,0.02,0,0,2,17,0.03,0,0,2,2,0.02,0,0,2,17,0.08,0,0,2,11,0.05,0,0,2,23,0.03,0,0,2,54,0.12,0,0,3,6,0.05,0,0,3,2,0.00,0,0,2,20,0.09,0,0,2,18,0.10,0,0,3,49,0.16,0,0,3
159,1017,55,0,11,0,13,0,1,IDLE,,1,IDLE,,1,MOVING_TO_FIELD,Field_3,1,PROTECTING,Field_3,1,IDLE,,1,PROTECTING,Field_15,1,IDLE,,1,PROTECTING,Field_15,1,IDLE,,1,IDLE,,1,PROTECTING,Field_15,1,PROTECTING,Field_15,1,IDLE,,1,PROTECTING,Field_10,1,IDLE,,1,PROTECTING,Field_15,1,IDLE,,1,PROTECTING,Field_15,1,IDLE,,1,IDLE,,1,MOVING_TO_FIELD,Field_6,1,MOVING_TO_FIELD,Field_6,1,MOVING_TO_FIELD,Field_10,1,MOVING_TO_FIELD,Field_10,1,MOVING_TO_FIELD,Field_10,1,PROTECTING,Field_6,1,PROTECTING,Field_6,1,MOVING_TO_FIELD,Field_8,1,MOVING_TO_FIELD,Field_15,1,MOVING_TO_FIELD,Field_15,1,MOVING_TO_FIELD,Field_15,1,IDLE,,1,IDLE,,1,IDLE,,1,IDLE,,1,IDLE,,1,IDLE,,1,PROTECTING,Field_10,1,IDLE,,1,IDLE,,1,IDLE,,1,IDLE,,1,IDLE,,1,MOVING_TO_FIELD,Field_15,1,MOVING_TO_FIELD,Field_15,1,IDLE,,1,IDLE,,1,IDLE,,1,IDLE,,1,IDLE,,1,IDLE,,1,IDLE,,1,IDLE,,1,IDLE,,1,IDLE,,1,IDLE,,1,IDLE,,1,IDLE,,1,IDLE,,1,MOVING_TO_FIELD,Field_15,1,IDLE,,1,IDLE,,1,IDLE,,1,IDLE,,1,IDLE,,1,IDLE,,1,IDLE,,1,IDLE,,1,IDLE,,1,IDLE,,1,IDLE,,1,IDLE,,1,IDLE,,1,IDLE,,1,IDLE,,1,IDLE,,1,IDLE,,1,IDLE,,1,IDLE,,26,0.12,0,0,9,15,0.14,0,0,4,44,0.05,1,1,1,18,0.05,0,0,1,11,0.07,0,0,1,73,0.25,2,2,4,69,0.13,0,0,2,16,0.10,0,1,6,31,0.08,0,0,2,37,0.14,2,3,4,20,0.10,0,0,2,16,0.09,0,0,3,12,0.03,0,0,1,47,0.09,0,0,2,110,0.09,6,6,0,34,0.09,0,0,9,51,0.08,0,0,3,5,0.12,0,0,9,26,0.13,0,0,6,3,0.08,0,0,2,20,0.06,0,0,2,7,0.03,0,0,1,0,0.02,0,0,2,35,0.07,0,0,1,11,0.05,0,0,1,25,0.08,0,0,2,24,0.10,0,0,2,11,0.07,0,0,2,1,0.02,0,0,2,17,0.03,0,0,2,2,0.02,0,0,2,17,0.08,0,0,2,11,0.05,0,0,2,23,0.03,0,0,2,54,0.13,0,0,3,6,0.05,0,0,3,2,0.00,0,0,2,20,0.09,0,0,2,18,0.09,0,0,3,49,0.14,0,0,3
160,1021,55,0,11,0,13,0,1,IDLE,,1,IDLE,,1,MOVING_TO_FIELD,Field_3,1,PROTECTING,Field_3,1,IDLE,,1,PROTECTING,Field_15,1,IDLE,,1,PROTECTING,Field_15,1,IDLE,,1,IDLE,,1,PROTECTING,Field_15,1,PROTECTING,Field_15,1,IDLE,,1,PROTECTING,Field_10,1,IDLE,,1,PROTECTING,Field_15,1,IDLE,,1,PROTECTING,Field_15,1,IDLE,,1,IDLE,,1,MOVING_TO_FIELD,Field_6,1,MOVING_TO_FIELD,Field_6,1,MOVING_TO_FIELD,Field_10,1,MOVING_TO_FIELD,Field_10,1,MOVING_TO_FIELD,Field_10,1,PROTECTING,Field_6,1,PROTECTING,Field_6,1,MOVING_TO_FIELD,Field_8,1,MOVING_TO_FIELD,Field_15,1,MOVING_TO_FIELD,Field_15,1,MOVING_TO_FIELD,Field_15,1,IDLE,,1,IDLE,,1,IDLE,,1,IDLE,,1,IDLE,,1,IDLE,,1,PROTECTING,Field_10,1,IDLE,,1,IDLE,,1,IDLE,,1,IDLE,,1,IDLE,,1,MOVING_TO_FIELD,Field_15,1,MOVING_TO_FIELD,Field_15,1,IDLE,,1,IDLE,,1,IDLE,,1,IDLE,,1,IDLE,,1,IDLE,,1,IDLE,,1,IDLE,,1,IDLE,,1,IDLE,,1,IDLE,,1,IDLE,,1,IDLE,,1,IDLE,,1,MOVING_TO_FIELD,Field_15,1,IDLE,,1,IDLE,,1,IDLE,,1,IDLE,,1,IDLE,,1,IDLE,,1,IDLE,,1,IDLE,,1,IDLE,,1,IDLE,,1,IDLE,,1,IDLE,,1,IDLE,,1,IDLE,,1,IDLE,,1,IDLE,,1,IDLE,,1,IDLE,,1,IDLE,,26,0.12,0,0,9,15,0.13,0,0,4,44,0.06,1,1,1,18,0.05,0,0,1,11,0.10,0,0,1,74,0.25,2,2,4,70,0.11,0,0,2,16,0.11,0,1,6,32,0.09,0,0,2,37,0.14,2,3,4,20,0.09,0,0,2,16,0.08,0,0,3,12,0.03,0,0,1,47,0.12,0,0,2,110,0.09,6,6,0,34,0.09,0,0,9,51,0.06,0,0,3,5,0.12,0,0,9,26,0.13,0,0,6,4,0.08,0,0,2,20,0.06,0,0,2,7,0.03,0,0,1,0,0.03,0,0,2,35,0.07,0,0,1,11,0.05,0,0,1,25,0.06,0,0,2,24,0.09,0,0,2,11,0.07,0,0,2,1,0.02,0,0,2,17,0.01,0,0,2,2,0.02,0,0,2,17,0.06,0,0,2,11,0.07,0,0,2,23,0.02,0,0,2,54,0.13,0,0,3,6,0.03,0,0,3,2,0.00,0,0,2,20,0.10,0,0,2,18,0.10,0,0,3,49,0.14,0,0,3
161,1027,55,0,11,0,13,0,1,IDLE,,1,IDLE,,1,MOVING_TO_FIELD,Field_6,1,PROTECTING,Field_3,1,IDLE,,1,PROTECTING,Field_15,1,IDLE,,1,PROTECTING,Field_15,1,IDLE,,1,IDLE,,1,PROTECTING,Field_15,1,PROTECTING,Field_15,1,IDLE,,1,PROTECTING,Field_10,1,IDLE,,1,PROTECTING,Field_15,1,IDLE,,1,PROTECTING,Field_15,1,IDLE,,1,IDLE,,1,MOVING_TO_FIELD,Field_6,1,MOVING_TO_FIELD,Field_6,1,MOVING_TO_FIELD,Field_10,1,MOVING_TO_FIELD,Field_10,1,MOVING_TO_FIELD,Field_10,1,PROTECTING,Field_6,1,PROTECTING,Field_6,1,IDLE,,1,MOVING_TO_FIELD,Field_19,1,MOVING_TO_FIELD,Field_19,1,MOVING_TO_FIELD,Field_19,1,IDLE,,1,IDLE,,1,IDLE,,1,MOVING_TO_FIELD,Field_35,1,IDLE,,1,IDLE,,1,PROTECTING,Field_10,1,IDLE,,1,IDLE,,1,IDLE,,1,IDLE,,1,IDLE,,1,MOVING_TO_FIELD,Field_19,1,MOVING_TO_FIELD,Field_19,1,IDLE,,1,IDLE,,1,IDLE,,1,IDLE,,1,IDLE,,1,IDLE,,1,IDLE,,1,IDLE,,1,IDLE,,1,IDLE,,1,IDLE,,1,IDLE,,1,IDLE,,1,IDLE,,1,MOVING_TO_FIELD,Field_10,1,IDLE,,1,IDLE,,1,IDLE,,1,IDLE,,1,IDLE,,1,IDLE,,1,IDLE,,1,IDLE,,1,IDLE,,1,IDLE,,1,IDLE,,1,IDLE,,1,IDLE,,1,IDLE,,1,IDLE,,1,IDLE,,1,IDLE,,1,IDLE,,1,IDLE,,26,0.12,0,0,9,15,0.13,0,0,4,44,0.06,1,0,1,18,0.05,0,0,1,11,0.10,0,0,1,78,0.24,2,3,4,70,0.11,0,0,2,18,0.11,0,0,6,32,0.09,0,0,2,37,0.14,2,4,4,20,0.07,0,0,2,16,0.08,0,0,3,12,0.03,0,0,1,47,0.12,0,0,2,110,0.09,6,0,0,34,0.11,0,0,9,51,0.08,0,0,3,5,0.13,0,0,9,26,0.13,0,5,6,4,0.08,0,0,2,20,0.06,0,0,2,7,0.03,0,0,1,0,0.03,0,0,2,35,0.07,0,0,1,11,0.05,0,0,1,25,0.05,0,0,2,24,0.08,0,0,2,11,0.07,0,0,2,1,0.02,0,0,2,17,0.01,0,0,2,2,0.02,0,0,2,17,0.06,0,0,2,11,0.07,0,0,2,23,0.02,0,0,2,54,0.14,0,1,3,6,0.03,0,0,3,2,0.00,0,0,2,20,0.10,0,0,2,18,0.10,0,0,3,49,0.12,0,0,3
162,1031,55,0,11,0,13,0,1,IDLE,,1,IDLE,,1,MOVING_TO_FIELD,Field_6,1,PROTECTING,Field_3,1,IDLE,,1,PROTECTING,Field_15,1,IDLE,,1,PROTECTING,Field_15,1,IDLE,,1,IDLE,,1,PROTECTING,Field_15,1,PROTECTING,Field_15,1,IDLE,,1,PROTECTING,Field_10,1,IDLE,,1,PROTECTING,Field_15,1,IDLE,,1,PROTECTING,Field_15,1,IDLE,,1,IDLE,,1,MOVING_TO_FIELD,Field_6,1,MOVING_TO_FIELD,Field_6,1,MOVING_TO_FIELD,Field_10,1,MOVING_TO_FIELD,Field_10,1,MOVING_TO_FIELD,Field_10,1,PROTECTING,Field_6,1,PROTECTING,Field_6,1,IDLE,,1,MOVING_TO_FIELD,Field_19,1,MOVING_TO_FIELD,Field_19,1,MOVING_TO_FIELD,Field_19,1,IDLE,,1,IDLE,,1,IDLE,,1,MOVING_TO_FIELD,Field_35,1,IDLE,,1,IDLE,,1,PROTECTING,Field_10,1,IDLE,,1,IDLE,,1,IDLE,,1,IDLE,,1,IDLE,,1,MOVING_TO_FIELD,Field_19,1,MOVING_TO_FIELD,Field_19,1,IDLE,,1,IDLE,,1,IDLE,,1,IDLE,,1,IDLE,,1,IDLE,,1,IDLE,,1,IDLE,,1,IDLE,,1,IDLE,,1,IDLE,,1,IDLE,,1,IDLE,,1,IDLE,,1,MOVING_TO_FIELD,Field_10,1,IDLE,,1,IDLE,,1,IDLE,,1,IDLE,,1,IDLE,,1,IDLE,,1,IDLE,,1,IDLE,,1,IDLE,,1,IDLE,,1,IDLE,,1,IDLE,,1,IDLE,,1,IDLE,,1,IDLE,,1,IDLE,,1,IDLE,,1,IDLE,,1,IDLE,,26,0.13,0,0,9,16,0.13,0,0,4,44,0.09,1,0,1,18,0.05,0,0,1,11,0.10,0,0,1,79,0.23,2,3,4,70,0.11,0,0,2,18,0.11,0,0,6,32,0.08,0,0,2,37,0.14,2,4,4,20,0.07,0,0,2,16,0.07,0,0,3,12,0.03,0,0,1,47,0.10,0,0,2,110,0.08,6,0,0,34,0.11,0,0,9,51,0.08,0,0,3,5,0.13,0,0,9,26,0.12,0,5,6,4,0.07,0,0,2,20,0.08,0,0,2,7,0.03,0,0,1,0,0.05,0,0,2,35,0.08,0,0,1,11,0.05,0,0,1,25,0.08,0,0,2,24,0.08,0,0,2,11,0.07,0,0,2,1,0.02,0,0,2,17,0.01,0,0,2,2,0.02,0,0,2,17,0.06,0,0,2,11,0.07,0,0,2,23,0.02,0,0,2,56,0.14,0,1,3,6,0.03,0,0,3,2,0.00,0,0,2,20,0.10,0,0,2,18,0.09,0,0,3,49,0.11,0,0,3
163,1035,55,0,11,0,13,0,1,IDLE,,1,IDLE,,1,MOVING_TO_FIELD,Field_6,1,PROTECTING,Field_3,1,IDLE,,1,PROTECTING,Field_15,1,IDLE,,1,PROTECTING,Field_15,1,IDLE,,1,IDLE,,1,PROTECTING,Field_15,1,PROTECTING,Field_15,1,IDLE,,1,PROTECTING,Field_10,1,IDLE,,1,PROTECTING,Field_15,1,IDLE,,1,PROTECTING,Field_15,1,IDLE,,1,IDLE,,1,MOVING_TO_FIELD,Field_6,1,MOVING_TO_FIELD,Field_6,1,MOVING_TO_FIELD,Field_10,1,MOVING_TO_FIELD,Field_10,1,MOVING_TO_FIELD,Field_10,1,PROTECTING,Field_6,1,PROTECTING,Field_6,1,IDLE,,1,MOVING_TO_FIELD,Field_19,1,MOVING_TO_FIELD,Field_19,1,MOVING_TO_FIELD,Field_19,1,IDLE,,1,IDLE,,1,IDLE,,1,MOVING_TO_FIELD,Field_35,1,IDLE,,1,IDLE,,1,PROTECTING,Field_10,1,IDLE,,1,IDLE,,1,IDLE,,1,IDLE,,1,IDLE,,1,MOVING_TO_FIELD,Field_19,1,MOVING_TO_FIELD,Field_19,1,IDLE,,1,IDLE,,1,IDLE,,1,IDLE,,1,IDLE,,1,IDLE,,1,IDLE,,1,IDLE,,1,IDLE,,1,IDLE,,1,IDLE,,1,IDLE,,1,IDLE,,1,IDLE,,1,MOVING_TO_FIELD,Field_10,1,IDLE,,1,IDLE,,1,IDLE,,1,IDLE,,1,IDLE,,1,IDLE,,1,IDLE,,1,IDLE,,1,IDLE,,1,IDLE,,1,IDLE,,1,IDLE,,1,IDLE,,1,IDLE,,1,IDLE,,1,IDLE,,1,IDLE,,1,IDLE,,1,IDLE,,26,0.13,0,0,9,16,0.13,0,0,4,44,0.09,1,0,1,18,0.05,0,0,1,11,0.10,0,0,1,80,0.22,2,3,4,70,0.09,0,0,2,18,0.10,0,0,6,32,0.07,0,0,2,37,0.14,2,4,4,20,0.06,0,0,2,17,0.09,0,0,3,12,0.03,0,0,1,47,0.12,0,0,2,110,0.08,6,0,0,34,0.11,0,0,9,51,0.08,0,0,3,5,0.12,0,0,9,26,0.12,0,5,6,4,0.07,0,0,2,20,0.11,0,0,2,7,0.02,0,0,1,0,0.05,0,0,2,35,0.08,0,0,1,11,0.05,0,0,1,25,0.08,0,0,2,25,0.08,0,0,2,11,0.07,0,0,2,1,0.02,0,0,2,17,0.01,0,0,2,2,0.02,0,0,2,17,0.06,0,0,2,11,0.07,0,0,2,23,0.00,0,0,2,56,0.14,0,1,3,6,0.03,0,0,3,2,0.00,0,0,2,20,0.10,0,0,2,18,0.09,0,0,3,50,0.11,0,0,3
164,1038,55,0,12,0,12,0,1,IDLE,,1,IDLE,,1,MOVING_TO_FIELD,Field_6,1,PROTECTING,Field_3,1,IDLE,,1,PROTECTING,Field_15,1,IDLE,,1,PROTECTING,Field_15,1,IDLE,,1,IDLE,,1,PROTECTING,Field_15,1,PROTECTING,Field_15,1,IDLE,,1,PROTECTING,Field_10,1,IDLE,,1,PROTECTING,Field_15,1,IDLE,,1,PROTECTING,Field_15,1,IDLE,,1,IDLE,,1,MOVING_TO_FIELD,Field_6,1,MOVING_TO_FIELD,Field_6,1,PROTECTING,Field_10,1,MOVING_TO_FIELD,Field_10,1,MOVING_TO_FIELD,Field_10,1,PROTECTING,Field_6,1,PROTECTING,Field_6,1,IDLE,,1,MOVING_TO_FIELD,Field_19,1,MOVING_TO_FIELD,Field_19,1,MOVING_TO_FIELD,Field_19,1,IDLE,,1,IDLE,,1,IDLE,,1,MOVING_TO_FIELD,Field_35,1,IDLE,,1,IDLE,,1,PROTECTING,Field_10,1,IDLE,,1,IDLE,,1,IDLE,,1,IDLE,,1,IDLE,,1,MOVING_TO_FIELD,Field_19,1,MOVING_TO_FIELD,Field_19,1,IDLE,,1,IDLE,,1,IDLE,,1,IDLE,,1,IDLE,,1,IDLE,,1,IDLE,,1,IDLE,,1,IDLE,,1,IDLE,,1,IDLE,,1,IDLE,,1,IDLE,,1,IDLE,,1,MOVING_TO_FIELD,Field_10,1,IDLE,,1,IDLE,,1,IDLE,,1,IDLE,,1,IDLE,,1,IDLE,,1,IDLE,,1,IDLE,,1,IDLE,,1,IDLE,,1,IDLE,,1,IDLE,,1,IDLE,,1,IDLE,,1,IDLE,,1,IDLE,,1,IDLE,,1,IDLE,,1,IDLE,,26,0.14,0,0,9,16,0.13,0,0,4,44,0.08,1,0,1,18,0.05,0,0,1,11,0.10,0,0,1,82,0.21,2,3,4,70,0.09,0,0,2,18,0.10,0,0,6,32,0.05,0,0,2,37,0.14,3,3,3,20,0.07,0,0,2,17,0.10,0,0,3,12,0.03,0,0,1,47,0.12,0,0,2,110,0.08,6,0,0,34,0.11,0,0,9,51,0.08,0,0,3,5,0.12,0,0,9,26,0.12,0,5,6,4,0.07,0,0,2,21,0.11,0,0,2,7,0.02,0,0,1,0,0.05,0,0,2,35,0.08,0,0,1,11,0.07,0,0,1,25,0.08,0,0,2,25,0.08,0,0,2,11,0.07,0,0,2,1,0.02,0,0,2,17,0.01,0,0,2,2,0.02,0,0,2,17,0.06,0,0,2,11,0.07,0,0,2,23,0.00,0,0,2,56,0.14,0,1,3,6,0.03,0,0,3,2,0.00,0,0,2,20,0.09,0,0,2,18,0.09,0,0,3,50,0.11,0,0,3
165,1040,55,0,12,0,12,0,1,IDLE,,1,IDLE,,1,MOVING_TO_FIELD,Field_6,1,PROTECTING,Field_3,1,IDLE,,1,PROTECTING,Field_15,1,IDLE,,1,PROTECTING,Field_15,1,IDLE,,1,IDLE,,1,PROTECTING,Field_15,1,PROTECTING,Field_15,1,IDLE,,1,PROTECTING,Field_10,1,IDLE,,1,PROTECTING,Field_15,1,IDLE,,1,PROTECTING,Field_15,1,IDLE,,1,IDLE,,1,MOVING_TO_FIELD,Field_6,1,MOVING_TO_FIELD,Field_6,1,PROTECTING,Field_10,1,MOVING_TO_FIELD,Field_10,1,MOVING_TO_FIELD,Field_10,1,PROTECTING,Field_6,1,PROTECTING,Field_6,1,IDLE,,1,MOVING_TO_FIELD,Field_19,1,MOVING_TO_FIELD,Field_19,1,MOVING_TO_FIELD,Field_19,1,IDLE,,1,IDLE,,1,IDLE,,1,MOVING_TO_FIELD,Field_35,1,IDLE,,1,IDLE,,1,PROTECTING,Field_10,1,IDLE,,1,IDLE,,1,IDLE,,1,IDLE,,1,IDLE,,1,MOVING_TO_FIELD,Field_19,1,MOVING_TO_FIELD,Field_19,1,IDLE,,1,IDLE,,1,IDLE,,1,IDLE,,1,IDLE,,1,IDLE,,1,IDLE,,1,IDLE,,1,IDLE,,1,IDLE,,1,IDLE,,1,IDLE,,1,IDLE,,1,IDLE,,1,MOVING_TO_FIELD,Field_10,1,IDLE,,1,IDLE,,1,IDLE,,1,IDLE,,1,IDLE,,1,IDLE,,1,IDLE,,1,IDLE,,1,IDLE,,1,IDLE,,1,IDLE,,1,IDLE,,1,IDLE,,1,IDLE,,1,IDLE,,1,IDLE,,1,IDLE,,1,IDLE,,1,IDLE,,26,0.13,0,0,9,16,0.13,0,0,4,44,0.08,1,0,1,18,0.07,0,0,1,11,0.10,0,0,1,82,0.22,2,3,4,70,0.09,0,0,2,18,0.10,0,0,6,32,0.05,0,0,2,37,0.14,3,3,3,20,0.07,0,0,2,17,0.09,0,0,3,12,0.02,0,0,1,47,0.12,0,0,2,110,0.07,6,0,0,34,0.11,0,0,9,51,0.08,0,0,3,5,0.12,0,0,9,26,0.13,0,5,6,4,0.07,0,0,2,21,0.11,0,0,2,7,0.02,0,0,1,0,0.05,0,0,2,35,0.10,0,0,1,11,0.07,0,0,1,25,0.06,0,0,2,25,0.08,0,0,2,11,0.07,0,0,2,1,0.02,0,0,2,17,0.03,0,0,2,2,0.04,0,0,2,18,0.08,0,0,2,11,0.07,0,0,2,23,0.00,0,0,2,57,0.13,0,1,3,6,0.03,0,0,3,2,0.00,0,0,2,20,0.10,0,0,2,18,0.09,0,0,3,50,0.11,0,0,3
166,1043,55,0,13,0,11,0,1,IDLE,,1,IDLE,,1,MOVING_TO_FIELD,Field_6,1,PROTECTING,Field_3,1,IDLE,,1,PROTECTING,Field_15,1,IDLE,,1,PROTECTING,Field_15,1,IDLE,,1,IDLE,,1,PROTECTING,Field_15,1,PROTECTING,Field_15,1,IDLE,,1,PROTECTING,Field_10,1,IDLE,,1,PROTECTING,Field_15,1,IDLE,,1,PROTECTING,Field_15,1,IDLE,,1,IDLE,,1,MOVING_TO_FIELD,Field_6,1,MOVING_TO_FIELD,Field_6,1,PROTECTING,Field_10,1,MOVING_TO_FIELD,Field_10,1,MOVING_TO_FIELD,Field_10,1,PROTECTING,Field_6,1,PROTECTING,Field_6,1,IDLE,,1,MOVING_TO_FIELD,Field_19,1,MOVING_TO_FIELD,Field_19,1,MOVING_TO_FIELD,Field_19,1,IDLE,,1,IDLE,,1,IDLE,,1,MOVING_TO_FIELD,Field_35,1,IDLE,,1,IDLE,,1,PROTECTING,Field_10,1,IDLE,,1,IDLE,,1,IDLE,,1,IDLE,,1,IDLE,,1,MOVING_TO_FIELD,Field_19,1,MOVING_TO_FIELD,Field_19,1,IDLE,,1,IDLE,,1,IDLE,,1,IDLE,,1,IDLE,,1,IDLE,,1,IDLE,,1,IDLE,,1,IDLE,,1,IDLE,,1,IDLE,,1,IDLE,,1,IDLE,,1,IDLE,,1,PROTECTING,Field_10,1,IDLE,,1,IDLE,,1,IDLE,,1,IDLE,,1,IDLE,,1,IDLE,,1,IDLE,,1,IDLE,,1,IDLE,,1,IDLE,,1,IDLE,,1,IDLE,,1,IDLE,,1,IDLE,,1,IDLE,,1,IDLE,,1,IDLE,,1,IDLE,,1,IDLE,,26,0.13,0,0,9,16,0.13,0,0,4,44,0.08,1,0,1,18,0.07,0,0,1,11,0.10,0,0,1,83,0.22,2,3,4,70,0.09,0,0,2,18,0.10,0,0,6,32,0.05,0,0,2,37,0.14,4,2,2,20,0.07,0,0,2,19,0.10,0,0,3,12,0.02,0,0,1,47,0.08,0,0,2,110,0.07,6,0,0,34,0.09,0,0,9,51,0.10,0,0,3,5,0.12,0,0,9,26,0.13,0,5,6,4,0.07,0,0,2,21,0.11,0,0,2,7,0.02,0,0,1,0,0.05,0,0,2,35,0.10,0,0,1,11,0.07,0,0,1,25,0.08,0,0,2,25,0.07,0,0,2,11,0.07,0,0,2,1,0.02,0,0,2,17,0.03,0,0,2,2,0.04,0,0,2,18,0.08,0,0,2,11,0.07,0,0,2,23,0.00,0,0,2,57,0.13,0,1,3,6,0.03,0,0,3,2,0.00,0,0,2,20,0.10,0,0,2,18,0.08,0,0,3,50,0.11,0,0,3
167,1049,55,0,13,0,11,0,1,IDLE,,1,IDLE,,1,MOVING_TO_FIELD,Field_6,1,PROTECTING,Field_3,1,IDLE,,1,PROTECTING,Field_15,1,IDLE,,1,PROTECTING,Field_15,1,IDLE,,1,IDLE,,1,PROTECTING,Field_15,1,PROTECTING,Field_15,1,IDLE,,1,PROTECTING,Field_10,1,IDLE,,1,PROTECTING,Field_15,1,IDLE,,1,PROTECTING,Field_15,1,IDLE,,1,IDLE,,1,MOVING_TO_FIELD,Field_6,1,MOVING_TO_FIELD,Field_6,1,PROTECTING,Field_10,1,MOVING_TO_FIELD,Field_10,1,MOVING_TO_FIELD,Field_10,1,PROTECTING,Field_6,1,PROTECTING,Field_6,1,IDLE,,1,MOVING_TO_FIELD,Field_19,1,MOVING_TO_FIELD,Field_19,1,MOVING_TO_FIELD,Field_19,1,IDLE,,1,IDLE,,1,IDLE,,1,MOVING_TO_FIELD,Field_35,1,IDLE,,1,IDLE,,1,PROTECTING,Field_10,1,IDLE,,1,IDLE,,1,IDLE,,1,IDLE,,1,IDLE,,1,MOVING_TO_FIELD,Field_19,1,MOVING_TO_FIELD,Field_19,1,IDLE,,1,IDLE,,1,IDLE,,1,IDLE,,1,IDLE,,1,IDLE,,1,IDLE,,1,IDLE,,1,IDLE,,1,IDLE,,1,IDLE,,1,IDLE,,1,IDLE,,1,IDLE,,1,PROTECTING,Field_10,1,IDLE,,1,IDLE,,1,IDLE,,1,IDLE,,1,IDLE,,1,IDLE,,1,IDLE,,1,IDLE,,1,IDLE,,1,IDLE,,1,IDLE,,1,IDLE,,1,IDLE,,1,IDLE,,1,IDLE,,1,IDLE,,1,IDLE,,1,IDLE,,1,IDLE,,26,0.13,0,0,9,16,0.13,0,0,4,44,0.06,1,0,1,18,0.07,0,0,1,12,0.12,0,0,1,84,0.22,2,3,4,71,0.09,0,0,2,18,0.10,0,0,6,32,0.08,0,0,2,37,0.14,4,2,2,20,0.07,0,0,2,19,0.10,0,0,3,12,0.02,0,0,1,47,0.08,0,0,2,110,0.06,6,0,0,34,0.09,0,0,9,51,0.09,0,0,3,5,0.12,0,0,9,26,0.14,0,5,6,4,0.07,0,0,2,21,0.11,0,0,2,7,0.02,0,0,1,0,0.07,0,0,2,35,0.10,0,0,1,11,0.07,0,0,1,25,0.06,0,0,2,25,0.08,0,0,2,11,0.07,0,0,2,1,0.02,0,0,2,17,0.01,0,0,2,2,0.04,0,0,2,19,0.08,0,0,2,11,0.07,0,0,2,23,0.00,0,0,2,57,0.11,0,1,3,6,0.03,0,0,3,2,0.00,0,0,2,21,0.10,0,0,2,18,0.08,0,0,3,51,0.11,0,0,3
168,1054,55,0,13,0,11,0,1,IDLE,,1,IDLE,,1,MOVING_TO_FIELD,Field_6,1,PROTECTING,Field_3,1,IDLE,,1,PROTECTING,Field_15,1,IDLE,,1,PROTECTING,Field_15,1,IDLE,,1,IDLE,,1,PROTECTING,Field_15,1,PROTECTING,Field_15,1,IDLE,,1,PROTECTING,Field_10,1,IDLE,,1,PROTECTING,Field_15,1,IDLE,,1,PROTECTING,Field_15,1,IDLE,,1,IDLE,,1,MOVING_TO_FIELD,Field_6,1,MOVING_TO_FIELD,Field_6,1,PROTECTING,Field_10,1,MOVING_TO_FIELD,Field_10,1,MOVING_TO_FIELD,Field_10,1,PROTECTING,Field_6,1,PROTECTING,Field_6,1,IDLE,,1,MOVING_TO_FIELD,Field_19,1,MOVING_TO_FIELD,Field_19,1,MOVING_TO_FIELD,Field_19,1,IDLE,,1,IDLE,,1,IDLE,,1,MOVING_TO_FIELD,Field_35,1,IDLE,,1,IDLE,,1,PROTECTING,Field_10,1,IDLE,,1,IDLE,,1,IDLE,,1,IDLE,,1,IDLE,,1,MOVING_TO_FIELD,Field_19,1,MOVING_TO_FIELD,Field_19,1,IDLE,,1,IDLE,,1,IDLE,,1,IDLE,,1,IDLE,,1,IDLE,,1,IDLE,,1,IDLE,,1,IDLE,,1,IDLE,,1,IDLE,,1,IDLE,,1,IDLE,,1,IDLE,,1,PROTECTING,Field_10,1,IDLE,,1,IDLE,,1,IDLE,,1,IDLE,,1,IDLE,,1,IDLE,,1,IDLE,,1,IDLE,,1,IDLE,,1,IDLE,,1,IDLE,,1,IDLE,,1,IDLE,,1,IDLE,,1,IDLE,,1,IDLE,,1,IDLE,,1,IDLE,,1,IDLE,,26,0.13,0,0,9,16,0.13,0,0,4,44,0.06,1,0,1,18,0.07,0,0,1,12,0.12,0,0,1,86,0.22,2,3,4,71,0.08,0,0,2,18,0.10,0,0,6,32,0.08,0,0,2,37,0.13,4,2,2,20,0.07,0,0,2,19,0.10,0,0,3,12,0.02,0,0,1,47,0.08,0,0,2,110,0.05,6,0,0,34,0.09,0,0,9,51,0.08,0,0,3,5,0.12,0,0,9,26,0.14,0,5,6,4,0.07,0,0,2,23,0.11,0,0,2,7,0.02,0,0,1,0,0.07,0,0,2,35,0.10,0,0,1,11,0.07,0,0,1,25,0.05,0,0,2,26,0.08,0,0,2,11,0.07,0,0,2,1,0.02,0,0,2,17,0.01,0,0,2,2,0.04,0,0,2,19,0.06,0,0,2,11,0.07,0,0,2,23,0.02,0,0,2,57,0.11,0,1,3,6,0.02,0,0,3,2,0.01,0,0,2,21,0.09,0,0,2,18,0.08,0,0,3,51,0.11,0,0,3
169,1054,55,0,13,0,11,0,1,IDLE,,1,IDLE,,1,MOVING_TO_FIELD,Field_6,1,PROTECTING,Field_3,1,IDLE,,1,PROTECTING,Field_15,1,IDLE,,1,PROTECTING,Field_15,1,IDLE,,1,IDLE,,1,PROTECTING,Field_15,1,PROTECTING,Field_15,1,IDLE,,1,PROTECTING,Field_10,1,IDLE,,1,PROTECTING,Field_15,1,IDLE,,1,PROTECTING,Field_15,1,IDLE,,1,IDLE,,1,MOVING_TO_FIELD,Field_6,1,MOVING_TO_FIELD,Field_6,1,PROTECTING,Field_10,1,MOVING_TO_FIELD,Field_10,1,MOVING_TO_FIELD,Field_10,1,PROTECTING,Field_6,1,PROTECTING,Field_6,1,IDLE,,1,MOVING_TO_FIELD,Field_19,1,MOVING_TO_FIELD,Field_19,1,MOVING_TO_FIELD,Field_19,1,IDLE,,1,IDLE,,1,IDLE,,1,MOVING_TO_FIELD,Field_35,1,IDLE,,1,IDLE,,1,PROTECTING,Field_10,1,IDLE,,1,IDLE,,1,IDLE,,1,IDLE,,1,IDLE,,1,MOVING_TO_FIELD,Field_19,1,MOVING_TO_FIELD,Field_19,1,IDLE,,1,IDLE,,1,IDLE,,1,IDLE,,1,IDLE,,1,IDLE,,1,IDLE,,1,IDLE,,1,IDLE,,1,IDLE,,1,IDLE,,1,IDLE,,1,IDLE,,1,IDLE,,1,PROTECTING,Field_10,1,IDLE,,1,IDLE,,1,IDLE,,1,IDLE,,1,IDLE,,1,IDLE,,1,IDLE,,1,IDLE,,1,IDLE,,1,IDLE,,1,IDLE,,1,IDLE,,1,IDLE,,1,IDLE,,1,IDLE,,1,IDLE,,1,IDLE,,1,IDLE,,1,IDLE,,26,0.12,0,0,9,16,0.12,0,0,4,44,0.06,1,0,1,18,0.07,0,0,1,12,0.12,0,0,1,86,0.21,2,3,4,71,0.09,0,0,2,18,0.10,0,0,6,32,0.09,0,0,2,37,0.13,4,2,2,20,0.07,0,0,2,19,0.12,0,0,3,12,0.02,0,0,1,47,0.08,0,0,2,110,0.05,6,0,0,34,0.09,0,0,9,51,0.08,0,0,3,5,0.13,0,0,9,26,0.14,0,5,6,4,0.05,0,0,2,23,0.11,0,0,2,7,0.02,0,0,1,0,0.07,0,0,2,35,0.10,0,0,1,11,0.07,0,0,1,25,0.06,0,0,2,26,0.08,0,0,2,11,0.07,0,0,2,1,0.02,0,0,2,17,0.01,0,0,2,2,0.04,0,0,2,19,0.06,0,0,2,11,0.07,0,0,2,23,0.02,0,0,2,57,0.11,0,1,3,6,0.02,0,0,3,2,0.01,0,0,2,21,0.10,0,0,2,18,0.07,0,0,3,51,0.12,0,0,3
170,1058,55,0,13,0,11,0,1,IDLE,,1,IDLE,,1,MOVING_TO_FIELD,Field_6,1,PROTECTING,Field_3,1,IDLE,,1,PROTECTING,Field_15,1,IDLE,,1,PROTECTING,Field_15,1,IDLE,,1,IDLE,,1,PROTECTING,Field_15,1,PROTECTING,Field_15,1,IDLE,,1,PROTECTING,Field_10,1,IDLE,,1,PROTECTING,Field_15,1,IDLE,,1,PROTECTING,Field_15,1,IDLE,,1,IDLE,,1,MOVING_TO_FIELD,Field_6,1,MOVING_TO_FIELD,Field_6,1,PROTECTING,Field_10,1,MOVING_TO_FIELD,Field_10,1,MOVING_TO_FIELD,Field_10,1,PROTECTING,Field_6,1,PROTECTING,Field_6,1,IDLE,,1,MOVING_TO_FIELD,Field_19,1,MOVING_TO_FIELD,Field_19,1,MOVING_TO_FIELD,Field_19,1,IDLE,,1,IDLE,,1,IDLE,,1,MOVING_TO_FIELD,Field_35,1,IDLE,,1,IDLE,,1,PROTECTING,Field_10,1,IDLE,,1,IDLE,,1,IDLE,,1,IDLE,,1,IDLE,,1,MOVING_TO_FIELD,Field_19,1,MOVING_TO_FIELD,Field_19,1,IDLE,,1,IDLE,,1,IDLE,,1,IDLE,,1,IDLE,,1,IDLE,,1,IDLE,,1,IDLE,,1,IDLE,,1,IDLE,,1,IDLE,,1,IDLE,,1,IDLE,,1,IDLE,,1,PROTECTING,Field_10,1,IDLE,,1,IDLE,,1,IDLE,,1,IDLE,,1,IDLE,,1,IDLE,,1,IDLE,,1,IDLE,,1,IDLE,,1,IDLE,,1,IDLE,,1,IDLE,,1,IDLE,,1,IDLE,,1,IDLE,,1,IDLE,,1,IDLE,,1,IDLE,,1,IDLE,,26,0.11,0,0,9,16,0.12,0,0,4,44,0.06,1,0,1,18,0.07,0,0,1,12,0.12,0,0,1,88,0.22,2,3,4,72,0.09,0,0,2,18,0.09,0,0,6,32,0.09,0,0,2,37,0.12,4,2,2,20,0.07,0,0,2,19,0.12,0,0,3,12,0.02,0,0,1,47,0.08,0,0,2,110,0.05,6,0,0,34,0.09,0,0,9,51,0.08,0,0,3,5,0.12,0,0,9,26,0.17,0,5,6,4,0.07,0,0,2,23,0.11,0,0,2,7,0.02,0,0,1,0,0.05,0,0,2,35,0.10,0,0,1,12,0.07,0,0,1,25,0.05,0,0,2,26,0.08,0,0,2,11,0.07,0,0,2,1,0.03,0,0,2,17,0.01,0,0,2,2,0.04,0,0,2,19,0.05,0,0,2,11,0.09,0,0,2,23,0.02,0,0,2,57,0.11,0,1,3,6,0.02,0,0,3,2,0.01,0,0,2,21,0.10,0,0,2,18,0.08,0,0,3,51,0.11,0,0,3
171,1063,58,0,13,0,8,0,1,IDLE,,1,IDLE,,1,MOVING_TO_FIELD,Field_6,1,PROTECTING,Field_3,1,IDLE,,1,PROTECTING,Field_15,1,IDLE,,1,PROTECTING,Field_15,1,IDLE,,1,IDLE,,1,PROTECTING,Field_15,1,PROTECTING,Field_15,1,IDLE,,1,PROTECTING,Field_10,1,IDLE,,1,PROTECTING,Field_15,1,IDLE,,1,PROTECTING,Field_15,1,IDLE,,1,IDLE,,1,IDLE,,1,IDLE,,1,PROTECTING,Field_10,1,MOVING_TO_FIELD,Field_10,1,MOVING_TO_FIELD,Field_10,1,PROTECTING,Field_6,1,PROTECTING,Field_6,1,IDLE,,1,MOVING_TO_FIELD,Field_19,1,MOVING_TO_FIELD,Field_19,1,MOVING_TO_FIELD,Field_19,1,IDLE,,1,IDLE,,1,IDLE,,1,IDLE,,1,IDLE,,1,IDLE,,1,PROTECTING,Field_10,1,IDLE,,1,IDLE,,1,IDLE,,1,IDLE,,1,IDLE,,1,MOVING_TO_FIELD,Field_19,1,MOVING_TO_FIELD,Field_19,1,IDLE,,1,IDLE,,1,IDLE,,1,IDLE,,1,IDLE,,1,IDLE,,1,IDLE,,1,IDLE,,1,IDLE,,1,IDLE,,1,IDLE,,1,IDLE,,1,IDLE,,1,IDLE,,1,PROTECTING,Field_10,1,IDLE,,1,IDLE,,1,IDLE,,1,IDLE,,1,IDLE,,1,IDLE,,1,IDLE,,1,IDLE,,1,IDLE,,1,IDLE,,1,IDLE,,1,IDLE,,1,IDLE,,1,IDLE,,1,IDLE,,1,IDLE,,1,IDLE,,1,IDLE,,1,IDLE,,26,0.11,0,0,9,16,0.12,0,0,4,44,0.05,1,0,1,19,0.07,0,0,1,13,0.12,0,0,1,88,0.23,2,1,4,73,0.10,0,0,2,18,0.09,0,0,6,32,0.07,0,0,2,37,0.12,4,2,2,20,0.07,0,0,2,19,0.11,0,0,3,12,0.02,0,0,1,47,0.07,0,0,2,110,0.05,6,0,0,34,0.08,0,0,9,52,0.09,0,0,3,5,0.12,0,0,9,26,0.17,0,5,6,4,0.07,0,0,2,23,0.11,0,0,2,7,0.02,0,0,1,0,0.07,0,0,2,35,0.10,0,0,1,13,0.07,0,0,1,25,0.05,0,0,2,26,0.09,0,0,2,11,0.07,0,0,2,1,0.03,0,0,2,17,0.01,0,0,2,2,0.04,0,0,2,19,0.05,0,0,2,11,0.09,0,0,2,23,0.03,0,0,2,57,0.11,0,0,3,6,0.02,0,0,3,2,0.01,0,0,2,21,0.07,0,0,2,18,0.09,0,0,3,51,0.11,0,0,3
172,1065,58,0,15,0,6,0,1,IDLE,,1,IDLE,,1,MOVING_TO_FIELD,Field_6,1,PROTECTING,Field_3,1,IDLE,,1,PROTECTING,Field_15,1,IDLE,,1,PROTECTING,Field_15,1,IDLE,,1,IDLE,,1,PROTECTING,Field_15,1,PROTECTING,Field_15,1,IDLE,,1,PROTECTING,Field_10,1,IDLE,,1,PROTECTING,Field_15,1,IDLE,,1,PROTECTING,Field_15,1,IDLE,,1,IDLE,,1,IDLE,,1,IDLE,,1,PROTECTING,Field_10,1,PROTECTING,Field_10,1,PROTECTING,Field_10,1,PROTECTING,Field_6,1,PROTECTING,Field_6,1,IDLE,,1,MOVING_TO_FIELD,Field_19,1,MOVING_TO_FIELD,Field_19,1,MOVING_TO_FIELD,Field_19,1,IDLE,,1,IDLE,,1,IDLE,,1,IDLE,,1,IDLE,,1,IDLE,,1,PROTECTING,Field_10,1,IDLE,,1,IDLE,,1,IDLE,,1,IDLE,,1,IDLE,,1,MOVING_TO_FIELD,Field_19,1,MOVING_TO_FIELD,Field_19,1,IDLE,,1,IDLE,,1,IDLE,,1,IDLE,,1,IDLE,,1,IDLE,,1,IDLE,,1,IDLE,,1,IDLE,,1,IDLE,,1,IDLE,,1,IDLE,,1,IDLE,,1,IDLE,,1,PROTECTING,Field_10,1,IDLE,,1,IDLE,,1,IDLE,,1,IDLE,,1,IDLE,,1,IDLE,,1,IDLE,,1,IDLE,,1,IDLE,,1,IDLE,,1,IDLE,,1,IDLE,,1,IDLE,,1,IDLE,,1,IDLE,,1,IDLE,,1,IDLE,,1,IDLE,,1,IDLE,,26,0.11,0,0,9,16,0.12,0,0,4,44,0.05,1,0,1,19,0.07,0,0,1,13,0.12,0,0,1,88,0.23,2,1,4,73,0.13,0,0,2,18,0.09,0,0,6,32,0.07,0,0,2,37,0.14,6,0,0,20,0.07,0,0,2,19,0.11,0,0,3,12,0.02,0,0,1,47,0.07,0,0,2,110,0.03,6,0,0,34,0.09,0,0,9,52,0.09,0,0,3,5,0.12,0,0,9,26,0.17,0,5,6,4,0.07,0,0,2,23,0.11,0,0,2,7,0.02,0,0,1,0,0.05,0,0,2,36,0.08,0,0,1,13,0.09,0,0,1,25,0.04,0,0,2,27,0.08,0,0,2,11,0.07,0,0,2,1,0.03,0,0,2,17,0.01,0,0,2,2,0.04,0,0,2,19,0.06,0,0,2,11,0.09,0,0,2,23,0.03,0,0,2,57,0.13,0,0,3,6,0.02,0,0,3,2,0.01,0,0,2,21,0.07,0,0,2,18,0.09,0,0,3,51,0.11,0,0,3
173,1068,58,0,15,0,6,0,1,IDLE,,1,IDLE,,1,MOVING_TO_FIELD,Field_6,1,PROTECTING,Field_3,1,IDLE,,1,PROTECTING,Field_15,1,IDLE,,1,PROTECTING,Field_15,1,IDLE,,1,IDLE,,1,PROTECTING,Field_15,1,PROTECTING,Field_15,1,IDLE,,1,PROTECTING,Field_10,1,IDLE,,1,PROTECTING,Field_15,1,IDLE,,1,PROTECTING,Field_15,1,IDLE,,1,IDLE,,1,IDLE,,1,IDLE,,1,PROTECTING,Field_10,1,PROTECTING,Field_10,1,PROTECTING,Field_10,1,PROTECTING,Field_6,1,PROTECTING,Field_6,1,IDLE,,1,MOVING_TO_FIELD,Field_19,1,MOVING_TO_FIELD,Field_19,1,MOVING_TO_FIELD,Field_19,1,IDLE,,1,IDLE,,1,IDLE,,1,IDLE,,1,IDLE,,1,IDLE,,1,PROTECTING,Field_10,1,IDLE,,1,IDLE,,1,IDLE,,1,IDLE,,1,IDLE,,1,MOVING_TO_FIELD,Field_19,1,MOVING_TO_FIELD,Field_19,1,IDLE,,1,IDLE,,1,IDLE,,1,IDLE,,1,IDLE,,1,IDLE,,1,IDLE,,1,IDLE,,1,IDLE,,1,IDLE,,1,IDLE,,1,IDLE,,1,IDLE,,1,IDLE,,1,PROTECTING,Field_10,1,IDLE,,1,IDLE,,1,IDLE,,1,IDLE,,1,IDLE,,1,IDLE,,1,IDLE,,1,IDLE,,1,IDLE,,1,IDLE,,1,IDLE,,1,IDLE,,1,IDLE,,1,IDLE,,1,IDLE,,1,IDLE,,1,IDLE,,1,IDLE,,1,IDLE,,26,0.11,0,0,9,16,0.12,0,0,4,44,0.05,1,0,1,19,0.05,0,0,1,13,0.12,0,0,1,88,0.24,2,1,4,73,0.13,0,0,2,18,0.09,0,0,6,32,0.04,0,0,2,37,0.12,6,0,0,20,0.07,0,0,2,19,0.10,0,0,3,12,0.02,0,0,1,47,0.07,0,0,2,110,0.02,6,0,0,34,0.11,0,0,9,52,0.09,0,0,3,5,0.12,0,0,9,27,0.17,0,5,6,4,0.07,0,0,2,24,0.09,0,0,2,7,0.02,0,0,1,0,0.05,0,0,2,36,0.07,0,0,1,13,0.09,0,0,1,25,0.04,0,0,2,28,0.08,0,0,2,11,0.09,0,0,2,1,0.05,0,0,2,17,0.01,0,0,2,2,0.04,0,0,2,19,0.06,0,0,2,11,0.07,0,0,2,23,0.05,0,0,2,57,0.14,0,0,3,6,0.02,0,0,3,2,0.01,0,0,2,21,0.06,0,0,2,18,0.09,0,0,3,51,0.12,0,0,3
174,1070,58,0,15,0,6,0,1,IDLE,,1,IDLE,,1,MOVING_TO_FIELD,Field_6,1,PROTECTING,Field_3,1,IDLE,,1,PROTECTING,Field_15,1,IDLE,,1,PROTECTING,Field_15,1,IDLE,,1,IDLE,,1,PROTECTING,Field_15,1,PROTECTING,Field_15,1,IDLE,,1,PROTECTING,Field_10,1,IDLE,,1,PROTECTING,Field_15,1,IDLE,,1,PROTECTING,Field_15,1,IDLE,,1,IDLE,,1,IDLE,,1,IDLE,,1,PROTECTING,Field_10,1,PROTECTING,Field_10,1,PROTECTING,Field_10,1,PROTECTING,Field_6,1,PROTECTING,Field_6,1,IDLE,,1,MOVING_TO_FIELD,Field_19,1,MOVING_TO_FIELD,Field_19,1,MOVING_TO_FIELD,Field_19,1,IDLE,,1,IDLE,,1,IDLE,,1,IDLE,,1,IDLE,,1,IDLE,,1,PROTECTING,Field_10,1,IDLE,,1,IDLE,,1,IDLE,,1,IDLE,,1,IDLE,,1,MOVING_TO_FIELD,Field_19,1,MOVING_TO_FIELD,Field_19,1,IDLE,,1,IDLE,,1,IDLE,,1,IDLE,,1,IDLE,,1,IDLE,,1,IDLE,,1,IDLE,,1,IDLE,,1,IDLE,,1,IDLE,,1,IDLE,,1,IDLE,,1,IDLE,,1,PROTECTING,Field_10,1,IDLE,,1,IDLE,,1,IDLE,,1,IDLE,,1,IDLE,,1,IDLE,,1,IDLE,,1,IDLE,,1,IDLE,,1,IDLE,,1,IDLE,,1,IDLE,,1,IDLE,,1,IDLE,,1,IDLE,,1,IDLE,,1,IDLE,,1,IDLE,,1,IDLE,,26,0.10,0,0,9,16,0.12,0,0,4,44,0.06,1,0,1,19,0.05,0,0,1,13,0.12,0,0,1,88,0.24,2,1,4,73,0.13,0,0,2,18,0.09,0,0,6,32,0.05,0,0,2,37,0.13,6,0,0,20,0.09,0,0,2,20,0.09,0,0,3,12,0.02,0,0,1,47,0.07,0,0,2,110,0.03,6,0,0,34,0.11,0,0,9,52,0.09,0,0,3,5,0.12,0,0,9,27,0.17,0,5,6,4,0.08,0,0,2,24,0.09,0,0,2,7,0.02,0,0,1,0,0.03,0,0,2,36,0.07,0,0,1,13,0.09,0,0,1,25,0.03,0,0,2,28,0.08,0,0,2,11,0.09,0,0,2,1,0.05,0,0,2,17,0.01,0,0,2,2,0.04,0,0,2,19,0.05,0,0,2,11,0.07,0,0,2,23,0.05,0,0,2,57,0.15,0,0,3,6,0.02,0,0,3,2,0.01,0,0,2,22,0.06,0,0,2,18,0.10,0,0,3,51,0.12,0,0,3
175,1074,58,0,15,0,6,0,1,IDLE,,1,IDLE,,1,MOVING_TO_FIELD,Field_6,1,PROTECTING,Field_3,1,IDLE,,1,PROTECTING,Field_15,1,IDLE,,1,PROTECTING,Field_15,1,IDLE,,1,IDLE,,1,PROTECTING,Field_15,1,PROTECTING,Field_15,1,IDLE,,1,PROTECTING,Field_10,1,IDLE,,1,PROTECTING,Field_15,1,IDLE,,1,PROTECTING,Field_15,1,IDLE,,1,IDLE,,1,IDLE,,1,IDLE,,1,PROTECTING,Field_10,1,PROTECTING,Field_10,1,PROTECTING,Field_10,1,PROTECTING,Field_6,1,PROTECTING,Field_6,1,IDLE,,1,MOVING_TO_FIELD,Field_19,1,MOVING_TO_FIELD,Field_19,1,MOVING_TO_FIELD,Field_19,1,IDLE,,1,IDLE,,1,IDLE,,1,IDLE,,1,IDLE,,1,IDLE,,1,PROTECTING,Field_10,1,IDLE,,1,IDLE,,1,IDLE,,1,IDLE,,1,IDLE,,1,MOVING_TO_FIELD,Field_19,1,MOVING_TO_FIELD,Field_19,1,IDLE,,1,IDLE,,1,IDLE,,1,IDLE,,1,IDLE,,1,IDLE,,1,IDLE,,1,IDLE,,1,IDLE,,1,IDLE,,1,IDLE,,1,IDLE,,1,IDLE,,1,IDLE,,1,PROTECTING,Field_10,1,IDLE,,1,IDLE,,1,IDLE,,1,IDLE,,1,IDLE,,1,IDLE,,1,IDLE,,1,IDLE,,1,IDLE,,1,IDLE,,1,IDLE,,1,IDLE,,1,IDLE,,1,IDLE,,1,IDLE,,1,IDLE,,1,IDLE,,1,IDLE,,1,IDLE,,26,0.10,0,0,9,16,0.12,0,0,4,44,0.06,1,0,1,19,0.05,0,0,1,13,0.12,0,0,1,88,0.23,2,1,4,74,0.14,0,0,2,18,0.09,0,0,6,32,0.05,0,0,2,37,0.13,6,0,0,20,0.09,0,0,2,20,0.09,0,0,3,12,0.02,0,0,1,48,0.07,0,0,2,110,0.04,6,0,0,34,0.11,0,0,9,52,0.09,0,0,3,5,0.12,0,0,9,28,0.18,0,5,6,4,0.07,0,0,2,24,0.09,0,0,2,7,0.02,0,0,1,0,0.03,0,0,2,36,0.07,0,0,1,13,0.07,0,0,1,25,0.04,0,0,2,28,0.08,0,0,2,11,0.11,0,0,2,1,0.06,0,0,2,17,0.03,0,0,2,2,0.04,0,0,2,19,0.05,0,0,2,11,0.07,0,0,2,23,0.03,0,0,2,57,0.15,0,0,3,6,0.02,0,0,3,2,0.01,0,0,2,22,0.06,0,0,2,19,0.12,0,0,3,51,0.13,0,0,3
176,1076,58,0,15,0,6,0,1,IDLE,,1,IDLE,,1,MOVING_TO_FIELD,Field_6,1,PROTECTING,Field_3,1,IDLE,,1,PROTECTING,Field_15,1,IDLE,,1,PROTECTING,Field_15,1,IDLE,,1,IDLE,,1,PROTECTING,Field_15,1,PROTECTING,Field_15,1,IDLE,,1,PROTECTING,Field_10,1,IDLE,,1,PROTECTING,Field_15,1,IDLE,,1,PROTECTING,Field_15,1,IDLE,,1,IDLE,,1,IDLE,,1,IDLE,,1,PROTECTING,Field_10,1,PROTECTING,Field_10,1,PROTECTING,Field_10,1,PROTECTING,Field_6,1,PROTECTING,Field_6,1,IDLE,,1,MOVING_TO_FIELD,Field_19,1,MOVING_TO_FIELD,Field_19,1,MOVING_TO_FIELD,Field_19,1,IDLE,,1,IDLE,,1,IDLE,,1,IDLE,,1,IDLE,,1,IDLE,,1,PROTECTING,Field_10,1,IDLE,,1,IDLE,,1,IDLE,,1,IDLE,,1,IDLE,,1,MOVING_TO_FIELD,Field_19,1,MOVING_TO_FIELD,Field_19,1,IDLE,,1,IDLE,,1,IDLE,,1,IDLE,,1,IDLE,,1,IDLE,,1,IDLE,,1,IDLE,,1,IDLE,,1,IDLE,,1,IDLE,,1,IDLE,,1,IDLE,,1,IDLE,,1,PROTECTING,Field_10,1,IDLE,,1,IDLE,,1,IDLE,,1,IDLE,,1,IDLE,,1,IDLE,,1,IDLE,,1,IDLE,,1,IDLE,,1,IDLE,,1,IDLE,,1,IDLE,,1,IDLE,,1,IDLE,,1,IDLE,,1,IDLE,,1,IDLE,,1,IDLE,,1,IDLE,,26,0.10,0,0,9,16,0.10,0,0,4,44,0.06,1,0,1,19,0.05,0,0,1,13,0.12,0,0,1,89,0.23,2,1,4,74,0.13,0,0,2,18,0.09,0,0,6,32,0.07,0,0,2,37,0.11,6,0,0,20,0.09,0,0,2,20,0.09,0,0,3,12,0.02,0,0,1,48,0.07,0,0,2,110,0.04,6,0,0,34,0.11,0,0,9,52,0.08,0,0,3,5,0.13,0,0,9,28,0.18,0,5,6,4,0.05,0,0,2,24,0.09,0,0,2,7,0.02,0,0,1,0,0.03,0,0,2,37,0.08,0,0,1,13,0.05,0,0,1,25,0.04,0,0,2,28,0.08,0,0,2,11,0.13,0,0,2,1,0.06,0,0,2,17,0.03,0,0,2,2,0.04,0,0,2,19,0.05,0,0,2,11,0.05,0,0,2,23,0.03,0,0,2,57,0.15,0,0,3,6,0.02,0,0,3,2,0.01,0,0,2,22,0.06,0,0,2,19,0.13,0,0,3,51,0.13,0,0,3
177,1079,58,0,15,0,6,0,1,IDLE,,1,IDLE,,1,MOVING_TO_FIELD,Field_6,1,PROTECTING,Field_3,1,IDLE,,1,PROTECTING,Field_15,1,IDLE,,1,PROTECTING,Field_15,1,IDLE,,1,IDLE,,1,PROTECTING,Field_15,1,PROTECTING,Field_15,1,IDLE,,1,PROTECTING,Field_10,1,IDLE,,1,PROTECTING,Field_15,1,IDLE,,1,PROTECTING,Field_15,1,IDLE,,1,IDLE,,1,IDLE,,1,IDLE,,1,PROTECTING,Field_10,1,PROTECTING,Field_10,1,PROTECTING,Field_10,1,PROTECTING,Field_6,1,PROTECTING,Field_6,1,IDLE,,1,MOVING_TO_FIELD,Field_19,1,MOVING_TO_FIELD,Field_19,1,MOVING_TO_FIELD,Field_19,1,IDLE,,1,IDLE,,1,IDLE,,1,IDLE,,1,IDLE,,1,IDLE,,1,PROTECTING,Field_10,1,IDLE,,1,IDLE,,1,IDLE,,1,IDLE,,1,IDLE,,1,MOVING_TO_FIELD,Field_19,1,MOVING_TO_FIELD,Field_19,1,IDLE,,1,IDLE,,1,IDLE,,1,IDLE,,1,IDLE,,1,IDLE,,1,IDLE,,1,IDLE,,1,IDLE,,1,IDLE,,1,IDLE,,1,IDLE,,1,IDLE,,1,IDLE,,1,PROTECTING,Field_10,1,IDLE,,1,IDLE,,1,IDLE,,1,IDLE,,1,IDLE,,1,IDLE,,1,IDLE,,1,IDLE,,1,IDLE,,1,IDLE,,1,IDLE,,1,IDLE,,1,IDLE,,1,IDLE,,1,IDLE,,1,IDLE,,1,IDLE,,1,IDLE,,1,IDLE,,26,0.11,0,0,9,16,0.10,0,0,4,44,0.06,1,0,1,19,0.03,0,0,1,13,0.12,0,0,1,89,0.23,2,1,4,76,0.13,0,0,2,18,0.08,0,0,6,32,0.05,0,0,2,37,0.10,6,0,0,20,0.07,0,0,2,20,0.08,0,0,3,12,0.02,0,0,1,48,0.07,0,0,2,110,0.04,6,0,0,34,0.11,0,0,9,52,0.09,0,0,3,5,0.13,0,0,9,28,0.18,0,5,6,4,0.04,0,0,2,24,0.09,0,0,2,7,0.02,0,0,1,0,0.03,0,0,2,37,0.08,0,0,1,13,0.05,0,0,1,25,0.04,0,0,2,28,0.07,0,0,2,11,0.13,0,0,2,1,0.06,0,0,2,17,0.03,0,0,2,2,0.04,0,0,2,19,0.06,0,0,2,11,0.05,0,0,2,23,0.03,0,0,2,58,0.14,0,0,3,6,0.02,0,0,3,2,0.01,0,0,2,22,0.06,0,0,2,19,0.13,0,0,3,51,0.12,0,0,3
178,1082,58,0,15,0,6,0,1,IDLE,,1,IDLE,,1,MOVING_TO_FIELD,Field_6,1,PROTECTING,Field_3,1,IDLE,,1,PROTECTING,Field_15,1,IDLE,,1,PROTECTING,Field_15,1,IDLE,,1,IDLE,,1,PROTECTING,Field_15,1,PROTECTING,Field_15,1,IDLE,,1,PROTECTING,Field_10,1,IDLE,,1,PROTECTING,Field_15,1,IDLE,,1,PROTECTING,Field_15,1,IDLE,,1,IDLE,,1,IDLE,,1,IDLE,,1,PROTECTING,Field_10,1,PROTECTING,Field_10,1,PROTECTING,Field_10,1,PROTECTING,Field_6,1,PROTECTING,Field_6,1,IDLE,,1,MOVING_TO_FIELD,Field_19,1,MOVING_TO_FIELD,Field_19,1,MOVING_TO_FIELD,Field_19,1,IDLE,,1,IDLE,,1,IDLE,,1,IDLE,,1,IDLE,,1,IDLE,,1,PROTECTING,Field_10,1,IDLE,,1,IDLE,,1,IDLE,,1,IDLE,,1,IDLE,,1,MOVING_TO_FIELD,Field_19,1,MOVING_TO_FIELD,Field_19,1,IDLE,,1,IDLE,,1,IDLE,,1,IDLE,,1,IDLE,,1,IDLE,,1,IDLE,,1,IDLE,,1,IDLE,,1,IDLE,,1,IDLE,,1,IDLE,,1,IDLE,,1,IDLE,,1,PROTECTING,Field_10,1,IDLE,,1,IDLE,,1,IDLE,,1,IDLE,,1,IDLE,,1,IDLE,,1,IDLE,,1,IDLE,,1,IDLE,,1,IDLE,,1,IDLE,,1,IDLE,,1,IDLE,,1,IDLE,,1,IDLE,,1,IDLE,,1,IDLE,,1,IDLE,,1,IDLE,,26,0.11,0,0,9,16,0.12,0,0,4,44,0.06,1,0,1,19,0.03,0,0,1,13,0.10,0,0,1,89,0.23,2,1,4,76,0.11,0,0,2,18,0.08,0,0,6,32,0.05,0,0,2,37,0.09,6,0,0,21,0.07,0,0,2,21,0.07,0,0,3,12,0.03,0,0,1,48,0.07,0,0,2,110,0.02,6,0,0,34,0.11,0,0,9,52,0.11,0,0,3,5,0.12,0,0,9,28,0.18,0,5,6,4,0.04,0,0,2,24,0.09,0,0,2,7,0.02,0,0,1,0,0.03,0,0,2,37,0.08,0,0,1,13,0.05,0,0,1,25,0.04,0,0,2,28,0.07,0,0,2,11,0.13,0,0,2,1,0.05,0,0,2,17,0.03,0,0,2,2,0.04,0,0,2,19,0.06,0,0,2,11,0.05,0,0,2,23,0.03,0,0,2,58,0.13,0,0,3,6,0.02,0,0,3,2,0.01,0,0,2,22,0.06,0,0,2,20,0.13,0,0,3,51,0.12,0,0,3
179,1085,58,0,15,0,6,0,1,IDLE,,1,IDLE,,1,MOVING_TO_FIELD,Field_6,1,PROTECTING,Field_3,1,IDLE,,1,PROTECTING,Field_15,1,IDLE,,1,PROTECTING,Field_15,1,IDLE,,1,IDLE,,1,PROTECTING,Field_15,1,PROTECTING,Field_15,1,IDLE,,1,PROTECTING,Field_10,1,IDLE,,1,PROTECTING,Field_15,1,IDLE,,1,PROTECTING,Field_15,1,IDLE,,1,IDLE,,1,IDLE,,1,IDLE,,1,PROTECTING,Field_10,1,PROTECTING,Field_10,1,PROTECTING,Field_10,1,PROTECTING,Field_6,1,PROTECTING,Field_6,1,IDLE,,1,MOVING_TO_FIELD,Field_19,1,MOVING_TO_FIELD,Field_19,1,MOVING_TO_FIELD,Field_19,1,IDLE,,1,IDLE,,1,IDLE,,1,IDLE,,1,IDLE,,1,IDLE,,1,PROTECTING,Field_10,1,IDLE,,1,IDLE,,1,IDLE,,1,IDLE,,1,IDLE,,1,MOVING_TO_FIELD,Field_19,1,MOVING_TO_FIELD,Field_19,1,IDLE,,1,IDLE,,1,IDLE,,1,IDLE,,1,IDLE,,1,IDLE,,1,IDLE,,1,IDLE,,1,IDLE,,1,IDLE,,1,IDLE,,1,IDLE,,1,IDLE,,1,IDLE,,1,PROTECTING,Field_10,1,IDLE,,1,IDLE,,1,IDLE,,1,IDLE,,1,IDLE,,1,IDLE,,1,IDLE,,1,IDLE,,1,IDLE,,1,IDLE,,1,IDLE,,1,IDLE,,1,IDLE,,1,IDLE,,1,IDLE,,1,IDLE,,1,IDLE,,1,IDLE,,1,IDLE,,26,0.11,0,0,9,16,0.10,0,0,4,45,0.06,1,0,1,19,0.03,0,0,1,13,0.07,0,0,1,89,0.23,2,1,4,77,0.09,0,0,2,18,0.08,0,0,6,32,0.05,0,0,2,37,0.08,6,0,0,21,0.06,0,0,2,22,0.07,0,0,3,12,0.03,0,0,1,48,0.08,0,0,2,110,0.02,6,0,0,34,0.11,0,0,9,52,0.11,0,0,3,5,0.12,0,0,9,28,0.18,0,5,6,4,0.04,0,0,2,24,0.09,0,0,2,7,0.02,0,0,1,0,0.03,0,0,2,37,0.08,0,0,1,13,0.05,0,0,1,25,0.04,0,0,2,28,0.08,0,0,2,11,0.13,0,0,2,1,0.06,0,0,2,17,0.01,0,0,2,2,0.04,0,0,2,19,0.08,0,0,2,11,0.05,0,0,2,23,0.03,0,0,2,58,0.14,0,0,3,6,0.02,0,0,3,2,0.02,0,0,2,22,0.06,0,0,2,20,0.12,0,0,3,51,0.12,0,0,3
180,1089,58,0,15,0,6,0,1,IDLE,,1,IDLE,,1,MOVING_TO_FIELD,Field_6,1,PROTECTING,Field_3,1,IDLE,,1,PROTECTING,Field_15,1,IDLE,,1,PROTECTING,Field_15,1,IDLE,,1,IDLE,,1,PROTECTING,Field_15,1,PROTECTING,Field_15,1,IDLE,,1,PROTECTING,Field_10,1,IDLE,,1,PROTECTING,Field_15,1,IDLE,,1,PROTECTING,Field_15,1,IDLE,,1,IDLE,,1,IDLE,,1,IDLE,,1,PROTECTING,Field_10,1,PROTECTING,Field_10,1,PROTECTING,Field_10,1,PROTECTING,Field_6,1,PROTECTING,Field_6,1,IDLE,,1,MOVING_TO_FIELD,Field_19,1,MOVING_TO_FIELD,Field_19,1,MOVING_TO_FIELD,Field_19,1,IDLE,,1,IDLE,,1,IDLE,,1,IDLE,,1,IDLE,,1,IDLE,,1,PROTECTING,Field_10,1,IDLE,,1,IDLE,,1,IDLE,,1,IDLE,,1,IDLE,,1,MOVING_TO_FIELD,Field_19,1,MOVING_TO_FIELD,Field_19,1,IDLE,,1,IDLE,,1,IDLE,,1,IDLE,,1,IDLE,,1,IDLE,,1,IDLE,,1,IDLE,,1,IDLE,,1,IDLE,,1,IDLE,,1,IDLE,,1,IDLE,,1,IDLE,,1,PROTECTING,Field_10,1,IDLE,,1,IDLE,,1,IDLE,,1,IDLE,,1,IDLE,,1,IDLE,,1,IDLE,,1,IDLE,,1,IDLE,,1,IDLE,,1,IDLE,,1,IDLE,,1,IDLE,,1,IDLE,,1,IDLE,,1,IDLE,,1,IDLE,,1,IDLE,,1,IDLE,,26,0.11,0,0,9,16,0.13,0,0,4,46,0.06,1,0,1,19,0.03,0,0,1,13,0.07,0,0,1,89,0.23,2,1,4,77,0.09,0,0,2,18,0.08,0,0,6,33,0.05,0,0,2,37,0.08,6,0,0,21,0.06,0,0,2,22,0.08,0,0,3,12,0.03,0,0,1,48,0.08,0,0,2,110,0.02,6,0,0,34,0.09,0,0,9,52,0.10,0,0,3,5,0.13,0,0,9,28,0.17,0,5,6,4,0.04,0,0,2,24,0.09,0,0,2,7,0.02,0,0,1,0,0.05,0,0,2,37,0.08,0,0,1,13,0.05,0,0,1,25,0.04,0,0,2,28,0.08,0,0,2,11,0.13,0,0,2,1,0.06,0,0,2,17,0.01,0,0,2,2,0.06,0,0,2,19,0.09,0,0,2,11,0.04,0,0,2,23,0.03,0,0,2,59,0.15,0,0,3,6,0.02,0,0,3,2,0.02,0,0,2,22,0.06,0,0,2,20,0.12,0,0,3,52,0.12,0,0,3
181,1093,58,0,15,0,6,0,1,IDLE,,1,IDLE,,1,MOVING_TO_FIELD,Field_6,1,PROTECTING,Field_3,1,IDLE,,1,PROTECTING,Field_15,1,IDLE,,1,PROTECTING,Field_15,1,IDLE,,1,IDLE,,1,PROTECTING,Field_15,1,PROTECTING,Field_15,1,IDLE,,1,PROTECTING,Field_10,1,IDLE,,1,PROTECTING,Field_15,1,IDLE,,1,PROTECTING,Field_15,1,IDLE,,1,IDLE,,1,IDLE,,1,IDLE,,1,PROTECTING,Field_10,1,PROTECTING,Field_10,1,PROTECTING,Field_10,1,PROTECTING,Field_6,1,PROTECTING,Field_6,1,IDLE,,1,MOVING_TO_FIELD,Field_19,1,MOVING_TO_FIELD,Field_19,1,MOVING_TO_FIELD,Field_19,1,IDLE,,1,IDLE,,1,IDLE,,1,IDLE,,1,IDLE,,1,IDLE,,1,PROTECTING,Field_10,1,IDLE,,1,IDLE,,1,IDLE,,1,IDLE,,1,IDLE,,1,MOVING_TO_FIELD,Field_19,1,MOVING_TO_FIELD,Field_19,1,IDLE,,1,IDLE,,1,IDLE,,1,IDLE,,1,IDLE,,1,IDLE,,1,IDLE,,1,IDLE,,1,IDLE,,1,IDLE,,1,IDLE,,1,IDLE,,1,IDLE,,1,IDLE,,1,PROTECTING,Field_10,1,IDLE,,1,IDLE,,1,IDLE,,1,IDLE,,1,IDLE,,1,IDLE,,1,IDLE,,1,IDLE,,1,IDLE,,1,IDLE,,1,IDLE,,1,IDLE,,1,IDLE,,1,IDLE,,1,IDLE,,1,IDLE,,1,IDLE,,1,IDLE,,1,IDLE,,26,0.12,0,0,9,16,0.14,0,0,4,46,0.06,1,0,1,19,0.03,0,0,1,14,0.07,0,0,1,89,0.23,2,1,4,77,0.09,0,0,2,18,0.08,0,0,6,33,0.07,0,0,2,37,0.08,6,0,0,21,0.07,0,0,2,22,0.08,0,0,3,12,0.03,0,0,1,48,0.07,0,0,2,110,0.02,6,0,0,34,0.11,0,0,9,52,0.11,0,0,3,5,0.14,0,0,9,28,0.17,0,5,6,4,0.04,0,0,2,24,0.09,0,0,2,7,0.03,0,0,1,0,0.05,0,0,2,37,0.10,0,0,1,13,0.05,0,0,1,25,0.04,0,0,2,28,0.08,0,0,2,12,0.13,0,0,2,1,0.03,0,0,2,17,0.01,0,0,2,2,0.06,0,0,2,19,0.10,0,0,2,11,0.04,0,0,2,23,0.03,0,0,2,60,0.15,0,0,3,6,0.02,0,0,3,2,0.02,0,0,2,22,0.06,0,0,2,20,0.11,0,0,3,53,0.12,0,0,3
182,1094,58,0,15,0,6,0,1,IDLE,,1,IDLE,,1,MOVING_TO_FIELD,Field_6,1,PROTECTING,Field_3,1,IDLE,,1,PROTECTING,Field_15,1,IDLE,,1,PROTECTING,Field_15,1,IDLE,,1,IDLE,,1,PROTECTING,Field_15,1,PROTECTING,Field_15,1,IDLE,,1,PROTECTING,Field_10,1,IDLE,,1,PROTECTING,Field_15,1,IDLE,,1,PROTECTING,Field_15,1,IDLE,,1,IDLE,,1,IDLE,,1,IDLE,,1,PROTECTING,Field_10,1,PROTECTING,Field_10,1,PROTECTING,Field_10,1,PROTECTING,Field_6,1,PROTECTING,Field_6,1,IDLE,,1,MOVING_TO_FIELD,Field_19,1,MOVING_TO_FIELD,Field_19,1,MOVING_TO_FIELD,Field_19,1,IDLE,,1,IDLE,,1,IDLE,,1,IDLE,,1,IDLE,,1,IDLE,,1,PROTECTING,Field_10,1,IDLE,,1,IDLE,,1,IDLE,,1,IDLE,,1,IDLE,,1,MOVING_TO_FIELD,Field_19,1,MOVING_TO_FIELD,Field_19,1,IDLE,,1,IDLE,,1,IDLE,,1,IDLE,,1,IDLE,,1,IDLE,,1,IDLE,,1,IDLE,,1,IDLE,,1,IDLE,,1,IDLE,,1,IDLE,,1,IDLE,,1,IDLE,,1,PROTECTING,Field_10,1,IDLE,,1,IDLE,,1,IDLE,,1,IDLE,,1,IDLE,,1,IDLE,,1,IDLE,,1,IDLE,,1,IDLE,,1,IDLE,,1,IDLE,,1,IDLE,,1,IDLE,,1,IDLE,,1,IDLE,,1,IDLE,,1,IDLE,,1,IDLE,,1,IDLE,,26,0.12,0,0,9,16,0.13,0,0,4,46,0.06,1,0,1,19,0.03,0,0,1,14,0.07,0,0,1,90,0.23,2,1,4,77,0.09,0,0,2,18,0.08,0,0,6,33,0.05,0,0,2,37,0.08,6,0,0,21,0.07,0,0,2,22,0.06,0,0,3,12,0.05,0,0,1,48,0.06,0,0,2,110,0.02,6,0,0,34,0.09,0,0,9,52,0.11,0,0,3,5,0.14,0,0,9,28,0.17,0,5,6,4,0.04,0,0,2,24,0.11,0,0,2,7,0.03,0,0,1,0,0.05,0,0,2,37,0.10,0,0,1,13,0.05,0,0,1,25,0.03,0,0,2,28,0.08,0,0,2,12,0.13,0,0,2,1,0.03,0,0,2,17,0.01,0,0,2,2,0.06,0,0,2,19,0.10,0,0,2,11,0.04,0,0,2,23,0.03,0,0,2,60,0.14,0,0,3,6,0.02,0,0,3,2,0.02,0,0,2,22,0.06,0,0,2,20,0.11,0,0,3,53,0.13,0,0,3
183,1101,58,0,15,0,6,0,1,IDLE,,1,IDLE,,1,MOVING_TO_FIELD,Field_6,1,PROTECTING,Field_3,1,IDLE,,1,PROTECTING,Field_15,1,IDLE,,1,PROTECTING,Field_15,1,IDLE,,1,IDLE,,1,PROTECTING,Field_15,1,PROTECTING,Field_15,1,IDLE,,1,PROTECTING,Field_10,1,IDLE,,1,PROTECTING,Field_15,1,IDLE,,1,PROTECTING,Field_15,1,IDLE,,1,IDLE,,1,IDLE,,1,IDLE,,1,PROTECTING,Field_10,1,PROTECTING,Field_10,1,PROTECTING,Field_10,1,PROTECTING,Field_6,1,PROTECTING,Field_6,1,IDLE,,1,MOVING_TO_FIELD,Field_19,1,MOVING_TO_FIELD,Field_19,1,MOVING_TO_FIELD,Field_19,1,IDLE,,1,IDLE,,1,IDLE,,1,IDLE,,1,IDLE,,1,IDLE,,1,PROTECTING,Field_10,1,IDLE,,1,IDLE,,1,IDLE,,1,IDLE,,1,IDLE,,1,MOVING_TO_FIELD,Field_19,1,MOVING_TO_FIELD,Field_19,1,IDLE,,1,IDLE,,1,IDLE,,1,IDLE,,1,IDLE,,1,IDLE,,1,IDLE,,1,IDLE,,1,IDLE,,1,IDLE,,1,IDLE,,1,IDLE,,1,IDLE,,1,IDLE,,1,PROTECTING,Field_10,1,IDLE,,1,IDLE,,1,IDLE,,1,IDLE,,1,IDLE,,1,IDLE,,1,IDLE,,1,IDLE,,1,IDLE,,1,IDLE,,1,IDLE,,1,IDLE,,1,IDLE,,1,IDLE,,1,IDLE,,1,IDLE,,1,IDLE,,1,IDLE,,1,IDLE,,26,0.11,0,0,9,16,0.12,0,0,4,46,0.06,1,0,1,19,0.03,0,0,1,14,0.07,0,0,1,93,0.25,2,1,4,77,0.09,0,0,2,18,0.08,0,0,6,34,0.05,0,0,2,37,0.08,6,0,0,21,0.09,0,0,2,22,0.06,0,0,3,12,0.05,0,0,1,48,0.07,0,0,2,110,0.02,6,0,0,34,0.09,0,0,9,52,0.14,0,0,3,5,0.13,0,0,9,28,0.16,0,5,6,4,0.04,0,0,2,24,0.11,0,0,2,7,0.03,0,0,1,0,0.05,0,0,2,37,0.11,0,0,1,13,0.05,0,0,1,25,0.03,0,0,2,29,0.09,0,0,2,13,0.13,0,0,2,1,0.03,0,0,2,17,0.01,0,0,2,2,0.06,0,0,2,19,0.10,0,0,2,11,0.04,0,0,2,23,0.03,0,0,2,60,0.14,0,0,3,6,0.03,0,0,3,2,0.02,0,0,2,22,0.06,0,0,2,21,0.10,0,0,3,53,0.12,0,0,3
184,1103,58,0,15,0,6,0,1,IDLE,,1,IDLE,,1,MOVING_TO_FIELD,Field_6,1,PROTECTING,Field_3,1,IDLE,,1,PROTECTING,Field_15,1,IDLE,,1,PROTECTING,Field_15,1,IDLE,,1,IDLE,,1,PROTECTING,Field_15,1,PROTECTING,Field_15,1,IDLE,,1,PROTECTING,Field_10,1,IDLE,,1,PROTECTING,Field_15,1,IDLE,,1,PROTECTING,Field_15,1,IDLE,,1,IDLE,,1,IDLE,,1,IDLE,,1,PROTECTING,Field_10,1,PROTECTING,Field_10,1,PROTECTING,Field_10,1,PROTECTING,Field_6,1,PROTECTING,Field_6,1,IDLE,,1,MOVING_TO_FIELD,Field_19,1,MOVING_TO_FIELD,Field_19,1,MOVING_TO_FIELD,Field_19,1,IDLE,,1,IDLE,,1,IDLE,,1,IDLE,,1,IDLE,,1,IDLE,,1,PROTECTING,Field_10,1,IDLE,,1,IDLE,,1,IDLE,,1,IDLE,,1,IDLE,,1,MOVING_TO_FIELD,Field_19,1,MOVING_TO_FIELD,Field_19,1,IDLE,,1,IDLE,,1,IDLE,,1,IDLE,,1,IDLE,,1,IDLE,,1,IDLE,,1,IDLE,,1,IDLE,,1,IDLE,,1,IDLE,,1,IDLE,,1,IDLE,,1,IDLE,,1,PROTECTING,Field_10,1,IDLE,,1,IDLE,,1,IDLE,,1,IDLE,,1,IDLE,,1,IDLE,,1,IDLE,,1,IDLE,,1,IDLE,,1,IDLE,,1,IDLE,,1,IDLE,,1,IDLE,,1,IDLE,,1,IDLE,,1,IDLE,,1,IDLE,,1,IDLE,,1,IDLE,,26,0.11,0,0,9,16,0.12,0,0,4,46,0.06,1,0,1,19,0.03,0,0,1,14,0.07,0,0,1,94,0.25,2,1,4,77,0.10,0,0,2,18,0.08,0,0,6,34,0.05,0,0,2,37,0.07,6,0,0,21,0.09,0,0,2,22,0.07,0,0,3,12,0.05,0,0,1,48,0.08,0,0,2,110,0.02,6,0,0,34,0.09,0,0,9,52,0.14,0,0,3,5,0.13,0,0,9,28,0.16,0,5,6,4,0.04,0,0,2,24,0.12,0,0,2,7,0.03,0,0,1,0,0.05,0,0,2,37,0.08,0,0,1,13,0.05,0,0,1,25,0.01,0,0,2,30,0.09,0,0,2,13,0.11,0,0,2,1,0.05,0,0,2,17,0.01,0,0,2,2,0.04,0,0,2,19,0.10,0,0,2,11,0.04,0,0,2,23,0.03,0,0,2,60,0.14,0,0,3,6,0.03,0,0,3,2,0.02,0,0,2,22,0.05,0,0,2,21,0.10,0,0,3,53,0.12,0,0,3
185,1104,58,0,15,0,6,0,1,IDLE,,1,IDLE,,1,MOVING_TO_FIELD,Field_6,1,PROTECTING,Field_3,1,IDLE,,1,PROTECTING,Field_15,1,IDLE,,1,PROTECTING,Field_15,1,IDLE,,1,IDLE,,1,PROTECTING,Field_15,1,PROTECTING,Field_15,1,IDLE,,1,PROTECTING,Field_10,1,IDLE,,1,PROTECTING,Field_15,1,IDLE,,1,PROTECTING,Field_15,1,IDLE,,1,IDLE,,1,IDLE,,1,IDLE,,1,PROTECTING,Field_10,1,PROTECTING,Field_10,1,PROTECTING,Field_10,1,PROTECTING,Field_6,1,PROTECTING,Field_6,1,IDLE,,1,MOVING_TO_FIELD,Field_19,1,MOVING_TO_FIELD,Field_19,1,MOVING_TO_FIELD,Field_19,1,IDLE,,1,IDLE,,1,IDLE,,1,IDLE,,1,IDLE,,1,IDLE,,1,PROTECTING,Field_10,1,IDLE,,1,IDLE,,1,IDLE,,1,IDLE,,1,IDLE,,1,MOVING_TO_FIELD,Field_19,1,MOVING_TO_FIELD,Field_19,1,IDLE,,1,IDLE,,1,IDLE,,1,IDLE,,1,IDLE,,1,IDLE,,1,IDLE,,1,IDLE,,1,IDLE,,1,IDLE,,1,IDLE,,1,IDLE,,1,IDLE,,1,IDLE,,1,PROTECTING,Field_10,1,IDLE,,1,IDLE,,1,IDLE,,1,IDLE,,1,IDLE,,1,IDLE,,1,IDLE,,1,IDLE,,1,IDLE,,1,IDLE,,1,IDLE,,1,IDLE,,1,IDLE,,1,IDLE,,1,IDLE,,1,IDLE,,1,IDLE,,1,IDLE,,1,IDLE,,26,0.13,0,0,9,16,0.12,0,0,4,46,0.06,1,0,1,19,0.05,0,0,1,14,0.07,0,0,1,94,0.25,2,1,4,77,0.08,0,0,2,18,0.10,0,0,6,34,0.05,0,0,2,37,0.06,6,0,0,21,0.09,0,0,2,22,0.07,0,0,3,12,0.05,0,0,1,48,0.08,0,0,2,110,0.02,6,0,0,34,0.09,0,0,9,52,0.13,0,0,3,5,0.10,0,0,9,28,0.16,0,5,6,4,0.04,0,0,2,24,0.12,0,0,2,7,0.03,0,0,1,0,0.03,0,0,2,37,0.07,0,0,1,13,0.05,0,0,1,25,0.01,0,0,2,31,0.09,0,0,2,13,0.11,0,0,2,1,0.03,0,0,2,17,0.03,0,0,2,2,0.02,0,0,2,19,0.10,0,0,2,11,0.02,0,0,2,23,0.03,0,0,2,60,0.14,0,0,3,6,0.03,0,0,3,2,0.02,0,0,2,22,0.04,0,0,2,21,0.09,0,0,3,53,0.12,0,0,3
186,1106,58,0,15,0,6,0,1,IDLE,,1,IDLE,,1,MOVING_TO_FIELD,Field_6,1,PROTECTING,Field_3,1,IDLE,,1,PROTECTING,Field_15,1,IDLE,,1,PROTECTING,Field_15,1,IDLE,,1,IDLE,,1,PROTECTING,Field_15,1,PROTECTING,Field_15,1,IDLE,,1,PROTECTING,Field_10,1,IDLE,,1,PROTECTING,Field_15,1,IDLE,,1,PROTECTING,Field_15,1,IDLE,,1,IDLE,,1,IDLE,,1,IDLE,,1,PROTECTING,Field_10,1,PROTECTING,Field_10,1,PROTECTING,Field_10,1,PROTECTING,Field_6,1,PROTECTING,Field_6,1,IDLE,,1,MOVING_TO_FIELD,Field_19,1,MOVING_TO_FIELD,Field_19,1,MOVING_TO_FIELD,Field_19,1,IDLE,,1,IDLE,,1,IDLE,,1,IDLE,,1,IDLE,,1,IDLE,,1,PROTECTING,Field_10,1,IDLE,,1,IDLE,,1,IDLE,,1,IDLE,,1,IDLE,,1,MOVING_TO_FIELD,Field_19,1,MOVING_TO_FIELD,Field_19,1,IDLE,,1,IDLE,,1,IDLE,,1,IDLE,,1,IDLE,,1,IDLE,,1,IDLE,,1,IDLE,,1,IDLE,,1,IDLE,,1,IDLE,,1,IDLE,,1,IDLE,,1,IDLE,,1,PROTECTING,Field_10,1,IDLE,,1,IDLE,,1,IDLE,,1,IDLE,,1,IDLE,,1,IDLE,,1,IDLE,,1,IDLE,,1,IDLE,,1,IDLE,,1,IDLE,,1,IDLE,,1,IDLE,,1,IDLE,,1,IDLE,,1,IDLE,,1,IDLE,,1,IDLE,,1,IDLE,,26,0.14,0,0,9,16,0.12,0,0,4,46,0.06,1,0,1,19,0.05,0,0,1,14,0.07,0,0,1,96,0.25,2,1,4,77,0.08,0,0,2,18,0.08,0,0,6,34,0.05,0,0,2,37,0.05,6,0,0,21,0.09,0,0,2,22,0.07,0,0,3,12,0.05,0,0,1,48,0.08,0,0,2,110,0.02,6,0,0,34,0.08,0,0,9,52,0.15,0,0,3,5,0.10,0,0,9,28,0.16,0,5,6,4,0.04,0,0,2,24,0.09,0,0,2,7,0.05,0,0,1,0,0.07,0,0,2,37,0.07,0,0,1,13,0.07,0,0,1,25,0.01,0,0,2,31,0.09,0,0,2,13,0.11,0,0,2,1,0.05,0,0,2,17,0.03,0,0,2,2,0.02,0,0,2,19,0.10,0,0,2,11,0.02,0,0,2,23,0.03,0,0,2,60,0.14,0,0,3,6,0.03,0,0,3,2,0.02,0,0,2,22,0.04,0,0,2,21,0.09,0,0,3,53,0.12,0,0,3
187,1107,58,0,15,0,6,0,1,IDLE,,1,IDLE,,1,MOVING_TO_FIELD,Field_6,1,PROTECTING,Field_3,1,IDLE,,1,PROTECTING,Field_15,1,IDLE,,1,PROTECTING,Field_15,1,IDLE,,1,IDLE,,1,PROTECTING,Field_15,1,PROTECTING,Field_15,1,IDLE,,1,PROTECTING,Field_10,1,IDLE,,1,PROTECTING,Field_15,1,IDLE,,1,PROTECTING,Field_15,1,IDLE,,1,IDLE,,1,IDLE,,1,IDLE,,1,PROTECTING,Field_10,1,PROTECTING,Field_10,1,PROTECTING,Field_10,1,PROTECTING,Field_6,1,PROTECTING,Field_6,1,IDLE,,1,MOVING_TO_FIELD,Field_19,1,MOVING_TO_FIELD,Field_19,1,MOVING_TO_FIELD,Field_19,1,IDLE,,1,IDLE,,1,IDLE,,1,IDLE,,1,IDLE,,1,IDLE,,1,PROTECTING,Field_10,1,IDLE,,1,IDLE,,1,IDLE,,1,IDLE,,1,IDLE,,1,MOVING_TO_FIELD,Field_19,1,MOVING_TO_FIELD,Field_19,1,IDLE,,1,IDLE,,1,IDLE,,1,IDLE,,1,IDLE,,1,IDLE,,1,IDLE,,1,IDLE,,1,IDLE,,1,IDLE,,1,IDLE,,1,IDLE,,1,IDLE,,1,IDLE,,1,PROTECTING,Field_10,1,IDLE,,1,IDLE,,1,IDLE,,1,IDLE,,1,IDLE,,1,IDLE,,1,IDLE,,1,IDLE,,1,IDLE,,1,IDLE,,1,IDLE,,1,IDLE,,1,IDLE,,1,IDLE,,1,IDLE,,1,IDLE,,1,IDLE,,1,IDLE,,1,IDLE,,26,0.14,0,0,9,16,0.13,0,0,4,46,0.05,1,0,1,19,0.05,0,0,1,14,0.03,0,0,1,97,0.25,2,1,4,77,0.08,0,0,2,18,0.08,0,0,6,34,0.05,0,0,2,37,0.05,6,0,0,21,0.09,0,0,2,22,0.06,0,0,3,12,0.05,0,0,1,48,0.08,0,0,2,110,0.02,6,0,0,34,0.08,0,0,9,52,0.14,0,0,3,5,0.10,0,0,9,28,0.14,0,5,6,4,0.03,0,0,2,24,0.09,0,0,2,7,0.05,0,0,1,0,0.07,0,0,2,37,0.07,0,0,1,13,0.07,0,0,1,25,0.01,0,0,2,31,0.11,0,0,2,13,0.11,0,0,2,1,0.05,0,0,2,17,0.04,0,0,2,2,0.02,0,0,2,19,0.10,0,0,2,11,0.04,0,0,2,23,0.03,0,0,2,60,0.12,0,0,3,6,0.03,0,0,3,2,0.02,0,0,2,22,0.02,0,0,2,21,0.09,0,0,3,53,0.12,0,0,3
188,1111,58,0,15,0,6,0,1,IDLE,,1,IDLE,,1,MOVING_TO_FIELD,Field_6,1,PROTECTING,Field_3,1,IDLE,,1,PROTECTING,Field_15,1,IDLE,,1,PROTECTING,Field_15,1,IDLE,,1,IDLE,,1,PROTECTING,Field_15,1,PROTECTING,Field_15,1,IDLE,,1,PROTECTING,Field_10,1,IDLE,,1,PROTECTING,Field_15,1,IDLE,,1,PROTECTING,Field_15,1,IDLE,,1,IDLE,,1,IDLE,,1,IDLE,,1,PROTECTING,Field_10,1,PROTECTING,Field_10,1,PROTECTING,Field_10,1,PROTECTING,Field_6,1,PROTECTING,Field_6,1,IDLE,,1,MOVING_TO_FIELD,Field_19,1,MOVING_TO_FIELD,Field_19,1,MOVING_TO_FIELD,Field_19,1,IDLE,,1,IDLE,,1,IDLE,,1,IDLE,,1,IDLE,,1,IDLE,,1,PROTECTING,Field_10,1,IDLE,,1,IDLE,,1,IDLE,,1,IDLE,,1,IDLE,,1,MOVING_TO_FIELD,Field_19,1,MOVING_TO_FIELD,Field_19,1,IDLE,,1,IDLE,,1,IDLE,,1,IDLE,,1,IDLE,,1,IDLE,,1,IDLE,,1,IDLE,,1,IDLE,,1,IDLE,,1,IDLE,,1,IDLE,,1,IDLE,,1,IDLE,,1,PROTECTING,Field_10,1,IDLE,,1,IDLE,,1,IDLE,,1,IDLE,,1,IDLE,,1,IDLE,,1,IDLE,,1,IDLE,,1,IDLE,,1,IDLE,,1,IDLE,,1,IDLE,,1,IDLE,,1,IDLE,,1,IDLE,,1,IDLE,,1,IDLE,,1,IDLE,,1,IDLE,,26,0.14,0,0,9,16,0.13,0,0,4,46,0.05,1,0,1,19,0.05,0,0,1,14,0.03,0,0,1,101,0.25,2,1,4,77,0.08,0,0,2,18,0.08,0,0,6,34,0.05,0,0,2,37,0.05,6,0,0,21,0.10,0,0,2,22,0.06,0,0,3,12,0.05,0,0,1,48,0.08,0,0,2,110,0.02,6,0,0,34,0.08,0,0,9,52,0.15,0,0,3,5,0.10,0,0,9,28,0.14,0,5,6,4,0.03,0,0,2,24,0.09,0,0,2,7,0.05,0,0,1,0,0.08,0,0,2,37,0.07,0,0,1,13,0.05,0,0,1,25,0.03,0,0,2,31,0.13,0,0,2,13,0.11,0,0,2,1,0.05,0,0,2,17,0.04,0,0,2,2,0.02,0,0,2,19,0.12,0,0,2,11,0.04,0,0,2,23,0.03,0,0,2,60,0.11,0,0,3,6,0.03,0,0,3,2,0.02,0,0,2,22,0.04,0,0,2,21,0.07,0,0,3,53,0.13,0,0,3
189,1115,58,0,15,0,6,0,1,IDLE,,1,IDLE,,1,MOVING_TO_FIELD,Field_6,1,PROTECTING,Field_3,1,IDLE,,1,PROTECTING,Field_15,1,IDLE,,1,PROTECTING,Field_15,1,IDLE,,1,IDLE,,1,PROTECTING,Field_15,1,PROTECTING,Field_15,1,IDLE,,1,PROTECTING,Field_10,1,IDLE,,1,PROTECTING,Field_15,1,IDLE,,1,PROTECTING,Field_15,1,IDLE,,1,IDLE,,1,IDLE,,1,IDLE,,1,PROTECTING,Field_10,1,PROTECTING,Field_10,1,PROTECTING,Field_10,1,PROTECTING,Field_6,1,PROTECTING,Field_6,1,IDLE,,1,MOVING_TO_FIELD,Field_19,1,MOVING_TO_FIELD,Field_19,1,MOVING_TO_FIELD,Field_19,1,IDLE,,1,IDLE,,1,IDLE,,1,IDLE,,1,IDLE,,1,IDLE,,1,PROTECTING,Field_10,1,IDLE,,1,IDLE,,1,IDLE,,1,IDLE,,1,IDLE,,1,MOVING_TO_FIELD,Field_19,1,MOVING_TO_FIELD,Field_19,1,IDLE,,1,IDLE,,1,IDLE,,1,IDLE,,1,IDLE,,1,IDLE,,1,IDLE,,1,IDLE,,1,IDLE,,1,IDLE,,1,IDLE,,1,IDLE,,1,IDLE,,1,IDLE,,1,PROTECTING,Field_10,1,IDLE,,1,IDLE,,1,IDLE,,1,IDLE,,1,IDLE,,1,IDLE,,1,IDLE,,1,IDLE,,1,IDLE,,1,IDLE,,1,IDLE,,1,IDLE,,1,IDLE,,1,IDLE,,1,IDLE,,1,IDLE,,1,IDLE,,1,IDLE,,1,IDLE,,26,0.14,0,0,9,16,0.12,0,0,4,46,0.05,1,0,1,19,0.05,0,0,1,14,0.05,0,0,1,102,0.26,2,1,4,77,0.06,0,0,2,18,0.08,0,0,6,34,0.07,0,0,2,37,0.06,6,0,0,21,0.10,0,0,2,22,0.05,0,0,3,12,0.03,0,0,1,49,0.09,0,0,2,110,0.02,6,0,0,34,0.08,0,0,9,52,0.15,0,0,3,5,0.10,0,0,9,29,0.14,0,5,6,4,0.03,0,0,2,24,0.09,0,0,2,7,0.05,0,0,1,0,0.08,0,0,2,37,0.07,0,0,1,13,0.04,0,0,1,25,0.03,0,0,2,31,0.11,0,0,2,13,0.11,0,0,2,1,0.05,0,0,2,17,0.03,0,0,2,2,0.02,0,0,2,19,0.12,0,0,2,11,0.04,0,0,2,23,0.03,0,0,2,61,0.11,0,0,3,6,0.03,0,0,3,2,0.02,0,0,2,22,0.02,0,0,2,21,0.08,0,0,3,53,0.12,0,0,3
190,1119,58,0,15,0,6,0,1,IDLE,,1,IDLE,,1,MOVING_TO_FIELD,Field_6,1,PROTECTING,Field_3,1,IDLE,,1,PROTECTING,Field_15,1,IDLE,,1,PROTECTING,Field_15,1,IDLE,,1,IDLE,,1,PROTECTING,Field_15,1,PROTECTING,Field_15,1,IDLE,,1,PROTECTING,Field_10,1,IDLE,,1,PROTECTING,Field_15,1,IDLE,,1,PROTECTING,Field_15,1,IDLE,,1,IDLE,,1,IDLE,,1,IDLE,,1,PROTECTING,Field_10,1,PROTECTING,Field_10,1,PROTECTING,Field_10,1,PROTECTING,Field_6,1,PROTECTING,Field_6,1,IDLE,,1,MOVING_TO_FIELD,Field_19,1,MOVING_TO_FIELD,Field_19,1,MOVING_TO_FIELD,Field_19,1,IDLE,,1,IDLE,,1,IDLE,,1,IDLE,,1,IDLE,,1,IDLE,,1,PROTECTING,Field_10,1,IDLE,,1,IDLE,,1,IDLE,,1,IDLE,,1,IDLE,,1,MOVING_TO_FIELD,Field_19,1,MOVING_TO_FIELD,Field_19,1,IDLE,,1,IDLE,,1,IDLE,,1,IDLE,,1,IDLE,,1,IDLE,,1,IDLE,,1,IDLE,,1,IDLE,,1,IDLE,,1,IDLE,,1,IDLE,,1,IDLE,,1,IDLE,,1,PROTECTING,Field_10,1,IDLE,,1,IDLE,,1,IDLE,,1,IDLE,,1,IDLE,,1,IDLE,,1,IDLE,,1,IDLE,,1,IDLE,,1,IDLE,,1,IDLE,,1,IDLE,,1,IDLE,,1,IDLE,,1,IDLE,,1,IDLE,,1,IDLE,,1,IDLE,,1,IDLE,,26,0.15,0,0,9,16,0.12,0,0,4,47,0.05,1,0,1,19,0.05,0,0,1,14,0.05,0,0,1,102,0.26,2,1,4,77,0.06,0,0,2,18,0.09,0,0,6,34,0.07,0,0,2,37,0.05,6,0,0,21,0.10,0,0,2,22,0.04,0,0,3,12,0.05,0,0,1,49,0.09,0,0,2,110,0.02,6,0,0,34,0.08,0,0,9,52,0.15,0,0,3,5,0.10,0,0,9,29,0.13,0,5,6,4,0.03,0,0,2,24,0.09,0,0,2,7,0.05,0,0,1,0,0.08,0,0,2,39,0.07,0,0,1,13,0.04,0,0,1,25,0.03,0,0,2,31,0.11,0,0,2,13,0.11,0,0,2,1,0.05,0,0,2,17,0.03,0,0,2,2,0.02,0,0,2,20,0.10,0,0,2,11,0.04,0,0,2,23,0.03,0,0,2,61,0.10,0,0,3,6,0.02,0,0,3,2,0.02,0,0,2,22,0.04,0,0,2,21,0.08,0,0,3,53,0.11,0,0,3
191,1123,58,0,15,0,6,0,1,IDLE,,1,IDLE,,1,MOVING_TO_FIELD,Field_6,1,PROTECTING,Field_3,1,IDLE,,1,PROTECTING,Field_15,1,IDLE,,1,PROTECTING,Field_15,1,IDLE,,1,IDLE,,1,PROTECTING,Field_15,1,PROTECTING,Field_15,1,IDLE,,1,PROTECTING,Field_10,1,IDLE,,1,PROTECTING,Field_15,1,IDLE,,1,PROTECTING,Field_15,1,IDLE,,1,IDLE,,1,IDLE,,1,IDLE,,1,PROTECTING,Field_10,1,PROTECTING,Field_10,1,PROTECTING,Field_10,1,PROTECTING,Field_6,1,PROTECTING,Field_6,1,IDLE,,1,MOVING_TO_FIELD,Field_19,1,MOVING_TO_FIELD,Field_19,1,MOVING_TO_FIELD,Field_19,1,IDLE,,1,IDLE,,1,IDLE,,1,IDLE,,1,IDLE,,1,IDLE,,1,PROTECTING,Field_10,1,IDLE,,1,IDLE,,1,IDLE,,1,IDLE,,1,IDLE,,1,MOVING_TO_FIELD,Field_19,1,MOVING_TO_FIELD,Field_19,1,IDLE,,1,IDLE,,1,IDLE,,1,IDLE,,1,IDLE,,1,IDLE,,1,IDLE,,1,IDLE,,1,IDLE,,1,IDLE,,1,IDLE,,1,IDLE,,1,IDLE,,1,IDLE,,1,PROTECTING,Field_10,1,IDLE,,1,IDLE,,1,IDLE,,1,IDLE,,1,IDLE,,1,IDLE,,1,IDLE,,1,IDLE,,1,IDLE,,1,IDLE,,1,IDLE,,1,IDLE,,1,IDLE,,1,IDLE,,1,IDLE,,1,IDLE,,1,IDLE,,1,IDLE,,1,IDLE,,26,0.15,0,0,9,16,0.12,0,0,4,47,0.04,1,0,1,19,0.05,0,0,1,14,0.05,0,0,1,105,0.27,2,1,4,77,0.06,0,0,2,18,0.09,0,0,6,34,0.08,0,0,2,37,0.04,6,0,0,22,0.10,0,0,2,22,0.04,0,0,3,12,0.05,0,0,1,49,0.09,0,0,2,110,0.02,6,0,0,34,0.08,0,0,9,52,0.17,0,0,3,5,0.09,0,0,9,29,0.12,0,5,6,4,0.05,0,0,2,24,0.09,0,0,2,7,0.05,0,0,1,0,0.08,0,0,2,39,0.07,0,0,1,13,0.04,0,0,1,25,0.03,0,0,2,31,0.11,0,0,2,13,0.09,0,0,2,1,0.05,0,0,2,17,0.04,0,0,2,2,0.02,0,0,2,20,0.10,0,0,2,11,0.04,0,0,2,23,0.05,0,0,2,61,0.10,0,0,3,6,0.02,0,0,3,2,0.02,0,0,2,22,0.04,0,0,2,21,0.09,0,0,3,53,0.08,0,0,3
192,1128,58,0,15,0,6,0,1,IDLE,,1,IDLE,,1,MOVING_TO_FIELD,Field_6,1,PROTECTING,Field_3,1,IDLE,,1,PROTECTING,Field_15,1,IDLE,,1,PROTECTING,Field_15,1,IDLE,,1,IDLE,,1,PROTECTING,Field_15,1,PROTECTING,Field_15,1,IDLE,,1,PROTECTING,Field_10,1,IDLE,,1,PROTECTING,Field_15,1,IDLE,,1,PROTECTING,Field_15,1,IDLE,,1,IDLE,,1,IDLE,,1,IDLE,,1,PROTECTING,Field_10,1,PROTECTING,Field_10,1,PROTECTING,Field_10,1,PROTECTING,Field_6,1,PROTECTING,Field_6,1,IDLE,,1,MOVING_TO_FIELD,Field_19,1,MOVING_TO_FIELD,Field_19,1,MOVING_TO_FIELD,Field_19,1,IDLE,,1,IDLE,,1,IDLE,,1,IDLE,,1,IDLE,,1,IDLE,,1,PROTECTING,Field_10,1,IDLE,,1,IDLE,,1,IDLE,,1,IDLE,,1,IDLE,,1,MOVING_TO_FIELD,Field_19,1,MOVING_TO_FIELD,Field_19,1,IDLE,,1,IDLE,,1,IDLE,,1,IDLE,,1,IDLE,,1,IDLE,,1,IDLE,,1,IDLE,,1,IDLE,,1,IDLE,,1,IDLE,,1,IDLE,,1,IDLE,,1,IDLE,,1,PROTECTING,Field_10,1,IDLE,,1,IDLE,,1,IDLE,,1,IDLE,,1,IDLE,,1,IDLE,,1,IDLE,,1,IDLE,,1,IDLE,,1,IDLE,,1,IDLE,,1,IDLE,,1,IDLE,,1,IDLE,,1,IDLE,,1,IDLE,,1,IDLE,,1,IDLE,,1,IDLE,,26,0.16,0,0,9,16,0.13,0,0,4,47,0.04,1,0,1,19,0.05,0,0,1,14,0.05,0,0,1,108,0.27,2,1,4,77,0.06,0,0,2,18,0.09,0,0,6,34,0.07,0,0,2,37,0.04,6,0,0,22,0.10,0,0,2,22,0.04,0,0,3,12,0.05,0,0,1,49,0.09,0,0,2,110,0.02,6,0,0,34,0.08,0,0,9,52,0.17,0,0,3,5,0.09,0,0,9,29,0.13,0,5,6,4,0.05,0,0,2,24,0.09,0,0,2,7,0.07,0,0,1,0,0.05,0,0,2,39,0.07,0,0,1,13,0.04,0,0,1,25,0.03,0,0,2,31,0.11,0,0,2,13,0.09,0,0,2,2,0.05,0,0,2,17,0.01,0,0,2,2,0.02,0,0,2,20,0.10,0,0,2,11,0.04,0,0,2,23,0.07,0,0,2,62,0.10,0,0,3,6,0.02,0,0,3,2,0.02,0,0,2,22,0.05,0,0,2,21,0.09,0,0,3,53,0.08,0,0,3
193,1133,58,0,15,0,6,0,1,IDLE,,1,IDLE,,1,MOVING_TO_FIELD,Field_6,1,PROTECTING,Field_3,1,IDLE,,1,PROTECTING,Field_15,1,IDLE,,1,PROTECTING,Field_15,1,IDLE,,1,IDLE,,1,PROTECTING,Field_15,1,PROTECTING,Field_15,1,IDLE,,1,PROTECTING,Field_10,1,IDLE,,1,PROTECTING,Field_15,1,IDLE,,1,PROTECTING,Field_15,1,IDLE,,1,IDLE,,1,IDLE,,1,IDLE,,1,PROTECTING,Field_10,1,PROTECTING,Field_10,1,PROTECTING,Field_10,1,PROTECTING,Field_6,1,PROTECTING,Field_6,1,IDLE,,1,MOVING_TO_FIELD,Field_19,1,MOVING_TO_FIELD,Field_19,1,MOVING_TO_FIELD,Field_19,1,IDLE,,1,IDLE,,1,IDLE,,1,IDLE,,1,IDLE,,1,IDLE,,1,PROTECTING,Field_10,1,IDLE,,1,IDLE,,1,IDLE,,1,IDLE,,1,IDLE,,1,MOVING_TO_FIELD,Field_19,1,MOVING_TO_FIELD,Field_19,1,IDLE,,1,IDLE,,1,IDLE,,1,IDLE,,1,IDLE,,1,IDLE,,1,IDLE,,1,IDLE,,1,IDLE,,1,IDLE,,1,IDLE,,1,IDLE,,1,IDLE,,1,IDLE,,1,PROTECTING,Field_10,1,IDLE,,1,IDLE,,1,IDLE,,1,IDLE,,1,IDLE,,1,IDLE,,1,IDLE,,1,IDLE,,1,IDLE,,1,IDLE,,1,IDLE,,1,IDLE,,1,IDLE,,1,IDLE,,1,IDLE,,1,IDLE,,1,IDLE,,1,IDLE,,1,IDLE,,26,0.17,0,0,9,16,0.13,0,0,4,47,0.05,1,0,1,19,0.05,0,0,1,14,0.05,0,0,1,110,0.27,2,1,4,77,0.06,0,0,2,18,0.09,0,0,6,34,0.07,0,0,2,37,0.04,6,0,0,24,0.10,0,0,2,22,0.04,0,0,3,12,0.05,0,0,1,49,0.10,0,0,2,110,0.02,6,0,0,34,0.08,0,0,9,52,0.17,0,0,3,5,0.08,0,0,9,29,0.12,0,5,6,4,0.04,0,0,2,24,0.09,0,0,2,7,0.05,0,0,1,0,0.05,0,0,2,40,0.10,0,0,1,13,0.04,0,0,1,25,0.03,0,0,2,31,0.11,0,0,2,13,0.07,0,0,2,2,0.05,0,0,2,17,0.01,0,0,2,2,0.02,0,0,2,20,0.10,0,0,2,11,0.05,0,0,2,23,0.08,0,0,2,62,0.10,0,0,3,6,0.02,0,0,3,2,0.01,0,0,2,22,0.07,0,0,2,21,0.09,0,0,3,53,0.08,0,0,3
194,1136,58,0,15,0,6,0,1,IDLE,,1,IDLE,,1,MOVING_TO_FIELD,Field_6,1,PROTECTING,Field_3,1,IDLE,,1,PROTECTING,Field_15,1,IDLE,,1,PROTECTING,Field_15,1,IDLE,,1,IDLE,,1,PROTECTING,Field_15,1,PROTECTING,Field_15,1,IDLE,,1,PROTECTING,Field_10,1,IDLE,,1,PROTECTING,Field_15,1,IDLE,,1,PROTECTING,Field_15,1,IDLE,,1,IDLE,,1,IDLE,,1,IDLE,,1,PROTECTING,Field_10,1,PROTECTING,Field_10,1,PROTECTING,Field_10,1,PROTECTING,Field_6,1,PROTECTING,Field_6,1,IDLE,,1,MOVING_TO_FIELD,Field_19,1,MOVING_TO_FIELD,Field_19,1,MOVING_TO_FIELD,Field_19,1,IDLE,,1,IDLE,,1,IDLE,,1,IDLE,,1,IDLE,,1,IDLE,,1,PROTECTING,Field_10,1,IDLE,,1,IDLE,,1,IDLE,,1,IDLE,,1,IDLE,,1,MOVING_TO_FIELD,Field_19,1,MOVING_TO_FIELD,Field_19,1,IDLE,,1,IDLE,,1,IDLE,,1,IDLE,,1,IDLE,,1,IDLE,,1,IDLE,,1,IDLE,,1,IDLE,,1,IDLE,,1,IDLE,,1,IDLE,,1,IDLE,,1,IDLE,,1,PROTECTING,Field_10,1,IDLE,,1,IDLE,,1,IDLE,,1,IDLE,,1,IDLE,,1,IDLE,,1,IDLE,,1,IDLE,,1,IDLE,,1,IDLE,,1,IDLE,,1,IDLE,,1,IDLE,,1,IDLE,,1,IDLE,,1,IDLE,,1,IDLE,,1,IDLE,,1,IDLE,,26,0.17,0,0,9,16,0.14,0,0,4,47,0.05,1,0,1,19,0.03,0,0,1,14,0.05,0,0,1,111,0.27,2,1,4,78,0.06,0,0,2,18,0.09,0,0,6,34,0.05,0,0,2,37,0.04,6,0,0,24,0.09,0,0,2,22,0.04,0,0,3,12,0.06,0,0,1,49,0.12,0,0,2,110,0.02,6,0,0,34,0.11,0,0,9,53,0.19,0,0,3,5,0.08,0,0,9,29,0.12,0,5,6,4,0.05,0,0,2,24,0.09,0,0,2,7,0.05,0,0,1,0,0.05,0,0,2,40,0.08,0,0,1,13,0.05,0,0,1,25,0.03,0,0,2,31,0.11,0,0,2,13,0.07,0,0,2,2,0.05,0,0,2,17,0.01,0,0,2,2,0.00,0,0,2,20,0.09,0,0,2,11,0.05,0,0,2,23,0.10,0,0,2,62,0.10,0,0,3,6,0.02,0,0,3,2,0.02,0,0,2,22,0.07,0,0,2,21,0.10,0,0,3,53,0.08,0,0,3
195,1139,58,0,15,0,6,0,1,IDLE,,1,IDLE,,1,MOVING_TO_FIELD,Field_6,1,PROTECTING,Field_3,1,IDLE,,1,PROTECTING,Field_15,1,IDLE,,1,PROTECTING,Field_15,1,IDLE,,1,IDLE,,1,PROTECTING,Field_15,1,PROTECTING,Field_15,1,IDLE,,1,PROTECTING,Field_10,1,IDLE,,1,PROTECTING,Field_15,1,IDLE,,1,PROTECTING,Field_15,1,IDLE,,1,IDLE,,1,IDLE,,1,IDLE,,1,PROTECTING,Field_10,1,PROTECTING,Field_10,1,PROTECTING,Field_10,1,PROTECTING,Field_6,1,PROTECTING,Field_6,1,IDLE,,1,MOVING_TO_FIELD,Field_19,1,MOVING_TO_FIELD,Field_19,1,MOVING_TO_FIELD,Field_19,1,IDLE,,1,IDLE,,1,IDLE,,1,IDLE,,1,IDLE,,1,IDLE,,1,PROTECTING,Field_10,1,IDLE,,1,IDLE,,1,IDLE,,1,IDLE,,1,IDLE,,1,MOVING_TO_FIELD,Field_19,1,MOVING_TO_FIELD,Field_19,1,IDLE,,1,IDLE,,1,IDLE,,1,IDLE,,1,IDLE,,1,IDLE,,1,IDLE,,1,IDLE,,1,IDLE,,1,IDLE,,1,IDLE,,1,IDLE,,1,IDLE,,1,IDLE,,1,PROTECTING,Field_10,1,IDLE,,1,IDLE,,1,IDLE,,1,IDLE,,1,IDLE,,1,IDLE,,1,IDLE,,1,IDLE,,1,IDLE,,1,IDLE,,1,IDLE,,1,IDLE,,1,IDLE,,1,IDLE,,1,IDLE,,1,IDLE,,1,IDLE,,1,IDLE,,1,IDLE,,26,0.16,0,0,9,16,0.13,0,0,4,47,0.04,1,0,1,19,0.03,0,0,1,14,0.05,0,0,1,113,0.27,2,1,4,78,0.06,0,0,2,18,0.10,0,0,6,34,0.05,0,0,2,37,0.04,6,0,0,24,0.09,0,0,2,22,0.05,0,0,3,12,0.06,0,0,1,49,0.10,0,0,2,110,0.02,6,0,0,34,0.11,0,0,9,54,0.19,0,0,3,5,0.08,0,0,9,29,0.11,0,5,6,4,0.07,0,0,2,24,0.09,0,0,2,7,0.05,0,0,1,0,0.03,0,0,2,40,0.08,0,0,1,13,0.05,0,0,1,25,0.03,0,0,2,31,0.10,0,0,2,13,0.07,0,0,2,2,0.05,0,0,2,17,0.01,0,0,2,2,0.00,0,0,2,20,0.09,0,0,2,11,0.07,0,0,2,23,0.10,0,0,2,62,0.08,0,0,3,6,0.02,0,0,3,2,0.02,0,0,2,22,0.07,0,0,2,21,0.10,0,0,3,53,0.08,0,0,3
196,1146,58,0,15,0,6,0,1,IDLE,,1,IDLE,,1,MOVING_TO_FIELD,Field_6,1,PROTECTING,Field_3,1,IDLE,,1,PROTECTING,Field_15,1,IDLE,,1,PROTECTING,Field_15,1,IDLE,,1,IDLE,,1,PROTECTING,Field_15,1,PROTECTING,Field_15,1,IDLE,,1,PROTECTING,Field_10,1,IDLE,,1,PROTECTING,Field_15,1,IDLE,,1,PROTECTING,Field_15,1,IDLE,,1,IDLE,,1,IDLE,,1,IDLE,,1,PROTECTING,Field_10,1,PROTECTING,Field_10,1,PROTECTING,Field_10,1,PROTECTING,Field_6,1,PROTECTING,Field_6,1,IDLE,,1,MOVING_TO_FIELD,Field_19,1,MOVING_TO_FIELD,Field_19,1,MOVING_TO_FIELD,Field_19,1,IDLE,,1,IDLE,,1,IDLE,,1,IDLE,,1,IDLE,,1,IDLE,,1,PROTECTING,Field_10,1,IDLE,,1,IDLE,,1,IDLE,,1,IDLE,,1,IDLE,,1,MOVING_TO_FIELD,Field_19,1,MOVING_TO_FIELD,Field_19,1,IDLE,,1,IDLE,,1,IDLE,,1,IDLE,,1,IDLE,,1,IDLE,,1,IDLE,,1,IDLE,,1,IDLE,,1,IDLE,,1,IDLE,,1,IDLE,,1,IDLE,,1,IDLE,,1,PROTECTING,Field_10,1,IDLE,,1,IDLE,,1,IDLE,,1,IDLE,,1,IDLE,,1,IDLE,,1,IDLE,,1,IDLE,,1,IDLE,,1,IDLE,,1,IDLE,,1,IDLE,,1,IDLE,,1,IDLE,,1,IDLE,,1,IDLE,,1,IDLE,,1,IDLE,,1,IDLE,,26,0.16,0,0,9,16,0.13,0,0,4,47,0.04,1,0,1,19,0.03,0,0,1,14,0.07,0,0,1,116,0.27,2,1,4,78,0.08,0,0,2,18,0.10,0,0,6,34,0.05,0,0,2,37,0.03,6,0,0,25,0.09,0,0,2,22,0.04,0,0,3,12,0.06,0,0,1,49,0.10,0,0,2,110,0.02,6,0,0,34,0.11,0,0,9,55,0.20,0,0,3,5,0.08,0,0,9,29,0.11,0,5,6,4,0.07,0,0,2,24,0.09,0,0,2,7,0.05,0,0,1,0,0.03,0,0,2,41,0.08,0,0,1,13,0.04,0,0,1,25,0.03,0,0,2,31,0.12,0,0,2,13,0.07,0,0,2,2,0.05,0,0,2,17,0.01,0,0,2,2,0.00,0,0,2,20,0.09,0,0,2,11,0.09,0,0,2,23,0.10,0,0,2,62,0.08,0,0,3,6,0.02,0,0,3,2,0.02,0,0,2,22,0.06,0,0,2,22,0.10,0,0,3,53,0.09,0,0,3
197,1149,58,0,15,0,6,0,1,IDLE,,1,IDLE,,1,MOVING_TO_FIELD,Field_6,1,PROTECTING,Field_3,1,IDLE,,1,PROTECTING,Field_15,1,IDLE,,1,PROTECTING,Field_15,1,IDLE,,1,IDLE,,1,PROTECTING,Field_15,1,PROTECTING,Field_15,1,IDLE,,1,PROTECTING,Field_10,1,IDLE,,1,PROTECTING,Field_15,1,IDLE,,1,PROTECTING,Field_15,1,IDLE,,1,IDLE,,1,IDLE,,1,IDLE,,1,PROTECTING,Field_10,1,PROTECTING,Field_10,1,PROTECTING,Field_10,1,PROTECTING,Field_6,1,PROTECTING,Field_6,1,IDLE,,1,MOVING_TO_FIELD,Field_19,1,MOVING_TO_FIELD,Field_19,1,MOVING_TO_FIELD,Field_19,1,IDLE,,1,IDLE,,1,IDLE,,1,IDLE,,1,IDLE,,1,IDLE,,1,PROTECTING,Field_10,1,IDLE,,1,IDLE,,1,IDLE,,1,IDLE,,1,IDLE,,1,MOVING_TO_FIELD,Field_19,1,MOVING_TO_FIELD,Field_19,1,IDLE,,1,IDLE,,1,IDLE,,1,IDLE,,1,IDLE,,1,IDLE,,1,IDLE,,1,IDLE,,1,IDLE,,1,IDLE,,1,IDLE,,1,IDLE,,1,IDLE,,1,IDLE,,1,PROTECTING,Field_10,1,IDLE,,1,IDLE,,1,IDLE,,1,IDLE,,1,IDLE,,1,IDLE,,1,IDLE,,1,IDLE,,1,IDLE,,1,IDLE,,1,IDLE,,1,IDLE,,1,IDLE,,1,IDLE,,1,IDLE,,1,IDLE,,1,IDLE,,1,IDLE,,1,IDLE,,26,0.16,0,0,9,17,0.13,0,0,4,47,0.04,1,0,1,19,0.05,0,0,1,14,0.07,0,0,1,116,0.27,2,1,4,78,0.08,0,0,2,18,0.10,0,0,6,34,0.07,0,0,2,37,0.03,6,0,0,25,0.07,0,0,2,22,0.04,0,0,3,12,0.05,0,0,1,49,0.08,0,0,2,110,0.02,6,0,0,34,0.11,0,0,9,55,0.20,0,0,3,5,0.08,0,0,9,29,0.12,0,5,6,4,0.08,0,0,2,25,0.09,0,0,2,7,0.05,0,0,1,0,0.03,0,0,2,41,0.08,0,0,1,13,0.04,0,0,1,25,0.04,0,0,2,32,0.11,0,0,2,13,0.07,0,0,2,2,0.05,0,0,2,17,0.00,0,0,2,2,0.00,0,0,2,20,0.09,0,0,2,11,0.11,0,0,2,23,0.10,0,0,2,62,0.08,0,0,3,6,0.02,0,0,3,2,0.02,0,0,2,22,0.06,0,0,2,22,0.10,0,0,3,53,0.09,0,0,3
198,1152,58,0,15,0,6,0,1,IDLE,,1,IDLE,,1,MOVING_TO_FIELD,Field_6,1,PROTECTING,Field_3,1,IDLE,,1,PROTECTING,Field_15,1,IDLE,,1,PROTECTING,Field_15,1,IDLE,,1,IDLE,,1,PROTECTING,Field_15,1,PROTECTING,Field_15,1,IDLE,,1,PROTECTING,Field_10,1,IDLE,,1,PROTECTING,Field_15,1,IDLE,,1,PROTECTING,Field_15,1,IDLE,,1,IDLE,,1,IDLE,,1,IDLE,,1,PROTECTING,Field_10,1,PROTECTING,Field_10,1,PROTECTING,Field_10,1,PROTECTING,Field_6,1,PROTECTING,Field_6,1,IDLE,,1,MOVING_TO_FIELD,Field_19,1,MOVING_TO_FIELD,Field_19,1,MOVING_TO_FIELD,Field_19,1,IDLE,,1,IDLE,,1,IDLE,,1,IDLE,,1,IDLE,,1,IDLE,,1,PROTECTING,Field_10,1,IDLE,,1,IDLE,,1,IDLE,,1,IDLE,,1,IDLE,,1,MOVING_TO_FIELD,Field_19,1,MOVING_TO_FIELD,Field_19,1,IDLE,,1,IDLE,,1,IDLE,,1,IDLE,,1,IDLE,,1,IDLE,,1,IDLE,,1,IDLE,,1,IDLE,,1,IDLE,,1,IDLE,,1,IDLE,,1,IDLE,,1,IDLE,,1,PROTECTING,Field_10,1,IDLE,,1,IDLE,,1,IDLE,,1,IDLE,,1,IDLE,,1,IDLE,,1,IDLE,,1,IDLE,,1,IDLE,,1,IDLE,,1,IDLE,,1,IDLE,,1,IDLE,,1,IDLE,,1,IDLE,,1,IDLE,,1,IDLE,,1,IDLE,,1,IDLE,,26,0.16,0,0,9,17,0.13,0,0,4,47,0.04,1,0,1,19,0.05,0,0,1,14,0.07,0,0,1,119,0.27,2,1,4,78,0.08,0,0,2,18,0.10,0,0,6,34,0.07,0,0,2,37,0.03,6,0,0,25,0.07,0,0,2,22,0.06,0,0,3,12,0.06,0,0,1,49,0.07,0,0,2,110,0.02,6,0,0,34,0.11,0,0,9,55,0.17,0,0,3,5,0.09,0,0,9,29,0.12,0,5,6,4,0.08,0,0,2,25,0.09,0,0,2,7,0.05,0,0,1,0,0.02,0,0,2,41,0.10,0,0,1,13,0.04,0,0,1,25,0.03,0,0,2,32,0.11,0,0,2,13,0.07,0,0,2,2,0.08,0,0,2,17,0.00,0,0,2,2,0.00,0,0,2,20,0.09,0,0,2,11,0.11,0,0,2,23,0.10,0,0,2,62,0.07,0,0,3,6,0.03,0,0,3,2,0.01,0,0,2,22,0.05,0,0,2,22,0.11,0,0,3,53,0.08,0,0,3
199,1154,58,0,15,0,6,0,1,IDLE,,1,IDLE,,1,MOVING_TO_FIELD,Field_6,1,PROTECTING,Field_3,1,IDLE,,1,PROTECTING,Field_15,1,IDLE,,1,PROTECTING,Field_15,1,IDLE,,1,IDLE,,1,PROTECTING,Field_15,1,PROTECTING,Field_15,1,IDLE,,1,PROTECTING,Field_10,1,IDLE,,1,PROTECTING,Field_15,1,IDLE,,1,PROTECTING,Field_15,1,IDLE,,1,IDLE,,1,IDLE,,1,IDLE,,1,PROTECTING,Field_10,1,PROTECTING,Field_10,1,PROTECTING,Field_10,1,PROTECTING,Field_6,1,PROTECTING,Field_6,1,IDLE,,1,MOVING_TO_FIELD,Field_19,1,MOVING_TO_FIELD,Field_19,1,MOVING_TO_FIELD,Field_19,1,IDLE,,1,IDLE,,1,IDLE,,1,IDLE,,1,IDLE,,1,IDLE,,1,PROTECTING,Field_10,1,IDLE,,1,IDLE,,1,IDLE,,1,IDLE,,1,IDLE,,1,MOVING_TO_FIELD,Field_19,1,MOVING_TO_FIELD,Field_19,1,IDLE,,1,IDLE,,1,IDLE,,1,IDLE,,1,IDLE,,1,IDLE,,1,IDLE,,1,IDLE,,1,IDLE,,1,IDLE,,1,IDLE,,1,IDLE,,1,IDLE,,1,IDLE,,1,PROTECTING,Field_10,1,IDLE,,1,IDLE,,1,IDLE,,1,IDLE,,1,IDLE,,1,IDLE,,1,IDLE,,1,IDLE,,1,IDLE,,1,IDLE,,1,IDLE,,1,IDLE,,1,IDLE,,1,IDLE,,1,IDLE,,1,IDLE,,1,IDLE,,1,IDLE,,1,IDLE,,26,0.16,0,0,9,17,0.13,0,0,4,47,0.04,1,0,1,19,0.05,0,0,1,14,0.07,0,0,1,119,0.28,2,1,4,78,0.09,0,0,2,18,0.09,0,0,6,34,0.07,0,0,2,37,0.03,6,0,0,25,0.09,0,0,2,22,0.05,0,0,3,13,0.06,0,0,1,49,0.07,0,0,2,110,0.02,6,0,0,34,0.11,0,0,9,55,0.17,0,0,3,5,0.08,0,0,9,29,0.12,0,5,6,4,0.07,0,0,2,25,0.09,0,0,2,7,0.07,0,0,1,0,0.02,0,0,2,41,0.10,0,0,1,13,0.04,0,0,1,25,0.03,0,0,2,32,0.10,0,0,2,13,0.11,0,0,2,2,0.06,0,0,2,17,0.00,0,0,2,2,0.00,0,0,2,20,0.09,0,0,2,11,0.11,0,0,2,23,0.10,0,0,2,62,0.06,0,0,3,6,0.05,0,0,3,2,0.00,0,0,2,22,0.04,0,0,2,23,0.09,0,0,3,53,0.08,0,0,3
200,1158,58,0,15,0,6,0,1,IDLE,,1,IDLE,,1,MOVING_TO_FIELD,Field_6,1,PROTECTING,Field_3,1,IDLE,,1,PROTECTING,Field_15,1,IDLE,,1,PROTECTING,Field_15,1,IDLE,,1,IDLE,,1,PROTECTING,Field_15,1,PROTECTING,Field_15,1,IDLE,,1,PROTECTING,Field_10,1,IDLE,,1,PROTECTING,Field_15,1,IDLE,,1,PROTECTING,Field_15,1,IDLE,,1,IDLE,,1,IDLE,,1,IDLE,,1,PROTECTING,Field_10,1,PROTECTING,Field_10,1,PROTECTING,Field_10,1,PROTECTING,Field_6,1,PROTECTING,Field_6,1,IDLE,,1,MOVING_TO_FIELD,Field_19,1,MOVING_TO_FIELD,Field_19,1,MOVING_TO_FIELD,Field_19,1,IDLE,,1,IDLE,,1,IDLE,,1,IDLE,,1,IDLE,,1,IDLE,,1,PROTECTING,Field_10,1,IDLE,,1,IDLE,,1,IDLE,,1,IDLE,,1,IDLE,,1,MOVING_TO_FIELD,Field_19,1,MOVING_TO_FIELD,Field_19,1,IDLE,,1,IDLE,,1,IDLE,,1,IDLE,,1,IDLE,,1,IDLE,,1,IDLE,,1,IDLE,,1,IDLE,,1,IDLE,,1,IDLE,,1,IDLE,,1,IDLE,,1,IDLE,,1,PROTECTING,Field_10,1,IDLE,,1,IDLE,,1,IDLE,,1,IDLE,,1,IDLE,,1,IDLE,,1,IDLE,,1,IDLE,,1,IDLE,,1,IDLE,,1,IDLE,,1,IDLE,,1,IDLE,,1,IDLE,,1,IDLE,,1,IDLE,,1,IDLE,,1,IDLE,,1,IDLE,,26,0.17,0,0,9,17,0.13,0,0,4,47,0.03,1,0,1,19,0.07,0,0,1,14,0.05,0,0,1,119,0.28,2,1,4,79,0.09,0,0,2,18,0.09,0,0,6,34,0.04,0,0,2,37,0.03,6,0,0,25,0.07,0,0,2,23,0.04,0,0,3,13,0.06,0,0,1,49,0.07,0,0,2,110,0.01,6,0,0,34,0.11,0,0,9,56,0.15,0,0,3,5,0.08,0,0,9,29,0.12,0,5,6,4,0.05,0,0,2,25,0.08,0,0,2,7,0.07,0,0,1,0,0.02,0,0,2,41,0.10,0,0,1,13,0.07,0,0,1,25,0.04,0,0,2,32,0.08,0,0,2,13,0.09,0,0,2,2,0.05,0,0,2,17,0.00,0,0,2,2,0.00,0,0,2,21,0.09,0,0,2,11,0.09,0,0,2,23,0.08,0,0,2,62,0.06,0,0,3,6,0.07,0,0,3,2,0.00,0,0,2,22,0.02,0,0,2,23,0.08,0,0,3,53,0.07,0,0,3
201,1166,58,0,13,0,8,0,1,IDLE,,1,IDLE,,1,MOVING_TO_FIELD,Field_6,1,MOVING_TO_FIELD,Field_6,1,IDLE,,1,PROTECTING,Field_15,1,IDLE,,1,PROTECTING,Field_15,1,IDLE,,1,IDLE,,1,PROTECTING,Field_15,1,PROTECTING,Field_15,1,IDLE,,1,MOVING_TO_FIELD,Field_15,1,IDLE,,1,PROTECTING,Field_15,1,IDLE,,1,MOVING_TO_FIELD,Field_6,1,IDLE,,1,IDLE,,1,IDLE,,1,IDLE,,1,PROTECTING,Field_10,1,PROTECTING,Field_10,1,PROTECTING,Field_10,1,PROTECTING,Field_6,1,PROTECTING,Field_6,1,IDLE,,1,MOVING_TO_FIELD,Field_19,1,MOVING_TO_FIELD,Field_19,1,PROTECTING,Field_19,1,IDLE,,1,IDLE,,1,IDLE,,1,IDLE,,1,IDLE,,1,IDLE,,1,PROTECTING,Field_10,1,IDLE,,1,IDLE,,1,IDLE,,1,IDLE,,1,IDLE,,1,MOVING_TO_FIELD,Field_19,1,MOVING_TO_FIELD,Field_19,1,IDLE,,1,IDLE,,1,IDLE,,1,IDLE,,1,IDLE,,1,IDLE,,1,IDLE,,1,IDLE,,1,IDLE,,1,IDLE,,1,IDLE,,1,IDLE,,1,IDLE,,1,IDLE,,1,PROTECTING,Field_10,1,IDLE,,1,IDLE,,1,IDLE,,1,IDLE,,1,IDLE,,1,IDLE,,1,IDLE,,1,IDLE,,1,IDLE,,1,IDLE,,1,IDLE,,1,IDLE,,1,IDLE,,1,IDLE,,1,IDLE,,1,IDLE,,1,IDLE,,1,IDLE,,1,IDLE,,27,0.17,0,0,9,18,0.13,0,0,4,47,0.03,0,0,2,19,0.07,0,0,1,14,0.05,0,0,1,123,0.28,2,3,4,79,0.10,0,0,2,18,0.10,0,0,6,34,0.03,0,0,2,37,0.03,5,0,1,25,0.07,0,0,2,23,0.04,0,0,3,13,0.08,0,0,1,49,0.06,0,0,2,110,0.01,5,1,1,34,0.11,0,0,9,57,0.16,0,0,3,5,0.08,0,0,9,29,0.13,1,4,5,4,0.05,0,0,2,26,0.08,0,0,2,7,0.05,0,0,1,0,0.02,0,0,2,41,0.10,0,0,1,13,0.07,0,0,1,25,0.05,0,0,2,32,0.08,0,0,2,13,0.09,0,0,2,2,0.03,0,0,2,17,0.00,0,0,2,2,0.00,0,0,2,21,0.09,0,0,2,11,0.09,0,0,2,23,0.07,0,0,2,62,0.06,0,0,3,6,0.07,0,0,3,2,0.00,0,0,2,22,0.02,0,0,2,23,0.08,0,0,3,53,0.08,0,0,3
202,1168,58,0,14,0,7,0,1,IDLE,,1,IDLE,,1,MOVING_TO_FIELD,Field_6,1,MOVING_TO_FIELD,Field_6,1,IDLE,,1,PROTECTING,Field_15,1,IDLE,,1,PROTECTING,Field_15,1,IDLE,,1,IDLE,,1,PROTECTING,Field_15,1,PROTECTING,Field_15,1,IDLE,,1,MOVING_TO_FIELD,Field_15,1,IDLE,,1,PROTECTING,Field_15,1,IDLE,,1,MOVING_TO_FIELD,Field_6,1,IDLE,,1,IDLE,,1,IDLE,,1,IDLE,,1,PROTECTING,Field_10,1,PROTECTING,Field_10,1,PROTECTING,Field_10,1,PROTECTING,Field_6,1,PROTECTING,Field_6,1,IDLE,,1,MOVING_TO_FIELD,Field_19,1,PROTECTING,Field_19,1,PROTECTING,Field_19,1,IDLE,,1,IDLE,,1,IDLE,,1,IDLE,,1,IDLE,,1,IDLE,,1,PROTECTING,Field_10,1,IDLE,,1,IDLE,,1,IDLE,,1,IDLE,,1,IDLE,,1,MOVING_TO_FIELD,Field_19,1,MOVING_TO_FIELD,Field_19,1,IDLE,,1,IDLE,,1,IDLE,,1,IDLE,,1,IDLE,,1,IDLE,,1,IDLE,,1,IDLE,,1,IDLE,,1,IDLE,,1,IDLE,,1,IDLE,,1,IDLE,,1,IDLE,,1,PROTECTING,Field_10,1,IDLE,,1,IDLE,,1,IDLE,,1,IDLE,,1,IDLE,,1,IDLE,,1,IDLE,,1,IDLE,,1,IDLE,,1,IDLE,,1,IDLE,,1,IDLE,,1,IDLE,,1,IDLE,,1,IDLE,,1,IDLE,,1,IDLE,,1,IDLE,,1,IDLE,,27,0.17,0,0,9,18,0.13,0,0,4,47,0.04,0,0,2,19,0.07,0,0,1,14,0.05,0,0,1,123,0.27,2,3,4,79,0.11,0,0,2,18,0.11,0,0,6,34,0.03,0,0,2,37,0.03,5,0,1,25,0.06,0,0,2,23,0.04,0,0,3,13,0.06,0,0,1,49,0.07,0,0,2,110,0.02,5,1,1,34,0.12,0,0,9,58,0.16,0,0,3,5,0.08,0,0,9,29,0.13,2,3,4,4,0.07,0,0,2,26,0.08,0,0,2,7,0.05,0,0,1,0,0.02,0,0,2,41,0.10,0,0,1,13,0.07,0,0,1,25,0.05,0,0,2,32,0.09,0,0,2,13,0.09,0,0,2,2,0.03,0,0,2,17,0.00,0,0,2,2,0.00,0,0,2,21,0.10,0,0,2,11,0.09,0,0,2,23,0.07,0,0,2,62,0.06,0,0,3,6,0.07,0,0,3,2,0.00,0,0,2,22,0.04,0,0,2,24,0.08,0,0,3,53,0.08,0,0,3
203,1172,58,0,14,0,7,0,1,IDLE,,1,IDLE,,1,MOVING_TO_FIELD,Field_6,1,MOVING_TO_FIELD,Field_6,1,IDLE,,1,PROTECTING,Field_15,1,IDLE,,1,PROTECTING,Field_15,1,IDLE,,1,IDLE,,1,PROTECTING,Field_15,1,PROTECTING,Field_15,1,IDLE,,1,MOVING_TO_FIELD,Field_15,1,IDLE,,1,PROTECTING,Field_15,1,IDLE,,1,MOVING_TO_FIELD,Field_6,1,IDLE,,1,IDLE,,1,IDLE,,1,IDLE,,1,PROTECTING,Field_10,1,PROTECTING,Field_10,1,PROTECTING,Field_10,1,PROTECTING,Field_6,1,PROTECTING,Field_6,1,IDLE,,1,MOVING_TO_FIELD,Field_19,1,PROTECTING,Field_19,1,PROTECTING,Field_19,1,IDLE,,1,IDLE,,1,IDLE,,1,IDLE,,1,IDLE,,1,IDLE,,1,PROTECTING,Field_10,1,IDLE,,1,IDLE,,1,IDLE,,1,IDLE,,1,IDLE,,1,MOVING_TO_FIELD,Field_19,1,MOVING_TO_FIELD,Field_19,1,IDLE,,1,IDLE,,1,IDLE,,1,IDLE,,1,IDLE,,1,IDLE,,1,IDLE,,1,IDLE,,1,IDLE,,1,IDLE,,1,IDLE,,1,IDLE,,1,IDLE,,1,IDLE,,1,PROTECTING,Field_10,1,IDLE,,1,IDLE,,1,IDLE,,1,IDLE,,1,IDLE,,1,IDLE,,1,IDLE,,1,IDLE,,1,IDLE,,1,IDLE,,1,IDLE,,1,IDLE,,1,IDLE,,1,IDLE,,1,IDLE,,1,IDLE,,1,IDLE,,1,IDLE,,1,IDLE,,29,0.17,0,0,9,18,0.13,0,0,4,47,0.04,0,0,2,19,0.07,0,0,1,14,0.03,0,0,1,124,0.28,2,3,4,79,0.09,0,0,2,18,0.11,0,0,6,34,0.02,0,0,2,37,0.03,5,0,1,25,0.06,0,0,2,23,0.04,0,0,3,13,0.06,0,0,1,49,0.06,0,0,2,110,0.02,5,1,1,34,0.12,0,0,9,58,0.16,0,0,3,5,0.08,0,0,9,29,0.13,2,3,4,4,0.07,0,0,2,27,0.09,0,0,2,7,0.05,0,0,1,0,0.03,0,0,2,41,0.08,0,0,1,13,0.07,0,0,1,25,0.05,0,0,2,32,0.08,0,0,2,13,0.09,0,0,2,2,0.03,0,0,2,17,0.00,0,0,2,2,0.02,0,0,2,21,0.09,0,0,2,11,0.07,0,0,2,23,0.07,0,0,2,62,0.06,0,0,3,6,0.07,0,0,3,2,0.00,0,0,2,22,0.04,0,0,2,24,0.08,0,0,3,53,0.08,0,0,3
204,1177,58,0,15,0,6,0,1,IDLE,,1,IDLE,,1,MOVING_TO_FIELD,Field_6,1,MOVING_TO_FIELD,Field_6,1,IDLE,,1,PROTECTING,Field_15,1,IDLE,,1,PROTECTING,Field_15,1,IDLE,,1,IDLE,,1,PROTECTING,Field_15,1,PROTECTING,Field_15,1,IDLE,,1,MOVING_TO_FIELD,Field_15,1,IDLE,,1,PROTECTING,Field_15,1,IDLE,,1,MOVING_TO_FIELD,Field_6,1,IDLE,,1,IDLE,,1,IDLE,,1,IDLE,,1,PROTECTING,Field_10,1,PROTECTING,Field_10,1,PROTECTING,Field_10,1,PROTECTING,Field_6,1,PROTECTING,Field_6,1,IDLE,,1,MOVING_TO_FIELD,Field_19,1,PROTECTING,Field_19,1,PROTECTING,Field_19,1,IDLE,,1,IDLE,,1,IDLE,,1,IDLE,,1,IDLE,,1,IDLE,,1,PROTECTING,Field_10,1,IDLE,,1,IDLE,,1,IDLE,,1,IDLE,,1,IDLE,,1,MOVING_TO_FIELD,Field_19,1,PROTECTING,Field_19,1,IDLE,,1,IDLE,,1,IDLE,,1,IDLE,,1,IDLE,,1,IDLE,,1,IDLE,,1,IDLE,,1,IDLE,,1,IDLE,,1,IDLE,,1,IDLE,,1,IDLE,,1,IDLE,,1,PROTECTING,Field_10,1,IDLE,,1,IDLE,,1,IDLE,,1,IDLE,,1,IDLE,,1,IDLE,,1,IDLE,,1,IDLE,,1,IDLE,,1,IDLE,,1,IDLE,,1,IDLE,,1,IDLE,,1,IDLE,,1,IDLE,,1,IDLE,,1,IDLE,,1,IDLE,,1,IDLE,,30,0.16,0,0,9,18,0.13,0,0,4,47,0.04,0,0,2,19,0.07,0,0,1,14,0.03,0,0,1,126,0.27,2,3,4,79,0.09,0,0,2,18,0.13,0,0,6,34,0.02,0,0,2,37,0.03,5,0,1,25,0.06,0,0,2,23,0.04,0,0,3,13,0.06,0,0,1,49,0.06,0,0,2,110,0.02,5,1,1,34,0.11,0,0,9,58,0.13,0,0,3,5,0.06,0,0,9,29,0.13,3,2,3,4,0.04,0,0,2,28,0.09,0,0,2,7,0.07,0,0,1,0,0.05,0,0,2,41,0.11,0,0,1,13,0.07,0,0,1,25,0.06,0,0,2,32,0.08,0,0,2,13,0.09,0,0,2,2,0.05,0,0,2,17,0.00,0,0,2,2,0.02,0,0,2,21,0.08,0,0,2,11,0.09,0,0,2,23,0.07,0,0,2,62,0.06,0,0,3,6,0.09,0,0,3,2,0.00,0,0,2,22,0.05,0,0,2,25,0.07,0,0,3,53,0.08,0,0,3
205,1179,58,0,16,0,5,0,1,IDLE,,1,IDLE,,1,MOVING_TO_FIELD,Field_6,1,MOVING_TO_FIELD,Field_6,1,IDLE,,1,PROTECTING,Field_15,1,IDLE,,1,PROTECTING,Field_15,1,IDLE,,1,IDLE,,1,PROTECTING,Field_15,1,PROTECTING,Field_15,1,IDLE,,1,MOVING_TO_FIELD,Field_15,1,IDLE,,1,PROTECTING,Field_15,1,IDLE,,1,MOVING_TO_FIELD,Field_6,1,IDLE,,1,IDLE,,1,IDLE,,1,IDLE,,1,PROTECTING,Field_10,1,PROTECTING,Field_10,1,PROTECTING,Field_10,1,PROTECTING,Field_6,1,PROTECTING,Field_6,1,IDLE,,1,MOVING_TO_FIELD,Field_19,1,PROTECTING,Field_19,1,PROTECTING,Field_19,1,IDLE,,1,IDLE,,1,IDLE,,1,IDLE,,1,IDLE,,1,IDLE,,1,PROTECTING,Field_10,1,IDLE,,1,IDLE,,1,IDLE,,1,IDLE,,1,IDLE,,1,PROTECTING,Field_19,1,PROTECTING,Field_19,1,IDLE,,1,IDLE,,1,IDLE,,1,IDLE,,1,IDLE,,1,IDLE,,1,IDLE,,1,IDLE,,1,IDLE,,1,IDLE,,1,IDLE,,1,IDLE,,1,IDLE,,1,IDLE,,1,PROTECTING,Field_10,1,IDLE,,1,IDLE,,1,IDLE,,1,IDLE,,1,IDLE,,1,IDLE,,1,IDLE,,1,IDLE,,1,IDLE,,1,IDLE,,1,IDLE,,1,IDLE,,1,IDLE,,1,IDLE,,1,IDLE,,1,IDLE,,1,IDLE,,1,IDLE,,1,IDLE,,30,0.17,0,0,9,18,0.13,0,0,4,47,0.04,0,0,2,19,0.10,0,0,1,14,0.03,0,0,1,127,0.26,2,3,4,79,0.10,0,0,2,18,0.14,0,0,6,34,0.02,0,0,2,37,0.03,5,0,1,25,0.06,0,0,2,23,0.04,0,0,3,13,0.06,0,0,1,49,0.06,0,0,2,110,0.02,5,1,1,34,0.12,0,0,9,58,0.13,0,0,3,5,0.08,0,0,9,29,0.13,4,1,2,4,0.05,0,0,2,28,0.11,0,0,2,7,0.07,0,0,1,0,0.05,0,0,2,42,0.12,0,0,1,13,0.07,0,0,1,25,0.06,0,0,2,32,0.09,0,0,2,13,0.09,0,0,2,2,0.05,0,0,2,17,0.00,0,0,2,2,0.02,0,0,2,21,0.08,0,0,2,11,0.07,0,0,2,23,0.07,0,0,2,62,0.05,0,0,3,6,0.09,0,0,3,2,0.00,0,0,2,22,0.06,0,0,2,25,0.08,0,0,3,53,0.07,0,0,3
206,1181,58,0,18,0,3,0,1,IDLE,,1,IDLE,,1,PROTECTING,Field_6,1,MOVING_TO_FIELD,Field_6,1,IDLE,,1,PROTECTING,Field_15,1,IDLE,,1,PROTECTING,Field_15,1,IDLE,,1,IDLE,,1,PROTECTING,Field_15,1,PROTECTING,Field_15,1,IDLE,,1,MOVING_TO_FIELD,Field_15,1,IDLE,,1,PROTECTING,Field_15,1,IDLE,,1,MOVING_TO_FIELD,Field_6,1,IDLE,,1,IDLE,,1,IDLE,,1,IDLE,,1,PROTECTING,Field_10,1,PROTECTING,Field_10,1,PROTECTING,Field_10,1,PROTECTING,Field_6,1,PROTECTING,Field_6,1,IDLE,,1,PROTECTING,Field_19,1,PROTECTING,Field_19,1,PROTECTING,Field_19,1,IDLE,,1,IDLE,,1,IDLE,,1,IDLE,,1,IDLE,,1,IDLE,,1,PROTECTING,Field_10,1,IDLE,,1,IDLE,,1,IDLE,,1,IDLE,,1,IDLE,,1,PROTECTING,Field_19,1,PROTECTING,Field_19,1,IDLE,,1,IDLE,,1,IDLE,,1,IDLE,,1,IDLE,,1,IDLE,,1,IDLE,,1,IDLE,,1,IDLE,,1,IDLE,,1,IDLE,,1,IDLE,,1,IDLE,,1,IDLE,,1,PROTECTING,Field_10,1,IDLE,,1,IDLE,,1,IDLE,,1,IDLE,,1,IDLE,,1,IDLE,,1,IDLE,,1,IDLE,,1,IDLE,,1,IDLE,,1,IDLE,,1,IDLE,,1,IDLE,,1,IDLE,,1,IDLE,,1,IDLE,,1,IDLE,,1,IDLE,,1,IDLE,,30,0.17,0,0,9,18,0.14,0,0,4,47,0.05,0,0,2,19,0.10,0,0,1,14,0.03,0,0,1,128,0.26,3,2,3,79,0.10,0,0,2,18,0.13,0,0,6,34,0.02,0,0,2,37,0.03,5,0,1,25,0.06,0,0,2,23,0.04,0,0,3,13,0.06,0,0,1,49,0.05,0,0,2,110,0.02,5,1,1,34,0.12,0,0,9,58,0.12,0,0,3,5,0.06,0,0,9,29,0.13,5,0,1,4,0.05,0,0,2,28,0.11,0,0,2,7,0.07,0,0,1,0,0.05,0,0,2,43,0.12,0,0,1,13,0.05,0,0,1,25,0.06,0,0,2,32,0.09,0,0,2,13,0.09,0,0,2,2,0.05,0,0,2,17,0.00,0,0,2,2,0.04,0,0,2,21,0.09,0,0,2,11,0.07,0,0,2,23,0.08,0,0,2,62,0.05,0,0,3,6,0.09,0,0,3,2,0.01,0,0,2,22,0.06,0,0,2,25,0.09,0,0,3,53,0.07,0,0,3
207,1183,58,0,18,0,3,0,1,IDLE,,1,IDLE,,1,PROTECTING,Field_6,1,MOVING_TO_FIELD,Field_6,1,IDLE,,1,PROTECTING,Field_15,1,IDLE,,1,PROTECTING,Field_15,1,IDLE,,1,IDLE,,1,PROTECTING,Field_15,1,PROTECTING,Field_15,1,IDLE,,1,MOVING_TO_FIELD,Field_15,1,IDLE,,1,PROTECTING,Field_15,1,IDLE,,1,MOVING_TO_FIELD,Field_6,1,IDLE,,1,IDLE,,1,IDLE,,1,IDLE,,1,PROTECTING,Field_10,1,PROTECTING,Field_10,1,PROTECTING,Field_10,1,PROTECTING,Field_6,1,PROTECTING,Field_6,1,IDLE,,1,PROTECTING,Field_19,1,PROTECTING,Field_19,1,PROTECTING,Field_19,1,IDLE,,1,IDLE,,1,IDLE,,1,IDLE,,1,IDLE,,1,IDLE,,1,PROTECTING,Field_10,1,IDLE,,1,IDLE,,1,IDLE,,1,IDLE,,1,IDLE,,1,PROTECTING,Field_19,1,PROTECTING,Field_19,1,IDLE,,1,IDLE,,1,IDLE,,1,IDLE,,1,IDLE,,1,IDLE,,1,IDLE,,1,IDLE,,1,IDLE,,1,IDLE,,1,IDLE,,1,IDLE,,1,IDLE,,1,IDLE,,1,PROTECTING,Field_10,1,IDLE,,1,IDLE,,1,IDLE,,1,IDLE,,1,IDLE,,1,IDLE,,1,IDLE,,1,IDLE,,1,IDLE,,1,IDLE,,1,IDLE,,1,IDLE,,1,IDLE,,1,IDLE,,1,IDLE,,1,IDLE,,1,IDLE,,1,IDLE,,1,IDLE,,30,0.17,0,0,9,18,0.13,0,0,4,47,0.05,0,0,2,19,0.10,0,0,1,14,0.03,0,0,1,128,0.26,3,2,3,80,0.11,0,0,2,18,0.14,0,0,6,34,0.02,0,0,2,37,0.04,5,0,1,25,0.04,0,0,2,23,0.04,0,0,3,14,0.06,0,0,1,49,0.05,0,0,2,110,0.02,5,1,1,34,0.12,0,0,9,58,0.12,0,0,3,5,0.07,0,0,9,29,0.13,5,0,1,4,0.05,0,0,2,28,0.11,0,0,2,7,0.07,0,0,1,0,0.05,0,0,2,43,0.14,0,0,1,13,0.04,0,0,1,25,0.05,0,0,2,32,0.08,0,0,2,13,0.09,0,0,2,2,0.03,0,0,2,17,0.00,0,0,2,2,0.04,0,0,2,21,0.08,0,0,2,11,0.07,0,0,2,23,0.08,0,0,2,62,0.05,0,0,3,6,0.09,0,0,3,2,0.01,0,0,2,22,0.09,0,0,2,25,0.09,0,0,3,53,0.07,0,0,3
208,1185,58,0,18,0,3,0,1,IDLE,,1,IDLE,,1,PROTECTING,Field_6,1,MOVING_TO_FIELD,Field_6,1,IDLE,,1,PROTECTING,Field_15,1,IDLE,,1,PROTECTING,Field_15,1,IDLE,,1,IDLE,,1,PROTECTING,Field_15,1,PROTECTING,Field_15,1,IDLE,,1,MOVING_TO_FIELD,Field_15,1,IDLE,,1,PROTECTING,Field_15,1,IDLE,,1,MOVING_TO_FIELD,Field_6,1,IDLE,,1,IDLE,,1,IDLE,,1,IDLE,,1,PROTECTING,Field_10,1,PROTECTING,Field_10,1,PROTECTING,Field_10,1,PROTECTING,Field_6,1,PROTECTING,Field_6,1,IDLE,,1,PROTECTING,Field_19,1,PROTECTING,Field_19,1,PROTECTING,Field_19,1,IDLE,,1,IDLE,,1,IDLE,,1,IDLE,,1,IDLE,,1,IDLE,,1,PROTECTING,Field_10,1,IDLE,,1,IDLE,,1,IDLE,,1,IDLE,,1,IDLE,,1,PROTECTING,Field_19,1,PROTECTING,Field_19,1,IDLE,,1,IDLE,,1,IDLE,,1,IDLE,,1,IDLE,,1,IDLE,,1,IDLE,,1,IDLE,,1,IDLE,,1,IDLE,,1,IDLE,,1,IDLE,,1,IDLE,,1,IDLE,,1,PROTECTING,Field_10,1,IDLE,,1,IDLE,,1,IDLE,,1,IDLE,,1,IDLE,,1,IDLE,,1,IDLE,,1,IDLE,,1,IDLE,,1,IDLE,,1,IDLE,,1,IDLE,,1,IDLE,,1,IDLE,,1,IDLE,,1,IDLE,,1,IDLE,,1,IDLE,,1,IDLE,,30,0.17,0,0,9,18,0.12,0,0,4,47,0.04,0,0,2,19,0.07,0,0,1,14,0.03,0,0,1,128,0.25,3,2,3,80,0.11,0,0,2,18,0.15,0,0,6,34,0.02,0,0,2,37,0.06,5,0,1,25,0.04,0,0,2,23,0.04,0,0,3,14,0.05,0,0,1,49,0.06,0,0,2,110,0.01,5,1,1,34,0.12,0,0,9,58,0.12,0,0,3,5,0.07,0,0,9,29,0.14,5,0,1,4,0.05,0,0,2,29,0.11,0,0,2,7,0.08,0,0,1,0,0.07,0,0,2,43,0.14,0,0,1,13,0.04,0,0,1,25,0.05,0,0,2,33,0.07,0,0,2,13,0.09,0,0,2,2,0.03,0,0,2,17,0.00,0,0,2,2,0.04,0,0,2,21,0.06,0,0,2,11,0.09,0,0,2,23,0.07,0,0,2,62,0.05,0,0,3,6,0.09,0,0,3,2,0.01,0,0,2,22,0.10,0,0,2,25,0.09,0,0,3,53,0.07,0,0,3
209,1185,58,0,19,0,2,0,1,IDLE,,1,IDLE,,1,PROTECTING,Field_6,1,MOVING_TO_FIELD,Field_6,1,IDLE,,1,PROTECTING,Field_15,1,IDLE,,1,PROTECTING,Field_15,1,IDLE,,1,IDLE,,1,PROTECTING,Field_15,1,PROTECTING,Field_15,1,IDLE,,1,PROTECTING,Field_15,1,IDLE,,1,PROTECTING,Field_15,1,IDLE,,1,MOVING_TO_FIELD,Field_6,1,IDLE,,1,IDLE,,1,IDLE,,1,IDLE,,1,PROTECTING,Field_10,1,PROTECTING,Field_10,1,PROTECTING,Field_10,1,PROTECTING,Field_6,1,PROTECTING,Field_6,1,IDLE,,1,PROTECTING,Field_19,1,PROTECTING,Field_19,1,PROTECTING,Field_19,1,IDLE,,1,IDLE,,1,IDLE,,1,IDLE,,1,IDLE,,1,IDLE,,1,PROTECTING,Field_10,1,IDLE,,1,IDLE,,1,IDLE,,1,IDLE,,1,IDLE,,1,PROTECTING,Field_19,1,PROTECTING,Field_19,1,IDLE,,1,IDLE,,1,IDLE,,1,IDLE,,1,IDLE,,1,IDLE,,1,IDLE,,1,IDLE,,1,IDLE,,1,IDLE,,1,IDLE,,1,IDLE,,1,IDLE,,1,IDLE,,1,PROTECTING,Field_10,1,IDLE,,1,IDLE,,1,IDLE,,1,IDLE,,1,IDLE,,1,IDLE,,1,IDLE,,1,IDLE,,1,IDLE,,1,IDLE,,1,IDLE,,1,IDLE,,1,IDLE,,1,IDLE,,1,IDLE,,1,IDLE,,1,IDLE,,1,IDLE,,1,IDLE,,30,0.17,0,0,9,18,0.13,0,0,4,47,0.04,0,0,2,19,0.07,0,0,1,14,0.03,0,0,1,128,0.25,3,2,3,80,0.11,0,0,2,18,0.17,0,0,6,34,0.02,0,0,2,37,0.06,5,0,1,25,0.04,0,0,2,23,0.04,0,0,3,14,0.06,0,0,1,49,0.06,0,0,2,110,0.01,6,0,0,34,0.12,0,0,9,58,0.12,0,0,3,5,0.08,0,0,9,29,0.14,5,0,1,4,0.07,0,0,2,29,0.09,0,0,2,7,0.08,0,0,1,0,0.08,0,0,2,43,0.14,0,0,1,13,0.04,0,0,1,25,0.05,0,0,2,33,0.06,0,0,2,13,0.09,0,0,2,2,0.03,0,0,2,17,0.00,0,0,2,2,0.04,0,0,2,21,0.06,0,0,2,11,0.09,0,0,2,23,0.07,0,0,2,62,0.05,0,0,3,6,0.09,0,0,3,2,0.01,0,0,2,22,0.10,0,0,2,25,0.08,0,0,3,53,0.07,0,0,3
210,1187,58,0,19,0,2,0,1,IDLE,,1,IDLE,,1,PROTECTING,Field_6,1,MOVING_TO_FIELD,Field_6,1,IDLE,,1,PROTECTING,Field_15,1,IDLE,,1,PROTECTING,Field_15,1,IDLE,,1,IDLE,,1,PROTECTING,Field_15,1,PROTECTING,Field_15,1,IDLE,,1,PROTECTING,Field_15,1,IDLE,,1,PROTECTING,Field_15,1,IDLE,,1,MOVING_TO_FIELD,Field_6,1,IDLE,,1,IDLE,,1,IDLE,,1,IDLE,,1,PROTECTING,Field_10,1,PROTECTING,Field_10,1,PROTECTING,Field_10,1,PROTECTING,Field_6,1,PROTECTING,Field_6,1,IDLE,,1,PROTECTING,Field_19,1,PROTECTING,Field_19,1,PROTECTING,Field_19,1,IDLE,,1,IDLE,,1,IDLE,,1,IDLE,,1,IDLE,,1,IDLE,,1,PROTECTING,Field_10,1,IDLE,,1,IDLE,,1,IDLE,,1,IDLE,,1,IDLE,,1,PROTECTING,Field_19,1,PROTECTING,Field_19,1,IDLE,,1,IDLE,,1,IDLE,,1,IDLE,,1,IDLE,,1,IDLE,,1,IDLE,,1,IDLE,,1,IDLE,,1,IDLE,,1,IDLE,,1,IDLE,,1,IDLE,,1,IDLE,,1,PROTECTING,Field_10,1,IDLE,,1,IDLE,,1,IDLE,,1,IDLE,,1,IDLE,,1,IDLE,,1,IDLE,,1,IDLE,,1,IDLE,,1,IDLE,,1,IDLE,,1,IDLE,,1,IDLE,,1,IDLE,,1,IDLE,,1,IDLE,,1,IDLE,,1,IDLE,,1,IDLE,,30,0.18,0,0,9,18,0.13,0,0,4,47,0.04,0,0,2,19,0.07,0,0,1,14,0.03,0,0,1,128,0.25,3,2,3,80,0.13,0,0,2,18,0.17,0,0,6,34,0.02,0,0,2,37,0.04,5,0,1,25,0.04,0,0,2,23,0.04,0,0,3,14,0.08,0,0,1,49,0.07,0,0,2,110,0.01,6,0,0,34,0.12,0,0,9,58,0.13,0,0,3,5,0.08,0,0,9,29,0.14,5,0,1,4,0.07,0,0,2,29,0.09,0,0,2,7,0.08,0,0,1,0,0.05,0,0,2,44,0.14,0,0,1,13,0.05,0,0,1,25,0.05,0,0,2,33,0.05,0,0,2,13,0.09,0,0,2,2,0.03,0,0,2,17,0.00,0,0,2,2,0.04,0,0,2,21,0.06,0,0,2,11,0.07,0,0,2,23,0.07,0,0,2,62,0.05,0,0,3,6,0.09,0,0,3,2,0.01,0,0,2,23,0.10,0,0,2,25,0.09,0,0,3,53,0.07,0,0,3
211,1188,58,0,19,0,2,0,1,IDLE,,1,IDLE,,1,PROTECTING,Field_6,1,MOVING_TO_FIELD,Field_6,1,IDLE,,1,PROTECTING,Field_15,1,IDLE,,1,PROTECTING,Field_15,1,IDLE,,1,IDLE,,1,PROTECTING,Field_15,1,PROTECTING,Field_15,1,IDLE,,1,PROTECTING,Field_15,1,IDLE,,1,PROTECTING,Field_15,1,IDLE,,1,MOVING_TO_FIELD,Field_6,1,IDLE,,1,IDLE,,1,IDLE,,1,IDLE,,1,PROTECTING,Field_10,1,PROTECTING,Field_10,1,PROTECTING,Field_10,1,PROTECTING,Field_6,1,PROTECTING,Field_6,1,IDLE,,1,PROTECTING,Field_19,1,PROTECTING,Field_19,1,PROTECTING,Field_19,1,IDLE,,1,IDLE,,1,IDLE,,1,IDLE,,1,IDLE,,1,IDLE,,1,PROTECTING,Field_10,1,IDLE,,1,IDLE,,1,IDLE,,1,IDLE,,1,IDLE,,1,PROTECTING,Field_19,1,PROTECTING,Field_19,1,IDLE,,1,IDLE,,1,IDLE,,1,IDLE,,1,IDLE,,1,IDLE,,1,IDLE,,1,IDLE,,1,IDLE,,1,IDLE,,1,IDLE,,1,IDLE,,1,IDLE,,1,IDLE,,1,PROTECTING,Field_10,1,IDLE,,1,IDLE,,1,IDLE,,1,IDLE,,1,IDLE,,1,IDLE,,1,IDLE,,1,IDLE,,1,IDLE,,1,IDLE,,1,IDLE,,1,IDLE,,1,IDLE,,1,IDLE,,1,IDLE,,1,IDLE,,1,IDLE,,1,IDLE,,1,IDLE,,30,0.18,0,0,9,18,0.13,0,0,4,47,0.04,0,0,2,19,0.10,0,0,1,14,0.03,0,0,1,128,0.25,3,2,3,80,0.13,0,0,2,18,0.17,0,0,6,34,0.02,0,0,2,37,0.04,5,0,1,25,0.03,0,0,2,23,0.05,0,0,3,14,0.08,0,0,1,49,0.07,0,0,2,110,0.01,6,0,0,34,0.12,0,0,9,58,0.12,0,0,3,5,0.08,0,0,9,29,0.14,5,0,1,4,0.04,0,0,2,29,0.09,0,0,2,7,0.08,0,0,1,0,0.05,0,0,2,45,0.14,0,0,1,13,0.05,0,0,1,25,0.05,0,0,2,33,0.05,0,0,2,13,0.09,0,0,2,2,0.03,0,0,2,17,0.00,0,0,2,2,0.04,0,0,2,21,0.08,0,0,2,11,0.07,0,0,2,23,0.08,0,0,2,62,0.05,0,0,3,6,0.09,0,0,3,2,0.05,0,0,2,23,0.10,0,0,2,25,0.10,0,0,3,53,0.07,0,0,3
212,1193,58,0,19,0,2,0,1,IDLE,,1,IDLE,,1,PROTECTING,Field_6,1,MOVING_TO_FIELD,Field_6,1,IDLE,,1,PROTECTING,Field_15,1,IDLE,,1,PROTECTING,Field_15,1,IDLE,,1,IDLE,,1,PROTECTING,Field_15,1,PROTECTING,Field_15,1,IDLE,,1,PROTECTING,Field_15,1,IDLE,,1,PROTECTING,Field_15,1,IDLE,,1,MOVING_TO_FIELD,Field_6,1,IDLE,,1,IDLE,,1,IDLE,,1,IDLE,,1,PROTECTING,Field_10,1,PROTECTING,Field_10,1,PROTECTING,Field_10,1,PROTECTING,Field_6,1,PROTECTING,Field_6,1,IDLE,,1,PROTECTING,Field_19,1,PROTECTING,Field_19,1,PROTECTING,Field_19,1,IDLE,,1,IDLE,,1,IDLE,,1,IDLE,,1,IDLE,,1,IDLE,,1,PROTECTING,Field_10,1,IDLE,,1,IDLE,,1,IDLE,,1,IDLE,,1,IDLE,,1,PROTECTING,Field_19,1,PROTECTING,Field_19,1,IDLE,,1,IDLE,,1,IDLE,,1,IDLE,,1,IDLE,,1,IDLE,,1,IDLE,,1,IDLE,,1,IDLE,,1,IDLE,,1,IDLE,,1,IDLE,,1,IDLE,,1,IDLE,,1,PROTECTING,Field_10,1,IDLE,,1,IDLE,,1,IDLE,,1,IDLE,,1,IDLE,,1,IDLE,,1,IDLE,,1,IDLE,,1,IDLE,,1,IDLE,,1,IDLE,,1,IDLE,,1,IDLE,,1,IDLE,,1,IDLE,,1,IDLE,,1,IDLE,,1,IDLE,,1,IDLE,,31,0.17,0,0,9,18,0.10,0,0,4,47,0.04,0,0,2,19,0.10,0,0,1,14,0.03,0,0,1,128,0.25,3,2,3,82,0.13,0,0,2,18,0.16,0,0,6,34,0.02,0,0,2,37,0.03,5,0,1,25,0.04,0,0,2,23,0.04,0,0,3,14,0.08,0,0,1,49,0.06,0,0,2,110,0.01,6,0,0,34,0.12,0,0,9,58,0.13,0,0,3,5,0.08,0,0,9,29,0.16,5,0,1,4,0.04,0,0,2,30,0.09,0,0,2,7,0.07,0,0,1,0,0.05,0,0,2,45,0.14,0,0,1,14,0.07,0,0,1,25,0.06,0,0,2,33,0.05,0,0,2,13,0.07,0,0,2,2,0.03,0,0,2,17,0.00,0,0,2,2,0.04,0,0,2,21,0.09,0,0,2,11,0.09,0,0,2,23,0.08,0,0,2,62,0.05,0,0,3,6,0.09,0,0,3,2,0.05,0,0,2,23,0.10,0,0,2,25,0.10,0,0,3,53,0.07,0,0,3
213,1195,58,0,19,0,2,0,1,IDLE,,1,IDLE,,1,PROTECTING,Field_6,1,MOVING_TO_FIELD,Field_6,1,IDLE,,1,PROTECTING,Field_15,1,IDLE,,1,PROTECTING,Field_15,1,IDLE,,1,IDLE,,1,PROTECTING,Field_15,1,PROTECTING,Field_15,1,IDLE,,1,PROTECTING,Field_15,1,IDLE,,1,PROTECTING,Field_15,1,IDLE,,1,MOVING_TO_FIELD,Field_6,1,IDLE,,1,IDLE,,1,IDLE,,1,IDLE,,1,PROTECTING,Field_10,1,PROTECTING,Field_10,1,PROTECTING,Field_10,1,PROTECTING,Field_6,1,PROTECTING,Field_6,1,IDLE,,1,PROTECTING,Field_19,1,PROTECTING,Field_19,1,PROTECTING,Field_19,1,IDLE,,1,IDLE,,1,IDLE,,1,IDLE,,1,IDLE,,1,IDLE,,1,PROTECTING,Field_10,1,IDLE,,1,IDLE,,1,IDLE,,1,IDLE,,1,IDLE,,1,PROTECTING,Field_19,1,PROTECTING,Field_19,1,IDLE,,1,IDLE,,1,IDLE,,1,IDLE,,1,IDLE,,1,IDLE,,1,IDLE,,1,IDLE,,1,IDLE,,1,IDLE,,1,IDLE,,1,IDLE,,1,IDLE,,1,IDLE,,1,PROTECTING,Field_10,1,IDLE,,1,IDLE,,1,IDLE,,1,IDLE,,1,IDLE,,1,IDLE,,1,IDLE,,1,IDLE,,1,IDLE,,1,IDLE,,1,IDLE,,1,IDLE,,1,IDLE,,1,IDLE,,1,IDLE,,1,IDLE,,1,IDLE,,1,IDLE,,1,IDLE,,31,0.17,0,0,9,18,0.10,0,0,4,47,0.04,0,0,2,19,0.10,0,0,1,14,0.03,0,0,1,128,0.25,3,2,3,82,0.13,0,0,2,18,0.13,0,0,6,34,0.02,0,0,2,37,0.03,5,0,1,25,0.03,0,0,2,23,0.05,0,0,3,14,0.08,0,0,1,49,0.06,0,0,2,110,0.01,6,0,0,34,0.12,0,0,9,58,0.12,0,0,3,5,0.07,0,0,9,29,0.16,5,0,1,4,0.04,0,0,2,30,0.09,0,0,2,7,0.07,0,0,1,0,0.07,0,0,2,45,0.14,0,0,1,14,0.07,0,0,1,25,0.06,0,0,2,33,0.06,0,0,2,13,0.07,0,0,2,2,0.02,0,0,2,17,0.00,0,0,2,2,0.04,0,0,2,21,0.12,0,0,2,11,0.11,0,0,2,23,0.08,0,0,2,62,0.06,0,0,3,6,0.10,0,0,3,2,0.05,0,0,2,25,0.10,0,0,2,25,0.10,0,0,3,53,0.07,0,0,3
214,1198,58,0,20,0,1,0,1,IDLE,,1,IDLE,,1,PROTECTING,Field_6,1,PROTECTING,Field_6,1,IDLE,,1,PROTECTING,Field_15,1,IDLE,,1,PROTECTING,Field_15,1,IDLE,,1,IDLE,,1,PROTECTING,Field_15,1,PROTECTING,Field_15,1,IDLE,,1,PROTECTING,Field_15,1,IDLE,,1,PROTECTING,Field_15,1,IDLE,,1,MOVING_TO_FIELD,Field_6,1,IDLE,,1,IDLE,,1,IDLE,,1,IDLE,,1,PROTECTING,Field_10,1,PROTECTING,Field_10,1,PROTECTING,Field_10,1,PROTECTING,Field_6,1,PROTECTING,Field_6,1,IDLE,,1,PROTECTING,Field_19,1,PROTECTING,Field_19,1,PROTECTING,Field_19,1,IDLE,,1,IDLE,,1,IDLE,,1,IDLE,,1,IDLE,,1,IDLE,,1,PROTECTING,Field_10,1,IDLE,,1,IDLE,,1,IDLE,,1,IDLE,,1,IDLE,,1,PROTECTING,Field_19,1,PROTECTING,Field_19,1,IDLE,,1,IDLE,,1,IDLE,,1,IDLE,,1,IDLE,,1,IDLE,,1,IDLE,,1,IDLE,,1,IDLE,,1,IDLE,,1,IDLE,,1,IDLE,,1,IDLE,,1,IDLE,,1,PROTECTING,Field_10,1,IDLE,,1,IDLE,,1,IDLE,,1,IDLE,,1,IDLE,,1,IDLE,,1,IDLE,,1,IDLE,,1,IDLE,,1,IDLE,,1,IDLE,,1,IDLE,,1,IDLE,,1,IDLE,,1,IDLE,,1,IDLE,,1,IDLE,,1,IDLE,,1,IDLE,,31,0.17,0,0,9,18,0.10,0,0,4,47,0.03,0,0,2,19,0.10,0,0,1,14,0.03,0,0,1,128,0.25,4,1,2,82,0.14,0,0,2,18,0.13,0,0,6,34,0.01,0,0,2,37,0.03,5,0,1,25,0.03,0,0,2,23,0.05,0,0,3,14,0.08,0,0,1,49,0.06,0,0,2,110,0.01,6,0,0,34,0.12,0,0,9,58,0.12,0,0,3,5,0.07,0,0,9,29,0.16,5,0,1,4,0.03,0,0,2,30,0.09,0,0,2,7,0.07,0,0,1,0,0.05,0,0,2,46,0.14,0,0,1,14,0.07,0,0,1,25,0.06,0,0,2,33,0.06,0,0,2,13,0.09,0,0,2,2,0.00,0,0,2,17,0.01,0,0,2,2,0.04,0,0,2,21,0.12,0,0,2,12,0.12,0,0,2,23,0.08,0,0,2,62,0.06,0,0,3,6,0.10,0,0,3,2,0.05,0,0,2,26,0.10,0,0,2,25,0.10,0,0,3,53,0.07,0,0,3
215,1198,58,0,20,0,1,0,1,IDLE,,1,IDLE,,1,PROTECTING,Field_6,1,PROTECTING,Field_6,1,IDLE,,1,PROTECTING,Field_15,1,IDLE,,1,PROTECTING,Field_15,1,IDLE,,1,IDLE,,1,PROTECTING,Field_15,1,PROTECTING,Field_15,1,IDLE,,1,PROTECTING,Field_15,1,IDLE,,1,PROTECTING,Field_15,1,IDLE,,1,MOVING_TO_FIELD,Field_6,1,IDLE,,1,IDLE,,1,IDLE,,1,IDLE,,1,PROTECTING,Field_10,1,PROTECTING,Field_10,1,PROTECTING,Field_10,1,PROTECTING,Field_6,1,PROTECTING,Field_6,1,IDLE,,1,PROTECTING,Field_19,1,PROTECTING,Field_19,1,PROTECTING,Field_19,1,IDLE,,1,IDLE,,1,IDLE,,1,IDLE,,1,IDLE,,1,IDLE,,1,PROTECTING,Field_10,1,IDLE,,1,IDLE,,1,IDLE,,1,IDLE,,1,IDLE,,1,PROTECTING,Field_19,1,PROTECTING,Field_19,1,IDLE,,1,IDLE,,1,IDLE,,1,IDLE,,1,IDLE,,1,IDLE,,1,IDLE,,1,IDLE,,1,IDLE,,1,IDLE,,1,IDLE,,1,IDLE,,1,IDLE,,1,IDLE,,1,PROTECTING,Field_10,1,IDLE,,1,IDLE,,1,IDLE,,1,IDLE,,1,IDLE,,1,IDLE,,1,IDLE,,1,IDLE,,1,IDLE,,1,IDLE,,1,IDLE,,1,IDLE,,1,IDLE,,1,IDLE,,1,IDLE,,1,IDLE,,1,IDLE,,1,IDLE,,1,IDLE,,31,0.18,0,0,9,18,0.10,0,0,4,47,0.03,0,0,2,19,0.12,0,0,1,14,0.03,0,0,1,128,0.23,4,1,2,82,0.14,0,0,2,18,0.13,0,0,6,34,0.01,0,0,2,37,0.03,5,0,1,25,0.03,0,0,2,23,0.04,0,0,3,14,0.05,0,0,1,49,0.06,0,0,2,110,0.01,6,0,0,34,0.12,0,0,9,58,0.12,0,0,3,5,0.07,0,0,9,29,0.16,5,0,1,4,0.03,0,0,2,30,0.09,0,0,2,7,0.07,0,0,1,0,0.07,0,0,2,46,0.12,0,0,1,14,0.07,0,0,1,25,0.08,0,0,2,33,0.07,0,0,2,13,0.09,0,0,2,2,0.00,0,0,2,17,0.01,0,0,2,2,0.04,0,0,2,21,0.12,0,0,2,12,0.12,0,0,2,23,0.08,0,0,2,62,0.06,0,0,3,6,0.10,0,0,3,2,0.06,0,0,2,26,0.09,0,0,2,25,0.10,0,0,3,53,0.07,0,0,3
216,1205,58,0,20,0,1,0,1,IDLE,,1,IDLE,,1,PROTECTING,Field_6,1,PROTECTING,Field_6,1,IDLE,,1,PROTECTING,Field_15,1,IDLE,,1,PROTECTING,Field_15,1,IDLE,,1,IDLE,,1,PROTECTING,Field_15,1,PROTECTING,Field_15,1,IDLE,,1,PROTECTING,Field_15,1,IDLE,,1,PROTECTING,Field_15,1,IDLE,,1,MOVING_TO_FIELD,Field_6,1,IDLE,,1,IDLE,,1,IDLE,,1,IDLE,,1,PROTECTING,Field_10,1,PROTECTING,Field_10,1,PROTECTING,Field_10,1,PROTECTING,Field_6,1,PROTECTING,Field_6,1,IDLE,,1,PROTECTING,Field_19,1,PROTECTING,Field_19,1,PROTECTING,Field_19,1,IDLE,,1,IDLE,,1,IDLE,,1,IDLE,,1,IDLE,,1,IDLE,,1,PROTECTING,Field_10,1,IDLE,,1,IDLE,,1,IDLE,,1,IDLE,,1,IDLE,,1,PROTECTING,Field_19,1,PROTECTING,Field_19,1,IDLE,,1,IDLE,,1,IDLE,,1,IDLE,,1,IDLE,,1,IDLE,,1,IDLE,,1,IDLE,,1,IDLE,,1,IDLE,,1,IDLE,,1,IDLE,,1,IDLE,,1,IDLE,,1,PROTECTING,Field_10,1,IDLE,,1,IDLE,,1,IDLE,,1,IDLE,,1,IDLE,,1,IDLE,,1,IDLE,,1,IDLE,,1,IDLE,,1,IDLE,,1,IDLE,,1,IDLE,,1,IDLE,,1,IDLE,,1,IDLE,,1,IDLE,,1,IDLE,,1,IDLE,,1,IDLE,,32,0.17,0,0,9,18,0.10,0,0,4,48,0.03,0,0,2,19,0.12,0,0,1,14,0.03,0,0,1,128,0.23,4,1,2,83,0.14,0,0,2,18,0.13,0,0,6,34,0.02,0,0,2,37,0.03,5,0,1,25,0.04,0,0,2,23,0.04,0,0,3,14,0.05,0,0,1,49,0.06,0,0,2,110,0.01,6,0,0,34,0.12,0,0,9,58,0.11,0,0,3,5,0.07,0,0,9,29,0.16,5,0,1,4,0.04,0,0,2,31,0.09,0,0,2,7,0.05,0,0,1,0,0.05,0,0,2,46,0.12,0,0,1,14,0.07,0,0,1,26,0.08,0,0,2,33,0.07,0,0,2,13,0.09,0,0,2,2,0.00,0,0,2,17,0.01,0,0,2,2,0.04,0,0,2,21,0.12,0,0,2,12,0.11,0,0,2,23,0.08,0,0,2,62,0.06,0,0,3,6,0.10,0,0,3,2,0.05,0,0,2,27,0.09,0,0,2,26,0.11,0,0,3,53,0.07,0,0,3
217,1208,58,0,20,0,1,0,1,IDLE,,1,IDLE,,1,PROTECTING,Field_6,1,PROTECTING,Field_6,1,IDLE,,1,PROTECTING,Field_15,1,IDLE,,1,PROTECTING,Field_15,1,IDLE,,1,IDLE,,1,PROTECTING,Field_15,1,PROTECTING,Field_15,1,IDLE,,1,PROTECTING,Field_15,1,IDLE,,1,PROTECTING,Field_15,1,IDLE,,1,MOVING_TO_FIELD,Field_6,1,IDLE,,1,IDLE,,1,IDLE,,1,IDLE,,1,PROTECTING,Field_10,1,PROTECTING,Field_10,1,PROTECTING,Field_10,1,PROTECTING,Field_6,1,PROTECTING,Field_6,1,IDLE,,1,PROTECTING,Field_19,1,PROTECTING,Field_19,1,PROTECTING,Field_19,1,IDLE,,1,IDLE,,1,IDLE,,1,IDLE,,1,IDLE,,1,IDLE,,1,PROTECTING,Field_10,1,IDLE,,1,IDLE,,1,IDLE,,1,IDLE,,1,IDLE,,1,PROTECTING,Field_19,1,PROTECTING,Field_19,1,IDLE,,1,IDLE,,1,IDLE,,1,IDLE,,1,IDLE,,1,IDLE,,1,IDLE,,1,IDLE,,1,IDLE,,1,IDLE,,1,IDLE,,1,IDLE,,1,IDLE,,1,IDLE,,1,PROTECTING,Field_10,1,IDLE,,1,IDLE,,1,IDLE,,1,IDLE,,1,IDLE,,1,IDLE,,1,IDLE,,1,IDLE,,1,IDLE,,1,IDLE,,1,IDLE,,1,IDLE,,1,IDLE,,1,IDLE,,1,IDLE,,1,IDLE,,1,IDLE,,1,IDLE,,1,IDLE,,32,0.16,0,0,9,18,0.10,0,0,4,48,0.03,0,0,2,19,0.12,0,0,1,14,0.03,0,0,1,128,0.22,4,1,2,83,0.16,0,0,2,18,0.12,0,0,6,34,0.02,0,0,2,37,0.05,5,0,1,25,0.06,0,0,2,23,0.04,0,0,3,14,0.05,0,0,1,49,0.05,0,0,2,110,0.00,6,0,0,34,0.12,0,0,9,58,0.11,0,0,3,5,0.08,0,0,9,29,0.16,5,0,1,4,0.04,0,0,2,31,0.09,0,0,2,7,0.05,0,0,1,0,0.05,0,0,2,49,0.12,0,0,1,14,0.07,0,0,1,26,0.08,0,0,2,33,0.07,0,0,2,13,0.09,0,0,2,2,0.00,0,0,2,17,0.01,0,0,2,2,0.04,0,0,2,21,0.12,0,0,2,12,0.09,0,0,2,23,0.08,0,0,2,62,0.06,0,0,3,6,0.10,0,0,3,2,0.05,0,0,2,27,0.10,0,0,2,26,0.12,0,0,3,53,0.07,0,0,3
218,1209,58,0,20,0,1,0,1,IDLE,,1,IDLE,,1,PROTECTING,Field_6,1,PROTECTING,Field_6,1,IDLE,,1,PROTECTING,Field_15,1,IDLE,,1,PROTECTING,Field_15,1,IDLE,,1,IDLE,,1,PROTECTING,Field_15,1,PROTECTING,Field_15,1,IDLE,,1,PROTECTING,Field_15,1,IDLE,,1,PROTECTING,Field_15,1,IDLE,,1,MOVING_TO_FIELD,Field_6,1,IDLE,,1,IDLE,,1,IDLE,,1,IDLE,,1,PROTECTING,Field_10,1,PROTECTING,Field_10,1,PROTECTING,Field_10,1,PROTECTING,Field_6,1,PROTECTING,Field_6,1,IDLE,,1,PROTECTING,Field_19,1,PROTECTING,Field_19,1,PROTECTING,Field_19,1,IDLE,,1,IDLE,,1,IDLE,,1,IDLE,,1,IDLE,,1,IDLE,,1,PROTECTING,Field_10,1,IDLE,,1,IDLE,,1,IDLE,,1,IDLE,,1,IDLE,,1,PROTECTING,Field_19,1,PROTECTING,Field_19,1,IDLE,,1,IDLE,,1,IDLE,,1,IDLE,,1,IDLE,,1,IDLE,,1,IDLE,,1,IDLE,,1,IDLE,,1,IDLE,,1,IDLE,,1,IDLE,,1,IDLE,,1,IDLE,,1,PROTECTING,Field_10,1,IDLE,,1,IDLE,,1,IDLE,,1,IDLE,,1,IDLE,,1,IDLE,,1,IDLE,,1,IDLE,,1,IDLE,,1,IDLE,,1,IDLE,,1,IDLE,,1,IDLE,,1,IDLE,,1,IDLE,,1,IDLE,,1,IDLE,,1,IDLE,,1,IDLE,,32,0.15,0,0,9,18,0.10,0,0,4,48,0.04,0,0,2,19,0.12,0,0,1,14,0.03,0,0,1,128,0.23,4,1,2,83,0.18,0,0,2,18,0.12,0,0,6,34,0.02,0,0,2,37,0.05,5,0,1,25,0.06,0,0,2,23,0.04,0,0,3,14,0.05,0,0,1,49,0.05,0,0,2,110,0.00,6,0,0,34,0.12,0,0,9,58,0.11,0,0,3,5,0.08,0,0,9,30,0.16,5,0,1,4,0.04,0,0,2,31,0.09,0,0,2,7,0.05,0,0,1,0,0.05,0,0,2,49,0.11,0,0,1,14,0.05,0,0,1,26,0.10,0,0,2,33,0.05,0,0,2,13,0.09,0,0,2,2,0.02,0,0,2,17,0.01,0,0,2,2,0.04,0,0,2,21,0.12,0,0,2,12,0.09,0,0,2,23,0.08,0,0,2,62,0.05,0,0,3,6,0.10,0,0,3,2,0.06,0,0,2,27,0.10,0,0,2,26,0.11,0,0,3,53,0.07,0,0,3
219,1211,58,0,20,0,1,0,1,IDLE,,1,IDLE,,1,PROTECTING,Field_6,1,PROTECTING,Field_6,1,IDLE,,1,PROTECTING,Field_15,1,IDLE,,1,PROTECTING,Field_15,1,IDLE,,1,IDLE,,1,PROTECTING,Field_15,1,PROTECTING,Field_15,1,IDLE,,1,PROTECTING,Field_15,1,IDLE,,1,PROTECTING,Field_15,1,IDLE,,1,MOVING_TO_FIELD,Field_6,1,IDLE,,1,IDLE,,1,IDLE,,1,IDLE,,1,PROTECTING,Field_10,1,PROTECTING,Field_10,1,PROTECTING,Field_10,1,PROTECTING,Field_6,1,PROTECTING,Field_6,1,IDLE,,1,PROTECTING,Field_19,1,PROTECTING,Field_19,1,PROTECTING,Field_19,1,IDLE,,1,IDLE,,1,IDLE,,1,IDLE,,1,IDLE,,1,IDLE,,1,PROTECTING,Field_10,1,IDLE,,1,IDLE,,1,IDLE,,1,IDLE,,1,IDLE,,1,PROTECTING,Field_19,1,PROTECTING,Field_19,1,IDLE,,1,IDLE,,1,IDLE,,1,IDLE,,1,IDLE,,1,IDLE,,1,IDLE,,1,IDLE,,1,IDLE,,1,IDLE,,1,IDLE,,1,IDLE,,1,IDLE,,1,IDLE,,1,PROTECTING,Field_10,1,IDLE,,1,IDLE,,1,IDLE,,1,IDLE,,1,IDLE,,1,IDLE,,1,IDLE,,1,IDLE,,1,IDLE,,1,IDLE,,1,IDLE,,1,IDLE,,1,IDLE,,1,IDLE,,1,IDLE,,1,IDLE,,1,IDLE,,1,IDLE,,1,IDLE,,32,0.15,0,0,9,18,0.10,0,0,4,48,0.04,0,0,2,20,0.12,0,0,1,14,0.03,0,0,1,128,0.22,4,1,2,83,0.16,0,0,2,18,0.11,0,0,6,34,0.02,0,0,2,37,0.06,5,0,1,25,0.07,0,0,2,23,0.04,0,0,3,14,0.06,0,0,1,49,0.05,0,0,2,110,0.00,6,0,0,34,0.12,0,0,9,59,0.13,0,0,3,5,0.08,0,0,9,30,0.16,5,0,1,4,0.04,0,0,2,31,0.09,0,0,2,7,0.05,0,0,1,0,0.05,0,0,2,49,0.11,0,0,1,14,0.05,0,0,1,26,0.10,0,0,2,33,0.06,0,0,2,13,0.11,0,0,2,2,0.02,0,0,2,17,0.01,0,0,2,2,0.04,0,0,2,21,0.12,0,0,2,12,0.09,0,0,2,23,0.08,0,0,2,62,0.05,0,0,3,6,0.10,0,0,3,2,0.06,0,0,2,27,0.09,0,0,2,26,0.10,0,0,3,53,0.07,0,0,3
220,1216,58,0,20,0,1,0,1,IDLE,,1,IDLE,,1,PROTECTING,Field_6,1,PROTECTING,Field_6,1,IDLE,,1,PROTECTING,Field_15,1,IDLE,,1,PROTECTING,Field_15,1,IDLE,,1,IDLE,,1,PROTECTING,Field_15,1,PROTECTING,Field_15,1,IDLE,,1,PROTECTING,Field_15,1,IDLE,,1,PROTECTING,Field_15,1,IDLE,,1,MOVING_TO_FIELD,Field_6,1,IDLE,,1,IDLE,,1,IDLE,,1,IDLE,,1,PROTECTING,Field_10,1,PROTECTING,Field_10,1,PROTECTING,Field_10,1,PROTECTING,Field_6,1,PROTECTING,Field_6,1,IDLE,,1,PROTECTING,Field_19,1,PROTECTING,Field_19,1,PROTECTING,Field_19,1,IDLE,,1,IDLE,,1,IDLE,,1,IDLE,,1,IDLE,,1,IDLE,,1,PROTECTING,Field_10,1,IDLE,,1,IDLE,,1,IDLE,,1,IDLE,,1,IDLE,,1,PROTECTING,Field_19,1,PROTECTING,Field_19,1,IDLE,,1,IDLE,,1,IDLE,,1,IDLE,,1,IDLE,,1,IDLE,,1,IDLE,,1,IDLE,,1,IDLE,,1,IDLE,,1,IDLE,,1,IDLE,,1,IDLE,,1,IDLE,,1,PROTECTING,Field_10,1,IDLE,,1,IDLE,,1,IDLE,,1,IDLE,,1,IDLE,,1,IDLE,,1,IDLE,,1,IDLE,,1,IDLE,,1,IDLE,,1,IDLE,,1,IDLE,,1,IDLE,,1,IDLE,,1,IDLE,,1,IDLE,,1,IDLE,,1,IDLE,,1,IDLE,,32,0.16,0,0,9,19,0.12,0,0,4,48,0.05,0,0,2,20,0.12,0,0,1,14,0.03,0,0,1,128,0.21,4,1,2,84,0.16,0,0,2,18,0.09,0,0,6,34,0.02,0,0,2,37,0.06,5,0,1,25,0.07,0,0,2,23,0.04,0,0,3,14,0.06,0,0,1,49,0.05,0,0,2,110,0.00,6,0,0,34,0.11,0,0,9,59,0.13,0,0,3,5,0.06,0,0,9,31,0.16,5,0,1,4,0.04,0,0,2,31,0.09,0,0,2,7,0.05,0,0,1,0,0.05,0,0,2,49,0.11,0,0,1,14,0.05,0,0,1,26,0.09,0,0,2,33,0.06,0,0,2,13,0.13,0,0,2,2,0.03,0,0,2,17,0.01,0,0,2,2,0.04,0,0,2,21,0.12,0,0,2,13,0.09,0,0,2,23,0.07,0,0,2,62,0.05,0,0,3,6,0.10,0,0,3,2,0.06,0,0,2,27,0.09,0,0,2,27,0.10,0,0,3,53,0.07,0,0,3
221,1217,56,0,20,0,3,0,1,MOVING_TO_FIELD,Field_6,1,MOVING_TO_FIELD,Field_6,1,PROTECTING,Field_6,1,PROTECTING,Field_6,1,IDLE,,1,PROTECTING,Field_15,1,IDLE,,1,PROTECTING,Field_15,1,IDLE,,1,IDLE,,1,PROTECTING,Field_15,1,PROTECTING,Field_15,1,IDLE,,1,PROTECTING,Field_15,1,IDLE,,1,PROTECTING,Field_15,1,IDLE,,1,MOVING_TO_FIELD,Field_6,1,IDLE,,1,IDLE,,1,IDLE,,1,IDLE,,1,PROTECTING,Field_10,1,PROTECTING,Field_10,1,PROTECTING,Field_10,1,PROTECTING,Field_6,1,PROTECTING,Field_6,1,IDLE,,1,PROTECTING,Field_19,1,PROTECTING,Field_19,1,PROTECTING,Field_19,1,IDLE,,1,IDLE,,1,IDLE,,1,IDLE,,1,IDLE,,1,IDLE,,1,PROTECTING,Field_10,1,IDLE,,1,IDLE,,1,IDLE,,1,IDLE,,1,IDLE,,1,PROTECTING,Field_19,1,PROTECTING,Field_19,1,IDLE,,1,IDLE,,1,IDLE,,1,IDLE,,1,IDLE,,1,IDLE,,1,IDLE,,1,IDLE,,1,IDLE,,1,IDLE,,1,IDLE,,1,IDLE,,1,IDLE,,1,IDLE,,1,PROTECTING,Field_10,1,IDLE,,1,IDLE,,1,IDLE,,1,IDLE,,1,IDLE,,1,IDLE,,1,IDLE,,1,IDLE,,1,IDLE,,1,IDLE,,1,IDLE,,1,IDLE,,1,IDLE,,1,IDLE,,1,IDLE,,1,IDLE,,1,IDLE,,1,IDLE,,1,IDLE,,32,0.16,0,0,9,19,0.12,0,0,4,48,0.05,0,0,2,21,0.12,0,0,1,14,0.03,0,0,1,128,0.19,4,3,2,84,0.16,0,0,2,18,0.10,0,0,6,34,0.02,0,0,2,37,0.07,5,0,1,25,0.07,0,0,2,23,0.04,0,0,3,14,0.06,0,0,1,49,0.05,0,0,2,110,0.00,6,0,0,34,0.12,0,0,9,59,0.13,0,0,3,5,0.05,0,0,9,31,0.16,5,0,1,4,0.04,0,0,2,31,0.09,0,0,2,7,0.05,0,0,1,0,0.05,0,0,2,49,0.11,0,0,1,14,0.09,0,0,1,26,0.09,0,0,2,33,0.06,0,0,2,13,0.13,0,0,2,2,0.03,0,0,2,17,0.03,0,0,2,2,0.04,0,0,2,21,0.10,0,0,2,13,0.09,0,0,2,23,0.08,0,0,2,62,0.06,0,0,3,6,0.10,0,0,3,2,0.06,0,0,2,27,0.10,0,0,2,27,0.11,0,0,3,53,0.07,0,0,3
222,1218,56,0,20,0,3,0,1,MOVING_TO_FIELD,Field_6,1,MOVING_TO_FIELD,Field_6,1,PROTECTING,Field_6,1,PROTECTING,Field_6,1,IDLE,,1,PROTECTING,Field_15,1,IDLE,,1,PROTECTING,Field_15,1,IDLE,,1,IDLE,,1,PROTECTING,Field_15,1,PROTECTING,Field_15,1,IDLE,,1,PROTECTING,Field_15,1,IDLE,,1,PROTECTING,Field_15,1,IDLE,,1,MOVING_TO_FIELD,Field_6,1,IDLE,,1,IDLE,,1,IDLE,,1,IDLE,,1,PROTECTING,Field_10,1,PROTECTING,Field_10,1,PROTECTING,Field_10,1,PROTECTING,Field_6,1,PROTECTING,Field_6,1,IDLE,,1,PROTECTING,Field_19,1,PROTECTING,Field_19,1,PROTECTING,Field_19,1,IDLE,,1,IDLE,,1,IDLE,,1,IDLE,,1,IDLE,,1,IDLE,,1,PROTECTING,Field_10,1,IDLE,,1,IDLE,,1,IDLE,,1,IDLE,,1,IDLE,,1,PROTECTING,Field_19,1,PROTECTING,Field_19,1,IDLE,,1,IDLE,,1,IDLE,,1,IDLE,,1,IDLE,,1,IDLE,,1,IDLE,,1,IDLE,,1,IDLE,,1,IDLE,,1,IDLE,,1,IDLE,,1,IDLE,,1,IDLE,,1,PROTECTING,Field_10,1,IDLE,,1,IDLE,,1,IDLE,,1,IDLE,,1,IDLE,,1,IDLE,,1,IDLE,,1,IDLE,,1,IDLE,,1,IDLE,,1,IDLE,,1,IDLE,,1,IDLE,,1,IDLE,,1,IDLE,,1,IDLE,,1,IDLE,,1,IDLE,,1,IDLE,,32,0.16,0,0,9,19,0.12,0,0,4,48,0.05,0,0,2,21,0.12,0,0,1,14,0.03,0,0,1,128,0.18,4,3,2,84,0.14,0,0,2,18,0.10,0,0,6,34,0.03,0,0,2,37,0.07,5,0,1,25,0.07,0,0,2,23,0.05,0,0,3,14,0.06,0,0,1,49,0.06,0,0,2,110,0.00,6,0,0,34,0.12,0,0,9,60,0.13,0,0,3,5,0.05,0,0,9,31,0.16,5,0,1,4,0.04,0,0,2,31,0.09,0,0,2,7,0.05,0,0,1,0,0.03,0,0,2,49,0.10,0,0,1,14,0.09,0,0,1,26,0.08,0,0,2,33,0.06,0,0,2,13,0.13,0,0,2,2,0.05,0,0,2,17,0.03,0,0,2,2,0.04,0,0,2,21,0.10,0,0,2,13,0.07,0,0,2,23,0.10,0,0,2,62,0.07,0,0,3,6,0.10,0,0,3,2,0.07,0,0,2,27,0.12,0,0,2,27,0.11,0,0,3,53,0.07,0,0,3
223,1218,56,0,21,0,2,0,1,MOVING_TO_FIELD,Field_6,1,MOVING_TO_FIELD,Field_6,1,PROTECTING,Field_6,1,PROTECTING,Field_6,1,IDLE,,1,PROTECTING,Field_15,1,IDLE,,1,PROTECTING,Field_15,1,IDLE,,1,IDLE,,1,PROTECTING,Field_15,1,PROTECTING,Field_15,1,IDLE,,1,PROTECTING,Field_15,1,IDLE,,1,PROTECTING,Field_15,1,IDLE,,1,PROTECTING,Field_6,1,IDLE,,1,IDLE,,1,IDLE,,1,IDLE,,1,PROTECTING,Field_10,1,PROTECTING,Field_10,1,PROTECTING,Field_10,1,PROTECTING,Field_6,1,PROTECTING,Field_6,1,IDLE,,1,PROTECTING,Field_19,1,PROTECTING,Field_19,1,PROTECTING,Field_19,1,IDLE,,1,IDLE,,1,IDLE,,1,IDLE,,1,IDLE,,1,IDLE,,1,PROTECTING,Field_10,1,IDLE,,1,IDLE,,1,IDLE,,1,IDLE,,1,IDLE,,1,PROTECTING,Field_19,1,PROTECTING,Field_19,1,IDLE,,1,IDLE,,1,IDLE,,1,IDLE,,1,IDLE,,1,IDLE,,1,IDLE,,1,IDLE,,1,IDLE,,1,IDLE,,1,IDLE,,1,IDLE,,1,IDLE,,1,IDLE,,1,PROTECTING,Field_10,1,IDLE,,1,IDLE,,1,IDLE,,1,IDLE,,1,IDLE,,1,IDLE,,1,IDLE,,1,IDLE,,1,IDLE,,1,IDLE,,1,IDLE,,1,IDLE,,1,IDLE,,1,IDLE,,1,IDLE,,1,IDLE,,1,IDLE,,1,IDLE,,1,IDLE,,32,0.17,0,0,9,19,0.13,0,0,4,48,0.05,0,0,2,21,0.12,0,0,1,14,0.03,0,0,1,128,0.18,5,2,1,84,0.14,0,0,2,18,0.10,0,0,6,34,0.04,0,0,2,37,0.07,5,0,1,25,0.07,0,0,2,23,0.06,0,0,3,14,0.06,0,0,1,49,0.06,0,0,2,110,0.00,6,0,0,34,0.12,0,0,9,60,0.13,0,0,3,5,0.05,0,0,9,31,0.16,5,0,1,4,0.04,0,0,2,31,0.09,0,0,2,7,0.07,0,0,1,0,0.05,0,0,2,49,0.10,0,0,1,14,0.09,0,0,1,26,0.08,0,0,2,33,0.06,0,0,2,13,0.11,0,0,2,2,0.05,0,0,2,17,0.03,0,0,2,2,0.04,0,0,2,21,0.10,0,0,2,13,0.09,0,0,2,23,0.10,0,0,2,62,0.07,0,0,3,6,0.10,0,0,3,2,0.08,0,0,2,27,0.12,0,0,2,27,0.11,0,0,3,53,0.07,0,0,3
224,1220,56,0,21,0,2,0,1,MOVING_TO_FIELD,Field_6,1,MOVING_TO_FIELD,Field_6,1,PROTECTING,Field_6,1,PROTECTING,Field_6,1,IDLE,,1,PROTECTING,Field_15,1,IDLE,,1,PROTECTING,Field_15,1,IDLE,,1,IDLE,,1,PROTECTING,Field_15,1,PROTECTING,Field_15,1,IDLE,,1,PROTECTING,Field_15,1,IDLE,,1,PROTECTING,Field_15,1,IDLE,,1,PROTECTING,Field_6,1,IDLE,,1,IDLE,,1,IDLE,,1,IDLE,,1,PROTECTING,Field_10,1,PROTECTING,Field_10,1,PROTECTING,Field_10,1,PROTECTING,Field_6,1,PROTECTING,Field_6,1,IDLE,,1,PROTECTING,Field_19,1,PROTECTING,Field_19,1,PROTECTING,Field_19,1,IDLE,,1,IDLE,,1,IDLE,,1,IDLE,,1,IDLE,,1,IDLE,,1,PROTECTING,Field_10,1,IDLE,,1,IDLE,,1,IDLE,,1,IDLE,,1,IDLE,,1,PROTECTING,Field_19,1,PROTECTING,Field_19,1,IDLE,,1,IDLE,,1,IDLE,,1,IDLE,,1,IDLE,,1,IDLE,,1,IDLE,,1,IDLE,,1,IDLE,,1,IDLE,,1,IDLE,,1,IDLE,,1,IDLE,,1,IDLE,,1,PROTECTING,Field_10,1,IDLE,,1,IDLE,,1,IDLE,,1,IDLE,,1,IDLE,,1,IDLE,,1,IDLE,,1,IDLE,,1,IDLE,,1,IDLE,,1,IDLE,,1,IDLE,,1,IDLE,,1,IDLE,,1,IDLE,,1,IDLE,,1,IDLE,,1,IDLE,,1,IDLE,,32,0.16,0,0,9,19,0.13,0,0,4,49,0.05,0,0,2,21,0.12,0,0,1,14,0.03,0,0,1,128,0.18,5,2,1,84,0.14,0,0,2,18,0.10,0,0,6,34,0.04,0,0,2,37,0.07,5,0,1,25,0.07,0,0,2,23,0.06,0,0,3,14,0.06,0,0,1,49,0.06,0,0,2,110,0.00,6,0,0,34,0.11,0,0,9,61,0.13,0,0,3,5,0.05,0,0,9,31,0.16,5,0,1,4,0.03,0,0,2,31,0.08,0,0,2,7,0.07,0,0,1,0,0.05,0,0,2,49,0.08,0,0,1,14,0.09,0,0,1,26,0.08,0,0,2,33,0.07,0,0,2,13,0.11,0,0,2,2,0.05,0,0,2,17,0.03,0,0,2,2,0.04,0,0,2,21,0.10,0,0,2,13,0.09,0,0,2,23,0.10,0,0,2,62,0.07,0,0,3,6,0.10,0,0,3,2,0.08,0,0,2,27,0.15,0,0,2,27,0.11,0,0,3,53,0.07,0,0,3
225,1224,56,0,21,0,2,0,1,MOVING_TO_FIELD,Field_6,1,MOVING_TO_FIELD,Field_6,1,PROTECTING,Field_6,1,PROTECTING,Field_6,1,IDLE,,1,PROTECTING,Field_15,1,IDLE,,1,PROTECTING,Field_15,1,IDLE,,1,IDLE,,1,PROTECTING,Field_15,1,PROTECTING,Field_15,1,IDLE,,1,PROTECTING,Field_15,1,IDLE,,1,PROTECTING,Field_15,1,IDLE,,1,PROTECTING,Field_6,1,IDLE,,1,IDLE,,1,IDLE,,1,IDLE,,1,PROTECTING,Field_10,1,PROTECTING,Field_10,1,PROTECTING,Field_10,1,PROTECTING,Field_6,1,PROTECTING,Field_6,1,IDLE,,1,PROTECTING,Field_19,1,PROTECTING,Field_19,1,PROTECTING,Field_19,1,IDLE,,1,IDLE,,1,IDLE,,1,IDLE,,1,IDLE,,1,IDLE,,1,PROTECTING,Field_10,1,IDLE,,1,IDLE,,1,IDLE,,1,IDLE,,1,IDLE,,1,PROTECTING,Field_19,1,PROTECTING,Field_19,1,IDLE,,1,IDLE,,1,IDLE,,1,IDLE,,1,IDLE,,1,IDLE,,1,IDLE,,1,IDLE,,1,IDLE,,1,IDLE,,1,IDLE,,1,IDLE,,1,IDLE,,1,IDLE,,1,PROTECTING,Field_10,1,IDLE,,1,IDLE,,1,IDLE,,1,IDLE,,1,IDLE,,1,IDLE,,1,IDLE,,1,IDLE,,1,IDLE,,1,IDLE,,1,IDLE,,1,IDLE,,1,IDLE,,1,IDLE,,1,IDLE,,1,IDLE,,1,IDLE,,1,IDLE,,1,IDLE,,32,0.16,0,0,9,19,0.12,0,0,4,49,0.05,0,0,2,21,0.10,0,0,1,14,0.03,0,0,1,128,0.17,5,2,1,85,0.14,0,0,2,18,0.10,0,0,6,34,0.04,0,0,2,37,0.07,5,0,1,25,0.07,0,0,2,23,0.06,0,0,3,15,0.06,0,0,1,49,0.08,0,0,2,110,0.00,6,0,0,34,0.13,0,0,9,61,0.13,0,0,3,5,0.05,0,0,9,32,0.16,5,0,1,4,0.03,0,0,2,31,0.08,0,0,2,7,0.07,0,0,1,0,0.05,0,0,2,49,0.08,0,0,1,14,0.07,0,0,1,26,0.06,0,0,2,33,0.08,0,0,2,13,0.11,0,0,2,2,0.05,0,0,2,17,0.03,0,0,2,2,0.04,0,0,2,21,0.10,0,0,2,13,0.11,0,0,2,23,0.10,0,0,2,62,0.07,0,0,3,6,0.10,0,0,3,2,0.08,0,0,2,28,0.16,0,0,2,27,0.09,0,0,3,53,0.05,0,0,3
226,1226,56,0,21,0,2,0,1,MOVING_TO_FIELD,Field_6,1,MOVING_TO_FIELD,Field_6,1,PROTECTING,Field_6,1,PROTECTING,Field_6,1,IDLE,,1,PROTECTING,Field_15,1,IDLE,,1,PROTECTING,Field_15,1,IDLE,,1,IDLE,,1,PROTECTING,Field_15,1,PROTECTING,Field_15,1,IDLE,,1,PROTECTING,Field_15,1,IDLE,,1,PROTECTING,Field_15,1,IDLE,,1,PROTECTING,Field_6,1,IDLE,,1,IDLE,,1,IDLE,,1,IDLE,,1,PROTECTING,Field_10,1,PROTECTING,Field_10,1,PROTECTING,Field_10,1,PROTECTING,Field_6,1,PROTECTING,Field_6,1,IDLE,,1,PROTECTING,Field_19,1,PROTECTING,Field_19,1,PROTECTING,Field_19,1,IDLE,,1,IDLE,,1,IDLE,,1,IDLE,,1,IDLE,,1,IDLE,,1,PROTECTING,Field_10,1,IDLE,,1,IDLE,,1,IDLE,,1,IDLE,,1,IDLE,,1,PROTECTING,Field_19,1,PROTECTING,Field_19,1,IDLE,,1,IDLE,,1,IDLE,,1,IDLE,,1,IDLE,,1,IDLE,,1,IDLE,,1,IDLE,,1,IDLE,,1,IDLE,,1,IDLE,,1,IDLE,,1,IDLE,,1,IDLE,,1,PROTECTING,Field_10,1,IDLE,,1,IDLE,,1,IDLE,,1,IDLE,,1,IDLE,,1,IDLE,,1,IDLE,,1,IDLE,,1,IDLE,,1,IDLE,,1,IDLE,,1,IDLE,,1,IDLE,,1,IDLE,,1,IDLE,,1,IDLE,,1,IDLE,,1,IDLE,,1,IDLE,,32,0.16,0,0,9,19,0.13,0,0,4,49,0.05,0,0,2,21,0.10,0,0,1,14,0.03,0,0,1,128,0.17,5,2,1,85,0.14,0,0,2,18,0.10,0,0,6,34,0.04,0,0,2,37,0.07,5,0,1,25,0.07,0,0,2,23,0.06,0,0,3,15,0.06,0,0,1,49,0.07,0,0,2,110,0.00,6,0,0,34,0.12,0,0,9,61,0.11,0,0,3,5,0.05,0,0,9,33,0.17,5,0,1,4,0.03,0,0,2,31,0.08,0,0,2,7,0.08,0,0,1,0,0.05,0,0,2,49,0.08,0,0,1,14,0.09,0,0,1,26,0.06,0,0,2,34,0.08,0,0,2,13,0.11,0,0,2,2,0.05,0,0,2,17,0.03,0,0,2,2,0.04,0,0,2,21,0.10,0,0,2,13,0.11,0,0,2,23,0.10,0,0,2,62,0.07,0,0,3,6,0.10,0,0,3,2,0.09,0,0,2,28,0.16,0,0,2,27,0.09,0,0,3,53,0.07,0,0,3
227,1232,56,0,21,0,2,0,1,MOVING_TO_FIELD,Field_6,1,MOVING_TO_FIELD,Field_6,1,PROTECTING,Field_6,1,PROTECTING,Field_6,1,IDLE,,1,PROTECTING,Field_15,1,IDLE,,1,PROTECTING,Field_15,1,IDLE,,1,IDLE,,1,PROTECTING,Field_15,1,PROTECTING,Field_15,1,IDLE,,1,PROTECTING,Field_15,1,IDLE,,1,PROTECTING,Field_15,1,IDLE,,1,PROTECTING,Field_6,1,IDLE,,1,IDLE,,1,IDLE,,1,IDLE,,1,PROTECTING,Field_10,1,PROTECTING,Field_10,1,PROTECTING,Field_10,1,PROTECTING,Field_6,1,PROTECTING,Field_6,1,IDLE,,1,PROTECTING,Field_19,1,PROTECTING,Field_19,1,PROTECTING,Field_19,1,IDLE,,1,IDLE,,1,IDLE,,1,IDLE,,1,IDLE,,1,IDLE,,1,PROTECTING,Field_10,1,IDLE,,1,IDLE,,1,IDLE,,1,IDLE,,1,IDLE,,1,PROTECTING,Field_19,1,PROTECTING,Field_19,1,IDLE,,1,IDLE,,1,IDLE,,1,IDLE,,1,IDLE,,1,IDLE,,1,IDLE,,1,IDLE,,1,IDLE,,1,IDLE,,1,IDLE,,1,IDLE,,1,IDLE,,1,IDLE,,1,PROTECTING,Field_10,1,IDLE,,1,IDLE,,1,IDLE,,1,IDLE,,1,IDLE,,1,IDLE,,1,IDLE,,1,IDLE,,1,IDLE,,1,IDLE,,1,IDLE,,1,IDLE,,1,IDLE,,1,IDLE,,1,IDLE,,1,IDLE,,1,IDLE,,1,IDLE,,1,IDLE,,32,0.17,0,0,9,19,0.12,0,0,4,49,0.05,0,0,2,21,0.10,0,0,1,14,0.03,0,0,1,128,0.16,5,2,1,87,0.13,0,0,2,19,0.10,0,0,6,34,0.04,0,0,2,37,0.06,5,0,1,25,0.09,0,0,2,23,0.06,0,0,3,15,0.06,0,0,1,49,0.08,0,0,2,110,0.00,6,0,0,34,0.12,0,0,9,61,0.12,0,0,3,5,0.05,0,0,9,33,0.17,5,0,1,4,0.01,0,0,2,31,0.08,0,0,2,7,0.10,0,0,1,0,0.05,0,0,2,49,0.08,0,0,1,14,0.09,0,0,1,26,0.05,0,0,2,35,0.08,0,0,2,13,0.11,0,0,2,2,0.05,0,0,2,17,0.03,0,0,2,2,0.04,0,0,2,21,0.10,0,0,2,13,0.11,0,0,2,23,0.10,0,0,2,62,0.08,0,0,3,6,0.12,0,0,3,2,0.08,0,0,2,29,0.17,0,0,2,27,0.09,0,0,3,54,0.07,0,0,3
228,1235,56,0,21,0,2,0,1,MOVING_TO_FIELD,Field_6,1,MOVING_TO_FIELD,Field_6,1,PROTECTING,Field_6,1,PROTECTING,Field_6,1,IDLE,,1,PROTECTING,Field_15,1,IDLE,,1,PROTECTING,Field_15,1,IDLE,,1,IDLE,,1,PROTECTING,Field_15,1,PROTECTING,Field_15,1,IDLE,,1,PROTECTING,Field_15,1,IDLE,,1,PROTECTING,Field_15,1,IDLE,,1,PROTECTING,Field_6,1,IDLE,,1,IDLE,,1,IDLE,,1,IDLE,,1,PROTECTING,Field_10,1,PROTECTING,Field_10,1,PROTECTING,Field_10,1,PROTECTING,Field_6,1,PROTECTING,Field_6,1,IDLE,,1,PROTECTING,Field_19,1,PROTECTING,Field_19,1,PROTECTING,Field_19,1,IDLE,,1,IDLE,,1,IDLE,,1,IDLE,,1,IDLE,,1,IDLE,,1,PROTECTING,Field_10,1,IDLE,,1,IDLE,,1,IDLE,,1,IDLE,,1,IDLE,,1,PROTECTING,Field_19,1,PROTECTING,Field_19,1,IDLE,,1,IDLE,,1,IDLE,,1,IDLE,,1,IDLE,,1,IDLE,,1,IDLE,,1,IDLE,,1,IDLE,,1,IDLE,,1,IDLE,,1,IDLE,,1,IDLE,,1,IDLE,,1,PROTECTING,Field_10,1,IDLE,,1,IDLE,,1,IDLE,,1,IDLE,,1,IDLE,,1,IDLE,,1,IDLE,,1,IDLE,,1,IDLE,,1,IDLE,,1,IDLE,,1,IDLE,,1,IDLE,,1,IDLE,,1,IDLE,,1,IDLE,,1,IDLE,,1,IDLE,,1,IDLE,,32,0.17,0,0,9,19,0.12,0,0,4,49,0.05,0,0,2,21,0.12,0,0,1,14,0.00,0,0,1,128,0.16,5,2,1,87,0.13,0,0,2,19,0.09,0,0,6,34,0.04,0,0,2,37,0.06,5,0,1,25,0.09,0,0,2,23,0.06,0,0,3,16,0.06,0,0,1,49,0.09,0,0,2,110,0.00,6,0,0,34,0.13,0,0,9,61,0.12,0,0,3,5,0.04,0,0,9,33,0.16,5,0,1,4,0.03,0,0,2,31,0.08,0,0,2,7,0.08,0,0,1,0,0.05,0,0,2,49,0.08,0,0,1,14,0.09,0,0,1,26,0.05,0,0,2,36,0.07,0,0,2,13,0.11,0,0,2,2,0.05,0,0,2,17,0.03,0,0,2,2,0.02,0,0,2,21,0.09,0,0,2,13,0.11,0,0,2,23,0.10,0,0,2,62,0.08,0,0,3,6,0.12,0,0,3,2,0.08,0,0,2,30,0.18,0,0,2,27,0.08,0,0,3,54,0.08,0,0,3
229,1239,56,0,21,0,2,0,1,MOVING_TO_FIELD,Field_6,1,MOVING_TO_FIELD,Field_6,1,PROTECTING,Field_6,1,PROTECTING,Field_6,1,IDLE,,1,PROTECTING,Field_15,1,IDLE,,1,PROTECTING,Field_15,1,IDLE,,1,IDLE,,1,PROTECTING,Field_15,1,PROTECTING,Field_15,1,IDLE,,1,PROTECTING,Field_15,1,IDLE,,1,PROTECTING,Field_15,1,IDLE,,1,PROTECTING,Field_6,1,IDLE,,1,IDLE,,1,IDLE,,1,IDLE,,1,PROTECTING,Field_10,1,PROTECTING,Field_10,1,PROTECTING,Field_10,1,PROTECTING,Field_6,1,PROTECTING,Field_6,1,IDLE,,1,PROTECTING,Field_19,1,PROTECTING,Field_19,1,PROTECTING,Field_19,1,IDLE,,1,IDLE,,1,IDLE,,1,IDLE,,1,IDLE,,1,IDLE,,1,PROTECTING,Field_10,1,IDLE,,1,IDLE,,1,IDLE,,1,IDLE,,1,IDLE,,1,PROTECTING,Field_19,1,PROTECTING,Field_19,1,IDLE,,1,IDLE,,1,IDLE,,1,IDLE,,1,IDLE,,1,IDLE,,1,IDLE,,1,IDLE,,1,IDLE,,1,IDLE,,1,IDLE,,1,IDLE,,1,IDLE,,1,IDLE,,1,PROTECTING,Field_10,1,IDLE,,1,IDLE,,1,IDLE,,1,IDLE,,1,IDLE,,1,IDLE,,1,IDLE,,1,IDLE,,1,IDLE,,1,IDLE,,1,IDLE,,1,IDLE,,1,IDLE,,1,IDLE,,1,IDLE,,1,IDLE,,1,IDLE,,1,IDLE,,1,IDLE,,32,0.18,0,0,9,19,0.12,0,0,4,49,0.05,0,0,2,21,0.12,0,0,1,14,0.00,0,0,1,128,0.17,5,2,1,89,0.13,0,0,2,19,0.09,0,0,6,34,0.04,0,0,2,37,0.06,5,0,1,25,0.07,0,0,2,23,0.06,0,0,3,16,0.06,0,0,1,49,0.08,0,0,2,110,0.00,6,0,0,34,0.11,0,0,9,61,0.13,0,0,3,5,0.04,0,0,9,33,0.17,5,0,1,4,0.03,0,0,2,31,0.09,0,0,2,7,0.05,0,0,1,0,0.05,0,0,2,49,0.08,0,0,1,14,0.09,0,0,1,26,0.05,0,0,2,37,0.07,0,0,2,13,0.11,0,0,2,2,0.06,0,0,2,17,0.03,0,0,2,2,0.02,0,0,2,21,0.09,0,0,2,13,0.11,0,0,2,23,0.08,0,0,2,62,0.07,0,0,3,6,0.12,0,0,3,2,0.07,0,0,2,31,0.17,0,0,2,27,0.08,0,0,3,54,0.08,0,0,3
230,1241,56,0,21,0,2,0,1,MOVING_TO_FIELD,Field_6,1,MOVING_TO_FIELD,Field_6,1,PROTECTING,Field_6,1,PROTECTING,Field_6,1,IDLE,,1,PROTECTING,Field_15,1,IDLE,,1,PROTECTING,Field_15,1,IDLE,,1,IDLE,,1,PROTECTING,Field_15,1,PROTECTING,Field_15,1,IDLE,,1,PROTECTING,Field_15,1,IDLE,,1,PROTECTING,Field_15,1,IDLE,,1,PROTECTING,Field_6,1,IDLE,,1,IDLE,,1,IDLE,,1,IDLE,,1,PROTECTING,Field_10,1,PROTECTING,Field_10,1,PROTECTING,Field_10,1,PROTECTING,Field_6,1,PROTECTING,Field_6,1,IDLE,,1,PROTECTING,Field_19,1,PROTECTING,Field_19,1,PROTECTING,Field_19,1,IDLE,,1,IDLE,,1,IDLE,,1,IDLE,,1,IDLE,,1,IDLE,,1,PROTECTING,Field_10,1,IDLE,,1,IDLE,,1,IDLE,,1,IDLE,,1,IDLE,,1,PROTECTING,Field_19,1,PROTECTING,Field_19,1,IDLE,,1,IDLE,,1,IDLE,,1,IDLE,,1,IDLE,,1,IDLE,,1,IDLE,,1,IDLE,,1,IDLE,,1,IDLE,,1,IDLE,,1,IDLE,,1,IDLE,,1,IDLE,,1,PROTECTING,Field_10,1,IDLE,,1,IDLE,,1,IDLE,,1,IDLE,,1,IDLE,,1,IDLE,,1,IDLE,,1,IDLE,,1,IDLE,,1,IDLE,,1,IDLE,,1,IDLE,,1,IDLE,,1,IDLE,,1,IDLE,,1,IDLE,,1,IDLE,,1,IDLE,,1,IDLE,,32,0.18,0,0,9,19,0.12,0,0,4,49,0.05,0,0,2,21,0.12,0,0,1,14,0.00,0,0,1,128,0.16,5,2,1,89,0.13,0,0,2,19,0.10,0,0,6,34,0.05,0,0,2,37,0.06,5,0,1,25,0.07,0,0,2,23,0.07,0,0,3,16,0.06,0,0,1,49,0.08,0,0,2,110,0.00,6,0,0,34,0.11,0,0,9,62,0.14,0,0,3,5,0.04,0,0,9,33,0.17,5,0,1,4,0.04,0,0,2,32,0.11,0,0,2,7,0.05,0,0,1,0,0.07,0,0,2,49,0.08,0,0,1,14,0.09,0,0,1,26,0.06,0,0,2,37,0.07,0,0,2,13,0.09,0,0,2,2,0.06,0,0,2,17,0.03,0,0,2,2,0.02,0,0,2,21,0.10,0,0,2,13,0.11,0,0,2,23,0.07,0,0,2,62,0.07,0,0,3,6,0.12,0,0,3,2,0.07,0,0,2,31,0.16,0,0,2,27,0.08,0,0,3,54,0.08,0,0,3
231,1246,59,0,18,0,2,0,1,MOVING_TO_FIELD,Field_6,1,MOVING_TO_FIELD,Field_6,1,PROTECTING,Field_6,1,PROTECTING,Field_6,1,IDLE,,1,PROTECTING,Field_15,1,IDLE,,1,PROTECTING,Field_15,1,IDLE,,1,IDLE,,1,IDLE,,1,IDLE,,1,IDLE,,1,PROTECTING,Field_15,1,IDLE,,1,PROTECTING,Field_15,1,IDLE,,1,PROTECTING,Field_6,1,IDLE,,1,IDLE,,1,IDLE,,1,IDLE,,1,PROTECTING,Field_10,1,PROTECTING,Field_10,1,PROTECTING,Field_10,1,PROTECTING,Field_6,1,PROTECTING,Field_6,1,IDLE,,1,PROTECTING,Field_19,1,PROTECTING,Field_19,1,PROTECTING,Field_19,1,IDLE,,1,IDLE,,1,IDLE,,1,IDLE,,1,IDLE,,1,IDLE,,1,PROTECTING,Field_10,1,IDLE,,1,IDLE,,1,IDLE,,1,IDLE,,1,IDLE,,1,PROTECTING,Field_19,1,PROTECTING,Field_19,1,IDLE,,1,IDLE,,1,IDLE,,1,IDLE,,1,IDLE,,1,IDLE,,1,IDLE,,1,IDLE,,1,IDLE,,1,IDLE,,1,IDLE,,1,IDLE,,1,IDLE,,1,IDLE,,1,IDLE,,1,IDLE,,1,IDLE,,1,IDLE,,1,IDLE,,1,IDLE,,1,IDLE,,1,IDLE,,1,IDLE,,1,IDLE,,1,IDLE,,1,IDLE,,1,IDLE,,1,IDLE,,1,IDLE,,1,IDLE,,1,IDLE,,1,IDLE,,1,IDLE,,1,IDLE,,32,0.19,0,0,9,19,0.12,0,0,4,49,0.05,0,0,2,22,0.12,0,0,1,14,0.00,0,0,1,128,0.16,5,2,1,89,0.13,0,0,2,19,0.09,0,0,6,34,0.07,0,0,2,37,0.06,4,0,2,25,0.06,0,0,2,23,0.06,0,0,3,16,0.06,0,0,1,50,0.09,0,0,2,110,0.00,4,0,2,34,0.11,0,0,9,63,0.14,0,0,3,5,0.04,0,0,9,33,0.17,5,0,1,4,0.04,0,0,2,32,0.11,0,0,2,7,0.07,0,0,1,0,0.07,0,0,2,51,0.08,0,0,1,14,0.11,0,0,1,26,0.08,0,0,2,37,0.08,0,0,2,13,0.09,0,0,2,2,0.06,0,0,2,17,0.03,0,0,2,2,0.02,0,0,2,21,0.12,0,0,2,13,0.11,0,0,2,23,0.07,0,0,2,62,0.06,0,0,3,6,0.12,0,0,3,2,0.07,0,0,2,31,0.13,0,0,2,27,0.07,0,0,3,54,0.08,0,0,3
232,1247,59,0,18,0,2,0,1,MOVING_TO_FIELD,Field_6,1,MOVING_TO_FIELD,Field_6,1,PROTECTING,Field_6,1,PROTECTING,Field_6,1,IDLE,,1,PROTECTING,Field_15,1,IDLE,,1,PROTECTING,Field_15,1,IDLE,,1,IDLE,,1,IDLE,,1,IDLE,,1,IDLE,,1,PROTECTING,Field_15,1,IDLE,,1,PROTECTING,Field_15,1,IDLE,,1,PROTECTING,Field_6,1,IDLE,,1,IDLE,,1,IDLE,,1,IDLE,,1,PROTECTING,Field_10,1,PROTECTING,Field_10,1,PROTECTING,Field_10,1,PROTECTING,Field_6,1,PROTECTING,Field_6,1,IDLE,,1,PROTECTING,Field_19,1,PROTECTING,Field_19,1,PROTECTING,Field_19,1,IDLE,,1,IDLE,,1,IDLE,,1,IDLE,,1,IDLE,,1,IDLE,,1,PROTECTING,Field_10,1,IDLE,,1,IDLE,,1,IDLE,,1,IDLE,,1,IDLE,,1,PROTECTING,Field_19,1,PROTECTING,Field_19,1,IDLE,,1,IDLE,,1,IDLE,,1,IDLE,,1,IDLE,,1,IDLE,,1,IDLE,,1,IDLE,,1,IDLE,,1,IDLE,,1,IDLE,,1,IDLE,,1,IDLE,,1,IDLE,,1,IDLE,,1,IDLE,,1,IDLE,,1,IDLE,,1,IDLE,,1,IDLE,,1,IDLE,,1,IDLE,,1,IDLE,,1,IDLE,,1,IDLE,,1,IDLE,,1,IDLE,,1,IDLE,,1,IDLE,,1,IDLE,,1,IDLE,,1,IDLE,,1,IDLE,,1,IDLE,,32,0.19,0,0,9,19,0.13,0,0,4,49,0.05,0,0,2,22,0.12,0,0,1,14,0.00,0,0,1,128,0.16,5,2,1,89,0.13,0,0,2,19,0.12,0,0,6,34,0.05,0,0,2,37,0.06,4,0,2,25,0.06,0,0,2,23,0.06,0,0,3,16,0.06,0,0,1,50,0.10,0,0,2,110,0.00,4,0,2,34,0.11,0,0,9,63,0.14,0,0,3,5,0.04,0,0,9,33,0.17,5,0,1,4,0.04,0,0,2,32,0.11,0,0,2,7,0.07,0,0,1,0,0.07,0,0,2,51,0.07,0,0,1,14,0.11,0,0,1,26,0.08,0,0,2,37,0.09,0,0,2,13,0.09,0,0,2,2,0.06,0,0,2,17,0.04,0,0,2,2,0.02,0,0,2,21,0.13,0,0,2,13,0.09,0,0,2,24,0.07,0,0,2,62,0.05,0,0,3,6,0.12,0,0,3,2,0.06,0,0,2,31,0.10,0,0,2,27,0.07,0,0,3,54,0.07,0,0,3
233,1247,59,0,18,0,2,0,1,MOVING_TO_FIELD,Field_6,1,MOVING_TO_FIELD,Field_6,1,PROTECTING,Field_6,1,PROTECTING,Field_6,1,IDLE,,1,PROTECTING,Field_15,1,IDLE,,1,PROTECTING,Field_15,1,IDLE,,1,IDLE,,1,IDLE,,1,IDLE,,1,IDLE,,1,PROTECTING,Field_15,1,IDLE,,1,PROTECTING,Field_15,1,IDLE,,1,PROTECTING,Field_6,1,IDLE,,1,IDLE,,1,IDLE,,1,IDLE,,1,PROTECTING,Field_10,1,PROTECTING,Field_10,1,PROTECTING,Field_10,1,PROTECTING,Field_6,1,PROTECTING,Field_6,1,IDLE,,1,PROTECTING,Field_19,1,PROTECTING,Field_19,1,PROTECTING,Field_19,1,IDLE,,1,IDLE,,1,IDLE,,1,IDLE,,1,IDLE,,1,IDLE,,1,PROTECTING,Field_10,1,IDLE,,1,IDLE,,1,IDLE,,1,IDLE,,1,IDLE,,1,PROTECTING,Field_19,1,PROTECTING,Field_19,1,IDLE,,1,IDLE,,1,IDLE,,1,IDLE,,1,IDLE,,1,IDLE,,1,IDLE,,1,IDLE,,1,IDLE,,1,IDLE,,1,IDLE,,1,IDLE,,1,IDLE,,1,IDLE,,1,IDLE,,1,IDLE,,1,IDLE,,1,IDLE,,1,IDLE,,1,IDLE,,1,IDLE,,1,IDLE,,1,IDLE,,1,IDLE,,1,IDLE,,1,IDLE,,1,IDLE,,1,IDLE,,1,IDLE,,1,IDLE,,1,IDLE,,1,IDLE,,1,IDLE,,1,IDLE,,32,0.18,0,0,9,19,0.12,0,0,4,49,0.05,0,0,2,22,0.12,0,0,1,14,0.00,0,0,1,128,0.16,5,2,1,89,0.13,0,0,2,19,0.12,0,0,6,34,0.05,0,0,2,37,0.06,4,0,2,25,0.06,0,0,2,23,0.07,0,0,3,16,0.06,0,0,1,50,0.10,0,0,2,110,0.00,4,0,2,34,0.09,0,0,9,63,0.14,0,0,3,5,0.04,0,0,9,33,0.16,5,0,1,4,0.04,0,0,2,32,0.11,0,0,2,7,0.07,0,0,1,0,0.07,0,0,2,51,0.07,0,0,1,14,0.13,0,0,1,26,0.08,0,0,2,37,0.10,0,0,2,13,0.09,0,0,2,2,0.06,0,0,2,17,0.04,0,0,2,2,0.02,0,0,2,21,0.13,0,0,2,13,0.05,0,0,2,24,0.07,0,0,2,62,0.05,0,0,3,6,0.10,0,0,3,2,0.06,0,0,2,31,0.10,0,0,2,27,0.07,0,0,3,54,0.07,0,0,3
234,1250,59,0,18,0,2,0,1,MOVING_TO_FIELD,Field_6,1,MOVING_TO_FIELD,Field_6,1,PROTECTING,Field_6,1,PROTECTING,Field_6,1,IDLE,,1,PROTECTING,Field_15,1,IDLE,,1,PROTECTING,Field_15,1,IDLE,,1,IDLE,,1,IDLE,,1,IDLE,,1,IDLE,,1,PROTECTING,Field_15,1,IDLE,,1,PROTECTING,Field_15,1,IDLE,,1,PROTECTING,Field_6,1,IDLE,,1,IDLE,,1,IDLE,,1,IDLE,,1,PROTECTING,Field_10,1,PROTECTING,Field_10,1,PROTECTING,Field_10,1,PROTECTING,Field_6,1,PROTECTING,Field_6,1,IDLE,,1,PROTECTING,Field_19,1,PROTECTING,Field_19,1,PROTECTING,Field_19,1,IDLE,,1,IDLE,,1,IDLE,,1,IDLE,,1,IDLE,,1,IDLE,,1,PROTECTING,Field_10,1,IDLE,,1,IDLE,,1,IDLE,,1,IDLE,,1,IDLE,,1,PROTECTING,Field_19,1,PROTECTING,Field_19,1,IDLE,,1,IDLE,,1,IDLE,,1,IDLE,,1,IDLE,,1,IDLE,,1,IDLE,,1,IDLE,,1,IDLE,,1,IDLE,,1,IDLE,,1,IDLE,,1,IDLE,,1,IDLE,,1,IDLE,,1,IDLE,,1,IDLE,,1,IDLE,,1,IDLE,,1,IDLE,,1,IDLE,,1,IDLE,,1,IDLE,,1,IDLE,,1,IDLE,,1,IDLE,,1,IDLE,,1,IDLE,,1,IDLE,,1,IDLE,,1,IDLE,,1,IDLE,,1,IDLE,,1,IDLE,,32,0.20,0,0,9,19,0.12,0,0,4,49,0.06,0,0,2,22,0.12,0,0,1,14,0.00,0,0,1,128,0.16,5,2,1,89,0.11,0,0,2,19,0.12,0,0,6,34,0.05,0,0,2,37,0.07,4,0,2,25,0.04,0,0,2,23,0.06,0,0,3,16,0.06,0,0,1,50,0.10,0,0,2,110,0.00,4,0,2,34,0.11,0,0,9,64,0.13,0,0,3,5,0.04,0,0,9,35,0.17,5,0,1,4,0.04,0,0,2,32,0.11,0,0,2,7,0.07,0,0,1,0,0.07,0,0,2,51,0.08,0,0,1,14,0.13,0,0,1,26,0.08,0,0,2,37,0.09,0,0,2,13,0.09,0,0,2,2,0.06,0,0,2,17,0.05,0,0,2,2,0.02,0,0,2,21,0.14,0,0,2,13,0.05,0,0,2,24,0.07,0,0,2,62,0.06,0,0,3,6,0.10,0,0,3,2,0.06,0,0,2,31,0.09,0,0,2,27,0.07,0,0,3,54,0.07,0,0,3
235,1252,59,0,18,0,2,0,1,MOVING_TO_FIELD,Field_6,1,MOVING_TO_FIELD,Field_6,1,PROTECTING,Field_6,1,PROTECTING,Field_6,1,IDLE,,1,PROTECTING,Field_15,1,IDLE,,1,PROTECTING,Field_15,1,IDLE,,1,IDLE,,1,IDLE,,1,IDLE,,1,IDLE,,1,PROTECTING,Field_15,1,IDLE,,1,PROTECTING,Field_15,1,IDLE,,1,PROTECTING,Field_6,1,IDLE,,1,IDLE,,1,IDLE,,1,IDLE,,1,PROTECTING,Field_10,1,PROTECTING,Field_10,1,PROTECTING,Field_10,1,PROTECTING,Field_6,1,PROTECTING,Field_6,1,IDLE,,1,PROTECTING,Field_19,1,PROTECTING,Field_19,1,PROTECTING,Field_19,1,IDLE,,1,IDLE,,1,IDLE,,1,IDLE,,1,IDLE,,1,IDLE,,1,PROTECTING,Field_10,1,IDLE,,1,IDLE,,1,IDLE,,1,IDLE,,1,IDLE,,1,PROTECTING,Field_19,1,PROTECTING,Field_19,1,IDLE,,1,IDLE,,1,IDLE,,1,IDLE,,1,IDLE,,1,IDLE,,1,IDLE,,1,IDLE,,1,IDLE,,1,IDLE,,1,IDLE,,1,IDLE,,1,IDLE,,1,IDLE,,1,IDLE,,1,IDLE,,1,IDLE,,1,IDLE,,1,IDLE,,1,IDLE,,1,IDLE,,1,IDLE,,1,IDLE,,1,IDLE,,1,IDLE,,1,IDLE,,1,IDLE,,1,IDLE,,1,IDLE,,1,IDLE,,1,IDLE,,1,IDLE,,1,IDLE,,1,IDLE,,33,0.20,0,0,9,19,0.12,0,0,4,49,0.08,0,0,2,22,0.12,0,0,1,14,0.00,0,0,1,128,0.17,5,2,1,89,0.10,0,0,2,19,0.12,0,0,6,34,0.05,0,0,2,37,0.08,4,0,2,25,0.04,0,0,2,23,0.07,0,0,3,16,0.05,0,0,1,50,0.12,0,0,2,110,0.00,4,0,2,34,0.12,0,0,9,64,0.13,0,0,3,5,0.05,0,0,9,35,0.17,5,0,1,4,0.04,0,0,2,32,0.12,0,0,2,7,0.07,0,0,1,0,0.07,0,0,2,51,0.07,0,0,1,15,0.13,0,0,1,26,0.08,0,0,2,37,0.10,0,0,2,13,0.09,0,0,2,2,0.06,0,0,2,17,0.05,0,0,2,2,0.02,0,0,2,21,0.14,0,0,2,13,0.05,0,0,2,24,0.05,0,0,2,62,0.07,0,0,3,6,0.10,0,0,3,2,0.06,0,0,2,31,0.07,0,0,2,27,0.07,0,0,3,54,0.07,0,0,3
236,1257,59,0,18,0,2,0,1,MOVING_TO_FIELD,Field_6,1,MOVING_TO_FIELD,Field_6,1,PROTECTING,Field_6,1,PROTECTING,Field_6,1,IDLE,,1,PROTECTING,Field_15,1,IDLE,,1,PROTECTING,Field_15,1,IDLE,,1,IDLE,,1,IDLE,,1,IDLE,,1,IDLE,,1,PROTECTING,Field_15,1,IDLE,,1,PROTECTING,Field_15,1,IDLE,,1,PROTECTING,Field_6,1,IDLE,,1,IDLE,,1,IDLE,,1,IDLE,,1,PROTECTING,Field_10,1,PROTECTING,Field_10,1,PROTECTING,Field_10,1,PROTECTING,Field_6,1,PROTECTING,Field_6,1,IDLE,,1,PROTECTING,Field_19,1,PROTECTING,Field_19,1,PROTECTING,Field_19,1,IDLE,,1,IDLE,,1,IDLE,,1,IDLE,,1,IDLE,,1,IDLE,,1,PROTECTING,Field_10,1,IDLE,,1,IDLE,,1,IDLE,,1,IDLE,,1,IDLE,,1,PROTECTING,Field_19,1,PROTECTING,Field_19,1,IDLE,,1,IDLE,,1,IDLE,,1,IDLE,,1,IDLE,,1,IDLE,,1,IDLE,,1,IDLE,,1,IDLE,,1,IDLE,,1,IDLE,,1,IDLE,,1,IDLE,,1,IDLE,,1,IDLE,,1,IDLE,,1,IDLE,,1,IDLE,,1,IDLE,,1,IDLE,,1,IDLE,,1,IDLE,,1,IDLE,,1,IDLE,,1,IDLE,,1,IDLE,,1,IDLE,,1,IDLE,,1,IDLE,,1,IDLE,,1,IDLE,,1,IDLE,,1,IDLE,,1,IDLE,,34,0.22,0,0,9,19,0.12,0,0,4,49,0.08,0,0,2,22,0.12,0,0,1,14,0.00,0,0,1,128,0.18,5,2,1,89,0.10,0,0,2,19,0.13,0,0,6,34,0.05,0,0,2,39,0.08,4,0,2,25,0.04,0,0,2,23,0.07,0,0,3,16,0.06,0,0,1,50,0.10,0,0,2,110,0.00,4,0,2,34,0.12,0,0,9,64,0.11,0,0,3,5,0.06,0,0,9,36,0.16,5,0,1,4,0.05,0,0,2,32,0.12,0,0,2,7,0.07,0,0,1,0,0.07,0,0,2,51,0.07,0,0,1,16,0.13,0,0,1,26,0.08,0,0,2,37,0.10,0,0,2,13,0.09,0,0,2,2,0.03,0,0,2,17,0.05,0,0,2,2,0.02,0,0,2,21,0.14,0,0,2,13,0.07,0,0,2,24,0.02,0,0,2,62,0.07,0,0,3,6,0.09,0,0,3,2,0.06,0,0,2,31,0.07,0,0,2,27,0.07,0,0,3,54,0.07,0,0,3
237,1263,59,0,18,0,2,0,1,MOVING_TO_FIELD,Field_6,1,MOVING_TO_FIELD,Field_6,1,PROTECTING,Field_6,1,PROTECTING,Field_6,1,IDLE,,1,PROTECTING,Field_15,1,IDLE,,1,PROTECTING,Field_15,1,IDLE,,1,IDLE,,1,IDLE,,1,IDLE,,1,IDLE,,1,PROTECTING,Field_15,1,IDLE,,1,PROTECTING,Field_15,1,IDLE,,1,PROTECTING,Field_6,1,IDLE,,1,IDLE,,1,IDLE,,1,IDLE,,1,PROTECTING,Field_10,1,PROTECTING,Field_10,1,PROTECTING,Field_10,1,PROTECTING,Field_6,1,PROTECTING,Field_6,1,IDLE,,1,PROTECTING,Field_19,1,PROTECTING,Field_19,1,PROTECTING,Field_19,1,IDLE,,1,IDLE,,1,IDLE,,1,IDLE,,1,IDLE,,1,IDLE,,1,PROTECTING,Field_10,1,IDLE,,1,IDLE,,1,IDLE,,1,IDLE,,1,IDLE,,1,PROTECTING,Field_19,1,PROTECTING,Field_19,1,IDLE,,1,IDLE,,1,IDLE,,1,IDLE,,1,IDLE,,1,IDLE,,1,IDLE,,1,IDLE,,1,IDLE,,1,IDLE,,1,IDLE,,1,IDLE,,1,IDLE,,1,IDLE,,1,IDLE,,1,IDLE,,1,IDLE,,1,IDLE,,1,IDLE,,1,IDLE,,1,IDLE,,1,IDLE,,1,IDLE,,1,IDLE,,1,IDLE,,1,IDLE,,1,IDLE,,1,IDLE,,1,IDLE,,1,IDLE,,1,IDLE,,1,IDLE,,1,IDLE,,1,IDLE,,34,0.23,0,0,9,19,0.12,0,0,4,49,0.08,0,0,2,22,0.12,0,0,1,14,0.00,0,0,1,130,0.17,5,2,1,89,0.09,0,0,2,19,0.13,0,0,6,34,0.04,0,0,2,39,0.07,4,0,2,25,0.04,0,0,2,23,0.06,0,0,3,17,0.06,0,0,1,50,0.12,0,0,2,110,0.00,4,0,2,34,0.11,0,0,9,64,0.11,0,0,3,5,0.05,0,0,9,36,0.16,5,0,1,4,0.04,0,0,2,32,0.12,0,0,2,7,0.07,0,0,1,0,0.07,0,0,2,51,0.07,0,0,1,17,0.11,0,0,1,26,0.09,0,0,2,38,0.10,0,0,2,13,0.09,0,0,2,2,0.05,0,0,2,17,0.04,0,0,2,2,0.02,0,0,2,21,0.13,0,0,2,13,0.07,0,0,2,24,0.02,0,0,2,62,0.06,0,0,3,6,0.09,0,0,3,2,0.06,0,0,2,32,0.06,0,0,2,27,0.07,0,0,3,54,0.07,0,0,3
238,1265,59,0,18,0,2,0,1,MOVING_TO_FIELD,Field_6,1,MOVING_TO_FIELD,Field_6,1,PROTECTING,Field_6,1,PROTECTING,Field_6,1,IDLE,,1,PROTECTING,Field_15,1,IDLE,,1,PROTECTING,Field_15,1,IDLE,,1,IDLE,,1,IDLE,,1,IDLE,,1,IDLE,,1,PROTECTING,Field_15,1,IDLE,,1,PROTECTING,Field_15,1,IDLE,,1,PROTECTING,Field_6,1,IDLE,,1,IDLE,,1,IDLE,,1,IDLE,,1,PROTECTING,Field_10,1,PROTECTING,Field_10,1,PROTECTING,Field_10,1,PROTECTING,Field_6,1,PROTECTING,Field_6,1,IDLE,,1,PROTECTING,Field_19,1,PROTECTING,Field_19,1,PROTECTING,Field_19,1,IDLE,,1,IDLE,,1,IDLE,,1,IDLE,,1,IDLE,,1,IDLE,,1,PROTECTING,Field_10,1,IDLE,,1,IDLE,,1,IDLE,,1,IDLE,,1,IDLE,,1,PROTECTING,Field_19,1,PROTECTING,Field_19,1,IDLE,,1,IDLE,,1,IDLE,,1,IDLE,,1,IDLE,,1,IDLE,,1,IDLE,,1,IDLE,,1,IDLE,,1,IDLE,,1,IDLE,,1,IDLE,,1,IDLE,,1,IDLE,,1,IDLE,,1,IDLE,,1,IDLE,,1,IDLE,,1,IDLE,,1,IDLE,,1,IDLE,,1,IDLE,,1,IDLE,,1,IDLE,,1,IDLE,,1,IDLE,,1,IDLE,,1,IDLE,,1,IDLE,,1,IDLE,,1,IDLE,,1,IDLE,,1,IDLE,,1,IDLE,,34,0.24,0,0,9,19,0.12,0,0,4,49,0.09,0,0,2,22,0.12,0,0,1,14,0.00,0,0,1,130,0.18,5,2,1,89,0.09,0,0,2,19,0.13,0,0,6,34,0.04,0,0,2,39,0.07,4,0,2,25,0.04,0,0,2,23,0.06,0,0,3,17,0.06,0,0,1,50,0.12,0,0,2,110,0.00,4,0,2,34,0.11,0,0,9,65,0.12,0,0,3,5,0.05,0,0,9,37,0.16,5,0,1,4,0.05,0,0,2,32,0.12,0,0,2,7,0.05,0,0,1,0,0.05,0,0,2,51,0.07,0,0,1,17,0.11,0,0,1,26,0.09,0,0,2,38,0.10,0,0,2,13,0.07,0,0,2,2,0.05,0,0,2,17,0.04,0,0,2,2,0.02,0,0,2,21,0.13,0,0,2,13,0.07,0,0,2,24,0.02,0,0,2,62,0.07,0,0,3,6,0.09,0,0,3,2,0.05,0,0,2,32,0.06,0,0,2,27,0.07,0,0,3,54,0.07,0,0,3
239,1269,59,0,18,0,2,0,1,MOVING_TO_FIELD,Field_6,1,MOVING_TO_FIELD,Field_6,1,PROTECTING,Field_6,1,PROTECTING,Field_6,1,IDLE,,1,PROTECTING,Field_15,1,IDLE,,1,PROTECTING,Field_15,1,IDLE,,1,IDLE,,1,IDLE,,1,IDLE,,1,IDLE,,1,PROTECTING,Field_15,1,IDLE,,1,PROTECTING,Field_15,1,IDLE,,1,PROTECTING,Field_6,1,IDLE,,1,IDLE,,1,IDLE,,1,IDLE,,1,PROTECTING,Field_10,1,PROTECTING,Field_10,1,PROTECTING,Field_10,1,PROTECTING,Field_6,1,PROTECTING,Field_6,1,IDLE,,1,PROTECTING,Field_19,1,PROTECTING,Field_19,1,PROTECTING,Field_19,1,IDLE,,1,IDLE,,1,IDLE,,1,IDLE,,1,IDLE,,1,IDLE,,1,PROTECTING,Field_10,1,IDLE,,1,IDLE,,1,IDLE,,1,IDLE,,1,IDLE,,1,PROTECTING,Field_19,1,PROTECTING,Field_19,1,IDLE,,1,IDLE,,1,IDLE,,1,IDLE,,1,IDLE,,1,IDLE,,1,IDLE,,1,IDLE,,1,IDLE,,1,IDLE,,1,IDLE,,1,IDLE,,1,IDLE,,1,IDLE,,1,IDLE,,1,IDLE,,1,IDLE,,1,IDLE,,1,IDLE,,1,IDLE,,1,IDLE,,1,IDLE,,1,IDLE,,1,IDLE,,1,IDLE,,1,IDLE,,1,IDLE,,1,IDLE,,1,IDLE,,1,IDLE,,1,IDLE,,1,IDLE,,1,IDLE,,1,IDLE,,34,0.24,0,0,9,19,0.10,0,0,4,49,0.10,0,0,2,22,0.12,0,0,1,14,0.00,0,0,1,131,0.18,5,2,1,89,0.08,0,0,2,19,0.13,0,0,6,34,0.04,0,0,2,39,0.08,4,0,2,25,0.04,0,0,2,23,0.06,0,0,3,17,0.06,0,0,1,50,0.12,0,0,2,110,0.00,4,0,2,34,0.11,0,0,9,65,0.12,0,0,3,5,0.06,0,0,9,37,0.16,5,0,1,4,0.05,0,0,2,32,0.11,0,0,2,7,0.05,0,0,1,0,0.05,0,0,2,51,0.07,0,0,1,18,0.11,0,0,1,26,0.08,0,0,2,38,0.10,0,0,2,13,0.04,0,0,2,2,0.05,0,0,2,17,0.03,0,0,2,2,0.02,0,0,2,22,0.13,0,0,2,14,0.09,0,0,2,24,0.03,0,0,2,62,0.07,0,0,3,6,0.09,0,0,3,2,0.03,0,0,2,32,0.06,0,0,2,27,0.07,0,0,3,54,0.07,0,0,3
240,1275,59,0,18,0,2,0,1,MOVING_TO_FIELD,Field_6,1,MOVING_TO_FIELD,Field_6,1,PROTECTING,Field_6,1,PROTECTING,Field_6,1,IDLE,,1,PROTECTING,Field_15,1,IDLE,,1,PROTECTING,Field_15,1,IDLE,,1,IDLE,,1,IDLE,,1,IDLE,,1,IDLE,,1,PROTECTING,Field_15,1,IDLE,,1,PROTECTING,Field_15,1,IDLE,,1,PROTECTING,Field_6,1,IDLE,,1,IDLE,,1,IDLE,,1,IDLE,,1,PROTECTING,Field_10,1,PROTECTING,Field_10,1,PROTECTING,Field_10,1,PROTECTING,Field_6,1,PROTECTING,Field_6,1,IDLE,,1,PROTECTING,Field_19,1,PROTECTING,Field_19,1,PROTECTING,Field_19,1,IDLE,,1,IDLE,,1,IDLE,,1,IDLE,,1,IDLE,,1,IDLE,,1,PROTECTING,Field_10,1,IDLE,,1,IDLE,,1,IDLE,,1,IDLE,,1,IDLE,,1,PROTECTING,Field_19,1,PROTECTING,Field_19,1,IDLE,,1,IDLE,,1,IDLE,,1,IDLE,,1,IDLE,,1,IDLE,,1,IDLE,,1,IDLE,,1,IDLE,,1,IDLE,,1,IDLE,,1,IDLE,,1,IDLE,,1,IDLE,,1,IDLE,,1,IDLE,,1,IDLE,,1,IDLE,,1,IDLE,,1,IDLE,,1,IDLE,,1,IDLE,,1,IDLE,,1,IDLE,,1,IDLE,,1,IDLE,,1,IDLE,,1,IDLE,,1,IDLE,,1,IDLE,,1,IDLE,,1,IDLE,,1,IDLE,,1,IDLE,,35,0.24,0,0,9,19,0.10,0,0,4,49,0.10,0,0,2,23,0.12,0,0,1,14,0.00,0,0,1,133,0.17,5,2,1,90,0.08,0,0,2,19,0.13,0,0,6,34,0.04,0,0,2,39,0.07,4,0,2,25,0.07,0,0,2,23,0.06,0,0,3,17,0.06,0,0,1,50,0.10,0,0,2,110,0.00,4,0,2,34,0.11,0,0,9,65,0.13,0,0,3,5,0.06,0,0,9,38,0.16,5,0,1,4,0.05,0,0,2,32,0.11,0,0,2,7,0.05,0,0,1,0,0.07,0,0,2,51,0.07,0,0,1,18,0.11,0,0,1,26,0.08,0,0,2,38,0.10,0,0,2,13,0.09,0,0,2,2,0.05,0,0,2,17,0.03,0,0,2,2,0.02,0,0,2,22,0.12,0,0,2,14,0.09,0,0,2,24,0.03,0,0,2,62,0.07,0,0,3,6,0.10,0,0,3,2,0.03,0,0,2,32,0.06,0,0,2,27,0.07,0,0,3,54,0.05,0,0,3
241,1276,59,0,14,0,6,0,1,MOVING_TO_FIELD,Field_6,1,MOVING_TO_FIELD,Field_6,1,PROTECTING,Field_6,1,PROTECTING,Field_6,1,IDLE,,1,MOVING_TO_FIELD,Field_16,1,IDLE,,1,MOVING_TO_FIELD,Field_16,1,IDLE,,1,IDLE,,1,IDLE,,1,IDLE,,1,IDLE,,1,MOVING_TO_FIELD,Field_16,1,IDLE,,1,MOVING_TO_FIELD,Field_19,1,IDLE,,1,PROTECTING,Field_6,1,IDLE,,1,IDLE,,1,IDLE,,1,IDLE,,1,PROTECTING,Field_10,1,PROTECTING,Field_10,1,PROTECTING,Field_10,1,PROTECTING,Field_6,1,PROTECTING,Field_6,1,IDLE,,1,PROTECTING,Field_19,1,PROTECTING,Field_19,1,PROTECTING,Field_19,1,IDLE,,1,IDLE,,1,IDLE,,1,IDLE,,1,IDLE,,1,IDLE,,1,PROTECTING,Field_10,1,IDLE,,1,IDLE,,1,IDLE,,1,IDLE,,1,IDLE,,1,PROTECTING,Field_19,1,PROTECTING,Field_19,1,IDLE,,1,IDLE,,1,IDLE,,1,IDLE,,1,IDLE,,1,IDLE,,1,IDLE,,1,IDLE,,1,IDLE,,1,IDLE,,1,IDLE,,1,IDLE,,1,IDLE,,1,IDLE,,1,IDLE,,1,IDLE,,1,IDLE,,1,IDLE,,1,IDLE,,1,IDLE,,1,IDLE,,1,IDLE,,1,IDLE,,1,IDLE,,1,IDLE,,1,IDLE,,1,IDLE,,1,IDLE,,1,IDLE,,1,IDLE,,1,IDLE,,1,IDLE,,1,IDLE,,1,IDLE,,35,0.23,0,0,9,19,0.10,0,0,4,49,0.11,0,0,2,23,0.12,0,0,1,14,0.00,0,0,1,133,0.18,5,2,1,90,0.08,0,0,2,19,0.12,0,0,6,34,0.04,0,0,2,39,0.08,4,0,2,25,0.07,0,0,2,23,0.04,0,0,3,17,0.05,0,0,1,50,0.09,0,0,2,110,0.01,0,0,6,34,0.11,0,3,9,65,0.12,0,0,3,5,0.08,0,0,9,39,0.14,5,1,1,4,0.07,0,0,2,32,0.11,0,0,2,7,0.05,0,0,1,0,0.08,0,0,2,51,0.07,0,0,1,18,0.09,0,0,1,26,0.08,0,0,2,38,0.10,0,0,2,13,0.09,0,0,2,2,0.05,0,0,2,17,0.03,0,0,2,2,0.02,0,0,2,22,0.10,0,0,2,14,0.09,0,0,2,24,0.03,0,0,2,62,0.06,0,0,3,6,0.10,0,0,3,2,0.03,0,0,2,32,0.06,0,0,2,27,0.07,0,0,3,54,0.05,0,0,3
242,1279,59,0,14,0,6,0,1,MOVING_TO_FIELD,Field_6,1,MOVING_TO_FIELD,Field_6,1,PROTECTING,Field_6,1,PROTECTING,Field_6,1,IDLE,,1,MOVING_TO_FIELD,Field_16,1,IDLE,,1,MOVING_TO_FIELD,Field_16,1,IDLE,,1,IDLE,,1,IDLE,,1,IDLE,,1,IDLE,,1,MOVING_TO_FIELD,Field_16,1,IDLE,,1,MOVING_TO_FIELD,Field_19,1,IDLE,,1,PROTECTING,Field_6,1,IDLE,,1,IDLE,,1,IDLE,,1,IDLE,,1,PROTECTING,Field_10,1,PROTECTING,Field_10,1,PROTECTING,Field_10,1,PROTECTING,Field_6,1,PROTECTING,Field_6,1,IDLE,,1,PROTECTING,Field_19,1,PROTECTING,Field_19,1,PROTECTING,Field_19,1,IDLE,,1,IDLE,,1,IDLE,,1,IDLE,,1,IDLE,,1,IDLE,,1,PROTECTING,Field_10,1,IDLE,,1,IDLE,,1,IDLE,,1,IDLE,,1,IDLE,,1,PROTECTING,Field_19,1,PROTECTING,Field_19,1,IDLE,,1,IDLE,,1,IDLE,,1,IDLE,,1,IDLE,,1,IDLE,,1,IDLE,,1,IDLE,,1,IDLE,,1,IDLE,,1,IDLE,,1,IDLE,,1,IDLE,,1,IDLE,,1,IDLE,,1,IDLE,,1,IDLE,,1,IDLE,,1,IDLE,,1,IDLE,,1,IDLE,,1,IDLE,,1,IDLE,,1,IDLE,,1,IDLE,,1,IDLE,,1,IDLE,,1,IDLE,,1,IDLE,,1,IDLE,,1,IDLE,,1,IDLE,,1,IDLE,,1,IDLE,,36,0.23,0,0,9,19,0.10,0,0,4,49,0.11,0,0,2,23,0.12,0,0,1,14,0.00,0,0,1,134,0.17,5,2,1,90,0.08,0,0,2,19,0.13,0,0,6,34,0.04,0,0,2,40,0.07,4,0,2,25,0.09,0,0,2,23,0.04,0,0,3,17,0.05,0,0,1,50,0.09,0,0,2,110,0.01,0,0,6,34,0.11,0,3,9,65,0.12,0,0,3,5,0.08,0,0,9,39,0.14,5,1,1,4,0.07,0,0,2,32,0.11,0,0,2,7,0.05,0,0,1,0,0.10,0,0,2,51,0.07,0,0,1,18,0.09,0,0,1,26,0.06,0,0,2,38,0.10,0,0,2,13,0.11,0,0,2,2,0.03,0,0,2,17,0.03,0,0,2,2,0.02,0,0,2,22,0.10,0,0,2,14,0.11,0,0,2,24,0.03,0,0,2,62,0.06,0,0,3,6,0.10,0,0,3,2,0.03,0,0,2,32,0.06,0,0,2,27,0.07,0,0,3,54,0.04,0,0,3
243,1282,59,0,14,0,6,0,1,MOVING_TO_FIELD,Field_6,1,MOVING_TO_FIELD,Field_6,1,PROTECTING,Field_6,1,PROTECTING,Field_6,1,IDLE,,1,MOVING_TO_FIELD,Field_16,1,IDLE,,1,MOVING_TO_FIELD,Field_16,1,IDLE,,1,IDLE,,1,IDLE,,1,IDLE,,1,IDLE,,1,MOVING_TO_FIELD,Field_16,1,IDLE,,1,MOVING_TO_FIELD,Field_19,1,IDLE,,1,PROTECTING,Field_6,1,IDLE,,1,IDLE,,1,IDLE,,1,IDLE,,1,PROTECTING,Field_10,1,PROTECTING,Field_10,1,PROTECTING,Field_10,1,PROTECTING,Field_6,1,PROTECTING,Field_6,1,IDLE,,1,PROTECTING,Field_19,1,PROTECTING,Field_19,1,PROTECTING,Field_19,1,IDLE,,1,IDLE,,1,IDLE,,1,IDLE,,1,IDLE,,1,IDLE,,1,PROTECTING,Field_10,1,IDLE,,1,IDLE,,1,IDLE,,1,IDLE,,1,IDLE,,1,PROTECTING,Field_19,1,PROTECTING,Field_19,1,IDLE,,1,IDLE,,1,IDLE,,1,IDLE,,1,IDLE,,1,IDLE,,1,IDLE,,1,IDLE,,1,IDLE,,1,IDLE,,1,IDLE,,1,IDLE,,1,IDLE,,1,IDLE,,1,IDLE,,1,IDLE,,1,IDLE,,1,IDLE,,1,IDLE,,1,IDLE,,1,IDLE,,1,IDLE,,1,IDLE,,1,IDLE,,1,IDLE,,1,IDLE,,1,IDLE,,1,IDLE,,1,IDLE,,1,IDLE,,1,IDLE,,1,IDLE,,1,IDLE,,1,IDLE,,36,0.22,0,0,9,19,0.12,0,0,4,49,0.09,0,0,2,23,0.15,0,0,1,14,0.00,0,0,1,134,0.16,5,2,1,91,0.08,0,0,2,19,0.13,0,0,6,34,0.04,0,0,2,40,0.07,4,0,2,25,0.09,0,0,2,23,0.04,0,0,3,17,0.03,0,0,1,50,0.07,0,0,2,110,0.01,0,0,6,34,0.11,0,3,9,65,0.12,0,0,3,5,0.09,0,0,9,39,0.13,5,1,1,4,0.07,0,0,2,32,0.11,0,0,2,7,0.05,0,0,1,0,0.11,0,0,2,51,0.07,0,0,1,19,0.09,0,0,1,26,0.08,0,0,2,38,0.11,0,0,2,13,0.11,0,0,2,2,0.02,0,0,2,17,0.03,0,0,2,2,0.02,0,0,2,22,0.10,0,0,2,15,0.11,0,0,2,24,0.03,0,0,2,62,0.05,0,0,3,6,0.10,0,0,3,2,0.05,0,0,2,32,0.06,0,0,2,27,0.08,0,0,3,54,0.04,0,0,3
244,1286,59,0,14,0,6,0,1,MOVING_TO_FIELD,Field_6,1,MOVING_TO_FIELD,Field_6,1,PROTECTING,Field_6,1,PROTECTING,Field_6,1,IDLE,,1,MOVING_TO_FIELD,Field_16,1,IDLE,,1,MOVING_TO_FIELD,Field_16,1,IDLE,,1,IDLE,,1,IDLE,,1,IDLE,,1,IDLE,,1,MOVING_TO_FIELD,Field_16,1,IDLE,,1,MOVING_TO_FIELD,Field_19,1,IDLE,,1,PROTECTING,Field_6,1,IDLE,,1,IDLE,,1,IDLE,,1,IDLE,,1,PROTECTING,Field_10,1,PROTECTING,Field_10,1,PROTECTING,Field_10,1,PROTECTING,Field_6,1,PROTECTING,Field_6,1,IDLE,,1,PROTECTING,Field_19,1,PROTECTING,Field_19,1,PROTECTING,Field_19,1,IDLE,,1,IDLE,,1,IDLE,,1,IDLE,,1,IDLE,,1,IDLE,,1,PROTECTING,Field_10,1,IDLE,,1,IDLE,,1,IDLE,,1,IDLE,,1,IDLE,,1,PROTECTING,Field_19,1,PROTECTING,Field_19,1,IDLE,,1,IDLE,,1,IDLE,,1,IDLE,,1,IDLE,,1,IDLE,,1,IDLE,,1,IDLE,,1,IDLE,,1,IDLE,,1,IDLE,,1,IDLE,,1,IDLE,,1,IDLE,,1,IDLE,,1,IDLE,,1,IDLE,,1,IDLE,,1,IDLE,,1,IDLE,,1,IDLE,,1,IDLE,,1,IDLE,,1,IDLE,,1,IDLE,,1,IDLE,,1,IDLE,,1,IDLE,,1,IDLE,,1,IDLE,,1,IDLE,,1,IDLE,,1,IDLE,,1,IDLE,,37,0.21,0,0,9,19,0.12,0,0,4,49,0.10,0,0,2,24,0.15,0,0,1,14,0.00,0,0,1,136,0.16,5,2,1,91,0.09,0,0,2,19,0.13,0,0,6,34,0.04,0,0,2,40,0.05,4,0,2,25,0.09,0,0,2,23,0.04,0,0,3,17,0.03,0,0,1,50,0.08,0,0,2,110,0.01,0,0,6,34,0.11,0,3,9,65,0.12,0,0,3,5,0.10,0,0,9,39,0.13,5,1,1,4,0.07,0,0,2,32,0.11,0,0,2,7,0.05,0,0,1,0,0.11,0,0,2,51,0.07,0,0,1,19,0.09,0,0,1,26,0.08,0,0,2,38,0.11,0,0,2,13,0.11,0,0,2,2,0.02,0,0,2,17,0.03,0,0,2,2,0.02,0,0,2,22,0.12,0,0,2,15,0.09,0,0,2,24,0.03,0,0,2,62,0.06,0,0,3,6,0.10,0,0,3,2,0.06,0,0,2,32,0.06,0,0,2,27,0.08,0,0,3,54,0.04,0,0,3
245,1287,59,0,14,0,6,0,1,MOVING_TO_FIELD,Field_6,1,MOVING_TO_FIELD,Field_6,1,PROTECTING,Field_6,1,PROTECTING,Field_6,1,IDLE,,1,MOVING_TO_FIELD,Field_16,1,IDLE,,1,MOVING_TO_FIELD,Field_16,1,IDLE,,1,IDLE,,1,IDLE,,1,IDLE,,1,IDLE,,1,MOVING_TO_FIELD,Field_16,1,IDLE,,1,MOVING_TO_FIELD,Field_19,1,IDLE,,1,PROTECTING,Field_6,1,IDLE,,1,IDLE,,1,IDLE,,1,IDLE,,1,PROTECTING,Field_10,1,PROTECTING,Field_10,1,PROTECTING,Field_10,1,PROTECTING,Field_6,1,PROTECTING,Field_6,1,IDLE,,1,PROTECTING,Field_19,1,PROTECTING,Field_19,1,PROTECTING,Field_19,1,IDLE,,1,IDLE,,1,IDLE,,1,IDLE,,1,IDLE,,1,IDLE,,1,PROTECTING,Field_10,1,IDLE,,1,IDLE,,1,IDLE,,1,IDLE,,1,IDLE,,1,PROTECTING,Field_19,1,PROTECTING,Field_19,1,IDLE,,1,IDLE,,1,IDLE,,1,IDLE,,1,IDLE,,1,IDLE,,1,IDLE,,1,IDLE,,1,IDLE,,1,IDLE,,1,IDLE,,1,IDLE,,1,IDLE,,1,IDLE,,1,IDLE,,1,IDLE,,1,IDLE,,1,IDLE,,1,IDLE,,1,IDLE,,1,IDLE,,1,IDLE,,1,IDLE,,1,IDLE,,1,IDLE,,1,IDLE,,1,IDLE,,1,IDLE,,1,IDLE,,1,IDLE,,1,IDLE,,1,IDLE,,1,IDLE,,1,IDLE,,37,0.20,0,0,9,19,0.10,0,0,4,49,0.11,0,0,2,24,0.15,0,0,1,14,0.00,0,0,1,137,0.16,5,2,1,91,0.09,0,0,2,19,0.13,0,0,6,34,0.04,0,0,2,40,0.05,4,0,2,25,0.09,0,0,2,23,0.04,0,0,3,17,0.03,0,0,1,50,0.09,0,0,2,110,0.01,0,0,6,34,0.11,0,3,9,65,0.10,0,0,3,5,0.09,0,0,9,39,0.13,5,1,1,4,0.07,0,0,2,32,0.11,0,0,2,7,0.05,0,0,1,0,0.11,0,0,2,51,0.07,0,0,1,19,0.09,0,0,1,26,0.09,0,0,2,38,0.12,0,0,2,13,0.11,0,0,2,2,0.02,0,0,2,17,0.03,0,0,2,2,0.02,0,0,2,22,0.12,0,0,2,15,0.09,0,0,2,24,0.03,0,0,2,62,0.06,0,0,3,6,0.07,0,0,3,2,0.07,0,0,2,32,0.06,0,0,2,27,0.08,0,0,3,54,0.04,0,0,3
246,1291,59,0,14,0,6,0,1,MOVING_TO_FIELD,Field_6,1,MOVING_TO_FIELD,Field_6,1,PROTECTING,Field_6,1,PROTECTING,Field_6,1,IDLE,,1,MOVING_TO_FIELD,Field_16,1,IDLE,,1,MOVING_TO_FIELD,Field_16,1,IDLE,,1,IDLE,,1,IDLE,,1,IDLE,,1,IDLE,,1,MOVING_TO_FIELD,Field_16,1,IDLE,,1,MOVING_TO_FIELD,Field_19,1,IDLE,,1,PROTECTING,Field_6,1,IDLE,,1,IDLE,,1,IDLE,,1,IDLE,,1,PROTECTING,Field_10,1,PROTECTING,Field_10,1,PROTECTING,Field_10,1,PROTECTING,Field_6,1,PROTECTING,Field_6,1,IDLE,,1,PROTECTING,Field_19,1,PROTECTING,Field_19,1,PROTECTING,Field_19,1,IDLE,,1,IDLE,,1,IDLE,,1,IDLE,,1,IDLE,,1,IDLE,,1,PROTECTING,Field_10,1,IDLE,,1,IDLE,,1,IDLE,,1,IDLE,,1,IDLE,,1,PROTECTING,Field_19,1,PROTECTING,Field_19,1,IDLE,,1,IDLE,,1,IDLE,,1,IDLE,,1,IDLE,,1,IDLE,,1,IDLE,,1,IDLE,,1,IDLE,,1,IDLE,,1,IDLE,,1,IDLE,,1,IDLE,,1,IDLE,,1,IDLE,,1,IDLE,,1,IDLE,,1,IDLE,,1,IDLE,,1,IDLE,,1,IDLE,,1,IDLE,,1,IDLE,,1,IDLE,,1,IDLE,,1,IDLE,,1,IDLE,,1,IDLE,,1,IDLE,,1,IDLE,,1,IDLE,,1,IDLE,,1,IDLE,,1,IDLE,,38,0.21,0,0,9,19,0.10,0,0,4,49,0.10,0,0,2,24,0.12,0,0,1,14,0.00,0,0,1,138,0.15,5,2,1,91,0.10,0,0,2,19,0.14,0,0,6,34,0.04,0,0,2,40,0.05,4,0,2,25,0.10,0,0,2,23,0.04,0,0,3,17,0.02,0,0,1,50,0.09,0,0,2,110,0.01,0,0,6,34,0.11,0,3,9,65,0.10,0,0,3,5,0.10,0,0,9,41,0.12,5,1,1,4,0.08,0,0,2,32,0.11,0,0,2,7,0.05,0,0,1,0,0.11,0,0,2,51,0.07,0,0,1,19,0.07,0,0,1,26,0.09,0,0,2,38,0.12,0,0,2,13,0.11,0,0,2,2,0.00,0,0,2,17,0.03,0,0,2,2,0.02,0,0,2,22,0.12,0,0,2,15,0.07,0,0,2,24,0.03,0,0,2,62,0.06,0,0,3,6,0.07,0,0,3,2,0.09,0,0,2,32,0.09,0,0,2,27,0.09,0,0,3,54,0.04,0,0,3
247,1297,59,0,15,0,5,0,1,MOVING_TO_FIELD,Field_6,1,PROTECTING,Field_6,1,PROTECTING,Field_6,1,PROTECTING,Field_6,1,IDLE,,1,MOVING_TO_FIELD,Field_16,1,IDLE,,1,MOVING_TO_FIELD,Field_16,1,IDLE,,1,IDLE,,1,IDLE,,1,IDLE,,1,IDLE,,1,MOVING_TO_FIELD,Field_16,1,IDLE,,1,MOVING_TO_FIELD,Field_19,1,IDLE,,1,PROTECTING,Field_6,1,IDLE,,1,IDLE,,1,IDLE,,1,IDLE,,1,PROTECTING,Field_10,1,PROTECTING,Field_10,1,PROTECTING,Field_10,1,PROTECTING,Field_6,1,PROTECTING,Field_6,1,IDLE,,1,PROTECTING,Field_19,1,PROTECTING,Field_19,1,PROTECTING,Field_19,1,IDLE,,1,IDLE,,1,IDLE,,1,IDLE,,1,IDLE,,1,IDLE,,1,PROTECTING,Field_10,1,IDLE,,1,IDLE,,1,IDLE,,1,IDLE,,1,IDLE,,1,PROTECTING,Field_19,1,PROTECTING,Field_19,1,IDLE,,1,IDLE,,1,IDLE,,1,IDLE,,1,IDLE,,1,IDLE,,1,IDLE,,1,IDLE,,1,IDLE,,1,IDLE,,1,IDLE,,1,IDLE,,1,IDLE,,1,IDLE,,1,IDLE,,1,IDLE,,1,IDLE,,1,IDLE,,1,IDLE,,1,IDLE,,1,IDLE,,1,IDLE,,1,IDLE,,1,IDLE,,1,IDLE,,1,IDLE,,1,IDLE,,1,IDLE,,1,IDLE,,1,IDLE,,1,IDLE,,1,IDLE,,1,IDLE,,1,IDLE,,38,0.21,0,0,9,19,0.10,0,0,4,50,0.10,0,0,2,24,0.12,0,0,1,14,0.00,0,0,1,138,0.16,6,1,0,91,0.10,0,0,2,19,0.14,0,0,6,34,0.04,0,0,2,40,0.05,4,0,2,25,0.10,0,0,2,23,0.04,0,0,3,17,0.02,0,0,1,51,0.09,0,0,2,110,0.01,0,0,6,34,0.11,0,3,9,66,0.10,0,0,3,5,0.11,0,0,9,42,0.10,5,1,1,4,0.08,0,0,2,32,0.12,0,0,2,7,0.07,0,0,1,0,0.11,0,0,2,51,0.10,0,0,1,19,0.07,0,0,1,26,0.08,0,0,2,39,0.09,0,0,2,13,0.11,0,0,2,2,0.00,0,0,2,17,0.03,0,0,2,2,0.02,0,0,2,22,0.12,0,0,2,15,0.07,0,0,2,24,0.03,0,0,2,62,0.07,0,0,3,6,0.07,0,0,3,2,0.07,0,0,2,33,0.09,0,0,2,27,0.12,0,0,3,54,0.04,0,0,3
248,1299,59,0,15,0,5,0,1,MOVING_TO_FIELD,Field_6,1,PROTECTING,Field_6,1,PROTECTING,Field_6,1,PROTECTING,Field_6,1,IDLE,,1,MOVING_TO_FIELD,Field_16,1,IDLE,,1,MOVING_TO_FIELD,Field_16,1,IDLE,,1,IDLE,,1,IDLE,,1,IDLE,,1,IDLE,,1,MOVING_TO_FIELD,Field_16,1,IDLE,,1,MOVING_TO_FIELD,Field_19,1,IDLE,,1,PROTECTING,Field_6,1,IDLE,,1,IDLE,,1,IDLE,,1,IDLE,,1,PROTECTING,Field_10,1,PROTECTING,Field_10,1,PROTECTING,Field_10,1,PROTECTING,Field_6,1,PROTECTING,Field_6,1,IDLE,,1,PROTECTING,Field_19,1,PROTECTING,Field_19,1,PROTECTING,Field_19,1,IDLE,,1,IDLE,,1,IDLE,,1,IDLE,,1,IDLE,,1,IDLE,,1,PROTECTING,Field_10,1,IDLE,,1,IDLE,,1,IDLE,,1,IDLE,,1,IDLE,,1,PROTECTING,Field_19,1,PROTECTING,Field_19,1,IDLE,,1,IDLE,,1,IDLE,,1,IDLE,,1,IDLE,,1,IDLE,,1,IDLE,,1,IDLE,,1,IDLE,,1,IDLE,,1,IDLE,,1,IDLE,,1,IDLE,,1,IDLE,,1,IDLE,,1,IDLE,,1,IDLE,,1,IDLE,,1,IDLE,,1,IDLE,,1,IDLE,,1,IDLE,,1,IDLE,,1,IDLE,,1,IDLE,,1,IDLE,,1,IDLE,,1,IDLE,,1,IDLE,,1,IDLE,,1,IDLE,,1,IDLE,,1,IDLE,,1,IDLE,,38,0.21,0,0,9,19,0.12,0,0,4,50,0.10,0,0,2,24,0.12,0,0,1,14,0.00,0,0,1,138,0.16,6,1,0,91,0.10,0,0,2,19,0.15,0,0,6,34,0.05,0,0,2,40,0.05,4,0,2,25,0.09,0,0,2,23,0.04,0,0,3,17,0.02,0,0,1,51,0.09,0,0,2,110,0.01,0,0,6,34,0.11,0,3,9,67,0.08,0,0,3,5,0.12,0,0,9,42,0.10,5,1,1,4,0.08,0,0,2,32,0.12,0,0,2,7,0.07,0,0,1,0,0.11,0,0,2,52,0.10,0,0,1,19,0.07,0,0,1,26,0.08,0,0,2,39,0.09,0,0,2,13,0.11,0,0,2,2,0.00,0,0,2,17,0.03,0,0,2,2,0.02,0,0,2,22,0.12,0,0,2,15,0.09,0,0,2,24,0.05,0,0,2,62,0.06,0,0,3,6,0.07,0,0,3,2,0.07,0,0,2,33,0.09,0,0,2,27,0.12,0,0,3,54,0.04,0,0,3
249,1300,59,0,15,0,5,0,1,MOVING_TO_FIELD,Field_6,1,PROTECTING,Field_6,1,PROTECTING,Field_6,1,PROTECTING,Field_6,1,IDLE,,1,MOVING_TO_FIELD,Field_16,1,IDLE,,1,MOVING_TO_FIELD,Field_16,1,IDLE,,1,IDLE,,1,IDLE,,1,IDLE,,1,IDLE,,1,MOVING_TO_FIELD,Field_16,1,IDLE,,1,MOVING_TO_FIELD,Field_19,1,IDLE,,1,PROTECTING,Field_6,1,IDLE,,1,IDLE,,1,IDLE,,1,IDLE,,1,PROTECTING,Field_10,1,PROTECTING,Field_10,1,PROTECTING,Field_10,1,PROTECTING,Field_6,1,PROTECTING,Field_6,1,IDLE,,1,PROTECTING,Field_19,1,PROTECTING,Field_19,1,PROTECTING,Field_19,1,IDLE,,1,IDLE,,1,IDLE,,1,IDLE,,1,IDLE,,1,IDLE,,1,PROTECTING,Field_10,1,IDLE,,1,IDLE,,1,IDLE,,1,IDLE,,1,IDLE,,1,PROTECTING,Field_19,1,PROTECTING,Field_19,1,IDLE,,1,IDLE,,1,IDLE,,1,IDLE,,1,IDLE,,1,IDLE,,1,IDLE,,1,IDLE,,1,IDLE,,1,IDLE,,1,IDLE,,1,IDLE,,1,IDLE,,1,IDLE,,1,IDLE,,1,IDLE,,1,IDLE,,1,IDLE,,1,IDLE,,1,IDLE,,1,IDLE,,1,IDLE,,1,IDLE,,1,IDLE,,1,IDLE,,1,IDLE,,1,IDLE,,1,IDLE,,1,IDLE,,1,IDLE,,1,IDLE,,1,IDLE,,1,IDLE,,1,IDLE,,38,0.22,0,0,9,19,0.12,0,0,4,50,0.11,0,0,2,24,0.12,0,0,1,14,0.00,0,0,1,138,0.15,6,1,0,91,0.09,0,0,2,19,0.15,0,0,6,34,0.05,0,0,2,40,0.05,4,0,2,25,0.09,0,0,2,23,0.04,0,0,3,17,0.02,0,0,1,51,0.10,0,0,2,110,0.02,0,0,6,34,0.11,0,3,9,67,0.06,0,0,3,5,0.12,0,0,9,43,0.08,5,1,1,4,0.08,0,0,2,32,0.12,0,0,2,7,0.07,0,0,1,0,0.08,0,0,2,52,0.10,0,0,1,19,0.07,0,0,1,26,0.08,0,0,2,39,0.09,0,0,2,13,0.11,0,0,2,2,0.02,0,0,2,17,0.03,0,0,2,2,0.02,0,0,2,22,0.10,0,0,2,15,0.09,0,0,2,24,0.05,0,0,2,62,0.07,0,0,3,6,0.07,0,0,3,2,0.06,0,0,2,33,0.07,0,0,2,27,0.12,0,0,3,54,0.04,0,0,3
250,1301,59,0,15,0,5,0,1,MOVING_TO_FIELD,Field_6,1,PROTECTING,Field_6,1,PROTECTING,Field_6,1,PROTECTING,Field_6,1,IDLE,,1,MOVING_TO_FIELD,Field_16,1,IDLE,,1,MOVING_TO_FIELD,Field_16,1,IDLE,,1,IDLE,,1,IDLE,,1,IDLE,,1,IDLE,,1,MOVING_TO_FIELD,Field_16,1,IDLE,,1,MOVING_TO_FIELD,Field_19,1,IDLE,,1,PROTECTING,Field_6,1,IDLE,,1,IDLE,,1,IDLE,,1,IDLE,,1,PROTECTING,Field_10,1,PROTECTING,Field_10,1,PROTECTING,Field_10,1,PROTECTING,Field_6,1,PROTECTING,Field_6,1,IDLE,,1,PROTECTING,Field_19,1,PROTECTING,Field_19,1,PROTECTING,Field_19,1,IDLE,,1,IDLE,,1,IDLE,,1,IDLE,,1,IDLE,,1,IDLE,,1,PROTECTING,Field_10,1,IDLE,,1,IDLE,,1,IDLE,,1,IDLE,,1,IDLE,,1,PROTECTING,Field_19,1,PROTECTING,Field_19,1,IDLE,,1,IDLE,,1,IDLE,,1,IDLE,,1,IDLE,,1,IDLE,,1,IDLE,,1,IDLE,,1,IDLE,,1,IDLE,,1,IDLE,,1,IDLE,,1,IDLE,,1,IDLE,,1,IDLE,,1,IDLE,,1,IDLE,,1,IDLE,,1,IDLE,,1,IDLE,,1,IDLE,,1,IDLE,,1,IDLE,,1,IDLE,,1,IDLE,,1,IDLE,,1,IDLE,,1,IDLE,,1,IDLE,,1,IDLE,,1,IDLE,,1,IDLE,,1,IDLE,,1,IDLE,,38,0.22,0,0,9,19,0.12,0,0,4,51,0.11,0,0,2,24,0.10,0,0,1,14,0.00,0,0,1,138,0.15,6,1,0,91,0.09,0,0,2,19,0.15,0,0,6,34,0.05,0,0,2,40,0.05,4,0,2,25,0.09,0,0,2,23,0.05,0,0,3,17,0.02,0,0,1,51,0.10,0,0,2,110,0.02,0,0,6,34,0.09,0,3,9,67,0.08,0,0,3,5,0.12,0,0,9,43,0.08,5,1,1,4,0.08,0,0,2,32,0.12,0,0,2,7,0.07,0,0,1,0,0.08,0,0,2,52,0.10,0,0,1,19,0.07,0,0,1,26,0.09,0,0,2,39,0.09,0,0,2,13,0.11,0,0,2,2,0.02,0,0,2,17,0.04,0,0,2,2,0.02,0,0,2,22,0.09,0,0,2,15,0.09,0,0,2,24,0.05,0,0,2,62,0.08,0,0,3,6,0.07,0,0,3,2,0.07,0,0,2,33,0.07,0,0,2,27,0.12,0,0,3,54,0.04,0,0,3
251,1304,61,0,16,0,2,0,1,PROTECTING,Field_6,1,PROTECTING,Field_6,1,PROTECTING,Field_6,1,PROTECTING,Field_6,1,IDLE,,1,IDLE,,1,IDLE,,1,IDLE,,1,IDLE,,1,IDLE,,1,IDLE,,1,IDLE,,1,IDLE,,1,MOVING_TO_FIELD,Field_16,1,IDLE,,1,MOVING_TO_FIELD,Field_19,1,IDLE,,1,PROTECTING,Field_6,1,IDLE,,1,IDLE,,1,IDLE,,1,IDLE,,1,PROTECTING,Field_10,1,PROTECTING,Field_10,1,PROTECTING,Field_10,1,PROTECTING,Field_6,1,PROTECTING,Field_6,1,IDLE,,1,PROTECTING,Field_19,1,PROTECTING,Field_19,1,PROTECTING,Field_19,1,IDLE,,1,IDLE,,1,IDLE,,1,IDLE,,1,IDLE,,1,IDLE,,1,PROTECTING,Field_10,1,IDLE,,1,IDLE,,1,IDLE,,1,IDLE,,1,IDLE,,1,PROTECTING,Field_19,1,PROTECTING,Field_19,1,IDLE,,1,IDLE,,1,IDLE,,1,IDLE,,1,IDLE,,1,IDLE,,1,IDLE,,1,IDLE,,1,IDLE,,1,IDLE,,1,IDLE,,1,IDLE,,1,IDLE,,1,IDLE,,1,IDLE,,1,IDLE,,1,IDLE,,1,IDLE,,1,IDLE,,1,IDLE,,1,IDLE,,1,IDLE,,1,IDLE,,1,IDLE,,1,IDLE,,1,IDLE,,1,IDLE,,1,IDLE,,1,IDLE,,1,IDLE,,1,IDLE,,1,IDLE,,1,IDLE,,1,IDLE,,38,0.21,0,0,9,19,0.12,0,0,4,51,0.11,0,0,2,24,0.05,0,0,1,14,0.00,0,0,1,138,0.14,7,0,-1,91,0.10,0,0,2,19,0.15,0,0,6,34,0.04,0,0,2,40,0.05,4,0,2,25,0.10,0,0,2,24,0.05,0,0,3,17,0.02,0,0,1,51,0.12,0,0,2,110,0.03,0,0,6,34,0.07,0,1,9,67,0.06,0,0,3,5,0.12,0,0,9,44,0.08,5,1,1,4,0.10,0,0,2,32,0.12,0,0,2,8,0.07,0,0,1,0,0.10,0,0,2,52,0.10,0,0,1,19,0.07,0,0,1,26,0.09,0,0,2,39,0.09,0,0,2,13,0.11,0,0,2,2,0.03,0,0,2,17,0.04,0,0,2,2,0.02,0,0,2,22,0.09,0,0,2,15,0.07,0,0,2,24,0.05,0,0,2,62,0.08,0,0,3,6,0.07,0,0,3,2,0.07,0,0,2,33,0.07,0,0,2,27,0.14,0,0,3,54,0.04,0,0,3
252,1306,61,0,16,0,2,0,1,PROTECTING,Field_6,1,PROTECTING,Field_6,1,PROTECTING,Field_6,1,PROTECTING,Field_6,1,IDLE,,1,IDLE,,1,IDLE,,1,IDLE,,1,IDLE,,1,IDLE,,1,IDLE,,1,IDLE,,1,IDLE,,1,MOVING_TO_FIELD,Field_16,1,IDLE,,1,MOVING_TO_FIELD,Field_19,1,IDLE,,1,PROTECTING,Field_6,1,IDLE,,1,IDLE,,1,IDLE,,1,IDLE,,1,PROTECTING,Field_10,1,PROTECTING,Field_10,1,PROTECTING,Field_10,1,PROTECTING,Field_6,1,PROTECTING,Field_6,1,IDLE,,1,PROTECTING,Field_19,1,PROTECTING,Field_19,1,PROTECTING,Field_19,1,IDLE,,1,IDLE,,1,IDLE,,1,IDLE,,1,IDLE,,1,IDLE,,1,PROTECTING,Field_10,1,IDLE,,1,IDLE,,1,IDLE,,1,IDLE,,1,IDLE,,1,PROTECTING,Field_19,1,PROTECTING,Field_19,1,IDLE,,1,IDLE,,1,IDLE,,1,IDLE,,1,IDLE,,1,IDLE,,1,IDLE,,1,IDLE,,1,IDLE,,1,IDLE,,1,IDLE,,1,IDLE,,1,IDLE,,1,IDLE,,1,IDLE,,1,IDLE,,1,IDLE,,1,IDLE,,1,IDLE,,1,IDLE,,1,IDLE,,1,IDLE,,1,IDLE,,1,IDLE,,1,IDLE,,1,IDLE,,1,IDLE,,1,IDLE,,1,IDLE,,1,IDLE,,1,IDLE,,1,IDLE,,1,IDLE,,1,IDLE,,38,0.22,0,0,9,19,0.12,0,0,4,51,0.11,0,0,2,24,0.05,0,0,1,14,0.00,0,0,1,138,0.12,7,0,-1,91,0.10,0,0,2,19,0.14,0,0,6,34,0.03,0,0,2,40,0.05,4,0,2,25,0.10,0,0,2,24,0.05,0,0,3,17,0.00,0,0,1,51,0.09,0,0,2,110,0.04,0,0,6,34,0.06,0,1,9,67,0.06,0,0,3,5,0.12,0,0,9,44,0.08,5,1,1,5,0.08,0,0,2,32,0.09,0,0,2,8,0.05,0,0,1,0,0.08,0,0,2,52,0.08,0,0,1,19,0.07,0,0,1,26,0.09,0,0,2,40,0.09,0,0,2,13,0.11,0,0,2,2,0.03,0,0,2,17,0.04,0,0,2,2,0.02,0,0,2,22,0.09,0,0,2,15,0.09,0,0,2,24,0.03,0,0,2,62,0.08,0,0,3,6,0.07,0,0,3,2,0.05,0,0,2,33,0.07,0,0,2,27,0.12,0,0,3,54,0.05,0,0,3
253,1309,61,0,16,0,2,0,1,PROTECTING,Field_6,1,PROTECTING,Field_6,1,PROTECTING,Field_6,1,PROTECTING,Field_6,1,IDLE,,1,IDLE,,1,IDLE,,1,IDLE,,1,IDLE,,1,IDLE,,1,IDLE,,1,IDLE,,1,IDLE,,1,MOVING_TO_FIELD,Field_16,1,IDLE,,1,MOVING_TO_FIELD,Field_19,1,IDLE,,1,PROTECTING,Field_6,1,IDLE,,1,IDLE,,1,IDLE,,1,IDLE,,1,PROTECTING,Field_10,1,PROTECTING,Field_10,1,PROTECTING,Field_10,1,PROTECTING,Field_6,1,PROTECTING,Field_6,1,IDLE,,1,PROTECTING,Field_19,1,PROTECTING,Field_19,1,PROTECTING,Field_19,1,IDLE,,1,IDLE,,1,IDLE,,1,IDLE,,1,IDLE,,1,IDLE,,1,PROTECTING,Field_10,1,IDLE,,1,IDLE,,1,IDLE,,1,IDLE,,1,IDLE,,1,PROTECTING,Field_19,1,PROTECTING,Field_19,1,IDLE,,1,IDLE,,1,IDLE,,1,IDLE,,1,IDLE,,1,IDLE,,1,IDLE,,1,IDLE,,1,IDLE,,1,IDLE,,1,IDLE,,1,IDLE,,1,IDLE,,1,IDLE,,1,IDLE,,1,IDLE,,1,IDLE,,1,IDLE,,1,IDLE,,1,IDLE,,1,IDLE,,1,IDLE,,1,IDLE,,1,IDLE,,1,IDLE,,1,IDLE,,1,IDLE,,1,IDLE,,1,IDLE,,1,IDLE,,1,IDLE,,1,IDLE,,1,IDLE,,1,IDLE,,39,0.22,0,0,9,20,0.12,0,0,4,51,0.10,0,0,2,24,0.05,0,0,1,14,0.00,0,0,1,138,0.12,7,0,-1,91,0.10,0,0,2,19,0.14,0,0,6,34,0.03,0,0,2,40,0.04,4,0,2,25,0.10,0,0,2,24,0.05,0,0,3,17,0.00,0,0,1,51,0.08,0,0,2,110,0.04,0,0,6,34,0.06,0,1,9,67,0.06,0,0,3,5,0.11,0,0,9,44,0.08,5,1,1,5,0.07,0,0,2,32,0.11,0,0,2,9,0.05,0,0,1,0,0.08,0,0,2,52,0.07,0,0,1,19,0.07,0,0,1,26,0.09,0,0,2,40,0.07,0,0,2,13,0.11,0,0,2,2,0.03,0,0,2,17,0.04,0,0,2,2,0.02,0,0,2,22,0.09,0,0,2,15,0.09,0,0,2,24,0.07,0,0,2,62,0.10,0,0,3,6,0.07,0,0,3,2,0.05,0,0,2,33,0.07,0,0,2,27,0.12,0,0,3,54,0.07,0,0,3
254,1311,61,0,16,0,2,0,1,PROTECTING,Field_6,1,PROTECTING,Field_6,1,PROTECTING,Field_6,1,PROTECTING,Field_6,1,IDLE,,1,IDLE,,1,IDLE,,1,IDLE,,1,IDLE,,1,IDLE,,1,IDLE,,1,IDLE,,1,IDLE,,1,MOVING_TO_FIELD,Field_16,1,IDLE,,1,MOVING_TO_FIELD,Field_19,1,IDLE,,1,PROTECTING,Field_6,1,IDLE,,1,IDLE,,1,IDLE,,1,IDLE,,1,PROTECTING,Field_10,1,PROTECTING,Field_10,1,PROTECTING,Field_10,1,PROTECTING,Field_6,1,PROTECTING,Field_6,1,IDLE,,1,PROTECTING,Field_19,1,PROTECTING,Field_19,1,PROTECTING,Field_19,1,IDLE,,1,IDLE,,1,IDLE,,1,IDLE,,1,IDLE,,1,IDLE,,1,PROTECTING,Field_10,1,IDLE,,1,IDLE,,1,IDLE,,1,IDLE,,1,IDLE,,1,PROTECTING,Field_19,1,PROTECTING,Field_19,1,IDLE,,1,IDLE,,1,IDLE,,1,IDLE,,1,IDLE,,1,IDLE,,1,IDLE,,1,IDLE,,1,IDLE,,1,IDLE,,1,IDLE,,1,IDLE,,1,IDLE,,1,IDLE,,1,IDLE,,1,IDLE,,1,IDLE,,1,IDLE,,1,IDLE,,1,IDLE,,1,IDLE,,1,IDLE,,1,IDLE,,1,IDLE,,1,IDLE,,1,IDLE,,1,IDLE,,1,IDLE,,1,IDLE,,1,IDLE,,1,IDLE,,1,IDLE,,1,IDLE,,1,IDLE,,39,0.22,0,0,9,20,0.12,0,0,4,51,0.09,0,0,2,24,0.05,0,0,1,14,0.00,0,0,1,138,0.10,7,0,-1,91,0.11,0,0,2,19,0.15,0,0,6,34,0.03,0,0,2,40,0.04,4,0,2,25,0.09,0,0,2,25,0.05,0,0,3,17,0.00,0,0,1,51,0.08,0,0,2,110,0.04,0,0,6,34,0.05,0,1,9,67,0.08,0,0,3,5,0.11,0,0,9,44,0.09,5,1,1,5,0.05,0,0,2,32,0.11,0,0,2,9,0.03,0,0,1,0,0.08,0,0,2,52,0.07,0,0,1,19,0.07,0,0,1,26,0.12,0,0,2,40,0.07,0,0,2,13,0.11,0,0,2,2,0.03,0,0,2,17,0.04,0,0,2,2,0.02,0,0,2,23,0.09,0,0,2,15,0.09,0,0,2,24,0.08,0,0,2,62,0.10,0,0,3,6,0.05,0,0,3,2,0.06,0,0,2,33,0.06,0,0,2,27,0.11,0,0,3,54,0.08,0,0,3
255,1315,61,0,16,0,2,0,1,PROTECTING,Field_6,1,PROTECTING,Field_6,1,PROTECTING,Field_6,1,PROTECTING,Field_6,1,IDLE,,1,IDLE,,1,IDLE,,1,IDLE,,1,IDLE,,1,IDLE,,1,IDLE,,1,IDLE,,1,IDLE,,1,MOVING_TO_FIELD,Field_16,1,IDLE,,1,MOVING_TO_FIELD,Field_19,1,IDLE,,1,PROTECTING,Field_6,1,IDLE,,1,IDLE,,1,IDLE,,1,IDLE,,1,PROTECTING,Field_10,1,PROTECTING,Field_10,1,PROTECTING,Field_10,1,PROTECTING,Field_6,1,PROTECTING,Field_6,1,IDLE,,1,PROTECTING,Field_19,1,PROTECTING,Field_19,1,PROTECTING,Field_19,1,IDLE,,1,IDLE,,1,IDLE,,1,IDLE,,1,IDLE,,1,IDLE,,1,PROTECTING,Field_10,1,IDLE,,1,IDLE,,1,IDLE,,1,IDLE,,1,IDLE,,1,PROTECTING,Field_19,1,PROTECTING,Field_19,1,IDLE,,1,IDLE,,1,IDLE,,1,IDLE,,1,IDLE,,1,IDLE,,1,IDLE,,1,IDLE,,1,IDLE,,1,IDLE,,1,IDLE,,1,IDLE,,1,IDLE,,1,IDLE,,1,IDLE,,1,IDLE,,1,IDLE,,1,IDLE,,1,IDLE,,1,IDLE,,1,IDLE,,1,IDLE,,1,IDLE,,1,IDLE,,1,IDLE,,1,IDLE,,1,IDLE,,1,IDLE,,1,IDLE,,1,IDLE,,1,IDLE,,1,IDLE,,1,IDLE,,1,IDLE,,39,0.23,0,0,9,20,0.12,0,0,4,51,0.06,0,0,2,24,0.05,0,0,1,14,0.00,0,0,1,138,0.09,7,0,-1,91,0.11,0,0,2,19,0.13,0,0,6,34,0.03,0,0,2,40,0.04,4,0,2,25,0.07,0,0,2,26,0.04,0,0,3,17,0.00,0,0,1,51,0.07,0,0,2,110,0.04,0,0,6,34,0.05,0,1,9,67,0.06,0,0,3,5,0.11,0,0,9,46,0.09,5,1,1,5,0.05,0,0,2,32,0.11,0,0,2,9,0.03,0,0,1,0,0.07,0,0,2,52,0.04,0,0,1,19,0.09,0,0,1,26,0.12,0,0,2,40,0.07,0,0,2,13,0.09,0,0,2,2,0.03,0,0,2,17,0.03,0,0,2,2,0.02,0,0,2,24,0.10,0,0,2,15,0.07,0,0,2,24,0.08,0,0,2,62,0.10,0,0,3,6,0.05,0,0,3,2,0.07,0,0,2,33,0.07,0,0,2,27,0.10,0,0,3,54,0.07,0,0,3
256,1318,61,0,16,0,2,0,1,PROTECTING,Field_6,1,PROTECTING,Field_6,1,PROTECTING,Field_6,1,PROTECTING,Field_6,1,IDLE,,1,IDLE,,1,IDLE,,1,IDLE,,1,IDLE,,1,IDLE,,1,IDLE,,1,IDLE,,1,IDLE,,1,MOVING_TO_FIELD,Field_16,1,IDLE,,1,MOVING_TO_FIELD,Field_19,1,IDLE,,1,PROTECTING,Field_6,1,IDLE,,1,IDLE,,1,IDLE,,1,IDLE,,1,PROTECTING,Field_10,1,PROTECTING,Field_10,1,PROTECTING,Field_10,1,PROTECTING,Field_6,1,PROTECTING,Field_6,1,IDLE,,1,PROTECTING,Field_19,1,PROTECTING,Field_19,1,PROTECTING,Field_19,1,IDLE,,1,IDLE,,1,IDLE,,1,IDLE,,1,IDLE,,1,IDLE,,1,PROTECTING,Field_10,1,IDLE,,1,IDLE,,1,IDLE,,1,IDLE,,1,IDLE,,1,PROTECTING,Field_19,1,PROTECTING,Field_19,1,IDLE,,1,IDLE,,1,IDLE,,1,IDLE,,1,IDLE,,1,IDLE,,1,IDLE,,1,IDLE,,1,IDLE,,1,IDLE,,1,IDLE,,1,IDLE,,1,IDLE,,1,IDLE,,1,IDLE,,1,IDLE,,1,IDLE,,1,IDLE,,1,IDLE,,1,IDLE,,1,IDLE,,1,IDLE,,1,IDLE,,1,IDLE,,1,IDLE,,1,IDLE,,1,IDLE,,1,IDLE,,1,IDLE,,1,IDLE,,1,IDLE,,1,IDLE,,1,IDLE,,1,IDLE,,40,0.22,0,0,9,20,0.12,0,0,4,51,0.06,0,0,2,24,0.05,0,0,1,14,0.00,0,0,1,138,0.10,7,0,-1,91,0.11,0,0,2,19,0.14,0,0,6,34,0.03,0,0,2,40,0.04,4,0,2,25,0.07,0,0,2,26,0.04,0,0,3,17,0.00,0,0,1,51,0.08,0,0,2,110,0.04,0,0,6,34,0.05,0,1,9,67,0.06,0,0,3,5,0.11,0,0,9,46,0.09,5,1,1,5,0.05,0,0,2,32,0.11,0,0,2,9,0.03,0,0,1,0,0.07,0,0,2,53,0.05,0,0,1,19,0.09,0,0,1,26,0.10,0,0,2,40,0.08,0,0,2,13,0.09,0,0,2,2,0.05,0,0,2,17,0.03,0,0,2,2,0.02,0,0,2,24,0.12,0,0,2,15,0.07,0,0,2,24,0.08,0,0,2,62,0.10,0,0,3,6,0.05,0,0,3,3,0.07,0,0,2,33,0.07,0,0,2,27,0.10,0,0,3,54,0.07,0,0,3
257,1323,61,0,16,0,2,0,1,PROTECTING,Field_6,1,PROTECTING,Field_6,1,PROTECTING,Field_6,1,PROTECTING,Field_6,1,IDLE,,1,IDLE,,1,IDLE,,1,IDLE,,1,IDLE,,1,IDLE,,1,IDLE,,1,IDLE,,1,IDLE,,1,MOVING_TO_FIELD,Field_16,1,IDLE,,1,MOVING_TO_FIELD,Field_19,1,IDLE,,1,PROTECTING,Field_6,1,IDLE,,1,IDLE,,1,IDLE,,1,IDLE,,1,PROTECTING,Field_10,1,PROTECTING,Field_10,1,PROTECTING,Field_10,1,PROTECTING,Field_6,1,PROTECTING,Field_6,1,IDLE,,1,PROTECTING,Field_19,1,PROTECTING,Field_19,1,PROTECTING,Field_19,1,IDLE,,1,IDLE,,1,IDLE,,1,IDLE,,1,IDLE,,1,IDLE,,1,PROTECTING,Field_10,1,IDLE,,1,IDLE,,1,IDLE,,1,IDLE,,1,IDLE,,1,PROTECTING,Field_19,1,PROTECTING,Field_19,1,IDLE,,1,IDLE,,1,IDLE,,1,IDLE,,1,IDLE,,1,IDLE,,1,IDLE,,1,IDLE,,1,IDLE,,1,IDLE,,1,IDLE,,1,IDLE,,1,IDLE,,1,IDLE,,1,IDLE,,1,IDLE,,1,IDLE,,1,IDLE,,1,IDLE,,1,IDLE,,1,IDLE,,1,IDLE,,1,IDLE,,1,IDLE,,1,IDLE,,1,IDLE,,1,IDLE,,1,IDLE,,1,IDLE,,1,IDLE,,1,IDLE,,1,IDLE,,1,IDLE,,1,IDLE,,42,0.20,0,0,9,20,0.12,0,0,4,53,0.06,0,0,2,24,0.05,0,0,1,14,0.00,0,0,1,138,0.09,7,0,-1,91,0.11,0,0,2,19,0.15,0,0,6,34,0.03,0,0,2,40,0.04,4,0,2,25,0.06,0,0,2,26,0.04,0,0,3,17,0.00,0,0,1,51,0.07,0,0,2,110,0.04,0,0,6,34,0.05,0,1,9,67,0.09,0,0,3,5,0.13,0,0,9,46,0.09,5,1,1,5,0.05,0,0,2,32,0.11,0,0,2,9,0.03,0,0,1,0,0.07,0,0,2,53,0.05,0,0,1,19,0.07,0,0,1,26,0.10,0,0,2,40,0.08,0,0,2,13,0.09,0,0,2,2,0.05,0,0,2,17,0.03,0,0,2,2,0.02,0,0,2,25,0.12,0,0,2,15,0.07,0,0,2,24,0.08,0,0,2,62,0.10,0,0,3,6,0.05,0,0,3,3,0.08,0,0,2,33,0.07,0,0,2,27,0.12,0,0,3,54,0.09,0,0,3
258,1324,61,0,16,0,2,0,1,PROTECTING,Field_6,1,PROTECTING,Field_6,1,PROTECTING,Field_6,1,PROTECTING,Field_6,1,IDLE,,1,IDLE,,1,IDLE,,1,IDLE,,1,IDLE,,1,IDLE,,1,IDLE,,1,IDLE,,1,IDLE,,1,MOVING_TO_FIELD,Field_16,1,IDLE,,1,MOVING_TO_FIELD,Field_19,1,IDLE,,1,PROTECTING,Field_6,1,IDLE,,1,IDLE,,1,IDLE,,1,IDLE,,1,PROTECTING,Field_10,1,PROTECTING,Field_10,1,PROTECTING,Field_10,1,PROTECTING,Field_6,1,PROTECTING,Field_6,1,IDLE,,1,PROTECTING,Field_19,1,PROTECTING,Field_19,1,PROTECTING,Field_19,1,IDLE,,1,IDLE,,1,IDLE,,1,IDLE,,1,IDLE,,1,IDLE,,1,PROTECTING,Field_10,1,IDLE,,1,IDLE,,1,IDLE,,1,IDLE,,1,IDLE,,1,PROTECTING,Field_19,1,PROTECTING,Field_19,1,IDLE,,1,IDLE,,1,IDLE,,1,IDLE,,1,IDLE,,1,IDLE,,1,IDLE,,1,IDLE,,1,IDLE,,1,IDLE,,1,IDLE,,1,IDLE,,1,IDLE,,1,IDLE,,1,IDLE,,1,IDLE,,1,IDLE,,1,IDLE,,1,IDLE,,1,IDLE,,1,IDLE,,1,IDLE,,1,IDLE,,1,IDLE,,1,IDLE,,1,IDLE,,1,IDLE,,1,IDLE,,1,IDLE,,1,IDLE,,1,IDLE,,1,IDLE,,1,IDLE,,1,IDLE,,42,0.21,0,0,9,20,0.10,0,0,4,53,0.05,0,0,2,24,0.07,0,0,1,14,0.00,0,0,1,138,0.08,7,0,-1,91,0.11,0,0,2,19,0.15,0,0,6,34,0.02,0,0,2,40,0.06,4,0,2,25,0.06,0,0,2,26,0.04,0,0,3,17,0.02,0,0,1,51,0.07,0,0,2,110,0.03,0,0,6,34,0.05,0,1,9,67,0.10,0,0,3,5,0.12,0,0,9,46,0.08,5,1,1,5,0.05,0,0,2,32,0.12,0,0,2,9,0.03,0,0,1,0,0.05,0,0,2,53,0.05,0,0,1,19,0.07,0,0,1,26,0.09,0,0,2,40,0.07,0,0,2,13,0.09,0,0,2,2,0.05,0,0,2,17,0.03,0,0,2,2,0.02,0,0,2,25,0.12,0,0,2,15,0.07,0,0,2,24,0.12,0,0,2,62,0.10,0,0,3,6,0.05,0,0,3,3,0.09,0,0,2,33,0.07,0,0,2,28,0.12,0,0,3,54,0.11,0,0,3
259,1325,61,0,16,0,2,0,1,PROTECTING,Field_6,1,PROTECTING,Field_6,1,PROTECTING,Field_6,1,PROTECTING,Field_6,1,IDLE,,1,IDLE,,1,IDLE,,1,IDLE,,1,IDLE,,1,IDLE,,1,IDLE,,1,IDLE,,1,IDLE,,1,MOVING_TO_FIELD,Field_16,1,IDLE,,1,MOVING_TO_FIELD,Field_19,1,IDLE,,1,PROTECTING,Field_6,1,IDLE,,1,IDLE,,1,IDLE,,1,IDLE,,1,PROTECTING,Field_10,1,PROTECTING,Field_10,1,PROTECTING,Field_10,1,PROTECTING,Field_6,1,PROTECTING,Field_6,1,IDLE,,1,PROTECTING,Field_19,1,PROTECTING,Field_19,1,PROTECTING,Field_19,1,IDLE,,1,IDLE,,1,IDLE,,1,IDLE,,1,IDLE,,1,IDLE,,1,PROTECTING,Field_10,1,IDLE,,1,IDLE,,1,IDLE,,1,IDLE,,1,IDLE,,1,PROTECTING,Field_19,1,PROTECTING,Field_19,1,IDLE,,1,IDLE,,1,IDLE,,1,IDLE,,1,IDLE,,1,IDLE,,1,IDLE,,1,IDLE,,1,IDLE,,1,IDLE,,1,IDLE,,1,IDLE,,1,IDLE,,1,IDLE,,1,IDLE,,1,IDLE,,1,IDLE,,1,IDLE,,1,IDLE,,1,IDLE,,1,IDLE,,1,IDLE,,1,IDLE,,1,IDLE,,1,IDLE,,1,IDLE,,1,IDLE,,1,IDLE,,1,IDLE,,1,IDLE,,1,IDLE,,1,IDLE,,1,IDLE,,1,IDLE,,42,0.20,0,0,9,20,0.09,0,0,4,53,0.05,0,0,2,24,0.07,0,0,1,14,0.03,0,0,1,138,0.08,7,0,-1,91,0.10,0,0,2,19,0.14,0,0,6,34,0.02,0,0,2,40,0.07,4,0,2,25,0.06,0,0,2,26,0.04,0,0,3,17,0.02,0,0,1,51,0.07,0,0,2,110,0.03,0,0,6,34,0.05,0,1,9,67,0.10,0,0,3,5,0.11,0,0,9,46,0.08,5,1,1,5,0.05,0,0,2,32,0.12,0,0,2,9,0.02,0,0,1,0,0.03,0,0,2,53,0.05,0,0,1,19,0.07,0,0,1,26,0.09,0,0,2,40,0.07,0,0,2,13,0.09,0,0,2,2,0.06,0,0,2,17,0.03,0,0,2,2,0.02,0,0,2,25,0.12,0,0,2,15,0.07,0,0,2,24,0.12,0,0,2,62,0.10,0,0,3,6,0.05,0,0,3,3,0.09,0,0,2,33,0.07,0,0,2,29,0.13,0,0,3,54,0.12,0,0,3
260,1328,61,0,16,0,2,0,1,PROTECTING,Field_6,1,PROTECTING,Field_6,1,PROTECTING,Field_6,1,PROTECTING,Field_6,1,IDLE,,1,IDLE,,1,IDLE,,1,IDLE,,1,IDLE,,1,IDLE,,1,IDLE,,1,IDLE,,1,IDLE,,1,MOVING_TO_FIELD,Field_16,1,IDLE,,1,MOVING_TO_FIELD,Field_19,1,IDLE,,1,PROTECTING,Field_6,1,IDLE,,1,IDLE,,1,IDLE,,1,IDLE,,1,PROTECTING,Field_10,1,PROTECTING,Field_10,1,PROTECTING,Field_10,1,PROTECTING,Field_6,1,PROTECTING,Field_6,1,IDLE,,1,PROTECTING,Field_19,1,PROTECTING,Field_19,1,PROTECTING,Field_19,1,IDLE,,1,IDLE,,1,IDLE,,1,IDLE,,1,IDLE,,1,IDLE,,1,PROTECTING,Field_10,1,IDLE,,1,IDLE,,1,IDLE,,1,IDLE,,1,IDLE,,1,PROTECTING,Field_19,1,PROTECTING,Field_19,1,IDLE,,1,IDLE,,1,IDLE,,1,IDLE,,1,IDLE,,1,IDLE,,1,IDLE,,1,IDLE,,1,IDLE,,1,IDLE,,1,IDLE,,1,IDLE,,1,IDLE,,1,IDLE,,1,IDLE,,1,IDLE,,1,IDLE,,1,IDLE,,1,IDLE,,1,IDLE,,1,IDLE,,1,IDLE,,1,IDLE,,1,IDLE,,1,IDLE,,1,IDLE,,1,IDLE,,1,IDLE,,1,IDLE,,1,IDLE,,1,IDLE,,1,IDLE,,1,IDLE,,1,IDLE,,42,0.19,0,0,9,20,0.08,0,0,4,53,0.04,0,0,2,24,0.07,0,0,1,14,0.03,0,0,1,138,0.09,7,0,-1,91,0.10,0,0,2,20,0.13,0,0,6,34,0.02,0,0,2,40,0.08,4,0,2,25,0.06,0,0,2,26,0.04,0,0,3,17,0.02,0,0,1,51,0.08,0,0,2,110,0.03,0,0,6,34,0.05,0,1,9,67,0.09,0,0,3,5,0.11,0,0,9,46,0.08,5,1,1,5,0.05,0,0,2,32,0.12,0,0,2,9,0.02,0,0,1,0,0.03,0,0,2,53,0.05,0,0,1,19,0.07,0,0,1,26,0.08,0,0,2,40,0.07,0,0,2,14,0.09,0,0,2,2,0.06,0,0,2,17,0.03,0,0,2,2,0.02,0,0,2,25,0.12,0,0,2,16,0.05,0,0,2,24,0.12,0,0,2,62,0.10,0,0,3,6,0.05,0,0,3,3,0.08,0,0,2,33,0.07,0,0,2,29,0.12,0,0,3,54,0.12,0,0,3
261,1332,60,0,16,0,3,0,1,PROTECTING,Field_6,1,PROTECTING,Field_6,1,PROTECTING,Field_6,1,PROTECTING,Field_6,1,IDLE,,1,IDLE,,1,IDLE,,1,IDLE,,1,IDLE,,1,IDLE,,1,MOVING_TO_FIELD,Field_16,1,IDLE,,1,IDLE,,1,MOVING_TO_FIELD,Field_16,1,IDLE,,1,MOVING_TO_FIELD,Field_19,1,IDLE,,1,PROTECTING,Field_6,1,IDLE,,1,IDLE,,1,IDLE,,1,IDLE,,1,PROTECTING,Field_10,1,PROTECTING,Field_10,1,PROTECTING,Field_10,1,PROTECTING,Field_6,1,PROTECTING,Field_6,1,IDLE,,1,PROTECTING,Field_19,1,PROTECTING,Field_19,1,PROTECTING,Field_19,1,IDLE,,1,IDLE,,1,IDLE,,1,IDLE,,1,IDLE,,1,IDLE,,1,PROTECTING,Field_10,1,IDLE,,1,IDLE,,1,IDLE,,1,IDLE,,1,IDLE,,1,PROTECTING,Field_19,1,PROTECTING,Field_19,1,IDLE,,1,IDLE,,1,IDLE,,1,IDLE,,1,IDLE,,1,IDLE,,1,IDLE,,1,IDLE,,1,IDLE,,1,IDLE,,1,IDLE,,1,IDLE,,1,IDLE,,1,IDLE,,1,IDLE,,1,IDLE,,1,IDLE,,1,IDLE,,1,IDLE,,1,IDLE,,1,IDLE,,1,IDLE,,1,IDLE,,1,IDLE,,1,IDLE,,1,IDLE,,1,IDLE,,1,IDLE,,1,IDLE,,1,IDLE,,1,IDLE,,1,IDLE,,1,IDLE,,1,IDLE,,42,0.19,0,0,9,20,0.08,0,0,4,53,0.04,0,0,2,25,0.10,0,0,1,14,0.03,0,0,1,138,0.10,7,0,-1,91,0.10,0,0,2,20,0.13,0,0,6,34,0.02,0,0,2,40,0.08,4,0,2,25,0.06,0,0,2,26,0.04,0,0,3,17,0.02,0,0,1,51,0.08,0,0,2,110,0.03,0,0,6,34,0.05,0,2,9,67,0.08,0,0,3,5,0.11,0,0,9,46,0.08,5,1,1,5,0.05,0,0,2,32,0.12,0,0,2,9,0.02,0,0,1,0,0.03,0,0,2,54,0.05,0,0,1,19,0.04,0,0,1,26,0.08,0,0,2,41,0.07,0,0,2,15,0.09,0,0,2,2,0.08,0,0,2,17,0.03,0,0,2,2,0.02,0,0,2,25,0.12,0,0,2,16,0.05,0,0,2,24,0.12,0,0,2,62,0.10,0,0,3,6,0.05,0,0,3,3,0.08,0,0,2,33,0.07,0,0,2,29,0.11,0,0,3,54,0.12,0,0,3
262,1333,60,0,16,0,3,0,1,PROTECTING,Field_6,1,PROTECTING,Field_6,1,PROTECTING,Field_6,1,PROTECTING,Field_6,1,IDLE,,1,IDLE,,1,IDLE,,1,IDLE,,1,IDLE,,1,IDLE,,1,MOVING_TO_FIELD,Field_16,1,IDLE,,1,IDLE,,1,MOVING_TO_FIELD,Field_16,1,IDLE,,1,MOVING_TO_FIELD,Field_19,1,IDLE,,1,PROTECTING,Field_6,1,IDLE,,1,IDLE,,1,IDLE,,1,IDLE,,1,PROTECTING,Field_10,1,PROTECTING,Field_10,1,PROTECTING,Field_10,1,PROTECTING,Field_6,1,PROTECTING,Field_6,1,IDLE,,1,PROTECTING,Field_19,1,PROTECTING,Field_19,1,PROTECTING,Field_19,1,IDLE,,1,IDLE,,1,IDLE,,1,IDLE,,1,IDLE,,1,IDLE,,1,PROTECTING,Field_10,1,IDLE,,1,IDLE,,1,IDLE,,1,IDLE,,1,IDLE,,1,PROTECTING,Field_19,1,PROTECTING,Field_19,1,IDLE,,1,IDLE,,1,IDLE,,1,IDLE,,1,IDLE,,1,IDLE,,1,IDLE,,1,IDLE,,1,IDLE,,1,IDLE,,1,IDLE,,1,IDLE,,1,IDLE,,1,IDLE,,1,IDLE,,1,IDLE,,1,IDLE,,1,IDLE,,1,IDLE,,1,IDLE,,1,IDLE,,1,IDLE,,1,IDLE,,1,IDLE,,1,IDLE,,1,IDLE,,1,IDLE,,1,IDLE,,1,IDLE,,1,IDLE,,1,IDLE,,1,IDLE,,1,IDLE,,1,IDLE,,42,0.18,0,0,9,20,0.08,0,0,4,53,0.04,0,0,2,25,0.10,0,0,1,14,0.03,0,0,1,138,0.10,7,0,-1,91,0.10,0,0,2,20,0.13,0,0,6,34,0.02,0,0,2,40,0.08,4,0,2,25,0.06,0,0,2,26,0.04,0,0,3,17,0.02,0,0,1,51,0.07,0,0,2,110,0.03,0,0,6,34,0.04,0,2,9,67,0.08,0,0,3,5,0.11,0,0,9,46,0.08,5,1,1,5,0.05,0,0,2,32,0.12,0,0,2,9,0.02,0,0,1,0,0.03,0,0,2,55,0.07,0,0,1,19,0.04,0,0,1,26,0.08,0,0,2,41,0.08,0,0,2,15,0.09,0,0,2,2,0.08,0,0,2,17,0.03,0,0,2,2,0.04,0,0,2,25,0.12,0,0,2,16,0.05,0,0,2,24,0.12,0,0,2,62,0.08,0,0,3,6,0.07,0,0,3,3,0.08,0,0,2,33,0.07,0,0,2,29,0.11,0,0,3,54,0.11,0,0,3
263,1334,60,0,16,0,3,0,1,PROTECTING,Field_6,1,PROTECTING,Field_6,1,PROTECTING,Field_6,1,PROTECTING,Field_6,1,IDLE,,1,IDLE,,1,IDLE,,1,IDLE,,1,IDLE,,1,IDLE,,1,MOVING_TO_FIELD,Field_16,1,IDLE,,1,IDLE,,1,MOVING_TO_FIELD,Field_16,1,IDLE,,1,MOVING_TO_FIELD,Field_19,1,IDLE,,1,PROTECTING,Field_6,1,IDLE,,1,IDLE,,1,IDLE,,1,IDLE,,1,PROTECTING,Field_10,1,PROTECTING,Field_10,1,PROTECTING,Field_10,1,PROTECTING,Field_6,1,PROTECTING,Field_6,1,IDLE,,1,PROTECTING,Field_19,1,PROTECTING,Field_19,1,PROTECTING,Field_19,1,IDLE,,1,IDLE,,1,IDLE,,1,IDLE,,1,IDLE,,1,IDLE,,1,PROTECTING,Field_10,1,IDLE,,1,IDLE,,1,IDLE,,1,IDLE,,1,IDLE,,1,PROTECTING,Field_19,1,PROTECTING,Field_19,1,IDLE,,1,IDLE,,1,IDLE,,1,IDLE,,1,IDLE,,1,IDLE,,1,IDLE,,1,IDLE,,1,IDLE,,1,IDLE,,1,IDLE,,1,IDLE,,1,IDLE,,1,IDLE,,1,IDLE,,1,IDLE,,1,IDLE,,1,IDLE,,1,IDLE,,1,IDLE,,1,IDLE,,1,IDLE,,1,IDLE,,1,IDLE,,1,IDLE,,1,IDLE,,1,IDLE,,1,IDLE,,1,IDLE,,1,IDLE,,1,IDLE,,1,IDLE,,1,IDLE,,1,IDLE,,42,0.16,0,0,9,20,0.08,0,0,4,53,0.03,0,0,2,25,0.10,0,0,1,14,0.03,0,0,1,138,0.09,7,0,-1,91,0.09,0,0,2,20,0.13,0,0,6,34,0.03,0,0,2,40,0.08,4,0,2,25,0.06,0,0,2,26,0.04,0,0,3,17,0.02,0,0,1,51,0.06,0,0,2,110,0.03,0,0,6,34,0.04,0,2,9,67,0.05,0,0,3,5,0.11,0,0,9,46,0.08,5,1,1,5,0.05,0,0,2,32,0.14,0,0,2,9,0.02,0,0,1,0,0.03,0,0,2,55,0.08,0,0,1,19,0.04,0,0,1,26,0.08,0,0,2,41,0.07,0,0,2,15,0.09,0,0,2,2,0.06,0,0,2,17,0.03,0,0,2,2,0.04,0,0,2,25,0.12,0,0,2,16,0.05,0,0,2,24,0.08,0,0,2,62,0.08,0,0,3,6,0.09,0,0,3,3,0.08,0,0,2,34,0.07,0,0,2,29,0.11,0,0,3,54,0.11,0,0,3
264,1335,60,0,16,0,3,0,1,PROTECTING,Field_6,1,PROTECTING,Field_6,1,PROTECTING,Field_6,1,PROTECTING,Field_6,1,IDLE,,1,IDLE,,1,IDLE,,1,IDLE,,1,IDLE,,1,IDLE,,1,MOVING_TO_FIELD,Field_16,1,IDLE,,1,IDLE,,1,MOVING_TO_FIELD,Field_16,1,IDLE,,1,MOVING_TO_FIELD,Field_19,1,IDLE,,1,PROTECTING,Field_6,1,IDLE,,1,IDLE,,1,IDLE,,1,IDLE,,1,PROTECTING,Field_10,1,PROTECTING,Field_10,1,PROTECTING,Field_10,1,PROTECTING,Field_6,1,PROTECTING,Field_6,1,IDLE,,1,PROTECTING,Field_19,1,PROTECTING,Field_19,1,PROTECTING,Field_19,1,IDLE,,1,IDLE,,1,IDLE,,1,IDLE,,1,IDLE,,1,IDLE,,1,PROTECTING,Field_10,1,IDLE,,1,IDLE,,1,IDLE,,1,IDLE,,1,IDLE,,1,PROTECTING,Field_19,1,PROTECTING,Field_19,1,IDLE,,1,IDLE,,1,IDLE,,1,IDLE,,1,IDLE,,1,IDLE,,1,IDLE,,1,IDLE,,1,IDLE,,1,IDLE,,1,IDLE,,1,IDLE,,1,IDLE,,1,IDLE,,1,IDLE,,1,IDLE,,1,IDLE,,1,IDLE,,1,IDLE,,1,IDLE,,1,IDLE,,1,IDLE,,1,IDLE,,1,IDLE,,1,IDLE,,1,IDLE,,1,IDLE,,1,IDLE,,1,IDLE,,1,IDLE,,1,IDLE,,1,IDLE,,1,IDLE,,1,IDLE,,42,0.16,0,0,9,20,0.08,0,0,4,53,0.03,0,0,2,25,0.10,0,0,1,14,0.00,0,0,1,138,0.10,7,0,-1,91,0.09,0,0,2,21,0.13,0,0,6,34,0.03,0,0,2,40,0.08,4,0,2,25,0.06,0,0,2,26,0.04,0,0,3,17,0.02,0,0,1,51,0.06,0,0,2,110,0.02,0,0,6,34,0.04,0,2,9,67,0.05,0,0,3,5,0.10,0,0,9,46,0.08,5,1,1,5,0.04,0,0,2,32,0.12,0,0,2,9,0.02,0,0,1,0,0.02,0,0,2,55,0.08,0,0,1,19,0.07,0,0,1,26,0.08,0,0,2,41,0.07,0,0,2,15,0.09,0,0,2,2,0.06,0,0,2,17,0.01,0,0,2,2,0.04,0,0,2,25,0.12,0,0,2,16,0.05,0,0,2,24,0.10,0,0,2,62,0.08,0,0,3,6,0.09,0,0,3,3,0.08,0,0,2,34,0.09,0,0,2,29,0.13,0,0,3,54,0.11,0,0,3
265,1337,60,0,16,0,3,0,1,PROTECTING,Field_6,1,PROTECTING,Field_6,1,PROTECTING,Field_6,1,PROTECTING,Field_6,1,IDLE,,1,IDLE,,1,IDLE,,1,IDLE,,1,IDLE,,1,IDLE,,1,MOVING_TO_FIELD,Field_16,1,IDLE,,1,IDLE,,1,MOVING_TO_FIELD,Field_16,1,IDLE,,1,MOVING_TO_FIELD,Field_19,1,IDLE,,1,PROTECTING,Field_6,1,IDLE,,1,IDLE,,1,IDLE,,1,IDLE,,1,PROTECTING,Field_10,1,PROTECTING,Field_10,1,PROTECTING,Field_10,1,PROTECTING,Field_6,1,PROTECTING,Field_6,1,IDLE,,1,PROTECTING,Field_19,1,PROTECTING,Field_19,1,PROTECTING,Field_19,1,IDLE,,1,IDLE,,1,IDLE,,1,IDLE,,1,IDLE,,1,IDLE,,1,PROTECTING,Field_10,1,IDLE,,1,IDLE,,1,IDLE,,1,IDLE,,1,IDLE,,1,PROTECTING,Field_19,1,PROTECTING,Field_19,1,IDLE,,1,IDLE,,1,IDLE,,1,IDLE,,1,IDLE,,1,IDLE,,1,IDLE,,1,IDLE,,1,IDLE,,1,IDLE,,1,IDLE,,1,IDLE,,1,IDLE,,1,IDLE,,1,IDLE,,1,IDLE,,1,IDLE,,1,IDLE,,1,IDLE,,1,IDLE,,1,IDLE,,1,IDLE,,1,IDLE,,1,IDLE,,1,IDLE,,1,IDLE,,1,IDLE,,1,IDLE,,1,IDLE,,1,IDLE,,1,IDLE,,1,IDLE,,1,IDLE,,1,IDLE,,42,0.16,0,0,9,21,0.08,0,0,4,53,0.04,0,0,2,25,0.10,0,0,1,14,0.00,0,0,1,138,0.08,7,0,-1,91,0.09,0,0,2,21,0.13,0,0,6,34,0.03,0,0,2,40,0.08,4,0,2,25,0.06,0,0,2,26,0.04,0,0,3,17,0.02,0,0,1,51,0.07,0,0,2,110,0.02,0,0,6,34,0.04,0,2,9,67,0.05,0,0,3,5,0.09,0,0,9,46,0.08,5,1,1,5,0.04,0,0,2,33,0.12,0,0,2,9,0.03,0,0,1,0,0.02,0,0,2,55,0.08,0,0,1,19,0.07,0,0,1,26,0.08,0,0,2,41,0.07,0,0,2,15,0.09,0,0,2,2,0.06,0,0,2,17,0.01,0,0,2,2,0.04,0,0,2,25,0.14,0,0,2,16,0.05,0,0,2,24,0.10,0,0,2,62,0.07,0,0,3,6,0.09,0,0,3,3,0.08,0,0,2,34,0.07,0,0,2,29,0.12,0,0,3,54,0.09,0,0,3
266,1338,60,0,16,0,3,0,1,PROTECTING,Field_6,1,PROTECTING,Field_6,1,PROTECTING,Field_6,1,PROTECTING,Field_6,1,IDLE,,1,IDLE,,1,IDLE,,1,IDLE,,1,IDLE,,1,IDLE,,1,MOVING_TO_FIELD,Field_16,1,IDLE,,1,IDLE,,1,MOVING_TO_FIELD,Field_16,1,IDLE,,1,MOVING_TO_FIELD,Field_19,1,IDLE,,1,PROTECTING,Field_6,1,IDLE,,1,IDLE,,1,IDLE,,1,IDLE,,1,PROTECTING,Field_10,1,PROTECTING,Field_10,1,PROTECTING,Field_10,1,PROTECTING,Field_6,1,PROTECTING,Field_6,1,IDLE,,1,PROTECTING,Field_19,1,PROTECTING,Field_19,1,PROTECTING,Field_19,1,IDLE,,1,IDLE,,1,IDLE,,1,IDLE,,1,IDLE,,1,IDLE,,1,PROTECTING,Field_10,1,IDLE,,1,IDLE,,1,IDLE,,1,IDLE,,1,IDLE,,1,PROTECTING,Field_19,1,PROTECTING,Field_19,1,IDLE,,1,IDLE,,1,IDLE,,1,IDLE,,1,IDLE,,1,IDLE,,1,IDLE,,1,IDLE,,1,IDLE,,1,IDLE,,1,IDLE,,1,IDLE,,1,IDLE,,1,IDLE,,1,IDLE,,1,IDLE,,1,IDLE,,1,IDLE,,1,IDLE,,1,IDLE,,1,IDLE,,1,IDLE,,1,IDLE,,1,IDLE,,1,IDLE,,1,IDLE,,1,IDLE,,1,IDLE,,1,IDLE,,1,IDLE,,1,IDLE,,1,IDLE,,1,IDLE,,1,IDLE,,42,0.16,0,0,9,21,0.08,0,0,4,53,0.05,0,0,2,25,0.10,0,0,1,14,0.03,0,0,1,138,0.06,7,0,-1,91,0.09,0,0,2,21,0.16,0,0,6,34,0.04,0,0,2,40,0.08,4,0,2,25,0.06,0,0,2,26,0.04,0,0,3,17,0.02,0,0,1,51,0.07,0,0,2,110,0.02,0,0,6,34,0.04,0,2,9,67,0.06,0,0,3,5,0.08,0,0,9,46,0.08,5,1,1,5,0.04,0,0,2,33,0.12,0,0,2,9,0.05,0,0,1,0,0.02,0,0,2,55,0.07,0,0,1,19,0.07,0,0,1,26,0.06,0,0,2,41,0.07,0,0,2,15,0.09,0,0,2,2,0.05,0,0,2,17,0.01,0,0,2,2,0.04,0,0,2,25,0.14,0,0,2,16,0.05,0,0,2,24,0.10,0,0,2,62,0.07,0,0,3,6,0.09,0,0,3,3,0.07,0,0,2,35,0.07,0,0,2,29,0.12,0,0,3,54,0.09,0,0,3
267,1341,60,0,16,0,3,0,1,PROTECTING,Field_6,1,PROTECTING,Field_6,1,PROTECTING,Field_6,1,PROTECTING,Field_6,1,IDLE,,1,IDLE,,1,IDLE,,1,IDLE,,1,IDLE,,1,IDLE,,1,MOVING_TO_FIELD,Field_16,1,IDLE,,1,IDLE,,1,MOVING_TO_FIELD,Field_16,1,IDLE,,1,MOVING_TO_FIELD,Field_19,1,IDLE,,1,PROTECTING,Field_6,1,IDLE,,1,IDLE,,1,IDLE,,1,IDLE,,1,PROTECTING,Field_10,1,PROTECTING,Field_10,1,PROTECTING,Field_10,1,PROTECTING,Field_6,1,PROTECTING,Field_6,1,IDLE,,1,PROTECTING,Field_19,1,PROTECTING,Field_19,1,PROTECTING,Field_19,1,IDLE,,1,IDLE,,1,IDLE,,1,IDLE,,1,IDLE,,1,IDLE,,1,PROTECTING,Field_10,1,IDLE,,1,IDLE,,1,IDLE,,1,IDLE,,1,IDLE,,1,PROTECTING,Field_19,1,PROTECTING,Field_19,1,IDLE,,1,IDLE,,1,IDLE,,1,IDLE,,1,IDLE,,1,IDLE,,1,IDLE,,1,IDLE,,1,IDLE,,1,IDLE,,1,IDLE,,1,IDLE,,1,IDLE,,1,IDLE,,1,IDLE,,1,IDLE,,1,IDLE,,1,IDLE,,1,IDLE,,1,IDLE,,1,IDLE,,1,IDLE,,1,IDLE,,1,IDLE,,1,IDLE,,1,IDLE,,1,IDLE,,1,IDLE,,1,IDLE,,1,IDLE,,1,IDLE,,1,IDLE,,1,IDLE,,1,IDLE,,42,0.15,0,0,9,21,0.08,0,0,4,53,0.06,0,0,2,25,0.10,0,0,1,14,0.03,0,0,1,138,0.05,7,0,-1,91,0.09,0,0,2,21,0.16,0,0,6,34,0.04,0,0,2,40,0.08,4,0,2,25,0.07,0,0,2,26,0.04,0,0,3,17,0.02,0,0,1,51,0.07,0,0,2,110,0.02,0,0,6,34,0.05,0,2,9,67,0.06,0,0,3,5,0.09,0,0,9,46,0.08,5,1,1,5,0.04,0,0,2,34,0.12,0,0,2,9,0.05,0,0,1,0,0.03,0,0,2,56,0.07,0,0,1,19,0.07,0,0,1,26,0.09,0,0,2,41,0.07,0,0,2,15,0.09,0,0,2,2,0.05,0,0,2,17,0.01,0,0,2,2,0.06,0,0,2,25,0.14,0,0,2,16,0.05,0,0,2,24,0.12,0,0,2,62,0.07,0,0,3,6,0.09,0,0,3,4,0.08,0,0,2,35,0.07,0,0,2,29,0.11,0,0,3,54,0.08,0,0,3
268,1343,60,0,16,0,3,0,1,PROTECTING,Field_6,1,PROTECTING,Field_6,1,PROTECTING,Field_6,1,PROTECTING,Field_6,1,IDLE,,1,IDLE,,1,IDLE,,1,IDLE,,1,IDLE,,1,IDLE,,1,MOVING_TO_FIELD,Field_16,1,IDLE,,1,IDLE,,1,MOVING_TO_FIELD,Field_16,1,IDLE,,1,MOVING_TO_FIELD,Field_19,1,IDLE,,1,PROTECTING,Field_6,1,IDLE,,1,IDLE,,1,IDLE,,1,IDLE,,1,PROTECTING,Field_10,1,PROTECTING,Field_10,1,PROTECTING,Field_10,1,PROTECTING,Field_6,1,PROTECTING,Field_6,1,IDLE,,1,PROTECTING,Field_19,1,PROTECTING,Field_19,1,PROTECTING,Field_19,1,IDLE,,1,IDLE,,1,IDLE,,1,IDLE,,1,IDLE,,1,IDLE,,1,PROTECTING,Field_10,1,IDLE,,1,IDLE,,1,IDLE,,1,IDLE,,1,IDLE,,1,PROTECTING,Field_19,1,PROTECTING,Field_19,1,IDLE,,1,IDLE,,1,IDLE,,1,IDLE,,1,IDLE,,1,IDLE,,1,IDLE,,1,IDLE,,1,IDLE,,1,IDLE,,1,IDLE,,1,IDLE,,1,IDLE,,1,IDLE,,1,IDLE,,1,IDLE,,1,IDLE,,1,IDLE,,1,IDLE,,1,IDLE,,1,IDLE,,1,IDLE,,1,IDLE,,1,IDLE,,1,IDLE,,1,IDLE,,1,IDLE,,1,IDLE,,1,IDLE,,1,IDLE,,1,IDLE,,1,IDLE,,1,IDLE,,1,IDLE,,42,0.14,0,0,9,21,0.08,0,0,4,53,0.06,0,0,2,25,0.10,0,0,1,14,0.03,0,0,1,138,0.05,7,0,-1,91,0.08,0,0,2,21,0.16,0,0,6,34,0.04,0,0,2,40,0.08,4,0,2,25,0.06,0,0,2,26,0.04,0,0,3,17,0.03,0,0,1,51,0.07,0,0,2,110,0.02,0,0,6,34,0.05,0,2,9,67,0.06,0,0,3,5,0.09,0,0,9,46,0.08,5,1,1,5,0.05,0,0,2,34,0.12,0,0,2,9,0.05,0,0,1,0,0.03,0,0,2,56,0.05,0,0,1,19,0.07,0,0,1,26,0.09,0,0,2,42,0.07,0,0,2,15,0.09,0,0,2,3,0.05,0,0,2,17,0.01,0,0,2,2,0.06,0,0,2,25,0.13,0,0,2,16,0.07,0,0,2,24,0.10,0,0,2,62,0.07,0,0,3,6,0.09,0,0,3,4,0.08,0,0,2,35,0.07,0,0,2,29,0.09,0,0,3,54,0.08,0,0,3
269,1345,60,0,16,0,3,0,1,PROTECTING,Field_6,1,PROTECTING,Field_6,1,PROTECTING,Field_6,1,PROTECTING,Field_6,1,IDLE,,1,IDLE,,1,IDLE,,1,IDLE,,1,IDLE,,1,IDLE,,1,MOVING_TO_FIELD,Field_16,1,IDLE,,1,IDLE,,1,MOVING_TO_FIELD,Field_16,1,IDLE,,1,MOVING_TO_FIELD,Field_19,1,IDLE,,1,PROTECTING,Field_6,1,IDLE,,1,IDLE,,1,IDLE,,1,IDLE,,1,PROTECTING,Field_10,1,PROTECTING,Field_10,1,PROTECTING,Field_10,1,PROTECTING,Field_6,1,PROTECTING,Field_6,1,IDLE,,1,PROTECTING,Field_19,1,PROTECTING,Field_19,1,PROTECTING,Field_19,1,IDLE,,1,IDLE,,1,IDLE,,1,IDLE,,1,IDLE,,1,IDLE,,1,PROTECTING,Field_10,1,IDLE,,1,IDLE,,1,IDLE,,1,IDLE,,1,IDLE,,1,PROTECTING,Field_19,1,PROTECTING,Field_19,1,IDLE,,1,IDLE,,1,IDLE,,1,IDLE,,1,IDLE,,1,IDLE,,1,IDLE,,1,IDLE,,1,IDLE,,1,IDLE,,1,IDLE,,1,IDLE,,1,IDLE,,1,IDLE,,1,IDLE,,1,IDLE,,1,IDLE,,1,IDLE,,1,IDLE,,1,IDLE,,1,IDLE,,1,IDLE,,1,IDLE,,1,IDLE,,1,IDLE,,1,IDLE,,1,IDLE,,1,IDLE,,1,IDLE,,1,IDLE,,1,IDLE,,1,IDLE,,1,IDLE,,1,IDLE,,42,0.13,0,0,9,21,0.08,0,0,4,53,0.06,0,0,2,25,0.10,0,0,1,14,0.03,0,0,1,138,0.06,7,0,-1,91,0.08,0,0,2,21,0.15,0,0,6,34,0.04,0,0,2,40,0.08,4,0,2,25,0.06,0,0,2,26,0.04,0,0,3,17,0.03,0,0,1,51,0.06,0,0,2,110,0.02,0,0,6,34,0.05,0,2,9,67,0.05,0,0,3,5,0.08,0,0,9,46,0.08,5,1,1,5,0.05,0,0,2,35,0.12,0,0,2,9,0.05,0,0,1,0,0.03,0,0,2,56,0.05,0,0,1,19,0.09,0,0,1,26,0.09,0,0,2,42,0.06,0,0,2,15,0.09,0,0,2,3,0.06,0,0,2,17,0.01,0,0,2,2,0.06,0,0,2,26,0.13,0,0,2,16,0.07,0,0,2,24,0.12,0,0,2,62,0.07,0,0,3,6,0.09,0,0,3,4,0.08,0,0,2,35,0.06,0,0,2,29,0.08,0,0,3,54,0.08,0,0,3
270,1347,60,0,16,0,3,0,1,PROTECTING,Field_6,1,PROTECTING,Field_6,1,PROTECTING,Field_6,1,PROTECTING,Field_6,1,IDLE,,1,IDLE,,1,IDLE,,1,IDLE,,1,IDLE,,1,IDLE,,1,MOVING_TO_FIELD,Field_16,1,IDLE,,1,IDLE,,1,MOVING_TO_FIELD,Field_16,1,IDLE,,1,MOVING_TO_FIELD,Field_19,1,IDLE,,1,PROTECTING,Field_6,1,IDLE,,1,IDLE,,1,IDLE,,1,IDLE,,1,PROTECTING,Field_10,1,PROTECTING,Field_10,1,PROTECTING,Field_10,1,PROTECTING,Field_6,1,PROTECTING,Field_6,1,IDLE,,1,PROTECTING,Field_19,1,PROTECTING,Field_19,1,PROTECTING,Field_19,1,IDLE,,1,IDLE,,1,IDLE,,1,IDLE,,1,IDLE,,1,IDLE,,1,PROTECTING,Field_10,1,IDLE,,1,IDLE,,1,IDLE,,1,IDLE,,1,IDLE,,1,PROTECTING,Field_19,1,PROTECTING,Field_19,1,IDLE,,1,IDLE,,1,IDLE,,1,IDLE,,1,IDLE,,1,IDLE,,1,IDLE,,1,IDLE,,1,IDLE,,1,IDLE,,1,IDLE,,1,IDLE,,1,IDLE,,1,IDLE,,1,IDLE,,1,IDLE,,1,IDLE,,1,IDLE,,1,IDLE,,1,IDLE,,1,IDLE,,1,IDLE,,1,IDLE,,1,IDLE,,1,IDLE,,1,IDLE,,1,IDLE,,1,IDLE,,1,IDLE,,1,IDLE,,1,IDLE,,1,IDLE,,1,IDLE,,1,IDLE,,42,0.13,0,0,9,21,0.08,0,0,4,53,0.06,0,0,2,25,0.10,0,0,1,14,0.03,0,0,1,138,0.06,7,0,-1,91,0.08,0,0,2,21,0.15,0,0,6,34,0.04,0,0,2,40,0.08,4,0,2,25,0.06,0,0,2,26,0.04,0,0,3,17,0.03,0,0,1,51,0.06,0,0,2,110,0.02,0,0,6,34,0.05,0,2,9,67,0.05,0,0,3,5,0.08,0,0,9,46,0.08,5,1,1,5,0.07,0,0,2,35,0.12,0,0,2,9,0.08,0,0,1,0,0.05,0,0,2,57,0.08,0,0,1,19,0.09,0,0,1,26,0.09,0,0,2,42,0.06,0,0,2,15,0.09,0,0,2,3,0.06,0,0,2,17,0.01,0,0,2,2,0.06,0,0,2,26,0.13,0,0,2,16,0.07,0,0,2,24,0.12,0,0,2,62,0.07,0,0,3,7,0.09,0,0,3,4,0.08,0,0,2,35,0.06,0,0,2,29,0.08,0,0,3,54,0.08,0,0,3
271,1349,62,0,14,0,3,0,1,PROTECTING,Field_6,1,PROTECTING,Field_6,1,PROTECTING,Field_6,1,PROTECTING,Field_6,1,IDLE,,1,IDLE,,1,MOVING_TO_FIELD,Field_8,1,IDLE,,1,IDLE,,1,IDLE,,1,IDLE,,1,IDLE,,1,IDLE,,1,IDLE,,1,IDLE,,1,MOVING_TO_FIELD,Field_19,1,IDLE,,1,PROTECTING,Field_6,1,IDLE,,1,IDLE,,1,IDLE,,1,IDLE,,1,PROTECTING,Field_10,1,PROTECTING,Field_10,1,PROTECTING,Field_10,1,PROTECTING,Field_6,1,IDLE,,1,IDLE,,1,PROTECTING,Field_19,1,PROTECTING,Field_19,1,PROTECTING,Field_19,1,IDLE,,1,IDLE,,1,IDLE,,1,IDLE,,1,IDLE,,1,IDLE,,1,MOVING_TO_FIELD,Field_8,1,IDLE,,1,IDLE,,1,IDLE,,1,IDLE,,1,IDLE,,1,PROTECTING,Field_19,1,PROTECTING,Field_19,1,IDLE,,1,IDLE,,1,IDLE,,1,IDLE,,1,IDLE,,1,IDLE,,1,IDLE,,1,IDLE,,1,IDLE,,1,IDLE,,1,IDLE,,1,IDLE,,1,IDLE,,1,IDLE,,1,IDLE,,1,IDLE,,1,IDLE,,1,IDLE,,1,IDLE,,1,IDLE,,1,IDLE,,1,IDLE,,1,IDLE,,1,IDLE,,1,IDLE,,1,IDLE,,1,IDLE,,1,IDLE,,1,IDLE,,1,IDLE,,1,IDLE,,1,IDLE,,1,IDLE,,1,IDLE,,42,0.13,0,0,9,21,0.08,0,0,4,53,0.05,0,0,2,25,0.10,0,0,1,14,0.07,0,0,1,138,0.05,6,0,0,91,0.08,0,0,2,21,0.15,0,2,6,34,0.04,0,0,2,40,0.08,3,0,3,25,0.04,0,0,2,26,0.04,0,0,3,17,0.03,0,0,1,51,0.07,0,0,2,110,0.02,0,0,6,34,0.05,0,0,9,67,0.04,0,0,3,5,0.08,0,0,9,46,0.06,5,1,1,5,0.07,0,0,2,35,0.09,0,0,2,9,0.08,0,0,1,0,0.05,0,0,2,58,0.08,0,0,1,19,0.07,0,0,1,26,0.09,0,0,2,42,0.06,0,0,2,15,0.09,0,0,2,3,0.06,0,0,2,17,0.03,0,0,2,2,0.06,0,0,2,26,0.14,0,0,2,16,0.07,0,0,2,24,0.12,0,0,2,62,0.07,0,0,3,8,0.09,0,0,3,4,0.08,0,0,2,35,0.06,0,0,2,29,0.08,0,0,3,54,0.07,0,0,3
272,1351,62,0,14,0,3,0,1,PROTECTING,Field_6,1,PROTECTING,Field_6,1,PROTECTING,Field_6,1,PROTECTING,Field_6,1,IDLE,,1,IDLE,,1,MOVING_TO_FIELD,Field_8,1,IDLE,,1,IDLE,,1,IDLE,,1,IDLE,,1,IDLE,,1,IDLE,,1,IDLE,,1,IDLE,,1,MOVING_TO_FIELD,Field_19,1,IDLE,,1,PROTECTING,Field_6,1,IDLE,,1,IDLE,,1,IDLE,,1,IDLE,,1,PROTECTING,Field_10,1,PROTECTING,Field_10,1,PROTECTING,Field_10,1,PROTECTING,Field_6,1,IDLE,,1,IDLE,,1,PROTECTING,Field_19,1,PROTECTING,Field_19,1,PROTECTING,Field_19,1,IDLE,,1,IDLE,,1,IDLE,,1,IDLE,,1,IDLE,,1,IDLE,,1,MOVING_TO_FIELD,Field_8,1,IDLE,,1,IDLE,,1,IDLE,,1,IDLE,,1,IDLE,,1,PROTECTING,Field_19,1,PROTECTING,Field_19,1,IDLE,,1,IDLE,,1,IDLE,,1,IDLE,,1,IDLE,,1,IDLE,,1,IDLE,,1,IDLE,,1,IDLE,,1,IDLE,,1,IDLE,,1,IDLE,,1,IDLE,,1,IDLE,,1,IDLE,,1,IDLE,,1,IDLE,,1,IDLE,,1,IDLE,,1,IDLE,,1,IDLE,,1,IDLE,,1,IDLE,,1,IDLE,,1,IDLE,,1,IDLE,,1,IDLE,,1,IDLE,,1,IDLE,,1,IDLE,,1,IDLE,,1,IDLE,,1,IDLE,,1,IDLE,,42,0.13,0,0,9,21,0.08,0,0,4,54,0.05,0,0,2,26,0.10,0,0,1,14,0.07,0,0,1,138,0.05,6,0,0,91,0.08,0,0,2,21,0.12,0,2,6,34,0.04,0,0,2,40,0.08,3,0,3,25,0.04,0,0,2,26,0.04,0,0,3,17,0.03,0,0,1,51,0.07,0,0,2,110,0.02,0,0,6,34,0.07,0,0,9,67,0.04,0,0,3,5,0.08,0,0,9,46,0.06,5,1,1,5,0.07,0,0,2,35,0.08,0,0,2,9,0.08,0,0,1,0,0.05,0,0,2,58,0.08,0,0,1,19,0.09,0,0,1,26,0.10,0,0,2,42,0.06,0,0,2,15,0.09,0,0,2,3,0.06,0,0,2,17,0.03,0,0,2,2,0.06,0,0,2,26,0.14,0,0,2,16,0.07,0,0,2,24,0.12,0,0,2,62,0.07,0,0,3,8,0.09,0,0,3,4,0.07,0,0,2,35,0.05,0,0,2,29,0.07,0,0,3,54,0.08,0,0,3
273,1354,62,0,14,0,3,0,1,PROTECTING,Field_6,1,PROTECTING,Field_6,1,PROTECTING,Field_6,1,PROTECTING,Field_6,1,IDLE,,1,IDLE,,1,MOVING_TO_FIELD,Field_8,1,IDLE,,1,IDLE,,1,IDLE,,1,IDLE,,1,IDLE,,1,IDLE,,1,IDLE,,1,IDLE,,1,MOVING_TO_FIELD,Field_19,1,IDLE,,1,PROTECTING,Field_6,1,IDLE,,1,IDLE,,1,IDLE,,1,IDLE,,1,PROTECTING,Field_10,1,PROTECTING,Field_10,1,PROTECTING,Field_10,1,PROTECTING,Field_6,1,IDLE,,1,IDLE,,1,PROTECTING,Field_19,1,PROTECTING,Field_19,1,PROTECTING,Field_19,1,IDLE,,1,IDLE,,1,IDLE,,1,IDLE,,1,IDLE,,1,IDLE,,1,MOVING_TO_FIELD,Field_8,1,IDLE,,1,IDLE,,1,IDLE,,1,IDLE,,1,IDLE,,1,PROTECTING,Field_19,1,PROTECTING,Field_19,1,IDLE,,1,IDLE,,1,IDLE,,1,IDLE,,1,IDLE,,1,IDLE,,1,IDLE,,1,IDLE,,1,IDLE,,1,IDLE,,1,IDLE,,1,IDLE,,1,IDLE,,1,IDLE,,1,IDLE,,1,IDLE,,1,IDLE,,1,IDLE,,1,IDLE,,1,IDLE,,1,IDLE,,1,IDLE,,1,IDLE,,1,IDLE,,1,IDLE,,1,IDLE,,1,IDLE,,1,IDLE,,1,IDLE,,1,IDLE,,1,IDLE,,1,IDLE,,1,IDLE,,1,IDLE,,42,0.13,0,0,9,21,0.08,0,0,4,54,0.04,0,0,2,26,0.10,0,0,1,14,0.07,0,0,1,138,0.05,6,0,0,91,0.08,0,0,2,21,0.11,0,2,6,34,0.03,0,0,2,40,0.09,3,0,3,25,0.04,0,0,2,26,0.04,0,0,3,17,0.03,0,0,1,51,0.06,0,0,2,110,0.02,0,0,6,34,0.08,0,0,9,67,0.04,0,0,3,5,0.08,0,0,9,46,0.06,5,1,1,5,0.05,0,0,2,35,0.08,0,0,2,10,0.08,0,0,1,0,0.05,0,0,2,58,0.12,0,0,1,19,0.09,0,0,1,27,0.10,0,0,2,43,0.05,0,0,2,15,0.09,0,0,2,3,0.05,0,0,2,17,0.04,0,0,2,2,0.06,0,0,2,26,0.14,0,0,2,16,0.07,0,0,2,24,0.12,0,0,2,62,0.08,0,0,3,8,0.09,0,0,3,4,0.07,0,0,2,35,0.04,0,0,2,29,0.09,0,0,3,54,0.08,0,0,3
274,1356,62,0,14,0,3,0,1,PROTECTING,Field_6,1,PROTECTING,Field_6,1,PROTECTING,Field_6,1,PROTECTING,Field_6,1,IDLE,,1,IDLE,,1,MOVING_TO_FIELD,Field_8,1,IDLE,,1,IDLE,,1,IDLE,,1,IDLE,,1,IDLE,,1,IDLE,,1,IDLE,,1,IDLE,,1,MOVING_TO_FIELD,Field_19,1,IDLE,,1,PROTECTING,Field_6,1,IDLE,,1,IDLE,,1,IDLE,,1,IDLE,,1,PROTECTING,Field_10,1,PROTECTING,Field_10,1,PROTECTING,Field_10,1,PROTECTING,Field_6,1,IDLE,,1,IDLE,,1,PROTECTING,Field_19,1,PROTECTING,Field_19,1,PROTECTING,Field_19,1,IDLE,,1,IDLE,,1,IDLE,,1,IDLE,,1,IDLE,,1,IDLE,,1,MOVING_TO_FIELD,Field_8,1,IDLE,,1,IDLE,,1,IDLE,,1,IDLE,,1,IDLE,,1,PROTECTING,Field_19,1,PROTECTING,Field_19,1,IDLE,,1,IDLE,,1,IDLE,,1,IDLE,,1,IDLE,,1,IDLE,,1,IDLE,,1,IDLE,,1,IDLE,,1,IDLE,,1,IDLE,,1,IDLE,,1,IDLE,,1,IDLE,,1,IDLE,,1,IDLE,,1,IDLE,,1,IDLE,,1,IDLE,,1,IDLE,,1,IDLE,,1,IDLE,,1,IDLE,,1,IDLE,,1,IDLE,,1,IDLE,,1,IDLE,,1,IDLE,,1,IDLE,,1,IDLE,,1,IDLE,,1,IDLE,,1,IDLE,,1,IDLE,,42,0.14,0,0,9,22,0.08,0,0,4,54,0.04,0,0,2,26,0.10,0,0,1,14,0.07,0,0,1,138,0.05,6,0,0,91,0.08,0,0,2,21,0.11,0,2,6,34,0.03,0,0,2,40,0.10,3,0,3,25,0.04,0,0,2,26,0.04,0,0,3,17,0.03,0,0,1,51,0.06,0,0,2,110,0.01,0,0,6,34,0.08,0,0,9,67,0.03,0,0,3,5,0.09,0,0,9,46,0.07,5,1,1,6,0.08,0,0,2,35,0.09,0,0,2,10,0.07,0,0,1,0,0.02,0,0,2,58,0.12,0,0,1,19,0.09,0,0,1,27,0.10,0,0,2,43,0.05,0,0,2,15,0.09,0,0,2,3,0.05,0,0,2,17,0.04,0,0,2,2,0.06,0,0,2,26,0.13,0,0,2,16,0.07,0,0,2,24,0.10,0,0,2,62,0.08,0,0,3,8,0.09,0,0,3,4,0.07,0,0,2,35,0.05,0,0,2,29,0.09,0,0,3,54,0.08,0,0,3
275,1362,62,0,14,0,3,0,1,PROTECTING,Field_6,1,PROTECTING,Field_6,1,PROTECTING,Field_6,1,PROTECTING,Field_6,1,IDLE,,1,IDLE,,1,MOVING_TO_FIELD,Field_8,1,IDLE,,1,IDLE,,1,IDLE,,1,IDLE,,1,IDLE,,1,IDLE,,1,IDLE,,1,IDLE,,1,MOVING_TO_FIELD,Field_19,1,IDLE,,1,PROTECTING,Field_6,1,IDLE,,1,IDLE,,1,IDLE,,1,IDLE,,1,PROTECTING,Field_10,1,PROTECTING,Field_10,1,PROTECTING,Field_10,1,PROTECTING,Field_6,1,IDLE,,1,IDLE,,1,PROTECTING,Field_19,1,PROTECTING,Field_19,1,PROTECTING,Field_19,1,IDLE,,1,IDLE,,1,IDLE,,1,IDLE,,1,IDLE,,1,IDLE,,1,MOVING_TO_FIELD,Field_8,1,IDLE,,1,IDLE,,1,IDLE,,1,IDLE,,1,IDLE,,1,PROTECTING,Field_19,1,PROTECTING,Field_19,1,IDLE,,1,IDLE,,1,IDLE,,1,IDLE,,1,IDLE,,1,IDLE,,1,IDLE,,1,IDLE,,1,IDLE,,1,IDLE,,1,IDLE,,1,IDLE,,1,IDLE,,1,IDLE,,1,IDLE,,1,IDLE,,1,IDLE,,1,IDLE,,1,IDLE,,1,IDLE,,1,IDLE,,1,IDLE,,1,IDLE,,1,IDLE,,1,IDLE,,1,IDLE,,1,IDLE,,1,IDLE,,1,IDLE,,1,IDLE,,1,IDLE,,1,IDLE,,1,IDLE,,1,IDLE,,42,0.14,0,0,9,22,0.08,0,0,4,54,0.04,0,0,2,26,0.10,0,0,1,14,0.07,0,0,1,138,0.05,6,0,0,91,0.09,0,0,2,21,0.11,0,2,6,34,0.03,0,0,2,40,0.10,3,0,3,25,0.04,0,0,2,26,0.04,0,0,3,17,0.03,0,0,1,51,0.06,0,0,2,110,0.01,0,0,6,34,0.09,0,0,9,67,0.03,0,0,3,5,0.10,0,0,9,46,0.07,5,1,1,6,0.08,0,0,2,35,0.09,0,0,2,10,0.05,0,0,1,0,0.02,0,0,2,58,0.11,0,0,1,19,0.07,0,0,1,28,0.12,0,0,2,43,0.06,0,0,2,15,0.09,0,0,2,3,0.05,0,0,2,17,0.03,0,0,2,2,0.06,0,0,2,26,0.13,0,0,2,16,0.07,0,0,2,25,0.12,0,0,2,63,0.07,0,0,3,8,0.09,0,0,3,6,0.06,0,0,2,35,0.05,0,0,2,30,0.09,0,0,3,54,0.09,0,0,3
276,1367,62,0,14,0,3,0,1,PROTECTING,Field_6,1,PROTECTING,Field_6,1,PROTECTING,Field_6,1,PROTECTING,Field_6,1,IDLE,,1,IDLE,,1,MOVING_TO_FIELD,Field_8,1,IDLE,,1,IDLE,,1,IDLE,,1,IDLE,,1,IDLE,,1,IDLE,,1,IDLE,,1,IDLE,,1,MOVING_TO_FIELD,Field_19,1,IDLE,,1,PROTECTING,Field_6,1,IDLE,,1,IDLE,,1,IDLE,,1,IDLE,,1,PROTECTING,Field_10,1,PROTECTING,Field_10,1,PROTECTING,Field_10,1,PROTECTING,Field_6,1,IDLE,,1,IDLE,,1,PROTECTING,Field_19,1,PROTECTING,Field_19,1,PROTECTING,Field_19,1,IDLE,,1,IDLE,,1,IDLE,,1,IDLE,,1,IDLE,,1,IDLE,,1,MOVING_TO_FIELD,Field_8,1,IDLE,,1,IDLE,,1,IDLE,,1,IDLE,,1,IDLE,,1,PROTECTING,Field_19,1,PROTECTING,Field_19,1,IDLE,,1,IDLE,,1,IDLE,,1,IDLE,,1,IDLE,,1,IDLE,,1,IDLE,,1,IDLE,,1,IDLE,,1,IDLE,,1,IDLE,,1,IDLE,,1,IDLE,,1,IDLE,,1,IDLE,,1,IDLE,,1,IDLE,,1,IDLE,,1,IDLE,,1,IDLE,,1,IDLE,,1,IDLE,,1,IDLE,,1,IDLE,,1,IDLE,,1,IDLE,,1,IDLE,,1,IDLE,,1,IDLE,,1,IDLE,,1,IDLE,,1,IDLE,,1,IDLE,,1,IDLE,,42,0.13,0,0,9,22,0.09,0,0,4,55,0.04,0,0,2,26,0.10,0,0,1,14,0.05,0,0,1,138,0.03,6,0,0,91,0.09,0,0,2,21,0.11,0,2,6,34,0.03,0,0,2,41,0.11,3,0,3,25,0.03,0,0,2,26,0.04,0,0,3,17,0.03,0,0,1,51,0.06,0,0,2,110,0.02,0,0,6,34,0.09,0,0,9,67,0.03,0,0,3,5,0.09,0,0,9,46,0.07,5,1,1,6,0.08,0,0,2,35,0.09,0,0,2,10,0.05,0,0,1,0,0.02,0,0,2,59,0.10,0,0,1,19,0.07,0,0,1,28,0.12,0,0,2,43,0.06,0,0,2,15,0.09,0,0,2,3,0.05,0,0,2,17,0.03,0,0,2,2,0.06,0,0,2,26,0.14,0,0,2,16,0.07,0,0,2,27,0.12,0,0,2,63,0.07,0,0,3,8,0.09,0,0,3,6,0.06,0,0,2,35,0.05,0,0,2,30,0.09,0,0,3,54,0.09,0,0,3
277,1368,62,0,14,0,3,0,1,PROTECTING,Field_6,1,PROTECTING,Field_6,1,PROTECTING,Field_6,1,PROTECTING,Field_6,1,IDLE,,1,IDLE,,1,MOVING_TO_FIELD,Field_8,1,IDLE,,1,IDLE,,1,IDLE,,1,IDLE,,1,IDLE,,1,IDLE,,1,IDLE,,1,IDLE,,1,MOVING_TO_FIELD,Field_19,1,IDLE,,1,PROTECTING,Field_6,1,IDLE,,1,IDLE,,1,IDLE,,1,IDLE,,1,PROTECTING,Field_10,1,PROTECTING,Field_10,1,PROTECTING,Field_10,1,PROTECTING,Field_6,1,IDLE,,1,IDLE,,1,PROTECTING,Field_19,1,PROTECTING,Field_19,1,PROTECTING,Field_19,1,IDLE,,1,IDLE,,1,IDLE,,1,IDLE,,1,IDLE,,1,IDLE,,1,MOVING_TO_FIELD,Field_8,1,IDLE,,1,IDLE,,1,IDLE,,1,IDLE,,1,IDLE,,1,PROTECTING,Field_19,1,PROTECTING,Field_19,1,IDLE,,1,IDLE,,1,IDLE,,1,IDLE,,1,IDLE,,1,IDLE,,1,IDLE,,1,IDLE,,1,IDLE,,1,IDLE,,1,IDLE,,1,IDLE,,1,IDLE,,1,IDLE,,1,IDLE,,1,IDLE,,1,IDLE,,1,IDLE,,1,IDLE,,1,IDLE,,1,IDLE,,1,IDLE,,1,IDLE,,1,IDLE,,1,IDLE,,1,IDLE,,1,IDLE,,1,IDLE,,1,IDLE,,1,IDLE,,1,IDLE,,1,IDLE,,1,IDLE,,1,IDLE,,42,0.13,0,0,9,22,0.09,0,0,4,55,0.04,0,0,2,26,0.10,0,0,1,14,0.05,0,0,1,138,0.03,6,0,0,91,0.08,0,0,2,22,0.11,0,2,6,34,0.03,0,0,2,41,0.11,3,0,3,25,0.03,0,0,2,26,0.04,0,0,3,17,0.03,0,0,1,51,0.06,0,0,2,110,0.02,0,0,6,34,0.09,0,0,9,67,0.03,0,0,3,5,0.09,0,0,9,46,0.06,5,1,1,6,0.07,0,0,2,35,0.08,0,0,2,10,0.05,0,0,1,0,0.02,0,0,2,59,0.11,0,0,1,19,0.07,0,0,1,28,0.13,0,0,2,43,0.06,0,0,2,15,0.09,0,0,2,3,0.03,0,0,2,17,0.04,0,0,2,2,0.06,0,0,2,26,0.14,0,0,2,16,0.05,0,0,2,27,0.12,0,0,2,63,0.07,0,0,3,8,0.09,0,0,3,6,0.06,0,0,2,35,0.05,0,0,2,30,0.09,0,0,3,54,0.09,0,0,3
278,1368,62,0,14,0,3,0,1,PROTECTING,Field_6,1,PROTECTING,Field_6,1,PROTECTING,Field_6,1,PROTECTING,Field_6,1,IDLE,,1,IDLE,,1,MOVING_TO_FIELD,Field_8,1,IDLE,,1,IDLE,,1,IDLE,,1,IDLE,,1,IDLE,,1,IDLE,,1,IDLE,,1,IDLE,,1,MOVING_TO_FIELD,Field_19,1,IDLE,,1,PROTECTING,Field_6,1,IDLE,,1,IDLE,,1,IDLE,,1,IDLE,,1,PROTECTING,Field_10,1,PROTECTING,Field_10,1,PROTECTING,Field_10,1,PROTECTING,Field_6,1,IDLE,,1,IDLE,,1,PROTECTING,Field_19,1,PROTECTING,Field_19,1,PROTECTING,Field_19,1,IDLE,,1,IDLE,,1,IDLE,,1,IDLE,,1,IDLE,,1,IDLE,,1,MOVING_TO_FIELD,Field_8,1,IDLE,,1,IDLE,,1,IDLE,,1,IDLE,,1,IDLE,,1,PROTECTING,Field_19,1,PROTECTING,Field_19,1,IDLE,,1,IDLE,,1,IDLE,,1,IDLE,,1,IDLE,,1,IDLE,,1,IDLE,,1,IDLE,,1,IDLE,,1,IDLE,,1,IDLE,,1,IDLE,,1,IDLE,,1,IDLE,,1,IDLE,,1,IDLE,,1,IDLE,,1,IDLE,,1,IDLE,,1,IDLE,,1,IDLE,,1,IDLE,,1,IDLE,,1,IDLE,,1,IDLE,,1,IDLE,,1,IDLE,,1,IDLE,,1,IDLE,,1,IDLE,,1,IDLE,,1,IDLE,,1,IDLE,,1,IDLE,,42,0.13,0,0,9,22,0.08,0,0,4,55,0.04,0,0,2,26,0.10,0,0,1,14,0.05,0,0,1,138,0.03,6,0,0,91,0.08,0,0,2,22,0.11,0,2,6,34,0.02,0,0,2,41,0.11,3,0,3,25,0.03,0,0,2,26,0.04,0,0,3,17,0.03,0,0,1,51,0.06,0,0,2,110,0.02,0,0,6,34,0.09,0,0,9,67,0.03,0,0,3,5,0.10,0,0,9,46,0.06,5,1,1,6,0.05,0,0,2,35,0.08,0,0,2,10,0.07,0,0,1,0,0.03,0,0,2,59,0.10,0,0,1,19,0.07,0,0,1,28,0.13,0,0,2,43,0.06,0,0,2,15,0.09,0,0,2,3,0.03,0,0,2,17,0.04,0,0,2,2,0.06,0,0,2,26,0.14,0,0,2,16,0.05,0,0,2,27,0.13,0,0,2,63,0.07,0,0,3,8,0.09,0,0,3,6,0.06,0,0,2,35,0.05,0,0,2,30,0.09,0,0,3,54,0.08,0,0,3
279,1368,62,0,14,0,3,0,1,PROTECTING,Field_6,1,PROTECTING,Field_6,1,PROTECTING,Field_6,1,PROTECTING,Field_6,1,IDLE,,1,IDLE,,1,MOVING_TO_FIELD,Field_8,1,IDLE,,1,IDLE,,1,IDLE,,1,IDLE,,1,IDLE,,1,IDLE,,1,IDLE,,1,IDLE,,1,MOVING_TO_FIELD,Field_19,1,IDLE,,1,PROTECTING,Field_6,1,IDLE,,1,IDLE,,1,IDLE,,1,IDLE,,1,PROTECTING,Field_10,1,PROTECTING,Field_10,1,PROTECTING,Field_10,1,PROTECTING,Field_6,1,IDLE,,1,IDLE,,1,PROTECTING,Field_19,1,PROTECTING,Field_19,1,PROTECTING,Field_19,1,IDLE,,1,IDLE,,1,IDLE,,1,IDLE,,1,IDLE,,1,IDLE,,1,MOVING_TO_FIELD,Field_8,1,IDLE,,1,IDLE,,1,IDLE,,1,IDLE,,1,IDLE,,1,PROTECTING,Field_19,1,PROTECTING,Field_19,1,IDLE,,1,IDLE,,1,IDLE,,1,IDLE,,1,IDLE,,1,IDLE,,1,IDLE,,1,IDLE,,1,IDLE,,1,IDLE,,1,IDLE,,1,IDLE,,1,IDLE,,1,IDLE,,1,IDLE,,1,IDLE,,1,IDLE,,1,IDLE,,1,IDLE,,1,IDLE,,1,IDLE,,1,IDLE,,1,IDLE,,1,IDLE,,1,IDLE,,1,IDLE,,1,IDLE,,1,IDLE,,1,IDLE,,1,IDLE,,1,IDLE,,1,IDLE,,1,IDLE,,1,IDLE,,42,0.12,0,0,9,22,0.08,0,0,4,55,0.04,0,0,2,26,0.10,0,0,1,14,0.05,0,0,1,138,0.02,6,0,0,91,0.08,0,0,2,22,0.12,0,2,6,34,0.02,0,0,2,41,0.11,3,0,3,25,0.03,0,0,2,26,0.03,0,0,3,17,0.03,0,0,1,51,0.07,0,0,2,110,0.03,0,0,6,34,0.09,0,0,9,67,0.03,0,0,3,5,0.10,0,0,9,46,0.06,5,1,1,6,0.05,0,0,2,35,0.08,0,0,2,10,0.08,0,0,1,0,0.03,0,0,2,59,0.10,0,0,1,19,0.05,0,0,1,28,0.13,0,0,2,43,0.06,0,0,2,15,0.09,0,0,2,3,0.03,0,0,2,17,0.04,0,0,2,2,0.06,0,0,2,26,0.14,0,0,2,16,0.04,0,0,2,27,0.13,0,0,2,63,0.07,0,0,3,8,0.09,0,0,3,6,0.08,0,0,2,35,0.05,0,0,2,30,0.10,0,0,3,54,0.08,0,0,3
280,1371,62,0,14,0,3,0,1,PROTECTING,Field_6,1,PROTECTING,Field_6,1,PROTECTING,Field_6,1,PROTECTING,Field_6,1,IDLE,,1,IDLE,,1,MOVING_TO_FIELD,Field_8,1,IDLE,,1,IDLE,,1,IDLE,,1,IDLE,,1,IDLE,,1,IDLE,,1,IDLE,,1,IDLE,,1,MOVING_TO_FIELD,Field_19,1,IDLE,,1,PROTECTING,Field_6,1,IDLE,,1,IDLE,,1,IDLE,,1,IDLE,,1,PROTECTING,Field_10,1,PROTECTING,Field_10,1,PROTECTING,Field_10,1,PROTECTING,Field_6,1,IDLE,,1,IDLE,,1,PROTECTING,Field_19,1,PROTECTING,Field_19,1,PROTECTING,Field_19,1,IDLE,,1,IDLE,,1,IDLE,,1,IDLE,,1,IDLE,,1,IDLE,,1,MOVING_TO_FIELD,Field_8,1,IDLE,,1,IDLE,,1,IDLE,,1,IDLE,,1,IDLE,,1,PROTECTING,Field_19,1,PROTECTING,Field_19,1,IDLE,,1,IDLE,,1,IDLE,,1,IDLE,,1,IDLE,,1,IDLE,,1,IDLE,,1,IDLE,,1,IDLE,,1,IDLE,,1,IDLE,,1,IDLE,,1,IDLE,,1,IDLE,,1,IDLE,,1,IDLE,,1,IDLE,,1,IDLE,,1,IDLE,,1,IDLE,,1,IDLE,,1,IDLE,,1,IDLE,,1,IDLE,,1,IDLE,,1,IDLE,,1,IDLE,,1,IDLE,,1,IDLE,,1,IDLE,,1,IDLE,,1,IDLE,,1,IDLE,,1,IDLE,,42,0.11,0,0,9,22,0.08,0,0,4,55,0.04,0,0,2,26,0.05,0,0,1,14,0.05,0,0,1,138,0.02,6,0,0,91,0.06,0,0,2,22,0.12,0,2,6,34,0.02,0,0,2,42,0.11,3,0,3,25,0.03,0,0,2,26,0.03,0,0,3,17,0.03,0,0,1,51,0.06,0,0,2,110,0.03,0,0,6,34,0.09,0,0,9,67,0.05,0,0,3,5,0.11,0,0,9,46,0.04,5,1,1,6,0.05,0,0,2,35,0.08,0,0,2,10,0.08,0,0,1,0,0.03,0,0,2,60,0.10,0,0,1,19,0.07,0,0,1,28,0.14,0,0,2,43,0.06,0,0,2,15,0.09,0,0,2,3,0.03,0,0,2,17,0.04,0,0,2,2,0.06,0,0,2,26,0.14,0,0,2,16,0.04,0,0,2,27,0.13,0,0,2,64,0.07,0,0,3,8,0.09,0,0,3,6,0.08,0,0,2,35,0.04,0,0,2,30,0.10,0,0,3,54,0.08,0,0,3
281,1371,62,0,14,0,3,0,1,PROTECTING,Field_6,1,PROTECTING,Field_6,1,PROTECTING,Field_6,1,PROTECTING,Field_6,1,IDLE,,1,IDLE,,1,MOVING_TO_FIELD,Field_8,1,IDLE,,1,IDLE,,1,IDLE,,1,IDLE,,1,IDLE,,1,IDLE,,1,IDLE,,1,IDLE,,1,MOVING_TO_FIELD,Field_19,1,IDLE,,1,PROTECTING,Field_6,1,IDLE,,1,IDLE,,1,IDLE,,1,IDLE,,1,PROTECTING,Field_10,1,PROTECTING,Field_10,1,PROTECTING,Field_10,1,PROTECTING,Field_6,1,IDLE,,1,IDLE,,1,PROTECTING,Field_19,1,PROTECTING,Field_19,1,PROTECTING,Field_19,1,IDLE,,1,IDLE,,1,IDLE,,1,IDLE,,1,IDLE,,1,IDLE,,1,MOVING_TO_FIELD,Field_8,1,IDLE,,1,IDLE,,1,IDLE,,1,IDLE,,1,IDLE,,1,PROTECTING,Field_19,1,PROTECTING,Field_19,1,IDLE,,1,IDLE,,1,IDLE,,1,IDLE,,1,IDLE,,1,IDLE,,1,IDLE,,1,IDLE,,1,IDLE,,1,IDLE,,1,IDLE,,1,IDLE,,1,IDLE,,1,IDLE,,1,IDLE,,1,IDLE,,1,IDLE,,1,IDLE,,1,IDLE,,1,IDLE,,1,IDLE,,1,IDLE,,1,IDLE,,1,IDLE,,1,IDLE,,1,IDLE,,1,IDLE,,1,IDLE,,1,IDLE,,1,IDLE,,1,IDLE,,1,IDLE,,1,IDLE,,1,IDLE,,42,0.12,0,0,9,22,0.08,0,0,4,55,0.04,0,0,2,26,0.05,0,0,1,14,0.05,0,0,1,138,0.02,6,0,0,91,0.06,0,0,2,22,0.12,0,2,6,34,0.02,0,0,2,42,0.11,3,0,3,25,0.03,0,0,2,26,0.03,0,0,3,17,0.03,0,0,1,51,0.05,0,0,2,110,0.04,0,0,6,34,0.11,0,0,9,67,0.05,0,0,3,5,0.12,0,0,9,46,0.04,5,1,1,6,0.04,0,0,2,35,0.08,0,0,2,10,0.08,0,0,1,0,0.05,0,0,2,60,0.10,0,0,1,19,0.07,0,0,1,28,0.14,0,0,2,43,0.06,0,0,2,15,0.09,0,0,2,3,0.03,0,0,2,17,0.03,0,0,2,2,0.06,0,0,2,26,0.13,0,0,2,16,0.02,0,0,2,27,0.10,0,0,2,64,0.06,0,0,3,8,0.09,0,0,3,6,0.08,0,0,2,35,0.04,0,0,2,30,0.10,0,0,3,54,0.09,0,0,3
282,1374,62,0,14,0,3,0,1,PROTECTING,Field_6,1,PROTECTING,Field_6,1,PROTECTING,Field_6,1,PROTECTING,Field_6,1,IDLE,,1,IDLE,,1,MOVING_TO_FIELD,Field_8,1,IDLE,,1,IDLE,,1,IDLE,,1,IDLE,,1,IDLE,,1,IDLE,,1,IDLE,,1,IDLE,,1,MOVING_TO_FIELD,Field_19,1,IDLE,,1,PROTECTING,Field_6,1,IDLE,,1,IDLE,,1,IDLE,,1,IDLE,,1,PROTECTING,Field_10,1,PROTECTING,Field_10,1,PROTECTING,Field_10,1,PROTECTING,Field_6,1,IDLE,,1,IDLE,,1,PROTECTING,Field_19,1,PROTECTING,Field_19,1,PROTECTING,Field_19,1,IDLE,,1,IDLE,,1,IDLE,,1,IDLE,,1,IDLE,,1,IDLE,,1,MOVING_TO_FIELD,Field_8,1,IDLE,,1,IDLE,,1,IDLE,,1,IDLE,,1,IDLE,,1,PROTECTING,Field_19,1,PROTECTING,Field_19,1,IDLE,,1,IDLE,,1,IDLE,,1,IDLE,,1,IDLE,,1,IDLE,,1,IDLE,,1,IDLE,,1,IDLE,,1,IDLE,,1,IDLE,,1,IDLE,,1,IDLE,,1,IDLE,,1,IDLE,,1,IDLE,,1,IDLE,,1,IDLE,,1,IDLE,,1,IDLE,,1,IDLE,,1,IDLE,,1,IDLE,,1,IDLE,,1,IDLE,,1,IDLE,,1,IDLE,,1,IDLE,,1,IDLE,,1,IDLE,,1,IDLE,,1,IDLE,,1,IDLE,,1,IDLE,,42,0.12,0,0,9,22,0.08,0,0,4,55,0.04,0,0,2,26,0.05,0,0,1,14,0.05,0,0,1,138,0.02,6,0,0,91,0.05,0,0,2,22,0.11,0,2,6,34,0.03,0,0,2,42,0.12,3,0,3,25,0.03,0,0,2,26,0.03,0,0,3,17,0.03,0,0,1,51,0.05,0,0,2,110,0.04,0,0,6,34,0.12,0,0,9,67,0.06,0,0,3,5,0.12,0,0,9,46,0.04,5,1,1,6,0.04,0,0,2,35,0.08,0,0,2,10,0.08,0,0,1,0,0.03,0,0,2,61,0.10,0,0,1,19,0.07,0,0,1,28,0.12,0,0,2,43,0.06,0,0,2,15,0.09,0,0,2,3,0.03,0,0,2,17,0.03,0,0,2,2,0.06,0,0,2,27,0.13,0,0,2,16,0.00,0,0,2,27,0.10,0,0,2,64,0.06,0,0,3,8,0.09,0,0,3,6,0.07,0,0,2,35,0.04,0,0,2,31,0.10,0,0,3,54,0.08,0,0,3
283,1374,62,0,14,0,3,0,1,PROTECTING,Field_6,1,PROTECTING,Field_6,1,PROTECTING,Field_6,1,PROTECTING,Field_6,1,IDLE,,1,IDLE,,1,MOVING_TO_FIELD,Field_8,1,IDLE,,1,IDLE,,1,IDLE,,1,IDLE,,1,IDLE,,1,IDLE,,1,IDLE,,1,IDLE,,1,MOVING_TO_FIELD,Field_19,1,IDLE,,1,PROTECTING,Field_6,1,IDLE,,1,IDLE,,1,IDLE,,1,IDLE,,1,PROTECTING,Field_10,1,PROTECTING,Field_10,1,PROTECTING,Field_10,1,PROTECTING,Field_6,1,IDLE,,1,IDLE,,1,PROTECTING,Field_19,1,PROTECTING,Field_19,1,PROTECTING,Field_19,1,IDLE,,1,IDLE,,1,IDLE,,1,IDLE,,1,IDLE,,1,IDLE,,1,MOVING_TO_FIELD,Field_8,1,IDLE,,1,IDLE,,1,IDLE,,1,IDLE,,1,IDLE,,1,PROTECTING,Field_19,1,PROTECTING,Field_19,1,IDLE,,1,IDLE,,1,IDLE,,1,IDLE,,1,IDLE,,1,IDLE,,1,IDLE,,1,IDLE,,1,IDLE,,1,IDLE,,1,IDLE,,1,IDLE,,1,IDLE,,1,IDLE,,1,IDLE,,1,IDLE,,1,IDLE,,1,IDLE,,1,IDLE,,1,IDLE,,1,IDLE,,1,IDLE,,1,IDLE,,1,IDLE,,1,IDLE,,1,IDLE,,1,IDLE,,1,IDLE,,1,IDLE,,1,IDLE,,1,IDLE,,1,IDLE,,1,IDLE,,1,IDLE,,42,0.12,0,0,9,22,0.08,0,0,4,55,0.03,0,0,2,26,0.07,0,0,1,14,0.05,0,0,1,138,0.03,6,0,0,91,0.05,0,0,2,22,0.10,0,2,6,34,0.03,0,0,2,42,0.13,3,0,3,25,0.04,0,0,2,26,0.03,0,0,3,17,0.03,0,0,1,51,0.05,0,0,2,110,0.04,0,0,6,34,0.12,0,0,9,67,0.06,0,0,3,5,0.12,0,0,9,46,0.04,5,1,1,6,0.03,0,0,2,35,0.08,0,0,2,10,0.08,0,0,1,0,0.03,0,0,2,61,0.11,0,0,1,19,0.07,0,0,1,28,0.10,0,0,2,43,0.07,0,0,2,15,0.09,0,0,2,3,0.03,0,0,2,17,0.03,0,0,2,2,0.06,0,0,2,27,0.12,0,0,2,16,0.00,0,0,2,27,0.10,0,0,2,64,0.06,0,0,3,8,0.09,0,0,3,6,0.07,0,0,2,35,0.04,0,0,2,31,0.09,0,0,3,54,0.08,0,0,3
284,1376,62,0,14,0,3,0,1,PROTECTING,Field_6,1,PROTECTING,Field_6,1,PROTECTING,Field_6,1,PROTECTING,Field_6,1,IDLE,,1,IDLE,,1,MOVING_TO_FIELD,Field_8,1,IDLE,,1,IDLE,,1,IDLE,,1,IDLE,,1,IDLE,,1,IDLE,,1,IDLE,,1,IDLE,,1,MOVING_TO_FIELD,Field_19,1,IDLE,,1,PROTECTING,Field_6,1,IDLE,,1,IDLE,,1,IDLE,,1,IDLE,,1,PROTECTING,Field_10,1,PROTECTING,Field_10,1,PROTECTING,Field_10,1,PROTECTING,Field_6,1,IDLE,,1,IDLE,,1,PROTECTING,Field_19,1,PROTECTING,Field_19,1,PROTECTING,Field_19,1,IDLE,,1,IDLE,,1,IDLE,,1,IDLE,,1,IDLE,,1,IDLE,,1,MOVING_TO_FIELD,Field_8,1,IDLE,,1,IDLE,,1,IDLE,,1,IDLE,,1,IDLE,,1,PROTECTING,Field_19,1,PROTECTING,Field_19,1,IDLE,,1,IDLE,,1,IDLE,,1,IDLE,,1,IDLE,,1,IDLE,,1,IDLE,,1,IDLE,,1,IDLE,,1,IDLE,,1,IDLE,,1,IDLE,,1,IDLE,,1,IDLE,,1,IDLE,,1,IDLE,,1,IDLE,,1,IDLE,,1,IDLE,,1,IDLE,,1,IDLE,,1,IDLE,,1,IDLE,,1,IDLE,,1,IDLE,,1,IDLE,,1,IDLE,,1,IDLE,,1,IDLE,,1,IDLE,,1,IDLE,,1,IDLE,,1,IDLE,,1,IDLE,,42,0.12,0,0,9,22,0.08,0,0,4,55,0.03,0,0,2,26,0.07,0,0,1,14,0.05,0,0,1,138,0.02,6,0,0,91,0.05,0,0,2,22,0.10,0,2,6,34,0.03,0,0,2,42,0.13,3,0,3,25,0.03,0,0,2,26,0.03,0,0,3,17,0.03,0,0,1,51,0.05,0,0,2,110,0.04,0,0,6,34,0.12,0,0,9,67,0.08,0,0,3,5,0.12,0,0,9,46,0.04,5,1,1,6,0.03,0,0,2,35,0.08,0,0,2,10,0.08,0,0,1,0,0.02,0,0,2,61,0.11,0,0,1,19,0.07,0,0,1,28,0.09,0,0,2,44,0.07,0,0,2,16,0.09,0,0,2,3,0.02,0,0,2,17,0.04,0,0,2,2,0.06,0,0,2,27,0.12,0,0,2,16,0.00,0,0,2,27,0.10,0,0,2,64,0.07,0,0,3,8,0.09,0,0,3,6,0.07,0,0,2,35,0.04,0,0,2,31,0.09,0,0,3,54,0.08,0,0,3
285,1376,62,0,14,0,3,0,1,PROTECTING,Field_6,1,PROTECTING,Field_6,1,PROTECTING,Field_6,1,PROTECTING,Field_6,1,IDLE,,1,IDLE,,1,MOVING_TO_FIELD,Field_8,1,IDLE,,1,IDLE,,1,IDLE,,1,IDLE,,1,IDLE,,1,IDLE,,1,IDLE,,1,IDLE,,1,MOVING_TO_FIELD,Field_19,1,IDLE,,1,PROTECTING,Field_6,1,IDLE,,1,IDLE,,1,IDLE,,1,IDLE,,1,PROTECTING,Field_10,1,PROTECTING,Field_10,1,PROTECTING,Field_10,1,PROTECTING,Field_6,1,IDLE,,1,IDLE,,1,PROTECTING,Field_19,1,PROTECTING,Field_19,1,PROTECTING,Field_19,1,IDLE,,1,IDLE,,1,IDLE,,1,IDLE,,1,IDLE,,1,IDLE,,1,MOVING_TO_FIELD,Field_8,1,IDLE,,1,IDLE,,1,IDLE,,1,IDLE,,1,IDLE,,1,PROTECTING,Field_19,1,PROTECTING,Field_19,1,IDLE,,1,IDLE,,1,IDLE,,1,IDLE,,1,IDLE,,1,IDLE,,1,IDLE,,1,IDLE,,1,IDLE,,1,IDLE,,1,IDLE,,1,IDLE,,1,IDLE,,1,IDLE,,1,IDLE,,1,IDLE,,1,IDLE,,1,IDLE,,1,IDLE,,1,IDLE,,1,IDLE,,1,IDLE,,1,IDLE,,1,IDLE,,1,IDLE,,1,IDLE,,1,IDLE,,1,IDLE,,1,IDLE,,1,IDLE,,1,IDLE,,1,IDLE,,1,IDLE,,1,IDLE,,42,0.13,0,0,9,22,0.08,0,0,4,55,0.03,0,0,2,26,0.05,0,0,1,14,0.05,0,0,1,138,0.01,6,0,0,91,0.05,0,0,2,22,0.10,0,2,6,34,0.03,0,0,2,42,0.14,3,0,3,25,0.03,0,0,2,26,0.04,0,0,3,17,0.03,0,0,1,51,0.05,0,0,2,110,0.04,0,0,6,34,0.12,0,0,9,67,0.06,0,0,3,5,0.13,0,0,9,46,0.06,5,1,1,6,0.03,0,0,2,35,0.08,0,0,2,10,0.08,0,0,1,0,0.03,0,0,2,61,0.08,0,0,1,19,0.07,0,0,1,28,0.09,0,0,2,44,0.07,0,0,2,16,0.09,0,0,2,3,0.06,0,0,2,17,0.04,0,0,2,2,0.06,0,0,2,27,0.12,0,0,2,16,0.00,0,0,2,27,0.10,0,0,2,64,0.07,0,0,3,8,0.09,0,0,3,6,0.06,0,0,2,35,0.04,0,0,2,31,0.08,0,0,3,54,0.09,0,0,3
286,1380,62,0,14,0,3,0,1,PROTECTING,Field_6,1,PROTECTING,Field_6,1,PROTECTING,Field_6,1,PROTECTING,Field_6,1,IDLE,,1,IDLE,,1,MOVING_TO_FIELD,Field_8,1,IDLE,,1,IDLE,,1,IDLE,,1,IDLE,,1,IDLE,,1,IDLE,,1,IDLE,,1,IDLE,,1,MOVING_TO_FIELD,Field_19,1,IDLE,,1,PROTECTING,Field_6,1,IDLE,,1,IDLE,,1,IDLE,,1,IDLE,,1,PROTECTING,Field_10,1,PROTECTING,Field_10,1,PROTECTING,Field_10,1,PROTECTING,Field_6,1,IDLE,,1,IDLE,,1,PROTECTING,Field_19,1,PROTECTING,Field_19,1,PROTECTING,Field_19,1,IDLE,,1,IDLE,,1,IDLE,,1,IDLE,,1,IDLE,,1,IDLE,,1,MOVING_TO_FIELD,Field_8,1,IDLE,,1,IDLE,,1,IDLE,,1,IDLE,,1,IDLE,,1,PROTECTING,Field_19,1,PROTECTING,Field_19,1,IDLE,,1,IDLE,,1,IDLE,,1,IDLE,,1,IDLE,,1,IDLE,,1,IDLE,,1,IDLE,,1,IDLE,,1,IDLE,,1,IDLE,,1,IDLE,,1,IDLE,,1,IDLE,,1,IDLE,,1,IDLE,,1,IDLE,,1,IDLE,,1,IDLE,,1,IDLE,,1,IDLE,,1,IDLE,,1,IDLE,,1,IDLE,,1,IDLE,,1,IDLE,,1,IDLE,,1,IDLE,,1,IDLE,,1,IDLE,,1,IDLE,,1,IDLE,,1,IDLE,,1,IDLE,,42,0.12,0,0,9,22,0.08,0,0,4,55,0.04,0,0,2,26,0.05,0,0,1,14,0.05,0,0,1,138,0.01,6,0,0,91,0.04,0,0,2,22,0.10,0,2,6,34,0.04,0,0,2,42,0.14,3,0,3,25,0.03,0,0,2,26,0.04,0,0,3,17,0.05,0,0,1,51,0.05,0,0,2,110,0.05,0,0,6,34,0.13,0,0,9,67,0.06,0,0,3,5,0.14,0,0,9,46,0.06,5,1,1,6,0.03,0,0,2,35,0.06,0,0,2,11,0.08,0,0,1,0,0.03,0,0,2,61,0.08,0,0,1,19,0.05,0,0,1,28,0.09,0,0,2,45,0.07,0,0,2,17,0.09,0,0,2,3,0.06,0,0,2,17,0.01,0,0,2,2,0.06,0,0,2,28,0.12,0,0,2,16,0.00,0,0,2,27,0.10,0,0,2,64,0.07,0,0,3,8,0.09,0,0,3,6,0.06,0,0,2,35,0.04,0,0,2,31,0.08,0,0,3,54,0.09,0,0,3
287,1384,62,0,14,0,3,0,1,PROTECTING,Field_6,1,PROTECTING,Field_6,1,PROTECTING,Field_6,1,PROTECTING,Field_6,1,IDLE,,1,IDLE,,1,MOVING_TO_FIELD,Field_8,1,IDLE,,1,IDLE,,1,IDLE,,1,IDLE,,1,IDLE,,1,IDLE,,1,IDLE,,1,IDLE,,1,MOVING_TO_FIELD,Field_19,1,IDLE,,1,PROTECTING,Field_6,1,IDLE,,1,IDLE,,1,IDLE,,1,IDLE,,1,PROTECTING,Field_10,1,PROTECTING,Field_10,1,PROTECTING,Field_10,1,PROTECTING,Field_6,1,IDLE,,1,IDLE,,1,PROTECTING,Field_19,1,PROTECTING,Field_19,1,PROTECTING,Field_19,1,IDLE,,1,IDLE,,1,IDLE,,1,IDLE,,1,IDLE,,1,IDLE,,1,MOVING_TO_FIELD,Field_8,1,IDLE,,1,IDLE,,1,IDLE,,1,IDLE,,1,IDLE,,1,PROTECTING,Field_19,1,PROTECTING,Field_19,1,IDLE,,1,IDLE,,1,IDLE,,1,IDLE,,1,IDLE,,1,IDLE,,1,IDLE,,1,IDLE,,1,IDLE,,1,IDLE,,1,IDLE,,1,IDLE,,1,IDLE,,1,IDLE,,1,IDLE,,1,IDLE,,1,IDLE,,1,IDLE,,1,IDLE,,1,IDLE,,1,IDLE,,1,IDLE,,1,IDLE,,1,IDLE,,1,IDLE,,1,IDLE,,1,IDLE,,1,IDLE,,1,IDLE,,1,IDLE,,1,IDLE,,1,IDLE,,1,IDLE,,1,IDLE,,42,0.12,0,0,9,22,0.08,0,0,4,55,0.04,0,0,2,26,0.05,0,0,1,14,0.05,0,0,1,138,0.01,6,0,0,91,0.04,0,0,2,22,0.09,0,2,6,34,0.04,0,0,2,42,0.14,3,0,3,25,0.03,0,0,2,26,0.05,0,0,3,17,0.03,0,0,1,51,0.05,0,0,2,110,0.05,0,0,6,34,0.12,0,0,9,67,0.08,0,0,3,5,0.14,0,0,9,46,0.04,5,1,1,6,0.03,0,0,2,35,0.06,0,0,2,12,0.08,0,0,1,0,0.03,0,0,2,61,0.07,0,0,1,19,0.05,0,0,1,28,0.06,0,0,2,45,0.07,0,0,2,17,0.09,0,0,2,3,0.06,0,0,2,17,0.01,0,0,2,2,0.06,0,0,2,29,0.12,0,0,2,16,0.00,0,0,2,29,0.12,0,0,2,64,0.07,0,0,3,8,0.09,0,0,3,6,0.07,0,0,2,35,0.05,0,0,2,31,0.08,0,0,3,54,0.09,0,0,3
288,1384,62,0,14,0,3,0,1,PROTECTING,Field_6,1,PROTECTING,Field_6,1,PROTECTING,Field_6,1,PROTECTING,Field_6,1,IDLE,,1,IDLE,,1,MOVING_TO_FIELD,Field_8,1,IDLE,,1,IDLE,,1,IDLE,,1,IDLE,,1,IDLE,,1,IDLE,,1,IDLE,,1,IDLE,,1,MOVING_TO_FIELD,Field_19,1,IDLE,,1,PROTECTING,Field_6,1,IDLE,,1,IDLE,,1,IDLE,,1,IDLE,,1,PROTECTING,Field_10,1,PROTECTING,Field_10,1,PROTECTING,Field_10,1,PROTECTING,Field_6,1,IDLE,,1,IDLE,,1,PROTECTING,Field_19,1,PROTECTING,Field_19,1,PROTECTING,Field_19,1,IDLE,,1,IDLE,,1,IDLE,,1,IDLE,,1,IDLE,,1,IDLE,,1,MOVING_TO_FIELD,Field_8,1,IDLE,,1,IDLE,,1,IDLE,,1,IDLE,,1,IDLE,,1,PROTECTING,Field_19,1,PROTECTING,Field_19,1,IDLE,,1,IDLE,,1,IDLE,,1,IDLE,,1,IDLE,,1,IDLE,,1,IDLE,,1,IDLE,,1,IDLE,,1,IDLE,,1,IDLE,,1,IDLE,,1,IDLE,,1,IDLE,,1,IDLE,,1,IDLE,,1,IDLE,,1,IDLE,,1,IDLE,,1,IDLE,,1,IDLE,,1,IDLE,,1,IDLE,,1,IDLE,,1,IDLE,,1,IDLE,,1,IDLE,,1,IDLE,,1,IDLE,,1,IDLE,,1,IDLE,,1,IDLE,,1,IDLE,,1,IDLE,,42,0.13,0,0,9,22,0.08,0,0,4,55,0.04,0,0,2,26,0.05,0,0,1,14,0.05,0,0,1,138,0.01,6,0,0,91,0.04,0,0,2,22,0.09,0,2,6,34,0.04,0,0,2,42,0.14,3,0,3,25,0.03,0,0,2,26,0.05,0,0,3,17,0.03,0,0,1,51,0.05,0,0,2,110,0.05,0,0,6,34,0.12,0,0,9,67,0.08,0,0,3,5,0.15,0,0,9,46,0.04,5,1,1,6,0.03,0,0,2,35,0.06,0,0,2,12,0.08,0,0,1,0,0.03,0,0,2,61,0.07,0,0,1,19,0.05,0,0,1,28,0.06,0,0,2,45,0.08,0,0,2,17,0.09,0,0,2,3,0.06,0,0,2,17,0.00,0,0,2,2,0.06,0,0,2,29,0.13,0,0,2,16,0.00,0,0,2,29,0.12,0,0,2,64,0.07,0,0,3,8,0.09,0,0,3,6,0.07,0,0,2,35,0.05,0,0,2,31,0.07,0,0,3,54,0.09,0,0,3
289,1386,62,0,15,0,2,0,1,PROTECTING,Field_6,1,PROTECTING,Field_6,1,PROTECTING,Field_6,1,PROTECTING,Field_6,1,IDLE,,1,IDLE,,1,PROTECTING,Field_8,1,IDLE,,1,IDLE,,1,IDLE,,1,IDLE,,1,IDLE,,1,IDLE,,1,IDLE,,1,IDLE,,1,MOVING_TO_FIELD,Field_19,1,IDLE,,1,PROTECTING,Field_6,1,IDLE,,1,IDLE,,1,IDLE,,1,IDLE,,1,PROTECTING,Field_10,1,PROTECTING,Field_10,1,PROTECTING,Field_10,1,PROTECTING,Field_6,1,IDLE,,1,IDLE,,1,PROTECTING,Field_19,1,PROTECTING,Field_19,1,PROTECTING,Field_19,1,IDLE,,1,IDLE,,1,IDLE,,1,IDLE,,1,IDLE,,1,IDLE,,1,MOVING_TO_FIELD,Field_8,1,IDLE,,1,IDLE,,1,IDLE,,1,IDLE,,1,IDLE,,1,PROTECTING,Field_19,1,PROTECTING,Field_19,1,IDLE,,1,IDLE,,1,IDLE,,1,IDLE,,1,IDLE,,1,IDLE,,1,IDLE,,1,IDLE,,1,IDLE,,1,IDLE,,1,IDLE,,1,IDLE,,1,IDLE,,1,IDLE,,1,IDLE,,1,IDLE,,1,IDLE,,1,IDLE,,1,IDLE,,1,IDLE,,1,IDLE,,1,IDLE,,1,IDLE,,1,IDLE,,1,IDLE,,1,IDLE,,1,IDLE,,1,IDLE,,1,IDLE,,1,IDLE,,1,IDLE,,1,IDLE,,1,IDLE,,1,IDLE,,42,0.13,0,0,9,22,0.08,0,0,4,55,0.05,0,0,2,26,0.05,0,0,1,14,0.05,0,0,1,138,0.01,6,0,0,91,0.04,0,0,2,22,0.11,1,1,5,34,0.04,0,0,2,43,0.14,3,0,3,25,0.03,0,0,2,26,0.05,0,0,3,17,0.03,0,0,1,51,0.07,0,0,2,110,0.06,0,0,6,34,0.12,0,0,9,67,0.09,0,0,3,5,0.16,0,0,9,46,0.06,5,1,1,6,0.03,0,0,2,35,0.06,0,0,2,12,0.08,0,0,1,0,0.03,0,0,2,61,0.07,0,0,1,19,0.05,0,0,1,28,0.08,0,0,2,46,0.08,0,0,2,17,0.09,0,0,2,3,0.05,0,0,2,17,0.00,0,0,2,2,0.06,0,0,2,29,0.13,0,0,2,16,0.00,0,0,2,29,0.12,0,0,2,64,0.06,0,0,3,8,0.09,0,0,3,6,0.07,0,0,2,35,0.05,0,0,2,31,0.07,0,0,3,54,0.09,0,0,3
290,1388,62,0,15,0,2,0,1,PROTECTING,Field_6,1,PROTECTING,Field_6,1,PROTECTING,Field_6,1,PROTECTING,Field_6,1,IDLE,,1,IDLE,,1,PROTECTING,Field_8,1,IDLE,,1,IDLE,,1,IDLE,,1,IDLE,,1,IDLE,,1,IDLE,,1,IDLE,,1,IDLE,,1,MOVING_TO_FIELD,Field_19,1,IDLE,,1,PROTECTING,Field_6,1,IDLE,,1,IDLE,,1,IDLE,,1,IDLE,,1,PROTECTING,Field_10,1,PROTECTING,Field_10,1,PROTECTING,Field_10,1,PROTECTING,Field_6,1,IDLE,,1,IDLE,,1,PROTECTING,Field_19,1,PROTECTING,Field_19,1,PROTECTING,Field_19,1,IDLE,,1,IDLE,,1,IDLE,,1,IDLE,,1,IDLE,,1,IDLE,,1,MOVING_TO_FIELD,Field_8,1,IDLE,,1,IDLE,,1,IDLE,,1,IDLE,,1,IDLE,,1,PROTECTING,Field_19,1,PROTECTING,Field_19,1,IDLE,,1,IDLE,,1,IDLE,,1,IDLE,,1,IDLE,,1,IDLE,,1,IDLE,,1,IDLE,,1,IDLE,,1,IDLE,,1,IDLE,,1,IDLE,,1,IDLE,,1,IDLE,,1,IDLE,,1,IDLE,,1,IDLE,,1,IDLE,,1,IDLE,,1,IDLE,,1,IDLE,,1,IDLE,,1,IDLE,,1,IDLE,,1,IDLE,,1,IDLE,,1,IDLE,,1,IDLE,,1,IDLE,,1,IDLE,,1,IDLE,,1,IDLE,,1,IDLE,,1,IDLE,,42,0.12,0,0,9,22,0.06,0,0,4,55,0.05,0,0,2,26,0.05,0,0,1,14,0.05,0,0,1,138,0.01,6,0,0,91,0.05,0,0,2,22,0.11,1,1,5,34,0.03,0,0,2,44,0.14,3,0,3,25,0.03,0,0,2,26,0.05,0,0,3,17,0.03,0,0,1,51,0.08,0,0,2,110,0.06,0,0,6,34,0.11,0,0,9,67,0.09,0,0,3,5,0.16,0,0,9,46,0.06,5,1,1,6,0.03,0,0,2,35,0.06,0,0,2,12,0.08,0,0,1,0,0.03,0,0,2,61,0.07,0,0,1,19,0.04,0,0,1,29,0.08,0,0,2,46,0.07,0,0,2,17,0.09,0,0,2,3,0.05,0,0,2,17,0.01,0,0,2,2,0.06,0,0,2,29,0.14,0,0,2,16,0.00,0,0,2,29,0.10,0,0,2,64,0.06,0,0,3,8,0.09,0,0,3,6,0.07,0,0,2,35,0.05,0,0,2,31,0.07,0,0,3,54,0.09,0,0,3
291,1389,62,0,14,0,3,0,1,PROTECTING,Field_6,1,PROTECTING,Field_6,1,PROTECTING,Field_6,1,PROTECTING,Field_6,1,IDLE,,1,IDLE,,1,PROTECTING,Field_8,1,IDLE,,1,IDLE,,1,IDLE,,1,IDLE,,1,IDLE,,1,IDLE,,1,IDLE,,1,IDLE,,1,MOVING_TO_FIELD,Field_19,1,IDLE,,1,PROTECTING,Field_6,1,IDLE,,1,IDLE,,1,IDLE,,1,IDLE,,1,PROTECTING,Field_10,1,PROTECTING,Field_10,1,PROTECTING,Field_10,1,MOVING_TO_FIELD,Field_10,1,IDLE,,1,IDLE,,1,PROTECTING,Field_19,1,PROTECTING,Field_19,1,PROTECTING,Field_19,1,IDLE,,1,IDLE,,1,IDLE,,1,IDLE,,1,IDLE,,1,IDLE,,1,MOVING_TO_FIELD,Field_8,1,IDLE,,1,IDLE,,1,IDLE,,1,IDLE,,1,IDLE,,1,PROTECTING,Field_19,1,PROTECTING,Field_19,1,IDLE,,1,IDLE,,1,IDLE,,1,IDLE,,1,IDLE,,1,IDLE,,1,IDLE,,1,IDLE,,1,IDLE,,1,IDLE,,1,IDLE,,1,IDLE,,1,IDLE,,1,IDLE,,1,IDLE,,1,IDLE,,1,IDLE,,1,IDLE,,1,IDLE,,1,IDLE,,1,IDLE,,1,IDLE,,1,IDLE,,1,IDLE,,1,IDLE,,1,IDLE,,1,IDLE,,1,IDLE,,1,IDLE,,1,IDLE,,1,IDLE,,1,IDLE,,1,IDLE,,1,IDLE,,42,0.12,0,0,9,22,0.05,0,0,4,55,0.08,0,0,2,26,0.05,0,0,1,14,0.05,0,0,1,138,0.01,5,0,1,91,0.05,0,0,2,22,0.10,1,1,5,34,0.02,0,0,2,44,0.13,3,1,3,25,0.03,0,0,2,26,0.05,0,0,3,17,0.02,0,0,1,52,0.08,0,0,2,110,0.06,0,0,6,34,0.11,0,0,9,67,0.10,0,0,3,5,0.15,0,0,9,46,0.06,5,1,1,6,0.04,0,0,2,35,0.08,0,0,2,12,0.07,0,0,1,0,0.03,0,0,2,61,0.07,0,0,1,19,0.05,0,0,1,29,0.08,0,0,2,46,0.07,0,0,2,17,0.07,0,0,2,3,0.05,0,0,2,17,0.01,0,0,2,2,0.06,0,0,2,29,0.14,0,0,2,16,0.02,0,0,2,29,0.10,0,0,2,64,0.05,0,0,3,8,0.09,0,0,3,6,0.07,0,0,2,35,0.05,0,0,2,31,0.07,0,0,3,54,0.11,0,0,3
292,1390,62,0,14,0,3,0,1,PROTECTING,Field_6,1,PROTECTING,Field_6,1,PROTECTING,Field_6,1,PROTECTING,Field_6,1,IDLE,,1,IDLE,,1,PROTECTING,Field_8,1,IDLE,,1,IDLE,,1,IDLE,,1,IDLE,,1,IDLE,,1,IDLE,,1,IDLE,,1,IDLE,,1,MOVING_TO_FIELD,Field_19,1,IDLE,,1,PROTECTING,Field_6,1,IDLE,,1,IDLE,,1,IDLE,,1,IDLE,,1,PROTECTING,Field_10,1,PROTECTING,Field_10,1,PROTECTING,Field_10,1,MOVING_TO_FIELD,Field_10,1,IDLE,,1,IDLE,,1,PROTECTING,Field_19,1,PROTECTING,Field_19,1,PROTECTING,Field_19,1,IDLE,,1,IDLE,,1,IDLE,,1,IDLE,,1,IDLE,,1,IDLE,,1,MOVING_TO_FIELD,Field_8,1,IDLE,,1,IDLE,,1,IDLE,,1,IDLE,,1,IDLE,,1,PROTECTING,Field_19,1,PROTECTING,Field_19,1,IDLE,,1,IDLE,,1,IDLE,,1,IDLE,,1,IDLE,,1,IDLE,,1,IDLE,,1,IDLE,,1,IDLE,,1,IDLE,,1,IDLE,,1,IDLE,,1,IDLE,,1,IDLE,,1,IDLE,,1,IDLE,,1,IDLE,,1,IDLE,,1,IDLE,,1,IDLE,,1,IDLE,,1,IDLE,,1,IDLE,,1,IDLE,,1,IDLE,,1,IDLE,,1,IDLE,,1,IDLE,,1,IDLE,,1,IDLE,,1,IDLE,,1,IDLE,,1,IDLE,,1,IDLE,,42,0.11,0,0,9,22,0.05,0,0,4,55,0.09,0,0,2,26,0.05,0,0,1,14,0.05,0,0,1,138,0.01,5,0,1,91,0.05,0,0,2,22,0.10,1,1,5,34,0.03,0,0,2,45,0.13,3,1,3,25,0.01,0,0,2,26,0.04,0,0,3,17,0.03,0,0,1,52,0.08,0,0,2,110,0.05,0,0,6,34,0.12,0,0,9,67,0.09,0,0,3,5,0.14,0,0,9,46,0.04,5,1,1,6,0.05,0,0,2,35,0.08,0,0,2,12,0.07,0,0,1,0,0.03,0,0,2,61,0.07,0,0,1,19,0.04,0,0,1,29,0.09,0,0,2,46,0.07,0,0,2,17,0.07,0,0,2,3,0.06,0,0,2,17,0.01,0,0,2,2,0.06,0,0,2,29,0.10,0,0,2,16,0.04,0,0,2,29,0.10,0,0,2,64,0.05,0,0,3,8,0.09,0,0,3,6,0.08,0,0,2,35,0.05,0,0,2,31,0.07,0,0,3,54,0.12,0,0,3
293,1391,62,0,14,0,3,0,1,PROTECTING,Field_6,1,PROTECTING,Field_6,1,PROTECTING,Field_6,1,PROTECTING,Field_6,1,IDLE,,1,IDLE,,1,PROTECTING,Field_8,1,IDLE,,1,IDLE,,1,IDLE,,1,IDLE,,1,IDLE,,1,IDLE,,1,IDLE,,1,IDLE,,1,MOVING_TO_FIELD,Field_19,1,IDLE,,1,PROTECTING,Field_6,1,IDLE,,1,IDLE,,1,IDLE,,1,IDLE,,1,PROTECTING,Field_10,1,PROTECTING,Field_10,1,PROTECTING,Field_10,1,MOVING_TO_FIELD,Field_10,1,IDLE,,1,IDLE,,1,PROTECTING,Field_19,1,PROTECTING,Field_19,1,PROTECTING,Field_19,1,IDLE,,1,IDLE,,1,IDLE,,1,IDLE,,1,IDLE,,1,IDLE,,1,MOVING_TO_FIELD,Field_8,1,IDLE,,1,IDLE,,1,IDLE,,1,IDLE,,1,IDLE,,1,PROTECTING,Field_19,1,PROTECTING,Field_19,1,IDLE,,1,IDLE,,1,IDLE,,1,IDLE,,1,IDLE,,1,IDLE,,1,IDLE,,1,IDLE,,1,IDLE,,1,IDLE,,1,IDLE,,1,IDLE,,1,IDLE,,1,IDLE,,1,IDLE,,1,IDLE,,1,IDLE,,1,IDLE,,1,IDLE,,1,IDLE,,1,IDLE,,1,IDLE,,1,IDLE,,1,IDLE,,1,IDLE,,1,IDLE,,1,IDLE,,1,IDLE,,1,IDLE,,1,IDLE,,1,IDLE,,1,IDLE,,1,IDLE,,1,IDLE,,42,0.11,0,0,9,22,0.04,0,0,4,55,0.09,0,0,2,26,0.05,0,0,1,14,0.05,0,0,1,138,0.01,5,0,1,91,0.05,0,0,2,22,0.08,1,1,5,34,0.04,0,0,2,46,0.13,3,1,3,25,0.03,0,0,2,26,0.04,0,0,3,17,0.03,0,0,1,52,0.07,0,0,2,110,0.05,0,0,6,34,0.11,0,0,9,67,0.08,0,0,3,5,0.14,0,0,9,46,0.04,5,1,1,6,0.05,0,0,2,35,0.08,0,0,2,12,0.07,0,0,1,0,0.02,0,0,2,61,0.05,0,0,1,19,0.04,0,0,1,29,0.09,0,0,2,46,0.08,0,0,2,17,0.07,0,0,2,3,0.08,0,0,2,17,0.01,0,0,2,2,0.06,0,0,2,29,0.10,0,0,2,16,0.04,0,0,2,29,0.08,0,0,2,64,0.05,0,0,3,8,0.09,0,0,3,6,0.08,0,0,2,35,0.05,0,0,2,31,0.07,0,0,3,54,0.13,0,0,3
294,1391,62,0,14,0,3,0,1,PROTECTING,Field_6,1,PROTECTING,Field_6,1,PROTECTING,Field_6,1,PROTECTING,Field_6,1,IDLE,,1,IDLE,,1,PROTECTING,Field_8,1,IDLE,,1,IDLE,,1,IDLE,,1,IDLE,,1,IDLE,,1,IDLE,,1,IDLE,,1,IDLE,,1,MOVING_TO_FIELD,Field_19,1,IDLE,,1,PROTECTING,Field_6,1,IDLE,,1,IDLE,,1,IDLE,,1,IDLE,,1,PROTECTING,Field_10,1,PROTECTING,Field_10,1,PROTECTING,Field_10,1,MOVING_TO_FIELD,Field_10,1,IDLE,,1,IDLE,,1,PROTECTING,Field_19,1,PROTECTING,Field_19,1,PROTECTING,Field_19,1,IDLE,,1,IDLE,,1,IDLE,,1,IDLE,,1,IDLE,,1,IDLE,,1,MOVING_TO_FIELD,Field_8,1,IDLE,,1,IDLE,,1,IDLE,,1,IDLE,,1,IDLE,,1,PROTECTING,Field_19,1,PROTECTING,Field_19,1,IDLE,,1,IDLE,,1,IDLE,,1,IDLE,,1,IDLE,,1,IDLE,,1,IDLE,,1,IDLE,,1,IDLE,,1,IDLE,,1,IDLE,,1,IDLE,,1,IDLE,,1,IDLE,,1,IDLE,,1,IDLE,,1,IDLE,,1,IDLE,,1,IDLE,,1,IDLE,,1,IDLE,,1,IDLE,,1,IDLE,,1,IDLE,,1,IDLE,,1,IDLE,,1,IDLE,,1,IDLE,,1,IDLE,,1,IDLE,,1,IDLE,,1,IDLE,,1,IDLE,,1,IDLE,,42,0.12,0,0,9,22,0.04,0,0,4,55,0.09,0,0,2,26,0.05,0,0,1,14,0.05,0,0,1,138,0.01,5,0,1,91,0.04,0,0,2,22,0.08,1,1,5,34,0.04,0,0,2,46,0.13,3,1,3,25,0.03,0,0,2,26,0.04,0,0,3,17,0.03,0,0,1,52,0.06,0,0,2,110,0.04,0,0,6,34,0.11,0,0,9,67,0.08,0,0,3,5,0.14,0,0,9,46,0.06,5,1,1,6,0.07,0,0,2,35,0.06,0,0,2,12,0.05,0,0,1,0,0.03,0,0,2,61,0.05,0,0,1,19,0.04,0,0,1,29,0.09,0,0,2,46,0.06,0,0,2,17,0.09,0,0,2,3,0.08,0,0,2,17,0.01,0,0,2,2,0.06,0,0,2,29,0.10,0,0,2,16,0.04,0,0,2,29,0.07,0,0,2,64,0.05,0,0,3,8,0.07,0,0,3,6,0.08,0,0,2,35,0.04,0,0,2,31,0.08,0,0,3,54,0.13,0,0,3
295,1392,62,0,14,0,3,0,1,PROTECTING,Field_6,1,PROTECTING,Field_6,1,PROTECTING,Field_6,1,PROTECTING,Field_6,1,IDLE,,1,IDLE,,1,PROTECTING,Field_8,1,IDLE,,1,IDLE,,1,IDLE,,1,IDLE,,1,IDLE,,1,IDLE,,1,IDLE,,1,IDLE,,1,MOVING_TO_FIELD,Field_19,1,IDLE,,1,PROTECTING,Field_6,1,IDLE,,1,IDLE,,1,IDLE,,1,IDLE,,1,PROTECTING,Field_10,1,PROTECTING,Field_10,1,PROTECTING,Field_10,1,MOVING_TO_FIELD,Field_10,1,IDLE,,1,IDLE,,1,PROTECTING,Field_19,1,PROTECTING,Field_19,1,PROTECTING,Field_19,1,IDLE,,1,IDLE,,1,IDLE,,1,IDLE,,1,IDLE,,1,IDLE,,1,MOVING_TO_FIELD,Field_8,1,IDLE,,1,IDLE,,1,IDLE,,1,IDLE,,1,IDLE,,1,PROTECTING,Field_19,1,PROTECTING,Field_19,1,IDLE,,1,IDLE,,1,IDLE,,1,IDLE,,1,IDLE,,1,IDLE,,1,IDLE,,1,IDLE,,1,IDLE,,1,IDLE,,1,IDLE,,1,IDLE,,1,IDLE,,1,IDLE,,1,IDLE,,1,IDLE,,1,IDLE,,1,IDLE,,1,IDLE,,1,IDLE,,1,IDLE,,1,IDLE,,1,IDLE,,1,IDLE,,1,IDLE,,1,IDLE,,1,IDLE,,1,IDLE,,1,IDLE,,1,IDLE,,1,IDLE,,1,IDLE,,1,IDLE,,1,IDLE,,42,0.12,0,0,9,22,0.04,0,0,4,55,0.09,0,0,2,26,0.05,0,0,1,14,0.03,0,0,1,138,0.02,5,0,1,91,0.04,0,0,2,22,0.08,1,1,5,34,0.04,0,0,2,46,0.13,3,1,3,25,0.03,0,0,2,26,0.05,0,0,3,17,0.03,0,0,1,52,0.07,0,0,2,110,0.05,0,0,6,34,0.12,0,0,9,67,0.06,0,0,3,5,0.16,0,0,9,46,0.04,5,1,1,6,0.08,0,0,2,35,0.06,0,0,2,12,0.05,0,0,1,0,0.03,0,0,2,61,0.05,0,0,1,19,0.04,0,0,1,30,0.09,0,0,2,46,0.06,0,0,2,17,0.09,0,0,2,3,0.08,0,0,2,17,0.00,0,0,2,2,0.06,0,0,2,29,0.10,0,0,2,16,0.04,0,0,2,29,0.07,0,0,2,64,0.05,0,0,3,8,0.07,0,0,3,6,0.07,0,0,2,35,0.04,0,0,2,31,0.09,0,0,3,54,0.13,0,0,3
296,1395,62,0,14,0,3,0,1,PROTECTING,Field_6,1,PROTECTING,Field_6,1,PROTECTING,Field_6,1,PROTECTING,Field_6,1,IDLE,,1,IDLE,,1,PROTECTING,Field_8,1,IDLE,,1,IDLE,,1,IDLE,,1,IDLE,,1,IDLE,,1,IDLE,,1,IDLE,,1,IDLE,,1,MOVING_TO_FIELD,Field_19,1,IDLE,,1,PROTECTING,Field_6,1,IDLE,,1,IDLE,,1,IDLE,,1,IDLE,,1,PROTECTING,Field_10,1,PROTECTING,Field_10,1,PROTECTING,Field_10,1,MOVING_TO_FIELD,Field_10,1,IDLE,,1,IDLE,,1,PROTECTING,Field_19,1,PROTECTING,Field_19,1,PROTECTING,Field_19,1,IDLE,,1,IDLE,,1,IDLE,,1,IDLE,,1,IDLE,,1,IDLE,,1,MOVING_TO_FIELD,Field_8,1,IDLE,,1,IDLE,,1,IDLE,,1,IDLE,,1,IDLE,,1,PROTECTING,Field_19,1,PROTECTING,Field_19,1,IDLE,,1,IDLE,,1,IDLE,,1,IDLE,,1,IDLE,,1,IDLE,,1,IDLE,,1,IDLE,,1,IDLE,,1,IDLE,,1,IDLE,,1,IDLE,,1,IDLE,,1,IDLE,,1,IDLE,,1,IDLE,,1,IDLE,,1,IDLE,,1,IDLE,,1,IDLE,,1,IDLE,,1,IDLE,,1,IDLE,,1,IDLE,,1,IDLE,,1,IDLE,,1,IDLE,,1,IDLE,,1,IDLE,,1,IDLE,,1,IDLE,,1,IDLE,,1,IDLE,,1,IDLE,,42,0.12,0,0,9,22,0.03,0,0,4,55,0.08,0,0,2,26,0.05,0,0,1,14,0.03,0,0,1,138,0.02,5,0,1,91,0.05,0,0,2,22,0.08,1,1,5,34,0.04,0,0,2,46,0.14,3,1,3,25,0.03,0,0,2,26,0.05,0,0,3,17,0.03,0,0,1,52,0.08,0,0,2,110,0.05,0,0,6,34,0.13,0,0,9,67,0.06,0,0,3,5,0.15,0,0,9,46,0.04,5,1,1,6,0.08,0,0,2,36,0.06,0,0,2,13,0.05,0,0,1,0,0.03,0,0,2,61,0.05,0,0,1,19,0.04,0,0,1,30,0.09,0,0,2,46,0.06,0,0,2,17,0.09,0,0,2,4,0.08,0,0,2,17,0.01,0,0,2,2,0.06,0,0,2,29,0.12,0,0,2,16,0.04,0,0,2,29,0.07,0,0,2,64,0.05,0,0,3,8,0.07,0,0,3,6,0.07,0,0,2,35,0.04,0,0,2,31,0.08,0,0,3,54,0.13,0,0,3
297,1397,62,0,14,0,3,0,1,PROTECTING,Field_6,1,PROTECTING,Field_6,1,PROTECTING,Field_6,1,PROTECTING,Field_6,1,IDLE,,1,IDLE,,1,PROTECTING,Field_8,1,IDLE,,1,IDLE,,1,IDLE,,1,IDLE,,1,IDLE,,1,IDLE,,1,IDLE,,1,IDLE,,1,MOVING_TO_FIELD,Field_19,1,IDLE,,1,PROTECTING,Field_6,1,IDLE,,1,IDLE,,1,IDLE,,1,IDLE,,1,PROTECTING,Field_10,1,PROTECTING,Field_10,1,PROTECTING,Field_10,1,MOVING_TO_FIELD,Field_10,1,IDLE,,1,IDLE,,1,PROTECTING,Field_19,1,PROTECTING,Field_19,1,PROTECTING,Field_19,1,IDLE,,1,IDLE,,1,IDLE,,1,IDLE,,1,IDLE,,1,IDLE,,1,MOVING_TO_FIELD,Field_8,1,IDLE,,1,IDLE,,1,IDLE,,1,IDLE,,1,IDLE,,1,PROTECTING,Field_19,1,PROTECTING,Field_19,1,IDLE,,1,IDLE,,1,IDLE,,1,IDLE,,1,IDLE,,1,IDLE,,1,IDLE,,1,IDLE,,1,IDLE,,1,IDLE,,1,IDLE,,1,IDLE,,1,IDLE,,1,IDLE,,1,IDLE,,1,IDLE,,1,IDLE,,1,IDLE,,1,IDLE,,1,IDLE,,1,IDLE,,1,IDLE,,1,IDLE,,1,IDLE,,1,IDLE,,1,IDLE,,1,IDLE,,1,IDLE,,1,IDLE,,1,IDLE,,1,IDLE,,1,IDLE,,1,IDLE,,1,IDLE,,42,0.13,0,0,9,22,0.03,0,0,4,55,0.06,0,0,2,26,0.07,0,0,1,14,0.03,0,0,1,138,0.02,5,0,1,91,0.05,0,0,2,22,0.07,1,1,5,34,0.04,0,0,2,46,0.15,3,1,3,25,0.03,0,0,2,26,0.06,0,0,3,17,0.03,0,0,1,52,0.08,0,0,2,110,0.05,0,0,6,34,0.13,0,0,9,67,0.06,0,0,3,5,0.15,0,0,9,46,0.04,5,1,1,6,0.08,0,0,2,37,0.06,0,0,2,13,0.05,0,0,1,0,0.03,0,0,2,61,0.05,0,0,1,19,0.04,0,0,1,30,0.08,0,0,2,46,0.06,0,0,2,17,0.09,0,0,2,4,0.10,0,0,2,17,0.01,0,0,2,2,0.06,0,0,2,29,0.12,0,0,2,16,0.04,0,0,2,29,0.07,0,0,2,64,0.06,0,0,3,8,0.07,0,0,3,6,0.07,0,0,2,35,0.05,0,0,2,31,0.08,0,0,3,55,0.13,0,0,3
298,1398,62,0,14,0,3,0,1,PROTECTING,Field_6,1,PROTECTING,Field_6,1,PROTECTING,Field_6,1,PROTECTING,Field_6,1,IDLE,,1,IDLE,,1,PROTECTING,Field_8,1,IDLE,,1,IDLE,,1,IDLE,,1,IDLE,,1,IDLE,,1,IDLE,,1,IDLE,,1,IDLE,,1,MOVING_TO_FIELD,Field_19,1,IDLE,,1,PROTECTING,Field_6,1,IDLE,,1,IDLE,,1,IDLE,,1,IDLE,,1,PROTECTING,Field_10,1,PROTECTING,Field_10,1,PROTECTING,Field_10,1,MOVING_TO_FIELD,Field_10,1,IDLE,,1,IDLE,,1,PROTECTING,Field_19,1,PROTECTING,Field_19,1,PROTECTING,Field_19,1,IDLE,,1,IDLE,,1,IDLE,,1,IDLE,,1,IDLE,,1,IDLE,,1,MOVING_TO_FIELD,Field_8,1,IDLE,,1,IDLE,,1,IDLE,,1,IDLE,,1,IDLE,,1,PROTECTING,Field_19,1,PROTECTING,Field_19,1,IDLE,,1,IDLE,,1,IDLE,,1,IDLE,,1,IDLE,,1,IDLE,,1,IDLE,,1,IDLE,,1,IDLE,,1,IDLE,,1,IDLE,,1,IDLE,,1,IDLE,,1,IDLE,,1,IDLE,,1,IDLE,,1,IDLE,,1,IDLE,,1,IDLE,,1,IDLE,,1,IDLE,,1,IDLE,,1,IDLE,,1,IDLE,,1,IDLE,,1,IDLE,,1,IDLE,,1,IDLE,,1,IDLE,,1,IDLE,,1,IDLE,,1,IDLE,,1,IDLE,,1,IDLE,,42,0.13,0,0,9,22,0.03,0,0,4,55,0.06,0,0,2,26,0.07,0,0,1,14,0.05,0,0,1,138,0.02,5,0,1,91,0.08,0,0,2,22,0.07,1,1,5,34,0.03,0,0,2,47,0.14,3,1,3,25,0.03,0,0,2,26,0.06,0,0,3,17,0.03,0,0,1,52,0.08,0,0,2,110,0.05,0,0,6,34,0.12,0,0,9,67,0.06,0,0,3,5,0.14,0,0,9,46,0.04,5,1,1,6,0.08,0,0,2,37,0.05,0,0,2,13,0.05,0,0,1,0,0.03,0,0,2,61,0.05,0,0,1,19,0.07,0,0,1,30,0.08,0,0,2,46,0.07,0,0,2,17,0.07,0,0,2,4,0.10,0,0,2,17,0.01,0,0,2,2,0.06,0,0,2,29,0.12,0,0,2,16,0.04,0,0,2,29,0.07,0,0,2,64,0.06,0,0,3,8,0.07,0,0,3,6,0.06,0,0,2,35,0.05,0,0,2,31,0.09,0,0,3,55,0.12,0,0,3
299,1401,62,0,14,0,3,0,1,PROTECTING,Field_6,1,PROTECTING,Field_6,1,PROTECTING,Field_6,1,PROTECTING,Field_6,1,IDLE,,1,IDLE,,1,PROTECTING,Field_8,1,IDLE,,1,IDLE,,1,IDLE,,1,IDLE,,1,IDLE,,1,IDLE,,1,IDLE,,1,IDLE,,1,MOVING_TO_FIELD,Field_19,1,IDLE,,1,PROTECTING,Field_6,1,IDLE,,1,IDLE,,1,IDLE,,1,IDLE,,1,PROTECTING,Field_10,1,PROTECTING,Field_10,1,PROTECTING,Field_10,1,MOVING_TO_FIELD,Field_10,1,IDLE,,1,IDLE,,1,PROTECTING,Field_19,1,PROTECTING,Field_19,1,PROTECTING,Field_19,1,IDLE,,1,IDLE,,1,IDLE,,1,IDLE,,1,IDLE,,1,IDLE,,1,MOVING_TO_FIELD,Field_8,1,IDLE,,1,IDLE,,1,IDLE,,1,IDLE,,1,IDLE,,1,PROTECTING,Field_19,1,PROTECTING,Field_19,1,IDLE,,1,IDLE,,1,IDLE,,1,IDLE,,1,IDLE,,1,IDLE,,1,IDLE,,1,IDLE,,1,IDLE,,1,IDLE,,1,IDLE,,1,IDLE,,1,IDLE,,1,IDLE,,1,IDLE,,1,IDLE,,1,IDLE,,1,IDLE,,1,IDLE,,1,IDLE,,1,IDLE,,1,IDLE,,1,IDLE,,1,IDLE,,1,IDLE,,1,IDLE,,1,IDLE,,1,IDLE,,1,IDLE,,1,IDLE,,1,IDLE,,1,IDLE,,1,IDLE,,1,IDLE,,42,0.13,0,0,9,22,0.01,0,0,4,55,0.08,0,0,2,26,0.07,0,0,1,14,0.05,0,0,1,138,0.01,5,0,1,91,0.08,0,0,2,22,0.06,1,1,5,34,0.03,0,0,2,47,0.14,3,1,3,25,0.03,0,0,2,26,0.06,0,0,3,17,0.00,0,0,1,52,0.08,0,0,2,110,0.05,0,0,6,34,0.12,0,0,9,68,0.05,0,0,3,5,0.14,0,0,9,46,0.06,5,1,1,6,0.08,0,0,2,37,0.05,0,0,2,13,0.03,0,0,1,1,0.03,0,0,2,61,0.05,0,0,1,19,0.05,0,0,1,30,0.08,0,0,2,46,0.07,0,0,2,17,0.07,0,0,2,4,0.10,0,0,2,17,0.01,0,0,2,2,0.08,0,0,2,29,0.13,0,0,2,16,0.04,0,0,2,29,0.07,0,0,2,64,0.06,0,0,3,8,0.07,0,0,3,6,0.06,0,0,2,35,0.04,0,0,2,31,0.08,0,0,3,56,0.12,0,0,3
300,1401,62,0,14,0,3,0,1,PROTECTING,Field_6,1,PROTECTING,Field_6,1,PROTECTING,Field_6,1,PROTECTING,Field_6,1,IDLE,,1,IDLE,,1,PROTECTING,Field_8,1,IDLE,,1,IDLE,,1,IDLE,,1,IDLE,,1,IDLE,,1,IDLE,,1,IDLE,,1,IDLE,,1,MOVING_TO_FIELD,Field_19,1,IDLE,,1,PROTECTING,Field_6,1,IDLE,,1,IDLE,,1,IDLE,,1,IDLE,,1,PROTECTING,Field_10,1,PROTECTING,Field_10,1,PROTECTING,Field_10,1,MOVING_TO_FIELD,Field_10,1,IDLE,,1,IDLE,,1,PROTECTING,Field_19,1,PROTECTING,Field_19,1,PROTECTING,Field_19,1,IDLE,,1,IDLE,,1,IDLE,,1,IDLE,,1,IDLE,,1,IDLE,,1,MOVING_TO_FIELD,Field_8,1,IDLE,,1,IDLE,,1,IDLE,,1,IDLE,,1,IDLE,,1,PROTECTING,Field_19,1,PROTECTING,Field_19,1,IDLE,,1,IDLE,,1,IDLE,,1,IDLE,,1,IDLE,,1,IDLE,,1,IDLE,,1,IDLE,,1,IDLE,,1,IDLE,,1,IDLE,,1,IDLE,,1,IDLE,,1,IDLE,,1,IDLE,,1,IDLE,,1,IDLE,,1,IDLE,,1,IDLE,,1,IDLE,,1,IDLE,,1,IDLE,,1,IDLE,,1,IDLE,,1,IDLE,,1,IDLE,,1,IDLE,,1,IDLE,,1,IDLE,,1,IDLE,,1,IDLE,,1,IDLE,,1,IDLE,,1,IDLE,,42,0.14,0,0,9,22,0.03,0,0,4,55,0.06,0,0,2,26,0.07,0,0,1,14,0.03,0,0,1,138,0.01,5,0,1,91,0.08,0,0,2,22,0.06,1,1,5,34,0.04,0,0,2,47,0.14,3,1,3,25,0.01,0,0,2,26,0.06,0,0,3,17,0.00,0,0,1,52,0.09,0,0,2,110,0.05,0,0,6,34,0.11,0,0,9,68,0.05,0,0,3,5,0.14,0,0,9,46,0.06,5,1,1,6,0.08,0,0,2,37,0.05,0,0,2,13,0.03,0,0,1,1,0.05,0,0,2,61,0.05,0,0,1,19,0.07,0,0,1,30,0.08,0,0,2,46,0.07,0,0,2,17,0.07,0,0,2,4,0.10,0,0,2,17,0.04,0,0,2,2,0.08,0,0,2,29,0.13,0,0,2,16,0.02,0,0,2,29,0.05,0,0,2,64,0.06,0,0,3,8,0.07,0,0,3,6,0.06,0,0,2,35,0.05,0,0,2,31,0.08,0,0,3,56,0.09,0,0,3
