step,damage,IDLE,CHARGING,PROTECTING,MOVING_TO_CHARGER,MOVING_TO_FIELD,TERMINATED,Drone_1_battery,Drone_1_state,Drone_1_target,Drone_2_battery,Drone_2_state,Drone_2_target,Drone_3_battery,Drone_3_state,Drone_3_target,Drone_4_battery,Drone_4_state,Drone_4_target,Drone_5_battery,Drone_5_state,Drone_5_target,Drone_6_battery,Drone_6_state,Drone_6_target,Drone_7_battery,Drone_7_state,Drone_7_target,Drone_8_battery,Drone_8_state,Drone_8_target,Drone_9_battery,Drone_9_state,Drone_9_target,Drone_10_battery,Drone_10_state,Drone_10_target,Drone_11_battery,Drone_11_state,Drone_11_target,Drone_12_battery,Drone_12_state,Drone_12_target,Drone_13_battery,Drone_13_state,Drone_13_target,Drone_14_battery,Drone_14_state,Drone_14_target,Drone_15_battery,Drone_15_state,Drone_15_target,Drone_16_battery,Drone_16_state,Drone_16_target,Drone_17_battery,Drone_17_state,Drone_17_target,Drone_18_battery,Drone_18_state,Drone_18_target,Drone_19_battery,Drone_19_state,Drone_19_target,Drone_20_battery,Drone_20_state,Drone_20_target,Drone_21_battery,Drone_21_state,Drone_21_target,Drone_22_battery,Drone_22_state,Drone_22_target,Drone_23_battery,Drone_23_state,Drone_23_target,Drone_24_battery,Drone_24_state,Drone_24_target,Drone_25_battery,Drone_25_state,Drone_25_target,Drone_26_battery,Drone_26_state,Drone_26_target,Drone_27_battery,Drone_27_state,Drone_27_target,Drone_28_battery,Drone_28_state,Drone_28_target,Drone_29_battery,Drone_29_state,Drone_29_target,Drone_30_battery,Drone_30_state,Drone_30_target,Drone_31_battery,Drone_31_state,Drone_31_target,Drone_32_battery,Drone_32_state,Drone_32_target,Drone_33_battery,Drone_33_state,Drone_33_target,Drone_34_battery,Drone_34_state,Drone_34_target,Drone_35_battery,Drone_35_state,Drone_35_target,Drone_36_battery,Drone_36_state,Drone_36_target,Drone_37_battery,Drone_37_state,Drone_37_target,Drone_38_battery,Drone_38_state,Drone_38_target,Drone_39_battery,Drone_39_state,Drone_39_target,Drone_40_battery,Drone_40_state,Drone_40_target,Field_1_damage,Field_1_threat_level,Field_1_protecting_drones,Field_1_arriving_drones,Field_1_drones_for_full_protection,Field_2_damage,Field_2_threat_level,Field_2_protecting_drones,Field_2_arriving_drones,Field_2_drones_for_full_protection,Field_3_damage,Field_3_threat_level,Field_3_protecting_drones,Field_3_arriving_drones,Field_3_drones_for_full_protection,Field_4_damage,Field_4_threat_level,Field_4_protecting_drones,Field_4_arriving_drones,Field_4_drones_for_full_protection,Field_5_damage,Field_5_threat_level,Field_5_protecting_drones,Field_5_arriving_drones,Field_5_drones_for_full_protection,Field_6_damage,Field_6_threat_level,Field_6_protecting_drones,Field_6_arriving_drones,Field_6_drones_for_full_protection,Field_7_damage,Field_7_threat_level,Field_7_protecting_drones,Field_7_arriving_drones,Field_7_drones_for_full_protection,Field_8_damage,Field_8_threat_level,Field_8_protecting_drones,Field_8_arriving_drones,Field_8_drones_for_full_protection,Field_9_damage,Field_9_threat_level,Field_9_protecting_drones,Field_9_arriving_drones,Field_9_drones_for_full_protection,Field_10_damage,Field_10_threat_level,Field_10_protecting_drones,Field_10_arriving_drones,Field_10_drones_for_full_protection,Field_11_damage,Field_11_threat_level,Field_11_protecting_drones,Field_11_arriving_drones,Field_11_drones_for_full_protection,Field_12_damage,Field_12_threat_level,Field_12_protecting_drones,Field_12_arriving_drones,Field_12_drones_for_full_protection,Field_13_damage,Field_13_threat_level,Field_13_protecting_drones,Field_13_arriving_drones,Field_13_drones_for_full_protection,Field_14_damage,Field_14_threat_level,Field_14_protecting_drones,Field_14_arriving_drones,Field_14_drones_for_full_protection,Field_15_damage,Field_15_threat_level,Field_15_protecting_drones,Field_15_arriving_drones,Field_15_drones_for_full_protection,Field_16_damage,Field_16_threat_level,Field_16_protecting_drones,Field_16_arriving_drones,Field_16_drones_for_full_protection,Field_17_damage,Field_17_threat_level,Field_17_protecting_drones,Field_17_arriving_drones,Field_17_drones_for_full_protection,Field_18_damage,Field_18_threat_level,Field_18_protecting_drones,Field_18_arriving_drones,Field_18_drones_for_full_protection,Field_19_damage,Field_19_threat_level,Field_19_protecting_drones,Field_19_arriving_drones,Field_19_drones_for_full_protection,Field_20_damage,Field_20_threat_level,Field_20_protecting_drones,Field_20_arriving_drones,Field_20_drones_for_full_protection
1,0,0,0,0,0,40,0,1,MOVING_TO_FIELD,Field_7,1,MOVING_TO_FIELD,Field_7,1,MOVING_TO_FIELD,Field_20,1,MOVING_TO_FIELD,Field_20,1,MOVING_TO_FIELD,Field_20,1,MOVING_TO_FIELD,Field_20,1,MOVING_TO_FIELD,Field_20,1,MOVING_TO_FIELD,Field_20,1,MOVING_TO_FIELD,Field_4,1,MOVING_TO_FIELD,Field_4,1,MOVING_TO_FIELD,Field_4,1,MOVING_TO_FIELD,Field_4,1,MOVING_TO_FIELD,Field_4,1,MOVING_TO_FIELD,Field_4,1,MOVING_TO_FIELD,Field_7,1,MOVING_TO_FIELD,Field_7,1,MOVING_TO_FIELD,Field_7,1,MOVING_TO_FIELD,Field_20,1,MOVING_TO_FIELD,Field_20,1,MOVING_TO_FIELD,Field_20,1,MOVING_TO_FIELD,Field_5,1,MOVING_TO_FIELD,Field_5,1,MOVING_TO_FIELD,Field_5,1,MOVING_TO_FIELD,Field_5,1,MOVING_TO_FIELD,Field_5,1,MOVING_TO_FIELD,Field_5,1,MOVING_TO_FIELD,Field_4,1,MOVING_TO_FIELD,Field_4,1,MOVING_TO_FIELD,Field_4,1,MOVING_TO_FIELD,Field_4,1,MOVING_TO_FIELD,Field_1,1,MOVING_TO_FIELD,Field_1,1,MOVING_TO_FIELD,Field_1,1,MOVING_TO_FIELD,Field_1,1,MOVING_TO_FIELD,Field_8,1,MOVING_TO_FIELD,Field_8,1,MOVING_TO_FIELD,Field_1,1,MOVING_TO_FIELD,Field_1,1,MOVING_TO_FIELD,Field_1,1,MOVING_TO_FIELD,Field_1,0,0.09,0,8,4,0,0.05,0,0,2,0,0.02,0,0,4,0,0.12,0,10,4,0,0.07,0,6,2,0,0.07,0,0,4,0,0.14,0,5,3,0,0.10,0,2,2,0,0.08,0,0,3,0,0.16,0,0,6,0,0.11,0,0,4,0,0.09,0,0,1,0,0.04,0,0,2,0,0.15,0,0,6,0,0.12,0,0,6,0,0.06,0,0,2,0,0.18,0,0,2,0,0.06,0,0,1,0,0.03,0,0,2,0,0.14,0,9,3
2,0,0,0,1,0,39,0,1,PROTECTING,Field_7,1,MOVING_TO_FIELD,Field_7,1,MOVING_TO_FIELD,Field_20,1,MOVING_TO_FIELD,Field_20,1,MOVING_TO_FIELD,Field_20,1,MOVING_TO_FIELD,Field_20,1,MOVING_TO_FIELD,Field_20,1,MOVING_TO_FIELD,Field_20,1,MOVING_TO_FIELD,Field_4,1,MOVING_TO_FIELD,Field_4,1,MOVING_TO_FIELD,Field_4,1,MOVING_TO_FIELD,Field_4,1,MOVING_TO_FIELD,Field_4,1,MOVING_TO_FIELD,Field_4,1,MOVING_TO_FIELD,Field_7,1,MOVING_TO_FIELD,Field_7,1,MOVING_TO_FIELD,Field_7,1,MOVING_TO_FIELD,Field_20,1,MOVING_TO_FIELD,Field_20,1,MOVING_TO_FIELD,Field_20,1,MOVING_TO_FIELD,Field_5,1,MOVING_TO_FIELD,Field_5,1,MOVING_TO_FIELD,Field_5,1,MOVING_TO_FIELD,Field_5,1,MOVING_TO_FIELD,Field_5,1,MOVING_TO_FIELD,Field_5,1,MOVING_TO_FIELD,Field_4,1,MOVING_TO_FIELD,Field_4,1,MOVING_TO_FIELD,Field_4,1,MOVING_TO_FIELD,Field_4,1,MOVING_TO_FIELD,Field_1,1,MOVING_TO_FIELD,Field_1,1,MOVING_TO_FIELD,Field_1,1,MOVING_TO_FIELD,Field_1,1,MOVING_TO_FIELD,Field_8,1,MOVING_TO_FIELD,Field_8,1,MOVING_TO_FIELD,Field_1,1,MOVING_TO_FIELD,Field_1,1,MOVING_TO_FIELD,Field_1,1,MOVING_TO_FIELD,Field_1,0,0.09,0,8,4,0,0.05,0,0,2,0,0.02,0,0,4,0,0.12,0,10,4,0,0.07,0,6,2,0,0.07,0,0,4,0,0.14,1,4,2,0,0.11,0,2,2,0,0.08,0,0,3,0,0.16,0,0,6,0,0.11,0,0,4,0,0.09,0,0,1,0,0.04,0,0,2,0,0.15,0,0,6,0,0.12,0,0,6,0,0.06,0,0,2,0,0.18,0,0,2,0,0.06,0,0,1,0,0.03,0,0,2,0,0.14,0,9,3
3,0,0,0,1,0,39,0,1,PROTECTING,Field_7,1,MOVING_TO_FIELD,Field_7,1,MOVING_TO_FIELD,Field_20,1,MOVING_TO_FIELD,Field_20,1,MOVING_TO_FIELD,Field_20,1,MOVING_TO_FIELD,Field_20,1,MOVING_TO_FIELD,Field_20,1,MOVING_TO_FIELD,Field_20,1,MOVING_TO_FIELD,Field_4,1,MOVING_TO_FIELD,Field_4,1,MOVING_TO_FIELD,Field_4,1,MOVING_TO_FIELD,Field_4,1,MOVING_TO_FIELD,Field_4,1,MOVING_TO_FIELD,Field_4,1,MOVING_TO_FIELD,Field_7,1,MOVING_TO_FIELD,Field_7,1,MOVING_TO_FIELD,Field_7,1,MOVING_TO_FIELD,Field_20,1,MOVING_TO_FIELD,Field_20,1,MOVING_TO_FIELD,Field_20,1,MOVING_TO_FIELD,Field_5,1,MOVING_TO_FIELD,Field_5,1,MOVING_TO_FIELD,Field_5,1,MOVING_TO_FIELD,Field_5,1,MOVING_TO_FIELD,Field_5,1,MOVING_TO_FIELD,Field_5,1,MOVING_TO_FIELD,Field_4,1,MOVING_TO_FIELD,Field_4,1,MOVING_TO_FIELD,Field_4,1,MOVING_TO_FIELD,Field_4,1,MOVING_TO_FIELD,Field_1,1,MOVING_TO_FIELD,Field_1,1,MOVING_TO_FIELD,Field_1,1,MOVING_TO_FIELD,Field_1,1,MOVING_TO_FIELD,Field_8,1,MOVING_TO_FIELD,Field_8,1,MOVING_TO_FIELD,Field_1,1,MOVING_TO_FIELD,Field_1,1,MOVING_TO_FIELD,Field_1,1,MOVING_TO_FIELD,Field_1,0,0.09,0,8,4,0,0.05,0,0,2,0,0.02,0,0,4,0,0.12,0,10,4,0,0.05,0,6,2,0,0.09,0,0,4,0,0.14,1,4,2,0,0.10,0,2,2,0,0.07,0,0,3,0,0.16,0,0,6,0,0.11,0,0,4,0,0.09,0,0,1,0,0.04,0,0,2,0,0.15,0,0,6,0,0.12,0,0,6,0,0.06,0,0,2,0,0.20,0,0,2,0,0.06,0,0,1,0,0.03,0,0,2,0,0.14,0,9,3
4,0,0,0,1,0,39,0,1,PROTECTING,Field_7,1,MOVING_TO_FIELD,Field_7,1,MOVING_TO_FIELD,Field_20,1,MOVING_TO_FIELD,Field_20,1,MOVING_TO_FIELD,Field_20,1,MOVING_TO_FIELD,Field_20,1,MOVING_TO_FIELD,Field_20,1,MOVING_TO_FIELD,Field_20,1,MOVING_TO_FIELD,Field_4,1,MOVING_TO_FIELD,Field_4,1,MOVING_TO_FIELD,Field_4,1,MOVING_TO_FIELD,Field_4,1,MOVING_TO_FIELD,Field_4,1,MOVING_TO_FIELD,Field_4,1,MOVING_TO_FIELD,Field_7,1,MOVING_TO_FIELD,Field_7,1,MOVING_TO_FIELD,Field_7,1,MOVING_TO_FIELD,Field_20,1,MOVING_TO_FIELD,Field_20,1,MOVING_TO_FIELD,Field_20,1,MOVING_TO_FIELD,Field_5,1,MOVING_TO_FIELD,Field_5,1,MOVING_TO_FIELD,Field_5,1,MOVING_TO_FIELD,Field_5,1,MOVING_TO_FIELD,Field_5,1,MOVING_TO_FIELD,Field_5,1,MOVING_TO_FIELD,Field_4,1,MOVING_TO_FIELD,Field_4,1,MOVING_TO_FIELD,Field_4,1,MOVING_TO_FIELD,Field_4,1,MOVING_TO_FIELD,Field_1,1,MOVING_TO_FIELD,Field_1,1,MOVING_TO_FIELD,Field_1,1,MOVING_TO_FIELD,Field_1,1,MOVING_TO_FIELD,Field_8,1,MOVING_TO_FIELD,Field_8,1,MOVING_TO_FIELD,Field_1,1,MOVING_TO_FIELD,Field_1,1,MOVING_TO_FIELD,Field_1,1,MOVING_TO_FIELD,Field_1,0,0.08,0,8,4,0,0.05,0,0,2,0,0.03,0,0,4,0,0.12,0,10,4,0,0.05,0,6,2,0,0.08,0,0,4,0,0.14,1,4,2,0,0.10,0,2,2,0,0.08,0,0,3,0,0.16,0,0,6,0,0.09,0,0,4,0,0.09,0,0,1,0,0.04,0,0,2,0,0.18,0,0,6,0,0.12,0,0,6,0,0.06,0,0,2,0,0.20,0,0,2,0,0.06,0,0,1,0,0.03,0,0,2,0,0.14,0,9,3
5,0,0,0,1,0,39,0,1,PROTECTING,Field_7,1,MOVING_TO_FIELD,Field_7,1,MOVING_TO_FIELD,Field_20,1,MOVING_TO_FIELD,Field_20,1,MOVING_TO_FIELD,Field_20,1,MOVING_TO_FIELD,Field_20,1,MOVING_TO_FIELD,Field_20,1,MOVING_TO_FIELD,Field_20,1,MOVING_TO_FIELD,Field_4,1,MOVING_TO_FIELD,Field_4,1,MOVING_TO_FIELD,Field_4,1,MOVING_TO_FIELD,Field_4,1,MOVING_TO_FIELD,Field_4,1,MOVING_TO_FIELD,Field_4,1,MOVING_TO_FIELD,Field_7,1,MOVING_TO_FIELD,Field_7,1,MOVING_TO_FIELD,Field_7,1,MOVING_TO_FIELD,Field_20,1,MOVING_TO_FIELD,Field_20,1,MOVING_TO_FIELD,Field_20,1,MOVING_TO_FIELD,Field_5,1,MOVING_TO_FIELD,Field_5,1,MOVING_TO_FIELD,Field_5,1,MOVING_TO_FIELD,Field_5,1,MOVING_TO_FIELD,Field_5,1,MOVING_TO_FIELD,Field_5,1,MOVING_TO_FIELD,Field_4,1,MOVING_TO_FIELD,Field_4,1,MOVING_TO_FIELD,Field_4,1,MOVING_TO_FIELD,Field_4,1,MOVING_TO_FIELD,Field_1,1,MOVING_TO_FIELD,Field_1,1,MOVING_TO_FIELD,Field_1,1,MOVING_TO_FIELD,Field_1,1,MOVING_TO_FIELD,Field_8,1,MOVING_TO_FIELD,Field_8,1,MOVING_TO_FIELD,Field_1,1,MOVING_TO_FIELD,Field_1,1,MOVING_TO_FIELD,Field_1,1,MOVING_TO_FIELD,Field_1,0,0.08,0,8,4,0,0.07,0,0,2,0,0.03,0,0,4,0,0.12,0,10,4,0,0.05,0,6,2,0,0.09,0,0,4,0,0.14,1,4,2,0,0.11,0,2,2,0,0.08,0,0,3,0,0.17,0,0,6,0,0.11,0,0,4,0,0.12,0,0,1,0,0.04,0,0,2,0,0.18,0,0,6,0,0.11,0,0,6,0,0.06,0,0,2,0,0.21,0,0,2,0,0.06,0,0,1,0,0.05,0,0,2,0,0.12,0,9,3
6,0,0,0,1,0,39,0,1,PROTECTING,Field_7,1,MOVING_TO_FIELD,Field_7,1,MOVING_TO_FIELD,Field_20,1,MOVING_TO_FIELD,Field_20,1,MOVING_TO_FIELD,Field_20,1,MOVING_TO_FIELD,Field_20,1,MOVING_TO_FIELD,Field_20,1,MOVING_TO_FIELD,Field_20,1,MOVING_TO_FIELD,Field_4,1,MOVING_TO_FIELD,Field_4,1,MOVING_TO_FIELD,Field_4,1,MOVING_TO_FIELD,Field_4,1,MOVING_TO_FIELD,Field_4,1,MOVING_TO_FIELD,Field_4,1,MOVING_TO_FIELD,Field_7,1,MOVING_TO_FIELD,Field_7,1,MOVING_TO_FIELD,Field_7,1,MOVING_TO_FIELD,Field_20,1,MOVING_TO_FIELD,Field_20,1,MOVING_TO_FIELD,Field_20,1,MOVING_TO_FIELD,Field_5,1,MOVING_TO_FIELD,Field_5,1,MOVING_TO_FIELD,Field_5,1,MOVING_TO_FIELD,Field_5,1,MOVING_TO_FIELD,Field_5,1,MOVING_TO_FIELD,Field_5,1,MOVING_TO_FIELD,Field_4,1,MOVING_TO_FIELD,Field_4,1,MOVING_TO_FIELD,Field_4,1,MOVING_TO_FIELD,Field_4,1,MOVING_TO_FIELD,Field_1,1,MOVING_TO_FIELD,Field_1,1,MOVING_TO_FIELD,Field_1,1,MOVING_TO_FIELD,Field_1,1,MOVING_TO_FIELD,Field_8,1,MOVING_TO_FIELD,Field_8,1,MOVING_TO_FIELD,Field_1,1,MOVING_TO_FIELD,Field_1,1,MOVING_TO_FIELD,Field_1,1,MOVING_TO_FIELD,Field_1,0,0.08,0,8,4,0,0.07,0,0,2,0,0.03,0,0,4,0,0.11,0,10,4,0,0.06,0,6,2,0,0.09,0,0,4,0,0.15,1,4,2,0,0.11,0,2,2,0,0.10,0,0,3,0,0.18,0,0,6,0,0.11,0,0,4,0,0.12,0,0,1,0,0.04,0,0,2,0,0.18,0,0,6,0,0.11,0,0,6,0,0.06,0,0,2,0,0.21,0,0,2,0,0.06,0,0,1,0,0.05,0,0,2,0,0.12,0,9,3
7,0,0,0,1,0,39,0,1,PROTECTING,Field_7,1,MOVING_TO_FIELD,Field_7,1,MOVING_TO_FIELD,Field_20,1,MOVING_TO_FIELD,Field_20,1,MOVING_TO_FIELD,Field_20,1,MOVING_TO_FIELD,Field_20,1,MOVING_TO_FIELD,Field_20,1,MOVING_TO_FIELD,Field_20,1,MOVING_TO_FIELD,Field_4,1,MOVING_TO_FIELD,Field_4,1,MOVING_TO_FIELD,Field_4,1,MOVING_TO_FIELD,Field_4,1,MOVING_TO_FIELD,Field_4,1,MOVING_TO_FIELD,Field_4,1,MOVING_TO_FIELD,Field_7,1,MOVING_TO_FIELD,Field_7,1,MOVING_TO_FIELD,Field_7,1,MOVING_TO_FIELD,Field_20,1,MOVING_TO_FIELD,Field_20,1,MOVING_TO_FIELD,Field_20,1,MOVING_TO_FIELD,Field_5,1,MOVING_TO_FIELD,Field_5,1,MOVING_TO_FIELD,Field_5,1,MOVING_TO_FIELD,Field_5,1,MOVING_TO_FIELD,Field_5,1,MOVING_TO_FIELD,Field_5,1,MOVING_TO_FIELD,Field_4,1,MOVING_TO_FIELD,Field_4,1,MOVING_TO_FIELD,Field_4,1,MOVING_TO_FIELD,Field_4,1,MOVING_TO_FIELD,Field_1,1,MOVING_TO_FIELD,Field_1,1,MOVING_TO_FIELD,Field_1,1,MOVING_TO_FIELD,Field_1,1,MOVING_TO_FIELD,Field_8,1,MOVING_TO_FIELD,Field_8,1,MOVING_TO_FIELD,Field_1,1,MOVING_TO_FIELD,Field_1,1,MOVING_TO_FIELD,Field_1,1,MOVING_TO_FIELD,Field_1,0,0.08,0,8,4,0,0.05,0,0,2,0,0.04,0,0,4,0,0.13,0,10,4,0,0.07,0,6,2,0,0.09,0,0,4,0,0.15,1,4,2,0,0.11,0,2,2,0,0.12,0,0,3,0,0.17,0,0,6,0,0.14,0,0,4,0,0.15,0,0,1,0,0.04,0,0,2,0,0.20,0,0,6,0,0.11,0,0,6,0,0.06,0,0,2,0,0.21,0,0,2,0,0.07,0,0,1,0,0.05,0,0,2,0,0.12,0,9,3
8,0,0,0,3,0,37,0,1,PROTECTING,Field_7,1,MOVING_TO_FIELD,Field_7,1,MOVING_TO_FIELD,Field_20,1,MOVING_TO_FIELD,Field_20,1,MOVING_TO_FIELD,Field_20,1,MOVING_TO_FIELD,Field_20,1,MOVING_TO_FIELD,Field_20,1,MOVING_TO_FIELD,Field_20,1,MOVING_TO_FIELD,Field_4,1,MOVING_TO_FIELD,Field_4,1,MOVING_TO_FIELD,Field_4,1,MOVING_TO_FIELD,Field_4,1,MOVING_TO_FIELD,Field_4,1,MOVING_TO_FIELD,Field_4,1,MOVING_TO_FIELD,Field_7,1,MOVING_TO_FIELD,Field_7,1,MOVING_TO_FIELD,Field_7,1,MOVING_TO_FIELD,Field_20,1,PROTECTING,Field_20,1,MOVING_TO_FIELD,Field_20,1,PROTECTING,Field_5,1,MOVING_TO_FIELD,Field_5,1,MOVING_TO_FIELD,Field_5,1,MOVING_TO_FIELD,Field_5,1,MOVING_TO_FIELD,Field_5,1,MOVING_TO_FIELD,Field_5,1,MOVING_TO_FIELD,Field_4,1,MOVING_TO_FIELD,Field_4,1,MOVING_TO_FIELD,Field_4,1,MOVING_TO_FIELD,Field_4,1,MOVING_TO_FIELD,Field_1,1,MOVING_TO_FIELD,Field_1,1,MOVING_TO_FIELD,Field_1,1,MOVING_TO_FIELD,Field_1,1,MOVING_TO_FIELD,Field_8,1,MOVING_TO_FIELD,Field_8,1,MOVING_TO_FIELD,Field_1,1,MOVING_TO_FIELD,Field_1,1,MOVING_TO_FIELD,Field_1,1,MOVING_TO_FIELD,Field_1,0,0.08,0,8,4,0,0.05,0,0,2,0,0.06,0,0,4,0,0.13,0,10,4,0,0.07,1,5,1,0,0.09,0,0,4,0,0.14,1,4,2,0,0.10,0,2,2,0,0.12,0,0,3,0,0.16,0,0,6,0,0.14,0,0,4,0,0.21,0,0,1,0,0.04,0,0,2,0,0.23,0,0,6,0,0.13,0,0,6,0,0.07,0,0,2,0,0.21,0,0,2,0,0.09,0,0,1,0,0.06,0,0,2,0,0.14,1,8,2
9,1,0,0,3,0,37,0,1,PROTECTING,Field_7,1,MOVING_TO_FIELD,Field_7,1,MOVING_TO_FIELD,Field_20,1,MOVING_TO_FIELD,Field_20,1,MOVING_TO_FIELD,Field_20,1,MOVING_TO_FIELD,Field_20,1,MOVING_TO_FIELD,Field_20,1,MOVING_TO_FIELD,Field_20,1,MOVING_TO_FIELD,Field_4,1,MOVING_TO_FIELD,Field_4,1,MOVING_TO_FIELD,Field_4,1,MOVING_TO_FIELD,Field_4,1,MOVING_TO_FIELD,Field_4,1,MOVING_TO_FIELD,Field_4,1,MOVING_TO_FIELD,Field_7,1,MOVING_TO_FIELD,Field_7,1,MOVING_TO_FIELD,Field_7,1,MOVING_TO_FIELD,Field_20,1,PROTECTING,Field_20,1,MOVING_TO_FIELD,Field_20,1,PROTECTING,Field_5,1,MOVING_TO_FIELD,Field_5,1,MOVING_TO_FIELD,Field_5,1,MOVING_TO_FIELD,Field_5,1,MOVING_TO_FIELD,Field_5,1,MOVING_TO_FIELD,Field_5,1,MOVING_TO_FIELD,Field_4,1,MOVING_TO_FIELD,Field_4,1,MOVING_TO_FIELD,Field_4,1,MOVING_TO_FIELD,Field_4,1,MOVING_TO_FIELD,Field_1,1,MOVING_TO_FIELD,Field_1,1,MOVING_TO_FIELD,Field_1,1,MOVING_TO_FIELD,Field_1,1,MOVING_TO_FIELD,Field_8,1,MOVING_TO_FIELD,Field_8,1,MOVING_TO_FIELD,Field_1,1,MOVING_TO_FIELD,Field_1,1,MOVING_TO_FIELD,Field_1,1,MOVING_TO_FIELD,Field_1,0,0.08,0,8,4,0,0.05,0,0,2,0,0.05,0,0,4,0,0.13,0,10,4,0,0.09,1,5,1,0,0.09,0,0,4,0,0.15,1,4,2,0,0.10,0,2,2,0,0.13,0,0,3,0,0.16,0,0,6,0,0.14,0,0,4,0,0.21,0,0,1,0,0.02,0,0,2,0,0.28,0,0,6,0,0.14,0,0,6,0,0.07,0,0,2,0,0.23,0,0,2,1,0.11,0,0,1,0,0.05,0,0,2,0,0.16,1,8,2
10,2,0,0,3,0,37,0,1,PROTECTING,Field_7,1,MOVING_TO_FIELD,Field_7,1,MOVING_TO_FIELD,Field_20,1,MOVING_TO_FIELD,Field_20,1,MOVING_TO_FIELD,Field_20,1,MOVING_TO_FIELD,Field_20,1,MOVING_TO_FIELD,Field_20,1,MOVING_TO_FIELD,Field_20,1,MOVING_TO_FIELD,Field_4,1,MOVING_TO_FIELD,Field_4,1,MOVING_TO_FIELD,Field_4,1,MOVING_TO_FIELD,Field_4,1,MOVING_TO_FIELD,Field_4,1,MOVING_TO_FIELD,Field_4,1,MOVING_TO_FIELD,Field_7,1,MOVING_TO_FIELD,Field_7,1,MOVING_TO_FIELD,Field_7,1,MOVING_TO_FIELD,Field_20,1,PROTECTING,Field_20,1,MOVING_TO_FIELD,Field_20,1,PROTECTING,Field_5,1,MOVING_TO_FIELD,Field_5,1,MOVING_TO_FIELD,Field_5,1,MOVING_TO_FIELD,Field_5,1,MOVING_TO_FIELD,Field_5,1,MOVING_TO_FIELD,Field_5,1,MOVING_TO_FIELD,Field_4,1,MOVING_TO_FIELD,Field_4,1,MOVING_TO_FIELD,Field_4,1,MOVING_TO_FIELD,Field_4,1,MOVING_TO_FIELD,Field_1,1,MOVING_TO_FIELD,Field_1,1,MOVING_TO_FIELD,Field_1,1,MOVING_TO_FIELD,Field_1,1,MOVING_TO_FIELD,Field_8,1,MOVING_TO_FIELD,Field_8,1,MOVING_TO_FIELD,Field_1,1,MOVING_TO_FIELD,Field_1,1,MOVING_TO_FIELD,Field_1,1,MOVING_TO_FIELD,Field_1,0,0.08,0,8,4,0,0.05,0,0,2,0,0.04,0,0,4,0,0.13,0,10,4,0,0.09,1,5,1,0,0.10,0,0,4,0,0.15,1,4,2,0,0.10,0,2,2,0,0.13,0,0,3,0,0.17,0,0,6,0,0.13,0,0,4,0,0.18,0,0,1,0,0.04,0,0,2,0,0.30,0,0,6,0,0.13,0,0,6,0,0.07,0,0,2,0,0.23,0,0,2,2,0.13,0,0,1,0,0.05,0,0,2,0,0.16,1,8,2
11,2,0,0,0,0,40,0,1,MOVING_TO_FIELD,Field_4,1,MOVING_TO_FIELD,Field_4,1,MOVING_TO_FIELD,Field_4,1,MOVING_TO_FIELD,Field_4,1,MOVING_TO_FIELD,Field_4,1,MOVING_TO_FIELD,Field_4,1,MOVING_TO_FIELD,Field_7,1,MOVING_TO_FIELD,Field_7,1,MOVING_TO_FIELD,Field_2,1,MOVING_TO_FIELD,Field_20,1,MOVING_TO_FIELD,Field_20,1,MOVING_TO_FIELD,Field_20,1,MOVING_TO_FIELD,Field_20,1,MOVING_TO_FIELD,Field_20,1,MOVING_TO_FIELD,Field_20,1,MOVING_TO_FIELD,Field_20,1,MOVING_TO_FIELD,Field_20,1,MOVING_TO_FIELD,Field_20,1,MOVING_TO_FIELD,Field_7,1,MOVING_TO_FIELD,Field_7,1,MOVING_TO_FIELD,Field_7,1,MOVING_TO_FIELD,Field_4,1,MOVING_TO_FIELD,Field_4,1,MOVING_TO_FIELD,Field_4,1,MOVING_TO_FIELD,Field_4,1,MOVING_TO_FIELD,Field_1,1,MOVING_TO_FIELD,Field_1,1,MOVING_TO_FIELD,Field_1,1,MOVING_TO_FIELD,Field_1,1,MOVING_TO_FIELD,Field_9,1,MOVING_TO_FIELD,Field_9,1,MOVING_TO_FIELD,Field_9,1,MOVING_TO_FIELD,Field_5,1,MOVING_TO_FIELD,Field_5,1,MOVING_TO_FIELD,Field_5,1,MOVING_TO_FIELD,Field_5,1,MOVING_TO_FIELD,Field_5,1,MOVING_TO_FIELD,Field_5,1,MOVING_TO_FIELD,Field_8,1,MOVING_TO_FIELD,Field_6,0,0.08,0,4,4,0,0.07,0,1,2,0,0.04,0,0,4,0,0.12,0,10,4,0,0.10,0,6,2,0,0.12,0,1,4,0,0.15,0,5,3,0,0.10,0,1,2,0,0.15,0,3,3,0,0.17,0,0,6,0,0.14,0,0,4,0,0.21,0,0,1,0,0.04,0,0,2,0,0.30,0,0,6,0,0.13,0,0,6,0,0.07,0,0,2,0,0.21,0,0,2,2,0.13,0,0,1,0,0.05,0,0,2,0,0.14,0,9,3
12,2,0,0,1,0,39,0,1,MOVING_TO_FIELD,Field_4,1,MOVING_TO_FIELD,Field_4,1,MOVING_TO_FIELD,Field_4,1,MOVING_TO_FIELD,Field_4,1,PROTECTING,Field_4,1,MOVING_TO_FIELD,Field_4,1,MOVING_TO_FIELD,Field_7,1,MOVING_TO_FIELD,Field_7,1,MOVING_TO_FIELD,Field_2,1,MOVING_TO_FIELD,Field_20,1,MOVING_TO_FIELD,Field_20,1,MOVING_TO_FIELD,Field_20,1,MOVING_TO_FIELD,Field_20,1,MOVING_TO_FIELD,Field_20,1,MOVING_TO_FIELD,Field_20,1,MOVING_TO_FIELD,Field_20,1,MOVING_TO_FIELD,Field_20,1,MOVING_TO_FIELD,Field_20,1,MOVING_TO_FIELD,Field_7,1,MOVING_TO_FIELD,Field_7,1,MOVING_TO_FIELD,Field_7,1,MOVING_TO_FIELD,Field_4,1,MOVING_TO_FIELD,Field_4,1,MOVING_TO_FIELD,Field_4,1,MOVING_TO_FIELD,Field_4,1,MOVING_TO_FIELD,Field_1,1,MOVING_TO_FIELD,Field_1,1,MOVING_TO_FIELD,Field_1,1,MOVING_TO_FIELD,Field_1,1,MOVING_TO_FIELD,Field_9,1,MOVING_TO_FIELD,Field_9,1,MOVING_TO_FIELD,Field_9,1,MOVING_TO_FIELD,Field_5,1,MOVING_TO_FIELD,Field_5,1,MOVING_TO_FIELD,Field_5,1,MOVING_TO_FIELD,Field_5,1,MOVING_TO_FIELD,Field_5,1,MOVING_TO_FIELD,Field_5,1,MOVING_TO_FIELD,Field_8,1,MOVING_TO_FIELD,Field_6,0,0.09,0,4,4,0,0.07,0,1,2,0,0.06,0,0,4,0,0.12,1,9,3,0,0.10,0,6,2,0,0.11,0,1,4,0,0.18,0,5,3,0,0.09,0,1,2,0,0.15,0,3,3,0,0.17,0,0,6,0,0.18,0,0,4,0,0.24,0,0,1,0,0.04,0,0,2,0,0.31,0,0,6,0,0.16,0,0,6,0,0.07,0,0,2,0,0.23,0,0,2,2,0.13,0,0,1,0,0.05,0,0,2,0,0.16,0,9,3
13,3,0,0,1,0,39,0,1,MOVING_TO_FIELD,Field_4,1,MOVING_TO_FIELD,Field_4,1,MOVING_TO_FIELD,Field_4,1,MOVING_TO_FIELD,Field_4,1,PROTECTING,Field_4,1,MOVING_TO_FIELD,Field_4,1,MOVING_TO_FIELD,Field_7,1,MOVING_TO_FIELD,Field_7,1,MOVING_TO_FIELD,Field_2,1,MOVING_TO_FIELD,Field_20,1,MOVING_TO_FIELD,Field_20,1,MOVING_TO_FIELD,Field_20,1,MOVING_TO_FIELD,Field_20,1,MOVING_TO_FIELD,Field_20,1,MOVING_TO_FIELD,Field_20,1,MOVING_TO_FIELD,Field_20,1,MOVING_TO_FIELD,Field_20,1,MOVING_TO_FIELD,Field_20,1,MOVING_TO_FIELD,Field_7,1,MOVING_TO_FIELD,Field_7,1,MOVING_TO_FIELD,Field_7,1,MOVING_TO_FIELD,Field_4,1,MOVING_TO_FIELD,Field_4,1,MOVING_TO_FIELD,Field_4,1,MOVING_TO_FIELD,Field_4,1,MOVING_TO_FIELD,Field_1,1,MOVING_TO_FIELD,Field_1,1,MOVING_TO_FIELD,Field_1,1,MOVING_TO_FIELD,Field_1,1,MOVING_TO_FIELD,Field_9,1,MOVING_TO_FIELD,Field_9,1,MOVING_TO_FIELD,Field_9,1,MOVING_TO_FIELD,Field_5,1,MOVING_TO_FIELD,Field_5,1,MOVING_TO_FIELD,Field_5,1,MOVING_TO_FIELD,Field_5,1,MOVING_TO_FIELD,Field_5,1,MOVING_TO_FIELD,Field_5,1,MOVING_TO_FIELD,Field_8,1,MOVING_TO_FIELD,Field_6,0,0.09,0,4,4,0,0.07,0,1,2,0,0.07,0,0,4,0,0.12,1,9,3,0,0.10,0,6,2,0,0.13,0,1,4,0,0.18,0,5,3,0,0.09,0,1,2,0,0.16,0,3,3,0,0.17,0,0,6,1,0.18,0,0,4,0,0.27,0,0,1,0,0.04,0,0,2,0,0.31,0,0,6,0,0.16,0,0,6,0,0.07,0,0,2,0,0.21,0,0,2,2,0.13,0,0,1,0,0.06,0,0,2,0,0.16,0,9,3
14,4,0,0,1,0,39,0,1,MOVING_TO_FIELD,Field_4,1,MOVING_TO_FIELD,Field_4,1,MOVING_TO_FIELD,Field_4,1,MOVING_TO_FIELD,Field_4,1,PROTECTING,Field_4,1,MOVING_TO_FIELD,Field_4,1,MOVING_TO_FIELD,Field_7,1,MOVING_TO_FIELD,Field_7,1,MOVING_TO_FIELD,Field_2,1,MOVING_TO_FIELD,Field_20,1,MOVING_TO_FIELD,Field_20,1,MOVING_TO_FIELD,Field_20,1,MOVING_TO_FIELD,Field_20,1,MOVING_TO_FIELD,Field_20,1,MOVING_TO_FIELD,Field_20,1,MOVING_TO_FIELD,Field_20,1,MOVING_TO_FIELD,Field_20,1,MOVING_TO_FIELD,Field_20,1,MOVING_TO_FIELD,Field_7,1,MOVING_TO_FIELD,Field_7,1,MOVING_TO_FIELD,Field_7,1,MOVING_TO_FIELD,Field_4,1,MOVING_TO_FIELD,Field_4,1,MOVING_TO_FIELD,Field_4,1,MOVING_TO_FIELD,Field_4,1,MOVING_TO_FIELD,Field_1,1,MOVING_TO_FIELD,Field_1,1,MOVING_TO_FIELD,Field_1,1,MOVING_TO_FIELD,Field_1,1,MOVING_TO_FIELD,Field_9,1,MOVING_TO_FIELD,Field_9,1,MOVING_TO_FIELD,Field_9,1,MOVING_TO_FIELD,Field_5,1,MOVING_TO_FIELD,Field_5,1,MOVING_TO_FIELD,Field_5,1,MOVING_TO_FIELD,Field_5,1,MOVING_TO_FIELD,Field_5,1,MOVING_TO_FIELD,Field_5,1,MOVING_TO_FIELD,Field_8,1,MOVING_TO_FIELD,Field_6,0,0.09,0,4,4,0,0.07,0,1,2,0,0.07,0,0,4,0,0.14,1,9,3,0,0.12,0,6,2,0,0.14,0,1,4,0,0.18,0,5,3,0,0.10,0,1,2,0,0.13,0,3,3,0,0.17,0,0,6,1,0.20,0,0,4,0,0.27,0,0,1,0,0.04,0,0,2,1,0.28,0,0,6,0,0.17,0,0,6,0,0.06,0,0,2,0,0.21,0,0,2,2,0.15,0,0,1,0,0.06,0,0,2,0,0.16,0,9,3
15,5,0,0,1,0,39,0,1,MOVING_TO_FIELD,Field_4,1,MOVING_TO_FIELD,Field_4,1,MOVING_TO_FIELD,Field_4,1,MOVING_TO_FIELD,Field_4,1,PROTECTING,Field_4,1,MOVING_TO_FIELD,Field_4,1,MOVING_TO_FIELD,Field_7,1,MOVING_TO_FIELD,Field_7,1,MOVING_TO_FIELD,Field_2,1,MOVING_TO_FIELD,Field_20,1,MOVING_TO_FIELD,Field_20,1,MOVING_TO_FIELD,Field_20,1,MOVING_TO_FIELD,Field_20,1,MOVING_TO_FIELD,Field_20,1,MOVING_TO_FIELD,Field_20,1,MOVING_TO_FIELD,Field_20,1,MOVING_TO_FIELD,Field_20,1,MOVING_TO_FIELD,Field_20,1,MOVING_TO_FIELD,Field_7,1,MOVING_TO_FIELD,Field_7,1,MOVING_TO_FIELD,Field_7,1,MOVING_TO_FIELD,Field_4,1,MOVING_TO_FIELD,Field_4,1,MOVING_TO_FIELD,Field_4,1,MOVING_TO_FIELD,Field_4,1,MOVING_TO_FIELD,Field_1,1,MOVING_TO_FIELD,Field_1,1,MOVING_TO_FIELD,Field_1,1,MOVING_TO_FIELD,Field_1,1,MOVING_TO_FIELD,Field_9,1,MOVING_TO_FIELD,Field_9,1,MOVING_TO_FIELD,Field_9,1,MOVING_TO_FIELD,Field_5,1,MOVING_TO_FIELD,Field_5,1,MOVING_TO_FIELD,Field_5,1,MOVING_TO_FIELD,Field_5,1,MOVING_TO_FIELD,Field_5,1,MOVING_TO_FIELD,Field_5,1,MOVING_TO_FIELD,Field_8,1,MOVING_TO_FIELD,Field_6,0,0.11,0,4,4,0,0.07,0,1,2,0,0.08,0,0,4,0,0.16,1,9,3,0,0.14,0,6,2,0,0.14,0,1,4,0,0.19,0,5,3,0,0.11,0,1,2,0,0.13,0,3,3,0,0.19,0,0,6,1,0.20,0,0,4,0,0.24,0,0,1,0,0.04,0,0,2,1,0.32,0,0,6,0,0.18,0,0,6,0,0.06,0,0,2,1,0.21,0,0,2,2,0.19,0,0,1,0,0.06,0,0,2,0,0.16,0,9,3
16,8,0,0,2,0,38,0,1,MOVING_TO_FIELD,Field_4,1,MOVING_TO_FIELD,Field_4,1,MOVING_TO_FIELD,Field_4,1,MOVING_TO_FIELD,Field_4,1,PROTECTING,Field_4,1,MOVING_TO_FIELD,Field_4,1,MOVING_TO_FIELD,Field_7,1,MOVING_TO_FIELD,Field_7,1,MOVING_TO_FIELD,Field_2,1,MOVING_TO_FIELD,Field_20,1,MOVING_TO_FIELD,Field_20,1,MOVING_TO_FIELD,Field_20,1,MOVING_TO_FIELD,Field_20,1,MOVING_TO_FIELD,Field_20,1,MOVING_TO_FIELD,Field_20,1,MOVING_TO_FIELD,Field_20,1,MOVING_TO_FIELD,Field_20,1,PROTECTING,Field_20,1,MOVING_TO_FIELD,Field_7,1,MOVING_TO_FIELD,Field_7,1,MOVING_TO_FIELD,Field_7,1,MOVING_TO_FIELD,Field_4,1,MOVING_TO_FIELD,Field_4,1,MOVING_TO_FIELD,Field_4,1,MOVING_TO_FIELD,Field_4,1,MOVING_TO_FIELD,Field_1,1,MOVING_TO_FIELD,Field_1,1,MOVING_TO_FIELD,Field_1,1,MOVING_TO_FIELD,Field_1,1,MOVING_TO_FIELD,Field_9,1,MOVING_TO_FIELD,Field_9,1,MOVING_TO_FIELD,Field_9,1,MOVING_TO_FIELD,Field_5,1,MOVING_TO_FIELD,Field_5,1,MOVING_TO_FIELD,Field_5,1,MOVING_TO_FIELD,Field_5,1,MOVING_TO_FIELD,Field_5,1,MOVING_TO_FIELD,Field_5,1,MOVING_TO_FIELD,Field_8,1,MOVING_TO_FIELD,Field_6,0,0.12,0,4,4,1,0.07,0,1,2,0,0.08,0,0,4,0,0.14,1,9,3,0,0.15,0,6,2,0,0.14,0,1,4,0,0.19,0,5,3,0,0.11,0,1,2,0,0.13,0,3,3,0,0.19,0,0,6,1,0.21,0,0,4,0,0.24,0,0,1,0,0.05,0,0,2,1,0.32,0,0,6,0,0.18,0,0,6,0,0.06,0,0,2,1,0.21,0,0,2,4,0.24,0,0,1,0,0.08,0,0,2,0,0.16,1,8,2
17,10,0,0,2,0,38,0,1,MOVING_TO_FIELD,Field_4,1,MOVING_TO_FIELD,Field_4,1,MOVING_TO_FIELD,Field_4,1,MOVING_TO_FIELD,Field_4,1,PROTECTING,Field_4,1,MOVING_TO_FIELD,Field_4,1,MOVING_TO_FIELD,Field_7,1,MOVING_TO_FIELD,Field_7,1,MOVING_TO_FIELD,Field_2,1,MOVING_TO_FIELD,Field_20,1,MOVING_TO_FIELD,Field_20,1,MOVING_TO_FIELD,Field_20,1,MOVING_TO_FIELD,Field_20,1,MOVING_TO_FIELD,Field_20,1,MOVING_TO_FIELD,Field_20,1,MOVING_TO_FIELD,Field_20,1,MOVING_TO_FIELD,Field_20,1,PROTECTING,Field_20,1,MOVING_TO_FIELD,Field_7,1,MOVING_TO_FIELD,Field_7,1,MOVING_TO_FIELD,Field_7,1,MOVING_TO_FIELD,Field_4,1,MOVING_TO_FIELD,Field_4,1,MOVING_TO_FIELD,Field_4,1,MOVING_TO_FIELD,Field_4,1,MOVING_TO_FIELD,Field_1,1,MOVING_TO_FIELD,Field_1,1,MOVING_TO_FIELD,Field_1,1,MOVING_TO_FIELD,Field_1,1,MOVING_TO_FIELD,Field_9,1,MOVING_TO_FIELD,Field_9,1,MOVING_TO_FIELD,Field_9,1,MOVING_TO_FIELD,Field_5,1,MOVING_TO_FIELD,Field_5,1,MOVING_TO_FIELD,Field_5,1,MOVING_TO_FIELD,Field_5,1,MOVING_TO_FIELD,Field_5,1,MOVING_TO_FIELD,Field_5,1,MOVING_TO_FIELD,Field_8,1,MOVING_TO_FIELD,Field_6,0,0.11,0,4,4,1,0.08,0,1,2,0,0.08,0,0,4,0,0.16,1,9,3,0,0.16,0,6,2,1,0.14,0,1,4,0,0.19,0,5,3,0,0.11,0,1,2,0,0.13,0,3,3,0,0.19,0,0,6,1,0.21,0,0,4,0,0.24,0,0,1,0,0.09,0,0,2,1,0.37,0,0,6,0,0.19,0,0,6,0,0.06,0,0,2,1,0.23,0,0,2,5,0.26,0,0,1,0,0.08,0,0,2,0,0.16,1,8,2
18,13,0,0,2,0,38,0,1,MOVING_TO_FIELD,Field_4,1,MOVING_TO_FIELD,Field_4,1,MOVING_TO_FIELD,Field_4,1,MOVING_TO_FIELD,Field_4,1,PROTECTING,Field_4,1,MOVING_TO_FIELD,Field_4,1,MOVING_TO_FIELD,Field_7,1,MOVING_TO_FIELD,Field_7,1,MOVING_TO_FIELD,Field_2,1,MOVING_TO_FIELD,Field_20,1,MOVING_TO_FIELD,Field_20,1,MOVING_TO_FIELD,Field_20,1,MOVING_TO_FIELD,Field_20,1,MOVING_TO_FIELD,Field_20,1,MOVING_TO_FIELD,Field_20,1,MOVING_TO_FIELD,Field_20,1,MOVING_TO_FIELD,Field_20,1,PROTECTING,Field_20,1,MOVING_TO_FIELD,Field_7,1,MOVING_TO_FIELD,Field_7,1,MOVING_TO_FIELD,Field_7,1,MOVING_TO_FIELD,Field_4,1,MOVING_TO_FIELD,Field_4,1,MOVING_TO_FIELD,Field_4,1,MOVING_TO_FIELD,Field_4,1,MOVING_TO_FIELD,Field_1,1,MOVING_TO_FIELD,Field_1,1,MOVING_TO_FIELD,Field_1,1,MOVING_TO_FIELD,Field_1,1,MOVING_TO_FIELD,Field_9,1,MOVING_TO_FIELD,Field_9,1,MOVING_TO_FIELD,Field_9,1,MOVING_TO_FIELD,Field_5,1,MOVING_TO_FIELD,Field_5,1,MOVING_TO_FIELD,Field_5,1,MOVING_TO_FIELD,Field_5,1,MOVING_TO_FIELD,Field_5,1,MOVING_TO_FIELD,Field_5,1,MOVING_TO_FIELD,Field_8,1,MOVING_TO_FIELD,Field_6,0,0.11,0,4,4,1,0.09,0,1,2,0,0.09,0,0,4,0,0.16,1,9,3,0,0.16,0,6,2,1,0.15,0,1,4,0,0.19,0,5,3,0,0.11,0,1,2,0,0.15,0,3,3,0,0.19,0,0,6,1,0.21,0,0,4,0,0.24,0,0,1,0,0.09,0,0,2,1,0.38,0,0,6,0,0.20,0,0,6,1,0.06,0,0,2,2,0.25,0,0,2,6,0.28,0,0,1,0,0.08,0,0,2,0,0.20,1,8,2
19,22,0,0,2,0,38,0,1,MOVING_TO_FIELD,Field_4,1,MOVING_TO_FIELD,Field_4,1,MOVING_TO_FIELD,Field_4,1,MOVING_TO_FIELD,Field_4,1,PROTECTING,Field_4,1,MOVING_TO_FIELD,Field_4,1,MOVING_TO_FIELD,Field_7,1,MOVING_TO_FIELD,Field_7,1,MOVING_TO_FIELD,Field_2,1,MOVING_TO_FIELD,Field_20,1,MOVING_TO_FIELD,Field_20,1,MOVING_TO_FIELD,Field_20,1,MOVING_TO_FIELD,Field_20,1,MOVING_TO_FIELD,Field_20,1,MOVING_TO_FIELD,Field_20,1,MOVING_TO_FIELD,Field_20,1,MOVING_TO_FIELD,Field_20,1,PROTECTING,Field_20,1,MOVING_TO_FIELD,Field_7,1,MOVING_TO_FIELD,Field_7,1,MOVING_TO_FIELD,Field_7,1,MOVING_TO_FIELD,Field_4,1,MOVING_TO_FIELD,Field_4,1,MOVING_TO_FIELD,Field_4,1,MOVING_TO_FIELD,Field_4,1,MOVING_TO_FIELD,Field_1,1,MOVING_TO_FIELD,Field_1,1,MOVING_TO_FIELD,Field_1,1,MOVING_TO_FIELD,Field_1,1,MOVING_TO_FIELD,Field_9,1,MOVING_TO_FIELD,Field_9,1,MOVING_TO_FIELD,Field_9,1,MOVING_TO_FIELD,Field_5,1,MOVING_TO_FIELD,Field_5,1,MOVING_TO_FIELD,Field_5,1,MOVING_TO_FIELD,Field_5,1,MOVING_TO_FIELD,Field_5,1,MOVING_TO_FIELD,Field_5,1,MOVING_TO_FIELD,Field_8,1,MOVING_TO_FIELD,Field_6,0,0.11,0,4,4,1,0.09,0,1,2,0,0.09,0,0,4,0,0.16,1,9,3,0,0.15,0,6,2,2,0.15,0,1,4,0,0.22,0,5,3,1,0.13,0,1,2,0,0.16,0,3,3,1,0.23,0,0,6,2,0.24,0,0,4,1,0.24,0,0,1,0,0.11,0,0,2,2,0.38,0,0,6,0,0.20,0,0,6,1,0.07,0,0,2,4,0.25,0,0,2,7,0.31,0,0,1,0,0.06,0,0,2,0,0.20,1,8,2
20,26,0,0,2,0,38,0,1,MOVING_TO_FIELD,Field_4,1,MOVING_TO_FIELD,Field_4,1,MOVING_TO_FIELD,Field_4,1,MOVING_TO_FIELD,Field_4,1,PROTECTING,Field_4,1,MOVING_TO_FIELD,Field_4,1,MOVING_TO_FIELD,Field_7,1,MOVING_TO_FIELD,Field_7,1,MOVING_TO_FIELD,Field_2,1,MOVING_TO_FIELD,Field_20,1,MOVING_TO_FIELD,Field_20,1,MOVING_TO_FIELD,Field_20,1,MOVING_TO_FIELD,Field_20,1,MOVING_TO_FIELD,Field_20,1,MOVING_TO_FIELD,Field_20,1,MOVING_TO_FIELD,Field_20,1,MOVING_TO_FIELD,Field_20,1,PROTECTING,Field_20,1,MOVING_TO_FIELD,Field_7,1,MOVING_TO_FIELD,Field_7,1,MOVING_TO_FIELD,Field_7,1,MOVING_TO_FIELD,Field_4,1,MOVING_TO_FIELD,Field_4,1,MOVING_TO_FIELD,Field_4,1,MOVING_TO_FIELD,Field_4,1,MOVING_TO_FIELD,Field_1,1,MOVING_TO_FIELD,Field_1,1,MOVING_TO_FIELD,Field_1,1,MOVING_TO_FIELD,Field_1,1,MOVING_TO_FIELD,Field_9,1,MOVING_TO_FIELD,Field_9,1,MOVING_TO_FIELD,Field_9,1,MOVING_TO_FIELD,Field_5,1,MOVING_TO_FIELD,Field_5,1,MOVING_TO_FIELD,Field_5,1,MOVING_TO_FIELD,Field_5,1,MOVING_TO_FIELD,Field_5,1,MOVING_TO_FIELD,Field_5,1,MOVING_TO_FIELD,Field_8,1,MOVING_TO_FIELD,Field_6,0,0.12,0,4,4,1,0.08,0,1,2,0,0.09,0,0,4,0,0.18,1,9,3,0,0.17,0,6,2,2,0.15,0,1,4,0,0.23,0,5,3,1,0.13,0,1,2,0,0.19,0,3,3,2,0.25,0,0,6,2,0.25,0,0,4,1,0.27,0,0,1,0,0.14,0,0,2,2,0.39,0,0,6,0,0.21,0,0,6,2,0.07,0,0,2,5,0.26,0,0,2,8,0.31,0,0,1,0,0.06,0,0,2,0,0.20,1,8,2
21,31,0,0,1,0,39,0,1,MOVING_TO_FIELD,Field_4,1,MOVING_TO_FIELD,Field_4,1,MOVING_TO_FIELD,Field_4,1,MOVING_TO_FIELD,Field_4,1,PROTECTING,Field_4,1,MOVING_TO_FIELD,Field_4,1,MOVING_TO_FIELD,Field_8,1,MOVING_TO_FIELD,Field_2,1,MOVING_TO_FIELD,Field_7,1,MOVING_TO_FIELD,Field_7,1,MOVING_TO_FIELD,Field_20,1,MOVING_TO_FIELD,Field_20,1,MOVING_TO_FIELD,Field_20,1,MOVING_TO_FIELD,Field_20,1,MOVING_TO_FIELD,Field_20,1,MOVING_TO_FIELD,Field_20,1,MOVING_TO_FIELD,Field_1,1,MOVING_TO_FIELD,Field_1,1,MOVING_TO_FIELD,Field_1,1,MOVING_TO_FIELD,Field_1,1,MOVING_TO_FIELD,Field_7,1,MOVING_TO_FIELD,Field_7,1,MOVING_TO_FIELD,Field_7,1,MOVING_TO_FIELD,Field_5,1,MOVING_TO_FIELD,Field_5,1,MOVING_TO_FIELD,Field_5,1,MOVING_TO_FIELD,Field_5,1,MOVING_TO_FIELD,Field_5,1,MOVING_TO_FIELD,Field_5,1,MOVING_TO_FIELD,Field_9,1,MOVING_TO_FIELD,Field_9,1,MOVING_TO_FIELD,Field_9,1,MOVING_TO_FIELD,Field_6,1,MOVING_TO_FIELD,Field_6,1,MOVING_TO_FIELD,Field_6,1,MOVING_TO_FIELD,Field_6,1,MOVING_TO_FIELD,Field_3,1,MOVING_TO_FIELD,Field_3,1,MOVING_TO_FIELD,Field_8,1,MOVING_TO_FIELD,Field_8,0,0.13,0,4,4,1,0.09,0,1,2,0,0.09,0,2,4,0,0.19,1,5,3,0,0.17,0,6,2,2,0.18,0,4,4,0,0.23,0,5,3,3,0.14,0,3,2,0,0.19,0,3,3,3,0.25,0,0,6,2,0.24,0,0,4,2,0.30,0,0,1,0,0.14,0,0,2,2,0.39,0,0,6,0,0.21,0,0,6,2,0.07,0,0,2,6,0.26,0,0,2,8,0.33,0,0,1,0,0.06,0,0,2,0,0.20,0,6,3
22,37,0,0,1,0,39,0,1,MOVING_TO_FIELD,Field_4,1,MOVING_TO_FIELD,Field_4,1,MOVING_TO_FIELD,Field_4,1,MOVING_TO_FIELD,Field_4,1,PROTECTING,Field_4,1,MOVING_TO_FIELD,Field_4,1,MOVING_TO_FIELD,Field_8,1,MOVING_TO_FIELD,Field_2,1,MOVING_TO_FIELD,Field_7,1,MOVING_TO_FIELD,Field_7,1,MOVING_TO_FIELD,Field_20,1,MOVING_TO_FIELD,Field_20,1,MOVING_TO_FIELD,Field_20,1,MOVING_TO_FIELD,Field_20,1,MOVING_TO_FIELD,Field_20,1,MOVING_TO_FIELD,Field_20,1,MOVING_TO_FIELD,Field_1,1,MOVING_TO_FIELD,Field_1,1,MOVING_TO_FIELD,Field_1,1,MOVING_TO_FIELD,Field_1,1,MOVING_TO_FIELD,Field_7,1,MOVING_TO_FIELD,Field_7,1,MOVING_TO_FIELD,Field_7,1,MOVING_TO_FIELD,Field_5,1,MOVING_TO_FIELD,Field_5,1,MOVING_TO_FIELD,Field_5,1,MOVING_TO_FIELD,Field_5,1,MOVING_TO_FIELD,Field_5,1,MOVING_TO_FIELD,Field_5,1,MOVING_TO_FIELD,Field_9,1,MOVING_TO_FIELD,Field_9,1,MOVING_TO_FIELD,Field_9,1,MOVING_TO_FIELD,Field_6,1,MOVING_TO_FIELD,Field_6,1,MOVING_TO_FIELD,Field_6,1,MOVING_TO_FIELD,Field_6,1,MOVING_TO_FIELD,Field_3,1,MOVING_TO_FIELD,Field_3,1,MOVING_TO_FIELD,Field_8,1,MOVING_TO_FIELD,Field_8,0,0.14,0,4,4,1,0.11,0,1,2,0,0.09,0,2,4,0,0.19,1,5,3,0,0.16,0,6,2,2,0.18,0,4,4,0,0.23,0,5,3,3,0.14,0,3,2,0,0.19,0,3,3,3,0.25,0,0,6,2,0.24,0,0,4,4,0.30,0,0,1,0,0.14,0,0,2,3,0.37,0,0,6,0,0.22,0,0,6,3,0.07,0,0,2,6,0.26,0,0,2,10,0.33,0,0,1,0,0.06,0,0,2,0,0.20,0,6,3
23,45,0,0,1,0,39,0,1,MOVING_TO_FIELD,Field_4,1,MOVING_TO_FIELD,Field_4,1,MOVING_TO_FIELD,Field_4,1,MOVING_TO_FIELD,Field_4,1,PROTECTING,Field_4,1,MOVING_TO_FIELD,Field_4,1,MOVING_TO_FIELD,Field_8,1,MOVING_TO_FIELD,Field_2,1,MOVING_TO_FIELD,Field_7,1,MOVING_TO_FIELD,Field_7,1,MOVING_TO_FIELD,Field_20,1,MOVING_TO_FIELD,Field_20,1,MOVING_TO_FIELD,Field_20,1,MOVING_TO_FIELD,Field_20,1,MOVING_TO_FIELD,Field_20,1,MOVING_TO_FIELD,Field_20,1,MOVING_TO_FIELD,Field_1,1,MOVING_TO_FIELD,Field_1,1,MOVING_TO_FIELD,Field_1,1,MOVING_TO_FIELD,Field_1,1,MOVING_TO_FIELD,Field_7,1,MOVING_TO_FIELD,Field_7,1,MOVING_TO_FIELD,Field_7,1,MOVING_TO_FIELD,Field_5,1,MOVING_TO_FIELD,Field_5,1,MOVING_TO_FIELD,Field_5,1,MOVING_TO_FIELD,Field_5,1,MOVING_TO_FIELD,Field_5,1,MOVING_TO_FIELD,Field_5,1,MOVING_TO_FIELD,Field_9,1,MOVING_TO_FIELD,Field_9,1,MOVING_TO_FIELD,Field_9,1,MOVING_TO_FIELD,Field_6,1,MOVING_TO_FIELD,Field_6,1,MOVING_TO_FIELD,Field_6,1,MOVING_TO_FIELD,Field_6,1,MOVING_TO_FIELD,Field_3,1,MOVING_TO_FIELD,Field_3,1,MOVING_TO_FIELD,Field_8,1,MOVING_TO_FIELD,Field_8,0,0.16,0,4,4,1,0.12,0,1,2,0,0.10,0,2,4,1,0.19,1,5,3,0,0.16,0,6,2,3,0.17,0,4,4,0,0.23,0,5,3,3,0.14,0,3,2,0,0.19,0,3,3,4,0.25,0,0,6,3,0.24,0,0,4,5,0.27,0,0,1,1,0.14,0,0,2,4,0.38,0,0,6,0,0.22,0,0,6,3,0.07,0,0,2,6,0.28,0,0,2,11,0.31,0,0,1,0,0.05,0,0,2,0,0.20,0,6,3
24,50,0,0,1,0,39,0,1,MOVING_TO_FIELD,Field_4,1,MOVING_TO_FIELD,Field_4,1,MOVING_TO_FIELD,Field_4,1,MOVING_TO_FIELD,Field_4,1,PROTECTING,Field_4,1,MOVING_TO_FIELD,Field_4,1,MOVING_TO_FIELD,Field_8,1,MOVING_TO_FIELD,Field_2,1,MOVING_TO_FIELD,Field_7,1,MOVING_TO_FIELD,Field_7,1,MOVING_TO_FIELD,Field_20,1,MOVING_TO_FIELD,Field_20,1,MOVING_TO_FIELD,Field_20,1,MOVING_TO_FIELD,Field_20,1,MOVING_TO_FIELD,Field_20,1,MOVING_TO_FIELD,Field_20,1,MOVING_TO_FIELD,Field_1,1,MOVING_TO_FIELD,Field_1,1,MOVING_TO_FIELD,Field_1,1,MOVING_TO_FIELD,Field_1,1,MOVING_TO_FIELD,Field_7,1,MOVING_TO_FIELD,Field_7,1,MOVING_TO_FIELD,Field_7,1,MOVING_TO_FIELD,Field_5,1,MOVING_TO_FIELD,Field_5,1,MOVING_TO_FIELD,Field_5,1,MOVING_TO_FIELD,Field_5,1,MOVING_TO_FIELD,Field_5,1,MOVING_TO_FIELD,Field_5,1,MOVING_TO_FIELD,Field_9,1,MOVING_TO_FIELD,Field_9,1,MOVING_TO_FIELD,Field_9,1,MOVING_TO_FIELD,Field_6,1,MOVING_TO_FIELD,Field_6,1,MOVING_TO_FIELD,Field_6,1,MOVING_TO_FIELD,Field_6,1,MOVING_TO_FIELD,Field_3,1,MOVING_TO_FIELD,Field_3,1,MOVING_TO_FIELD,Field_8,1,MOVING_TO_FIELD,Field_8,0,0.17,0,4,4,2,0.13,0,1,2,0,0.10,0,2,4,1,0.20,1,5,3,0,0.16,0,6,2,4,0.18,0,4,4,0,0.24,0,5,3,3,0.14,0,3,2,0,0.19,0,3,3,4,0.25,0,0,6,3,0.25,0,0,4,6,0.27,0,0,1,1,0.12,0,0,2,4,0.39,0,0,6,0,0.23,0,0,6,3,0.07,0,0,2,6,0.30,0,0,2,13,0.30,0,0,1,0,0.06,0,0,2,0,0.20,0,6,3
25,52,0,0,2,0,38,0,1,MOVING_TO_FIELD,Field_4,1,MOVING_TO_FIELD,Field_4,1,MOVING_TO_FIELD,Field_4,1,MOVING_TO_FIELD,Field_4,1,PROTECTING,Field_4,1,MOVING_TO_FIELD,Field_4,1,MOVING_TO_FIELD,Field_8,1,MOVING_TO_FIELD,Field_2,1,MOVING_TO_FIELD,Field_7,1,PROTECTING,Field_7,1,MOVING_TO_FIELD,Field_20,1,MOVING_TO_FIELD,Field_20,1,MOVING_TO_FIELD,Field_20,1,MOVING_TO_FIELD,Field_20,1,MOVING_TO_FIELD,Field_20,1,MOVING_TO_FIELD,Field_20,1,MOVING_TO_FIELD,Field_1,1,MOVING_TO_FIELD,Field_1,1,MOVING_TO_FIELD,Field_1,1,MOVING_TO_FIELD,Field_1,1,MOVING_TO_FIELD,Field_7,1,MOVING_TO_FIELD,Field_7,1,MOVING_TO_FIELD,Field_7,1,MOVING_TO_FIELD,Field_5,1,MOVING_TO_FIELD,Field_5,1,MOVING_TO_FIELD,Field_5,1,MOVING_TO_FIELD,Field_5,1,MOVING_TO_FIELD,Field_5,1,MOVING_TO_FIELD,Field_5,1,MOVING_TO_FIELD,Field_9,1,MOVING_TO_FIELD,Field_9,1,MOVING_TO_FIELD,Field_9,1,MOVING_TO_FIELD,Field_6,1,MOVING_TO_FIELD,Field_6,1,MOVING_TO_FIELD,Field_6,1,MOVING_TO_FIELD,Field_6,1,MOVING_TO_FIELD,Field_3,1,MOVING_TO_FIELD,Field_3,1,MOVING_TO_FIELD,Field_8,1,MOVING_TO_FIELD,Field_8,0,0.17,0,4,4,2,0.14,0,1,2,0,0.11,0,2,4,1,0.22,1,5,3,0,0.16,0,6,2,4,0.18,0,4,4,0,0.25,1,4,2,3,0.16,0,3,2,0,0.20,0,3,3,4,0.24,0,0,6,3,0.24,0,0,4,6,0.27,0,0,1,1,0.12,0,0,2,4,0.39,0,0,6,0,0.25,0,0,6,3,0.07,0,0,2,8,0.28,0,0,2,13,0.31,0,0,1,0,0.06,0,0,2,0,0.20,0,6,3
26,60,0,0,2,0,38,0,1,MOVING_TO_FIELD,Field_4,1,MOVING_TO_FIELD,Field_4,1,MOVING_TO_FIELD,Field_4,1,MOVING_TO_FIELD,Field_4,1,PROTECTING,Field_4,1,MOVING_TO_FIELD,Field_4,1,MOVING_TO_FIELD,Field_8,1,MOVING_TO_FIELD,Field_2,1,MOVING_TO_FIELD,Field_7,1,PROTECTING,Field_7,1,MOVING_TO_FIELD,Field_20,1,MOVING_TO_FIELD,Field_20,1,MOVING_TO_FIELD,Field_20,1,MOVING_TO_FIELD,Field_20,1,MOVING_TO_FIELD,Field_20,1,MOVING_TO_FIELD,Field_20,1,MOVING_TO_FIELD,Field_1,1,MOVING_TO_FIELD,Field_1,1,MOVING_TO_FIELD,Field_1,1,MOVING_TO_FIELD,Field_1,1,MOVING_TO_FIELD,Field_7,1,MOVING_TO_FIELD,Field_7,1,MOVING_TO_FIELD,Field_7,1,MOVING_TO_FIELD,Field_5,1,MOVING_TO_FIELD,Field_5,1,MOVING_TO_FIELD,Field_5,1,MOVING_TO_FIELD,Field_5,1,MOVING_TO_FIELD,Field_5,1,MOVING_TO_FIELD,Field_5,1,MOVING_TO_FIELD,Field_9,1,MOVING_TO_FIELD,Field_9,1,MOVING_TO_FIELD,Field_9,1,MOVING_TO_FIELD,Field_6,1,MOVING_TO_FIELD,Field_6,1,MOVING_TO_FIELD,Field_6,1,MOVING_TO_FIELD,Field_6,1,MOVING_TO_FIELD,Field_3,1,MOVING_TO_FIELD,Field_3,1,MOVING_TO_FIELD,Field_8,1,MOVING_TO_FIELD,Field_8,0,0.18,0,4,4,3,0.14,0,1,2,0,0.12,0,2,4,1,0.22,1,5,3,0,0.15,0,6,2,4,0.20,0,4,4,0,0.26,1,4,2,3,0.16,0,3,2,0,0.21,0,3,3,5,0.24,0,0,6,6,0.24,0,0,4,6,0.24,0,0,1,1,0.11,0,0,2,4,0.41,0,0,6,0,0.25,0,0,6,3,0.07,0,0,2,9,0.25,0,0,2,15,0.30,0,0,1,0,0.06,0,0,2,0,0.20,0,6,3
27,68,0,0,3,0,37,0,1,MOVING_TO_FIELD,Field_4,1,MOVING_TO_FIELD,Field_4,1,MOVING_TO_FIELD,Field_4,1,MOVING_TO_FIELD,Field_4,1,PROTECTING,Field_4,1,MOVING_TO_FIELD,Field_4,1,MOVING_TO_FIELD,Field_8,1,MOVING_TO_FIELD,Field_2,1,MOVING_TO_FIELD,Field_7,1,PROTECTING,Field_7,1,MOVING_TO_FIELD,Field_20,1,MOVING_TO_FIELD,Field_20,1,MOVING_TO_FIELD,Field_20,1,MOVING_TO_FIELD,Field_20,1,MOVING_TO_FIELD,Field_20,1,MOVING_TO_FIELD,Field_20,1,MOVING_TO_FIELD,Field_1,1,MOVING_TO_FIELD,Field_1,1,MOVING_TO_FIELD,Field_1,1,MOVING_TO_FIELD,Field_1,1,PROTECTING,Field_7,1,MOVING_TO_FIELD,Field_7,1,MOVING_TO_FIELD,Field_7,1,MOVING_TO_FIELD,Field_5,1,MOVING_TO_FIELD,Field_5,1,MOVING_TO_FIELD,Field_5,1,MOVING_TO_FIELD,Field_5,1,MOVING_TO_FIELD,Field_5,1,MOVING_TO_FIELD,Field_5,1,MOVING_TO_FIELD,Field_9,1,MOVING_TO_FIELD,Field_9,1,MOVING_TO_FIELD,Field_9,1,MOVING_TO_FIELD,Field_6,1,MOVING_TO_FIELD,Field_6,1,MOVING_TO_FIELD,Field_6,1,MOVING_TO_FIELD,Field_6,1,MOVING_TO_FIELD,Field_3,1,MOVING_TO_FIELD,Field_3,1,MOVING_TO_FIELD,Field_8,1,MOVING_TO_FIELD,Field_8,0,0.19,0,4,4,4,0.15,0,1,2,0,0.13,0,2,4,1,0.22,1,5,3,0,0.15,0,6,2,4,0.20,0,4,4,0,0.27,2,3,1,4,0.16,0,3,2,0,0.21,0,3,3,5,0.24,0,0,6,6,0.24,0,0,4,8,0.24,0,0,1,2,0.09,0,0,2,6,0.41,0,0,6,0,0.25,0,0,6,3,0.09,0,0,2,9,0.23,0,0,2,16,0.30,0,0,1,0,0.06,0,0,2,0,0.22,0,6,3
28,72,0,0,3,0,37,0,1,MOVING_TO_FIELD,Field_4,1,MOVING_TO_FIELD,Field_4,1,MOVING_TO_FIELD,Field_4,1,MOVING_TO_FIELD,Field_4,1,PROTECTING,Field_4,1,MOVING_TO_FIELD,Field_4,1,MOVING_TO_FIELD,Field_8,1,MOVING_TO_FIELD,Field_2,1,MOVING_TO_FIELD,Field_7,1,PROTECTING,Field_7,1,MOVING_TO_FIELD,Field_20,1,MOVING_TO_FIELD,Field_20,1,MOVING_TO_FIELD,Field_20,1,MOVING_TO_FIELD,Field_20,1,MOVING_TO_FIELD,Field_20,1,MOVING_TO_FIELD,Field_20,1,MOVING_TO_FIELD,Field_1,1,MOVING_TO_FIELD,Field_1,1,MOVING_TO_FIELD,Field_1,1,MOVING_TO_FIELD,Field_1,1,PROTECTING,Field_7,1,MOVING_TO_FIELD,Field_7,1,MOVING_TO_FIELD,Field_7,1,MOVING_TO_FIELD,Field_5,1,MOVING_TO_FIELD,Field_5,1,MOVING_TO_FIELD,Field_5,1,MOVING_TO_FIELD,Field_5,1,MOVING_TO_FIELD,Field_5,1,MOVING_TO_FIELD,Field_5,1,MOVING_TO_FIELD,Field_9,1,MOVING_TO_FIELD,Field_9,1,MOVING_TO_FIELD,Field_9,1,MOVING_TO_FIELD,Field_6,1,MOVING_TO_FIELD,Field_6,1,MOVING_TO_FIELD,Field_6,1,MOVING_TO_FIELD,Field_6,1,MOVING_TO_FIELD,Field_3,1,MOVING_TO_FIELD,Field_3,1,MOVING_TO_FIELD,Field_8,1,MOVING_TO_FIELD,Field_8,0,0.19,0,4,4,4,0.16,0,1,2,0,0.13,0,2,4,1,0.22,1,5,3,1,0.15,0,6,2,4,0.21,0,4,4,0,0.27,2,3,1,4,0.16,0,3,2,0,0.21,0,3,3,6,0.26,0,0,6,6,0.24,0,0,4,9,0.24,0,0,1,2,0.09,0,0,2,7,0.42,0,0,6,0,0.25,0,0,6,3,0.10,0,0,2,9,0.25,0,0,2,16,0.30,0,0,1,0,0.06,0,0,2,0,0.22,0,6,3
29,80,0,0,6,0,34,0,1,PROTECTING,Field_4,1,PROTECTING,Field_4,1,MOVING_TO_FIELD,Field_4,1,MOVING_TO_FIELD,Field_4,1,PROTECTING,Field_4,1,MOVING_TO_FIELD,Field_4,1,MOVING_TO_FIELD,Field_8,1,MOVING_TO_FIELD,Field_2,1,PROTECTING,Field_7,1,PROTECTING,Field_7,1,MOVING_TO_FIELD,Field_20,1,MOVING_TO_FIELD,Field_20,1,MOVING_TO_FIELD,Field_20,1,MOVING_TO_FIELD,Field_20,1,MOVING_TO_FIELD,Field_20,1,MOVING_TO_FIELD,Field_20,1,MOVING_TO_FIELD,Field_1,1,MOVING_TO_FIELD,Field_1,1,MOVING_TO_FIELD,Field_1,1,MOVING_TO_FIELD,Field_1,1,PROTECTING,Field_7,1,MOVING_TO_FIELD,Field_7,1,MOVING_TO_FIELD,Field_7,1,MOVING_TO_FIELD,Field_5,1,MOVING_TO_FIELD,Field_5,1,MOVING_TO_FIELD,Field_5,1,MOVING_TO_FIELD,Field_5,1,MOVING_TO_FIELD,Field_5,1,MOVING_TO_FIELD,Field_5,1,MOVING_TO_FIELD,Field_9,1,MOVING_TO_FIELD,Field_9,1,MOVING_TO_FIELD,Field_9,1,MOVING_TO_FIELD,Field_6,1,MOVING_TO_FIELD,Field_6,1,MOVING_TO_FIELD,Field_6,1,MOVING_TO_FIELD,Field_6,1,MOVING_TO_FIELD,Field_3,1,MOVING_TO_FIELD,Field_3,1,MOVING_TO_FIELD,Field_8,1,MOVING_TO_FIELD,Field_8,0,0.19,0,4,4,6,0.16,0,1,2,0,0.13,0,2,4,1,0.22,3,3,1,1,0.15,0,6,2,5,0.21,0,4,4,0,0.27,3,2,0,4,0.17,0,3,2,0,0.21,0,3,3,7,0.28,0,0,6,6,0.22,0,0,4,9,0.27,0,0,1,2,0.09,0,0,2,8,0.42,0,0,6,0,0.25,0,0,6,3,0.10,0,0,2,11,0.25,0,0,2,17,0.30,0,0,1,0,0.06,0,0,2,0,0.22,0,6,3
30,86,0,0,6,0,34,0,1,PROTECTING,Field_4,1,PROTECTING,Field_4,1,MOVING_TO_FIELD,Field_4,1,MOVING_TO_FIELD,Field_4,1,PROTECTING,Field_4,1,MOVING_TO_FIELD,Field_4,1,MOVING_TO_FIELD,Field_8,1,MOVING_TO_FIELD,Field_2,1,PROTECTING,Field_7,1,PROTECTING,Field_7,1,MOVING_TO_FIELD,Field_20,1,MOVING_TO_FIELD,Field_20,1,MOVING_TO_FIELD,Field_20,1,MOVING_TO_FIELD,Field_20,1,MOVING_TO_FIELD,Field_20,1,MOVING_TO_FIELD,Field_20,1,MOVING_TO_FIELD,Field_1,1,MOVING_TO_FIELD,Field_1,1,MOVING_TO_FIELD,Field_1,1,MOVING_TO_FIELD,Field_1,1,PROTECTING,Field_7,1,MOVING_TO_FIELD,Field_7,1,MOVING_TO_FIELD,Field_7,1,MOVING_TO_FIELD,Field_5,1,MOVING_TO_FIELD,Field_5,1,MOVING_TO_FIELD,Field_5,1,MOVING_TO_FIELD,Field_5,1,MOVING_TO_FIELD,Field_5,1,MOVING_TO_FIELD,Field_5,1,MOVING_TO_FIELD,Field_9,1,MOVING_TO_FIELD,Field_9,1,MOVING_TO_FIELD,Field_9,1,MOVING_TO_FIELD,Field_6,1,MOVING_TO_FIELD,Field_6,1,MOVING_TO_FIELD,Field_6,1,MOVING_TO_FIELD,Field_6,1,MOVING_TO_FIELD,Field_3,1,MOVING_TO_FIELD,Field_3,1,MOVING_TO_FIELD,Field_8,1,MOVING_TO_FIELD,Field_8,1,0.19,0,4,4,6,0.16,0,1,2,0,0.14,0,2,4,1,0.22,3,3,1,2,0.16,0,6,2,6,0.22,0,4,4,0,0.27,3,2,0,4,0.19,0,3,2,0,0.21,0,3,3,7,0.29,0,0,6,6,0.22,0,0,4,10,0.27,0,0,1,2,0.09,0,0,2,9,0.42,0,0,6,0,0.25,0,0,6,3,0.09,0,0,2,11,0.25,0,0,2,18,0.31,0,0,1,0,0.06,0,0,2,0,0.20,0,6,3
31,93,0,0,6,0,34,0,1,PROTECTING,Field_4,1,PROTECTING,Field_4,1,MOVING_TO_FIELD,Field_4,1,MOVING_TO_FIELD,Field_1,1,PROTECTING,Field_4,1,MOVING_TO_FIELD,Field_8,1,MOVING_TO_FIELD,Field_20,1,MOVING_TO_FIELD,Field_4,1,PROTECTING,Field_7,1,PROTECTING,Field_7,1,MOVING_TO_FIELD,Field_5,1,MOVING_TO_FIELD,Field_2,1,MOVING_TO_FIELD,Field_4,1,MOVING_TO_FIELD,Field_7,1,MOVING_TO_FIELD,Field_1,1,MOVING_TO_FIELD,Field_5,1,MOVING_TO_FIELD,Field_4,1,MOVING_TO_FIELD,Field_1,1,MOVING_TO_FIELD,Field_5,1,MOVING_TO_FIELD,Field_4,1,PROTECTING,Field_7,1,MOVING_TO_FIELD,Field_20,1,MOVING_TO_FIELD,Field_20,1,MOVING_TO_FIELD,Field_1,1,MOVING_TO_FIELD,Field_20,1,MOVING_TO_FIELD,Field_5,1,MOVING_TO_FIELD,Field_5,1,MOVING_TO_FIELD,Field_5,1,MOVING_TO_FIELD,Field_4,1,MOVING_TO_FIELD,Field_9,1,MOVING_TO_FIELD,Field_9,1,MOVING_TO_FIELD,Field_9,1,MOVING_TO_FIELD,Field_6,1,MOVING_TO_FIELD,Field_6,1,MOVING_TO_FIELD,Field_6,1,MOVING_TO_FIELD,Field_6,1,MOVING_TO_FIELD,Field_20,1,MOVING_TO_FIELD,Field_7,1,MOVING_TO_FIELD,Field_20,1,MOVING_TO_FIELD,Field_4,2,0.20,0,4,4,6,0.16,0,1,2,0,0.14,0,0,4,1,0.22,3,7,1,2,0.16,0,6,2,7,0.22,0,4,4,0,0.28,3,2,0,6,0.19,0,1,2,0,0.21,0,3,3,8,0.31,0,0,6,6,0.22,0,0,4,10,0.27,0,0,1,2,0.09,0,0,2,10,0.42,0,0,6,0,0.25,0,0,6,3,0.09,0,0,2,11,0.23,0,0,2,18,0.28,0,0,1,0,0.05,0,0,2,1,0.22,0,6,3
32,100,0,0,7,0,33,0,1,PROTECTING,Field_4,1,PROTECTING,Field_4,1,MOVING_TO_FIELD,Field_4,1,MOVING_TO_FIELD,Field_1,1,PROTECTING,Field_4,1,MOVING_TO_FIELD,Field_8,1,MOVING_TO_FIELD,Field_20,1,MOVING_TO_FIELD,Field_4,1,PROTECTING,Field_7,1,PROTECTING,Field_7,1,MOVING_TO_FIELD,Field_5,1,MOVING_TO_FIELD,Field_2,1,MOVING_TO_FIELD,Field_4,1,MOVING_TO_FIELD,Field_7,1,MOVING_TO_FIELD,Field_1,1,MOVING_TO_FIELD,Field_5,1,MOVING_TO_FIELD,Field_4,1,MOVING_TO_FIELD,Field_1,1,MOVING_TO_FIELD,Field_5,1,MOVING_TO_FIELD,Field_4,1,PROTECTING,Field_7,1,MOVING_TO_FIELD,Field_20,1,MOVING_TO_FIELD,Field_20,1,MOVING_TO_FIELD,Field_1,1,MOVING_TO_FIELD,Field_20,1,MOVING_TO_FIELD,Field_5,1,MOVING_TO_FIELD,Field_5,1,MOVING_TO_FIELD,Field_5,1,MOVING_TO_FIELD,Field_4,1,PROTECTING,Field_9,1,MOVING_TO_FIELD,Field_9,1,MOVING_TO_FIELD,Field_9,1,MOVING_TO_FIELD,Field_6,1,MOVING_TO_FIELD,Field_6,1,MOVING_TO_FIELD,Field_6,1,MOVING_TO_FIELD,Field_6,1,MOVING_TO_FIELD,Field_20,1,MOVING_TO_FIELD,Field_7,1,MOVING_TO_FIELD,Field_20,1,MOVING_TO_FIELD,Field_4,6,0.20,0,4,4,6,0.16,0,1,2,0,0.14,0,0,4,1,0.23,3,7,1,2,0.16,0,6,2,7,0.22,0,4,4,0,0.30,3,2,0,6,0.17,0,1,2,0,0.20,1,2,2,8,0.31,0,0,6,6,0.24,0,0,4,10,0.27,0,0,1,2,0.07,0,0,2,11,0.42,0,0,6,0,0.25,0,0,6,3,0.09,0,0,2,12,0.21,0,0,2,19,0.22,0,0,1,0,0.05,0,0,2,1,0.22,0,6,3
33,105,0,0,7,0,33,0,1,PROTECTING,Field_4,1,PROTECTING,Field_4,1,MOVING_TO_FIELD,Field_4,1,MOVING_TO_FIELD,Field_1,1,PROTECTING,Field_4,1,MOVING_TO_FIELD,Field_8,1,MOVING_TO_FIELD,Field_20,1,MOVING_TO_FIELD,Field_4,1,PROTECTING,Field_7,1,PROTECTING,Field_7,1,MOVING_TO_FIELD,Field_5,1,MOVING_TO_FIELD,Field_2,1,MOVING_TO_FIELD,Field_4,1,MOVING_TO_FIELD,Field_7,1,MOVING_TO_FIELD,Field_1,1,MOVING_TO_FIELD,Field_5,1,MOVING_TO_FIELD,Field_4,1,MOVING_TO_FIELD,Field_1,1,MOVING_TO_FIELD,Field_5,1,MOVING_TO_FIELD,Field_4,1,PROTECTING,Field_7,1,MOVING_TO_FIELD,Field_20,1,MOVING_TO_FIELD,Field_20,1,MOVING_TO_FIELD,Field_1,1,MOVING_TO_FIELD,Field_20,1,MOVING_TO_FIELD,Field_5,1,MOVING_TO_FIELD,Field_5,1,MOVING_TO_FIELD,Field_5,1,MOVING_TO_FIELD,Field_4,1,PROTECTING,Field_9,1,MOVING_TO_FIELD,Field_9,1,MOVING_TO_FIELD,Field_9,1,MOVING_TO_FIELD,Field_6,1,MOVING_TO_FIELD,Field_6,1,MOVING_TO_FIELD,Field_6,1,MOVING_TO_FIELD,Field_6,1,MOVING_TO_FIELD,Field_20,1,MOVING_TO_FIELD,Field_7,1,MOVING_TO_FIELD,Field_20,1,MOVING_TO_FIELD,Field_4,6,0.19,0,4,4,6,0.16,0,1,2,0,0.14,0,0,4,1,0.24,3,7,1,2,0.16,0,6,2,7,0.22,0,4,4,0,0.30,3,2,0,8,0.17,0,1,2,0,0.20,1,2,2,10,0.31,0,0,6,6,0.22,0,0,4,10,0.21,0,0,1,2,0.07,0,0,2,11,0.42,0,0,6,0,0.25,0,0,6,3,0.10,0,0,2,13,0.21,0,0,2,19,0.22,0,0,1,0,0.05,0,0,2,1,0.20,0,6,3
34,114,0,0,9,0,31,0,1,PROTECTING,Field_4,1,PROTECTING,Field_4,1,MOVING_TO_FIELD,Field_4,1,MOVING_TO_FIELD,Field_1,1,PROTECTING,Field_4,1,MOVING_TO_FIELD,Field_8,1,MOVING_TO_FIELD,Field_20,1,MOVING_TO_FIELD,Field_4,1,PROTECTING,Field_7,1,PROTECTING,Field_7,1,MOVING_TO_FIELD,Field_5,1,MOVING_TO_FIELD,Field_2,1,MOVING_TO_FIELD,Field_4,1,MOVING_TO_FIELD,Field_7,1,MOVING_TO_FIELD,Field_1,1,MOVING_TO_FIELD,Field_5,1,MOVING_TO_FIELD,Field_4,1,MOVING_TO_FIELD,Field_1,1,MOVING_TO_FIELD,Field_5,1,MOVING_TO_FIELD,Field_4,1,PROTECTING,Field_7,1,MOVING_TO_FIELD,Field_20,1,MOVING_TO_FIELD,Field_20,1,MOVING_TO_FIELD,Field_1,1,MOVING_TO_FIELD,Field_20,1,MOVING_TO_FIELD,Field_5,1,MOVING_TO_FIELD,Field_5,1,MOVING_TO_FIELD,Field_5,1,MOVING_TO_FIELD,Field_4,1,PROTECTING,Field_9,1,MOVING_TO_FIELD,Field_9,1,PROTECTING,Field_9,1,MOVING_TO_FIELD,Field_6,1,MOVING_TO_FIELD,Field_6,1,MOVING_TO_FIELD,Field_6,1,PROTECTING,Field_6,1,MOVING_TO_FIELD,Field_20,1,MOVING_TO_FIELD,Field_7,1,MOVING_TO_FIELD,Field_20,1,MOVING_TO_FIELD,Field_4,6,0.19,0,4,4,6,0.16,0,1,2,0,0.14,0,0,4,2,0.26,3,7,1,4,0.16,0,6,2,8,0.23,1,3,3,0,0.30,3,2,0,8,0.17,0,1,2,0,0.20,2,1,1,11,0.31,0,0,6,6,0.22,0,0,4,11,0.21,0,0,1,2,0.07,0,0,2,12,0.42,0,0,6,1,0.25,0,0,6,3,0.09,0,0,2,13,0.21,0,0,2,20,0.22,0,0,1,0,0.05,0,0,2,1,0.20,0,6,3
35,120,0,0,10,0,30,0,1,PROTECTING,Field_4,1,PROTECTING,Field_4,1,MOVING_TO_FIELD,Field_4,1,MOVING_TO_FIELD,Field_1,1,PROTECTING,Field_4,1,MOVING_TO_FIELD,Field_8,1,MOVING_TO_FIELD,Field_20,1,MOVING_TO_FIELD,Field_4,1,PROTECTING,Field_7,1,PROTECTING,Field_7,1,MOVING_TO_FIELD,Field_5,1,MOVING_TO_FIELD,Field_2,1,MOVING_TO_FIELD,Field_4,1,MOVING_TO_FIELD,Field_7,1,MOVING_TO_FIELD,Field_1,1,MOVING_TO_FIELD,Field_5,1,MOVING_TO_FIELD,Field_4,1,MOVING_TO_FIELD,Field_1,1,MOVING_TO_FIELD,Field_5,1,MOVING_TO_FIELD,Field_4,1,PROTECTING,Field_7,1,MOVING_TO_FIELD,Field_20,1,MOVING_TO_FIELD,Field_20,1,MOVING_TO_FIELD,Field_1,1,MOVING_TO_FIELD,Field_20,1,MOVING_TO_FIELD,Field_5,1,MOVING_TO_FIELD,Field_5,1,MOVING_TO_FIELD,Field_5,1,MOVING_TO_FIELD,Field_4,1,PROTECTING,Field_9,1,PROTECTING,Field_9,1,PROTECTING,Field_9,1,MOVING_TO_FIELD,Field_6,1,MOVING_TO_FIELD,Field_6,1,MOVING_TO_FIELD,Field_6,1,PROTECTING,Field_6,1,MOVING_TO_FIELD,Field_20,1,MOVING_TO_FIELD,Field_7,1,MOVING_TO_FIELD,Field_20,1,MOVING_TO_FIELD,Field_4,6,0.19,0,4,4,6,0.16,0,1,2,0,0.14,0,0,4,3,0.26,3,7,1,4,0.16,0,6,2,8,0.23,1,3,3,0,0.30,3,2,0,8,0.17,0,1,2,0,0.20,3,0,0,11,0.31,0,0,6,6,0.21,0,0,4,13,0.21,0,0,1,2,0.07,0,0,2,12,0.42,0,0,6,1,0.25,0,0,6,4,0.09,0,0,2,13,0.21,0,0,2,21,0.20,0,0,1,0,0.05,0,0,2,2,0.20,0,6,3
36,126,0,0,10,0,30,0,1,PROTECTING,Field_4,1,PROTECTING,Field_4,1,MOVING_TO_FIELD,Field_4,1,MOVING_TO_FIELD,Field_1,1,PROTECTING,Field_4,1,MOVING_TO_FIELD,Field_8,1,MOVING_TO_FIELD,Field_20,1,MOVING_TO_FIELD,Field_4,1,PROTECTING,Field_7,1,PROTECTING,Field_7,1,MOVING_TO_FIELD,Field_5,1,MOVING_TO_FIELD,Field_2,1,MOVING_TO_FIELD,Field_4,1,MOVING_TO_FIELD,Field_7,1,MOVING_TO_FIELD,Field_1,1,MOVING_TO_FIELD,Field_5,1,MOVING_TO_FIELD,Field_4,1,MOVING_TO_FIELD,Field_1,1,MOVING_TO_FIELD,Field_5,1,MOVING_TO_FIELD,Field_4,1,PROTECTING,Field_7,1,MOVING_TO_FIELD,Field_20,1,MOVING_TO_FIELD,Field_20,1,MOVING_TO_FIELD,Field_1,1,MOVING_TO_FIELD,Field_20,1,MOVING_TO_FIELD,Field_5,1,MOVING_TO_FIELD,Field_5,1,MOVING_TO_FIELD,Field_5,1,MOVING_TO_FIELD,Field_4,1,PROTECTING,Field_9,1,PROTECTING,Field_9,1,PROTECTING,Field_9,1,MOVING_TO_FIELD,Field_6,1,MOVING_TO_FIELD,Field_6,1,MOVING_TO_FIELD,Field_6,1,PROTECTING,Field_6,1,MOVING_TO_FIELD,Field_20,1,MOVING_TO_FIELD,Field_7,1,MOVING_TO_FIELD,Field_20,1,MOVING_TO_FIELD,Field_4,7,0.19,0,4,4,6,0.18,0,1,2,0,0.14,0,0,4,4,0.27,3,7,1,6,0.17,0,6,2,8,0.23,1,3,3,0,0.30,3,2,0,8,0.19,0,1,2,0,0.19,3,0,0,11,0.29,0,0,6,6,0.21,0,0,4,14,0.18,0,0,1,2,0.07,0,0,2,13,0.44,0,0,6,1,0.26,0,0,6,4,0.09,0,0,2,13,0.21,0,0,2,21,0.20,0,0,1,0,0.05,0,0,2,2,0.20,0,6,3
37,140,0,0,10,0,30,0,1,PROTECTING,Field_4,1,PROTECTING,Field_4,1,MOVING_TO_FIELD,Field_4,1,MOVING_TO_FIELD,Field_1,1,PROTECTING,Field_4,1,MOVING_TO_FIELD,Field_8,1,MOVING_TO_FIELD,Field_20,1,MOVING_TO_FIELD,Field_4,1,PROTECTING,Field_7,1,PROTECTING,Field_7,1,MOVING_TO_FIELD,Field_5,1,MOVING_TO_FIELD,Field_2,1,MOVING_TO_FIELD,Field_4,1,MOVING_TO_FIELD,Field_7,1,MOVING_TO_FIELD,Field_1,1,MOVING_TO_FIELD,Field_5,1,MOVING_TO_FIELD,Field_4,1,MOVING_TO_FIELD,Field_1,1,MOVING_TO_FIELD,Field_5,1,MOVING_TO_FIELD,Field_4,1,PROTECTING,Field_7,1,MOVING_TO_FIELD,Field_20,1,MOVING_TO_FIELD,Field_20,1,MOVING_TO_FIELD,Field_1,1,MOVING_TO_FIELD,Field_20,1,MOVING_TO_FIELD,Field_5,1,MOVING_TO_FIELD,Field_5,1,MOVING_TO_FIELD,Field_5,1,MOVING_TO_FIELD,Field_4,1,PROTECTING,Field_9,1,PROTECTING,Field_9,1,PROTECTING,Field_9,1,MOVING_TO_FIELD,Field_6,1,MOVING_TO_FIELD,Field_6,1,MOVING_TO_FIELD,Field_6,1,PROTECTING,Field_6,1,MOVING_TO_FIELD,Field_20,1,MOVING_TO_FIELD,Field_7,1,MOVING_TO_FIELD,Field_20,1,MOVING_TO_FIELD,Field_4,9,0.18,0,4,4,6,0.18,0,1,2,0,0.14,0,0,4,5,0.29,3,7,1,9,0.17,0,6,2,8,0.23,1,3,3,1,0.31,3,2,0,9,0.17,0,1,2,0,0.18,3,0,0,11,0.29,0,0,6,6,0.21,0,0,4,14,0.18,0,0,1,2,0.07,0,0,2,13,0.44,0,0,6,3,0.28,0,0,6,4,0.11,0,0,2,14,0.20,0,0,2,24,0.20,0,0,1,0,0.05,0,0,2,2,0.20,0,6,3
38,147,0,0,10,0,30,0,1,PROTECTING,Field_4,1,PROTECTING,Field_4,1,MOVING_TO_FIELD,Field_4,1,MOVING_TO_FIELD,Field_1,1,PROTECTING,Field_4,1,MOVING_TO_FIELD,Field_8,1,MOVING_TO_FIELD,Field_20,1,MOVING_TO_FIELD,Field_4,1,PROTECTING,Field_7,1,PROTECTING,Field_7,1,MOVING_TO_FIELD,Field_5,1,MOVING_TO_FIELD,Field_2,1,MOVING_TO_FIELD,Field_4,1,MOVING_TO_FIELD,Field_7,1,MOVING_TO_FIELD,Field_1,1,MOVING_TO_FIELD,Field_5,1,MOVING_TO_FIELD,Field_4,1,MOVING_TO_FIELD,Field_1,1,MOVING_TO_FIELD,Field_5,1,MOVING_TO_FIELD,Field_4,1,PROTECTING,Field_7,1,MOVING_TO_FIELD,Field_20,1,MOVING_TO_FIELD,Field_20,1,MOVING_TO_FIELD,Field_1,1,MOVING_TO_FIELD,Field_20,1,MOVING_TO_FIELD,Field_5,1,MOVING_TO_FIELD,Field_5,1,MOVING_TO_FIELD,Field_5,1,MOVING_TO_FIELD,Field_4,1,PROTECTING,Field_9,1,PROTECTING,Field_9,1,PROTECTING,Field_9,1,MOVING_TO_FIELD,Field_6,1,MOVING_TO_FIELD,Field_6,1,MOVING_TO_FIELD,Field_6,1,PROTECTING,Field_6,1,MOVING_TO_FIELD,Field_20,1,MOVING_TO_FIELD,Field_7,1,MOVING_TO_FIELD,Field_20,1,MOVING_TO_FIELD,Field_4,10,0.18,0,4,4,6,0.18,0,1,2,0,0.13,0,0,4,5,0.29,3,7,1,10,0.17,0,6,2,9,0.23,1,3,3,1,0.31,3,2,0,9,0.17,0,1,2,0,0.17,3,0,0,11,0.29,0,0,6,7,0.21,0,0,4,14,0.15,0,0,1,2,0.07,0,0,2,13,0.42,0,0,6,4,0.28,0,0,6,4,0.09,0,0,2,15,0.21,0,0,2,24,0.20,0,0,1,0,0.05,0,0,2,3,0.22,0,6,3
39,161,0,0,12,0,28,0,1,PROTECTING,Field_4,1,PROTECTING,Field_4,1,MOVING_TO_FIELD,Field_4,1,MOVING_TO_FIELD,Field_1,1,PROTECTING,Field_4,1,MOVING_TO_FIELD,Field_8,1,MOVING_TO_FIELD,Field_20,1,MOVING_TO_FIELD,Field_4,1,PROTECTING,Field_7,1,PROTECTING,Field_7,1,PROTECTING,Field_5,1,MOVING_TO_FIELD,Field_2,1,MOVING_TO_FIELD,Field_4,1,MOVING_TO_FIELD,Field_7,1,MOVING_TO_FIELD,Field_1,1,MOVING_TO_FIELD,Field_5,1,MOVING_TO_FIELD,Field_4,1,MOVING_TO_FIELD,Field_1,1,PROTECTING,Field_5,1,MOVING_TO_FIELD,Field_4,1,PROTECTING,Field_7,1,MOVING_TO_FIELD,Field_20,1,MOVING_TO_FIELD,Field_20,1,MOVING_TO_FIELD,Field_1,1,MOVING_TO_FIELD,Field_20,1,MOVING_TO_FIELD,Field_5,1,MOVING_TO_FIELD,Field_5,1,MOVING_TO_FIELD,Field_5,1,MOVING_TO_FIELD,Field_4,1,PROTECTING,Field_9,1,PROTECTING,Field_9,1,PROTECTING,Field_9,1,MOVING_TO_FIELD,Field_6,1,MOVING_TO_FIELD,Field_6,1,MOVING_TO_FIELD,Field_6,1,PROTECTING,Field_6,1,MOVING_TO_FIELD,Field_20,1,MOVING_TO_FIELD,Field_7,1,MOVING_TO_FIELD,Field_20,1,MOVING_TO_FIELD,Field_4,10,0.18,0,4,4,6,0.18,0,1,2,0,0.13,0,0,4,7,0.28,3,7,1,12,0.17,2,4,0,10,0.23,1,3,3,3,0.31,3,2,0,9,0.19,0,1,2,0,0.17,3,0,0,12,0.28,0,0,6,8,0.22,0,0,4,14,0.15,0,0,1,2,0.09,0,0,2,13,0.42,0,0,6,4,0.28,0,0,6,4,0.09,0,0,2,18,0.21,0,0,2,26,0.20,0,0,1,0,0.05,0,0,2,3,0.22,0,6,3
40,165,0,0,14,0,26,0,1,PROTECTING,Field_4,1,PROTECTING,Field_4,1,MOVING_TO_FIELD,Field_4,1,MOVING_TO_FIELD,Field_1,1,PROTECTING,Field_4,1,MOVING_TO_FIELD,Field_8,1,MOVING_TO_FIELD,Field_20,1,MOVING_TO_FIELD,Field_4,1,PROTECTING,Field_7,1,PROTECTING,Field_7,1,PROTECTING,Field_5,1,MOVING_TO_FIELD,Field_2,1,MOVING_TO_FIELD,Field_4,1,MOVING_TO_FIELD,Field_7,1,MOVING_TO_FIELD,Field_1,1,MOVING_TO_FIELD,Field_5,1,MOVING_TO_FIELD,Field_4,1,MOVING_TO_FIELD,Field_1,1,PROTECTING,Field_5,1,MOVING_TO_FIELD,Field_4,1,PROTECTING,Field_7,1,MOVING_TO_FIELD,Field_20,1,MOVING_TO_FIELD,Field_20,1,MOVING_TO_FIELD,Field_1,1,MOVING_TO_FIELD,Field_20,1,PROTECTING,Field_5,1,MOVING_TO_FIELD,Field_5,1,MOVING_TO_FIELD,Field_5,1,MOVING_TO_FIELD,Field_4,1,PROTECTING,Field_9,1,PROTECTING,Field_9,1,PROTECTING,Field_9,1,PROTECTING,Field_6,1,MOVING_TO_FIELD,Field_6,1,MOVING_TO_FIELD,Field_6,1,PROTECTING,Field_6,1,MOVING_TO_FIELD,Field_20,1,MOVING_TO_FIELD,Field_7,1,MOVING_TO_FIELD,Field_20,1,MOVING_TO_FIELD,Field_4,11,0.17,0,4,4,6,0.18,0,1,2,0,0.13,0,0,4,8,0.28,3,7,1,12,0.17,3,3,-1,10,0.23,2,2,2,3,0.31,3,2,0,9,0.19,0,1,2,0,0.15,3,0,0,12,0.27,0,0,6,8,0.22,0,0,4,14,0.15,0,0,1,2,0.09,0,0,2,15,0.41,0,0,6,4,0.28,0,0,6,4,0.10,0,0,2,18,0.21,0,0,2,26,0.19,0,0,1,0,0.05,0,0,2,3,0.20,0,6,3
41,171,0,0,9,0,31,0,1,PROTECTING,Field_4,1,PROTECTING,Field_4,1,MOVING_TO_FIELD,Field_4,1,MOVING_TO_FIELD,Field_4,1,PROTECTING,Field_4,1,MOVING_TO_FIELD,Field_8,1,MOVING_TO_FIELD,Field_20,1,MOVING_TO_FIELD,Field_20,1,PROTECTING,Field_7,1,PROTECTING,Field_7,1,MOVING_TO_FIELD,Field_4,1,MOVING_TO_FIELD,Field_4,1,MOVING_TO_FIELD,Field_20,1,MOVING_TO_FIELD,Field_7,1,MOVING_TO_FIELD,Field_4,1,MOVING_TO_FIELD,Field_5,1,MOVING_TO_FIELD,Field_20,1,MOVING_TO_FIELD,Field_4,1,PROTECTING,Field_5,1,MOVING_TO_FIELD,Field_20,1,MOVING_TO_FIELD,Field_1,1,MOVING_TO_FIELD,Field_20,1,MOVING_TO_FIELD,Field_20,1,MOVING_TO_FIELD,Field_4,1,MOVING_TO_FIELD,Field_7,1,PROTECTING,Field_5,1,MOVING_TO_FIELD,Field_5,1,MOVING_TO_FIELD,Field_5,1,MOVING_TO_FIELD,Field_1,1,MOVING_TO_FIELD,Field_5,1,MOVING_TO_FIELD,Field_20,1,MOVING_TO_FIELD,Field_20,1,PROTECTING,Field_6,1,MOVING_TO_FIELD,Field_6,1,MOVING_TO_FIELD,Field_6,1,PROTECTING,Field_6,1,MOVING_TO_FIELD,Field_7,1,MOVING_TO_FIELD,Field_1,1,MOVING_TO_FIELD,Field_8,1,MOVING_TO_FIELD,Field_1,11,0.16,0,4,4,6,0.18,0,0,2,0,0.13,0,0,4,9,0.28,3,7,1,13,0.17,2,4,0,10,0.23,2,2,2,3,0.31,2,3,1,9,0.17,0,2,2,0,0.13,0,0,3,13,0.26,0,0,6,8,0.22,0,0,4,14,0.15,0,0,1,2,0.09,0,0,2,15,0.41,0,0,6,6,0.28,0,0,6,4,0.10,0,0,2,19,0.21,0,0,2,26,0.19,0,0,1,0,0.05,0,0,2,3,0.20,0,9,3
42,177,0,0,9,0,31,0,1,PROTECTING,Field_4,1,PROTECTING,Field_4,1,MOVING_TO_FIELD,Field_4,1,MOVING_TO_FIELD,Field_4,1,PROTECTING,Field_4,1,MOVING_TO_FIELD,Field_8,1,MOVING_TO_FIELD,Field_20,1,MOVING_TO_FIELD,Field_20,1,PROTECTING,Field_7,1,PROTECTING,Field_7,1,MOVING_TO_FIELD,Field_4,1,MOVING_TO_FIELD,Field_4,1,MOVING_TO_FIELD,Field_20,1,MOVING_TO_FIELD,Field_7,1,MOVING_TO_FIELD,Field_4,1,MOVING_TO_FIELD,Field_5,1,MOVING_TO_FIELD,Field_20,1,MOVING_TO_FIELD,Field_4,1,PROTECTING,Field_5,1,MOVING_TO_FIELD,Field_20,1,MOVING_TO_FIELD,Field_1,1,MOVING_TO_FIELD,Field_20,1,MOVING_TO_FIELD,Field_20,1,MOVING_TO_FIELD,Field_4,1,MOVING_TO_FIELD,Field_7,1,PROTECTING,Field_5,1,MOVING_TO_FIELD,Field_5,1,MOVING_TO_FIELD,Field_5,1,MOVING_TO_FIELD,Field_1,1,MOVING_TO_FIELD,Field_5,1,MOVING_TO_FIELD,Field_20,1,MOVING_TO_FIELD,Field_20,1,PROTECTING,Field_6,1,MOVING_TO_FIELD,Field_6,1,MOVING_TO_FIELD,Field_6,1,PROTECTING,Field_6,1,MOVING_TO_FIELD,Field_7,1,MOVING_TO_FIELD,Field_1,1,MOVING_TO_FIELD,Field_8,1,MOVING_TO_FIELD,Field_1,12,0.16,0,4,4,6,0.18,0,0,2,0,0.13,0,0,4,9,0.26,3,7,1,13,0.17,2,4,0,10,0.23,2,2,2,3,0.31,2,3,1,10,0.19,0,2,2,0,0.13,0,0,3,13,0.27,0,0,6,8,0.24,0,0,4,14,0.12,0,0,1,2,0.09,0,0,2,15,0.38,0,0,6,7,0.29,0,0,6,4,0.07,0,0,2,20,0.23,0,0,2,28,0.19,0,0,1,0,0.05,0,0,2,3,0.22,0,9,3
43,184,0,0,10,0,30,0,1,PROTECTING,Field_4,1,PROTECTING,Field_4,1,MOVING_TO_FIELD,Field_4,1,MOVING_TO_FIELD,Field_4,1,PROTECTING,Field_4,1,MOVING_TO_FIELD,Field_8,1,MOVING_TO_FIELD,Field_20,1,MOVING_TO_FIELD,Field_20,1,PROTECTING,Field_7,1,PROTECTING,Field_7,1,MOVING_TO_FIELD,Field_4,1,MOVING_TO_FIELD,Field_4,1,MOVING_TO_FIELD,Field_20,1,MOVING_TO_FIELD,Field_7,1,MOVING_TO_FIELD,Field_4,1,MOVING_TO_FIELD,Field_5,1,MOVING_TO_FIELD,Field_20,1,MOVING_TO_FIELD,Field_4,1,PROTECTING,Field_5,1,MOVING_TO_FIELD,Field_20,1,MOVING_TO_FIELD,Field_1,1,MOVING_TO_FIELD,Field_20,1,MOVING_TO_FIELD,Field_20,1,MOVING_TO_FIELD,Field_4,1,MOVING_TO_FIELD,Field_7,1,PROTECTING,Field_5,1,MOVING_TO_FIELD,Field_5,1,PROTECTING,Field_5,1,MOVING_TO_FIELD,Field_1,1,MOVING_TO_FIELD,Field_5,1,MOVING_TO_FIELD,Field_20,1,MOVING_TO_FIELD,Field_20,1,PROTECTING,Field_6,1,MOVING_TO_FIELD,Field_6,1,MOVING_TO_FIELD,Field_6,1,PROTECTING,Field_6,1,MOVING_TO_FIELD,Field_7,1,MOVING_TO_FIELD,Field_1,1,MOVING_TO_FIELD,Field_8,1,MOVING_TO_FIELD,Field_1,12,0.16,0,4,4,6,0.18,0,0,2,0,0.13,0,0,4,10,0.26,3,7,1,13,0.16,3,3,-1,12,0.23,2,2,2,3,0.31,2,3,1,11,0.19,0,2,2,0,0.13,0,0,3,14,0.27,0,0,6,10,0.22,0,0,4,14,0.12,0,0,1,2,0.09,0,0,2,15,0.37,0,0,6,7,0.29,0,0,6,4,0.07,0,0,2,20,0.23,0,0,2,28,0.17,0,0,1,0,0.05,0,0,2,3,0.20,0,9,3
44,190,0,0,11,0,29,0,1,PROTECTING,Field_4,1,PROTECTING,Field_4,1,MOVING_TO_FIELD,Field_4,1,MOVING_TO_FIELD,Field_4,1,PROTECTING,Field_4,1,MOVING_TO_FIELD,Field_8,1,MOVING_TO_FIELD,Field_20,1,MOVING_TO_FIELD,Field_20,1,PROTECTING,Field_7,1,PROTECTING,Field_7,1,MOVING_TO_FIELD,Field_4,1,MOVING_TO_FIELD,Field_4,1,MOVING_TO_FIELD,Field_20,1,PROTECTING,Field_7,1,MOVING_TO_FIELD,Field_4,1,MOVING_TO_FIELD,Field_5,1,MOVING_TO_FIELD,Field_20,1,MOVING_TO_FIELD,Field_4,1,PROTECTING,Field_5,1,MOVING_TO_FIELD,Field_20,1,MOVING_TO_FIELD,Field_1,1,MOVING_TO_FIELD,Field_20,1,MOVING_TO_FIELD,Field_20,1,MOVING_TO_FIELD,Field_4,1,MOVING_TO_FIELD,Field_7,1,PROTECTING,Field_5,1,MOVING_TO_FIELD,Field_5,1,PROTECTING,Field_5,1,MOVING_TO_FIELD,Field_1,1,MOVING_TO_FIELD,Field_5,1,MOVING_TO_FIELD,Field_20,1,MOVING_TO_FIELD,Field_20,1,PROTECTING,Field_6,1,MOVING_TO_FIELD,Field_6,1,MOVING_TO_FIELD,Field_6,1,PROTECTING,Field_6,1,MOVING_TO_FIELD,Field_7,1,MOVING_TO_FIELD,Field_1,1,MOVING_TO_FIELD,Field_8,1,MOVING_TO_FIELD,Field_1,12,0.15,0,4,4,6,0.18,0,0,2,0,0.13,0,0,4,10,0.23,3,7,1,14,0.16,3,3,-1,13,0.24,2,2,2,3,0.28,3,2,0,12,0.17,0,2,2,0,0.12,0,0,3,15,0.26,0,0,6,10,0.22,0,0,4,14,0.12,0,0,1,2,0.09,0,0,2,15,0.37,0,0,6,8,0.29,0,0,6,4,0.07,0,0,2,20,0.25,0,0,2,28,0.19,0,0,1,0,0.05,0,0,2,4,0.20,0,9,3
45,200,0,0,12,0,28,0,1,PROTECTING,Field_4,1,PROTECTING,Field_4,1,PROTECTING,Field_4,1,MOVING_TO_FIELD,Field_4,1,PROTECTING,Field_4,1,MOVING_TO_FIELD,Field_8,1,MOVING_TO_FIELD,Field_20,1,MOVING_TO_FIELD,Field_20,1,PROTECTING,Field_7,1,PROTECTING,Field_7,1,MOVING_TO_FIELD,Field_4,1,MOVING_TO_FIELD,Field_4,1,MOVING_TO_FIELD,Field_20,1,PROTECTING,Field_7,1,MOVING_TO_FIELD,Field_4,1,MOVING_TO_FIELD,Field_5,1,MOVING_TO_FIELD,Field_20,1,MOVING_TO_FIELD,Field_4,1,PROTECTING,Field_5,1,MOVING_TO_FIELD,Field_20,1,MOVING_TO_FIELD,Field_1,1,MOVING_TO_FIELD,Field_20,1,MOVING_TO_FIELD,Field_20,1,MOVING_TO_FIELD,Field_4,1,MOVING_TO_FIELD,Field_7,1,PROTECTING,Field_5,1,MOVING_TO_FIELD,Field_5,1,PROTECTING,Field_5,1,MOVING_TO_FIELD,Field_1,1,MOVING_TO_FIELD,Field_5,1,MOVING_TO_FIELD,Field_20,1,MOVING_TO_FIELD,Field_20,1,PROTECTING,Field_6,1,MOVING_TO_FIELD,Field_6,1,MOVING_TO_FIELD,Field_6,1,PROTECTING,Field_6,1,MOVING_TO_FIELD,Field_7,1,MOVING_TO_FIELD,Field_1,1,MOVING_TO_FIELD,Field_8,1,MOVING_TO_FIELD,Field_1,13,0.15,0,4,4,6,0.18,0,0,2,0,0.13,0,0,4,10,0.23,4,6,0,14,0.16,3,3,-1,13,0.24,2,2,2,3,0.26,3,2,0,13,0.17,0,2,2,0,0.11,0,0,3,16,0.25,0,0,6,11,0.22,0,0,4,14,0.12,0,0,1,2,0.09,0,0,2,16,0.37,0,0,6,12,0.29,0,0,6,4,0.07,0,0,2,20,0.25,0,0,2,29,0.19,0,0,1,0,0.03,0,0,2,4,0.20,0,9,3
46,207,0,0,12,0,28,0,1,PROTECTING,Field_4,1,PROTECTING,Field_4,1,PROTECTING,Field_4,1,MOVING_TO_FIELD,Field_4,1,PROTECTING,Field_4,1,MOVING_TO_FIELD,Field_8,1,MOVING_TO_FIELD,Field_20,1,MOVING_TO_FIELD,Field_20,1,PROTECTING,Field_7,1,PROTECTING,Field_7,1,MOVING_TO_FIELD,Field_4,1,MOVING_TO_FIELD,Field_4,1,MOVING_TO_FIELD,Field_20,1,PROTECTING,Field_7,1,MOVING_TO_FIELD,Field_4,1,MOVING_TO_FIELD,Field_5,1,MOVING_TO_FIELD,Field_20,1,MOVING_TO_FIELD,Field_4,1,PROTECTING,Field_5,1,MOVING_TO_FIELD,Field_20,1,MOVING_TO_FIELD,Field_1,1,MOVING_TO_FIELD,Field_20,1,MOVING_TO_FIELD,Field_20,1,MOVING_TO_FIELD,Field_4,1,MOVING_TO_FIELD,Field_7,1,PROTECTING,Field_5,1,MOVING_TO_FIELD,Field_5,1,PROTECTING,Field_5,1,MOVING_TO_FIELD,Field_1,1,MOVING_TO_FIELD,Field_5,1,MOVING_TO_FIELD,Field_20,1,MOVING_TO_FIELD,Field_20,1,PROTECTING,Field_6,1,MOVING_TO_FIELD,Field_6,1,MOVING_TO_FIELD,Field_6,1,PROTECTING,Field_6,1,MOVING_TO_FIELD,Field_7,1,MOVING_TO_FIELD,Field_1,1,MOVING_TO_FIELD,Field_8,1,MOVING_TO_FIELD,Field_1,13,0.15,0,4,4,7,0.18,0,0,2,0,0.13,0,0,4,10,0.22,4,6,0,14,0.17,3,3,-1,13,0.24,2,2,2,3,0.25,3,2,0,13,0.17,0,2,2,0,0.10,0,0,3,17,0.22,0,0,6,12,0.24,0,0,4,15,0.09,0,0,1,2,0.07,0,0,2,18,0.34,0,0,6,13,0.29,0,0,6,4,0.05,0,0,2,20,0.23,0,0,2,29,0.19,0,0,1,0,0.02,0,0,2,4,0.20,0,9,3
47,214,0,0,12,0,28,0,1,PROTECTING,Field_4,1,PROTECTING,Field_4,1,PROTECTING,Field_4,1,MOVING_TO_FIELD,Field_4,1,PROTECTING,Field_4,1,MOVING_TO_FIELD,Field_8,1,MOVING_TO_FIELD,Field_20,1,MOVING_TO_FIELD,Field_20,1,PROTECTING,Field_7,1,PROTECTING,Field_7,1,MOVING_TO_FIELD,Field_4,1,MOVING_TO_FIELD,Field_4,1,MOVING_TO_FIELD,Field_20,1,PROTECTING,Field_7,1,MOVING_TO_FIELD,Field_4,1,MOVING_TO_FIELD,Field_5,1,MOVING_TO_FIELD,Field_20,1,MOVING_TO_FIELD,Field_4,1,PROTECTING,Field_5,1,MOVING_TO_FIELD,Field_20,1,MOVING_TO_FIELD,Field_1,1,MOVING_TO_FIELD,Field_20,1,MOVING_TO_FIELD,Field_20,1,MOVING_TO_FIELD,Field_4,1,MOVING_TO_FIELD,Field_7,1,PROTECTING,Field_5,1,MOVING_TO_FIELD,Field_5,1,PROTECTING,Field_5,1,MOVING_TO_FIELD,Field_1,1,MOVING_TO_FIELD,Field_5,1,MOVING_TO_FIELD,Field_20,1,MOVING_TO_FIELD,Field_20,1,PROTECTING,Field_6,1,MOVING_TO_FIELD,Field_6,1,MOVING_TO_FIELD,Field_6,1,PROTECTING,Field_6,1,MOVING_TO_FIELD,Field_7,1,MOVING_TO_FIELD,Field_1,1,MOVING_TO_FIELD,Field_8,1,MOVING_TO_FIELD,Field_1,14,0.15,0,4,4,8,0.18,0,0,2,0,0.13,0,0,4,10,0.21,4,6,0,14,0.15,3,3,-1,13,0.23,2,2,2,3,0.24,3,2,0,13,0.17,0,2,2,0,0.09,0,0,3,18,0.22,0,0,6,12,0.22,0,0,4,15,0.06,0,0,1,2,0.09,0,0,2,19,0.32,0,0,6,14,0.29,0,0,6,4,0.07,0,0,2,20,0.21,0,0,2,31,0.17,0,0,1,0,0.02,0,0,2,4,0.20,0,9,3
48,218,0,0,13,0,27,0,1,PROTECTING,Field_4,1,PROTECTING,Field_4,1,PROTECTING,Field_4,1,MOVING_TO_FIELD,Field_4,1,PROTECTING,Field_4,1,MOVING_TO_FIELD,Field_8,1,MOVING_TO_FIELD,Field_20,1,MOVING_TO_FIELD,Field_20,1,PROTECTING,Field_7,1,PROTECTING,Field_7,1,MOVING_TO_FIELD,Field_4,1,MOVING_TO_FIELD,Field_4,1,MOVING_TO_FIELD,Field_20,1,PROTECTING,Field_7,1,MOVING_TO_FIELD,Field_4,1,PROTECTING,Field_5,1,MOVING_TO_FIELD,Field_20,1,MOVING_TO_FIELD,Field_4,1,PROTECTING,Field_5,1,MOVING_TO_FIELD,Field_20,1,MOVING_TO_FIELD,Field_1,1,MOVING_TO_FIELD,Field_20,1,MOVING_TO_FIELD,Field_20,1,MOVING_TO_FIELD,Field_4,1,MOVING_TO_FIELD,Field_7,1,PROTECTING,Field_5,1,MOVING_TO_FIELD,Field_5,1,PROTECTING,Field_5,1,MOVING_TO_FIELD,Field_1,1,MOVING_TO_FIELD,Field_5,1,MOVING_TO_FIELD,Field_20,1,MOVING_TO_FIELD,Field_20,1,PROTECTING,Field_6,1,MOVING_TO_FIELD,Field_6,1,MOVING_TO_FIELD,Field_6,1,PROTECTING,Field_6,1,MOVING_TO_FIELD,Field_7,1,MOVING_TO_FIELD,Field_1,1,MOVING_TO_FIELD,Field_8,1,MOVING_TO_FIELD,Field_1,14,0.15,0,4,4,8,0.18,0,0,2,0,0.14,0,0,4,11,0.20,4,6,0,14,0.15,4,2,-2,13,0.23,2,2,2,3,0.22,3,2,0,13,0.19,0,2,2,0,0.08,0,0,3,19,0.23,0,0,6,12,0.21,0,0,4,15,0.06,0,0,1,2,0.09,0,0,2,20,0.31,0,0,6,15,0.29,0,0,6,4,0.09,0,0,2,20,0.18,0,0,2,31,0.19,0,0,1,0,0.02,0,0,2,4,0.22,0,9,3
49,224,0,0,15,0,25,0,1,PROTECTING,Field_4,1,PROTECTING,Field_4,1,PROTECTING,Field_4,1,MOVING_TO_FIELD,Field_4,1,PROTECTING,Field_4,1,MOVING_TO_FIELD,Field_8,1,PROTECTING,Field_20,1,MOVING_TO_FIELD,Field_20,1,PROTECTING,Field_7,1,PROTECTING,Field_7,1,MOVING_TO_FIELD,Field_4,1,MOVING_TO_FIELD,Field_4,1,MOVING_TO_FIELD,Field_20,1,PROTECTING,Field_7,1,MOVING_TO_FIELD,Field_4,1,PROTECTING,Field_5,1,MOVING_TO_FIELD,Field_20,1,MOVING_TO_FIELD,Field_4,1,PROTECTING,Field_5,1,MOVING_TO_FIELD,Field_20,1,MOVING_TO_FIELD,Field_1,1,MOVING_TO_FIELD,Field_20,1,MOVING_TO_FIELD,Field_20,1,MOVING_TO_FIELD,Field_4,1,MOVING_TO_FIELD,Field_7,1,PROTECTING,Field_5,1,MOVING_TO_FIELD,Field_5,1,PROTECTING,Field_5,1,MOVING_TO_FIELD,Field_1,1,MOVING_TO_FIELD,Field_5,1,MOVING_TO_FIELD,Field_20,1,MOVING_TO_FIELD,Field_20,1,PROTECTING,Field_6,1,MOVING_TO_FIELD,Field_6,1,PROTECTING,Field_6,1,PROTECTING,Field_6,1,MOVING_TO_FIELD,Field_7,1,MOVING_TO_FIELD,Field_1,1,MOVING_TO_FIELD,Field_8,1,MOVING_TO_FIELD,Field_1,15,0.14,0,4,4,9,0.18,0,0,2,0,0.14,0,0,4,11,0.20,4,6,0,14,0.14,4,2,-2,13,0.23,3,1,1,3,0.21,3,2,0,13,0.19,0,2,2,0,0.07,0,0,3,20,0.23,0,0,6,13,0.21,0,0,4,15,0.06,0,0,1,2,0.09,0,0,2,20,0.30,0,0,6,16,0.28,0,0,6,4,0.10,0,0,2,20,0.18,0,0,2,32,0.19,0,0,1,0,0.02,0,0,2,4,0.20,1,8,2
50,232,0,0,15,0,25,0,1,PROTECTING,Field_4,1,PROTECTING,Field_4,1,PROTECTING,Field_4,1,MOVING_TO_FIELD,Field_4,1,PROTECTING,Field_4,1,MOVING_TO_FIELD,Field_8,1,PROTECTING,Field_20,1,MOVING_TO_FIELD,Field_20,1,PROTECTING,Field_7,1,PROTECTING,Field_7,1,MOVING_TO_FIELD,Field_4,1,MOVING_TO_FIELD,Field_4,1,MOVING_TO_FIELD,Field_20,1,PROTECTING,Field_7,1,MOVING_TO_FIELD,Field_4,1,PROTECTING,Field_5,1,MOVING_TO_FIELD,Field_20,1,MOVING_TO_FIELD,Field_4,1,PROTECTING,Field_5,1,MOVING_TO_FIELD,Field_20,1,MOVING_TO_FIELD,Field_1,1,MOVING_TO_FIELD,Field_20,1,MOVING_TO_FIELD,Field_20,1,MOVING_TO_FIELD,Field_4,1,MOVING_TO_FIELD,Field_7,1,PROTECTING,Field_5,1,MOVING_TO_FIELD,Field_5,1,PROTECTING,Field_5,1,MOVING_TO_FIELD,Field_1,1,MOVING_TO_FIELD,Field_5,1,MOVING_TO_FIELD,Field_20,1,MOVING_TO_FIELD,Field_20,1,PROTECTING,Field_6,1,MOVING_TO_FIELD,Field_6,1,PROTECTING,Field_6,1,PROTECTING,Field_6,1,MOVING_TO_FIELD,Field_7,1,MOVING_TO_FIELD,Field_1,1,MOVING_TO_FIELD,Field_8,1,MOVING_TO_FIELD,Field_1,16,0.14,0,4,4,12,0.18,0,0,2,0,0.13,0,0,4,13,0.20,4,6,0,14,0.12,4,2,-2,13,0.23,3,1,1,3,0.18,3,2,0,13,0.19,0,2,2,0,0.07,0,0,3,22,0.24,0,0,6,13,0.20,0,0,4,15,0.06,0,0,1,2,0.09,0,0,2,20,0.30,0,0,6,16,0.28,0,0,6,4,0.10,0,0,2,20,0.16,0,0,2,32,0.19,0,0,1,0,0.02,0,0,2,4,0.20,1,8,2
51,235,0,0,15,0,25,0,1,PROTECTING,Field_4,1,PROTECTING,Field_4,1,PROTECTING,Field_4,1,MOVING_TO_FIELD,Field_4,1,PROTECTING,Field_4,1,MOVING_TO_FIELD,Field_8,1,PROTECTING,Field_20,1,MOVING_TO_FIELD,Field_20,1,PROTECTING,Field_7,1,PROTECTING,Field_7,1,MOVING_TO_FIELD,Field_4,1,MOVING_TO_FIELD,Field_4,1,MOVING_TO_FIELD,Field_20,1,PROTECTING,Field_7,1,MOVING_TO_FIELD,Field_4,1,PROTECTING,Field_5,1,MOVING_TO_FIELD,Field_5,1,MOVING_TO_FIELD,Field_4,1,PROTECTING,Field_5,1,MOVING_TO_FIELD,Field_5,1,MOVING_TO_FIELD,Field_1,1,MOVING_TO_FIELD,Field_20,1,MOVING_TO_FIELD,Field_20,1,MOVING_TO_FIELD,Field_4,1,MOVING_TO_FIELD,Field_20,1,PROTECTING,Field_5,1,MOVING_TO_FIELD,Field_5,1,PROTECTING,Field_5,1,MOVING_TO_FIELD,Field_1,1,MOVING_TO_FIELD,Field_5,1,MOVING_TO_FIELD,Field_20,1,MOVING_TO_FIELD,Field_20,1,PROTECTING,Field_6,1,MOVING_TO_FIELD,Field_6,1,PROTECTING,Field_6,1,PROTECTING,Field_6,1,MOVING_TO_FIELD,Field_20,1,MOVING_TO_FIELD,Field_1,1,MOVING_TO_FIELD,Field_8,1,MOVING_TO_FIELD,Field_1,17,0.14,0,4,4,13,0.16,0,0,2,0,0.13,0,0,4,13,0.20,4,6,0,14,0.12,4,4,-2,13,0.23,3,1,1,3,0.16,3,0,0,14,0.19,0,2,2,0,0.07,0,0,3,22,0.24,0,0,6,13,0.18,0,0,4,15,0.03,0,0,1,2,0.09,0,0,2,20,0.30,0,0,6,16,0.27,0,0,6,4,0.10,0,0,2,20,0.16,0,0,2,32,0.19,0,0,1,0,0.02,0,0,2,4,0.22,1,8,2
52,240,0,0,15,0,25,0,1,PROTECTING,Field_4,1,PROTECTING,Field_4,1,PROTECTING,Field_4,1,MOVING_TO_FIELD,Field_4,1,PROTECTING,Field_4,1,MOVING_TO_FIELD,Field_8,1,PROTECTING,Field_20,1,MOVING_TO_FIELD,Field_20,1,PROTECTING,Field_7,1,PROTECTING,Field_7,1,MOVING_TO_FIELD,Field_4,1,MOVING_TO_FIELD,Field_4,1,MOVING_TO_FIELD,Field_20,1,PROTECTING,Field_7,1,MOVING_TO_FIELD,Field_4,1,PROTECTING,Field_5,1,MOVING_TO_FIELD,Field_5,1,MOVING_TO_FIELD,Field_4,1,PROTECTING,Field_5,1,MOVING_TO_FIELD,Field_5,1,MOVING_TO_FIELD,Field_1,1,MOVING_TO_FIELD,Field_20,1,MOVING_TO_FIELD,Field_20,1,MOVING_TO_FIELD,Field_4,1,MOVING_TO_FIELD,Field_20,1,PROTECTING,Field_5,1,MOVING_TO_FIELD,Field_5,1,PROTECTING,Field_5,1,MOVING_TO_FIELD,Field_1,1,MOVING_TO_FIELD,Field_5,1,MOVING_TO_FIELD,Field_20,1,MOVING_TO_FIELD,Field_20,1,PROTECTING,Field_6,1,MOVING_TO_FIELD,Field_6,1,PROTECTING,Field_6,1,PROTECTING,Field_6,1,MOVING_TO_FIELD,Field_20,1,MOVING_TO_FIELD,Field_1,1,MOVING_TO_FIELD,Field_8,1,MOVING_TO_FIELD,Field_1,18,0.15,0,4,4,13,0.18,0,0,2,0,0.13,0,0,4,13,0.19,4,6,0,14,0.12,4,4,-2,14,0.23,3,1,1,3,0.14,3,0,0,14,0.19,0,2,2,0,0.07,0,0,3,22,0.24,0,0,6,13,0.18,0,0,4,15,0.03,0,0,1,2,0.09,0,0,2,20,0.30,0,0,6,19,0.27,0,0,6,4,0.09,0,0,2,20,0.15,0,0,2,32,0.20,0,0,1,0,0.02,0,0,2,4,0.22,1,8,2
53,241,0,0,16,0,24,0,1,PROTECTING,Field_4,1,PROTECTING,Field_4,1,PROTECTING,Field_4,1,MOVING_TO_FIELD,Field_4,1,PROTECTING,Field_4,1,MOVING_TO_FIELD,Field_8,1,PROTECTING,Field_20,1,MOVING_TO_FIELD,Field_20,1,PROTECTING,Field_7,1,PROTECTING,Field_7,1,MOVING_TO_FIELD,Field_4,1,MOVING_TO_FIELD,Field_4,1,MOVING_TO_FIELD,Field_20,1,PROTECTING,Field_7,1,MOVING_TO_FIELD,Field_4,1,PROTECTING,Field_5,1,MOVING_TO_FIELD,Field_5,1,MOVING_TO_FIELD,Field_4,1,PROTECTING,Field_5,1,MOVING_TO_FIELD,Field_5,1,MOVING_TO_FIELD,Field_1,1,MOVING_TO_FIELD,Field_20,1,MOVING_TO_FIELD,Field_20,1,MOVING_TO_FIELD,Field_4,1,MOVING_TO_FIELD,Field_20,1,PROTECTING,Field_5,1,MOVING_TO_FIELD,Field_5,1,PROTECTING,Field_5,1,PROTECTING,Field_1,1,MOVING_TO_FIELD,Field_5,1,MOVING_TO_FIELD,Field_20,1,MOVING_TO_FIELD,Field_20,1,PROTECTING,Field_6,1,MOVING_TO_FIELD,Field_6,1,PROTECTING,Field_6,1,PROTECTING,Field_6,1,MOVING_TO_FIELD,Field_20,1,MOVING_TO_FIELD,Field_1,1,MOVING_TO_FIELD,Field_8,1,MOVING_TO_FIELD,Field_1,18,0.14,1,3,3,14,0.18,0,0,2,0,0.13,0,0,4,13,0.18,4,6,0,14,0.12,4,4,-2,14,0.23,3,1,1,3,0.14,3,0,0,14,0.19,0,2,2,0,0.09,0,0,3,22,0.26,0,0,6,13,0.18,0,0,4,15,0.03,0,0,1,2,0.09,0,0,2,20,0.25,0,0,6,19,0.28,0,0,6,4,0.10,0,0,2,20,0.11,0,0,2,32,0.19,0,0,1,0,0.02,0,0,2,4,0.22,1,8,2
54,247,0,0,16,0,24,0,1,PROTECTING,Field_4,1,PROTECTING,Field_4,1,PROTECTING,Field_4,1,MOVING_TO_FIELD,Field_4,1,PROTECTING,Field_4,1,MOVING_TO_FIELD,Field_8,1,PROTECTING,Field_20,1,MOVING_TO_FIELD,Field_20,1,PROTECTING,Field_7,1,PROTECTING,Field_7,1,MOVING_TO_FIELD,Field_4,1,MOVING_TO_FIELD,Field_4,1,MOVING_TO_FIELD,Field_20,1,PROTECTING,Field_7,1,MOVING_TO_FIELD,Field_4,1,PROTECTING,Field_5,1,MOVING_TO_FIELD,Field_5,1,MOVING_TO_FIELD,Field_4,1,PROTECTING,Field_5,1,MOVING_TO_FIELD,Field_5,1,MOVING_TO_FIELD,Field_1,1,MOVING_TO_FIELD,Field_20,1,MOVING_TO_FIELD,Field_20,1,MOVING_TO_FIELD,Field_4,1,MOVING_TO_FIELD,Field_20,1,PROTECTING,Field_5,1,MOVING_TO_FIELD,Field_5,1,PROTECTING,Field_5,1,PROTECTING,Field_1,1,MOVING_TO_FIELD,Field_5,1,MOVING_TO_FIELD,Field_20,1,MOVING_TO_FIELD,Field_20,1,PROTECTING,Field_6,1,MOVING_TO_FIELD,Field_6,1,PROTECTING,Field_6,1,PROTECTING,Field_6,1,MOVING_TO_FIELD,Field_20,1,MOVING_TO_FIELD,Field_1,1,MOVING_TO_FIELD,Field_8,1,MOVING_TO_FIELD,Field_1,19,0.14,1,3,3,14,0.18,0,0,2,0,0.12,0,0,4,13,0.19,4,6,0,14,0.09,4,4,-2,17,0.22,3,1,1,3,0.13,3,0,0,14,0.19,0,2,2,0,0.09,0,0,3,22,0.26,0,0,6,13,0.18,0,0,4,15,0.03,0,0,1,2,0.07,0,0,2,20,0.23,0,0,6,21,0.28,0,0,6,4,0.10,0,0,2,20,0.11,0,0,2,32,0.19,0,0,1,0,0.00,0,0,2,4,0.22,1,8,2
55,254,0,0,17,0,23,0,1,PROTECTING,Field_4,1,PROTECTING,Field_4,1,PROTECTING,Field_4,1,MOVING_TO_FIELD,Field_4,1,PROTECTING,Field_4,1,MOVING_TO_FIELD,Field_8,1,PROTECTING,Field_20,1,MOVING_TO_FIELD,Field_20,1,PROTECTING,Field_7,1,PROTECTING,Field_7,1,MOVING_TO_FIELD,Field_4,1,MOVING_TO_FIELD,Field_4,1,MOVING_TO_FIELD,Field_20,1,PROTECTING,Field_7,1,MOVING_TO_FIELD,Field_4,1,PROTECTING,Field_5,1,MOVING_TO_FIELD,Field_5,1,MOVING_TO_FIELD,Field_4,1,PROTECTING,Field_5,1,MOVING_TO_FIELD,Field_5,1,MOVING_TO_FIELD,Field_1,1,MOVING_TO_FIELD,Field_20,1,MOVING_TO_FIELD,Field_20,1,MOVING_TO_FIELD,Field_4,1,MOVING_TO_FIELD,Field_20,1,PROTECTING,Field_5,1,PROTECTING,Field_5,1,PROTECTING,Field_5,1,PROTECTING,Field_1,1,MOVING_TO_FIELD,Field_5,1,MOVING_TO_FIELD,Field_20,1,MOVING_TO_FIELD,Field_20,1,PROTECTING,Field_6,1,MOVING_TO_FIELD,Field_6,1,PROTECTING,Field_6,1,PROTECTING,Field_6,1,MOVING_TO_FIELD,Field_20,1,MOVING_TO_FIELD,Field_1,1,MOVING_TO_FIELD,Field_8,1,MOVING_TO_FIELD,Field_1,20,0.14,1,3,3,14,0.16,0,0,2,0,0.09,0,0,4,13,0.18,4,6,0,14,0.09,5,3,-3,18,0.22,3,1,1,3,0.10,3,0,0,15,0.20,0,2,2,0,0.10,0,0,3,22,0.25,0,0,6,13,0.18,0,0,4,15,0.03,0,0,1,2,0.07,0,0,2,21,0.23,0,0,6,22,0.28,0,0,6,4,0.10,0,0,2,20,0.13,0,0,2,33,0.15,0,0,1,0,0.00,0,0,2,5,0.22,1,8,2
56,256,0,0,17,0,23,0,1,PROTECTING,Field_4,1,PROTECTING,Field_4,1,PROTECTING,Field_4,1,MOVING_TO_FIELD,Field_4,1,PROTECTING,Field_4,1,MOVING_TO_FIELD,Field_8,1,PROTECTING,Field_20,1,MOVING_TO_FIELD,Field_20,1,PROTECTING,Field_7,1,PROTECTING,Field_7,1,MOVING_TO_FIELD,Field_4,1,MOVING_TO_FIELD,Field_4,1,MOVING_TO_FIELD,Field_20,1,PROTECTING,Field_7,1,MOVING_TO_FIELD,Field_4,1,PROTECTING,Field_5,1,MOVING_TO_FIELD,Field_5,1,MOVING_TO_FIELD,Field_4,1,PROTECTING,Field_5,1,MOVING_TO_FIELD,Field_5,1,MOVING_TO_FIELD,Field_1,1,MOVING_TO_FIELD,Field_20,1,MOVING_TO_FIELD,Field_20,1,MOVING_TO_FIELD,Field_4,1,MOVING_TO_FIELD,Field_20,1,PROTECTING,Field_5,1,PROTECTING,Field_5,1,PROTECTING,Field_5,1,PROTECTING,Field_1,1,MOVING_TO_FIELD,Field_5,1,MOVING_TO_FIELD,Field_20,1,MOVING_TO_FIELD,Field_20,1,PROTECTING,Field_6,1,MOVING_TO_FIELD,Field_6,1,PROTECTING,Field_6,1,PROTECTING,Field_6,1,MOVING_TO_FIELD,Field_20,1,MOVING_TO_FIELD,Field_1,1,MOVING_TO_FIELD,Field_8,1,MOVING_TO_FIELD,Field_1,20,0.14,1,3,3,14,0.16,0,0,2,0,0.08,0,0,4,13,0.18,4,6,0,14,0.09,5,3,-3,18,0.23,3,1,1,3,0.09,3,0,0,15,0.21,0,2,2,0,0.10,0,0,3,23,0.24,0,0,6,13,0.20,0,0,4,15,0.03,0,0,1,2,0.07,0,0,2,21,0.20,0,0,6,23,0.27,0,0,6,4,0.09,0,0,2,20,0.13,0,0,2,33,0.13,0,0,1,0,0.00,0,0,2,5,0.22,1,8,2
57,260,0,0,19,0,21,0,1,PROTECTING,Field_4,1,PROTECTING,Field_4,1,PROTECTING,Field_4,1,MOVING_TO_FIELD,Field_4,1,PROTECTING,Field_4,1,MOVING_TO_FIELD,Field_8,1,PROTECTING,Field_20,1,MOVING_TO_FIELD,Field_20,1,PROTECTING,Field_7,1,PROTECTING,Field_7,1,MOVING_TO_FIELD,Field_4,1,PROTECTING,Field_4,1,MOVING_TO_FIELD,Field_20,1,PROTECTING,Field_7,1,MOVING_TO_FIELD,Field_4,1,PROTECTING,Field_5,1,MOVING_TO_FIELD,Field_5,1,MOVING_TO_FIELD,Field_4,1,PROTECTING,Field_5,1,MOVING_TO_FIELD,Field_5,1,MOVING_TO_FIELD,Field_1,1,MOVING_TO_FIELD,Field_20,1,MOVING_TO_FIELD,Field_20,1,MOVING_TO_FIELD,Field_4,1,MOVING_TO_FIELD,Field_20,1,PROTECTING,Field_5,1,PROTECTING,Field_5,1,PROTECTING,Field_5,1,PROTECTING,Field_1,1,MOVING_TO_FIELD,Field_5,1,MOVING_TO_FIELD,Field_20,1,MOVING_TO_FIELD,Field_20,1,PROTECTING,Field_6,1,MOVING_TO_FIELD,Field_6,1,PROTECTING,Field_6,1,PROTECTING,Field_6,1,MOVING_TO_FIELD,Field_20,1,MOVING_TO_FIELD,Field_1,1,PROTECTING,Field_8,1,MOVING_TO_FIELD,Field_1,20,0.14,1,3,3,14,0.14,0,0,2,0,0.08,0,0,4,13,0.16,5,5,-1,14,0.09,5,3,-3,19,0.23,3,1,1,3,0.07,3,0,0,15,0.21,1,1,1,0,0.11,0,0,3,23,0.25,0,0,6,13,0.21,0,0,4,15,0.03,0,0,1,2,0.07,0,0,2,21,0.18,0,0,6,24,0.26,0,0,6,5,0.07,0,0,2,20,0.13,0,0,2,34,0.11,0,0,1,0,0.00,0,0,2,5,0.24,1,8,2
58,266,0,0,19,0,21,0,1,PROTECTING,Field_4,1,PROTECTING,Field_4,1,PROTECTING,Field_4,1,MOVING_TO_FIELD,Field_4,1,PROTECTING,Field_4,1,MOVING_TO_FIELD,Field_8,1,PROTECTING,Field_20,1,MOVING_TO_FIELD,Field_20,1,PROTECTING,Field_7,1,PROTECTING,Field_7,1,MOVING_TO_FIELD,Field_4,1,PROTECTING,Field_4,1,MOVING_TO_FIELD,Field_20,1,PROTECTING,Field_7,1,MOVING_TO_FIELD,Field_4,1,PROTECTING,Field_5,1,MOVING_TO_FIELD,Field_5,1,MOVING_TO_FIELD,Field_4,1,PROTECTING,Field_5,1,MOVING_TO_FIELD,Field_5,1,MOVING_TO_FIELD,Field_1,1,MOVING_TO_FIELD,Field_20,1,MOVING_TO_FIELD,Field_20,1,MOVING_TO_FIELD,Field_4,1,MOVING_TO_FIELD,Field_20,1,PROTECTING,Field_5,1,PROTECTING,Field_5,1,PROTECTING,Field_5,1,PROTECTING,Field_1,1,MOVING_TO_FIELD,Field_5,1,MOVING_TO_FIELD,Field_20,1,MOVING_TO_FIELD,Field_20,1,PROTECTING,Field_6,1,MOVING_TO_FIELD,Field_6,1,PROTECTING,Field_6,1,PROTECTING,Field_6,1,MOVING_TO_FIELD,Field_20,1,MOVING_TO_FIELD,Field_1,1,PROTECTING,Field_8,1,MOVING_TO_FIELD,Field_1,20,0.14,1,3,3,14,0.14,0,0,2,0,0.09,0,0,4,13,0.14,5,5,-1,14,0.09,5,3,-3,20,0.24,3,1,1,3,0.07,3,0,0,15,0.24,1,1,1,0,0.11,0,0,3,24,0.25,0,0,6,14,0.24,0,0,4,15,0.06,0,0,1,2,0.07,0,0,2,21,0.18,0,0,6,25,0.25,0,0,6,5,0.07,0,0,2,22,0.11,0,0,2,34,0.11,0,0,1,0,0.00,0,0,2,5,0.24,1,8,2
59,267,0,0,22,0,18,0,1,PROTECTING,Field_4,1,PROTECTING,Field_4,1,PROTECTING,Field_4,1,MOVING_TO_FIELD,Field_4,1,PROTECTING,Field_4,1,PROTECTING,Field_8,1,PROTECTING,Field_20,1,MOVING_TO_FIELD,Field_20,1,PROTECTING,Field_7,1,PROTECTING,Field_7,1,MOVING_TO_FIELD,Field_4,1,PROTECTING,Field_4,1,MOVING_TO_FIELD,Field_20,1,PROTECTING,Field_7,1,MOVING_TO_FIELD,Field_4,1,PROTECTING,Field_5,1,MOVING_TO_FIELD,Field_5,1,MOVING_TO_FIELD,Field_4,1,PROTECTING,Field_5,1,MOVING_TO_FIELD,Field_5,1,MOVING_TO_FIELD,Field_1,1,PROTECTING,Field_20,1,MOVING_TO_FIELD,Field_20,1,MOVING_TO_FIELD,Field_4,1,MOVING_TO_FIELD,Field_20,1,PROTECTING,Field_5,1,PROTECTING,Field_5,1,PROTECTING,Field_5,1,PROTECTING,Field_1,1,PROTECTING,Field_5,1,MOVING_TO_FIELD,Field_20,1,MOVING_TO_FIELD,Field_20,1,PROTECTING,Field_6,1,MOVING_TO_FIELD,Field_6,1,PROTECTING,Field_6,1,PROTECTING,Field_6,1,MOVING_TO_FIELD,Field_20,1,MOVING_TO_FIELD,Field_1,1,PROTECTING,Field_8,1,MOVING_TO_FIELD,Field_1,21,0.14,1,3,3,14,0.13,0,0,2,0,0.08,0,0,4,13,0.14,5,5,-1,14,0.07,6,2,-4,20,0.24,3,1,1,3,0.05,3,0,0,15,0.23,2,0,0,0,0.11,0,0,3,24,0.25,0,0,6,14,0.26,0,0,4,15,0.06,0,0,1,2,0.07,0,0,2,21,0.18,0,0,6,25,0.25,0,0,6,5,0.09,0,0,2,22,0.13,0,0,2,34,0.13,0,0,1,0,0.00,0,0,2,5,0.22,2,7,1
60,268,0,0,23,0,17,0,1,PROTECTING,Field_4,1,PROTECTING,Field_4,1,PROTECTING,Field_4,1,MOVING_TO_FIELD,Field_4,1,PROTECTING,Field_4,1,PROTECTING,Field_8,1,PROTECTING,Field_20,1,MOVING_TO_FIELD,Field_20,1,PROTECTING,Field_7,1,PROTECTING,Field_7,1,MOVING_TO_FIELD,Field_4,1,PROTECTING,Field_4,1,MOVING_TO_FIELD,Field_20,1,PROTECTING,Field_7,1,MOVING_TO_FIELD,Field_4,1,PROTECTING,Field_5,1,MOVING_TO_FIELD,Field_5,1,MOVING_TO_FIELD,Field_4,1,PROTECTING,Field_5,1,MOVING_TO_FIELD,Field_5,1,MOVING_TO_FIELD,Field_1,1,PROTECTING,Field_20,1,MOVING_TO_FIELD,Field_20,1,MOVING_TO_FIELD,Field_4,1,MOVING_TO_FIELD,Field_20,1,PROTECTING,Field_5,1,PROTECTING,Field_5,1,PROTECTING,Field_5,1,PROTECTING,Field_1,1,PROTECTING,Field_5,1,PROTECTING,Field_20,1,MOVING_TO_FIELD,Field_20,1,PROTECTING,Field_6,1,MOVING_TO_FIELD,Field_6,1,PROTECTING,Field_6,1,PROTECTING,Field_6,1,MOVING_TO_FIELD,Field_20,1,MOVING_TO_FIELD,Field_1,1,PROTECTING,Field_8,1,MOVING_TO_FIELD,Field_1,21,0.13,1,3,3,14,0.12,0,0,2,0,0.07,0,0,4,13,0.14,5,5,-1,14,0.07,6,2,-4,20,0.24,3,1,1,3,0.04,3,0,0,15,0.24,2,0,0,0,0.10,0,0,3,24,0.25,0,0,6,14,0.28,0,0,4,15,0.06,0,0,1,2,0.07,0,0,2,21,0.18,0,0,6,26,0.25,0,0,6,5,0.10,0,0,2,22,0.10,0,0,2,34,0.11,0,0,1,0,0.00,0,0,2,5,0.20,3,6,0
61,271,0,0,19,0,21,0,1,PROTECTING,Field_4,1,PROTECTING,Field_4,1,PROTECTING,Field_4,1,MOVING_TO_FIELD,Field_1,1,PROTECTING,Field_4,1,PROTECTING,Field_8,1,PROTECTING,Field_20,1,MOVING_TO_FIELD,Field_5,1,PROTECTING,Field_7,1,PROTECTING,Field_7,1,MOVING_TO_FIELD,Field_1,1,MOVING_TO_FIELD,Field_1,1,MOVING_TO_FIELD,Field_5,1,PROTECTING,Field_7,1,MOVING_TO_FIELD,Field_1,1,PROTECTING,Field_5,1,MOVING_TO_FIELD,Field_20,1,MOVING_TO_FIELD,Field_2,1,PROTECTING,Field_5,1,MOVING_TO_FIELD,Field_20,1,MOVING_TO_FIELD,Field_1,1,PROTECTING,Field_20,1,MOVING_TO_FIELD,Field_5,1,MOVING_TO_FIELD,Field_2,1,MOVING_TO_FIELD,Field_5,1,MOVING_TO_FIELD,Field_20,1,MOVING_TO_FIELD,Field_20,1,MOVING_TO_FIELD,Field_20,1,PROTECTING,Field_1,1,MOVING_TO_FIELD,Field_20,1,PROTECTING,Field_20,1,MOVING_TO_FIELD,Field_5,1,PROTECTING,Field_6,1,MOVING_TO_FIELD,Field_6,1,PROTECTING,Field_6,1,PROTECTING,Field_6,1,PROTECTING,Field_5,1,MOVING_TO_FIELD,Field_1,1,PROTECTING,Field_8,1,MOVING_TO_FIELD,Field_1,21,0.15,1,7,3,14,0.10,0,2,2,0,0.07,0,0,4,13,0.14,4,0,0,14,0.07,3,5,-1,20,0.24,3,1,1,3,0.04,3,0,0,15,0.24,2,0,0,0,0.09,0,0,3,24,0.25,0,0,6,14,0.25,0,0,4,15,0.06,0,0,1,2,0.07,0,0,2,21,0.17,0,0,6,28,0.25,0,0,6,5,0.12,0,0,2,22,0.11,0,0,2,35,0.11,0,0,1,0,0.00,0,0,2,5,0.20,3,6,0
62,275,0,0,19,0,21,0,1,PROTECTING,Field_4,1,PROTECTING,Field_4,1,PROTECTING,Field_4,1,MOVING_TO_FIELD,Field_1,1,PROTECTING,Field_4,1,PROTECTING,Field_8,1,PROTECTING,Field_20,1,MOVING_TO_FIELD,Field_5,1,PROTECTING,Field_7,1,PROTECTING,Field_7,1,MOVING_TO_FIELD,Field_1,1,MOVING_TO_FIELD,Field_1,1,MOVING_TO_FIELD,Field_5,1,PROTECTING,Field_7,1,MOVING_TO_FIELD,Field_1,1,PROTECTING,Field_5,1,MOVING_TO_FIELD,Field_20,1,MOVING_TO_FIELD,Field_2,1,PROTECTING,Field_5,1,MOVING_TO_FIELD,Field_20,1,MOVING_TO_FIELD,Field_1,1,PROTECTING,Field_20,1,MOVING_TO_FIELD,Field_5,1,MOVING_TO_FIELD,Field_2,1,MOVING_TO_FIELD,Field_5,1,MOVING_TO_FIELD,Field_20,1,MOVING_TO_FIELD,Field_20,1,MOVING_TO_FIELD,Field_20,1,PROTECTING,Field_1,1,MOVING_TO_FIELD,Field_20,1,PROTECTING,Field_20,1,MOVING_TO_FIELD,Field_5,1,PROTECTING,Field_6,1,MOVING_TO_FIELD,Field_6,1,PROTECTING,Field_6,1,PROTECTING,Field_6,1,PROTECTING,Field_5,1,MOVING_TO_FIELD,Field_1,1,PROTECTING,Field_8,1,MOVING_TO_FIELD,Field_1,21,0.15,1,7,3,14,0.10,0,2,2,0,0.07,0,0,4,13,0.12,4,0,0,14,0.06,3,5,-1,21,0.24,3,1,1,3,0.03,3,0,0,15,0.24,2,0,0,0,0.09,0,0,3,25,0.24,0,0,6,15,0.25,0,0,4,15,0.06,0,0,1,2,0.07,0,0,2,21,0.15,0,0,6,28,0.25,0,0,6,5,0.12,0,0,2,22,0.10,0,0,2,36,0.11,0,0,1,0,0.00,0,0,2,5,0.20,3,6,0
63,279,0,0,19,0,21,0,1,PROTECTING,Field_4,1,PROTECTING,Field_4,1,PROTECTING,Field_4,1,MOVING_TO_FIELD,Field_1,1,PROTECTING,Field_4,1,PROTECTING,Field_8,1,PROTECTING,Field_20,1,MOVING_TO_FIELD,Field_5,1,PROTECTING,Field_7,1,PROTECTING,Field_7,1,MOVING_TO_FIELD,Field_1,1,MOVING_TO_FIELD,Field_1,1,MOVING_TO_FIELD,Field_5,1,PROTECTING,Field_7,1,MOVING_TO_FIELD,Field_1,1,PROTECTING,Field_5,1,MOVING_TO_FIELD,Field_20,1,MOVING_TO_FIELD,Field_2,1,PROTECTING,Field_5,1,MOVING_TO_FIELD,Field_20,1,MOVING_TO_FIELD,Field_1,1,PROTECTING,Field_20,1,MOVING_TO_FIELD,Field_5,1,MOVING_TO_FIELD,Field_2,1,MOVING_TO_FIELD,Field_5,1,MOVING_TO_FIELD,Field_20,1,MOVING_TO_FIELD,Field_20,1,MOVING_TO_FIELD,Field_20,1,PROTECTING,Field_1,1,MOVING_TO_FIELD,Field_20,1,PROTECTING,Field_20,1,MOVING_TO_FIELD,Field_5,1,PROTECTING,Field_6,1,MOVING_TO_FIELD,Field_6,1,PROTECTING,Field_6,1,PROTECTING,Field_6,1,PROTECTING,Field_5,1,MOVING_TO_FIELD,Field_1,1,PROTECTING,Field_8,1,MOVING_TO_FIELD,Field_1,21,0.16,1,7,3,14,0.10,0,2,2,0,0.07,0,0,4,13,0.12,4,0,0,14,0.06,3,5,-1,22,0.24,3,1,1,3,0.02,3,0,0,15,0.24,2,0,0,0,0.07,0,0,3,26,0.24,0,0,6,15,0.25,0,0,4,15,0.06,0,0,1,2,0.07,0,0,2,21,0.15,0,0,6,30,0.24,0,0,6,5,0.14,0,0,2,22,0.10,0,0,2,36,0.11,0,0,1,0,0.00,0,0,2,5,0.20,3,6,0
64,283,0,0,19,0,21,0,1,PROTECTING,Field_4,1,PROTECTING,Field_4,1,PROTECTING,Field_4,1,MOVING_TO_FIELD,Field_1,1,PROTECTING,Field_4,1,PROTECTING,Field_8,1,PROTECTING,Field_20,1,MOVING_TO_FIELD,Field_5,1,PROTECTING,Field_7,1,PROTECTING,Field_7,1,MOVING_TO_FIELD,Field_1,1,MOVING_TO_FIELD,Field_1,1,MOVING_TO_FIELD,Field_5,1,PROTECTING,Field_7,1,MOVING_TO_FIELD,Field_1,1,PROTECTING,Field_5,1,MOVING_TO_FIELD,Field_20,1,MOVING_TO_FIELD,Field_2,1,PROTECTING,Field_5,1,MOVING_TO_FIELD,Field_20,1,MOVING_TO_FIELD,Field_1,1,PROTECTING,Field_20,1,MOVING_TO_FIELD,Field_5,1,MOVING_TO_FIELD,Field_2,1,MOVING_TO_FIELD,Field_5,1,MOVING_TO_FIELD,Field_20,1,MOVING_TO_FIELD,Field_20,1,MOVING_TO_FIELD,Field_20,1,PROTECTING,Field_1,1,MOVING_TO_FIELD,Field_20,1,PROTECTING,Field_20,1,MOVING_TO_FIELD,Field_5,1,PROTECTING,Field_6,1,MOVING_TO_FIELD,Field_6,1,PROTECTING,Field_6,1,PROTECTING,Field_6,1,PROTECTING,Field_5,1,MOVING_TO_FIELD,Field_1,1,PROTECTING,Field_8,1,MOVING_TO_FIELD,Field_1,21,0.16,1,7,3,14,0.10,0,2,2,0,0.07,0,0,4,13,0.11,4,0,0,14,0.06,3,5,-1,22,0.24,3,1,1,3,0.02,3,0,0,15,0.24,2,0,0,0,0.09,0,0,3,27,0.23,0,0,6,15,0.24,0,0,4,15,0.06,0,0,1,2,0.07,0,0,2,21,0.15,0,0,6,32,0.25,0,0,6,5,0.14,0,0,2,22,0.10,0,0,2,37,0.11,0,0,1,0,0.00,0,0,2,5,0.20,3,6,0
65,283,0,0,20,0,20,0,1,PROTECTING,Field_4,1,PROTECTING,Field_4,1,PROTECTING,Field_4,1,MOVING_TO_FIELD,Field_1,1,PROTECTING,Field_4,1,PROTECTING,Field_8,1,PROTECTING,Field_20,1,MOVING_TO_FIELD,Field_5,1,PROTECTING,Field_7,1,PROTECTING,Field_7,1,MOVING_TO_FIELD,Field_1,1,MOVING_TO_FIELD,Field_1,1,MOVING_TO_FIELD,Field_5,1,PROTECTING,Field_7,1,MOVING_TO_FIELD,Field_1,1,PROTECTING,Field_5,1,MOVING_TO_FIELD,Field_20,1,MOVING_TO_FIELD,Field_2,1,PROTECTING,Field_5,1,MOVING_TO_FIELD,Field_20,1,MOVING_TO_FIELD,Field_1,1,PROTECTING,Field_20,1,MOVING_TO_FIELD,Field_5,1,MOVING_TO_FIELD,Field_2,1,MOVING_TO_FIELD,Field_5,1,MOVING_TO_FIELD,Field_20,1,MOVING_TO_FIELD,Field_20,1,MOVING_TO_FIELD,Field_20,1,PROTECTING,Field_1,1,MOVING_TO_FIELD,Field_20,1,PROTECTING,Field_20,1,MOVING_TO_FIELD,Field_5,1,PROTECTING,Field_6,1,PROTECTING,Field_6,1,PROTECTING,Field_6,1,PROTECTING,Field_6,1,PROTECTING,Field_5,1,MOVING_TO_FIELD,Field_1,1,PROTECTING,Field_8,1,MOVING_TO_FIELD,Field_1,21,0.16,1,7,3,14,0.08,0,2,2,0,0.07,0,0,4,13,0.10,4,0,0,14,0.04,3,5,-1,22,0.24,4,0,0,3,0.02,3,0,0,15,0.23,2,0,0,0,0.09,0,0,3,27,0.23,0,0,6,15,0.22,0,0,4,15,0.06,0,0,1,2,0.07,0,0,2,21,0.15,0,0,6,32,0.24,0,0,6,5,0.15,0,0,2,22,0.11,0,0,2,37,0.11,0,0,1,0,0.00,0,0,2,5,0.20,3,6,0
66,283,0,0,22,0,18,0,1,PROTECTING,Field_4,1,PROTECTING,Field_4,1,PROTECTING,Field_4,1,MOVING_TO_FIELD,Field_1,1,PROTECTING,Field_4,1,PROTECTING,Field_8,1,PROTECTING,Field_20,1,MOVING_TO_FIELD,Field_5,1,PROTECTING,Field_7,1,PROTECTING,Field_7,1,MOVING_TO_FIELD,Field_1,1,MOVING_TO_FIELD,Field_1,1,MOVING_TO_FIELD,Field_5,1,PROTECTING,Field_7,1,MOVING_TO_FIELD,Field_1,1,PROTECTING,Field_5,1,MOVING_TO_FIELD,Field_20,1,MOVING_TO_FIELD,Field_2,1,PROTECTING,Field_5,1,MOVING_TO_FIELD,Field_20,1,MOVING_TO_FIELD,Field_1,1,PROTECTING,Field_20,1,MOVING_TO_FIELD,Field_5,1,MOVING_TO_FIELD,Field_2,1,MOVING_TO_FIELD,Field_5,1,MOVING_TO_FIELD,Field_20,1,MOVING_TO_FIELD,Field_20,1,MOVING_TO_FIELD,Field_20,1,PROTECTING,Field_1,1,MOVING_TO_FIELD,Field_20,1,PROTECTING,Field_20,1,MOVING_TO_FIELD,Field_5,1,PROTECTING,Field_6,1,PROTECTING,Field_6,1,PROTECTING,Field_6,1,PROTECTING,Field_6,1,PROTECTING,Field_5,1,PROTECTING,Field_1,1,PROTECTING,Field_8,1,PROTECTING,Field_1,21,0.16,3,5,1,14,0.08,0,2,2,0,0.05,0,0,4,13,0.09,4,0,0,14,0.02,3,5,-1,22,0.23,4,0,0,3,0.01,3,0,0,15,0.23,2,0,0,0,0.09,0,0,3,27,0.23,0,0,6,15,0.22,0,0,4,15,0.06,0,0,1,2,0.09,0,0,2,21,0.17,0,0,6,32,0.24,0,0,6,5,0.15,0,0,2,22,0.11,0,0,2,37,0.09,0,0,1,0,0.00,0,0,2,5,0.20,3,6,0
67,285,0,0,22,0,18,0,1,PROTECTING,Field_4,1,PROTECTING,Field_4,1,PROTECTING,Field_4,1,MOVING_TO_FIELD,Field_1,1,PROTECTING,Field_4,1,PROTECTING,Field_8,1,PROTECTING,Field_20,1,MOVING_TO_FIELD,Field_5,1,PROTECTING,Field_7,1,PROTECTING,Field_7,1,MOVING_TO_FIELD,Field_1,1,MOVING_TO_FIELD,Field_1,1,MOVING_TO_FIELD,Field_5,1,PROTECTING,Field_7,1,MOVING_TO_FIELD,Field_1,1,PROTECTING,Field_5,1,MOVING_TO_FIELD,Field_20,1,MOVING_TO_FIELD,Field_2,1,PROTECTING,Field_5,1,MOVING_TO_FIELD,Field_20,1,MOVING_TO_FIELD,Field_1,1,PROTECTING,Field_20,1,MOVING_TO_FIELD,Field_5,1,MOVING_TO_FIELD,Field_2,1,MOVING_TO_FIELD,Field_5,1,MOVING_TO_FIELD,Field_20,1,MOVING_TO_FIELD,Field_20,1,MOVING_TO_FIELD,Field_20,1,PROTECTING,Field_1,1,MOVING_TO_FIELD,Field_20,1,PROTECTING,Field_20,1,MOVING_TO_FIELD,Field_5,1,PROTECTING,Field_6,1,PROTECTING,Field_6,1,PROTECTING,Field_6,1,PROTECTING,Field_6,1,PROTECTING,Field_5,1,PROTECTING,Field_1,1,PROTECTING,Field_8,1,PROTECTING,Field_1,21,0.16,3,5,1,14,0.08,0,2,2,0,0.06,0,0,4,13,0.09,4,0,0,14,0.02,3,5,-1,22,0.23,4,0,0,3,0.01,3,0,0,15,0.23,2,0,0,0,0.08,0,0,3,28,0.24,0,0,6,16,0.22,0,0,4,15,0.06,0,0,1,2,0.07,0,0,2,21,0.15,0,0,6,32,0.23,0,0,6,5,0.12,0,0,2,22,0.11,0,0,2,37,0.09,0,0,1,0,0.00,0,0,2,5,0.20,3,6,0
68,285,0,0,24,0,16,0,1,PROTECTING,Field_4,1,PROTECTING,Field_4,1,PROTECTING,Field_4,1,MOVING_TO_FIELD,Field_1,1,PROTECTING,Field_4,1,PROTECTING,Field_8,1,PROTECTING,Field_20,1,MOVING_TO_FIELD,Field_5,1,PROTECTING,Field_7,1,PROTECTING,Field_7,1,MOVING_TO_FIELD,Field_1,1,MOVING_TO_FIELD,Field_1,1,MOVING_TO_FIELD,Field_5,1,PROTECTING,Field_7,1,MOVING_TO_FIELD,Field_1,1,PROTECTING,Field_5,1,MOVING_TO_FIELD,Field_20,1,MOVING_TO_FIELD,Field_2,1,PROTECTING,Field_5,1,MOVING_TO_FIELD,Field_20,1,MOVING_TO_FIELD,Field_1,1,PROTECTING,Field_20,1,PROTECTING,Field_5,1,MOVING_TO_FIELD,Field_2,1,MOVING_TO_FIELD,Field_5,1,MOVING_TO_FIELD,Field_20,1,MOVING_TO_FIELD,Field_20,1,PROTECTING,Field_20,1,PROTECTING,Field_1,1,MOVING_TO_FIELD,Field_20,1,PROTECTING,Field_20,1,MOVING_TO_FIELD,Field_5,1,PROTECTING,Field_6,1,PROTECTING,Field_6,1,PROTECTING,Field_6,1,PROTECTING,Field_6,1,PROTECTING,Field_5,1,PROTECTING,Field_1,1,PROTECTING,Field_8,1,PROTECTING,Field_1,21,0.15,3,5,1,14,0.08,0,2,2,0,0.06,0,0,4,13,0.10,4,0,0,14,0.02,4,4,-2,22,0.22,4,0,0,3,0.00,3,0,0,15,0.21,2,0,0,0,0.06,0,0,3,28,0.23,0,0,6,16,0.22,0,0,4,15,0.06,0,0,1,2,0.07,0,0,2,21,0.18,0,0,6,32,0.23,0,0,6,5,0.12,0,0,2,22,0.11,0,0,2,37,0.09,0,0,1,0,0.00,0,0,2,5,0.20,4,5,-1
69,287,0,0,27,0,13,0,1,PROTECTING,Field_4,1,PROTECTING,Field_4,1,PROTECTING,Field_4,1,MOVING_TO_FIELD,Field_1,1,PROTECTING,Field_4,1,PROTECTING,Field_8,1,PROTECTING,Field_20,1,MOVING_TO_FIELD,Field_5,1,PROTECTING,Field_7,1,PROTECTING,Field_7,1,MOVING_TO_FIELD,Field_1,1,MOVING_TO_FIELD,Field_1,1,PROTECTING,Field_5,1,PROTECTING,Field_7,1,MOVING_TO_FIELD,Field_1,1,PROTECTING,Field_5,1,MOVING_TO_FIELD,Field_20,1,MOVING_TO_FIELD,Field_2,1,PROTECTING,Field_5,1,MOVING_TO_FIELD,Field_20,1,MOVING_TO_FIELD,Field_1,1,PROTECTING,Field_20,1,PROTECTING,Field_5,1,MOVING_TO_FIELD,Field_2,1,PROTECTING,Field_5,1,MOVING_TO_FIELD,Field_20,1,MOVING_TO_FIELD,Field_20,1,PROTECTING,Field_20,1,PROTECTING,Field_1,1,MOVING_TO_FIELD,Field_20,1,PROTECTING,Field_20,1,PROTECTING,Field_5,1,PROTECTING,Field_6,1,PROTECTING,Field_6,1,PROTECTING,Field_6,1,PROTECTING,Field_6,1,PROTECTING,Field_5,1,PROTECTING,Field_1,1,PROTECTING,Field_8,1,PROTECTING,Field_1,21,0.16,3,5,1,14,0.08,0,2,2,0,0.05,0,0,4,13,0.09,4,0,0,14,0.01,7,1,-5,22,0.22,4,0,0,3,0.00,3,0,0,15,0.20,2,0,0,0,0.06,0,0,3,28,0.23,0,0,6,16,0.21,0,0,4,15,0.06,0,0,1,2,0.05,0,0,2,21,0.21,0,0,6,33,0.23,0,0,6,6,0.12,0,0,2,22,0.16,0,0,2,37,0.09,0,0,1,0,0.02,0,0,2,5,0.20,4,5,-1
70,288,0,0,29,0,11,0,1,PROTECTING,Field_4,1,PROTECTING,Field_4,1,PROTECTING,Field_4,1,MOVING_TO_FIELD,Field_1,1,PROTECTING,Field_4,1,PROTECTING,Field_8,1,PROTECTING,Field_20,1,MOVING_TO_FIELD,Field_5,1,PROTECTING,Field_7,1,PROTECTING,Field_7,1,MOVING_TO_FIELD,Field_1,1,MOVING_TO_FIELD,Field_1,1,PROTECTING,Field_5,1,PROTECTING,Field_7,1,MOVING_TO_FIELD,Field_1,1,PROTECTING,Field_5,1,PROTECTING,Field_20,1,MOVING_TO_FIELD,Field_2,1,PROTECTING,Field_5,1,MOVING_TO_FIELD,Field_20,1,MOVING_TO_FIELD,Field_1,1,PROTECTING,Field_20,1,PROTECTING,Field_5,1,MOVING_TO_FIELD,Field_2,1,PROTECTING,Field_5,1,MOVING_TO_FIELD,Field_20,1,MOVING_TO_FIELD,Field_20,1,PROTECTING,Field_20,1,PROTECTING,Field_1,1,PROTECTING,Field_20,1,PROTECTING,Field_20,1,PROTECTING,Field_5,1,PROTECTING,Field_6,1,PROTECTING,Field_6,1,PROTECTING,Field_6,1,PROTECTING,Field_6,1,PROTECTING,Field_5,1,PROTECTING,Field_1,1,PROTECTING,Field_8,1,PROTECTING,Field_1,21,0.16,3,5,1,14,0.09,0,2,2,0,0.05,0,0,4,13,0.09,4,0,0,14,0.01,7,1,-5,22,0.22,4,0,0,3,0.00,3,0,0,15,0.16,2,0,0,0,0.04,0,0,3,28,0.24,0,0,6,16,0.21,0,0,4,15,0.06,0,0,1,2,0.05,0,0,2,22,0.23,0,0,6,33,0.22,0,0,6,6,0.11,0,0,2,22,0.16,0,0,2,37,0.07,0,0,1,0,0.02,0,0,2,5,0.20,6,3,-3
71,291,0,0,21,0,19,0,1,PROTECTING,Field_4,1,PROTECTING,Field_4,1,PROTECTING,Field_4,1,MOVING_TO_FIELD,Field_1,1,PROTECTING,Field_4,1,PROTECTING,Field_8,1,PROTECTING,Field_20,1,MOVING_TO_FIELD,Field_20,1,PROTECTING,Field_7,1,PROTECTING,Field_7,1,MOVING_TO_FIELD,Field_20,1,MOVING_TO_FIELD,Field_20,1,PROTECTING,Field_5,1,PROTECTING,Field_7,1,MOVING_TO_FIELD,Field_20,1,PROTECTING,Field_5,1,PROTECTING,Field_20,1,MOVING_TO_FIELD,Field_2,1,MOVING_TO_FIELD,Field_20,1,MOVING_TO_FIELD,Field_4,1,MOVING_TO_FIELD,Field_20,1,PROTECTING,Field_20,1,MOVING_TO_FIELD,Field_4,1,MOVING_TO_FIELD,Field_2,1,MOVING_TO_FIELD,Field_4,1,MOVING_TO_FIELD,Field_4,1,MOVING_TO_FIELD,Field_5,1,MOVING_TO_FIELD,Field_5,1,PROTECTING,Field_1,1,MOVING_TO_FIELD,Field_5,1,MOVING_TO_FIELD,Field_5,1,MOVING_TO_FIELD,Field_4,1,PROTECTING,Field_6,1,PROTECTING,Field_6,1,PROTECTING,Field_6,1,PROTECTING,Field_6,1,MOVING_TO_FIELD,Field_4,1,PROTECTING,Field_1,1,PROTECTING,Field_8,1,PROTECTING,Field_1,21,0.17,3,1,1,14,0.09,0,2,2,0,0.04,0,0,4,13,0.07,4,6,0,14,0.00,2,4,0,22,0.22,4,0,0,3,0.00,3,0,0,15,0.13,2,0,0,0,0.04,0,0,3,28,0.25,0,0,6,17,0.21,0,0,4,15,0.03,0,0,1,2,0.05,0,0,2,22,0.25,0,0,6,33,0.22,0,0,6,6,0.11,0,0,2,24,0.16,0,0,2,37,0.13,0,0,1,0,0.05,0,0,2,5,0.20,3,6,0
72,293,0,0,22,0,18,0,1,PROTECTING,Field_4,1,PROTECTING,Field_4,1,PROTECTING,Field_4,1,MOVING_TO_FIELD,Field_1,1,PROTECTING,Field_4,1,PROTECTING,Field_8,1,PROTECTING,Field_20,1,MOVING_TO_FIELD,Field_20,1,PROTECTING,Field_7,1,PROTECTING,Field_7,1,MOVING_TO_FIELD,Field_20,1,MOVING_TO_FIELD,Field_20,1,PROTECTING,Field_5,1,PROTECTING,Field_7,1,MOVING_TO_FIELD,Field_20,1,PROTECTING,Field_5,1,PROTECTING,Field_20,1,PROTECTING,Field_2,1,MOVING_TO_FIELD,Field_20,1,MOVING_TO_FIELD,Field_4,1,MOVING_TO_FIELD,Field_20,1,PROTECTING,Field_20,1,MOVING_TO_FIELD,Field_4,1,MOVING_TO_FIELD,Field_2,1,MOVING_TO_FIELD,Field_4,1,MOVING_TO_FIELD,Field_4,1,MOVING_TO_FIELD,Field_5,1,MOVING_TO_FIELD,Field_5,1,PROTECTING,Field_1,1,MOVING_TO_FIELD,Field_5,1,MOVING_TO_FIELD,Field_5,1,MOVING_TO_FIELD,Field_4,1,PROTECTING,Field_6,1,PROTECTING,Field_6,1,PROTECTING,Field_6,1,PROTECTING,Field_6,1,MOVING_TO_FIELD,Field_4,1,PROTECTING,Field_1,1,PROTECTING,Field_8,1,PROTECTING,Field_1,21,0.18,3,1,1,14,0.09,1,1,1,0,0.04,0,0,4,13,0.07,4,6,0,14,0.00,2,4,0,22,0.21,4,0,0,3,0.00,3,0,0,15,0.10,2,0,0,0,0.04,0,0,3,28,0.24,0,0,6,17,0.20,0,0,4,15,0.03,0,0,1,2,0.05,0,0,2,22,0.27,0,0,6,35,0.23,0,0,6,6,0.11,0,0,2,24,0.18,0,0,2,37,0.13,0,0,1,0,0.05,0,0,2,5,0.22,3,6,0
73,296,0,0,22,0,18,0,1,PROTECTING,Field_4,1,PROTECTING,Field_4,1,PROTECTING,Field_4,1,MOVING_TO_FIELD,Field_1,1,PROTECTING,Field_4,1,PROTECTING,Field_8,1,PROTECTING,Field_20,1,MOVING_TO_FIELD,Field_20,1,PROTECTING,Field_7,1,PROTECTING,Field_7,1,MOVING_TO_FIELD,Field_20,1,MOVING_TO_FIELD,Field_20,1,PROTECTING,Field_5,1,PROTECTING,Field_7,1,MOVING_TO_FIELD,Field_20,1,PROTECTING,Field_5,1,PROTECTING,Field_20,1,PROTECTING,Field_2,1,MOVING_TO_FIELD,Field_20,1,MOVING_TO_FIELD,Field_4,1,MOVING_TO_FIELD,Field_20,1,PROTECTING,Field_20,1,MOVING_TO_FIELD,Field_4,1,MOVING_TO_FIELD,Field_2,1,MOVING_TO_FIELD,Field_4,1,MOVING_TO_FIELD,Field_4,1,MOVING_TO_FIELD,Field_5,1,MOVING_TO_FIELD,Field_5,1,PROTECTING,Field_1,1,MOVING_TO_FIELD,Field_5,1,MOVING_TO_FIELD,Field_5,1,MOVING_TO_FIELD,Field_4,1,PROTECTING,Field_6,1,PROTECTING,Field_6,1,PROTECTING,Field_6,1,PROTECTING,Field_6,1,MOVING_TO_FIELD,Field_4,1,PROTECTING,Field_1,1,PROTECTING,Field_8,1,PROTECTING,Field_1,21,0.17,3,1,1,14,0.09,1,1,1,0,0.04,0,0,4,13,0.06,4,6,0,14,0.00,2,4,0,22,0.21,4,0,0,3,0.02,3,0,0,15,0.09,2,0,0,0,0.03,0,0,3,28,0.24,0,0,6,17,0.20,0,0,4,15,0.03,0,0,1,2,0.04,0,0,2,22,0.27,0,0,6,35,0.22,0,0,6,7,0.11,0,0,2,26,0.20,0,0,2,37,0.13,0,0,1,0,0.06,0,0,2,5,0.20,3,6,0
74,297,0,0,22,0,18,0,1,PROTECTING,Field_4,1,PROTECTING,Field_4,1,PROTECTING,Field_4,1,MOVING_TO_FIELD,Field_1,1,PROTECTING,Field_4,1,PROTECTING,Field_8,1,PROTECTING,Field_20,1,MOVING_TO_FIELD,Field_20,1,PROTECTING,Field_7,1,PROTECTING,Field_7,1,MOVING_TO_FIELD,Field_20,1,MOVING_TO_FIELD,Field_20,1,PROTECTING,Field_5,1,PROTECTING,Field_7,1,MOVING_TO_FIELD,Field_20,1,PROTECTING,Field_5,1,PROTECTING,Field_20,1,PROTECTING,Field_2,1,MOVING_TO_FIELD,Field_20,1,MOVING_TO_FIELD,Field_4,1,MOVING_TO_FIELD,Field_20,1,PROTECTING,Field_20,1,MOVING_TO_FIELD,Field_4,1,MOVING_TO_FIELD,Field_2,1,MOVING_TO_FIELD,Field_4,1,MOVING_TO_FIELD,Field_4,1,MOVING_TO_FIELD,Field_5,1,MOVING_TO_FIELD,Field_5,1,PROTECTING,Field_1,1,MOVING_TO_FIELD,Field_5,1,MOVING_TO_FIELD,Field_5,1,MOVING_TO_FIELD,Field_4,1,PROTECTING,Field_6,1,PROTECTING,Field_6,1,PROTECTING,Field_6,1,PROTECTING,Field_6,1,MOVING_TO_FIELD,Field_4,1,PROTECTING,Field_1,1,PROTECTING,Field_8,1,PROTECTING,Field_1,21,0.16,3,1,1,14,0.09,1,1,1,0,0.04,0,0,4,13,0.06,4,6,0,14,0.00,2,4,0,22,0.21,4,0,0,3,0.02,3,0,0,15,0.09,2,0,0,0,0.03,0,0,3,29,0.23,0,0,6,17,0.21,0,0,4,15,0.03,0,0,1,2,0.04,0,0,2,22,0.27,0,0,6,35,0.22,0,0,6,7,0.10,0,0,2,26,0.20,0,0,2,37,0.13,0,0,1,0,0.06,0,0,2,5,0.20,3,6,0
75,297,0,0,22,0,18,0,1,PROTECTING,Field_4,1,PROTECTING,Field_4,1,PROTECTING,Field_4,1,MOVING_TO_FIELD,Field_1,1,PROTECTING,Field_4,1,PROTECTING,Field_8,1,PROTECTING,Field_20,1,MOVING_TO_FIELD,Field_20,1,PROTECTING,Field_7,1,PROTECTING,Field_7,1,MOVING_TO_FIELD,Field_20,1,MOVING_TO_FIELD,Field_20,1,PROTECTING,Field_5,1,PROTECTING,Field_7,1,MOVING_TO_FIELD,Field_20,1,PROTECTING,Field_5,1,PROTECTING,Field_20,1,PROTECTING,Field_2,1,MOVING_TO_FIELD,Field_20,1,MOVING_TO_FIELD,Field_4,1,MOVING_TO_FIELD,Field_20,1,PROTECTING,Field_20,1,MOVING_TO_FIELD,Field_4,1,MOVING_TO_FIELD,Field_2,1,MOVING_TO_FIELD,Field_4,1,MOVING_TO_FIELD,Field_4,1,MOVING_TO_FIELD,Field_5,1,MOVING_TO_FIELD,Field_5,1,PROTECTING,Field_1,1,MOVING_TO_FIELD,Field_5,1,MOVING_TO_FIELD,Field_5,1,MOVING_TO_FIELD,Field_4,1,PROTECTING,Field_6,1,PROTECTING,Field_6,1,PROTECTING,Field_6,1,PROTECTING,Field_6,1,MOVING_TO_FIELD,Field_4,1,PROTECTING,Field_1,1,PROTECTING,Field_8,1,PROTECTING,Field_1,21,0.16,3,1,1,14,0.07,1,1,1,0,0.06,0,0,4,13,0.06,4,6,0,14,0.00,2,4,0,22,0.18,4,0,0,3,0.03,3,0,0,15,0.09,2,0,0,0,0.03,0,0,3,29,0.23,0,0,6,17,0.22,0,0,4,15,0.03,0,0,1,2,0.04,0,0,2,22,0.27,0,0,6,35,0.21,0,0,6,7,0.09,0,0,2,26,0.18,0,0,2,37,0.13,0,0,1,0,0.06,0,0,2,5,0.20,3,6,0
76,299,0,0,22,0,18,0,1,PROTECTING,Field_4,1,PROTECTING,Field_4,1,PROTECTING,Field_4,1,MOVING_TO_FIELD,Field_1,1,PROTECTING,Field_4,1,PROTECTING,Field_8,1,PROTECTING,Field_20,1,MOVING_TO_FIELD,Field_20,1,PROTECTING,Field_7,1,PROTECTING,Field_7,1,MOVING_TO_FIELD,Field_20,1,MOVING_TO_FIELD,Field_20,1,PROTECTING,Field_5,1,PROTECTING,Field_7,1,MOVING_TO_FIELD,Field_20,1,PROTECTING,Field_5,1,PROTECTING,Field_20,1,PROTECTING,Field_2,1,MOVING_TO_FIELD,Field_20,1,MOVING_TO_FIELD,Field_4,1,MOVING_TO_FIELD,Field_20,1,PROTECTING,Field_20,1,MOVING_TO_FIELD,Field_4,1,MOVING_TO_FIELD,Field_2,1,MOVING_TO_FIELD,Field_4,1,MOVING_TO_FIELD,Field_4,1,MOVING_TO_FIELD,Field_5,1,MOVING_TO_FIELD,Field_5,1,PROTECTING,Field_1,1,MOVING_TO_FIELD,Field_5,1,MOVING_TO_FIELD,Field_5,1,MOVING_TO_FIELD,Field_4,1,PROTECTING,Field_6,1,PROTECTING,Field_6,1,PROTECTING,Field_6,1,PROTECTING,Field_6,1,MOVING_TO_FIELD,Field_4,1,PROTECTING,Field_1,1,PROTECTING,Field_8,1,PROTECTING,Field_1,21,0.16,3,1,1,14,0.07,1,1,1,0,0.05,0,0,4,13,0.06,4,6,0,14,0.00,2,4,0,22,0.14,4,0,0,3,0.05,3,0,0,15,0.04,2,0,0,0,0.03,0,0,3,29,0.23,0,0,6,17,0.21,0,0,4,15,0.03,0,0,1,2,0.04,0,0,2,22,0.30,0,0,6,35,0.21,0,0,6,7,0.07,0,0,2,27,0.20,0,0,2,37,0.13,0,0,1,0,0.06,0,0,2,6,0.20,3,6,0
77,302,0,0,23,0,17,0,1,PROTECTING,Field_4,1,PROTECTING,Field_4,1,PROTECTING,Field_4,1,MOVING_TO_FIELD,Field_1,1,PROTECTING,Field_4,1,PROTECTING,Field_8,1,PROTECTING,Field_20,1,MOVING_TO_FIELD,Field_20,1,PROTECTING,Field_7,1,PROTECTING,Field_7,1,MOVING_TO_FIELD,Field_20,1,MOVING_TO_FIELD,Field_20,1,PROTECTING,Field_5,1,PROTECTING,Field_7,1,MOVING_TO_FIELD,Field_20,1,PROTECTING,Field_5,1,PROTECTING,Field_20,1,PROTECTING,Field_2,1,MOVING_TO_FIELD,Field_20,1,MOVING_TO_FIELD,Field_4,1,MOVING_TO_FIELD,Field_20,1,PROTECTING,Field_20,1,MOVING_TO_FIELD,Field_4,1,PROTECTING,Field_2,1,MOVING_TO_FIELD,Field_4,1,MOVING_TO_FIELD,Field_4,1,MOVING_TO_FIELD,Field_5,1,MOVING_TO_FIELD,Field_5,1,PROTECTING,Field_1,1,MOVING_TO_FIELD,Field_5,1,MOVING_TO_FIELD,Field_5,1,MOVING_TO_FIELD,Field_4,1,PROTECTING,Field_6,1,PROTECTING,Field_6,1,PROTECTING,Field_6,1,PROTECTING,Field_6,1,MOVING_TO_FIELD,Field_4,1,PROTECTING,Field_1,1,PROTECTING,Field_8,1,PROTECTING,Field_1,21,0.16,3,1,1,14,0.04,2,0,0,0,0.05,0,0,4,13,0.06,4,6,0,14,0.00,2,4,0,22,0.14,4,0,0,3,0.05,3,0,0,15,0.03,2,0,0,0,0.03,0,0,3,29,0.22,0,0,6,17,0.20,0,0,4,15,0.03,0,0,1,2,0.04,0,0,2,22,0.31,0,0,6,35,0.22,0,0,6,7,0.10,0,0,2,27,0.21,0,0,2,39,0.13,0,0,1,0,0.06,0,0,2,7,0.16,3,6,0
78,303,0,0,25,0,15,0,1,PROTECTING,Field_4,1,PROTECTING,Field_4,1,PROTECTING,Field_4,1,MOVING_TO_FIELD,Field_1,1,PROTECTING,Field_4,1,PROTECTING,Field_8,1,PROTECTING,Field_20,1,PROTECTING,Field_20,1,PROTECTING,Field_7,1,PROTECTING,Field_7,1,MOVING_TO_FIELD,Field_20,1,MOVING_TO_FIELD,Field_20,1,PROTECTING,Field_5,1,PROTECTING,Field_7,1,MOVING_TO_FIELD,Field_20,1,PROTECTING,Field_5,1,PROTECTING,Field_20,1,PROTECTING,Field_2,1,MOVING_TO_FIELD,Field_20,1,MOVING_TO_FIELD,Field_4,1,MOVING_TO_FIELD,Field_20,1,PROTECTING,Field_20,1,MOVING_TO_FIELD,Field_4,1,PROTECTING,Field_2,1,MOVING_TO_FIELD,Field_4,1,MOVING_TO_FIELD,Field_4,1,MOVING_TO_FIELD,Field_5,1,PROTECTING,Field_5,1,PROTECTING,Field_1,1,MOVING_TO_FIELD,Field_5,1,MOVING_TO_FIELD,Field_5,1,MOVING_TO_FIELD,Field_4,1,PROTECTING,Field_6,1,PROTECTING,Field_6,1,PROTECTING,Field_6,1,PROTECTING,Field_6,1,MOVING_TO_FIELD,Field_4,1,PROTECTING,Field_1,1,PROTECTING,Field_8,1,PROTECTING,Field_1,21,0.14,3,1,1,14,0.05,2,0,0,0,0.05,0,0,4,13,0.03,4,6,0,14,0.00,3,3,-1,22,0.12,4,0,0,3,0.05,3,0,0,15,0.01,2,0,0,0,0.04,0,0,3,29,0.22,0,0,6,17,0.20,0,0,4,15,0.03,0,0,1,2,0.04,0,0,2,22,0.32,0,0,6,35,0.21,0,0,6,7,0.10,0,0,2,27,0.20,0,0,2,40,0.13,0,0,1,0,0.06,0,0,2,7,0.16,4,5,-1
79,305,0,0,25,0,15,0,1,PROTECTING,Field_4,1,PROTECTING,Field_4,1,PROTECTING,Field_4,1,MOVING_TO_FIELD,Field_1,1,PROTECTING,Field_4,1,PROTECTING,Field_8,1,PROTECTING,Field_20,1,PROTECTING,Field_20,1,PROTECTING,Field_7,1,PROTECTING,Field_7,1,MOVING_TO_FIELD,Field_20,1,MOVING_TO_FIELD,Field_20,1,PROTECTING,Field_5,1,PROTECTING,Field_7,1,MOVING_TO_FIELD,Field_20,1,PROTECTING,Field_5,1,PROTECTING,Field_20,1,PROTECTING,Field_2,1,MOVING_TO_FIELD,Field_20,1,MOVING_TO_FIELD,Field_4,1,MOVING_TO_FIELD,Field_20,1,PROTECTING,Field_20,1,MOVING_TO_FIELD,Field_4,1,PROTECTING,Field_2,1,MOVING_TO_FIELD,Field_4,1,MOVING_TO_FIELD,Field_4,1,MOVING_TO_FIELD,Field_5,1,PROTECTING,Field_5,1,PROTECTING,Field_1,1,MOVING_TO_FIELD,Field_5,1,MOVING_TO_FIELD,Field_5,1,MOVING_TO_FIELD,Field_4,1,PROTECTING,Field_6,1,PROTECTING,Field_6,1,PROTECTING,Field_6,1,PROTECTING,Field_6,1,MOVING_TO_FIELD,Field_4,1,PROTECTING,Field_1,1,PROTECTING,Field_8,1,PROTECTING,Field_1,21,0.12,3,1,1,14,0.04,2,0,0,0,0.05,0,0,4,13,0.03,4,6,0,14,0.00,3,3,-1,22,0.11,4,0,0,3,0.05,3,0,0,15,0.01,2,0,0,0,0.04,0,0,3,29,0.22,0,0,6,17,0.18,0,0,4,15,0.03,0,0,1,2,0.04,0,0,2,22,0.32,0,0,6,35,0.20,0,0,6,7,0.11,0,0,2,28,0.20,0,0,2,41,0.13,0,0,1,0,0.08,0,0,2,7,0.16,4,5,-1
80,309,0,0,26,0,14,0,1,PROTECTING,Field_4,1,PROTECTING,Field_4,1,PROTECTING,Field_4,1,MOVING_TO_FIELD,Field_1,1,PROTECTING,Field_4,1,PROTECTING,Field_8,1,PROTECTING,Field_20,1,PROTECTING,Field_20,1,PROTECTING,Field_7,1,PROTECTING,Field_7,1,MOVING_TO_FIELD,Field_20,1,MOVING_TO_FIELD,Field_20,1,PROTECTING,Field_5,1,PROTECTING,Field_7,1,MOVING_TO_FIELD,Field_20,1,PROTECTING,Field_5,1,PROTECTING,Field_20,1,PROTECTING,Field_2,1,MOVING_TO_FIELD,Field_20,1,MOVING_TO_FIELD,Field_4,1,MOVING_TO_FIELD,Field_20,1,PROTECTING,Field_20,1,MOVING_TO_FIELD,Field_4,1,PROTECTING,Field_2,1,MOVING_TO_FIELD,Field_4,1,MOVING_TO_FIELD,Field_4,1,MOVING_TO_FIELD,Field_5,1,PROTECTING,Field_5,1,PROTECTING,Field_1,1,PROTECTING,Field_5,1,MOVING_TO_FIELD,Field_5,1,MOVING_TO_FIELD,Field_4,1,PROTECTING,Field_6,1,PROTECTING,Field_6,1,PROTECTING,Field_6,1,PROTECTING,Field_6,1,MOVING_TO_FIELD,Field_4,1,PROTECTING,Field_1,1,PROTECTING,Field_8,1,PROTECTING,Field_1,21,0.12,3,1,1,14,0.04,2,0,0,0,0.06,0,0,4,13,0.06,4,6,0,14,0.00,4,2,-2,22,0.09,4,0,0,3,0.04,3,0,0,15,0.01,2,0,0,0,0.04,0,0,3,29,0.22,0,0,6,17,0.17,0,0,4,15,0.03,0,0,1,2,0.04,0,0,2,24,0.34,0,0,6,35,0.21,0,0,6,7,0.14,0,0,2,30,0.20,0,0,2,41,0.13,0,0,1,0,0.06,0,0,2,7,0.16,4,5,-1
81,309,0,0,10,0,30,0,1,PROTECTING,Field_4,1,PROTECTING,Field_4,1,PROTECTING,Field_4,1,MOVING_TO_FIELD,Field_4,1,PROTECTING,Field_4,1,MOVING_TO_FIELD,Field_4,1,PROTECTING,Field_20,1,PROTECTING,Field_20,1,MOVING_TO_FIELD,Field_20,1,MOVING_TO_FIELD,Field_20,1,MOVING_TO_FIELD,Field_20,1,MOVING_TO_FIELD,Field_20,1,PROTECTING,Field_5,1,MOVING_TO_FIELD,Field_5,1,MOVING_TO_FIELD,Field_5,1,PROTECTING,Field_5,1,MOVING_TO_FIELD,Field_5,1,MOVING_TO_FIELD,Field_5,1,MOVING_TO_FIELD,Field_7,1,MOVING_TO_FIELD,Field_7,1,MOVING_TO_FIELD,Field_1,1,MOVING_TO_FIELD,Field_1,1,MOVING_TO_FIELD,Field_1,1,MOVING_TO_FIELD,Field_1,1,MOVING_TO_FIELD,Field_20,1,MOVING_TO_FIELD,Field_20,1,MOVING_TO_FIELD,Field_20,1,MOVING_TO_FIELD,Field_6,1,MOVING_TO_FIELD,Field_6,1,MOVING_TO_FIELD,Field_8,1,MOVING_TO_FIELD,Field_1,1,MOVING_TO_FIELD,Field_1,1,MOVING_TO_FIELD,Field_1,1,MOVING_TO_FIELD,Field_1,1,PROTECTING,Field_6,1,PROTECTING,Field_6,1,MOVING_TO_FIELD,Field_6,1,MOVING_TO_FIELD,Field_6,1,MOVING_TO_FIELD,Field_9,1,MOVING_TO_FIELD,Field_9,21,0.11,0,8,4,14,0.04,0,0,2,0,0.06,0,0,4,13,0.06,4,2,0,14,0.00,2,4,0,22,0.09,2,4,2,3,0.04,0,2,3,15,0.01,0,1,2,0,0.04,0,2,3,29,0.21,0,0,6,17,0.17,0,0,4,15,0.00,0,0,1,2,0.04,0,0,2,24,0.34,0,0,6,35,0.22,0,0,6,7,0.14,0,0,2,30,0.20,0,0,2,41,0.13,0,0,1,0,0.05,0,0,2,7,0.16,2,7,1
82,313,0,0,10,0,30,0,1,PROTECTING,Field_4,1,PROTECTING,Field_4,1,PROTECTING,Field_4,1,MOVING_TO_FIELD,Field_4,1,PROTECTING,Field_4,1,MOVING_TO_FIELD,Field_4,1,PROTECTING,Field_20,1,PROTECTING,Field_20,1,MOVING_TO_FIELD,Field_20,1,MOVING_TO_FIELD,Field_20,1,MOVING_TO_FIELD,Field_20,1,MOVING_TO_FIELD,Field_20,1,PROTECTING,Field_5,1,MOVING_TO_FIELD,Field_5,1,MOVING_TO_FIELD,Field_5,1,PROTECTING,Field_5,1,MOVING_TO_FIELD,Field_5,1,MOVING_TO_FIELD,Field_5,1,MOVING_TO_FIELD,Field_7,1,MOVING_TO_FIELD,Field_7,1,MOVING_TO_FIELD,Field_1,1,MOVING_TO_FIELD,Field_1,1,MOVING_TO_FIELD,Field_1,1,MOVING_TO_FIELD,Field_1,1,MOVING_TO_FIELD,Field_20,1,MOVING_TO_FIELD,Field_20,1,MOVING_TO_FIELD,Field_20,1,MOVING_TO_FIELD,Field_6,1,MOVING_TO_FIELD,Field_6,1,MOVING_TO_FIELD,Field_8,1,MOVING_TO_FIELD,Field_1,1,MOVING_TO_FIELD,Field_1,1,MOVING_TO_FIELD,Field_1,1,MOVING_TO_FIELD,Field_1,1,PROTECTING,Field_6,1,PROTECTING,Field_6,1,MOVING_TO_FIELD,Field_6,1,MOVING_TO_FIELD,Field_6,1,MOVING_TO_FIELD,Field_9,1,MOVING_TO_FIELD,Field_9,21,0.12,0,8,4,14,0.07,0,0,2,0,0.05,0,0,4,13,0.06,4,2,0,14,0.00,2,4,0,22,0.07,2,4,2,3,0.05,0,2,3,15,0.01,0,1,2,0,0.04,0,2,3,30,0.21,0,0,6,17,0.18,0,0,4,15,0.00,0,0,1,2,0.04,0,0,2,25,0.32,0,0,6,35,0.22,0,0,6,7,0.14,0,0,2,31,0.18,0,0,2,42,0.11,0,0,1,0,0.03,0,0,2,7,0.14,2,7,1
83,315,0,0,10,0,30,0,1,PROTECTING,Field_4,1,PROTECTING,Field_4,1,PROTECTING,Field_4,1,MOVING_TO_FIELD,Field_4,1,PROTECTING,Field_4,1,MOVING_TO_FIELD,Field_4,1,PROTECTING,Field_20,1,PROTECTING,Field_20,1,MOVING_TO_FIELD,Field_20,1,MOVING_TO_FIELD,Field_20,1,MOVING_TO_FIELD,Field_20,1,MOVING_TO_FIELD,Field_20,1,PROTECTING,Field_5,1,MOVING_TO_FIELD,Field_5,1,MOVING_TO_FIELD,Field_5,1,PROTECTING,Field_5,1,MOVING_TO_FIELD,Field_5,1,MOVING_TO_FIELD,Field_5,1,MOVING_TO_FIELD,Field_7,1,MOVING_TO_FIELD,Field_7,1,MOVING_TO_FIELD,Field_1,1,MOVING_TO_FIELD,Field_1,1,MOVING_TO_FIELD,Field_1,1,MOVING_TO_FIELD,Field_1,1,MOVING_TO_FIELD,Field_20,1,MOVING_TO_FIELD,Field_20,1,MOVING_TO_FIELD,Field_20,1,MOVING_TO_FIELD,Field_6,1,MOVING_TO_FIELD,Field_6,1,MOVING_TO_FIELD,Field_8,1,MOVING_TO_FIELD,Field_1,1,MOVING_TO_FIELD,Field_1,1,MOVING_TO_FIELD,Field_1,1,MOVING_TO_FIELD,Field_1,1,PROTECTING,Field_6,1,PROTECTING,Field_6,1,MOVING_TO_FIELD,Field_6,1,MOVING_TO_FIELD,Field_6,1,MOVING_TO_FIELD,Field_9,1,MOVING_TO_FIELD,Field_9,22,0.10,0,8,4,14,0.08,0,0,2,0,0.05,0,0,4,13,0.07,4,2,0,14,0.01,2,4,0,22,0.07,2,4,2,3,0.05,0,2,3,15,0.01,0,1,2,0,0.07,0,2,3,30,0.22,0,0,6,17,0.20,0,0,4,15,0.00,0,0,1,2,0.02,0,0,2,26,0.35,0,0,6,35,0.24,0,0,6,7,0.14,0,0,2,31,0.18,0,0,2,42,0.13,0,0,1,0,0.03,0,0,2,7,0.14,2,7,1
84,315,0,0,10,0,30,0,1,PROTECTING,Field_4,1,PROTECTING,Field_4,1,PROTECTING,Field_4,1,MOVING_TO_FIELD,Field_4,1,PROTECTING,Field_4,1,MOVING_TO_FIELD,Field_4,1,PROTECTING,Field_20,1,PROTECTING,Field_20,1,MOVING_TO_FIELD,Field_20,1,MOVING_TO_FIELD,Field_20,1,MOVING_TO_FIELD,Field_20,1,MOVING_TO_FIELD,Field_20,1,PROTECTING,Field_5,1,MOVING_TO_FIELD,Field_5,1,MOVING_TO_FIELD,Field_5,1,PROTECTING,Field_5,1,MOVING_TO_FIELD,Field_5,1,MOVING_TO_FIELD,Field_5,1,MOVING_TO_FIELD,Field_7,1,MOVING_TO_FIELD,Field_7,1,MOVING_TO_FIELD,Field_1,1,MOVING_TO_FIELD,Field_1,1,MOVING_TO_FIELD,Field_1,1,MOVING_TO_FIELD,Field_1,1,MOVING_TO_FIELD,Field_20,1,MOVING_TO_FIELD,Field_20,1,MOVING_TO_FIELD,Field_20,1,MOVING_TO_FIELD,Field_6,1,MOVING_TO_FIELD,Field_6,1,MOVING_TO_FIELD,Field_8,1,MOVING_TO_FIELD,Field_1,1,MOVING_TO_FIELD,Field_1,1,MOVING_TO_FIELD,Field_1,1,MOVING_TO_FIELD,Field_1,1,PROTECTING,Field_6,1,PROTECTING,Field_6,1,MOVING_TO_FIELD,Field_6,1,MOVING_TO_FIELD,Field_6,1,MOVING_TO_FIELD,Field_9,1,MOVING_TO_FIELD,Field_9,22,0.10,0,8,4,14,0.08,0,0,2,0,0.05,0,0,4,13,0.06,4,2,0,14,0.01,2,4,0,22,0.04,2,4,2,3,0.05,0,2,3,15,0.01,0,1,2,0,0.07,0,2,3,30,0.22,0,0,6,17,0.18,0,0,4,15,0.00,0,0,1,2,0.02,0,0,2,26,0.35,0,0,6,35,0.24,0,0,6,7,0.12,0,0,2,31,0.16,0,0,2,42,0.13,0,0,1,0,0.02,0,0,2,7,0.14,2,7,1
85,316,0,0,10,0,30,0,1,PROTECTING,Field_4,1,PROTECTING,Field_4,1,PROTECTING,Field_4,1,MOVING_TO_FIELD,Field_4,1,PROTECTING,Field_4,1,MOVING_TO_FIELD,Field_4,1,PROTECTING,Field_20,1,PROTECTING,Field_20,1,MOVING_TO_FIELD,Field_20,1,MOVING_TO_FIELD,Field_20,1,MOVING_TO_FIELD,Field_20,1,MOVING_TO_FIELD,Field_20,1,PROTECTING,Field_5,1,MOVING_TO_FIELD,Field_5,1,MOVING_TO_FIELD,Field_5,1,PROTECTING,Field_5,1,MOVING_TO_FIELD,Field_5,1,MOVING_TO_FIELD,Field_5,1,MOVING_TO_FIELD,Field_7,1,MOVING_TO_FIELD,Field_7,1,MOVING_TO_FIELD,Field_1,1,MOVING_TO_FIELD,Field_1,1,MOVING_TO_FIELD,Field_1,1,MOVING_TO_FIELD,Field_1,1,MOVING_TO_FIELD,Field_20,1,MOVING_TO_FIELD,Field_20,1,MOVING_TO_FIELD,Field_20,1,MOVING_TO_FIELD,Field_6,1,MOVING_TO_FIELD,Field_6,1,MOVING_TO_FIELD,Field_8,1,MOVING_TO_FIELD,Field_1,1,MOVING_TO_FIELD,Field_1,1,MOVING_TO_FIELD,Field_1,1,MOVING_TO_FIELD,Field_1,1,PROTECTING,Field_6,1,PROTECTING,Field_6,1,MOVING_TO_FIELD,Field_6,1,MOVING_TO_FIELD,Field_6,1,MOVING_TO_FIELD,Field_9,1,MOVING_TO_FIELD,Field_9,22,0.11,0,8,4,14,0.08,0,0,2,0,0.04,0,0,4,13,0.04,4,2,0,14,0.01,2,4,0,22,0.03,2,4,2,3,0.05,0,2,3,15,0.01,0,1,2,0,0.06,0,2,3,30,0.22,0,0,6,17,0.17,0,0,4,15,0.00,0,0,1,2,0.02,0,0,2,27,0.35,0,0,6,35,0.22,0,0,6,7,0.11,0,0,2,31,0.18,0,0,2,42,0.13,0,0,1,0,0.02,0,0,2,7,0.14,2,7,1
86,319,0,0,10,0,30,0,1,PROTECTING,Field_4,1,PROTECTING,Field_4,1,PROTECTING,Field_4,1,MOVING_TO_FIELD,Field_4,1,PROTECTING,Field_4,1,MOVING_TO_FIELD,Field_4,1,PROTECTING,Field_20,1,PROTECTING,Field_20,1,MOVING_TO_FIELD,Field_20,1,MOVING_TO_FIELD,Field_20,1,MOVING_TO_FIELD,Field_20,1,MOVING_TO_FIELD,Field_20,1,PROTECTING,Field_5,1,MOVING_TO_FIELD,Field_5,1,MOVING_TO_FIELD,Field_5,1,PROTECTING,Field_5,1,MOVING_TO_FIELD,Field_5,1,MOVING_TO_FIELD,Field_5,1,MOVING_TO_FIELD,Field_7,1,MOVING_TO_FIELD,Field_7,1,MOVING_TO_FIELD,Field_1,1,MOVING_TO_FIELD,Field_1,1,MOVING_TO_FIELD,Field_1,1,MOVING_TO_FIELD,Field_1,1,MOVING_TO_FIELD,Field_20,1,MOVING_TO_FIELD,Field_20,1,MOVING_TO_FIELD,Field_20,1,MOVING_TO_FIELD,Field_6,1,MOVING_TO_FIELD,Field_6,1,MOVING_TO_FIELD,Field_8,1,MOVING_TO_FIELD,Field_1,1,MOVING_TO_FIELD,Field_1,1,MOVING_TO_FIELD,Field_1,1,MOVING_TO_FIELD,Field_1,1,PROTECTING,Field_6,1,PROTECTING,Field_6,1,MOVING_TO_FIELD,Field_6,1,MOVING_TO_FIELD,Field_6,1,MOVING_TO_FIELD,Field_9,1,MOVING_TO_FIELD,Field_9,22,0.10,0,8,4,14,0.08,0,0,2,0,0.04,0,0,4,13,0.04,4,2,0,14,0.01,2,4,0,22,0.03,2,4,2,3,0.04,0,2,3,15,0.00,0,1,2,0,0.06,0,2,3,31,0.21,0,0,6,17,0.18,0,0,4,15,0.00,0,0,1,2,0.02,0,0,2,27,0.35,0,0,6,35,0.21,0,0,6,8,0.09,0,0,2,32,0.18,0,0,2,42,0.13,0,0,1,0,0.02,0,0,2,7,0.14,2,7,1
87,321,0,0,10,0,30,0,1,PROTECTING,Field_4,1,PROTECTING,Field_4,1,PROTECTING,Field_4,1,MOVING_TO_FIELD,Field_4,1,PROTECTING,Field_4,1,MOVING_TO_FIELD,Field_4,1,PROTECTING,Field_20,1,PROTECTING,Field_20,1,MOVING_TO_FIELD,Field_20,1,MOVING_TO_FIELD,Field_20,1,MOVING_TO_FIELD,Field_20,1,MOVING_TO_FIELD,Field_20,1,PROTECTING,Field_5,1,MOVING_TO_FIELD,Field_5,1,MOVING_TO_FIELD,Field_5,1,PROTECTING,Field_5,1,MOVING_TO_FIELD,Field_5,1,MOVING_TO_FIELD,Field_5,1,MOVING_TO_FIELD,Field_7,1,MOVING_TO_FIELD,Field_7,1,MOVING_TO_FIELD,Field_1,1,MOVING_TO_FIELD,Field_1,1,MOVING_TO_FIELD,Field_1,1,MOVING_TO_FIELD,Field_1,1,MOVING_TO_FIELD,Field_20,1,MOVING_TO_FIELD,Field_20,1,MOVING_TO_FIELD,Field_20,1,MOVING_TO_FIELD,Field_6,1,MOVING_TO_FIELD,Field_6,1,MOVING_TO_FIELD,Field_8,1,MOVING_TO_FIELD,Field_1,1,MOVING_TO_FIELD,Field_1,1,MOVING_TO_FIELD,Field_1,1,MOVING_TO_FIELD,Field_1,1,PROTECTING,Field_6,1,PROTECTING,Field_6,1,MOVING_TO_FIELD,Field_6,1,MOVING_TO_FIELD,Field_6,1,MOVING_TO_FIELD,Field_9,1,MOVING_TO_FIELD,Field_9,22,0.06,0,8,4,14,0.08,0,0,2,0,0.04,0,0,4,13,0.04,4,2,0,14,0.01,2,4,0,22,0.03,2,4,2,3,0.04,0,2,3,15,0.00,0,1,2,0,0.07,0,2,3,32,0.22,0,0,6,17,0.18,0,0,4,15,0.00,0,0,1,2,0.04,0,0,2,27,0.34,0,0,6,35,0.22,0,0,6,8,0.09,0,0,2,32,0.18,0,0,2,43,0.15,0,0,1,0,0.00,0,0,2,7,0.14,2,7,1
88,321,0,0,10,0,30,0,1,PROTECTING,Field_4,1,PROTECTING,Field_4,1,PROTECTING,Field_4,1,MOVING_TO_FIELD,Field_4,1,PROTECTING,Field_4,1,MOVING_TO_FIELD,Field_4,1,PROTECTING,Field_20,1,PROTECTING,Field_20,1,MOVING_TO_FIELD,Field_20,1,MOVING_TO_FIELD,Field_20,1,MOVING_TO_FIELD,Field_20,1,MOVING_TO_FIELD,Field_20,1,PROTECTING,Field_5,1,MOVING_TO_FIELD,Field_5,1,MOVING_TO_FIELD,Field_5,1,PROTECTING,Field_5,1,MOVING_TO_FIELD,Field_5,1,MOVING_TO_FIELD,Field_5,1,MOVING_TO_FIELD,Field_7,1,MOVING_TO_FIELD,Field_7,1,MOVING_TO_FIELD,Field_1,1,MOVING_TO_FIELD,Field_1,1,MOVING_TO_FIELD,Field_1,1,MOVING_TO_FIELD,Field_1,1,MOVING_TO_FIELD,Field_20,1,MOVING_TO_FIELD,Field_20,1,MOVING_TO_FIELD,Field_20,1,MOVING_TO_FIELD,Field_6,1,MOVING_TO_FIELD,Field_6,1,MOVING_TO_FIELD,Field_8,1,MOVING_TO_FIELD,Field_1,1,MOVING_TO_FIELD,Field_1,1,MOVING_TO_FIELD,Field_1,1,MOVING_TO_FIELD,Field_1,1,PROTECTING,Field_6,1,PROTECTING,Field_6,1,MOVING_TO_FIELD,Field_6,1,MOVING_TO_FIELD,Field_6,1,MOVING_TO_FIELD,Field_9,1,MOVING_TO_FIELD,Field_9,22,0.06,0,8,4,14,0.08,0,0,2,0,0.04,0,0,4,13,0.04,4,2,0,14,0.01,2,4,0,22,0.02,2,4,2,3,0.04,0,2,3,15,0.00,0,1,2,0,0.08,0,2,3,32,0.22,0,0,6,17,0.17,0,0,4,15,0.00,0,0,1,2,0.05,0,0,2,27,0.34,0,0,6,35,0.21,0,0,6,8,0.10,0,0,2,32,0.18,0,0,2,43,0.17,0,0,1,0,0.00,0,0,2,7,0.12,2,7,1
89,324,0,0,11,0,29,0,1,PROTECTING,Field_4,1,PROTECTING,Field_4,1,PROTECTING,Field_4,1,MOVING_TO_FIELD,Field_4,1,PROTECTING,Field_4,1,MOVING_TO_FIELD,Field_4,1,PROTECTING,Field_20,1,PROTECTING,Field_20,1,MOVING_TO_FIELD,Field_20,1,MOVING_TO_FIELD,Field_20,1,MOVING_TO_FIELD,Field_20,1,MOVING_TO_FIELD,Field_20,1,PROTECTING,Field_5,1,MOVING_TO_FIELD,Field_5,1,MOVING_TO_FIELD,Field_5,1,PROTECTING,Field_5,1,MOVING_TO_FIELD,Field_5,1,MOVING_TO_FIELD,Field_5,1,MOVING_TO_FIELD,Field_7,1,MOVING_TO_FIELD,Field_7,1,MOVING_TO_FIELD,Field_1,1,MOVING_TO_FIELD,Field_1,1,MOVING_TO_FIELD,Field_1,1,MOVING_TO_FIELD,Field_1,1,MOVING_TO_FIELD,Field_20,1,MOVING_TO_FIELD,Field_20,1,MOVING_TO_FIELD,Field_20,1,MOVING_TO_FIELD,Field_6,1,MOVING_TO_FIELD,Field_6,1,MOVING_TO_FIELD,Field_8,1,MOVING_TO_FIELD,Field_1,1,MOVING_TO_FIELD,Field_1,1,MOVING_TO_FIELD,Field_1,1,MOVING_TO_FIELD,Field_1,1,PROTECTING,Field_6,1,PROTECTING,Field_6,1,MOVING_TO_FIELD,Field_6,1,MOVING_TO_FIELD,Field_6,1,PROTECTING,Field_9,1,MOVING_TO_FIELD,Field_9,22,0.06,0,8,4,14,0.09,0,0,2,0,0.04,0,0,4,13,0.04,4,2,0,14,0.01,2,4,0,22,0.02,2,4,2,3,0.05,0,2,3,15,0.00,0,1,2,0,0.07,1,1,2,32,0.20,0,0,6,17,0.17,0,0,4,15,0.03,0,0,1,2,0.05,0,0,2,27,0.34,0,0,6,35,0.20,0,0,6,8,0.10,0,0,2,32,0.18,0,0,2,46,0.15,0,0,1,0,0.00,0,0,2,7,0.12,2,7,1
90,325,0,0,12,0,28,0,1,PROTECTING,Field_4,1,PROTECTING,Field_4,1,PROTECTING,Field_4,1,MOVING_TO_FIELD,Field_4,1,PROTECTING,Field_4,1,MOVING_TO_FIELD,Field_4,1,PROTECTING,Field_20,1,PROTECTING,Field_20,1,MOVING_TO_FIELD,Field_20,1,MOVING_TO_FIELD,Field_20,1,MOVING_TO_FIELD,Field_20,1,MOVING_TO_FIELD,Field_20,1,PROTECTING,Field_5,1,MOVING_TO_FIELD,Field_5,1,MOVING_TO_FIELD,Field_5,1,PROTECTING,Field_5,1,MOVING_TO_FIELD,Field_5,1,MOVING_TO_FIELD,Field_5,1,MOVING_TO_FIELD,Field_7,1,MOVING_TO_FIELD,Field_7,1,MOVING_TO_FIELD,Field_1,1,MOVING_TO_FIELD,Field_1,1,MOVING_TO_FIELD,Field_1,1,PROTECTING,Field_1,1,MOVING_TO_FIELD,Field_20,1,MOVING_TO_FIELD,Field_20,1,MOVING_TO_FIELD,Field_20,1,MOVING_TO_FIELD,Field_6,1,MOVING_TO_FIELD,Field_6,1,MOVING_TO_FIELD,Field_8,1,MOVING_TO_FIELD,Field_1,1,MOVING_TO_FIELD,Field_1,1,MOVING_TO_FIELD,Field_1,1,MOVING_TO_FIELD,Field_1,1,PROTECTING,Field_6,1,PROTECTING,Field_6,1,MOVING_TO_FIELD,Field_6,1,MOVING_TO_FIELD,Field_6,1,PROTECTING,Field_9,1,MOVING_TO_FIELD,Field_9,22,0.05,1,7,3,14,0.07,0,0,2,0,0.04,0,0,4,13,0.04,4,2,0,14,0.00,2,4,0,22,0.01,2,4,2,3,0.05,0,2,3,15,0.00,0,1,2,0,0.07,1,1,2,32,0.21,0,0,6,17,0.17,0,0,4,15,0.03,0,0,1,2,0.05,0,0,2,27,0.35,0,0,6,36,0.22,0,0,6,8,0.09,0,0,2,32,0.18,0,0,2,46,0.17,0,0,1,0,0.00,0,0,2,7,0.12,2,7,1
91,329,0,0,6,0,34,0,1,PROTECTING,Field_4,1,PROTECTING,Field_4,1,PROTECTING,Field_4,1,MOVING_TO_FIELD,Field_4,1,PROTECTING,Field_4,1,MOVING_TO_FIELD,Field_4,1,MOVING_TO_FIELD,Field_5,1,MOVING_TO_FIELD,Field_5,1,MOVING_TO_FIELD,Field_5,1,MOVING_TO_FIELD,Field_5,1,MOVING_TO_FIELD,Field_5,1,MOVING_TO_FIELD,Field_5,1,MOVING_TO_FIELD,Field_20,1,MOVING_TO_FIELD,Field_20,1,MOVING_TO_FIELD,Field_20,1,MOVING_TO_FIELD,Field_20,1,MOVING_TO_FIELD,Field_20,1,MOVING_TO_FIELD,Field_20,1,MOVING_TO_FIELD,Field_7,1,MOVING_TO_FIELD,Field_7,1,MOVING_TO_FIELD,Field_1,1,MOVING_TO_FIELD,Field_1,1,MOVING_TO_FIELD,Field_1,1,PROTECTING,Field_1,1,MOVING_TO_FIELD,Field_8,1,PROTECTING,Field_20,1,MOVING_TO_FIELD,Field_20,1,MOVING_TO_FIELD,Field_20,1,MOVING_TO_FIELD,Field_6,1,MOVING_TO_FIELD,Field_6,1,MOVING_TO_FIELD,Field_9,1,MOVING_TO_FIELD,Field_9,1,MOVING_TO_FIELD,Field_9,1,MOVING_TO_FIELD,Field_2,1,MOVING_TO_FIELD,Field_2,1,MOVING_TO_FIELD,Field_1,1,MOVING_TO_FIELD,Field_1,1,MOVING_TO_FIELD,Field_1,1,MOVING_TO_FIELD,Field_1,1,MOVING_TO_FIELD,Field_2,22,0.05,1,7,3,14,0.08,0,3,2,0,0.03,0,0,4,13,0.04,4,2,0,14,0.00,0,6,2,22,0.01,0,2,4,3,0.05,0,2,3,15,0.00,0,1,2,0,0.07,0,3,3,33,0.22,0,0,6,17,0.16,0,0,4,15,0.03,0,0,1,2,0.07,0,0,2,27,0.34,0,0,6,36,0.23,0,0,6,9,0.09,0,0,2,33,0.16,0,0,2,47,0.19,0,0,1,0,0.00,0,0,2,7,0.10,1,8,2
92,334,0,0,8,0,32,0,1,PROTECTING,Field_4,1,PROTECTING,Field_4,1,PROTECTING,Field_4,1,MOVING_TO_FIELD,Field_4,1,PROTECTING,Field_4,1,MOVING_TO_FIELD,Field_4,1,MOVING_TO_FIELD,Field_5,1,MOVING_TO_FIELD,Field_5,1,MOVING_TO_FIELD,Field_5,1,MOVING_TO_FIELD,Field_5,1,MOVING_TO_FIELD,Field_5,1,MOVING_TO_FIELD,Field_5,1,MOVING_TO_FIELD,Field_20,1,MOVING_TO_FIELD,Field_20,1,MOVING_TO_FIELD,Field_20,1,MOVING_TO_FIELD,Field_20,1,MOVING_TO_FIELD,Field_20,1,MOVING_TO_FIELD,Field_20,1,MOVING_TO_FIELD,Field_7,1,PROTECTING,Field_7,1,PROTECTING,Field_1,1,MOVING_TO_FIELD,Field_1,1,MOVING_TO_FIELD,Field_1,1,PROTECTING,Field_1,1,MOVING_TO_FIELD,Field_8,1,PROTECTING,Field_20,1,MOVING_TO_FIELD,Field_20,1,MOVING_TO_FIELD,Field_20,1,MOVING_TO_FIELD,Field_6,1,MOVING_TO_FIELD,Field_6,1,MOVING_TO_FIELD,Field_9,1,MOVING_TO_FIELD,Field_9,1,MOVING_TO_FIELD,Field_9,1,MOVING_TO_FIELD,Field_2,1,MOVING_TO_FIELD,Field_2,1,MOVING_TO_FIELD,Field_1,1,MOVING_TO_FIELD,Field_1,1,MOVING_TO_FIELD,Field_1,1,MOVING_TO_FIELD,Field_1,1,MOVING_TO_FIELD,Field_2,22,0.04,2,6,2,15,0.08,0,3,2,0,0.03,0,0,4,13,0.03,4,2,0,14,0.00,0,6,2,22,0.01,0,2,4,3,0.05,1,1,2,15,0.00,0,1,2,0,0.07,0,3,3,33,0.22,0,0,6,17,0.17,0,0,4,15,0.06,0,0,1,2,0.07,0,0,2,27,0.34,0,0,6,36,0.23,0,0,6,10,0.07,0,0,2,35,0.16,0,0,2,48,0.20,0,0,1,0,0.00,0,0,2,7,0.10,1,8,2
93,335,0,0,8,0,32,0,1,PROTECTING,Field_4,1,PROTECTING,Field_4,1,PROTECTING,Field_4,1,MOVING_TO_FIELD,Field_4,1,PROTECTING,Field_4,1,MOVING_TO_FIELD,Field_4,1,MOVING_TO_FIELD,Field_5,1,MOVING_TO_FIELD,Field_5,1,MOVING_TO_FIELD,Field_5,1,MOVING_TO_FIELD,Field_5,1,MOVING_TO_FIELD,Field_5,1,MOVING_TO_FIELD,Field_5,1,MOVING_TO_FIELD,Field_20,1,MOVING_TO_FIELD,Field_20,1,MOVING_TO_FIELD,Field_20,1,MOVING_TO_FIELD,Field_20,1,MOVING_TO_FIELD,Field_20,1,MOVING_TO_FIELD,Field_20,1,MOVING_TO_FIELD,Field_7,1,PROTECTING,Field_7,1,PROTECTING,Field_1,1,MOVING_TO_FIELD,Field_1,1,MOVING_TO_FIELD,Field_1,1,PROTECTING,Field_1,1,MOVING_TO_FIELD,Field_8,1,PROTECTING,Field_20,1,MOVING_TO_FIELD,Field_20,1,MOVING_TO_FIELD,Field_20,1,MOVING_TO_FIELD,Field_6,1,MOVING_TO_FIELD,Field_6,1,MOVING_TO_FIELD,Field_9,1,MOVING_TO_FIELD,Field_9,1,MOVING_TO_FIELD,Field_9,1,MOVING_TO_FIELD,Field_2,1,MOVING_TO_FIELD,Field_2,1,MOVING_TO_FIELD,Field_1,1,MOVING_TO_FIELD,Field_1,1,MOVING_TO_FIELD,Field_1,1,MOVING_TO_FIELD,Field_1,1,MOVING_TO_FIELD,Field_2,22,0.03,2,6,2,15,0.08,0,3,2,0,0.03,0,0,4,13,0.04,4,2,0,14,0.00,0,6,2,22,0.01,0,2,4,3,0.05,1,1,2,15,0.00,0,1,2,0,0.07,0,3,3,33,0.22,0,0,6,17,0.17,0,0,4,15,0.06,0,0,1,2,0.07,0,0,2,28,0.32,0,0,6,36,0.23,0,0,6,10,0.07,0,0,2,35,0.16,0,0,2,48,0.19,0,0,1,0,0.00,0,0,2,7,0.10,1,8,2
94,337,0,0,9,0,31,0,1,PROTECTING,Field_4,1,PROTECTING,Field_4,1,PROTECTING,Field_4,1,MOVING_TO_FIELD,Field_4,1,PROTECTING,Field_4,1,MOVING_TO_FIELD,Field_4,1,MOVING_TO_FIELD,Field_5,1,MOVING_TO_FIELD,Field_5,1,MOVING_TO_FIELD,Field_5,1,MOVING_TO_FIELD,Field_5,1,MOVING_TO_FIELD,Field_5,1,MOVING_TO_FIELD,Field_5,1,MOVING_TO_FIELD,Field_20,1,MOVING_TO_FIELD,Field_20,1,MOVING_TO_FIELD,Field_20,1,MOVING_TO_FIELD,Field_20,1,MOVING_TO_FIELD,Field_20,1,MOVING_TO_FIELD,Field_20,1,MOVING_TO_FIELD,Field_7,1,PROTECTING,Field_7,1,PROTECTING,Field_1,1,MOVING_TO_FIELD,Field_1,1,MOVING_TO_FIELD,Field_1,1,PROTECTING,Field_1,1,MOVING_TO_FIELD,Field_8,1,PROTECTING,Field_20,1,PROTECTING,Field_20,1,MOVING_TO_FIELD,Field_20,1,MOVING_TO_FIELD,Field_6,1,MOVING_TO_FIELD,Field_6,1,MOVING_TO_FIELD,Field_9,1,MOVING_TO_FIELD,Field_9,1,MOVING_TO_FIELD,Field_9,1,MOVING_TO_FIELD,Field_2,1,MOVING_TO_FIELD,Field_2,1,MOVING_TO_FIELD,Field_1,1,MOVING_TO_FIELD,Field_1,1,MOVING_TO_FIELD,Field_1,1,MOVING_TO_FIELD,Field_1,1,MOVING_TO_FIELD,Field_2,22,0.03,2,6,2,15,0.08,0,3,2,0,0.04,0,0,4,13,0.04,4,2,0,14,0.00,0,6,2,22,0.01,0,2,4,3,0.03,1,1,2,15,0.00,0,1,2,0,0.07,0,3,3,33,0.22,0,0,6,17,0.20,0,0,4,15,0.09,0,0,1,2,0.05,0,0,2,29,0.32,0,0,6,36,0.22,0,0,6,11,0.09,0,0,2,35,0.16,0,0,2,48,0.17,0,0,1,0,0.00,0,0,2,7,0.08,2,7,1
95,338,0,0,11,0,29,0,1,PROTECTING,Field_4,1,PROTECTING,Field_4,1,PROTECTING,Field_4,1,MOVING_TO_FIELD,Field_4,1,PROTECTING,Field_4,1,MOVING_TO_FIELD,Field_4,1,MOVING_TO_FIELD,Field_5,1,MOVING_TO_FIELD,Field_5,1,MOVING_TO_FIELD,Field_5,1,MOVING_TO_FIELD,Field_5,1,MOVING_TO_FIELD,Field_5,1,MOVING_TO_FIELD,Field_5,1,MOVING_TO_FIELD,Field_20,1,MOVING_TO_FIELD,Field_20,1,MOVING_TO_FIELD,Field_20,1,MOVING_TO_FIELD,Field_20,1,MOVING_TO_FIELD,Field_20,1,MOVING_TO_FIELD,Field_20,1,MOVING_TO_FIELD,Field_7,1,PROTECTING,Field_7,1,PROTECTING,Field_1,1,MOVING_TO_FIELD,Field_1,1,MOVING_TO_FIELD,Field_1,1,PROTECTING,Field_1,1,MOVING_TO_FIELD,Field_8,1,PROTECTING,Field_20,1,PROTECTING,Field_20,1,MOVING_TO_FIELD,Field_20,1,PROTECTING,Field_6,1,MOVING_TO_FIELD,Field_6,1,MOVING_TO_FIELD,Field_9,1,MOVING_TO_FIELD,Field_9,1,MOVING_TO_FIELD,Field_9,1,MOVING_TO_FIELD,Field_2,1,MOVING_TO_FIELD,Field_2,1,MOVING_TO_FIELD,Field_1,1,MOVING_TO_FIELD,Field_1,1,PROTECTING,Field_1,1,MOVING_TO_FIELD,Field_1,1,MOVING_TO_FIELD,Field_2,22,0.03,3,5,1,15,0.08,0,3,2,0,0.04,0,0,4,13,0.06,4,2,0,14,0.00,0,6,2,22,0.01,1,1,3,3,0.02,1,1,2,15,0.00,0,1,2,0,0.06,0,3,3,33,0.22,0,0,6,17,0.20,0,0,4,15,0.12,0,0,1,2,0.05,0,0,2,29,0.31,0,0,6,37,0.22,0,0,6,11,0.10,0,0,2,35,0.16,0,0,2,48,0.17,0,0,1,0,0.00,0,0,2,7,0.06,2,7,1
96,340,0,0,14,0,26,0,1,PROTECTING,Field_4,1,PROTECTING,Field_4,1,PROTECTING,Field_4,1,MOVING_TO_FIELD,Field_4,1,PROTECTING,Field_4,1,MOVING_TO_FIELD,Field_4,1,PROTECTING,Field_5,1,MOVING_TO_FIELD,Field_5,1,MOVING_TO_FIELD,Field_5,1,MOVING_TO_FIELD,Field_5,1,PROTECTING,Field_5,1,MOVING_TO_FIELD,Field_5,1,MOVING_TO_FIELD,Field_20,1,MOVING_TO_FIELD,Field_20,1,MOVING_TO_FIELD,Field_20,1,PROTECTING,Field_20,1,MOVING_TO_FIELD,Field_20,1,MOVING_TO_FIELD,Field_20,1,MOVING_TO_FIELD,Field_7,1,PROTECTING,Field_7,1,PROTECTING,Field_1,1,MOVING_TO_FIELD,Field_1,1,MOVING_TO_FIELD,Field_1,1,PROTECTING,Field_1,1,MOVING_TO_FIELD,Field_8,1,PROTECTING,Field_20,1,PROTECTING,Field_20,1,MOVING_TO_FIELD,Field_20,1,PROTECTING,Field_6,1,MOVING_TO_FIELD,Field_6,1,MOVING_TO_FIELD,Field_9,1,MOVING_TO_FIELD,Field_9,1,MOVING_TO_FIELD,Field_9,1,MOVING_TO_FIELD,Field_2,1,MOVING_TO_FIELD,Field_2,1,MOVING_TO_FIELD,Field_1,1,MOVING_TO_FIELD,Field_1,1,PROTECTING,Field_1,1,MOVING_TO_FIELD,Field_1,1,MOVING_TO_FIELD,Field_2,22,0.02,3,5,1,15,0.07,0,3,2,0,0.03,0,0,4,13,0.06,4,2,0,14,0.00,2,4,0,22,0.01,1,1,3,3,0.02,1,1,2,15,0.00,0,1,2,0,0.06,0,3,3,33,0.23,0,0,6,17,0.20,0,0,4,15,0.12,0,0,1,2,0.05,0,0,2,29,0.32,0,0,6,38,0.23,0,0,6,11,0.09,0,0,2,35,0.15,0,0,2,49,0.17,0,0,1,0,0.00,0,0,2,7,0.06,3,6,0
97,342,0,0,17,0,23,0,1,PROTECTING,Field_4,1,PROTECTING,Field_4,1,PROTECTING,Field_4,1,MOVING_TO_FIELD,Field_4,1,PROTECTING,Field_4,1,MOVING_TO_FIELD,Field_4,1,PROTECTING,Field_5,1,MOVING_TO_FIELD,Field_5,1,MOVING_TO_FIELD,Field_5,1,PROTECTING,Field_5,1,PROTECTING,Field_5,1,MOVING_TO_FIELD,Field_5,1,MOVING_TO_FIELD,Field_20,1,MOVING_TO_FIELD,Field_20,1,MOVING_TO_FIELD,Field_20,1,PROTECTING,Field_20,1,PROTECTING,Field_20,1,MOVING_TO_FIELD,Field_20,1,MOVING_TO_FIELD,Field_7,1,PROTECTING,Field_7,1,PROTECTING,Field_1,1,MOVING_TO_FIELD,Field_1,1,MOVING_TO_FIELD,Field_1,1,PROTECTING,Field_1,1,MOVING_TO_FIELD,Field_8,1,PROTECTING,Field_20,1,PROTECTING,Field_20,1,MOVING_TO_FIELD,Field_20,1,PROTECTING,Field_6,1,MOVING_TO_FIELD,Field_6,1,MOVING_TO_FIELD,Field_9,1,PROTECTING,Field_9,1,MOVING_TO_FIELD,Field_9,1,MOVING_TO_FIELD,Field_2,1,MOVING_TO_FIELD,Field_2,1,MOVING_TO_FIELD,Field_1,1,MOVING_TO_FIELD,Field_1,1,PROTECTING,Field_1,1,MOVING_TO_FIELD,Field_1,1,MOVING_TO_FIELD,Field_2,22,0.03,3,5,1,15,0.08,0,3,2,0,0.03,0,0,4,13,0.06,4,2,0,14,0.00,3,3,-1,22,0.01,1,1,3,3,0.02,1,1,2,15,0.00,0,1,2,0,0.04,1,2,2,33,0.22,0,0,6,17,0.20,0,0,4,15,0.12,0,0,1,2,0.05,0,0,2,29,0.31,0,0,6,39,0.24,0,0,6,11,0.10,0,0,2,35,0.10,0,0,2,50,0.17,0,0,1,0,0.00,0,0,2,7,0.06,4,5,-1
98,342,0,0,19,0,21,0,1,PROTECTING,Field_4,1,PROTECTING,Field_4,1,PROTECTING,Field_4,1,MOVING_TO_FIELD,Field_4,1,PROTECTING,Field_4,1,MOVING_TO_FIELD,Field_4,1,PROTECTING,Field_5,1,PROTECTING,Field_5,1,MOVING_TO_FIELD,Field_5,1,PROTECTING,Field_5,1,PROTECTING,Field_5,1,MOVING_TO_FIELD,Field_5,1,PROTECTING,Field_20,1,MOVING_TO_FIELD,Field_20,1,MOVING_TO_FIELD,Field_20,1,PROTECTING,Field_20,1,PROTECTING,Field_20,1,MOVING_TO_FIELD,Field_20,1,MOVING_TO_FIELD,Field_7,1,PROTECTING,Field_7,1,PROTECTING,Field_1,1,MOVING_TO_FIELD,Field_1,1,MOVING_TO_FIELD,Field_1,1,PROTECTING,Field_1,1,MOVING_TO_FIELD,Field_8,1,PROTECTING,Field_20,1,PROTECTING,Field_20,1,MOVING_TO_FIELD,Field_20,1,PROTECTING,Field_6,1,MOVING_TO_FIELD,Field_6,1,MOVING_TO_FIELD,Field_9,1,PROTECTING,Field_9,1,MOVING_TO_FIELD,Field_9,1,MOVING_TO_FIELD,Field_2,1,MOVING_TO_FIELD,Field_2,1,MOVING_TO_FIELD,Field_1,1,MOVING_TO_FIELD,Field_1,1,PROTECTING,Field_1,1,MOVING_TO_FIELD,Field_1,1,MOVING_TO_FIELD,Field_2,22,0.03,3,5,1,15,0.08,0,3,2,0,0.03,0,0,4,13,0.07,4,2,0,14,0.00,4,2,-2,22,0.01,1,1,3,3,0.01,1,1,2,15,0.00,0,1,2,0,0.03,1,2,2,33,0.20,0,0,6,17,0.18,0,0,4,15,0.12,0,0,1,2,0.04,0,0,2,29,0.30,0,0,6,39,0.25,0,0,6,11,0.09,0,0,2,35,0.11,0,0,2,50,0.19,0,0,1,0,0.00,0,0,2,7,0.06,5,4,-2
99,343,0,0,21,0,19,0,1,PROTECTING,Field_4,1,PROTECTING,Field_4,1,PROTECTING,Field_4,1,MOVING_TO_FIELD,Field_4,1,PROTECTING,Field_4,1,MOVING_TO_FIELD,Field_4,1,PROTECTING,Field_5,1,PROTECTING,Field_5,1,PROTECTING,Field_5,1,PROTECTING,Field_5,1,PROTECTING,Field_5,1,MOVING_TO_FIELD,Field_5,1,PROTECTING,Field_20,1,MOVING_TO_FIELD,Field_20,1,MOVING_TO_FIELD,Field_20,1,PROTECTING,Field_20,1,PROTECTING,Field_20,1,MOVING_TO_FIELD,Field_20,1,MOVING_TO_FIELD,Field_7,1,PROTECTING,Field_7,1,PROTECTING,Field_1,1,MOVING_TO_FIELD,Field_1,1,MOVING_TO_FIELD,Field_1,1,PROTECTING,Field_1,1,MOVING_TO_FIELD,Field_8,1,PROTECTING,Field_20,1,PROTECTING,Field_20,1,MOVING_TO_FIELD,Field_20,1,PROTECTING,Field_6,1,MOVING_TO_FIELD,Field_6,1,MOVING_TO_FIELD,Field_9,1,PROTECTING,Field_9,1,MOVING_TO_FIELD,Field_9,1,PROTECTING,Field_2,1,MOVING_TO_FIELD,Field_2,1,MOVING_TO_FIELD,Field_1,1,MOVING_TO_FIELD,Field_1,1,PROTECTING,Field_1,1,MOVING_TO_FIELD,Field_1,1,MOVING_TO_FIELD,Field_2,22,0.03,3,5,1,15,0.05,1,2,1,0,0.03,0,0,4,13,0.07,4,2,0,14,0.00,5,1,-3,22,0.01,1,1,3,3,0.01,1,1,2,15,0.00,0,1,2,0,0.03,1,2,2,33,0.19,0,0,6,17,0.17,0,0,4,15,0.12,0,0,1,2,0.04,0,0,2,29,0.31,0,0,6,39,0.26,0,0,6,11,0.09,0,0,2,35,0.11,0,0,2,51,0.19,0,0,1,0,0.02,0,0,2,7,0.04,5,4,-2
100,343,0,0,22,0,18,0,1,PROTECTING,Field_4,1,PROTECTING,Field_4,1,PROTECTING,Field_4,1,PROTECTING,Field_4,1,PROTECTING,Field_4,1,MOVING_TO_FIELD,Field_4,1,PROTECTING,Field_5,1,PROTECTING,Field_5,1,PROTECTING,Field_5,1,PROTECTING,Field_5,1,PROTECTING,Field_5,1,MOVING_TO_FIELD,Field_5,1,PROTECTING,Field_20,1,MOVING_TO_FIELD,Field_20,1,MOVING_TO_FIELD,Field_20,1,PROTECTING,Field_20,1,PROTECTING,Field_20,1,MOVING_TO_FIELD,Field_20,1,MOVING_TO_FIELD,Field_7,1,PROTECTING,Field_7,1,PROTECTING,Field_1,1,MOVING_TO_FIELD,Field_1,1,MOVING_TO_FIELD,Field_1,1,PROTECTING,Field_1,1,MOVING_TO_FIELD,Field_8,1,PROTECTING,Field_20,1,PROTECTING,Field_20,1,MOVING_TO_FIELD,Field_20,1,PROTECTING,Field_6,1,MOVING_TO_FIELD,Field_6,1,MOVING_TO_FIELD,Field_9,1,PROTECTING,Field_9,1,MOVING_TO_FIELD,Field_9,1,PROTECTING,Field_2,1,MOVING_TO_FIELD,Field_2,1,MOVING_TO_FIELD,Field_1,1,MOVING_TO_FIELD,Field_1,1,PROTECTING,Field_1,1,MOVING_TO_FIELD,Field_1,1,MOVING_TO_FIELD,Field_2,22,0.03,3,5,1,15,0.05,1,2,1,0,0.03,0,0,4,13,0.07,5,1,-1,14,0.00,5,1,-3,22,0.01,1,1,3,3,0.00,1,1,2,15,0.00,0,1,2,0,0.04,1,2,2,33,0.19,0,0,6,17,0.17,0,0,4,15,0.12,0,0,1,2,0.04,0,0,2,29,0.30,0,0,6,39,0.26,0,0,6,11,0.10,0,0,2,35,0.13,0,0,2,51,0.20,0,0,1,0,0.02,0,0,2,7,0.04,5,4,-2
101,345,0,0,14,0,26,0,1,PROTECTING,Field_4,1,PROTECTING,Field_4,1,PROTECTING,Field_4,1,PROTECTING,Field_4,1,PROTECTING,Field_4,1,MOVING_TO_FIELD,Field_4,1,PROTECTING,Field_5,1,PROTECTING,Field_5,1,PROTECTING,Field_5,1,PROTECTING,Field_5,1,PROTECTING,Field_5,1,MOVING_TO_FIELD,Field_5,1,MOVING_TO_FIELD,Field_8,1,MOVING_TO_FIELD,Field_20,1,MOVING_TO_FIELD,Field_20,1,PROTECTING,Field_20,1,PROTECTING,Field_20,1,MOVING_TO_FIELD,Field_20,1,MOVING_TO_FIELD,Field_20,1,MOVING_TO_FIELD,Field_1,1,PROTECTING,Field_1,1,MOVING_TO_FIELD,Field_1,1,MOVING_TO_FIELD,Field_1,1,MOVING_TO_FIELD,Field_7,1,MOVING_TO_FIELD,Field_7,1,MOVING_TO_FIELD,Field_2,1,MOVING_TO_FIELD,Field_6,1,MOVING_TO_FIELD,Field_6,1,MOVING_TO_FIELD,Field_4,1,MOVING_TO_FIELD,Field_4,1,MOVING_TO_FIELD,Field_4,1,MOVING_TO_FIELD,Field_4,1,MOVING_TO_FIELD,Field_2,1,PROTECTING,Field_2,1,MOVING_TO_FIELD,Field_9,1,MOVING_TO_FIELD,Field_9,1,MOVING_TO_FIELD,Field_9,1,MOVING_TO_FIELD,Field_3,1,MOVING_TO_FIELD,Field_3,1,MOVING_TO_FIELD,Field_20,22,0.03,1,3,3,15,0.05,1,2,1,0,0.03,0,2,4,13,0.04,5,5,-1,14,0.00,5,1,-3,22,0.01,0,2,4,3,0.00,0,2,3,15,0.00,0,1,2,0,0.03,0,3,3,34,0.18,0,0,6,17,0.17,0,0,4,15,0.12,0,0,1,2,0.05,0,0,2,29,0.30,0,0,6,39,0.25,0,0,6,11,0.07,0,0,2,35,0.13,0,0,2,52,0.19,0,0,1,0,0.02,0,0,2,7,0.04,2,5,1
102,349,0,0,15,0,25,0,1,PROTECTING,Field_4,1,PROTECTING,Field_4,1,PROTECTING,Field_4,1,PROTECTING,Field_4,1,PROTECTING,Field_4,1,MOVING_TO_FIELD,Field_4,1,PROTECTING,Field_5,1,PROTECTING,Field_5,1,PROTECTING,Field_5,1,PROTECTING,Field_5,1,PROTECTING,Field_5,1,MOVING_TO_FIELD,Field_5,1,MOVING_TO_FIELD,Field_8,1,MOVING_TO_FIELD,Field_20,1,MOVING_TO_FIELD,Field_20,1,PROTECTING,Field_20,1,PROTECTING,Field_20,1,MOVING_TO_FIELD,Field_20,1,MOVING_TO_FIELD,Field_20,1,MOVING_TO_FIELD,Field_1,1,PROTECTING,Field_1,1,MOVING_TO_FIELD,Field_1,1,PROTECTING,Field_1,1,MOVING_TO_FIELD,Field_7,1,MOVING_TO_FIELD,Field_7,1,MOVING_TO_FIELD,Field_2,1,MOVING_TO_FIELD,Field_6,1,MOVING_TO_FIELD,Field_6,1,MOVING_TO_FIELD,Field_4,1,MOVING_TO_FIELD,Field_4,1,MOVING_TO_FIELD,Field_4,1,MOVING_TO_FIELD,Field_4,1,MOVING_TO_FIELD,Field_2,1,PROTECTING,Field_2,1,MOVING_TO_FIELD,Field_9,1,MOVING_TO_FIELD,Field_9,1,MOVING_TO_FIELD,Field_9,1,MOVING_TO_FIELD,Field_3,1,MOVING_TO_FIELD,Field_3,1,MOVING_TO_FIELD,Field_20,22,0.02,2,2,2,15,0.05,1,2,1,0,0.03,0,2,4,13,0.04,5,5,-1,14,0.00,5,1,-3,22,0.02,0,2,4,3,0.00,0,2,3,15,0.00,0,1,2,0,0.03,0,3,3,34,0.18,0,0,6,19,0.18,0,0,4,17,0.12,0,0,1,2,0.05,0,0,2,29,0.31,0,0,6,39,0.26,0,0,6,11,0.06,0,0,2,35,0.15,0,0,2,52,0.20,0,0,1,0,0.02,0,0,2,7,0.04,2,5,1
103,350,0,0,15,0,25,0,1,PROTECTING,Field_4,1,PROTECTING,Field_4,1,PROTECTING,Field_4,1,PROTECTING,Field_4,1,PROTECTING,Field_4,1,MOVING_TO_FIELD,Field_4,1,PROTECTING,Field_5,1,PROTECTING,Field_5,1,PROTECTING,Field_5,1,PROTECTING,Field_5,1,PROTECTING,Field_5,1,MOVING_TO_FIELD,Field_5,1,MOVING_TO_FIELD,Field_8,1,MOVING_TO_FIELD,Field_20,1,MOVING_TO_FIELD,Field_20,1,PROTECTING,Field_20,1,PROTECTING,Field_20,1,MOVING_TO_FIELD,Field_20,1,MOVING_TO_FIELD,Field_20,1,MOVING_TO_FIELD,Field_1,1,PROTECTING,Field_1,1,MOVING_TO_FIELD,Field_1,1,PROTECTING,Field_1,1,MOVING_TO_FIELD,Field_7,1,MOVING_TO_FIELD,Field_7,1,MOVING_TO_FIELD,Field_2,1,MOVING_TO_FIELD,Field_6,1,MOVING_TO_FIELD,Field_6,1,MOVING_TO_FIELD,Field_4,1,MOVING_TO_FIELD,Field_4,1,MOVING_TO_FIELD,Field_4,1,MOVING_TO_FIELD,Field_4,1,MOVING_TO_FIELD,Field_2,1,PROTECTING,Field_2,1,MOVING_TO_FIELD,Field_9,1,MOVING_TO_FIELD,Field_9,1,MOVING_TO_FIELD,Field_9,1,MOVING_TO_FIELD,Field_3,1,MOVING_TO_FIELD,Field_3,1,MOVING_TO_FIELD,Field_20,22,0.02,2,2,2,15,0.04,1,2,1,0,0.03,0,2,4,13,0.04,5,5,-1,14,0.00,5,1,-3,22,0.03,0,2,4,3,0.00,0,2,3,15,0.00,0,1,2,0,0.04,0,3,3,34,0.18,0,0,6,19,0.18,0,0,4,17,0.12,0,0,1,2,0.05,0,0,2,29,0.31,0,0,6,39,0.25,0,0,6,11,0.07,0,0,2,35,0.15,0,0,2,53,0.19,0,0,1,0,0.02,0,0,2,7,0.04,2,5,1
104,352,0,0,17,0,23,0,1,PROTECTING,Field_4,1,PROTECTING,Field_4,1,PROTECTING,Field_4,1,PROTECTING,Field_4,1,PROTECTING,Field_4,1,MOVING_TO_FIELD,Field_4,1,PROTECTING,Field_5,1,PROTECTING,Field_5,1,PROTECTING,Field_5,1,PROTECTING,Field_5,1,PROTECTING,Field_5,1,PROTECTING,Field_5,1,MOVING_TO_FIELD,Field_8,1,PROTECTING,Field_20,1,MOVING_TO_FIELD,Field_20,1,PROTECTING,Field_20,1,PROTECTING,Field_20,1,MOVING_TO_FIELD,Field_20,1,MOVING_TO_FIELD,Field_20,1,MOVING_TO_FIELD,Field_1,1,PROTECTING,Field_1,1,MOVING_TO_FIELD,Field_1,1,PROTECTING,Field_1,1,MOVING_TO_FIELD,Field_7,1,MOVING_TO_FIELD,Field_7,1,MOVING_TO_FIELD,Field_2,1,MOVING_TO_FIELD,Field_6,1,MOVING_TO_FIELD,Field_6,1,MOVING_TO_FIELD,Field_4,1,MOVING_TO_FIELD,Field_4,1,MOVING_TO_FIELD,Field_4,1,MOVING_TO_FIELD,Field_4,1,MOVING_TO_FIELD,Field_2,1,PROTECTING,Field_2,1,MOVING_TO_FIELD,Field_9,1,MOVING_TO_FIELD,Field_9,1,MOVING_TO_FIELD,Field_9,1,MOVING_TO_FIELD,Field_3,1,MOVING_TO_FIELD,Field_3,1,MOVING_TO_FIELD,Field_20,22,0.02,2,2,2,15,0.04,1,2,1,0,0.03,0,2,4,13,0.06,5,5,-1,14,0.00,6,0,-4,22,0.02,0,2,4,3,0.00,0,2,3,15,0.00,0,1,2,0,0.04,0,3,3,34,0.18,0,0,6,19,0.18,0,0,4,17,0.12,0,0,1,2,0.05,0,0,2,30,0.31,0,0,6,39,0.25,0,0,6,11,0.09,0,0,2,36,0.15,0,0,2,53,0.17,0,0,1,0,0.03,0,0,2,7,0.02,3,4,0
105,354,0,0,17,0,23,0,1,PROTECTING,Field_4,1,PROTECTING,Field_4,1,PROTECTING,Field_4,1,PROTECTING,Field_4,1,PROTECTING,Field_4,1,MOVING_TO_FIELD,Field_4,1,PROTECTING,Field_5,1,PROTECTING,Field_5,1,PROTECTING,Field_5,1,PROTECTING,Field_5,1,PROTECTING,Field_5,1,PROTECTING,Field_5,1,MOVING_TO_FIELD,Field_8,1,PROTECTING,Field_20,1,MOVING_TO_FIELD,Field_20,1,PROTECTING,Field_20,1,PROTECTING,Field_20,1,MOVING_TO_FIELD,Field_20,1,MOVING_TO_FIELD,Field_20,1,MOVING_TO_FIELD,Field_1,1,PROTECTING,Field_1,1,MOVING_TO_FIELD,Field_1,1,PROTECTING,Field_1,1,MOVING_TO_FIELD,Field_7,1,MOVING_TO_FIELD,Field_7,1,MOVING_TO_FIELD,Field_2,1,MOVING_TO_FIELD,Field_6,1,MOVING_TO_FIELD,Field_6,1,MOVING_TO_FIELD,Field_4,1,MOVING_TO_FIELD,Field_4,1,MOVING_TO_FIELD,Field_4,1,MOVING_TO_FIELD,Field_4,1,MOVING_TO_FIELD,Field_2,1,PROTECTING,Field_2,1,MOVING_TO_FIELD,Field_9,1,MOVING_TO_FIELD,Field_9,1,MOVING_TO_FIELD,Field_9,1,MOVING_TO_FIELD,Field_3,1,MOVING_TO_FIELD,Field_3,1,MOVING_TO_FIELD,Field_20,22,0.02,2,2,2,15,0.04,1,2,1,0,0.03,0,2,4,13,0.06,5,5,-1,14,0.00,6,0,-4,22,0.03,0,2,4,3,0.00,0,2,3,15,0.00,0,1,2,0,0.06,0,3,3,34,0.18,0,0,6,20,0.17,0,0,4,17,0.12,0,0,1,2,0.05,0,0,2,30,0.31,0,0,6,39,0.27,0,0,6,11,0.09,0,0,2,36,0.15,0,0,2,54,0.17,0,0,1,0,0.02,0,0,2,7,0.02,3,4,0
106,356,0,0,19,0,21,0,1,PROTECTING,Field_4,1,PROTECTING,Field_4,1,PROTECTING,Field_4,1,PROTECTING,Field_4,1,PROTECTING,Field_4,1,PROTECTING,Field_4,1,PROTECTING,Field_5,1,PROTECTING,Field_5,1,PROTECTING,Field_5,1,PROTECTING,Field_5,1,PROTECTING,Field_5,1,PROTECTING,Field_5,1,MOVING_TO_FIELD,Field_8,1,PROTECTING,Field_20,1,MOVING_TO_FIELD,Field_20,1,PROTECTING,Field_20,1,PROTECTING,Field_20,1,MOVING_TO_FIELD,Field_20,1,MOVING_TO_FIELD,Field_20,1,MOVING_TO_FIELD,Field_1,1,PROTECTING,Field_1,1,MOVING_TO_FIELD,Field_1,1,PROTECTING,Field_1,1,MOVING_TO_FIELD,Field_7,1,MOVING_TO_FIELD,Field_7,1,MOVING_TO_FIELD,Field_2,1,MOVING_TO_FIELD,Field_6,1,MOVING_TO_FIELD,Field_6,1,MOVING_TO_FIELD,Field_4,1,MOVING_TO_FIELD,Field_4,1,MOVING_TO_FIELD,Field_4,1,MOVING_TO_FIELD,Field_4,1,MOVING_TO_FIELD,Field_2,1,PROTECTING,Field_2,1,MOVING_TO_FIELD,Field_9,1,MOVING_TO_FIELD,Field_9,1,MOVING_TO_FIELD,Field_9,1,MOVING_TO_FIELD,Field_3,1,PROTECTING,Field_3,1,MOVING_TO_FIELD,Field_20,22,0.02,2,2,2,15,0.05,1,2,1,0,0.03,1,1,3,13,0.06,6,4,-2,14,0.00,6,0,-4,22,0.03,0,2,4,3,0.00,0,2,3,15,0.00,0,1,2,0,0.06,0,3,3,34,0.19,0,0,6,20,0.18,0,0,4,17,0.15,0,0,1,2,0.07,0,0,2,30,0.31,0,0,6,39,0.28,0,0,6,11,0.09,0,0,2,37,0.15,0,0,2,55,0.17,0,0,1,0,0.02,0,0,2,7,0.02,3,4,0
107,358,0,0,20,0,20,0,1,PROTECTING,Field_4,1,PROTECTING,Field_4,1,PROTECTING,Field_4,1,PROTECTING,Field_4,1,PROTECTING,Field_4,1,PROTECTING,Field_4,1,PROTECTING,Field_5,1,PROTECTING,Field_5,1,PROTECTING,Field_5,1,PROTECTING,Field_5,1,PROTECTING,Field_5,1,PROTECTING,Field_5,1,MOVING_TO_FIELD,Field_8,1,PROTECTING,Field_20,1,PROTECTING,Field_20,1,PROTECTING,Field_20,1,PROTECTING,Field_20,1,MOVING_TO_FIELD,Field_20,1,MOVING_TO_FIELD,Field_20,1,MOVING_TO_FIELD,Field_1,1,PROTECTING,Field_1,1,MOVING_TO_FIELD,Field_1,1,PROTECTING,Field_1,1,MOVING_TO_FIELD,Field_7,1,MOVING_TO_FIELD,Field_7,1,MOVING_TO_FIELD,Field_2,1,MOVING_TO_FIELD,Field_6,1,MOVING_TO_FIELD,Field_6,1,MOVING_TO_FIELD,Field_4,1,MOVING_TO_FIELD,Field_4,1,MOVING_TO_FIELD,Field_4,1,MOVING_TO_FIELD,Field_4,1,MOVING_TO_FIELD,Field_2,1,PROTECTING,Field_2,1,MOVING_TO_FIELD,Field_9,1,MOVING_TO_FIELD,Field_9,1,MOVING_TO_FIELD,Field_9,1,MOVING_TO_FIELD,Field_3,1,PROTECTING,Field_3,1,MOVING_TO_FIELD,Field_20,22,0.03,2,2,2,15,0.05,1,2,1,0,0.03,1,1,3,13,0.04,6,4,-2,14,0.02,6,0,-4,22,0.04,0,2,4,3,0.00,0,2,3,15,0.00,0,1,2,0,0.06,0,3,3,34,0.19,0,0,6,20,0.18,0,0,4,17,0.15,0,0,1,2,0.05,0,0,2,32,0.31,0,0,6,39,0.27,0,0,6,11,0.10,0,0,2,37,0.13,0,0,2,55,0.17,0,0,1,0,0.03,0,0,2,7,0.02,4,3,-1
108,360,0,0,20,0,20,0,1,PROTECTING,Field_4,1,PROTECTING,Field_4,1,PROTECTING,Field_4,1,PROTECTING,Field_4,1,PROTECTING,Field_4,1,PROTECTING,Field_4,1,PROTECTING,Field_5,1,PROTECTING,Field_5,1,PROTECTING,Field_5,1,PROTECTING,Field_5,1,PROTECTING,Field_5,1,PROTECTING,Field_5,1,MOVING_TO_FIELD,Field_8,1,PROTECTING,Field_20,1,PROTECTING,Field_20,1,PROTECTING,Field_20,1,PROTECTING,Field_20,1,MOVING_TO_FIELD,Field_20,1,MOVING_TO_FIELD,Field_20,1,MOVING_TO_FIELD,Field_1,1,PROTECTING,Field_1,1,MOVING_TO_FIELD,Field_1,1,PROTECTING,Field_1,1,MOVING_TO_FIELD,Field_7,1,MOVING_TO_FIELD,Field_7,1,MOVING_TO_FIELD,Field_2,1,MOVING_TO_FIELD,Field_6,1,MOVING_TO_FIELD,Field_6,1,MOVING_TO_FIELD,Field_4,1,MOVING_TO_FIELD,Field_4,1,MOVING_TO_FIELD,Field_4,1,MOVING_TO_FIELD,Field_4,1,MOVING_TO_FIELD,Field_2,1,PROTECTING,Field_2,1,MOVING_TO_FIELD,Field_9,1,MOVING_TO_FIELD,Field_9,1,MOVING_TO_FIELD,Field_9,1,MOVING_TO_FIELD,Field_3,1,PROTECTING,Field_3,1,MOVING_TO_FIELD,Field_20,22,0.03,2,2,2,15,0.05,1,2,1,0,0.02,1,1,3,13,0.04,6,4,-2,14,0.04,6,0,-4,22,0.05,0,2,4,3,0.00,0,2,3,15,0.00,0,1,2,0,0.06,0,3,3,34,0.19,0,0,6,20,0.17,0,0,4,17,0.15,0,0,1,2,0.05,0,0,2,32,0.31,0,0,6,39,0.27,0,0,6,11,0.11,0,0,2,37,0.15,0,0,2,57,0.13,0,0,1,0,0.02,0,0,2,7,0.02,4,3,-1
109,360,0,0,21,0,19,0,1,PROTECTING,Field_4,1,PROTECTING,Field_4,1,PROTECTING,Field_4,1,PROTECTING,Field_4,1,PROTECTING,Field_4,1,PROTECTING,Field_4,1,PROTECTING,Field_5,1,PROTECTING,Field_5,1,PROTECTING,Field_5,1,PROTECTING,Field_5,1,PROTECTING,Field_5,1,PROTECTING,Field_5,1,MOVING_TO_FIELD,Field_8,1,PROTECTING,Field_20,1,PROTECTING,Field_20,1,PROTECTING,Field_20,1,PROTECTING,Field_20,1,MOVING_TO_FIELD,Field_20,1,MOVING_TO_FIELD,Field_20,1,MOVING_TO_FIELD,Field_1,1,PROTECTING,Field_1,1,MOVING_TO_FIELD,Field_1,1,PROTECTING,Field_1,1,MOVING_TO_FIELD,Field_7,1,MOVING_TO_FIELD,Field_7,1,MOVING_TO_FIELD,Field_2,1,MOVING_TO_FIELD,Field_6,1,MOVING_TO_FIELD,Field_6,1,MOVING_TO_FIELD,Field_4,1,MOVING_TO_FIELD,Field_4,1,MOVING_TO_FIELD,Field_4,1,MOVING_TO_FIELD,Field_4,1,PROTECTING,Field_2,1,PROTECTING,Field_2,1,MOVING_TO_FIELD,Field_9,1,MOVING_TO_FIELD,Field_9,1,MOVING_TO_FIELD,Field_9,1,MOVING_TO_FIELD,Field_3,1,PROTECTING,Field_3,1,MOVING_TO_FIELD,Field_20,22,0.03,2,2,2,15,0.05,2,1,0,0,0.02,1,1,3,13,0.04,6,4,-2,14,0.04,6,0,-4,22,0.05,0,2,4,3,0.00,0,2,3,15,0.00,0,1,2,0,0.07,0,3,3,34,0.20,0,0,6,20,0.16,0,0,4,17,0.15,0,0,1,2,0.05,0,0,2,32,0.30,0,0,6,39,0.27,0,0,6,11,0.10,0,0,2,37,0.15,0,0,2,57,0.13,0,0,1,0,0.02,0,0,2,7,0.02,4,3,-1
110,361,0,0,21,0,19,0,1,PROTECTING,Field_4,1,PROTECTING,Field_4,1,PROTECTING,Field_4,1,PROTECTING,Field_4,1,PROTECTING,Field_4,1,PROTECTING,Field_4,1,PROTECTING,Field_5,1,PROTECTING,Field_5,1,PROTECTING,Field_5,1,PROTECTING,Field_5,1,PROTECTING,Field_5,1,PROTECTING,Field_5,1,MOVING_TO_FIELD,Field_8,1,PROTECTING,Field_20,1,PROTECTING,Field_20,1,PROTECTING,Field_20,1,PROTECTING,Field_20,1,MOVING_TO_FIELD,Field_20,1,MOVING_TO_FIELD,Field_20,1,MOVING_TO_FIELD,Field_1,1,PROTECTING,Field_1,1,MOVING_TO_FIELD,Field_1,1,PROTECTING,Field_1,1,MOVING_TO_FIELD,Field_7,1,MOVING_TO_FIELD,Field_7,1,MOVING_TO_FIELD,Field_2,1,MOVING_TO_FIELD,Field_6,1,MOVING_TO_FIELD,Field_6,1,MOVING_TO_FIELD,Field_4,1,MOVING_TO_FIELD,Field_4,1,MOVING_TO_FIELD,Field_4,1,MOVING_TO_FIELD,Field_4,1,PROTECTING,Field_2,1,PROTECTING,Field_2,1,MOVING_TO_FIELD,Field_9,1,MOVING_TO_FIELD,Field_9,1,MOVING_TO_FIELD,Field_9,1,MOVING_TO_FIELD,Field_3,1,PROTECTING,Field_3,1,MOVING_TO_FIELD,Field_20,22,0.03,2,2,2,15,0.05,2,1,0,0,0.02,1,1,3,13,0.04,6,4,-2,14,0.04,6,0,-4,22,0.05,0,2,4,3,0.00,0,2,3,15,0.00,0,1,2,0,0.06,0,3,3,34,0.21,0,0,6,20,0.16,0,0,4,17,0.15,0,0,1,2,0.05,0,0,2,33,0.30,0,0,6,39,0.27,0,0,6,11,0.10,0,0,2,37,0.13,0,0,2,57,0.13,0,0,1,0,0.02,0,0,2,7,0.00,4,3,-1
111,364,0,0,5,0,35,0,1,MOVING_TO_FIELD,Field_20,1,MOVING_TO_FIELD,Field_20,1,MOVING_TO_FIELD,Field_20,1,MOVING_TO_FIELD,Field_20,1,MOVING_TO_FIELD,Field_20,1,MOVING_TO_FIELD,Field_20,1,MOVING_TO_FIELD,Field_1,1,MOVING_TO_FIELD,Field_1,1,MOVING_TO_FIELD,Field_1,1,MOVING_TO_FIELD,Field_1,1,MOVING_TO_FIELD,Field_2,1,MOVING_TO_FIELD,Field_4,1,MOVING_TO_FIELD,Field_4,1,MOVING_TO_FIELD,Field_4,1,MOVING_TO_FIELD,Field_4,1,MOVING_TO_FIELD,Field_4,1,MOVING_TO_FIELD,Field_4,1,MOVING_TO_FIELD,Field_5,1,MOVING_TO_FIELD,Field_5,1,MOVING_TO_FIELD,Field_1,1,PROTECTING,Field_1,1,MOVING_TO_FIELD,Field_1,1,PROTECTING,Field_1,1,MOVING_TO_FIELD,Field_5,1,MOVING_TO_FIELD,Field_5,1,MOVING_TO_FIELD,Field_6,1,MOVING_TO_FIELD,Field_6,1,MOVING_TO_FIELD,Field_6,1,MOVING_TO_FIELD,Field_5,1,MOVING_TO_FIELD,Field_7,1,MOVING_TO_FIELD,Field_7,1,MOVING_TO_FIELD,Field_8,1,PROTECTING,Field_2,1,PROTECTING,Field_2,1,MOVING_TO_FIELD,Field_9,1,MOVING_TO_FIELD,Field_9,1,MOVING_TO_FIELD,Field_9,1,MOVING_TO_FIELD,Field_6,1,PROTECTING,Field_3,1,MOVING_TO_FIELD,Field_5,22,0.03,2,6,2,15,0.07,2,1,0,0,0.01,1,0,3,13,0.03,0,6,4,14,0.05,0,6,2,22,0.05,0,4,4,3,0.00,0,2,3,15,0.00,0,1,2,0,0.04,0,3,3,34,0.20,0,0,6,20,0.14,0,0,4,18,0.15,0,0,1,2,0.05,0,0,2,33,0.30,0,0,6,39,0.26,0,0,6,11,0.09,0,0,2,38,0.13,0,0,2,58,0.13,0,0,1,0,0.02,0,0,2,7,0.00,0,6,3
112,364,0,0,7,0,33,0,1,MOVING_TO_FIELD,Field_20,1,MOVING_TO_FIELD,Field_20,1,MOVING_TO_FIELD,Field_20,1,MOVING_TO_FIELD,Field_20,1,MOVING_TO_FIELD,Field_20,1,MOVING_TO_FIELD,Field_20,1,MOVING_TO_FIELD,Field_1,1,MOVING_TO_FIELD,Field_1,1,MOVING_TO_FIELD,Field_1,1,MOVING_TO_FIELD,Field_1,1,MOVING_TO_FIELD,Field_2,1,MOVING_TO_FIELD,Field_4,1,MOVING_TO_FIELD,Field_4,1,MOVING_TO_FIELD,Field_4,1,MOVING_TO_FIELD,Field_4,1,MOVING_TO_FIELD,Field_4,1,MOVING_TO_FIELD,Field_4,1,MOVING_TO_FIELD,Field_5,1,PROTECTING,Field_5,1,MOVING_TO_FIELD,Field_1,1,PROTECTING,Field_1,1,PROTECTING,Field_1,1,PROTECTING,Field_1,1,MOVING_TO_FIELD,Field_5,1,MOVING_TO_FIELD,Field_5,1,MOVING_TO_FIELD,Field_6,1,MOVING_TO_FIELD,Field_6,1,MOVING_TO_FIELD,Field_6,1,MOVING_TO_FIELD,Field_5,1,MOVING_TO_FIELD,Field_7,1,MOVING_TO_FIELD,Field_7,1,MOVING_TO_FIELD,Field_8,1,PROTECTING,Field_2,1,PROTECTING,Field_2,1,MOVING_TO_FIELD,Field_9,1,MOVING_TO_FIELD,Field_9,1,MOVING_TO_FIELD,Field_9,1,MOVING_TO_FIELD,Field_6,1,PROTECTING,Field_3,1,MOVING_TO_FIELD,Field_5,22,0.03,3,5,1,15,0.07,2,1,0,0,0.01,1,0,3,13,0.02,0,6,4,14,0.05,1,5,1,22,0.05,0,4,4,3,0.00,0,2,3,15,0.00,0,1,2,0,0.04,0,3,3,34,0.21,0,0,6,20,0.13,0,0,4,18,0.15,0,0,1,2,0.05,0,0,2,33,0.30,0,0,6,39,0.26,0,0,6,11,0.11,0,0,2,38,0.13,0,0,2,58,0.11,0,0,1,0,0.02,0,0,2,7,0.00,0,6,3
113,366,0,0,7,0,33,0,1,MOVING_TO_FIELD,Field_20,1,MOVING_TO_FIELD,Field_20,1,MOVING_TO_FIELD,Field_20,1,MOVING_TO_FIELD,Field_20,1,MOVING_TO_FIELD,Field_20,1,MOVING_TO_FIELD,Field_20,1,MOVING_TO_FIELD,Field_1,1,MOVING_TO_FIELD,Field_1,1,MOVING_TO_FIELD,Field_1,1,MOVING_TO_FIELD,Field_1,1,MOVING_TO_FIELD,Field_2,1,MOVING_TO_FIELD,Field_4,1,MOVING_TO_FIELD,Field_4,1,MOVING_TO_FIELD,Field_4,1,MOVING_TO_FIELD,Field_4,1,MOVING_TO_FIELD,Field_4,1,MOVING_TO_FIELD,Field_4,1,MOVING_TO_FIELD,Field_5,1,PROTECTING,Field_5,1,MOVING_TO_FIELD,Field_1,1,PROTECTING,Field_1,1,PROTECTING,Field_1,1,PROTECTING,Field_1,1,MOVING_TO_FIELD,Field_5,1,MOVING_TO_FIELD,Field_5,1,MOVING_TO_FIELD,Field_6,1,MOVING_TO_FIELD,Field_6,1,MOVING_TO_FIELD,Field_6,1,MOVING_TO_FIELD,Field_5,1,MOVING_TO_FIELD,Field_7,1,MOVING_TO_FIELD,Field_7,1,MOVING_TO_FIELD,Field_8,1,PROTECTING,Field_2,1,PROTECTING,Field_2,1,MOVING_TO_FIELD,Field_9,1,MOVING_TO_FIELD,Field_9,1,MOVING_TO_FIELD,Field_9,1,MOVING_TO_FIELD,Field_6,1,PROTECTING,Field_3,1,MOVING_TO_FIELD,Field_5,22,0.03,3,5,1,15,0.05,2,1,0,0,0.01,1,0,3,13,0.02,0,6,4,14,0.05,1,5,1,22,0.05,0,4,4,3,0.01,0,2,3,15,0.00,0,1,2,0,0.04,0,3,3,34,0.22,0,0,6,21,0.13,0,0,4,18,0.15,0,0,1,2,0.04,0,0,2,33,0.30,0,0,6,39,0.27,0,0,6,11,0.11,0,0,2,38,0.13,0,0,2,59,0.11,0,0,1,0,0.02,0,0,2,7,0.00,0,6,3
114,368,0,0,7,0,33,0,1,MOVING_TO_FIELD,Field_20,1,MOVING_TO_FIELD,Field_20,1,MOVING_TO_FIELD,Field_20,1,MOVING_TO_FIELD,Field_20,1,MOVING_TO_FIELD,Field_20,1,MOVING_TO_FIELD,Field_20,1,MOVING_TO_FIELD,Field_1,1,MOVING_TO_FIELD,Field_1,1,MOVING_TO_FIELD,Field_1,1,MOVING_TO_FIELD,Field_1,1,MOVING_TO_FIELD,Field_2,1,MOVING_TO_FIELD,Field_4,1,MOVING_TO_FIELD,Field_4,1,MOVING_TO_FIELD,Field_4,1,MOVING_TO_FIELD,Field_4,1,MOVING_TO_FIELD,Field_4,1,MOVING_TO_FIELD,Field_4,1,MOVING_TO_FIELD,Field_5,1,PROTECTING,Field_5,1,MOVING_TO_FIELD,Field_1,1,PROTECTING,Field_1,1,PROTECTING,Field_1,1,PROTECTING,Field_1,1,MOVING_TO_FIELD,Field_5,1,MOVING_TO_FIELD,Field_5,1,MOVING_TO_FIELD,Field_6,1,MOVING_TO_FIELD,Field_6,1,MOVING_TO_FIELD,Field_6,1,MOVING_TO_FIELD,Field_5,1,MOVING_TO_FIELD,Field_7,1,MOVING_TO_FIELD,Field_7,1,MOVING_TO_FIELD,Field_8,1,PROTECTING,Field_2,1,PROTECTING,Field_2,1,MOVING_TO_FIELD,Field_9,1,MOVING_TO_FIELD,Field_9,1,MOVING_TO_FIELD,Field_9,1,MOVING_TO_FIELD,Field_6,1,PROTECTING,Field_3,1,MOVING_TO_FIELD,Field_5,22,0.04,3,5,1,15,0.03,2,1,0,0,0.01,1,0,3,13,0.02,0,6,4,14,0.02,1,5,1,22,0.05,0,4,4,3,0.01,0,2,3,15,0.00,0,1,2,0,0.04,0,3,3,34,0.22,0,0,6,21,0.13,0,0,4,18,0.09,0,0,1,2,0.04,0,0,2,35,0.30,0,0,6,39,0.28,0,0,6,11,0.11,0,0,2,38,0.13,0,0,2,59,0.13,0,0,1,0,0.02,0,0,2,7,0.00,0,6,3
115,369,0,0,7,0,33,0,1,MOVING_TO_FIELD,Field_20,1,MOVING_TO_FIELD,Field_20,1,MOVING_TO_FIELD,Field_20,1,MOVING_TO_FIELD,Field_20,1,MOVING_TO_FIELD,Field_20,1,MOVING_TO_FIELD,Field_20,1,MOVING_TO_FIELD,Field_1,1,MOVING_TO_FIELD,Field_1,1,MOVING_TO_FIELD,Field_1,1,MOVING_TO_FIELD,Field_1,1,MOVING_TO_FIELD,Field_2,1,MOVING_TO_FIELD,Field_4,1,MOVING_TO_FIELD,Field_4,1,MOVING_TO_FIELD,Field_4,1,MOVING_TO_FIELD,Field_4,1,MOVING_TO_FIELD,Field_4,1,MOVING_TO_FIELD,Field_4,1,MOVING_TO_FIELD,Field_5,1,PROTECTING,Field_5,1,MOVING_TO_FIELD,Field_1,1,PROTECTING,Field_1,1,PROTECTING,Field_1,1,PROTECTING,Field_1,1,MOVING_TO_FIELD,Field_5,1,MOVING_TO_FIELD,Field_5,1,MOVING_TO_FIELD,Field_6,1,MOVING_TO_FIELD,Field_6,1,MOVING_TO_FIELD,Field_6,1,MOVING_TO_FIELD,Field_5,1,MOVING_TO_FIELD,Field_7,1,MOVING_TO_FIELD,Field_7,1,MOVING_TO_FIELD,Field_8,1,PROTECTING,Field_2,1,PROTECTING,Field_2,1,MOVING_TO_FIELD,Field_9,1,MOVING_TO_FIELD,Field_9,1,MOVING_TO_FIELD,Field_9,1,MOVING_TO_FIELD,Field_6,1,PROTECTING,Field_3,1,MOVING_TO_FIELD,Field_5,22,0.05,3,5,1,15,0.03,2,1,0,0,0.01,1,0,3,13,0.01,0,6,4,14,0.01,1,5,1,22,0.07,0,4,4,3,0.01,0,2,3,15,0.00,0,1,2,0,0.06,0,3,3,34,0.22,0,0,6,21,0.12,0,0,4,18,0.09,0,0,1,2,0.04,0,0,2,35,0.30,0,0,6,39,0.28,0,0,6,11,0.11,0,0,2,38,0.13,0,0,2,60,0.13,0,0,1,0,0.02,0,0,2,7,0.00,0,6,3
116,370,0,0,8,0,32,0,1,MOVING_TO_FIELD,Field_20,1,MOVING_TO_FIELD,Field_20,1,MOVING_TO_FIELD,Field_20,1,MOVING_TO_FIELD,Field_20,1,MOVING_TO_FIELD,Field_20,1,MOVING_TO_FIELD,Field_20,1,MOVING_TO_FIELD,Field_1,1,MOVING_TO_FIELD,Field_1,1,MOVING_TO_FIELD,Field_1,1,MOVING_TO_FIELD,Field_1,1,MOVING_TO_FIELD,Field_2,1,MOVING_TO_FIELD,Field_4,1,MOVING_TO_FIELD,Field_4,1,MOVING_TO_FIELD,Field_4,1,MOVING_TO_FIELD,Field_4,1,MOVING_TO_FIELD,Field_4,1,MOVING_TO_FIELD,Field_4,1,MOVING_TO_FIELD,Field_5,1,PROTECTING,Field_5,1,MOVING_TO_FIELD,Field_1,1,PROTECTING,Field_1,1,PROTECTING,Field_1,1,PROTECTING,Field_1,1,MOVING_TO_FIELD,Field_5,1,MOVING_TO_FIELD,Field_5,1,MOVING_TO_FIELD,Field_6,1,MOVING_TO_FIELD,Field_6,1,MOVING_TO_FIELD,Field_6,1,MOVING_TO_FIELD,Field_5,1,PROTECTING,Field_7,1,MOVING_TO_FIELD,Field_7,1,MOVING_TO_FIELD,Field_8,1,PROTECTING,Field_2,1,PROTECTING,Field_2,1,MOVING_TO_FIELD,Field_9,1,MOVING_TO_FIELD,Field_9,1,MOVING_TO_FIELD,Field_9,1,MOVING_TO_FIELD,Field_6,1,PROTECTING,Field_3,1,MOVING_TO_FIELD,Field_5,22,0.05,3,5,1,15,0.02,2,1,0,0,0.01,1,0,3,13,0.01,0,6,4,14,0.01,1,5,1,22,0.07,0,4,4,3,0.02,1,1,2,15,0.00,0,1,2,0,0.07,0,3,3,34,0.21,0,0,6,21,0.11,0,0,4,18,0.09,0,0,1,2,0.04,0,0,2,36,0.30,0,0,6,39,0.29,0,0,6,11,0.12,0,0,2,38,0.15,0,0,2,60,0.15,0,0,1,0,0.02,0,0,2,7,0.00,0,6,3
117,371,0,0,8,0,32,0,1,MOVING_TO_FIELD,Field_20,1,MOVING_TO_FIELD,Field_20,1,MOVING_TO_FIELD,Field_20,1,MOVING_TO_FIELD,Field_20,1,MOVING_TO_FIELD,Field_20,1,MOVING_TO_FIELD,Field_20,1,MOVING_TO_FIELD,Field_1,1,MOVING_TO_FIELD,Field_1,1,MOVING_TO_FIELD,Field_1,1,MOVING_TO_FIELD,Field_1,1,MOVING_TO_FIELD,Field_2,1,MOVING_TO_FIELD,Field_4,1,MOVING_TO_FIELD,Field_4,1,MOVING_TO_FIELD,Field_4,1,MOVING_TO_FIELD,Field_4,1,MOVING_TO_FIELD,Field_4,1,MOVING_TO_FIELD,Field_4,1,MOVING_TO_FIELD,Field_5,1,PROTECTING,Field_5,1,MOVING_TO_FIELD,Field_1,1,PROTECTING,Field_1,1,PROTECTING,Field_1,1,PROTECTING,Field_1,1,MOVING_TO_FIELD,Field_5,1,MOVING_TO_FIELD,Field_5,1,MOVING_TO_FIELD,Field_6,1,MOVING_TO_FIELD,Field_6,1,MOVING_TO_FIELD,Field_6,1,MOVING_TO_FIELD,Field_5,1,PROTECTING,Field_7,1,MOVING_TO_FIELD,Field_7,1,MOVING_TO_FIELD,Field_8,1,PROTECTING,Field_2,1,PROTECTING,Field_2,1,MOVING_TO_FIELD,Field_9,1,MOVING_TO_FIELD,Field_9,1,MOVING_TO_FIELD,Field_9,1,MOVING_TO_FIELD,Field_6,1,PROTECTING,Field_3,1,MOVING_TO_FIELD,Field_5,22,0.05,3,5,1,15,0.02,2,1,0,0,0.01,1,0,3,13,0.01,0,6,4,14,0.01,1,5,1,22,0.07,0,4,4,3,0.02,1,1,2,15,0.00,0,1,2,0,0.04,0,3,3,34,0.22,0,0,6,22,0.11,0,0,4,18,0.09,0,0,1,2,0.04,0,0,2,36,0.30,0,0,6,39,0.30,0,0,6,11,0.11,0,0,2,38,0.15,0,0,2,60,0.17,0,0,1,0,0.02,0,0,2,7,0.00,0,6,3
118,372,0,0,9,0,31,0,1,MOVING_TO_FIELD,Field_20,1,MOVING_TO_FIELD,Field_20,1,MOVING_TO_FIELD,Field_20,1,MOVING_TO_FIELD,Field_20,1,MOVING_TO_FIELD,Field_20,1,MOVING_TO_FIELD,Field_20,1,MOVING_TO_FIELD,Field_1,1,MOVING_TO_FIELD,Field_1,1,MOVING_TO_FIELD,Field_1,1,MOVING_TO_FIELD,Field_1,1,MOVING_TO_FIELD,Field_2,1,MOVING_TO_FIELD,Field_4,1,MOVING_TO_FIELD,Field_4,1,MOVING_TO_FIELD,Field_4,1,MOVING_TO_FIELD,Field_4,1,MOVING_TO_FIELD,Field_4,1,MOVING_TO_FIELD,Field_4,1,PROTECTING,Field_5,1,PROTECTING,Field_5,1,MOVING_TO_FIELD,Field_1,1,PROTECTING,Field_1,1,PROTECTING,Field_1,1,PROTECTING,Field_1,1,MOVING_TO_FIELD,Field_5,1,MOVING_TO_FIELD,Field_5,1,MOVING_TO_FIELD,Field_6,1,MOVING_TO_FIELD,Field_6,1,MOVING_TO_FIELD,Field_6,1,MOVING_TO_FIELD,Field_5,1,PROTECTING,Field_7,1,MOVING_TO_FIELD,Field_7,1,MOVING_TO_FIELD,Field_8,1,PROTECTING,Field_2,1,PROTECTING,Field_2,1,MOVING_TO_FIELD,Field_9,1,MOVING_TO_FIELD,Field_9,1,MOVING_TO_FIELD,Field_9,1,MOVING_TO_FIELD,Field_6,1,PROTECTING,Field_3,1,MOVING_TO_FIELD,Field_5,22,0.06,3,5,1,15,0.03,2,1,0,0,0.01,1,0,3,13,0.01,0,6,4,14,0.00,2,4,0,22,0.05,0,4,4,3,0.02,1,1,2,15,0.00,0,1,2,0,0.04,0,3,3,34,0.23,0,0,6,22,0.12,0,0,4,18,0.09,0,0,1,2,0.02,0,0,2,36,0.28,0,0,6,39,0.28,0,0,6,11,0.12,0,0,2,38,0.15,0,0,2,61,0.17,0,0,1,0,0.02,0,0,2,7,0.00,0,6,3
119,373,0,0,9,0,31,0,1,MOVING_TO_FIELD,Field_20,1,MOVING_TO_FIELD,Field_20,1,MOVING_TO_FIELD,Field_20,1,MOVING_TO_FIELD,Field_20,1,MOVING_TO_FIELD,Field_20,1,MOVING_TO_FIELD,Field_20,1,MOVING_TO_FIELD,Field_1,1,MOVING_TO_FIELD,Field_1,1,MOVING_TO_FIELD,Field_1,1,MOVING_TO_FIELD,Field_1,1,MOVING_TO_FIELD,Field_2,1,MOVING_TO_FIELD,Field_4,1,MOVING_TO_FIELD,Field_4,1,MOVING_TO_FIELD,Field_4,1,MOVING_TO_FIELD,Field_4,1,MOVING_TO_FIELD,Field_4,1,MOVING_TO_FIELD,Field_4,1,PROTECTING,Field_5,1,PROTECTING,Field_5,1,MOVING_TO_FIELD,Field_1,1,PROTECTING,Field_1,1,PROTECTING,Field_1,1,PROTECTING,Field_1,1,MOVING_TO_FIELD,Field_5,1,MOVING_TO_FIELD,Field_5,1,MOVING_TO_FIELD,Field_6,1,MOVING_TO_FIELD,Field_6,1,MOVING_TO_FIELD,Field_6,1,MOVING_TO_FIELD,Field_5,1,PROTECTING,Field_7,1,MOVING_TO_FIELD,Field_7,1,MOVING_TO_FIELD,Field_8,1,PROTECTING,Field_2,1,PROTECTING,Field_2,1,MOVING_TO_FIELD,Field_9,1,MOVING_TO_FIELD,Field_9,1,MOVING_TO_FIELD,Field_9,1,MOVING_TO_FIELD,Field_6,1,PROTECTING,Field_3,1,MOVING_TO_FIELD,Field_5,22,0.06,3,5,1,15,0.03,2,1,0,0,0.01,1,0,3,13,0.01,0,6,4,14,0.00,2,4,0,22,0.07,0,4,4,3,0.01,1,1,2,15,0.00,0,1,2,0,0.03,0,3,3,34,0.23,0,0,6,23,0.12,0,0,4,18,0.12,0,0,1,2,0.02,0,0,2,36,0.27,0,0,6,39,0.28,0,0,6,11,0.14,0,0,2,38,0.15,0,0,2,61,0.17,0,0,1,0,0.02,0,0,2,7,0.00,0,6,3
120,375,0,0,10,0,30,0,1,MOVING_TO_FIELD,Field_20,1,MOVING_TO_FIELD,Field_20,1,MOVING_TO_FIELD,Field_20,1,MOVING_TO_FIELD,Field_20,1,MOVING_TO_FIELD,Field_20,1,MOVING_TO_FIELD,Field_20,1,MOVING_TO_FIELD,Field_1,1,MOVING_TO_FIELD,Field_1,1,MOVING_TO_FIELD,Field_1,1,MOVING_TO_FIELD,Field_1,1,MOVING_TO_FIELD,Field_2,1,MOVING_TO_FIELD,Field_4,1,MOVING_TO_FIELD,Field_4,1,MOVING_TO_FIELD,Field_4,1,MOVING_TO_FIELD,Field_4,1,MOVING_TO_FIELD,Field_4,1,MOVING_TO_FIELD,Field_4,1,PROTECTING,Field_5,1,PROTECTING,Field_5,1,MOVING_TO_FIELD,Field_1,1,PROTECTING,Field_1,1,PROTECTING,Field_1,1,PROTECTING,Field_1,1,MOVING_TO_FIELD,Field_5,1,MOVING_TO_FIELD,Field_5,1,MOVING_TO_FIELD,Field_6,1,MOVING_TO_FIELD,Field_6,1,MOVING_TO_FIELD,Field_6,1,MOVING_TO_FIELD,Field_5,1,PROTECTING,Field_7,1,PROTECTING,Field_7,1,MOVING_TO_FIELD,Field_8,1,PROTECTING,Field_2,1,PROTECTING,Field_2,1,MOVING_TO_FIELD,Field_9,1,MOVING_TO_FIELD,Field_9,1,MOVING_TO_FIELD,Field_9,1,MOVING_TO_FIELD,Field_6,1,PROTECTING,Field_3,1,MOVING_TO_FIELD,Field_5,22,0.06,3,5,1,15,0.03,2,1,0,0,0.01,1,0,3,13,0.01,0,6,4,14,0.00,2,4,0,22,0.07,0,4,4,3,0.01,2,0,1,15,0.00,0,1,2,0,0.03,0,3,3,34,0.23,0,0,6,23,0.12,0,0,4,18,0.12,0,0,1,2,0.00,0,0,2,36,0.27,0,0,6,40,0.27,0,0,6,11,0.14,0,0,2,38,0.15,0,0,2,62,0.17,0,0,1,0,0.02,0,0,2,7,0.02,0,6,3
121,376,0,0,4,0,36,0,1,MOVING_TO_FIELD,Field_20,1,MOVING_TO_FIELD,Field_20,1,MOVING_TO_FIELD,Field_20,1,MOVING_TO_FIELD,Field_20,1,MOVING_TO_FIELD,Field_20,1,MOVING_TO_FIELD,Field_20,1,MOVING_TO_FIELD,Field_5,1,MOVING_TO_FIELD,Field_5,1,MOVING_TO_FIELD,Field_5,1,MOVING_TO_FIELD,Field_5,1,MOVING_TO_FIELD,Field_6,1,MOVING_TO_FIELD,Field_2,1,MOVING_TO_FIELD,Field_4,1,MOVING_TO_FIELD,Field_4,1,MOVING_TO_FIELD,Field_4,1,MOVING_TO_FIELD,Field_4,1,MOVING_TO_FIELD,Field_4,1,MOVING_TO_FIELD,Field_1,1,MOVING_TO_FIELD,Field_1,1,MOVING_TO_FIELD,Field_5,1,MOVING_TO_FIELD,Field_5,1,PROTECTING,Field_1,1,PROTECTING,Field_1,1,MOVING_TO_FIELD,Field_1,1,MOVING_TO_FIELD,Field_1,1,MOVING_TO_FIELD,Field_6,1,MOVING_TO_FIELD,Field_6,1,MOVING_TO_FIELD,Field_6,1,MOVING_TO_FIELD,Field_5,1,PROTECTING,Field_7,1,PROTECTING,Field_7,1,MOVING_TO_FIELD,Field_4,1,MOVING_TO_FIELD,Field_6,1,MOVING_TO_FIELD,Field_7,1,MOVING_TO_FIELD,Field_9,1,MOVING_TO_FIELD,Field_9,1,MOVING_TO_FIELD,Field_9,1,MOVING_TO_FIELD,Field_8,1,MOVING_TO_FIELD,Field_7,1,MOVING_TO_FIELD,Field_5,22,0.06,2,4,2,15,0.03,0,1,2,0,0.01,0,0,4,13,0.03,0,6,4,14,0.01,0,8,2,22,0.05,0,5,4,3,0.01,2,2,1,15,0.00,0,1,2,0,0.03,0,3,3,34,0.25,0,0,6,23,0.12,0,0,4,18,0.12,0,0,1,2,0.00,0,0,2,36,0.27,0,0,6,41,0.27,0,0,6,11,0.12,0,0,2,38,0.15,0,0,2,62,0.13,0,0,1,0,0.02,0,0,2,7,0.02,0,6,3
122,379,0,0,5,0,35,0,1,MOVING_TO_FIELD,Field_20,1,MOVING_TO_FIELD,Field_20,1,MOVING_TO_FIELD,Field_20,1,MOVING_TO_FIELD,Field_20,1,MOVING_TO_FIELD,Field_20,1,MOVING_TO_FIELD,Field_20,1,MOVING_TO_FIELD,Field_5,1,MOVING_TO_FIELD,Field_5,1,MOVING_TO_FIELD,Field_5,1,MOVING_TO_FIELD,Field_5,1,MOVING_TO_FIELD,Field_6,1,MOVING_TO_FIELD,Field_2,1,MOVING_TO_FIELD,Field_4,1,MOVING_TO_FIELD,Field_4,1,MOVING_TO_FIELD,Field_4,1,MOVING_TO_FIELD,Field_4,1,MOVING_TO_FIELD,Field_4,1,MOVING_TO_FIELD,Field_1,1,MOVING_TO_FIELD,Field_1,1,MOVING_TO_FIELD,Field_5,1,MOVING_TO_FIELD,Field_5,1,PROTECTING,Field_1,1,PROTECTING,Field_1,1,MOVING_TO_FIELD,Field_1,1,MOVING_TO_FIELD,Field_1,1,MOVING_TO_FIELD,Field_6,1,MOVING_TO_FIELD,Field_6,1,MOVING_TO_FIELD,Field_6,1,MOVING_TO_FIELD,Field_5,1,PROTECTING,Field_7,1,PROTECTING,Field_7,1,MOVING_TO_FIELD,Field_4,1,MOVING_TO_FIELD,Field_6,1,MOVING_TO_FIELD,Field_7,1,PROTECTING,Field_9,1,MOVING_TO_FIELD,Field_9,1,MOVING_TO_FIELD,Field_9,1,MOVING_TO_FIELD,Field_8,1,MOVING_TO_FIELD,Field_7,1,MOVING_TO_FIELD,Field_5,22,0.07,2,4,2,15,0.03,0,1,2,0,0.01,0,0,4,13,0.03,0,6,4,14,0.01,0,8,2,22,0.07,0,5,4,3,0.01,2,2,1,15,0.00,0,1,2,0,0.03,1,2,2,35,0.25,0,0,6,23,0.12,0,0,4,18,0.12,0,0,1,2,0.00,0,0,2,36,0.25,0,0,6,43,0.28,0,0,6,11,0.14,0,0,2,38,0.16,0,0,2,62,0.13,0,0,1,0,0.06,0,0,2,7,0.02,0,6,3
123,383,0,0,6,0,34,0,1,MOVING_TO_FIELD,Field_20,1,MOVING_TO_FIELD,Field_20,1,MOVING_TO_FIELD,Field_20,1,MOVING_TO_FIELD,Field_20,1,MOVING_TO_FIELD,Field_20,1,MOVING_TO_FIELD,Field_20,1,MOVING_TO_FIELD,Field_5,1,MOVING_TO_FIELD,Field_5,1,MOVING_TO_FIELD,Field_5,1,MOVING_TO_FIELD,Field_5,1,MOVING_TO_FIELD,Field_6,1,MOVING_TO_FIELD,Field_2,1,MOVING_TO_FIELD,Field_4,1,MOVING_TO_FIELD,Field_4,1,MOVING_TO_FIELD,Field_4,1,MOVING_TO_FIELD,Field_4,1,MOVING_TO_FIELD,Field_4,1,MOVING_TO_FIELD,Field_1,1,MOVING_TO_FIELD,Field_1,1,MOVING_TO_FIELD,Field_5,1,MOVING_TO_FIELD,Field_5,1,PROTECTING,Field_1,1,PROTECTING,Field_1,1,MOVING_TO_FIELD,Field_1,1,MOVING_TO_FIELD,Field_1,1,MOVING_TO_FIELD,Field_6,1,MOVING_TO_FIELD,Field_6,1,MOVING_TO_FIELD,Field_6,1,MOVING_TO_FIELD,Field_5,1,PROTECTING,Field_7,1,PROTECTING,Field_7,1,MOVING_TO_FIELD,Field_4,1,MOVING_TO_FIELD,Field_6,1,MOVING_TO_FIELD,Field_7,1,PROTECTING,Field_9,1,MOVING_TO_FIELD,Field_9,1,PROTECTING,Field_9,1,MOVING_TO_FIELD,Field_8,1,MOVING_TO_FIELD,Field_7,1,MOVING_TO_FIELD,Field_5,23,0.08,2,4,2,15,0.03,0,1,2,0,0.00,0,0,4,13,0.03,0,6,4,14,0.01,0,8,2,22,0.05,0,5,4,3,0.00,2,2,1,15,0.00,0,1,2,0,0.03,2,1,1,35,0.24,0,0,6,23,0.12,0,0,4,18,0.12,0,0,1,2,0.00,0,0,2,36,0.25,0,0,6,43,0.28,0,0,6,11,0.14,0,0,2,40,0.16,0,0,2,63,0.11,0,0,1,0,0.06,0,0,2,7,0.04,0,6,3
124,385,0,0,6,0,34,0,1,MOVING_TO_FIELD,Field_20,1,MOVING_TO_FIELD,Field_20,1,MOVING_TO_FIELD,Field_20,1,MOVING_TO_FIELD,Field_20,1,MOVING_TO_FIELD,Field_20,1,MOVING_TO_FIELD,Field_20,1,MOVING_TO_FIELD,Field_5,1,MOVING_TO_FIELD,Field_5,1,MOVING_TO_FIELD,Field_5,1,MOVING_TO_FIELD,Field_5,1,MOVING_TO_FIELD,Field_6,1,MOVING_TO_FIELD,Field_2,1,MOVING_TO_FIELD,Field_4,1,MOVING_TO_FIELD,Field_4,1,MOVING_TO_FIELD,Field_4,1,MOVING_TO_FIELD,Field_4,1,MOVING_TO_FIELD,Field_4,1,MOVING_TO_FIELD,Field_1,1,MOVING_TO_FIELD,Field_1,1,MOVING_TO_FIELD,Field_5,1,MOVING_TO_FIELD,Field_5,1,PROTECTING,Field_1,1,PROTECTING,Field_1,1,MOVING_TO_FIELD,Field_1,1,MOVING_TO_FIELD,Field_1,1,MOVING_TO_FIELD,Field_6,1,MOVING_TO_FIELD,Field_6,1,MOVING_TO_FIELD,Field_6,1,MOVING_TO_FIELD,Field_5,1,PROTECTING,Field_7,1,PROTECTING,Field_7,1,MOVING_TO_FIELD,Field_4,1,MOVING_TO_FIELD,Field_6,1,MOVING_TO_FIELD,Field_7,1,PROTECTING,Field_9,1,MOVING_TO_FIELD,Field_9,1,PROTECTING,Field_9,1,MOVING_TO_FIELD,Field_8,1,MOVING_TO_FIELD,Field_7,1,MOVING_TO_FIELD,Field_5,23,0.08,2,4,2,15,0.03,0,1,2,0,0.00,0,0,4,13,0.04,0,6,4,14,0.01,0,8,2,22,0.04,0,5,4,3,0.00,2,2,1,15,0.00,0,1,2,0,0.04,2,1,1,35,0.24,0,0,6,23,0.12,0,0,4,18,0.12,0,0,1,2,0.00,0,0,2,36,0.25,0,0,6,43,0.28,0,0,6,13,0.14,0,0,2,40,0.13,0,0,2,63,0.11,0,0,1,0,0.06,0,0,2,7,0.04,0,6,3
125,387,0,0,6,0,34,0,1,MOVING_TO_FIELD,Field_20,1,MOVING_TO_FIELD,Field_20,1,MOVING_TO_FIELD,Field_20,1,MOVING_TO_FIELD,Field_20,1,MOVING_TO_FIELD,Field_20,1,MOVING_TO_FIELD,Field_20,1,MOVING_TO_FIELD,Field_5,1,MOVING_TO_FIELD,Field_5,1,MOVING_TO_FIELD,Field_5,1,MOVING_TO_FIELD,Field_5,1,MOVING_TO_FIELD,Field_6,1,MOVING_TO_FIELD,Field_2,1,MOVING_TO_FIELD,Field_4,1,MOVING_TO_FIELD,Field_4,1,MOVING_TO_FIELD,Field_4,1,MOVING_TO_FIELD,Field_4,1,MOVING_TO_FIELD,Field_4,1,MOVING_TO_FIELD,Field_1,1,MOVING_TO_FIELD,Field_1,1,MOVING_TO_FIELD,Field_5,1,MOVING_TO_FIELD,Field_5,1,PROTECTING,Field_1,1,PROTECTING,Field_1,1,MOVING_TO_FIELD,Field_1,1,MOVING_TO_FIELD,Field_1,1,MOVING_TO_FIELD,Field_6,1,MOVING_TO_FIELD,Field_6,1,MOVING_TO_FIELD,Field_6,1,MOVING_TO_FIELD,Field_5,1,PROTECTING,Field_7,1,PROTECTING,Field_7,1,MOVING_TO_FIELD,Field_4,1,MOVING_TO_FIELD,Field_6,1,MOVING_TO_FIELD,Field_7,1,PROTECTING,Field_9,1,MOVING_TO_FIELD,Field_9,1,PROTECTING,Field_9,1,MOVING_TO_FIELD,Field_8,1,MOVING_TO_FIELD,Field_7,1,MOVING_TO_FIELD,Field_5,23,0.08,2,4,2,15,0.03,0,1,2,0,0.00,0,0,4,13,0.06,0,6,4,14,0.02,0,8,2,22,0.04,0,5,4,3,0.00,2,2,1,15,0.00,0,1,2,0,0.06,2,1,1,36,0.22,0,0,6,23,0.12,0,0,4,18,0.12,0,0,1,2,0.00,0,0,2,36,0.24,0,0,6,43,0.25,0,0,6,14,0.15,0,0,2,40,0.13,0,0,2,63,0.11,0,0,1,0,0.06,0,0,2,7,0.04,0,6,3
126,389,0,0,6,0,34,0,1,MOVING_TO_FIELD,Field_20,1,MOVING_TO_FIELD,Field_20,1,MOVING_TO_FIELD,Field_20,1,MOVING_TO_FIELD,Field_20,1,MOVING_TO_FIELD,Field_20,1,MOVING_TO_FIELD,Field_20,1,MOVING_TO_FIELD,Field_5,1,MOVING_TO_FIELD,Field_5,1,MOVING_TO_FIELD,Field_5,1,MOVING_TO_FIELD,Field_5,1,MOVING_TO_FIELD,Field_6,1,MOVING_TO_FIELD,Field_2,1,MOVING_TO_FIELD,Field_4,1,MOVING_TO_FIELD,Field_4,1,MOVING_TO_FIELD,Field_4,1,MOVING_TO_FIELD,Field_4,1,MOVING_TO_FIELD,Field_4,1,MOVING_TO_FIELD,Field_1,1,MOVING_TO_FIELD,Field_1,1,MOVING_TO_FIELD,Field_5,1,MOVING_TO_FIELD,Field_5,1,PROTECTING,Field_1,1,PROTECTING,Field_1,1,MOVING_TO_FIELD,Field_1,1,MOVING_TO_FIELD,Field_1,1,MOVING_TO_FIELD,Field_6,1,MOVING_TO_FIELD,Field_6,1,MOVING_TO_FIELD,Field_6,1,MOVING_TO_FIELD,Field_5,1,PROTECTING,Field_7,1,PROTECTING,Field_7,1,MOVING_TO_FIELD,Field_4,1,MOVING_TO_FIELD,Field_6,1,MOVING_TO_FIELD,Field_7,1,PROTECTING,Field_9,1,MOVING_TO_FIELD,Field_9,1,PROTECTING,Field_9,1,MOVING_TO_FIELD,Field_8,1,MOVING_TO_FIELD,Field_7,1,MOVING_TO_FIELD,Field_5,23,0.08,2,4,2,15,0.03,0,1,2,0,0.00,0,0,4,13,0.06,0,6,4,14,0.02,0,8,2,22,0.04,0,5,4,3,0.00,2,2,1,15,0.00,0,1,2,0,0.06,2,1,1,38,0.22,0,0,6,23,0.12,0,0,4,18,0.12,0,0,1,2,0.00,0,0,2,36,0.24,0,0,6,43,0.25,0,0,6,14,0.15,0,0,2,40,0.13,0,0,2,63,0.09,0,0,1,0,0.06,0,0,2,7,0.04,0,6,3
127,392,0,0,7,0,33,0,1,MOVING_TO_FIELD,Field_20,1,MOVING_TO_FIELD,Field_20,1,MOVING_TO_FIELD,Field_20,1,MOVING_TO_FIELD,Field_20,1,MOVING_TO_FIELD,Field_20,1,MOVING_TO_FIELD,Field_20,1,PROTECTING,Field_5,1,MOVING_TO_FIELD,Field_5,1,MOVING_TO_FIELD,Field_5,1,MOVING_TO_FIELD,Field_5,1,MOVING_TO_FIELD,Field_6,1,MOVING_TO_FIELD,Field_2,1,MOVING_TO_FIELD,Field_4,1,MOVING_TO_FIELD,Field_4,1,MOVING_TO_FIELD,Field_4,1,MOVING_TO_FIELD,Field_4,1,MOVING_TO_FIELD,Field_4,1,MOVING_TO_FIELD,Field_1,1,MOVING_TO_FIELD,Field_1,1,MOVING_TO_FIELD,Field_5,1,MOVING_TO_FIELD,Field_5,1,PROTECTING,Field_1,1,PROTECTING,Field_1,1,MOVING_TO_FIELD,Field_1,1,MOVING_TO_FIELD,Field_1,1,MOVING_TO_FIELD,Field_6,1,MOVING_TO_FIELD,Field_6,1,MOVING_TO_FIELD,Field_6,1,MOVING_TO_FIELD,Field_5,1,PROTECTING,Field_7,1,PROTECTING,Field_7,1,MOVING_TO_FIELD,Field_4,1,MOVING_TO_FIELD,Field_6,1,MOVING_TO_FIELD,Field_7,1,PROTECTING,Field_9,1,MOVING_TO_FIELD,Field_9,1,PROTECTING,Field_9,1,MOVING_TO_FIELD,Field_8,1,MOVING_TO_FIELD,Field_7,1,MOVING_TO_FIELD,Field_5,23,0.08,2,4,2,15,0.03,0,1,2,0,0.00,0,0,4,13,0.06,0,6,4,14,0.02,1,7,1,22,0.04,0,5,4,3,0.01,2,2,1,15,0.00,0,1,2,0,0.04,2,1,1,38,0.22,0,0,6,23,0.12,0,0,4,18,0.09,0,0,1,2,0.00,0,0,2,37,0.24,0,0,6,43,0.22,0,0,6,16,0.12,0,0,2,40,0.10,0,0,2,63,0.07,0,0,1,0,0.06,0,0,2,7,0.04,0,6,3
128,394,0,0,8,0,32,0,1,MOVING_TO_FIELD,Field_20,1,MOVING_TO_FIELD,Field_20,1,MOVING_TO_FIELD,Field_20,1,MOVING_TO_FIELD,Field_20,1,MOVING_TO_FIELD,Field_20,1,MOVING_TO_FIELD,Field_20,1,PROTECTING,Field_5,1,MOVING_TO_FIELD,Field_5,1,MOVING_TO_FIELD,Field_5,1,MOVING_TO_FIELD,Field_5,1,MOVING_TO_FIELD,Field_6,1,MOVING_TO_FIELD,Field_2,1,MOVING_TO_FIELD,Field_4,1,MOVING_TO_FIELD,Field_4,1,MOVING_TO_FIELD,Field_4,1,MOVING_TO_FIELD,Field_4,1,MOVING_TO_FIELD,Field_4,1,MOVING_TO_FIELD,Field_1,1,MOVING_TO_FIELD,Field_1,1,MOVING_TO_FIELD,Field_5,1,MOVING_TO_FIELD,Field_5,1,PROTECTING,Field_1,1,PROTECTING,Field_1,1,MOVING_TO_FIELD,Field_1,1,MOVING_TO_FIELD,Field_1,1,MOVING_TO_FIELD,Field_6,1,MOVING_TO_FIELD,Field_6,1,MOVING_TO_FIELD,Field_6,1,MOVING_TO_FIELD,Field_5,1,PROTECTING,Field_7,1,PROTECTING,Field_7,1,MOVING_TO_FIELD,Field_4,1,PROTECTING,Field_6,1,MOVING_TO_FIELD,Field_7,1,PROTECTING,Field_9,1,MOVING_TO_FIELD,Field_9,1,PROTECTING,Field_9,1,MOVING_TO_FIELD,Field_8,1,MOVING_TO_FIELD,Field_7,1,MOVING_TO_FIELD,Field_5,23,0.08,2,4,2,15,0.03,0,1,2,0,0.00,0,0,4,13,0.06,0,6,4,14,0.02,1,7,1,22,0.04,1,4,3,3,0.01,2,2,1,15,0.00,0,1,2,0,0.04,2,1,1,38,0.23,0,0,6,23,0.12,0,0,4,19,0.09,0,0,1,2,0.00,0,0,2,37,0.24,0,0,6,43,0.22,0,0,6,17,0.11,0,0,2,40,0.10,0,0,2,63,0.07,0,0,1,0,0.06,0,0,2,7,0.04,0,6,3
129,395,0,0,9,0,31,0,1,MOVING_TO_FIELD,Field_20,1,MOVING_TO_FIELD,Field_20,1,MOVING_TO_FIELD,Field_20,1,MOVING_TO_FIELD,Field_20,1,MOVING_TO_FIELD,Field_20,1,MOVING_TO_FIELD,Field_20,1,PROTECTING,Field_5,1,MOVING_TO_FIELD,Field_5,1,MOVING_TO_FIELD,Field_5,1,MOVING_TO_FIELD,Field_5,1,MOVING_TO_FIELD,Field_6,1,MOVING_TO_FIELD,Field_2,1,MOVING_TO_FIELD,Field_4,1,MOVING_TO_FIELD,Field_4,1,MOVING_TO_FIELD,Field_4,1,MOVING_TO_FIELD,Field_4,1,MOVING_TO_FIELD,Field_4,1,MOVING_TO_FIELD,Field_1,1,MOVING_TO_FIELD,Field_1,1,MOVING_TO_FIELD,Field_5,1,MOVING_TO_FIELD,Field_5,1,PROTECTING,Field_1,1,PROTECTING,Field_1,1,MOVING_TO_FIELD,Field_1,1,MOVING_TO_FIELD,Field_1,1,MOVING_TO_FIELD,Field_6,1,MOVING_TO_FIELD,Field_6,1,MOVING_TO_FIELD,Field_6,1,MOVING_TO_FIELD,Field_5,1,PROTECTING,Field_7,1,PROTECTING,Field_7,1,MOVING_TO_FIELD,Field_4,1,PROTECTING,Field_6,1,MOVING_TO_FIELD,Field_7,1,PROTECTING,Field_9,1,PROTECTING,Field_9,1,PROTECTING,Field_9,1,MOVING_TO_FIELD,Field_8,1,MOVING_TO_FIELD,Field_7,1,MOVING_TO_FIELD,Field_5,23,0.08,2,4,2,15,0.03,0,1,2,0,0.01,0,0,4,13,0.06,0,6,4,14,0.00,1,7,1,22,0.03,1,4,3,3,0.02,2,2,1,15,0.01,0,1,2,0,0.04,3,0,0,38,0.22,0,0,6,23,0.12,0,0,4,19,0.12,0,0,1,2,0.00,0,0,2,38,0.23,0,0,6,43,0.25,0,0,6,17,0.12,0,0,2,40,0.10,0,0,2,63,0.07,0,0,1,0,0.06,0,0,2,7,0.04,0,6,3
130,395,0,0,11,0,29,0,1,MOVING_TO_FIELD,Field_20,1,MOVING_TO_FIELD,Field_20,1,MOVING_TO_FIELD,Field_20,1,MOVING_TO_FIELD,Field_20,1,MOVING_TO_FIELD,Field_20,1,MOVING_TO_FIELD,Field_20,1,PROTECTING,Field_5,1,MOVING_TO_FIELD,Field_5,1,PROTECTING,Field_5,1,PROTECTING,Field_5,1,MOVING_TO_FIELD,Field_6,1,MOVING_TO_FIELD,Field_2,1,MOVING_TO_FIELD,Field_4,1,MOVING_TO_FIELD,Field_4,1,MOVING_TO_FIELD,Field_4,1,MOVING_TO_FIELD,Field_4,1,MOVING_TO_FIELD,Field_4,1,MOVING_TO_FIELD,Field_1,1,MOVING_TO_FIELD,Field_1,1,MOVING_TO_FIELD,Field_5,1,MOVING_TO_FIELD,Field_5,1,PROTECTING,Field_1,1,PROTECTING,Field_1,1,MOVING_TO_FIELD,Field_1,1,MOVING_TO_FIELD,Field_1,1,MOVING_TO_FIELD,Field_6,1,MOVING_TO_FIELD,Field_6,1,MOVING_TO_FIELD,Field_6,1,MOVING_TO_FIELD,Field_5,1,PROTECTING,Field_7,1,PROTECTING,Field_7,1,MOVING_TO_FIELD,Field_4,1,PROTECTING,Field_6,1,MOVING_TO_FIELD,Field_7,1,PROTECTING,Field_9,1,PROTECTING,Field_9,1,PROTECTING,Field_9,1,MOVING_TO_FIELD,Field_8,1,MOVING_TO_FIELD,Field_7,1,MOVING_TO_FIELD,Field_5,23,0.08,2,4,2,15,0.03,0,1,2,0,0.02,0,0,4,13,0.07,0,6,4,14,0.00,3,5,-1,22,0.03,1,4,3,3,0.04,2,2,1,15,0.01,0,1,2,0,0.04,3,0,0,38,0.22,0,0,6,23,0.12,0,0,4,19,0.15,0,0,1,2,0.00,0,0,2,38,0.24,0,0,6,43,0.24,0,0,6,17,0.14,0,0,2,40,0.10,0,0,2,63,0.07,0,0,1,0,0.06,0,0,2,7,0.04,0,6,3
131,395,1,0,6,0,33,0,1,MOVING_TO_FIELD,Field_4,1,MOVING_TO_FIELD,Field_4,1,MOVING_TO_FIELD,Field_4,1,MOVING_TO_FIELD,Field_4,1,MOVING_TO_FIELD,Field_4,1,MOVING_TO_FIELD,Field_4,1,PROTECTING,Field_5,1,MOVING_TO_FIELD,Field_5,1,PROTECTING,Field_5,1,PROTECTING,Field_5,1,MOVING_TO_FIELD,Field_5,1,MOVING_TO_FIELD,Field_5,1,MOVING_TO_FIELD,Field_20,1,MOVING_TO_FIELD,Field_20,1,MOVING_TO_FIELD,Field_20,1,MOVING_TO_FIELD,Field_20,1,MOVING_TO_FIELD,Field_20,1,MOVING_TO_FIELD,Field_20,1,MOVING_TO_FIELD,Field_2,1,MOVING_TO_FIELD,Field_6,1,MOVING_TO_FIELD,Field_6,1,PROTECTING,Field_1,1,PROTECTING,Field_1,1,MOVING_TO_FIELD,Field_1,1,MOVING_TO_FIELD,Field_1,1,MOVING_TO_FIELD,Field_7,1,MOVING_TO_FIELD,Field_7,1,MOVING_TO_FIELD,Field_1,1,MOVING_TO_FIELD,Field_1,1,MOVING_TO_FIELD,Field_1,1,MOVING_TO_FIELD,Field_1,1,MOVING_TO_FIELD,Field_8,1,MOVING_TO_FIELD,Field_4,1,MOVING_TO_FIELD,Field_4,1,MOVING_TO_FIELD,Field_4,1,MOVING_TO_FIELD,Field_4,1,PROTECTING,Field_9,1,MOVING_TO_FIELD,Field_9,1,MOVING_TO_FIELD,Field_9,1,IDLE,,23,0.08,2,6,2,15,0.03,0,1,2,0,0.02,0,0,4,13,0.07,0,10,4,14,0.00,3,3,-1,22,0.03,0,2,4,3,0.04,0,2,3,15,0.01,0,1,2,0,0.06,1,2,2,38,0.22,0,0,6,23,0.12,0,0,4,19,0.15,0,0,1,2,0.00,0,0,2,38,0.21,0,0,6,43,0.23,0,0,6,17,0.14,0,0,2,40,0.08,0,0,2,63,0.07,0,0,1,0,0.06,0,0,2,7,0.04,0,6,3
132,396,1,0,6,0,33,0,1,MOVING_TO_FIELD,Field_4,1,MOVING_TO_FIELD,Field_4,1,MOVING_TO_FIELD,Field_4,1,MOVING_TO_FIELD,Field_4,1,MOVING_TO_FIELD,Field_4,1,MOVING_TO_FIELD,Field_4,1,PROTECTING,Field_5,1,MOVING_TO_FIELD,Field_5,1,PROTECTING,Field_5,1,PROTECTING,Field_5,1,MOVING_TO_FIELD,Field_5,1,MOVING_TO_FIELD,Field_5,1,MOVING_TO_FIELD,Field_20,1,MOVING_TO_FIELD,Field_20,1,MOVING_TO_FIELD,Field_20,1,MOVING_TO_FIELD,Field_20,1,MOVING_TO_FIELD,Field_20,1,MOVING_TO_FIELD,Field_20,1,MOVING_TO_FIELD,Field_2,1,MOVING_TO_FIELD,Field_6,1,MOVING_TO_FIELD,Field_6,1,PROTECTING,Field_1,1,PROTECTING,Field_1,1,MOVING_TO_FIELD,Field_1,1,MOVING_TO_FIELD,Field_1,1,MOVING_TO_FIELD,Field_7,1,MOVING_TO_FIELD,Field_7,1,MOVING_TO_FIELD,Field_1,1,MOVING_TO_FIELD,Field_1,1,MOVING_TO_FIELD,Field_1,1,MOVING_TO_FIELD,Field_1,1,MOVING_TO_FIELD,Field_8,1,MOVING_TO_FIELD,Field_4,1,MOVING_TO_FIELD,Field_4,1,MOVING_TO_FIELD,Field_4,1,MOVING_TO_FIELD,Field_4,1,PROTECTING,Field_9,1,MOVING_TO_FIELD,Field_9,1,MOVING_TO_FIELD,Field_9,1,IDLE,,23,0.08,2,6,2,15,0.04,0,1,2,0,0.02,0,0,4,13,0.07,0,10,4,14,0.00,3,3,-1,22,0.04,0,2,4,3,0.05,0,2,3,15,0.01,0,1,2,0,0.08,1,2,2,38,0.22,0,0,6,23,0.13,0,0,4,19,0.18,0,0,1,2,0.00,0,0,2,39,0.20,0,0,6,43,0.22,0,0,6,17,0.15,0,0,2,40,0.08,0,0,2,63,0.07,0,0,1,0,0.06,0,0,2,7,0.04,0,6,3
133,398,1,0,6,0,33,0,1,MOVING_TO_FIELD,Field_4,1,MOVING_TO_FIELD,Field_4,1,MOVING_TO_FIELD,Field_4,1,MOVING_TO_FIELD,Field_4,1,MOVING_TO_FIELD,Field_4,1,MOVING_TO_FIELD,Field_4,1,PROTECTING,Field_5,1,MOVING_TO_FIELD,Field_5,1,PROTECTING,Field_5,1,PROTECTING,Field_5,1,MOVING_TO_FIELD,Field_5,1,MOVING_TO_FIELD,Field_5,1,MOVING_TO_FIELD,Field_20,1,MOVING_TO_FIELD,Field_20,1,MOVING_TO_FIELD,Field_20,1,MOVING_TO_FIELD,Field_20,1,MOVING_TO_FIELD,Field_20,1,MOVING_TO_FIELD,Field_20,1,MOVING_TO_FIELD,Field_2,1,MOVING_TO_FIELD,Field_6,1,MOVING_TO_FIELD,Field_6,1,PROTECTING,Field_1,1,PROTECTING,Field_1,1,MOVING_TO_FIELD,Field_1,1,MOVING_TO_FIELD,Field_1,1,MOVING_TO_FIELD,Field_7,1,MOVING_TO_FIELD,Field_7,1,MOVING_TO_FIELD,Field_1,1,MOVING_TO_FIELD,Field_1,1,MOVING_TO_FIELD,Field_1,1,MOVING_TO_FIELD,Field_1,1,MOVING_TO_FIELD,Field_8,1,MOVING_TO_FIELD,Field_4,1,MOVING_TO_FIELD,Field_4,1,MOVING_TO_FIELD,Field_4,1,MOVING_TO_FIELD,Field_4,1,PROTECTING,Field_9,1,MOVING_TO_FIELD,Field_9,1,MOVING_TO_FIELD,Field_9,1,IDLE,,23,0.10,2,6,2,15,0.05,0,1,2,0,0.02,0,0,4,13,0.07,0,10,4,14,0.00,3,3,-1,22,0.04,0,2,4,3,0.05,0,2,3,15,0.01,0,1,2,0,0.08,1,2,2,38,0.22,0,0,6,23,0.13,0,0,4,20,0.18,0,0,1,2,0.00,0,0,2,39,0.21,0,0,6,43,0.22,0,0,6,18,0.15,0,0,2,40,0.07,0,0,2,63,0.09,0,0,1,0,0.06,0,0,2,7,0.04,0,6,3
134,401,1,0,7,0,32,0,1,MOVING_TO_FIELD,Field_4,1,MOVING_TO_FIELD,Field_4,1,MOVING_TO_FIELD,Field_4,1,MOVING_TO_FIELD,Field_4,1,MOVING_TO_FIELD,Field_4,1,MOVING_TO_FIELD,Field_4,1,PROTECTING,Field_5,1,PROTECTING,Field_5,1,PROTECTING,Field_5,1,PROTECTING,Field_5,1,MOVING_TO_FIELD,Field_5,1,MOVING_TO_FIELD,Field_5,1,MOVING_TO_FIELD,Field_20,1,MOVING_TO_FIELD,Field_20,1,MOVING_TO_FIELD,Field_20,1,MOVING_TO_FIELD,Field_20,1,MOVING_TO_FIELD,Field_20,1,MOVING_TO_FIELD,Field_20,1,MOVING_TO_FIELD,Field_2,1,MOVING_TO_FIELD,Field_6,1,MOVING_TO_FIELD,Field_6,1,PROTECTING,Field_1,1,PROTECTING,Field_1,1,MOVING_TO_FIELD,Field_1,1,MOVING_TO_FIELD,Field_1,1,MOVING_TO_FIELD,Field_7,1,MOVING_TO_FIELD,Field_7,1,MOVING_TO_FIELD,Field_1,1,MOVING_TO_FIELD,Field_1,1,MOVING_TO_FIELD,Field_1,1,MOVING_TO_FIELD,Field_1,1,MOVING_TO_FIELD,Field_8,1,MOVING_TO_FIELD,Field_4,1,MOVING_TO_FIELD,Field_4,1,MOVING_TO_FIELD,Field_4,1,MOVING_TO_FIELD,Field_4,1,PROTECTING,Field_9,1,MOVING_TO_FIELD,Field_9,1,MOVING_TO_FIELD,Field_9,1,IDLE,,23,0.10,2,6,2,15,0.05,0,1,2,0,0.02,0,0,4,13,0.07,0,10,4,14,0.00,4,2,-2,22,0.04,0,2,4,3,0.05,0,2,3,15,0.01,0,1,2,0,0.07,1,2,2,38,0.24,0,0,6,23,0.13,0,0,4,21,0.18,0,0,1,2,0.00,0,0,2,39,0.21,0,0,6,44,0.20,0,0,6,18,0.15,0,0,2,40,0.05,0,0,2,64,0.09,0,0,1,0,0.08,0,0,2,7,0.04,0,6,3
135,401,1,0,9,0,30,0,1,MOVING_TO_FIELD,Field_4,1,MOVING_TO_FIELD,Field_4,1,MOVING_TO_FIELD,Field_4,1,MOVING_TO_FIELD,Field_4,1,MOVING_TO_FIELD,Field_4,1,MOVING_TO_FIELD,Field_4,1,PROTECTING,Field_5,1,PROTECTING,Field_5,1,PROTECTING,Field_5,1,PROTECTING,Field_5,1,MOVING_TO_FIELD,Field_5,1,MOVING_TO_FIELD,Field_5,1,MOVING_TO_FIELD,Field_20,1,MOVING_TO_FIELD,Field_20,1,MOVING_TO_FIELD,Field_20,1,MOVING_TO_FIELD,Field_20,1,MOVING_TO_FIELD,Field_20,1,MOVING_TO_FIELD,Field_20,1,MOVING_TO_FIELD,Field_2,1,MOVING_TO_FIELD,Field_6,1,MOVING_TO_FIELD,Field_6,1,PROTECTING,Field_1,1,PROTECTING,Field_1,1,PROTECTING,Field_1,1,MOVING_TO_FIELD,Field_1,1,MOVING_TO_FIELD,Field_7,1,MOVING_TO_FIELD,Field_7,1,MOVING_TO_FIELD,Field_1,1,MOVING_TO_FIELD,Field_1,1,MOVING_TO_FIELD,Field_1,1,MOVING_TO_FIELD,Field_1,1,MOVING_TO_FIELD,Field_8,1,MOVING_TO_FIELD,Field_4,1,MOVING_TO_FIELD,Field_4,1,MOVING_TO_FIELD,Field_4,1,MOVING_TO_FIELD,Field_4,1,PROTECTING,Field_9,1,MOVING_TO_FIELD,Field_9,1,PROTECTING,Field_9,1,IDLE,,23,0.10,3,5,1,15,0.05,0,1,2,0,0.02,0,0,4,13,0.06,0,10,4,14,0.00,4,2,-2,22,0.04,0,2,4,3,0.05,0,2,3,15,0.01,0,1,2,0,0.08,2,1,1,38,0.25,0,0,6,23,0.13,0,0,4,21,0.18,0,0,1,2,0.00,0,0,2,39,0.21,0,0,6,44,0.20,0,0,6,18,0.14,0,0,2,40,0.05,0,0,2,64,0.09,0,0,1,0,0.08,0,0,2,7,0.04,0,6,3
136,405,1,0,9,0,30,0,1,MOVING_TO_FIELD,Field_4,1,MOVING_TO_FIELD,Field_4,1,MOVING_TO_FIELD,Field_4,1,MOVING_TO_FIELD,Field_4,1,MOVING_TO_FIELD,Field_4,1,MOVING_TO_FIELD,Field_4,1,PROTECTING,Field_5,1,PROTECTING,Field_5,1,PROTECTING,Field_5,1,PROTECTING,Field_5,1,MOVING_TO_FIELD,Field_5,1,MOVING_TO_FIELD,Field_5,1,MOVING_TO_FIELD,Field_20,1,MOVING_TO_FIELD,Field_20,1,MOVING_TO_FIELD,Field_20,1,MOVING_TO_FIELD,Field_20,1,MOVING_TO_FIELD,Field_20,1,MOVING_TO_FIELD,Field_20,1,MOVING_TO_FIELD,Field_2,1,MOVING_TO_FIELD,Field_6,1,MOVING_TO_FIELD,Field_6,1,PROTECTING,Field_1,1,PROTECTING,Field_1,1,PROTECTING,Field_1,1,MOVING_TO_FIELD,Field_1,1,MOVING_TO_FIELD,Field_7,1,MOVING_TO_FIELD,Field_7,1,MOVING_TO_FIELD,Field_1,1,MOVING_TO_FIELD,Field_1,1,MOVING_TO_FIELD,Field_1,1,MOVING_TO_FIELD,Field_1,1,MOVING_TO_FIELD,Field_8,1,MOVING_TO_FIELD,Field_4,1,MOVING_TO_FIELD,Field_4,1,MOVING_TO_FIELD,Field_4,1,MOVING_TO_FIELD,Field_4,1,PROTECTING,Field_9,1,MOVING_TO_FIELD,Field_9,1,PROTECTING,Field_9,1,IDLE,,23,0.10,3,5,1,15,0.07,0,1,2,0,0.04,0,0,4,13,0.06,0,10,4,14,0.01,4,2,-2,22,0.04,0,2,4,3,0.05,0,2,3,15,0.01,0,1,2,0,0.07,2,1,1,38,0.24,0,0,6,24,0.13,0,0,4,22,0.18,0,0,1,2,0.00,0,0,2,39,0.23,0,0,6,46,0.22,0,0,6,18,0.12,0,0,2,40,0.05,0,0,2,64,0.07,0,0,1,0,0.08,0,0,2,7,0.04,0,6,3
137,407,1,0,9,0,30,0,1,MOVING_TO_FIELD,Field_4,1,MOVING_TO_FIELD,Field_4,1,MOVING_TO_FIELD,Field_4,1,MOVING_TO_FIELD,Field_4,1,MOVING_TO_FIELD,Field_4,1,MOVING_TO_FIELD,Field_4,1,PROTECTING,Field_5,1,PROTECTING,Field_5,1,PROTECTING,Field_5,1,PROTECTING,Field_5,1,MOVING_TO_FIELD,Field_5,1,MOVING_TO_FIELD,Field_5,1,MOVING_TO_FIELD,Field_20,1,MOVING_TO_FIELD,Field_20,1,MOVING_TO_FIELD,Field_20,1,MOVING_TO_FIELD,Field_20,1,MOVING_TO_FIELD,Field_20,1,MOVING_TO_FIELD,Field_20,1,MOVING_TO_FIELD,Field_2,1,MOVING_TO_FIELD,Field_6,1,MOVING_TO_FIELD,Field_6,1,PROTECTING,Field_1,1,PROTECTING,Field_1,1,PROTECTING,Field_1,1,MOVING_TO_FIELD,Field_1,1,MOVING_TO_FIELD,Field_7,1,MOVING_TO_FIELD,Field_7,1,MOVING_TO_FIELD,Field_1,1,MOVING_TO_FIELD,Field_1,1,MOVING_TO_FIELD,Field_1,1,MOVING_TO_FIELD,Field_1,1,MOVING_TO_FIELD,Field_8,1,MOVING_TO_FIELD,Field_4,1,MOVING_TO_FIELD,Field_4,1,MOVING_TO_FIELD,Field_4,1,MOVING_TO_FIELD,Field_4,1,PROTECTING,Field_9,1,MOVING_TO_FIELD,Field_9,1,PROTECTING,Field_9,1,IDLE,,23,0.10,3,5,1,15,0.07,0,1,2,0,0.04,0,0,4,13,0.06,0,10,4,14,0.01,4,2,-2,22,0.04,0,2,4,3,0.05,0,2,3,15,0.01,0,1,2,0,0.03,2,1,1,38,0.26,0,0,6,25,0.13,0,0,4,23,0.15,0,0,1,2,0.00,0,0,2,39,0.24,0,0,6,46,0.21,0,0,6,18,0.12,0,0,2,40,0.05,0,0,2,64,0.07,0,0,1,0,0.08,0,0,2,7,0.06,0,6,3
138,407,1,0,9,0,30,0,1,MOVING_TO_FIELD,Field_4,1,MOVING_TO_FIELD,Field_4,1,MOVING_TO_FIELD,Field_4,1,MOVING_TO_FIELD,Field_4,1,MOVING_TO_FIELD,Field_4,1,MOVING_TO_FIELD,Field_4,1,PROTECTING,Field_5,1,PROTECTING,Field_5,1,PROTECTING,Field_5,1,PROTECTING,Field_5,1,MOVING_TO_FIELD,Field_5,1,MOVING_TO_FIELD,Field_5,1,MOVING_TO_FIELD,Field_20,1,MOVING_TO_FIELD,Field_20,1,MOVING_TO_FIELD,Field_20,1,MOVING_TO_FIELD,Field_20,1,MOVING_TO_FIELD,Field_20,1,MOVING_TO_FIELD,Field_20,1,MOVING_TO_FIELD,Field_2,1,MOVING_TO_FIELD,Field_6,1,MOVING_TO_FIELD,Field_6,1,PROTECTING,Field_1,1,PROTECTING,Field_1,1,PROTECTING,Field_1,1,MOVING_TO_FIELD,Field_1,1,MOVING_TO_FIELD,Field_7,1,MOVING_TO_FIELD,Field_7,1,MOVING_TO_FIELD,Field_1,1,MOVING_TO_FIELD,Field_1,1,MOVING_TO_FIELD,Field_1,1,MOVING_TO_FIELD,Field_1,1,MOVING_TO_FIELD,Field_8,1,MOVING_TO_FIELD,Field_4,1,MOVING_TO_FIELD,Field_4,1,MOVING_TO_FIELD,Field_4,1,MOVING_TO_FIELD,Field_4,1,PROTECTING,Field_9,1,MOVING_TO_FIELD,Field_9,1,PROTECTING,Field_9,1,IDLE,,23,0.10,3,5,1,15,0.07,0,1,2,0,0.04,0,0,4,13,0.06,0,10,4,14,0.00,4,2,-2,22,0.04,0,2,4,3,0.05,0,2,3,15,0.01,0,1,2,0,0.03,2,1,1,38,0.26,0,0,6,25,0.14,0,0,4,23,0.15,0,0,1,2,0.00,0,0,2,39,0.23,0,0,6,46,0.21,0,0,6,18,0.09,0,0,2,40,0.05,0,0,2,64,0.09,0,0,1,0,0.06,0,0,2,7,0.06,0,6,3
139,407,1,0,9,0,30,0,1,MOVING_TO_FIELD,Field_4,1,MOVING_TO_FIELD,Field_4,1,MOVING_TO_FIELD,Field_4,1,MOVING_TO_FIELD,Field_4,1,MOVING_TO_FIELD,Field_4,1,MOVING_TO_FIELD,Field_4,1,PROTECTING,Field_5,1,PROTECTING,Field_5,1,PROTECTING,Field_5,1,PROTECTING,Field_5,1,MOVING_TO_FIELD,Field_5,1,MOVING_TO_FIELD,Field_5,1,MOVING_TO_FIELD,Field_20,1,MOVING_TO_FIELD,Field_20,1,MOVING_TO_FIELD,Field_20,1,MOVING_TO_FIELD,Field_20,1,MOVING_TO_FIELD,Field_20,1,MOVING_TO_FIELD,Field_20,1,MOVING_TO_FIELD,Field_2,1,MOVING_TO_FIELD,Field_6,1,MOVING_TO_FIELD,Field_6,1,PROTECTING,Field_1,1,PROTECTING,Field_1,1,PROTECTING,Field_1,1,MOVING_TO_FIELD,Field_1,1,MOVING_TO_FIELD,Field_7,1,MOVING_TO_FIELD,Field_7,1,MOVING_TO_FIELD,Field_1,1,MOVING_TO_FIELD,Field_1,1,MOVING_TO_FIELD,Field_1,1,MOVING_TO_FIELD,Field_1,1,MOVING_TO_FIELD,Field_8,1,MOVING_TO_FIELD,Field_4,1,MOVING_TO_FIELD,Field_4,1,MOVING_TO_FIELD,Field_4,1,MOVING_TO_FIELD,Field_4,1,PROTECTING,Field_9,1,MOVING_TO_FIELD,Field_9,1,PROTECTING,Field_9,1,IDLE,,23,0.11,3,5,1,15,0.07,0,1,2,0,0.04,0,0,4,13,0.08,0,10,4,14,0.00,4,2,-2,22,0.04,0,2,4,3,0.04,0,2,3,15,0.01,0,1,2,0,0.03,2,1,1,38,0.25,0,0,6,25,0.14,0,0,4,23,0.15,0,0,1,2,0.02,0,0,2,39,0.21,0,0,6,46,0.22,0,0,6,18,0.09,0,0,2,40,0.05,0,0,2,64,0.09,0,0,1,0,0.06,0,0,2,7,0.06,0,6,3
140,407,1,0,9,0,30,0,1,MOVING_TO_FIELD,Field_4,1,MOVING_TO_FIELD,Field_4,1,MOVING_TO_FIELD,Field_4,1,MOVING_TO_FIELD,Field_4,1,MOVING_TO_FIELD,Field_4,1,MOVING_TO_FIELD,Field_4,1,PROTECTING,Field_5,1,PROTECTING,Field_5,1,PROTECTING,Field_5,1,PROTECTING,Field_5,1,MOVING_TO_FIELD,Field_5,1,MOVING_TO_FIELD,Field_5,1,MOVING_TO_FIELD,Field_20,1,MOVING_TO_FIELD,Field_20,1,MOVING_TO_FIELD,Field_20,1,MOVING_TO_FIELD,Field_20,1,MOVING_TO_FIELD,Field_20,1,MOVING_TO_FIELD,Field_20,1,MOVING_TO_FIELD,Field_2,1,MOVING_TO_FIELD,Field_6,1,MOVING_TO_FIELD,Field_6,1,PROTECTING,Field_1,1,PROTECTING,Field_1,1,PROTECTING,Field_1,1,MOVING_TO_FIELD,Field_1,1,MOVING_TO_FIELD,Field_7,1,MOVING_TO_FIELD,Field_7,1,MOVING_TO_FIELD,Field_1,1,MOVING_TO_FIELD,Field_1,1,MOVING_TO_FIELD,Field_1,1,MOVING_TO_FIELD,Field_1,1,MOVING_TO_FIELD,Field_8,1,MOVING_TO_FIELD,Field_4,1,MOVING_TO_FIELD,Field_4,1,MOVING_TO_FIELD,Field_4,1,MOVING_TO_FIELD,Field_4,1,PROTECTING,Field_9,1,MOVING_TO_FIELD,Field_9,1,PROTECTING,Field_9,1,IDLE,,23,0.11,3,5,1,15,0.07,0,1,2,0,0.04,0,0,4,13,0.07,0,10,4,14,0.00,4,2,-2,22,0.04,0,2,4,3,0.04,0,2,3,15,0.01,0,1,2,0,0.03,2,1,1,38,0.26,0,0,6,25,0.16,0,0,4,23,0.15,0,0,1,2,0.02,0,0,2,39,0.21,0,0,6,46,0.22,0,0,6,18,0.09,0,0,2,40,0.03,0,0,2,64,0.09,0,0,1,0,0.06,0,0,2,7,0.06,0,6,3
141,407,0,0,3,0,37,0,1,MOVING_TO_FIELD,Field_4,1,MOVING_TO_FIELD,Field_4,1,MOVING_TO_FIELD,Field_4,1,MOVING_TO_FIELD,Field_4,1,MOVING_TO_FIELD,Field_20,1,MOVING_TO_FIELD,Field_20,1,MOVING_TO_FIELD,Field_20,1,MOVING_TO_FIELD,Field_20,1,MOVING_TO_FIELD,Field_20,1,MOVING_TO_FIELD,Field_20,1,MOVING_TO_FIELD,Field_1,1,MOVING_TO_FIELD,Field_1,1,MOVING_TO_FIELD,Field_20,1,MOVING_TO_FIELD,Field_20,1,MOVING_TO_FIELD,Field_20,1,MOVING_TO_FIELD,Field_1,1,MOVING_TO_FIELD,Field_1,1,MOVING_TO_FIELD,Field_2,1,MOVING_TO_FIELD,Field_2,1,MOVING_TO_FIELD,Field_6,1,MOVING_TO_FIELD,Field_6,1,PROTECTING,Field_1,1,PROTECTING,Field_1,1,PROTECTING,Field_1,1,MOVING_TO_FIELD,Field_1,1,MOVING_TO_FIELD,Field_4,1,MOVING_TO_FIELD,Field_4,1,MOVING_TO_FIELD,Field_4,1,MOVING_TO_FIELD,Field_4,1,MOVING_TO_FIELD,Field_4,1,MOVING_TO_FIELD,Field_4,1,MOVING_TO_FIELD,Field_5,1,MOVING_TO_FIELD,Field_5,1,MOVING_TO_FIELD,Field_5,1,MOVING_TO_FIELD,Field_5,1,MOVING_TO_FIELD,Field_5,1,MOVING_TO_FIELD,Field_5,1,MOVING_TO_FIELD,Field_2,1,MOVING_TO_FIELD,Field_6,1,MOVING_TO_FIELD,Field_6,23,0.09,3,5,1,15,0.05,0,3,2,0,0.05,0,0,4,13,0.09,0,10,4,14,0.00,0,6,2,22,0.05,0,4,4,3,0.05,0,0,3,15,0.01,0,0,2,0,0.02,0,0,3,38,0.25,0,0,6,25,0.16,0,0,4,23,0.09,0,0,1,2,0.02,0,0,2,39,0.20,0,0,6,46,0.22,0,0,6,18,0.11,0,0,2,40,0.03,0,0,2,64,0.07,0,0,1,0,0.06,0,0,2,7,0.06,0,9,3
142,407,0,0,3,0,37,0,1,MOVING_TO_FIELD,Field_4,1,MOVING_TO_FIELD,Field_4,1,MOVING_TO_FIELD,Field_4,1,MOVING_TO_FIELD,Field_4,1,MOVING_TO_FIELD,Field_20,1,MOVING_TO_FIELD,Field_20,1,MOVING_TO_FIELD,Field_20,1,MOVING_TO_FIELD,Field_20,1,MOVING_TO_FIELD,Field_20,1,MOVING_TO_FIELD,Field_20,1,MOVING_TO_FIELD,Field_1,1,MOVING_TO_FIELD,Field_1,1,MOVING_TO_FIELD,Field_20,1,MOVING_TO_FIELD,Field_20,1,MOVING_TO_FIELD,Field_20,1,MOVING_TO_FIELD,Field_1,1,MOVING_TO_FIELD,Field_1,1,MOVING_TO_FIELD,Field_2,1,MOVING_TO_FIELD,Field_2,1,MOVING_TO_FIELD,Field_6,1,MOVING_TO_FIELD,Field_6,1,PROTECTING,Field_1,1,PROTECTING,Field_1,1,PROTECTING,Field_1,1,MOVING_TO_FIELD,Field_1,1,MOVING_TO_FIELD,Field_4,1,MOVING_TO_FIELD,Field_4,1,MOVING_TO_FIELD,Field_4,1,MOVING_TO_FIELD,Field_4,1,MOVING_TO_FIELD,Field_4,1,MOVING_TO_FIELD,Field_4,1,MOVING_TO_FIELD,Field_5,1,MOVING_TO_FIELD,Field_5,1,MOVING_TO_FIELD,Field_5,1,MOVING_TO_FIELD,Field_5,1,MOVING_TO_FIELD,Field_5,1,MOVING_TO_FIELD,Field_5,1,MOVING_TO_FIELD,Field_2,1,MOVING_TO_FIELD,Field_6,1,MOVING_TO_FIELD,Field_6,23,0.08,3,5,1,15,0.05,0,3,2,0,0.06,0,0,4,13,0.10,0,10,4,14,0.00,0,6,2,22,0.05,0,4,4,3,0.05,0,0,3,15,0.01,0,0,2,0,0.02,0,0,3,38,0.25,0,0,6,25,0.17,0,0,4,23,0.12,0,0,1,2,0.04,0,0,2,39,0.21,0,0,6,46,0.22,0,0,6,18,0.12,0,0,2,40,0.03,0,0,2,64,0.09,0,0,1,0,0.08,0,0,2,7,0.06,0,9,3
143,410,0,0,3,0,37,0,1,MOVING_TO_FIELD,Field_4,1,MOVING_TO_FIELD,Field_4,1,MOVING_TO_FIELD,Field_4,1,MOVING_TO_FIELD,Field_4,1,MOVING_TO_FIELD,Field_20,1,MOVING_TO_FIELD,Field_20,1,MOVING_TO_FIELD,Field_20,1,MOVING_TO_FIELD,Field_20,1,MOVING_TO_FIELD,Field_20,1,MOVING_TO_FIELD,Field_20,1,MOVING_TO_FIELD,Field_1,1,MOVING_TO_FIELD,Field_1,1,MOVING_TO_FIELD,Field_20,1,MOVING_TO_FIELD,Field_20,1,MOVING_TO_FIELD,Field_20,1,MOVING_TO_FIELD,Field_1,1,MOVING_TO_FIELD,Field_1,1,MOVING_TO_FIELD,Field_2,1,MOVING_TO_FIELD,Field_2,1,MOVING_TO_FIELD,Field_6,1,MOVING_TO_FIELD,Field_6,1,PROTECTING,Field_1,1,PROTECTING,Field_1,1,PROTECTING,Field_1,1,MOVING_TO_FIELD,Field_1,1,MOVING_TO_FIELD,Field_4,1,MOVING_TO_FIELD,Field_4,1,MOVING_TO_FIELD,Field_4,1,MOVING_TO_FIELD,Field_4,1,MOVING_TO_FIELD,Field_4,1,MOVING_TO_FIELD,Field_4,1,MOVING_TO_FIELD,Field_5,1,MOVING_TO_FIELD,Field_5,1,MOVING_TO_FIELD,Field_5,1,MOVING_TO_FIELD,Field_5,1,MOVING_TO_FIELD,Field_5,1,MOVING_TO_FIELD,Field_5,1,MOVING_TO_FIELD,Field_2,1,MOVING_TO_FIELD,Field_6,1,MOVING_TO_FIELD,Field_6,23,0.08,3,5,1,15,0.05,0,3,2,0,0.09,0,0,4,13,0.10,0,10,4,14,0.00,0,6,2,22,0.04,0,4,4,3,0.05,0,0,3,15,0.01,0,0,2,0,0.02,0,0,3,40,0.25,0,0,6,25,0.17,0,0,4,23,0.12,0,0,1,2,0.04,0,0,2,40,0.21,0,0,6,46,0.22,0,0,6,18,0.12,0,0,2,40,0.03,0,0,2,64,0.11,0,0,1,0,0.08,0,0,2,7,0.06,0,9,3
144,410,0,0,3,0,37,0,1,MOVING_TO_FIELD,Field_4,1,MOVING_TO_FIELD,Field_4,1,MOVING_TO_FIELD,Field_4,1,MOVING_TO_FIELD,Field_4,1,MOVING_TO_FIELD,Field_20,1,MOVING_TO_FIELD,Field_20,1,MOVING_TO_FIELD,Field_20,1,MOVING_TO_FIELD,Field_20,1,MOVING_TO_FIELD,Field_20,1,MOVING_TO_FIELD,Field_20,1,MOVING_TO_FIELD,Field_1,1,MOVING_TO_FIELD,Field_1,1,MOVING_TO_FIELD,Field_20,1,MOVING_TO_FIELD,Field_20,1,MOVING_TO_FIELD,Field_20,1,MOVING_TO_FIELD,Field_1,1,MOVING_TO_FIELD,Field_1,1,MOVING_TO_FIELD,Field_2,1,MOVING_TO_FIELD,Field_2,1,MOVING_TO_FIELD,Field_6,1,MOVING_TO_FIELD,Field_6,1,PROTECTING,Field_1,1,PROTECTING,Field_1,1,PROTECTING,Field_1,1,MOVING_TO_FIELD,Field_1,1,MOVING_TO_FIELD,Field_4,1,MOVING_TO_FIELD,Field_4,1,MOVING_TO_FIELD,Field_4,1,MOVING_TO_FIELD,Field_4,1,MOVING_TO_FIELD,Field_4,1,MOVING_TO_FIELD,Field_4,1,MOVING_TO_FIELD,Field_5,1,MOVING_TO_FIELD,Field_5,1,MOVING_TO_FIELD,Field_5,1,MOVING_TO_FIELD,Field_5,1,MOVING_TO_FIELD,Field_5,1,MOVING_TO_FIELD,Field_5,1,MOVING_TO_FIELD,Field_2,1,MOVING_TO_FIELD,Field_6,1,MOVING_TO_FIELD,Field_6,23,0.07,3,5,1,15,0.05,0,3,2,0,0.09,0,0,4,13,0.13,0,10,4,14,0.00,0,6,2,22,0.04,0,4,4,3,0.06,0,0,3,15,0.01,0,0,2,0,0.02,0,0,3,40,0.25,0,0,6,25,0.17,0,0,4,23,0.12,0,0,1,2,0.04,0,0,2,40,0.21,0,0,6,46,0.23,0,0,6,18,0.10,0,0,2,40,0.03,0,0,2,64,0.11,0,0,1,0,0.08,0,0,2,7,0.06,0,9,3
145,411,0,0,3,0,37,0,1,MOVING_TO_FIELD,Field_4,1,MOVING_TO_FIELD,Field_4,1,MOVING_TO_FIELD,Field_4,1,MOVING_TO_FIELD,Field_4,1,MOVING_TO_FIELD,Field_20,1,MOVING_TO_FIELD,Field_20,1,MOVING_TO_FIELD,Field_20,1,MOVING_TO_FIELD,Field_20,1,MOVING_TO_FIELD,Field_20,1,MOVING_TO_FIELD,Field_20,1,MOVING_TO_FIELD,Field_1,1,MOVING_TO_FIELD,Field_1,1,MOVING_TO_FIELD,Field_20,1,MOVING_TO_FIELD,Field_20,1,MOVING_TO_FIELD,Field_20,1,MOVING_TO_FIELD,Field_1,1,MOVING_TO_FIELD,Field_1,1,MOVING_TO_FIELD,Field_2,1,MOVING_TO_FIELD,Field_2,1,MOVING_TO_FIELD,Field_6,1,MOVING_TO_FIELD,Field_6,1,PROTECTING,Field_1,1,PROTECTING,Field_1,1,PROTECTING,Field_1,1,MOVING_TO_FIELD,Field_1,1,MOVING_TO_FIELD,Field_4,1,MOVING_TO_FIELD,Field_4,1,MOVING_TO_FIELD,Field_4,1,MOVING_TO_FIELD,Field_4,1,MOVING_TO_FIELD,Field_4,1,MOVING_TO_FIELD,Field_4,1,MOVING_TO_FIELD,Field_5,1,MOVING_TO_FIELD,Field_5,1,MOVING_TO_FIELD,Field_5,1,MOVING_TO_FIELD,Field_5,1,MOVING_TO_FIELD,Field_5,1,MOVING_TO_FIELD,Field_5,1,MOVING_TO_FIELD,Field_2,1,MOVING_TO_FIELD,Field_6,1,MOVING_TO_FIELD,Field_6,23,0.07,3,5,1,15,0.07,0,3,2,0,0.09,0,0,4,13,0.13,0,10,4,14,0.00,0,6,2,22,0.04,0,4,4,3,0.06,0,0,3,15,0.01,0,0,2,0,0.02,0,0,3,41,0.25,0,0,6,25,0.16,0,0,4,23,0.12,0,0,1,2,0.04,0,0,2,40,0.21,0,0,6,46,0.24,0,0,6,18,0.10,0,0,2,40,0.03,0,0,2,64,0.11,0,0,1,0,0.08,0,0,2,7,0.06,0,9,3
146,412,0,0,4,0,36,0,1,MOVING_TO_FIELD,Field_4,1,MOVING_TO_FIELD,Field_4,1,MOVING_TO_FIELD,Field_4,1,MOVING_TO_FIELD,Field_4,1,MOVING_TO_FIELD,Field_20,1,MOVING_TO_FIELD,Field_20,1,MOVING_TO_FIELD,Field_20,1,PROTECTING,Field_20,1,MOVING_TO_FIELD,Field_20,1,MOVING_TO_FIELD,Field_20,1,MOVING_TO_FIELD,Field_1,1,MOVING_TO_FIELD,Field_1,1,MOVING_TO_FIELD,Field_20,1,MOVING_TO_FIELD,Field_20,1,MOVING_TO_FIELD,Field_20,1,MOVING_TO_FIELD,Field_1,1,MOVING_TO_FIELD,Field_1,1,MOVING_TO_FIELD,Field_2,1,MOVING_TO_FIELD,Field_2,1,MOVING_TO_FIELD,Field_6,1,MOVING_TO_FIELD,Field_6,1,PROTECTING,Field_1,1,PROTECTING,Field_1,1,PROTECTING,Field_1,1,MOVING_TO_FIELD,Field_1,1,MOVING_TO_FIELD,Field_4,1,MOVING_TO_FIELD,Field_4,1,MOVING_TO_FIELD,Field_4,1,MOVING_TO_FIELD,Field_4,1,MOVING_TO_FIELD,Field_4,1,MOVING_TO_FIELD,Field_4,1,MOVING_TO_FIELD,Field_5,1,MOVING_TO_FIELD,Field_5,1,MOVING_TO_FIELD,Field_5,1,MOVING_TO_FIELD,Field_5,1,MOVING_TO_FIELD,Field_5,1,MOVING_TO_FIELD,Field_5,1,MOVING_TO_FIELD,Field_2,1,MOVING_TO_FIELD,Field_6,1,MOVING_TO_FIELD,Field_6,23,0.07,3,5,1,15,0.07,0,3,2,0,0.09,0,0,4,13,0.14,0,10,4,14,0.00,0,6,2,22,0.03,0,4,4,3,0.07,0,0,3,15,0.01,0,0,2,0,0.01,0,0,3,41,0.27,0,0,6,25,0.16,0,0,4,23,0.12,0,0,1,2,0.04,0,0,2,40,0.20,0,0,6,46,0.25,0,0,6,18,0.09,0,0,2,40,0.03,0,0,2,65,0.11,0,0,1,0,0.08,0,0,2,7,0.06,1,8,2
147,412,0,0,4,0,36,0,1,MOVING_TO_FIELD,Field_4,1,MOVING_TO_FIELD,Field_4,1,MOVING_TO_FIELD,Field_4,1,MOVING_TO_FIELD,Field_4,1,MOVING_TO_FIELD,Field_20,1,MOVING_TO_FIELD,Field_20,1,MOVING_TO_FIELD,Field_20,1,PROTECTING,Field_20,1,MOVING_TO_FIELD,Field_20,1,MOVING_TO_FIELD,Field_20,1,MOVING_TO_FIELD,Field_1,1,MOVING_TO_FIELD,Field_1,1,MOVING_TO_FIELD,Field_20,1,MOVING_TO_FIELD,Field_20,1,MOVING_TO_FIELD,Field_20,1,MOVING_TO_FIELD,Field_1,1,MOVING_TO_FIELD,Field_1,1,MOVING_TO_FIELD,Field_2,1,MOVING_TO_FIELD,Field_2,1,MOVING_TO_FIELD,Field_6,1,MOVING_TO_FIELD,Field_6,1,PROTECTING,Field_1,1,PROTECTING,Field_1,1,PROTECTING,Field_1,1,MOVING_TO_FIELD,Field_1,1,MOVING_TO_FIELD,Field_4,1,MOVING_TO_FIELD,Field_4,1,MOVING_TO_FIELD,Field_4,1,MOVING_TO_FIELD,Field_4,1,MOVING_TO_FIELD,Field_4,1,MOVING_TO_FIELD,Field_4,1,MOVING_TO_FIELD,Field_5,1,MOVING_TO_FIELD,Field_5,1,MOVING_TO_FIELD,Field_5,1,MOVING_TO_FIELD,Field_5,1,MOVING_TO_FIELD,Field_5,1,MOVING_TO_FIELD,Field_5,1,MOVING_TO_FIELD,Field_2,1,MOVING_TO_FIELD,Field_6,1,MOVING_TO_FIELD,Field_6,23,0.07,3,5,1,15,0.07,0,3,2,0,0.08,0,0,4,13,0.13,0,10,4,14,0.00,0,6,2,22,0.03,0,4,4,3,0.07,0,0,3,15,0.01,0,0,2,0,0.01,0,0,3,41,0.27,0,0,6,25,0.14,0,0,4,23,0.12,0,0,1,2,0.04,0,0,2,40,0.18,0,0,6,46,0.25,0,0,6,18,0.09,0,0,2,40,0.02,0,0,2,65,0.13,0,0,1,0,0.08,0,0,2,7,0.06,1,8,2
148,415,0,0,6,0,34,0,1,MOVING_TO_FIELD,Field_4,1,MOVING_TO_FIELD,Field_4,1,PROTECTING,Field_4,1,PROTECTING,Field_4,1,MOVING_TO_FIELD,Field_20,1,MOVING_TO_FIELD,Field_20,1,MOVING_TO_FIELD,Field_20,1,PROTECTING,Field_20,1,MOVING_TO_FIELD,Field_20,1,MOVING_TO_FIELD,Field_20,1,MOVING_TO_FIELD,Field_1,1,MOVING_TO_FIELD,Field_1,1,MOVING_TO_FIELD,Field_20,1,MOVING_TO_FIELD,Field_20,1,MOVING_TO_FIELD,Field_20,1,MOVING_TO_FIELD,Field_1,1,MOVING_TO_FIELD,Field_1,1,MOVING_TO_FIELD,Field_2,1,MOVING_TO_FIELD,Field_2,1,MOVING_TO_FIELD,Field_6,1,MOVING_TO_FIELD,Field_6,1,PROTECTING,Field_1,1,PROTECTING,Field_1,1,PROTECTING,Field_1,1,MOVING_TO_FIELD,Field_1,1,MOVING_TO_FIELD,Field_4,1,MOVING_TO_FIELD,Field_4,1,MOVING_TO_FIELD,Field_4,1,MOVING_TO_FIELD,Field_4,1,MOVING_TO_FIELD,Field_4,1,MOVING_TO_FIELD,Field_4,1,MOVING_TO_FIELD,Field_5,1,MOVING_TO_FIELD,Field_5,1,MOVING_TO_FIELD,Field_5,1,MOVING_TO_FIELD,Field_5,1,MOVING_TO_FIELD,Field_5,1,MOVING_TO_FIELD,Field_5,1,MOVING_TO_FIELD,Field_2,1,MOVING_TO_FIELD,Field_6,1,MOVING_TO_FIELD,Field_6,24,0.07,3,5,1,15,0.07,0,3,2,0,0.07,0,0,4,13,0.13,2,8,2,14,0.00,0,6,2,22,0.03,0,4,4,3,0.07,0,0,3,15,0.01,0,0,2,0,0.01,0,0,3,41,0.27,0,0,6,25,0.14,0,0,4,23,0.15,0,0,1,2,0.04,0,0,2,40,0.20,0,0,6,47,0.25,0,0,6,18,0.10,0,0,2,40,0.02,0,0,2,66,0.17,0,0,1,0,0.08,0,0,2,7,0.06,1,8,2
149,415,0,0,6,0,34,0,1,MOVING_TO_FIELD,Field_4,1,MOVING_TO_FIELD,Field_4,1,PROTECTING,Field_4,1,PROTECTING,Field_4,1,MOVING_TO_FIELD,Field_20,1,MOVING_TO_FIELD,Field_20,1,MOVING_TO_FIELD,Field_20,1,PROTECTING,Field_20,1,MOVING_TO_FIELD,Field_20,1,MOVING_TO_FIELD,Field_20,1,MOVING_TO_FIELD,Field_1,1,MOVING_TO_FIELD,Field_1,1,MOVING_TO_FIELD,Field_20,1,MOVING_TO_FIELD,Field_20,1,MOVING_TO_FIELD,Field_20,1,MOVING_TO_FIELD,Field_1,1,MOVING_TO_FIELD,Field_1,1,MOVING_TO_FIELD,Field_2,1,MOVING_TO_FIELD,Field_2,1,MOVING_TO_FIELD,Field_6,1,MOVING_TO_FIELD,Field_6,1,PROTECTING,Field_1,1,PROTECTING,Field_1,1,PROTECTING,Field_1,1,MOVING_TO_FIELD,Field_1,1,MOVING_TO_FIELD,Field_4,1,MOVING_TO_FIELD,Field_4,1,MOVING_TO_FIELD,Field_4,1,MOVING_TO_FIELD,Field_4,1,MOVING_TO_FIELD,Field_4,1,MOVING_TO_FIELD,Field_4,1,MOVING_TO_FIELD,Field_5,1,MOVING_TO_FIELD,Field_5,1,MOVING_TO_FIELD,Field_5,1,MOVING_TO_FIELD,Field_5,1,MOVING_TO_FIELD,Field_5,1,MOVING_TO_FIELD,Field_5,1,MOVING_TO_FIELD,Field_2,1,MOVING_TO_FIELD,Field_6,1,MOVING_TO_FIELD,Field_6,24,0.08,3,5,1,15,0.08,0,3,2,0,0.07,0,0,4,13,0.13,2,8,2,14,0.00,0,6,2,22,0.03,0,4,4,3,0.07,0,0,3,15,0.01,0,0,2,0,0.02,0,0,3,41,0.26,0,0,6,25,0.14,0,0,4,23,0.15,0,0,1,2,0.04,0,0,2,40,0.18,0,0,6,47,0.24,0,0,6,18,0.11,0,0,2,40,0.02,0,0,2,66,0.17,0,0,1,0,0.06,0,0,2,7,0.06,1,8,2
150,417,0,0,7,0,33,0,1,MOVING_TO_FIELD,Field_4,1,MOVING_TO_FIELD,Field_4,1,PROTECTING,Field_4,1,PROTECTING,Field_4,1,MOVING_TO_FIELD,Field_20,1,MOVING_TO_FIELD,Field_20,1,MOVING_TO_FIELD,Field_20,1,PROTECTING,Field_20,1,MOVING_TO_FIELD,Field_20,1,MOVING_TO_FIELD,Field_20,1,MOVING_TO_FIELD,Field_1,1,MOVING_TO_FIELD,Field_1,1,MOVING_TO_FIELD,Field_20,1,MOVING_TO_FIELD,Field_20,1,MOVING_TO_FIELD,Field_20,1,MOVING_TO_FIELD,Field_1,1,MOVING_TO_FIELD,Field_1,1,MOVING_TO_FIELD,Field_2,1,MOVING_TO_FIELD,Field_2,1,MOVING_TO_FIELD,Field_6,1,MOVING_TO_FIELD,Field_6,1,PROTECTING,Field_1,1,PROTECTING,Field_1,1,PROTECTING,Field_1,1,MOVING_TO_FIELD,Field_1,1,MOVING_TO_FIELD,Field_4,1,MOVING_TO_FIELD,Field_4,1,MOVING_TO_FIELD,Field_4,1,MOVING_TO_FIELD,Field_4,1,PROTECTING,Field_4,1,MOVING_TO_FIELD,Field_4,1,MOVING_TO_FIELD,Field_5,1,MOVING_TO_FIELD,Field_5,1,MOVING_TO_FIELD,Field_5,1,MOVING_TO_FIELD,Field_5,1,MOVING_TO_FIELD,Field_5,1,MOVING_TO_FIELD,Field_5,1,MOVING_TO_FIELD,Field_2,1,MOVING_TO_FIELD,Field_6,1,MOVING_TO_FIELD,Field_6,25,0.08,3,5,1,15,0.08,0,3,2,0,0.07,0,0,4,13,0.13,3,7,1,14,0.00,0,6,2,22,0.03,0,4,4,3,0.07,0,0,3,15,0.01,0,0,2,0,0.02,0,0,3,41,0.27,0,0,6,25,0.14,0,0,4,24,0.12,0,0,1,2,0.04,0,0,2,40,0.18,0,0,6,47,0.23,0,0,6,18,0.14,0,0,2,40,0.02,0,0,2,66,0.15,0,0,1,0,0.06,0,0,2,7,0.06,1,8,2
151,418,0,0,2,0,38,0,1,MOVING_TO_FIELD,Field_5,1,MOVING_TO_FIELD,Field_5,1,MOVING_TO_FIELD,Field_2,1,MOVING_TO_FIELD,Field_7,1,MOVING_TO_FIELD,Field_4,1,MOVING_TO_FIELD,Field_4,1,MOVING_TO_FIELD,Field_4,1,PROTECTING,Field_20,1,MOVING_TO_FIELD,Field_4,1,MOVING_TO_FIELD,Field_4,1,MOVING_TO_FIELD,Field_1,1,MOVING_TO_FIELD,Field_1,1,MOVING_TO_FIELD,Field_4,1,MOVING_TO_FIELD,Field_20,1,PROTECTING,Field_20,1,MOVING_TO_FIELD,Field_1,1,MOVING_TO_FIELD,Field_1,1,MOVING_TO_FIELD,Field_8,1,MOVING_TO_FIELD,Field_6,1,MOVING_TO_FIELD,Field_6,1,MOVING_TO_FIELD,Field_6,1,MOVING_TO_FIELD,Field_7,1,MOVING_TO_FIELD,Field_7,1,MOVING_TO_FIELD,Field_9,1,MOVING_TO_FIELD,Field_9,1,MOVING_TO_FIELD,Field_5,1,MOVING_TO_FIELD,Field_5,1,MOVING_TO_FIELD,Field_5,1,MOVING_TO_FIELD,Field_5,1,MOVING_TO_FIELD,Field_3,1,MOVING_TO_FIELD,Field_3,1,MOVING_TO_FIELD,Field_20,1,MOVING_TO_FIELD,Field_20,1,MOVING_TO_FIELD,Field_20,1,MOVING_TO_FIELD,Field_20,1,MOVING_TO_FIELD,Field_20,1,MOVING_TO_FIELD,Field_20,1,MOVING_TO_FIELD,Field_6,1,MOVING_TO_FIELD,Field_6,1,MOVING_TO_FIELD,Field_6,25,0.08,0,4,4,15,0.10,0,1,2,0,0.08,0,2,4,13,0.11,0,6,4,14,0.00,0,6,2,22,0.03,0,6,4,3,0.07,0,3,3,15,0.01,0,1,2,0,0.02,0,2,3,41,0.27,0,0,6,26,0.13,0,0,4,24,0.12,0,0,1,2,0.04,0,0,2,40,0.18,0,0,6,47,0.22,0,0,6,18,0.14,0,0,2,40,0.02,0,0,2,66,0.15,0,0,1,0,0.06,0,0,2,7,0.06,2,7,1
152,422,0,0,2,0,38,0,1,MOVING_TO_FIELD,Field_5,1,MOVING_TO_FIELD,Field_5,1,MOVING_TO_FIELD,Field_2,1,MOVING_TO_FIELD,Field_7,1,MOVING_TO_FIELD,Field_4,1,MOVING_TO_FIELD,Field_4,1,MOVING_TO_FIELD,Field_4,1,PROTECTING,Field_20,1,MOVING_TO_FIELD,Field_4,1,MOVING_TO_FIELD,Field_4,1,MOVING_TO_FIELD,Field_1,1,MOVING_TO_FIELD,Field_1,1,MOVING_TO_FIELD,Field_4,1,MOVING_TO_FIELD,Field_20,1,PROTECTING,Field_20,1,MOVING_TO_FIELD,Field_1,1,MOVING_TO_FIELD,Field_1,1,MOVING_TO_FIELD,Field_8,1,MOVING_TO_FIELD,Field_6,1,MOVING_TO_FIELD,Field_6,1,MOVING_TO_FIELD,Field_6,1,MOVING_TO_FIELD,Field_7,1,MOVING_TO_FIELD,Field_7,1,MOVING_TO_FIELD,Field_9,1,MOVING_TO_FIELD,Field_9,1,MOVING_TO_FIELD,Field_5,1,MOVING_TO_FIELD,Field_5,1,MOVING_TO_FIELD,Field_5,1,MOVING_TO_FIELD,Field_5,1,MOVING_TO_FIELD,Field_3,1,MOVING_TO_FIELD,Field_3,1,MOVING_TO_FIELD,Field_20,1,MOVING_TO_FIELD,Field_20,1,MOVING_TO_FIELD,Field_20,1,MOVING_TO_FIELD,Field_20,1,MOVING_TO_FIELD,Field_20,1,MOVING_TO_FIELD,Field_20,1,MOVING_TO_FIELD,Field_6,1,MOVING_TO_FIELD,Field_6,1,MOVING_TO_FIELD,Field_6,25,0.08,0,4,4,15,0.09,0,1,2,0,0.08,0,2,4,13,0.10,0,6,4,14,0.00,0,6,2,22,0.02,0,6,4,3,0.07,0,3,3,15,0.01,0,1,2,0,0.03,0,2,3,41,0.27,0,0,6,28,0.12,0,0,4,24,0.15,0,0,1,2,0.04,0,0,2,40,0.17,0,0,6,49,0.22,0,0,6,18,0.15,0,0,2,40,0.02,0,0,2,66,0.13,0,0,1,0,0.06,0,0,2,7,0.06,2,7,1
153,424,0,0,2,0,38,0,1,MOVING_TO_FIELD,Field_5,1,MOVING_TO_FIELD,Field_5,1,MOVING_TO_FIELD,Field_2,1,MOVING_TO_FIELD,Field_7,1,MOVING_TO_FIELD,Field_4,1,MOVING_TO_FIELD,Field_4,1,MOVING_TO_FIELD,Field_4,1,PROTECTING,Field_20,1,MOVING_TO_FIELD,Field_4,1,MOVING_TO_FIELD,Field_4,1,MOVING_TO_FIELD,Field_1,1,MOVING_TO_FIELD,Field_1,1,MOVING_TO_FIELD,Field_4,1,MOVING_TO_FIELD,Field_20,1,PROTECTING,Field_20,1,MOVING_TO_FIELD,Field_1,1,MOVING_TO_FIELD,Field_1,1,MOVING_TO_FIELD,Field_8,1,MOVING_TO_FIELD,Field_6,1,MOVING_TO_FIELD,Field_6,1,MOVING_TO_FIELD,Field_6,1,MOVING_TO_FIELD,Field_7,1,MOVING_TO_FIELD,Field_7,1,MOVING_TO_FIELD,Field_9,1,MOVING_TO_FIELD,Field_9,1,MOVING_TO_FIELD,Field_5,1,MOVING_TO_FIELD,Field_5,1,MOVING_TO_FIELD,Field_5,1,MOVING_TO_FIELD,Field_5,1,MOVING_TO_FIELD,Field_3,1,MOVING_TO_FIELD,Field_3,1,MOVING_TO_FIELD,Field_20,1,MOVING_TO_FIELD,Field_20,1,MOVING_TO_FIELD,Field_20,1,MOVING_TO_FIELD,Field_20,1,MOVING_TO_FIELD,Field_20,1,MOVING_TO_FIELD,Field_20,1,MOVING_TO_FIELD,Field_6,1,MOVING_TO_FIELD,Field_6,1,MOVING_TO_FIELD,Field_6,26,0.08,0,4,4,15,0.09,0,1,2,0,0.08,0,2,4,13,0.08,0,6,4,14,0.00,0,6,2,22,0.02,0,6,4,3,0.06,0,3,3,15,0.01,0,1,2,0,0.03,0,2,3,41,0.27,0,0,6,28,0.14,0,0,4,24,0.15,0,0,1,2,0.04,0,0,2,40,0.18,0,0,6,49,0.23,0,0,6,18,0.16,0,0,2,40,0.02,0,0,2,67,0.15,0,0,1,0,0.05,0,0,2,7,0.06,2,7,1
154,427,0,0,3,0,37,0,1,MOVING_TO_FIELD,Field_5,1,MOVING_TO_FIELD,Field_5,1,MOVING_TO_FIELD,Field_2,1,MOVING_TO_FIELD,Field_7,1,MOVING_TO_FIELD,Field_4,1,MOVING_TO_FIELD,Field_4,1,MOVING_TO_FIELD,Field_4,1,PROTECTING,Field_20,1,MOVING_TO_FIELD,Field_4,1,MOVING_TO_FIELD,Field_4,1,MOVING_TO_FIELD,Field_1,1,MOVING_TO_FIELD,Field_1,1,MOVING_TO_FIELD,Field_4,1,PROTECTING,Field_20,1,PROTECTING,Field_20,1,MOVING_TO_FIELD,Field_1,1,MOVING_TO_FIELD,Field_1,1,MOVING_TO_FIELD,Field_8,1,MOVING_TO_FIELD,Field_6,1,MOVING_TO_FIELD,Field_6,1,MOVING_TO_FIELD,Field_6,1,MOVING_TO_FIELD,Field_7,1,MOVING_TO_FIELD,Field_7,1,MOVING_TO_FIELD,Field_9,1,MOVING_TO_FIELD,Field_9,1,MOVING_TO_FIELD,Field_5,1,MOVING_TO_FIELD,Field_5,1,MOVING_TO_FIELD,Field_5,1,MOVING_TO_FIELD,Field_5,1,MOVING_TO_FIELD,Field_3,1,MOVING_TO_FIELD,Field_3,1,MOVING_TO_FIELD,Field_20,1,MOVING_TO_FIELD,Field_20,1,MOVING_TO_FIELD,Field_20,1,MOVING_TO_FIELD,Field_20,1,MOVING_TO_FIELD,Field_20,1,MOVING_TO_FIELD,Field_20,1,MOVING_TO_FIELD,Field_6,1,MOVING_TO_FIELD,Field_6,1,MOVING_TO_FIELD,Field_6,26,0.09,0,4,4,15,0.09,0,1,2,0,0.07,0,2,4,13,0.08,0,6,4,14,0.00,0,6,2,22,0.02,0,6,4,3,0.06,0,3,3,15,0.03,0,1,2,0,0.03,0,2,3,41,0.27,0,0,6,28,0.13,0,0,4,24,0.15,0,0,1,2,0.04,0,0,2,42,0.20,0,0,6,50,0.22,0,0,6,18,0.16,0,0,2,40,0.02,0,0,2,67,0.15,0,0,1,0,0.05,0,0,2,7,0.06,3,6,0
155,429,0,0,4,0,36,0,1,MOVING_TO_FIELD,Field_5,1,MOVING_TO_FIELD,Field_5,1,MOVING_TO_FIELD,Field_2,1,MOVING_TO_FIELD,Field_7,1,MOVING_TO_FIELD,Field_4,1,MOVING_TO_FIELD,Field_4,1,MOVING_TO_FIELD,Field_4,1,PROTECTING,Field_20,1,MOVING_TO_FIELD,Field_4,1,MOVING_TO_FIELD,Field_4,1,MOVING_TO_FIELD,Field_1,1,MOVING_TO_FIELD,Field_1,1,MOVING_TO_FIELD,Field_4,1,PROTECTING,Field_20,1,PROTECTING,Field_20,1,MOVING_TO_FIELD,Field_1,1,MOVING_TO_FIELD,Field_1,1,MOVING_TO_FIELD,Field_8,1,MOVING_TO_FIELD,Field_6,1,MOVING_TO_FIELD,Field_6,1,PROTECTING,Field_6,1,MOVING_TO_FIELD,Field_7,1,MOVING_TO_FIELD,Field_7,1,MOVING_TO_FIELD,Field_9,1,MOVING_TO_FIELD,Field_9,1,MOVING_TO_FIELD,Field_5,1,MOVING_TO_FIELD,Field_5,1,MOVING_TO_FIELD,Field_5,1,MOVING_TO_FIELD,Field_5,1,MOVING_TO_FIELD,Field_3,1,MOVING_TO_FIELD,Field_3,1,MOVING_TO_FIELD,Field_20,1,MOVING_TO_FIELD,Field_20,1,MOVING_TO_FIELD,Field_20,1,MOVING_TO_FIELD,Field_20,1,MOVING_TO_FIELD,Field_20,1,MOVING_TO_FIELD,Field_20,1,MOVING_TO_FIELD,Field_6,1,MOVING_TO_FIELD,Field_6,1,MOVING_TO_FIELD,Field_6,26,0.09,0,4,4,15,0.09,0,1,2,0,0.07,0,2,4,13,0.06,0,6,4,14,0.00,0,6,2,22,0.02,1,5,3,5,0.06,0,3,3,15,0.03,0,1,2,0,0.03,0,2,3,41,0.27,0,0,6,28,0.13,0,0,4,24,0.15,0,0,1,2,0.04,0,0,2,42,0.20,0,0,6,50,0.22,0,0,6,18,0.17,0,0,2,40,0.02,0,0,2,67,0.15,0,0,1,0,0.05,0,0,2,7,0.08,3,6,0
156,431,0,0,4,0,36,0,1,MOVING_TO_FIELD,Field_5,1,MOVING_TO_FIELD,Field_5,1,MOVING_TO_FIELD,Field_2,1,MOVING_TO_FIELD,Field_7,1,MOVING_TO_FIELD,Field_4,1,MOVING_TO_FIELD,Field_4,1,MOVING_TO_FIELD,Field_4,1,PROTECTING,Field_20,1,MOVING_TO_FIELD,Field_4,1,MOVING_TO_FIELD,Field_4,1,MOVING_TO_FIELD,Field_1,1,MOVING_TO_FIELD,Field_1,1,MOVING_TO_FIELD,Field_4,1,PROTECTING,Field_20,1,PROTECTING,Field_20,1,MOVING_TO_FIELD,Field_1,1,MOVING_TO_FIELD,Field_1,1,MOVING_TO_FIELD,Field_8,1,MOVING_TO_FIELD,Field_6,1,MOVING_TO_FIELD,Field_6,1,PROTECTING,Field_6,1,MOVING_TO_FIELD,Field_7,1,MOVING_TO_FIELD,Field_7,1,MOVING_TO_FIELD,Field_9,1,MOVING_TO_FIELD,Field_9,1,MOVING_TO_FIELD,Field_5,1,MOVING_TO_FIELD,Field_5,1,MOVING_TO_FIELD,Field_5,1,MOVING_TO_FIELD,Field_5,1,MOVING_TO_FIELD,Field_3,1,MOVING_TO_FIELD,Field_3,1,MOVING_TO_FIELD,Field_20,1,MOVING_TO_FIELD,Field_20,1,MOVING_TO_FIELD,Field_20,1,MOVING_TO_FIELD,Field_20,1,MOVING_TO_FIELD,Field_20,1,MOVING_TO_FIELD,Field_20,1,MOVING_TO_FIELD,Field_6,1,MOVING_TO_FIELD,Field_6,1,MOVING_TO_FIELD,Field_6,26,0.08,0,4,4,15,0.09,0,1,2,0,0.07,0,2,4,13,0.07,0,6,4,14,0.00,0,6,2,22,0.02,1,5,3,5,0.06,0,3,3,15,0.03,0,1,2,0,0.06,0,2,3,41,0.27,0,0,6,29,0.13,0,0,4,24,0.15,0,0,1,2,0.04,0,0,2,42,0.20,0,0,6,50,0.24,0,0,6,19,0.19,0,0,2,40,0.02,0,0,2,67,0.15,0,0,1,0,0.03,0,0,2,7,0.04,3,6,0
157,432,0,0,5,0,35,0,1,MOVING_TO_FIELD,Field_5,1,MOVING_TO_FIELD,Field_5,1,MOVING_TO_FIELD,Field_2,1,MOVING_TO_FIELD,Field_7,1,MOVING_TO_FIELD,Field_4,1,MOVING_TO_FIELD,Field_4,1,MOVING_TO_FIELD,Field_4,1,PROTECTING,Field_20,1,MOVING_TO_FIELD,Field_4,1,MOVING_TO_FIELD,Field_4,1,MOVING_TO_FIELD,Field_1,1,MOVING_TO_FIELD,Field_1,1,MOVING_TO_FIELD,Field_4,1,PROTECTING,Field_20,1,PROTECTING,Field_20,1,MOVING_TO_FIELD,Field_1,1,MOVING_TO_FIELD,Field_1,1,MOVING_TO_FIELD,Field_8,1,MOVING_TO_FIELD,Field_6,1,PROTECTING,Field_6,1,PROTECTING,Field_6,1,MOVING_TO_FIELD,Field_7,1,MOVING_TO_FIELD,Field_7,1,MOVING_TO_FIELD,Field_9,1,MOVING_TO_FIELD,Field_9,1,MOVING_TO_FIELD,Field_5,1,MOVING_TO_FIELD,Field_5,1,MOVING_TO_FIELD,Field_5,1,MOVING_TO_FIELD,Field_5,1,MOVING_TO_FIELD,Field_3,1,MOVING_TO_FIELD,Field_3,1,MOVING_TO_FIELD,Field_20,1,MOVING_TO_FIELD,Field_20,1,MOVING_TO_FIELD,Field_20,1,MOVING_TO_FIELD,Field_20,1,MOVING_TO_FIELD,Field_20,1,MOVING_TO_FIELD,Field_20,1,MOVING_TO_FIELD,Field_6,1,MOVING_TO_FIELD,Field_6,1,MOVING_TO_FIELD,Field_6,26,0.10,0,4,4,15,0.09,0,1,2,0,0.07,0,2,4,13,0.08,0,6,4,14,0.00,0,6,2,22,0.02,2,4,2,5,0.06,0,3,3,15,0.03,0,1,2,0,0.06,0,2,3,41,0.26,0,0,6,29,0.13,0,0,4,24,0.15,0,0,1,2,0.04,0,0,2,42,0.20,0,0,6,50,0.25,0,0,6,20,0.17,0,0,2,40,0.02,0,0,2,67,0.15,0,0,1,0,0.05,0,0,2,7,0.04,3,6,0
158,434,0,0,6,0,34,0,1,MOVING_TO_FIELD,Field_5,1,MOVING_TO_FIELD,Field_5,1,MOVING_TO_FIELD,Field_2,1,MOVING_TO_FIELD,Field_7,1,MOVING_TO_FIELD,Field_4,1,MOVING_TO_FIELD,Field_4,1,MOVING_TO_FIELD,Field_4,1,PROTECTING,Field_20,1,MOVING_TO_FIELD,Field_4,1,MOVING_TO_FIELD,Field_4,1,PROTECTING,Field_1,1,MOVING_TO_FIELD,Field_1,1,MOVING_TO_FIELD,Field_4,1,PROTECTING,Field_20,1,PROTECTING,Field_20,1,MOVING_TO_FIELD,Field_1,1,MOVING_TO_FIELD,Field_1,1,MOVING_TO_FIELD,Field_8,1,MOVING_TO_FIELD,Field_6,1,PROTECTING,Field_6,1,PROTECTING,Field_6,1,MOVING_TO_FIELD,Field_7,1,MOVING_TO_FIELD,Field_7,1,MOVING_TO_FIELD,Field_9,1,MOVING_TO_FIELD,Field_9,1,MOVING_TO_FIELD,Field_5,1,MOVING_TO_FIELD,Field_5,1,MOVING_TO_FIELD,Field_5,1,MOVING_TO_FIELD,Field_5,1,MOVING_TO_FIELD,Field_3,1,MOVING_TO_FIELD,Field_3,1,MOVING_TO_FIELD,Field_20,1,MOVING_TO_FIELD,Field_20,1,MOVING_TO_FIELD,Field_20,1,MOVING_TO_FIELD,Field_20,1,MOVING_TO_FIELD,Field_20,1,MOVING_TO_FIELD,Field_20,1,MOVING_TO_FIELD,Field_6,1,MOVING_TO_FIELD,Field_6,1,MOVING_TO_FIELD,Field_6,26,0.11,1,3,3,15,0.09,0,1,2,0,0.07,0,2,4,13,0.08,0,6,4,14,0.00,0,6,2,22,0.02,2,4,2,5,0.06,0,3,3,15,0.03,0,1,2,0,0.06,0,2,3,41,0.24,0,0,6,29,0.12,0,0,4,25,0.15,0,0,1,2,0.04,0,0,2,42,0.20,0,0,6,50,0.25,0,0,6,20,0.17,0,0,2,40,0.02,0,0,2,68,0.15,0,0,1,0,0.06,0,0,2,7,0.04,3,6,0
159,437,0,0,6,0,34,0,1,MOVING_TO_FIELD,Field_5,1,MOVING_TO_FIELD,Field_5,1,MOVING_TO_FIELD,Field_2,1,MOVING_TO_FIELD,Field_7,1,MOVING_TO_FIELD,Field_4,1,MOVING_TO_FIELD,Field_4,1,MOVING_TO_FIELD,Field_4,1,PROTECTING,Field_20,1,MOVING_TO_FIELD,Field_4,1,MOVING_TO_FIELD,Field_4,1,PROTECTING,Field_1,1,MOVING_TO_FIELD,Field_1,1,MOVING_TO_FIELD,Field_4,1,PROTECTING,Field_20,1,PROTECTING,Field_20,1,MOVING_TO_FIELD,Field_1,1,MOVING_TO_FIELD,Field_1,1,MOVING_TO_FIELD,Field_8,1,MOVING_TO_FIELD,Field_6,1,PROTECTING,Field_6,1,PROTECTING,Field_6,1,MOVING_TO_FIELD,Field_7,1,MOVING_TO_FIELD,Field_7,1,MOVING_TO_FIELD,Field_9,1,MOVING_TO_FIELD,Field_9,1,MOVING_TO_FIELD,Field_5,1,MOVING_TO_FIELD,Field_5,1,MOVING_TO_FIELD,Field_5,1,MOVING_TO_FIELD,Field_5,1,MOVING_TO_FIELD,Field_3,1,MOVING_TO_FIELD,Field_3,1,MOVING_TO_FIELD,Field_20,1,MOVING_TO_FIELD,Field_20,1,MOVING_TO_FIELD,Field_20,1,MOVING_TO_FIELD,Field_20,1,MOVING_TO_FIELD,Field_20,1,MOVING_TO_FIELD,Field_20,1,MOVING_TO_FIELD,Field_6,1,MOVING_TO_FIELD,Field_6,1,MOVING_TO_FIELD,Field_6,26,0.10,1,3,3,15,0.10,0,1,2,0,0.07,0,2,4,13,0.08,0,6,4,14,0.01,0,6,2,22,0.03,2,4,2,5,0.06,0,3,3,15,0.03,0,1,2,0,0.06,0,2,3,41,0.25,0,0,6,29,0.13,0,0,4,25,0.15,0,0,1,2,0.04,0,0,2,43,0.20,0,0,6,50,0.24,0,0,6,22,0.16,0,0,2,40,0.02,0,0,2,68,0.13,0,0,1,0,0.06,0,0,2,7,0.04,3,6,0
160,438,0,0,6,0,34,0,1,MOVING_TO_FIELD,Field_5,1,MOVING_TO_FIELD,Field_5,1,MOVING_TO_FIELD,Field_2,1,MOVING_TO_FIELD,Field_7,1,MOVING_TO_FIELD,Field_4,1,MOVING_TO_FIELD,Field_4,1,MOVING_TO_FIELD,Field_4,1,PROTECTING,Field_20,1,MOVING_TO_FIELD,Field_4,1,MOVING_TO_FIELD,Field_4,1,PROTECTING,Field_1,1,MOVING_TO_FIELD,Field_1,1,MOVING_TO_FIELD,Field_4,1,PROTECTING,Field_20,1,PROTECTING,Field_20,1,MOVING_TO_FIELD,Field_1,1,MOVING_TO_FIELD,Field_1,1,MOVING_TO_FIELD,Field_8,1,MOVING_TO_FIELD,Field_6,1,PROTECTING,Field_6,1,PROTECTING,Field_6,1,MOVING_TO_FIELD,Field_7,1,MOVING_TO_FIELD,Field_7,1,MOVING_TO_FIELD,Field_9,1,MOVING_TO_FIELD,Field_9,1,MOVING_TO_FIELD,Field_5,1,MOVING_TO_FIELD,Field_5,1,MOVING_TO_FIELD,Field_5,1,MOVING_TO_FIELD,Field_5,1,MOVING_TO_FIELD,Field_3,1,MOVING_TO_FIELD,Field_3,1,MOVING_TO_FIELD,Field_20,1,MOVING_TO_FIELD,Field_20,1,MOVING_TO_FIELD,Field_20,1,MOVING_TO_FIELD,Field_20,1,MOVING_TO_FIELD,Field_20,1,MOVING_TO_FIELD,Field_20,1,MOVING_TO_FIELD,Field_6,1,MOVING_TO_FIELD,Field_6,1,MOVING_TO_FIELD,Field_6,26,0.11,1,3,3,15,0.10,0,1,2,0,0.06,0,2,4,13,0.08,0,6,4,14,0.01,0,6,2,22,0.04,2,4,2,5,0.07,0,3,3,15,0.01,0,1,2,0,0.06,0,2,3,41,0.28,0,0,6,29,0.12,0,0,4,26,0.15,0,0,1,2,0.04,0,0,2,43,0.21,0,0,6,50,0.24,0,0,6,22,0.15,0,0,2,40,0.02,0,0,2,68,0.13,0,0,1,0,0.06,0,0,2,7,0.04,3,6,0
161,439,0,0,2,0,38,0,1,MOVING_TO_FIELD,Field_20,1,MOVING_TO_FIELD,Field_20,1,MOVING_TO_FIELD,Field_20,1,MOVING_TO_FIELD,Field_20,1,MOVING_TO_FIELD,Field_20,1,MOVING_TO_FIELD,Field_20,1,MOVING_TO_FIELD,Field_5,1,MOVING_TO_FIELD,Field_5,1,MOVING_TO_FIELD,Field_5,1,MOVING_TO_FIELD,Field_5,1,MOVING_TO_FIELD,Field_5,1,MOVING_TO_FIELD,Field_5,1,MOVING_TO_FIELD,Field_4,1,MOVING_TO_FIELD,Field_4,1,MOVING_TO_FIELD,Field_4,1,MOVING_TO_FIELD,Field_4,1,MOVING_TO_FIELD,Field_4,1,MOVING_TO_FIELD,Field_4,1,MOVING_TO_FIELD,Field_2,1,PROTECTING,Field_6,1,PROTECTING,Field_6,1,MOVING_TO_FIELD,Field_8,1,MOVING_TO_FIELD,Field_1,1,MOVING_TO_FIELD,Field_1,1,MOVING_TO_FIELD,Field_1,1,MOVING_TO_FIELD,Field_1,1,MOVING_TO_FIELD,Field_1,1,MOVING_TO_FIELD,Field_1,1,MOVING_TO_FIELD,Field_1,1,MOVING_TO_FIELD,Field_1,1,MOVING_TO_FIELD,Field_2,1,MOVING_TO_FIELD,Field_2,1,MOVING_TO_FIELD,Field_4,1,MOVING_TO_FIELD,Field_4,1,MOVING_TO_FIELD,Field_4,1,MOVING_TO_FIELD,Field_4,1,MOVING_TO_FIELD,Field_7,1,MOVING_TO_FIELD,Field_7,1,MOVING_TO_FIELD,Field_7,1,MOVING_TO_FIELD,Field_9,26,0.11,0,8,4,15,0.10,0,3,2,0,0.07,0,0,4,13,0.08,0,10,4,14,0.02,0,6,2,22,0.04,2,0,2,5,0.06,0,3,3,15,0.01,0,1,2,0,0.07,0,1,3,41,0.28,0,0,6,29,0.12,0,0,4,26,0.15,0,0,1,2,0.02,0,0,2,43,0.18,0,0,6,50,0.23,0,0,6,22,0.14,0,0,2,40,0.02,0,0,2,69,0.11,0,0,1,0,0.08,0,0,2,7,0.04,0,6,3
162,442,0,0,2,0,38,0,1,MOVING_TO_FIELD,Field_20,1,MOVING_TO_FIELD,Field_20,1,MOVING_TO_FIELD,Field_20,1,MOVING_TO_FIELD,Field_20,1,MOVING_TO_FIELD,Field_20,1,MOVING_TO_FIELD,Field_20,1,MOVING_TO_FIELD,Field_5,1,MOVING_TO_FIELD,Field_5,1,MOVING_TO_FIELD,Field_5,1,MOVING_TO_FIELD,Field_5,1,MOVING_TO_FIELD,Field_5,1,MOVING_TO_FIELD,Field_5,1,MOVING_TO_FIELD,Field_4,1,MOVING_TO_FIELD,Field_4,1,MOVING_TO_FIELD,Field_4,1,MOVING_TO_FIELD,Field_4,1,MOVING_TO_FIELD,Field_4,1,MOVING_TO_FIELD,Field_4,1,MOVING_TO_FIELD,Field_2,1,PROTECTING,Field_6,1,PROTECTING,Field_6,1,MOVING_TO_FIELD,Field_8,1,MOVING_TO_FIELD,Field_1,1,MOVING_TO_FIELD,Field_1,1,MOVING_TO_FIELD,Field_1,1,MOVING_TO_FIELD,Field_1,1,MOVING_TO_FIELD,Field_1,1,MOVING_TO_FIELD,Field_1,1,MOVING_TO_FIELD,Field_1,1,MOVING_TO_FIELD,Field_1,1,MOVING_TO_FIELD,Field_2,1,MOVING_TO_FIELD,Field_2,1,MOVING_TO_FIELD,Field_4,1,MOVING_TO_FIELD,Field_4,1,MOVING_TO_FIELD,Field_4,1,MOVING_TO_FIELD,Field_4,1,MOVING_TO_FIELD,Field_7,1,MOVING_TO_FIELD,Field_7,1,MOVING_TO_FIELD,Field_7,1,MOVING_TO_FIELD,Field_9,26,0.12,0,8,4,15,0.10,0,3,2,0,0.06,0,0,4,13,0.09,0,10,4,14,0.02,0,6,2,22,0.03,2,0,2,5,0.06,0,3,3,15,0.01,0,1,2,0,0.06,0,1,3,42,0.28,0,0,6,29,0.12,0,0,4,27,0.15,0,0,1,2,0.02,0,0,2,43,0.17,0,0,6,50,0.24,0,0,6,23,0.14,0,0,2,40,0.02,0,0,2,69,0.11,0,0,1,0,0.08,0,0,2,7,0.02,0,6,3
163,443,0,0,2,0,38,0,1,MOVING_TO_FIELD,Field_20,1,MOVING_TO_FIELD,Field_20,1,MOVING_TO_FIELD,Field_20,1,MOVING_TO_FIELD,Field_20,1,MOVING_TO_FIELD,Field_20,1,MOVING_TO_FIELD,Field_20,1,MOVING_TO_FIELD,Field_5,1,MOVING_TO_FIELD,Field_5,1,MOVING_TO_FIELD,Field_5,1,MOVING_TO_FIELD,Field_5,1,MOVING_TO_FIELD,Field_5,1,MOVING_TO_FIELD,Field_5,1,MOVING_TO_FIELD,Field_4,1,MOVING_TO_FIELD,Field_4,1,MOVING_TO_FIELD,Field_4,1,MOVING_TO_FIELD,Field_4,1,MOVING_TO_FIELD,Field_4,1,MOVING_TO_FIELD,Field_4,1,MOVING_TO_FIELD,Field_2,1,PROTECTING,Field_6,1,PROTECTING,Field_6,1,MOVING_TO_FIELD,Field_8,1,MOVING_TO_FIELD,Field_1,1,MOVING_TO_FIELD,Field_1,1,MOVING_TO_FIELD,Field_1,1,MOVING_TO_FIELD,Field_1,1,MOVING_TO_FIELD,Field_1,1,MOVING_TO_FIELD,Field_1,1,MOVING_TO_FIELD,Field_1,1,MOVING_TO_FIELD,Field_1,1,MOVING_TO_FIELD,Field_2,1,MOVING_TO_FIELD,Field_2,1,MOVING_TO_FIELD,Field_4,1,MOVING_TO_FIELD,Field_4,1,MOVING_TO_FIELD,Field_4,1,MOVING_TO_FIELD,Field_4,1,MOVING_TO_FIELD,Field_7,1,MOVING_TO_FIELD,Field_7,1,MOVING_TO_FIELD,Field_7,1,MOVING_TO_FIELD,Field_9,26,0.11,0,8,4,15,0.10,0,3,2,0,0.06,0,0,4,13,0.08,0,10,4,14,0.02,0,6,2,22,0.03,2,0,2,5,0.06,0,3,3,15,0.01,0,1,2,0,0.03,0,1,3,42,0.24,0,0,6,29,0.12,0,0,4,27,0.15,0,0,1,2,0.02,0,0,2,43,0.17,0,0,6,50,0.24,0,0,6,23,0.14,0,0,2,40,0.03,0,0,2,70,0.11,0,0,1,0,0.08,0,0,2,7,0.02,0,6,3
164,443,0,0,5,0,35,0,1,MOVING_TO_FIELD,Field_20,1,MOVING_TO_FIELD,Field_20,1,MOVING_TO_FIELD,Field_20,1,MOVING_TO_FIELD,Field_20,1,MOVING_TO_FIELD,Field_20,1,MOVING_TO_FIELD,Field_20,1,PROTECTING,Field_5,1,MOVING_TO_FIELD,Field_5,1,PROTECTING,Field_5,1,MOVING_TO_FIELD,Field_5,1,MOVING_TO_FIELD,Field_5,1,MOVING_TO_FIELD,Field_5,1,MOVING_TO_FIELD,Field_4,1,MOVING_TO_FIELD,Field_4,1,MOVING_TO_FIELD,Field_4,1,MOVING_TO_FIELD,Field_4,1,MOVING_TO_FIELD,Field_4,1,MOVING_TO_FIELD,Field_4,1,PROTECTING,Field_2,1,PROTECTING,Field_6,1,PROTECTING,Field_6,1,MOVING_TO_FIELD,Field_8,1,MOVING_TO_FIELD,Field_1,1,MOVING_TO_FIELD,Field_1,1,MOVING_TO_FIELD,Field_1,1,MOVING_TO_FIELD,Field_1,1,MOVING_TO_FIELD,Field_1,1,MOVING_TO_FIELD,Field_1,1,MOVING_TO_FIELD,Field_1,1,MOVING_TO_FIELD,Field_1,1,MOVING_TO_FIELD,Field_2,1,MOVING_TO_FIELD,Field_2,1,MOVING_TO_FIELD,Field_4,1,MOVING_TO_FIELD,Field_4,1,MOVING_TO_FIELD,Field_4,1,MOVING_TO_FIELD,Field_4,1,MOVING_TO_FIELD,Field_7,1,MOVING_TO_FIELD,Field_7,1,MOVING_TO_FIELD,Field_7,1,MOVING_TO_FIELD,Field_9,26,0.11,0,8,4,15,0.09,1,2,1,0,0.06,0,0,4,13,0.07,0,10,4,14,0.02,2,4,0,22,0.04,2,0,2,5,0.06,0,3,3,15,0.01,0,1,2,0,0.03,0,1,3,42,0.24,0,0,6,29,0.12,0,0,4,27,0.12,0,0,1,2,0.02,0,0,2,43,0.17,0,0,6,50,0.24,0,0,6,23,0.11,0,0,2,40,0.03,0,0,2,70,0.11,0,0,1,0,0.08,0,0,2,7,0.02,0,6,3
165,447,0,0,5,0,35,0,1,MOVING_TO_FIELD,Field_20,1,MOVING_TO_FIELD,Field_20,1,MOVING_TO_FIELD,Field_20,1,MOVING_TO_FIELD,Field_20,1,MOVING_TO_FIELD,Field_20,1,MOVING_TO_FIELD,Field_20,1,PROTECTING,Field_5,1,MOVING_TO_FIELD,Field_5,1,PROTECTING,Field_5,1,MOVING_TO_FIELD,Field_5,1,MOVING_TO_FIELD,Field_5,1,MOVING_TO_FIELD,Field_5,1,MOVING_TO_FIELD,Field_4,1,MOVING_TO_FIELD,Field_4,1,MOVING_TO_FIELD,Field_4,1,MOVING_TO_FIELD,Field_4,1,MOVING_TO_FIELD,Field_4,1,MOVING_TO_FIELD,Field_4,1,PROTECTING,Field_2,1,PROTECTING,Field_6,1,PROTECTING,Field_6,1,MOVING_TO_FIELD,Field_8,1,MOVING_TO_FIELD,Field_1,1,MOVING_TO_FIELD,Field_1,1,MOVING_TO_FIELD,Field_1,1,MOVING_TO_FIELD,Field_1,1,MOVING_TO_FIELD,Field_1,1,MOVING_TO_FIELD,Field_1,1,MOVING_TO_FIELD,Field_1,1,MOVING_TO_FIELD,Field_1,1,MOVING_TO_FIELD,Field_2,1,MOVING_TO_FIELD,Field_2,1,MOVING_TO_FIELD,Field_4,1,MOVING_TO_FIELD,Field_4,1,MOVING_TO_FIELD,Field_4,1,MOVING_TO_FIELD,Field_4,1,MOVING_TO_FIELD,Field_7,1,MOVING_TO_FIELD,Field_7,1,MOVING_TO_FIELD,Field_7,1,MOVING_TO_FIELD,Field_9,27,0.10,0,8,4,15,0.07,1,2,1,0,0.05,0,0,4,13,0.07,0,10,4,14,0.02,2,4,0,22,0.04,2,0,2,5,0.06,0,3,3,15,0.01,0,1,2,0,0.03,0,1,3,42,0.24,0,0,6,29,0.12,0,0,4,28,0.12,0,0,1,2,0.04,0,0,2,44,0.17,0,0,6,51,0.23,0,0,6,23,0.11,0,0,2,40,0.03,0,0,2,70,0.11,0,0,1,0,0.08,0,0,2,7,0.00,0,6,3
166,448,0,0,7,0,33,0,1,MOVING_TO_FIELD,Field_20,1,MOVING_TO_FIELD,Field_20,1,MOVING_TO_FIELD,Field_20,1,MOVING_TO_FIELD,Field_20,1,MOVING_TO_FIELD,Field_20,1,MOVING_TO_FIELD,Field_20,1,PROTECTING,Field_5,1,PROTECTING,Field_5,1,PROTECTING,Field_5,1,PROTECTING,Field_5,1,MOVING_TO_FIELD,Field_5,1,MOVING_TO_FIELD,Field_5,1,MOVING_TO_FIELD,Field_4,1,MOVING_TO_FIELD,Field_4,1,MOVING_TO_FIELD,Field_4,1,MOVING_TO_FIELD,Field_4,1,MOVING_TO_FIELD,Field_4,1,MOVING_TO_FIELD,Field_4,1,PROTECTING,Field_2,1,PROTECTING,Field_6,1,PROTECTING,Field_6,1,MOVING_TO_FIELD,Field_8,1,MOVING_TO_FIELD,Field_1,1,MOVING_TO_FIELD,Field_1,1,MOVING_TO_FIELD,Field_1,1,MOVING_TO_FIELD,Field_1,1,MOVING_TO_FIELD,Field_1,1,MOVING_TO_FIELD,Field_1,1,MOVING_TO_FIELD,Field_1,1,MOVING_TO_FIELD,Field_1,1,MOVING_TO_FIELD,Field_2,1,MOVING_TO_FIELD,Field_2,1,MOVING_TO_FIELD,Field_4,1,MOVING_TO_FIELD,Field_4,1,MOVING_TO_FIELD,Field_4,1,MOVING_TO_FIELD,Field_4,1,MOVING_TO_FIELD,Field_7,1,MOVING_TO_FIELD,Field_7,1,MOVING_TO_FIELD,Field_7,1,MOVING_TO_FIELD,Field_9,27,0.11,0,8,4,15,0.07,1,2,1,0,0.06,0,0,4,13,0.07,0,10,4,14,0.02,4,2,-2,22,0.04,2,0,2,5,0.06,0,3,3,15,0.01,0,1,2,0,0.03,0,1,3,42,0.24,0,0,6,30,0.12,0,0,4,28,0.12,0,0,1,2,0.04,0,0,2,44,0.18,0,0,6,51,0.22,0,0,6,23,0.11,0,0,2,40,0.05,0,0,2,70,0.15,0,0,1,0,0.08,0,0,2,7,0.00,0,6,3
167,451,0,0,8,0,32,0,1,MOVING_TO_FIELD,Field_20,1,MOVING_TO_FIELD,Field_20,1,MOVING_TO_FIELD,Field_20,1,MOVING_TO_FIELD,Field_20,1,MOVING_TO_FIELD,Field_20,1,MOVING_TO_FIELD,Field_20,1,PROTECTING,Field_5,1,PROTECTING,Field_5,1,PROTECTING,Field_5,1,PROTECTING,Field_5,1,MOVING_TO_FIELD,Field_5,1,MOVING_TO_FIELD,Field_5,1,MOVING_TO_FIELD,Field_4,1,MOVING_TO_FIELD,Field_4,1,MOVING_TO_FIELD,Field_4,1,MOVING_TO_FIELD,Field_4,1,MOVING_TO_FIELD,Field_4,1,MOVING_TO_FIELD,Field_4,1,PROTECTING,Field_2,1,PROTECTING,Field_6,1,PROTECTING,Field_6,1,MOVING_TO_FIELD,Field_8,1,PROTECTING,Field_1,1,MOVING_TO_FIELD,Field_1,1,MOVING_TO_FIELD,Field_1,1,MOVING_TO_FIELD,Field_1,1,MOVING_TO_FIELD,Field_1,1,MOVING_TO_FIELD,Field_1,1,MOVING_TO_FIELD,Field_1,1,MOVING_TO_FIELD,Field_1,1,MOVING_TO_FIELD,Field_2,1,MOVING_TO_FIELD,Field_2,1,MOVING_TO_FIELD,Field_4,1,MOVING_TO_FIELD,Field_4,1,MOVING_TO_FIELD,Field_4,1,MOVING_TO_FIELD,Field_4,1,MOVING_TO_FIELD,Field_7,1,MOVING_TO_FIELD,Field_7,1,MOVING_TO_FIELD,Field_7,1,MOVING_TO_FIELD,Field_9,28,0.11,1,7,3,15,0.08,1,2,1,0,0.06,0,0,4,13,0.04,0,10,4,14,0.01,4,2,-2,22,0.04,2,0,2,5,0.05,0,3,3,15,0.01,0,1,2,0,0.03,0,1,3,42,0.24,0,0,6,30,0.12,0,0,4,28,0.12,0,0,1,2,0.04,0,0,2,44,0.18,0,0,6,53,0.23,0,0,6,23,0.10,0,0,2,40,0.08,0,0,2,70,0.19,0,0,1,0,0.08,0,0,2,7,0.00,0,6,3
168,453,0,0,8,0,32,0,1,MOVING_TO_FIELD,Field_20,1,MOVING_TO_FIELD,Field_20,1,MOVING_TO_FIELD,Field_20,1,MOVING_TO_FIELD,Field_20,1,MOVING_TO_FIELD,Field_20,1,MOVING_TO_FIELD,Field_20,1,PROTECTING,Field_5,1,PROTECTING,Field_5,1,PROTECTING,Field_5,1,PROTECTING,Field_5,1,MOVING_TO_FIELD,Field_5,1,MOVING_TO_FIELD,Field_5,1,MOVING_TO_FIELD,Field_4,1,MOVING_TO_FIELD,Field_4,1,MOVING_TO_FIELD,Field_4,1,MOVING_TO_FIELD,Field_4,1,MOVING_TO_FIELD,Field_4,1,MOVING_TO_FIELD,Field_4,1,PROTECTING,Field_2,1,PROTECTING,Field_6,1,PROTECTING,Field_6,1,MOVING_TO_FIELD,Field_8,1,PROTECTING,Field_1,1,MOVING_TO_FIELD,Field_1,1,MOVING_TO_FIELD,Field_1,1,MOVING_TO_FIELD,Field_1,1,MOVING_TO_FIELD,Field_1,1,MOVING_TO_FIELD,Field_1,1,MOVING_TO_FIELD,Field_1,1,MOVING_TO_FIELD,Field_1,1,MOVING_TO_FIELD,Field_2,1,MOVING_TO_FIELD,Field_2,1,MOVING_TO_FIELD,Field_4,1,MOVING_TO_FIELD,Field_4,1,MOVING_TO_FIELD,Field_4,1,MOVING_TO_FIELD,Field_4,1,MOVING_TO_FIELD,Field_7,1,MOVING_TO_FIELD,Field_7,1,MOVING_TO_FIELD,Field_7,1,MOVING_TO_FIELD,Field_9,28,0.11,1,7,3,15,0.08,1,2,1,0,0.07,0,0,4,13,0.03,0,10,4,14,0.00,4,2,-2,22,0.04,2,0,2,5,0.05,0,3,3,15,0.01,0,1,2,0,0.03,0,1,3,43,0.24,0,0,6,30,0.12,0,0,4,28,0.12,0,0,1,2,0.04,0,0,2,44,0.18,0,0,6,54,0.23,0,0,6,23,0.09,0,0,2,40,0.08,0,0,2,70,0.24,0,0,1,0,0.08,0,0,2,7,0.02,0,6,3
169,455,0,0,8,0,32,0,1,MOVING_TO_FIELD,Field_20,1,MOVING_TO_FIELD,Field_20,1,MOVING_TO_FIELD,Field_20,1,MOVING_TO_FIELD,Field_20,1,MOVING_TO_FIELD,Field_20,1,MOVING_TO_FIELD,Field_20,1,PROTECTING,Field_5,1,PROTECTING,Field_5,1,PROTECTING,Field_5,1,PROTECTING,Field_5,1,MOVING_TO_FIELD,Field_5,1,MOVING_TO_FIELD,Field_5,1,MOVING_TO_FIELD,Field_4,1,MOVING_TO_FIELD,Field_4,1,MOVING_TO_FIELD,Field_4,1,MOVING_TO_FIELD,Field_4,1,MOVING_TO_FIELD,Field_4,1,MOVING_TO_FIELD,Field_4,1,PROTECTING,Field_2,1,PROTECTING,Field_6,1,PROTECTING,Field_6,1,MOVING_TO_FIELD,Field_8,1,PROTECTING,Field_1,1,MOVING_TO_FIELD,Field_1,1,MOVING_TO_FIELD,Field_1,1,MOVING_TO_FIELD,Field_1,1,MOVING_TO_FIELD,Field_1,1,MOVING_TO_FIELD,Field_1,1,MOVING_TO_FIELD,Field_1,1,MOVING_TO_FIELD,Field_1,1,MOVING_TO_FIELD,Field_2,1,MOVING_TO_FIELD,Field_2,1,MOVING_TO_FIELD,Field_4,1,MOVING_TO_FIELD,Field_4,1,MOVING_TO_FIELD,Field_4,1,MOVING_TO_FIELD,Field_4,1,MOVING_TO_FIELD,Field_7,1,MOVING_TO_FIELD,Field_7,1,MOVING_TO_FIELD,Field_7,1,MOVING_TO_FIELD,Field_9,28,0.13,1,7,3,16,0.08,1,2,1,0,0.07,0,0,4,13,0.02,0,10,4,14,0.00,4,2,-2,22,0.04,2,0,2,5,0.06,0,3,3,15,0.03,0,1,2,0,0.04,0,1,3,43,0.21,0,0,6,30,0.12,0,0,4,28,0.09,0,0,1,2,0.04,0,0,2,44,0.20,0,0,6,54,0.23,0,0,6,23,0.07,0,0,2,40,0.08,0,0,2,71,0.24,0,0,1,0,0.06,0,0,2,7,0.02,0,6,3
170,456,0,0,8,0,32,0,1,MOVING_TO_FIELD,Field_20,1,MOVING_TO_FIELD,Field_20,1,MOVING_TO_FIELD,Field_20,1,MOVING_TO_FIELD,Field_20,1,MOVING_TO_FIELD,Field_20,1,MOVING_TO_FIELD,Field_20,1,PROTECTING,Field_5,1,PROTECTING,Field_5,1,PROTECTING,Field_5,1,PROTECTING,Field_5,1,MOVING_TO_FIELD,Field_5,1,MOVING_TO_FIELD,Field_5,1,MOVING_TO_FIELD,Field_4,1,MOVING_TO_FIELD,Field_4,1,MOVING_TO_FIELD,Field_4,1,MOVING_TO_FIELD,Field_4,1,MOVING_TO_FIELD,Field_4,1,MOVING_TO_FIELD,Field_4,1,PROTECTING,Field_2,1,PROTECTING,Field_6,1,PROTECTING,Field_6,1,MOVING_TO_FIELD,Field_8,1,PROTECTING,Field_1,1,MOVING_TO_FIELD,Field_1,1,MOVING_TO_FIELD,Field_1,1,MOVING_TO_FIELD,Field_1,1,MOVING_TO_FIELD,Field_1,1,MOVING_TO_FIELD,Field_1,1,MOVING_TO_FIELD,Field_1,1,MOVING_TO_FIELD,Field_1,1,MOVING_TO_FIELD,Field_2,1,MOVING_TO_FIELD,Field_2,1,MOVING_TO_FIELD,Field_4,1,MOVING_TO_FIELD,Field_4,1,MOVING_TO_FIELD,Field_4,1,MOVING_TO_FIELD,Field_4,1,MOVING_TO_FIELD,Field_7,1,MOVING_TO_FIELD,Field_7,1,MOVING_TO_FIELD,Field_7,1,MOVING_TO_FIELD,Field_9,28,0.13,1,7,3,16,0.07,1,2,1,0,0.07,0,0,4,13,0.03,0,10,4,14,0.00,4,2,-2,22,0.04,2,0,2,5,0.06,0,3,3,15,0.03,0,1,2,0,0.03,0,1,3,43,0.21,0,0,6,30,0.12,0,0,4,28,0.09,0,0,1,2,0.04,0,0,2,44,0.20,0,0,6,55,0.22,0,0,6,23,0.06,0,0,2,40,0.08,0,0,2,71,0.24,0,0,1,0,0.06,0,0,2,7,0.02,0,6,3
171,458,0,0,2,0,38,0,1,MOVING_TO_FIELD,Field_8,1,MOVING_TO_FIELD,Field_5,1,MOVING_TO_FIELD,Field_5,1,MOVING_TO_FIELD,Field_5,1,MOVING_TO_FIELD,Field_5,1,MOVING_TO_FIELD,Field_5,1,PROTECTING,Field_5,1,MOVING_TO_FIELD,Field_20,1,MOVING_TO_FIELD,Field_20,1,MOVING_TO_FIELD,Field_20,1,MOVING_TO_FIELD,Field_20,1,MOVING_TO_FIELD,Field_20,1,MOVING_TO_FIELD,Field_20,1,MOVING_TO_FIELD,Field_4,1,MOVING_TO_FIELD,Field_4,1,MOVING_TO_FIELD,Field_4,1,MOVING_TO_FIELD,Field_4,1,MOVING_TO_FIELD,Field_4,1,MOVING_TO_FIELD,Field_4,1,MOVING_TO_FIELD,Field_1,1,MOVING_TO_FIELD,Field_1,1,MOVING_TO_FIELD,Field_1,1,PROTECTING,Field_1,1,MOVING_TO_FIELD,Field_1,1,MOVING_TO_FIELD,Field_1,1,MOVING_TO_FIELD,Field_1,1,MOVING_TO_FIELD,Field_1,1,MOVING_TO_FIELD,Field_2,1,MOVING_TO_FIELD,Field_7,1,MOVING_TO_FIELD,Field_7,1,MOVING_TO_FIELD,Field_2,1,MOVING_TO_FIELD,Field_2,1,MOVING_TO_FIELD,Field_3,1,MOVING_TO_FIELD,Field_3,1,MOVING_TO_FIELD,Field_3,1,MOVING_TO_FIELD,Field_3,1,MOVING_TO_FIELD,Field_7,1,MOVING_TO_FIELD,Field_7,1,MOVING_TO_FIELD,Field_7,1,MOVING_TO_FIELD,Field_6,28,0.13,1,7,3,16,0.07,0,3,2,0,0.08,0,4,4,13,0.03,0,6,4,14,0.00,1,5,1,22,0.04,0,1,4,5,0.05,0,5,3,15,0.03,0,1,2,0,0.02,0,0,3,44,0.22,0,0,6,30,0.11,0,0,4,28,0.09,0,0,1,2,0.04,0,0,2,44,0.18,0,0,6,56,0.22,0,0,6,23,0.06,0,0,2,40,0.08,0,0,2,71,0.24,0,0,1,0,0.05,0,0,2,7,0.02,0,6,3
172,459,0,0,3,0,37,0,1,MOVING_TO_FIELD,Field_8,1,MOVING_TO_FIELD,Field_5,1,MOVING_TO_FIELD,Field_5,1,MOVING_TO_FIELD,Field_5,1,MOVING_TO_FIELD,Field_5,1,MOVING_TO_FIELD,Field_5,1,PROTECTING,Field_5,1,MOVING_TO_FIELD,Field_20,1,MOVING_TO_FIELD,Field_20,1,MOVING_TO_FIELD,Field_20,1,MOVING_TO_FIELD,Field_20,1,MOVING_TO_FIELD,Field_20,1,MOVING_TO_FIELD,Field_20,1,MOVING_TO_FIELD,Field_4,1,MOVING_TO_FIELD,Field_4,1,MOVING_TO_FIELD,Field_4,1,MOVING_TO_FIELD,Field_4,1,MOVING_TO_FIELD,Field_4,1,MOVING_TO_FIELD,Field_4,1,MOVING_TO_FIELD,Field_1,1,MOVING_TO_FIELD,Field_1,1,MOVING_TO_FIELD,Field_1,1,PROTECTING,Field_1,1,MOVING_TO_FIELD,Field_1,1,MOVING_TO_FIELD,Field_1,1,MOVING_TO_FIELD,Field_1,1,MOVING_TO_FIELD,Field_1,1,MOVING_TO_FIELD,Field_2,1,MOVING_TO_FIELD,Field_7,1,MOVING_TO_FIELD,Field_7,1,PROTECTING,Field_2,1,MOVING_TO_FIELD,Field_2,1,MOVING_TO_FIELD,Field_3,1,MOVING_TO_FIELD,Field_3,1,MOVING_TO_FIELD,Field_3,1,MOVING_TO_FIELD,Field_3,1,MOVING_TO_FIELD,Field_7,1,MOVING_TO_FIELD,Field_7,1,MOVING_TO_FIELD,Field_7,1,MOVING_TO_FIELD,Field_6,28,0.13,1,7,3,16,0.04,1,2,1,0,0.08,0,4,4,13,0.02,0,6,4,14,0.01,1,5,1,22,0.05,0,1,4,5,0.06,0,5,3,15,0.06,0,1,2,0,0.03,0,0,3,44,0.23,0,0,6,30,0.13,0,0,4,28,0.06,0,0,1,2,0.02,0,0,2,44,0.18,0,0,6,56,0.22,0,0,6,23,0.06,0,0,2,40,0.10,0,0,2,72,0.22,0,0,1,0,0.03,0,0,2,7,0.02,0,6,3
173,460,0,0,4,0,36,0,1,MOVING_TO_FIELD,Field_8,1,MOVING_TO_FIELD,Field_5,1,MOVING_TO_FIELD,Field_5,1,MOVING_TO_FIELD,Field_5,1,MOVING_TO_FIELD,Field_5,1,MOVING_TO_FIELD,Field_5,1,PROTECTING,Field_5,1,MOVING_TO_FIELD,Field_20,1,MOVING_TO_FIELD,Field_20,1,MOVING_TO_FIELD,Field_20,1,MOVING_TO_FIELD,Field_20,1,MOVING_TO_FIELD,Field_20,1,MOVING_TO_FIELD,Field_20,1,MOVING_TO_FIELD,Field_4,1,MOVING_TO_FIELD,Field_4,1,MOVING_TO_FIELD,Field_4,1,MOVING_TO_FIELD,Field_4,1,MOVING_TO_FIELD,Field_4,1,MOVING_TO_FIELD,Field_4,1,MOVING_TO_FIELD,Field_1,1,MOVING_TO_FIELD,Field_1,1,MOVING_TO_FIELD,Field_1,1,PROTECTING,Field_1,1,PROTECTING,Field_1,1,MOVING_TO_FIELD,Field_1,1,MOVING_TO_FIELD,Field_1,1,MOVING_TO_FIELD,Field_1,1,MOVING_TO_FIELD,Field_2,1,MOVING_TO_FIELD,Field_7,1,MOVING_TO_FIELD,Field_7,1,PROTECTING,Field_2,1,MOVING_TO_FIELD,Field_2,1,MOVING_TO_FIELD,Field_3,1,MOVING_TO_FIELD,Field_3,1,MOVING_TO_FIELD,Field_3,1,MOVING_TO_FIELD,Field_3,1,MOVING_TO_FIELD,Field_7,1,MOVING_TO_FIELD,Field_7,1,MOVING_TO_FIELD,Field_7,1,MOVING_TO_FIELD,Field_6,28,0.13,2,6,2,16,0.04,1,2,1,0,0.06,0,4,4,13,0.03,0,6,4,14,0.01,1,5,1,22,0.07,0,1,4,5,0.05,0,5,3,15,0.06,0,1,2,0,0.04,0,0,3,44,0.22,0,0,6,30,0.14,0,0,4,28,0.06,0,0,1,2,0.02,0,0,2,44,0.20,0,0,6,56,0.22,0,0,6,24,0.06,0,0,2,40,0.10,0,0,2,72,0.20,0,0,1,0,0.03,0,0,2,7,0.02,0,6,3
174,461,0,0,4,0,36,0,1,MOVING_TO_FIELD,Field_8,1,MOVING_TO_FIELD,Field_5,1,MOVING_TO_FIELD,Field_5,1,MOVING_TO_FIELD,Field_5,1,MOVING_TO_FIELD,Field_5,1,MOVING_TO_FIELD,Field_5,1,PROTECTING,Field_5,1,MOVING_TO_FIELD,Field_20,1,MOVING_TO_FIELD,Field_20,1,MOVING_TO_FIELD,Field_20,1,MOVING_TO_FIELD,Field_20,1,MOVING_TO_FIELD,Field_20,1,MOVING_TO_FIELD,Field_20,1,MOVING_TO_FIELD,Field_4,1,MOVING_TO_FIELD,Field_4,1,MOVING_TO_FIELD,Field_4,1,MOVING_TO_FIELD,Field_4,1,MOVING_TO_FIELD,Field_4,1,MOVING_TO_FIELD,Field_4,1,MOVING_TO_FIELD,Field_1,1,MOVING_TO_FIELD,Field_1,1,MOVING_TO_FIELD,Field_1,1,PROTECTING,Field_1,1,PROTECTING,Field_1,1,MOVING_TO_FIELD,Field_1,1,MOVING_TO_FIELD,Field_1,1,MOVING_TO_FIELD,Field_1,1,MOVING_TO_FIELD,Field_2,1,MOVING_TO_FIELD,Field_7,1,MOVING_TO_FIELD,Field_7,1,PROTECTING,Field_2,1,MOVING_TO_FIELD,Field_2,1,MOVING_TO_FIELD,Field_3,1,MOVING_TO_FIELD,Field_3,1,MOVING_TO_FIELD,Field_3,1,MOVING_TO_FIELD,Field_3,1,MOVING_TO_FIELD,Field_7,1,MOVING_TO_FIELD,Field_7,1,MOVING_TO_FIELD,Field_7,1,MOVING_TO_FIELD,Field_6,28,0.12,2,6,2,16,0.04,1,2,1,0,0.07,0,4,4,13,0.04,0,6,4,14,0.01,1,5,1,22,0.07,0,1,4,5,0.06,0,5,3,15,0.06,0,1,2,0,0.06,0,0,3,44,0.21,0,0,6,30,0.14,0,0,4,28,0.06,0,0,1,2,0.02,0,0,2,44,0.20,0,0,6,57,0.20,0,0,6,24,0.07,0,0,2,40,0.10,0,0,2,72,0.22,0,0,1,0,0.03,0,0,2,7,0.02,0,6,3
175,463,0,0,5,0,35,0,1,MOVING_TO_FIELD,Field_8,1,MOVING_TO_FIELD,Field_5,1,MOVING_TO_FIELD,Field_5,1,MOVING_TO_FIELD,Field_5,1,MOVING_TO_FIELD,Field_5,1,MOVING_TO_FIELD,Field_5,1,PROTECTING,Field_5,1,MOVING_TO_FIELD,Field_20,1,MOVING_TO_FIELD,Field_20,1,MOVING_TO_FIELD,Field_20,1,MOVING_TO_FIELD,Field_20,1,MOVING_TO_FIELD,Field_20,1,MOVING_TO_FIELD,Field_20,1,MOVING_TO_FIELD,Field_4,1,MOVING_TO_FIELD,Field_4,1,MOVING_TO_FIELD,Field_4,1,MOVING_TO_FIELD,Field_4,1,MOVING_TO_FIELD,Field_4,1,MOVING_TO_FIELD,Field_4,1,MOVING_TO_FIELD,Field_1,1,MOVING_TO_FIELD,Field_1,1,MOVING_TO_FIELD,Field_1,1,PROTECTING,Field_1,1,PROTECTING,Field_1,1,PROTECTING,Field_1,1,MOVING_TO_FIELD,Field_1,1,MOVING_TO_FIELD,Field_1,1,MOVING_TO_FIELD,Field_2,1,MOVING_TO_FIELD,Field_7,1,MOVING_TO_FIELD,Field_7,1,PROTECTING,Field_2,1,MOVING_TO_FIELD,Field_2,1,MOVING_TO_FIELD,Field_3,1,MOVING_TO_FIELD,Field_3,1,MOVING_TO_FIELD,Field_3,1,MOVING_TO_FIELD,Field_3,1,MOVING_TO_FIELD,Field_7,1,MOVING_TO_FIELD,Field_7,1,MOVING_TO_FIELD,Field_7,1,MOVING_TO_FIELD,Field_6,29,0.11,3,5,1,16,0.03,1,2,1,0,0.07,0,4,4,13,0.06,0,6,4,14,0.01,1,5,1,22,0.07,0,1,4,5,0.05,0,5,3,15,0.06,0,1,2,0,0.06,0,0,3,44,0.21,0,0,6,30,0.16,0,0,4,28,0.06,0,0,1,2,0.02,0,0,2,44,0.21,0,0,6,57,0.20,0,0,6,24,0.07,0,0,2,41,0.11,0,0,2,72,0.22,0,0,1,0,0.06,0,0,2,7,0.00,0,6,3
176,464,0,0,6,0,34,0,1,MOVING_TO_FIELD,Field_8,1,MOVING_TO_FIELD,Field_5,1,MOVING_TO_FIELD,Field_5,1,MOVING_TO_FIELD,Field_5,1,MOVING_TO_FIELD,Field_5,1,MOVING_TO_FIELD,Field_5,1,PROTECTING,Field_5,1,PROTECTING,Field_20,1,MOVING_TO_FIELD,Field_20,1,MOVING_TO_FIELD,Field_20,1,MOVING_TO_FIELD,Field_20,1,MOVING_TO_FIELD,Field_20,1,MOVING_TO_FIELD,Field_20,1,MOVING_TO_FIELD,Field_4,1,MOVING_TO_FIELD,Field_4,1,MOVING_TO_FIELD,Field_4,1,MOVING_TO_FIELD,Field_4,1,MOVING_TO_FIELD,Field_4,1,MOVING_TO_FIELD,Field_4,1,MOVING_TO_FIELD,Field_1,1,MOVING_TO_FIELD,Field_1,1,MOVING_TO_FIELD,Field_1,1,PROTECTING,Field_1,1,PROTECTING,Field_1,1,PROTECTING,Field_1,1,MOVING_TO_FIELD,Field_1,1,MOVING_TO_FIELD,Field_1,1,MOVING_TO_FIELD,Field_2,1,MOVING_TO_FIELD,Field_7,1,MOVING_TO_FIELD,Field_7,1,PROTECTING,Field_2,1,MOVING_TO_FIELD,Field_2,1,MOVING_TO_FIELD,Field_3,1,MOVING_TO_FIELD,Field_3,1,MOVING_TO_FIELD,Field_3,1,MOVING_TO_FIELD,Field_3,1,MOVING_TO_FIELD,Field_7,1,MOVING_TO_FIELD,Field_7,1,MOVING_TO_FIELD,Field_7,1,MOVING_TO_FIELD,Field_6,29,0.10,3,5,1,16,0.03,1,2,1,0,0.07,0,4,4,13,0.06,0,6,4,14,0.01,1,5,1,22,0.07,0,1,4,5,0.05,0,5,3,15,0.06,0,1,2,0,0.04,0,0,3,44,0.24,0,0,6,30,0.16,0,0,4,28,0.06,0,0,1,2,0.02,0,0,2,44,0.21,0,0,6,58,0.20,0,0,6,24,0.07,0,0,2,41,0.11,0,0,2,72,0.24,0,0,1,0,0.06,0,0,2,7,0.00,1,5,2
177,465,0,0,6,0,34,0,1,MOVING_TO_FIELD,Field_8,1,MOVING_TO_FIELD,Field_5,1,MOVING_TO_FIELD,Field_5,1,MOVING_TO_FIELD,Field_5,1,MOVING_TO_FIELD,Field_5,1,MOVING_TO_FIELD,Field_5,1,PROTECTING,Field_5,1,PROTECTING,Field_20,1,MOVING_TO_FIELD,Field_20,1,MOVING_TO_FIELD,Field_20,1,MOVING_TO_FIELD,Field_20,1,MOVING_TO_FIELD,Field_20,1,MOVING_TO_FIELD,Field_20,1,MOVING_TO_FIELD,Field_4,1,MOVING_TO_FIELD,Field_4,1,MOVING_TO_FIELD,Field_4,1,MOVING_TO_FIELD,Field_4,1,MOVING_TO_FIELD,Field_4,1,MOVING_TO_FIELD,Field_4,1,MOVING_TO_FIELD,Field_1,1,MOVING_TO_FIELD,Field_1,1,MOVING_TO_FIELD,Field_1,1,PROTECTING,Field_1,1,PROTECTING,Field_1,1,PROTECTING,Field_1,1,MOVING_TO_FIELD,Field_1,1,MOVING_TO_FIELD,Field_1,1,MOVING_TO_FIELD,Field_2,1,MOVING_TO_FIELD,Field_7,1,MOVING_TO_FIELD,Field_7,1,PROTECTING,Field_2,1,MOVING_TO_FIELD,Field_2,1,MOVING_TO_FIELD,Field_3,1,MOVING_TO_FIELD,Field_3,1,MOVING_TO_FIELD,Field_3,1,MOVING_TO_FIELD,Field_3,1,MOVING_TO_FIELD,Field_7,1,MOVING_TO_FIELD,Field_7,1,MOVING_TO_FIELD,Field_7,1,MOVING_TO_FIELD,Field_6,29,0.10,3,5,1,16,0.03,1,2,1,0,0.06,0,4,4,13,0.06,0,6,4,14,0.01,1,5,1,22,0.07,0,1,4,5,0.05,0,5,3,15,0.06,0,1,2,0,0.06,0,0,3,44,0.24,0,0,6,30,0.17,0,0,4,28,0.06,0,0,1,2,0.02,0,0,2,44,0.21,0,0,6,58,0.20,0,0,6,24,0.07,0,0,2,42,0.13,0,0,2,72,0.19,0,0,1,0,0.06,0,0,2,7,0.00,1,5,2
178,468,0,0,6,0,34,0,1,MOVING_TO_FIELD,Field_8,1,MOVING_TO_FIELD,Field_5,1,MOVING_TO_FIELD,Field_5,1,MOVING_TO_FIELD,Field_5,1,MOVING_TO_FIELD,Field_5,1,MOVING_TO_FIELD,Field_5,1,PROTECTING,Field_5,1,PROTECTING,Field_20,1,MOVING_TO_FIELD,Field_20,1,MOVING_TO_FIELD,Field_20,1,MOVING_TO_FIELD,Field_20,1,MOVING_TO_FIELD,Field_20,1,MOVING_TO_FIELD,Field_20,1,MOVING_TO_FIELD,Field_4,1,MOVING_TO_FIELD,Field_4,1,MOVING_TO_FIELD,Field_4,1,MOVING_TO_FIELD,Field_4,1,MOVING_TO_FIELD,Field_4,1,MOVING_TO_FIELD,Field_4,1,MOVING_TO_FIELD,Field_1,1,MOVING_TO_FIELD,Field_1,1,MOVING_TO_FIELD,Field_1,1,PROTECTING,Field_1,1,PROTECTING,Field_1,1,PROTECTING,Field_1,1,MOVING_TO_FIELD,Field_1,1,MOVING_TO_FIELD,Field_1,1,MOVING_TO_FIELD,Field_2,1,MOVING_TO_FIELD,Field_7,1,MOVING_TO_FIELD,Field_7,1,PROTECTING,Field_2,1,MOVING_TO_FIELD,Field_2,1,MOVING_TO_FIELD,Field_3,1,MOVING_TO_FIELD,Field_3,1,MOVING_TO_FIELD,Field_3,1,MOVING_TO_FIELD,Field_3,1,MOVING_TO_FIELD,Field_7,1,MOVING_TO_FIELD,Field_7,1,MOVING_TO_FIELD,Field_7,1,MOVING_TO_FIELD,Field_6,29,0.11,3,5,1,16,0.03,1,2,1,0,0.04,0,4,4,13,0.04,0,6,4,14,0.01,1,5,1,22,0.08,0,1,4,5,0.05,0,5,3,15,0.06,0,1,2,0,0.06,0,0,3,44,0.24,0,0,6,31,0.17,0,0,4,28,0.06,0,0,1,2,0.02,0,0,2,45,0.21,0,0,6,59,0.18,0,0,6,24,0.07,0,0,2,42,0.16,0,0,2,72,0.17,0,0,1,0,0.03,0,0,2,7,0.00,1,5,2
179,471,0,0,6,0,34,0,1,MOVING_TO_FIELD,Field_8,1,MOVING_TO_FIELD,Field_5,1,MOVING_TO_FIELD,Field_5,1,MOVING_TO_FIELD,Field_5,1,MOVING_TO_FIELD,Field_5,1,MOVING_TO_FIELD,Field_5,1,PROTECTING,Field_5,1,PROTECTING,Field_20,1,MOVING_TO_FIELD,Field_20,1,MOVING_TO_FIELD,Field_20,1,MOVING_TO_FIELD,Field_20,1,MOVING_TO_FIELD,Field_20,1,MOVING_TO_FIELD,Field_20,1,MOVING_TO_FIELD,Field_4,1,MOVING_TO_FIELD,Field_4,1,MOVING_TO_FIELD,Field_4,1,MOVING_TO_FIELD,Field_4,1,MOVING_TO_FIELD,Field_4,1,MOVING_TO_FIELD,Field_4,1,MOVING_TO_FIELD,Field_1,1,MOVING_TO_FIELD,Field_1,1,MOVING_TO_FIELD,Field_1,1,PROTECTING,Field_1,1,PROTECTING,Field_1,1,PROTECTING,Field_1,1,MOVING_TO_FIELD,Field_1,1,MOVING_TO_FIELD,Field_1,1,MOVING_TO_FIELD,Field_2,1,MOVING_TO_FIELD,Field_7,1,MOVING_TO_FIELD,Field_7,1,PROTECTING,Field_2,1,MOVING_TO_FIELD,Field_2,1,MOVING_TO_FIELD,Field_3,1,MOVING_TO_FIELD,Field_3,1,MOVING_TO_FIELD,Field_3,1,MOVING_TO_FIELD,Field_3,1,MOVING_TO_FIELD,Field_7,1,MOVING_TO_FIELD,Field_7,1,MOVING_TO_FIELD,Field_7,1,MOVING_TO_FIELD,Field_6,29,0.13,3,5,1,16,0.03,1,2,1,0,0.05,0,4,4,13,0.04,0,6,4,14,0.01,1,5,1,22,0.08,0,1,4,5,0.06,0,5,3,15,0.04,0,1,2,0,0.04,0,0,3,44,0.23,0,0,6,33,0.17,0,0,4,28,0.06,0,0,1,2,0.02,0,0,2,45,0.21,0,0,6,60,0.18,0,0,6,24,0.06,0,0,2,42,0.16,0,0,2,72,0.17,0,0,1,0,0.03,0,0,2,7,0.00,1,5,2
180,472,0,0,10,0,30,0,1,MOVING_TO_FIELD,Field_8,1,PROTECTING,Field_5,1,MOVING_TO_FIELD,Field_5,1,PROTECTING,Field_5,1,MOVING_TO_FIELD,Field_5,1,PROTECTING,Field_5,1,PROTECTING,Field_5,1,PROTECTING,Field_20,1,MOVING_TO_FIELD,Field_20,1,MOVING_TO_FIELD,Field_20,1,MOVING_TO_FIELD,Field_20,1,MOVING_TO_FIELD,Field_20,1,MOVING_TO_FIELD,Field_20,1,MOVING_TO_FIELD,Field_4,1,MOVING_TO_FIELD,Field_4,1,MOVING_TO_FIELD,Field_4,1,MOVING_TO_FIELD,Field_4,1,MOVING_TO_FIELD,Field_4,1,MOVING_TO_FIELD,Field_4,1,MOVING_TO_FIELD,Field_1,1,MOVING_TO_FIELD,Field_1,1,MOVING_TO_FIELD,Field_1,1,PROTECTING,Field_1,1,PROTECTING,Field_1,1,PROTECTING,Field_1,1,MOVING_TO_FIELD,Field_1,1,PROTECTING,Field_1,1,MOVING_TO_FIELD,Field_2,1,MOVING_TO_FIELD,Field_7,1,MOVING_TO_FIELD,Field_7,1,PROTECTING,Field_2,1,MOVING_TO_FIELD,Field_2,1,MOVING_TO_FIELD,Field_3,1,MOVING_TO_FIELD,Field_3,1,MOVING_TO_FIELD,Field_3,1,MOVING_TO_FIELD,Field_3,1,MOVING_TO_FIELD,Field_7,1,MOVING_TO_FIELD,Field_7,1,MOVING_TO_FIELD,Field_7,1,MOVING_TO_FIELD,Field_6,29,0.13,4,4,0,16,0.02,1,2,1,0,0.04,0,4,4,13,0.04,0,6,4,14,0.00,4,2,-2,22,0.08,0,1,4,5,0.05,0,5,3,15,0.03,0,1,2,0,0.04,0,0,3,44,0.23,0,0,6,33,0.17,0,0,4,28,0.06,0,0,1,2,0.02,0,0,2,45,0.21,0,0,6,61,0.17,0,0,6,24,0.05,0,0,2,42,0.16,0,0,2,72,0.17,0,0,1,0,0.03,0,0,2,7,0.00,1,5,2
181,472,0,0,0,0,40,0,1,MOVING_TO_FIELD,Field_6,1,MOVING_TO_FIELD,Field_20,1,MOVING_TO_FIELD,Field_20,1,MOVING_TO_FIELD,Field_20,1,MOVING_TO_FIELD,Field_20,1,MOVING_TO_FIELD,Field_20,1,MOVING_TO_FIELD,Field_20,1,MOVING_TO_FIELD,Field_4,1,MOVING_TO_FIELD,Field_4,1,MOVING_TO_FIELD,Field_4,1,MOVING_TO_FIELD,Field_4,1,MOVING_TO_FIELD,Field_4,1,MOVING_TO_FIELD,Field_4,1,MOVING_TO_FIELD,Field_1,1,MOVING_TO_FIELD,Field_1,1,MOVING_TO_FIELD,Field_1,1,MOVING_TO_FIELD,Field_1,1,MOVING_TO_FIELD,Field_7,1,MOVING_TO_FIELD,Field_6,1,MOVING_TO_FIELD,Field_5,1,MOVING_TO_FIELD,Field_5,1,MOVING_TO_FIELD,Field_5,1,MOVING_TO_FIELD,Field_5,1,MOVING_TO_FIELD,Field_5,1,MOVING_TO_FIELD,Field_5,1,MOVING_TO_FIELD,Field_8,1,MOVING_TO_FIELD,Field_7,1,MOVING_TO_FIELD,Field_7,1,MOVING_TO_FIELD,Field_1,1,MOVING_TO_FIELD,Field_1,1,MOVING_TO_FIELD,Field_1,1,MOVING_TO_FIELD,Field_1,1,MOVING_TO_FIELD,Field_6,1,MOVING_TO_FIELD,Field_6,1,MOVING_TO_FIELD,Field_6,1,MOVING_TO_FIELD,Field_6,1,MOVING_TO_FIELD,Field_2,1,MOVING_TO_FIELD,Field_7,1,MOVING_TO_FIELD,Field_7,1,MOVING_TO_FIELD,Field_3,29,0.14,0,8,4,16,0.02,0,1,2,0,0.04,0,1,4,13,0.04,0,6,4,14,0.00,0,6,2,22,0.07,0,6,4,5,0.05,0,5,3,15,0.03,0,1,2,0,0.06,0,0,3,44,0.23,0,0,6,33,0.17,0,0,4,28,0.09,0,0,1,2,0.02,0,0,2,45,0.23,0,0,6,61,0.17,0,0,6,24,0.07,0,0,2,42,0.18,0,0,2,72,0.19,0,0,1,0,0.02,0,0,2,7,0.00,0,6,3
182,473,0,0,0,0,40,0,1,MOVING_TO_FIELD,Field_6,1,MOVING_TO_FIELD,Field_20,1,MOVING_TO_FIELD,Field_20,1,MOVING_TO_FIELD,Field_20,1,MOVING_TO_FIELD,Field_20,1,MOVING_TO_FIELD,Field_20,1,MOVING_TO_FIELD,Field_20,1,MOVING_TO_FIELD,Field_4,1,MOVING_TO_FIELD,Field_4,1,MOVING_TO_FIELD,Field_4,1,MOVING_TO_FIELD,Field_4,1,MOVING_TO_FIELD,Field_4,1,MOVING_TO_FIELD,Field_4,1,MOVING_TO_FIELD,Field_1,1,MOVING_TO_FIELD,Field_1,1,MOVING_TO_FIELD,Field_1,1,MOVING_TO_FIELD,Field_1,1,MOVING_TO_FIELD,Field_7,1,MOVING_TO_FIELD,Field_6,1,MOVING_TO_FIELD,Field_5,1,MOVING_TO_FIELD,Field_5,1,MOVING_TO_FIELD,Field_5,1,MOVING_TO_FIELD,Field_5,1,MOVING_TO_FIELD,Field_5,1,MOVING_TO_FIELD,Field_5,1,MOVING_TO_FIELD,Field_8,1,MOVING_TO_FIELD,Field_7,1,MOVING_TO_FIELD,Field_7,1,MOVING_TO_FIELD,Field_1,1,MOVING_TO_FIELD,Field_1,1,MOVING_TO_FIELD,Field_1,1,MOVING_TO_FIELD,Field_1,1,MOVING_TO_FIELD,Field_6,1,MOVING_TO_FIELD,Field_6,1,MOVING_TO_FIELD,Field_6,1,MOVING_TO_FIELD,Field_6,1,MOVING_TO_FIELD,Field_2,1,MOVING_TO_FIELD,Field_7,1,MOVING_TO_FIELD,Field_7,1,MOVING_TO_FIELD,Field_3,30,0.14,0,8,4,16,0.02,0,1,2,0,0.05,0,1,4,13,0.04,0,6,4,14,0.00,0,6,2,22,0.07,0,6,4,5,0.05,0,5,3,15,0.03,0,1,2,0,0.07,0,0,3,44,0.24,0,0,6,33,0.20,0,0,4,28,0.09,0,0,1,2,0.02,0,0,2,45,0.23,0,0,6,61,0.16,0,0,6,24,0.07,0,0,2,42,0.16,0,0,2,72,0.17,0,0,1,0,0.02,0,0,2,7,0.00,0,6,3
183,477,0,0,0,0,40,0,1,MOVING_TO_FIELD,Field_6,1,MOVING_TO_FIELD,Field_20,1,MOVING_TO_FIELD,Field_20,1,MOVING_TO_FIELD,Field_20,1,MOVING_TO_FIELD,Field_20,1,MOVING_TO_FIELD,Field_20,1,MOVING_TO_FIELD,Field_20,1,MOVING_TO_FIELD,Field_4,1,MOVING_TO_FIELD,Field_4,1,MOVING_TO_FIELD,Field_4,1,MOVING_TO_FIELD,Field_4,1,MOVING_TO_FIELD,Field_4,1,MOVING_TO_FIELD,Field_4,1,MOVING_TO_FIELD,Field_1,1,MOVING_TO_FIELD,Field_1,1,MOVING_TO_FIELD,Field_1,1,MOVING_TO_FIELD,Field_1,1,MOVING_TO_FIELD,Field_7,1,MOVING_TO_FIELD,Field_6,1,MOVING_TO_FIELD,Field_5,1,MOVING_TO_FIELD,Field_5,1,MOVING_TO_FIELD,Field_5,1,MOVING_TO_FIELD,Field_5,1,MOVING_TO_FIELD,Field_5,1,MOVING_TO_FIELD,Field_5,1,MOVING_TO_FIELD,Field_8,1,MOVING_TO_FIELD,Field_7,1,MOVING_TO_FIELD,Field_7,1,MOVING_TO_FIELD,Field_1,1,MOVING_TO_FIELD,Field_1,1,MOVING_TO_FIELD,Field_1,1,MOVING_TO_FIELD,Field_1,1,MOVING_TO_FIELD,Field_6,1,MOVING_TO_FIELD,Field_6,1,MOVING_TO_FIELD,Field_6,1,MOVING_TO_FIELD,Field_6,1,MOVING_TO_FIELD,Field_2,1,MOVING_TO_FIELD,Field_7,1,MOVING_TO_FIELD,Field_7,1,MOVING_TO_FIELD,Field_3,30,0.14,0,8,4,16,0.02,0,1,2,0,0.05,0,1,4,13,0.04,0,6,4,14,0.00,0,6,2,22,0.08,0,6,4,5,0.07,0,5,3,15,0.03,0,1,2,0,0.07,0,0,3,44,0.24,0,0,6,34,0.20,0,0,4,28,0.09,0,0,1,2,0.02,0,0,2,45,0.24,0,0,6,63,0.16,0,0,6,25,0.09,0,0,2,42,0.16,0,0,2,72,0.17,0,0,1,0,0.02,0,0,2,7,0.00,0,6,3
184,481,0,0,1,0,39,0,1,MOVING_TO_FIELD,Field_6,1,MOVING_TO_FIELD,Field_20,1,MOVING_TO_FIELD,Field_20,1,MOVING_TO_FIELD,Field_20,1,MOVING_TO_FIELD,Field_20,1,MOVING_TO_FIELD,Field_20,1,MOVING_TO_FIELD,Field_20,1,MOVING_TO_FIELD,Field_4,1,MOVING_TO_FIELD,Field_4,1,MOVING_TO_FIELD,Field_4,1,MOVING_TO_FIELD,Field_4,1,MOVING_TO_FIELD,Field_4,1,MOVING_TO_FIELD,Field_4,1,MOVING_TO_FIELD,Field_1,1,MOVING_TO_FIELD,Field_1,1,MOVING_TO_FIELD,Field_1,1,MOVING_TO_FIELD,Field_1,1,MOVING_TO_FIELD,Field_7,1,MOVING_TO_FIELD,Field_6,1,MOVING_TO_FIELD,Field_5,1,MOVING_TO_FIELD,Field_5,1,MOVING_TO_FIELD,Field_5,1,MOVING_TO_FIELD,Field_5,1,MOVING_TO_FIELD,Field_5,1,MOVING_TO_FIELD,Field_5,1,MOVING_TO_FIELD,Field_8,1,MOVING_TO_FIELD,Field_7,1,MOVING_TO_FIELD,Field_7,1,MOVING_TO_FIELD,Field_1,1,MOVING_TO_FIELD,Field_1,1,MOVING_TO_FIELD,Field_1,1,MOVING_TO_FIELD,Field_1,1,MOVING_TO_FIELD,Field_6,1,MOVING_TO_FIELD,Field_6,1,MOVING_TO_FIELD,Field_6,1,MOVING_TO_FIELD,Field_6,1,MOVING_TO_FIELD,Field_2,1,MOVING_TO_FIELD,Field_7,1,PROTECTING,Field_7,1,MOVING_TO_FIELD,Field_3,31,0.14,0,8,4,16,0.01,0,1,2,0,0.06,0,1,4,13,0.07,0,6,4,14,0.00,0,6,2,22,0.09,0,6,4,5,0.08,1,4,2,15,0.04,0,1,2,0,0.07,0,0,3,46,0.25,0,0,6,34,0.20,0,0,4,28,0.09,0,0,1,2,0.02,0,0,2,45,0.24,0,0,6,63,0.16,0,0,6,25,0.11,0,0,2,43,0.16,0,0,2,72,0.19,0,0,1,0,0.03,0,0,2,7,0.00,0,6,3
185,481,0,0,3,0,37,0,1,MOVING_TO_FIELD,Field_6,1,MOVING_TO_FIELD,Field_20,1,MOVING_TO_FIELD,Field_20,1,MOVING_TO_FIELD,Field_20,1,MOVING_TO_FIELD,Field_20,1,MOVING_TO_FIELD,Field_20,1,MOVING_TO_FIELD,Field_20,1,MOVING_TO_FIELD,Field_4,1,MOVING_TO_FIELD,Field_4,1,MOVING_TO_FIELD,Field_4,1,MOVING_TO_FIELD,Field_4,1,MOVING_TO_FIELD,Field_4,1,MOVING_TO_FIELD,Field_4,1,MOVING_TO_FIELD,Field_1,1,MOVING_TO_FIELD,Field_1,1,MOVING_TO_FIELD,Field_1,1,MOVING_TO_FIELD,Field_1,1,MOVING_TO_FIELD,Field_7,1,MOVING_TO_FIELD,Field_6,1,MOVING_TO_FIELD,Field_5,1,MOVING_TO_FIELD,Field_5,1,MOVING_TO_FIELD,Field_5,1,MOVING_TO_FIELD,Field_5,1,MOVING_TO_FIELD,Field_5,1,MOVING_TO_FIELD,Field_5,1,MOVING_TO_FIELD,Field_8,1,MOVING_TO_FIELD,Field_7,1,MOVING_TO_FIELD,Field_7,1,MOVING_TO_FIELD,Field_1,1,MOVING_TO_FIELD,Field_1,1,MOVING_TO_FIELD,Field_1,1,MOVING_TO_FIELD,Field_1,1,MOVING_TO_FIELD,Field_6,1,MOVING_TO_FIELD,Field_6,1,MOVING_TO_FIELD,Field_6,1,MOVING_TO_FIELD,Field_6,1,MOVING_TO_FIELD,Field_2,1,PROTECTING,Field_7,1,PROTECTING,Field_7,1,PROTECTING,Field_3,31,0.14,0,8,4,16,0.01,0,1,2,0,0.07,1,0,3,13,0.06,0,6,4,14,0.01,0,6,2,22,0.09,0,6,4,5,0.08,2,3,1,15,0.04,0,1,2,0,0.08,0,0,3,46,0.25,0,0,6,34,0.20,0,0,4,28,0.06,0,0,1,2,0.02,0,0,2,45,0.24,0,0,6,63,0.15,0,0,6,25,0.11,0,0,2,43,0.16,0,0,2,72,0.19,0,0,1,0,0.03,0,0,2,7,0.00,0,6,3
186,483,0,0,3,0,37,0,1,MOVING_TO_FIELD,Field_6,1,MOVING_TO_FIELD,Field_20,1,MOVING_TO_FIELD,Field_20,1,MOVING_TO_FIELD,Field_20,1,MOVING_TO_FIELD,Field_20,1,MOVING_TO_FIELD,Field_20,1,MOVING_TO_FIELD,Field_20,1,MOVING_TO_FIELD,Field_4,1,MOVING_TO_FIELD,Field_4,1,MOVING_TO_FIELD,Field_4,1,MOVING_TO_FIELD,Field_4,1,MOVING_TO_FIELD,Field_4,1,MOVING_TO_FIELD,Field_4,1,MOVING_TO_FIELD,Field_1,1,MOVING_TO_FIELD,Field_1,1,MOVING_TO_FIELD,Field_1,1,MOVING_TO_FIELD,Field_1,1,MOVING_TO_FIELD,Field_7,1,MOVING_TO_FIELD,Field_6,1,MOVING_TO_FIELD,Field_5,1,MOVING_TO_FIELD,Field_5,1,MOVING_TO_FIELD,Field_5,1,MOVING_TO_FIELD,Field_5,1,MOVING_TO_FIELD,Field_5,1,MOVING_TO_FIELD,Field_5,1,MOVING_TO_FIELD,Field_8,1,MOVING_TO_FIELD,Field_7,1,MOVING_TO_FIELD,Field_7,1,MOVING_TO_FIELD,Field_1,1,MOVING_TO_FIELD,Field_1,1,MOVING_TO_FIELD,Field_1,1,MOVING_TO_FIELD,Field_1,1,MOVING_TO_FIELD,Field_6,1,MOVING_TO_FIELD,Field_6,1,MOVING_TO_FIELD,Field_6,1,MOVING_TO_FIELD,Field_6,1,MOVING_TO_FIELD,Field_2,1,PROTECTING,Field_7,1,PROTECTING,Field_7,1,PROTECTING,Field_3,32,0.14,0,8,4,16,0.01,0,1,2,0,0.07,1,0,3,13,0.07,0,6,4,14,0.01,0,6,2,22,0.08,0,6,4,5,0.09,2,3,1,15,0.04,0,1,2,0,0.08,0,0,3,47,0.24,0,0,6,34,0.20,0,0,4,28,0.06,0,0,1,2,0.04,0,0,2,45,0.25,0,0,6,63,0.16,0,0,6,25,0.14,0,0,2,43,0.15,0,0,2,72,0.15,0,0,1,0,0.03,0,0,2,7,0.00,0,6,3
187,485,0,0,3,0,37,0,1,MOVING_TO_FIELD,Field_6,1,MOVING_TO_FIELD,Field_20,1,MOVING_TO_FIELD,Field_20,1,MOVING_TO_FIELD,Field_20,1,MOVING_TO_FIELD,Field_20,1,MOVING_TO_FIELD,Field_20,1,MOVING_TO_FIELD,Field_20,1,MOVING_TO_FIELD,Field_4,1,MOVING_TO_FIELD,Field_4,1,MOVING_TO_FIELD,Field_4,1,MOVING_TO_FIELD,Field_4,1,MOVING_TO_FIELD,Field_4,1,MOVING_TO_FIELD,Field_4,1,MOVING_TO_FIELD,Field_1,1,MOVING_TO_FIELD,Field_1,1,MOVING_TO_FIELD,Field_1,1,MOVING_TO_FIELD,Field_1,1,MOVING_TO_FIELD,Field_7,1,MOVING_TO_FIELD,Field_6,1,MOVING_TO_FIELD,Field_5,1,MOVING_TO_FIELD,Field_5,1,MOVING_TO_FIELD,Field_5,1,MOVING_TO_FIELD,Field_5,1,MOVING_TO_FIELD,Field_5,1,MOVING_TO_FIELD,Field_5,1,MOVING_TO_FIELD,Field_8,1,MOVING_TO_FIELD,Field_7,1,MOVING_TO_FIELD,Field_7,1,MOVING_TO_FIELD,Field_1,1,MOVING_TO_FIELD,Field_1,1,MOVING_TO_FIELD,Field_1,1,MOVING_TO_FIELD,Field_1,1,MOVING_TO_FIELD,Field_6,1,MOVING_TO_FIELD,Field_6,1,MOVING_TO_FIELD,Field_6,1,MOVING_TO_FIELD,Field_6,1,MOVING_TO_FIELD,Field_2,1,PROTECTING,Field_7,1,PROTECTING,Field_7,1,PROTECTING,Field_3,33,0.14,0,8,4,16,0.02,0,1,2,0,0.06,1,0,3,13,0.07,0,6,4,14,0.01,0,6,2,22,0.08,0,6,4,5,0.08,2,3,1,15,0.04,0,1,2,0,0.08,0,0,3,47,0.24,0,0,6,34,0.21,0,0,4,28,0.03,0,0,1,2,0.04,0,0,2,45,0.27,0,0,6,63,0.16,0,0,6,26,0.14,0,0,2,43,0.15,0,0,2,72,0.13,0,0,1,0,0.05,0,0,2,7,0.00,0,6,3
188,490,0,0,4,0,36,0,1,MOVING_TO_FIELD,Field_6,1,PROTECTING,Field_20,1,MOVING_TO_FIELD,Field_20,1,MOVING_TO_FIELD,Field_20,1,MOVING_TO_FIELD,Field_20,1,MOVING_TO_FIELD,Field_20,1,MOVING_TO_FIELD,Field_20,1,MOVING_TO_FIELD,Field_4,1,MOVING_TO_FIELD,Field_4,1,MOVING_TO_FIELD,Field_4,1,MOVING_TO_FIELD,Field_4,1,MOVING_TO_FIELD,Field_4,1,MOVING_TO_FIELD,Field_4,1,MOVING_TO_FIELD,Field_1,1,MOVING_TO_FIELD,Field_1,1,MOVING_TO_FIELD,Field_1,1,MOVING_TO_FIELD,Field_1,1,MOVING_TO_FIELD,Field_7,1,MOVING_TO_FIELD,Field_6,1,MOVING_TO_FIELD,Field_5,1,MOVING_TO_FIELD,Field_5,1,MOVING_TO_FIELD,Field_5,1,MOVING_TO_FIELD,Field_5,1,MOVING_TO_FIELD,Field_5,1,MOVING_TO_FIELD,Field_5,1,MOVING_TO_FIELD,Field_8,1,MOVING_TO_FIELD,Field_7,1,MOVING_TO_FIELD,Field_7,1,MOVING_TO_FIELD,Field_1,1,MOVING_TO_FIELD,Field_1,1,MOVING_TO_FIELD,Field_1,1,MOVING_TO_FIELD,Field_1,1,MOVING_TO_FIELD,Field_6,1,MOVING_TO_FIELD,Field_6,1,MOVING_TO_FIELD,Field_6,1,MOVING_TO_FIELD,Field_6,1,MOVING_TO_FIELD,Field_2,1,PROTECTING,Field_7,1,PROTECTING,Field_7,1,PROTECTING,Field_3,34,0.14,0,8,4,16,0.02,0,1,2,0,0.05,1,0,3,13,0.07,0,6,4,14,0.01,0,6,2,22,0.07,0,6,4,5,0.08,2,3,1,15,0.06,0,1,2,0,0.07,0,0,3,47,0.24,0,0,6,35,0.22,0,0,4,28,0.03,0,0,1,2,0.04,0,0,2,45,0.28,0,0,6,63,0.16,0,0,6,27,0.14,0,0,2,45,0.15,0,0,2,72,0.09,0,0,1,0,0.05,0,0,2,7,0.00,1,5,2
189,494,0,0,4,0,36,0,1,MOVING_TO_FIELD,Field_6,1,PROTECTING,Field_20,1,MOVING_TO_FIELD,Field_20,1,MOVING_TO_FIELD,Field_20,1,MOVING_TO_FIELD,Field_20,1,MOVING_TO_FIELD,Field_20,1,MOVING_TO_FIELD,Field_20,1,MOVING_TO_FIELD,Field_4,1,MOVING_TO_FIELD,Field_4,1,MOVING_TO_FIELD,Field_4,1,MOVING_TO_FIELD,Field_4,1,MOVING_TO_FIELD,Field_4,1,MOVING_TO_FIELD,Field_4,1,MOVING_TO_FIELD,Field_1,1,MOVING_TO_FIELD,Field_1,1,MOVING_TO_FIELD,Field_1,1,MOVING_TO_FIELD,Field_1,1,MOVING_TO_FIELD,Field_7,1,MOVING_TO_FIELD,Field_6,1,MOVING_TO_FIELD,Field_5,1,MOVING_TO_FIELD,Field_5,1,MOVING_TO_FIELD,Field_5,1,MOVING_TO_FIELD,Field_5,1,MOVING_TO_FIELD,Field_5,1,MOVING_TO_FIELD,Field_5,1,MOVING_TO_FIELD,Field_8,1,MOVING_TO_FIELD,Field_7,1,MOVING_TO_FIELD,Field_7,1,MOVING_TO_FIELD,Field_1,1,MOVING_TO_FIELD,Field_1,1,MOVING_TO_FIELD,Field_1,1,MOVING_TO_FIELD,Field_1,1,MOVING_TO_FIELD,Field_6,1,MOVING_TO_FIELD,Field_6,1,MOVING_TO_FIELD,Field_6,1,MOVING_TO_FIELD,Field_6,1,MOVING_TO_FIELD,Field_2,1,PROTECTING,Field_7,1,PROTECTING,Field_7,1,PROTECTING,Field_3,37,0.14,0,8,4,16,0.02,0,1,2,0,0.05,1,0,3,13,0.08,0,6,4,14,0.00,0,6,2,22,0.07,0,6,4,5,0.07,2,3,1,15,0.06,0,1,2,0,0.07,0,0,3,48,0.25,0,0,6,35,0.22,0,0,4,28,0.03,0,0,1,2,0.04,0,0,2,45,0.28,0,0,6,63,0.16,0,0,6,27,0.14,0,0,2,45,0.13,0,0,2,72,0.09,0,0,1,0,0.05,0,0,2,7,0.00,1,5,2
190,495,0,0,5,0,35,0,1,MOVING_TO_FIELD,Field_6,1,PROTECTING,Field_20,1,MOVING_TO_FIELD,Field_20,1,MOVING_TO_FIELD,Field_20,1,PROTECTING,Field_20,1,MOVING_TO_FIELD,Field_20,1,MOVING_TO_FIELD,Field_20,1,MOVING_TO_FIELD,Field_4,1,MOVING_TO_FIELD,Field_4,1,MOVING_TO_FIELD,Field_4,1,MOVING_TO_FIELD,Field_4,1,MOVING_TO_FIELD,Field_4,1,MOVING_TO_FIELD,Field_4,1,MOVING_TO_FIELD,Field_1,1,MOVING_TO_FIELD,Field_1,1,MOVING_TO_FIELD,Field_1,1,MOVING_TO_FIELD,Field_1,1,MOVING_TO_FIELD,Field_7,1,MOVING_TO_FIELD,Field_6,1,MOVING_TO_FIELD,Field_5,1,MOVING_TO_FIELD,Field_5,1,MOVING_TO_FIELD,Field_5,1,MOVING_TO_FIELD,Field_5,1,MOVING_TO_FIELD,Field_5,1,MOVING_TO_FIELD,Field_5,1,MOVING_TO_FIELD,Field_8,1,MOVING_TO_FIELD,Field_7,1,MOVING_TO_FIELD,Field_7,1,MOVING_TO_FIELD,Field_1,1,MOVING_TO_FIELD,Field_1,1,MOVING_TO_FIELD,Field_1,1,MOVING_TO_FIELD,Field_1,1,MOVING_TO_FIELD,Field_6,1,MOVING_TO_FIELD,Field_6,1,MOVING_TO_FIELD,Field_6,1,MOVING_TO_FIELD,Field_6,1,MOVING_TO_FIELD,Field_2,1,PROTECTING,Field_7,1,PROTECTING,Field_7,1,PROTECTING,Field_3,37,0.14,0,8,4,16,0.02,0,1,2,0,0.06,1,0,3,13,0.07,0,6,4,14,0.00,0,6,2,22,0.08,0,6,4,5,0.06,2,3,1,15,0.06,0,1,2,0,0.07,0,0,3,48,0.24,0,0,6,35,0.22,0,0,4,28,0.03,0,0,1,2,0.04,0,0,2,45,0.25,0,0,6,63,0.17,0,0,6,27,0.14,0,0,2,46,0.13,0,0,2,72,0.07,0,0,1,0,0.05,0,0,2,7,0.00,2,4,1
191,496,1,0,0,0,39,0,1,MOVING_TO_FIELD,Field_4,1,MOVING_TO_FIELD,Field_4,1,MOVING_TO_FIELD,Field_4,1,MOVING_TO_FIELD,Field_4,1,MOVING_TO_FIELD,Field_4,1,MOVING_TO_FIELD,Field_4,1,MOVING_TO_FIELD,Field_20,1,MOVING_TO_FIELD,Field_20,1,MOVING_TO_FIELD,Field_20,1,MOVING_TO_FIELD,Field_20,1,MOVING_TO_FIELD,Field_20,1,MOVING_TO_FIELD,Field_20,1,MOVING_TO_FIELD,Field_1,1,MOVING_TO_FIELD,Field_1,1,MOVING_TO_FIELD,Field_1,1,MOVING_TO_FIELD,Field_1,1,MOVING_TO_FIELD,Field_5,1,MOVING_TO_FIELD,Field_5,1,MOVING_TO_FIELD,Field_5,1,MOVING_TO_FIELD,Field_5,1,MOVING_TO_FIELD,Field_5,1,MOVING_TO_FIELD,Field_5,1,MOVING_TO_FIELD,Field_1,1,MOVING_TO_FIELD,Field_1,1,MOVING_TO_FIELD,Field_1,1,MOVING_TO_FIELD,Field_1,1,MOVING_TO_FIELD,Field_6,1,MOVING_TO_FIELD,Field_6,1,MOVING_TO_FIELD,Field_7,1,MOVING_TO_FIELD,Field_7,1,MOVING_TO_FIELD,Field_6,1,MOVING_TO_FIELD,Field_6,1,MOVING_TO_FIELD,Field_6,1,MOVING_TO_FIELD,Field_6,1,MOVING_TO_FIELD,Field_9,1,MOVING_TO_FIELD,Field_9,1,MOVING_TO_FIELD,Field_9,1,MOVING_TO_FIELD,Field_8,1,MOVING_TO_FIELD,Field_8,1,IDLE,,37,0.14,0,8,4,16,0.02,0,0,2,0,0.05,0,0,4,13,0.07,0,6,4,14,0.00,0,6,2,22,0.08,0,6,4,5,0.05,0,2,3,15,0.06,0,2,2,0,0.07,0,3,3,48,0.25,0,0,6,36,0.21,0,0,4,28,0.00,0,0,1,2,0.04,0,0,2,45,0.27,0,0,6,63,0.17,0,0,6,27,0.14,0,0,2,46,0.11,0,0,2,72,0.06,0,0,1,0,0.05,0,0,2,7,0.00,0,6,3
192,501,1,0,0,0,39,0,1,MOVING_TO_FIELD,Field_4,1,MOVING_TO_FIELD,Field_4,1,MOVING_TO_FIELD,Field_4,1,MOVING_TO_FIELD,Field_4,1,MOVING_TO_FIELD,Field_4,1,MOVING_TO_FIELD,Field_4,1,MOVING_TO_FIELD,Field_20,1,MOVING_TO_FIELD,Field_20,1,MOVING_TO_FIELD,Field_20,1,MOVING_TO_FIELD,Field_20,1,MOVING_TO_FIELD,Field_20,1,MOVING_TO_FIELD,Field_20,1,MOVING_TO_FIELD,Field_1,1,MOVING_TO_FIELD,Field_1,1,MOVING_TO_FIELD,Field_1,1,MOVING_TO_FIELD,Field_1,1,MOVING_TO_FIELD,Field_5,1,MOVING_TO_FIELD,Field_5,1,MOVING_TO_FIELD,Field_5,1,MOVING_TO_FIELD,Field_5,1,MOVING_TO_FIELD,Field_5,1,MOVING_TO_FIELD,Field_5,1,MOVING_TO_FIELD,Field_1,1,MOVING_TO_FIELD,Field_1,1,MOVING_TO_FIELD,Field_1,1,MOVING_TO_FIELD,Field_1,1,MOVING_TO_FIELD,Field_6,1,MOVING_TO_FIELD,Field_6,1,MOVING_TO_FIELD,Field_7,1,MOVING_TO_FIELD,Field_7,1,MOVING_TO_FIELD,Field_6,1,MOVING_TO_FIELD,Field_6,1,MOVING_TO_FIELD,Field_6,1,MOVING_TO_FIELD,Field_6,1,MOVING_TO_FIELD,Field_9,1,MOVING_TO_FIELD,Field_9,1,MOVING_TO_FIELD,Field_9,1,MOVING_TO_FIELD,Field_8,1,MOVING_TO_FIELD,Field_8,1,IDLE,,38,0.14,0,8,4,16,0.02,0,0,2,0,0.05,0,0,4,13,0.07,0,6,4,14,0.00,0,6,2,22,0.08,0,6,4,5,0.05,0,2,3,15,0.06,0,2,2,0,0.07,0,3,3,49,0.26,0,0,6,36,0.21,0,0,4,28,0.00,0,0,1,2,0.04,0,0,2,46,0.27,0,0,6,63,0.17,0,0,6,29,0.15,0,0,2,46,0.11,0,0,2,72,0.09,0,0,1,0,0.05,0,0,2,7,0.00,0,6,3
193,503,1,0,0,0,39,0,1,MOVING_TO_FIELD,Field_4,1,MOVING_TO_FIELD,Field_4,1,MOVING_TO_FIELD,Field_4,1,MOVING_TO_FIELD,Field_4,1,MOVING_TO_FIELD,Field_4,1,MOVING_TO_FIELD,Field_4,1,MOVING_TO_FIELD,Field_20,1,MOVING_TO_FIELD,Field_20,1,MOVING_TO_FIELD,Field_20,1,MOVING_TO_FIELD,Field_20,1,MOVING_TO_FIELD,Field_20,1,MOVING_TO_FIELD,Field_20,1,MOVING_TO_FIELD,Field_1,1,MOVING_TO_FIELD,Field_1,1,MOVING_TO_FIELD,Field_1,1,MOVING_TO_FIELD,Field_1,1,MOVING_TO_FIELD,Field_5,1,MOVING_TO_FIELD,Field_5,1,MOVING_TO_FIELD,Field_5,1,MOVING_TO_FIELD,Field_5,1,MOVING_TO_FIELD,Field_5,1,MOVING_TO_FIELD,Field_5,1,MOVING_TO_FIELD,Field_1,1,MOVING_TO_FIELD,Field_1,1,MOVING_TO_FIELD,Field_1,1,MOVING_TO_FIELD,Field_1,1,MOVING_TO_FIELD,Field_6,1,MOVING_TO_FIELD,Field_6,1,MOVING_TO_FIELD,Field_7,1,MOVING_TO_FIELD,Field_7,1,MOVING_TO_FIELD,Field_6,1,MOVING_TO_FIELD,Field_6,1,MOVING_TO_FIELD,Field_6,1,MOVING_TO_FIELD,Field_6,1,MOVING_TO_FIELD,Field_9,1,MOVING_TO_FIELD,Field_9,1,MOVING_TO_FIELD,Field_9,1,MOVING_TO_FIELD,Field_8,1,MOVING_TO_FIELD,Field_8,1,IDLE,,38,0.14,0,8,4,16,0.03,0,0,2,0,0.05,0,0,4,13,0.07,0,6,4,14,0.01,0,6,2,22,0.08,0,6,4,5,0.05,0,2,3,15,0.06,0,2,2,0,0.07,0,3,3,50,0.27,0,0,6,36,0.20,0,0,4,28,0.00,0,0,1,2,0.04,0,0,2,46,0.27,0,0,6,64,0.17,0,0,6,29,0.15,0,0,2,46,0.10,0,0,2,72,0.09,0,0,1,0,0.05,0,0,2,7,0.02,0,6,3
194,507,1,0,0,0,39,0,1,MOVING_TO_FIELD,Field_4,1,MOVING_TO_FIELD,Field_4,1,MOVING_TO_FIELD,Field_4,1,MOVING_TO_FIELD,Field_4,1,MOVING_TO_FIELD,Field_4,1,MOVING_TO_FIELD,Field_4,1,MOVING_TO_FIELD,Field_20,1,MOVING_TO_FIELD,Field_20,1,MOVING_TO_FIELD,Field_20,1,MOVING_TO_FIELD,Field_20,1,MOVING_TO_FIELD,Field_20,1,MOVING_TO_FIELD,Field_20,1,MOVING_TO_FIELD,Field_1,1,MOVING_TO_FIELD,Field_1,1,MOVING_TO_FIELD,Field_1,1,MOVING_TO_FIELD,Field_1,1,MOVING_TO_FIELD,Field_5,1,MOVING_TO_FIELD,Field_5,1,MOVING_TO_FIELD,Field_5,1,MOVING_TO_FIELD,Field_5,1,MOVING_TO_FIELD,Field_5,1,MOVING_TO_FIELD,Field_5,1,MOVING_TO_FIELD,Field_1,1,MOVING_TO_FIELD,Field_1,1,MOVING_TO_FIELD,Field_1,1,MOVING_TO_FIELD,Field_1,1,MOVING_TO_FIELD,Field_6,1,MOVING_TO_FIELD,Field_6,1,MOVING_TO_FIELD,Field_7,1,MOVING_TO_FIELD,Field_7,1,MOVING_TO_FIELD,Field_6,1,MOVING_TO_FIELD,Field_6,1,MOVING_TO_FIELD,Field_6,1,MOVING_TO_FIELD,Field_6,1,MOVING_TO_FIELD,Field_9,1,MOVING_TO_FIELD,Field_9,1,MOVING_TO_FIELD,Field_9,1,MOVING_TO_FIELD,Field_8,1,MOVING_TO_FIELD,Field_8,1,IDLE,,39,0.14,0,8,4,16,0.03,0,0,2,0,0.05,0,0,4,13,0.09,0,6,4,14,0.01,0,6,2,22,0.08,0,6,4,5,0.05,0,2,3,15,0.06,0,2,2,0,0.07,0,3,3,51,0.27,0,0,6,37,0.22,0,0,4,28,0.00,0,0,1,2,0.04,0,0,2,46,0.27,0,0,6,64,0.18,0,0,6,30,0.14,0,0,2,46,0.10,0,0,2,72,0.09,0,0,1,0,0.06,0,0,2,7,0.02,0,6,3
195,507,1,0,1,0,38,0,1,MOVING_TO_FIELD,Field_4,1,MOVING_TO_FIELD,Field_4,1,MOVING_TO_FIELD,Field_4,1,MOVING_TO_FIELD,Field_4,1,MOVING_TO_FIELD,Field_4,1,MOVING_TO_FIELD,Field_4,1,PROTECTING,Field_20,1,MOVING_TO_FIELD,Field_20,1,MOVING_TO_FIELD,Field_20,1,MOVING_TO_FIELD,Field_20,1,MOVING_TO_FIELD,Field_20,1,MOVING_TO_FIELD,Field_20,1,MOVING_TO_FIELD,Field_1,1,MOVING_TO_FIELD,Field_1,1,MOVING_TO_FIELD,Field_1,1,MOVING_TO_FIELD,Field_1,1,MOVING_TO_FIELD,Field_5,1,MOVING_TO_FIELD,Field_5,1,MOVING_TO_FIELD,Field_5,1,MOVING_TO_FIELD,Field_5,1,MOVING_TO_FIELD,Field_5,1,MOVING_TO_FIELD,Field_5,1,MOVING_TO_FIELD,Field_1,1,MOVING_TO_FIELD,Field_1,1,MOVING_TO_FIELD,Field_1,1,MOVING_TO_FIELD,Field_1,1,MOVING_TO_FIELD,Field_6,1,MOVING_TO_FIELD,Field_6,1,MOVING_TO_FIELD,Field_7,1,MOVING_TO_FIELD,Field_7,1,MOVING_TO_FIELD,Field_6,1,MOVING_TO_FIELD,Field_6,1,MOVING_TO_FIELD,Field_6,1,MOVING_TO_FIELD,Field_6,1,MOVING_TO_FIELD,Field_9,1,MOVING_TO_FIELD,Field_9,1,MOVING_TO_FIELD,Field_9,1,MOVING_TO_FIELD,Field_8,1,MOVING_TO_FIELD,Field_8,1,IDLE,,39,0.13,0,8,4,16,0.05,0,0,2,0,0.05,0,0,4,13,0.11,0,6,4,14,0.01,0,6,2,22,0.08,0,6,4,5,0.05,0,2,3,15,0.06,0,2,2,0,0.08,0,3,3,51,0.27,0,0,6,37,0.24,0,0,4,28,0.00,0,0,1,2,0.05,0,0,2,46,0.28,0,0,6,64,0.18,0,0,6,30,0.14,0,0,2,46,0.08,0,0,2,72,0.07,0,0,1,0,0.06,0,0,2,7,0.02,1,5,2
196,509,1,0,1,0,38,0,1,MOVING_TO_FIELD,Field_4,1,MOVING_TO_FIELD,Field_4,1,MOVING_TO_FIELD,Field_4,1,MOVING_TO_FIELD,Field_4,1,MOVING_TO_FIELD,Field_4,1,MOVING_TO_FIELD,Field_4,1,PROTECTING,Field_20,1,MOVING_TO_FIELD,Field_20,1,MOVING_TO_FIELD,Field_20,1,MOVING_TO_FIELD,Field_20,1,MOVING_TO_FIELD,Field_20,1,MOVING_TO_FIELD,Field_20,1,MOVING_TO_FIELD,Field_1,1,MOVING_TO_FIELD,Field_1,1,MOVING_TO_FIELD,Field_1,1,MOVING_TO_FIELD,Field_1,1,MOVING_TO_FIELD,Field_5,1,MOVING_TO_FIELD,Field_5,1,MOVING_TO_FIELD,Field_5,1,MOVING_TO_FIELD,Field_5,1,MOVING_TO_FIELD,Field_5,1,MOVING_TO_FIELD,Field_5,1,MOVING_TO_FIELD,Field_1,1,MOVING_TO_FIELD,Field_1,1,MOVING_TO_FIELD,Field_1,1,MOVING_TO_FIELD,Field_1,1,MOVING_TO_FIELD,Field_6,1,MOVING_TO_FIELD,Field_6,1,MOVING_TO_FIELD,Field_7,1,MOVING_TO_FIELD,Field_7,1,MOVING_TO_FIELD,Field_6,1,MOVING_TO_FIELD,Field_6,1,MOVING_TO_FIELD,Field_6,1,MOVING_TO_FIELD,Field_6,1,MOVING_TO_FIELD,Field_9,1,MOVING_TO_FIELD,Field_9,1,MOVING_TO_FIELD,Field_9,1,MOVING_TO_FIELD,Field_8,1,MOVING_TO_FIELD,Field_8,1,IDLE,,40,0.14,0,8,4,16,0.04,0,0,2,0,0.05,0,0,4,13,0.11,0,6,4,14,0.01,0,6,2,22,0.08,0,6,4,5,0.06,0,2,3,15,0.06,0,2,2,0,0.09,0,3,3,51,0.26,0,0,6,38,0.24,0,0,4,28,0.00,0,0,1,2,0.05,0,0,2,46,0.27,0,0,6,64,0.18,0,0,6,30,0.14,0,0,2,46,0.08,0,0,2,72,0.04,0,0,1,0,0.06,0,0,2,7,0.02,1,5,2
197,510,1,0,2,0,37,0,1,MOVING_TO_FIELD,Field_4,1,MOVING_TO_FIELD,Field_4,1,MOVING_TO_FIELD,Field_4,1,MOVING_TO_FIELD,Field_4,1,MOVING_TO_FIELD,Field_4,1,MOVING_TO_FIELD,Field_4,1,PROTECTING,Field_20,1,MOVING_TO_FIELD,Field_20,1,MOVING_TO_FIELD,Field_20,1,MOVING_TO_FIELD,Field_20,1,MOVING_TO_FIELD,Field_20,1,MOVING_TO_FIELD,Field_20,1,MOVING_TO_FIELD,Field_1,1,MOVING_TO_FIELD,Field_1,1,MOVING_TO_FIELD,Field_1,1,MOVING_TO_FIELD,Field_1,1,MOVING_TO_FIELD,Field_5,1,MOVING_TO_FIELD,Field_5,1,MOVING_TO_FIELD,Field_5,1,MOVING_TO_FIELD,Field_5,1,MOVING_TO_FIELD,Field_5,1,MOVING_TO_FIELD,Field_5,1,MOVING_TO_FIELD,Field_1,1,MOVING_TO_FIELD,Field_1,1,MOVING_TO_FIELD,Field_1,1,MOVING_TO_FIELD,Field_1,1,MOVING_TO_FIELD,Field_6,1,MOVING_TO_FIELD,Field_6,1,MOVING_TO_FIELD,Field_7,1,MOVING_TO_FIELD,Field_7,1,MOVING_TO_FIELD,Field_6,1,MOVING_TO_FIELD,Field_6,1,MOVING_TO_FIELD,Field_6,1,MOVING_TO_FIELD,Field_6,1,MOVING_TO_FIELD,Field_9,1,MOVING_TO_FIELD,Field_9,1,PROTECTING,Field_9,1,MOVING_TO_FIELD,Field_8,1,MOVING_TO_FIELD,Field_8,1,IDLE,,40,0.14,0,8,4,16,0.04,0,0,2,0,0.05,0,0,4,13,0.13,0,6,4,14,0.01,0,6,2,22,0.08,0,6,4,5,0.06,0,2,3,15,0.06,0,2,2,0,0.09,1,2,2,51,0.29,0,0,6,38,0.24,0,0,4,28,0.00,0,0,1,2,0.05,0,0,2,46,0.27,0,0,6,64,0.18,0,0,6,31,0.12,0,0,2,46,0.07,0,0,2,72,0.04,0,0,1,0,0.05,0,0,2,7,0.04,1,5,2
198,513,1,0,3,0,36,0,1,MOVING_TO_FIELD,Field_4,1,MOVING_TO_FIELD,Field_4,1,MOVING_TO_FIELD,Field_4,1,MOVING_TO_FIELD,Field_4,1,MOVING_TO_FIELD,Field_4,1,MOVING_TO_FIELD,Field_4,1,PROTECTING,Field_20,1,MOVING_TO_FIELD,Field_20,1,MOVING_TO_FIELD,Field_20,1,PROTECTING,Field_20,1,MOVING_TO_FIELD,Field_20,1,MOVING_TO_FIELD,Field_20,1,MOVING_TO_FIELD,Field_1,1,MOVING_TO_FIELD,Field_1,1,MOVING_TO_FIELD,Field_1,1,MOVING_TO_FIELD,Field_1,1,MOVING_TO_FIELD,Field_5,1,MOVING_TO_FIELD,Field_5,1,MOVING_TO_FIELD,Field_5,1,MOVING_TO_FIELD,Field_5,1,MOVING_TO_FIELD,Field_5,1,MOVING_TO_FIELD,Field_5,1,MOVING_TO_FIELD,Field_1,1,MOVING_TO_FIELD,Field_1,1,MOVING_TO_FIELD,Field_1,1,MOVING_TO_FIELD,Field_1,1,MOVING_TO_FIELD,Field_6,1,MOVING_TO_FIELD,Field_6,1,MOVING_TO_FIELD,Field_7,1,MOVING_TO_FIELD,Field_7,1,MOVING_TO_FIELD,Field_6,1,MOVING_TO_FIELD,Field_6,1,MOVING_TO_FIELD,Field_6,1,MOVING_TO_FIELD,Field_6,1,MOVING_TO_FIELD,Field_9,1,MOVING_TO_FIELD,Field_9,1,PROTECTING,Field_9,1,MOVING_TO_FIELD,Field_8,1,MOVING_TO_FIELD,Field_8,1,IDLE,,40,0.15,0,8,4,16,0.03,0,0,2,0,0.04,0,0,4,13,0.14,0,6,4,14,0.01,0,6,2,22,0.08,0,6,4,5,0.07,0,2,3,15,0.06,0,2,2,0,0.09,1,2,2,52,0.32,0,0,6,39,0.21,0,0,4,28,0.00,0,0,1,2,0.04,0,0,2,46,0.25,0,0,6,64,0.19,0,0,6,32,0.12,0,0,2,46,0.05,0,0,2,72,0.06,0,0,1,0,0.05,0,0,2,7,0.04,2,4,1
199,513,1,0,5,0,34,0,1,MOVING_TO_FIELD,Field_4,1,MOVING_TO_FIELD,Field_4,1,MOVING_TO_FIELD,Field_4,1,MOVING_TO_FIELD,Field_4,1,MOVING_TO_FIELD,Field_4,1,MOVING_TO_FIELD,Field_4,1,PROTECTING,Field_20,1,MOVING_TO_FIELD,Field_20,1,MOVING_TO_FIELD,Field_20,1,PROTECTING,Field_20,1,MOVING_TO_FIELD,Field_20,1,MOVING_TO_FIELD,Field_20,1,MOVING_TO_FIELD,Field_1,1,MOVING_TO_FIELD,Field_1,1,MOVING_TO_FIELD,Field_1,1,MOVING_TO_FIELD,Field_1,1,MOVING_TO_FIELD,Field_5,1,MOVING_TO_FIELD,Field_5,1,MOVING_TO_FIELD,Field_5,1,MOVING_TO_FIELD,Field_5,1,MOVING_TO_FIELD,Field_5,1,PROTECTING,Field_5,1,MOVING_TO_FIELD,Field_1,1,MOVING_TO_FIELD,Field_1,1,MOVING_TO_FIELD,Field_1,1,MOVING_TO_FIELD,Field_1,1,MOVING_TO_FIELD,Field_6,1,MOVING_TO_FIELD,Field_6,1,MOVING_TO_FIELD,Field_7,1,MOVING_TO_FIELD,Field_7,1,MOVING_TO_FIELD,Field_6,1,MOVING_TO_FIELD,Field_6,1,MOVING_TO_FIELD,Field_6,1,PROTECTING,Field_6,1,MOVING_TO_FIELD,Field_9,1,MOVING_TO_FIELD,Field_9,1,PROTECTING,Field_9,1,MOVING_TO_FIELD,Field_8,1,MOVING_TO_FIELD,Field_8,1,IDLE,,40,0.14,0,8,4,16,0.03,0,0,2,0,0.04,0,0,4,13,0.13,0,6,4,14,0.01,1,5,1,22,0.08,1,5,3,5,0.07,0,2,3,15,0.06,0,2,2,0,0.09,1,2,2,52,0.33,0,0,6,39,0.21,0,0,4,28,0.03,0,0,1,2,0.02,0,0,2,46,0.25,0,0,6,64,0.19,0,0,6,32,0.11,0,0,2,46,0.05,0,0,2,72,0.06,0,0,1,0,0.05,0,0,2,7,0.02,2,4,1
200,517,1,0,7,0,32,0,1,MOVING_TO_FIELD,Field_4,1,MOVING_TO_FIELD,Field_4,1,MOVING_TO_FIELD,Field_4,1,MOVING_TO_FIELD,Field_4,1,MOVING_TO_FIELD,Field_4,1,MOVING_TO_FIELD,Field_4,1,PROTECTING,Field_20,1,PROTECTING,Field_20,1,MOVING_TO_FIELD,Field_20,1,PROTECTING,Field_20,1,MOVING_TO_FIELD,Field_20,1,MOVING_TO_FIELD,Field_20,1,MOVING_TO_FIELD,Field_1,1,MOVING_TO_FIELD,Field_1,1,MOVING_TO_FIELD,Field_1,1,MOVING_TO_FIELD,Field_1,1,MOVING_TO_FIELD,Field_5,1,MOVING_TO_FIELD,Field_5,1,MOVING_TO_FIELD,Field_5,1,MOVING_TO_FIELD,Field_5,1,MOVING_TO_FIELD,Field_5,1,PROTECTING,Field_5,1,MOVING_TO_FIELD,Field_1,1,MOVING_TO_FIELD,Field_1,1,MOVING_TO_FIELD,Field_1,1,MOVING_TO_FIELD,Field_1,1,MOVING_TO_FIELD,Field_6,1,MOVING_TO_FIELD,Field_6,1,MOVING_TO_FIELD,Field_7,1,MOVING_TO_FIELD,Field_7,1,PROTECTING,Field_6,1,MOVING_TO_FIELD,Field_6,1,MOVING_TO_FIELD,Field_6,1,PROTECTING,Field_6,1,MOVING_TO_FIELD,Field_9,1,MOVING_TO_FIELD,Field_9,1,PROTECTING,Field_9,1,MOVING_TO_FIELD,Field_8,1,MOVING_TO_FIELD,Field_8,1,IDLE,,40,0.15,0,8,4,16,0.04,0,0,2,0,0.03,0,0,4,13,0.14,0,6,4,14,0.01,1,5,1,22,0.08,2,4,2,5,0.08,0,2,3,15,0.06,0,2,2,0,0.10,1,2,2,53,0.34,0,0,6,39,0.20,0,0,4,28,0.03,0,0,1,2,0.02,0,0,2,46,0.27,0,0,6,65,0.17,0,0,6,34,0.11,0,0,2,46,0.03,0,0,2,72,0.06,0,0,1,0,0.06,0,0,2,7,0.02,3,3,0
201,517,4,0,3,0,33,0,1,MOVING_TO_FIELD,Field_4,1,MOVING_TO_FIELD,Field_4,1,MOVING_TO_FIELD,Field_4,1,MOVING_TO_FIELD,Field_4,1,MOVING_TO_FIELD,Field_5,1,MOVING_TO_FIELD,Field_5,1,MOVING_TO_FIELD,Field_4,1,MOVING_TO_FIELD,Field_4,1,MOVING_TO_FIELD,Field_4,1,MOVING_TO_FIELD,Field_4,1,MOVING_TO_FIELD,Field_4,1,MOVING_TO_FIELD,Field_4,1,MOVING_TO_FIELD,Field_20,1,MOVING_TO_FIELD,Field_20,1,MOVING_TO_FIELD,Field_20,1,MOVING_TO_FIELD,Field_20,1,MOVING_TO_FIELD,Field_1,1,MOVING_TO_FIELD,Field_1,1,MOVING_TO_FIELD,Field_1,1,MOVING_TO_FIELD,Field_1,1,MOVING_TO_FIELD,Field_5,1,PROTECTING,Field_5,1,MOVING_TO_FIELD,Field_20,1,MOVING_TO_FIELD,Field_20,1,MOVING_TO_FIELD,Field_5,1,MOVING_TO_FIELD,Field_5,1,MOVING_TO_FIELD,Field_6,1,MOVING_TO_FIELD,Field_6,1,MOVING_TO_FIELD,Field_7,1,MOVING_TO_FIELD,Field_7,1,PROTECTING,Field_6,1,MOVING_TO_FIELD,Field_6,1,IDLE,,1,IDLE,,1,MOVING_TO_FIELD,Field_9,1,MOVING_TO_FIELD,Field_9,1,PROTECTING,Field_9,1,MOVING_TO_FIELD,Field_7,1,IDLE,,1,IDLE,,40,0.16,0,4,4,16,0.04,0,0,2,0,0.02,0,0,4,13,0.13,0,10,4,14,0.01,1,5,1,22,0.08,1,3,3,5,0.07,0,3,3,15,0.06,0,0,2,0,0.11,1,2,2,53,0.33,0,0,6,39,0.21,0,0,4,28,0.03,0,0,1,2,0.02,0,0,2,46,0.30,0,0,6,65,0.19,0,0,6,34,0.11,0,0,2,46,0.03,0,0,2,72,0.06,0,0,1,0,0.06,0,0,2,7,0.02,0,6,3
202,520,4,0,3,0,33,0,1,MOVING_TO_FIELD,Field_4,1,MOVING_TO_FIELD,Field_4,1,MOVING_TO_FIELD,Field_4,1,MOVING_TO_FIELD,Field_4,1,MOVING_TO_FIELD,Field_5,1,MOVING_TO_FIELD,Field_5,1,MOVING_TO_FIELD,Field_4,1,MOVING_TO_FIELD,Field_4,1,MOVING_TO_FIELD,Field_4,1,MOVING_TO_FIELD,Field_4,1,MOVING_TO_FIELD,Field_4,1,MOVING_TO_FIELD,Field_4,1,MOVING_TO_FIELD,Field_20,1,MOVING_TO_FIELD,Field_20,1,MOVING_TO_FIELD,Field_20,1,MOVING_TO_FIELD,Field_20,1,MOVING_TO_FIELD,Field_1,1,MOVING_TO_FIELD,Field_1,1,MOVING_TO_FIELD,Field_1,1,MOVING_TO_FIELD,Field_1,1,MOVING_TO_FIELD,Field_5,1,PROTECTING,Field_5,1,MOVING_TO_FIELD,Field_20,1,MOVING_TO_FIELD,Field_20,1,MOVING_TO_FIELD,Field_5,1,MOVING_TO_FIELD,Field_5,1,MOVING_TO_FIELD,Field_6,1,MOVING_TO_FIELD,Field_6,1,MOVING_TO_FIELD,Field_7,1,MOVING_TO_FIELD,Field_7,1,PROTECTING,Field_6,1,MOVING_TO_FIELD,Field_6,1,IDLE,,1,IDLE,,1,MOVING_TO_FIELD,Field_9,1,MOVING_TO_FIELD,Field_9,1,PROTECTING,Field_9,1,MOVING_TO_FIELD,Field_7,1,IDLE,,1,IDLE,,40,0.15,0,4,4,16,0.05,0,0,2,0,0.03,0,0,4,13,0.12,0,10,4,14,0.01,1,5,1,22,0.08,1,3,3,5,0.07,0,3,3,15,0.06,0,0,2,0,0.10,1,2,2,54,0.33,0,0,6,40,0.21,0,0,4,28,0.03,0,0,1,2,0.02,0,0,2,46,0.30,0,0,6,66,0.19,0,0,6,34,0.11,0,0,2,46,0.00,0,0,2,72,0.04,0,0,1,0,0.06,0,0,2,7,0.02,0,6,3
203,523,4,0,4,0,32,0,1,MOVING_TO_FIELD,Field_4,1,MOVING_TO_FIELD,Field_4,1,MOVING_TO_FIELD,Field_4,1,MOVING_TO_FIELD,Field_4,1,PROTECTING,Field_5,1,MOVING_TO_FIELD,Field_5,1,MOVING_TO_FIELD,Field_4,1,MOVING_TO_FIELD,Field_4,1,MOVING_TO_FIELD,Field_4,1,MOVING_TO_FIELD,Field_4,1,MOVING_TO_FIELD,Field_4,1,MOVING_TO_FIELD,Field_4,1,MOVING_TO_FIELD,Field_20,1,MOVING_TO_FIELD,Field_20,1,MOVING_TO_FIELD,Field_20,1,MOVING_TO_FIELD,Field_20,1,MOVING_TO_FIELD,Field_1,1,MOVING_TO_FIELD,Field_1,1,MOVING_TO_FIELD,Field_1,1,MOVING_TO_FIELD,Field_1,1,MOVING_TO_FIELD,Field_5,1,PROTECTING,Field_5,1,MOVING_TO_FIELD,Field_20,1,MOVING_TO_FIELD,Field_20,1,MOVING_TO_FIELD,Field_5,1,MOVING_TO_FIELD,Field_5,1,MOVING_TO_FIELD,Field_6,1,MOVING_TO_FIELD,Field_6,1,MOVING_TO_FIELD,Field_7,1,MOVING_TO_FIELD,Field_7,1,PROTECTING,Field_6,1,MOVING_TO_FIELD,Field_6,1,IDLE,,1,IDLE,,1,MOVING_TO_FIELD,Field_9,1,MOVING_TO_FIELD,Field_9,1,PROTECTING,Field_9,1,MOVING_TO_FIELD,Field_7,1,IDLE,,1,IDLE,,41,0.15,0,4,4,16,0.05,0,0,2,0,0.03,0,0,4,13,0.13,0,10,4,14,0.01,2,4,0,22,0.08,1,3,3,5,0.07,0,3,3,15,0.06,0,0,2,0,0.10,1,2,2,55,0.34,0,0,6,41,0.21,0,0,4,28,0.03,0,0,1,2,0.02,0,0,2,46,0.28,0,0,6,66,0.19,0,0,6,34,0.09,0,0,2,46,0.00,0,0,2,72,0.04,0,0,1,0,0.06,0,0,2,7,0.02,0,6,3
204,524,4,0,5,0,31,0,1,PROTECTING,Field_4,1,MOVING_TO_FIELD,Field_4,1,MOVING_TO_FIELD,Field_4,1,MOVING_TO_FIELD,Field_4,1,PROTECTING,Field_5,1,MOVING_TO_FIELD,Field_5,1,MOVING_TO_FIELD,Field_4,1,MOVING_TO_FIELD,Field_4,1,MOVING_TO_FIELD,Field_4,1,MOVING_TO_FIELD,Field_4,1,MOVING_TO_FIELD,Field_4,1,MOVING_TO_FIELD,Field_4,1,MOVING_TO_FIELD,Field_20,1,MOVING_TO_FIELD,Field_20,1,MOVING_TO_FIELD,Field_20,1,MOVING_TO_FIELD,Field_20,1,MOVING_TO_FIELD,Field_1,1,MOVING_TO_FIELD,Field_1,1,MOVING_TO_FIELD,Field_1,1,MOVING_TO_FIELD,Field_1,1,MOVING_TO_FIELD,Field_5,1,PROTECTING,Field_5,1,MOVING_TO_FIELD,Field_20,1,MOVING_TO_FIELD,Field_20,1,MOVING_TO_FIELD,Field_5,1,MOVING_TO_FIELD,Field_5,1,MOVING_TO_FIELD,Field_6,1,MOVING_TO_FIELD,Field_6,1,MOVING_TO_FIELD,Field_7,1,MOVING_TO_FIELD,Field_7,1,PROTECTING,Field_6,1,MOVING_TO_FIELD,Field_6,1,IDLE,,1,IDLE,,1,MOVING_TO_FIELD,Field_9,1,MOVING_TO_FIELD,Field_9,1,PROTECTING,Field_9,1,MOVING_TO_FIELD,Field_7,1,IDLE,,1,IDLE,,42,0.16,0,4,4,16,0.05,0,0,2,0,0.03,0,0,4,13,0.13,1,9,3,14,0.01,2,4,0,22,0.09,1,3,3,5,0.08,0,3,3,15,0.06,0,0,2,0,0.10,1,2,2,55,0.34,0,0,6,41,0.21,0,0,4,28,0.03,0,0,1,2,0.02,0,0,2,46,0.30,0,0,6,66,0.19,0,0,6,34,0.07,0,0,2,46,0.00,0,0,2,72,0.04,0,0,1,0,0.06,0,0,2,7,0.02,0,6,3
205,525,4,0,6,0,30,0,1,PROTECTING,Field_4,1,MOVING_TO_FIELD,Field_4,1,MOVING_TO_FIELD,Field_4,1,MOVING_TO_FIELD,Field_4,1,PROTECTING,Field_5,1,MOVING_TO_FIELD,Field_5,1,MOVING_TO_FIELD,Field_4,1,MOVING_TO_FIELD,Field_4,1,MOVING_TO_FIELD,Field_4,1,MOVING_TO_FIELD,Field_4,1,MOVING_TO_FIELD,Field_4,1,MOVING_TO_FIELD,Field_4,1,MOVING_TO_FIELD,Field_20,1,MOVING_TO_FIELD,Field_20,1,MOVING_TO_FIELD,Field_20,1,MOVING_TO_FIELD,Field_20,1,MOVING_TO_FIELD,Field_1,1,MOVING_TO_FIELD,Field_1,1,MOVING_TO_FIELD,Field_1,1,MOVING_TO_FIELD,Field_1,1,MOVING_TO_FIELD,Field_5,1,PROTECTING,Field_5,1,MOVING_TO_FIELD,Field_20,1,MOVING_TO_FIELD,Field_20,1,MOVING_TO_FIELD,Field_5,1,MOVING_TO_FIELD,Field_5,1,MOVING_TO_FIELD,Field_6,1,MOVING_TO_FIELD,Field_6,1,MOVING_TO_FIELD,Field_7,1,MOVING_TO_FIELD,Field_7,1,PROTECTING,Field_6,1,MOVING_TO_FIELD,Field_6,1,IDLE,,1,IDLE,,1,PROTECTING,Field_9,1,MOVING_TO_FIELD,Field_9,1,PROTECTING,Field_9,1,MOVING_TO_FIELD,Field_7,1,IDLE,,1,IDLE,,42,0.15,0,4,4,16,0.05,0,0,2,0,0.03,0,0,4,13,0.13,1,9,3,14,0.01,2,4,0,22,0.09,1,3,3,5,0.08,0,3,3,15,0.07,0,0,2,0,0.10,2,1,1,55,0.33,0,0,6,41,0.22,0,0,4,28,0.06,0,0,1,2,0.02,0,0,2,47,0.31,0,0,6,66,0.20,0,0,6,34,0.09,0,0,2,46,0.00,0,0,2,72,0.02,0,0,1,0,0.05,0,0,2,7,0.02,0,6,3
206,528,4,0,6,0,30,0,1,PROTECTING,Field_4,1,MOVING_TO_FIELD,Field_4,1,MOVING_TO_FIELD,Field_4,1,MOVING_TO_FIELD,Field_4,1,PROTECTING,Field_5,1,MOVING_TO_FIELD,Field_5,1,MOVING_TO_FIELD,Field_4,1,MOVING_TO_FIELD,Field_4,1,MOVING_TO_FIELD,Field_4,1,MOVING_TO_FIELD,Field_4,1,MOVING_TO_FIELD,Field_4,1,MOVING_TO_FIELD,Field_4,1,MOVING_TO_FIELD,Field_20,1,MOVING_TO_FIELD,Field_20,1,MOVING_TO_FIELD,Field_20,1,MOVING_TO_FIELD,Field_20,1,MOVING_TO_FIELD,Field_1,1,MOVING_TO_FIELD,Field_1,1,MOVING_TO_FIELD,Field_1,1,MOVING_TO_FIELD,Field_1,1,MOVING_TO_FIELD,Field_5,1,PROTECTING,Field_5,1,MOVING_TO_FIELD,Field_20,1,MOVING_TO_FIELD,Field_20,1,MOVING_TO_FIELD,Field_5,1,MOVING_TO_FIELD,Field_5,1,MOVING_TO_FIELD,Field_6,1,MOVING_TO_FIELD,Field_6,1,MOVING_TO_FIELD,Field_7,1,MOVING_TO_FIELD,Field_7,1,PROTECTING,Field_6,1,MOVING_TO_FIELD,Field_6,1,IDLE,,1,IDLE,,1,PROTECTING,Field_9,1,MOVING_TO_FIELD,Field_9,1,PROTECTING,Field_9,1,MOVING_TO_FIELD,Field_7,1,IDLE,,1,IDLE,,42,0.17,0,4,4,16,0.05,0,0,2,0,0.02,0,0,4,13,0.13,1,9,3,14,0.01,2,4,0,22,0.09,1,3,3,5,0.09,0,3,3,15,0.07,0,0,2,0,0.10,2,1,1,56,0.33,0,0,6,41,0.22,0,0,4,28,0.06,0,0,1,2,0.02,0,0,2,47,0.32,0,0,6,68,0.20,0,0,6,34,0.09,0,0,2,46,0.00,0,0,2,72,0.02,0,0,1,0,0.05,0,0,2,7,0.02,0,6,3
207,533,4,0,8,0,28,0,1,PROTECTING,Field_4,1,MOVING_TO_FIELD,Field_4,1,MOVING_TO_FIELD,Field_4,1,MOVING_TO_FIELD,Field_4,1,PROTECTING,Field_5,1,PROTECTING,Field_5,1,MOVING_TO_FIELD,Field_4,1,MOVING_TO_FIELD,Field_4,1,MOVING_TO_FIELD,Field_4,1,MOVING_TO_FIELD,Field_4,1,MOVING_TO_FIELD,Field_4,1,MOVING_TO_FIELD,Field_4,1,MOVING_TO_FIELD,Field_20,1,MOVING_TO_FIELD,Field_20,1,MOVING_TO_FIELD,Field_20,1,MOVING_TO_FIELD,Field_20,1,MOVING_TO_FIELD,Field_1,1,MOVING_TO_FIELD,Field_1,1,MOVING_TO_FIELD,Field_1,1,MOVING_TO_FIELD,Field_1,1,MOVING_TO_FIELD,Field_5,1,PROTECTING,Field_5,1,MOVING_TO_FIELD,Field_20,1,MOVING_TO_FIELD,Field_20,1,MOVING_TO_FIELD,Field_5,1,MOVING_TO_FIELD,Field_5,1,MOVING_TO_FIELD,Field_6,1,MOVING_TO_FIELD,Field_6,1,MOVING_TO_FIELD,Field_7,1,MOVING_TO_FIELD,Field_7,1,PROTECTING,Field_6,1,MOVING_TO_FIELD,Field_6,1,IDLE,,1,IDLE,,1,PROTECTING,Field_9,1,MOVING_TO_FIELD,Field_9,1,PROTECTING,Field_9,1,PROTECTING,Field_7,1,IDLE,,1,IDLE,,43,0.16,0,4,4,16,0.04,0,0,2,0,0.02,0,0,4,13,0.14,1,9,3,14,0.01,3,3,-1,22,0.08,1,3,3,5,0.09,1,2,2,15,0.07,0,0,2,0,0.09,2,1,1,59,0.32,0,0,6,41,0.25,0,0,4,28,0.06,0,0,1,2,0.02,0,0,2,48,0.34,0,0,6,68,0.19,0,0,6,34,0.09,0,0,2,46,0.00,0,0,2,72,0.02,0,0,1,0,0.05,0,0,2,7,0.02,0,6,3
208,534,4,0,9,0,27,0,1,PROTECTING,Field_4,1,MOVING_TO_FIELD,Field_4,1,MOVING_TO_FIELD,Field_4,1,MOVING_TO_FIELD,Field_4,1,PROTECTING,Field_5,1,PROTECTING,Field_5,1,MOVING_TO_FIELD,Field_4,1,MOVING_TO_FIELD,Field_4,1,MOVING_TO_FIELD,Field_4,1,MOVING_TO_FIELD,Field_4,1,MOVING_TO_FIELD,Field_4,1,MOVING_TO_FIELD,Field_4,1,MOVING_TO_FIELD,Field_20,1,MOVING_TO_FIELD,Field_20,1,MOVING_TO_FIELD,Field_20,1,MOVING_TO_FIELD,Field_20,1,MOVING_TO_FIELD,Field_1,1,MOVING_TO_FIELD,Field_1,1,MOVING_TO_FIELD,Field_1,1,MOVING_TO_FIELD,Field_1,1,MOVING_TO_FIELD,Field_5,1,PROTECTING,Field_5,1,MOVING_TO_FIELD,Field_20,1,MOVING_TO_FIELD,Field_20,1,MOVING_TO_FIELD,Field_5,1,MOVING_TO_FIELD,Field_5,1,MOVING_TO_FIELD,Field_6,1,PROTECTING,Field_6,1,MOVING_TO_FIELD,Field_7,1,MOVING_TO_FIELD,Field_7,1,PROTECTING,Field_6,1,MOVING_TO_FIELD,Field_6,1,IDLE,,1,IDLE,,1,PROTECTING,Field_9,1,MOVING_TO_FIELD,Field_9,1,PROTECTING,Field_9,1,PROTECTING,Field_7,1,IDLE,,1,IDLE,,43,0.16,0,4,4,16,0.04,0,0,2,0,0.02,0,0,4,13,0.14,1,9,3,14,0.01,3,3,-1,22,0.08,2,2,2,5,0.10,1,2,2,15,0.07,0,0,2,0,0.08,2,1,1,59,0.33,0,0,6,41,0.25,0,0,4,28,0.06,0,0,1,2,0.02,0,0,2,49,0.35,0,0,6,68,0.19,0,0,6,34,0.10,0,0,2,46,0.00,0,0,2,72,0.02,0,0,1,0,0.03,0,0,2,7,0.02,0,6,3
209,539,4,0,9,0,27,0,1,PROTECTING,Field_4,1,MOVING_TO_FIELD,Field_4,1,MOVING_TO_FIELD,Field_4,1,MOVING_TO_FIELD,Field_4,1,PROTECTING,Field_5,1,PROTECTING,Field_5,1,MOVING_TO_FIELD,Field_4,1,MOVING_TO_FIELD,Field_4,1,MOVING_TO_FIELD,Field_4,1,MOVING_TO_FIELD,Field_4,1,MOVING_TO_FIELD,Field_4,1,MOVING_TO_FIELD,Field_4,1,MOVING_TO_FIELD,Field_20,1,MOVING_TO_FIELD,Field_20,1,MOVING_TO_FIELD,Field_20,1,MOVING_TO_FIELD,Field_20,1,MOVING_TO_FIELD,Field_1,1,MOVING_TO_FIELD,Field_1,1,MOVING_TO_FIELD,Field_1,1,MOVING_TO_FIELD,Field_1,1,MOVING_TO_FIELD,Field_5,1,PROTECTING,Field_5,1,MOVING_TO_FIELD,Field_20,1,MOVING_TO_FIELD,Field_20,1,MOVING_TO_FIELD,Field_5,1,MOVING_TO_FIELD,Field_5,1,MOVING_TO_FIELD,Field_6,1,PROTECTING,Field_6,1,MOVING_TO_FIELD,Field_7,1,MOVING_TO_FIELD,Field_7,1,PROTECTING,Field_6,1,MOVING_TO_FIELD,Field_6,1,IDLE,,1,IDLE,,1,PROTECTING,Field_9,1,MOVING_TO_FIELD,Field_9,1,PROTECTING,Field_9,1,PROTECTING,Field_7,1,IDLE,,1,IDLE,,44,0.16,0,4,4,16,0.05,0,0,2,0,0.02,0,0,4,13,0.14,1,9,3,14,0.01,3,3,-1,22,0.08,2,2,2,6,0.11,1,2,2,15,0.07,0,0,2,0,0.09,2,1,1,62,0.32,0,0,6,41,0.25,0,0,4,28,0.06,0,0,1,2,0.02,0,0,2,49,0.34,0,0,6,68,0.18,0,0,6,34,0.09,0,0,2,46,0.00,0,0,2,72,0.02,0,0,1,0,0.03,0,0,2,7,0.02,0,6,3
210,542,4,0,9,0,27,0,1,PROTECTING,Field_4,1,MOVING_TO_FIELD,Field_4,1,MOVING_TO_FIELD,Field_4,1,MOVING_TO_FIELD,Field_4,1,PROTECTING,Field_5,1,PROTECTING,Field_5,1,MOVING_TO_FIELD,Field_4,1,MOVING_TO_FIELD,Field_4,1,MOVING_TO_FIELD,Field_4,1,MOVING_TO_FIELD,Field_4,1,MOVING_TO_FIELD,Field_4,1,MOVING_TO_FIELD,Field_4,1,MOVING_TO_FIELD,Field_20,1,MOVING_TO_FIELD,Field_20,1,MOVING_TO_FIELD,Field_20,1,MOVING_TO_FIELD,Field_20,1,MOVING_TO_FIELD,Field_1,1,MOVING_TO_FIELD,Field_1,1,MOVING_TO_FIELD,Field_1,1,MOVING_TO_FIELD,Field_1,1,MOVING_TO_FIELD,Field_5,1,PROTECTING,Field_5,1,MOVING_TO_FIELD,Field_20,1,MOVING_TO_FIELD,Field_20,1,MOVING_TO_FIELD,Field_5,1,MOVING_TO_FIELD,Field_5,1,MOVING_TO_FIELD,Field_6,1,PROTECTING,Field_6,1,MOVING_TO_FIELD,Field_7,1,MOVING_TO_FIELD,Field_7,1,PROTECTING,Field_6,1,MOVING_TO_FIELD,Field_6,1,IDLE,,1,IDLE,,1,PROTECTING,Field_9,1,MOVING_TO_FIELD,Field_9,1,PROTECTING,Field_9,1,PROTECTING,Field_7,1,IDLE,,1,IDLE,,47,0.16,0,4,4,16,0.07,0,0,2,0,0.02,0,0,4,13,0.13,1,9,3,14,0.01,3,3,-1,22,0.08,2,2,2,6,0.12,1,2,2,15,0.07,0,0,2,0,0.08,2,1,1,62,0.32,0,0,6,41,0.25,0,0,4,28,0.06,0,0,1,2,0.02,0,0,2,49,0.34,0,0,6,68,0.19,0,0,6,34,0.07,0,0,2,46,0.02,0,0,2,72,0.02,0,0,1,0,0.05,0,0,2,7,0.02,0,6,3
211,544,0,0,7,0,33,0,1,PROTECTING,Field_4,1,MOVING_TO_FIELD,Field_4,1,MOVING_TO_FIELD,Field_4,1,MOVING_TO_FIELD,Field_4,1,MOVING_TO_FIELD,Field_4,1,MOVING_TO_FIELD,Field_4,1,MOVING_TO_FIELD,Field_4,1,MOVING_TO_FIELD,Field_4,1,MOVING_TO_FIELD,Field_4,1,MOVING_TO_FIELD,Field_4,1,MOVING_TO_FIELD,Field_20,1,MOVING_TO_FIELD,Field_20,1,MOVING_TO_FIELD,Field_20,1,MOVING_TO_FIELD,Field_20,1,MOVING_TO_FIELD,Field_20,1,MOVING_TO_FIELD,Field_20,1,MOVING_TO_FIELD,Field_1,1,MOVING_TO_FIELD,Field_1,1,MOVING_TO_FIELD,Field_1,1,MOVING_TO_FIELD,Field_1,1,MOVING_TO_FIELD,Field_1,1,MOVING_TO_FIELD,Field_1,1,MOVING_TO_FIELD,Field_1,1,MOVING_TO_FIELD,Field_1,1,MOVING_TO_FIELD,Field_5,1,MOVING_TO_FIELD,Field_5,1,MOVING_TO_FIELD,Field_6,1,PROTECTING,Field_6,1,MOVING_TO_FIELD,Field_7,1,MOVING_TO_FIELD,Field_7,1,PROTECTING,Field_6,1,PROTECTING,Field_6,1,MOVING_TO_FIELD,Field_5,1,MOVING_TO_FIELD,Field_5,1,PROTECTING,Field_9,1,MOVING_TO_FIELD,Field_9,1,PROTECTING,Field_9,1,PROTECTING,Field_7,1,MOVING_TO_FIELD,Field_5,1,MOVING_TO_FIELD,Field_5,47,0.17,0,8,4,16,0.07,0,0,2,0,0.02,0,0,4,13,0.12,1,9,3,14,0.01,0,6,2,22,0.09,3,1,1,6,0.12,1,2,2,15,0.07,0,0,2,0,0.08,2,1,1,64,0.29,0,0,6,41,0.25,0,0,4,28,0.03,0,0,1,2,0.02,0,0,2,49,0.35,0,0,6,68,0.19,0,0,6,34,0.07,0,0,2,46,0.03,0,0,2,72,0.02,0,0,1,0,0.08,0,0,2,7,0.02,0,6,3
212,546,0,0,9,0,31,0,1,PROTECTING,Field_4,1,MOVING_TO_FIELD,Field_4,1,MOVING_TO_FIELD,Field_4,1,MOVING_TO_FIELD,Field_4,1,MOVING_TO_FIELD,Field_4,1,MOVING_TO_FIELD,Field_4,1,MOVING_TO_FIELD,Field_4,1,MOVING_TO_FIELD,Field_4,1,MOVING_TO_FIELD,Field_4,1,MOVING_TO_FIELD,Field_4,1,MOVING_TO_FIELD,Field_20,1,MOVING_TO_FIELD,Field_20,1,MOVING_TO_FIELD,Field_20,1,MOVING_TO_FIELD,Field_20,1,MOVING_TO_FIELD,Field_20,1,MOVING_TO_FIELD,Field_20,1,MOVING_TO_FIELD,Field_1,1,MOVING_TO_FIELD,Field_1,1,MOVING_TO_FIELD,Field_1,1,MOVING_TO_FIELD,Field_1,1,MOVING_TO_FIELD,Field_1,1,MOVING_TO_FIELD,Field_1,1,MOVING_TO_FIELD,Field_1,1,MOVING_TO_FIELD,Field_1,1,MOVING_TO_FIELD,Field_5,1,MOVING_TO_FIELD,Field_5,1,MOVING_TO_FIELD,Field_6,1,PROTECTING,Field_6,1,MOVING_TO_FIELD,Field_7,1,PROTECTING,Field_7,1,PROTECTING,Field_6,1,PROTECTING,Field_6,1,MOVING_TO_FIELD,Field_5,1,MOVING_TO_FIELD,Field_5,1,PROTECTING,Field_9,1,PROTECTING,Field_9,1,PROTECTING,Field_9,1,PROTECTING,Field_7,1,MOVING_TO_FIELD,Field_5,1,MOVING_TO_FIELD,Field_5,47,0.17,0,8,4,16,0.07,0,0,2,0,0.02,0,0,4,13,0.13,1,9,3,14,0.01,0,6,2,22,0.10,3,1,1,6,0.12,2,1,1,15,0.07,0,0,2,0,0.08,3,0,0,64,0.28,0,0,6,41,0.25,0,0,4,28,0.03,0,0,1,2,0.02,0,0,2,51,0.35,0,0,6,68,0.22,0,0,6,34,0.07,0,0,2,46,0.03,0,0,2,72,0.02,0,0,1,0,0.08,0,0,2,7,0.02,0,6,3
213,549,0,0,11,0,29,0,1,PROTECTING,Field_4,1,MOVING_TO_FIELD,Field_4,1,MOVING_TO_FIELD,Field_4,1,MOVING_TO_FIELD,Field_4,1,MOVING_TO_FIELD,Field_4,1,MOVING_TO_FIELD,Field_4,1,MOVING_TO_FIELD,Field_4,1,MOVING_TO_FIELD,Field_4,1,MOVING_TO_FIELD,Field_4,1,MOVING_TO_FIELD,Field_4,1,MOVING_TO_FIELD,Field_20,1,MOVING_TO_FIELD,Field_20,1,MOVING_TO_FIELD,Field_20,1,MOVING_TO_FIELD,Field_20,1,MOVING_TO_FIELD,Field_20,1,MOVING_TO_FIELD,Field_20,1,PROTECTING,Field_1,1,MOVING_TO_FIELD,Field_1,1,PROTECTING,Field_1,1,MOVING_TO_FIELD,Field_1,1,MOVING_TO_FIELD,Field_1,1,MOVING_TO_FIELD,Field_1,1,MOVING_TO_FIELD,Field_1,1,MOVING_TO_FIELD,Field_1,1,MOVING_TO_FIELD,Field_5,1,MOVING_TO_FIELD,Field_5,1,MOVING_TO_FIELD,Field_6,1,PROTECTING,Field_6,1,MOVING_TO_FIELD,Field_7,1,PROTECTING,Field_7,1,PROTECTING,Field_6,1,PROTECTING,Field_6,1,MOVING_TO_FIELD,Field_5,1,MOVING_TO_FIELD,Field_5,1,PROTECTING,Field_9,1,PROTECTING,Field_9,1,PROTECTING,Field_9,1,PROTECTING,Field_7,1,MOVING_TO_FIELD,Field_5,1,MOVING_TO_FIELD,Field_5,48,0.16,2,6,2,16,0.07,0,0,2,0,0.01,0,0,4,13,0.10,1,9,3,14,0.01,0,6,2,22,0.10,3,1,1,7,0.11,2,1,1,15,0.09,0,0,2,0,0.09,3,0,0,65,0.28,0,0,6,41,0.22,0,0,4,28,0.03,0,0,1,2,0.02,0,0,2,51,0.34,0,0,6,68,0.22,0,0,6,34,0.09,0,0,2,46,0.05,0,0,2,72,0.02,0,0,1,0,0.08,0,0,2,7,0.02,0,6,3
214,550,0,0,12,0,28,0,1,PROTECTING,Field_4,1,MOVING_TO_FIELD,Field_4,1,MOVING_TO_FIELD,Field_4,1,MOVING_TO_FIELD,Field_4,1,MOVING_TO_FIELD,Field_4,1,MOVING_TO_FIELD,Field_4,1,MOVING_TO_FIELD,Field_4,1,MOVING_TO_FIELD,Field_4,1,MOVING_TO_FIELD,Field_4,1,MOVING_TO_FIELD,Field_4,1,MOVING_TO_FIELD,Field_20,1,MOVING_TO_FIELD,Field_20,1,MOVING_TO_FIELD,Field_20,1,MOVING_TO_FIELD,Field_20,1,MOVING_TO_FIELD,Field_20,1,MOVING_TO_FIELD,Field_20,1,PROTECTING,Field_1,1,MOVING_TO_FIELD,Field_1,1,PROTECTING,Field_1,1,MOVING_TO_FIELD,Field_1,1,MOVING_TO_FIELD,Field_1,1,MOVING_TO_FIELD,Field_1,1,MOVING_TO_FIELD,Field_1,1,MOVING_TO_FIELD,Field_1,1,MOVING_TO_FIELD,Field_5,1,MOVING_TO_FIELD,Field_5,1,PROTECTING,Field_6,1,PROTECTING,Field_6,1,MOVING_TO_FIELD,Field_7,1,PROTECTING,Field_7,1,PROTECTING,Field_6,1,PROTECTING,Field_6,1,MOVING_TO_FIELD,Field_5,1,MOVING_TO_FIELD,Field_5,1,PROTECTING,Field_9,1,PROTECTING,Field_9,1,PROTECTING,Field_9,1,PROTECTING,Field_7,1,MOVING_TO_FIELD,Field_5,1,MOVING_TO_FIELD,Field_5,48,0.15,2,6,2,16,0.07,0,0,2,0,0.01,0,0,4,13,0.11,1,9,3,14,0.01,0,6,2,22,0.11,4,0,0,7,0.12,2,1,1,15,0.09,0,0,2,0,0.10,3,0,0,65,0.28,0,0,6,42,0.22,0,0,4,28,0.03,0,0,1,2,0.04,0,0,2,51,0.31,0,0,6,68,0.22,0,0,6,34,0.10,0,0,2,46,0.05,0,0,2,72,0.02,0,0,1,0,0.08,0,0,2,7,0.02,0,6,3
215,554,0,0,12,0,28,0,1,PROTECTING,Field_4,1,MOVING_TO_FIELD,Field_4,1,MOVING_TO_FIELD,Field_4,1,MOVING_TO_FIELD,Field_4,1,MOVING_TO_FIELD,Field_4,1,MOVING_TO_FIELD,Field_4,1,MOVING_TO_FIELD,Field_4,1,MOVING_TO_FIELD,Field_4,1,MOVING_TO_FIELD,Field_4,1,MOVING_TO_FIELD,Field_4,1,MOVING_TO_FIELD,Field_20,1,MOVING_TO_FIELD,Field_20,1,MOVING_TO_FIELD,Field_20,1,MOVING_TO_FIELD,Field_20,1,MOVING_TO_FIELD,Field_20,1,MOVING_TO_FIELD,Field_20,1,PROTECTING,Field_1,1,MOVING_TO_FIELD,Field_1,1,PROTECTING,Field_1,1,MOVING_TO_FIELD,Field_1,1,MOVING_TO_FIELD,Field_1,1,MOVING_TO_FIELD,Field_1,1,MOVING_TO_FIELD,Field_1,1,MOVING_TO_FIELD,Field_1,1,MOVING_TO_FIELD,Field_5,1,MOVING_TO_FIELD,Field_5,1,PROTECTING,Field_6,1,PROTECTING,Field_6,1,MOVING_TO_FIELD,Field_7,1,PROTECTING,Field_7,1,PROTECTING,Field_6,1,PROTECTING,Field_6,1,MOVING_TO_FIELD,Field_5,1,MOVING_TO_FIELD,Field_5,1,PROTECTING,Field_9,1,PROTECTING,Field_9,1,PROTECTING,Field_9,1,PROTECTING,Field_7,1,MOVING_TO_FIELD,Field_5,1,MOVING_TO_FIELD,Field_5,48,0.15,2,6,2,16,0.05,0,0,2,0,0.01,0,0,4,13,0.11,1,9,3,14,0.00,0,6,2,22,0.11,4,0,0,7,0.11,2,1,1,15,0.09,0,0,2,0,0.09,3,0,0,66,0.27,0,0,6,45,0.22,0,0,4,28,0.03,0,0,1,2,0.04,0,0,2,51,0.31,0,0,6,68,0.21,0,0,6,34,0.11,0,0,2,46,0.05,0,0,2,72,0.00,0,0,1,0,0.06,0,0,2,7,0.02,0,6,3
216,559,0,0,13,0,27,0,1,PROTECTING,Field_4,1,MOVING_TO_FIELD,Field_4,1,MOVING_TO_FIELD,Field_4,1,MOVING_TO_FIELD,Field_4,1,MOVING_TO_FIELD,Field_4,1,MOVING_TO_FIELD,Field_4,1,MOVING_TO_FIELD,Field_4,1,MOVING_TO_FIELD,Field_4,1,MOVING_TO_FIELD,Field_4,1,MOVING_TO_FIELD,Field_4,1,MOVING_TO_FIELD,Field_20,1,MOVING_TO_FIELD,Field_20,1,MOVING_TO_FIELD,Field_20,1,MOVING_TO_FIELD,Field_20,1,MOVING_TO_FIELD,Field_20,1,MOVING_TO_FIELD,Field_20,1,PROTECTING,Field_1,1,MOVING_TO_FIELD,Field_1,1,PROTECTING,Field_1,1,MOVING_TO_FIELD,Field_1,1,MOVING_TO_FIELD,Field_1,1,MOVING_TO_FIELD,Field_1,1,MOVING_TO_FIELD,Field_1,1,MOVING_TO_FIELD,Field_1,1,MOVING_TO_FIELD,Field_5,1,MOVING_TO_FIELD,Field_5,1,PROTECTING,Field_6,1,PROTECTING,Field_6,1,PROTECTING,Field_7,1,PROTECTING,Field_7,1,PROTECTING,Field_6,1,PROTECTING,Field_6,1,MOVING_TO_FIELD,Field_5,1,MOVING_TO_FIELD,Field_5,1,PROTECTING,Field_9,1,PROTECTING,Field_9,1,PROTECTING,Field_9,1,PROTECTING,Field_7,1,MOVING_TO_FIELD,Field_5,1,MOVING_TO_FIELD,Field_5,48,0.15,2,6,2,16,0.05,0,0,2,0,0.02,0,0,4,14,0.11,1,9,3,14,0.00,0,6,2,22,0.11,4,0,0,7,0.09,3,0,0,15,0.09,0,0,2,0,0.09,3,0,0,67,0.28,0,0,6,46,0.22,0,0,4,28,0.03,0,0,1,2,0.04,0,0,2,53,0.31,0,0,6,68,0.20,0,0,6,34,0.12,0,0,2,46,0.05,0,0,2,72,0.00,0,0,1,0,0.06,0,0,2,7,0.02,0,6,3
217,559,0,0,14,0,26,0,1,PROTECTING,Field_4,1,MOVING_TO_FIELD,Field_4,1,MOVING_TO_FIELD,Field_4,1,MOVING_TO_FIELD,Field_4,1,MOVING_TO_FIELD,Field_4,1,MOVING_TO_FIELD,Field_4,1,MOVING_TO_FIELD,Field_4,1,MOVING_TO_FIELD,Field_4,1,MOVING_TO_FIELD,Field_4,1,MOVING_TO_FIELD,Field_4,1,MOVING_TO_FIELD,Field_20,1,MOVING_TO_FIELD,Field_20,1,MOVING_TO_FIELD,Field_20,1,MOVING_TO_FIELD,Field_20,1,MOVING_TO_FIELD,Field_20,1,MOVING_TO_FIELD,Field_20,1,PROTECTING,Field_1,1,MOVING_TO_FIELD,Field_1,1,PROTECTING,Field_1,1,PROTECTING,Field_1,1,MOVING_TO_FIELD,Field_1,1,MOVING_TO_FIELD,Field_1,1,MOVING_TO_FIELD,Field_1,1,MOVING_TO_FIELD,Field_1,1,MOVING_TO_FIELD,Field_5,1,MOVING_TO_FIELD,Field_5,1,PROTECTING,Field_6,1,PROTECTING,Field_6,1,PROTECTING,Field_7,1,PROTECTING,Field_7,1,PROTECTING,Field_6,1,PROTECTING,Field_6,1,MOVING_TO_FIELD,Field_5,1,MOVING_TO_FIELD,Field_5,1,PROTECTING,Field_9,1,PROTECTING,Field_9,1,PROTECTING,Field_9,1,PROTECTING,Field_7,1,MOVING_TO_FIELD,Field_5,1,MOVING_TO_FIELD,Field_5,48,0.16,3,5,1,16,0.05,0,0,2,0,0.02,0,0,4,14,0.11,1,9,3,14,0.00,0,6,2,22,0.11,4,0,0,7,0.09,3,0,0,15,0.09,0,0,2,0,0.08,3,0,0,67,0.27,0,0,6,46,0.24,0,0,4,28,0.03,0,0,1,2,0.04,0,0,2,53,0.31,0,0,6,68,0.20,0,0,6,34,0.11,0,0,2,46,0.05,0,0,2,72,0.00,0,0,1,0,0.05,0,0,2,7,0.02,0,6,3
218,560,0,0,14,0,26,0,1,PROTECTING,Field_4,1,MOVING_TO_FIELD,Field_4,1,MOVING_TO_FIELD,Field_4,1,MOVING_TO_FIELD,Field_4,1,MOVING_TO_FIELD,Field_4,1,MOVING_TO_FIELD,Field_4,1,MOVING_TO_FIELD,Field_4,1,MOVING_TO_FIELD,Field_4,1,MOVING_TO_FIELD,Field_4,1,MOVING_TO_FIELD,Field_4,1,MOVING_TO_FIELD,Field_20,1,MOVING_TO_FIELD,Field_20,1,MOVING_TO_FIELD,Field_20,1,MOVING_TO_FIELD,Field_20,1,MOVING_TO_FIELD,Field_20,1,MOVING_TO_FIELD,Field_20,1,PROTECTING,Field_1,1,MOVING_TO_FIELD,Field_1,1,PROTECTING,Field_1,1,PROTECTING,Field_1,1,MOVING_TO_FIELD,Field_1,1,MOVING_TO_FIELD,Field_1,1,MOVING_TO_FIELD,Field_1,1,MOVING_TO_FIELD,Field_1,1,MOVING_TO_FIELD,Field_5,1,MOVING_TO_FIELD,Field_5,1,PROTECTING,Field_6,1,PROTECTING,Field_6,1,PROTECTING,Field_7,1,PROTECTING,Field_7,1,PROTECTING,Field_6,1,PROTECTING,Field_6,1,MOVING_TO_FIELD,Field_5,1,MOVING_TO_FIELD,Field_5,1,PROTECTING,Field_9,1,PROTECTING,Field_9,1,PROTECTING,Field_9,1,PROTECTING,Field_7,1,MOVING_TO_FIELD,Field_5,1,MOVING_TO_FIELD,Field_5,48,0.17,3,5,1,16,0.08,0,0,2,0,0.02,0,0,4,14,0.11,1,9,3,14,0.00,0,6,2,22,0.11,4,0,0,7,0.09,3,0,0,15,0.09,0,0,2,0,0.08,3,0,0,67,0.29,0,0,6,47,0.24,0,0,4,28,0.03,0,0,1,2,0.04,0,0,2,53,0.32,0,0,6,68,0.20,0,0,6,34,0.11,0,0,2,46,0.07,0,0,2,72,0.00,0,0,1,0,0.06,0,0,2,7,0.02,0,6,3
219,561,0,0,15,0,25,0,1,PROTECTING,Field_4,1,MOVING_TO_FIELD,Field_4,1,PROTECTING,Field_4,1,MOVING_TO_FIELD,Field_4,1,MOVING_TO_FIELD,Field_4,1,MOVING_TO_FIELD,Field_4,1,MOVING_TO_FIELD,Field_4,1,MOVING_TO_FIELD,Field_4,1,MOVING_TO_FIELD,Field_4,1,MOVING_TO_FIELD,Field_4,1,MOVING_TO_FIELD,Field_20,1,MOVING_TO_FIELD,Field_20,1,MOVING_TO_FIELD,Field_20,1,MOVING_TO_FIELD,Field_20,1,MOVING_TO_FIELD,Field_20,1,MOVING_TO_FIELD,Field_20,1,PROTECTING,Field_1,1,MOVING_TO_FIELD,Field_1,1,PROTECTING,Field_1,1,PROTECTING,Field_1,1,MOVING_TO_FIELD,Field_1,1,MOVING_TO_FIELD,Field_1,1,MOVING_TO_FIELD,Field_1,1,MOVING_TO_FIELD,Field_1,1,MOVING_TO_FIELD,Field_5,1,MOVING_TO_FIELD,Field_5,1,PROTECTING,Field_6,1,PROTECTING,Field_6,1,PROTECTING,Field_7,1,PROTECTING,Field_7,1,PROTECTING,Field_6,1,PROTECTING,Field_6,1,MOVING_TO_FIELD,Field_5,1,MOVING_TO_FIELD,Field_5,1,PROTECTING,Field_9,1,PROTECTING,Field_9,1,PROTECTING,Field_9,1,PROTECTING,Field_7,1,MOVING_TO_FIELD,Field_5,1,MOVING_TO_FIELD,Field_5,48,0.17,3,5,1,16,0.09,0,0,2,0,0.02,0,0,4,14,0.10,2,8,2,14,0.00,0,6,2,22,0.11,4,0,0,7,0.08,3,0,0,15,0.09,0,0,2,0,0.08,3,0,0,67,0.32,0,0,6,47,0.24,0,0,4,28,0.06,0,0,1,2,0.04,0,0,2,54,0.32,0,0,6,68,0.20,0,0,6,34,0.12,0,0,2,46,0.07,0,0,2,72,0.00,0,0,1,0,0.06,0,0,2,7,0.02,0,6,3
220,562,0,0,15,0,25,0,1,PROTECTING,Field_4,1,MOVING_TO_FIELD,Field_4,1,PROTECTING,Field_4,1,MOVING_TO_FIELD,Field_4,1,MOVING_TO_FIELD,Field_4,1,MOVING_TO_FIELD,Field_4,1,MOVING_TO_FIELD,Field_4,1,MOVING_TO_FIELD,Field_4,1,MOVING_TO_FIELD,Field_4,1,MOVING_TO_FIELD,Field_4,1,MOVING_TO_FIELD,Field_20,1,MOVING_TO_FIELD,Field_20,1,MOVING_TO_FIELD,Field_20,1,MOVING_TO_FIELD,Field_20,1,MOVING_TO_FIELD,Field_20,1,MOVING_TO_FIELD,Field_20,1,PROTECTING,Field_1,1,MOVING_TO_FIELD,Field_1,1,PROTECTING,Field_1,1,PROTECTING,Field_1,1,MOVING_TO_FIELD,Field_1,1,MOVING_TO_FIELD,Field_1,1,MOVING_TO_FIELD,Field_1,1,MOVING_TO_FIELD,Field_1,1,MOVING_TO_FIELD,Field_5,1,MOVING_TO_FIELD,Field_5,1,PROTECTING,Field_6,1,PROTECTING,Field_6,1,PROTECTING,Field_7,1,PROTECTING,Field_7,1,PROTECTING,Field_6,1,PROTECTING,Field_6,1,MOVING_TO_FIELD,Field_5,1,MOVING_TO_FIELD,Field_5,1,PROTECTING,Field_9,1,PROTECTING,Field_9,1,PROTECTING,Field_9,1,PROTECTING,Field_7,1,MOVING_TO_FIELD,Field_5,1,MOVING_TO_FIELD,Field_5,48,0.17,3,5,1,16,0.09,0,0,2,0,0.02,0,0,4,14,0.10,2,8,2,14,0.00,0,6,2,22,0.10,4,0,0,7,0.05,3,0,0,15,0.07,0,0,2,0,0.09,3,0,0,68,0.32,0,0,6,47,0.24,0,0,4,28,0.09,0,0,1,2,0.04,0,0,2,54,0.31,0,0,6,68,0.20,0,0,6,34,0.12,0,0,2,46,0.07,0,0,2,72,0.00,0,0,1,0,0.06,0,0,2,7,0.02,0,6,3
221,562,0,0,12,0,28,0,1,PROTECTING,Field_4,1,MOVING_TO_FIELD,Field_4,1,PROTECTING,Field_4,1,MOVING_TO_FIELD,Field_4,1,MOVING_TO_FIELD,Field_20,1,MOVING_TO_FIELD,Field_20,1,MOVING_TO_FIELD,Field_20,1,MOVING_TO_FIELD,Field_20,1,MOVING_TO_FIELD,Field_20,1,MOVING_TO_FIELD,Field_20,1,MOVING_TO_FIELD,Field_4,1,MOVING_TO_FIELD,Field_4,1,MOVING_TO_FIELD,Field_4,1,MOVING_TO_FIELD,Field_4,1,MOVING_TO_FIELD,Field_4,1,MOVING_TO_FIELD,Field_4,1,PROTECTING,Field_1,1,MOVING_TO_FIELD,Field_1,1,PROTECTING,Field_1,1,PROTECTING,Field_1,1,MOVING_TO_FIELD,Field_1,1,MOVING_TO_FIELD,Field_1,1,MOVING_TO_FIELD,Field_1,1,MOVING_TO_FIELD,Field_1,1,MOVING_TO_FIELD,Field_5,1,MOVING_TO_FIELD,Field_5,1,PROTECTING,Field_6,1,PROTECTING,Field_6,1,MOVING_TO_FIELD,Field_6,1,MOVING_TO_FIELD,Field_6,1,PROTECTING,Field_6,1,PROTECTING,Field_6,1,MOVING_TO_FIELD,Field_5,1,MOVING_TO_FIELD,Field_5,1,PROTECTING,Field_9,1,PROTECTING,Field_9,1,MOVING_TO_FIELD,Field_8,1,MOVING_TO_FIELD,Field_2,1,PROTECTING,Field_5,1,MOVING_TO_FIELD,Field_5,48,0.16,3,5,1,16,0.09,0,1,2,0,0.02,0,0,4,14,0.10,2,8,2,14,0.00,1,5,1,22,0.10,4,2,0,7,0.05,0,0,3,15,0.07,0,1,2,0,0.08,2,0,1,68,0.31,0,0,6,47,0.24,0,0,4,28,0.09,0,0,1,2,0.04,0,0,2,54,0.31,0,0,6,68,0.20,0,0,6,34,0.11,0,0,2,46,0.07,0,0,2,72,0.00,0,0,1,0,0.06,0,0,2,7,0.02,0,6,3
222,562,0,0,12,0,28,0,1,PROTECTING,Field_4,1,MOVING_TO_FIELD,Field_4,1,PROTECTING,Field_4,1,MOVING_TO_FIELD,Field_4,1,MOVING_TO_FIELD,Field_20,1,MOVING_TO_FIELD,Field_20,1,MOVING_TO_FIELD,Field_20,1,MOVING_TO_FIELD,Field_20,1,MOVING_TO_FIELD,Field_20,1,MOVING_TO_FIELD,Field_20,1,MOVING_TO_FIELD,Field_4,1,MOVING_TO_FIELD,Field_4,1,MOVING_TO_FIELD,Field_4,1,MOVING_TO_FIELD,Field_4,1,MOVING_TO_FIELD,Field_4,1,MOVING_TO_FIELD,Field_4,1,PROTECTING,Field_1,1,MOVING_TO_FIELD,Field_1,1,PROTECTING,Field_1,1,PROTECTING,Field_1,1,MOVING_TO_FIELD,Field_1,1,MOVING_TO_FIELD,Field_1,1,MOVING_TO_FIELD,Field_1,1,MOVING_TO_FIELD,Field_1,1,MOVING_TO_FIELD,Field_5,1,MOVING_TO_FIELD,Field_5,1,PROTECTING,Field_6,1,PROTECTING,Field_6,1,MOVING_TO_FIELD,Field_6,1,MOVING_TO_FIELD,Field_6,1,PROTECTING,Field_6,1,PROTECTING,Field_6,1,MOVING_TO_FIELD,Field_5,1,MOVING_TO_FIELD,Field_5,1,PROTECTING,Field_9,1,PROTECTING,Field_9,1,MOVING_TO_FIELD,Field_8,1,MOVING_TO_FIELD,Field_2,1,PROTECTING,Field_5,1,MOVING_TO_FIELD,Field_5,48,0.16,3,5,1,16,0.09,0,1,2,0,0.02,0,0,4,14,0.10,2,8,2,14,0.00,1,5,1,22,0.09,4,2,0,7,0.05,0,0,3,15,0.07,0,1,2,0,0.06,2,0,1,68,0.32,0,0,6,47,0.24,0,0,4,28,0.09,0,0,1,2,0.04,0,0,2,54,0.31,0,0,6,68,0.19,0,0,6,34,0.09,0,0,2,46,0.07,0,0,2,72,0.00,0,0,1,0,0.06,0,0,2,7,0.02,0,6,3
223,564,0,0,12,0,28,0,1,PROTECTING,Field_4,1,MOVING_TO_FIELD,Field_4,1,PROTECTING,Field_4,1,MOVING_TO_FIELD,Field_4,1,MOVING_TO_FIELD,Field_20,1,MOVING_TO_FIELD,Field_20,1,MOVING_TO_FIELD,Field_20,1,MOVING_TO_FIELD,Field_20,1,MOVING_TO_FIELD,Field_20,1,MOVING_TO_FIELD,Field_20,1,MOVING_TO_FIELD,Field_4,1,MOVING_TO_FIELD,Field_4,1,MOVING_TO_FIELD,Field_4,1,MOVING_TO_FIELD,Field_4,1,MOVING_TO_FIELD,Field_4,1,MOVING_TO_FIELD,Field_4,1,PROTECTING,Field_1,1,MOVING_TO_FIELD,Field_1,1,PROTECTING,Field_1,1,PROTECTING,Field_1,1,MOVING_TO_FIELD,Field_1,1,MOVING_TO_FIELD,Field_1,1,MOVING_TO_FIELD,Field_1,1,MOVING_TO_FIELD,Field_1,1,MOVING_TO_FIELD,Field_5,1,MOVING_TO_FIELD,Field_5,1,PROTECTING,Field_6,1,PROTECTING,Field_6,1,MOVING_TO_FIELD,Field_6,1,MOVING_TO_FIELD,Field_6,1,PROTECTING,Field_6,1,PROTECTING,Field_6,1,MOVING_TO_FIELD,Field_5,1,MOVING_TO_FIELD,Field_5,1,PROTECTING,Field_9,1,PROTECTING,Field_9,1,MOVING_TO_FIELD,Field_8,1,MOVING_TO_FIELD,Field_2,1,PROTECTING,Field_5,1,MOVING_TO_FIELD,Field_5,48,0.16,3,5,1,16,0.10,0,1,2,0,0.03,0,0,4,14,0.10,2,8,2,14,0.00,1,5,1,22,0.09,4,2,0,7,0.05,0,0,3,15,0.07,0,1,2,0,0.06,2,0,1,68,0.33,0,0,6,47,0.22,0,0,4,28,0.09,0,0,1,2,0.04,0,0,2,55,0.30,0,0,6,69,0.20,0,0,6,34,0.09,0,0,2,46,0.07,0,0,2,72,0.00,0,0,1,0,0.08,0,0,2,7,0.02,0,6,3
224,566,0,0,12,0,28,0,1,PROTECTING,Field_4,1,MOVING_TO_FIELD,Field_4,1,PROTECTING,Field_4,1,MOVING_TO_FIELD,Field_4,1,MOVING_TO_FIELD,Field_20,1,MOVING_TO_FIELD,Field_20,1,MOVING_TO_FIELD,Field_20,1,MOVING_TO_FIELD,Field_20,1,MOVING_TO_FIELD,Field_20,1,MOVING_TO_FIELD,Field_20,1,MOVING_TO_FIELD,Field_4,1,MOVING_TO_FIELD,Field_4,1,MOVING_TO_FIELD,Field_4,1,MOVING_TO_FIELD,Field_4,1,MOVING_TO_FIELD,Field_4,1,MOVING_TO_FIELD,Field_4,1,PROTECTING,Field_1,1,MOVING_TO_FIELD,Field_1,1,PROTECTING,Field_1,1,PROTECTING,Field_1,1,MOVING_TO_FIELD,Field_1,1,MOVING_TO_FIELD,Field_1,1,MOVING_TO_FIELD,Field_1,1,MOVING_TO_FIELD,Field_1,1,MOVING_TO_FIELD,Field_5,1,MOVING_TO_FIELD,Field_5,1,PROTECTING,Field_6,1,PROTECTING,Field_6,1,MOVING_TO_FIELD,Field_6,1,MOVING_TO_FIELD,Field_6,1,PROTECTING,Field_6,1,PROTECTING,Field_6,1,MOVING_TO_FIELD,Field_5,1,MOVING_TO_FIELD,Field_5,1,PROTECTING,Field_9,1,PROTECTING,Field_9,1,MOVING_TO_FIELD,Field_8,1,MOVING_TO_FIELD,Field_2,1,PROTECTING,Field_5,1,MOVING_TO_FIELD,Field_5,48,0.16,3,5,1,16,0.10,0,1,2,0,0.04,0,0,4,14,0.10,2,8,2,14,0.00,1,5,1,22,0.08,4,2,0,7,0.05,0,0,3,16,0.07,0,1,2,0,0.04,2,0,1,68,0.34,0,0,6,47,0.24,0,0,4,28,0.12,0,0,1,2,0.04,0,0,2,55,0.30,0,0,6,70,0.20,0,0,6,34,0.09,0,0,2,46,0.07,0,0,2,72,0.00,0,0,1,0,0.10,0,0,2,7,0.02,0,6,3
225,570,0,0,13,0,27,0,1,PROTECTING,Field_4,1,MOVING_TO_FIELD,Field_4,1,PROTECTING,Field_4,1,MOVING_TO_FIELD,Field_4,1,MOVING_TO_FIELD,Field_20,1,MOVING_TO_FIELD,Field_20,1,MOVING_TO_FIELD,Field_20,1,MOVING_TO_FIELD,Field_20,1,MOVING_TO_FIELD,Field_20,1,MOVING_TO_FIELD,Field_20,1,MOVING_TO_FIELD,Field_4,1,MOVING_TO_FIELD,Field_4,1,MOVING_TO_FIELD,Field_4,1,MOVING_TO_FIELD,Field_4,1,MOVING_TO_FIELD,Field_4,1,MOVING_TO_FIELD,Field_4,1,PROTECTING,Field_1,1,MOVING_TO_FIELD,Field_1,1,PROTECTING,Field_1,1,PROTECTING,Field_1,1,MOVING_TO_FIELD,Field_1,1,MOVING_TO_FIELD,Field_1,1,PROTECTING,Field_1,1,MOVING_TO_FIELD,Field_1,1,MOVING_TO_FIELD,Field_5,1,MOVING_TO_FIELD,Field_5,1,PROTECTING,Field_6,1,PROTECTING,Field_6,1,MOVING_TO_FIELD,Field_6,1,MOVING_TO_FIELD,Field_6,1,PROTECTING,Field_6,1,PROTECTING,Field_6,1,MOVING_TO_FIELD,Field_5,1,MOVING_TO_FIELD,Field_5,1,PROTECTING,Field_9,1,PROTECTING,Field_9,1,MOVING_TO_FIELD,Field_8,1,MOVING_TO_FIELD,Field_2,1,PROTECTING,Field_5,1,MOVING_TO_FIELD,Field_5,48,0.15,4,4,0,16,0.08,0,1,2,0,0.04,0,0,4,14,0.11,2,8,2,14,0.00,1,5,1,22,0.08,4,2,0,7,0.04,0,0,3,17,0.07,0,1,2,0,0.04,2,0,1,70,0.33,0,0,6,47,0.25,0,0,4,28,0.12,0,0,1,2,0.04,0,0,2,55,0.28,0,0,6,71,0.20,0,0,6,34,0.09,0,0,2,46,0.07,0,0,2,72,0.00,0,0,1,0,0.10,0,0,2,7,0.02,0,6,3
226,571,0,0,14,0,26,0,1,PROTECTING,Field_4,1,MOVING_TO_FIELD,Field_4,1,PROTECTING,Field_4,1,MOVING_TO_FIELD,Field_4,1,MOVING_TO_FIELD,Field_20,1,MOVING_TO_FIELD,Field_20,1,MOVING_TO_FIELD,Field_20,1,MOVING_TO_FIELD,Field_20,1,MOVING_TO_FIELD,Field_20,1,MOVING_TO_FIELD,Field_20,1,MOVING_TO_FIELD,Field_4,1,MOVING_TO_FIELD,Field_4,1,MOVING_TO_FIELD,Field_4,1,MOVING_TO_FIELD,Field_4,1,MOVING_TO_FIELD,Field_4,1,MOVING_TO_FIELD,Field_4,1,PROTECTING,Field_1,1,MOVING_TO_FIELD,Field_1,1,PROTECTING,Field_1,1,PROTECTING,Field_1,1,MOVING_TO_FIELD,Field_1,1,MOVING_TO_FIELD,Field_1,1,PROTECTING,Field_1,1,PROTECTING,Field_1,1,MOVING_TO_FIELD,Field_5,1,MOVING_TO_FIELD,Field_5,1,PROTECTING,Field_6,1,PROTECTING,Field_6,1,MOVING_TO_FIELD,Field_6,1,MOVING_TO_FIELD,Field_6,1,PROTECTING,Field_6,1,PROTECTING,Field_6,1,MOVING_TO_FIELD,Field_5,1,MOVING_TO_FIELD,Field_5,1,PROTECTING,Field_9,1,PROTECTING,Field_9,1,MOVING_TO_FIELD,Field_8,1,MOVING_TO_FIELD,Field_2,1,PROTECTING,Field_5,1,MOVING_TO_FIELD,Field_5,48,0.15,5,3,-1,16,0.07,0,1,2,0,0.03,0,0,4,14,0.10,2,8,2,14,0.01,1,5,1,22,0.07,4,2,0,7,0.04,0,0,3,17,0.06,0,1,2,0,0.04,2,0,1,71,0.31,0,0,6,47,0.26,0,0,4,28,0.12,0,0,1,2,0.04,0,0,2,55,0.28,0,0,6,71,0.20,0,0,6,34,0.09,0,0,2,46,0.07,0,0,2,72,0.00,0,0,1,0,0.10,0,0,2,7,0.02,0,6,3
227,573,0,0,16,0,24,0,1,PROTECTING,Field_4,1,PROTECTING,Field_4,1,PROTECTING,Field_4,1,MOVING_TO_FIELD,Field_4,1,MOVING_TO_FIELD,Field_20,1,MOVING_TO_FIELD,Field_20,1,MOVING_TO_FIELD,Field_20,1,MOVING_TO_FIELD,Field_20,1,MOVING_TO_FIELD,Field_20,1,MOVING_TO_FIELD,Field_20,1,MOVING_TO_FIELD,Field_4,1,MOVING_TO_FIELD,Field_4,1,MOVING_TO_FIELD,Field_4,1,MOVING_TO_FIELD,Field_4,1,MOVING_TO_FIELD,Field_4,1,MOVING_TO_FIELD,Field_4,1,PROTECTING,Field_1,1,MOVING_TO_FIELD,Field_1,1,PROTECTING,Field_1,1,PROTECTING,Field_1,1,MOVING_TO_FIELD,Field_1,1,MOVING_TO_FIELD,Field_1,1,PROTECTING,Field_1,1,PROTECTING,Field_1,1,MOVING_TO_FIELD,Field_5,1,PROTECTING,Field_5,1,PROTECTING,Field_6,1,PROTECTING,Field_6,1,MOVING_TO_FIELD,Field_6,1,MOVING_TO_FIELD,Field_6,1,PROTECTING,Field_6,1,PROTECTING,Field_6,1,MOVING_TO_FIELD,Field_5,1,MOVING_TO_FIELD,Field_5,1,PROTECTING,Field_9,1,PROTECTING,Field_9,1,MOVING_TO_FIELD,Field_8,1,MOVING_TO_FIELD,Field_2,1,PROTECTING,Field_5,1,MOVING_TO_FIELD,Field_5,48,0.13,5,3,-1,16,0.07,0,1,2,0,0.03,0,0,4,14,0.10,3,7,1,14,0.00,2,4,0,22,0.05,4,2,0,7,0.04,0,0,3,17,0.06,0,1,2,0,0.04,2,0,1,71,0.33,0,0,6,47,0.24,0,0,4,29,0.12,0,0,1,2,0.04,0,0,2,55,0.28,0,0,6,72,0.20,0,0,6,34,0.09,0,0,2,46,0.07,0,0,2,72,0.00,0,0,1,0,0.10,0,0,2,7,0.02,0,6,3
228,577,0,0,17,0,23,0,1,PROTECTING,Field_4,1,PROTECTING,Field_4,1,PROTECTING,Field_4,1,MOVING_TO_FIELD,Field_4,1,MOVING_TO_FIELD,Field_20,1,MOVING_TO_FIELD,Field_20,1,MOVING_TO_FIELD,Field_20,1,MOVING_TO_FIELD,Field_20,1,MOVING_TO_FIELD,Field_20,1,MOVING_TO_FIELD,Field_20,1,MOVING_TO_FIELD,Field_4,1,MOVING_TO_FIELD,Field_4,1,MOVING_TO_FIELD,Field_4,1,MOVING_TO_FIELD,Field_4,1,MOVING_TO_FIELD,Field_4,1,MOVING_TO_FIELD,Field_4,1,PROTECTING,Field_1,1,PROTECTING,Field_1,1,PROTECTING,Field_1,1,PROTECTING,Field_1,1,MOVING_TO_FIELD,Field_1,1,MOVING_TO_FIELD,Field_1,1,PROTECTING,Field_1,1,PROTECTING,Field_1,1,MOVING_TO_FIELD,Field_5,1,PROTECTING,Field_5,1,PROTECTING,Field_6,1,PROTECTING,Field_6,1,MOVING_TO_FIELD,Field_6,1,MOVING_TO_FIELD,Field_6,1,PROTECTING,Field_6,1,PROTECTING,Field_6,1,MOVING_TO_FIELD,Field_5,1,MOVING_TO_FIELD,Field_5,1,PROTECTING,Field_9,1,PROTECTING,Field_9,1,MOVING_TO_FIELD,Field_8,1,MOVING_TO_FIELD,Field_2,1,PROTECTING,Field_5,1,MOVING_TO_FIELD,Field_5,48,0.12,6,2,-2,16,0.08,0,1,2,0,0.04,0,0,4,14,0.10,3,7,1,14,0.00,2,4,0,22,0.05,4,2,0,7,0.04,0,0,3,17,0.06,0,1,2,0,0.04,2,0,1,73,0.33,0,0,6,48,0.22,0,0,4,29,0.12,0,0,1,2,0.04,0,0,2,55,0.27,0,0,6,72,0.20,0,0,6,35,0.10,0,0,2,46,0.07,0,0,2,72,0.00,0,0,1,0,0.06,0,0,2,7,0.02,0,6,3
229,579,0,0,19,0,21,0,1,PROTECTING,Field_4,1,PROTECTING,Field_4,1,PROTECTING,Field_4,1,PROTECTING,Field_4,1,MOVING_TO_FIELD,Field_20,1,MOVING_TO_FIELD,Field_20,1,MOVING_TO_FIELD,Field_20,1,MOVING_TO_FIELD,Field_20,1,MOVING_TO_FIELD,Field_20,1,MOVING_TO_FIELD,Field_20,1,MOVING_TO_FIELD,Field_4,1,MOVING_TO_FIELD,Field_4,1,MOVING_TO_FIELD,Field_4,1,MOVING_TO_FIELD,Field_4,1,MOVING_TO_FIELD,Field_4,1,MOVING_TO_FIELD,Field_4,1,PROTECTING,Field_1,1,PROTECTING,Field_1,1,PROTECTING,Field_1,1,PROTECTING,Field_1,1,MOVING_TO_FIELD,Field_1,1,MOVING_TO_FIELD,Field_1,1,PROTECTING,Field_1,1,PROTECTING,Field_1,1,MOVING_TO_FIELD,Field_5,1,PROTECTING,Field_5,1,PROTECTING,Field_6,1,PROTECTING,Field_6,1,MOVING_TO_FIELD,Field_6,1,MOVING_TO_FIELD,Field_6,1,PROTECTING,Field_6,1,PROTECTING,Field_6,1,MOVING_TO_FIELD,Field_5,1,MOVING_TO_FIELD,Field_5,1,PROTECTING,Field_9,1,PROTECTING,Field_9,1,PROTECTING,Field_8,1,MOVING_TO_FIELD,Field_2,1,PROTECTING,Field_5,1,MOVING_TO_FIELD,Field_5,48,0.12,6,2,-2,16,0.10,0,1,2,0,0.03,0,0,4,14,0.10,4,6,0,14,0.01,2,4,0,22,0.04,4,2,0,7,0.05,0,0,3,17,0.07,1,0,1,0,0.04,2,0,1,74,0.32,0,0,6,49,0.21,0,0,4,29,0.12,0,0,1,2,0.04,0,0,2,55,0.27,0,0,6,72,0.20,0,0,6,35,0.09,0,0,2,46,0.07,0,0,2,72,0.00,0,0,1,0,0.06,0,0,2,7,0.02,0,6,3
230,579,0,0,19,0,21,0,1,PROTECTING,Field_4,1,PROTECTING,Field_4,1,PROTECTING,Field_4,1,PROTECTING,Field_4,1,MOVING_TO_FIELD,Field_20,1,MOVING_TO_FIELD,Field_20,1,MOVING_TO_FIELD,Field_20,1,MOVING_TO_FIELD,Field_20,1,MOVING_TO_FIELD,Field_20,1,MOVING_TO_FIELD,Field_20,1,MOVING_TO_FIELD,Field_4,1,MOVING_TO_FIELD,Field_4,1,MOVING_TO_FIELD,Field_4,1,MOVING_TO_FIELD,Field_4,1,MOVING_TO_FIELD,Field_4,1,MOVING_TO_FIELD,Field_4,1,PROTECTING,Field_1,1,PROTECTING,Field_1,1,PROTECTING,Field_1,1,PROTECTING,Field_1,1,MOVING_TO_FIELD,Field_1,1,MOVING_TO_FIELD,Field_1,1,PROTECTING,Field_1,1,PROTECTING,Field_1,1,MOVING_TO_FIELD,Field_5,1,PROTECTING,Field_5,1,PROTECTING,Field_6,1,PROTECTING,Field_6,1,MOVING_TO_FIELD,Field_6,1,MOVING_TO_FIELD,Field_6,1,PROTECTING,Field_6,1,PROTECTING,Field_6,1,MOVING_TO_FIELD,Field_5,1,MOVING_TO_FIELD,Field_5,1,PROTECTING,Field_9,1,PROTECTING,Field_9,1,PROTECTING,Field_8,1,MOVING_TO_FIELD,Field_2,1,PROTECTING,Field_5,1,MOVING_TO_FIELD,Field_5,48,0.11,6,2,-2,16,0.10,0,1,2,0,0.02,0,0,4,14,0.11,4,6,0,14,0.01,2,4,0,22,0.03,4,2,0,7,0.05,0,0,3,17,0.07,1,0,1,0,0.04,2,0,1,74,0.31,0,0,6,49,0.21,0,0,4,29,0.12,0,0,1,2,0.04,0,0,2,55,0.27,0,0,6,72,0.19,0,0,6,35,0.07,0,0,2,46,0.07,0,0,2,72,0.00,0,0,1,0,0.06,0,0,2,7,0.02,0,6,3
231,581,0,0,2,0,38,0,1,MOVING_TO_FIELD,Field_20,1,MOVING_TO_FIELD,Field_20,1,MOVING_TO_FIELD,Field_20,1,MOVING_TO_FIELD,Field_20,1,MOVING_TO_FIELD,Field_4,1,MOVING_TO_FIELD,Field_4,1,MOVING_TO_FIELD,Field_4,1,MOVING_TO_FIELD,Field_4,1,MOVING_TO_FIELD,Field_4,1,MOVING_TO_FIELD,Field_4,1,MOVING_TO_FIELD,Field_20,1,MOVING_TO_FIELD,Field_20,1,MOVING_TO_FIELD,Field_1,1,MOVING_TO_FIELD,Field_1,1,MOVING_TO_FIELD,Field_1,1,MOVING_TO_FIELD,Field_1,1,MOVING_TO_FIELD,Field_5,1,MOVING_TO_FIELD,Field_5,1,MOVING_TO_FIELD,Field_5,1,MOVING_TO_FIELD,Field_5,1,MOVING_TO_FIELD,Field_5,1,MOVING_TO_FIELD,Field_5,1,PROTECTING,Field_1,1,PROTECTING,Field_1,1,MOVING_TO_FIELD,Field_1,1,MOVING_TO_FIELD,Field_1,1,MOVING_TO_FIELD,Field_4,1,MOVING_TO_FIELD,Field_4,1,MOVING_TO_FIELD,Field_4,1,MOVING_TO_FIELD,Field_4,1,MOVING_TO_FIELD,Field_2,1,MOVING_TO_FIELD,Field_2,1,MOVING_TO_FIELD,Field_2,1,MOVING_TO_FIELD,Field_8,1,MOVING_TO_FIELD,Field_8,1,MOVING_TO_FIELD,Field_6,1,MOVING_TO_FIELD,Field_6,1,MOVING_TO_FIELD,Field_7,1,MOVING_TO_FIELD,Field_7,1,MOVING_TO_FIELD,Field_9,48,0.11,2,6,2,16,0.10,0,3,2,0,0.03,0,0,4,14,0.11,0,10,4,14,0.01,0,6,2,22,0.03,0,2,4,7,0.05,0,2,3,17,0.07,0,2,2,0,0.06,0,1,3,74,0.29,0,0,6,49,0.21,0,0,4,29,0.12,0,0,1,2,0.02,0,0,2,55,0.27,0,0,6,74,0.19,0,0,6,35,0.07,0,0,2,46,0.08,0,0,2,72,0.00,0,0,1,0,0.06,0,0,2,7,0.00,0,6,3
232,586,0,0,2,0,38,0,1,MOVING_TO_FIELD,Field_20,1,MOVING_TO_FIELD,Field_20,1,MOVING_TO_FIELD,Field_20,1,MOVING_TO_FIELD,Field_20,1,MOVING_TO_FIELD,Field_4,1,MOVING_TO_FIELD,Field_4,1,MOVING_TO_FIELD,Field_4,1,MOVING_TO_FIELD,Field_4,1,MOVING_TO_FIELD,Field_4,1,MOVING_TO_FIELD,Field_4,1,MOVING_TO_FIELD,Field_20,1,MOVING_TO_FIELD,Field_20,1,MOVING_TO_FIELD,Field_1,1,MOVING_TO_FIELD,Field_1,1,MOVING_TO_FIELD,Field_1,1,MOVING_TO_FIELD,Field_1,1,MOVING_TO_FIELD,Field_5,1,MOVING_TO_FIELD,Field_5,1,MOVING_TO_FIELD,Field_5,1,MOVING_TO_FIELD,Field_5,1,MOVING_TO_FIELD,Field_5,1,MOVING_TO_FIELD,Field_5,1,PROTECTING,Field_1,1,PROTECTING,Field_1,1,MOVING_TO_FIELD,Field_1,1,MOVING_TO_FIELD,Field_1,1,MOVING_TO_FIELD,Field_4,1,MOVING_TO_FIELD,Field_4,1,MOVING_TO_FIELD,Field_4,1,MOVING_TO_FIELD,Field_4,1,MOVING_TO_FIELD,Field_2,1,MOVING_TO_FIELD,Field_2,1,MOVING_TO_FIELD,Field_2,1,MOVING_TO_FIELD,Field_8,1,MOVING_TO_FIELD,Field_8,1,MOVING_TO_FIELD,Field_6,1,MOVING_TO_FIELD,Field_6,1,MOVING_TO_FIELD,Field_7,1,MOVING_TO_FIELD,Field_7,1,MOVING_TO_FIELD,Field_9,48,0.11,2,6,2,17,0.10,0,3,2,0,0.03,0,0,4,14,0.11,0,10,4,14,0.01,0,6,2,22,0.03,0,2,4,7,0.05,0,2,3,17,0.07,0,2,2,0,0.07,0,1,3,75,0.29,0,0,6,51,0.21,0,0,4,29,0.12,0,0,1,2,0.02,0,0,2,55,0.28,0,0,6,75,0.19,0,0,6,35,0.07,0,0,2,46,0.08,0,0,2,72,0.00,0,0,1,0,0.06,0,0,2,7,0.00,0,6,3
233,589,0,0,2,0,38,0,1,MOVING_TO_FIELD,Field_20,1,MOVING_TO_FIELD,Field_20,1,MOVING_TO_FIELD,Field_20,1,MOVING_TO_FIELD,Field_20,1,MOVING_TO_FIELD,Field_4,1,MOVING_TO_FIELD,Field_4,1,MOVING_TO_FIELD,Field_4,1,MOVING_TO_FIELD,Field_4,1,MOVING_TO_FIELD,Field_4,1,MOVING_TO_FIELD,Field_4,1,MOVING_TO_FIELD,Field_20,1,MOVING_TO_FIELD,Field_20,1,MOVING_TO_FIELD,Field_1,1,MOVING_TO_FIELD,Field_1,1,MOVING_TO_FIELD,Field_1,1,MOVING_TO_FIELD,Field_1,1,MOVING_TO_FIELD,Field_5,1,MOVING_TO_FIELD,Field_5,1,MOVING_TO_FIELD,Field_5,1,MOVING_TO_FIELD,Field_5,1,MOVING_TO_FIELD,Field_5,1,MOVING_TO_FIELD,Field_5,1,PROTECTING,Field_1,1,PROTECTING,Field_1,1,MOVING_TO_FIELD,Field_1,1,MOVING_TO_FIELD,Field_1,1,MOVING_TO_FIELD,Field_4,1,MOVING_TO_FIELD,Field_4,1,MOVING_TO_FIELD,Field_4,1,MOVING_TO_FIELD,Field_4,1,MOVING_TO_FIELD,Field_2,1,MOVING_TO_FIELD,Field_2,1,MOVING_TO_FIELD,Field_2,1,MOVING_TO_FIELD,Field_8,1,MOVING_TO_FIELD,Field_8,1,MOVING_TO_FIELD,Field_6,1,MOVING_TO_FIELD,Field_6,1,MOVING_TO_FIELD,Field_7,1,MOVING_TO_FIELD,Field_7,1,MOVING_TO_FIELD,Field_9,48,0.11,2,6,2,17,0.11,0,3,2,0,0.02,0,0,4,14,0.11,0,10,4,14,0.01,0,6,2,22,0.02,0,2,4,7,0.05,0,2,3,17,0.07,0,2,2,0,0.07,0,1,3,76,0.29,0,0,6,52,0.21,0,0,4,29,0.09,0,0,1,2,0.02,0,0,2,56,0.27,0,0,6,75,0.19,0,0,6,35,0.09,0,0,2,46,0.08,0,0,2,72,0.00,0,0,1,0,0.06,0,0,2,7,0.00,0,6,3
234,589,0,0,2,0,38,0,1,MOVING_TO_FIELD,Field_20,1,MOVING_TO_FIELD,Field_20,1,MOVING_TO_FIELD,Field_20,1,MOVING_TO_FIELD,Field_20,1,MOVING_TO_FIELD,Field_4,1,MOVING_TO_FIELD,Field_4,1,MOVING_TO_FIELD,Field_4,1,MOVING_TO_FIELD,Field_4,1,MOVING_TO_FIELD,Field_4,1,MOVING_TO_FIELD,Field_4,1,MOVING_TO_FIELD,Field_20,1,MOVING_TO_FIELD,Field_20,1,MOVING_TO_FIELD,Field_1,1,MOVING_TO_FIELD,Field_1,1,MOVING_TO_FIELD,Field_1,1,MOVING_TO_FIELD,Field_1,1,MOVING_TO_FIELD,Field_5,1,MOVING_TO_FIELD,Field_5,1,MOVING_TO_FIELD,Field_5,1,MOVING_TO_FIELD,Field_5,1,MOVING_TO_FIELD,Field_5,1,MOVING_TO_FIELD,Field_5,1,PROTECTING,Field_1,1,PROTECTING,Field_1,1,MOVING_TO_FIELD,Field_1,1,MOVING_TO_FIELD,Field_1,1,MOVING_TO_FIELD,Field_4,1,MOVING_TO_FIELD,Field_4,1,MOVING_TO_FIELD,Field_4,1,MOVING_TO_FIELD,Field_4,1,MOVING_TO_FIELD,Field_2,1,MOVING_TO_FIELD,Field_2,1,MOVING_TO_FIELD,Field_2,1,MOVING_TO_FIELD,Field_8,1,MOVING_TO_FIELD,Field_8,1,MOVING_TO_FIELD,Field_6,1,MOVING_TO_FIELD,Field_6,1,MOVING_TO_FIELD,Field_7,1,MOVING_TO_FIELD,Field_7,1,MOVING_TO_FIELD,Field_9,48,0.09,2,6,2,17,0.11,0,3,2,0,0.02,0,0,4,14,0.10,0,10,4,14,0.01,0,6,2,22,0.02,0,2,4,7,0.06,0,2,3,17,0.06,0,2,2,0,0.07,0,1,3,76,0.31,0,0,6,52,0.21,0,0,4,29,0.09,0,0,1,2,0.02,0,0,2,56,0.28,0,0,6,75,0.21,0,0,6,35,0.10,0,0,2,46,0.08,0,0,2,72,0.02,0,0,1,0,0.06,0,0,2,7,0.00,0,6,3
235,590,0,0,2,0,38,0,1,MOVING_TO_FIELD,Field_20,1,MOVING_TO_FIELD,Field_20,1,MOVING_TO_FIELD,Field_20,1,MOVING_TO_FIELD,Field_20,1,MOVING_TO_FIELD,Field_4,1,MOVING_TO_FIELD,Field_4,1,MOVING_TO_FIELD,Field_4,1,MOVING_TO_FIELD,Field_4,1,MOVING_TO_FIELD,Field_4,1,MOVING_TO_FIELD,Field_4,1,MOVING_TO_FIELD,Field_20,1,MOVING_TO_FIELD,Field_20,1,MOVING_TO_FIELD,Field_1,1,MOVING_TO_FIELD,Field_1,1,MOVING_TO_FIELD,Field_1,1,MOVING_TO_FIELD,Field_1,1,MOVING_TO_FIELD,Field_5,1,MOVING_TO_FIELD,Field_5,1,MOVING_TO_FIELD,Field_5,1,MOVING_TO_FIELD,Field_5,1,MOVING_TO_FIELD,Field_5,1,MOVING_TO_FIELD,Field_5,1,PROTECTING,Field_1,1,PROTECTING,Field_1,1,MOVING_TO_FIELD,Field_1,1,MOVING_TO_FIELD,Field_1,1,MOVING_TO_FIELD,Field_4,1,MOVING_TO_FIELD,Field_4,1,MOVING_TO_FIELD,Field_4,1,MOVING_TO_FIELD,Field_4,1,MOVING_TO_FIELD,Field_2,1,MOVING_TO_FIELD,Field_2,1,MOVING_TO_FIELD,Field_2,1,MOVING_TO_FIELD,Field_8,1,MOVING_TO_FIELD,Field_8,1,MOVING_TO_FIELD,Field_6,1,MOVING_TO_FIELD,Field_6,1,MOVING_TO_FIELD,Field_7,1,MOVING_TO_FIELD,Field_7,1,MOVING_TO_FIELD,Field_9,48,0.08,2,6,2,17,0.10,0,3,2,0,0.02,0,0,4,14,0.10,0,10,4,14,0.01,0,6,2,22,0.02,0,2,4,7,0.06,0,2,3,17,0.06,0,2,2,0,0.06,0,1,3,76,0.33,0,0,6,52,0.21,0,0,4,29,0.06,0,0,1,2,0.02,0,0,2,57,0.28,0,0,6,75,0.20,0,0,6,35,0.10,0,0,2,46,0.07,0,0,2,72,0.02,0,0,1,0,0.06,0,0,2,7,0.00,0,6,3
236,594,0,0,2,0,38,0,1,MOVING_TO_FIELD,Field_20,1,MOVING_TO_FIELD,Field_20,1,MOVING_TO_FIELD,Field_20,1,MOVING_TO_FIELD,Field_20,1,MOVING_TO_FIELD,Field_4,1,MOVING_TO_FIELD,Field_4,1,MOVING_TO_FIELD,Field_4,1,MOVING_TO_FIELD,Field_4,1,MOVING_TO_FIELD,Field_4,1,MOVING_TO_FIELD,Field_4,1,MOVING_TO_FIELD,Field_20,1,MOVING_TO_FIELD,Field_20,1,MOVING_TO_FIELD,Field_1,1,MOVING_TO_FIELD,Field_1,1,MOVING_TO_FIELD,Field_1,1,MOVING_TO_FIELD,Field_1,1,MOVING_TO_FIELD,Field_5,1,MOVING_TO_FIELD,Field_5,1,MOVING_TO_FIELD,Field_5,1,MOVING_TO_FIELD,Field_5,1,MOVING_TO_FIELD,Field_5,1,MOVING_TO_FIELD,Field_5,1,PROTECTING,Field_1,1,PROTECTING,Field_1,1,MOVING_TO_FIELD,Field_1,1,MOVING_TO_FIELD,Field_1,1,MOVING_TO_FIELD,Field_4,1,MOVING_TO_FIELD,Field_4,1,MOVING_TO_FIELD,Field_4,1,MOVING_TO_FIELD,Field_4,1,MOVING_TO_FIELD,Field_2,1,MOVING_TO_FIELD,Field_2,1,MOVING_TO_FIELD,Field_2,1,MOVING_TO_FIELD,Field_8,1,MOVING_TO_FIELD,Field_8,1,MOVING_TO_FIELD,Field_6,1,MOVING_TO_FIELD,Field_6,1,MOVING_TO_FIELD,Field_7,1,MOVING_TO_FIELD,Field_7,1,MOVING_TO_FIELD,Field_9,48,0.08,2,6,2,17,0.12,0,3,2,0,0.02,0,0,4,14,0.10,0,10,4,14,0.01,0,6,2,22,0.02,0,2,4,7,0.07,0,2,3,17,0.06,0,2,2,0,0.07,0,1,3,77,0.32,0,0,6,53,0.22,0,0,4,29,0.06,0,0,1,2,0.02,0,0,2,58,0.28,0,0,6,76,0.20,0,0,6,35,0.10,0,0,2,46,0.07,0,0,2,72,0.02,0,0,1,0,0.06,0,0,2,7,0.00,0,6,3
237,594,0,0,3,0,37,0,1,MOVING_TO_FIELD,Field_20,1,MOVING_TO_FIELD,Field_20,1,MOVING_TO_FIELD,Field_20,1,MOVING_TO_FIELD,Field_20,1,MOVING_TO_FIELD,Field_4,1,MOVING_TO_FIELD,Field_4,1,MOVING_TO_FIELD,Field_4,1,MOVING_TO_FIELD,Field_4,1,MOVING_TO_FIELD,Field_4,1,MOVING_TO_FIELD,Field_4,1,MOVING_TO_FIELD,Field_20,1,MOVING_TO_FIELD,Field_20,1,MOVING_TO_FIELD,Field_1,1,MOVING_TO_FIELD,Field_1,1,MOVING_TO_FIELD,Field_1,1,MOVING_TO_FIELD,Field_1,1,MOVING_TO_FIELD,Field_5,1,MOVING_TO_FIELD,Field_5,1,MOVING_TO_FIELD,Field_5,1,MOVING_TO_FIELD,Field_5,1,MOVING_TO_FIELD,Field_5,1,MOVING_TO_FIELD,Field_5,1,PROTECTING,Field_1,1,PROTECTING,Field_1,1,MOVING_TO_FIELD,Field_1,1,MOVING_TO_FIELD,Field_1,1,MOVING_TO_FIELD,Field_4,1,MOVING_TO_FIELD,Field_4,1,MOVING_TO_FIELD,Field_4,1,MOVING_TO_FIELD,Field_4,1,MOVING_TO_FIELD,Field_2,1,MOVING_TO_FIELD,Field_2,1,MOVING_TO_FIELD,Field_2,1,MOVING_TO_FIELD,Field_8,1,MOVING_TO_FIELD,Field_8,1,MOVING_TO_FIELD,Field_6,1,MOVING_TO_FIELD,Field_6,1,PROTECTING,Field_7,1,MOVING_TO_FIELD,Field_7,1,MOVING_TO_FIELD,Field_9,48,0.09,2,6,2,17,0.10,0,3,2,0,0.03,0,0,4,14,0.10,0,10,4,14,0.00,0,6,2,22,0.02,0,2,4,7,0.08,1,1,2,17,0.06,0,2,2,0,0.07,0,1,3,77,0.31,0,0,6,53,0.22,0,0,4,29,0.06,0,0,1,2,0.02,0,0,2,58,0.30,0,0,6,76,0.21,0,0,6,35,0.10,0,0,2,46,0.05,0,0,2,72,0.04,0,0,1,0,0.08,0,0,2,7,0.00,0,6,3
238,595,0,0,5,0,35,0,1,MOVING_TO_FIELD,Field_20,1,MOVING_TO_FIELD,Field_20,1,MOVING_TO_FIELD,Field_20,1,MOVING_TO_FIELD,Field_20,1,MOVING_TO_FIELD,Field_4,1,MOVING_TO_FIELD,Field_4,1,MOVING_TO_FIELD,Field_4,1,MOVING_TO_FIELD,Field_4,1,MOVING_TO_FIELD,Field_4,1,MOVING_TO_FIELD,Field_4,1,MOVING_TO_FIELD,Field_20,1,MOVING_TO_FIELD,Field_20,1,MOVING_TO_FIELD,Field_1,1,MOVING_TO_FIELD,Field_1,1,MOVING_TO_FIELD,Field_1,1,MOVING_TO_FIELD,Field_1,1,MOVING_TO_FIELD,Field_5,1,MOVING_TO_FIELD,Field_5,1,MOVING_TO_FIELD,Field_5,1,MOVING_TO_FIELD,Field_5,1,MOVING_TO_FIELD,Field_5,1,MOVING_TO_FIELD,Field_5,1,PROTECTING,Field_1,1,PROTECTING,Field_1,1,MOVING_TO_FIELD,Field_1,1,MOVING_TO_FIELD,Field_1,1,MOVING_TO_FIELD,Field_4,1,MOVING_TO_FIELD,Field_4,1,MOVING_TO_FIELD,Field_4,1,PROTECTING,Field_4,1,PROTECTING,Field_2,1,MOVING_TO_FIELD,Field_2,1,MOVING_TO_FIELD,Field_2,1,MOVING_TO_FIELD,Field_8,1,MOVING_TO_FIELD,Field_8,1,MOVING_TO_FIELD,Field_6,1,MOVING_TO_FIELD,Field_6,1,PROTECTING,Field_7,1,MOVING_TO_FIELD,Field_7,1,MOVING_TO_FIELD,Field_9,48,0.08,2,6,2,17,0.11,1,2,1,0,0.03,0,0,4,14,0.10,1,9,3,14,0.01,0,6,2,22,0.02,0,2,4,7,0.08,1,1,2,17,0.07,0,2,2,0,0.07,0,1,3,77,0.29,0,0,6,53,0.22,0,0,4,29,0.06,0,0,1,2,0.02,0,0,2,59,0.30,0,0,6,76,0.22,0,0,6,35,0.10,0,0,2,46,0.07,0,0,2,72,0.02,0,0,1,0,0.10,0,0,2,7,0.02,0,6,3
239,595,0,0,5,0,35,0,1,MOVING_TO_FIELD,Field_20,1,MOVING_TO_FIELD,Field_20,1,MOVING_TO_FIELD,Field_20,1,MOVING_TO_FIELD,Field_20,1,MOVING_TO_FIELD,Field_4,1,MOVING_TO_FIELD,Field_4,1,MOVING_TO_FIELD,Field_4,1,MOVING_TO_FIELD,Field_4,1,MOVING_TO_FIELD,Field_4,1,MOVING_TO_FIELD,Field_4,1,MOVING_TO_FIELD,Field_20,1,MOVING_TO_FIELD,Field_20,1,MOVING_TO_FIELD,Field_1,1,MOVING_TO_FIELD,Field_1,1,MOVING_TO_FIELD,Field_1,1,MOVING_TO_FIELD,Field_1,1,MOVING_TO_FIELD,Field_5,1,MOVING_TO_FIELD,Field_5,1,MOVING_TO_FIELD,Field_5,1,MOVING_TO_FIELD,Field_5,1,MOVING_TO_FIELD,Field_5,1,MOVING_TO_FIELD,Field_5,1,PROTECTING,Field_1,1,PROTECTING,Field_1,1,MOVING_TO_FIELD,Field_1,1,MOVING_TO_FIELD,Field_1,1,MOVING_TO_FIELD,Field_4,1,MOVING_TO_FIELD,Field_4,1,MOVING_TO_FIELD,Field_4,1,PROTECTING,Field_4,1,PROTECTING,Field_2,1,MOVING_TO_FIELD,Field_2,1,MOVING_TO_FIELD,Field_2,1,MOVING_TO_FIELD,Field_8,1,MOVING_TO_FIELD,Field_8,1,MOVING_TO_FIELD,Field_6,1,MOVING_TO_FIELD,Field_6,1,PROTECTING,Field_7,1,MOVING_TO_FIELD,Field_7,1,MOVING_TO_FIELD,Field_9,48,0.08,2,6,2,17,0.11,1,2,1,0,0.03,0,0,4,14,0.11,1,9,3,14,0.01,0,6,2,22,0.03,0,2,4,7,0.08,1,1,2,17,0.07,0,2,2,0,0.07,0,1,3,77,0.29,0,0,6,53,0.22,0,0,4,29,0.06,0,0,1,2,0.04,0,0,2,59,0.31,0,0,6,76,0.22,0,0,6,35,0.11,0,0,2,46,0.07,0,0,2,72,0.02,0,0,1,0,0.10,0,0,2,7,0.04,0,6,3
240,596,0,0,7,0,33,0,1,MOVING_TO_FIELD,Field_20,1,MOVING_TO_FIELD,Field_20,1,MOVING_TO_FIELD,Field_20,1,MOVING_TO_FIELD,Field_20,1,MOVING_TO_FIELD,Field_4,1,MOVING_TO_FIELD,Field_4,1,MOVING_TO_FIELD,Field_4,1,MOVING_TO_FIELD,Field_4,1,MOVING_TO_FIELD,Field_4,1,MOVING_TO_FIELD,Field_4,1,MOVING_TO_FIELD,Field_20,1,MOVING_TO_FIELD,Field_20,1,MOVING_TO_FIELD,Field_1,1,MOVING_TO_FIELD,Field_1,1,MOVING_TO_FIELD,Field_1,1,MOVING_TO_FIELD,Field_1,1,MOVING_TO_FIELD,Field_5,1,MOVING_TO_FIELD,Field_5,1,MOVING_TO_FIELD,Field_5,1,MOVING_TO_FIELD,Field_5,1,MOVING_TO_FIELD,Field_5,1,MOVING_TO_FIELD,Field_5,1,PROTECTING,Field_1,1,PROTECTING,Field_1,1,MOVING_TO_FIELD,Field_1,1,MOVING_TO_FIELD,Field_1,1,MOVING_TO_FIELD,Field_4,1,MOVING_TO_FIELD,Field_4,1,PROTECTING,Field_4,1,PROTECTING,Field_4,1,PROTECTING,Field_2,1,MOVING_TO_FIELD,Field_2,1,MOVING_TO_FIELD,Field_2,1,MOVING_TO_FIELD,Field_8,1,MOVING_TO_FIELD,Field_8,1,MOVING_TO_FIELD,Field_6,1,MOVING_TO_FIELD,Field_6,1,PROTECTING,Field_7,1,MOVING_TO_FIELD,Field_7,1,PROTECTING,Field_9,48,0.08,2,6,2,17,0.10,1,2,1,0,0.03,0,0,4,15,0.11,2,8,2,14,0.01,0,6,2,22,0.03,0,2,4,7,0.08,1,1,2,17,0.07,0,2,2,0,0.06,1,0,2,77,0.27,0,0,6,53,0.21,0,0,4,29,0.06,0,0,1,2,0.04,0,0,2,59,0.30,0,0,6,76,0.22,0,0,6,35,0.09,0,0,2,46,0.07,0,0,2,72,0.04,0,0,1,0,0.10,0,0,2,7,0.04,0,6,3
241,598,0,0,0,0,40,0,1,MOVING_TO_FIELD,Field_4,1,MOVING_TO_FIELD,Field_4,1,MOVING_TO_FIELD,Field_4,1,MOVING_TO_FIELD,Field_4,1,MOVING_TO_FIELD,Field_20,1,MOVING_TO_FIELD,Field_20,1,MOVING_TO_FIELD,Field_20,1,MOVING_TO_FIELD,Field_20,1,MOVING_TO_FIELD,Field_20,1,MOVING_TO_FIELD,Field_20,1,MOVING_TO_FIELD,Field_4,1,MOVING_TO_FIELD,Field_4,1,MOVING_TO_FIELD,Field_5,1,MOVING_TO_FIELD,Field_5,1,MOVING_TO_FIELD,Field_5,1,MOVING_TO_FIELD,Field_5,1,MOVING_TO_FIELD,Field_1,1,MOVING_TO_FIELD,Field_1,1,MOVING_TO_FIELD,Field_1,1,MOVING_TO_FIELD,Field_1,1,MOVING_TO_FIELD,Field_2,1,MOVING_TO_FIELD,Field_2,1,MOVING_TO_FIELD,Field_9,1,MOVING_TO_FIELD,Field_9,1,MOVING_TO_FIELD,Field_5,1,MOVING_TO_FIELD,Field_5,1,MOVING_TO_FIELD,Field_6,1,MOVING_TO_FIELD,Field_6,1,MOVING_TO_FIELD,Field_7,1,MOVING_TO_FIELD,Field_7,1,MOVING_TO_FIELD,Field_7,1,MOVING_TO_FIELD,Field_8,1,MOVING_TO_FIELD,Field_8,1,MOVING_TO_FIELD,Field_9,1,MOVING_TO_FIELD,Field_9,1,MOVING_TO_FIELD,Field_2,1,MOVING_TO_FIELD,Field_7,1,MOVING_TO_FIELD,Field_3,1,MOVING_TO_FIELD,Field_3,1,MOVING_TO_FIELD,Field_4,48,0.08,0,4,4,17,0.10,0,3,2,0,0.03,0,2,4,15,0.11,0,7,4,14,0.01,0,6,2,22,0.03,0,2,4,7,0.07,0,4,3,17,0.07,0,2,2,0,0.06,0,4,3,77,0.27,0,0,6,54,0.21,0,0,4,29,0.06,0,0,1,2,0.05,0,0,2,59,0.31,0,0,6,76,0.22,0,0,6,35,0.07,0,0,2,46,0.07,0,0,2,72,0.02,0,0,1,1,0.10,0,0,2,7,0.04,0,6,3
242,600,0,0,0,0,40,0,1,MOVING_TO_FIELD,Field_4,1,MOVING_TO_FIELD,Field_4,1,MOVING_TO_FIELD,Field_4,1,MOVING_TO_FIELD,Field_4,1,MOVING_TO_FIELD,Field_20,1,MOVING_TO_FIELD,Field_20,1,MOVING_TO_FIELD,Field_20,1,MOVING_TO_FIELD,Field_20,1,MOVING_TO_FIELD,Field_20,1,MOVING_TO_FIELD,Field_20,1,MOVING_TO_FIELD,Field_4,1,MOVING_TO_FIELD,Field_4,1,MOVING_TO_FIELD,Field_5,1,MOVING_TO_FIELD,Field_5,1,MOVING_TO_FIELD,Field_5,1,MOVING_TO_FIELD,Field_5,1,MOVING_TO_FIELD,Field_1,1,MOVING_TO_FIELD,Field_1,1,MOVING_TO_FIELD,Field_1,1,MOVING_TO_FIELD,Field_1,1,MOVING_TO_FIELD,Field_2,1,MOVING_TO_FIELD,Field_2,1,MOVING_TO_FIELD,Field_9,1,MOVING_TO_FIELD,Field_9,1,MOVING_TO_FIELD,Field_5,1,MOVING_TO_FIELD,Field_5,1,MOVING_TO_FIELD,Field_6,1,MOVING_TO_FIELD,Field_6,1,MOVING_TO_FIELD,Field_7,1,MOVING_TO_FIELD,Field_7,1,MOVING_TO_FIELD,Field_7,1,MOVING_TO_FIELD,Field_8,1,MOVING_TO_FIELD,Field_8,1,MOVING_TO_FIELD,Field_9,1,MOVING_TO_FIELD,Field_9,1,MOVING_TO_FIELD,Field_2,1,MOVING_TO_FIELD,Field_7,1,MOVING_TO_FIELD,Field_3,1,MOVING_TO_FIELD,Field_3,1,MOVING_TO_FIELD,Field_4,48,0.07,0,4,4,17,0.11,0,3,2,0,0.03,0,2,4,16,0.11,0,7,4,14,0.01,0,6,2,22,0.04,0,2,4,7,0.07,0,4,3,17,0.07,0,2,2,0,0.06,0,4,3,78,0.27,0,0,6,54,0.20,0,0,4,29,0.03,0,0,1,2,0.05,0,0,2,59,0.31,0,0,6,76,0.22,0,0,6,35,0.06,0,0,2,46,0.07,0,0,2,72,0.02,0,0,1,1,0.10,0,0,2,7,0.04,0,6,3
243,601,0,0,2,0,38,0,1,MOVING_TO_FIELD,Field_4,1,MOVING_TO_FIELD,Field_4,1,MOVING_TO_FIELD,Field_4,1,MOVING_TO_FIELD,Field_4,1,MOVING_TO_FIELD,Field_20,1,MOVING_TO_FIELD,Field_20,1,MOVING_TO_FIELD,Field_20,1,MOVING_TO_FIELD,Field_20,1,MOVING_TO_FIELD,Field_20,1,MOVING_TO_FIELD,Field_20,1,MOVING_TO_FIELD,Field_4,1,MOVING_TO_FIELD,Field_4,1,MOVING_TO_FIELD,Field_5,1,MOVING_TO_FIELD,Field_5,1,MOVING_TO_FIELD,Field_5,1,MOVING_TO_FIELD,Field_5,1,MOVING_TO_FIELD,Field_1,1,MOVING_TO_FIELD,Field_1,1,MOVING_TO_FIELD,Field_1,1,MOVING_TO_FIELD,Field_1,1,MOVING_TO_FIELD,Field_2,1,MOVING_TO_FIELD,Field_2,1,MOVING_TO_FIELD,Field_9,1,MOVING_TO_FIELD,Field_9,1,MOVING_TO_FIELD,Field_5,1,MOVING_TO_FIELD,Field_5,1,MOVING_TO_FIELD,Field_6,1,MOVING_TO_FIELD,Field_6,1,MOVING_TO_FIELD,Field_7,1,MOVING_TO_FIELD,Field_7,1,MOVING_TO_FIELD,Field_7,1,MOVING_TO_FIELD,Field_8,1,MOVING_TO_FIELD,Field_8,1,PROTECTING,Field_9,1,PROTECTING,Field_9,1,MOVING_TO_FIELD,Field_2,1,MOVING_TO_FIELD,Field_7,1,MOVING_TO_FIELD,Field_3,1,MOVING_TO_FIELD,Field_3,1,MOVING_TO_FIELD,Field_4,48,0.07,0,4,4,17,0.10,0,3,2,0,0.03,0,2,4,16,0.10,0,7,4,14,0.01,0,6,2,22,0.05,0,2,4,7,0.06,0,4,3,17,0.07,0,2,2,0,0.06,2,2,1,79,0.28,0,0,6,54,0.18,0,0,4,29,0.03,0,0,1,2,0.04,0,0,2,59,0.31,0,0,6,76,0.22,0,0,6,35,0.05,0,0,2,46,0.07,0,0,2,72,0.02,0,0,1,1,0.10,0,0,2,7,0.04,0,6,3
244,601,0,0,2,0,38,0,1,MOVING_TO_FIELD,Field_4,1,MOVING_TO_FIELD,Field_4,1,MOVING_TO_FIELD,Field_4,1,MOVING_TO_FIELD,Field_4,1,MOVING_TO_FIELD,Field_20,1,MOVING_TO_FIELD,Field_20,1,MOVING_TO_FIELD,Field_20,1,MOVING_TO_FIELD,Field_20,1,MOVING_TO_FIELD,Field_20,1,MOVING_TO_FIELD,Field_20,1,MOVING_TO_FIELD,Field_4,1,MOVING_TO_FIELD,Field_4,1,MOVING_TO_FIELD,Field_5,1,MOVING_TO_FIELD,Field_5,1,MOVING_TO_FIELD,Field_5,1,MOVING_TO_FIELD,Field_5,1,MOVING_TO_FIELD,Field_1,1,MOVING_TO_FIELD,Field_1,1,MOVING_TO_FIELD,Field_1,1,MOVING_TO_FIELD,Field_1,1,MOVING_TO_FIELD,Field_2,1,MOVING_TO_FIELD,Field_2,1,MOVING_TO_FIELD,Field_9,1,MOVING_TO_FIELD,Field_9,1,MOVING_TO_FIELD,Field_5,1,MOVING_TO_FIELD,Field_5,1,MOVING_TO_FIELD,Field_6,1,MOVING_TO_FIELD,Field_6,1,MOVING_TO_FIELD,Field_7,1,MOVING_TO_FIELD,Field_7,1,MOVING_TO_FIELD,Field_7,1,MOVING_TO_FIELD,Field_8,1,MOVING_TO_FIELD,Field_8,1,PROTECTING,Field_9,1,PROTECTING,Field_9,1,MOVING_TO_FIELD,Field_2,1,MOVING_TO_FIELD,Field_7,1,MOVING_TO_FIELD,Field_3,1,MOVING_TO_FIELD,Field_3,1,MOVING_TO_FIELD,Field_4,48,0.06,0,4,4,17,0.10,0,3,2,0,0.03,0,2,4,16,0.10,0,7,4,14,0.01,0,6,2,22,0.05,0,2,4,7,0.06,0,4,3,17,0.07,0,2,2,0,0.06,2,2,1,79,0.26,0,0,6,54,0.17,0,0,4,29,0.03,0,0,1,2,0.04,0,0,2,59,0.32,0,0,6,76,0.22,0,0,6,35,0.05,0,0,2,46,0.07,0,0,2,72,0.02,0,0,1,1,0.08,0,0,2,7,0.04,0,6,3
245,601,0,0,2,0,38,0,1,MOVING_TO_FIELD,Field_4,1,MOVING_TO_FIELD,Field_4,1,MOVING_TO_FIELD,Field_4,1,MOVING_TO_FIELD,Field_4,1,MOVING_TO_FIELD,Field_20,1,MOVING_TO_FIELD,Field_20,1,MOVING_TO_FIELD,Field_20,1,MOVING_TO_FIELD,Field_20,1,MOVING_TO_FIELD,Field_20,1,MOVING_TO_FIELD,Field_20,1,MOVING_TO_FIELD,Field_4,1,MOVING_TO_FIELD,Field_4,1,MOVING_TO_FIELD,Field_5,1,MOVING_TO_FIELD,Field_5,1,MOVING_TO_FIELD,Field_5,1,MOVING_TO_FIELD,Field_5,1,MOVING_TO_FIELD,Field_1,1,MOVING_TO_FIELD,Field_1,1,MOVING_TO_FIELD,Field_1,1,MOVING_TO_FIELD,Field_1,1,MOVING_TO_FIELD,Field_2,1,MOVING_TO_FIELD,Field_2,1,MOVING_TO_FIELD,Field_9,1,MOVING_TO_FIELD,Field_9,1,MOVING_TO_FIELD,Field_5,1,MOVING_TO_FIELD,Field_5,1,MOVING_TO_FIELD,Field_6,1,MOVING_TO_FIELD,Field_6,1,MOVING_TO_FIELD,Field_7,1,MOVING_TO_FIELD,Field_7,1,MOVING_TO_FIELD,Field_7,1,MOVING_TO_FIELD,Field_8,1,MOVING_TO_FIELD,Field_8,1,PROTECTING,Field_9,1,PROTECTING,Field_9,1,MOVING_TO_FIELD,Field_2,1,MOVING_TO_FIELD,Field_7,1,MOVING_TO_FIELD,Field_3,1,MOVING_TO_FIELD,Field_3,1,MOVING_TO_FIELD,Field_4,48,0.06,0,4,4,17,0.09,0,3,2,0,0.03,0,2,4,16,0.09,0,7,4,14,0.01,0,6,2,22,0.04,0,2,4,7,0.07,0,4,3,17,0.07,0,2,2,0,0.06,2,2,1,79,0.26,0,0,6,54,0.17,0,0,4,29,0.03,0,0,1,2,0.05,0,0,2,59,0.32,0,0,6,76,0.22,0,0,6,35,0.05,0,0,2,46,0.07,0,0,2,72,0.02,0,0,1,1,0.08,0,0,2,7,0.04,0,6,3
246,605,0,0,2,0,38,0,1,MOVING_TO_FIELD,Field_4,1,MOVING_TO_FIELD,Field_4,1,MOVING_TO_FIELD,Field_4,1,MOVING_TO_FIELD,Field_4,1,MOVING_TO_FIELD,Field_20,1,MOVING_TO_FIELD,Field_20,1,MOVING_TO_FIELD,Field_20,1,MOVING_TO_FIELD,Field_20,1,MOVING_TO_FIELD,Field_20,1,MOVING_TO_FIELD,Field_20,1,MOVING_TO_FIELD,Field_4,1,MOVING_TO_FIELD,Field_4,1,MOVING_TO_FIELD,Field_5,1,MOVING_TO_FIELD,Field_5,1,MOVING_TO_FIELD,Field_5,1,MOVING_TO_FIELD,Field_5,1,MOVING_TO_FIELD,Field_1,1,MOVING_TO_FIELD,Field_1,1,MOVING_TO_FIELD,Field_1,1,MOVING_TO_FIELD,Field_1,1,MOVING_TO_FIELD,Field_2,1,MOVING_TO_FIELD,Field_2,1,MOVING_TO_FIELD,Field_9,1,MOVING_TO_FIELD,Field_9,1,MOVING_TO_FIELD,Field_5,1,MOVING_TO_FIELD,Field_5,1,MOVING_TO_FIELD,Field_6,1,MOVING_TO_FIELD,Field_6,1,MOVING_TO_FIELD,Field_7,1,MOVING_TO_FIELD,Field_7,1,MOVING_TO_FIELD,Field_7,1,MOVING_TO_FIELD,Field_8,1,MOVING_TO_FIELD,Field_8,1,PROTECTING,Field_9,1,PROTECTING,Field_9,1,MOVING_TO_FIELD,Field_2,1,MOVING_TO_FIELD,Field_7,1,MOVING_TO_FIELD,Field_3,1,MOVING_TO_FIELD,Field_3,1,MOVING_TO_FIELD,Field_4,48,0.07,0,4,4,17,0.09,0,3,2,0,0.03,0,2,4,16,0.10,0,7,4,14,0.02,0,6,2,22,0.04,0,2,4,8,0.07,0,4,3,17,0.07,0,2,2,0,0.04,2,2,1,80,0.27,0,0,6,55,0.17,0,0,4,29,0.03,0,0,1,2,0.05,0,0,2,59,0.32,0,0,6,77,0.22,0,0,6,35,0.05,0,0,2,46,0.07,0,0,2,72,0.02,0,0,1,1,0.08,0,0,2,7,0.04,0,6,3
247,605,0,0,2,0,38,0,1,MOVING_TO_FIELD,Field_4,1,MOVING_TO_FIELD,Field_4,1,MOVING_TO_FIELD,Field_4,1,MOVING_TO_FIELD,Field_4,1,MOVING_TO_FIELD,Field_20,1,MOVING_TO_FIELD,Field_20,1,MOVING_TO_FIELD,Field_20,1,MOVING_TO_FIELD,Field_20,1,MOVING_TO_FIELD,Field_20,1,MOVING_TO_FIELD,Field_20,1,MOVING_TO_FIELD,Field_4,1,MOVING_TO_FIELD,Field_4,1,MOVING_TO_FIELD,Field_5,1,MOVING_TO_FIELD,Field_5,1,MOVING_TO_FIELD,Field_5,1,MOVING_TO_FIELD,Field_5,1,MOVING_TO_FIELD,Field_1,1,MOVING_TO_FIELD,Field_1,1,MOVING_TO_FIELD,Field_1,1,MOVING_TO_FIELD,Field_1,1,MOVING_TO_FIELD,Field_2,1,MOVING_TO_FIELD,Field_2,1,MOVING_TO_FIELD,Field_9,1,MOVING_TO_FIELD,Field_9,1,MOVING_TO_FIELD,Field_5,1,MOVING_TO_FIELD,Field_5,1,MOVING_TO_FIELD,Field_6,1,MOVING_TO_FIELD,Field_6,1,MOVING_TO_FIELD,Field_7,1,MOVING_TO_FIELD,Field_7,1,MOVING_TO_FIELD,Field_7,1,MOVING_TO_FIELD,Field_8,1,MOVING_TO_FIELD,Field_8,1,PROTECTING,Field_9,1,PROTECTING,Field_9,1,MOVING_TO_FIELD,Field_2,1,MOVING_TO_FIELD,Field_7,1,MOVING_TO_FIELD,Field_3,1,MOVING_TO_FIELD,Field_3,1,MOVING_TO_FIELD,Field_4,48,0.06,0,4,4,17,0.10,0,3,2,0,0.03,0,2,4,16,0.10,0,7,4,14,0.02,0,6,2,22,0.05,0,2,4,8,0.08,0,4,3,17,0.06,0,2,2,0,0.04,2,2,1,80,0.27,0,0,6,55,0.18,0,0,4,29,0.03,0,0,1,2,0.07,0,0,2,59,0.30,0,0,6,77,0.21,0,0,6,35,0.07,0,0,2,46,0.07,0,0,2,72,0.02,0,0,1,1,0.08,0,0,2,7,0.04,0,6,3
248,606,0,0,2,0,38,0,1,MOVING_TO_FIELD,Field_4,1,MOVING_TO_FIELD,Field_4,1,MOVING_TO_FIELD,Field_4,1,MOVING_TO_FIELD,Field_4,1,MOVING_TO_FIELD,Field_20,1,MOVING_TO_FIELD,Field_20,1,MOVING_TO_FIELD,Field_20,1,MOVING_TO_FIELD,Field_20,1,MOVING_TO_FIELD,Field_20,1,MOVING_TO_FIELD,Field_20,1,MOVING_TO_FIELD,Field_4,1,MOVING_TO_FIELD,Field_4,1,MOVING_TO_FIELD,Field_5,1,MOVING_TO_FIELD,Field_5,1,MOVING_TO_FIELD,Field_5,1,MOVING_TO_FIELD,Field_5,1,MOVING_TO_FIELD,Field_1,1,MOVING_TO_FIELD,Field_1,1,MOVING_TO_FIELD,Field_1,1,MOVING_TO_FIELD,Field_1,1,MOVING_TO_FIELD,Field_2,1,MOVING_TO_FIELD,Field_2,1,MOVING_TO_FIELD,Field_9,1,MOVING_TO_FIELD,Field_9,1,MOVING_TO_FIELD,Field_5,1,MOVING_TO_FIELD,Field_5,1,MOVING_TO_FIELD,Field_6,1,MOVING_TO_FIELD,Field_6,1,MOVING_TO_FIELD,Field_7,1,MOVING_TO_FIELD,Field_7,1,MOVING_TO_FIELD,Field_7,1,MOVING_TO_FIELD,Field_8,1,MOVING_TO_FIELD,Field_8,1,PROTECTING,Field_9,1,PROTECTING,Field_9,1,MOVING_TO_FIELD,Field_2,1,MOVING_TO_FIELD,Field_7,1,MOVING_TO_FIELD,Field_3,1,MOVING_TO_FIELD,Field_3,1,MOVING_TO_FIELD,Field_4,48,0.06,0,4,4,17,0.10,0,3,2,0,0.03,0,2,4,16,0.12,0,7,4,14,0.02,0,6,2,22,0.05,0,2,4,8,0.09,0,4,3,17,0.06,0,2,2,0,0.04,2,2,1,80,0.28,0,0,6,55,0.18,0,0,4,29,0.03,0,0,1,2,0.07,0,0,2,60,0.28,0,0,6,77,0.21,0,0,6,35,0.10,0,0,2,46,0.07,0,0,2,72,0.00,0,0,1,1,0.08,0,0,2,7,0.02,0,6,3
249,607,0,0,3,0,37,0,1,MOVING_TO_FIELD,Field_4,1,MOVING_TO_FIELD,Field_4,1,MOVING_TO_FIELD,Field_4,1,MOVING_TO_FIELD,Field_4,1,MOVING_TO_FIELD,Field_20,1,MOVING_TO_FIELD,Field_20,1,MOVING_TO_FIELD,Field_20,1,MOVING_TO_FIELD,Field_20,1,MOVING_TO_FIELD,Field_20,1,MOVING_TO_FIELD,Field_20,1,MOVING_TO_FIELD,Field_4,1,MOVING_TO_FIELD,Field_4,1,MOVING_TO_FIELD,Field_5,1,MOVING_TO_FIELD,Field_5,1,MOVING_TO_FIELD,Field_5,1,MOVING_TO_FIELD,Field_5,1,MOVING_TO_FIELD,Field_1,1,MOVING_TO_FIELD,Field_1,1,MOVING_TO_FIELD,Field_1,1,MOVING_TO_FIELD,Field_1,1,MOVING_TO_FIELD,Field_2,1,MOVING_TO_FIELD,Field_2,1,MOVING_TO_FIELD,Field_9,1,MOVING_TO_FIELD,Field_9,1,MOVING_TO_FIELD,Field_5,1,MOVING_TO_FIELD,Field_5,1,MOVING_TO_FIELD,Field_6,1,MOVING_TO_FIELD,Field_6,1,MOVING_TO_FIELD,Field_7,1,MOVING_TO_FIELD,Field_7,1,MOVING_TO_FIELD,Field_7,1,MOVING_TO_FIELD,Field_8,1,MOVING_TO_FIELD,Field_8,1,PROTECTING,Field_9,1,PROTECTING,Field_9,1,MOVING_TO_FIELD,Field_2,1,PROTECTING,Field_7,1,MOVING_TO_FIELD,Field_3,1,MOVING_TO_FIELD,Field_3,1,MOVING_TO_FIELD,Field_4,48,0.06,0,4,4,18,0.11,0,3,2,0,0.04,0,2,4,16,0.11,0,7,4,14,0.02,0,6,2,22,0.05,0,2,4,8,0.08,1,3,2,17,0.06,0,2,2,0,0.06,2,2,1,80,0.26,0,0,6,55,0.18,0,0,4,29,0.03,0,0,1,2,0.07,0,0,2,60,0.28,0,0,6,77,0.21,0,0,6,35,0.10,0,0,2,46,0.07,0,0,2,72,0.00,0,0,1,1,0.10,0,0,2,7,0.02,0,6,3
250,611,0,0,6,0,34,0,1,MOVING_TO_FIELD,Field_4,1,MOVING_TO_FIELD,Field_4,1,PROTECTING,Field_4,1,PROTECTING,Field_4,1,MOVING_TO_FIELD,Field_20,1,MOVING_TO_FIELD,Field_20,1,MOVING_TO_FIELD,Field_20,1,MOVING_TO_FIELD,Field_20,1,MOVING_TO_FIELD,Field_20,1,MOVING_TO_FIELD,Field_20,1,MOVING_TO_FIELD,Field_4,1,MOVING_TO_FIELD,Field_4,1,MOVING_TO_FIELD,Field_5,1,MOVING_TO_FIELD,Field_5,1,MOVING_TO_FIELD,Field_5,1,MOVING_TO_FIELD,Field_5,1,PROTECTING,Field_1,1,MOVING_TO_FIELD,Field_1,1,MOVING_TO_FIELD,Field_1,1,MOVING_TO_FIELD,Field_1,1,MOVING_TO_FIELD,Field_2,1,MOVING_TO_FIELD,Field_2,1,MOVING_TO_FIELD,Field_9,1,MOVING_TO_FIELD,Field_9,1,MOVING_TO_FIELD,Field_5,1,MOVING_TO_FIELD,Field_5,1,MOVING_TO_FIELD,Field_6,1,MOVING_TO_FIELD,Field_6,1,MOVING_TO_FIELD,Field_7,1,MOVING_TO_FIELD,Field_7,1,MOVING_TO_FIELD,Field_7,1,MOVING_TO_FIELD,Field_8,1,MOVING_TO_FIELD,Field_8,1,PROTECTING,Field_9,1,PROTECTING,Field_9,1,MOVING_TO_FIELD,Field_2,1,PROTECTING,Field_7,1,MOVING_TO_FIELD,Field_3,1,MOVING_TO_FIELD,Field_3,1,MOVING_TO_FIELD,Field_4,48,0.05,1,3,3,19,0.11,0,3,2,0,0.04,0,2,4,16,0.10,2,5,2,14,0.02,0,6,2,22,0.05,0,2,4,8,0.09,1,3,2,17,0.06,0,2,2,0,0.07,2,2,1,80,0.26,0,0,6,56,0.16,0,0,4,29,0.03,0,0,1,2,0.07,0,0,2,60,0.28,0,0,6,79,0.22,0,0,6,35,0.10,0,0,2,46,0.07,0,0,2,72,0.00,0,0,1,1,0.08,0,0,2,7,0.02,0,6,3
251,612,0,0,5,0,35,0,1,MOVING_TO_FIELD,Field_20,1,MOVING_TO_FIELD,Field_20,1,PROTECTING,Field_4,1,PROTECTING,Field_4,1,PROTECTING,Field_5,1,MOVING_TO_FIELD,Field_5,1,MOVING_TO_FIELD,Field_5,1,MOVING_TO_FIELD,Field_5,1,PROTECTING,Field_5,1,MOVING_TO_FIELD,Field_5,1,MOVING_TO_FIELD,Field_20,1,MOVING_TO_FIELD,Field_4,1,MOVING_TO_FIELD,Field_1,1,MOVING_TO_FIELD,Field_1,1,MOVING_TO_FIELD,Field_1,1,MOVING_TO_FIELD,Field_1,1,MOVING_TO_FIELD,Field_4,1,MOVING_TO_FIELD,Field_4,1,MOVING_TO_FIELD,Field_4,1,MOVING_TO_FIELD,Field_4,1,MOVING_TO_FIELD,Field_20,1,MOVING_TO_FIELD,Field_20,1,MOVING_TO_FIELD,Field_2,1,MOVING_TO_FIELD,Field_2,1,MOVING_TO_FIELD,Field_9,1,MOVING_TO_FIELD,Field_3,1,MOVING_TO_FIELD,Field_4,1,MOVING_TO_FIELD,Field_4,1,MOVING_TO_FIELD,Field_6,1,MOVING_TO_FIELD,Field_6,1,MOVING_TO_FIELD,Field_9,1,MOVING_TO_FIELD,Field_3,1,MOVING_TO_FIELD,Field_9,1,MOVING_TO_FIELD,Field_7,1,MOVING_TO_FIELD,Field_7,1,MOVING_TO_FIELD,Field_20,1,PROTECTING,Field_7,1,MOVING_TO_FIELD,Field_9,1,MOVING_TO_FIELD,Field_9,1,MOVING_TO_FIELD,Field_4,48,0.05,0,4,4,20,0.10,0,2,2,0,0.04,0,2,4,16,0.10,2,8,2,14,0.02,2,4,0,22,0.05,0,2,4,8,0.08,1,2,2,17,0.06,0,0,2,0,0.08,0,5,3,80,0.25,0,0,6,56,0.16,0,0,4,29,0.03,0,0,1,2,0.07,0,0,2,60,0.28,0,0,6,79,0.22,0,0,6,35,0.10,0,0,2,46,0.08,0,0,2,72,0.00,0,0,1,1,0.08,0,0,2,7,0.02,0,6,3
252,614,0,0,5,0,35,0,1,MOVING_TO_FIELD,Field_20,1,MOVING_TO_FIELD,Field_20,1,PROTECTING,Field_4,1,PROTECTING,Field_4,1,PROTECTING,Field_5,1,MOVING_TO_FIELD,Field_5,1,MOVING_TO_FIELD,Field_5,1,MOVING_TO_FIELD,Field_5,1,PROTECTING,Field_5,1,MOVING_TO_FIELD,Field_5,1,MOVING_TO_FIELD,Field_20,1,MOVING_TO_FIELD,Field_4,1,MOVING_TO_FIELD,Field_1,1,MOVING_TO_FIELD,Field_1,1,MOVING_TO_FIELD,Field_1,1,MOVING_TO_FIELD,Field_1,1,MOVING_TO_FIELD,Field_4,1,MOVING_TO_FIELD,Field_4,1,MOVING_TO_FIELD,Field_4,1,MOVING_TO_FIELD,Field_4,1,MOVING_TO_FIELD,Field_20,1,MOVING_TO_FIELD,Field_20,1,MOVING_TO_FIELD,Field_2,1,MOVING_TO_FIELD,Field_2,1,MOVING_TO_FIELD,Field_9,1,MOVING_TO_FIELD,Field_3,1,MOVING_TO_FIELD,Field_4,1,MOVING_TO_FIELD,Field_4,1,MOVING_TO_FIELD,Field_6,1,MOVING_TO_FIELD,Field_6,1,MOVING_TO_FIELD,Field_9,1,MOVING_TO_FIELD,Field_3,1,MOVING_TO_FIELD,Field_9,1,MOVING_TO_FIELD,Field_7,1,MOVING_TO_FIELD,Field_7,1,MOVING_TO_FIELD,Field_20,1,PROTECTING,Field_7,1,MOVING_TO_FIELD,Field_9,1,MOVING_TO_FIELD,Field_9,1,MOVING_TO_FIELD,Field_4,48,0.04,0,4,4,20,0.10,0,2,2,0,0.04,0,2,4,16,0.09,2,8,2,14,0.02,2,4,0,22,0.07,0,2,4,8,0.07,1,2,2,17,0.09,0,0,2,0,0.08,0,5,3,80,0.25,0,0,6,57,0.16,0,0,4,29,0.06,0,0,1,2,0.07,0,0,2,61,0.28,0,0,6,79,0.21,0,0,6,35,0.10,0,0,2,46,0.08,0,0,2,72,0.00,0,0,1,1,0.08,0,0,2,7,0.02,0,6,3
253,614,0,0,5,0,35,0,1,MOVING_TO_FIELD,Field_20,1,MOVING_TO_FIELD,Field_20,1,PROTECTING,Field_4,1,PROTECTING,Field_4,1,PROTECTING,Field_5,1,MOVING_TO_FIELD,Field_5,1,MOVING_TO_FIELD,Field_5,1,MOVING_TO_FIELD,Field_5,1,PROTECTING,Field_5,1,MOVING_TO_FIELD,Field_5,1,MOVING_TO_FIELD,Field_20,1,MOVING_TO_FIELD,Field_4,1,MOVING_TO_FIELD,Field_1,1,MOVING_TO_FIELD,Field_1,1,MOVING_TO_FIELD,Field_1,1,MOVING_TO_FIELD,Field_1,1,MOVING_TO_FIELD,Field_4,1,MOVING_TO_FIELD,Field_4,1,MOVING_TO_FIELD,Field_4,1,MOVING_TO_FIELD,Field_4,1,MOVING_TO_FIELD,Field_20,1,MOVING_TO_FIELD,Field_20,1,MOVING_TO_FIELD,Field_2,1,MOVING_TO_FIELD,Field_2,1,MOVING_TO_FIELD,Field_9,1,MOVING_TO_FIELD,Field_3,1,MOVING_TO_FIELD,Field_4,1,MOVING_TO_FIELD,Field_4,1,MOVING_TO_FIELD,Field_6,1,MOVING_TO_FIELD,Field_6,1,MOVING_TO_FIELD,Field_9,1,MOVING_TO_FIELD,Field_3,1,MOVING_TO_FIELD,Field_9,1,MOVING_TO_FIELD,Field_7,1,MOVING_TO_FIELD,Field_7,1,MOVING_TO_FIELD,Field_20,1,PROTECTING,Field_7,1,MOVING_TO_FIELD,Field_9,1,MOVING_TO_FIELD,Field_9,1,MOVING_TO_FIELD,Field_4,48,0.04,0,4,4,20,0.09,0,2,2,0,0.03,0,2,4,16,0.09,2,8,2,14,0.02,2,4,0,22,0.05,0,2,4,8,0.06,1,2,2,17,0.09,0,0,2,0,0.08,0,5,3,80,0.24,0,0,6,57,0.14,0,0,4,29,0.06,0,0,1,2,0.07,0,0,2,61,0.28,0,0,6,79,0.21,0,0,6,35,0.10,0,0,2,46,0.07,0,0,2,72,0.00,0,0,1,1,0.08,0,0,2,7,0.04,0,6,3
254,616,0,0,7,0,33,0,1,MOVING_TO_FIELD,Field_20,1,MOVING_TO_FIELD,Field_20,1,PROTECTING,Field_4,1,PROTECTING,Field_4,1,PROTECTING,Field_5,1,PROTECTING,Field_5,1,MOVING_TO_FIELD,Field_5,1,MOVING_TO_FIELD,Field_5,1,PROTECTING,Field_5,1,MOVING_TO_FIELD,Field_5,1,MOVING_TO_FIELD,Field_20,1,MOVING_TO_FIELD,Field_4,1,MOVING_TO_FIELD,Field_1,1,MOVING_TO_FIELD,Field_1,1,MOVING_TO_FIELD,Field_1,1,MOVING_TO_FIELD,Field_1,1,MOVING_TO_FIELD,Field_4,1,MOVING_TO_FIELD,Field_4,1,MOVING_TO_FIELD,Field_4,1,MOVING_TO_FIELD,Field_4,1,MOVING_TO_FIELD,Field_20,1,MOVING_TO_FIELD,Field_20,1,MOVING_TO_FIELD,Field_2,1,MOVING_TO_FIELD,Field_2,1,MOVING_TO_FIELD,Field_9,1,MOVING_TO_FIELD,Field_3,1,MOVING_TO_FIELD,Field_4,1,MOVING_TO_FIELD,Field_4,1,MOVING_TO_FIELD,Field_6,1,MOVING_TO_FIELD,Field_6,1,MOVING_TO_FIELD,Field_9,1,PROTECTING,Field_3,1,MOVING_TO_FIELD,Field_9,1,MOVING_TO_FIELD,Field_7,1,MOVING_TO_FIELD,Field_7,1,MOVING_TO_FIELD,Field_20,1,PROTECTING,Field_7,1,MOVING_TO_FIELD,Field_9,1,MOVING_TO_FIELD,Field_9,1,MOVING_TO_FIELD,Field_4,48,0.04,0,4,4,21,0.08,0,2,2,0,0.03,1,1,3,16,0.10,2,8,2,14,0.02,3,3,-1,22,0.07,0,2,4,8,0.06,1,2,2,17,0.07,0,0,2,0,0.07,0,5,3,80,0.25,0,0,6,57,0.13,0,0,4,29,0.06,0,0,1,2,0.07,0,0,2,61,0.27,0,0,6,79,0.21,0,0,6,36,0.10,0,0,2,46,0.07,0,0,2,72,0.00,0,0,1,1,0.06,0,0,2,7,0.06,0,6,3
255,619,0,0,8,0,32,0,1,MOVING_TO_FIELD,Field_20,1,MOVING_TO_FIELD,Field_20,1,PROTECTING,Field_4,1,PROTECTING,Field_4,1,PROTECTING,Field_5,1,PROTECTING,Field_5,1,PROTECTING,Field_5,1,MOVING_TO_FIELD,Field_5,1,PROTECTING,Field_5,1,MOVING_TO_FIELD,Field_5,1,MOVING_TO_FIELD,Field_20,1,MOVING_TO_FIELD,Field_4,1,MOVING_TO_FIELD,Field_1,1,MOVING_TO_FIELD,Field_1,1,MOVING_TO_FIELD,Field_1,1,MOVING_TO_FIELD,Field_1,1,MOVING_TO_FIELD,Field_4,1,MOVING_TO_FIELD,Field_4,1,MOVING_TO_FIELD,Field_4,1,MOVING_TO_FIELD,Field_4,1,MOVING_TO_FIELD,Field_20,1,MOVING_TO_FIELD,Field_20,1,MOVING_TO_FIELD,Field_2,1,MOVING_TO_FIELD,Field_2,1,MOVING_TO_FIELD,Field_9,1,MOVING_TO_FIELD,Field_3,1,MOVING_TO_FIELD,Field_4,1,MOVING_TO_FIELD,Field_4,1,MOVING_TO_FIELD,Field_6,1,MOVING_TO_FIELD,Field_6,1,MOVING_TO_FIELD,Field_9,1,PROTECTING,Field_3,1,MOVING_TO_FIELD,Field_9,1,MOVING_TO_FIELD,Field_7,1,MOVING_TO_FIELD,Field_7,1,MOVING_TO_FIELD,Field_20,1,PROTECTING,Field_7,1,MOVING_TO_FIELD,Field_9,1,MOVING_TO_FIELD,Field_9,1,MOVING_TO_FIELD,Field_4,48,0.04,0,4,4,21,0.08,0,2,2,0,0.04,1,1,3,16,0.12,2,8,2,14,0.02,4,2,-2,22,0.07,0,2,4,8,0.06,1,2,2,17,0.07,0,0,2,0,0.08,0,5,3,80,0.25,0,0,6,58,0.13,0,0,4,29,0.06,0,0,1,3,0.09,0,0,2,61,0.28,0,0,6,80,0.19,0,0,6,36,0.10,0,0,2,46,0.07,0,0,2,72,0.00,0,0,1,1,0.06,0,0,2,7,0.06,0,6,3
256,620,0,0,9,0,31,0,1,MOVING_TO_FIELD,Field_20,1,MOVING_TO_FIELD,Field_20,1,PROTECTING,Field_4,1,PROTECTING,Field_4,1,PROTECTING,Field_5,1,PROTECTING,Field_5,1,PROTECTING,Field_5,1,MOVING_TO_FIELD,Field_5,1,PROTECTING,Field_5,1,MOVING_TO_FIELD,Field_5,1,MOVING_TO_FIELD,Field_20,1,MOVING_TO_FIELD,Field_4,1,MOVING_TO_FIELD,Field_1,1,MOVING_TO_FIELD,Field_1,1,MOVING_TO_FIELD,Field_1,1,MOVING_TO_FIELD,Field_1,1,MOVING_TO_FIELD,Field_4,1,MOVING_TO_FIELD,Field_4,1,MOVING_TO_FIELD,Field_4,1,MOVING_TO_FIELD,Field_4,1,MOVING_TO_FIELD,Field_20,1,MOVING_TO_FIELD,Field_20,1,MOVING_TO_FIELD,Field_2,1,MOVING_TO_FIELD,Field_2,1,MOVING_TO_FIELD,Field_9,1,MOVING_TO_FIELD,Field_3,1,MOVING_TO_FIELD,Field_4,1,MOVING_TO_FIELD,Field_4,1,MOVING_TO_FIELD,Field_6,1,MOVING_TO_FIELD,Field_6,1,MOVING_TO_FIELD,Field_9,1,PROTECTING,Field_3,1,MOVING_TO_FIELD,Field_9,1,MOVING_TO_FIELD,Field_7,1,MOVING_TO_FIELD,Field_7,1,MOVING_TO_FIELD,Field_20,1,PROTECTING,Field_7,1,MOVING_TO_FIELD,Field_9,1,PROTECTING,Field_9,1,MOVING_TO_FIELD,Field_4,48,0.04,0,4,4,21,0.07,0,2,2,0,0.05,1,1,3,16,0.14,2,8,2,14,0.02,4,2,-2,22,0.07,0,2,4,8,0.05,1,2,2,17,0.07,0,0,2,0,0.07,1,4,2,80,0.25,0,0,6,58,0.13,0,0,4,29,0.06,0,0,1,3,0.09,0,0,2,61,0.27,0,0,6,81,0.19,0,0,6,36,0.09,0,0,2,46,0.07,0,0,2,72,0.00,0,0,1,1,0.06,0,0,2,7,0.06,0,6,3
257,621,0,0,10,0,30,0,1,MOVING_TO_FIELD,Field_20,1,MOVING_TO_FIELD,Field_20,1,PROTECTING,Field_4,1,PROTECTING,Field_4,1,PROTECTING,Field_5,1,PROTECTING,Field_5,1,PROTECTING,Field_5,1,MOVING_TO_FIELD,Field_5,1,PROTECTING,Field_5,1,MOVING_TO_FIELD,Field_5,1,MOVING_TO_FIELD,Field_20,1,MOVING_TO_FIELD,Field_4,1,MOVING_TO_FIELD,Field_1,1,MOVING_TO_FIELD,Field_1,1,MOVING_TO_FIELD,Field_1,1,MOVING_TO_FIELD,Field_1,1,MOVING_TO_FIELD,Field_4,1,MOVING_TO_FIELD,Field_4,1,MOVING_TO_FIELD,Field_4,1,MOVING_TO_FIELD,Field_4,1,MOVING_TO_FIELD,Field_20,1,MOVING_TO_FIELD,Field_20,1,MOVING_TO_FIELD,Field_2,1,MOVING_TO_FIELD,Field_2,1,MOVING_TO_FIELD,Field_9,1,MOVING_TO_FIELD,Field_3,1,MOVING_TO_FIELD,Field_4,1,MOVING_TO_FIELD,Field_4,1,MOVING_TO_FIELD,Field_6,1,MOVING_TO_FIELD,Field_6,1,MOVING_TO_FIELD,Field_9,1,PROTECTING,Field_3,1,MOVING_TO_FIELD,Field_9,1,MOVING_TO_FIELD,Field_7,1,PROTECTING,Field_7,1,MOVING_TO_FIELD,Field_20,1,PROTECTING,Field_7,1,MOVING_TO_FIELD,Field_9,1,PROTECTING,Field_9,1,MOVING_TO_FIELD,Field_4,48,0.04,0,4,4,21,0.07,0,2,2,0,0.05,1,1,3,16,0.14,2,8,2,14,0.02,4,2,-2,22,0.07,0,2,4,8,0.04,2,1,1,17,0.07,0,0,2,0,0.06,1,4,2,80,0.24,0,0,6,58,0.13,0,0,4,29,0.06,0,0,1,3,0.09,0,0,2,61,0.28,0,0,6,81,0.19,0,0,6,37,0.11,0,0,2,46,0.07,0,0,2,72,0.00,0,0,1,1,0.06,0,0,2,7,0.06,0,6,3
258,622,0,0,12,0,28,0,1,MOVING_TO_FIELD,Field_20,1,MOVING_TO_FIELD,Field_20,1,PROTECTING,Field_4,1,PROTECTING,Field_4,1,PROTECTING,Field_5,1,PROTECTING,Field_5,1,PROTECTING,Field_5,1,MOVING_TO_FIELD,Field_5,1,PROTECTING,Field_5,1,PROTECTING,Field_5,1,MOVING_TO_FIELD,Field_20,1,MOVING_TO_FIELD,Field_4,1,MOVING_TO_FIELD,Field_1,1,MOVING_TO_FIELD,Field_1,1,MOVING_TO_FIELD,Field_1,1,MOVING_TO_FIELD,Field_1,1,MOVING_TO_FIELD,Field_4,1,MOVING_TO_FIELD,Field_4,1,MOVING_TO_FIELD,Field_4,1,MOVING_TO_FIELD,Field_4,1,MOVING_TO_FIELD,Field_20,1,MOVING_TO_FIELD,Field_20,1,MOVING_TO_FIELD,Field_2,1,MOVING_TO_FIELD,Field_2,1,MOVING_TO_FIELD,Field_9,1,MOVING_TO_FIELD,Field_3,1,MOVING_TO_FIELD,Field_4,1,MOVING_TO_FIELD,Field_4,1,MOVING_TO_FIELD,Field_6,1,MOVING_TO_FIELD,Field_6,1,MOVING_TO_FIELD,Field_9,1,PROTECTING,Field_3,1,MOVING_TO_FIELD,Field_9,1,PROTECTING,Field_7,1,PROTECTING,Field_7,1,MOVING_TO_FIELD,Field_20,1,PROTECTING,Field_7,1,MOVING_TO_FIELD,Field_9,1,PROTECTING,Field_9,1,MOVING_TO_FIELD,Field_4,48,0.04,0,4,4,21,0.07,0,2,2,0,0.04,1,1,3,16,0.14,2,8,2,14,0.02,5,1,-3,22,0.07,0,2,4,8,0.04,3,0,0,17,0.07,0,0,2,0,0.03,1,4,2,80,0.24,0,0,6,58,0.14,0,0,4,29,0.06,0,0,1,3,0.09,0,0,2,61,0.28,0,0,6,82,0.22,0,0,6,37,0.10,0,0,2,46,0.08,0,0,2,72,0.00,0,0,1,1,0.06,0,0,2,7,0.06,0,6,3
259,623,0,0,13,0,27,0,1,MOVING_TO_FIELD,Field_20,1,MOVING_TO_FIELD,Field_20,1,PROTECTING,Field_4,1,PROTECTING,Field_4,1,PROTECTING,Field_5,1,PROTECTING,Field_5,1,PROTECTING,Field_5,1,PROTECTING,Field_5,1,PROTECTING,Field_5,1,PROTECTING,Field_5,1,MOVING_TO_FIELD,Field_20,1,MOVING_TO_FIELD,Field_4,1,MOVING_TO_FIELD,Field_1,1,MOVING_TO_FIELD,Field_1,1,MOVING_TO_FIELD,Field_1,1,MOVING_TO_FIELD,Field_1,1,MOVING_TO_FIELD,Field_4,1,MOVING_TO_FIELD,Field_4,1,MOVING_TO_FIELD,Field_4,1,MOVING_TO_FIELD,Field_4,1,MOVING_TO_FIELD,Field_20,1,MOVING_TO_FIELD,Field_20,1,MOVING_TO_FIELD,Field_2,1,MOVING_TO_FIELD,Field_2,1,MOVING_TO_FIELD,Field_9,1,MOVING_TO_FIELD,Field_3,1,MOVING_TO_FIELD,Field_4,1,MOVING_TO_FIELD,Field_4,1,MOVING_TO_FIELD,Field_6,1,MOVING_TO_FIELD,Field_6,1,MOVING_TO_FIELD,Field_9,1,PROTECTING,Field_3,1,MOVING_TO_FIELD,Field_9,1,PROTECTING,Field_7,1,PROTECTING,Field_7,1,MOVING_TO_FIELD,Field_20,1,PROTECTING,Field_7,1,MOVING_TO_FIELD,Field_9,1,PROTECTING,Field_9,1,MOVING_TO_FIELD,Field_4,48,0.04,0,4,4,21,0.07,0,2,2,0,0.04,1,1,3,16,0.14,2,8,2,14,0.01,6,0,-4,22,0.07,0,2,4,8,0.04,3,0,0,17,0.07,0,0,2,0,0.02,1,4,2,80,0.23,0,0,6,58,0.16,0,0,4,29,0.06,0,0,1,3,0.11,0,0,2,61,0.24,0,0,6,82,0.22,0,0,6,37,0.11,0,0,2,47,0.08,0,0,2,72,0.00,0,0,1,1,0.06,0,0,2,7,0.06,0,6,3
260,624,0,0,14,0,26,0,1,MOVING_TO_FIELD,Field_20,1,MOVING_TO_FIELD,Field_20,1,PROTECTING,Field_4,1,PROTECTING,Field_4,1,PROTECTING,Field_5,1,PROTECTING,Field_5,1,PROTECTING,Field_5,1,PROTECTING,Field_5,1,PROTECTING,Field_5,1,PROTECTING,Field_5,1,MOVING_TO_FIELD,Field_20,1,MOVING_TO_FIELD,Field_4,1,MOVING_TO_FIELD,Field_1,1,MOVING_TO_FIELD,Field_1,1,MOVING_TO_FIELD,Field_1,1,MOVING_TO_FIELD,Field_1,1,MOVING_TO_FIELD,Field_4,1,MOVING_TO_FIELD,Field_4,1,MOVING_TO_FIELD,Field_4,1,MOVING_TO_FIELD,Field_4,1,MOVING_TO_FIELD,Field_20,1,MOVING_TO_FIELD,Field_20,1,MOVING_TO_FIELD,Field_2,1,MOVING_TO_FIELD,Field_2,1,MOVING_TO_FIELD,Field_9,1,MOVING_TO_FIELD,Field_3,1,MOVING_TO_FIELD,Field_4,1,MOVING_TO_FIELD,Field_4,1,MOVING_TO_FIELD,Field_6,1,MOVING_TO_FIELD,Field_6,1,MOVING_TO_FIELD,Field_9,1,PROTECTING,Field_3,1,PROTECTING,Field_9,1,PROTECTING,Field_7,1,PROTECTING,Field_7,1,MOVING_TO_FIELD,Field_20,1,PROTECTING,Field_7,1,MOVING_TO_FIELD,Field_9,1,PROTECTING,Field_9,1,MOVING_TO_FIELD,Field_4,48,0.04,0,4,4,21,0.07,0,2,2,0,0.04,1,1,3,16,0.14,2,8,2,14,0.01,6,0,-4,22,0.07,0,2,4,8,0.04,3,0,0,17,0.06,0,0,2,0,0.02,2,3,1,80,0.24,0,0,6,58,0.13,0,0,4,29,0.06,0,0,1,3,0.11,0,0,2,61,0.24,0,0,6,83,0.22,0,0,6,37,0.10,0,0,2,47,0.08,0,0,2,72,0.00,0,0,1,1,0.06,0,0,2,7,0.08,0,6,3
261,624,0,0,2,0,38,0,1,MOVING_TO_FIELD,Field_20,1,MOVING_TO_FIELD,Field_20,1,PROTECTING,Field_4,1,PROTECTING,Field_4,1,MOVING_TO_FIELD,Field_4,1,MOVING_TO_FIELD,Field_4,1,MOVING_TO_FIELD,Field_4,1,MOVING_TO_FIELD,Field_4,1,MOVING_TO_FIELD,Field_1,1,MOVING_TO_FIELD,Field_1,1,MOVING_TO_FIELD,Field_20,1,MOVING_TO_FIELD,Field_4,1,MOVING_TO_FIELD,Field_5,1,MOVING_TO_FIELD,Field_5,1,MOVING_TO_FIELD,Field_5,1,MOVING_TO_FIELD,Field_5,1,MOVING_TO_FIELD,Field_4,1,MOVING_TO_FIELD,Field_4,1,MOVING_TO_FIELD,Field_4,1,MOVING_TO_FIELD,Field_5,1,MOVING_TO_FIELD,Field_1,1,MOVING_TO_FIELD,Field_1,1,MOVING_TO_FIELD,Field_3,1,MOVING_TO_FIELD,Field_3,1,MOVING_TO_FIELD,Field_20,1,MOVING_TO_FIELD,Field_6,1,MOVING_TO_FIELD,Field_5,1,MOVING_TO_FIELD,Field_6,1,MOVING_TO_FIELD,Field_7,1,MOVING_TO_FIELD,Field_7,1,MOVING_TO_FIELD,Field_20,1,MOVING_TO_FIELD,Field_6,1,MOVING_TO_FIELD,Field_6,1,MOVING_TO_FIELD,Field_6,1,MOVING_TO_FIELD,Field_6,1,MOVING_TO_FIELD,Field_20,1,MOVING_TO_FIELD,Field_2,1,MOVING_TO_FIELD,Field_2,1,MOVING_TO_FIELD,Field_8,1,MOVING_TO_FIELD,Field_8,48,0.04,0,4,4,21,0.07,0,2,2,0,0.04,0,2,4,16,0.13,2,8,2,14,0.01,0,6,2,22,0.07,0,6,4,8,0.04,0,2,3,17,0.06,0,2,2,0,0.02,0,0,3,80,0.24,0,0,6,58,0.13,0,0,4,29,0.06,0,0,1,3,0.11,0,0,2,61,0.24,0,0,6,83,0.21,0,0,6,37,0.10,0,0,2,47,0.07,0,0,2,72,0.00,0,0,1,1,0.06,0,0,2,7,0.08,0,6,3
262,625,0,0,2,0,38,0,1,MOVING_TO_FIELD,Field_20,1,MOVING_TO_FIELD,Field_20,1,PROTECTING,Field_4,1,PROTECTING,Field_4,1,MOVING_TO_FIELD,Field_4,1,MOVING_TO_FIELD,Field_4,1,MOVING_TO_FIELD,Field_4,1,MOVING_TO_FIELD,Field_4,1,MOVING_TO_FIELD,Field_1,1,MOVING_TO_FIELD,Field_1,1,MOVING_TO_FIELD,Field_20,1,MOVING_TO_FIELD,Field_4,1,MOVING_TO_FIELD,Field_5,1,MOVING_TO_FIELD,Field_5,1,MOVING_TO_FIELD,Field_5,1,MOVING_TO_FIELD,Field_5,1,MOVING_TO_FIELD,Field_4,1,MOVING_TO_FIELD,Field_4,1,MOVING_TO_FIELD,Field_4,1,MOVING_TO_FIELD,Field_5,1,MOVING_TO_FIELD,Field_1,1,MOVING_TO_FIELD,Field_1,1,MOVING_TO_FIELD,Field_3,1,MOVING_TO_FIELD,Field_3,1,MOVING_TO_FIELD,Field_20,1,MOVING_TO_FIELD,Field_6,1,MOVING_TO_FIELD,Field_5,1,MOVING_TO_FIELD,Field_6,1,MOVING_TO_FIELD,Field_7,1,MOVING_TO_FIELD,Field_7,1,MOVING_TO_FIELD,Field_20,1,MOVING_TO_FIELD,Field_6,1,MOVING_TO_FIELD,Field_6,1,MOVING_TO_FIELD,Field_6,1,MOVING_TO_FIELD,Field_6,1,MOVING_TO_FIELD,Field_20,1,MOVING_TO_FIELD,Field_2,1,MOVING_TO_FIELD,Field_2,1,MOVING_TO_FIELD,Field_8,1,MOVING_TO_FIELD,Field_8,48,0.05,0,4,4,21,0.07,0,2,2,0,0.04,0,2,4,16,0.12,2,8,2,14,0.00,0,6,2,22,0.08,0,6,4,8,0.04,0,2,3,17,0.06,0,2,2,0,0.04,0,0,3,81,0.24,0,0,6,58,0.13,0,0,4,29,0.06,0,0,1,3,0.11,0,0,2,61,0.24,0,0,6,83,0.22,0,0,6,37,0.10,0,0,2,47,0.07,0,0,2,72,0.00,0,0,1,1,0.06,0,0,2,7,0.08,0,6,3
263,628,0,0,2,0,38,0,1,MOVING_TO_FIELD,Field_20,1,MOVING_TO_FIELD,Field_20,1,PROTECTING,Field_4,1,PROTECTING,Field_4,1,MOVING_TO_FIELD,Field_4,1,MOVING_TO_FIELD,Field_4,1,MOVING_TO_FIELD,Field_4,1,MOVING_TO_FIELD,Field_4,1,MOVING_TO_FIELD,Field_1,1,MOVING_TO_FIELD,Field_1,1,MOVING_TO_FIELD,Field_20,1,MOVING_TO_FIELD,Field_4,1,MOVING_TO_FIELD,Field_5,1,MOVING_TO_FIELD,Field_5,1,MOVING_TO_FIELD,Field_5,1,MOVING_TO_FIELD,Field_5,1,MOVING_TO_FIELD,Field_4,1,MOVING_TO_FIELD,Field_4,1,MOVING_TO_FIELD,Field_4,1,MOVING_TO_FIELD,Field_5,1,MOVING_TO_FIELD,Field_1,1,MOVING_TO_FIELD,Field_1,1,MOVING_TO_FIELD,Field_3,1,MOVING_TO_FIELD,Field_3,1,MOVING_TO_FIELD,Field_20,1,MOVING_TO_FIELD,Field_6,1,MOVING_TO_FIELD,Field_5,1,MOVING_TO_FIELD,Field_6,1,MOVING_TO_FIELD,Field_7,1,MOVING_TO_FIELD,Field_7,1,MOVING_TO_FIELD,Field_20,1,MOVING_TO_FIELD,Field_6,1,MOVING_TO_FIELD,Field_6,1,MOVING_TO_FIELD,Field_6,1,MOVING_TO_FIELD,Field_6,1,MOVING_TO_FIELD,Field_20,1,MOVING_TO_FIELD,Field_2,1,MOVING_TO_FIELD,Field_2,1,MOVING_TO_FIELD,Field_8,1,MOVING_TO_FIELD,Field_8,48,0.05,0,4,4,21,0.07,0,2,2,0,0.05,0,2,4,16,0.12,2,8,2,14,0.00,0,6,2,22,0.09,0,6,4,8,0.04,0,2,3,17,0.06,0,2,2,0,0.04,0,0,3,81,0.23,0,0,6,58,0.13,0,0,4,29,0.09,0,0,1,4,0.11,0,0,2,61,0.23,0,0,6,83,0.22,0,0,6,38,0.10,0,0,2,48,0.08,0,0,2,72,0.00,0,0,1,1,0.08,0,0,2,7,0.08,0,6,3
264,628,0,0,2,0,38,0,1,MOVING_TO_FIELD,Field_20,1,MOVING_TO_FIELD,Field_20,1,PROTECTING,Field_4,1,PROTECTING,Field_4,1,MOVING_TO_FIELD,Field_4,1,MOVING_TO_FIELD,Field_4,1,MOVING_TO_FIELD,Field_4,1,MOVING_TO_FIELD,Field_4,1,MOVING_TO_FIELD,Field_1,1,MOVING_TO_FIELD,Field_1,1,MOVING_TO_FIELD,Field_20,1,MOVING_TO_FIELD,Field_4,1,MOVING_TO_FIELD,Field_5,1,MOVING_TO_FIELD,Field_5,1,MOVING_TO_FIELD,Field_5,1,MOVING_TO_FIELD,Field_5,1,MOVING_TO_FIELD,Field_4,1,MOVING_TO_FIELD,Field_4,1,MOVING_TO_FIELD,Field_4,1,MOVING_TO_FIELD,Field_5,1,MOVING_TO_FIELD,Field_1,1,MOVING_TO_FIELD,Field_1,1,MOVING_TO_FIELD,Field_3,1,MOVING_TO_FIELD,Field_3,1,MOVING_TO_FIELD,Field_20,1,MOVING_TO_FIELD,Field_6,1,MOVING_TO_FIELD,Field_5,1,MOVING_TO_FIELD,Field_6,1,MOVING_TO_FIELD,Field_7,1,MOVING_TO_FIELD,Field_7,1,MOVING_TO_FIELD,Field_20,1,MOVING_TO_FIELD,Field_6,1,MOVING_TO_FIELD,Field_6,1,MOVING_TO_FIELD,Field_6,1,MOVING_TO_FIELD,Field_6,1,MOVING_TO_FIELD,Field_20,1,MOVING_TO_FIELD,Field_2,1,MOVING_TO_FIELD,Field_2,1,MOVING_TO_FIELD,Field_8,1,MOVING_TO_FIELD,Field_8,48,0.05,0,4,4,21,0.07,0,2,2,0,0.05,0,2,4,16,0.13,2,8,2,14,0.01,0,6,2,22,0.08,0,6,4,8,0.05,0,2,3,17,0.06,0,2,2,0,0.04,0,0,3,81,0.23,0,0,6,58,0.14,0,0,4,29,0.09,0,0,1,4,0.11,0,0,2,61,0.23,0,0,6,83,0.22,0,0,6,38,0.09,0,0,2,48,0.08,0,0,2,72,0.00,0,0,1,1,0.11,0,0,2,7,0.10,0,6,3
265,628,0,0,2,0,38,0,1,MOVING_TO_FIELD,Field_20,1,MOVING_TO_FIELD,Field_20,1,PROTECTING,Field_4,1,PROTECTING,Field_4,1,MOVING_TO_FIELD,Field_4,1,MOVING_TO_FIELD,Field_4,1,MOVING_TO_FIELD,Field_4,1,MOVING_TO_FIELD,Field_4,1,MOVING_TO_FIELD,Field_1,1,MOVING_TO_FIELD,Field_1,1,MOVING_TO_FIELD,Field_20,1,MOVING_TO_FIELD,Field_4,1,MOVING_TO_FIELD,Field_5,1,MOVING_TO_FIELD,Field_5,1,MOVING_TO_FIELD,Field_5,1,MOVING_TO_FIELD,Field_5,1,MOVING_TO_FIELD,Field_4,1,MOVING_TO_FIELD,Field_4,1,MOVING_TO_FIELD,Field_4,1,MOVING_TO_FIELD,Field_5,1,MOVING_TO_FIELD,Field_1,1,MOVING_TO_FIELD,Field_1,1,MOVING_TO_FIELD,Field_3,1,MOVING_TO_FIELD,Field_3,1,MOVING_TO_FIELD,Field_20,1,MOVING_TO_FIELD,Field_6,1,MOVING_TO_FIELD,Field_5,1,MOVING_TO_FIELD,Field_6,1,MOVING_TO_FIELD,Field_7,1,MOVING_TO_FIELD,Field_7,1,MOVING_TO_FIELD,Field_20,1,MOVING_TO_FIELD,Field_6,1,MOVING_TO_FIELD,Field_6,1,MOVING_TO_FIELD,Field_6,1,MOVING_TO_FIELD,Field_6,1,MOVING_TO_FIELD,Field_20,1,MOVING_TO_FIELD,Field_2,1,MOVING_TO_FIELD,Field_2,1,MOVING_TO_FIELD,Field_8,1,MOVING_TO_FIELD,Field_8,48,0.05,0,4,4,21,0.05,0,2,2,0,0.06,0,2,4,16,0.13,2,8,2,14,0.01,0,6,2,22,0.08,0,6,4,8,0.05,0,2,3,17,0.04,0,2,2,0,0.04,0,0,3,81,0.23,0,0,6,58,0.14,0,0,4,29,0.06,0,0,1,4,0.11,0,0,2,61,0.23,0,0,6,83,0.22,0,0,6,38,0.09,0,0,2,48,0.10,0,0,2,72,0.00,0,0,1,1,0.11,0,0,2,7,0.10,0,6,3
266,630,0,0,2,0,38,0,1,MOVING_TO_FIELD,Field_20,1,MOVING_TO_FIELD,Field_20,1,PROTECTING,Field_4,1,PROTECTING,Field_4,1,MOVING_TO_FIELD,Field_4,1,MOVING_TO_FIELD,Field_4,1,MOVING_TO_FIELD,Field_4,1,MOVING_TO_FIELD,Field_4,1,MOVING_TO_FIELD,Field_1,1,MOVING_TO_FIELD,Field_1,1,MOVING_TO_FIELD,Field_20,1,MOVING_TO_FIELD,Field_4,1,MOVING_TO_FIELD,Field_5,1,MOVING_TO_FIELD,Field_5,1,MOVING_TO_FIELD,Field_5,1,MOVING_TO_FIELD,Field_5,1,MOVING_TO_FIELD,Field_4,1,MOVING_TO_FIELD,Field_4,1,MOVING_TO_FIELD,Field_4,1,MOVING_TO_FIELD,Field_5,1,MOVING_TO_FIELD,Field_1,1,MOVING_TO_FIELD,Field_1,1,MOVING_TO_FIELD,Field_3,1,MOVING_TO_FIELD,Field_3,1,MOVING_TO_FIELD,Field_20,1,MOVING_TO_FIELD,Field_6,1,MOVING_TO_FIELD,Field_5,1,MOVING_TO_FIELD,Field_6,1,MOVING_TO_FIELD,Field_7,1,MOVING_TO_FIELD,Field_7,1,MOVING_TO_FIELD,Field_20,1,MOVING_TO_FIELD,Field_6,1,MOVING_TO_FIELD,Field_6,1,MOVING_TO_FIELD,Field_6,1,MOVING_TO_FIELD,Field_6,1,MOVING_TO_FIELD,Field_20,1,MOVING_TO_FIELD,Field_2,1,MOVING_TO_FIELD,Field_2,1,MOVING_TO_FIELD,Field_8,1,MOVING_TO_FIELD,Field_8,48,0.05,0,4,4,21,0.05,0,2,2,0,0.05,0,2,4,16,0.13,2,8,2,14,0.01,0,6,2,22,0.09,0,6,4,8,0.05,0,2,3,17,0.04,0,2,2,0,0.06,0,0,3,82,0.23,0,0,6,58,0.16,0,0,4,29,0.06,0,0,1,4,0.11,0,0,2,61,0.23,0,0,6,83,0.22,0,0,6,39,0.07,0,0,2,48,0.13,0,0,2,72,0.00,0,0,1,1,0.10,0,0,2,7,0.10,0,6,3
267,632,0,0,2,0,38,0,1,MOVING_TO_FIELD,Field_20,1,MOVING_TO_FIELD,Field_20,1,PROTECTING,Field_4,1,PROTECTING,Field_4,1,MOVING_TO_FIELD,Field_4,1,MOVING_TO_FIELD,Field_4,1,MOVING_TO_FIELD,Field_4,1,MOVING_TO_FIELD,Field_4,1,MOVING_TO_FIELD,Field_1,1,MOVING_TO_FIELD,Field_1,1,MOVING_TO_FIELD,Field_20,1,MOVING_TO_FIELD,Field_4,1,MOVING_TO_FIELD,Field_5,1,MOVING_TO_FIELD,Field_5,1,MOVING_TO_FIELD,Field_5,1,MOVING_TO_FIELD,Field_5,1,MOVING_TO_FIELD,Field_4,1,MOVING_TO_FIELD,Field_4,1,MOVING_TO_FIELD,Field_4,1,MOVING_TO_FIELD,Field_5,1,MOVING_TO_FIELD,Field_1,1,MOVING_TO_FIELD,Field_1,1,MOVING_TO_FIELD,Field_3,1,MOVING_TO_FIELD,Field_3,1,MOVING_TO_FIELD,Field_20,1,MOVING_TO_FIELD,Field_6,1,MOVING_TO_FIELD,Field_5,1,MOVING_TO_FIELD,Field_6,1,MOVING_TO_FIELD,Field_7,1,MOVING_TO_FIELD,Field_7,1,MOVING_TO_FIELD,Field_20,1,MOVING_TO_FIELD,Field_6,1,MOVING_TO_FIELD,Field_6,1,MOVING_TO_FIELD,Field_6,1,MOVING_TO_FIELD,Field_6,1,MOVING_TO_FIELD,Field_20,1,MOVING_TO_FIELD,Field_2,1,MOVING_TO_FIELD,Field_2,1,MOVING_TO_FIELD,Field_8,1,MOVING_TO_FIELD,Field_8,48,0.06,0,4,4,21,0.04,0,2,2,0,0.05,0,2,4,16,0.12,2,8,2,14,0.02,0,6,2,22,0.09,0,6,4,8,0.05,0,2,3,17,0.04,0,2,2,0,0.06,0,0,3,82,0.24,0,0,6,58,0.16,0,0,4,29,0.06,0,0,1,6,0.12,0,0,2,61,0.21,0,0,6,83,0.22,0,0,6,39,0.09,0,0,2,48,0.11,0,0,2,72,0.00,0,0,1,1,0.10,0,0,2,7,0.10,0,6,3
268,633,0,0,2,0,38,0,1,MOVING_TO_FIELD,Field_20,1,MOVING_TO_FIELD,Field_20,1,PROTECTING,Field_4,1,PROTECTING,Field_4,1,MOVING_TO_FIELD,Field_4,1,MOVING_TO_FIELD,Field_4,1,MOVING_TO_FIELD,Field_4,1,MOVING_TO_FIELD,Field_4,1,MOVING_TO_FIELD,Field_1,1,MOVING_TO_FIELD,Field_1,1,MOVING_TO_FIELD,Field_20,1,MOVING_TO_FIELD,Field_4,1,MOVING_TO_FIELD,Field_5,1,MOVING_TO_FIELD,Field_5,1,MOVING_TO_FIELD,Field_5,1,MOVING_TO_FIELD,Field_5,1,MOVING_TO_FIELD,Field_4,1,MOVING_TO_FIELD,Field_4,1,MOVING_TO_FIELD,Field_4,1,MOVING_TO_FIELD,Field_5,1,MOVING_TO_FIELD,Field_1,1,MOVING_TO_FIELD,Field_1,1,MOVING_TO_FIELD,Field_3,1,MOVING_TO_FIELD,Field_3,1,MOVING_TO_FIELD,Field_20,1,MOVING_TO_FIELD,Field_6,1,MOVING_TO_FIELD,Field_5,1,MOVING_TO_FIELD,Field_6,1,MOVING_TO_FIELD,Field_7,1,MOVING_TO_FIELD,Field_7,1,MOVING_TO_FIELD,Field_20,1,MOVING_TO_FIELD,Field_6,1,MOVING_TO_FIELD,Field_6,1,MOVING_TO_FIELD,Field_6,1,MOVING_TO_FIELD,Field_6,1,MOVING_TO_FIELD,Field_20,1,MOVING_TO_FIELD,Field_2,1,MOVING_TO_FIELD,Field_2,1,MOVING_TO_FIELD,Field_8,1,MOVING_TO_FIELD,Field_8,48,0.07,0,4,4,21,0.05,0,2,2,0,0.05,0,2,4,16,0.13,2,8,2,14,0.02,0,6,2,22,0.09,0,6,4,8,0.05,0,2,3,17,0.04,0,2,2,0,0.06,0,0,3,82,0.25,0,0,6,58,0.16,0,0,4,29,0.06,0,0,1,6,0.14,0,0,2,61,0.21,0,0,6,83,0.22,0,0,6,40,0.09,0,0,2,48,0.11,0,0,2,72,0.00,0,0,1,1,0.10,0,0,2,7,0.12,0,6,3
269,634,0,0,2,0,38,0,1,MOVING_TO_FIELD,Field_20,1,MOVING_TO_FIELD,Field_20,1,PROTECTING,Field_4,1,PROTECTING,Field_4,1,MOVING_TO_FIELD,Field_4,1,MOVING_TO_FIELD,Field_4,1,MOVING_TO_FIELD,Field_4,1,MOVING_TO_FIELD,Field_4,1,MOVING_TO_FIELD,Field_1,1,MOVING_TO_FIELD,Field_1,1,MOVING_TO_FIELD,Field_20,1,MOVING_TO_FIELD,Field_4,1,MOVING_TO_FIELD,Field_5,1,MOVING_TO_FIELD,Field_5,1,MOVING_TO_FIELD,Field_5,1,MOVING_TO_FIELD,Field_5,1,MOVING_TO_FIELD,Field_4,1,MOVING_TO_FIELD,Field_4,1,MOVING_TO_FIELD,Field_4,1,MOVING_TO_FIELD,Field_5,1,MOVING_TO_FIELD,Field_1,1,MOVING_TO_FIELD,Field_1,1,MOVING_TO_FIELD,Field_3,1,MOVING_TO_FIELD,Field_3,1,MOVING_TO_FIELD,Field_20,1,MOVING_TO_FIELD,Field_6,1,MOVING_TO_FIELD,Field_5,1,MOVING_TO_FIELD,Field_6,1,MOVING_TO_FIELD,Field_7,1,MOVING_TO_FIELD,Field_7,1,MOVING_TO_FIELD,Field_20,1,MOVING_TO_FIELD,Field_6,1,MOVING_TO_FIELD,Field_6,1,MOVING_TO_FIELD,Field_6,1,MOVING_TO_FIELD,Field_6,1,MOVING_TO_FIELD,Field_20,1,MOVING_TO_FIELD,Field_2,1,MOVING_TO_FIELD,Field_2,1,MOVING_TO_FIELD,Field_8,1,MOVING_TO_FIELD,Field_8,48,0.07,0,4,4,21,0.05,0,2,2,0,0.04,0,2,4,16,0.16,2,8,2,14,0.01,0,6,2,22,0.09,0,6,4,8,0.05,0,2,3,17,0.03,0,2,2,0,0.04,0,0,3,83,0.26,0,0,6,58,0.18,0,0,4,29,0.06,0,0,1,6,0.14,0,0,2,61,0.21,0,0,6,83,0.22,0,0,6,40,0.09,0,0,2,48,0.13,0,0,2,72,0.00,0,0,1,1,0.11,0,0,2,7,0.14,0,6,3
270,636,0,0,3,0,37,0,1,MOVING_TO_FIELD,Field_20,1,MOVING_TO_FIELD,Field_20,1,PROTECTING,Field_4,1,PROTECTING,Field_4,1,MOVING_TO_FIELD,Field_4,1,MOVING_TO_FIELD,Field_4,1,MOVING_TO_FIELD,Field_4,1,MOVING_TO_FIELD,Field_4,1,MOVING_TO_FIELD,Field_1,1,MOVING_TO_FIELD,Field_1,1,PROTECTING,Field_20,1,MOVING_TO_FIELD,Field_4,1,MOVING_TO_FIELD,Field_5,1,MOVING_TO_FIELD,Field_5,1,MOVING_TO_FIELD,Field_5,1,MOVING_TO_FIELD,Field_5,1,MOVING_TO_FIELD,Field_4,1,MOVING_TO_FIELD,Field_4,1,MOVING_TO_FIELD,Field_4,1,MOVING_TO_FIELD,Field_5,1,MOVING_TO_FIELD,Field_1,1,MOVING_TO_FIELD,Field_1,1,MOVING_TO_FIELD,Field_3,1,MOVING_TO_FIELD,Field_3,1,MOVING_TO_FIELD,Field_20,1,MOVING_TO_FIELD,Field_6,1,MOVING_TO_FIELD,Field_5,1,MOVING_TO_FIELD,Field_6,1,MOVING_TO_FIELD,Field_7,1,MOVING_TO_FIELD,Field_7,1,MOVING_TO_FIELD,Field_20,1,MOVING_TO_FIELD,Field_6,1,MOVING_TO_FIELD,Field_6,1,MOVING_TO_FIELD,Field_6,1,MOVING_TO_FIELD,Field_6,1,MOVING_TO_FIELD,Field_20,1,MOVING_TO_FIELD,Field_2,1,MOVING_TO_FIELD,Field_2,1,MOVING_TO_FIELD,Field_8,1,MOVING_TO_FIELD,Field_8,48,0.07,0,4,4,21,0.05,0,2,2,0,0.04,0,2,4,16,0.16,2,8,2,14,0.01,0,6,2,22,0.08,0,6,4,8,0.05,0,2,3,17,0.03,0,2,2,0,0.04,0,0,3,84,0.28,0,0,6,59,0.18,0,0,4,29,0.06,0,0,1,6,0.14,0,0,2,61,0.21,0,0,6,83,0.21,0,0,6,40,0.09,0,0,2,48,0.13,0,0,2,72,0.00,0,0,1,1,0.11,0,0,2,7,0.14,1,5,2
271,637,1,0,1,0,38,0,1,MOVING_TO_FIELD,Field_20,1,MOVING_TO_FIELD,Field_20,1,MOVING_TO_FIELD,Field_20,1,MOVING_TO_FIELD,Field_20,1,MOVING_TO_FIELD,Field_20,1,MOVING_TO_FIELD,Field_20,1,MOVING_TO_FIELD,Field_1,1,MOVING_TO_FIELD,Field_1,1,MOVING_TO_FIELD,Field_1,1,MOVING_TO_FIELD,Field_1,1,MOVING_TO_FIELD,Field_1,1,MOVING_TO_FIELD,Field_1,1,MOVING_TO_FIELD,Field_4,1,MOVING_TO_FIELD,Field_4,1,MOVING_TO_FIELD,Field_4,1,MOVING_TO_FIELD,Field_4,1,MOVING_TO_FIELD,Field_4,1,MOVING_TO_FIELD,Field_4,1,MOVING_TO_FIELD,Field_5,1,MOVING_TO_FIELD,Field_5,1,MOVING_TO_FIELD,Field_1,1,MOVING_TO_FIELD,Field_1,1,MOVING_TO_FIELD,Field_5,1,MOVING_TO_FIELD,Field_5,1,MOVING_TO_FIELD,Field_5,1,MOVING_TO_FIELD,Field_5,1,MOVING_TO_FIELD,Field_3,1,MOVING_TO_FIELD,Field_3,1,PROTECTING,Field_7,1,MOVING_TO_FIELD,Field_7,1,MOVING_TO_FIELD,Field_9,1,MOVING_TO_FIELD,Field_9,1,MOVING_TO_FIELD,Field_6,1,MOVING_TO_FIELD,Field_6,1,MOVING_TO_FIELD,Field_2,1,IDLE,,1,MOVING_TO_FIELD,Field_2,1,MOVING_TO_FIELD,Field_2,1,MOVING_TO_FIELD,Field_8,1,MOVING_TO_FIELD,Field_8,48,0.07,0,8,4,21,0.07,0,3,2,0,0.04,0,2,4,16,0.16,0,6,4,14,0.01,0,6,2,22,0.08,0,2,4,8,0.07,1,1,2,17,0.04,0,2,2,0,0.04,0,2,3,84,0.29,0,0,6,59,0.18,0,0,4,29,0.06,0,0,1,7,0.12,0,0,2,61,0.21,0,0,6,83,0.21,0,0,6,40,0.09,0,0,2,48,0.11,0,0,2,72,0.00,0,0,1,1,0.11,0,0,2,7,0.14,0,6,3
272,638,1,0,1,0,38,0,1,MOVING_TO_FIELD,Field_20,1,MOVING_TO_FIELD,Field_20,1,MOVING_TO_FIELD,Field_20,1,MOVING_TO_FIELD,Field_20,1,MOVING_TO_FIELD,Field_20,1,MOVING_TO_FIELD,Field_20,1,MOVING_TO_FIELD,Field_1,1,MOVING_TO_FIELD,Field_1,1,MOVING_TO_FIELD,Field_1,1,MOVING_TO_FIELD,Field_1,1,MOVING_TO_FIELD,Field_1,1,MOVING_TO_FIELD,Field_1,1,MOVING_TO_FIELD,Field_4,1,MOVING_TO_FIELD,Field_4,1,MOVING_TO_FIELD,Field_4,1,MOVING_TO_FIELD,Field_4,1,MOVING_TO_FIELD,Field_4,1,MOVING_TO_FIELD,Field_4,1,MOVING_TO_FIELD,Field_5,1,MOVING_TO_FIELD,Field_5,1,MOVING_TO_FIELD,Field_1,1,MOVING_TO_FIELD,Field_1,1,MOVING_TO_FIELD,Field_5,1,MOVING_TO_FIELD,Field_5,1,MOVING_TO_FIELD,Field_5,1,MOVING_TO_FIELD,Field_5,1,MOVING_TO_FIELD,Field_3,1,MOVING_TO_FIELD,Field_3,1,PROTECTING,Field_7,1,MOVING_TO_FIELD,Field_7,1,MOVING_TO_FIELD,Field_9,1,MOVING_TO_FIELD,Field_9,1,MOVING_TO_FIELD,Field_6,1,MOVING_TO_FIELD,Field_6,1,MOVING_TO_FIELD,Field_2,1,IDLE,,1,MOVING_TO_FIELD,Field_2,1,MOVING_TO_FIELD,Field_2,1,MOVING_TO_FIELD,Field_8,1,MOVING_TO_FIELD,Field_8,48,0.08,0,8,4,21,0.07,0,3,2,0,0.04,0,2,4,16,0.14,0,6,4,14,0.01,0,6,2,22,0.08,0,2,4,8,0.07,1,1,2,17,0.04,0,2,2,0,0.02,0,2,3,84,0.29,0,0,6,59,0.18,0,0,4,29,0.06,0,0,1,7,0.12,0,0,2,61,0.18,0,0,6,84,0.21,0,0,6,40,0.10,0,0,2,48,0.11,0,0,2,72,0.00,0,0,1,1,0.11,0,0,2,7,0.14,0,6,3
273,640,1,0,1,0,38,0,1,MOVING_TO_FIELD,Field_20,1,MOVING_TO_FIELD,Field_20,1,MOVING_TO_FIELD,Field_20,1,MOVING_TO_FIELD,Field_20,1,MOVING_TO_FIELD,Field_20,1,MOVING_TO_FIELD,Field_20,1,MOVING_TO_FIELD,Field_1,1,MOVING_TO_FIELD,Field_1,1,MOVING_TO_FIELD,Field_1,1,MOVING_TO_FIELD,Field_1,1,MOVING_TO_FIELD,Field_1,1,MOVING_TO_FIELD,Field_1,1,MOVING_TO_FIELD,Field_4,1,MOVING_TO_FIELD,Field_4,1,MOVING_TO_FIELD,Field_4,1,MOVING_TO_FIELD,Field_4,1,MOVING_TO_FIELD,Field_4,1,MOVING_TO_FIELD,Field_4,1,MOVING_TO_FIELD,Field_5,1,MOVING_TO_FIELD,Field_5,1,MOVING_TO_FIELD,Field_1,1,MOVING_TO_FIELD,Field_1,1,MOVING_TO_FIELD,Field_5,1,MOVING_TO_FIELD,Field_5,1,MOVING_TO_FIELD,Field_5,1,MOVING_TO_FIELD,Field_5,1,MOVING_TO_FIELD,Field_3,1,MOVING_TO_FIELD,Field_3,1,PROTECTING,Field_7,1,MOVING_TO_FIELD,Field_7,1,MOVING_TO_FIELD,Field_9,1,MOVING_TO_FIELD,Field_9,1,MOVING_TO_FIELD,Field_6,1,MOVING_TO_FIELD,Field_6,1,MOVING_TO_FIELD,Field_2,1,IDLE,,1,MOVING_TO_FIELD,Field_2,1,MOVING_TO_FIELD,Field_2,1,MOVING_TO_FIELD,Field_8,1,MOVING_TO_FIELD,Field_8,48,0.08,0,8,4,22,0.07,0,3,2,0,0.05,0,2,4,16,0.16,0,6,4,14,0.01,0,6,2,22,0.08,0,2,4,8,0.09,1,1,2,17,0.04,0,2,2,0,0.02,0,2,3,84,0.29,0,0,6,59,0.18,0,0,4,29,0.06,0,0,1,7,0.12,0,0,2,61,0.18,0,0,6,85,0.20,0,0,6,40,0.11,0,0,2,48,0.11,0,0,2,72,0.02,0,0,1,1,0.13,0,0,2,7,0.12,0,6,3
274,641,1,0,1,0,38,0,1,MOVING_TO_FIELD,Field_20,1,MOVING_TO_FIELD,Field_20,1,MOVING_TO_FIELD,Field_20,1,MOVING_TO_FIELD,Field_20,1,MOVING_TO_FIELD,Field_20,1,MOVING_TO_FIELD,Field_20,1,MOVING_TO_FIELD,Field_1,1,MOVING_TO_FIELD,Field_1,1,MOVING_TO_FIELD,Field_1,1,MOVING_TO_FIELD,Field_1,1,MOVING_TO_FIELD,Field_1,1,MOVING_TO_FIELD,Field_1,1,MOVING_TO_FIELD,Field_4,1,MOVING_TO_FIELD,Field_4,1,MOVING_TO_FIELD,Field_4,1,MOVING_TO_FIELD,Field_4,1,MOVING_TO_FIELD,Field_4,1,MOVING_TO_FIELD,Field_4,1,MOVING_TO_FIELD,Field_5,1,MOVING_TO_FIELD,Field_5,1,MOVING_TO_FIELD,Field_1,1,MOVING_TO_FIELD,Field_1,1,MOVING_TO_FIELD,Field_5,1,MOVING_TO_FIELD,Field_5,1,MOVING_TO_FIELD,Field_5,1,MOVING_TO_FIELD,Field_5,1,MOVING_TO_FIELD,Field_3,1,MOVING_TO_FIELD,Field_3,1,PROTECTING,Field_7,1,MOVING_TO_FIELD,Field_7,1,MOVING_TO_FIELD,Field_9,1,MOVING_TO_FIELD,Field_9,1,MOVING_TO_FIELD,Field_6,1,MOVING_TO_FIELD,Field_6,1,MOVING_TO_FIELD,Field_2,1,IDLE,,1,MOVING_TO_FIELD,Field_2,1,MOVING_TO_FIELD,Field_2,1,MOVING_TO_FIELD,Field_8,1,MOVING_TO_FIELD,Field_8,48,0.08,0,8,4,22,0.07,0,3,2,0,0.05,0,2,4,16,0.16,0,6,4,14,0.01,0,6,2,22,0.09,0,2,4,8,0.09,1,1,2,17,0.04,0,2,2,0,0.02,0,2,3,84,0.29,0,0,6,59,0.21,0,0,4,29,0.06,0,0,1,7,0.12,0,0,2,61,0.18,0,0,6,85,0.21,0,0,6,40,0.11,0,0,2,49,0.10,0,0,2,72,0.02,0,0,1,1,0.13,0,0,2,7,0.12,0,6,3
275,643,1,0,2,0,37,0,1,MOVING_TO_FIELD,Field_20,1,MOVING_TO_FIELD,Field_20,1,MOVING_TO_FIELD,Field_20,1,MOVING_TO_FIELD,Field_20,1,MOVING_TO_FIELD,Field_20,1,MOVING_TO_FIELD,Field_20,1,MOVING_TO_FIELD,Field_1,1,MOVING_TO_FIELD,Field_1,1,MOVING_TO_FIELD,Field_1,1,MOVING_TO_FIELD,Field_1,1,MOVING_TO_FIELD,Field_1,1,MOVING_TO_FIELD,Field_1,1,MOVING_TO_FIELD,Field_4,1,MOVING_TO_FIELD,Field_4,1,MOVING_TO_FIELD,Field_4,1,MOVING_TO_FIELD,Field_4,1,MOVING_TO_FIELD,Field_4,1,MOVING_TO_FIELD,Field_4,1,MOVING_TO_FIELD,Field_5,1,MOVING_TO_FIELD,Field_5,1,MOVING_TO_FIELD,Field_1,1,MOVING_TO_FIELD,Field_1,1,MOVING_TO_FIELD,Field_5,1,MOVING_TO_FIELD,Field_5,1,PROTECTING,Field_5,1,MOVING_TO_FIELD,Field_5,1,MOVING_TO_FIELD,Field_3,1,MOVING_TO_FIELD,Field_3,1,PROTECTING,Field_7,1,MOVING_TO_FIELD,Field_7,1,MOVING_TO_FIELD,Field_9,1,MOVING_TO_FIELD,Field_9,1,MOVING_TO_FIELD,Field_6,1,MOVING_TO_FIELD,Field_6,1,MOVING_TO_FIELD,Field_2,1,IDLE,,1,MOVING_TO_FIELD,Field_2,1,MOVING_TO_FIELD,Field_2,1,MOVING_TO_FIELD,Field_8,1,MOVING_TO_FIELD,Field_8,48,0.09,0,8,4,23,0.07,0,3,2,0,0.06,0,2,4,16,0.14,0,6,4,14,0.02,1,5,1,22,0.10,0,2,4,8,0.09,1,1,2,17,0.06,0,2,2,0,0.02,0,2,3,84,0.27,0,0,6,59,0.21,0,0,4,29,0.06,0,0,1,7,0.11,0,0,2,61,0.18,0,0,6,86,0.22,0,0,6,40,0.11,0,0,2,49,0.10,0,0,2,72,0.02,0,0,1,1,0.13,0,0,2,7,0.12,0,6,3
276,646,1,0,4,0,35,0,1,MOVING_TO_FIELD,Field_20,1,MOVING_TO_FIELD,Field_20,1,MOVING_TO_FIELD,Field_20,1,MOVING_TO_FIELD,Field_20,1,MOVING_TO_FIELD,Field_20,1,MOVING_TO_FIELD,Field_20,1,MOVING_TO_FIELD,Field_1,1,MOVING_TO_FIELD,Field_1,1,MOVING_TO_FIELD,Field_1,1,MOVING_TO_FIELD,Field_1,1,MOVING_TO_FIELD,Field_1,1,MOVING_TO_FIELD,Field_1,1,MOVING_TO_FIELD,Field_4,1,MOVING_TO_FIELD,Field_4,1,MOVING_TO_FIELD,Field_4,1,MOVING_TO_FIELD,Field_4,1,PROTECTING,Field_4,1,PROTECTING,Field_4,1,MOVING_TO_FIELD,Field_5,1,MOVING_TO_FIELD,Field_5,1,MOVING_TO_FIELD,Field_1,1,MOVING_TO_FIELD,Field_1,1,MOVING_TO_FIELD,Field_5,1,MOVING_TO_FIELD,Field_5,1,PROTECTING,Field_5,1,MOVING_TO_FIELD,Field_5,1,MOVING_TO_FIELD,Field_3,1,MOVING_TO_FIELD,Field_3,1,PROTECTING,Field_7,1,MOVING_TO_FIELD,Field_7,1,MOVING_TO_FIELD,Field_9,1,MOVING_TO_FIELD,Field_9,1,MOVING_TO_FIELD,Field_6,1,MOVING_TO_FIELD,Field_6,1,MOVING_TO_FIELD,Field_2,1,IDLE,,1,MOVING_TO_FIELD,Field_2,1,MOVING_TO_FIELD,Field_2,1,MOVING_TO_FIELD,Field_8,1,MOVING_TO_FIELD,Field_8,48,0.11,0,8,4,23,0.07,0,3,2,0,0.06,0,2,4,16,0.14,2,4,2,14,0.02,1,5,1,22,0.10,0,2,4,8,0.08,1,1,2,17,0.07,0,2,2,0,0.02,0,2,3,85,0.28,0,0,6,60,0.22,0,0,4,29,0.06,0,0,1,7,0.11,0,0,2,61,0.18,0,0,6,86,0.22,0,0,6,41,0.11,0,0,2,49,0.10,0,0,2,72,0.02,0,0,1,1,0.10,0,0,2,7,0.12,0,6,3
277,648,1,0,5,0,34,0,1,MOVING_TO_FIELD,Field_20,1,MOVING_TO_FIELD,Field_20,1,MOVING_TO_FIELD,Field_20,1,MOVING_TO_FIELD,Field_20,1,MOVING_TO_FIELD,Field_20,1,MOVING_TO_FIELD,Field_20,1,MOVING_TO_FIELD,Field_1,1,MOVING_TO_FIELD,Field_1,1,MOVING_TO_FIELD,Field_1,1,MOVING_TO_FIELD,Field_1,1,MOVING_TO_FIELD,Field_1,1,MOVING_TO_FIELD,Field_1,1,MOVING_TO_FIELD,Field_4,1,MOVING_TO_FIELD,Field_4,1,MOVING_TO_FIELD,Field_4,1,MOVING_TO_FIELD,Field_4,1,PROTECTING,Field_4,1,PROTECTING,Field_4,1,MOVING_TO_FIELD,Field_5,1,MOVING_TO_FIELD,Field_5,1,MOVING_TO_FIELD,Field_1,1,MOVING_TO_FIELD,Field_1,1,MOVING_TO_FIELD,Field_5,1,MOVING_TO_FIELD,Field_5,1,PROTECTING,Field_5,1,MOVING_TO_FIELD,Field_5,1,MOVING_TO_FIELD,Field_3,1,MOVING_TO_FIELD,Field_3,1,PROTECTING,Field_7,1,MOVING_TO_FIELD,Field_7,1,MOVING_TO_FIELD,Field_9,1,MOVING_TO_FIELD,Field_9,1,MOVING_TO_FIELD,Field_6,1,MOVING_TO_FIELD,Field_6,1,MOVING_TO_FIELD,Field_2,1,IDLE,,1,MOVING_TO_FIELD,Field_2,1,MOVING_TO_FIELD,Field_2,1,PROTECTING,Field_8,1,MOVING_TO_FIELD,Field_8,48,0.11,0,8,4,23,0.07,0,3,2,0,0.06,0,2,4,16,0.14,2,4,2,14,0.02,1,5,1,22,0.10,0,2,4,8,0.08,1,1,2,17,0.07,1,1,1,0,0.03,0,2,3,85,0.27,0,0,6,60,0.21,0,0,4,29,0.06,0,0,1,7,0.11,0,0,2,62,0.18,0,0,6,86,0.22,0,0,6,41,0.11,0,0,2,49,0.11,0,0,2,72,0.02,0,0,1,1,0.10,0,0,2,8,0.10,0,6,3
278,649,1,0,8,0,31,0,1,MOVING_TO_FIELD,Field_20,1,MOVING_TO_FIELD,Field_20,1,MOVING_TO_FIELD,Field_20,1,MOVING_TO_FIELD,Field_20,1,MOVING_TO_FIELD,Field_20,1,MOVING_TO_FIELD,Field_20,1,MOVING_TO_FIELD,Field_1,1,MOVING_TO_FIELD,Field_1,1,MOVING_TO_FIELD,Field_1,1,MOVING_TO_FIELD,Field_1,1,MOVING_TO_FIELD,Field_1,1,MOVING_TO_FIELD,Field_1,1,MOVING_TO_FIELD,Field_4,1,MOVING_TO_FIELD,Field_4,1,MOVING_TO_FIELD,Field_4,1,MOVING_TO_FIELD,Field_4,1,PROTECTING,Field_4,1,PROTECTING,Field_4,1,MOVING_TO_FIELD,Field_5,1,MOVING_TO_FIELD,Field_5,1,MOVING_TO_FIELD,Field_1,1,MOVING_TO_FIELD,Field_1,1,MOVING_TO_FIELD,Field_5,1,MOVING_TO_FIELD,Field_5,1,PROTECTING,Field_5,1,MOVING_TO_FIELD,Field_5,1,PROTECTING,Field_3,1,MOVING_TO_FIELD,Field_3,1,PROTECTING,Field_7,1,PROTECTING,Field_7,1,PROTECTING,Field_9,1,MOVING_TO_FIELD,Field_9,1,MOVING_TO_FIELD,Field_6,1,MOVING_TO_FIELD,Field_6,1,MOVING_TO_FIELD,Field_2,1,IDLE,,1,MOVING_TO_FIELD,Field_2,1,MOVING_TO_FIELD,Field_2,1,PROTECTING,Field_8,1,MOVING_TO_FIELD,Field_8,48,0.12,0,8,4,23,0.07,0,3,2,0,0.07,1,1,3,16,0.14,2,4,2,14,0.02,1,5,1,22,0.09,0,2,4,8,0.09,2,0,1,17,0.09,1,1,1,0,0.03,1,1,2,86,0.25,0,0,6,60,0.21,0,0,4,29,0.09,0,0,1,7,0.11,0,0,2,62,0.18,0,0,6,86,0.22,0,0,6,41,0.11,0,0,2,49,0.10,0,0,2,72,0.02,0,0,1,1,0.10,0,0,2,8,0.10,0,6,3
279,653,1,0,8,0,31,0,1,MOVING_TO_FIELD,Field_20,1,MOVING_TO_FIELD,Field_20,1,MOVING_TO_FIELD,Field_20,1,MOVING_TO_FIELD,Field_20,1,MOVING_TO_FIELD,Field_20,1,MOVING_TO_FIELD,Field_20,1,MOVING_TO_FIELD,Field_1,1,MOVING_TO_FIELD,Field_1,1,MOVING_TO_FIELD,Field_1,1,MOVING_TO_FIELD,Field_1,1,MOVING_TO_FIELD,Field_1,1,MOVING_TO_FIELD,Field_1,1,MOVING_TO_FIELD,Field_4,1,MOVING_TO_FIELD,Field_4,1,MOVING_TO_FIELD,Field_4,1,MOVING_TO_FIELD,Field_4,1,PROTECTING,Field_4,1,PROTECTING,Field_4,1,MOVING_TO_FIELD,Field_5,1,MOVING_TO_FIELD,Field_5,1,MOVING_TO_FIELD,Field_1,1,MOVING_TO_FIELD,Field_1,1,MOVING_TO_FIELD,Field_5,1,MOVING_TO_FIELD,Field_5,1,PROTECTING,Field_5,1,MOVING_TO_FIELD,Field_5,1,PROTECTING,Field_3,1,MOVING_TO_FIELD,Field_3,1,PROTECTING,Field_7,1,PROTECTING,Field_7,1,PROTECTING,Field_9,1,MOVING_TO_FIELD,Field_9,1,MOVING_TO_FIELD,Field_6,1,MOVING_TO_FIELD,Field_6,1,MOVING_TO_FIELD,Field_2,1,IDLE,,1,MOVING_TO_FIELD,Field_2,1,MOVING_TO_FIELD,Field_2,1,PROTECTING,Field_8,1,MOVING_TO_FIELD,Field_8,48,0.13,0,8,4,23,0.07,0,3,2,0,0.07,1,1,3,16,0.16,2,4,2,14,0.02,1,5,1,22,0.09,0,2,4,8,0.08,2,0,1,17,0.09,1,1,1,0,0.04,1,1,2,87,0.26,0,0,6,60,0.21,0,0,4,29,0.06,0,0,1,7,0.11,0,0,2,62,0.18,0,0,6,87,0.22,0,0,6,43,0.12,0,0,2,49,0.10,0,0,2,72,0.04,0,0,1,1,0.11,0,0,2,8,0.10,0,6,3
280,656,1,0,8,0,31,0,1,MOVING_TO_FIELD,Field_20,1,MOVING_TO_FIELD,Field_20,1,MOVING_TO_FIELD,Field_20,1,MOVING_TO_FIELD,Field_20,1,MOVING_TO_FIELD,Field_20,1,MOVING_TO_FIELD,Field_20,1,MOVING_TO_FIELD,Field_1,1,MOVING_TO_FIELD,Field_1,1,MOVING_TO_FIELD,Field_1,1,MOVING_TO_FIELD,Field_1,1,MOVING_TO_FIELD,Field_1,1,MOVING_TO_FIELD,Field_1,1,MOVING_TO_FIELD,Field_4,1,MOVING_TO_FIELD,Field_4,1,MOVING_TO_FIELD,Field_4,1,MOVING_TO_FIELD,Field_4,1,PROTECTING,Field_4,1,PROTECTING,Field_4,1,MOVING_TO_FIELD,Field_5,1,MOVING_TO_FIELD,Field_5,1,MOVING_TO_FIELD,Field_1,1,MOVING_TO_FIELD,Field_1,1,MOVING_TO_FIELD,Field_5,1,MOVING_TO_FIELD,Field_5,1,PROTECTING,Field_5,1,MOVING_TO_FIELD,Field_5,1,PROTECTING,Field_3,1,MOVING_TO_FIELD,Field_3,1,PROTECTING,Field_7,1,PROTECTING,Field_7,1,PROTECTING,Field_9,1,MOVING_TO_FIELD,Field_9,1,MOVING_TO_FIELD,Field_6,1,MOVING_TO_FIELD,Field_6,1,MOVING_TO_FIELD,Field_2,1,IDLE,,1,MOVING_TO_FIELD,Field_2,1,MOVING_TO_FIELD,Field_2,1,PROTECTING,Field_8,1,MOVING_TO_FIELD,Field_8,48,0.13,0,8,4,23,0.08,0,3,2,0,0.08,1,1,3,16,0.16,2,4,2,14,0.02,1,5,1,22,0.09,0,2,4,8,0.10,2,0,1,17,0.10,1,1,1,0,0.04,1,1,2,88,0.27,0,0,6,60,0.22,0,0,4,29,0.06,0,0,1,7,0.11,0,0,2,62,0.17,0,0,6,87,0.22,0,0,6,44,0.12,0,0,2,50,0.10,0,0,2,72,0.04,0,0,1,1,0.11,0,0,2,8,0.10,0,6,3
281,659,0,0,2,0,38,0,1,MOVING_TO_FIELD,Field_20,1,MOVING_TO_FIELD,Field_20,1,MOVING_TO_FIELD,Field_20,1,MOVING_TO_FIELD,Field_20,1,MOVING_TO_FIELD,Field_20,1,MOVING_TO_FIELD,Field_20,1,MOVING_TO_FIELD,Field_1,1,MOVING_TO_FIELD,Field_1,1,MOVING_TO_FIELD,Field_1,1,MOVING_TO_FIELD,Field_1,1,MOVING_TO_FIELD,Field_5,1,MOVING_TO_FIELD,Field_5,1,MOVING_TO_FIELD,Field_5,1,MOVING_TO_FIELD,Field_5,1,MOVING_TO_FIELD,Field_5,1,MOVING_TO_FIELD,Field_5,1,PROTECTING,Field_4,1,PROTECTING,Field_4,1,MOVING_TO_FIELD,Field_4,1,MOVING_TO_FIELD,Field_4,1,MOVING_TO_FIELD,Field_4,1,MOVING_TO_FIELD,Field_4,1,MOVING_TO_FIELD,Field_4,1,MOVING_TO_FIELD,Field_4,1,MOVING_TO_FIELD,Field_4,1,MOVING_TO_FIELD,Field_4,1,MOVING_TO_FIELD,Field_1,1,MOVING_TO_FIELD,Field_1,1,MOVING_TO_FIELD,Field_1,1,MOVING_TO_FIELD,Field_1,1,MOVING_TO_FIELD,Field_6,1,MOVING_TO_FIELD,Field_6,1,MOVING_TO_FIELD,Field_9,1,MOVING_TO_FIELD,Field_9,1,MOVING_TO_FIELD,Field_3,1,MOVING_TO_FIELD,Field_3,1,MOVING_TO_FIELD,Field_7,1,MOVING_TO_FIELD,Field_7,1,MOVING_TO_FIELD,Field_7,1,MOVING_TO_FIELD,Field_20,48,0.12,0,8,4,23,0.08,0,0,2,0,0.07,0,2,4,16,0.13,2,8,2,14,0.02,0,6,2,22,0.09,0,2,4,8,0.09,0,3,3,17,0.10,0,0,2,0,0.04,0,2,3,88,0.27,0,0,6,60,0.22,0,0,4,29,0.06,0,0,1,7,0.11,0,0,2,63,0.17,0,0,6,88,0.22,0,0,6,45,0.11,0,0,2,50,0.10,0,0,2,72,0.02,0,0,1,1,0.11,0,0,2,8,0.10,0,7,3
282,662,0,0,2,0,38,0,1,MOVING_TO_FIELD,Field_20,1,MOVING_TO_FIELD,Field_20,1,MOVING_TO_FIELD,Field_20,1,MOVING_TO_FIELD,Field_20,1,MOVING_TO_FIELD,Field_20,1,MOVING_TO_FIELD,Field_20,1,MOVING_TO_FIELD,Field_1,1,MOVING_TO_FIELD,Field_1,1,MOVING_TO_FIELD,Field_1,1,MOVING_TO_FIELD,Field_1,1,MOVING_TO_FIELD,Field_5,1,MOVING_TO_FIELD,Field_5,1,MOVING_TO_FIELD,Field_5,1,MOVING_TO_FIELD,Field_5,1,MOVING_TO_FIELD,Field_5,1,MOVING_TO_FIELD,Field_5,1,PROTECTING,Field_4,1,PROTECTING,Field_4,1,MOVING_TO_FIELD,Field_4,1,MOVING_TO_FIELD,Field_4,1,MOVING_TO_FIELD,Field_4,1,MOVING_TO_FIELD,Field_4,1,MOVING_TO_FIELD,Field_4,1,MOVING_TO_FIELD,Field_4,1,MOVING_TO_FIELD,Field_4,1,MOVING_TO_FIELD,Field_4,1,MOVING_TO_FIELD,Field_1,1,MOVING_TO_FIELD,Field_1,1,MOVING_TO_FIELD,Field_1,1,MOVING_TO_FIELD,Field_1,1,MOVING_TO_FIELD,Field_6,1,MOVING_TO_FIELD,Field_6,1,MOVING_TO_FIELD,Field_9,1,MOVING_TO_FIELD,Field_9,1,MOVING_TO_FIELD,Field_3,1,MOVING_TO_FIELD,Field_3,1,MOVING_TO_FIELD,Field_7,1,MOVING_TO_FIELD,Field_7,1,MOVING_TO_FIELD,Field_7,1,MOVING_TO_FIELD,Field_20,48,0.13,0,8,4,23,0.09,0,0,2,0,0.07,0,2,4,16,0.13,2,8,2,14,0.02,0,6,2,22,0.09,0,2,4,8,0.10,0,3,3,17,0.10,0,0,2,0,0.04,0,2,3,89,0.26,0,0,6,61,0.21,0,0,4,29,0.06,0,0,1,7,0.09,0,0,2,63,0.17,0,0,6,88,0.22,0,0,6,46,0.12,0,0,2,50,0.11,0,0,2,72,0.02,0,0,1,1,0.06,0,0,2,8,0.14,0,7,3
283,663,0,0,2,0,38,0,1,MOVING_TO_FIELD,Field_20,1,MOVING_TO_FIELD,Field_20,1,MOVING_TO_FIELD,Field_20,1,MOVING_TO_FIELD,Field_20,1,MOVING_TO_FIELD,Field_20,1,MOVING_TO_FIELD,Field_20,1,MOVING_TO_FIELD,Field_1,1,MOVING_TO_FIELD,Field_1,1,MOVING_TO_FIELD,Field_1,1,MOVING_TO_FIELD,Field_1,1,MOVING_TO_FIELD,Field_5,1,MOVING_TO_FIELD,Field_5,1,MOVING_TO_FIELD,Field_5,1,MOVING_TO_FIELD,Field_5,1,MOVING_TO_FIELD,Field_5,1,MOVING_TO_FIELD,Field_5,1,PROTECTING,Field_4,1,PROTECTING,Field_4,1,MOVING_TO_FIELD,Field_4,1,MOVING_TO_FIELD,Field_4,1,MOVING_TO_FIELD,Field_4,1,MOVING_TO_FIELD,Field_4,1,MOVING_TO_FIELD,Field_4,1,MOVING_TO_FIELD,Field_4,1,MOVING_TO_FIELD,Field_4,1,MOVING_TO_FIELD,Field_4,1,MOVING_TO_FIELD,Field_1,1,MOVING_TO_FIELD,Field_1,1,MOVING_TO_FIELD,Field_1,1,MOVING_TO_FIELD,Field_1,1,MOVING_TO_FIELD,Field_6,1,MOVING_TO_FIELD,Field_6,1,MOVING_TO_FIELD,Field_9,1,MOVING_TO_FIELD,Field_9,1,MOVING_TO_FIELD,Field_3,1,MOVING_TO_FIELD,Field_3,1,MOVING_TO_FIELD,Field_7,1,MOVING_TO_FIELD,Field_7,1,MOVING_TO_FIELD,Field_7,1,MOVING_TO_FIELD,Field_20,48,0.12,0,8,4,23,0.10,0,0,2,0,0.07,0,2,4,16,0.13,2,8,2,14,0.04,0,6,2,22,0.07,0,2,4,8,0.09,0,3,3,17,0.10,0,0,2,0,0.04,0,2,3,89,0.26,0,0,6,61,0.24,0,0,4,29,0.06,0,0,1,8,0.09,0,0,2,63,0.17,0,0,6,88,0.21,0,0,6,46,0.12,0,0,2,50,0.11,0,0,2,72,0.02,0,0,1,1,0.05,0,0,2,8,0.12,0,7,3
284,671,0,0,2,0,38,0,1,MOVING_TO_FIELD,Field_20,1,MOVING_TO_FIELD,Field_20,1,MOVING_TO_FIELD,Field_20,1,MOVING_TO_FIELD,Field_20,1,MOVING_TO_FIELD,Field_20,1,MOVING_TO_FIELD,Field_20,1,MOVING_TO_FIELD,Field_1,1,MOVING_TO_FIELD,Field_1,1,MOVING_TO_FIELD,Field_1,1,MOVING_TO_FIELD,Field_1,1,MOVING_TO_FIELD,Field_5,1,MOVING_TO_FIELD,Field_5,1,MOVING_TO_FIELD,Field_5,1,MOVING_TO_FIELD,Field_5,1,MOVING_TO_FIELD,Field_5,1,MOVING_TO_FIELD,Field_5,1,PROTECTING,Field_4,1,PROTECTING,Field_4,1,MOVING_TO_FIELD,Field_4,1,MOVING_TO_FIELD,Field_4,1,MOVING_TO_FIELD,Field_4,1,MOVING_TO_FIELD,Field_4,1,MOVING_TO_FIELD,Field_4,1,MOVING_TO_FIELD,Field_4,1,MOVING_TO_FIELD,Field_4,1,MOVING_TO_FIELD,Field_4,1,MOVING_TO_FIELD,Field_1,1,MOVING_TO_FIELD,Field_1,1,MOVING_TO_FIELD,Field_1,1,MOVING_TO_FIELD,Field_1,1,MOVING_TO_FIELD,Field_6,1,MOVING_TO_FIELD,Field_6,1,MOVING_TO_FIELD,Field_9,1,MOVING_TO_FIELD,Field_9,1,MOVING_TO_FIELD,Field_3,1,MOVING_TO_FIELD,Field_3,1,MOVING_TO_FIELD,Field_7,1,MOVING_TO_FIELD,Field_7,1,MOVING_TO_FIELD,Field_7,1,MOVING_TO_FIELD,Field_20,48,0.11,0,8,4,23,0.10,0,0,2,0,0.07,0,2,4,16,0.13,2,8,2,14,0.05,0,6,2,22,0.04,0,2,4,8,0.09,0,3,3,17,0.09,0,0,2,0,0.04,0,2,3,91,0.27,0,0,6,62,0.24,0,0,4,29,0.06,0,0,1,8,0.09,0,0,2,63,0.17,0,0,6,91,0.22,0,0,6,46,0.12,0,0,2,52,0.13,0,0,2,72,0.02,0,0,1,1,0.03,0,0,2,8,0.12,0,7,3
285,671,0,0,3,0,37,0,1,MOVING_TO_FIELD,Field_20,1,MOVING_TO_FIELD,Field_20,1,MOVING_TO_FIELD,Field_20,1,MOVING_TO_FIELD,Field_20,1,MOVING_TO_FIELD,Field_20,1,PROTECTING,Field_20,1,MOVING_TO_FIELD,Field_1,1,MOVING_TO_FIELD,Field_1,1,MOVING_TO_FIELD,Field_1,1,MOVING_TO_FIELD,Field_1,1,MOVING_TO_FIELD,Field_5,1,MOVING_TO_FIELD,Field_5,1,MOVING_TO_FIELD,Field_5,1,MOVING_TO_FIELD,Field_5,1,MOVING_TO_FIELD,Field_5,1,MOVING_TO_FIELD,Field_5,1,PROTECTING,Field_4,1,PROTECTING,Field_4,1,MOVING_TO_FIELD,Field_4,1,MOVING_TO_FIELD,Field_4,1,MOVING_TO_FIELD,Field_4,1,MOVING_TO_FIELD,Field_4,1,MOVING_TO_FIELD,Field_4,1,MOVING_TO_FIELD,Field_4,1,MOVING_TO_FIELD,Field_4,1,MOVING_TO_FIELD,Field_4,1,MOVING_TO_FIELD,Field_1,1,MOVING_TO_FIELD,Field_1,1,MOVING_TO_FIELD,Field_1,1,MOVING_TO_FIELD,Field_1,1,MOVING_TO_FIELD,Field_6,1,MOVING_TO_FIELD,Field_6,1,MOVING_TO_FIELD,Field_9,1,MOVING_TO_FIELD,Field_9,1,MOVING_TO_FIELD,Field_3,1,MOVING_TO_FIELD,Field_3,1,MOVING_TO_FIELD,Field_7,1,MOVING_TO_FIELD,Field_7,1,MOVING_TO_FIELD,Field_7,1,MOVING_TO_FIELD,Field_20,48,0.11,0,8,4,23,0.10,0,0,2,0,0.07,0,2,4,16,0.14,2,8,2,14,0.05,0,6,2,22,0.04,0,2,4,8,0.08,0,3,3,17,0.09,0,0,2,0,0.04,0,2,3,91,0.27,0,0,6,62,0.25,0,0,4,29,0.06,0,0,1,8,0.09,0,0,2,63,0.15,0,0,6,91,0.22,0,0,6,46,0.12,0,0,2,52,0.15,0,0,2,72,0.02,0,0,1,1,0.03,0,0,2,8,0.12,1,6,2
286,674,0,0,3,0,37,0,1,MOVING_TO_FIELD,Field_20,1,MOVING_TO_FIELD,Field_20,1,MOVING_TO_FIELD,Field_20,1,MOVING_TO_FIELD,Field_20,1,MOVING_TO_FIELD,Field_20,1,PROTECTING,Field_20,1,MOVING_TO_FIELD,Field_1,1,MOVING_TO_FIELD,Field_1,1,MOVING_TO_FIELD,Field_1,1,MOVING_TO_FIELD,Field_1,1,MOVING_TO_FIELD,Field_5,1,MOVING_TO_FIELD,Field_5,1,MOVING_TO_FIELD,Field_5,1,MOVING_TO_FIELD,Field_5,1,MOVING_TO_FIELD,Field_5,1,MOVING_TO_FIELD,Field_5,1,PROTECTING,Field_4,1,PROTECTING,Field_4,1,MOVING_TO_FIELD,Field_4,1,MOVING_TO_FIELD,Field_4,1,MOVING_TO_FIELD,Field_4,1,MOVING_TO_FIELD,Field_4,1,MOVING_TO_FIELD,Field_4,1,MOVING_TO_FIELD,Field_4,1,MOVING_TO_FIELD,Field_4,1,MOVING_TO_FIELD,Field_4,1,MOVING_TO_FIELD,Field_1,1,MOVING_TO_FIELD,Field_1,1,MOVING_TO_FIELD,Field_1,1,MOVING_TO_FIELD,Field_1,1,MOVING_TO_FIELD,Field_6,1,MOVING_TO_FIELD,Field_6,1,MOVING_TO_FIELD,Field_9,1,MOVING_TO_FIELD,Field_9,1,MOVING_TO_FIELD,Field_3,1,MOVING_TO_FIELD,Field_3,1,MOVING_TO_FIELD,Field_7,1,MOVING_TO_FIELD,Field_7,1,MOVING_TO_FIELD,Field_7,1,MOVING_TO_FIELD,Field_20,48,0.10,0,8,4,23,0.10,0,0,2,0,0.07,0,2,4,16,0.14,2,8,2,14,0.05,0,6,2,22,0.04,0,2,4,8,0.08,0,3,3,17,0.09,0,0,2,0,0.04,0,2,3,92,0.27,0,0,6,63,0.25,0,0,4,29,0.06,0,0,1,8,0.09,0,0,2,63,0.15,0,0,6,91,0.22,0,0,6,47,0.10,0,0,2,52,0.15,0,0,2,72,0.02,0,0,1,1,0.03,0,0,2,8,0.12,1,6,2
287,675,0,0,4,0,36,0,1,MOVING_TO_FIELD,Field_20,1,MOVING_TO_FIELD,Field_20,1,MOVING_TO_FIELD,Field_20,1,MOVING_TO_FIELD,Field_20,1,MOVING_TO_FIELD,Field_20,1,PROTECTING,Field_20,1,MOVING_TO_FIELD,Field_1,1,MOVING_TO_FIELD,Field_1,1,MOVING_TO_FIELD,Field_1,1,MOVING_TO_FIELD,Field_1,1,MOVING_TO_FIELD,Field_5,1,MOVING_TO_FIELD,Field_5,1,MOVING_TO_FIELD,Field_5,1,MOVING_TO_FIELD,Field_5,1,MOVING_TO_FIELD,Field_5,1,MOVING_TO_FIELD,Field_5,1,PROTECTING,Field_4,1,PROTECTING,Field_4,1,MOVING_TO_FIELD,Field_4,1,MOVING_TO_FIELD,Field_4,1,MOVING_TO_FIELD,Field_4,1,MOVING_TO_FIELD,Field_4,1,MOVING_TO_FIELD,Field_4,1,MOVING_TO_FIELD,Field_4,1,MOVING_TO_FIELD,Field_4,1,MOVING_TO_FIELD,Field_4,1,MOVING_TO_FIELD,Field_1,1,MOVING_TO_FIELD,Field_1,1,MOVING_TO_FIELD,Field_1,1,MOVING_TO_FIELD,Field_1,1,MOVING_TO_FIELD,Field_6,1,MOVING_TO_FIELD,Field_6,1,MOVING_TO_FIELD,Field_9,1,MOVING_TO_FIELD,Field_9,1,MOVING_TO_FIELD,Field_3,1,PROTECTING,Field_3,1,MOVING_TO_FIELD,Field_7,1,MOVING_TO_FIELD,Field_7,1,MOVING_TO_FIELD,Field_7,1,MOVING_TO_FIELD,Field_20,48,0.10,0,8,4,23,0.10,0,0,2,0,0.07,1,1,3,16,0.14,2,8,2,14,0.05,0,6,2,22,0.04,0,2,4,8,0.08,0,3,3,17,0.09,0,0,2,0,0.04,0,2,3,92,0.28,0,0,6,64,0.24,0,0,4,29,0.06,0,0,1,8,0.09,0,0,2,63,0.15,0,0,6,91,0.23,0,0,6,47,0.07,0,0,2,52,0.15,0,0,2,72,0.00,0,0,1,1,0.05,0,0,2,8,0.12,1,6,2
288,677,0,0,5,0,35,0,1,MOVING_TO_FIELD,Field_20,1,MOVING_TO_FIELD,Field_20,1,MOVING_TO_FIELD,Field_20,1,MOVING_TO_FIELD,Field_20,1,MOVING_TO_FIELD,Field_20,1,PROTECTING,Field_20,1,MOVING_TO_FIELD,Field_1,1,MOVING_TO_FIELD,Field_1,1,PROTECTING,Field_1,1,MOVING_TO_FIELD,Field_1,1,MOVING_TO_FIELD,Field_5,1,MOVING_TO_FIELD,Field_5,1,MOVING_TO_FIELD,Field_5,1,MOVING_TO_FIELD,Field_5,1,MOVING_TO_FIELD,Field_5,1,MOVING_TO_FIELD,Field_5,1,PROTECTING,Field_4,1,PROTECTING,Field_4,1,MOVING_TO_FIELD,Field_4,1,MOVING_TO_FIELD,Field_4,1,MOVING_TO_FIELD,Field_4,1,MOVING_TO_FIELD,Field_4,1,MOVING_TO_FIELD,Field_4,1,MOVING_TO_FIELD,Field_4,1,MOVING_TO_FIELD,Field_4,1,MOVING_TO_FIELD,Field_4,1,MOVING_TO_FIELD,Field_1,1,MOVING_TO_FIELD,Field_1,1,MOVING_TO_FIELD,Field_1,1,MOVING_TO_FIELD,Field_1,1,MOVING_TO_FIELD,Field_6,1,MOVING_TO_FIELD,Field_6,1,MOVING_TO_FIELD,Field_9,1,MOVING_TO_FIELD,Field_9,1,MOVING_TO_FIELD,Field_3,1,PROTECTING,Field_3,1,MOVING_TO_FIELD,Field_7,1,MOVING_TO_FIELD,Field_7,1,MOVING_TO_FIELD,Field_7,1,MOVING_TO_FIELD,Field_20,48,0.11,1,7,3,23,0.09,0,0,2,0,0.07,1,1,3,16,0.14,2,8,2,14,0.05,0,6,2,22,0.05,0,2,4,8,0.07,0,3,3,17,0.09,0,0,2,0,0.04,0,2,3,93,0.28,0,0,6,65,0.25,0,0,4,29,0.06,0,0,1,8,0.09,0,0,2,63,0.14,0,0,6,91,0.23,0,0,6,47,0.07,0,0,2,52,0.13,0,0,2,72,0.00,0,0,1,1,0.05,0,0,2,8,0.12,1,6,2
289,679,0,0,7,0,33,0,1,MOVING_TO_FIELD,Field_20,1,MOVING_TO_FIELD,Field_20,1,MOVING_TO_FIELD,Field_20,1,MOVING_TO_FIELD,Field_20,1,MOVING_TO_FIELD,Field_20,1,PROTECTING,Field_20,1,MOVING_TO_FIELD,Field_1,1,MOVING_TO_FIELD,Field_1,1,PROTECTING,Field_1,1,MOVING_TO_FIELD,Field_1,1,MOVING_TO_FIELD,Field_5,1,MOVING_TO_FIELD,Field_5,1,MOVING_TO_FIELD,Field_5,1,MOVING_TO_FIELD,Field_5,1,MOVING_TO_FIELD,Field_5,1,MOVING_TO_FIELD,Field_5,1,PROTECTING,Field_4,1,PROTECTING,Field_4,1,MOVING_TO_FIELD,Field_4,1,MOVING_TO_FIELD,Field_4,1,MOVING_TO_FIELD,Field_4,1,MOVING_TO_FIELD,Field_4,1,MOVING_TO_FIELD,Field_4,1,MOVING_TO_FIELD,Field_4,1,MOVING_TO_FIELD,Field_4,1,MOVING_TO_FIELD,Field_4,1,MOVING_TO_FIELD,Field_1,1,MOVING_TO_FIELD,Field_1,1,MOVING_TO_FIELD,Field_1,1,MOVING_TO_FIELD,Field_1,1,MOVING_TO_FIELD,Field_6,1,MOVING_TO_FIELD,Field_6,1,MOVING_TO_FIELD,Field_9,1,MOVING_TO_FIELD,Field_9,1,PROTECTING,Field_3,1,PROTECTING,Field_3,1,MOVING_TO_FIELD,Field_7,1,MOVING_TO_FIELD,Field_7,1,PROTECTING,Field_7,1,MOVING_TO_FIELD,Field_20,48,0.11,1,7,3,23,0.08,0,0,2,0,0.08,2,0,2,16,0.13,2,8,2,14,0.05,0,6,2,22,0.04,0,2,4,8,0.06,1,2,2,17,0.10,0,0,2,0,0.06,0,2,3,93,0.31,0,0,6,65,0.26,0,0,4,29,0.06,0,0,1,8,0.09,0,0,2,63,0.15,0,0,6,92,0.25,0,0,6,48,0.07,0,0,2,52,0.13,0,0,2,72,0.00,0,0,1,1,0.03,0,0,2,8,0.12,1,6,2
290,680,0,0,9,0,31,0,1,MOVING_TO_FIELD,Field_20,1,PROTECTING,Field_20,1,MOVING_TO_FIELD,Field_20,1,MOVING_TO_FIELD,Field_20,1,MOVING_TO_FIELD,Field_20,1,PROTECTING,Field_20,1,MOVING_TO_FIELD,Field_1,1,MOVING_TO_FIELD,Field_1,1,PROTECTING,Field_1,1,MOVING_TO_FIELD,Field_1,1,MOVING_TO_FIELD,Field_5,1,MOVING_TO_FIELD,Field_5,1,MOVING_TO_FIELD,Field_5,1,MOVING_TO_FIELD,Field_5,1,MOVING_TO_FIELD,Field_5,1,MOVING_TO_FIELD,Field_5,1,PROTECTING,Field_4,1,PROTECTING,Field_4,1,PROTECTING,Field_4,1,MOVING_TO_FIELD,Field_4,1,MOVING_TO_FIELD,Field_4,1,MOVING_TO_FIELD,Field_4,1,MOVING_TO_FIELD,Field_4,1,MOVING_TO_FIELD,Field_4,1,MOVING_TO_FIELD,Field_4,1,MOVING_TO_FIELD,Field_4,1,MOVING_TO_FIELD,Field_1,1,MOVING_TO_FIELD,Field_1,1,MOVING_TO_FIELD,Field_1,1,MOVING_TO_FIELD,Field_1,1,MOVING_TO_FIELD,Field_6,1,MOVING_TO_FIELD,Field_6,1,MOVING_TO_FIELD,Field_9,1,MOVING_TO_FIELD,Field_9,1,PROTECTING,Field_3,1,PROTECTING,Field_3,1,MOVING_TO_FIELD,Field_7,1,MOVING_TO_FIELD,Field_7,1,PROTECTING,Field_7,1,MOVING_TO_FIELD,Field_20,48,0.11,1,7,3,23,0.09,0,0,2,0,0.08,2,0,2,16,0.13,3,7,1,14,0.05,0,6,2,22,0.04,0,2,4,8,0.05,1,2,2,17,0.11,0,0,2,0,0.07,0,2,3,93,0.29,0,0,6,65,0.28,0,0,4,29,0.06,0,0,1,8,0.12,0,0,2,63,0.14,0,0,6,93,0.25,0,0,6,48,0.09,0,0,2,52,0.15,0,0,2,72,0.00,0,0,1,1,0.06,0,0,2,8,0.12,2,5,1
291,681,0,0,7,0,33,0,1,PROTECTING,Field_20,1,PROTECTING,Field_20,1,MOVING_TO_FIELD,Field_20,1,MOVING_TO_FIELD,Field_20,1,MOVING_TO_FIELD,Field_20,1,PROTECTING,Field_20,1,MOVING_TO_FIELD,Field_1,1,MOVING_TO_FIELD,Field_1,1,PROTECTING,Field_1,1,MOVING_TO_FIELD,Field_1,1,PROTECTING,Field_5,1,MOVING_TO_FIELD,Field_5,1,MOVING_TO_FIELD,Field_5,1,MOVING_TO_FIELD,Field_5,1,MOVING_TO_FIELD,Field_5,1,MOVING_TO_FIELD,Field_5,1,MOVING_TO_FIELD,Field_7,1,MOVING_TO_FIELD,Field_7,1,PROTECTING,Field_4,1,MOVING_TO_FIELD,Field_4,1,MOVING_TO_FIELD,Field_4,1,MOVING_TO_FIELD,Field_4,1,MOVING_TO_FIELD,Field_4,1,MOVING_TO_FIELD,Field_4,1,MOVING_TO_FIELD,Field_4,1,MOVING_TO_FIELD,Field_4,1,MOVING_TO_FIELD,Field_4,1,MOVING_TO_FIELD,Field_4,1,MOVING_TO_FIELD,Field_20,1,MOVING_TO_FIELD,Field_20,1,MOVING_TO_FIELD,Field_20,1,MOVING_TO_FIELD,Field_1,1,MOVING_TO_FIELD,Field_1,1,MOVING_TO_FIELD,Field_1,1,MOVING_TO_FIELD,Field_1,1,PROTECTING,Field_3,1,MOVING_TO_FIELD,Field_3,1,MOVING_TO_FIELD,Field_8,1,MOVING_TO_FIELD,Field_8,1,MOVING_TO_FIELD,Field_2,48,0.09,1,7,3,23,0.09,0,1,2,0,0.08,1,1,3,16,0.13,1,9,3,14,0.04,1,5,1,22,0.04,0,0,4,8,0.05,0,2,3,17,0.11,0,2,2,0,0.08,0,0,3,93,0.29,0,0,6,65,0.28,0,0,4,29,0.06,0,0,1,8,0.12,0,0,2,63,0.14,0,0,6,94,0.25,0,0,6,48,0.09,0,0,2,52,0.15,0,0,2,72,0.02,0,0,1,1,0.06,0,0,2,8,0.12,3,6,0
292,682,0,0,8,0,32,0,1,PROTECTING,Field_20,1,PROTECTING,Field_20,1,MOVING_TO_FIELD,Field_20,1,MOVING_TO_FIELD,Field_20,1,MOVING_TO_FIELD,Field_20,1,PROTECTING,Field_20,1,MOVING_TO_FIELD,Field_1,1,MOVING_TO_FIELD,Field_1,1,PROTECTING,Field_1,1,PROTECTING,Field_1,1,PROTECTING,Field_5,1,MOVING_TO_FIELD,Field_5,1,MOVING_TO_FIELD,Field_5,1,MOVING_TO_FIELD,Field_5,1,MOVING_TO_FIELD,Field_5,1,MOVING_TO_FIELD,Field_5,1,MOVING_TO_FIELD,Field_7,1,MOVING_TO_FIELD,Field_7,1,PROTECTING,Field_4,1,MOVING_TO_FIELD,Field_4,1,MOVING_TO_FIELD,Field_4,1,MOVING_TO_FIELD,Field_4,1,MOVING_TO_FIELD,Field_4,1,MOVING_TO_FIELD,Field_4,1,MOVING_TO_FIELD,Field_4,1,MOVING_TO_FIELD,Field_4,1,MOVING_TO_FIELD,Field_4,1,MOVING_TO_FIELD,Field_4,1,MOVING_TO_FIELD,Field_20,1,MOVING_TO_FIELD,Field_20,1,MOVING_TO_FIELD,Field_20,1,MOVING_TO_FIELD,Field_1,1,MOVING_TO_FIELD,Field_1,1,MOVING_TO_FIELD,Field_1,1,MOVING_TO_FIELD,Field_1,1,PROTECTING,Field_3,1,MOVING_TO_FIELD,Field_3,1,MOVING_TO_FIELD,Field_8,1,MOVING_TO_FIELD,Field_8,1,MOVING_TO_FIELD,Field_2,48,0.10,2,6,2,23,0.09,0,1,2,0,0.05,1,1,3,17,0.13,1,9,3,14,0.04,1,5,1,22,0.05,0,0,4,8,0.04,0,2,3,17,0.11,0,2,2,0,0.08,0,0,3,93,0.29,0,0,6,65,0.29,0,0,4,29,0.06,0,0,1,8,0.12,0,0,2,63,0.14,0,0,6,94,0.25,0,0,6,48,0.09,0,0,2,52,0.13,0,0,2,72,0.02,0,0,1,1,0.06,0,0,2,8,0.14,3,6,0
293,682,0,0,9,0,31,0,1,PROTECTING,Field_20,1,PROTECTING,Field_20,1,MOVING_TO_FIELD,Field_20,1,MOVING_TO_FIELD,Field_20,1,MOVING_TO_FIELD,Field_20,1,PROTECTING,Field_20,1,PROTECTING,Field_1,1,MOVING_TO_FIELD,Field_1,1,PROTECTING,Field_1,1,PROTECTING,Field_1,1,PROTECTING,Field_5,1,MOVING_TO_FIELD,Field_5,1,MOVING_TO_FIELD,Field_5,1,MOVING_TO_FIELD,Field_5,1,MOVING_TO_FIELD,Field_5,1,MOVING_TO_FIELD,Field_5,1,MOVING_TO_FIELD,Field_7,1,MOVING_TO_FIELD,Field_7,1,PROTECTING,Field_4,1,MOVING_TO_FIELD,Field_4,1,MOVING_TO_FIELD,Field_4,1,MOVING_TO_FIELD,Field_4,1,MOVING_TO_FIELD,Field_4,1,MOVING_TO_FIELD,Field_4,1,MOVING_TO_FIELD,Field_4,1,MOVING_TO_FIELD,Field_4,1,MOVING_TO_FIELD,Field_4,1,MOVING_TO_FIELD,Field_4,1,MOVING_TO_FIELD,Field_20,1,MOVING_TO_FIELD,Field_20,1,MOVING_TO_FIELD,Field_20,1,MOVING_TO_FIELD,Field_1,1,MOVING_TO_FIELD,Field_1,1,MOVING_TO_FIELD,Field_1,1,MOVING_TO_FIELD,Field_1,1,PROTECTING,Field_3,1,MOVING_TO_FIELD,Field_3,1,MOVING_TO_FIELD,Field_8,1,MOVING_TO_FIELD,Field_8,1,MOVING_TO_FIELD,Field_2,48,0.09,3,5,1,23,0.10,0,1,2,0,0.05,1,1,3,17,0.14,1,9,3,14,0.04,1,5,1,22,0.05,0,0,4,8,0.05,0,2,3,17,0.10,0,2,2,0,0.09,0,0,3,93,0.31,0,0,6,65,0.28,0,0,4,29,0.12,0,0,1,8,0.12,0,0,2,63,0.15,0,0,6,94,0.23,0,0,6,48,0.10,0,0,2,52,0.13,0,0,2,72,0.02,0,0,1,1,0.06,0,0,2,8,0.14,3,6,0
294,683,0,0,10,0,30,0,1,PROTECTING,Field_20,1,PROTECTING,Field_20,1,MOVING_TO_FIELD,Field_20,1,MOVING_TO_FIELD,Field_20,1,PROTECTING,Field_20,1,PROTECTING,Field_20,1,PROTECTING,Field_1,1,MOVING_TO_FIELD,Field_1,1,PROTECTING,Field_1,1,PROTECTING,Field_1,1,PROTECTING,Field_5,1,MOVING_TO_FIELD,Field_5,1,MOVING_TO_FIELD,Field_5,1,MOVING_TO_FIELD,Field_5,1,MOVING_TO_FIELD,Field_5,1,MOVING_TO_FIELD,Field_5,1,MOVING_TO_FIELD,Field_7,1,MOVING_TO_FIELD,Field_7,1,PROTECTING,Field_4,1,MOVING_TO_FIELD,Field_4,1,MOVING_TO_FIELD,Field_4,1,MOVING_TO_FIELD,Field_4,1,MOVING_TO_FIELD,Field_4,1,MOVING_TO_FIELD,Field_4,1,MOVING_TO_FIELD,Field_4,1,MOVING_TO_FIELD,Field_4,1,MOVING_TO_FIELD,Field_4,1,MOVING_TO_FIELD,Field_4,1,MOVING_TO_FIELD,Field_20,1,MOVING_TO_FIELD,Field_20,1,MOVING_TO_FIELD,Field_20,1,MOVING_TO_FIELD,Field_1,1,MOVING_TO_FIELD,Field_1,1,MOVING_TO_FIELD,Field_1,1,MOVING_TO_FIELD,Field_1,1,PROTECTING,Field_3,1,MOVING_TO_FIELD,Field_3,1,MOVING_TO_FIELD,Field_8,1,MOVING_TO_FIELD,Field_8,1,MOVING_TO_FIELD,Field_2,48,0.08,3,5,1,23,0.10,0,1,2,0,0.05,1,1,3,17,0.14,1,9,3,14,0.04,1,5,1,22,0.05,0,0,4,8,0.04,0,2,3,17,0.10,0,2,2,0,0.09,0,0,3,93,0.31,0,0,6,65,0.28,0,0,4,29,0.09,0,0,1,8,0.12,0,0,2,63,0.14,0,0,6,95,0.22,0,0,6,48,0.10,0,0,2,52,0.13,0,0,2,72,0.02,0,0,1,1,0.05,0,0,2,8,0.14,4,5,-1
295,684,0,0,10,0,30,0,1,PROTECTING,Field_20,1,PROTECTING,Field_20,1,MOVING_TO_FIELD,Field_20,1,MOVING_TO_FIELD,Field_20,1,PROTECTING,Field_20,1,PROTECTING,Field_20,1,PROTECTING,Field_1,1,MOVING_TO_FIELD,Field_1,1,PROTECTING,Field_1,1,PROTECTING,Field_1,1,PROTECTING,Field_5,1,MOVING_TO_FIELD,Field_5,1,MOVING_TO_FIELD,Field_5,1,MOVING_TO_FIELD,Field_5,1,MOVING_TO_FIELD,Field_5,1,MOVING_TO_FIELD,Field_5,1,MOVING_TO_FIELD,Field_7,1,MOVING_TO_FIELD,Field_7,1,PROTECTING,Field_4,1,MOVING_TO_FIELD,Field_4,1,MOVING_TO_FIELD,Field_4,1,MOVING_TO_FIELD,Field_4,1,MOVING_TO_FIELD,Field_4,1,MOVING_TO_FIELD,Field_4,1,MOVING_TO_FIELD,Field_4,1,MOVING_TO_FIELD,Field_4,1,MOVING_TO_FIELD,Field_4,1,MOVING_TO_FIELD,Field_4,1,MOVING_TO_FIELD,Field_20,1,MOVING_TO_FIELD,Field_20,1,MOVING_TO_FIELD,Field_20,1,MOVING_TO_FIELD,Field_1,1,MOVING_TO_FIELD,Field_1,1,MOVING_TO_FIELD,Field_1,1,MOVING_TO_FIELD,Field_1,1,PROTECTING,Field_3,1,MOVING_TO_FIELD,Field_3,1,MOVING_TO_FIELD,Field_8,1,MOVING_TO_FIELD,Field_8,1,MOVING_TO_FIELD,Field_2,48,0.08,3,5,1,23,0.10,0,1,2,0,0.05,1,1,3,17,0.14,1,9,3,14,0.02,1,5,1,22,0.05,0,0,4,8,0.05,0,2,3,17,0.10,0,2,2,0,0.10,0,0,3,94,0.31,0,0,6,65,0.28,0,0,4,29,0.12,0,0,1,8,0.11,0,0,2,63,0.15,0,0,6,95,0.22,0,0,6,48,0.09,0,0,2,52,0.13,0,0,2,72,0.02,0,0,1,1,0.05,0,0,2,8,0.14,4,5,-1
296,686,0,0,11,0,29,0,1,PROTECTING,Field_20,1,PROTECTING,Field_20,1,MOVING_TO_FIELD,Field_20,1,MOVING_TO_FIELD,Field_20,1,PROTECTING,Field_20,1,PROTECTING,Field_20,1,PROTECTING,Field_1,1,MOVING_TO_FIELD,Field_1,1,PROTECTING,Field_1,1,PROTECTING,Field_1,1,PROTECTING,Field_5,1,MOVING_TO_FIELD,Field_5,1,PROTECTING,Field_5,1,MOVING_TO_FIELD,Field_5,1,MOVING_TO_FIELD,Field_5,1,MOVING_TO_FIELD,Field_5,1,MOVING_TO_FIELD,Field_7,1,MOVING_TO_FIELD,Field_7,1,PROTECTING,Field_4,1,MOVING_TO_FIELD,Field_4,1,MOVING_TO_FIELD,Field_4,1,MOVING_TO_FIELD,Field_4,1,MOVING_TO_FIELD,Field_4,1,MOVING_TO_FIELD,Field_4,1,MOVING_TO_FIELD,Field_4,1,MOVING_TO_FIELD,Field_4,1,MOVING_TO_FIELD,Field_4,1,MOVING_TO_FIELD,Field_4,1,MOVING_TO_FIELD,Field_20,1,MOVING_TO_FIELD,Field_20,1,MOVING_TO_FIELD,Field_20,1,MOVING_TO_FIELD,Field_1,1,MOVING_TO_FIELD,Field_1,1,MOVING_TO_FIELD,Field_1,1,MOVING_TO_FIELD,Field_1,1,PROTECTING,Field_3,1,MOVING_TO_FIELD,Field_3,1,MOVING_TO_FIELD,Field_8,1,MOVING_TO_FIELD,Field_8,1,MOVING_TO_FIELD,Field_2,48,0.08,3,5,1,23,0.10,0,1,2,0,0.06,1,1,3,17,0.13,1,9,3,14,0.02,2,4,0,22,0.05,0,0,4,8,0.05,0,2,3,17,0.10,0,2,2,0,0.08,0,0,3,94,0.32,0,0,6,65,0.26,0,0,4,29,0.12,0,0,1,9,0.12,0,0,2,63,0.17,0,0,6,95,0.22,0,0,6,48,0.09,0,0,2,53,0.13,0,0,2,72,0.02,0,0,1,1,0.05,0,0,2,8,0.14,4,5,-1
297,688,0,0,13,0,27,0,1,PROTECTING,Field_20,1,PROTECTING,Field_20,1,MOVING_TO_FIELD,Field_20,1,MOVING_TO_FIELD,Field_20,1,PROTECTING,Field_20,1,PROTECTING,Field_20,1,PROTECTING,Field_1,1,MOVING_TO_FIELD,Field_1,1,PROTECTING,Field_1,1,PROTECTING,Field_1,1,PROTECTING,Field_5,1,MOVING_TO_FIELD,Field_5,1,PROTECTING,Field_5,1,MOVING_TO_FIELD,Field_5,1,PROTECTING,Field_5,1,MOVING_TO_FIELD,Field_5,1,MOVING_TO_FIELD,Field_7,1,MOVING_TO_FIELD,Field_7,1,PROTECTING,Field_4,1,MOVING_TO_FIELD,Field_4,1,MOVING_TO_FIELD,Field_4,1,MOVING_TO_FIELD,Field_4,1,MOVING_TO_FIELD,Field_4,1,MOVING_TO_FIELD,Field_4,1,MOVING_TO_FIELD,Field_4,1,MOVING_TO_FIELD,Field_4,1,MOVING_TO_FIELD,Field_4,1,MOVING_TO_FIELD,Field_4,1,MOVING_TO_FIELD,Field_20,1,MOVING_TO_FIELD,Field_20,1,MOVING_TO_FIELD,Field_20,1,MOVING_TO_FIELD,Field_1,1,MOVING_TO_FIELD,Field_1,1,MOVING_TO_FIELD,Field_1,1,MOVING_TO_FIELD,Field_1,1,PROTECTING,Field_3,1,MOVING_TO_FIELD,Field_3,1,MOVING_TO_FIELD,Field_8,1,PROTECTING,Field_8,1,MOVING_TO_FIELD,Field_2,48,0.08,3,5,1,23,0.10,0,1,2,0,0.06,1,1,3,17,0.14,1,9,3,14,0.04,3,3,-1,22,0.05,0,0,4,8,0.05,0,2,3,17,0.10,1,1,1,0,0.09,0,0,3,95,0.33,0,0,6,65,0.28,0,0,4,29,0.12,0,0,1,10,0.11,0,0,2,63,0.17,0,0,6,95,0.22,0,0,6,48,0.09,0,0,2,53,0.13,0,0,2,72,0.02,0,0,1,1,0.05,0,0,2,8,0.12,4,5,-1
298,690,0,0,14,0,26,0,1,PROTECTING,Field_20,1,PROTECTING,Field_20,1,MOVING_TO_FIELD,Field_20,1,MOVING_TO_FIELD,Field_20,1,PROTECTING,Field_20,1,PROTECTING,Field_20,1,PROTECTING,Field_1,1,PROTECTING,Field_1,1,PROTECTING,Field_1,1,PROTECTING,Field_1,1,PROTECTING,Field_5,1,MOVING_TO_FIELD,Field_5,1,PROTECTING,Field_5,1,MOVING_TO_FIELD,Field_5,1,PROTECTING,Field_5,1,MOVING_TO_FIELD,Field_5,1,MOVING_TO_FIELD,Field_7,1,MOVING_TO_FIELD,Field_7,1,PROTECTING,Field_4,1,MOVING_TO_FIELD,Field_4,1,MOVING_TO_FIELD,Field_4,1,MOVING_TO_FIELD,Field_4,1,MOVING_TO_FIELD,Field_4,1,MOVING_TO_FIELD,Field_4,1,MOVING_TO_FIELD,Field_4,1,MOVING_TO_FIELD,Field_4,1,MOVING_TO_FIELD,Field_4,1,MOVING_TO_FIELD,Field_4,1,MOVING_TO_FIELD,Field_20,1,MOVING_TO_FIELD,Field_20,1,MOVING_TO_FIELD,Field_20,1,MOVING_TO_FIELD,Field_1,1,MOVING_TO_FIELD,Field_1,1,MOVING_TO_FIELD,Field_1,1,MOVING_TO_FIELD,Field_1,1,PROTECTING,Field_3,1,MOVING_TO_FIELD,Field_3,1,MOVING_TO_FIELD,Field_8,1,PROTECTING,Field_8,1,MOVING_TO_FIELD,Field_2,48,0.07,4,4,0,23,0.10,0,1,2,0,0.06,1,1,3,17,0.13,1,9,3,14,0.04,3,3,-1,22,0.05,0,0,4,8,0.04,0,2,3,17,0.10,1,1,1,0,0.07,0,0,3,95,0.34,0,0,6,65,0.28,0,0,4,29,0.12,0,0,1,10,0.11,0,0,2,63,0.17,0,0,6,96,0.21,0,0,6,49,0.09,0,0,2,53,0.13,0,0,2,72,0.02,0,0,1,1,0.02,0,0,2,8,0.12,4,5,-1
299,692,0,0,16,0,24,0,1,PROTECTING,Field_20,1,PROTECTING,Field_20,1,MOVING_TO_FIELD,Field_20,1,MOVING_TO_FIELD,Field_20,1,PROTECTING,Field_20,1,PROTECTING,Field_20,1,PROTECTING,Field_1,1,PROTECTING,Field_1,1,PROTECTING,Field_1,1,PROTECTING,Field_1,1,PROTECTING,Field_5,1,MOVING_TO_FIELD,Field_5,1,PROTECTING,Field_5,1,PROTECTING,Field_5,1,PROTECTING,Field_5,1,MOVING_TO_FIELD,Field_5,1,MOVING_TO_FIELD,Field_7,1,MOVING_TO_FIELD,Field_7,1,PROTECTING,Field_4,1,MOVING_TO_FIELD,Field_4,1,MOVING_TO_FIELD,Field_4,1,MOVING_TO_FIELD,Field_4,1,MOVING_TO_FIELD,Field_4,1,MOVING_TO_FIELD,Field_4,1,MOVING_TO_FIELD,Field_4,1,MOVING_TO_FIELD,Field_4,1,MOVING_TO_FIELD,Field_4,1,MOVING_TO_FIELD,Field_4,1,MOVING_TO_FIELD,Field_20,1,MOVING_TO_FIELD,Field_20,1,MOVING_TO_FIELD,Field_20,1,PROTECTING,Field_1,1,MOVING_TO_FIELD,Field_1,1,MOVING_TO_FIELD,Field_1,1,MOVING_TO_FIELD,Field_1,1,PROTECTING,Field_3,1,MOVING_TO_FIELD,Field_3,1,MOVING_TO_FIELD,Field_8,1,PROTECTING,Field_8,1,MOVING_TO_FIELD,Field_2,48,0.07,5,3,-1,24,0.10,0,1,2,0,0.07,1,1,3,17,0.14,1,9,3,14,0.04,4,2,-2,22,0.07,0,0,4,8,0.05,0,2,3,17,0.10,1,1,1,0,0.08,0,0,3,96,0.34,0,0,6,65,0.26,0,0,4,29,0.12,0,0,1,10,0.11,0,0,2,63,0.18,0,0,6,96,0.21,0,0,6,49,0.09,0,0,2,53,0.13,0,0,2,72,0.00,0,0,1,1,0.02,0,0,2,8,0.10,4,5,-1
300,694,0,0,16,0,24,0,1,PROTECTING,Field_20,1,PROTECTING,Field_20,1,MOVING_TO_FIELD,Field_20,1,MOVING_TO_FIELD,Field_20,1,PROTECTING,Field_20,1,PROTECTING,Field_20,1,PROTECTING,Field_1,1,PROTECTING,Field_1,1,PROTECTING,Field_1,1,PROTECTING,Field_1,1,PROTECTING,Field_5,1,MOVING_TO_FIELD,Field_5,1,PROTECTING,Field_5,1,PROTECTING,Field_5,1,PROTECTING,Field_5,1,MOVING_TO_FIELD,Field_5,1,MOVING_TO_FIELD,Field_7,1,MOVING_TO_FIELD,Field_7,1,PROTECTING,Field_4,1,MOVING_TO_FIELD,Field_4,1,MOVING_TO_FIELD,Field_4,1,MOVING_TO_FIELD,Field_4,1,MOVING_TO_FIELD,Field_4,1,MOVING_TO_FIELD,Field_4,1,MOVING_TO_FIELD,Field_4,1,MOVING_TO_FIELD,Field_4,1,MOVING_TO_FIELD,Field_4,1,MOVING_TO_FIELD,Field_4,1,MOVING_TO_FIELD,Field_20,1,MOVING_TO_FIELD,Field_20,1,MOVING_TO_FIELD,Field_20,1,PROTECTING,Field_1,1,MOVING_TO_FIELD,Field_1,1,MOVING_TO_FIELD,Field_1,1,MOVING_TO_FIELD,Field_1,1,PROTECTING,Field_3,1,MOVING_TO_FIELD,Field_3,1,MOVING_TO_FIELD,Field_8,1,PROTECTING,Field_8,1,MOVING_TO_FIELD,Field_2,48,0.07,5,3,-1,25,0.11,0,1,2,0,0.07,1,1,3,17,0.16,1,9,3,14,0.04,4,2,-2,22,0.07,0,0,4,8,0.05,0,2,3,17,0.10,1,1,1,0,0.08,0,0,3,96,0.35,0,0,6,66,0.26,0,0,4,29,0.09,0,0,1,10,0.11,0,0,2,63,0.18,0,0,6,96,0.21,0,0,6,49,0.07,0,0,2,53,0.13,0,0,2,72,0.00,0,0,1,1,0.02,0,0,2,8,0.10,4,5,-1
